Num_Acc,jour,mois,an,hr,condition_eclairage,departement,commune,condition_agglomeration,intersection,condition_atmosphere,type_collision,adresse,lattitude,longitude
201300000624,31,12,2013,4,5,76,627,2,1,2,6,ROUTE DE LILLEBONNE,49.53026,0.48948
201300000625,5,1,2013,14,1,76,303,1,2,2,3,R DE LA BRULERIE,49.5536,0.35025
201300000626,10,1,2013,13,1,76,647,1,3,2,5,,49.54264,0.38573
201300000627,12,2,2013,10,2,76,533,1,1,3,6,RTE INDUSTRIELLE,49.47915,0.2598
201300000628,20,6,2013,23,3,76,647,1,1,2,5,,49.52802,0.33755
201300000629,8,7,2013,14,1,76,303,1,1,1,3,,49.54373,0.35387
201300000630,29,7,2013,13,1,76,647,2,1,1,6,"13, R DUBOIS",49.53158,0.35305
201300000631,8,9,2013,11,1,76,303,1,1,1,3,,49.56093,0.37468
201300000632,7,10,2013,17,1,76,303,2,6,1,3,D31/D80,49.55452,0.36336
201300000633,21,10,2013,17,1,76,684,1,2,1,3,,49.4753,0.45861
201300000634,3,11,2013,5,3,76,657,1,1,2,6,,49.48721,0.31413
201300000635,13,12,2013,4,3,76,563,1,2,2,6,,49.52592,0.33004
201300000636,9,7,2013,19,1,76,487,1,3,1,3,,49.78283,1.28404
201300000637,14,8,2013,16,1,76,262,1,1,1,1,,49.78644,1.50403
201300000638,24,10,2013,19,3,76,649,1,1,8,7,,49.68095,1.50275
201300000639,26,10,2013,5,3,76,677,1,1,1,7,,49.83659,1.48866
201300000640,23,11,2013,15,1,76,462,2,1,1,6,ZONE INDUSTRIELLE,49.72903,1.43537
201300000641,30,11,2013,7,3,76,427,1,1,9,1,,49.75163,1.40545
201300000642,20,12,2013,17,2,76,147,2,2,1,1,1170 ROUTE DE PARIS,49.71267,1.35133
201300000643,16,1,2013,7,2,76,460,2,1,9,6,CD116,49.9017,1.66349
201300000644,3,4,2013,19,2,76,500,1,1,1,1,Hameau La Folie,49.87516,1.64312
201300000645,12,6,2013,8,1,76,527,1,1,1,7,,49.7976,1.67397
201300000646,30,11,2013,17,2,76,278,2,1,1,6,R CHARLES DESJONQUIERES,49.84997,1.57007
201300000647,7,12,2013,16,2,76,372,1,2,2,5,,49.74997,1.61644
201300000648,30,5,2013,16,1,76,532,1,2,1,3,,49.61613,1.3161
201300000649,17,6,2013,9,1,76,276,2,3,2,6,,49.6109,1.54667
201300000650,30,6,2013,18,1,76,532,1,4,1,1,,49.61295,1.32596
201300000651,5,8,2013,19,1,76,420,1,1,1,1,,49.5932,1.45016
201300000652,8,8,2013,14,1,76,276,2,3,1,3,"15 bis, R DE LA LIBERATI",49.61239,1.5479
201300000653,3,9,2013,13,1,76,578,1,1,1,1,,49.65128,1.42001
201300000654,8,11,2013,11,1,76,691,1,1,2,6,,49.63499,1.59125
201300000655,13,10,2013,19,3,76,345,1,1,3,1,,49.58685,1.68442
201300000656,16,12,2013,6,2,76,648,1,1,1,6,,49.65884,1.2404
201300000657,12,12,2013,14,1,76,432,1,1,8,3,,49.65646,1.51941
201300000658,15,6,2013,19,1,76,67,1,1,1,1,,49.46601,1.62911
201300000659,11,10,2013,13,1,76,312,2,1,1,6,BD MONTMORENCY,49.48058,1.72358
201300000660,6,12,2013,17,3,76,229,1,4,1,6,,49.49317,1.67262
201300000661,6,12,2013,20,3,76,208,1,1,8,6,,49.51014,1.70788
201300000662,10,2,2013,15,1,76,718,1,1,4,1,,49.61584,0.7006
201300000663,8,3,2013,20,3,76,223,1,2,8,3,,49.62081,0.82471
201300000664,27,5,2013,14,1,76,718,1,3,1,3,,49.62703,0.73191
201300000665,29,9,2013,17,1,76,758,2,2,1,1,"45, R DES CHAMPS",49.62439,0.74998
201300000666,17,2,2013,15,1,76,57,1,1,1,3,,49.5579,0.94879
201300000667,19,3,2013,14,1,76,289,2,1,1,3,CD 20 PK 15+800,49.57125,0.83469
201300000668,23,3,2013,20,3,76,135,1,1,1,6,CD 22,49.56391,0.90674
201300000669,12,4,2013,9,1,76,57,2,1,1,6,"60, AV ARISTIDE BRIAND",49.54004,0.9568
201300000670,22,5,2013,10,1,76,135,2,1,1,6,,49.57271,0.90497
201300000671,16,7,2013,13,1,76,57,2,3,1,3,AV VICTOR HUGO,49.54695,0.95248
201300000672,19,7,2013,7,1,76,57,2,3,7,6,R DU GENERAL GIRAUD,49.54554,0.95316
201300000673,24,7,2013,16,1,76,495,2,1,1,6,RUE DE L HOSPICE,49.56356,0.95619
201300000674,3,8,2013,18,1,76,99,1,3,1,3,,49.55183,0.84948
201300000675,26,9,2013,10,1,76,57,2,3,2,1,R SAINT HELLIER,49.54498,0.95755
201300000676,26,9,2013,13,1,76,385,2,1,1,1,RTE DE YERVILLE,49.61747,0.92372
201300000677,21,11,2013,12,1,76,433,2,1,1,6,RD 6015,49.59171,0.87368
201300000678,13,1,2013,18,3,76,159,1,4,2,6,,49.76637,0.65415
201300000679,23,1,2013,14,1,76,664,1,1,1,3,,49.78975,0.67717
201300000680,1,6,2013,2,5,76,655,2,1,1,6,,49.86339,0.72612
201300000681,31,8,2013,0,3,76,365,1,2,1,1,,49.81061,0.78841
201300000682,1,1,2013,10,1,76,13,1,2,1,3,,49.77716,0.48766
201300000683,12,1,2013,12,1,76,755,1,2,1,3,,49.67696,0.51457
201300000684,5,4,2013,16,1,76,240,1,1,2,1,,49.71738,0.36646
201300000685,20,5,2013,19,2,76,68,1,1,2,6,,49.71531,0.42177
201300000686,2,6,2013,13,1,76,529,1,1,1,1,,49.72065,0.54248
201300000687,16,6,2013,15,1,76,680,2,1,1,6,RTE DU CHATEAU,49.70411,0.55243
201300000688,10,8,2013,10,1,76,291,1,2,1,3,,49.718,0.34383
201300000689,1,10,2013,14,1,76,187,1,1,1,1,,49.72054,0.44544
201300000690,5,3,2013,19,2,76,456,1,3,1,5,,49.64925,0.85088
201300000691,2,8,2013,15,1,76,10,1,2,1,3,,49.65444,0.95894
201300000692,8,12,2013,20,3,76,385,1,2,1,6,,49.62899,0.90374
201300000693,25,4,2013,15,1,27,287,1,1,1,7,,48.584,1.00099
201300000694,7,7,2013,18,1,27,238,1,1,1,7,,0.0,0.0
201300000695,8,7,2013,9,1,27,99,2,2,1,3,1 route de louviers,0.0,0.0
201300000696,27,7,2013,18,1,27,165,1,1,1,7,,48.572,0.565
201300000697,3,9,2013,10,1,27,165,1,1,1,3,,0.0,0.0
201300000698,26,9,2013,19,2,27,504,1,1,1,3,,0.0,0.0
201300000699,8,10,2013,21,3,27,165,1,1,1,3,,0.0,0.0
201300000700,21,9,2013,10,1,27,165,2,1,1,1,,0.0,0.0
201300000701,12,2,2013,8,1,27,507,2,1,2,6,rue de melleville,0.0,0.0
201300000702,26,4,2013,15,1,27,278,2,1,8,6,rue de l'ob?lisque D163,48.917,1.407
201300000703,4,5,2013,14,1,27,183,1,1,1,2,,48.524,1.243
201300000704,14,5,2013,17,1,27,507,2,2,1,3,rue de Quessigny,48.915,1.278
201300000705,14,7,2013,3,3,27,183,1,1,1,6,,48.888,1.408
201300000706,6,8,2013,19,1,27,421,1,1,1,6,,0.0,0.0
201300000707,17,9,2013,18,1,27,27,1,2,2,3,,48.915,1.242
201300000708,25,9,2013,12,1,27,478,1,1,1,3,,48.988,1.263
201300000709,1,10,2013,22,3,27,144,2,1,2,6,Hameau d'Osmoy,48.867,1.273
201300000710,18,12,2013,20,3,27,183,1,1,1,1,,0.0,0.0
201300000711,14,1,2013,23,3,27,503,1,1,2,7,,48.532,1.042
201300000712,11,3,2013,17,1,27,293,1,1,4,5,,48.511,1.02
201300000713,23,7,2013,11,1,27,181,1,2,1,3,,48.81,1.271
201300000714,28,7,2013,20,1,27,438,1,1,2,3,,48.771,1.221
201300000715,4,10,2013,18,1,27,181,1,1,1,3,,48.817,1.28
201300000716,26,11,2013,7,5,27,423,2,1,1,6,Rte de NONANCOURT - CD50,0.0,0.0
201300000717,29,11,2013,7,5,27,198,2,3,1,3,route de verneuil,0.0,0.0
201300000718,8,6,2013,22,5,27,119,2,1,1,1,50 GRANDE RUE,48.555,1.262
201300000719,23,10,2013,19,5,27,448,2,1,1,3,rue isambard,0.0,0.0
201300000720,12,1,2013,21,3,27,508,1,1,1,7,,48.5,0.4
201300000721,3,2,2013,0,3,27,108,1,1,1,2,,48.445,0.472
201300000722,5,4,2013,13,1,27,578,1,1,4,1,,48.472,0.552
201300000723,4,6,2013,22,2,27,643,2,1,1,7,c?te de verneuil,48.452,1.032
201300000724,10,6,2013,10,1,27,685,1,2,1,3,,48.545,0.435
201300000725,25,6,2013,7,1,27,265,2,3,1,3,rue des trois ponts,48.474,0.504
201300000726,14,7,2013,23,2,27,643,1,1,1,7,,48.79,1.018
201300000727,13,7,2013,6,2,27,679,1,1,1,6,,48.722,0.923
201300000728,10,9,2013,11,1,27,383,1,1,1,3,,48.749,0.833
201300000729,15,10,2013,15,1,27,481,1,1,1,6,,0.0,0.0
201300000730,28,12,2013,11,1,27,685,1,1,1,1,,48.924,0.75
201300000731,20,3,2013,5,3,27,16,1,1,2,1,,49.151,1.282
201300000732,20,6,2013,14,1,27,16,1,1,1,7,,49.193,1.311
201300000733,3,9,2013,16,1,27,315,1,1,1,2,,0.0,0.0
201300000734,12,1,2013,13,1,27,122,1,1,2,6,,49.122,1.353
201300000735,23,2,2013,20,3,27,213,1,1,1,3,,49.075,1.355
201300000736,1,5,2013,2,3,27,72,1,1,1,6,,49.054,1.325
201300000737,12,7,2013,8,1,27,197,1,1,1,1,,49.169,1.653
201300000738,16,8,2013,2,5,27,477,2,1,1,6,rue Harel,0.0,0.0
201300000739,16,8,2013,20,1,27,449,1,2,7,3,,49.266,1.88
201300000740,30,9,2013,5,3,27,644,1,1,1,1,,0.0,0.0
201300000741,21,10,2013,17,1,27,128,1,1,1,3,,0.0,0.0
201300000742,7,12,2013,13,1,27,285,1,1,8,6,,0.0,0.0
201300000743,3,3,2013,19,3,27,214,1,2,1,3,,49.183,1.234
201300000744,16,6,2013,16,1,27,294,1,1,1,7,,0.0,0.0
201300000745,2,8,2013,11,1,27,454,1,1,1,6,,49.254,1.22
201300000746,1,9,2013,7,1,27,151,2,1,1,1,grande rue,0.0,0.0
201300000747,18,9,2013,7,1,27,366,1,1,2,3,,0.0,0.0
201300000748,6,10,2013,16,1,27,377,1,1,1,6,,0.0,0.0
201300000749,16,12,2013,17,3,27,487,1,1,1,6,,0.0,0.0
201300000750,5,5,2013,2,3,27,533,1,1,1,6,,0.0,0.0
201300000751,13,7,2013,19,1,27,59,1,1,1,3,,0.0,0.0
201300000752,2,8,2013,18,1,27,392,1,1,1,6,,0.0,0.0
201300000753,4,9,2013,17,1,27,226,1,1,1,1,,0.0,0.0
201300000754,15,9,2013,15,1,27,437,1,1,1,6,,0.0,0.0
201300000755,8,10,2013,20,3,27,632,1,1,8,6,,0.0,0.0
201300000756,18,10,2013,13,1,27,372,1,2,1,3,,0.0,0.0
201300000757,10,12,2013,13,1,27,226,1,1,1,1,,0.0,0.0
201300000758,13,5,2013,6,1,27,179,1,1,1,7,,49.071,0.325
201300000759,26,6,2013,21,1,27,149,1,1,1,6,,49.124,0.444
201300000760,24,3,2013,6,3,27,296,1,1,1,6,,49.024,0.391
201300000761,8,5,2013,10,1,27,74,1,1,1,1,,49.091,0.375
201300000762,17,5,2013,20,1,27,433,1,2,2,1,,49.115,0.365
201300000763,20,5,2013,20,1,27,628,1,1,2,6,,48.581,0.442
201300000764,12,7,2013,16,1,27,95,1,1,1,7,,0.0,0.0
201300000765,25,7,2013,18,1,27,131,1,1,1,3,,49.075,0.401
201300000766,26,7,2013,8,1,27,515,1,1,2,3,,49.025,0.41
201300000767,16,11,2013,10,4,27,444,1,1,5,6,,0.0,0.0
201300000768,7,4,2013,16,1,27,15,2,1,1,1,ROUTE DE MUIDS,49.135,1.144
201300000769,11,5,2013,10,1,27,3,1,1,1,6,,49.095,1.091
201300000770,8,6,2013,16,1,27,598,2,1,1,7,rue du foss? cav?,49.14,1.131
201300000771,5,7,2013,14,1,27,14,1,1,1,1,,0.0,0.0
201300000772,14,3,2013,18,2,27,517,1,1,1,6,,49.072,1.184
201300000773,18,6,2013,20,1,27,676,1,1,1,1,,49.115,1.18
201300000774,30,6,2013,12,1,27,517,1,1,1,1,,49.08,1.184
201300000775,9,10,2013,15,1,27,275,2,1,8,2,Avenue Mar?chal Leclerc,0.0,0.0
201300000776,6,12,2013,18,5,27,275,2,6,1,3,Avenue de l'europe,0.0,0.0
201300000777,7,12,2013,19,5,27,687,2,1,1,2,Route nationale 15,0.0,0.0
201300000778,3,3,2013,12,1,27,188,1,1,1,6,,49.18,1.04499
201300000779,1,7,2013,9,1,27,458,1,1,1,2,,0.0,0.0
201300000780,27,8,2013,8,1,27,458,1,1,1,1,,49.193,1.13
201300000781,22,11,2013,8,2,27,348,1,1,1,6,,0.0,0.0
201300000782,13,5,2013,21,2,27,654,1,1,1,7,,49.13,0.535
201300000783,17,5,2013,16,1,27,428,2,2,1,3,rue de la paix,49.09,0.541
201300000784,14,7,2013,18,1,27,185,1,1,1,6,,0.0,0.0
201300000785,28,6,2013,14,1,27,101,1,1,8,6,,49.232,0.273
201300000786,8,7,2013,18,1,27,518,1,1,1,2,,0.0,0.0
201300000787,14,7,2013,15,1,27,174,1,1,1,7,,0.0,0.0
201300000788,18,7,2013,15,1,27,467,2,1,1,1,Rue Saint Ulfrant,0.0,0.0
201300000789,27,7,2013,14,1,27,646,1,1,3,1,,49.211,0.222
201300000790,6,8,2013,16,1,27,597,1,2,1,3,,0.0,0.0
201300000791,17,9,2013,17,1,27,597,1,1,3,1,,0.0,0.0
201300000792,6,10,2013,12,1,27,107,2,1,1,6,place de la mairie,0.0,0.0
201300000793,11,10,2013,8,1,27,174,1,1,2,3,,0.0,0.0
201300000794,23,11,2013,17,2,27,563,1,1,2,1,,0.0,0.0
201300000795,29,11,2013,11,1,27,107,2,1,1,6,Route de Trouville,0.0,0.0
201300000796,5,12,2013,19,5,27,467,2,1,2,3,90 route de Rouen,0.0,0.0
201300000797,2,1,2013,17,3,27,102,1,1,2,1,,49.357,0.789
201300000798,8,1,2013,17,2,27,105,1,1,8,1,,49.28,0.882
201300000799,14,4,2013,10,1,27,637,1,1,1,7,,49.185,0.504
201300000800,17,4,2013,7,1,27,105,1,1,1,3,,49.184,0.533
201300000801,15,5,2013,7,1,27,580,1,3,1,3,,49.205,0.554
201300000802,1,6,2013,23,5,27,102,1,1,2,7,,49.214,0.463
201300000803,3,6,2013,17,1,27,103,2,1,1,1,ROUTE DE ROUEN,49.212,0.491
201300000804,13,6,2013,7,1,27,105,2,1,1,3,PLACE JACQUES RAFFIN,49.175,0.552
201300000805,29,6,2013,18,1,27,90,1,1,1,3,,49.174,0.561
201300000806,8,8,2013,17,1,27,105,1,9,1,1,,0.0,0.0
201300000807,9,8,2013,12,1,27,103,1,1,1,3,,49.204,0.492
201300000808,22,10,2013,10,1,27,103,1,1,1,1,,0.0,0.0
201300000809,30,10,2013,18,3,27,316,1,3,1,3,,0.0,0.0
201300000810,13,12,2013,14,1,27,62,1,2,8,3,,0.0,0.0
201300000811,17,3,2013,16,1,27,18,1,1,2,6,,49.315,0.661
201300000812,18,5,2013,20,1,27,269,1,2,2,3,,49.209,0.49
201300000813,24,7,2013,19,2,27,587,1,1,3,2,,0.0,0.0
201300000814,15,10,2013,13,1,27,170,2,1,1,1,rue torse rue,0.0,0.0
201300000815,9,8,2013,4,3,35,47,2,6,1,6,D44 rond point,0.0,0.0
201300000816,25,9,2013,17,1,35,363,1,1,1,1,Chemin de la vigne,48.01133,-1.71441
201300000817,9,10,2013,19,3,35,47,1,6,1,3,,48.06204,-1.75527
201300000818,12,4,2013,13,1,35,326,2,1,1,6,Avenue Philippe de Volvi,48.33251,-1.53555
201300000819,9,9,2013,15,3,35,195,1,1,1,6,,0.0,0.0
201300000820,1,11,2013,18,3,35,146,1,1,5,2,,48.24646,-1.82123
201300000821,2,11,2013,20,3,35,355,1,1,8,6,,48.3403,-1.47898
201300000822,20,12,2013,18,3,35,94,1,2,1,1,,48.354,-1.778
201300000823,31,10,2013,9,1,35,1,1,3,1,3,,0.0,0.0
201300000824,11,12,2013,8,2,35,152,1,1,9,6,,48.23988,-1.54692
201300000825,9,1,2013,15,1,35,234,1,1,2,3,,48.22652,-2.17695
201300000826,28,9,2013,6,3,35,184,1,1,1,7,,48.18917,-2.0352
201300000827,23,12,2013,17,3,35,117,1,1,3,1,,48.16006,-2.21174
201300000828,22,8,2013,16,1,35,223,1,1,1,3,,48.00409,-2.0858
201300000829,21,9,2013,0,5,35,223,2,1,1,6,LE GUE,48.006,-2.11
201300000830,15,10,2013,7,4,35,188,2,1,2,6,16 rue Saint Nicolas,48.13783,-1.95399
201300000831,29,10,2013,16,1,35,188,2,9,7,6,Rue de Saint Nicolas,48.143,-1.956
201300000832,19,3,2013,12,1,35,196,2,6,1,6,BARREAU EST,48.07847,-1.8343
201300000833,13,4,2013,12,1,35,196,2,9,1,6,,48.07116,-1.84938
201300000834,22,7,2013,7,1,35,240,1,4,1,7,,48.09853,-1.7577
201300000835,26,10,2013,23,3,35,240,1,1,3,2,,48.09748,-1.75862
201300000836,13,11,2013,11,1,35,76,1,1,7,1,,48.06375,-1.79052
201300000837,3,12,2013,19,3,35,240,1,1,1,1,,0.0,0.0
201300000838,12,1,2013,16,1,35,100,1,2,1,3,,48.27713,-1.15117
201300000839,20,4,2013,14,1,35,137,1,3,1,6,Les Fontaines,48.31125,-1.179
201300000840,14,6,2013,18,1,35,243,1,1,1,1,,48.35821,-1.24692
201300000841,25,6,2013,12,1,35,137,1,1,1,1,,48.30619,-1.16874
201300000842,9,9,2013,14,1,35,163,1,1,1,6,,48.28997,-1.15625
201300000843,29,1,2013,18,3,35,178,1,1,2,5,,48.30884,-1.46887
201300000844,6,3,2013,14,1,35,267,1,1,2,3,,48.3715,-1.32879
201300000845,14,4,2013,14,1,35,257,1,1,1,3,,48.41597,-1.36058
201300000846,30,5,2013,11,1,35,178,1,1,3,7,,48.2793,-1.42748
201300000847,26,6,2013,15,1,35,304,1,1,1,1,,48.31289,-1.42958
201300000848,25,7,2013,13,1,35,257,2,1,1,3,rue Joseph Tronchot,48.41086,-1.36642
201300000849,23,8,2013,17,1,35,293,1,2,1,3,,48.30203,-1.35744
201300000850,30,8,2013,13,1,35,304,1,1,1,1,,48.32035,-1.42812
201300000851,20,9,2013,20,3,35,253,1,2,1,3,,48.25622,-1.4119
201300000852,27,9,2013,0,5,35,253,1,1,1,7,,0.0,0.0
201300000853,23,10,2013,15,1,35,19,2,1,1,3,le lion d'or,0.0,0.0
201300000854,25,10,2013,20,3,35,282,1,1,1,6,,0.0,0.0
201300000855,27,10,2013,9,2,35,242,1,1,1,6,,0.0,0.0
201300000856,2,12,2013,9,1,35,191,1,1,1,7,,48.455,-1.29526
201300000857,23,12,2013,18,3,35,11,1,1,3,6,,48.38337,-1.37412
201300000858,26,5,2013,19,1,35,64,2,1,1,6,Grande rue,47.698,-1.89376
201300000859,1,7,2013,10,1,35,237,1,2,1,3,,47.71863,-1.97317
201300000860,6,7,2013,12,1,35,236,2,2,1,6,rue des douves,47.65079,-2.08602
201300000861,30,8,2013,20,1,35,236,2,1,1,1,rue de cour?e,47.67111,-2.08768
201300000862,14,10,2013,18,1,35,237,1,1,1,1,,47.71531,-1.98002
201300000863,8,11,2013,17,1,35,13,1,2,3,5,,47.70661,-2.05413
201300000864,18,3,2013,18,2,35,343,1,1,1,6,,0.0,0.0
201300000865,12,5,2013,18,1,35,322,1,1,1,5,,47.90711,-1.59859
201300000866,13,5,2013,17,1,35,343,1,1,1,2,,47.89249,-1.54332
201300000867,15,5,2013,17,1,35,249,1,1,1,6,,47.74116,-1.81135
201300000868,16,6,2013,23,3,35,12,1,1,2,6,,47.81961,-1.7239
201300000869,21,7,2013,12,1,35,12,2,1,7,1,rue sabin,0.0,0.0
201300000870,12,9,2013,17,1,35,321,1,4,1,2,,47.9189,-1.57068
201300000871,6,11,2013,21,3,35,221,2,1,2,6,rue du sapin,47.88782,-1.74654
201300000872,13,4,2013,0,4,35,126,1,6,1,6,,47.97401,-1.81377
201300000873,25,4,2013,7,1,35,312,1,1,1,2,,47.91044,-1.79525
201300000874,9,5,2013,15,1,35,312,1,1,1,1,,47.9166,-1.80454
201300000875,25,6,2013,7,1,35,123,1,2,1,1,,48.03268,-1.81108
201300000876,3,9,2013,13,1,35,127,1,1,1,1,,47.8907,-1.86935
201300000877,22,11,2013,14,1,35,126,2,9,1,3,D 131 - PONT REAN,0.0,0.0
201300000878,5,3,2013,21,5,35,160,1,1,1,6,,47.93844,-2.08189
201300000879,2,6,2013,19,1,35,45,1,1,7,1,,47.79562,-2.00788
201300000880,1,7,2013,16,1,35,155,1,1,1,6,,0.0,0.0
201300000881,25,6,2013,4,3,35,328,1,1,1,3,,47.77821,-2.06557
201300000882,16,7,2013,18,1,35,219,1,1,1,4,,0.0,0.0
201300000883,6,10,2013,7,3,35,129,1,1,1,6,,47.83629,-1.8831
201300000884,6,11,2013,18,2,35,160,1,2,2,3,,47.94665,-2.06737
201300000885,8,11,2013,7,3,35,168,1,1,3,6,,47.9237,-2.07623
201300000886,12,12,2013,19,2,35,129,2,1,1,6,Avenue du port,0.0,0.0
201300000887,26,1,2013,8,1,35,49,2,6,1,2,LES PETITES CROIX,48.67837,-1.86029
201300000888,9,8,2013,18,1,35,122,1,4,1,1,Lieu dit Les Prous,48.59056,-1.9043
201300000889,17,10,2013,14,1,35,255,2,1,1,3,28 rue du bord de mer,48.61994,-1.85137
201300000890,12,1,2013,17,3,35,308,1,1,1,6,,0.0,0.0
201300000891,17,1,2013,18,5,35,85,2,1,1,3,Rue de la Lib?ration,48.416,-1.745
201300000892,17,5,2013,18,1,35,225,1,1,1,1,,48.43519,-1.94063
201300000893,12,2,2013,9,1,35,247,1,1,1,7,,48.59542,-1.60292
201300000894,6,4,2013,18,1,35,95,1,3,1,3,,48.53695,-1.76586
201300000895,6,6,2013,10,1,35,246,1,2,1,3,,48.53429,-1.80778
201300000896,23,6,2013,11,1,35,186,1,1,2,6,,48.58713,-1.77873
201300000897,2,8,2013,19,1,35,247,1,1,7,3,,48.5934,-1.59617
201300000898,17,10,2013,9,1,35,186,2,1,1,1,Crois? Juin,48.5714,-1.76069
201300000899,14,11,2013,20,3,35,29,1,1,2,6,,0.0,0.0
201300000900,3,12,2013,19,3,35,9,1,1,1,3,,0.0,0.0
201300000901,15,12,2013,13,1,35,246,1,1,1,1,,0.0,0.0
201300000902,27,3,2013,15,1,35,228,1,1,1,1,,48.61296,-2.0653
201300000903,25,9,2013,18,1,35,228,1,1,1,3,,0.0,0.0
201300000904,9,3,2013,16,1,35,105,1,1,1,5,,48.11052,-1.11572
201300000905,24,5,2013,11,1,35,192,2,1,2,6,,48.24705,-1.22398
201300000906,5,6,2013,15,1,35,109,2,1,1,3,RD 777,48.08911,-1.23405
201300000907,2,8,2013,20,1,35,360,2,1,1,6,rue de Redon,0.0,0.0
201300000908,5,8,2013,20,1,35,194,1,1,1,7,,48.14776,-1.22007
201300000909,22,9,2013,8,1,35,6,2,1,7,2,la croix perrault,48.05611,-1.13177
201300000910,25,9,2013,6,2,35,119,1,2,1,1,,48.0229,-1.13775
201300000911,29,9,2013,20,3,35,141,1,2,1,2,,48.16319,-1.27483
201300000912,5,10,2013,17,1,35,360,1,1,1,3,,48.09739,-1.1901
201300000913,10,10,2013,12,1,35,72,1,2,1,4,,48.21858,-1.16964
201300000914,15,11,2013,17,2,35,360,2,1,1,2,rue de la Guerche,48.113,-1.208
201300000915,1,1,2013,17,2,35,69,2,1,2,3,CD 463 26 rue de Rennes,48.05476,-1.5154
201300000916,22,3,2013,11,1,35,204,1,2,1,5,,48.04374,-1.54411
201300000917,1,4,2013,13,1,35,69,1,2,7,3,,48.01799,-1.5065
201300000918,28,4,2013,17,1,35,327,1,1,1,7,,48.10231,-1.44439
201300000919,27,8,2013,19,1,35,204,1,2,1,1,,48.04369,-1.54409
201300000920,6,12,2013,17,1,35,283,2,1,1,1,rue de rennes,0.0,0.0
201300000921,15,12,2013,18,3,35,204,1,1,2,3,,0.0,0.0
201300000922,2,2,2013,17,1,35,239,2,1,7,6,rue Mal De Lattre,47.91403,-1.37856
201300000923,30,4,2013,12,1,35,167,1,2,1,3,,47.83175,-1.32844
201300000924,28,6,2013,14,1,35,167,1,1,1,6,,47.81563,-1.29391
201300000925,18,8,2013,20,1,35,167,2,1,1,7,Avenue F?lix BROCHET,47.837,-1.32
201300000926,23,11,2013,18,3,35,167,1,1,1,5,,47.87598,-1.35133
201300000927,4,1,2013,12,1,35,220,1,1,1,1,,48.01298,-1.43747
201300000928,1,2,2013,11,1,35,136,2,1,2,6,25 rue de Villoutreys,47.96178,-1.50147
201300000929,7,3,2013,16,1,35,136,2,1,1,6,8 rue de villoutreys,47.96026,-1.50079
201300000930,9,3,2013,17,1,35,2,1,1,1,7,,0.0,0.0
201300000931,14,4,2013,21,3,35,82,1,1,1,6,,47.86683,-1.39504
201300000932,30,5,2013,19,1,35,220,1,2,1,3,Le Vaubrault,48.03295,-1.42664
201300000933,15,6,2013,17,1,35,136,1,2,1,2,,47.94832,-1.49762
201300000934,22,6,2013,9,1,35,262,1,1,8,1,,47.89012,-1.43787
201300000935,22,9,2013,20,1,35,2,1,1,1,7,La Touche Neron,47.97988,-1.46456
201300000936,20,11,2013,7,2,35,136,1,1,9,1,,47.953,-1.52
201300000937,5,12,2013,17,2,35,136,2,1,1,7,15 rue de villoutrey,47.9607,-1.50102
201300000938,8,12,2013,19,3,35,198,1,1,1,1,,47.975,-1.323
201300000939,3,10,2013,21,3,22,182,1,1,1,1,,0.0,0.0
201300000940,25,7,2013,13,1,22,47,2,3,1,7,rue de la Gare,48.31912,-3.05643
201300000941,29,8,2013,14,1,22,107,1,1,1,1,HAUT KERRAULT,48.23686,-3.16251
201300000942,21,10,2013,21,5,22,74,2,1,8,6,,48.323,-3.066
201300000943,5,5,2013,18,1,22,63,1,1,1,7,,0.0,0.0
201300000944,16,7,2013,15,1,22,377,1,2,1,5,,48.664,-2.877
201300000945,24,8,2013,12,1,22,178,2,1,1,6,rue de la Goelette,0.0,0.0
201300000946,4,2,2013,7,2,22,142,1,2,2,3,LA SUETTE,48.44805,-2.55382