Num_Acc,jour,mois,an,hr,condition_eclairage,departement,commune,condition_agglomeration,intersection,condition_atmosphere,type_collision,adresse,lattitude,longitude
201300000947,8,2,2013,7,2,22,142,1,1,2,1,KER AN ROCK,48.43077,-2.50893
201300000948,9,3,2013,17,1,22,93,1,2,1,3,l'etang,48.42812,-2.50824
201300000949,11,7,2013,23,3,22,140,2,1,1,7,Route de Lamballe,0.0,0.0
201300000950,10,8,2013,17,1,22,2,1,1,1,1,,48.5015,-2.51908
201300000951,22,9,2013,18,1,22,326,1,1,1,1,RUE DE LA CROIX VERTE,48.44035,-2.41986
201300000952,30,9,2013,13,1,22,93,2,9,1,7,Rue de la ville es lan,48.46787,-2.54509
201300000953,9,11,2013,11,1,22,355,1,1,8,7,,48.46142,-2.40166
201300000954,13,11,2013,7,5,22,44,1,1,1,6,10 rue des Landes,48.48016,-2.58259
201300000955,9,12,2013,11,1,22,93,1,1,1,1,,48.47896,-2.49894
201300000956,31,12,2013,14,1,22,93,1,1,1,1,PAS DOS GEO,48.45186,-2.54212
201300000957,9,4,2013,9,1,22,79,1,1,1,1,LES QUATRE VENTS,0.0,0.0
201300000958,10,4,2013,19,1,22,203,1,1,2,1,LA BELLE ETOILE,48.34887,-2.72875
201300000959,24,4,2013,16,1,22,203,2,9,1,6,Rue Butter,48.34752,-2.75691
201300000960,10,5,2013,16,1,22,203,1,1,1,3,,48.34959,-2.72552
201300000961,19,8,2013,18,1,22,184,1,1,1,3,,0.0,0.0
201300000962,1,10,2013,13,1,22,80,1,1,8,6,,48.36778,-2.87736
201300000963,2,12,2013,7,3,22,281,1,2,1,3,La Croix Cabaret,48.41175,-2.74345
201300000964,25,3,2013,17,1,22,376,1,2,1,1,QUENEHA,48.21206,-2.77692
201300000965,6,6,2013,17,1,22,136,2,6,1,3,Bd H. CASTEL/LE BRAS,48.18568,-2.76134
201300000966,15,9,2013,17,1,22,384,1,2,1,3,LE PAS TRANCHANT,48.27901,-2.83115
201300000967,12,10,2013,19,5,22,136,2,1,1,6,rue de la trinit?,48.183,-2.755
201300000968,2,11,2013,22,3,22,136,1,1,9,6,,48.1765,-2.70927
201300000969,7,11,2013,17,4,22,136,2,1,2,6,Boulevard de  Penthièvre,48.18347,-2.75678
201300000970,5,1,2013,17,3,22,86,1,1,1,6,,48.7456,-3.03802
201300000971,21,2,2013,7,2,22,162,2,1,1,6,rue de poulgo?c,0.0,0.0
201300000972,14,6,2013,15,1,22,16,1,1,1,6,,48.845,-3.003
201300000973,20,6,2013,20,1,22,162,1,1,1,3,Chemin de GUILBEN,48.78099,-3.01484
201300000974,29,6,2013,19,1,22,86,1,1,1,1,,48.73259,-3.02773
201300000975,22,9,2013,6,3,22,214,1,1,5,6,,0.0,0.0
201300000976,13,10,2013,14,1,22,162,1,1,1,7,,48.76724,-3.06507
201300000977,22,11,2013,14,1,22,162,2,1,8,7,Quay morand,48.78027,-3.0446
201300000978,26,1,2013,11,1,22,242,1,1,1,3,,0.0,0.0
201300000979,23,3,2013,14,1,22,186,1,6,1,3,Rd Pt de BIEN ASSIS,48.58729,-2.50207
201300000980,18,4,2013,22,3,22,173,1,1,1,6,,48.56,-2.578
201300000981,15,5,2013,11,1,22,389,2,1,1,6,rue de penthièvre,48.48234,-2.67447
201300000982,17,6,2013,9,1,22,186,1,2,1,3,LE PEHOUET,48.58457,-2.52508
201300000983,16,7,2013,18,1,22,273,2,1,1,5,CD786 RUE DE TOURNEMINE,0.0,0.0
201300000984,28,8,2013,17,1,22,389,1,1,1,6,,0.0,0.0
201300000985,29,8,2013,20,3,22,54,1,1,1,1,,0.0,0.0
201300000986,23,11,2013,13,1,22,173,2,4,1,3,rue des ponts neufs,48.53137,-2.57695
201300000987,11,4,2013,13,1,22,277,1,1,1,3,,0.0,0.0
201300000988,12,4,2013,19,1,22,176,2,3,1,7,rue du 8 mai 1945,48.44462,-2.74042
201300000989,10,6,2013,16,1,22,262,2,1,1,6,Rue des Crois Jarrots,48.40806,-2.90718
201300000990,6,8,2013,11,1,22,277,1,1,1,4,LANVIA,48.38952,-2.83188
201300000991,15,9,2013,13,1,22,171,1,1,1,1,,48.417,-2.822
201300000992,20,11,2013,8,2,22,171,1,1,8,1,,48.40077,-2.78829
201300000993,23,1,2013,11,1,22,8,1,4,1,3,LA VILLE ORIA,48.41388,-2.10924
201300000994,24,1,2013,16,1,22,259,2,1,1,3,rue de L'aublette,48.44761,-2.08343
201300000995,7,2,2013,8,1,22,306,1,1,1,1,Le Bois de la Garde,48.35462,-1.96861
201300000996,18,2,2013,15,1,22,317,1,1,1,7,La Ville Auffret,48.42585,-2.25618
201300000997,19,2,2013,17,1,22,299,1,2,1,3,,48.48219,-1.96166
201300000998,1,3,2013,17,1,22,208,1,2,1,3,LA DELECHE,48.33741,-1.96369
201300000999,21,3,2013,18,1,22,339,2,1,2,2,La Mereil,48.468,-2.06006
201300001000,30,6,2013,0,3,22,306,2,1,1,6,Le Bourg,48.367,-1.954
201300001001,10,7,2013,7,1,22,259,2,1,7,6,Avenue de l'Aublette,0.0,0.0
201300001002,12,7,2013,11,1,22,123,2,1,1,2,Rue de la Cochais,48.43562,-2.06788
201300001003,27,7,2013,16,1,22,118,1,1,3,7,BELLEVUE,48.44378,-2.01968
201300001004,1,8,2013,23,3,22,308,1,1,1,6,,48.385,-2.04199
201300001005,4,9,2013,16,1,22,197,1,2,1,3,LA VILLE REGNIER,48.50954,-1.93314
201300001006,30,9,2013,18,1,22,50,2,9,7,6,rue de brest,48.458,-2.052
201300001007,16,11,2013,9,1,22,263,2,1,7,6,lieu dit la busardière,48.35201,-1.9998
201300001008,20,12,2013,11,1,22,50,2,2,7,3,Rue de BrestPAS DOS GEO,48.45295,-2.05663
201300001009,30,12,2013,19,5,22,259,2,1,8,6,D 795 - CC PAS DOS GEO,48.4476,-2.07423
201300001010,3,6,2013,19,1,22,185,1,1,1,1,,48.37258,-2.37755
201300001011,24,11,2013,21,5,22,12,2,1,1,6,rue de l'Auge,48.57401,-2.43371
201300001012,10,4,2013,14,1,22,77,1,1,3,1,La Ville Moussard,48.53624,-2.44355
201300001013,6,5,2013,19,1,22,143,2,1,1,6,Rue du Heume,48.59639,-2.29542
201300001014,10,6,2013,20,1,22,143,1,1,1,6,LA BROCHARDINE,48.61828,-2.28797
201300001015,16,6,2013,14,1,22,282,1,1,1,1,,48.60306,-2.24464
201300001016,24,6,2013,15,1,22,200,2,1,1,1,rue pierre Heuze,48.48942,-2.32126
201300001017,18,7,2013,3,5,22,282,2,1,1,6,"Rue des nouettes, 69",48.63493,-2.27048
201300001018,21,7,2013,5,2,22,237,1,1,1,6,,48.505,-2.286
201300001019,3,9,2013,18,1,22,200,1,1,1,7,LE FEMULON,48.49773,-2.32474
201300001020,5,2,2013,18,1,22,62,1,3,1,3,LA CROIX DU TALOIR,48.19859,-2.48308
201300001021,11,2,2013,8,1,22,241,1,1,9,1,LE BOIS COURTEL,48.117,-2.60667
201300001022,16,7,2013,13,1,22,66,1,1,1,7,,48.315,-2.514
201300001023,29,8,2013,22,5,22,147,1,1,1,3,,0.0,0.0
201300001024,7,10,2013,9,1,22,66,1,1,1,3,,48.343,-2.478
201300001025,18,10,2013,15,1,22,183,1,2,1,1,,48.183,-2.61
201300001026,10,11,2013,8,2,22,147,1,1,2,6,,48.199,-2.382
201300001027,30,9,2013,17,1,22,172,1,1,1,7,,0.0,0.0
201300001028,17,10,2013,8,2,22,180,2,1,8,6,13 rue des rouairies,48.435,-2.216
201300001029,17,10,2013,6,3,22,14,1,1,1,1,,48.451,-2.285
201300001030,9,11,2013,11,1,22,48,1,1,1,3,,48.50108,-2.22799
201300001031,10,11,2013,5,3,22,237,2,7,3,6,les troix croix,48.533,-2.295
201300001032,16,11,2013,14,1,22,97,2,1,7,2,la tombe,48.43016,-2.1776
201300001033,13,12,2013,7,3,22,190,1,1,2,7,,48.53564,-2.06806
201300001034,15,2,2013,10,1,22,70,2,1,1,6,venelle de Traouzac'h,48.56345,-3.1572
201300001035,30,6,2013,18,1,22,225,2,1,1,6,RUE DE PARC ROUZES,48.54163,-3.13285
201300001036,6,10,2013,11,1,22,161,2,6,1,6,rond point du croissant,48.576,-3.146
201300001037,26,12,2013,13,1,22,225,2,3,1,7,Place du centrePAS GEO,48.54477,-3.13209
201300001038,23,8,2013,17,1,22,13,1,1,1,7,SAINT JUDE,48.44949,-3.14424
201300001039,2,12,2013,7,3,22,5,1,1,1,6,PAS DOS GEO,48.554,-3.381
201300001040,25,5,2013,19,1,22,61,1,1,1,6,,48.25656,-3.43627
201300001041,3,7,2013,9,1,22,137,1,3,2,4,L'Enseigne,48.29353,-3.44279
201300001042,6,8,2013,8,1,22,61,1,1,8,2,Keranflec'h,48.25733,-3.39956
201300001043,5,3,2013,11,1,22,194,1,1,1,1,,48.64552,-3.65621
201300001044,18,4,2013,19,1,22,194,1,1,1,7,KERDAVID,48.62425,-3.64284
201300001045,18,4,2013,20,1,22,226,1,1,1,2,Traou ar pont,48.69386,-3.5236
201300001046,16,6,2013,9,1,22,119,1,1,2,7,Goas Arou,48.62735,-3.54567
201300001047,10,12,2013,7,2,22,265,1,3,1,3,dogmaelpas dos geo,48.73093,-3.40664
201300001048,8,12,2013,15,1,22,194,2,3,7,3,rue St Roch,48.65849,-3.62833
201300001049,10,12,2013,17,1,22,207,2,1,1,6,F. m luzelpas dos geo,48.61088,-3.47282
201300001050,21,3,2013,7,1,22,134,1,3,8,3,,48.78195,-3.39029
201300001051,10,7,2013,15,1,22,379,2,4,1,1,RUES TREGUIER/ST GUENOLE,48.81359,-3.33619
201300001052,18,8,2013,17,1,22,134,2,4,1,1,RD 6/Professeur Lesne,48.79557,-3.41988
201300001053,24,8,2013,5,5,22,343,2,1,8,7,RUE DE LAN AR KLEIS,0.0,0.0
201300001054,4,10,2013,10,1,22,343,2,1,1,6,rue de lan ar cleiz,0.0,0.0
201300001055,8,2,2013,6,3,22,226,1,2,2,3,SAINT JEAN,48.69645,-3.54168
201300001056,14,8,2013,19,2,22,194,1,3,7,3,LE GRAND ROCHER,48.67058,-3.58521
201300001057,21,8,2013,19,1,22,340,1,3,1,2,Kerdouca Huellan,48.64845,-3.42165
201300001058,27,1,2013,10,1,22,152,1,1,6,2,,48.77,-3.28
201300001059,12,2,2013,18,5,22,152,1,6,1,7,Rd Pt du Pont Losquet,48.76012,-3.29411
201300001060,5,3,2013,6,3,22,152,1,6,1,7,Rd Pt de Penity,48.75242,-3.26139
201300001061,24,3,2013,3,3,22,166,2,1,8,6,rue Poulpiquet,0.0,0.0
201300001062,23,3,2013,21,3,22,221,2,1,1,7,LA ROCHE JAUNE,48.82444,-3.20957
201300001063,9,5,2013,9,1,22,347,1,1,2,6,,0.0,0.0
201300001064,10,8,2013,0,5,22,247,2,6,1,2,D8,48.73187,-3.24393
201300001065,6,9,2013,10,1,22,362,2,1,7,6,RUE DE LA CORDERIE,48.78005,-3.23951
201300001066,6,10,2013,10,1,22,221,2,1,1,2,rue des ?coles,48.801,-3.24
201300001067,24,10,2013,17,1,22,254,1,2,1,3,,0.0,0.0
201300001068,7,5,2013,13,1,29,216,1,1,1,2,,47.99386,-4.19119
201300001069,12,5,2013,17,1,29,3,2,1,1,3,4bis rue Emile COMBES,48.02368,-4.54593
201300001070,12,7,2013,16,1,29,215,2,9,1,2,91b route d'Audierne,47.99146,-4.43373
201300001071,1,8,2013,5,3,29,65,1,1,5,3,,48.02958,-4.27215
201300001072,22,9,2013,5,3,29,145,1,1,5,6,,48.03871,-4.48722
201300001073,1,10,2013,10,1,29,173,2,6,1,3,,48.01615,-4.20843
201300001074,1,10,2013,11,1,29,225,2,1,1,6,rue de la mer,47.94906,-4.36929
201300001075,25,10,2013,8,3,29,216,1,1,1,5,,47.95831,-4.16639
201300001076,21,1,2013,19,3,29,226,1,1,2,1,L'ESPERANCE,48.06237,-4.36428
201300001077,25,5,2013,18,1,29,87,1,1,1,6,,48.06386,-4.28347
201300001078,1,7,2013,21,1,29,169,1,1,1,1,,48.0836,-4.194
201300001079,12,8,2013,15,1,29,46,1,1,1,1,,48.06728,-4.29205
201300001080,10,11,2013,8,1,29,46,2,1,1,6,Bd du Gal De Gaulle,48.08521,-4.33229
201300001081,11,1,2013,20,5,29,57,2,1,1,6,36 RUE DE BEG MENEZ,47.90753,-3.9478
201300001082,21,1,2013,16,1,29,58,2,6,1,3,giratoire de Kerneveleck,47.89065,-4.01419
201300001083,21,3,2013,6,3,29,32,1,1,2,1,,47.88775,-4.09905
201300001084,15,5,2013,19,1,29,161,1,1,1,3,,47.89425,-4.03918
201300001085,9,6,2013,18,1,29,57,1,1,1,7,,47.91672,-3.97107
201300001086,24,6,2013,17,1,29,247,2,1,1,3,CROAS AN INTRON,47.93989,-4.01496
201300001087,6,7,2013,13,1,29,6,1,1,1,3,,47.88594,-4.05725
201300001088,8,8,2013,1,3,29,32,1,1,1,6,,47.8863,-4.11453
201300001089,1,9,2013,17,1,29,58,2,1,1,1,descente du cap,47.89376,-4.00029
201300001090,16,11,2013,10,1,29,6,2,6,1,6,ROUTE DE QUIMPER,47.88124,-4.10528
201300001091,4,12,2013,8,3,29,161,1,1,2,3,,47.92442,-4.07218
201300001092,14,12,2013,0,3,29,161,1,1,2,7,,47.90767,-4.07497
201300001093,12,3,2013,10,1,29,174,1,1,1,6,,47.87193,-4.23927
201300001094,9,8,2013,12,1,29,170,1,1,1,1,,47.96904,-4.12693
201300001095,21,8,2013,21,1,29,171,1,1,1,7,,47.84593,-4.2685
201300001096,7,9,2013,19,1,29,158,1,2,7,3,,47.81494,-4.35276
201300001097,22,11,2013,4,3,29,174,1,1,1,7,,47.88296,-4.29237
201300001098,29,12,2013,2,5,29,220,2,1,1,6,LOUIS BRAILLE,47.86691,-4.22229
201300001099,8,1,2013,17,2,29,75,2,1,8,3,boulevard de Coataudon,48.41314,-4.45061
201300001100,18,1,2013,13,1,29,75,2,1,8,3,1 BOULEVARD COATAUDON,48.41308,-4.45115
201300001101,5,2,2013,18,1,29,235,2,1,8,2,RUE LAMARTINE,48.40083,-4.41931
201300001102,13,5,2013,18,1,29,245,2,1,1,1,bourg,48.45484,-4.33537
201300001103,27,5,2013,14,1,29,75,1,1,1,1,,48.4133,-4.41629
201300001104,6,6,2013,7,1,29,61,2,6,1,3,rue du crann,48.45716,-4.46556
201300001105,10,10,2013,17,1,29,235,2,1,9,6,,48.40798,-4.39986
201300001106,11,3,2013,15,1,29,103,2,1,2,6,RUE CLAUDE BERNARD,48.45197,-4.26295
201300001107,17,5,2013,21,1,29,181,1,1,1,6,,48.45902,-4.2383
201300001108,3,10,2013,17,1,29,237,1,1,1,3,,48.4667,-4.20824
201300001109,12,11,2013,17,2,29,103,2,1,1,6,rue francois pengam,48.4541,-4.25204
201300001110,8,12,2013,17,1,29,237,1,1,1,3,,48.47581,-4.2018
201300001111,9,12,2013,20,3,29,237,1,1,1,1,,48.46636,-4.2114
201300001112,18,8,2013,19,1,29,124,1,1,1,2,,48.56926,-4.317
201300001113,4,10,2013,2,4,29,124,2,1,1,7,le parcou,48.56172,-4.32066
201300001114,29,1,2013,7,3,29,117,2,1,1,3,RUE DE TREGLONOU,48.56583,-4.52476
201300001115,11,2,2013,18,1,29,160,1,1,1,1,,48.51768,-4.43262
201300001116,9,3,2013,15,1,29,15,1,1,1,1,,48.52138,-4.50292
201300001117,30,4,2013,13,1,29,160,1,1,1,7,,48.6184,-4.38422
201300001118,24,6,2013,16,1,29,209,1,1,1,3,,48.52971,-4.46575
201300001119,9,10,2013,1,3,29,95,1,1,1,6,,48.46959,-4.37272
201300001120,12,12,2013,18,3,29,126,1,1,8,6,,48.55711,-4.40099
201300001121,20,2,2013,14,1,29,149,1,1,1,3,,48.49077,-4.5745
201300001122,9,4,2013,18,1,29,260,2,1,8,6,Place l?on Cheminant,48.43376,-4.62193
201300001123,4,7,2013,18,1,29,221,2,1,1,3,rue de l'europe,48.51524,-4.76357
201300001124,1,8,2013,21,1,29,178,2,1,1,3,chemin des dunes,48.56814,-4.68689
201300001125,7,10,2013,17,1,29,119,1,1,1,2,,48.49643,-4.69424
201300001126,13,12,2013,13,1,29,119,1,1,3,1,,48.45851,-4.63032
201300001127,25,3,2013,15,1,29,25,2,1,1,1,27 rue Poul Ar Saf,48.15227,-4.14227
201300001128,15,4,2013,20,1,29,172,1,1,1,1,,48.16013,-3.63386
201300001129,10,7,2013,17,1,29,222,2,1,1,3,rue du docteur cozanet,48.21577,-4.07118
201300001130,17,7,2013,17,1,29,263,1,1,1,2,,48.22241,-4.0733
201300001131,3,9,2013,19,1,29,176,1,1,7,6,Trochoadour,48.14879,-4.21214
201300001132,4,9,2013,18,1,29,26,2,1,9,6,quai Charles De Gaulle,48.19792,-4.08822
201300001133,1,12,2013,4,3,29,26,1,1,1,6,,48.20138,-4.08434
201300001134,6,12,2013,16,1,29,26,2,1,1,3,RUE DE QUIMPER,48.19299,-4.0963
201300001135,7,12,2013,11,1,29,25,1,1,1,1,,48.15796,-4.13911
201300001136,3,5,2013,16,1,29,54,1,1,1,6,,48.3887,-3.86727
201300001137,22,7,2013,12,1,29,54,1,1,1,2,,48.38936,-3.85804
201300001138,5,8,2013,11,1,29,205,1,1,2,1,,48.30693,-3.61092
201300001139,5,8,2013,15,1,29,211,1,2,1,1,,48.341,-3.76241
201300001140,26,3,2013,14,1,29,162,1,1,1,2,,48.2384,-3.96319
201300001141,9,5,2013,10,1,29,175,2,1,1,1,rue des fr?res floch,48.24813,-3.82198
201300001142,25,10,2013,21,3,29,48,1,1,1,6,,48.08551,-3.97134
201300001143,1,12,2013,18,5,29,162,2,1,1,3,RUE DE QUIMPER,48.22538,-3.97047
201300001144,23,6,2013,6,2,29,1,1,1,1,3,,48.22565,-4.31329
201300001145,20,8,2013,11,1,29,22,2,1,1,1,18 rue du toulinguet,48.27965,-4.60559
201300001146,27,9,2013,8,1,29,1,2,1,1,6,route de Pont Lorbic,48.24722,-4.31148
201300001147,5,4,2013,21,3,29,34,1,1,1,6,,48.4768,-3.82448
201300001148,6,4,2013,1,3,29,113,1,1,8,7,,48.65515,-3.72566
201300001149,25,4,2013,19,1,29,67,2,1,1,3,30 Rue Even Charuel,48.51586,-3.59412
201300001150,28,5,2013,17,1,29,113,2,1,1,1,RUE DES QUATRES VENTS,48.64328,-3.71826
201300001151,17,8,2013,3,3,29,188,1,1,1,1,,0.0,0.0
201300001152,16,10,2013,17,1,29,114,1,1,1,3,,48.48931,-3.6624
201300001153,21,10,2013,13,1,29,182,1,1,1,6,,48.61663,-3.68247
201300001154,12,11,2013,18,3,29,113,2,1,8,3,route de locquirec,48.6532,-3.72035
201300001155,16,11,2013,17,2,29,207,2,6,1,1,ZA de Kersody,48.53481,-3.79048
201300001156,13,12,2013,16,1,29,207,1,1,2,3,,48.53339,-3.78838
201300001157,10,1,2013,12,1,29,97,2,6,3,3,,48.494,-4.04681
201300001158,19,5,2013,2,3,29,105,1,1,1,6,,48.49976,-4.06057
201300001159,21,6,2013,18,1,29,38,1,1,8,1,,48.4195,-3.93899
201300001160,11,8,2013,12,1,29,204,1,1,2,3,,48.48867,-4.16197
201300001161,29,9,2013,0,3,29,127,1,1,2,6,,48.46668,-3.97182
201300001162,5,1,2013,21,3,29,210,1,1,1,6,,48.59344,-4.0511
201300001163,17,1,2013,18,5,29,213,2,1,1,3,rue du pont j?gu,48.66031,-4.09757
201300001164,19,2,2013,8,1,29,184,2,1,7,3,ROCADE DES CHENES,48.67064,-3.98703
201300001165,6,5,2013,17,1,29,184,1,1,1,7,,48.63292,-3.98897
201300001166,14,7,2013,5,2,29,213,2,1,1,1,Rue de BREST,48.5962,-4.11367
201300001167,21,8,2013,17,1,29,273,1,1,1,3,,48.68964,-4.0288
201300001168,26,8,2013,4,3,29,68,1,1,1,6,,48.57797,-3.96771
201300001169,6,10,2013,20,5,29,259,2,1,1,7,chemin du Paradis,48.68825,-3.9693
201300001170,18,12,2013,15,1,29,259,1,1,3,5,,48.65014,-3.95951
201300001171,28,7,2013,17,1,56,157,1,1,1,6,,0.0,0.0
201300001172,3,8,2013,18,1,56,157,1,2,1,3,,0.0,0.0
201300001173,5,8,2013,0,3,56,3,1,1,1,1,,0.0,0.0
201300001174,13,8,2013,18,1,56,8,1,3,1,3,,0.0,0.0
201300001175,18,9,2013,16,1,56,42,1,1,1,3,,0.0,0.0
201300001176,21,9,2013,1,3,56,67,1,1,1,2,,0.0,0.0
201300001177,30,9,2013,20,3,56,42,1,1,1,6,,0.0,0.0
201300001178,7,10,2013,7,2,56,67,2,1,1,6,rue du Genaral de Gaulle,0.0,0.0
201300001179,6,11,2013,18,3,56,158,1,3,2,3,,0.0,0.0
201300001180,22,12,2013,17,2,56,67,1,1,8,6,,0.0,0.0
201300001181,13,1,2013,1,3,56,221,1,1,5,6,,47.6701,-2.21448
201300001182,12,1,2013,10,1,56,229,1,1,7,6,,0.0,0.0
201300001183,1,6,2013,16,1,56,1,1,2,1,3,,47.63474,-2.15367
201300001184,7,6,2013,8,1,56,229,1,1,1,3,,0.0,0.0
201300001185,11,7,2013,20,1,56,221,2,1,1,3,rue sainte Anne,47.68473,-2.2171
201300001186,7,8,2013,21,1,56,229,2,1,2,7,centre bourg,0.0,0.0
201300001187,9,8,2013,14,1,56,1,1,1,1,7,,0.0,0.0
201300001188,13,8,2013,17,1,56,1,1,1,1,7,,0.0,0.0
201300001189,20,9,2013,17,1,56,1,1,1,1,6,,47.63542,-2.18169
201300001190,10,10,2013,17,1,56,61,2,1,7,3,08 RUE DE L HOTEL DE VIL,47.7663,-2.13481
201300001191,19,11,2013,19,5,56,232,2,3,2,3,rue du clos ressac,47.67336,-2.10669
201300001192,7,1,2013,14,1,56,143,1,1,8,6,,0.0,0.0
201300001193,14,7,2013,10,2,56,155,1,1,1,1,,47.467,-2.477
201300001194,28,11,2013,14,1,56,52,2,1,1,7,route de Muzillac,0.0,0.0
201300001195,11,2,2013,18,1,56,53,1,1,1,1,,0.0,0.0
201300001196,14,2,2013,18,1,56,135,1,1,1,7,,0.0,0.0
201300001197,22,2,2013,7,2,56,53,1,2,1,3,,0.0,0.0
201300001198,20,3,2013,17,1,56,159,2,1,1,6,rue de paris,0.0,0.0
201300001199,14,4,2013,18,1,56,53,1,1,1,6,,0.0,0.0
201300001200,24,5,2013,11,1,56,261,1,2,1,3,,47.69648,-2.54107
201300001201,14,6,2013,5,2,56,184,1,1,1,6,,47.66186,-2.43965
201300001202,17,8,2013,17,1,56,255,1,1,1,6,,0.0,0.0
201300001203,6,9,2013,18,1,56,184,2,1,1,3,rue de la gare,0.0,0.0
201300001204,20,11,2013,16,1,56,171,1,1,2,5,,0.0,0.0
201300001205,19,1,2013,22,3,56,23,1,1,8,1,,0.0,0.0
201300001206,25,1,2013,18,5,56,7,2,1,3,6,rue Philippe LE GALL,47.67188,-2.99534
201300001207,14,3,2013,10,1,56,46,1,1,1,3,,47.63461,-3.01535
201300001208,30,3,2013,17,1,56,7,2,1,1,6,41 rue  Joseph MARTIN,47.65883,-2.97967
201300001209,11,4,2013,9,1,56,176,1,1,1,1,,47.69272,-2.9332
201300001210,18,6,2013,17,1,56,7,2,1,1,1,rue colonel manceau,47.66345,-2.99715
201300001211,2,7,2013,16,1,56,23,1,1,1,3,,47.6865,-3.0135
201300001212,10,7,2013,22,5,56,167,1,2,1,3,,0.0,0.0
201300001213,24,8,2013,11,1,56,7,2,1,1,6,Rue du lait,47.6667,-2.98509
201300001214,14,9,2013,16,1,56,7,2,1,1,6,rue du lait,47.66703,-2.98606
201300001215,25,4,2013,16,1,56,241,1,1,1,1,,0.0,0.0
201300001216,7,3,2013,15,1,56,258,2,1,1,3,cour des quais,47.58721,-3.02914
201300001217,20,4,2013,1,3,56,116,1,1,1,7,,47.56051,-2.96462
201300001218,4,5,2013,3,3,56,34,1,1,1,6,,0.0,0.0
201300001219,26,5,2013,9,5,56,34,2,1,1,6,43 avenue des druides,47.57361,-3.07655
201300001220,14,6,2013,18,1,56,186,2,6,1,6,25 AV DU G. de Gaulle,47.4902,-3.12126
201300001221,10,7,2013,9,1,56,116,1,1,1,1,,0.0,0.0
201300001222,19,7,2013,14,1,56,34,2,3,1,3,Avenue de Port en Dro,47.57161,-3.07601
201300001223,1,8,2013,22,3,56,34,1,1,1,1,,0.0,0.0
201300001224,17,8,2013,14,1,56,234,2,1,1,7,Avenue des druides,47.51579,-3.1319
201300001225,24,8,2013,5,3,56,34,1,1,1,6,,47.62563,-3.09886
201300001226,5,9,2013,11,1,56,116,1,1,1,3,,47.58115,-2.97468
201300001227,27,9,2013,23,3,56,34,1,1,1,2,,0.0,0.0
201300001228,10,10,2013,18,1,56,233,1,1,1,3,,47.5721,-3.00829
201300001229,19,8,2013,11,1,56,69,2,1,1,3,route des plages,0.0,0.0
201300001230,7,6,2013,11,1,56,13,2,6,3,6,Rond point 4 chemins,47.67565,-3.17139
201300001231,11,7,2013,9,1,56,161,1,1,1,3,,0.0,0.0
201300001232,14,8,2013,13,1,56,181,2,1,1,1,avenue de la cote rouge,0.0,0.0
201300001233,22,9,2013,14,1,56,54,2,2,1,3,Rue TENAT ER VELIN,0.0,0.0
201300001234,11,12,2013,11,1,56,193,1,1,1,5,,0.0,0.0
201300001235,24,12,2013,16,1,56,13,1,1,8,3,,47.67347,-3.14124
201300001236,29,12,2013,21,4,56,169,1,1,1,6,,0.0,0.0
201300001237,11,1,2013,20,3,56,165,1,1,1,6,,47.90253,-2.37383
201300001238,7,3,2013,17,1,56,80,1,1,2,7,,0.0,0.0
201300001239,5,4,2013,17,1,56,165,1,1,8,6,,0.0,0.0
201300001240,8,6,2013,7,2,56,80,2,1,2,6,RUE DE PERHAN D.13,0.0,0.0
201300001241,9,8,2013,19,1,56,249,2,1,1,1,Avenue du porhoet,0.0,0.0
201300001242,29,8,2013,7,1,56,129,1,1,5,7,,0.0,0.0
201300001243,9,9,2013,11,1,56,32,1,1,1,7,,0.0,0.0
201300001244,14,9,2013,17,1,56,165,2,6,1,3,Giratoire R & L GUILLOIS,47.93052,-2.39302