Num_Acc,jour,mois,an,hr,condition_eclairage,departement,commune,condition_agglomeration,intersection,condition_atmosphere,type_collision,adresse,lattitude,longitude
201300001245,27,9,2013,13,1,56,32,1,1,1,3,,0.0,0.0
201300001246,27,9,2013,17,1,56,165,2,1,1,3,Rue Monseigneur GUILLOUX,47.93537,-2.40082
201300001247,16,11,2013,11,1,56,37,2,1,1,6,rue de la liberation,0.0,0.0
201300001248,30,11,2013,12,1,56,80,1,1,1,1,,0.0,0.0
201300001249,20,12,2013,10,1,56,165,2,7,2,6,Place du senechal Perret,47.93331,-2.39922
201300001250,2,1,2013,19,3,56,20,1,1,8,3,,0.0,0.0
201300001251,18,6,2013,21,2,56,219,1,1,1,6,,0.0,0.0
201300001252,1,8,2013,16,1,56,244,1,3,7,3,,0.0,0.0
201300001253,11,8,2013,16,1,56,230,1,2,1,5,,0.0,0.0
201300001254,3,9,2013,8,1,56,75,1,1,7,6,,47.94606,-2.15802
201300001255,4,9,2013,16,1,56,124,2,6,1,3,rue de la mennais,47.81005,-2.38716
201300001256,23,9,2013,6,3,56,200,1,1,5,6,,0.0,0.0
201300001257,29,9,2013,18,1,56,244,1,1,1,6,,0.0,0.0
201300001258,7,10,2013,19,1,56,124,2,1,1,3,Rue du Bois Solon,47.80775,-2.38873
201300001259,22,11,2013,17,5,56,75,2,1,2,3,40 rue de saint cyr,0.0,0.0
201300001260,19,1,2013,0,3,56,47,1,1,5,6,,0.0,0.0
201300001261,2,6,2013,10,1,56,172,2,1,1,1,D126,0.0,0.0
201300001262,5,6,2013,23,3,56,172,1,1,1,6,,0.0,0.0
201300001263,2,6,2013,23,3,56,24,1,1,1,7,,0.0,0.0
201300001264,29,7,2013,23,3,56,47,1,1,1,6,,0.0,0.0
201300001265,7,9,2013,20,2,56,19,1,1,1,3,,0.0,0.0
201300001266,28,10,2013,12,1,56,17,1,3,7,3,,0.0,0.0
201300001267,11,11,2013,11,1,56,172,1,1,2,3,,0.0,0.0
201300001268,1,12,2013,22,4,56,236,1,1,1,6,,0.0,0.0
201300001269,30,12,2013,11,1,56,79,1,1,2,6,,47.91469,-2.43995
201300001270,16,1,2013,19,5,56,178,2,1,1,2,rue du pont - recollets,48.06899,-2.96719
201300001271,5,2,2013,10,1,56,178,2,1,2,6,rue Francois Mitterand,48.06493,-2.96709
201300001272,14,2,2013,15,1,56,151,1,1,1,5,,0.0,0.0
201300001273,4,5,2013,20,1,56,213,2,6,1,3,route de COET NOSTRA,48.10787,-2.89336
201300001274,10,7,2013,9,1,56,178,2,1,1,6,11 quai niemen,48.06643,-2.96826
201300001275,25,7,2013,2,5,56,178,2,1,1,3,Quai Plessis PONTIVY,0.0,0.0
201300001276,5,11,2013,17,2,56,146,1,1,8,1,,0.0,0.0
201300001277,7,12,2013,18,4,56,73,2,1,1,6,Rue Mathurin et Fortune,0.0,0.0
201300001278,18,4,2013,10,1,56,10,2,1,1,6,rue de la mairie,0.0,0.0
201300001279,29,6,2013,23,3,56,140,1,1,1,6,,0.0,0.0
201300001280,17,7,2013,16,1,56,140,1,1,1,6,,0.0,0.0
201300001281,5,8,2013,17,1,56,10,2,1,1,3,Route d'Auray,47.86848,-3.02277
201300001282,20,9,2013,17,1,56,144,1,1,7,3,,0.0,0.0
201300001283,1,10,2013,15,1,56,74,1,1,3,6,,0.0,0.0
201300001284,13,11,2013,8,1,56,140,1,1,1,4,,0.0,0.0
201300001285,13,12,2013,13,1,56,74,1,1,3,7,,0.0,0.0
201300001286,14,12,2013,9,1,56,173,1,1,1,6,,47.95875,-2.97515
201300001287,10,1,2013,17,1,56,199,1,1,1,1,,0.0,0.0
201300001288,27,1,2013,23,3,56,182,1,1,2,6,,0.0,0.0
201300001289,8,4,2013,7,2,56,14,1,1,5,2,,0.0,0.0
201300001290,15,6,2013,0,3,56,100,1,1,3,3,,0.0,0.0
201300001291,31,7,2013,18,1,56,81,1,1,1,1,,48.04929,-3.64776
201300001292,17,8,2013,22,3,56,131,1,2,1,3,,0.0,0.0
201300001293,2,11,2013,16,2,56,81,1,1,3,6,,0.0,0.0
201300001294,23,4,2013,18,1,14,228,1,2,1,3,CD 404-CD 83 DOUVRES,49.2838,-0.40855
201300001295,7,7,2013,19,1,14,354,2,1,1,5,Route de Luc,0.0,0.0
201300001296,27,7,2013,0,3,14,15,1,1,1,1,,0.0,0.0
201300001297,31,7,2013,17,1,14,228,1,1,1,7,,0.0,0.0
201300001298,4,8,2013,15,1,14,66,1,3,7,3,,0.0,0.0
201300001299,18,11,2013,17,2,14,15,1,2,1,3,,0.0,0.0
201300001300,20,1,2013,1,3,14,721,1,1,1,7,,0.0,0.0
201300001301,2,2,2013,14,1,14,249,1,1,6,1,,49.1122,-0.48506
201300001302,3,2,2013,19,3,14,274,1,1,2,3,,0.0,0.0
201300001303,24,4,2013,18,1,14,592,1,1,7,3,RD36B STE HONORINE DU FA,49.0721,-0.51393
201300001304,4,6,2013,17,1,14,42,2,1,1,7,LIEU DIT TOURMEAUVILLE,49.1305,-0.49896
201300001305,9,10,2013,12,1,14,738,2,9,2,7,ALLEE JACQUES PREVERT,0.0,0.0
201300001306,13,10,2013,12,1,14,747,1,1,8,2,,0.0,0.0
201300001307,14,10,2013,13,1,14,288,1,1,3,1,,0.0,0.0
201300001308,30,10,2013,9,1,14,123,2,3,1,3,rd22,0.0,0.0
201300001309,7,11,2013,17,1,14,266,1,1,3,7,,0.0,0.0
201300001310,18,12,2013,18,3,14,747,1,1,6,1,,0.0,0.0
201300001311,18,2,2013,7,2,14,277,1,1,1,1,,0.0,0.0
201300001312,13,3,2013,17,1,14,119,1,1,8,1,,49.1562,-0.28227
201300001313,14,4,2013,12,1,14,268,1,1,6,1,FIERVILLE BRAY,49.0506,-0.1744
201300001314,12,7,2013,17,1,14,57,1,1,1,4,,49.135,-0.222
201300001315,20,8,2013,13,1,14,623,2,1,1,1,route d'harcourt,49.119,-0.373
201300001316,8,9,2013,10,1,14,100,1,1,1,2,,49.064,-0.31
201300001317,13,10,2013,1,3,14,408,2,1,1,6,Rue St Andr?,49.111,-0.378
201300001318,2,10,2013,16,1,14,290,2,1,1,2,Intersection D238C-D238B,0.0,0.0
201300001319,5,12,2013,17,3,14,57,1,1,1,1,,49.138,-0.201
201300001320,22,1,2013,11,1,14,495,2,6,2,6,RUE DU TEMPLE,49.258,-0.3444
201300001321,7,6,2013,20,2,14,166,2,7,7,6,RUE PORTE MORIN,0.0,0.0
201300001322,5,8,2013,16,1,14,488,2,9,1,3,Route de Caen,0.0,0.0
201300001323,3,9,2013,17,1,14,76,2,1,7,1,rue G?n?ral LECLERC,0.0,0.0
201300001324,15,10,2013,9,1,14,488,2,2,1,3,24 BLD WINSTON CHURCHILL,0.0,0.0
201300001325,28,12,2013,13,1,14,60,1,1,1,6,,0.0,0.0
201300001326,19,5,2013,22,3,14,684,1,1,8,1,LA PEPINERIE,49.1553,-0.57007
201300001327,7,9,2013,14,1,14,336,2,1,1,3,route de Caumont,0.0,0.0
201300001328,5,10,2013,7,2,14,143,1,1,8,2,,0.0,0.0
201300001329,12,10,2013,16,1,14,348,1,1,1,1,,49.658,-0.629
201300001330,24,11,2013,6,3,14,46,1,1,3,1,,0.0,0.0
201300001331,3,12,2013,22,3,14,46,1,1,2,6,,0.0,0.0
201300001332,26,3,2013,9,1,14,680,1,2,1,3,,49.2991,-0.73166
201300001333,12,5,2013,19,1,14,130,1,1,1,3,,0.0,0.0
201300001334,9,7,2013,9,1,14,47,2,1,1,6,Rue Saint Patrice,0.0,0.0
201300001335,21,9,2013,2,5,14,47,2,1,1,6,Rue Marcel Dassault,0.0,0.0
201300001336,2,12,2013,18,3,14,663,1,1,1,6,,49.305,-0.685
201300001337,9,12,2013,15,5,14,663,2,1,1,3,Rue Kennedy,0.0,0.0
201300001338,19,2,2013,17,1,14,298,1,1,1,1,,0.0,0.0
201300001339,10,4,2013,22,3,14,462,2,1,8,7,ROUTE DE CASTILLY,0.0,0.0
201300001340,17,4,2013,8,1,14,272,1,3,1,1,LA FOLIE 14710,49.257,-0.96821
201300001341,9,8,2013,17,1,14,462,1,1,1,7,,0.0,0.0
201300001342,28,9,2013,12,1,14,716,1,1,2,7,,0.0,0.0
201300001343,11,11,2013,18,3,14,272,1,1,1,2,,0.0,0.0
201300001344,18,11,2013,17,1,14,551,1,1,1,3,,0.0,0.0
201300001345,26,11,2013,6,2,14,586,1,1,8,6,,0.0,0.0
201300001346,31,12,2013,20,5,14,737,1,1,2,3,,0.0,0.0
201300001347,18,2,2013,17,1,14,88,2,1,1,1,"""LE HAUT DU BONS""",48.9583,-0.23735
201300001348,24,2,2013,7,1,14,759,1,1,4,7,,0.0,0.0
201300001349,22,3,2013,12,1,14,258,1,1,1,7,,0.0,0.0
201300001350,17,6,2013,15,1,14,332,1,1,1,6,LIEU DIT LE BOSQ D658,48.8378,-0.15099
201300001351,29,8,2013,1,5,14,258,2,1,1,6,77 rue Aristide Briand,0.0,0.0
201300001352,2,9,2013,20,1,14,25,1,1,1,3,,0.0,0.0
201300001353,30,11,2013,19,3,14,244,1,1,1,6,,0.0,0.0
201300001354,21,1,2013,14,1,14,162,1,1,4,1,,48.9211,-0.4987
201300001355,10,2,2013,11,1,14,749,1,2,2,3,,49.0483,-0.11112
201300001356,21,2,2013,9,1,14,654,2,3,7,3,BOULEVARD COLLAS,49.0203,-0.03478
201300001357,12,4,2013,18,1,14,208,1,3,1,3,BISSI?RES 14730,49.1012,-0.09483
201300001358,30,7,2013,7,2,14,81,1,1,1,6,,0.0,0.0
201300001359,5,8,2013,19,1,14,489,2,1,1,6,voie communale 24,0.0,0.0
201300001360,26,8,2013,19,1,14,749,1,2,1,3,,0.0,0.0
201300001361,10,9,2013,12,1,14,654,2,1,1,2,Lieu dit CAREL,0.0,0.0
201300001362,20,9,2013,9,1,14,697,1,1,1,6,,49.05,0.002
201300001363,2,12,2013,7,5,14,431,2,1,1,1,,0.0,0.0
201300001364,27,12,2013,19,3,14,435,1,1,3,5,,0.0,0.0
201300001365,23,3,2013,15,1,14,270,1,1,1,2,,49.1441,0.3245
201300001366,9,1,2013,11,1,14,514,1,1,2,6,,49.2621,0.1739
201300001367,15,1,2013,19,5,14,578,1,2,2,3,CARREFOUR DE LA VIERGE,49.3553,0.17072
201300001368,17,6,2013,17,1,14,161,1,1,1,6,LA CROIX AUX AUBERTS,49.2325,0.13019
201300001369,3,8,2013,19,1,14,492,1,1,1,1,,0.0,0.0
201300001370,20,8,2013,15,1,14,578,2,1,1,1,CD 74,0.0,0.0
201300001371,21,8,2013,14,1,14,578,1,1,1,6,,0.0,0.0
201300001372,9,11,2013,15,1,14,286,2,1,2,1,,0.0,0.0
201300001373,11,12,2013,14,1,14,514,2,1,1,6,Rue Hamelin,0.0,0.0
201300001374,19,12,2013,11,1,14,514,1,9,1,3,,0.0,0.0
201300001375,24,2,2013,3,3,14,398,1,1,4,6,,49.1829,0.16975
201300001376,18,4,2013,14,1,14,474,1,1,1,6,NOTRE DAME D'ESTREES,49.1369,-0.00562
201300001377,25,4,2013,4,3,14,473,1,1,5,3,D613 NOTRE DAME DE LIVAY,49.1143,0.0482
201300001378,24,4,2013,11,1,14,494,1,1,1,2,RD400 PERIERS EN AUGE,49.2727,-0.10254
201300001379,26,5,2013,5,2,14,754,2,8,1,6,CD 118 AVENUE DE LA GARE,49.3173,0.01141
201300001380,22,11,2013,16,1,14,494,1,1,1,3,,0.0,0.0
201300001381,26,12,2013,8,2,14,474,1,1,1,2,,0.0,0.0
201300001382,6,3,2013,13,1,14,545,1,2,2,3,,48.832,-0.86475
201300001383,28,3,2013,8,1,14,762,2,1,1,1,RUE DE L'ARTISANAT,0.0,0.0
201300001384,21,4,2013,15,1,14,762,1,1,7,2,ST MARTIN DE TALLEVENDE,48.8447,-0.91371
201300001385,29,6,2013,15,1,14,762,2,1,1,6,RUE EMILE CHESNEL,48.835,-0.88719
201300001386,30,6,2013,7,1,14,762,1,1,1,6,,0.0,0.0
201300001387,7,8,2013,17,1,14,658,1,1,3,2,,0.0,0.0
201300001388,23,8,2013,12,1,14,717,1,1,1,5,,0.0,0.0
201300001389,8,11,2013,10,1,14,762,2,1,2,2,rue ancienne brasserie,0.0,0.0
201300001390,9,11,2013,16,1,14,127,1,2,2,3,,0.0,0.0
201300001391,30,12,2013,15,1,14,412,1,3,1,3,,0.0,0.0
201300001392,15,1,2013,14,1,14,579,1,1,4,6,,0.0,0.0
201300001393,14,4,2013,17,1,14,27,1,1,1,6,AUNAY SUR ODON,49.0043,-0.61881
201300001394,1,6,2013,19,1,14,655,1,1,1,6,(LA VAUTELIEREDDD),48.9543,-0.7948
201300001395,18,7,2013,19,1,14,27,2,1,1,1,le petit hamel,49.021,-0.646
201300001396,16,8,2013,8,1,14,632,1,1,1,6,,0.0,0.0
201300001397,12,9,2013,8,1,14,27,1,1,1,1,,49.024,-0.607
201300001398,24,4,2013,10,1,14,442,1,1,1,1,RD56 MONTCHAMP,48.9181,-0.76319
201300001399,4,6,2013,17,1,14,65,1,3,1,1,L'EPINE MOTTE,48.8288,-0.76118
201300001400,5,7,2013,18,1,14,746,1,9,1,3,,0.0,0.0
201300001401,8,7,2013,11,1,14,746,2,1,1,5,LA MERCERIE,0.0,0.0
201300001402,26,12,2013,17,2,14,572,1,1,1,2,,0.0,0.0
201300001403,14,7,2013,15,1,50,470,1,1,1,7,LES LANDES,49.2325,-1.27687
201300001404,23,7,2013,16,1,50,470,2,1,1,1,RUE DES BOHONS,49.2536,-1.27337
201300001405,7,2,2013,19,3,50,606,1,1,1,2,HAMEAU SAINT MARTIN,49.1975,-1.23842
201300001406,26,2,2013,17,3,50,119,1,2,1,3,,49.1826,-1.22989
201300001407,27,7,2013,17,1,50,110,2,1,1,6,RUE DES HALLES,49.1936,-0.93588
201300001408,22,9,2013,6,2,50,248,1,1,2,6,LA TERETTE,49.1898,-1.20044
201300001409,22,11,2013,12,1,50,292,2,1,8,6,RUE DU 13 JUIN 1944,49.0986,-1.23988
201300001410,10,2,2013,21,5,94,54,1,1,2,6,RUE MARYSE HILSZ,48.7308,2.36251
201300001411,11,2,2013,11,1,94,54,1,1,2,6,RUE DE ROME,0.0,0.0
201300001412,24,3,2013,18,1,94,54,1,1,1,6,RUE DES TRANSPORTEURS,0.0,0.0
201300001413,18,3,2013,12,1,94,54,1,1,2,6,RUE DE LA CHAPELLE,48.7377,2.37305
201300001414,14,5,2013,20,1,94,54,1,1,1,6,AVE DE L'UNION,48.7288,2.36411
201300001415,17,5,2013,18,1,94,54,1,1,1,6,VOIE DE SECOURS OUEST,48.7302,2.36038
201300001416,29,4,2013,20,1,50,224,1,1,1,7,LE SAUSSEY,48.9824,-0.9564
201300001417,23,5,2013,23,5,94,54,1,1,8,6,AV LOUIS BLERIOT,48.7404,2.36051
201300001418,27,5,2013,20,1,50,139,2,1,1,1,LA HUE DE LOUP,49.0766,-1.0317
201300001419,9,7,2013,15,1,94,54,1,1,1,7,AV DE L'AEROPORT,48.7364,2.36474
201300001420,10,7,2013,15,1,94,54,1,3,1,3,ROME/FABRE,48.7295,2.3637
201300001421,17,7,2013,17,1,94,54,1,1,1,2,AV DE PARIS,48.7303,2.36953
201300001422,31,7,2013,20,1,94,54,1,1,1,4,AV DE PARIS,48.7375,2.36482
201300001423,7,7,2013,11,1,50,75,1,1,1,1,ROUTE DES ROCHES DU HAM,49.0216,-1.0348
201300001424,27,9,2013,14,1,94,54,1,1,1,1,R M ALBERT,48.744,2.36484
201300001425,29,9,2013,14,1,94,54,1,1,1,2,AV DE PARIS,48.7367,2.36516
201300001426,18,10,2013,9,1,94,54,1,1,5,6,RUE DES TRANSPORTEURS,48.7288,2.35982
201300001427,2,11,2013,15,1,94,54,1,1,1,7,AV JACQUELINE AURIOL,48.7424,2.35941
201300001428,7,11,2013,18,5,94,54,1,1,2,6,PARKING P0,48.7287,2.36188
201300001429,19,11,2013,14,1,94,54,1,1,8,6,RUE DU MUSEE,48.7308,2.36861
201300001430,24,11,2013,15,1,94,54,1,3,8,3,RUE CLEMENT ADER,48.7319,2.36571
201300001431,27,11,2013,10,1,94,54,1,1,8,6,RUE DU MUSEE,48.7307,2.3685
201300001432,19,12,2013,13,1,94,54,1,1,1,6,PARKING P5,48.7312,2.36318
201300001433,7,4,2013,17,1,50,612,1,2,1,3,,48.6746,-1.40968
201300001434,18,6,2013,3,3,50,584,1,1,1,6,LE BOIS DES MONTS,48.7342,-1.34889
201300001435,2,8,2013,16,1,50,554,1,1,1,3,RUE JEANNE PAISNEL,48.6798,-1.27819
201300001436,12,8,2013,7,1,50,554,1,1,7,2,RUE JEANNE PAISNEL,48.6788,-1.29047
201300001437,4,9,2013,9,1,50,25,2,1,7,6,BOULEVARD FOCH,48.6828,-1.35984
201300001438,20,9,2013,11,1,50,597,1,3,1,1,LE CHENE AU LOUP,48.709,-1.31988
201300001439,26,10,2013,2,5,50,25,2,9,1,6,,48.6893,-1.36135
201300001440,8,12,2013,20,3,50,516,1,1,1,6,ROUTE DES M,48.6628,-1.3534
201300001441,26,1,2013,21,3,50,540,1,1,2,2,LE CHATEAU,48.7825,-1.49902
201300001442,22,4,2013,20,1,50,282,1,1,1,6,LA MEDECINIERE,48.762,-1.33012
201300001443,26,5,2013,3,3,50,38,1,1,1,6,VILLAGE AU MONNIER,48.8291,-1.38052
201300001444,31,5,2013,7,1,50,9,1,1,1,1,L'HOTELLERIE,48.7476,-1.48451
201300001445,22,6,2013,22,2,50,565,1,1,8,2,LA VILLE,48.7737,-1.48625
201300001446,11,8,2013,13,1,50,237,1,2,1,3,ROUTE DE LA PICHARDIERE,48.804,-1.37041
201300001447,22,8,2013,15,1,50,102,2,4,1,2,CHEMIN DES PECHEURS,48.7594,-1.56696
201300001448,13,10,2013,12,1,50,102,2,1,1,6,ROUTE DE LA PLAGE,48.7593,-1.56693
201300001449,26,10,2013,18,2,50,282,1,1,8,7,LE PERRON,48.7657,-1.33798
201300001450,31,10,2013,17,2,50,540,1,2,1,3,LE CHATEAU,48.785,-1.50273
201300001451,11,11,2013,10,1,50,237,2,1,7,6,RUE DES ABRINCATES,48.794,-1.39642
201300001452,21,2,2013,17,1,50,443,2,1,1,6,RUE SAINT THOMAS,48.5094,-1.45045
201300001453,30,3,2013,11,1,50,337,1,1,1,3,LA GARDINIERE,48.4576,-1.38579
201300001454,9,4,2013,21,3,50,487,1,1,2,7,HAMEAU LES LANDES,48.5378,-1.38137
201300001455,23,5,2013,19,2,50,19,1,2,1,3,,48.5349,-1.48875
201300001456,23,8,2013,10,1,50,168,1,1,1,3,MORTRIE,48.6051,-1.27593
201300001457,3,11,2013,2,3,50,448,1,1,1,1,LE HERISSAIS,48.5701,-1.29726
201300001458,3,11,2013,10,1,50,543,1,3,1,3,,48.6468,-1.35244
201300001459,28,1,2013,14,1,50,495,1,1,8,4,LE MERCERIE,48.778,-1.18705
201300001460,28,3,2013,19,2,50,60,1,1,1,7,RUE DE LA VIERGE,48.868,-1.24871
201300001461,17,5,2013,20,1,50,130,1,2,1,3,,48.7918,-1.19632
201300001462,6,6,2013,16,1,50,130,1,2,1,1,,48.7918,-1.19632
201300001463,26,10,2013,12,1,50,639,2,3,1,5,RUE JEAN DEVE,48.834,-1.2262
201300001464,1,11,2013,9,1,50,74,2,7,1,7,PLACE DE L'EGLISE,48.725,-1.16616
201300001465,11,1,2013,10,1,50,187,1,3,1,2,,49.6025,-1.73339
201300001466,16,2,2013,17,1,50,386,1,1,1,6,LA CROIX DU TOURP,49.6909,-1.83901
201300001467,19,2,2013,19,3,50,599,1,1,1,6,LA LONGUE CHASSE,49.5948,-1.60803
201300001468,8,7,2013,15,1,50,57,1,1,1,3,,49.6227,-1.82277
201300001469,9,7,2013,18,1,50,416,1,2,7,3,LA RIVIERE,49.6687,-1.71654
201300001470,22,7,2013,18,1,50,57,2,3,1,3,LE MOITIER,49.6233,-1.82568
201300001471,22,1,2013,17,2,50,82,2,2,2,3,RUE PIERRE MARIE,49.47,-1.64118
201300001472,20,2,2013,8,1,50,646,1,1,9,1,LA HELLETERIE,49.4504,-1.694
201300001473,14,4,2013,16,1,50,369,1,2,1,1,LA CROX JACOB,49.5169,-1.55924
201300001474,1,6,2013,3,3,50,572,1,1,1,6,LE BECQUET,49.4271,-1.78883
201300001475,8,6,2013,13,1,50,160,1,1,1,1,,49.3145,-1.68118
201300001476,22,6,2013,11,1,50,82,1,2,2,3,LA RAMEE,49.4652,-1.65899
201300001477,30,7,2013,23,3,50,418,1,1,1,1,,49.4915,-1.69014
201300001478,8,9,2013,15,1,50,240,1,1,2,1,ESTOUVILLE,49.5673,-1.77557
201300001479,18,9,2013,10,1,50,82,1,1,1,1,LE BAS DE CATIGNY,49.4776,-1.65877
201300001480,18,9,2013,10,1,50,31,2,1,1,3,RUE HAUVET,49.3807,-1.75342
201300001481,27,9,2013,7,2,50,240,1,1,1,3,,49.5538,-1.79512
201300001482,5,2,2013,7,5,50,551,2,3,2,6,R LEMARINEL/RTE BRICQUEC,49.3873,-1.53013
201300001483,7,6,2013,19,1,50,587,1,1,1,7,HAMEAU LA BARRE,49.3667,-1.57304
201300001484,21,7,2013,7,1,50,49,1,1,1,1,HAMEAU VASSELIN,49.3661,-1.61537
201300001485,5,10,2013,13,1,50,467,1,2,1,3,LE MESNILDOT,49.4977,-1.36087
201300001486,25,1,2013,18,5,50,615,2,1,1,6,BOULEVARD FELIX BUHOT,49.511,-1.47658
201300001487,6,2,2013,22,3,50,433,1,1,1,6,RUE DU GENERAL DE GAULLE,49.6149,-1.25946
201300001488,25,2,2013,13,1,50,87,1,1,1,1,ROUTE DU MONT FANU,49.56,-1.61698
201300001489,18,5,2013,10,1,50,615,2,1,1,6,RUE DES ORMES,49.5016,-1.47987
201300001490,4,6,2013,17,1,50,150,1,1,1,7,LE BAS DE CRASVILLE,49.551,-1.31775
201300001491,6,6,2013,14,1,50,77,1,2,1,1,LES FOSSES A TERRE,49.6425,-1.51712
201300001492,18,7,2013,8,1,50,87,2,1,1,3,ROUTE DES HAGUENEES,49.5637,-1.5818
201300001493,21,7,2013,16,1,50,562,1,3,1,3,ROUTE DE REVILLE,49.5983,-1.26335
201300001494,5,9,2013,8,1,50,162,2,3,1,3,LE DOUET PICOT,49.6423,-1.52656
201300001495,17,10,2013,16,1,50,595,1,1,1,6,LA FILATURE,49.6177,-1.45183
201300001496,6,12,2013,16,1,50,595,1,2,1,5,ROUTE DE SAINT PIERRE,0.0,0.0
201300001497,17,12,2013,17,5,50,615,2,1,2,6,BOULEVARD DE VERDUN,49.5076,-1.46613
201300001498,19,12,2013,18,3,50,209,1,1,2,3,LES AULNAYS,49.6301,-1.4486
201300001499,21,3,2013,12,1,50,279,1,1,2,1,LA BILLARDIERE,49.1024,-1.33633
201300001500,29,3,2013,20,3,50,464,1,1,1,6,CHANTERAINE,49.0074,-1.39776
201300001501,18,5,2013,18,1,50,92,1,2,1,3,LE MERIOTEL,49.0876,-1.39052
201300001502,31,12,2013,18,3,50,109,1,1,1,6,LA FAVERIE,48.905,-1.48325
201300001503,18,5,2013,18,1,50,266,1,1,1,6,LA FONTAINE,48.9361,-1.38102
201300001504,15,8,2013,18,1,50,605,1,2,1,3,LES HAUTS VENTS,48.9647,-1.40166
201300001505,18,8,2013,0,3,50,228,2,1,1,6,RUE DE LA GARE,48.947,-1.26965
201300001506,31,8,2013,7,2,50,320,1,1,8,1,L'ARCHERIE,48.8613,-1.38729
201300001507,23,9,2013,8,1,50,143,1,3,1,4,VILLAGE FLEURY,48.8781,-1.53266
201300001508,30,9,2013,8,2,50,15,1,1,1,1,,48.9646,-1.53716
201300001509,20,10,2013,19,3,50,143,1,1,1,1,LE VICQUET,48.8753,-1.53469
201300001510,14,11,2013,18,3,50,336,1,1,9,6,LA FOUBERDIERE,48.9002,-1.26199
201300001511,18,11,2013,20,3,50,349,1,1,3,5,LES VIEUX CHEMINS.,49.0025,-1.52048
201300001512,16,2,2013,18,2,50,340,1,3,1,1,,49.1208,-1.36168
201300001513,8,5,2013,13,1,50,267,1,1,1,5,,49.2265,-1.56489
201300001514,18,5,2013,3,3,50,364,1,1,1,6,LE HAUT BINGARD,49.1352,-1.50503
201300001515,25,5,2013,19,1,50,198,1,1,1,7,LA BARBOTERIE,49.1314,-1.57376
201300001516,13,6,2013,15,1,50,166,1,2,1,1,,49.3352,-1.53328
201300001517,19,6,2013,18,1,50,151,1,2,1,3,,49.1902,-1.57198
201300001518,24,6,2013,19,1,50,617,2,2,1,3,PLACE FRANCIS ENAULT,49.337,-1.49635
201300001519,30,6,2013,17,1,50,438,1,1,1,6,,49.1364,-1.43318
201300001520,1,7,2013,16,1,50,236,2,3,1,3,RUE DU DOCTEUR CALLEGARI,49.2905,-1.53867
201300001521,10,7,2013,11,1,50,236,2,1,1,6,RUE DU CHAMP DE FOIRE,49.2926,-1.5451
201300001522,17,7,2013,18,1,50,236,1,1,1,6,RUE DE LA MER,49.2766,-1.54669
201300001523,31,8,2013,0,3,50,182,1,1,1,6,,49.1731,-1.51754
201300001524,7,9,2013,11,1,50,586,1,1,7,1,RUE DE SURVILLE,49.2851,-1.65469
201300001525,29,9,2013,1,3,50,415,1,1,2,6,LA COUILLARDERIE,49.319,-1.44921
201300001526,29,9,2013,5,3,50,151,1,1,5,3,,49.1843,-1.52118
201300001527,29,10,2013,17,1,50,78,2,1,7,6,RUE DU BOURG,49.2608,-1.63214
201300001528,6,1,2013,18,3,50,625,1,2,5,3,LES QUATRE VENTS,48.7539,-0.90622
201300001529,17,1,2013,14,1,50,195,1,3,1,3,LA HUSSAIRE,48.7554,-0.95133
201300001530,14,4,2013,1,3,50,428,1,1,8,6,VAUSBERG,48.6771,-1.07675
201300001531,4,6,2013,7,1,50,428,1,1,1,6,LA ROCHE,48.6759,-1.09846
201300001532,3,7,2013,14,1,50,582,2,1,1,6,PLACE DU CHAMP DE FOIRE,48.7219,-0.9172
201300001533,2,7,2013,14,1,50,193,1,1,1,7,,48.697,-0.81315
201300001534,24,8,2013,18,1,50,428,1,1,1,7,LE SAPIN,48.6775,-1.08124
201300001535,2,9,2013,19,1,50,131,1,1,7,6,LES PLACES,48.7085,-1.01488
201300001536,3,9,2013,12,1,50,193,1,1,1,6,L'AUJARDIERE,48.7076,-0.8275
201300001537,15,11,2013,17,1,50,582,1,1,1,1,LA BLANDELLIERE,48.7009,-0.91062
201300001538,23,11,2013,12,1,50,359,2,4,1,3,ROUTE DE VIRE,48.6585,-0.94733
201300001539,29,11,2013,7,1,50,359,1,1,5,6,BOUILLANT,48.6396,-0.91548
201300001540,16,1,2013,8,2,50,484,2,1,1,6,RUE DE LA REPUBLIQUE,48.5783,-1.09786
201300001541,13,5,2013,19,1,50,484,2,2,1,6,PLACE SAINT MIMCHEL,48.5776,-1.09426
201300001542,4,1,2013,13,1,01,53,2,2,8,3,VERNE (AVENUE JEAN MARIE,0.0,0.0
201300001543,12,1,2013,5,3,01,289,1,1,1,7,"SANS, BELLEVUE ( CHEMIN",0.0,0.0
201300001544,14,1,2013,19,5,01,289,2,3,1,3,"71, EGLISE (CHEMIN DE L'",46.1814,5.19855