Num_Acc,jour,mois,an,hr,condition_eclairage,departement,commune,condition_agglomeration,intersection,condition_atmosphere,type_collision,adresse,lattitude,longitude
201300001545,15,1,2013,16,1,01,53,2,2,4,7,ROBIN ( RUE CHARLES),46.2059,5.22858
201300001546,15,1,2013,16,1,01,53,2,1,4,6,"1, MAQUIS ( PLCE DU CL R",46.206,5.23468
201300001547,20,1,2013,9,1,01,53,2,3,1,1,LE HON ( RUE LEOPOLD ),46.202,5.2318
201300001548,28,1,2013,7,5,01,53,2,2,8,6,LEVRIER ( BD ANDRE) IMPA,46.2097,5.22761
201300001549,29,1,2013,7,2,01,53,2,2,1,7,"SANS, HUCHET ( BOULEVARD",0.0,0.0
201300001550,31,1,2013,15,1,01,53,2,1,1,6,CHALLES (ALLEE) N   1 A,0.0,0.0
201300001551,1,2,2013,21,5,01,53,2,2,2,6,LEVRIER ( BD ANDRE) IMPA,46.2097,5.22761
201300001552,4,2,2013,20,3,01,451,1,1,2,2,STRASBOURG (ROUTE DE),0.0,0.0
201300001553,6,2,2013,18,5,01,344,2,6,2,6,TREVOUX (AVENUE DE),46.2007,5.19777
201300001554,18,2,2013,14,1,01,53,2,2,1,3,ALBERT 1ER (RUE),0.0,0.0
201300001555,21,2,2013,11,1,01,53,2,2,1,3,CHARTREUSE ( RUE DE LA ),0.0,0.0
201300001556,21,2,2013,12,1,01,53,2,3,1,3,MAIL (AVENUE DU ),0.0,0.0
201300001557,1,3,2013,7,5,01,53,2,2,5,7,LEVRIER ( BD ANDRE) IMPA,0.0,0.0
201300001558,1,3,2013,15,1,01,451,1,6,8,3,", MARBOZ RD 996 ( ROUTE",46.2391,5.22897
201300001559,7,3,2013,18,1,01,451,1,3,1,6,MARBOZ RD 996 ( ROUTE DE,46.2487,5.23033
201300001560,12,3,2013,14,1,01,451,1,3,1,3,RD 975,46.2597,5.17692
201300001561,15,3,2013,5,5,01,344,2,1,1,2,"1317, TREVOUX (AVENUE DE",46.2,5.19153
201300001562,15,3,2013,17,1,01,451,1,1,1,2,POLLIAT (ROUTE DE ) IMPA,46.2267,5.20512
201300001563,15,3,2013,21,5,01,53,2,2,1,1,ALSACE LORRAINE (AVENUE,0.0,0.0
201300001564,18,3,2013,17,1,01,53,2,3,8,6,"17, LAMARTINE ( RUE)",0.0,0.0
201300001565,24,3,2013,10,1,01,451,1,1,1,1,RD 975,46.2443,5.18992
201300001566,27,3,2013,8,1,01,53,2,1,1,2,"11 BIS, CITADELLE ( RUE",0.0,0.0
201300001567,30,3,2013,19,5,01,53,2,1,2,1,"SANS, HERRIOT ( BOULEVAR",46.2098,5.22588
201300001568,2,4,2013,8,1,01,451,1,1,1,4,RD 975,46.2333,5.20013
201300001569,6,4,2013,16,1,01,53,2,1,1,1,"14, MONTESQUIEU (RUE)",0.0,0.0
201300001570,7,4,2013,15,1,01,53,2,2,1,3,ALSACE LORRAINE (AVENUE,0.0,0.0
201300001571,8,4,2013,16,1,01,344,2,2,1,2,", TREVOUX (AVENUE DE)",46.1994,5.18558
201300001572,8,4,2013,16,1,01,53,2,2,1,1,PONT DES CHEVRES ( RUE D,46.2103,5.22161
201300001573,15,4,2013,8,1,01,451,1,1,1,6,"290, GARE ( CHEMIN DE LA",0.0,0.0
201300001574,17,4,2013,14,1,01,344,2,1,1,2,"1250, TREVOUX (AVENUE DE",46.1994,5.18539
201300001575,17,4,2013,17,1,01,53,2,2,1,6,LECLERC (BVD  MARECHAL C,0.0,0.0
201300001576,19,4,2013,17,1,01,53,2,1,1,5,"84, BROU ( BD N 68 A 182",0.0,0.0
201300001577,22,4,2013,12,1,01,53,2,1,1,6,"6, BRIAND ( RUE ARISTIDE",0.0,0.0
201300001578,25,4,2013,17,1,01,289,1,2,1,3,LENT ( ROUTE DE ),46.1768,5.23436
201300001579,27,4,2013,20,5,01,451,2,6,2,7,"0, MARBOZ RD 996 ( ROUTE",46.2391,5.22897
201300001580,29,4,2013,13,1,01,53,2,3,2,7,"0, BARBEROT PAUL ( AVENU",0.0,0.0
201300001581,6,5,2013,12,1,01,289,1,2,1,3,ROCADE (LA) COTE OUEST,46.1698,5.19128
201300001582,10,5,2013,9,1,01,451,1,6,2,2,STRASBOURG (ROUTE DE),46.2292,5.25704
201300001583,11,5,2013,19,1,01,53,2,1,1,6,"128, ERABLES (RUES DES)",0.0,0.0
201300001584,12,5,2013,17,1,01,53,2,2,1,3,BASILIQUE ( RUE DE LA,0.0,0.0
201300001585,14,5,2013,16,1,01,53,2,3,1,3,"04, CHAMP DE FOIRE ( AVE",0.0,0.0
201300001586,17,5,2013,5,5,01,53,2,1,2,5,BROU ( BD N 65 B A FIN),46.1938,5.23928
201300001587,17,5,2013,20,1,01,53,2,1,8,1,KENNEDY BVD J  - PAIR ),46.2054,5.24278
201300001588,19,5,2013,10,1,01,289,2,6,2,2,"1200, LYON (AVE DE) JUSQ",46.1752,5.19967
201300001589,25,5,2013,16,1,01,451,2,1,1,4,"282, MACON ( AVE DE)",0.0,0.0
201300001590,27,5,2013,14,1,01,53,2,1,1,6,17RUE DU 4 SEPTEMBRE,0.0,0.0
201300001591,2,6,2013,6,2,01,289,1,1,2,1,,46.1728,5.26014
201300001592,9,6,2013,9,1,01,53,2,1,1,3,PELOUX ( RUE DU ),0.0,0.0
201300001593,13,6,2013,9,1,01,53,2,3,1,3,MERCIER (AVENUE AMEDEE D,46.1999,5.2545
201300001594,18,6,2013,19,1,01,53,2,2,1,1,JOLIOT CURIE ( BOULEVARD,46.2081,5.2366
201300001595,20,6,2013,7,1,01,53,1,1,1,3,PARME  ( AVENUE DE,0.0,0.0
201300001596,21,6,2013,13,1,01,344,1,1,1,6,BRESSE (AVENUE DE),46.203,5.19748
201300001597,24,6,2013,15,1,01,451,2,3,1,3,"1, GOUVERNEUR LOUIS VABR",0.0,0.0
201300001598,25,6,2013,8,1,01,289,1,1,1,1,"SN, ROCADE ( LA) COTE ES",46.1875,5.19377
201300001599,25,6,2013,8,1,01,53,2,1,1,6,"2, JOLIOT CURIE ( BOULEV",46.2093,5.23393
201300001600,5,7,2013,10,1,01,451,1,1,1,3,"SANS, MEILLONNAS ( CHEMI",46.2396,5.27599
201300001601,9,7,2013,16,1,01,53,2,3,1,3,STAND ( RUE DU ),0.0,0.0
201300001602,9,7,2013,16,1,01,53,2,2,1,3,HERRIOT ( BOULEVARD EDOU,46.2103,5.22161
201300001603,10,7,2013,14,1,01,451,1,1,1,2,STRASBOURG (ROUTE DE),46.2265,5.25455
201300001604,11,7,2013,22,5,01,53,2,1,1,6,"13, STAND ( RUE DU )",0.0,0.0
201300001605,13,7,2013,2,5,01,344,1,2,1,3,DOMBES (AVENUE DE LA),46.1907,5.19714
201300001606,14,7,2013,15,1,01,53,1,6,1,3,,46.2209,5.2492
201300001607,27,7,2013,13,1,01,53,2,1,1,3,BAUDIN (AVENUE ALPHONSE),0.0,0.0
201300001608,31,7,2013,22,5,01,344,2,1,1,1,"1500, TREVOUX (AVENUE DE",0.0,0.0
201300001609,5,8,2013,13,1,01,53,2,6,1,3,CRETS ( ROND POINT DES),46.2417,5.2293
201300001610,7,8,2013,13,1,01,53,2,3,3,3,DHONNE ( AVE CAPITAINE),0.0,0.0
201300001611,8,8,2013,12,1,01,451,1,1,3,3,"5600, PARIS (ROUTE DE)",46.2597,5.17689
201300001612,12,8,2013,10,1,01,344,2,3,1,2,"480, TREVOUX (AVENUE DE)",0.0,0.0
201300001613,13,8,2013,19,1,01,451,1,1,1,5,STRASBOURG (ROUTE DE),46.225,5.25313
201300001614,15,8,2013,19,1,01,53,2,1,1,2,"SANS, ANCIENS COMBATTANT",0.0,0.0
201300001615,27,8,2013,12,1,01,53,2,1,2,6,"22, ALSACE LORRAINE (AVE",0.0,0.0
201300001616,3,9,2013,17,1,01,451,2,6,1,3,PARIS (ROUTE DE),0.0,0.0
201300001617,7,9,2013,19,2,01,451,1,5,2,5,PARIS (ROUTE DE),0.0,0.0
201300001618,13,9,2013,18,1,01,53,2,1,1,2,"0, JUIN (AVENUE MARECHAL",0.0,0.0
201300001619,13,9,2013,21,5,01,53,2,2,1,3,LYON (AVENUE DE - N? IMP,0.0,0.0
201300001620,23,9,2013,9,1,01,53,2,3,5,3,MAGINOT ( AVENUE) COTE P,0.0,0.0
201300001621,23,9,2013,19,1,01,53,2,1,1,7,"9, JASSERON (AVENUE DE -",0.0,0.0
201300001622,27,9,2013,18,1,01,53,2,2,7,3,"sans, CHARTREUSE ( RUE D",0.0,0.0
201300001623,13,10,2013,6,5,01,289,1,1,5,6,GRANGE MAGNIEN (RUE DE L,0.0,0.0
201300001624,20,10,2013,17,1,01,53,2,3,1,3,MONTESQUIEU (RUE),0.0,0.0
201300001625,22,10,2013,12,1,01,344,1,5,7,3,BRESSE (AVENUE DE),0.0,0.0
201300001626,3,11,2013,17,1,01,53,2,1,1,6,"5 bis, SPORTS ((AVENUE D",0.0,0.0
201300001627,8,11,2013,19,5,01,53,2,1,2,1,"0, MARBOZ (AVENUEDE - PA",0.0,0.0
201300001628,9,11,2013,14,1,01,53,2,2,1,3,ALBERT 1ER (RUE),0.0,0.0
201300001629,13,11,2013,7,1,01,53,2,3,1,3,"sans, HERRIOT ( BOULEVAR",0.0,0.0
201300001630,23,11,2013,5,5,01,53,2,2,1,3,BROU ( BD N?65 B A FIN),0.0,0.0
201300001631,23,11,2013,15,1,01,53,2,1,8,7,BARBEROT Paul ( Avenue),0.0,0.0
201300001632,30,11,2013,15,1,01,451,1,7,1,3,LEPINE ( RUE ),0.0,0.0
201300001633,1,12,2013,13,1,01,53,2,1,1,2,DE GAULLE ( BD GAL) IMPA,0.0,0.0
201300001634,2,12,2013,2,5,01,451,2,1,1,6,"616, MARBOZ RD 996 ( ROU",0.0,0.0
201300001635,2,12,2013,7,1,01,451,1,1,1,2,STRASBOURG (ROUTE DE),0.0,0.0
201300001636,2,12,2013,8,2,01,53,2,1,1,1,"0, ALAGNIER ( RUE DE L')",0.0,0.0
201300001637,4,12,2013,12,1,01,53,2,3,1,3,"23, BROU ( BD DU N?1 A 6",0.0,0.0
201300001638,5,12,2013,15,1,01,451,1,6,5,2,PARIS (ROUTE DE),0.0,0.0
201300001639,9,12,2013,15,1,01,53,2,1,1,6,VAVRES ( RUE DE ),0.0,0.0
201300001640,11,12,2013,14,1,01,289,1,6,5,7,LYON (AVE DE) JUSQ' N,0.0,0.0
201300001641,16,12,2013,19,5,01,53,2,3,1,3,"0, HERRIOT ( BOULEVARD E",0.0,0.0
201300001642,23,12,2013,17,5,01,53,1,8,1,6,MERCIER (AVENUE AMEDEE D,0.0,0.0
201300001643,31,12,2013,13,1,01,53,2,1,1,2,"SANS, EUROPE ( CARREFOUR",0.0,0.0
201300001644,18,3,2013,13,1,61,357,1,1,2,2,LE BOULAY,48.53788,-0.07646
201300001645,30,10,2013,14,1,61,213,1,1,1,1,L'AULNAIE,48.47655,-0.15283
201300001646,10,4,2013,10,1,61,412,2,1,1,6,30 route de PARIS,48.50765,0.36068
201300001647,24,11,2013,8,3,61,133,1,1,1,7,,48.6123,0.3426
201300001648,25,11,2013,9,1,61,464,1,2,1,3,,48.61207,0.16552
201300001649,13,12,2013,9,1,61,412,1,1,9,7,L'ENFER,48.49841,0.355
201300001650,21,12,2013,16,1,61,288,2,2,1,3,le bourg,48.76196,-0.09212
201300001651,17,2,2013,5,3,61,474,1,1,1,7,40 LES FIEFFES,48.7424,0.10474
201300001652,21,3,2013,7,2,61,494,2,1,1,6,54 RUE DE LA REPUBLIQUE,48.84376,0.03185
201300001653,2,9,2013,9,1,61,283,1,1,1,6,,48.8108,-0.06456
201300001654,20,10,2013,0,3,61,496,1,1,1,6,,48.7488,0.00082
201300001655,19,12,2013,10,1,61,179,1,1,1,5,,48.75384,-0.24061
201300001656,31,12,2013,8,2,61,138,1,3,1,3,,48.74129,0.28657
201300001657,11,3,2013,20,3,61,485,1,1,4,1,LA PRINCETIERE,48.90165,0.25423
201300001658,16,8,2013,18,1,61,157,1,1,1,1,,48.76309,0.17159
201300001659,25,8,2013,21,3,61,54,1,1,2,6,CARDAIE,48.89813,0.30502
201300001660,11,9,2013,23,3,61,253,1,3,2,3,,48.67261,0.20387
201300001661,15,3,2013,17,1,61,163,2,2,2,5,LE BAS BOURG,48.66049,-0.51946
201300001662,10,8,2013,12,1,61,201,1,1,1,2,LA BRETONNIERE,48.58598,-0.66758
201300001663,4,11,2013,17,1,61,75,1,1,7,6,LA SIMONERIE,48.50112,-0.59745
201300001664,3,1,2013,10,1,61,243,1,1,1,2,,48.58524,-0.30444
201300001665,16,1,2013,18,3,61,211,1,1,1,5,,48.55148,-0.5201
201300001666,6,2,2013,14,1,61,260,1,1,1,7,,48.65936,-0.38008
201300001667,26,6,2013,17,1,61,428,1,3,1,2,,48.61028,-0.38902
201300001668,18,7,2013,12,1,61,168,2,1,1,3,,48.58694,-0.36512
201300001669,17,8,2013,12,1,61,332,1,3,1,3,LE CHENEVAL,48.68941,-0.34475
201300001670,25,8,2013,8,1,61,431,2,3,1,6,LE BOURG,48.57977,-0.41739
201300001671,2,9,2013,17,1,61,260,1,1,1,7,LA HUDAIRIE,48.65944,-0.35867
201300001672,5,11,2013,18,2,61,35,1,1,2,1,LES MERCERIES,48.62276,-0.35967
201300001673,24,1,2013,7,2,61,376,1,1,2,7,,48.70408,-0.64303
201300001674,5,3,2013,2,3,61,486,1,1,1,7,LA HOGNERIE,48.74172,-0.71763
201300001675,17,3,2013,14,1,61,221,1,1,1,6,,48.74317,-0.46938
201300001676,27,7,2013,18,1,61,281,1,1,1,3,LA HALBOUDIERE,48.83011,-0.6653
201300001677,7,9,2013,15,1,61,287,1,2,1,1,LE PONT,48.82849,-0.58124
201300001678,2,3,2013,22,3,61,29,1,1,1,6,LE BOIS,48.56179,0.47509
201300001679,4,3,2013,18,1,61,129,1,3,1,3,LE TELLIER,48.47821,0.59889
201300001680,20,4,2013,18,1,61,293,2,1,1,3,43 FAUBOURG SAINT ELOI,48.523,0.54039
201300001681,22,4,2013,9,1,61,329,2,1,1,7,12 RUE DES MOULINS,48.44156,0.5488
201300001682,9,3,2013,23,3,61,337,1,2,8,3,LA GRILLE D AMILLY,48.32862,0.73079
201300001683,29,5,2013,16,1,61,409,1,2,1,3,,48.36448,0.65053
201300001684,8,7,2013,18,1,61,43,1,1,1,7,ST QUENTIN,48.36115,0.72324
201300001685,9,10,2013,21,3,61,185,1,1,1,1,LES BASSES BROSSES,48.3011,0.60993
201300001686,26,10,2013,5,3,61,246,1,1,2,1,,48.27342,0.77338
201300001687,18,11,2013,9,1,61,426,1,3,1,3,CHAMP MOUSSE,48.3635,0.55689
201300001688,27,12,2013,9,1,61,79,1,1,2,1,MAROISSE,48.24964,0.69537
201300001689,3,3,2013,15,1,61,214,2,2,1,3,Avenue comtesse de Segur,48.76567,0.61627
201300001690,17,3,2013,10,1,61,187,1,3,2,3,LA CHERAUDERIE,48.65867,0.58312
201300001691,31,7,2013,18,1,61,100,1,2,1,3,,48.70449,0.61578
201300001692,9,8,2013,23,3,61,425,1,1,1,7,LES BROSSES,48.63463,0.49962
201300001693,14,10,2013,7,2,61,342,1,1,1,7,LA MAISONNETTE,48.75639,0.52384
201300001694,18,12,2013,11,1,61,116,1,1,1,1,LES SOUCHES,48.36406,0.8759
201300001695,21,4,2013,3,5,44,172,2,1,1,6,74 route de Paris,47.267,-1.492
201300001696,1,9,2013,8,1,44,204,1,6,1,3,,47.279,-1.467
201300001697,2,9,2013,15,1,44,204,2,6,1,3,ROND-POINT DE HOMBERG,0.0,0.0
201300001698,5,10,2013,10,1,44,204,2,1,1,3,lieu dit la Buye,47.282,-1.456
201300001699,9,11,2013,3,4,44,172,2,1,2,6,RD723,47.275,-1.476
201300001700,23,11,2013,17,3,44,204,1,1,1,5,,0.0,0.0
201300001701,16,12,2013,6,4,44,172,1,1,1,3,,0.0,0.0
201300001702,27,12,2013,9,1,44,204,2,9,3,6,La Poste,0.0,0.0
201300001703,23,1,2013,19,1,44,26,2,1,1,1,boulevard des europ?ens,0.0,0.0
201300001704,3,2,2013,2,5,44,26,1,1,1,5,Echangeur madeleine,0.0,0.0
201300001705,6,5,2013,19,1,44,26,1,1,1,3,rte de thouaré,0.0,0.0
201300001706,3,9,2013,18,1,44,26,2,9,1,1,parking moulin boisseau,0.0,0.0
201300001707,16,11,2013,9,1,44,26,1,6,7,3,,0.0,0.0
201300001708,12,1,2013,10,1,44,14,1,1,3,1,La forêt de toufou,47.136,-1.504
201300001709,23,4,2013,22,3,44,22,1,1,1,6,,0.0,0.0
201300001710,28,4,2013,15,1,44,216,1,1,1,1,le patis,47.01,-1.454
201300001711,30,5,2013,8,1,44,216,1,1,2,7,La Cantinière,0.0,0.0
201300001712,1,6,2013,18,1,44,63,2,9,1,2,AVENUE XAVIER RINEAU,0.0,0.0
201300001713,13,7,2013,23,3,44,102,1,1,1,3,la noisetterie,47.044,-1.471
201300001714,9,9,2013,18,1,44,14,1,1,1,1,,47.104,-1.472
201300001715,12,11,2013,8,1,44,22,1,3,5,3,,0.0,0.0
201300001716,1,2,2013,16,1,44,174,1,1,3,1,le grand clavier,47.044,-1.708
201300001717,16,3,2013,3,3,44,41,1,1,1,6,la buchetière,47.081,-1.571
201300001718,18,5,2013,19,1,44,83,1,2,2,3,carrefour Les Jarries,47.002,-1.663
201300001719,23,6,2013,18,1,44,156,1,1,1,7,Le Petit Coin,0.0,0.0
201300001720,5,10,2013,2,3,44,83,2,1,1,6,21 RUE GAZET DE LA NOE,0.0,0.0
201300001721,16,1,2013,19,2,44,198,1,1,8,5,,0.0,0.0
201300001722,14,2,2013,20,3,44,215,1,2,1,3,La Chênaie,0.0,0.0
201300001723,10,7,2013,15,1,44,215,2,6,1,3,Boulevard Auguste PRIOU,0.0,0.0
201300001724,11,7,2013,15,1,44,198,2,1,1,6,rue georges Clemenceau,0.0,0.0
201300001725,20,8,2013,10,1,44,215,1,6,1,3,,0.0,0.0
201300001726,3,9,2013,14,1,44,215,2,1,1,3,route de la gare,0.0,0.0
201300001727,28,9,2013,14,1,44,198,1,1,2,5,,0.0,0.0
201300001728,23,11,2013,5,5,44,198,2,1,1,6,Route de NANTES,0.0,0.0
201300001729,1,12,2013,2,3,44,198,1,1,9,6,,0.0,0.0
201300001730,25,4,2013,8,2,44,213,1,1,7,7,La gilleterie,0.0,0.0
201300001731,19,5,2013,1,3,44,3,1,6,3,6,la marchanderie,0.0,0.0
201300001732,26,5,2013,20,2,44,213,1,1,7,3,chemin vert,0.0,0.0
201300001733,30,6,2013,17,1,44,96,1,1,1,3,la coutume,0.0,0.0
201300001734,31,8,2013,17,1,44,3,1,2,1,3,,0.0,0.0
201300001735,13,9,2013,9,1,44,213,2,1,1,6,rue mar?chal foch,0.0,0.0
201300001736,2,10,2013,20,3,44,213,1,1,1,6,,0.0,0.0
201300001737,5,10,2013,20,3,44,160,1,1,1,1,,0.0,0.0
201300001738,28,11,2013,12,1,44,3,2,1,1,6,Boulevard pasteur,0.0,0.0
201300001739,1,12,2013,18,3,44,4,1,1,1,3,,0.0,0.0
201300001740,20,12,2013,9,1,44,96,1,1,1,6,,0.0,0.0
201300001741,5,2,2013,20,3,44,212,1,1,1,3,Les roseaux,0.0,0.0
201300001742,9,2,2013,12,1,44,32,1,2,1,3,,0.0,0.0
201300001743,30,3,2013,2,3,44,84,1,1,2,7,Le Pré Neuf,0.0,0.0
201300001744,23,5,2013,0,3,44,79,1,1,1,6,10 route de la cale,0.0,0.0
201300001745,2,7,2013,22,2,44,212,1,1,2,7,le poirou,0.0,0.0
201300001746,8,8,2013,10,1,44,108,1,1,1,2,la frechotiere,0.0,0.0
201300001747,6,10,2013,1,4,44,29,1,1,5,3,,0.0,0.0
201300001748,19,4,2013,13,1,44,107,1,1,1,6,Le Pont Esnault,0.0,0.0
201300001749,13,7,2013,17,1,44,77,1,1,1,7,,0.0,0.0
201300001750,23,7,2013,9,1,44,77,1,1,2,1,L'Orgerais,0.0,0.0
201300001751,25,8,2013,3,5,44,82,2,1,1,6,rue de la Libert?,0.0,0.0
201300001752,6,10,2013,23,1,44,28,1,1,1,6,,0.0,0.0
201300001753,30,10,2013,8,1,44,207,1,1,7,3,,0.0,0.0
201300001754,27,11,2013,23,3,44,144,1,1,1,6,,0.0,0.0
201300001755,6,7,2013,15,1,44,199,1,1,1,7,Le Jarrier,47.709,-1.28
201300001756,29,7,2013,11,1,44,199,1,1,1,1,bel air dougilard,47.749,-1.27
201300001757,30,9,2013,9,1,44,36,2,1,1,6,boulevard de R?publique,0.0,0.0
201300001758,19,11,2013,19,4,44,112,1,1,1,3,,0.0,0.0
201300001759,20,11,2013,0,3,44,54,1,1,1,6,,0.0,0.0
201300001760,22,12,2013,12,1,44,199,2,1,1,1,RD 20,0.0,0.0
201300001761,2,1,2013,11,1,44,67,2,9,1,6,rue de l'hotel de ville,0.0,0.0
201300001762,15,1,2013,11,1,44,15,2,1,7,3,rue de la forêt,0.0,0.0
201300001763,5,2,2013,8,1,44,185,2,1,3,3,RD 164 - Face à Fiat,47.641,-2.059
201300001764,11,2,2013,7,2,44,23,2,1,1,6,rue E Couetoux du Tertre,47.422,-1.847
201300001765,23,2,2013,15,1,44,56,1,2,1,3,La gergauderie,0.0,0.0
201300001766,2,3,2013,18,2,44,57,1,1,1,3,le moulin aumée,0.0,0.0
201300001767,14,3,2013,14,1,44,185,2,1,1,2,60 avenue Jean Burel,0.0,0.0
201300001768,25,3,2013,18,1,44,128,1,1,1,1,Le Pigeon Blanc,47.566,-1.862
201300001769,26,4,2013,17,1,44,15,1,1,1,5,Le Chene Rond,47.48,-1.71
201300001770,11,6,2013,17,1,44,15,1,1,2,7,La Moutonnerie,47.491,-1.757
201300001771,15,6,2013,19,1,44,44,1,1,1,6,Le Foy,47.664,-1.78
201300001772,2,7,2013,15,1,44,56,1,1,1,1,la buchere,47.421,-1.802
201300001773,21,7,2013,16,1,44,44,1,1,1,2,,0.0,0.0
201300001774,6,8,2013,18,1,44,15,1,2,1,3,le perche,0.0,0.0
201300001775,12,8,2013,19,1,44,128,1,2,1,5,,47.542,-1.927
201300001776,12,11,2013,15,1,44,7,1,1,8,3,,0.0,0.0
201300001777,13,11,2013,18,3,44,15,1,1,1,6,,0.0,0.0
201300001778,23,11,2013,17,3,44,57,1,1,1,3,,47.592,-2.003
201300001779,13,12,2013,2,3,44,56,1,1,5,6,,47.385,-1.79
201300001780,16,12,2013,16,1,44,15,2,1,7,6,rue Pierre Morin,47.479,-1.756
201300001781,18,12,2013,19,5,44,185,2,1,3,6,avenue jean burel,47.651,-2.081
201300001782,23,1,2013,19,3,44,205,1,1,1,6,le meix,47.467,-1.465
201300001783,2,2,2013,0,3,44,179,1,1,2,6,la grée,0.0,0.0
201300001784,4,5,2013,19,1,44,110,1,1,7,3,le lindron,0.0,0.0
201300001785,8,5,2013,19,1,44,110,2,1,1,3,rue des brosses,0.0,0.0
201300001786,22,6,2013,17,1,44,110,2,1,8,2,Route d' HERIC,0.0,0.0
201300001787,17,7,2013,21,1,44,73,2,6,1,6,rue Anne de Bretagne,0.0,0.0
201300001788,29,8,2013,10,1,44,179,1,1,1,2,,0.0,0.0
201300001789,1,10,2013,21,3,44,110,1,1,8,1,,0.0,0.0
201300001790,13,11,2013,19,3,44,179,1,1,1,1,,0.0,0.0
201300001791,17,11,2013,21,3,44,110,1,1,1,1,,0.0,0.0
201300001792,14,12,2013,11,1,44,122,2,1,1,6,RUE DE NANTES,0.0,0.0
201300001793,30,12,2013,17,2,44,73,1,2,1,3,,0.0,0.0
201300001794,26,6,2013,16,1,44,149,1,2,1,3,beaujour,0.0,0.0
201300001795,28,6,2013,7,1,44,113,2,6,1,3,Rond point de DIA - CD2,0.0,0.0
201300001796,11,1,2013,12,1,44,101,2,1,1,3,rue de la Haie d'Anchete,0.0,0.0
201300001797,9,5,2013,21,1,44,166,1,1,1,2,,47.294,1.169
201300001798,8,6,2013,20,1,44,18,1,3,1,1,les mimosas,0.0,0.0
201300001799,29,7,2013,9,1,44,130,1,2,1,5,,0.0,0.0
201300001800,1,8,2013,20,1,44,130,1,1,7,5,les heuderies,0.0,0.0
201300001801,16,9,2013,7,1,44,24,1,3,1,3,,0.0,0.0
201300001802,18,9,2013,18,1,44,18,1,1,1,1,,0.0,0.0
201300001803,26,10,2013,19,3,44,24,1,1,2,2,,0.0,0.0
201300001804,22,11,2013,10,1,44,18,2,1,1,3,72 rue de Nantes,0.0,0.0
201300001805,23,12,2013,20,3,44,130,1,9,3,1,,0.0,0.0
201300001806,17,2,2013,17,1,44,21,1,1,1,2,,0.0,0.0
201300001807,24,7,2013,17,1,44,164,1,1,1,1,la maison bertin,0.0,0.0
201300001808,7,8,2013,14,1,44,12,2,3,1,3,rue Georges Cl?menceau,0.0,0.0
201300001809,25,8,2013,11,1,44,131,2,1,1,6,rue du hameau pecheur,0.0,0.0
201300001810,30,8,2013,18,1,44,12,1,1,1,6,,0.0,0.0
201300001811,15,9,2013,9,1,44,59,1,1,1,7,,0.0,0.0
201300001812,6,10,2013,4,3,44,131,1,1,2,6,,0.0,0.0
201300001813,27,11,2013,18,3,44,164,1,1,1,1,,0.0,0.0
201300001814,13,1,2013,14,1,44,187,1,2,1,3,,0.0,0.0
201300001815,6,2,2013,9,1,44,5,1,1,7,6,Haute perche,0.0,0.0
201300001816,23,2,2013,19,2,44,46,1,2,1,3,Le grand perret,0.0,0.0
201300001817,14,6,2013,17,1,44,5,1,1,8,1,Belle Vue,0.0,0.0
201300001818,1,7,2013,17,1,44,61,2,1,1,1,rue de Nantes,0.0,0.0
201300001819,12,7,2013,0,5,44,154,2,6,1,6,Avenue de Mindi,0.0,0.0
201300001820,19,9,2013,20,3,44,5,1,1,2,3,,0.0,0.0
201300001821,18,9,2013,8,1,44,5,1,1,2,1,,0.0,0.0
201300001822,24,9,2013,15,2,44,154,1,2,1,3,,0.0,0.0
201300001823,15,10,2013,11,1,44,46,1,1,2,1,,0.0,0.0
201300001824,25,11,2013,16,1,44,46,1,1,1,1,,0.0,0.0
201300001825,4,1,2013,22,3,44,186,1,1,1,1,Port Faisant,0.0,0.0
201300001826,18,7,2013,18,1,44,133,1,1,1,6,les planchettes,0.0,0.0
201300001827,26,7,2013,6,2,44,186,1,1,1,1,,47.116,-1.82
201300001828,31,7,2013,0,3,44,87,1,1,1,1,,0.0,0.0
201300001829,25,8,2013,15,1,44,145,1,1,1,6,la grigotte,0.0,0.0
201300001830,29,8,2013,3,3,44,220,1,1,1,1,la fosse des prés,0.0,0.0
201300001831,30,8,2013,14,1,44,87,2,1,1,2,24 rue Marcel Bruneliere,0.0,0.0
201300001832,11,10,2013,11,1,44,178,1,1,1,3,,0.0,0.0
201300001833,20,10,2013,11,1,44,181,1,1,9,6,,0.0,0.0
201300001834,5,11,2013,20,3,44,133,1,1,2,6,,0.0,0.0
201300001835,5,11,2013,20,3,44,133,1,2,2,3,,0.0,0.0
201300001836,14,11,2013,16,1,44,186,2,1,1,3,rue de la marche,0.0,0.0
201300001837,30,11,2013,15,1,44,186,1,1,1,6,,47.101,-1.792
201300001838,5,12,2013,18,3,44,181,1,2,1,3,,0.0,0.0
201300001839,15,12,2013,2,3,44,157,1,1,1,6,,0.0,0.0