Num_Acc,jour,mois,an,hr,condition_eclairage,departement,commune,condition_agglomeration,intersection,condition_atmosphere,type_collision,adresse,lattitude,longitude
201300001840,20,12,2013,19,3,44,133,1,1,1,1,,0.0,0.0
201300001841,2,1,2013,8,2,44,47,2,1,1,6,bd de la Liberation,0.0,0.0
201300001842,20,3,2013,16,1,44,47,2,6,1,2,Boulevard Blancho,0.0,0.0
201300001843,25,4,2013,18,1,44,47,1,1,1,3,Les mares jaunes,0.0,0.0
201300001844,10,5,2013,14,1,44,47,2,2,1,1,Rues Gautier et gare,0.0,0.0
201300001845,4,8,2013,9,1,44,47,2,1,1,6,rue Jean Jacques Audubon,0.0,0.0
201300001846,7,9,2013,3,3,44,47,1,1,1,6,,0.0,0.0
201300001847,1,10,2013,17,1,44,47,2,6,3,7,Rue de la Min?e,0.0,0.0
201300001848,1,10,2013,18,2,44,47,2,1,3,6,Booulevard Blancho,0.0,0.0
201300001849,30,11,2013,22,5,44,74,1,6,1,6,,0.0,0.0
201300001850,29,1,2013,15,1,44,69,1,2,1,3,carrefour kerbignon,47.378,-2.401
201300001851,9,2,2013,0,3,44,69,1,1,1,2,,47.327,-2.413
201300001852,20,3,2013,12,1,44,69,2,1,1,3,rte de la turballe,47.332,-2.439
201300001853,21,4,2013,7,2,44,183,1,1,1,7,La Salle,0.0,0.0
201300001854,27,4,2013,21,1,44,6,2,3,1,3,rue de la fontaine,0.0,0.0
201300001855,6,7,2013,14,1,44,183,2,1,1,1,Rue des Landes,47.394,-2.424
201300001856,8,7,2013,15,1,44,72,1,1,1,1,pompas,0.0,0.0
201300001857,13,7,2013,13,1,44,175,1,1,1,5,,0.0,0.0
201300001858,5,9,2013,16,1,44,69,1,1,1,3,,47.297,-2.436
201300001859,6,9,2013,17,1,44,72,1,2,1,3,,47.415,-2.35
201300001860,11,9,2013,11,1,44,69,1,3,1,3,,47.308,-2.408
201300001861,5,10,2013,13,1,44,69,1,1,1,7,,47.301,-2.434
201300001862,17,10,2013,15,1,44,69,2,1,1,1,,47.348,-2.488
201300001863,6,11,2013,9,1,44,10,2,6,1,3,rond point de la pigeonn,47.28,-2.476
201300001864,8,11,2013,7,2,44,175,1,1,3,6,,0.0,0.0
201300001865,12,11,2013,18,2,44,69,1,1,1,3,,47.328,-2.396
201300001866,15,11,2013,8,1,44,211,2,1,7,6,Chemin du Barbotin,47.311,-2.5
201300001867,30,11,2013,19,3,44,72,1,1,9,4,,47.436,-2.31
201300001868,1,12,2013,12,1,44,97,2,6,1,3,giratoire rue de Ho?dic,0.0,0.0
201300001869,14,12,2013,10,1,44,69,2,6,1,4,avenue Anne de Bretagne,47.329,-2.42
201300001870,31,12,2013,20,3,44,69,1,6,1,5,,0.0,0.0
201300001871,13,1,2013,15,1,44,52,1,1,1,1,Les Grandes Landes,0.0,0.0
201300001872,14,1,2013,17,3,44,103,1,2,2,3,15 rue de la chalandière,47.333,-2.178
201300001873,28,3,2013,13,1,44,210,2,1,1,3,38 rue louis pasteur,0.0,0.0
201300001874,18,7,2013,19,1,44,210,2,1,1,2,20 rue du brivet,47.324,-2.191
201300001875,3,8,2013,1,3,44,168,1,1,1,1,aignac,0.0,0.0
201300001876,3,10,2013,4,5,44,103,1,1,8,6,,0.0,0.0
201300001877,31,7,2013,11,1,44,129,1,1,1,1,la pile,0.0,0.0
201300001878,6,8,2013,18,1,44,98,1,1,1,6,la regaudais,0.0,0.0
201300001879,17,10,2013,7,2,44,50,1,1,5,3,,0.0,0.0
201300001880,8,1,2013,16,1,44,194,1,1,1,2,Bel Abord,0.0,0.0
201300001881,15,1,2013,12,1,44,45,1,6,1,1,la croix morzel,0.0,0.0
201300001882,14,2,2013,8,2,44,217,1,1,3,6,le bois macé,0.0,0.0
201300001883,19,2,2013,12,1,44,158,1,1,1,7,L'oiselais,47.291,1.756
201300001884,28,5,2013,11,1,44,217,2,4,1,3,RUE ANNE DE BRETAGNE,0.0,0.0
201300001885,9,6,2013,16,1,44,158,1,1,1,3,,0.0,0.0
201300001886,29,6,2013,22,1,44,203,2,1,1,6,16  Rue de la Chapelle,0.0,0.0
201300001887,15,7,2013,13,1,44,217,1,2,1,3,la saulce,0.0,0.0
201300001888,3,12,2013,9,1,44,158,1,1,1,3,,0.0,0.0
201300001889,9,3,2013,1,3,44,80,1,1,1,6,,47.311,-1.97
201300001890,7,7,2013,0,3,44,195,1,1,1,5,,47.371,-1.908
201300001891,9,8,2013,16,1,44,19,1,1,1,1,la carriaud,0.0,0.0
201300001892,26,11,2013,17,5,44,195,2,1,1,3,Boulevard Edouard Branly,0.0,0.0
201300001893,17,5,2013,20,1,49,196,2,1,1,1,,47.52005,-0.66999
201300001894,30,6,2013,19,1,49,196,1,1,1,5,La Gloutière,47.50826,-0.64395
201300001895,14,2,2013,16,1,49,194,1,1,6,1,,47.43502,-0.29524
201300001896,19,7,2013,16,1,49,194,1,2,1,3,,47.477,-0.271
201300001897,20,9,2013,17,1,49,49,1,2,7,3,,47.451,-0.16148
201300001898,1,10,2013,13,1,49,106,1,2,2,4,,47.47413,-0.3197
201300001899,9,11,2013,16,1,49,106,1,1,7,5,Les trois quartiers,47.47418,-0.33508
201300001900,7,4,2013,11,1,49,345,1,1,1,7,Bonnezeaux,47.2772,-0.48412
201300001901,19,4,2013,19,1,49,292,1,1,1,5,,47.31147,-0.61676
201300001902,22,5,2013,15,1,49,167,1,2,1,3,Martigneau,47.38487,-0.4847
201300001903,17,6,2013,18,1,49,345,2,1,1,1,,47.26773,-0.49709
201300001904,16,7,2013,17,1,49,318,1,1,1,6,,47.40151,-0.42971
201300001905,26,7,2013,17,1,49,50,1,1,1,2,,0.0,0.0
201300001906,13,10,2013,11,1,49,167,2,1,1,3,GRAND RUE,0.0,0.0
201300001907,13,2,2013,11,1,49,289,1,1,1,1,Les Rocheries,47.45534,-0.65543
201300001908,27,5,2013,18,1,49,265,1,1,1,1,,47.30594,-0.67893
201300001909,14,8,2013,11,1,49,212,2,1,1,6,rue vieille du chateau,47.38776,-0.85914
201300001910,28,9,2013,15,1,49,63,1,1,8,1,la grande chauvière,47.33665,-0.78913
201300001911,10,10,2013,21,3,49,68,1,2,1,3,Les grandes rivettes,47.40893,-0.84759
201300001912,4,5,2013,15,1,49,220,2,1,1,6,grande rue,47.74313,-0.41649
201300001913,20,8,2013,5,3,49,127,1,1,1,1,,47.682,-0.22
201300001914,16,11,2013,14,1,49,110,1,1,1,5,,47.564,-0.373
201300001915,16,2,2013,9,1,49,72,1,1,1,7,,47.18337,-1.01093
201300001916,26,6,2013,19,1,49,375,2,1,1,6,23 rue des mauges,47.14497,-1.06151
201300001917,11,7,2013,1,3,49,165,2,1,1,6,6 rue du commerce,47.17221,-0.8915
201300001918,7,12,2013,10,3,49,312,1,1,1,6,,47.165,-1.01499
201300001919,16,1,2013,17,2,49,92,1,1,1,1,,47.21917,-0.76027
201300001920,17,4,2013,12,1,49,111,2,1,1,3,6 Avenue du Gd Perigne,47.16364,-0.677
201300001921,20,4,2013,10,1,49,355,2,1,1,6,Place Abbé Thuillier,47.1219,-0.78846
201300001922,3,4,2013,14,1,49,301,1,1,1,7,le petit bois girard,47.11582,-1.0207
201300001923,17,4,2013,16,1,49,193,1,1,1,7,,47.14307,-0.84771
201300001924,24,5,2013,6,2,49,258,1,1,1,2,,47.1139,-1.05709
201300001925,10,6,2013,19,1,49,193,1,1,1,1,l'ardonnière,47.12502,-0.89466
201300001926,8,8,2013,12,1,49,301,2,6,1,1,Rond-point de Strasbourg,0.0,0.0
201300001927,30,10,2013,17,1,49,332,1,2,8,3,Etang de ruiné,47.08447,-0.95269
201300001928,20,11,2013,21,5,49,285,1,1,1,6,,0.0,0.0
201300001929,25,11,2013,15,1,49,179,1,2,1,3,,47.02066,-1.02935
201300001930,14,12,2013,8,2,49,260,1,1,1,1,,0.0,0.0
201300001931,3,1,2013,18,5,49,276,2,1,1,6,Avenue de l' Europe,47.36138,-1.01418
201300001932,23,3,2013,20,2,49,313,2,4,1,1,rue de la chapelle,47.27318,-1.029
201300001933,24,3,2013,16,1,49,313,1,1,1,7,,47.30703,-1.03328
201300001934,21,6,2013,23,5,49,276,2,1,1,1,25 avenue de l'Europe,47.36056,-1.00912
201300001935,6,7,2013,15,1,49,40,1,1,1,6,,47.34267,-1.10262
201300001936,8,8,2013,12,1,49,40,1,1,1,1,,47.348,-1.082
201300001937,17,8,2013,12,1,49,276,2,1,1,3,ROUTE DE BAUPREAU,47.35833,-1.01599
201300001938,22,8,2013,17,1,49,296,1,1,1,1,,0.0,0.0
201300001939,16,9,2013,18,1,49,83,1,1,8,1,Le bois de l'Odiere,47.30151,-0.94787
201300001940,7,12,2013,15,1,49,190,1,1,1,7,,47.359,-1.049
201300001941,9,12,2013,7,5,49,204,2,1,5,7,RUE NATIONALE,47.36646,-0.93464
201300001942,10,12,2013,9,1,49,69,2,1,5,7,rue du docteur Giffard,0.0,0.0
201300001943,21,1,2013,17,1,49,18,2,1,2,6,Parking magasin Super U,47.54584,-0.11221
201300001944,25,7,2013,23,3,49,369,2,2,1,3,D58 rue de la Roche,47.38569,0.08157
201300001945,11,8,2013,16,1,49,234,1,1,1,7,le merdron,47.43599,0.14877
201300001946,12,10,2013,15,1,49,98,1,1,1,1,L'Aurière,47.58748,0.13981
201300001947,20,10,2013,20,3,49,245,1,1,2,5,La Bohardière,47.52967,-0.03776
201300001948,21,10,2013,22,5,49,197,2,1,1,6,08 RUE DE LA GARE,0.0,0.0
201300001949,26,11,2013,16,1,49,157,1,1,1,7,,0.0,0.0
201300001950,24,12,2013,8,2,49,368,1,1,3,6,,0.0,0.0
201300001951,28,1,2013,7,2,49,47,1,2,1,3,La Pichardière,47.23065,-0.38159
201300001952,17,3,2013,18,1,49,109,1,1,8,1,les vitres,47.10979,-0.61699
201300001953,7,4,2013,17,1,49,191,1,1,1,1,Millé,47.25174,-0.44137
201300001954,12,4,2013,17,1,49,125,1,1,1,1,,47.17997,-0.27106
201300001955,3,5,2013,19,1,49,59,1,1,1,1,Les Brosses,47.08709,-0.46237
201300001956,3,6,2013,5,3,49,373,1,1,1,6,,47.14525,-0.60373
201300001957,25,6,2013,13,1,49,125,1,1,1,6,,47.19371,-0.31763
201300001958,27,6,2013,12,1,49,370,1,1,1,6,,47.26796,-0.18611
201300001959,13,7,2013,7,1,49,230,1,1,1,6,,0.0,0.0
201300001960,15,7,2013,7,1,49,373,1,1,1,1,,47.1181,-0.56093
201300001961,24,9,2013,21,3,49,191,1,1,1,6,,0.0,0.0
201300001962,20,11,2013,20,5,49,125,2,2,2,3,RUE DE CHOLET,0.0,0.0
201300001963,4,1,2013,15,1,49,378,1,1,1,7,le moulin à vent,47.3107,-0.04858
201300001964,9,1,2013,17,2,49,180,1,1,1,1,,47.37123,-0.12051
201300001965,16,2,2013,1,3,49,304,1,6,5,6,,47.30623,-0.13339
201300001966,20,4,2013,12,1,49,2,2,3,1,1,rue Albert Pottier,47.29377,0.02181
201300001967,4,5,2013,17,1,49,311,1,1,1,7,,47.39092,-0.02737
201300001968,12,6,2013,10,1,49,2,1,2,1,3,Le Gué de Louet,47.32974,0.02198
201300001969,15,6,2013,20,1,49,378,2,1,1,6,D347,47.33146,-0.0613
201300001970,26,7,2013,15,1,49,180,1,3,1,2,La gare,47.38689,-0.1145
201300001971,29,7,2013,6,2,49,261,1,1,1,1,,47.38577,-0.21536
201300001972,31,7,2013,20,1,49,180,1,1,1,1,Pont de la Trone,47.36738,-0.1226
201300001973,29,8,2013,18,1,49,41,2,3,1,3,rue des maligrattes,47.3025,0.05889
201300001974,26,9,2013,15,1,49,261,1,1,1,6,,47.397,-0.207
201300001975,31,10,2013,11,1,49,180,1,2,1,3,,47.399,-0.113
201300001976,4,11,2013,8,1,49,378,1,1,2,3,,0.0,0.0
201300001977,3,12,2013,7,2,49,261,1,1,5,2,,0.0,0.0
201300001978,20,12,2013,23,3,49,2,1,1,1,1,,47.31,0.02
201300001979,23,3,2013,5,3,49,215,2,1,1,6,AVENUE PAUL PAINLEVE,47.1325,-0.16526
201300001980,6,7,2013,23,3,49,274,1,2,1,3,,0.0,0.0
201300001981,29,10,2013,14,1,49,140,1,1,1,6,,0.0,0.0
201300001982,22,11,2013,20,3,49,131,1,1,8,1,,0.0,0.0
201300001983,18,6,2013,17,1,49,305,1,1,1,1,,47.7169,-0.70914
201300001984,9,7,2013,12,1,49,161,1,1,1,1,,0.0,0.0
201300001985,3,10,2013,20,3,49,77,1,1,3,6,,0.0,0.0
201300001986,8,6,2013,19,2,49,155,1,1,1,6,La Gautellerie,47.60743,-0.70391
201300001987,19,6,2013,11,1,49,271,1,1,1,6,Haras de la poissardiere,47.51778,-0.73678
201300001988,6,7,2013,22,3,49,176,2,6,1,7,RD770 - l'hippodrome,0.0,0.0
201300001989,4,8,2013,19,1,49,367,1,1,1,7,,0.0,0.0
201300001990,24,11,2013,1,3,49,266,1,1,1,7,,0.0,0.0
201300001991,29,1,2013,17,1,49,132,1,1,1,6,La Gare,47.65595,-0.46326
201300001992,8,2,2013,0,5,49,80,2,1,2,7,rue Allard,47.68475,-0.48661
201300001993,15,2,2013,7,3,49,80,1,1,5,3,La Louvrette,47.6672,-0.49962
201300001994,13,3,2013,8,1,49,347,2,1,7,6,Rue du Bourg Joly,47.6145,-0.46631
201300001995,19,3,2013,8,1,49,132,1,1,1,1,,47.65353,-0.46142
201300001996,24,3,2013,4,3,49,189,1,1,1,7,,47.73479,-0.61182
201300001997,29,5,2013,2,3,49,48,1,1,1,6,La rétusière,47.5896,-0.47264
201300001998,11,7,2013,10,1,49,347,1,1,1,3,la chauvinière,47.60539,-0.47696
201300001999,10,8,2013,12,1,49,80,1,1,1,3,,0.0,0.0
201300002000,30,9,2013,7,2,49,80,1,1,5,1,,0.0,0.0
201300002001,27,10,2013,15,1,49,216,2,1,2,6,D74,0.0,0.0
201300002002,12,12,2013,12,1,49,130,1,1,5,7,,47.61415,-0.57129
201300002003,26,12,2013,14,1,49,347,2,2,1,3,carrefour D52-D68,47.62028,-0.46645
201300002004,24,1,2013,18,2,53,1,1,2,1,3,,48.03591,-0.89763
201300002005,18,3,2013,6,2,53,130,1,1,1,6,,47.967,-0.703
201300002006,20,4,2013,20,2,53,119,1,1,1,1,le bocage,48.0225,-0.79385
201300002007,6,9,2013,11,1,53,157,1,1,1,6,,48.00895,-0.83327
201300002008,24,9,2013,17,1,53,158,1,1,1,1,,48.01674,-0.93807
201300002009,30,10,2013,17,1,53,1,1,1,1,1,,48.03416,-0.90135
201300002010,13,5,2013,19,1,53,34,1,1,1,3,,48.09966,-0.68547
201300002011,1,6,2013,17,1,53,267,1,1,1,6,,48.05948,-0.4523
201300002012,4,7,2013,10,1,53,152,2,1,2,6,Carrefour CD21 - CD152,47.95187,-0.5568
201300002013,7,8,2013,13,1,53,76,1,1,2,7,,47.98366,-0.32461
201300002014,25,11,2013,1,3,53,140,1,9,1,6,,48.10875,-0.7419
201300002015,29,12,2013,12,1,53,264,1,2,1,3,,48.03303,-0.35075
201300002016,8,2,2013,10,1,53,97,2,7,1,6,rue Wildeshausen,48.1561,-0.39942
201300002017,27,5,2013,4,3,53,207,1,1,1,1,,48.12647,-0.44822
201300002018,12,11,2013,18,5,53,97,2,1,2,6,34 boulevard rochemado,48.15547,-0.3959
201300002019,22,1,2013,18,5,53,215,2,1,1,7,rue felix Marchand,47.81654,-0.69867
201300002020,20,4,2013,19,1,53,89,1,1,1,1,,47.75798,-0.63961
201300002021,27,4,2013,10,1,53,62,2,6,1,3,avenue Georges Pompidou,47.82319,-0.69772
201300002022,5,6,2013,9,1,53,62,1,1,1,3,,47.84697,-0.75178
201300002023,21,7,2013,3,3,53,150,1,1,1,7,,47.74805,-0.7089
201300002024,22,7,2013,16,1,53,4,1,1,1,7,,47.81251,-0.82297
201300002025,26,7,2013,22,2,53,36,1,1,1,3,,47.86969,-0.46225
201300002026,21,9,2013,22,3,53,63,1,1,1,1,,47.80892,-0.61387
201300002027,4,10,2013,12,1,53,215,1,1,1,6,,47.81171,-0.71186
201300002028,12,11,2013,13,1,53,110,1,2,8,3,,47.87056,-0.53826
201300002029,20,12,2013,12,1,53,62,2,1,7,6,Boulevard des capucins,47.83154,-0.71316
201300002030,24,6,2013,18,1,53,35,1,1,1,3,,47.80413,-0.96668
201300002031,25,6,2013,18,1,53,75,1,1,1,6,,47.91751,-0.88607
201300002032,26,7,2013,20,1,53,75,1,1,1,7,,47.92829,-0.87416
201300002033,15,8,2013,22,3,53,188,2,1,1,5,LA FONTAINE,47.78603,-1.05994
201300002034,28,8,2013,5,3,53,88,1,1,5,7,,47.96152,-1.08085
201300002035,20,11,2013,18,3,53,98,1,1,3,3,,47.90154,-1.14401
201300002036,27,11,2013,19,3,53,240,1,1,1,6,,47.81337,-1.04729
201300002037,29,12,2013,5,3,53,12,1,1,2,7,,47.8901,-0.93481
201300002038,5,3,2013,18,2,53,147,1,1,1,1,,48.32087,-0.6202
201300002039,9,3,2013,16,1,53,122,1,1,1,1,,48.24853,-0.49303
201300002040,11,3,2013,20,3,53,72,1,1,3,6,,48.25326,-0.62267
201300002041,15,4,2013,23,4,53,8,1,2,1,3,,48.33441,-0.54709
201300002042,16,6,2013,4,3,53,216,1,1,1,6,,48.32783,-0.56133
201300002043,19,6,2013,8,1,53,239,1,1,8,6,,48.21415,-0.23911
201300002044,1,7,2013,17,1,53,2,1,2,1,3,,48.22122,-0.76983
201300002045,1,8,2013,21,1,53,147,2,1,1,1,quai CARNOT,48.3028,-0.61755
201300002046,2,8,2013,17,1,53,120,1,1,1,6,,48.22002,-0.27676
201300002047,21,8,2013,8,1,53,147,1,2,1,3,,48.28877,-0.65298
201300002048,19,10,2013,23,3,53,122,2,1,1,6,30 rue henri barbe,48.25371,-0.49644
201300002049,26,10,2013,10,1,53,174,1,1,1,1,,48.3219,-0.65774
201300002050,18,11,2013,14,1,53,249,1,1,1,1,,48.23621,-0.16979
201300002051,15,1,2013,9,3,53,269,1,1,4,1,,48.303,-0.84931
201300002052,25,5,2013,14,1,53,211,1,1,1,6,,48.33998,-0.83223
201300002053,7,7,2013,5,1,53,71,1,1,1,6,,48.37362,-0.82028
201300002054,13,9,2013,15,1,53,126,1,1,2,1,,48.33921,-1.03213
201300002055,29,3,2013,17,1,53,176,1,1,1,6,,48.41697,-0.67287
201300002056,4,7,2013,14,1,53,216,1,1,7,1,,48.33007,-0.55637
201300002057,22,11,2013,9,1,53,112,1,3,8,1,,48.37653,-0.36597
201300002058,17,1,2013,2,3,53,121,1,1,1,6,,48.41338,-0.35188
201300002059,8,3,2013,17,1,53,246,1,1,1,1,,48.38324,-0.13886
201300002060,19,4,2013,13,1,53,185,2,1,1,3,1 rue Aristide BRIAND,48.46168,-0.19361
201300002061,3,5,2013,15,1,53,271,2,1,1,3,1 rue des ecoles,48.34587,-0.28619
201300002062,30,8,2013,10,1,53,246,1,1,1,1,,48.3881,-0.13287
201300002063,22,12,2013,16,1,01,283,2,1,1,6,"09, VANDEL",0.0,0.0
201300002064,14,1,2013,7,3,01,283,2,2,9,6,"29, NICOD (RUE DU 0 AU 2",0.0,0.0
201300002065,18,2,2013,13,1,01,283,2,1,1,7,"5, COURTELINE",0.0,0.0
201300002066,1,3,2013,21,5,01,14,2,6,1,6,"100, GENERAL ANDREA (RUE",46.2928,5.67733
201300002067,19,3,2013,8,2,01,31,2,2,1,2,HUGO ( AVENUE VICTOR ),0.0,0.0
201300002068,1,4,2013,16,1,01,14,2,6,1,3,"901, POINT B (RUE DU)",46.2851,5.66218
201300002069,4,4,2013,0,5,01,283,2,6,1,7,"61, FORGE (ROUTE DE LA)",46.2543,5.63716
201300002070,11,4,2013,19,1,01,283,2,3,1,6,"11, VANDEL",0.0,0.0
201300002071,24,4,2013,19,1,01,283,2,3,1,6,"0, CLEMENT (RUE J.BAPTIS",0.0,0.0
201300002072,27,5,2013,13,1,01,283,2,1,1,6,"40, CASTELLION",46.2506,5.64871
201300002073,24,5,2013,17,1,01,283,2,1,1,6,"52, BRILLAT SAVARIN",0.0,0.0
201300002074,8,6,2013,12,1,01,283,2,3,1,3,"0, VERDUN (COURS DE DU 5",0.0,0.0
201300002075,15,6,2013,19,1,01,283,1,1,1,1,"1, CD 31",46.2683,5.65989
201300002076,28,9,2013,5,5,01,283,2,9,1,6,"7, COURTELINE",0.0,0.0
201300002077,4,10,2013,16,1,01,283,2,6,1,3,CASTELLION,0.0,0.0
201300002078,11,10,2013,16,1,01,283,2,1,1,6,VAUGELAS (RUE PAS DE N?,0.0,0.0
201300002079,28,10,2013,18,3,01,283,2,1,3,6,"12, CLEMENCEAU (RUE G. D",0.0,0.0
201300002080,28,11,2013,18,5,01,283,2,1,1,6,NORMANDIE NIEMEN (AVENUE,0.0,0.0
201300002081,7,12,2013,9,1,01,14,1,1,7,5,DORTAN (ROUTE DE),0.0,0.0
201300002082,5,12,2013,21,5,01,283,2,1,1,1,"26, JAURES(AVENUE JEAN)",0.0,0.0
201300002083,14,6,2013,6,1,72,269,2,1,1,3,Rue Fernand Poignant,0.0,0.0
201300002084,9,9,2013,13,1,72,269,1,1,2,1,,0.0,0.0
201300002085,11,12,2013,3,3,72,303,1,1,9,6,,48.019,0.582
201300002086,12,1,2013,11,1,72,224,1,1,1,1,,0.0,0.0
201300002087,10,2,2013,10,1,72,386,2,3,2,3,RD314/RD91A,48.018,0.275
201300002088,17,2,2013,8,1,72,300,1,1,1,6,,0.0,0.0
201300002089,12,7,2013,21,2,72,54,1,1,1,3,,0.0,0.0
201300002090,13,7,2013,20,1,72,90,1,1,1,6,,0.0,0.0
201300002091,18,9,2013,17,1,72,54,2,1,1,3,RUE ARAGON,0.0,0.0
201300002092,8,10,2013,7,2,72,90,1,1,5,2,,0.0,0.0
201300002093,4,1,2013,13,1,72,289,2,1,1,6,34 RUE DU 11/11,48.149,0.161
201300002094,15,5,2013,17,1,72,329,1,2,1,5,,0.0,0.0
201300002095,3,7,2013,8,1,72,359,1,1,2,1,,0.0,0.0
201300002096,16,8,2013,23,3,72,328,1,1,1,3,,48.054,0.263
201300002097,26,10,2013,15,1,72,217,1,1,1,1,,48.068,0.226
201300002098,19,11,2013,5,5,72,289,2,1,1,6,rue du 8 mai 1945,48.148,0.166
201300002099,22,12,2013,11,1,72,290,2,2,1,5,carrefour D 38-D 338,0.0,0.0
201300002100,3,1,2013,18,3,72,96,1,2,1,3,,0.0,0.0
201300002101,19,2,2013,4,5,72,253,1,1,1,1,,0.0,0.0
201300002102,23,2,2013,17,1,72,257,2,1,1,7,20 rue des bleuets,0.0,0.0
201300002103,13,3,2013,23,3,72,381,1,9,1,1,,47.94,0.076
201300002104,13,4,2013,9,1,72,346,1,2,1,3,,47.89,0.013
201300002105,23,4,2013,15,1,72,149,1,1,1,7,,0.0,0.0
201300002106,27,4,2013,20,1,72,367,1,1,8,7,,0.0,0.0
201300002107,15,4,2013,17,1,72,230,1,1,1,5,,47.853,0.105
201300002108,12,5,2013,4,3,72,45,1,1,1,7,,0.0,0.0
201300002109,19,5,2013,12,1,72,344,1,1,1,5,,47.942,0.118
201300002110,22,5,2013,14,1,72,346,2,1,1,3,Les Cytises,0.0,0.0
201300002111,27,6,2013,17,1,72,133,1,1,1,1,,0.0,0.0
201300002112,5,7,2013,18,1,72,74,1,1,1,7,,0.0,0.0
201300002113,13,7,2013,18,1,72,75,2,6,1,6,D309,47.933,-0.016
201300002114,3,8,2013,18,1,72,149,1,1,1,6,,0.0,0.0
201300002115,24,8,2013,18,1,72,339,2,1,1,6,route  saint rigomer,0.0,0.0
201300002116,26,8,2013,18,1,72,360,1,1,1,1,,0.0,0.0
201300002117,31,8,2013,9,1,72,253,1,1,1,5,,0.0,0.0
201300002118,24,9,2013,19,1,72,96,1,1,1,6,,0.0,0.0
201300002119,11,10,2013,7,4,72,168,1,2,2,3,,48.026,-0.147
201300002120,10,11,2013,20,3,72,381,1,1,1,6,,0.0,0.0
201300002121,18,11,2013,17,2,72,73,1,1,1,3,,0.0,0.0
201300002122,29,11,2013,12,1,72,344,1,1,1,3,,0.0,0.0
201300002123,30,11,2013,10,1,72,360,1,1,1,3,,0.0,0.0
201300002124,5,12,2013,7,2,72,344,1,1,1,3,,47.942,0.119
201300002125,9,12,2013,16,1,72,253,1,1,7,2,,47.896,0.053
201300002126,18,12,2013,12,1,72,381,1,1,1,1,,0.0,0.0
201300002127,24,1,2013,7,2,72,154,2,6,1,2,rond point m?daill?s mil,47.702,-0.086
201300002128,29,1,2013,19,5,72,154,2,1,2,6,rue rhin et danube,47.705,-0.088
201300002129,18,5,2013,18,1,72,154,1,1,3,7,,47.71,-0.048
201300002130,15,7,2013,12,1,72,154,2,1,1,1,estournelles de constant,0.0,0.0
201300002131,14,8,2013,15,1,72,154,2,2,1,3,avenue chippenham,47.69,-0.064
201300002132,19,10,2013,12,1,72,154,2,1,1,2,rue de la Tour d'Auvergn,47.707,-0.054
201300002133,3,12,2013,8,2,72,154,2,6,5,2,ROND POINT DE LA GARE,47.702,-0.069
201300002134,7,12,2013,19,3,72,154,1,1,1,5,,47.695,-0.148
201300002135,16,12,2013,15,1,72,154,1,1,1,6,,0.0,0.0
201300002136,26,5,2013,11,1,72,71,2,1,1,6,12 rue des alisiers,47.699,0.409
201300002137,3,8,2013,23,3,72,115,1,1,1,7,,0.0,0.0
201300002138,1,1,2013,1,3,72,21,1,1,2,1,,0.0,0.0
201300002139,1,2,2013,10,1,72,223,2,1,2,1,Rue du Mar?chal Foch,47.869,-0.1
201300002140,25,4,2013,21,2,72,312,1,1,1,7,,47.942,-0.143
201300002141,13,6,2013,16,1,72,223,1,1,1,1,,47.857,-0.14
201300002142,19,7,2013,18,1,72,22,1,1,1,3,,47.77,-0.191
201300002143,28,7,2013,4,3,72,21,1,1,1,6,,0.0,0.0
201300002144,2,8,2013,18,1,72,184,1,1,1,1,,47.984,-0.173
201300002145,2,9,2013,10,1,72,22,1,1,1,5,,47.77,-0.19
201300002146,14,9,2013,9,1,72,223,1,1,3,1,,0.0,0.0
201300002147,26,9,2013,15,1,72,239,1,1,1,1,,0.0,0.0
201300002148,18,11,2013,18,3,72,50,1,1,1,6,,47.981,-0.224
201300002149,11,1,2013,18,1,72,191,1,1,1,6,,47.77,0.307