Num_Acc,jour,mois,an,hr,condition_eclairage,departement,commune,condition_agglomeration,intersection,condition_atmosphere,type_collision,adresse,lattitude,longitude
201300002150,11,1,2013,18,5,72,175,2,1,8,6,7 rue de la fleche,47.709,0.069
201300002151,25,6,2013,9,1,72,243,1,1,1,3,,47.758,0.193
201300002152,8,7,2013,16,1,72,283,2,1,1,3,,47.63,0.281
201300002153,7,9,2013,11,1,72,160,1,1,1,6,,47.693,0.356
201300002154,25,10,2013,16,1,72,160,1,1,2,1,,47.719,0.329
201300002155,15,2,2013,17,1,72,151,1,1,1,6,,0.0,0.0
201300002156,19,2,2013,19,5,72,264,2,2,1,1,rue G?n?ral Leclerc,0.0,0.0
201300002157,19,3,2013,0,3,72,264,1,1,1,6,,0.0,0.0
201300002158,2,8,2013,16,1,72,264,2,6,1,3,Place du Champ de Foire,0.0,0.0
201300002159,6,8,2013,4,3,72,151,1,1,1,7,,0.0,0.0
201300002160,30,8,2013,17,1,72,244,1,1,7,1,,0.0,0.0
201300002161,14,10,2013,6,5,72,343,1,1,8,3,LA CLOSERAIE DU BOIS,0.0,0.0
201300002162,16,3,2013,6,2,72,112,1,2,1,3,,0.0,0.0
201300002163,18,4,2013,20,1,72,189,1,1,3,3,,0.0,0.0
201300002164,8,5,2013,10,1,72,180,2,1,1,7,2 place Carnot,0.0,0.0
201300002165,7,6,2013,12,1,72,180,1,1,1,3,,0.0,0.0
201300002166,10,7,2013,7,1,72,86,1,1,1,1,,0.0,0.0
201300002167,18,8,2013,21,4,72,39,1,1,1,6,,0.0,0.0
201300002168,23,8,2013,10,1,72,259,1,1,1,3,,0.0,0.0
201300002169,17,9,2013,14,1,72,39,1,1,2,6,,0.0,0.0
201300002170,4,10,2013,16,1,72,317,1,3,1,3,,0.0,0.0
201300002171,16,10,2013,17,1,72,276,1,2,7,1,,0.0,0.0
201300002172,20,10,2013,17,1,72,295,1,1,1,6,,0.0,0.0
201300002173,7,11,2013,17,3,72,372,1,2,3,3,,48.36317,0.28991
201300002174,29,11,2013,19,3,72,295,1,1,1,1,,0.0,0.0
201300002175,10,12,2013,10,1,72,189,2,1,1,6,rue de BONNETABLE,48.25159,0.31645
201300002176,16,3,2013,19,3,72,41,1,1,1,6,,0.0,0.0
201300002177,30,6,2013,18,1,72,93,1,1,7,1,,0.0,0.0
201300002178,11,7,2013,19,1,72,132,1,1,9,7,,0.0,0.0
201300002179,12,7,2013,18,1,72,193,1,1,1,7,,48.104,0.832
201300002180,14,7,2013,11,1,72,363,2,1,1,1,"01 ""les perrieres""",0.0,0.0
201300002181,14,9,2013,10,1,72,132,2,1,2,6,RUE PIERRE BRULE,0.0,0.0
201300002182,27,10,2013,18,2,72,132,2,1,1,6,Avenue Georges Desnos,0.0,0.0
201300002183,5,1,2013,8,3,72,284,1,1,1,6,,0.0,0.0
201300002184,29,4,2013,15,1,72,137,1,1,1,6,,48.411,0.201
201300002185,1,9,2013,18,1,72,212,1,1,1,7,,0.0,0.0
201300002186,5,9,2013,2,3,72,137,1,1,1,6,,48.43,0.253
201300002187,24,11,2013,14,1,72,318,1,1,8,6,,48.399,0.167
201300002188,22,12,2013,17,2,72,6,2,3,1,3,,48.411,0.088
201300002189,3,2,2013,19,3,85,36,2,2,1,4,D60 / D949,0.0,0.0
201300002190,16,3,2013,11,1,85,135,2,1,1,5,20 RUE DE LA BOULAYE,0.0,0.0
201300002191,25,5,2013,18,1,85,213,1,1,1,5,SAINTE EUGENE,0.0,0.0
201300002192,9,6,2013,17,1,85,73,1,1,2,2,LE GRAND BEAUMONT,0.0,0.0
201300002193,6,7,2013,20,1,85,175,2,1,1,3,LE CARREFOUR,0.0,0.0
201300002194,10,7,2013,16,1,85,157,1,1,1,6,,0.0,0.0
201300002195,30,7,2013,20,1,85,36,1,1,1,1,LA GARE,0.0,0.0
201300002196,9,9,2013,13,1,85,73,2,1,2,1,61 RUE DE MAINCLAYE,0.0,0.0
201300002197,22,9,2013,17,1,85,46,1,1,1,2,CARREFOUR DE LA MICHENOT,46.66603,-1.27549
201300002198,12,12,2013,12,1,85,69,2,1,2,2,19 RUE  LA GRENOUILLERE,0.0,0.0
201300002199,31,12,2013,5,3,85,8,1,1,3,6,LA BIGAUDIERE,0.0,0.0
201300002200,21,1,2013,15,1,85,266,2,2,1,3,RUE DE L'OCEAN,0.0,0.0
201300002201,28,1,2013,11,1,85,51,1,1,1,6,LE PONT CHARRAULT,0.0,0.0
201300002202,9,3,2013,18,1,85,220,2,1,1,1,9 RUE DE LA METAIRIE,46.71949,-1.02411
201300002203,3,4,2013,8,1,85,212,2,1,1,6,6 RUE DU GRAND LOGIS,0.0,0.0
201300002204,11,7,2013,17,1,85,282,1,1,1,1,CHASSAIS,0.0,0.0
201300002205,18,8,2013,6,5,85,165,2,1,1,1,RUE NATIONALE,0.0,0.0
201300002206,25,8,2013,10,1,85,89,2,1,8,2,95 RUE NATIONALE,0.0,0.0
201300002207,20,9,2013,6,3,85,89,2,1,1,1,RUE DU CHATEAU D'EAU,0.0,0.0
201300002208,6,10,2013,2,3,85,84,2,1,1,6,RUE DU ROULIN,0.0,0.0
201300002209,6,10,2013,15,1,85,246,2,1,1,3,RUE SAINTE AGATHE,0.0,0.0
201300002210,31,10,2013,18,2,85,34,1,1,1,6,PONT-BRIQUET,0.0,0.0
201300002211,4,11,2013,18,3,85,202,1,1,8,3,LA FORTIERE,0.0,0.0
201300002212,6,12,2013,15,1,85,89,2,1,1,1,RUE DU CHATEAU,0.0,0.0
201300002213,26,1,2013,16,1,85,109,2,1,1,3,PARKING LECLERC,46.85799,-1.01452
201300002214,13,2,2013,4,3,85,109,2,1,1,6,RUE DES PECHERS,0.0,0.0
201300002215,20,3,2013,21,5,85,109,1,9,1,7,,0.0,0.0
201300002216,1,4,2013,18,1,85,38,1,1,1,7,LA DURANDERIE,0.0,0.0
201300002217,19,5,2013,18,1,85,109,2,1,8,6,AVENUE DE LA MAINE,0.0,0.0
201300002218,6,6,2013,16,1,85,153,1,2,1,3,BELLEVUE,0.0,0.0
201300002219,8,7,2013,18,1,85,242,1,1,1,2,LA TRAVERSIERE,0.0,0.0
201300002220,25,7,2013,17,1,85,153,1,1,1,3,GRAVEREAU,0.0,0.0
201300002221,9,8,2013,21,2,85,242,1,1,1,5,LA TRAVERSERIE,0.0,0.0
201300002222,26,8,2013,18,1,85,153,2,1,1,1,RUE DE L'OUEST,46.77969,-1.06342
201300002223,9,10,2013,21,5,85,109,2,1,1,3,AVENUE DES SABLES,0.0,0.0
201300002224,17,11,2013,3,3,85,109,1,1,8,6,2 LES HAUTES BARROUERES,46.88222,-1.07985
201300002225,18,11,2013,18,5,85,109,2,1,1,1,ROUTE DES SABLES,0.0,0.0
201300002226,4,12,2013,13,1,85,215,1,1,1,1,LA LERANDIERE,0.0,0.0
201300002227,11,12,2013,7,3,85,64,1,1,5,1,LA SERVANTIERE,0.0,0.0
201300002228,12,12,2013,6,3,85,215,1,1,9,6,LA CRABOTEE,0.0,0.0
201300002229,21,1,2013,6,2,85,27,2,6,8,2,PORTE DE BOUFFERE,0.0,0.0
201300002230,9,3,2013,16,1,85,272,1,1,1,3,LA BERNERIE,0.0,0.0
201300002231,12,3,2013,11,1,85,107,1,1,1,7,LE FOSSE NEUF,0.0,0.0
201300002232,16,3,2013,16,1,85,295,2,1,1,3,3 RUE JEAN MOULIN,46.98389,-1.23777
201300002233,21,3,2013,11,1,85,262,1,1,2,6,,0.0,0.0
201300002234,20,4,2013,10,1,85,39,1,1,1,5,LES ETONNELIERES,0.0,0.0
201300002235,21,4,2013,22,3,85,197,1,1,1,2,LA CHAGNAIS,0.0,0.0
201300002236,29,4,2013,14,1,85,39,1,1,1,3,LE PAVILLON,0.0,0.0
201300002237,17,5,2013,18,1,85,224,1,1,1,6,,0.0,0.0
201300002238,24,5,2013,20,1,85,217,1,1,3,1,,0.0,0.0
201300002239,16,6,2013,7,1,85,27,1,1,1,1,,0.0,0.0
201300002240,13,7,2013,0,3,85,25,1,1,1,6,,0.0,0.0
201300002241,18,7,2013,13,1,85,25,1,1,1,6,LA LIGNEE,0.0,0.0
201300002242,7,8,2013,3,3,85,217,1,1,1,6,LA FAUBRETIERE,0.0,0.0
201300002243,23,8,2013,18,1,85,39,1,1,1,6,LA BROSSE,0.0,0.0
201300002244,1,9,2013,18,1,85,224,1,1,1,1,,0.0,0.0
201300002245,4,9,2013,19,2,85,224,1,1,1,3,LA GRANDE BERNERIE,0.0,0.0
201300002246,27,12,2013,2,3,85,262,1,2,2,3,LA HAUTE FAVRIE,0.0,0.0
201300002247,8,2,2013,16,1,85,151,1,1,1,1,LA RIGAUDIERE,0.0,0.0
201300002248,22,2,2013,22,3,85,151,1,1,1,7,,0.0,0.0
201300002249,17,7,2013,11,1,85,97,1,9,7,3,,0.0,0.0
201300002250,19,7,2013,15,1,85,247,1,1,1,1,,0.0,0.0
201300002251,17,8,2013,11,1,85,302,1,1,1,5,LA MAMINIERE,0.0,0.0
201300002252,19,10,2013,14,1,85,97,2,1,1,3,RUE DES ALOUETTES,0.0,0.0
201300002253,24,11,2013,7,3,85,119,1,1,1,6,,0.0,0.0
201300002254,9,1,2013,14,1,85,19,1,1,1,6,,0.0,0.0
201300002255,25,1,2013,19,3,85,178,1,1,1,6,LES AJONNETS,0.0,0.0
201300002256,1,2,2013,18,3,85,19,1,1,2,2,,0.0,0.0
201300002257,1,5,2013,3,3,85,191,1,1,2,7,LA JAUSINIERE,0.0,0.0
201300002258,5,6,2013,11,1,85,178,1,2,7,3,LA MAUMARNIERE,0.0,0.0
201300002259,20,7,2013,14,1,85,300,1,1,1,6,BELLEVUE,0.0,0.0
201300002260,9,9,2013,9,1,85,3,2,6,2,6,RUE DE L'HOTEL DE VILLE,46.73975,-1.60765
201300002261,26,9,2013,11,1,85,208,2,1,2,3,RUE GEORGES CLEMENCEAU,0.0,0.0
201300002262,1,10,2013,17,1,85,178,1,1,8,7,124 MOULIN DES ORANGES,46.73705,-1.44459
201300002263,8,11,2013,9,1,85,19,1,1,2,7,,0.0,0.0
201300002264,8,1,2013,7,2,85,92,2,6,1,1,BD DU CHAIL,0.0,0.0
201300002265,12,3,2013,8,1,85,177,1,1,1,3,LA MOUZINIERE,0.0,0.0
201300002266,15,3,2013,17,1,85,92,2,1,1,6,23 RUE AMAND BUJARD,46.46573,-0.81991
201300002267,9,4,2013,14,1,85,92,2,2,1,3,RUE DE LA REPUBLIQUE,0.0,0.0
201300002268,20,5,2013,12,1,85,92,2,1,1,6,21 RUE DU PORT,46.46413,-0.80294
201300002269,12,7,2013,7,1,85,92,1,1,1,1,,0.0,0.0
201300002270,18,7,2013,18,1,85,92,2,1,1,3,AV. FRANCOIS MITTERRAND,0.0,0.0
201300002271,14,8,2013,20,1,85,167,1,2,1,3,BADORIT-ROUTE DE MERITE,0.0,0.0
201300002272,29,8,2013,7,1,85,92,1,1,1,1,,0.0,0.0
201300002273,10,11,2013,18,3,85,256,1,1,1,4,,0.0,0.0
201300002274,7,1,2013,9,1,85,128,2,1,2,6,RUE DU PDT DE GAULLE,0.0,0.0
201300002275,26,4,2013,19,1,85,255,1,1,1,1,ROUTE DE SAINT-DENIS,0.0,0.0
201300002276,5,5,2013,9,1,85,267,1,1,1,3,L'ESSART,0.0,0.0
201300002277,19,7,2013,12,1,85,267,1,1,1,1,PONT DU BRAULT,0.0,0.0
201300002278,6,8,2013,20,1,85,131,2,1,1,3,ROUTE DU SABLEAU,0.0,0.0
201300002279,14,9,2013,14,1,85,128,1,1,2,1,LA ROULIERE,0.0,0.0
201300002280,29,9,2013,18,1,85,128,1,1,1,1,CHEMIN DU BOIS MOCQUA,0.0,0.0
201300002281,11,12,2013,11,1,85,58,2,1,9,5,RUE GEORGES CLEMENCEAU,0.0,0.0
201300002282,15,1,2013,13,1,85,132,1,4,1,1,CARREFOUR DE SAINT-ROMAN,0.0,0.0
201300002283,16,7,2013,17,1,85,306,1,1,1,1,LA TABAC,0.0,0.0
201300002284,2,10,2013,21,3,85,20,1,1,1,1,,0.0,0.0
201300002285,28,1,2013,8,1,85,31,1,1,9,1,LA PELISSONNIERE,0.0,0.0
201300002286,23,3,2013,16,1,85,141,2,1,1,1,CHEMIN DU LEVAN,46.73134,-0.71079
201300002287,3,5,2013,19,1,85,264,1,3,1,3,LA GOURMAUDIERE,0.0,0.0
201300002288,9,5,2013,23,3,85,59,1,1,1,6,LA CORMENERIE,0.0,0.0
201300002289,30,5,2013,12,1,85,264,1,1,3,1,LA GRATTELIERE,46.68911,-0.73947
201300002290,19,7,2013,19,1,85,257,1,1,1,3,,0.0,0.0
201300002291,23,8,2013,14,1,85,59,2,3,1,3,27 RUE DES JACOBINS,46.65151,-0.73981
201300002292,19,9,2013,8,1,85,182,1,3,7,3,LA COCULIERE,0.0,0.0
201300002293,22,9,2013,9,1,85,125,1,1,1,6,RETE,0.0,0.0
201300002294,11,10,2013,2,3,85,31,1,1,1,3,LE MOULIN AUX DRAPS,0.0,0.0
201300002295,29,10,2013,17,2,85,257,1,2,1,3,LA BONNELIERE,0.0,0.0
201300002296,30,11,2013,1,3,85,251,1,2,2,3,BOURGNEUF,0.0,0.0
201300002297,10,3,2013,16,1,85,174,1,1,1,6,CLOUPINOT,0.0,0.0
201300002298,26,6,2013,23,3,85,188,1,1,1,1,,0.0,0.0
201300002299,27,10,2013,16,1,85,223,1,1,1,7,LE MOULIN DE LA LOURIE,0.0,0.0
201300002300,3,5,2013,16,1,85,47,1,1,1,7,SORTIE LA BLOIRE,0.0,0.0
201300002301,10,5,2013,17,1,85,95,1,1,1,1,LA BOURIERE,0.0,0.0
201300002302,4,6,2013,17,1,85,210,1,1,1,3,CARREFOUR DE LA BOUTIERE,0.0,0.0
201300002303,25,6,2013,17,1,85,280,1,2,1,3,,0.0,0.0
201300002304,14,7,2013,12,1,85,280,1,1,1,3,,0.0,0.0
201300002305,23,7,2013,21,2,85,47,2,1,1,6,40 BOULEVARD JEAN YOLE,46.83914,-1.87531
201300002306,24,7,2013,10,1,85,280,1,1,1,3,LES MORANDIERES,0.0,0.0
201300002307,2,8,2013,22,3,85,47,1,1,1,6,CHEMIN DES VIGNES,46.80846,-1.86934
201300002308,1,9,2013,12,1,85,96,1,1,1,6,LE PLATEAU DE JUCHEPIE,0.0,0.0
201300002309,6,9,2013,8,1,85,47,2,1,1,1,RUE DES PLANTES,46.84921,-1.8736
201300002310,21,9,2013,21,3,85,96,1,1,1,6,LA RICHARDIERE,0.0,0.0
201300002311,23,10,2013,10,1,85,47,1,1,1,3,MON RIVAGE,46.84511,-1.81518
201300002312,7,11,2013,11,1,85,86,1,1,1,6,LA CARTERON,0.0,0.0
201300002313,12,11,2013,8,1,85,96,1,4,2,3,LA ROMAZIERE,0.0,0.0
201300002314,7,12,2013,1,3,85,96,1,1,1,7,,0.0,0.0
201300002315,11,12,2013,7,1,85,6,1,1,9,6,LE PETIT BOURG,0.0,0.0
201300002316,13,12,2013,17,5,85,47,2,1,2,6,Route des Sables,0.0,0.0
201300002317,18,7,2013,14,1,85,113,2,1,1,3,RUE DE LA MEULE,46.6995,-2.34791
201300002318,17,2,2013,6,3,85,118,1,1,8,7,LA GROLLE,0.0,0.0
201300002319,9,5,2013,13,1,85,118,2,3,1,3,RUE NICOLON DES ABBAYES,0.0,0.0
201300002320,15,5,2013,15,1,85,112,1,1,1,1,LA GIRARDIERE,0.0,0.0
201300002321,27,7,2013,14,1,85,52,1,1,6,2,,0.0,0.0
201300002322,18,8,2013,0,3,85,16,1,1,1,6,LA GUERINIERE,0.0,0.0
201300002323,20,10,2013,21,3,85,218,1,1,1,1,MARIE ROSES,0.0,0.0
201300002324,18,11,2013,7,5,85,112,2,1,1,6,38 RUE DE LA VERTONNE,0.0,0.0
201300002325,23,11,2013,0,3,85,214,1,1,1,6,LES PORTES D'OLONNE,0.0,0.0
201300002326,10,1,2013,19,3,85,71,1,3,8,3,LE MOULIN A VENT,0.0,0.0
201300002327,16,2,2013,15,1,85,226,2,1,1,6,158 AvLA PELLE A PORTEAU,46.69616,-1.96004
201300002328,26,3,2013,15,1,85,226,1,1,1,1,ROUTE DE SOULLANS,0.0,0.0
201300002329,26,4,2013,15,1,85,71,1,1,1,3,LA GARSILLIERE,0.0,0.0
201300002330,30,4,2013,12,1,85,268,1,1,2,1,SAINT-BENOIST,0.0,0.0
201300002331,18,5,2013,15,1,85,222,2,1,1,3,QUAI GORIN,0.0,0.0
201300002332,18,7,2013,8,1,85,2,2,1,1,2,RUE GEORGES CLEMENCEAU,0.0,0.0
201300002333,7,8,2013,19,1,85,71,1,1,1,7,GAS JEAN,0.0,0.0
201300002334,9,8,2013,16,1,85,222,2,9,1,3,semi rapide face station,0.0,0.0
201300002335,7,9,2013,15,1,85,222,2,1,1,2,91 ROUTE DES SABLES,0.0,0.0
201300002336,14,9,2013,17,1,85,70,2,1,3,6,RUE DES VIGNES,46.69877,-1.76026
201300002337,24,9,2013,18,1,85,88,1,1,1,3,CHEMIN DU GRAND FIEF,46.70559,-1.89449
201300002338,16,12,2013,17,1,85,222,2,1,1,6,22 QUAI DE LA REPUBLIQUE,0.0,0.0
201300002339,4,1,2013,17,1,85,12,1,1,1,3,,0.0,0.0
201300002340,6,2,2013,9,1,85,284,1,4,1,1,Carrefour MASSOTE,0.0,0.0
201300002341,12,2,2013,10,1,85,234,2,1,1,6,15 BOULEVARD Mal LECLERC,46.79072,-2.05671
201300002342,8,2,2013,10,1,85,18,1,1,1,7,,0.0,0.0
201300002343,30,3,2013,9,1,85,29,1,1,8,6,RUE DU PORT,0.0,0.0
201300002344,14,4,2013,18,1,85,164,1,1,1,5,RUE DE LA BARRE,0.0,0.0
201300002345,11,5,2013,12,1,85,234,1,1,1,1,RUE DE NOTRE DAME,0.0,0.0
201300002346,21,6,2013,15,1,85,172,2,1,1,1,CHEMIN DE LA CHAPELLERIE,46.81517,-1.9924
201300002347,23,6,2013,22,3,85,18,1,1,1,7,LE MARAIS BUOR,0.0,0.0
201300002348,17,7,2013,8,1,85,284,1,2,1,3,CHEMIN DU GRAND LAY,0.0,0.0
201300002349,24,7,2013,18,1,85,273,1,1,1,6,,0.0,0.0
201300002350,26,7,2013,8,1,85,234,2,6,1,3,R-POINT DES FONTENELLES,0.0,0.0
201300002351,27,8,2013,11,1,85,234,2,1,1,6,BOULEVARD DE LA MER,46.78552,-2.07645
201300002352,6,9,2013,14,1,85,164,2,1,1,6,37 AVENUE DE LA MER,46.83092,-2.13415
201300002353,24,9,2013,18,1,85,18,2,1,1,6,RUE DU 11 NOVEMBRE,46.91528,-2.04044
201300002354,25,9,2013,15,1,85,12,1,1,1,2,LA FORTINIERE,0.0,0.0
201300002355,13,12,2013,13,1,85,29,1,1,1,1,,0.0,0.0
201300002356,16,12,2013,16,1,85,234,1,1,7,2,59 ROUTE DE LA PIBOLE,46.79674,-2.0316
201300002357,23,2,2013,20,3,85,26,1,1,1,5,LA POIRAUDIERE,0.0,0.0
201300002358,8,3,2013,17,1,85,294,1,1,1,1,,46.35098,-1.4483
201300002359,20,4,2013,17,1,85,307,2,1,1,6,61 AVENUE DE LA PLAGE,46.33253,-1.32347
201300002360,28,4,2013,16,1,85,127,2,1,1,6,CHEMIN GRANDES PLANTES,46.4033,-1.50048
201300002361,18,5,2013,19,1,85,288,1,1,1,5,AVENUE DE L'ATLANTIQUE,0.0,0.0
201300002362,27,5,2013,13,1,85,10,1,1,1,6,L'ISABELLIERE,0.0,0.0
201300002363,19,6,2013,18,1,85,26,1,1,1,1,RUE DE LA PETITE CROIX,46.5679,-1.45797
201300002364,1,7,2013,10,1,85,127,2,1,1,3,4 BD DU 8 MAI 1945,46.42202,-1.49175
201300002365,3,7,2013,18,1,85,294,1,1,1,1,,0.0,0.0
201300002366,8,7,2013,10,1,85,294,2,6,1,6,ROND-POINT DES JONCS,0.0,0.0
201300002367,13,7,2013,7,1,85,22,1,2,1,3,,0.0,0.0
201300002368,15,8,2013,23,5,85,288,2,1,1,6,AVENUE DU MOULIN,46.44861,-1.66887
201300002369,23,8,2013,6,3,85,127,1,1,5,6,,0.0,0.0
201300002370,2,9,2013,7,2,85,26,1,1,1,1,LE MOULIN CASSE,0.0,0.0
201300002371,14,9,2013,14,1,85,101,1,2,3,3,CHAMP DU CHENE,0.0,0.0
201300002372,29,9,2013,17,2,85,294,2,1,7,5,RUE DU PHARE,46.3434,-1.4457
201300002373,17,10,2013,18,2,85,288,1,1,1,7,LA MARZELLE,46.5067,-1.57881
201300002374,21,12,2013,5,2,85,103,1,1,1,1,LES BARBIERES,0.0,0.0
201300002375,19,3,2013,17,1,33,436,1,1,1,3,,0.0,0.0
201300002376,14,4,2013,17,1,33,436,1,1,1,3,,0.0,0.0
201300002377,17,5,2013,20,2,33,498,2,2,3,3,rue va au champ,44.554,-0.869
201300002378,14,7,2013,9,1,33,42,1,1,1,1,,44.528,-0.8
201300002379,4,8,2013,16,1,33,29,2,1,1,1,Avenue des Pyr?n?es,0.0,0.0
201300002380,22,10,2013,17,1,33,29,1,1,2,1,,0.0,0.0
201300002381,26,1,2013,18,1,33,19,2,1,1,3,rue de Bordeaux,44.696,-0.989
201300002382,15,3,2013,15,1,33,19,1,1,1,2,,44.684,-1.01
201300002383,24,3,2013,19,2,33,555,1,1,2,7,,44.714,-0.822
201300002384,28,3,2013,13,1,33,284,1,1,1,2,,44.603,-0.939
201300002385,14,4,2013,22,3,33,284,1,1,1,1,,44.562,-0.981
201300002386,13,4,2013,11,1,33,555,1,1,1,6,,44.714,-0.823
201300002387,11,7,2013,17,1,33,19,2,1,1,1,37 rue ernest de boissie,44.692,-1.01899
201300002388,16,12,2013,18,5,33,284,2,1,1,6,RUE DE TESTAROUCH,0.0,0.0
201300002389,2,3,2013,11,1,33,56,2,1,1,6,rue jeanne d'arc,0.0,0.0
201300002390,16,3,2013,18,1,33,56,1,1,2,6,,0.0,0.0
201300002391,6,4,2013,0,3,33,519,1,1,1,3,,0.0,0.0
201300002392,24,4,2013,18,1,33,519,2,1,1,1,49 Rue du stade,0.0,0.0
201300002393,27,9,2013,7,2,33,519,1,2,1,3,,0.0,0.0
201300002394,8,10,2013,9,1,33,519,2,1,7,6,13 avenue de la boetie,0.0,0.0
201300002395,21,10,2013,8,1,33,56,2,1,1,6,rue de guyenne,0.0,0.0
201300002396,19,11,2013,13,1,33,56,1,1,2,1,,0.0,0.0
201300002397,29,4,2013,9,1,33,236,1,1,1,1,,0.0,0.0
201300002398,4,5,2013,6,5,33,11,2,1,5,6,76 avenue Gnl de Gaulle,0.0,0.0
201300002399,26,5,2013,12,1,33,236,2,1,1,3,"int. D106, rte truc vert",0.0,0.0
201300002400,27,6,2013,8,1,33,236,2,1,1,3,ROUTE DU CAP FERRET,0.0,0.0
201300002401,15,7,2013,2,5,33,236,1,1,1,1,,0.0,0.0
201300002402,26,12,2013,9,1,33,236,1,1,3,6,,44.735,-1.196
201300002403,6,7,2013,15,1,33,422,2,1,1,5,691 avenue du las,0.0,0.0
201300002404,28,3,2013,17,1,33,449,1,1,1,1,,0.0,0.0
201300002405,14,4,2013,17,1,33,449,2,1,1,1,avenue Descartes,0.0,0.0
201300002406,28,5,2013,16,1,33,449,2,1,1,3,RUE CLEMENT DESSALLES,0.0,0.0
201300002407,2,6,2013,4,3,33,376,1,1,1,1,,0.0,0.0
201300002408,16,6,2013,10,1,33,449,2,1,1,1,avenue descartes,0.0,0.0
201300002409,24,6,2013,15,1,33,449,1,3,1,3,,0.0,0.0
201300002410,5,7,2013,10,1,33,449,2,1,1,1,RUE PAUL BERNIARD,0.0,0.0
201300002411,14,8,2013,13,1,33,449,2,1,1,3,CHEMIN LAFON,0.0,0.0
201300002412,9,10,2013,0,5,33,376,2,1,1,6,,0.0,0.0
201300002413,23,11,2013,10,1,33,449,2,2,1,3,avenue de capeyron,0.0,0.0
201300002414,26,6,2013,7,1,33,47,1,1,1,1,,0.0,0.0
201300002415,8,7,2013,15,1,33,47,1,1,1,5,,45.127,-0.579
201300002416,19,7,2013,12,1,33,47,1,1,1,5,,45.127,-0.582
201300002417,1,4,2013,16,1,33,67,1,1,1,1,,0.0,0.0
201300002418,14,5,2013,17,1,33,551,1,2,1,1,,45.084,-0.635
201300002419,25,10,2013,18,3,33,228,1,1,3,6,,0.0,0.0
201300002420,28,10,2013,18,3,33,530,1,2,2,2,,0.0,0.0
201300002421,7,12,2013,8,3,33,500,1,1,1,6,,45.074,-0.568
201300002422,12,12,2013,12,1,33,67,2,1,1,6,All?es Fran?ois Daleau,0.0,0.0
201300002423,8,1,2013,2,5,33,389,2,1,2,6,30 av de la R?publique,0.0,0.0
201300002424,18,3,2013,11,1,33,389,2,1,1,1,AVENUE DE LA REPUBLIQUE,45.293,-0.609
201300002425,30,3,2013,18,1,33,389,2,1,1,1,Rue Antoine Saint Exup?r,0.0,0.0
201300002426,13,5,2013,1,3,33,389,1,9,1,6,,45.266,-0.628
201300002427,28,5,2013,8,1,33,380,1,1,1,3,,45.293,-0.567
201300002428,10,10,2013,18,1,33,267,2,1,1,3,1 La Cafourche,45.274,-0.516
201300002429,21,11,2013,21,3,33,389,1,1,1,6,,0.0,0.0
201300002430,2,2,2013,9,1,33,473,1,1,9,6,,45.139,-0.485
201300002431,21,2,2013,11,1,33,126,1,4,1,1,,45.112,-0.461
201300002432,14,5,2013,23,3,33,439,1,1,2,6,,45.113,-0.396
201300002433,26,5,2013,15,1,33,439,1,1,1,6,,45.139,-0.423
201300002434,27,6,2013,19,1,33,114,1,1,1,6,,45.096,-0.399
201300002435,12,7,2013,16,1,33,382,1,1,1,1,,45.151,-0.478
201300002436,1,8,2013,6,2,33,233,1,1,1,7,,45.15,-0.357
201300002437,12,8,2013,18,1,33,473,1,1,1,7,,45.095,-0.398
201300002438,26,8,2013,15,1,33,439,1,1,1,1,,45.119,-0.416
201300002439,4,9,2013,14,1,33,151,1,1,1,6,,45.256,-0.484
201300002440,18,9,2013,16,1,33,473,1,1,1,6,,0.0,0.0
201300002441,27,9,2013,16,1,33,126,1,1,1,3,,45.117,-0.46
201300002442,3,10,2013,18,1,33,492,1,2,1,3,,45.143,-0.427
201300002443,28,10,2013,20,3,33,151,1,1,1,6,,45.214,-0.418
201300002444,16,10,2013,10,1,33,473,1,1,1,3,,45.163,-0.449
201300002445,21,11,2013,18,5,33,114,2,1,2,6,CD249,45.098,-0.391
201300002446,20,12,2013,15,1,33,123,1,1,1,6,,0.0,0.0
201300002447,11,1,2013,6,5,33,433,1,1,8,2,,0.0,0.0
201300002448,19,6,2013,12,1,33,3,1,1,1,1,,0.0,0.0
201300002449,23,10,2013,20,3,33,4,1,1,8,6,,0.0,0.0
201300002450,24,3,2013,2,3,33,293,1,1,1,2,,0.0,0.0
201300002451,4,9,2013,7,1,33,554,2,3,1,3,AV DES TABERNOTTES D115,0.0,0.0
201300002452,24,9,2013,7,1,33,483,2,1,1,3,43 route de Cameyrac,0.0,0.0
201300002453,11,10,2013,20,3,33,397,1,6,1,3,,0.0,0.0
201300002454,20,10,2013,11,1,33,397,2,1,1,6,,0.0,0.0
201300002455,20,2,2013,13,1,33,454,2,1,1,3,lieu dit La Cassagne,0.0,0.0
201300002456,31,3,2013,14,1,33,109,1,1,1,6,,44.697,-0.452
201300002457,19,4,2013,16,1,33,37,1,1,1,6,,44.701,-0.462
201300002458,29,5,2013,15,1,33,109,1,1,8,6,,44.647,-0.526
201300002459,2,7,2013,6,2,33,474,2,1,1,6,27 ROUTE DES GRAVES,44.691,-0.482
201300002460,9,9,2013,18,1,33,213,1,1,1,1,,0.0,0.0
201300002461,8,3,2013,2,5,33,505,2,1,3,3,46 RUE ST JEAN,0.0,0.0
201300002462,24,4,2013,8,1,33,140,2,1,7,6,AVENUE SUZANNE SALVET,0.0,0.0
201300002463,31,7,2013,9,1,33,311,2,1,1,1,CD10 route de cadillac,0.0,0.0