Num_Acc,jour,mois,an,hr,condition_eclairage,departement,commune,condition_agglomeration,intersection,condition_atmosphere,type_collision,adresse,lattitude,longitude
201300003095,7,5,2013,14,1,16,380,1,3,1,1,Les Landes du Moulin,45.3891,0.20113
201300003096,6,6,2013,21,2,16,53,1,1,1,7,La Gassouille,45.34554,-0.20841
201300003097,7,6,2013,14,1,16,30,1,1,1,1,Chez Dauve,45.4816,-0.23172
201300003098,21,6,2013,21,1,16,30,1,2,1,3,,45.49247,-0.19735
201300003099,10,7,2013,12,1,16,380,1,1,1,1,Chez Landreau,45.3941,-0.21046
201300003100,14,7,2013,11,1,16,99,2,6,1,2,Toutvent,45.36136,-0.08408
201300003101,28,7,2013,7,2,16,160,1,1,1,6,Le Bois de Guimps,45.45396,-0.25241
201300003102,2,8,2013,17,1,16,160,1,1,1,2,La Roche,45.45126,-0.26061
201300003103,11,8,2013,21,4,16,28,2,1,1,6,Rue Pierre Mendes France,45.47415,-0.14981
201300003104,25,8,2013,19,1,16,251,1,2,1,3,,45.36199,-0.12992
201300003105,14,10,2013,6,3,16,303,1,1,3,6,le Maine de la republiqu,45.4579,-0.08594
201300003106,12,11,2013,18,2,16,160,1,1,1,6,Le Mancou,45.45729,-0.2427
201300003107,2,4,2013,22,3,16,171,1,1,1,7,L'Echalotte,45.59943,-0.28904
201300003108,20,4,2013,13,1,16,145,1,1,1,7,Les Rocs,45.7207,-0.11483
201300003109,4,3,2013,16,1,16,164,1,1,1,6,,46.03303,0.5816
201300003110,14,6,2013,14,1,16,70,2,1,1,2,La Broussauderie,45.87814,0.72642
201300003111,4,7,2013,18,1,16,134,1,3,1,1,Chez Vouivet,45.89262,0.64677
201300003112,9,7,2013,17,1,16,132,1,1,1,7,La Faye,45.88123,0.79514
201300003113,6,8,2013,17,1,16,106,2,1,8,6,4 rue de l'Ouillette,46.0994,0.65716
201300003114,9,8,2013,10,1,16,164,1,3,1,1,Les Cavailles,46.05237,0.57838
201300003115,4,10,2013,14,1,16,65,1,1,8,6,Aunac,46.07919,0.76689
201300003116,12,11,2013,11,1,16,1,1,1,2,6,,46.09007,0.70497
201300003117,24,11,2013,3,4,16,9,1,1,1,6,,45.98669,0.52907
201300003118,24,11,2013,4,3,16,134,1,1,1,6,Lafachie,45.98669,0.66963
201300003119,30,12,2013,10,1,16,259,2,1,1,6,Route d'exideuil,45.88334,0.62006
201300003120,9,1,2013,18,5,16,336,2,3,2,3,Agglo d'Artenac,45.84116,0.33625
201300003121,5,4,2013,17,1,16,329,2,1,1,3,,45.94174,0.479
201300003122,4,5,2013,23,4,16,85,2,1,1,6,avenue de la Republique,45.82771,0.45351
201300003123,20,7,2013,16,1,16,85,1,1,1,6,Chez Berton,45.79997,0.45022
201300003124,6,8,2013,7,1,16,192,1,1,2,7,Le Beau des Mineurs,45.879,0.56545
201300003125,11,8,2013,19,1,16,308,1,3,1,3,La Teille,45.90144,0.45782
201300003126,30,8,2013,7,1,16,375,1,1,1,5,La casse de Bord,45.83998,0.48847
201300003127,15,9,2013,1,3,16,96,1,1,1,6,,45.81883,0.57157
201300003128,12,9,2013,15,1,16,308,2,1,8,3,Place Sadi Carnot,45.89399,0.46609
201300003129,9,10,2013,16,1,16,245,1,1,8,1,,45.86533,0.53218
201300003130,13,10,2013,11,1,16,85,1,1,8,6,Les Versennes,45.79807,0.43528
201300003131,6,11,2013,20,5,16,192,1,1,1,1,Les Féraux,45.87314,0.55488
201300003132,22,11,2013,16,1,16,68,1,1,1,7,Chez Jollet,45.9123,0.38669
201300003133,19,4,2013,16,1,16,253,1,1,1,3,Les Grandes Groies,46.0114,0.00773
201300003134,28,4,2013,17,1,16,378,1,2,1,3,,46.06864,0.23637
201300003135,7,5,2013,19,1,16,114,1,1,1,6,Le Lac de Bouton,45.93537,0.30603
201300003136,6,6,2013,15,1,16,2,1,1,1,6,,46.07997,0.19101
201300003137,7,6,2013,19,1,16,110,1,1,1,1,Les Gros Chirons,45.98043,0.14065
201300003138,7,6,2013,19,1,16,292,2,1,1,7,Bd du Portal,46.03047,0.19942
201300003139,23,7,2013,17,1,16,2,1,1,1,2,Les Bois de la Ronde,46.08776,0.19086
201300003140,6,1,2013,10,1,16,234,2,1,1,1,Agglomération Malvieille,45.6755,-0.02892
201300003141,28,2,2013,12,1,16,19,1,3,1,3,Le Cerisier,45.71074,0.07725
201300003142,25,7,2013,7,1,16,348,1,1,1,3,La Croix du Fils,45.67049,0.02499
201300003143,1,9,2013,9,1,16,138,2,1,1,6,La cotede Sainte Barbe,45.67397,0.10576
201300003144,25,10,2013,10,1,16,187,2,1,2,6,Chez Siret,45.64982,0.07687
201300003145,25,11,2013,7,2,16,163,2,1,1,3,CHEMIN DU PARC,45.6732,0.00542
201300003146,10,2,2013,1,4,16,206,2,1,5,7,La Gagnarderie,45.8804,0.18235
201300003147,12,2,2013,8,1,16,272,1,1,4,1,Les Molières,45.87754,0.23896
201300003148,17,3,2013,14,1,16,68,1,1,1,7,Les Pins,45.89275,0.33801
201300003149,22,6,2013,19,1,16,140,1,1,2,6,Les Coirards,45.89301,0.19528
201300003150,21,10,2013,11,1,16,383,1,2,6,3,Coeur Joyeux,45.80389,-0.21689
201300003151,15,12,2013,10,1,16,318,1,1,9,6,Les Grands Genets,45.90431,0.2672
201300003152,3,1,2013,13,1,16,406,2,1,1,3,LE PANISSAUD,45.67709,0.40683
201300003153,22,5,2013,4,3,16,137,1,1,2,6,La petite Motte Chateau,45.6057,0.48287
201300003154,11,11,2013,16,1,16,372,1,2,1,3,,45.61105,0.50256
201300003155,30,1,2013,18,3,16,122,1,2,1,3,La Font des marais,45.94902,0.04715
201300003156,27,5,2013,11,1,16,221,1,1,1,1,45.87168,45.87168,-0.01252
201300003157,1,7,2013,13,1,16,390,1,2,1,3,Le Magnou,45.92947,0.07896
201300003158,8,8,2013,2,3,16,194,1,1,1,7,Les Marais des Gours,45.94583,-0.06428
201300003159,10,8,2013,16,1,16,194,1,3,1,3,l'Ager,45.9436,-0.8553
201300003160,18,5,2013,18,1,17,193,1,1,3,1,,46.10949,-1.08428
201300003161,6,6,2013,7,1,17,109,1,1,1,3,,46.1365,-1.01574
201300003162,9,7,2013,19,1,17,194,1,2,1,3,,46.13556,-1.00941
201300003163,16,8,2013,12,1,17,94,1,1,1,3,,46.09197,-1.09928
201300003164,23,12,2013,19,3,17,315,1,1,6,5,,46.13607,-0.93745
201300003165,18,2,2013,12,1,17,267,1,1,1,1,,46.232,-0.917
201300003166,18,7,2013,14,1,17,91,1,1,1,5,,46.27371,-1.06787
201300003167,1,8,2013,18,1,17,439,1,1,1,6,,46.3361,-0.82553
201300003168,22,9,2013,10,1,17,439,1,1,1,5,,46.322,-0.836
201300003169,9,10,2013,8,3,17,267,1,1,1,6,,46.22637,-0.90685
201300003170,10,10,2013,13,1,17,322,1,2,1,3,,46.257,-0.835
201300003171,3,5,2013,7,1,17,121,1,1,1,5,,46.19872,-1.42535
201300003172,29,5,2013,9,1,17,161,2,1,1,1,rue de la touche,46.18989,-1.33838
201300003173,28,6,2013,14,1,17,121,1,2,1,3,,46.19798,-1.42726
201300003174,9,7,2013,2,3,17,360,1,1,1,6,,46.16449,-1.35181
201300003175,1,8,2013,10,1,17,369,2,1,1,3,avenue des Corsaires,46.20097,-1.3528
201300003176,3,8,2013,1,3,17,19,1,1,1,6,,46.20603,-1.52028
201300003177,28,9,2013,11,1,17,318,1,1,8,7,,46.23756,-1.54453
201300003178,30,10,2013,19,3,17,19,1,1,1,2,,46.20202,-1.48459
201300003179,7,11,2013,19,3,17,161,1,1,1,3,,46.18485,-1.30415
201300003180,11,12,2013,8,2,17,51,1,1,1,6,,46.17582,-1.37823
201300003181,12,12,2013,8,1,17,51,1,1,8,5,,46.191,-1.368
201300003182,10,3,2013,10,1,17,204,1,1,1,2,,45.38248,-0.33991
201300003183,7,5,2013,19,1,17,197,2,1,1,1,13 avenue gal De gaulle,45.44082,-0.43786
201300003184,18,7,2013,9,1,17,192,1,1,1,5,,45.55874,-0.38169
201300003185,4,8,2013,17,1,17,339,1,2,1,3,,45.48617,-0.41647
201300003186,15,8,2013,20,1,17,403,1,1,1,2,,45.39595,-0.45168
201300003187,7,10,2013,17,1,17,197,2,1,1,6,Avenue Gambetta,0.0,0.0
201300003188,12,11,2013,10,1,17,16,1,1,2,7,,45.52496,-0.30899
201300003189,2,2,2013,10,1,17,250,1,1,1,3,,45.5021,-0.52461
201300003190,13,4,2013,20,3,17,331,1,1,1,7,,45.48673,-0.58499
201300003191,20,4,2013,19,1,17,210,1,1,1,7,,45.47843,-0.67369
201300003192,21,4,2013,15,1,17,210,1,1,1,1,,45.46707,-0.67587
201300003193,24,4,2013,10,1,17,129,1,1,1,1,,45.3262,-0.48249
201300003194,13,5,2013,8,1,17,362,1,9,1,6,,45.36356,-0.59745
201300003195,1,9,2013,2,3,17,250,1,1,1,6,,45.49648,-0.51782
201300003196,25,9,2013,16,1,17,405,1,1,1,3,,45.37405,-0.69164
201300003197,13,10,2013,16,1,17,331,2,9,1,6,Avenue de Bordeaux D 137,45.47727,-0.5698
201300003198,6,12,2013,22,3,17,111,1,1,5,6,,45.46228,-0.50125
201300003199,18,1,2013,18,5,17,240,2,1,3,6,Boulevard de la R?publiq,45.2846,-0.40621
201300003200,1,5,2013,20,1,17,243,1,1,1,6,,45.24543,-0.28127
201300003201,19,6,2013,7,1,17,282,1,1,1,1,,45.32905,-0.35448
201300003202,25,6,2013,21,2,17,287,1,1,1,6,,45.2615,-0.25792
201300003203,16,7,2013,16,1,17,38,1,1,1,6,,45.172,-0.336
201300003204,17,3,2013,14,1,17,351,1,1,1,6,,45.80781,-0.99048
201300003205,6,7,2013,14,1,17,351,1,1,1,1,,45.8221,-1.0764
201300003206,13,8,2013,11,1,17,219,1,3,1,3,,45.831,-1.11496
201300003207,16,8,2013,18,1,17,219,1,1,1,3,,45.83363,-1.09438
201300003208,12,9,2013,14,1,17,219,1,9,1,6,,45.805,-1.137
201300003209,27,10,2013,17,2,17,351,1,1,1,1,,45.82274,-1.06994
201300003210,31,10,2013,16,2,17,406,1,3,1,5,,45.76327,-0.97965
201300003211,8,11,2013,18,5,17,219,2,1,2,2,La Chainade,45.83283,-1.12593
201300003212,5,7,2013,18,1,17,308,1,1,1,1,,45.85485,-0.97989
201300003213,29,10,2013,16,1,17,348,1,1,1,3,,45.83412,-0.94187
201300003214,3,11,2013,18,3,17,348,1,1,3,3,,45.8375,-0.94519
201300003215,11,5,2013,10,1,17,337,2,1,1,6,508 rue de la giberti?re,45.97112,-1.29475
201300003216,16,5,2013,9,1,17,93,2,6,8,3,D734,45.88786,-1.20026
201300003217,31,5,2013,22,3,17,385,2,1,1,1,,45.93705,-1.35687
201300003218,12,6,2013,22,3,17,385,1,1,1,7,,45.92437,-1.29978
201300003219,14,6,2013,3,5,17,385,2,1,1,6,avenue des pins,45.92047,-1.33889
201300003220,5,7,2013,6,2,17,385,1,1,1,3,,45.92696,-1.28366
201300003221,5,8,2013,12,1,17,323,1,1,8,3,,46.04105,-1.39144
201300003222,12,8,2013,0,5,17,140,1,1,1,7,,45.90283,-1.25081
201300003223,28,8,2013,8,3,17,385,1,1,1,6,,45.94021,-1.2852
201300003224,29,8,2013,18,1,17,93,1,2,1,3,,45.86521,-1.19989
201300003225,6,9,2013,22,5,17,323,2,1,1,6,PLACE DU MOULIN,46.02985,-1.37861
201300003226,13,9,2013,19,1,17,411,2,1,1,3,avenue des bouillats,45.85011,-1.21631
201300003227,26,9,2013,14,1,17,385,2,1,1,3,19 ROUTE DES CHATELIERS,45.93334,-1.32543
201300003228,10,11,2013,11,1,17,486,1,1,8,7,,46.02064,-1.36188
201300003229,31,12,2013,16,1,17,385,1,1,3,6,,45.91609,-1.29911
201300003230,7,1,2013,19,5,17,155,2,1,2,3,rue charles herv?,45.7321,-1.09889
201300003231,22,1,2013,17,1,17,409,1,1,2,3,,45.6874,-1.00796
201300003232,30,4,2013,14,1,17,21,1,1,2,1,,45.743,-1.134
201300003233,30,4,2013,16,1,17,409,1,1,2,1,,45.685,-0.992
201300003234,14,6,2013,16,1,17,225,1,1,1,7,,45.726,-1.226
201300003235,16,6,2013,15,1,17,452,1,1,1,6,,45.7897,-1.20657
201300003236,22,6,2013,23,5,17,452,2,1,1,3,Av du G?n?ral de Gaulle,45.78481,-1.15695
201300003237,7,7,2013,16,1,17,225,1,1,1,5,,45.68495,-1.16558
201300003238,31,7,2013,10,1,17,225,1,1,1,3,,45.702,-1.2
201300003239,31,7,2013,14,1,17,409,1,1,1,2,,45.695,-1.024
201300003240,4,8,2013,10,1,17,452,1,1,1,7,,45.76483,-1.21275
201300003241,4,9,2013,15,1,17,64,1,1,1,5,,45.69585,-1.04647
201300003242,5,9,2013,16,1,17,452,1,1,1,3,,45.78546,-1.15803
201300003243,24,9,2013,18,1,17,155,2,1,1,6,Avenue SORIGNET,45.743,-1.106
201300003244,24,10,2013,19,5,17,21,2,1,2,1,18 AVENUE DE L'ETRADE,45.756,-1.137
201300003245,9,11,2013,3,3,17,409,1,1,3,7,,45.68797,-1.01065
201300003246,8,12,2013,10,1,17,452,1,2,1,3,avenue de l'Etrade,45.76122,-1.14172
201300003247,11,12,2013,6,4,17,21,2,1,9,6,,45.75133,-1.12697
201300003248,2,1,2013,9,3,17,346,1,1,1,1,,45.9193,-0.88562
201300003249,9,11,2013,17,2,17,353,1,9,2,3,,45.99117,-1.03756
201300003250,24,11,2013,22,3,17,320,1,1,1,7,,45.94973,-0.79112
201300003251,15,12,2013,20,3,17,320,1,1,1,1,,45.96007,-0.78842
201300003252,2,1,2013,17,1,17,338,1,1,7,3,,46.1622,-0.73874
201300003253,24,1,2013,23,5,17,434,2,2,1,3,24 rue Olivier Brillouet,46.2029,-0.75259
201300003254,26,1,2013,21,3,17,57,1,1,1,6,,46.15728,-0.86173
201300003255,3,2,2013,7,3,17,18,2,1,1,6,,46.05796,-0.8899
201300003256,19,2,2013,18,2,17,434,2,2,1,3,,46.10753,-0.75047
201300003257,11,4,2013,14,1,17,3,1,1,2,1,,46.10537,-0.97924
201300003258,15,4,2013,21,4,17,447,1,6,1,6,,46.09573,-0.94163
201300003259,20,4,2013,6,1,17,107,1,9,1,2,,46.02538,-0.94471
201300003260,16,5,2013,0,3,17,107,1,1,1,7,,46.0301,-0.94372
201300003261,17,5,2013,19,2,17,482,1,1,1,3,,46.13509,-0.78953
201300003262,3,6,2013,6,1,17,340,1,1,1,5,,46.07216,-0.78741
201300003263,8,6,2013,17,1,17,57,1,2,1,3,,46.14364,-0.85647
201300003264,16,6,2013,10,1,17,447,1,1,1,6,,46.06724,-0.93951
201300003265,15,7,2013,0,5,17,166,2,1,1,5,CD939,46.10115,-0.91132
201300003266,1,8,2013,11,1,17,480,2,9,1,7,9 rue du pas de clerc,46.14282,-0.89695
201300003267,29,7,2013,23,3,17,447,2,1,1,6,Rue du champ de foire,46.08442,-0.91745
201300003268,9,8,2013,16,1,17,394,1,2,2,3,,46.1471,-0.64315
201300003269,1,9,2013,20,1,17,447,1,1,1,7,,46.06569,-0.93599
201300003270,21,9,2013,13,1,17,434,2,1,1,6,rue Jean Philippe Rameau,46.1104,-0.74054
201300003271,26,9,2013,17,1,17,107,1,1,1,1,,46.06269,-0.93951
201300003272,9,10,2013,15,1,17,447,1,1,1,2,,46.079,-0.938
201300003273,26,10,2013,5,5,17,434,2,1,8,6,avenue amiral courbet,46.116,-0.745
201300003274,4,11,2013,21,3,17,80,1,1,3,6,,46.10317,-0.84476
201300003275,12,11,2013,7,2,17,63,1,2,5,3,,46.06653,-0.67845
201300003276,6,12,2013,19,5,17,457,2,1,1,6,D107 / rue Boulangerie,46.062,-0.766
201300003277,5,1,2013,17,1,17,444,1,1,1,6,,45.703,-0.642
201300003278,21,1,2013,7,2,17,86,1,1,1,5,,45.7336,-0.53762
201300003279,23,1,2013,2,3,17,453,2,1,8,6,Rue de la Renaissance,45.906,-0.923
201300003280,14,2,2013,9,1,17,45,1,2,8,3,,45.87357,-0.86233
201300003281,10,4,2013,15,1,17,179,1,1,2,1,,45.6839,-0.61028
201300003282,16,4,2013,18,1,17,284,2,6,1,3,rue du chemin vert,45.82909,-0.86526
201300003283,11,7,2013,11,1,17,164,1,1,1,2,,45.75351,-0.59545
201300003284,13,8,2013,12,1,17,143,1,2,1,1,,45.81,-0.58
201300003285,29,8,2013,11,1,17,171,1,1,1,1,,45.8575,-0.75946
201300003286,2,9,2013,17,1,17,330,1,1,1,5,,45.75315,-0.92768
201300003287,2,10,2013,7,1,17,86,2,3,1,3,lieu dit chez P?rineau,45.72473,-0.57271
201300003288,5,10,2013,6,3,17,86,1,1,1,6,,45.73641,-0.53902
201300003289,3,12,2013,12,1,17,330,1,1,1,1,,45.75228,-0.94693
201300003290,5,12,2013,8,1,17,89,2,1,1,1,D131,45.764,-0.542
201300003291,6,12,2013,16,1,17,164,1,1,1,6,,45.77077,-0.61787
201300003292,9,12,2013,14,1,17,141,1,2,1,3,,45.717,-0.471
201300003293,20,12,2013,21,5,17,330,1,1,1,6,,45.783,-0.887
201300003294,24,12,2013,17,3,17,100,1,1,3,6,,45.72596,-0.41927
201300003295,30,12,2013,9,3,17,45,1,1,1,1,,45.87395,-0.86451
201300003296,21,1,2013,11,1,17,172,1,1,1,1,,45.5568,-0.68731
201300003297,8,2,2013,8,1,17,404,2,1,2,6,route de la coudaignerie,45.6133,-0.69727
201300003298,8,4,2013,9,1,17,425,1,1,1,7,,45.57581,-0.89337
201300003299,24,4,2013,20,2,17,244,1,1,1,7,,45.63879,-0.77151
201300003300,22,5,2013,17,1,17,131,2,1,1,1,boulevard des Dandonneau,45.58455,-0.83543
201300003301,22,7,2013,11,1,17,131,2,1,1,6,Route de Royan,45.58266,-0.83423
201300003302,31,8,2013,11,1,17,172,2,3,1,3,Intersection D732 / D248,45.57684,-0.68187
201300003303,17,9,2013,12,1,17,425,1,1,8,2,,45.60263,-0.90643
201300003304,6,11,2013,20,3,17,131,1,1,2,1,,45.57959,-0.83718
201300003305,30,11,2013,17,2,17,152,2,1,1,6,Les Gorces - D730,45.56418,-0.80398
201300003306,5,3,2013,10,1,17,283,1,1,1,4,,45.60111,-0.55539
201300003307,19,4,2013,1,3,17,283,1,1,1,1,,45.54571,-0.55801
201300003308,13,8,2013,0,3,17,242,1,1,1,7,,45.67986,-0.53589
201300003309,19,10,2013,6,3,17,56,1,1,1,1,,45.60096,-0.50136
201300003310,20,10,2013,10,1,17,283,1,1,1,1,,45.577,-0.585
201300003311,31,10,2013,18,3,17,78,1,1,2,3,,45.546,-0.435
201300003312,2,1,2013,21,3,17,421,1,1,1,2,,45.6808,-0.91429
201300003313,22,2,2013,4,3,17,421,1,1,1,6,,45.6676,-0.9378
201300003314,7,4,2013,2,3,17,421,1,1,1,6,,45.69396,-0.97289
201300003315,14,4,2013,15,1,17,228,1,1,1,3,,45.66228,-0.94636
201300003316,3,8,2013,14,1,17,421,2,1,1,1,,45.67745,-0.91025
201300003317,10,9,2013,12,1,17,393,1,1,1,7,,45.68268,-0.87805
201300003318,12,9,2013,23,3,17,393,1,1,1,7,,45.69011,-0.83235
201300003319,18,1,2013,10,1,17,344,1,1,4,6,,45.85147,-0.5296
201300003320,28,6,2013,15,1,17,294,1,1,1,7,,46.02402,-0.68004
201300003321,1,8,2013,18,1,17,347,1,1,1,3,,45.93521,-0.52518
201300003322,19,8,2013,9,1,17,352,1,1,1,6,,46.03203,-0.69873
201300003323,17,9,2013,9,2,17,347,1,1,2,3,,45.95565,-0.5152
201300003324,29,9,2013,2,5,17,347,2,2,2,3,av Ali?nor d'Aquitaine,45.93427,-0.52644
201300003325,9,10,2013,20,2,17,344,1,1,1,2,,45.83841,-0.5364
201300003326,22,11,2013,14,1,17,459,1,2,1,3,,45.90878,-0.42473
201300003327,28,12,2013,6,5,17,46,1,1,2,6,,45.93353,-0.6114
201300003328,28,12,2013,11,1,17,252,1,3,1,3,,45.87446,-0.70669
201300003329,8,2,2013,18,2,17,24,1,1,1,7,,46.00095,-0.30261
201300003330,18,5,2013,1,3,17,139,2,1,1,1,rue du Stade,46.12796,-0.54017
201300003331,5,6,2013,12,1,17,139,1,1,1,1,,46.12132,-0.53001
201300003332,10,9,2013,17,1,17,234,1,1,1,1,,46.07865,-0.57224
201300003333,12,10,2013,20,3,17,327,1,3,1,6,,46.09819,-0.6457
201300003334,18,10,2013,7,2,17,422,1,1,1,7,,45.96429,-0.19741
201300003335,7,11,2013,18,5,17,464,1,1,1,1,,46.076,-0.536
201300003336,8,12,2013,16,1,17,367,1,2,1,3,,45.954,-0.341
201300003337,23,4,2013,17,1,17,126,1,1,1,3,,45.8517,-0.34842
201300003338,18,6,2013,19,1,17,212,1,1,3,1,,45.84141,-0.22845
201300003339,24,6,2013,12,1,17,224,1,1,1,2,,45.85938,-0.31371
201300003340,9,8,2013,19,1,17,71,1,1,1,2,,45.9083,-0.33845
201300003341,4,9,2013,12,1,17,25,1,1,1,1,,45.89523,-0.41195
201300003342,22,9,2013,11,1,17,224,2,2,1,3,R MARC JEANJEAN,45.86709,-0.31038
201300003343,15,10,2013,14,1,17,224,2,1,2,6,32 rue andr? brugerolles,45.8711,-0.31701
201300003344,29,10,2013,15,1,17,147,1,1,9,6,,45.82659,-0.54189
201300003345,8,3,2013,17,1,79,351,1,1,1,7,Route de Niort,0.0,0.0
201300003346,13,1,2013,2,3,79,257,2,1,1,6,6 ROUTE DU PONT PAIRE,0.0,0.0
201300003347,16,2,2013,19,3,79,216,2,1,1,6,RUE DE L'AUMONERIE,0.0,0.0
201300003348,6,6,2013,5,2,79,170,1,1,1,5,,0.0,0.0
201300003349,6,7,2013,12,1,79,170,1,1,1,1,,0.0,0.0
201300003350,8,8,2013,13,1,79,34,1,1,1,1,RUE DES CHARMES,0.0,0.0
201300003351,31,8,2013,16,1,79,257,1,1,1,7,,0.0,0.0
201300003352,28,3,2013,1,3,79,316,2,1,1,6,"LD ""VILLEDIEU-DU-PERRON""",0.0,0.0
201300003353,5,5,2013,18,1,79,24,1,2,1,3,,0.0,0.0
201300003354,9,5,2013,4,5,79,270,2,1,1,6,47 AVENUE DE BLOSSAC,0.0,0.0
201300003355,19,5,2013,22,5,79,48,2,1,1,6,ROUTE DE L'ATLANTIQUE,0.0,0.0
201300003356,13,7,2013,2,3,79,48,2,1,1,6,RUE DE L'ANCIENNE LAITER,0.0,0.0
201300003357,20,9,2013,22,3,79,48,1,3,1,1,,0.0,0.0
201300003358,24,1,2013,14,1,79,49,2,6,1,3,BD DE L'EUROPE,0.0,0.0
201300003359,3,2,2013,5,5,79,88,2,3,1,1,RUE DU STADE,0.0,0.0
201300003360,21,3,2013,21,3,79,49,1,1,2,1,Sauveur-de-Givres-en-Mai,0.0,0.0
201300003361,23,4,2013,15,1,79,49,1,1,1,7,-,0.0,0.0
201300003362,28,6,2013,12,1,79,38,1,1,1,1,,0.0,0.0
201300003363,18,7,2013,21,1,79,49,1,1,1,5,"LD ""RIDJEU""",0.0,0.0
201300003364,25,7,2013,10,1,79,49,2,1,1,1,BOULEVARD YOURI GAGARINE,0.0,0.0
201300003365,4,8,2013,7,1,79,49,1,1,1,6,RUE DE LA MAIRIE,0.0,0.0
201300003366,16,8,2013,8,1,79,49,2,1,1,6,BOULEVARD YOURI GAGARINE,0.0,0.0
201300003367,28,9,2013,16,1,79,131,1,2,8,1,,0.0,0.0
201300003368,20,11,2013,6,5,79,49,2,1,1,6,12 RUE DU PERE,0.0,0.0
201300003369,26,7,2013,7,1,79,210,1,1,1,5,,0.0,0.0
201300003370,14,1,2013,16,1,79,280,1,1,1,6,,0.0,0.0
201300003371,11,1,2013,9,1,79,299,1,2,7,3,"LD ""BOUCOEUR""",0.0,0.0
201300003372,21,1,2013,10,1,79,250,1,1,2,7,,0.0,0.0
201300003373,18,2,2013,8,3,79,157,1,1,1,7,"LD ""VITRAY""",0.0,0.0
201300003374,14,3,2013,19,3,79,99,1,1,1,7,"LD ""Sans Chien""",0.0,0.0
201300003375,18,3,2013,10,1,79,299,1,1,3,1,,0.0,0.0
201300003376,8,4,2013,17,1,79,53,1,1,1,6,,0.0,0.0
201300003377,24,5,2013,17,1,79,63,1,1,8,6,,0.0,0.0
201300003378,5,7,2013,22,3,79,134,1,2,1,3,,0.0,0.0
201300003379,6,7,2013,17,1,79,171,1,1,1,7,,0.0,0.0
201300003380,10,7,2013,14,1,79,13,2,1,1,6,PONT DE CIRON,0.0,0.0
201300003381,22,9,2013,10,1,79,5,1,2,1,3,,0.0,0.0
201300003382,18,2,2013,16,1,79,353,1,1,1,3,,0.0,0.0
201300003383,24,3,2013,12,1,79,343,1,1,1,3,,0.0,0.0
201300003384,9,5,2013,3,3,79,327,1,1,1,6,,0.0,0.0
201300003385,18,6,2013,7,2,79,348,1,1,3,1,,0.0,0.0
201300003386,2,7,2013,13,1,79,204,2,1,1,6,ROUTE DE MELLE,0.0,0.0
201300003387,6,7,2013,16,1,79,279,1,1,1,3,"LD ""LE BOUCHET DU NAC""",0.0,0.0
201300003388,28,1,2013,15,1,79,297,1,1,8,6,,0.0,0.0
201300003389,15,2,2013,13,1,79,163,1,1,1,1,"LD ""LES BROUSSES""",0.0,0.0
201300003390,2,6,2013,19,1,79,18,1,1,1,6,"LD ""PREMORIN""",0.0,0.0
201300003391,12,6,2013,18,1,79,230,1,1,1,1,"LD ""LA ROCHE GOUPILLAUD""",0.0,0.0
201300003392,21,7,2013,16,1,79,163,1,3,1,3,ROUTE DE MELLE,0.0,0.0
201300003393,28,7,2013,17,1,79,136,2,1,1,1,11 RUE DU CENTRE,0.0,0.0
201300003394,11,8,2013,18,1,79,150,1,6,1,7,,0.0,0.0
201300003395,29,10,2013,21,3,79,95,1,1,1,1,,0.0,0.0
201300003396,10,1,2013,20,3,79,172,1,1,8,6,"LD ""FOUGERET""",0.0,0.0
201300003397,13,1,2013,15,1,79,172,1,1,1,3,,0.0,0.0
201300003398,14,1,2013,7,3,79,80,2,1,1,3,AVENUE SAINTE-ANNE,0.0,0.0