Num_Acc,jour,mois,an,hr,condition_eclairage,departement,commune,condition_agglomeration,intersection,condition_atmosphere,type_collision,adresse,lattitude,longitude
201300003399,22,3,2013,18,1,79,253,1,1,1,7,"LD ""TUILLERIE DU DEFENS""",0.0,0.0
201300003400,6,4,2013,18,1,79,121,2,7,1,3,,0.0,0.0
201300003401,22,4,2013,9,1,79,347,1,5,1,3,"LD ""LE RENAUDERIE""",0.0,0.0
201300003402,5,8,2013,11,1,79,225,1,1,1,6,,0.0,0.0
201300003403,22,8,2013,6,3,79,80,1,1,1,1,,0.0,0.0
201300003404,29,8,2013,15,1,79,347,1,1,1,1,,0.0,0.0
201300003405,30,8,2013,8,1,79,339,1,1,1,6,,0.0,0.0
201300003406,30,8,2013,18,1,79,92,1,2,1,3,,0.0,0.0
201300003407,17,4,2013,17,1,79,208,1,1,7,1,"LD ""LE CHALET""",0.0,0.0
201300003408,22,5,2013,9,1,79,5,1,1,1,3,"LD ""BARROUX""",0.0,0.0
201300003409,10,8,2013,7,1,79,156,1,1,1,7,,0.0,0.0
201300003410,4,9,2013,19,1,79,5,1,1,1,7,,0.0,0.0
201300003411,23,9,2013,13,1,79,208,1,1,7,1,,0.0,0.0
201300003412,25,5,2013,20,1,79,7,1,2,1,3,,0.0,0.0
201300003413,7,8,2013,12,1,79,1,2,1,1,6,14 PLACE DE L'EGLISE,0.0,0.0
201300003414,24,9,2013,20,2,79,25,1,1,1,1,,0.0,0.0
201300003415,18,4,2013,21,3,87,202,1,1,1,6,,45.881,1.108
201300003416,4,5,2013,16,1,87,1,2,1,1,2,route des Cars,0.0,0.0
201300003417,17,8,2013,20,1,87,107,1,1,1,3,,45.931,1.197
201300003418,28,9,2013,17,5,87,1,2,1,1,6,Conore 5 RN 147,45.979,1.159
201300003419,6,12,2013,14,1,87,107,1,2,1,3,,0.0,0.0
201300003420,15,12,2013,13,1,87,21,2,1,8,1,Rue de BEYNAC,45.785,1.191
201300003421,9,2,2013,12,1,87,157,1,1,4,5,,0.0,0.0
201300003422,15,2,2013,21,3,87,178,1,1,1,7,,0.0,0.0
201300003423,16,2,2013,19,1,87,2,1,1,1,1,,0.0,0.0
201300003424,24,5,2013,15,1,87,2,1,1,1,7,,0.0,0.0
201300003425,27,5,2013,17,1,87,2,1,1,1,1,,0.0,0.0
201300003426,3,6,2013,21,1,87,2,1,1,1,6,,0.0,0.0
201300003427,24,10,2013,12,1,87,2,1,1,1,3,,0.0,0.0
201300003428,18,12,2013,8,2,87,125,2,6,1,3,,0.0,0.0
201300003429,1,5,2013,21,5,87,117,2,1,1,7,26 avenue de la tour,45.817,1.771
201300003430,5,8,2013,19,1,87,104,1,1,1,6,,0.0,0.0
201300003431,23,8,2013,16,1,87,117,1,1,1,6,,0.0,0.0
201300003432,7,5,2013,8,1,87,129,1,1,1,6,,0.0,0.0
201300003433,25,1,2013,17,5,87,106,2,1,1,7,Rue Champlain,0.0,0.0
201300003434,11,3,2013,8,3,87,82,1,1,2,6,,0.0,0.0
201300003435,13,3,2013,12,1,87,49,2,1,1,7,Le moulin autier,0.0,0.0
201300003436,16,4,2013,17,1,87,96,1,1,1,6,,0.0,0.0
201300003437,14,5,2013,13,1,87,150,2,1,1,6,18 RUE DES CAPUCINES,0.0,0.0
201300003438,12,7,2013,19,1,87,150,1,1,1,6,,0.0,0.0
201300003439,24,7,2013,8,1,87,60,1,1,1,1,,0.0,0.0
201300003440,13,8,2013,8,1,87,66,1,1,1,6,,0.0,0.0
201300003441,3,12,2013,13,1,87,124,1,1,1,6,,0.0,0.0
201300003442,13,12,2013,12,1,87,31,1,1,8,6,,0.0,0.0
201300003443,7,4,2013,19,1,87,12,1,1,1,7,,0.0,0.0
201300003444,16,4,2013,9,1,87,11,1,1,1,3,,0.0,0.0
201300003445,25,8,2013,12,1,87,12,1,1,3,6,,0.0,0.0
201300003446,8,9,2013,5,3,87,56,1,1,1,6,,0.0,0.0
201300003447,18,10,2013,11,1,87,89,1,1,1,2,,0.0,0.0
201300003448,6,12,2013,22,3,87,109,1,9,8,6,,0.0,0.0
201300003449,28,2,2013,19,3,87,122,1,1,4,7,,0.0,0.0
201300003450,16,3,2013,9,1,87,122,1,2,1,3,,0.0,0.0
201300003451,21,3,2013,13,1,87,122,1,2,1,3,,0.0,0.0
201300003452,24,6,2013,21,3,87,13,1,1,1,7,,0.0,0.0
201300003453,12,7,2013,16,1,87,45,1,1,1,3,,0.0,0.0
201300003454,25,7,2013,9,1,87,14,1,1,1,6,,0.0,0.0
201300003455,28,7,2013,17,1,87,197,1,1,1,3,,0.0,0.0
201300003456,8,10,2013,8,3,87,14,1,1,8,1,,0.0,0.0
201300003457,6,7,2013,8,1,87,87,2,1,1,1,st louis et jean brac,46.347,1.173
201300003458,6,1,2013,13,1,87,154,1,1,1,2,,0.0,0.0
201300003459,27,3,2013,8,1,87,30,1,1,7,2,,0.0,0.0
201300003460,10,8,2013,20,1,87,154,1,1,7,5,,0.0,0.0
201300003461,10,9,2013,17,1,87,185,1,2,1,1,,0.0,0.0
201300003462,27,3,2013,17,1,87,158,1,1,7,6,,0.0,0.0
201300003463,20,8,2013,13,1,87,137,1,1,1,6,,45.745,0.803
201300003464,20,2,2013,9,1,19,38,1,1,1,1,,45.259,1.71
201300003465,7,4,2013,0,3,19,98,1,1,1,1,,45.198,1.839
201300003466,19,5,2013,0,3,19,96,1,1,3,7,,45.414,1.405
201300003467,7,7,2013,21,1,19,207,1,1,1,6,,0.0,0.0
201300003468,6,9,2013,16,1,19,85,1,1,1,5,,45.526,1.389
201300003469,14,11,2013,5,1,19,85,1,2,1,1,,45.31,1.819
201300003470,7,5,2013,19,1,19,91,1,1,1,1,,45.076,1.977
201300003471,15,6,2013,15,1,19,10,2,6,1,6,Avenue Pierre et Marie C,45.098,1.932
201300003472,21,8,2013,19,1,19,192,1,1,1,7,,45.133,1.925
201300003473,2,5,2013,15,1,19,56,2,1,1,1,Le mas,45.286,1.972
201300003474,8,6,2013,13,1,19,264,1,1,2,7,,45.26,2.223
201300003475,22,8,2013,12,1,19,56,2,1,1,6,le bourg,45.283,1.97
201300003476,7,2,2013,20,3,19,129,1,1,1,7,,45.544,1.548
201300003477,6,4,2013,18,1,19,276,2,3,1,5,29 rue Pierre MOULY,45.438,1.566
201300003478,27,7,2013,10,1,19,213,1,3,7,3,,0.0,0.0
201300003479,9,9,2013,18,1,19,1,1,1,2,7,,45.51,1.786
201300003480,22,10,2013,16,1,19,36,2,1,3,6,Av Archambaud de Comborn,45.427,1.577
201300003481,26,10,2013,10,1,19,240,1,1,2,7,,45.399,1.734
201300003482,13,1,2013,1,3,19,66,1,1,2,7,,0.0,0.0
201300003483,21,3,2013,18,1,19,123,2,1,1,1,,45.174,1.563
201300003484,17,6,2013,10,1,19,123,2,1,1,6,Av Capitaine Taurisson,45.179,1.581
201300003485,9,7,2013,11,1,19,229,1,1,1,2,,45.15,1.446
201300003486,26,8,2013,10,1,19,123,2,1,1,3,Avenue Leo Lagrange,0.0,0.0
201300003487,6,10,2013,17,1,19,49,1,1,1,6,,0.0,0.0
201300003488,19,10,2013,18,1,19,229,2,1,1,1,Avenue du 11 novembre 19,0.0,0.0
201300003489,21,10,2013,19,4,19,31,2,1,1,3,Av. de la Riante Borie,45.169,1.555
201300003490,21,11,2013,10,1,19,229,2,1,1,1,lieu dit Bernou,45.128,1.417
201300003491,26,11,2013,10,2,19,66,1,1,1,3,,45.147,1.339
201300003492,4,12,2013,11,1,19,123,2,1,1,1,avenue honore de balzac,0.0,0.0
201300003493,11,12,2013,17,1,19,229,1,1,1,1,vineviale,45.13017,1.43448
201300003494,18,12,2013,16,1,19,123,2,1,7,6,33 avenue Jean Jaures,45.17085,1.56631
201300003495,3,11,2013,20,3,19,126,2,1,2,6,La Jarrige,45.041,1.747
201300003496,31,1,2013,16,1,19,5,1,1,2,6,,45.254,1.486
201300003497,12,2,2013,23,3,19,5,1,1,2,7,,45.248,1.416
201300003498,10,3,2013,15,1,19,274,2,1,1,6,Rue basse,45.197,1.506
201300003499,13,3,2013,13,1,19,5,1,1,1,3,,45.245,1.425
201300003500,22,3,2013,14,1,19,246,1,1,1,3,,0.0,0.0
201300003501,6,6,2013,18,1,19,202,1,1,1,2,,45.249,1.619
201300003502,28,7,2013,11,2,19,72,1,1,1,6,,45.242,1.497
201300003503,25,10,2013,12,1,19,278,2,1,1,3,Rue Edmond Michelet,45.198,1.45
201300003504,1,11,2013,20,5,19,5,2,1,2,6,Le saillant,45.28,1.46
201300003505,25,11,2013,14,1,19,243,1,1,8,6,,45.377,1.348
201300003506,2,1,2013,17,2,19,153,2,1,1,6,Avenue Raymond POINCARE,0.0,0.0
201300003507,12,4,2013,15,1,19,289,1,1,2,7,,45.209,1.385
201300003508,1,5,2013,16,1,19,35,1,1,1,6,,45.317,1.344
201300003509,9,7,2013,19,1,19,161,1,1,7,3,,45.242,1.348
201300003510,28,11,2013,7,2,19,288,1,1,1,6,lycee agricole,45.27869,1.41818
201300003511,19,7,2013,18,1,19,114,1,1,1,3,,0.0,0.0
201300003512,18,9,2013,7,1,19,247,1,1,2,1,,45.477,2.354
201300003513,2,11,2013,17,1,19,252,1,3,2,3,,45.424,2.45
201300003514,5,3,2013,17,1,19,130,1,1,1,3,,45.475,2.142
201300003515,22,10,2013,16,1,19,164,2,1,8,3,RD174E3 rte de la jasse,45.726,2.088
201300003516,4,12,2013,19,5,19,130,1,1,9,6,,45.472,2.145
201300003517,16,9,2013,23,5,19,148,2,1,2,7,boulevard du pendant,45.38,2.27
201300003518,15,2,2013,16,1,23,44,2,1,1,6,6 Route du Berry,46.35734,1.77535
201300003519,26,3,2013,14,1,23,64,1,1,1,7,,46.262,2.093
201300003520,19,4,2013,18,1,23,130,1,1,1,7,,46.422,1.805
201300003521,9,12,2013,15,1,23,62,1,1,9,1,,46.348,1.802
201300003522,26,1,2013,0,3,23,145,1,1,1,7,,0.0,0.0
201300003523,15,6,2013,18,1,23,93,2,1,1,3,Av du G?n?ral De Gaulle,46.194,2.241
201300003524,25,8,2013,21,3,23,9,1,1,2,6,,0.0,0.0
201300003525,20,9,2013,17,1,23,167,1,1,7,6,Le Cros,46.138,2.44
201300003526,29,11,2013,7,2,23,149,1,1,9,6,,0.0,0.0
201300003527,23,2,2013,19,3,23,244,1,1,4,7,,46.29521,1.67909
201300003528,30,3,2013,20,3,23,176,1,1,5,1,,0.0,0.0
201300003529,18,7,2013,13,1,23,95,1,1,1,1,,46.22,1.689
201300003530,3,8,2013,0,3,23,263,1,1,3,6,,46.337,1.729
201300003531,20,11,2013,17,2,23,95,1,1,1,2,,46.156,1.654
201300003532,21,11,2013,20,3,23,39,1,1,1,6,,0.0,0.0
201300003533,22,5,2013,13,1,23,8,2,7,1,6,Rue Roger Cerclier,45.958,2.169
201300003534,1,1,2013,0,3,23,66,1,1,1,6,,45.993,2.467
201300003535,2,10,2013,19,2,23,241,1,1,8,1,,0.0,0.0
201300003536,2,1,2013,10,1,23,81,1,1,2,6,,45.793,2.381
201300003537,17,4,2013,11,1,23,19,1,1,1,6,,45.782,2.304
201300003538,19,6,2013,10,1,23,30,2,1,3,6,Avenue du docteur BUTAUD,45.96,1.757
201300003539,7,1,2013,7,2,31,44,2,1,8,6,Route de Lavaur,0.0,0.0
201300003540,7,2,2013,17,1,31,501,2,2,8,3,plaine d en bourg,0.0,0.0
201300003541,15,2,2013,17,1,31,573,2,9,8,3,avenue du 19 mars 1962,43.65912,1.66485
201300003542,7,3,2013,13,1,31,44,2,1,1,6,RD 50 RTE DE MONS,43.60986,1.49992
201300003543,24,4,2013,18,1,31,163,1,1,7,1,,43.5995,1.62195
201300003544,22,5,2013,16,1,31,184,1,1,1,6,,43.6032,1.54617
201300003545,2,8,2013,18,1,31,418,1,1,1,6,route de Toulouse,0.0,0.0
201300003546,8,9,2013,19,1,31,29,1,1,1,7,,43.5454,1.7056
201300003547,31,10,2013,12,1,31,512,1,1,1,7,,43.57208,1.61774
201300003548,20,11,2013,2,5,31,44,2,1,1,7,AVENUE DES AEROSTIERS,43.60867,1.48876
201300003549,26,11,2013,17,2,31,163,1,1,1,6,route de castres,43.59509,1.59258
201300003550,15,12,2013,19,3,31,285,1,1,1,6,,0.0,0.0
201300003551,19,12,2013,12,1,31,44,2,1,1,1,Avenue Charles de Gaulle,43.59524,1.49744
201300003552,29,1,2013,17,1,31,113,2,1,8,7,Avenue du lauragais,0.0,0.0
201300003553,9,2,2013,6,3,31,448,1,1,1,6,,43.493,1.498
201300003554,26,4,2013,3,5,31,113,2,1,1,7,route d'escalquens,0.0,0.0
201300003555,25,5,2013,12,1,31,448,1,1,8,6,,0.0,0.0
201300003556,11,10,2013,11,1,31,384,1,3,1,5,rte longagno/rte baziège,43.47748,1.57776
201300003557,17,10,2013,15,1,31,113,1,1,1,6,,0.0,0.0
201300003558,14,12,2013,0,3,31,402,1,1,2,5,,0.0,0.0
201300003559,11,3,2013,16,1,31,202,2,1,1,3,715 AVENUE DE TOULOUSE,43.82847,1.3939
201300003560,27,4,2013,17,1,31,118,1,1,1,2,,0.0,0.0
201300003561,25,6,2013,12,1,31,583,1,1,1,3,lieudit raygades,43.82356,1.46994
201300003562,19,7,2013,18,1,31,202,1,1,7,3,1875 route de grisolles,43.84193,1.36273
201300003563,5,10,2013,21,1,31,118,1,1,2,1,,0.0,0.0
201300003564,6,10,2013,8,1,31,79,2,4,1,3,chemin de fompigasse,43.78729,1.41705
201300003565,26,10,2013,15,1,31,584,2,1,1,1,Rue de la bataille,43.8678,1.50282
201300003566,4,1,2013,8,1,31,403,2,1,8,1,CD 17 -Sortie aglo,43.77897,1.30724
201300003567,14,2,2013,17,1,31,356,1,1,8,5,route de Toulouse,43.6856,1.24647
201300003568,23,3,2013,19,1,31,232,2,1,1,6,193 ch de la Montagne,43.763,1.29655
201300003569,25,3,2013,15,1,31,553,1,1,1,1,,0.0,0.0
201300003570,4,4,2013,9,1,31,338,1,1,1,7,,0.0,0.0
201300003571,20,4,2013,11,1,31,553,1,2,1,5,RD 1/RD 58,0.0,0.0
201300003572,26,4,2013,17,1,31,592,1,2,2,3,,0.0,0.0
201300003573,3,6,2013,14,1,31,553,1,1,1,6,,0.0,0.0
201300003574,12,6,2013,11,1,31,232,2,1,1,1,rue du Président Kennedy,43.76394,1.29862
201300003575,4,7,2013,20,1,31,403,1,1,1,3,1 avenue de grisolles,43.78708,1.30084
201300003576,18,7,2013,14,1,31,403,2,1,1,1,CD 29 -,43.7818,1.3142
201300003577,24,9,2013,15,1,31,444,1,1,1,3,,43.7501,1.05849
201300003578,3,11,2013,2,3,31,90,1,1,3,7,,0.0,0.0
201300003579,2,3,2013,15,1,31,417,2,1,1,7,241 chemin de Bégué,43.63083,1.2351
201300003580,19,4,2013,14,1,31,417,2,1,2,6,route de Lèguevin,43.61361,1.27082
201300003581,7,5,2013,15,1,31,496,1,1,1,2,,0.0,0.0
201300003582,9,8,2013,10,1,31,417,1,1,1,3,route de lévignac,43.63433,1.23249
201300003583,27,10,2013,10,1,31,297,2,1,1,3,avenue de la save,43.66818,1.19126
201300003584,19,12,2013,11,3,31,150,1,1,2,1,,43.636,1.301
201300003585,18,1,2013,17,2,31,420,2,1,3,6,53 rue d'andorre,43.50875,1.38986
201300003586,20,2,2013,10,1,31,433,2,1,1,6,Rue des Frënes,43.54194,1.4112
201300003587,18,6,2013,20,2,31,420,1,2,2,1,,43.5051,1.37524
201300003588,29,3,2013,15,1,31,490,1,1,1,1,,0.0,0.0
201300003589,3,4,2013,13,1,31,182,1,1,1,5,159 route de paris,43.69574,1.40036
201300003590,4,4,2013,8,1,31,182,2,1,1,1,route de Paris,43.6813,1.40744
201300003591,3,4,2013,18,1,31,252,2,6,1,6,D20 - rond point,43.73682,1.46893
201300003592,10,4,2013,15,1,31,91,1,7,1,6,,43.72749,1.41114
201300003593,16,4,2013,21,5,31,182,1,1,1,4,,0.0,0.0
201300003594,27,4,2013,9,1,31,490,1,1,1,1,,0.0,0.0
201300003595,18,6,2013,19,1,31,136,1,1,3,7,2732 rte de mouyssagues,43.75647,1.44189
201300003596,19,7,2013,15,1,31,182,1,1,1,3,,0.0,0.0
201300003597,24,7,2013,4,3,31,230,1,1,1,6,route de villemur,0.0,0.0
201300003598,25,9,2013,12,1,31,91,2,1,7,3,20 avenue du Bruguet,43.72022,1.41012
201300003599,25,9,2013,11,1,31,182,2,3,1,3,10 bd Marechal Juin,43.68111,1.39565
201300003600,3,10,2013,15,1,31,91,1,1,2,6,,0.0,0.0
201300003601,30,10,2013,12,1,31,22,1,1,1,1,,43.6676,1.41733
201300003602,13,12,2013,12,1,31,230,2,1,1,1,route de Bruguières,43.71628,1.41798
201300003603,2,1,2013,6,2,31,94,1,1,5,6,,0.0,0.0
201300003604,14,1,2013,9,1,31,488,2,1,1,3,Chemin de Belbèze,43.66327,1.50444
201300003605,9,2,2013,18,5,31,488,2,1,3,6,2 ch du bois de saget,43.66267,1.49783
201300003606,6,3,2013,16,1,31,462,1,1,1,3,,0.0,0.0
201300003607,4,4,2013,18,1,31,407,1,1,3,3,,0.0,0.0
201300003608,17,5,2013,8,1,31,49,1,1,1,1,,43.73803,1.50302
201300003609,13,9,2013,17,1,31,555,2,1,1,6,308 rte de castres-31066,0.0,0.0
201300003610,1,10,2013,17,1,31,488,2,1,1,3,Route d'Albi,43.66388,1.50123
201300003611,23,10,2013,22,5,31,488,2,1,1,1,route d'albi,0.0,0.0
201300003612,9,11,2013,20,5,31,561,2,1,2,6,59 avenue de Toulouse,43.65759,1.48078
201300003613,16,11,2013,14,1,31,388,1,1,8,1,,0.0,0.0
201300003614,5,12,2013,11,1,31,94,1,1,5,6,,0.0,0.0
201300003615,12,12,2013,14,1,31,94,1,1,7,1,,0.0,0.0
201300003616,22,12,2013,3,5,31,117,2,1,1,6,RD 888 rte d'albi,43.67454,1.52696
201300003617,22,12,2013,7,2,31,94,1,1,5,6,,0.0,0.0
201300003618,2,1,2013,16,1,31,165,1,2,1,6,rte villate/ch pont vieu,43.45059,1.36974
201300003619,18,6,2013,15,1,31,165,1,1,2,6,,0.0,0.0
201300003620,24,9,2013,8,1,31,395,2,1,7,6,RD12,43.473,1.326
201300003621,20,12,2013,20,3,31,299,1,1,1,5,,43.409,1.196
201300003622,21,12,2013,19,3,31,263,1,1,1,7,,0.0,0.0
201300003623,12,1,2013,9,1,31,33,2,1,8,3,9 route d'espagne,43.33547,1.48376
201300003624,11,1,2013,17,2,31,24,1,1,1,6,,0.0,0.0
201300003625,23,4,2013,18,1,31,332,1,1,1,3,RD 622,43.36237,1.53831
201300003626,23,4,2013,21,5,31,100,1,1,1,6,,43.2776,1.64102
201300003627,17,5,2013,17,1,31,145,1,1,1,3,,43.30622,1.52074
201300003628,25,5,2013,13,1,31,145,1,1,8,5,,0.0,0.0
201300003629,4,6,2013,17,1,31,100,1,1,1,6,rue rené vidal,43.28252,1.63286
201300003630,4,6,2013,16,1,31,33,2,1,1,3,route de Toulouse,43.36325,1.4587
201300003631,5,7,2013,18,1,31,345,1,1,1,3,,0.0,0.0
201300003632,16,7,2013,13,1,31,396,1,1,1,1,,0.0,0.0
201300003633,27,7,2013,8,1,31,33,1,1,1,5,,0.0,0.0
201300003634,8,8,2013,22,5,31,33,2,1,9,6,6 avenue Justin Pagès,43.35477,1.46368
201300003635,24,9,2013,6,1,31,145,1,1,1,3,,0.0,0.0
201300003636,30,9,2013,8,1,31,145,2,1,1,2,"D 820, LES BACCARRETS",43.31271,1.51098
201300003637,4,10,2013,9,1,31,33,2,1,2,6,route d'Espagne,43.3505,1.4707
201300003638,13,10,2013,7,1,31,546,1,1,7,1,,0.0,0.0
201300003639,16,10,2013,16,1,31,264,1,1,1,6,,0.0,0.0
201300003640,12,11,2013,8,1,31,442,1,3,2,3,,0.0,0.0
201300003641,21,11,2013,22,3,31,100,1,1,4,6,,0.0,0.0
201300003642,1,1,2013,15,1,31,416,1,1,8,3,,43.32493,1.18966
201300003643,3,5,2013,12,1,31,107,1,1,1,1,,43.29046,1.21649
201300003644,7,5,2013,8,1,31,52,2,1,1,1,avenue de la Lèze,0.0,0.0
201300003645,15,6,2013,18,1,31,303,1,1,7,6,,0.0,0.0
201300003646,20,7,2013,10,1,31,104,1,1,1,1,,43.3391,1.27457
201300003647,26,8,2013,12,1,31,107,2,2,1,3,Place ferry/rue gambetta,43.29404,1.2266
201300003648,11,9,2013,13,1,31,455,1,1,1,3,34 route de la morère,43.2443,1.18565
201300003649,30,10,2013,15,1,31,107,1,1,7,2,CD 627,43.3213,1.22148
201300003650,9,11,2013,3,3,31,287,1,1,1,7,,0.0,0.0
201300003651,26,11,2013,17,1,31,334,1,1,1,5,,0.0,0.0
201300003652,29,12,2013,16,1,31,84,1,2,1,3,ave pyrénées/côte lanne,0.0,0.0
201300003653,16,1,2013,7,2,31,499,1,1,3,1,route de saint clar,0.0,0.0
201300003654,27,1,2013,4,3,31,188,1,6,5,7,,43.56895,1.19902
201300003655,25,4,2013,19,1,31,424,2,1,1,3,47 avenue montaigne,0.0,0.0
201300003656,14,5,2013,7,1,31,187,1,1,7,1,,0.0,0.0
201300003657,5,6,2013,15,1,31,499,1,1,1,3,route de fontenilles,43.52407,1.1817
201300003658,9,7,2013,7,1,31,187,2,2,1,3,rte de tarbes/rue église,43.53883,1.23404
201300003659,10,7,2013,19,1,31,424,1,1,1,7,route de frouzins,43.54037,1.30006
201300003660,16,7,2013,8,1,31,424,2,2,1,3,rue acacias/rue bordiers,43.56952,1.29185
201300003661,11,8,2013,23,5,31,187,2,4,1,3,RTE DE TARBES/RTE BRAGOT,43.54016,1.23628
201300003662,15,9,2013,18,1,31,424,2,1,1,6,39 route de Toulouse,43.57199,1.31226
201300003663,1,10,2013,17,1,31,526,2,6,1,1,F. Mitterrand,43.5773,1.27252
201300003664,16,10,2013,19,3,31,187,1,1,2,3,route de tarbes,43.54213,1.24035
201300003665,6,11,2013,18,5,31,424,2,1,1,3,72 rue de la Hille,43.56727,1.27494
201300003666,7,1,2013,18,5,31,585,2,1,5,6,,43.121,0.667
201300003667,2,2,2013,3,3,31,372,1,1,3,6,,0.0,0.0
201300003668,3,3,2013,21,4,31,323,2,1,1,6,1 avenue de luchon,43.07877,0.64052
201300003669,22,5,2013,11,1,31,556,1,1,2,4,,0.0,0.0
201300003670,11,6,2013,12,1,31,274,1,1,1,1,,0.0,0.0
201300003671,12,7,2013,15,1,31,158,2,1,7,7,RD 34 D,43.0997,0.53627
201300003672,21,7,2013,10,1,31,585,2,1,7,1,route voie romaine,43.1324,0.69149
201300003673,20,8,2013,10,1,31,585,2,1,1,6,Chemin du Garros Naou,43.127,0.674
201300003674,7,9,2013,0,3,31,585,1,1,2,6,,43.10622,0.68687
201300003675,17,9,2013,19,1,31,586,2,1,1,6,RD39,0.0,0.0
201300003676,29,9,2013,6,5,31,31,2,1,2,2,RD 817,43.0905,0.58165
201300003677,20,10,2013,5,3,31,305,1,1,1,6,,43.155,0.577
201300003678,3,11,2013,2,3,31,586,1,1,3,7,,0.0,0.0
201300003679,20,12,2013,15,1,31,308,1,1,1,1,,0.0,0.0
201300003680,21,12,2013,2,3,31,536,1,1,1,1,,0.0,0.0
201300003681,5,1,2013,12,1,31,471,2,1,1,6,Avenue Gallieni,0.0,0.0
201300003682,10,5,2013,11,1,31,190,1,1,1,5,,0.0,0.0
201300003683,25,5,2013,14,1,31,42,2,1,1,1,22 Allées d'Etigny,42.78872,0.59239
201300003684,16,7,2013,3,5,31,42,2,1,1,6,rue Pierre Baysse,0.0,0.0
201300003685,22,9,2013,10,1,31,176,1,1,1,3,,42.93925,0.64512
201300003686,15,12,2013,3,3,31,144,1,1,1,1,,0.0,0.0
201300003687,15,12,2013,10,1,31,471,2,1,1,1,rue de l'Anglade - RN125,0.0,0.0
201300003688,29,12,2013,2,3,31,404,1,1,9,6,,42.79954,0.51048
201300003689,14,2,2013,9,1,31,80,1,1,2,7,,0.0,0.0
201300003690,31,3,2013,11,1,31,80,1,1,8,6,,0.0,0.0
201300003691,30,3,2013,12,1,31,80,2,1,1,3,38 RUE porte de dessus,43.28985,0.64495
201300003692,18,5,2013,9,1,31,178,1,1,1,3,,0.0,0.0
201300003693,9,6,2013,13,1,31,347,1,1,3,7,,0.0,0.0
201300003694,15,6,2013,19,1,31,1,1,1,1,7,,0.0,0.0
201300003695,20,7,2013,22,3,31,443,1,1,1,6,,0.0,0.0
201300003696,5,8,2013,14,1,31,468,1,1,1,3,,0.0,0.0
201300003697,11,8,2013,13,1,31,386,1,1,1,6,,0.0,0.0
201300003698,4,9,2013,17,1,31,218,1,1,1,1,,0.0,0.0
201300003699,12,11,2013,11,1,31,307,1,3,2,3,,0.0,0.0
201300003700,25,9,2013,16,1,31,114,1,1,1,2,,0.0,0.0
201300003701,26,9,2013,7,5,31,523,2,1,1,6,route de St Girons,0.0,0.0
201300003702,8,12,2013,3,5,31,59,1,1,5,7,,0.0,0.0
201300003703,22,1,2013,6,3,31,560,1,1,9,6,,0.0,0.0
201300003704,2,3,2013,17,1,31,331,1,1,1,1,,43.52216,1.72583
201300003705,4,6,2013,9,1,31,582,1,3,1,1,,43.3973,1.70445
201300003706,3,7,2013,8,1,31,571,1,2,2,3,RD11/RD826,0.0,0.0
201300003707,5,7,2013,16,1,31,374,1,1,1,3,écluse de Négra,43.4281,1.61711
201300003708,18,7,2013,5,5,31,582,1,1,1,1,,43.4005,1.71268
201300003709,29,7,2013,20,1,31,37,1,1,1,3,,0.0,0.0
201300003710,22,8,2013,13,1,31,54,1,2,7,2,,0.0,0.0
201300003711,15,9,2013,1,3,31,137,1,1,1,1,,43.762,1.233
201300003712,29,11,2013,21,3,31,328,1,1,2,1,,0.0,0.0
201300003713,11,12,2013,8,1,31,26,1,1,1,6,,0.0,0.0
201300003714,23,12,2013,17,2,31,54,1,1,2,6,,0.0,0.0
201300003715,1,1,2013,16,1,31,451,1,1,2,3,,0.0,0.0
201300003716,9,1,2013,7,3,31,451,1,2,8,3,route de toulouse,0.0,0.0
201300003717,4,2,2013,13,1,31,451,1,1,2,3,,0.0,0.0
201300003718,26,5,2013,21,2,31,463,1,1,1,7,,0.0,0.0
201300003719,15,10,2013,16,1,31,478,1,1,1,1,,43.44887,1.91626
201300003720,2,10,2013,18,1,09,293,1,1,1,6,,42.98321,1.50356
201300003721,27,10,2013,14,1,09,224,1,1,1,7,,43.08354,1.4349
201300003722,16,1,2013,12,1,09,160,2,6,2,6,avenue jean jaures,0.0,0.0