Num_Acc,jour,mois,an,hr,condition_eclairage,departement,commune,condition_agglomeration,intersection,condition_atmosphere,type_collision,adresse,lattitude,longitude
201300003723,2,2,2013,18,3,09,93,1,1,4,6,,42.92923,1.70514
201300003724,2,3,2013,15,1,09,106,2,1,1,2,Route de MIREPOIX,42.9463,1.85858
201300003725,15,4,2013,20,2,09,47,2,1,1,6,Lieu dit Laborie,42.91083,1.95447
201300003726,16,4,2013,8,1,09,215,1,1,1,7,,42.91344,1.7751
201300003727,18,5,2013,12,1,09,206,1,1,1,3,,42.91454,1.79391
201300003728,19,6,2013,14,1,09,160,2,1,1,6,Avenue Jean JAURES,42.93138,1.84613
201300003729,9,7,2013,14,1,09,47,1,1,1,1,,42.91123,1.95997
201300003730,10,7,2013,19,1,09,157,1,1,1,1,,42.9711,1.83554
201300003731,27,7,2013,14,1,09,160,1,1,1,6,,42.93449,1.84928
201300003732,7,9,2013,20,1,09,215,1,1,2,6,,42.9122,1.78347
201300003733,7,2,2013,2,3,09,188,1,1,4,6,,42.88336,1.62307
201300003734,6,4,2013,20,3,09,306,1,1,3,6,,42.85229,1.58927
201300003735,20,4,2013,20,1,09,306,1,6,1,2,,42.9182,1.64047
201300003736,14,4,2013,22,5,09,238,2,1,1,1,CD119,43.09311,1.72434
201300003737,17,4,2013,8,1,09,265,2,2,1,3,Intersection D11/D11E,43.08108,1.62401
201300003738,26,4,2013,3,3,09,116,1,1,1,6,,43.12957,1.55206
201300003739,21,6,2013,12,1,09,264,1,1,1,5,,43.0338,1.62086
201300003740,23,10,2013,10,1,09,332,1,1,1,1,,43.06175,1.64648
201300003741,15,12,2013,12,1,09,265,2,1,1,3,rue Jules Guesdes,43.085,1.625
201300003742,12,2,2013,18,5,09,167,2,1,2,6,Avenue de Toulouse,43.27926,1.34737
201300003743,3,1,2013,11,1,09,178,1,3,1,5,,43.10398,1.9169
201300003744,4,12,2013,7,2,09,74,1,1,9,3,,43.02987,1.94433
201300003745,3,3,2013,0,3,09,76,1,1,1,1,,43.27042,1.55163
201300003746,31,5,2013,7,1,09,282,1,1,3,3,,43.20802,1.55942
201300003747,12,6,2013,0,3,09,315,1,1,1,6,,43.15533,1.70709
201300003748,24,6,2013,6,1,09,185,2,1,1,6,ROUTE DE MOLANDIER,43.25303,1.68211
201300003749,28,7,2013,0,3,09,199,1,1,1,7,,43.18292,1.7033
201300003750,8,8,2013,18,1,09,282,1,2,1,1,,43.24068,1.58563
201300003751,20,8,2013,18,1,09,282,1,1,1,1,,0.0,0.0
201300003752,27,10,2013,14,1,09,199,1,2,1,3,,43.18493,1.6403
201300003753,31,10,2013,20,3,09,282,2,2,2,3,Route de Toulouse,43.23914,1.57288
201300003754,5,12,2013,9,3,09,282,1,1,1,6,,43.23062,1.6008
201300003755,7,1,2013,5,3,09,111,1,1,9,7,,42.94301,1.03832
201300003756,1,5,2013,5,3,09,82,1,1,1,6,,0.0,0.0
201300003757,28,6,2013,9,1,09,261,2,1,1,6,rue du bourg,42.98421,1.14471
201300003758,6,7,2013,8,1,09,14,1,1,1,6,,42.93201,0.98542
201300003759,12,12,2013,17,1,09,261,2,1,7,6,Bvd G?n?ral de Gaulle,0.0,0.0
201300003760,14,12,2013,5,4,09,261,2,1,3,2,avenue aristide berges,42.99285,1.13728
201300003761,6,5,2013,19,1,09,65,1,1,1,7,,42.90629,1.42809
201300003762,17,9,2013,15,1,09,223,1,1,1,3,,42.88331,1.21542
201300003763,20,10,2013,7,1,09,86,2,1,1,1,cd117,43.034,1.084
201300003764,17,5,2013,22,5,02,168,2,1,8,7,"17, LEON LHERMITTE (RUE)",49.05141,3.40437
201300003765,19,5,2013,4,3,02,168,1,1,3,7,SOISSONS (ROUTE DE) D1,0.0,0.0
201300003766,14,6,2013,14,1,02,168,2,7,1,6,MARECHAL LECLERC (PLACE,49.04218,3.40348
201300003767,27,6,2013,18,1,02,168,2,6,1,4,"10, JULES LEFEBVRE (AVEN",49.04296,3.39244
201300003768,17,8,2013,16,1,02,168,2,6,1,3,"face N 5, JEAN DE LA FON",49.04451,3.40314
201300003769,3,9,2013,17,1,02,168,2,2,1,3,"3-5, Q. ROOSEVELT (RUE)",0.0,0.0
201300003770,28,10,2013,14,1,02,168,1,1,1,6,D1,0.0,0.0
201300003771,6,12,2013,13,1,02,168,2,1,1,3,"0, JULES LEFEBVRE (AVENU",49.04414,3.40111
201300003772,7,12,2013,10,1,02,168,2,6,2,2,PAUL DOUMER (PLACE),49.04019,3.4047
201300003773,16,12,2013,18,4,02,168,2,3,1,6,"32, SOISSONS (AVENUE DE)",49.04734,3.39851
201300003774,22,3,2013,16,1,12,188,1,1,1,3,,44.273,2.792
201300003775,19,7,2013,15,1,12,133,2,1,1,6,24 avenue de Toulouse,0.0,0.0
201300003776,18,8,2013,18,1,12,56,2,1,1,1,AVENUE DU STADE,44.276,2.43
201300003777,25,11,2013,18,5,12,56,2,1,1,6,156 avenue du centre,0.0,0.0
201300003778,1,2,2013,21,3,12,46,1,1,3,6,,44.159,2.334
201300003779,4,3,2013,0,3,12,15,1,1,1,6,,44.13,2.6
201300003780,10,3,2013,15,1,12,43,1,1,4,6,,44.284,2.55
201300003781,14,3,2013,12,1,12,276,1,1,1,5,,0.0,0.0
201300003782,29,3,2013,7,1,12,234,1,1,5,1,,44.244,2.503
201300003783,1,4,2013,0,3,12,46,1,1,1,6,,44.206,2.405
201300003784,11,5,2013,18,1,12,197,1,1,8,7,,43.998,2.558
201300003785,2,7,2013,13,1,12,46,1,1,1,5,,44.201,2.391
201300003786,5,7,2013,19,1,12,197,2,1,1,3,rue du d?put? laurens,44.037,2.535
201300003787,29,7,2013,23,3,12,57,1,1,1,6,,44.176,2.52
201300003788,14,8,2013,19,1,12,43,1,1,1,3,,44.282,2.549
201300003789,8,9,2013,16,1,12,57,1,1,1,6,,0.0,0.0
201300003790,18,9,2013,8,1,12,65,1,1,2,1,,44.173,2.434
201300003791,9,10,2013,17,1,12,197,1,1,1,7,,44.028,2.54
201300003792,6,11,2013,18,5,12,197,2,1,8,3,Boulevard Vicomte Cadars,44.038,2.535
201300003793,11,11,2013,18,2,12,43,1,1,1,6,,44.267,2.543
201300003794,22,11,2013,18,3,12,267,1,1,4,1,,44.136,2.541
201300003795,5,12,2013,10,1,12,65,1,1,5,1,,44.173,2.434
201300003796,14,1,2013,9,1,12,142,1,1,4,1,,0.0,0.0
201300003797,30,4,2013,9,1,12,138,1,1,2,3,,0.0,0.0
201300003798,5,5,2013,6,4,12,8,1,1,1,6,,0.0,0.0
201300003799,21,5,2013,17,2,12,254,1,1,2,3,,0.0,0.0
201300003800,1,9,2013,19,1,12,254,1,1,1,3,,0.0,0.0
201300003801,4,11,2013,9,1,12,288,1,1,3,5,,44.448,2.439
201300003802,9,11,2013,21,3,12,16,1,1,3,4,,0.0,0.0
201300003803,18,11,2013,14,1,12,288,1,1,2,3,,0.0,0.0
201300003804,29,8,2013,14,1,12,290,1,1,1,1,,44.437,2.194
201300003805,16,6,2013,15,1,12,177,1,1,1,6,,44.41,2.856
201300003806,22,9,2013,5,3,12,33,1,1,1,3,,0.0,0.0
201300003807,19,8,2013,13,1,12,88,1,1,2,6,,44.657,2.851
201300003808,5,10,2013,9,1,12,112,1,1,2,1,,0.0,0.0
201300003809,13,8,2013,18,1,12,280,1,1,1,7,,0.0,0.0
201300003810,21,8,2013,18,1,12,94,2,1,1,6,"1, quai notre dame",0.0,0.0
201300003811,11,10,2013,10,1,12,94,2,1,1,6,Rue de la poste,0.0,0.0
201300003812,11,1,2013,15,1,12,219,2,1,1,1,La Montberte,0.0,0.0
201300003813,13,5,2013,11,1,12,224,2,1,1,6,PLACE DU GENERAL DE GAUL,0.0,0.0
201300003814,2,1,2013,15,1,12,168,1,1,7,3,,44.023,3.343
201300003815,22,6,2013,14,1,12,200,2,1,1,6,Route des Gorges du Tarn,0.0,0.0
201300003816,26,6,2013,9,3,12,145,1,1,1,1,,0.0,0.0
201300003817,25,7,2013,19,1,12,160,2,1,1,7,Route d?partementale 907,0.0,0.0
201300003818,18,8,2013,17,1,12,204,1,9,1,3,,0.0,0.0
201300003819,26,8,2013,10,1,12,160,1,1,1,3,,0.0,0.0
201300003820,18,9,2013,17,1,12,168,1,1,2,6,,0.0,0.0
201300003821,3,10,2013,12,1,12,260,1,1,1,1,,0.0,0.0
201300003822,10,10,2013,14,1,12,145,1,1,8,7,,0.0,0.0
201300003823,11,10,2013,16,1,12,225,1,1,1,6,,0.0,0.0
201300003824,20,10,2013,12,1,12,204,1,1,8,7,,0.0,0.0
201300003825,15,11,2013,16,1,12,178,1,1,1,6,,44.148,3.107
201300003826,19,2,2013,18,1,12,6,1,1,1,6,,0.0,0.0
201300003827,9,5,2013,17,1,12,213,1,1,3,7,,0.0,0.0
201300003828,2,8,2013,11,1,12,213,1,1,1,4,,44.181,3.009
201300003829,19,7,2013,13,1,12,237,2,1,1,3,Canet d'Olt,0.0,0.0
201300003830,26,7,2013,19,1,12,247,1,1,1,1,,0.0,0.0
201300003831,29,7,2013,19,1,12,237,1,1,1,6,,0.0,0.0
201300003832,31,12,2013,16,2,12,284,1,1,1,1,,44.082,2.733
201300003833,25,5,2013,13,1,12,208,2,1,8,3,Boulevard Emile BOREL,43.959,2.894
201300003834,31,8,2013,19,1,12,77,1,1,1,7,,43.905,3.175
201300003835,3,9,2013,16,1,12,286,1,1,1,2,,43.922,2.825
201300003836,10,9,2013,19,1,12,208,2,1,1,6,333 avenue Jean Jaur?s,43.956,2.895
201300003837,14,9,2013,19,1,12,244,1,1,1,6,,44.062,2.901
201300003838,16,9,2013,15,1,12,286,1,1,1,1,,43.948,2.826
201300003839,11,10,2013,16,1,12,155,1,1,1,2,,43.877,3.118
201300003840,7,6,2013,7,1,12,44,1,1,1,3,,43.84,2.849
201300003841,3,1,2013,18,3,12,136,1,1,1,3,,0.0,0.0
201300003842,7,3,2013,15,1,12,300,2,1,1,6,2 all?es Aristide briand,0.0,0.0
201300003843,13,7,2013,9,1,12,300,2,1,1,7,ROUTE DE LAURIERE,0.0,0.0
201300003844,14,9,2013,9,1,12,300,2,7,1,6,,0.0,0.0
201300003845,28,11,2013,15,1,12,136,1,1,1,6,,0.0,0.0
201300003846,7,12,2013,17,3,12,300,1,1,1,1,,0.0,0.0
201300003847,5,3,2013,15,1,12,52,2,1,1,6,Rue Ars?ne Lugan,44.58,2.085
201300003848,6,6,2013,15,1,12,52,1,1,1,2,,44.558,2.085
201300003849,22,6,2013,22,3,12,257,1,1,1,3,,44.542,1.981
201300003850,16,10,2013,13,1,12,52,1,1,1,3,,44.562,2.032
201300003851,10,12,2013,12,1,12,3,1,1,1,1,,0.0,0.0
201300003852,11,8,2013,10,1,12,259,1,1,1,6,,44.285,2.017
201300003853,21,8,2013,19,1,12,167,1,1,1,3,,44.227,2.005
201300003854,24,8,2013,16,1,12,189,1,1,3,7,,44.266,2.264
201300003855,10,11,2013,17,2,12,198,2,1,1,7,axe RD 612 LD Feni?s,44.309,2.217
201300003856,15,12,2013,17,1,12,150,1,1,1,6,,44.273,1.98
201300003857,2,3,2013,16,1,32,29,1,1,1,1,,43.6383,0.47686
201300003858,18,5,2013,13,1,32,117,1,1,8,6,NASQUES CHEMIN CABANDE,43.6795,0.56192
201300003859,30,5,2013,8,1,32,381,1,1,2,1,,43.5668,0.53255
201300003860,2,7,2013,15,1,32,207,1,1,1,7,LD EMMARRE,43.6618,0.65286
201300003861,9,7,2013,17,1,32,300,1,1,1,7,LD LA BRANA,43.555,0.61048
201300003862,7,8,2013,12,1,32,312,1,1,1,6,LD LE CROS,43.6169,0.67579
201300003863,11,10,2013,13,1,32,117,1,1,1,1,,43.6733,0.54396
201300003864,13,12,2013,21,5,32,312,2,1,3,6,ROUTE D AUCH,43.6208,0.64687
201300003865,29,12,2013,2,3,32,312,1,1,2,1,,0.0,0.0
201300003866,23,1,2013,16,1,32,249,1,1,8,3,,43.7437,0.87239
201300003867,17,4,2013,14,1,32,288,1,1,1,1,,43.5799,0.86875
201300003868,9,6,2013,4,3,32,147,1,1,1,6,,43.6231,0.90811
201300003869,6,8,2013,20,1,32,165,1,1,1,7,,43.5957,0.81864
201300003870,31,10,2013,16,1,32,147,1,1,1,1,,43.625,0.912
201300003871,1,1,2013,18,3,32,160,1,1,2,1,,43.6418,1.05432
201300003872,30,3,2013,6,3,32,377,1,1,2,6,,0.0,0.0
201300003873,7,6,2013,16,1,32,160,2,3,1,2,,43.6222,1.10699
201300003874,24,6,2013,8,1,32,210,1,1,1,6,,43.5612,1.12799
201300003875,27,7,2013,11,1,32,268,1,1,1,3,,43.603,1.00678
201300003876,29,7,2013,17,1,32,160,1,6,1,7,,0.0,0.0
201300003877,19,9,2013,7,2,32,268,1,1,8,5,,43.6085,0.96868
201300003878,22,9,2013,20,5,32,160,1,6,1,6,,43.6247,1.11421
201300003879,13,12,2013,17,2,32,16,1,1,1,7,,43.5774,1.04964
201300003880,11,1,2013,22,3,32,51,1,1,1,7,,43.5179,0.89413
201300003881,16,1,2013,14,1,32,321,1,1,6,6,,43.5209,0.87312
201300003882,22,3,2013,22,3,32,356,2,1,2,6,AU VILLAGE,43.5623,0.85643
201300003883,4,5,2013,18,1,32,410,2,3,1,3,RTE LOMBEZ/CHEM ESQUIRON,43.4894,0.92755
201300003884,30,6,2013,10,1,32,213,2,4,1,3,la ramondere,0.0,0.0
201300003885,15,8,2013,18,1,32,261,1,1,1,6,,43.445,1.0004
201300003886,17,8,2013,20,1,32,213,2,1,7,6,BOULEVARD DES PYRENEES,43.4756,0.9116
201300003887,27,8,2013,12,1,32,410,1,1,1,1,,43.4986,0.88463
201300003888,31,12,2013,23,3,32,462,1,1,1,7,,43.761,0.335
201300003889,13,1,2013,23,3,32,462,1,1,1,6,,43.772,0.265
201300003890,8,2,2013,9,1,32,462,2,1,1,6,,43.7581,0.30038
201300003891,14,2,2013,15,1,32,301,1,1,1,1,,43.715,0.443
201300003892,21,4,2013,5,3,32,384,1,1,1,7,,43.7177,0.50172
201300003893,11,6,2013,17,1,32,301,1,1,1,7,,43.7083,0.44497
201300003894,21,6,2013,8,1,32,462,2,3,2,6,PLACE CRESPIN,43.7579,0.29926
201300003895,12,7,2013,18,1,32,462,1,1,1,6,LD GIMAT,43.7707,0.30248
201300003896,13,7,2013,10,1,32,462,1,1,1,6,,43.7332,0.30887
201300003897,29,9,2013,17,1,32,301,1,1,8,7,LA HUMADE,43.7122,0.43619
201300003898,16,10,2013,8,2,32,54,1,1,2,6,LD LA HUMADE,43.7137,0.42979
201300003899,24,11,2013,5,3,32,54,1,1,1,6,,43.691,0.389
201300003900,16,1,2013,19,3,32,44,1,1,3,1,,43.9323,0.40049
201300003901,22,2,2013,11,1,32,402,1,2,1,3,,43.7871,0.37702
201300003902,26,3,2013,12,1,32,79,1,1,1,6,,43.9151,0.09523
201300003903,2,4,2013,5,3,32,83,1,1,1,6,,0.0,0.0
201300003904,8,5,2013,18,1,32,107,2,1,8,5,RUE DE LA REPUBLIQUE,43.9559,0.36619
201300003905,18,5,2013,10,1,32,107,1,1,1,6,,43.9685,0.30281
201300003906,4,6,2013,9,1,32,352,1,2,7,3,,43.8121,0.3863
201300003907,29,6,2013,0,3,32,404,1,1,1,6,,43.8775,0.456
201300003908,16,7,2013,9,1,32,133,2,1,1,6,CD114/PLACE A. FALLIERES,43.9928,0.22979
201300003909,16,7,2013,15,1,32,197,1,1,1,7,LD LA BOURDETTE,43.9717,0.29841
201300003910,5,9,2013,22,5,32,107,2,1,1,6,AVENUE DES MOUSQUETAIRES,43.9546,0.3642
201300003911,16,10,2013,16,1,32,107,1,1,8,3,,43.9286,0.35528
201300003912,27,10,2013,14,1,32,459,1,1,1,6,,43.8668,0.3599
201300003913,2,1,2013,18,3,32,119,1,1,1,7,,43.8951,0.09528
201300003914,5,5,2013,22,3,32,264,1,1,1,6,,43.9365,-0.12406
201300003915,26,6,2013,18,1,32,96,1,3,1,1,,43.9359,-0.08598
201300003916,19,7,2013,11,1,32,296,1,2,1,1,,43.7543,-0.04825
201300003917,30,7,2013,9,1,32,264,1,1,1,1,,43.9318,-0.11313
201300003918,16,8,2013,11,1,32,119,2,1,1,6,BD G?N?RAL BALLON,43.8605,0.09903
201300003919,11,12,2013,5,3,32,119,1,1,1,6,,43.8489,0.13039
201300003920,27,2,2013,14,1,32,208,1,4,1,6,,43.9537,0.65104
201300003921,27,3,2013,17,1,32,208,1,3,1,3,,43.9178,0.62677
201300003922,3,4,2013,12,1,32,286,1,3,1,1,,43.804,0.64185
201300003923,5,4,2013,8,1,32,208,1,4,1,3,,43.924,0.62361
201300003924,6,5,2013,17,1,32,241,1,1,1,6,,43.8964,0.54098
201300003925,13,5,2013,6,1,32,208,1,1,1,6,,43.952,0.61177
201300003926,23,5,2013,19,1,32,208,2,1,1,1,RN.21 - ROUTE D'AGEN,43.936,0.6426
201300003927,8,6,2013,23,3,32,208,1,1,2,6,LD BOURDIEU DE COMBARRAU,43.9746,0.63934
201300003928,16,6,2013,15,1,32,208,1,1,1,7,,43.9415,0.59847
201300003929,9,8,2013,18,1,32,132,1,1,1,6,LD PERISSE,43.8502,0.64262
201300003930,22,8,2013,11,1,32,47,1,1,1,3,LD LES CLAUS,44.0175,0.53657
201300003931,27,8,2013,12,1,32,239,1,1,1,6,LD CAUBOUE,43.9365,0.517
201300003932,4,9,2013,17,1,32,132,1,1,1,6,LD MARIDAT,43.864,0.63294
201300003933,3,10,2013,11,1,32,132,2,1,2,3,,43.8583,0.66077
201300003934,13,11,2013,14,1,32,208,1,1,1,1,,43.93,0.58114
201300003935,28,9,2013,20,3,32,405,1,1,1,7,LD EN RAU,43.8518,0.605
201300003936,15,10,2013,6,3,32,208,1,1,1,7,LD BIDON,43.9619,0.69834
201300003937,11,1,2013,21,3,32,397,1,1,1,7,,43.4515,0.41009
201300003938,17,1,2013,8,2,32,256,2,1,1,6,RUE DES CLARISSES,43.5158,0.40639
201300003939,28,1,2013,7,5,32,426,2,1,8,6,AV GENERAL DE GAULLE,43.4958,0.59377
201300003940,6,2,2013,16,1,32,185,2,3,3,3,CD228,43.3435,0.65294
201300003941,27,2,2013,18,1,32,122,1,1,1,1,LE MOUN?T?,43.4235,0.56078
201300003942,18,5,2013,13,1,32,53,1,1,2,6,,43.378,0.61636
201300003943,22,5,2013,11,1,32,254,1,1,3,5,LD LE RAT,43.5453,0.46951
201300003944,9,6,2013,17,1,32,254,1,1,2,1,,43.5452,0.46945
201300003945,16,7,2013,17,1,32,254,1,3,2,2,LD SAHUQUET,43.5372,0.44522
201300003946,22,9,2013,1,3,32,397,1,1,1,6,LD CHRISTAU,43.4477,0.4147
201300003947,26,10,2013,0,3,32,256,1,1,1,2,,43.516,0.602
201300003948,14,11,2013,9,1,32,254,1,1,1,1,,0.0,0.0
201300003949,21,1,2013,16,1,32,446,1,1,8,7,,43.4872,0.26182
201300003950,3,3,2013,6,1,32,373,1,1,1,6,,43.4058,0.39581
201300003951,6,3,2013,11,1,32,278,1,1,1,6,RTE DE SAUVIAC,43.4,0.43855
201300003952,26,5,2013,10,1,32,205,1,1,7,6,,0.0,0.0
201300003953,3,7,2013,5,2,32,159,1,1,1,6,,0.0,0.0
201300003954,28,9,2013,9,1,32,252,1,1,8,7,,43.428,0.297
201300003955,11,10,2013,16,1,32,30,1,4,1,1,,43.51,0.28345
201300003956,25,10,2013,14,1,32,252,2,7,1,6,PLACE JEAN SENAC,43.4296,0.30762
201300003957,8,12,2013,18,3,32,273,1,1,1,1,,43.4999,0.23378
201300003958,1,2,2013,17,1,32,245,1,1,1,6,,43.6041,-0.08238
201300003959,11,3,2013,14,1,32,235,1,1,1,6,,0.0,0.0
201300003960,29,3,2013,7,1,32,344,2,2,1,3,RUE DE LA MENOUE,43.6535,-0.08799
201300003961,7,5,2013,19,1,32,46,1,1,1,1,,43.669,-0.22796
201300003962,3,8,2013,14,2,32,414,1,1,1,1,,0.0,0.0
201300003963,13,8,2013,10,1,32,344,2,1,1,3,ROUTE D'AQUITAINE,43.6681,-0.07953
201300003964,31,1,2013,21,3,46,109,1,1,1,2,,44.34091,1.50022
201300003965,2,3,2013,1,3,46,202,1,1,1,2,,0.0,0.0
201300003966,28,6,2013,15,1,46,323,1,1,1,2,,44.607,1.50134
201300003967,15,8,2013,12,1,46,210,1,1,1,6,,44.56391,1.51327
201300003968,4,1,2013,16,1,46,329,1,1,8,6,,44.32534,1.63708
201300003969,2,2,2013,5,3,46,329,1,1,8,6,,44.33608,1.6418
201300003970,16,2,2013,5,3,46,202,1,1,1,6,,44.305,1.472
201300003971,21,7,2013,8,1,46,262,1,1,1,3,,44.31518,1.288
201300003972,18,11,2013,17,2,46,137,1,1,2,6,,44.40392,1.41641
201300003973,19,11,2013,18,3,46,201,1,1,1,6,,44.32174,1.17801
201300003974,12,1,2013,12,1,46,335,1,1,2,1,,44.40407,1.338
201300003975,10,2,2013,11,1,46,184,1,1,2,6,,44.65666,1.15381
201300003976,20,4,2013,17,1,46,126,1,1,1,6,,44.57523,1.20423
201300003977,25,4,2013,21,3,46,62,1,1,1,6,,0.0,0.0
201300003978,26,4,2013,18,1,46,335,1,1,2,1,,44.38773,1.32951
201300003979,1,5,2013,22,3,46,114,1,1,1,6,,44.57152,1.14538
201300003980,3,9,2013,9,1,46,184,1,1,1,1,,44.66425,1.19707
201300003981,8,9,2013,10,1,46,89,1,1,3,6,,44.51433,1.06599
201300003982,23,12,2013,19,5,46,307,2,1,1,2,le bourg,44.48903,1.01801
201300003983,15,1,2013,11,1,46,100,1,1,4,6,,44.56266,2.02568
201300003984,22,3,2013,16,1,46,15,2,1,1,2,avenue Joseph Canteloube,44.66806,2.15905
201300003985,16,4,2013,16,1,46,221,1,1,1,6,,44.64152,2.04288
201300003986,25,4,2013,9,1,46,15,1,1,1,1,,44.64589,2.1554
201300003987,29,4,2013,19,1,46,102,2,1,1,6,07 av du P G. Pompidou,44.60673,2.02405
201300003988,27,5,2013,17,1,46,102,2,1,1,3,Avenue Casimir Marcenac,44.61072,2.02937
201300003989,26,6,2013,8,1,46,108,1,1,1,1,,44.67698,1.94616
201300003990,6,9,2013,19,1,46,102,2,1,1,3,,44.59953,2.01552
201300003991,5,10,2013,10,1,46,15,1,1,2,5,,44.65633,2.13317
201300003992,15,11,2013,9,3,46,108,1,1,1,5,,44.65389,1.98019
201300003993,31,1,2013,18,3,46,132,1,1,2,1,,44.257,1.302
201300003994,2,6,2013,8,1,46,45,1,1,1,1,,44.50557,1.86216
201300003995,13,6,2013,18,1,46,51,1,1,1,7,,44.6285,1.90936
201300003996,6,7,2013,14,1,46,21,1,1,1,7,,44.58523,1.9608
201300003997,9,7,2013,8,1,46,319,1,1,1,1,,44.73392,1.85114
201300003998,22,7,2013,19,1,46,34,1,1,1,6,,44.71316,1.9109
201300003999,28,7,2013,1,3,46,133,1,1,1,6,,44.57726,1.29965
201300004000,21,8,2013,15,1,46,143,1,1,1,7,,44.73131,1.94224
201300004001,5,11,2013,12,1,46,12,1,1,3,7,,44.7997,1.83955
201300004002,15,11,2013,13,1,46,34,1,1,2,6,,44.69687,1.92081
201300004003,26,12,2013,4,3,46,143,1,3,2,6,,44.73911,1.92257
201300004004,11,1,2013,16,1,46,229,2,1,1,6,les prats sud,44.92183,1.77827
201300004005,14,1,2013,14,1,46,229,1,1,8,3,,44.91202,1.79306
201300004006,24,1,2013,12,1,46,251,2,1,1,1,avenue victor hugo,44.85784,1.8934
201300004007,25,6,2013,16,1,46,284,1,1,8,2,,44.89722,1.85866
201300004008,6,7,2013,12,1,46,124,1,1,1,1,,44.91957,1.86147
201300004009,1,8,2013,9,1,46,29,2,2,1,3,AVENUE DE LA REPUBLIQUE,44.93192,1.84874
201300004010,5,8,2013,18,1,46,282,1,1,1,3,,0.0,0.0
201300004011,5,8,2013,19,1,46,177,1,1,1,1,,44.83612,1.81297
201300004012,20,9,2013,14,1,46,251,1,3,1,3,,44.85566,1.89333
201300004013,27,11,2013,9,1,46,229,2,1,1,3,Route Nationale,44.91692,1.77331
201300004014,12,12,2013,9,1,46,38,2,1,1,2,71 impasse SAINT MARTIN,0.0,0.0
201300004015,1,2,2013,10,1,46,334,1,1,1,6,,44.74343,1.45856
201300004016,5,3,2013,19,3,46,127,1,1,1,6,,44.739,1.355
201300004017,26,5,2013,17,1,46,216,2,1,1,1,RD 47 PK 11+700,44.75855,1.35195
201300004018,25,10,2013,15,1,46,216,1,1,1,3,,44.75682,1.36383
201300004019,7,11,2013,17,1,46,169,1,1,1,7,,44.71048,1.30196
201300004020,21,2,2013,15,2,46,138,2,1,7,3,7 route de Gramat,44.64947,1.57134
201300004021,28,4,2013,11,1,46,240,1,1,1,6,,44.81899,1.65993
201300004022,29,4,2013,16,1,46,78,1,1,1,3,,44.76495,1.64974
201300004023,21,5,2013,17,1,46,240,1,1,2,3,,44.80581,1.61381
201300004024,12,6,2013,19,1,46,128,2,1,1,6,45 Avenue Louis CONTE,44.7811,1.72129
201300004025,6,7,2013,13,1,46,240,1,2,1,3,,44.82067,1.65737
201300004026,20,8,2013,10,1,46,138,2,9,1,6,16 PLACE DE LA MAIRIE,0.0,0.0
201300004027,12,1,2013,6,3,46,298,1,8,2,1,,45.01573,1.61358
201300004028,7,6,2013,17,1,46,145,2,1,1,6,71 route de martel,44.906,1.481
201300004029,2,7,2013,19,1,46,185,1,1,1,6,,44.93631,1.60354
201300004030,10,8,2013,23,3,46,208,1,3,1,3,,44.89578,1.62099
201300004031,12,12,2013,13,1,46,185,1,1,1,3,,44.947,1.596
201300004032,15,12,2013,14,1,46,298,1,1,1,1,,45.01623,1.61377
201300004033,31,1,2013,17,2,65,48,1,1,1,6,,43.31111,0.09731
201300004034,10,6,2013,22,3,65,257,1,1,1,7,,43.16051,-0.01538
201300004035,2,8,2013,12,1,65,62,2,1,1,7,,43.19981,0.11098
201300004036,17,8,2013,16,1,65,2,1,1,1,3,,43.15685,-0.01981
201300004037,8,10,2013,8,1,65,257,1,1,1,3,LANNE/N21,43.1613,-0.0143
201300004038,20,11,2013,0,3,65,422,1,1,2,6,,43.3166,-0.11024
201300004039,3,12,2013,18,5,65,2,2,1,1,6,route de Lourdes,43.13254,-0.02705
201300004040,13,12,2013,0,3,65,2,1,1,1,5,,43.15724,-0.0195