Num_Acc,jour,mois,an,hr,condition_eclairage,departement,commune,condition_agglomeration,intersection,condition_atmosphere,type_collision,adresse,lattitude,longitude
201300004041,12,1,2013,20,3,65,184,1,1,2,3,,43.17098,0.39879
201300004042,6,8,2013,7,2,65,452,2,1,1,6,Route de Mi?lan,43.32685,0.36202
201300004043,7,7,2013,7,1,65,303,2,1,1,6,"D5, PR 014+200",0.0,0.0
201300004044,20,7,2013,20,1,65,303,1,1,1,3,D 817,43.19582,0.16889
201300004045,14,9,2013,19,2,65,409,1,1,1,7,,43.38647,0.12061
201300004046,11,11,2013,16,1,65,457,2,1,1,6,D 8,43.33746,0.09823
201300004047,10,4,2013,10,1,65,362,2,1,1,6,2 route de CAUTERETS,42.9613,-0.07903
201300004048,28,8,2013,5,2,65,168,1,1,1,7,PONT DE PESCADERE,42.88538,-0.01595
201300004049,29,1,2013,19,5,65,59,2,3,1,3,place G. Clémenceau,43.06671,0.14894
201300004050,24,6,2013,6,1,65,198,2,2,1,3,Carrefour RD 8 / RD 208,43.05419,0.16121
201300004051,25,6,2013,15,1,65,123,1,1,1,2,,42.92475,0.19815
201300004052,30,10,2013,10,1,65,370,2,3,1,1,POUZAC/AV. DE LA MONGIE,43.0822,0.13824
201300004053,12,1,2013,19,3,65,258,1,1,4,1,,43.10527,0.40171
201300004054,5,2,2013,17,2,65,307,1,1,2,7,,43.08991,0.5279
201300004055,10,3,2013,11,1,65,363,2,1,1,6,CENTRE VILLAGE,43.11627,0.43381
201300004056,6,5,2013,12,1,65,455,1,1,1,7,,43.06964,0.45419
201300004057,9,7,2013,14,1,65,394,2,1,1,1,CHEMIN DE SANTAFE,43.07682,0.51066
201300004058,25,7,2013,12,1,65,305,1,1,1,1,,42.94617,0.56733
201300004059,11,8,2013,6,2,65,389,1,1,1,7,,43.09597,0.49084
201300004060,16,9,2013,7,2,65,258,2,6,1,3,giratoire de pinaouet,43.12246,0.38787
201300004061,25,10,2013,17,1,65,125,1,1,1,5,CAMPISTROUS,43.1154,0.36528
201300004062,30,10,2013,22,5,65,258,2,1,1,1,LANNEMEZAN/74 RUE THIERS,43.1246,0.38377
201300004063,23,11,2013,15,1,65,363,1,1,8,3,,43.12655,0.43685
201300004064,13,1,2013,17,2,65,283,1,1,6,7,,42.79997,0.4553
201300004065,30,3,2013,4,3,65,199,1,1,1,6,STATION DE PEYRAGUDES,42.79427,0.44241
201300004066,5,6,2013,16,1,65,388,1,1,1,6,,42.81231,0.31745
201300004067,30,6,2013,17,1,65,212,1,1,1,6,,42.86934,0.33657
201300004068,16,8,2013,3,5,65,17,1,1,1,7,LIEU DIT CHAUBERE,42.78021,0.19662
201300004069,4,11,2013,20,3,65,211,1,1,3,2,,42.83954,0.34307
201300004070,6,11,2013,9,1,65,408,1,1,8,1,,42.98057,0.3749
201300004071,11,3,2013,18,2,81,101,2,6,3,3,RD 988 - PK 23 + 500,44.0117,2.15873
201300004072,22,5,2013,7,1,81,291,1,1,2,6,,44.01,2.123
201300004073,6,10,2013,17,1,81,63,1,1,1,2,,43.952,2.118
201300004074,10,12,2013,10,1,81,48,1,1,1,6,,0.0,0.0
201300004075,22,1,2013,6,3,81,218,1,1,8,1,,43.8886,2.16502
201300004076,29,3,2013,8,1,81,147,1,1,1,3,,43.8157,2.16782
201300004077,30,11,2013,19,3,81,79,1,1,1,5,,43.841,2.188
201300004078,27,3,2013,12,1,81,277,1,1,1,2,,44.013,2.247
201300004079,31,7,2013,6,2,81,186,1,1,7,7,,0.0,0.0
201300004080,7,11,2013,14,1,81,230,1,1,1,1,,44.036,2.187
201300004081,10,3,2013,18,1,81,74,1,1,1,3,,0.0,0.0
201300004082,14,4,2013,18,1,81,317,1,1,1,6,,43.8855,2.33291
201300004083,22,4,2013,14,1,81,3,1,1,1,1,,43.8879,2.45121
201300004084,22,6,2013,18,1,81,203,1,1,1,1,,43.885,2.39789
201300004085,20,7,2013,19,1,81,295,1,1,1,7,,43.864,2.338
201300004086,20,10,2013,9,1,81,96,1,1,1,4,,43.9,2.417
201300004087,15,12,2013,7,2,81,3,1,1,1,6,,43.892,2.456
201300004088,16,2,2013,9,1,81,105,2,1,7,7,AVENUE RHIN ET DANUBE,43.7605,1.97185
201300004089,15,5,2013,16,1,81,105,2,1,3,2,ROUTE DE LAVAUR,43.764,1.966
201300004090,28,6,2013,16,1,81,39,2,1,1,1,route du saout,43.756,1.906
201300004091,4,7,2013,19,1,81,105,1,2,1,3,,43.742,2.03399
201300004092,21,8,2013,16,1,81,105,1,1,1,1,,43.741,2.037
201300004093,10,9,2013,14,1,81,124,2,1,1,3,RUE ANDRE THERON,0.0,0.0
201300004094,20,9,2013,18,1,81,31,1,2,1,3,,43.612,2.465
201300004095,19,1,2013,21,5,81,140,2,1,3,6,RUE DE L'HOPITAL,43.7005,1.81827
201300004096,5,7,2013,16,1,81,104,1,1,1,6,,43.769,1.77
201300004097,17,7,2013,9,1,81,324,1,1,1,6,,0.0,0.0
201300004098,17,7,2013,13,1,81,324,1,1,1,7,,0.0,0.0
201300004099,21,9,2013,1,5,81,271,2,1,1,7,81 route de roqueseriere,0.0,0.0
201300004100,28,9,2013,1,3,81,298,1,1,1,6,,0.0,0.0
201300004101,25,10,2013,20,3,81,271,1,1,1,1,,0.0,0.0
201300004102,8,12,2013,12,1,81,140,2,1,1,6,Avenue Raymond CAYRE,0.0,0.0
201300004103,8,3,2013,9,2,81,177,1,1,1,1,,43.7001,2.2126
201300004104,30,3,2013,10,1,81,221,1,1,2,1,,43.7885,2.42607
201300004105,31,3,2013,9,1,81,268,1,1,8,6,,43.7863,2.61963
201300004106,30,6,2013,11,2,81,177,1,1,8,1,,0.0,0.0
201300004107,30,6,2013,15,1,81,252,1,2,1,3,,43.669,2.232
201300004108,15,8,2013,17,1,81,182,2,1,1,6,Av des Docteurs Lavergne,43.723,2.334
201300004109,6,5,2013,8,1,81,98,1,1,1,3,,0.0,0.0
201300004110,21,6,2013,17,1,81,40,1,1,1,1,,0.0,0.0
201300004111,20,7,2013,20,1,81,281,1,1,1,1,,0.0,0.0
201300004112,2,8,2013,13,1,81,266,1,1,1,1,,43.65,1.987
201300004113,10,8,2013,14,1,81,159,1,1,1,1,,0.0,0.0
201300004114,26,10,2013,11,1,81,139,1,1,1,6,,0.0,0.0
201300004115,27,10,2013,15,1,81,132,2,1,1,6,rue des jardins,0.0,0.0
201300004116,21,3,2013,21,3,81,46,1,1,1,6,,43.8559,1.97374
201300004117,24,3,2013,5,3,81,131,1,1,1,6,,43.906,2.01399
201300004118,26,4,2013,18,2,81,41,1,1,2,6,,43.959,1.875
201300004119,6,5,2013,18,1,81,99,2,2,1,3,av M pagnol ch poujoular,43.908,1.897
201300004120,1,6,2013,0,3,81,99,1,1,1,7,,43.914,1.865
201300004121,26,6,2013,16,1,81,225,2,1,1,3,RD 21,43.919,1.963
201300004122,21,9,2013,17,1,81,99,1,1,1,1,,43.912,1.906
201300004123,25,9,2013,20,3,81,38,1,1,1,3,,43.884,1.909
201300004124,21,10,2013,17,1,81,99,1,2,1,3,,43.923,1.968
201300004125,31,10,2013,17,1,81,29,1,1,1,1,,43.959,1.993
201300004126,18,11,2013,16,1,81,99,1,1,2,1,,0.0,0.0
201300004127,17,1,2013,7,1,69,89,2,1,1,3,Av. du chater/Taffignon,45.728,4.781
201300004128,23,1,2013,14,1,69,69,2,2,1,5,rue centrale,0.0,0.0
201300004129,17,5,2013,18,1,69,205,2,1,1,7,rue des usclards,45.765,4.733
201300004130,24,7,2013,11,1,69,69,2,1,1,6,Pl. Andr?e Marie PERRIN,0.0,0.0
201300004131,10,12,2013,8,2,69,89,2,1,8,3,Avenue de Taffignon,45.739,4.766
201300004132,9,3,2013,11,1,02,408,2,1,1,6,"0, ROMANETTE (RUELLE)",49.55338,3.6067
201300004133,2,4,2013,18,1,02,408,2,1,1,6,"1, LUCIE AUBRAC (RUE)",49.57122,3.63553
201300004134,3,4,2013,18,1,02,408,2,1,1,6,"1, BRIMBEUF (RUE ARMAND)",49.5873,3.64441
201300004135,11,4,2013,15,1,02,157,2,1,1,6,RUE JEAN JAURES,49.58695,3.64954
201300004136,29,4,2013,16,1,02,408,1,4,1,3,RD 1044,0.0,0.0
201300004137,26,5,2013,4,5,02,408,2,1,2,6,"34BIS, GAMBETTA (AVENUE)",49.56661,3.6313
201300004138,27,5,2013,10,1,02,408,2,1,1,3,"61, MENDES-FRANCE (AVENU",49.57375,3.63549
201300004139,4,6,2013,21,1,02,408,1,1,1,6,faubourg de leuilly,49.5393,3.60425
201300004140,14,4,2013,1,4,02,408,2,1,1,6,8 boulevard de lyon,49.56956,3.62477
201300004141,30,5,2013,16,1,02,408,2,6,1,3,DE GAULLE (AVENUE CHARLE,49.56871,3.64709
201300004142,9,6,2013,18,1,02,408,2,6,2,3,BRIAND (AVENUE ARISTIDE),49.56831,3.624
201300004143,9,6,2013,19,1,02,408,1,6,2,1,RN2,0.0,0.0
201300004144,14,6,2013,15,1,02,408,1,6,1,3,,0.0,0.0
201300004145,4,7,2013,21,5,02,408,2,3,1,3,rue fernand christ,49.572,3.60134
201300004146,5,7,2013,18,1,02,408,1,1,1,1,,49.5719,3.60119
201300004147,18,7,2013,7,1,02,408,2,1,1,6,"01, ARDON A LEUILLY (CHE",49.54885,3.62237
201300004148,19,7,2013,14,1,02,408,1,4,1,3,RD 1044,0.0,0.0
201300004149,23,7,2013,10,1,02,408,2,1,1,6,"18, CARNOT (AVENUE)",49.56942,3.62421
201300004150,29,7,2013,9,1,02,408,1,6,1,1,ARDON (CHEMIN D'),49.54656,3.61654
201300004151,23,8,2013,17,1,02,408,1,2,1,3,D 1044,0.0,0.0
201300004152,29,8,2013,22,2,02,408,2,1,1,6,"2, DOUMER (RUE PAUL)",49.56433,3.62104
201300004153,30,9,2013,13,1,02,408,2,6,1,3,DROITS DE L'HOMME (PLACE,0.0,0.0
201300004154,30,9,2013,16,1,02,408,2,1,1,2,"34, TARPIN (RUE DANIEL)",49.56796,3.59922
201300004155,10,10,2013,20,5,02,408,2,6,3,3,HUGO (PLACE VICTOR),49.57002,3.63383
201300004156,21,10,2013,7,2,02,408,2,1,1,6,"113, BROSSOLETTE (BOULEV",49.56934,3.61866
201300004157,6,11,2013,12,1,02,408,2,1,2,1,pont de vaux,49.57052,3.63544
201300004158,12,12,2013,11,1,02,408,2,6,8,2,DE GAULLE (AVENUE CHARLE,49.56997,3.63815
201300004159,16,12,2013,17,5,02,408,2,1,1,6,Place robert Aumont,49.5619,3.61155
201300004160,26,4,2013,18,1,81,64,1,1,1,1,,43.955,1.823
201300004161,22,9,2013,14,1,81,206,1,1,1,3,,0.0,0.0
201300004162,18,1,2013,15,1,81,276,1,2,1,3,,43.9144,1.69264
201300004163,16,2,2013,6,3,81,171,1,1,1,6,,43.8397,1.85168
201300004164,16,3,2013,10,1,81,220,2,2,1,3,26 AVENUE DE TOULOUSE,43.8193,1.7186
201300004165,1,6,2013,13,1,81,208,1,1,1,3,,43.84,1.867
201300004166,10,8,2013,14,1,81,276,1,1,1,7,,43.913,1.686
201300004167,4,10,2013,14,1,81,145,1,1,3,3,,43.857,1.805
201300004168,12,12,2013,12,1,81,220,1,1,1,7,,43.891,1.775
201300004169,13,12,2013,8,1,81,145,1,1,1,3,,43.864,1.811
201300004170,11,1,2013,18,3,81,2,1,1,1,1,,43.4949,2.33933
201300004171,12,6,2013,16,1,81,204,1,1,1,1,,43.563,2.326
201300004172,30,7,2013,9,1,81,120,2,1,1,6,Avenue du 8 mai 1945,0.0,0.0
201300004173,10,11,2013,16,1,81,312,1,1,1,6,,0.0,0.0
201300004174,10,3,2013,2,3,81,127,1,1,1,6,,43.5667,1.92903
201300004175,10,3,2013,16,1,81,251,1,1,1,2,,43.5579,2.06928
201300004176,13,4,2013,17,1,81,100,1,2,1,3,,43.4828,1.99554
201300004177,20,6,2013,17,1,81,179,2,1,1,7,"lieu dit la c?te, C.V 18",43.517,1.932
201300004178,2,7,2013,11,1,81,143,1,1,1,1,,43.535,2.101
201300004179,31,7,2013,18,1,81,50,1,1,1,3,,43.58,1.86
201300004180,6,11,2013,12,1,81,219,1,1,1,6,,43.578,2.02599
201300004181,16,12,2013,19,3,81,219,1,1,1,6,,43.556,2.028
201300004182,6,2,2013,10,1,82,87,1,1,2,3,,0.0,0.0
201300004183,27,2,2013,8,1,82,87,2,1,5,6,D20 - route de Moli?res,0.0,0.0
201300004184,9,3,2013,19,2,82,87,1,1,1,1,,0.0,0.0
201300004185,21,3,2013,9,1,82,126,1,1,1,6,,44.1664,1.56682
201300004186,4,4,2013,14,1,82,144,1,1,3,6,,0.0,0.0
201300004187,4,5,2013,0,3,82,144,1,1,1,6,,0.0,0.0
201300004188,10,5,2013,14,1,82,39,1,1,1,1,,0.0,0.0
201300004189,13,5,2013,8,1,82,119,1,1,1,5,,0.0,0.0
201300004190,5,6,2013,9,1,82,179,2,2,1,3,Cours Sady Carnot,0.0,0.0
201300004191,2,6,2013,11,1,82,76,1,1,1,7,,0.0,0.0
201300004192,21,6,2013,3,3,82,87,1,1,1,6,,0.0,0.0
201300004193,25,6,2013,12,1,82,131,1,1,1,6,,0.0,0.0
201300004194,29,6,2013,9,1,82,37,2,1,1,6,58 rue Dr OLIVE,0.0,0.0
201300004195,13,7,2013,13,1,82,37,1,1,1,1,,0.0,0.0
201300004196,13,7,2013,13,1,82,149,1,1,1,7,,0.0,0.0
201300004197,13,7,2013,21,2,82,87,1,1,1,6,,0.0,0.0
201300004198,5,8,2013,15,1,82,37,1,1,1,6,,0.0,0.0
201300004199,13,8,2013,19,1,82,76,1,1,1,1,,0.0,0.0
201300004200,16,8,2013,3,3,82,144,1,1,1,6,,0.0,0.0
201300004201,2,10,2013,7,2,82,39,1,2,1,1,,0.0,0.0
201300004202,14,10,2013,7,2,82,37,1,1,8,7,,0.0,0.0
201300004203,31,10,2013,10,1,82,37,1,2,5,3,,0.0,0.0
201300004204,8,12,2013,9,1,82,179,1,1,9,6,,0.0,0.0
201300004205,31,12,2013,13,1,82,176,1,1,1,7,,43.966,1.528
201300004206,16,6,2013,16,1,82,98,1,1,1,6,,0.0,0.0
201300004207,6,7,2013,21,2,82,192,1,2,1,1,,0.0,0.0
201300004208,16,8,2013,15,1,82,192,1,1,1,3,,0.0,0.0
201300004209,9,12,2013,19,3,82,26,1,1,9,7,,0.0,0.0
201300004210,25,4,2013,18,1,82,172,2,1,1,6,SAILLAGOL,0.0,0.0
201300004211,1,6,2013,13,1,82,187,1,1,1,6,,0.0,0.0
201300004212,11,7,2013,18,1,82,38,1,1,1,6,,0.0,0.0
201300004213,16,7,2013,11,1,82,137,1,3,7,3,,44.273,1.857
201300004214,16,7,2013,16,1,82,147,1,1,7,6,,44.301,1.874
201300004215,22,8,2013,10,1,82,38,1,6,1,6,,0.0,0.0
201300004216,23,9,2013,11,1,82,191,1,1,1,6,,0.0,0.0
201300004217,1,8,2013,16,1,82,102,1,3,1,3,,0.0,0.0
201300004218,4,9,2013,8,1,82,55,1,1,1,1,,43.908,0.961
201300004219,22,9,2013,20,2,82,13,1,1,1,6,,0.0,0.0
201300004220,21,11,2013,0,3,82,93,2,1,2,6,RD 928,0.0,0.0
201300004221,22,1,2013,9,1,82,75,2,1,9,6,rue de la paix,0.0,0.0
201300004222,24,2,2013,6,3,82,75,1,1,1,6,,43.843,1.293
201300004223,10,6,2013,14,1,82,188,1,1,1,6,,43.938,1.489
201300004224,4,8,2013,4,3,82,27,1,1,1,7,,43.896,1.334
201300004225,17,8,2013,13,1,82,75,1,1,1,6,,0.0,0.0
201300004226,19,9,2013,8,1,82,79,1,1,1,6,,0.0,0.0
201300004227,11,10,2013,23,5,82,48,2,1,1,6,Route de Toulouse,0.0,0.0
201300004228,8,11,2013,9,1,82,79,1,2,5,3,,43.916,1.331
201300004229,16,12,2013,18,3,82,48,1,1,1,6,,0.0,0.0
201300004230,21,8,2013,17,1,82,94,1,1,1,6,,44.27,1.146
201300004231,11,9,2013,10,1,82,117,1,1,1,1,,44.333,1.03
201300004232,6,11,2013,19,3,82,154,1,1,1,1,,44.221,1.14
201300004233,10,12,2013,18,3,82,151,1,1,1,6,,0.0,0.0
201300004234,25,1,2013,18,3,82,112,1,1,1,3,,0.0,0.0
201300004235,7,2,2013,12,1,82,112,2,1,1,1,avenue du sarlac,0.0,0.0
201300004236,9,3,2013,19,3,82,112,1,1,1,3,,44.0957,1.05419
201300004237,27,4,2013,19,1,82,112,2,1,1,6,,0.0,0.0
201300004238,22,7,2013,23,3,82,112,1,1,1,1,,44.084,1.092
201300004239,24,7,2013,23,3,82,80,1,1,1,6,,44.07,1.184
201300004240,3,8,2013,16,1,82,31,1,1,1,1,,44.04,1.03899
201300004241,14,8,2013,10,1,82,112,2,1,1,3,Bd Camille Delthil,44.107,1.087
201300004242,17,8,2013,15,1,82,108,1,1,1,6,,44.093,1.208
201300004243,5,9,2013,18,1,82,112,1,1,1,1,,0.0,0.0
201300004244,5,10,2013,15,1,82,112,1,1,1,7,,44.1,1.089
201300004245,8,10,2013,12,1,82,112,1,1,1,6,,44.098,1.055
201300004246,27,10,2013,3,3,82,112,1,8,1,3,,0.0,0.0
201300004247,31,10,2013,15,1,82,112,2,1,1,6,BD CAMILLE DELTHIL,0.0,0.0
201300004248,11,1,2013,19,3,82,23,1,1,1,1,"Lieu-dit ""la sudre""",43.947,1.14
201300004249,11,1,2013,19,3,82,20,1,1,1,1,"Lieu-dit ""dère"" VC 12",0.0,0.0
201300004250,22,1,2013,16,1,82,124,1,1,1,6,,0.0,0.0
201300004251,23,1,2013,12,1,82,125,2,1,1,6,1248 route de montauban,43.9644,1.25242
201300004252,13,2,2013,7,2,82,125,2,1,1,3,boulevard R?publique,0.0,0.0
201300004253,17,2,2013,14,1,82,171,1,1,7,3,,0.0,0.0
201300004254,12,7,2013,17,1,82,123,1,6,1,3,,0.0,0.0
201300004255,24,7,2013,8,1,82,171,1,2,1,3,,0.0,0.0
201300004256,28,7,2013,23,3,82,190,1,1,1,1,,0.0,0.0
201300004257,15,8,2013,1,5,82,125,2,1,1,7,Route d'Escatalens,0.0,0.0
201300004258,25,8,2013,15,1,82,125,2,1,1,4,Faubourg Saint Blaise,0.0,0.0
201300004259,1,9,2013,13,1,82,62,1,1,1,3,,0.0,0.0
201300004260,10,10,2013,6,3,82,125,1,1,1,1,,0.0,0.0
201300004261,27,10,2013,0,5,82,62,2,1,1,6,RD813  PK 10,0.0,0.0
201300004262,26,10,2013,6,3,82,85,1,1,1,6,,0.0,0.0
201300004263,4,12,2013,1,3,82,124,1,1,5,6,,0.0,0.0
201300004264,2,3,2013,23,3,82,73,1,1,1,1,,44.4475,0.93485
201300004265,23,6,2013,19,1,82,50,1,1,1,6,,0.0,0.0
201300004266,23,7,2013,3,3,82,49,1,1,1,6,,0.0,0.0
201300004267,24,7,2013,14,1,82,186,2,1,1,6,Boulevard Victor Guilhem,0.0,0.0
201300004268,6,8,2013,17,1,82,65,1,1,1,1,,0.0,0.0
201300004269,29,12,2013,20,3,82,141,1,1,8,6,,0.0,0.0
201300004270,18,4,2013,17,1,69,76,2,1,1,1,Chemin des Bois,0.0,0.0
201300004271,20,6,2013,4,5,69,250,1,1,1,6,,0.0,0.0
201300004272,5,8,2013,19,1,69,250,2,1,1,6,rue du contal,0.0,0.0
201300004273,18,12,2013,20,3,69,76,2,1,1,1,ROUTE DE DARDILLY,0.0,0.0
201300004274,23,12,2013,22,5,69,72,2,1,1,6,,0.0,0.0
201300004275,28,1,2013,16,1,69,49,1,1,1,1,,0.0,0.0
201300004276,24,3,2013,13,1,69,40,2,9,1,1,avenue lanessan,0.0,0.0
201300004277,30,3,2013,17,1,69,40,2,1,2,3,68 avenue Lanessan,0.0,0.0
201300004278,29,5,2013,15,1,69,116,1,9,1,6,,0.0,0.0
201300004279,6,6,2013,16,1,69,116,1,1,1,1,,0.0,0.0
201300004280,11,6,2013,6,1,69,117,1,6,1,3,,0.0,0.0
201300004281,13,6,2013,0,3,69,116,2,6,1,6,av G?n?ral DE GAULLE,0.0,0.0
201300004282,22,8,2013,10,1,69,49,2,1,7,1,route de montluzin,0.0,0.0
201300004283,2,9,2013,9,1,69,117,1,1,1,3,,0.0,0.0
201300004284,5,9,2013,8,1,69,116,1,1,1,2,,0.0,0.0
201300004285,12,9,2013,9,1,69,117,1,1,1,1,,0.0,0.0
201300004286,18,9,2013,20,2,69,191,2,1,1,1,33 Rue J et C Reynier,0.0,0.0
201300004287,1,10,2013,7,1,69,49,2,1,5,6,rue dodat,0.0,0.0
201300004288,26,12,2013,18,5,69,40,2,1,1,2,43 avenue lanessan,0.0,0.0
201300004289,19,1,2013,14,1,69,85,2,2,2,3,"Grande rue, pecherie",0.0,0.0
201300004290,30,1,2013,18,5,69,143,2,1,3,3,69250,0.0,0.0
201300004291,12,2,2013,20,3,69,284,1,1,1,5,,0.0,0.0
201300004292,20,2,2013,6,2,69,143,2,1,1,6,,0.0,0.0
201300004293,26,2,2013,21,5,69,68,2,1,1,2,rue gabriel p?ri,0.0,0.0
201300004294,2,3,2013,16,1,69,3,2,1,1,6,quai g?n?ral de gaulle,0.0,0.0
201300004295,16,3,2013,3,5,69,163,1,1,1,6,,0.0,0.0
201300004296,25,3,2013,18,1,69,284,1,1,1,1,,0.0,0.0
201300004297,8,4,2013,17,1,69,71,1,1,2,6,,0.0,0.0
201300004298,9,4,2013,8,1,69,143,2,1,1,6,Ave Marie Th?r?se Prost,0.0,0.0
201300004299,16,4,2013,14,1,69,3,2,1,1,2,quai general de gaulle,0.0,0.0
201300004300,10,5,2013,13,1,69,278,2,3,1,1,rue des cerisiers,0.0,0.0
201300004301,15,5,2013,10,1,69,68,2,1,2,5,quai jean moulin,0.0,0.0
201300004302,27,5,2013,8,1,69,143,1,1,1,6,,0.0,0.0
201300004303,21,6,2013,17,1,69,278,2,1,1,6,rue du creuzet,0.0,0.0
201300004304,22,6,2013,5,2,69,163,2,1,1,6,11 Rue de la R?publique,0.0,0.0
201300004305,18,6,2013,22,5,69,233,1,1,1,7,,0.0,0.0
201300004306,1,7,2013,17,1,69,163,1,1,1,6,,0.0,0.0
201300004307,4,7,2013,2,5,69,143,1,1,1,6,,0.0,0.0
201300004308,5,7,2013,16,1,69,207,2,6,7,2,AVENUE JACQUES BREL,0.0,0.0
201300004309,19,7,2013,13,1,69,278,1,1,1,6,,0.0,0.0
201300004310,10,9,2013,8,1,69,207,1,1,1,3,,0.0,0.0
201300004311,18,9,2013,11,1,69,3,1,1,1,1,,0.0,0.0
201300004312,17,11,2013,17,5,69,3,2,6,1,3,"D51, Quai Henri Barbusse",0.0,0.0
201300004313,8,12,2013,18,4,69,143,2,1,1,1,22 AVENUE CARNOT,0.0,0.0
201300004314,28,12,2013,5,5,69,163,2,1,1,6,,0.0,0.0
201300004315,3,6,2013,14,1,69,204,2,1,1,3,Avenue Mar?chal  FOCH,0.0,0.0
201300004316,30,12,2013,19,5,69,204,2,1,1,3,"36, Route de Vourles",0.0,0.0
201300004317,3,1,2013,5,3,69,289,1,1,1,1,,45.663,5.004
201300004318,11,2,2013,18,3,69,298,1,1,8,3,,45.656,4.967
201300004319,7,3,2013,17,1,69,287,2,1,1,3,94,0.0,0.0
201300004320,15,3,2013,5,3,69,288,2,1,1,1,Avenue Mar?chal Juin,45.694,5.07
201300004321,29,6,2013,11,1,69,299,1,1,1,3,,0.0,0.0
201300004322,7,7,2013,10,1,69,287,2,1,1,6,rue Lamartine,0.0,0.0
201300004323,19,8,2013,8,1,69,288,1,1,1,7,,0.0,0.0
201300004324,22,2,2013,16,1,69,281,2,1,1,1,route de Lyon,0.0,0.0
201300004325,28,6,2013,19,1,69,273,2,9,1,5,43 avenue gabriel p?ri,0.0,0.0
201300004326,20,8,2013,19,1,69,273,2,1,1,6,,0.0,0.0
201300004327,9,11,2013,17,1,69,270,1,1,1,1,,0.0,0.0
201300004328,1,12,2013,16,1,69,270,1,1,1,6,,0.0,0.0
201300004329,27,2,2013,19,3,69,112,1,1,1,1,,45.796,4.697
201300004330,5,3,2013,18,1,69,144,1,1,2,1,,45.851,4.636
201300004331,7,3,2013,16,1,69,10,1,6,1,3,,0.0,0.0
201300004332,9,3,2013,20,5,69,40,2,1,1,1,IMPASSE DES ANCIENNES VI,0.0,0.0
201300004333,11,3,2013,22,3,69,175,1,1,2,1,,0.0,0.0
201300004334,9,5,2013,11,1,69,21,1,3,1,3,,0.0,0.0
201300004335,26,5,2013,19,1,69,22,1,1,1,3,,0.0,0.0
201300004336,22,6,2013,7,1,69,171,2,7,1,6,place des trois communes,0.0,0.0
201300004337,6,7,2013,19,1,69,175,1,1,1,6,,0.0,0.0
201300004338,25,7,2013,19,1,69,112,2,1,1,2,D70,45.823,4.666
201300004339,8,8,2013,17,1,69,144,1,1,1,3,,0.0,0.0
201300004340,14,8,2013,18,1,69,21,1,1,1,7,,0.0,0.0
201300004341,28,8,2013,23,5,69,175,1,1,1,1,,0.0,0.0
201300004342,22,9,2013,16,1,69,208,1,1,1,1,,0.0,0.0
201300004343,25,9,2013,22,3,69,32,1,1,1,6,,0.0,0.0
201300004344,26,10,2013,11,1,69,171,1,1,1,3,,0.0,0.0
201300004345,1,11,2013,19,3,69,112,1,1,1,1,,0.0,0.0
201300004346,21,11,2013,20,1,69,10,1,1,1,6,,0.0,0.0
201300004347,15,12,2013,4,5,69,32,1,1,5,7,,0.0,0.0
201300004348,10,5,2013,16,1,69,201,2,1,1,3,le bourg,45.711,4.471
201300004349,21,5,2013,18,1,69,31,1,1,2,5,,0.0,0.0
201300004350,15,6,2013,5,2,69,203,1,1,1,6,,45.7,4.486
201300004351,17,6,2013,2,5,69,220,2,1,1,7,le croix sopha,0.0,0.0
201300004352,5,9,2013,10,1,69,187,1,1,1,7,,0.0,0.0
201300004353,12,1,2013,17,1,69,238,2,1,8,6,avenue de la lib?ration,0.0,0.0
201300004354,14,5,2013,8,1,69,42,1,1,1,5,,0.0,0.0
201300004355,21,8,2013,11,1,69,238,2,1,7,6,Boulevard Andr? Margot,0.0,0.0
201300004356,30,8,2013,7,1,69,78,1,1,1,6,,0.0,0.0
201300004357,8,9,2013,19,1,69,227,1,1,1,3,,0.0,0.0
201300004358,26,9,2013,16,1,69,78,1,1,1,5,,0.0,0.0
201300004359,19,12,2013,8,1,69,227,2,1,3,6,rue droix bertrand,0.0,0.0
201300004360,21,4,2013,14,1,69,190,2,1,1,6,Rue des monts,0.0,0.0
201300004361,6,5,2013,16,1,69,28,1,1,1,3,,0.0,0.0
201300004362,14,5,2013,16,1,69,154,1,9,1,6,,0.0,0.0
201300004363,8,6,2013,20,2,69,94,1,1,2,3,,45.266,4.16099
201300004364,12,6,2013,19,1,69,94,2,1,1,3,1 rte du Col de la Lu?re,0.0,0.0
201300004365,30,7,2013,16,1,69,67,1,1,1,6,,0.0,0.0
201300004366,14,6,2013,8,1,69,296,2,1,1,3,Croix rouge / rte PILON,0.0,0.0
201300004367,19,8,2013,18,1,69,291,2,1,1,6,quai Hector Berlioz,0.0,0.0