Num_Acc,jour,mois,an,hr,condition_eclairage,departement,commune,condition_agglomeration,intersection,condition_atmosphere,type_collision,adresse,lattitude,longitude
201300004368,6,9,2013,7,1,69,297,2,3,1,3,RUE DES PIERRES,0.0,0.0
201300004369,6,10,2013,4,3,69,272,1,1,2,6,,0.0,0.0
201300004370,17,11,2013,5,5,69,297,2,1,1,6,rd 312,0.0,0.0
201300004371,28,12,2013,10,1,69,228,1,1,1,1,,0.0,0.0
201300004372,7,1,2013,15,1,69,241,1,1,1,6,,0.0,0.0
201300004373,2,4,2013,18,1,69,228,1,1,1,1,,0.0,0.0
201300004374,14,4,2013,8,1,69,176,2,1,1,6,rue micky barange,0.0,0.0
201300004375,25,4,2013,18,1,69,48,1,1,1,1,,0.0,0.0
201300004376,17,5,2013,8,1,69,228,2,1,1,6,69440,0.0,0.0
201300004377,4,6,2013,6,1,69,237,1,1,1,7,,0.0,0.0
201300004378,12,7,2013,21,1,69,141,1,1,1,6,,0.0,0.0
201300004379,1,8,2013,16,1,69,141,2,1,1,3,69440,0.0,0.0
201300004380,27,8,2013,10,1,69,176,1,1,2,1,,0.0,0.0
201300004381,26,10,2013,18,1,69,176,1,1,1,6,,45.673,4.67
201300004382,29,10,2013,18,2,69,141,1,3,1,3,,0.0,0.0
201300004383,27,11,2013,15,1,69,136,1,1,1,1,,0.0,0.0
201300004384,29,11,2013,14,1,69,179,1,1,8,7,,0.0,0.0
201300004385,13,1,2013,17,2,69,192,1,1,1,1,,0.0,0.0
201300004386,26,6,2013,8,1,69,74,1,2,7,3,,0.0,0.0
201300004387,7,7,2013,23,3,69,257,1,1,1,7,,0.0,0.0
201300004388,15,7,2013,17,1,69,151,1,1,1,6,,0.0,0.0
201300004389,20,9,2013,15,1,69,172,1,1,1,3,,0.0,0.0
201300004390,27,9,2013,16,1,69,74,1,1,1,3,,0.0,0.0
201300004391,5,7,2013,19,1,69,159,2,9,1,3,674 chemin de la celli?r,0.0,0.0
201300004392,21,12,2013,12,1,69,264,2,9,1,3,avenue Etienne Bernand,0.0,0.0
201300004393,15,2,2013,19,5,69,121,2,1,1,4,,0.0,0.0
201300004394,25,4,2013,16,1,69,121,1,1,1,3,,0.0,0.0
201300004395,18,7,2013,11,1,69,121,1,1,3,1,,0.0,0.0
201300004396,26,7,2013,17,1,69,159,1,1,1,6,,0.0,0.0
201300004397,31,8,2013,16,1,69,121,1,1,1,3,,0.0,0.0
201300004398,20,9,2013,20,3,69,122,1,1,1,7,,0.0,0.0
201300004399,20,3,2013,16,1,69,108,1,1,1,2,,0.0,0.0
201300004400,24,6,2013,12,1,69,267,1,1,1,6,,0.0,0.0
201300004401,27,6,2013,14,1,69,267,1,1,1,1,,46.164,4.699
201300004402,9,7,2013,16,1,69,80,1,1,1,5,,0.0,0.0
201300004403,13,7,2013,20,1,69,185,1,1,1,7,,46.252,4.524
201300004404,1,9,2013,16,1,69,135,2,1,1,1,route du beaujolais,46.225,4.519
201300004405,6,11,2013,23,3,69,161,1,1,1,5,,0.0,0.0
201300004406,28,1,2013,8,1,69,211,1,1,1,1,,0.0,0.0
201300004407,18,4,2013,18,1,69,19,2,1,1,6,AVENUE DE VERDUN,46.107,4.739
201300004408,7,5,2013,17,1,69,211,2,1,1,6,avenue mar?chal foch,0.0,0.0
201300004409,30,5,2013,19,1,69,145,1,6,1,3,,0.0,0.0
201300004410,11,7,2013,11,1,69,242,1,1,1,1,,46.136,4.759
201300004411,12,9,2013,16,1,69,211,2,1,1,6,240 RUE JEAN CARON,0.0,0.0
201300004412,26,9,2013,7,3,69,197,1,1,1,7,,0.0,0.0
201300004413,2,10,2013,20,3,69,197,1,1,1,6,,46.069,4.644
201300004414,26,9,2013,21,3,69,211,1,1,1,2,,0.0,0.0
201300004415,6,10,2013,10,1,69,45,1,1,2,7,,0.0,0.0
201300004416,18,12,2013,17,5,69,19,2,1,8,3,avenue de verdun,0.0,0.0
201300004417,10,1,2013,19,3,69,17,1,1,2,1,,0.0,0.0
201300004418,1,4,2013,13,1,69,90,1,2,1,3,,0.0,0.0
201300004419,19,4,2013,16,1,69,246,1,2,1,3,,0.0,0.0
201300004420,8,6,2013,12,1,69,239,1,1,1,1,,0.0,0.0
201300004421,1,7,2013,15,1,69,39,1,1,7,1,lieu-dit La Chapelle,0.0,0.0
201300004422,21,7,2013,16,1,69,39,1,1,1,1,lieu-dit La Chapelle,0.0,0.0
201300004423,11,10,2013,14,1,69,24,1,1,2,4,,0.0,0.0
201300004424,7,10,2013,17,1,69,113,1,1,1,2,,0.0,0.0
201300004425,17,12,2013,12,1,69,24,1,1,1,3,,0.0,0.0
201300004426,22,12,2013,5,5,69,26,2,1,1,1,D385,0.0,0.0
201300004427,13,2,2013,18,2,69,243,2,1,1,6,Edouard HERRIOT,0.0,0.0
201300004428,23,3,2013,9,1,69,188,1,1,1,1,,0.0,0.0
201300004429,19,4,2013,11,1,69,243,2,1,1,6,"33, rue Etienne Dolet",0.0,0.0
201300004430,11,5,2013,18,1,69,254,1,1,1,6,,0.0,0.0
201300004431,8,6,2013,16,1,69,254,1,1,1,1,,0.0,0.0
201300004432,6,6,2013,17,1,69,254,1,1,1,6,,0.0,0.0
201300004433,22,6,2013,17,1,69,188,1,1,1,1,,0.0,0.0
201300004434,21,7,2013,13,1,69,243,1,1,1,7,,0.0,0.0
201300004435,23,7,2013,5,2,69,157,2,1,1,1,,0.0,0.0
201300004436,2,11,2013,16,1,69,174,1,1,1,6,,0.0,0.0
201300004437,30,12,2013,16,2,69,243,2,1,8,3,41 Route de Thizy,0.0,0.0
201300004438,25,5,2013,23,4,69,160,1,1,5,1,,46.169,4.44
201300004439,24,7,2013,23,3,69,160,1,1,1,6,,46.124,4.467
201300004440,26,7,2013,16,1,69,37,1,1,1,1,,46.025,4.502
201300004441,14,1,2013,19,5,69,248,2,1,1,6,77 rue Gambetta,0.0,0.0
201300004442,1,2,2013,13,1,69,158,2,1,2,1,06 rue aim? christophe,0.0,0.0
201300004443,31,7,2013,15,1,69,6,2,1,7,2,17 route de roanne,0.0,0.0
201300004444,24,8,2013,22,5,69,158,2,1,1,1,le bourg CD 308,0.0,0.0
201300004445,2,9,2013,10,1,69,248,2,1,7,6,D9,0.0,0.0
201300004446,14,9,2013,14,1,69,6,1,1,1,7,,0.0,0.0
201300004447,21,10,2013,12,1,69,169,1,1,1,6,,0.0,0.0
201300004448,19,11,2013,15,1,69,214,2,1,1,6,21 avenue victor Hugo,0.0,0.0
201300004449,30,11,2013,21,5,69,25,1,1,9,6,,0.0,0.0
201300004450,4,2,2013,16,1,01,336,1,1,2,5,,46.1549,5.18154
201300004451,21,5,2013,8,1,01,211,1,1,2,7,,46.105,5.19046
201300004452,1,6,2013,0,3,01,264,1,1,2,6,,0.0,0.0
201300004453,17,8,2013,19,1,01,65,2,1,1,7,,46.1959,5.15578
201300004454,10,11,2013,12,1,01,211,1,1,8,1,,46.151,5.196
201300004455,21,3,2013,16,1,01,426,2,1,1,6,,0.0,0.0
201300004456,22,3,2013,9,1,01,426,1,1,1,1,,46.283,5.32144
201300004457,7,4,2013,15,1,01,254,2,1,1,6,CHEMIN DU GOURD,0.0,0.0
201300004458,27,6,2013,9,1,01,321,1,1,3,1,,46.1661,5.34466
201300004459,21,9,2013,12,1,01,447,1,1,1,3,,46.205,5.4
201300004460,20,9,2013,14,1,01,312,2,1,1,6,Le Village,0.0,0.0
201300004461,1,10,2013,19,2,01,184,1,1,1,5,,0.0,0.0
201300004462,15,10,2013,16,1,01,426,1,1,3,5,,46.251,5.391
201300004463,26,10,2013,0,3,01,426,1,1,8,7,,46.317,5.385
201300004464,14,12,2013,13,1,01,408,1,1,2,1,,46.247,5.446
201300004465,24,1,2013,18,5,01,266,2,1,1,6,AVENUE DE MACON,46.3344,5.12003
201300004466,1,2,2013,1,3,01,115,1,1,2,6,,46.2536,5.08363
201300004467,4,3,2013,16,1,01,266,1,1,1,3,,46.3251,5.11367
201300004468,17,4,2013,9,1,01,305,1,1,1,5,,46.4393,4.9304
201300004469,18,4,2013,8,1,01,175,2,1,7,5,CHEMIN DES ECOLIERS,0.0,0.0
201300004470,19,4,2013,17,1,01,232,1,1,1,1,,46.3262,5.24738
201300004471,21,4,2013,14,1,01,236,1,1,1,3,,0.0,0.0
201300004472,21,4,2013,14,1,01,229,1,1,1,1,,46.3303,5.13296
201300004473,8,5,2013,5,3,01,388,1,1,1,1,"""MOLARDOURY""",46.4528,5.03977
201300004474,12,5,2013,10,1,01,163,2,7,2,6,,0.0,0.0
201300004475,13,5,2013,18,1,01,352,1,1,1,1,,46.4158,4.99291
201300004476,1,6,2013,21,5,01,266,2,1,1,6,LE VILLAGE,46.4111,5.26615
201300004477,16,6,2013,12,1,01,115,1,1,1,5,,46.2548,5.07065
201300004478,21,6,2013,13,1,01,102,1,1,1,3,,46.3984,4.94426
201300004479,27,6,2013,18,1,01,266,1,1,1,3,,46.3036,5.15484
201300004480,28,6,2013,8,1,01,24,1,1,2,1,,0.0,0.0
201300004481,28,9,2013,20,5,01,230,1,1,1,3,,0.0,0.0
201300004482,14,10,2013,17,1,01,367,1,1,1,3,,0.0,0.0
201300004483,9,11,2013,18,5,01,337,2,1,2,3,,0.0,0.0
201300004484,27,2,2013,19,3,01,68,1,1,1,6,,46.0739,5.44684
201300004485,9,3,2013,17,1,01,303,1,3,1,1,,46.0826,5.40701
201300004486,1,10,2013,18,1,01,151,1,1,1,3,,0.0,0.0
201300004487,26,11,2013,8,1,01,314,1,1,9,6,,0.0,0.0
201300004488,23,4,2013,19,1,01,159,2,1,7,3,ROUTE DES DIMES,0.0,0.0
201300004489,29,4,2013,12,1,01,25,1,2,2,3,,46.3462,4.94003
201300004490,2,6,2013,19,1,01,355,1,2,1,3,,46.2673,5.00596
201300004491,13,12,2013,6,2,01,355,1,1,5,1,,0.0,0.0
201300004492,11,1,2013,15,1,01,310,1,1,4,7,,45.668,5.6223
201300004493,18,6,2013,7,1,01,34,2,1,7,7,ROUTE DE LYON,45.7406,5.67675
201300004494,1,1,2013,6,3,01,329,1,1,1,7,,45.8365,5.58664
201300004495,15,1,2013,9,1,01,22,1,1,4,3,,45.8775,5.69091
201300004496,27,6,2013,20,2,01,118,1,1,1,6,,0.0,0.0
201300004497,25,6,2013,9,1,01,73,1,1,1,7,,45.8388,5.71293
201300004498,10,8,2013,16,1,01,442,2,3,1,1,536 ROUTE DE LA CASCADE,45.8793,5.68463
201300004499,21,8,2013,18,1,01,66,2,1,1,6,RD1504 PK27+900,45.868,5.53376
201300004500,13,10,2013,20,5,01,407,1,1,2,1,,0.0,0.0
201300004501,9,6,2013,18,1,01,185,1,1,1,3,,46.0098,5.59088
201300004502,15,6,2013,8,1,01,185,2,1,1,6,SALLE DES FETES,45.9803,5.596
201300004503,23,7,2013,7,1,01,185,1,1,1,1,,45.9811,5.57459
201300004504,24,7,2013,16,1,01,101,1,1,1,1,,46.113,5.56837
201300004505,31,12,2013,12,1,01,4,1,1,1,2,,45.966,5.334
201300004506,1,4,2013,16,1,01,8,1,1,1,1,,45.9414,5.33096
201300004507,14,4,2013,16,1,01,4,2,2,1,3,AVENUE DE LA LIBERATION,45.9564,5.33268
201300004508,2,6,2013,18,1,01,416,1,1,1,3,,45.9213,5.50399
201300004509,17,6,2013,15,1,01,444,1,1,1,7,,45.8374,5.43438
201300004510,18,6,2013,19,1,01,416,1,1,1,1,,0.0,0.0
201300004511,20,6,2013,17,1,01,384,2,1,1,1,AVENUE DE L EUROPE,45.9446,5.435
201300004512,16,7,2013,15,1,01,224,1,1,1,3,,45.8029,5.21272
201300004513,11,9,2013,11,1,01,4,2,1,1,5,,0.0,0.0
201300004514,18,9,2013,16,1,01,444,1,1,2,1,,45.84,5.438
201300004515,12,10,2013,17,1,01,4,2,1,3,1,Rue de la R?sistance,0.0,0.0
201300004516,18,10,2013,7,3,01,99,1,1,5,1,,45.916,5.253
201300004517,17,12,2013,16,1,01,431,2,1,1,1,Route de Vaux F?vroux,45.932,5.357
201300004518,23,12,2013,16,3,01,202,1,1,1,1,,45.832,5.284
201300004519,25,12,2013,19,3,01,89,1,1,3,6,,0.0,0.0
201300004520,23,8,2013,9,1,01,214,1,1,1,1,,46.1734,5.48415
201300004521,17,10,2013,17,1,01,240,2,1,1,7,159 route des bateliers,0.0,0.0
201300004522,18,10,2013,13,1,01,265,2,1,1,5,avenue de bresse,0.0,0.0
201300004523,20,10,2013,17,1,01,228,1,1,2,6,,0.0,0.0
201300004524,23,10,2013,5,3,01,148,1,1,1,6,,0.0,0.0
201300004525,9,11,2013,20,3,01,237,1,1,2,6,,0.0,0.0
201300004526,2,1,2013,17,5,01,143,2,1,1,3,RUE VOLTAIRE,0.0,0.0
201300004527,3,3,2013,18,5,01,173,2,1,1,3,200 RUE DE GEX LA VILLE,46.337,6.059
201300004528,27,5,2013,17,1,01,399,1,6,1,7,,46.2941,6.0776
201300004529,28,6,2013,22,5,01,399,2,1,1,3,CD 1005,46.3002,6.06984
201300004530,31,7,2013,14,1,01,153,2,2,1,3,rue Fran?ois Estier,0.0,0.0
201300004531,29,11,2013,18,5,01,71,2,1,1,6,rue de la mairie,0.0,0.0
201300004532,22,11,2013,14,1,01,143,2,6,8,3,Avenue des voirons,0.0,0.0
201300004533,21,12,2013,20,5,01,143,1,1,8,1,,0.0,0.0
201300004534,21,3,2013,18,2,01,160,2,1,1,2,,0.0,0.0
201300004535,10,4,2013,18,1,01,160,2,9,8,6,13 CHEMIN DU LEVANT,0.0,0.0
201300004536,30,8,2013,5,5,01,281,2,6,1,7,RUE DE GEN?VE,46.2756,6.09316
201300004537,1,9,2013,12,1,01,397,1,1,1,1,,0.0,0.0
201300004538,14,8,2013,14,1,01,160,2,6,1,1,AVENUE DU JURA,46.2596,6.11124
201300004539,7,10,2013,8,1,01,435,1,1,1,1,,0.0,0.0
201300004540,13,10,2013,15,1,01,160,1,1,1,1,,0.0,0.0
201300004541,24,12,2013,21,3,01,313,1,1,1,6,,0.0,0.0
201300004542,14,4,2013,18,1,01,194,2,1,7,7,291 AVENUE DE LA PLAGE,45.984,4.762
201300004543,13,7,2013,14,1,01,322,1,1,1,1,,45.9386,4.86323
201300004544,13,7,2013,21,2,01,194,1,1,1,7,,0.0,0.0
201300004545,9,11,2013,10,1,01,427,2,7,1,6,avenue du 1er R.F.M,45.942,4.782
201300004546,15,11,2013,5,5,01,322,2,1,1,6,203 rte veissieux le bas,45.937,4.825
201300004547,10,2,2013,9,1,01,449,1,2,4,3,,46.0046,5.23325
201300004548,24,4,2013,18,1,01,235,1,1,1,7,,46.0371,5.06601
201300004549,9,5,2013,17,1,01,299,1,3,2,3,"""LA CARRONNI?RE""",46.0175,5.05954
201300004550,3,5,2013,21,3,01,299,1,1,2,7,LA CARRONI?RE,46.0194,5.06556
201300004551,17,5,2013,7,1,01,383,1,1,8,3,,46.1004,5.1433
201300004552,17,7,2013,22,3,01,434,1,1,1,6,,45.9772,5.093
201300004553,29,7,2013,12,1,01,359,1,1,1,6,"""VILETTE""",46.0921,5.07121
201300004554,21,8,2013,17,1,01,90,1,1,1,7,,46.0252,5.2359
201300004555,25,8,2013,16,1,01,383,1,1,1,6,,46.111,5.09916
201300004556,11,9,2013,17,1,01,74,2,6,2,3,,0.0,0.0
201300004557,16,9,2013,16,1,01,434,1,1,1,6,,0.0,0.0
201300004558,10,1,2013,8,1,01,1,1,3,2,5,,46.1618,4.91723
201300004559,24,2,2013,3,3,01,113,1,1,4,6,,46.1401,5.07891
201300004560,24,2,2013,19,3,01,246,1,1,4,6,,0.0,0.0
201300004561,29,4,2013,9,1,01,96,1,1,2,6,,46.1924,5.06387
201300004562,1,5,2013,3,3,01,46,1,1,2,6,,46.2157,4.94737
201300004563,29,5,2013,18,1,01,457,1,1,1,7,"""BEOST""",46.1848,4.99875
201300004564,15,6,2013,14,1,01,368,1,1,1,6,,46.2163,4.97285
201300004565,1,8,2013,20,3,01,457,1,1,1,6,,46.2318,4.97602
201300004566,14,9,2013,0,3,01,1,1,1,1,6,,0.0,0.0
201300004567,17,10,2013,10,1,01,412,1,1,1,3,,0.0,0.0
201300004568,1,11,2013,19,3,01,85,1,1,1,6,,0.0,0.0
201300004569,18,1,2013,22,3,01,450,1,1,4,7,,45.903,5.23368
201300004570,26,1,2013,14,1,01,244,1,1,1,7,,45.8955,5.18196
201300004571,11,3,2013,17,1,01,290,1,1,1,2,,45.8802,5.21781
201300004572,19,3,2013,6,2,01,290,1,1,1,1,,45.8593,5.1914
201300004573,28,3,2013,19,2,01,450,1,1,3,1,,45.9067,5.2296
201300004574,7,4,2013,21,4,01,361,2,1,1,6,ROUTE DE PEROUGES,45.8443,5.21739
201300004575,28,4,2013,20,2,01,290,1,1,2,4,,45.8687,5.182
201300004576,14,5,2013,16,1,01,244,2,1,1,5,RUE DE LYON,0.0,0.0
201300004577,27,5,2013,8,1,01,450,2,2,1,3,,45.9069,5.23267
201300004578,15,7,2013,7,1,01,378,1,1,1,1,,45.8209,5.17089
201300004579,10,8,2013,14,1,01,290,1,3,1,3,,45.8931,5.17889
201300004580,16,8,2013,6,1,01,54,1,1,1,1,,45.877,5.16044
201300004581,6,9,2013,7,1,01,450,2,1,1,3,89 rue du bottet,0.0,0.0
201300004582,12,11,2013,18,5,01,290,2,1,1,1,RD 22a et RD 4,0.0,0.0
201300004583,18,11,2013,13,1,01,290,1,1,1,6,,0.0,0.0
201300004584,26,1,2013,20,5,01,249,2,1,2,3,613 GRANDE RUE,45.8223,4.94864
201300004585,25,2,2013,8,1,01,43,2,1,4,7,346 CHEMIN GRANGE DEBOUT,0.0,0.0
201300004586,3,6,2013,13,1,01,249,2,1,1,3,PARKING LECLERC,0.0,0.0
201300004587,25,6,2013,15,1,01,249,1,1,1,3,,0.0,0.0
201300004588,7,7,2013,14,1,01,275,1,1,1,2,,0.0,0.0
201300004589,7,7,2013,16,1,01,249,1,1,1,6,,45.8456,4.95698
201300004590,16,7,2013,22,5,01,43,2,2,1,3,ROUTE DE GEN?VE,45.8344,4.99647
201300004591,17,7,2013,3,4,01,249,2,1,1,6,304 GRANDE RUE,45.8207,4.94454
201300004592,18,7,2013,12,1,01,43,2,6,1,3,ROND POINT DE LA DOMBES,45.8336,4.99339
201300004593,28,8,2013,22,5,01,43,2,1,1,3,2199 ROUTE DE GEN?VE,45.832,4.98746
201300004594,8,10,2013,5,5,01,275,2,1,1,6,RD1084,0.0,0.0
201300004595,2,11,2013,14,1,01,376,2,3,1,3,72 route de gen?ve,0.0,0.0
201300004596,3,12,2013,17,1,01,275,2,1,1,6,103 route de gen?ve,0.0,0.0
201300004597,26,6,2013,17,1,01,297,1,1,1,2,,45.8945,5.09686
201300004598,6,7,2013,18,1,01,262,1,2,1,3,,45.927,5.04003
201300004599,26,7,2013,19,1,01,27,1,1,1,1,,45.8431,5.10971
201300004600,14,1,2013,8,1,01,398,1,1,8,1,,46.0124,4.84265
201300004601,1,3,2013,19,3,01,333,1,1,1,2,,45.9148,4.95539
201300004602,11,4,2013,7,1,01,398,1,1,2,1,,45.9985,4.83585
201300004603,23,5,2013,8,1,01,318,1,2,1,3,,45.9713,4.85264
201300004604,17,6,2013,10,1,01,443,1,1,6,1,,45.9717,5.009
201300004605,7,9,2013,13,1,01,21,1,1,1,4,,0.0,0.0
201300004606,18,10,2013,8,2,01,52,1,1,5,1,,0.0,0.0
201300004607,4,5,2013,11,1,01,263,2,3,2,3,2237 RUE DE MACON,46.0975,4.76368
201300004608,3,6,2013,8,1,01,83,1,1,1,2,,46.0967,4.8326
201300004609,26,6,2013,10,1,01,351,2,1,1,3,RUE DE L'ETANG,46.1473,4.8659
201300004610,18,7,2013,19,1,01,169,1,2,8,5,"""AUX RIVAUX""",46.1256,4.79036
201300004611,5,8,2013,12,1,01,165,1,1,1,6,,46.0707,4.80984
201300004612,10,8,2013,20,2,01,169,2,3,1,3,PLACE DE LA MAIRIE RD933,46.1096,4.77989
201300004613,18,11,2013,19,3,01,389,1,1,5,5,,0.0,0.0
201300004614,28,6,2013,14,1,07,289,2,1,1,6,rue du Luol,0.0,0.0
201300004615,5,8,2013,14,1,07,93,1,1,1,6,,0.0,0.0
201300004616,10,8,2013,22,3,07,230,1,1,1,7,,0.0,0.0
201300004617,17,8,2013,13,1,07,3,1,1,1,1,,0.0,0.0
201300004618,30,8,2013,16,1,07,339,1,1,1,3,,0.0,0.0
201300004619,23,12,2013,17,2,07,122,2,1,1,1,Route d'Ales,0.0,0.0
201300004620,15,2,2013,19,3,07,259,1,1,1,1,,0.0,0.0
201300004621,19,3,2013,13,1,07,264,1,1,1,2,,0.0,0.0
201300004622,15,6,2013,17,1,07,279,1,1,1,3,,0.0,0.0
201300004623,1,7,2013,17,1,07,233,1,1,1,3,,0.0,0.0
201300004624,5,8,2013,11,1,07,167,1,1,1,7,,0.0,0.0
201300004625,31,8,2013,18,1,07,167,1,1,1,2,,0.0,0.0
201300004626,23,9,2013,21,3,07,30,1,1,1,6,,44.883,4.53
201300004627,12,10,2013,18,1,07,295,1,1,2,6,,0.0,0.0
201300004628,14,12,2013,13,1,07,96,1,1,1,1,,0.0,0.0
201300004629,27,12,2013,9,1,07,167,1,1,1,6,,0.0,0.0
201300004630,15,3,2013,14,1,07,302,1,1,1,3,,0.0,0.0
201300004631,14,5,2013,15,1,07,191,1,1,1,1,,0.0,0.0
201300004632,25,5,2013,12,1,07,319,2,1,1,6,62 rue de la R?publique,0.0,0.0
201300004633,15,6,2013,16,1,07,346,1,1,1,1,,0.0,0.0
201300004634,11,8,2013,18,1,07,300,1,1,7,1,,44.51,4.609
201300004635,9,12,2013,11,1,07,319,2,1,1,6,BOULEVARD STALINGRAD,0.0,0.0
201300004636,12,12,2013,13,1,07,346,1,1,1,7,,44.452,4.698
201300004637,14,4,2013,11,1,07,138,2,1,1,5,,0.0,0.0
201300004638,17,6,2013,8,1,07,241,1,1,7,3,,0.0,0.0
201300004639,13,9,2013,16,1,07,272,1,1,1,7,,0.0,0.0
201300004640,5,4,2013,10,1,07,349,1,1,2,3,,0.0,0.0
201300004641,8,4,2013,8,1,07,349,2,1,8,6,Avenue du 11 novembre,0.0,0.0
201300004642,5,5,2013,15,1,07,260,1,1,1,6,,0.0,0.0
201300004643,10,6,2013,16,1,07,349,2,1,1,6,rue ?cole des cit?s,0.0,0.0
201300004644,16,6,2013,17,1,07,237,1,1,1,3,,0.0,0.0
201300004645,7,8,2013,14,1,07,240,1,6,1,1,,0.0,0.0
201300004646,2,9,2013,17,1,07,22,1,1,1,1,,0.0,0.0
201300004647,31,10,2013,9,1,07,260,1,2,1,3,,0.0,0.0
201300004648,6,12,2013,20,3,07,298,1,1,1,6,,0.0,0.0
201300004649,11,12,2013,11,1,07,27,1,6,1,1,,0.0,0.0
201300004650,20,1,2013,18,3,07,117,1,1,1,6,,0.0,0.0
201300004651,9,11,2013,23,3,07,235,1,1,2,6,,0.0,0.0
201300004652,29,12,2013,18,3,07,153,1,1,4,6,,0.0,0.0
201300004653,2,1,2013,15,1,07,182,1,1,1,3,,0.0,0.0
201300004654,20,2,2013,23,3,07,182,1,1,1,6,,0.0,0.0
201300004655,12,5,2013,16,1,07,203,1,1,1,1,,0.0,0.0
201300004656,21,7,2013,14,1,07,200,1,1,1,6,,0.0,0.0
201300004657,13,9,2013,14,1,07,156,2,1,1,1,NEYRAC LES BAINS,0.0,0.0
201300004658,20,10,2013,8,1,07,45,2,1,3,6,RD 26,0.0,0.0
201300004659,31,3,2013,10,1,07,328,1,1,1,3,,0.0,0.0
201300004660,20,5,2013,11,1,07,207,1,1,1,3,,0.0,0.0
201300004661,6,7,2013,18,1,07,201,1,1,1,3,,44.471,4.347
201300004662,4,8,2013,2,3,07,23,1,1,1,6,,0.0,0.0
201300004663,19,9,2013,14,1,07,201,1,1,1,3,,44.468,4.346
201300004664,25,12,2013,16,2,07,183,1,1,8,1,,44.491,4.382
201300004665,13,6,2013,12,1,07,334,1,1,1,1,,0.0,0.0
201300004666,2,8,2013,13,1,07,24,1,1,1,6,,0.0,0.0
201300004667,21,10,2013,15,1,07,24,1,1,8,1,,0.0,0.0
201300004668,10,4,2013,16,1,07,324,1,1,1,1,,0.0,0.0
201300004669,14,4,2013,11,1,07,324,1,1,1,1,,45.061,4.784
201300004670,23,4,2013,13,1,07,324,2,1,1,1,,0.0,0.0
201300004671,21,5,2013,7,1,07,324,2,1,1,1,quai Charles de Gaulle,0.0,0.0
201300004672,30,6,2013,15,1,07,324,2,1,1,7,chemin imbert,0.0,0.0
201300004673,9,11,2013,18,3,07,323,2,1,2,3,ROUTE MONSANO,0.0,0.0
201300004674,2,3,2013,14,1,07,10,1,1,1,7,,0.0,0.0
201300004675,12,3,2013,16,1,07,10,2,1,1,6,Avenue Beauregard,0.0,0.0
201300004676,23,4,2013,14,1,07,10,1,1,1,6,,0.0,0.0
201300004677,21,5,2013,10,1,07,78,2,1,3,1,rue de quebec,0.0,0.0
201300004678,19,7,2013,23,3,07,310,1,1,1,6,,0.0,0.0
201300004679,21,11,2013,4,3,07,10,2,1,2,3,,0.0,0.0
201300004680,10,12,2013,16,1,07,10,2,1,1,6,rue L?o Lagrange,0.0,0.0
201300004681,4,5,2013,10,3,07,220,1,1,1,6,,44.877,4.413
201300004682,16,8,2013,19,1,07,82,1,1,1,1,,44.869,4.365
201300004683,1,12,2013,6,3,07,1,1,1,2,1,,0.0,0.0
201300004684,14,5,2013,7,1,07,338,2,1,1,7,LE PETIT ST JEAN CD 14,0.0,0.0
201300004685,4,8,2013,3,3,07,205,1,1,1,7,,0.0,0.0
201300004686,10,8,2013,21,2,07,292,1,2,1,3,,45.173,4.695
201300004687,7,10,2013,11,1,07,292,1,1,1,1,,45.169,4.694
201300004688,21,7,2013,21,3,26,27,1,1,1,6,26027,0.0,0.0
201300004689,16,8,2013,15,1,26,167,1,1,8,2,26167,0.0,0.0
201300004690,7,11,2013,13,1,26,365,1,1,1,7,26365,0.0,0.0
201300004691,23,11,2013,16,2,26,108,2,1,3,6,QUAI MAURICE FAURE,0.0,0.0
201300004692,27,7,2013,17,1,26,289,1,1,1,3,26289,0.0,0.0
201300004693,28,7,2013,22,3,26,365,1,9,3,1,26365,0.0,0.0
201300004694,1,8,2013,17,1,26,262,1,1,1,6,26262,0.0,0.0
201300004695,5,8,2013,21,2,26,108,2,1,1,6,26108,44.7352,5.0139
201300004696,11,8,2013,18,1,26,234,1,1,1,3,26234,0.0,0.0
201300004697,15,9,2013,11,1,26,241,1,1,8,6,26241,0.0,0.0
201300004698,19,10,2013,20,3,26,113,1,1,1,7,26113,0.0,0.0
201300004699,24,10,2013,17,1,26,289,1,1,1,1,26289,0.0,0.0
201300004700,30,11,2013,6,3,26,234,1,1,8,3,26234,0.0,0.0
201300004701,9,4,2013,17,1,26,64,1,2,1,3,QUARTIER LES BLANCHARDS,44.927,4.9622
201300004702,8,6,2013,15,1,26,81,1,1,8,7,26081,0.0,0.0
201300004703,18,6,2013,20,1,26,313,2,1,1,1,22 RUE DE LA FONTAINE,44.9692,4.9576
201300004704,9,9,2013,17,1,26,108,1,1,1,3,,44.735,4.9868