Num_Acc,jour,mois,an,hr,condition_eclairage,departement,commune,condition_agglomeration,intersection,condition_atmosphere,type_collision,adresse,lattitude,longitude
201300004705,6,10,2013,0,3,26,183,1,1,8,7,26183,0.0,0.0
201300004706,25,10,2013,22,3,26,183,1,1,1,6,QUARTIER FOULON,0.0,0.0
201300004707,6,11,2013,16,1,26,108,2,9,1,6,AVENUE ARMORIN CHARLES,0.0,0.0
201300004708,22,2,2013,19,3,26,196,1,1,1,3,26196,0.0,0.0
201300004709,7,6,2013,19,1,26,166,2,1,7,6,GRANDE RUE,44.7518,4.8222
201300004710,26,6,2013,18,1,26,289,1,1,1,1,26289,0.0,0.0
201300004711,14,7,2013,22,5,26,113,2,1,1,6,BOULEVARD DU BALLON,44.755,5.371
201300004712,8,1,2013,10,1,26,243,1,1,1,5,26243,0.0,0.0
201300004713,6,3,2013,14,1,26,45,1,1,2,1,26045,0.0,0.0
201300004714,29,6,2013,19,1,26,202,1,1,1,3,26202,0.0,0.0
201300004715,7,1,2013,18,5,26,85,1,1,1,6,26085,0.0,0.0
201300004716,13,1,2013,7,3,26,85,1,1,1,6,26085,0.0,0.0
201300004717,10,2,2013,10,2,26,169,1,1,1,7,LES JOANINS,0.0,0.0
201300004718,6,6,2013,6,1,26,85,1,1,1,7,26085,44.4999,4.7164
201300004719,14,3,2013,17,1,26,235,1,1,1,3,26235,0.0,0.0
201300004720,18,1,2013,23,3,26,357,1,1,4,6,26357,0.0,0.0
201300004721,31,12,2013,18,4,26,182,1,1,1,3,,0.0,0.0
201300004722,26,2,2013,18,3,26,367,1,2,1,1,26367,0.0,0.0
201300004723,19,4,2013,12,1,26,220,1,1,1,1,26220,0.0,0.0
201300004724,30,7,2013,11,1,26,220,2,1,1,6,67 AVENUE PAUL LAURENS,44.3602,5.1335
201300004725,11,1,2013,18,5,02,691,2,1,8,6,bd Dr Camille Guérin,49.83365,3.30116
201300004726,28,1,2013,18,5,02,691,2,3,1,3,rue du Gal Leclerc,49.84199,3.29497
201300004727,10,2,2013,1,5,02,691,2,1,1,6,"35, ISLE (RUE D')",49.84482,3.29065
201300004728,2,3,2013,15,1,02,549,2,1,1,6,"02 bis, MESNIL (RUE DU)",49.82511,3.33074
201300004729,5,3,2013,14,1,02,659,1,1,1,2,rue du calvaire,49.85218,3.32857
201300004730,6,3,2013,15,1,02,691,2,1,1,6,GAYANT (QUAI),49.84142,3.29591
201300004731,17,5,2013,9,1,02,340,2,1,1,6,"18, BARBUSSE (RUE HENRI)",49.82176,3.28564
201300004732,4,6,2013,18,1,02,691,2,1,1,6,"74, SCHUMAN (AV. ROBERT)",49.86115,3.29981
201300004733,5,6,2013,11,1,02,691,2,2,1,3,GUERIN (Bd Dr Camille),49.83365,3.30116
201300004734,22,6,2013,22,5,02,691,2,2,2,3,DENFERT-ROCHEREAU (RUE),49.85172,3.27979
201300004735,25,6,2013,21,1,02,691,2,1,1,6,"5, CODOS (RUE PAUL)",49.85317,3.26846
201300004736,1,7,2013,19,1,02,691,2,3,1,6,":, SCHUMAN (AV. ROBERT)",49.86012,3.2975
201300004737,5,7,2013,20,1,02,691,2,3,1,3,rue de fayet,0.0,0.0
201300004738,14,8,2013,14,1,02,691,2,1,1,6,"24, COCTEAU (RUE JEAN)",49.83605,3.29758
201300004739,28,8,2013,21,5,02,691,2,3,1,6,"17, BACHY (RUE DU DR-G-)",0.0,0.0
201300004740,5,10,2013,18,5,02,371,2,3,1,3,rue de guise,49.84087,3.31904
201300004741,4,11,2013,13,1,02,691,2,3,3,3,rue chaussee romaine,49.84501,3.27357
201300004742,15,11,2013,8,1,02,691,2,3,1,3,rue docteur cordier,49.84279,3.26644
201300004743,12,12,2013,13,1,02,691,2,1,1,6,rue 3EME D.I.M,49.84868,3.27747
201300004744,7,1,2013,12,1,26,360,1,3,1,1,26360,0.0,0.0
201300004745,7,3,2013,7,1,26,360,1,1,1,1,26360,0.0,0.0
201300004746,15,6,2013,14,1,26,264,1,1,1,3,26264,0.0,0.0
201300004747,18,8,2013,17,1,26,112,1,1,1,5,26112,0.0,0.0
201300004748,27,10,2013,12,1,26,264,2,1,2,6,26264,0.0,0.0
201300004749,5,1,2013,18,3,26,49,1,1,6,6,26049,0.0,0.0
201300004750,11,1,2013,6,2,26,88,2,1,8,6,D2532 N,0.0,0.0
201300004751,12,1,2013,15,1,26,79,1,2,1,3,CHEMIN LESJONCS VACHES,44.9482,5.0718
201300004752,1,1,2013,11,1,26,231,1,1,2,6,26231,0.0,0.0
201300004753,2,2,2013,18,3,26,88,1,4,2,1,26088,0.0,0.0
201300004754,21,5,2013,16,1,26,34,1,1,1,4,26034,0.0,0.0
201300004755,28,5,2013,12,1,26,57,2,1,1,1,CHEM DES MONTS DU MATIN,0.0,0.0
201300004756,25,6,2013,18,1,26,88,2,1,6,7,RTE DU 45 PARALLELE,0.0,0.0
201300004757,13,5,2013,14,1,26,331,1,1,1,2,26331,0.0,0.0
201300004758,23,6,2013,14,1,26,320,2,1,1,1,RD 532,0.0,0.0
201300004759,20,1,2013,13,1,26,295,1,2,1,3,26295,0.0,0.0
201300004760,8,2,2013,14,1,26,325,1,1,4,1,26325,45.2778,4.8302
201300004761,30,3,2013,3,5,26,160,1,1,2,3,26160,0.0,0.0
201300004762,5,6,2013,16,1,26,333,2,1,1,6,LE PONT DE PIERRE,45.1775,4.8143
201300004763,8,6,2013,15,1,26,10,1,1,1,6,26010,45.2793,4.8835
201300004764,14,12,2013,14,1,26,10,2,1,1,3,RUE PASTEUR,0.0,0.0
201300004765,16,3,2013,2,3,26,84,1,1,1,1,LE SAUT DES CHEVRES,0.0,0.0
201300004766,5,6,2013,19,1,26,179,1,1,1,6,26179,0.0,0.0
201300004767,1,10,2013,17,1,26,380,1,1,1,6,26380,0.0,0.0
201300004768,28,1,2013,15,1,02,722,2,1,1,6,12 bd de Metz,49.38366,3.3357
201300004769,18,1,2013,12,1,02,722,2,1,1,6,"9, SAINT-QUENTIN (RUE )",49.38236,3.32851
201300004770,29,11,2013,18,5,02,722,2,6,2,6,"1, GAMBETTA ( BOULEVARD",49.37656,3.32972
201300004771,12,2,2013,9,1,02,722,2,1,1,6,3 av château thierry,49.37387,3.32902
201300004772,19,12,2013,21,5,02,722,2,6,1,6,REPUBLIQUE  (PLACE DE LA,49.37642,3.32964
201300004773,6,3,2013,17,1,02,722,2,3,1,3,"477, REIMS Avenue de",49.37322,3.34348
201300004774,14,3,2013,18,1,02,722,2,3,1,6,"2, BELLEU (RUE DE )",49.36924,3.33741
201300004775,19,3,2013,19,2,02,722,2,6,2,6,"2, GAMBETTA ( BOULEVARD",49.37659,3.32972
201300004776,19,3,2013,19,5,02,722,2,2,2,3,"24, GENERAL DE GAULLE (",49.37369,3.33266
201300004777,20,3,2013,13,1,02,805,2,3,1,2,"247, avenue de Reims",49.37399,3.3409
201300004778,21,3,2013,15,1,02,722,2,4,1,2,"92, JEANNE D'ARC ( BOULE",49.37424,3.3255
201300004779,21,3,2013,16,1,02,722,2,2,1,3,"52, MENEAU ( RUE DE )",49.3831,3.31608
201300004780,22,4,2013,9,1,02,722,2,3,1,3,"44, COUCY ( AVENUE DE )",49.39038,3.33276
201300004781,1,5,2013,5,2,02,243,2,1,1,6,"62bis, Laon(Route de)",49.40637,3.36586
201300004782,2,5,2013,18,1,02,722,2,3,1,6,CHEVREUX (ROUTE DE ),49.36298,3.31697
201300004783,3,5,2013,19,1,02,722,2,3,1,3,"51, PARADIS ( RUE DU)",49.38252,3.30903
201300004784,10,5,2013,18,1,02,722,2,1,1,6,"13, PRESLES ( BOULEVARD",49.37522,3.30875
201300004785,12,5,2013,5,2,02,805,2,1,1,6,"589, REIMS (AVENUE DE )",49.37306,3.34457
201300004786,22,5,2013,15,1,02,64,2,1,1,6,"173 bis, CHATEAU-THIERRY",49.36336,3.32625
201300004787,26,6,2013,7,1,02,805,1,1,1,6,ROUTE NATIONALE 2,0.0,0.0
201300004788,31,5,2013,19,1,02,722,2,1,1,6,"17, SALVADORE ALLENDE (R",49.36548,3.32502
201300004789,23,8,2013,21,5,02,64,2,3,1,1,PASTEUR ( RUE ),49.36226,3.3307
201300004790,4,7,2013,7,1,02,722,2,3,7,3,"13, COUCY ( AVENUE DE )",49.38788,3.33271
201300004791,31,7,2013,10,1,02,722,2,1,8,6,"14, SAINT-QUENTIN (RUE )",49.38238,3.32846
201300004792,5,8,2013,18,1,02,722,2,2,1,3,"39, PASLY ( AVENUE DE )",49.38949,3.31277
201300004793,23,9,2013,19,2,02,805,1,1,1,2,av flandres dunkerque,49.37267,3.3661
201300004794,21,9,2013,5,5,02,243,2,3,1,3,Laon(Avenue de ),0.0,0.0
201300004795,10,9,2013,19,2,02,722,2,1,1,2,JEANNE D'ARC ( BOULEVARD,49.37452,3.32679
201300004796,9,10,2013,19,5,02,722,2,6,1,3,EUROPE ( ROND POINT DE L,49.38196,3.27994
201300004797,10,10,2013,13,1,02,722,2,2,3,1,"36, PRESIDENT KENNEDY",49.37114,3.31337
201300004798,20,10,2013,9,1,02,722,2,2,2,3,"19, MARECHAL DE LATTRE (",49.38909,3.32589
201300004799,20,10,2013,4,5,02,722,2,1,2,6,"11, PAUL DEVAUCHELLE",49.38995,3.32518
201300004800,25,10,2013,9,1,02,722,2,2,1,3,SAINT-JUST (RUE),49.38816,3.31715
201300004801,20,11,2013,19,5,02,722,2,2,2,3,"21, ALEXANDRE DUMAS (BOU",49.38696,3.3218
201300004802,29,10,2013,18,5,02,722,2,4,1,3,LAON ( AVENUE DE ),49.39771,3.35056
201300004803,6,12,2013,18,5,02,722,2,1,2,3,"9, VILLENEUVE ( RUE DE )",49.37021,3.33932
201300004804,7,12,2013,17,5,02,722,2,6,8,6,"5, MARCEL PAUL ( RUE )",49.36747,3.31529
201300004805,13,12,2013,23,3,02,131,1,1,3,1,ROUTE NATIONALE 2,0.0,0.0
201300004806,15,12,2013,21,3,02,805,1,1,1,1,ROUTE NATIONALE 2,0.0,0.0
201300004807,17,12,2013,23,5,02,805,2,2,1,3,", REIMS Avenue de",49.37434,3.33964
201300004808,30,8,2013,16,1,02,722,2,1,1,6,"4, MATIGNY ( RUE )",49.38314,3.32385
201300004809,14,1,2013,18,5,38,150,2,2,2,6,R CH DE GAULLE/AV GARE,45.2016,5.83827
201300004810,12,3,2013,13,1,38,150,2,1,1,1,RUE ALPES,0.0,0.0
201300004811,13,4,2013,18,1,38,150,1,1,1,6,,0.0,0.0
201300004812,14,10,2013,17,1,38,422,2,1,1,1,ROUTE DE CHAMROUSSE,0.0,0.0
201300004813,6,11,2013,17,2,38,422,2,1,1,1,route d'uriage,45.146,5.834
201300004814,27,5,2013,12,1,38,158,2,2,1,3,avenue Jean Jaures,0.0,0.0
201300004815,8,6,2013,20,1,38,317,1,1,2,1,,0.0,0.0
201300004816,15,6,2013,17,1,38,317,2,1,1,1,,0.0,0.0
201300004817,12,2,2013,20,5,38,75,1,4,1,3,RTE GRESIVAUDAN/AV GRENO,45.459,5.99749
201300004818,2,3,2013,20,3,38,75,1,1,1,1,,0.0,0.0
201300004819,12,3,2013,18,2,38,314,2,1,1,2,"488, avenue de la gare",45.437,6.015
201300004820,6,4,2013,17,1,38,314,2,6,1,7,CD 523,0.0,0.0
201300004821,19,4,2013,12,1,38,314,1,1,3,6,,0.0,0.0
201300004822,9,5,2013,2,3,38,6,1,1,1,6,,45.4124,6.09
201300004823,15,6,2013,10,1,38,27,2,1,1,7,all?e de beauregard,0.0,0.0
201300004824,30,6,2013,1,3,38,314,2,1,2,7,lieu dit villard benoit,0.0,0.0
201300004825,12,7,2013,7,1,38,439,1,1,1,6,,0.0,0.0
201300004826,17,7,2013,12,1,38,6,2,9,1,3,RD109,0.0,0.0
201300004827,2,8,2013,11,1,38,314,2,1,1,3,"930, avenue Champollion",0.0,0.0
201300004828,21,8,2013,16,1,38,27,1,1,1,1,,0.0,0.0
201300004829,13,9,2013,21,3,38,439,1,1,1,7,,0.0,0.0
201300004830,22,3,2013,16,1,38,382,2,1,1,3,15 rue des Glaireaux,0.0,0.0
201300004831,2,7,2013,16,1,38,382,2,1,1,7,Rue de l'Is?re,45.23,5.678
201300004832,25,4,2013,20,2,38,442,1,1,1,7,,0.0,0.0
201300004833,9,5,2013,19,2,38,405,1,1,8,1,,0.0,0.0
201300004834,21,6,2013,14,2,38,442,1,1,1,7,,0.0,0.0
201300004835,22,6,2013,15,1,38,446,1,1,1,7,,0.0,0.0
201300004836,25,6,2013,20,1,38,412,2,2,1,3,RD 28 Rue Jules Ferry,0.0,0.0
201300004837,5,8,2013,18,1,38,405,1,1,1,6,,0.0,0.0
201300004838,4,9,2013,15,1,38,155,1,1,1,3,,0.0,0.0
201300004839,10,9,2013,16,1,38,376,1,1,1,6,,0.0,0.0
201300004840,8,10,2013,20,1,38,412,1,1,8,2,,0.0,0.0
201300004841,30,12,2013,16,1,38,446,1,1,8,6,LE GRAND CHENEVEY,45.3953,5.85546
201300004842,7,5,2013,21,3,38,281,2,1,1,7,chemin de pra paris,0.0,0.0
201300004843,7,6,2013,16,1,38,153,1,1,1,6,,45.202,5.629
201300004844,12,7,2013,20,1,38,474,1,1,1,1,,0.0,0.0
201300004845,18,9,2013,12,1,38,474,2,7,1,6,SASSENAGE,0.0,0.0
201300004846,23,9,2013,9,1,38,474,1,1,1,3,,0.0,0.0
201300004847,26,9,2013,7,1,38,474,2,2,1,3,rue Vinay/Billery,45.211,5.673
201300004848,5,12,2013,18,3,38,540,1,1,1,1,,0.0,0.0
201300004849,4,1,2013,8,1,38,504,2,1,1,7,LE BOUQUEYRON,45.3043,5.99841
201300004850,4,4,2013,16,1,38,511,1,1,1,3,,0.0,0.0
201300004851,14,7,2013,23,3,38,262,1,1,1,5,,0.0,0.0
201300004852,21,7,2013,15,1,38,511,1,1,1,2,,0.0,0.0
201300004853,4,9,2013,9,1,38,303,1,1,1,6,,0.0,0.0
201300004854,2,11,2013,6,2,38,100,2,1,3,1,,0.0,0.0
201300004855,2,11,2013,18,3,38,181,1,1,2,2,,0.0,0.0
201300004856,7,3,2013,15,1,38,524,1,1,1,6,,0.0,0.0
201300004857,31,5,2013,12,1,38,545,1,1,1,4,,0.0,0.0
201300004858,15,6,2013,2,5,38,545,2,1,1,6,boulevard FAIDHERBE,0.0,0.0
201300004859,7,1,2013,18,3,38,21,1,1,1,1,RTE DE MEAUDRE,45.1655,5.5336
201300004860,28,1,2013,6,2,38,548,1,1,1,1,,0.0,0.0
201300004861,16,9,2013,1,3,38,548,1,1,8,6,,0.0,0.0
201300004862,7,2,2013,12,1,02,59,1,2,1,5,MOULIN (RUE DU),49.64679,3.35265
201300004863,15,2,2013,10,1,02,738,2,1,1,6,70 bd gambetta,49.65327,3.29009
201300004864,22,2,2013,23,3,02,165,1,1,1,1,ront point,49.64502,3.39533
201300004865,23,2,2013,17,1,02,165,1,4,8,2,"1, LAON (ROUTE DE)",49.65812,3.38326
201300004866,5,3,2013,10,1,02,738,2,1,1,6,"217, GAMBETTA (BOULEVARD",49.65041,3.27967
201300004867,22,3,2013,16,1,02,738,2,1,1,6,"87, GAMBETTA (BOULEVARD)",49.65316,3.28977
201300004868,22,3,2013,14,1,02,738,2,3,1,6,"01, REPOS (ALLEE DU)",49.65908,3.27574
201300004869,6,4,2013,12,1,02,738,2,1,1,6,PLACE LIONEL LEFEVRE,49.65923,3.29746
201300004870,17,5,2013,20,1,02,738,2,1,1,3,"37, GRASSE",49.6526,3.27952
201300004871,21,5,2013,7,1,02,738,1,1,1,1,RN 32,49.66738,3.26453
201300004872,22,5,2013,14,1,02,738,2,1,1,6,rue J.Jaurès (Fargniers),49.65672,3.30345
201300004873,29,3,2013,8,1,02,304,2,3,1,3,QUARTIER DROUOT,49.66363,3.36948
201300004874,17,4,2013,8,1,38,565,1,6,1,3,,0.0,0.0
201300004875,20,9,2013,17,1,02,738,2,1,1,6,GAMBETTA (BOULEVARD),49.65454,3.29469
201300004876,15,10,2013,17,1,02,738,2,2,7,6,"1, HOCHE",49.65372,3.29211
201300004877,8,8,2013,10,1,38,312,1,1,2,1,,0.0,0.0
201300004878,19,10,2013,14,1,38,269,2,1,1,3,la festini?re,0.0,0.0
201300004879,26,10,2013,10,1,38,304,2,1,1,6,4 route de la barri?re,44.955,5.758
201300004880,12,4,2013,16,1,38,243,1,1,1,3,,44.785,5.646
201300004881,7,8,2013,11,1,38,424,1,1,2,6,,44.776,5.662
201300004882,27,8,2013,10,1,38,204,1,1,1,1,,44.742,5.679
201300004883,31,8,2013,15,1,38,226,2,1,1,6,Sortie Mens - rd66,44.818,5.751
201300004884,18,1,2013,16,1,38,212,1,1,1,3,,45.0667,5.86952
201300004885,23,2,2013,23,5,38,200,2,9,2,6,AV DU GENERAL DELESTRAIN,45.0976,5.74683
201300004886,6,6,2013,8,1,38,529,2,6,1,3,URIAGE,45.076,5.911
201300004887,5,7,2013,9,1,38,277,1,1,1,1,,0.0,0.0
201300004888,17,7,2013,12,1,38,279,1,1,1,3,,0.0,0.0
201300004889,26,7,2013,18,1,38,562,1,1,1,6,LE PEAGE DE VIZILLE,45.0503,5.78336
201300004890,14,9,2013,14,1,38,529,2,1,1,1,454 ROUTE DE LA GORGE,0.0,0.0
201300004891,2,10,2013,14,1,38,562,1,1,1,1,,0.0,0.0
201300004892,16,10,2013,16,1,38,279,2,1,1,1,Lieu dit Le Troussier,0.0,0.0
201300004893,22,10,2013,17,1,38,279,2,1,1,1,,0.0,0.0
201300004894,6,12,2013,22,3,38,279,1,1,1,6,RTE DU CONNEX,45.0633,5.76069
201300004895,17,12,2013,14,1,38,71,2,1,1,3,la Cheneraie,45.084,5.728
201300004896,24,2,2013,19,3,38,95,1,1,1,5,,45.136,5.2959
201300004897,7,5,2013,14,1,38,410,1,1,1,3,,0.0,0.0
201300004898,15,6,2013,13,1,38,495,2,1,1,6,,0.0,0.0
201300004899,21,7,2013,0,3,38,95,1,1,1,7,AV DU VERCORS,45.1255,5.2765
201300004900,25,7,2013,19,1,38,394,1,1,1,1,,45.084,5.253
201300004901,18,10,2013,17,1,38,409,1,3,1,3,,45.066,5.281
201300004902,1,11,2013,7,1,38,409,1,1,1,6,,45.095,5.298
201300004903,21,12,2013,6,3,38,95,1,1,1,7,RTE CX NOIRE BAS-GERVAN,45.1263,5.3036
201300004904,25,3,2013,15,1,38,505,1,1,1,6,,0.0,0.0
201300004905,13,4,2013,18,1,38,457,1,1,1,7,,45.305,5.269
201300004906,18,5,2013,5,2,38,218,1,2,1,3,,0.0,0.0
201300004907,1,6,2013,17,1,38,387,1,1,1,6,,45.321,5.338
201300004908,7,9,2013,12,1,38,221,1,1,1,1,,45.286,5.264
201300004909,9,9,2013,7,1,38,58,1,2,1,3,R DES MARGUETS/SABLIERES,45.3566,5.30605
201300004910,21,9,2013,6,4,38,440,2,1,1,6,Route du village,45.319,5.288
201300004911,1,10,2013,8,1,38,58,2,1,1,6,route de la c?te,45.353,5.307
201300004912,26,10,2013,12,1,38,171,1,1,1,5,,45.305,5.41
201300004913,11,1,2013,15,1,38,500,1,4,2,6,RTE DES SIGNAUX,45.1879,5.37795
201300004914,3,2,2013,11,1,38,74,1,1,1,6,,45.2504,5.45451
201300004915,9,3,2013,12,1,38,338,1,1,1,6,,45.231,5.498
201300004916,17,3,2013,8,1,38,117,1,1,3,6,,0.0,0.0
201300004917,23,4,2013,19,1,38,4,2,3,1,3,RD1092 - RD35,45.227,5.439
201300004918,23,6,2013,2,3,38,310,1,1,1,7,,45.267,5.469
201300004919,23,6,2013,16,1,38,500,1,1,1,5,,0.0,0.0
201300004920,4,7,2013,17,1,38,517,2,1,1,1,Rue du G?n?ral De Gaulle,45.303,5.485
201300004921,26,7,2013,13,1,38,338,1,1,7,1,,45.25,5.514
201300004922,2,8,2013,11,1,38,450,1,1,1,1,,0.0,0.0
201300004923,7,8,2013,9,1,38,450,1,1,3,5,,45.2936,5.58654
201300004924,20,8,2013,18,1,38,517,2,1,1,5,17 route de renage,45.314,5.492
201300004925,1,12,2013,16,1,38,450,1,1,1,1,,0.0,0.0
201300004926,24,12,2013,0,3,38,74,1,1,1,7,,0.0,0.0
201300004927,3,2,2013,18,3,38,348,1,4,1,6,D1006/CH DE COUERE,45.5832,5.32284
201300004928,4,3,2013,8,1,38,415,1,1,1,1,,0.0,0.0
201300004929,24,5,2013,17,1,38,467,2,1,1,6,853 CHEMIN DES SABLES,0.0,0.0
201300004930,26,5,2013,9,1,38,455,1,1,1,1,,0.0,0.0
201300004931,24,6,2013,7,1,38,374,1,1,3,2,,0.0,0.0
201300004932,15,10,2013,8,1,38,415,1,1,2,6,,0.0,0.0
201300004933,15,10,2013,13,1,38,498,1,1,8,1,,0.0,0.0
201300004934,30,10,2013,8,3,38,415,1,1,1,6,,0.0,0.0
201300004935,4,11,2013,18,5,38,348,2,1,2,6,33 rue du lavaizin,0.0,0.0
201300004936,8,12,2013,12,1,38,230,1,1,1,1,,0.0,0.0
201300004937,19,12,2013,8,1,38,374,1,1,2,5,,0.0,0.0
201300004938,21,12,2013,10,1,38,276,2,1,7,6,route de Lyon,0.0,0.0
201300004939,28,2,2013,21,3,38,176,2,1,1,6,chemin des marais,0.0,0.0
201300004940,24,5,2013,16,5,38,542,2,1,1,6,ROUTE DE MORAS,45.684,5.218
201300004941,6,7,2013,16,1,38,176,1,1,1,6,,45.64,5.206
201300004942,4,10,2013,1,3,38,451,1,1,1,7,,0.0,0.0
201300004943,13,11,2013,8,1,38,515,2,1,1,6,route de Cr?mieu,0.0,0.0
201300004944,1,12,2013,2,3,38,190,1,6,1,6,,0.0,0.0
201300004945,20,12,2013,7,2,38,451,1,1,2,3,,45.749,5.228
201300004946,11,4,2013,19,1,38,46,1,1,1,6,,0.0,0.0
201300004947,25,7,2013,15,1,38,46,2,1,1,3,,0.0,0.0
201300004948,23,8,2013,15,1,38,63,1,1,1,3,,0.0,0.0
201300004949,13,9,2013,7,1,38,13,1,6,1,1,,0.0,0.0
201300004950,24,9,2013,17,1,38,42,1,1,1,3,,0.0,0.0
201300004951,13,12,2013,19,3,38,63,1,1,4,6,,45.426,5.426
201300004952,15,12,2013,3,3,38,305,1,1,8,6,,0.0,0.0
201300004953,11,3,2013,16,1,38,135,1,1,1,3,,0.0,0.0
201300004954,11,8,2013,15,1,38,365,1,1,1,3,,45.789,5.348
201300004955,3,9,2013,23,5,38,320,1,1,1,3,,0.0,0.0
201300004956,6,11,2013,19,3,38,54,1,1,2,1,,0.0,0.0
201300004957,23,6,2013,17,1,38,541,1,1,1,7,,0.0,0.0
201300004958,2,7,2013,15,1,38,124,1,1,1,1,,0.0,0.0
201300004959,3,8,2013,16,1,38,297,1,1,7,6,,0.0,0.0
201300004960,1,9,2013,5,2,38,12,2,1,1,6,Route des charmilles,0.0,0.0
201300004961,13,10,2013,5,3,38,541,1,1,1,6,,0.0,0.0
201300004962,25,10,2013,4,5,38,543,1,1,1,1,,0.0,0.0
201300004963,4,1,2013,10,1,38,357,1,1,1,6,,45.546,5.51658
201300004964,28,2,2013,10,3,38,357,2,8,1,6,passage ? niveau d 1006,0.0,0.0
201300004965,20,3,2013,11,1,38,315,2,1,2,6,ROUTE DE BELLEY,0.0,0.0
201300004966,21,5,2013,11,1,38,315,1,1,2,1,,0.0,0.0
201300004967,7,6,2013,19,1,38,357,2,1,2,1,,0.0,0.0
201300004968,16,6,2013,17,1,38,1,1,1,1,3,,0.0,0.0
201300004969,3,7,2013,18,1,38,165,1,1,1,5,,0.0,0.0
201300004970,11,8,2013,8,1,38,315,2,1,1,3,roue de la Folati?re,0.0,0.0
201300004971,23,8,2013,18,1,38,315,2,1,7,6,91 ROUTE DE LYON,0.0,0.0
201300004972,8,9,2013,18,1,38,28,1,1,3,1,,0.0,0.0
201300004973,5,10,2013,13,1,38,323,1,1,1,1,,0.0,0.0
201300004974,10,10,2013,18,2,38,420,1,1,8,5,,0.0,0.0
201300004975,30,12,2013,19,5,38,315,2,1,1,1,AV DE LA FOLATIERE / CH,45.5362,5.64992
201300004976,9,2,2013,7,1,38,369,1,1,2,1,,45.5543,5.42921
201300004977,27,2,2013,14,1,38,401,2,3,1,3,ROUTE DE LA BOURBRE,45.5649,5.43066
201300004978,17,8,2013,5,5,38,64,2,1,1,3,Place du pl?tre,45.572,5.375
201300004979,28,8,2013,16,1,38,377,2,1,1,6,RUE RENE DUCHAMP,0.0,0.0
201300004980,29,8,2013,13,1,38,64,2,1,1,4,Route de Lyon,45.572,5.37
201300004981,13,9,2013,20,3,38,64,2,1,1,2,Hameau de COIRANNE,45.573,5.357
201300004982,16,9,2013,21,3,38,64,1,1,3,1,,0.0,0.0
201300004983,4,10,2013,20,3,38,464,2,3,3,7,749 ROUTE DE DOISSIN,45.5383,5.40789
201300004984,5,10,2013,9,1,38,250,1,1,1,1,,0.0,0.0
201300004985,7,10,2013,18,1,38,162,2,1,1,3,Route du Fer ? Cheval,45.595,5.527
201300004986,25,10,2013,18,2,38,509,1,1,1,1,,0.0,0.0
201300004987,29,11,2013,16,2,38,509,2,1,3,4,Avenue de SAVOIE,0.0,0.0
201300004988,30,11,2013,19,3,38,341,1,1,1,1,,0.0,0.0
201300004989,16,12,2013,15,1,38,377,1,1,1,1,,45.572,5.458
201300004990,18,2,2013,17,1,44,209,2,4,1,3,cd49,47.334,-1.607
201300004991,11,4,2013,16,1,44,35,2,1,3,6,Rue Martin Luther King,0.0,0.0
201300004992,12,4,2013,23,5,44,66,2,6,1,3,place de l eglise,0.0,0.0
201300004993,19,6,2013,17,1,44,35,2,6,1,3,place de la giliere,0.0,0.0
201300004994,31,8,2013,18,1,44,35,2,9,1,3,boulevard du Gesvre,47.285,-1.55
201300004995,13,11,2013,18,5,44,35,2,6,1,6,boulevard du gesvre 4424,47.272,-1.551
201300004996,12,12,2013,11,1,44,66,1,1,2,7,,0.0,0.0
201300004997,25,12,2013,11,1,44,35,2,6,2,3,place de la r?publique,0.0,0.0
201300004998,22,2,2013,0,5,38,215,1,1,1,6,R DE ST JUST CHALEYSSIN,45.5844,4.97636
201300004999,19,4,2013,12,1,38,336,1,1,2,1,,0.0,0.0
201300005000,6,8,2013,18,1,38,160,2,1,1,7,,0.0,0.0
201300005001,25,8,2013,21,3,38,157,1,1,1,1,,45.505,4.953
201300005002,5,10,2013,13,1,38,87,2,1,1,6,avenue fr?d?ric mistral,0.0,0.0
201300005003,17,11,2013,6,3,38,131,1,1,1,6,,45.471,4.906
201300005004,10,12,2013,5,3,38,160,1,1,5,7,,45.497,4.998
201300005005,12,12,2013,19,3,38,215,1,1,5,6,,45.608,4.983
201300005006,31,1,2013,8,1,38,69,1,1,8,3,,45.4664,5.29323
201300005007,7,3,2013,3,3,38,479,2,1,2,1,RD 518,0.0,0.0
201300005008,10,3,2013,17,3,38,16,1,1,2,6,,0.0,0.0
201300005009,21,3,2013,9,1,38,130,2,1,7,6,rue tourtain,0.0,0.0