Num_Acc,jour,mois,an,hr,condition_eclairage,departement,commune,condition_agglomeration,intersection,condition_atmosphere,type_collision,adresse,lattitude,longitude
201300005010,8,4,2013,5,2,38,274,1,1,1,7,,0.0,0.0
201300005011,15,6,2013,15,1,38,335,2,1,1,3,RD 538 L'Embranchement,0.0,0.0
201300005012,13,6,2013,19,1,38,300,2,1,1,1,route des burettes,0.0,0.0
201300005013,1,8,2013,16,1,38,284,1,1,1,3,,0.0,0.0
201300005014,21,8,2013,15,1,38,34,1,1,1,3,,0.0,0.0
201300005015,19,9,2013,12,1,38,37,1,2,1,3,BATAILLOUSE,45.3564,4.9536
201300005016,19,10,2013,7,2,38,130,2,1,1,1,Avenue Aristide Briand,0.0,0.0
201300005017,30,11,2013,21,5,38,25,1,1,1,2,,0.0,0.0
201300005018,11,12,2013,11,1,38,130,2,1,1,2,59 avenue jongkind,0.0,0.0
201300005019,18,12,2013,10,1,38,37,1,1,1,3,,0.0,0.0
201300005020,23,1,2013,18,3,38,519,1,2,1,1,RTE DE LYON/CH LA COMBE,45.6132,5.00461
201300005021,9,3,2013,15,1,38,399,1,1,1,6,,0.0,0.0
201300005022,15,3,2013,16,1,38,389,2,1,1,6,Chemin de la froide,45.565,5.097
201300005023,2,4,2013,17,2,38,351,1,1,2,7,,0.0,0.0
201300005024,3,4,2013,21,3,38,189,1,1,1,6,LE PLATRE,45.618,5.05746
201300005025,2,7,2013,8,1,38,389,1,1,1,7,,0.0,0.0
201300005026,6,7,2013,9,1,38,389,1,1,1,4,,0.0,0.0
201300005027,4,10,2013,19,2,38,15,1,1,3,6,,0.0,0.0
201300005028,19,11,2013,14,1,38,144,1,6,3,6,,0.0,0.0
201300005029,18,12,2013,17,1,38,288,1,1,1,1,,45.584,5.045
201300005030,10,3,2013,16,1,38,507,2,1,1,7,Rue de l'Eglise,0.0,0.0
201300005031,17,6,2013,16,1,38,507,2,1,1,6,rue des ardennes,0.0,0.0
201300005032,26,7,2013,0,3,38,197,1,1,1,5,D517 PR3+000,45.7584,5.12863
201300005033,13,9,2013,21,3,38,85,1,1,8,6,RTE DE VIENNE,45.7337,5.15832
201300005034,19,10,2013,14,3,38,85,1,1,1,1,,0.0,0.0
201300005035,2,2,2013,8,1,38,344,2,4,1,6,L'ESCALE,45.3686,4.79943
201300005036,28,1,2013,20,5,38,468,2,1,1,3,RTE DE VALENCE,45.3532,4.80218
201300005037,1,2,2013,20,5,38,298,2,2,8,3,7 R J PREVERT,45.3717,4.80077
201300005038,15,2,2013,10,1,38,298,2,1,1,6,D1007B R DE LA REPUBLIQU,45.3724,4.79866
201300005039,16,3,2013,5,2,38,468,1,1,1,1,,0.0,0.0
201300005040,30,3,2013,15,1,38,72,1,1,2,5,,0.0,0.0
201300005041,17,4,2013,17,1,38,344,2,2,1,3,rue gaston monmousseau,0.0,0.0
201300005042,23,4,2013,17,1,38,344,1,1,1,1,MONTEE DE LOUZE,45.3943,4.80637
201300005043,26,4,2013,18,1,38,3,1,1,1,3,,0.0,0.0
201300005044,25,5,2013,21,2,38,344,2,2,8,3,avenue Jacques Pr?vert,0.0,0.0
201300005045,31,5,2013,14,1,38,344,2,1,2,1,Champ Peyraud Sud,0.0,0.0
201300005046,6,6,2013,15,1,38,349,2,1,1,2,42 ROUTE DES ALPES,0.0,0.0
201300005047,25,6,2013,14,1,38,468,1,1,1,2,,0.0,0.0
201300005048,29,7,2013,14,1,38,349,1,1,1,1,,0.0,0.0
201300005049,21,9,2013,18,1,38,3,2,1,1,6,49 route du stade,0.0,0.0
201300005050,25,10,2013,6,1,38,72,1,1,1,1,,0.0,0.0
201300005051,15,11,2013,12,1,38,344,1,1,1,5,,0.0,0.0
201300005052,20,11,2013,9,1,38,344,1,1,4,3,,0.0,0.0
201300005053,22,12,2013,14,1,38,468,1,1,1,7,,0.0,0.0
201300005054,30,7,2013,19,1,38,449,1,1,7,1,,0.0,0.0
201300005055,21,8,2013,8,1,38,537,2,1,1,1,Rue Fran?ois Frandaz,0.0,0.0
201300005056,5,12,2013,14,1,38,449,1,1,1,5,,0.0,0.0
201300005057,25,12,2013,18,3,38,449,1,6,3,3,,0.0,0.0
201300005058,13,4,2013,11,1,42,67,1,1,1,1,,45.34856,4.6055
201300005059,1,5,2013,16,1,42,139,2,1,7,6,1 route de SAINT GENEST,45.28391,4.39505
201300005060,4,6,2013,16,1,42,329,1,1,1,1,,45.32068,4.52298
201300005061,31,1,2013,10,1,42,96,1,1,1,1,,45.5442,4.44633
201300005062,17,4,2013,16,1,42,208,1,1,1,3,,45.5442,4.46084
201300005063,9,5,2013,15,1,42,208,1,1,1,1,,45.55296,4.4912
201300005064,31,8,2013,7,1,42,97,2,1,1,1,Avenue jean faure,45.51031,4.30254
201300005065,6,9,2013,17,1,42,97,1,1,1,1,,45.50828,4.29012
201300005066,5,9,2013,9,3,42,97,1,6,1,3,,45.52239,4.29349
201300005067,25,9,2013,9,3,42,234,1,1,1,6,,45.51368,4.37659
201300005068,6,12,2013,18,5,42,302,2,6,2,1,rue Jean Berthon,45.47803,4.44342
201300005069,11,2,2013,13,1,42,285,1,1,1,1,,45.55944,4.14778
201300005070,17,6,2013,17,1,42,147,2,1,1,6,7 RUE D'ESTIALLET,45.60715,4.05178
201300005071,16,7,2013,20,1,42,179,1,1,1,3,,45.66191,4.04511
201300005072,19,7,2013,13,1,42,180,1,1,1,1,,45.58253,4.17061
201300005073,22,10,2013,13,1,42,285,1,1,1,1,,45.5741,4.12073
201300005074,25,10,2013,17,1,42,147,2,1,1,2,avenue paul cezanne,45.61234,4.05562
201300005075,16,11,2013,18,3,42,147,1,1,1,3,,45.59071,4.08988
201300005076,9,12,2013,7,1,42,147,2,1,1,6,Rue de Beauregard,45.60965,4.05863
201300005077,9,12,2013,18,5,42,147,2,1,1,2,Avenue d'Allard,45.012,4.098
201300005078,14,12,2013,8,1,42,299,1,1,9,6,,45.63992,4.0993
201300005079,19,2,2013,19,5,42,304,2,1,1,3,Route de la devalla,45.54173,4.17751
201300005080,7,4,2013,3,3,42,75,2,1,1,6,CHEMIN DE LA LIVOTTE,45.58462,4.22941
201300005081,7,4,2013,16,1,42,22,1,1,1,6,,45.52582,4.22914
201300005082,11,5,2013,19,1,42,304,2,1,1,1,rue Gambetta,45.544,4.183
201300005083,17,5,2013,14,1,42,22,2,1,3,1,avenue de st rambert,45.51795,4.22424
201300005084,17,6,2013,8,1,42,5,2,6,1,6,AVENUE DE SAINT ETIENNE,45.52617,4.27016
201300005085,4,7,2013,8,1,42,5,2,1,1,3,AVENUE BENOIT FOURNEYRON,0.0,0.0
201300005086,18,8,2013,21,5,42,5,2,1,1,6,avenue Helene Boucher,45.53878,4.28629
201300005087,20,8,2013,16,1,42,22,2,1,1,3,9 avenue de ST RAMBERT,45.51953,4.22129
201300005088,6,9,2013,7,1,42,22,2,1,1,6,14 av de St Rambert,45.52185,4.21666
201300005089,9,9,2013,5,3,42,5,2,1,1,3,CD 100,45.53492,4.30523
201300005090,10,9,2013,14,1,42,22,2,1,1,6,RD8 avenue de st rambert,45.52181,4.2171
201300005091,8,9,2013,15,1,42,75,1,9,3,1,,45.58283,4.24387
201300005092,13,9,2013,15,1,42,304,1,1,1,5,,45.53226,4.15428
201300005093,17,10,2013,13,1,42,304,2,1,1,2,route de Sanzieux,45.55699,4.18433
201300005094,26,12,2013,9,1,42,22,2,1,1,6,Place du 11 novembre,45.52257,4.21509
201300005095,31,12,2013,20,3,42,39,1,1,1,6,,45.70908,3.86356
201300005096,3,7,2013,10,1,42,136,1,1,1,3,,45.71172,4.03245
201300005097,21,7,2013,11,1,42,19,2,1,1,1,Rue de la plan?te,45.75361,4.01177
201300005098,23,7,2013,18,1,42,288,2,9,1,1,LA FABRIQUE,45.75343,3.97868
201300005099,28,7,2013,15,1,42,19,2,1,1,1,La Fabrique,45.7529,3.98481
201300005100,4,8,2013,10,1,42,109,2,1,1,3,LA GARE,45.77725,3.92954
201300005101,31,8,2013,14,1,42,19,1,1,1,6,,45.75111,4.0246
201300005102,11,9,2013,14,1,42,288,2,1,1,2,La fabrique RD1089/D6,45.75328,3.97848
201300005103,1,10,2013,8,2,42,288,1,1,8,1,,45.76165,3.95549
201300005104,13,10,2013,13,1,42,205,1,2,1,3,,45.071,3.53
201300005105,25,6,2013,17,1,42,335,1,2,1,3,,45.65344,4.36859
201300005106,20,1,2013,19,3,42,94,1,1,2,5,,45.74166,4.19931
201300005107,23,1,2013,18,3,42,297,1,1,1,1,,45.77141,4.26025
201300005108,2,2,2013,19,3,42,296,1,1,2,1,,45.72817,4.29023
201300005109,28,2,2013,12,1,42,65,1,1,1,2,,45.76975,4.21603
201300005110,14,5,2013,17,1,42,88,1,1,1,6,,45.77731,4.21399
201300005111,14,6,2013,12,1,42,88,1,1,1,7,,45.79022,4.2104
201300005112,18,7,2013,14,1,42,155,2,1,1,1,Carrefour D1 / D112,45.80608,4.15613
201300005113,3,8,2013,0,3,42,214,1,1,1,7,,45.66714,4.27514
201300005114,7,9,2013,18,1,42,94,1,1,3,4,,45.73967,4.25609
201300005115,9,11,2013,9,1,42,65,1,1,1,1,,45.75948,4.23416
201300005116,15,11,2013,9,1,42,65,1,1,2,1,,45.7601,4.23531
201300005117,30,11,2013,9,1,42,148,1,1,4,6,,45.83638,4.32542
201300005118,19,12,2013,15,1,42,90,1,1,3,3,,45.76054,4.34216
201300005119,5,2,2013,8,1,42,262,1,1,5,3,,45.3953,4.18072
201300005120,16,5,2013,19,1,42,137,1,1,2,6,,0.0,0.0
201300005121,17,9,2013,12,1,42,142,1,1,1,7,,45.35275,4.03613
201300005122,26,10,2013,23,3,42,21,2,1,1,1,lieu dit Lucenol,45.50244,4.1409
201300005123,11,6,2013,14,1,42,222,2,1,1,3,Rue Dame Noire,45.58622,4.3114
201300005124,14,6,2013,14,1,42,323,1,1,1,4,,45.54672,4.30577
201300005125,5,9,2013,9,1,42,206,1,1,1,3,,45.53607,4.31964
201300005126,22,9,2013,13,1,42,13,1,1,1,3,,45.64394,4.33908
201300005127,26,10,2013,12,1,42,10,2,3,1,3,D11 lieu dit le duret,45.5622,4.37999
201300005128,20,11,2013,19,5,42,323,2,2,4,3,carrefour rue des vernes,45.56961,4.29239
201300005129,5,12,2013,18,5,42,149,2,1,1,3,route de roanne,45.65185,4.23077
201300005130,14,12,2013,20,5,42,81,2,1,1,1,,45.60655,4.25916
201300005131,15,12,2013,15,1,42,13,1,1,1,3,,45.64694,4.30574
201300005132,17,12,2013,15,1,42,81,1,1,1,2,,45.60158,4.28307
201300005133,20,12,2013,14,1,42,59,1,1,1,1,,45.63241,4.40726
201300005134,15,2,2013,19,5,42,168,2,1,1,3,rue des prairies,45.42254,4.67356
201300005135,24,5,2013,20,1,42,272,1,1,1,1,,45.3823,4.73043
201300005136,6,6,2013,21,2,42,56,2,1,1,6,route du Chirat,45.40805,4.73667
201300005137,9,6,2013,10,1,42,124,2,1,1,7,route de maclas cd 503,45.37437,4.70771
201300005138,26,10,2013,19,5,42,168,2,1,1,6,21 rue antoine eyraud,45.41752,4.68048
201300005139,29,1,2013,7,2,42,68,1,9,1,7,,46.03161,4.26307
201300005140,30,5,2013,13,1,42,120,1,3,8,3,,45.98459,3.96162
201300005141,3,6,2013,18,1,42,145,2,1,1,7,rue de la republique,46.03275,4.23482
201300005142,18,7,2013,12,1,42,294,1,1,2,6,,46.01629,4.10988
201300005143,26,7,2013,6,2,42,145,1,1,1,6,,46.04497,4.21956
201300005144,16,8,2013,10,1,42,69,1,1,1,3,,45.98837,4.06081
201300005145,23,8,2013,9,1,42,145,1,1,1,7,,46.03558,4.20941
201300005146,30,9,2013,15,1,42,332,2,6,1,7,Rue Jean Moulin,45.99572,4.03393
201300005147,24,11,2013,1,3,42,166,1,1,1,6,,46.00319,4.10025
201300005148,4,6,2013,8,1,42,254,1,1,1,2,,45.84597,4.19872
201300005149,9,6,2013,12,1,42,171,1,1,1,7,,45.86849,4.12225
201300005150,26,6,2013,0,3,42,181,2,1,1,6,le four ? chaux,45.98533,4.2112
201300005151,26,6,2013,9,1,42,63,1,1,1,7,,45.90596,4.31194
201300005152,23,8,2013,12,1,42,254,1,1,1,5,,45.87256,4.2021
201300005153,2,9,2013,15,1,42,249,1,1,1,4,,45.8846,4.22373
201300005154,15,9,2013,8,1,42,156,1,1,1,6,,45.89362,4.1733
201300005155,22,9,2013,12,1,42,77,1,1,1,1,Ratille,45.91585,4.21821
201300005156,13,12,2013,13,1,42,63,1,1,1,1,,45.9419,4.29141
201300005157,25,12,2013,10,1,42,29,1,1,2,6,,45.82791,4.25572
201300005158,10,5,2013,11,1,42,229,1,1,1,6,,46.18095,4.38297
201300005159,19,5,2013,17,1,42,79,2,1,2,6,LE BOURG,46.1281,4.26073
201300005160,23,5,2013,16,1,42,300,1,1,1,6,,46.10237,4.30441
201300005161,9,6,2013,23,3,42,152,1,1,1,7,,46.09853,4.17453
201300005162,29,6,2013,22,3,42,52,1,1,1,1,,46.174,4.2
201300005163,2,7,2013,16,1,42,152,1,1,1,1,,46.08704,4.16981
201300005164,7,9,2013,9,1,42,141,1,1,2,1,,46.13857,4.25664
201300005165,29,9,2013,9,1,42,177,2,1,1,6,410 route de Briennon,46.14656,4.10382
201300005166,29,11,2013,9,1,42,177,2,1,1,6,889 rue de la R?publique,46.13818,4.10852
201300005167,12,1,2013,15,1,42,226,1,1,5,6,,45.84967,4.12312
201300005168,5,2,2013,17,2,42,230,1,1,4,6,,45.82617,4.02851
201300005169,21,4,2013,16,1,42,230,2,1,1,1,rue de baffy,45.83142,4.0025
201300005170,26,4,2013,15,1,42,230,1,1,3,6,,45.82884,4.02179
201300005171,7,5,2013,14,1,42,248,1,1,1,7,,45.91504,3.84182
201300005172,25,5,2013,19,1,42,230,1,1,1,3,,45.83895,4.01513
201300005173,13,7,2013,15,1,42,314,1,1,1,1,,45.94154,3.79305
201300005174,20,7,2013,9,1,42,106,1,1,1,3,,45.86909,3.9308
201300005175,21,8,2013,16,1,42,4,1,1,1,1,,45.89682,4.02142
201300005176,1,9,2013,8,3,42,255,2,1,1,7,Place de l'?glise,45.87281,3.88509
201300005177,18,11,2013,15,1,42,276,1,1,2,6,,45.9636,3.74366
201300005178,23,5,2013,14,1,73,288,1,2,8,3,Rue du Tillet,45.61533,5.92371
201300005179,22,7,2013,1,3,73,288,1,1,1,6,,45.62298,5.93129
201300005180,18,8,2013,15,1,73,98,2,1,1,1,Lieu-dit le Mas,45.62372,6.00729
201300005181,23,9,2013,15,1,73,288,1,2,1,3,,45.6248,5.9121
201300005182,21,4,2013,5,3,73,238,1,1,1,1,,45.77299,5.86757
201300005183,13,10,2013,9,1,73,263,1,1,8,3,,45.7322,5.0045
201300005184,23,11,2013,17,3,73,30,2,1,1,3,,45.57318,5.97649
201300005185,12,7,2013,14,1,73,5,1,1,1,7,,45.66481,6.09879
201300005186,26,7,2013,16,1,73,5,1,4,1,4,,45.66999,6.09529
201300005187,22,6,2013,17,1,73,73,2,1,1,6,PORTOUT,45.81057,5.81724
201300005188,4,2,2013,12,1,73,171,1,1,1,7,,45.49838,6.04317
201300005189,28,2,2013,19,3,73,118,1,1,9,5,,45.50618,6.02908
201300005190,29,4,2013,6,2,73,18,1,1,1,7,,45.5058,6.07775
201300005191,11,5,2013,19,1,73,151,1,1,1,1,,45.4963,5.99795
201300005192,15,7,2013,13,1,73,118,1,1,1,2,,45.50237,6.03498
201300005193,24,7,2013,15,1,73,84,1,1,1,4,,45.5077,6.02162
201300005194,9,10,2013,9,1,73,151,1,1,1,3,,45.5073,5.9954
201300005195,18,12,2013,11,1,73,159,1,1,1,6,Notre dame la Sallette,45.5653,6.0641
201300005196,30,1,2013,10,1,73,179,2,3,1,3,rue jocelyn,45.60118,5.87199
201300005197,12,4,2013,17,1,73,330,1,1,8,1,,45.70214,5.7918
201300005198,2,6,2013,17,1,73,50,1,1,1,7,,45.68077,5.85049
201300005199,30,10,2013,17,1,73,51,1,2,1,3,,45.6479,5.8647
201300005200,6,7,2013,20,1,73,229,1,2,1,3,,45.45529,5.77345
201300005201,13,7,2013,13,1,73,229,1,1,1,3,,45.45338,5.76995
201300005202,10,8,2013,17,1,73,58,2,9,1,6,Passage niveau n 029,45.54241,5.76059
201300005203,28,8,2013,12,1,73,70,1,1,1,7,,45.63465,5.65591
201300005204,29,8,2013,2,3,73,219,1,1,1,6,,45.55537,5.7859
201300005205,26,9,2013,12,1,73,236,1,1,1,3,,45.60775,5.64428
201300005206,7,4,2013,5,4,73,79,1,1,1,1,,45.55781,6.18086
201300005207,1,7,2013,6,1,73,133,2,1,7,3,les pepins D202,45.53457,6.18337
201300005208,30,10,2013,17,3,73,89,1,1,1,1,,45.5386,6.1321
201300005209,19,7,2013,9,1,73,32,2,1,1,1,,45.62806,6.44678
201300005210,20,7,2013,18,1,73,124,1,1,1,3,,45.65302,6.35634
201300005211,3,8,2013,9,1,73,114,1,1,1,1,,45.8388,6.50785
201300005212,24,9,2013,16,1,73,153,1,1,1,6,,0.0,0.0
201300005213,7,10,2013,2,3,73,262,1,1,1,7,,0.0,0.0
201300005214,13,8,2013,10,1,73,150,2,1,1,1,Route du plan bois,45.55747,6.69259
201300005215,6,2,2013,12,1,73,34,1,1,4,7,,45.71242,6.57187
201300005216,28,5,2013,16,1,73,317,1,1,3,7,,45.73224,6.52211
201300005217,5,7,2013,18,1,73,34,1,3,1,3,,45.71974,6.56734
201300005218,17,8,2013,0,3,73,211,1,1,1,7,,45.7043,6.43065
201300005219,20,11,2013,16,1,73,34,2,1,4,3,avenue des sports,45.61533,6.76894
201300005220,11,12,2013,16,1,73,211,1,1,4,6,,45.7178,6.4539
201300005221,27,12,2013,20,3,73,317,2,1,8,7,Marandaz,45.7266,6.5438
201300005222,23,2,2013,9,1,73,54,1,1,1,6,,45.61936,6.77233
201300005223,22,4,2013,23,3,73,54,2,1,2,1,Arcs 1800,45.57358,6.77627
201300005224,25,5,2013,7,1,73,232,1,1,4,1,,45.58,6.88387
201300005225,1,6,2013,23,3,73,54,2,1,1,6,129 Avenue du M. Leclerc,45.61831,6.77087
201300005226,14,6,2013,18,1,73,285,2,1,1,6,Rue C lestin Freppaz,45.62274,6.79977
201300005227,22,6,2013,0,5,73,54,2,1,1,3,Avenue du Stade - RD1090,45.62188,6.77494
201300005228,3,7,2013,13,1,73,54,1,1,8,7,,45.60246,6.7747
201300005229,10,7,2013,14,1,73,232,1,4,1,3,,45.54308,6.9093
201300005230,29,7,2013,19,1,73,54,2,1,2,6,Arc 1800 route des Espag,45.56274,6.77272
201300005231,6,9,2013,18,1,73,54,1,1,1,1,,45.5997,6.7518
201300005232,8,11,2013,8,1,73,232,1,1,1,1,,45.59607,6.88072
201300005233,20,11,2013,11,1,73,54,2,1,4,6,Avenue Marechal Leclerc,45.61535,6.76893
201300005234,22,3,2013,22,5,73,227,2,1,1,6,,45.43415,6.62596
201300005235,8,8,2013,11,1,73,71,2,9,1,6,ancienne route de BOZEL,45.45503,6.69536
201300005236,7,9,2013,22,5,73,71,2,1,2,7,RD91B,45.45359,6.69259
201300005237,12,12,2013,10,1,73,55,2,1,1,6,rue emile machet,45.4428,6.6422
201300005238,28,5,2013,7,1,73,187,2,4,1,2,RD 990,45.51947,6.48718
201300005239,3,6,2013,6,1,73,115,1,1,1,7,,45.4523,6.50475
201300005240,17,6,2013,11,1,73,248,2,1,1,2,RUE PARC DE LA VANOISE,45.27004,6.36027
201300005241,21,7,2013,20,2,73,248,1,6,1,3,,45.29413,6.35469
201300005242,6,11,2013,12,1,73,261,1,1,8,6,,45.21442,6.47649
201300005243,27,10,2013,5,1,73,68,1,1,1,1,,45.569,6.2205
201300005244,18,1,2013,18,3,73,40,1,1,1,1,,45.31586,6.98392
201300005245,28,4,2013,6,1,73,40,1,4,1,6,,45.30836,6.97618
201300005246,24,5,2013,14,1,73,287,2,1,1,6,Lieu-dit le Fonder,45.26859,6.81471
201300005247,23,7,2013,11,1,73,40,2,1,1,1,Rue du SAINT ESPRIT,0.0,0.0
201300005248,14,1,2013,8,1,73,119,1,1,4,5,,45.19848,6.61268
201300005249,19,3,2013,11,1,73,26,1,1,1,6,,45.20661,6.73564
201300005250,23,7,2013,13,1,73,117,1,1,1,7,,45.19102,6.63993
201300005251,31,7,2013,10,1,73,157,1,1,1,4,,45.2045,6.6849
201300005252,20,8,2013,17,1,73,157,2,6,1,6,Carfour Terres Blanches,45.2022,6.6711
201300005253,24,8,2013,15,1,73,223,1,1,2,6,,45.20026,6.62487
201300005254,8,1,2013,7,2,74,267,1,1,1,3,,0.0,0.0
201300005255,2,4,2013,14,1,74,108,1,1,1,7,Piste cyclable,0.0,0.0
201300005256,7,4,2013,0,3,74,275,1,1,1,6,ECHARVINES,0.0,0.0
201300005257,10,5,2013,13,1,74,167,1,1,1,7,,0.0,0.0
201300005258,13,6,2013,13,1,74,242,2,6,1,3,route de la tire,0.0,0.0
201300005259,5,7,2013,15,1,74,267,2,1,1,1,RD 1508,0.0,0.0
201300005260,19,7,2013,22,5,74,104,2,1,1,6,ROUTE DE L'ARCALOD,0.0,0.0
201300005261,30,7,2013,7,1,74,135,1,2,1,3,,0.0,0.0
201300005262,1,8,2013,10,1,74,275,1,1,1,1,BALMETTE,0.0,0.0
201300005263,10,8,2013,8,1,74,242,2,2,1,1,ROUTE DES PECHEURS,0.0,0.0
201300005264,31,8,2013,22,3,74,147,1,1,1,7,CHEMIN DE LA BORNETTE,0.0,0.0
201300005265,8,9,2013,22,3,74,104,2,1,2,7,,0.0,0.0
201300005266,15,9,2013,1,5,74,267,2,1,2,6,1980 ROUTE D'ALBERTVILLE,0.0,0.0
201300005267,19,9,2013,16,1,74,275,2,1,1,1,BALMETTE,0.0,0.0
201300005268,11,1,2013,17,3,74,2,1,1,2,6,,0.0,0.0
201300005269,11,7,2013,20,2,74,117,1,1,1,6,ROUTE D'ETERCY,45.901,5.996
201300005270,21,7,2013,3,4,74,142,1,1,1,6,LA VOITURAZ,0.0,0.0
201300005271,5,10,2013,3,3,74,289,1,1,3,7,,0.0,0.0
201300005272,12,10,2013,14,1,74,225,2,1,2,3,BOULEVARD DE L'EUROPE,0.0,0.0
201300005273,17,10,2013,18,1,74,225,2,1,1,3,11 RUE RENE CASSIN,0.0,0.0
201300005274,8,12,2013,10,1,74,255,1,1,1,6,,0.0,0.0
201300005275,31,10,2013,0,5,74,280,2,1,1,6,LE GRAND BORNAND,0.0,0.0
201300005276,24,11,2013,1,3,74,80,2,1,1,6,,0.0,0.0
201300005277,9,2,2013,1,5,74,42,1,1,8,2,,0.0,0.0
201300005278,2,4,2013,17,1,74,212,2,1,1,1,CD 12 - Tour du Bargy,0.0,0.0
201300005279,27,4,2013,18,1,74,42,1,1,3,6,,0.0,0.0
201300005280,16,5,2013,14,1,74,42,1,1,1,7,,46.117,6.36
201300005281,17,5,2013,11,1,74,42,1,1,8,2,,46.078,6.417
201300005282,13,6,2013,12,1,74,42,1,1,1,1,,0.0,0.0
201300005283,21,6,2013,18,1,74,42,2,1,1,6,2 AVENUE DES GLIERES,0.0,0.0
201300005284,12,7,2013,11,1,74,42,2,6,1,3,ROND POINT IUFM,46.085,6.396
201300005285,20,7,2013,15,1,74,42,1,1,1,6,,0.0,0.0
201300005286,20,7,2013,21,2,74,87,2,3,1,3,RD 1205 / BLANCHARD,0.0,0.0
201300005287,14,8,2013,11,1,74,212,1,1,1,3,LA VILLE,45.969,6.386
201300005288,2,10,2013,21,5,74,24,1,1,1,3,,0.0,0.0
201300005289,15,10,2013,22,5,74,42,2,1,2,2,78 AVENUE DE PONTCHY,0.0,0.0
201300005290,10,11,2013,11,1,74,42,2,1,1,6,PLACE DE L'HOTEL DE VILL,46.084,6.407
201300005291,30,6,2013,15,1,74,56,1,1,1,7,,0.0,0.0
201300005292,7,7,2013,22,3,74,56,1,1,1,3,CHEMIN DES TISSIERES,0.0,0.0
201300005293,5,8,2013,10,1,74,56,2,1,1,6,909  ROUTE DES PELERINS,0.0,0.0
201300005294,2,10,2013,16,1,74,290,2,1,1,6,LES LIERRES,0.0,0.0
201300005295,5,11,2013,19,5,74,56,2,1,2,6,ALLEE RECTEUR PAYOT,0.0,0.0
201300005296,25,1,2013,10,1,74,83,1,1,1,6,ROUTE DE LA BARME,0.0,0.0
201300005297,1,4,2013,8,1,74,215,2,1,1,3,route de megeve,0.0,0.0
201300005298,8,7,2013,19,1,74,236,1,1,3,7,CHEMIN DES CHEVREUILS,0.0,0.0
201300005299,17,10,2013,18,2,74,236,1,1,9,1,,0.0,0.0
201300005300,18,12,2013,13,1,74,173,2,1,1,2,721 Route Nationale,0.0,0.0
201300005301,16,2,2013,22,5,74,7,1,1,1,1,,0.0,0.0
201300005302,18,2,2013,16,1,74,224,2,6,1,6,Rond point candello,0.0,0.0
201300005303,16,3,2013,4,3,74,250,1,3,1,5,,0.0,0.0
201300005304,17,4,2013,9,1,74,224,2,1,1,6,Avenue de la Gare,0.0,0.0
201300005305,18,6,2013,9,1,74,7,1,1,1,3,Route de Bonneville,0.0,0.0
201300005306,22,6,2013,20,1,74,250,2,1,1,3,476 rue de Blansin,0.0,0.0
201300005307,21,6,2013,18,1,74,224,2,3,1,1,FBG ST MARTIN/BERGERIE,0.0,0.0
201300005308,20,7,2013,16,1,74,244,2,3,1,3,ROUTE ANCIENNE POSTE,0.0,0.0
201300005309,19,11,2013,9,1,74,250,2,1,8,3,1101 rue des crets,0.0,0.0
201300005310,2,5,2013,14,1,74,256,2,6,1,1,carrefour de l'Europe,0.0,0.0
201300005311,14,6,2013,17,1,74,256,2,1,1,1,AVENUE ALBERT GRUFFAT,0.0,0.0
201300005312,22,6,2013,9,1,74,256,2,9,1,3,1420 AV ANDRE LASQUI,0.0,0.0
201300005313,21,8,2013,15,1,74,256,2,3,1,3,RUE DES ANCIENS COM AFDN,0.0,0.0
201300005314,8,9,2013,20,5,74,256,1,6,3,1,,0.0,0.0
201300005315,27,11,2013,12,1,74,208,1,1,1,1,,0.0,0.0
201300005316,23,12,2013,14,1,74,256,2,1,1,2,ANCIENNE ROUTE IMPERIALE,0.0,0.0
201300005317,18,3,2013,12,1,74,183,1,1,2,7,,46.121,6.552
201300005318,8,4,2013,21,3,74,276,1,1,1,2,,46.103,6.648