Num_Acc,jour,mois,an,hr,condition_eclairage,departement,commune,condition_agglomeration,intersection,condition_atmosphere,type_collision,adresse,lattitude,longitude
201300005319,15,6,2013,14,1,74,276,1,1,1,1,,46.128,6.623
201300005320,29,6,2013,18,1,74,223,1,1,3,5,,46.109,6.623
201300005321,12,7,2013,16,1,74,183,1,1,1,1,,46.172,6.496
201300005322,24,8,2013,5,3,74,276,1,1,1,6,,46.126,6.62
201300005323,23,8,2013,17,1,74,183,1,1,1,7,,46.116,6.557
201300005324,26,8,2013,19,1,74,273,1,1,1,7,,46.062,6.752
201300005325,7,1,2013,23,5,74,243,2,2,1,6,avenue louis armand,46.145,6.081
201300005326,6,10,2013,12,1,74,243,2,2,1,3,,0.0,0.0
201300005327,4,10,2013,7,2,74,243,1,3,3,3,,46.147,6.107
201300005328,21,10,2013,15,1,74,201,2,1,1,7,chemin rural de  Creuse,46.125,6.102
201300005329,18,2,2013,9,1,74,21,2,3,1,3,,0.0,0.0
201300005330,21,4,2013,7,1,74,94,1,1,1,1,,0.0,0.0
201300005331,3,7,2013,15,1,74,128,2,1,8,3,PONT DE FILLINGES,0.0,0.0
201300005332,8,7,2013,11,1,74,220,1,1,1,7,,0.0,0.0
201300005333,25,7,2013,8,2,74,229,1,1,1,1,,0.0,0.0
201300005334,28,7,2013,2,3,74,94,1,1,1,1,,0.0,0.0
201300005335,2,8,2013,0,3,74,15,1,3,1,3,456 ROUTE CHEZ LE MAGNIN,0.0,0.0
201300005336,20,9,2013,16,1,74,220,2,3,1,6,IMPASSE DU BREVENT,0.0,0.0
201300005337,20,11,2013,6,3,74,211,1,1,4,6,,0.0,0.0
201300005338,29,11,2013,22,3,74,211,1,1,1,6,1951 ROUTE D'ARBUSIGNY,0.0,0.0
201300005339,1,12,2013,5,3,74,94,1,1,1,2,,0.0,0.0
201300005340,10,1,2013,9,1,74,9,1,1,5,3,,0.0,0.0
201300005341,19,6,2013,17,1,74,52,2,1,1,3,,46.077,6.027
201300005342,17,7,2013,15,1,74,309,1,1,1,5,,0.0,0.0
201300005343,27,8,2013,12,1,74,314,2,1,1,6,,0.0,0.0
201300005344,15,10,2013,6,2,74,309,1,1,1,1,,46.146,6.009
201300005345,12,10,2013,22,5,74,69,1,2,3,3,,0.0,0.0
201300005346,28,10,2013,17,1,74,309,1,1,1,4,,0.0,0.0
201300005347,11,12,2013,19,3,74,88,1,1,1,3,,0.0,0.0
201300005348,27,12,2013,0,5,74,9,2,1,1,3,Lieu-dit Jussy,0.0,0.0
201300005349,17,9,2013,15,1,74,68,1,1,3,3,,0.0,0.0
201300005350,16,11,2013,15,1,74,269,2,1,1,6,RUE DE SAVOIE,0.0,0.0
201300005351,8,12,2013,15,1,74,269,1,1,1,7,,0.0,0.0
201300005352,8,12,2013,16,1,74,269,1,1,9,1,,0.0,0.0
201300005353,5,1,2013,22,3,74,63,2,1,1,6,LE CLOS DE LA TOUR,46.271,6.836
201300005354,10,1,2013,18,5,74,58,2,1,4,1,,0.0,0.0
201300005355,25,1,2013,12,1,74,73,1,1,1,7,,46.339,6.64
201300005356,28,1,2013,11,1,74,1,1,1,1,1,,46.286,6.73
201300005357,28,3,2013,7,1,74,1,1,1,1,1,lieu-dit Richebourg,46.294,6.75
201300005358,2,4,2013,16,1,74,1,2,1,1,6,Richebourg,46.294,6.753
201300005359,28,4,2013,16,1,74,1,1,1,8,1,,0.0,0.0
201300005360,16,6,2013,21,2,74,286,1,1,1,7,,46.331,6.67
201300005361,10,11,2013,21,4,74,63,2,1,4,1,ROUTE DE VONNES,0.0,0.0
201300005362,27,11,2013,18,3,74,1,2,1,1,6,Chef lieu ABONDANCE,46.286,6.724
201300005363,30,11,2013,15,1,74,286,1,1,4,3,,46.325,6.673
201300005364,30,12,2013,11,1,74,41,1,1,7,1,,46.306,6.675
201300005365,4,7,2013,17,1,74,301,1,1,1,6,,0.0,0.0
201300005366,5,10,2013,8,1,74,226,1,1,1,5,,0.0,0.0
201300005367,19,10,2013,3,1,74,38,1,1,1,6,,0.0,0.0
201300005368,17,11,2013,7,2,74,226,1,1,1,6,,0.0,0.0
201300005369,30,10,2013,9,1,74,293,1,1,1,6,2525 ROUTE DES VOIRONS,46.273,6.281
201300005370,5,1,2013,18,3,74,166,1,1,1,6,,0.0,0.0
201300005371,24,2,2013,2,3,74,249,1,1,4,6,D.52 lieu-dit La Beunaz,46.374,6.648
201300005372,9,7,2013,7,1,74,249,2,1,1,1,LIEU DIT LYONNET,0.0,0.0
201300005373,26,8,2013,18,1,74,146,1,1,1,6,CRE BOUCHE,0.0,0.0
201300005374,3,9,2013,8,1,74,166,2,4,1,3,CD32,0.0,0.0
201300005375,18,12,2013,12,1,74,218,2,1,5,1,1460 route du Gavot,0.0,0.0
201300005376,27,2,2013,8,1,63,307,1,1,1,3,,0.0,0.0
201300005377,24,3,2013,23,3,63,42,2,1,1,6,Route de Nohanent,0.0,0.0
201300005378,14,6,2013,19,1,63,141,1,1,1,3,,45.78795,3.0522
201300005379,3,12,2013,17,3,63,307,1,1,1,6,,0.0,0.0
201300005380,19,2,2013,16,1,63,168,1,1,1,6,,45.72857,3.35536
201300005381,24,5,2013,16,1,63,40,2,1,1,6,chemin de la planchette,45.732,3.348
201300005382,30,5,2013,15,1,63,239,1,1,2,7,,45.689,3.347
201300005383,7,6,2013,8,1,63,273,1,1,1,1,,45.742,3.23
201300005384,23,6,2013,11,1,63,40,1,1,1,1,,0.0,0.0
201300005385,6,8,2013,12,1,63,438,1,2,1,3,,45.717,3.466
201300005386,16,8,2013,13,1,63,96,1,1,1,5,,45.725,3.301
201300005387,29,8,2013,7,1,63,226,1,1,1,6,,45.76,3.236
201300005388,7,9,2013,7,1,63,453,1,1,2,6,,0.0,0.0
201300005389,26,9,2013,13,1,63,273,1,1,1,3,,45.733,3.218
201300005390,28,9,2013,17,1,63,368,1,1,1,3,,45.708,3.312
201300005391,19,10,2013,7,1,63,106,2,7,1,6,place Lafayette,45.755,3.281
201300005392,27,11,2013,10,1,63,334,1,1,9,6,,45.676,3.486
201300005393,16,12,2013,5,3,63,146,1,1,1,6,,0.0,0.0
201300005394,18,12,2013,21,3,63,273,1,1,6,1,,45.732,3.239
201300005395,23,12,2013,13,1,63,168,1,1,1,7,,0.0,0.0
201300005396,29,1,2013,10,1,63,279,1,1,3,7,,0.0,0.0
201300005397,17,2,2013,8,2,63,192,2,1,7,6,D645,0.0,0.0
201300005398,16,8,2013,17,1,63,397,1,1,1,3,,0.0,0.0
201300005399,28,5,2013,16,1,63,263,2,9,1,3,route des domes,0.0,0.0
201300005400,15,6,2013,17,1,63,263,2,1,7,6,route du Puy de D?me,0.0,0.0
201300005401,3,9,2013,19,1,63,307,1,1,1,3,,0.0,0.0
201300005402,29,10,2013,15,1,63,263,1,1,2,6,,45.786,3.036
201300005403,17,1,2013,18,3,63,204,1,1,1,7,,0.0,0.0
201300005404,30,1,2013,19,5,63,284,2,1,1,1,avenue de lyon,45.796,3.264
201300005405,21,2,2013,18,2,63,284,1,1,1,4,,0.0,0.0
201300005406,15,4,2013,17,3,63,284,2,1,1,6,57 avenue  de riom,45.80615,3.24473
201300005407,23,4,2013,17,1,63,133,1,1,1,3,,45.77902,3.24854
201300005408,5,6,2013,20,1,63,133,2,1,1,1,RUE  DE PONT DU CHATEAU,0.0,0.0
201300005409,10,6,2013,17,1,63,284,2,1,1,1,CHEMIN DES PALISSES,0.0,0.0
201300005410,27,6,2013,19,1,63,284,2,1,1,3,av roger coulon/clermont,0.0,0.0
201300005411,21,9,2013,19,2,63,213,1,1,1,5,,0.0,0.0
201300005412,7,10,2013,15,1,63,284,2,1,1,2,AVENUE DE CLERMONT,0.0,0.0
201300005413,11,10,2013,12,1,63,284,2,1,1,3,,0.0,0.0
201300005414,3,12,2013,18,5,63,284,2,1,1,6,41 avenue de lyon,45.79069,3.26381
201300005415,6,3,2013,8,1,63,305,2,1,2,6,Place de la fontaine,45.68417,2.80478
201300005416,31,3,2013,1,3,63,326,2,1,4,6,"Lieu-dit ""Villejacques""",45.719,2.863
201300005417,30,4,2013,16,1,63,305,1,1,1,6,,0.0,0.0
201300005418,12,1,2013,3,4,63,227,2,1,1,7,Rue du champ de la reine,0.0,0.0
201300005419,31,1,2013,12,1,63,214,1,1,1,3,,0.0,0.0
201300005420,11,2,2013,5,3,63,457,1,1,2,7,,45.653,3.252
201300005421,12,7,2013,9,1,63,280,1,1,1,6,,45.645,3.3
201300005422,12,7,2013,6,2,63,315,1,3,1,3,,0.0,0.0
201300005423,22,10,2013,12,1,63,302,1,1,1,3,,0.0,0.0
201300005424,27,10,2013,18,4,63,306,1,1,1,1,,0.0,0.0
201300005425,4,11,2013,6,3,63,282,2,1,1,7,CD 978,0.0,0.0
201300005426,17,11,2013,4,3,63,425,1,1,1,6,,0.0,0.0
201300005427,21,11,2013,16,2,63,205,1,1,4,6,,0.0,0.0
201300005428,18,12,2013,5,3,63,126,1,1,1,3,,45.676,3.138
201300005429,7,1,2013,17,1,63,256,1,1,8,6,,0.0,0.0
201300005430,31,3,2013,6,5,63,179,2,1,5,6,Le bourg,0.0,0.0
201300005431,15,5,2013,13,1,63,3,2,9,3,1,CD 906 PK 25+400,0.0,0.0
201300005432,19,5,2013,17,1,63,211,1,1,2,7,,0.0,0.0
201300005433,29,5,2013,15,1,63,81,1,1,1,6,,45.526,3.715
201300005434,4,6,2013,14,1,63,179,1,1,1,6,,45.638,3.74
201300005435,9,6,2013,15,1,63,3,1,1,1,6,,45.583,3.738
201300005436,10,6,2013,16,1,63,3,2,1,1,3,AVENUE DE LYON,45.553,3.743
201300005437,21,6,2013,11,1,63,3,2,1,1,1,,0.0,0.0
201300005438,6,8,2013,16,1,63,10,2,1,3,1,Lieu-dit LOUMAS,45.418,3.72
201300005439,18,8,2013,7,2,63,10,1,1,5,6,,0.0,0.0
201300005440,21,8,2013,1,5,63,3,2,1,1,6,Avenue du Dr CHASSAING,0.0,0.0
201300005441,13,9,2013,17,1,63,3,1,1,1,6,,45.54,3.785
201300005442,17,12,2013,8,2,63,3,2,1,9,6,Boulevard de l'Europe,0.0,0.0
201300005443,22,3,2013,18,1,63,23,1,3,1,3,,0.0,0.0
201300005444,15,6,2013,18,1,63,454,2,3,1,1,CD268A,0.0,0.0
201300005445,30,6,2013,15,1,63,23,1,1,1,6,,0.0,0.0
201300005446,25,10,2013,17,1,63,258,2,1,1,1,RD 906,0.0,0.0
201300005447,23,2,2013,17,1,63,122,1,1,4,6,,0.0,0.0
201300005448,24,4,2013,16,1,63,275,2,1,1,6,rue du chateau,0.0,0.0
201300005449,14,6,2013,12,1,63,403,1,1,1,6,,0.0,0.0
201300005450,19,6,2013,10,1,63,380,1,2,2,3,,0.0,0.0
201300005451,21,6,2013,13,1,63,178,2,1,1,6,CD 716,45.526,3.252
201300005452,25,7,2013,20,2,63,178,1,1,1,7,,0.0,0.0
201300005453,1,9,2013,5,3,63,321,1,1,1,6,,0.0,0.0
201300005454,4,10,2013,10,1,63,178,2,1,3,7,36 route de Parentignat,45.54213,3.26077
201300005455,7,11,2013,17,3,63,222,1,1,1,1,,0.0,0.0
201300005456,3,12,2013,10,1,63,178,2,1,9,6,bld de la Sous-Prefectur,45.54139,3.24863
201300005457,14,4,2013,15,1,63,77,1,1,1,3,,0.0,0.0
201300005458,14,4,2013,18,1,63,77,1,1,1,6,,0.0,0.0
201300005459,25,6,2013,15,1,63,117,1,1,8,7,,0.0,0.0
201300005460,2,7,2013,20,2,63,144,1,1,1,7,,0.0,0.0
201300005461,21,7,2013,18,1,63,38,1,1,1,6,,0.0,0.0
201300005462,26,7,2013,14,1,63,279,1,1,1,7,,0.0,0.0
201300005463,23,6,2013,16,1,63,448,1,1,1,6,,45.481,3.445
201300005464,21,8,2013,10,1,63,287,1,1,1,3,,45.529,3.293
201300005465,18,2,2013,15,1,63,209,1,1,1,6,,45.49,3.16
201300005466,13,6,2013,16,1,63,52,1,1,3,3,,45.478,3.263
201300005467,1,7,2013,7,1,63,313,1,1,7,1,,45.393,2.99
201300005468,26,8,2013,7,1,63,52,1,1,1,3,,0.0,0.0
201300005469,18,10,2013,20,5,63,352,2,1,1,3,Route d'Ardes,0.0,0.0
201300005470,24,4,2013,17,1,63,99,2,1,1,1,RUE ANTOINE LANNES,0.0,0.0
201300005471,31,7,2013,8,1,63,470,1,1,1,6,,0.0,0.0
201300005472,7,9,2013,18,1,63,470,1,1,2,1,,0.0,0.0
201300005473,14,9,2013,17,1,63,470,1,1,2,7,,45.878,3.004
201300005474,20,9,2013,18,1,63,92,1,1,1,4,,0.0,0.0
201300005475,24,9,2013,17,1,63,470,1,9,1,6,,45.937,3.02
201300005476,12,10,2013,14,1,63,42,1,2,2,3,,0.0,0.0
201300005477,13,11,2013,6,2,63,470,1,1,1,5,,45.872,3.032
201300005478,5,12,2013,8,1,63,99,2,1,1,3,13 rue de C?bazat,45.84837,3.09271
201300005479,14,1,2013,4,4,63,1,1,1,4,7,,0.0,0.0
201300005480,25,5,2013,16,1,63,295,1,1,1,7,,0.0,0.0
201300005481,16,6,2013,20,1,63,295,1,8,1,1,,46.01174,3.36395
201300005482,11,7,2013,14,1,63,332,1,1,1,6,,0.0,0.0
201300005483,18,7,2013,10,1,63,148,1,2,1,1,,0.0,0.0
201300005484,31,7,2013,10,1,63,112,1,3,1,3,,45.937,3.233
201300005485,2,8,2013,20,1,63,362,1,1,1,7,,45.927,3.245
201300005486,30,8,2013,1,3,63,112,1,1,1,6,,45.92,3.187
201300005487,14,9,2013,20,5,63,295,2,1,2,3,22 AVENUE DE VICHY,46.02072,3.35483
201300005488,4,10,2013,18,1,63,400,2,1,3,1,Beauvezet,0.0,0.0
201300005489,5,12,2013,11,1,63,322,1,6,8,3,,0.0,0.0
201300005490,8,12,2013,16,2,63,332,1,1,8,1,,45.997,3.279
201300005491,15,12,2013,16,1,63,400,1,1,7,1,,46.066,3.406
201300005492,22,11,2013,21,3,63,55,1,1,4,7,,45.82,2.837
201300005493,8,1,2013,9,1,63,11,1,1,5,5,,0.0,0.0
201300005494,9,3,2013,9,1,63,338,1,1,1,6,,0.0,0.0
201300005495,3,5,2013,15,1,63,223,1,1,1,1,,0.0,0.0
201300005496,8,9,2013,16,1,63,338,1,1,2,3,,0.0,0.0
201300005497,6,10,2013,0,3,63,223,1,1,1,6,,0.0,0.0
201300005498,9,10,2013,11,1,63,233,1,1,1,6,,0.0,0.0
201300005499,5,11,2013,18,5,63,430,2,1,2,5,06 Avenue de la Gare,45.86011,3.54499
201300005500,19,11,2013,16,1,63,151,1,1,3,1,,0.0,0.0
201300005501,26,1,2013,14,1,63,195,1,1,1,6,,0.0,0.0
201300005502,5,2,2013,10,1,63,125,1,1,1,2,,0.0,0.0
201300005503,5,4,2013,18,1,63,364,2,1,1,5,D2089 - lieu dit la Mais,45.864,3.516
201300005504,19,10,2013,18,2,63,469,1,1,1,6,,45.801,3.608
201300005505,19,10,2013,23,4,63,195,2,2,1,3,RD 2089 - rue St Martin,45.829,3.388
201300005506,10,11,2013,13,1,63,265,1,1,2,6,,0.0,0.0
201300005507,9,11,2013,10,1,63,195,1,1,1,5,,0.0,0.0
201300005508,11,4,2013,21,3,63,102,2,1,2,6,Rue de l'Olli?re,45.98,3.52
201300005509,27,5,2013,2,3,63,180,2,1,1,7,D1093,45.876,3.305
201300005510,30,6,2013,18,1,63,102,1,1,1,6,,45.993,3.536
201300005511,15,9,2013,6,2,63,210,2,1,2,1,Les Goslards,45.922,3.352
201300005512,26,9,2013,18,1,63,128,1,1,7,7,,0.0,0.0
201300005513,30,10,2013,16,1,63,291,1,1,7,3,,0.0,0.0
201300005514,21,11,2013,12,1,63,128,1,1,4,6,,0.0,0.0
201300005515,15,3,2013,14,1,03,15,1,1,1,6,,0.0,0.0
201300005516,2,5,2013,21,3,03,316,1,1,2,3,,0.0,0.0
201300005517,25,5,2013,19,1,03,121,1,1,1,3,,0.0,0.0
201300005518,10,8,2013,21,3,03,286,1,1,1,1,,0.0,0.0
201300005519,15,8,2013,0,3,03,286,1,1,1,3,,0.0,0.0
201300005520,10,9,2013,19,2,03,286,1,1,1,7,,0.0,0.0
201300005521,12,1,2013,13,1,03,36,1,1,2,7,,46.546,3.023
201300005522,26,6,2013,6,1,03,46,1,1,1,1,,0.0,0.0
201300005523,14,8,2013,19,2,03,198,1,1,1,2,,46.747,2.967
201300005524,25,10,2013,19,3,03,251,1,1,1,7,,0.0,0.0
201300005525,19,12,2013,16,1,03,36,2,1,1,7,,0.0,0.0
201300005526,10,1,2013,2,3,03,102,1,1,2,1,,0.0,0.0
201300005527,18,1,2013,22,3,03,173,1,1,9,1,,0.0,0.0
201300005528,5,7,2013,12,1,03,265,1,1,1,2,,46.453,3.745
201300005529,29,9,2013,7,2,03,102,2,1,8,3,carrefour RD480 RD779,46.525,3.682
201300005530,21,11,2013,5,3,03,86,1,1,2,7,,0.0,0.0
201300005531,9,12,2013,12,1,03,173,1,9,1,1,,46.46,3.92
201300005532,2,1,2013,14,1,03,283,1,1,1,1,,46.538,3.597
201300005533,8,1,2013,7,3,03,203,1,1,1,6,,46.632,3.615
201300005534,2,5,2013,16,1,03,197,2,1,1,1,24 chemin de la P?pie,46.466,3.419
201300005535,27,7,2013,8,1,03,283,1,1,1,6,,46.53,3.549
201300005536,30,8,2013,19,1,03,197,1,1,1,3,,46.526,3.488
201300005537,9,9,2013,12,1,03,283,1,1,1,1,,46.559,3.616
201300005538,14,10,2013,2,3,03,180,1,1,1,1,,46.516,3.455
201300005539,4,11,2013,5,3,03,283,1,1,1,6,,46.54,3.55
201300005540,23,12,2013,9,1,03,263,1,1,1,3,,46.419,3.512
201300005541,25,1,2013,18,2,03,53,2,1,1,6,rue de la mont suzette,46.24,3.153
201300005542,12,2,2013,19,3,03,59,1,3,2,3,,0.0,0.0
201300005543,20,5,2013,19,1,03,227,2,1,8,6,Route de Vichy,46.229,3.344
201300005544,16,7,2013,17,1,03,254,2,1,1,1,57 boulevard ledru rolli,46.313,3.29
201300005545,20,10,2013,6,5,03,254,2,6,1,3,rue de la moutte,0.0,0.0
201300005546,20,11,2013,15,2,03,254,2,1,8,6,Pont Charles DE GAULLE,0.0,0.0
201300005547,18,1,2013,20,3,03,183,2,1,4,5,laly,46.413,3.049
201300005548,30,1,2013,1,3,03,247,1,1,8,6,,46.6,3.117
201300005549,21,3,2013,18,1,03,170,1,1,1,6,,46.526,3.104
201300005550,8,6,2013,14,1,03,26,1,1,1,6,,46.503,3.248
201300005551,13,7,2013,14,1,03,2,1,1,1,1,,46.602,3.157
201300005552,31,10,2013,15,1,03,292,2,2,1,3,route de treban,46.424,3.073
201300005553,8,1,2013,8,2,03,217,1,1,5,5,,46.376,2.695
201300005554,21,2,2013,16,1,03,128,2,1,1,7,25 Grand Rue 03380 HURIE,0.0,0.0
201300005555,16,3,2013,12,1,03,301,1,1,1,3,,46.44,2.593
201300005556,29,4,2013,14,1,03,217,1,1,1,6,,46.359,2.689
201300005557,6,6,2013,8,1,03,55,1,1,1,1,,0.0,0.0
201300005558,16,6,2013,18,1,03,128,1,2,1,3,,0.0,0.0
201300005559,13,7,2013,22,2,03,195,1,1,1,5,,0.0,0.0
201300005560,27,8,2013,13,1,03,217,1,1,8,7,,0.0,0.0
201300005561,21,9,2013,19,2,03,305,1,1,1,6,,0.0,0.0
201300005562,14,10,2013,8,1,03,195,1,1,8,3,,0.0,0.0
201300005563,1,12,2013,0,3,03,185,1,1,8,1,,46.298,2.653
201300005564,2,2,2013,1,3,03,48,1,1,3,6,,0.0,0.0
201300005565,12,2,2013,5,3,03,48,1,1,1,7,,0.0,0.0
201300005566,25,7,2013,18,1,03,193,2,1,7,1,rue des ch?nes,0.0,0.0
201300005567,18,8,2013,12,1,03,41,1,1,1,7,,0.0,0.0
201300005568,6,9,2013,11,1,03,221,1,1,1,1,,0.0,0.0
201300005569,1,7,2013,21,1,03,82,1,6,1,6,,0.0,0.0
201300005570,22,7,2013,1,3,03,58,1,1,1,6,,0.0,0.0
201300005571,16,1,2013,12,1,03,264,1,1,1,6,,0.0,0.0
201300005572,8,8,2013,14,1,03,304,2,1,1,6,35 rue des Landes,46.172,3.348
201300005573,25,9,2013,11,1,03,271,1,1,1,6,,0.0,0.0
201300005574,7,12,2013,5,3,03,264,1,1,5,6,,0.0,0.0
201300005575,28,12,2013,13,1,03,271,1,1,2,7,,46.1,3.35
201300005576,21,4,2013,14,1,03,107,1,1,1,6,,0.0,0.0
201300005577,4,9,2013,1,3,03,311,1,1,1,7,,0.0,0.0
201300005578,27,8,2013,14,1,03,107,1,1,2,7,,46.123,3.059
201300005579,31,10,2013,19,3,03,107,1,1,1,6,,46.119,3.059
201300005580,6,3,2013,17,1,03,71,1,1,2,3,,46.353,3.579
201300005581,15,5,2013,16,1,03,138,1,1,3,1,,46.246,3.613
201300005582,22,6,2013,15,1,03,28,1,1,1,7,,46.229,3.583
201300005583,31,7,2013,19,1,03,165,1,1,1,1,,0.0,0.0
201300005584,14,9,2013,4,3,03,6,1,1,1,6,,0.0,0.0
201300005585,26,1,2013,17,2,03,298,2,1,2,1,rue Claude Labonde,46.319,3.399
201300005586,31,8,2013,1,3,03,266,1,1,1,6,,46.242,3.484
201300005587,7,11,2013,8,1,03,298,1,1,1,1,,0.0,0.0
201300005588,9,1,2013,8,1,15,83,2,1,5,6,RUE DESRAUX,44.991,2.422
201300005589,16,8,2013,20,2,15,189,2,1,1,1,le bourg,0.0,0.0
201300005590,25,9,2013,16,1,15,175,2,1,1,3,rue des theils,0.0,0.0
201300005591,14,10,2013,16,1,15,267,1,1,1,7,,44.941,2.405
201300005592,18,11,2013,15,1,15,143,1,1,2,6,,44.981,2.226
201300005593,4,12,2013,14,1,15,189,1,1,9,5,,44.948,2.198
201300005594,14,4,2013,14,1,15,89,2,1,1,7,Le Haut Bourg,44.76,2.505
201300005595,30,1,2013,7,1,15,215,1,1,1,2,,0.0,0.0
201300005596,29,5,2013,16,1,15,215,1,1,2,3,,0.0,0.0
201300005597,14,6,2013,18,1,15,154,2,1,1,2,,0.0,0.0
201300005598,18,9,2013,20,3,15,258,1,1,9,6,,0.0,0.0
201300005599,4,10,2013,11,1,15,258,2,1,8,6,20 Avenue Max Mabit Four,44.982,2.626
201300005600,4,11,2013,19,5,15,255,2,1,3,1,LOURADOU,44.905,2.512
201300005601,5,8,2013,3,3,15,3,1,1,1,7,,45.195,2.333
201300005602,27,2,2013,19,2,15,124,1,1,1,6,,45.306,2.609
201300005603,14,4,2013,13,1,15,246,1,1,1,7,,45.277,2.607
201300005604,29,6,2013,18,2,15,190,1,1,3,6,,45.245,2.723
201300005605,15,8,2013,12,1,15,110,1,1,1,7,,45.265,2.75
201300005606,18,8,2013,17,1,15,162,2,9,1,6,05 rue du 08 mai 1945,45.286,2.663
201300005607,8,2,2013,13,1,15,202,1,1,8,1,,45.126,2.434
201300005608,10,5,2013,10,1,15,186,1,1,1,1,,45.11,2.393
201300005609,2,6,2013,17,1,15,219,2,1,1,7,rue de la martille,45.142,2.493
201300005610,18,9,2013,15,1,15,202,1,1,2,1,,0.0,0.0
201300005611,4,11,2013,14,1,15,205,1,1,5,6,,0.0,0.0
201300005612,15,9,2013,10,1,15,37,1,1,8,6,,45.36,2.409
201300005613,11,10,2013,10,1,15,111,1,6,8,7,,0.0,0.0
201300005614,26,5,2013,1,3,15,68,1,1,2,6,,44.976,3.175
201300005615,27,5,2013,16,1,15,187,2,1,1,6,12 rue du 08 mai 1945,45.041,3.11
201300005616,16,6,2013,10,2,15,262,1,1,1,6,,45.018,3.049
201300005617,4,7,2013,18,1,15,187,2,9,1,3,4 Av du Docteur Mallet,0.0,0.0
201300005618,15,7,2013,19,1,15,187,2,1,1,1,rue L?opold Chassang,0.0,0.0
201300005619,28,9,2013,12,1,15,4,1,1,1,1,,0.0,0.0
201300005620,10,10,2013,15,1,15,231,1,4,2,1,,45.102,3.072
201300005621,27,2,2013,13,1,15,80,1,1,1,6,,45.15,3.007
201300005622,24,7,2013,17,1,15,127,1,1,1,6,,45.246,3.155
201300005623,29,7,2013,10,1,15,127,1,1,1,6,,45.225,3.107
201300005624,30,8,2013,7,1,15,22,1,1,1,6,,45.208,3.182
201300005625,25,10,2013,15,2,15,80,1,1,9,1,,45.167,3.032
201300005626,14,6,2013,8,1,15,138,2,2,1,3,avenue hector peschaud,0.0,0.0
201300005627,22,10,2013,16,1,15,61,1,1,1,7,,45.165,2.83
201300005628,21,12,2013,14,1,15,1,1,4,7,1,,0.0,0.0
201300005629,14,8,2013,11,1,15,26,1,1,6,6,,45.023,2.819
201300005630,29,8,2013,14,1,15,26,1,1,1,3,,45.018,2.818
201300005631,7,8,2013,21,2,43,62,1,3,1,3,RD906/RTE DE LA SOUCH?RE,45.0602,3.75854
201300005632,28,10,2013,19,3,43,124,1,2,1,5,LANTHENAS,45.1023,3.77375
201300005633,30,5,2013,15,1,43,111,1,3,1,3,X,44.8637,3.84832
201300005634,13,7,2013,17,1,43,160,1,2,1,3,LES CHIROUZES,44.8009,3.81219
201300005635,1,8,2013,10,1,43,160,1,2,1,3,LES CHIROUZES,44.8009,3.81219
201300005636,16,8,2013,20,1,43,111,1,2,1,3,LA ROCHE,44.8644,3.84853
201300005637,27,9,2013,18,1,43,111,1,2,1,3,CHARBONNIER,44.8571,3.84346
201300005638,10,11,2013,0,3,43,241,1,1,1,6,X,44.9714,3.9088
201300005639,1,2,2013,17,1,43,135,2,3,1,3,AVENUE LAURENT EYNAC,44.9368,3.99656
201300005640,31,8,2013,16,1,43,186,1,1,1,1,"LIEU-DIT ""LA FAYOLLE""",44.9721,4.18445
201300005641,8,5,2013,14,1,43,126,1,3,1,3,CARF DE LA BOUTARESSE,45.0795,3.96524
201300005642,5,5,2013,17,1,43,119,1,1,1,6,VIRAGE SAINT SIMON,45.1072,3.89175
201300005643,6,6,2013,14,1,43,140,1,1,1,3,LE ROC PERC?,45.0702,3.90305
201300005644,25,7,2013,23,5,43,119,2,1,1,6,RTE DU PUY/ CD 103,45.1179,3.90222
201300005645,13,8,2013,21,1,43,61,1,1,1,6,VERS  ACCES LA BLACHE,45.0858,3.96366
201300005646,2,9,2013,2,3,43,230,1,1,1,7,"LIEU-DIT ""LA RIBEYRE""",45.1638,3.93112
201300005647,22,9,2013,18,1,43,32,1,1,1,2,DEVIATION DE BLAVOZY,45.0646,3.98127
201300005648,16,10,2013,19,4,43,165,1,1,1,3,LES ROUCHASSOUX,45.1378,3.99094
201300005649,6,11,2013,8,1,43,32,1,1,8,6,?CHANGEUR ST ETIENNE L,45.0645,3.97479
201300005650,12,11,2013,9,1,43,165,2,1,1,1,LES GRANGES,45.1238,3.99663
201300005651,23,12,2013,15,1,43,230,1,1,1,6,X,45.135,3.89041
201300005652,27,5,2013,7,1,43,113,1,1,1,1,X,44.9663,3.97764
201300005653,9,6,2013,16,1,43,190,1,1,8,1,VERS LIEU-DIT  CHABANNE,45.0157,3.99806