Num_Acc,jour,mois,an,hr,condition_eclairage,departement,commune,condition_agglomeration,intersection,condition_atmosphere,type_collision,adresse,lattitude,longitude
201300005654,1,8,2013,18,1,43,200,1,4,1,3,LA CHASPUZE,45.0441,4.06569
201300005655,6,8,2013,19,1,43,113,2,3,1,3,CHM LOUVIEYRE - RD39,45.0065,4.01407
201300005656,12,8,2013,14,1,43,190,1,3,1,1,"LIEU-DIT ""LA BOMBE""",45.0514,3.95135
201300005657,13,11,2013,17,2,43,150,1,1,2,6,"LIEU-DIT ""LES PRADEAUX""",45.0934,4.05581
201300005658,31,12,2013,10,1,43,231,1,1,1,6,ESPINASSE,44.8751,3.92501
201300005659,7,1,2013,10,1,43,152,1,2,5,3,Z.A POLIGNAC,45.0779,3.83723
201300005660,2,4,2013,12,1,43,152,1,1,2,3,ENTRE COMBE ET COLLET,45.0622,3.85933
201300005661,4,6,2013,13,1,43,216,1,3,1,3,ACC?S LOT LE GRAND LAC,45.1272,3.81954
201300005662,11,8,2013,18,1,43,216,2,3,1,3,R ARMAND,45.1348,3.81104
201300005663,22,8,2013,10,1,43,80,2,1,1,6,ROUTE DE LA CHAISE DIEU,45.3304,3.8454
201300005664,5,12,2013,21,3,43,152,1,1,8,6,,45.0701,3.84836
201300005665,2,9,2013,9,1,43,96,1,1,1,2,DEVIATION DE BRIOUDE,45.2623,3.41847
201300005666,21,5,2013,2,3,43,48,1,1,2,6,RTE DE BONNEVAL,45.3202,3.70648
201300005667,31,7,2013,13,1,43,178,1,1,1,7,x,45.333,3.563
201300005668,1,1,2013,15,1,43,132,1,2,1,1,CARF CHAVANIAC LAFAYETTE,45.1427,3.56303
201300005669,1,3,2013,23,5,43,112,2,2,1,1,R JEAN BAPTISTE TUJA,0.0,0.0
201300005670,13,5,2013,20,1,43,132,1,1,1,1,"LIEU-DIT ""MARJALLAT""",45.1355,3.52807
201300005671,7,7,2013,8,1,43,112,2,6,1,3,ROND POINT DES CAPUCINS,45.0975,3.49494
201300005672,19,7,2013,15,1,43,112,2,1,2,6,R JULES FERRY,0.0,0.0
201300005673,19,10,2013,16,1,43,56,1,1,1,6,BOIS DE POURCHERESSE,45.0492,3.54729
201300005674,13,10,2013,19,3,43,232,1,1,8,1,SORTIE DU MARCET,45.2108,3.49339
201300005675,7,4,2013,1,3,43,99,2,1,1,6,D5 ROUTE DE LEMPDES,45.389,3.30258
201300005676,16,4,2013,10,1,43,16,1,1,1,7,X,45.3853,3.39511
201300005677,20,8,2013,19,1,43,258,2,2,1,3,ROUTE DE LUBIERES,45.3709,3.32788
201300005678,18,8,2013,18,1,43,121,1,1,1,6,VALLEE DE L'ALLAGNON,45.3336,3.20981
201300005679,24,8,2013,15,1,43,38,2,3,1,1,LA ROCHE,45.3291,3.31606
201300005680,18,10,2013,15,1,43,38,1,1,7,1,ARVANT,45.3575,3.32392
201300005681,8,11,2013,18,2,43,258,1,2,1,3,X,45.3725,3.31722
201300005682,21,11,2013,7,2,43,170,1,3,4,1,X,45.2811,3.26524
201300005683,19,1,2013,6,2,43,102,1,1,4,6,LIEU-DIT VILLEDEMONT,45.1703,4.17478
201300005684,6,4,2013,14,1,43,268,1,1,2,6,"LIEU-DIT ""VERSILHAC""",45.1618,4.179
201300005685,20,4,2013,4,5,43,268,2,1,2,6,LOTISSEMENT CHATIMBARBE,0.0,0.0
201300005686,23,6,2013,16,1,43,268,1,1,1,6,LIEU-DIT MONTPINOUX,45.14,4.10325
201300005687,27,7,2013,9,1,43,268,2,1,1,6,RUE DE VERDUN,45.1404,4.12445
201300005688,10,8,2013,18,1,43,102,1,1,1,6,PT DE L'ENCEINTE,45.1618,4.17698
201300005689,31,8,2013,12,1,43,24,1,1,1,6,BOIS CHAILLON,45.1801,4.08649
201300005690,26,12,2013,19,5,43,7,1,1,4,3,"LIEU-DIT ""COULEYRE""",45.0369,4.18365
201300005691,21,1,2013,18,3,43,137,1,1,2,2,ECHANGEUR LA SOUCHONNE,45.2845,4.18318
201300005692,18,3,2013,5,3,43,211,1,1,2,5,VIADUC DU LIGNON,45.2563,4.14574
201300005693,11,6,2013,18,1,43,20,1,4,1,3,CARF DE LA GARE,45.2975,4.13434
201300005694,7,7,2013,2,3,43,137,1,1,1,7,"LIEU-DIT ""LES GOUTTES""",0.0,0.0
201300005695,9,7,2013,16,1,43,211,2,3,1,3,RUE DU STADE,0.0,0.0
201300005696,7,9,2013,9,1,43,12,2,6,8,1,AV DU VELAY,0.0,0.0
201300005697,20,9,2013,18,1,43,20,2,1,1,3,25 RTE DE BEAUZAC,0.0,0.0
201300005698,21,9,2013,11,1,43,20,1,3,1,3,AV DU PONT,45.2975,4.11595
201300005699,11,10,2013,13,1,43,20,1,1,2,1,PT DE L'ANCE,45.286,4.11385
201300005700,15,10,2013,18,1,43,58,1,1,1,6,MONTUSCLAT,45.3129,4.23027
201300005701,16,10,2013,9,1,43,137,2,1,2,3,AVENUE DU 11 NOVEMBRE,0.0,0.0
201300005702,9,3,2013,7,1,43,177,1,1,1,6,"LIEU-DIT ""LA VIGNE""",45.3281,4.30795
201300005703,2,6,2013,18,1,43,227,1,3,1,3,"LIEU-DIT ""LA SAPINI?RE""",45.3133,4.31762
201300005704,10,7,2013,18,1,43,224,1,1,2,5,PT DE CHAZEAUX,45.2627,4.19942
201300005705,3,7,2013,18,1,43,205,2,1,1,3,R DES ANCIEN AFN,0.0,0.0
201300005706,15,7,2013,9,1,43,172,2,1,1,6,LE BOURG,45.1433,4.43816
201300005707,9,8,2013,9,1,43,87,1,1,1,1,PT DE MIRAIL,45.2134,4.38119
201300005708,5,9,2013,20,1,43,51,1,1,1,6,LA FAYOLLE DU LAC,0.0,0.0
201300005709,28,11,2013,9,1,43,159,1,1,8,3,LA DETOURBE,45.1719,4.28572
201300005710,29,3,2013,21,5,03,185,2,3,1,1,"face 114, COURTAIS   (DE",0.0,0.0
201300005711,10,5,2013,23,5,03,185,2,2,1,3,REPUBLIQUE ( AV. DE LA ),0.0,0.0
201300005712,22,5,2013,19,1,03,185,2,3,1,3,"sans, GUESDE ( AVENUE JU",0.0,0.0
201300005713,16,6,2013,6,2,03,185,2,1,1,6,"30, BOUVINES ( RUE DE )",0.0,0.0
201300005714,29,7,2013,17,1,03,185,2,1,1,6,"94, LIBERATION ( QUAI DE",0.0,0.0
201300005715,2,8,2013,17,1,03,185,2,3,1,3,"0, EINSTEIN ( RUE ALBERT",0.0,0.0
201300005716,4,8,2013,14,1,03,185,2,6,1,2,NEUVE ( RUE ),0.0,0.0
201300005717,20,8,2013,7,1,03,185,2,6,1,3,"sans, ILES ( PONT DES )",0.0,0.0
201300005718,21,8,2013,8,1,03,185,2,2,1,3,"sans, GUESDE ( AVENUE JU",0.0,0.0
201300005719,11,10,2013,10,1,03,185,2,2,1,3,FAVIERES ( QUAI ),0.0,0.0
201300005720,28,10,2013,17,2,03,185,2,1,2,6,"6, ROUX ( RUE DU DOCTEUR",0.0,0.0
201300005721,1,11,2013,16,1,03,185,2,2,1,3,"sans, FAVIERES ( QUAI )",0.0,0.0
201300005722,2,11,2013,16,1,03,140,1,1,1,2,"sans, RD  2144",0.0,0.0
201300005723,6,11,2013,20,5,03,185,2,2,1,3,"39, COURTAIS   (DE  BOUL",0.0,0.0
201300005724,3,12,2013,10,1,03,101,2,1,1,6,"sans, MESSAGER ( RUE AND",0.0,0.0
201300005725,12,12,2013,15,1,03,140,2,1,1,6,"sans, LIGNEROLLES (ROUTE",0.0,0.0
201300005726,9,3,2013,13,1,03,321,1,1,1,6,"39, EPOUX CONTOUX (RUE D",0.0,0.0
201300005727,9,4,2013,15,1,03,190,2,2,1,3,"37, ALSACE LORRAINE (AVE",0.0,0.0
201300005728,26,4,2013,20,5,03,190,2,2,3,3,"42, ALLIER (RUE D')",0.0,0.0
201300005729,1,6,2013,20,1,03,190,2,1,1,6,"34, LIBERATION (AVENUE D",0.0,0.0
201300005730,22,7,2013,15,1,03,190,2,1,1,6,SORBIERS (IMPASSE DES),0.0,0.0
201300005731,23,7,2013,6,2,03,190,2,1,1,1,REGEMORTES (PONT),0.0,0.0
201300005732,24,7,2013,14,1,03,190,2,3,1,3,"68, BARBUSSE (RUE HENRI)",0.0,0.0
201300005733,25,10,2013,23,5,03,190,2,1,1,6,"27, LYON (ROUTE DE)",0.0,0.0
201300005734,17,10,2013,18,1,03,321,2,9,1,3,JEAN-JAURES (BOULEVARD),0.0,0.0
201300005735,26,9,2013,18,1,03,13,1,1,1,3,PETITS ROCS (CHEMIN DES),0.0,0.0
201300005736,2,2,2013,11,1,57,648,2,3,8,3,29 grand rue,49.0927,6.48577
201300005737,20,5,2013,20,3,57,620,1,1,2,2,,0.0,0.0
201300005738,3,6,2013,18,1,57,707,2,1,1,3,,0.0,0.0
201300005739,20,7,2013,17,1,57,543,1,1,1,7,,0.0,0.0
201300005740,11,10,2013,14,1,57,622,2,6,1,3,Rond point de jErusalem,0.0,0.0
201300005741,28,10,2013,16,1,57,622,2,6,8,1,intesection RD 54 RD 643,0.0,0.0
201300005742,7,12,2013,18,3,57,622,1,1,1,1,,0.0,0.0
201300005743,23,12,2013,2,5,57,622,2,1,8,6,RUE ROBERT SCHUMAN,0.0,0.0
201300005744,14,5,2013,17,1,57,39,1,1,1,7,,49.04761,6.11325
201300005745,30,6,2013,6,1,57,212,2,1,1,6,Rue de l'abbe Marchal,0.0,0.0
201300005746,4,7,2013,16,1,57,350,1,1,1,1,,49.07484,6.09661
201300005747,23,7,2013,19,1,57,32,2,1,1,2,"face au 40, rue Wilson",0.0,0.0
201300005748,24,9,2013,4,3,57,601,1,1,1,1,,0.0,0.0
201300005749,18,10,2013,7,3,57,601,1,1,9,3,,0.0,0.0
201300005750,23,10,2013,9,1,57,515,1,1,9,3,,0.0,0.0
201300005751,31,10,2013,18,5,57,701,1,1,1,3,,49.09472,6.09657
201300005752,22,11,2013,17,5,57,515,2,1,2,6,,49.02431,6.05041
201300005753,26,11,2013,15,1,57,32,2,1,7,1,CD6 - PK2.800,0.0,0.0
201300005754,5,1,2013,16,1,57,443,1,1,9,1,,49.21142,6.12535
201300005755,19,1,2013,15,1,57,433,2,1,1,7,route de marange,0.0,0.0
201300005756,4,3,2013,12,1,57,433,2,1,1,1,14 Grand Rue,49.20591,6.1611
201300005757,7,3,2013,10,1,57,433,2,1,1,6,57 grand rue,0.0,0.0
201300005758,18,4,2013,21,3,57,443,1,1,1,7,,49.22572,6.14638
201300005759,6,8,2013,19,1,57,303,1,1,1,7,,0.0,0.0
201300005760,30,8,2013,9,1,57,433,2,1,1,6,grand rue,0.0,0.0
201300005761,5,10,2013,18,1,57,303,2,1,3,3,Route de MAIZIERES,0.0,0.0
201300005762,11,10,2013,18,2,57,645,1,1,1,6,,0.0,0.0
201300005763,30,10,2013,16,1,57,433,2,1,1,3,rue schuman,49.21429,6.16423
201300005764,14,12,2013,11,1,57,645,2,6,1,6,D112F/N52,0.0,0.0
201300005765,27,12,2013,15,1,57,111,1,1,1,1,,0.0,0.0
201300005766,4,1,2013,20,3,57,532,1,1,2,6,,48.96746,6.22073
201300005767,22,7,2013,14,1,57,251,2,1,1,3,RUE PRINCIPALE,0.0,0.0
201300005768,2,9,2013,18,1,57,57,1,1,1,1,,0.0,0.0
201300005769,10,10,2013,9,1,57,20,1,1,8,6,,0.0,0.0
201300005770,18,11,2013,16,2,57,572,1,1,8,1,,0.0,0.0
201300005771,31,3,2013,17,1,57,563,1,1,1,1,,0.0,0.0
201300005772,21,6,2013,22,3,57,385,1,1,1,1,,49.07508,6.30393
201300005773,21,6,2013,16,1,57,148,2,1,1,6,route de Pange,0.0,0.0
201300005774,23,8,2013,21,5,57,155,2,1,1,6,AVENUE DE LA LIBERATION,0.0,0.0
201300005775,1,9,2013,20,2,57,695,1,1,1,6,,0.0,0.0
201300005776,18,9,2013,15,1,57,129,1,1,2,5,,0.0,0.0
201300005777,23,9,2013,7,2,57,438,1,1,5,1,,0.0,0.0
201300005778,4,10,2013,18,2,57,28,1,6,3,6,,49.20995,6.21026
201300005779,6,11,2013,18,3,57,24,1,1,2,6,,0.0,0.0
201300005780,17,6,2013,18,1,57,542,1,2,1,3,GN 49.257 6.436,0.0,0.0
201300005781,2,7,2013,14,1,57,167,1,1,1,1,GN 49.309 6.383,0.0,0.0
201300005782,22,7,2013,19,1,57,106,1,1,1,6,,0.0,0.0
201300005783,14,8,2013,12,1,57,186,2,1,1,1,27 RUE Principale,0.0,0.0
201300005784,11,10,2013,22,5,57,160,2,2,1,3,bd Pascal Bd Montaigne,49.2078,6.70754
201300005785,1,9,2013,6,2,57,230,2,1,1,6,GN 49.098 6.509,0.0,0.0
201300005786,20,10,2013,6,3,57,85,1,1,5,5,GN 49.112 6.458,0.0,0.0
201300005787,15,7,2013,13,1,57,712,1,1,1,5,,0.0,0.0
201300005788,3,8,2013,17,1,57,18,1,1,1,1,GN 48.84 6.506,0.0,0.0
201300005789,21,11,2013,20,2,57,182,1,1,2,1,,0.0,0.0
201300005790,1,3,2013,19,3,57,629,1,1,1,2,,0.0,0.0
201300005791,23,7,2013,10,1,57,177,2,2,1,3,CROISEMENT CHEMIN DU PON,0.0,0.0
201300005792,5,9,2013,8,1,57,86,1,1,1,1,,0.0,0.0
201300005793,16,10,2013,12,1,57,401,2,1,8,1,11 Le Faubourg,48.88268,6.70057
201300005794,16,2,2013,4,2,57,521,1,1,5,1,,49.17697,6.92592
201300005795,15,7,2013,19,1,57,58,2,1,1,5,Boulevard Charlemagne,0.0,0.0
201300005796,22,7,2013,19,1,57,58,1,1,1,1,,0.0,0.0
201300005797,9,2,2013,12,1,57,271,1,2,8,3,,49.104,6.802
201300005798,16,2,2013,22,3,57,466,1,1,5,7,GN 49.097 6.96,0.0,0.0
201300005799,2,3,2013,17,1,57,271,2,1,1,6,Rue de Hombourg49.1136.7,0.0,0.0
201300005800,19,6,2013,19,1,57,466,1,1,1,7,,0.0,0.0
201300005801,9,7,2013,23,3,57,207,2,1,1,6,GN 49.118 6.857,0.0,0.0
201300005802,14,8,2013,9,1,57,61,2,1,1,1,66 rue de la gare,49.142,6.833
201300005803,31,8,2013,16,1,57,52,1,1,1,6,,0.0,0.0
201300005804,9,10,2013,18,5,57,669,1,1,2,7,GN 49.136 6.888,0.0,0.0
201300005805,8,11,2013,10,1,57,466,1,1,3,7,GN 49.099 6.96,0.0,0.0
201300005806,8,11,2013,21,5,57,73,2,1,2,1,GN 49.141 6.819,0.0,0.0
201300005807,18,11,2013,14,1,57,176,2,1,1,6,104 rue principale,49.11101,6.93709
201300005808,26,11,2013,16,1,57,176,2,1,1,2,GN 49.115  6.941,0.0,0.0
201300005809,27,11,2013,11,1,57,466,1,1,1,7,,0.0,0.0
201300005810,28,11,2013,0,5,57,144,2,1,1,3,rue principale,0.0,0.0
201300005811,2,12,2013,7,2,57,207,2,1,1,1,ruedemoulinGN49.13 6.858,0.0,0.0
201300005812,3,12,2013,15,1,57,52,1,1,1,7,GN 49.067 6.811,0.0,0.0
201300005813,20,3,2013,21,3,57,483,1,6,1,6,,0.0,0.0
201300005814,9,10,2013,21,3,57,560,1,1,1,2,,0.0,0.0
201300005815,24,7,2013,16,1,57,544,1,1,1,5,,0.0,0.0
201300005816,14,9,2013,5,2,57,321,1,1,2,1,GN 48.692 7.05,0.0,0.0
201300005817,17,9,2013,4,3,57,320,1,1,1,3,GN 48.692 6.958,0.0,0.0
201300005818,18,10,2013,17,1,57,253,1,1,1,1,GN 48.68 6.886,0.0,0.0
201300005819,23,10,2013,17,1,57,342,1,1,1,1,GN 48.648 6.916,48.64399,6.91724
201300005820,25,11,2013,15,1,57,302,2,1,1,7,GN 48.631 6.97,0.0,0.0
201300005821,9,12,2013,10,1,57,611,1,1,1,1,GN 48.666  6.938,0.0,0.0
201300005822,4,4,2013,17,1,57,334,1,1,1,3,,0.0,0.0
201300005823,8,6,2013,20,1,57,540,1,1,1,7,,0.0,0.0
201300005824,19,6,2013,17,1,57,244,1,1,1,7,,0.0,0.0
201300005825,16,1,2013,15,1,57,91,1,1,1,1,,0.0,0.0
201300005826,28,1,2013,10,1,57,260,1,1,1,3,GN 49.125 7.04,49.1305,7.04388
201300005827,7,4,2013,15,1,57,93,1,1,1,3,,0.0,0.0
201300005828,21,4,2013,6,2,57,535,1,1,1,7,,0.0,0.0
201300005829,4,5,2013,16,1,57,535,2,3,1,3,RUE DE LA LIBERATION,0.0,0.0
201300005830,8,6,2013,16,1,57,535,2,1,1,2,RUE SAINTE CROIX,0.0,0.0
201300005831,15,6,2013,15,1,57,261,2,1,1,3,GRAND'RUE,0.0,0.0
201300005832,8,8,2013,11,1,57,91,1,1,1,3,,0.0,0.0
201300005833,26,9,2013,5,3,57,589,1,1,1,1,,0.0,0.0
201300005834,29,10,2013,18,3,57,260,2,1,1,6,Rue de Forbach,0.0,0.0
201300005835,27,11,2013,14,1,57,260,2,1,1,6,25 RUE DE FORBACH,49.15525,7.02405
201300005836,27,6,2013,7,2,57,577,1,1,9,6,,0.0,0.0
201300005837,4,2,2013,18,5,57,206,1,1,2,6,,0.0,0.0
201300005838,17,11,2013,18,5,57,206,1,1,2,1,,49.323,6.106
201300005839,4,12,2013,12,1,57,724,1,1,8,2,GN 49.266 6.108,0.0,0.0
201300005840,13,1,2013,18,3,57,117,1,1,2,1,,0.0,0.0
201300005841,23,1,2013,20,3,57,287,1,1,9,1,,0.0,0.0
201300005842,25,3,2013,17,1,57,370,2,1,1,3,Cit des officiers,0.0,0.0
201300005843,7,4,2013,16,1,57,331,1,3,1,3,,49.30066,6.37554
201300005844,16,4,2013,15,1,57,67,2,1,1,2,,0.0,0.0
201300005845,7,5,2013,19,1,57,102,2,1,1,3,rue de Touraine,0.0,0.0
201300005846,10,5,2013,16,1,57,179,1,1,2,1,,0.0,0.0
201300005847,17,5,2013,13,1,57,733,1,2,2,3,,0.0,0.0
201300005848,13,7,2013,18,1,57,117,1,1,1,3,,0.0,0.0
201300005849,20,7,2013,6,1,57,704,1,1,1,3,,0.0,0.0
201300005850,16,8,2013,21,3,57,426,1,1,9,3,,0.0,0.0
201300005851,8,9,2013,0,3,57,733,1,1,3,7,,0.0,0.0
201300005852,16,10,2013,8,1,57,733,1,2,1,3,GN 49.296 6.279,0.0,0.0
201300005853,15,11,2013,10,1,57,465,1,1,1,2,,0.0,0.0
201300005854,18,11,2013,7,2,57,287,1,1,5,1,,0.0,0.0
201300005855,19,1,2013,4,3,57,683,1,1,4,6,,0.0,0.0
201300005856,29,1,2013,19,1,57,474,2,1,3,6,72 rue de Boussange,49.25979,6.15846
201300005857,7,2,2013,14,1,57,683,2,1,1,5,ROUTE DE THIONVILLE,0.0,0.0
201300005858,14,5,2013,17,1,57,474,2,1,1,3,408 rue de Metz,49.26497,6.17026
201300005859,17,6,2013,22,5,57,683,2,1,1,7,Route de Vitry sur Orne,0.0,0.0
201300005860,7,7,2013,2,3,57,582,2,1,1,3,CD 54/ RUE DU STADE,49.2804,6.15885
201300005861,11,7,2013,11,1,57,683,2,1,1,6,Route d'Hayange,0.0,0.0
201300005862,1,8,2013,21,2,57,582,1,1,1,2,,0.0,0.0
201300005863,3,9,2013,11,1,57,474,2,1,1,6,72 route de BOUSSANGE,49.25976,6.15845
201300005864,17,1,2013,15,1,54,320,1,1,8,6,,48.883,6.094
201300005865,3,4,2013,18,1,54,320,1,1,1,2,,48.86839,6.09358
201300005866,5,7,2013,17,1,54,400,2,1,1,1,rue Cl?menceau,0.0,0.0
201300005867,9,7,2013,10,1,54,60,1,1,1,3,,48.81577,6.10692
201300005868,12,7,2013,17,1,54,24,1,1,1,3,,48.846,6.283
201300005869,26,7,2013,7,1,54,276,1,1,1,7,,48.84242,6.24223
201300005870,25,8,2013,0,3,54,24,1,1,8,6,,48.84331,6.27111
201300005871,29,9,2013,18,1,54,400,1,1,1,1,,48.885,6.222
201300005872,14,1,2013,7,1,54,89,2,1,8,6,,48.772,6.266
201300005873,23,2,2013,9,1,54,89,1,1,4,6,,48.793,6.278
201300005874,23,3,2013,9,1,54,374,1,1,1,6,,48.76239,6.40627
201300005875,17,5,2013,14,1,54,296,1,1,2,1,,48.74129,6.32906
201300005876,20,5,2013,18,1,54,192,1,1,1,1,,48.54797,6.30089
201300005877,28,5,2013,4,2,54,186,1,6,1,6,,48.73948,6.22327
201300005878,15,6,2013,17,1,54,192,1,1,1,3,,48.54804,6.30085
201300005879,7,7,2013,10,1,54,89,1,1,1,7,,48.76601,6.2642
201300005880,10,11,2013,11,1,54,192,1,1,3,3,,48.55491,6.29767
201300005881,29,11,2013,12,1,54,498,1,1,8,3,,48.567,6.333
201300005882,14,12,2013,7,1,54,462,1,1,8,6,,48.59795,6.34211
201300005883,19,6,2013,7,1,54,430,2,1,7,6,1 avenue GAMBETTA,0.0,0.0
201300005884,30,6,2013,8,3,54,430,1,1,1,6,,48.78608,6.12473
201300005885,16,7,2013,14,1,54,215,2,1,1,6,RUE DE NANCY,48.7525,6.1446
201300005886,16,7,2013,13,1,54,150,1,1,1,6,,0.0,0.0
201300005887,12,9,2013,7,1,54,215,2,1,1,6,rue de Metz,48.75,6.13
201300005888,13,9,2013,17,1,54,115,1,1,1,2,,48.748,6.162
201300005889,4,10,2013,20,5,54,115,1,1,1,3,,48.73681,6.16336
201300005890,21,4,2013,7,1,54,597,1,1,1,1,,48.44162,6.15796
201300005891,14,5,2013,18,1,54,513,1,2,1,3,,48.45699,6.12768
201300005892,1,6,2013,0,3,54,309,1,1,8,6,,48.507,6.202
201300005893,4,1,2013,14,1,54,266,1,4,8,1,,48.50939,6.10277
201300005894,21,1,2013,7,2,54,586,1,1,4,5,,48.58,6.028
201300005895,10,2,2013,4,3,54,111,1,1,4,6,,48.078,6.133
201300005896,10,2,2013,12,1,54,111,1,1,4,3,,48.65276,6.09743
201300005897,21,2,2013,17,1,54,397,2,1,1,6,rue aristide briand,48.608,6.1002
201300005898,24,4,2013,13,1,54,563,1,1,1,1,,48.49524,6.09522
201300005899,1,6,2013,9,1,54,513,1,2,1,3,,48.45694,6.1277
201300005900,11,6,2013,14,1,54,247,1,3,1,3,,48.49116,6.07334
201300005901,19,6,2013,15,1,54,309,2,1,1,7,17 Grande Rue,0.0,0.0
201300005902,25,6,2013,20,1,54,109,1,1,1,1,,48.51844,6.14083
201300005903,24,7,2013,13,1,54,397,2,1,1,6,rue pasteur,48.017,6.15
201300005904,5,8,2013,8,1,54,62,1,1,1,7,,48.513,6.244
201300005905,3,9,2013,19,1,54,397,2,1,1,1,rue capitaine Caillon,48.61373,6.1036
201300005906,24,9,2013,19,1,54,397,2,6,1,3,rue Pasteur,0.0,0.0
201300005907,7,11,2013,18,3,54,586,1,1,2,2,,48.58089,6.01282
201300005908,8,10,2013,12,1,54,397,2,1,2,6,,48.026,6.174
201300005909,28,11,2013,18,3,54,235,2,1,2,6,9 grande rue,48.49609,6.01526
201300005910,12,12,2013,7,2,54,437,1,1,5,7,,48.554,6.17
201300005911,29,12,2013,22,3,54,32,1,1,9,7,,48.529,6.138
201300005912,7,4,2013,14,1,54,594,1,1,1,7,,48.965,5.86
201300005913,19,11,2013,15,1,54,415,2,1,1,6,rue Anatole FRANCE,48.988,6.024
201300005914,5,1,2013,19,5,03,310,2,1,2,6,"85, JAURES (RUE JEAN)",0.0,0.0
201300005915,11,1,2013,7,5,03,95,2,1,2,6,GIRAUDOUX (RUE JEAN),0.0,0.0
201300005916,22,1,2013,9,1,03,95,1,1,1,6,ROUTE DE MOLLES,0.0,0.0
201300005917,14,3,2013,17,1,03,310,2,5,1,3,"0, HUGO (PLACE VICTOR)",0.0,0.0
201300005918,30,3,2013,5,5,03,1,2,1,3,6,"31, HAUTERIVE (ROUTE D')",0.0,0.0
201300005919,2,4,2013,17,1,03,1,2,3,1,2,"0, GRAVIERS (AVENUE DES)",0.0,0.0
201300005920,9,4,2013,17,1,03,95,2,1,1,6,"0, MIZON (RUE ANTOINETTE",0.0,0.0
201300005921,5,4,2013,13,1,03,23,2,6,2,3,"0, FERLOT (RUE JEAN)",0.0,0.0
201300005922,4,5,2013,19,1,03,310,2,3,1,6,"0, IRIS (RUE DES)",0.0,0.0
201300005923,14,5,2013,19,1,03,1,1,1,1,2,"26, RD 131 (ROUTE D'HAUT",0.0,0.0
201300005924,24,5,2013,21,2,03,310,2,1,1,6,"17, LYAUTEY (RUE DU MARE",0.0,0.0
201300005925,5,6,2013,10,1,03,310,2,1,1,6,"24, CALLOU (RUE)",0.0,0.0
201300005926,6,6,2013,8,1,03,310,2,1,1,6,"48, KENNEDY (BOULEVARD D",0.0,0.0
201300005927,13,6,2013,7,1,03,95,2,1,1,2,"25, BICENTENAIRE (BOULEV",0.0,0.0
201300005928,25,6,2013,13,1,03,95,1,1,1,6,"0, FERRIERES (ROUTE DE)",0.0,0.0
201300005929,1,7,2013,8,1,03,95,2,1,1,3,"42, AMPERE (RUE)",0.0,0.0
201300005930,4,7,2013,14,1,03,310,2,1,1,6,"0, CLEMENCEAU (RUE GEORG",0.0,0.0
201300005931,5,7,2013,11,1,03,310,2,3,1,6,"1, ROUMANIE (RUE DE)",0.0,0.0
201300005932,4,7,2013,18,1,03,310,2,1,1,3,"0, JUIN (Esplanade Mar?c",0.0,0.0
201300005933,14,7,2013,16,1,03,95,2,1,1,6,"0, GRIVATS (LES  -  LIEU",0.0,0.0
201300005934,14,7,2013,22,5,03,310,2,6,1,3,"0, SCHUMAN (ROND POINT R",0.0,0.0
201300005935,24,7,2013,20,1,03,310,2,1,1,6,"0, HOPITAL (BOULEVARD DE",0.0,0.0
201300005936,26,7,2013,0,5,03,23,2,1,1,6,"7, VICHY (AVENUE DE)",0.0,0.0
201300005937,28,7,2013,16,1,03,310,2,1,8,6,AILES (ALLEE DES),0.0,0.0
201300005938,2,8,2013,4,5,03,23,1,1,1,7,DE GAULLE (AVENUE DU GEN,0.0,0.0
201300005939,6,8,2013,20,1,03,94,2,1,1,6,"6, BORDES (RUE DES)",0.0,0.0
201300005940,3,9,2013,19,1,03,310,2,3,1,3,"54, HOPITAL (BOULEVARD D",0.0,0.0
201300005941,4,9,2013,14,1,03,23,2,1,1,5,"0, PONT DE BELLERIVE",0.0,0.0
201300005942,18,9,2013,2,5,03,1,2,3,8,6,"4, VIEUX-PORT (IMPASSE D",0.0,0.0
201300005943,22,9,2013,11,1,03,310,2,1,1,6,"0, KENNEDY (BOULEVARD DU",0.0,0.0
201300005944,27,9,2013,14,1,03,95,2,1,1,3,"86, PARIS (ROUTE DE)",0.0,0.0
201300005945,7,10,2013,12,1,03,310,2,6,1,6,SCHUMAN (ROND POINT ROBE,0.0,0.0
201300005946,9,10,2013,15,1,03,95,2,1,1,6,"0, CONSTITUTION (RUE DE",0.0,0.0
201300005947,10,10,2013,17,1,03,310,2,2,1,2,"1, GAMBETTA (BOULEVARD)",0.0,0.0
201300005948,14,10,2013,16,1,03,23,2,2,1,3,VICHY (AVENUE DE),0.0,0.0
201300005949,17,10,2013,9,1,03,310,2,3,1,6,"1, VENDEE (RUE DE)",0.0,0.0
201300005950,18,10,2013,16,1,03,310,2,1,1,6,"1, AILES (ALLEE DES)",0.0,0.0
201300005951,29,10,2013,18,5,03,95,2,3,1,6,"1, GRASSET (RUE OLIVIER)",0.0,0.0
201300005952,30,10,2013,16,1,03,23,1,1,1,6,"0, CENTRE OMNISPORT",0.0,0.0
201300005953,30,10,2013,23,5,03,23,1,1,1,7,"97, CHARMEIL (ROUTE DE)",0.0,0.0