Num_Acc,jour,mois,an,hr,condition_eclairage,departement,commune,condition_agglomeration,intersection,condition_atmosphere,type_collision,adresse,lattitude,longitude
201300005954,4,11,2013,18,5,03,310,2,1,2,6,"111, ETATS-UNIS (BOULEVA",0.0,0.0
201300005955,5,11,2013,13,1,03,310,2,2,2,3,"54, AILES (ALLEE DES)",0.0,0.0
201300005956,17,11,2013,18,2,03,310,2,2,1,3,"86, THERMALE (AVENUE)",0.0,0.0
201300005957,19,11,2013,8,2,03,310,2,1,2,6,"10, RUSSIE (BOULEVARD DE",0.0,0.0
201300005958,21,11,2013,17,2,03,95,2,1,2,6,"1, LIEGE (RUE DE)",0.0,0.0
201300005959,28,11,2013,14,1,03,310,2,1,1,4,"0, AILES (ALLEE DES)",0.0,0.0
201300005960,29,11,2013,7,5,03,310,2,2,1,3,"0, CHATEAUDUN (RUE DE)",0.0,0.0
201300005961,29,11,2013,14,1,03,95,1,1,8,6,"0, RD 906B",0.0,0.0
201300005962,1,12,2013,1,5,03,95,2,2,1,3,"0, GAMBETTA (RUE)",0.0,0.0
201300005963,2,12,2013,7,2,03,310,2,4,1,3,"0, VOLTAIRE (RUE)",0.0,0.0
201300005964,2,12,2013,15,1,03,310,2,2,1,6,"0, AILES (ALLEE DES)",0.0,0.0
201300005965,3,12,2013,11,1,03,310,2,1,1,6,"0, QUATRE SEPTEMBRE (RUE",0.0,0.0
201300005966,9,12,2013,8,1,03,310,2,2,1,6,"0, AILES (ALLEE DES)",0.0,0.0
201300005967,11,12,2013,12,1,03,310,2,1,1,3,"7, ALQUIE (RUE)",0.0,0.0
201300005968,11,12,2013,19,5,03,310,2,2,1,1,"0, DENIERE (BOULEVARD)",0.0,0.0
201300005969,14,12,2013,20,5,03,310,2,3,1,3,"1, VOLTAIRE (RUE)",0.0,0.0
201300005970,17,12,2013,9,1,03,95,1,1,1,1,"0, MALAVAUX (LES  -  LIE",0.0,0.0
201300005971,30,12,2013,21,5,03,310,2,1,1,3,"0, SCHUMAN (ROND POINT R",0.0,0.0
201300005972,31,12,2013,16,1,03,23,2,1,2,2,"0, DE GAULLE (AVENUE DU",0.0,0.0
201300005973,31,3,2013,17,1,54,477,1,1,1,6,,49.00698,5.88907
201300005974,8,6,2013,17,1,54,112,1,1,1,6,,49.03737,5.9026
201300005975,14,6,2013,4,2,54,171,1,1,1,7,,49.1547,5.93814
201300005976,5,7,2013,20,1,54,198,1,1,1,6,,49.23584,5.77852
201300005977,23,10,2013,16,1,54,171,1,1,8,5,,49.156,5.906
201300005978,4,12,2013,0,3,54,410,2,1,5,6,3 route nationale,49.01524,5.97369
201300005979,15,1,2013,9,1,54,29,2,3,4,3,ROUTE DE BRIEY,49.372,5.907
201300005980,15,3,2013,2,3,54,491,1,1,1,6,,49.3514,5.91138
201300005981,16,5,2013,12,1,54,69,1,1,3,3,,49.4012,5.92506
201300005982,30,5,2013,16,1,54,29,2,1,1,2,54 rue lucien michel,49.37494,5.90243
201300005983,2,8,2013,15,1,54,337,1,1,1,5,,49.35265,5.86043
201300005984,27,10,2013,16,1,54,394,1,1,1,1,,49.336,5.816
201300005985,5,11,2013,16,5,54,533,2,1,3,7,rue marc raty,49.329,5.932
201300005986,22,12,2013,9,1,54,425,2,1,1,6,9 rue de la liberte,49.313,5.789
201300005987,11,12,2013,17,3,54,269,1,2,5,3,,48.60505,6.38362
201300005988,8,6,2013,17,1,54,85,1,1,1,1,,48.45538,6.39486
201300005989,14,9,2013,6,3,54,331,1,1,3,7,,48.46047,6.55634
201300005990,14,4,2013,16,1,54,40,1,1,1,1,,48.379,6.937
201300005991,8,6,2013,14,1,54,40,1,1,1,6,,48.49434,6.92966
201300005992,11,10,2013,3,5,54,77,2,1,8,6,Rue Victor Pierre,48.58723,6.83896
201300005993,16,12,2013,11,1,54,78,1,1,1,2,,48.5734,6.72939
201300005994,12,4,2013,6,2,54,38,1,1,1,6,,48.5,6.689
201300005995,20,7,2013,19,1,54,39,1,1,1,1,,48.444,6.758
201300005996,25,7,2013,8,1,54,377,2,1,1,3,21 grande rue,48.5142,6.80712
201300005997,15,6,2013,12,1,54,105,1,1,8,1,,48.577,5.85061
201300005998,22,6,2013,16,1,54,523,1,1,1,2,,0.0,0.0
201300005999,19,7,2013,10,1,54,288,1,1,1,2,,48.73065,5.86648
201300006000,21,7,2013,10,1,54,80,2,1,1,1,,48.59948,5.83049
201300006001,22,7,2013,7,1,54,162,1,1,1,5,,48.652,5.852
201300006002,11,9,2013,17,1,54,46,1,1,3,1,,48.53325,5.83997
201300006003,24,3,2013,14,1,54,34,1,1,8,6,,48.76151,5.93871
201300006004,9,6,2013,3,5,54,318,2,1,2,6,60 route de Pompey,0.0,0.0
201300006005,27,7,2013,16,1,54,208,1,1,7,1,,48.73428,5.93722
201300006006,22,8,2013,16,1,54,19,1,1,1,4,,48.82106,5.83465
201300006007,24,1,2013,19,5,55,49,2,1,1,3,rue Haute,0.0,0.0
201300006008,14,4,2013,16,1,55,541,1,1,1,6,,48.81965,5.16885
201300006009,1,5,2013,17,1,55,125,2,1,2,6,rue des paquis,48.806,4.96
201300006010,2,6,2013,18,1,55,378,1,1,1,7,,0.0,0.0
201300006011,17,9,2013,12,1,55,123,2,1,1,6,MARAT LA GRANDE,0.0,0.0
201300006012,21,10,2013,19,5,55,427,2,3,1,3,RUE ARISTIDE BRIAND,48.82474,4.98585
201300006013,18,3,2013,5,3,55,326,1,1,9,6,,0.0,0.0
201300006014,24,3,2013,17,1,55,10,1,1,1,7,,48.637,4.951
201300006015,1,4,2013,21,3,55,15,1,1,1,6,,0.0,0.0
201300006016,23,4,2013,15,1,55,10,1,1,1,6,,48.641,5.047
201300006017,4,5,2013,16,1,55,291,1,1,1,6,,0.0,0.0
201300006018,10,7,2013,15,1,55,519,2,1,1,1,RD 120,48.725,5.286
201300006019,5,5,2013,6,2,55,288,2,1,5,6,,48.79532,5.54037
201300006020,6,7,2013,11,1,55,122,2,1,1,6,47 rue raymond poincar?,0.0,0.0
201300006021,4,7,2013,7,1,55,184,2,1,1,1,VILLE ISSEY,0.0,0.0
201300006022,21,7,2013,3,3,55,288,1,1,1,6,,0.0,0.0
201300006023,1,3,2013,14,1,55,274,2,9,1,3,17 rue principale,48.965,5.58
201300006024,6,4,2013,23,3,55,301,1,1,1,6,,48.917,5.313
201300006025,7,5,2013,18,1,55,404,2,3,1,6,,48.89966,5.32976
201300006026,5,5,2013,18,1,55,12,1,1,1,3,,48.823,5.664
201300006027,9,10,2013,18,1,55,463,1,1,1,1,,48.886,5.568
201300006028,5,3,2013,8,1,55,330,1,1,7,1,,48.67401,5.49434
201300006029,24,8,2013,0,3,55,215,1,1,1,1,,0.0,0.0
201300006030,19,9,2013,7,1,55,398,1,1,1,3,,0.0,0.0
201300006031,22,9,2013,11,1,55,148,2,1,1,1,rue de baudignecourt,0.0,0.0
201300006032,7,10,2013,19,2,55,573,1,6,1,3,,0.0,0.0
201300006033,4,5,2013,16,1,55,188,1,1,1,7,,0.0,0.0
201300006034,26,5,2013,4,3,55,546,1,1,1,6,,49.52287,5.39675
201300006035,19,7,2013,16,1,55,510,2,1,1,6,ruelle Beauclin,49.5265,5.34914
201300006036,28,2,2013,16,1,55,124,1,1,1,6,,49.28919,5.30057
201300006037,8,8,2013,20,1,55,206,1,1,1,1,,49.28536,5.27114
201300006038,21,5,2013,0,3,55,204,1,1,1,6,,49.04961,5.43487
201300006039,8,6,2013,10,1,55,102,1,1,1,2,,49.207,5.336
201300006040,6,7,2013,12,1,55,200,2,1,1,6,22 Rue de Verdun,0.0,0.0
201300006041,26,8,2013,9,1,55,154,2,3,1,3,rue des  sapins,0.0,0.0
201300006042,27,11,2013,16,1,55,482,1,1,7,6,,0.0,0.0
201300006043,8,1,2013,17,3,55,361,1,1,2,6,,49.16132,5.48722
201300006044,26,4,2013,18,1,55,325,1,1,3,6,,49.24832,5.52705
201300006045,17,6,2013,17,1,55,181,2,1,1,6,D 603 - Rue du 3?me RHC,0.0,0.0
201300006046,5,10,2013,11,1,55,171,1,1,2,5,,49.174,5.456
201300006047,9,11,2013,8,1,55,473,1,1,1,6,,49.07823,5.64032
201300006048,1,12,2013,18,3,55,181,1,1,8,4,,49.2472,5.66765
201300006049,11,3,2013,15,1,88,134,2,7,8,6,Face 135 rue la papeteri,48.13978,6.4753
201300006050,30,3,2013,8,1,88,253,1,1,1,1,,0.0,0.0
201300006051,13,4,2013,12,1,88,178,2,1,1,2,28 route de mirecourt,48.17842,6.38666
201300006052,8,5,2013,8,1,88,160,1,1,1,6,,48.19173,6.47715
201300006053,16,9,2013,19,1,88,133,2,1,3,1,rue de la praye,48.24288,6.5035
201300006054,4,11,2013,13,1,88,253,1,1,2,1,,48.19781,6.47493
201300006055,12,11,2013,16,2,88,132,1,1,1,6,,48.20227,6.69425
201300006056,20,12,2013,17,3,88,253,1,1,8,3,,48.19205,6.48887
201300006057,3,1,2013,11,1,88,131,1,1,2,1,,48.16794,6.65561
201300006058,27,1,2013,14,1,88,101,1,1,2,6,,48.14641,6.61133
201300006059,31,1,2013,17,4,88,78,2,1,3,6,av. de L. De tassigny,48.20688,6.71641
201300006060,27,2,2013,5,3,88,216,1,1,1,7,,48.24989,6.66684
201300006061,18,5,2013,18,1,88,145,1,3,1,3,,48.24433,6.75122
201300006062,24,5,2013,16,1,88,131,1,3,1,1,,48.16451,6.64241
201300006063,15,9,2013,22,3,88,263,1,1,8,6,,48.14056,6.69123
201300006064,4,10,2013,20,5,88,78,2,9,2,6,rue Abel ferry,48.2027,6.72294
201300006065,21,11,2013,17,5,88,78,2,1,4,3,rue charlemagne,48.20541,6.71719
201300006066,20,12,2013,9,2,88,175,1,1,8,6,,48.22225,6.58664
201300006067,26,12,2013,17,2,88,76,1,1,8,6,,48.22827,6.72589
201300006068,9,1,2013,18,5,88,90,2,1,1,6,rue Maurice Barr?s,48.37036,6.93066
201300006069,26,1,2013,6,3,88,513,1,1,1,6,,48.33709,6.31778
201300006070,6,6,2013,14,1,88,173,1,4,1,1,,48.3624,6.26322
201300006071,9,6,2013,17,1,88,73,1,2,1,3,,48.34725,6.27709
201300006072,15,7,2013,15,1,88,90,2,1,1,7,route de chamagne,48.38212,6.29267
201300006073,4,10,2013,20,5,88,513,1,3,2,3,,48.34167,6.33333
201300006074,13,12,2013,8,2,88,90,1,1,9,1,,48.38727,6.28769
201300006075,3,3,2013,16,1,88,289,1,1,1,1,,48.133,5.85
201300006076,21,4,2013,0,3,88,61,2,1,1,6,"11, rue du moulin",48.06229,5.96484
201300006077,23,4,2013,8,1,88,421,1,1,1,1,,48.00255,5.88888
201300006078,2,5,2013,8,1,88,258,1,1,5,1,,48.08073,5.80321
201300006079,23,5,2013,17,1,88,517,1,1,1,3,,48.12064,5.94919
201300006080,10,7,2013,9,1,88,238,2,1,7,3,44 rue abbes mathis et m,48.05953,6.11129
201300006081,2,9,2013,15,1,88,61,1,1,1,6,,48.0604,5.96178
201300006082,25,9,2013,18,1,88,65,1,1,1,7,,48.09577,6.05991
201300006083,11,12,2013,9,1,88,291,1,1,9,7,,47.98099,5.99361
201300006084,25,3,2013,11,1,88,21,1,1,8,6,,48.31312,6.68238
201300006085,18,6,2013,22,5,88,367,2,1,1,3,avenue du 11 novembre,48.33282,6.63686
201300006086,6,7,2013,19,1,88,367,1,1,1,6,,48.3462,6.62184
201300006087,24,7,2013,22,5,88,318,2,1,1,7,5 route de Charmes,48.35151,6.54091
201300006088,19,12,2013,15,1,88,410,1,1,2,6,,48.38921,6.73935
201300006089,24,1,2013,10,1,88,465,2,1,8,3,"2, rue de Lorraine",48.25172,6.41965
201300006090,13,2,2013,14,1,88,465,2,1,1,6,38 Rue de Lorraine,48.25337,6.4172
201300006091,7,3,2013,16,1,88,454,1,1,1,5,,48.245,6.525
201300006092,15,4,2013,16,1,88,94,2,1,1,6,6 route d'Hadigny,48.31431,6.39973
201300006093,17,5,2013,15,1,88,99,2,1,1,2,,48.22369,6.43561
201300006094,18,5,2013,14,1,88,99,2,1,1,2,RUE D'EPINAL,48.2303,6.43652
201300006095,18,5,2013,12,1,88,465,1,1,1,1,"82, Rue d'Alsace",48.24843,6.42248
201300006096,21,6,2013,14,1,88,204,1,1,1,6,,48.24399,6.44515
201300006097,11,7,2013,9,1,88,465,2,1,1,3,"61, Rue d'Alsace",48.24911,6.42193
201300006098,16,6,2013,8,1,88,465,1,1,1,1,,48.25334,6.41128
201300006099,30,7,2013,16,1,88,204,2,1,1,1,rue Moselle,48.25574,6.43486
201300006100,14,8,2013,13,1,88,190,1,1,1,1,,48.30281,6.38217
201300006101,17,8,2013,13,1,88,454,1,1,7,7,,48.26431,6.54819
201300006102,20,8,2013,15,1,88,94,1,2,1,1,,48.30271,6.38361
201300006103,9,11,2013,14,1,88,465,1,1,1,6,,48.27723,6.44157
201300006104,1,12,2013,9,1,88,327,2,1,7,6,1 rue général De Gaulle,48.30593,6.38665
201300006105,31,7,2013,23,3,88,225,1,1,1,7,,48.06834,6.48335
201300006106,25,9,2013,15,1,88,225,2,1,1,3,intersection RD34 et rue,0.0,0.0
201300006107,14,4,2013,19,1,88,150,1,1,1,3,,48.33474,5.89524
201300006108,25,4,2013,15,1,88,460,2,2,1,3,RD 674 - RD 3,48.40115,5.73107
201300006109,6,6,2013,20,1,88,401,1,3,7,6,,48.30206,5.76718
201300006110,16,6,2013,6,1,88,321,1,1,1,6,,48.34972,5.6763
201300006111,5,7,2013,12,1,88,137,1,1,1,1,,48.34399,5.81293
201300006112,7,7,2013,12,1,88,270,1,1,6,6,,48.30535,5.55738
201300006113,12,7,2013,7,1,88,363,1,1,1,1,,48.46231,5.81722
201300006114,21,7,2013,22,5,88,270,2,1,1,6,Route de Neufchateau,48.31739,5.59629
201300006115,7,8,2013,16,1,88,270,2,9,1,6,2 bis route de Joinville,48.32239,5.5759
201300006116,14,8,2013,14,1,88,321,2,1,1,1,chemin du Saulcy,48.37057,5.69779
201300006117,8,10,2013,17,1,88,366,1,1,1,7,,48.36314,5.90224
201300006118,25,11,2013,13,1,88,206,1,1,1,3,,48.30297,5.91385
201300006119,17,12,2013,9,1,88,118,1,1,7,6,,48.42199,5.6835
201300006120,21,12,2013,18,5,88,321,2,1,1,3,Avenue Jean Jaur?s,48.36056,5.69411
201300006121,23,1,2013,5,3,88,155,1,1,5,6,,48.30412,6.07383
201300006122,4,2,2013,18,3,88,389,1,1,1,1,,48.34152,5.98838
201300006123,2,3,2013,20,3,88,155,1,1,1,2,,48.3043,6.08069
201300006124,14,7,2013,17,1,88,334,2,3,1,1,,48.33573,6.02429
201300006125,22,7,2013,22,3,88,357,1,1,1,7,,48.33231,6.12212
201300006126,15,8,2013,13,1,88,237,1,1,1,5,,48.23048,6.29856
201300006127,31,8,2013,18,1,88,58,2,2,1,1,GRAND RUE,48.32275,5.95362
201300006128,15,9,2013,0,3,88,129,1,1,3,7,,48.25219,6.24929
201300006129,14,10,2013,7,2,88,304,2,1,1,6,Avenue Duch?ne,48.29727,6.13373
201300006130,19,10,2013,12,1,88,304,2,1,1,3,Avenue Gambetta,48.30151,6.14434
201300006131,8,11,2013,16,2,88,499,1,1,3,1,,48.26983,6.15856
201300006132,12,11,2013,11,1,88,55,1,1,1,3,,48.30492,6.32464
201300006133,2,1,2013,9,1,88,516,2,2,1,3,Rue Winston Churchill,48.20964,5.95079
201300006134,1,3,2013,1,3,88,430,2,1,1,6,"33, Rue de la corvée",48.1852,5.76923
201300006135,5,10,2013,13,1,88,516,1,1,3,1,,48.19162,5.9323
201300006136,13,12,2013,16,2,88,114,1,6,5,3,,48.18884,5.8829
201300006137,15,6,2013,15,1,88,158,1,1,1,3,,48.10208,6.59916
201300006138,3,10,2013,13,1,88,148,1,1,1,3,,48.0042,6.63321
201300006139,18,12,2013,21,5,88,11,2,1,1,6,2 rue de la gare,48.11872,6.52799
201300006140,27,2,2013,18,5,88,470,1,1,1,1,,48.08433,6.76966
201300006141,24,4,2013,14,1,88,75,1,4,1,6,Route de Gérardmer,48.01941,6.89007
201300006142,23,6,2013,16,1,88,75,1,1,1,1,,48.00366,6.9365
201300006143,9,7,2013,18,1,88,116,2,1,1,6,5 RUE DU DAVAL,47.96353,6.83531
201300006144,21,7,2013,23,1,88,75,1,1,1,1,,47.99805,6.84952
201300006145,10,8,2013,4,3,88,109,1,1,8,6,,48.05701,6.66911
201300006146,16,12,2013,15,1,88,447,1,1,1,3,,47.95577,6.74425
201300006147,6,4,2013,13,1,88,426,1,1,1,7,,47.84165,6.83522
201300006148,1,11,2013,0,5,88,468,2,1,1,6,32 rue de la Gare,47.87628,6.76452
201300006149,16,11,2013,5,3,88,408,1,6,5,6,,47.90942,6.69425
201300006150,16,11,2013,22,5,88,302,2,1,1,6,16 grande rue,47.89786,6.7878
201300006151,19,11,2013,13,1,88,468,2,9,3,1,"1, Avenue de Verdun",47.88083,6.76317
201300006152,14,5,2013,4,3,88,361,1,1,1,1,,48.30242,7.07536
201300006153,30,8,2013,11,1,88,445,1,1,1,1,,48.25244,6.95818
201300006154,20,9,2013,15,1,88,445,2,3,1,1,D58 / Vaucourt,48.23789,6.96539
201300006155,11,1,2013,17,3,88,181,1,1,2,1,,48.17814,6.93066
201300006156,21,2,2013,21,5,88,218,2,1,1,6,1 route de G?rardmer,48.14147,6.79712
201300006157,24,3,2013,10,1,88,106,2,1,1,1,345 route D?p 73,48.17765,6.97594
201300006158,30,3,2013,10,1,88,9,1,1,1,1,,48.1803,6.93707
201300006159,8,5,2013,6,1,88,284,1,1,1,6,,48.2222,6.98287
201300006160,9,6,2013,7,2,88,505,1,3,8,6,,48.17587,6.83155
201300006161,15,6,2013,14,1,88,181,1,1,1,4,,48.18013,7.02387
201300006162,1,8,2013,7,1,88,106,1,3,1,3,,48.18355,6.97335
201300006163,9,9,2013,6,1,88,9,2,1,1,4,1917 route de St Dié,48.20361,6.94444
201300006164,13,9,2013,7,1,88,198,1,1,1,6,,48.10656,6.91025
201300006165,29,10,2013,18,5,88,423,2,1,1,1,Mardichamp,48.22216,6.96526
201300006166,30,10,2013,8,1,88,9,2,1,7,6,75 rue des acacias,48.18548,6.94865
201300006167,29,11,2013,0,3,88,18,2,1,1,4,Route de Granges,48.16968,6.77514
201300006168,28,12,2013,18,5,88,115,2,1,2,1,rue d 'alsace,48.16989,6.88521
201300006169,16,2,2013,11,1,88,196,2,2,1,3,rue de Lorraine,0.0,0.0
201300006170,21,9,2013,14,1,88,196,1,4,1,3,Route du Tour du Lac,48.073,6.83939
201300006171,13,2,2013,0,3,88,165,1,1,1,6,,48.36115,6.82043
201300006172,18,4,2013,8,1,88,451,2,1,1,2,avenue de salm,48.38953,6.95533
201300006173,27,4,2013,21,5,88,165,2,1,2,6,8 rue de l'abbaye,48.36461,6.86778
201300006174,17,5,2013,10,1,88,435,1,1,2,7,,48.34992,6.83213
201300006175,5,6,2013,15,1,88,435,1,3,1,3,Route d'Etival,48.35352,6.83364
201300006176,23,6,2013,11,1,88,53,1,1,1,6,Col du Hantz,48.40817,7.0684
201300006177,29,8,2013,18,1,88,451,2,1,7,1,11 rue du mar?chal Foch,48.40334,6.98741
201300006178,5,9,2013,16,1,88,372,2,1,1,3,59 avenue du 21?me BCP,48.40765,6.85908
201300006179,3,9,2013,17,1,88,451,2,8,7,6,place mar?chal vautrin,48.39568,6.98066
201300006180,22,9,2013,2,5,88,372,2,1,8,6,107 rue stalingrad,48.41009,6.85282
201300006181,27,9,2013,17,1,88,53,1,1,1,1,,48.40998,7.04759
201300006182,17,12,2013,17,1,88,372,1,1,1,1,,48.39901,6.85476
201300006183,22,1,2013,17,5,67,28,2,6,8,1,CD5 PK 10+500,0.0,0.0
201300006184,8,3,2013,19,3,67,246,1,1,2,6,,48.334,7.561
201300006185,23,6,2013,17,2,67,28,2,1,1,3,intersection,48.375,7.592
201300006186,27,6,2013,16,1,67,28,2,3,1,3,Rue S?lestat,48.375,7.591
201300006187,29,7,2013,1,3,67,90,1,1,2,6,,0.0,0.0
201300006188,1,8,2013,10,1,67,216,2,1,7,6,02 rue du gal De Gaulle,0.0,0.0
201300006189,17,9,2013,20,5,67,216,1,1,3,2,,0.0,0.0
201300006190,10,10,2013,8,2,67,28,1,1,3,1,,48.367,7.611
201300006191,16,10,2013,13,1,67,55,1,1,1,6,,48.341,7.665
201300006192,26,10,2013,7,3,67,28,2,1,1,3,Rue de la digue,0.0,0.0
201300006193,22,11,2013,17,3,67,146,1,1,9,6,,48.317,7.691
201300006194,11,12,2013,15,3,67,192,1,1,5,5,,48.361,7.619
201300006195,17,12,2013,22,3,67,216,2,1,1,6,,48.367,7.578
201300006196,14,7,2013,5,2,67,131,2,1,1,6,Brigade Alsace Lorraine,48.485,7.712
201300006197,5,8,2013,18,1,67,268,2,1,7,1,RUE DU GENERAL DE GAULLE,48.496,7.668
201300006198,14,8,2013,17,1,67,137,2,9,1,1,,48.493,7.683
201300006199,25,1,2013,6,2,67,130,2,1,1,6,rue du rempart,0.0,0.0
201300006200,7,2,2013,7,1,67,130,2,1,8,6,08 rue merci?re,0.0,0.0
201300006201,26,2,2013,9,2,67,130,1,1,9,2,,0.0,0.0
201300006202,10,3,2013,11,1,67,526,1,1,2,6,,0.0,0.0
201300006203,28,3,2013,20,3,67,197,1,1,1,6,,0.0,0.0
201300006204,4,5,2013,16,1,67,438,1,1,2,7,,0.0,0.0
201300006205,18,5,2013,16,1,67,130,1,1,1,3,,0.0,0.0
201300006206,27,5,2013,10,1,67,200,2,1,1,7,rue saint ludan,0.0,0.0
201300006207,18,6,2013,9,1,67,217,1,1,1,4,,0.0,0.0
201300006208,8,7,2013,20,1,67,154,1,1,1,7,,0.0,0.0
201300006209,2,8,2013,19,1,67,130,2,1,1,1,03 RUE JEAN GEORGES ABRY,0.0,0.0
201300006210,21,8,2013,7,1,67,438,1,1,1,3,,0.0,0.0
201300006211,17,9,2013,10,1,67,217,1,2,1,3,,0.0,0.0
201300006212,23,4,2013,17,1,67,286,1,1,1,3,,0.0,0.0
201300006213,24,5,2013,7,1,67,348,2,1,1,6,Avenue de gail,0.0,0.0
201300006214,1,9,2013,16,1,67,286,1,1,1,6,,0.0,0.0
201300006215,22,11,2013,23,5,67,504,2,1,1,6,Rue du Moulin,0.0,0.0
201300006216,16,12,2013,12,1,67,286,1,1,1,6,,48.442,7.546
201300006217,8,1,2013,18,3,67,523,1,1,2,5,,0.0,0.0
201300006218,26,4,2013,18,1,67,203,1,1,3,3,,0.0,0.0
201300006219,7,5,2013,23,5,67,458,2,6,1,7,rue du g?n?ral de Gaulle,0.0,0.0
201300006220,1,8,2013,8,1,67,523,1,1,1,1,,0.0,0.0
201300006221,1,8,2013,10,1,67,230,2,2,1,3,42 rue de la Libert?,0.0,0.0
201300006222,29,10,2013,8,3,67,458,1,1,1,2,,0.0,0.0
201300006223,6,4,2013,10,1,67,46,1,1,1,6,,0.0,0.0
201300006224,27,4,2013,22,5,67,46,2,9,2,2,,0.0,0.0
201300006225,10,5,2013,17,1,67,46,2,3,1,3,rue de rohrwiller,48.77,7.865
201300006226,23,5,2013,4,5,67,449,2,1,1,7,153 RUE PRINCIPALE,0.0,0.0
201300006227,11,7,2013,10,1,67,169,1,6,1,3,,0.0,0.0
201300006228,4,10,2013,18,3,67,450,1,1,1,1,,0.0,0.0
201300006229,26,2,2013,7,1,67,473,2,1,1,6,Ru de STRASBOURG,0.0,0.0
201300006230,21,5,2013,17,1,67,300,2,1,1,3,Avenue de la gare,0.0,0.0
201300006231,12,7,2013,16,1,67,313,2,1,7,3,3 A rue des Trois Pics,0.0,0.0
201300006232,1,8,2013,16,1,67,101,1,1,1,3,,0.0,0.0
201300006233,15,8,2013,16,1,67,112,2,1,1,6,RUE DE LA FORET,0.0,0.0
201300006234,21,8,2013,10,1,67,300,2,6,2,3,Carrefour Rue des Sports,0.0,0.0
201300006235,23,8,2013,8,1,67,300,2,1,1,6,Rue du G?n?ral LECLERC,48.545,7.489
201300006236,3,9,2013,14,1,67,300,2,1,7,1,rue du g?n?ral leclerc,48.545,7.49
201300006237,25,9,2013,21,4,67,80,1,1,1,6,,0.0,0.0
201300006238,17,12,2013,17,3,67,168,1,1,1,4,,0.0,0.0
201300006239,15,1,2013,13,1,67,411,2,1,8,6,rue Marie Anne Reibel,48.5,7.46
201300006240,18,4,2013,15,1,67,45,1,1,1,1,,0.0,0.0
201300006241,9,5,2013,17,1,67,411,1,1,1,6,,0.0,0.0
201300006242,23,7,2013,12,1,67,411,1,1,1,1,,48.512,7.499
201300006243,28,4,2013,15,1,67,377,1,1,1,1,,0.0,0.0
201300006244,26,8,2013,18,1,67,520,1,1,1,1,,48.634,7.473
201300006245,2,9,2013,10,1,67,122,1,1,1,3,,48.634,7.335
201300006246,29,9,2013,13,1,67,18,1,1,1,5,,48.586,7.426
201300006247,30,9,2013,16,1,67,442,1,1,1,6,,48.601,7.515
201300006248,8,3,2013,13,1,67,352,1,1,1,6,,0.0,0.0
201300006249,2,6,2013,13,1,67,61,1,1,1,1,,0.0,0.0
201300006250,23,8,2013,13,1,67,322,1,1,1,6,,0.0,0.0
201300006251,22,10,2013,2,5,67,469,1,6,1,6,,0.0,0.0
201300006252,16,12,2013,16,2,67,61,2,1,1,6,9 rue des mines,0.0,0.0
201300006253,6,3,2013,16,1,67,437,2,1,1,6,36 rue du Mar?chal Joffr,0.0,0.0
201300006254,17,4,2013,18,1,67,437,1,1,1,1,,0.0,0.0
201300006255,3,5,2013,16,1,67,478,1,1,2,1,,0.0,0.0
201300006256,17,6,2013,20,1,67,89,1,1,1,7,,0.0,0.0
201300006257,19,6,2013,13,1,67,78,1,1,1,5,,0.0,0.0
201300006258,29,6,2013,10,1,67,275,1,1,1,6,,0.0,0.0
201300006259,12,7,2013,13,1,67,437,1,1,1,3,,0.0,0.0
201300006260,2,9,2013,12,1,67,367,1,1,1,3,,0.0,0.0
201300006261,17,11,2013,11,1,67,437,2,1,8,6,4 rue des cl?s,48.744,7.369
201300006262,22,12,2013,10,1,67,437,1,1,2,1,,0.0,0.0
201300006263,11,2,2013,10,1,67,488,1,1,4,3,,0.0,0.0
201300006264,1,3,2013,20,3,67,456,1,1,1,6,,0.0,0.0