Num_Acc,jour,mois,an,hr,condition_eclairage,departement,commune,condition_agglomeration,intersection,condition_atmosphere,type_collision,adresse,lattitude,longitude
201300006265,12,3,2013,9,1,67,183,1,1,8,6,,48.923,7.031
201300006266,11,4,2013,18,1,67,434,1,1,2,6,,48.81,7.112
201300006267,5,5,2013,13,1,67,371,1,1,7,7,,48.854,7.318
201300006268,12,5,2013,19,1,67,191,1,1,1,1,,49.047,7.089
201300006269,17,6,2013,16,1,67,95,2,1,7,3,rue paul Paray,0.0,0.0
201300006270,21,7,2013,1,5,67,483,2,1,1,7,82 rue principale,48.894,7.256
201300006271,21,9,2013,20,3,67,524,2,1,1,6,rue de neuwiller,0.0,0.0
201300006272,3,10,2013,18,1,67,105,2,1,1,6,25 rue de phalsbourg,0.0,0.0
201300006273,25,11,2013,7,2,67,234,1,1,1,6,,0.0,0.0
201300006274,25,2,2013,7,1,67,298,1,1,4,7,,0.0,0.0
201300006275,5,3,2013,21,5,67,67,2,1,1,5,115 AVENUE DE STRASBOURG,48.729,7.709
201300006276,15,5,2013,12,1,67,67,2,1,1,3,9 RUE DE PFAFENHOFFEN,0.0,0.0
201300006277,2,6,2013,10,1,67,67,2,1,1,6,RUE DE L ABATTOIR,0.0,0.0
201300006278,26,6,2013,18,1,67,67,2,1,1,1,,0.0,0.0
201300006279,16,7,2013,14,1,67,67,2,1,1,2,141 Avenue de Strasbourg,48.734,7.713
201300006280,11,8,2013,19,1,67,39,1,1,1,3,,48.71,7.66
201300006281,30,11,2013,8,1,67,67,2,1,5,6,103 Avenue de Strasbourg,48.728,7.71
201300006282,7,3,2013,7,1,67,548,1,9,1,6,,48.644,7.608
201300006283,28,3,2013,17,1,67,460,1,1,1,6,,48.771,7.594
201300006284,16,4,2013,6,1,67,225,1,1,1,1,,48.808,7.534
201300006285,17,4,2013,14,1,67,548,1,1,1,6,,48.639,7.594
201300006286,13,5,2013,7,1,67,363,1,1,1,6,,48.59,7.562
201300006287,5,8,2013,11,1,67,460,2,8,1,7,Rue de WALTENHEIM,0.0,0.0
201300006288,13,8,2013,19,1,67,495,2,1,1,1,Rue de la Gare,0.0,0.0
201300006289,7,9,2013,22,3,67,374,1,1,1,2,,48.671,7.637
201300006290,21,9,2013,14,1,67,375,1,1,1,6,,48.65,7.678
201300006291,19,12,2013,8,1,67,382,1,1,8,6,,0.0,0.0
201300006292,22,12,2013,2,3,67,495,1,1,1,7,,0.0,0.0
201300006293,1,4,2013,21,4,67,151,2,1,1,3,16 rue Nationale,48.693,7.874
201300006294,17,7,2013,14,1,67,205,1,1,1,1,,48.688,7.78
201300006295,25,7,2013,15,1,67,519,1,1,1,1,,48.646,7.787
201300006296,1,2,2013,14,1,67,65,1,1,2,1,,0.0,0.0
201300006297,28,3,2013,11,1,67,226,1,1,1,1,,0.0,0.0
201300006298,27,4,2013,6,2,67,118,2,1,2,1,rue du canal,0.0,0.0
201300006299,9,5,2013,18,1,67,226,1,1,1,2,,0.0,0.0
201300006300,27,5,2013,10,1,67,1,2,1,1,3,rue du Holtzheim,0.0,0.0
201300006301,29,6,2013,16,1,67,551,2,9,1,3,Rue du G?n?ral LECLERC,48.591,7.667
201300006302,12,8,2013,9,1,67,226,2,1,1,6,16 Route de Parie,0.0,0.0
201300006303,2,9,2013,21,3,67,182,1,1,1,6,,48.559,7.629
201300006304,15,9,2013,8,1,67,226,2,9,2,6,route de Paris,0.0,0.0
201300006305,7,10,2013,7,2,67,551,2,6,1,1,Route de Paris - D45,0.0,0.0
201300006306,18,10,2013,12,1,67,118,1,1,1,5,,0.0,0.0
201300006307,2,1,2013,8,1,67,20,1,1,1,1,,0.0,0.0
201300006308,15,2,2013,7,2,67,115,1,1,4,6,,48.316,7.495
201300006309,25,2,2013,8,1,67,239,1,1,8,1,,48.281,7.349
201300006310,12,5,2013,10,1,67,239,1,1,8,3,,48.286,7.362
201300006311,12,7,2013,8,1,67,115,1,1,1,3,,48.302,7.493
201300006312,13,7,2013,19,1,67,115,1,3,1,3,,48.317,7.507
201300006313,2,9,2013,3,3,67,317,1,1,1,7,,48.317,7.352
201300006314,15,4,2013,19,1,67,21,1,1,1,6,,0.0,0.0
201300006315,20,6,2013,19,1,67,481,1,2,1,3,,0.0,0.0
201300006316,21,7,2013,5,2,67,481,1,1,1,6,,48.387,7.529
201300006317,21,8,2013,9,1,67,227,1,1,1,1,,0.0,0.0
201300006318,1,9,2013,5,3,67,10,1,1,1,7,,48.397,7.409
201300006319,20,9,2013,13,1,67,84,1,1,1,1,,48.316,7.472
201300006320,17,1,2013,11,1,67,547,2,1,8,6,1 rue de Muttersholtz,0.0,0.0
201300006321,19,1,2013,14,1,67,311,1,1,8,6,,0.0,0.0
201300006322,28,2,2013,22,1,67,196,2,1,1,6,,0.0,0.0
201300006323,3,8,2013,14,1,67,281,2,1,1,6,8 rue du Rhin,0.0,0.0
201300006324,11,8,2013,0,5,67,453,1,1,1,2,,0.0,0.0
201300006325,16,9,2013,17,1,67,281,2,1,3,3,12 rue cl?menceau,0.0,0.0
201300006326,22,10,2013,15,1,67,310,1,2,1,3,,0.0,0.0
201300006327,1,12,2013,18,3,67,277,1,1,1,1,,0.0,0.0
201300006328,10,12,2013,16,1,67,311,1,1,1,6,,0.0,0.0
201300006329,5,3,2013,14,1,67,544,2,1,1,6,AVENUE DE LA GARE,0.0,0.0
201300006330,25,3,2013,17,1,67,400,1,1,1,7,,49.0,7.955
201300006331,14,5,2013,13,1,67,451,2,1,1,1,Rue principale,48.997,8.02699
201300006332,7,9,2013,22,3,67,544,1,1,1,6,,49.014,7.98
201300006333,1,12,2013,1,3,67,74,1,1,1,6,,0.0,0.0
201300006334,3,2,2013,15,1,67,463,2,1,1,3,1 rue de Strasbourg,48.903,8.111
201300006335,12,3,2013,16,1,67,346,1,1,4,1,,0.0,0.0
201300006336,25,10,2013,8,1,67,494,1,1,1,1,,0.0,0.0
201300006337,22,10,2013,0,3,67,235,1,1,1,7,,0.0,0.0
201300006338,26,10,2013,15,1,67,327,1,1,1,5,,0.0,0.0
201300006339,26,11,2013,6,4,67,25,1,1,9,1,,0.0,0.0
201300006340,2,1,2013,7,2,67,474,1,2,1,3,,48.949,7.894
201300006341,12,1,2013,16,1,67,184,1,1,1,1,,48.893,7.987
201300006342,23,2,2013,18,2,67,487,1,1,1,1,,48.908,7.861
201300006343,1,7,2013,12,1,67,474,1,1,1,7,,48.937,7.88
201300006344,22,9,2013,15,1,67,213,1,1,1,3,,0.0,0.0
201300006345,30,12,2013,23,3,67,184,1,1,5,6,,48.918,7.983
201300006346,18,5,2013,14,1,67,160,1,1,1,3,,48.964,7.756
201300006347,31,7,2013,17,1,67,257,1,1,1,3,,48.954,7.827
201300006348,25,1,2013,10,1,68,7,1,9,1,1,,48.06032,7.4248
201300006349,13,3,2013,15,1,68,145,2,1,1,1,A hauteur 86 Grand'Rue,48.08005,7.39825
201300006350,24,4,2013,15,1,68,9,1,1,1,6,,48.10965,7.57025
201300006351,10,5,2013,14,1,68,331,2,3,1,1,rue des acacias,48.04597,7.41506
201300006352,17,6,2013,16,1,68,227,1,4,1,1,,48.10858,7.47367
201300006353,1,7,2013,21,2,68,146,2,2,1,1,RUE DE LATTRE DE TASSIGN,48.12493,7.37828
201300006354,2,7,2013,19,1,68,227,1,2,1,3,,48.10808,7.48291
201300006355,26,7,2013,10,1,68,331,1,1,1,5,,48.04968,7.40435
201300006356,23,12,2013,15,5,68,145,2,1,1,1,GRAND RUE,0.0,0.0
201300006357,22,1,2013,7,2,68,249,2,1,1,6,route de colmar,48.12858,7.16734
201300006358,7,6,2013,21,2,68,26,2,2,1,2,rue de jegun,48.14166,7.33094
201300006359,21,8,2013,18,1,68,26,2,1,1,3,Rue des romains,48.152,7.334
201300006360,2,10,2013,16,1,68,310,1,6,7,3,,48.137,7.319
201300006361,11,12,2013,17,1,68,44,1,1,4,7,,0.0,0.0
201300006362,20,1,2013,21,5,68,368,2,1,2,6,route Nationale,48.04657,7.20852
201300006363,23,3,2013,23,5,68,368,1,1,1,2,,48.04615,7.20768
201300006364,15,4,2013,16,1,68,368,2,1,1,1,rue de Walbach,48.05304,7.20741
201300006365,7,7,2013,13,1,68,329,1,3,1,3,,48.06069,7.08641
201300006366,1,9,2013,9,1,68,142,1,1,1,1,,48.067,7.137
201300006367,28,9,2013,22,3,68,51,2,1,1,6,"1, route de Munster",48.02771,7.10151
201300006368,28,9,2013,16,1,68,311,1,1,1,3,,47.99189,7.06965
201300006369,2,10,2013,9,1,68,117,2,1,1,1,16 B rue de MUNSTER,0.0,0.0
201300006370,12,11,2013,8,1,68,117,1,1,1,3,,48.047,7.169
201300006371,4,12,2013,18,5,68,226,2,1,1,6,38 grand'rue,48.045,7.136
201300006372,30,1,2013,8,1,68,379,1,1,8,1,,48.0374,7.482
201300006373,8,2,2013,16,1,68,351,1,1,1,6,,48.01012,7.5846
201300006374,17,4,2013,19,1,68,36,2,4,1,1,RD12/RUE DES PECHEURS,48.04033,7.54741
201300006375,28,7,2013,18,1,68,230,2,4,8,3,RD468- Route thierhurst,47.94198,7.54373
201300006376,22,8,2013,9,1,68,189,2,9,1,6,1 Rue de Dinsheim,48.02001,7.40667
201300006377,3,9,2013,14,1,68,69,1,1,1,6,,47.96127,7.49528
201300006378,16,10,2013,12,1,68,36,1,2,1,1,,48.056,7.556
201300006379,17,10,2013,16,1,68,231,2,1,7,6,route de B?le,48.017,7.531
201300006380,20,10,2013,2,3,68,36,1,1,1,6,,48.056,7.537
201300006381,26,10,2013,17,1,68,130,2,1,1,3,rue du Rhin et 7 f?vrier,47.974,7.547
201300006382,8,11,2013,17,3,68,351,1,1,2,3,,48.013,7.588
201300006383,18,11,2013,6,2,68,69,1,1,5,6,,47.997,7.5033
201300006384,16,12,2013,15,1,68,352,2,3,1,3,,48.021,7.539
201300006385,21,12,2013,12,1,68,36,1,1,1,1,,0.0,0.0
201300006386,22,4,2013,18,1,68,296,1,3,1,3,,48.21832,7.40084
201300006387,19,5,2013,17,1,68,23,1,1,2,6,,48.1678,7.34923
201300006388,18,6,2013,16,1,68,269,1,1,7,1,,0.0,0.0
201300006389,6,7,2013,17,1,68,269,1,1,1,7,,48.19265,7.22524
201300006390,20,7,2013,16,1,68,280,1,2,1,3,,48.22552,7.36243
201300006391,3,9,2013,16,1,68,147,1,1,1,7,,48.181,7.324
201300006392,3,3,2013,15,1,68,298,1,1,1,1,,48.24772,7.15739
201300006393,27,2,2013,7,1,68,78,2,1,1,7,route de Wettolsheim,48.04575,7.31035
201300006394,21,4,2013,22,5,68,374,2,2,1,1,RD 83 rue de Colmar,48.0684,7.30975
201300006395,21,5,2013,12,1,68,155,2,6,1,3,RUE SCHUMANN 68040,48.09403,7.30678
201300006396,29,6,2013,6,2,68,161,1,1,2,6,,48.10972,2.29574
201300006397,3,7,2013,15,1,68,155,1,1,2,6,,48.09666,7.31385
201300006398,30,8,2013,11,1,68,338,1,1,1,1,,48.09233,7.23874
201300006399,3,9,2013,18,1,68,338,2,1,7,3,route des trois épis,48.08384,7.25846
201300006400,15,10,2013,15,1,68,374,1,1,1,3,,48.07855,7.31188
201300006401,3,12,2013,22,3,68,155,1,1,5,1,,0.0,0.0
201300006402,11,7,2013,6,2,68,133,1,1,1,6,,47.56948,7.29252
201300006403,10,8,2013,14,1,68,333,1,1,1,3,,47.61767,7.31105
201300006404,21,9,2013,18,1,68,222,2,2,1,5,D463,0.0,0.0
201300006405,31,10,2013,23,5,68,10,2,1,1,6,route de Thann,47.63773,7.23359
201300006406,16,12,2013,14,1,68,17,1,1,1,1,,0.0,0.0
201300006407,27,1,2013,3,5,68,332,2,1,1,6,,47.65381,7.26535
201300006408,3,2,2013,0,3,68,99,2,1,1,1,77 RUE PRINCIPALE,47.69258,7.27367
201300006409,31,3,2013,0,5,68,99,2,1,2,3,D18V,47.68657,7.26623
201300006410,18,5,2013,18,1,68,65,1,1,1,7,,47.64408,7.03669
201300006411,17,6,2013,9,1,68,319,2,1,1,1,15 rue d'illfurth,47.6719,7.22908
201300006412,26,10,2013,19,3,68,245,1,1,1,3,,47.642,7.305
201300006413,6,12,2013,15,1,68,268,1,1,1,7,,47.639,7.0931
201300006414,8,5,2013,13,1,68,49,1,1,1,7,,47.50566,7.33226
201300006415,18,5,2013,15,1,68,165,1,1,1,7,,47.44071,7.32732
201300006416,20,5,2013,21,3,68,330,1,1,1,7,,47.57948,7.12975
201300006417,19,6,2013,9,1,68,306,2,1,1,2,"5, rue de BALE",47.53441,7.18034
201300006418,22,6,2013,2,3,68,340,1,1,1,7,,47.54508,7.15103
201300006419,30,6,2013,17,1,68,259,1,1,1,6,,47.47118,7.34474
201300006420,28,7,2013,1,5,68,176,2,1,8,6,rue de Seppois,47.55854,7.1867
201300006421,19,10,2013,15,1,68,67,1,1,1,1,,47.47019,7.2109
201300006422,9,2,2013,19,5,68,82,2,1,4,6,faubourg de Belfort,47.863,7.341
201300006423,2,3,2013,6,3,68,82,1,1,1,6,,47.875,7.372
201300006424,5,4,2013,8,1,68,235,1,1,1,1,,0.0,0.0
201300006425,9,6,2013,18,1,68,82,1,1,1,6,,47.84923,7.32347
201300006426,16,6,2013,17,1,68,281,1,2,1,3,,47.88861,7.4481
201300006427,20,6,2013,14,1,68,281,1,1,1,1,,47.8882,7.4581
201300006428,28,6,2013,12,1,68,205,1,1,1,1,,47.91345,7.35974
201300006429,17,8,2013,13,1,68,41,1,1,1,7,,47.888,7.547
201300006430,20,8,2013,11,1,68,205,1,1,1,1,,47.92247,7.35666
201300006431,23,8,2013,16,1,68,82,1,1,1,3,,47.86825,7.33615
201300006432,19,9,2013,15,1,68,82,1,1,1,3,,47.87663,7.38651
201300006433,29,9,2013,14,1,68,91,1,1,1,3,,0.0,0.0
201300006434,16,11,2013,18,3,68,91,1,1,1,5,,47.91933,7.50483
201300006435,14,1,2013,17,5,68,364,1,1,1,4,,47.95437,7.25557
201300006436,28,9,2013,12,1,68,251,2,1,1,1,Place du Waldacker,47.994,7.214
201300006437,9,12,2013,19,3,68,318,1,1,9,7,,47.96165,7.21277
201300006438,22,12,2013,10,1,68,318,1,1,8,6,,0.0,0.0
201300006439,15,3,2013,8,1,68,318,1,1,1,1,,47.95745,7.19967
201300006440,8,6,2013,20,1,68,203,1,1,1,1,,47.911,7.302
201300006441,27,6,2013,2,3,68,381,1,1,1,6,,47.874,7.185
201300006442,30,6,2013,14,1,68,203,1,1,1,7,,47.90727,7.29947
201300006443,15,3,2013,18,1,68,154,2,1,1,7,rue de la hardt,0.0,0.0
201300006444,10,2,2013,15,1,68,267,2,1,1,1,rue de mulhouse,47.756,7.238
201300006445,22,3,2013,12,1,68,384,2,1,1,2,69 faubourg de MULHOUSE,47.69548,7.30373
201300006446,12,6,2013,14,1,68,195,2,2,1,3,,47.76299,7.27947
201300006447,30,8,2013,9,1,68,267,1,1,1,2,,47.774,7.244
201300006448,11,10,2013,15,1,68,195,2,1,1,2,rue du Gal de Gaulle,47.763,7.283
201300006449,20,12,2013,0,5,68,70,2,1,3,1,rue de Hochstatt,47.724,7.3
201300006450,10,1,2013,13,1,68,135,2,3,1,3,RD419 / RUE DES TULIPES,0.0,0.0
201300006451,2,5,2013,18,1,68,208,1,1,1,3,,0.0,0.0
201300006452,11,5,2013,17,1,68,135,1,1,1,7,,0.0,0.0
201300006453,9,6,2013,12,1,68,135,1,1,7,1,,47.58143,7.53497
201300006454,13,8,2013,2,3,68,349,1,1,1,6,,0.0,0.0
201300006455,25,8,2013,21,5,68,126,2,1,1,6,82 RUE DE BOURGFELDEN,0.0,0.0
201300006456,10,2,2013,0,5,68,324,2,2,1,3,rue principale,47.65704,7.34553
201300006457,6,3,2013,12,1,68,72,1,1,1,4,,47.69725,7.42251
201300006458,10,6,2013,1,5,68,309,2,1,3,6,21 rue Rogg Haas,0.0,0.0
201300006459,30,10,2013,20,3,68,21,1,1,1,2,,47.62961,7.48891
201300006460,9,11,2013,9,1,68,103,1,1,1,4,,47.70301,7.42297
201300006461,25,9,2013,8,2,68,334,1,1,1,3,,0.0,0.0
201300006462,20,12,2013,7,2,68,40,2,1,2,6,rue du Rhin,0.0,0.0
201300006463,27,1,2013,8,1,68,342,2,1,1,6,ESPERANCE (RUE DE L) 28,47.82124,7.17814
201300006464,10,3,2013,21,3,68,63,1,1,1,1,,47.80239,7.19017
201300006465,7,6,2013,17,1,68,63,2,1,1,6,rue risler 68700 Cernay,47.80657,7.17407
201300006466,9,6,2013,15,1,68,342,2,3,1,3,rue de Soultz,47.81737,7.1791
201300006467,2,7,2013,8,1,68,63,2,1,1,6,rue georges risler,48.80778,7.17209
201300006468,30,7,2013,16,1,68,63,1,1,1,1,route de Wittelsheim,47.8046,7.19218
201300006469,8,8,2013,8,1,68,63,2,1,1,1,rue Riesler,47.80878,7.17221
201300006470,11,8,2013,15,1,68,342,1,1,7,1,,47.8168,7.19252
201300006471,24,10,2013,9,1,68,63,2,1,1,6,RUE GEORGES RISLER,47.8065,7.17408
201300006472,4,9,2013,15,1,68,247,1,1,1,7,,47.95705,7.00441
201300006473,28,9,2013,16,1,68,370,1,1,1,6,,47.98689,6.96564
201300006474,21,6,2013,14,1,68,60,2,1,1,1,pont d'aspach - RD26,47.73976,7.14641
201300006475,5,7,2013,15,1,68,307,2,1,1,3,rue principale,47.80774,6.91549
201300006476,27,9,2013,18,1,68,73,1,1,1,6,,47.812,6.919
201300006477,29,10,2013,13,1,68,313,1,1,1,5,,47.724,7.109
201300006478,21,11,2013,8,1,68,302,1,1,4,6,,47.755,7.154
201300006479,21,1,2013,20,3,51,617,1,1,1,1,N44,0.0,0.0
201300006480,3,3,2013,12,1,51,193,1,2,1,3,D3/D79,0.0,0.0
201300006481,19,5,2013,12,1,51,566,1,1,2,6,D933,0.0,0.0
201300006482,25,5,2013,13,1,51,146,1,1,1,6,D5,0.0,0.0
201300006483,8,6,2013,18,1,51,179,2,1,1,6,D1,0.0,0.0
201300006484,20,6,2013,17,1,51,371,1,1,8,7,D54,0.0,0.0
201300006485,28,6,2013,22,3,51,231,1,1,3,1,D3,0.0,0.0
201300006486,30,7,2013,23,3,51,278,1,1,1,6,D944,0.0,0.0
201300006487,9,8,2013,23,5,51,617,1,2,1,3,N44/bretelle,0.0,0.0
201300006488,1,9,2013,15,1,51,436,1,2,1,3,RD54,0.0,0.0
201300006489,17,10,2013,16,1,51,436,1,1,1,7,D54,0.0,0.0
201300006490,25,10,2013,6,3,51,409,1,1,1,5,D977,0.0,0.0
201300006491,24,10,2013,16,1,51,617,2,1,1,3,RUELLE AUX CHEVAUX,0.0,0.0
201300006492,26,11,2013,8,1,51,303,1,1,7,1,D3,0.0,0.0
201300006493,20,2,2013,14,1,51,476,1,1,1,3,D208,0.0,0.0
201300006494,21,3,2013,8,1,51,559,2,2,1,1,RUES ST CLOUD/BAYARD,0.0,0.0
201300006495,30,8,2013,16,1,51,389,2,3,1,3,D8/RUE DU GUE,0.0,0.0
201300006496,23,11,2013,16,1,51,546,1,1,1,6,D931,0.0,0.0
201300006497,13,5,2013,8,1,51,154,1,1,1,1,D5,0.0,0.0
201300006498,3,6,2013,11,1,51,367,1,1,1,1,D9,0.0,0.0
201300006499,3,7,2013,18,1,51,413,2,1,8,6,RUE DU MARECHAL LECLERC,0.0,0.0
201300006500,5,10,2013,14,1,51,612,2,1,2,3,10 rue de la clayette,0.0,0.0
201300006501,10,11,2013,16,2,51,611,1,1,1,2,D18,0.0,0.0
201300006502,26,3,2013,10,1,51,136,1,1,1,6,D23,0.0,0.0
201300006503,4,7,2013,17,1,51,38,2,1,1,6,13 rue saint vincent,0.0,0.0
201300006504,20,7,2013,16,1,51,136,2,1,1,6,RUE DU COTEAU,0.0,0.0
201300006505,19,8,2013,3,3,51,217,1,1,2,6,D3,0.0,0.0
201300006506,1,10,2013,19,1,51,48,1,1,1,6,D324,0.0,0.0
201300006507,10,10,2013,11,1,51,136,1,3,1,3,D24/VC,0.0,0.0
201300006508,30,11,2013,12,1,51,136,1,2,1,3,D24/VC,0.0,0.0
201300006509,15,12,2013,3,5,51,609,2,1,1,6,10 RUE DU BOIS-LECOMTE,0.0,0.0
201300006510,16,4,2013,9,1,51,167,1,1,1,3,N4,0.0,0.0
201300006511,13,5,2013,12,1,51,165,1,1,1,3,N4,0.0,0.0
201300006512,31,5,2013,23,3,51,248,1,1,1,1,PISTE CYCLABLE N4,0.0,0.0
201300006513,1,6,2013,10,1,51,165,1,1,1,1,D305A,0.0,0.0
201300006514,21,6,2013,18,1,51,167,1,1,1,7,D4,0.0,0.0
201300006515,3,7,2013,11,1,51,555,1,1,2,1,N4,0.0,0.0
201300006516,13,7,2013,18,1,51,164,2,1,1,6,N4,0.0,0.0
201300006517,8,9,2013,20,5,51,243,2,1,1,6,D9,0.0,0.0
201300006518,10,9,2013,0,5,51,167,2,1,2,5,N4,0.0,0.0
201300006519,16,3,2013,14,1,51,460,1,1,1,7,D41,0.0,0.0
201300006520,25,5,2013,6,2,51,238,1,1,2,6,D18,0.0,0.0
201300006521,26,5,2013,12,1,51,596,2,2,1,2,D933,0.0,0.0
201300006522,5,8,2013,1,4,51,380,2,9,1,6,VOIE PIETONNE,0.0,0.0
201300006523,4,9,2013,18,1,51,596,1,2,7,3,D11/VC,0.0,0.0
201300006524,27,11,2013,12,1,51,460,1,1,1,6,VOIE COMMUNALE 6,0.0,0.0
201300006525,24,12,2013,17,2,51,42,1,1,6,6,D951,0.0,0.0
201300006526,8,1,2013,16,2,51,313,1,2,2,3,D951/VC,0.0,0.0
201300006527,2,2,2013,16,1,51,237,1,2,1,3,N4/D86,0.0,0.0
201300006528,11,2,2013,9,1,51,313,1,2,2,3,D951/VC,0.0,0.0
201300006529,10,2,2013,23,3,51,323,1,1,4,1,N4,0.0,0.0
201300006530,4,5,2013,23,5,51,162,2,1,1,6,AVE DU MARECHAL LECLERC,0.0,0.0
201300006531,18,5,2013,15,1,51,237,1,2,1,3,N4/VC,0.0,0.0
201300006532,23,6,2013,20,1,51,443,1,1,2,6,D48,0.0,0.0
201300006533,4,9,2013,15,1,51,155,2,3,1,3,D352/VC,0.0,0.0
201300006534,2,11,2013,15,1,51,374,1,2,1,3,D45/D439,0.0,0.0
201300006535,4,11,2013,5,3,51,233,1,1,6,6,D48,0.0,0.0
201300006536,26,11,2013,7,2,51,542,1,1,1,3,D951,0.0,0.0
201300006537,26,12,2013,11,1,51,324,1,1,1,4,N4,0.0,0.0
201300006538,21,4,2013,20,1,51,250,2,2,1,3,D386/RUE DES CHAILLAUX,0.0,0.0
201300006539,19,4,2013,16,1,51,250,1,1,1,2,D967,0.0,0.0
201300006540,28,11,2013,18,3,51,308,1,1,2,1,N31,0.0,0.0
201300006541,16,12,2013,11,1,51,86,1,1,1,5,N31,0.0,0.0
201300006542,24,2,2013,18,3,51,111,1,1,4,7,D980,0.0,0.0
201300006543,18,3,2013,18,2,51,569,1,1,1,6,N31,0.0,0.0
201300006544,30,3,2013,13,1,51,391,1,1,1,1,N31,0.0,0.0
201300006545,4,7,2013,7,1,51,171,1,1,1,2,D944,0.0,0.0
201300006546,23,7,2013,11,1,51,282,1,1,7,2,D27,0.0,0.0
201300006547,6,9,2013,6,3,51,569,1,1,1,2,D27,0.0,0.0
201300006548,15,9,2013,15,1,51,282,1,1,1,2,D27,0.0,0.0
201300006549,16,9,2013,6,2,51,391,1,1,2,1,N31,0.0,0.0
201300006550,8,10,2013,7,5,51,391,2,1,1,1,ROUTE DE TRIGNY,0.0,0.0
201300006551,17,11,2013,20,1,51,109,1,1,2,6,D75,0.0,0.0
201300006552,19,12,2013,17,3,51,391,1,1,9,1,N31,0.0,0.0
201300006553,15,2,2013,17,5,51,210,2,2,1,1,D1/D386,0.0,0.0
201300006554,1,7,2013,14,1,51,153,1,1,7,3,D40A,0.0,0.0
201300006555,8,8,2013,5,2,51,287,1,1,1,7,D1,0.0,0.0
201300006556,21,10,2013,19,2,51,28,2,1,1,1,RUE GAMBETTA,0.0,0.0
201300006557,12,1,2013,11,1,51,649,2,1,1,6,RUE SAINT ABDON,0.0,0.0
201300006558,15,1,2013,22,3,51,557,1,1,4,6,N44,0.0,0.0
201300006559,8,2,2013,8,1,51,195,1,1,9,6,D760,0.0,0.0
201300006560,8,2,2013,23,3,51,262,1,3,1,6,D14,0.0,0.0
201300006561,19,3,2013,13,1,51,649,2,1,2,2,3 RUE DE L'ARQUEBUSE,0.0,0.0
201300006562,28,3,2013,10,1,51,195,1,1,1,1,N44,0.0,0.0
201300006563,30,3,2013,12,1,51,649,2,9,1,6,D982,0.0,0.0
201300006564,13,4,2013,2,5,51,328,2,1,2,6,102 RUE DE CHOISET,0.0,0.0
201300006565,13,4,2013,23,5,51,649,2,2,1,3,RUES ST CHARLES/PASCAL,0.0,0.0
201300006566,6,6,2013,16,1,51,649,2,1,1,1,D982E1,0.0,0.0
201300006567,12,8,2013,15,1,51,649,2,3,1,3,AVE DU QUAI ST GERMAIN,0.0,0.0
201300006568,25,9,2013,13,1,51,295,1,1,1,6,D14,0.0,0.0
201300006569,4,10,2013,15,1,51,141,1,1,1,7,N44,0.0,0.0
201300006570,28,10,2013,17,1,51,649,2,2,1,3,FBG CHALONS/E.PAILLARD,0.0,0.0
201300006571,2,11,2013,11,1,51,510,1,1,2,7,D69,0.0,0.0
201300006572,15,11,2013,12,1,51,649,1,2,1,3,AVE DU 106/ARQUEBUSE,0.0,0.0
201300006573,21,11,2013,17,2,51,557,1,2,8,5,N44/D402,0.0,0.0
201300006574,11,12,2013,9,1,51,649,2,3,9,7,RUE J. JAURES/FAIENCERIE,0.0,0.0
201300006575,29,12,2013,17,3,51,433,1,1,1,2,D995,0.0,0.0
201300006576,3,2,2013,19,3,51,289,1,1,3,6,D81,0.0,0.0
201300006577,8,6,2013,18,1,51,17,1,1,1,1,D396,0.0,0.0
201300006578,20,6,2013,6,2,51,567,1,1,3,6,N4,0.0,0.0
201300006579,25,8,2013,5,4,51,240,2,3,1,6,D995,0.0,0.0
201300006580,7,9,2013,13,1,51,590,1,1,2,6,D61,0.0,0.0
201300006581,4,10,2013,17,1,51,601,1,1,1,1,D982,0.0,0.0
201300006582,5,12,2013,0,3,51,417,1,1,2,7,N4,0.0,0.0
201300006583,11,12,2013,7,2,51,60,1,1,9,7,D995,0.0,0.0
201300006584,13,10,2013,2,3,51,358,1,1,2,6,D61,0.0,0.0
201300006585,28,2,2013,23,3,51,138,1,1,1,6,D63,0.0,0.0
201300006586,11,6,2013,4,2,51,500,1,1,1,6,D994,0.0,0.0
201300006587,6,7,2013,14,1,08,3,1,1,1,6,,49.8002,4.7833
201300006588,25,12,2013,22,5,08,209,2,1,8,6,15 grande rue,49.679,4.829
201300006589,19,2,2013,20,5,08,448,2,1,1,6,9 chemin des longs champ,0.0,0.0
201300006590,3,3,2013,15,1,08,302,1,3,7,2,,49.8754,4.74291