Num_Acc,jour,mois,an,hr,condition_eclairage,departement,commune,condition_agglomeration,intersection,condition_atmosphere,type_collision,adresse,lattitude,longitude
201300006591,21,8,2013,17,1,08,81,2,1,1,3,LA VINAIGRERIE,49.8699,4.74213
201300006592,25,9,2013,19,5,08,328,2,3,1,7,1 RUE JEAN-JAURES,49.8134,4.74382
201300006593,6,10,2013,17,1,08,328,2,1,1,6,RUE DE LORRAINE,0.0,0.0
201300006594,13,5,2013,8,1,08,58,1,1,8,2,,49.765,4.631
201300006595,24,5,2013,17,1,08,389,1,1,1,7,,49.7583,4.5635
201300006596,2,7,2013,13,1,08,284,1,1,1,1,,49.882,4.634
201300006597,26,7,2013,21,2,08,468,1,1,1,7,,49.784,4.463
201300006598,21,8,2013,18,1,08,125,1,1,1,3,,49.829,4.6
201300006599,6,10,2013,7,2,08,370,2,1,1,6,170 RUE DE L'ENCLOS,49.8451,4.37578
201300006600,7,10,2013,23,3,08,361,1,1,1,6,,49.8544,4.62142
201300006601,22,10,2013,9,1,08,450,1,1,1,1,,49.773,4.611
201300006602,10,4,2013,17,1,08,363,2,1,1,1,rue FERRER,0.0,0.0
201300006603,16,7,2013,10,1,08,185,2,1,1,6,RUE DES EVIGNES,49.996,4.697
201300006604,9,9,2013,21,4,08,185,2,1,3,6,rue des Evignes,49.992,4.692
201300006605,10,12,2013,12,1,08,363,2,1,1,2,339 AVENUE D'ORZY,49.9322,4.64926
201300006606,1,4,2013,14,1,08,207,1,6,1,7,,0.0,0.0
201300006607,2,6,2013,19,1,08,226,1,1,1,2,,0.0,0.0
201300006608,13,7,2013,17,1,08,190,2,1,1,1,rue DE TIVOLI,0.0,0.0
201300006609,19,7,2013,15,1,08,190,2,1,1,7,all?e des bergeronnette,0.0,0.0
201300006610,4,1,2013,9,1,08,367,1,1,2,6,,0.0,0.0
201300006611,21,6,2013,16,1,08,37,2,1,2,6,rue des buttes,0.0,0.0
201300006612,22,6,2013,8,1,08,367,1,1,1,3,,0.0,0.0
201300006613,20,10,2013,13,1,08,78,1,1,8,1,,0.0,0.0
201300006614,2,3,2013,20,3,08,67,1,1,1,1,,49.62,5.212
201300006615,11,3,2013,19,3,08,34,1,1,8,6,,49.6047,5.05526
201300006616,25,3,2013,2,5,08,375,2,1,1,3,RD 8043,0.0,0.0
201300006617,21,4,2013,17,1,08,9,2,1,1,3,RUE DE LA PIERIE,49.6279,5.0568
201300006618,30,9,2013,7,2,08,53,2,2,1,3,RD 129,49.6754,4.97852
201300006619,23,12,2013,8,5,08,90,2,1,2,6,RUE HABLOT,49.6315,5.16678
201300006620,20,5,2013,14,1,08,142,1,2,1,3,,0.0,0.0
201300006621,25,5,2013,18,1,08,142,2,1,1,6,RUE DE L'ATELIER,49.7015,4.87209
201300006622,9,6,2013,6,1,08,211,1,1,1,7,,49.6284,4.96534
201300006623,3,7,2013,12,1,08,488,2,2,1,3,Rue rene Gouverneur,49.7341,4.8279
201300006624,7,8,2013,11,1,08,391,1,1,2,1,,49.742,4.937
201300006625,29,8,2013,14,1,08,491,2,1,1,6,LIEU DIT LA MAL CAMPEE,0.0,0.0
201300006626,22,9,2013,15,1,08,115,1,1,1,1,,49.5986,4.84274
201300006627,9,12,2013,7,2,08,357,2,1,1,6,,49.6687,4.95501
201300006628,26,9,2013,8,1,08,151,1,1,5,1,,49.537,4.611
201300006629,25,2,2013,4,3,08,33,1,1,4,7,,49.456,4.88
201300006630,19,1,2013,19,5,08,362,2,1,1,6,4 AVENUE GAMBETTA,49.5072,4.3641
201300006631,22,3,2013,16,1,08,48,1,1,1,1,,49.517,4.349
201300006632,30,3,2013,12,1,08,452,1,1,1,1,,49.496,4.426
201300006633,3,6,2013,10,1,08,362,2,1,7,6,rue Colbert /r?publique,49.513,4.367
201300006634,13,10,2013,11,1,08,1,1,1,1,7,,49.5067,4.38192
201300006635,31,10,2013,15,1,08,8,2,2,1,3,BLD CALMETTE,49.5192,4.49259
201300006636,18,2,2013,6,3,08,107,1,9,5,6,,49.5225,4.24512
201300006637,15,3,2013,17,1,08,473,1,1,1,7,,0.0,0.0
201300006638,9,4,2013,7,1,08,239,1,1,3,6,,0.0,0.0
201300006639,29,4,2013,19,1,08,66,1,1,1,6,,49.3995,4.41316
201300006640,9,4,2013,16,1,08,124,1,1,1,7,,0.0,0.0
201300006641,17,7,2013,23,3,08,402,2,1,1,7,Rue relais de la poste,0.0,0.0
201300006642,14,3,2013,7,2,10,4,1,1,1,5,,0.0,0.0
201300006643,19,4,2013,14,1,10,299,1,1,1,6,,0.0,0.0
201300006644,14,6,2013,13,1,10,269,1,1,1,6,,0.0,0.0
201300006645,3,3,2013,14,1,10,51,1,1,1,7,,0.0,0.0
201300006646,23,3,2013,14,1,10,251,2,1,8,1,jonction rue basse coudr,0.0,0.0
201300006647,17,5,2013,16,1,10,98,2,1,8,3,04 route d'Etourvy,0.0,0.0
201300006648,20,5,2013,5,3,10,312,1,1,3,6,,0.0,0.0
201300006649,6,6,2013,16,1,10,51,1,1,3,7,,0.0,0.0
201300006650,23,6,2013,19,1,10,202,1,1,1,6,,0.0,0.0
201300006651,1,7,2013,9,1,10,359,1,1,1,3,,48.13993,4.00254
201300006652,22,1,2013,20,3,10,349,1,1,1,2,,0.0,0.0
201300006653,3,3,2013,22,3,10,282,1,6,1,6,,0.0,0.0
201300006654,10,5,2013,17,1,10,349,1,1,1,1,,0.0,0.0
201300006655,25,6,2013,16,1,10,115,2,6,1,3,RD960,0.0,0.0
201300006656,1,8,2013,17,1,10,352,1,1,1,5,,0.0,0.0
201300006657,19,8,2013,8,1,10,282,1,1,2,5,,0.0,0.0
201300006658,24,9,2013,8,1,10,409,1,1,1,1,,0.0,0.0
201300006659,20,12,2013,12,1,10,115,1,1,1,6,,0.0,0.0
201300006660,5,5,2013,13,1,10,142,1,1,1,6,,0.0,0.0
201300006661,24,7,2013,20,1,10,263,1,1,8,6,,48.253,3.762
201300006662,3,1,2013,18,3,10,100,1,1,2,7,,0.0,0.0
201300006663,13,6,2013,21,1,10,375,1,1,7,1,,48.282,4.198
201300006664,10,8,2013,18,1,10,287,2,1,1,6,8 pl anciens combattants,48.35852,4.33448
201300006665,14,8,2013,21,2,10,129,2,1,1,6,10 rue fontaine des cham,48.31938,4.25167
201300006666,17,8,2013,18,1,10,209,1,1,1,7,,0.0,0.0
201300006667,23,10,2013,17,1,10,238,2,1,1,1,Rue du lac,48.26,4.342
201300006668,30,10,2013,15,1,10,255,1,1,1,5,,48.223,4.27
201300006669,20,12,2013,19,3,10,209,1,1,1,5,,0.0,0.0
201300006670,16,8,2013,18,1,10,33,1,1,1,7,,0.0,0.0
201300006671,5,3,2013,17,1,10,326,1,1,1,1,,48.454,4.493
201300006672,8,3,2013,16,1,10,64,1,1,2,6,,48.384,4.556
201300006673,23,7,2013,21,2,10,428,1,1,1,6,,0.0,0.0
201300006674,5,9,2013,13,1,10,63,1,1,1,7,,48.387,4.546
201300006675,7,10,2013,8,1,10,345,1,3,5,3,,48.42138,4.47747
201300006676,15,2,2013,8,1,10,213,1,1,5,1,,48.179,4.432
201300006677,5,5,2013,18,1,10,399,1,1,1,2,,0.0,0.0
201300006678,5,5,2013,17,1,10,317,1,1,1,1,,0.0,0.0
201300006679,11,6,2013,16,1,10,358,1,1,1,1,,0.0,0.0
201300006680,21,6,2013,20,1,10,71,1,2,1,1,,0.0,0.0
201300006681,11,7,2013,20,1,10,34,1,1,1,7,,0.0,0.0
201300006682,1,9,2013,6,2,10,358,1,1,1,2,,0.0,0.0
201300006683,3,9,2013,16,1,10,29,1,1,1,7,,0.0,0.0
201300006684,27,9,2013,14,1,10,29,1,1,1,1,,0.0,0.0
201300006685,27,9,2013,14,1,10,317,1,1,1,1,,0.0,0.0
201300006686,2,10,2013,17,1,10,433,1,1,1,7,,0.0,0.0
201300006687,16,12,2013,12,1,10,295,1,2,1,3,,48.078,4.389
201300006688,9,7,2013,14,1,10,181,1,1,1,7,,0.0,0.0
201300006689,10,1,2013,18,3,10,268,1,1,2,5,,0.0,0.0
201300006690,8,2,2013,17,1,10,268,1,1,1,1,,48.492,3.516
201300006691,24,2,2013,9,3,10,54,1,1,4,7,,0.0,0.0
201300006692,18,3,2013,22,3,10,20,1,1,1,7,,48.449,3.556
201300006693,15,4,2013,6,2,10,355,1,1,1,2,,0.0,0.0
201300006694,30,6,2013,21,5,10,367,2,1,1,6,20 Rue Pave,48.5444,3.50048
201300006695,3,9,2013,17,1,10,153,1,1,1,7,,0.0,0.0
201300006696,24,10,2013,16,1,10,259,1,1,1,5,,0.0,0.0
201300006697,27,11,2013,17,2,10,355,1,1,1,7,,0.0,0.0
201300006698,21,12,2013,23,3,10,225,1,1,3,1,,48.507,3.556
201300006699,23,12,2013,22,3,10,106,1,1,6,7,,0.0,0.0
201300006700,8,5,2013,16,1,52,297,1,1,2,6,,48.06029,5.18075
201300006701,1,6,2013,13,1,52,514,1,1,1,3,,48.06853,5.17841
201300006702,5,7,2013,13,1,52,17,1,1,1,7,,47.95598,5.00198
201300006703,22,7,2013,12,1,52,297,1,1,1,6,,48.05471,5.17849
201300006704,1,8,2013,14,1,52,82,1,1,1,3,,47.93512,5.09851
201300006705,8,8,2013,17,1,52,422,1,1,1,1,,48.02906,5.04793
201300006706,22,9,2013,18,1,52,72,2,1,1,3,D200,48.16102,5.13826
201300006707,6,10,2013,20,3,52,22,1,1,9,7,,47.92133,4.95927
201300006708,22,10,2013,14,1,52,272,1,1,1,3,,48.01916,4.78324
201300006709,20,12,2013,20,3,52,494,1,1,1,6,,48.13524,5.23544
201300006710,6,2,2013,9,1,52,313,1,1,4,1,,48.19099,5.25166
201300006711,7,6,2013,22,3,52,444,1,1,1,7,,48.27022,5.41956
201300006712,3,8,2013,18,1,52,95,2,2,1,1,Grande rue,48.24228,5.47605
201300006713,12,11,2013,18,3,52,289,1,1,1,6,,48.29854,5.5377
201300006714,7,6,2013,20,1,52,50,1,1,1,7,,48.11278,5.26682
201300006715,29,7,2013,21,1,52,50,1,1,1,7,,48.10819,5.30292
201300006716,9,8,2013,20,1,52,353,1,1,8,1,,48.01116,5.32963
201300006717,12,9,2013,16,1,52,139,2,1,1,6,Route de Damblain - CD23,48.06983,5.62708
201300006718,21,9,2013,17,1,52,401,1,3,1,5,,48.03864,5.23379
201300006719,1,10,2013,14,1,52,248,1,1,1,1,,48.0356,5.41667
201300006720,30,11,2013,11,1,52,127,1,1,8,6,,48.06865,5.5918
201300006721,13,7,2013,15,1,52,140,2,1,1,1,,48.22177,4.89586
201300006722,15,9,2013,20,3,52,140,1,1,9,6,,48.19517,4.86121
201300006723,29,9,2013,11,1,52,140,1,1,1,6,voir sens ? et pas RD22,48.26651,4.93761
201300006724,24,9,2013,16,1,52,322,1,1,1,6,,48.19716,5.05927
201300006725,3,11,2013,16,1,52,524,1,1,1,7,,48.29129,5.12281
201300006726,15,1,2013,12,1,52,269,2,6,2,1,avenue de l'Europe,47.87022,5.34034
201300006727,8,3,2013,10,1,52,269,2,1,1,6,6 rue Minot,47.86008,5.33288
201300006728,20,3,2013,14,1,52,269,1,1,1,2,Mis permis valide  2Co,47.85746,5.35698
201300006729,16,4,2013,9,1,52,432,1,1,1,1,,47.95831,5.2741
201300006730,10,5,2013,16,1,52,307,2,1,1,6,rue de bourgogne,47.92785,5.19506
201300006731,19,6,2013,9,1,52,102,1,1,1,6,,47.88452,5.35511
201300006732,1,8,2013,19,1,52,380,1,1,1,7,,47.87681,5.37353
201300006733,26,8,2013,18,1,52,102,1,1,3,1,D74,47.8796,5.34913
201300006734,6,9,2013,14,1,52,269,2,6,1,1,Intersection D 17 / N 19,47.85407,5.34558
201300006735,28,9,2013,17,1,52,36,1,1,1,6,,47.8289,5.38533
201300006736,6,10,2013,23,5,52,269,2,1,1,3,avenue du capitaine Baud,47.85469,5.32932
201300006737,22,12,2013,22,5,52,432,2,1,2,1,Avenue de Verdun,47.95072,5.28418
201300006738,28,12,2013,9,1,52,207,1,1,2,1,,47.94958,5.45328
201300006739,1,5,2013,15,1,52,120,1,1,1,7,,47.98336,5.42774
201300006740,6,5,2013,7,1,52,332,1,1,1,7,,47.97733,5.48419
201300006741,18,9,2013,15,1,52,60,1,1,2,7,,47.93467,5.72299
201300006742,10,12,2013,15,1,52,332,2,1,7,6,rue Jeanne ROUSSEL,48.01632,5.56378
201300006743,19,6,2013,6,1,52,197,1,1,1,6,,47.78292,5.63665
201300006744,2,7,2013,16,1,52,119,1,2,1,1,,47.81747,5.49095
201300006745,6,8,2013,23,5,52,93,2,1,8,1,30 rue de la r?publique,47.80594,5.43952
201300006746,18,8,2013,17,1,52,197,1,2,1,3,,47.77598,5.6534
201300006747,29,8,2013,10,1,52,197,1,1,1,2,,47.79276,5.57537
201300006748,11,9,2013,14,1,52,438,1,1,8,1,,47.80951,5.54977
201300006749,20,10,2013,14,1,52,539,1,1,1,1,mis milieu,47.75518,5.43285
201300006750,9,11,2013,20,5,52,93,2,1,2,6,Rue du Maquis,47.80227,5.44282
201300006751,24,2,2013,14,1,52,70,1,1,8,1,,47.81438,5.28777
201300006752,25,9,2013,17,1,52,360,1,1,1,7,,47.62086,5.2861
201300006753,14,11,2013,17,3,52,340,1,1,3,1,,47.66374,5.29516
201300006754,3,12,2013,9,1,52,249,1,1,4,6,,47.64747,5.31734
201300006755,13,12,2013,7,3,52,446,1,1,5,6,X,47.70871,5.29746
201300006756,16,12,2013,21,3,52,529,1,1,5,6,,47.72775,5.30221
201300006757,6,1,2013,10,1,52,414,1,1,8,6,,48.52229,5.08773
201300006758,7,5,2013,15,1,52,386,1,1,1,7,,48.65148,4.84303
201300006759,17,5,2013,16,1,52,386,1,1,1,6,,48.66749,4.78662
201300006760,30,5,2013,19,1,52,429,1,1,1,3,,48.60597,5.02422
201300006761,9,7,2013,11,1,52,429,1,1,1,7,,48.60386,5.02983
201300006762,29,8,2013,17,1,52,123,2,1,1,7,9 rue Collot Breuil S/M,48.50597,5.11162
201300006763,9,10,2013,14,1,52,448,1,1,2,3,mis PR1 car PR10 Epas,48.65053,4.90642
201300006764,10,11,2013,19,3,52,235,1,2,1,3,,48.64711,4.87398
201300006765,13,12,2013,2,4,52,408,1,1,2,7,,48.56511,5.03676
201300006766,9,2,2013,23,5,52,250,2,1,1,6,rue des ursulines,48.4441,5.13878
201300006767,11,3,2013,2,3,52,175,1,1,1,1,,48.37024,5.15056
201300006768,15,3,2013,15,1,52,118,1,1,1,1,,48.48956,5.11185
201300006769,10,5,2013,11,1,52,250,2,1,1,1,,48.44331,5.13766
201300006770,16,5,2013,20,2,52,356,1,1,8,1,,48.43488,5.08825
201300006771,20,9,2013,20,3,52,370,1,1,1,6,,48.49126,5.19809
201300006772,13,3,2013,11,1,52,296,1,1,1,1,,48.43092,4.69112
201300006773,11,7,2013,21,1,52,341,2,1,1,6,1 rue de charmes,48.43096,5.00271
201300006774,5,11,2013,8,1,52,550,1,1,2,1,RD2 et non 22,48.50884,4.94034
201300006775,24,11,2013,14,1,52,296,1,1,1,1,,48.43054,4.68715
201300006776,21,12,2013,1,3,52,331,1,1,8,6,,48.47183,4.78963
201300006777,20,3,2013,19,5,21,38,2,1,2,6,33 BOULEVARD PASTEUR,47.197,5.389
201300006778,13,5,2013,7,1,21,639,1,1,1,6,,47.198,5.376
201300006779,31,5,2013,18,1,21,38,2,1,3,6,Rue du Glacis,47.2,5.395
201300006780,24,8,2013,17,1,21,28,1,1,1,3,,47.231,5.378
201300006781,30,9,2013,10,1,21,493,1,1,1,3,,47.239,5.378
201300006782,12,10,2013,22,3,21,699,1,1,1,6,,0.0,0.0
201300006783,28,12,2013,19,5,21,38,2,1,8,3,RUE DU CHATEAU,0.0,0.0
201300006784,13,2,2013,8,1,21,656,1,1,1,3,,47.227,5.187
201300006785,24,8,2013,11,1,21,106,1,1,2,6,,0.0,0.0
201300006786,20,9,2013,11,1,21,532,1,1,1,1,,47.244,5.167
201300006787,20,9,2013,16,1,21,292,1,1,1,3,,0.0,0.0
201300006788,6,12,2013,5,3,21,261,1,1,1,1,,47.26,5.158
201300006789,25,4,2013,18,1,21,390,1,1,1,1,,47.285,4.98
201300006790,30,5,2013,18,1,21,295,1,6,1,3,,47.227,5.0
201300006791,18,6,2013,17,1,21,246,1,1,1,7,,47.181,5.03
201300006792,4,7,2013,15,1,21,191,1,1,1,7,,47.174,5.099
201300006793,23,7,2013,17,1,21,586,1,3,1,1,,47.221,5.066
201300006794,27,8,2013,18,1,21,295,2,1,3,1,D-996,47.202,5.083
201300006795,1,9,2013,19,1,21,295,1,1,1,3,,0.0,0.0
201300006796,7,9,2013,15,1,21,295,1,1,1,3,,0.0,0.0
201300006797,20,9,2013,19,1,21,442,1,1,1,1,,47.214,4.972
201300006798,11,10,2013,21,3,21,200,1,1,1,6,,47.26,4.993
201300006799,15,3,2013,11,1,21,496,2,1,1,6,,47.308,5.42
201300006800,16,3,2013,11,1,21,317,1,1,1,6,,47.581,5.299
201300006801,13,4,2013,19,1,21,127,1,1,1,3,,47.474,5.08
201300006802,27,6,2013,17,1,21,587,1,4,1,3,,47.535,4.994
201300006803,9,7,2013,14,1,21,290,1,3,1,1,,47.485,5.149
201300006804,4,8,2013,13,1,21,127,1,1,1,7,,47.47,5.077
201300006805,6,8,2013,13,1,21,702,1,1,1,7,,47.583,5.096
201300006806,24,9,2013,12,1,21,211,1,1,1,6,,47.56,5.135
201300006807,15,10,2013,12,1,21,317,1,1,2,3,,0.0,0.0
201300006808,13,12,2013,23,3,21,317,1,1,5,1,,0.0,0.0
201300006809,20,12,2013,8,1,21,317,1,1,1,1,,0.0,0.0
201300006810,28,1,2013,7,3,21,37,1,1,5,5,,46.9852,4.71767
201300006811,12,2,2013,18,5,21,412,2,3,1,3,ROUTE DE VOLNAY,46.9865,4.76898
201300006812,5,3,2013,8,1,21,534,1,2,1,2,,47.0124,4.92334
201300006813,19,3,2013,14,1,21,461,1,1,4,6,,0.0,0.0
201300006814,25,3,2013,17,1,21,360,1,1,1,1,,47.093,4.683
201300006815,31,3,2013,13,1,21,582,1,1,1,3,,46.9132,4.71866
201300006816,1,4,2013,15,1,21,65,1,1,1,2,,47.42425,4.43537
201300006817,12,4,2013,19,1,21,412,1,2,8,3,,46.9655,4.77376
201300006818,23,5,2013,11,1,21,387,1,1,2,6,,0.0,0.0
201300006819,26,5,2013,15,1,21,360,1,1,1,6,,47.08617,4.68718
201300006820,28,5,2013,10,1,21,461,2,1,1,2,75 RUE REPUBLIQUE,46.952,4.63098
201300006821,12,6,2013,12,1,21,527,2,2,1,3,Carrefour RD973 et RD 33,0.0,0.0
201300006822,31,7,2013,15,1,21,461,2,3,9,1,route de couches,0.0,0.0
201300006823,31,8,2013,14,1,21,54,1,1,1,1,,0.0,0.0
201300006824,21,9,2013,15,1,21,360,1,1,7,1,,0.0,0.0
201300006825,24,9,2013,21,3,21,120,1,1,1,7,,0.0,0.0
201300006826,4,10,2013,7,2,21,512,1,1,1,3,,0.0,0.0
201300006827,16,10,2013,8,2,21,173,1,2,1,3,,0.0,0.0
201300006828,5,10,2013,1,5,21,590,2,1,2,1,5 rue du g?n?ral leclerc,47.065,4.821
201300006829,24,12,2013,16,2,21,23,1,1,2,6,,47.25,4.612
201300006830,8,2,2013,13,1,21,492,1,2,1,3,,0.0,0.0
201300006831,15,5,2013,3,5,21,464,1,1,1,6,,47.136,4.972
201300006832,7,11,2013,7,1,21,22,1,2,8,3,,0.0,0.0
201300006833,26,1,2013,17,2,21,356,2,1,4,3,22 route de DOLE,0.0,0.0
201300006834,27,6,2013,15,1,21,12,1,1,1,6,,47.825,4.537
201300006835,19,8,2013,15,1,21,154,2,6,1,1,PLACE JOFFRE,47.8571,4.57163
201300006836,5,12,2013,15,1,21,78,1,1,1,2,,47.862,4.43
201300006837,12,12,2013,21,5,21,154,2,1,4,6,,47.862,4.573
201300006838,15,12,2013,17,3,21,115,1,1,1,2,,47.822,4.554
201300006839,8,12,2013,15,1,21,663,1,1,1,1,,0.0,0.0
201300006840,14,3,2013,19,3,21,546,1,1,4,6,HAMEAU DE CHANTEAU,47.3066,4.20845
201300006841,14,4,2013,13,1,21,560,1,1,1,6,,47.2296,4.22468
201300006842,9,12,2013,2,3,21,525,1,1,9,3,,47.366,4.192
201300006843,28,1,2013,7,2,21,478,1,1,5,1,,47.3706,4.83835
201300006844,2,6,2013,19,1,21,559,1,1,1,7,,0.0,0.0
201300006845,14,6,2013,7,1,21,439,1,1,9,6,,47.269,4.651
201300006846,3,10,2013,15,1,21,192,1,1,1,2,,47.304,4.96
201300006847,20,5,2013,17,1,58,280,1,1,2,1,,0.0,0.0
201300006848,26,6,2013,13,1,58,20,1,1,1,6,,0.0,0.0
201300006849,11,7,2013,15,1,58,118,2,1,1,6,1 Cours Garnet,0.0,0.0
201300006850,25,10,2013,10,1,58,151,1,1,1,6,,0.0,0.0
201300006851,30,12,2013,5,3,58,105,1,1,5,3,,0.0,0.0
201300006852,1,6,2013,16,1,58,214,1,1,1,2,,0.0,0.0
201300006853,10,12,2013,10,1,58,117,2,9,1,6,rue saint ?loi,0.0,0.0
201300006854,23,1,2013,18,3,58,258,1,1,1,3,,0.0,0.0
201300006855,28,4,2013,5,2,58,238,2,1,2,6,56 Route de Bourgogne,0.0,0.0
201300006856,2,5,2013,8,1,58,134,2,1,1,6,Rue Edouard VAILLANT,0.0,0.0
201300006857,19,7,2013,12,1,58,72,1,1,1,3,,0.0,0.0
201300006858,22,8,2013,14,1,58,148,1,1,1,1,,0.0,0.0
201300006859,23,12,2013,14,1,58,232,1,1,1,1,,0.0,0.0
201300006860,1,6,2013,17,1,58,260,1,1,1,3,,0.0,0.0
201300006861,8,6,2013,8,1,58,138,1,1,1,3,,46.814,3.122
201300006862,9,6,2013,0,3,58,260,1,6,2,7,,0.0,0.0
201300006863,2,8,2013,2,3,58,260,1,6,1,1,,46.865,3.143
201300006864,16,8,2013,5,3,58,104,1,1,1,6,,0.0,0.0
201300006865,12,1,2013,4,4,58,257,2,1,5,6,le bourg,47.113,3.572
201300006866,27,1,2013,4,3,58,35,1,1,5,7,,0.0,0.0
201300006867,6,9,2013,15,1,58,285,1,1,1,3,,47.061,3.716
201300006868,20,12,2013,17,2,58,65,1,1,8,7,,0.0,0.0
201300006869,7,1,2013,16,1,58,182,1,1,1,7,,46.975,3.805
201300006870,22,2,2013,14,1,58,63,1,1,1,1,,47.055,3.942
201300006871,6,3,2013,16,1,58,62,2,7,2,6,place Gudin,47.068,3.93
201300006872,7,4,2013,15,1,58,277,1,1,1,4,,0.0,0.0
201300006873,16,4,2013,19,1,58,66,1,1,1,6,,47.118,3.893
201300006874,17,4,2013,17,1,58,246,2,1,1,6,Avenue Jean MERMOZ,46.911,3.835
201300006875,3,6,2013,11,1,58,182,1,1,1,6,,46.993,3.813
201300006876,11,10,2013,8,1,58,63,1,1,8,6,,47.071,3.926
201300006877,26,1,2013,0,4,58,190,2,1,1,6,le Bourg,0.0,0.0
201300006878,8,2,2013,6,3,58,304,1,1,4,5,,0.0,0.0
201300006879,25,4,2013,18,1,58,103,2,1,1,3,D951 / Rue du Commerce,0.0,0.0
201300006880,4,5,2013,8,1,58,98,2,8,1,3,Croix de saint andre,0.0,0.0
201300006881,28,5,2013,17,1,58,312,1,1,1,7,,0.0,0.0
201300006882,1,6,2013,4,3,58,165,1,1,1,6,,0.0,0.0
201300006883,3,7,2013,11,1,58,109,1,1,2,1,,0.0,0.0
201300006884,6,10,2013,9,1,58,304,2,1,1,3,12 rue Saint Jean,0.0,0.0
201300006885,23,11,2013,12,1,58,79,2,1,1,3,avenue du g?n?ral lecler,0.0,0.0
201300006886,16,2,2013,10,1,58,229,1,1,5,7,,0.0,0.0
201300006887,23,3,2013,8,1,58,153,1,1,2,1,,0.0,0.0
201300006888,2,4,2013,3,3,58,180,1,1,1,7,,0.0,0.0
201300006889,22,5,2013,16,1,58,145,1,1,1,3,,0.0,0.0
201300006890,24,5,2013,18,1,58,47,1,1,2,3,,0.0,0.0
201300006891,31,5,2013,3,3,58,129,1,1,2,7,,47.4,4.09999
201300006892,1,6,2013,23,3,58,37,1,1,1,6,,0.0,0.0
201300006893,17,7,2013,10,1,58,3,1,1,1,7,,0.0,0.0
201300006894,3,8,2013,16,1,58,145,1,1,1,7,,0.0,0.0
201300006895,11,9,2013,10,1,58,180,1,1,2,1,,47.037,4.00399
201300006896,14,9,2013,6,2,58,145,1,1,8,1,,0.0,0.0
201300006897,21,1,2013,14,1,58,187,1,1,2,6,,0.0,0.0
201300006898,4,4,2013,14,1,58,261,1,1,1,7,,0.0,0.0
201300006899,22,4,2013,10,1,58,227,1,1,1,7,,0.0,0.0
201300006900,3,5,2013,13,1,58,36,1,1,1,6,,47.501,3.162
201300006901,10,5,2013,21,3,58,2,1,1,1,6,,0.0,0.0
201300006902,14,7,2013,20,2,58,86,2,2,7,1,rue du mar?chal leclerc,0.0,0.0
201300006903,28,11,2013,18,5,58,86,2,1,1,3,avenue de la paix,0.0,0.0
201300006904,20,4,2013,22,3,58,295,1,1,1,7,,47.346,2.892
201300006905,8,11,2013,11,1,58,59,2,1,8,3,Grande rue,0.0,0.0
201300006906,2,3,2013,18,3,71,350,1,1,1,6,,46.32765,4.66715
201300006907,12,4,2013,23,3,71,169,1,1,1,1,,0.0,0.0
201300006908,16,6,2013,17,1,71,583,1,1,1,3,,0.0,0.0
201300006909,6,7,2013,6,2,71,90,1,1,1,1,,0.0,0.0
201300006910,3,8,2013,20,1,71,481,1,1,1,1,,46.19784,4.76356
201300006911,17,9,2013,22,5,71,150,2,1,2,5,866 RD 906,46.24304,4.78747
201300006912,16,6,2013,4,1,71,287,1,1,1,6,,0.0,0.0
201300006913,19,8,2013,19,1,71,582,1,1,1,7,,0.0,0.0
201300006914,22,8,2013,19,1,71,137,2,1,1,1,RD981 route de massilly,0.0,0.0
201300006915,23,9,2013,16,1,71,137,1,1,1,6,,0.0,0.0
201300006916,23,9,2013,12,1,71,397,1,1,1,6,,0.0,0.0
201300006917,1,4,2013,18,1,71,145,1,1,1,6,,0.0,0.0
201300006918,23,8,2013,16,1,71,521,1,1,1,3,,46.56452,4.55401
201300006919,15,2,2013,12,1,71,14,2,6,1,6,2 RUE DE LA BARRE,46.9488,4.29121
201300006920,4,4,2013,14,1,71,162,1,1,7,7,,0.0,0.0
201300006921,11,5,2013,15,1,71,9,1,1,2,7,,47.10636,4.07234
201300006922,18,6,2013,15,1,71,535,1,1,7,3,,0.0,0.0
201300006923,22,7,2013,11,1,71,14,1,1,7,6,,0.0,0.0
201300006924,9,8,2013,17,1,71,14,2,1,1,1,AVENUE DU THEATRE ROMAIN,0.0,0.0