Num_Acc,jour,mois,an,hr,condition_eclairage,departement,commune,condition_agglomeration,intersection,condition_atmosphere,type_collision,adresse,lattitude,longitude
201300006925,14,8,2013,10,1,71,14,2,1,1,3,36 r de la croix blanche,46.95719,4.30453
201300006926,27,8,2013,14,1,71,14,2,2,1,3,RUE DE LA GRANGE VERTU,46.95284,4.29423
201300006927,6,10,2013,13,1,71,14,2,1,1,1,rue guerin,46.95237,4.30033
201300006928,14,10,2013,20,5,71,10,1,1,8,3,,0.0,0.0
201300006929,20,10,2013,18,1,71,14,2,2,1,3,rue de parpas,46.95233,4.29305
201300006930,20,10,2013,17,2,71,251,1,1,3,3,,46.9192,4.18867
201300006931,22,3,2013,19,2,71,73,2,1,1,6,RD906,0.0,0.0
201300006932,31,5,2013,15,1,71,378,1,1,3,5,,46.87018,4.75243
201300006933,19,1,2013,2,3,71,404,1,1,9,2,,0.0,0.0
201300006934,4,4,2013,16,1,71,247,1,1,1,3,,0.0,0.0
201300006935,14,4,2013,0,5,71,70,2,1,1,2,Route de Chalon,0.0,0.0
201300006936,27,11,2013,16,1,71,426,1,1,1,5,,0.0,0.0
201300006937,1,1,2013,9,1,71,548,1,1,2,6,,0.0,0.0
201300006938,16,6,2013,3,4,71,3,2,1,1,7,route  de beaune,0.0,0.0
201300006939,19,6,2013,8,1,71,355,1,1,1,6,,0.0,0.0
201300006940,26,6,2013,14,1,71,167,1,1,1,2,,0.0,0.0
201300006941,24,7,2013,11,1,71,355,1,1,1,7,,0.0,0.0
201300006942,26,7,2013,19,1,71,2,1,1,1,3,,0.0,0.0
201300006943,21,8,2013,10,1,71,256,1,1,1,6,,46.74312,5.0719
201300006944,31,10,2013,19,3,71,215,2,1,1,1,185 route de virey,46.85952,4.91143
201300006945,13,12,2013,5,3,71,336,2,1,5,6,route de Chalon,0.0,0.0
201300006946,23,12,2013,14,1,71,336,2,1,1,3,58 route de colombey,46.73228,4.94576
201300006947,14,4,2013,11,1,71,555,1,1,1,5,,46.71988,4.86145
201300006948,3,5,2013,18,1,71,26,1,1,2,4,,46.66973,4.87053
201300006949,9,8,2013,14,1,71,512,2,2,1,3,intersecti Rue St Martin,46.64044,4.86978
201300006950,16,10,2013,7,3,71,384,1,1,8,5,,0.0,0.0
201300006951,9,4,2013,11,1,71,21,1,2,2,1,chamoge,46.47991,4.27728
201300006952,22,5,2013,11,1,71,106,2,1,1,3,avenue du 08 juin 1944,0.0,0.0
201300006953,24,8,2013,11,1,71,586,1,1,1,1,,0.0,0.0
201300006954,19,11,2013,13,1,71,82,1,1,2,1,,0.0,0.0
201300006955,31,12,2013,16,1,71,116,1,1,1,6,,0.0,0.0
201300006956,12,5,2013,15,1,71,176,2,1,1,6,Place du Verdier,46.49918,3.98771
201300006957,8,6,2013,14,1,71,176,1,1,1,1,,0.0,0.0
201300006958,28,6,2013,13,1,71,176,2,1,8,6,2 rue de la FAIENCERIE,46.48543,3.98932
201300006959,7,7,2013,17,1,71,176,1,1,1,1,route des sables,0.0,0.0
201300006960,17,7,2013,18,1,71,325,1,1,1,1,,0.0,0.0
201300006961,12,7,2013,14,1,71,71,1,1,1,6,les roussins,0.0,0.0
201300006962,15,7,2013,7,1,71,24,1,1,1,3,,0.0,0.0
201300006963,20,8,2013,13,1,71,11,1,1,1,6,,46.24279,4.01406
201300006964,1,9,2013,17,1,71,11,1,1,1,1,,46.32927,4.08065
201300006965,27,10,2013,9,1,71,291,1,1,8,1,,0.0,0.0
201300006966,2,11,2013,5,1,71,510,1,1,8,1,la cray,0.0,0.0
201300006967,23,1,2013,15,1,71,342,2,1,1,6,parc de la basilique,46.44914,4.12422
201300006968,2,4,2013,13,1,71,342,2,1,1,3,rue  pierre lathuiliere,46.454,4.10534
201300006969,20,4,2013,10,1,71,590,1,1,3,6,,0.0,0.0
201300006970,10,6,2013,9,1,71,588,1,1,1,7,,0.0,0.0
201300006971,19,7,2013,20,2,71,588,1,2,1,3,,0.0,0.0
201300006972,23,9,2013,7,1,71,590,1,1,5,3,,0.0,0.0
201300006973,4,4,2013,11,1,71,480,1,1,1,7,,0.0,0.0
201300006974,29,10,2013,14,1,71,412,1,1,1,6,,46.72613,4.45838
201300006975,14,2,2013,19,2,71,220,1,1,2,1,,0.0,0.0
201300006976,16,5,2013,9,1,71,47,2,6,2,3,les alouettes,46.62885,3.73604
201300006977,1,10,2013,21,5,71,47,2,1,1,3,69 Avenue Puzenat,46.62555,3.7521
201300006978,17,6,2013,13,1,71,230,2,1,1,3,rue de la convention,46.59704,4.06737
201300006979,5,9,2013,16,1,71,230,1,1,1,3,,46.6003,4.05177
201300006980,4,2,2013,6,2,71,263,2,1,2,1,Rue du guidon,0.0,0.0
201300006981,26,4,2013,8,1,71,558,1,1,2,6,,0.0,0.0
201300006982,16,1,2013,15,1,71,13,1,2,7,3,,0.0,0.0
201300006983,29,1,2013,18,3,71,222,1,1,2,1,,0.0,0.0
201300006984,9,7,2013,15,1,71,363,2,1,1,6,LE BOURG,0.0,0.0
201300006985,3,9,2013,17,1,71,222,1,1,1,6,,0.0,0.0
201300006986,10,10,2013,20,3,71,413,1,1,3,1,,0.0,0.0
201300006987,21,10,2013,17,1,71,412,1,1,1,4,,0.0,0.0
201300006988,1,2,2013,16,1,89,484,1,1,3,5,,47.91139,3.32696
201300006989,16,2,2013,8,1,89,438,1,1,5,2,,47.80059,3.64587
201300006990,19,2,2013,5,3,89,24,1,1,1,2,,47.84164,3.61304
201300006991,23,2,2013,19,3,89,484,1,1,4,7,,47.91233,3.2948
201300006992,28,3,2013,12,1,89,341,1,1,1,2,,47.71898,3.76036
201300006993,5,4,2013,7,1,89,384,1,1,1,2,,47.90441,3.34571
201300006994,28,5,2013,16,1,89,13,1,1,2,7,,47.85813,3.53955
201300006995,16,7,2013,4,3,89,313,1,1,1,5,,0.0,0.0
201300006996,5,8,2013,19,1,89,341,1,1,3,6,,47.73433,3.73779
201300006997,2,9,2013,1,3,89,213,1,1,1,2,,47.89433,3.40103
201300006998,7,10,2013,10,1,89,384,1,1,1,6,,0.0,0.0
201300006999,16,10,2013,11,1,89,263,1,1,1,6,,0.0,0.0
201300007000,4,11,2013,12,1,89,167,1,1,3,6,,47.87909,3.45665
201300007001,8,11,2013,11,1,89,388,1,1,2,2,,0.0,0.0
201300007002,20,12,2013,21,3,89,341,1,1,1,2,,0.0,0.0
201300007003,4,1,2013,12,1,89,136,1,1,8,7,,48.26579,3.29229
201300007004,10,2,2013,19,3,89,442,1,1,4,6,,48.08621,3.13176
201300007005,5,2,2013,16,1,89,255,1,1,4,7,,48.32203,3.23188
201300007006,4,3,2013,6,3,89,390,1,1,1,6,,48.33758,3.2033
201300007007,25,3,2013,8,1,89,27,1,1,1,6,,0.0,0.0
201300007008,22,4,2013,6,2,89,136,1,1,1,1,,48.24973,3.27063
201300007009,25,5,2013,9,1,89,80,1,1,1,7,,48.26142,3.31425
201300007010,31,5,2013,23,3,89,298,1,1,1,3,,48.05309,3.10214
201300007011,5,6,2013,11,1,89,80,1,1,1,6,,48.26579,3.29206
201300007012,3,7,2013,16,1,89,171,1,1,3,6,,0.0,0.0
201300007013,11,7,2013,17,1,89,111,1,1,1,7,,0.0,0.0
201300007014,9,8,2013,4,3,89,298,1,1,1,2,,48.04232,3.11735
201300007015,14,8,2013,20,1,89,483,1,1,1,6,,48.23578,3.38045
201300007016,19,8,2013,17,1,89,459,1,1,1,3,,48.14623,3.16295
201300007017,22,8,2013,10,1,89,350,1,1,1,6,,48.01962,3.13963
201300007018,14,9,2013,16,1,89,136,1,1,2,6,,48.26252,3.29001
201300007019,3,10,2013,21,3,89,80,1,1,2,6,,0.0,0.0
201300007020,8,12,2013,20,3,89,350,1,1,1,3,,48.02026,3.13839
201300007021,20,3,2013,8,1,89,102,1,1,1,1,route de Ribourdin,47.75024,3.49865
201300007022,13,9,2013,4,3,89,453,1,1,2,6,,47.78291,3.50022
201300007023,8,10,2013,7,2,89,13,2,1,1,6,route d?partementale 606,0.0,0.0
201300007024,31,3,2013,18,1,89,130,1,1,1,1,,47.67619,3.69302
201300007025,21,4,2013,16,1,89,125,1,1,1,1,,47.63699,3.49132
201300007026,28,4,2013,15,1,89,30,1,1,8,7,,47.64947,3.65912
201300007027,28,5,2013,22,1,89,252,1,1,1,6,,47.63755,3.4916
201300007028,3,6,2013,9,1,89,252,1,1,1,3,,47.66105,3.50224
201300007029,4,9,2013,11,1,89,155,1,1,1,6,,47.73716,3.58283
201300007030,7,9,2013,22,2,89,256,1,1,3,6,,47.672,3.511
201300007031,20,9,2013,18,1,89,130,2,1,1,1,Route de Lyon RD 606,47.67838,3.69152
201300007032,14,12,2013,9,1,89,182,1,1,1,6,,47.608,3.542
201300007033,26,1,2013,19,5,89,101,2,1,2,1,16-18 Grande Rue,47.96665,3.76358
201300007034,4,2,2013,15,1,89,439,2,1,1,3,Route de CHEU,47.97995,3.73441
201300007035,4,6,2013,21,2,89,41,2,1,1,6,5 grande rue,48.02141,3.8006
201300007036,9,9,2013,18,1,89,276,1,1,3,3,,48.031,3.813
201300007037,30,9,2013,17,1,89,439,1,1,1,7,,47.94,3.671
201300007038,31,10,2013,1,5,89,345,2,3,1,3,Av du Général Leclerc,0.0,0.0
201300007039,30,5,2013,17,1,89,224,2,1,1,1,3 rue de la Poterne,47.72812,3.85609
201300007040,14,6,2013,21,2,89,341,1,1,1,7,,47.741,3.779
201300007041,8,1,2013,23,3,89,286,1,1,2,1,,47.7386,3.34378
201300007042,9,3,2013,11,1,89,416,1,1,1,6,,47.58992,3.27293
201300007043,9,3,2013,2,3,89,228,2,1,1,7,Rue d'Angrain,47.79582,3.44157
201300007044,11,4,2013,9,1,89,344,1,1,2,6,,47.58602,3.08069
201300007045,14,7,2013,20,1,89,173,1,1,1,7,,47.699,3.26
201300007046,25,7,2013,7,1,89,408,1,1,1,6,,47.747,3.119
201300007047,23,8,2013,19,1,89,72,1,1,1,6,,47.74603,2.94165
201300007048,30,11,2013,5,3,89,286,1,1,2,7,,0.0,0.0
201300007049,21,12,2013,7,3,89,216,1,1,4,6,,47.56078,3.26569
201300007050,9,3,2013,10,1,89,25,2,1,1,6,D606 - Route de Paris,47.49396,3.90499
201300007051,5,5,2013,11,1,89,347,1,1,1,7,,47.40755,3.92897
201300007052,20,7,2013,17,1,89,446,1,1,1,1,,0.0,0.0
201300007053,24,7,2013,15,1,89,248,2,1,1,6,D142 Lieu dit Castel,0.0,0.0
201300007054,4,8,2013,20,1,89,25,2,1,1,3,12 ter route de paris,0.0,0.0
201300007055,15,8,2013,12,1,89,235,1,2,1,1,,47.5026,3.99223
201300007056,20,8,2013,14,1,89,25,2,1,1,6,Route de PARIS d606,47.49356,3.90619
201300007057,9,9,2013,14,1,89,25,2,1,1,1,route de lormes,47.48995,3.9153
201300007058,7,11,2013,8,1,89,485,1,1,2,1,,47.566,3.792
201300007059,8,11,2013,16,1,89,25,1,1,1,7,,47.46934,3.91878
201300007060,3,12,2013,10,1,89,25,2,1,1,6,10 avenue Hector Berlioz,47.48603,3.92066
201300007061,20,7,2013,20,1,89,128,1,2,7,3,,0.0,0.0
201300007062,20,10,2013,1,3,89,378,1,1,8,6,,0.0,0.0
201300007063,2,2,2013,11,1,89,468,1,1,2,3,,0.0,0.0
201300007064,4,3,2013,17,1,89,206,2,1,1,6,quai du général Leclerc,47.98205,3.39411
201300007065,26,4,2013,14,1,89,67,1,1,2,3,,0.0,0.0
201300007066,1,7,2013,9,1,89,67,1,1,1,3,,0.0,0.0
201300007067,26,6,2013,18,1,89,468,1,1,1,6,,0.0,0.0
201300007068,22,8,2013,17,1,89,75,2,1,1,2,Route de NEUILLY,0.0,0.0
201300007069,1,10,2013,19,2,89,452,1,1,1,5,,0.0,0.0
201300007070,2,10,2013,12,1,89,206,2,1,1,5,rue de la Guimbarde,0.0,0.0
201300007071,11,10,2013,14,1,89,206,2,1,2,1,,0.0,0.0
201300007072,23,10,2013,10,1,89,206,2,3,1,4,,0.0,0.0
201300007073,1,12,2013,2,3,89,206,1,1,8,6,,0.0,0.0
201300007074,31,12,2013,14,1,89,206,2,1,1,5,rue des entrepreneurs,47.97877,3.37604
201300007075,19,3,2013,11,1,89,358,2,1,1,3,carrefour RD950 / RD57,47.84036,3.10183
201300007076,31,3,2013,14,1,89,192,1,1,1,6,Les Fléchets,47.79883,3.17414
201300007077,15,4,2013,15,1,89,384,1,1,1,1,,0.0,0.0
201300007078,28,6,2013,18,1,89,334,1,1,1,6,,0.0,0.0
201300007079,12,8,2013,11,1,89,473,1,1,1,1,,47.88811,3.35324
201300007080,15,11,2013,16,1,89,317,1,1,1,7,,47.88722,3.17641
201300007081,9,2,2013,15,1,89,56,1,1,8,7,,47.98732,3.51019
201300007082,19,2,2013,12,1,89,56,2,1,1,1,Route de Joigny,47.99454,3.47895
201300007083,8,4,2013,11,1,89,257,2,7,1,6,Place Eugène Laporte,47.96247,3.51392
201300007084,9,4,2013,7,2,89,55,2,1,3,3,4 route de Joigny,47.99013,3.61527
201300007085,12,4,2013,6,2,89,50,2,2,8,3,Rue du saucy,47.93322,3.52984
201300007086,24,4,2013,16,1,89,55,1,1,1,5,,47.99939,3.64831
201300007087,18,5,2013,22,3,89,218,1,1,1,6,,47.96518,3.46769
201300007088,31,5,2013,17,1,89,257,1,2,2,3,,47.969,3.514
201300007089,15,6,2013,20,1,89,218,2,9,1,3,rue georges varennes,47.968,3.485
201300007090,22,7,2013,14,1,89,152,2,1,1,1,CD 606 Route de SENS,0.0,0.0
201300007091,1,8,2013,10,1,89,29,1,1,1,2,,47.924,3.514
201300007092,1,9,2013,6,3,89,257,1,1,1,6,,47.97635,3.55273
201300007093,14,9,2013,9,1,89,99,2,2,2,3,Rue Paul Bert,47.95424,3.53247
201300007094,11,10,2013,17,1,89,257,1,1,2,2,,47.968,3.514
201300007095,26,11,2013,11,1,89,55,2,1,1,6,Grande rue,47.99477,3.63209
201300007096,5,1,2013,19,3,89,411,1,1,2,6,,48.15416,3.41415
201300007097,9,2,2013,17,2,89,171,1,1,1,7,,48.22645,3.51011
201300007098,17,4,2013,11,1,89,443,1,1,1,6,,0.0,0.0
201300007099,11,6,2013,17,1,89,443,1,1,1,1,,0.0,0.0
201300007100,29,7,2013,9,1,89,399,1,1,1,1,,0.0,0.0
201300007101,11,1,2013,16,1,89,285,1,1,1,6,,48.3529,3.32711
201300007102,23,3,2013,11,1,89,136,1,1,1,3,,48.24772,3.28497
201300007103,4,4,2013,8,1,89,332,1,1,1,6,,48.2983,3.02323
201300007104,8,6,2013,12,1,89,414,1,1,1,6,,48.2681,3.35558
201300007105,23,6,2013,17,1,89,189,1,1,1,3,,0.0,0.0
201300007106,1,9,2013,17,1,89,309,2,1,1,6,rue du fond de la croix,0.0,0.0
201300007107,20,11,2013,17,3,89,460,2,1,2,1,,48.33926,3.06732
201300007108,30,12,2013,6,3,89,456,1,1,1,3,,0.0,0.0
201300007109,30,4,2013,15,1,89,450,1,2,3,3,,0.0,0.0
201300007110,15,5,2013,17,1,89,450,1,1,1,2,,48.2101,3.12809
201300007111,23,6,2013,18,1,89,467,1,1,1,6,,0.0,0.0
201300007112,22,8,2013,17,1,89,467,1,1,1,7,,0.0,0.0
201300007113,23,1,2013,23,3,89,464,2,1,1,7,RD24,48.0877,3.28686
201300007114,28,1,2013,5,3,89,388,1,1,2,7,,47.9399,3.25072
201300007115,10,3,2013,18,1,89,18,2,1,1,6,Petit Palteau,48.04608,3.36199
201300007116,15,5,2013,12,1,89,464,2,1,1,6,route de valprofonde,48.08196,3.30535
201300007117,28,7,2013,19,1,89,142,2,1,1,3,rue de la chapelle,48.097,3.454
201300007118,2,8,2013,11,1,89,388,2,1,1,3,route de JOIGNY,0.0,0.0
201300007119,23,8,2013,19,1,89,142,1,1,2,7,,48.09,3.471
201300007120,5,9,2013,8,1,89,464,2,1,1,6,12 RUE DE VALPROFONDE,48.08341,3.29556
201300007121,27,9,2013,15,1,89,464,2,1,1,1,"99, rue Carnot",48.088,3.295
201300007122,18,3,2013,9,1,89,418,1,1,9,1,,47.845,3.957
201300007123,2,4,2013,20,1,89,386,2,1,1,6,rue Notre Dame,47.80654,4.28057
201300007124,7,11,2013,23,3,89,447,1,1,8,7,,47.90259,3.93666
201300007125,23,11,2013,15,1,89,5,1,1,8,6,,47.771,4.174
201300007126,3,2,2013,1,3,25,364,1,1,1,6,,0.0,0.0
201300007127,14,4,2013,17,1,25,532,1,1,1,3,,0.0,0.0
201300007128,22,6,2013,18,1,25,410,1,1,1,1,,47.228,6.077
201300007129,16,7,2013,11,1,25,410,1,3,7,3,rue du comt? Montb?liard,0.0,0.0
201300007130,17,7,2013,13,1,25,410,1,1,1,7,,47.225,6.061
201300007131,22,7,2013,2,5,25,36,2,1,1,1,Rue des Cerisiers,47.218,5.963
201300007132,21,8,2013,9,1,25,410,1,1,1,4,,0.0,0.0
201300007133,29,8,2013,21,3,25,245,1,1,1,2,,0.0,0.0
201300007134,8,12,2013,13,1,25,267,1,1,1,6,,47.247,6.138
201300007135,28,2,2013,16,1,25,558,2,4,7,5,route de besancon - RD67,47.16,6.116
201300007136,18,6,2013,15,1,25,633,1,1,1,7,,0.0,0.0
201300007137,13,7,2013,18,1,25,360,1,1,1,5,,0.0,0.0
201300007138,17,7,2013,11,1,25,375,2,1,1,7,rue St Laurent,0.0,0.0
201300007139,6,1,2013,23,3,25,154,1,1,1,6,,0.0,0.0
201300007140,21,1,2013,11,1,25,220,2,1,1,6,D101 12 rue de l'?glise,47.123,6.025
201300007141,13,4,2013,16,1,25,336,1,1,1,7,,47.078,5.823
201300007142,26,4,2013,19,2,25,527,2,1,2,6,Rue des belles ouvrières,0.0,0.0
201300007143,20,6,2013,0,3,25,502,2,1,1,6,rue des fontaines,47.157,5.818
201300007144,24,6,2013,7,1,25,450,1,1,2,1,,47.079,5.883
201300007145,16,7,2013,14,1,25,287,1,1,1,1,,47.192,5.89
201300007146,2,8,2013,22,3,25,438,1,1,1,6,,0.0,0.0
201300007147,17,8,2013,8,1,25,21,2,8,1,1,grande rue,47.035,5.777
201300007148,20,8,2013,14,1,25,397,2,1,1,6,rd 105,47.182,5.91
201300007149,22,9,2013,15,1,25,195,1,1,1,2,,47.20103,5.86288
201300007150,7,10,2013,21,3,25,109,1,1,1,6,,47.133,5.932
201300007151,11,10,2013,7,2,25,103,1,1,3,2,,47.18,5.965
201300007152,21,11,2013,21,3,25,631,1,1,8,1,,0.0,0.0
201300007153,25,11,2013,20,3,25,287,2,1,1,6,rue du mont,47.14874,6.4197
201300007154,2,12,2013,6,3,25,466,1,2,1,3,,47.197,5.848
201300007155,16,6,2013,5,2,25,57,2,1,1,6,07 rue de Grand charmont,0.0,0.0
201300007156,18,10,2013,9,1,25,57,2,1,1,6,,0.0,0.0
201300007157,25,10,2013,0,5,25,57,2,1,1,6,zone de la prusse,0.0,0.0
201300007158,7,11,2013,7,1,25,57,1,1,1,5,,0.0,0.0
201300007159,19,12,2013,13,1,25,57,2,1,1,6,rue de Montb?liard,47.533,6.796
201300007160,10,1,2013,16,2,25,170,1,1,2,1,,0.0,0.0
201300007161,15,4,2013,19,1,25,43,1,1,1,2,,0.0,0.0
201300007162,20,9,2013,15,1,25,198,2,1,1,3,23 rue de Sainte Marie,0.0,0.0
201300007163,13,10,2013,3,5,25,198,2,1,8,6,Chemin de la Grive,47.53386,6.82119
201300007164,25,10,2013,17,1,25,481,1,2,1,3,,0.0,0.0
201300007165,15,3,2013,11,1,25,40,1,1,1,6,,47.517,6.931
201300007166,22,4,2013,22,5,25,237,2,1,1,6,38 rue du 18 novembre,47.529,6.905
201300007167,3,7,2013,19,1,25,304,1,1,3,6,,47.434,6.888
201300007168,14,8,2013,10,1,25,190,2,1,1,3,36 rue de Badevel,0.0,0.0
201300007169,17,9,2013,7,2,25,228,1,1,2,1,,47.514,6.88
201300007170,5,10,2013,11,1,25,228,2,1,3,1,Rue du g?n?ral de Gaulle,47.51,6.857
201300007171,22,10,2013,13,1,25,555,2,1,1,6,11 grande rue,47.502,6.853
201300007172,16,11,2013,4,5,25,367,2,1,1,2,Rue de Beaulieu,47.451,6.815
201300007173,9,3,2013,19,3,25,255,1,1,1,6,,0.0,0.0
201300007174,14,4,2013,9,1,25,127,2,1,1,3,3 Rue de l'église,47.21298,6.82539
201300007175,28,4,2013,14,1,25,91,1,1,1,1,,0.0,0.0
201300007176,12,5,2013,14,1,25,356,2,1,2,2,3 rue du mont miroir,47.25239,6.80461
201300007177,18,5,2013,18,1,25,234,1,1,1,2,,0.0,0.0
201300007178,19,6,2013,17,1,25,127,1,1,1,5,,0.0,0.0
201300007179,3,12,2013,9,1,25,571,2,1,7,6,10 rue du Doubs,0.0,0.0
201300007180,8,1,2013,16,2,25,82,2,3,1,3,Rue de la plaine,47.418,6.779
201300007181,16,3,2013,19,3,25,426,1,4,1,1,,0.0,0.0
201300007182,20,7,2013,12,1,25,387,1,1,1,7,,47.29,6.819
201300007183,21,7,2013,3,3,25,370,1,1,1,7,,47.458,6.769
201300007184,21,7,2013,20,1,25,519,1,1,1,7,,0.0,0.0
201300007185,10,11,2013,7,2,25,82,2,1,8,7,CD437,0.0,0.0
201300007186,15,1,2013,11,1,25,298,1,3,4,3,,47.345,6.306
201300007187,11,3,2013,18,1,25,6,1,3,1,3,,47.312,6.367
201300007188,11,4,2013,13,1,25,408,1,1,8,7,,47.431,6.292
201300007189,8,6,2013,12,1,25,546,1,1,1,1,,47.319,6.314
201300007190,28,8,2013,7,1,25,47,1,1,5,1,,47.368,6.378
201300007191,10,9,2013,9,1,25,32,1,1,3,3,,47.379,6.379
201300007192,12,9,2013,20,3,25,499,1,1,1,6,,47.454,6.374
201300007193,31,12,2013,15,1,25,47,1,1,1,6,,0.0,0.0
201300007194,9,1,2013,13,1,25,529,1,1,5,3,,0.0,0.0
201300007195,20,2,2013,19,3,25,22,1,1,1,6,,47.517,6.677
201300007196,17,3,2013,13,1,25,18,1,1,2,1,,0.0,0.0
201300007197,2,4,2013,16,1,25,22,1,1,1,1,,47.514,6.671
201300007198,16,6,2013,15,1,25,22,2,1,7,7,Rue de la 5ème DB,47.532,6.671
201300007199,12,7,2013,16,1,25,327,2,1,1,6,,47.393,6.625
201300007200,14,8,2013,17,1,25,479,1,1,1,2,,47.42,6.563
201300007201,18,8,2013,17,1,25,372,1,1,8,3,,0.0,0.0
201300007202,15,10,2013,19,1,25,345,1,1,2,6,,0.0,0.0
201300007203,23,11,2013,13,1,25,479,1,1,8,6,,47.432,6.579
201300007204,10,1,2013,17,2,25,508,2,1,3,1,rue du cotard,47.31737,6.23213
201300007205,29,3,2013,18,1,25,429,2,1,2,3,rue de la longeau,47.28603,6.13172
201300007206,15,5,2013,16,1,25,538,1,1,2,1,,47.34,6.282
201300007207,25,5,2013,21,3,25,468,1,1,1,1,,47.358,6.197
201300007208,16,6,2013,18,1,25,468,1,1,1,1,,47.358,6.198
201300007209,27,6,2013,6,1,25,86,2,1,1,1,Route de Besançon,0.0,0.0
201300007210,5,7,2013,4,2,25,429,2,1,1,3,,0.0,0.0
201300007211,16,8,2013,16,1,25,137,1,1,1,1,,0.0,0.0
201300007212,17,10,2013,12,1,25,508,2,1,1,6,,0.0,0.0
201300007213,22,12,2013,17,3,25,538,1,1,1,1,,0.0,0.0
201300007214,7,1,2013,7,3,25,605,1,1,5,6,,0.0,0.0
201300007215,18,1,2013,10,1,25,424,1,1,1,7,,0.0,0.0
201300007216,31,1,2013,13,1,25,262,1,1,1,6,,47.137,6.586
201300007217,11,2,2013,20,3,25,218,1,1,4,1,,0.0,0.0
201300007218,11,3,2013,16,1,25,601,2,1,1,3,Rue Gauthier,0.0,0.0
201300007219,17,3,2013,6,2,25,447,1,1,2,6,,0.0,0.0
201300007220,8,4,2013,17,1,25,578,1,1,1,7,,0.0,0.0
201300007221,31,5,2013,23,3,25,262,1,1,3,3,,0.0,0.0
201300007222,1,6,2013,10,1,25,349,1,1,8,7,,0.0,0.0
201300007223,13,7,2013,15,1,25,233,1,1,1,7,,0.0,0.0
201300007224,28,7,2013,6,1,25,227,2,1,1,7,Place de la fontaine,47.12202,6.34238
201300007225,28,7,2013,7,2,25,578,2,1,1,7,34 rue Mermoz,47.15001,6.35211
201300007226,19,8,2013,19,1,25,435,2,1,1,6,rue de l'Eglise,47.252,6.389
201300007227,17,9,2013,20,5,25,578,2,1,3,6,1 avenue Leclerc,47.15465,6.32864
201300007228,22,9,2013,11,1,25,222,1,1,1,3,,0.0,0.0
201300007229,19,10,2013,13,1,25,601,2,1,1,3,grande rue - PK 25 + 500,0.0,0.0
201300007230,24,10,2013,18,1,25,578,2,1,1,3,,0.0,0.0
201300007231,18,12,2013,15,1,25,601,2,1,1,1,16 rue des fourches,0.0,0.0
201300007232,20,12,2013,18,5,25,578,2,1,1,6,10  avenue du gl BURNEY,47.14984,6.33913
201300007233,20,1,2013,18,3,25,157,1,1,4,1,,46.841,6.37
201300007234,12,4,2013,15,1,25,282,1,1,3,6,,0.0,0.0
201300007235,20,4,2013,3,3,25,334,1,1,2,6,,0.0,0.0
201300007236,7,5,2013,21,2,25,634,1,1,1,6,,0.0,0.0
201300007237,19,7,2013,13,1,25,157,2,1,3,3,,0.0,0.0
201300007238,10,8,2013,21,3,25,634,1,1,1,6,,46.965,6.343
201300007239,26,8,2013,6,2,25,157,1,1,5,3,,46.849,6.371
201300007240,22,9,2013,9,1,25,29,1,1,1,1,,0.0,0.0
201300007241,20,12,2013,19,3,25,79,1,1,5,6,,46.927,6.12
201300007242,21,12,2013,1,3,25,110,1,1,5,1,,46.934,6.232
201300007243,14,4,2013,19,1,25,380,1,1,1,6,,0.0,0.0
201300007244,27,4,2013,20,3,25,514,1,1,4,3,,0.0,0.0
201300007245,5,5,2013,16,1,25,318,1,1,1,7,,0.0,0.0
201300007246,7,6,2013,5,2,25,320,2,1,5,1,LE COUDE,0.0,0.0
201300007247,28,6,2013,16,1,25,320,1,1,1,1,,0.0,0.0
201300007248,23,8,2013,7,2,25,592,1,1,1,7,,0.0,0.0
201300007249,17,9,2013,18,1,25,96,1,1,1,3,,0.0,0.0
201300007250,18,9,2013,14,1,25,318,2,1,2,6,1 place du Mt d'OR,0.0,0.0
201300007251,2,12,2013,18,5,25,318,2,1,1,6,ROUTE DES ALPES,0.0,0.0
201300007252,18,12,2013,16,1,25,320,1,1,1,6,,0.0,0.0