Num_Acc,jour,mois,an,hr,condition_eclairage,departement,commune,condition_agglomeration,intersection,condition_atmosphere,type_collision,adresse,lattitude,longitude
201300007253,1,2,2013,18,5,25,411,2,1,3,6,grande rue,0.0,0.0
201300007254,6,4,2013,6,3,25,50,1,1,8,6,,47.099,6.629
201300007255,14,4,2013,4,3,25,391,1,1,1,6,,0.0,0.0
201300007256,29,5,2013,18,1,25,160,1,1,8,1,,0.0,0.0
201300007257,9,8,2013,12,1,25,99,1,1,1,1,,0.0,0.0
201300007258,22,9,2013,14,1,25,50,1,1,1,7,,0.0,0.0
201300007259,12,10,2013,6,3,25,50,1,1,8,7,,0.0,0.0
201300007260,1,8,2013,11,1,04,70,2,1,1,6,GAULLE (PL. DU GAL. DE),44.09444,6.23956
201300007261,25,2,2013,22,3,39,171,1,1,1,1,,0.0,0.0
201300007262,22,5,2013,10,1,39,217,1,1,2,3,,0.0,0.0
201300007263,16,6,2013,15,1,39,313,1,1,1,5,,0.0,0.0
201300007264,30,8,2013,14,1,39,558,1,1,1,1,,0.0,0.0
201300007265,30,8,2013,16,1,39,327,1,1,1,1,,0.0,0.0
201300007266,24,10,2013,17,1,39,348,1,1,1,7,,0.0,0.0
201300007267,10,11,2013,18,3,39,156,1,1,2,7,,0.0,0.0
201300007268,15,6,2013,17,1,39,21,1,1,7,1,,0.0,0.0
201300007269,18,6,2013,10,1,39,303,1,1,1,1,,0.0,0.0
201300007270,17,9,2013,9,1,39,397,2,1,1,6,rue traversi?re,0.0,0.0
201300007271,29,10,2013,17,5,39,397,2,3,1,3,CHEMIN DES ALLAMANS,0.0,0.0
201300007272,5,8,2013,12,1,39,422,1,1,1,6,,0.0,0.0
201300007273,2,4,2013,10,1,39,88,1,1,1,7,,0.0,0.0
201300007274,22,6,2013,18,1,39,475,2,9,1,3,avenue Franche Comt?,46.736,5.571
201300007275,26,7,2013,18,1,39,466,1,1,1,6,,0.0,0.0
201300007276,26,10,2013,11,1,39,474,1,2,1,3,,0.0,0.0
201300007277,4,4,2013,15,1,39,9,1,1,1,1,,0.0,0.0
201300007278,3,5,2013,14,1,39,376,1,1,2,6,,0.0,0.0
201300007279,10,6,2013,11,1,39,545,1,1,8,1,,0.0,0.0
201300007280,7,2,2013,8,1,39,227,1,1,4,3,,46.638,6.03
201300007281,3,5,2013,10,1,39,116,1,1,1,3,,46.87,5.812
201300007282,20,5,2013,17,1,39,81,1,1,8,5,,46.886,5.72
201300007283,30,6,2013,15,1,39,49,1,1,1,6,,46.865,5.606
201300007284,13,7,2013,2,3,39,13,1,1,1,1,,46.919,5.771
201300007285,27,7,2013,14,1,39,81,1,1,1,1,,0.0,0.0
201300007286,27,7,2013,17,1,39,49,2,1,1,3,rue de la poste,46.865,5.604
201300007287,9,8,2013,18,1,39,13,1,1,1,3,,46.903,5.745
201300007288,29,8,2013,7,2,39,13,1,1,1,3,,46.901,5.738
201300007289,4,11,2013,14,1,39,434,1,1,3,1,,46.822,5.74
201300007290,11,11,2013,17,2,39,434,1,1,8,3,,46.84,5.696
201300007291,4,6,2013,18,1,39,176,1,1,1,6,,0.0,0.0
201300007292,14,6,2013,18,1,39,436,2,1,1,6,Route de Champagnole,46.876,5.9
201300007293,8,7,2013,8,1,39,500,1,1,1,1,,0.0,0.0
201300007294,29,8,2013,23,3,39,439,1,1,1,7,,46.996,5.822
201300007295,8,9,2013,19,2,39,500,1,1,3,1,,0.0,0.0
201300007296,27,9,2013,7,1,39,500,1,3,1,3,,0.0,0.0
201300007297,28,10,2013,17,2,39,202,1,1,2,6,,0.0,0.0
201300007298,24,1,2013,22,5,39,526,2,1,1,3,39 rue de chalon,47.036,5.402
201300007299,10,4,2013,20,3,39,233,1,1,3,7,,47.095,5.453
201300007300,11,5,2013,8,1,39,233,1,1,1,5,,0.0,0.0
201300007301,20,6,2013,18,1,39,270,1,1,1,1,,47.142,5.475
201300007302,12,7,2013,7,1,39,405,2,1,1,3,RD 905,47.027,5.494
201300007303,12,7,2013,17,1,39,476,2,1,1,1,,47.029,5.338
201300007304,5,10,2013,5,3,39,150,1,6,1,3,,0.0,0.0
201300007305,10,11,2013,7,2,39,101,2,1,2,6,route de foucherans,0.0,0.0
201300007306,8,11,2013,17,2,39,412,2,1,3,6,route de chaussin,0.0,0.0
201300007307,11,2,2013,8,1,39,48,1,1,4,1,,47.023,5.615
201300007308,15,4,2013,10,1,39,387,1,1,1,1,,0.0,0.0
201300007309,16,7,2013,23,3,39,149,1,1,1,7,,47.023,5.727
201300007310,22,8,2013,21,3,39,415,1,1,1,7,,46.923,5.343
201300007311,7,11,2013,16,1,39,415,2,1,1,3,rue de la louvi?re,0.0,0.0
201300007312,17,3,2013,12,1,39,74,1,2,2,1,,47.247,5.554
201300007313,17,5,2013,7,1,39,449,2,1,2,1,rue Gabriel Toytot,47.158,5.484
201300007314,30,6,2013,15,1,39,188,1,1,1,3,,47.266,5.545
201300007315,16,7,2013,20,1,39,499,1,1,1,3,,47.237,5.639
201300007316,30,8,2013,14,1,39,235,1,1,1,1,,47.151,5.749
201300007317,12,2,2013,17,1,39,510,1,1,9,5,,0.0,0.0
201300007318,20,2,2013,23,5,39,478,2,1,1,6,rue de la poyat,46.39,5.86
201300007319,25,4,2013,12,1,39,102,2,1,1,1,RUE DU JURA,0.0,0.0
201300007320,20,7,2013,13,1,39,157,1,1,1,2,,0.0,0.0
201300007321,27,9,2013,15,1,39,491,1,1,1,6,,0.0,0.0
201300007322,28,11,2013,9,1,39,547,1,1,8,1,,0.0,0.0
201300007323,2,7,2013,8,1,39,441,1,1,1,3,,46.433,6.023
201300007324,19,7,2013,14,1,39,59,2,1,2,2,1867 RUE FRANCHE COMTE,0.0,0.0
201300007325,21,7,2013,16,1,39,470,2,1,1,3,RN5 - ROUTE BLANCHE,0.0,0.0
201300007326,20,8,2013,17,1,39,131,1,1,1,6,,0.0,0.0
201300007327,23,8,2013,20,2,39,368,2,1,1,3,100 RUE DE LA REPUBLIQUE,0.0,0.0
201300007328,15,9,2013,16,1,39,258,1,1,8,7,,0.0,0.0
201300007329,9,10,2013,7,2,39,115,2,1,1,6,Rue du faye parcours,0.0,0.0
201300007330,30,10,2013,14,1,39,487,2,1,1,3,5 rue des pesi?res,0.0,0.0
201300007331,26,11,2013,17,4,39,470,2,1,1,6,,46.48,6.065
201300007332,26,12,2013,17,3,39,470,1,1,4,3,,46.489,6.043
201300007333,20,6,2013,7,1,04,112,2,9,1,3,"417, DEPARTEMENTALE 4096",0.0,0.0
201300007334,17,6,2013,12,1,04,112,2,1,1,6,POMPIDOU (AV.GEORGES),0.0,0.0
201300007335,22,6,2013,14,1,04,112,2,1,1,6,HAUTE PROVENCE (BD. DE),0.0,0.0
201300007336,17,6,2013,9,1,04,112,2,3,1,3,"15, CAIRE (PL. DR.)",0.0,0.0
201300007337,23,6,2013,18,1,04,112,2,1,1,3,RYCKBUSCH(AVENUE),0.0,0.0
201300007338,5,7,2013,18,1,04,112,1,2,1,3,ROBERT (CH.DE),0.0,0.0
201300007339,15,7,2013,0,3,70,42,1,1,1,6,,0.0,0.0
201300007340,9,8,2013,20,1,70,433,1,1,1,1,,0.0,0.0
201300007341,21,8,2013,14,1,70,42,1,1,1,6,,0.0,0.0
201300007342,24,11,2013,17,3,70,517,1,6,1,7,,0.0,0.0
201300007343,26,8,2013,10,1,70,329,1,1,2,6,,0.0,0.0
201300007344,8,12,2013,7,2,70,292,2,1,1,6,rue victor hugo,0.0,0.0
201300007345,21,2,2013,18,3,70,566,1,2,1,3,,0.0,0.0
201300007346,30,3,2013,2,3,70,457,1,1,2,7,,0.0,0.0
201300007347,16,4,2013,12,1,70,235,1,1,1,5,,0.0,0.0
201300007348,19,4,2013,12,1,70,167,2,1,1,1,rue des communailles,0.0,0.0
201300007349,27,5,2013,12,1,70,278,1,1,1,1,,0.0,0.0
201300007350,10,6,2013,8,1,70,421,2,1,1,3,Rue Francois MITTERRAND,0.0,0.0
201300007351,23,8,2013,17,1,70,482,1,1,1,3,,0.0,0.0
201300007352,27,8,2013,12,1,70,44,1,1,1,1,,0.0,0.0
201300007353,5,1,2013,17,2,70,431,1,1,8,1,,0.0,0.0
201300007354,8,1,2013,16,1,70,208,1,1,8,1,,0.0,0.0
201300007355,25,4,2013,7,1,70,441,2,1,1,1,rue de fondremand,0.0,0.0
201300007356,21,9,2013,7,2,70,109,1,1,5,1,,0.0,0.0
201300007357,10,10,2013,13,1,70,383,1,1,2,1,,0.0,0.0
201300007358,15,11,2013,7,2,70,407,1,1,1,1,,0.0,0.0
201300007359,27,11,2013,10,1,70,493,1,5,1,5,,0.0,0.0
201300007360,12,12,2013,17,2,70,493,1,1,1,1,,0.0,0.0
201300007361,13,1,2013,8,1,70,432,1,1,4,6,,0.0,0.0
201300007362,27,3,2013,16,1,70,577,1,1,1,3,,0.0,0.0
201300007363,5,4,2013,18,1,70,4,2,1,8,7,Rue des genevriers,0.0,0.0
201300007364,5,4,2013,12,1,70,310,1,1,1,7,,0.0,0.0
201300007365,11,5,2013,15,1,70,262,1,1,1,1,,0.0,0.0
201300007366,5,6,2013,18,1,70,310,2,1,1,7,13 RUE MARSOT,0.0,0.0
201300007367,31,7,2013,16,1,70,432,1,1,1,6,,0.0,0.0
201300007368,3,9,2013,17,1,70,310,2,1,1,3,100 avenue Carnot,0.0,0.0
201300007369,19,10,2013,17,1,70,260,1,1,1,3,,0.0,0.0
201300007370,22,11,2013,17,5,70,321,2,1,1,6,10 rue du lac,0.0,0.0
201300007371,4,1,2013,15,1,70,313,1,1,5,5,,0.0,0.0
201300007372,5,4,2013,14,1,70,451,2,3,1,1,rue pasteur,0.0,0.0
201300007373,8,7,2013,17,1,70,339,2,1,1,2,38 Grande Rue,0.0,0.0
201300007374,9,9,2013,17,1,70,451,2,1,1,1,32 rue des mineurs,47.699,6.632
201300007375,3,11,2013,17,3,70,256,1,1,2,2,,0.0,0.0
201300007376,22,11,2013,22,5,70,120,2,8,1,3,,0.0,0.0
201300007377,10,2,2013,9,1,70,31,1,1,1,5,,0.0,0.0
201300007378,7,9,2013,11,1,70,506,2,1,1,1,04 rue du charmois,0.0,0.0
201300007379,29,9,2013,7,1,70,96,1,1,2,6,,0.0,0.0
201300007380,8,11,2013,23,5,70,477,2,1,2,3,rue de l'eglise,0.0,0.0
201300007381,5,12,2013,19,3,70,530,1,1,9,3,,0.0,0.0
201300007382,6,1,2013,9,1,70,141,1,1,2,6,,0.0,0.0
201300007383,16,3,2013,16,1,70,473,1,1,1,3,,0.0,0.0
201300007384,4,6,2013,17,1,70,311,2,1,7,1,12 rue Grammont,0.0,0.0
201300007385,10,12,2013,5,3,70,537,1,1,9,7,,0.0,0.0
201300007386,25,1,2013,8,1,70,240,1,1,8,2,,0.0,0.0
201300007387,4,4,2013,21,3,70,171,1,1,1,7,,0.0,0.0
201300007388,24,6,2013,1,3,70,245,1,1,1,5,,0.0,0.0
201300007389,5,9,2013,15,1,70,97,2,3,1,5,D28,0.0,0.0
201300007390,6,10,2013,16,1,70,245,1,1,1,1,,0.0,0.0
201300007391,10,12,2013,11,1,70,526,2,1,1,6,28 GRande Rue,0.0,0.0
201300007392,15,1,2013,19,3,70,331,1,1,4,6,,0.0,0.0
201300007393,6,2,2013,19,3,70,132,1,1,4,7,,0.0,0.0
201300007394,28,4,2013,1,5,70,279,2,6,2,6,Rond point  Hauts Pres,0.0,0.0
201300007395,27,7,2013,22,3,70,24,1,1,1,7,,0.0,0.0
201300007396,27,7,2013,12,1,70,279,2,1,1,1,Avenue Carnot,0.0,0.0
201300007397,27,7,2013,11,1,70,279,1,1,1,5,,0.0,0.0
201300007398,1,8,2013,1,5,70,26,2,1,1,7,AVENUE DES PARC,0.0,0.0
201300007399,30,8,2013,17,1,70,331,1,1,1,1,,0.0,0.0
201300007400,19,10,2013,12,1,70,26,2,1,1,1,49avenue Jean Jaures,0.0,0.0
201300007401,21,10,2013,0,3,70,220,1,1,1,6,,0.0,0.0
201300007402,28,10,2013,11,1,70,279,1,1,8,1,,0.0,0.0
201300007403,8,11,2013,18,3,70,26,1,1,3,1,,0.0,0.0
201300007404,27,1,2013,18,3,70,53,2,1,2,6,route de Fretigney,0.0,0.0
201300007405,18,8,2013,20,2,70,568,2,1,1,6,rue de la grapinet,0.0,0.0
201300007406,2,12,2013,18,3,70,299,1,1,1,7,,0.0,0.0
201300007407,6,4,2013,5,3,90,15,1,1,1,1,,0.0,0.0
201300007408,31,5,2013,9,1,90,93,1,1,3,6,,0.0,0.0
201300007409,4,6,2013,8,1,90,68,1,1,1,6,,0.0,0.0
201300007410,16,7,2013,23,3,90,87,2,1,1,6,Route de PHAFFANS,0.0,0.0
201300007411,18,8,2013,14,1,90,93,2,1,1,1,50 grande rue,0.0,0.0
201300007412,26,10,2013,12,1,90,15,1,1,1,4,,0.0,0.0
201300007413,26,1,2013,14,1,90,45,1,1,1,6,,0.0,0.0
201300007414,25,3,2013,6,2,90,81,1,1,4,6,,0.0,0.0
201300007415,13,4,2013,18,1,90,46,1,1,1,7,,0.0,0.0
201300007416,21,3,2013,15,1,90,91,1,6,1,3,,47.69,6.96
201300007417,3,5,2013,23,3,90,5,1,1,1,6,,47.732,6.76
201300007418,4,6,2013,18,1,90,89,2,3,1,3,rue de Leval,47.736,6.974
201300007419,22,6,2013,16,1,90,89,2,1,1,3,avenue Jean Moulin,0.0,0.0
201300007420,8,7,2013,3,5,90,52,2,1,1,6,18 faubourg de Belfort,47.74,6.83
201300007421,8,10,2013,15,1,90,58,2,1,2,7,Rue du general de Gaulle,0.0,0.0
201300007422,31,10,2013,8,1,90,23,2,1,1,2,47 Grande rue CHAUX,47.714,6.838
201300007423,11,12,2013,7,3,90,91,2,1,9,6,rue Principale,0.0,0.0
201300007424,13,12,2013,9,1,90,52,1,1,1,3,,0.0,0.0
201300007425,24,12,2013,8,1,90,41,2,1,1,3,grande rue,0.0,0.0
201300007426,12,8,2013,11,1,90,31,2,1,1,3,rue des orgues,47.632,6.995
201300007427,20,8,2013,13,1,90,50,1,1,1,7,,0.0,0.0
201300007428,25,9,2013,15,1,90,53,1,1,1,1,,0.0,0.0
201300007429,31,10,2013,20,5,90,53,2,1,1,6,4 rue notre dame,0.0,0.0
201300007430,30,7,2013,19,1,26,141,1,1,1,5,26141,0.0,0.0
201300007431,15,8,2013,15,1,26,69,1,1,1,6,26069,0.0,0.0
201300007432,21,8,2013,15,1,26,248,1,1,1,1,26248,0.0,0.0
201300007433,30,10,2013,14,1,26,69,1,1,7,6,26069,0.0,0.0
201300007434,11,12,2013,11,1,26,277,1,1,9,6,26277,0.0,0.0
201300007435,8,1,2013,13,1,38,344,1,1,1,5,A7 PK 0015+0600,45.3948,4.80822
201300007436,8,2,2013,16,1,26,295,1,1,1,5,26295,0.0,0.0
201300007437,26,2,2013,4,3,26,2,1,1,1,2,26002,0.0,0.0
201300007438,16,3,2013,17,1,38,448,1,1,1,7,,0.0,0.0
201300007439,22,6,2013,7,1,38,344,1,1,1,6,,0.0,0.0
201300007440,28,6,2013,18,1,26,295,1,1,1,6,26295,0.0,0.0
201300007441,6,7,2013,11,1,26,325,1,1,1,4,26325,0.0,0.0
201300007442,8,7,2013,7,1,38,468,1,1,1,7,,0.0,0.0
201300007443,10,7,2013,4,3,38,72,1,1,1,3,,0.0,0.0
201300007444,17,8,2013,2,3,38,19,1,1,1,3,,0.0,0.0
201300007445,24,8,2013,7,1,38,468,1,1,1,2,,0.0,0.0
201300007446,2,9,2013,7,2,38,468,1,1,1,2,,0.0,0.0
201300007447,13,10,2013,17,1,38,344,1,1,1,2,,0.0,0.0
201300007448,20,10,2013,17,1,38,344,1,1,1,4,A7 PK0018+0300,45.3714,4.80762
201300007449,17,11,2013,20,3,38,344,1,1,1,1,,0.0,0.0
201300007450,17,1,2013,19,3,26,179,1,1,1,5,26179,0.0,0.0
201300007451,18,1,2013,20,3,26,252,1,1,1,6,26252,0.0,0.0
201300007452,19,2,2013,11,1,26,362,1,1,1,2,26362,0.0,0.0
201300007453,14,4,2013,12,1,26,72,1,1,1,5,26072,0.0,0.0
201300007454,18,4,2013,7,1,26,156,1,1,1,6,26156,0.0,0.0
201300007455,23,4,2013,4,3,26,362,1,1,1,2,26362,0.0,0.0
201300007456,10,5,2013,18,1,26,124,1,1,1,7,26124,0.0,0.0
201300007457,15,6,2013,17,1,26,72,1,1,1,6,26072,0.0,0.0
201300007458,27,6,2013,8,1,26,165,1,1,1,2,26165,0.0,0.0
201300007459,3,7,2013,19,1,26,252,1,1,1,6,AIRE REPOS PORTE LES VAL,0.0,0.0
201300007460,6,7,2013,17,1,26,124,2,1,7,6,45 BIS GRANDE RUE,44.8373,4.8932
201300007461,11,7,2013,15,1,26,206,1,1,1,5,26206,0.0,0.0
201300007462,12,7,2013,14,1,26,208,1,1,1,6,26208,0.0,0.0
201300007463,17,7,2013,19,1,26,206,1,1,1,5,26206,0.0,0.0
201300007464,16,7,2013,16,1,26,170,1,1,1,3,,44.905,4.957
201300007465,16,7,2013,14,1,26,124,2,2,1,1,26124,0.0,0.0
201300007466,17,7,2013,11,1,26,170,1,2,1,3,26170,44.9134,4.9489
201300007467,18,7,2013,14,1,26,185,1,1,1,6,26185,0.0,0.0
201300007468,12,8,2013,15,1,26,166,1,3,1,3,26166,44.7435,4.8199
201300007469,13,8,2013,17,1,26,166,1,1,1,2,26166,0.0,0.0
201300007470,14,8,2013,17,2,26,170,2,9,1,3,26170,44.9002,4.9449
201300007471,14,8,2013,15,1,26,144,1,1,1,3,26144,0.0,0.0
201300007472,19,8,2013,10,1,26,166,1,1,2,1,26166,0.0,0.0
201300007473,1,9,2013,9,1,26,124,1,1,1,6,26124,0.0,0.0
201300007474,31,8,2013,19,2,26,313,2,1,1,6,26313,44.971,4.9533
201300007475,3,9,2013,8,1,26,6,1,1,1,3,26006,0.0,0.0
201300007476,9,9,2013,8,1,26,124,2,1,1,6,26124,44.837,4.8936
201300007477,11,9,2013,11,1,26,232,1,1,1,7,26232,0.0,0.0
201300007478,11,9,2013,19,2,26,37,1,1,1,3,26037,0.0,0.0
201300007479,16,9,2013,11,1,26,166,2,1,1,6,intersection RN7 D 104 N,44.757,4.819
201300007480,20,9,2013,15,1,26,170,1,2,1,3,26170,0.0,0.0
201300007481,20,9,2013,18,1,26,124,1,1,1,4,26124,0.0,0.0
201300007482,7,10,2013,18,1,26,165,1,3,1,1,RUE BARJAVEL,44.7735,4.8286
201300007483,18,10,2013,22,3,26,252,1,1,1,2,26252,0.0,0.0
201300007484,20,10,2013,8,1,26,72,1,1,3,7,26072,0.0,0.0
201300007485,23,10,2013,17,1,26,58,1,1,2,3,26058,0.0,0.0
201300007486,7,11,2013,17,3,26,165,1,1,1,6,26165,0.0,0.0
201300007487,30,11,2013,11,1,26,358,1,1,8,3,26358,44.795,4.9353
201300007488,9,12,2013,17,2,26,144,1,1,8,7,26144,0.0,0.0
201300007489,10,12,2013,15,1,26,72,1,1,1,6,26072,0.0,0.0
201300007490,11,12,2013,15,1,26,64,1,1,1,1,26064,0.0,0.0
201300007491,13,12,2013,8,1,26,337,1,1,1,6,26337,0.0,0.0
201300007492,14,12,2013,18,1,26,84,1,1,1,5,,0.0,0.0
201300007493,19,12,2013,13,1,26,42,2,1,2,6,26042,0.0,0.0
201300007494,24,7,2013,15,1,13,1,2,1,1,2,,43.54027,5.48659
201300007495,5,8,2013,19,2,13,80,1,1,1,1,,0.0,0.0
201300007496,20,8,2013,8,1,13,80,2,1,1,6,Chemin des ?coles,43.66697,5.43714
201300007497,5,12,2013,23,3,13,48,1,1,1,6,,0.0,0.0
201300007498,15,12,2013,18,3,13,48,1,1,1,5,,0.0,0.0
201300007499,5,7,2013,3,3,13,67,2,1,1,7,"RD7N, PK 014+430",0.0,0.0
201300007500,13,7,2013,8,1,13,53,1,1,1,1,,0.0,0.0
201300007501,18,8,2013,19,1,13,112,1,1,1,2,,0.0,0.0
201300007502,21,8,2013,19,2,13,9,1,1,1,6,,0.0,0.0
201300007503,15,9,2013,12,1,13,34,1,1,1,3,,0.0,0.0
201300007504,24,9,2013,15,1,13,51,1,1,1,3,,0.0,0.0
201300007505,25,10,2013,16,1,13,9,1,1,1,6,,0.0,0.0
201300007506,28,10,2013,22,3,13,67,1,1,1,6,,0.0,0.0
201300007507,30,10,2013,17,1,13,69,1,1,1,6,,0.0,0.0
201300007508,5,11,2013,9,1,13,76,1,1,1,3,,0.0,0.0
201300007509,13,11,2013,5,3,13,49,1,1,1,2,,0.0,0.0
201300007510,7,1,2013,17,2,13,62,1,1,1,3,,0.0,0.0
201300007511,30,1,2013,12,1,13,41,2,7,1,3,cours de la r?publique,43.45526,5.47073
201300007512,7,2,2013,8,1,13,41,2,6,7,6,Avenue du Pilon du Roy,43.43401,5.46618
201300007513,7,2,2013,17,1,13,41,2,1,1,6,,0.0,0.0
201300007514,14,2,2013,15,1,13,15,1,1,1,3,,0.0,0.0
201300007515,26,2,2013,11,1,13,60,1,1,1,6,,43.48847,5.51051
201300007516,26,3,2013,17,1,13,41,2,9,1,6,,43.45624,5.46429
201300007517,17,5,2013,8,1,13,41,1,1,1,3,,0.0,0.0
201300007518,31,5,2013,10,1,13,41,1,9,1,2,,0.0,0.0
201300007519,7,6,2013,21,1,13,41,1,6,1,6,,43.45419,5.45503
201300007520,4,7,2013,21,2,13,60,1,1,1,7,,0.0,0.0
201300007521,15,7,2013,6,1,13,41,1,1,1,6,,43.45086,5.49887
201300007522,12,7,2013,17,1,13,62,2,1,1,3,D58 ROUTE DU PUIT GERARD,0.0,0.0
201300007523,9,8,2013,7,1,13,41,1,1,1,6,,43.44204,5.45801
201300007524,25,8,2013,3,3,13,60,1,1,1,6,,43.5035,5.51136
201300007525,15,9,2013,18,2,13,41,1,1,1,6,,43.475,5.462
201300007526,2,10,2013,16,1,13,41,1,1,1,1,,0.0,0.0
201300007527,1,10,2013,10,1,13,62,1,9,1,6,,0.0,0.0
201300007528,13,10,2013,18,1,13,41,1,1,1,3,,0.0,0.0
201300007529,21,10,2013,0,5,13,41,2,6,8,6,boulevard bontemps,0.0,0.0
201300007530,10,12,2013,7,2,13,62,1,1,9,1,,0.0,0.0
201300007531,14,1,2013,7,2,13,59,1,1,1,1,,0.0,0.0
201300007532,13,5,2013,7,2,13,59,2,1,1,1,RD96,0.0,0.0
201300007533,26,5,2013,17,1,13,48,1,1,1,1,,43.64545,5.67926
201300007534,10,8,2013,17,1,13,99,1,1,1,2,,0.0,0.0
201300007535,2,9,2013,17,1,13,48,1,1,1,3,,43.65342,5.61196
201300007536,16,11,2013,21,5,13,59,2,1,1,6,RD96,0.0,0.0
201300007537,11,3,2013,13,1,13,107,1,1,1,7,place de l'eglise,43.42905,5.43764
201300007538,2,5,2013,16,1,13,15,2,1,1,3,avenue de provence,43.44856,5.43177
201300007539,4,5,2013,12,1,13,15,2,3,1,3,la croix d 'or,0.0,0.0
201300007540,21,5,2013,17,1,13,15,2,1,1,1,Avenue Thiers,43.44685,5.41338
201300007541,19,6,2013,5,5,13,15,2,9,1,6,avenue de violesi,43.44362,5.39759
201300007542,23,8,2013,15,1,13,107,1,1,1,2,,0.0,0.0
201300007543,1,10,2013,8,1,13,41,1,1,1,3,,0.0,0.0
201300007544,31,10,2013,19,5,13,107,2,1,1,1,avenue g?n?ral de gaulle,0.0,0.0
201300007545,19,4,2013,16,1,13,72,1,1,1,2,,0.0,0.0
201300007546,4,6,2013,15,1,13,87,1,3,1,7,,0.0,0.0
201300007547,20,6,2013,6,1,13,79,1,1,1,1,,0.0,0.0
201300007548,19,8,2013,9,1,13,110,1,1,1,3,,0.0,0.0
201300007549,14,9,2013,8,1,13,72,2,4,1,3,CD 56 B,0.0,0.0
201300007550,31,10,2013,18,5,13,72,1,9,1,3,,43.46321,5.61096
201300007551,31,10,2013,19,3,13,110,1,1,1,2,,0.0,0.0
201300007552,1,12,2013,17,3,13,110,1,1,1,4,,43.45144,5.69423
201300007553,19,12,2013,21,5,13,110,1,4,2,6,,0.0,0.0
201300007554,6,1,2013,18,3,13,4,1,1,6,6,,0.0,0.0
201300007555,31,3,2013,0,3,13,4,1,1,1,6,,0.0,0.0
201300007556,5,6,2013,17,1,13,4,2,1,1,3,,0.0,0.0
201300007557,16,6,2013,16,1,13,4,1,1,1,5,,0.0,0.0
201300007558,3,7,2013,13,1,13,4,1,1,1,6,,0.0,0.0
201300007559,2,8,2013,16,1,13,4,1,1,1,1,,0.0,0.0
201300007560,14,9,2013,9,1,13,4,1,1,1,1,,0.0,0.0
201300007561,20,9,2013,23,5,13,4,1,9,1,6,,0.0,0.0
201300007562,14,10,2013,18,1,13,4,1,1,1,2,,0.0,0.0
201300007563,20,10,2013,21,3,13,4,2,1,1,6,rd453,0.0,0.0
201300007564,31,10,2013,9,1,13,4,1,1,1,6,,0.0,0.0
201300007565,3,11,2013,10,1,13,4,1,1,1,6,,0.0,0.0
201300007566,9,3,2013,5,3,13,27,1,4,2,1,,0.0,0.0
201300007567,18,5,2013,6,2,13,27,1,1,2,6,,43.85922,4.80427
201300007568,13,7,2013,10,1,13,66,1,1,1,5,,0.0,0.0
201300007569,22,8,2013,8,1,13,66,1,1,1,3,,43.88435,4.89783
201300007570,9,11,2013,4,3,13,27,1,1,8,6,,0.0,0.0
201300007571,3,3,2013,16,1,13,96,1,1,1,1,,0.0,0.0
201300007572,10,4,2013,21,3,13,96,1,1,1,6,d570,0.0,0.0
201300007573,3,8,2013,4,3,13,96,1,1,1,1,,43.54429,4.3551
201300007574,25,8,2013,13,1,13,96,2,1,1,6,avenue d'Arles,43.45319,4.42797
201300007575,19,2,2013,22,3,13,97,1,1,1,5,,0.0,0.0
201300007576,26,3,2013,8,1,13,97,1,1,1,3,,0.0,0.0
201300007577,22,4,2013,20,1,13,97,1,3,1,3,vers distribike,43.62501,4.79703
201300007578,26,5,2013,18,1,13,97,1,1,1,2,,0.0,0.0
201300007579,15,7,2013,19,1,13,97,1,9,1,7,,43.62509,4.7495
201300007580,17,7,2013,16,1,13,97,1,1,1,6,,0.0,0.0
201300007581,22,8,2013,16,1,13,97,2,7,1,6,Place du Gnl DE GAULLE,43.63729,4.80812
201300007582,15,10,2013,14,1,13,97,1,1,1,7,,0.0,0.0
201300007583,14,11,2013,16,1,13,97,2,1,1,5,Avenue C?sar Bernaudon,43.63849,4.81097
201300007584,26,11,2013,11,1,13,97,1,1,1,3,,0.0,0.0
201300007585,3,2,2013,14,1,13,94,1,1,1,6,,0.0,0.0
201300007586,28,2,2013,13,1,13,100,2,9,1,3,chemin de pegomas,43.79093,4.84074
201300007587,9,3,2013,2,3,13,100,1,1,1,7,,0.0,0.0
201300007588,26,6,2013,1,3,13,36,1,1,1,6,,0.0,0.0
201300007589,21,12,2013,16,1,13,100,1,1,1,6,,43.80474,4.82424
201300007590,13,1,2013,17,2,13,42,1,1,2,1,,0.0,0.0
201300007591,22,3,2013,7,1,13,42,2,1,1,3,chemin des graviers,0.0,0.0
201300007592,9,4,2013,18,1,13,30,1,1,1,1,,43.26593,5.74826
201300007593,6,5,2013,19,1,13,42,1,1,1,6,,0.0,0.0
201300007594,2,6,2013,10,1,13,30,1,1,7,1,,0.0,0.0
201300007595,5,6,2013,16,1,13,30,1,1,1,6,,0.0,0.0
201300007596,3,9,2013,9,1,13,42,2,1,1,2,D 396 - av. 2? cuir.,0.0,0.0
201300007597,29,10,2013,9,1,13,42,1,1,3,1,,0.0,0.0