Num_Acc,jour,mois,an,hr,condition_eclairage,departement,commune,condition_agglomeration,intersection,condition_atmosphere,type_collision,adresse,lattitude,longitude
201300007598,29,10,2013,13,1,13,30,1,1,2,6,,0.0,0.0
201300007599,29,11,2013,12,1,13,42,1,1,1,1,,43.2801,5.62104
201300007600,27,2,2013,16,1,13,22,1,1,1,3,,0.0,0.0
201300007601,9,3,2013,17,1,13,23,1,1,1,7,2909-3477ChemidelaCiotat,43.23004,5.65816
201300007602,6,4,2013,16,1,13,23,1,1,2,6,,0.0,0.0
201300007603,12,5,2013,15,1,13,22,1,1,6,7,avenue de carnux,0.0,0.0
201300007604,24,5,2013,6,1,13,23,2,1,1,1,Avenue Louis JULIEN,0.0,0.0
201300007605,21,7,2013,1,3,13,22,1,1,1,1,,0.0,0.0
201300007606,11,8,2013,7,1,13,22,2,1,1,3,AVENUE ALPHONSE DAUDET,43.21803,5.53627
201300007607,10,9,2013,17,1,13,22,2,1,1,3,AVENUE MARECHAL FOCH,0.0,0.0
201300007608,17,10,2013,10,1,13,22,2,1,1,6,avenue du 11 novembre 18,43.21639,5.54278
201300007609,2,6,2013,15,1,13,85,1,1,1,1,,0.0,0.0
201300007610,11,7,2013,12,1,13,85,1,3,1,3,,0.0,0.0
201300007611,4,8,2013,19,1,13,119,2,9,1,1,,43.25196,5.55703
201300007612,26,9,2013,17,1,13,85,2,1,1,3,avenue Ghirardelli,0.0,0.0
201300007613,12,6,2013,18,1,13,73,2,2,1,3,AVENUE DE LA LIBERATION,0.0,0.0
201300007614,16,6,2013,18,1,13,13,1,1,1,1,,0.0,0.0
201300007615,25,1,2013,20,3,13,86,1,1,1,5,,0.0,0.0
201300007616,16,2,2013,19,5,13,86,2,3,1,3,Pont de l'Etoile,0.0,0.0
201300007617,31,5,2013,15,1,13,86,2,1,1,6,10 RD 96  ch de GAULLE,0.0,0.0
201300007618,24,6,2013,15,1,13,7,1,1,1,7,,43.33005,5.68249
201300007619,12,9,2013,8,1,13,31,1,1,1,3,,43.391,5.59
201300007620,27,9,2013,12,1,13,7,2,1,1,2,Quartier Le Serre Rd 560,0.0,0.0
201300007621,14,10,2013,7,2,13,7,1,1,1,1,,0.0,0.0
201300007622,30,10,2013,12,1,13,86,2,1,1,6,Av des Alli?s,0.0,0.0
201300007623,9,11,2013,18,5,13,7,2,1,8,3,RN96 PR 9+300,0.0,0.0
201300007624,15,11,2013,20,3,13,7,1,1,1,1,,0.0,0.0
201300007625,20,11,2013,6,5,13,7,1,1,1,6,,43.36537,5.61173
201300007626,29,12,2013,15,1,13,86,2,1,1,5,RD96 _ Pont de l'Etoile,0.0,0.0
201300007627,19,2,2013,6,2,13,14,1,1,1,7,,0.0,0.0
201300007628,22,4,2013,16,1,13,14,1,1,1,2,,43.49011,5.19944
201300007629,17,6,2013,15,1,13,92,1,1,1,1,,0.0,0.0
201300007630,25,7,2013,23,3,13,14,1,8,1,6,,0.0,0.0
201300007631,2,8,2013,8,1,13,14,2,1,1,6,place Jean Moulin,43.47602,5.16781
201300007632,11,1,2013,19,3,13,3,1,1,1,1,,0.0,0.0
201300007633,3,10,2013,9,1,13,35,1,1,1,1,,0.0,0.0
201300007634,17,5,2013,8,1,13,53,1,1,1,5,,0.0,0.0
201300007635,28,7,2013,10,1,13,53,1,1,7,6,,43.71761,5.18771
201300007636,18,9,2013,13,1,13,3,1,1,1,3,,0.0,0.0
201300007637,7,10,2013,17,1,13,115,1,1,1,1,,0.0,0.0
201300007638,10,1,2013,7,2,13,67,1,1,1,3,,0.0,0.0
201300007639,16,2,2013,22,3,13,67,1,1,1,7,,0.0,0.0
201300007640,13,6,2013,3,5,13,67,1,1,1,6,,0.0,0.0
201300007641,14,6,2013,17,1,13,76,2,1,1,6,,0.0,0.0
201300007642,22,6,2013,16,1,13,89,1,1,1,1,,0.0,0.0
201300007643,20,7,2013,5,2,13,67,1,1,1,6,,43.77751,5.05318
201300007644,22,7,2013,9,1,13,34,1,1,1,1,,0.0,0.0
201300007645,9,8,2013,17,1,13,67,1,1,1,1,,43.77551,5.0545
201300007646,12,8,2013,18,1,13,64,2,6,1,1,rond-point MOLLEGES-gare,0.0,0.0
201300007647,29,8,2013,19,1,13,67,1,1,1,5,,0.0,0.0
201300007648,15,9,2013,13,1,13,76,2,1,1,3,,0.0,0.0
201300007649,3,10,2013,16,1,13,76,1,1,1,6,,0.0,0.0
201300007650,18,10,2013,3,3,13,64,1,1,1,6,,0.0,0.0
201300007651,5,11,2013,23,3,13,76,1,1,2,6,,0.0,0.0
201300007652,24,1,2013,1,1,13,117,1,1,1,3,,0.0,0.0
201300007653,11,6,2013,11,1,13,81,1,1,1,1,,0.0,0.0
201300007654,3,9,2013,6,2,13,81,1,1,1,3,,0.0,0.0
201300007655,14,12,2013,5,3,13,81,1,1,1,3,,0.0,0.0
201300007656,13,2,2013,19,3,13,82,1,1,1,3,,0.0,0.0
201300007657,30,9,2013,8,1,13,84,1,2,1,1,,43.72565,5.28691
201300007658,16,10,2013,15,1,13,84,1,1,1,2,,0.0,0.0
201300007659,25,10,2013,8,2,13,93,2,1,7,3,RD 561,0.0,0.0
201300007660,5,1,2013,1,3,04,122,1,1,1,6,,0.0,0.0
201300007661,11,1,2013,11,1,04,1,1,1,1,2,,0.0,0.0
201300007662,4,8,2013,10,1,04,24,1,1,1,1,,0.0,0.0
201300007663,13,8,2013,15,1,04,70,1,1,1,4,,0.0,0.0
201300007664,6,9,2013,11,1,04,24,1,1,1,7,,0.0,0.0
201300007665,8,9,2013,12,1,04,97,1,9,1,3,,0.0,0.0
201300007666,18,9,2013,9,2,04,122,1,1,1,1,,0.0,0.0
201300007667,22,2,2013,21,3,04,94,1,1,1,1,,0.0,0.0
201300007668,22,3,2013,17,1,04,230,1,1,1,5,,0.0,0.0
201300007669,12,5,2013,9,1,04,94,1,1,1,5,,0.0,0.0
201300007670,24,5,2013,22,3,04,189,1,1,1,1,,0.0,0.0
201300007671,1,8,2013,0,3,04,230,1,1,1,6,,0.0,0.0
201300007672,7,8,2013,18,1,04,230,1,1,1,3,,0.0,0.0
201300007673,27,9,2013,21,3,04,230,1,1,1,7,,0.0,0.0
201300007674,12,10,2013,6,3,04,94,2,1,1,6,parking Villa Borghese,0.0,0.0
201300007675,27,1,2013,5,5,04,143,2,7,1,6,rue GIAI MINIET,0.0,0.0
201300007676,22,4,2013,18,1,04,116,1,1,3,7,,0.0,0.0
201300007677,6,5,2013,13,1,04,106,1,1,1,6,,0.0,0.0
201300007678,20,5,2013,19,1,04,143,1,1,1,3,,0.0,0.0
201300007679,14,6,2013,14,1,04,41,1,1,1,1,,0.0,0.0
201300007680,1,8,2013,15,1,04,149,2,1,1,1,Avenue de la lib?ration,0.0,0.0
201300007681,16,9,2013,16,1,04,91,1,1,1,6,,0.0,0.0
201300007682,26,9,2013,0,3,04,91,1,1,1,6,,0.0,0.0
201300007683,17,11,2013,6,3,04,116,1,1,8,6,,0.0,0.0
201300007684,19,12,2013,11,1,04,34,1,1,2,1,,0.0,0.0
201300007685,24,12,2013,11,1,04,116,1,1,1,6,,0.0,0.0
201300007686,10,6,2013,7,1,04,74,1,1,1,6,,0.0,0.0
201300007687,14,6,2013,15,1,04,22,1,1,1,7,,0.0,0.0
201300007688,30,6,2013,23,3,04,84,1,1,1,7,,0.0,0.0
201300007689,5,10,2013,16,1,04,74,1,1,1,6,,44.028,6.254
201300007690,3,11,2013,15,1,04,54,1,1,1,6,,0.0,0.0
201300007691,31,5,2013,17,1,04,100,1,1,1,6,,44.44,6.872
201300007692,16,6,2013,16,1,04,96,2,1,1,1,cd 900,0.0,0.0
201300007693,22,6,2013,11,1,04,62,1,1,1,1,,0.0,0.0
201300007694,22,6,2013,15,1,04,62,1,1,1,1,,0.0,0.0
201300007695,5,8,2013,15,1,04,96,1,1,1,1,,0.0,0.0
201300007696,30,9,2013,16,1,04,96,2,1,1,3,Col de La Bonette,44.339,6.791
201300007697,23,12,2013,11,1,04,19,2,7,1,6,place aimé gassier,0.0,0.0
201300007698,17,3,2013,17,1,04,237,1,1,4,1,,0.0,0.0
201300007699,5,5,2013,13,1,04,126,1,1,1,7,,0.0,0.0
201300007700,11,7,2013,11,1,04,203,1,1,1,2,,0.0,0.0
201300007701,15,6,2013,13,1,04,69,1,1,1,1,,0.0,0.0
201300007702,7,7,2013,10,1,04,171,1,1,1,6,,0.0,0.0
201300007703,6,7,2013,14,1,04,171,1,1,1,6,,0.0,0.0
201300007704,6,8,2013,17,1,04,183,1,1,1,6,,43.917,6.549
201300007705,14,8,2013,17,1,04,39,1,9,2,6,,0.0,0.0
201300007706,31,8,2013,13,1,04,39,1,1,1,1,,0.0,0.0
201300007707,6,9,2013,14,1,04,148,1,1,1,7,,0.0,0.0
201300007708,7,11,2013,17,1,04,39,2,1,1,6,avenue sous prefecture,0.0,0.0
201300007709,11,11,2013,11,1,04,171,1,1,1,7,,43.808,6.442
201300007710,22,11,2013,14,1,04,148,1,1,1,6,,0.0,0.0
201300007711,22,9,2013,17,1,04,42,1,1,1,1,,0.0,0.0
201300007712,27,9,2013,6,2,04,236,1,1,1,3,,43.916,6.605
201300007713,3,3,2013,17,2,04,173,1,1,1,1,,43.944,6.523
201300007714,15,8,2013,23,3,04,61,1,1,1,1,,0.0,0.0
201300007715,23,8,2013,17,1,04,6,2,1,1,1,croisement du lac RD.908,44.2386,6.62904
201300007716,15,6,2013,14,1,04,124,1,1,1,3,,0.0,0.0
201300007717,11,1,2013,14,1,04,88,1,1,1,3,,0.0,0.0
201300007718,25,5,2013,4,3,04,88,2,1,1,6,Avenue de la Paix,43.95241,5.77382
201300007719,27,6,2013,6,2,04,160,1,1,1,7,,0.0,0.0
201300007720,10,10,2013,17,1,04,88,2,1,8,6,Rue Louis ANDRIEUX,0.0,0.0
201300007721,9,12,2013,12,1,04,88,1,1,1,1,,0.0,0.0
201300007722,20,7,2013,5,2,04,130,1,1,1,3,,0.0,0.0
201300007723,19,8,2013,15,1,04,163,2,1,1,7,route de sault,0.0,0.0
201300007724,29,1,2013,8,1,04,152,1,1,2,6,,0.0,0.0
201300007725,12,3,2013,16,1,04,197,1,1,1,3,,0.0,0.0
201300007726,5,4,2013,9,1,04,152,1,1,1,6,,0.0,0.0
201300007727,18,4,2013,9,1,04,197,1,1,1,6,,0.0,0.0
201300007728,18,6,2013,8,1,04,63,1,1,1,1,,0.0,0.0
201300007729,20,8,2013,2,3,04,112,1,1,1,6,,0.0,0.0
201300007730,9,10,2013,15,1,04,152,2,1,1,1,"RD 06, route la Bastide",0.0,0.0
201300007731,9,11,2013,17,1,04,118,1,1,1,6,,0.0,0.0
201300007732,15,2,2013,15,1,04,209,1,1,1,6,,0.0,0.0
201300007733,3,3,2013,4,4,04,123,1,1,1,6,,0.0,0.0
201300007734,9,3,2013,20,3,04,209,1,6,1,6,,0.0,0.0
201300007735,11,5,2013,15,1,04,79,1,1,1,2,,0.0,0.0
201300007736,28,7,2013,19,1,04,49,2,9,1,3,RD4096  PK48+100 Avenue,0.0,0.0
201300007737,6,6,2013,14,1,05,160,1,1,1,2,,44.24708,5.69183
201300007738,19,12,2013,12,1,05,148,1,1,9,7,,44.65099,6.08886
201300007739,23,12,2013,9,1,05,132,2,1,1,6,rue de chaillol RD43,44.68329,6.07963
201300007740,29,12,2013,23,3,05,2,1,1,4,7,,0.0,0.0
201300007741,12,5,2013,12,1,05,50,1,2,1,3,,44.4639,6.22181
201300007742,9,6,2013,18,1,05,170,1,1,2,1,petit collet,44.46335,6.04415
201300007743,15,6,2013,18,1,05,127,1,1,1,2,,44.46812,6.25721
201300007744,22,6,2013,10,1,05,184,2,1,1,3,CD 20 PAN DE VITROLLES,44.4128,5.95332
201300007745,23,6,2013,18,1,05,68,1,1,1,1,,44.50717,6.07982
201300007746,29,6,2013,13,1,05,168,1,1,1,1,,0.0,0.0
201300007747,7,8,2013,0,5,05,166,2,7,1,1,parking de la libert?,44.429,5.717
201300007748,15,7,2013,10,1,05,87,1,1,1,3,,0.0,0.0
201300007749,6,8,2013,15,1,05,146,1,1,1,5,,44.62034,5.70118
201300007750,23,8,2013,17,1,05,8,1,1,1,1,,44.49632,5.72925
201300007751,15,9,2013,19,2,05,154,1,1,1,7,,0.0,0.0
201300007752,29,9,2013,17,1,05,146,1,1,1,1,,44.64164,5.69838
201300007753,13,1,2013,16,1,05,151,1,1,1,3,,44.84289,6.57703
201300007754,31,1,2013,19,3,05,180,1,1,1,1,La Batie des Vigneaux,44.81096,6.55982
201300007755,6,7,2013,16,1,05,63,1,1,1,1,,45.049,6.303
201300007756,15,8,2013,10,1,05,63,1,1,1,3,,45.043,6.255
201300007757,19,8,2013,21,3,05,133,1,1,1,6,,44.92676,6.60135
201300007758,29,9,2013,4,3,05,79,1,1,1,7,,44.95935,6.54073
201300007759,21,6,2013,12,1,05,164,1,1,1,7,,44.55792,6.37808
201300007760,27,6,2013,14,1,05,46,2,1,1,6,,44.56266,6.49125
201300007761,13,7,2013,15,1,05,163,1,1,1,3,,44.47035,6.3284
201300007762,6,8,2013,3,5,05,46,2,1,1,6,"N2094, pont de frache",44.56994,6.50258
201300007763,14,6,2013,13,1,05,7,1,1,1,3,,44.70645,6.72568
201300007764,19,10,2013,15,1,05,38,1,1,1,1,,0.0,0.0
201300007765,31,1,2013,10,1,05,17,1,1,1,3,05230,44.56354,6.19624
201300007766,13,2,2013,14,1,05,17,1,1,4,3,05230,44.57324,6.17307
201300007767,8,4,2013,15,1,05,17,1,1,3,1,05230,44.5683,6.18796
201300007768,8,4,2013,13,1,05,11,1,1,3,1,05230,44.52722,6.17972
201300007769,14,8,2013,0,3,05,40,1,1,1,6,,44.53048,6.31453
201300007770,16,8,2013,17,1,05,17,1,1,1,1,,44.56958,6.18315
201300007771,8,9,2013,8,1,05,124,1,1,1,1,,44.57721,6.15355
201300007772,28,12,2013,8,1,05,40,1,1,2,6,,44.55152,6.25543
201300007773,30,6,2013,17,1,05,65,2,1,1,1,rond point du Chagne,44.6558,6.64537
201300007774,11,7,2013,16,1,05,136,1,1,1,1,,44.68763,6.61342
201300007775,28,1,2013,11,2,06,48,1,1,2,6,,0.0,0.0
201300007776,14,6,2013,20,1,06,48,2,1,1,1,Av flaminius raiberti,0.0,0.0
201300007777,16,6,2013,16,1,06,48,2,1,1,1,300 avenue bourriglione,0.0,0.0
201300007778,23,7,2013,11,1,06,14,2,1,1,2,Avenue Ren? Fatou,0.0,0.0
201300007779,17,9,2013,16,1,06,48,2,1,1,1,4451 ROUTE DE SCLOS,0.0,0.0
201300007780,24,9,2013,8,1,06,43,2,1,1,2,route du soleil,0.0,0.0
201300007781,5,11,2013,10,1,06,19,2,1,1,6,17 route nationale,0.0,0.0
201300007782,11,6,2013,14,1,06,57,1,1,1,3,,0.0,0.0
201300007783,23,7,2013,17,1,06,92,1,1,1,6,,0.0,0.0
201300007784,30,7,2013,17,1,06,91,1,1,1,1,,0.0,0.0
201300007785,11,9,2013,18,1,06,142,1,1,1,3,,0.0,0.0
201300007786,16,10,2013,18,1,06,77,1,1,1,1,,0.0,0.0
201300007787,18,10,2013,15,1,06,48,1,1,1,1,,0.0,0.0
201300007788,13,10,2013,12,1,06,117,1,1,1,3,,43.819,7.229
201300007789,11,1,2013,19,5,06,54,2,6,1,6,2 avenue G?n?ral de Gaul,0.0,0.0
201300007790,5,2,2013,7,5,06,31,1,1,1,3,,0.0,0.0
201300007791,27,3,2013,20,5,06,149,2,1,1,1,Bd de la Roma,44.726,7.319
201300007792,18,9,2013,7,1,06,31,1,1,1,3,,0.0,0.0
201300007793,20,6,2013,10,1,06,121,2,1,1,6,Mont?e Mireille Delfino,0.0,0.0
201300007794,2,3,2013,14,1,06,79,1,1,1,6,,0.0,0.0
201300007795,3,4,2013,1,1,06,79,2,1,1,1,157 av anciens combattan,0.0,0.0
201300007796,27,3,2013,10,1,06,90,2,6,1,3,rond point de l ecluse,0.0,0.0
201300007797,13,4,2013,20,5,06,79,2,1,1,3,292 AVENUE DE CANNES,0.0,0.0
201300007798,19,4,2013,18,2,06,79,2,1,2,3,AVENUE DE FREJUS,0.0,0.0
201300007799,19,4,2013,17,1,06,79,1,1,1,2,,0.0,0.0
201300007800,15,5,2013,11,1,06,108,2,7,1,6,place Jos? Thomas,0.0,0.0
201300007801,11,6,2013,18,1,06,108,2,1,1,3,avenue de la r?publique,0.0,0.0
201300007802,18,7,2013,11,1,06,7,2,1,1,3,,0.0,0.0
201300007803,1,8,2013,12,1,06,108,2,1,1,3,1003 Avenue du 08 Mai,0.0,0.0
201300007804,4,8,2013,20,1,06,7,2,1,1,1,d509 PK 0+250,0.0,0.0
201300007805,20,8,2013,10,1,06,138,1,1,1,3,,0.0,0.0
201300007806,21,8,2013,19,1,06,79,2,6,1,3,rond poind de la canardi,0.0,0.0
201300007807,27,8,2013,8,1,06,79,2,1,1,3,rue marcel pagnol,0.0,0.0
201300007808,4,9,2013,13,1,06,79,2,1,1,1,BOULEVARD CORNICHE D OR,0.0,0.0
201300007809,6,9,2013,12,1,06,79,1,1,1,3,,0.0,0.0
201300007810,17,9,2013,19,1,06,138,1,1,1,3,,0.0,0.0
201300007811,24,9,2013,17,1,06,79,2,1,1,3,,0.0,0.0
201300007812,1,10,2013,17,1,06,108,2,1,1,6,1120 avenue de la r?publ,0.0,0.0
201300007813,12,10,2013,7,2,06,90,2,1,1,3,route de Grasse,0.0,0.0
201300007814,17,10,2013,15,2,06,79,2,1,1,1,1645 avenue de fr?jus,0.0,0.0
201300007815,27,11,2013,7,2,06,79,2,1,1,2,av de cannes,0.0,0.0
201300007816,29,11,2013,11,1,06,79,2,1,1,3,520 ave janvier passero,0.0,0.0
201300007817,21,12,2013,5,5,06,79,1,1,1,6,,0.0,0.0
201300007818,22,12,2013,19,5,06,79,1,1,1,6,,0.0,0.0
201300007819,7,6,2013,14,1,06,58,1,1,1,1,,0.0,0.0
201300007820,22,8,2013,14,1,06,3,1,1,1,1,,43.778,6.838
201300007821,11,10,2013,11,1,06,70,1,1,1,6,,0.0,0.0
201300007822,29,12,2013,11,1,06,70,1,1,9,7,,0.0,0.0
201300007823,6,2,2013,9,1,06,157,2,1,1,6,avenue emile hugues,0.0,0.0
201300007824,3,4,2013,19,1,06,157,2,1,1,7,avenue Ricolfi,0.0,0.0
201300007825,30,5,2013,19,1,06,122,2,1,2,1,2925 route de Vence,0.0,0.0
201300007826,1,8,2013,1,3,06,157,1,1,1,3,,0.0,0.0
201300007827,16,8,2013,15,1,06,50,1,1,1,6,,0.0,0.0
201300007828,20,8,2013,1,5,06,157,2,1,1,6,201 g?n?ral leclerc,0.0,0.0
201300007829,23,10,2013,19,3,06,128,1,1,2,1,,0.0,0.0
201300007830,9,11,2013,13,1,06,128,1,1,1,6,,0.0,0.0
201300007831,3,12,2013,9,1,06,157,2,1,1,6,44 avenue foch,0.0,0.0
201300007832,12,3,2013,21,3,06,33,1,1,1,1,,0.0,0.0
201300007833,7,7,2013,15,1,06,33,1,1,1,3,,0.0,0.0
201300007834,26,7,2013,14,1,06,34,1,9,1,1,,0.0,0.0
201300007835,16,8,2013,16,1,06,6,1,1,1,1,,0.0,0.0
201300007836,18,11,2013,14,1,06,34,1,1,2,1,,0.0,0.0
201300007837,23,5,2013,11,1,06,36,1,1,1,6,,0.0,0.0
201300007838,19,7,2013,12,1,06,36,1,1,2,6,,0.0,0.0
201300007839,5,1,2013,16,1,06,23,1,1,1,1,,0.0,0.0
201300007840,3,3,2013,15,1,06,23,2,1,1,6,33 boulevard Rouvier,0.0,0.0
201300007841,18,8,2013,12,1,06,132,2,1,1,6,RD 6204 PK 14+900,43.991,7.547
201300007842,8,1,2013,8,1,06,32,2,1,1,6,Bd jardin Exotique,0.0,0.0
201300007843,23,3,2013,8,1,06,150,1,1,7,3,,0.0,0.0
201300007844,30,4,2013,1,5,06,59,2,1,3,6,12 avenue de la Libert?,0.0,0.0
201300007845,26,5,2013,18,1,06,32,2,1,1,6,6 avenue du 03 septembre,0.0,0.0
201300007846,3,7,2013,12,1,06,32,2,1,1,6,,0.0,0.0
201300007847,19,7,2013,22,3,06,150,1,1,1,7,,0.0,0.0
201300007848,4,9,2013,8,1,06,59,1,1,1,7,,0.0,0.0
201300007849,19,9,2013,23,3,06,32,1,1,1,6,,43.213,7.664
201300007850,2,10,2013,8,1,06,32,1,1,1,2,,0.0,0.0
201300007851,2,8,2013,11,1,06,146,1,1,1,6,,0.0,0.0
201300007852,14,5,2013,14,1,06,71,1,1,1,1,,44.095,6.855
201300007853,2,6,2013,12,1,06,160,1,1,1,6,,44.122,6.804
201300007854,24,6,2013,11,1,06,71,1,1,1,3,,44.089,6.858
201300007855,11,8,2013,15,1,06,71,1,1,1,1,,44.088,6.867
201300007856,15,8,2013,16,1,06,16,1,1,1,1,,44.073,6.986
201300007857,18,9,2013,17,1,06,141,1,1,1,1,,43.867,7.116
201300007858,15,8,2013,9,1,06,73,1,1,1,5,,0.0,0.0
201300007859,25,1,2013,7,1,83,4,2,1,1,2,Boulevard Peymarlier,43.45167,6.48502
201300007860,28,1,2013,17,1,83,4,1,1,7,1,,0.0,0.0
201300007861,8,3,2013,19,3,83,8,2,1,2,6,390 chemin des combes,43.53736,6.68827
201300007862,25,6,2013,16,1,83,8,1,1,1,1,,0.0,0.0
201300007863,27,7,2013,15,1,83,86,1,1,1,1,,0.0,0.0
201300007864,10,9,2013,23,3,83,86,1,1,1,6,,0.0,0.0
201300007865,28,9,2013,12,1,83,4,1,1,1,1,,0.0,0.0
201300007866,8,11,2013,16,1,83,148,1,1,1,3,,0.0,0.0
201300007867,9,11,2013,10,1,83,134,1,1,1,6,,0.0,0.0
201300007868,14,11,2013,16,1,83,134,1,1,1,6,,43.467,6.438
201300007869,8,5,2013,12,1,83,74,1,1,1,6,,0.0,0.0
201300007870,5,6,2013,17,1,83,85,1,1,1,6,,0.0,0.0
201300007871,30,6,2013,12,1,83,38,1,1,1,7,,0.0,0.0
201300007872,7,7,2013,18,1,83,40,1,1,9,1,,0.0,0.0
201300007873,21,7,2013,15,1,83,82,1,1,1,3,,43.619,6.551
201300007874,7,8,2013,11,1,83,13,1,1,1,6,,0.0,0.0
201300007875,11,8,2013,18,1,83,28,1,1,1,1,,0.0,0.0
201300007876,4,10,2013,14,1,83,85,1,1,1,3,,0.0,0.0
201300007877,6,10,2013,17,1,83,82,1,1,2,6,,0.0,0.0
201300007878,3,11,2013,17,1,83,82,1,1,1,7,,0.0,0.0
201300007879,3,1,2013,21,3,83,138,1,1,1,6,,0.0,0.0
201300007880,19,4,2013,7,1,83,133,1,1,1,1,,0.0,0.0
201300007881,20,4,2013,12,1,83,133,1,1,1,1,,0.0,0.0
201300007882,4,5,2013,6,2,83,29,1,1,1,1,,43.61543,6.74613
201300007883,16,5,2013,10,1,83,81,1,1,8,1,,0.0,0.0
201300007884,26,6,2013,18,1,83,80,1,1,1,7,,0.0,0.0
201300007885,26,8,2013,20,2,83,55,1,1,1,1,,0.0,0.0
201300007886,13,10,2013,10,1,83,138,1,1,1,2,,0.0,0.0
201300007887,23,10,2013,18,1,83,55,1,1,1,3,,0.0,0.0
201300007888,6,11,2013,15,1,83,81,1,1,1,2,,0.0,0.0
201300007889,6,3,2013,8,1,83,136,1,1,2,1,,0.0,0.0
201300007890,14,3,2013,10,1,83,72,2,1,1,2,,0.0,0.0
201300007891,26,8,2013,8,1,83,72,1,1,1,7,,0.0,0.0
201300007892,24,10,2013,7,2,83,72,1,1,1,6,,0.0,0.0
201300007893,22,5,2013,18,1,83,31,2,6,7,3,Rond point ESCOTA,0.0,0.0
201300007894,6,6,2013,18,1,83,73,2,1,1,6,Parking - Av. Barbaroux,43.39382,6.31516
201300007895,12,6,2013,15,1,83,31,1,1,1,6,,43.393,6.377
201300007896,21,7,2013,10,1,83,57,1,1,1,1,,0.0,0.0
201300007897,26,9,2013,14,1,83,92,1,1,1,3,,0.0,0.0
201300007898,10,12,2013,7,2,83,92,2,1,5,1,D78 Chemin des Platri?re,0.0,0.0
201300007899,16,4,2013,15,1,83,128,1,1,1,1,,0.0,0.0
201300007900,20,5,2013,11,1,83,7,1,1,1,3,,0.0,0.0
201300007901,16,6,2013,2,3,83,139,1,1,1,7,,0.0,0.0
201300007902,17,6,2013,14,1,83,121,1,1,1,6,,0.0,0.0
201300007903,10,8,2013,22,3,83,15,1,1,1,6,,0.0,0.0
201300007904,7,10,2013,16,1,83,149,1,1,1,1,,0.0,0.0
201300007905,20,10,2013,16,1,83,15,1,1,8,1,,0.0,0.0
201300007906,26,10,2013,1,3,83,7,1,1,1,6,,0.0,0.0
201300007907,29,10,2013,10,1,83,102,2,6,2,7,ROND POINT DE ST JEAN,0.0,0.0
201300007908,5,11,2013,17,2,83,15,1,1,1,6,,0.0,0.0
201300007909,16,12,2013,9,2,83,149,1,1,1,3,,0.0,0.0
201300007910,7,1,2013,17,4,83,23,2,7,1,1,avenue mar?chal foch,43.40817,6.06877
201300007911,6,4,2013,13,1,83,23,1,1,1,1,,0.0,0.0
201300007912,21,4,2013,15,1,83,23,1,1,1,5,,0.0,0.0
201300007913,24,4,2013,6,2,83,23,2,6,1,7,RDN7,0.0,0.0
201300007914,3,5,2013,16,1,83,37,2,1,1,1,D405,0.0,0.0
201300007915,7,5,2013,12,1,83,30,1,1,1,7,,0.0,0.0
201300007916,9,5,2013,19,1,83,23,1,1,1,3,,0.0,0.0
201300007917,11,5,2013,10,1,83,23,1,6,1,3,,0.0,0.0
201300007918,4,6,2013,14,1,83,23,1,1,1,1,,0.0,0.0
201300007919,10,6,2013,15,1,83,23,1,1,1,6,,0.0,0.0
201300007920,11,7,2013,13,1,83,23,1,3,1,3,,0.0,0.0
201300007921,15,7,2013,10,1,83,23,2,1,1,6,av de la burliere,43.40842,6.06425
201300007922,14,8,2013,19,1,83,23,2,1,1,3,Chemin de ceinture,43.4032,6.05259
201300007923,25,8,2013,17,1,83,23,1,1,1,1,,0.0,0.0
201300007924,25,8,2013,20,3,83,23,1,1,1,5,,0.0,0.0
201300007925,28,8,2013,11,1,83,23,2,1,1,6,Avenue DREO,43.40596,6.06677
201300007926,22,9,2013,17,1,83,143,1,1,1,3,,0.0,0.0
201300007927,7,10,2013,8,1,83,37,1,1,1,6,,0.0,0.0
201300007928,5,11,2013,18,5,83,23,2,1,1,6,"49, rue barbaroux",43.4085,6.06403
201300007929,13,12,2013,14,1,83,30,1,1,1,3,,0.0,0.0
201300007930,15,4,2013,17,1,83,45,2,3,1,3,RD45 PR6,0.0,0.0
201300007931,10,5,2013,8,1,83,95,2,3,2,6,Passage du Mont Olympe,0.0,0.0
201300007932,14,8,2013,18,1,83,32,1,1,8,7,,0.0,0.0
201300007933,3,9,2013,16,1,83,46,1,1,1,6,,0.0,0.0
201300007934,3,10,2013,15,1,83,60,1,1,1,6,,0.0,0.0
201300007935,5,12,2013,17,3,83,46,1,1,1,6,,0.0,0.0
201300007936,2,5,2013,16,1,83,104,2,1,1,1,rd3 la roquette,0.0,0.0
201300007937,17,3,2013,18,1,83,108,1,1,1,5,,0.0,0.0
201300007938,27,4,2013,19,1,83,106,1,1,1,1,,0.0,0.0
201300007939,30,4,2013,8,1,83,88,1,1,2,1,,0.0,0.0
201300007940,6,5,2013,18,1,83,59,1,1,1,2,,0.0,0.0
201300007941,11,5,2013,12,1,83,76,1,1,1,7,,0.0,0.0
201300007942,7,6,2013,17,1,83,59,1,2,1,3,,0.0,0.0
201300007943,29,6,2013,11,1,83,88,1,1,1,7,,0.0,0.0