Num_Acc,jour,mois,an,hr,condition_eclairage,departement,commune,condition_agglomeration,intersection,condition_atmosphere,type_collision,adresse,lattitude,longitude
201300007944,10,7,2013,11,1,83,64,2,6,1,3,rond point de la piscine,0.0,0.0
201300007945,12,7,2013,12,1,83,64,2,6,1,2,,0.0,0.0
201300007946,29,7,2013,9,1,83,77,1,1,1,6,,0.0,0.0
201300007947,17,8,2013,18,1,83,106,1,6,1,6,,0.0,0.0
201300007948,30,9,2013,18,1,83,108,2,1,1,2,CD 05 PK 04+900,0.0,0.0
201300007949,20,10,2013,14,1,83,106,1,1,1,1,,0.0,0.0
201300007950,28,10,2013,11,1,83,106,1,1,1,7,,0.0,0.0
201300007951,7,12,2013,13,1,83,106,1,1,1,5,,0.0,0.0
201300007952,17,12,2013,18,3,83,77,1,1,1,6,,0.0,0.0
201300007953,27,1,2013,1,3,83,87,1,1,9,6,,0.0,0.0
201300007954,21,2,2013,17,1,83,116,2,1,1,6,15 Rue Colbert,43.45211,5.86252
201300007955,9,3,2013,19,5,83,97,2,1,1,1,D23 PK 23,0.0,0.0
201300007956,5,5,2013,7,2,83,120,2,1,1,6,44 rue Augustin Juramy,0.0,0.0
201300007957,19,5,2013,2,3,83,21,1,1,1,6,,0.0,0.0
201300007958,18,6,2013,17,1,83,116,2,1,1,3,intersection D69 D560,0.0,0.0
201300007959,11,9,2013,15,1,83,140,1,1,1,1,,0.0,0.0
201300007960,23,9,2013,6,2,83,97,1,6,1,1,,0.0,0.0
201300007961,1,10,2013,17,1,83,116,1,1,7,1,,0.0,0.0
201300007962,13,10,2013,17,1,83,89,1,1,1,1,,0.0,0.0
201300007963,6,11,2013,16,1,83,140,1,9,1,1,,0.0,0.0
201300007964,20,11,2013,14,1,83,116,1,1,1,1,,43.427,5.427
201300007965,24,11,2013,6,2,83,96,1,1,1,6,,0.0,0.0
201300007966,17,12,2013,18,3,83,87,1,1,1,3,,0.0,0.0
201300007967,7,1,2013,6,3,83,99,1,1,8,2,,0.0,0.0
201300007968,14,1,2013,9,1,83,107,1,1,1,5,,43.49,6.652
201300007969,22,1,2013,9,2,83,107,1,1,1,1,,43.48504,6.65599
201300007970,9,2,2013,10,1,83,107,1,1,1,6,,43.49,6.643
201300007971,27,2,2013,14,1,83,107,1,1,1,4,,43.455,6.671
201300007972,7,3,2013,20,3,83,107,1,1,1,6,,43.459,6.62
201300007973,14,4,2013,0,3,83,107,1,1,1,6,,43.804,6.658
201300007974,14,4,2013,17,1,83,107,1,1,1,3,,0.0,0.0
201300007975,3,5,2013,18,1,83,107,1,1,1,6,,0.0,0.0
201300007976,27,7,2013,16,1,83,107,2,1,1,3,rue Paul FABRE,43.46394,6.63371
201300007977,13,11,2013,10,1,83,107,1,1,1,2,Av. desPins Parasols,43.51426,6.63871
201300007978,9,12,2013,19,3,83,107,1,1,8,6,,0.0,0.0
201300007979,30,12,2013,6,2,83,99,2,1,1,2,RN7,0.0,0.0
201300007980,5,1,2013,23,5,83,68,1,1,1,4,,0.0,0.0
201300007981,5,1,2013,23,3,83,68,1,1,1,1,,0.0,0.0
201300007982,16,1,2013,15,1,83,42,1,1,1,6,,43.417,6.9
201300007983,1,2,2013,7,2,83,63,1,1,1,1,,43.301,6.476
201300007984,1,3,2013,23,3,83,68,1,1,1,1,,43.45,6.933
201300007985,12,3,2013,17,1,83,68,1,1,1,4,,43.45,6.933
201300007986,17,3,2013,16,1,83,42,1,1,2,3,,43.255,6.522
201300007987,17,4,2013,17,1,83,63,1,1,1,6,,43.327,6.426
201300007988,2,5,2013,18,1,83,68,1,1,1,3,,43.27,6.571
201300007989,3,5,2013,12,1,83,42,1,1,1,5,,43.258,6.557
201300007990,6,5,2013,8,1,83,42,1,1,1,3,,43.251,6.538
201300007991,10,5,2013,15,1,83,63,1,1,1,1,,0.0,0.0
201300007992,14,5,2013,18,1,83,42,1,1,1,6,,43.252,6.52
201300007993,23,5,2013,19,1,83,68,1,1,1,1,,43.292,6.556
201300007994,27,5,2013,16,1,83,42,1,1,1,1,,43.239,6.526
201300007995,31,5,2013,22,3,83,79,1,1,1,7,,43.205,6.471
201300007996,11,6,2013,15,1,83,68,2,1,1,2,,0.0,0.0
201300007997,28,6,2013,20,1,83,42,1,1,1,3,,0.0,0.0
201300007998,5,7,2013,18,1,83,68,1,1,1,3,,43.43362,6.86786
201300007999,10,7,2013,12,1,83,68,1,3,1,3,,0.0,0.0
201300008000,17,7,2013,16,1,83,68,1,1,1,3,,43.292,6.61
201300008001,24,7,2013,18,1,83,68,1,1,1,6,,0.0,0.0
201300008002,5,8,2013,14,1,83,63,1,1,1,3,,0.0,0.0
201300008003,10,8,2013,15,1,83,68,1,1,1,6,,0.0,0.0
201300008004,14,8,2013,9,3,83,79,1,1,1,1,,43.206,6.487
201300008005,18,8,2013,12,1,83,68,1,1,1,3,,0.0,0.0
201300008006,28,8,2013,12,1,83,68,1,1,1,6,,0.0,0.0
201300008007,28,8,2013,10,1,83,68,1,1,1,3,,0.0,0.0
201300008008,31,8,2013,17,1,83,68,1,1,1,3,,0.0,0.0
201300008009,7,9,2013,9,1,83,42,2,1,1,1,zone de valensole,43.41,6.9
201300008010,7,10,2013,12,1,83,79,1,1,1,1,,0.0,0.0
201300008011,11,11,2013,16,1,83,63,1,1,1,6,,0.0,0.0
201300008012,17,11,2013,1,3,83,79,1,1,1,7,lieu dit la Ratonnière,0.0,0.0
201300008013,30,9,2013,0,3,83,4,1,1,1,1,,0.0,0.0
201300008014,18,10,2013,18,1,83,86,1,1,1,1,,0.0,0.0
201300008015,27,2,2013,19,1,83,115,1,1,1,6,,0.0,0.0
201300008016,22,3,2013,10,1,83,115,2,1,1,3,route du plan de la tour,43.546,6.024
201300008017,15,4,2013,18,1,83,115,2,1,1,1,av Jean Moulins,0.0,0.0
201300008018,15,5,2013,7,1,83,115,2,1,1,3,RD25,0.0,0.0
201300008019,28,5,2013,17,1,83,115,1,9,1,5,,0.0,0.0
201300008020,23,6,2013,16,1,83,115,1,1,1,7,,43.619,6.937
201300008021,29,7,2013,3,5,83,115,1,1,1,6,,43.517,6.067
201300008022,1,8,2013,7,1,83,115,2,1,7,6,"1, Avenue Raoul Nordling",43.494,6.035
201300008023,3,8,2013,16,1,83,115,2,1,1,2,avenue Jean MOULIN,43.508,6.048
201300008024,23,8,2013,9,1,83,115,2,1,1,3,av st exupery,43.304,6.627
201300008025,23,8,2013,8,1,83,115,2,6,1,2,rond point du preconil,43.30812,6.6331
201300008026,29,8,2013,20,1,83,115,1,9,1,3,,0.0,0.0
201300008027,1,9,2013,1,5,83,115,2,1,1,1,4 Av de la Vierge Noire,43.31152,6.65223
201300008028,19,9,2013,19,2,83,107,2,1,7,6,bvd des murenes,43.3426,6.69074
201300008029,23,10,2013,11,1,83,107,2,1,2,1,?21'19''N / 6?42'54'',43.353,6.709
201300008030,23,10,2013,16,1,83,94,1,1,2,1,,0.0,0.0
201300008031,20,11,2013,22,3,83,115,1,1,1,6,,43.378,6.59
201300008032,4,12,2013,8,2,83,115,1,1,1,1,,43.59,6.19
201300008033,7,2,2013,9,1,83,65,2,1,1,1,D98A,43.258,6.619
201300008034,26,2,2013,22,3,83,119,2,1,1,3,route des plages,43.255,6.626
201300008035,4,3,2013,13,1,83,119,2,1,1,1,34 avenue Foch,43.446,6.078
201300008036,12,4,2013,11,1,83,65,1,1,1,2,,43.25,6.583
201300008037,20,5,2013,11,1,83,119,2,1,1,6,7 quai jean Jaur?s,43.455,6.065
201300008038,22,5,2013,6,2,83,101,1,1,1,1,,0.0,0.0
201300008039,24,5,2013,4,3,83,65,2,1,1,1,RD 98,43.44,6.036
201300008040,3,6,2013,18,1,83,101,1,1,1,7,,43.201,6.637
201300008041,6,6,2013,17,5,83,65,1,1,1,7,,0.0,0.0
201300008042,6,6,2013,23,3,83,65,1,1,1,1,,0.0,0.0
201300008043,10,6,2013,15,1,83,101,1,1,1,6,,0.0,0.0
201300008044,29,6,2013,18,1,83,65,1,1,1,3,,43.435,6.993
201300008045,19,7,2013,10,1,83,119,2,1,1,2,ch de la fontaine du pin,43.26626,6.67548
201300008046,27,7,2013,7,1,83,101,1,1,1,7,,43.23821,6.65831
201300008047,31,7,2013,18,1,83,101,1,1,1,6,,43.21242,6.65444
201300008048,4,8,2013,21,3,83,119,2,1,1,3,route des plages RD93,43.254,6.634
201300008049,9,8,2013,23,5,83,119,2,1,1,6,La bouillabaisse,0.0,0.0
201300008050,10,8,2013,16,1,83,119,2,9,1,3,av. du G?n?ral Leclerc,0.0,0.0
201300008051,21,8,2013,18,1,83,65,1,9,1,3,,0.0,0.0
201300008052,3,9,2013,12,1,83,65,2,1,1,3,RD 98 A,0.0,0.0
201300008053,1,10,2013,10,1,83,65,1,1,1,6,,0.0,0.0
201300008054,1,10,2013,12,1,83,65,1,1,1,2,,43.258,6.61
201300008055,5,10,2013,2,5,83,65,1,1,8,6,,0.0,0.0
201300008056,4,11,2013,8,1,83,119,2,1,2,3,,43.27069,6.6412
201300008057,26,11,2013,16,2,83,65,1,1,1,7,,43.418,6.955
201300008058,8,1,2013,16,1,83,16,1,1,1,1,,0.0,0.0
201300008059,25,3,2013,18,1,83,35,1,1,1,1,,0.0,0.0
201300008060,7,4,2013,15,1,83,35,1,1,1,1,,0.0,0.0
201300008061,25,4,2013,16,1,83,53,1,1,1,6,,0.0,0.0
201300008062,14,5,2013,16,1,83,16,2,1,1,3,"bd de la r?sistance, 559",0.0,0.0
201300008063,24,6,2013,8,1,83,127,1,1,1,5,,0.0,0.0
201300008064,5,10,2013,16,1,83,127,1,1,8,2,,0.0,0.0
201300008065,1,3,2013,17,2,83,47,1,1,2,3,,0.0,0.0
201300008066,9,4,2013,17,1,83,47,1,1,1,6,,0.0,0.0
201300008067,19,7,2013,14,1,83,47,1,3,1,3,,0.0,0.0
201300008068,9,12,2013,9,1,83,47,2,1,1,6,CHEMIN DE L ESTAGNOL,0.0,0.0
201300008069,12,12,2013,18,3,83,47,1,1,1,3,,0.0,0.0
201300008070,26,5,2013,2,3,83,71,1,1,1,6,,0.0,0.0
201300008071,10,6,2013,13,1,83,71,1,1,1,3,,0.0,0.0
201300008072,26,6,2013,1,5,83,71,1,1,1,7,,0.0,0.0
201300008073,3,8,2013,2,5,83,71,1,1,1,2,,0.0,0.0
201300008074,15,8,2013,18,1,83,71,2,1,1,6,640 ch. du haut Pansard,43.231,6.392
201300008075,1,9,2013,9,1,83,71,1,1,1,1,,0.0,0.0
201300008076,28,9,2013,1,3,83,71,1,1,1,6,,0.0,0.0
201300008077,14,1,2013,16,1,83,112,2,1,1,6,AVENUE DE LA MER,0.0,0.0
201300008078,5,8,2013,11,1,83,27,1,1,7,3,,0.0,0.0
201300008079,9,8,2013,10,1,83,112,2,1,1,2,CD559 ROUTE DE LA CIOTAT,0.0,0.0
201300008080,29,8,2013,0,3,83,112,1,1,1,1,,0.0,0.0
201300008081,27,2,2013,18,1,84,36,1,1,1,1,,43.936,4.93
201300008082,9,3,2013,7,2,84,34,1,1,1,6,,0.0,0.0
201300008083,25,3,2013,17,1,84,55,1,1,1,6,,0.0,0.0
201300008084,30,6,2013,22,3,84,34,1,1,1,6,,0.0,0.0
201300008085,4,7,2013,19,1,84,119,2,1,1,6,route d'avignon,0.0,0.0
201300008086,5,7,2013,8,1,84,132,1,1,1,3,,0.0,0.0
201300008087,28,7,2013,5,5,84,36,2,1,1,6,Route de caumont,0.0,0.0
201300008088,23,9,2013,17,1,84,132,1,1,1,2,,0.0,0.0
201300008089,16,11,2013,14,1,84,34,1,1,1,3,,0.0,0.0
201300008090,20,11,2013,18,5,84,119,1,1,2,6,,0.0,0.0
201300008091,6,1,2013,22,3,84,139,1,1,1,6,,0.0,0.0
201300008092,28,1,2013,13,1,84,54,2,1,1,3,avenue L?on REBOUL,0.0,0.0
201300008093,24,2,2013,14,1,84,54,1,3,6,5,,0.0,0.0
201300008094,3,5,2013,1,3,84,54,1,1,1,1,,0.0,0.0
201300008095,1,6,2013,17,1,84,54,1,2,1,3,,0.0,0.0
201300008096,7,6,2013,12,1,84,54,2,6,1,6,rond point Ren? Cassin,43.933,5.057
201300008097,7,6,2013,11,1,84,124,1,1,1,7,,0.0,0.0
201300008098,8,6,2013,17,1,84,54,1,1,1,7,,0.0,0.0
201300008099,14,7,2013,18,1,84,54,1,1,1,1,,43.912,5.027
201300008100,27,7,2013,5,2,84,54,1,1,1,6,,43.919,5.032
201300008101,15,8,2013,7,1,84,54,1,1,1,1,,43.891,5.068
201300008102,21,10,2013,0,3,84,54,1,1,1,6,,0.0,0.0
201300008103,30,10,2013,16,1,84,54,2,1,1,6,CHEMIN DES ESPELUGUES,0.0,0.0
201300008104,20,11,2013,6,5,84,132,2,1,2,6,route d'Avignon,43.932,4.987
201300008105,3,12,2013,15,1,84,132,1,1,1,1,,43.968,4.96
201300008106,26,12,2013,9,1,84,54,1,6,8,1,,43.931,5.064
201300008107,20,1,2013,3,5,84,141,2,1,1,6,rue du cheval blanc,0.0,0.0
201300008108,25,1,2013,12,1,84,92,2,1,1,1,38 av gustave goutarel,0.0,0.0
201300008109,2,2,2013,6,3,84,141,1,1,1,6,,0.0,0.0
201300008110,2,2,2013,14,1,84,92,1,9,7,5,,0.0,0.0
201300008111,26,3,2013,11,1,84,92,1,1,1,2,,0.0,0.0
201300008112,3,5,2013,15,1,84,92,1,1,1,6,,0.0,0.0
201300008113,13,5,2013,6,1,84,92,2,1,7,2,Avenue Fran?ois Lascour,0.0,0.0
201300008114,8,7,2013,14,1,84,92,2,1,1,1,9 rue Alphonse DAUDET,0.0,0.0
201300008115,13,8,2013,11,1,84,92,2,9,1,1,Avenue Charles DE GAULLE,0.0,0.0
201300008116,8,10,2013,11,5,84,92,2,1,1,3,avenue charles de gaulle,0.0,0.0
201300008117,26,4,2013,14,1,84,129,1,1,1,1,,43.993,4.892
201300008118,3,6,2013,18,1,84,129,2,1,1,2,rue des ramparts,44.015,4.878
201300008119,4,7,2013,13,1,84,129,2,1,1,6,ALLEE DE LA TRAILLE,43.996,4.871
201300008120,14,8,2013,10,1,84,129,2,1,6,2,chemin de brantes,44.004,4.872
201300008121,4,12,2013,16,1,84,129,1,9,1,2,,44.009,4.88
201300008122,12,12,2013,18,3,84,129,1,1,2,6,,44.035,4.874
201300008123,29,1,2013,17,1,84,3,1,1,1,1,,0.0,0.0
201300008124,8,4,2013,18,1,84,3,2,1,1,6,place lauze de Perret,0.0,0.0
201300008125,31,5,2013,14,1,84,3,1,1,1,2,,0.0,0.0
201300008126,15,6,2013,3,3,84,112,1,1,1,6,,43.855,5.499
201300008127,8,7,2013,17,1,84,47,2,1,1,3,Carrefour RD 83,43.909,5.354
201300008128,25,7,2013,23,3,84,105,1,1,1,6,,43.883,5.445
201300008129,13,8,2013,17,1,84,3,1,1,1,3,,43.888,5.355
201300008130,9,9,2013,10,1,84,105,2,1,1,1,D900 PK 46,0.0,0.0
201300008131,19,11,2013,13,1,84,3,1,1,2,1,,0.0,0.0
201300008132,16,2,2013,13,3,84,93,1,1,1,6,,0.0,0.0
201300008133,9,4,2013,10,1,84,74,2,1,1,3,CD973,43.759,5.231
201300008134,8,6,2013,16,1,84,26,2,1,1,3,11 route de pertuis,43.736,5.379
201300008135,3,8,2013,19,1,84,26,1,1,1,1,,0.0,0.0
201300008136,10,9,2013,15,1,84,68,1,1,1,1,,0.0,0.0
201300008137,23,5,2013,15,1,84,51,1,2,1,3,,0.0,0.0
201300008138,14,6,2013,18,1,84,51,1,1,1,1,,0.0,0.0
201300008139,12,7,2013,17,1,84,20,1,1,1,1,,0.0,0.0
201300008140,9,3,2013,18,2,84,89,2,1,1,3,BOULEVARD jules FERRY,0.0,0.0
201300008141,9,8,2013,11,1,84,89,1,1,1,3,,0.0,0.0
201300008142,7,9,2013,8,1,84,2,1,1,1,7,,0.0,0.0
201300008143,26,9,2013,11,1,84,89,2,1,1,6,rue hoche,0.0,0.0
201300008144,30,10,2013,17,2,84,89,2,1,1,1,boulevard Jean Guigues,0.0,0.0
201300008145,15,11,2013,11,1,84,89,1,1,8,1,,0.0,0.0
201300008146,24,2,2013,0,3,84,16,1,1,1,7,,0.0,0.0
201300008147,14,7,2013,16,1,84,43,1,1,1,6,,0.0,0.0
201300008148,14,3,2013,19,3,84,82,1,9,1,3,,44.063,5.175
201300008149,27,6,2013,7,1,84,17,1,1,1,1,,0.0,0.0
201300008150,2,8,2013,15,1,84,17,1,1,1,1,,44.182,5.253
201300008151,5,8,2013,15,1,84,5,1,1,1,1,,0.0,0.0
201300008152,14,8,2013,16,1,84,70,1,1,1,3,,0.0,0.0
201300008153,3,11,2013,17,1,84,82,1,1,1,1,,44.055,5.165
201300008154,3,1,2013,3,3,84,88,1,1,1,6,,0.0,0.0
201300008155,27,1,2013,7,2,84,143,1,1,1,7,,0.0,0.0
201300008156,21,9,2013,19,1,84,142,2,1,1,3,Bld Fernand Maillan,0.0,0.0
201300008157,14,2,2013,7,2,84,88,2,1,1,6,20 route d'althen,0.0,0.0
201300008158,13,5,2013,16,1,84,88,1,1,1,7,,0.0,0.0
201300008159,10,6,2013,14,1,84,88,1,1,1,2,,44.016,5.042
201300008160,22,6,2013,15,1,84,142,1,3,1,3,,0.0,0.0
201300008161,27,7,2013,10,1,84,88,2,1,1,6,,0.0,0.0
201300008162,2,1,2013,18,3,84,127,1,1,1,1,,0.0,0.0
201300008163,27,4,2013,18,1,84,127,1,1,1,7,,0.0,0.0
201300008164,2,5,2013,16,1,84,29,1,1,1,1,,0.0,0.0
201300008165,23,6,2013,6,2,84,61,1,1,1,6,,0.0,0.0
201300008166,19,1,2013,8,3,84,122,1,1,2,7,,0.0,0.0
201300008167,6,4,2013,23,5,84,122,2,2,1,3,D 21/ ROUTE LA GARRIGUE,44.15,4.617
201300008168,1,6,2013,15,1,84,12,1,1,6,3,,0.0,0.0
201300008169,13,6,2013,14,1,84,122,1,2,1,6,,0.0,0.0
201300008170,21,6,2013,9,1,84,12,2,1,1,6,avenu GAMBETTA,44.263,5.444
201300008171,22,8,2013,15,1,84,49,1,1,1,4,,44.179,5.002
201300008172,17,9,2013,11,1,84,4,1,1,1,1,,44.092,5.033
201300008173,13,10,2013,14,1,84,67,1,1,1,6,,0.0,0.0
201300008174,1,11,2013,16,1,84,59,1,1,1,7,,44.15,5.05
201300008175,25,11,2013,9,1,84,67,2,1,1,3,avenue fran?ois majoral,44.078,5.007
201300008176,5,12,2013,8,1,84,136,1,1,1,7,,44.159,4.987
201300008177,10,12,2013,16,2,84,4,1,1,1,6,,44.091,5.018
201300008178,9,1,2013,18,3,84,64,1,1,1,6,,44.702,4.702
201300008179,13,3,2013,9,1,84,19,1,1,6,6,,0.0,0.0
201300008180,28,5,2013,1,5,84,19,2,1,1,6,1444 Avenue Emile Lachau,0.0,0.0
201300008181,14,6,2013,17,1,84,19,1,1,1,1,,0.0,0.0
201300008182,21,6,2013,8,1,84,78,1,3,1,3,,0.0,0.0
201300008183,27,6,2013,19,1,84,19,2,6,1,1,rd pt portes de Provence,0.0,0.0
201300008184,10,7,2013,17,1,84,63,1,1,1,6,,44.292,4.703
201300008185,15,12,2013,6,3,84,63,1,1,1,7,,0.0,0.0
201300008186,16,12,2013,8,2,84,78,1,1,8,3,,0.0,0.0
201300008187,25,1,2013,17,3,84,44,1,1,1,3,,0.0,0.0
201300008188,26,3,2013,12,1,84,137,2,1,1,3,avenue des choralies,0.0,0.0
201300008189,13,4,2013,6,2,84,126,1,1,1,1,,0.0,0.0
201300008190,13,4,2013,16,1,84,44,1,1,1,1,,0.0,0.0
201300008191,24,4,2013,13,1,84,126,1,9,1,5,,0.0,0.0
201300008192,19,5,2013,7,1,84,137,2,1,1,6,Avenue Marcel pagnol par,0.0,0.0
201300008193,2,6,2013,22,3,84,137,1,1,1,6,,0.0,0.0
201300008194,29,6,2013,15,1,84,137,1,1,1,5,,0.0,0.0
201300008195,12,7,2013,10,1,84,137,1,1,1,6,,0.0,0.0
201300008196,15,7,2013,5,2,84,94,1,1,1,6,,0.0,0.0
201300008197,21,7,2013,2,5,84,69,2,1,1,7,D938 route de Vaison,0.0,0.0
201300008198,31,7,2013,1,3,84,126,1,1,1,6,,0.0,0.0
201300008199,31,8,2013,9,1,84,96,1,1,1,6,,0.0,0.0
201300008200,5,10,2013,5,5,84,137,2,1,1,6,avenue Ulysse Fabre,0.0,0.0
201300008201,4,4,2013,18,1,84,138,2,1,2,2,chemin des Estimeurs Sud,0.0,0.0
201300008202,23,4,2013,11,1,84,138,1,1,1,3,,0.0,0.0
201300008203,9,6,2013,14,1,84,138,1,1,1,7,,0.0,0.0
201300008204,27,6,2013,15,1,84,138,2,1,1,1,chemin des estimeurs,0.0,0.0
201300008205,20,7,2013,20,1,84,138,1,1,1,7,,0.0,0.0
201300008206,11,8,2013,4,3,84,138,1,1,1,6,,0.0,0.0
201300008207,2,9,2013,16,1,84,138,2,1,7,6,parking LECLERC,0.0,0.0
201300008208,28,12,2013,11,1,84,138,1,1,2,2,,0.0,0.0
201300008209,17,4,2013,9,1,34,57,1,2,1,1,,43.64511,3.89833
201300008210,20,4,2013,18,1,34,90,2,4,1,3,VOIE DOMITIENNE,43.6485,3.92944
201300008211,18,5,2013,22,5,34,57,2,6,1,3,Rond Point de Vert Parc,43.62965,3.89978
201300008212,26,7,2013,19,1,34,90,2,1,1,1,570 route de nimes,0.0,0.0
201300008213,16,8,2013,16,1,34,57,2,1,1,6,1632 AVENUE DE L'EUROPE,0.0,0.0
201300008214,17,1,2013,16,1,34,327,1,3,1,3,,43.6526,3.96099
201300008215,29,1,2013,9,1,34,33,1,1,1,3,,43.74206,4.05098
201300008216,19,2,2013,17,1,34,327,2,1,1,6,rue de la monnaie,43.66195,3.9764
201300008217,2,3,2013,14,1,34,327,1,1,1,1,,43.67413,3.95561
201300008218,11,4,2013,8,1,34,327,2,1,1,3,avenue de nimes,43.65358,3.97019
201300008219,16,4,2013,11,1,34,22,2,1,1,2,Route impériale,43.66026,4.01961
201300008220,9,8,2013,21,3,34,256,1,1,1,7,,43.70384,4.02437
201300008221,17,8,2013,13,1,34,22,2,1,1,1,RD613,0.0,0.0
201300008222,2,11,2013,4,3,34,22,1,1,1,6,,43.101,4.04399
201300008223,8,11,2013,16,1,34,22,1,1,1,2,,43.084,4.017
201300008224,12,11,2013,14,1,34,249,1,1,1,7,,0.0,0.0
201300008225,30,12,2013,20,5,34,22,2,1,1,3,Route de NIMES,0.0,0.0
201300008226,30,4,2013,16,1,34,111,1,1,8,1,,43.94503,3.6893
201300008227,17,8,2013,15,1,34,243,2,1,1,6,,43.90101,3.73722
201300008228,9,11,2013,18,2,34,111,1,1,1,1,,43.957,3.71
201300008229,27,12,2013,18,5,34,111,2,1,1,6,RUE DES IRIS,43.944,3.717
201300008230,19,1,2013,8,2,34,344,2,1,2,6,rue delattre de tassigny,43.56116,4.07695
201300008231,16,2,2013,11,1,34,344,1,1,6,2,,43.57401,4.0892
201300008232,1,6,2013,7,1,34,344,1,1,1,6,,0.0,0.0
201300008233,3,6,2013,18,1,34,344,1,1,1,6,,43.5664,4.07892
201300008234,30,6,2013,16,1,34,344,1,1,1,7,,43.95,4.117
201300008235,21,7,2013,17,1,34,344,1,1,1,6,,0.0,0.0
201300008236,12,8,2013,6,1,34,344,2,1,1,6,av du g?n?ral LECLERC,0.0,0.0
201300008237,26,8,2013,23,3,34,344,1,1,1,5,,43.925,4.08
201300008238,14,1,2013,1,3,34,151,1,1,1,6,,0.0,0.0
201300008239,13,2,2013,8,1,34,145,1,1,1,1,,43.69288,4.16303
201300008240,2,3,2013,19,3,34,146,1,1,1,1,,43.67533,4.0758
201300008241,18,4,2013,8,1,34,146,2,1,1,2,RN113,43.67942,4.09248
201300008242,26,4,2013,5,3,34,145,1,1,1,6,,43.6913,4.1451
201300008243,6,6,2013,8,1,34,151,1,1,1,1,,43.58527,4.10421
201300008244,11,6,2013,16,1,34,145,1,1,1,3,,43.669,4.152
201300008245,22,6,2013,4,3,34,321,1,1,1,6,548 ROUTE DE LANSARGUES,43.66446,4.06793
201300008246,27,6,2013,16,1,34,145,2,1,1,6,place de la r?publique,0.0,0.0
201300008247,3,7,2013,10,1,34,321,1,1,2,6,,0.0,0.0
201300008248,16,7,2013,14,1,34,145,2,9,1,3,avenue Mar?chal Leclerc,43.673,4.135
201300008249,3,8,2013,11,1,34,33,1,1,1,1,,43.67,4.073
201300008250,14,8,2013,15,1,34,146,1,1,1,6,,0.0,0.0
201300008251,16,8,2013,15,1,34,145,1,1,1,1,,43.652,4.139
201300008252,19,9,2013,8,1,34,294,1,1,1,3,,43.71525,4.11286
201300008253,24,9,2013,23,3,34,145,1,1,1,1,,43.69,4.135
201300008254,23,10,2013,14,1,34,145,2,9,1,6,RUE MARIO ROUSTAN,43.669,4.123
201300008255,25,10,2013,15,1,34,145,1,1,6,6,,43.119,4.249
201300008256,12,11,2013,15,1,34,146,2,1,7,6,rue de la R?publique,0.0,0.0
201300008257,1,12,2013,15,1,34,340,2,1,1,6,Place de la Mairie,0.0,0.0
201300008258,9,5,2013,6,4,34,154,1,1,1,6,,43.61802,3.9841
201300008259,26,5,2013,2,3,34,50,1,1,1,6,,43.62,4.058
201300008260,25,6,2013,18,1,34,176,1,1,1,3,,0.0,0.0
201300008261,23,7,2013,12,1,34,176,1,9,1,1,,0.0,0.0
201300008262,15,8,2013,1,3,34,154,1,1,1,6,,43.58143,3.94344
201300008263,12,11,2013,11,1,34,154,1,1,1,1,,43.621,3.947
201300008264,8,12,2013,6,3,34,154,1,1,1,1,,43.63,4.05
201300008265,12,12,2013,7,2,34,154,1,3,1,3,,43.62,3.97
201300008266,31,8,2013,18,1,34,314,1,1,1,1,,43.742,3.869
201300008267,15,10,2013,19,3,34,322,1,1,1,3,,43.81648,3.89125
201300008268,24,3,2013,11,1,34,119,1,1,3,3,,43.57998,3.13976
201300008269,25,3,2013,8,1,34,96,1,1,2,1,,43.58135,3.16577
201300008270,30,3,2013,19,1,34,312,1,1,1,7,,43.66089,3.15297
201300008271,15,4,2013,15,1,34,119,2,1,1,5,,43.59105,3.11784
201300008272,8,5,2013,11,1,34,235,1,1,1,6,,43.67275,2.9926
201300008273,10,5,2013,13,1,34,28,2,1,1,6,Avenue Jean Jaur?s,43.61523,3.15453
201300008274,17,5,2013,14,1,34,126,2,1,2,1,Boulevard Mourcayrol,43.59118,3.08457
201300008275,16,6,2013,16,1,34,126,1,1,1,5,,43.58909,3.09874
201300008276,29,6,2013,14,1,34,211,1,9,1,3,,0.0,0.0
201300008277,7,7,2013,3,3,34,71,1,1,1,1,,43.81195,3.14586
201300008278,15,7,2013,15,1,34,96,1,1,1,2,,43.5593,3.18141
201300008279,23,7,2013,18,1,34,28,1,1,1,1,,0.0,0.0
201300008280,8,9,2013,5,3,34,144,1,1,1,6,,43.725,3.253
201300008281,25,1,2013,5,3,34,52,1,1,1,5,,43.35348,3.03861
201300008282,16,2,2013,1,3,34,161,1,1,1,7,,43.32698,3.12601
201300008283,15,5,2013,2,3,34,226,1,1,2,6,,43.35632,2.99427