Num_Acc,jour,mois,an,hr,condition_eclairage,departement,commune,condition_agglomeration,intersection,condition_atmosphere,type_collision,adresse,lattitude,longitude
201300008284,13,8,2013,1,3,34,183,1,1,1,6,,43.27704,3.12118
201300008285,11,5,2013,17,1,34,52,1,1,1,6,,43.31866,3.01528
201300008286,17,6,2013,7,1,34,226,1,1,1,1,,43.35227,2.9885
201300008287,29,6,2013,19,1,34,225,2,1,1,6,19 avenue de BEZIERS,43.372,3.045
201300008288,2,7,2013,18,1,34,225,1,1,1,7,,43.369,3.072
201300008289,31,7,2013,10,3,34,81,1,1,1,6,,43.314,3.17
201300008290,7,11,2013,8,1,34,52,1,1,7,6,,43.331,3.103
201300008291,26,12,2013,15,1,34,52,1,1,1,6,,0.0,0.0
201300008292,31,12,2013,19,3,34,310,1,1,1,1,,43.416,3.169
201300008293,21,3,2013,1,3,34,84,1,1,1,7,,43.41376,3.19543
201300008294,29,5,2013,13,1,34,310,1,3,1,3,,43.40222,3.16634
201300008295,13,6,2013,3,3,34,130,1,1,1,7,,43.522,3.189
201300008296,30,6,2013,11,1,34,140,2,1,1,5,AVENUE DES INGARRIGUES,43.37962,3.17484
201300008297,3,7,2013,8,1,34,100,1,1,8,1,,43.45693,2.89399
201300008298,7,7,2013,6,2,34,245,2,1,1,6,Av de ST PONS,43.42276,2.94616
201300008299,15,7,2013,20,1,34,4,1,1,1,7,,0.0,0.0
201300008300,1,11,2013,15,1,34,7,1,1,1,1,,43.345,2.831
201300008301,18,11,2013,15,1,34,69,1,1,2,7,,43.411,3.088
201300008302,18,12,2013,14,1,34,258,1,1,1,3,,43.473,3.172
201300008303,9,1,2013,10,1,34,189,1,2,1,3,,43.26889,2.75889
201300008304,1,10,2013,18,1,34,75,1,1,1,3,,43.321,2.72
201300008305,3,3,2013,22,4,34,63,1,1,1,6,,43.51488,3.35176
201300008306,12,3,2013,16,1,34,184,1,1,1,5,,43.519,3.37
201300008307,30,5,2013,16,1,34,63,1,1,1,7,,43.4925,3.34232
201300008308,5,6,2013,7,2,34,166,1,1,1,1,,43.353,3.36097
201300008309,27,10,2013,0,3,34,199,2,1,1,7,route de montpellier,43.46643,3.42912
201300008310,8,11,2013,12,1,34,182,2,1,1,6,Avenue d'Agde,43.426,3.408
201300008311,14,7,2013,11,1,34,284,1,1,1,6,,0.0,0.0
201300008312,3,8,2013,17,1,34,232,1,1,1,6,,0.0,0.0
201300008313,3,8,2013,10,1,34,305,1,1,8,6,,0.0,0.0
201300008314,9,8,2013,19,1,34,284,2,1,7,1,,0.0,0.0
201300008315,5,10,2013,16,1,34,30,2,1,1,7,1 avenue de la Mairie,43.494,2.958
201300008316,13,1,2013,18,3,34,147,1,1,1,2,,43.48436,3.20043
201300008317,26,5,2013,12,1,34,224,1,1,1,1,,43.43632,3.23641
201300008318,10,8,2013,19,1,34,237,2,1,1,5,ROUTE DE NEFFIES,43.515,3.314
201300008319,21,10,2013,15,1,34,139,1,4,2,1,,0.0,0.0
201300008320,13,1,2013,3,3,34,209,1,1,1,7,,43.31312,3.33047
201300008321,14,4,2013,12,1,34,329,1,6,1,6,,43.29524,3.2191
201300008322,10,5,2013,19,1,34,298,2,1,1,6,Rue Jean Ferrat,43.29623,3.24759
201300008323,3,6,2013,13,1,34,299,1,1,1,1,,43.27673,3.28539
201300008324,1,8,2013,16,1,34,135,2,3,1,3,route de fleury,43.27128,3.17135
201300008325,9,8,2013,14,1,34,135,2,1,1,3,rue des bassins,0.0,0.0
201300008326,8,9,2013,5,3,34,298,1,1,1,6,,43.2729,3.2623
201300008327,25,9,2013,23,1,34,135,1,1,1,7,,0.0,0.0
201300008328,2,10,2013,12,1,34,299,1,1,1,3,,0.0,0.0
201300008329,2,11,2013,9,1,34,324,2,6,1,3,D19,43.419,3.483
201300008330,22,2,2013,8,1,34,283,1,1,1,1,,43.79496,3.44058
201300008331,13,5,2013,21,5,34,142,2,1,1,1,AVENUE DE LA REPUBLIQUE,43.737,3.323
201300008332,6,12,2013,11,1,34,142,2,1,1,6,Avenue g?n?ral De Gaulle,43.73,3.324
201300008333,10,12,2013,21,3,34,277,1,1,5,7,,43.83017,3.49337
201300008334,8,5,2013,17,1,34,13,2,1,1,1,rue de l'?cole,43.56558,3.45162
201300008335,12,4,2013,17,1,34,16,1,1,1,1,,43.62008,3.6198
201300008336,7,9,2013,17,1,34,122,1,1,1,3,,0.0,0.0
201300008337,20,11,2013,17,2,34,239,2,1,1,6,avenue de MONTPELLIER,0.0,0.0
201300008338,28,12,2013,1,3,34,114,1,1,1,1,,0.0,0.0
201300008339,28,12,2013,15,3,34,114,1,1,1,7,,0.0,0.0
201300008340,10,3,2013,6,2,34,31,1,1,1,7,,43.3632,3.39699
201300008341,25,3,2013,17,1,34,101,1,1,1,1,,43.37407,3.49829
201300008342,30,3,2013,14,1,34,332,1,1,1,4,,43.305,3.446
201300008343,6,4,2013,21,3,34,332,1,9,3,1,,43.31326,3.38993
201300008344,8,5,2013,19,2,34,101,1,1,2,1,,43.38292,3.45272
201300008345,21,6,2013,21,1,34,150,2,1,1,1,Boulevard PASTEUR,0.0,0.0
201300008346,19,7,2013,23,3,34,150,2,1,1,6,Ancienne route de S?te,0.0,0.0
201300008347,23,7,2013,22,3,34,31,1,1,1,1,,43.585,3.717
201300008348,31,8,2013,12,1,34,31,1,1,1,2,,43.333,3.417
201300008349,5,9,2013,19,1,34,31,1,1,1,3,,0.0,0.0
201300008350,20,9,2013,23,5,34,150,2,6,1,1,Chemin du Pairollet,0.0,0.0
201300008351,10,11,2013,16,1,34,203,2,6,1,7,Chemin du 12 juillet 199,43.67,3.84
201300008352,3,12,2013,12,1,34,101,1,1,1,1,,48.64,3.744
201300008353,5,12,2013,7,2,34,31,2,1,1,1,,0.0,0.0
201300008354,14,12,2013,17,3,34,207,1,1,1,1,,43.667,3.899
201300008355,5,2,2013,14,1,34,24,2,3,1,3,Rue du moulin,43.46049,3.68325
201300008356,31,3,2013,14,1,34,165,1,1,1,7,,43.504,3.705
201300008357,18,10,2013,17,1,34,23,2,6,8,6,CD2,0.0,0.0
201300008358,15,1,2013,11,1,34,213,1,1,7,1,,43.5023,3.68338
201300008359,10,4,2013,11,1,34,213,1,1,1,2,,43.4719,3.68161
201300008360,28,10,2013,21,5,34,157,2,1,1,3,15 RUE DE LA MEDITERRANE,43.418,3.601
201300008361,9,11,2013,23,3,34,341,1,1,1,7,,43.48943,3.59707
201300008362,17,11,2013,13,1,34,157,1,1,8,6,,43.45914,3.59335
201300008363,17,5,2013,20,1,34,157,1,1,1,3,,43.43306,3.61461
201300008364,28,1,2013,9,1,11,413,1,1,2,3,,0.0,0.0
201300008365,20,2,2013,9,1,11,99,1,1,1,1,,0.0,0.0
201300008366,16,4,2013,11,1,11,279,1,1,1,7,,0.0,0.0
201300008367,15,6,2013,20,1,11,99,1,1,1,2,,0.0,0.0
201300008368,16,6,2013,16,1,11,426,1,1,1,7,,0.0,0.0
201300008369,8,12,2013,20,3,11,279,1,1,1,6,,0.0,0.0
201300008370,15,9,2013,20,2,11,251,2,1,1,7,route de capendu,43.14,2.565
201300008371,18,1,2013,12,1,11,315,2,1,1,3,avenue fran?ois ferri?,43.286,2.586
201300008372,5,5,2013,11,1,11,315,1,1,1,6,,43.276,2.578
201300008373,24,6,2013,8,1,11,315,2,1,1,6,Place G?n?ral BOUSQUET,0.0,0.0
201300008374,8,7,2013,9,1,11,315,1,1,1,6,,43.275,2.574
201300008375,3,8,2013,5,3,11,198,1,1,1,6,,43.306,2.535
201300008376,4,8,2013,22,3,11,81,1,1,1,7,,0.0,0.0
201300008377,22,8,2013,10,1,11,81,1,1,1,2,,43.318,2.503
201300008378,9,10,2013,16,1,11,301,1,1,1,1,,43.234,2.585
201300008379,13,11,2013,15,1,11,315,2,1,1,1,23 avenue Louis Cros,43.287,2.586
201300008380,26,1,2013,16,1,11,356,1,1,2,3,,43.287,2.007
201300008381,23,2,2013,2,3,11,281,2,1,1,6,CD 33 Entr?e Ouest,43.274,2.033
201300008382,1,3,2013,12,1,11,430,1,1,1,1,,43.293,1.928
201300008383,12,4,2013,9,1,11,243,1,1,1,6,,0.0,0.0
201300008384,30,6,2013,1,3,11,225,1,1,1,7,,0.0,0.0
201300008385,8,7,2013,0,3,11,192,2,1,1,6,CD 33,43.276,2.029
201300008386,3,8,2013,8,1,11,76,2,9,1,6,CD 71 LASBORDES 11400,43.303,2.049
201300008387,1,9,2013,18,1,11,225,1,1,1,1,,0.0,0.0
201300008388,26,9,2013,7,2,11,178,1,1,1,1,,0.0,0.0
201300008389,6,10,2013,18,1,11,74,1,1,1,1,,43.425,1.861
201300008390,29,1,2013,8,1,11,437,1,1,1,1,,43.242,2.24
201300008391,3,2,2013,18,2,11,199,1,1,1,6,,0.0,0.0
201300008392,23,2,2013,19,5,11,259,2,1,4,3,route imp?riale - RD38,0.0,0.0
201300008393,23,7,2013,18,1,11,18,2,1,1,2,cd 211 place de l'europe,43.204,2.211
201300008394,14,8,2013,11,1,11,49,1,1,1,3,,43.241,2.118
201300008395,25,8,2013,6,3,11,253,1,1,1,1,,43.313,2.217
201300008396,27,8,2013,10,1,11,343,1,1,1,1,,0.0,0.0
201300008397,27,8,2013,7,1,11,418,1,1,1,7,,0.0,0.0
201300008398,8,9,2013,18,1,11,259,1,1,1,2,,43.283,2.232
201300008399,23,9,2013,20,3,11,254,1,1,1,6,,0.0,0.0
201300008400,20,10,2013,4,3,11,84,1,1,2,6,,0.0,0.0
201300008401,28,11,2013,14,1,11,136,1,1,7,3,,0.0,0.0
201300008402,3,6,2013,16,1,11,33,1,1,1,7,,43.214,1.728
201300008403,6,6,2013,12,1,11,33,1,1,1,6,,0.0,0.0
201300008404,20,6,2013,18,1,11,149,1,1,1,6,,0.0,0.0
201300008405,25,9,2013,16,1,11,218,1,1,1,7,,0.0,0.0
201300008406,6,1,2013,8,2,11,206,2,1,1,6,ROUTE DE MAGRIE,43.048,2.223
201300008407,22,1,2013,7,2,11,102,1,1,9,1,,43.175,2.304
201300008408,26,1,2013,20,5,11,34,2,1,1,6,AVENUE DU LAC,0.0,0.0
201300008409,28,2,2013,13,1,11,206,2,1,2,3,Avenue Fran?ois Clamens,43.069,2.218
201300008410,2,3,2013,10,1,11,206,2,1,1,6,Promenade du tivoli,0.0,0.0
201300008411,4,5,2013,14,1,11,206,2,9,1,3,avenue FABRE D EGLANTINE,0.0,0.0
201300008412,7,6,2013,16,1,11,206,2,1,1,1,chemin d arrancopet,0.0,0.0
201300008413,4,7,2013,15,1,11,206,1,1,1,1,,0.0,0.0
201300008414,13,7,2013,21,3,11,299,1,1,1,6,,43.166,2.299
201300008415,3,8,2013,14,1,11,216,1,1,1,7,,43.117,2.191
201300008416,27,8,2013,8,1,11,206,2,1,1,6,promenade du tivoli,0.0,0.0
201300008417,27,8,2013,23,3,11,289,2,1,1,7,Avenue de l'Oratoire,0.0,0.0
201300008418,29,9,2013,15,1,11,8,1,1,1,7,,42.98,2.264
201300008419,10,7,2013,11,1,11,130,1,1,1,6,,0.0,0.0
201300008420,6,3,2013,11,1,11,103,2,1,2,6,45 ROUTE DES PYRENEES,0.0,0.0
201300008421,5,5,2013,11,1,11,304,2,1,1,6,CD 118,42.0,2.0
201300008422,3,8,2013,19,1,11,129,2,1,7,6,26 AVENUE DE CARCASSONNE,0.0,0.0
201300008423,4,8,2013,3,3,11,131,1,1,1,6,,0.0,0.0
201300008424,19,10,2013,9,1,11,304,1,1,1,6,,0.0,0.0
201300008425,5,1,2013,10,1,11,370,2,1,7,6,Avenue de COURSAN,43.23827,3.1109
201300008426,9,1,2013,7,3,11,262,1,1,1,1,,0.0,0.0
201300008427,17,2,2013,11,1,11,24,2,1,1,7,HAMEAU PRAT DE CEST,0.0,0.0
201300008428,21,2,2013,17,1,11,262,1,1,1,6,,0.0,0.0
201300008429,25,2,2013,10,1,11,441,2,1,1,6,rue du four ? chaux,0.0,0.0
201300008430,28,2,2013,15,1,11,106,1,1,1,1,,0.0,0.0
201300008431,18,3,2013,17,1,11,262,1,1,1,5,,0.0,0.0
201300008432,20,3,2013,16,1,11,24,1,1,1,5,,0.0,0.0
201300008433,13,4,2013,19,1,11,116,2,1,1,1,le Pont des lavandiers,0.0,0.0
201300008434,26,4,2013,8,1,11,145,1,1,2,3,,0.0,0.0
201300008435,19,5,2013,1,3,11,145,1,1,2,6,,0.0,0.0
201300008436,6,7,2013,10,1,11,262,1,9,1,2,,43.167,3.05
201300008437,9,7,2013,20,1,11,40,1,1,1,7,,0.0,0.0
201300008438,8,8,2013,2,3,11,262,1,1,1,6,,0.0,0.0
201300008439,18,8,2013,0,5,11,170,2,1,1,3,AVENUE DE LA JONQUE,0.0,0.0
201300008440,19,8,2013,15,1,11,170,2,1,1,3,Rue des Pluviers,0.0,0.0
201300008441,8,9,2013,16,1,11,116,1,1,1,1,,43.4,2.665
201300008442,9,9,2013,4,3,11,106,1,1,1,6,,0.0,0.0
201300008443,12,9,2013,16,1,11,106,1,1,1,2,,0.0,0.0
201300008444,14,9,2013,11,3,11,262,1,1,1,1,,0.0,0.0
201300008445,30,9,2013,17,1,11,106,1,1,1,5,,0.0,0.0
201300008446,9,10,2013,10,1,11,441,1,1,1,2,,0.0,0.0
201300008447,5,11,2013,17,1,11,170,2,1,1,6,Avenue de l'occitanie,0.0,0.0
201300008448,11,12,2013,14,1,11,255,1,1,1,3,,0.0,0.0
201300008449,11,7,2013,14,1,11,351,1,1,1,3,,0.0,0.0
201300008450,15,9,2013,10,1,11,351,1,1,1,1,,0.0,0.0
201300008451,29,12,2013,4,3,11,233,1,1,1,6,,43.277,2.892
201300008452,2,1,2013,12,1,11,203,2,1,1,1,AVENUE DE LA MARNE,43.208,2.76
201300008453,17,1,2013,17,1,11,132,1,1,1,6,,0.0,0.0
201300008454,16,2,2013,13,1,11,67,1,1,1,2,,0.0,0.0
201300008455,23,2,2013,8,1,11,98,1,4,1,3,,0.0,0.0
201300008456,11,3,2013,16,1,11,140,1,1,1,2,,43.161,2.726
201300008457,15,5,2013,12,1,11,353,1,1,2,3,,43.265,2.916
201300008458,12,7,2013,21,3,11,140,1,1,1,7,,0.0,0.0
201300008459,28,9,2013,22,3,11,203,1,1,1,6,,0.0,0.0
201300008460,4,10,2013,9,3,11,132,1,1,1,5,,0.0,0.0
201300008461,9,11,2013,13,1,11,203,2,1,1,3,rue Louis Aragon,43.203,2.778
201300008462,9,11,2013,17,3,11,164,1,1,1,3,,0.0,0.0
201300008463,20,11,2013,12,1,11,203,2,1,6,6,chemin des romains,43.199,2.764
201300008464,20,12,2013,15,1,11,203,2,9,1,6,ave georges cl?menceau,43.204,2.763
201300008465,12,1,2013,15,1,11,379,1,1,1,5,,43.043,2.97
201300008466,13,6,2013,11,1,11,379,1,1,1,5,,0.0,0.0
201300008467,28,6,2013,22,3,11,295,1,1,1,7,,0.0,0.0
201300008468,25,10,2013,16,3,11,266,1,6,1,6,,0.0,0.0
201300008469,5,12,2013,17,2,11,188,1,1,6,6,,42.967,2.995
201300008470,29,1,2013,11,1,30,3,1,1,1,6,,43.5739,4.10492
201300008471,30,3,2013,17,1,30,133,1,1,1,7,,43.52207,4.14968
201300008472,22,4,2013,19,1,30,3,1,1,1,2,,43.57983,4.19552
201300008473,3,5,2013,10,1,30,133,2,6,1,3,CD62B - Rd Pt Casino,43.5263,4.1498
201300008474,31,5,2013,14,1,30,3,1,6,1,6,,43.5604,4.15346
201300008475,5,6,2013,10,1,30,133,2,1,1,2,boulevard mar?chal juin,43.5349,4.13618
201300008476,15,6,2013,14,1,30,133,1,1,1,6,,43.55265,4.14278
201300008477,23,6,2013,13,1,30,133,1,1,1,2,,43.53899,4.1443
201300008478,2,7,2013,9,1,30,133,2,1,1,7,02 rue des combattants,43.53576,4.13525
201300008479,1,8,2013,13,1,30,133,2,1,1,6,Rue Marceau,43.53906,4.13645
201300008480,6,9,2013,14,1,30,3,1,1,1,6,,43.56915,4.1693
201300008481,21,9,2013,22,1,30,133,1,1,1,3,,43.5408,4.14508
201300008482,8,10,2013,1,3,30,3,1,1,1,7,,43.57702,4.10044
201300008483,21,10,2013,2,3,30,276,1,1,1,6,,43.58134,4.26159
201300008484,10,12,2013,14,1,30,3,1,1,1,1,,43.56976,4.1702
201300008485,4,1,2013,11,1,30,352,1,1,1,1,,43.80385,4.08854
201300008486,14,1,2013,15,1,30,249,1,1,1,7,,43.80847,4.22337
201300008487,9,2,2013,1,3,30,62,1,1,1,6,,43.75668,4.20457
201300008488,7,2,2013,14,1,30,62,2,1,1,3,D40,43.78093,4.19856
201300008489,26,3,2013,11,1,30,75,2,1,1,3,RD 40,43.82228,4.26438
201300008490,30,3,2013,14,1,30,62,1,1,1,7,,43.75864,4.20412
201300008491,4,4,2013,18,1,30,138,1,1,2,3,,43.79209,4.26006
201300008492,24,8,2013,4,5,30,321,2,1,1,6,Route de Nimes,43.78706,4.09151
201300008493,13,9,2013,20,3,30,62,1,6,1,6,,43.77951,4.19465
201300008494,19,9,2013,16,1,30,321,2,7,1,6,impasse de la malautiere,43.78212,4.08642
201300008495,30,9,2013,14,1,30,62,1,1,1,3,,43.78094,4.19859
201300008496,14,10,2013,18,1,30,114,1,1,1,5,,43.81409,4.09537
201300008497,15,11,2013,16,5,30,352,2,1,2,3,route de Nimes,43.79112,4.09544
201300008498,8,12,2013,16,1,30,138,1,1,1,1,,43.80939,4.24332
201300008499,18,12,2013,9,2,30,324,1,1,3,6,,43.80743,4.11784
201300008500,8,2,2013,16,1,30,156,1,1,1,3,,43.86449,4.43918
201300008501,10,3,2013,4,3,30,156,2,1,1,7,,43.86379,4.43663
201300008502,5,7,2013,7,1,30,156,1,1,1,3,,43.8358,4.44773
201300008503,22,7,2013,18,1,30,155,2,1,1,7,AVE MANDES FRANCE,43.82592,4.47924
201300008504,8,9,2013,14,1,30,211,2,1,1,1,138 ROUTE DE SAINT GERVA,43.8325,4.4961
201300008505,17,9,2013,21,5,30,206,1,1,1,6,,43.91052,4.41683
201300008506,8,2,2013,17,1,30,258,2,1,1,6,rue de la terre du port,43.68003,4.43851
201300008507,17,3,2013,6,5,30,258,2,1,2,6,16 BVD CHANZY,43.67332,4.43408
201300008508,12,7,2013,14,1,30,128,1,1,1,7,,43.70865,4.37061
201300008509,14,9,2013,17,1,30,258,1,1,1,7,,43.77371,4.41297
201300008510,22,9,2013,0,3,30,258,1,1,1,7,,43.62457,4.42373
201300008511,20,9,2013,17,1,30,128,2,1,1,1,chemin des sources,43.7315,4.33188
201300008512,23,1,2013,8,5,30,123,2,1,1,3,RUE FREDERIC MISTRAL.,0.0,0.0
201300008513,21,2,2013,19,3,30,344,1,3,1,3,,43.71982,4.26175
201300008514,23,2,2013,10,1,30,33,2,7,1,6,PLACE DE L'HORLOGE,43.71846,4.32304
201300008515,28,3,2013,8,1,30,341,1,1,3,1,,43.70457,4.25965
201300008516,29,4,2013,14,1,30,341,2,1,2,6,rue Moulin d'Etienne,43.6957,4.27127
201300008517,26,5,2013,13,1,30,344,2,1,1,3,Rue de Verg?ze,43.73448,4.21987
201300008518,1,6,2013,17,1,30,347,1,6,6,6,,43.74741,4.2558
201300008519,2,6,2013,14,1,30,347,1,1,1,1,,43.71532,4.2744
201300008520,5,6,2013,13,1,30,169,2,1,1,7,chemin des creux,43.78471,4.30481
201300008521,10,6,2013,22,5,30,6,1,1,1,7,,43.6782,4.19026
201300008522,15,6,2013,18,1,30,83,1,2,1,3,,43.71022,4.22908
201300008523,23,6,2013,16,1,30,185,1,1,1,3,,43.72794,4.21268
201300008524,3,7,2013,18,1,30,169,1,1,1,2,,43.78336,4.29882
201300008525,7,7,2013,3,3,30,347,1,1,1,6,,43.73265,4.2744
201300008526,7,7,2013,3,3,30,333,1,1,1,7,,43.73867,4.28798
201300008527,17,7,2013,6,2,30,36,1,1,1,1,,43.76173,4.2796
201300008528,1,8,2013,2,3,30,4,1,1,1,6,,43.71595,4.20156
201300008529,10,8,2013,14,1,30,169,1,1,7,5,,43.78865,4.31799
201300008530,10,8,2013,11,1,30,344,1,1,1,2,,43.73282,4.23169
201300008531,24,8,2013,15,1,30,6,1,1,1,1,,43.6945,4.16809
201300008532,28,8,2013,19,1,30,4,1,6,1,2,,43.706,4.19125
201300008533,3,9,2013,12,1,30,341,1,1,1,6,,43.71604,4.28421
201300008534,18,9,2013,17,1,30,344,1,1,1,3,,43.69923,4.20502
201300008535,30,9,2013,8,1,30,83,1,1,1,1,,43.732,4.21137
201300008536,20,10,2013,19,2,30,347,1,1,2,1,,43.72095,4.26944
201300008537,15,11,2013,8,1,30,276,1,1,1,6,,43.64172,4.19531
201300008538,23,11,2013,7,1,30,59,1,1,1,6,,43.68765,4.21982
201300008539,28,11,2013,13,1,30,4,1,1,1,6,,43.71684,4.20227
201300008540,13,12,2013,18,2,30,341,2,1,1,6,avenue maurice privat,43.69015,4.2747
201300008541,26,12,2013,5,3,30,344,1,1,1,6,,43.73313,4.22312
201300008542,14,3,2013,15,1,30,214,1,1,2,6,,44.05104,4.09591
201300008543,26,3,2013,12,1,30,214,1,1,1,6,,44.038,4.08985
201300008544,14,4,2013,1,3,30,330,1,1,1,5,,44.01551,3.99433
201300008545,25,5,2013,0,3,30,42,1,1,1,2,,44.0659,4.03034
201300008546,2,6,2013,12,1,30,330,1,1,1,3,,44.0112,3.99108
201300008547,22,6,2013,3,3,30,330,2,1,1,1,RD 907,44.03766,4.00056
201300008548,24,6,2013,15,1,30,269,1,1,1,1,,44.12536,3.90158
201300008549,26,7,2013,11,1,30,269,1,8,1,7,,44.09495,3.9147
201300008550,6,8,2013,2,3,30,329,1,1,1,7,,44.07658,3.9288
201300008551,7,10,2013,8,1,30,94,1,1,1,5,,44.07194,3.95335
201300008552,14,12,2013,21,3,30,10,1,1,1,6,,44.03967,3.96001
201300008553,28,12,2013,19,3,30,330,1,1,2,1,,44.01684,3.99276
201300008554,6,1,2013,15,1,30,239,1,1,1,5,,44.24558,3.9852
201300008555,13,8,2013,17,1,30,132,1,9,1,3,,44.23055,4.05455
201300008556,8,9,2013,15,1,30,203,2,1,2,7,RD 906,44.2704,4.02142
201300008557,12,1,2013,18,5,30,173,1,1,1,6,,44.13443,4.17152
201300008558,12,2,2013,17,2,30,77,2,1,1,3,CD 916 la blaqui?re,0.0,0.0
201300008559,27,5,2013,17,1,30,77,1,1,1,3,,44.15899,4.05714
201300008560,8,7,2013,16,1,30,294,1,1,1,7,,44.16097,4.11986
201300008561,23,7,2013,18,1,30,270,1,1,1,5,,44.11654,4.0529
201300008562,1,8,2013,18,1,30,305,1,1,1,3,,44.16007,4.12836
201300008563,9,8,2013,15,2,30,318,1,1,1,3,,44.13997,4.18397
201300008564,13,9,2013,16,1,30,305,1,1,1,1,,44.14802,4.16296
201300008565,27,9,2013,16,1,30,223,1,1,1,3,,44.18845,4.12947
201300008566,5,10,2013,11,1,30,294,1,1,1,3,,44.16548,4.12814
201300008567,7,10,2013,12,1,30,284,1,1,1,7,,0.0,0.0
201300008568,31,10,2013,1,3,30,274,1,1,1,7,,44.1659,4.0999
201300008569,13,11,2013,20,3,30,223,1,1,1,6,,44.19307,4.13199
201300008570,17,11,2013,18,3,30,173,1,1,2,2,,44.13138,4.15671
201300008571,18,2,2013,13,1,30,146,1,1,2,6,,43.98336,4.1147
201300008572,16,3,2013,18,3,30,2,1,1,2,6,,43.96982,4.10086
201300008573,24,4,2013,15,1,30,46,2,1,1,3,70 rue de la Plaine,43.99538,4.18412
201300008574,4,5,2013,11,1,30,348,2,3,1,3,CD936/CHEMIN DE LA PIOLE,44.05015,4.13536
201300008575,8,5,2013,19,1,30,348,1,6,1,3,,44.04848,4.14797
201300008576,8,5,2013,21,3,30,46,1,1,1,1,,43.99662,4.18806
201300008577,9,6,2013,5,2,30,160,1,1,8,6,,44.00692,4.13766
201300008578,3,8,2013,15,1,30,146,2,1,1,1,"47, grand Rue",43.98818,4.10693
201300008579,21,8,2013,15,1,30,2,1,1,1,3,,43.957,4.09924
201300008580,16,10,2013,17,1,30,259,2,1,1,1,Route de N?mes,44.09493,4.10726
201300008581,19,11,2013,16,1,30,2,1,1,2,5,,43.96927,4.10095
201300008582,29,12,2013,15,1,30,2,1,1,1,2,,43.96218,4.09834
201300008583,22,2,2013,15,1,30,153,2,1,1,7,Lieu dit Le Faget,44.42313,4.03794
201300008584,7,4,2013,16,1,30,90,2,1,1,6,RD 906,44.38455,3.93948
201300008585,20,7,2013,17,1,30,345,2,1,1,3,la tavernole,44.28213,3.99634
201300008586,8,8,2013,11,1,30,345,1,1,2,3,,44.27109,4.01734
201300008587,16,8,2013,9,1,30,44,1,1,1,6,,44.36258,4.04179
201300008588,28,11,2013,16,1,30,130,1,1,1,7,,44.3408,3.94965
201300008589,8,1,2013,14,1,30,227,2,1,1,6,rue docteur bastide,44.2596,4.19546
201300008590,8,1,2013,14,1,30,152,1,1,1,6,,44.2172,4.17464
201300008591,4,2,2013,19,5,30,37,2,1,1,7,05 RUE PAUL VERMALE,44.28686,4.10569
201300008592,23,2,2013,9,4,30,204,1,1,1,6,,44.23029,4.22206
201300008593,22,4,2013,17,1,30,8,1,1,1,1,,44.21042,4.25561
201300008594,28,5,2013,21,2,30,152,1,1,2,5,,44.22294,4.16174
201300008595,11,6,2013,13,1,30,167,1,1,1,6,,44.27164,4.18518
201300008596,26,6,2013,18,1,30,152,2,1,1,6,Avenue du Moulin,44.22924,4.1674
201300008597,3,7,2013,17,1,30,227,2,1,1,1,"20 Route d'Uzes, RD 37",44.25042,4.19974
201300008598,1,8,2013,18,1,30,8,1,1,1,1,,44.22883,4.22551
201300008599,21,8,2013,8,1,30,227,2,1,1,1,ROUTE D'ALES,44.24975,4.18128
201300008600,22,9,2013,5,3,30,237,1,1,1,6,,44.29306,4.18264
201300008601,2,10,2013,9,1,30,227,2,1,1,6,faubourg du paradis,44.2665,4.1979
201300008602,19,10,2013,9,1,30,48,1,1,2,3,,44.13107,4.31837
201300008603,26,10,2013,17,1,30,164,1,1,1,3,,44.22714,4.36358
201300008604,1,12,2013,15,1,30,187,1,1,1,6,,44.14814,4.24554
201300008605,6,12,2013,0,3,30,227,1,1,1,6,,44.27164,4.19151
201300008606,27,1,2013,18,1,30,286,1,1,2,1,,43.98696,4.4499