Num_Acc,jour,mois,an,hr,condition_eclairage,departement,commune,condition_agglomeration,intersection,condition_atmosphere,type_collision,adresse,lattitude,longitude
201300008607,22,2,2013,19,3,30,319,1,9,1,1,,44.03865,4.32001
201300008608,16,3,2013,5,5,30,295,2,1,1,6,chemin de Montaren,44.04572,4.43256
201300008609,7,4,2013,22,3,30,338,1,1,1,6,,44.1318,4.3686
201300008610,4,6,2013,12,1,30,41,1,1,1,7,,43.95629,4.38226
201300008611,5,6,2013,11,1,30,334,2,1,1,6,ZI Pont des Charettes,43.99474,4.42403
201300008612,7,6,2013,11,1,30,1,1,1,1,3,,44.05115,4.34345
201300008613,11,6,2013,7,1,30,151,1,1,1,6,,44.1398,4.35631
201300008614,10,6,2013,11,1,30,334,1,2,1,3,,44.04097,4.40702
201300008615,22,6,2013,0,3,30,334,1,1,1,6,,44.02666,4.47017
201300008616,29,6,2013,12,1,30,334,2,1,1,6,liberation (av),0.0,0.0
201300008617,14,7,2013,13,1,30,308,1,1,1,7,,43.9831,4.41286
201300008618,17,7,2013,20,1,30,334,1,1,2,6,,43.99975,4.39879
201300008619,21,7,2013,9,1,30,41,1,1,1,6,,43.9543,4.38019
201300008620,20,7,2013,10,1,30,334,1,1,1,7,,44.02104,4.43724
201300008621,3,8,2013,17,1,30,30,2,1,1,1,CD 981 PK 17+410,44.05421,4.28557
201300008622,5,8,2013,6,2,30,174,1,1,1,5,,44.05598,4.40112
201300008623,12,12,2013,20,3,30,337,1,1,1,7,,44.05304,4.46529
201300008624,12,3,2013,21,5,30,202,2,1,1,7,CHEMIN DE CRUSSOL,0.0,0.0
201300008625,30,5,2013,11,1,30,287,1,1,1,3,,44.19811,4.53844
201300008626,7,6,2013,11,1,30,202,2,1,1,6,avenue Kennedy,44.25643,4.64757
201300008627,8,6,2013,15,1,30,202,2,1,2,1,654 Rue d'Uz?s,44.26049,4.6391
201300008628,30,6,2013,9,1,30,143,1,1,1,6,,44.2966,4.52384
201300008629,30,6,2013,16,1,30,226,1,1,1,6,,44.22151,4.63351
201300008630,15,7,2013,10,1,30,5,1,1,1,1,,44.29578,4.5558
201300008631,19,7,2013,21,2,30,304,1,1,1,6,,44.27012,4.53478
201300008632,21,8,2013,9,1,30,202,1,1,1,1,,44.27939,4.62058
201300008633,22,8,2013,17,1,30,251,1,1,1,6,,44.15794,4.71398
201300008634,31,8,2013,16,1,30,256,1,3,1,3,,44.18046,4.57752
201300008635,10,9,2013,14,1,30,96,1,1,1,2,,44.21155,4.51411
201300008636,19,10,2013,23,5,30,290,1,1,1,3,,44.26295,4.5971
201300008637,28,10,2013,18,5,30,202,2,1,1,6,CD 6086,44.26541,4.63871
201300008638,30,11,2013,2,3,30,230,1,1,9,6,,44.24013,4.41558
201300008639,30,11,2013,18,3,30,70,2,1,6,6,"CD 306, CARSAN OUEST",44.24081,4.59487
201300008640,20,12,2013,22,5,30,202,2,1,2,6,39 Av Gaston Doumergue,44.25462,4.64344
201300008641,12,2,2013,19,4,30,145,1,1,1,1,,43.889,4.5463
201300008642,12,3,2013,17,1,30,328,1,1,1,1,,43.9008,4.68684
201300008643,20,4,2013,14,1,30,85,1,1,2,1,,0.0,0.0
201300008644,24,6,2013,14,1,30,89,1,1,6,5,,43.84266,4.62136
201300008645,6,7,2013,10,1,30,212,2,1,1,6,,43.93876,4.56174
201300008646,14,7,2013,19,1,30,85,2,1,1,6,237 ROUTE D UZES,43.95608,4.48093
201300008647,17,7,2013,9,1,30,107,1,1,1,1,,43.95226,4.64221
201300008648,29,9,2013,11,3,30,116,1,1,2,6,,43.93947,4.59379
201300008649,27,11,2013,16,1,30,103,1,1,1,6,,43.95233,4.66529
201300008650,8,12,2013,18,3,30,212,2,9,1,6,D?partementale 6101,43.94155,4.52275
201300008651,14,12,2013,23,3,30,346,2,1,1,6,D227,43.96513,4.52817
201300008652,12,2,2013,18,3,30,254,1,1,1,3,,44.05513,4.76035
201300008653,17,2,2013,20,3,30,326,1,1,1,7,,44.00165,4.71326
201300008654,10,3,2013,1,1,30,209,1,1,1,6,,44.01309,4.75313
201300008655,17,3,2013,14,1,30,209,1,1,2,6,,43.98693,4.77573
201300008656,22,3,2013,8,1,30,221,1,1,1,2,,44.06739,4.76825
201300008657,28,3,2013,10,1,30,221,1,1,2,3,,44.05521,4.75977
201300008658,8,5,2013,13,1,30,278,1,1,1,2,,44.0619,4.70864
201300008659,21,6,2013,4,3,30,315,1,1,1,7,,43.94907,4.69872
201300008660,14,7,2013,17,1,30,315,1,1,1,7,,43.94672,4.68219
201300008661,24,8,2013,19,1,30,221,1,1,1,3,,0.0,0.0
201300008662,31,8,2013,10,1,30,221,1,1,1,1,,44.05487,4.76267
201300008663,5,9,2013,19,1,30,254,2,1,1,6,Chemin de Montfaucon,44.06458,4.72574
201300008664,20,10,2013,4,3,30,315,1,1,8,1,,43.94009,4.7105
201300008665,22,10,2013,21,5,30,217,2,1,1,6,1 boulevard Alber 1er,43.95921,4.73848
201300008666,7,11,2013,15,1,30,178,2,4,1,6,34 Rue des DEUX COMMUNES,44.06475,4.75642
201300008667,20,1,2013,17,2,30,193,2,1,8,7,ROUTE DE NIMES,43.87434,4.20556
201300008668,23,1,2013,8,1,30,224,1,1,3,1,,43.92782,4.22601
201300008669,9,2,2013,19,3,30,182,1,1,1,5,,43.85874,4.16999
201300008670,2,3,2013,15,1,30,241,1,1,1,7,,43.95365,4.26878
201300008671,29,4,2013,18,1,30,354,1,1,2,3,,43.94464,4.14271
201300008672,19,7,2013,18,1,30,228,1,1,1,1,,43.93861,4.383
201300008673,25,7,2013,16,1,30,281,1,1,7,1,,43.88268,4.18999
201300008674,22,12,2013,11,1,30,88,1,1,1,1,,43.86,4.13998
201300008675,21,12,2013,23,3,30,228,1,1,5,1,,43.92443,4.39358
201300008676,10,4,2013,14,1,30,350,2,1,1,3,CD999,43.99083,3.60767
201300008677,11,6,2013,18,1,30,350,2,1,1,6,place du march?,43.99215,3.6064
201300008678,9,7,2013,19,1,30,350,1,1,1,5,,43.9922,3.60837
201300008679,1,9,2013,11,1,30,38,1,1,1,6,,43.97181,3.51321
201300008680,14,9,2013,11,1,30,229,1,1,1,6,,44.01476,3.68044
201300008681,26,10,2013,17,2,30,325,1,1,2,1,,43.99347,3.68736
201300008682,6,11,2013,18,2,30,350,2,1,1,6,RUE DU PONT DE LA CROIX,43.99156,3.62745
201300008683,8,11,2013,18,3,30,272,1,1,8,3,,43.97717,3.68663
201300008684,21,12,2013,15,1,30,350,2,6,2,7,cd 999,43.98577,3.60433
201300008685,24,11,2013,15,1,30,140,1,1,1,7,,44.04639,3.87399
201300008686,1,12,2013,18,5,30,140,2,1,1,6,rue de la croisette,44.04366,3.85739
201300008687,12,2,2013,20,3,30,349,1,1,1,7,,43.87655,4.07439
201300008688,2,4,2013,11,1,30,58,1,1,1,6,,43.95009,3.78971
201300008689,27,4,2013,13,1,30,349,1,1,2,5,,43.85451,4.09687
201300008690,3,5,2013,9,1,30,263,2,1,1,6,8 BOULEVARD DES REMPARTS,43.9635,3.85459
201300008691,9,7,2013,11,1,30,93,1,1,1,4,,43.94851,3.8969
201300008692,24,7,2013,9,1,30,121,1,1,1,3,,43.85847,4.01703
201300008693,7,8,2013,16,1,30,349,2,1,2,7,CD 999,43.87855,4.06525
201300008694,20,8,2013,10,1,30,93,1,9,1,3,,43.96302,3.91257
201300008695,28,10,2013,18,3,30,263,1,1,1,6,,43.96048,3.90029
201300008696,1,12,2013,3,3,30,121,1,1,1,6,,43.86119,4.01694
201300008697,14,12,2013,23,5,30,210,2,1,1,6,45 avenue des Cevennes,43.9101,4.00232
201300008698,20,12,2013,20,3,30,69,1,1,1,7,,43.84074,3.9941
201300008699,12,4,2013,7,2,30,105,2,1,1,6,rue de l'Eglise,44.06891,3.44572
201300008700,21,8,2013,18,1,30,297,1,1,1,6,,44.09035,3.51554
201300008701,3,11,2013,13,1,30,139,1,1,8,7,,44.12792,3.4111
201300008702,19,4,2013,15,1,48,111,1,1,2,1,,0.0,0.0
201300008703,18,5,2013,11,1,48,16,1,1,1,1,,0.0,0.0
201300008704,6,6,2013,16,1,48,42,1,1,1,7,,0.0,0.0
201300008705,12,6,2013,11,1,48,147,2,1,1,6,Centre Village,0.0,0.0
201300008706,23,6,2013,12,1,48,157,1,1,1,7,,0.0,0.0
201300008707,25,8,2013,17,1,48,16,1,1,1,1,,44.509,3.46
201300008708,13,9,2013,19,1,48,189,1,2,1,3,,0.0,0.0
201300008709,24,9,2013,19,3,48,37,1,1,1,6,,0.0,0.0
201300008710,4,11,2013,8,1,48,53,1,1,2,7,,0.0,0.0
201300008711,5,7,2013,18,1,48,82,1,1,1,6,,0.0,0.0
201300008712,10,10,2013,9,3,48,80,1,1,2,6,,0.0,0.0
201300008713,24,1,2013,11,1,48,15,1,1,1,7,,44.487,3.973
201300008714,14,4,2013,14,1,48,135,1,1,1,6,,44.413,3.936
201300008715,18,5,2013,7,1,48,119,1,1,3,7,,44.546,3.917
201300008716,9,7,2013,13,1,48,119,1,1,1,7,,44.558,3.915
201300008717,20,8,2013,18,1,48,4,1,1,1,3,,44.466,3.886
201300008718,30,12,2013,18,3,48,135,1,1,1,6,,44.409,3.935
201300008719,8,4,2013,13,1,48,75,1,1,2,7,,0.0,0.0
201300008720,8,6,2013,11,1,48,193,1,1,1,6,,0.0,0.0
201300008721,21,6,2013,12,1,48,166,1,1,1,1,,0.0,0.0
201300008722,29,6,2013,13,1,48,116,1,1,1,7,,0.0,0.0
201300008723,3,7,2013,1,1,48,61,2,1,2,1,,0.0,0.0
201300008724,10,7,2013,11,1,48,186,1,1,1,7,,0.0,0.0
201300008725,1,8,2013,11,1,48,75,1,1,1,7,,0.0,0.0
201300008726,22,8,2013,16,1,48,75,1,1,1,1,,0.0,0.0
201300008727,16,9,2013,16,1,48,166,1,1,1,7,,0.0,0.0
201300008728,12,10,2013,18,1,48,75,1,1,1,7,,0.0,0.0
201300008729,26,10,2013,11,1,48,75,1,1,2,1,,0.0,0.0
201300008730,28,11,2013,20,3,48,75,1,1,1,7,,0.0,0.0
201300008731,7,7,2013,17,1,48,67,1,1,1,6,,0.0,0.0
201300008732,20,7,2013,12,1,48,115,1,1,1,1,,0.0,0.0
201300008733,3,8,2013,18,1,48,146,1,1,1,1,,0.0,0.0
201300008734,29,3,2013,23,3,48,18,1,1,2,6,,0.0,0.0
201300008735,23,1,2013,16,1,66,182,1,1,1,1,,0.0,0.0
201300008736,22,2,2013,19,3,66,182,1,1,1,5,,0.0,0.0
201300008737,14,3,2013,17,1,66,37,2,1,1,6,Bd Carrere vieille,42.6978,3.03332
201300008738,8,7,2013,19,1,66,37,1,1,1,1,,42.70648,2.99152
201300008739,14,7,2013,3,3,66,37,1,1,1,6,,0.0,0.0
201300008740,12,8,2013,18,1,66,37,2,1,7,6,avenue de catalogne,42.69554,3.03246
201300008741,20,8,2013,19,1,66,37,1,1,7,7,,0.0,0.0
201300008742,2,12,2013,21,5,66,37,2,1,1,3,avenue Mediterranee,42.69825,3.02707
201300008743,31,1,2013,16,1,66,129,1,1,1,1,,0.0,0.0
201300008744,28,4,2013,18,1,66,114,2,4,1,3,RUE DU CANIGOU,42.60804,2.93139
201300008745,21,5,2013,16,1,66,208,1,1,1,5,,0.0,0.0
201300008746,17,6,2013,7,1,66,59,1,3,1,3,,0.0,0.0
201300008747,18,8,2013,9,1,66,11,1,1,1,2,,0.0,0.0
201300008748,8,5,2013,18,1,66,174,1,1,2,6,,0.0,0.0
201300008749,29,8,2013,10,1,66,173,1,3,1,3,,0.0,0.0
201300008750,4,1,2013,7,1,66,190,1,1,1,2,,0.0,0.0
201300008751,17,5,2013,15,1,66,164,2,1,1,3,avenue des Pyrenees,42.76555,2.86912
201300008752,25,5,2013,0,3,66,231,1,1,1,1,,42.838,2.804
201300008753,26,5,2013,10,1,66,190,2,1,1,3,D5b,0.0,0.0
201300008754,22,6,2013,20,1,66,69,1,1,1,7,,0.0,0.0
201300008755,10,7,2013,18,1,66,164,1,1,1,4,,0.0,0.0
201300008756,1,9,2013,19,1,66,14,1,1,1,1,,0.0,0.0
201300008757,4,9,2013,6,2,66,190,1,1,1,3,,0.0,0.0
201300008758,13,9,2013,23,3,66,190,2,1,1,6,,0.0,0.0
201300008759,26,9,2013,12,1,66,190,1,1,1,3,,0.0,0.0
201300008760,1,10,2013,12,1,66,14,1,2,1,3,,0.0,0.0
201300008761,15,10,2013,15,1,66,127,2,3,1,1,Route de Vingrau,42.86995,2.87181
201300008762,17,10,2013,23,3,66,190,1,1,1,1,,0.0,0.0
201300008763,24,11,2013,17,3,66,69,1,1,1,2,,0.0,0.0
201300008764,28,6,2013,17,1,66,171,2,1,1,6,rue Francis CARCO,42.63189,3.02377
201300008765,21,7,2013,12,1,66,2,1,1,1,6,,0.0,0.0
201300008766,17,8,2013,0,5,66,171,2,1,1,4,Rue Andre Maurois,42.62305,3.03451
201300008767,3,9,2013,19,1,66,171,2,1,7,6,avenue Armand Lanoux,42.6006,3.03724
201300008768,17,9,2013,19,1,66,94,1,1,1,7,,42.60609,3.01973
201300008769,18,11,2013,7,1,66,171,2,1,1,5,rue ROLAND,42.62004,3.00013
201300008770,4,12,2013,10,1,66,171,2,6,1,3,,0.0,0.0
201300008771,23,12,2013,16,1,66,171,2,1,1,6,AVENUE ARMAND LANOUX,42.61077,3.02843
201300008772,9,6,2013,23,3,66,180,1,1,1,7,,0.0,0.0
201300008773,15,6,2013,22,5,66,180,2,1,1,6,rue des commercants,42.78373,2.96636
201300008774,6,8,2013,13,1,66,212,2,1,1,6,,0.0,0.0
201300008775,6,8,2013,15,1,66,180,2,1,1,6,BD DE LA COTE VERMEILLE,0.0,0.0
201300008776,17,8,2013,13,1,66,180,2,6,2,2,Avenue Annibal,42.80608,3.03729
201300008777,24,10,2013,12,1,66,180,2,6,1,3,CHEMIN DE LEUCATE,42.72746,2.98534
201300008778,22,4,2013,19,1,66,99,2,1,1,7,rue des cerisiers,42.54954,2.7451
201300008779,23,9,2013,17,1,66,210,2,9,1,6,Avenue louis nogueres,42.63186,2.75029
201300008780,15,11,2013,4,3,66,33,1,1,6,1,,0.0,0.0
201300008781,26,12,2013,12,1,66,210,2,6,1,2,route de thuir,0.0,0.0
201300008782,19,2,2013,21,4,66,160,1,1,1,6,,42.48547,2.69848
201300008783,24,2,2013,18,3,66,160,1,1,1,5,,0.0,0.0
201300008784,11,1,2013,16,1,66,168,1,6,7,6,,0.0,0.0
201300008785,28,2,2013,16,1,66,8,1,1,2,1,,0.0,0.0
201300008786,27,6,2013,13,1,66,8,1,1,1,3,,0.0,0.0
201300008787,24,12,2013,2,3,66,8,1,1,1,6,,0.0,0.0
201300008788,7,3,2013,17,1,66,175,2,1,1,6,5 rue de la scirie,42.54151,2.92562
201300008789,6,8,2013,0,3,66,214,1,1,1,2,,0.0,0.0
201300008790,18,9,2013,12,1,66,115,1,2,1,1,,42.5378,2.87873
201300008791,22,9,2013,17,1,66,196,1,1,1,7,,0.0,0.0
201300008792,24,9,2013,22,3,66,93,1,1,1,7,,0.0,0.0
201300008793,5,8,2013,12,1,66,9,1,1,1,1,,0.0,0.0
201300008794,1,1,2013,5,3,66,178,1,1,1,7,,0.0,0.0
201300008795,4,7,2013,14,1,66,214,1,1,1,1,,42.54192,2.84886
201300008796,5,10,2013,12,1,66,63,1,1,1,1,,0.0,0.0
201300008797,17,8,2013,10,1,66,178,1,1,1,5,,0.0,0.0
201300008798,20,9,2013,10,1,66,63,1,1,1,1,,0.0,0.0
201300008799,10,10,2013,12,1,66,15,1,1,1,1,,0.0,0.0
201300008800,29,10,2013,9,1,66,178,1,1,1,6,,0.0,0.0
201300008801,1,11,2013,9,1,66,15,1,1,1,7,,0.0,0.0
201300008802,3,12,2013,17,1,66,24,1,1,1,1,,0.0,0.0
201300008803,18,12,2013,11,1,66,24,2,1,1,6,rue menant au centre com,42.53287,2.83982
201300008804,27,12,2013,15,1,66,106,1,1,1,7,,0.0,0.0
201300008805,10,3,2013,2,3,66,53,2,1,1,1,route de la consolation,42.52477,3.07456
201300008806,19,10,2013,16,1,66,16,2,1,1,6,13 RUE JOLIOT CURIE,42.47922,3.13013
201300008807,4,12,2013,14,1,66,16,2,1,7,6,Avenue de la Republique,42.4829,3.12902
201300008808,10,5,2013,7,2,66,45,1,1,1,7,,0.0,0.0
201300008809,25,6,2013,12,1,66,149,2,1,1,6,,42.61801,2.4275
201300008810,27,6,2013,17,1,66,161,1,1,1,1,,0.0,0.0
201300008811,2,11,2013,3,3,66,34,1,1,1,6,,0.0,0.0
201300008812,15,1,2013,12,1,66,218,1,1,4,6,,0.0,0.0
201300008813,3,3,2013,0,3,66,181,1,1,1,6,,0.0,0.0
201300008814,27,4,2013,11,1,66,75,1,1,4,6,,42.47397,2.09044
201300008815,19,5,2013,7,1,66,181,1,1,1,6,,0.0,0.0
201300008816,4,8,2013,7,1,66,146,1,1,1,1,,0.0,0.0
201300008817,26,12,2013,11,1,66,167,1,1,4,1,,0.0,0.0
201300008818,6,4,2013,15,1,66,82,2,1,4,6,5  route de Mont-Louis,0.0,0.0
201300008819,1,11,2013,9,4,66,124,2,1,1,1,BD FRANCOIS ARAGO,0.0,0.0
201300008820,11,3,2013,15,1,66,23,1,1,2,1,,0.0,0.0
201300008821,12,4,2013,5,1,66,230,1,1,1,1,,0.0,0.0
201300008822,21,4,2013,12,1,66,165,1,1,1,1,,0.0,0.0
201300008823,11,7,2013,18,1,66,88,1,8,1,3,,42.67216,2.631
201300008824,27,8,2013,12,1,66,23,1,1,1,3,,0.0,0.0
201300008825,14,1,2013,9,1,201,85,1,1,2,1,20117,41.91187,8.93589
201300008826,1,5,2013,22,5,201,32,2,1,1,7,20129,41.92202,8.82815
201300008827,17,5,2013,19,1,201,130,2,1,1,1,Boulevard M.J Bozzi,41.88197,8.78842
201300008828,26,5,2013,10,1,201,130,2,1,1,2,porticcio,41.889,8.923
201300008829,28,10,2013,10,2,201,85,2,1,1,6,20117,0.0,0.0
201300008830,28,1,2013,16,1,201,209,1,1,1,1,20167,42.00097,8.85385
201300008831,9,2,2013,15,1,201,271,1,1,1,2,20167,41.97207,8.81978
201300008832,17,2,2013,3,5,201,209,1,1,1,6,20167,42.00031,8.85844
201300008833,18,2,2013,14,1,201,6,1,1,1,7,20167,41.97042,8.77877
201300008834,20,3,2013,18,3,201,6,1,1,3,1,20167,41.96198,8.78025
201300008835,27,4,2013,16,1,201,271,1,3,1,2,RN193 Gare de Mezzana,41.98031,8.83497
201300008836,28,4,2013,6,1,201,271,2,1,1,6,20167,0.0,0.0
201300008837,25,6,2013,12,1,201,209,1,1,1,1,20167,42.00534,8.85876
201300008838,9,7,2013,18,1,201,6,2,1,1,6,Lieu dit Scumundaccia,41.97201,8.74281
201300008839,4,8,2013,2,3,201,271,1,1,1,1,20167,41.978,8.823
201300008840,13,10,2013,9,1,201,271,1,1,1,3,20167,0.0,0.0
201300008841,17,11,2013,6,5,201,271,2,1,1,6,20167,41.95685,8.79953
201300008842,11,12,2013,13,1,201,323,1,1,1,7,,42.023,8.891
201300008843,27,12,2013,11,1,201,40,1,1,1,5,,42.09828,9.10455
201300008844,11,5,2013,2,5,201,198,2,1,1,7,Av. de la Marina - RD 84,42.271,8.698
201300008845,11,7,2013,5,2,201,279,1,1,1,6,20147,42.299,8.701
201300008846,11,7,2013,19,1,201,203,1,1,7,1,20147,42.309,8.681
201300008847,22,8,2013,15,1,201,198,1,1,1,7,20150,0.0,0.0
201300008848,3,9,2013,12,1,201,212,1,1,1,6,20115,42.189,8.62
201300008849,25,1,2013,8,1,201,215,1,1,8,6,20131,41.49676,9.04634
201300008850,19,5,2013,3,3,201,215,1,1,1,6,20131,41.502,9.047
201300008851,24,5,2013,10,1,201,41,1,1,1,3,20169,41.41299,9.175
201300008852,17,8,2013,19,2,201,41,1,3,7,1,Rte de l'hopital,41.40278,9.16063
201300008853,22,2,2013,5,3,201,247,1,1,1,7,20137,41.51193,9.25608
201300008854,10,3,2013,9,1,201,269,2,1,1,3,20145,0.0,0.0
201300008855,23,3,2013,23,5,201,247,2,6,1,6,20137,41.59793,9.2669
201300008856,8,4,2013,4,5,201,247,1,1,1,6,Rte de Via Notte,41.56616,9.27731
201300008857,4,5,2013,18,1,201,247,1,1,1,6,,41.556,9.271
201300008858,4,6,2013,18,1,201,247,1,1,1,1,20137,41.65,9.208
201300008859,14,6,2013,10,1,201,247,2,1,1,3,20137,0.0,0.0
201300008860,18,6,2013,16,1,201,247,2,1,1,2,20137,0.0,0.0
201300008861,27,6,2013,9,1,201,247,1,1,1,1,20137,41.648,9.278
201300008862,30,6,2013,19,1,201,247,1,1,1,6,20137,41.56675,9.25432
201300008863,1,7,2013,10,1,201,247,2,6,1,3,20137,0.0,0.0
201300008864,28,7,2013,0,3,201,247,2,1,1,3,CD 468 RTE DE CALA ROSSA,0.0,0.0
201300008865,25,7,2013,17,1,201,247,2,1,1,3,20137,0.0,0.0
201300008866,5,8,2013,23,3,201,247,1,1,1,6,camping golfo di sognu,0.0,0.0
201300008867,7,8,2013,22,5,201,247,2,1,1,3,avenue georges pompidou,41.597,9.285
201300008868,17,8,2013,12,1,201,247,1,1,1,5,20137,41.55799,9.273
201300008869,3,9,2013,10,1,201,247,1,1,1,3,20137,0.0,0.0
201300008870,27,9,2013,16,1,201,247,1,1,1,3,20137,41.5845,9.26415
201300008871,30,10,2013,18,3,201,247,1,1,1,6,20137,41.59623,9.23926
201300008872,8,11,2013,18,1,201,247,2,6,1,3,20137,41.602,9.276
201300008873,22,11,2013,8,1,201,247,1,1,2,1,20137,41.566,9.236
201300008874,7,12,2013,17,3,201,247,2,1,1,2,RUE PIERRE ANDREANI,41.62048,9.28329
201300008875,7,12,2013,18,3,201,247,1,1,1,1,,0.0,0.0
201300008876,27,3,2013,10,1,201,272,1,1,1,1,20100,41.65499,8.92658
201300008877,28,3,2013,10,1,201,272,1,1,2,6,20100,41.62609,8.95706
201300008878,12,5,2013,8,1,201,272,1,1,1,6,20100,0.0,0.0
201300008879,5,7,2013,6,1,201,272,1,1,1,6,20100,0.0,0.0
201300008880,15,7,2013,12,1,201,272,2,1,1,6,20100,0.0,0.0
201300008881,31,8,2013,12,1,201,272,1,1,1,3,20100,41.63119,8.95762
201300008882,2,9,2013,9,1,201,272,2,1,1,3,20100,0.0,0.0
201300008883,10,12,2013,9,1,201,272,1,1,1,6,,41.604,8.939
201300008884,24,7,2013,16,1,201,362,1,1,1,6,20124,41.76894,9.17355
201300008885,29,11,2013,11,1,201,56,1,1,1,1,20142,41.893,9.004
201300008886,17,4,2013,15,1,201,189,1,1,1,5,20113,41.70165,8.90683
201300008887,19,5,2013,4,3,201,189,1,1,1,7,,41.68896,8.93452
201300008888,10,7,2013,9,1,201,189,1,1,1,3,,41.713,8.916
201300008889,15,7,2013,18,1,201,189,1,1,1,3,ABARTELLO,41.707,8.838
201300008890,2,8,2013,8,1,201,189,1,1,1,2,20113,41.701,8.905
201300008891,4,9,2013,10,1,201,189,1,1,1,3,20113,41.70427,8.91192
201300008892,7,9,2013,17,1,201,189,1,1,1,5,20113,41.6938,8.91189
201300008893,18,10,2013,0,5,201,189,2,1,1,6,Abartello,41.69748,8.84517
201300008894,17,11,2013,9,1,201,189,1,1,1,5,20113,41.705,8.912
201300008895,7,1,2013,11,1,202,42,1,1,1,2,,0.0,0.0
201300008896,26,1,2013,15,1,202,148,1,1,1,1,,0.0,0.0
201300008897,4,5,2013,18,1,202,42,1,1,1,2,,0.0,0.0
201300008898,18,5,2013,23,3,202,42,1,1,3,1,,0.0,0.0
201300008899,17,5,2013,8,1,202,148,2,1,1,3,route de l aeroport,0.0,0.0
201300008900,13,6,2013,11,1,202,42,1,1,1,3,,0.0,0.0
201300008901,10,8,2013,10,1,202,148,1,1,1,3,,0.0,0.0
201300008902,15,8,2013,15,1,202,55,1,1,1,3,,0.0,0.0
201300008903,24,8,2013,14,1,202,148,1,1,1,6,,0.0,0.0
201300008904,29,9,2013,13,1,202,55,1,1,1,1,,0.0,0.0
201300008905,25,11,2013,16,1,202,355,1,1,8,5,,42.515,9.393
201300008906,18,12,2013,13,1,202,42,2,1,1,6,RN 193 CRUCETTA,42.555,9.443
201300008907,23,1,2013,14,1,202,43,2,9,2,6,Strada Vecchia,0.0,0.0
201300008908,8,6,2013,21,2,202,281,1,1,1,6,,0.0,0.0
201300008909,31,8,2013,14,1,202,159,1,1,1,3,,0.0,0.0
201300008910,3,9,2013,16,1,202,309,2,1,1,3,66 route du bord de mer,0.0,0.0
201300008911,4,11,2013,22,3,202,43,1,1,6,6,,42.898,9.447
201300008912,26,11,2013,10,1,202,43,1,1,1,3,,42.798,9.491
201300008913,4,12,2013,12,1,202,43,1,1,1,1,,0.0,0.0
201300008914,16,3,2013,12,1,202,314,1,1,1,7,,0.0,0.0
201300008915,15,8,2013,7,1,202,265,1,1,1,1,,0.0,0.0
201300008916,18,10,2013,2,5,202,298,2,1,1,6,Route de BASTIA,0.0,0.0
201300008917,20,2,2013,22,5,202,150,2,9,1,5,RN 197 PK 09+100,0.0,0.0
201300008918,6,5,2013,15,1,202,50,1,1,1,1,,0.0,0.0
201300008919,6,5,2013,15,1,202,121,1,1,1,1,,0.0,0.0
201300008920,15,5,2013,11,1,202,50,1,1,1,2,,0.0,0.0
201300008921,24,7,2013,22,5,202,50,1,1,1,7,,0.0,0.0
201300008922,2,8,2013,16,1,202,150,1,1,1,5,,0.0,0.0
201300008923,18,8,2013,10,1,202,49,1,1,1,1,,0.0,0.0
201300008924,11,9,2013,15,1,202,150,1,1,1,1,,0.0,0.0
201300008925,21,9,2013,15,1,202,150,1,1,1,1,,0.0,0.0
201300008926,23,10,2013,16,1,202,50,2,1,1,6,,0.0,0.0
201300008927,18,11,2013,17,3,202,150,1,1,3,3,,0.0,0.0
201300008928,13,3,2013,12,1,202,93,1,1,2,1,,0.0,0.0
201300008929,20,12,2013,17,3,202,93,1,1,1,3,,42.613,8.886
201300008930,15,4,2013,9,1,202,329,1,1,1,7,,0.0,0.0
201300008931,28,4,2013,10,1,202,341,1,1,1,6,,0.0,0.0
201300008932,26,5,2013,18,1,202,96,1,1,1,5,,0.0,0.0
201300008933,14,6,2013,14,1,202,201,1,1,1,3,,0.0,0.0
201300008934,18,8,2013,13,1,202,329,1,1,1,1,,0.0,0.0