Num_Acc,jour,mois,an,hr,condition_eclairage,departement,commune,condition_agglomeration,intersection,condition_atmosphere,type_collision,adresse,lattitude,longitude
201300008935,20,8,2013,13,1,202,201,1,1,1,7,,0.0,0.0
201300008936,27,9,2013,12,1,202,96,1,1,1,2,,0.0,0.0
201300008937,29,9,2013,10,1,202,341,1,1,3,7,,0.0,0.0
201300008938,28,9,2013,18,1,202,96,2,1,1,3,route du Calvaire,0.0,0.0
201300008939,12,10,2013,9,1,202,341,2,1,1,1,RN 193,0.0,0.0
201300008940,1,2,2013,7,1,202,337,1,1,1,1,,0.0,0.0
201300008941,2,4,2013,10,1,202,59,1,1,3,3,,0.0,0.0
201300008942,24,8,2013,3,3,202,79,1,1,1,6,,0.0,0.0
201300008943,22,9,2013,13,1,202,162,1,1,1,6,,0.0,0.0
201300008944,23,9,2013,6,2,202,220,1,1,1,6,,0.0,0.0
201300008945,6,10,2013,17,1,202,289,1,1,1,1,,0.0,0.0
201300008946,18,10,2013,7,2,202,193,1,1,1,6,,0.0,0.0
201300008947,8,10,2013,13,1,202,289,1,1,1,6,,0.0,0.0
201300008948,1,3,2013,7,1,202,123,1,1,2,7,,0.0,0.0
201300008949,4,5,2013,19,2,202,123,1,1,2,6,,0.0,0.0
201300008950,4,6,2013,12,1,202,342,1,1,1,2,,0.0,0.0
201300008951,10,6,2013,2,3,202,123,2,1,1,6,RN198,0.0,0.0
201300008952,27,8,2013,20,2,202,277,1,1,1,3,,0.0,0.0
201300008953,28,8,2013,15,1,202,283,1,1,1,3,,0.0,0.0
201300008954,28,8,2013,16,1,202,123,2,1,1,3,Chemin de Gattone,0.0,0.0
201300008955,4,10,2013,10,1,202,123,1,1,1,3,,0.0,0.0
201300008956,16,12,2013,18,5,202,123,1,1,1,6,,0.0,0.0
201300008957,6,1,2013,22,3,202,143,1,1,1,6,,0.0,0.0
201300008958,3,7,2013,11,1,202,143,1,1,1,2,,0.0,0.0
201300008959,23,7,2013,11,1,202,143,1,1,1,3,,0.0,0.0
201300008960,20,8,2013,17,1,202,9,1,1,1,1,,0.0,0.0
201300008961,14,10,2013,11,1,202,177,1,1,1,1,,0.0,0.0
201300008962,3,11,2013,14,1,202,143,1,1,1,2,,0.0,0.0
201300008963,3,12,2013,17,3,202,9,1,1,1,1,,0.0,0.0
201300008964,21,2,2013,14,1,202,87,1,1,1,1,,0.0,0.0
201300008965,13,4,2013,6,1,202,57,1,1,1,6,,0.0,0.0
201300008966,7,5,2013,8,1,202,307,1,1,1,3,,0.0,0.0
201300008967,20,5,2013,15,1,202,303,1,1,1,3,,0.0,0.0
201300008968,10,9,2013,11,1,202,307,1,1,1,6,,0.0,0.0
201300008969,1,10,2013,15,1,202,303,1,1,1,6,,0.0,0.0
201300008970,13,12,2013,11,1,202,313,1,1,1,3,,0.0,0.0
201300008971,14,5,2013,17,1,202,207,1,1,1,3,,0.0,0.0
201300008972,5,10,2013,14,1,202,343,1,1,1,1,,0.0,0.0
201300008973,19,10,2013,7,1,202,343,1,1,1,6,,0.0,0.0
201300008974,5,12,2013,12,1,202,286,2,1,1,6,,42.488,9.481
201300008975,23,2,2013,18,1,05,23,2,1,1,6,FORGUES (AVENUE DU PROF.,44.90557,6.63033
201300008976,9,3,2013,0,5,05,23,2,6,1,6,ITALIE (ROUTE D'),44.90143,6.6436
201300008977,17,4,2013,10,1,05,23,2,3,1,3,DAUPHINE (AVENUE DU),44.9033,6.63039
201300008978,12,5,2013,9,1,05,23,2,1,1,1,FONTENIL (ROUTE DU),44.90259,6.64949
201300008979,27,5,2013,3,3,05,23,1,1,1,6,IZOARD (AVENUE DU COL D',0.0,0.0
201300008980,8,6,2013,6,1,05,23,2,6,1,6,"1, MONDET (RUE ALFRED)",44.88721,6.63365
201300008981,25,6,2013,16,1,05,23,2,1,1,6,DE GAULLE (AVENUE DU GEN,44.89497,6.6331
201300008982,5,7,2013,9,1,05,23,2,1,7,6,REPUBLIQUE (AVENUE DE LA,44.89668,6.63485
201300008983,11,7,2013,10,1,05,23,2,1,1,2,FONTAINIERS (RUE DES),44.8848,6.62421
201300008984,12,7,2013,11,1,05,23,2,3,1,3,FORGUES (AVENUE DU PROF.,44.90564,6.6295
201300008985,19,7,2013,17,1,05,23,2,4,2,3,SAVOIE (AVENUE DE),44.91666,6.62234
201300008986,22,7,2013,9,1,05,23,2,1,1,4,PETSCHE (AVENUE MAURICE),44.89581,6.63298
201300008987,25,7,2013,21,3,05,23,1,1,1,6,ITALIE (ROUTE D'),44.90789,6.66201
201300008988,13,8,2013,12,1,05,23,2,3,1,3,BARBOT (AVENUE DU GENERA,44.9012,6.63209
201300008989,24,8,2013,15,1,05,23,2,1,2,3,DAUPHINE (AVENUE DU),44.90321,6.6305
201300008990,2,10,2013,10,1,05,23,2,9,1,3,"23, BERMOND GONNET (RUE)",44.89113,6.63138
201300008991,4,10,2013,18,2,05,23,2,1,2,3,DAUPHINE (AVENUE DU),44.90341,6.6299
201300008992,20,12,2013,19,5,05,23,2,3,4,7,PETSCHE (AVE MAURICE),44.89522,6.63085
201300008993,29,12,2013,19,5,05,23,2,1,1,1,REPUBLIQUE (AVENUE DE LA,44.89888,6.64089
201300008994,30,12,2013,5,5,05,23,2,1,1,1,"27, MAISONS BLANCHES (RU",44.88464,6.62891
201300008995,18,12,2013,9,1,05,61,1,1,1,3,CD 900B,44.51002,6.06962
201300008996,9,1,2013,10,1,05,61,2,1,1,6,"6, MANTEYER ( PLACE )",44.55769,6.0776
201300008997,22,1,2013,16,1,05,61,2,1,1,6,EMBRUN ( AVENUE D'),44.5691,6.10187
201300008998,8,2,2013,18,5,05,61,2,1,1,6,GUILLAUME FAREL ( AVENUE,44.55985,6.07534
201300008999,9,2,2013,21,3,05,61,1,1,1,4,RN 85,44.50993,6.04589
201300009000,22,2,2013,12,1,05,61,2,1,1,1,Chemin du Clos de Charen,44.57623,6.06253
201300009001,18,1,2013,10,1,05,61,1,1,1,5,LUYE ( ROUTE DE LA ),0.0,0.0
201300009002,28,3,2013,16,1,05,61,2,1,2,6,GEORGES POUGET ( RUE),44.55803,6.06857
201300009003,8,4,2013,8,1,05,61,2,1,1,2,JEAN JAURES ( AVENUE ),44.54872,6.06712
201300009004,14,4,2013,12,1,05,61,2,6,1,3,FAUVINS ( ROUTE  DES ),44.56392,6.10037
201300009005,20,5,2013,17,1,05,61,1,1,1,3,VEYNES ( ROUTE DE ),44.54857,6.03819
201300009006,27,5,2013,17,1,05,61,1,3,1,3,RN 85,44.58876,6.08119
201300009007,30,5,2013,12,1,05,61,2,1,1,3,ST ARNOUX ( PLACE ),44.55736,6.07717
201300009008,1,6,2013,15,1,05,61,2,1,1,2,JEAN JAURES ( AVENUE ),44.5532,6.07262
201300009009,16,7,2013,8,1,05,61,2,1,1,3,EMBRUN ( AVENUE D'),44.56863,6.10007
201300009010,25,6,2013,15,1,05,61,2,1,1,6,COMMANDANT DUMONT ( AVEN,44.56565,6.08361
201300009011,2,8,2013,16,1,05,61,2,3,1,3,JEAN JAURES ( AVENUE ),44.55351,6.073
201300009012,21,8,2013,17,1,05,61,2,1,1,3,JEAN JAURES ( AVENUE ),44.55295,6.07231
201300009013,28,8,2013,9,1,05,61,2,3,1,6,SOLEIL ( RUE DU ),44.54068,6.05725
201300009014,6,9,2013,6,1,05,61,2,1,1,2,EYSSAGNIERES ( ROUTE DES,44.53803,6.05171
201300009015,19,9,2013,14,1,05,61,2,1,1,6,FRANCOIS MITTERAND (AVEN,44.54279,6.05984
201300009016,22,9,2013,13,1,05,61,2,1,1,6,GEORGES POMPIDOU ( BD),44.55666,6.07978
201300009017,3,10,2013,12,1,05,61,2,3,1,3,COMMANDANT DUMONT ( AVEN,44.56322,6.08389
201300009018,8,10,2013,7,2,05,61,1,1,8,3,RN 85,44.62086,6.08223
201300009019,8,10,2013,17,1,05,61,1,1,1,1,RD944,44.6065,6.11807
201300009020,30,10,2013,12,1,05,61,2,3,1,3,COMMANDANT DUMONT ( AVEN,44.56729,6.08343
201300009021,14,11,2013,17,2,05,61,2,3,1,3,FRANCOIS MITTERAND (AVEN,44.54623,6.06407
201300009022,2,2,2013,18,2,78,255,2,1,1,6,rue des vergers,0.0,0.0
201300009023,11,4,2013,21,3,78,320,1,1,1,1,,0.0,0.0
201300009024,24,4,2013,8,1,78,89,2,1,1,2,avenue Aristide Briand,0.0,0.0
201300009025,7,6,2013,15,1,78,503,2,1,1,3,RD915,0.0,0.0
201300009026,1,8,2013,19,1,78,255,2,1,1,6,Rue des Alpes,0.0,0.0
201300009027,24,9,2013,18,1,78,385,1,1,1,1,,0.0,0.0
201300009028,5,11,2013,18,5,78,107,2,1,2,6,2 ROUTE DE LONGNES,0.0,0.0
201300009029,30,6,2013,15,2,78,107,1,1,1,6,,0.0,0.0
201300009030,6,8,2013,17,1,78,536,1,1,1,3,,0.0,0.0
201300009031,2,11,2013,18,3,78,246,1,2,1,3,,49.037,1.749
201300009032,8,5,2013,12,1,78,206,1,1,1,3,,0.0,0.0
201300009033,11,10,2013,12,1,78,206,1,1,2,3,,0.0,0.0
201300009034,17,1,2013,18,3,78,381,1,1,1,1,,48.799,1.619
201300009035,28,2,2013,17,1,78,310,2,1,1,6,68 rue de Paris,48.798,1.602
201300009036,28,3,2013,8,1,78,310,2,1,1,1,rue Saint-Mathieu,0.0,0.0
201300009037,1,5,2013,6,5,78,310,2,1,1,6,Route d'Anet,48.812,1.591
201300009038,25,5,2013,11,1,78,381,1,1,1,6,,48.796,1.631
201300009039,30,5,2013,21,1,78,171,2,2,8,3,,48.736,1.639
201300009040,10,6,2013,13,1,78,48,1,1,1,4,,48.798,1.649
201300009041,18,6,2013,22,2,78,381,1,1,1,6,,0.0,0.0
201300009042,21,7,2013,3,3,78,263,1,1,1,6,,0.0,0.0
201300009043,24,9,2013,20,2,78,381,1,1,1,6,,48.797,1.634
201300009044,1,10,2013,8,2,78,381,1,1,5,6,,0.0,0.0
201300009045,13,11,2013,9,1,78,310,2,1,1,6,rue de paris,0.0,0.0
201300009046,29,11,2013,0,5,78,171,2,1,5,6,,48.744,1.656
201300009047,7,12,2013,15,1,78,310,2,1,1,1,151 rue clos de l'ecu,48.796,1.606
201300009048,12,12,2013,17,5,78,310,2,6,1,6,,48.799,1.603
201300009049,12,12,2013,19,5,78,381,1,1,9,4,,48.784,1.624
201300009050,13,12,2013,16,1,78,381,1,9,1,6,,0.0,0.0
201300009051,21,6,2013,12,1,78,368,2,1,1,6,1 rue Christian Pouillar,0.0,0.0
201300009052,18,7,2013,12,1,78,380,1,1,1,7,,0.0,0.0
201300009053,3,9,2013,19,1,78,368,1,1,1,2,,0.0,0.0
201300009054,22,9,2013,18,1,78,33,2,1,1,1,RD 191,48.937,1.846
201300009055,1,11,2013,4,3,78,305,1,1,2,7,,0.0,0.0
201300009056,23,7,2013,8,1,78,163,1,1,1,1,,0.0,0.0
201300009057,8,10,2013,6,5,78,591,2,1,2,6,rue de Houdan,0.0,0.0
201300009058,26,5,2013,22,3,78,464,1,1,1,2,,0.0,0.0
201300009059,26,6,2013,11,1,78,557,1,1,1,6,,0.0,0.0
201300009060,25,9,2013,15,1,78,108,1,1,1,3,,0.0,0.0
201300009061,30,9,2013,17,1,78,108,1,1,1,1,,0.0,0.0
201300009062,18,10,2013,9,2,78,209,1,1,5,1,,0.0,0.0
201300009063,24,1,2013,10,1,78,478,1,1,5,1,RN 191,48.46573,1.87593
201300009064,17,2,2013,3,3,78,3,1,1,8,6,RN 10,48.52723,1.83086
201300009065,22,6,2013,20,2,78,164,1,1,1,3,,0.0,0.0
201300009066,5,9,2013,16,1,78,470,1,2,7,3,,48.582,1.8
201300009067,8,10,2013,11,1,78,506,1,1,1,6,,0.0,0.0
201300009068,21,11,2013,5,3,78,3,2,1,2,7,RN191,48.521,1.828
201300009069,9,1,2013,8,2,78,160,1,1,8,6,RD 906,48.68482,2.00416
201300009070,24,1,2013,16,1,78,128,1,2,8,3,,0.0,0.0
201300009071,3,3,2013,16,1,78,128,1,3,1,3,RD 149/RD 906,48.67721,1.98927
201300009072,24,4,2013,17,1,78,128,1,1,1,2,,0.0,0.0
201300009073,2,7,2013,20,1,78,162,2,1,1,7,cd 40 - pk +00.500,0.0,0.0
201300009074,14,7,2013,18,1,78,128,1,1,1,6,,0.0,0.0
201300009075,13,7,2013,19,1,78,30,1,1,1,7,,0.0,0.0
201300009076,9,8,2013,13,1,78,548,1,1,1,6,,0.0,0.0
201300009077,11,9,2013,7,2,78,575,2,1,1,7,RUE DITTE,0.0,0.0
201300009078,15,10,2013,18,2,78,575,2,1,1,5,chemin de coubertin,0.0,0.0
201300009079,19,10,2013,18,1,78,193,1,1,1,7,,48.167,1.567
201300009080,22,2,2013,5,3,78,389,1,1,1,6,,48.805,1.816
201300009081,28,2,2013,19,5,78,50,1,1,1,6,,48.785,1.846
201300009082,12,3,2013,15,1,78,398,2,1,4,5,RD 191,48.74647,1.83188
201300009083,2,4,2013,23,3,78,443,1,1,1,5,,48.837,1.853
201300009084,14,4,2013,17,1,78,389,1,1,1,2,,48.8,1.814
201300009085,19,4,2013,17,1,78,366,1,1,1,6,RN 12,48.79834,1.86006
201300009086,23,11,2013,5,3,78,264,1,1,1,6,,48.763,1.738
201300009087,12,12,2013,9,1,78,653,1,1,1,2,,48.819,1.829
201300009088,23,12,2013,18,5,78,562,2,1,6,6,,48.721,1.769
201300009089,28,2,2013,23,4,78,62,2,1,1,7,route de beynes,0.0,0.0
201300009090,1,11,2013,13,1,78,321,1,1,2,6,,0.0,0.0
201300009091,13,1,2013,14,1,78,404,1,1,8,6,,0.0,0.0
201300009092,15,2,2013,8,1,78,616,1,1,8,6,RD 45,48.87596,1.81151
201300009093,20,4,2013,19,1,78,513,1,1,1,2,,0.0,0.0
201300009094,5,9,2013,15,1,78,262,1,1,1,3,,0.0,0.0
201300009095,24,10,2013,18,2,78,513,2,1,1,6,,0.0,0.0
201300009096,7,11,2013,17,2,78,265,2,9,2,2,parking intermarche,0.0,0.0
201300009097,31,3,2013,0,3,78,87,1,1,1,6,,0.0,0.0
201300009098,10,4,2013,23,3,78,499,1,2,2,3,,0.0,0.0
201300009099,19,6,2013,2,3,78,87,1,1,1,6,,0.0,0.0
201300009100,20,7,2013,19,1,78,537,2,1,1,1,rue du doc Camescasse,0.0,0.0
201300009101,10,7,2013,7,1,91,235,2,1,1,2,Avenue du docteur FICHEZ,48.642,2.362
201300009102,13,10,2013,14,1,91,235,2,1,1,1,AV DE L'HUREPOIX,48.623,2.35
201300009103,5,2,2013,16,1,91,386,2,1,1,6,Avenue de villeroy,48.57,2.428
201300009104,16,5,2013,20,1,91,179,1,1,1,1,N7,48.563,2.499
201300009105,23,7,2013,11,1,91,386,2,6,1,6,avenue Darblay.,0.0,0.0
201300009106,21,9,2013,10,1,91,179,2,1,1,1,rue de MILLY,48.567,2.495
201300009107,24,11,2013,10,1,91,179,2,1,7,2,RN7,48.568,2.49
201300009108,15,3,2013,11,1,91,405,1,1,1,2,D837,0.0,0.0
201300009109,24,4,2013,19,1,91,405,1,2,1,5,D837 / D105,0.0,0.0
201300009110,15,5,2013,7,2,91,599,1,1,1,1,D2,0.0,0.0
201300009111,16,5,2013,12,1,91,405,1,1,1,3,D837,0.0,0.0
201300009112,16,7,2013,17,1,91,405,1,1,1,1,,0.0,0.0
201300009113,8,9,2013,1,3,91,599,1,1,1,1,D948,48.485,2.474
201300009114,14,9,2013,22,3,91,180,1,1,3,2,D372,48.441,2.481
201300009115,21,9,2013,3,4,91,121,2,1,1,6,Route de MAISSE,0.0,0.0
201300009116,10,11,2013,17,5,91,405,2,3,1,1,Rue Langlois,0.0,0.0
201300009117,28,1,2013,8,1,91,130,1,1,9,3,D21,48.43,2.113
201300009118,20,3,2013,7,1,91,200,1,1,1,1,D836,48.506,2.031
201300009119,3,5,2013,18,1,91,200,1,1,1,3,D21,48.428,2.028
201300009120,6,7,2013,13,1,91,200,2,1,1,3,75 avenue de Paris,48.534,2.02
201300009121,29,10,2013,18,5,91,200,2,1,1,6,Boulevard des alliés,48.536,2.01399
201300009122,3,11,2013,8,2,91,547,1,1,1,6,D838,48.432,1.963
201300009123,21,11,2013,15,2,91,130,2,1,8,2,route de boutervilliers,48.437,2.071
201300009124,21,12,2013,20,3,91,393,1,1,1,7,RD 21,48.422,1.999
201300009125,25,1,2013,7,2,91,226,1,1,8,6,N 20,48.483,2.191
201300009126,10,9,2013,8,1,91,330,2,1,1,3,D 449,48.536,2.294
201300009127,18,1,2013,19,3,91,80,1,1,4,1,D 191,48.475,2.287
201300009128,22,3,2013,15,1,91,100,1,1,1,7,,48.43,2.284
201300009129,16,5,2013,16,1,91,232,2,1,1,6,av du général leclerc,0.0,0.0
201300009130,14,10,2013,18,1,91,99,2,1,1,1,PAS LOUP CD105,0.0,0.0
201300009131,28,11,2013,22,5,91,99,2,1,8,6,116 route de LA FERTE AL,48.448,2.363
201300009132,12,1,2013,17,2,91,294,1,1,1,6,N20,0.0,0.0
201300009133,30,1,2013,13,1,91,222,1,1,2,1,D18,48.309,2.123
201300009134,23,2,2013,12,1,91,533,1,1,8,6,,0.0,0.0
201300009135,6,6,2013,17,1,91,79,1,1,1,1,D721,0.0,0.0
201300009136,1,12,2013,8,1,91,544,1,1,1,6,,0.0,0.0
201300009137,3,12,2013,23,5,91,533,2,1,1,3,RUE DES GRAVIERS,48.362,2.125
201300009138,13,12,2013,17,3,91,79,1,1,5,1,D 721,48.388,2.169
201300009139,17,5,2013,15,1,91,546,1,1,1,2,D27,48.573,2.02999
201300009140,17,9,2013,16,1,91,630,1,1,2,1,D132,48.574,2.097
201300009141,31,10,2013,7,2,91,546,2,1,1,1,rue des Maisons Hautes,0.0,0.0
201300009142,7,12,2013,1,5,91,630,2,1,1,6,rue du village face au 7,0.0,0.0
201300009143,22,8,2013,8,1,91,661,1,1,1,6,rue du grand dôme,48.693,2.229
201300009144,30,11,2013,14,1,91,661,2,1,1,3,rue de villiers.,48.703,2.246
201300009145,6,2,2013,15,1,91,292,1,1,1,6,D26,48.573,2.268
201300009146,7,6,2013,11,1,91,115,2,4,1,3,rue de la liberation,0.0,0.0
201300009147,13,6,2013,22,1,91,461,1,1,1,2,,0.0,0.0
201300009148,12,7,2013,19,1,91,115,1,1,7,3,D97,0.0,0.0
201300009149,5,8,2013,15,1,91,292,1,1,1,1,D26,48.573,2.273
201300009150,4,10,2013,19,5,91,207,2,1,1,3,Avenue d'Arpajon,48.586,2.232
201300009151,28,7,2013,6,1,91,579,2,1,1,6,rue de la Libération,0.0,0.0
201300009152,7,10,2013,7,1,91,579,1,1,1,3,D31,0.0,0.0
201300009153,20,10,2013,9,1,91,376,2,6,2,3,Route de Leuville,0.0,0.0
201300009154,8,11,2013,17,1,91,494,2,1,1,6,,0.0,0.0
201300009155,29,12,2013,14,1,91,494,1,1,1,1,D19,0.0,0.0
201300009156,1,1,2013,21,5,91,338,2,1,1,6,3 rue du ruisseau,0.0,0.0
201300009157,11,1,2013,21,2,91,338,1,2,1,3,D988,0.0,0.0
201300009158,5,4,2013,21,1,91,249,2,1,1,1,D988,0.0,0.0
201300009159,6,5,2013,17,1,91,338,1,2,1,3,,0.0,0.0
201300009160,11,5,2013,14,1,91,249,1,1,1,1,D838,48.634,2.067
201300009161,14,5,2013,16,1,91,338,1,2,1,3,D988,0.0,0.0
201300009162,15,6,2013,11,1,91,186,1,1,1,3,D152,48.598,2.153
201300009163,2,7,2013,12,1,91,111,1,1,1,5,RD97,48.625,2.139
201300009164,5,9,2013,21,3,91,186,1,1,1,7,D152,48.609,2.138
201300009165,16,9,2013,7,2,91,338,1,1,8,6,D988,0.0,0.0
201300009166,21,9,2013,19,1,91,338,2,3,1,1,rue Clos des Fontaines,0.0,0.0
201300009167,13,10,2013,8,2,91,243,2,1,5,1,rue du Mont Louvet,48.613,2.167
201300009168,18,10,2013,19,5,91,338,2,1,1,3,CD988 PK 19+720,48.647,2.06599
201300009169,8,11,2013,9,1,91,338,1,2,3,3,,0.0,0.0
201300009170,20,11,2013,6,5,91,338,1,1,1,7,D988,0.0,0.0
201300009171,4,12,2013,14,1,91,111,1,1,1,6,D 97 / rue M. QUINET,48.627,2.125
201300009172,11,12,2013,12,1,91,111,1,1,1,1,D97,0.0,0.0
201300009173,22,12,2013,14,1,91,111,1,1,8,6,RD 131,48.636,2.128
201300009174,25,11,2013,8,1,91,587,2,1,1,3,AVENUE SALVADOR ALLENDE,0.0,0.0
201300009175,25,12,2013,9,1,91,587,1,1,1,6,N20,0.0,0.0
201300009176,14,3,2013,16,1,91,534,1,1,1,6,D60,48.738,2.174
201300009177,22,4,2013,8,1,91,534,1,1,1,1,D36,48.731,2.185
201300009178,27,5,2013,6,1,91,534,1,1,1,3,,48.743,2.186
201300009179,27,9,2013,8,1,91,534,1,6,1,3,D36,48.735,2.163
201300009180,11,2,2013,14,1,91,275,2,1,1,1,91 rue de Chartres,0.0,0.0
201300009181,4,4,2013,22,5,91,272,2,1,2,6,101 avenue du Ge Leclerc,0.0,0.0
201300009182,17,4,2013,10,1,91,538,1,6,1,1,D306,48.717,2.145
201300009183,23,4,2013,12,1,91,538,1,1,8,6,,0.0,0.0
201300009184,26,4,2013,12,1,91,272,2,1,2,7,3 rue joliot Curie,0.0,0.0
201300009185,11,6,2013,13,1,91,275,1,1,8,4,D35,48.678,2.157
201300009186,30,6,2013,18,1,91,560,1,6,1,3,D35,0.0,0.0
201300009187,3,7,2013,10,1,91,679,1,6,1,7,D36,48.733,2.126
201300009188,18,7,2013,8,1,91,272,1,1,1,6,route de belleville,0.0,0.0
201300009189,7,8,2013,8,1,91,560,1,6,3,6,D35,0.0,0.0
201300009190,4,9,2013,17,1,91,272,2,1,7,6,184 AV DU GL LECLERC,0.0,0.0
201300009191,5,9,2013,17,1,91,538,2,1,1,2,rue Francis Perrin,0.0,0.0
201300009192,7,9,2013,9,1,91,679,1,1,1,6,route de chateaufort,48.736,2.1
201300009193,5,9,2013,16,1,91,272,2,6,7,3,place de la convention,0.0,0.0
201300009194,14,9,2013,19,3,91,272,1,1,3,1,D306,0.0,0.0
201300009195,10,10,2013,8,1,91,272,2,1,1,3,41 rue Juliette Adam,0.0,0.0
201300009196,2,12,2013,20,5,91,272,2,1,1,7,route de belle image,0.0,0.0
201300009197,13,1,2013,11,1,95,139,1,1,5,1,RD 14,48.1853,1.7291
201300009198,6,7,2013,22,3,95,12,1,1,1,1,RTE DE LA RAVINE,49.0921,1.6263
201300009199,6,8,2013,6,2,95,139,2,1,1,1,Route nationale,49.1858,1.7279
201300009200,25,8,2013,15,1,95,690,1,1,2,6,RTE DU VEXIN,49.0767,1.8182
201300009201,31,8,2013,15,1,95,656,2,1,1,5,CÔTE DU PAVILLON,49.0637,2.7166
201300009202,10,2,2013,23,3,95,177,1,1,1,3,RD 915,49.1082,2.0325
201300009203,1,12,2013,5,3,95,213,2,1,1,6,RTE DE BEAUVAIS,49.1196,2.0511
201300009204,15,12,2013,5,3,95,213,2,1,2,6,RTE DE BEAUVAIS,49.1197,2.0511
201300009205,29,6,2013,20,1,95,627,2,1,1,7,R VERTE,49.1389,2.1163
201300009206,10,10,2013,16,1,95,308,1,1,2,1,RTE DE LIVILLIERS,49.1056,2.1312
201300009207,28,12,2013,16,1,95,446,1,1,8,7,CHE DE PONTOISE,49.1222,2.1634
201300009208,9,3,2013,8,1,95,592,2,1,1,1,R DES VALLEES,49.0348,1.8648
201300009209,11,4,2013,18,1,95,535,1,1,1,7,RD 81,49.0367,1.97669
201300009210,19,7,2013,4,2,95,348,1,1,1,6,RD 14,49.0749,1.9503
201300009211,17,12,2013,16,1,95,483,1,2,1,3,RD 66*RD51,49.1072,1.9269
201300009212,10,1,2013,16,2,95,199,2,1,8,6,AV RASPAIL,49.0368,2.3407
201300009213,16,2,2013,19,3,95,489,1,1,1,2,RD 301,49.0196,2.3516
201300009214,6,6,2013,22,2,95,199,2,1,1,3,RD 909,49.0371,2.3121
201300009215,28,6,2013,0,5,95,199,2,1,1,6,RUE DE LA CROIX MARTIN,49.0255,2.3304
201300009216,8,10,2013,17,1,95,199,2,1,1,6,AV JEAN JAURES,49.0311,2.3352
201300009217,5,12,2013,20,3,95,489,1,1,1,4,RD 301,49.0205,2.3513
201300009218,8,10,2013,12,1,95,395,1,1,1,1,CHE DE FONTENAY,49.0519,2.4091
201300009219,15,11,2013,16,2,95,205,1,1,2,4,RD 316,49.0216,2.3865
201300009220,4,12,2013,16,1,95,229,2,1,1,6,R DU  VAL D'EZANVILLE,49.0359,2.3459
201300009221,8,11,2013,15,1,95,351,2,1,2,6,AV GENERAL LECLERC,49.0499,2.5033
201300009222,15,1,2013,8,1,77,457,1,1,4,6,,0.0,0.0
201300009223,22,4,2013,21,5,77,455,2,1,1,7,rue de Cordon et Meillan,48.65238,2.69027
201300009224,2,8,2013,3,3,77,253,1,6,1,6,,0.0,0.0
201300009225,4,9,2013,18,1,77,175,1,1,7,3,,0.0,0.0
201300009226,23,1,2013,17,2,77,266,1,1,8,1,,48.445,2.855
201300009227,25,6,2013,19,1,77,34,1,2,1,3,,0.0,0.0
201300009228,4,8,2013,7,2,77,480,1,1,1,1,,0.0,0.0
201300009229,7,3,2013,17,1,77,107,1,1,1,1,,0.0,0.0
201300009230,28,3,2013,9,1,77,145,1,1,1,6,,0.0,0.0
201300009231,16,4,2013,17,1,77,534,1,1,1,7,,0.0,0.0
201300009232,7,7,2013,23,3,77,457,1,1,1,6,,0.0,0.0
201300009233,17,9,2013,9,1,77,493,1,1,1,7,,0.0,0.0
201300009234,26,9,2013,10,1,77,493,2,1,1,6,Rue de la Gare,0.0,0.0
201300009235,17,1,2013,10,1,77,211,1,1,1,7,,48.579,2.964
201300009236,9,2,2013,14,1,77,211,1,1,1,3,,0.0,0.0
201300009237,23,4,2013,4,3,77,195,1,1,1,6,,0.0,0.0
201300009238,10,5,2013,17,1,77,317,2,1,8,1,79 rue Charles de Gaulle,0.0,0.0
201300009239,5,10,2013,5,3,77,10,1,1,9,6,,0.0,0.0
201300009240,9,11,2013,7,2,77,428,1,1,9,6,,48.557,2.915
201300009241,9,1,2013,6,2,77,49,1,2,1,3,,48.916,2.921
201300009242,24,1,2013,6,3,77,130,1,1,5,7,,0.0,0.0
201300009243,10,7,2013,15,1,77,529,1,1,1,1,,0.0,0.0
201300009244,15,7,2013,1,3,77,47,1,1,1,6,,0.0,0.0
201300009245,14,8,2013,8,1,77,225,1,1,1,7,,0.0,0.0
201300009246,16,11,2013,19,3,77,142,1,3,1,3,,48.855,2.936
201300009247,8,12,2013,15,1,77,529,1,1,1,2,,48.846,2.888
201300009248,26,1,2013,16,1,77,512,2,1,4,6,Rue du moulin ? Foulon,0.0,0.0
201300009249,31,1,2013,6,3,77,151,1,1,1,7,,0.0,0.0