Num_Acc,jour,mois,an,hr,condition_eclairage,departement,commune,condition_agglomeration,intersection,condition_atmosphere,type_collision,adresse,lattitude,longitude
201300009250,28,3,2013,23,3,77,406,1,1,1,6,,0.0,0.0
201300009251,16,4,2013,8,1,77,162,1,1,1,3,,0.0,0.0
201300009252,23,7,2013,13,1,77,406,2,1,1,3,D 61,0.0,0.0
201300009253,27,7,2013,15,1,77,247,2,1,1,3,Route de Saint Mars,48.75612,3.34368
201300009254,29,7,2013,0,3,77,162,1,1,1,1,,0.0,0.0
201300009255,26,8,2013,21,3,77,432,1,1,1,2,,0.0,0.0
201300009256,1,9,2013,0,3,77,116,1,1,1,6,,0.0,0.0
201300009257,15,9,2013,5,3,77,385,1,1,2,6,,0.0,0.0
201300009258,23,5,2013,19,1,77,183,2,1,1,6,avenue Franklin Roosevet,0.0,0.0
201300009259,5,7,2013,18,1,77,238,2,1,1,6,RUE DES POMMIERES,48.93956,3.15242
201300009260,21,8,2013,17,1,77,440,1,1,1,1,,0.0,0.0
201300009261,13,9,2013,17,1,77,183,2,1,1,1,rue du guet,48.94563,3.13368
201300009262,30,11,2013,7,1,77,78,1,1,1,2,,0.0,0.0
201300009263,11,1,2013,18,3,77,508,1,1,1,1,,0.0,0.0
201300009264,5,2,2013,17,2,77,91,1,1,1,1,,0.0,0.0
201300009265,25,4,2013,15,1,77,144,1,1,1,5,,0.0,0.0
201300009266,20,6,2013,8,1,77,318,1,1,2,1,,0.0,0.0
201300009267,21,6,2013,16,1,77,318,1,1,1,5,,0.0,0.0
201300009268,5,7,2013,8,1,77,508,1,1,1,1,,0.0,0.0
201300009269,5,9,2013,11,1,77,176,2,7,1,6,Place DE GAULLE,0.0,0.0
201300009270,19,9,2013,12,1,77,508,1,1,1,4,,0.0,0.0
201300009271,17,10,2013,5,2,77,508,1,1,2,3,,48.816,2.84
201300009272,1,12,2013,9,3,77,154,1,1,1,7,,0.0,0.0
201300009273,7,12,2013,6,3,77,508,1,1,2,1,,0.0,0.0
201300009274,3,1,2013,12,1,77,192,1,1,2,3,,0.0,0.0
201300009275,16,3,2013,22,3,77,264,1,1,1,6,,0.0,0.0
201300009276,15,6,2013,20,1,77,192,1,2,1,1,,0.0,0.0
201300009277,27,9,2013,20,5,77,192,2,1,1,3,10 rue victor hugo,48.70902,2.8722
201300009278,3,11,2013,19,3,77,264,1,1,1,6,,48.711,2.971
201300009279,3,8,2013,19,1,77,359,1,1,1,5,,0.0,0.0
201300009280,16,6,2013,6,2,77,41,1,1,1,1,,0.0,0.0
201300009281,27,6,2013,16,1,77,339,2,1,1,6,rue des grande vallée,48.3872,2.49906
201300009282,10,9,2013,18,1,77,339,1,1,1,7,,0.0,0.0
201300009283,16,10,2013,11,1,77,477,1,1,2,7,,48.334,2.587
201300009284,13,11,2013,18,3,77,3,1,1,1,6,,48.313,2.529
201300009285,15,3,2013,19,3,77,102,1,1,1,1,,0.0,0.0
201300009286,1,6,2013,10,1,77,11,1,1,1,6,,0.0,0.0
201300009287,6,8,2013,1,3,77,99,1,1,1,7,,0.0,0.0
201300009288,7,11,2013,18,3,77,102,1,1,2,3,,0.0,0.0
201300009289,28,6,2013,11,1,77,387,1,2,2,3,,0.0,0.0
201300009290,28,10,2013,4,5,77,261,2,1,2,6,50 rue emile bru,48.242,2.906
201300009291,3,11,2013,21,3,77,329,1,2,3,3,,48.262,2.81
201300009292,14,11,2013,20,3,77,531,1,1,8,6,,48.277,2.97
201300009293,14,12,2013,19,3,77,531,1,1,1,1,,48.272,2.967
201300009294,2,1,2013,11,1,77,153,2,1,2,6,rue charles de Gaule,0.0,0.0
201300009295,9,2,2013,4,3,77,392,1,1,4,2,,0.0,0.0
201300009296,29,4,2013,16,1,77,259,2,1,1,6,RUE DU VIVIER,49.05022,2.66454
201300009297,20,5,2013,15,1,77,392,1,1,3,7,,0.0,0.0
201300009298,9,6,2013,19,1,77,420,2,1,2,6,35bis rue Pasteur,0.0,0.0
201300009299,13,6,2013,8,1,77,153,1,1,1,1,,0.0,0.0
201300009300,1,7,2013,0,3,77,153,1,9,1,7,,0.0,0.0
201300009301,24,7,2013,17,1,77,153,2,1,1,6,avenue de la Gare,49.04975,2.69056
201300009302,11,9,2013,8,1,77,322,1,1,2,1,,0.0,0.0
201300009303,1,10,2013,11,1,77,392,1,1,1,2,,49.06,2.711
201300009304,25,11,2013,19,3,77,153,1,2,1,6,,49.059,2.715
201300009305,28,1,2013,17,1,77,5,2,1,1,6,135 RUE DU GENERAL DE GA,0.0,0.0
201300009306,20,2,2013,2,3,77,474,1,3,1,3,,0.0,0.0
201300009307,20,2,2013,8,1,77,5,1,1,1,1,,48.923,2.7
201300009308,17,6,2013,22,5,77,315,2,1,1,3,AVENUE DU MARECHAL FOCH,0.0,0.0
201300009309,29,8,2013,5,3,77,234,1,1,5,6,,0.0,0.0
201300009310,17,12,2013,17,3,77,315,1,1,1,3,,0.0,0.0
201300009311,11,1,2013,7,3,77,483,1,1,8,6,,0.0,0.0
201300009312,17,5,2013,21,3,77,204,2,1,1,7,11 Rue de la foulerie,49.06592,3.15648
201300009313,29,5,2013,23,3,77,367,1,1,2,3,,0.0,0.0
201300009314,29,8,2013,7,2,77,126,1,1,5,6,,49.025,2.974
201300009315,1,9,2013,9,3,77,126,1,1,1,1,,0.0,0.0
201300009316,10,2,2013,15,1,77,380,1,2,2,3,,49.059,2.874
201300009317,30,6,2013,20,1,77,173,2,1,1,6,RUE DU COLONEL DUBUJADOU,0.0,0.0
201300009318,21,11,2013,19,3,77,430,2,9,1,6,rue Louis Bl?riot,49.084,2.756
201300009319,11,1,2013,20,3,77,32,1,3,1,7,,0.0,0.0
201300009320,5,7,2013,12,1,77,416,1,3,7,1,,0.0,0.0
201300009321,18,10,2013,7,3,77,301,1,1,5,1,,0.0,0.0
201300009322,27,11,2013,16,1,77,301,2,1,1,6,Route nationale 04,48.698,3.438
201300009323,5,12,2013,9,1,77,301,1,1,5,1,,48.706,3.454
201300009324,13,12,2013,2,3,77,262,1,1,9,6,,0.0,0.0
201300009325,8,2,2013,17,1,77,524,1,2,3,5,,0.0,0.0
201300009326,21,7,2013,8,1,77,509,1,1,1,6,,0.0,0.0
201300009327,25,7,2013,2,3,77,311,1,1,1,6,,0.0,0.0
201300009328,11,8,2013,13,1,77,19,1,2,1,6,,0.0,0.0
201300009329,13,8,2013,2,3,77,76,1,1,1,6,,0.0,0.0
201300009330,10,12,2013,18,3,77,167,1,1,2,5,,48.432,3.111
201300009331,26,7,2013,15,1,77,327,2,1,1,7,,48.55132,3.00762
201300009332,23,8,2013,13,1,77,383,2,4,1,3,rue des Quatre Saulx,48.54892,3.0642
201300009333,30,12,2013,7,2,77,190,1,1,9,1,,0.0,0.0
201300009334,23,4,2013,22,3,45,59,1,2,1,3,D 2157/RTE HERMITAGE,47.93023,1.74222
201300009335,3,9,2013,17,1,45,8,2,1,1,1,21 MAIL SUD,48.08079,1.87738
201300009336,16,9,2013,15,1,45,46,1,1,2,2,,47.97412,1.78145
201300009337,2,12,2013,7,2,45,46,1,1,5,6,JANVRY,47.98958,1.80512
201300009338,27,12,2013,14,1,45,93,1,1,8,3,,48.03735,1.85336
201300009339,28,12,2013,3,3,45,290,1,1,2,6,,47.85085,2.29462
201300009340,15,1,2013,18,2,45,267,1,1,1,2,LE GRAND ETANG,47.84482,2.31828
201300009341,3,2,2013,3,3,45,290,2,1,1,6,153 GRANDE RUE,47.85544,2.27551
201300009342,5,3,2013,17,1,45,290,1,1,1,5,RTE DE GIEN,47.85304,2.28547
201300009343,27,5,2013,17,1,45,82,2,2,1,4,R ST MARTIAL/BD REPUBLIQ,47.86393,2.22684
201300009344,11,6,2013,2,3,45,316,1,1,1,1,CHICAMOUR,0.0,0.0
201300009345,15,6,2013,2,5,45,290,2,1,1,6,136 GRANDE RUE,47.85587,2.27297
201300009346,26,7,2013,16,1,45,82,1,1,1,5,,47.90691,2.29618
201300009347,26,8,2013,14,1,45,82,1,1,1,6,,47.88963,2.21792
201300009348,20,12,2013,18,3,45,142,1,1,1,5,,47.91603,2.13458
201300009349,17,1,2013,7,2,45,126,2,1,9,6,21 AV D'ORLEANS,47.91347,2.10377
201300009350,27,1,2013,5,5,45,89,2,1,1,6,111 AV DE GIEN,47.89308,2.04896
201300009351,16,3,2013,16,1,45,175,1,1,1,6,LA CHARDONNIERE,47.74337,1.82292
201300009352,18,7,2013,23,3,45,182,1,1,1,6,,47.70161,1.79036
201300009353,13,9,2013,1,5,45,282,2,1,2,6,565 R VERDUN,47.86628,1.83097
201300009354,22,9,2013,12,1,45,204,2,1,1,6,509 R DE NUISANCE,47.83079,1.80527
201300009355,20,10,2013,18,2,45,175,1,1,8,1,,47.78045,1.82151
201300009356,19,12,2013,13,1,45,182,1,1,1,6,,47.68568,1.80064
201300009357,3,4,2013,16,1,45,173,1,2,1,3,D 12/R PATAUDIERE,47.84639,2.13071
201300009358,5,6,2013,11,1,45,272,1,1,1,6,ST BENOIT,47.81804,1.99358
201300009359,18,9,2013,7,2,45,272,2,2,1,3,R GAUTRAY/R GENETS,47.81709,1.95149
201300009360,24,10,2013,14,1,45,193,1,2,1,3,D 921/D 13,47.79945,2.0784
201300009361,7,3,2013,17,1,45,269,2,3,1,3,D 2152/R BRETAGNE,0.0,0.0
201300009362,12,3,2013,12,1,45,203,2,2,1,6,R BASMONT/FOURNEAU,47.83321,1.69872
201300009363,14,4,2013,12,1,45,116,1,1,1,2,,47.83669,1.55069
201300009364,20,4,2013,0,5,45,179,2,1,1,6,57 R TREPINIERE,47.75264,1.66419
201300009365,28,7,2013,4,3,45,203,1,1,1,6,,47.84524,1.72181
201300009366,14,9,2013,23,3,45,317,1,1,2,6,,47.75195,1.58854
201300009367,30,9,2013,17,1,45,179,1,1,1,3,95 RTE DE BLOIS,47.74861,1.66464
201300009368,24,12,2013,20,5,45,203,2,1,3,6,88 RTE ORLEANS,47.83248,1.70428
201300009369,24,1,2013,10,1,45,95,1,1,1,3,,0.0,0.0
201300009370,5,5,2013,12,1,45,195,1,2,1,3,D 2152/D 145/VC ATOUAS,48.10814,2.17379
201300009371,14,6,2013,20,1,45,301,1,1,1,3,,0.0,0.0
201300009372,23,8,2013,11,1,45,174,1,1,7,6,,0.0,0.0
201300009373,9,9,2013,17,1,45,80,1,2,1,1,D 97/D 22,48.23321,2.07673
201300009374,20,10,2013,3,3,45,95,1,1,1,6,,48.03555,2.12078
201300009375,2,4,2013,14,1,45,36,1,6,1,7,,47.76832,2.71769
201300009376,7,4,2013,7,1,45,96,1,1,1,6,,47.79814,2.69159
201300009377,10,6,2013,11,1,45,155,2,2,1,3,R MONTBRICON/AV J.VILLEJ,47.68848,2.63967
201300009378,3,8,2013,13,1,45,254,2,1,1,2,38 RTE DE BOURGES,47.67799,2.62832
201300009379,9,11,2013,9,1,45,155,2,2,7,3,CH ST PIERRE/R FOURCHES,47.69501,2.60865
201300009380,15,11,2013,9,1,45,155,1,1,2,6,PISSERATE,0.0,0.0
201300009381,21,11,2013,10,1,45,96,1,2,2,3,D 44/D 56,47.77177,2.60714
201300009382,30,11,2013,16,1,45,108,1,1,2,6,LA CHEVALOIRE,47.59276,2.49638
201300009383,9,12,2013,8,2,45,108,1,1,9,2,,47.59349,2.50305
201300009384,9,12,2013,16,2,45,155,2,1,7,6,AV MONTOIRES,48.70819,2.63055
201300009385,13,7,2013,19,1,45,87,1,1,1,1,,47.61049,2.73973
201300009386,12,8,2013,10,1,45,60,1,2,1,3,,47.74369,2.73815
201300009387,6,12,2013,15,1,45,29,1,1,1,6,LES HENRIONS,47.52529,2.77259
201300009388,15,12,2013,14,1,45,64,2,1,1,6,20 RTE BLANCAFORT,47.53962,2.65876
201300009389,19,1,2013,11,1,45,340,1,1,8,6,,47.69552,2.28388
201300009390,8,10,2013,20,3,45,297,1,1,1,3,,47.77311,2.35552
201300009391,8,10,2013,18,1,45,51,2,1,1,1,RTE MENNEROY //HT R VEIL,48.81206,2.36865
201300009392,26,11,2013,18,5,45,315,2,2,1,3,R AMPERE/ALBERT COSSONET,0.0,0.0
201300009393,30,11,2013,19,3,45,315,1,1,8,4,LE PORT A CHAMBERT,0.0,0.0
201300009394,10,12,2013,17,1,45,315,2,1,1,6,RTE ORLEANS,0.0,0.0
201300009395,14,12,2013,18,3,45,244,1,1,1,1,,0.0,0.0
201300009396,2,7,2013,16,1,45,31,1,4,1,1,D2160/R POLICETTES,47.99367,2.45415
201300009397,13,7,2013,16,1,45,247,2,1,1,1,741 R PETITE RONCE,48.01783,2.69978
201300009398,11,8,2013,14,1,45,213,1,1,1,1,LA MARTINIERE,47.84505,2.58021
201300009399,13,8,2013,10,1,45,213,1,1,1,7,LA VALLEE,47.84824,2.60719
201300009400,30,9,2013,20,2,45,345,2,3,1,3,GRANDE RUE/CH CAS ROUGE,47.94614,2.68538
201300009401,21,10,2013,15,1,45,187,2,1,1,3,GRANDE RUE,47.88929,2.51349
201300009402,3,12,2013,11,1,45,187,1,1,1,6,RTE GUE EVEQUE,47.87301,2.52516
201300009403,5,12,2013,12,1,45,178,2,1,1,6,RUE DU 24 NOVEMBRE,48.00289,2.53813
201300009404,27,12,2013,13,1,45,187,2,2,1,3,D 961/D 88,47.88789,2.50931
201300009405,11,1,2013,19,3,45,275,1,1,1,6,,47.96586,2.90031
201300009406,13,4,2013,8,1,45,115,1,1,1,6,,48.05154,3.07856
201300009407,27,4,2013,18,1,45,136,1,1,1,7,LES ROGERS,0.0,0.0
201300009408,27,4,2013,15,1,45,201,1,1,1,6,RTE DE PERS,48.10302,2.94126
201300009409,23,5,2013,8,1,45,83,1,1,1,6,,47.93495,2.89767
201300009410,3,7,2013,6,2,45,306,2,1,1,6,24 R DES CORMIERS,48.01651,2.8913
201300009411,19,9,2013,20,2,45,279,1,1,1,3,,47.95487,2.82451
201300009412,21,6,2013,8,1,45,229,1,3,1,3,LES PRASLINS,47.85589,2.74072
201300009413,4,1,2013,21,3,45,156,1,1,2,7,LA VIEILLE POSTE,0.0,0.0
201300009414,24,1,2013,21,5,45,61,1,1,2,6,AV DES ACACIAS,48.04461,2.75336
201300009415,1,2,2013,20,5,45,127,2,1,2,6,RTE DE PARIS,48.14555,2.76394
201300009416,2,4,2013,17,2,45,127,2,2,1,3,D 62/RTE AMBREVILLE,48.13919,2.77906
201300009417,25,6,2013,0,5,45,249,2,1,1,6,380 R STADE,48.03909,2.79589
201300009418,15,7,2013,2,3,45,127,1,1,1,6,BOIS DE THURELLES,48.12652,2.76404
201300009419,28,7,2013,15,1,45,161,1,1,1,1,LE BOIS,48.05793,2.83357
201300009420,1,8,2013,14,1,45,255,1,1,1,3,,48.09417,2.69351
201300009421,23,8,2013,15,1,45,343,1,2,1,3,D 94/D 38,48.03881,2.63656
201300009422,24,8,2013,12,1,45,145,2,4,1,3,BD BRECHE/R ST APOLLINE,48.09,2.79109
201300009423,24,11,2013,6,3,45,222,1,1,1,6,,48.10746,2.76775
201300009424,10,5,2013,16,1,45,139,1,1,1,1,,0.0,0.0
201300009425,29,5,2013,2,3,45,253,1,2,1,2,D 2152/VC 5,48.14529,2.21706
201300009426,29,5,2013,21,2,45,50,1,1,1,7,,0.0,0.0
201300009427,8,11,2013,13,1,45,252,2,1,9,6,FG ORLEANS,0.0,0.0
201300009428,17,1,2013,7,5,45,18,2,2,1,3,D165/RTE GONDREVILLE,48.09401,2.46953
201300009429,29,3,2013,17,1,45,220,1,1,1,2,,0.0,0.0
201300009430,26,5,2013,16,1,45,30,2,1,1,1,RTE DE PITHIVIERS,48.07411,2.42536
201300009431,14,7,2013,6,1,45,176,1,3,1,6,LE PAVE DE MEZIERES,48.04037,2.47489
201300009432,31,7,2013,22,3,45,35,1,1,1,2,,48.05305,2.35563
201300009433,17,8,2013,7,2,45,215,2,2,1,3,D 44/RTE NESPLOY,48.01991,2.39693
201300009434,22,9,2013,13,1,45,258,1,1,1,7,,48.21901,2.45688
201300009435,6,10,2013,14,1,45,21,1,2,1,5,D 950/VC,48.10543,2.40224
201300009436,8,10,2013,7,2,45,233,1,1,1,3,,48.20309,2.42702
201300009437,8,6,2013,9,1,45,310,2,1,1,1,25 ROUTE D' ENZENVILLE,48.30901,2.23217
201300009438,6,9,2013,17,1,45,191,2,1,1,6,R DES COLLEGES,48.29617,2.41165
201300009439,25,10,2013,22,3,45,263,1,1,2,5,,48.33343,2.19326
201300009440,30,4,2013,11,1,18,75,2,1,8,1,24 Grand rue,47.02716,3.03163
201300009441,19,5,2013,2,4,18,240,2,2,1,3,D72/RUE ANCIENNE LIGNE,47.15445,2.91134
201300009442,21,6,2013,19,1,18,139,1,1,1,6,,47.071,3.012
201300009443,28,6,2013,20,1,18,241,1,1,2,6,,0.0,0.0
201300009444,5,4,2013,19,1,18,29,1,1,1,6,,0.0,0.0
201300009445,17,1,2013,10,1,18,252,1,3,1,3,,46.524,2.317
201300009446,18,1,2013,17,3,18,165,1,1,4,6,Les grands coullons,47.356,2.239
201300009447,14,6,2013,19,1,18,210,1,1,1,6,,0.0,0.0
201300009448,15,4,2013,14,1,18,133,1,1,1,7,ROSIERES,46.95431,2.25203
201300009449,12,7,2013,21,2,18,137,1,1,1,6,,46.884,2.128
201300009450,14,1,2013,6,2,28,177,1,1,8,3,,48.43146,1.52892
201300009451,9,3,2013,21,3,28,6,1,3,1,3,,48.43585,1.40644
201300009452,24,5,2013,17,1,28,6,1,2,2,3,,48.458,1.404
201300009453,23,5,2013,14,1,28,358,1,2,1,5,,0.0,0.0
201300009454,26,5,2013,15,1,28,358,2,1,1,3,Avenue de la Gare,48.485,1.522
201300009455,7,6,2013,1,3,28,6,1,1,1,6,,0.0,0.0
201300009456,10,6,2013,19,1,28,388,1,1,1,7,,0.0,0.0
201300009457,7,6,2013,17,1,28,253,1,1,1,7,,0.0,0.0
201300009458,15,6,2013,5,2,28,24,1,1,1,7,,0.0,0.0
201300009459,18,6,2013,18,1,28,269,1,2,1,3,,0.0,0.0
201300009460,30,6,2013,18,1,28,48,1,1,1,6,,0.0,0.0
201300009461,15,7,2013,12,1,28,6,1,1,1,3,,0.0,0.0
201300009462,23,8,2013,11,1,28,388,2,1,1,3,route nationale 10,0.0,0.0
201300009463,9,9,2013,16,1,28,35,1,1,2,1,,0.0,0.0
201300009464,1,10,2013,19,3,28,35,1,1,3,5,,48.396,1.57
201300009465,6,10,2013,20,5,28,6,1,6,1,2,,0.0,0.0
201300009466,12,10,2013,5,5,28,48,2,1,2,6,3 ROUTE NATIONALE 10,0.0,0.0
201300009467,20,10,2013,15,1,28,309,1,1,1,7,,48.36926,1.63188
201300009468,7,10,2013,16,1,28,6,1,3,1,3,,0.0,0.0
201300009469,22,11,2013,17,5,28,122,2,1,1,6,RUE DE CHARTRES,0.0,0.0
201300009470,9,12,2013,14,1,28,388,1,1,1,3,,0.0,0.0
201300009471,13,12,2013,13,1,28,48,1,1,5,4,,0.0,0.0
201300009472,18,12,2013,18,3,28,173,1,1,2,1,,48.445,1.552
201300009473,21,12,2013,5,3,28,358,1,1,1,6,,0.0,0.0
201300009474,6,12,2013,11,1,28,100,1,1,2,1,,0.0,0.0
201300009475,27,7,2013,16,1,28,116,2,1,1,6,Rue de l'?cu,48.44849,1.24166
201300009476,28,9,2013,12,1,28,116,1,1,2,7,,48.46869,1.24157
201300009477,18,4,2013,21,3,28,242,1,1,1,7,,48.29,1.175
201300009478,7,7,2013,20,2,28,398,1,1,1,3,,48.22301,1.06848
201300009479,1,11,2013,17,2,28,424,1,1,3,1,,48.216,1.254
201300009480,27,1,2013,19,3,28,249,1,1,1,6,,48.568,1.593
201300009481,4,5,2013,16,1,28,140,2,1,1,6,rue prieur? saint thomas,0.0,0.0
201300009482,3,6,2013,11,1,28,285,1,1,1,7,,0.0,0.0
201300009483,5,6,2013,19,1,28,208,2,1,1,3,21 GRANDE RUE,0.0,0.0
201300009484,7,6,2013,9,1,28,357,1,1,1,1,,0.0,0.0
201300009485,24,7,2013,14,1,28,168,2,1,1,6,6 Rue Guy Pouill?,48.52382,1.69116
201300009486,8,8,2013,20,1,28,140,1,1,1,2,,48.61339,1.66662
201300009487,1,9,2013,11,1,28,168,1,1,1,1,,0.0,0.0
201300009488,5,9,2013,8,1,28,191,1,1,1,2,,0.0,0.0
201300009489,19,9,2013,16,1,28,208,1,1,1,1,,48.50464,1.75343
201300009490,2,10,2013,12,1,28,23,2,2,1,3,avenue de la gare,0.0,0.0
201300009491,17,10,2013,13,1,28,352,1,1,1,6,,0.0,0.0
201300009492,29,10,2013,19,3,28,73,1,1,1,1,28700,48.49,1.662
201300009493,18,11,2013,7,1,28,361,1,1,1,1,,48.506,1.73
201300009494,16,1,2013,19,3,28,391,1,1,1,2,,0.0,0.0
201300009495,17,1,2013,10,1,28,189,1,1,1,3,,0.0,0.0
201300009496,14,2,2013,14,1,28,258,1,1,1,3,,0.0,0.0
201300009497,15,2,2013,9,1,28,391,1,1,7,3,,0.0,0.0
201300009498,2,4,2013,11,1,28,311,1,1,1,3,,0.0,0.0
201300009499,11,6,2013,13,1,28,313,1,1,1,3,,0.0,0.0
201300009500,24,7,2013,10,1,28,199,2,1,1,7,Rue pierre  marie curie,48.20524,1.87581
201300009501,4,8,2013,15,1,28,304,2,1,1,1,Rue de la Lib?ration,0.0,0.0
201300009502,9,8,2013,14,1,28,164,1,1,1,7,,48.25864,1.83737
201300009503,17,8,2013,16,1,28,391,1,1,1,1,,0.0,0.0
201300009504,18,8,2013,10,1,28,392,1,1,1,3,,0.0,0.0
201300009505,16,8,2013,19,1,28,311,1,4,1,3,,0.0,0.0
201300009506,18,8,2013,22,3,28,284,1,1,2,7,,0.0,0.0
201300009507,27,8,2013,19,1,28,284,1,1,8,3,,0.0,0.0
201300009508,9,9,2013,18,1,28,25,1,1,1,6,,0.0,0.0
201300009509,28,10,2013,6,3,28,304,1,2,3,3,,0.0,0.0
201300009510,24,12,2013,18,2,28,391,1,1,3,1,,0.0,0.0
201300009511,9,1,2013,14,1,28,75,1,1,1,1,,48.058,1.325
201300009512,22,1,2013,5,3,28,211,1,1,1,3,,0.0,0.0
201300009513,1,4,2013,17,1,28,389,1,1,1,5,,48.04,1.351
201300009514,28,4,2013,19,1,28,233,2,1,1,6,30 rue de la gare,48.11,1.34
201300009515,5,7,2013,20,1,28,88,2,1,1,1,boulevard schweitzer,48.08115,1.34901
201300009516,19,7,2013,12,1,28,75,1,1,1,5,,0.0,0.0
201300009517,26,8,2013,8,1,28,334,2,1,1,3,croisement D927/31,0.0,0.0
201300009518,29,11,2013,16,1,28,17,1,1,1,1,,0.0,0.0
201300009519,24,11,2013,6,5,28,340,2,1,1,6,Rue dunoise,0.0,0.0
201300009520,15,1,2013,8,2,28,51,2,1,1,1,rue de la dime,48.1864,1.39918
201300009521,20,1,2013,5,3,28,259,1,1,4,6,,0.0,0.0
201300009522,7,6,2013,18,1,28,51,2,1,1,3,1 rue de chartres,0.0,0.0
201300009523,22,6,2013,7,1,28,51,1,1,1,3,,0.0,0.0
201300009524,29,7,2013,8,1,28,212,1,1,1,6,,48.12985,1.72522
201300009525,27,8,2013,21,3,28,51,1,1,1,2,,0.0,0.0
201300009526,2,11,2013,9,1,28,259,1,1,1,7,,0.0,0.0
201300009527,1,12,2013,15,1,28,57,1,1,1,6,,0.0,0.0
201300009528,13,9,2013,11,1,28,409,1,1,2,6,,48.2528,1.21393
201300009529,15,9,2013,20,2,28,21,1,1,8,7,,48.37149,1.33691
201300009530,30,9,2013,14,1,28,326,1,2,1,3,,48.26861,1.24366
201300009531,16,12,2013,16,1,28,61,2,1,1,6,Avenue du Gal de Gaulle,0.0,0.0
201300009532,30,1,2013,12,1,28,98,1,1,3,7,,0.0,0.0
201300009533,11,2,2013,20,5,28,359,2,1,1,6,16 bis RN 12,0.0,0.0
201300009534,13,2,2013,15,1,28,124,1,1,8,6,,0.0,0.0
201300009535,9,3,2013,7,1,28,267,1,1,1,7,,48.773,1.374
201300009536,24,4,2013,15,1,28,251,1,1,1,6,,0.0,0.0
201300009537,4,5,2013,9,1,28,239,1,1,1,7,,48.68825,1.39027
201300009538,24,5,2013,15,1,28,171,1,2,3,5,,0.0,0.0
201300009539,23,6,2013,17,1,28,348,2,1,1,3,,0.0,0.0
201300009540,6,8,2013,7,1,28,14,1,1,1,6,,48.65568,1.29922
201300009541,24,8,2013,12,1,28,98,1,1,1,3,,48.75099,1.4472
201300009542,9,9,2013,22,3,28,98,1,1,8,3,,0.0,0.0
201300009543,19,9,2013,12,1,28,178,1,2,1,3,,48.74336,1.44673
201300009544,21,9,2013,15,1,28,239,1,1,1,3,,48.67804,1.38312
201300009545,6,12,2013,20,3,28,124,2,1,1,6,,0.0,0.0
201300009546,6,12,2013,17,5,28,348,2,1,1,3,rue de la Baronnie,48.76543,1.19781
201300009547,22,12,2013,22,3,28,405,1,1,2,3,,48.748,1.292
201300009548,31,12,2013,9,1,28,98,1,2,2,3,,48.731,1.443
201300009549,13,2,2013,17,1,28,7,1,1,1,7,,0.0,0.0
201300009550,15,4,2013,17,1,28,64,1,1,1,7,,0.0,0.0
201300009551,9,9,2013,14,1,28,247,1,1,8,6,,0.0,0.0
201300009552,3,2,2013,15,1,28,373,1,1,8,6,,0.0,0.0
201300009553,23,4,2013,16,1,28,373,1,2,1,3,,48.546,1.071
201300009554,19,5,2013,20,2,28,206,1,1,2,7,,48.707,1.159
201300009555,21,5,2013,21,4,28,90,2,1,1,6,D 316.2,48.65029,1.01294
201300009556,20,7,2013,2,3,28,226,1,1,1,1,,0.0,0.0
201300009557,26,2,2013,2,5,28,94,2,1,4,6,49 rue des Graviers,0.0,0.0
201300009558,3,7,2013,14,1,28,374,1,2,1,3,,48.61162,1.43516
201300009559,19,7,2013,16,1,28,279,1,1,1,1,,0.0,0.0
201300009560,29,9,2013,4,3,28,113,2,1,8,6,,48.6561,1.54401
201300009561,30,11,2013,13,1,28,374,1,1,1,3,,48.61,1.423
201300009562,11,2,2013,11,1,28,378,1,1,1,3,,0.0,0.0
201300009563,15,2,2013,18,2,28,63,1,1,1,6,,0.0,0.0
201300009564,14,4,2013,22,3,28,378,1,1,1,6,,48.276,0.854
201300009565,28,4,2013,20,2,28,236,1,1,1,5,,48.354,0.863
201300009566,16,5,2013,19,1,28,27,1,1,2,1,,48.147,0.935
201300009567,4,8,2013,12,1,28,280,1,1,1,1,,0.0,0.0
201300009568,5,8,2013,21,2,28,407,1,1,1,1,,48.26087,0.92977
201300009569,26,10,2013,18,1,28,280,2,1,1,3,111 rue saint hilaire,48.32327,0.82042
201300009570,6,12,2013,10,5,28,280,2,1,1,6,15 rue gouverneur,48.324,0.822
201300009571,12,1,2013,15,1,28,354,2,1,1,7,RUE DU TROCADERO,0.0,0.0
201300009572,12,5,2013,19,1,28,71,1,1,1,7,,0.0,0.0
201300009573,31,7,2013,17,1,28,33,1,2,7,3,,0.0,0.0