Num_Acc,jour,mois,an,hr,condition_eclairage,departement,commune,condition_agglomeration,intersection,condition_atmosphere,type_collision,adresse,lattitude,longitude
201300009574,21,10,2013,13,1,36,56,1,1,1,1,,46.5382,1.756
201300009575,5,1,2013,3,3,36,33,1,1,2,6,"LD ""LES ARDILLETS"".",46.5269,1.50518
201300009576,13,8,2013,13,1,36,177,1,1,1,7,,46.5052,1.36182
201300009577,14,8,2013,14,1,36,81,1,1,1,7,"LIEU DIT ""MALICORNE""",46.509,1.60789
201300009578,13,9,2013,15,1,36,32,2,3,1,3,4 LE MULTON,46.5524,1.55452
201300009579,14,9,2013,10,1,36,70,1,2,2,3,,46.4325,1.567
201300009580,14,9,2013,22,5,36,154,2,2,3,3,RUE LECLERC/RUE METIVIER,46.5825,1.53215
201300009581,25,11,2013,11,1,36,6,2,4,1,3,RUE P BERT/RUE DESCOTTES,46.5869,1.52171
201300009582,13,12,2013,8,1,36,239,1,1,1,1,,46.5625,1.4405
201300009583,1,1,2013,8,3,36,31,1,1,2,7,,46.902,1.38
201300009584,5,1,2013,17,2,36,31,2,1,1,6,RUE DES ECOLES.,46.8872,1.42278
201300009585,1,2,2013,18,5,36,241,2,3,3,3,RUE DU GENERAL DE GAULLE,46.8483,1.53468
201300009586,16,2,2013,0,3,36,86,1,1,5,7,RD 11,47.0473,1.34789
201300009587,17,4,2013,15,1,36,139,1,1,1,6,"LIEU DIT ""LALEUF""",46.7953,1.49675
201300009588,3,5,2013,22,5,36,31,2,4,1,1,,46.8885,1.40896
201300009589,8,7,2013,16,1,36,232,1,1,1,7,,46.8094,1.3653
201300009590,15,7,2013,7,1,36,69,1,1,1,6,,47.0897,1.36061
201300009591,10,8,2013,17,1,36,232,1,1,1,7,,46.812,1.313
201300009592,13,8,2013,17,1,36,123,1,1,1,6,LIEU DIT SUBTRAY,46.8197,1.26124
201300009593,5,9,2013,15,1,36,142,1,2,1,3,,46.7926,1.55377
201300009594,13,9,2013,11,1,36,118,1,1,1,4,,46.7477,1.4102
201300009595,4,10,2013,19,3,36,139,1,1,3,6,,46.7922,1.46908
201300009596,1,2,2013,16,1,36,229,1,8,3,3,,47.1955,1.59685
201300009597,3,2,2013,17,1,36,93,1,1,1,2,,46.9939,1.60129
201300009598,18,2,2013,15,1,36,79,1,2,7,3,,46.9509,1.54944
201300009599,14,3,2013,18,1,36,191,1,1,1,5,"LD ""LE BOIS HOBLEAU""",47.1235,1.75588
201300009600,15,3,2013,20,3,36,79,1,1,1,6,"LIEU DIT ""NERLAC""",46.9494,1.54594
201300009601,14,4,2013,19,1,36,93,2,7,1,7,PARKING DU STADE,46.9757,1.60145
201300009602,24,5,2013,20,1,36,93,1,1,2,2,,46.9541,1.62275
201300009603,23,6,2013,6,2,36,228,1,1,1,6,,47.17,1.58069
201300009604,21,6,2013,19,1,36,228,2,3,2,3,9 RTE CHABRIS/FOUR A PLA,47.1624,1.57174
201300009605,12,7,2013,3,3,36,57,1,1,1,6,,46.8296,1.81174
201300009606,20,8,2013,19,1,36,206,1,1,1,6,,46.9731,1.53723
201300009607,22,8,2013,21,5,36,34,2,1,1,6,48 AVENUE VICTOR HUGO,47.253,1.63886
201300009608,28,8,2013,20,3,36,85,1,1,1,7,,47.0931,1.7433
201300009609,1,9,2013,10,1,36,107,1,1,1,3,,0.0,0.0
201300009610,30,9,2013,3,3,36,247,1,1,2,6,,46.9225,1.63738
201300009611,8,12,2013,18,3,36,26,1,1,1,6,,46.9366,1.7278
201300009612,18,12,2013,12,1,36,228,1,1,1,6,,47.163,1.56939
201300009613,20,12,2013,19,3,36,34,1,1,1,6,,47.2593,1.69099
201300009614,3,6,2013,16,1,36,172,1,1,1,1,,46.6403,1.38178
201300009615,15,6,2013,19,1,36,94,1,1,1,6,"LIEU DIT ""BERNIER""",46.4538,1.19197
201300009616,23,6,2013,16,1,36,18,2,1,8,7,RD 17 LA GRANDE BORNE,46.6475,1.08158
201300009617,24,7,2013,13,1,36,58,1,1,1,6,,46.5858,1.05189
201300009618,24,7,2013,17,1,36,114,1,4,1,2,LIEU-DIT CHARNEUIL,46.5592,1.13075
201300009619,11,9,2013,7,1,36,96,1,1,1,6,,46.7539,1.13355
201300009620,8,10,2013,18,1,36,148,1,1,1,6,,46.5905,1.2728
201300009621,14,11,2013,11,1,36,96,2,1,1,3,LIEU DIT LES DENETS,46.7498,1.13218
201300009622,10,12,2013,11,1,36,18,1,1,7,1,,46.6202,1.06043
201300009623,27,12,2013,11,1,36,18,2,1,1,3,RD 951- RUE DE SAUVIGNY,46.6308,1.06221
201300009624,7,10,2013,1,3,36,109,1,1,1,6,"L D ""LES CHAMPS PEROTS""",46.5652,1.9387
201300009625,25,10,2013,11,1,36,127,1,1,1,1,,46.5918,2.00557
201300009626,10,12,2013,10,1,36,127,1,1,1,6,,46.6141,1.98547
201300009627,10,1,2013,17,2,36,133,1,1,2,6,,0.0,0.0
201300009628,18,2,2013,22,3,36,210,1,1,1,6,"LIEU DIT ""LE PONDERON""",46.5758,1.89849
201300009629,22,3,2013,13,1,36,5,2,2,1,1,"LIEU DIT ""SANGUILLES""",46.7766,1.81477
201300009630,18,4,2013,20,3,36,126,2,1,1,6,LIEU DIT LA FAT,46.4585,1.76
201300009631,29,5,2013,19,1,36,141,2,1,1,7,AVENUE DE VERDUN,0.0,0.0
201300009632,12,7,2013,14,1,36,207,2,4,1,3,,46.4237,1.61289
201300009633,13,7,2013,12,1,36,207,1,1,1,6,,46.4508,1.66079
201300009634,8,8,2013,0,3,36,71,1,1,2,6,,46.7825,1.8021
201300009635,5,9,2013,5,3,36,5,1,1,1,6,,46.6949,1.84256
201300009636,11,9,2013,13,1,36,56,2,2,1,3,RUE CHATEAU/ RUE CROIX,46.5437,1.75068
201300009637,17,9,2013,16,1,36,126,1,1,2,6,LIEU DIT L'AGE D'EN HAUT,46.4938,1.76374
201300009638,4,10,2013,18,1,36,210,1,1,3,1,,46.601,1.89739
201300009639,15,10,2013,11,1,36,120,1,2,2,3,,46.6961,1.88783
201300009640,26,12,2013,7,2,36,9,1,1,1,6,,46.7136,1.71049
201300009641,12,1,2013,22,3,36,21,1,1,2,6,,46.9912,1.96247
201300009642,12,2,2013,8,1,36,128,2,1,1,7,AVENUE LOUIS ARMAND,0.0,0.0
201300009643,4,5,2013,3,5,36,88,2,1,1,6,RUE LA CHAPELLE DU PONT,46.9624,1.99569
201300009644,10,5,2013,18,1,36,88,2,1,1,6,11 RUE MOULIN ST PATERNE,46.9441,1.99225
201300009645,19,5,2013,18,1,36,65,1,1,3,6,,47.0296,2.0257
201300009646,28,8,2013,16,1,36,179,1,2,1,3,,46.9165,1.91543
201300009647,8,10,2013,17,1,36,140,1,1,1,1,,46.9018,1.88074
201300009648,10,12,2013,7,3,36,3,1,1,1,6,,46.7902,1.94248
201300009649,10,12,2013,9,1,36,98,1,1,1,6,,47.0059,1.90179
201300009650,9,1,2013,10,1,37,185,1,1,8,6,,0.0,0.0
201300009651,12,2,2013,8,1,37,3,2,1,1,6,09 quai des violettes,0.0,0.0
201300009652,17,2,2013,4,3,37,163,1,1,5,6,,0.0,0.0
201300009653,17,3,2013,6,3,37,131,1,1,8,6,,0.0,0.0
201300009654,9,4,2013,9,1,37,3,2,2,2,3,CD31/ berthellerie,0.0,0.0
201300009655,9,4,2013,18,1,37,163,1,2,1,3,,0.0,0.0
201300009656,16,4,2013,17,1,37,185,2,1,1,2,RD431  ROUTE DE LA GARE,0.0,0.0
201300009657,1,6,2013,11,1,37,131,2,1,1,1,87 rue de blois,0.0,0.0
201300009658,5,6,2013,20,1,37,185,1,9,1,3,,0.0,0.0
201300009659,7,6,2013,16,1,37,171,1,1,1,4,,0.0,0.0
201300009660,15,9,2013,2,3,37,163,1,1,2,7,,0.0,0.0
201300009661,22,9,2013,11,1,37,131,1,1,1,1,X,0.0,0.0
201300009662,18,10,2013,17,1,37,43,1,1,1,1,,0.0,0.0
201300009663,19,10,2013,12,1,37,131,1,1,1,3,LES  PILLAUDIERES,0.0,0.0
201300009664,13,11,2013,18,3,37,3,1,1,2,1,,0.0,0.0
201300009665,5,12,2013,22,3,37,3,2,1,1,1,D31 PK 27+326,0.0,0.0
201300009666,28,12,2013,16,1,37,185,1,1,1,5,,0.0,0.0
201300009667,20,12,2013,12,1,37,18,1,1,7,1,,0.0,0.0
201300009668,30,1,2013,17,2,37,2,1,1,7,2,,0.0,0.0
201300009669,9,2,2013,7,3,37,251,1,1,9,4,LE FRESNE,0.0,0.0
201300009670,7,8,2013,23,4,37,217,2,1,3,6,D952,0.0,0.0
201300009671,4,9,2013,14,1,37,2,1,1,1,6,,0.0,0.0
201300009672,6,9,2013,1,3,37,81,1,1,1,7,,0.0,0.0
201300009673,22,10,2013,9,1,37,109,2,2,1,3,CHAUSSUMIER/ALFRE MUSSET,0.0,0.0
201300009674,28,12,2013,17,3,37,109,1,1,9,4,,0.0,0.0
201300009675,29,12,2013,10,1,37,237,1,1,1,1,,0.0,0.0
201300009676,30,12,2013,15,1,37,2,1,1,8,1,,0.0,0.0
201300009677,9,1,2013,19,5,37,54,1,1,8,6,,0.0,0.0
201300009678,23,2,2013,21,5,37,245,2,1,1,1,38 Rue Foulques Nera,0.0,0.0
201300009679,16,3,2013,23,5,37,21,2,1,1,6,rue du 11 Novembre,0.0,0.0
201300009680,22,3,2013,15,1,37,170,1,1,1,7,,0.0,0.0
201300009681,12,6,2013,9,1,37,59,1,1,1,6,,0.0,0.0
201300009682,13,7,2013,10,1,37,167,2,1,1,6,CD 766,0.0,0.0
201300009683,12,7,2013,22,3,37,245,1,2,1,3,,0.0,0.0
201300009684,24,8,2013,16,1,37,245,2,1,1,6,RUE FOULQUES NERRA,0.0,0.0
201300009685,25,8,2013,8,1,37,68,1,1,8,7,,0.0,0.0
201300009686,4,9,2013,14,1,37,47,1,2,1,3,,0.0,0.0
201300009687,10,9,2013,15,1,37,21,1,1,1,6,LA BARDE,0.0,0.0
201300009688,13,9,2013,14,1,37,135,1,1,1,7,x,0.0,0.0
201300009689,2,1,2013,14,1,37,270,1,1,1,1,,0.0,0.0
201300009690,29,1,2013,8,1,37,203,2,3,2,3,rue des clouets,0.0,0.0
201300009691,1,2,2013,12,1,37,281,1,1,2,3,,47.408,0.807
201300009692,24,2,2013,18,2,37,203,2,1,1,3,rue du commandant mathie,0.0,0.0
201300009693,1,3,2013,10,1,37,224,1,1,1,3,LES FORESTIERES,0.0,0.0
201300009694,29,3,2013,18,1,37,179,1,1,3,6,,0.0,0.0
201300009695,15,4,2013,20,1,37,194,2,7,1,6,3 rue de la Republique,0.0,0.0
201300009696,30,4,2013,22,3,37,153,1,1,8,6,,0.0,0.0
201300009697,8,5,2013,2,3,37,203,1,1,1,7,,0.0,0.0
201300009698,5,5,2013,20,1,37,224,1,1,1,7,,0.0,0.0
201300009699,14,6,2013,14,1,37,281,1,1,1,2,LA FRIELIERE,0.0,0.0
201300009700,17,7,2013,13,1,37,9,1,1,1,1,transport exceptionnel,0.0,0.0
201300009701,20,7,2013,23,3,37,153,1,1,1,7,,0.0,0.0
201300009702,29,7,2013,17,1,37,281,1,1,1,2,,47.403,0.822
201300009703,16,8,2013,11,1,37,276,1,1,1,1,,0.0,0.0
201300009704,2,9,2013,16,1,37,153,1,1,1,3,,0.0,0.0
201300009705,9,9,2013,19,1,37,153,2,2,1,1,CARREFOUR RD 910/28,0.0,0.0
201300009706,20,9,2013,6,3,37,179,1,1,1,2,,0.0,0.0
201300009707,24,9,2013,15,1,37,224,1,2,1,3,,0.0,0.0
201300009708,6,11,2013,21,3,37,169,1,1,2,6,,0.0,0.0
201300009709,9,1,2013,18,2,37,72,2,1,1,3,rue gambetta,0.0,0.0
201300009710,13,1,2013,17,2,37,74,1,1,1,7,LA GRAVIERE,0.0,0.0
201300009711,23,1,2013,22,5,37,11,2,6,1,7,AVENUE DE LA REPUBLIQUE,0.0,0.0
201300009712,27,2,2013,17,1,37,31,2,1,1,3,rue Picard,0.0,0.0
201300009713,1,4,2013,23,3,37,11,1,2,1,3,,0.0,0.0
201300009714,13,4,2013,9,1,37,120,2,1,8,6,30 rue de la galotiere,0.0,0.0
201300009715,17,4,2013,23,3,37,72,2,1,1,6,rue Diderot,0.0,0.0
201300009716,4,6,2013,3,3,37,72,1,1,1,1,rue pierre galle,0.0,0.0
201300009717,22,6,2013,10,1,37,31,2,1,1,2,,0.0,0.0
201300009718,14,7,2013,20,1,37,72,1,1,1,7,lieudit Parilly,0.0,0.0
201300009719,17,7,2013,16,1,37,72,2,1,1,6,Quai Jeanne d'Arc,0.0,0.0
201300009720,8,8,2013,18,1,37,31,2,1,1,6,07 route de gizeux,0.0,0.0
201300009721,16,8,2013,19,1,37,228,1,1,1,6,,0.0,0.0
201300009722,5,9,2013,15,1,37,118,1,6,1,7,,0.0,0.0
201300009723,21,9,2013,9,1,37,144,1,1,1,6,,0.0,0.0
201300009724,1,10,2013,18,1,37,58,1,1,1,1,,0.0,0.0
201300009725,9,12,2013,8,2,37,58,1,1,5,3,,0.0,0.0
201300009726,26,8,2013,9,1,37,14,1,1,1,1,,0.0,0.0
201300009727,27,9,2013,20,5,37,123,2,1,2,7,PLACE DU 14 JUILLET,0.0,0.0
201300009728,15,11,2013,8,1,37,232,1,1,8,1,,0.0,0.0
201300009729,1,12,2013,17,5,37,205,2,1,1,6,rue sainte anne,0.0,0.0
201300009730,3,2,2013,17,1,37,226,1,1,1,6,,0.0,0.0
201300009731,7,2,2013,10,1,37,119,2,1,7,6,quai de la poissonnerie,0.0,0.0
201300009732,10,4,2013,20,2,37,40,1,1,3,3,,0.0,0.0
201300009733,29,5,2013,20,1,37,125,1,3,1,3,,0.0,0.0
201300009734,1,6,2013,13,1,37,278,1,1,1,6,LES BERGEONS,0.0,0.0
201300009735,15,6,2013,2,3,37,65,2,1,1,6,15 route de tours,0.0,0.0
201300009736,15,7,2013,15,1,37,34,1,1,1,6,,0.0,0.0
201300009737,27,7,2013,18,1,37,178,1,1,1,7,RUE DE LA VIENNE,0.0,0.0
201300009738,15,8,2013,4,3,37,165,1,1,1,6,,0.0,0.0
201300009739,25,8,2013,20,3,37,5,1,1,2,7,,0.0,0.0
201300009740,18,9,2013,12,1,37,226,2,6,8,3,AVENUE DU GL DE GAULLE,0.0,0.0
201300009741,27,11,2013,11,1,37,199,1,1,1,3,,0.0,0.0
201300009742,23,12,2013,11,1,37,212,1,1,1,3,,0.0,0.0
201300009743,9,2,2013,19,3,37,16,1,1,3,4,,0.0,0.0
201300009744,20,3,2013,12,1,37,49,1,1,1,1,,0.0,0.0
201300009745,31,3,2013,17,1,37,132,1,1,1,7,,0.0,0.0
201300009746,15,5,2013,8,1,37,132,1,1,1,3,,0.0,0.0
201300009747,8,6,2013,11,1,37,108,1,9,1,3,,0.0,0.0
201300009748,20,6,2013,17,1,37,192,2,1,1,6,CROISEMENT D17 ET D58,0.0,0.0
201300009749,5,7,2013,21,1,37,111,1,2,1,3,,0.0,0.0
201300009750,10,7,2013,14,1,37,132,1,1,1,5,,0.0,0.0
201300009751,22,8,2013,19,1,37,222,1,1,1,1,,0.0,0.0
201300009752,13,9,2013,16,1,37,132,2,1,1,2,rue de l'Amiral de Point,47.142,1.002
201300009753,20,9,2013,8,1,37,183,2,2,1,1,RD943,0.0,0.0
201300009754,24,11,2013,15,1,37,269,1,1,1,1,NON PRECISEE,0.0,0.0
201300009755,16,2,2013,7,2,37,61,1,1,5,5,,0.0,0.0
201300009756,16,6,2013,6,2,37,113,2,8,1,7,Avenue andre theuriet,0.0,0.0
201300009757,7,4,2013,17,1,37,1,2,1,1,6,3 rue Bellevue,46.946,0.729
201300009758,19,6,2013,18,1,37,98,1,1,1,3,,0.0,0.0
201300009759,16,4,2013,10,1,37,159,2,1,1,6,33 RUE DES GRANGES,0.0,0.0
201300009760,25,6,2013,8,1,37,159,2,1,1,2,28 rue de la foret,0.0,0.0
201300009761,7,7,2013,16,1,37,104,1,1,1,7,,0.0,0.0
201300009762,16,9,2013,17,1,41,32,2,1,1,1,15 RUE DE BAS RIVIERE,47.5585,1.31114
201300009763,29,9,2013,17,1,41,67,1,1,1,3,,47.4986,1.47001
201300009764,1,6,2013,12,1,41,6,1,1,1,7,,47.8953,1.4399
201300009765,1,11,2013,18,4,41,253,2,1,3,6,29 rue du moulin,47.772,1.449
201300009766,4,1,2013,12,1,41,206,1,1,1,1,,47.6431,1.36992
201300009767,7,1,2013,16,1,41,220,1,1,2,2,,0.0,0.0
201300009768,3,3,2013,17,1,41,220,1,1,1,6,,47.6927,1.57042
201300009769,25,4,2013,7,1,41,252,2,1,7,6,RUE LUCIEN MIGNAT,47.6673,1.46204
201300009770,27,4,2013,21,3,41,39,1,1,1,6,,0.0,0.0
201300009771,7,7,2013,10,1,41,136,1,1,7,1,,0.0,0.0
201300009772,21,8,2013,17,1,41,252,1,1,1,7,,47.6865,1.48838
201300009773,4,9,2013,18,1,41,220,1,2,1,1,,47.7351,1.64732
201300009774,5,10,2013,23,5,41,136,2,1,1,6,RD 2152 CROISEMENT RD112,47.7006,1.51027
201300009775,16,10,2013,18,1,41,136,2,1,1,6,ROUTE DE BLOIS,47.699,1.50378
201300009776,6,11,2013,20,3,41,71,1,3,8,3,,0.0,0.0
201300009777,11,11,2013,16,1,41,130,2,1,8,6,D924 PK 25+200,47.7396,1.33402
201300009778,28,11,2013,5,3,41,136,1,1,1,2,,47.7145,1.53153
201300009779,13,1,2013,14,1,41,9,1,1,2,7,,0.0,0.0
201300009780,14,3,2013,16,1,41,167,1,1,1,1,,47.4917,1.19978
201300009781,14,7,2013,1,5,41,137,2,1,1,6,16 ROUTE DE TOURAINE,47.5067,1.122
201300009782,22,8,2013,8,1,41,55,1,1,1,1,,47.5073,1.24398
201300009783,11,9,2013,19,3,41,234,1,1,1,6,,47.5899,1.12893
201300009784,30,10,2013,17,2,41,55,1,3,1,1,,47.5221,1.25342
201300009785,11,11,2013,5,3,41,272,2,1,5,7,RD 752,47.4721,1.12749
201300009786,6,2,2013,7,2,41,106,2,1,7,3,ROUTE DE VIERZON,47.5914,2.02361
201300009787,22,5,2013,16,1,41,296,1,1,8,3,,47.6311,2.04833
201300009788,22,6,2013,14,1,41,232,2,9,1,6,IMPASSE DE LA COTONERIE,0.0,0.0
201300009789,5,9,2013,21,5,41,232,2,1,1,5,AVENUE D ORLEANS,47.4337,2.04956
201300009790,14,10,2013,6,3,41,159,1,1,8,1,,0.0,0.0
201300009791,5,12,2013,7,2,41,46,1,1,1,1,,47.6682,1.91632
201300009792,2,3,2013,12,1,41,242,2,1,1,3,AVENUE DU TPG ALBERT,0.0,0.0
201300009793,6,7,2013,20,1,41,140,1,1,1,6,,47.4346,1.81132
201300009794,6,7,2013,23,3,41,271,1,1,1,6,,47.4805,1.72575
201300009795,24,7,2013,22,3,41,185,1,1,1,1,,47.3747,1.69119
201300009796,20,9,2013,6,2,41,287,1,2,1,2,,47.7443,1.03796
201300009797,5,1,2013,10,1,41,248,1,1,8,7,,48.0626,0.83168
201300009798,23,1,2013,15,1,41,143,2,1,1,3,57 RUE LEROY,47.9826,0.90701
201300009799,16,2,2013,19,3,41,28,2,1,5,1,RD 357,47.893,1.12849
201300009800,17,4,2013,13,1,41,41,1,2,1,3,,47.9835,1.00442
201300009801,29,6,2013,21,2,41,275,1,2,1,3,,47.8922,1.08241
201300009802,24,1,2013,8,1,33,214,1,9,8,1,,0.0,0.0
201300009803,19,7,2013,19,1,33,214,1,1,1,1,,0.0,0.0
201300009804,22,9,2013,19,2,33,503,1,1,1,1,,0.0,0.0
201300009805,19,2,2013,15,1,29,234,1,1,1,3,,47.82954,-3.49722
201300009806,31,3,2013,6,4,29,233,1,1,1,6,IMPASSE DE TRELIVALAIRE,47.86386,-3.56977
201300009807,23,4,2013,9,1,29,2,1,1,1,3,,47.88842,-3.41252
201300009808,19,6,2013,21,1,29,233,2,1,2,6,,47.86957,-3.56124
201300009809,10,7,2013,6,2,29,234,1,1,1,6,,47.8553,-3.48298
201300009810,17,9,2013,14,1,29,297,1,1,2,1,,47.91812,-3.51658
201300009811,24,9,2013,16,1,29,233,2,1,1,7,Route de Lorient,47.86406,-3.5243
201300009812,16,10,2013,14,1,29,230,1,1,8,6,,47.94599,-3.50806
201300009813,29,4,2013,14,1,29,31,1,1,1,3,,47.81401,-3.5621
201300009814,2,5,2013,22,3,29,293,1,1,1,6,,47.81758,-3.82976
201300009815,9,6,2013,0,3,29,300,1,1,1,2,,47.87723,-3.65335
201300009816,30,6,2013,1,3,29,217,1,1,1,6,,47.84869,-3.78675
201300009817,1,9,2013,18,1,29,31,1,1,1,1,,47.78139,-3.5919
201300009818,2,9,2013,7,1,29,293,1,1,1,3,Kereven,47.85338,-3.83081
201300009819,4,9,2013,9,1,29,293,2,1,7,6,rue de Pont Aven,47.85692,-3.78156
201300009820,7,9,2013,18,1,29,236,1,1,7,6,,47.83215,-3.73308
201300009821,20,11,2013,17,2,29,300,1,1,2,2,,47.87752,-3.63951
201300009822,15,3,2013,13,1,29,4,2,1,1,6,PLACE DES FUSILLES,47.93249,-3.69794
201300009823,14,4,2013,6,2,29,269,1,1,1,6,,47.9788,-3.63386
201300009824,26,4,2013,15,1,29,4,1,1,1,1,,47.95959,-3.65307
201300009825,6,5,2013,19,1,29,241,1,1,1,6,,47.95238,-3.86834
201300009826,16,6,2013,20,1,29,4,1,1,1,7,,47.92317,-3.67358
201300009827,27,6,2013,8,1,29,281,2,1,1,1,,48.02304,-3.82837
201300009828,31,8,2013,5,3,29,146,1,1,1,7,,47.90654,-3.85389
201300009829,14,8,2013,19,2,29,274,1,4,7,1,,48.00598,-3.75003
201300009830,20,8,2013,9,1,29,300,1,1,1,1,,47.89421,-3.61795
201300009831,13,10,2013,10,1,29,4,1,1,1,3,,47.93914,-3.7489
201300009832,14,12,2013,19,3,29,49,1,1,8,6,,48.04367,-3.97465
201300009833,22,12,2013,23,4,29,241,2,1,2,6,Rue Saint Eloi,47.95783,-3.84873
201300009834,11,1,2013,23,3,13,88,1,1,1,6,,0.0,0.0
201300009835,26,7,2013,19,1,13,33,1,1,1,3,,43.37832,5.18741
201300009836,10,12,2013,15,1,13,33,1,1,1,3,,0.0,0.0
201300009837,8,1,2013,15,1,95,55,1,1,2,1,C2,49.0854,2.4676
201300009838,18,5,2013,13,1,95,149,2,1,1,6,R DES BRULIS,49.1241,2.4335
201300009839,27,5,2013,17,1,95,149,2,1,1,7,RTE DE BAILLON,49.1293,2.4207
201300009840,14,6,2013,18,1,95,149,2,1,1,6,R DES BRULIS,49.1226,2.4397
201300009841,16,1,2013,12,1,95,116,2,1,1,6,R DE BERNES,49.1576,2.3212
201300009842,4,7,2013,1,3,95,652,1,1,1,7,CHE DES GLAISES,49.1222,2.3848
201300009843,19,7,2013,20,2,95,26,1,6,1,6,RD 922,49.1385,2.3605
201300009844,13,8,2013,18,1,95,116,2,1,1,3,R DE BERNES,49.1568,2.3243
201300009845,31,12,2013,5,3,95,352,1,1,2,6,RD 316,49.1165,2.4292
201300009846,25,3,2013,17,1,33,199,2,1,1,3,All?e Marcel Pagnol,44.636,-1.074
201300009847,3,4,2013,17,1,33,199,2,2,1,3,Route des lacs,0.0,0.0
201300009848,14,6,2013,18,1,33,199,2,1,1,3,59 avenue tassigny,0.0,0.0
201300009849,18,8,2013,9,1,33,199,1,6,1,3,,0.0,0.0
201300009850,3,10,2013,22,5,33,199,2,1,1,2,,44.641,-1.102
201300009851,19,12,2013,18,2,33,199,2,1,2,3,Avenue de C?sar?e,44.636,-1.072
201300009852,26,2,2013,11,1,87,146,1,4,1,1,,0.0,0.0
201300009853,24,3,2013,5,3,87,205,2,1,1,6,Avenue corot,0.0,0.0
201300009854,15,10,2013,17,1,87,169,2,1,2,4,Avenue de Limoges,0.0,0.0
201300009855,3,1,2013,14,1,06,155,2,6,1,2,JUIN AV.MARECHAL,0.0,0.0
201300009856,4,1,2013,10,1,06,4,2,6,1,6,GRASSE RTE DE,0.0,0.0
201300009857,4,1,2013,10,1,06,4,2,1,1,6,"55, CANNES(RN.7) AV.DE",0.0,0.0
201300009858,5,1,2013,19,5,06,4,2,3,1,3,SOLEAU AV.ROBERT,0.0,0.0
201300009859,7,1,2013,17,5,06,4,2,1,1,6,"506, SUQUETTE CH.DE LA",0.0,0.0
201300009860,9,1,2013,15,1,06,4,2,2,1,3,WILSON BD,0.0,0.0
201300009861,11,1,2013,8,1,06,155,2,1,1,6,LIBERTE AV.DE LA,0.0,0.0
201300009862,11,1,2013,18,3,06,4,2,1,1,6,"47, POINCARE BD RAYMOND",0.0,0.0
201300009863,14,1,2013,18,5,06,155,2,1,2,6,BRUSQUETS CH.DES,0.0,0.0
201300009864,15,1,2013,15,1,06,155,2,1,1,6,IMPINIERS TRAV.CH.ET MON,0.0,0.0
201300009865,15,1,2013,18,5,06,155,2,1,1,6,"24, CLEMENCEAU AV.GEORGE",0.0,0.0
201300009866,21,1,2013,7,2,06,4,2,1,1,6,BRIAND AV.ARISTIDE,0.0,0.0
201300009867,21,1,2013,19,5,06,4,1,9,1,2,BIOT (CD.4) RTE DE,0.0,0.0
201300009868,23,1,2013,15,1,06,4,2,1,1,1,"60, JAMES WYLLIE BD",43.56896,7.13087
201300009869,24,1,2013,13,1,06,4,2,1,1,5,BADINE RTE DE LA,0.0,0.0
201300009870,26,1,2013,20,5,06,4,2,1,1,6,"63 bis, ROCHAT AV.PHILIP",0.0,0.0
201300009871,28,1,2013,8,1,06,4,2,1,2,3,"420, NICE(RN.7) AV.ET RT",0.0,0.0
201300009872,28,1,2013,9,1,06,4,2,1,2,4,"420, NICE(RN.7) AV.ET RT",0.0,0.0
201300009873,28,1,2013,15,1,06,4,2,3,1,3,"1, NICE(RN.7) AV.ET RTE",0.0,0.0
201300009874,3,2,2013,12,1,06,155,2,1,1,3,"1458, RN.7",0.0,0.0
201300009875,6,2,2013,22,5,06,4,2,1,1,6,"635, AMES DU PURGATOIRE",0.0,0.0
201300009876,8,2,2013,17,2,06,4,2,1,8,6,"635, QUATRE CHEMINS CH.D",0.0,0.0
201300009877,10,2,2013,9,1,06,155,2,1,1,7,MARTYRS DE LA RESISTANCE,0.0,0.0
201300009878,10,2,2013,15,5,06,155,1,1,1,6,SAINT BERNARD CH.,0.0,0.0
201300009879,13,2,2013,22,4,06,4,2,1,1,6,"17, POINCARE BD RAYMOND",0.0,0.0
201300009880,15,2,2013,13,1,06,155,2,1,1,5,"1, CLEMENCEAU AV.GEORGES",0.0,0.0
201300009881,16,2,2013,2,5,06,4,2,1,1,6,"42, SABLES CH.ET ALLEE",0.0,0.0
201300009882,26,2,2013,17,1,06,4,2,1,1,6,"12, HONORAT RUE ST",0.0,0.0
201300009883,2,3,2013,23,5,06,155,2,1,1,6,"19, MASSIER AV.ET IMP.CL",0.0,0.0
201300009884,13,3,2013,17,1,06,4,1,2,1,3,"2081, RD6007",0.0,0.0
201300009885,13,3,2013,8,1,06,155,1,1,1,3,"1130, RD6007",0.0,0.0
201300009886,20,3,2013,5,5,06,4,2,1,2,6,JAMES WYLLIE BD,0.0,0.0
201300009887,21,3,2013,16,1,06,4,2,1,1,4,NICE(RN.7) AV.ET RTE DE,0.0,0.0
201300009888,21,3,2013,23,5,06,4,2,2,1,3,"19, VAUTRIN BD DU GENERA",0.0,0.0
201300009889,23,3,2013,4,5,06,4,2,1,1,6,"1, PINEDE BD DE LA",0.0,0.0