Num_Acc,jour,mois,an,hr,condition_eclairage,departement,commune,condition_agglomeration,intersection,condition_atmosphere,type_collision,adresse,lattitude,longitude
201300009890,24,3,2013,4,5,06,4,1,1,2,6,RD6098,0.0,0.0
201300009891,25,3,2013,17,1,06,155,2,3,1,1,GAULLE AV.DU GENERAL DE,0.0,0.0
201300009892,25,3,2013,17,1,06,4,2,1,1,3,NICE(RN.7) AV.ET RTE DE,0.0,0.0
201300009893,26,3,2013,9,1,06,4,2,9,2,3,"0, ONZE NOVEMBRE AV.DU",0.0,0.0
201300009894,28,3,2013,19,5,06,155,2,1,2,6,"637, IMPINIERS TRAV.CH.E",0.0,0.0
201300009895,29,3,2013,9,1,06,4,2,1,1,3,JAMES WYLLIE BD,0.0,0.0
201300009896,29,3,2013,13,1,06,155,2,1,1,6,HOPITAL AV.DE,0.0,0.0
201300009897,29,3,2013,14,1,06,155,2,1,1,2,LIBERTE AV.DE LA,0.0,0.0
201300009898,29,3,2013,17,1,06,4,2,1,1,6,"11, BAUDOIN BD EDOUARD",0.0,0.0
201300009899,1,4,2013,15,1,06,155,2,5,8,3,LIBERTE AV.DE LA,0.0,0.0
201300009900,2,4,2013,13,1,06,4,2,3,1,3,CONSTANCE CH.DE LA,0.0,0.0
201300009901,3,4,2013,16,1,06,155,2,1,1,6,"152, LIBERTE AV.DE LA",0.0,0.0
201300009902,5,4,2013,10,1,06,155,2,1,1,6,"16, TAPIS VERT AV.DU",0.0,0.0
201300009903,8,4,2013,16,1,06,4,2,1,2,3,"321, GREC AV.JULES",0.0,0.0
201300009904,12,4,2013,9,1,06,4,2,1,1,3,"277, SAINT JEAN RTE ET C",0.0,0.0
201300009905,13,4,2013,4,5,06,4,1,6,1,6,R.N.98 BORD DE MER SIEST,0.0,0.0
201300009906,13,4,2013,11,1,06,4,2,9,1,3,"42, CHATAIGNIERS AV.DU",0.0,0.0
201300009907,15,4,2013,13,1,06,155,2,1,1,3,IMPINIERS TRAV.CH.ET MON,0.0,0.0
201300009908,15,4,2013,12,1,06,4,1,1,1,1,BIOT (CD.4) RTE DE,0.0,0.0
201300009909,16,4,2013,18,1,06,4,2,1,1,2,RD6007,0.0,0.0
201300009910,17,4,2013,12,1,06,4,2,6,1,3,GRASSE RTE DE,0.0,0.0
201300009911,18,4,2013,12,1,06,4,2,1,1,3,CANNES(RN.7) AV.DE,0.0,0.0
201300009912,18,4,2013,11,1,06,4,2,1,1,3,LITTORAL(BDM APRES BIJOU,0.0,0.0
201300009913,20,4,2013,17,1,06,4,2,1,1,3,"28, POINCARE BD RAYMOND",0.0,0.0
201300009914,21,4,2013,10,1,06,4,2,1,1,3,"38, NICE(RN.7) AV.ET RTE",0.0,0.0
201300009915,22,4,2013,0,5,06,4,2,1,2,1,"85, POINCARE BD RAYMOND",0.0,0.0
201300009916,30,4,2013,7,1,06,4,2,1,2,6,"1260, GREC AV.JULES",0.0,0.0
201300009917,30,4,2013,18,1,06,4,2,1,1,6,GUILLAUMONT BD CHARLES,0.0,0.0
201300009918,30,4,2013,23,5,06,4,2,1,2,6,GRAND CAVALIER AV.DU,0.0,0.0
201300009919,3,5,2013,12,1,06,4,2,3,1,3,NICE(RN.7) AV.ET RTE DE,43.59626,7.12004
201300009920,3,5,2013,15,1,06,4,2,9,1,3,"145, GRASSE RTE DE",0.0,0.0
201300009921,3,5,2013,18,1,06,4,2,1,1,3,"516, NICE(RN.7) AV.ET RT",0.0,0.0
201300009922,5,5,2013,10,1,06,4,2,3,1,3,SAINT MAYMES CH.DE,0.0,0.0
201300009923,6,5,2013,16,1,06,4,2,1,1,3,DEUXIEME AVENUE,0.0,0.0
201300009924,13,5,2013,20,1,06,155,2,1,1,1,"50, LIBERTE AV.DE LA",0.0,0.0
201300009925,15,5,2013,17,1,06,155,2,3,1,4,"198, LIBERTE AV.DE LA",0.0,0.0
201300009926,16,5,2013,15,1,06,4,2,1,1,2,"18, VALMASQUE AV.DE LA",0.0,0.0
201300009927,18,5,2013,19,2,06,4,2,1,3,6,BEAURIVAGE BD ET BD PROL,0.0,0.0
201300009928,19,5,2013,10,1,06,4,2,1,1,2,"31, GUILLAUMONT BD CHARL",0.0,0.0
201300009929,22,5,2013,18,1,06,4,2,4,3,1,"324, GRASSE RTE DE",0.0,0.0
201300009930,24,5,2013,13,1,06,4,2,1,1,3,"321, GREC AV.JULES",0.0,0.0
201300009931,29,5,2013,10,1,06,155,2,1,1,3,"1856, SAINT BERNARD CH.",0.0,0.0
201300009932,12,5,2013,17,1,06,4,1,1,1,5,"650, DELMAS BD PIERRE",0.0,0.0
201300009933,31,5,2013,16,1,06,4,2,1,1,6,VAUTRIN BD DU GENERAL,0.0,0.0
201300009934,2,6,2013,13,1,06,4,2,1,1,3,"63, NICE(RN.7) AV.ET RTE",0.0,0.0
201300009935,2,6,2013,21,5,06,4,1,1,1,2,R.N.98 BORD DE MER SIEST,0.0,0.0
201300009936,5,6,2013,7,1,06,4,2,9,1,3,"2, ROCHAT AV.PHILIPPE",0.0,0.0
201300009937,5,6,2013,13,1,06,4,2,1,1,2,"2203, SAINT CLAUDE CH.DE",0.0,0.0
201300009938,8,6,2013,7,2,06,4,2,2,1,3,SAINT JEAN RTE ET CH.DE,0.0,0.0
201300009939,8,6,2013,12,1,06,4,2,1,1,6,"5, WILSON BD",0.0,0.0
201300009940,8,6,2013,17,1,06,4,2,1,1,3,"63, POINCARE BD RAYMOND",0.0,0.0
201300009941,8,6,2013,21,5,06,4,2,1,1,3,"48, BAUDOIN BD EDOUARD",0.0,0.0
201300009942,10,6,2013,17,1,06,155,2,3,1,2,"95, LIBERTE AV.DE LA",0.0,0.0
201300009943,10,6,2013,23,5,06,155,2,1,1,6,"16, ROUSTAN AV.ET BD DES",0.0,0.0
201300009944,7,6,2013,23,3,06,4,2,2,1,3,VAUTRIN BD DU GENERAL,0.0,0.0
201300009945,18,6,2013,14,1,06,155,2,1,1,2,"1, ROUSTAN AV.ET BD DES",0.0,0.0
201300009946,19,6,2013,7,2,06,4,2,1,1,6,"5, PAUL RUE MARCEL",0.0,0.0
201300009947,19,6,2013,16,1,06,4,2,1,1,2,"129, POINCARE BD RAYMOND",0.0,0.0
201300009948,21,6,2013,8,1,06,4,2,2,1,2,"112, WILSON BD",0.0,0.0
201300009949,21,6,2013,16,1,06,4,2,1,1,3,"1966, SAINT CLAUDE CH.DE",0.0,0.0
201300009950,21,6,2013,14,1,06,155,2,1,1,3,SAINT BERNARD CH.,0.0,0.0
201300009951,21,6,2013,21,5,06,4,2,1,1,3,SAINTE MARGUERITE RUE,0.0,0.0
201300009952,22,6,2013,8,1,06,4,1,1,1,5,RD6098,0.0,0.0
201300009953,22,6,2013,18,1,06,4,2,1,1,3,"873, SAINT JEAN RTE ET C",0.0,0.0
201300009954,25,6,2013,7,1,06,155,2,3,1,5,MASSIER AV.ET IMP.CLEMEN,0.0,0.0
201300009955,26,6,2013,13,1,06,4,2,1,1,7,"55, CANNES(RN.7) AV.DE",0.0,0.0
201300009956,26,6,2013,17,1,06,4,2,3,1,6,"0, MERMOZ AV.",0.0,0.0
201300009957,26,6,2013,18,1,06,4,2,1,1,5,C.D. 35 BIS,0.0,0.0
201300009958,27,6,2013,18,1,06,4,2,2,1,3,"35, REIBAUD AV.",0.0,0.0
201300009959,28,6,2013,10,1,06,4,2,2,1,3,"1, BIOT (CD.4) RTE DE",0.0,0.0
201300009960,29,6,2013,17,1,06,155,2,3,1,2,"222, LIBERTE AV.DE LA",0.0,0.0
201300009961,29,6,2013,23,5,06,4,2,4,1,6,"129, MEILLAND BD FRANCIS",0.0,0.0
201300009962,1,7,2013,8,1,06,4,2,1,1,2,"0, RD6098",0.0,0.0
201300009963,2,7,2013,11,1,06,4,2,1,1,2,"08 bis, ONZE NOVEMBRE AV",0.0,0.0
201300009964,2,7,2013,11,1,06,4,2,1,1,6,"16, FOURNEL BADINE CH.ET",0.0,0.0
201300009965,2,7,2013,14,1,06,4,2,1,1,3,"105, POINCARE BD RAYMOND",0.0,0.0
201300009966,3,7,2013,22,5,06,4,2,2,1,3,"13, VAUTRIN BD DU GENERA",0.0,0.0
201300009967,4,7,2013,15,1,06,155,2,2,1,3,LIBERTE AV.DE LA,0.0,0.0
201300009968,5,7,2013,2,5,06,4,2,1,1,6,"52, BAUDOIN BD EDOUARD",0.0,0.0
201300009969,5,7,2013,15,1,06,4,2,1,1,6,"16, WILSON BD",0.0,0.0
201300009970,6,7,2013,9,1,06,4,2,1,1,3,"148, KENNEDY BD J F",0.0,0.0
201300009971,8,7,2013,8,1,06,4,2,1,1,5,"00, TROIS MOULINS RUE DE",0.0,0.0
201300009972,9,7,2013,6,1,06,4,2,3,1,7,BAINS AV.ET IMP.DES,0.0,0.0
201300009973,12,7,2013,19,1,06,4,2,1,1,3,"2495, SAINT CLAUDE CH.DE",0.0,0.0
201300009974,12,7,2013,20,1,06,155,2,9,1,3,CLEMENCEAU AV.GEORGES,0.0,0.0
201300009975,13,7,2013,14,1,06,4,2,1,1,3,JAMES WYLLIE BD,0.0,0.0
201300009976,13,7,2013,20,2,06,4,2,3,1,3,POINCARE BD RAYMOND.,0.0,0.0
201300009977,15,7,2013,1,5,06,4,2,1,1,3,"1297, NICE(RN.7) AV.ET R",0.0,0.0
201300009978,15,7,2013,8,1,06,4,2,1,1,2,CHANCEL BD,0.0,0.0
201300009979,15,7,2013,14,1,06,4,2,1,1,5,BIOT (CD.4) RTE DE,0.0,0.0
201300009980,16,7,2013,18,1,06,155,2,1,1,6,TAPIS VERT AV.DU,0.0,0.0
201300009981,17,7,2013,15,1,06,4,2,1,1,7,"168, BACON BD DU ET BD G",0.0,0.0
201300009982,17,7,2013,17,1,06,4,2,6,1,3,TROIS MOULINS RUE DES,0.0,0.0
201300009983,16,7,2013,19,1,06,4,2,1,1,6,"11, BAUDOIN BD EDOUARD",0.0,0.0
201300009984,18,7,2013,9,1,06,4,2,3,2,3,", KENNEDY BD J.F.",0.0,0.0
201300009985,18,7,2013,16,1,06,4,2,1,1,3,"0, SAINT JEAN RTE ET CH.",0.0,0.0
201300009986,20,7,2013,2,5,06,4,1,1,1,7,"1965, NICE(RN.7) AV.ET R",0.0,0.0
201300009987,21,7,2013,3,5,06,4,1,1,1,6,MICHARD PELISSIER AV.JEA,0.0,0.0
201300009988,22,7,2013,14,1,06,155,2,1,1,6,"212, LIBERTE AV.DE LA",0.0,0.0
201300009989,29,7,2013,11,1,06,4,2,1,1,2,"1, BIOT (CD.4) RTE DE",0.0,0.0
201300009990,30,7,2013,1,5,06,155,2,1,1,3,"55, LIBERTE AV.DE LA",0.0,0.0
201300009991,2,8,2013,11,1,06,4,2,3,1,2,"34, ROCHAT AV.PHILIPPE",0.0,0.0
201300009992,2,8,2013,15,1,06,155,2,1,1,1,"1330, CANNET CH.DU",0.0,0.0
201300009993,3,8,2013,11,1,06,4,2,1,1,4,"12, CHATAIGNIERS AV.DU",0.0,0.0
201300009994,4,8,2013,13,1,06,155,2,3,1,3,"48, LIBERTE AV.DE LA",0.0,0.0
201300009995,7,8,2013,10,1,06,4,2,1,1,3,NICE(RN.7) AV.ET RTE DE,0.0,0.0
201300009996,3,8,2013,11,1,06,4,2,1,1,6,BRAGUE RTE DE LA,0.0,0.0
201300009997,7,8,2013,22,3,06,155,2,3,1,3,"15, GAULLE AV.DU GENERAL",0.0,0.0
201300009998,8,8,2013,22,5,06,4,2,2,1,6,"15, SADI CARNOT RUE",0.0,0.0
201300009999,8,8,2013,23,5,06,4,2,1,1,3,"809, NICE(RN.7) AV.ET RT",0.0,0.0
201300010000,11,8,2013,12,1,06,155,2,1,1,3,"53, RN.7",0.0,0.0
201300010001,12,8,2013,14,1,06,155,2,1,1,6,"6, ROUSTAN AV.ET BD DES",0.0,0.0
201300010002,12,8,2013,18,1,06,155,1,1,1,5,"1104, SAINT BERNARD CH.",0.0,0.0
201300010003,13,8,2013,12,1,06,4,1,1,1,6,SAINT CLAUDE CH.DE,0.0,0.0
201300010004,14,8,2013,16,1,06,4,2,1,1,3,"15, SOLEAU AV.ROBERT",0.0,0.0
201300010005,15,8,2013,16,1,06,4,2,1,1,6,"35, BRICKA RUE",0.0,0.0
201300010006,20,8,2013,10,1,06,4,2,9,1,3,"000, GALLICE AV.ET PASSA",0.0,0.0
201300010007,21,8,2013,9,1,06,4,2,3,1,3,SABLES CH.ET ALLEE,0.0,0.0
201300010008,21,8,2013,15,1,06,4,2,1,1,2,"57, BEAUVERT CH.ET IMP.D",0.0,0.0
201300010009,21,8,2013,18,1,06,4,2,9,1,1,"11, CHATAIGNIERS AV.DU",0.0,0.0
201300010010,24,8,2013,6,2,06,4,2,1,1,6,"127, GRASSE RTE DE",0.0,0.0
201300010011,25,8,2013,13,1,06,4,2,1,1,6,ONZE NOVEMBRE AV.DU,0.0,0.0
201300010012,26,8,2013,12,1,06,4,2,1,1,6,EUCALYPTUS AV.ET CH.DES,0.0,0.0
201300010013,26,8,2013,19,2,06,155,2,1,1,6,"95, LIBERTE AV.DE LA",0.0,0.0
201300010014,26,8,2013,23,5,06,4,2,1,1,1,"108, POINCARE BD RAYMOND",0.0,0.0
201300010015,27,8,2013,15,1,06,4,2,1,2,3,"236, NICE(RN.7) AV.ET RT",0.0,0.0
201300010016,30,8,2013,10,1,06,4,1,1,1,6,"84, ROCHAT AV.PHILIPPE",0.0,0.0
201300010017,31,8,2013,15,1,06,4,2,1,1,6,RD6098,0.0,0.0
201300010018,31,8,2013,19,2,06,4,2,1,1,2,"630, RABIAC ESTAGNOL CH.",0.0,0.0
201300010019,1,9,2013,15,1,06,4,2,3,1,5,"52, JAMES WYLLIE BD",0.0,0.0
201300010020,1,9,2013,18,1,06,4,1,1,1,3,"000, R.N.98 BORD DE MER",0.0,0.0
201300010021,4,9,2013,10,1,06,4,2,2,1,6,"1, RD6007",0.0,0.0
201300010022,4,9,2013,16,1,06,155,2,1,1,1,"218, LIBERTE AV.DE LA",0.0,0.0
201300010023,5,9,2013,6,1,06,4,2,3,1,6,"7, ROCHAT AV.PHILIPPE",0.0,0.0
201300010024,6,9,2013,16,1,06,4,2,1,1,3,"93, POINCARE BD RAYMOND",0.0,0.0
201300010025,2,9,2013,11,1,06,155,2,1,1,2,"0, JUIN AV.MARECHAL",0.0,0.0
201300010026,8,9,2013,16,1,06,155,2,1,1,3,LIBERTE AV.DE LA,0.0,0.0
201300010027,9,9,2013,2,5,06,155,2,1,1,6,"2040, SAINT BERNARD CH.",0.0,0.0
201300010028,10,9,2013,9,1,06,155,2,1,1,2,ROUVIER BD MAURICE,0.0,0.0
201300010029,13,9,2013,16,1,06,4,2,1,1,2,"701, NICE(RN.7) AV.ET RT",0.0,0.0
201300010030,15,9,2013,17,1,06,155,2,1,1,6,"50, LIBERTE AV.DE LA",0.0,0.0
201300010031,16,9,2013,10,1,06,155,2,1,1,3,"1, CANNES AV.DE",0.0,0.0
201300010032,17,9,2013,10,1,06,155,2,3,1,3,ROUSTAN AV.ET BD DES FRE,0.0,0.0
201300010033,17,9,2013,14,1,06,4,2,1,1,3,"73, POINCARE BD RAYMOND",0.0,0.0
201300010034,19,9,2013,7,1,06,155,2,1,1,6,"202, LIBERTE AV.DE LA",0.0,0.0
201300010035,19,9,2013,10,1,06,4,2,7,1,6,"25, REPUBLIQUE RUE DE LA",0.0,0.0
201300010036,23,9,2013,12,1,06,155,2,2,1,3,"132, LIBERTE AV.DE LA",0.0,0.0
201300010037,23,9,2013,19,5,06,4,2,1,1,3,"55, CANNES(RN.7) AV.DE",0.0,0.0
201300010038,24,9,2013,18,1,06,155,2,1,1,3,ROUSTAN AV.ET BD DES FRE,0.0,0.0
201300010039,25,9,2013,13,1,06,4,2,1,1,3,"128, WILSON BD",0.0,0.0
201300010040,26,9,2013,7,1,06,4,2,1,1,2,"1, ONZE NOVEMBRE AV.DU",0.0,0.0
201300010041,25,9,2013,10,1,06,4,2,1,1,1,"114, POINCARE BD RAYMOND",0.0,0.0
201300010042,26,9,2013,18,1,06,4,2,1,1,6,"., GREC AV.JULES",0.0,0.0
201300010043,27,9,2013,19,5,06,4,2,1,1,6,"67, VAL CLARET BD ET IMP",0.0,0.0
201300010044,29,9,2013,0,5,06,155,2,1,1,2,"55, ROUSTAN AV.ET BD DES",0.0,0.0
201300010045,30,9,2013,14,1,06,4,2,1,1,3,BRIAND AV.ARISTIDE,0.0,0.0
201300010046,1,10,2013,7,1,06,4,2,1,1,3,"28, POINCARE BD RAYMOND",0.0,0.0
201300010047,1,10,2013,19,1,06,4,2,3,1,3,"1, CHANCEL BD",0.0,0.0
201300010048,5,10,2013,19,3,06,4,2,1,1,1,"1202, BRUSQUETS CH.DES M",0.0,0.0
201300010049,7,10,2013,6,5,06,4,2,3,2,1,"23, DUGOMMIER BD",0.0,0.0
201300010050,8,10,2013,6,5,06,155,2,1,1,2,RD6007,0.0,0.0
201300010051,8,10,2013,8,1,06,4,2,1,2,3,GRASSE RTE DE,0.0,0.0
201300010052,8,10,2013,12,1,06,155,2,1,1,1,"1529, GRASSE AV.ET ROUTE",0.0,0.0
201300010053,9,10,2013,9,1,06,4,2,1,1,3,"1, ONZE NOVEMBRE AV.DU",0.0,0.0
201300010054,12,10,2013,4,5,06,4,2,1,1,6,RD6098,0.0,0.0
201300010055,13,10,2013,9,1,06,4,2,1,1,3,ROCHAT AV.PHILIPPE,0.0,0.0
201300010056,13,10,2013,13,1,06,4,2,2,1,3,GAROUPE BD DE LA,0.0,0.0
201300010057,16,10,2013,16,1,06,155,2,1,1,1,"1, GAULLE AV.DU GENERAL",0.0,0.0
201300010058,5,10,2013,21,5,06,155,2,3,1,3,"54, CANNES AV.DE",0.0,0.0
201300010059,17,10,2013,19,5,06,4,2,3,1,3,ROCHAT AV.PHILIPPE,0.0,0.0
201300010060,19,10,2013,19,5,06,4,2,1,1,2,"125, WILSON BD",0.0,0.0
201300010061,24,10,2013,12,1,06,4,2,1,1,7,"113, POINCARE BD RAYMOND",0.0,0.0
201300010062,25,10,2013,7,1,06,155,2,1,1,1,"152, LIBERTE AV.DE LA",0.0,0.0
201300010063,25,10,2013,8,1,06,155,2,1,1,2,"2791, SAINT BERNARD CH.",0.0,0.0
201300010064,26,10,2013,1,5,06,155,2,1,1,1,ROUSTAN AV.ET BD DES FRE,0.0,0.0
201300010065,28,10,2013,10,1,06,4,2,1,1,6,"1, SAINT CLAUDE CH.DE",0.0,0.0
201300010066,29,10,2013,14,1,06,4,2,1,1,6,"61, WILSON BD",0.0,0.0
201300010067,1,11,2013,15,1,06,4,2,1,1,7,"31, NOVEMBRE 11 AVE",0.0,0.0
201300010068,5,11,2013,14,1,06,155,2,1,1,3,"27, PICASSO AV.ET SQUARE",0.0,0.0
201300010069,6,11,2013,10,1,06,155,2,1,1,6,"103, LINTIER CH.ET IMP.",0.0,0.0
201300010070,7,11,2013,10,1,06,155,1,3,1,3,SAINT BERNARD CH.,0.0,0.0
201300010071,10,11,2013,18,5,06,4,2,3,1,3,RABIAC ESTAGNOL CH.DE,0.0,0.0
201300010072,11,11,2013,14,1,06,4,2,1,1,1,SAINT CLAUDE CH.DE,0.0,0.0
201300010073,12,11,2013,18,5,06,4,2,6,1,3,"1, GRASSE RTE DE",0.0,0.0
201300010074,13,11,2013,8,1,06,4,1,1,1,1,"1, TROIS MOULINS RUE DES",0.0,0.0
201300010075,14,11,2013,10,1,06,4,2,1,1,3,"47, ROCHAT AV.PHILIPPE",0.0,0.0
201300010076,17,11,2013,13,1,06,4,2,3,1,1,"1297, NICE(RN.7) AV.ET R",0.0,0.0
201300010077,20,11,2013,7,1,06,4,2,1,1,5,"59, GRASSE RTE DE",0.0,0.0
201300010078,22,11,2013,14,1,06,4,2,1,8,6,"2793, SAINT CLAUDE CH.DE",0.0,0.0
201300010079,25,11,2013,17,5,06,4,2,1,1,6,"1, FOURNEL BADINE CH.ET",0.0,0.0
201300010080,25,11,2013,17,3,06,4,2,1,1,6,"1, SAINT JEAN VIEUX CH.D",0.0,0.0
201300010081,29,11,2013,10,1,06,4,2,1,7,1,COMBES CH.DES,0.0,0.0
201300010082,1,12,2013,15,1,06,4,2,1,1,6,"18, WILSON BD",0.0,0.0
201300010083,4,12,2013,14,1,06,4,2,1,1,5,BORD DE MER RN.98 LA SIE,0.0,0.0
201300010084,5,12,2013,19,3,06,4,2,1,1,3,"100, SAINT JEAN RTE ET C",0.0,0.0
201300010085,6,12,2013,8,1,06,4,2,1,1,6,"14, REPUBLIQUE RUE DE LA",0.0,0.0
201300010086,10,12,2013,15,1,06,4,2,1,9,6,QUATRE CHEMINS CH.DES,0.0,0.0
201300010087,11,12,2013,17,5,06,4,1,6,1,2,EUCALYPTUS AV.ET CH.DES,0.0,0.0
201300010088,11,12,2013,17,5,06,4,2,3,1,6,"670, SAINT CLAUDE CH.DE",0.0,0.0
201300010089,13,12,2013,15,1,06,4,2,1,1,6,ONZE NOVEMBRE AV.DU,0.0,0.0
201300010090,18,12,2013,17,3,06,4,2,1,1,3,BRIAND AV.ARISTIDE,0.0,0.0
201300010091,18,12,2013,13,1,06,4,2,6,1,3,"1, QUATRE CHEMINS CH.DES",0.0,0.0
201300010092,22,12,2013,17,5,06,155,2,1,1,3,"28, LIBERTE AV.DE LA",0.0,0.0
201300010093,29,12,2013,11,1,06,4,2,1,1,6,JAMES WYLLIE BD,0.0,0.0
201300010094,1,1,2013,13,1,06,27,2,3,1,3,NICE AVENUE DE (RN7),0.0,0.0
201300010095,5,1,2013,13,1,06,123,2,1,1,3,BORD DE MER RN 98,0.0,0.0
201300010096,9,1,2013,10,1,06,27,2,1,1,2,"34, RENOIR AVENUE AUGUST",0.0,0.0
201300010097,10,1,2013,10,1,06,27,2,3,1,5,CANNES AVENUE DE (RN7),0.0,0.0
201300010098,11,1,2013,19,1,06,27,2,1,1,3,"120, ALPES AVENUE DES",0.0,0.0
201300010099,15,1,2013,12,1,06,123,2,1,1,3,"850, CURIE PIERRE ET MAR",0.0,0.0
201300010100,18,1,2013,8,1,06,27,2,4,1,3,BONAPARTE RUE,0.0,0.0
201300010101,18,1,2013,19,5,06,123,2,1,1,6,DONADEI EUGENE AVENUE,0.0,0.0
201300010102,22,1,2013,14,1,06,27,2,1,1,1,"30, FAUVETTES AVENUE DES",0.0,0.0
201300010103,22,1,2013,17,5,06,27,2,3,1,3,VENCE ROUTE DE,0.0,0.0
201300010104,22,1,2013,18,5,06,27,2,3,1,3,NICE AVENUE DE (RN7),0.0,0.0
201300010105,23,1,2013,8,1,06,27,2,1,2,5,"0, BESSET AVENUE CYRILLE",0.0,0.0
201300010106,24,1,2013,7,1,06,123,2,1,1,6,"177, PAGNOL MARCEL BOULE",0.0,0.0
201300010107,2,2,2013,15,1,06,27,2,2,1,6,BIR HAKEIM RUE,0.0,0.0
201300010108,5,2,2013,12,1,06,27,2,1,1,3,"132, NICE AVENUE DE (RN7",0.0,0.0
201300010109,8,2,2013,19,5,06,27,1,3,1,3,NICE AVENUE DE (RN7),0.0,0.0
201300010110,10,2,2013,10,1,06,27,2,1,1,2,"112, PLAGE BOULEVARD DE",0.0,0.0
201300010111,11,2,2013,7,2,06,123,2,1,3,6,"99, ST EXUPERY AVENUE",0.0,0.0
201300010112,13,2,2013,10,1,06,123,2,1,1,3,"233, ISCLES CHEMIN DES",0.0,0.0
201300010113,19,2,2013,20,5,06,123,2,1,1,3,DONADEI EUGENE AVENUE,0.0,0.0
201300010114,28,2,2013,10,1,06,123,2,1,1,6,"29, ANCIEN PONT RUE DE L",0.0,0.0
201300010115,5,3,2013,17,2,06,27,2,1,2,2,"27, VALLIERES CHEMIN DES",0.0,0.0
201300010116,6,3,2013,8,1,06,123,2,1,3,2,BORD DE MER RN 98,0.0,0.0
201300010117,6,3,2013,19,4,06,27,2,1,1,6,ZIEM AVENUE,0.0,0.0
201300010118,10,3,2013,12,1,06,123,2,1,1,6,POMPIDOU GEORGES BOULEVA,0.0,0.0
201300010119,10,3,2013,14,1,06,27,2,1,1,3,"51, GRASSE AVENUE DE",0.0,0.0
201300010120,12,3,2013,7,1,06,27,2,1,1,3,BESSET AVENUE CYRILLE,0.0,0.0
201300010121,12,3,2013,12,1,06,27,2,1,1,3,"35, GRASSE AVENUE DE",0.0,0.0
201300010122,11,3,2013,8,1,06,27,2,1,1,2,MOZART ALLEE,0.0,0.0
201300010123,12,3,2013,16,1,06,123,2,1,1,3,"1069, CURIE PIERRE ET MA",0.0,0.0
201300010124,16,3,2013,11,1,06,27,2,1,1,6,"101, BESSET AVENUE CYRIL",0.0,0.0
201300010125,18,3,2013,23,5,06,123,2,1,1,2,GARE ROUTE DE LA,0.0,0.0
201300010126,21,3,2013,14,1,06,27,2,1,1,2,CANNES AVENUE DE (RN7),0.0,0.0
201300010127,21,3,2013,19,2,06,27,2,2,1,3,NICE AVENUE DE (RN7),0.0,0.0
201300010128,22,3,2013,14,1,06,123,2,1,1,3,POMPIDOU GEORGES BOULEVA,0.0,0.0
201300010129,29,3,2013,16,1,06,27,2,1,1,2,"99, PLAGE BOULEVARD DE L",0.0,0.0
201300010130,29,3,2013,17,1,06,27,2,1,1,6,"34, JUIN BOULEVARD MAREC",0.0,0.0
201300010131,3,4,2013,14,1,06,27,2,2,1,3,CANNES AVENUE DE (RN7),0.0,0.0
201300010132,4,4,2013,19,2,06,123,2,1,3,2,"781, PLANTIERS AVENUE DE",0.0,0.0
201300010133,5,4,2013,16,1,06,123,2,1,1,3,POMPIDOU GEORGES BOULEVA,0.0,0.0
201300010134,12,4,2013,18,1,06,123,2,3,1,1,ISCLES CHEMIN DES,0.0,0.0
201300010135,12,4,2013,18,1,06,123,2,1,1,2,JEANNE D'ARC AVENUE,0.0,0.0
201300010136,16,4,2013,19,1,06,27,2,6,1,7,BOUALAM ROND POINT BACHA,0.0,0.0
201300010137,17,4,2013,22,5,06,123,2,3,1,3,BORD DE MER RN 98,0.0,0.0
201300010138,22,4,2013,17,1,06,27,2,1,1,2,KENNEDY BOULEVARD J.F.,0.0,0.0
201300010139,26,4,2013,17,1,06,27,2,1,1,3,"96, GAUDE AVENUE DE LA",0.0,0.0
201300010140,4,5,2013,17,1,06,123,2,1,1,3,GARE ROUTE DE LA,0.0,0.0
201300010141,10,5,2013,16,1,06,27,2,1,1,4,GRASSE AVENUE DE,0.0,0.0
201300010142,10,5,2013,16,1,06,27,1,1,1,1,GRASSE AVENUE DE,0.0,0.0
201300010143,15,5,2013,18,1,06,27,2,1,1,3,"39, GRASSE AVENUE DE",0.0,0.0
201300010144,17,5,2013,20,4,06,27,2,2,1,3,NICE AVENUE DE (RN7),0.0,0.0
201300010145,21,5,2013,19,1,06,27,2,1,1,3,CANNES AVENUE DE (RN7),0.0,0.0
201300010146,27,5,2013,15,1,06,27,2,1,1,3,GARE AVENUE DE LA,0.0,0.0
201300010147,28,5,2013,16,1,06,123,2,1,1,6,POMPIDOU GEORGES BOULEVA,0.0,0.0
201300010148,30,5,2013,12,1,06,27,2,1,1,3,"55, VAL FLEURI CHEMIN DU",0.0,0.0
201300010149,4,6,2013,23,5,06,27,2,1,1,3,NICE AVENUE DE (RN7),0.0,0.0
201300010150,9,6,2013,15,1,06,27,2,1,3,4,"132/136, NICE AVENUE DE",0.0,0.0
201300010151,2,1,2013,17,3,06,123,1,1,1,6,RN202BIS,0.0,0.0
201300010152,11,6,2013,15,1,06,27,2,1,1,3,"1, PLAGE BOULEVARD DE LA",0.0,0.0
201300010153,14,6,2013,13,1,06,27,2,1,1,1,PROMENADE DE L HIPPODROM,0.0,0.0
201300010154,16,6,2013,8,1,06,27,2,1,1,2,PLAGE BOULEVARD DE LA,0.0,0.0
201300010155,17,6,2013,8,1,06,27,2,3,1,7,ESPARTES CHEMIN DES,0.0,0.0
201300010156,19,6,2013,13,1,06,27,2,1,1,6,"2, MARTIN RUE DU CHEVALI",0.0,0.0
201300010157,23,6,2013,22,5,06,27,2,3,1,3,GARE AVENUE DE LA,0.0,0.0
201300010158,25,6,2013,10,1,06,27,2,1,1,3,"73, BESSET AVENUE CYRILL",0.0,0.0
201300010159,26,6,2013,18,1,06,123,2,3,1,3,ARTS GRAPHIQUES ALLEE DE,0.0,0.0
201300010160,27,6,2013,17,1,06,27,2,1,1,3,BONAPARTE RUE,0.0,0.0
201300010161,28,6,2013,8,1,06,27,2,3,1,3,NICE AVENUE DE (RN7),0.0,0.0
201300010162,28,6,2013,14,1,06,27,2,3,1,3,JUIN BOULEVARD MARECHAL,0.0,0.0
201300010163,29,6,2013,20,1,06,27,2,1,1,3,"103, PLAGE BOULEVARD DE",0.0,0.0
201300010164,4,7,2013,11,1,06,27,2,1,1,6,"7, JUIN BOULEVARD MARECH",0.0,0.0
201300010165,4,7,2013,15,1,06,27,2,3,1,3,PLAGE BOULEVARD DE LA,0.0,0.0
201300010166,11,7,2013,22,5,06,27,2,1,1,3,"36, VAL FLEURI CHEMIN DU",0.0,0.0