Num_Acc,jour,mois,an,hr,condition_eclairage,departement,commune,condition_agglomeration,intersection,condition_atmosphere,type_collision,adresse,lattitude,longitude
201300010167,13,7,2013,19,1,06,27,2,1,1,3,"36, ALPES AVENUE DES",0.0,0.0
201300010168,13,7,2013,12,1,06,27,2,3,1,3,PLAGE BOULEVARD DE LA,0.0,0.0
201300010169,15,7,2013,20,2,06,123,2,1,1,3,BORD DE MER RN 98,0.0,0.0
201300010170,15,7,2013,18,2,06,123,2,1,1,6,SAUVAIGO PIERRE AVENUE,0.0,0.0
201300010171,17,7,2013,9,1,06,123,2,2,1,3,SANTONNIERS ALLEE DES,0.0,0.0
201300010172,17,7,2013,11,1,06,27,2,1,1,3,PROMENADE DE L HIPPODROM,0.0,0.0
201300010173,19,7,2013,11,1,06,27,2,1,1,3,"0, NICE AVENUE DE (RN7)",0.0,0.0
201300010174,19,7,2013,14,1,06,27,2,1,1,1,GRASSE AVENUE DE,0.0,0.0
201300010175,22,7,2013,13,1,06,27,2,1,1,2,GRASSE AVENUE DE,0.0,0.0
201300010176,24,7,2013,13,1,06,123,2,6,1,3,MAICON PROMENADE,0.0,0.0
201300010177,25,7,2013,7,1,06,27,2,3,1,3,DONAT AVENUE DOCTEUR MAU,0.0,0.0
201300010178,25,7,2013,8,1,06,27,2,1,1,3,"53, TUILIERES AVENUE DES",0.0,0.0
201300010179,27,7,2013,11,1,06,123,2,1,1,3,"760, VESPINS ROUTE DES",0.0,0.0
201300010180,29,7,2013,9,1,06,123,2,1,1,2,"12, VESPINS ROUTE DES",0.0,0.0
201300010181,30,7,2013,11,1,06,27,2,2,1,2,GARE AVENUE DE LA,0.0,0.0
201300010182,31,7,2013,8,1,06,123,2,1,1,2,"564, DE GAULLE GENERAL A",0.0,0.0
201300010183,31,7,2013,13,1,06,27,2,1,1,3,"96, NICE AVENUE DE (RN7)",0.0,0.0
201300010184,1,8,2013,12,1,06,123,2,1,1,3,"1573, ISCLES CHEMIN DES",0.0,0.0
201300010185,1,8,2013,17,1,06,27,2,1,1,2,CHEIRON AVENUE DU,0.0,0.0
201300010186,1,8,2013,20,1,06,27,2,3,1,3,NICE AVENUE DE (RN7),0.0,0.0
201300010187,3,8,2013,4,5,06,27,2,1,1,7,DRAKKAR ROND POINT,0.0,0.0
201300010188,3,8,2013,13,1,06,123,2,1,1,2,MOSCHETTI RUE,0.0,0.0
201300010189,9,8,2013,8,1,06,123,2,1,1,3,"280, VAUBAN AVENUE",0.0,0.0
201300010190,9,8,2013,11,1,06,27,2,1,1,3,"59, BESSET AVENUE CYRILL",0.0,0.0
201300010191,9,8,2013,17,1,06,27,2,1,1,2,CANNES AVENUE DE (RN7),0.0,0.0
201300010192,12,8,2013,13,1,06,27,2,1,1,2,JUIN BOULEVARD MARECHAL,0.0,0.0
201300010193,12,8,2013,18,1,06,27,2,2,1,3,JUIN BOULEVARD MARECHAL,0.0,0.0
201300010194,18,8,2013,22,5,06,27,2,1,1,2,RENOIR AVENUE AUGUSTE,0.0,0.0
201300010195,19,8,2013,19,1,06,123,2,1,1,3,ESPLANADE DU LEVANT,0.0,0.0
201300010196,19,8,2013,16,1,06,123,2,1,1,6,"4412, ST JEANNET ROUTE D",0.0,0.0
201300010197,19,8,2013,17,1,06,27,2,1,1,3,PLAGE BOULEVARD DE LA,0.0,0.0
201300010198,21,8,2013,9,1,06,123,2,3,1,3,AMADIEU AVENUE PIERRE,0.0,0.0
201300010199,21,8,2013,12,1,06,27,2,4,1,3,NICE AVENUE DE (RN7),0.0,0.0
201300010200,21,8,2013,19,1,06,27,2,2,1,3,BOUCHER RUE HELENE,0.0,0.0
201300010201,24,8,2013,19,1,06,123,2,1,2,7,DE GAULLE GENERAL AVENUE,0.0,0.0
201300010202,25,8,2013,21,5,06,123,2,1,1,2,VESPINS ROUTE DES,0.0,0.0
201300010203,26,8,2013,8,1,06,123,2,3,1,3,CURIE PIERRE ET MARIE AV,0.0,0.0
201300010204,30,8,2013,18,1,06,27,2,3,1,3,GARE AVENUE DE LA,0.0,0.0
201300010205,30,8,2013,9,1,06,123,2,3,1,3,VESPINS ROUTE DES,0.0,0.0
201300010206,1,9,2013,13,1,06,123,2,1,1,3,PUGETS ROUTE DES,0.0,0.0
201300010207,1,9,2013,14,1,06,27,2,1,1,3,"5, NICE AVENUE DE (RN7)",0.0,0.0
201300010208,1,9,2013,20,2,06,27,2,2,1,3,ROSERAIE AVENUE DE LA,0.0,0.0
201300010209,3,9,2013,9,1,06,27,2,1,1,6,"0, HOTEL DES POSTES AVEN",0.0,0.0
201300010210,4,9,2013,8,1,06,27,2,1,1,6,"6, JUIN BOULEVARD MARECH",0.0,0.0
201300010211,6,9,2013,11,1,06,27,2,1,1,3,CANNES AVENUE DE (RN7),0.0,0.0
201300010212,6,9,2013,15,1,06,27,2,1,1,6,"44, JUIN BOULEVARD MAREC",0.0,0.0
201300010213,10,9,2013,10,1,06,27,2,1,1,6,"19, PASQUALINI RUE J.P.",0.0,0.0
201300010214,11,9,2013,18,1,06,123,2,3,1,3,"930, DE GAULLE GENERAL A",0.0,0.0
201300010215,11,9,2013,19,1,06,27,2,3,1,3,NICE AVENUE DE (RN7),0.0,0.0
201300010216,11,9,2013,19,1,06,27,2,1,1,2,NICE AVENUE DE (RN7),0.0,0.0
201300010217,17,9,2013,12,1,06,27,2,1,1,2,"111, PLAGE BOULEVARD DE",0.0,0.0
201300010218,20,9,2013,11,1,06,123,2,1,1,2,VESPINS ROUTE DES,0.0,0.0
201300010219,20,9,2013,21,5,06,27,2,3,1,3,BESSET AVENUE CYRILLE,0.0,0.0
201300010220,24,9,2013,12,1,06,123,2,3,1,3,11 NOVEMBRE AVENUE DU,0.0,0.0
201300010221,27,9,2013,16,1,06,27,2,1,1,6,ROBION RUE E.,0.0,0.0
201300010222,27,9,2013,20,5,06,123,2,6,1,3,ROND POINT COUBERTIN,0.0,0.0
201300010223,29,9,2013,5,5,06,123,2,1,1,2,VESPINS ROUTE DES,0.0,0.0
201300010224,1,10,2013,13,1,06,123,2,3,1,3,FAHNESTOCK G. CORNICHE,0.0,0.0
201300010225,2,10,2013,8,1,06,123,2,3,1,3,ST JEANNET ROUTE DE,0.0,0.0
201300010226,2,10,2013,11,1,06,27,2,1,1,6,"55, VAL FLEURI CHEMIN DU",0.0,0.0
201300010227,8,10,2013,6,5,06,27,2,3,2,3,JACINTHES ALLEE DES,0.0,0.0
201300010228,10,10,2013,13,1,06,27,2,1,1,6,PAGNOL AVENUE MARCEL,0.0,0.0
201300010229,12,10,2013,18,1,06,123,2,1,1,2,BORD DE MER RN 98,0.0,0.0
201300010230,16,10,2013,12,1,06,27,2,2,1,3,NICE AVENUE DE (RN7),0.0,0.0
201300010231,22,10,2013,9,1,06,123,2,1,1,6,"190, DECHAME EMILE AVENU",0.0,0.0
201300010232,22,10,2013,14,1,06,123,2,6,1,3,GUYNEMER AVENUE,0.0,0.0
201300010233,23,10,2013,18,5,06,27,2,3,1,2,"44, ST LAURENT CHEMIN DE",0.0,0.0
201300010234,24,10,2013,14,1,06,27,2,1,1,4,"31, RENOIR AVENUE AUGUST",0.0,0.0
201300010235,26,10,2013,13,1,06,27,2,1,1,7,ESPARTES CHEMIN DES,0.0,0.0
201300010236,28,10,2013,10,1,06,123,2,3,1,1,COMBATTANTS AFN AVENUE D,0.0,0.0
201300010237,30,10,2013,15,1,06,123,2,1,1,3,GARE ROUTE DE LA,0.0,0.0
201300010238,1,11,2013,20,5,06,27,2,3,1,3,CITRONNIERS AVENUE DES,0.0,0.0
201300010239,2,11,2013,9,1,06,27,2,9,1,3,CANNES AVENUE DE (RN7),0.0,0.0
201300010240,3,11,2013,12,1,06,123,2,1,1,6,"242, PUGETS AVENUE DES",0.0,0.0
201300010241,7,11,2013,7,1,06,27,2,1,1,1,PLAGE BOULEVARD DE LA,0.0,0.0
201300010242,11,11,2013,15,1,06,123,2,1,1,6,"906, DE GAULLE GENERAL A",0.0,0.0
201300010243,11,11,2013,19,2,06,27,2,1,1,3,"72, GRASSE AVENUE DE",0.0,0.0
201300010244,12,11,2013,7,2,06,123,2,1,1,6,POMPIDOU GEORGES BOULEVA,0.0,0.0
201300010245,12,11,2013,16,1,06,123,2,1,1,3,COUSTEAU JEAN YVES PROME,0.0,0.0
201300010246,15,11,2013,14,1,06,123,2,1,1,6,"300, MOSCHETTI RUE",0.0,0.0
201300010247,18,11,2013,11,1,06,27,2,1,1,3,"28 Bis, GAUDE AVENUE DE",0.0,0.0
201300010248,26,11,2013,19,3,06,27,2,1,1,6,VAL EN SOL AVENUE DE,0.0,0.0
201300010249,27,11,2013,9,1,06,123,2,3,1,3,SAUVAIGO PIERRE AVENUE,0.0,0.0
201300010250,27,11,2013,17,5,06,27,2,3,1,3,"159, NICE AVENUE DE (RN7",0.0,0.0
201300010251,2,12,2013,8,1,06,123,2,1,1,3,"500, VESPINS ROUTE DES",0.0,0.0
201300010252,3,12,2013,8,1,06,123,2,3,1,3,"163, 11 NOVEMBRE AVENUE",0.0,0.0
201300010253,4,12,2013,11,1,06,123,2,1,1,2,POMPIDOU GEORGES BOULEVA,0.0,0.0
201300010254,5,12,2013,13,1,06,27,2,2,1,3,GARE AVENUE DE LA,0.0,0.0
201300010255,7,12,2013,14,1,06,123,2,6,1,3,MISTRAL FREDERIC AVENUE,0.0,0.0
201300010256,9,12,2013,11,1,06,27,2,1,1,2,PLAGE BOULEVARD DE LA,0.0,0.0
201300010257,10,12,2013,16,1,06,123,2,1,1,3,SAUVAIGO PIERRE AVENUE,0.0,0.0
201300010258,12,12,2013,10,1,06,27,2,1,1,3,PROMENADE DE L HIPPODROM,0.0,0.0
201300010259,12,12,2013,11,1,06,123,2,1,1,6,BORD DE MER RN 98,0.0,0.0
201300010260,13,12,2013,7,2,06,123,2,1,1,3,DE GAULLE GENERAL AVENUE,0.0,0.0
201300010261,13,12,2013,8,1,06,123,2,1,1,3,CURIE PIERRE ET MARIE AV,0.0,0.0
201300010262,21,12,2013,4,5,06,27,2,2,1,3,LECLERCAVENUE GENERAL,0.0,0.0
201300010263,22,12,2013,16,1,06,123,2,1,1,3,JUIN MARECHAL AVENUE,0.0,0.0
201300010264,24,12,2013,11,1,06,27,2,1,1,5,GARE AVENUE DE LA,0.0,0.0
201300010265,24,12,2013,19,5,06,27,2,1,2,3,"76, GRASSE AVENUE DE",0.0,0.0
201300010266,7,1,2013,10,1,06,30,2,1,1,6,CAMPON (RUE,0.0,0.0
201300010267,8,1,2013,17,2,06,29,2,1,1,7,"25/27, VAUTRIN (BOULEVAR",0.0,0.0
201300010268,14,1,2013,9,1,06,29,2,1,1,3,MERLE (RUE),0.0,0.0
201300010269,14,1,2013,17,5,06,29,2,1,2,3,"78, CARNOT (BOULEVARD)",0.0,0.0
201300010270,14,1,2013,18,5,06,29,2,1,3,6,"00, JOURDAN (AVENUE MICH",0.0,0.0
201300010271,7,1,2013,9,1,06,29,2,1,1,3,JUIN (AVENUE MARECHAL),0.0,0.0
201300010272,19,1,2013,7,1,06,29,2,1,2,7,REPUBLIQUE (BOULEVARD DE,0.0,0.0
201300010273,19,1,2013,17,5,06,30,2,1,3,6,"104, ROOSEVELT (AVENUE F",0.0,0.0
201300010274,22,1,2013,10,1,06,29,2,1,7,3,MAUBERT (RONT POINT GAL),0.0,0.0
201300010275,22,1,2013,14,1,06,29,2,1,1,6,POESIE (AVENUE PIERRE),0.0,0.0
201300010276,24,1,2013,17,1,06,29,2,1,1,3,BORDE (AVENUE DE LA)(BOC,0.0,0.0
201300010277,25,1,2013,11,1,06,29,2,1,1,3,MIDI (BOULEVARD DU),0.0,0.0
201300010278,25,1,2013,13,1,06,29,2,1,1,1,LEADER (BOULEVARD),0.0,0.0
201300010279,29,1,2013,12,1,06,29,2,1,1,6,QUATORZE JUILLET (RUE DU,0.0,0.0
201300010280,1,2,2013,13,1,06,29,2,1,1,2,CROISETTE (BOULEVARD DE,0.0,0.0
201300010281,2,2,2013,16,1,06,29,2,1,3,6,LACOUR (RUE),0.0,0.0
201300010282,8,2,2013,18,5,06,29,2,1,1,3,COTEAUX (AVENUE DES),0.0,0.0
201300010283,12,2,2013,20,1,06,29,2,1,1,6,ALSACE ( BOULEVARD D'),0.0,0.0
201300010284,13,2,2013,13,1,06,30,2,1,1,7,"48, CAMPELIERES (CHEMIN",0.0,0.0
201300010285,16,2,2013,9,1,06,29,2,1,1,3,"329, GRASSE (AVENUE DE)",0.0,0.0
201300010286,19,2,2013,17,2,06,29,2,1,1,2,MORGON (CHEMIN),0.0,0.0
201300010287,3,3,2013,17,4,06,29,2,1,1,7,CROISETTE (BOULEVARD DE),0.0,0.0
201300010288,4,3,2013,19,5,06,29,2,1,1,2,PANTIERO (PROMENADE DE L,0.0,0.0
201300010289,7,3,2013,18,2,06,30,2,1,3,1,"38, MONTJOLI (AVENUE DU)",0.0,0.0
201300010290,11,3,2013,15,1,06,29,2,1,1,6,"8, PICAUD (AVENUE DU DOC",0.0,0.0
201300010291,12,3,2013,8,1,06,29,2,6,1,3,PERIER (BOULEVARD DU),0.0,0.0
201300010292,13,3,2013,7,1,06,30,2,1,1,3,ROOSEVELT (AVENUE FRANKL,0.0,0.0
201300010293,14,3,2013,15,1,06,29,2,1,1,6,"19-25, FERRAGE (BOULEVAR",0.0,0.0
201300010294,16,3,2013,0,5,06,30,2,3,1,3,FOUR A CHAUX (BD DU),0.0,0.0
201300010295,21,3,2013,15,1,06,29,2,1,1,2,GABRES (PONT DES),0.0,0.0
201300010296,25,3,2013,8,1,06,29,2,1,1,3,"30, CROISETTE (BOULEVARD",0.0,0.0
201300010297,27,3,2013,16,1,06,29,2,1,1,6,"24, CALMETTE (RUE DU DR)",0.0,0.0
201300010298,10,4,2013,14,1,06,29,2,1,1,6,CROISETTE (BOULEVARD DE,0.0,0.0
201300010299,12,4,2013,8,1,06,29,2,1,1,1,"1, STE ANNE (CHEMIN)",0.0,0.0
201300010300,12,4,2013,16,1,06,29,2,1,1,6,"19, OXFORD (BOULEVARD D'",0.0,0.0
201300010301,13,4,2013,16,1,06,29,2,3,1,6,MONTE-CARLO (AVENUE),0.0,0.0
201300010302,19,4,2013,14,1,06,29,2,2,1,3,REPUBLIQUE (BOULEVARD DE,0.0,0.0
201300010303,22,4,2013,13,1,06,29,2,1,1,2,MIDI (BOULEVARD DU),0.0,0.0
201300010304,23,4,2013,9,1,06,29,2,1,1,2,BACHAGA SAID BOUALAM (AV,0.0,0.0
201300010305,29,4,2013,12,1,06,29,2,1,1,6,"162, GRASSE (AVENUE DE)",0.0,0.0
201300010306,2,5,2013,9,1,06,29,2,1,1,3,TONNER (AVENUE FRANCIS),0.0,0.0
201300010307,2,5,2013,19,1,06,29,2,1,1,6,"10, ANGLAIS (AVENUE DES)",0.0,0.0
201300010308,3,5,2013,8,1,06,29,2,1,1,3,"15, DOZOL (AVENUE ANTHON",0.0,0.0
201300010309,3,5,2013,19,1,06,29,2,1,1,6,GRASSE (AVENUE DE),0.0,0.0
201300010310,4,5,2013,5,2,06,29,2,1,1,3,ESTEREL (BOULEVARD DE L',0.0,0.0
201300010311,4,5,2013,14,1,06,29,2,1,1,3,MIDI (BOULEVARD DU),0.0,0.0
201300010312,12,5,2013,4,5,06,29,2,1,1,6,MIDI (BOULEVARD DU),0.0,0.0
201300010313,12,5,2013,12,1,06,29,2,1,1,6,BUISSONS ARDENTS,0.0,0.0
201300010314,14,5,2013,14,1,06,30,2,1,1,6,"46, ROOSEVELT (AVENUE FR",0.0,0.0
201300010315,15,5,2013,23,5,06,29,2,1,3,7,COUVERTURE VOIE FERREE,0.0,0.0
201300010316,17,5,2013,20,1,06,29,2,1,1,6,PANTIERO (PROMENADE DE L,0.0,0.0
201300010317,18,5,2013,5,5,06,29,2,1,2,1,"44, CROISETTE (BOULEVARD",0.0,0.0
201300010318,22,5,2013,7,1,06,30,2,1,1,2,"551, ST JOSEPH (CHEMIN)",0.0,0.0
201300010319,22,5,2013,9,1,06,29,2,1,1,3,COTEAUX (AVENUE DES),0.0,0.0
201300010320,22,5,2013,10,1,06,29,2,1,1,6,PICAUD (AVENUE DR) BOCCA,0.0,0.0
201300010321,22,5,2013,14,1,06,29,2,1,1,2,LACOUR (RUE),0.0,0.0
201300010322,23,5,2013,19,1,06,29,2,1,1,6,"15, JOURDAN (AVENUE MICH",0.0,0.0
201300010323,17,5,2013,19,1,06,29,2,1,1,3,AURELIENNE (RUE),0.0,0.0
201300010324,26,5,2013,15,1,06,30,2,1,1,6,"14, AUBAREDE (CHEMIN DE",0.0,0.0
201300010325,28,5,2013,16,1,06,29,2,1,1,6,JOURDAN (AVENUE MICHEL),0.0,0.0
201300010326,29,5,2013,11,1,06,30,2,1,1,6,CITE JARDIN (RUE),0.0,0.0
201300010327,4,6,2013,17,1,06,30,2,1,1,3,SADI CARNOT (BOULEVARD),0.0,0.0
201300010328,7,6,2013,17,1,06,30,2,1,1,3,MOULIN (BOULEVARD JEAN),0.0,0.0
201300010329,10,6,2013,10,1,06,29,2,1,1,3,JOURDAN (AVENUE MICHEL),0.0,0.0
201300010330,13,6,2013,8,1,06,29,2,1,1,3,"00, BACHAGA SAID BOUALAM",0.0,0.0
201300010331,15,6,2013,10,1,06,30,2,1,1,3,CAMPON (RUE,0.0,0.0
201300010332,7,6,2013,11,1,06,30,2,1,1,6,SADI CARNOT (BOULEVARD),0.0,0.0
201300010333,18,6,2013,15,1,06,30,2,1,1,2,"11, NOTRE DAME DES ANGES",0.0,0.0
201300010334,22,6,2013,16,1,06,29,2,1,1,6,CARNOT (BOULEVARD),0.0,0.0
201300010335,23,6,2013,4,5,06,29,2,1,1,1,"55, PETIT JUAS (AVENUE D",0.0,0.0
201300010336,24,6,2013,16,1,06,29,2,1,1,6,"73, CROISETTE (BOULEVARD",0.0,0.0
201300010337,28,6,2013,2,5,06,29,2,1,1,1,"24, MIDI (BOULEVARD DU)",0.0,0.0
201300010338,28,6,2013,11,1,06,29,2,1,1,3,PICAUD (AVENUE DU DOCTEU,0.0,0.0
201300010339,30,6,2013,19,1,06,29,2,1,1,3,BORDE (AVENUE DE LA)(BOC,0.0,0.0
201300010340,2,7,2013,21,2,06,30,2,1,1,3,CAMPON (RUE,0.0,0.0
201300010341,5,7,2013,14,1,06,29,2,1,1,3,"26, MIDI (BOULEVARD DU)",0.0,0.0
201300010342,7,7,2013,23,5,06,29,2,1,1,6,JUIN (AVENUE MARECHAL),0.0,0.0
201300010343,9,7,2013,13,1,06,29,2,1,1,3,TONNER (AVENUE FRANCIS),0.0,0.0
201300010344,9,7,2013,16,1,06,29,2,1,1,3,RIOU (BOULEVARD DU),0.0,0.0
201300010345,12,7,2013,9,1,06,29,2,1,1,3,NEGRIN (BOULEVARD),0.0,0.0
201300010346,13,7,2013,14,1,06,29,2,1,1,6,"272, JOURDAN (AVENUE MIC",0.0,0.0
201300010347,22,7,2013,10,1,06,29,2,1,1,6,"16, VIDAL (RUE DU COMMAN",0.0,0.0
201300010348,25,7,2013,14,1,06,29,2,1,1,2,COUBERTIN (AVENUE PIERRE,0.0,0.0
201300010349,26,7,2013,18,1,06,29,2,1,1,3,"30 34, GAZAGNAIRE (BL EU",0.0,0.0
201300010350,30,7,2013,18,1,06,29,2,1,1,6,"14, VALLOMBROSA (BOULEBA",0.0,0.0
201300010351,31,7,2013,11,1,06,29,2,1,1,6,"14, MIDI (BOULEVARD DU)",0.0,0.0
201300010352,3,8,2013,17,1,06,29,2,1,1,6,"00, LEADER (BOULEVARD)",0.0,0.0
201300010353,1,8,2013,11,1,06,30,2,1,1,6,FOCH (PLACE MARECHAL),0.0,0.0
201300010354,7,8,2013,5,2,06,29,2,1,1,3,STRASBOURG (BOULEVARD DE,0.0,0.0
201300010355,8,8,2013,8,1,06,29,2,1,3,3,COUVERTURE VOIE FERREE,0.0,0.0
201300010356,10,8,2013,7,1,06,29,2,1,1,6,GAZAGNAIRE (RUE DU DR),0.0,0.0
201300010357,10,8,2013,10,1,06,29,2,1,1,6,QUATORZE JUILLET (RUE DU,0.0,0.0
201300010358,16,8,2013,10,1,06,29,2,3,1,5,GRASSE (AVENUE DE),0.0,0.0
201300010359,19,8,2013,14,1,06,30,2,1,1,6,"34, ROOSEVELT (AVENUE FR",0.0,0.0
201300010360,20,8,2013,18,1,06,29,2,1,1,6,MISTRAL (AVENUE FREDERIC,0.0,0.0
201300010361,23,8,2013,6,1,06,29,2,1,1,7,"62, BROUSSAILLES (AVENUE",0.0,0.0
201300010362,23,8,2013,13,1,06,29,2,1,1,6,"07, HOCHE (RUE)",0.0,0.0
201300010363,27,8,2013,7,1,06,29,2,1,1,3,"158, JOURDAN (AVENUE MIC",0.0,0.0
201300010364,27,8,2013,15,1,06,30,2,1,1,3,"33, FADES (CHEMIN DES)",0.0,0.0
201300010365,28,8,2013,18,1,06,29,2,1,1,6,RIOU (BOULEVARD DU),0.0,0.0
201300010366,31,8,2013,12,1,06,29,2,1,1,7,"131, GRASSE (AVENUE DE)",0.0,0.0
201300010367,1,9,2013,1,5,06,29,2,1,1,1,JUIN (AVENUE MARECHAL),0.0,0.0
201300010368,7,9,2013,18,1,06,29,2,1,1,6,"7-9, BENEFIAT (AVENUE DE",0.0,0.0
201300010369,10,9,2013,19,1,06,29,2,1,1,6,"58, CROISETTE (BOULEVARD",0.0,0.0
201300010370,12,9,2013,16,1,06,29,2,1,1,3,"00, MIDI (BOULEVARD DU)",0.0,0.0
201300010371,14,9,2013,4,5,06,29,2,1,1,7,"151, JUIN (AVENUE MARECH",0.0,0.0
201300010372,15,9,2013,5,5,06,29,2,1,1,6,MIDI (BOULEVARD DU),0.0,0.0
201300010373,18,9,2013,8,1,06,29,2,1,1,6,"175, JOURDAN (AVENUE MIC",0.0,0.0
201300010374,18,9,2013,18,1,06,29,2,1,1,6,RIVAGE (BOULEVARD DU),0.0,0.0
201300010375,16,9,2013,10,1,06,30,2,1,1,3,ECOLES (RUE DES),0.0,0.0
201300010376,19,9,2013,10,1,06,29,2,1,1,6,CLEMENCEAU (RUE GEORGES),0.0,0.0
201300010377,24,9,2013,17,1,06,30,2,1,1,6,ROOSEVELT (AVENUE FRANKL,0.0,0.0
201300010378,26,9,2013,12,1,06,29,2,1,1,6,"12, BLANC (RUE LOUIS)",0.0,0.0
201300010379,26,9,2013,13,1,06,29,2,1,1,3,COUBERTIN (AVENUE PIERRE,0.0,0.0
201300010380,25,9,2013,10,1,06,30,2,1,1,3,"31, FADES (CHEMIN DES)",0.0,0.0
201300010381,1,10,2013,10,1,06,29,2,1,1,3,MIDI (BOULEVARD DU),0.0,0.0
201300010382,1,10,2013,7,1,06,29,2,1,1,1,MIDI (BOULEVARD DU),0.0,0.0
201300010383,2,10,2013,8,1,06,29,2,1,1,6,STRASBOURG (BOULEVARD DE,0.0,0.0
201300010384,6,10,2013,10,1,06,29,2,1,2,2,COUBERTIN (AVENUE PIERRE,0.0,0.0
201300010385,12,10,2013,22,5,06,29,2,3,1,3,MIDI (BOULEVARD DU),0.0,0.0
201300010386,16,10,2013,6,1,06,29,2,1,1,3,MISTRAL (RUE),0.0,0.0
201300010387,21,10,2013,9,1,06,29,2,1,1,6,"63, CROISETTE (BOULEVARD",0.0,0.0
201300010388,24,10,2013,20,1,06,30,2,1,1,6,ROOSEVELT (AVENUE FRANKL,0.0,0.0
201300010389,26,10,2013,12,1,06,29,2,1,1,4,"41, ALEXANDRE III (BOULE",0.0,0.0
201300010390,30,10,2013,14,1,06,29,2,2,1,6,MERLE (RUE),0.0,0.0
201300010391,4,11,2013,12,1,06,29,2,1,2,3,MIDI (BOULEVARD DU),0.0,0.0
201300010392,7,11,2013,18,1,06,29,2,1,1,6,CARNOT (BOULEVARD),0.0,0.0
201300010393,7,11,2013,14,1,06,30,2,1,1,6,GRANDE BRETAGNE (ROND PO,0.0,0.0
201300010394,8,11,2013,15,1,06,29,2,1,1,6,"64, CLEMENCEAU (RUE GEOR",0.0,0.0
201300010395,10,11,2013,15,1,06,30,2,1,1,3,"84, DOUMER (BOULEVARD PA",0.0,0.0
201300010396,15,11,2013,19,5,06,30,2,1,1,3,DOUMER (BOULEVARD PAUL),0.0,0.0
201300010397,24,11,2013,11,1,06,29,2,1,1,6,BROUSSAILLES (AVENUE DES,0.0,0.0
201300010398,24,11,2013,16,1,06,29,2,1,1,6,PANTIERO (PROMENADE DE L,0.0,0.0
201300010399,25,11,2013,11,1,06,30,2,1,1,2,CAMPON (RUE,0.0,0.0
201300010400,29,11,2013,12,1,06,29,2,1,1,6,"13, VALLOMBROSA (BOULEBA",0.0,0.0
201300010401,13,12,2013,10,1,06,29,2,1,1,3,JOURDAN (AVENUE MICHEL),0.0,0.0
201300010402,19,12,2013,19,5,06,29,2,1,3,6,JOURDAN (AVENUE MICHEL),0.0,0.0
201300010403,23,12,2013,14,1,06,30,2,1,1,2,"17, COLOMBIER (CHEMIN DU",0.0,0.0
201300010404,26,12,2013,11,1,06,29,2,1,1,1,"04, CROIX DES GARDES (AV",0.0,0.0
201300010405,29,12,2013,18,5,06,29,2,1,2,6,JUIN (AVENUE MARECHAL),0.0,0.0
201300010406,2,1,2013,14,1,06,69,2,1,1,7,"35, MARIGARDE (ROUTE DE",0.0,0.0
201300010407,2,1,2013,16,1,06,69,2,1,1,3,"137, PLAN (ROUTE DU) -D3",0.0,0.0
201300010408,8,1,2013,16,1,06,69,2,1,1,1,"13, BLUMENTHAL (CHEMIN D",0.0,0.0
201300010409,10,1,2013,2,5,06,69,2,1,1,7,"132, ROUQUIER (BOULEVARD",0.0,0.0
201300010410,10,1,2013,16,1,06,69,2,1,1,1,"108, TOURACHE (CHEMIN DE",0.0,0.0
201300010411,11,1,2013,16,1,06,69,2,1,1,6,"x, DAUDET (AVENUE ALPHON",0.0,0.0
201300010412,14,1,2013,9,1,06,69,2,1,1,7,"107, PLAN (ROUTE DU) -D3",0.0,0.0
201300010413,14,1,2013,20,5,06,69,2,1,2,6,"23, JEU DE BALLON (BOULE",0.0,0.0
201300010414,15,1,2013,8,1,06,69,2,1,2,7,"/, SAINT EXUPERY (AVENUE",0.0,0.0
201300010415,16,1,2013,15,1,06,69,2,6,1,3,"x, CRESP (COURS HONORE)",0.0,0.0
201300010416,16,1,2013,16,1,06,69,2,1,1,1,"19, CROUET (BOULEVARD JA",0.0,0.0
201300010417,17,1,2013,7,2,06,69,2,3,1,3,"x, DE GAULLE (AVENUE DU",0.0,0.0
201300010418,19,1,2013,11,1,06,69,2,1,1,1,"75, SEMARD (AVENUE PIERR",0.0,0.0
201300010419,19,1,2013,14,1,06,69,1,1,1,3,"/, MARIGARDE (ROUTE DE L",0.0,0.0
201300010420,21,1,2013,15,1,06,69,2,1,1,6,"x, CHIRIS (BOULEVARD EMI",0.0,0.0
201300010421,22,1,2013,18,2,06,69,2,1,2,1,"x, DRAGUIGNAN (ROUTE DE)",0.0,0.0
201300010422,24,1,2013,17,3,06,69,2,1,1,6,"389, PLASCASSIER (route",0.0,0.0
201300010423,25,1,2013,18,2,06,69,2,1,1,1,"116, CANNES (ROUTE DE)",0.0,0.0
201300010424,30,1,2013,10,1,06,69,2,1,1,2,"6, CARNOT (BOULEVARD ET",0.0,0.0
201300010425,31,1,2013,8,1,06,69,2,1,1,7,"/, MARIGARDE (ROUTE DE L",0.0,0.0
201300010426,31,1,2013,21,5,06,69,2,1,1,6,"10, FRAGONARD (BOULEVARD",0.0,0.0
201300010427,9,2,2013,11,1,06,69,2,1,1,6,"x, CANNES (ROUTE DE)  -R",0.0,0.0
201300010428,11,2,2013,22,5,06,69,2,1,1,1,"82, POMPIDOU (AVENUE GEO",0.0,0.0
201300010429,11,2,2013,8,1,06,69,2,1,1,7,ROUQUIER (BOULEVARD EMMA,0.0,0.0
201300010430,12,2,2013,8,1,06,69,2,1,1,7,"109, PLASCASSIER (route",0.0,0.0
201300010431,12,2,2013,13,1,06,69,2,1,1,5,"/, ROUQUIER (BOULEVARD E",0.0,0.0
201300010432,12,2,2013,15,1,06,69,2,1,1,3,"x, Rd point des Quatre C",0.0,0.0
201300010433,13,2,2013,8,1,06,69,2,6,1,6,"31, LIBERATION (AVENUE D",0.0,0.0
201300010434,15,2,2013,20,5,06,69,2,3,1,3,"/, CROISSET (AVENUE FR.",0.0,0.0
201300010435,20,2,2013,16,1,06,69,2,1,1,2,"5, AUTRANT (BOULEVARD DU",0.0,0.0
201300010436,22,2,2013,10,1,06,69,2,1,1,4,"/, GAMBETTA (BOULEVARD E",0.0,0.0
201300010437,23,2,2013,12,1,06,69,2,1,1,6,"x, SEMARD (AVENUE PIERRE",0.0,0.0
201300010438,23,2,2013,20,5,06,69,2,1,1,1,"/, PEGOMAS (ROUTE DE)",0.0,0.0