Num_Acc,jour,mois,an,hr,condition_eclairage,departement,commune,condition_agglomeration,intersection,condition_atmosphere,type_collision,adresse,lattitude,longitude
201300010439,25,2,2013,7,2,06,69,2,1,8,2,"83, ROUQUIER (BOULEVARD",0.0,0.0
201300010440,25,2,2013,7,5,06,69,1,1,8,5,"/, MISTRAL (AVENUE ET PL",0.0,0.0
201300010441,25,2,2013,7,2,06,69,2,1,8,7,"x, MADELEINE",0.0,0.0
201300010442,28,2,2013,9,1,06,69,2,1,1,1,"204, AURIBEAU (ROUTE D')",0.0,0.0
201300010443,2,3,2013,17,2,06,69,2,1,1,7,"10, RAYBAUD (AVENUE FELI",0.0,0.0
201300010444,3,3,2013,19,2,06,69,2,1,1,7,"15, LIBERATION (AVENUE D",0.0,0.0
201300010445,5,3,2013,8,1,06,69,2,1,2,1,"62, CHENES (CHEMIN DES)",0.0,0.0
201300010446,7,3,2013,10,1,06,69,2,6,8,5,"50, CANNES (ROUTE DE)  -",0.0,0.0
201300010447,9,3,2013,19,5,06,69,2,1,1,6,"5, SEMARD (AVENUE PIERRE",0.0,0.0
201300010448,11,3,2013,8,1,06,69,2,3,1,3,"/, ROUQUIER (BOULEVARD E",0.0,0.0
201300010449,12,3,2013,14,1,06,69,2,1,3,7,"x, KENNEDY (BOULEVARD DU",0.0,0.0
201300010450,20,3,2013,12,1,06,69,2,1,1,2,"x, MISTRAL (AVENUE ET PL",0.0,0.0
201300010451,21,3,2013,18,2,06,69,2,1,1,3,"15, ZILLER (AVENUE PIERR",0.0,0.0
201300010452,24,3,2013,7,2,06,69,2,1,1,6,"222, DRAGUIGNAN (ROUTE D",0.0,0.0
201300010453,26,3,2013,8,1,06,69,2,1,1,2,"152, BASSES MOULIERES (C",0.0,0.0
201300010454,26,3,2013,11,1,06,69,2,3,1,3,"/, LAC (CHEMIN DU)",0.0,0.0
201300010455,26,3,2013,23,5,06,69,2,1,1,3,"94, DE LATTRE DE TASSIGN",0.0,0.0
201300010456,28,3,2013,19,2,06,69,2,1,1,3,"48, CAPUCINS (CHEMIN ET",0.0,0.0
201300010457,30,3,2013,15,1,06,69,2,1,1,6,"34, MOUANS (ROUTE DE)",0.0,0.0
201300010458,4,4,2013,15,1,06,69,2,1,2,1,"/, PLASCASSIER - MOULIN",0.0,0.0
201300010459,6,4,2013,9,1,06,69,2,1,1,6,"x, MARIGARDE (ROUTE DE L",0.0,0.0
201300010460,8,4,2013,16,1,06,69,2,1,1,3,"132, MOULIN DE BRUN (CHE",0.0,0.0
201300010461,12,4,2013,17,1,06,69,2,1,1,3,"117, CANNES (ROUTE DE)",0.0,0.0
201300010462,13,4,2013,17,1,06,69,2,1,1,3,"/, MISTRAL (AVENUE ET PL",0.0,0.0
201300010463,14,4,2013,10,1,06,69,2,1,1,3,"11, SIDI BRAHIM (AVENUE)",0.0,0.0
201300010464,16,4,2013,9,1,06,69,2,1,1,6,"12, PAOUTE (ROUTE ET TRA",0.0,0.0
201300010465,16,4,2013,11,1,06,69,2,1,1,4,"x, SIDI BRAHIM (AVENUE)",0.0,0.0
201300010466,19,4,2013,11,1,06,69,2,1,1,6,"150, SAINT EXUPERY (AVEN",0.0,0.0
201300010467,19,4,2013,13,1,06,69,2,1,1,7,"x, SEMARD (AVENUE PIERRE",0.0,0.0
201300010468,23,4,2013,12,1,06,69,2,1,1,3,"x, PAGNOL (BOULEVARD MAR",0.0,0.0
201300010469,25,4,2013,9,1,06,69,2,1,1,6,"137, SAINT MATHIEU (ROUT",0.0,0.0
201300010470,27,4,2013,12,1,06,69,2,1,1,3,"140, PLAN (ROUTE DU) -D3",0.0,0.0
201300010471,27,4,2013,17,1,06,69,2,1,1,2,"9, POMPIDOU (AVENUE GEOR",0.0,0.0
201300010472,27,4,2013,23,5,06,69,2,1,1,6,"107, DRAGUIGNAN (ROUTE D",0.0,0.0
201300010473,30,4,2013,17,1,06,69,2,1,1,2,"104, MISTRAL (AVENUE ET",0.0,0.0
201300010474,1,5,2013,7,1,06,69,2,1,1,6,"178, DRAGUIGNAN (ROUTE D",0.0,0.0
201300010475,7,5,2013,9,1,06,69,2,1,1,2,"3, TASSIGNY (AVENUE DELA",0.0,0.0
201300010476,7,5,2013,16,1,06,69,2,1,1,7,"44, SCHLEY (BOULEVARD)",0.0,0.0
201300010477,8,5,2013,6,2,06,69,2,1,1,7,"89, CANNES (ROUTE DE)  -",0.0,0.0
201300010478,10,5,2013,16,1,06,69,2,1,1,2,"109, CANNES (ROUTE DE)",0.0,0.0
201300010479,11,5,2013,12,1,06,69,2,1,1,1,"28, ZOLA (BOULEVARD EMIL",0.0,0.0
201300010480,13,5,2013,11,1,06,69,2,1,1,1,"3, HUIT MAI 1945 (RUE DU",0.0,0.0
201300010481,21,5,2013,20,2,06,69,2,1,1,2,"61, DRAGUIGNAN (ROUTE DE",0.0,0.0
201300010482,24,5,2013,9,1,06,69,2,1,1,3,"146, PLAN (ROUTE DU) -D3",0.0,0.0
201300010483,29,5,2013,10,1,06,69,2,1,1,6,"x, CHASSEURS ALPINS (RON",0.0,0.0
201300010484,31,5,2013,18,1,06,69,2,1,1,7,"13, BELLETRUD (BOULEVARD",0.0,0.0
201300010485,31,5,2013,20,2,06,69,2,1,1,6,"54, MARIGARDE (ROUTE DE",0.0,0.0
201300010486,1,6,2013,9,1,06,69,2,1,1,3,"x, CANNES (ROUTE DE)  -R",0.0,0.0
201300010487,2,6,2013,15,1,06,69,2,1,1,7,"x, NAPOLEON (ROUTE)",0.0,0.0
201300010488,2,6,2013,16,1,06,69,2,1,1,6,"208, BOBET (AVENUE LOUIS",0.0,0.0
201300010489,2,6,2013,20,1,06,69,2,1,1,7,"116, ORME (CHEMIN DE L')",0.0,0.0
201300010490,4,6,2013,17,1,06,69,2,1,1,7,"10, SAINTE MARGUERITE (C",0.0,0.0
201300010491,6,6,2013,19,1,06,69,2,1,1,1,"25, PAOUTE (ROUTE ET TRA",0.0,0.0
201300010492,10,6,2013,14,1,06,69,2,1,1,7,"20, DUVAL (AVENUE MATHIA",0.0,0.0
201300010493,11,6,2013,15,1,06,69,2,1,1,3,"X, Route de PLASCASSIER",0.0,0.0
201300010494,11,6,2013,17,1,06,69,2,1,1,4,"X, VALBONNE (ROUTE)",0.0,0.0
201300010495,12,6,2013,7,1,06,69,2,1,1,3,"113, SAINT FRANCOIS (PLA",0.0,0.0
201300010496,13,6,2013,8,1,06,69,2,1,1,2,"179, RENOIR (AVENUE AUGU",0.0,0.0
201300010497,13,6,2013,17,1,06,69,2,1,1,6,"352, PLASCASSIER (route",0.0,0.0
201300010498,18,6,2013,8,1,06,69,2,1,1,3,"10, PLAN (ROUTE DU) -D30",0.0,0.0
201300010499,18,6,2013,8,1,06,69,2,1,1,3,"49, PEGOMAS (ROUTE DE)",0.0,0.0
201300010500,20,6,2013,16,1,06,69,2,1,1,2,"x, JEU DE BALLON (BOULEV",0.0,0.0
201300010501,21,6,2013,11,1,06,69,2,1,1,7,"x, NAPOLEON (ROUTE)",0.0,0.0
201300010502,21,6,2013,13,1,06,69,2,6,1,3,"x, CAPUCINS (CHEMIN ET I",0.0,0.0
201300010503,23,6,2013,15,1,06,69,2,1,1,7,"2, GRAND CASTELLAS (AVEN",0.0,0.0
201300010504,24,6,2013,15,1,06,69,2,1,1,6,"26, VICTORIA (AVENUE ET",0.0,0.0
201300010505,27,6,2013,12,1,06,69,2,1,1,2,"19, ROUQUIER (BOULEVARD",0.0,0.0
201300010506,27,6,2013,18,1,06,69,2,1,1,2,"x, P?n?trante",0.0,0.0
201300010507,28,6,2013,15,1,06,69,2,1,1,3,"158, CANNES (ROUTE DE)",0.0,0.0
201300010508,28,6,2013,16,1,06,69,2,1,1,2,"4, CHENES (CHEMIN DES)",0.0,0.0
201300010509,29,6,2013,15,1,06,69,2,1,1,3,"119, ZILLER (AVENUE PIER",0.0,0.0
201300010510,6,7,2013,14,1,06,69,2,1,1,7,"35, DRAGUIGNAN (ROUTE DE",0.0,0.0
201300010511,6,7,2013,21,1,06,69,1,1,1,7,"313, PEGOMAS (ROUTE DE)",0.0,0.0
201300010512,10,7,2013,14,1,06,69,2,1,1,3,"60, POMPIDOU (AVENUE GEO",0.0,0.0
201300010513,11,7,2013,13,1,06,69,2,1,1,3,"140, SIDI BRAHIM (AVENUE",0.0,0.0
201300010514,12,7,2013,13,1,06,69,2,1,1,2,"5, PEGOMAS (ROUTE DE)",0.0,0.0
201300010515,12,7,2013,15,1,06,69,2,1,1,1,"x, CAPUCINS (CHEMIN ET I",0.0,0.0
201300010516,12,7,2013,20,1,06,69,2,1,1,6,"X, CANNES (ROUTE DE)   R",0.0,0.0
201300010517,13,7,2013,17,1,06,69,2,1,1,6,"77, VICTOR HUGO  (BD)",0.0,0.0
201300010518,15,7,2013,8,1,06,69,2,1,1,3,"x, SAINT EXUPERY (AVENUE",0.0,0.0
201300010519,15,7,2013,17,1,06,69,2,1,1,2,"318, CANNES (ROUTE DE)",0.0,0.0
201300010520,16,7,2013,13,1,06,69,2,1,1,1,"X, DUVAL (AVENUE MATHIAS",0.0,0.0
201300010521,17,7,2013,19,1,06,69,2,1,1,3,"25, ROUQUIER (BOULEVARD",0.0,0.0
201300010522,19,7,2013,11,1,06,69,2,1,1,3,"90, PAOUTE (ROUTE ET TRA",0.0,0.0
201300010523,19,7,2013,12,1,06,69,2,1,1,6,"x, MONTMAYAN (CHEMIN)",0.0,0.0
201300010524,19,7,2013,18,1,06,69,2,1,1,7,"x, MARIGARDE (ROUTE DE L",0.0,0.0
201300010525,20,7,2013,16,1,06,69,2,1,1,2,"x, CANNES (ROUTE DE)  -R",0.0,0.0
201300010526,20,7,2013,15,1,06,69,2,1,1,6,"24, DUVAL (AVENUE MATHIA",0.0,0.0
201300010527,22,7,2013,13,1,06,69,2,1,1,3,"199, RENOIR (AVENUE AUGU",0.0,0.0
201300010528,26,7,2013,10,1,06,69,2,6,1,3,"x, CHASSEURS ALPINS (RON",0.0,0.0
201300010529,29,7,2013,14,1,06,69,2,1,1,2,"93, MARIGARDE (ROUTE DE",0.0,0.0
201300010530,4,8,2013,15,1,06,69,2,1,1,7,"x, SAINT MATHIEU (ROUTE",0.0,0.0
201300010531,5,8,2013,12,1,06,69,2,1,1,6,"x, LIBERATION (AVENUE DE",0.0,0.0
201300010532,6,8,2013,8,1,06,69,2,1,1,7,"1, TASSIGNY (AVENUE DELA",0.0,0.0
201300010533,7,8,2013,9,1,06,69,2,1,1,2,"x, CAMP DE LA BESSE (CHE",0.0,0.0
201300010534,7,8,2013,19,1,06,69,2,1,1,4,"13, POMPIDOU (AVENUE GEO",0.0,0.0
201300010535,6,8,2013,8,1,06,69,2,1,1,7,"46, SAINT JEAN (CHEMIN,",0.0,0.0
201300010536,8,8,2013,9,1,06,69,2,1,1,7,"x, GRAND CHENE (CHEMIN D",0.0,0.0
201300010537,8,8,2013,10,1,06,69,2,1,1,6,"3, SIDI BRAHIM (AVENUE E",0.0,0.0
201300010538,10,8,2013,23,5,06,69,2,1,1,6,"x, NAPOLEON (ROUTE)",0.0,0.0
201300010539,11,8,2013,19,1,06,69,2,1,1,7,"x, SEMARD (AVENUE PIERRE",0.0,0.0
201300010540,12,8,2013,14,1,06,69,2,1,1,7,"169, CERCLE (CHEMIN DU)",0.0,0.0
201300010541,14,8,2013,8,1,06,69,2,1,1,4,"x, JEU DE BALLON (BOULEV",0.0,0.0
201300010542,16,8,2013,17,1,06,69,2,1,1,5,"60, POMPIDOU (AVENUE GEO",0.0,0.0
201300010543,17,8,2013,14,1,06,69,2,1,1,4,"x, CHENES (CHEMIN DES)",0.0,0.0
201300010544,22,8,2013,11,1,06,69,2,1,1,4,"117, CANNES (ROUTE DE)",0.0,0.0
201300010545,23,8,2013,1,5,06,69,2,1,1,7,"77, VICTOR HUGO  (BD)",0.0,0.0
201300010546,24,8,2013,13,1,06,69,2,1,1,4,"x, DE LATTRE DE TASSIGNY",0.0,0.0
201300010547,26,8,2013,18,1,06,69,2,3,1,3,"89, ROUQUIER (BOULEVARD",0.0,0.0
201300010548,27,8,2013,10,1,06,69,2,1,1,3,"78, CANNES (ROUTE DE)  -",0.0,0.0
201300010549,28,8,2013,15,1,06,69,2,1,1,2,"11, RIOU BLANQUET (AVENU",0.0,0.0
201300010550,28,8,2013,16,1,06,69,2,1,1,7,"x, NAPOLEON (ROUTE)",0.0,0.0
201300010551,29,8,2013,12,1,06,69,2,1,1,2,"45, ORME (CHEMIN DE L')",0.0,0.0
201300010552,30,8,2013,14,1,06,69,2,2,1,5,"x, SAINT EXUPERY (AVENUE",0.0,0.0
201300010553,30,8,2013,18,1,06,69,2,1,1,1,"10-12, LIONS (AVENUE HON",0.0,0.0
201300010554,3,9,2013,19,1,06,69,2,2,1,3,"x, COMTESSES (CHEMIN ET",0.0,0.0
201300010555,3,9,2013,20,1,06,69,2,1,1,7,BARTHOU (BOULEVARD ET ES,0.0,0.0
201300010556,5,9,2013,9,1,06,69,2,1,1,1,"8, DUVAL (AVENUE MATHIAS",0.0,0.0
201300010557,5,9,2013,12,1,06,69,2,1,1,6,"15, THIERS (AVENUE)",0.0,0.0
201300010558,5,9,2013,13,1,06,69,2,1,1,4,"x, ROUQUIER (BOULEVARD E",0.0,0.0
201300010559,5,9,2013,18,1,06,69,2,1,1,7,"25, COLLET DE SAINT MARC",0.0,0.0
201300010560,5,9,2013,21,2,06,69,2,1,1,2,"X, ROUQUIER (BOULEVARD E",0.0,0.0
201300010561,6,9,2013,16,1,06,69,2,1,1,6,"29, DE LATTRE DE TASSIGN",0.0,0.0
201300010562,12,9,2013,18,1,06,69,2,1,1,3,"x, PEGOMAS (ROUTE DE)",0.0,0.0
201300010563,14,9,2013,11,1,06,69,2,1,1,7,"89, ROUQUIER (BOULEVARD",0.0,0.0
201300010564,14,9,2013,11,1,06,69,2,1,1,2,"89, ROUQUIER (BOULEVARD",0.0,0.0
201300010565,14,9,2013,18,1,06,69,2,1,1,6,"93, MISTRAL (AVENUE ET P",0.0,0.0
201300010566,15,9,2013,9,1,06,69,2,1,1,7,"56, DE LATTRE DE TASSIGN",0.0,0.0
201300010567,17,9,2013,11,1,06,69,2,1,1,6,"96, POMPIDOU (AVENUE GEO",0.0,0.0
201300010568,17,9,2013,18,1,06,69,2,1,1,2,"x, PROVENCE (AVENUE DE)",0.0,0.0
201300010569,18,9,2013,17,1,06,69,2,1,1,1,"55, PROVENCE (AVENUE DE)",0.0,0.0
201300010570,19,9,2013,12,1,06,69,2,1,1,2,"116, ORME (CHEMIN DE L')",0.0,0.0
201300010571,20,9,2013,18,1,06,69,2,1,1,2,"27, THIERS (AVENUE)",0.0,0.0
201300010572,24,9,2013,8,1,06,69,2,1,1,2,"6, CAPUCINS (CHEMIN ET I",0.0,0.0
201300010573,24,9,2013,8,1,06,69,2,1,1,7,"50, CROISSET (AVENUE FR.",0.0,0.0
201300010574,24,9,2013,17,1,06,69,2,1,7,6,"9, MISTRAL (AVENUE ET PL",0.0,0.0
201300010575,25,9,2013,20,2,06,69,2,1,1,6,"3, BAUDOIN (AVENUE YVES",0.0,0.0
201300010576,25,9,2013,7,1,06,69,2,1,1,3,"105, MISTRAL (AVENUE ET",0.0,0.0
201300010577,25,9,2013,8,1,06,69,2,1,1,3,"34, CAVALERIE (CHEMIN ET",0.0,0.0
201300010578,25,9,2013,10,1,06,69,2,1,1,7,"x, CARNOT (BOULEVARD ET",0.0,0.0
201300010579,25,9,2013,13,1,06,69,2,1,1,5,"270, CANNES (ROUTE DE)",0.0,0.0
201300010580,25,9,2013,14,1,06,69,2,1,1,3,"66, POMPIDOU (AVENUE GEO",0.0,0.0
201300010581,26,9,2013,8,1,06,69,2,1,1,6,"18, VICTOR HUGO  (BD)",0.0,0.0
201300010582,26,9,2013,17,1,06,69,2,1,1,7,"5, SAINT EXUPERY (AVENUE",0.0,0.0
201300010583,29,9,2013,15,1,06,69,2,1,3,6,"x, DRAGUIGNAN (ROUTE DE)",0.0,0.0
201300010584,1,10,2013,11,1,06,69,2,1,1,1,"3, DE GAULLE (AVENUE DU",0.0,0.0
201300010585,3,10,2013,13,1,06,69,2,6,1,3,"x, LECLERC (BOULEVARD DU",0.0,0.0
201300010586,4,10,2013,16,1,06,69,2,1,1,7,"x, AURIBEAU (ROUTE D') -",0.0,0.0
201300010587,4,10,2013,16,1,06,69,2,1,1,3,"57, ORME (CHEMIN DE L')",0.0,0.0
201300010588,7,10,2013,8,1,06,69,2,1,1,3,"x, LIBERATION (AVENUE DE",0.0,0.0
201300010589,8,10,2013,13,1,06,69,2,1,1,3,"40, MISTRAL (AVENUE ET P",0.0,0.0
201300010590,9,10,2013,11,1,06,69,2,1,1,6,"3, MOUANS (ROUTE DE)",0.0,0.0
201300010591,9,10,2013,12,1,06,69,2,1,1,3,"70, ORME (CHEMIN DE L')",0.0,0.0
201300010592,10,10,2013,15,1,06,69,2,1,1,3,"134, CANNES (ROUTE DE)",0.0,0.0
201300010593,14,10,2013,20,5,06,69,2,1,1,3,"22, PROVENCE (AVENUE DE)",0.0,0.0
201300010594,21,10,2013,8,1,06,69,2,1,1,2,"x, PEGOMAS (ROUTE DE)",0.0,0.0
201300010595,21,10,2013,14,1,06,69,2,1,1,3,"59, ORME (CHEMIN DE L')",0.0,0.0
201300010596,22,10,2013,13,1,06,69,2,1,1,7,"22, MOULIN DE BRUN (CHEM",0.0,0.0
201300010597,22,10,2013,18,2,06,69,2,1,1,1,"x, ROUQUIER (BOULEVARD E",0.0,0.0
201300010598,22,10,2013,19,5,06,69,2,1,1,7,"x, ROUQUIER (BOULEVARD E",0.0,0.0
201300010599,23,10,2013,19,2,06,69,2,1,2,3,"x, DRAGUIGNAN (ROUTE DE)",0.0,0.0
201300010600,24,10,2013,9,1,06,69,2,1,1,7,"x, NAPOLEON (ROUTE)",0.0,0.0
201300010601,27,10,2013,18,2,06,69,2,1,1,7,"x, TOURACHE (CHEMIN DE L",0.0,0.0
201300010602,28,10,2013,12,1,06,69,2,1,1,6,"1, DE LATTRE DE TASSIGNY",0.0,0.0
201300010603,29,10,2013,10,1,06,69,2,1,2,7,"50, CANNES (ROUTE DE)  -",0.0,0.0
201300010604,30,10,2013,19,3,06,69,2,1,2,1,"X, DRAGUIGNAN (ROUTE DE)",0.0,0.0
201300010605,2,11,2013,1,5,06,69,2,1,1,6,"x, CANNES (ROUTE DE)  -R",0.0,0.0
201300010606,3,11,2013,16,1,06,69,2,4,1,3,"16, VICTORIA (AVENUE ET",0.0,0.0
201300010607,3,11,2013,17,2,06,69,2,1,6,2,"72, BELLETRUD (BOULEVARD",0.0,0.0
201300010608,6,11,2013,15,1,06,69,2,1,7,6,"3, DE GAULLE (AVENUE DU",0.0,0.0
201300010609,6,11,2013,18,2,06,69,2,1,1,4,"x, SAINT LAURENT (AVENUE",0.0,0.0
201300010610,8,11,2013,18,1,06,69,2,3,1,1,"X, PLAN (ROUTE DU) -D304",0.0,0.0
201300010611,10,11,2013,12,1,06,69,2,1,1,7,"126, PLASCASSIER (route",0.0,0.0
201300010612,15,11,2013,9,1,06,69,2,1,2,4,"x, MARIGARDE (ROUTE DE L",0.0,0.0
201300010613,18,11,2013,17,5,06,69,2,1,2,6,"117, CANNES (ROUTE DE)",0.0,0.0
201300010614,19,11,2013,15,1,06,69,2,6,2,3,"50, CANNES (ROUTE DE)",0.0,0.0
201300010615,20,11,2013,12,1,06,69,2,3,1,3,"x, CANNES (ROUTE DE)  -R",0.0,0.0
201300010616,22,11,2013,12,1,06,69,2,1,8,3,"25, ROUQUIER (BOULEVARD",0.0,0.0
201300010617,25,11,2013,11,1,06,69,2,1,1,2,"309, CANNES (ROUTE DE)",0.0,0.0
201300010618,27,11,2013,8,1,06,69,2,1,1,2,"20, SAINTE LORETTE (AVEN",0.0,0.0
201300010619,27,11,2013,9,1,06,69,2,1,1,6,"122, CANNES (ROUTE DE)",0.0,0.0
201300010620,27,11,2013,16,1,06,69,2,1,1,2,"3, BAUDOIN (AVENUE YVES",0.0,0.0
201300010621,28,11,2013,11,1,06,69,1,1,1,5,"x, CARIGNANT (CHEMIN DU)",0.0,0.0
201300010622,28,11,2013,12,1,06,69,2,1,1,2,"x, PEGOMAS (ROUTE DE)",0.0,0.0
201300010623,28,11,2013,17,5,06,69,2,1,1,1,"270, CANNES (ROUTE DE)",0.0,0.0
201300010624,29,11,2013,7,2,06,69,2,1,1,6,"x, SIDI BRAHIM (AVENUE)",0.0,0.0
201300010625,29,11,2013,23,5,06,69,2,1,1,5,"X, DRAGUIGNAN (ROUTE DE)",0.0,0.0
201300010626,30,11,2013,10,1,06,69,2,1,2,7,"x, RIOU BLANQUET (TRAVER",0.0,0.0
201300010627,30,11,2013,18,2,06,69,2,1,1,2,"45, MISTRAL (AVENUE ET P",0.0,0.0
201300010628,7,12,2013,11,1,06,69,2,1,1,6,"57, PAGNOL (BOULEVARD MA",0.0,0.0
201300010629,7,12,2013,13,1,06,69,2,1,1,3,"47, DUVAL (AVENUE MATHIA",0.0,0.0
201300010630,12,12,2013,8,1,06,69,2,1,1,7,"18, SAINT LAURENT (AVENU",0.0,0.0
201300010631,12,12,2013,14,1,06,69,2,1,1,6,"158, CANNES (ROUTE DE)",0.0,0.0
201300010632,12,12,2013,16,1,06,69,2,1,7,6,"23, CANTEPERDRIX (CHEMIN",0.0,0.0
201300010633,13,12,2013,14,1,06,69,2,1,1,7,"192, PEGOMAS (ROUTE DE)",0.0,0.0
201300010634,15,12,2013,14,1,06,69,2,1,1,3,"33, LIBERATION (AVENUE D",0.0,0.0
201300010635,16,12,2013,10,1,06,69,2,1,7,6,"25, PAOUTE (ROUTE ET TRA",0.0,0.0
201300010636,19,12,2013,9,1,06,69,2,1,2,5,"x, DRAGUIGNAN (ROUTE DE)",0.0,0.0
201300010637,19,12,2013,16,1,06,69,2,1,2,7,"70, PASTEUR (BOULEVARD)",0.0,0.0
201300010638,21,12,2013,10,1,06,69,2,1,2,7,"117, PASTEUR (BOULEVARD)",0.0,0.0
201300010639,22,12,2013,13,1,06,69,2,1,2,5,"x, DRAGUIGNAN (ROUTE DE)",0.0,0.0
201300010640,23,12,2013,5,5,06,69,2,1,1,7,"65, DRAGUIGNAN (ROUTE DE",0.0,0.0
201300010641,28,12,2013,21,3,06,69,1,1,1,6,"x, NAPOLEON (ROUTE)",0.0,0.0
201300010642,30,12,2013,11,1,06,69,2,1,1,3,"24, GRAND CHENE (CHEMIN",0.0,0.0
201300010643,8,1,2013,18,5,06,83,2,1,1,6,"649, SOLEIL (PROMENADE D",0.0,0.0
201300010644,9,1,2013,18,5,06,83,2,3,1,3,"5, FAURE (AVENUE FELIX)",0.0,0.0
201300010645,14,12,2013,16,2,06,104,2,4,1,1,"2, KENNEDY (AVENUE PRESI",0.0,0.0
201300010646,18,1,2013,7,2,06,104,2,1,1,3,"7, FRANCE (AVENUE DE)",0.0,0.0
201300010647,17,1,2013,19,3,06,104,2,1,1,3,"0, AGERBOL (AVENUE D')",0.0,0.0
201300010648,29,1,2013,15,1,06,83,2,1,1,6,"96, ALLIES (AVENUE DES)",0.0,0.0
201300010649,31,1,2013,15,1,06,12,2,3,1,2,"0, AGERBOL (AVENUE D')",0.0,0.0
201300010650,8,2,2013,11,1,06,83,2,1,1,3,"1292, SOLEIL (PROMENADE",0.0,0.0
201300010651,1,3,2013,19,5,06,83,2,3,1,6,"1, COTY (COURS RENE, SEN",0.0,0.0
201300010652,21,3,2013,17,1,06,104,2,1,1,6,"392, PLAGE (AVENUE DE LA",0.0,0.0
201300010653,29,3,2013,11,1,06,104,1,3,1,7,"1400, SERRET (AVENUE DU)",0.0,0.0
201300010654,6,4,2013,23,5,06,104,2,1,1,6,"21, DOUMER (AVENUE PAUL)",0.0,0.0
201300010655,14,4,2013,5,5,06,12,2,1,1,1,"14, CENTRE (BRETELLE DU)",0.0,0.0
201300010656,16,4,2013,11,1,06,83,2,1,1,3,"7, LOUVRE (RUE DU)",0.0,0.0
201300010657,28,4,2013,22,5,06,83,2,3,8,3,"18, BOYER (AVENUE)",0.0,0.0
201300010658,11,4,2013,6,2,06,104,2,1,1,3,"171, PASTEUR (AVENUE, N?",0.0,0.0
201300010659,10,5,2013,10,1,06,104,2,1,1,6,"37, HANOTEAUX (AVENUE GA",0.0,0.0
201300010660,12,5,2013,13,1,06,83,2,1,1,7,BOSANO (RUE LIEUTENANT),0.0,0.0
201300010661,4,5,2013,19,2,06,104,2,1,1,6,HANOTEAUX (AVENUE GABRIE,0.0,0.0
201300010662,5,5,2013,18,1,06,83,2,3,1,3,DE GAULLE (AVENUE GENERA,0.0,0.0
201300010663,6,5,2013,14,1,06,104,2,1,1,3,"36, FRANCE (AVENUE DE)",0.0,0.0
201300010664,6,5,2013,10,1,06,83,2,3,1,3,"400, CENTENAIRE (COURS D",0.0,0.0
201300010665,9,5,2013,0,5,06,83,2,2,1,3,"SOLEIL (PROMENADE DU, N?",0.0,0.0
201300010666,11,5,2013,10,1,06,83,2,1,1,6,"11, FRANCE (AVENUE PORTE",0.0,0.0
201300010667,20,5,2013,18,1,06,83,2,1,1,6,DELATTRE DE TASSIGNY (AL,0.0,0.0
201300010668,21,5,2013,18,1,06,83,2,1,1,3,"8, MAGENTA (RUE, N? 5 ET",0.0,0.0
201300010669,22,5,2013,4,2,06,104,2,1,1,6,"23, FRANCE (AVENUE DE)",0.0,0.0
201300010670,22,5,2013,17,1,06,104,2,1,2,3,"23, FRANCE (AVENUE DE)",0.0,0.0
201300010671,24,5,2013,10,1,06,83,2,3,1,6,"10, REPUBLIQUE (RUE DE L",0.0,0.0
201300010672,31,5,2013,13,1,06,104,2,1,1,6,"63 bis, SCHUMANN (PROMEN",0.0,0.0
201300010673,6,6,2013,9,1,06,83,2,3,1,5,"45, ST ROMAN (AVENUE)",0.0,0.0
201300010674,13,6,2013,11,1,06,104,2,1,1,3,"198 bis, VERDUN (AVENUE",0.0,0.0
201300010675,12,6,2013,12,1,06,104,2,1,1,3,"40, CHURCHILL (AVENUE WI",0.0,0.0
201300010676,18,6,2013,21,5,06,83,2,1,1,6,"48, LECLERC (PROMENADE M",43.7804,7.49416
201300010677,20,6,2013,10,1,06,12,2,1,3,1,PRINCE RAINIER III (AVEN,0.0,0.0
201300010678,22,6,2013,11,1,06,104,1,1,1,6,DOUMER (AVENUE PAUL),0.0,0.0
201300010679,20,6,2013,20,1,06,83,2,1,1,2,"1131, SOLEIL (PROMENADE",0.0,0.0
201300010680,4,7,2013,15,1,06,83,2,6,1,6,"19, VICTOIRES (PLACE DES",0.0,0.0
201300010681,11,7,2013,0,5,06,104,2,1,1,5,KENNEDY (AVENUE PRESIDEN,0.0,0.0
201300010682,20,7,2013,0,5,06,104,1,1,1,6,KENNEDY (AVENUE PRESIDEN,0.0,0.0
201300010683,20,7,2013,17,1,06,83,2,2,1,5,"0, GUYAU (RUE)",0.0,0.0
201300010684,28,7,2013,0,5,06,83,2,1,1,6,"10, MONLEON (QUAI)",0.0,0.0
201300010685,28,7,2013,4,3,06,104,1,1,1,1,AGERBOL (AVENUE D'),0.0,0.0
201300010686,4,8,2013,4,5,06,83,2,3,1,3,MADONE (AVENUE DE LA),0.0,0.0
201300010687,10,8,2013,23,5,06,83,2,3,1,3,"2, BOSANO (RUE LIEUTENAN",0.0,0.0
201300010688,7,8,2013,19,1,06,83,2,1,1,2,"43, GORBIO (ROUTE DE)",0.0,0.0
201300010689,18,8,2013,9,1,06,104,2,1,1,3,"36, CHURCHILL (AVENUE WI",0.0,0.0
201300010690,23,8,2013,21,5,06,83,2,3,1,3,MADONE (AVENUE DE LA),0.0,0.0
201300010691,6,8,2013,8,1,06,12,2,3,1,3,PRINCE RAINIER III (AVEN,0.0,0.0
201300010692,9,9,2013,16,1,06,83,2,3,1,6,GREVILLE (RUE HENRI),0.0,0.0
201300010693,15,9,2013,3,5,06,104,2,1,1,7,"81, PEGLION (RUE ANTOINE",0.0,0.0
201300010694,1,10,2013,2,5,06,83,2,1,1,7,"0, FAURE (AVENUE FELIX)",0.0,0.0
201300010695,30,9,2013,17,1,06,104,2,1,1,3,"131, VERDUN (AVENUE DE,",0.0,0.0
201300010696,26,8,2013,8,1,06,83,2,2,1,3,GUYAU (RUE),0.0,0.0
201300010697,24,9,2013,17,5,06,104,2,1,1,7,"83, AZUR (AVENUE DE LA C",0.0,0.0
201300010698,22,10,2013,23,5,06,83,2,1,1,1,"1, EUGENIE (QUAI IMPERAT",0.0,0.0
201300010699,23,10,2013,11,1,06,12,2,1,2,5,"35, GUYNEMER (BOULEVARD)",0.0,0.0
201300010700,7,11,2013,17,2,06,104,2,1,1,1,MONLEON (AVENUE SYLVIO D,0.0,0.0
201300010701,13,11,2013,20,3,06,83,2,1,1,7,SOSPEL (ROUTE DE ),0.0,0.0