Num_Acc,jour,mois,an,hr,condition_eclairage,departement,commune,condition_agglomeration,intersection,condition_atmosphere,type_collision,adresse,lattitude,longitude
201300010702,16,11,2013,0,5,06,83,2,1,1,6,TARDIEU (CORNICHE ANDRE),0.0,0.0
201300010703,16,11,2013,5,5,06,104,2,1,1,1,"145, VERDUN (AVENUE DE,",0.0,0.0
201300010704,10,11,2013,19,5,06,104,2,3,1,3,"ANGLE, VERDUN (AVENUE DE",0.0,0.0
201300010705,12,12,2013,20,5,06,12,1,3,1,1,PRINCE RAINIER III (AVEN,0.0,0.0
201300010706,19,12,2013,8,1,06,83,2,1,2,6,"SOLEIL (PROMENADE DU, N?",0.0,0.0
201300010707,17,12,2013,10,1,06,83,2,3,1,6,"1, MUNET (RUE DES SOEURS",0.0,0.0
201300010708,29,12,2013,17,2,06,12,2,3,1,2,"CORNICHE (MOYENNE, N? 1",0.0,0.0
201300010709,2,1,2013,10,1,06,88,2,1,1,4,"0, COTY (PONT RENE)",0.0,0.0
201300010710,2,1,2013,18,5,06,88,2,1,1,2,"0, GRENOBLE (ROUTE DE)",0.0,0.0
201300010711,3,1,2013,10,1,06,88,2,1,1,6,"762, RD 6202",0.0,0.0
201300010712,3,1,2013,10,1,06,88,1,1,1,6,"0, RD 6202",0.0,0.0
201300010713,3,1,2013,14,1,06,88,2,1,1,3,"0, TURIN (RTE DE)",0.0,0.0
201300010714,4,1,2013,12,1,06,88,2,1,1,6,"0, HUGO (BD VICTOR)",0.0,0.0
201300010715,5,1,2013,20,5,06,88,2,1,1,3,"5, DELOYE (RUE GUSTAVE)",0.0,0.0
201300010716,5,1,2013,21,5,06,88,2,1,1,6,"0, PAPE JEAN XXIII (BD)",0.0,0.0
201300010717,7,1,2013,8,1,06,88,2,1,1,6,"0, CASSIN (BD RENE)",0.0,0.0
201300010718,7,1,2013,11,1,06,88,2,1,1,3,"61, STE-MARGUERITE (AV.)",0.0,0.0
201300010719,7,1,2013,16,1,06,88,2,3,1,3,"0, ETATS UNIS (QUAI DES)",0.0,0.0
201300010720,8,1,2013,11,1,06,88,2,1,1,3,"18, SAINT-JEAN BAPTISTE",0.0,0.0
201300010721,8,1,2013,18,5,06,88,2,1,1,6,"0, MEDECIN (AV. JEAN)",0.0,0.0
201300010722,11,1,2013,8,1,06,88,2,1,1,3,ABATTOIRS (PASS. DES),0.0,0.0
201300010723,11,1,2013,8,1,06,88,2,1,1,6,"41, LANTERNE (AV. DE LA)",0.0,0.0
201300010724,12,1,2013,14,1,06,88,1,1,1,6,"0, ASPREMONT (RTE D')",0.0,0.0
201300010725,13,1,2013,18,5,06,88,2,1,1,3,"0, ANGLAIS (A PARTIR DU",0.0,0.0
201300010726,14,1,2013,7,2,06,88,2,1,1,2,"130, PESSICART (JUSQU'AU",0.0,0.0
201300010727,14,1,2013,14,1,06,88,2,2,2,3,"0, MARSHALL (PL. GENERAL",0.0,0.0
201300010728,14,1,2013,14,1,06,88,2,2,1,3,"0, SAINT-PHILIPPE (PL.)",0.0,0.0
201300010729,15,1,2013,17,5,06,88,2,1,1,2,"39, LAMARTINE (R.)",0.0,0.0
201300010730,16,1,2013,3,5,06,88,2,6,1,3,"0, BAREL (PLACE MAX)",0.0,0.0
201300010731,16,1,2013,10,1,06,88,2,1,1,6,"0, ALPHONSE 1ER (RUE)",0.0,0.0
201300010732,16,1,2013,15,1,06,88,2,1,1,1,"9, LISERONS (IMPASSE DES",0.0,0.0
201300010733,16,1,2013,18,5,06,88,2,1,1,6,"28, MADELEINE (BD DE LA)",0.0,0.0
201300010734,17,1,2013,6,5,06,88,2,1,4,2,"26, MADELEINE (BD DE LA)",0.0,0.0
201300010735,17,1,2013,11,1,06,88,2,1,1,4,"0, VOIE RAPIDE",0.0,0.0
201300010736,17,1,2013,13,1,06,88,2,1,1,3,"58, SAINT-AUGUSTIN (AV.",0.0,0.0
201300010737,18,1,2013,20,5,06,88,2,1,1,6,"0, GAMBETTA (A PARTIR DU",0.0,0.0
201300010738,19,1,2013,17,4,06,88,2,1,2,6,"1, CARLONE (BD)",0.0,0.0
201300010739,20,1,2013,17,2,06,88,2,1,3,6,"52 bis, RIQUIER (BD DE)",0.0,0.0
201300010740,20,1,2013,17,1,06,88,2,1,3,6,"81, PAILLOS (RTE DE LA)",0.0,0.0
201300010741,21,1,2013,12,1,06,88,2,3,1,3,"79, BESSET (AV.) (A PART",0.0,0.0
201300010742,21,1,2013,17,4,06,88,2,1,1,2,"0, GRENOBLE (ROUTE DE)",0.0,0.0
201300010743,22,1,2013,7,1,06,88,1,1,1,4,"0, PENETRANTE DU PAILLON",0.0,0.0
201300010744,22,1,2013,17,5,06,88,2,1,1,6,"0, VERANY (BD J.B.)",0.0,0.0
201300010745,23,1,2013,10,1,06,88,2,2,3,3,"0, LANTERNE (AV. DE LA)",0.0,0.0
201300010746,23,1,2013,13,1,06,88,2,1,2,6,"276, ANGLAIS PLAGE (DU 2",0.0,0.0
201300010747,24,1,2013,9,1,06,88,2,1,1,6,"82, BESSET (AV.) (A PART",0.0,0.0
201300010748,24,1,2013,9,1,06,88,2,1,1,2,"0, GINESTIERE (CH. DE LA",0.0,0.0
201300010749,24,1,2013,14,1,06,88,2,1,1,3,"0, ALLEGRE (AV. JEAN)",0.0,0.0
201300010750,25,1,2013,8,1,06,88,2,1,1,3,"0, MARCEAU (R.)",0.0,0.0
201300010751,25,1,2013,13,1,06,88,2,1,1,6,"0, ARSON (RUE)",0.0,0.0
201300010752,25,1,2013,15,1,06,88,2,1,1,6,"39, GAMBETTA (JUSQU'AU N",0.0,0.0
201300010753,25,1,2013,22,5,06,88,2,3,1,3,"0, FAURE (AV. FELIX)",0.0,0.0
201300010754,26,1,2013,5,5,06,88,2,1,1,6,"37, MATISSE (AV. HENRI)",0.0,0.0
201300010755,28,1,2013,16,1,06,88,2,1,1,3,"0, TURIN (RTE DE)",0.0,0.0
201300010756,29,1,2013,13,1,06,88,2,1,1,6,"0, TURIN (RTE DE)",0.0,0.0
201300010757,29,1,2013,18,2,06,88,2,1,1,3,"5, FERAUD (R. RAYMOND)",0.0,0.0
201300010758,30,1,2013,8,1,06,88,2,1,1,3,"12, PASTEUR (BD)",0.0,0.0
201300010759,30,1,2013,15,1,06,88,2,3,1,3,"6, BARLA (RUE)",0.0,0.0
201300010760,31,1,2013,11,1,06,88,2,1,1,2,"223, ANGLAIS (DU N? 114",0.0,0.0
201300010761,31,1,2013,15,1,06,88,2,1,1,4,"0, VOIE RAPIDE",0.0,0.0
201300010762,31,1,2013,17,1,06,88,2,1,1,6,"39, MATISSE (AV. HENRI)",0.0,0.0
201300010763,1,2,2013,13,1,06,88,2,2,1,3,FAURE (AV. FELIX),0.0,0.0
201300010764,1,2,2013,15,1,06,88,2,2,1,6,"0, DIABLES BLEUS (AV. DE",0.0,0.0
201300010765,1,2,2013,18,1,06,88,2,1,1,3,"93, BESSET (AV.) (A PART",0.0,0.0
201300010766,2,2,2013,10,1,06,88,2,1,1,3,"17, ARMEE DES ALPES (BD",0.0,0.0
201300010767,3,2,2013,16,1,06,88,2,2,1,3,"0, SLAMA (RUE MAURICE)",0.0,0.0
201300010768,4,2,2013,9,1,06,88,2,2,1,6,"0, FAURE (AV. FELIX)",0.0,0.0
201300010769,4,2,2013,10,1,06,88,2,6,1,3,"0, SAND (AV. GEORGE) (DU",0.0,0.0
201300010770,4,2,2013,17,1,06,88,2,1,1,6,"17, JOLY (CORNICHE ANDRE",0.0,0.0
201300010771,5,2,2013,7,1,06,88,2,1,1,6,"1757, BELLA VISTA (AV.)",0.0,0.0
201300010772,5,2,2013,10,1,06,88,2,2,1,3,"0, TURIN (RTE DE)",0.0,0.0
201300010773,5,2,2013,11,1,06,88,2,1,1,6,"0, MONTEL (BD PAUL)",0.0,0.0
201300010774,5,2,2013,16,1,06,88,2,1,1,4,"0, VOIE RAPIDE",0.0,0.0
201300010775,6,2,2013,10,1,06,88,2,1,1,6,"17, AMEDEE VII (COMTE RO",0.0,0.0
201300010776,6,2,2013,15,1,06,88,2,1,1,3,"0, GRENOBLE (ROUTE DE)",0.0,0.0
201300010777,7,2,2013,7,2,06,88,2,2,1,3,"0, FAURE (AV. FELIX)",0.0,0.0
201300010778,7,2,2013,10,1,06,88,2,1,1,3,"0, ANGLAIS (A PARTIR DU",0.0,0.0
201300010779,7,2,2013,11,1,06,88,2,1,1,3,"42, ROMAINE (AV. DE LA V",0.0,0.0
201300010780,7,2,2013,15,1,06,88,2,1,1,2,"58, CORNICHE FLEURIE (AV",0.0,0.0
201300010781,7,2,2013,16,1,06,88,2,1,1,1,"69, SAPPIA (AV. HENRI)",0.0,0.0
201300010782,7,2,2013,18,5,06,88,2,1,1,6,"0, VOIE RAPIDE",0.0,0.0
201300010783,7,2,2013,19,1,06,88,2,1,1,6,"101, ARENES DE CIMIEZ (A",0.0,0.0
201300010784,8,2,2013,17,2,06,88,2,1,1,3,"71, ETATS UNIS (QUAI DES",0.0,0.0
201300010785,11,2,2013,14,1,06,88,2,1,2,6,"36, TRACHEL (RUE)",0.0,0.0
201300010786,11,2,2013,18,1,06,88,2,1,1,6,"0, BESSET (AV.) (A PARTI",0.0,0.0
201300010787,12,2,2013,7,1,06,88,2,1,1,2,"0, BARLA (TRAV.)",0.0,0.0
201300010788,12,2,2013,15,1,06,88,2,1,1,6,"0, KARR (R. ALPHONSE)",0.0,0.0
201300010789,12,2,2013,17,2,06,88,2,1,1,6,"49, RAY (AV. DU)",0.0,0.0
201300010790,12,2,2013,23,5,06,88,2,2,1,3,"0, FODERE (R. ET IMP.)",0.0,0.0
201300010791,13,2,2013,10,1,06,88,2,1,1,6,"54, ESTIENNE -D'ORVES (A",0.0,0.0
201300010792,13,2,2013,15,1,06,88,2,1,1,6,"0, ARIANE (BD DE L')",43.73455,7.29681
201300010793,13,2,2013,17,1,06,88,2,1,1,6,"0, RD 6202",0.0,0.0
201300010794,14,2,2013,12,1,06,88,2,1,1,6,"38, MADELEINE (BD DE LA)",0.0,0.0
201300010795,14,2,2013,13,1,06,88,2,1,1,6,"144, CARNOT (BD)",0.0,0.0
201300010796,14,2,2013,17,2,06,88,2,1,1,4,"52 bis, BRANCOLAR (AV.)",0.0,0.0
201300010797,14,2,2013,20,5,06,88,2,1,1,6,"0, GRENOBLE (ROUTE DE)",0.0,0.0
201300010798,15,2,2013,7,5,06,88,2,1,1,2,"0, PENETRANTE DU PAILLON",0.0,0.0
201300010799,15,2,2013,13,1,06,88,2,1,1,2,"0, GRENOBLE (ROUTE DE)",0.0,0.0
201300010800,16,2,2013,18,5,06,88,2,1,1,6,"32, BRAILLE (BD LOUIS)",0.0,0.0
201300010801,16,2,2013,23,5,06,88,2,1,2,6,"0, ANGLAIS (A PARTIR DU",0.0,0.0
201300010802,17,2,2013,12,1,06,88,2,1,1,4,"0, MALRAUX (VOIE ET TUNN",0.0,0.0
201300010803,17,2,2013,18,4,06,88,2,1,2,6,"12, CESSOLE (BD DE) (JUS",0.0,0.0
201300010804,18,2,2013,8,1,06,88,2,1,1,6,"21, VAUBAN (R. MARECHAL)",0.0,0.0
201300010805,19,2,2013,8,1,06,88,2,3,1,6,"0, VILLE (R. GEORGES)",0.0,0.0
201300010806,19,2,2013,12,1,06,88,2,1,1,6,"1, SAND (AV. GEORGE) (DU",0.0,0.0
201300010807,20,2,2013,16,1,06,88,2,3,1,3,"0, ROQUEBILLIERE (R. DE)",0.0,0.0
201300010808,20,2,2013,18,2,06,88,2,1,1,3,"38, CIMIEZ (BD) A PARTIR",0.0,0.0
201300010809,20,2,2013,19,5,06,88,2,2,1,3,"89, ETATS UNIS (QUAI DES",0.0,0.0
201300010810,21,2,2013,7,1,06,88,2,1,1,3,"244, TURIN (RTE DE)",0.0,0.0
201300010811,21,2,2013,10,1,06,88,2,1,1,2,"101, ANGLAIS (DU N? 45 A",0.0,0.0
201300010812,22,2,2013,8,1,06,88,2,1,1,6,"1, PASTEUR (BD)",0.0,0.0
201300010813,22,2,2013,19,5,06,88,2,1,2,3,"272, CALIFORNIE (AV.) (A",0.0,0.0
201300010814,23,2,2013,7,2,06,88,2,1,1,6,"0, RIVOLI (R. DE)",0.0,0.0
201300010815,25,2,2013,16,1,06,88,2,1,1,6,"105, ANGLAIS (DU N? 45 A",0.0,0.0
201300010816,24,2,2013,20,5,06,88,2,2,3,3,"0, RAIMBALDI (BD)",0.0,0.0
201300010817,25,2,2013,1,5,06,88,2,1,2,6,"259, FABRON (AV. DE) (A",0.0,0.0
201300010818,25,2,2013,14,1,06,88,2,1,1,6,"17, ROQUEBILLIERE (R. DE",0.0,0.0
201300010819,25,2,2013,17,1,06,88,2,1,1,6,"0, MASSENA (PLACE)",0.0,0.0
201300010820,26,2,2013,16,1,06,88,2,1,1,6,"3, FREMONT (AV.)",0.0,0.0
201300010821,26,2,2013,22,5,06,88,2,2,1,3,"0, DABRAY (RUE ET IMP.)",0.0,0.0
201300010822,28,2,2013,7,1,06,88,2,2,1,3,"0, SAINT-SYLVESTRE (AV.",0.0,0.0
201300010823,2,3,2013,10,1,06,88,2,1,1,6,"2, ROSSINI (R.)",0.0,0.0
201300010824,2,3,2013,11,1,06,88,2,1,1,1,"12, CESSOLE (BD DE) (JUS",0.0,0.0
201300010825,2,3,2013,13,1,06,88,2,1,1,3,"45, GAMBETTA (JUSQU'AU N",0.0,0.0
201300010826,4,3,2013,14,1,06,88,2,2,1,6,"144, CESSOLE (BD DE) (A",0.0,0.0
201300010827,4,3,2013,16,1,06,88,2,1,1,3,"123, BRANCOLAR (AV.) (A",0.0,0.0
201300010828,5,3,2013,8,1,06,88,2,1,1,3,"396, STE-MARGUERITE (AV.",0.0,0.0
201300010829,5,3,2013,8,1,06,88,2,1,1,6,"3, MEDECIN (PL. ALEXANDR",0.0,0.0
201300010830,5,3,2013,8,1,06,88,1,1,1,3,"84, JOLY (CORNICHE ANDRE",0.0,0.0
201300010831,6,3,2013,7,1,06,88,2,6,1,3,"0, DIABLES BLEUS (AV. DE",0.0,0.0
201300010832,6,3,2013,7,1,06,88,2,1,2,4,"230, TURIN (RTE DE)",0.0,0.0
201300010833,6,3,2013,11,1,06,88,2,1,3,2,"0, ANGLAIS (DU N? 265 AU",0.0,0.0
201300010834,6,3,2013,17,1,06,88,2,1,2,2,"59, ETATS UNIS (QUAI DES",0.0,0.0
201300010835,7,3,2013,8,1,06,88,2,1,3,3,"8, CARABACEL (BD)",0.0,0.0
201300010836,7,3,2013,8,1,06,88,2,1,3,6,"2, JOLY (CORNICHE ANDRE",0.0,0.0
201300010837,7,3,2013,9,3,06,88,2,1,1,4,"0, TUNNEL ET VOIE MALRAU",0.0,0.0
201300010838,7,3,2013,18,2,06,88,2,1,1,3,"0, CASSIN (BD RENE)",0.0,0.0
201300010839,8,3,2013,2,5,06,88,2,1,2,6,"0, TUNNEL DU PAILLON",0.0,0.0
201300010840,9,3,2013,16,1,06,88,2,1,1,6,"0, BANVILLE (RUE THEODOR",0.0,0.0
201300010841,9,3,2013,23,5,06,88,2,1,1,1,"9, THIERS (AV.)",0.0,0.0
201300010842,10,3,2013,1,5,06,88,2,2,1,3,"0, AUBER (AV.)",0.0,0.0
201300010843,10,3,2013,17,1,06,88,2,3,1,3,"0, SAINT-SYLVESTRE (AV.",0.0,0.0
201300010844,11,3,2013,7,1,06,88,2,1,1,3,"68, RAYNAUD (BD AUGUSTE)",0.0,0.0
201300010845,11,3,2013,17,1,06,88,2,1,1,2,"230, CALIFORNIE (AV.) (J",0.0,0.0
201300010846,12,3,2013,9,1,06,88,2,1,1,2,"4, CIMIEZ (BD) JUSQU'AU",0.0,0.0
201300010847,12,3,2013,18,1,06,88,2,2,1,3,"0, FAURE (AV. FELIX)",0.0,0.0
201300010848,13,3,2013,8,1,06,88,2,1,1,6,"06, DELVALLE (RUE PROF.)",0.0,0.0
201300010849,13,3,2013,12,1,06,88,2,1,1,3,"50, BRANCOLAR (AV.) (A P",0.0,0.0
201300010850,15,3,2013,9,1,06,88,2,1,1,6,"0, TURIN (RTE DE)",0.0,0.0
201300010851,15,3,2013,15,1,06,88,2,1,1,2,"301, ANGLAIS (DU N? 265",0.0,0.0
201300010852,15,3,2013,16,1,06,88,2,1,1,2,"0, DIGUE DES FRANCAIS (T",0.0,0.0
201300010853,16,3,2013,14,1,06,88,2,1,9,6,"0, ANGLAIS (DU N? 114 AU",0.0,0.0
201300010854,16,3,2013,14,1,06,88,2,1,1,3,"30, CESSOLE (BD DE) (JUS",0.0,0.0
201300010855,18,3,2013,9,1,06,88,2,1,3,6,"0, HUGO (BD VICTOR)",0.0,0.0
201300010856,18,3,2013,15,1,06,88,2,1,1,6,"0, WILSON (PL.)",0.0,0.0
201300010857,18,3,2013,16,1,06,88,2,1,1,3,"0, CESSOLE (BD DE) (A PA",0.0,0.0
201300010858,18,3,2013,17,1,06,88,2,1,2,1,"0, PARC MARIA (AV. DU)",0.0,0.0
201300010859,18,3,2013,18,1,06,88,2,1,1,3,"21, JOLY (CORNICHE ANDRE",0.0,0.0
201300010860,19,3,2013,14,1,06,88,2,1,1,3,"0, BINET (RUE ALFRED)",0.0,0.0
201300010861,19,3,2013,15,1,06,88,2,1,1,2,"0, JAURES (BD JEAN)",0.0,0.0
201300010862,19,3,2013,15,1,06,88,2,1,1,4,"0, RD 6202",0.0,0.0
201300010863,20,3,2013,13,1,06,88,2,1,1,3,"0, CASSIN (BD RENE)",0.0,0.0
201300010864,20,3,2013,18,1,06,88,2,2,1,3,"0, MEDECIN (AV. JEAN)",0.0,0.0
201300010865,21,3,2013,8,1,06,88,2,1,1,3,"0, VAUBAN (R. MARECHAL)",0.0,0.0
201300010866,21,3,2013,10,1,06,88,2,1,1,3,"0, HOTEL DES POSTES (R.)",0.0,0.0
201300010867,21,3,2013,11,1,06,88,2,1,1,3,ALLEGRE (AV. JEAN),0.0,0.0
201300010868,22,3,2013,13,1,06,88,2,1,1,2,"08, GERMAIN (AV. HENRI)",0.0,0.0
201300010869,24,3,2013,16,1,06,88,2,2,3,4,"0, VERNIER (R.)",0.0,0.0
201300010870,24,3,2013,18,1,06,88,2,1,2,3,"0, CALIFORNIE (AV.) (DU",0.0,0.0
201300010871,24,3,2013,19,5,06,88,2,1,3,6,"27, JOLY (CORNICHE ANDRE",0.0,0.0
201300010872,25,3,2013,22,5,06,88,2,2,1,1,"0, GAMBETTA (JUSQU'AU N?",0.0,0.0
201300010873,26,3,2013,7,1,06,88,2,1,9,6,"38, ESTIENNE -D'ORVES (A",0.0,0.0
201300010874,26,3,2013,14,1,06,88,2,1,1,3,"0, GAUTHIER (R. ANTOINE)",0.0,0.0
201300010875,28,3,2013,9,1,06,88,2,1,1,4,"88, POMPIDOU (BD GEORGES",0.0,0.0
201300010876,27,3,2013,11,1,06,88,2,1,1,3,"0, DIABLES BLEUS (AV. DE",0.0,0.0
201300010877,27,3,2013,20,5,06,88,2,1,1,3,"0, MAETERLINCK (BD M.)",0.0,0.0
201300010878,28,3,2013,13,1,06,88,2,2,2,3,"0, ANGLAIS (A PARTIR DU",0.0,0.0
201300010879,28,3,2013,17,1,06,88,2,1,3,3,"0, NAPOLEON III (PONT)",0.0,0.0
201300010880,28,3,2013,17,1,06,159,2,1,3,3,"0, JOFFRE (AVENUE)",0.0,0.0
201300010881,28,3,2013,20,5,06,88,2,1,2,2,VOIE RAPIDE,0.0,0.0
201300010882,29,3,2013,7,1,06,88,2,2,1,3,"0, MARSHALL (PL. GENERAL",0.0,0.0
201300010883,29,3,2013,7,1,06,88,2,1,1,6,"141, GAMBETTA (A PARTIR",0.0,0.0
201300010884,29,3,2013,9,1,06,88,2,1,1,2,"31, MARNE (AV. DE LA)",0.0,0.0
201300010885,30,3,2013,5,5,06,88,2,1,3,6,"268, CALIFORNIE (AV.) (A",0.0,0.0
201300010886,2,4,2013,16,1,06,88,2,1,1,3,"178, GRENOBLE (ROUTE DE)",0.0,0.0
201300010887,2,4,2013,18,1,06,88,2,1,1,3,"0, PENETRANTE DU PAILLON",0.0,0.0
201300010888,2,4,2013,23,5,06,88,2,1,1,3,"0, TURIN (RTE DE)",0.0,0.0
201300010889,3,4,2013,12,1,06,88,2,2,1,3,"0, MIOLLIS (R.)",0.0,0.0
201300010890,3,4,2013,18,1,06,88,2,7,1,6,"0, FAURE (AV. FELIX)",0.0,0.0
201300010891,3,4,2013,18,1,06,88,2,1,1,6,"64, BORNALA (AV. DE LA)",0.0,0.0
201300010892,4,4,2013,11,1,06,88,2,1,1,6,"224, MADELEINE (BD DE LA",0.0,0.0
201300010893,4,4,2013,15,1,06,88,2,1,2,6,"0, THIERS (AV.)",0.0,0.0
201300010894,4,4,2013,18,1,06,88,2,2,2,3,"0, REINE-JEANNE (R.)",0.0,0.0
201300010895,5,4,2013,16,1,06,88,2,1,1,6,TURIN (RTE DE),0.0,0.0
201300010896,5,4,2013,17,1,06,88,2,1,1,3,"308, STE MARGUERITE (AV.",0.0,0.0
201300010897,8,4,2013,9,1,06,88,2,2,1,3,"0, FLANDRES-DUNKERQUE (T",0.0,0.0
201300010898,8,4,2013,15,1,06,88,2,1,1,2,"0, VOIE RAPIDE",0.0,0.0
201300010899,8,4,2013,16,1,06,159,1,1,2,1,BELLAVISTA (AVENUE),0.0,0.0
201300010900,10,4,2013,9,1,06,88,2,1,1,3,"0, CASSIN (BD RENE)",0.0,0.0
201300010901,10,4,2013,10,1,06,88,2,1,1,1,"0, VILLENEUVE (R. DE)",0.0,0.0
201300010902,10,4,2013,12,1,06,88,2,1,1,4,"34, TRACHEL (RUE)",0.0,0.0
201300010903,10,4,2013,21,5,06,88,2,3,1,1,"0, CROS DE CAPEU (RUE)",0.0,0.0
201300010904,11,4,2013,7,1,06,88,2,1,1,3,"0, NAPOLEON III (BD)",0.0,0.0
201300010905,11,4,2013,10,1,06,88,2,1,1,3,"0, CLUVIER (RUE)",0.0,0.0
201300010906,12,4,2013,7,1,06,88,2,1,1,5,"0, VOIE RAPIDE",0.0,0.0
201300010907,12,4,2013,8,1,06,88,2,1,1,3,"68, NAPOLEON III (BD)",0.0,0.0
201300010908,12,4,2013,10,1,06,88,2,1,1,6,"0, SEMERIA (AV. DENIS)",0.0,0.0
201300010909,12,4,2013,10,1,06,88,2,2,1,3,"0, BANVILLE (RUE THEODOR",0.0,0.0
201300010910,12,4,2013,12,1,06,88,2,2,1,3,"0, THEURIET (AV. ANDRE)",0.0,0.0
201300010911,13,4,2013,14,1,06,88,2,1,1,2,"128, MADELEINE (BD DE LA",0.0,0.0
201300010912,13,4,2013,17,1,06,88,2,2,1,3,"0, AUBER (AV.)",0.0,0.0
201300010913,13,4,2013,23,5,06,88,2,1,1,6,"229, ANGLAIS (DU N? 114",0.0,0.0
201300010914,14,4,2013,17,1,06,88,2,2,1,3,"14, CESSOLE (BD DE) (JUS",0.0,0.0
201300010915,14,4,2013,21,2,06,88,1,2,1,3,"0, GOUNOD (RUE)",0.0,0.0
201300010916,15,4,2013,9,1,06,88,2,1,1,4,"0, MONTEL (BD PAUL)",0.0,0.0
201300010917,15,4,2013,14,1,06,88,2,1,1,2,"0, VOIE RAPIDE",0.0,0.0
201300010918,15,4,2013,14,1,06,88,2,1,1,3,"0, GRENOBLE (ROUTE DE)",0.0,0.0
201300010919,15,4,2013,17,1,06,88,2,1,1,6,"0, LEPANTE (R. DE)",0.0,0.0
201300010920,16,4,2013,18,1,06,88,2,1,1,3,MIRABEAU (AV.),0.0,0.0
201300010921,17,4,2013,10,1,06,88,2,1,1,2,"179, STE-MARGUERITE (AV.",0.0,0.0
201300010922,17,4,2013,16,1,06,88,2,2,1,3,PHILIBERT (R. EMMANUEL),0.0,0.0
201300010923,17,4,2013,18,1,06,88,2,1,1,6,"5, DELVALLE (RUE PROF.)",0.0,0.0
201300010924,18,4,2013,18,1,06,88,2,1,1,6,"0, JOLY (CORNICHE ANDRE",0.0,0.0
201300010925,18,4,2013,19,5,06,88,2,1,1,3,"228, BELLET (RTE DE)",0.0,0.0
201300010926,19,4,2013,9,1,06,159,2,1,1,3,"0, NAPOLEON III (BOULEVA",0.0,0.0
201300010927,20,4,2013,12,1,06,88,2,2,1,3,"0, NAPOLEON III (BD)",0.0,0.0
201300010928,21,4,2013,18,1,06,88,2,3,3,3,"0, CESSOLE (BD DE) (A PA",0.0,0.0
201300010929,23,4,2013,8,1,06,88,2,1,1,3,"0, RAYNAUD (BD AUGUSTE)",0.0,0.0
201300010930,23,4,2013,18,1,06,88,2,1,1,1,"150, CORNICHE FLEURIE (A",0.0,0.0
201300010931,24,4,2013,8,1,06,88,2,1,1,6,"0, MONTEL (BD PAUL)",0.0,0.0
201300010932,24,4,2013,11,1,06,159,2,1,1,3,"2, ALBERT 1ER (AVENUE)",0.0,0.0
201300010933,25,4,2013,10,1,06,88,2,1,1,6,"0, CASSIN (BD RENE)",0.0,0.0
201300010934,25,4,2013,12,1,06,88,2,2,1,3,"0, BARBERIS (RUE)",0.0,0.0
201300010935,25,4,2013,16,1,06,88,2,1,1,3,"0, JOLY (CORNICHE ANDRE",0.0,0.0
201300010936,25,4,2013,17,1,06,88,2,2,1,3,"0, GIACOBI (AV.)",0.0,0.0
201300010937,27,4,2013,0,5,06,88,2,1,1,3,"187, ANGLAIS (DU N? 45 A",0.0,0.0
201300010938,27,4,2013,8,1,06,88,2,1,2,1,"134, RIMIEZ (AV. DE)",0.0,0.0
201300010939,28,4,2013,13,1,06,88,2,2,2,3,"0, BARLA (TRAV.)",0.0,0.0
201300010940,28,4,2013,15,1,06,88,2,1,2,3,"0, CASSIN (BD RENE)",0.0,0.0
201300010941,29,4,2013,8,1,06,88,2,1,3,6,"0, DUNANT (AV. HENRI)",0.0,0.0
201300010942,29,4,2013,13,1,06,88,2,1,1,3,"0, BARLA (RUE)",0.0,0.0
201300010943,29,4,2013,14,1,06,88,2,1,1,2,"0, JARDINIERS (BD DES)",0.0,0.0
201300010944,30,4,2013,13,1,06,88,2,2,1,3,"0, AUBER (AV.)",0.0,0.0
201300010945,30,4,2013,19,1,06,88,2,2,1,6,"0, GUTENBERG (R.)",0.0,0.0
201300010946,2,5,2013,7,1,06,88,2,1,1,5,"0, CESSOLE (BD DE) (A PA",0.0,0.0
201300010947,2,5,2013,7,1,06,88,2,1,1,6,"0, BARLA (RUE)",0.0,0.0
201300010948,2,5,2013,15,1,06,88,2,1,1,6,"0, GAMBETTA (JUSQU'AU N?",0.0,0.0
201300010949,2,5,2013,16,1,06,88,2,1,1,3,"73, CASSIN (BD RENE)",0.0,0.0
201300010950,2,5,2013,17,1,06,88,2,1,1,6,"124, CALIFORNIE (AV.) (D",0.0,0.0
201300010951,2,5,2013,23,5,06,88,2,1,1,4,"179, ANGLAIS (DU N? 114",0.0,0.0
201300010952,3,5,2013,7,1,06,88,2,1,1,2,"0, CARNOT (BD)",0.0,0.0
201300010953,3,5,2013,9,1,06,88,2,2,1,3,"0, PARIS (R. DE)",0.0,0.0
201300010954,3,5,2013,15,1,06,88,2,1,1,2,"317, ANGLAIS (DU N? 265",0.0,0.0
201300010955,4,5,2013,12,1,06,88,2,1,1,2,"0, ETATS UNIS (QUAI DES)",0.0,0.0
201300010956,4,5,2013,15,1,06,88,2,1,1,3,"0, GARIGLIANO (PONTS)",0.0,0.0
201300010957,6,5,2013,10,1,06,88,2,1,1,3,"53, HUGO (BD VICTOR)",0.0,0.0
201300010958,6,5,2013,22,5,06,88,2,2,1,3,"0, RAIMBALDI (BD)",0.0,0.0
201300010959,7,5,2013,12,1,06,88,2,1,1,3,"0, LIBERTE (R. DE LA)",0.0,0.0
201300010960,7,5,2013,22,5,06,88,2,2,1,5,"0, ROSSINI (R.)",0.0,0.0
201300010961,10,5,2013,17,3,06,88,2,1,1,2,GUIGLIA (R.),0.0,0.0
201300010962,10,5,2013,19,1,06,88,2,1,1,6,"0, ILE-DE-BEAUTE (PL. DE",0.0,0.0
201300010963,11,5,2013,5,5,06,88,2,1,1,6,"23, GROSSO (A PARTIR DU",0.0,0.0
201300010964,13,5,2013,11,1,06,88,2,2,1,6,"0, FRANCE (R. DE) A PART",0.0,0.0
201300010965,13,5,2013,17,1,06,88,2,1,1,5,"379, MADELEINE (BD DE LA",0.0,0.0
201300010966,13,5,2013,19,1,06,88,2,1,1,3,"1, MONTEL (BD PAUL)",0.0,0.0
201300010967,14,5,2013,7,1,06,88,2,1,1,3,"0, JOLY (CORNICHE ANDRE",0.0,0.0
201300010968,14,5,2013,17,1,06,88,2,1,1,5,"0, VOIE RAPIDE",0.0,0.0
201300010969,15,5,2013,18,1,06,88,2,1,2,3,"92, CIMIEZ (BD) A PARTIR",0.0,0.0
201300010970,16,5,2013,6,1,06,88,2,3,3,3,"0, LYAUTEY (AV. DU MAL)",0.0,0.0
201300010971,16,5,2013,8,1,06,88,2,1,1,3,"0, ARMEE DU RHIN (PLACE)",0.0,0.0
201300010972,16,5,2013,9,1,06,88,2,2,3,3,"0, AUBER (AV.)",0.0,0.0
201300010973,17,5,2013,8,1,06,88,2,1,1,3,"15, DUFY (RUE RAOUL)",0.0,0.0