Num_Acc,jour,mois,an,hr,condition_eclairage,departement,commune,condition_agglomeration,intersection,condition_atmosphere,type_collision,adresse,lattitude,longitude
201300010974,17,5,2013,17,1,06,88,2,1,1,6,"9, BUFFA (RUE DE LA)",0.0,0.0
201300010975,20,5,2013,14,1,06,88,2,1,1,4,"43, ANGLAIS (DU N? 1 AU",0.0,0.0
201300010976,20,5,2013,18,1,06,88,2,1,1,3,"88, CARNOT (BD)",0.0,0.0
201300010977,21,5,2013,9,1,06,88,2,1,1,5,"40, JAURES (BD JEAN)",0.0,0.0
201300010978,21,5,2013,10,1,06,88,2,1,1,2,"0, ANGLAIS (DU N? 265 AU",0.0,0.0
201300010979,21,5,2013,18,1,06,88,2,1,1,6,"0, AEROPORT (EXTRA MUROS",0.0,0.0
201300010980,22,5,2013,8,1,06,88,2,1,1,6,"0, CASSIN (BD RENE)",0.0,0.0
201300010981,22,5,2013,17,1,06,88,2,1,1,6,"0, MACCARANI (R.)",0.0,0.0
201300010982,23,5,2013,9,1,06,88,2,1,1,2,"221, ANGLAIS (A PARTIR D",0.0,0.0
201300010983,23,5,2013,14,1,06,88,2,1,1,2,"0, RAYBAUD JOSEPH",0.0,0.0
201300010984,23,5,2013,15,1,06,88,2,1,1,1,"0, THIERS (AV.)",0.0,0.0
201300010985,24,5,2013,8,1,06,88,2,1,1,3,"22, DUNANT (AV. HENRI)",0.0,0.0
201300010986,24,5,2013,17,1,06,88,2,2,1,3,"0, RICHELMI (R. DR P.)",0.0,0.0
201300010987,25,5,2013,14,1,06,88,2,1,1,5,"0, RD 6007",0.0,0.0
201300010988,25,5,2013,16,1,06,88,2,1,1,6,"0, CASSIN (BD RENE)",0.0,0.0
201300010989,26,5,2013,13,1,06,88,2,1,1,1,"34, BELLEVUE (AV. DE)",0.0,0.0
201300010990,27,5,2013,17,1,06,88,2,1,1,2,"22, GRINDA (AV. EDOUARD)",0.0,0.0
201300010991,28,5,2013,9,1,06,88,2,1,1,2,"0, RD 6202",0.0,0.0
201300010992,28,5,2013,10,1,06,88,2,1,1,3,"34, CIMIEZ (BD) A PARTIR",0.0,0.0
201300010993,28,5,2013,13,1,06,88,2,2,1,3,"0, DEPOILLY (AV.)",0.0,0.0
201300010994,28,5,2013,19,1,06,88,2,1,1,1,"2180, BELLA VISTA (AV.)",0.0,0.0
201300010995,30,5,2013,13,1,06,88,2,1,1,6,"351, ANGLAIS (A PARTIR D",0.0,0.0
201300010996,31,5,2013,7,1,06,88,2,1,1,2,"151, MADELEINE (BD DE LA",0.0,0.0
201300010997,31,5,2013,10,1,06,88,2,1,1,6,"154, FRANCE (R. DE) A PA",0.0,0.0
201300010998,31,5,2013,14,1,06,88,2,1,1,2,"321, STE-MARGUERITE (AV.",0.0,0.0
201300010999,31,5,2013,15,1,06,88,2,1,1,3,"29, ARENES DE CIMIEZ (AV",0.0,0.0
201300011000,31,5,2013,16,1,06,88,2,2,1,3,"0, TRACHEL (RUE)",0.0,0.0
201300011001,31,5,2013,20,1,06,88,2,1,1,6,"83, ARIANE (BD DE L')",0.0,0.0
201300011002,31,5,2013,23,5,06,88,2,1,1,6,"163, CASSIN (BD RENE)",0.0,0.0
201300011003,1,6,2013,9,1,06,88,2,1,1,2,"0, ALLEGRE (AV. JEAN)",0.0,0.0
201300011004,2,6,2013,0,5,06,88,2,2,1,3,"0, BORRIGLIONE (JUSQU'AU",0.0,0.0
201300011005,2,6,2013,16,1,06,88,2,1,1,3,"0, ARIANE (BD DE L')",0.0,0.0
201300011006,3,6,2013,0,5,06,88,2,1,1,6,"96, CESSOLE (BD DE) (JUS",0.0,0.0
201300011007,3,6,2013,7,1,06,88,2,1,1,6,"0, BARLA (TRAV.)",0.0,0.0
201300011008,3,6,2013,9,1,06,88,2,1,1,6,"101 bis, ARENES DE CIMIE",0.0,0.0
201300011009,3,6,2013,10,1,06,88,2,1,1,7,"0, RAIBERTI (R.)",0.0,0.0
201300011010,4,6,2013,14,1,06,88,2,1,1,6,"308, STE MARGUERITE (AV.",0.0,0.0
201300011011,6,6,2013,8,1,06,88,2,1,1,3,"51, MATISSE (AV. HENRI)",0.0,0.0
201300011012,6,6,2013,16,1,06,88,2,1,1,2,"59, HUGO (BD VICTOR)",0.0,0.0
201300011013,6,6,2013,17,1,06,88,2,1,1,4,"0, CARABACEL (BD)",0.0,0.0
201300011014,6,6,2013,20,2,06,88,2,1,1,1,"428, MADELEINE (BD DE LA",0.0,0.0
201300011015,7,6,2013,20,1,06,88,2,1,1,4,"214, GRENOBLE (ROUTE DE)",0.0,0.0
201300011016,7,6,2013,20,1,06,88,2,4,1,3,"0, FOCH (AV. MARECHAL)",0.0,0.0
201300011017,7,6,2013,22,5,06,88,2,3,1,3,"0, PESSICART (A PARTIR D",0.0,0.0
201300011018,8,6,2013,22,5,06,88,2,1,1,3,"0, BUFFA (RUE DE LA)",0.0,0.0
201300011019,9,6,2013,11,1,06,88,2,1,1,6,"105, LYAUTEY (AV. DU MAL",0.0,0.0
201300011020,9,6,2013,23,5,06,88,2,1,1,6,"0, ANGLAIS (A PARTIR DU",0.0,0.0
201300011021,9,6,2013,0,5,06,88,2,1,1,1,"267, SAINT-ANTOINE (RTE",0.0,0.0
201300011022,10,6,2013,15,1,06,88,2,1,1,2,"0, ANGLAIS (A PARTIR DU",0.0,0.0
201300011023,11,6,2013,8,1,06,88,2,1,1,3,"0, VOIE RAPIDE",0.0,0.0
201300011024,11,6,2013,18,1,06,88,2,1,1,6,"2, TOUR DE L'ARIANE (R.",0.0,0.0
201300011025,12,6,2013,8,1,06,88,2,1,1,4,"0, VOIE RAPIDE",0.0,0.0
201300011026,13,6,2013,12,1,06,88,2,1,1,6,"164, ARIANE (BD DE L')",0.0,0.0
201300011027,13,6,2013,14,1,06,88,2,2,1,3,"0, BANVILLE (RUE THEODOR",0.0,0.0
201300011028,13,6,2013,16,1,06,88,2,2,1,3,"0, BEAUMONT (RUE)",0.0,0.0
201300011029,14,6,2013,8,1,06,88,2,3,1,3,"0, PASTEUR (BD)",0.0,0.0
201300011030,14,6,2013,8,1,06,88,2,1,1,6,"15, GAMBETTA (JUSQU'AU N",0.0,0.0
201300011031,14,6,2013,14,1,06,88,2,1,1,2,"0, POMPIDOU (BD GEORGES)",0.0,0.0
201300011032,14,6,2013,22,5,06,88,2,1,1,3,"67, ANGLAIS (A PARTIR DU",0.0,0.0
201300011033,16,6,2013,8,1,06,88,2,1,1,2,"0, VOIE RAPIDE",0.0,0.0
201300011034,17,6,2013,8,1,06,88,2,1,1,2,"400, ANGLAIS (A PARTIR D",0.0,0.0
201300011035,17,6,2013,12,1,06,88,2,1,1,4,"0, CASSIN (BD RENE)",0.0,0.0
201300011036,17,6,2013,14,1,06,88,2,1,1,6,"101, GAMBETTA (A PARTIR",0.0,0.0
201300011037,18,6,2013,8,1,06,88,2,1,1,3,"02 BIS, GENDARMERIE (R.",0.0,0.0
201300011038,18,6,2013,8,1,06,88,2,1,1,3,"0, MONTREAL (BD DE)",0.0,0.0
201300011039,19,6,2013,11,1,06,88,2,1,1,6,"0, CHAPELLE DU TEMPLE (R",0.0,0.0
201300011040,19,6,2013,12,1,06,88,2,1,1,6,"0, VAUBAN (R. MARECHAL)",0.0,0.0
201300011041,19,6,2013,16,1,06,88,2,1,1,3,"0, CALIFORNIE (AV.) (A P",0.0,0.0
201300011042,19,6,2013,18,1,06,88,2,1,1,3,"0, JOFFRE (R. MARECHAL)",0.0,0.0
201300011043,20,6,2013,0,5,06,88,2,3,1,3,"0, CESSOLE (BD DE) (JUSQ",0.0,0.0
201300011044,20,6,2013,19,1,06,88,2,6,1,3,"0, ROQUEBILLIERE (R. DE)",0.0,0.0
201300011045,21,6,2013,13,1,06,88,2,1,1,6,"0, GRAVIER (AV.)",0.0,0.0
201300011046,21,6,2013,17,1,06,88,2,1,1,6,"5, DELVALLE (RUE PROF.)",0.0,0.0
201300011047,22,6,2013,2,5,06,88,2,1,1,6,"0, ANGLAIS (A PARTIR DU",0.0,0.0
201300011048,22,6,2013,9,1,06,88,2,1,1,6,"0, VALLOT (R. JOSEPH)",0.0,0.0
201300011049,22,6,2013,18,1,06,88,2,1,1,6,"13, ACCHIARDI DE ST LEGE",0.0,0.0
201300011050,23,6,2013,13,1,06,88,2,1,1,6,"0, BINET (RUE ALFRED)",0.0,0.0
201300011051,23,6,2013,17,1,06,88,2,2,1,3,"0, GOUNOD (RUE)",0.0,0.0
201300011052,23,6,2013,18,1,06,88,2,2,1,7,"0, LEPANTE (R. DE)",43.70762,7.26791
201300011053,23,6,2013,19,1,06,88,2,1,1,2,"236, MADELEINE (BD DE LA",0.0,0.0
201300011054,24,6,2013,9,1,06,88,2,1,1,2,"0, GIACOBI (AV.)",0.0,0.0
201300011055,24,6,2013,11,1,06,88,2,2,1,7,"0, PELLOS (R. FRANCOIS)",0.0,0.0
201300011056,24,6,2013,14,1,06,88,2,3,1,3,"0, RD 6007",43.66733,7.20812
201300011057,24,6,2013,18,1,06,88,2,1,1,3,"87, RAYBAUD JOSEPH",0.0,0.0
201300011058,25,6,2013,9,1,06,88,2,1,1,2,"22, CAP DE CROIX (AV. ET",0.0,0.0
201300011059,25,6,2013,16,1,06,88,2,1,1,4,"0, ANGLAIS (A PARTIR DU",0.0,0.0
201300011060,26,6,2013,12,1,06,88,2,1,1,6,"91, ETATS UNIS (QUAI DES",0.0,0.0
201300011061,26,6,2013,18,1,06,88,2,1,1,6,"48, BRAILLE (BD LOUIS)",0.0,0.0
201300011062,27,6,2013,11,1,06,88,2,1,1,3,"44, CALIFORNIE (AV.) (DU",0.0,0.0
201300011063,27,6,2013,11,1,06,88,2,1,1,3,"3, BARLA (RUE)",0.0,0.0
201300011064,27,6,2013,14,1,06,88,2,2,1,6,"0, BAVASTRO (RUE)",0.0,0.0
201300011065,27,6,2013,15,1,06,88,2,1,1,6,"17, DIABLES BLEUS (AV. D",0.0,0.0
201300011066,27,6,2013,17,1,06,88,2,1,1,6,"49, GROSSO (JUSQU'AU N?",0.0,0.0
201300011067,28,6,2013,8,1,06,88,2,1,1,6,"0, RD 6202",0.0,0.0
201300011068,28,6,2013,8,1,06,88,2,1,1,2,"0, PENETRANTE DU PAILLON",0.0,0.0
201300011069,28,6,2013,16,1,06,88,2,1,1,6,"48, BORRIGLIONE (A PARTI",0.0,0.0
201300011070,29,6,2013,10,1,06,88,2,1,1,2,"0, HUGO (BD VICTOR)",0.0,0.0
201300011071,29,6,2013,12,1,06,88,2,1,1,6,"0, GARIBALDI (PL.)",0.0,0.0
201300011072,1,7,2013,16,1,06,88,2,1,1,6,"44, TRACHEL (RUE)",0.0,0.0
201300011073,1,7,2013,16,1,06,88,2,1,1,6,"0, VERANY (BD J.B.)",0.0,0.0
201300011074,2,7,2013,8,1,06,88,2,1,1,6,"321, PESSICART (A PARTIR",0.0,0.0
201300011075,2,7,2013,19,1,06,88,2,1,1,1,"40, SAINT-SYLVESTRE (AV.",0.0,0.0
201300011076,2,7,2013,20,2,06,88,2,1,1,3,"28, ROQUEBILLIERE (R. DE",0.0,0.0
201300011077,3,7,2013,8,1,06,88,2,1,1,3,"185, CALIFORNIE (AV.) (A",0.0,0.0
201300011078,4,7,2013,10,1,06,88,2,1,1,6,"0, RAIBERTI (R.)",0.0,0.0
201300011079,4,7,2013,12,1,06,88,2,1,1,5,"0, SAINT-ISIDORE (QUART.",0.0,0.0
201300011080,4,7,2013,14,1,06,88,2,1,1,6,"02, SUEDE (AV. DE)",0.0,0.0
201300011081,4,7,2013,15,1,06,88,2,1,1,6,"0, BARLA (RUE)",0.0,0.0
201300011082,4,7,2013,20,1,06,88,2,1,1,3,"21, JOLY (CORNICHE ANDRE",0.0,0.0
201300011083,5,7,2013,9,1,06,88,2,1,1,4,"0, SAINT-SYLVESTRE (AV.",0.0,0.0
201300011084,5,7,2013,12,1,06,88,2,1,1,3,"sans, DE LATTRE DE TASSI",0.0,0.0
201300011085,5,7,2013,15,1,06,88,2,1,1,6,"0, ISNARD (AV. ADOLPHE)",0.0,0.0
201300011086,5,7,2013,17,1,06,88,2,1,1,6,"12, ARSON (RUE)",0.0,0.0
201300011087,5,7,2013,22,5,06,88,2,1,1,1,"211, COSTIERE (CH. DE LA",0.0,0.0
201300011088,6,7,2013,2,5,06,88,2,1,1,7,"132, SAINT-ANTOINE (RTE",0.0,0.0
201300011089,6,7,2013,15,1,06,88,2,1,1,6,"4, RAY (AV. DU)",0.0,0.0
201300011090,6,7,2013,18,1,06,88,2,1,1,2,"0, GARIGLIANO (PONTS)",0.0,0.0
201300011091,7,7,2013,19,1,06,88,2,1,1,6,"0, ILE-DE-BEAUTE (PL. DE",0.0,0.0
201300011092,8,7,2013,3,5,06,88,2,1,1,4,"0, ANGLAIS (DU N? 1 AU N",0.0,0.0
201300011093,10,7,2013,10,1,06,88,2,1,1,6,"61, MADELEINE (BD DE LA)",0.0,0.0
201300011094,10,7,2013,13,1,06,88,2,2,1,3,"0, BARBERIS (RUE)",0.0,0.0
201300011095,10,7,2013,15,1,06,88,2,1,1,2,"0, VOIE RAPIDE",0.0,0.0
201300011096,11,7,2013,9,1,06,88,2,1,1,6,"0, QUAI PAPACINO",0.0,0.0
201300011097,11,7,2013,9,1,06,88,2,1,1,6,"34, STE MARGUERITE (AV.)",0.0,0.0
201300011098,11,7,2013,13,1,06,88,2,1,1,2,"sans, MIN NICE ST AUGUST",0.0,0.0
201300011099,11,7,2013,14,1,06,88,2,1,1,3,"99-101, CANTA GALET (RTE",0.0,0.0
201300011100,11,7,2013,16,1,06,88,2,1,1,2,"0, NAPOLEON III (PONT)",0.0,0.0
201300011101,11,7,2013,18,1,06,88,2,1,1,6,"209, CALIFORNIE (AV.) (A",0.0,0.0
201300011102,12,7,2013,10,1,06,88,2,1,1,6,"0, PASSERON (R. JOSEPH)",0.0,0.0
201300011103,13,7,2013,1,5,06,88,2,1,1,6,"45, CIMIEZ (BD) A PARTIR",0.0,0.0
201300011104,13,7,2013,20,1,06,88,2,2,1,3,"0, VERANY (BD J.B.)",0.0,0.0
201300011105,14,7,2013,15,1,06,159,2,1,1,3,"0, BELLAVISTA (AVENUE)",0.0,0.0
201300011106,15,7,2013,8,1,06,88,2,1,1,3,"0, RD 6202",0.0,0.0
201300011107,15,7,2013,9,1,06,88,2,1,1,6,"0, GIORDAN (AV. JOSEPH)",0.0,0.0
201300011108,15,7,2013,19,1,06,88,2,1,1,6,"69, ETATS UNIS (QUAI DES",0.0,0.0
201300011109,15,7,2013,23,1,06,88,2,1,1,6,"0, VOIE RAPIDE",0.0,0.0
201300011110,16,7,2013,11,1,06,88,2,3,1,6,"0, TOESCA (R. PIE-FRANCO",0.0,0.0
201300011111,16,7,2013,12,1,06,88,2,1,1,5,"0, CASSIN (BD RENE)",0.0,0.0
201300011112,16,7,2013,17,1,06,88,2,1,1,5,"49, GRACE DE MONACO (BD",0.0,0.0
201300011113,16,7,2013,17,1,06,88,2,1,1,1,GRACE DE MONACO (BD PR.),0.0,0.0
201300011114,17,7,2013,8,1,06,88,2,1,1,3,"21, ROQUEBILLIERE (R. DE",0.0,0.0
201300011115,17,7,2013,8,1,06,88,2,2,1,6,"0, GARNIER (BD JOSEPH)",0.0,0.0
201300011116,17,7,2013,9,1,06,88,2,1,1,6,"400, ANGLAIS PLAGE(  PAR",0.0,0.0
201300011117,17,7,2013,15,1,06,88,2,2,1,6,"0, ITALIE (R. D')",0.0,0.0
201300011118,17,7,2013,17,1,06,88,2,1,1,6,"125, PASTEUR (BD)",0.0,0.0
201300011119,17,7,2013,19,1,06,88,2,1,1,2,"411, ANGLAIS (A PARTIR D",0.0,0.0
201300011120,18,7,2013,8,1,06,88,2,1,1,6,"69, GROSSO (A PARTIR DU",0.0,0.0
201300011121,18,7,2013,21,2,06,88,2,1,1,2,"05, DELFINO (BD GENERAL)",0.0,0.0
201300011122,19,7,2013,10,1,06,88,2,1,1,2,"210, GRENOBLE (ROUTE DE)",0.0,0.0
201300011123,19,7,2013,17,1,06,88,2,1,1,6,"0, GREGOIRE (RUE ABBE-IM",0.0,0.0
201300011124,20,7,2013,10,1,06,88,2,1,1,6,"4, MAETERLINCK (BD M.)",0.0,0.0
201300011125,20,7,2013,12,1,06,88,2,1,1,2,"151, SAINT-ANTOINE (RTE",0.0,0.0
201300011126,20,7,2013,18,1,06,88,2,2,1,3,"0, TURIN (RTE DE)",0.0,0.0
201300011127,22,7,2013,10,1,06,88,2,1,1,2,"0, STE MARGUERITE (AV.)",0.0,0.0
201300011128,22,7,2013,12,1,06,88,2,1,1,6,"0, VOIE RAPIDE",0.0,0.0
201300011129,22,7,2013,16,1,06,88,2,1,1,3,"0, GARIGLIANO (PONTS)",0.0,0.0
201300011130,23,7,2013,2,5,06,88,2,3,1,3,"0, GROSSO (A PARTIR DU N",0.0,0.0
201300011131,23,7,2013,15,1,06,88,2,1,1,2,"37, ANGLAIS (DU N? 1 AU",0.0,0.0
201300011132,24,7,2013,7,1,06,88,2,2,1,3,"0, REPUBLIQUE (AV. DE LA",0.0,0.0
201300011133,24,7,2013,20,2,06,88,2,1,1,6,"89, QUAI DES ETATS UNIS",0.0,0.0
201300011134,24,7,2013,22,5,06,88,2,1,1,6,GRENOBLE (ROUTE DE),0.0,0.0
201300011135,25,7,2013,9,1,06,88,2,1,1,2,"321, ANGLAIS (DU N? 265",0.0,0.0
201300011136,25,7,2013,15,1,06,88,2,1,1,6,"8, PASTEUR (BD)",0.0,0.0
201300011137,25,7,2013,23,5,06,88,2,1,1,3,"163, ANGLAIS (DU N? 114",0.0,0.0
201300011138,26,7,2013,8,1,06,88,2,1,1,2,"66, GROSSO (A PARTIR DU",0.0,0.0
201300011139,26,7,2013,13,1,06,88,2,1,1,6,"9, LEOPOLD II (AV.)",0.0,0.0
201300011140,26,7,2013,19,1,06,88,2,2,1,1,"0, RIPERT (EMILE)",0.0,0.0
201300011141,27,7,2013,15,1,06,88,2,2,1,3,"23, BORRIGLIONE (A PARTI",0.0,0.0
201300011142,27,7,2013,17,1,06,88,2,1,1,3,"0, PENETRANTE DU PAILLON",0.0,0.0
201300011143,27,7,2013,19,1,06,88,2,2,1,3,"0, TURIN (RTE DE)",0.0,0.0
201300011144,29,7,2013,16,1,06,88,2,1,1,6,"82, GAMBETTA (A PARTIR D",0.0,0.0
201300011145,30,7,2013,16,1,06,88,2,1,1,6,"194, MADELEINE (BD DE LA",0.0,0.0
201300011146,30,7,2013,19,1,06,88,2,1,1,3,"28, CARABACEL (BD)",0.0,0.0
201300011147,31,7,2013,2,5,06,88,2,1,1,6,"0, VOIE RAPIDE",0.0,0.0
201300011148,31,7,2013,9,1,06,88,2,1,1,3,"0, VOIE RAPIDE",0.0,0.0
201300011149,31,7,2013,21,1,06,88,2,1,1,6,"68, DUFY (RUE RAOUL)",0.0,0.0
201300011150,1,8,2013,9,1,06,88,2,1,1,6,"0, MAGNAN (PASS. DU SQ.)",0.0,0.0
201300011151,1,8,2013,16,1,06,88,2,2,1,3,"0, PINS (AV. DES)",0.0,0.0
201300011152,2,8,2013,9,1,06,159,2,1,1,2,"34, ALBERT 1ER (AVENUE)",0.0,0.0
201300011153,2,8,2013,12,1,06,88,2,1,1,6,HOPITAL DE CIMIEZ,0.0,0.0
201300011154,2,8,2013,12,1,06,88,2,1,1,3,"39, ETATS UNIS (QUAI DES",0.0,0.0
201300011155,3,8,2013,0,5,06,88,2,1,1,6,"305, ANGLAIS (DU N? 265",0.0,0.0
201300011156,3,8,2013,15,1,06,88,2,1,1,6,"133, GAMBETTA (A PARTIR",0.0,0.0
201300011157,3,8,2013,18,1,06,88,2,1,1,3,"12, BUFFA (RUE DE LA)",0.0,0.0
201300011158,4,8,2013,15,1,06,88,2,2,1,6,"0, CREMAT (CH. DE)",0.0,0.0
201300011159,5,8,2013,11,1,06,88,2,2,1,3,"0, SAINT-PHILIPPE (PL.)",0.0,0.0
201300011160,5,8,2013,15,1,06,88,2,1,1,2,"03, BARLA (RUE)",0.0,0.0
201300011161,5,8,2013,20,1,06,88,2,1,1,6,"0, FALICON (BD COMTE DE)",0.0,0.0
201300011162,6,8,2013,8,1,06,88,2,1,1,6,"12, CHATEAUNEUF (RUE)",0.0,0.0
201300011163,7,8,2013,16,1,06,88,2,1,1,3,"0, SAINT-PHILIPPE (PL.)",0.0,0.0
201300011164,7,8,2013,22,5,06,88,2,1,1,2,"400, ANGLAIS (A PARTIR D",0.0,0.0
201300011165,8,8,2013,10,1,06,88,2,1,1,2,"0, CASSIN (BD RENE)",0.0,0.0
201300011166,8,8,2013,18,1,06,88,2,2,1,3,"0, MIOLLIS (R.)",0.0,0.0
201300011167,10,8,2013,10,1,06,88,2,6,1,3,"0, SAINT-ISIDORE (QUART.",0.0,0.0
201300011168,13,8,2013,0,5,06,88,2,1,1,6,"11, LYAUTEY (AV. DU MAL)",0.0,0.0
201300011169,16,8,2013,9,1,06,88,2,1,1,6,"37, BARLA (RUE)",0.0,0.0
201300011170,16,8,2013,18,1,06,88,2,1,1,6,"400, ANGLAIS (A PARTIR D",0.0,0.0
201300011171,17,8,2013,10,1,06,88,2,1,1,3,"400, ANGLAIS (A PARTIR D",0.0,0.0
201300011172,17,8,2013,11,1,06,88,2,1,1,1,"0, EIFFEL (AV. GUSTAVE)",0.0,0.0
201300011173,17,8,2013,18,1,06,88,2,1,1,2,"4, FALICON (BD COMTE DE)",0.0,0.0
201300011174,19,8,2013,6,2,06,88,2,1,1,3,"0, ILE-DE-BEAUTE (PL. DE",0.0,0.0
201300011175,19,8,2013,14,1,06,88,2,1,1,6,"sans, MONTEL (BD PAUL)",0.0,0.0
201300011176,19,8,2013,18,1,06,88,2,1,1,6,"53, RAYBAUD JOSEPH",0.0,0.0
201300011177,19,8,2013,19,1,06,88,2,1,1,3,"289, PESSICART (DU 272/2",0.0,0.0
201300011178,23,8,2013,17,1,06,88,2,1,1,2,"0, GALLIENI (AV.)",0.0,0.0
201300011179,25,8,2013,15,1,06,88,2,1,1,3,"0, ETATS UNIS (QUAI DES)",0.0,0.0
201300011180,26,8,2013,12,1,06,88,2,1,1,2,"31, CREMAT (CH. DE)",0.0,0.0
201300011181,26,8,2013,21,1,06,88,2,1,1,6,"44, SAPPIA (AV. HENRI)",0.0,0.0
201300011182,27,8,2013,6,1,06,88,2,2,1,3,"0, BISCHOFFSHEIM (BD)",0.0,0.0
201300011183,27,8,2013,10,1,06,88,2,1,1,3,"1, ANGLAIS PLAGE (N?1 AU",0.0,0.0
201300011184,27,8,2013,20,1,06,88,2,1,1,3,"75, GROSSO (A PARTIR DU",0.0,0.0
201300011185,28,8,2013,8,1,06,88,2,1,1,3,"0, BLANQUI (PL. AUGUSTE)",0.0,0.0
201300011186,28,8,2013,17,1,06,88,2,1,1,3,"336, TURIN (RTE DE)",0.0,0.0
201300011187,29,8,2013,21,5,06,88,2,2,1,6,"0, BLANCON (RUE PIERRE)",0.0,0.0
201300011188,30,8,2013,14,1,06,88,2,1,1,3,BELLA VISTA (AV.),0.0,0.0
201300011189,31,8,2013,4,5,06,88,2,1,1,6,"2, MAETERLINCK (BD M.)",0.0,0.0
201300011190,31,8,2013,17,1,06,88,2,1,1,6,"75, CARNOT (BD)",0.0,0.0
201300011191,31,8,2013,19,1,06,88,2,1,1,6,"15, ITALIE (R. D')",0.0,0.0
201300011192,1,9,2013,5,5,06,88,2,1,1,2,"47, ANGLAIS (DU N? 45 AU",0.0,0.0
201300011193,2,9,2013,2,4,06,88,2,1,1,6,"0, GRENOUILLERES (AV. DE",0.0,0.0
201300011194,4,9,2013,2,5,06,88,2,1,1,6,"5, GARIBALDI (PL.)",0.0,0.0
201300011195,4,9,2013,6,5,06,88,2,2,1,6,"0, ARSON (RUE)",0.0,0.0
201300011196,4,9,2013,8,1,06,88,2,1,1,3,"0, SAINT-LAMBERT (AV.) (",0.0,0.0
201300011197,4,9,2013,10,1,06,88,2,1,1,6,"28, JAURES (BD JEAN)",0.0,0.0
201300011198,4,9,2013,12,1,06,88,2,1,1,5,"66, PESSICART (A PARTIR",0.0,0.0
201300011199,5,9,2013,12,1,06,88,2,1,1,3,"169, MADELEINE (BD DE LA",0.0,0.0
201300011200,5,9,2013,13,1,06,88,2,1,1,2,GARIGLIANO (PONTS),0.0,0.0
201300011201,5,9,2013,17,1,06,88,2,1,1,6,"14, MAHONIAS (R. DES)",0.0,0.0
201300011202,5,9,2013,18,1,06,88,2,1,1,6,"0, SCOFFIER (R. EDOUARD)",0.0,0.0
201300011203,6,9,2013,7,1,06,88,2,1,1,2,"0, VOIE RAPIDE",0.0,0.0
201300011204,6,9,2013,10,1,06,88,2,1,1,6,"32, JAURES (BD JEAN)",0.0,0.0
201300011205,6,9,2013,13,1,06,88,2,3,1,6,"115, ANGLAIS (DU N? 114",0.0,0.0
201300011206,6,9,2013,13,1,06,88,2,1,1,3,"0, CHAPEL (RUE GEORGES)",0.0,0.0
201300011207,7,9,2013,10,1,06,88,2,2,1,6,"0, BAQUIS (AV.)",0.0,0.0
201300011208,7,9,2013,11,1,06,88,2,1,1,2,"0, ANGLAIS (DU N? 114 AU",0.0,0.0
201300011209,7,9,2013,12,1,06,159,2,1,1,6,CORNE D OR (BOULEVARD DE,0.0,0.0
201300011210,9,9,2013,13,1,06,88,2,1,1,3,"0, COMBOUL (AV. RAYMOND)",0.0,0.0
201300011211,9,9,2013,22,5,06,88,2,1,1,3,"62, PESSICART (JUSQU'AU",0.0,0.0
201300011212,13,9,2013,14,1,06,88,2,1,1,1,"121, MANTEGA-RIGHI (BD)",0.0,0.0
201300011213,13,9,2013,21,5,06,88,2,1,1,6,"0, BARBERIS (RUE)",0.0,0.0
201300011214,14,9,2013,5,5,06,88,2,1,1,6,"313, FABRON (AV. DE) (JU",0.0,0.0
201300011215,14,9,2013,8,1,06,88,2,1,1,2,"0, POMPIDOU (BD GEORGES)",0.0,0.0
201300011216,14,9,2013,15,1,06,88,2,1,1,6,"0, ARENE (AV. PAUL)",0.0,0.0
201300011217,14,9,2013,16,1,06,88,2,1,1,6,"19, AUGUSTA (AV. ANTONIA",0.0,0.0
201300011218,15,9,2013,0,5,06,88,2,1,1,6,"0, ANGLAIS PLAGE (N? 113",0.0,0.0
201300011219,15,9,2013,11,1,06,88,2,3,1,3,"0, TZAREWITCH (BD DU)",0.0,0.0
201300011220,15,9,2013,17,1,06,88,2,1,1,6,"265, CALIFORNIE (AV.) (A",0.0,0.0
201300011221,17,9,2013,19,1,06,88,2,1,1,6,"0, CARLONE (BD)",0.0,0.0
201300011222,18,9,2013,12,1,06,88,2,1,1,3,"52/54, MATISSE (AV. HENR",0.0,0.0
201300011223,18,9,2013,14,1,06,88,2,1,1,5,"0, VALOMBROSE (AV. DE)",0.0,0.0
201300011224,19,9,2013,10,1,06,88,2,1,1,3,"156, OLIVIERS (CORNICHE",0.0,0.0
201300011225,19,9,2013,17,1,06,159,2,1,1,3,"1, ALBERT 1ER (AVENUE)",0.0,0.0
201300011226,19,9,2013,18,1,06,88,2,1,1,6,"0, ANGLAIS (A PARTIR DU",0.0,0.0
201300011227,19,9,2013,23,5,06,88,2,1,1,3,"0, ANGLAIS (A PARTIR DU",0.0,0.0
201300011228,22,9,2013,13,1,06,88,2,1,1,6,"79, SAINT-AUGUSTIN (AV.",0.0,0.0
201300011229,23,9,2013,10,1,06,88,2,1,1,6,"54, TRACHEL (RUE)",0.0,0.0
201300011230,23,9,2013,16,1,06,88,2,1,1,2,"14, THIERS (AV.)",0.0,0.0
201300011231,23,9,2013,19,5,06,88,2,1,1,6,"0, COMBOUL (AV. RAYMOND)",0.0,0.0
201300011232,24,9,2013,9,1,06,88,2,1,1,3,"0, REPUBLIQUE (AV. DE LA",0.0,0.0
201300011233,24,9,2013,17,1,06,88,2,1,1,5,"12, ESTIENNE -D'ORVES (A",0.0,0.0
201300011234,24,9,2013,20,5,06,88,2,1,1,6,"4, CALIFORNIE (AV.) (JUS",0.0,0.0
201300011235,24,9,2013,22,5,06,88,2,1,1,2,"7, THIERS (AV.)",0.0,0.0
201300011236,25,9,2013,16,1,06,88,2,1,1,3,"122, BRANCOLAR (AV.) (A",0.0,0.0
201300011237,26,9,2013,13,1,06,88,2,1,1,6,"288, MADELEINE (BD DE LA",0.0,0.0
201300011238,26,9,2013,14,1,06,88,2,1,1,1,"33, CIMIEZ (BD) A PARTIR",0.0,0.0
201300011239,26,9,2013,15,1,06,88,2,1,1,2,"10, FOCH (AV. MARECHAL)",0.0,0.0
201300011240,26,9,2013,19,1,06,88,2,2,1,3,"0, SEMERIA (AV. DENIS)",0.0,0.0
201300011241,29,9,2013,12,1,06,88,2,1,1,2,"76, BAREL (BD VIRGILE)",0.0,0.0
201300011242,29,9,2013,15,1,06,88,2,1,3,2,"54, TURIN (RTE DE)",0.0,0.0
201300011243,30,9,2013,9,1,06,88,2,1,1,2,DURANDY (AV. JOSEPH),0.0,0.0