Num_Acc,jour,mois,an,hr,condition_eclairage,departement,commune,condition_agglomeration,intersection,condition_atmosphere,type_collision,adresse,lattitude,longitude
201300011244,30,9,2013,11,1,06,88,2,1,1,6,"0, GARIBALDI (PL.)",0.0,0.0
201300011245,30,9,2013,12,1,06,88,2,2,1,3,"0, VERNIER (R.)",0.0,0.0
201300011246,30,9,2013,13,1,06,88,2,1,1,3,"93, ANGLAIS (DU N? 45 AU",0.0,0.0
201300011247,1,10,2013,9,1,06,88,2,2,1,6,"0, VILLE (R. GEORGES)",0.0,0.0
201300011248,1,10,2013,14,1,06,88,2,1,1,6,"366, GRENOBLE (ROUTE DE)",0.0,0.0
201300011249,1,10,2013,18,1,06,88,2,1,1,6,"27, PAULIANI (AV.)",0.0,0.0
201300011250,3,10,2013,16,1,06,88,2,1,1,6,"0, REINE-VICTORIA (AV.)",0.0,0.0
201300011251,4,10,2013,23,5,06,88,2,2,1,6,"0, BARBERIS (RUE)",0.0,0.0
201300011252,5,10,2013,13,1,06,88,2,1,1,3,"145, FRANCE (R. DE) A PA",0.0,0.0
201300011253,5,10,2013,15,1,06,88,2,2,1,3,"0, ALBERTI (RUE)",0.0,0.0
201300011254,6,10,2013,23,5,06,88,2,1,1,3,"0, PILATTE (BD FRANCK)",0.0,0.0
201300011255,7,10,2013,11,1,06,88,2,1,1,3,"22, MEDECIN (AV. JEAN)",0.0,0.0
201300011256,7,10,2013,13,1,06,88,2,2,1,3,"0, GOUNOD (RUE)",0.0,0.0
201300011257,7,10,2013,19,1,06,88,2,2,1,3,SAINT-JEAN BAPTISTE (AV.,0.0,0.0
201300011258,8,10,2013,6,1,06,159,2,1,1,1,"1720, CAROUBIERS (AVENUE",0.0,0.0
201300011259,8,10,2013,9,1,06,88,2,1,1,7,"56, DUNANT (AV. HENRI)",0.0,0.0
201300011260,8,10,2013,10,1,06,88,2,1,1,6,"0, JOLY (CORNICHE ANDRE",0.0,0.0
201300011261,8,10,2013,12,1,06,88,2,1,1,3,"49, CALIFORNIE (AV.) (A",0.0,0.0
201300011262,9,10,2013,9,1,06,88,2,1,1,2,"0, POMPIDOU (BD GEORGES)",0.0,0.0
201300011263,9,10,2013,12,1,06,88,2,1,1,2,"27, ROQUEBILLIERE (R. DE",0.0,0.0
201300011264,9,10,2013,18,1,06,88,2,1,1,3,"0, BUFFA (RUE DE LA)",0.0,0.0
201300011265,10,10,2013,10,1,06,88,2,1,1,6,"4, CLEMENCEAU (AV. GEORG",0.0,0.0
201300011266,10,10,2013,20,4,06,88,2,1,1,6,"254, STE MARGUERITE (AV.",0.0,0.0
201300011267,11,10,2013,6,5,06,88,2,1,1,1,"0, MATISSE (AV. HENRI)",0.0,0.0
201300011268,11,10,2013,7,1,06,88,2,1,1,6,"0, DELFINO (BD GENERAL)",0.0,0.0
201300011269,11,10,2013,12,1,06,88,2,1,1,6,"0, GUISOL (R. FRANCOIS)",0.0,0.0
201300011270,11,10,2013,17,1,06,88,1,1,1,2,"0, PENETRANTE DU PAILLON",0.0,0.0
201300011271,11,10,2013,18,1,06,88,2,1,1,6,"0, VOIE RAPIDE",0.0,0.0
201300011272,12,10,2013,16,1,06,88,2,3,1,3,"0, BARAQUES (TRAV.)",0.0,0.0
201300011273,12,10,2013,17,1,06,88,2,1,1,6,"0, SAPPIA (AV. HENRI)",0.0,0.0
201300011274,14,10,2013,12,1,06,88,2,1,1,2,"0, VOIE RAPIDE",0.0,0.0
201300011275,15,10,2013,8,1,06,88,2,1,1,3,"0, ARENE (AV. PAUL)",0.0,0.0
201300011276,15,10,2013,12,1,06,88,2,1,1,3,"0, POMPIDOU (BD GEORGES)",0.0,0.0
201300011277,15,10,2013,12,1,06,88,2,1,1,3,"28, ROQUEBILLIERE (R. DE",0.0,0.0
201300011278,15,10,2013,17,1,06,88,2,1,1,6,"119, GAMBETTA (A PARTIR",0.0,0.0
201300011279,16,10,2013,16,1,06,88,2,1,1,6,"4, GIORDAN (AV. JOSEPH)",0.0,0.0
201300011280,16,10,2013,19,5,06,88,2,1,1,6,"14, MACCARIO (R. MAURICE",0.0,0.0
201300011281,16,10,2013,22,5,06,88,2,1,1,2,"71, LANTERNE (AV. DE LA)",0.0,0.0
201300011282,17,10,2013,8,1,06,88,2,1,1,6,"52, GROSSO (JUSQU'AU N?",0.0,0.0
201300011283,17,10,2013,18,1,06,88,2,3,1,3,"30, BOUNIN (RUE PAUL)",0.0,0.0
201300011284,17,10,2013,20,1,06,88,2,1,1,6,"0, VALROSE (AV. )",0.0,0.0
201300011285,18,10,2013,14,1,06,88,2,1,1,3,"0, ROBINI (AV. DR VICTOR",0.0,0.0
201300011286,18,10,2013,20,5,06,88,2,1,1,6,"0, GRENOBLE (ROUTE DE)",0.0,0.0
201300011287,18,10,2013,20,5,06,88,2,1,1,3,"36, SOLA (BD PIERRE)",0.0,0.0
201300011288,19,10,2013,5,5,06,88,2,2,1,3,"0, GRENOBLE (ROUTE DE)",0.0,0.0
201300011289,19,10,2013,5,5,06,88,2,1,1,6,"0, ANGLAIS PLAGE (N?1 AU",0.0,0.0
201300011290,19,10,2013,11,1,06,88,2,1,1,3,"0, GRENOBLE (ROUTE DE)",0.0,0.0
201300011291,19,10,2013,21,5,06,88,2,1,1,3,"0, PELLOS (R. FRANCOIS)",0.0,0.0
201300011292,19,10,2013,22,5,06,88,2,2,1,3,"0, CH?TEAU ST PIERRE (CH",0.0,0.0
201300011293,20,10,2013,21,5,06,88,2,1,1,1,"197, MONT-BORON (BD DU)",0.0,0.0
201300011294,22,10,2013,18,5,06,88,2,2,1,3,"0, GAL (R. AUGUSTE)",0.0,0.0
201300011295,23,10,2013,8,1,06,88,2,1,1,3,"0, ARMEE DES ALPES (BD D",0.0,0.0
201300011296,23,10,2013,10,1,06,88,2,1,3,6,"31, MARNE (AV. DE LA)",0.0,0.0
201300011297,23,10,2013,15,1,06,88,2,1,2,3,"0, VAUBAN (R. MARECHAL)",0.0,0.0
201300011298,24,10,2013,15,1,06,88,2,2,1,3,"15, HOTEL DES POSTES (R.",0.0,0.0
201300011299,24,10,2013,17,1,06,88,2,1,1,2,"25, GRACE DE MONACO (BD",0.0,0.0
201300011300,24,10,2013,18,2,06,88,2,1,1,3,"10, LORRAIN (AV. JEAN)",0.0,0.0
201300011301,24,10,2013,19,5,06,88,2,1,1,6,"12, DIJON (RUE DE)",0.0,0.0
201300011302,24,10,2013,21,5,06,88,2,1,1,2,"1, CALIFORNIE (AV.) (A P",0.0,0.0
201300011303,25,10,2013,8,1,06,88,2,1,1,1,"387, MADELEINE (BD DE LA",0.0,0.0
201300011304,25,10,2013,11,1,06,88,2,1,1,2,"91, SAINT-PIERRE DE FERI",0.0,0.0
201300011305,25,10,2013,12,1,06,88,2,2,1,3,"0, EIFFEL (AV. GUSTAVE)",0.0,0.0
201300011306,25,10,2013,17,1,06,88,2,3,1,3,"0, CARNOT (BD)",0.0,0.0
201300011307,26,10,2013,14,1,06,88,2,1,1,3,"39T, ARENES DE CIMIEZ (A",0.0,0.0
201300011308,26,10,2013,18,2,06,88,2,1,1,3,"0, SLAMA (RUE MAURICE)",0.0,0.0
201300011309,28,10,2013,14,1,06,88,2,3,1,6,"0, GAMBETTA (A PARTIR DU",0.0,0.0
201300011310,28,10,2013,14,1,06,88,2,1,1,5,"263, ANGLAIS (DU N? 114",0.0,0.0
201300011311,28,10,2013,16,1,06,88,2,1,1,1,"0, FABRON (AV. DE) (JUSQ",0.0,0.0
201300011312,28,10,2013,21,5,06,88,2,1,1,3,"0, RISSO (BD)",0.0,0.0
201300011313,29,10,2013,8,1,06,88,2,1,2,1,"0, OBSERVATOIRE (R. PRIV",0.0,0.0
201300011314,29,10,2013,18,5,06,88,2,1,2,6,"0, PENETRANTE DU PAILLON",0.0,0.0
201300011315,29,10,2013,18,5,06,88,2,1,2,2,"1, VIGO (R. JEAN)",0.0,0.0
201300011316,30,10,2013,8,1,06,88,2,1,1,6,"14, SAQUIER (CH. DE)",0.0,0.0
201300011317,30,10,2013,16,1,06,88,2,6,1,6,"0, RAY (AV. DU)",0.0,0.0
201300011318,31,10,2013,11,1,06,88,2,1,1,2,"0, CANAVESE (RUE JEAN)",0.0,0.0
201300011319,31,10,2013,18,5,06,88,2,1,1,5,"0, VOIE RAPIDE",0.0,0.0
201300011320,31,10,2013,18,5,06,88,2,1,1,6,"0, ANGLAIS (A PARTIR DU",0.0,0.0
201300011321,2,11,2013,8,1,06,88,2,1,1,6,"52, CARNOT (BD)",0.0,0.0
201300011322,2,11,2013,21,5,06,88,2,1,1,1,"0, BAVASTRO (RUE)",0.0,0.0
201300011323,4,11,2013,7,1,06,88,2,2,1,3,"0, CASTELLANE (AV.)",0.0,0.0
201300011324,4,11,2013,7,1,06,88,2,1,1,2,"0, VOIE RAPIDE",0.0,0.0
201300011325,5,11,2013,13,1,06,88,2,1,1,3,"0, CIMIEZ (BD) A PARTIR",0.0,0.0
201300011326,5,11,2013,14,1,06,88,2,1,1,6,"163, CASSIN (BD RENE)",0.0,0.0
201300011327,5,11,2013,15,1,06,88,2,1,1,5,"154, BESSET (AV.) (A PAR",0.0,0.0
201300011328,5,11,2013,18,2,06,88,1,1,1,4,"0, RD 6202",0.0,0.0
201300011329,6,11,2013,8,1,06,88,2,1,1,2,"0, VOIE RAPIDE",0.0,0.0
201300011330,6,11,2013,9,1,06,88,2,3,1,3,VERANY (BD J.B.),0.0,0.0
201300011331,6,11,2013,11,1,06,88,2,1,1,6,"18, ACCHIARDI DE ST LEGE",0.0,0.0
201300011332,6,11,2013,12,1,06,88,2,1,1,2,"0, ANGLAIS PLAGE (N?1 AU",0.0,0.0
201300011333,6,11,2013,13,1,06,88,2,1,1,6,"222, TURIN (RTE DE)",0.0,0.0
201300011334,6,11,2013,15,1,06,88,2,1,1,3,"0, RAYNAUD (BD AUGUSTE)",0.0,0.0
201300011335,6,11,2013,16,1,06,88,2,1,1,2,"91, ANGLAIS (DU N? 45 AU",0.0,0.0
201300011336,7,11,2013,20,5,06,88,2,1,1,3,"63, MADELEINE (BD DE LA)",0.0,0.0
201300011337,9,11,2013,3,5,06,88,2,2,1,3,"0, GALLIENI (AV.)",0.0,0.0
201300011338,9,11,2013,11,1,06,88,2,2,1,3,"0, BERLIOZ (RUE)",0.0,0.0
201300011339,9,11,2013,12,1,06,88,2,1,1,3,"0, TURIN (RTE DE)",0.0,0.0
201300011340,9,11,2013,13,1,06,88,2,1,1,2,"61, ANGLAIS (A PARTIR DU",0.0,0.0
201300011341,9,11,2013,15,1,06,88,2,1,1,2,"0, JOLY (CORNICHE ANDRE",0.0,0.0
201300011342,10,11,2013,15,1,06,88,2,1,1,6,"273, ANGLAIS PLAGE (DU 2",0.0,0.0
201300011343,10,11,2013,18,5,06,88,2,3,1,3,"0, CASSIN (BD RENE)",0.0,0.0
201300011344,11,11,2013,13,1,06,88,2,2,1,3,"0, DANTE (RUE)",0.0,0.0
201300011345,11,11,2013,19,5,06,88,2,1,1,3,"110, GAMBETTA (A PARTIR",0.0,0.0
201300011346,12,11,2013,7,1,06,88,2,1,1,3,"0, ROMAINE (AV. DE LA VO",0.0,0.0
201300011347,12,11,2013,10,1,06,88,2,1,1,3,"301, ANGLAIS PLAGE (DU 2",0.0,0.0
201300011348,13,11,2013,8,1,06,88,2,1,1,3,"63, MADELEINE (BD DE LA)",0.0,0.0
201300011349,13,11,2013,8,1,06,88,2,1,1,6,"32, CHATEAUNEUF (RUE)",0.0,0.0
201300011350,13,11,2013,10,1,06,88,2,6,1,3,"0, RAY (AV. DU)",0.0,0.0
201300011351,14,11,2013,17,2,06,88,2,1,1,6,"234, STE MARGUERITE (AV.",0.0,0.0
201300011352,17,11,2013,6,5,06,88,2,1,1,6,"0, POMPIDOU (BD GEORGES)",0.0,0.0
201300011353,17,11,2013,6,2,06,88,2,1,1,2,"58, GAMBETTA (JUSQU'AU N",0.0,0.0
201300011354,17,11,2013,8,1,06,88,2,1,1,3,"0, BARLA (RUE)",0.0,0.0
201300011355,17,11,2013,11,1,06,88,2,1,2,3,"0, GAMBETTA (A PARTIR DU",0.0,0.0
201300011356,17,11,2013,16,1,06,88,2,1,2,6,"16, COMBOUL (AV. RAYMOND",0.0,0.0
201300011357,18,11,2013,7,1,06,88,2,1,1,3,"0, ARMEE DU RHIN (PLACE)",0.0,0.0
201300011358,18,11,2013,11,1,06,88,2,1,1,6,"30, MARCEAU (R.)",0.0,0.0
201300011359,18,11,2013,12,1,06,88,2,1,2,2,"27, ANGLAIS (DU N? 1 AU",0.0,0.0
201300011360,19,11,2013,11,1,06,88,2,1,2,6,"14, SAINTE-ROSALIE (CORN",0.0,0.0
201300011361,20,11,2013,20,5,06,88,2,1,1,3,"57, RAYBAUD JOSEPH",0.0,0.0
201300011362,21,11,2013,18,1,06,88,2,1,1,1,"0, STE MARGUERITE (AV.)",0.0,0.0
201300011363,22,11,2013,0,5,06,88,2,3,1,6,"0, GIOFFREDO (R.)",0.0,0.0
201300011364,22,11,2013,11,1,06,88,2,1,1,6,"2, JAURES (BD JEAN)",0.0,0.0
201300011365,22,11,2013,19,5,06,88,2,1,1,3,"111, GAMBETTA (A PARTIR",0.0,0.0
201300011366,22,11,2013,22,5,06,88,2,2,1,5,"0, CORNIGLION MOLINIER (",0.0,0.0
201300011367,23,11,2013,17,2,06,88,2,1,1,6,"0, GUIGLIA (R.)",0.0,0.0
201300011368,23,11,2013,23,5,06,88,2,1,1,6,"181, CALIFORNIE (AV.) (A",0.0,0.0
201300011369,24,11,2013,12,1,06,88,2,1,1,6,"24, RIQUIER (BD DE)",0.0,0.0
201300011370,24,11,2013,13,1,06,88,2,1,1,6,"33, GORBELLA (BD DE)",0.0,0.0
201300011371,25,11,2013,8,1,06,88,2,1,1,6,"0, TASSIGNY (ESPLANADE L",0.0,0.0
201300011372,25,11,2013,8,1,06,88,2,1,1,2,"75, ANGLAIS (DU N? 45 AU",0.0,0.0
201300011373,25,11,2013,9,1,06,88,2,1,1,1,"9, CIMETIERE DE L'EST (R",0.0,0.0
201300011374,25,11,2013,18,5,06,88,2,1,1,4,"0, ARIANE (BD DE L')",0.0,0.0
201300011375,26,11,2013,13,1,06,88,2,1,1,6,"0, GAMBETTA (JUSQU'AU N?",0.0,0.0
201300011376,27,11,2013,9,1,06,88,2,1,1,6,"60, DIABLES BLEUS (AV. D",0.0,0.0
201300011377,28,11,2013,7,1,06,88,2,1,1,2,"62, MONTEL (BD PAUL)",0.0,0.0
201300011378,28,11,2013,9,1,06,88,2,1,1,3,"115, CANTA GALET (RTE DE",0.0,0.0
201300011379,28,11,2013,11,1,06,88,2,2,1,3,"0, THIERS (AV.)",0.0,0.0
201300011380,28,11,2013,13,1,06,88,2,1,1,2,"128, CALIFORNIE (AV.) (D",0.0,0.0
201300011381,29,11,2013,5,5,06,88,2,1,1,3,"223, ANGLAIS (A PARTIR D",0.0,0.0
201300011382,29,11,2013,8,1,06,88,2,3,1,3,"0, LYAUTEY (AV. DU MAL)",0.0,0.0
201300011383,29,11,2013,11,1,06,88,2,1,1,6,"8, FALICON (BD COMTE DE)",0.0,0.0
201300011384,29,11,2013,13,1,06,88,2,1,1,2,"99, MADELEINE (BD DE LA)",0.0,0.0
201300011385,29,11,2013,16,1,06,88,2,1,1,3,"78, STE MARGUERITE (AV.)",0.0,0.0
201300011386,30,11,2013,2,5,06,88,2,1,1,6,"0, ETATS UNIS (QUAI DES)",0.0,0.0
201300011387,30,11,2013,8,1,06,88,2,1,1,6,"114, CARNOT (BD)",0.0,0.0
201300011388,30,11,2013,17,2,06,88,2,1,1,3,"0, ROMAINE (AV. DE LA VO",0.0,0.0
201300011389,30,11,2013,21,5,06,88,2,2,1,3,"0, LEPANTE (R. DE)",0.0,0.0
201300011390,1,12,2013,17,5,06,88,2,1,1,6,"11, THAON-DE-REVEL (R.)",0.0,0.0
201300011391,1,12,2013,19,5,06,88,2,1,1,5,"0, VOIE RAPIDE",0.0,0.0
201300011392,2,12,2013,7,1,06,88,2,1,1,6,"0, COTY (PONT RENE)",0.0,0.0
201300011393,2,12,2013,15,1,06,88,2,1,1,3,"0, DIGUE DES FRANCAIS (T",0.0,0.0
201300011394,3,12,2013,8,1,06,88,2,3,1,6,"4760, BELLET (RTE DE)",0.0,0.0
201300011395,3,12,2013,8,1,06,88,2,1,1,6,"61, STE MARGUERITE (AV.)",0.0,0.0
201300011396,4,12,2013,9,1,06,88,2,2,1,3,"0, GAZAN JOSEPH",0.0,0.0
201300011397,4,12,2013,15,1,06,88,2,1,1,6,"0, ROQUEBILLIERE (R. DE)",0.0,0.0
201300011398,4,12,2013,15,1,06,88,2,2,1,6,"21, MARCEAU (R.)",0.0,0.0
201300011399,5,12,2013,16,2,06,88,2,2,1,3,"0, RUSSIE (R. DE)",0.0,0.0
201300011400,5,12,2013,17,1,06,88,2,1,1,3,"0, GRENOBLE (ROUTE DE)",0.0,0.0
201300011401,5,12,2013,19,5,06,88,2,1,1,2,"36, DIGUE DES FRANCAIS (",0.0,0.0
201300011402,6,12,2013,8,1,06,88,2,1,1,2,"17, JOLY (CORNICHE ANDRE",0.0,0.0
201300011403,6,12,2013,16,1,06,88,2,2,1,3,"0, RICHELMI (R. DR P.)",0.0,0.0
201300011404,6,12,2013,20,5,06,88,2,1,1,2,"12, JAURES (BD JEAN)",0.0,0.0
201300011405,6,12,2013,21,5,06,88,2,1,1,2,"34, GAL (R. AUGUSTE)",0.0,0.0
201300011406,8,12,2013,15,1,06,88,2,1,1,3,"107, QUAI DES ETATS UNIS",0.0,0.0
201300011407,9,12,2013,8,1,06,88,2,1,1,6,"14, CHEVALIERS DE MALTE",0.0,0.0
201300011408,9,12,2013,8,1,06,88,2,2,1,3,"0, DANTE (RUE)",0.0,0.0
201300011409,9,12,2013,9,1,06,88,2,3,1,6,"0, CALIFORNIE (AV.) (A P",0.0,0.0
201300011410,9,12,2013,11,1,06,88,2,1,1,3,"0, RISSO (BD)",0.0,0.0
201300011411,10,12,2013,17,1,06,88,2,1,1,3,"0, CIMIEZ (BD) A PARTIR",0.0,0.0
201300011412,10,12,2013,20,5,06,88,2,1,1,6,"31, PAILLOS (RTE DE LA)",0.0,0.0
201300011413,10,12,2013,21,5,06,88,2,1,1,6,"250, TURIN (RTE DE)",0.0,0.0
201300011414,11,12,2013,9,1,06,88,2,1,1,5,"112, TURIN (RTE DE)",0.0,0.0
201300011415,11,12,2013,14,1,06,88,2,1,1,6,"0, GAMBETTA (JUSQU'AU N?",0.0,0.0
201300011416,11,12,2013,14,1,06,88,2,1,1,6,"14, THIERS (AV.)",0.0,0.0
201300011417,11,12,2013,15,1,06,88,2,1,1,3,"0, BARLA (RUE)",0.0,0.0
201300011418,12,12,2013,0,5,06,88,2,1,1,6,"0, RAYBAUD JOSEPH",0.0,0.0
201300011419,12,12,2013,7,1,06,88,2,1,1,6,"34, ARSON (RUE)",0.0,0.0
201300011420,12,12,2013,8,1,06,88,2,1,1,5,"15, CAVELL (AV. EDITH)",0.0,0.0
201300011421,12,12,2013,14,1,06,88,2,4,1,2,"0, GRACE DE MONACO (BD P",0.0,0.0
201300011422,13,12,2013,10,1,06,88,2,1,1,6,"0, JOFFRE (R. MARECHAL)",0.0,0.0
201300011423,13,12,2013,13,1,06,88,2,1,1,6,"0, BARBERIS (RUE)",0.0,0.0
201300011424,13,12,2013,17,2,06,88,2,1,1,6,"0, GRINDA (AV. EDOUARD)",0.0,0.0
201300011425,13,12,2013,20,5,06,88,2,2,1,3,SAINT-SYLVESTRE (AV. DE),0.0,0.0
201300011426,15,12,2013,21,5,06,88,2,1,1,6,"0, VOIE RAPIDE",0.0,0.0
201300011427,16,12,2013,11,1,06,88,2,1,1,3,"265, MADELEINE (BD DE LA",0.0,0.0
201300011428,16,12,2013,13,1,06,88,2,1,1,4,"42, TRACHEL (RUE)",0.0,0.0
201300011429,16,12,2013,21,5,06,88,2,1,1,6,"0, ANGLAIS PLAGE(  PARTI",0.0,0.0
201300011430,17,12,2013,10,1,06,88,2,1,1,6,"0, CANAVESE (RUE JEAN)",0.0,0.0
201300011431,17,12,2013,12,1,06,88,2,1,1,6,"0, MAISTRE (AV. J. ET X.",0.0,0.0
201300011432,17,12,2013,15,1,06,88,2,1,1,6,"0, GUBERNATIS (R.)",0.0,0.0
201300011433,18,12,2013,12,1,06,88,2,1,1,6,"23, SAINT-ROCH (BD DE)",0.0,0.0
201300011434,18,12,2013,18,5,06,88,2,1,1,6,"228, TURIN (RTE DE)",0.0,0.0
201300011435,18,12,2013,22,5,06,88,2,1,1,1,"60, SAINTE-ROSALIE (CORN",0.0,0.0
201300011436,19,12,2013,6,2,06,88,2,1,2,1,"188 bis, SAINT-PIERRE DE",0.0,0.0
201300011437,22,12,2013,8,1,06,159,2,1,1,1,"0, PRINCESSE GRACE DE MO",0.0,0.0
201300011438,23,12,2013,12,1,06,88,2,1,1,2,"274, ANGLAIS PLAGE (DU 2",0.0,0.0
201300011439,23,12,2013,13,1,06,88,2,1,1,6,"30, GRINDA (AV. EDOUARD)",0.0,0.0
201300011440,23,12,2013,17,2,06,88,2,1,1,6,"2, GORBELLA (BD DE)",0.0,0.0
201300011441,23,12,2013,17,5,06,88,2,1,1,3,"0, GAMBETTA (A PARTIR DU",0.0,0.0
201300011442,24,12,2013,9,1,06,88,2,1,3,3,"0, CASSIN (BD RENE)",0.0,0.0
201300011443,26,12,2013,9,1,06,88,2,1,3,3,"0, GARIGLIANO (PONTS)",0.0,0.0
201300011444,26,12,2013,16,2,06,88,2,1,1,2,"41, BUFFA (RUE DE LA)",0.0,0.0
201300011445,27,12,2013,8,1,06,88,2,4,1,3,"0, JOLY (CORNICHE ANDRE",0.0,0.0
201300011446,27,12,2013,10,1,06,159,2,1,1,3,"0, PRINCESSE GRACE DE MO",0.0,0.0
201300011447,29,12,2013,11,1,06,88,2,1,1,3,"0, RD 6202",0.0,0.0
201300011448,30,12,2013,9,1,06,88,2,1,1,6,CASSIN (BD RENE),0.0,0.0
201300011449,30,12,2013,15,1,06,88,2,1,1,3,"241, GRENOBLE (ROUTE DE)",0.0,0.0
201300011450,9,4,2013,12,1,33,99,2,1,1,1,18 ROUTE DE LIGNAN,0.0,0.0
201300011451,4,6,2013,11,1,33,99,2,1,1,1,17 route de latresne,44.816,-0.477
201300011452,8,1,2013,9,1,58,303,2,1,1,2,Route de FOURCHMABAULT,0.0,0.0
201300011453,15,1,2013,18,3,58,303,1,1,4,6,,0.0,0.0
201300011454,28,2,2013,15,1,58,88,2,1,1,3,place de la libert?,0.0,0.0
201300011455,13,4,2013,5,3,58,88,1,1,8,6,,0.0,0.0
201300011456,19,5,2013,14,1,58,300,1,1,2,6,,0.0,0.0
201300011457,5,6,2013,19,1,58,303,2,1,1,2,D907,47.013,3.153
201300011458,13,6,2013,15,1,58,300,1,1,3,5,,47.032,3.213
201300011459,8,8,2013,11,1,58,131,2,1,1,6,27 GRANDE RUE,0.0,0.0
201300011460,12,10,2013,15,1,58,231,1,1,2,1,,0.0,0.0
201300011461,11,6,2013,11,1,21,515,2,1,1,6,avenue de l'universit?,0.0,0.0
201300011462,11,6,2013,17,1,21,171,2,1,1,4,Avenue de la R?publique,0.0,0.0
201300011463,31,8,2013,22,3,21,473,1,1,1,2,,47.271,5.063
201300011464,27,10,2013,20,5,21,515,2,1,8,6,avenue de l'universit?,47.318,5.109
201300011465,28,11,2013,14,1,21,515,2,1,1,6,Avenue du Ch?teau,47.318,5.114
201300011466,6,1,2013,15,1,13,40,1,3,1,3,,43.47886,5.54346
201300011467,1,2,2013,14,1,13,40,2,1,8,6,chemin des mines,43.44036,5.56139
201300011468,6,2,2013,17,2,13,40,1,1,1,1,,0.0,0.0
201300011469,2,6,2013,16,1,13,40,1,1,1,3,,0.0,0.0
201300011470,4,6,2013,9,1,13,40,1,1,1,1,,0.0,0.0
201300011471,7,7,2013,13,1,13,40,1,1,1,1,,43.44961,5.53676
201300011472,21,8,2013,20,1,13,40,1,1,1,1,,0.0,0.0
201300011473,7,10,2013,7,2,13,40,1,1,1,6,,0.0,0.0
201300011474,23,11,2013,10,1,13,25,1,2,1,3,,0.0,0.0
201300011475,8,12,2013,12,1,13,90,1,1,1,6,,0.0,0.0
201300011476,4,1,2013,17,4,47,318,2,9,1,3,BOULEVARD DES REMPARTS,44.1981,0.32292
201300011477,21,4,2013,10,1,47,266,1,1,1,1,,43.9857,0.08921
201300011478,7,9,2013,21,3,47,195,1,1,8,3,,44.131,0.339
201300011479,13,9,2013,17,1,47,143,1,1,1,1,,44.173,0.298
201300011480,29,11,2013,19,3,47,195,2,1,1,6,AVENUE GEORGES CLEMENCEA,44.1322,0.35026
201300011481,21,12,2013,12,1,47,195,1,1,1,6,,44.1416,0.35257
201300011482,23,4,2013,19,1,07,19,2,1,1,4,"37, RN 102",0.0,0.0
201300011483,26,1,2013,11,1,07,325,1,1,1,2,RD 578 BIS,0.0,0.0
201300011484,28,2,2013,8,1,07,116,1,1,1,1,102 ( ROUTE NATIONALE ),0.0,0.0
201300011485,13,6,2013,9,1,07,19,2,7,1,6,"02, PAIX (PLACE DE LA)",0.0,0.0
201300011486,7,10,2013,15,1,07,19,2,1,1,3,"15, GUINGUETTE (ALLEE DE",0.0,0.0
201300011487,27,10,2013,2,5,07,19,2,1,1,6,"44, BELLANDE (AVENUE DE",0.0,0.0
201300011488,9,12,2013,0,5,07,19,1,1,1,6,"101, RN 102",0.0,0.0
201300011489,14,2,2013,9,1,07,102,2,1,1,3,"1471, SADI-CARNOT (AVEN.",0.0,0.0
201300011490,6,3,2013,4,5,07,102,1,1,2,1,MISTRAL (PONT FREDERIC),0.0,0.0
201300011491,9,5,2013,17,1,07,281,2,6,2,3,ROND-POINT POLE 2000,0.0,0.0
201300011492,8,6,2013,2,5,07,102,2,2,1,7,"93, SADI-CARNOT (AV.) [D",0.0,0.0
201300011493,3,9,2013,8,1,07,70,2,1,1,1,"121, COLONNEL ROUSSET (A",0.0,0.0
201300011494,1,11,2013,2,5,07,102,2,6,1,6,"1330, REPUBLIQUE (AV.DE",0.0,0.0
201300011495,9,7,2013,14,1,11,202,1,1,1,3,,0.0,0.0
201300011496,1,2,2013,17,5,57,678,2,1,2,6,51 rue charles peguy,49.41606,6.00179
201300011497,5,3,2013,16,1,57,731,2,1,1,1,Avenue de la Liberte,0.0,0.0
201300011498,24,3,2013,17,1,57,38,2,1,1,3,258 rue Clemenceau,49.47102,5.95375
201300011499,19,5,2013,0,5,57,305,1,1,1,3,,0.0,0.0
201300011500,25,6,2013,19,1,57,38,2,1,1,3,rue Napoleon Ier,49.48558,5.96685
201300011501,18,8,2013,18,1,57,38,2,1,1,5,rue st michel/vieux colo,49.46567,5.95512
201300011502,19,10,2013,5,3,57,678,1,1,1,7,GN 49.696 6.002,0.0,0.0
201300011503,26,10,2013,20,5,57,731,2,1,3,6,avenue de la libert?,49.44372,6.08129
201300011504,1,11,2013,17,2,57,529,1,1,2,3,,0.0,0.0
201300011505,23,11,2013,20,5,57,96,2,1,1,3,27 rue Emile Zola,49.38516,5.94013
201300011506,8,4,2013,20,3,07,186,2,1,1,6,"29, LANCELOT (BLD. DE L'",0.0,0.0
201300011507,14,2,2013,8,1,07,186,2,1,1,1,CHOMERAC (ROUTE DE),0.0,0.0
201300011508,20,2,2013,9,1,07,186,2,1,1,2,DEPARTEMENTALE D2,0.0,0.0
201300011509,10,4,2013,10,1,07,340,1,3,1,3,RUISSOL (LE),0.0,0.0
201300011510,30,3,2013,16,1,07,186,2,6,3,3,INDUSTRIE (AVENUE DE L'),0.0,0.0
201300011511,24,6,2013,17,1,07,72,1,1,1,3,CHASSAGNE (BAS),0.0,0.0
201300011512,13,7,2013,19,1,07,8,2,1,7,3,"287, BLACHES  ( QUARTIER",0.0,0.0
201300011513,12,7,2013,11,1,07,186,2,4,1,3,"5, CHOMERAC (AVENUE DE)",0.0,0.0
201300011514,7,9,2013,10,1,07,186,2,1,2,6,"416, PASTE (BLD. DE)",0.0,0.0
201300011515,13,7,2013,16,1,34,259,1,1,1,7,,0.0,0.0
201300011516,27,7,2013,17,1,34,259,1,1,1,3,,0.0,0.0
201300011517,11,4,2013,11,1,35,334,2,1,1,3,ZA BELLEVUE,48.15212,-1.58598
201300011518,28,6,2013,18,1,35,51,1,6,1,3,,48.14006,-1.62766
201300011519,18,7,2013,9,1,35,51,1,1,1,5,,48.11447,-1.5604