Num_Acc,jour,mois,an,hr,condition_eclairage,departement,commune,condition_agglomeration,intersection,condition_atmosphere,type_collision,adresse,lattitude,longitude
201300011520,11,1,2013,16,1,11,151,1,1,7,1,,43.194,2.474
201300011521,14,6,2013,10,1,11,68,1,1,1,5,,0.0,0.0
201300011522,11,7,2013,1,3,11,151,1,1,1,6,,0.0,0.0
201300011523,19,8,2013,8,1,11,261,1,1,1,3,,0.0,0.0
201300011524,8,9,2013,21,3,11,397,1,1,1,6,,43.203,2.494
201300011525,11,10,2013,8,1,11,88,2,1,1,6,rue victor hugo,43.178,2.377
201300011526,30,10,2013,0,5,11,272,2,1,1,6,36 las ortas,43.175,2.393
201300011527,1,12,2013,8,2,11,397,1,1,1,7,,43.207,2.415
201300011528,25,12,2013,12,1,11,397,1,1,1,1,,0.0,0.0
201300011529,1,3,2013,13,1,23,227,1,1,1,3,,45.931,1.842
201300011530,6,5,2013,17,1,23,232,1,1,1,1,,0.0,0.0
201300011531,6,9,2013,18,1,23,165,1,1,3,6,,0.0,0.0
201300011532,8,11,2013,10,1,23,144,1,1,2,7,,0.0,0.0
201300011533,12,2,2013,7,3,28,92,1,1,1,7,,48.372,1.883
201300011534,12,3,2013,7,1,78,349,1,1,4,2,,48.58,2.00599
201300011535,16,3,2013,23,3,91,111,1,1,1,2,A10,0.0,0.0
201300011536,30,3,2013,14,1,78,9,1,9,1,1,,0.0,0.0
201300011537,25,4,2013,6,2,28,408,1,9,1,1,,0.0,0.0
201300011538,2,5,2013,11,1,28,26,1,1,1,6,,0.0,0.0
201300011539,7,7,2013,11,1,91,17,1,1,1,5,A10,0.0,0.0
201300011540,15,7,2013,15,1,28,169,1,1,1,6,,0.0,0.0
201300011541,3,8,2013,4,3,78,506,1,1,1,3,,48.528,1.826
201300011542,29,9,2013,8,1,78,499,1,1,5,7,,0.0,0.0
201300011543,30,12,2013,14,1,28,92,1,1,2,6,,0.0,0.0
201300011544,8,6,2013,3,3,51,88,1,6,1,6,D966,0.0,0.0
201300011545,18,6,2013,18,1,51,660,2,2,1,3,AVE DE GAULLE/DES ECOLES,0.0,0.0
201300011546,26,7,2013,17,1,51,505,2,2,1,3,D20/PT CH. D EPOYE,0.0,0.0
201300011547,29,11,2013,3,3,51,74,1,1,5,6,D31,0.0,0.0
201300011548,29,1,2013,10,1,69,64,2,1,1,6,Rue de l'industrie,0.0,0.0
201300011549,8,3,2013,16,1,69,7,1,3,1,3,,0.0,0.0
201300011550,9,3,2013,18,5,69,80,2,1,1,3,RD 103,0.0,0.0
201300011551,23,4,2013,3,5,69,7,2,1,1,6,RUE DE LA FELODIERE,0.0,0.0
201300011552,14,5,2013,20,1,69,252,1,1,7,3,,0.0,0.0
201300011553,17,5,2013,17,1,69,189,2,1,2,1,69560,0.0,0.0
201300011554,15,6,2013,17,1,69,97,1,2,1,3,,0.0,0.0
201300011555,17,6,2013,12,1,69,64,1,1,1,3,,0.0,0.0
201300011556,23,6,2013,17,1,69,7,1,1,1,7,,0.0,0.0
201300011557,24,6,2013,16,1,69,253,1,1,1,1,,0.0,0.0
201300011558,7,7,2013,13,1,69,80,1,1,1,3,,0.0,0.0
201300011559,9,7,2013,17,1,69,193,1,1,1,6,,0.0,0.0
201300011560,5,9,2013,18,1,69,7,1,1,1,3,,0.0,0.0
201300011561,25,9,2013,1,5,69,189,1,1,1,6,,0.0,0.0
201300011562,29,9,2013,16,1,69,235,1,1,1,1,,0.0,0.0
201300011563,27,11,2013,18,5,69,189,2,1,1,6,RN86,0.0,0.0
201300011564,10,1,2013,15,1,37,243,1,1,2,1,,0.0,0.0
201300011565,3,4,2013,16,1,37,18,2,1,1,3,RD751C  RUE DU COMMERCE,0.0,0.0
201300011566,14,1,2013,8,3,29,137,1,1,1,4,,48.32789,-4.29564
201300011567,17,1,2013,6,5,33,229,2,1,1,6,4 bd de la R?publique,44.708,-1.04
201300011568,14,4,2013,6,2,33,5,1,1,1,6,,0.0,0.0
201300011569,19,10,2013,8,1,33,5,2,1,1,6,,0.0,0.0
201300011570,30,11,2013,4,3,33,5,1,1,5,6,,0.0,0.0
201300011571,8,12,2013,5,5,33,229,2,1,1,6,Bvd Charles de Gaulle,44.719,-1.062
201300011572,11,2,2013,6,3,60,482,1,1,3,3,,0.0,0.0
201300011573,24,9,2013,14,1,60,172,1,1,1,6,,0.0,0.0
201300011574,6,1,2013,18,3,51,312,1,1,1,7,A26,0.0,0.0
201300011575,28,2,2013,5,3,51,212,1,1,1,2,A26,0.0,0.0
201300011576,6,8,2013,9,1,51,545,1,1,1,2,A26,0.0,0.0
201300011577,4,9,2013,8,1,51,453,1,1,1,6,A26,0.0,0.0
201300011578,20,10,2013,12,1,51,99,1,1,1,6,A26,0.0,0.0
201300011579,11,2,2013,8,1,77,359,1,1,2,7,,0.0,0.0
201300011580,15,2,2013,12,1,77,520,1,1,1,2,,0.0,0.0
201300011581,19,2,2013,10,1,77,477,1,1,1,6,,0.0,0.0
201300011582,18,3,2013,14,1,77,88,1,1,4,6,,0.0,0.0
201300011583,25,3,2013,10,1,77,333,1,1,1,6,,0.0,0.0
201300011584,27,3,2013,17,1,45,94,1,1,1,5,,48.15711,2.88938
201300011585,4,4,2013,16,1,77,359,1,1,1,6,,0.0,0.0
201300011586,8,5,2013,15,1,77,458,1,1,2,2,,0.0,0.0
201300011587,9,6,2013,8,1,77,458,1,1,8,6,,0.0,0.0
201300011588,12,6,2013,23,3,45,32,1,1,1,2,,48.13232,2.94242
201300011589,27,6,2013,17,1,77,412,1,1,1,6,,0.0,0.0
201300011590,4,7,2013,10,1,77,412,1,1,1,2,,0.0,0.0
201300011591,11,7,2013,16,1,77,370,1,1,1,2,,0.0,0.0
201300011592,16,7,2013,23,3,77,520,1,1,1,2,,48.31,2.647
201300011593,4,8,2013,17,1,77,1,1,1,1,6,,0.0,0.0
201300011594,24,8,2013,3,3,77,339,1,1,1,5,,0.0,0.0
201300011595,1,9,2013,9,1,77,1,1,1,1,6,,0.0,0.0
201300011596,3,9,2013,17,1,45,94,1,1,1,6,,48.15739,2.88872
201300011597,1,11,2013,0,3,77,370,1,1,1,5,,0.0,0.0
201300011598,8,11,2013,11,1,77,477,1,1,3,6,,48.343,2.586
201300011599,14,11,2013,15,1,77,339,1,9,1,3,,48.631,2.561
201300011600,22,11,2013,23,3,77,339,1,1,1,3,,48.631,2.561
201300011601,12,1,2013,10,1,62,873,1,1,1,3,,0.0,0.0
201300011602,14,2,2013,8,1,62,317,1,2,9,1,,0.0,0.0
201300011603,9,3,2013,2,1,62,873,1,1,1,5,,0.0,0.0
201300011604,30,3,2013,23,3,62,559,1,1,1,7,,0.0,0.0
201300011605,19,6,2013,11,1,62,164,1,1,1,2,,0.0,0.0
201300011606,8,7,2013,17,1,62,145,1,1,1,6,,0.0,0.0
201300011607,10,7,2013,11,1,62,728,1,9,1,1,,0.0,0.0
201300011608,19,7,2013,16,1,62,873,1,1,1,2,,0.0,0.0
201300011609,29,7,2013,13,1,62,121,1,1,1,2,,50.13,2.873
201300011610,16,9,2013,7,1,62,728,1,1,1,6,,0.0,0.0
201300011611,23,9,2013,12,1,62,80,1,1,1,6,,0.0,0.0
201300011612,4,10,2013,7,2,62,873,1,1,1,6,,50.276,2.872
201300011613,25,3,2013,10,1,80,430,1,1,1,3,,0.0,0.0
201300011614,20,4,2013,16,1,80,359,1,1,1,3,,0.0,0.0
201300011615,13,5,2013,20,2,80,2,1,1,1,2,,0.0,0.0
201300011616,3,6,2013,5,2,80,521,1,1,1,2,,0.0,0.0
201300011617,9,7,2013,17,1,80,2,1,1,1,7,,0.0,0.0
201300011618,5,8,2013,8,1,80,430,1,1,1,6,,0.0,0.0
201300011619,15,8,2013,16,1,80,383,1,1,1,6,,0.0,0.0
201300011620,23,8,2013,2,3,80,307,1,1,1,6,,0.0,0.0
201300011621,20,9,2013,15,1,80,33,1,1,1,6,,0.0,0.0
201300011622,28,9,2013,5,3,80,307,1,1,1,2,,0.0,0.0
201300011623,1,11,2013,22,3,80,204,1,1,3,6,,0.0,0.0
201300011624,3,11,2013,22,3,80,2,1,1,2,5,,0.0,0.0
201300011625,11,11,2013,14,1,80,421,1,1,1,7,,0.0,0.0
201300011626,20,11,2013,5,3,80,383,1,1,1,2,,0.0,0.0
201300011627,22,11,2013,13,1,80,288,1,1,1,2,,0.0,0.0
201300011628,26,11,2013,21,3,80,101,1,1,1,2,,0.0,0.0
201300011629,29,11,2013,16,1,80,2,1,1,8,2,,0.0,0.0
201300011630,8,12,2013,14,1,80,421,1,1,1,6,,0.0,0.0
201300011631,11,12,2013,1,3,80,307,1,1,1,2,,0.0,0.0
201300011632,9,1,2013,19,1,13,103,1,1,1,1,,0.0,0.0
201300011633,5,2,2013,15,1,13,67,1,1,1,2,,0.0,0.0
201300011634,8,3,2013,23,3,13,69,1,1,1,4,,0.0,0.0
201300011635,26,3,2013,11,1,13,67,1,1,1,6,,0.0,0.0
201300011636,12,4,2013,10,1,13,112,1,1,1,3,,0.0,0.0
201300011637,9,5,2013,9,1,13,44,1,1,1,6,,0.0,0.0
201300011638,17,6,2013,9,1,13,103,1,1,1,5,,0.0,0.0
201300011639,21,7,2013,10,1,13,1,1,1,1,6,,0.0,0.0
201300011640,20,7,2013,18,1,13,112,1,1,1,6,,0.0,0.0
201300011641,22,7,2013,8,1,13,18,1,1,1,2,,0.0,0.0
201300011642,11,8,2013,13,1,13,49,1,1,1,2,,0.0,0.0
201300011643,7,9,2013,3,3,13,1,1,1,1,2,,0.0,0.0
201300011644,8,9,2013,2,3,13,18,1,1,2,6,,0.0,0.0
201300011645,22,9,2013,22,3,13,49,1,1,1,2,,0.0,0.0
201300011646,25,9,2013,15,1,13,18,1,1,1,7,,0.0,0.0
201300011647,14,10,2013,14,1,13,49,1,1,1,6,,0.0,0.0
201300011648,16,10,2013,6,3,13,18,1,1,1,2,,0.0,0.0
201300011649,5,11,2013,18,3,13,67,1,1,1,2,,0.0,0.0
201300011650,8,11,2013,17,3,13,103,1,1,1,2,,0.0,0.0
201300011651,28,11,2013,7,2,13,103,1,1,1,2,,0.0,0.0
201300011652,3,12,2013,9,1,13,103,1,1,1,6,,0.0,0.0
201300011653,4,12,2013,8,1,13,18,1,1,1,5,,0.0,0.0
201300011654,22,12,2013,14,1,13,76,1,1,1,2,,0.0,0.0
201300011655,25,12,2013,18,3,13,69,1,1,3,3,,0.0,0.0
201300011656,25,6,2013,2,3,84,83,1,1,1,3,,0.0,0.0
201300011657,6,7,2013,13,1,30,107,1,1,1,2,,43.96666,4.64185
201300011658,11,8,2013,23,3,30,107,1,1,1,1,,43.95849,4.62936
201300011659,23,8,2013,13,1,84,129,1,1,1,6,,0.0,0.0
201300011660,28,9,2013,3,3,84,83,1,1,1,2,,0.0,0.0
201300011661,7,10,2013,7,3,84,7,1,9,1,3,,0.0,0.0
201300011662,10,10,2013,0,3,84,81,1,1,1,2,,0.0,0.0
201300011663,2,11,2013,0,5,30,217,1,1,2,6,,43.97581,4.65655
201300011664,2,6,2013,15,1,60,584,2,1,1,6,,0.0,0.0
201300011665,6,6,2013,11,1,60,584,1,3,1,1,,0.0,0.0
201300011666,26,7,2013,18,1,60,651,1,1,1,1,,0.0,0.0
201300011667,5,8,2013,6,1,60,513,2,2,1,3,rue de Beauvais,0.0,0.0
201300011668,4,9,2013,5,3,60,686,2,1,1,3,RD 44,0.0,0.0
201300011669,13,12,2013,16,1,60,584,2,1,1,5,13 BIS ROUTE DE CREIL,0.0,0.0
201300011670,17,12,2013,9,1,60,391,2,1,8,1,,0.0,0.0
201300011671,28,8,2013,16,1,71,542,1,1,7,3,,46.71294,4.13271
201300011672,25,11,2013,13,1,71,335,1,1,1,6,,46.36241,4.31284
201300011673,20,7,2013,0,3,25,56,1,1,1,5,,0.0,0.0
201300011674,29,1,2013,12,1,76,484,1,1,1,7,,49.33943,1.06931
201300011675,8,2,2013,17,1,76,682,1,1,1,2,,49.31797,1.1054
201300011676,22,3,2013,8,1,76,391,1,1,1,6,,49.34157,0.93161
201300011677,19,7,2013,9,1,27,497,1,1,1,6,,49.374,0.722
201300011678,25,7,2013,19,1,27,656,1,1,1,6,,49.205,0.261
201300011679,6,8,2013,20,1,27,228,1,1,1,6,,0.0,0.0
201300011680,15,8,2013,15,1,27,65,1,1,1,2,,0.0,0.0
201300011681,7,9,2013,13,1,27,340,1,1,1,2,,0.0,0.0
201300011682,12,10,2013,10,1,27,227,1,1,1,3,,0.0,0.0
201300011683,19,10,2013,3,3,76,484,1,1,1,6,,49.33846,1.07111
201300011684,1,12,2013,6,3,76,484,1,1,1,6,,49.34519,1.04054
201300011685,3,12,2013,14,1,27,228,1,1,5,6,,49.377,0.686
201300011686,15,2,2013,11,1,78,68,1,1,1,2,,49.042,1.46
201300011687,6,3,2013,20,3,27,351,1,1,2,1,,49.272,1.138
201300011688,22,3,2013,19,3,27,351,1,1,1,6,,49.254,1.173
201300011689,10,5,2013,7,1,27,612,1,1,1,6,,49.077,1.399
201300011690,16,5,2013,14,1,78,668,1,1,1,2,,0.0,0.0
201300011691,11,6,2013,16,1,27,203,1,1,1,7,,49.064,1.428
201300011692,10,7,2013,7,1,27,188,1,9,1,6,,49.308,1.118
201300011693,3,8,2013,0,3,27,203,1,1,1,6,,49.05,1.45
201300011694,31,8,2013,7,1,27,332,1,1,1,6,,49.196,1.233
201300011695,3,10,2013,16,1,27,701,1,1,1,2,,49.238,1.201
201300011696,25,12,2013,16,1,27,701,1,1,1,6,,49.251,1.18
201300011697,22,12,2013,16,1,78,531,1,1,2,6,,48.998,1.625
201300011698,20,1,2013,19,3,60,254,1,1,8,1,,0.0,0.0
201300011699,3,2,2013,8,1,60,71,1,1,1,6,,0.0,0.0
201300011700,12,2,2013,4,3,60,125,1,1,1,2,,0.0,0.0
201300011701,18,2,2013,15,1,60,19,1,1,1,2,,0.0,0.0
201300011702,5,3,2013,0,3,60,100,1,1,1,7,,0.0,0.0
201300011703,20,3,2013,2,3,60,531,1,1,1,2,,0.0,0.0
201300011704,6,4,2013,9,1,60,533,1,1,1,3,,0.0,0.0
201300011705,8,4,2013,16,1,60,19,1,1,1,2,,0.0,0.0
201300011706,19,6,2013,23,3,60,125,1,1,2,6,,0.0,0.0
201300011707,1,7,2013,0,3,60,538,1,1,1,5,,0.0,0.0
201300011708,6,7,2013,16,1,60,424,1,1,1,2,,0.0,0.0
201300011709,18,7,2013,8,1,60,138,1,1,1,5,,0.0,0.0
201300011710,8,8,2013,17,1,60,541,1,1,1,2,,0.0,0.0
201300011711,6,9,2013,6,2,60,508,1,1,1,2,,0.0,0.0
201300011712,28,9,2013,2,3,60,100,1,1,1,2,,0.0,0.0
201300011713,2,10,2013,14,1,60,138,1,1,1,6,,0.0,0.0
201300011714,21,10,2013,18,1,60,558,1,1,1,2,,0.0,0.0
201300011715,11,11,2013,23,3,60,541,1,1,1,6,,0.0,0.0
201300011716,1,12,2013,11,1,60,138,1,1,1,7,,0.0,0.0
201300011717,1,3,2013,20,3,21,27,1,1,1,3,,0.0,0.0
201300011718,1,4,2013,18,1,21,227,1,1,1,7,,47.657,4.572
201300011719,25,4,2013,17,1,21,27,1,1,1,3,,47.404,5.041
201300011720,12,7,2013,13,1,21,142,2,1,1,3,Hameau de Courceau,0.0,0.0
201300011721,5,8,2013,19,1,21,408,1,1,1,1,,47.428,4.971
201300011722,24,9,2013,8,1,21,27,1,1,1,3,,47.378,5.037
201300011723,29,1,2013,7,2,69,206,1,1,1,4,,0.0,0.0
201300011724,23,3,2013,7,2,69,13,1,1,2,2,,0.0,0.0
201300011725,26,7,2013,12,1,69,242,1,1,1,6,,0.0,0.0
201300011726,28,8,2013,7,1,69,206,1,1,1,3,,0.0,0.0
201300011727,30,8,2013,7,1,69,242,1,1,1,2,,0.0,0.0
201300011728,6,11,2013,7,2,69,242,1,1,3,7,,0.0,0.0
201300011729,16,12,2013,2,3,69,242,1,1,1,7,,0.0,0.0
201300011730,30,12,2013,18,3,69,19,1,1,1,6,,0.0,0.0
201300011731,14,11,2013,6,3,59,492,1,1,9,2,Autoroute,50.2087,3.22885
201300011732,6,1,2013,9,1,38,381,1,1,1,7,,45.565,5.472
201300011733,22,2,2013,19,3,38,530,1,1,1,3,A43 PK0027+0800,45.6169,5.19249
201300011734,23,2,2013,23,3,38,193,1,1,4,7,,45.6128,5.21112
201300011735,8,4,2013,15,1,38,53,1,1,8,2,,45.613,5.234
201300011736,16,5,2013,22,3,38,53,1,1,3,5,,0.0,0.0
201300011737,26,8,2013,1,3,38,530,1,1,1,1,,45.629,5.178
201300011738,2,11,2013,14,1,38,537,1,1,8,1,,0.0,0.0
201300011739,8,12,2013,1,3,38,348,1,1,1,6,,0.0,0.0
201300011740,9,12,2013,7,2,38,537,1,9,1,6,,0.0,0.0
201300011741,27,12,2013,7,1,38,553,1,1,8,7,,0.0,0.0
201300011742,27,12,2013,20,3,38,537,1,1,1,5,,0.0,0.0
201300011743,8,3,2013,15,1,68,278,1,1,1,1,,0.0,0.0
201300011744,29,4,2013,22,5,68,278,2,1,1,1,rue ile Napol?on,0.0,0.0
201300011745,19,5,2013,13,1,68,118,2,1,1,1,123 rue du gnl de Gaulle,0.0,0.0
201300011746,5,8,2013,10,1,68,278,1,1,1,2,,0.0,0.0
201300011747,14,12,2013,5,5,68,84,2,9,1,6,rue de Mulhouse,0.0,0.0
201300011748,15,2,2013,19,1,95,580,1,1,1,3,RD 317,49.0901,2.5304
201300011749,11,3,2013,16,1,95,250,2,1,3,2,AV DE BEAUMONT,49.1026,2.5176
201300011750,19,4,2013,8,2,95,580,1,1,1,1,RD 16,49.0857,2.5435
201300011751,21,4,2013,10,1,95,604,2,1,1,2,R JEAN JAURES,49.0976,2.5466
201300011752,18,6,2013,18,1,95,604,1,1,1,3,RD 317,49.1095,2.5321
201300011753,31,7,2013,19,1,95,604,2,1,1,5,R DE LA GARE,49.0985,2.5379
201300011754,14,9,2013,20,2,95,580,1,1,2,4,RD 16,49.095,2.531
201300011755,19,9,2013,8,1,95,250,2,1,8,5,R DE LA PRAIRIE ROCOURT,49.0959,2.4909
201300011756,20,10,2013,8,1,95,371,1,1,1,1,R GABRIEL PERI,49.0732,2.4988
201300011757,22,10,2013,11,1,95,371,2,1,1,1,R GABRIEL PERI,49.0779,2.4991
201300011758,14,9,2013,7,2,76,502,1,1,2,2,,49.54554,1.24177
201300011759,27,9,2013,16,1,76,705,1,1,1,2,,49.33354,1.08022
201300011760,22,12,2013,15,1,76,547,1,1,1,6,,49.56645,1.27326
201300011761,4,8,2013,0,4,17,396,2,1,1,6,RUE DE L'AUNIS FACE N?33,46.22166,-0.88361
201300011762,8,9,2013,10,1,17,394,1,2,1,3,,46.14713,-0.64317
201300011763,5,8,2013,7,2,17,280,1,1,1,6,,45.84811,-0.71892
201300011764,23,8,2013,16,1,17,213,1,1,1,6,,46.04038,-0.53683
201300011765,1,12,2013,2,3,17,465,1,1,1,4,,45.95819,-0.55319
201300011766,25,1,2013,7,2,31,116,2,1,1,3,rue de l'aste,43.6866,1.44171
201300011767,17,2,2013,10,1,31,282,1,1,1,6,,0.0,0.0
201300011768,16,6,2013,8,1,31,116,1,1,1,1,,0.0,0.0
201300011769,28,7,2013,19,1,31,282,2,1,3,1,CHEMIN DE VIREBENT,43.6658,1.44138
201300011770,16,2,2013,13,1,83,140,1,1,1,3,,0.0,0.0
201300011771,21,2,2013,17,1,83,140,1,1,1,6,,0.0,0.0
201300011772,2,3,2013,11,1,83,23,1,9,1,6,,0.0,0.0
201300011773,12,4,2013,18,1,13,87,1,1,1,2,,0.0,0.0
201300011774,15,4,2013,21,3,83,140,1,1,1,5,,0.0,0.0
201300011775,22,5,2013,16,1,13,110,1,1,1,6,,0.0,0.0
201300011776,27,5,2013,11,1,83,116,1,1,1,7,,0.0,0.0
201300011777,11,8,2013,19,1,83,140,1,1,1,7,,0.0,0.0
201300011778,21,8,2013,22,3,83,96,1,1,1,3,,0.0,0.0
201300011779,23,8,2013,21,3,83,116,1,1,1,5,,0.0,0.0
201300011780,26,8,2013,5,3,83,116,1,1,1,2,,0.0,0.0
201300011781,26,8,2013,19,1,83,116,1,1,1,6,,0.0,0.0
201300011782,1,9,2013,10,1,83,116,1,1,1,6,,0.0,0.0
201300011783,8,2,2013,17,1,74,21,1,1,1,4,,0.0,0.0
201300011784,14,4,2013,9,1,74,197,1,1,1,6,,0.0,0.0
201300011785,24,4,2013,15,1,74,118,1,1,1,6,,0.0,0.0
201300011786,5,6,2013,13,1,74,197,1,1,1,2,PEAGE,0.0,0.0
201300011787,25,7,2013,9,1,74,256,1,1,1,2,,45.943,6.643
201300011788,29,8,2013,14,1,74,197,1,1,1,2,,0.0,0.0
201300011789,6,1,2013,19,3,34,22,1,1,1,3,,43.65667,3.99607
201300011790,12,1,2013,20,3,30,34,1,1,2,2,,43.7385,4.45978
201300011791,7,2,2013,21,5,30,123,1,1,1,2,,43.72708,4.18214
201300011792,8,2,2013,6,3,34,146,1,1,1,2,,43.69465,4.08403
201300011793,15,2,2013,4,3,30,36,1,1,1,5,,43.78245,4.29135
201300011794,6,4,2013,6,3,30,344,1,1,2,1,,43.75065,4.22558
201300011795,22,4,2013,5,3,30,123,1,1,1,2,,43.72443,4.16675
201300011796,29,4,2013,16,1,30,36,1,1,1,4,,43.77669,4.28566
201300011797,14,5,2013,16,1,30,317,1,1,1,2,,43.91507,4.57301
201300011798,26,5,2013,20,1,34,321,1,1,1,1,,43.68017,4.0394
201300011799,20,7,2013,19,1,30,189,1,1,1,7,,43.80448,4.32723
201300011800,24,7,2013,10,1,30,189,1,1,1,4,,43.80715,4.3579
201300011801,28,7,2013,10,1,30,123,1,1,1,1,,43.72441,4.16195
201300011802,18,8,2013,10,1,30,344,1,1,1,5,,43.75031,4.22788
201300011803,23,8,2013,14,1,30,145,1,1,1,5,,43.90037,4.52172
201300011804,1,9,2013,7,1,30,123,1,1,1,4,,43.80642,4.36653
201300011805,9,9,2013,12,1,30,189,1,1,1,1,,43.79948,4.30986
201300011806,21,9,2013,10,1,30,189,1,1,1,2,,43.81807,4.37148
201300011807,5,10,2013,9,1,30,344,1,1,5,6,,43.74635,4.20252
201300011808,18,10,2013,18,1,30,347,1,1,8,6,,43.74345,4.19896
201300011809,4,11,2013,20,3,30,145,1,1,1,5,,43.89983,4.51984
201300011810,4,11,2013,23,3,30,189,1,1,1,1,,43.82529,4.38639
201300011811,12,11,2013,23,5,34,172,1,1,1,6,,0.0,0.0
201300011812,10,1,2013,5,3,11,441,1,1,6,7,,43.202,3.077
201300011813,15,3,2013,14,1,11,144,1,1,1,3,,0.0,0.0
201300011814,21,3,2013,14,1,11,379,1,1,1,3,,0.0,0.0
201300011815,3,4,2013,8,1,11,441,1,1,1,6,,43.196,3.069
201300011816,24,6,2013,13,1,11,262,1,1,1,2,,43.168,2.999
201300011817,19,7,2013,18,1,11,40,1,1,1,4,,43.168,2.846
201300011818,11,8,2013,1,3,11,144,1,1,1,6,,0.0,0.0
201300011819,6,9,2013,10,1,11,295,1,1,1,6,,43.08,2.938
201300011820,18,4,2013,6,2,37,8,1,3,1,3,,0.0,0.0
201300011821,11,5,2013,16,1,37,8,1,1,1,1,,0.0,0.0
201300011822,19,5,2013,8,1,37,91,1,1,1,1,,0.0,0.0
201300011823,19,5,2013,11,1,37,91,2,1,1,3,rue de Chenonceaux,0.0,0.0
201300011824,26,8,2013,18,1,37,267,1,1,1,6,,0.0,0.0
201300011825,2,11,2013,13,1,37,156,2,1,1,3,4 RUE ALBERT BAILLET,0.0,0.0
201300011826,24,11,2013,19,3,37,8,1,1,1,1,,0.0,0.0
201300011827,7,1,2013,12,1,45,8,1,1,1,6,,48.07214,1.84882
201300011828,28,1,2013,12,1,28,311,1,1,1,7,,0.0,0.0
201300011829,22,2,2013,17,1,28,2,1,1,1,2,,0.0,0.0
201300011830,8,4,2013,17,1,45,93,1,1,1,2,,48.03355,1.84009
201300011831,14,4,2013,7,1,28,276,1,1,1,6,,0.0,0.0
201300011832,19,5,2013,8,1,45,8,1,1,1,4,,48.06601,1.84681
201300011833,31,5,2013,8,1,28,121,1,1,1,3,,0.0,0.0
201300011834,2,6,2013,17,1,28,121,1,1,1,1,,0.0,0.0
201300011835,4,6,2013,7,1,28,2,1,1,1,2,,0.0,0.0
201300011836,14,6,2013,18,1,45,20,1,1,1,6,,47.83798,1.671
201300011837,22,6,2013,8,1,28,367,1,1,1,5,,0.0,0.0
201300011838,18,7,2013,11,1,45,93,1,1,1,6,,48.03246,1.83999
201300011839,5,9,2013,14,1,45,344,1,1,1,6,,47.79401,1.60751
201300011840,8,10,2013,4,3,28,303,1,1,1,1,,0.0,0.0
201300011841,26,10,2013,9,1,45,6,1,1,1,2,,47.76709,1.85219
201300011842,13,11,2013,14,1,28,367,1,1,1,1,,48.159,1.855
201300011843,2,12,2013,14,1,45,317,1,1,1,6,,47.77089,1.57461
201300011844,22,12,2013,1,3,45,317,1,1,2,6,,47.76373,1.56101
201300011845,29,3,2013,18,1,13,114,1,1,1,6,,43.53328,5.28066
201300011846,19,4,2013,15,1,13,32,2,1,1,3,av. p?re sylvain giraud,43.57053,5.35599
201300011847,3,6,2013,18,1,13,114,1,1,1,3,,0.0,0.0
201300011848,17,7,2013,16,1,13,114,1,1,1,7,,43.54691,5.29052
201300011849,23,7,2013,16,1,13,32,1,1,1,7,,0.0,0.0
201300011850,9,10,2013,8,1,13,32,2,1,1,6,avenue paul magalon,0.0,0.0
201300011851,25,10,2013,14,1,13,32,2,1,1,6,D17 ? hauteur La C?bo,43.56649,5.374
201300011852,5,3,2013,7,2,67,472,1,9,1,2,,0.0,0.0
201300011853,6,4,2013,13,1,67,194,2,7,1,3,Rue de la gare,0.0,0.0
201300011854,4,5,2013,9,1,67,465,2,3,2,3,rue Roethe,0.0,0.0
201300011855,4,8,2013,16,1,67,319,1,1,1,5,,0.0,0.0
201300011856,7,10,2013,10,1,67,180,1,1,2,7,,0.0,0.0
201300011857,15,10,2013,16,1,67,194,2,1,3,1,route de Gambsheim,0.0,0.0
201300011858,30,10,2013,12,3,67,465,2,1,1,6,rue du stade,0.0,0.0
201300011859,2,1,2013,8,1,21,54,1,1,9,6,BRETELLE A6 A 550M A6,47.0304,4.86967
201300011860,5,1,2013,5,3,21,347,1,1,1,6,,47.0063,4.86264
201300011861,30,4,2013,6,2,21,590,1,1,2,6,,47.0569,4.82694
201300011862,19,6,2013,22,3,21,54,1,1,2,6,,47.00089,4.85938
201300011863,4,8,2013,13,1,21,347,1,1,1,7,,47.00336,4.8537
201300011864,18,8,2013,14,1,21,423,1,1,1,2,,0.0,0.0
201300011865,21,10,2013,21,3,39,29,1,1,1,2,,47.127,5.547
201300011866,15,1,2013,9,1,73,239,1,1,4,6,,45.7836,5.96412
201300011867,4,2,2013,22,3,73,239,1,1,8,1,,45.78766,5.96656
201300011868,1,4,2013,0,3,73,103,1,1,1,3,,45.67494,5.92917
201300011869,29,4,2013,16,1,73,128,1,1,2,6,,45.719,5.925
201300011870,16,5,2013,14,1,73,103,1,9,3,6,,45.67608,5.92984
201300011871,30,5,2013,11,1,73,128,1,1,1,6,,45.7058,5.92709
201300011872,16,7,2013,20,1,73,179,1,1,1,6,,45.60272,5.87683
201300011873,17,7,2013,20,2,73,182,1,1,3,6,,45.6961,5.93004
201300011874,18,7,2013,9,1,73,65,1,1,1,2,,45.60885,5.88799
201300011875,25,12,2013,14,1,73,27,1,1,3,6,,45.566,5.762