Num_Acc,jour,mois,an,hr,condition_eclairage,departement,commune,condition_agglomeration,intersection,condition_atmosphere,type_collision,adresse,lattitude,longitude
201300011876,30,3,2013,8,1,74,307,1,1,1,1,,0.0,0.0
201300011877,25,5,2013,16,1,74,224,1,1,4,5,,0.0,0.0
201300011878,12,7,2013,1,3,74,61,1,1,1,7,,45.87,6.06
201300011879,15,9,2013,21,3,74,120,1,1,8,6,,0.0,0.0
201300011880,8,2,2013,8,1,38,257,1,1,8,6,,45.466,5.402
201300011881,3,3,2013,6,3,38,368,1,1,1,7,,0.0,0.0
201300011882,4,3,2013,4,3,38,508,1,1,1,6,,45.50842,5.40201
201300011883,10,4,2013,18,1,38,565,1,1,1,4,,45.273,5.627
201300011884,17,10,2013,9,1,38,382,1,1,1,2,,45.246,5.659
201300011885,23,12,2013,14,1,38,170,1,1,1,5,A48 PK 0088+0700,45.2542,5.64662
201300011886,7,3,2013,10,1,55,497,1,1,8,3,,0.0,0.0
201300011887,3,8,2013,16,1,55,237,1,1,7,3,,0.0,0.0
201300011888,17,1,2013,16,1,08,105,1,1,1,6,NOUZONVILLE,49.7945,4.74421
201300011889,8,2,2013,19,2,08,105,2,1,2,7,"3, DE GAULLE AVENUE",49.7664,4.71872
201300011890,8,2,2013,19,5,08,105,2,3,1,3,"1, ETION RUE",49.7809,4.70777
201300011891,18,2,2013,9,1,08,105,2,1,1,6,"2, DE GAULLE AVENUE",49.7664,4.71864
201300011892,19,2,2013,9,1,08,105,2,3,1,6,"1, JACQUEMART TEMPLEUX",49.7705,4.72451
201300011893,1,3,2013,17,1,08,105,2,1,1,6,"105, CARNOT AVENUE",49.7508,4.72433
201300011894,26,3,2013,6,2,08,105,2,3,1,3,EVIGNY,49.7288,4.71307
201300011895,13,5,2013,7,1,08,105,2,1,1,6,"12, DE GAULLE AVENUE",49.7665,4.71858
201300011896,18,5,2013,19,1,08,105,2,1,1,2,"5, MUGUET AVENUE",49.7458,4.72471
201300011897,5,6,2013,9,1,08,105,2,1,1,6,"54, BOUTET C. AVENUE",49.7752,4.71257
201300011898,9,6,2013,17,1,08,105,2,1,3,1,"2, CARDOT J.",49.7763,4.71524
201300011899,14,6,2013,18,1,08,180,2,1,7,6,"26, PARIS ROUTE",49.7218,4.71381
201300011900,18,6,2013,9,1,08,105,2,5,1,3,"145, DE GAULLE AVENUE",49.7735,4.70455
201300011901,23,6,2013,6,1,08,105,2,1,2,7,"20, RUE DES PAQUIS",49.7798,4.72037
201300011902,6,7,2013,18,1,08,105,2,6,1,3,"1, SARTRE J.P.",49.7401,4.71141
201300011903,11,6,2013,11,1,08,105,1,1,1,7,"9, A34",0.0,0.0
201300011904,1,9,2013,12,1,08,497,2,1,1,1,RN43,49.7859,4.67821
201300011905,2,9,2013,21,5,08,105,2,2,1,3,"1, HACHETTE RUE",49.7631,4.72036
201300011906,27,9,2013,19,2,08,105,2,1,1,5,"0, NOUZONVILLE",49.7806,4.71523
201300011907,6,12,2013,18,3,35,331,1,1,1,7,,48.12639,-1.93729
201300011908,28,2,2013,17,1,14,536,1,1,1,6,,49.4099,0.26818
201300011909,21,5,2013,8,1,14,12,1,1,8,6,A13 ANGERVILLE,49.2413,-0.02792
201300011910,2,8,2013,17,1,14,682,1,1,1,2,,0.0,0.0
201300011911,15,9,2013,12,1,14,185,1,1,1,6,,0.0,0.0
201300011912,1,11,2013,21,3,14,203,1,1,3,7,,0.0,0.0
201300011913,20,11,2013,7,3,14,682,1,1,9,1,,0.0,0.0
201300011914,6,12,2013,16,3,14,437,1,1,1,4,,0.0,0.0
201300011915,19,2,2013,16,1,13,65,1,1,1,1,,0.0,0.0
201300011916,30,4,2013,18,1,13,65,2,2,1,3,AVE*Jaures/poissonniers,43.68652,4.86554
201300011917,21,6,2013,7,1,13,58,1,1,1,3,,0.0,0.0
201300011918,21,7,2013,10,1,13,11,1,1,1,1,,0.0,0.0
201300011919,6,9,2013,11,1,13,11,1,1,1,7,,43.74794,4.83115
201300011920,14,12,2013,10,1,13,65,2,2,1,1,,0.0,0.0
201300011921,20,12,2013,18,5,13,65,2,1,2,6,Roger SALENGRO,0.0,0.0
201300011922,5,1,2013,1,3,28,85,1,1,8,2,,0.0,0.0
201300011923,10,4,2013,14,1,41,295,1,1,1,6,,47.617,1.39132
201300011924,9,5,2013,16,1,41,67,1,3,1,3,,47.4944,1.52012
201300011925,4,6,2013,17,1,41,50,1,1,1,6,,47.4913,1.43545
201300011926,10,5,2013,12,1,69,27,2,1,1,2,Rue du g?n?ral de gaulle,0.0,0.0
201300011927,14,5,2013,18,1,69,27,2,1,1,1,152 av gnle de gaulle,0.0,0.0
201300011928,22,7,2013,22,5,69,27,2,1,1,1,rue g?n?ral de gaulle,0.0,0.0
201300011929,27,9,2013,15,1,69,43,2,6,1,3,BD DU DOCTEUR reydellet,0.0,0.0
201300011930,11,11,2013,5,5,69,27,2,1,1,6,ROUTE D'IRIGNY,0.0,0.0
201300011931,22,12,2013,10,1,69,268,2,1,1,7,rue louis querbes,0.0,0.0
201300011932,17,2,2013,15,1,29,212,2,1,1,3,rue du 8 mai 1945,48.38033,-4.59811
201300011933,25,4,2013,15,1,29,130,1,1,1,2,,48.36101,-4.64885
201300011934,17,6,2013,19,1,29,201,1,1,3,1,,48.41412,-4.65073
201300011935,5,7,2013,15,1,29,212,1,1,1,3,,48.40467,-4.6194
201300011936,7,7,2013,18,3,29,69,1,1,1,6,,48.42114,-4.56476
201300011937,22,7,2013,18,1,29,201,1,1,1,3,,48.42125,-4.68888
201300011938,19,8,2013,10,1,29,19,1,6,1,7,,48.37333,-4.56102
201300011939,9,10,2013,4,3,29,212,1,1,5,6,,48.39192,-4.6157
201300011940,19,10,2013,17,1,29,201,1,2,1,3,,48.38051,-4.71202
201300011941,20,10,2013,14,1,29,201,1,1,1,6,,48.37939,-4.75468
201300011942,30,11,2013,17,1,29,212,2,1,1,6,ROUTE DE LA TRINITE,48.38146,-4.61539
201300011943,2,1,2013,11,1,34,172,1,1,1,2,,43.60074,3.91949
201300011944,13,1,2013,10,1,34,143,1,1,1,6,,43.46339,3.63029
201300011945,14,4,2013,2,3,34,31,1,1,1,2,,43.368,3.39073
201300011946,12,5,2013,15,1,34,129,1,1,1,5,,43.5829,3.88772
201300011947,14,5,2013,3,3,34,172,1,1,1,6,,43.60468,3.92951
201300011948,15,5,2013,10,1,34,32,1,9,2,2,,43.34844,3.27884
201300011949,15,5,2013,19,2,34,172,1,1,2,5,,43.60201,3.92266
201300011950,3,6,2013,14,1,34,172,1,1,1,2,,43.612,3.936
201300011951,7,6,2013,11,1,34,172,1,1,1,7,,43.59928,3.91673
201300011952,1,7,2013,17,1,34,172,1,1,1,3,,43.598,3.906
201300011953,16,7,2013,17,1,34,207,1,1,1,3,,43.412,3.492
201300011954,19,7,2013,11,1,34,166,1,9,1,2,,43.59,3.897
201300011955,28,7,2013,15,1,34,203,1,1,1,6,,43.421,3.526
201300011956,30,7,2013,10,1,34,95,1,1,1,6,,43.549,3.792
201300011957,2,8,2013,20,1,34,172,1,1,1,5,,43.584,3.884
201300011958,14,8,2013,16,1,34,135,1,1,1,1,,43.282,3.184
201300011959,26,8,2013,15,1,34,101,1,1,1,4,,43.404,3.474
201300011960,23,9,2013,11,3,34,32,1,1,1,6,,0.0,0.0
201300011961,28,9,2013,1,3,34,172,1,1,1,6,,43.58677,3.89312
201300011962,28,9,2013,21,3,34,135,1,1,1,5,,43.287,3.187
201300011963,30,9,2013,6,3,34,113,1,1,1,5,,43.50538,3.73532
201300011964,20,10,2013,5,3,34,157,1,1,1,5,,43.44978,3.58371
201300011965,1,11,2013,15,1,34,129,1,1,1,6,,43.57266,3.87217
201300011966,7,12,2013,19,1,34,172,1,1,1,5,,43.593,3.899
201300011967,7,12,2013,2,3,34,101,1,1,1,5,,43.388,3.451
201300011968,7,12,2013,3,3,34,31,1,1,1,2,,43.381,3.417
201300011969,10,12,2013,7,2,34,135,1,1,5,5,,43.252,3.153
201300011970,20,12,2013,8,1,34,172,1,1,1,2,,43.592,3.897
201300011971,24,12,2013,23,3,34,203,1,1,1,2,,0.0,0.0
201300011972,18,3,2013,11,1,33,36,1,1,1,5,,0.0,0.0
201300011973,25,5,2013,16,1,33,21,1,1,1,7,,0.0,0.0
201300011974,18,6,2013,15,1,33,227,1,1,3,3,,0.0,0.0
201300011975,13,7,2013,16,1,33,337,1,1,1,7,,0.0,0.0
201300011976,12,8,2013,11,1,33,72,1,1,1,7,,0.0,0.0
201300011977,18,8,2013,17,1,33,227,1,1,1,7,,0.0,0.0
201300011978,5,6,2013,14,1,31,506,2,3,1,3,Avenue de Gameville,43.5505,1.53517
201300011979,17,6,2013,19,1,31,506,2,1,1,3,avenue de gameville,0.0,0.0
201300011980,6,9,2013,18,1,31,254,2,1,1,2,7 ROUTE DE BAZIEGE,43.5275,1.53848
201300011981,9,9,2013,18,1,31,506,1,1,1,3,,0.0,0.0
201300011982,30,9,2013,18,1,31,506,2,1,1,7,avenue du Lycée,0.0,0.0
201300011983,31,10,2013,18,3,31,506,1,1,1,1,,0.0,0.0
201300011984,4,12,2013,14,1,31,446,2,1,1,6,Avenue d'Occitanie,43.54455,1.47874
201300011985,4,7,2013,7,1,26,96,2,1,1,3,26096,0.0,0.0
201300011986,4,7,2013,19,1,26,34,1,1,1,7,26034,0.0,0.0
201300011987,6,7,2013,17,1,26,96,1,2,1,3,26096,0.0,0.0
201300011988,8,7,2013,9,1,26,323,1,2,1,3,26323,0.0,0.0
201300011989,16,7,2013,8,1,26,96,1,1,1,3,26096,0.0,0.0
201300011990,21,7,2013,17,1,26,88,2,1,1,6,RUE DU VERCORS,0.0,0.0
201300011991,22,7,2013,7,1,26,92,1,3,1,3,26092,0.0,0.0
201300011992,23,7,2013,8,1,26,325,2,1,2,1,RUE PORT DE CHAMPAGNE,45.2696,4.8138
201300011993,23,7,2013,19,1,26,273,2,2,1,3,26273,0.0,0.0
201300011994,27,7,2013,6,1,26,301,1,1,1,1,26301,0.0,0.0
201300011995,29,7,2013,10,1,26,301,1,9,1,3,26301,0.0,0.0
201300011996,30,7,2013,18,1,26,247,1,1,1,6,26247,0.0,0.0
201300011997,31,7,2013,6,1,26,139,1,2,1,3,26139,45.0713,5.0916
201300011998,31,7,2013,8,1,26,49,1,1,1,6,,0.0,0.0
201300011999,1,8,2013,17,1,26,307,2,1,1,6,26307,45.0146,5.2912
201300012000,10,8,2013,10,1,26,301,2,7,1,7,PLACE ANATOLE FRANCE,45.122,4.985
201300012001,10,8,2013,16,1,26,84,1,2,1,3,26084,45.018,4.9736
201300012002,16,8,2013,7,1,26,84,1,1,7,2,26084,0.0,0.0
201300012003,16,8,2013,9,1,26,84,1,1,1,4,26084,0.0,0.0
201300012004,18,8,2013,5,3,26,79,1,1,1,6,26079,0.0,0.0
201300012005,17,8,2013,23,3,26,148,1,1,1,7,26148,0.0,0.0
201300012006,22,8,2013,12,1,26,96,1,1,1,6,26096,0.0,0.0
201300012007,24,8,2013,5,2,26,333,2,6,1,3,ROND POINT RN7 ET D86C,0.0,0.0
201300012008,25,8,2013,11,1,26,88,1,1,1,6,RTE DES CINQS CHEMINS,45.0213,5.0901
201300012009,27,8,2013,20,1,26,231,1,3,1,3,26231,45.1063,5.0514
201300012010,29,8,2013,18,1,26,207,1,1,1,6,26207,0.0,0.0
201300012011,29,8,2013,9,1,26,23,1,6,1,3,26023,0.0,0.0
201300012012,20,9,2013,16,1,26,293,1,1,1,7,26293,0.0,0.0
201300012013,22,9,2013,12,1,26,156,1,1,1,1,26156,0.0,0.0
201300012014,24,9,2013,10,1,26,250,1,1,1,2,26250,0.0,0.0
201300012015,24,9,2013,9,1,26,155,1,9,1,3,26155,0.0,0.0
201300012016,26,9,2013,18,1,26,84,1,1,1,7,26084,0.0,0.0
201300012017,26,9,2013,18,1,26,325,2,1,1,3,26325,45.2829,4.8198
201300012018,30,9,2013,13,1,26,139,1,1,1,1,26139,0.0,0.0
201300012019,9,10,2013,2,3,26,163,1,1,5,7,26163,0.0,0.0
201300012020,13,10,2013,0,3,26,301,1,1,3,1,26301,0.0,0.0
201300012021,14,10,2013,13,1,26,148,2,1,1,6,RD  538,0.0,0.0
201300012022,16,10,2013,8,1,26,231,1,1,8,6,26231,0.0,0.0
201300012023,24,10,2013,7,1,26,4,1,1,5,1,26004,0.0,0.0
201300012024,25,10,2013,19,3,26,84,1,2,1,3,26084,44.9943,4.9227
201300012025,31,10,2013,15,1,26,301,1,1,1,3,26301,0.0,0.0
201300012026,5,11,2013,8,2,26,88,1,1,1,6,26088,0.0,0.0
201300012027,5,11,2013,17,3,26,84,1,9,2,5,26084,0.0,0.0
201300012028,6,11,2013,7,2,26,323,2,3,1,3,RD 92N RD 123B,0.0,0.0
201300012029,14,11,2013,8,1,26,84,1,2,1,3,26084,0.0,0.0
201300012030,16,11,2013,1,3,26,9,1,1,1,7,26009,0.0,0.0
201300012031,20,11,2013,15,1,26,162,1,1,4,3,26162,0.0,0.0
201300012032,21,11,2013,14,1,26,160,1,1,1,3,26160,0.0,0.0
201300012033,30,11,2013,11,1,26,88,1,1,1,7,26088,0.0,0.0
201300012034,3,12,2013,23,3,26,311,1,1,1,1,26311,0.0,0.0
201300012035,7,12,2013,17,2,26,2,1,1,1,6,26002,0.0,0.0
201300012036,16,12,2013,7,2,26,381,1,1,5,6,,45.022,5.172
201300012037,22,12,2013,7,2,26,155,1,1,8,6,,0.0,0.0
201300012038,4,4,2013,7,2,63,241,1,1,2,7,,0.0,0.0
201300012039,19,4,2013,23,3,63,413,1,1,1,2,,0.0,0.0
201300012040,2,5,2013,9,1,63,302,1,1,1,4,,0.0,0.0
201300012041,6,5,2013,10,1,63,455,1,1,1,2,,0.0,0.0
201300012042,10,7,2013,14,1,63,193,1,1,1,2,,0.0,0.0
201300012043,18,7,2013,17,1,63,113,1,9,1,7,,0.0,0.0
201300012044,20,9,2013,8,1,63,126,1,9,2,2,,0.0,0.0
201300012045,24,9,2013,17,1,63,413,1,1,1,3,,0.0,0.0
201300012046,11,1,2013,11,1,64,147,1,1,1,6,,43.4504,-1.34954
201300012047,13,4,2013,4,3,64,483,1,1,2,7,,43.383,-1.64399
201300012048,2,5,2013,19,1,64,102,1,1,8,2,,43.4762,-1.45144
201300012049,3,7,2013,17,1,64,122,1,1,2,7,,43.4481,-1.54913
201300012050,31,7,2013,18,1,64,407,1,1,1,6,,43.4559,-1.40973
201300012051,25,9,2013,18,1,40,212,1,1,1,1,,43.55827,-1.13653
201300012052,4,12,2013,16,1,64,249,1,1,1,5,A63 189+600,43.4153,-1.60995
201300012053,21,12,2013,19,3,64,125,1,1,1,4,PR 184+600,43.4447,-1.56569
201300012054,6,3,2013,12,1,08,409,2,1,1,6,"34, PHILIPPOTEAUX (AVENU",49.6971,4.94106
201300012055,7,8,2013,13,1,08,409,2,1,2,6,BLANPAIN (RUE),49.7034,4.94317
201300012056,10,8,2013,10,1,08,409,2,2,1,3,CHANZY (BOULEVARD),49.7025,4.93
201300012057,15,9,2013,13,1,08,174,1,1,1,7,BRAVES GENS (RUE DES),49.7169,4.93202
201300012058,28,9,2013,21,3,08,409,1,1,1,7,A203 (SUITE),49.6909,4.91795
201300012059,23,9,2013,14,1,08,174,2,3,1,6,"3, WENTZEL (RUE JACQUES)",49.7222,4.92757
201300012060,11,9,2013,17,1,08,494,1,1,3,2,PONT MAUGIS (ROUTE DE),49.6841,4.94141
201300012061,20,11,2013,22,3,08,409,1,1,4,6,BELLE VUE (ROND POINT),49.6918,4.89659
201300012062,22,12,2013,0,5,08,409,2,9,2,2,"15, THIERS (RUE)",49.7016,4.93862
201300012063,3,7,2013,20,1,71,297,1,1,1,6,,0.0,0.0
201300012064,8,8,2013,12,1,71,15,1,1,8,2,,0.0,0.0
201300012065,26,11,2013,15,1,71,14,2,1,1,2,avenue de la republique,46.95487,4.294
201300012066,11,7,2013,16,1,02,159,1,1,1,1,,0.0,0.0
201300012067,13,8,2013,17,1,02,173,2,1,1,6,86 rue pasteur,49.61822,3.22177
201300012068,2,9,2013,17,2,02,833,1,2,7,3,,0.0,0.0
201300012069,7,9,2013,11,1,02,173,2,6,1,1,rue Jean Jaures,0.0,0.0
201300012070,23,9,2013,13,1,02,318,1,9,1,1,,0.0,0.0
201300012071,28,9,2013,19,2,02,746,1,3,1,3,,0.0,0.0
201300012072,16,10,2013,6,3,02,820,1,1,5,5,,0.0,0.0
201300012073,8,11,2013,10,1,02,111,1,1,1,7,,0.0,0.0
201300012074,13,12,2013,7,3,02,599,1,1,9,2,,0.0,0.0
201300012075,20,12,2013,18,3,02,566,1,1,1,6,,0.0,0.0
201300012076,4,7,2013,20,2,02,810,2,9,1,1,AV DE LA FERTE MILON,49.24264,3.09696
201300012077,7,7,2013,18,1,02,225,2,4,1,6,CD82,0.0,0.0
201300012078,11,7,2013,12,1,02,172,1,4,1,5,,0.0,0.0
201300012079,14,8,2013,22,3,02,773,1,1,1,7,,0.0,0.0
201300012080,8,9,2013,11,1,02,368,1,1,1,7,,0.0,0.0
201300012081,11,9,2013,9,1,02,810,1,1,2,6,,0.0,0.0
201300012082,15,9,2013,15,1,02,809,1,3,1,1,,0.0,0.0
201300012083,30,9,2013,10,1,02,763,1,3,1,5,,0.0,0.0
201300012084,21,10,2013,7,2,02,11,1,1,8,5,,0.0,0.0
201300012085,19,10,2013,14,1,02,810,2,3,1,3,RUE DE LA BELLIEUE,49.24712,3.09103
201300012086,22,10,2013,17,1,02,305,2,1,3,1,RUE DE LA GOUTTE D OR,0.0,0.0
201300012087,28,10,2013,18,3,02,372,1,1,1,7,,0.0,0.0
201300012088,6,11,2013,17,1,02,633,1,1,1,6,,0.0,0.0
201300012089,26,11,2013,10,1,02,131,1,1,1,6,,0.0,0.0
201300012090,29,11,2013,19,3,02,810,1,1,2,5,,0.0,0.0
201300012091,19,1,2013,2,3,51,599,1,1,4,6,A4,0.0,0.0
201300012092,18,2,2013,14,1,51,183,1,1,1,6,A26,0.0,0.0
201300012093,5,5,2013,14,1,51,562,1,1,1,7,A4,0.0,0.0
201300012094,5,5,2013,22,2,51,573,1,1,1,6,TUR,0.0,0.0
201300012095,26,5,2013,0,3,51,562,1,1,1,3,A4,0.0,0.0
201300012096,11,6,2013,11,1,51,562,1,1,1,7,A4,0.0,0.0
201300012097,31,7,2013,10,1,51,329,1,1,7,5,A26,0.0,0.0
201300012098,3,8,2013,17,1,51,536,1,1,1,7,A4,0.0,0.0
201300012099,23,9,2013,4,3,51,278,1,1,1,2,A4,0.0,0.0
201300012100,5,7,2013,16,1,13,78,1,1,1,7,,0.0,0.0
201300012101,9,7,2013,19,1,13,83,1,1,1,3,,43.9076,4.79544
201300012102,28,7,2013,13,1,13,4,1,1,1,7,,0.0,0.0
201300012103,22,9,2013,3,3,13,83,1,1,1,7,*,0.0,0.0
201300012104,24,10,2013,16,1,13,4,2,1,1,3,2 route de la crau,0.0,0.0
201300012105,13,11,2013,20,3,13,78,1,1,1,2,,43.4107,4.78
201300012106,2,12,2013,9,1,13,97,1,1,1,6,,0.0,0.0
201300012107,3,12,2013,12,1,13,97,1,1,1,2,,0.0,0.0
201300012108,16,12,2013,15,1,13,100,1,1,1,3,,0.0,0.0
201300012109,25,3,2013,17,5,38,485,2,6,1,3,Rond point du rondeau,0.0,0.0
201300012110,16,4,2013,8,1,38,486,2,1,1,1,rue Joseph Moutin,0.0,0.0
201300012111,24,4,2013,8,1,38,486,2,1,1,6,avenue Louis Armand,0.0,0.0
201300012112,30,4,2013,10,1,38,485,2,1,2,6,Avenue Aim? Bouchayer,0.0,0.0
201300012113,15,5,2013,8,1,38,485,2,2,1,3,rue de Cartale,0.0,0.0
201300012114,6,6,2013,8,1,38,486,2,1,1,6,Avenue de GRENOBLE,45.175,5.695
201300012115,13,7,2013,9,1,38,485,2,1,1,7,boulevard de l'europe,45.184,5.686
201300012116,18,8,2013,16,1,38,485,1,1,1,6,RTE DE ST NIZIER,45.1665,5.66768
201300012117,22,8,2013,18,1,38,485,1,1,1,3,,0.0,0.0
201300012118,28,9,2013,16,1,38,485,2,1,1,1,AVENUE HECTOR BERLIOZ,45.1719,5.68369
201300012119,12,9,2013,20,3,38,485,1,1,1,7,,0.0,0.0
201300012120,24,10,2013,9,1,38,433,1,1,5,6,,0.0,0.0
201300012121,21,11,2013,21,3,38,485,1,1,4,6,,0.0,0.0
201300012122,5,12,2013,18,5,38,485,2,1,1,6,Rue Lamartine,0.0,0.0
201300012123,8,12,2013,20,5,38,485,2,1,1,1,Avenue de la R?publique,0.0,0.0
201300012124,16,4,2013,14,1,38,52,1,1,1,6,,0.0,0.0
201300012125,17,6,2013,13,1,38,289,1,1,1,6,SARDONNE,45.1166,6.0354
201300012126,4,7,2013,17,1,38,285,1,1,1,6,,0.0,0.0
201300012127,9,8,2013,14,1,38,52,1,1,1,2,,0.0,0.0
201300012128,15,8,2013,11,1,38,52,1,1,1,6,,0.0,0.0
201300012129,16,4,2013,20,3,51,515,1,1,1,2,A4,0.0,0.0
201300012130,30,7,2013,8,1,51,507,1,1,1,2,A4,0.0,0.0
201300012131,2,4,2013,17,1,57,510,1,1,1,4,,0.0,0.0
201300012132,25,4,2013,18,1,57,144,1,1,7,7,,0.0,0.0
201300012133,27,4,2013,6,2,57,762,1,1,2,6,,0.0,0.0
201300012134,30,4,2013,12,1,57,606,1,1,3,2,,0.0,0.0
201300012135,5,5,2013,9,1,57,512,1,1,1,7,,0.0,0.0
201300012136,23,6,2013,22,3,57,444,1,1,1,7,GN 49.136 6.521,0.0,0.0
201300012137,5,7,2013,1,3,57,303,1,9,1,7,,0.0,0.0
201300012138,10,7,2013,17,1,57,419,1,1,1,2,,0.0,0.0
201300012139,25,8,2013,5,3,57,606,1,1,1,2,,0.0,0.0
201300012140,7,10,2013,7,1,57,73,1,1,1,3,,0.0,0.0
201300012141,25,10,2013,18,2,57,694,1,1,1,5,,0.0,0.0
201300012142,27,10,2013,1,3,57,332,1,1,3,6,,0.0,0.0
201300012143,22,11,2013,17,3,57,495,1,1,3,5,,0.0,0.0
201300012144,15,1,2013,10,1,86,174,1,9,1,2,,0.0,0.0
201300012145,13,4,2013,14,1,86,275,1,1,1,7,,46.889,0.516
201300012146,3,6,2013,11,1,86,7,1,1,1,6,,0.0,0.0
201300012147,29,8,2013,19,1,86,297,1,1,1,5,,0.0,0.0
201300012148,21,9,2013,6,3,86,66,1,1,8,6,,0.0,0.0
201300012149,24,10,2013,8,1,86,146,1,1,8,6,,0.0,0.0
201300012150,4,11,2013,8,1,86,62,1,1,1,6,,0.0,0.0
201300012151,12,11,2013,17,2,86,158,1,1,8,7,,46.631,0.35
201300012152,28,1,2013,20,3,36,202,1,1,1,2,,46.8254,1.63701
201300012153,21,2,2013,4,3,36,230,1,1,1,6,,47.0551,1.8134
201300012154,17,3,2013,4,3,36,122,1,1,2,6,,47.0956,1.86008
201300012155,23,12,2013,10,1,36,122,1,1,1,6,,47.0878,1.84117
201300012156,15,1,2013,15,1,49,129,1,1,1,6,,47.50206,-0.50465
201300012157,3,2,2013,5,3,49,306,1,1,1,6,,47.44288,-0.74106
201300012158,24,4,2013,12,1,49,129,1,1,1,6,,47.5032,-0.50093
201300012159,18,8,2013,9,1,49,321,1,1,8,6,,47.42494,-0.93799
201300012160,26,8,2013,11,1,49,160,1,1,1,6,,0.0,0.0
201300012161,22,9,2013,15,1,49,289,1,1,1,6,A11,47.46651,-0.6914
201300012162,13,3,2013,10,1,02,809,1,1,4,6,,0.0,0.0
201300012163,6,7,2013,0,3,02,540,1,1,1,6,,0.0,0.0
201300012164,22,8,2013,10,1,02,289,1,3,1,3,,48.98041,3.438
201300012165,10,9,2013,16,1,02,290,1,1,1,3,,0.0,0.0
201300012166,14,9,2013,1,3,02,297,1,1,8,6,,0.0,0.0
201300012167,21,9,2013,15,1,02,213,1,1,1,1,,0.0,0.0
201300012168,23,10,2013,8,1,02,223,1,1,1,6,,0.0,0.0
201300012169,28,1,2013,20,3,06,88,1,1,2,7,,0.0,0.0
201300012170,24,2,2013,17,2,06,67,1,1,4,4,,43.783,7.45
201300012171,22,3,2013,16,1,06,88,1,1,1,4,,0.0,0.0
201300012172,2,4,2013,5,3,06,88,1,1,1,6,,43.674,7.202
201300012173,18,4,2013,7,1,06,88,1,1,1,7,,0.0,0.0
201300012174,20,4,2013,11,1,06,88,1,1,1,6,,0.0,0.0
201300012175,12,5,2013,20,1,06,88,1,1,1,6,,0.0,0.0
201300012176,20,5,2013,16,1,06,88,1,1,1,3,,43.736,7.292
201300012177,29,5,2013,20,1,06,150,1,1,1,6,,43.756,7.414
201300012178,19,6,2013,17,1,06,88,1,1,1,2,,0.0,0.0
201300012179,15,6,2013,18,1,06,88,1,1,1,2,,0.0,0.0
201300012180,3,7,2013,16,1,06,88,1,1,1,2,,0.0,0.0
201300012181,11,7,2013,16,1,06,150,1,1,1,6,,0.0,0.0
201300012182,17,8,2013,6,3,06,149,1,1,1,2,,0.0,0.0
201300012183,9,9,2013,17,1,06,88,1,1,1,2,,0.0,0.0
201300012184,9,11,2013,12,1,06,149,1,1,1,2,,0.0,0.0
201300012185,8,12,2013,11,1,06,88,1,1,1,2,,43.722,7.216
201300012186,19,8,2013,8,2,57,168,1,1,1,7,GN 48.772 7.303,0.0,0.0
201300012187,14,1,2013,18,3,90,59,1,1,1,5,,0.0,0.0
201300012188,31,1,2013,2,3,68,59,1,1,1,6,,47.7124,7.11997
201300012189,17,4,2013,10,1,90,62,1,1,1,6,,0.0,0.0
201300012190,31,7,2013,13,1,68,59,1,1,1,7,,0.0,0.0
201300012191,12,11,2013,7,2,68,59,1,1,5,6,,0.0,0.0
201300012192,21,1,2013,8,1,66,136,1,1,1,2,,0.0,0.0
201300012193,1,8,2013,0,3,66,214,1,1,1,1,,0.0,0.0
201300012194,9,9,2013,7,2,67,444,1,1,7,2,,0.0,0.0
201300012195,29,9,2013,20,3,67,417,1,1,1,2,,0.0,0.0
201300012196,3,11,2013,4,3,67,33,1,1,2,6,,0.0,0.0
201300012197,22,11,2013,4,3,67,67,1,1,2,6,,0.0,0.0
201300012198,2,2,2013,18,2,62,73,1,1,4,5,,0.0,0.0
201300012199,14,2,2013,2,2,62,609,1,1,9,6,,50.36,2.781
201300012200,20,3,2013,14,1,62,480,1,1,1,6,,0.0,0.0
201300012201,2,4,2013,8,1,62,73,1,1,1,1,,50.337,2.814
201300012202,8,5,2013,8,1,62,701,1,1,1,6,,50.582,2.374
201300012203,25,5,2013,10,1,62,32,1,1,1,6,,50.412,2.742
201300012204,27,5,2013,7,1,62,480,1,1,1,2,,50.493,2.686
201300012205,15,7,2013,2,3,62,609,1,1,1,6,,50.368,2.771
201300012206,8,9,2013,19,1,62,516,1,1,1,7,,50.547,2.489
201300012207,29,6,2013,21,1,44,142,1,1,1,6,,0.0,0.0
201300012208,3,7,2013,10,1,62,794,1,1,8,6,,50.723,2.172
201300012209,3,8,2013,15,1,62,504,1,1,1,6,,0.0,0.0
201300012210,15,11,2013,16,3,62,226,1,1,8,2,,0.0,0.0
201300012211,1,7,2013,2,3,02,95,1,1,1,7,,0.0,0.0
201300012212,19,7,2013,20,1,02,312,2,1,1,6,CHEMIN DU ROUTIER,49.99014,3.90116