Num_Acc,jour,mois,an,hr,condition_eclairage,departement,commune,condition_agglomeration,intersection,condition_atmosphere,type_collision,adresse,lattitude,longitude
201300012213,20,7,2013,21,1,02,374,1,1,1,6,,0.0,0.0
201300012214,20,8,2013,15,1,02,769,2,1,1,7,rue du bas vaunien,50.02313,3.50218
201300012215,11,9,2013,13,1,02,703,1,1,2,6,,0.0,0.0
201300012216,16,9,2013,17,1,02,757,1,1,8,7,,0.0,0.0
201300012217,14,9,2013,11,1,02,374,2,3,2,6,02 RUE DES PIERRES,49.91885,3.2791
201300012218,18,10,2013,8,2,02,814,1,1,5,4,,0.0,0.0
201300012219,7,11,2013,15,1,02,650,2,1,3,1,D285 - PR000+500,0.0,0.0
201300012220,21,11,2013,21,5,02,67,2,1,1,6,RD 1043,0.0,0.0
201300012221,22,11,2013,18,3,02,63,1,3,1,5,,0.0,0.0
201300012222,5,12,2013,9,1,02,322,1,1,5,3,,0.0,0.0
201300012223,10,12,2013,17,5,02,361,2,1,1,6,Place d'armes,49.90042,3.62709
201300012224,17,12,2013,21,3,02,808,1,1,1,6,,0.0,0.0
201300012225,15,8,2013,0,5,40,307,2,1,1,1,RD651 AVENUE DE VERDUN,44.32203,-0.58608
201300012226,25,9,2013,13,1,40,303,1,1,1,6,,44.16247,-0.89634
201300012227,27,10,2013,17,1,40,46,1,1,1,1,,44.41686,-1.18813
201300012228,29,10,2013,1,3,40,307,1,1,2,7,,44.34904,-0.55426
201300012229,26,11,2013,14,1,40,182,1,2,1,3,,44.0888,-1.15424
201300012230,9,3,2013,13,1,18,129,1,1,1,7,,0.0,0.0
201300012231,10,8,2013,10,1,18,180,1,1,1,6,,47.0002,2.40337
201300012232,7,9,2013,14,1,18,221,1,1,1,1,,46.824,2.414
201300012233,15,9,2013,10,1,18,9,1,1,1,6,,0.0,0.0
201300012234,1,11,2013,17,2,18,197,2,1,3,3,face hotel  NOIRLAC,46.73675,2.48877
201300012235,11,8,2013,17,1,13,42,1,1,1,6,,0.0,0.0
201300012236,23,8,2013,18,2,13,13,1,1,1,6,,0.0,0.0
201300012237,20,10,2013,17,1,13,7,1,1,1,1,-,0.0,0.0
201300012238,6,2,2013,8,5,95,323,2,2,3,6,BD DE L'OISE,49.0208,2.02179
201300012239,10,3,2013,2,5,95,323,2,3,1,2,BD DE L'OISE,49.0119,2.02939
201300012240,22,4,2013,18,1,95,450,2,1,1,6,R JOSEPH CORNUDET,49.0132,2.0611
201300012241,26,5,2013,19,1,95,450,1,2,1,3,R DE CONFLANS,49.0119,2.07439
201300012242,10,6,2013,22,1,95,323,2,1,1,1,MAIL MENDES FRANCE,49.0234,2.0253
201300012243,2,7,2013,17,1,95,637,2,1,1,1,AV FLORA TRISTAN,49.0316,2.0238
201300012244,23,2,2013,5,3,38,62,1,1,1,7,,45.3929,5.98837
201300012245,17,3,2013,17,1,38,27,1,9,2,6,,45.429,5.995
201300012246,9,6,2013,16,1,38,140,1,1,1,4,,45.273,5.898
201300012247,10,7,2013,16,1,38,229,1,4,1,5,PK 2+600 INTER SORTIE 26,45.2068,5.79519
201300012248,19,7,2013,12,1,38,62,1,1,1,7,,0.0,0.0
201300012249,29,12,2013,23,3,38,397,1,1,1,7,,0.0,0.0
201300012250,28,1,2013,18,3,13,73,1,1,1,5,,0.0,0.0
201300012251,21,2,2013,10,1,13,7,1,1,1,3,,0.0,0.0
201300012252,27,4,2013,5,2,13,60,1,1,2,5,,0.0,0.0
201300012253,9,6,2013,5,2,13,109,1,1,1,2,,0.0,0.0
201300012254,16,7,2013,17,1,13,1,1,4,1,3,,0.0,0.0
201300012255,30,7,2013,14,1,13,1,1,1,1,2,,0.0,0.0
201300012256,17,8,2013,2,3,13,13,1,1,1,7,,0.0,0.0
201300012257,18,8,2013,20,2,13,25,1,1,1,6,,0.0,0.0
201300012258,25,9,2013,17,1,13,60,1,1,1,2,,0.0,0.0
201300012259,28,9,2013,12,1,13,1,1,1,1,2,,0.0,0.0
201300012260,30,9,2013,14,1,13,5,1,9,1,6,,0.0,0.0
201300012261,12,11,2013,16,1,13,25,1,1,1,3,AUTOROUTE A.8,0.0,0.0
201300012262,23,11,2013,19,3,13,1,1,1,1,2,,0.0,0.0
201300012263,7,12,2013,3,3,13,60,1,1,1,3,,0.0,0.0
201300012264,7,1,2013,21,3,06,155,1,1,1,3,,0.0,0.0
201300012265,3,2,2013,7,2,06,27,1,1,1,7,,0.0,0.0
201300012266,18,3,2013,19,3,06,30,1,1,1,4,,0.0,0.0
201300012267,25,3,2013,4,3,06,27,1,1,1,6,,0.0,0.0
201300012268,4,4,2013,9,1,06,4,1,1,1,2,,0.0,0.0
201300012269,12,4,2013,19,1,06,4,1,1,1,6,,0.0,0.0
201300012270,14,4,2013,21,3,06,85,1,1,1,6,,0.0,0.0
201300012271,20,4,2013,19,1,06,85,1,1,1,2,,0.0,0.0
201300012272,25,4,2013,23,3,06,123,1,1,1,5,,0.0,0.0
201300012273,1,5,2013,7,1,06,4,1,1,1,6,,0.0,0.0
201300012274,6,5,2013,14,1,83,1,1,1,1,6,,0.0,0.0
201300012275,6,6,2013,8,1,06,4,1,1,1,2,,0.0,0.0
201300012276,22,6,2013,23,1,06,4,1,1,1,2,,0.0,0.0
201300012277,29,6,2013,13,1,83,1,1,1,1,2,,0.0,0.0
201300012278,1,7,2013,7,1,06,4,1,1,1,4,,0.0,0.0
201300012279,26,7,2013,16,1,06,27,1,1,1,6,,0.0,0.0
201300012280,14,8,2013,17,1,06,4,1,9,1,4,,0.0,0.0
201300012281,31,8,2013,10,1,06,27,1,1,1,1,,0.0,0.0
201300012282,21,9,2013,15,1,06,123,1,1,1,3,,0.0,0.0
201300012283,4,10,2013,17,1,06,85,1,1,1,2,,0.0,0.0
201300012284,6,10,2013,6,3,06,85,1,1,1,5,,0.0,0.0
201300012285,24,10,2013,19,3,06,123,1,1,1,6,,0.0,0.0
201300012286,5,11,2013,20,3,06,161,1,1,9,5,,0.0,0.0
201300012287,16,11,2013,5,3,83,61,1,1,1,2,,0.0,0.0
201300012288,10,12,2013,8,1,06,27,1,1,1,4,,0.0,0.0
201300012289,23,12,2013,6,3,06,29,1,1,2,5,,0.0,0.0
201300012290,18,1,2013,8,3,64,343,1,1,2,6,,43.2759,-0.19775
201300012291,10,12,2013,22,3,64,198,1,1,1,1,,43.3793,-0.49987
201300012292,26,12,2013,13,1,64,203,1,1,4,5,,0.0,0.0
201300012293,3,9,2013,8,1,66,172,1,1,1,6,,0.0,0.0
201300012294,13,10,2013,4,3,66,172,1,1,1,3,,42.7089,2.86899
201300012295,7,1,2013,7,1,63,164,1,1,1,6,,45.80679,3.16084
201300012296,6,3,2013,8,1,63,72,1,1,2,6,,0.0,0.0
201300012297,19,5,2013,4,3,63,131,1,1,1,6,,45.845,3.322
201300012298,27,7,2013,11,1,63,204,1,1,1,4,,45.81097,3.16569
201300012299,9,9,2013,16,1,63,66,1,1,1,6,,45.884,3.629
201300012300,28,1,2013,15,1,74,81,2,2,7,6,AVENUE DE LA SARDAGNE,0.0,0.0
201300012301,6,4,2013,22,3,74,64,1,1,1,7,,0.0,0.0
201300012302,11,4,2013,11,1,74,169,1,1,8,4,,0.0,0.0
201300012303,8,5,2013,1,5,74,81,2,2,1,3,EMILE CHAUTEMPS/FAVRE,0.0,0.0
201300012304,13,5,2013,19,1,74,264,2,1,7,6,Av. mont-blanc/rue foron,0.0,0.0
201300012305,18,5,2013,11,1,74,159,2,3,1,3,Route de Gravin,0.0,0.0
201300012306,31,5,2013,22,5,74,81,2,6,2,6,49 RUE LOUIS ARMAND,0.0,0.0
201300012307,4,6,2013,23,3,74,159,1,1,1,1,,0.0,0.0
201300012308,20,6,2013,13,1,74,264,2,1,1,2,AV DE LA ROUTE BLANCHE,0.0,0.0
201300012309,29,6,2013,22,5,74,81,2,2,2,1,Avenue des Alpes,0.0,0.0
201300012310,8,7,2013,12,1,74,81,2,1,7,1,990 avenue de Colomby,0.0,0.0
201300012311,14,7,2013,19,1,74,64,1,1,1,7,,0.0,0.0
201300012312,19,7,2013,16,1,74,81,1,3,1,3,,0.0,0.0
201300012313,20,7,2013,14,1,74,169,1,1,1,1,,0.0,0.0
201300012314,28,7,2013,17,1,74,81,1,1,1,6,47 ALLEE DU MONT BLANC,0.0,0.0
201300012315,2,8,2013,19,1,74,81,2,1,1,6,RUE NICOLAS GIROD,0.0,0.0
201300012316,11,8,2013,13,1,74,64,1,1,1,7,,0.0,0.0
201300012317,17,8,2013,13,1,74,81,2,2,1,3,50 AVENUE DE SARDAGNE,0.0,0.0
201300012318,18,8,2013,14,1,74,159,1,3,1,4,GARE D'OEX,0.0,0.0
201300012319,24,8,2013,15,1,74,159,1,1,3,1,,0.0,0.0
201300012320,2,9,2013,12,1,74,81,2,1,1,3,RUE MARCELLIN BERTHELOT,0.0,0.0
201300012321,24,9,2013,18,1,74,14,1,1,1,6,,0.0,0.0
201300012322,3,11,2013,12,1,74,169,2,9,8,6,RUE DES VIEUX PONTS,0.0,0.0
201300012323,25,11,2013,23,5,74,81,2,1,1,1,AVENUE DES GLIERES,0.0,0.0
201300012324,6,7,2013,15,1,11,397,1,9,1,3,,0.0,0.0
201300012325,14,7,2013,23,3,11,438,1,1,1,5,,43.217,2.117
201300012326,8,6,2013,16,1,59,102,1,1,1,1,,50.15578,3.37509
201300012327,25,9,2013,21,5,59,502,2,2,1,3,CARREFOUR CS 114/118,50.20916,3.34548
201300012328,4,1,2013,9,1,72,375,1,9,8,6,,0.0,0.0
201300012329,17,3,2013,0,5,72,276,2,1,1,6,Av V?ron de Forbonnais,0.0,0.0
201300012330,16,6,2013,16,1,72,80,1,1,1,7,,0.0,0.0
201300012331,29,8,2013,13,1,72,375,1,9,1,6,,0.0,0.0
201300012332,1,11,2013,12,1,72,241,1,1,3,1,,0.0,0.0
201300012333,20,12,2013,18,3,72,105,1,1,1,3,,0.0,0.0
201300012334,1,7,2013,13,1,89,197,1,1,1,2,,47.51,4.08699
201300012335,10,7,2013,8,1,89,277,1,1,7,2,,0.0,0.0
201300012336,10,9,2013,21,5,89,339,2,1,-1,7,,0.0,0.0
201300012337,29,9,2013,23,3,89,316,1,1,2,3,,47.54042,3.97433
201300012338,4,11,2013,16,1,89,109,1,1,3,7,,0.0,0.0
201300012339,1,5,2013,19,1,09,207,1,1,1,3,ROUTE NATIONALE 20,42.92459,1.63468
201300012340,6,5,2013,21,2,09,122,2,1,1,7,"3, MONNET (RUE JEAN)",42.9639,1.601
201300012341,6,7,2013,11,1,09,122,2,1,1,6,"4, VILLOTE (ALLEES DE)",42.96374,1.60846
201300012342,9,7,2013,10,1,09,122,2,1,1,6,"58, LECLERC (AVENUE DU G",43.10491,1.62036
201300012343,10,7,2013,18,1,09,122,2,1,1,2,"35, LECLERC (AVENUE DU G",42.97292,1.60792
201300012344,15,7,2013,14,1,09,122,2,3,1,3,"1, LECLERC (AVENUE DU GE",42.9702,1.6081
201300012345,26,7,2013,9,1,09,122,1,1,1,6,"30, ESPAGNE (ROUTE D')",42.94756,1.62647
201300012346,8,8,2013,14,1,09,122,1,1,1,5,20 (R.N.) TUNNEL,42.97143,1.62292
201300012347,4,11,2013,19,3,09,122,1,1,2,5,D17,42.96029,1.58627
201300012348,11,11,2013,13,1,09,122,2,1,1,7,"1, ALSACE LORRAINE (AVEN",46.96302,1.6069
201300012349,22,11,2013,20,5,09,122,2,1,4,7,"1, 59 R.I (PLACE DU)",42.96299,1.60886
201300012350,14,12,2013,7,5,09,122,2,1,1,5,"62, LECLERC (AVENUE DU G",42.97747,1.60935
201300012351,27,12,2013,14,1,09,207,1,1,1,1,D9,42.94309,1.63396
201300012352,13,1,2013,0,3,91,573,1,1,1,7,rue de la mairie,0.0,0.0
201300012353,2,2,2013,21,5,91,553,2,1,2,1,,48.624,2.485
201300012354,13,5,2013,20,1,91,577,2,1,1,7,Grande rue Charles de Ga,0.0,0.0
201300012355,18,7,2013,20,1,91,577,2,1,1,5,5 route de melun,48.607,2.51
201300012356,23,10,2013,2,3,91,577,2,1,1,6,,48.607,2.505
201300012357,30,10,2013,9,1,91,600,2,1,1,1,avenue general de gaulle,0.0,0.0
201300012358,2,11,2013,6,3,91,573,1,6,2,6,D33,48.664,2.518
201300012359,23,11,2013,21,3,91,617,1,1,1,3,D33,0.0,0.0
201300012360,9,1,2013,21,3,09,225,2,1,1,6,USINES BOULEVARD DES,43.115,1.60437
201300012361,3,4,2013,20,3,09,225,1,1,1,7,BELPECH ROUTE DE,43.13015,1.65999
201300012362,10,5,2013,21,5,09,225,2,4,1,6,JEU DU MAIL CHEMIN DU,43.12262,1.60255
201300012363,19,7,2013,9,1,09,225,2,6,1,6,"0, MIREPOIX ROUTE DE",0.0,0.0
201300012364,4,8,2013,4,5,09,225,1,6,1,6,ROUTE NATIONALE 20 (VOIE,43.1439,1.60585
201300012365,19,8,2013,10,1,09,225,2,1,1,6,"5, REPUBLIQUE PLACE DE L",43.11618,1.61038
201300012366,6,11,2013,18,5,09,225,2,4,2,6,"2, TERRASSA AVENUE DE",43.11504,1.61817
201300012367,3,12,2013,15,1,09,225,2,2,1,3,CHARLES DE GAULLE RUE,43.11501,1.6096
201300012368,6,2,2013,13,1,31,161,1,1,4,5,,43.82,1.906
201300012369,31,5,2013,8,1,31,37,1,1,2,2,,0.0,0.0
201300012370,1,8,2013,22,3,31,254,1,1,6,5,,0.0,0.0
201300012371,15,1,2013,14,2,33,284,1,1,1,6,,44.631,-0.956
201300012372,30,4,2013,17,1,33,42,1,1,1,4,,0.0,0.0
201300012373,8,6,2013,19,1,33,498,1,1,3,3,,44.532,-0.834
201300012374,14,6,2013,19,1,33,260,1,1,1,1,,44.503,-0.837
201300012375,20,6,2013,7,1,33,122,1,1,3,5,,0.0,0.0
201300012376,24,6,2013,16,1,33,284,1,1,1,7,,0.0,0.0
201300012377,13,7,2013,4,3,33,527,1,1,1,5,,44.616,-1.002
201300012378,21,7,2013,19,1,33,284,1,1,1,2,,44.616,-1.016
201300012379,21,8,2013,16,1,33,284,1,1,1,2,,0.0,0.0
201300012380,15,9,2013,6,2,33,42,1,1,1,2,,0.0,0.0
201300012381,29,10,2013,2,3,33,284,1,1,2,6,,44.637,-0.85
201300012382,12,11,2013,13,1,33,284,1,1,1,1,,44.676,-0.806
201300012383,26,2,2013,7,2,74,208,1,1,8,6,,45.518,6.29
201300012384,26,3,2013,14,1,74,208,1,1,2,7,,0.0,0.0
201300012385,19,6,2013,11,1,74,56,1,1,1,6,,0.0,0.0
201300012386,24,8,2013,5,2,74,143,1,1,1,7,,0.0,0.0
201300012387,1,2,2013,0,3,46,40,1,1,2,6,,44.51175,1.66692
201300012388,2,9,2013,14,1,46,77,1,3,1,7,,44.524,1.55516
201300012389,31,10,2013,11,1,46,10,1,3,1,3,,44.4162,1.56771
201300012390,1,11,2013,20,3,46,49,1,1,2,7,,44.43324,1.80904
201300012391,22,3,2013,17,1,69,86,1,1,1,2,,45.844,4.634
201300012392,8,6,2013,6,1,69,32,1,1,1,6,,45.851,4.571
201300012393,12,10,2013,23,3,69,86,1,1,1,6,,45.842,4.658
201300012394,13,12,2013,8,1,69,112,1,1,5,4,,0.0,0.0
201300012395,10,3,2013,15,1,72,360,1,1,1,7,,0.0,0.0
201300012396,15,11,2013,17,3,72,149,1,1,1,2,,0.0,0.0
201300012397,16,1,2013,20,3,68,278,1,1,1,5,,47.76978,7.41297
201300012398,24,1,2013,19,3,68,103,1,1,1,1,,47.68055,7.40056
201300012399,11,5,2013,7,1,68,42,1,1,1,3,,47.62104,7.51186
201300012400,17,8,2013,13,1,68,300,1,1,1,7,,47.78007,7.40388
201300012401,4,10,2013,12,1,68,300,1,1,1,6,,47.78019,7.4015
201300012402,31,1,2013,16,1,53,201,1,1,1,7,,48.09857,-0.85072
201300012403,3,3,2013,10,1,53,7,1,1,1,7,,48.07466,-0.60296
201300012404,7,8,2013,4,3,53,7,1,1,1,7,,48.07505,-0.62049
201300012405,7,10,2013,20,3,53,34,1,1,1,3,,48.09986,-0.71816
201300012406,15,1,2013,8,1,44,35,1,1,1,2,,0.0,0.0
201300012407,28,3,2013,16,1,44,35,1,1,1,2,a11,0.0,0.0
201300012408,28,3,2013,17,1,44,35,1,1,1,4,,0.0,0.0
201300012409,13,6,2013,19,1,44,163,1,1,1,6,,0.0,0.0
201300012410,16,6,2013,0,3,44,48,1,1,1,7,,0.0,0.0
201300012411,28,7,2013,12,1,44,26,1,1,1,6,,0.0,0.0
201300012412,23,8,2013,12,1,44,3,1,1,1,2,,0.0,0.0
201300012413,1,10,2013,20,3,44,213,1,1,8,6,,47.425,-1.026
201300012414,9,10,2013,19,3,44,163,1,1,1,6,,0.0,0.0
201300012415,26,10,2013,18,1,44,3,1,1,1,7,,0.0,0.0
201300012416,3,1,2013,18,3,47,201,1,9,1,3,,44.1632,0.59891
201300012417,18,6,2013,8,1,47,238,1,1,3,2,,0.0,0.0
201300012418,14,8,2013,16,1,47,41,1,1,1,7,,0.0,0.0
201300012419,21,1,2013,16,1,82,33,1,1,4,5,,0.0,0.0
201300012420,9,3,2013,16,1,82,25,1,1,1,7,,0.0,0.0
201300012421,8,4,2013,14,1,82,31,1,1,1,2,,0.0,0.0
201300012422,23,4,2013,16,1,82,25,1,1,1,6,,0.0,0.0
201300012423,16,7,2013,17,1,82,25,1,1,1,4,,0.0,0.0
201300012424,1,8,2013,10,1,82,37,1,1,1,6,,0.0,0.0
201300012425,29,9,2013,17,1,82,123,1,1,2,6,,0.0,0.0
201300012426,3,10,2013,7,3,82,125,1,1,1,6,,0.0,0.0
201300012427,13,1,2013,3,3,201,270,2,1,3,7,20151,42.0628,8.82664
201300012428,21,5,2013,13,1,201,65,1,1,1,1,,42.17194,8.60838
201300012429,21,7,2013,23,3,201,90,1,1,1,1,20160,0.0,0.0
201300012430,2,12,2013,9,3,39,101,1,1,9,2,,0.0,0.0
201300012431,7,1,2013,7,2,38,397,2,4,1,1,CH QUARTALLEES,45.25,5.83621
201300012432,11,3,2013,6,2,38,229,2,1,8,1,27 boulevard des Alpes,0.0,0.0
201300012433,26,3,2013,18,1,38,140,2,6,1,1,Avenue de l'Abbaye,0.0,0.0
201300012434,9,4,2013,18,1,38,229,2,1,2,6,,0.0,0.0
201300012435,13,12,2013,13,1,38,140,2,1,1,3,rd1090,0.0,0.0
201300012436,8,2,2013,19,5,06,85,2,1,1,1,route de vallauris pk5.9,0.0,0.0
201300012437,22,2,2013,19,3,06,85,1,1,2,1,,0.0,0.0
201300012438,28,2,2013,8,1,06,85,2,1,1,7,961 avenue saint martin,0.0,0.0
201300012439,12,4,2013,16,1,06,85,2,1,1,3,chemin des campeli?res,0.0,0.0
201300012440,22,4,2013,23,5,06,85,2,6,1,3,rd pt de la lib?ration,0.0,0.0
201300012441,15,4,2013,9,1,06,85,2,6,1,3,rond point de liberation,0.0,0.0
201300012442,2,6,2013,0,5,06,85,1,1,1,6,,0.0,0.0
201300012443,29,6,2013,11,1,06,85,2,1,1,1,chemin de carima?,0.0,0.0
201300012444,22,7,2013,18,1,06,85,2,2,1,3,D6185 - BORNE 1 - 933 M,0.0,0.0
201300012445,2,10,2013,7,1,06,85,2,6,1,3,route de la Roquette,0.0,0.0
201300012446,21,10,2013,19,5,06,85,2,1,1,3,"RD 809 PK 3,5",0.0,0.0
201300012447,5,11,2013,5,3,06,85,2,1,1,3,P?n?trante R.D 6185,0.0,0.0
201300012448,4,12,2013,13,1,06,85,1,6,1,1,,0.0,0.0
201300012449,11,1,2013,9,1,78,189,1,1,1,3,RD307,48.88682,1.90869
201300012450,17,6,2013,10,1,78,189,1,1,3,5,,0.0,0.0
201300012451,23,6,2013,18,1,78,10,2,1,1,3,,0.0,0.0
201300012452,9,10,2013,9,1,78,466,2,1,9,1,ROUTE DEPARTEMENTALE 153,0.0,0.0
201300012453,6,5,2013,11,1,33,122,1,2,1,1,,44.735,-0.64
201300012454,10,9,2013,15,1,33,122,2,9,1,6,chemin des sources,0.0,0.0
201300012455,4,10,2013,8,1,33,122,2,1,3,1,av Ferdinand de lesseps,0.0,0.0
201300012456,11,12,2013,18,3,34,199,2,1,1,6,29 Fg des Cordelliers,43.467,3.434
201300012457,31,1,2013,9,1,66,213,1,1,1,2,,0.0,0.0
201300012458,10,5,2013,8,1,66,195,2,1,1,6,avenue victor hugo,42.68155,2.79228
201300012459,20,7,2013,7,1,66,195,2,1,1,6,D916-Avenue Jean Jaures,0.0,0.0
201300012460,1,9,2013,5,3,66,213,1,1,1,7,,0.0,0.0
201300012461,27,1,2013,14,1,67,462,1,1,8,6,,0.0,0.0
201300012462,16,3,2013,3,3,67,329,1,1,1,6,,0.0,0.0
201300012463,19,5,2013,3,3,67,462,1,9,1,6,,0.0,0.0
201300012464,16,6,2013,14,1,67,112,1,1,1,1,,0.0,0.0
201300012465,9,7,2013,8,1,67,155,1,1,1,2,,0.0,0.0
201300012466,7,9,2013,12,1,67,125,1,1,1,6,,0.0,0.0
201300012467,3,10,2013,23,3,67,101,1,1,1,6,,0.0,0.0
201300012468,7,4,2013,16,1,79,31,1,1,1,3,,0.0,0.0
201300012469,11,8,2013,12,1,79,3,1,1,1,7,,0.0,0.0
201300012470,21,3,2013,20,3,74,118,1,1,1,3,,0.0,0.0
201300012471,23,4,2013,11,1,74,201,1,1,1,2,,0.0,0.0
201300012472,22,5,2013,4,3,74,44,1,1,1,2,,0.0,0.0
201300012473,28,7,2013,18,1,74,82,1,1,3,6,,0.0,0.0
201300012474,25,9,2013,7,2,74,243,1,1,1,7,,0.0,0.0
201300012475,3,10,2013,16,1,74,243,1,1,1,2,,0.0,0.0
201300012476,20,10,2013,12,1,74,201,1,1,3,6,,0.0,0.0
201300012477,15,1,2013,18,5,22,182,2,3,3,3,LA GRENOUILLERE,48.54795,-2.9608
201300012478,4,4,2013,18,1,22,182,1,4,8,2,la Braguette,48.53317,-2.93864
201300012479,26,4,2013,16,1,22,187,1,1,1,6,SAINTE CROIX,48.54876,-2.79408
201300012480,26,5,2013,21,1,22,372,1,3,1,3,LE VAU MENO,48.52203,-2.83473
201300012481,28,7,2013,3,5,22,182,1,1,1,7,,48.53366,-2.94027
201300012482,22,5,2013,11,1,201,269,1,1,1,6,20145,41.866,9.373
201300012483,29,7,2013,22,3,201,269,1,1,1,7,,0.0,0.0
201300012484,8,8,2013,21,3,201,92,1,1,1,5,20135,41.73952,9.4057
201300012485,16,8,2013,13,1,201,269,1,1,1,3,20145,0.0,0.0
201300012486,21,8,2013,15,1,201,269,1,1,1,7,20145,0.0,0.0
201300012487,29,9,2013,13,1,201,92,1,1,8,7,20135,41.722,9.402
201300012488,17,10,2013,22,3,201,139,1,1,1,7,20137,0.0,0.0
201300012489,4,1,2013,20,3,74,268,1,1,1,1,,0.0,0.0
201300012490,17,3,2013,16,1,74,268,2,1,8,3,Avenue d'aix les bains,0.0,0.0
201300012491,14,4,2013,22,5,74,268,2,1,1,7,21 AVENUE MONTAIGNE,0.0,0.0
201300012492,15,5,2013,12,1,74,268,2,1,2,1,route de sacconges,0.0,0.0
201300012493,14,6,2013,7,1,74,268,2,1,1,6,"23, Avenue Champ Fleuri",0.0,0.0
201300012494,21,7,2013,13,1,74,268,2,1,1,6,RUE DE LA JONCHERE,0.0,0.0
201300012495,23,8,2013,7,1,74,268,2,1,1,7,,0.0,0.0
201300012496,7,9,2013,20,3,74,268,1,4,3,1,,0.0,0.0
201300012497,28,9,2013,15,1,74,268,2,1,1,6,14 avenue champ Fleuri,0.0,0.0
201300012498,26,10,2013,14,1,74,268,1,2,1,5,,0.0,0.0
201300012499,26,10,2013,10,1,74,268,1,1,1,5,,0.0,0.0
201300012500,22,1,2013,14,1,01,62,1,1,1,2,,45.8554,5.10571
201300012501,29,1,2013,2,3,01,99,1,1,1,2,,45.9064,5.23596
201300012502,30,1,2013,7,2,01,49,1,1,1,7,,45.8363,5.03673
201300012503,18,4,2013,3,3,01,89,1,1,1,7,,45.9516,5.30197
201300012504,16,6,2013,20,2,38,557,1,1,1,6,,45.798,5.078
201300012505,5,9,2013,19,1,69,280,1,1,1,1,,45.764,5.085
201300012506,9,9,2013,22,3,01,450,1,1,1,2,,45.925,5.263
201300012507,31,10,2013,21,3,01,7,1,1,1,4,,46.001,5.314
201300012508,10,1,2013,22,5,42,279,2,2,3,3,route de Saint-Etienne,45.5128,4.26836
201300012509,19,2,2013,14,1,42,279,2,1,1,1,Avenue Mellet Mandard,45.5108,4.26696
201300012510,17,6,2013,8,1,42,256,2,1,1,6,20 rue carles de mazenod,0.0,0.0
201300012511,22,6,2013,13,1,42,279,2,1,1,2,Avenue Mellet Mandard,45.50959,4.2742
201300012512,23,7,2013,12,1,42,279,1,2,1,3,,45.47218,4.25671
201300012513,10,8,2013,18,1,42,279,1,1,1,3,,45.49984,4.26498
201300012514,5,10,2013,12,1,42,279,1,1,8,1,,0.0,0.0
201300012515,28,10,2013,12,1,42,279,2,1,1,1,Rue Jayol,45.50219,4.26227
201300012516,2,11,2013,19,3,42,42,1,1,2,7,,45.46609,4.23021
201300012517,7,6,2013,18,1,91,244,1,2,1,3,,0.0,0.0
201300012518,26,8,2013,22,3,91,45,2,1,1,7,rue de la Libération,48.528,2.366
201300012519,11,11,2013,19,3,91,649,1,6,1,2,D31,0.0,0.0
201300012520,22,11,2013,17,5,91,37,2,3,1,1,D948,0.0,0.0
201300012521,14,12,2013,4,5,91,45,2,1,3,6,rue de la liberation,0.0,0.0
201300012522,25,1,2013,8,1,51,580,1,1,9,6,D26,0.0,0.0
201300012523,19,2,2013,11,1,51,333,1,1,1,1,D9,0.0,0.0
201300012524,30,5,2013,16,1,51,613,1,1,8,6,D7,0.0,0.0
201300012525,26,6,2013,15,1,51,461,2,1,1,1,D26,0.0,0.0
201300012526,4,7,2013,15,1,51,614,1,2,1,3,CH. DE LA BARBARIE/CV,0.0,0.0
201300012527,8,8,2013,4,3,51,461,1,1,1,6,D409,0.0,0.0
201300012528,1,9,2013,16,1,51,115,1,2,1,3,D951/VC,0.0,0.0
201300012529,4,9,2013,17,1,51,333,2,1,1,3,RUE DE REIMS,0.0,0.0
201300012530,27,9,2013,8,1,51,629,1,3,1,3,D951,0.0,0.0
201300012531,8,10,2013,13,1,51,536,1,1,1,2,D308,0.0,0.0
201300012532,26,10,2013,18,2,51,44,1,1,1,6,D944,0.0,0.0
201300012533,3,11,2013,10,1,51,428,1,1,1,1,D944,0.0,0.0
201300012534,16,11,2013,0,5,51,562,2,1,1,6,D8,0.0,0.0
201300012535,21,3,2013,11,1,31,157,2,1,1,6,rue de la vieille église,43.53496,1.34539
201300012536,18,4,2013,7,1,31,157,2,6,1,3,PLACE DE RETHONDES,43.54439,1.34616
201300012537,27,4,2013,22,5,31,157,2,2,1,1,rue du Pré Vicinal,43.53893,1.33949
201300012538,5,5,2013,15,1,31,588,2,1,1,7,rue du Béarn,43.52434,1.32988
201300012539,31,8,2013,21,5,31,203,2,1,1,6,2 avenue du Gers,43.51643,1.31553
201300012540,9,9,2013,19,1,31,588,2,1,1,3,11 vieux chemin de muret,0.0,0.0
201300012541,27,12,2013,15,1,31,203,2,1,1,6,6 avenue du chene vert,43.51412,1.32101
201300012542,8,1,2013,8,1,06,152,2,1,1,7,Pont de la Brague,0.0,0.0