Num_Acc,jour,mois,an,hr,condition_eclairage,departement,commune,condition_agglomeration,intersection,condition_atmosphere,type_collision,adresse,lattitude,longitude
201300012543,20,1,2013,16,1,06,152,1,1,3,1,,0.0,0.0
201300012544,21,1,2013,18,3,06,152,1,1,1,1,,0.0,0.0
201300012545,2,2,2013,17,1,06,152,1,1,1,1,,0.0,0.0
201300012546,12,2,2013,19,5,06,18,1,1,1,6,,0.0,0.0
201300012547,19,3,2013,9,1,06,152,1,1,1,3,,0.0,0.0
201300012548,9,4,2013,16,1,06,18,2,1,1,6,carrefour des 4 chemins,0.0,0.0
201300012549,29,5,2013,16,1,06,18,1,1,1,7,,0.0,0.0
201300012550,8,8,2013,12,1,06,152,1,1,1,6,,0.0,0.0
201300012551,6,9,2013,17,1,06,152,1,1,1,6,,0.0,0.0
201300012552,18,9,2013,14,1,06,18,2,1,1,1,CHEMIN DE LA ROMAINE,0.0,0.0
201300012553,20,9,2013,18,1,06,18,2,1,1,5,chemin des pr?s,0.0,0.0
201300012554,1,10,2013,17,1,06,152,1,6,1,2,,0.0,0.0
201300012555,8,10,2013,6,3,06,152,1,1,1,6,,0.0,0.0
201300012556,29,10,2013,23,3,06,152,1,1,1,7,,0.0,0.0
201300012557,2,11,2013,16,1,06,18,1,1,1,3,,0.0,0.0
201300012558,14,2,2013,6,2,69,63,2,6,1,3,,0.0,0.0
201300012559,28,4,2013,17,1,69,88,2,1,2,1,MONTEE ROY,0.0,0.0
201300012560,3,12,2013,14,1,69,33,1,1,1,1,,0.0,0.0
201300012561,28,1,2013,10,1,69,244,2,1,2,1,87 chemin finat DUCLOS,0.0,0.0
201300012562,19,6,2013,19,1,69,244,2,4,1,3,mont?e des roches,0.0,0.0
201300012563,26,6,2013,18,1,69,244,2,1,1,6,avenue Charles de Gaulle,0.0,0.0
201300012564,29,9,2013,15,1,69,244,2,2,1,5,boulevard des Hesp?rides,0.0,0.0
201300012565,7,10,2013,9,1,69,244,2,1,1,7,Boulevard du valvert,0.0,0.0
201300012566,27,12,2013,21,5,69,244,2,2,8,3,Avenue de la R?publique,0.0,0.0
201300012567,9,1,2013,20,5,38,378,2,1,1,6,ROUTE DE CONDRIEU,45.4435,4.76916
201300012568,23,1,2013,10,1,38,378,2,1,1,6,chemin de sylvie,0.0,0.0
201300012569,23,3,2013,1,3,38,425,1,1,1,6,,0.0,0.0
201300012570,10,5,2013,15,1,38,425,2,1,1,2,22 RUE HECTOR BERLIOZ,0.0,0.0
201300012571,18,6,2013,17,1,38,378,1,1,1,3,,0.0,0.0
201300012572,8,7,2013,19,1,38,340,2,1,1,7,,0.0,0.0
201300012573,12,7,2013,22,5,38,425,2,1,1,7,rue Fran?ois Truffaut,0.0,0.0
201300012574,6,9,2013,19,1,38,536,1,1,1,3,,0.0,0.0
201300012575,9,11,2013,17,2,38,378,1,1,1,6,RTE DE GERBEY,45.4535,4.77818
201300012576,14,11,2013,12,1,38,340,2,1,1,3,AVENUE DE LA LIBERATION,45.452,4.769
201300012577,17,4,2013,17,1,74,120,1,1,1,1,,0.0,0.0
201300012578,13,5,2013,18,1,74,137,1,1,1,1,,46.007,6.188
201300012579,12,7,2013,6,1,74,299,2,4,1,3,ROUTE DES PENSIERES,0.0,0.0
201300012580,7,9,2013,21,5,74,11,2,1,3,3,42 ROUTE DE PRINGY,0.0,0.0
201300012581,21,9,2013,17,1,74,11,1,1,1,1,,0.0,0.0
201300012582,11,11,2013,18,2,74,120,1,1,1,1,,0.0,0.0
201300012583,11,12,2013,21,3,74,120,1,1,1,7,,46.057,6.217
201300012584,8,1,2013,18,2,34,153,1,1,1,1,,43.74003,3.78022
201300012585,16,3,2013,4,3,34,153,1,1,1,7,,43.73518,3.79026
201300012586,5,7,2013,11,1,34,255,2,9,1,6,Rue des vautes -,0.0,0.0
201300012587,19,11,2013,15,1,34,116,2,1,2,3,route de montpellier,43.651,3.807
201300012588,24,12,2013,8,1,34,116,2,1,1,1,rue gaston plante,0.0,0.0
201300012589,6,4,2013,15,1,01,350,1,1,1,7,,46.2804,5.24186
201300012590,3,6,2013,7,1,01,451,1,1,1,6,,46.2349,5.27928
201300012591,8,8,2013,11,1,01,422,1,1,3,4,,46.1462,5.2913
201300012592,16,3,2013,1,3,02,359,1,1,1,6,,0.0,0.0
201300012593,3,7,2013,23,3,02,123,1,1,1,6,,0.0,0.0
201300012594,9,7,2013,11,1,02,808,1,1,7,6,,0.0,0.0
201300012595,11,8,2013,17,1,02,575,1,3,1,5,,0.0,0.0
201300012596,17,8,2013,23,3,02,149,1,1,1,2,,0.0,0.0
201300012597,3,9,2013,18,1,02,571,1,1,1,1,,0.0,0.0
201300012598,5,9,2013,17,1,02,575,1,1,1,6,,0.0,0.0
201300012599,21,9,2013,23,3,02,397,1,1,1,6,,0.0,0.0
201300012600,10,12,2013,8,2,02,397,1,1,9,6,,0.0,0.0
201300012601,21,12,2013,10,1,02,330,1,1,1,2,,0.0,0.0
201300012602,28,1,2013,10,1,78,571,2,1,1,7,rue colette,0.0,0.0
201300012603,20,4,2013,0,3,78,455,1,1,9,7,,0.0,0.0
201300012604,19,7,2013,22,5,78,455,2,1,1,6,rue andre lebourblanc,0.0,0.0
201300012605,20,9,2013,20,5,78,233,2,1,1,6,residence le vieux puits,0.0,0.0
201300012606,1,11,2013,22,3,78,43,2,1,3,7,RD 307,0.0,0.0
201300012607,16,12,2013,17,3,78,233,1,1,1,5,,0.0,0.0
201300012608,30,3,2013,5,4,13,37,1,3,2,3,,0.0,0.0
201300012609,30,3,2013,14,1,13,112,1,1,1,2,,0.0,0.0
201300012610,24,4,2013,20,3,13,32,1,1,1,3,,0.0,0.0
201300012611,6,7,2013,1,3,13,14,2,1,1,6,D113 L'al?sia,0.0,0.0
201300012612,26,11,2013,17,3,13,112,1,1,1,5,,0.0,0.0
201300012613,28,11,2013,8,1,95,678,1,1,1,3,RN 184,0.0,0.0
201300012614,1,1,2013,20,5,09,139,2,8,4,2,Passage ? niveau 112,42.58866,1.79809
201300012615,10,1,2013,20,3,09,32,1,1,2,1,,42.72263,1.84283
201300012616,31,1,2013,8,1,09,189,1,1,9,7,,42.67872,1.8318
201300012617,26,5,2013,15,1,09,318,2,1,1,1,Rue de Laudinet,42.76188,1.77188
201300012618,19,7,2013,11,1,09,189,1,1,1,6,,42.66265,1.83556
201300012619,25,9,2013,13,1,09,283,1,1,1,5,,42.7315,1.80875
201300012620,26,10,2013,12,1,09,32,1,1,1,3,,42.69248,1.82814
201300012621,8,1,2013,18,5,35,131,2,1,1,6,rue de Rennes,48.12367,-1.80821
201300012622,10,3,2013,15,1,35,210,1,9,1,6,,48.1506,-1.79663
201300012623,9,5,2013,2,3,35,210,1,1,1,7,,48.13152,-1.8049
201300012624,22,7,2013,11,1,35,131,1,1,1,1,,0.0,0.0
201300012625,17,9,2013,7,2,35,210,1,3,1,1,,48.15062,-1.79674
201300012626,10,10,2013,15,1,35,210,2,6,1,6,Rond point croisement dc,0.0,0.0
201300012627,1,1,2013,7,1,56,240,1,1,1,7,,0.0,0.0
201300012628,28,12,2013,16,1,56,214,1,1,2,1,,47.50281,-2.827
201300012629,30,4,2013,16,1,56,5,2,1,1,6,Rue de leen Vihan,47.54187,-2.89017
201300012630,20,5,2013,17,1,56,251,1,1,8,3,,0.0,0.0
201300012631,9,6,2013,15,1,56,252,1,1,1,5,,0.0,0.0
201300012632,28,6,2013,18,1,56,240,1,9,1,6,,0.0,0.0
201300012633,1,8,2013,11,1,56,240,1,1,1,2,,47.50814,-2.7508
201300012634,10,8,2013,18,1,56,240,1,9,1,3,,0.0,0.0
201300012635,12,8,2013,18,1,56,251,2,1,1,3,rue ty er lan,0.0,0.0
201300012636,15,7,2013,11,1,42,295,1,1,1,6,,45.85455,3.81043
201300012637,11,8,2013,18,1,42,155,1,1,1,6,,45.82228,4.12033
201300012638,6,2,2013,13,1,42,66,1,1,1,7,,45.74186,4.17931
201300012639,13,10,2013,7,3,42,209,1,1,9,5,,45.86347,4.30871
201300012640,13,5,2013,15,1,88,22,1,1,1,1,,48.2318,5.86058
201300012641,25,5,2013,12,1,88,324,1,1,1,2,,48.28853,5.856
201300012642,29,5,2013,17,1,88,31,1,1,1,1,,48.34779,5.85594
201300012643,1,10,2013,21,3,88,390,1,1,1,2,,48.14515,5.68722
201300012644,25,2,2013,19,4,38,553,2,1,1,6,rue jean sebastien bach,0.0,0.0
201300012645,23,5,2013,17,1,38,553,1,1,3,4,,0.0,0.0
201300012646,3,6,2013,9,1,38,553,2,1,1,3,bld de villefontaine,0.0,0.0
201300012647,17,6,2013,11,1,38,48,1,1,1,1,,0.0,0.0
201300012648,19,7,2013,10,1,38,339,1,1,1,3,,0.0,0.0
201300012649,20,1,2013,21,3,13,113,1,1,1,2,,0.0,0.0
201300012650,3,5,2013,1,3,13,113,1,1,1,6,,0.0,0.0
201300012651,9,8,2013,19,1,13,113,1,1,1,3,,0.0,0.0
201300012652,9,9,2013,7,1,13,113,1,1,1,6,,0.0,0.0
201300012653,9,9,2013,16,1,13,99,1,1,1,6,,0.0,0.0
201300012654,25,11,2013,18,3,13,48,1,1,1,6,,0.0,0.0
201300012655,23,12,2013,11,1,13,113,1,1,5,1,,0.0,0.0
201300012656,24,12,2013,16,1,13,59,1,1,1,6,,0.0,0.0
201300012657,13,3,2013,22,3,18,138,1,1,1,2,,0.0,0.0
201300012658,27,4,2013,18,1,18,141,1,1,1,6,,0.0,0.0
201300012659,1,6,2013,12,1,18,279,1,1,1,6,A 71,0.0,0.0
201300012660,18,6,2013,8,1,18,279,1,1,8,6,,0.0,0.0
201300012661,7,7,2013,11,1,18,190,1,1,1,3,,0.0,0.0
201300012662,9,7,2013,2,5,18,279,1,1,1,6,,47.24624,2.06519
201300012663,14,8,2013,15,1,18,138,1,1,1,6,,0.0,0.0
201300012664,8,9,2013,17,1,18,279,1,1,1,1,,0.0,0.0
201300012665,23,9,2013,15,1,18,279,1,9,1,4,,0.0,0.0
201300012666,17,10,2013,7,2,18,167,1,1,8,6,,0.0,0.0
201300012667,19,10,2013,16,1,18,279,1,1,1,1,,0.0,0.0
201300012668,16,11,2013,12,1,18,141,1,1,1,6,,0.0,0.0
201300012669,18,1,2013,15,1,34,333,1,1,6,3,,43.48805,3.77257
201300012670,22,1,2013,21,3,34,337,1,1,1,1,,43.53953,3.88954
201300012671,17,3,2013,1,3,34,159,1,1,9,7,,43.523,3.81444
201300012672,7,4,2013,12,1,34,333,1,1,1,3,,43.48417,3.77259
201300012673,15,5,2013,20,2,34,333,1,1,1,6,,43.49555,3.77693
201300012674,3,10,2013,6,3,34,337,1,1,1,1,,43.53359,3.53359
201300012675,8,11,2013,7,2,34,333,1,1,1,6,,0.0,0.0
201300012676,27,11,2013,19,3,34,333,1,1,1,3,,0.0,0.0
201300012677,24,2,2013,20,3,01,204,1,1,1,4,,46.1653,5.70255
201300012678,5,9,2013,18,2,01,228,1,1,1,7,,0.0,0.0
201300012679,19,9,2013,7,2,01,265,1,1,9,6,,0.0,0.0
201300012680,28,9,2013,11,1,01,228,1,1,1,4,,0.0,0.0
201300012681,19,10,2013,15,1,01,373,1,1,1,6,,0.0,0.0
201300012682,18,11,2013,20,3,01,283,1,1,1,6,,0.0,0.0
201300012683,14,12,2013,16,2,01,77,1,1,8,2,,0.0,0.0
201300012684,24,12,2013,20,3,14,391,1,1,3,3,,0.0,0.0
201300012685,28,2,2013,21,3,13,51,1,1,1,7,,0.0,0.0
201300012686,4,3,2013,10,1,13,44,1,1,8,1,,0.0,0.0
201300012687,5,3,2013,15,1,13,51,1,1,1,6,,0.0,0.0
201300012688,14,3,2013,9,1,13,29,2,1,6,1,Chemin des caravasses,43.56281,5.06639
201300012689,30,3,2013,4,3,13,51,1,1,2,6,,0.0,0.0
201300012690,11,5,2013,1,3,13,9,1,1,1,7,,0.0,0.0
201300012691,24,5,2013,18,1,13,29,1,1,1,1,,0.0,0.0
201300012692,27,5,2013,8,1,13,51,1,2,1,1,,0.0,0.0
201300012693,22,6,2013,1,5,13,69,1,1,1,3,,0.0,0.0
201300012694,4,7,2013,14,1,13,44,1,1,1,6,,0.0,0.0
201300012695,14,7,2013,2,3,13,44,1,1,1,6,,0.0,0.0
201300012696,9,10,2013,18,1,13,69,2,1,7,6,47 BOULEVARD DE DRAISINE,43.63435,5.14616
201300012697,8,11,2013,16,1,13,51,1,2,1,3,,43.58896,5.11936
201300012698,16,6,2013,17,1,05,85,1,1,1,1,,44.92746,6.70972
201300012699,10,8,2013,15,1,05,85,1,1,1,1,,44.92604,6.69033
201300012700,14,9,2013,12,1,05,85,1,1,1,3,,44.92674,6.70172
201300012701,9,1,2013,17,2,03,118,1,1,1,2,,46.112,3.14
201300012702,11,8,2013,16,1,03,21,1,1,1,6,,46.128,3.119
201300012703,13,8,2013,12,1,03,21,1,1,1,2,,46.117,3.135
201300012704,5,10,2013,19,2,03,75,1,1,2,6,,0.0,0.0
201300012705,11,7,2013,21,2,63,113,1,1,1,2,,45.80562,3.14497
201300012706,24,9,2013,9,1,63,164,1,1,1,1,,45.83,3.16
201300012707,15,11,2013,14,1,63,278,1,1,4,4,,45.926,3.147
201300012708,26,11,2013,12,1,63,113,1,1,1,3,,45.788,3.143
201300012709,7,1,2013,16,1,06,84,1,1,1,2,,0.0,0.0
201300012710,20,5,2013,17,1,06,84,2,1,1,1,Corniche Paul Besnard,0.0,0.0
201300012711,8,5,2013,12,1,49,19,1,1,1,4,,47.51839,-0.37697
201300012712,23,8,2013,5,3,49,377,1,9,1,6,,47.51815,-0.42963
201300012713,6,10,2013,18,1,49,127,1,1,1,3,,47.66659,-0.26539
201300012714,29,10,2013,8,1,49,76,1,1,1,7,A11,47.60617,-0.30296
201300012715,11,11,2013,20,5,49,110,1,1,2,6,,47.53837,-0.34141
201300012716,2,12,2013,12,1,49,127,1,1,1,2,,47.69155,-0.24997
201300012717,27,1,2013,19,3,40,133,1,1,3,4,,43.622,-1.407
201300012718,16,7,2013,21,2,40,261,1,1,1,7,,43.69835,-1.23044
201300012719,20,7,2013,1,3,40,75,1,1,1,6,,43.862,-1.164
201300012720,31,7,2013,11,1,40,75,1,1,1,2,,43.897,-1.132
201300012721,13,8,2013,11,1,40,75,1,1,1,6,,43.88304,-1.13109
201300012722,9,9,2013,10,1,40,75,1,1,1,7,,43.88191,-1.13093
201300012723,5,10,2013,20,3,40,133,1,1,1,2,,43.61506,-1.3412
201300012724,12,11,2013,2,3,40,168,1,1,2,7,,43.75791,-1.22229
201300012725,29,3,2013,12,1,40,210,1,1,1,4,,44.08185,-1.0022
201300012726,17,4,2013,20,1,40,295,1,1,1,6,,44.39721,-0.82428
201300012727,15,5,2013,7,2,40,152,1,1,1,2,,43.94166,-1.08505
201300012728,21,7,2013,12,1,40,295,1,1,1,2,,44.33577,-0.86755
201300012729,23,9,2013,15,1,40,152,1,1,1,2,,43.98948,-1.04182
201300012730,31,3,2013,17,1,63,408,1,1,1,6,,45.988,2.792
201300012731,7,6,2013,13,1,63,171,1,2,1,3,,0.0,0.0
201300012732,15,6,2013,17,1,63,171,1,1,1,6,,0.0,0.0
201300012733,21,7,2013,20,1,63,171,1,2,1,3,,0.0,0.0
201300012734,15,8,2013,18,1,63,198,1,1,7,1,,0.0,0.0
201300012735,26,9,2013,16,1,63,388,1,1,1,7,,0.0,0.0
201300012736,10,12,2013,7,1,63,198,1,1,1,6,,45.938,3.014
201300012737,11,1,2013,15,1,10,343,2,1,1,1,MARCEL BIDOT (RUE),48.26926,4.10942
201300012738,17,1,2013,7,2,10,333,2,1,1,6,"10, ECHENILLY (RUE)",48.28486,4.05062
201300012739,31,1,2013,20,5,10,321,2,1,2,1,"15, JEAN JAURES (RUE)",48.28819,4.03531
201300012740,1,2,2013,18,5,10,387,2,1,3,6,VICTOR HUGO (RUE),48.29357,4.06874
201300012741,13,2,2013,9,1,10,297,2,1,1,4,ROGER SALENGRO (RUE),48.31187,4.09738
201300012742,4,1,2013,18,5,10,387,2,1,2,1,"16, JULES GUESDE (BD)",48.29271,4.08213
201300012743,9,2,2013,11,1,10,297,2,1,1,6,ROGER SALENGRO (RUE),48.3102,4.09719
201300012744,7,1,2013,18,1,10,387,2,1,1,6,"8, GASTON ROGELIN (RUE)",48.30753,4.06663
201300012745,22,2,2013,9,1,10,357,2,1,1,6,GENERAL DE GAULLE (RUE D,48.29759,4.1321
201300012746,5,3,2013,7,1,10,387,2,3,1,3,LOMBARDS (AVENUE),0.0,0.0
201300012747,16,3,2013,9,1,10,387,2,2,1,3,VOULDY (CHAUSSEE DU),0.0,0.0
201300012748,16,3,2013,14,1,10,387,2,3,1,3,THENARD (RUE),0.0,0.0
201300012749,20,2,2013,13,1,10,387,2,1,1,4,"11, PREMIER RAM (RUE DU)",48.29183,4.07212
201300012750,26,3,2013,8,1,10,81,2,1,1,6,"2, PRESIDENT RENE COTY (",0.0,0.0
201300012751,31,3,2013,20,1,10,297,1,1,1,6,Rocade EST,0.0,0.0
201300012752,4,4,2013,11,1,10,333,2,1,1,2,"31, CHARLES BALTET (RUE)",0.0,0.0
201300012753,5,4,2013,19,1,10,387,2,1,1,6,"63, PASTEUR (RUE)",48.30197,4.06361
201300012754,6,4,2013,4,2,10,333,2,1,1,6,ROCADE OUEST (RD 610),48.2788,4.04188
201300012755,12,4,2013,12,1,10,387,2,1,1,6,"1, CHALMEL (RUE)",48.295,4.06425
201300012756,15,4,2013,8,1,10,387,2,1,1,6,"7, VOULDY (CHAUSSEE DU)",48.29358,4.08362
201300012757,20,4,2013,19,1,10,333,2,9,1,3,"102, AUXERRE (ROUTE)",48.26916,4.04891
201300012758,30,4,2013,10,1,10,387,2,1,1,6,ANATOLE FRANCE (RUE),0.0,0.0
201300012759,30,4,2013,14,1,10,81,2,1,2,6,"03, MARCEL DEFRANCE (RUE",48.30782,4.02941
201300012760,6,5,2013,17,1,10,387,2,1,2,6,TURENNE (RUE DE),48.29296,4.07356
201300012761,15,5,2013,16,1,10,387,2,1,1,2,"16, CARNOT (RUE)",48.29661,4.0665
201300012762,18,5,2013,6,2,10,362,2,1,1,7,RD 660,0.0,0.0
201300012763,27,5,2013,11,1,10,333,2,1,1,2,"68, AUXERRE (ROUTE)",48.28066,4.06915
201300012764,21,5,2013,17,1,10,387,2,1,2,6,Anatole France (Ave),48.28425,4.07297
201300012765,24,5,2013,15,1,10,387,2,1,8,6,"17,  R.A.M (BDL DU 1er)",48.29151,4.07158
201300012766,29,5,2013,22,5,10,387,2,2,1,3,1 R.A.M (BDL DU),48.2914,4.07097
201300012767,29,5,2013,8,1,10,387,2,2,1,5,MAJOR GENERAL VANIER (AV,48.3118,4.06604
201300012768,6,5,2013,11,1,10,387,2,3,1,1,REINE BLANCHE (RUE),0.0,0.0
201300012769,1,6,2013,10,1,10,362,2,9,1,6,DAMES (RUE DES),0.0,0.0
201300012770,12,6,2013,18,1,10,387,2,1,1,6,"112, EDOUARD HERRIOT (AV",48.27097,4.08438
201300012771,4,6,2013,19,1,10,387,2,1,1,2,JACQUIN (RUE),48.30398,4.08086
201300012772,17,6,2013,8,1,10,387,2,1,1,1,"30, GRAND VEON (RUE DU)",48.29357,4.10047
201300012773,21,6,2013,8,1,10,387,2,1,1,6,"44, CARNOT (BD)",48.29522,4.06744
201300012774,21,6,2013,15,1,10,357,1,1,1,1,RD619,0.0,0.0
201300012775,5,6,2013,20,1,10,362,2,1,1,2,"50, NOES (RUE DES)",0.0,0.0
201300012776,26,6,2013,7,1,10,81,2,3,1,3,JEAN MOULIN (RUE),0.0,0.0
201300012777,28,6,2013,17,1,10,387,2,3,8,6,TOUR (RUE DE LA),48.30241,4.07616
201300012778,6,6,2013,11,1,10,362,2,1,1,6,"8, DANTON (RUE)",0.0,0.0
201300012779,9,7,2013,16,1,10,387,2,6,1,3,THENARD (RUE),48.26845,4.0863
201300012780,10,7,2013,10,1,10,387,2,2,1,3,QUINZE VINGT (RUE),48.2969,4.07141
201300012781,19,7,2013,14,1,10,362,2,3,1,3,GENERAL GALLIENI (RUE DU,48.29412,4.05702
201300012782,26,7,2013,8,1,10,387,2,1,1,6,"101, ANATOLE FRANCE (RUE",48.2799,4.06835
201300012783,12,7,2013,17,1,10,333,2,1,1,4,AUXERRE (ROUTE),48.26833,4.04753
201300012784,4,8,2013,13,1,10,387,2,2,1,3,"31, ETIENNE PEDRON (RUE)",48.30678,4.07664
201300012785,8,8,2013,17,1,10,387,2,1,1,3,"195, GENERAL LECLERC (RU",48.30948,4.05408
201300012786,24,7,2013,19,1,10,387,2,3,1,3,HENRI BARBUSSE (RUE),48.30046,4.08683
201300012787,21,8,2013,0,3,10,362,2,1,1,6,"75, PAUL DOUMER (RUE)",48.2898,4.04884
201300012788,22,7,2013,11,1,10,387,2,2,1,6,GENDRET DE LA BONDE (RUE,48.30475,4.07099
201300012789,23,8,2013,19,2,10,387,2,6,1,6,GEORGES POMPIDOU (RUE),48.2913,4.08852
201300012790,4,9,2013,15,1,10,333,2,1,1,6,"17, CHARLES BALTET (RUE)",48.28506,4.05627
201300012791,4,9,2013,18,1,10,387,2,2,1,3,MAJOR GENERAL VANIER (AV,48.30354,4.07292
201300012792,9,8,2013,19,1,10,387,2,1,1,6,ROMAIN ROLLAND (RUE),48.27158,4.08306
201300012793,14,9,2013,11,1,10,387,2,1,1,2,CHOMEDEY DE MAISONNEUVE,0.0,0.0
201300012794,15,9,2013,16,1,10,387,2,1,1,6,ALEXANDRE LEYMERIE (RUE),48.30688,4.04219
201300012795,30,9,2013,7,1,10,321,2,1,1,7,JEAN JAURES (RUE),48.2876,4.03042
201300012796,10,10,2013,9,1,10,387,2,1,1,6,EDOUARD HERRIOT (RUE),48.27135,4.08392
201300012797,10,10,2013,16,1,10,387,2,1,2,6,DANTON (RUE),48.30332,4.0771
201300012798,22,10,2013,20,5,10,387,2,1,2,3,LOMBARDS (AVENUE),48.2755,4.07155
201300012799,1,10,2013,13,1,10,387,2,1,1,6,HENRI BARBUSSE (RUE),48.29675,4.08485
201300012800,5,11,2013,21,5,10,387,2,2,1,3,PIERRE BROSSOLETTE (RUE),48.28907,4.07684
201300012801,26,10,2013,19,5,10,387,2,1,2,6,GAMBETTA (RUE),48.2997,4.07314
201300012802,18,11,2013,7,1,10,60,2,1,8,3,"3, VERRIERES (ROUTE DE)",48.26421,4.11066
201300012803,25,11,2013,12,1,10,325,2,2,1,3,EGALITE (RUE DE L'),48.26305,4.0591
201300012804,29,11,2013,16,2,10,387,2,1,1,6,PIERRE BROSSOLETTE (RUE),0.0,0.0
201300012805,15,11,2013,18,5,10,357,2,1,2,6,PIERRE BROSSOLETTE (RUE),48.29943,4.11856
201300012806,9,12,2013,7,5,10,343,2,6,1,2,CHATEAU DES COURS (RUE D,48.2739,4.09271
201300012807,26,4,2013,15,1,67,152,2,1,2,3,20 rue de l'Eglise,0.0,0.0
201300012808,15,6,2013,15,1,67,152,2,6,1,3,rue du fort,48.534,7.688
201300012809,18,6,2013,7,1,67,152,1,3,1,5,,48.521,7.667
201300012810,18,6,2013,14,1,67,152,1,6,1,2,,48.532,7.691
201300012811,11,9,2013,19,1,67,152,2,1,8,6,rue du g?n?ral de gaulle,48.518,7.642
201300012812,19,11,2013,6,2,67,152,2,1,8,4,Route de Lingolsheim,48.551,7.682
201300012813,20,12,2013,14,1,67,108,2,1,1,4,route de schirmeck,0.0,0.0
201300012814,11,1,2013,17,1,67,309,2,1,1,5,RD263,48.653,7.724
201300012815,16,5,2013,10,1,67,471,2,1,2,3,route de Brumath,48.64,7.731
201300012816,16,5,2013,12,1,67,296,2,1,2,1,rue principale,0.0,0.0
201300012817,8,6,2013,11,1,67,309,2,1,1,2,09 rue de Strasbourg,48.645,7.711
201300012818,15,6,2013,12,1,67,506,2,1,1,6,24 rue du Gal De Gaulle,48.67,7.71
201300012819,16,6,2013,8,1,67,343,2,1,1,6,"98 A, route de Saverne",48.61,7.68
201300012820,18,6,2013,15,1,67,471,2,1,1,6,"97, route de Brumath",48.62,7.73
201300012821,5,8,2013,19,1,67,389,1,3,1,3,,0.0,0.0
201300012822,28,9,2013,20,5,67,343,2,1,1,6,rue de WOLFISHEIM,48.61,7.683
201300012823,11,11,2013,18,3,67,506,1,1,1,6,,0.0,0.0
201300012824,15,11,2013,8,1,67,506,2,1,1,3,rue de brumath,48.675,7.719
201300012825,20,12,2013,12,1,67,471,2,1,1,6,"67, route de Brumath",0.0,0.0
201300012826,8,1,2013,16,1,06,105,2,1,8,1,RD 2085,43.669,7.054
201300012827,13,1,2013,9,1,06,38,2,1,8,3,PLACE DES PINS,0.0,0.0
201300012828,10,2,2013,1,3,06,105,1,1,1,3,,43.688,7.059
201300012829,5,5,2013,12,1,06,148,2,1,1,3,1019 route de vence,0.0,0.0
201300012830,23,6,2013,14,1,06,148,1,1,1,6,,43.713,7.05
201300012831,1,7,2013,20,1,06,148,1,1,1,2,,43.706,7.004
201300012832,28,7,2013,11,1,06,10,1,1,1,1,,0.0,0.0
201300012833,28,9,2013,18,1,06,89,2,1,8,2,RD 3 - 06650 OPIO,43.668,6.987
201300012834,1,11,2013,10,1,06,112,2,1,1,4,43 Route de Nice,0.0,0.0
201300012835,25,10,2013,17,2,06,148,1,1,1,6,,0.0,0.0
201300012836,15,12,2013,3,3,06,112,2,1,1,1,D7 ROUTE DE ROQUEFORT,0.0,0.0
201300012837,24,2,2013,20,3,65,127,1,1,4,6,,43.10714,0.32639
201300012838,2,3,2013,12,1,65,127,1,1,1,5,,43.10692,0.33185
201300012839,23,3,2013,16,1,65,127,1,1,4,6,,43.12307,0.31946
201300012840,2,5,2013,22,3,65,101,1,1,2,6,,43.18668,0.22271
201300012841,10,5,2013,17,1,65,101,1,1,1,6,,43.18457,0.22333
201300012842,29,6,2013,6,2,65,353,1,1,1,7,,43.16384,0.26847
201300012843,13,7,2013,16,1,65,258,1,1,1,7,A 64,43.10008,0.3703
201300012844,4,8,2013,3,3,65,127,1,1,1,5,,43.1027,0.33783
201300012845,1,9,2013,0,3,64,216,1,1,1,6,,43.2619,-0.15482
201300012846,21,11,2013,16,1,65,482,1,1,4,4,,43.1069,0.44399
201300012847,14,2,2013,18,2,02,560,1,1,9,6,,0.0,0.0
201300012848,29,4,2013,14,1,02,360,1,1,1,6,,0.0,0.0
201300012849,30,6,2013,1,3,02,180,1,1,1,2,,0.0,0.0
201300012850,3,7,2013,11,1,02,545,1,2,1,3,,49.71803,3.84562
201300012851,24,7,2013,19,1,02,720,1,1,1,6,,0.0,0.0
201300012852,26,7,2013,11,1,02,169,1,1,1,6,,0.0,0.0
201300012853,2,8,2013,22,3,02,189,1,1,1,3,,49.62981,3.8649
201300012854,8,8,2013,7,1,02,498,1,1,1,2,,0.0,0.0
201300012855,11,8,2013,17,1,02,468,2,3,1,3,rue docteur galoy,0.0,0.0