Num_Acc,jour,mois,an,hr,condition_eclairage,departement,commune,condition_agglomeration,intersection,condition_atmosphere,type_collision,adresse,lattitude,longitude
201300012856,8,9,2013,6,2,02,489,1,1,1,1,,0.0,0.0
201300012857,8,9,2013,15,1,02,350,1,1,1,6,rue de Beauvois,49.67147,3.85046
201300012858,25,9,2013,17,1,02,690,2,1,8,3,rue de Chivres,49.6192,3.9051
201300012859,9,10,2013,17,1,02,73,1,1,1,1,,0.0,0.0
201300012860,19,10,2013,15,1,02,215,2,1,1,6,Rue Pierre Curtil,0.0,0.0
201300012861,24,10,2013,14,1,02,553,1,1,1,6,,0.0,0.0
201300012862,4,12,2013,16,2,02,676,1,1,2,2,,0.0,0.0
201300012863,21,12,2013,3,3,02,697,1,1,1,3,,0.0,0.0
201300012864,5,1,2013,16,3,38,530,1,1,8,1,,45.6239,5.17158
201300012865,30,5,2013,16,1,38,530,1,1,2,5,,45.642,5.143
201300012866,16,6,2013,6,2,38,193,2,1,1,6,rue du Lans,0.0,0.0
201300012867,27,6,2013,12,1,38,193,2,1,1,2,Route de LYON,0.0,0.0
201300012868,22,8,2013,20,1,38,193,2,3,1,3,promenade de cassiopee,0.0,0.0
201300012869,30,8,2013,12,1,38,172,1,1,1,3,,0.0,0.0
201300012870,2,11,2013,17,1,38,193,1,1,1,3,,0.0,0.0
201300012871,19,6,2013,20,1,03,158,1,1,1,1,,46.491,2.666
201300012872,17,7,2013,20,1,03,31,1,1,1,6,,46.412,2.74
201300012873,29,10,2013,11,1,03,158,1,1,7,6,,46.504,2.648
201300012874,12,1,2013,18,3,05,178,1,1,1,6,05 300,44.3669,5.92305
201300012875,17,3,2013,20,3,05,78,1,1,3,6,,44.3928,5.94203
201300012876,24,5,2013,22,3,05,103,1,1,1,5,,44.2876,5.90206
201300012877,13,9,2013,7,1,04,63,1,1,1,2,,0.0,0.0
201300012878,22,9,2013,15,1,05,178,1,1,1,6,,44.36776,5.92351
201300012879,3,10,2013,15,1,04,149,1,1,1,2,,0.0,0.0
201300012880,27,12,2013,10,1,04,209,1,1,1,6,,0.0,0.0
201300012881,8,4,2013,7,1,13,80,1,1,1,6,,0.0,0.0
201300012882,13,4,2013,13,1,13,80,1,1,7,6,,0.0,0.0
201300012883,29,4,2013,5,2,13,80,1,1,3,1,,0.0,0.0
201300012884,4,6,2013,19,1,13,80,1,1,1,5,,0.0,0.0
201300012885,15,6,2013,11,1,13,113,2,1,1,6,40 ave maurice plantier,43.5982,5.48498
201300012886,4,7,2013,9,1,13,80,1,1,1,5,*,0.0,0.0
201300012887,11,7,2013,15,1,13,113,2,1,1,1,Avenue de la Ferrage,43.59598,5.47886
201300012888,11,8,2013,5,2,13,80,1,1,1,6,,43.66161,5.41503
201300012889,19,1,2013,6,3,73,118,1,9,4,7,,45.48348,6.02734
201300012890,17,3,2013,22,5,73,151,1,9,3,6,,45.51381,6.00054
201300012891,21,4,2013,19,1,73,213,1,1,8,7,,45.559,5.955
201300012892,27,3,2013,7,1,38,450,1,1,5,6,,0.0,0.0
201300012893,25,3,2013,10,1,38,33,1,1,1,6,,0.0,0.0
201300012894,17,9,2013,17,1,38,454,1,1,1,6,,0.0,0.0
201300012895,20,4,2013,18,1,35,352,1,1,1,3,,48.04863,-1.59433
201300012896,9,7,2013,23,3,35,206,1,1,1,7,,48.05056,-1.66496
201300012897,30,8,2013,16,1,35,206,1,1,1,2,,48.06261,-1.69929
201300012898,11,9,2013,9,1,35,206,1,1,1,2,,48.04566,-1.62864
201300012899,5,10,2013,11,1,35,206,1,1,1,3,,0.0,0.0
201300012900,14,2,2013,23,3,67,194,1,1,4,7,,48.735,7.895
201300012901,27,5,2013,18,1,67,205,1,1,1,7,,0.0,0.0
201300012902,7,10,2013,10,1,67,205,1,1,1,6,,0.0,0.0
201300012903,25,4,2013,11,1,62,432,2,1,1,3,RD 191 RD224,0.0,0.0
201300012904,12,6,2013,7,1,62,43,2,1,2,1,,50.91404,1.94365
201300012905,25,6,2013,15,1,62,203,1,1,1,7,,0.0,0.0
201300012906,11,12,2013,8,2,62,397,2,1,1,6,,0.0,0.0
201300012907,26,1,2013,12,1,11,69,1,3,1,3,BRAM -ROUTE DE-,0.0,0.0
201300012908,13,2,2013,13,1,11,69,2,1,1,6,BRANLY EDOUAD,43.20625,2.31779
201300012909,4,1,2013,15,1,11,69,2,1,1,2,"12, MUSSET ALFRED -ET IM",43.21943,2.34409
201300012910,31,3,2013,18,1,11,69,1,1,1,2,MINERVOISE -ROUTE-,0.0,0.0
201300012911,16,4,2013,18,1,11,69,1,1,1,3,ROCADE OUEST,0.0,0.0
201300012912,4,6,2013,17,1,11,69,2,1,1,6,"25, GOUT HENRI -AV. N? I",0.0,0.0
201300012913,12,6,2013,17,1,11,69,1,1,1,2,LIMOUX -ROUTE DE-,0.0,0.0
201300012914,25,6,2013,22,5,11,69,2,1,1,3,LECLERC AV. DU GENERAL I,0.0,0.0
201300012915,28,6,2013,16,1,11,69,2,1,1,1,BUFFON RUE A PARTIR DU 5,0.0,0.0
201300012916,8,1,2013,17,2,11,69,1,1,1,2,LIMOUX -ROUTE DE - JUSQU,0.0,0.0
201300012917,9,1,2013,11,1,11,69,1,1,1,3,SAINT HILAIRE -ROUTE DE-,0.0,0.0
201300012918,10,8,2013,17,1,11,69,1,1,1,6,"R N 113, SENS TOULOUSE/",0.0,0.0
201300012919,10,1,2013,9,1,11,69,2,1,1,3,SOUMET ALEXANDRE,43.21767,2.34248
201300012920,6,9,2013,10,1,11,69,1,1,1,2,ROCADE SUD RD 342,0.0,0.0
201300012921,23,9,2013,18,1,11,69,2,1,1,6,"48, GAY- LUSSAC JOSEPH -",43.20722,2.32274
201300012922,11,1,2013,10,1,11,69,1,1,1,6,"R N 113, SENS TOULOUSE/",0.0,0.0
201300012923,11,1,2013,21,5,11,69,2,1,1,7,"47, BUNAU VARILLA -AV-",43.21081,2.34107
201300012924,7,12,2013,18,3,11,69,1,1,1,6,"3, MAGINOT ANDRE -AVENUE",43.21312,2.37164
201300012925,21,12,2013,14,1,11,69,2,1,1,6,ROCADE SUD RD 342,0.0,0.0
201300012926,28,12,2013,21,5,11,69,2,3,1,3,MARTY ANTOINE,43.21625,2.35909
201300012927,19,1,2013,11,1,11,69,1,1,1,1,ROCADE SUD RD 342,0.0,0.0
201300012928,23,1,2013,17,1,11,69,1,1,1,7,ROCADE SUD RD 342,0.0,0.0
201300012929,25,1,2013,8,1,11,69,2,1,1,3,BLUM NR IMPAIRS JUSQUAU,0.0,0.0
201300012930,26,1,2013,14,1,11,69,2,1,1,6,GOUT HENRI -AVENUE N? PA,0.0,0.0
201300012931,31,1,2013,12,1,11,69,1,1,1,2,AMANDIERS GREZES,0.0,0.0
201300012932,31,1,2013,18,2,11,69,1,1,1,7,MADELEINE -CHEMIN DE LA,0.0,0.0
201300012933,4,2,2013,7,2,11,69,1,1,1,3,SAINT HILAIRE -ROUTE DE-,0.0,0.0
201300012934,5,2,2013,7,2,11,69,2,1,1,6,"2, MARECHAL FOCH -AVENUE",0.0,0.0
201300012935,5,2,2013,17,1,11,69,1,1,1,6,ROCADE OUEST,0.0,0.0
201300012936,5,2,2013,19,3,11,69,1,1,1,3,ROCADE OUEST,0.0,0.0
201300012937,6,2,2013,17,1,11,69,1,1,1,7,LIMOUX -ROUTE DE - JUSQU,0.0,0.0
201300012938,8,2,2013,12,1,11,69,1,1,1,7,"2, BOUFFET HENRY",0.0,0.0
201300012939,8,2,2013,18,2,11,69,2,1,1,7,BUFFON RUE JUSQUAU 48 ET,0.0,0.0
201300012940,9,2,2013,20,3,11,69,1,1,1,6,R N 113 sens NARBONNE/TO,0.0,0.0
201300012941,13,2,2013,17,1,11,69,1,1,1,7,"4, BOUFFET HENRY",0.0,0.0
201300012942,15,2,2013,7,2,11,69,2,1,1,6,"2, ETUDES -DES-",0.0,0.0
201300012943,18,2,2013,8,2,11,69,2,1,1,7,"77, RAMOND AIME",0.0,0.0
201300012944,16,2,2013,12,1,11,69,2,1,1,6,"2, STRASBOURG",0.0,0.0
201300012945,18,2,2013,18,1,11,69,1,1,1,7,BRAM -ROUTE DE-,0.0,0.0
201300012946,21,2,2013,8,2,11,69,2,1,1,6,BLUM DU 1404 AU 2050,0.0,0.0
201300012947,22,2,2013,10,1,11,69,2,1,1,4,"2, VARSOVIE -BD-",0.0,0.0
201300012948,22,2,2013,16,1,11,69,2,1,1,6,"2, CITROEN ANDRE",0.0,0.0
201300012949,23,2,2013,6,3,11,69,1,1,1,3,LIMOUX -ROUTE DE - JUSQU,0.0,0.0
201300012950,27,2,2013,19,2,11,69,2,3,1,3,MOULIN JEAN -AVENUE-,0.0,0.0
201300012951,28,2,2013,0,5,11,69,2,1,1,7,"3, BASSE",0.0,0.0
201300012952,28,2,2013,21,5,11,69,2,1,1,6,"2, MARECHAL FOCH -AVENUE",0.0,0.0
201300012953,4,3,2013,4,5,11,69,2,1,1,6,GAMBETTA SQUARE -IMPAIR-,0.0,0.0
201300012954,7,3,2013,14,1,11,69,1,1,1,2,BOUFFET HENRY,0.0,0.0
201300012955,8,3,2013,15,1,11,69,1,1,1,3,MONGE GASPARD,0.0,0.0
201300012956,11,3,2013,13,1,11,69,2,1,1,6,"3, JAURES JEAN -BD-IMPAI",0.0,0.0
201300012957,12,3,2013,12,1,11,69,2,1,1,6,BUNAU VARILLA -AV-,0.0,0.0
201300012958,13,3,2013,15,1,11,69,1,1,1,3,"3, EDISON THOMAS (AVENUE",0.0,0.0
201300012959,25,3,2013,9,1,11,69,2,1,1,2,"141, ROOSEVELT -IMPAIRS",0.0,0.0
201300012960,28,3,2013,8,1,11,69,1,1,1,5,ROCADE SUD RD 342,0.0,0.0
201300012961,2,4,2013,8,1,11,69,2,1,1,6,"37, JAURES JEAN -BD-IMPA",0.0,0.0
201300012962,2,4,2013,11,1,11,69,1,1,1,2,R N 113 sens NARBONNE/TO,0.0,0.0
201300012963,3,4,2013,10,1,11,69,1,1,1,6,"4, RPIMA -AVENUE-",0.0,0.0
201300012964,5,4,2013,18,2,11,69,2,1,1,3,"2, HOCHE",0.0,0.0
201300012965,6,4,2013,15,1,11,69,1,1,1,6,ROCADE OUEST,0.0,0.0
201300012966,11,4,2013,16,1,11,69,1,1,1,2,"2, BOUFFET HENRY",0.0,0.0
201300012967,14,4,2013,18,1,11,69,2,1,1,6,"3, GAMBETTA SQUARE -PAIR",0.0,0.0
201300012968,15,4,2013,10,1,11,69,2,1,1,2,BUNAU VARILLA -AV-,0.0,0.0
201300012969,15,4,2013,18,1,11,69,2,1,1,1,"14, VAUBAN",0.0,0.0
201300012970,16,4,2013,17,1,11,69,2,1,1,2,BARBES BD IMPAIR,0.0,0.0
201300012971,19,4,2013,15,1,11,69,2,1,1,6,"35, IENA -ALLEE D'- N? I",0.0,0.0
201300012972,20,4,2013,19,2,11,69,2,1,1,4,"4, JOLIOT CURIE -BD IREN",0.0,0.0
201300012973,23,4,2013,11,1,11,69,1,1,1,2,"4, MAQUENS -CHEMIN DE-",0.0,0.0
201300012974,26,4,2013,16,1,11,69,2,1,1,2,IENA -ALLEE D'- N? PAIRS,0.0,0.0
201300012975,26,4,2013,21,3,11,69,2,3,1,3,"2, VERDUN",0.0,0.0
201300012976,28,4,2013,15,1,11,69,1,1,1,7,"3, SOUVENIR FRANCAIS -AV",0.0,0.0
201300012977,29,4,2013,6,2,11,69,2,1,1,1,LIMOUX - ROUTE DE-,0.0,0.0
201300012978,30,4,2013,12,1,11,69,2,1,1,3,ROCADE OUEST,0.0,0.0
201300012979,30,4,2013,14,1,11,69,1,1,1,3,"48, LANGEVIN PAUL - PAIR",0.0,0.0
201300012980,30,4,2013,17,1,11,69,1,1,1,4,ROCADE OUEST,0.0,0.0
201300012981,4,5,2013,8,1,11,69,1,1,1,7,SAINT HILAIRE -ROUTE DE-,0.0,0.0
201300012982,7,5,2013,8,1,11,69,2,3,1,6,COSTE REBOULH,0.0,0.0
201300012983,7,5,2013,12,1,11,69,1,1,1,7,ROCADE OUEST,0.0,0.0
201300012984,7,5,2013,12,1,11,69,1,1,1,7,BRAM -ROUTE DE-,0.0,0.0
201300012985,12,5,2013,15,1,11,69,1,1,1,6,MONGE GASPARD,0.0,0.0
201300012986,17,5,2013,10,1,11,69,2,1,1,6,"2, JOLIOT CURIE -CITE-",0.0,0.0
201300012987,17,5,2013,13,1,11,69,2,1,1,1,"3, SAINT MARTIN -AVENUE-",0.0,0.0
201300012988,19,5,2013,3,3,11,69,1,3,1,6,", PAPIN DENIS -BD-",0.0,0.0
201300012989,1,6,2013,22,3,11,69,2,1,1,6,"4, GUIRAUD ALEXANDRE",0.0,0.0
201300012990,2,6,2013,22,2,11,69,1,1,1,1,"R N 113, SENS TOULOUSE/",0.0,0.0
201300012991,9,6,2013,15,1,11,69,1,1,1,7,SOUVENIR FRANCAIS -AVENU,0.0,0.0
201300012992,11,6,2013,10,1,11,69,2,2,1,3,BERTHELOT MARCELIN,0.0,0.0
201300012993,11,6,2013,14,1,11,69,1,1,1,2,ROCADE SUD RD 342,0.0,0.0
201300012994,13,6,2013,18,1,11,69,2,1,1,2,"8, MAURETTE MICHELE",0.0,0.0
201300012995,15,6,2013,2,3,11,69,2,1,1,7,ROCADE SUD RD 342,0.0,0.0
201300012996,17,6,2013,18,1,11,69,1,1,1,6,"2, GRAND RUE -MONTREDON-",0.0,0.0
201300012997,22,6,2013,12,1,11,69,1,1,1,6,COLOMB CHRISTOPHE -PONT,0.0,0.0
201300012998,23,6,2013,20,2,11,69,1,1,1,7,CAZILHAC -IMPASSE DE LA,0.0,0.0
201300012999,25,6,2013,11,1,11,69,2,1,1,3,"2, RAMOND AIME",0.0,0.0
201300013000,25,6,2013,17,1,11,69,1,1,1,2,LIMOUX -ROUTE DE - JUSQU,0.0,0.0
201300013001,26,6,2013,17,1,11,69,2,1,1,6,"16, VARSOVIE -BD-",0.0,0.0
201300013002,26,6,2013,19,1,11,69,1,1,1,6,POMPIDOU GEORGES -ROND P,0.0,0.0
201300013003,2,7,2013,16,1,11,69,2,1,1,3,BERRIAC -ROUTE DE-,0.0,0.0
201300013004,3,7,2013,14,1,11,69,1,1,1,4,"203, LECLERC AV. DU GENE",0.0,0.0
201300013005,5,7,2013,4,3,11,69,1,1,1,2,ROCADE OUEST,0.0,0.0
201300013006,6,7,2013,0,3,11,69,1,1,1,3,ROCADE SUD RD 342,0.0,0.0
201300013007,8,7,2013,17,1,11,69,1,1,1,3,COLOMB CHRISTOPHE -PONT,0.0,0.0
201300013008,9,7,2013,10,1,11,69,2,1,1,2,"1, VARSOVIE -BD-",0.0,0.0
201300013009,11,7,2013,4,3,11,69,1,1,1,1,GARIGLIANO -PONT DU-,0.0,0.0
201300013010,12,7,2013,1,3,11,69,1,1,1,7,R N 113 sens NARBONNE/TO,0.0,0.0
201300013011,14,7,2013,5,3,11,69,1,1,1,7,ROCADE OUEST,0.0,0.0
201300013012,14,7,2013,13,1,11,69,2,1,1,3,"3, REILLE -CHEMIN DE LA",0.0,0.0
201300013013,17,7,2013,8,1,11,69,1,1,1,7,BRAM -ROUTE DE-,0.0,0.0
201300013014,20,7,2013,8,1,11,69,1,1,1,7,MONTREAL -ROUTE DE -,0.0,0.0
201300013015,26,7,2013,14,1,11,69,1,1,1,3,ROCADE OUEST,0.0,0.0
201300013016,26,7,2013,15,1,11,69,1,1,1,3,BOUFFET HENRY,0.0,0.0
201300013017,26,7,2013,16,1,11,69,2,1,1,2,"10, PROVINCES -ALLEE DES",0.0,0.0
201300013018,27,7,2013,18,1,11,69,2,1,1,6,"2, CITE -COTE DE LA-",0.0,0.0
201300013019,31,7,2013,16,1,11,69,1,1,1,1,ROCADE SUD RD 342,0.0,0.0
201300013020,3,8,2013,23,5,11,69,2,3,1,3,"2, GERMAIN PIERRE",0.0,0.0
201300013021,4,8,2013,2,3,11,69,1,1,1,7,COLOMB CHRISTOPHE -PONT,0.0,0.0
201300013022,4,8,2013,23,3,11,69,2,1,1,3,"54, MOULIN JEAN -AVENUE-",0.0,0.0
201300013023,10,8,2013,11,1,11,69,1,1,1,3,ROCADE OUEST,0.0,0.0
201300013024,12,8,2013,18,1,11,69,1,1,1,7,BRAM -ROUTE DE-,0.0,0.0
201300013025,16,8,2013,23,5,11,69,2,1,1,6,"2, TANNEURS -RUELLE-",0.0,0.0
201300013026,21,8,2013,11,1,11,69,1,1,1,3,LIMOUX - ROUTE DE-,0.0,0.0
201300013027,23,8,2013,19,1,11,69,1,1,1,1,MINERVOISE -ROUTE-,0.0,0.0
201300013028,26,8,2013,19,1,11,69,2,1,1,6,SARRAUT OMER BD -IMPAIRS,0.0,0.0
201300013029,2,9,2013,16,1,11,69,2,1,1,7,"3, GAMBETTA SQUARE -IMPA",0.0,0.0
201300013030,3,9,2013,17,1,11,69,2,1,1,6,"23, AUDE -BERGES DE L'-",0.0,0.0
201300013031,4,9,2013,2,5,11,69,2,1,1,3,"14, ROOSEVELT - PAIRS DU",0.0,0.0
201300013032,6,9,2013,20,2,11,69,1,1,1,1,ROCADE SUD RD 342,0.0,0.0
201300013033,10,9,2013,19,2,11,69,1,1,1,1,ROCADE SUD RD 342,0.0,0.0
201300013034,13,9,2013,8,1,11,69,2,1,1,7,"4, JOURDANE GASTON -PLAC",0.0,0.0
201300013035,20,9,2013,17,1,11,69,2,1,1,2,"8, MULLOT ARTHUR AV. PAI",0.0,0.0
201300013036,21,9,2013,5,4,11,69,1,1,1,7,R N 113 sens NARBONNE/TO,0.0,0.0
201300013037,26,9,2013,13,1,11,69,2,1,1,7,NARBONNE -ROUTE DE-,0.0,0.0
201300013038,27,9,2013,17,1,11,69,2,1,1,3,"51, IENA -ALLEE D'- N? I",0.0,0.0
201300013039,28,9,2013,10,1,11,69,1,1,1,6,POMPIDOU GEORGES -ROND P,0.0,0.0
201300013040,3,10,2013,19,3,11,69,2,3,1,3,"2, PAPIN DENIS -BD-",0.0,0.0
201300013041,4,10,2013,18,1,11,69,1,1,1,2,ROCADE OUEST,0.0,0.0
201300013042,10,10,2013,16,1,11,69,2,3,1,3,"1, GOUT HENRI -AV. N? IM",0.0,0.0
201300013043,11,10,2013,15,1,11,69,1,1,1,3,LIMOUX -ROUTE DE - JUSQU,0.0,0.0
201300013044,16,10,2013,7,2,11,69,2,1,1,2,R N 113 sens NARBONNE/TO,0.0,0.0
201300013045,16,10,2013,8,1,11,69,1,1,1,3,"8, DUPLEIX JOSEPH FRANCO",0.0,0.0
201300013046,18,10,2013,1,3,11,69,2,1,1,7,JUIN MARECHAL,0.0,0.0
201300013047,23,10,2013,8,1,11,69,2,1,1,7,"2, BARCELONE",0.0,0.0
201300013048,25,10,2013,16,1,11,69,1,1,1,2,ROCADE OUEST,0.0,0.0
201300013049,27,10,2013,13,1,11,69,1,1,1,6,"33, ROOSEVELT -IMPAIRS A",0.0,0.0
201300013050,6,11,2013,15,1,11,69,1,1,1,3,MONTREAL -ROUTE DE -,0.0,0.0
201300013051,9,11,2013,11,1,11,69,2,1,1,3,"20, MARTY ANTOINE",0.0,0.0
201300013052,11,11,2013,11,1,11,69,1,1,1,7,BRAM -ROUTE DE-,0.0,0.0
201300013053,14,11,2013,9,1,11,69,1,1,1,2,LIMOUX - ROUTE DE-,0.0,0.0
201300013054,16,11,2013,19,5,11,69,2,1,1,6,"15, VARSOVIE -BD-",0.0,0.0
201300013055,19,11,2013,9,1,11,69,1,1,1,3,MONTREAL -ROUTE DE -,0.0,0.0
201300013056,19,11,2013,14,1,11,69,2,1,1,6,"61, RAMOND AIME",0.0,0.0
201300013057,24,11,2013,19,3,11,69,1,1,1,3,COLOMB CHRISTOPHE -PONT,0.0,0.0
201300013058,1,12,2013,22,3,11,69,2,1,1,6,"71, BARBES BD IMPAIR",43.21026,2.34832
201300013059,4,12,2013,6,2,11,69,1,1,1,1,ROCADE SUD RD 342,0.0,0.0
201300013060,4,12,2013,15,1,11,69,1,1,1,3,MAQUENS -CHEMIN DE-,43.20974,2.31502
201300013061,9,12,2013,18,3,11,69,1,1,1,3,MAQUENS -CHEMIN DE-,43.20915,2.3148
201300013062,12,12,2013,14,1,11,69,2,1,1,2,LECLERC AV. DU GENERAL P,43.20862,2.37149
201300013063,12,12,2013,23,5,11,69,1,1,1,7,POMPIDOU GEORGES -ROND P,0.0,0.0
201300013064,17,12,2013,18,3,11,69,1,1,1,5,ROCADE OUEST,0.0,0.0
201300013065,18,12,2013,12,1,11,69,1,1,1,3,POMPIDOU GEORGES -ROND P,0.0,0.0
201300013066,18,12,2013,14,1,11,69,1,1,1,3,ROCADE SUD RD 342,0.0,0.0
201300013067,27,12,2013,4,5,11,69,2,1,1,6,"14, PAPIN DENIS -BD-",0.0,0.0
201300013068,28,12,2013,16,1,11,69,2,1,1,6,"12, CHAPPE CLAUDE",43.21192,2.32422
201300013069,30,12,2013,17,1,11,69,2,1,1,6,"33, GUESDES JULES -BD-",43.2086,2.32987
201300013070,21,3,2013,19,5,11,76,2,1,1,3,"1, DUNKERQUE (RUE DE)",0.0,0.0
201300013071,26,3,2013,13,1,11,76,2,2,1,3,"1, NOVEMBRE 1918 (RUE DU",0.0,0.0
201300013072,7,4,2013,13,1,11,76,1,2,1,3,CD 624,0.0,0.0
201300013073,11,2,2013,9,1,31,22,1,1,8,5,,43.66799,1.42071
201300013074,28,10,2013,10,1,31,584,1,3,1,3,rte toulouse/ch sansonne,0.0,0.0
201300013075,15,11,2013,6,2,31,555,1,1,9,2,,0.0,0.0
201300013076,22,11,2013,17,1,31,592,1,3,2,3,,0.0,0.0
201300013077,24,11,2013,6,3,31,118,1,1,8,6,,0.0,0.0
201300013078,5,2,2013,9,1,77,279,1,1,4,3,,0.0,0.0
201300013079,27,6,2013,8,1,77,480,1,1,2,2,,0.0,0.0
201300013080,14,12,2013,12,1,77,354,1,1,1,5,,48.473,2.341
201300013081,24,12,2013,18,3,77,410,1,1,3,4,,48.67,2.274
201300013082,27,12,2013,14,1,77,279,1,1,1,6,,0.0,0.0
201300013083,5,9,2013,5,2,02,498,1,1,1,7,,0.0,0.0
201300013084,3,10,2013,15,1,11,262,2,1,2,3,"0, TOULOUSE (AVENUE DE)",0.0,0.0
201300013085,2,1,2013,12,1,11,262,2,1,1,4,SALVAYRE (RUE DE),43.18564,2.98718
201300013086,7,1,2013,10,1,11,262,2,1,1,6,FRANCE (AVENUE ANATOLE),43.18693,2.99121
201300013087,7,1,2013,13,1,11,262,2,1,1,6,"19, DE GAULLE (BOULEVARD",43.18601,3.00932
201300013088,8,1,2013,8,1,11,262,2,2,1,3,ROCHAMBEAU (RUE DU),43.18617,3.01265
201300013089,15,2,2013,18,1,11,262,2,3,1,3,LOUBAT (AVENUE DE PECH),0.0,0.0
201300013090,22,2,2013,17,1,11,262,2,1,1,2,LACROIX (BOULEVARD DU DO,0.0,0.0
201300013091,14,1,2013,11,1,11,262,2,1,1,3,RD 6009 NARBONNE - BEZIE,0.0,0.0
201300013092,15,2,2013,12,1,11,262,2,1,1,3,DOMITIUS (AVENUE),0.0,0.0
201300013093,18,1,2013,12,1,11,262,2,1,8,3,CONSTELLATIONS (AVENUE D,0.0,0.0
201300013094,3,4,2013,18,1,11,262,2,1,1,2,"35, DE GAULLE (BOULEVARD",0.0,0.0
201300013095,3,4,2013,21,5,11,262,2,2,1,3,"1, HERS (RUE DE L')",0.0,0.0
201300013096,23,1,2013,15,1,11,262,2,1,1,2,GAMBETTA (BOULEVARD),0.0,0.0
201300013097,21,4,2013,19,1,11,262,2,2,1,3,"1, POMPIDOR (AVENUE)",0.0,0.0
201300013098,25,1,2013,7,1,11,262,2,1,1,6,FOCH (AVENUE MARECHAL),0.0,0.0
201300013099,25,1,2013,20,5,11,262,2,1,1,7,RD 6113 NARBONNE - CARCA,0.0,0.0
201300013100,26,4,2013,14,1,11,262,2,3,1,2,ARMISSAN ROUTE D'),0.0,0.0
201300013101,4,5,2013,16,1,11,262,2,3,1,2,"45, SERMET (AVENUE ELIE)",0.0,0.0
201300013102,18,4,2013,11,1,11,262,2,1,1,6,ZOLA (RUE EMILE),0.0,0.0
201300013103,8,5,2013,20,2,11,262,2,1,1,3,RD 6009 NARBONNE - PERPI,0.0,0.0
201300013104,11,5,2013,14,1,11,262,2,1,6,6,"0, RATACAS (ZI)",43.17122,2.98108
201300013105,8,5,2013,18,1,11,262,2,6,2,6,MILLIAIRE (ROND POINT),0.0,0.0
201300013106,16,5,2013,14,1,11,262,2,2,1,3,ROUZAUD (RUE HENRI),0.0,0.0
201300013107,17,5,2013,16,1,11,262,2,1,1,6,"10, CATALANS (RUE DE L'A",0.0,0.0
201300013108,23,5,2013,15,1,11,262,2,1,1,3,CROIX SUD (AVENUE DE),0.0,0.0
201300013109,31,1,2013,10,1,11,262,2,1,1,2,ESPAGNE (AVENUE D'),0.0,0.0
201300013110,29,5,2013,23,5,11,262,2,2,1,6,PYRENEES (PLACE ET AVENU,0.0,0.0
201300013111,2,2,2013,1,5,11,262,2,1,1,6,GAMBETTA (BOULEVARD),0.0,0.0
201300013112,3,2,2013,10,1,11,262,2,1,1,6,ARMISSAN ROUTE D'),0.0,0.0
201300013113,12,6,2013,11,1,11,262,2,1,1,6,"14, DE GAULLE (BOULEVARD",0.0,0.0
201300013114,5,2,2013,18,2,11,262,2,1,1,1,MONTESQUIEU (AVENUE),0.0,0.0
201300013115,21,6,2013,8,1,11,262,2,1,1,6,CONDORCET (BOULEVARD),0.0,0.0
201300013116,7,2,2013,19,5,11,262,2,1,1,2,BORDEAUX (AVENUE DE),0.0,0.0
201300013117,27,6,2013,14,1,11,262,2,1,1,3,LACROIX (BOULEVARD DU DO,0.0,0.0
201300013118,11,2,2013,16,1,11,262,2,1,1,6,LONDRES (RUE DE),0.0,0.0
201300013119,20,7,2013,14,1,11,262,2,2,1,3,", POMPIDOR (AVENUE)",0.0,0.0
201300013120,14,2,2013,13,1,11,262,2,1,1,6,CREISSEL (BOULEVARD DE),0.0,0.0
201300013121,19,2,2013,8,1,11,262,2,1,8,2,RD 6009 NARBONNE - PERPI,0.0,0.0
201300013122,19,8,2013,20,1,11,262,2,3,1,3,"1, ALDY (RUE FELIX)",0.0,0.0
201300013123,20,8,2013,5,5,11,262,2,3,1,3,KENNEDY (AVENUE DU PRESI,0.0,0.0
201300013124,20,2,2013,13,1,11,262,2,1,1,3,"1, ELYSIQUES (VOIES DES)",0.0,0.0
201300013125,27,8,2013,9,1,11,262,2,1,1,3,"29, HUGO (QUAI ET PASSER",0.0,0.0
201300013126,31,8,2013,6,2,11,262,2,1,1,6,AUGE (BOULEVARD DR LEON),0.0,0.0
201300013127,4,9,2013,10,1,11,262,2,6,1,3,GRUISSAN (ROUTE DE),0.0,0.0
201300013128,25,2,2013,18,2,11,262,2,3,1,6,CONDORCET (BOULEVARD),0.0,0.0
201300013129,10,9,2013,12,1,11,262,2,1,1,6,PECLET (RUE),0.0,0.0
201300013130,14,9,2013,22,5,11,262,2,1,1,3,CARNOT (AVENUE),0.0,0.0
201300013131,17,9,2013,8,1,11,262,2,1,1,4,AUGE (BOULEVARD DU DR LE,0.0,0.0
201300013132,8,8,2013,11,1,11,262,2,2,1,3,1848 (BOULEVARD)/MALTE B,0.0,0.0
201300013133,24,9,2013,18,1,11,262,2,1,1,3,MONTEL (RUE EUGENE),0.0,0.0
201300013134,26,9,2013,11,1,11,262,2,1,1,7,"6, MONNAIE (RUE DE LA)",0.0,0.0
201300013135,25,9,2013,13,1,11,262,2,3,1,3,"1, AURIOL (RUE JACQUELIN",0.0,0.0
201300013136,4,3,2013,8,1,11,262,2,1,1,2,PYRENEES (PLACE ET AVENU,0.0,0.0
201300013137,8,10,2013,8,1,11,262,2,3,1,3,FRANCE (AVENUE ANATOLE),0.0,0.0
201300013138,8,10,2013,18,1,11,262,2,1,1,2,TOULOUSE (AVENUE DE),0.0,0.0
201300013139,10,10,2013,12,1,11,262,2,2,1,1,FRANCE (AVENUE ANATOLE),0.0,0.0
201300013140,11,10,2013,17,1,11,262,2,1,1,3,RD 6009 NARBONNE - PERPI,0.0,0.0
201300013141,16,10,2013,12,1,11,262,2,1,1,6,FRANCE (AVENUE ANATOLE),0.0,0.0
201300013142,20,10,2013,19,1,11,262,2,1,1,1,"0, LECLERC (AVENUE DU GE",0.0,0.0
201300013143,24,10,2013,13,1,11,262,2,1,1,6,"0, MISTRAL (BOULEVARD FR",0.0,0.0
201300013144,7,3,2013,21,5,11,262,2,2,1,3,CHANZY (RUE),0.0,0.0