Num_Acc,jour,mois,an,hr,condition_eclairage,departement,commune,condition_agglomeration,intersection,condition_atmosphere,type_collision,adresse,lattitude,longitude
201300013145,28,10,2013,17,1,11,262,2,1,1,3,"1, LACROIX (BOULEVARD DU",0.0,0.0
201300013146,2,11,2013,15,1,11,262,2,1,1,6,"1, VILLE (PLACE DE L'HOT",0.0,0.0
201300013147,1,11,2013,13,1,11,262,2,1,1,6,LACROIX (BOULEVARD DU DO,0.0,0.0
201300013148,11,3,2013,13,1,11,262,2,1,1,2,LECLERC (AVENUE DU GENER,0.0,0.0
201300013149,14,11,2013,12,1,11,262,2,3,1,3,"0, LECLERC (AVENUE DU GE",0.0,0.0
201300013150,12,11,2013,16,1,11,262,2,1,1,6,JUIN (AVENUE MAREHAL),0.0,0.0
201300013151,5,8,2013,8,1,11,262,2,1,1,7,BEZIERS (ROUTE DE),0.0,0.0
201300013152,8,11,2013,18,5,11,262,2,1,1,6,TOULOUSE (AVENUE DE),0.0,0.0
201300013153,22,11,2013,3,5,11,262,2,6,2,6,CARNOT (AVENUE),43.19357,3.00937
201300013154,21,11,2013,13,1,11,262,2,1,1,6,"1, QUERMEL (RUE MARIUS)",0.0,0.0
201300013155,21,11,2013,8,1,11,262,2,1,1,7,RD 6009 NARBONNE - PERPI,0.0,0.0
201300013156,20,11,2013,8,1,11,262,2,1,8,3,COUBERTIN (AVENUE PIERRE,0.0,0.0
201300013157,12,12,2013,11,1,11,262,1,1,1,6,RD 6009 NARBONNE - PERPI,0.0,0.0
201300013158,19,3,2013,8,1,11,262,2,1,1,7,MICHELET (RUE),0.0,0.0
201300013159,19,3,2013,19,2,11,262,2,1,1,2,REVEILLON (Avenue de),0.0,0.0
201300013160,26,3,2013,17,1,11,262,2,1,1,6,MOULINS (RUE ET PASSAGE,0.0,0.0
201300013161,7,4,2013,21,5,11,262,2,2,1,3,COLONNES (RUE DES),0.0,0.0
201300013162,8,4,2013,10,1,11,262,2,1,1,4,SEMBAT (BOULEVARD MARCEL,0.0,0.0
201300013163,8,4,2013,17,1,11,262,2,2,1,3,POMPIDOR (AVENUE),0.0,0.0
201300013164,26,4,2013,15,1,11,262,2,1,1,6,ESPAGNE (AVENUE D'),0.0,0.0
201300013165,30,4,2013,13,1,11,262,2,1,2,7,AUGE (BOULEVARD DR LEON),0.0,0.0
201300013166,9,5,2013,10,1,11,262,2,1,1,6,PONS (RUE JEAN),0.0,0.0
201300013167,10,5,2013,15,1,11,262,2,1,1,7,MALACHITE (RUE DE LA),0.0,0.0
201300013168,14,5,2013,11,1,11,262,1,1,1,3,RD 6009 NARBONNE - BEZIE,0.0,0.0
201300013169,17,5,2013,17,1,11,262,2,1,1,6,FRANCE (AVENUE ANATOLE),0.0,0.0
201300013170,22,5,2013,11,1,11,262,2,1,1,3,BERLIET (RUE MARIUS),0.0,0.0
201300013171,27,5,2013,9,1,11,262,2,1,1,7,VIDAL (RUE PAUL),0.0,0.0
201300013172,28,5,2013,7,1,11,262,2,2,2,3,"30, TOULOUSE (AVENUE DE)",0.0,0.0
201300013173,28,5,2013,11,1,11,262,2,1,8,4,ESPAGNE (AVENUE D'),0.0,0.0
201300013174,29,5,2013,14,1,11,262,2,1,8,6,DE GAULLE (BOULEVARD DU,0.0,0.0
201300013175,4,6,2013,17,1,11,262,2,1,1,7,MONTEL (RUE EUGENE),0.0,0.0
201300013176,5,6,2013,15,1,11,262,2,6,1,7,MILLIAIRE (ROND POINT),0.0,0.0
201300013177,6,6,2013,6,2,11,262,2,1,1,3,FRANCE (AVENUE ANATOLE),0.0,0.0
201300013178,16,6,2013,16,1,11,262,2,1,1,6,1848 (BOULEVARD),0.0,0.0
201300013179,18,6,2013,11,1,11,262,2,1,1,6,FERROUL (BOULEVARD  DOCT,0.0,0.0
201300013180,21,6,2013,13,1,11,262,1,3,1,3,BORDEAUX (AVENUE DE),0.0,0.0
201300013181,30,6,2013,19,1,11,262,2,2,1,3,MAINE (RUE DU),0.0,0.0
201300013182,1,7,2013,18,1,11,262,1,1,1,2,RD 6009 NARBONNE - PERPI,0.0,0.0
201300013183,2,7,2013,13,1,11,262,2,3,1,3,LECLERC (AVENUE DU GENER,0.0,0.0
201300013184,3,7,2013,14,1,11,262,2,1,1,2,MISTRAL (BOULEVARD FREDE,0.0,0.0
201300013185,4,7,2013,12,1,11,262,2,1,1,6,ALSACE (QUAI),0.0,0.0
201300013186,5,7,2013,14,1,11,262,2,3,1,3,"1, MARCERO (RUE FRANCIS)",0.0,0.0
201300013187,6,7,2013,1,5,11,262,2,3,1,3,JACQUARD (RUE),0.0,0.0
201300013188,7,7,2013,10,1,11,262,2,1,1,3,"171, BORDEAUX (AVENUE DE",0.0,0.0
201300013189,10,7,2013,19,1,11,262,2,1,1,2,HUBERT MOULY (AVENUE),0.0,0.0
201300013190,12,7,2013,19,1,11,262,2,1,1,2,BORDEAUX (AVENUE DE),0.0,0.0
201300013191,13,7,2013,7,1,11,262,2,3,1,3,FRANCE (AVENUE ANATOLE),0.0,0.0
201300013192,21,7,2013,13,1,11,262,1,1,1,3,RD 6009 NARBONNE - BEZIE,0.0,0.0
201300013193,22,7,2013,19,1,11,262,2,1,1,2,LECLERC (AVENUE DU GENER,0.0,0.0
201300013194,26,7,2013,12,1,11,262,2,1,1,2,"25, LORRAINE (QUAI DE)",0.0,0.0
201300013195,29,7,2013,6,2,11,262,2,1,2,1,RATACAS (ZI),0.0,0.0
201300013196,9,8,2013,13,1,11,262,2,1,1,4,"1, RD 6009 NARBONNE - PE",0.0,0.0
201300013197,17,8,2013,10,1,11,262,2,1,3,7,MARS (AVENUE DU CHAMP DE,0.0,0.0
201300013198,17,8,2013,11,1,11,262,2,1,3,6,", DOUANE (RUE DE LA)",0.0,0.0
201300013199,21,8,2013,13,1,11,262,2,1,1,1,"0, VIDAL (RUE PAUL)",0.0,0.0
201300013200,20,8,2013,19,1,11,262,2,1,1,2,MALARD (BOULEVARD DE),0.0,0.0
201300013201,1,9,2013,18,1,11,262,2,1,1,6,"0, MISTRAL (BOULEVARD FR",0.0,0.0
201300013202,2,9,2013,17,1,11,262,2,2,1,2,COURRIER (IMPASSE DE L'A,0.0,0.0
201300013203,7,9,2013,12,1,11,262,2,1,1,2,MISTRAL (BOULEVARD FREDE,0.0,0.0
201300013204,10,9,2013,12,1,11,262,2,1,1,5,"0, MISTRAL (BOULEVARD FR",0.0,0.0
201300013205,13,9,2013,18,1,11,262,2,1,1,2,LECLERC (AVENUE DU GENER,0.0,0.0
201300013206,14,9,2013,15,1,11,262,2,1,1,4,SEMBAT (BOULEVARD MARCEL,0.0,0.0
201300013207,5,10,2013,16,1,11,262,2,1,1,3,"0, RD 6009 NARBONNE - BE",0.0,0.0
201300013208,9,10,2013,8,1,11,262,2,1,1,3,SEMARD (AVENUE PIERRE),0.0,0.0
201300013209,12,10,2013,9,1,11,262,2,1,1,2,ESPAGNE (AVENUE D'),0.0,0.0
201300013210,14,10,2013,9,1,11,262,2,1,1,2,"0, ELYSIQUES (VOIES DES)",0.0,0.0
201300013211,16,10,2013,14,1,11,262,2,1,1,7,CARNOT (AVENUE),0.0,0.0
201300013212,21,10,2013,9,1,11,262,2,1,1,6,"0, JOFFRE (BOULEVARD MAR",0.0,0.0
201300013213,30,10,2013,13,1,11,262,2,1,1,3,"2, LECLERC (AVENUE DU GE",0.0,0.0
201300013214,31,10,2013,18,2,11,262,2,1,1,2,LECLERC (AVENUE DU GENER,0.0,0.0
201300013215,6,11,2013,11,1,11,262,2,1,1,6,"0, CONDORCET (BOULEVARD)",0.0,0.0
201300013216,15,11,2013,16,1,11,262,2,3,1,3,"0, ELYSIQUES (VOIES DES)",0.0,0.0
201300013217,18,11,2013,19,5,11,262,2,3,2,3,"0, ESCOUTE (QUAI DE L')",0.0,0.0
201300013218,19,11,2013,18,5,11,262,2,1,1,2,MISTRAL (BOULEVARD FREDE,0.0,0.0
201300013219,25,11,2013,14,1,11,262,2,1,1,6,"0, 1848 (BOULEVARD)",0.0,0.0
201300013220,2,12,2013,18,5,11,262,2,1,1,6,FERROUL (BOULEVARD DU DO,43.18089,3.00482
201300013221,6,12,2013,16,1,11,262,2,1,1,3,VALLIERE (QUAI),0.0,0.0
201300013222,9,12,2013,8,1,11,262,2,1,1,3,"0, LORRAINE (QUAI DE)",43.18756,2.99666
201300013223,10,12,2013,7,1,11,262,2,1,5,7,BALISTE (BOULEVARD DE),43.19266,3.02718
201300013224,10,12,2013,8,1,11,262,2,1,1,2,"0, BORDEAUX (AVENUE DE)",0.0,0.0
201300013225,10,12,2013,14,1,11,262,1,1,1,3,SOURCE (AVENUE DE ST JEA,43.18748,2.98074
201300013226,14,12,2013,18,2,11,262,2,1,1,6,FERROUL (BOULEVARD  DOCT,43.18081,3.0048
201300013227,15,12,2013,5,5,11,262,2,2,1,3,CASTAN (RUE SIMON),43.18712,2.99413
201300013228,15,12,2013,12,1,11,262,2,2,1,3,MAZAGRAN (RUE DE),43.17917,2.99686
201300013229,30,12,2013,11,1,11,262,2,1,1,3,"0, RD 6009 NARBONNE - PE",0.0,0.0
201300013230,23,2,2013,5,3,95,504,1,1,1,3,A 16,49.1079,2.2572
201300013231,28,7,2013,7,1,60,453,1,1,1,6,,0.0,0.0
201300013232,30,9,2013,11,1,60,30,1,1,1,6,,0.0,0.0
201300013233,9,11,2013,3,3,95,313,1,1,2,6,A16,49.1166,2.2529
201300013234,22,7,2013,9,1,13,50,2,1,1,1,,0.0,0.0
201300013235,23,12,2013,12,1,13,91,2,1,1,6,Ave Camille PELLETAN,0.0,0.0
201300013236,9,10,2013,19,2,85,223,1,1,1,7,,0.0,0.0
201300013237,28,12,2013,17,3,85,92,1,1,4,2,,0.0,0.0
201300013238,6,2,2013,14,1,31,395,1,1,4,6,,43.483,1.325
201300013239,23,2,2013,0,3,31,395,1,1,1,3,,43.495,1.344
201300013240,10,4,2013,14,1,31,349,1,1,1,5,,0.0,0.0
201300013241,1,10,2013,8,1,31,435,1,1,1,1,,0.0,0.0
201300013242,1,10,2013,20,5,31,188,2,1,1,7,route de bonrepos,43.54551,1.18853
201300013243,13,11,2013,10,1,31,499,1,1,1,3,,0.0,0.0
201300013244,14,12,2013,6,5,31,458,1,1,2,2,,0.0,0.0
201300013245,16,1,2013,9,1,76,489,1,1,1,6,,49.49099,0.29016
201300013246,6,3,2013,8,3,76,169,1,1,1,5,,49.49017,0.42531
201300013247,25,5,2013,12,1,76,305,1,1,1,6,,49.49499,0.24959
201300013248,18,6,2013,13,1,76,657,1,1,1,2,,49.49072,0.38734
201300013249,6,7,2013,7,1,76,489,1,1,1,2,,49.45688,0.27259
201300013250,5,11,2013,7,2,76,305,1,1,1,7,,49.49792,0.22513
201300013251,10,11,2013,10,1,76,305,1,1,1,7,,49.4979,0.22518
201300013252,25,7,2013,18,1,31,324,1,1,1,6,,43.20818,1.02538
201300013253,12,10,2013,19,2,31,503,1,1,1,3,,0.0,0.0
201300013254,5,4,2013,9,1,74,278,2,1,1,6,,0.0,0.0
201300013255,9,6,2013,19,1,74,311,1,1,1,7,ROUTE DU FER A CHEVAL,0.0,0.0
201300013256,17,10,2013,16,1,74,311,1,1,1,2,,0.0,0.0
201300013257,20,10,2013,11,1,74,209,1,1,3,6,ROUTE DE FINDROL,0.0,0.0
201300013258,24,3,2013,11,1,80,159,1,1,1,6,,0.0,0.0
201300013259,23,3,2013,22,3,80,157,1,1,1,7,,0.0,0.0
201300013260,14,4,2013,16,1,80,24,1,1,1,6,,0.0,0.0
201300013261,25,7,2013,16,1,80,100,1,1,1,6,,0.0,0.0
201300013262,10,9,2013,22,3,80,160,1,1,8,6,,0.0,0.0
201300013263,28,9,2013,13,1,80,58,1,1,1,6,,0.0,0.0
201300013264,2,12,2013,16,1,80,702,1,1,1,7,,0.0,0.0
201300013265,16,12,2013,7,3,80,160,1,1,1,1,,0.0,0.0
201300013266,26,1,2013,8,1,80,9,1,1,9,6,,0.0,0.0
201300013267,31,3,2013,9,1,80,344,1,1,1,6,,0.0,0.0
201300013268,10,5,2013,21,3,80,296,1,1,1,6,,0.0,0.0
201300013269,6,7,2013,1,3,80,779,1,1,5,3,,0.0,0.0
201300013270,16,3,2013,11,1,73,278,1,1,1,6,,45.39597,6.27371
201300013271,19,4,2013,6,2,39,159,1,1,1,2,,0.0,0.0
201300013272,1,6,2013,18,1,71,300,1,1,1,2,,0.0,0.0
201300013273,3,9,2013,0,3,39,159,1,1,1,2,,0.0,0.0
201300013274,7,9,2013,17,1,39,507,1,1,2,6,,0.0,0.0
201300013275,22,2,2013,15,1,12,89,2,3,1,3,"16, DECAZES (PLACE)",0.0,0.0
201300013276,26,2,2013,14,1,12,13,2,1,1,7,"21, LYCEE (AVENUE)",44.5298,3.45699
201300013277,6,4,2013,14,1,12,83,2,3,8,3,"49, GUESDE JULES",0.0,0.0
201300013278,30,8,2013,17,1,12,305,1,3,1,3,SAINT EXUPERY,44.543,0.0
201300013279,23,9,2013,18,2,12,89,2,9,7,6,"0, BLUM LEON (AVENUE)",44.56266,0.0
201300013280,26,9,2013,11,1,12,89,2,1,1,3,"13, DOULS CAMILLE",0.0,0.0
201300013281,22,10,2013,15,1,12,83,2,3,1,1,19 MARS 1962 (DU),0.0,0.0
201300013282,9,11,2013,16,1,12,100,2,1,2,1,"43, MOULIN (RUE JEAN)",0.0,0.0
201300013283,28,11,2013,8,1,12,89,2,3,1,3,"5 BIS, LAROMIGUIERE",44.56388,0.0
201300013284,3,12,2013,10,1,12,89,2,1,8,6,"00, 4 SEPTEMBRE (Place)",0.0,0.0
201300013285,15,12,2013,11,1,12,28,1,1,9,7,RD 42,0.0,0.0
201300013286,25,12,2013,17,5,12,13,2,1,1,6,"28, LYCEE (AVENUE)",0.0,0.0
201300013287,12,1,2013,19,5,12,145,2,1,1,6,"4, CAPELLE",0.0,0.0
201300013288,2,3,2013,23,5,12,145,2,6,1,3,MARTYRS DE LA RESISTANCE,0.0,0.0
201300013289,18,3,2013,16,1,12,145,2,1,2,3,"38, AYROLLE (BOULEVARD D",0.0,0.0
201300013290,18,3,2013,18,2,12,145,2,1,2,2,"66, JAURES JEAN (AVENUE)",0.0,0.0
201300013291,25,4,2013,15,1,12,145,2,1,1,7,"1, VERDUN (AVENUE DE)",0.0,0.0
201300013292,2,5,2013,18,1,12,145,1,1,1,6,EUROPE (AVENUE DE L'),0.0,0.0
201300013293,4,6,2013,18,1,12,145,2,1,1,3,CALES (ROND POINT DE),0.0,0.0
201300013294,12,7,2013,18,1,12,145,1,1,1,6,LARZAC (BOULEVARD DU),0.0,0.0
201300013295,4,8,2013,18,1,12,145,1,1,1,1,D911,44.13416,3.45699
201300013296,11,12,2013,16,1,12,145,2,1,1,6,"23, AYROLLE (BOULEVARD D",0.0,0.0
201300013297,21,1,2013,15,1,12,174,1,3,4,1,MOULINE (AVENUE DES HAUT,0.0,0.0
201300013298,31,1,2013,18,5,12,202,2,1,1,6,PAUL RAMADIER (BOULEVARD,0.0,0.0
201300013299,13,2,2013,19,5,12,202,2,1,1,4,"0, ESTOURMEL (BOULEVARD",0.0,0.0
201300013300,16,2,2013,11,1,12,176,1,1,1,7,RN 88,0.0,0.0
201300013301,16,2,2013,15,1,12,202,2,1,1,2,DECAZEVILLE (AVENUE DE),0.0,0.0
201300013302,10,3,2013,17,1,12,202,1,1,7,7,RIGNAC (ROUTE DE),0.0,0.0
201300013303,13,3,2013,12,1,12,176,2,2,4,2,CYGNES (AVENUE DES),0.0,0.0
201300013304,24,3,2013,6,5,12,202,2,1,2,6,VICTOR HUGO (AVENUE),0.0,0.0
201300013305,30,3,2013,2,5,12,202,2,1,3,7,"39, VABRE (AVENUE DE)",0.0,0.0
201300013306,30,3,2013,21,5,12,176,2,1,2,3,ESPALION (ROUTE D'),0.0,0.0
201300013307,7,4,2013,17,1,12,146,2,1,1,7,"36, MILLAU (AVENUE DE)",0.0,0.0
201300013308,8,4,2013,17,1,12,174,2,1,1,3,"0, RN88 (Rocade)",0.0,0.0
201300013309,16,4,2013,19,1,12,202,1,1,1,6,VOIE COMMUNALE N?2,0.0,0.0
201300013310,1,5,2013,15,1,12,176,2,1,1,6,"3, ROSIERS (AVENUE DES)",0.0,0.0
201300013311,7,5,2013,18,1,12,176,1,1,1,6,"0, Route du Chateau",0.0,0.0
201300013312,15,5,2013,15,1,12,176,1,1,3,2,RN 88,0.0,0.0
201300013313,21,5,2013,14,1,12,202,2,1,1,1,"0, SAINT PIERRE (ROUTE D",0.0,0.0
201300013314,25,5,2013,11,1,12,176,2,1,2,4,RN 88,0.0,0.0
201300013315,30,5,2013,8,1,12,146,2,1,2,2,"0, MILLAU (AVENUE DE)",0.0,0.0
201300013316,31,5,2013,22,5,12,176,2,2,2,1,ESPALION (ROUTE D'),0.0,0.0
201300013317,4,6,2013,16,1,12,202,2,1,1,6,RN88 (Rocade),0.0,0.0
201300013318,10,6,2013,17,1,12,202,2,9,1,1,MOYRAZES (ROUTE DE),0.0,0.0
201300013319,18,6,2013,12,1,12,202,2,1,1,6,"3, BETEILLE (RUE)",0.0,0.0
201300013320,27,6,2013,17,1,12,176,2,1,1,2,SAINT MAYME (ROUTE DE),0.0,0.0
201300013321,28,6,2013,19,1,12,176,2,1,8,1,FAUVETTES (RUE DES),0.0,0.0
201300013322,2,7,2013,14,1,12,202,2,1,1,6,122IEME R.I. (BOULEVARD,0.0,0.0
201300013323,6,7,2013,20,2,12,146,1,1,1,7,FLAVIN (ROUTE DE),0.0,0.0
201300013324,11,7,2013,15,1,12,202,2,1,1,7,"14, MONTPELLIER (AVENUE",0.0,0.0
201300013325,17,7,2013,18,1,12,202,2,1,1,1,GASCARIE (COTE DE LA),0.0,0.0
201300013326,24,7,2013,22,3,12,176,1,1,1,1,RD 840,0.0,0.0
201300013327,26,7,2013,10,1,12,202,2,6,1,6,SAINT ELOI (CARREFOUR DE,0.0,0.0
201300013328,28,7,2013,2,5,12,176,2,1,3,6,"33, ESPALION (ROUTE D')",0.0,0.0
201300013329,29,7,2013,9,1,12,202,2,4,1,6,VICTOR HUGO (AVENUE),0.0,0.0
201300013330,29,7,2013,16,1,12,174,2,1,1,4,RN88 (Rocade),0.0,0.0
201300013331,30,7,2013,19,1,12,176,2,1,1,7,Rue de la Prade,0.0,0.0
201300013332,3,8,2013,19,1,12,176,2,9,1,1,ROQUES (ROUTE DE LA),0.0,0.0
201300013333,17,8,2013,7,2,12,176,1,1,2,1,LAISSAC (ROUTE DE),0.0,0.0
201300013334,21,8,2013,11,1,12,176,2,1,1,7,ESPALION (ROUTE D'),0.0,0.0
201300013335,4,9,2013,10,1,12,202,2,6,1,6,DURAND DEGROS (AVENUE),0.0,0.0
201300013336,19,9,2013,9,1,12,202,2,1,1,6,SAINT CLOUD (ECHANGEUR D,0.0,0.0
201300013337,20,9,2013,6,5,12,202,2,1,2,3,"12, GINESTE (AVENUE DE L",0.0,0.0
201300013338,20,9,2013,16,2,12,202,2,1,2,7,"12, FLAUGERGUES (BOULEVA",0.0,0.0
201300013339,3,10,2013,12,1,12,176,2,1,1,1,RD 840,0.0,0.0
201300013340,9,10,2013,1,5,12,202,1,1,1,3,RIGNAC (ROUTE DE),0.0,0.0
201300013341,28,10,2013,15,1,12,202,2,9,1,1,"5, JEAN MONNET (AVENUE)",0.0,0.0
201300013342,19,11,2013,9,1,12,202,2,1,2,6,VICTOR HUGO (AVENUE),0.0,0.0
201300013343,21,11,2013,13,1,12,176,1,1,1,2,ESPALION (ROUTE D'),0.0,0.0
201300013344,22,11,2013,14,1,12,202,1,2,4,5,CONQUES (ROUTE DE) -RD90,0.0,0.0
201300013345,26,11,2013,17,3,12,202,2,6,1,6,QUATRE SAISONS (CARREFOU,0.0,0.0
201300013346,10,12,2013,18,5,12,176,1,2,1,1,VABRE (AVENUE DE),0.0,0.0
201300013347,12,12,2013,19,5,12,202,2,1,1,4,"04, FLAUGERGUES (BOULEVA",0.0,0.0
201300013348,20,12,2013,13,1,12,176,1,1,2,7,Route du Chateau,0.0,0.0
201300013349,20,12,2013,18,5,12,202,2,1,1,2,TARAYRE (AVENUE),0.0,0.0
201300013350,31,12,2013,9,1,12,176,2,1,1,6,ESPALION (ROUTE D'),0.0,0.0
201300013351,14,9,2013,5,5,46,118,1,1,8,2,,44.99303,1.52726
201300013352,29,4,2013,3,3,45,222,1,1,1,2,,48.13166,2.71755
201300013353,4,5,2013,16,1,45,115,1,1,1,6,,48.04644,3.06315
201300013354,29,6,2013,19,1,45,332,1,1,1,2,,47.89141,2.68362
201300013355,3,10,2013,18,1,45,60,1,1,1,6,,47.73064,2.73708
201300013356,8,2,2013,20,1,24,335,2,1,1,3,M?ZI?RES,44.8435,0.20479
201300013357,24,7,2013,16,1,24,63,1,1,1,7,MALLECOURSE,44.727,1.232
201300013358,9,8,2013,19,1,24,293,1,1,1,1,LE MOULIN DE FAUVEL,44.7919,1.00998
201300013359,10,1,2013,5,3,63,399,1,1,2,6,,0.0,0.0
201300013360,12,3,2013,15,1,19,275,1,1,1,7,,0.0,0.0
201300013361,25,8,2013,17,1,19,263,1,1,8,6,,45.701,2.064
201300013362,11,10,2013,15,1,63,399,1,1,4,6,,0.0,0.0
201300013363,14,1,2013,19,3,10,415,1,1,1,7,,0.0,0.0
201300013364,17,3,2013,19,2,10,329,1,1,1,2,,0.0,0.0
201300013365,19,3,2013,16,1,10,142,1,1,3,3,,0.0,0.0
201300013366,13,5,2013,15,1,10,415,1,9,1,2,,0.0,0.0
201300013367,20,5,2013,21,2,10,84,1,1,2,6,,0.0,0.0
201300013368,20,5,2013,15,1,10,256,1,1,3,6,,0.0,0.0
201300013369,12,5,2013,11,1,10,426,1,1,1,2,,0.0,0.0
201300013370,20,7,2013,19,1,10,130,1,1,1,6,,0.0,0.0
201300013371,26,8,2013,5,3,10,48,1,1,2,2,,0.0,0.0
201300013372,7,9,2013,6,2,10,115,1,1,2,1,,0.0,0.0
201300013373,7,9,2013,14,1,10,76,1,1,8,6,,0.0,0.0
201300013374,25,9,2013,11,1,10,260,1,1,1,6,,0.0,0.0
201300013375,6,10,2013,8,1,10,216,1,1,1,6,,0.0,0.0
201300013376,17,10,2013,19,2,10,363,1,9,1,2,,0.0,0.0
201300013377,21,11,2013,12,1,10,260,1,1,1,2,,0.0,0.0
201300013378,3,1,2013,18,5,13,1,2,3,1,1,GALICE (RTE DE),0.0,0.0
201300013379,6,1,2013,18,3,13,1,1,1,1,3,RN 296,0.0,0.0
201300013380,16,1,2013,16,1,13,1,2,1,1,6,CIBLE (AV DE LA),43.51402,5.46138
201300013381,9,1,2013,18,3,13,1,1,9,1,6,MINIMES (COURS DES),43.52878,5.4367
201300013382,26,1,2013,5,3,13,1,1,1,1,6,RD 7,0.0,0.0
201300013383,24,1,2013,12,1,13,1,2,1,1,2,"35, MOLLE (RUE DE LA)",43.53059,5.43899
201300013384,4,2,2013,13,1,13,1,2,1,1,3,"29, MALACRIDA HENRI (AV)",43.51513,5.46903
201300013385,6,2,2013,18,5,13,1,2,1,2,6,FOUR D'EYGLUN (AV DU),0.0,0.0
201300013386,9,2,2013,23,3,13,1,1,1,1,3,"1825, R.N 7",43.56033,5.41214
201300013387,25,2,2013,22,5,13,1,2,1,1,7,"34, BRIAND ARISTIDE (BD)",43.53262,5.44867
201300013388,24,2,2013,5,3,13,1,1,1,1,2,RD9,43.49656,5.37717
201300013389,25,2,2013,20,3,13,1,2,1,1,6,"/, SAPORTA GASTON DE (RU",0.0,0.0
201300013390,28,2,2013,22,5,13,1,2,6,1,3,"/, EUROPE (AV )",43.52378,5.43525
201300013391,5,3,2013,1,5,13,1,2,1,1,6,ST JOHN PERSE (AV),0.0,0.0
201300013392,7,3,2013,13,1,13,1,1,1,1,4,RD9,43.50616,5.40646
201300013393,13,3,2013,17,1,13,1,1,2,1,3,"1788, ROSE (CH DE LA)",43.55897,5.44275
201300013394,25,3,2013,7,1,13,1,2,1,1,2,"29, HUGO VICTOR (AV)",43.52366,5.44641
201300013395,26,3,2013,21,3,13,1,2,1,1,6,"0, MALACRIDA HENRI (AV)",0.0,0.0
201300013396,29,3,2013,13,1,13,1,2,2,1,3,GALICE*(ROUTE DE),43.52829,5.42928
201300013397,3,4,2013,21,5,13,1,2,3,1,3,"/, PIGONNET (AV DU)",43.51927,5.44252
201300013398,5,4,2013,3,5,13,1,2,1,1,2,"/, HANOI (RUE)",0.0,0.0
201300013399,7,4,2013,20,4,13,1,2,2,1,3,"/, ST EXUPERY (RUE)",43.51856,5.43317
201300013400,6,4,2013,2,5,13,1,2,3,1,7,LECLERC MARECHAL (BD ),43.52157,5.43515
201300013401,17,4,2013,11,1,13,1,2,1,1,6,"1, EUROPE (AV )",43.52346,5.43872
201300013402,14,4,2013,21,4,13,1,2,1,1,3,GALICE (RTE DE),0.0,0.0
201300013403,23,4,2013,15,1,13,1,2,1,1,4,"510, RD 7",43.55288,5.42347
201300013404,27,4,2013,3,5,13,1,2,1,2,6,"15, BELGES (AV DES)",43.52385,5.44274
201300013405,29,4,2013,15,1,13,1,1,1,1,6,ROGNES (RTE DE),0.0,0.0
201300013406,12,5,2013,0,5,13,1,2,3,1,2,"32, ROI RENE (BD DU)",43.5241,5.45122
201300013407,10,5,2013,12,1,13,1,2,1,1,3,"20, BROSSOLETTE PIERRE (",43.52295,5.44233
201300013408,16,5,2013,4,3,13,1,1,1,2,6,"/, ARBOIS (GARE TGV)",0.0,0.0
201300013409,15,4,2013,11,1,13,1,2,1,1,7,PERETTI GEORGES (ALLEE),43.54001,5.45422
201300013410,19,5,2013,8,1,13,1,1,1,9,2,"/, R.N 296",0.0,0.0
201300013411,23,5,2013,23,3,13,1,1,1,1,1,RD 7,0.0,0.0
201300013412,24,5,2013,19,1,13,1,2,3,1,3,LEDOUX CLAUDE NICOLAS (R,43.47279,5.39941
201300013413,23,5,2013,11,1,13,1,2,1,1,6,CHENIER ANDRE (RUE),0.0,0.0
201300013414,28,5,2013,19,2,13,1,2,3,3,6,MOLLE (RUE DE LA),43.53047,5.43836
201300013415,5,6,2013,10,1,13,1,2,1,1,6,"35, EUROPE (AV )",43.52434,5.4317
201300013416,7,6,2013,23,5,13,1,2,6,1,3,KENNEDY PRESIDENT (BD DU,43.51894,5.4328
201300013417,16,6,2013,3,5,13,1,2,1,1,2,RD9,0.0,0.0
201300013418,19,6,2013,12,1,13,1,1,2,1,3,SISTERON (RTE DE),43.571,5.4685
201300013419,22,6,2013,0,5,13,1,2,9,1,6,"36 bis, ST JEROME (AV)",43.51999,5.45597
201300013420,24,6,2013,16,1,13,1,2,1,1,3,"413, BERGER GASTON (AV)",43.51343,5.45133
201300013421,25,6,2013,11,1,13,1,2,3,1,3,DE LATTRE DE TASSIGNY (A,43.54126,5.43241
201300013422,28,6,2013,15,1,13,1,2,1,1,7,"1420, PETITE RTE DES MIL",43.51013,5.39251
201300013423,29,6,2013,0,2,13,1,2,1,9,7,"28, BRUNET (CH)",43.53763,5.43773
201300013424,5,7,2013,20,1,13,1,1,1,1,3,R.N 7,0.0,0.0
201300013425,28,6,2013,9,1,13,1,2,1,1,4,"/, GALICE (RTE DE)",0.0,0.0
201300013426,13,7,2013,11,1,13,1,2,1,1,7,"1, MONNET JEAN (AV)",43.5327,5.42743
201300013427,20,7,2013,18,1,13,1,2,1,1,6,PERETTI GEORGES (ALLEE),0.0,0.0
201300013428,23,7,2013,14,1,13,1,1,1,1,1,BERGER GASTON (AV),43.51362,5.44624
201300013429,27,7,2013,5,5,13,1,1,1,1,7,"2, R.N 7",43.57435,5.38899
201300013430,12,8,2013,9,1,13,1,1,3,1,3,R.N 7,0.0,0.0
201300013431,31,7,2013,20,1,13,1,2,6,1,3,"/, R.N 7",0.0,0.0
201300013432,20,8,2013,18,1,13,1,2,1,1,6,VAL ST ANDRE (AV DU),43.51772,5.46872
201300013433,22,8,2013,4,5,13,1,2,1,1,3,"00, MOURET HENRI (AV)",0.0,0.0
201300013434,23,8,2013,18,1,13,1,2,1,1,6,"23Bis, GALICE (RTE DE)",43.52827,5.43326