Num_Acc,jour,mois,an,hr,condition_eclairage,departement,commune,condition_agglomeration,intersection,condition_atmosphere,type_collision,adresse,lattitude,longitude
201300013435,26,8,2013,20,5,13,1,1,1,1,3,"00, MILLES (RTE DES)",0.0,0.0
201300013436,1,9,2013,3,3,13,1,2,9,1,6,"/, PREMIERE DIV FRANCAIS",43.52989,5.42837
201300013437,24,8,2013,19,1,13,1,1,2,1,3,DES*FIGONS (CH),43.53959,5.37832
201300013438,14,8,2013,12,1,13,1,2,2,1,1,"/, GALICE (RTE DE)",43.52872,5.42385
201300013439,18,8,2013,11,1,13,1,1,1,1,3,"/, PLATRIERES (CH DES)",0.0,0.0
201300013440,20,9,2013,17,1,13,1,1,1,1,6,CHATEAUX DU MONT ROBERT,43.49548,5.40117
201300013441,24,9,2013,7,1,13,1,2,1,1,3,"9, MALACRIDA HENRI (AV)",43.51724,5.46542
201300013442,19,9,2013,9,1,13,1,2,1,1,6,"10, MANUEL (RUE)",43.5286,5.45211
201300013443,23,9,2013,12,1,13,1,2,1,1,6,EUROPE (AV),43.52453,5.43109
201300013444,28,9,2013,13,1,13,1,1,1,1,3,"510, R.N 7",43.55288,5.42342
201300013445,1,10,2013,5,3,13,1,1,1,1,6,"296, CAMP DE MENTHE (AV",43.51162,5.4207
201300013446,28,9,2013,20,5,13,1,1,1,1,2,RD9,0.0,0.0
201300013447,28,9,2013,14,1,13,1,2,1,1,2,"590, JUVENAL MAX (AV)",43.52553,5.44274
201300013448,3,10,2013,23,5,13,1,2,1,1,2,"9, BELGES (AV DES)",43.52465,5.44368
201300013449,30,9,2013,9,1,13,1,1,1,1,4,R.N 296,0.0,0.0
201300013450,3,10,2013,14,1,13,1,2,1,1,7,ST JOHN PERSE (AV),0.0,0.0
201300013451,9,10,2013,6,5,13,1,2,2,1,6,DE GALICE (RTE),43.52861,5.42425
201300013452,25,9,2013,13,1,13,1,1,1,1,2,GARDANNE (ROUTE DE ),0.0,0.0
201300013453,9,10,2013,21,5,13,1,2,1,1,1,BROSSOLETTE PIERRE (AV),43.52023,5.44268
201300013454,17,10,2013,19,2,13,1,1,3,1,3,LEDOUX CL NICOLAS (RUE),43.47928,5.39382
201300013455,17,10,2013,9,1,13,1,2,1,1,2,"284, CLUB HIPPIQUE (AV)",43.51463,5.43297
201300013456,12,10,2013,10,1,13,1,2,1,1,1,"26, MOULIN JEAN  (AV)",43.53702,5.45737
201300013457,2,11,2013,9,1,13,1,2,3,1,6,PORTALIS (RUE),43.52928,5.45203
201300013458,4,11,2013,13,1,13,1,1,1,2,4,"2965, RD 7",43.56756,5.40018
201300013459,8,11,2013,18,3,13,1,1,1,1,1,"5720, RD 543",43.61293,5.3632
201300013460,29,10,2013,8,1,13,1,2,1,8,6,"33, BROSSOLETTE PIERRE (",43.51981,5.44273
201300013461,14,11,2013,15,1,13,1,2,1,6,3,"54, GAMBETTA (COURS)",43.5228,5.45618
201300013462,24,11,2013,13,1,13,1,2,1,1,3,JUIN MARECHAL (AV),0.0,0.0
201300013463,30,11,2013,21,3,13,1,1,1,1,6,"00, BELLEC MAURICE (RTE",0.0,0.0
201300013464,11,12,2013,10,1,13,1,2,3,1,3,"510, BROSSOLETTE PIERRE",43.51853,5.44289
201300013465,19,12,2013,20,3,13,1,1,1,3,6,RD9,0.0,0.0
201300013466,28,12,2013,0,5,13,1,2,3,1,6,MARSEILLE (ROUTE DE ),43.48456,5.41897
201300013467,31,12,2013,9,1,13,1,2,1,1,6,FOUR D'EYGLUN (AV DU),0.0,0.0
201300013468,9,1,2013,0,5,13,4,2,1,1,6,"37, HONGRIE AVENUE DE",43.69041,4.63359
201300013469,3,1,2013,20,5,13,4,2,1,1,6,STALINGRAD AVENUE DE,43.68231,4.63207
201300013470,18,1,2013,17,1,13,4,2,3,1,3,SADI CARNOT AVENUE,43.67429,4.62357
201300013471,27,1,2013,21,3,13,4,1,1,2,6,R.D 570N D'AVIGNON A LA,0.0,0.0
201300013472,2,2,2013,8,1,13,4,2,1,1,6,GAMBETTA RUE,43.67708,4.62471
201300013473,17,2,2013,17,1,13,4,1,1,1,3,R.N.N113 DU PETIT RHONE,43.67856,4.60921
201300013474,19,5,2013,15,1,13,4,1,1,1,6,"1, R.N.N453 DU BD CLEMEN",0.0,0.0
201300013475,1,6,2013,22,5,13,4,2,1,1,6,"67, EDOUARD HERRIOT AVEN",43.68734,4.61489
201300013476,7,6,2013,12,1,13,4,2,1,1,3,"35, R.N.N568 DE MARSEILL",0.0,0.0
201300013477,17,6,2013,16,1,13,4,2,1,1,6,ARCHES AVENUE DES,0.0,0.0
201300013478,24,6,2013,21,5,13,4,2,1,1,7,CHATEAUBRIAND RUE,0.0,0.0
201300013479,1,7,2013,14,1,13,4,1,1,1,6,FONTVIEILLE ROUTE DE,0.0,0.0
201300013480,13,7,2013,1,5,13,4,2,2,1,3,"2, LAFAYETTE AVENUE",43.67215,4.63302
201300013481,19,7,2013,12,1,13,4,1,1,1,4,R.N.N113 DU PETIT RHONE,0.0,0.0
201300013482,31,8,2013,14,1,13,4,2,3,1,6,"15, LAFAYETTE AVENUE",43.6717,4.63383
201300013483,6,9,2013,14,1,13,4,2,2,1,6,"0, MARECHAL JUIN AVENUE",43.66874,4.63447
201300013484,24,9,2013,18,1,13,4,2,1,1,6,SADI CARNOT AVENUE,0.0,0.0
201300013485,28,9,2013,23,5,13,4,2,2,1,3,GEORGES*CLEMENCEAU (BD),43.67497,4.62502
201300013486,29,9,2013,17,1,13,4,1,1,1,2,R.N.N113 DU PETIT RHONE,0.0,0.0
201300013487,29,9,2013,19,1,13,4,1,1,2,7,R.N.N113 DU PETIT RHONE,0.0,0.0
201300013488,14,11,2013,18,5,13,4,2,2,1,3,EMILE COMBES BOULEVARD,43.67813,4.63368
201300013489,1,11,2013,21,5,13,4,2,1,1,1,"24, NICOLAS COPERNIC RUE",43.7021,4.63411
201300013490,4,12,2013,10,1,13,4,2,2,1,6,MIREILLE RUE,43.67472,4.63862
201300013491,5,12,2013,9,1,13,4,2,2,1,3,LOUIS*VISSAC AV,43.66682,4.61902
201300013492,8,12,2013,20,3,13,4,2,1,1,5,R.D 570N D'AVIGNON A LA,0.0,0.0
201300013493,10,12,2013,18,5,13,4,2,1,1,6,VICTOR HUGO AVENUE,0.0,0.0
201300013494,12,12,2013,7,2,13,4,2,1,1,3,VICTOR HUGO AVENUE,0.0,0.0
201300013495,23,12,2013,17,3,13,4,2,1,1,6,V.C.N106 DITE DE SEVERIN,0.0,0.0
201300013496,23,12,2013,21,5,13,4,2,2,1,1,GAMBETTA RUE,43.67497,4.62502
201300013497,4,12,2013,6,5,13,5,2,1,1,3,RN 96 (ROUTE NATIONALE ),0.0,0.0
201300013498,8,1,2013,8,1,13,5,2,1,1,6,"0, AMITIE (AVENUE DE L')",43.28161,5.54821
201300013499,9,1,2013,12,1,13,5,2,1,1,7,RN 96 (ROUTE NATIONALE ),43.30726,5.57494
201300013500,10,1,2013,10,1,13,5,2,1,1,7,"99BIS, REPUBLIQUE (RUE D",43.28945,5.57242
201300013501,13,1,2013,12,1,13,5,1,1,2,1,"0, RD 43 C",43.3138,5.59366
201300013502,17,1,2013,19,5,13,5,2,9,9,3,"57, GOUMS (AVENUE DES)",43.29061,5.56019
201300013503,4,4,2013,21,5,13,5,2,1,2,3,"164, FLEURIDE (AVENUE DE",43.28345,5.60461
201300013504,23,1,2013,17,5,13,5,2,3,2,3,LAKANAL (BOULEVARD),43.28934,5.56841
201300013505,23,1,2013,19,5,13,5,2,6,2,1,AVELANEDE (CHEMIN DE L'),43.29797,5.59066
201300013506,24,1,2013,22,5,13,5,2,1,1,6,"8, COMBES (BOULEVARD EMI",43.28947,5.56765
201300013507,25,1,2013,9,1,13,5,2,1,1,6,BARTHELEMY (RUE DU DR),43.29584,5.56665
201300013508,28,1,2013,12,1,13,5,1,1,1,3,CANIERS (AVENUE DES),43.28878,5.59401
201300013509,29,1,2013,8,1,13,5,2,1,1,6,CD 2 (CAMP MAJOR),0.0,0.0
201300013510,7,2,2013,16,1,13,5,1,1,6,7,RD 43 C,43.31443,5.59383
201300013511,10,2,2013,14,1,13,70,2,3,4,3,VOLTAIRE (BOULEVARD),43.28263,5.53005
201300013512,10,2,2013,15,1,13,5,2,1,4,7,BEAUDINARD (CHEMIN DE ),43.31194,5.57998
201300013513,11,2,2013,17,1,13,5,1,1,8,1,"2085, EOURES (ROUTE D')",43.30714,5.5515
201300013514,14,2,2013,14,1,13,5,2,1,1,3,"17, RASTEGUE (COURS BART",43.29279,5.5683
201300013515,20,2,2013,10,1,13,5,2,1,1,6,"433, FLEURIDE (AVENUE DE",43.28429,5.60127
201300013516,16,2,2013,16,1,13,5,2,6,1,3,BAUMONE (AVENUE DE LA ),43.29806,5.59703
201300013517,25,2,2013,12,1,13,5,2,1,1,6,"22, NATIONALE 8 DE PARIS",43.28319,5.53317
201300013518,27,2,2013,8,1,13,5,2,1,7,5,AVELANEDE (CHEMIN DE L'),43.28769,5.58718
201300013519,26,2,2013,12,1,13,5,1,9,1,3,NATIONALE 8 DE PARIS A T,0.0,0.0
201300013520,4,3,2013,18,5,13,5,1,9,1,5,RN 396 (ROUTE NATIONALE),43.3087,5.60804
201300013521,8,3,2013,9,1,13,5,2,6,1,2,BLANCARD (PROMENADE PIER,43.29432,5.5585
201300013522,9,3,2013,15,1,13,5,2,1,1,2,"8, GOUMS (AVENUE DES)",43.2917,5.56131
201300013523,19,3,2013,7,1,13,5,2,1,1,2,"19, CREISSAUDS (CHEMIN D",43.28015,5.5387
201300013524,21,3,2013,14,1,13,70,2,1,1,3,"10, ROBION (CHEMIN NOEL)",43.28446,5.51647
201300013525,20,3,2013,12,1,13,5,2,1,2,2,"100, SAINT JOSEPH (CHEMI",43.29044,5.5824
201300013526,24,3,2013,17,1,13,5,2,6,2,5,SALENGRO (AVENUE ROGER),43.30335,5.57178
201300013527,27,3,2013,19,5,13,70,2,1,1,3,VOLTAIRE (BOULEVARD),43.2826,5.52989
201300013528,28,3,2013,14,1,13,5,2,2,3,3,RD 43 C,0.0,0.0
201300013529,2,4,2013,12,1,13,5,2,1,1,2,MERMOZ (RUE JEAN),43.28721,5.57935
201300013530,2,4,2013,16,1,13,5,2,1,1,3,VALLEE (CHEMIN DE LA),43.28463,5.5244
201300013531,5,4,2013,16,1,13,5,2,1,1,6,BARTHELEMY (RUE DU DR),43.29574,5.56629
201300013532,8,4,2013,17,1,13,5,2,1,1,7,"35, REPUBLIQUE (RUE DE L",43.29181,5.56915
201300013533,9,4,2013,16,1,13,211,1,1,1,2,VOLTAIRE (BOULEVARD),43.28314,5.50554
201300013534,9,4,2013,16,1,13,5,1,3,1,1,"27, DIRIGEABLE (AVENUE D",43.28334,5.60506
201300013535,9,4,2013,18,1,13,5,1,1,1,2,rond point de la bourbon,43.28392,5.59467
201300013536,11,4,2013,6,2,13,5,2,1,1,6,"538, PALUDS (AVENUE DES)",43.28843,5.60049
201300013537,11,4,2013,11,1,13,5,1,9,1,6,BONNES NOUVELLES (CH.DES,43.29235,5.59202
201300013538,14,4,2013,17,1,13,5,2,3,1,3,"33, VERDUN (AVENUE DE)",43.28786,5.57899
201300013539,15,4,2013,16,1,13,5,2,1,1,7,"112, CASSIS (CHEMIN DE )",43.27395,5.53224
201300013540,16,4,2013,17,1,13,5,2,1,1,3,CD 2 (CAMP MAJOR),43.28811,5.52302
201300013541,16,4,2013,19,1,13,5,1,1,1,4,CD 2 (CAMP MAJOR),43.29244,5.55585
201300013542,17,4,2013,8,1,13,5,2,3,1,3,ROUBINE (AVENUE DE LA),43.28637,5.59549
201300013543,25,4,2013,9,1,13,5,1,1,1,3,CD 2 (CAMP MAJOR),43.28808,5.52303
201300013544,30,4,2013,9,1,13,5,2,9,1,3,SALENGRO (AVENUE ROGER),43.30322,5.57173
201300013545,30,4,2013,10,1,13,5,2,1,1,3,AVELANEDE (CHEMIN DE L'),43.28648,5.5874
201300013546,2,5,2013,19,2,13,5,2,1,1,4,"250, RD 559 A (ROUTE DE",43.28602,5.58078
201300013547,7,5,2013,11,1,13,5,2,9,1,2,SAINT PIERRE (CHEMIN DE),0.0,0.0
201300013548,7,5,2013,19,1,13,5,2,1,1,3,RN 8,43.28479,5.59208
201300013549,10,5,2013,15,1,13,5,2,2,1,3,RN 8,43.28415,5.54418
201300013550,11,5,2013,14,1,13,5,1,1,1,6,EOURES (ROUTE D'),0.0,0.0
201300013551,12,5,2013,16,1,13,5,2,1,1,3,"25, SALENGRO (AVENUE ROG",43.30086,5.57001
201300013552,14,5,2013,14,1,13,70,2,1,1,2,ROBION (CHEMIN NOEL),43.28441,5.51746
201300013553,17,5,2013,11,1,13,5,2,1,9,3,"2, RASTEGUE (COURS BARTH",43.2927,5.56903
201300013554,20,5,2013,15,1,13,5,2,1,1,3,"42, SOLLANS (CHEMIN DES)",43.30583,5.57262
201300013555,21,5,2013,17,1,13,5,2,3,1,3,RN 396 (ROUTE NATIONALE),43.30871,5.60804
201300013556,23,5,2013,7,1,13,5,2,6,1,3,CEINTURE DE CAMPS MAJOR,43.29099,5.58646
201300013557,27,5,2013,8,1,13,5,1,3,1,3,"14, DOUARD (AVENUE DU)",43.28592,5.60171
201300013558,28,5,2013,17,1,13,5,2,1,2,6,BAUMONE (AVENUE DE LA ),43.29801,5.59706
201300013559,29,5,2013,18,1,13,5,2,1,1,2,"3551, EOURES (ROUTE D')",43.30585,5.53584
201300013560,31,5,2013,11,1,13,5,2,3,1,3,"77, REPUBLIQUE (RUE DE L",43.29087,5.5701
201300013561,3,6,2013,18,1,13,5,2,1,1,3,"1, CIOTAT (ROUTE DE LA R",43.2672,5.58791
201300013562,3,6,2013,12,1,13,5,2,6,1,6,"1, SALENGRO (AVENUE ROGE",43.29638,5.56864
201300013563,8,6,2013,10,1,13,5,2,1,1,2,"420, NATIONALE 8",43.28615,5.58752
201300013564,31,5,2013,18,1,13,70,2,1,1,3,"15, ANTONETTI (AVENUE)",43.28692,5.51459
201300013565,11,6,2013,23,5,13,5,2,1,1,1,"3675, EOURES (ROUTE D')",43.30533,5.53444
201300013566,14,6,2013,8,1,13,5,1,3,1,3,RD 43 C,0.0,0.0
201300013567,14,6,2013,11,1,13,5,2,3,1,3,"1, COMBES (BOULEVARD EMI",43.2893,5.56858
201300013568,15,6,2013,12,1,13,5,2,9,1,7,PLANQUE (CHEMIN DE LA),43.29468,5.57357
201300013569,16,6,2013,15,1,13,5,2,1,1,3,"55, VINGT ET UN AOUT 194",43.28927,5.56635
201300013570,19,6,2013,8,1,13,5,2,6,1,3,AVELANEDE (CHEMIN DE L'),43.29187,5.58798
201300013571,20,6,2013,10,1,13,70,2,1,1,3,"292, VOLTAIRE (BOULEVARD",43.28217,5.52684
201300013572,22,6,2013,17,1,13,5,2,1,1,6,SAINT PIERRE (CHEMIN DE),43.2997,5.59101
201300013573,22,6,2013,21,1,13,5,2,1,1,3,"6, FENESTRELLES (CHEMIN",43.28833,5.56672
201300013574,24,6,2013,12,1,13,5,2,1,1,3,"180, MERMOZ (RUE JEAN)",43.2866,5.57851
201300013575,24,6,2013,20,1,13,5,2,1,1,3,"6, SALENGRO (AVENUE ROGE",43.29606,5.56853
201300013576,4,3,2013,12,1,13,70,2,1,1,3,"170, VOLTAIRE (BOULEVARD",43.28119,5.51785
201300013577,7,3,2013,16,1,13,5,2,3,1,3,VALLEE (CHEMIN DE LA),43.28734,5.54504
201300013578,3,4,2013,7,1,13,70,2,3,1,3,ANTONETTI (AVENUE),43.28691,5.51788
201300013579,27,6,2013,16,1,13,5,2,1,1,2,"99, REPUBLIQUE (RUE DE L",43.28983,5.57174
201300013580,28,6,2013,14,1,13,70,2,1,1,1,"196, VOLTAIRE (BOULEVARD",43.28118,5.51879
201300013581,29,6,2013,11,1,13,5,2,1,1,3,PALUDS (Z.I. DES ),43.29616,5.59417
201300013582,26,4,2013,9,1,13,5,2,1,1,5,"1, CHATEAU (CHEMIN DU)",43.2935,5.56901
201300013583,30,6,2013,19,1,13,5,2,2,1,3,AVELANEDE (CHEMIN DE L'),43.28768,5.58719
201300013584,5,7,2013,10,1,13,5,1,1,1,6,RN 96 (ROUTE NATIONALE ),43.31997,5.58534
201300013585,6,7,2013,10,1,13,5,2,1,1,6,21 AOUT 1944 (AVENUE DU),43.28585,5.55581
201300013586,7,7,2013,12,1,13,5,2,1,1,1,"735, RN 96 (ROUTE NATION",43.31276,5.57804
201300013587,10,7,2013,16,1,13,70,2,1,1,2,"160, VOLTAIRE (BOULEVARD",43.28129,5.51724
201300013588,10,7,2013,17,1,13,5,1,3,1,3,THUILIERE (CHEMIN DE LA,0.0,0.0
201300013589,11,7,2013,18,1,13,5,1,1,1,7,CIOTAT (ROUTE DE LA RN55,43.27843,5.58997
201300013590,13,7,2013,13,1,13,5,1,1,1,7,RD 559 A (ROUTE DE LA BE,0.0,0.0
201300013591,16,7,2013,5,1,13,5,2,1,1,5,"1100, RN 96 (ROUTE NATIO",43.3161,5.58087
201300013592,11,7,2013,15,1,13,5,1,1,1,4,RD 43 C,43.31135,5.59304
201300013593,21,7,2013,18,1,13,5,1,1,1,3,"., RD 559 A (ROUTE DE LA",43.27361,5.59012
201300013594,24,7,2013,13,1,13,5,2,1,1,3,"0, FOCH (COURS MARECHAL)",43.29399,5.56717
201300013595,26,7,2013,20,1,13,5,2,1,1,2,"411, GARLABAN (AVENUE DU",43.31558,5.5616
201300013596,26,7,2013,21,5,13,5,2,1,1,1,"3, LAVANDE (BOULEVARD DE",43.27812,5.53882
201300013597,26,7,2013,16,1,13,5,2,1,1,6,VOLTAIRE (COURS),43.29522,5.56817
201300013598,31,7,2013,18,1,13,5,2,1,1,2,"1, FOCH (COURS MARECHAL)",43.29299,5.5676
201300013599,2,8,2013,12,1,13,5,1,1,1,2,"708, NATIONALE 8 DE PARI",43.28533,5.59069
201300013600,4,8,2013,14,1,13,5,2,1,1,7,"235, BLANCARD (PROMENADE",43.29538,5.56086
201300013601,5,8,2013,17,1,13,5,1,1,1,3,PALUDS (Z.I. DES ),43.29225,5.59095
201300013602,8,8,2013,12,1,13,5,1,1,1,1,"., CIOTAT (ROUTE DE LA R",43.2864,5.58022
201300013603,8,8,2013,13,1,13,70,2,1,1,6,"11, BEAUSOLEIL(AVENUE)",43.27777,5.51729
201300013604,8,8,2013,13,1,13,5,2,1,1,3,RASTEGUE (COURS BARTHELE,43.29265,5.56605
201300013605,13,8,2013,17,1,13,5,2,1,1,6,"86, REPUBLIQUE (RUE DE L",43.28993,5.57162
201300013606,14,8,2013,17,1,13,5,2,1,1,2,SALENGRO (AVENUE ROGER),43.30336,5.57162
201300013607,17,8,2013,10,1,13,5,1,1,1,7,CD 2 (CAMP MAJOR),43.293,5.56761
201300013608,19,8,2013,16,1,13,5,2,1,1,6,"140, GAUTHIERE (CHEMIN D",43.32236,5.59397
201300013609,20,8,2013,18,1,13,5,1,1,1,3,"1300, RD 43 C",0.0,0.0
201300013610,21,8,2013,18,1,13,5,2,1,1,3,BOYER (AVENUE ANTIDE),43.29442,5.56704
201300013611,23,8,2013,3,5,13,5,2,4,1,6,"64, RD 43 C",0.0,0.0
201300013612,24,8,2013,13,1,13,5,2,3,1,3,AVELANEDE *CH DE L'),43.28766,5.58721
201300013613,1,9,2013,4,5,13,5,2,1,1,6,RN 8,43.2834,5.53763
201300013614,2,9,2013,10,1,13,5,2,1,1,3,CD 2 (CAMP MAJOR),43.28731,5.53555
201300013615,3,9,2013,6,1,13,5,2,3,7,3,N 8 DE PARIS A TOULON,43.28633,5.58685
201300013616,3,9,2013,10,1,13,5,2,1,1,6,THUILIERE (CHEMIN DE LA,43.29591,5.54805
201300013617,5,9,2013,13,1,13,5,2,1,1,7,"250, 21 AOUT 1944 (AVENU",43.28824,5.5645
201300013618,10,9,2013,12,1,13,5,2,1,1,2,RN 96 (ROUTE NATIONALE ),43.31996,5.58532
201300013619,9,9,2013,16,1,13,5,1,1,1,2,"1, BAUMONE (AVENUE DE LA",43.29575,5.59504
201300013620,9,9,2013,18,1,13,5,2,1,1,2,CIOTAT (ROUTE DE LA RN55,43.28563,5.58129
201300013621,10,9,2013,18,1,13,5,1,1,1,7,"101, MARIN BLANC (AVENUE",43.28503,5.59553
201300013622,12,9,2013,11,1,13,5,2,1,1,5,"1290, RN 96 (ROUTE NATIO",43.31368,5.57851
201300013623,12,9,2013,16,1,13,5,2,1,1,6,PASSONS (CHEMIN DES ),43.2917,5.585
201300013624,13,9,2013,17,1,13,5,1,3,1,7,RN 396 (ROUTE NATIONALE),43.31255,5.60281
201300013625,14,9,2013,8,1,13,5,2,1,1,3,GEMENOS (ROUTE DE CD2),43.29736,5.58641
201300013626,16,9,2013,9,1,13,5,2,1,1,6,DELFIEU (AVENUE LOULOU),43.29258,5.5655
201300013627,18,9,2013,17,1,13,5,2,1,1,6,"2, GEMENOS (ROUTE DE CD2",43.29468,5.5738
201300013628,19,9,2013,8,1,13,70,2,1,1,6,"24, ROUSSEAU (BOULEVARD",43.27824,5.5184
201300013629,19,9,2013,13,1,13,5,2,1,1,3,"., RD 43 C",0.0,0.0
201300013630,20,9,2013,7,1,13,5,1,1,1,1,"0, GEMENOS (ROUTE DE CD2",43.29778,5.60584
201300013631,25,9,2013,11,1,13,5,2,1,1,2,CEINTURE DE CAMPS MAJOR,43.29753,5.5811
201300013632,17,9,2013,11,1,13,5,2,1,1,1,"581, BLANCARD (PROMENADE",43.29706,5.56591
201300013633,23,9,2013,14,1,13,5,2,1,1,4,SALENGRO (AVENUE ROGER),43.30372,5.57209
201300013634,23,9,2013,15,1,13,5,2,1,1,3,"1745, CD 2 (CAMP MAJOR)",43.29844,5.59329
201300013635,24,9,2013,18,1,13,5,1,2,1,3,RN 396 (ROUTE NATIONALE),0.0,0.0
201300013636,24,9,2013,19,2,13,5,2,1,1,3,"520, 21 AOUT 1944 (AVENU",43.28718,5.56146
201300013637,17,9,2013,12,1,13,5,1,9,1,2,RN 96 (ROUTE NATIONALE ),43.30385,5.57223
201300013638,27,9,2013,14,1,13,5,2,1,1,6,"8, FOCH (COURS MARECHAL)",43.29339,5.56781
201300013639,28,9,2013,20,5,13,5,2,3,1,3,"1, LAGUNAS (AVENUE SIMON",0.0,0.0
201300013640,30,9,2013,11,1,13,5,2,1,1,2,SOLLANS (CHEMIN DES),43.30549,5.57255
201300013641,5,10,2013,11,1,13,5,1,1,1,6,"1, RN 396 (ROUTE NATIONA",43.3262,5.59643
201300013642,7,10,2013,16,1,13,5,2,1,1,2,"., SALENGRO (AVENUE ROGE",43.30324,5.57171
201300013643,7,10,2013,17,1,13,5,2,2,1,3,FAIENCIERS (ALLEE DES),43.29543,5.5697
201300013644,8,10,2013,15,1,13,5,1,3,1,2,AVELANEDE (CHEMIN DE L'),0.0,0.0
201300013645,9,10,2013,10,1,13,5,2,1,1,3,CANIERS (AVENUE DES),43.28442,5.59423
201300013646,9,10,2013,14,1,13,5,1,1,1,7,"2085, EOURES (ROUTE D')",43.30718,5.55129
201300013647,10,10,2013,17,1,13,70,2,1,1,6,MANOUCHIAN (AVENUE),43.28138,5.50474
201300013648,10,10,2013,18,1,13,5,1,1,1,7,DOUARD (AVENUE DU),43.28611,5.59985
201300013649,9,10,2013,18,2,13,5,2,1,1,3,BON CIVET (CHEMIN DU),43.28459,5.554
201300013650,15,10,2013,6,5,13,5,2,6,1,3,NATIONALE 8 DE PARIS A T,43.28426,5.59366
201300013651,16,10,2013,16,1,13,5,2,1,1,1,AVELANEDE (CHEMIN DE L'),43.29614,5.59101
201300013652,17,10,2013,12,1,13,5,1,1,1,3,"614, PALUDS (AVENUE DES)",43.28888,5.59938
201300013653,31,10,2013,13,1,13,5,2,1,1,6,GARLABAN (AVENUE DU),43.30012,5.57195
201300013654,31,10,2013,14,1,13,5,2,1,1,3,"., BEAUDINARD (ROUTE DE)",43.31738,5.59308
201300013655,3,11,2013,21,5,13,5,2,6,1,3,"1, SALENGRO (AVENUE ROGE",43.29639,5.56864
201300013656,6,11,2013,11,1,13,5,2,1,1,3,"1380, GEMENOS (ROUTE DE",43.29776,5.58907
201300013657,12,11,2013,8,1,13,5,2,1,1,2,BON CIVET (CHEMIN DU),43.28512,5.55403
201300013658,8,11,2013,14,1,13,5,1,1,1,3,AVELANEDE (CHEMIN DE L'),43.29657,5.59023
201300013659,16,11,2013,19,5,13,5,2,1,1,4,"715/749, 21 AOUT 1944 (A",43.28629,5.55942
201300013660,18,11,2013,7,2,13,5,2,1,3,1,DIRIGEABLE (AVENUE DU),43.2834,5.60487
201300013661,19,11,2013,7,1,13,70,2,1,2,2,GARE (BOULEVARD DE LA),43.28495,5.51419
201300013662,22,11,2013,17,2,13,5,2,1,1,3,"171, BLANCARD (PROMENADE",43.2951,5.56017
201300013663,23,11,2013,12,1,13,5,2,1,1,2,"506, CANIERS (AVENUE DES",43.28883,5.59398
201300013664,25,11,2013,17,3,13,5,1,1,1,1,"852, FENESTRELLES (CHEMI",43.28667,5.56565
201300013665,15,11,2013,18,5,13,70,2,1,1,6,"10, ANTONETTI (AVENUE)",43.28695,5.51492
201300013666,27,11,2013,19,5,13,5,2,1,1,3,"613, GARLABAN (AVENUE DU",43.31698,5.56
201300013667,28,11,2013,12,1,13,5,2,1,1,6,"15, FOCH (COURS MARECHAL",43.29377,5.56725
201300013668,29,11,2013,16,1,13,5,2,1,1,6,MANOUCHIAN (AVENUE),43.28533,5.5486
201300013669,30,11,2013,17,5,13,5,2,6,2,3,RD 43 C,43.30039,5.59112
201300013670,3,12,2013,10,1,13,70,2,3,1,3,ROUSSEAU (BOULEVARD JEAN,43.27713,5.5216
201300013671,28,11,2013,11,1,13,5,1,1,1,7,"760, CIOTAT (ROUTE DE LA",43.28223,5.58373
201300013672,5,12,2013,19,5,13,5,2,1,1,2,AUMONE VIELLE (CHEMIN DE,43.28743,5.52991
201300013673,6,12,2013,8,1,13,5,2,1,1,6,"1, FALLEN (AVENUE)",43.29291,5.56597
201300013674,7,12,2013,14,1,13,5,2,1,1,3,VERDUN (AVENUE DE),43.2888,5.57324
201300013675,27,11,2013,17,5,13,5,1,9,1,3,"1, BONNES NOUVELLES (CH.",43.29157,5.59279
201300013676,10,12,2013,17,5,13,5,2,1,1,6,"21, VERDUN (AVENUE DE)",43.28797,5.57668
201300013677,14,12,2013,11,1,13,5,2,6,1,3,RN8,43.28431,5.59386
201300013678,18,12,2013,11,1,13,5,2,1,1,7,COURONNE DES PINS (AVENU,43.27525,5.55559
201300013679,20,12,2013,10,1,13,5,1,1,3,3,RN 396 (ROUTE NATIONALE),0.0,0.0
201300013680,20,12,2013,20,5,13,5,1,1,2,2,QUARTIER VAUX (CHEMIN DU,43.28439,5.57295
201300013681,24,12,2013,16,1,13,5,1,1,1,3,AVELANEDE (CHEMIN DE L'),43.29114,5.58746
201300013682,27,12,2013,15,1,13,5,2,3,1,3,"0, SAINT JOSEPH (CHEMIN",43.29091,5.58141
201300013683,15,12,2013,15,1,13,5,2,1,1,2,ESPILLIERES (CHEMIN DES),0.0,0.0
201300013684,21,12,2013,13,1,13,5,1,1,1,5,RN 396 (ROUTE NATIONALE),0.0,0.0
201300013685,30,12,2013,22,3,13,5,1,1,1,7,CIOTAT (ROUTE DE LA RN55,43.27281,5.5901
201300013686,31,12,2013,11,1,13,5,2,1,1,3,"450, RN 96 (ROUTE NATION",43.31057,5.57695