Num_Acc,jour,mois,an,hr,condition_eclairage,departement,commune,condition_agglomeration,intersection,condition_atmosphere,type_collision,adresse,lattitude,longitude
201300013687,10,1,2013,11,1,13,28,2,1,1,3,"49, RIPERT (AVENUE EMIL",43.18652,5.61464
201300013688,30,1,2013,7,1,13,28,2,6,1,3,DAUPHINE (AVENUE DU),43.18953,5.62154
201300013689,5,2,2013,19,5,13,28,2,1,1,1,FARDELOUP (CHEMIN DE),43.18487,5.58902
201300013690,1,3,2013,15,1,13,28,2,9,1,3,"NS, CROZET (AVENUE LOUIS",43.18261,5.59794
201300013691,9,3,2013,15,1,13,28,1,1,1,3,"1599, BODIN (AVENUE EMI",43.19935,5.5897
201300013692,11,3,2013,17,1,13,28,2,1,1,3,ANTIOPE (VOIE ),43.2075,5.60577
201300013693,22,3,2013,17,1,13,28,2,1,1,6,Chemin Puits de brunet,43.18845,5.59918
201300013694,16,4,2013,11,1,13,28,2,1,1,3,"103, AVENUE DE LA PAIX",43.18366,5.61015
201300013695,15,5,2013,11,1,13,28,2,1,8,3,SORBIER (AVENUE DU ),43.20522,5.60046
201300013696,15,5,2013,14,1,13,28,2,1,1,2,FERRY (AVENUE JULES ),43.18346,5.60434
201300013697,16,5,2013,17,1,13,28,2,1,2,1,"453, FONTSAINTE (AVENUE",43.1907,5.63924
201300013698,1,6,2013,17,1,13,28,1,1,1,5,CD.559,0.0,0.0
201300013699,17,6,2013,18,1,13,28,1,2,1,3,"NS, CD 559",43.1836,5.66756
201300013700,15,7,2013,19,1,13,28,2,3,1,3,CLEMENCEAU (BOULEVARD GE,43.17732,5.61079
201300013701,21,7,2013,20,1,13,28,1,1,1,1,"1091, BODIN (AVENUE EMIL",43.19439,5.59988
201300013702,30,7,2013,11,1,13,28,2,3,1,2,MIREILLE (AVENUE),43.18944,5.62941
201300013703,30,7,2013,22,5,13,28,2,1,1,6,BEAU RIVAGE (BOULEVARD),43.18729,5.62537
201300013704,2,8,2013,0,5,13,28,2,3,1,5,"179, SUBILIA (AV)",43.18365,5.61016
201300013705,2,8,2013,19,1,13,28,2,1,7,1,CROZET (AVENUE LOUIS ),43.18025,5.59856
201300013706,5,8,2013,9,1,13,28,2,1,1,7,CLEMENCEAU (BOULEVARD GE,43.17689,5.61111
201300013707,6,8,2013,8,1,13,28,2,6,1,6,Rond Point DULAC/ROVARCH,43.19258,5.60936
201300013708,10,8,2013,19,2,13,28,2,1,1,6,ROMAGOUA (CHEMIN DE),43.19505,5.6114
201300013709,14,8,2013,23,5,13,28,2,3,1,3,"0, BILLOUX (AVENUE FRANC",43.17793,5.5975
201300013710,27,8,2013,16,1,13,28,1,2,1,3,AVENUE DE LA GARE,43.19874,5.62643
201300013711,28,8,2013,14,1,13,28,2,1,1,3,AVENUE MIREILLE,43.18924,5.63455
201300013712,30,8,2013,16,1,13,28,2,3,1,1,"140, CARDINAL MAURIN (AV",43.17061,5.6014
201300013713,21,10,2013,15,1,13,28,2,1,1,3,PUITS DE BRUNET (CHEMIN,43.18685,5.60163
201300013714,22,10,2013,19,3,13,28,1,1,8,7,CD.559,0.0,0.0
201300013715,31,10,2013,18,5,13,28,2,1,1,3,"447, BODIN (AVENUE EMILE",43.19323,5.60055
201300013716,6,11,2013,12,1,13,28,2,6,1,6,"00, BODIN (AVENUE EMILE)",43.18973,5.60382
201300013717,14,11,2013,19,5,13,28,2,1,6,5,DULAC (AVENUE GUILLAUME),43.18888,5.60868
201300013718,17,11,2013,19,5,13,28,2,9,8,3,MICHELET (BOULEVARD JULE,43.17547,5.6026
201300013719,10,12,2013,18,5,13,28,2,1,1,6,"957, DULAC (AVENUE GUILL",43.19393,5.61065
201300013720,16,12,2013,7,2,13,28,2,3,1,3,av guillaume dulac,43.20249,5.62453
201300013721,19,12,2013,17,5,13,28,2,1,3,6,"NS, BODIN (AVENUE EMILE)",43.18604,5.60746
201300013722,30,1,2013,13,1,13,47,1,1,1,7,"100, RN 1569",0.0,0.0
201300013723,17,3,2013,0,3,13,63,1,1,1,3,D 10,0.0,0.0
201300013724,16,7,2013,19,1,13,47,1,1,1,7,"100, RN 569",0.0,0.0
201300013725,20,7,2013,12,1,13,47,1,1,1,5,"100, RN 1569",0.0,0.0
201300013726,15,10,2013,7,1,13,47,2,1,1,6,"100, CORNICHE DE SUFFREN",43.50956,4.99888
201300013727,1,11,2013,19,5,13,63,2,1,1,6,"100, ARC EN CIEL AVENUE",43.5981,5.009
201300013728,29,11,2013,20,5,13,47,2,1,6,6,"100, TENNIS RUE",43.5158,4.98952
201300013729,5,1,2013,15,1,13,54,2,9,1,6,JUIN  AVE MARECHAL,43.41977,5.22488
201300013730,5,1,2013,17,5,13,43,2,1,1,4,REPUBLIQUE  AVENUE DE LA,43.39391,5.23633
201300013731,7,1,2013,13,1,13,102,2,1,1,1,COUVENT  CHEMIN DU,43.41925,5.22883
201300013732,9,1,2013,12,1,13,43,2,1,1,5,FRANCOIS MITTERAND  AVEN,43.39702,5.25094
201300013733,9,1,2013,18,3,13,43,2,1,1,3,RN 368,43.39369,5.20176
201300013734,20,1,2013,18,5,13,54,2,2,1,3,FIGUERAS  RUE DE,43.41565,5.21067
201300013735,13,2,2013,12,1,13,54,2,1,9,3,EUROPE  AVENUE DE L',43.41633,5.22651
201300013736,22,2,2013,18,5,13,54,2,3,1,1,ISLY  RUE D',43.41811,5.22308
201300013737,22,3,2013,14,1,13,43,2,6,1,3,CURIE  AVENUE JOLIOT,43.39384,5.23148
201300013738,16,4,2013,8,1,13,54,2,6,1,3,DE GAULLE  AVE GAL DE,43.4119,5.20513
201300013739,16,4,2013,17,1,13,43,1,1,1,4,VENTURA  AVENUE LINO,43.39506,5.21673
201300013740,21,4,2013,19,1,13,43,1,1,1,7,MITTERAND  AV. FRANCOIS,0.0,0.0
201300013741,3,5,2013,17,1,13,102,2,1,1,2,"118, ABBADIE  BLD",43.42006,5.23529
201300013742,4,5,2013,15,1,13,43,2,1,1,3,PRES  AVENUE DES,43.39362,5.22024
201300013743,9,6,2013,18,1,13,54,1,1,1,2,HUIT MAI 1945  AVE DU,43.41109,5.21559
201300013744,11,6,2013,17,1,13,43,2,3,1,3,FRANCOIS MITTERAND  AVEN,43.3971,5.25174
201300013745,20,6,2013,18,1,13,102,2,1,1,2,"391, FERRISSE  BLD ROBER",43.41935,5.24245
201300013746,22,6,2013,13,1,13,54,2,6,1,3,HUIT MAI 1945  AVE DU,0.0,0.0
201300013747,24,6,2013,17,1,13,54,2,1,6,3,"22, PLAINES  BD DES",43.41278,5.22496
201300013748,29,6,2013,8,1,13,54,1,1,1,2,HUIT MAI 1945  AVE DU,43.40668,5.20732
201300013749,2,7,2013,7,1,13,43,2,1,1,3,"185, ROVE  AVENUE DU",43.38371,5.21971
201300013750,6,7,2013,12,1,13,54,2,2,1,3,FIGUERAS  RUE DE,43.42111,5.20777
201300013751,9,7,2013,17,1,13,54,2,1,1,3,DE GAULLE  AVE GAL DE,43.41012,5.20605
201300013752,17,7,2013,16,1,13,43,2,1,1,6,PICASSO  RUE PABLO,43.38789,5.23466
201300013753,18,7,2013,17,1,13,54,1,1,1,3,C D 9,43.42325,5.23071
201300013754,26,7,2013,0,5,13,54,2,1,1,6,FABRE AVIATEUR  AVE HENR,43.43025,5.18779
201300013755,28,7,2013,16,1,13,54,2,2,1,3,SIGNORE  BD DE LA,43.42111,5.20777
201300013756,4,8,2013,22,5,13,102,2,1,1,3,"1104, ABBADIE  BLD",43.41526,5.24484
201300013757,5,8,2013,16,1,13,54,2,2,1,1,GUYNEMER  AVENUE,43.41948,5.21793
201300013758,14,8,2013,18,1,13,54,1,3,1,3,COMBATTANT*A.F.N,43.40976,5.21995
201300013759,15,8,2013,2,3,13,43,1,1,1,6,"446, VENTURA  AVENUE LIN",43.39526,5.21332
201300013760,27,8,2013,12,1,13,54,1,3,1,1,FIGUEROLLES  QUARTIER,43.40289,5.23955
201300013761,27,8,2013,11,1,13,54,2,1,1,3,"10, ROSE DES VENTS  LA",0.0,0.0
201300013762,3,9,2013,16,1,13,54,2,1,1,2,COUVENT  CHEMIN DU,43.41779,5.2249
201300013763,5,9,2013,16,1,13,43,2,1,1,5,VENTURA  AVENUE LINO,43.39378,5.19841
201300013764,6,9,2013,17,1,13,54,2,1,1,6,FOUCAULD  RUE DU PERE,43.41918,5.22255
201300013765,7,9,2013,19,1,13,54,2,1,1,2,"17, ROSTAND  RUE EDMOND",43.41568,5.20535
201300013766,14,9,2013,19,1,13,54,2,1,1,3,HUIT MAI 1945  AVE DU,43.41117,5.21083
201300013767,17,9,2013,9,1,13,102,1,1,1,3,"868, LIBERATION  BLD DE",43.41708,5.26132
201300013768,19,9,2013,19,5,13,43,2,3,1,3,COTE BLEUE  AVENUE DE LA,0.0,0.0
201300013769,19,9,2013,8,1,13,54,2,1,1,6,CHEVILLARD  RUE RENE,43.42115,5.21635
201300013770,26,9,2013,18,1,13,43,2,1,1,3,"191, MEDITERRANEE  AVENU",43.38505,5.21597
201300013771,7,10,2013,8,1,13,43,2,1,1,3,POUSARAQUE  AVENUE DE LA,43.38756,5.22898
201300013772,12,10,2013,20,4,13,102,2,1,1,1,PREVERT  AVENUE JACQUES,43.4182,5.23336
201300013773,24,10,2013,15,1,13,54,2,1,1,3,"6, MISTRAL  BD FREDERIC",43.41511,5.21692
201300013774,5,11,2013,13,1,13,43,2,1,2,6,FERNANDEL  AVENUE,0.0,0.0
201300013775,5,11,2013,18,5,13,43,2,1,1,5,"1245, FERNANDEL  AVENUE",43.39755,5.25414
201300013776,8,11,2013,14,1,13,43,2,1,8,2,ROUTE NATIONALE 368,0.0,0.0
201300013777,11,11,2013,17,5,13,54,2,3,1,3,DUBOS  RUE RENE,43.4209,5.22465
201300013778,12,11,2013,14,1,13,54,2,3,1,6,CARTHAGE  CHEMIN DE,43.42175,5.23186
201300013779,12,12,2013,16,1,13,54,2,1,1,2,COMBATTANT A.F.N.,43.40453,5.22331
201300013780,18,11,2013,12,1,13,54,2,1,1,6,"11, LIBERATION  AVE DE L",43.41857,5.21521
201300013781,23,11,2013,17,5,13,54,2,1,1,3,PLAGE  ROUTE DE LA,0.0,0.0
201300013782,28,11,2013,8,1,13,54,2,8,1,6,BARRELET  AVENUE HENRI,43.4181,5.21343
201300013783,4,12,2013,15,1,13,102,2,1,1,3,"337, FERRISSE  BLD ROBER",43.41955,5.24182
201300013784,7,12,2013,14,1,13,43,2,3,1,3,FERNANDEL  AVENUE,43.39523,5.21192
201300013785,7,12,2013,20,5,13,54,2,2,1,3,NOGUES  BD M.,43.41725,5.21969
201300013786,10,12,2013,18,4,13,54,2,1,1,6,HUIT MAI 1945  AVE DU,0.0,0.0
201300013787,24,10,2013,7,1,13,55,2,1,1,4,"273, COR PRESIDENT JOHN",43.27818,5.35488
201300013788,24,10,2013,12,1,13,55,2,1,1,2,"23, AVE DE CORINTHE",43.2848,5.39062
201300013789,3,12,2013,12,1,13,55,2,1,1,7,"2, BD DE LA LIBERATION G",43.29935,5.38618
201300013790,22,12,2013,19,2,13,55,2,1,1,4,"88, BD FRANCOISE DUPARC",43.30485,5.40093
201300013791,12,10,2013,10,2,13,55,2,1,1,6,"46, AVE DU DOCTEUR HECKE",43.28789,5.44185
201300013792,17,10,2013,16,1,13,55,2,1,1,3,"47, AVE DE LATTRE DE TAS",43.24816,5.40616
201300013793,26,10,2013,10,1,13,55,2,1,1,3,"26, BD RABATAU",43.27399,5.39366
201300013794,31,10,2013,9,1,13,55,1,1,1,6,VSN LEON LACHAMP (RTE),0.0,0.0
201300013795,10,11,2013,16,2,13,55,2,1,1,3,"0, AVE DE MAZARGUES",0.0,0.0
201300013796,18,11,2013,10,1,13,55,1,1,2,6,"441, AVE DU PRADO",43.26708,5.38288
201300013797,24,11,2013,2,5,13,55,2,1,1,6,"109, VSN GOUFFONE DE LAT",43.24588,5.4172
201300013798,2,12,2013,6,2,13,55,2,1,1,3,"23, CHE DU LANCIER",43.24772,5.39705
201300013799,2,12,2013,8,1,13,55,2,1,1,3,BD DE LA PUGETTE,0.0,0.0
201300013800,2,12,2013,11,1,13,55,2,1,1,6,"50, BD MICHELET",43.26948,5.393
201300013801,6,12,2013,9,1,13,55,2,1,1,3,"46, AVE CLOT BEY",43.2585,5.3839
201300013802,11,12,2013,19,5,13,55,2,1,1,3,"122, RUE DU ROUET",43.27941,5.39126
201300013803,23,12,2013,9,2,13,55,2,1,1,2,"27, BD RABATAU",43.27376,5.39332
201300013804,10,12,2013,12,1,13,55,2,1,1,6,", RUE EMILE ZOL",0.0,0.0
201300013805,12,12,2013,13,1,13,55,2,1,1,3,"431, RUE PARADIS",43.27369,5.38511
201300013806,17,12,2013,8,1,13,55,2,3,7,3,CHE DE LA MADRAGUE VILLE,43.32417,5.3627
201300013807,29,11,2013,16,1,13,55,2,3,1,3,RUE LE*CHATELIER,43.34824,5.36238
201300013808,27,12,2013,13,1,13,55,2,2,1,6,"74, VOI LA CANEBIERE",43.2976,5.38106
201300013809,14,12,2013,11,1,13,55,2,1,1,3,"199, CHE DE LA MADRAGUE",43.33044,5.35905
201300013810,18,12,2013,13,1,13,55,2,1,1,6,"1, BD HENRI BARNIER",43.37349,5.35442
201300013811,18,12,2013,14,1,13,55,2,3,2,3,"385, BD NATIONAL",43.31482,5.37285
201300013812,20,12,2013,8,1,13,55,2,1,3,3,RUE FRANCIS DAVSO,0.0,0.0
201300013813,26,12,2013,17,5,13,55,2,1,1,3,"20, RUE DE LYON",43.32402,5.36737
201300013814,30,12,2013,15,1,13,55,2,1,1,3,BD DE PLOMBIERES,43.31647,5.38301
201300013815,6,1,2013,5,4,13,55,2,1,1,6,"12, RUE DE L' ESCALET",43.35348,5.41562
201300013816,3,1,2013,17,1,13,55,2,6,1,2,RPT JEAN DE TCHORLOU,0.0,0.0
201300013817,1,3,2013,21,5,13,55,2,1,1,2,"322, BD ROMAIN ROLLAND",43.27132,5.40913
201300013818,8,1,2013,6,2,13,55,2,1,1,2,"86, RUE DE LYON",43.32618,5.36661
201300013819,4,1,2013,5,5,13,55,2,3,1,3,BD VOLTAIRE,43.30207,5.38251
201300013820,16,12,2013,9,1,13,55,2,1,1,6,"00, RUE SAINT JEAN DU DE",0.0,0.0
201300013821,30,8,2013,11,1,13,55,2,1,1,6,"0, BD DU DOCTEUR RODOCAN",0.0,0.0
201300013822,11,6,2013,10,1,13,106,2,3,1,5,"47, BEDOULE (CHEMIN DE L",43.38369,5.35082
201300013823,17,12,2013,0,5,13,55,2,1,1,6,"117, CHE DE SORMIOU",43.23136,5.40057
201300013824,20,12,2013,15,1,13,55,2,1,2,3,"251, BD MIREILLE LAUZE",43.28434,5.42001
201300013825,20,12,2013,7,2,13,55,2,1,3,6,"390, RUE PARADIS",43.27705,5.3837
201300013826,16,12,2013,17,5,13,55,2,1,1,6,"11, AVE DE SAINT JULIEN",43.30443,5.41454
201300013827,17,12,2013,18,5,13,55,2,1,1,1,"50, RUE FRANCOIS MAURIAC",43.27564,5.41764
201300013828,1,1,2013,8,1,13,55,2,3,1,6,"36, BD DE SAINT MARCEL",43.28871,5.45834
201300013829,18,12,2013,10,1,13,55,2,6,1,6,"20, AVE ELSA TRIOLET",43.24767,5.38989
201300013830,24,12,2013,7,2,13,55,2,1,1,3,"191, BD DE LA VALBARELLE",43.28858,5.45378
201300013831,26,12,2013,17,5,13,55,2,1,1,4,"1, AVE DES PEINTRES ROUX",43.30869,5.4671
201300013832,27,12,2013,18,5,13,55,2,1,1,6,"20, RUE AVIATEUR LE BRIX",43.25972,5.402
201300013833,21,11,2013,9,1,13,55,2,1,3,4,AVE JEAN PAUL SARTRE,43.32199,5.41785
201300013834,10,12,2013,14,1,13,55,2,1,1,2,RUE DU CARGO RHIN FIDELI,0.0,0.0
201300013835,13,12,2013,17,1,13,55,2,2,1,2,BD. ROLAND DORGELES,43.34729,5.37838
201300013836,19,12,2013,18,1,13,55,2,1,3,2,"204, BD DANIELLE CASANOV",43.32996,5.3762
201300013837,11,1,2013,6,4,13,55,2,2,1,3,"5, RUE DIEUDE",43.2921,5.38058
201300013838,20,12,2013,7,2,13,55,2,1,3,7,"348, RUE RABELAIS",43.36204,5.32475
201300013839,20,12,2013,8,1,13,55,2,1,3,6,"12, RUE DE MARATHON",43.32755,5.41275
201300013840,9,1,2013,17,5,13,55,2,1,1,3,"0, AVE DE LA VISTE",43.35986,5.35757
201300013841,20,12,2013,13,1,13,55,1,1,3,6,"102, AVE DES OLIVES",43.32743,5.43616
201300013842,21,12,2013,18,5,13,55,2,2,1,3,AVE DE FRAIS VALLON,43.32554,5.43049
201300013843,4,1,2013,12,1,13,55,2,3,1,3,"202, CHE DE LA MADRAGUE",43.33043,5.35907
201300013844,22,12,2013,22,5,13,55,2,3,1,2,BD. LIONEL TERRAY,43.31606,5.40059
201300013845,25,10,2013,9,1,13,55,2,2,1,3,RUE ALBERT EINSTEIN,43.33643,5.43452
201300013846,17,10,2013,11,1,13,55,2,1,1,3,"143, RUE FELIX PYAT",43.31821,5.3748
201300013847,12,9,2013,17,1,13,55,2,1,1,3,"90, AVE DE SAINT JEROME",43.33279,5.41994
201300013848,11,1,2013,17,5,13,55,2,2,1,6,"0000, RUE MIRES",43.31156,5.3712
201300013849,19,9,2013,8,1,13,55,2,1,1,3,"246, RUE DE LYON",43.33298,5.36427
201300013850,15,1,2013,0,5,13,55,2,6,1,3,AV DU CAP PINEDE ROC 3,43.32872,5.36572
201300013851,13,11,2013,9,1,13,55,2,1,1,3,"19, AVE DE SAINT ANTOINE",43.36664,5.3567
201300013852,11,12,2013,7,2,13,55,2,1,1,7,"07, RUE NICOLAS COPERNIC",43.34223,5.44917
201300013853,18,12,2013,21,5,13,55,2,1,2,2,"1, BD ROLAND DORGELES",43.34651,5.37984
201300013854,21,12,2013,14,1,13,55,2,1,1,6,CHE DES BAUMILLONS,0.0,0.0
201300013855,27,12,2013,18,5,13,55,2,3,1,3,"120, AVE DES AYGALADES",43.34097,5.36531
201300013856,3,1,2013,10,1,13,55,2,1,1,2,"59, AVE ANDRE ROUSSIN",43.35945,5.33796
201300013857,11,12,2013,18,5,13,55,2,3,1,6,AVE DE MONTOLIVET,43.31189,5.41078
201300013858,20,12,2013,19,5,13,55,2,2,2,3,"61, BD DES ALPES",43.30106,5.41513
201300013859,20,12,2013,10,1,13,55,2,1,3,6,"265, AVE DE MAZARGUES",43.26209,5.3933
201300013860,14,11,2013,6,2,13,55,2,1,1,6,"101, CHE DE SAINTE MARTH",43.32401,5.38867
201300013861,10,1,2013,14,1,13,55,2,1,1,3,BRE M I N ENTREE AUTOROU,0.0,0.0
201300013862,30,10,2013,8,1,13,55,2,1,1,2,"171, AVE DES OLIVES",43.32574,5.44102
201300013863,26,9,2013,15,1,13,2,2,3,1,3,"1158, RASCOUS (CHEMIN DE",43.34898,5.47547
201300013864,7,11,2013,18,5,13,55,2,1,1,1,"2, TRA DES RAYMONDS",43.28839,5.46237
201300013865,17,1,2013,12,1,13,55,2,3,1,6,"236, AVE DE SAINT ANTOIN",43.37377,5.35579
201300013866,19,12,2013,17,2,13,75,2,1,3,2,LIBERATION (AVE DE LA),0.0,0.0
201300013867,6,12,2013,10,1,13,55,2,1,6,3,"444, BD MICHELET",43.25223,5.40277
201300013868,18,1,2013,8,2,13,55,2,1,1,6,"147, AVE CLOT BEY",43.25651,5.38253
201300013869,13,12,2013,19,5,13,55,2,9,1,3,AV JEAN PAUL SARTRE,43.31378,5.40582
201300013870,16,12,2013,13,1,13,106,2,1,1,2,"30, 8 MAI 1945 (AVENUE D",43.45171,5.41372
201300013871,29,11,2013,10,1,13,55,2,1,1,2,"11, BD DU MARECHAL JUIN",43.31052,5.40342
201300013872,1,1,2013,20,5,13,55,2,1,1,5,"46, BD SCHLOESING",43.27332,5.40067
201300013873,2,12,2013,15,1,13,55,2,1,2,2,"0, AVE ALEXANDRE FLEMING",0.0,0.0
201300013874,3,12,2013,14,1,13,55,2,1,1,3,"38, QAI DE RIVE NEUVE",43.29259,5.36735
201300013875,10,12,2013,15,1,13,55,2,2,1,3,"119, RUE PARADIS",43.28862,5.3789
201300013876,19,12,2013,18,5,13,55,2,1,2,7,"23, SQ SIDI BRAHIM",43.2976,5.39991
201300013877,20,12,2013,6,5,13,55,2,1,3,6,COR PRESIDENT JOHN F KEN,0.0,0.0
201300013878,21,12,2013,7,1,13,55,2,2,1,3,"7, BD SAKAKINI",43.29878,5.40095
201300013879,12,1,2013,19,5,13,55,2,1,1,3,"16, BD CHARLES NEDELEC",43.30172,5.37627
201300013880,25,12,2013,0,5,13,55,2,3,2,6,"2, RUE BERNEX",43.3002,5.38873
201300013881,8,1,2013,17,3,13,55,2,1,1,6,RUE DE LYON,43.32997,5.36531
201300013882,26,12,2013,7,1,13,55,2,1,1,6,"82, BD FRANCOISE DUPARC",43.30476,5.40093
201300013883,30,12,2013,15,1,13,55,2,1,1,2,"124, BD FRANCOISE DUPARC",43.30773,5.40187
201300013884,15,11,2013,12,1,13,55,2,1,1,2,"212, AVE JULES CANTINI",43.27887,5.39663
201300013885,11,1,2013,9,1,13,55,2,7,1,3,"9, BD DE STRASBOURG",43.30714,5.37521
201300013886,8,12,2013,16,1,13,55,1,1,1,7,"., RTE LEON LACHAMP",0.0,0.0
201300013887,12,12,2013,20,3,13,55,2,1,2,7,"1, BD VELASQUEZ",43.24293,5.38654
201300013888,11,1,2013,7,1,13,55,2,1,1,2,"30, BD SCHLOESING",43.27355,5.40039
201300013889,16,12,2013,20,5,13,55,2,1,1,6,"90, AVE DU PRADO",43.28192,5.38599
201300013890,14,1,2013,13,1,13,55,2,3,1,3,"80, BD ROGER CHIEUSSE",43.36231,5.31516
201300013891,3,12,2013,11,1,13,55,2,1,1,3,"23, BD DU VAISSEAU",43.23148,5.405
201300013892,10,1,2013,14,1,13,55,2,9,1,6,"32, CHE DE SAINT JOSEPH",43.34067,5.38674
201300013893,26,11,2013,13,5,13,55,2,3,1,2,".., BD BERNEX",43.24788,5.38387
201300013894,17,12,2013,10,1,13,55,2,1,1,6,"283, BD MICHELET",43.25932,5.39873
201300013895,13,1,2013,4,5,13,55,2,1,1,6,"186, BD LYON",43.33608,5.36307
201300013896,14,1,2013,13,1,13,55,2,3,1,3,"90, AVE DE LA FOURRAGERE",43.29921,5.43035
201300013897,3,12,2013,16,2,13,2,2,1,1,2,JEAN GIONO (AVENUE),43.33836,5.47989
201300013898,5,1,2013,15,1,13,55,2,1,7,6,"69, RUE BERANGER",43.30399,5.40295
201300013899,6,12,2013,15,1,13,2,2,1,1,3,"1, JEAN GIONO (AVENUE)",43.33224,5.48462
201300013900,17,12,2013,8,1,13,55,2,1,1,6,AVE DU VALLON D' OL,43.38479,5.35946
201300013901,20,2,2013,18,1,13,55,2,1,1,6,"108, AVE DU PRADO",43.28118,5.3864
201300013902,20,1,2013,18,5,13,55,2,1,8,1,"1, PCE JEAN JAURES",0.0,0.0
201300013903,22,11,2013,11,1,13,55,2,1,1,3,"1, MTE DE SAINT MENET",43.29249,5.49452
201300013904,4,12,2013,9,1,13,2,2,9,7,6,"17, CLEMENT, JULES BARTH",43.33252,5.46397
201300013905,21,12,2013,18,5,13,75,2,1,1,2,"34, PAUL SIRVENT (AVE)",43.34366,5.46615
201300013906,13,1,2013,5,5,13,55,2,1,1,2,"00, CRS LIEUTAUD",0.0,0.0
201300013907,12,12,2013,8,1,13,55,2,1,1,3,"40, RUE DE PONTEVES",0.0,0.0
201300013908,22,12,2013,16,1,13,55,2,1,1,6,AVE RAIMU,0.0,0.0
201300013909,25,12,2013,9,1,13,55,2,1,8,6,"204, RUE DE LYON",43.33051,5.3651
201300013910,5,1,2013,16,2,13,55,2,1,1,7,"1, BD DES BASSINS DE RAD",0.0,0.0
201300013911,8,8,2013,17,1,13,55,2,1,1,2,"93, CHE DE SAINT JOSEPH",43.35515,5.37021
201300013912,11,12,2013,12,1,13,55,2,1,1,6,"14, BD CHARLES MORETTI",43.32611,5.37691
201300013913,16,12,2013,12,1,13,55,2,1,1,3,"179, AVE DES AYGALADES",43.34679,5.36609
201300013914,20,12,2013,20,5,13,55,2,1,2,7,"28, CRS HONORE D' ESTIEN",43.29266,5.37276
201300013915,10,12,2013,14,1,13,55,1,1,1,7,"109, AVE ANDRE ZENATTI",43.24589,5.39118
201300013916,25,10,2013,8,1,13,55,2,3,1,3,"124, VSN SAINT LOUP",43.28305,5.43282
201300013917,24,10,2013,17,1,13,55,2,1,1,7,"222, AVE DE LA CAPELETTE",43.27947,5.41101
201300013918,11,10,2013,17,2,13,55,2,1,1,6,"430, AVE DE LATTRE DE TA",43.24484,5.42763
201300013919,20,12,2013,1,5,13,55,2,1,3,3,"258, AVE DU PRADO",43.27447,5.39019
201300013920,21,4,2013,17,1,13,55,2,3,1,3,"0, RUE CHARLES KADDOUZ",43.31368,5.43186
201300013921,29,3,2013,11,1,13,55,2,1,1,2,MTE DE SAINT MENET,43.29373,5.49336
201300013922,9,1,2013,11,1,13,55,2,1,1,6,"153, CHE DE CHATEAU GOMB",43.34304,5.4206
201300013923,9,1,2013,7,1,13,55,2,1,1,2,"166, BD DE PLOMBIERES",43.31862,5.37961
201300013924,21,11,2013,18,5,13,55,2,1,1,2,AVE DE LA CROIX ROUGE,0.0,0.0
201300013925,2,12,2013,15,1,13,55,2,1,1,2,"17, AVE DU GENERAL LECLE",43.30428,5.37677
201300013926,24,12,2013,13,1,13,55,2,3,1,3,"22, RPT JEAN MOULIN BD B",43.29015,5.39991
201300013927,18,12,2013,20,4,13,55,2,1,1,7,"36, AVE DU PRADO",43.28375,5.38495
201300013928,8,7,2013,19,1,13,55,2,1,1,7,"16, CHE JOSEPH AIGUIER",43.25654,5.40448
201300013929,16,10,2013,16,1,13,55,2,1,1,3,CV DE MORGIOU,43.23468,5.41137
201300013930,21,1,2013,20,5,13,55,2,1,1,2,"63b, BD DU SABLIER",43.25105,5.38226
201300013931,27,11,2013,19,5,13,55,2,1,1,3,"179, BD ROMAIN ROLLAND",43.27577,5.41713
201300013932,8,1,2013,15,1,13,55,2,3,1,3,"204, BD. MICHELET",43.26375,5.39624
201300013933,3,12,2013,9,1,13,55,2,1,1,2,"138, AVE PIERRE MENDES F",43.25489,5.37631
201300013934,24,12,2013,20,5,13,55,2,2,1,3,"61, RUE DE TILSIT",43.29058,5.3875
201300013935,9,1,2013,11,1,13,55,2,1,1,6,"111, RTE DE LA VALENTINE",43.29076,5.47362
201300013936,11,1,2013,10,1,13,55,2,1,1,2,"189, CHE DE NOTRE DAME D",43.33771,5.43228