Num_Acc,jour,mois,an,hr,condition_eclairage,departement,commune,condition_agglomeration,intersection,condition_atmosphere,type_collision,adresse,lattitude,longitude
201300013937,7,11,2013,13,1,13,55,2,1,1,6,BD DU SABLIER,43.24996,5.3819
201300013938,9,1,2013,20,5,13,55,2,1,1,6,"00, BD CAMILLE FLAMMARIO",0.0,0.0
201300013939,29,11,2013,6,5,13,55,2,1,1,6,"132, RUE PIERRE DOIZE",43.27559,5.42624
201300013940,4,1,2013,17,2,13,55,2,1,1,4,"77, CHE DES BOURRELY",43.38135,5.3632
201300013941,13,12,2013,8,1,13,55,1,1,1,3,"303, AVE DES POILUS",43.31571,5.46145
201300013942,15,12,2013,11,1,13,55,2,1,1,2,"164, AVE DE LA MADRAGUE",43.23239,5.35598
201300013943,16,12,2013,11,1,13,55,2,1,1,6,RUE MIGNARD,43.26203,5.40084
201300013944,19,12,2013,21,5,13,55,2,1,3,6,"22, RUE NEGRESKO",43.26965,5.39025
201300013945,21,12,2013,10,1,13,55,2,1,2,2,"165, AVE DU PRADO",43.27843,5.38813
201300013946,21,12,2013,13,1,13,55,2,1,1,2,"., PRK ANDR? BARDON/FLOR",43.28334,5.42698
201300013947,23,1,2013,5,5,13,55,2,1,1,7,AVE ALEXANDRE FLEMING,0.0,0.0
201300013948,11,1,2013,8,1,13,55,2,4,1,1,"54, AVE DE SAINT JEAN",43.2968,5.36694
201300013949,23,12,2013,18,5,13,55,2,6,1,6,RPT PERE WRESINKI,43.33036,5.41013
201300013950,21,11,2013,7,2,13,55,2,1,3,6,"33, AVE ELLEON",43.28478,5.44244
201300013951,9,1,2013,7,2,13,55,2,1,1,1,"231, BD DE SAINT LOUP",43.28523,5.44082
201300013952,26,12,2013,12,1,13,55,2,5,6,3,"1, AUT DU LITTORAL A55 M",0.0,0.0
201300013953,11,12,2013,5,2,13,55,2,6,1,3,"1, RPT ALBERT EINSTEIN /",43.3429,5.4457
201300013954,8,1,2013,7,1,13,75,2,1,1,3,"6, L'ENJOLRAS (AVE DE)",43.33719,5.4525
201300013955,10,1,2013,9,1,13,55,2,6,7,6,RUE JEAN QUEILLAU,43.33685,5.38571
201300013956,29,11,2013,19,5,13,55,2,1,1,1,"234, RUE CHARLES KADDOUZ",43.31811,5.4391
201300013957,10,12,2013,18,5,13,55,2,1,1,6,"00, VOI LA CANEBIERE",0.0,0.0
201300013958,10,12,2013,20,5,13,55,2,1,1,6,"00, VOI LA CANEBIERE",0.0,0.0
201300013959,4,1,2013,17,1,13,55,2,1,1,6,"00, TRA DU MAROC",0.0,0.0
201300013960,5,10,2013,9,1,13,55,2,1,1,6,"32, RUE PARADIS",43.2933,5.37685
201300013961,3,1,2013,18,5,13,55,2,1,1,2,"00, AVE JEAN PAUL SARTRE",0.0,0.0
201300013962,15,1,2013,12,1,13,55,2,1,8,3,"58, BD DU CAPITAINE GEZE",43.33109,5.37335
201300013963,10,1,2013,17,2,13,55,2,1,1,6,"108, AVE JULES CANTINI",43.28131,5.39214
201300013964,29,10,2013,23,5,13,55,2,1,1,3,AVE ALEXANDRE FLEMING,0.0,0.0
201300013965,23,1,2013,19,5,13,55,2,1,1,6,"59, BD DE STRASBOURG",43.30858,5.37762
201300013966,6,1,2013,13,1,13,75,2,3,1,5,"94, FREDERIC MISTRAL (AV",43.35114,5.47186
201300013967,3,1,2013,19,5,13,55,2,2,1,3,"4, BD DE LA LIBERTE",43.30081,5.38164
201300013968,6,1,2013,3,5,13,55,2,1,1,2,"149, BD RABATAU",43.27997,5.39939
201300013969,11,4,2013,11,1,13,55,2,1,1,6,"262, AVE DES POILUS",43.3174,5.46035
201300013970,19,1,2013,18,2,13,55,2,1,1,6,"15, RUE JEAN QUEILLAU",0.0,0.0
201300013971,20,12,2013,20,5,13,55,2,1,1,6,"0, BD NATIONAL",0.0,0.0
201300013972,29,12,2013,17,2,13,55,2,1,1,6,"252, BD CHAVE",43.29581,5.4012
201300013973,5,12,2013,8,1,13,55,2,1,1,6,"00, AVE DE VALDONNE",0.0,0.0
201300013974,3,1,2013,13,1,13,55,1,1,1,3,CHE DU LITTORAL,0.0,0.0
201300013975,19,12,2013,12,1,13,55,2,1,1,6,"07, PCE EDMOND AUDRAN",43.30979,5.40141
201300013976,16,1,2013,17,2,13,55,2,1,1,3,"0, CHE DE SAINT ANTOINE",0.0,0.0
201300013977,3,1,2013,16,1,13,55,2,1,1,7,TRA DE GIBBES,0.0,0.0
201300013978,24,12,2013,11,1,13,55,2,3,1,3,"29, PRO GEORGES POMPIDOU",43.26591,5.37293
201300013979,6,12,2013,9,1,13,55,2,3,1,3,"2, CV DES BESSONS",43.33896,5.39234
201300013980,31,12,2013,10,1,13,55,2,1,1,3,"73, CHE DES BOURRELY",43.38113,5.36304
201300013981,25,1,2013,21,5,13,55,2,1,1,6,"67, AVE DE LA FOURRAGERE",43.30026,5.43067
201300013982,20,9,2013,12,1,13,55,2,1,1,6,"42, BD CAMILLE FLAMMARIO",43.30539,5.39168
201300013983,6,1,2013,15,1,13,55,2,1,1,3,"80, AVE DES ROCHES",43.27975,5.36355
201300013984,6,1,2013,19,5,13,55,2,1,1,6,"24, AVE DU PRADO",43.2843,5.38466
201300013985,29,12,2013,13,1,13,55,2,3,1,3,"347, AVE DE SAINT ANTOIN",43.38024,5.35742
201300013986,20,1,2013,15,1,13,55,2,1,1,6,"01, AVE DES OLIVES",43.32984,5.42952
201300013987,21,1,2013,18,5,13,55,2,1,1,6,"1, BD DE PLOMBIERES",43.31489,5.38787
201300013988,2,5,2013,7,1,13,55,2,1,1,3,"62, RUE GEORGE",43.29594,5.39786
201300013989,30,9,2013,11,1,13,55,2,1,1,3,BD JEAN MOULIN,0.0,0.0
201300013990,4,10,2013,13,1,13,55,2,1,1,2,"95, BD SAKAKINI",43.29397,5.40158
201300013991,27,12,2013,7,1,13,55,2,3,1,3,"35, AVE DE LA POINTE ROU",43.24797,5.37481
201300013992,6,1,2013,13,1,13,55,2,1,1,3,"25, BD FRANCOISE DUPARC",43.30191,5.40053
201300013993,23,1,2013,9,1,13,55,1,1,3,6,RTE LEON LACHAMP,0.0,0.0
201300013994,7,1,2013,12,1,13,55,2,1,1,4,COR PRESIDENT JOHN F KEN,0.0,0.0
201300013995,22,1,2013,10,1,13,55,1,1,1,2,"217, RUE DE ROME",43.28656,5.38338
201300013996,18,1,2013,8,1,13,55,2,1,1,6,"21, RUE DES ORGUES",43.29987,5.39965
201300013997,18,1,2013,20,5,13,55,2,1,8,1,"20, BD DE LA CONCORDE",43.24981,5.40269
201300013998,22,1,2013,20,5,13,55,2,1,1,2,"89, AVE CLOT BEY",43.25849,5.38383
201300013999,23,1,2013,12,1,13,55,2,1,2,2,"268, BD HENRI BARNIER",43.36813,5.34432
201300014000,26,1,2013,15,1,13,55,2,1,1,1,RUE KRUGER,0.0,0.0
201300014001,6,1,2013,7,5,13,55,2,1,1,7,BD JEAN MOULIN,0.0,0.0
201300014002,8,1,2013,8,1,13,55,2,1,1,6,"00, ESC GARE SAINT CHARL",43.30204,5.38192
201300014003,30,11,2013,12,1,13,55,2,1,1,5,"34, AVE DE SAINT BARNABE",43.30403,5.41033
201300014004,24,9,2013,11,1,13,55,2,1,1,3,"20, RUE ALBERT EINSTEIN",43.33729,5.43547
201300014005,19,1,2013,18,5,13,55,2,1,2,6,"1, TRA DE LA MONTRE",43.29122,5.47302
201300014006,23,1,2013,11,1,13,55,2,1,2,3,"28, BD DU CABOT",43.25933,5.41661
201300014007,9,1,2013,14,1,13,55,2,1,1,6,"140, CHE DE LA COLLINE S",43.25269,5.42022
201300014008,23,12,2013,20,5,13,55,2,1,1,2,"43, AVE DES OLIVES",43.32895,5.43138
201300014009,15,1,2013,14,1,13,55,2,3,1,2,"73, Bd de SAINT MARCEL",43.2888,5.46138
201300014010,23,10,2013,21,5,13,55,2,1,1,6,PCE MARCEAU,43.30504,5.37292
201300014011,10,1,2013,8,1,13,55,2,1,1,6,BD DE L' HUVEAUNE,0.0,0.0
201300014012,9,1,2013,7,2,13,55,2,1,1,6,"73, BD RABATAU",43.2757,5.39632
201300014013,8,1,2013,13,1,13,55,2,1,1,3,"280, BD MICHELET",43.25922,5.39887
201300014014,2,1,2013,9,1,13,55,2,1,1,2,AVE DE LATTRE DE TASSIGN,0.0,0.0
201300014015,30,1,2013,13,1,13,55,2,1,1,6,"6A, RUE ARMENY",43.29081,5.37941
201300014016,7,1,2013,17,5,13,55,2,1,1,3,"73, TRA DE LA GAYE",43.25797,5.40863
201300014017,21,1,2013,7,1,13,55,2,1,1,3,CHE DE LA PARETTE,0.0,0.0
201300014018,3,8,2013,21,2,13,55,2,1,1,6,"00, BD DU CAPITAINE GEZE",0.0,0.0
201300014019,7,1,2013,11,1,13,55,2,1,1,6,"52, BD ICARD",43.27697,5.41848
201300014020,12,1,2013,12,1,13,55,1,1,1,3,RTE LEON LACHAMP,0.0,0.0
201300014021,29,11,2013,16,1,13,55,2,1,1,6,"343, BD DE SAINTE MARGUE",43.26132,5.41488
201300014022,19,1,2013,20,5,13,55,2,1,3,4,"23, AVE DE SAINT MENET",43.28926,5.49717
201300014023,24,9,2013,16,1,13,55,2,1,1,3,"0, BD PIERRE MENARD",0.0,0.0
201300014024,16,1,2013,13,1,13,55,2,1,1,6,"325, BD ROMAIN ROLLAND",43.27187,5.41027
201300014025,22,10,2013,14,1,13,55,2,1,1,7,"263, AVE DE LA CAPELETTE",43.27911,5.41247
201300014026,31,1,2013,10,1,13,55,2,1,1,6,"12, BD DE PARIS",43.30583,5.37248
201300014027,16,1,2013,11,1,13,55,2,1,1,6,"121, RUE CHARLES KADDOUZ",43.31377,5.43185
201300014028,3,1,2013,8,1,13,55,2,1,1,3,"38, AVE JEAN LOMBARD",43.28893,5.42889
201300014029,2,1,2013,11,1,13,55,2,3,1,3,"336, AVE DE MAZARGUES",43.25914,5.39417
201300014030,2,10,2013,11,1,13,55,2,1,1,2,RUE SAINTE BARBE,43.30091,5.37418
201300014031,10,10,2013,14,1,13,55,2,1,1,6,"56, RUE ANTOINE DEL BELL",43.28119,5.41191
201300014032,22,12,2013,1,5,13,55,2,1,1,6,"00, AVE ESCADRILLE NORMA",0.0,0.0
201300014033,31,1,2013,23,5,13,55,2,3,1,7,"76, AVE DES CHARTREUX",43.30539,5.39932
201300014034,11,3,2013,12,1,13,55,2,1,1,3,PGE DE L' ESTAQUE,0.0,0.0
201300014035,26,12,2013,16,1,13,55,2,1,1,5,"274, VOL CHE DU LITTORAL",43.34057,5.3484
201300014036,5,1,2013,0,5,13,55,2,1,1,2,"2, BD DE LA LIBERATION G",43.29931,5.38619
201300014037,17,1,2013,11,1,13,55,2,1,1,6,"00, BD DE PLOMBIERES AER",0.0,0.0
201300014038,13,1,2013,18,5,13,55,2,1,1,2,RPT PERE WRESINKI,0.0,0.0
201300014039,28,11,2013,8,1,13,55,2,1,1,4,"1, CHE HENRI BEYLE",43.35057,5.35872
201300014040,19,1,2013,18,5,13,55,2,1,1,2,"00, BD MICHELET",0.0,0.0
201300014041,18,1,2013,5,5,13,55,2,1,9,6,"148, AVE PIERRE MENDES F",43.25477,5.37627
201300014042,22,1,2013,15,1,13,55,2,8,1,6,RPT DU PRADO,43.2725,5.39126
201300014043,17,1,2013,14,1,13,55,2,1,1,2,"225, BD PAUL CLAUDEL",43.26927,5.42082
201300014044,3,1,2013,1,5,13,55,2,1,1,3,AVE JULES CANTINI,0.0,0.0
201300014045,24,1,2013,16,1,13,55,2,6,1,3,"126, RPT ADRIEN LEGROS 1",43.29081,5.47315
201300014046,30,6,2013,15,1,13,55,2,1,1,1,"302, BD DE SAINT MARCEL",43.28626,5.47322
201300014047,21,1,2013,15,1,13,55,2,1,1,3,"25, BD DE SAINT MARCEL",43.28874,5.45834
201300014048,15,1,2013,12,1,13,55,2,1,1,2,"49, BD CHARLES MORETTI",43.32362,5.38481
201300014049,15,12,2013,16,2,13,55,1,1,1,1,"D559, RTE LEON LACHAMP",0.0,0.0
201300014050,28,1,2013,14,1,13,55,2,1,1,6,"19, BD DUGOMMIER",43.29854,5.38091
201300014051,29,1,2013,9,1,13,55,2,1,1,3,"90, BD SAKAKINI",43.29457,5.40125
201300014052,23,1,2013,11,1,13,2,2,1,2,2,"7, PAUL (BOULEVARD)",43.33976,5.48207
201300014053,19,11,2013,7,5,13,55,1,1,3,6,"301, CHE DE CHATEAU GOMB",43.34992,5.43155
201300014054,10,1,2013,16,2,13,55,2,3,1,3,R NEGRESKO,43.27036,5.39252
201300014055,23,1,2013,22,5,13,55,2,1,2,1,"38, AVE DE LA VISTE",43.35561,5.35733
201300014056,24,1,2013,16,1,13,55,2,1,1,6,"102, BD DANIELLE CASANOV",43.32533,5.37402
201300014057,24,1,2013,8,1,13,55,2,1,1,6,"185, RUE DE ROME",43.28768,5.38277
201300014058,24,1,2013,10,1,13,55,2,1,1,7,"33, BD DU MARECHAL JUIN",43.31174,5.4038
201300014059,24,1,2013,5,5,13,55,2,1,1,6,"00, AVE DU PRADO",0.0,0.0
201300014060,24,1,2013,16,1,13,55,2,1,1,6,"00, BD ROMAIN ROLLAND",0.0,0.0
201300014061,31,1,2013,15,1,13,55,2,1,1,6,"38, AVE PROSPER MERIMEE",43.33043,5.40436
201300014062,22,5,2013,18,1,13,55,2,1,1,2,"167, BD RABATAU",43.2809,5.39945
201300014063,29,1,2013,16,1,13,55,2,1,1,6,"12, BD AMEDEE AUTRAN",43.28191,5.36675
201300014064,17,1,2013,17,1,13,55,2,3,1,3,"54, AVE DE MONTOLIVET",43.30849,5.40384
201300014065,15,1,2013,14,1,13,55,2,1,8,2,"37, CRS PIERRE PUGET",43.29034,5.375
201300014066,10,1,2013,8,1,13,55,2,1,1,3,"02, BD BAILLE",43.28601,5.38406
201300014067,19,1,2013,13,1,13,55,2,3,1,6,"14, AVE DE LA CORSE",43.28966,5.36526
201300014068,4,1,2013,19,5,13,55,2,1,1,2,"344, VSN MICHELET CONTRE",43.25786,5.39932
201300014069,19,1,2013,11,1,13,55,2,1,1,6,"133, AVE DE LA VISTE",43.35999,5.35756
201300014070,22,1,2013,18,5,13,55,2,3,1,3,"39, AVE DU VALLON D' OL",43.38545,5.3643
201300014071,10,1,2013,14,1,13,55,2,3,1,3,BD DES VOLUBILIS,43.24788,5.38387
201300014072,16,12,2013,18,5,13,55,2,1,1,3,"135, CHE SAINT JEAN DU D",43.29411,5.4124
201300014073,18,1,2013,12,1,13,55,2,1,1,6,"17, RUE COLBERT",43.29928,5.37383
201300014074,10,1,2013,14,1,13,55,2,2,1,6,"89, RUE DU BERCEAU",43.28569,5.39619
201300014075,13,1,2013,18,2,13,55,2,1,1,2,"01, AVE DU PRADO",43.28558,5.38432
201300014076,8,1,2013,12,1,13,55,2,1,1,5,"145, BD BAILLE",43.28939,5.39656
201300014077,26,2,2013,12,1,13,55,2,1,1,3,BD ODDO,0.0,0.0
201300014078,26,1,2013,17,1,13,55,2,1,1,6,"166, AVE DE HAMBOURG",43.24694,5.39352
201300014079,16,1,2013,15,1,13,55,2,1,1,6,"12, BD JEAN MOULIN",43.28616,5.39896
201300014080,2,2,2013,1,5,13,55,2,1,2,6,"114, AVE DE LA VISTE",43.35898,5.35765
201300014081,1,2,2013,13,1,13,55,2,1,1,6,"10, BD FERDINAND DE LESS",43.31944,5.37006
201300014082,28,1,2013,16,1,13,55,2,1,1,3,"15, CHE DU LANCIER",43.24796,5.39712
201300014083,28,6,2013,20,2,13,55,2,1,1,6,"202, AVE DES CHARTREUX",43.3116,5.40117
201300014084,21,1,2013,16,1,13,55,2,1,1,1,AVE WILLIAM BOOTH,43.29306,5.43829
201300014085,2,1,2013,16,1,13,55,2,1,1,4,"83, BD PERIER",43.27881,5.38149
201300014086,13,12,2013,18,5,13,55,2,1,8,6,"39, RUE AUGUSTIN AUBERT",43.26779,5.40249
201300014087,8,1,2013,13,1,13,55,2,1,1,7,AVE DES PEINTRES ROUX,0.0,0.0
201300014088,15,12,2013,14,1,13,55,2,1,1,4,"64, AVE D' HAIFA",43.25111,5.3899
201300014089,8,1,2013,16,1,13,55,2,1,1,6,"181, AVE DE MONTOLIVET",43.31224,5.41134
201300014090,19,12,2013,8,1,13,55,2,1,2,3,"151, BD PAUL CLAUDEL",43.2682,5.41584
201300014091,16,1,2013,16,1,13,55,2,6,1,3,"1, RPT DES COLIBRIS",43.32861,5.43311
201300014092,12,8,2013,16,1,13,55,2,1,1,3,"148, BD FERNAND BONNEFOY",43.27985,5.40002
201300014093,23,1,2013,21,5,13,55,2,1,1,7,COR PRESIDENT JOHN F KEN,0.0,0.0
201300014094,21,1,2013,13,1,13,55,2,1,1,3,"19, RUE D' ORANGE",43.31305,5.3863
201300014095,26,1,2013,18,2,13,55,2,1,1,2,"00, BD HENRI BARNIER",0.0,0.0
201300014096,12,8,2013,22,5,13,55,2,1,1,6,"156, BD BAILLE",43.28848,5.39336
201300014097,17,1,2013,11,1,13,55,2,1,1,3,RUE JACQUES PICON,0.0,0.0
201300014098,5,12,2013,14,1,13,75,2,3,1,3,"146, F*MISTRAL (AV)",43.35188,5.47593
201300014099,1,2,2013,8,1,13,55,2,1,1,6,PIERRE CHEVALIER (RUE),0.0,0.0
201300014100,16,1,2013,11,1,13,55,2,1,1,3,"329, AVE DE SAINT ANTOIN",43.37893,5.35697
201300014101,24,1,2013,20,5,13,55,2,1,1,3,"73, AVE ALEXANDRE ANSALD",43.33086,5.40441
201300014102,30,1,2013,16,1,13,55,2,1,1,6,"285, CHE DE CHATEAU GOMB",43.34859,5.43051
201300014103,4,1,2013,7,5,13,55,2,1,1,2,"163, BD RABATAU",43.28201,5.39952
201300014104,2,1,2013,13,1,13,55,2,2,1,6,"0, TRA DE LA MONTRE",43.29435,5.48031
201300014105,3,2,2013,21,5,13,55,2,9,1,3,RUE DE FRIEDLAND,43.28679,5.38688
201300014106,28,1,2013,12,1,13,55,2,1,6,5,"197, AVE PIERRE MENDES F",43.25186,5.37569
201300014107,24,1,2013,13,1,13,55,2,1,1,2,"245, AVE DE MAZARGUES",43.2635,5.3926
201300014108,28,1,2013,8,1,13,55,2,2,1,6,"12, RUE DE FORBIN",43.30621,5.37227
201300014109,4,2,2013,17,1,13,55,2,1,1,6,"122, RUE SAINT JEAN DU D",43.29557,5.43332
201300014110,5,9,2013,15,1,13,55,2,1,1,6,"00, BD SCHLOESING",0.0,0.0
201300014111,30,1,2013,16,1,13,55,2,1,1,3,"29, TRA DE CHANTE PERDRI",43.27374,5.43556
201300014112,1,2,2013,11,1,13,55,2,1,1,4,"99, BD DE LA POMME",43.2934,5.45149
201300014113,24,1,2013,12,1,13,55,2,4,1,6,"155, RTE DES CAMOINS",43.29966,5.50138
201300014114,14,1,2013,18,1,13,55,2,1,1,6,"63, RUE RAYMOND TEISSEIR",43.27165,5.40008
201300014115,10,1,2013,11,1,13,55,2,1,1,3,"53, AVE DE SAINT BARNABE",43.30415,5.41161
201300014116,26,1,2013,20,5,13,55,2,1,1,3,"163, VSN SAINT MARCEL (B",43.28767,5.46474
201300014117,26,1,2013,10,1,13,55,2,1,1,6,PCE DU CABOT,43.25863,5.41703
201300014118,10,2,2013,0,5,13,55,2,1,1,6,"00, RUE BRETEUIL",0.0,0.0
201300014119,29,1,2013,16,1,13,55,2,1,1,6,"120, BD ROMAIN ROLLAND",43.27765,5.42057
201300014120,25,1,2013,16,1,13,55,2,1,1,3,"230, CV DE MORGIOU",43.23451,5.41152
201300014121,29,1,2013,16,1,13,55,2,1,1,2,"3, BD FRANCOISE DUPARC",43.30084,5.4008
201300014122,24,1,2013,15,1,13,55,2,1,1,6,"12, ALL TURCAT MERY",43.28064,5.38796
201300014123,3,2,2013,20,5,13,55,2,1,1,6,"45, RUE SAINTE SOPHIE",43.30813,5.40401
201300014124,1,1,2013,19,5,13,55,2,3,2,3,"276, BD DE SAINT LOUP",43.28524,5.44083
201300014125,31,1,2013,12,1,13,55,2,1,1,6,RUE SAINT PIERRE,0.0,0.0
201300014126,7,1,2013,18,5,13,55,2,1,1,6,"00, BD ROMAIN ROLLAND",0.0,0.0
201300014127,28,11,2013,7,1,13,55,2,1,1,3,"206, BD CHAVE",43.29563,5.39807
201300014128,24,1,2013,14,1,13,55,2,1,1,6,"58, AVE JULES CANTINI",43.28317,5.38868
201300014129,23,1,2013,19,2,13,55,2,1,1,6,"0, RUE DRAGON",43.2877,5.37786
201300014130,24,1,2013,20,5,13,55,2,1,1,2,"00, BD DE SEVIGNE",0.0,0.0
201300014131,29,1,2013,11,1,13,55,2,1,1,6,"00, AVE ANDRE ROUSSIN",0.0,0.0
201300014132,11,2,2013,20,5,13,55,2,1,1,6,"12, RUE BRETEUIL",43.29217,5.37505
201300014133,25,1,2013,8,1,13,55,2,3,1,3,AVE DU MARCHE NATIONAL,43.3411,5.37748
201300014134,29,1,2013,10,1,13,55,2,1,1,6,AVE DES ARNAVAUX,0.0,0.0
201300014135,11,1,2013,13,1,13,55,2,1,1,6,"0, RUE JEAN QUEILLAU",0.0,0.0
201300014136,19,1,2013,13,1,13,55,2,1,1,2,"183, AVE DES OLIVES",43.3257,5.44111
201300014137,12,2,2013,16,1,13,55,2,1,1,3,"165, BD DES LIBERATEURS",43.30317,5.45497
201300014138,12,2,2013,20,5,13,55,2,1,1,2,"130, RUE DE LODI",43.28717,5.38922
201300014139,17,1,2013,11,1,13,55,2,2,1,3,RUE DRAGON,43.28777,5.37829
201300014140,19,1,2013,20,5,13,55,2,1,2,6,"12, CRS JEAN BALLARD",43.29295,5.37471
201300014141,4,2,2013,14,1,13,55,2,1,1,6,AVE ROBERT SCHUMAN,0.0,0.0
201300014142,3,1,2013,15,1,13,55,2,2,1,6,"94, RUE DE LA LOUBIERE",43.28975,5.39067
201300014143,9,1,2013,21,5,13,55,2,1,1,2,"19, BD SAKAKINI",43.29795,5.40091
201300014144,3,1,2013,16,5,13,55,2,1,1,2,"52, RUE EDMOND ROSTAND",43.28665,5.38101
201300014145,9,1,2013,22,5,13,55,2,1,1,7,"49, RUE DES FABRES",43.29631,5.37581
201300014146,3,2,2013,1,5,13,55,2,9,6,3,"11, BD D ATHENES",43.29921,5.38083
201300014147,5,2,2013,8,1,13,55,2,1,1,3,"50, AVE DE LA CORSE",43.28908,5.36174
201300014148,14,1,2013,11,1,13,55,2,1,1,6,"91, RUE DE LODI",43.28838,5.38816
201300014149,6,4,2013,1,5,13,55,2,1,1,6,"241, AVE DE SAINT LOUIS",43.35201,5.35802
201300014150,9,5,2013,22,5,13,55,2,1,1,2,"108, AVE DE LA VISTE",43.3588,5.35764
201300014151,15,2,2013,3,5,13,55,2,1,1,1,"283, BD MICHELET",43.25936,5.39871
201300014152,15,4,2013,11,1,13,55,2,1,1,6,PRO DU GRAND LARGE,43.23817,5.36224
201300014153,4,2,2013,22,5,13,55,2,2,1,3,"96, BD DES DAMES",43.30309,5.36667
201300014154,4,2,2013,14,1,13,55,2,1,6,6,"453, CHE DE LA MADRAGUE",43.34186,5.3522
201300014155,20,12,2013,18,5,13,55,2,1,2,6,".., AVE DE MONTOLIVET",0.0,0.0
201300014156,29,1,2013,16,1,13,55,2,1,1,6,"16, RUE D' ORANGE",43.31277,5.38635
201300014157,31,1,2013,13,1,13,55,2,1,1,6,"58, AVE DES ROCHES",43.28004,5.36529
201300014158,12,7,2013,12,1,13,55,1,1,1,7,VOL ENTREE N 3 PORT POIN,43.24202,5.36395
201300014159,23,1,2013,10,1,13,55,2,1,8,4,"27, AVE DE LA CORSE",43.28942,5.36391
201300014160,30,1,2013,15,1,13,55,2,3,1,1,"46, BD DE LA FEDERATION",43.31217,5.40277
201300014161,1,1,2013,22,5,13,55,2,2,2,3,BD DE PLOMBIERES,43.31523,5.3872
201300014162,6,2,2013,21,5,13,55,1,3,1,6,AVE CAMILLE PELLETAN,43.30806,5.37399
201300014163,29,1,2013,11,1,13,55,2,1,2,2,"22, BD DE LA LIBERTE",43.3009,5.38224
201300014164,4,2,2013,14,1,13,55,2,1,1,4,"45, CHE DE SAINT ANTOINE",43.3713,5.35879
201300014165,19,8,2013,12,1,13,55,2,1,1,4,"137, BD ROMAIN ROLLAND",43.27675,5.41888
201300014166,21,1,2013,8,1,13,55,2,1,1,6,"111, RUE ALBERT EINSTEIN",43.33871,5.4372
201300014167,23,10,2013,15,1,13,55,2,1,1,3,"84, BD BOUYALA D' ARNAUD",43.29867,5.43975
201300014168,10,2,2013,20,5,13,55,2,1,2,3,"152, AVE DE FRAIS VALLON",43.32469,5.43513
201300014169,11,2,2013,8,1,13,55,2,1,2,2,"70, AVE DES OLIVES",43.3281,5.43466
201300014170,6,2,2013,9,1,13,55,2,1,1,2,"20, AVE DE LA VISTE",43.35473,5.35721
201300014171,27,4,2013,12,1,13,55,2,2,1,3,"34, RUE DE FORBIN",43.30535,5.36937
201300014172,18,2,2013,13,1,13,55,2,3,1,7,"46, AV CESAR BOY",43.29585,5.48225
201300014173,18,6,2013,12,1,13,55,2,1,1,3,"24, RUE EDOUARD CALVET",43.33076,5.38485
201300014174,11,2,2013,17,1,13,55,2,1,1,3,"51, BD PIERRE DRAMARD",43.37738,5.36065
201300014175,8,2,2013,13,1,13,55,2,1,1,1,"278, CHE DE SAINT ANTOIN",43.36364,5.36118
201300014176,21,1,2013,18,4,13,55,2,1,1,7,"669, CHE DU LITTORAL",43.35624,5.32754
201300014177,5,2,2013,12,1,13,55,2,1,1,2,"251, BD ROMAIN ROLLAND",43.27378,5.41394
201300014178,7,1,2013,21,5,13,55,2,3,1,3,"220, RUE CHARLES KADDOUZ",43.31753,5.43849
201300014179,7,2,2013,10,1,13,75,2,6,1,6,"1, GENERAL DE GAULLE (MA",43.34541,5.46474
201300014180,6,2,2013,8,1,13,55,2,1,1,6,"1, RPT ANDRE ROUSSIN CON",43.35383,5.33812
201300014181,11,2,2013,19,5,13,55,2,1,1,1,"358, RUE PARADIS",43.27849,5.38312
201300014182,7,2,2013,8,1,13,55,2,1,1,6,"140, CHE DE SAINT JOSEPH",43.32576,5.38804
201300014183,2,2,2013,9,1,13,55,2,1,1,3,"100, TRA DE LA MALVINA",43.32029,5.46097
201300014184,9,4,2013,18,1,13,55,2,1,1,3,"20, BD RABATAU",43.27244,5.39192
201300014185,6,2,2013,10,1,13,55,2,1,1,3,"171, BD MIREILLE LAUZE",43.28364,5.41754
201300014186,30,12,2013,16,1,13,55,2,1,1,6,"42, RUE CONSOLAT",43.30018,5.38745
201300014187,5,2,2013,16,1,13,55,2,1,1,3,"11, RTE DE LA VALENTINE",43.28972,5.4644
201300014188,2,1,2013,19,5,13,55,2,1,1,3,"27, BD LOUIS BOTINELLY",43.30132,5.4046
201300014189,7,2,2013,3,5,13,55,2,1,6,3,VSN QUAI DU PORT A LOGE,0.0,0.0