Num_Acc,jour,mois,an,hr,condition_eclairage,departement,commune,condition_agglomeration,intersection,condition_atmosphere,type_collision,adresse,lattitude,longitude
201300014190,13,6,2013,8,1,13,55,2,1,1,6,"194, AVE DE MAZARGUES",43.26469,5.39162
201300014191,10,1,2013,14,1,13,55,2,3,1,3,"17, AVE ALEXANDRE ANSALD",43.33225,5.40409
201300014192,11,1,2013,13,1,13,55,2,3,1,3,"21, RUE MARIUS BRIATA",43.32045,5.43911
201300014193,12,2,2013,13,1,13,55,2,1,1,5,"10, BD LAVERAN",43.32782,5.41376
201300014194,26,1,2013,13,1,13,55,2,1,1,6,"32, RUE DE LA JOLIETTE",43.30244,5.37263
201300014195,20,12,2013,20,5,13,55,2,1,9,6,BD NATIONAL,0.0,0.0
201300014196,25,9,2013,9,1,13,55,2,1,1,2,"10, BD LAVERAN",43.32782,5.41376
201300014197,29,1,2013,19,5,13,55,2,1,1,6,"00, AVE DE LA CROIX ROUG",0.0,0.0
201300014198,18,12,2013,21,5,13,55,2,3,1,3,"76, RUE AUGUSTIN AUBERT",43.26388,5.40431
201300014199,20,2,2013,5,5,13,55,2,2,1,3,"8, RUE BERNEX",43.30061,5.38838
201300014200,19,12,2013,7,2,13,55,2,2,1,3,"00, AVE BENJAMIN DELESSE",43.28234,5.40513
201300014201,20,2,2013,11,1,13,55,2,2,1,3,AVE DU MARCHE NATIONAL,43.34048,5.37856
201300014202,3,2,2013,6,2,13,55,2,1,1,7,RPT PROFESSEUR HENRI GAS,43.26156,5.41433
201300014203,2,1,2013,17,5,13,55,2,1,1,1,RUE LE CHATELIER,0.0,0.0
201300014204,13,2,2013,17,1,13,55,2,1,1,3,"1, BD DU CAPITAINE GEZE",43.33026,5.36996
201300014205,7,2,2013,10,1,13,55,2,1,1,6,QAI D ARENC,0.0,0.0
201300014206,6,2,2013,15,1,13,55,2,3,1,3,51 Avenue Alexandre Duma,43.263,5.38844
201300014207,2,2,2013,15,1,13,55,2,2,1,3,"6, RUE DIEUDE",43.29241,5.38214
201300014208,9,12,2013,9,1,13,55,2,1,1,6,"53, BD CAMILLE FLAMMARIO",43.30565,5.39224
201300014209,2,2,2013,18,5,13,55,2,1,6,6,"169, COR PRESIDENT JOHN",43.28578,5.35083
201300014210,11,2,2013,17,1,13,55,2,2,1,3,"71, AVE DE TOULON",43.28501,5.38964
201300014211,4,8,2013,15,1,13,55,2,1,1,6,"202, RTE LEON LACHAMP",43.24851,5.45371
201300014212,31,1,2013,15,1,13,55,2,1,1,2,"36, CHE DU ROY D' ESPAGN",0.0,0.0
201300014213,7,2,2013,14,1,13,55,2,1,1,6,AVE SALVADOR ALLENDE,0.0,0.0
201300014214,7,2,2013,19,5,13,55,2,1,1,3,"27, BD DE PLOMBIERES",43.31522,5.38674
201300014215,4,2,2013,15,1,13,55,2,3,1,3,"142, AVE DE LA VISTE",43.36262,5.35723
201300014216,14,2,2013,16,1,13,75,2,1,1,3,"126, FREDERIC MISTRAL (A",43.35177,5.47348
201300014217,19,1,2013,0,5,13,55,2,1,1,6,"1, CRS JEAN BALLARD",43.29388,5.37428
201300014218,3,2,2013,16,1,13,55,2,3,1,3,"35 bis, AVE DES CHUTES L",43.31481,5.39765
201300014219,18,1,2013,18,5,13,55,2,1,1,6,"355, AVE DU PRADO",43.27032,5.38792
201300014220,8,2,2013,12,1,13,55,2,1,1,2,"9, RUE ROGER RENZO",43.27878,5.39378
201300014221,29,1,2013,17,1,13,55,2,1,1,3,"151, VLO GOUFFONE PROLON",0.0,0.0
201300014222,6,2,2013,9,1,13,55,2,1,1,2,AVE FLORIAN,0.0,0.0
201300014223,6,2,2013,18,2,13,55,2,1,1,3,"., BD PAUL CLAUDEL",0.0,0.0
201300014224,29,1,2013,20,5,13,55,2,6,2,3,", RPT DE MAZARGUES",43.25072,5.40358
201300014225,6,2,2013,7,1,13,55,2,1,1,1,"170, AVE CLOT BEY",43.25543,5.38222
201300014226,7,2,2013,14,1,13,55,2,1,1,3,"56, BD DE LA VALBARELLE",43.28699,5.44592
201300014227,26,1,2013,7,2,13,55,2,1,1,2,"00, RUE JACQUES PICON",0.0,0.0
201300014228,13,10,2013,7,2,13,55,2,1,1,6,CHE DE LA MADRAGUE VILLE,0.0,0.0
201300014229,5,2,2013,20,5,13,55,2,1,1,6,"00, AVE DE SAINT LOUIS",0.0,0.0
201300014230,8,2,2013,19,5,13,55,2,1,1,6,"00, AVE DE SAINT BARNABE",0.0,0.0
201300014231,10,2,2013,19,5,13,55,2,1,1,6,"00, BD RABATAU",0.0,0.0
201300014232,20,2,2013,23,5,13,55,2,1,1,1,RUE LOUBON,0.0,0.0
201300014233,6,2,2013,18,5,13,55,2,1,1,3,"25, RUE DES BERGERS",43.29139,5.38469
201300014234,23,2,2013,1,5,13,55,2,2,1,3,"12, BD SAKAKINI",43.2988,5.40086
201300014235,6,2,2013,7,1,13,55,2,2,1,3,RUE FARGES,43.28042,5.38366
201300014236,18,2,2013,6,5,13,55,2,1,1,3,BD SCHLOESING,0.0,0.0
201300014237,16,2,2013,13,1,13,55,2,4,1,3,"68, BD LAZER",43.27829,5.40453
201300014238,21,3,2013,10,1,13,55,2,1,1,6,"10, BD DIE",43.31763,5.42562
201300014239,10,1,2013,14,1,13,55,2,1,1,6,"87, RUE PARADIS",43.29028,5.37811
201300014240,28,10,2013,20,5,13,55,2,3,1,3,"137, AVE DE LA CAPELETTE",43.28117,5.4058
201300014241,20,1,2013,16,1,13,55,2,2,1,3,"81, RUE SAINTE",43.2915,5.37084
201300014242,22,9,2013,14,1,13,55,2,1,1,1,"82, AVE DE LA CROIX ROUG",43.3328,5.43594
201300014243,6,2,2013,7,1,13,55,2,1,1,3,"27, BD JEAN MOULIN",43.28866,5.40021
201300014244,18,2,2013,18,2,13,55,2,1,1,6,PCE DE L HOTEL DES POSTE,43.29906,5.3741
201300014245,19,2,2013,9,1,13,55,2,1,1,3,"62, AVE DU MERLAN",43.33723,5.4074
201300014246,7,2,2013,8,1,13,55,2,2,1,3,"94, AVE DE LA CORSE",43.28935,5.3576
201300014247,6,2,2013,14,1,13,55,2,1,1,4,"0, AVE ALEXANDRE FLEMING",0.0,0.0
201300014248,6,2,2013,11,1,13,55,2,1,1,6,"61, BD FRANCOISE DUPARC",43.30428,5.40095
201300014249,12,1,2013,12,1,13,55,2,1,1,3,"11, CRS JEAN BALLARD",43.29293,5.37473
201300014250,14,2,2013,21,5,13,55,2,2,1,3,"12, RUE DE LA REPUBLIQUE",43.29692,5.37363
201300014251,31,1,2013,9,1,13,55,2,1,1,6,"38, AVE PROSPER MERIMEE",43.33042,5.40434
201300014252,13,2,2013,14,1,13,55,2,1,1,6,"5, BD DUGOMMIER",43.2981,5.38099
201300014253,22,2,2013,21,5,13,55,2,1,1,2,"71, RUE D' ITALIE",43.28819,5.3833
201300014254,22,2,2013,21,5,13,55,2,1,1,6,"592, RUE SAINT PIERRE",43.29047,5.42098
201300014255,13,2,2013,14,1,13,55,2,1,1,6,"4, BD SAKAKINI",43.29945,5.40089
201300014256,10,2,2013,14,1,13,55,2,1,2,4,"147, BD RABATAU",43.27938,5.39928
201300014257,19,2,2013,7,1,13,55,2,1,1,2,"1, BD SCHLOESING",43.27655,5.3994
201300014258,12,2,2013,5,3,13,55,2,1,1,6,AVE DES POILUS,43.31613,5.46115
201300014259,23,2,2013,17,1,13,55,1,1,1,7,PCE DES MALOUINS,43.36281,5.36721
201300014260,4,2,2013,13,1,13,55,2,1,1,6,"11, BD SCHLOESING",43.2762,5.39944
201300014261,15,2,2013,8,1,13,55,2,1,1,3,"31, RUE AVIATEUR LE BRIX",43.26146,5.40382
201300014262,18,1,2013,7,2,13,55,2,1,1,6,CHE DES JONQUILLES,0.0,0.0
201300014263,15,2,2013,8,1,13,55,2,1,1,6,"00, CHE HENRI BEYLE",0.0,0.0
201300014264,5,2,2013,9,1,13,55,2,1,1,2,RPT PIERRE PARAF,43.33024,5.38841
201300014265,17,2,2013,20,5,13,55,2,1,1,7,AVE JEAN PAUL SARTRE,43.32212,5.41776
201300014266,21,2,2013,9,1,13,55,2,1,1,6,"1, IMP DE LA BARNIERE",43.28156,5.40608
201300014267,30,12,2013,0,5,13,55,2,2,1,3,"00, BD DE PLOMBIERES",43.31495,5.38793
201300014268,19,2,2013,14,1,13,55,2,1,1,3,BD JEAN EUGENE CABASSUD,0.0,0.0
201300014269,12,2,2013,8,1,13,55,2,1,1,6,AVE DE LA ROSE,43.32677,5.42275
201300014270,6,2,2013,14,1,13,55,2,1,1,6,"00, RUE MONTAIGNE",0.0,0.0
201300014271,16,2,2013,13,1,13,55,2,1,1,2,"00, CHE DE LA PARETTE",0.0,0.0
201300014272,18,1,2013,0,5,13,55,2,1,1,6,"00, RUE SAINT PIERRE",0.0,0.0
201300014273,18,2,2013,10,1,13,55,2,1,1,6,"00, BD DE LA COMTESSE",0.0,0.0
201300014274,27,2,2013,12,1,13,55,2,1,1,6,"52, AVE DE LA VISTE",43.35672,5.35744
201300014275,27,2,2013,1,5,13,55,2,1,1,6,"118, BD DE SAINT LOUP",43.2829,5.43246
201300014276,13,2,2013,8,1,13,55,2,1,1,2,"256, BD DANIELLE CASANOV",43.33211,5.37701
201300014277,22,2,2013,23,5,13,55,2,1,1,3,"41, VOI LA CANEBIERE",43.29638,5.37767
201300014278,24,2,2013,20,5,13,55,2,3,1,3,"01, RUE BASSE SAINTE PHI",43.28402,5.38479
201300014279,7,2,2013,15,1,13,55,2,7,1,3,"1, PCE DU DOCTEUR LEON I",43.29446,5.39793
201300014280,18,2,2013,13,1,13,55,2,1,1,4,"395, COR PRESIDENT JOHN",43.27002,5.36577
201300014281,8,2,2013,11,1,13,55,2,1,1,2,"30, ALL LEON GAMBETTA",43.24597,5.43024
201300014282,14,1,2013,9,1,13,55,2,1,1,5,"27, BD JEAN MOULIN",43.28869,5.40022
201300014283,1,2,2013,8,1,13,55,2,1,1,1,"92, BD FRANCOISE DUPARC",43.30507,5.401
201300014284,16,2,2013,16,1,13,55,2,2,1,3,RUE HORACE BERTIN,43.29578,5.39158
201300014285,20,2,2013,9,1,13,55,2,1,1,3,"380, RUE SAINT PIERRE",43.29157,5.41026
201300014286,16,2,2013,14,1,13,55,2,1,1,6,"06, PCE SADI CARNOT",43.29954,5.37168
201300014287,16,2,2013,23,5,13,55,2,1,1,6,"152, RUE SAINT PIERRE",43.29228,5.39645
201300014288,29,9,2013,12,1,13,55,1,6,1,6,"00, RPT DOCTEUR ARTHUR F",43.24922,5.38689
201300014289,28,2,2013,2,5,13,55,2,1,1,6,"157, RUE DE ROME",43.28882,5.38215
201300014290,21,2,2013,11,1,13,55,2,1,1,6,AVE DES CHARTREUX,43.30293,5.39703
201300014291,7,2,2013,11,1,13,55,2,1,1,2,"08, CHE DU VALLON DE TOU",43.26793,5.4195
201300014292,25,3,2013,1,5,13,55,2,3,8,6,"46, BD MERLE",43.30053,5.41276
201300014293,26,2,2013,7,2,13,55,2,1,1,2,24 RUE JOBIN,43.31018,5.3897
201300014294,2,2,2013,13,1,13,55,2,1,1,7,"160, BD DE LA BARASSE RN",43.28465,5.4845
201300014295,23,9,2013,7,2,13,55,2,1,1,6,"152, BD DE SAINT MARCEL",43.2878,5.46439
201300014296,19,12,2013,17,5,13,55,2,1,1,6,"88, BD DE SAINTE MARGUER",43.26823,5.40625
201300014297,19,2,2013,12,1,13,55,2,1,1,6,PCE DU CABOT,43.25869,5.41729
201300014298,8,2,2013,16,1,13,55,2,3,1,3,BD MICHELET,43.26946,5.39301
201300014299,5,2,2013,16,1,13,55,2,1,1,3,"139, AVE DES OLIVES",43.3265,5.43826
201300014300,5,3,2013,20,5,13,55,2,1,2,4,"36, AVE DE SAINT BARNABE",43.30409,5.4109
201300014301,19,2,2013,14,1,13,55,2,1,1,2,"01, AVE PIERRE MENDES FR",43.26146,5.3749
201300014302,2,2,2013,21,5,13,55,2,1,1,3,"35, BD DE LA COMTESSE",43.31387,5.44743
201300014303,26,2,2013,20,5,13,55,2,1,1,6,"112, AVE DE LA CAPELETTE",43.28116,5.40579
201300014304,19,2,2013,13,1,13,55,2,1,1,3,"23, BD DE LA CONCORDE",43.24989,5.40277
201300014305,15,2,2013,19,5,13,55,2,1,1,2,"122, RUE SAINT JEAN DU D",43.29558,5.43335
201300014306,22,2,2013,8,1,13,55,2,1,1,3,"108, AVE JULES CANTINI",43.28133,5.39211
201300014307,19,10,2013,23,5,13,55,2,1,1,6,"141, AVE DE LA VISTE",43.36139,5.3574
201300014308,2,2,2013,18,5,13,55,2,1,6,3,"59, BD PAUL CLAUDEL",43.26851,5.40933
201300014309,12,2,2013,15,1,13,55,2,1,1,6,PCE FELIX BARET,43.29186,5.37953
201300014310,26,12,2013,11,1,13,55,2,1,1,3,"24, ALL LEON GAMBETTA",43.29908,5.38228
201300014311,16,2,2013,13,1,13,55,2,1,1,4,AVE DE LATTRE DE TASSIGN,0.0,0.0
201300014312,16,11,2013,20,5,13,55,2,1,2,6,"96, BD FRANCOISE DUPARC",43.30521,5.401
201300014313,24,2,2013,15,1,13,55,2,9,1,3,"001, AVE DU MARCHE NATIO",43.34148,5.37312
201300014314,28,2,2013,19,5,13,55,2,1,1,2,"54, AVE DE LA CROIX ROUG",43.33153,5.43351
201300014315,23,2,2013,14,1,13,55,2,1,1,6,"35, BD DE STRASBOURG",43.30767,5.37602
201300014316,5,2,2013,15,1,13,55,2,1,1,5,"28, BD BUREL",43.31729,5.38981
201300014317,23,1,2013,16,1,13,55,2,1,8,6,"6, BD DE LA VALBARELLE",43.286,5.44321
201300014318,16,2,2013,17,1,13,55,2,1,1,6,"04, RUE DE LYON",43.32302,5.36771
201300014319,2,3,2013,19,2,13,55,2,1,1,2,"22, CHE DE SAINT ANTOINE",43.36732,5.35662
201300014320,28,2,2013,9,1,13,55,2,1,1,6,"24, RUE GUIBAL",43.30629,5.38508
201300014321,29,10,2013,13,1,13,55,1,1,1,6,"131, BD MIREILLE LAUZE",43.2832,5.41195
201300014322,26,2,2013,15,1,13,55,2,1,1,5,"75, BD FRANCOISE DUPARC",43.3053,5.40089
201300014323,8,3,2013,8,1,13,55,2,2,2,3,"139, CHE DU VALLON DE L'",43.27971,5.36241
201300014324,20,2,2013,18,2,13,55,2,3,1,1,"45, R DE L AUDIENCE",43.29629,5.48605
201300014325,9,1,2013,16,1,13,55,2,3,1,3,"6, RUE BUGEAUD",43.30686,5.38369
201300014326,28,11,2013,20,5,13,55,2,1,1,6,"00, BD PAUL CLAUDEL",0.0,0.0
201300014327,13,1,2013,10,1,13,55,2,3,2,3,AV ALEXANDRE ANSALDI,43.33574,5.39886
201300014328,22,2,2013,9,1,13,55,2,1,7,6,"163, AVE DE SAINT LOUIS",43.34868,5.35892
201300014329,26,2,2013,10,1,13,55,2,1,1,6,"207, RUE DE ROME",43.28676,5.38325
201300014330,26,2,2013,11,1,13,55,2,1,1,3,"6, PCE CASTELLANE",43.28606,5.38353
201300014331,27,2,2013,18,1,13,55,2,1,1,2,"4, BD THEODORE THURNER",43.29138,5.38316
201300014332,18,7,2013,19,1,13,55,2,1,1,6,"177, RUE DU ROUET",43.27734,5.39337
201300014333,5,3,2013,10,1,13,55,2,2,2,7,"55, RUE DE LA PALUD",43.29294,5.3802
201300014334,7,2,2013,11,1,13,55,2,1,1,6,"06, BD DE LA BOUGIE",43.32221,5.3918
201300014335,22,2,2013,15,1,13,55,2,1,1,6,"65, AVE DE LA CAPELETTE",43.28287,5.40209
201300014336,20,2,2013,8,1,13,55,2,6,1,2,"00, RPT AVE DE LA ROSE O",0.0,0.0
201300014337,8,2,2013,21,5,13,55,2,4,1,3,"12, RUE D' ORANGE",43.31279,5.38635
201300014338,12,2,2013,20,5,13,55,2,1,1,6,"00, CHE DE SAINT JOSEPH",0.0,0.0
201300014339,11,3,2013,9,1,13,55,2,1,1,4,AVEN DE FRAIS VALLON,0.0,0.0
201300014340,4,12,2013,17,5,13,55,2,1,1,6,"05, RUE DE LYON",43.32321,5.36764
201300014341,21,7,2013,23,4,13,55,2,1,1,2,"376, AVE DU PRADO",43.26991,5.38729
201300014342,8,3,2013,20,5,13,55,2,1,1,2,"53, AVE DE SAINT JUST",43.31536,5.40372
201300014343,12,3,2013,8,1,13,55,2,1,8,3,"28, BD PERIER",43.27956,5.38529
201300014344,5,2,2013,12,1,13,55,2,1,1,6,"19, BD DE SAINTE MARGUER",43.26908,5.40317
201300014345,21,2,2013,11,1,13,55,2,1,1,3,PIERRE CHEVALIER (RUE),0.0,0.0
201300014346,4,3,2013,5,5,13,55,2,1,1,1,"21, MTE D' EOURES",43.30039,5.51379
201300014347,15,2,2013,7,1,13,55,2,1,1,6,"150, AVE DE MONTREDON",43.23906,5.36562
201300014348,25,2,2013,13,1,13,55,2,1,1,2,"19, BD DE LA PUGETTE",43.26849,5.40103
201300014349,2,3,2013,4,5,13,55,2,1,1,6,"4, BD MIREILLE JOURDAN-B",43.24408,5.37849
201300014350,28,2,2013,0,5,13,75,2,6,1,2,"1, JEAN GIONO (AVE)",0.0,0.0
201300014351,23,2,2013,23,5,13,55,2,1,1,7,"28, AVE DE BOIS LUZY",43.31025,5.42089
201300014352,11,1,2013,8,1,13,55,2,1,1,3,"79, CHE DE PALAMA",43.35573,5.43957
201300014353,22,2,2013,13,1,13,55,2,1,1,2,"23, CHE DE L ARMEE D AFR",43.29078,5.40473
201300014354,27,2,2013,17,1,13,55,2,1,1,7,"25, QAI DES BELGES",43.2947,5.37454
201300014355,31,1,2013,19,5,13,55,2,1,1,6,AVE CLOT BEY,0.0,0.0
201300014356,5,2,2013,18,5,13,55,2,1,1,1,AVE DE LUMINY,0.0,0.0
201300014357,11,12,2013,11,1,13,55,2,2,1,6,"00, BD JEAN MOULIN",43.29237,5.40114
201300014358,9,2,2013,20,5,13,55,2,1,1,3,"410, RUE PARADIS",43.27618,5.38405
201300014359,29,11,2013,10,1,13,55,2,1,1,6,"24, TRA RAYNOUARD",43.28575,5.39109
201300014360,11,2,2013,16,1,13,55,2,1,1,2,"30, RUE LOUIS REGE",43.28154,5.39168
201300014361,14,2,2013,15,1,13,55,2,1,1,7,AVE DE LATTRE DE TASSIGN,0.0,0.0
201300014362,28,2,2013,15,1,13,55,1,6,1,2,"112, AVE DES PEINTRES RO",43.30403,5.4725
201300014363,5,3,2013,23,5,13,55,2,1,3,6,"03, BD QUEIREL",43.28275,5.4331
201300014364,2,3,2013,10,1,13,55,2,1,1,3,"51, AVE FRANCOIS MIGNET",43.33175,5.42861
201300014365,4,3,2013,14,1,13,55,2,1,1,6,"87, AVE DE FRAIS VALLON",43.3252,5.43377
201300014366,8,2,2013,14,1,13,55,2,1,1,6,"4, CHE DE SAINT ANTOINE",43.34902,5.37576
201300014367,23,2,2013,5,5,13,55,2,1,1,7,"50, RUE MADON",43.29324,5.39997
201300014368,6,3,2013,18,1,13,55,2,1,1,7,"99, RUE D ENDOUME",43.28706,5.36422
201300014369,28,2,2013,14,1,13,55,2,1,1,2,"16, RUE DE LA GRANDE ARM",43.30058,5.38393
201300014370,9,3,2013,23,5,13,55,2,1,1,2,"119, COR PRESIDENT JOHN",43.28751,5.35221
201300014371,31,1,2013,11,1,13,55,2,4,1,3,"37, AVE DE LA POINTE ROU",43.24799,5.37473
201300014372,16,2,2013,16,1,13,55,2,1,1,1,"00, CHE DE GIBBES",0.0,0.0
201300014373,27,2,2013,14,1,13,55,2,1,1,6,"70, RUE MONTGRAND",43.29103,5.37556
201300014374,4,3,2013,12,1,13,55,2,1,1,6,"00, RUE JEAN QUEILLAU",0.0,0.0
201300014375,4,12,2013,14,1,13,55,2,1,1,6,"38, AVE DE LA VISTE",43.35562,5.35733
201300014376,22,12,2013,19,5,13,55,2,1,1,6,"151, BD PAUL CLAUDEL",43.26819,5.41582
201300014377,18,2,2013,10,1,13,55,2,1,1,3,"32, RUE LOUBON",43.31204,5.37926
201300014378,7,9,2013,12,1,13,55,2,1,1,2,"262 bis, BD DE SAINT LOU",43.2854,5.4413
201300014379,1,2,2013,20,5,13,55,2,1,1,6,"572, CHE DU LITTORAL",43.35451,5.33358
201300014380,15,3,2013,7,1,13,55,2,1,6,1,"35, AVE DE MONTREDON",43.24428,5.3716
201300014381,10,3,2013,23,5,13,106,2,2,1,6,HAUTE BEDOULE (CHEMIN DE,43.40687,5.36177
201300014382,5,3,2013,19,2,13,55,2,2,1,6,"1, BD DE SAINTE MARGUERI",43.26873,5.40393
201300014383,4,8,2013,23,5,13,55,2,1,1,6,"35, VSN CROIX ROUGE LA",0.0,0.0
201300014384,20,2,2013,18,1,13,55,2,1,1,6,"6, RUE TROMPETTE",43.33135,5.40755
201300014385,14,2,2013,15,1,13,55,2,1,1,6,"00, CHE DU LANCIER",0.0,0.0
201300014386,22,2,2013,16,1,13,55,2,1,1,6,"00, BD DU CAPITAINE GEZE",0.0,0.0
201300014387,2,3,2013,2,5,13,55,2,1,1,6,"00, RUE ESTELLE",0.0,0.0
201300014388,11,3,2013,12,1,13,55,2,1,1,6,"00, CHE DU LITTORAL",0.0,0.0
201300014389,12,1,2013,18,5,13,55,2,1,1,6,"51, RUE DU PANIER",43.29942,5.36685
201300014390,13,2,2013,11,1,13,55,2,1,1,6,"00, BD BUREL",0.0,0.0
201300014391,31,10,2013,7,2,13,55,2,1,1,6,"270, BD FERNAND BONNEFOY",43.28093,5.40138
201300014392,5,2,2013,17,1,13,55,2,1,1,6,"00, BD HENRI BARNIER",0.0,0.0
201300014393,5,2,2013,9,1,13,55,2,1,1,3,"92, BD HENRI BARNIER",43.3722,5.34891
201300014394,15,2,2013,20,5,13,55,2,1,1,3,AVE ARNAVON,0.0,0.0
201300014395,13,12,2013,19,5,13,55,2,1,1,6,"01, BD DE LA VERRERIE",43.23478,5.36041
201300014396,27,2,2013,15,1,13,55,2,1,1,2,"323, COR PRESIDENT JOHN",43.27429,5.36189
201300014397,28,2,2013,13,1,13,55,2,1,1,2,"317, COR PRESIDENT JOHN",43.27452,5.36121
201300014398,4,3,2013,11,1,13,55,2,1,1,4,"143, BD BAILLE",43.28854,5.39352
201300014399,5,3,2013,13,1,13,55,2,1,6,2,"111, AVE DE LA CORSE",43.28964,5.35693
201300014400,9,3,2013,15,1,13,55,2,1,1,6,"4, CRS BELSUNCE",43.2967,5.37746
201300014401,12,3,2013,16,1,13,55,2,1,1,6,"166, CHE DE NOTRE DAME D",43.33739,5.43237
201300014402,14,2,2013,9,1,13,55,2,1,1,2,"0, RUE CHALUSSET",43.31627,5.4005
201300014403,9,2,2013,2,5,13,55,2,2,1,6,"139, BD BAILLE",43.28831,5.39274
201300014404,1,2,2013,14,1,13,55,2,1,1,3,"173, AVE DE FRAIS VALLON",43.32448,5.43561
201300014405,7,3,2013,16,1,13,55,2,1,1,1,"128, CHE DE SAINT LOUIS",43.35389,5.35261
201300014406,21,6,2013,22,5,13,55,2,2,1,3,"13, BD BAILLE",43.28645,5.3855
201300014407,8,3,2013,16,1,13,55,2,3,1,3,TRA MARITIM,43.33945,5.35538
201300014408,28,6,2013,14,1,13,55,2,1,1,6,"9/11, BD DUGOMMIER",43.29819,5.38097
201300014409,8,3,2013,20,3,13,55,2,1,1,2,RPT PIERRE PARAF,43.3304,5.4101
201300014410,7,11,2013,4,5,13,55,2,1,1,6,"37, QAI DES BELGES",43.29415,5.37423
201300014411,21,12,2013,16,1,13,55,2,1,2,6,"47, PCE JEAN JAURES",43.29457,5.38695
201300014412,9,3,2013,15,1,13,2,2,1,1,2,"663, RASCOUS (CHEMIN DES",43.34551,5.47639
201300014413,7,3,2013,18,5,13,55,2,1,1,4,AVE FRANCOIS MIGNET,0.0,0.0
201300014414,10,3,2013,19,2,13,55,2,2,1,2,"0, BD NATIONAL",43.30348,5.38596
201300014415,15,3,2013,15,1,13,55,2,1,1,3,"76, BD SAKAKINI",43.29513,5.40074
201300014416,16,3,2013,11,1,13,55,2,8,1,6,"16, RUE DECAZES",43.28791,5.35963
201300014417,15,3,2013,11,1,13,55,2,3,1,3,CHE DU LITTORAL,0.0,0.0
201300014418,27,11,2013,7,5,13,55,2,1,2,6,"01, AVE FRANCOIS CHARDIG",43.29357,5.48362
201300014419,16,3,2013,11,1,13,55,2,1,1,6,"00, RUE ABBE DE L EPEE",0.0,0.0
201300014420,3,12,2013,12,1,13,55,2,1,1,1,"174, BD RABATAU",43.28138,5.39938
201300014421,19,3,2013,12,1,13,55,2,1,1,6,"1, AVE DE SAINT MENE",43.29011,5.49412
201300014422,20,3,2013,10,1,13,55,2,2,2,3,"1, CHE DE LA COMMANDERIE",43.34816,5.36239
201300014423,21,3,2013,7,1,13,55,2,1,1,1,"59, AVE ANNE MARIE",43.37892,5.35567
201300014424,26,1,2013,23,5,13,55,2,3,1,7,BD LAVOISIER,43.33827,5.36679
201300014425,17,2,2013,20,5,13,55,2,1,1,6,"00, AVE DE CHATEAU GOMBE",0.0,0.0
201300014426,8,3,2013,12,1,13,55,2,3,1,6,"00, RUE MARX DORMOY",43.30229,5.39548
201300014427,21,3,2013,7,1,13,55,2,2,1,3,"1, BD VINCENT DELPUECH",43.28304,5.39
201300014428,21,3,2013,11,1,13,55,2,1,1,6,"83, AVE JEAN LOMBARD",43.28911,5.43517
201300014429,12,2,2013,17,1,13,55,2,2,1,3,"252, BD CHAVE",43.29579,5.40033
201300014430,22,2,2013,14,1,13,55,2,2,1,3,CHE DU LITTORAL,43.34786,5.344
201300014431,11,3,2013,18,2,13,55,2,1,1,2,"40, RUE ALPHONSE DAUDET",43.31848,5.40723
201300014432,24,3,2013,0,5,13,55,2,1,3,6,"387, RUE DE LYON",43.33993,5.36151
201300014433,23,1,2013,8,1,13,55,2,1,1,3,"6, AVE ALEXANDRE FLEMING",43.31562,5.4015
201300014434,23,2,2013,18,5,13,55,2,2,1,3,"35, RUE DU PETIT SAINT J",43.29898,5.37883
201300014435,20,2,2013,16,1,13,55,2,1,1,3,"159, AVE ROGER SALENGRO",43.3165,5.36927
201300014436,13,3,2013,19,2,13,55,2,1,1,2,"1, AVE ALEXANDRE ANSALDI",43.33555,5.39966
201300014437,14,3,2013,16,1,13,55,1,3,1,3,"1, AVE DU MARCHE NATIONA",43.34128,5.37646
201300014438,15,3,2013,18,1,13,55,2,1,6,3,"219, BD DE SAINT LOUP",43.28481,5.43874
201300014439,24,2,2013,10,1,13,55,2,3,1,3,"65, BD DES DAMES",43.3024,5.36974
201300014440,12,2,2013,11,1,13,55,2,3,1,3,"1, AVE DU VALLON D' OL",43.38516,5.36226
201300014441,17,2,2013,4,5,13,55,2,3,1,3,RUE DE LA CREDENCE,43.32169,5.44839
201300014442,4,3,2013,10,1,13,55,2,1,1,6,"529, CHE DE LA MADRAGUE",43.3463,5.35486