Num_Acc,jour,mois,an,hr,condition_eclairage,departement,commune,condition_agglomeration,intersection,condition_atmosphere,type_collision,adresse,lattitude,longitude
201300014443,4,3,2013,19,5,13,55,2,1,1,3,AVE SALVADOR ALLENDE,0.0,0.0
201300014444,7,3,2013,17,1,13,55,2,1,1,6,"34, BD LAVERAN",43.32715,5.4137
201300014445,17,3,2013,0,5,13,55,2,1,1,6,"16, RUE BELLE DE MAI",43.30841,5.38177
201300014446,17,3,2013,18,2,13,55,2,1,1,4,"145, RUE ALPHONSE DAUDET",43.32211,5.41241
201300014447,22,3,2013,7,1,13,55,2,1,1,3,"35, AVE DE LA CROIX ROUG",43.33123,5.4324
201300014448,18,3,2013,12,1,13,2,1,1,2,7,"1349, ETIENNE CUCCA-CD90",43.35193,5.47663
201300014449,16,3,2013,18,5,13,106,2,1,1,2,"41, 8 MAI 1945 (AVENUE D",43.38728,5.35938
201300014450,26,3,2013,13,1,13,55,2,1,1,6,"118, BD DE LA CORDERIE",43.2899,5.36702
201300014451,7,3,2013,4,5,13,55,2,1,1,7,"313, COR PRESIDENT JOHN",43.27547,5.35989
201300014452,27,3,2013,7,1,13,55,2,1,1,3,"76, BD DES FAUVETTES",43.31559,5.43895
201300014453,13,3,2013,21,5,13,55,2,1,1,3,"47, QAI DE RIVE NEUVE",43.29242,5.36629
201300014454,21,3,2013,7,1,13,55,2,3,1,3,CHE DE SAINTE MARTHE,43.33095,5.38897
201300014455,21,3,2013,15,1,13,55,2,1,1,6,"26, AVE DU MERLAN",43.33388,5.40754
201300014456,27,3,2013,22,5,13,55,2,1,1,2,"222, RUE SAINT PIERRE",43.29249,5.40093
201300014457,30,1,2013,14,1,13,55,2,1,1,3,"224, AVE DU PRADO",43.27624,5.3892
201300014458,12,3,2013,7,1,13,55,2,1,1,6,"200, COR PRESIDENT JOHN",43.2753,5.36001
201300014459,16,2,2013,19,5,13,55,2,1,1,2,"39, RTE LEON LACHAMP",43.24634,5.4325
201300014460,2,3,2013,10,1,13,55,2,2,1,7,"40, AVE JULES CANTINI",43.28388,5.38744
201300014461,12,3,2013,21,5,13,55,2,1,1,6,"430, AVE DE LATTRE DE TA",43.24483,5.42762
201300014462,28,3,2013,11,1,13,55,2,1,2,3,"35, CRS LIEUTAUD",43.29364,5.38225
201300014463,28,1,2013,10,1,13,55,2,1,1,3,"18, BD DE LA CHARBONNEL",43.29748,5.41707
201300014464,24,2,2013,0,5,13,55,2,1,1,6,"0, AVE PIERRE MENDES FRA",0.0,0.0
201300014465,7,3,2013,16,1,13,55,2,1,1,2,"360, BD ROMAIN ROLLAND",43.27061,5.40747
201300014466,13,3,2013,18,5,13,55,2,1,1,3,"66, TRA PARANGON",43.24248,5.37959
201300014467,11,2,2013,10,1,13,55,2,1,1,6,"54, BD DU CAPITAINE GEZE",43.33095,5.37283
201300014468,21,2,2013,16,1,13,55,2,1,1,6,"18, BD DE PARIS",43.30609,5.37233
201300014469,8,3,2013,15,1,13,55,2,9,1,6,"133, AVE CLOT BEY",43.25722,5.38298
201300014470,3,3,2013,22,5,13,55,2,2,1,3,"1, RPT M.LAUZE/FLORIAN D",43.28584,5.42545
201300014471,9,3,2013,18,1,13,55,2,1,1,3,"86, BD DE PONT DE VIVAUX",43.28065,5.42107
201300014472,15,3,2013,16,1,13,55,2,1,1,6,"45, RUE DU ROUET",43.28293,5.38739
201300014473,20,3,2013,12,1,13,55,2,1,1,3,"91, RUE SAINT JEAN DU DE",43.29631,5.4336
201300014474,21,3,2013,8,1,13,55,2,1,1,7,"19, AVE DE SAINT MENE",43.28977,5.49545
201300014475,11,3,2013,17,1,13,55,2,1,1,6,"529, CHE DE LA MADRAGUE",43.3462,5.35482
201300014476,27,2,2013,19,3,13,55,2,1,1,3,"77, BD DU REDON",43.25499,5.42021
201300014477,8,3,2013,13,1,13,55,2,1,1,6,"366, AVE DU PRADO",43.27,5.38738
201300014478,9,2,2013,20,3,13,55,2,1,1,1,"142, BD CHAVE",43.29544,5.39464
201300014479,27,2,2013,17,1,13,55,2,1,1,2,BD ACHILLE MARCEL,43.28143,5.4248
201300014480,4,3,2013,13,1,13,55,2,1,1,2,"25/27, BD DE PONT DE VIV",43.28018,5.4196
201300014481,4,3,2013,20,5,13,55,2,1,1,3,"8, CR DE LA VALBARELLE A",43.28611,5.44335
201300014482,20,3,2013,14,1,13,55,2,1,1,2,"1, RPT PERE WRESINKI",43.33039,5.41012
201300014483,21,3,2013,11,1,13,55,2,1,1,3,"1, RUE ALBERT COHEN",43.36133,5.33722
201300014484,29,3,2013,11,1,13,55,2,1,8,2,AVE DES PEINTRES ROUX,0.0,0.0
201300014485,22,3,2013,17,1,13,55,2,6,1,3,RPT DOCTEUR MARIA,43.36365,5.34224
201300014486,19,3,2013,18,5,13,2,2,3,1,6,"1268, 7EME TIRAILLEURS A",43.33766,5.46518
201300014487,6,1,2013,15,1,13,55,2,1,1,2,"00, CHE DE SAINTE MARTHE",0.0,0.0
201300014488,20,2,2013,14,1,13,55,2,1,1,3,"109, CHE DE SAINTE MARTH",43.32467,5.38841
201300014489,21,3,2013,19,5,13,55,2,1,1,6,BD DU METRO,0.0,0.0
201300014490,3,4,2013,16,1,13,55,2,1,1,6,"189, AVE COLGATE",43.23236,5.40334
201300014491,22,3,2013,15,1,13,55,2,3,1,6,BD DE LA COMTESSE,43.31308,5.44746
201300014492,8,3,2013,17,1,13,55,2,1,1,6,"35, BD DE STRASBOURG",43.30768,5.37605
201300014493,27,3,2013,18,2,13,55,2,1,1,7,"222, RUE SAINT PIERRE",43.2927,5.40014
201300014494,15,3,2013,7,1,13,55,2,1,1,2,"15, AVE DE SAINT BARNABE",43.30458,5.40796
201300014495,11,3,2013,16,1,13,55,2,2,1,2,"17, RUE COLBERT",43.29926,5.37412
201300014496,15,3,2013,20,5,13,55,2,1,2,6,"383, BD NATIONAL",43.30604,5.38351
201300014497,14,3,2013,19,1,13,55,2,1,1,6,"80, RUE SAINTE",43.29135,5.37003
201300014498,1,4,2013,14,1,13,55,2,1,2,3,BD FRANCOISE DUPARC,43.30319,5.4007
201300014499,20,3,2013,17,1,13,55,2,9,1,6,"25, CHE DE L ARMEE D A",43.29075,5.40487
201300014500,27,3,2013,21,5,13,55,2,1,1,2,"1, PRO GEORGES POMPIDOU",43.26766,5.37213
201300014501,24,3,2013,15,1,13,55,2,1,3,6,"1, TRA DU COMMANDEUR",43.32449,5.45557
201300014502,11,2,2013,7,2,13,55,2,1,1,6,"00, CRS LIEUTAUD",0.0,0.0
201300014503,17,1,2013,20,5,13,55,2,1,1,6,"00, RUE BENEDIT",0.0,0.0
201300014504,13,3,2013,16,1,13,55,1,1,1,6,"01, BD DE L' HUVEAUNE",43.27175,5.40565
201300014505,5,4,2013,15,1,13,55,2,1,1,6,"139, AVE DE LA VISTE",43.36047,5.3575
201300014506,6,4,2013,2,5,13,55,2,1,1,1,"0, PCE ERNEST DELIBES",0.0,0.0
201300014507,2,4,2013,16,1,13,55,2,1,8,5,"151, BD MICHELET",43.26511,5.39548
201300014508,9,3,2013,22,5,13,55,2,1,1,1,"12, AVE DE SAINT ANTOINE",43.36632,5.35674
201300014509,8,4,2013,12,1,13,55,2,1,1,6,"1bis, RUE DES TROIS FRER",43.29256,5.38402
201300014510,7,2,2013,14,1,13,55,2,1,1,3,"178, BD DE PARIS",43.31308,5.36834
201300014511,18,3,2013,15,1,13,55,2,1,1,3,"62, BD DE PLOMBIERES",43.3159,5.38483
201300014512,1,4,2013,19,1,13,55,2,1,2,6,"5, BD GUSTAVE DESPLACES",43.30544,5.38101
201300014513,22,3,2013,9,1,13,55,2,4,1,3,"1, BD DANIELLE CASANOVA",43.32094,5.37473
201300014514,26,3,2013,8,1,13,106,2,3,1,3,NELSON MANDELA (AVE),43.40846,5.36656
201300014515,28,3,2013,8,1,13,2,2,1,2,2,"200, PROVENCE (AVENUE DE",43.33023,5.48492
201300014516,8,4,2013,21,5,13,55,2,1,1,7,"3, PCE JEAN JAURES",43.296,5.38689
201300014517,9,4,2013,13,1,13,55,2,1,1,6,"128, BD DE SAINT LOUP",43.28299,5.43273
201300014518,25,3,2013,10,1,13,55,2,1,1,6,"22, RUE SAINT SEBASTIEN",43.28533,5.3826
201300014519,4,4,2013,13,1,13,55,2,1,2,3,"143, BD BAILLE",43.28854,5.39353
201300014520,1,4,2013,20,5,13,55,2,6,2,6,"1, PCE LEVERRIER",43.30591,5.3933
201300014521,10,3,2013,16,1,13,55,2,1,1,3,PRK PLAGE DE L'ESTAQUE,43.35809,5.28871
201300014522,27,3,2013,18,5,13,55,2,1,1,2,"20, CHE DE SAINTE MARTHE",43.31835,5.39031
201300014523,23,3,2013,20,3,13,55,2,1,2,4,"57, AVE DES PEINTRES ROU",43.30898,5.46684
201300014524,3,4,2013,7,2,13,2,2,1,1,3,"676, CANTON VERT (AVENUE",43.34196,5.47122
201300014525,26,3,2013,17,1,13,55,2,1,1,6,"4, RUE D' ITALIE",43.29057,5.38165
201300014526,24,3,2013,13,1,13,55,2,1,3,3,"1, AVE SALVADOR ALLENDE",0.0,0.0
201300014527,14,2,2013,17,1,13,55,2,1,1,2,"204, AVE DE LA CROIX ROU",43.33488,5.44725
201300014528,7,4,2013,17,1,13,55,2,1,1,6,RUE DU CARGO RHIN FIDELI,0.0,0.0
201300014529,30,3,2013,11,1,13,2,1,1,1,7,ETIENNE CUCCA-CD908 (AVE,0.0,0.0
201300014530,24,2,2013,9,1,13,75,1,1,1,3,"140, FR?D?RIC CHEVILLON",43.34828,5.4652
201300014531,19,3,2013,11,1,13,55,2,1,1,2,"252, BD DES BASSINS DE R",0.0,0.0
201300014532,5,4,2013,16,1,13,55,2,1,1,6,"1, BD ROLAND DORGELES",43.34621,5.38049
201300014533,12,4,2013,8,1,13,55,2,1,1,2,"00, CHE DU ROY D' ESPAGN",0.0,0.0
201300014534,12,4,2013,13,1,13,55,2,1,1,6,PCE FELIX BARET,43.29186,5.37953
201300014535,15,4,2013,7,1,13,55,2,3,1,3,"2, CRS JEAN BALLARD",43.29406,5.37399
201300014536,26,3,2013,11,1,13,55,2,1,1,6,"00, AVE DU PRADO",0.0,0.0
201300014537,27,3,2013,20,5,13,55,2,3,1,3,"70, BD DE SAINT LOUP",43.28231,5.43025
201300014538,7,4,2013,1,5,13,55,2,1,1,6,"302, BD DE SAINT MARCEL",43.28621,5.4732
201300014539,30,3,2013,8,1,13,55,2,1,1,4,"36, BD DE SAINTE MARGUER",43.26864,5.40406
201300014540,20,3,2013,11,1,13,55,2,1,1,2,"122, BD DE SAINTE MARGUE",43.26763,5.40773
201300014541,30,3,2013,21,3,13,55,2,2,2,3,"42, BD LOUIS MAZAUDIER",43.31202,5.41908
201300014542,4,3,2013,14,1,13,55,2,1,1,3,"70, CHE DE LA PAGEOTTE",43.30159,5.52638
201300014543,1,4,2013,21,5,13,55,2,1,2,6,"223, AVE DES CAILLOLS",43.30401,5.44085
201300014544,2,4,2013,9,2,13,55,2,1,1,6,"20, AVE DE SAINT JULIEN",43.30453,5.4151
201300014545,3,4,2013,18,1,13,2,2,1,1,3,"1908, PROVENCE (AVENUE D",43.32281,5.46978
201300014546,4,4,2013,15,1,13,55,2,1,2,6,"13, RUE DE LA BOISERAIE",43.29796,5.42158
201300014547,15,4,2013,18,1,13,55,2,6,1,4,"160, AVE DES PEINTRES RO",43.30023,5.47709
201300014548,20,3,2013,11,1,13,55,2,1,1,3,"92, AVE ANDRE ZENATTI",43.24597,5.39013
201300014549,16,3,2013,20,5,13,55,2,1,2,1,"28, RUE RAPHAEL",43.26827,5.39114
201300014550,25,3,2013,16,1,13,55,2,1,1,6,"40, RTE DE LA SABLIERE",0.0,0.0
201300014551,2,3,2013,15,1,13,55,2,6,1,3,RPT DU LAPIN BLANC,43.24706,5.38261
201300014552,21,2,2013,20,5,13,55,2,2,1,3,"480, AVE DU PRADO",43.26526,5.38002
201300014553,7,4,2013,12,1,13,55,2,1,1,3,"27, AVE DU PRADO",43.28422,5.38505
201300014554,24,3,2013,18,2,13,55,2,1,2,3,"117, CHE DE SORMIOU",43.23134,5.40058
201300014555,8,4,2013,13,1,13,55,2,3,1,3,"387, VSN MICHELET CONTRE",43.25434,5.40133
201300014556,8,3,2013,22,4,13,55,2,3,1,3,"1, AVE JEAN BOUIN",43.26674,5.40285
201300014557,21,3,2013,8,1,13,55,2,1,1,6,"1, BD RABATAU",43.2729,5.39216
201300014558,7,4,2013,2,5,13,55,2,1,1,7,"11, BD NATIONAL",43.30212,5.38713
201300014559,15,1,2013,14,1,13,55,2,1,1,3,"49, TRA PARANGON",43.2427,5.37965
201300014560,28,3,2013,12,1,13,55,2,1,3,3,"81, RUE AUGUSTIN AUBERT",43.26524,5.40363
201300014561,24,3,2013,19,5,13,55,2,1,2,6,RPT LIEUTENANT COLONEL,43.2916,5.48558
201300014562,10,3,2013,0,4,13,75,2,4,1,3,"1, GENERAL LECLERC (AVE",43.34993,5.46513
201300014563,26,3,2013,7,1,13,55,2,1,1,4,"19, AVE DE SAINT MENET",43.28938,5.49673
201300014564,26,3,2013,17,1,13,55,2,1,1,3,"186, BD RABATAU",43.28113,5.39943
201300014565,28,3,2013,10,1,13,55,2,1,2,6,"84, AVE DE SAINT JULIEN",43.30589,5.41892
201300014566,16,4,2013,21,2,13,55,2,3,1,3,"358, RUE SAINT PIERRE",43.29177,5.40896
201300014567,5,3,2013,13,1,13,55,2,2,1,3,"26, RUE MADON",43.29401,5.39982
201300014568,29,3,2013,13,1,13,55,2,1,1,3,"46, BD DE LA FABRIQUE",43.25463,5.39938
201300014569,20,3,2013,9,1,13,55,1,1,3,6,RTE LEON LACHAMP,43.24622,5.43136
201300014570,13,3,2013,10,1,13,55,2,9,1,4,"59, AVE DE SAINT JUST",43.31607,5.404
201300014571,17,4,2013,9,1,13,55,2,1,1,6,"103, RUE JULES ISAAC",43.25106,5.40159
201300014572,14,3,2013,7,1,13,55,2,1,6,1,"42, RUE CHALUSSET",43.31686,5.39682
201300014573,6,4,2013,19,5,13,55,2,1,2,3,"16, RUE RUISSEAU MIRABEA",43.35108,5.35334
201300014574,12,1,2013,18,4,13,55,2,1,1,3,"94, BD FRANCOISE DUPARC",43.30576,5.40091
201300014575,14,3,2013,9,1,13,55,2,3,1,7,"0, AVE JEAN PAUL SARTRE",43.31378,5.40585
201300014576,24,3,2013,17,1,13,55,2,2,2,6,"79, BD DE STRASBOURG",43.30903,5.3784
201300014577,8,4,2013,8,1,13,55,2,1,1,3,"75, BD DE PARIS",43.30875,5.37083
201300014578,22,1,2013,8,1,13,55,2,1,1,6,"7, RUE DU REMPART",43.28866,5.36553
201300014579,19,4,2013,5,5,13,55,2,1,1,6,AVE MILLIE MATHYS,0.0,0.0
201300014580,8,2,2013,17,1,13,55,2,1,1,3,"325, COR PRESIDENT JOHN",43.27395,5.3623
201300014581,22,3,2013,7,1,13,55,2,1,1,6,"97, AVE DE LA CORSE",43.28906,5.35822
201300014582,8,4,2013,6,2,13,55,2,1,1,5,CRS LIEUTAUD,43.29302,5.38244
201300014583,8,4,2013,16,1,13,55,2,1,1,3,"13, BD DE LA CORDERIE",43.29064,5.37126
201300014584,9,4,2013,16,1,13,55,2,1,1,7,"206, BD CHAVE",43.29564,5.39818
201300014585,12,3,2013,17,5,13,55,2,1,1,7,"11, BD D ANJOU",43.33622,5.36242
201300014586,13,4,2013,16,1,13,55,2,1,1,3,"21, BD HENRI BARNIER",43.3732,5.35357
201300014587,21,3,2013,10,1,13,55,2,1,1,3,"108, AVE DE LA VISTE",43.35879,5.35764
201300014588,1,4,2013,18,1,13,55,2,1,2,2,"50, CHE DE SAINT ANTOINE",43.35119,5.37379
201300014589,23,3,2013,5,5,13,55,2,1,1,2,"00, BD GARIBALDI",0.0,0.0
201300014590,10,3,2013,14,1,13,55,2,1,1,2,"00, RUE JUNOT",0.0,0.0
201300014591,19,4,2013,8,1,13,55,2,1,1,6,"96, RUE DE L' EVECHE",43.30169,5.36708
201300014592,13,4,2013,0,5,13,55,2,1,1,6,"5, SQ SIDI BRAHIM",43.29751,5.39817
201300014593,15,3,2013,9,1,13,55,2,1,1,6,"62, AVE DE LA MADRAGUE D",43.23638,5.36214
201300014594,4,4,2013,8,1,13,2,2,1,1,3,QUATRE SAISONS (ROUTE DE,0.0,0.0
201300014595,9,4,2013,8,1,13,75,2,1,1,2,"124, LIBERATION (AVE DE",43.34287,5.45757
201300014596,7,4,2013,13,1,13,55,2,1,1,6,"77, AVE DE LA CROIX ROUG",43.33268,5.43564
201300014597,11,4,2013,8,1,13,55,2,1,1,3,ECH ECHANGEUR SARTRE / S,0.0,0.0
201300014598,13,4,2013,20,1,13,55,2,1,1,6,AVE FERNAND SARDOU,0.0,0.0
201300014599,7,4,2013,8,1,13,2,2,1,1,6,"1, ETIENNE CUCCA-CD908 (",43.35788,5.49118
201300014600,21,4,2013,4,5,13,55,2,1,1,6,", BD PEBRE",0.0,0.0
201300014601,15,4,2013,18,1,13,55,2,1,1,6,BD DE PLOMBIERES,0.0,0.0
201300014602,20,3,2013,23,5,13,55,2,1,1,6,"00, QAI DE LA FRATERNITE",0.0,0.0
201300014603,2,3,2013,7,2,13,55,2,1,1,1,"00, AVE DES CAILLOLS",0.0,0.0
201300014604,23,4,2013,13,1,13,55,2,3,1,3,"27, BD ERNEST GASQUY",43.30179,5.4227
201300014605,23,4,2013,23,5,13,55,2,1,2,6,"80, RUE EDMOND ROSTAND",43.28475,5.38182
201300014606,12,4,2013,7,1,13,2,2,1,1,7,"52, ANGE MARTIN  (BOULEV",43.33279,5.46321
201300014607,9,4,2013,9,1,13,55,2,1,1,6,"92, BD FRANCOISE DUPARC",43.30507,5.401
201300014608,18,4,2013,12,1,13,55,2,1,1,2,"7, CRS JEAN BALLARD",43.29336,5.3745
201300014609,19,4,2013,15,1,13,55,2,1,1,7,"307, COR PRESIDENT JOHN",43.27563,5.35943
201300014610,19,1,2013,16,1,13,55,2,1,1,2,"0, CHE DU VALLON VERT",0.0,0.0
201300014611,25,1,2013,15,1,13,55,2,1,1,6,"210, BD DE LA LIBERATION",43.30264,5.39619
201300014612,18,3,2013,9,1,13,55,2,1,1,6,"23, CHE DE L ARMEE D AFR",43.29076,5.40469
201300014613,2,4,2013,16,1,13,55,2,1,1,7,"30, RUE STANISLAS TORREN",43.28755,5.37841
201300014614,31,3,2013,6,5,13,55,2,1,1,6,"40, RUE BRETEUIL",43.28932,5.37623
201300014615,24,4,2013,23,5,13,55,2,1,1,1,"163, AVE DE LA VISTE",43.36393,5.35707
201300014616,9,4,2013,11,1,13,55,2,1,1,6,"2, AVE PROSPER MERIMEE",43.32707,5.39594
201300014617,24,4,2013,22,5,13,55,2,3,1,7,"20, RUE AVIATEUR LE BRIX",43.2621,5.40429
201300014618,6,3,2013,6,1,13,55,2,2,1,3,"11, RUE CHATEAUBRIAND",43.28771,5.35909
201300014619,4,4,2013,16,1,13,55,2,1,2,2,"32, AVE DE LA CROIX ROUG",43.33105,5.43186
201300014620,11,4,2013,13,1,13,55,2,1,1,6,"156, AVE DE LA ROSE",43.32844,5.42581
201300014621,17,4,2013,16,1,13,55,2,1,1,7,"12, RUE D' ORANGE",43.31265,5.38638
201300014622,18,4,2013,14,1,13,55,2,1,1,6,"15, RUE JEAN QUEILLAU",43.33155,5.38712
201300014623,25,4,2013,14,1,13,55,2,1,1,6,"126, RUE PARADIS",43.28796,5.37919
201300014624,28,4,2013,15,1,13,55,2,1,2,1,"80, AVE DES AYGALADES",43.33748,5.36716
201300014625,28,2,2013,19,5,13,55,2,1,1,2,"1, AVE RAIMU",0.0,0.0
201300014626,16,3,2013,16,1,13,55,2,1,1,3,CHE DU MERLAN A LA ROSE,43.33071,5.40484
201300014627,24,3,2013,14,1,13,55,2,3,2,6,"31, RUE COUTELLERIE",43.29677,5.37253
201300014628,25,3,2013,8,1,13,55,2,1,1,2,"21, BD DU CAPITAINE GEZE",43.33031,5.37023
201300014629,23,4,2013,14,1,13,2,2,1,1,7,"22, GUERIDON (CHEMIN  DU",43.33347,5.48585
201300014630,11,4,2013,18,1,13,106,2,1,1,1,8 MAI 1945 (AVENUE DU),43.38589,5.35882
201300014631,28,4,2013,5,4,13,55,2,2,1,6,"17, RUE CAVAIGNAC",43.30714,5.38421
201300014632,26,4,2013,19,2,13,55,2,1,1,3,PRO DU GRAND LARGE,43.24193,5.36639
201300014633,27,4,2013,22,5,13,2,2,1,2,7,GENERAL LECLERC (AVENUE,0.0,0.0
201300014634,29,1,2013,12,1,13,55,2,1,2,6,"44, CRS PIERRE PUGET",43.29017,5.37339
201300014635,16,3,2013,11,1,13,55,1,1,1,7,RTE LEON LACHAMP,0.0,0.0
201300014636,23,4,2013,19,1,13,55,2,9,1,3,CHE DE SAINT ANTOINE A S,0.0,0.0
201300014637,17,4,2013,16,1,13,55,2,1,1,3,"44, BD DE PLOMBIERES",43.31563,5.38601
201300014638,18,4,2013,14,1,13,55,2,3,1,1,AVE DE LA VISTE,43.35637,5.35742
201300014639,24,4,2013,15,1,13,55,2,1,1,3,145 BD RABATAU,43.28141,5.39948
201300014640,27,3,2013,15,1,13,55,2,1,1,3,"70, BD SAINT JEAN",43.27923,5.40893
201300014641,10,1,2013,7,2,13,55,2,1,1,6,RUE FRANCOIS MAURIAC,43.27915,5.41703
201300014642,1,4,2013,4,2,13,55,2,2,1,2,RUE DE RUFFI,43.31292,5.37052
201300014643,31,3,2013,20,5,13,55,2,1,1,3,"322, BD ROMAIN ROLLAND",43.27176,5.40999
201300014644,13,4,2013,7,1,13,55,2,1,1,7,"39, BD GAY LUSSAC",43.33579,5.37453
201300014645,2,5,2013,10,2,13,55,2,3,1,2,AVE DE SAINT ANTOINE,43.37762,5.35626
201300014646,27,4,2013,2,5,13,55,2,2,2,6,"00, RUE BRETEUIL",43.29029,5.37582
201300014647,25,4,2013,6,2,13,55,2,3,1,3,"358, RUE SAINT PIERRE",43.29177,5.40896
201300014648,8,4,2013,17,1,13,55,2,1,1,3,"458, AVE DE SAINT ANTOIN",43.38315,5.35829
201300014649,11,3,2013,9,1,13,55,2,1,1,3,RUE ALBERT EINSTEIN,0.0,0.0
201300014650,24,4,2013,21,5,13,55,2,1,1,3,"152, AVE DE FRAIS VALLON",43.32469,5.43513
201300014651,2,5,2013,18,1,13,55,2,1,1,3,"116, BD DE SAINT MARCEL",43.28835,5.46282
201300014652,27,2,2013,17,1,13,55,2,6,1,2,AVE ARNAVON,43.33003,5.38778
201300014653,24,4,2013,17,1,13,55,2,6,1,6,"1, RPT HENRI MARTINET",43.2976,5.47919
201300014654,16,4,2013,9,1,13,55,2,1,1,3,"26, CRS JOSEPH THIERRY",43.30037,5.38668
201300014655,3,5,2013,22,5,13,55,2,1,1,2,"344, BD MICHELET",43.25805,5.39947
201300014656,5,5,2013,13,1,13,55,2,1,2,5,"38, BD BARRAL",43.26425,5.39228
201300014657,5,4,2013,9,1,13,55,2,1,1,3,"16, CRS LIEUTAUD",43.29518,5.38174
201300014658,23,4,2013,0,5,13,55,2,2,1,3,BD FRANCOISE DUPARC,43.30654,5.40101
201300014659,23,4,2013,19,1,13,55,2,1,1,3,"02, BD SAKAKINI",43.29954,5.40073
201300014660,27,4,2013,18,1,13,55,2,1,1,6,"58, VOI LA CANEBIERE",43.29726,5.3801
201300014661,25,4,2013,16,1,13,55,2,1,1,6,"6, BD JEAN MOULIN",43.28675,5.39982
201300014662,26,4,2013,8,1,13,55,2,2,8,3,CRS GOUFFE,43.28607,5.387
201300014663,22,2,2013,18,3,13,55,2,1,1,6,"86, VSN PONT DE VIVAUX B",43.28054,5.42079
201300014664,8,5,2013,18,1,13,55,2,1,1,6,"606, CHE DU LITTORAL",43.35378,5.32867
201300014665,8,5,2013,16,1,13,55,2,4,1,3,"121, CHE DES BOURRELY",43.38398,5.36517
201300014666,2,3,2013,10,1,13,55,2,1,7,6,RUE FRANCOIS MAURIAC,43.27559,5.41758
201300014667,18,3,2013,6,1,13,55,2,3,3,3,"322, BD ROMAIN ROLLAND",43.27131,5.40911
201300014668,12,4,2013,18,1,13,55,2,6,1,6,"19, AVE DE LA MARTHELINE",43.24628,5.3988
201300014669,15,4,2013,13,1,13,55,2,1,1,7,"295, RUE PIERRE DOIZE",43.27023,5.42317
201300014670,17,4,2013,18,1,13,55,2,1,1,6,"47, AVE DE LATTRE DE TAS",43.24818,5.40615
201300014671,30,4,2013,17,2,13,55,2,1,1,6,"246, AVE JOSEPH VIDAL",43.24963,5.37536
201300014672,6,5,2013,16,1,13,55,2,1,1,6,AVE FLORIAN,0.0,0.0
201300014673,29,3,2013,7,1,13,55,2,1,1,2,"43, BD VINCENT DELPUECH",43.28289,5.39228
201300014674,30,3,2013,17,1,13,55,2,3,1,3,"20, AVE D HAITI",43.29727,5.40729
201300014675,31,3,2013,18,1,13,55,2,1,1,2,"0000, AVE ALEXANDRE FLEM",0.0,0.0
201300014676,19,4,2013,7,2,13,55,2,1,1,2,"14, BD JEAN MOULIN",43.28606,5.39897
201300014677,7,5,2013,2,5,13,55,2,4,1,1,"50, BD VOLTAIRE",43.30298,5.38491
201300014678,15,3,2013,12,1,13,55,2,1,1,6,"4, RUE RAYMOND TEISSEIRE",43.27506,5.39647
201300014679,31,3,2013,13,1,13,55,2,1,1,3,"58, AVE DU MERLAN",43.3367,5.40728
201300014680,25,4,2013,18,1,13,55,2,1,1,6,"08, RUE RIVOIRE",43.31357,5.37704
201300014681,12,1,2013,14,1,13,55,2,1,1,6,"01, BD JEAN EUGENE CABAS",43.28603,5.41283
201300014682,14,4,2013,2,5,13,55,2,3,1,1,"432, BD MICHELET",43.25269,5.40227
201300014683,18,3,2013,15,1,13,55,2,1,1,6,TRA DE LA MONTRE,43.29312,5.47378
201300014684,24,4,2013,11,1,13,55,2,2,1,3,RUE BREMOND,43.3278,5.4531
201300014685,26,4,2013,22,5,13,55,2,1,1,3,"01, CHE DU LITTORAL",0.0,0.0
201300014686,31,3,2013,13,1,13,55,2,1,7,6,"301, BD ROMAIN ROLLAND",43.2725,5.41125
201300014687,3,4,2013,13,1,13,55,2,1,1,3,"285, RPT DU PRADO",43.27296,5.39104
201300014688,8,4,2013,9,1,13,55,2,1,1,7,"11, TRA DE POMEGUES",43.25213,5.38392
201300014689,10,4,2013,8,1,13,55,2,3,1,2,"2, AVE D' HAIFA",43.25397,5.39428
201300014690,13,4,2013,16,1,13,55,2,1,1,6,"614, AVE DU PRADO",43.26281,5.37585
201300014691,17,4,2013,15,1,13,55,2,1,1,2,BD DE LA PUGETTE,43.26818,5.40018
201300014692,25,4,2013,21,5,13,55,2,1,1,7,"98, TRA DE LA MONTRE",43.29526,5.47892