Num_Acc,jour,mois,an,hr,condition_eclairage,departement,commune,condition_agglomeration,intersection,condition_atmosphere,type_collision,adresse,lattitude,longitude
201300014693,20,4,2013,16,1,13,55,2,1,1,3,RUE RAYMOND TEISSEIRE,0.0,0.0
201300014694,22,1,2013,17,5,13,55,2,1,1,6,"170, RPT COLLINE ST JOSE",0.0,0.0
201300014695,14,4,2013,9,1,13,55,2,1,1,1,"36, AVE FLORIAN",43.28365,5.42697
201300014696,18,1,2013,16,1,13,55,2,1,1,6,"42, AVE DU VINGT QUATRE",43.30779,5.42933
201300014697,22,1,2013,11,1,13,55,2,1,1,3,"162, BD DES LIBERATEURS",43.30328,5.45421
201300014698,31,1,2013,18,5,13,55,2,3,1,3,"79, AVE DE LA FOURRAGERE",43.29924,5.43039
201300014699,7,5,2013,17,1,13,55,2,1,1,6,"33, RUE DES TROIS ROIS",43.29313,5.38539
201300014700,3,4,2013,9,1,13,55,2,1,1,6,"1, RUE LOUIS REYBAUD",43.29738,5.42695
201300014701,6,4,2013,15,1,13,55,2,1,3,1,"42, AVE DE GARLABAN",43.299,5.42259
201300014702,9,4,2013,8,1,13,55,2,1,1,6,"270, RUE PARADIS",43.28128,5.38193
201300014703,10,4,2013,13,1,13,55,2,1,1,4,"3, RTE DE LA VALENTINE",43.29026,5.46344
201300014704,10,4,2013,18,1,13,55,2,1,1,4,AVE DES PEINTRES ROUX,0.0,0.0
201300014705,12,4,2013,11,1,13,75,2,1,1,6,"116, LIBERATION (AVE DE",43.34213,5.45728
201300014706,12,5,2013,5,5,13,55,2,2,1,3,"41, RUE DU DOCTEUR ESCAT",43.28348,5.38235
201300014707,1,2,2013,21,5,13,55,2,3,1,2,"85, AVE COLGATE",43.23265,5.40444
201300014708,14,3,2013,9,1,13,55,2,1,6,6,"36, AVE DE LA CORSE",43.28933,5.36314
201300014709,14,3,2013,11,1,13,55,2,2,1,3,RUE DE SUEZ,43.29131,5.35726
201300014710,5,4,2013,11,1,13,55,2,1,1,6,"54 bis, RUE DU DOCTEUR S",43.29318,5.39801
201300014711,30,4,2013,16,1,13,55,2,3,8,3,"11, AVE DE LA CORSE",43.28969,5.36525
201300014712,10,4,2013,15,1,13,55,2,1,1,3,"26, BD DE LA CORDERIE",43.2906,5.37105
201300014713,3,4,2013,9,1,13,55,2,1,1,5,"46, RUE CHALUSSET",43.31682,5.39652
201300014714,28,4,2013,18,1,13,55,2,1,2,2,BD DU CAPITAINE GEZE,0.0,0.0
201300014715,28,3,2013,15,1,13,55,2,1,3,2,"86, BD NATIONAL",43.30648,5.38304
201300014716,4,3,2013,16,1,13,55,2,1,1,2,CHEMIN DE SAINTE MARTHE,0.0,0.0
201300014717,8,5,2013,16,1,13,55,2,1,1,7,RTE LEON LACHAMP,0.0,0.0
201300014718,27,3,2013,10,1,13,55,2,1,1,6,"31, ALL TURCAT MERY",43.28085,5.38859
201300014719,15,4,2013,9,1,13,55,2,1,1,7,"01, PCE JOSEPH VIDAL",43.254,5.38151
201300014720,18,4,2013,18,1,13,2,1,1,1,3,"7, BAUQUIERE (CHEMIN DE",43.33496,5.47797
201300014721,19,4,2013,15,1,13,55,2,1,1,1,"39, AVE DE SAINT BARNABE",43.30408,5.4106
201300014722,2,5,2013,12,1,13,55,2,1,1,3,RUE ALBERT EINSTEIN,0.0,0.0
201300014723,10,4,2013,13,1,13,55,2,1,1,3,"1, RUE AUGUSTIN FRESNEL",43.34281,5.4468
201300014724,24,4,2013,18,1,13,55,2,1,1,3,"107, AVE DES OLIVES",43.3271,5.43681
201300014725,3,5,2013,8,1,13,55,2,1,1,6,"87, AVE DE FRAIS VALLON",43.3252,5.43377
201300014726,11,4,2013,11,1,13,55,2,1,1,2,"80, AVE DE LA CROIX ROUG",43.33278,5.43593
201300014727,30,4,2013,17,1,13,55,2,1,1,3,"12, PCE BOUGAINVILLE",43.31937,5.36843
201300014728,15,5,2013,6,1,13,55,2,1,1,7,BD RABATAU,0.0,0.0
201300014729,1,1,2013,2,5,13,55,2,1,1,6,"00, BD DE SAINT LOUP",0.0,0.0
201300014730,15,5,2013,13,1,13,55,2,2,1,6,"106, BD DE PARIS",43.30991,5.3702
201300014731,8,5,2013,16,1,13,55,2,1,1,6,"42, BD ROMAIN ROLLAND",43.28003,5.42513
201300014732,3,5,2013,18,1,13,55,2,6,1,3,"1, PCE LOUIS BONNEFON",43.25424,5.38195
201300014733,10,4,2013,16,1,13,55,2,1,1,1,"180, AVE DE SAINT LOUIS",43.34947,5.35883
201300014734,19,4,2013,11,1,13,55,2,2,1,3,RUE FONTAINIEU,43.3474,5.37843
201300014735,29,4,2013,18,1,13,55,2,1,2,3,"126, AVE DES OLIVES",43.32684,5.43732
201300014736,13,5,2013,23,5,13,55,2,1,1,3,"132, CHE DE SAINTE MARTH",43.32491,5.38833
201300014737,29,4,2013,16,1,13,55,2,1,1,6,"105, RUE DE ROME",43.29117,5.38077
201300014738,2,3,2013,15,1,13,55,2,1,1,3,"171, RUE DE ROME",43.28812,5.38252
201300014739,26,3,2013,13,1,13,55,2,1,1,2,"0, RUE SAINT PIERRE",0.0,0.0
201300014740,7,5,2013,17,1,13,55,2,3,1,3,"68, CHE DE LA COMMANDERI",43.34208,5.36209
201300014741,22,5,2013,9,1,13,55,2,1,1,7,"24, BD ALBE",0.0,0.0
201300014742,20,4,2013,11,1,13,55,2,2,2,5,"16, CRS LIEUTAUD",43.29517,5.38176
201300014743,29,4,2013,14,1,13,55,2,1,1,4,"39, BD D ARRAS",43.3087,5.40124
201300014744,7,5,2013,14,1,13,55,2,1,1,6,"106, AVE DE LA CORSE",43.2897,5.35681
201300014745,26,3,2013,17,2,13,55,2,1,1,3,"58, CHE DE LA COMMANDERI",43.34105,5.36267
201300014746,30,4,2013,16,1,13,55,2,1,1,6,IMP DE LA PRESENTATION,0.0,0.0
201300014747,1,5,2013,14,1,13,55,2,1,1,6,"25, RUE CAISSERIE",43.29681,5.36708
201300014748,5,5,2013,13,1,13,55,2,1,1,2,BD DE PLOMBIERES,0.0,0.0
201300014749,7,5,2013,16,1,13,55,2,1,1,2,BD LEDRU ROLLIN,0.0,0.0
201300014750,30,4,2013,12,1,13,55,2,1,1,6,"27, AVE JULES CANTINI",43.28494,5.38549
201300014751,4,3,2013,7,1,13,55,2,1,1,6,"00, AVE ALEXANDRE FLEMIN",0.0,0.0
201300014752,28,3,2013,8,1,13,55,2,1,1,2,"0, RUE GEORGE",0.0,0.0
201300014753,26,2,2013,8,1,13,55,2,1,1,5,"96, RTE DES CAMOINS",43.29806,5.49825
201300014754,15,4,2013,22,5,13,55,2,2,1,3,"297, RUE DE LA SARIETTE",43.30326,5.44979
201300014755,16,4,2013,21,5,13,55,2,1,1,3,BD DE L' HUVEAUNE,0.0,0.0
201300014756,30,4,2013,8,1,13,55,2,1,8,3,"425, BD ROMAIN ROLLAND",43.26905,5.40437
201300014757,11,3,2013,21,5,13,55,2,1,1,3,"27, BD JEAN MOULIN",43.28887,5.40027
201300014758,20,4,2013,12,1,13,55,2,1,3,3,"322, RUE PIERRE DOIZE",43.271,5.42478
201300014759,14,2,2013,16,1,13,55,2,1,1,2,"27, BD LEI ROURE",43.26278,5.40892
201300014760,18,4,2013,8,1,13,55,2,1,1,7,"49, RUE CAPITAINE GALINA",43.28629,5.3988
201300014761,25,4,2013,18,1,13,55,2,1,1,2,"39, RUE AUGUSTIN AUBERT",43.26772,5.40247
201300014762,29,4,2013,7,1,13,55,2,1,2,2,"108, BD FRANCOISE DUPARC",43.30624,5.40094
201300014763,17,5,2013,14,1,13,55,2,1,1,1,RUE LA PARADE,0.0,0.0
201300014764,3,5,2013,9,1,13,55,2,1,1,3,AVE DES PEINTRES ROUX,0.0,0.0
201300014765,13,5,2013,15,1,13,55,2,1,1,3,"81, AVE WILLIAM BOOTH",43.29491,5.44394
201300014766,14,5,2013,8,1,13,55,2,1,1,2,"149, BD RABATAU",43.27926,5.39927
201300014767,2,5,2013,10,1,13,55,2,1,1,6,"13, PRO GEORGES POMPIDOU",43.26709,5.37243
201300014768,20,5,2013,19,1,13,55,2,4,1,6,"123, AVE DE MONTOLIVET",43.30969,5.40862
201300014769,3,5,2013,8,1,13,55,2,1,1,2,AVE DE LA CROIX ROUGE,0.0,0.0
201300014770,19,4,2013,22,5,13,55,2,1,1,3,"161, AVE DE LA VISTE",43.36371,5.35709
201300014771,16,5,2013,1,5,13,55,2,1,2,7,"146, BD PERIER",43.27809,5.37781
201300014772,18,5,2013,18,1,13,55,2,1,2,4,"1, RPT PIERRE PARAF",43.33019,5.38835
201300014773,10,2,2013,16,1,13,2,1,1,2,3,CD46A (DE PICHAURIS A GR,0.0,0.0
201300014774,26,3,2013,8,1,13,2,2,1,1,2,"01, QUATRE SAISONS (ROUT",43.33112,5.48854
201300014775,11,4,2013,9,1,13,55,2,4,1,3,"194, AVE DU PRADO",43.27709,5.38833
201300014776,12,5,2013,16,1,13,75,2,3,1,6,"99, FR?D?RIC CHEVILLON (",43.34827,5.46517
201300014777,4,2,2013,19,5,13,55,2,1,1,6,"131, CHE DES BOURRELY",43.38522,5.3644
201300014778,17,5,2013,17,1,13,55,2,3,1,3,BD DES BASSINS DE RADOUB,43.32668,5.35838
201300014779,3,1,2013,15,1,13,55,2,1,1,2,"22, CRS PIERRE PUGET",43.29043,5.37578
201300014780,15,5,2013,20,2,13,55,2,4,2,3,"12, CRS JULIEN",43.29567,5.38257
201300014781,19,4,2013,13,1,13,2,1,1,1,7,QUATRE SAISONS (ROUTE DE,0.0,0.0
201300014782,22,5,2013,15,1,13,55,2,1,1,3,"0, AVE SAINT PAUL",0.0,0.0
201300014783,8,4,2013,13,1,13,55,2,1,1,7,"22, RUE GAGLIARDO",43.27784,5.37283
201300014784,30,4,2013,7,1,13,55,2,1,2,5,"1, PRO GEORGES POMPIDOU",43.26748,5.37203
201300014785,10,5,2013,10,1,13,55,2,1,1,6,"2, RUE MELCHION",43.28803,5.38878
201300014786,3,5,2013,13,1,13,55,2,1,1,5,TUN TUNNEL ST CHARLES /,0.0,0.0
201300014787,7,5,2013,9,1,13,55,2,1,1,3,"12, CRS LIEUTAUD",43.29524,5.38173
201300014788,10,5,2013,4,5,13,55,2,1,1,6,"24, RUE PARADIS",43.29367,5.37667
201300014789,14,3,2013,8,1,13,55,2,1,1,2,"2, AVE ALEXANDRE ANSALDI",43.33066,5.40484
201300014790,19,5,2013,17,1,13,55,2,2,1,6,"80, Bd*ALBE",43.31484,5.4077
201300014791,21,5,2013,8,1,13,55,2,2,1,6,"17, RUE DU DOCTEUR ESCAT",43.28373,5.38353
201300014792,12,4,2013,10,1,13,55,2,1,1,6,"17, BD DE PLOMBIERES",43.31504,5.38736
201300014793,10,5,2013,12,1,13,55,2,1,1,3,BD DE PLOMBIERES,0.0,0.0
201300014794,11,5,2013,15,1,13,55,2,1,1,6,"07, BD RAYMOND FILLAT",43.36358,5.30896
201300014795,18,5,2013,13,1,13,55,2,6,3,3,Place*BOUGAINVILLE,43.3193,5.36854
201300014796,28,3,2013,9,1,13,55,2,1,2,4,"222, BD BAILLE",43.28943,5.39676
201300014797,30,4,2013,12,1,13,55,2,1,1,6,"06, MARCHE DES CAPUCINS",43.25972,5.3795
201300014798,25,5,2013,1,5,13,55,2,1,1,2,"34, AVE DE LA CORSE",43.28933,5.36324
201300014799,23,5,2013,12,1,13,55,2,1,1,6,"17, RUE D AIX",43.30012,5.3757
201300014800,18,5,2013,15,1,13,55,2,1,3,3,"33, BD DU MARECHAL JUIN",43.31177,5.40384
201300014801,21,5,2013,13,1,13,55,2,1,1,3,"14, RUE DU MONASTERE",43.30172,5.40165
201300014802,19,2,2013,16,1,13,55,2,6,1,3,"2, RUE JAUFFRET",43.2836,5.39908
201300014803,16,5,2013,11,1,13,55,2,1,1,3,RUE ALBERT EINSTEIN,0.0,0.0
201300014804,26,2,2013,16,1,13,55,1,1,1,4,BRE AUTOROUT* NORD SORTI,0.0,0.0
201300014805,4,4,2013,12,1,13,55,2,1,2,6,"120, RUE LE CHATELIER",43.34712,5.36868
201300014806,4,5,2013,20,2,13,55,2,2,1,6,RUE ABRAM,43.31824,5.36918
201300014807,5,4,2013,8,1,13,55,2,1,7,2,BD GUIGOU,0.0,0.0
201300014808,27,5,2013,13,1,13,55,2,6,1,3,"1, RPT ALEXANDRE ET JERO",43.29218,5.44585
201300014809,27,5,2013,17,1,13,55,2,1,1,1,RUE LE CHATELIER,0.0,0.0
201300014810,27,5,2013,18,1,13,2,1,1,1,3,av PICHAURIS A greasqu,0.0,0.0
201300014811,22,5,2013,22,5,13,55,2,2,1,3,"10, RUE ESPERANDIEU",43.30253,5.39404
201300014812,16,5,2013,16,1,13,55,2,1,1,2,AVE DE FRAIS VALLON,0.0,0.0
201300014813,28,5,2013,8,1,13,55,1,1,2,6,RTE LEON LACHAMP,0.0,0.0
201300014814,27,5,2013,8,1,13,55,2,1,1,4,"38, AVE DE LA VISTE",43.35562,5.35733
201300014815,28,4,2013,16,1,13,55,2,1,2,1,"229, CHE DE CHATEAU GOMB",43.34611,5.42571
201300014816,30,5,2013,11,1,13,55,2,6,1,3,RPT PROFESSEUR PIERRE GO,43.24165,5.39709
201300014817,28,5,2013,13,1,13,55,2,1,1,3,BD CHARLES MORETTI,43.32348,5.38581
201300014818,30,5,2013,19,1,13,55,2,1,1,3,PIERRE CHEVALIER (RUE),0.0,0.0
201300014819,27,4,2013,17,1,13,55,2,1,1,2,"52, BD JEAN MOULIN",43.28612,5.39882
201300014820,16,3,2013,17,1,13,55,2,1,1,6,"4, AVE DU MARECHAL FOCH",43.30254,5.39696
201300014821,22,3,2013,14,1,13,55,2,1,1,1,"27, RUE DU BOIS SACRE",43.28212,5.36961
201300014822,7,5,2013,22,5,13,55,2,1,1,6,"84, RUE MONTE CRISTO",43.29959,5.39649
201300014823,25,3,2013,18,5,13,55,2,3,1,3,"458, BD LYON",43.34147,5.36036
201300014824,24,3,2013,5,5,13,55,2,2,3,6,"00, CHE DU LITTORAL",43.33594,5.35422
201300014825,15,4,2013,20,5,13,55,2,2,1,3,"126, CRS LIEUTAUD",43.2891,5.3841
201300014826,10,1,2013,9,1,13,55,2,8,1,6,BD CHARLES MORETTI PROLO,0.0,0.0
201300014827,4,6,2013,11,1,13,55,2,1,1,6,"359, RUE PARADIS",43.27743,5.38355
201300014828,4,6,2013,20,1,13,55,2,1,1,5,"50, BD JEANNE D' ARC",43.29361,5.4021
201300014829,5,6,2013,15,1,13,55,2,1,1,4,"55, AVE DE LATTRE DE TAS",43.24721,5.40724
201300014830,29,3,2013,9,1,13,55,2,1,2,3,"153, CHE DE CHATEAU GOMB",43.34308,5.42063
201300014831,16,4,2013,10,1,13,55,2,1,1,6,BD CHARLES MORETTI,0.0,0.0
201300014832,17,5,2013,16,1,13,55,2,1,1,6,"178, RUE FELIX PYAT",43.31962,5.37436
201300014833,4,5,2013,0,5,13,55,2,1,1,6,"23, RUE FORT NOTRE DAME",43.29228,5.37156
201300014834,17,5,2013,22,5,13,55,2,2,1,3,"11, RUE DE VILLAGE",43.28795,5.38345
201300014835,7,5,2013,12,1,13,55,2,1,1,6,"152, AVE DU PRADO",43.27937,5.38727
201300014836,4,6,2013,14,1,13,55,2,1,1,2,"2 Bis, PRK PLAGE DE L'ES",0.0,0.0
201300014837,27,2,2013,7,1,13,55,2,1,1,3,"93, BD RABATAU",43.27649,5.39756
201300014838,22,4,2013,11,1,13,55,2,1,1,6,"145, BD RABATAU",43.27931,5.39928
201300014839,10,5,2013,11,1,13,75,2,1,1,2,"45, FR?D?RIC CHEVILLON (",43.34639,5.46242
201300014840,12,5,2013,16,1,13,55,2,1,1,3,"104, BD DU SABLIER",43.24963,5.3818
201300014841,15,5,2013,9,1,13,55,2,1,1,3,"325, AVE DE MAZARGUES",43.26087,5.39384
201300014842,3,12,2013,10,1,13,55,1,1,1,6,"63, VOI LA CANEBIERE",43.29713,5.37972
201300014843,16,5,2013,7,1,13,75,2,6,2,7,"142, LIBERATION (AVE DE",0.0,0.0
201300014844,18,5,2013,15,1,13,55,2,1,3,7,"184, AVE DES PEINTRES RO",43.29906,5.47818
201300014845,30,5,2013,19,1,13,55,2,1,1,6,"298, AVE DE SAINT ANTOIN",43.37621,5.35615
201300014846,16,4,2013,20,1,13,55,2,4,1,1,"1, RUE DE NAZARETH",43.28726,5.46401
201300014847,30,4,2013,13,1,13,55,2,1,1,3,"70, BD RABATAU",43.27545,5.39596
201300014848,30,4,2013,9,1,13,55,2,1,1,3,"65, AVE DU PRADO",43.28248,5.38586
201300014849,7,12,2013,1,5,13,55,2,1,1,7,"84, COR PRESIDENT JOHN F",43.28427,5.34975
201300014850,19,5,2013,19,1,13,55,2,1,1,3,"45, BD FRANCOISE DUPARC",43.30293,5.40075
201300014851,26,5,2013,2,5,13,55,2,1,1,2,"20, BD JEAN MOULIN",43.28629,5.39909
201300014852,6,6,2013,7,2,13,2,1,1,1,1,ETIENNE CUCCA-CD908 (AVE,0.0,0.0
201300014853,27,5,2013,17,1,13,55,2,4,2,6,"2, AVE DE DELPHES",43.28529,5.38831
201300014854,27,5,2013,19,1,13,55,2,1,1,6,"9, RUE DU BERCEAU",43.28848,5.39506
201300014855,13,5,2013,17,1,13,55,2,1,1,6,"19, AVE CLOT BEY",43.2619,5.38764
201300014856,17,5,2013,4,5,13,55,2,2,2,3,"27, CRS PIERRE PUGET",43.29028,5.37579
201300014857,18,5,2013,15,1,13,55,2,1,6,7,RTE LEON LACHAMP,0.0,0.0
201300014858,25,5,2013,7,1,13,55,2,3,2,3,"84, VSN MORGIOU CHE",43.24255,5.40635
201300014859,3,4,2013,19,1,13,55,2,1,1,3,"365, AVE DE MAZARGUES",43.26078,5.39386
201300014860,29,4,2013,10,1,13,55,2,1,2,6,"42, AVE DE LA VISTE",0.0,0.0
201300014861,10,5,2013,12,1,13,55,2,1,1,3,"1, TRA DU PRIEUR",43.3425,5.35991
201300014862,21,2,2013,10,1,13,75,2,1,1,6,"54, FR?D?RIC CHEVILLON (",43.34665,5.46272
201300014863,24,5,2013,7,1,13,55,2,1,1,6,"18, AVE DU VINGT QUATRE",43.30777,5.42685
201300014864,13,5,2013,18,1,13,55,2,1,1,6,"1, AVE DE SAINT MENET",43.28917,5.49659
201300014865,26,5,2013,5,2,13,55,2,1,1,2,"4, PCE ERNEST DELIBES",43.27907,5.38284
201300014866,26,5,2013,11,1,13,55,2,1,1,6,"118, RTE DE LA VALENTINE",43.29078,5.47258
201300014867,14,5,2013,13,1,13,55,2,1,1,6,"76, BD GILLIBERT",43.26391,5.4045
201300014868,12,4,2013,9,1,13,55,2,1,1,3,"213, CV DE MORGIOU",43.23578,5.41044
201300014869,14,5,2013,18,1,13,55,2,1,1,4,"168, RUE LOUIS REGIS",43.28824,5.50135
201300014870,23,5,2013,14,1,13,55,2,1,1,4,"68, RTE DES CAMOINS",43.29728,5.49554
201300014871,24,5,2013,20,1,13,55,2,1,1,6,TRA CHARLES SUSINI,0.0,0.0
201300014872,6,6,2013,18,1,13,55,2,4,1,7,AVE FRANCOIS MIGNET,43.32933,5.42772
201300014873,13,5,2013,16,1,13,55,2,1,1,6,"11, BD NATIONAL",43.30212,5.38714
201300014874,15,4,2013,12,1,13,55,2,1,1,5,RUE LE CHATELIER,43.34646,5.36675
201300014875,7,6,2013,8,1,13,75,2,6,1,3,"39, LOUIS PASTEUR (AVE)",43.3533,5.46692
201300014876,20,6,2013,12,1,13,55,2,1,1,2,CHE DE SAINT LOUIS AU RO,0.0,0.0
201300014877,9,6,2013,0,5,13,55,2,1,1,3,"397, RUE PARADIS",43.27528,5.38441
201300014878,12,4,2013,0,5,13,55,2,1,2,6,"1, AVE JEAN PAUL SARTRE",43.31409,5.40628
201300014879,30,5,2013,14,1,13,55,2,1,1,4,"98, BD FRANCOISE DUPARC",43.30532,5.40089
201300014880,3,6,2013,21,1,13,55,2,1,1,6,"37, RUE DE ROME",43.29435,5.37897
201300014881,29,4,2013,19,1,13,55,2,1,2,2,"69, AVE D' HAIFA",43.25049,5.38936
201300014882,16,5,2013,10,1,13,55,2,3,1,7,"68, RUE PAUL LUCCHESI",43.27685,5.40835
201300014883,29,5,2013,20,1,13,55,2,1,2,6,"140, AVE VITON",43.25813,5.40988
201300014884,10,5,2013,15,1,13,55,2,1,1,6,"213, RUE CHARLES KADDOUZ",43.31733,5.43814
201300014885,5,4,2013,14,1,13,55,2,1,1,6,"23, RUE PAUL COXE",43.34694,5.37811
201300014886,4,5,2013,14,1,13,55,2,1,1,2,"181, CHE DES JONQUILLES",43.32085,5.43884
201300014887,16,5,2013,14,1,13,55,2,3,1,3,"10, AVE CLAUDE MONET",43.32372,5.39311
201300014888,25,5,2013,9,1,13,55,2,1,1,3,"1, RUE JEAN QUEILLAU",0.0,0.0
201300014889,29,5,2013,16,1,13,2,2,1,1,7,"206, QUATRE SAISONS (ROU",43.32963,5.48998
201300014890,24,5,2013,12,1,13,2,2,1,1,3,"28, 7EME TIRAILLEURS ALG",43.33851,5.47941
201300014891,23,5,2013,9,1,13,55,2,1,1,3,"252, AVE DES OLIVES",43.3239,5.44419
201300014892,10,5,2013,10,1,13,55,2,1,1,4,AVE DE SAINT MENET,0.0,0.0
201300014893,23,5,2013,14,1,13,55,2,1,1,6,"222, RUE SAINT PIERRE",43.29257,5.40063
201300014894,24,5,2013,14,1,13,55,2,3,1,3,"8, BD DUGOMMIER",43.2983,5.38094
201300014895,27,5,2013,8,1,13,55,2,1,1,1,RUE DU PLATEAU CHERCHELL,0.0,0.0
201300014896,25,5,2013,10,1,13,55,2,1,1,2,"235, BD DE LA LIBERATION",43.30265,5.39628
201300014897,30,5,2013,8,1,13,55,2,1,1,7,QAI DE RIVE NEUVE,43.294,5.37374
201300014898,30,5,2013,12,1,13,55,2,1,1,3,PCE DES MARSEILLAISES,43.30143,5.37983
201300014899,1,6,2013,20,5,13,55,2,2,1,4,"23, RUE ROGER BRUN",43.2863,5.39136
201300014900,5,6,2013,21,3,13,55,2,2,1,3,"69, BD DE LA LIBERATION",43.3002,5.38873
201300014901,24,5,2013,7,1,13,55,2,1,1,6,"1, BD DE LA BLANCARDE",43.30267,5.39708
201300014902,4,6,2013,12,1,13,55,2,1,1,3,"37, AVE JULES CANTINI",43.28443,5.38643
201300014903,11,5,2013,19,1,13,55,2,1,1,3,"181, BD BAILLE",43.28902,5.39528
201300014904,13,5,2013,9,1,13,55,2,1,1,6,"03, PCE SADI CARNOT",43.29929,5.37161
201300014905,10,4,2013,18,1,13,55,2,1,1,2,RPT LOUIS NATTERO,0.0,0.0
201300014906,6,5,2013,11,1,13,55,2,1,1,6,"2, AVE BENJAMIN DELESSER",43.28228,5.40512
201300014907,7,5,2013,7,2,13,55,2,1,1,2,"166, AVE DE HAMBOURG",43.24711,5.39334
201300014908,10,5,2013,17,1,13,55,2,1,1,6,"30, AVE DU PRADO",43.28388,5.38456
201300014909,17,5,2013,7,1,13,55,2,1,1,6,"395, BD MICHELET",43.25392,5.40184
201300014910,20,5,2013,18,1,13,55,2,6,1,3,RPT VALENTINE SABLIERE S,43.29012,5.47656
201300014911,22,5,2013,10,1,13,55,2,1,1,2,"163, BD RABATAU",43.28196,5.39953
201300014912,24,5,2013,9,1,13,55,2,1,1,6,"1, BD VELASQUEZ",43.24292,5.38655
201300014913,25,5,2013,9,1,13,55,2,3,1,3,"47, BD PERIER",43.27927,5.38413
201300014914,8,4,2013,17,1,13,55,2,3,1,6,"0, RUE KLEBER PROLONGEE",43.31029,5.37704
201300014915,10,6,2013,19,1,13,55,2,1,1,2,"13, RUE JORGI REBOUL",0.0,0.0
201300014916,11,3,2013,18,5,13,55,2,1,1,4,CHE DU ROY D' ESPAGNE,0.0,0.0
201300014917,30,5,2013,22,5,13,55,2,1,1,6,"20, CR DE LA VALBARELLE",43.28625,5.44396
201300014918,2,6,2013,19,1,13,75,2,1,1,6,"132, LIBERATION (AVE DE",43.34332,5.45791
201300014919,24,5,2013,11,1,13,55,2,1,1,6,"17, RUE MARIUS BRIATA",43.32035,5.43895
201300014920,26,5,2013,9,1,13,55,2,1,1,3,"654, CHE DU LITTORAL",43.35508,5.32783
201300014921,25,2,2013,16,1,13,55,1,1,1,3,"591, CHE DU LITTORAL",43.35508,5.32781
201300014922,6,3,2013,9,1,13,55,2,1,2,7,"2, CHE DE LA COMMANDERIE",43.33902,5.36241
201300014923,4,6,2013,15,1,13,55,2,1,1,7,"65, CHE DE LA PARETTE",43.29353,5.42508
201300014924,30,5,2013,15,1,13,55,2,1,1,2,"208, RUE SAINT PIERRE",43.2925,5.39836
201300014925,30,5,2013,18,1,13,55,2,1,1,6,"83, RUE SAINT PIERRE",43.29278,5.39055
201300014926,12,5,2013,18,1,13,55,2,1,1,4,VOL LESSEPS / PASSERELLE,0.0,0.0
201300014927,21,5,2013,10,1,13,55,2,1,1,2,AVE ARNAVON,0.0,0.0
201300014928,30,5,2013,14,1,13,55,2,1,1,2,"53, AVE FRANCOIS MIGNET",43.33184,5.42869
201300014929,5,6,2013,19,1,13,55,2,1,1,7,"124, BD DE PARIS",43.31057,5.36981
201300014930,14,6,2013,13,1,13,55,2,2,1,3,"60, CRS PIERRE PUGET",43.29009,5.37252
201300014931,16,6,2013,23,5,13,106,1,1,1,7,"17, BEDOULE (CHEMIN DE L",43.39938,5.35528
201300014932,13,6,2013,18,1,13,55,2,1,1,7,"28, BD DU COMMANDANT FIN",43.33127,5.38476
201300014933,7,5,2013,17,1,13,55,2,1,1,3,"16, RUE ANTOINE FORTUNE",43.23957,5.40385
201300014934,8,6,2013,16,1,13,75,1,1,1,3,"1, TERMES (ALLEE DES)",43.33915,5.45567
201300014935,27,5,2013,15,1,13,55,2,1,1,6,"2, AVE JEAN LOMBARD",43.28991,5.42638
201300014936,3,2,2013,20,4,13,55,2,3,1,1,"72, AVE DE TOULON",43.28386,5.39623
201300014937,14,3,2013,14,2,13,55,2,1,1,2,"42, BD DE PONT DE VIVAUX",43.27999,5.41917
201300014938,24,5,2013,13,1,13,55,2,1,1,6,"190, RUE DU ROUET",43.27593,5.39524
201300014939,8,4,2013,15,1,13,55,2,1,1,3,"1, PIERRE CHEVALIER (RUE",0.0,0.0
201300014940,29,5,2013,12,1,13,55,2,1,1,6,"04, BD DE L' HUVEAUNE",43.27177,5.40569
201300014941,6,6,2013,17,1,13,55,2,1,1,6,AVE FLORIAN,0.0,0.0
201300014942,26,5,2013,11,1,13,55,2,1,1,3,"20, ALL LEON GAMBETTA",43.29908,5.38203
201300014943,30,5,2013,12,1,13,55,2,1,1,3,"35, AVE DE LA CORSE",43.28933,5.3633
201300014944,4,6,2013,20,1,13,55,2,1,1,3,"6, RUE SAINT BRUNO",43.30615,5.40172
201300014945,6,6,2013,16,1,13,55,2,1,1,6,"79, AVE ROGER SALENGRO",43.3133,5.37133