Num_Acc,jour,mois,an,hr,condition_eclairage,departement,commune,condition_agglomeration,intersection,condition_atmosphere,type_collision,adresse,lattitude,longitude
201300014946,7,6,2013,15,1,13,55,2,1,1,3,"1, BD GARIBALDI",43.29751,5.38107
201300014947,2,5,2013,16,1,13,55,2,1,1,6,"288, RUE PARADIS",43.28055,5.38225
201300014948,25,5,2013,11,1,13,55,2,1,1,6,"01, AVE DE LA PANOUSE",43.25705,5.41916
201300014949,30,5,2013,8,1,13,55,2,1,1,3,"09, TRA DE LA SOLITUDE",43.28181,5.50215
201300014950,30,5,2013,13,2,13,55,2,1,1,3,BD SCHLOESING,0.0,0.0
201300014951,22,4,2013,11,1,13,55,2,1,1,4,"7, RUE MALAVAL",43.3034,5.37028
201300014952,6,6,2013,16,1,13,55,2,1,1,7,"1, AVE ALEXANDRE FLEMING",43.31631,5.4002
201300014953,16,5,2013,14,1,13,55,2,1,1,3,"1, VAC DELMONT GRAND LIT",0.0,0.0
201300014954,29,4,2013,7,1,13,55,2,3,1,3,"77, AVE DE LA VISTE",43.35744,5.35748
201300014955,14,5,2013,14,2,13,55,2,1,1,3,"25, RUE GRAND RUE",0.0,0.0
201300014956,17,5,2013,11,1,13,55,2,1,1,2,"295, AVE DE SAINT ANTOIN",43.37664,5.35629
201300014957,24,5,2013,5,5,13,55,2,1,1,2,"74, AVE ALEXANDRE ANSALD",43.33066,5.40526
201300014958,5,6,2013,8,1,13,55,1,1,1,6,"156, AVE COROT",43.3246,5.40271
201300014959,5,6,2013,9,1,13,55,2,6,1,3,RPT PIERRE PARAF,43.3296,5.38829
201300014960,3,6,2013,19,1,13,55,1,1,1,6,"26, RUE COLBERT",43.29936,5.3729
201300014961,14,5,2013,9,1,13,55,2,9,1,3,"8, RUE CHALUSSET",43.31697,5.3987
201300014962,24,5,2013,15,1,13,55,2,1,1,3,AVE DE LA CROIX ROUGE,0.0,0.0
201300014963,3,6,2013,23,5,13,55,2,3,1,3,"16, CRS BELSUNCE",43.29743,5.37709
201300014964,27,5,2013,16,1,13,55,2,1,1,6,"1, TRA DE LA BAUME LOUBI",43.35172,5.43372
201300014965,31,5,2013,20,1,13,55,2,1,1,3,"19, TRA DE LA TREVARESSE",43.29725,5.40854
201300014966,18,6,2013,12,1,13,2,2,1,1,2,"351, JEAN GIONO (AVENUE)",43.33225,5.48461
201300014967,26,5,2013,15,1,13,55,2,2,1,7,"0, RUE RAYMOND TEISSEIRE",43.26919,5.40285
201300014968,20,4,2013,17,1,13,55,2,1,2,2,"120, AVE JEAN PAUL SARTR",43.32888,5.43137
201300014969,19,5,2013,8,1,13,55,2,2,1,3,AVE JEAN PAUL SARTRE,43.32514,5.42333
201300014970,30,5,2013,8,1,13,55,2,1,1,3,"23, RUE DE FORBIN",43.30588,5.37123
201300014971,18,6,2013,16,1,13,55,2,1,1,6,"25, RUE LANTHIER",43.30859,5.37169
201300014972,8,3,2013,19,5,13,55,2,1,1,6,"27, AVE DE LA CORSE",43.28943,5.36389
201300014973,18,4,2013,14,1,13,55,2,2,1,3,"1, RUE D' ITALIE",43.28956,5.38239
201300014974,19,4,2013,15,1,13,55,2,1,1,2,"227, RPT JEAN MOULIN ST",43.29237,5.40115
201300014975,26,4,2013,10,1,13,55,2,1,1,6,"38, RUE DU COQ",43.30123,5.38641
201300014976,7,5,2013,20,1,13,55,2,1,1,6,"3, RUE DU DOCTEUR SIMONE",43.29489,5.39794
201300014977,31,5,2013,20,1,13,55,2,1,1,6,"75, BD GUIGOU",43.31384,5.39519
201300014978,18,6,2013,19,1,13,55,2,1,1,1,RUE MAHBOUBI TIR,0.0,0.0
201300014979,13,5,2013,19,1,13,55,2,1,1,3,"B4, RUE DES CEDRATS",0.0,0.0
201300014980,12,3,2013,8,1,13,55,2,3,1,3,"12, ALL LEON GAMBETTA",43.29912,5.38159
201300014981,10,5,2013,12,1,13,55,2,1,1,3,"08, BD BAILLE",43.28629,5.3854
201300014982,16,5,2013,16,1,13,55,1,1,1,2,TUN TUNNEL JOLIETTE,0.0,0.0
201300014983,11,6,2013,16,1,13,55,2,1,1,6,"20, BD DE LA LIBERATION",43.29958,5.38691
201300014984,12,6,2013,0,5,13,55,2,1,1,6,"11, RUE HENRI BARBUSSE",43.29786,5.37407
201300014985,13,4,2013,21,5,13,55,2,1,1,6,"38, AVE JEAN LOMBARD",43.28893,5.42902
201300014986,21,5,2013,17,1,13,2,2,1,1,3,"533, PROVENCE (AVENUE DE",43.32789,5.48297
201300014987,12,6,2013,22,5,13,55,2,1,1,1,"129, AVE DES OLIVES",43.32659,5.43804
201300014988,20,6,2013,8,1,13,55,2,9,1,3,"75, RTE D ENCO DE BOTTE",43.31633,5.46906
201300014989,1,6,2013,17,1,13,55,2,1,1,6,"00, CRS PIERRE PUGET",0.0,0.0
201300014990,29,3,2013,10,1,13,55,1,1,1,2,"33, AVE DU MERLAN",43.33486,5.40757
201300014991,16,4,2013,12,1,13,55,2,1,1,3,"15, CHE DE SAINT LOUIS A",43.35076,5.35424
201300014992,22,4,2013,16,1,13,55,2,1,1,6,"11, BD DE PARIS",43.30588,5.37245
201300014993,23,4,2013,18,1,13,55,2,1,1,3,"251, AVE ROGER SALENGRO",43.32084,5.36757
201300014994,30,4,2013,11,1,13,55,2,1,1,2,BD BASILE BARRELIER,0.0,0.0
201300014995,10,5,2013,17,1,13,55,2,1,1,7,"10, BD MIRABEAU",43.31434,5.36982
201300014996,13,5,2013,7,1,13,55,2,4,1,2,"1, RUE FELIX PYAT",43.32,5.37435
201300014997,27,5,2013,13,1,13,55,2,1,1,6,"105, RUE DE LA REPUBLIQU",43.30466,5.36729
201300014998,27,5,2013,17,1,13,55,2,1,1,6,"185, CHE DE SAINTE MARTH",43.32914,5.38784
201300014999,28,5,2013,13,1,13,55,2,4,1,3,BD ROGER CHIEUSSE,43.36293,5.31646
201300015000,9,6,2013,14,1,13,55,2,1,1,6,"3, RUE FRANCOIS MASSABO",43.30485,5.37115
201300015001,11,6,2013,9,1,13,55,2,1,1,6,"11, AVE DES AYGALADES",43.33096,5.36637
201300015002,12,6,2013,19,1,13,55,2,1,1,4,"108, AVE ALEXANDRE FLEMI",43.31471,5.40379
201300015003,13,6,2013,16,1,13,55,2,1,1,4,RUE DE PEYPIN,0.0,0.0
201300015004,15,6,2013,22,3,13,55,2,1,1,2,"1, CHE DU LITTORAL",43.33108,5.35489
201300015005,23,6,2013,21,5,13,55,2,3,1,3,BD DE LA VALBARELLE,43.28862,5.45555
201300015006,23,6,2013,3,3,13,55,2,3,1,7,"1, RUE SABATER",43.27815,5.36887
201300015007,10,6,2013,11,1,13,55,2,1,1,2,"163, RUE DE LYON",43.33043,5.36513
201300015008,24,6,2013,0,5,13,55,2,1,1,3,RUE ADOLPHE THIERS,0.0,0.0
201300015009,17,6,2013,15,1,13,55,2,1,1,2,"22, CHE DE LA COLLINE SA",43.25447,5.41261
201300015010,28,5,2013,17,1,13,55,2,1,1,2,"00, CHE DES BOURRELY",0.0,0.0
201300015011,22,6,2013,17,1,13,55,2,2,1,5,"16, RUE EMILE DUCLAUX",43.29682,5.40397
201300015012,14,5,2013,20,1,13,55,2,1,1,7,"01, BD D ATHENES",43.29906,5.38079
201300015013,26,6,2013,14,1,13,55,2,2,1,3,"12, RUE DE LA REPUBLIQUE",43.29692,5.37363
201300015014,7,6,2013,10,1,13,55,2,1,1,2,"00, RPT RUE BERTHIER ST",43.29468,5.43329
201300015015,8,6,2013,10,1,13,55,2,1,1,2,"00, RTE D' ALLAUCH",0.0,0.0
201300015016,14,6,2013,13,1,13,55,2,1,1,6,"00, AVE DE CHATEAU GOMBE",0.0,0.0
201300015017,25,6,2013,7,1,13,55,2,2,1,3,RUE DE LOCARNO,43.294,5.39578
201300015018,2,5,2013,11,1,13,55,2,1,1,6,"215, AVE DE MAZARGUES",43.26442,5.39192
201300015019,18,6,2013,16,1,13,55,2,1,1,6,"8, BD EUGENE PIERRE",43.29825,5.39053
201300015020,27,6,2013,23,5,13,55,2,3,1,3,"366, RUE SAINT PIERRE",43.29177,5.40896
201300015021,28,6,2013,0,4,13,55,2,1,1,6,"120, BD DE LA CORDERIE",43.2899,5.36666
201300015022,1,7,2013,10,1,13,55,2,1,1,7,"89, CRS JULIEN",43.29261,5.38396
201300015023,1,7,2013,4,5,13,55,2,1,1,6,"240, RUE DU COMMANDANT R",43.26606,5.37346
201300015024,1,6,2013,2,5,13,55,2,1,1,6,"3, CRS JULIEN",43.29511,5.38281
201300015025,13,6,2013,11,1,13,55,2,3,1,2,"17, RUE JEANNE DE CHANTA",43.30176,5.40245
201300015026,14,6,2013,8,1,13,55,2,1,1,3,"20, BD CAMILLE FLAMMARIO",43.30412,5.3875
201300015027,18,6,2013,20,1,13,55,2,1,1,6,"84, RUE SAINT SAVOURNIN",43.29678,5.38709
201300015028,18,6,2013,21,5,13,55,2,1,1,7,"30, RUE DU PETIT SAINT J",43.29894,5.37853
201300015029,18,6,2013,18,1,13,55,2,2,1,3,"106, COR PRESIDENT JOHN",43.28346,5.35021
201300015030,30,5,2013,12,1,13,55,2,4,1,2,BD DE LA GLACIERE,43.31766,5.38914
201300015031,7,6,2013,8,1,13,55,2,2,1,3,RUE DU MARCHE,43.31824,5.36918
201300015032,20,3,2013,16,1,13,55,2,1,1,6,"40, RUE KRUGER",43.30972,5.39975
201300015033,3,6,2013,10,1,13,55,2,2,1,1,"130, CRS LIEUTAUD",43.2891,5.3841
201300015034,4,6,2013,17,1,13,55,2,1,1,1,"67, CRS FRANKLIN ROOSEVE",43.29887,5.38957
201300015035,11,6,2013,14,1,13,55,2,1,1,6,"78, BD CHAVE",43.29528,5.39152
201300015036,13,6,2013,17,1,13,55,2,1,1,6,"187, RUE DU CAMAS",43.29311,5.39972
201300015037,14,6,2013,12,1,13,55,2,1,1,6,"10, RUE BENEDIT",43.30644,5.39305
201300015038,25,6,2013,8,1,13,55,2,2,1,3,"102, RUE PARADIS",43.28921,5.37863
201300015039,26,6,2013,7,1,13,55,2,1,1,4,"33, BD DU MARECHAL JUIN",43.3114,5.40363
201300015040,16,6,2013,0,5,13,55,2,1,1,3,CHE DE SAINTE MARTHE,43.31744,5.38991
201300015041,6,5,2013,17,1,13,55,2,1,1,6,"80, CHEMIN VICINAL DE LA",43.28916,5.49922
201300015042,21,5,2013,8,1,13,55,2,1,1,3,"201, BD MICHELET",43.2632,5.39656
201300015043,18,6,2013,18,1,13,55,2,1,1,3,"541, AVE DU PRADO",43.26396,5.37801
201300015044,20,3,2013,17,2,13,55,2,1,1,4,"1, AVE DES PEINTRES ROUX",43.30868,5.46709
201300015045,2,4,2013,10,1,13,55,2,1,1,2,AVE DES PEINTRES ROUX,0.0,0.0
201300015046,13,4,2013,17,1,13,55,2,1,1,3,"01, AVE VITON",43.26203,5.40444
201300015047,26,4,2013,9,1,13,55,2,3,1,3,"360, RUE PARADIS",43.27716,5.38365
201300015048,15,5,2013,12,1,13,55,2,1,1,3,"9, CHE DU VAL DES BOIS",43.26397,5.42276
201300015049,15,5,2013,17,1,13,55,2,1,1,6,"47, BD DEBORD",43.31291,5.41613
201300015050,22,5,2013,19,2,13,55,2,3,1,3,"196, BD DU REDON",43.24946,5.42264
201300015051,3,6,2013,13,1,13,55,2,6,1,2,"05, RUE AVIATEUR LE BRIX",43.26277,5.40458
201300015052,21,3,2013,16,1,13,55,2,1,1,6,"127, VSN MICHELET CONTRE",43.26659,5.39462
201300015053,20,3,2013,9,1,13,55,2,1,1,6,"305 A, VSN PRADO PLAGE C",43.27186,5.39034
201300015054,17,4,2013,10,1,13,55,2,1,1,6,"07, RUE FARGES",43.28076,5.38521
201300015055,2,5,2013,20,1,13,55,2,2,1,3,"142, BD MIREILLE LAUZE",43.28332,5.41282
201300015056,10,5,2013,9,1,13,55,2,1,1,3,"32, BD FERNAND BONNEFOY",43.2803,5.40059
201300015057,2,7,2013,16,1,13,55,2,1,1,6,AVE DES PINS,43.32047,5.45558
201300015058,26,5,2013,13,1,13,55,2,1,1,6,"0, BD DU REDON",0.0,0.0
201300015059,28,5,2013,10,1,13,55,2,6,1,3,RPT CHARLES HUMEL,0.0,0.0
201300015060,4,6,2013,10,1,13,55,2,2,1,3,"0, RUE HORACE BERTIN",43.2958,5.39159
201300015061,25,6,2013,18,1,13,55,2,1,1,6,AVE DE SAINT MENET,0.0,0.0
201300015062,26,6,2013,22,5,13,55,2,1,1,6,"07, PCE PIERRE BROSSOLET",43.30677,5.40027
201300015063,13,6,2013,13,1,13,55,2,1,1,6,ALL DE LA ROUGUIERE,0.0,0.0
201300015064,11,6,2013,18,1,13,55,2,1,1,1,"1, RUE DOMINIQUE PIAZZA",43.24981,5.42945
201300015065,14,6,2013,9,1,13,55,2,1,1,3,"592, AVE DE MAZARGUES",43.25283,5.39463
201300015066,17,6,2013,15,1,13,55,2,1,1,6,"58, AVE DE LATTRE DE TAS",43.24713,5.40733
201300015067,27,5,2013,7,1,13,55,2,2,1,3,CHE DU MERLAN A LA ROSE,43.33113,5.40617
201300015068,26,6,2013,11,1,13,55,2,1,1,3,"149, PGE DE L' ESTAQUE",43.36205,5.30905
201300015069,22,5,2013,14,1,13,55,2,1,1,6,RUE EDOUARD CALVET,0.0,0.0
201300015070,18,6,2013,17,1,13,55,2,1,1,2,"1, CHE DE SAINT ANTOINE",43.3657,5.35684
201300015071,19,6,2013,8,1,13,55,2,3,1,3,RUE DE LA*MAURELLE,43.32654,5.43814
201300015072,20,6,2013,12,1,13,55,2,1,1,2,"141, TRA CHARLES SUSINI",43.34106,5.41106
201300015073,21,6,2013,18,1,13,55,2,1,1,2,"1, RUE BERTHE SYLVA",0.0,0.0
201300015074,17,6,2013,16,1,13,55,2,1,1,1,"9, CV DES BESSONS",43.34066,5.3917
201300015075,17,6,2013,12,1,13,55,2,1,1,6,"8, AVE DU CASTELLAS",43.3502,5.37604
201300015076,16,6,2013,17,1,13,55,2,3,1,3,BD NOTRE DAME DE SANTA C,43.34105,5.40665
201300015077,17,6,2013,10,1,13,55,2,1,1,3,"10, PGE DE L' ESTAQUE",43.3597,5.31646
201300015078,21,6,2013,7,1,13,55,2,1,1,3,"78, AVE DE LA CROIX ROUG",43.3326,5.43545
201300015079,5,4,2013,9,1,13,55,2,3,1,3,AVE DU MARCHE NATIONAL,43.34108,5.37728
201300015080,9,4,2013,11,1,13,55,2,1,1,6,"212, AVE WILLIAM BOOTH",43.29639,5.44827
201300015081,2,4,2013,18,1,13,55,2,1,2,5,"P 25, VOL PASSERELLE PLO",43.31981,5.37824
201300015082,17,6,2013,21,5,13,55,2,2,1,3,"9, RUE ABRAM",43.31824,5.36918
201300015083,23,6,2013,17,1,13,55,2,2,1,3,RUE D' ORANGE,43.31319,5.38626
201300015084,27,6,2013,18,1,13,55,2,1,1,3,"54, BD LAVERAN",43.32782,5.41375
201300015085,2,7,2013,6,1,13,55,2,1,1,4,BD DANIELLE CASANOVA PRO,0.0,0.0
201300015086,22,5,2013,10,1,13,55,2,1,1,6,"05, RUE ANTOINE PONS",43.29671,5.40208
201300015087,25,6,2013,8,1,13,55,2,1,1,2,AVE DE LA CROIX ROUGE,0.0,0.0
201300015088,9,6,2013,17,1,13,55,2,2,1,3,AVE DE LA ROSE,43.32638,5.42143
201300015089,22,6,2013,17,1,13,55,2,1,1,3,"366, AVE DES POILUS",43.313,5.46385
201300015090,5,7,2013,10,1,13,55,2,1,1,2,"1, PCE SEBASTOPOL",43.29967,5.39772
201300015091,5,7,2013,14,1,13,55,2,1,1,3,"1, AVE DU MARCHE NATIONA",43.3405,5.37858
201300015092,8,7,2013,6,1,13,55,2,1,1,5,"215, AVE DU PRADO",43.27611,5.38927
201300015093,8,7,2013,18,1,13,55,2,1,1,6,"148, RUE FELIX PYAT",43.31833,5.37485
201300015094,16,6,2013,16,1,13,55,2,1,1,3,"272, BD CHAVE",43.29594,5.40232
201300015095,24,6,2013,10,1,13,55,2,1,1,3,"88, CHE DE SAINTE MARTHE",43.32251,5.38942
201300015096,28,6,2013,0,5,13,55,2,2,1,3,"10, RUE DE LA REPUBLIQUE",43.29692,5.37363
201300015097,9,7,2013,16,1,13,55,2,1,1,4,"0, AVE ALEXANDRE FLEMING",0.0,0.0
201300015098,4,6,2013,20,2,13,55,2,1,1,6,"86, TRA DE LA GOUFFONNE",43.2477,5.41056
201300015099,17,6,2013,15,1,13,55,2,1,1,3,"84, RUE DU COMMANDANT RO",43.2723,5.38276
201300015100,1,7,2013,5,2,13,55,2,1,1,6,CHE DE SAINT ANTOINE A S,0.0,0.0
201300015101,21,6,2013,19,1,13,55,2,1,1,2,AVE SALVADOR ALLENDE,0.0,0.0
201300015102,3,5,2013,16,1,13,55,2,1,1,7,"195, CHE DE GIBBES",43.32708,5.38433
201300015103,30,5,2013,18,1,13,55,2,1,1,3,"57, RUE TEISSERE",43.30477,5.40277
201300015104,30,5,2013,12,1,13,55,2,1,1,3,"55, AVE DE LA ROSE",43.32509,5.4183
201300015105,28,6,2013,14,1,13,55,2,1,1,3,BD DU CAPITAINE GEZE,43.33031,5.37025
201300015106,8,6,2013,11,1,13,55,2,1,1,6,"78, AVE JULES CANTINI",43.28246,5.39001
201300015107,24,6,2013,15,1,13,55,2,1,1,7,"2, CHE JOSEPH AIGUIER",43.25933,5.4026
201300015108,2,7,2013,3,5,13,55,2,1,1,3,"100, AVE DES OLIVES",43.32752,5.43599
201300015109,31,5,2013,10,1,13,55,2,1,1,6,"01, RPT HENRI FRENAY",43.25456,5.37621
201300015110,21,6,2013,7,1,13,55,2,1,1,3,"67, AVE DE LA MADRAGUE D",43.23665,5.36253
201300015111,10,7,2013,16,1,13,55,2,1,1,6,"2, AVE JULES CANTINI",43.2854,5.38466
201300015112,4,6,2013,14,1,13,55,2,1,1,2,"290, RUE PARADIS",43.2805,5.38227
201300015113,17,6,2013,9,1,13,55,2,1,1,2,"57, BD ROMAIN ROLLAND",43.27997,5.42493
201300015114,19,6,2013,17,1,13,55,2,1,1,5,"01, BD EDOUARD HERRIOT",43.2729,5.39075
201300015115,19,6,2013,13,1,13,55,2,3,1,3,"256, AVE DU PRADO",43.27508,5.38985
201300015116,17,6,2013,17,1,13,75,2,1,1,3,"99, FR?D?RIC CHEVILLON (",43.34827,5.46515
201300015117,12,6,2013,11,1,13,55,2,1,1,2,AVE DES PEINTRES ROUX,43.30317,5.47358
201300015118,12,6,2013,18,1,13,55,2,1,1,3,"344, BD MICHELET",43.25793,5.39954
201300015119,12,6,2013,16,1,13,55,2,1,1,1,"55, ALL DES PINS",43.25377,5.41532
201300015120,18,6,2013,8,1,13,55,2,1,1,6,"311, AVE DU PRADO",43.27158,5.3899
201300015121,2,5,2013,11,1,13,55,2,1,1,7,"1, RPT JEAN DE TCHORLOU",0.0,0.0
201300015122,24,6,2013,15,1,13,55,2,1,1,6,"421, BD MICHELET",43.25232,5.4027
201300015123,15,6,2013,11,1,13,55,2,1,1,3,"38, RUE AVIATEUR LE BRIX",43.2606,5.40319
201300015124,29,5,2013,17,1,13,55,2,3,1,3,BD DE MOSTAGANEM,43.25378,5.39614
201300015125,14,6,2013,12,1,13,55,2,1,1,2,AVE DU PRADO,0.0,0.0
201300015126,22,6,2013,3,5,13,55,2,1,1,2,"148, AVE PIERRE MENDES F",43.25425,5.37617
201300015127,29,6,2013,14,1,13,55,2,1,1,5,"43, RUE PIERRE BERANGER",43.31144,5.44636
201300015128,26,3,2013,15,1,13,55,2,2,1,3,"0, RUE EDMOND ROSTAND",43.28042,5.38366
201300015129,27,6,2013,5,1,13,55,2,2,1,5,"1, BD GAROUTTE",43.30427,5.41306
201300015130,25,6,2013,8,1,13,55,2,1,1,6,"10, AVE LOUIS MALOSSE",43.30248,5.44961
201300015131,18,6,2013,12,1,13,55,2,1,1,3,"34, BD DU REDON",43.25635,5.41978
201300015132,13,7,2013,2,5,13,55,2,1,1,6,BD DE L ANGELETTE,0.0,0.0
201300015133,11,7,2013,1,5,13,55,2,1,1,6,AVE FELIX ZOCCOLA,0.0,0.0
201300015134,14,7,2013,2,5,13,2,2,1,2,7,PROVENCE (AVENUE DE),0.0,0.0
201300015135,12,7,2013,3,5,13,55,2,7,1,3,"2, PCE ERNEST DELIBES",43.27907,5.38286
201300015136,12,7,2013,22,5,13,55,2,3,1,3,"82, BD DE LA BARASSE RN",43.28583,5.47954
201300015137,10,7,2013,0,5,13,55,2,2,1,3,BD MIREILLE LAUZE,43.28346,5.41423
201300015138,6,7,2013,8,1,13,55,2,1,1,2,"31, AVE DU MERLAN",43.33463,5.40763
201300015139,18,6,2013,9,1,13,2,2,1,1,6,ETIENNE CUCCA-CD908 (AVE,0.0,0.0
201300015140,29,6,2013,17,1,13,55,2,1,1,3,"563, RUE SAINT PIERRE",43.29046,5.42147
201300015141,6,6,2013,8,1,13,55,1,1,1,4,"17, AVE DU VINGT QUATRE",43.30786,5.42706
201300015142,18,6,2013,7,1,13,55,2,1,1,3,"76, BD DE PLOMBIERES",43.31605,5.38436
201300015143,6,7,2013,7,1,13,55,2,1,1,6,AVE DU CAP PINEDE ROC 3,0.0,0.0
201300015144,5,7,2013,20,1,13,55,2,1,1,7,"43, BD DE CASTELLANE",43.37642,5.3396
201300015145,6,7,2013,14,1,13,55,2,1,1,2,"102, AVE ROGER SALENGRO",43.31338,5.37129
201300015146,2,4,2013,14,1,13,55,2,2,1,6,"142, VSN MIREILLE LAUZE",43.2833,5.41281
201300015147,22,4,2013,10,1,13,55,2,1,1,2,"231, RUE PIERRE DOIZE",43.27188,5.42764
201300015148,16,7,2013,11,1,13,55,2,1,1,6,"54, CRS LIEUTAUD",43.29334,5.38235
201300015149,16,5,2013,16,1,13,55,2,9,2,3,"32, AVE FLORIAN",43.28319,5.4271
201300015150,13,6,2013,13,1,13,75,2,1,1,2,"45, FR?D?RIC CHEVILLON (",43.34629,5.4623
201300015151,4,7,2013,7,1,13,55,2,1,1,6,"15, BD DE PONT DE VIVAUX",43.27963,5.41779
201300015152,20,5,2013,3,5,13,55,2,1,1,2,BD MICHELET,0.0,0.0
201300015153,17,6,2013,7,1,13,55,2,1,1,2,", PCE MARCEAU",43.30504,5.37292
201300015154,7,6,2013,5,2,13,55,2,1,1,3,"1, AVE ALEXANDRE FLEMING",43.31654,5.39709
201300015155,13,6,2013,9,1,13,55,2,1,1,3,"43, AVE PASTEUR",43.28985,5.35932
201300015156,24,6,2013,15,1,13,55,2,1,1,2,"135, BD BAILLE",43.28824,5.39246
201300015157,7,5,2013,13,1,13,55,1,1,1,3,"1, AVE JEAN PAUL SARTRE",0.0,0.0
201300015158,10,7,2013,18,1,13,55,2,1,1,3,"4, RUE SAINT ETIENNE",43.28557,5.39521
201300015159,17,7,2013,18,1,13,55,2,1,1,3,"222, BD RABATAU DANIEL M",43.2831,5.39972
201300015160,15,6,2013,12,1,13,55,2,1,1,6,"74, VOI LA CANEBIERE",43.29766,5.38119
201300015161,22,6,2013,15,1,13,55,2,1,1,6,"55, BD SAKAKINI",43.29621,5.40021
201300015162,4,7,2013,19,1,13,55,2,1,1,6,"22, RUE D AIX",43.30012,5.37568
201300015163,29,6,2013,12,1,13,55,2,1,1,6,"83, BD CHARLES LIVON",43.29201,5.35871
201300015164,26,2,2013,18,1,13,55,2,1,1,3,"140, RUE DE RUFFI",43.31577,5.36876
201300015165,2,5,2013,17,1,13,55,2,1,1,2,"52368, AVE JEAN PAUL SAR",0.0,0.0
201300015166,3,7,2013,10,1,13,55,2,1,1,7,"01, BD FRANCOISE DUPARC",43.3008,5.40078
201300015167,26,5,2013,17,1,13,55,2,2,1,7,"2, BD LOUIS SALVATOR",43.29113,5.38081
201300015168,7,6,2013,3,5,13,55,2,1,1,2,"39, BD DE LA LIBERATION",43.29979,5.38748
201300015169,11,7,2013,10,1,13,55,2,1,1,4,COR PRESIDENT JOHN F KEN,43.26857,5.37065
201300015170,11,7,2013,16,1,13,55,2,1,1,3,"61, BD DE LA MEDITERRANE",43.33296,5.36162
201300015171,18,7,2013,22,5,13,55,2,1,1,6,"73, BD BAILLE",43.28738,5.38926
201300015172,19,4,2013,4,5,13,55,2,2,1,3,"22, BD DES FAUVETTES",43.31487,5.43911
201300015173,27,6,2013,15,1,13,55,2,9,1,1,"09, RUE JOBIN",43.31124,5.38853
201300015174,23,6,2013,8,1,13,55,2,1,1,7,"1, VSN ROVE ANC CHE DU",0.0,0.0
201300015175,21,6,2013,14,1,13,55,2,1,1,2,"0, AVE SALVADOR ALLENDE",0.0,0.0
201300015176,9,7,2013,17,1,13,55,2,1,1,3,"223, BD DE PLOMBIERES",43.32068,5.37643
201300015177,11,7,2013,14,1,13,55,2,2,1,3,"37, BD CHARLES BOURSEULT",43.34284,5.38012
201300015178,16,7,2013,12,1,13,55,2,2,1,6,BD CHAVE,43.29559,5.39647
201300015179,1,7,2013,18,5,13,55,2,1,1,3,"215, AVE DE MAZARGUES",43.26369,5.39248
201300015180,8,5,2013,16,1,13,55,2,1,1,6,"240, BD DE SAINT LOUP",43.28489,5.43968
201300015181,14,5,2013,8,1,13,55,2,1,1,4,"77, RTE DE LA VALENTINE",43.28977,5.47081
201300015182,23,7,2013,19,1,13,55,2,1,1,3,"1, BD JEAN EUGENE CABASS",43.28603,5.41281
201300015183,23,7,2013,19,1,13,55,2,1,1,6,"136, CHE DE CHATEAU GOMB",43.34235,5.42017
201300015184,6,7,2013,18,1,13,55,2,1,1,4,"131, RUE PIERRE DOIZE",43.2765,5.42674
201300015185,12,6,2013,16,1,13,55,2,1,1,3,"537, AVE DE MAZARGUES",43.2547,5.39418
201300015186,24,6,2013,8,1,13,55,2,1,1,3,"89, BD SCHLOESING",43.2727,5.40106
201300015187,14,7,2013,20,1,13,55,2,1,1,3,PRK KENNEDY / RAPATRI?S,0.0,0.0
201300015188,10,7,2013,12,1,13,55,2,3,1,3,"23, RUE AVIATEUR LE BRIX",43.26145,5.40378
201300015189,14,7,2013,20,1,13,55,2,1,1,3,"348, AVE DU PRADO",43.27094,5.3889
201300015190,3,7,2013,21,5,13,55,2,2,1,3,"196, BD DU REDON",43.24946,5.42264
201300015191,16,7,2013,11,1,13,55,2,1,1,3,"104, AVE DE LA ROSE",43.3272,5.42374
201300015192,25,7,2013,12,1,13,55,2,1,1,6,"439, RUE PARADIS",43.27316,5.38535
201300015193,24,7,2013,14,1,13,55,2,3,1,5,"261, AVE DE SAINT LOUIS",43.35261,5.35771
201300015194,28,7,2013,7,1,13,55,2,1,1,7,"279, RUE PIERRE DOIZE",43.27112,5.42567
201300015195,22,6,2013,22,5,13,55,2,1,1,1,AVE DES PEINTRES ROUX,0.0,0.0
201300015196,25,7,2013,14,1,13,55,2,1,1,2,"1, AVE DE L' ARGILITE",43.36042,5.34587
201300015197,21,6,2013,14,1,13,55,2,1,1,6,"36, CHE DE SAINTE MARTHE",43.31937,5.39013