Num_Acc,jour,mois,an,hr,condition_eclairage,departement,commune,condition_agglomeration,intersection,condition_atmosphere,type_collision,adresse,lattitude,longitude
201300015198,13,6,2013,19,1,13,55,2,1,1,6,"24, RUE PAVILLON",43.29527,5.37661
201300015199,2,7,2013,10,1,13,55,2,3,1,2,"07, RUE MARENGO",43.29069,5.38419
201300015200,11,7,2013,11,1,13,55,2,1,1,4,"80, AVE DE LA CROIX ROUG",43.33279,5.43592
201300015201,16,7,2013,3,5,13,55,2,1,1,6,CHE DU LITTORAL,0.0,0.0
201300015202,12,7,2013,17,1,13,55,2,1,1,6,CRS BELSUNCE,0.0,0.0
201300015203,14,7,2013,6,2,13,55,2,1,1,6,AVE DE SAINT JUST,0.0,0.0
201300015204,17,7,2013,16,1,13,55,2,1,1,5,"78, RUE DE ROME",43.2923,5.38012
201300015205,4,6,2013,8,1,13,55,2,2,1,3,"11, RUE GRANOUX",43.2987,5.39878
201300015206,13,7,2013,16,1,13,2,1,1,1,1,ETIENNE CUCCA-CD908 (AVE,0.0,0.0
201300015207,16,7,2013,15,1,13,55,2,1,1,2,"0, VSN CHALUSSET RUE",0.0,0.0
201300015208,24,6,2013,18,1,13,55,2,9,1,2,RTE DE LA SABLIERE,0.0,0.0
201300015209,19,7,2013,17,1,13,55,2,1,1,3,"2, AVE DU CAP PINEDE ROC",0.0,0.0
201300015210,17,7,2013,1,5,13,55,2,1,1,6,"28, BD DES LIBERATEURS",43.29237,5.46224
201300015211,19,7,2013,4,1,13,55,1,3,1,3,AVE ARNAVON,0.0,0.0
201300015212,5,7,2013,20,1,13,55,2,1,1,3,"148, AVE JEAN LOMBARD",43.28933,5.43677
201300015213,4,7,2013,15,1,13,55,2,3,1,3,"132, AVE JULES CANTINI",43.2807,5.39327
201300015214,16,7,2013,20,2,13,55,2,2,1,3,"366, RUE PARADIS",43.27823,5.38322
201300015215,19,7,2013,7,1,13,55,2,2,1,7,"322, RUE PIERRE DOIZE",43.27089,5.4249
201300015216,18,7,2013,18,1,13,55,2,3,3,3,"347, BD*MICHELET",43.25667,5.40023
201300015217,18,7,2013,13,1,13,55,2,1,1,7,"57, BD ROMAIN ROLLAND",43.27996,5.42488
201300015218,2,3,2013,0,5,13,55,2,1,1,6,"224, BD CHAVE",43.29571,5.39922
201300015219,21,5,2013,12,1,13,55,2,1,1,2,".., BD SCHLOESING",0.0,0.0
201300015220,8,7,2013,20,1,13,55,2,1,1,1,"10, RUE CHARLES KADDOUZ",43.30884,5.42605
201300015221,3,7,2013,10,1,13,2,1,1,2,6,ETIENNE CUCCA-CD908 (AVE,0.0,0.0
201300015222,24,7,2013,1,5,13,55,2,1,1,6,"26, RUE DESIREE CLARY",43.30829,5.36963
201300015223,17,7,2013,15,1,13,55,2,1,1,2,"19, AVE DE SAINT MENET",43.28938,5.49673
201300015224,17,7,2013,12,1,13,55,2,2,1,6,"255, AVE DU PRADO",43.27413,5.39072
201300015225,13,7,2013,20,5,13,55,2,1,1,6,"7, ALL DE LA GRANDE BAST",43.30041,5.43715
201300015226,17,7,2013,18,5,13,55,2,1,1,3,"300, BD MICHELET",43.25972,5.39853
201300015227,2,7,2013,12,1,13,55,2,1,1,6,"36, BD FERNAND BONNEFOY",43.27992,5.4001
201300015228,20,7,2013,20,1,13,55,2,1,1,2,BD MIREILLE LAUZE,0.0,0.0
201300015229,3,7,2013,19,1,13,55,2,1,1,2,"285, AVE DU PRADO",43.27299,5.39103
201300015230,19,7,2013,9,1,13,2,2,6,1,2,"30, MARCEL PAGNOL (AV)",43.33117,5.48843
201300015231,16,6,2013,18,1,13,55,2,2,1,3,BD MIRABEAU,43.31454,5.3705
201300015232,6,6,2013,16,1,13,55,2,1,1,3,CHE DES BOURRELY,0.0,0.0
201300015233,3,7,2013,13,1,13,55,2,3,1,1,"50, AVE DE TOULON",43.28545,5.38774
201300015234,25,7,2013,5,2,13,55,2,1,1,6,"193, AVE DES CAILLOLS",43.30399,5.44098
201300015235,11,4,2013,7,1,13,55,2,1,7,4,"38, RUE ALBERT EINSTEIN",43.33729,5.43547
201300015236,11,6,2013,17,1,13,55,2,1,1,3,"14, CHE DE GIBBES",43.31944,5.37989
201300015237,27,6,2013,14,1,13,55,2,1,1,3,"118, CHE DE MIMET",43.38184,5.35836
201300015238,13,6,2013,14,1,13,55,2,1,1,2,VSN SAINT ANTOINE (CHE),0.0,0.0
201300015239,10,7,2013,17,1,13,55,2,1,1,3,"48, BD FERDINAND DE LESS",43.32107,5.37516
201300015240,3,7,2013,18,1,13,55,2,1,1,6,"12, AVE RAOUL FOLLEREAU",43.2924,5.4458
201300015241,8,7,2013,8,1,13,55,2,1,1,1,"86, BD DE LA MILLIERE",43.28329,5.49791
201300015242,28,6,2013,11,1,13,55,2,1,1,3,"147, AVE DE LA ROSE",43.32847,5.42585
201300015243,3,7,2013,10,1,13,55,2,1,2,6,"49, AVE PASTEUR",43.28957,5.35937
201300015244,24,6,2013,6,1,13,55,2,2,1,3,"54, BD BUREL",43.31728,5.38983
201300015245,25,7,2013,22,5,13,2,2,1,1,6,"4, FERNAND RAMBERT (RUE)",43.33546,5.48239
201300015246,9,7,2013,14,2,13,55,2,1,1,2,RTE DE LA VALENTINE,0.0,0.0
201300015247,1,7,2013,17,1,13,55,2,1,1,6,"3, AVE DE GARLABAN",43.29817,5.41803
201300015248,26,7,2013,19,1,13,55,2,2,1,6,"139, BD BAILLE",43.28832,5.39275
201300015249,14,7,2013,16,1,13,55,2,1,1,2,"54, BD DE LA VALBARELLE",43.28687,5.44574
201300015250,11,7,2013,15,1,13,55,2,1,1,6,"278, RUE RABELAIS",43.36127,5.32642
201300015251,12,7,2013,13,1,13,55,2,1,1,3,"23, AVE DE FUVEAU",43.32794,5.41871
201300015252,1,7,2013,16,1,13,55,2,1,1,4,"333, AVE DES POILUS",43.3146,5.46233
201300015253,15,5,2013,20,2,13,55,2,1,1,6,"36, AVE ELSA TRIOLET",43.24763,5.39173
201300015254,16,7,2013,14,1,13,55,1,1,1,6,AVE DES TROIS LUCS,0.0,0.0
201300015255,16,7,2013,13,1,13,55,2,1,1,3,AVE DES TROIS LUCS,43.31037,5.46381
201300015256,21,6,2013,20,1,13,55,2,1,1,3,"43, BD RABATAU",43.2743,5.39415
201300015257,3,7,2013,17,1,13,55,2,1,1,2,"475, AVE DE MAZARGUES",43.25684,5.39409
201300015258,31,7,2013,18,1,13,55,2,1,1,6,BD HENRI BARNIER,0.0,0.0
201300015259,8,7,2013,4,3,13,55,1,1,1,7,".., RTE LEON LACHAMP",0.0,0.0
201300015260,24,7,2013,10,1,13,55,2,1,1,3,"13, BD BERNABO",43.33705,5.35548
201300015261,21,7,2013,16,1,13,55,2,2,1,3,"40, VOI LA CANEBIERE",43.29638,5.37765
201300015262,23,7,2013,1,5,13,55,2,1,1,7,"281, COR PRESIDENT JOHN",43.27732,5.35662
201300015263,31,7,2013,15,1,13,55,2,6,1,3,BD PIERRE DRAMARD,43.37716,5.35961
201300015264,25,7,2013,20,2,13,55,2,1,1,7,CRS LIEUTAUD,43.28794,5.38469
201300015265,26,7,2013,5,2,13,55,2,1,1,6,"127, AVE DE LA TIMONE",43.28627,5.40699
201300015266,27,7,2013,21,5,13,75,2,2,1,2,FREDERIC*CHEVILLON (AV),43.34746,5.46376
201300015267,5,8,2013,7,1,13,55,2,1,1,6,"353, COR PRESIDENT JOHN",43.27156,5.36276
201300015268,4,8,2013,9,1,13,55,2,2,1,3,"77, RUE BRETEUIL",43.28865,5.37651
201300015269,21,5,2013,14,1,13,55,2,1,1,4,AVE ALEXANDRE FLEMING,43.31559,5.40155
201300015270,6,7,2013,11,1,13,55,2,1,1,5,"17, RUE FORT NOTRE DAME",43.2925,5.37145
201300015271,8,7,2013,13,1,13,55,2,1,1,6,"2, BD CHARLES LIVON",43.29225,5.36214
201300015272,17,7,2013,18,1,13,55,2,3,1,6,"27, QAI DE RIVE NEUVE",43.29286,5.36872
201300015273,18,7,2013,12,1,13,55,2,2,1,3,"2, RUE DIEUDE",43.29209,5.38058
201300015274,22,7,2013,17,1,13,55,2,1,1,3,"397, COR PRESIDENT JOHN",43.26991,5.36597
201300015275,23,7,2013,16,1,13,55,2,3,1,3,"21, BD FRANCOISE DUPARC",43.30096,5.40076
201300015276,25,7,2013,12,1,13,55,2,1,1,6,"1, RUE D AUBAGNE",43.29591,5.3786
201300015277,29,7,2013,13,1,13,55,2,1,1,7,"5, RUE PARADIS",43.29437,5.37638
201300015278,30,7,2013,19,1,13,55,2,1,1,6,"23, ALL LEON GAMBETTA",43.29908,5.38233
201300015279,30,7,2013,15,1,13,55,2,1,1,3,"31, AVE DU PRADO",43.28399,5.38499
201300015280,6,6,2013,0,5,13,55,2,1,1,7,RUE EDMOND ROSTAND,43.28426,5.38202
201300015281,4,6,2013,12,1,13,55,2,1,1,1,AVE ALEXANDRE ANSALDI,0.0,0.0
201300015282,25,7,2013,5,2,13,55,2,1,1,2,".., AVE DE SAINT MENET",0.0,0.0
201300015283,27,7,2013,16,1,13,55,2,1,1,6,"303, AVE DE MONTOLIVET",43.31772,5.4176
201300015284,27,5,2013,13,1,13,55,2,1,1,7,"67, BD DU CAPITAINE GEZE",43.33146,5.37535
201300015285,23,7,2013,14,1,13,55,2,1,1,2,"144, BD HENRI BARNIER",43.37066,5.34675
201300015286,24,7,2013,9,1,13,55,2,1,1,6,BD MICHELET,43.26655,5.39469
201300015287,24,7,2013,10,1,13,55,2,3,1,3,"45, BD DE LA CONCORDE",43.24914,5.40201
201300015288,30,7,2013,18,1,13,55,2,1,1,6,"13 BIS, BD DE LA PUGETTE",43.26869,5.4015
201300015289,27,7,2013,1,5,13,55,2,1,1,6,"30, BD JEAN MOULIN",43.28928,5.40009
201300015290,31,5,2013,21,5,13,55,2,1,1,6,"33, BD DE LA BARASSE RN",43.28622,5.47674
201300015291,13,6,2013,16,1,13,55,2,1,1,2,"61, RUE AVIATEUR LE BRIX",43.25931,5.40073
201300015292,2,7,2013,18,1,13,55,2,1,1,7,"143, RPT ALAIN SAVARY",43.24628,5.39477
201300015293,23,7,2013,18,1,13,55,2,1,1,3,MTE DE SAINT MENET,0.0,0.0
201300015294,24,7,2013,18,1,13,55,2,1,1,2,BD DE LA PUGETTE,43.26868,5.40151
201300015295,23,7,2013,18,1,13,55,2,6,1,3,"214, CHE DE SAINTE MARTH",43.33021,5.38845
201300015296,10,7,2013,10,1,13,55,2,1,1,6,"101, AVE DE SAINT LOUIS",43.34636,5.35922
201300015297,28,7,2013,8,1,13,55,2,1,1,3,PCE CAZEMAJOU,43.31876,5.36711
201300015298,1,8,2013,9,1,13,55,2,1,1,6,"03, BD DE LA FABRIQUE",43.25342,5.39474
201300015299,2,8,2013,11,1,13,55,2,1,1,6,"83, BD DE SAINT LOUP",43.2828,5.43223
201300015300,25,7,2013,18,1,13,55,2,1,1,6,BD JEAN MOULIN,0.0,0.0
201300015301,26,7,2013,9,1,13,55,1,1,1,6,"2, AVE FERNANDEL",43.3122,5.4476
201300015302,6,7,2013,20,1,13,55,2,1,1,1,CHE DE LA MARTINE,0.0,0.0
201300015303,20,6,2013,14,1,13,55,2,1,1,2,BD JEAN MOULIN,0.0,0.0
201300015304,18,7,2013,10,1,13,55,2,1,1,3,"37, RUE DE LODI",43.29052,5.38617
201300015305,24,7,2013,8,1,13,55,2,5,1,6,"222, RUE SAINT PIERRE",43.29278,5.4001
201300015306,29,7,2013,7,1,13,55,2,1,1,7,"2, BD PAUL PEYTRAL",43.29057,5.37994
201300015307,28,6,2013,16,1,13,55,2,8,1,6,AVE MILLIE MATHYS,0.0,0.0
201300015308,19,7,2013,19,1,13,55,2,1,1,6,"100, BD DANIELLE CASANOV",43.32526,5.37397
201300015309,29,7,2013,19,1,13,55,2,1,1,6,"450, RUE PARADIS",43.27438,5.3848
201300015310,30,7,2013,15,1,13,75,2,6,1,7,"1, JEAN GIONO (AVE)",0.0,0.0
201300015311,11,6,2013,18,1,13,106,2,1,1,2,"91, 8 MAI 1945 (AVENUE D",43.39214,5.36397
201300015312,19,7,2013,23,5,13,55,2,1,1,6,"00, RUE DAUMIER",0.0,0.0
201300015313,9,8,2013,2,5,13,55,2,2,1,3,"97, AVE DE LA CORSE",43.28935,5.3576
201300015314,29,7,2013,17,1,13,55,2,1,1,1,"19, BD HENRI BARNIER",43.37329,5.35412
201300015315,4,8,2013,6,2,13,55,2,2,1,6,"27, RUE DU PANIER",43.29938,5.36794
201300015316,6,8,2013,12,1,13,55,2,1,1,7,"99, RUE CALLELONGUE",43.25562,5.39181
201300015317,26,4,2013,8,1,13,55,2,1,1,2,"69, RUE PIERRE BERANGER",43.31205,5.44741
201300015318,11,8,2013,21,5,13,55,2,2,1,3,AVE BENJAMIN DELESSERT,43.28233,5.40513
201300015319,26,5,2013,11,1,13,55,2,3,1,3,RUE DE LA BOISERAIE,0.0,0.0
201300015320,1,7,2013,13,1,13,55,2,3,2,3,"85, RUE AUGUSTIN AUBERT",43.26524,5.40364
201300015321,2,7,2013,7,1,13,55,2,1,1,3,"151, BD MICHELET",43.26495,5.39555
201300015322,20,7,2013,14,1,13,55,2,1,1,7,"33, AVE CLOT BEY",43.26191,5.38766
201300015323,6,8,2013,17,1,13,55,2,1,1,3,"274, AVE DES POILUS",43.31688,5.46072
201300015324,9,8,2013,10,1,13,55,2,1,1,6,"8, AVE JEAN LOMBARD",43.28983,5.42653
201300015325,1,8,2013,14,1,13,55,2,1,1,3,AVE RAIMU,0.0,0.0
201300015326,16,7,2013,18,1,13,55,2,1,1,6,BD HENRI BARNIER,0.0,0.0
201300015327,20,6,2013,14,1,13,55,2,1,1,3,"33, TRA MARDIROSSIAN",43.33711,5.36031
201300015328,13,8,2013,7,2,13,55,2,1,7,6,"309, RUE PIERRE DOIZE",43.2711,5.42551
201300015329,6,8,2013,9,1,13,55,2,1,1,3,AVE DE SAINT MENET,0.0,0.0
201300015330,15,8,2013,15,1,13,55,2,1,1,1,AVE JEAN PAUL SARTRE,0.0,0.0
201300015331,7,8,2013,16,1,13,2,2,1,1,6,"1, TAGARET (CHEMIN DE)",43.35611,5.48509
201300015332,8,8,2013,9,1,13,55,1,1,1,6,RTE LEON LACHAMP,0.0,0.0
201300015333,3,8,2013,22,5,13,55,2,9,1,1,"172, VOI LA CANEBIERE",43.29907,5.38529
201300015334,9,8,2013,8,1,13,55,2,1,1,6,"27, RUE LEVAT",43.31031,5.38441
201300015335,9,8,2013,16,1,13,55,2,1,1,3,"51, AVE ROGER SALENGRO",43.31204,5.37216
201300015336,22,6,2013,1,5,13,55,2,1,1,6,PCE JOSEPH VIDAL,43.24359,5.37043
201300015337,23,7,2013,18,1,13,55,2,1,1,6,"20, BD DE LA CONCORDE",43.24981,5.40268
201300015338,30,5,2013,15,1,13,55,2,3,1,3,"346, AVE DES*POILUS",43.31387,5.46292
201300015339,11,6,2013,16,1,13,55,2,1,1,3,"28, RTE LEON LACHAMP",43.2463,5.43203
201300015340,27,3,2013,23,5,13,55,2,4,1,3,Av DE SAINT*MENET,43.29303,5.49473
201300015341,31,7,2013,20,1,13,55,2,1,1,6,"9, AVE DU MERLAN",43.33197,5.40656
201300015342,18,8,2013,14,1,13,55,2,1,1,6,"5, AVE DE BOISBAUDRAN",43.34197,5.36936
201300015343,19,8,2013,7,1,13,55,2,1,1,3,"221, BD PAUL CLAUDEL",43.26847,5.41927
201300015344,13,5,2013,18,1,13,55,2,1,1,4,"141, AVE DE HAMBOURG",43.247,5.3935
201300015345,15,4,2013,8,1,13,55,2,1,1,3,RTE D' ALLAUCHà aubagne,0.0,0.0
201300015346,26,6,2013,7,1,13,55,2,1,1,5,AVE DES PEINTRES ROUX,0.0,0.0
201300015347,7,8,2013,11,1,13,55,2,1,1,6,"59, BD DE PONT DE VIVAUX",43.28019,5.4196
201300015348,2,8,2013,17,1,13,55,2,1,1,6,"00, RUE FELIX EBOUE",0.0,0.0
201300015349,13,8,2013,21,5,13,55,2,2,1,3,"1, RUE SAINT BRUNO",43.30577,5.40155
201300015350,19,7,2013,9,1,13,55,2,1,1,6,"27, BD CAMILLE FLAMMARIO",43.3048,5.39048
201300015351,24,7,2013,17,1,13,55,2,1,1,6,"78, BD FRANCOISE DUPARC",43.30439,5.40095
201300015352,2,7,2013,18,1,13,55,2,1,1,3,"154, AVE DE SAINT LOUIS",43.34843,5.35894
201300015353,3,8,2013,18,1,13,55,2,1,1,6,"00, RUE JEAN QUEILLAU",0.0,0.0
201300015354,23,8,2013,13,1,13,55,2,1,1,3,"76, BD DE PLOMBIERES",43.31617,5.38431
201300015355,25,8,2013,17,1,13,55,2,1,1,2,"54, BD DE LA VALBARELLE",43.28687,5.44574
201300015356,12,8,2013,14,1,13,55,2,4,1,3,"29, AVE DE MONTREDON",43.24447,5.37207
201300015357,5,8,2013,12,1,13,55,2,1,1,2,BD DU BOSPHORE,0.0,0.0
201300015358,9,8,2013,12,1,13,55,1,1,1,3,"1, BD DANIELLE CASANOVA",43.32093,5.37474
201300015359,9,8,2013,15,1,13,55,2,1,1,1,"41, RUE FELIX PYAT",43.31382,5.37635
201300015360,27,7,2013,13,1,13,55,2,2,1,3,"00, RUE FERRARI",43.29292,5.39291
201300015361,15,8,2013,12,1,13,55,2,3,1,2,"2, RUE DU MARECHAL FAYOL",43.30273,5.39824
201300015362,13,8,2013,8,1,13,55,2,1,1,4,"06, QAI DE LA JOLIETTE",43.30192,5.3735
201300015363,26,7,2013,5,3,13,55,2,2,1,3,AVE ESCADRILLE NORMANDIE,43.33696,5.41015
201300015364,30,7,2013,17,1,13,55,2,1,1,3,"82, AVE DES AYGALADES",43.33691,5.36739
201300015365,30,7,2013,17,1,13,55,2,1,1,3,CHE DU LITTORAL,43.35083,5.34087
201300015366,1,8,2013,9,1,13,55,2,1,1,2,AVE DE LA CROIX ROUGE,0.0,0.0
201300015367,11,4,2013,20,5,13,55,2,6,1,6,RPT PERE WRESINKI,0.0,0.0
201300015368,14,8,2013,22,5,13,55,2,4,1,3,R CONDORCET,43.35589,5.34631
201300015369,19,5,2013,21,5,13,55,2,3,1,6,"58, AVE DE SAINT JULIEN",43.30529,5.41692
201300015370,5,6,2013,9,1,13,55,2,1,1,6,"03, RUE DES ELECTRICIENS",43.30395,5.41734
201300015371,5,6,2013,22,5,13,55,2,1,1,5,"31, CR DE LA VALBARELLE",43.28615,5.44341
201300015372,22,6,2013,21,5,13,75,2,2,1,3,FREDERIC*CHEVILLON (AV,43.34747,5.46375
201300015373,30,7,2013,9,1,13,55,2,6,1,6,"111, RUE SAINT JEAN DU D",43.29472,5.4333
201300015374,1,8,2013,9,1,13,55,2,6,1,6,"88, AVE DE MAZARGUES",43.26772,5.38925
201300015375,4,8,2013,14,2,13,55,2,1,2,2,AVE DE LATTRE DE TASSIGN,0.0,0.0
201300015376,6,8,2013,11,1,13,55,2,1,1,6,"2, RUE LEON MEISSEREL",43.30459,5.41849
201300015377,11,8,2013,18,1,13,55,2,1,1,4,"18, AVE DU DOCTEUR HECKE",43.28902,5.44144
201300015378,13,8,2013,8,1,13,55,2,1,1,6,"65, AVE DE SAINT JULIEN",43.30587,5.4188
201300015379,27,8,2013,9,1,13,106,2,9,1,3,"00, BEDOULE (CHEMIN DE L",0.0,0.0
201300015380,7,6,2013,15,1,13,55,2,1,1,5,"20, BD MIREILLE JOURDAN-",43.24523,5.37577
201300015381,27,7,2013,19,1,13,55,2,1,1,3,"45, AVE DE LA POINTE ROU",43.24736,5.37406
201300015382,6,7,2013,18,1,13,55,2,1,1,3,AVE FLORIAN,0.0,0.0
201300015383,30,7,2013,8,1,13,55,2,1,1,3,"151, BD MICHELET",43.26497,5.39554
201300015384,12,8,2013,17,1,13,55,2,1,1,4,"68, BD DU CABOT",43.25791,5.41803
201300015385,26,7,2013,23,5,13,55,2,1,1,7,"30, BD JEAN MOULIN",43.28929,5.40009
201300015386,28,7,2013,1,5,13,55,2,1,1,3,"151, BD GUSTAVE GANAY",43.26714,5.4021
201300015387,1,6,2013,11,1,13,55,2,1,1,3,"283, AVE DU PRADO",43.27313,5.3909
201300015388,10,8,2013,19,1,13,55,2,6,1,2,".........., RPT M.LAUZE/",43.28582,5.42526
201300015389,10,7,2013,18,1,13,55,2,1,1,2,"327, BD DE SAINT MARCEL",43.28625,5.47404
201300015390,20,8,2013,17,1,13,55,2,1,1,7,"40, RUE DE LA CREDENCE",43.32049,5.44501
201300015391,15,8,2013,22,5,13,55,2,1,1,6,"00, RUE DE L AUDIENCE",0.0,0.0
201300015392,7,8,2013,11,1,13,55,2,1,1,6,"00, AVE FRANCOIS MIGNET",0.0,0.0
201300015393,11,8,2013,2,5,13,55,2,1,1,6,"34, CRS LIEUTAUD",43.29382,5.38218
201300015394,13,5,2013,21,5,13,55,2,1,1,2,"110, RUE CHARLES KADDOUZ",43.31344,5.43158
201300015395,17,7,2013,11,1,13,55,2,1,1,3,"71, RTE DES CAMOINS",43.29745,5.49639
201300015396,12,4,2013,8,1,13,55,2,1,1,6,"69, RUE DE LODI",43.28967,5.387
201300015397,10,6,2013,7,1,13,55,2,2,1,3,"94, AVE DU MERLAN",43.34116,5.40735
201300015398,29,7,2013,7,1,13,55,2,1,1,2,"91, RUE BELLE DE MAI",43.31262,5.38524
201300015399,14,8,2013,11,1,13,55,2,1,1,3,"34, BD DU CAPITAINE GEZE",43.33031,5.37026
201300015400,21,8,2013,19,1,13,55,2,1,1,3,"158, AVE DES CHARTREUX",43.30868,5.4004
201300015401,23,8,2013,22,5,13,55,2,1,1,6,"128, VOI LA CANEBIERE",43.29838,5.38324
201300015402,22,8,2013,9,1,13,55,2,1,1,6,"136, CHE HENRI BEYLE",43.35225,5.36042
201300015403,28,6,2013,19,1,13,55,2,1,1,3,"77, AVE DE LA VISTE",43.35759,5.35749
201300015404,26,7,2013,19,1,13,55,2,1,1,6,"2, MTE DES ECOLES",43.36169,5.31505
201300015405,9,7,2013,13,1,13,55,2,1,1,1,"47, RUE CAVAIGNAC",43.30811,5.38314
201300015406,30,8,2013,14,1,13,55,2,1,1,3,"73, CRS LIEUTAUD",43.29015,5.38356
201300015407,31,8,2013,5,2,13,55,2,1,1,2,"72, RUE DES PRES",43.35945,5.4145
201300015408,30,8,2013,20,5,13,55,2,1,1,7,"1, CR DE LA POUNCHE",43.32645,5.45127
201300015409,30,8,2013,20,5,13,55,2,1,1,6,PIERRE CHEVALIER (RUE),0.0,0.0
201300015410,10,6,2013,17,1,13,55,2,1,1,2,"28, BD DE LA LIBERTE",43.30098,5.38268
201300015411,31,7,2013,8,1,13,55,2,2,1,3,"20, BD EUGENE PIERRE",43.29769,5.39057
201300015412,1,8,2013,9,1,13,55,2,1,1,6,"13, BD D ATHENES",43.29993,5.38071
201300015413,3,8,2013,3,5,13,55,2,1,1,7,"339, COR PRESIDENT JOHN",43.27266,5.36286
201300015414,6,8,2013,20,1,13,55,2,1,1,6,"55, RUE DE ROME",43.29357,5.37941
201300015415,12,8,2013,6,5,13,55,2,1,1,6,QAI MARCEL PAGNOL,0.0,0.0
201300015416,18,8,2013,1,5,13,55,2,3,1,3,"1, RUE BRETEUIL",43.29042,5.37577
201300015417,22,8,2013,19,1,13,55,2,1,1,4,"12, BD DE LA BLANCARDE",43.30268,5.39751
201300015418,23,8,2013,15,1,13,55,2,1,1,7,"126, BD DE LA BLANCARDE",43.30345,5.40504
201300015419,23,8,2013,16,1,13,55,2,2,1,2,"6, RUE DU DOCTEUR ALBERT",43.28396,5.38726
201300015420,22,8,2013,17,1,13,55,2,1,1,3,"168bis, COR PRESIDENT JO",43.28085,5.35216
201300015421,3,9,2013,19,1,13,55,2,1,1,6,AVE JULES CANTINI,43.28384,5.38752
201300015422,10,6,2013,10,1,13,55,2,1,1,6,"270, BD DE SAINTE MARGUE",43.26327,5.41108
201300015423,18,8,2013,15,1,13,55,2,1,1,3,"160, BD DE SAINT MARCEL",43.2876,5.46495
201300015424,18,8,2013,18,1,13,55,2,1,1,3,"76, BD RABATAU",43.27593,5.39669
201300015425,25,8,2013,19,1,13,55,2,1,1,6,"0, RUE LE CHATELIER",0.0,0.0
201300015426,13,8,2013,21,5,13,55,2,2,1,3,"38, RUE DE LA BIBLIOTHEQ",43.29577,5.38554
201300015427,10,3,2013,11,1,13,55,2,1,1,2,"277, CHE DU ROUCAS BLANC",43.27897,5.36808
201300015428,27,7,2013,19,1,13,55,2,1,1,2,"42, COR PRESIDENT JOHN F",43.28988,5.35563
201300015429,28,7,2013,9,1,13,55,2,1,1,1,"229, RUE D ENDOUME",43.28431,5.35831
201300015430,30,7,2013,15,1,13,55,2,1,1,2,"22, BD SAKAKINI",43.29814,5.40093
201300015431,26,8,2013,14,1,13,55,2,1,1,4,"32, BD DE LA CARTONNERIE",43.29171,5.46042
201300015432,3,7,2013,9,1,13,55,2,1,2,3,"67, AVE DE CHATEAU GOMBE",43.33792,5.42077
201300015433,21,7,2013,0,5,13,55,2,6,1,3,CHE DE SAINT ANTOINE A S,43.34891,5.37543
201300015434,21,8,2013,18,1,13,55,2,3,1,3,"75, RUE DE LYON",43.32609,5.36663
201300015435,4,9,2013,18,1,13,2,2,3,1,1,"200, QUATRE SAISONS (RTE",43.32934,5.4903
201300015436,4,9,2013,20,5,13,55,2,1,1,6,"248, BD NATIONAL",43.31083,5.37846
201300015437,10,7,2013,8,1,13,55,2,3,1,3,"103, DE LATTRE DE*TASSIG",43.24551,5.41223
201300015438,15,7,2013,18,1,13,55,2,1,1,6,"86, BD DE PONT DE VIVAUX",43.28056,5.42083
201300015439,5,9,2013,19,1,13,55,2,1,1,3,"154, AVE DE LA ROSE",43.3284,5.42571
201300015440,23,7,2013,19,5,13,55,2,1,1,3,"110, BD ROMAIN ROLLAND",43.27805,5.42113
201300015441,24,8,2013,15,1,13,55,2,6,1,3,BD VINCENT DELPUECH,43.28282,5.39238
201300015442,27,8,2013,22,5,13,55,2,1,1,3,"169, AVE DE LA CAPELETTE",43.28074,5.40731
201300015443,19,6,2013,14,1,13,55,2,1,1,6,"118, BD HENRI BARNIER",43.37164,5.34832
201300015444,2,7,2013,19,1,13,55,2,1,1,6,PCE JULES GUESDE,43.30273,5.37518
201300015445,22,7,2013,11,1,13,55,2,1,1,3,"35, AVE DE LA CROIX ROUG",43.33123,5.43238
201300015446,15,8,2013,1,5,13,55,2,1,1,3,"1, AVE DE VALDONNE",43.32259,5.41259
201300015447,18,8,2013,21,5,13,55,2,1,1,3,"4, VSN QUAI D' ARENC PRO",0.0,0.0
201300015448,5,7,2013,10,1,13,55,2,1,1,6,"54, RUE BORDE",43.2791,5.39193
201300015449,2,8,2013,17,1,13,55,2,1,1,3,"2, PCE DU GENERAL FERRIE",43.27751,5.39879
201300015450,7,8,2013,19,1,13,55,2,1,1,2,"6, CHE DU LANCIER",43.24905,5.39685