Num_Acc,jour,mois,an,hr,condition_eclairage,departement,commune,condition_agglomeration,intersection,condition_atmosphere,type_collision,adresse,lattitude,longitude
201300015451,9,8,2013,23,5,13,55,2,2,1,3,RUE AUGUSTIN AUBERT,43.26668,5.40288
201300015452,14,8,2013,15,1,13,55,2,1,1,5,"55, RUE AVIATEUR LE BRIX",43.25947,5.40137
201300015453,16,8,2013,12,1,13,55,2,1,1,3,"24A, CHE JOSEPH AIGUIER",43.25437,5.40764
201300015454,19,8,2013,22,5,13,55,2,1,1,3,"106, AVE JULES CANTINI",43.28146,5.39186
201300015455,25,8,2013,19,3,13,55,1,1,1,3,VSN LEON LACHAMP (RTE),0.0,0.0
201300015456,4,9,2013,22,5,13,55,2,1,1,6,"33, AVE CLOT BEY",43.26191,5.38766
201300015457,2,8,2013,20,5,13,55,2,1,1,6,"343, AVE DU PRADO",43.27049,5.38819
201300015458,18,8,2013,1,5,13,55,2,3,1,3,"230, RUE CHARLES KADDOUZ",43.31786,5.43882
201300015459,18,8,2013,3,5,13,55,2,1,1,7,"58, MTE DE SAINT MENET",43.29353,5.4939
201300015460,22,8,2013,23,3,13,55,1,1,1,7,RTE LEON LACHAMP,0.0,0.0
201300015461,7,9,2013,7,1,13,75,2,1,1,6,"25, LOUIS PASTEUR (AVE)",43.35203,5.46782
201300015462,3,9,2013,17,1,13,55,2,1,1,6,"18, BD CAMILLE FLAMMARIO",43.30404,5.38712
201300015463,7,8,2013,19,1,13,55,2,1,1,2,"208, BD DE LA VALBARELLE",43.28862,5.4554
201300015464,20,8,2013,19,1,13,55,2,1,1,6,"219, AVE DU VINGT QUATRE",43.3095,5.44097
201300015465,21,8,2013,17,1,13,2,2,1,1,7,PROVENCE (AVENUE DE),43.33142,5.48618
201300015466,3,7,2013,15,1,13,55,2,1,1,6,"20-26, RUE CAISSERIE",43.29693,5.36782
201300015467,17,7,2013,7,1,13,55,2,1,1,6,"80, BD ANATOLE DE LA FOR",43.33666,5.39708
201300015468,17,8,2013,12,1,13,55,1,1,1,6,VSN ROVE ANC CHE DU,0.0,0.0
201300015469,18,8,2013,13,1,13,55,2,1,1,6,CHE DU LITTORAL,0.0,0.0
201300015470,29,8,2013,12,1,13,55,2,2,1,5,AVE DE FRAIS VALLON,43.32494,5.42316
201300015471,31,8,2013,17,1,13,55,2,1,1,2,"1, AVE ARNAVON",0.0,0.0
201300015472,15,7,2013,17,1,13,55,2,1,1,2,"206, CHE DE SAINTE MARTH",43.33087,5.38891
201300015473,15,8,2013,18,1,13,55,2,1,1,1,"01, CHE DE RAGUSE",43.31857,5.4046
201300015474,3,9,2013,8,1,13,55,2,1,1,6,"7, TRA DE LA MONTRE",43.29308,5.47377
201300015475,31,8,2013,7,2,13,55,2,3,1,6,"171, CHE DE LA MADRAGUE",43.32779,5.35992
201300015476,28,8,2013,14,1,13,75,2,1,1,3,"124, LIBERATION (AVE DE",43.3428,5.45755
201300015477,22,8,2013,14,1,13,55,2,3,1,6,AVE DU MERLAN,43.3307,5.40479
201300015478,22,7,2013,21,2,13,55,2,1,1,6,"169, AVE DE LA CAPELETTE",43.28074,5.4073
201300015479,10,9,2013,17,1,13,55,2,1,1,3,"77, AVE JEAN LOMBARD",43.28903,5.43424
201300015480,12,9,2013,15,1,13,55,2,1,1,6,"2, BD SAKAKINI",43.29954,5.40074
201300015481,6,9,2013,19,1,13,55,2,1,1,6,"2, QAI DES BELGES",43.29606,5.37401
201300015482,10,8,2013,21,5,13,55,2,1,1,6,"3, RUE RODOLPHE POLLAK",43.29537,5.37971
201300015483,7,9,2013,20,5,13,55,2,1,1,3,"190, AVE DES CHARTREUX",43.31001,5.40072
201300015484,20,7,2013,13,1,13,55,2,1,1,2,BD DES BASSINS DE RADOUB,0.0,0.0
201300015485,10,6,2013,22,5,13,55,2,3,1,3,BD MIRABEAU,43.31454,5.37053
201300015486,4,9,2013,12,1,13,55,2,1,1,3,RUE DU CARGO RHIN FIDELI,0.0,0.0
201300015487,5,9,2013,8,1,13,55,1,1,1,6,"91, CHE DU MERLAN A LA R",43.33044,5.41235
201300015488,3,9,2013,7,2,13,55,2,3,7,6,AVE DE CHATEAU GOMBERT,43.35184,5.43447
201300015489,4,9,2013,10,1,13,55,2,1,1,2,BD DE PLOMBIERES,0.0,0.0
201300015490,2,9,2013,13,1,13,55,2,2,1,3,RUE AUGUSTIN ROUX,43.34825,5.36236
201300015491,8,8,2013,14,1,13,55,2,1,1,2,"170, COR PRESIDENT JOHN",43.2808,5.35224
201300015492,4,9,2013,13,1,13,55,2,1,1,2,"18, AVE DE LA CORSE",43.28959,5.36486
201300015493,7,8,2013,12,1,13,55,2,1,1,2,"1, CHE DE SAINT ANTOINE",43.36567,5.35681
201300015494,31,8,2013,22,5,13,55,2,3,1,3,"103, BD DE LA BLANCARDE",43.30319,5.40312
201300015495,28,8,2013,12,1,13,55,2,1,1,6,"90, AVE DU PRADO",43.28193,5.38598
201300015496,3,9,2013,17,1,13,55,2,1,1,6,"189, BD ROMAIN ROLLAND",43.27556,5.41679
201300015497,14,5,2013,13,1,13,55,2,1,1,6,"43, AVE DE LA POINTE ROU",43.24769,5.37447
201300015498,6,9,2013,15,1,13,55,2,1,1,7,"69, AVE D' HAIFA",43.25113,5.39024
201300015499,13,9,2013,0,5,13,55,2,6,1,7,"440, AVE DE LATTRE DE TA",43.24484,5.42746
201300015500,19,8,2013,19,2,13,55,2,1,1,6,"68, RTE DES CAMOINS",43.29732,5.49558
201300015501,3,9,2013,18,1,13,55,2,1,1,6,"3, AVE DU VINGT QUATRE A",43.3077,5.42552
201300015502,4,7,2013,8,1,13,55,2,3,1,3,"0, BD DES ACIERIES",43.27625,5.40472
201300015503,4,9,2013,8,1,13,55,2,1,1,6,"200, AVE DE LA ROSE",43.32911,5.4274
201300015504,3,9,2013,14,1,13,55,2,1,1,2,"56, BD DE PLOMBIERES",43.3158,5.38516
201300015505,5,9,2013,7,1,13,55,2,1,7,6,"34, RUE LE PELLETIER",43.36264,5.32064
201300015506,3,9,2013,11,1,13,55,2,1,1,6,"00, BD JEAN MOULIN",0.0,0.0
201300015507,4,9,2013,19,1,13,55,2,1,1,2,"00, BD ROMAIN ROLLAND",0.0,0.0
201300015508,3,9,2013,16,1,13,55,2,1,1,6,"00, AVE DU PRADO",0.0,0.0
201300015509,11,8,2013,18,1,13,55,2,1,1,6,"00, BD BAILLE",0.0,0.0
201300015510,16,9,2013,15,1,13,55,2,2,1,6,"8, RUE BRETEUIL",43.29241,5.37495
201300015511,10,9,2013,21,5,13,55,2,1,1,6,"20, ALL LEON GAMBETTA",43.29909,5.38203
201300015512,5,9,2013,6,1,13,55,2,1,1,3,BD SAKAKINI,0.0,0.0
201300015513,11,9,2013,12,1,13,55,2,1,1,3,"253, AVE DE LA CAPELETTE",43.27914,5.41203
201300015514,6,9,2013,7,1,13,55,1,1,1,3,"104, RTE LEON LACHAMP",43.24889,5.44212
201300015515,11,9,2013,6,2,13,55,2,3,1,3,"0, BD BELLEVUE DE LA BAR",43.28467,5.48566
201300015516,2,9,2013,11,1,13,55,2,1,1,6,"35, RUE GRAND RUE",43.33546,5.45113
201300015517,10,9,2013,16,1,13,55,2,1,1,4,"29, AVE ALEXANDRE FLEMIN",43.3151,5.40294
201300015518,11,9,2013,7,1,13,55,2,1,1,2,"344, AVE DE SAINT ANTOIN",43.37739,5.35654
201300015519,11,9,2013,15,1,13,55,2,1,1,6,BD PAUL ARENE,43.31863,5.38246
201300015520,31,8,2013,10,1,13,55,2,1,1,7,"50, BD AGUILLON",43.2658,5.41155
201300015521,16,7,2013,12,1,13,2,1,1,1,2,"520, SALVATORE ALLENDE (",43.35264,5.48205
201300015522,10,9,2013,8,1,13,2,2,1,1,2,GENERAL MONTSABERT (AVEN,0.0,0.0
201300015523,21,8,2013,15,1,13,55,2,3,1,5,"25, QAI DE LA JOLIETTE",43.30109,5.36413
201300015524,30,8,2013,9,1,13,55,2,2,1,3,CH DU LITTORAL,43.33999,5.34846
201300015525,3,9,2013,10,1,13,55,2,3,1,3,"46, BD ODDO",43.32839,5.36228
201300015526,13,9,2013,9,1,13,55,2,1,1,6,CHE DU MERLAN A LA ROSE,0.0,0.0
201300015527,3,9,2013,10,1,13,55,2,1,1,6,CHE DE LA COMMANDERIE,43.33935,5.36253
201300015528,19,6,2013,12,1,13,55,2,1,1,6,"123, BD ROMAIN ROLLAND",43.27691,5.41927
201300015529,31,8,2013,16,1,13,55,2,1,1,3,"344, AVE DE SAINT ANTOIN",43.37741,5.35653
201300015530,20,9,2013,1,5,13,55,2,1,1,1,"168, AVE CLOT BEY",43.25565,5.38228
201300015531,21,9,2013,20,5,13,55,2,1,1,3,"102, AVE DE LA VISTE",43.35846,5.3576
201300015532,21,9,2013,19,5,13,55,2,1,1,2,"38, BD DE SAINTE MARGUER",43.26866,5.40415
201300015533,25,9,2013,13,1,13,55,2,1,1,6,"375, CHE DE LA MADRAGUE",43.33942,5.35572
201300015534,20,6,2013,16,1,13,55,2,1,1,6,"66, BD BAILLE",43.28728,5.38892
201300015535,4,9,2013,12,1,13,55,2,1,1,6,"116, BD BAILLE",43.28793,5.39136
201300015536,10,9,2013,16,1,13,55,2,1,1,6,COR PRESIDENT JOHN F KEN,43.2753,5.36
201300015537,12,9,2013,7,1,13,55,2,1,1,2,AVE ALEXANDRE FLEMING,0.0,0.0
201300015538,12,9,2013,11,1,13,55,2,3,1,3,"94, RUE SAINT SAVOURNIN",43.29635,5.38688
201300015539,18,9,2013,19,1,13,55,2,1,1,6,"34, RUE NATIONALE",43.29969,5.37806
201300015540,12,6,2013,16,1,13,55,2,1,1,2,"2, BD DE PONT DE VIVAUX",43.27957,5.41726
201300015541,12,9,2013,21,5,13,55,2,1,1,3,"130, AVE DU VINGT QUATRE",43.30805,5.43456
201300015542,13,9,2013,1,5,13,106,2,1,1,3,HAUTE BEDOULE (CHEMIN DE,0.0,0.0
201300015543,19,9,2013,19,3,13,55,2,1,1,6,"1, CHE DES BOURRELY",43.37379,5.3566
201300015544,6,2,2013,19,1,13,55,2,1,1,6,"40, RUE DE LYON",43.32471,5.36714
201300015545,7,9,2013,14,1,13,55,2,1,1,6,RUE DE LA MAURELLE,0.0,0.0
201300015546,14,9,2013,12,1,13,55,2,1,1,2,"00, RTE DE LA SABLIERE",0.0,0.0
201300015547,5,9,2013,17,1,13,55,2,1,1,2,"00, BD FERDINAND DE LESS",0.0,0.0
201300015548,10,9,2013,12,1,13,55,2,1,1,2,"00, CHE DU LITTORAL",0.0,0.0
201300015549,3,9,2013,12,1,13,55,2,1,1,6,"45, RUE SAINTE",43.29227,5.37432
201300015550,12,9,2013,8,1,13,55,2,1,1,2,CHE DU LITTORAL,43.35784,5.32139
201300015551,31,8,2013,23,5,13,55,2,1,1,2,"201, AVE PIERRE MENDES F",43.25155,5.37571
201300015552,3,9,2013,12,1,13,55,2,1,1,2,"46, BD EDOUARD HERRIOT",43.2721,5.38793
201300015553,5,9,2013,7,1,13,55,2,1,1,3,"314, AVE DU PRADO",43.27221,5.39087
201300015554,12,9,2013,13,1,13,55,2,1,1,2,"45, TRA PARANGON",43.24337,5.37983
201300015555,12,9,2013,19,1,13,55,2,1,1,3,"22, BD DE SAINT MARCEL",43.28866,5.4569
201300015556,18,9,2013,17,1,13,55,2,1,1,6,"122, AVE DE HAMBOURG",43.24972,5.38986
201300015557,21,5,2013,17,1,13,55,2,1,1,6,"390, BD MICHELET",43.25512,5.40113
201300015558,24,6,2013,13,1,13,55,2,1,1,4,"262, AVE DE MAZARGUES",43.26247,5.39319
201300015559,2,8,2013,7,1,13,55,2,1,1,5,BD JEAN MOULIN,0.0,0.0
201300015560,23,8,2013,14,1,13,55,2,3,1,3,".., AVE RAMPAL",43.31788,5.44552
201300015561,15,9,2013,14,1,13,55,2,2,1,3,"1, RUE JEAN MERMOZ",43.27459,5.38682
201300015562,11,9,2013,16,1,13,55,2,2,1,3,"300, BD.*MICHELET",43.25876,5.39902
201300015563,15,9,2013,17,1,13,55,2,1,1,6,"97, RUE DE LA GRANIERE",43.2851,5.46021
201300015564,18,9,2013,13,1,13,55,2,1,1,6,"120, RUE SAINT JEAN DU D",43.2954,5.43332
201300015565,6,9,2013,15,1,13,55,2,1,1,6,"180, AVE DU PRADO",43.27792,5.38824
201300015566,29,8,2013,10,1,13,55,2,1,1,6,"22, CHE DE PALAMA",43.35317,5.43806
201300015567,5,7,2013,10,1,13,55,2,2,1,6,"8, PCE DU MARCHE",43.31824,5.36918
201300015568,8,7,2013,20,1,13,55,2,1,1,6,"163, BD NATIONAL",43.30844,5.381
201300015569,24,8,2013,0,5,13,55,2,1,1,2,AVE ALEXANDRE FLEMING,0.0,0.0
201300015570,25,9,2013,17,1,13,55,1,1,1,5,RTE LEON LACHAMP,0.0,0.0
201300015571,16,8,2013,19,1,13,55,2,1,1,2,"64, CHE DU MERLAN A LA R",43.32991,5.41357
201300015572,13,9,2013,13,1,13,55,2,2,1,7,AVE JEAN PAUL SARTRE,43.32517,5.42326
201300015573,15,1,2013,16,1,13,55,2,1,1,1,"83, CHE DE SAINT ANTOINE",43.35494,5.3706
201300015574,6,9,2013,12,1,13,55,2,1,1,6,CV DU RUISSEAU MIRABEAU,0.0,0.0
201300015575,9,9,2013,15,1,13,55,2,1,1,3,AVE JENNY HELIA,43.36613,5.35499
201300015576,13,9,2013,14,1,13,55,2,1,1,1,PRK PLAGE DE L'ESTAQUE,43.35955,5.31701
201300015577,4,9,2013,8,1,13,55,2,1,1,7,"20, RUE LOUBON",43.31184,5.37896
201300015578,13,9,2013,9,1,13,55,2,2,1,3,RUE DE CRIMEE,43.30791,5.3796
201300015579,13,9,2013,14,1,13,2,1,1,1,7,ETIENNE CUCCA-CD908 (AVE,43.35787,5.4912
201300015580,15,9,2013,9,1,13,55,2,2,2,3,"13, RUE DU MARCHE",43.31824,5.36918
201300015581,29,9,2013,19,1,13,55,2,1,1,6,CHE DE L ARMEE D AFRIQUE,43.28658,5.41554
201300015582,27,9,2013,15,1,13,55,2,1,1,6,"20, BD DU COMMANDANT FIN",43.33108,5.38503
201300015583,19,9,2013,10,1,13,55,1,1,1,3,"163, BD DE DUNKERQUE",0.0,0.0
201300015584,22,9,2013,17,1,13,55,2,1,1,6,"42, AVE CAMILLE PELLETAN",43.3039,5.37356
201300015585,27,9,2013,15,1,13,55,2,1,1,1,"120, AVE DES CHARTREUX",43.30669,5.39969
201300015586,27,9,2013,19,1,13,55,2,1,1,6,"65, RUE DE GENES",43.28265,5.38597
201300015587,13,8,2013,17,1,13,55,2,1,1,6,BD DE LA BARASSE RN 8,43.28586,5.47937
201300015588,7,6,2013,12,1,13,55,2,1,1,3,"0, CR DE LA VALBARELLE A",43.28617,5.44346
201300015589,20,7,2013,22,5,13,55,1,2,1,3,AVE DU MARCHE NATIONAL,43.34114,5.37694
201300015590,12,9,2013,19,1,13,55,2,1,1,3,"63, AVE DES CAMOINS",43.30538,5.51165
201300015591,6,7,2013,9,1,13,55,2,1,1,6,CHE DE LA GRAVE,43.3461,5.44843
201300015592,16,7,2013,10,1,13,55,2,1,1,3,"34, BD FERDINAND DE LESS",43.32057,5.37329
201300015593,20,9,2013,17,1,13,55,2,1,1,3,"1, AVE JEAN PAUL SARTRE",43.32209,5.41773
201300015594,10,9,2013,17,1,13,55,2,3,1,6,"00, RUE DE LYON",43.34252,5.35968
201300015595,30,9,2013,21,5,13,55,2,1,1,6,"200, COR PRESIDENT JOHN",43.2753,5.36001
201300015596,25,9,2013,16,1,13,55,2,1,1,6,"0, BD CHARLES NEDELEC",0.0,0.0
201300015597,30,9,2013,14,1,13,55,2,1,1,6,"256, BD BAILLE",43.28987,5.39847
201300015598,2,10,2013,7,1,13,55,2,1,1,5,"82, BD MICHELET",43.26819,5.39372
201300015599,1,4,2013,17,1,13,55,2,4,3,3,CHE DE SAINT JOSEPH A SA,43.34001,5.38801
201300015600,30,9,2013,17,1,13,55,2,1,1,6,"5, TRA DU COLONEL",43.31917,5.38967
201300015601,30,9,2013,11,1,13,55,2,1,1,6,"90, AVE DE MAZARGUES",43.26693,5.38963
201300015602,10,9,2013,8,1,13,55,2,1,1,2,"00, BD DE LA MAZARADE",0.0,0.0
201300015603,13,9,2013,8,1,13,55,2,1,1,6,"100, RUE BELLE DE MAI",43.31274,5.38546
201300015604,22,9,2013,20,2,13,55,2,1,1,2,"00, CHE DU ROY D' ESPAGN",0.0,0.0
201300015605,13,9,2013,15,1,13,55,2,1,1,6,"00, CV DE MORGIOU",0.0,0.0
201300015606,27,9,2013,8,1,13,55,2,1,1,1,"54, AVE SAINT PAUL",43.32822,5.40676
201300015607,1,10,2013,18,2,13,55,2,1,1,6,"2, AVE DU CAP PINEDE ROC",43.32953,5.36724
201300015608,28,9,2013,15,1,13,55,2,1,1,6,"13, MAR DES CAPUCINS",43.29645,5.38049
201300015609,3,10,2013,12,1,13,55,2,1,1,1,"507, CHE DE LA MADRAGUE",43.34549,5.35463
201300015610,7,10,2013,8,1,13,75,2,1,1,6,"36, PAUL SIRVENT (AVE)",43.34358,5.46654
201300015611,22,7,2013,18,1,13,55,2,2,1,3,"4, BD NOTRE DAME",43.29009,5.37252
201300015612,18,9,2013,10,1,13,55,2,1,1,3,"14, BD THEODORE THURNER",43.29176,5.38303
201300015613,17,9,2013,16,1,13,55,2,1,1,6,"137, BD NATIONAL",43.30732,5.38215
201300015614,24,9,2013,14,1,13,55,2,1,1,6,"38, AVE DE LA VISTE",43.35547,5.35731
201300015615,25,9,2013,15,1,13,55,2,1,1,2,"92, BD FRANCOISE DUPARC",43.30497,5.40093
201300015616,19,9,2013,8,1,13,55,2,3,1,2,"1, RUE GASTON DE FLOTTE",43.29573,5.42273
201300015617,19,9,2013,12,1,13,55,1,1,1,7,"17, TRA DES LOUBETS",43.29177,5.47076
201300015618,21,9,2013,22,5,13,55,2,6,1,2,PCE LOUIS BONNEFON,43.25423,5.38194
201300015619,23,9,2013,21,5,13,55,2,1,1,3,"74, AVE JULES CANTINI",43.28263,5.38972
201300015620,6,9,2013,8,1,13,55,2,1,1,6,"14, AVE PASTEUR",43.29129,5.35909
201300015621,24,9,2013,8,1,13,55,2,2,1,3,"35, BD SAKAKINI",43.29751,5.40081
201300015622,8,9,2013,14,1,13,55,2,1,1,3,"73, CRS PIERRE PUGET",43.28999,5.37319
201300015623,29,9,2013,13,1,13,55,1,1,2,6,"37, CHE DU VALLON VERT",43.33571,5.45506
201300015624,18,9,2013,11,1,13,55,2,3,1,2,".........., CHE JOSEPH A",43.25069,5.41538
201300015625,23,9,2013,18,1,13,55,2,1,7,6,"155, AVE DE LA TIMONE",43.28657,5.40958
201300015626,26,9,2013,9,1,13,55,2,3,1,3,"36, BD F BONNEFOY",43.27936,5.39929
201300015627,6,9,2013,12,1,13,55,2,3,1,7,"1, TRA CHARLES SUSINI",43.33366,5.42021
201300015628,7,10,2013,21,5,13,55,2,1,1,6,"13, BD RABATAU",43.27332,5.39268
201300015629,10,9,2013,20,5,13,55,2,2,1,3,"34, RUE DE FORBIN",43.30536,5.36936
201300015630,17,9,2013,8,1,13,55,2,1,1,6,"306, CHE DU LITTORAL",43.34425,5.34709
201300015631,9,9,2013,11,1,13,55,2,1,1,6,"74, RUE VERDILLON",43.27473,5.42652
201300015632,14,9,2013,1,5,13,55,2,1,1,7,"1, AVE FRANCOIS CHARDIGN",43.29368,5.48335
201300015633,16,9,2013,20,5,13,55,2,3,1,1,"371, BD ROMAIN ROLLAND",43.2706,5.40745
201300015634,18,9,2013,9,1,13,55,2,1,1,6,VSN VALBARELLE CR SAINT,43.28114,5.43868
201300015635,21,9,2013,16,1,13,55,2,1,1,3,"561, RUE SAINT PIERRE",43.29048,5.42154
201300015636,30,7,2013,9,1,13,55,2,2,1,7,"100, CHE DE SAINTE MARTH",43.32354,5.38915
201300015637,26,9,2013,15,1,13,55,2,2,1,3,"46, AVE DE LA ROSE",43.32561,5.41948
201300015638,29,9,2013,17,1,13,55,2,1,1,6,"32, CHE DE LA COMMANDERI",43.34019,5.36261
201300015639,4,7,2013,12,1,13,55,2,1,1,3,"186, CHE DE GIBBES",43.32678,5.38415
201300015640,7,10,2013,14,1,13,55,2,1,1,3,"176, CHE DE SORMIOU",43.22767,5.40277
201300015641,23,7,2013,11,1,13,55,2,1,1,2,"213, CHE DU ROUCAS BLANC",43.28138,5.36903
201300015642,29,7,2013,11,1,13,55,2,1,1,3,"0, BD CHAVE",0.0,0.0
201300015643,17,9,2013,17,1,13,55,2,1,1,2,"366, AVE DES POILUS",43.31299,5.46384
201300015644,18,9,2013,0,5,13,55,2,1,1,3,"46, AVE DES OLIVES",43.32863,5.43311
201300015645,19,9,2013,18,1,13,55,2,1,1,1,"68, RTE DES CAMOINS",43.29741,5.4963
201300015646,22,9,2013,16,1,13,55,2,1,1,1,"9, RUE DU DOCTEUR LEON P",43.31366,5.38659
201300015647,21,9,2013,9,1,13,75,2,1,1,3,"156, LIBERATION (AVE DE",43.34469,5.46037
201300015648,26,9,2013,11,1,13,55,2,3,1,3,"2, AVE DES BALUSTRES",43.33799,5.42157
201300015649,29,9,2013,3,5,13,55,2,3,1,2,"00, BD MIRABEAU",43.31323,5.36629
201300015650,8,10,2013,13,1,13,55,2,2,1,6,"17, RUE SAINT ETIENNE",43.2857,5.39618
201300015651,19,9,2013,14,1,13,55,2,1,1,1,"174, CHE DE L ARMEE D AF",43.28728,5.41221
201300015652,26,9,2013,21,5,13,55,2,1,1,3,"245bis, BD MICHELET",43.26095,5.39782
201300015653,30,9,2013,12,1,13,55,2,1,1,6,AVE D' HAIFA,0.0,0.0
201300015654,9,10,2013,7,1,13,55,2,1,1,6,"556, CHE DU LITTORAL",43.35455,5.33377
201300015655,23,9,2013,13,1,13,55,2,1,1,2,"100, AVE DE SAINT JEROME",43.33364,5.42021
201300015656,4,9,2013,18,1,13,55,2,1,1,6,"211, AVE DE LA CAPELETTE",43.27984,5.40997
201300015657,15,9,2013,18,1,13,55,2,4,1,3,AVE DU VINGT QUATRE AVRI,43.30771,5.42535
201300015658,27,9,2013,14,1,13,55,2,1,1,6,"155, RTE DES CAMOINS",43.2996,5.50134
201300015659,10,9,2013,11,1,13,55,2,1,1,6,"00, RUE DRAGON",0.0,0.0
201300015660,23,9,2013,12,1,13,55,2,1,1,6,"00, BD PAUL CLAUDEL",0.0,0.0
201300015661,20,9,2013,15,1,13,55,2,1,1,7,"00, AVE ALEXANDRE FLEMIN",0.0,0.0
201300015662,21,9,2013,12,1,13,55,2,1,1,1,"25, BD LECCIA",43.3122,5.38889
201300015663,5,9,2013,9,1,13,55,2,2,1,6,"1, RUE DE FORBIN",43.30649,5.37349
201300015664,1,10,2013,8,1,13,55,2,2,1,3,"525, AVE DU PRADO",43.26969,5.38695
201300015665,3,10,2013,15,1,13,55,2,1,1,6,"55, BD DE LA GROTTE ROLL",43.23393,5.36392
201300015666,4,10,2013,11,1,13,55,2,2,1,3,"355, AVE DU PRADO",43.27016,5.38767
201300015667,5,10,2013,17,2,13,55,2,3,1,3,"20, RUE AVIATEUR LE BRIX",43.26209,5.40431
201300015668,2,5,2013,8,1,13,55,2,1,1,6,BD MICHELET,43.26318,5.39657
201300015669,7,9,2013,13,1,13,55,2,1,1,6,"86, AVE JOSEPH VIDAL",43.25147,5.37771
201300015670,8,9,2013,20,5,13,55,2,2,1,2,"174, CH ARMEE AFRIQUE",43.2869,5.41243
201300015671,10,9,2013,11,1,13,55,2,3,1,3,"110, AVE DU PRADO",43.27988,5.38714
201300015672,25,9,2013,14,1,13,55,2,3,1,3,"159, AVE JOSEPH VIDAL",43.24902,5.37514
201300015673,30,9,2013,20,5,13,55,2,1,1,4,AVE ALEXANDRE FLEMING,0.0,0.0
201300015674,23,9,2013,17,1,13,55,2,1,1,3,"203, RUE JOSEPH CLERISSY",43.29504,5.4271
201300015675,20,9,2013,8,1,13,55,2,1,1,3,"99, RTE DES CAMOINS",43.29802,5.49808
201300015676,10,10,2013,22,5,13,2,2,1,1,7,JEAN GIONO (AVENUE),43.33224,5.48462
201300015677,24,9,2013,23,5,13,55,2,6,1,3,BD HENRI BARNIER,43.37008,5.34622
201300015678,27,9,2013,21,5,13,55,2,3,1,7,"79, RUE JEAN CRISTOFOL",43.31077,5.38369
201300015679,6,10,2013,19,4,13,55,2,1,2,6,"56, RUE DU DOCTEUR LEON",43.3154,5.38921
201300015680,16,9,2013,16,1,13,55,2,2,1,3,"29, RUE DU ROUET",43.28416,5.38554
201300015681,16,9,2013,17,1,13,55,2,1,1,3,"65, AVE DE LA CORSE",43.28891,5.36088
201300015682,23,9,2013,7,1,13,55,2,3,1,2,"188, AVE DES OLIVES",43.32569,5.44114
201300015683,2,10,2013,8,1,13,55,2,1,1,6,"74, BD NATIONAL",43.30571,5.38387
201300015684,1,10,2013,20,5,13,55,2,1,1,3,AVE JEAN LOMBARD,0.0,0.0
201300015685,2,10,2013,15,1,13,55,2,1,1,6,"6, BD LIONEL TERRAY",43.31574,5.40304
201300015686,20,6,2013,19,1,13,55,2,1,1,2,"22, RUE TERRUSSE",43.29624,5.3879
201300015687,28,9,2013,13,1,13,55,2,3,1,7,"118, RUE D ENDOUME",43.28708,5.36429
201300015688,4,10,2013,18,1,13,55,2,1,1,2,"19, CRS LIEUTAUD",43.29448,5.38199
201300015689,28,9,2013,17,1,13,55,2,1,1,1,"02, AVE DE VALDONNE",43.32248,5.41255
201300015690,3,10,2013,8,1,13,55,2,1,1,6,BD MICHELET,0.0,0.0
201300015691,7,10,2013,10,1,13,55,2,3,1,6,"141, AVE DU PRADO",43.27877,5.38777
201300015692,17,5,2013,10,1,13,55,2,1,1,6,"8, BD LOMBARD",43.3573,5.36975
201300015693,2,9,2013,7,1,13,55,2,1,1,3,"103, TRA DE LA MARTINE",43.2997,5.47041
201300015694,27,9,2013,11,1,13,55,2,1,1,6,"79, BD ROMAIN ROLLAND",43.27918,5.42288
201300015695,2,10,2013,21,5,13,55,2,3,1,3,RUE SAINT JEAN DU DESERT,43.29489,5.41747
201300015696,4,10,2013,19,3,13,55,2,1,8,3,"234, CHE DE LA MADRAGUE",43.33192,5.359
201300015697,12,10,2013,5,5,13,55,2,1,1,6,AVE DU CAP PINEDE ROC 3,0.0,0.0
201300015698,13,10,2013,5,3,13,55,2,1,1,2,AVE DU MARECHAL FOCH,43.30235,5.39724
201300015699,12,10,2013,17,1,13,55,2,1,1,6,"1, PCE PLACIDE CAFFO",43.31314,5.3852
201300015700,30,9,2013,17,1,13,55,2,1,1,2,"58, BD DE PLOMBIERES",43.31586,5.38495
201300015701,1,10,2013,9,1,13,55,2,1,1,6,"13, BD DE LA GARE",43.35761,5.36618
201300015702,2,10,2013,9,1,13,55,2,1,1,2,"146, PCE CHARLES SUSINI",43.34131,5.41046