Num_Acc,jour,mois,an,hr,condition_eclairage,departement,commune,condition_agglomeration,intersection,condition_atmosphere,type_collision,adresse,lattitude,longitude
201300015703,4,10,2013,13,1,13,55,2,1,1,6,"102, RUE FELIX PYAT",43.3165,5.37422
201300015704,21,9,2013,16,1,13,55,2,1,1,6,"00, CHE DU LITTORAL VOIE",0.0,0.0
201300015705,19,8,2013,23,5,13,55,2,1,1,6,"00, AVE MISTRAL",0.0,0.0
201300015706,19,9,2013,7,1,13,55,2,1,1,6,"00, BD HENRI BARNIER",0.0,0.0
201300015707,24,9,2013,7,2,13,55,2,1,1,3,"151, BD BAILLE",43.28955,5.39729
201300015708,9,10,2013,10,1,13,55,2,1,1,2,"30, BD CHARLES LIVON",43.29225,5.3631
201300015709,7,10,2013,19,5,13,55,2,1,1,2,"79, BD BAILLE",43.28744,5.38949
201300015710,1,7,2013,11,1,13,55,2,1,1,7,"34, BD DU REDON",43.25638,5.41976
201300015711,18,9,2013,7,1,13,55,2,1,1,3,"58, AVE ANDRE ZENATTI",43.24656,5.38621
201300015712,24,9,2013,9,1,13,55,2,2,1,3,"306, AVE DES CAILLOLS",43.30324,5.44963
201300015713,5,10,2013,11,1,13,55,2,1,1,6,"146, TRA DE LA PENNE",43.29321,5.51157
201300015714,5,10,2013,18,5,13,55,2,1,1,3,"452, AVE DU PRADO",43.26722,5.38311
201300015715,8,10,2013,23,5,13,55,2,1,1,3,"25, BD DU CABOT",43.25997,5.41603
201300015716,14,10,2013,7,1,13,55,2,1,3,3,"45, AVE DU MARECHAL FOCH",43.29998,5.40056
201300015717,7,10,2013,12,1,13,55,2,1,1,6,RPT IAN PALACH,43.27897,5.42666
201300015718,23,9,2013,16,1,13,55,2,1,1,6,"00, RUE TEISSERE",0.0,0.0
201300015719,22,6,2013,19,1,13,55,2,7,1,3,"1, PCE CASTELLANE",43.28594,5.38374
201300015720,9,10,2013,16,1,13,55,2,1,1,2,"90, CHE DE SAINTE MARTHE",43.32266,5.3894
201300015721,5,10,2013,7,1,13,55,2,1,1,2,"2, BD CHARLES LIVON",43.29223,5.36346
201300015722,6,10,2013,14,1,13,55,2,1,1,3,"71, BD CAMILLE FLAMMARIO",43.3063,5.39414
201300015723,5,10,2013,17,1,13,55,2,1,1,3,"63, AVE ALEXANDRE ANSALD",43.33171,5.40415
201300015724,8,10,2013,8,1,13,55,2,1,1,2,"50, BD DU CAPITAINE GEZE",43.33079,5.37218
201300015725,30,5,2013,14,1,13,55,2,1,1,2,"0, VOL PASSERELLE PLOMBI",0.0,0.0
201300015726,4,10,2013,17,1,13,55,2,1,1,6,"55, BD SAKAKINI",43.2962,5.40024
201300015727,29,9,2013,19,2,13,55,2,1,1,2,"111, AVE FERNANDEL",43.31143,5.45495
201300015728,10,10,2013,12,1,13,55,2,1,1,6,"250, CHE DE CHATEAU GOMB",43.34674,5.42711
201300015729,9,10,2013,9,1,13,55,2,1,1,3,"149, PGE DE L' ESTAQUE",43.36204,5.30904
201300015730,30,9,2013,9,1,13,2,2,1,1,3,PROVENCE (AVENUE DE),0.0,0.0
201300015731,5,10,2013,15,1,13,55,2,1,1,3,AVE DES PEINTRES ROUX,0.0,0.0
201300015732,3,10,2013,18,1,13,55,2,1,1,7,"1, TRA DE LA MONTRE",43.29122,5.47302
201300015733,12,10,2013,13,1,13,55,2,3,1,3,"120, AVE D HAITI",43.29789,5.41336
201300015734,13,10,2013,2,5,13,2,1,1,1,6,ETIENNE CUCCA-CD908 (AVE,0.0,0.0
201300015735,17,10,2013,7,1,13,55,2,1,1,6,VOI LA CANEBIERE,43.29859,5.38386
201300015736,25,9,2013,13,1,13,55,2,1,1,3,"74, AVE DE MAZARGUES",43.26781,5.38919
201300015737,18,9,2013,14,1,13,55,2,1,1,6,"77, AVE ALEXANDRE ANSALD",43.33074,5.40463
201300015738,19,9,2013,17,1,13,55,2,1,1,6,"00, BD VOLTAIRE",0.0,0.0
201300015739,14,9,2013,18,1,13,55,2,1,1,6,"00, BD DE SAINTE MARGUER",0.0,0.0
201300015740,17,10,2013,10,1,13,55,2,1,1,6,"171, RUE DU ROUET",43.27767,5.39296
201300015741,10,10,2013,23,5,13,55,2,1,1,3,"37, AVE DE LA POINTE ROU",43.24785,5.37455
201300015742,12,10,2013,12,1,13,55,2,3,1,7,"211, RUE DU ROUET",43.27614,5.39496
201300015743,17,10,2013,10,1,13,55,2,1,1,7,"6, BD FERNAND BONNEFOY",43.28191,5.40262
201300015744,8,10,2013,8,1,13,55,2,1,1,3,"196, BD DE SAINT LOUP",43.28452,5.43688
201300015745,26,9,2013,12,1,13,55,2,1,1,1,"74, AVE DES AYGALADES",43.3364,5.36746
201300015746,27,9,2013,22,5,13,55,2,1,1,1,BD DE LA SAVINE,0.0,0.0
201300015747,29,9,2013,3,5,13,55,2,1,1,6,"59, AVE DE SAINT JEROME",43.33055,5.41919
201300015748,17,10,2013,12,1,13,55,1,3,1,2,RUE ERNEST ROUVIER,43.24983,5.4027
201300015749,18,10,2013,10,1,13,55,2,2,1,2,RUE DE LA PALUD,43.29294,5.3802
201300015750,24,9,2013,0,5,13,55,2,3,1,1,"16, BD DE LA GARE",43.35715,5.36769
201300015751,16,10,2013,17,1,13,55,2,1,1,6,"9, BD BAILLE",43.28632,5.38504
201300015752,5,10,2013,17,1,13,55,2,1,1,7,"46, RUE DE LA PINEDE",43.29212,5.42638
201300015753,4,10,2013,20,5,13,55,2,9,1,2,"1, AVE JEAN PAUL SARTRE",43.31391,5.40608
201300015754,13,10,2013,17,1,13,55,2,1,1,6,"6, BD DE LA BLANCARDE",43.30267,5.39721
201300015755,15,10,2013,10,1,13,55,2,1,2,6,"6A, RUE ARMENY",43.29081,5.37941
201300015756,2,9,2013,21,5,13,55,2,1,1,3,"246, BD DE LA BARASSE RN",43.2841,5.49051
201300015757,20,10,2013,6,5,13,55,2,1,1,3,"130, BD DE LA LIBERATION",43.30145,5.39246
201300015758,16,9,2013,20,2,13,55,2,1,1,6,"27, RUE SAINT SAVOURNIN",43.29893,5.38814
201300015759,9,10,2013,0,5,13,55,2,1,1,2,"226, BD BAILLE",43.28945,5.39687
201300015760,15,10,2013,6,2,13,55,2,1,1,6,"27, BD JEAN MOULIN",43.28866,5.40021
201300015761,10,10,2013,6,2,13,55,2,1,1,6,"57, BD ODDO",43.32849,5.36267
201300015762,10,10,2013,11,1,13,55,2,1,1,3,CHE DU LITTORAL,0.0,0.0
201300015763,15,10,2013,3,5,13,55,2,1,1,6,PCE DE LA MAJOR,43.29883,5.36534
201300015764,23,9,2013,20,5,13,55,2,9,1,3,"41, AVE ANDRE ZENATTI",43.24678,5.38378
201300015765,9,10,2013,8,1,13,55,2,1,1,6,"81, TRA DE LA MARTINE",43.30119,5.46536
201300015766,15,10,2013,14,1,13,55,2,1,2,2,"19, AVE DE MAZARGUES",43.26923,5.38831
201300015767,15,10,2013,18,1,13,55,2,1,1,6,"19, BD GILLIBERT",43.26465,5.40793
201300015768,15,10,2013,22,5,13,55,2,2,1,3,av des caillols,43.30326,5.44979
201300015769,16,10,2013,15,1,13,106,2,1,1,3,TRAMONI (BOULEVARD),43.38962,5.35496
201300015770,17,10,2013,11,1,13,55,2,9,1,6,"75, AVE WILLIAM BOOTH",43.29593,5.44612
201300015771,23,10,2013,19,5,13,55,2,1,2,5,"40, AVE DESIRE BIANCO",43.28867,5.42553
201300015772,27,5,2013,8,1,13,55,2,1,1,3,"25, RUE AVIATEUR LE BRIX",43.26181,5.40404
201300015773,8,10,2013,8,1,13,55,2,1,1,3,"556, CHE DU LITTORAL",43.35455,5.33376
201300015774,7,10,2013,13,1,13,55,2,1,1,3,"36, BD CHARLES LIVON",43.29209,5.35938
201300015775,23,10,2013,15,1,13,55,2,1,1,2,BD LEDRU ROLLIN,0.0,0.0
201300015776,23,10,2013,16,1,13,55,2,2,1,3,"24, BD DUGOMMIER",43.29907,5.38086
201300015777,24,10,2013,15,1,13,55,2,1,1,7,"34, VSN QUAI DU PORT A L",43.29628,5.37182
201300015778,26,9,2013,13,1,13,55,2,1,1,6,"00, CHE DE PALAMA",0.0,0.0
201300015779,25,7,2013,20,1,13,55,2,1,1,3,"65, ALL PRADO BLEU",0.0,0.0
201300015780,9,10,2013,7,1,13,55,2,1,1,3,BD BOUYALA D' ARNAUD,0.0,0.0
201300015781,17,9,2013,17,1,13,55,2,1,1,3,"132, RUE DE RUFFI",43.31526,5.36908
201300015782,20,10,2013,15,1,13,55,1,1,1,6,"14, RUE SERY",43.31326,5.38697
201300015783,19,10,2013,22,5,13,55,2,2,1,3,BD DANIELLE CASANOV,43.32116,5.37471
201300015784,11,10,2013,15,1,13,55,2,2,1,3,"5, RUE DE LA REPUBLIQUE",43.29692,5.37362
201300015785,26,9,2013,17,1,13,55,2,1,1,3,"132, AVE DU PRADO",43.28017,5.38698
201300015786,9,10,2013,12,1,13,55,2,1,1,3,"12, BD DE SAINTE MARGUER",43.26941,5.40221
201300015787,16,10,2013,15,1,13,55,2,1,1,1,"59, AVE DE LA MADRAGUE D",43.23684,5.36287
201300015788,16,10,2013,18,1,13,55,2,1,1,3,"17, BD DE COMPOSTELLE",43.31843,5.42978
201300015789,17,10,2013,8,1,13,55,2,1,1,6,"21, RUE PIERRE BERANGER",43.31152,5.44504
201300015790,25,9,2013,17,1,13,55,2,1,1,3,"151, BD MICHELET",43.26498,5.39555
201300015791,3,10,2013,9,1,13,55,2,1,1,6,"34, BD FERNAND BONNEFOY",43.28012,5.40037
201300015792,5,10,2013,22,4,13,55,2,1,1,6,"693, AVE DE MAZARGUES",43.24994,5.39612
201300015793,27,10,2013,8,1,13,55,2,1,1,6,"02, AVE PASTEUR",43.29147,5.35906
201300015794,26,10,2013,21,5,13,55,2,1,1,3,"64, BD FRANCOISE DUPARC",43.30516,5.40091
201300015795,27,10,2013,5,2,13,55,2,2,1,3,"38, BD GUSTAVE GANAY",43.26669,5.40288
201300015796,3,11,2013,17,1,13,55,2,1,7,6,VSN LEON LACHAMP (RTE),0.0,0.0
201300015797,3,11,2013,18,5,13,55,2,1,1,3,"69, BD HENRI BARNIER",43.37296,5.35111
201300015798,6,9,2013,14,1,13,55,2,1,1,3,AVE DE LA GARE,0.0,0.0
201300015799,18,9,2013,23,5,13,55,2,1,1,6,"36, BD JEAN MOULIN",43.28686,5.39987
201300015800,7,9,2013,11,1,13,55,2,6,1,6,RPT ANTOINE SARTORIO,43.3616,5.34506
201300015801,6,11,2013,18,3,13,55,1,1,1,6,RTE LEON LACHAMP,0.0,0.0
201300015802,23,8,2013,10,1,13,55,2,1,1,7,"43, AVE ROBERT SCHUMAN",43.30333,5.3667
201300015803,28,9,2013,8,1,13,55,2,6,1,3,RPT FRANCIS CHAMANT,43.34776,5.34385
201300015804,13,9,2013,21,5,13,55,2,2,1,3,"90, BD BAILLE",43.28759,5.39006
201300015805,24,10,2013,20,5,13,55,2,1,1,4,"86, BD RABATAU",43.27643,5.39746
201300015806,24,10,2013,13,1,13,55,2,6,1,3,"1, PCE LOUIS BONNEFON",43.25423,5.38197
201300015807,29,10,2013,12,1,13,55,2,1,2,3,"130, BD DE SAINTE MARGUE",43.26726,5.40792
201300015808,9,10,2013,9,1,13,55,2,6,8,7,BD DE LA GAYE,43.25789,5.41009
201300015809,16,10,2013,12,1,13,55,2,1,1,6,"03, BD DE LA CARTONNERIE",43.29256,5.45807
201300015810,27,10,2013,7,2,13,55,2,1,1,6,"37, CHE DU VALLON VERT",43.33571,5.45506
201300015811,27,10,2013,22,5,13,55,2,1,1,2,"155, BD ROMAIN ROLLAND",43.27645,5.41831
201300015812,2,10,2013,21,5,13,55,2,1,1,1,"41, RUE FELIX PYAT",43.31383,5.37636
201300015813,30,10,2013,11,1,13,55,2,3,1,3,"01, BD DE PLOMBIERES",43.31485,5.38868
201300015814,9,10,2013,20,4,13,55,2,1,1,6,"14, RUE D ANTHOINE",43.31612,5.36716
201300015815,30,10,2013,16,1,13,55,2,1,1,3,VOL LESSEPS / PASSERELLE,43.32111,5.37522
201300015816,24,5,2013,12,1,13,55,2,1,1,3,AVE DE HAMBOURG,0.0,0.0
201300015817,16,9,2013,17,1,13,55,2,1,1,3,"5, AVE VITON",43.26126,5.40569
201300015818,21,10,2013,18,1,13,55,2,1,1,2,"30, BD SCHLOESING",43.27359,5.40042
201300015819,26,10,2013,11,1,13,55,2,1,1,2,"260, AVE DE MAZARGUES",43.2626,5.39311
201300015820,30,10,2013,11,1,13,55,2,1,1,6,BD DE LA BLANCARDE,43.30401,5.40728
201300015821,1,11,2013,15,1,13,55,2,1,1,3,"216, CHE DE L ARMEE D AF",43.28675,5.41442
201300015822,11,11,2013,11,1,13,55,2,1,1,6,"32, BD BOUES",43.31191,5.38213
201300015823,8,11,2013,18,2,13,55,2,1,1,4,"145, AVE DES CHARTREUX",43.30833,5.40022
201300015824,10,11,2013,20,5,13,55,2,1,6,6,"378, AVE DE MAZARGUES",43.25885,5.39421
201300015825,9,11,2013,17,1,13,55,2,1,1,1,"1, TRA DU COMMANDEUR",43.32449,5.45556
201300015826,9,11,2013,16,1,13,55,2,2,1,6,"1, AVE DU PRADO",43.27622,5.38921
201300015827,11,11,2013,20,5,13,75,2,3,1,3,"1, JEAN GIONO (AVE)",43.34498,5.45811
201300015828,4,10,2013,17,1,13,55,2,1,1,6,"104, RUE FELIX PYAT",43.31689,5.37395
201300015829,31,10,2013,15,1,13,55,2,1,1,2,"121, BD FRANCOISE DUPARC",43.30657,5.40094
201300015830,5,10,2013,18,1,13,55,2,1,1,2,"153, AVE WILLIAM BOOTH",43.29656,5.44621
201300015831,14,5,2013,20,2,13,55,2,1,1,3,"177, AVE DES POILUS",43.32132,5.45787
201300015832,11,10,2013,14,1,13,55,2,1,1,6,"435, RUE JEAN QUEILLAU",43.33861,5.38621
201300015833,5,11,2013,1,5,13,55,2,1,1,1,"28, CHE DE LA BIGOTTE",43.38505,5.36798
201300015834,2,11,2013,14,1,13,55,2,1,1,7,"31, BD BAPTISTE BONNET",43.25694,5.39178
201300015835,8,8,2013,8,1,13,55,2,1,1,3,"348, BD ROMAIN ROLLAND",43.2706,5.40744
201300015836,9,10,2013,20,5,13,55,2,2,1,7,RUE AUGUSTE BLANQUI,43.29225,5.38827
201300015837,13,8,2013,16,1,13,55,2,1,1,6,"181, RUE DE ROME",43.2878,5.38269
201300015838,28,8,2013,20,1,13,55,2,1,1,3,"69, COR PRESIDENT JOHN F",43.28982,5.35555
201300015839,8,10,2013,11,1,13,55,2,3,1,2,"45, RUE GOUDARD",43.29342,5.39429
201300015840,16,10,2013,16,1,13,55,2,1,1,6,"11 bis, RUE TAPIS VERT",43.29822,5.37768
201300015841,24,10,2013,18,1,13,55,2,2,1,3,"44, CRS FRANKLIN ROOSEVE",43.29895,5.38816
201300015842,25,10,2013,16,1,13,55,2,1,1,3,"178, CHE DE NOTRE DAME D",43.33571,5.43288
201300015843,31,10,2013,11,1,13,55,2,1,9,6,"10, BD GASTON RAMON",43.2678,5.39899
201300015844,12,11,2013,12,1,13,55,2,1,1,4,"52, BD JEAN MOULIN",43.28697,5.40008
201300015845,11,11,2013,2,5,13,55,2,1,1,6,AVE ALEXANDRE FLEMING,0.0,0.0
201300015846,17,7,2013,19,1,13,55,2,1,1,5,"80, BD DE SAINT LOUP",43.28246,5.43076
201300015847,10,8,2013,2,5,13,55,2,1,1,2,"95, BD DE LA BARASSE RN",43.2856,5.48066
201300015848,6,10,2013,16,1,13,55,2,1,1,2,"27, VSN LEON LACHAMP (RT",43.2457,5.42944
201300015849,29,10,2013,9,1,13,55,2,1,2,3,"171, BD PAUL CLAUDEL",43.2681,5.41656
201300015850,10,10,2013,14,1,13,55,2,1,1,4,"38, AVE FLORIAN",43.28383,5.42683
201300015851,13,10,2013,19,5,13,55,2,1,1,6,"215, AVE DE LA CAPELETTE",43.28001,5.40946
201300015852,16,10,2013,20,5,13,55,2,1,1,2,CHE DE L ARMEE D AFRIQUE,0.0,0.0
201300015853,20,10,2013,13,1,13,55,2,1,2,6,"03, AVE JEAN BOUIN",43.26693,5.40302
201300015854,5,11,2013,7,1,13,55,2,1,1,6,"106, AVE DE LA FOURRAGER",43.29842,5.43176
201300015855,6,11,2013,7,1,13,55,2,1,1,6,"30, BD DE LA CARTONNERIE",43.29183,5.46012
201300015856,6,11,2013,22,5,13,55,2,1,1,6,"108, AVE JULES CANTINI",43.2813,5.39214
201300015857,13,11,2013,17,2,13,55,2,1,1,5,BD DES BASSINS DE RADOUB,0.0,0.0
201300015858,14,11,2013,1,5,13,55,2,1,1,6,"124, BD DE PLOMBIERES",43.31706,5.38174
201300015859,13,11,2013,12,1,13,55,2,1,1,5,BD HAGUENAU,43.30247,5.41309
201300015860,12,8,2013,18,1,13,55,2,1,1,1,"4, RUE D' URFE",43.30808,5.36903
201300015861,3,10,2013,20,5,13,55,2,1,1,2,AVE CLAUDE MONET,0.0,0.0
201300015862,13,10,2013,13,1,13,55,2,1,1,2,"43, BD GEMY",43.32071,5.41445
201300015863,13,10,2013,19,5,13,55,2,1,1,6,"E8, RUE DE LA BUSSERINE",0.0,0.0
201300015864,25,10,2013,17,1,13,55,2,1,1,6,"132, AVE DE LA VISTE",43.35988,5.35757
201300015865,24,10,2013,8,1,13,55,2,6,1,3,"1, RPT COMTESSE MISTRAL",43.32338,5.44876
201300015866,14,11,2013,16,2,13,55,2,1,1,6,"231, RUE PIERRE DOIZE",43.27165,5.42699
201300015867,28,9,2013,13,1,13,55,2,1,1,2,"00, PCE CASTELLANE",43.28606,5.38357
201300015868,22,9,2013,17,1,13,55,2,2,1,3,RUE MONTOLIEU,43.30375,5.37063
201300015869,14,11,2013,11,1,13,55,2,1,1,6,"25, BD JEAN MOULIN",43.28915,5.40012
201300015870,14,11,2013,11,1,13,55,2,6,1,3,"64, RPT CHUTES LAVIE/ GU",43.31354,5.39711
201300015871,5,11,2013,18,5,13,75,2,2,1,3,"67, LOUIS PASTEUR (AVE)",43.3565,5.46659
201300015872,16,11,2013,16,1,13,55,2,1,2,2,AVE RAIMU,43.33204,5.39863
201300015873,16,11,2013,14,1,13,55,2,1,1,6,"82, AVE DES AYGALADES",43.33691,5.36741
201300015874,18,11,2013,11,1,13,55,2,1,2,6,"239, BD NATIONAL",43.31062,5.37868
201300015875,31,10,2013,14,1,13,55,2,1,1,6,BD PIERRE DRAMARD,43.37755,5.36154
201300015876,17,11,2013,14,1,13,55,2,1,1,6,n ?CHE DES BOURRELY,0.0,0.0
201300015877,13,10,2013,20,5,13,55,2,3,1,3,"93, BD DE LA BLANCARDE",43.30303,5.40207
201300015878,7,11,2013,13,1,13,55,2,2,1,3,"13, CRS GOUFFE",43.28607,5.387
201300015879,13,11,2013,19,5,13,55,2,2,1,2,"113, BD BOISSON",43.29908,5.40381
201300015880,7,11,2013,13,1,13,55,2,1,1,6,"54, AVE DU DOCTEUR HECKE",43.28737,5.44202
201300015881,7,9,2013,18,1,13,55,2,3,1,1,CHE DE LA MADRAGUE VILLE,43.32417,5.36268
201300015882,11,11,2013,21,5,13,55,2,1,1,3,"344, BD MICHELET",43.258,5.39949
201300015883,10,11,2013,13,1,13,55,2,3,1,3,"220, RUE CHARLES KADDOUZ",43.31755,5.4385
201300015884,7,11,2013,8,1,13,55,2,1,1,6,RPT PERE WRESINKI,43.33039,5.41011
201300015885,11,11,2013,10,1,13,55,2,1,1,6,"1, PCE LUCIEN FRAPPAS",43.38417,5.3589
201300015886,11,11,2013,17,5,13,55,2,1,1,6,"6, RUE DE CHANTERAC",43.31305,5.37093
201300015887,12,11,2013,18,5,13,55,2,1,1,6,"1, AVE MILLIE MATHYS",43.36503,5.34721
201300015888,3,10,2013,9,1,13,55,2,1,1,3,CHE DE SAINT JOSEPH A SA,43.34594,5.38165
201300015889,27,10,2013,15,1,13,2,1,1,1,5,ETIENNE CUCCA-CD908 (AVE,0.0,0.0
201300015890,5,11,2013,8,1,13,55,2,1,1,3,"82, AVE DE LA CROIX ROUG",43.33279,5.43593
201300015891,6,11,2013,19,5,13,55,2,1,1,3,"200, BD DE LA VALBARELLE",43.28861,5.45495
201300015892,13,11,2013,15,1,13,2,2,1,1,6,"02, GENERAL LECLERC (AVE",43.33962,5.48444
201300015893,7,9,2013,15,5,13,55,2,1,1,2,BRE ENTREE NORD SALVADOR,0.0,0.0
201300015894,9,9,2013,6,2,13,55,2,9,1,6,RUE COLBERT,43.29935,5.37295
201300015895,19,9,2013,19,1,13,55,2,2,1,3,BD F DUPARC,43.31377,5.40578
201300015896,18,10,2013,10,1,13,55,2,4,1,2,"69, RUE THEOPHILE DECANI",43.28338,5.37669
201300015897,27,10,2013,19,5,13,55,2,1,1,3,"20, RUE BRETEUIL",43.29017,5.37588
201300015898,30,10,2013,9,1,13,55,2,1,1,3,"27, BD DE LA CORDERIE",43.29039,5.36986
201300015899,31,10,2013,16,1,13,55,2,2,1,3,RUE DES BONS ENFANTS,43.28862,5.38838
201300015900,9,11,2013,13,1,13,55,2,3,1,1,"2, RUE AMEDEE PALMIERI",43.31598,5.40078
201300015901,12,11,2013,20,5,13,55,2,1,1,3,"313, AVE CLOT BEY",43.25441,5.38205
201300015902,14,9,2013,9,1,13,55,2,1,1,3,"71, BD DE PLOMBIERES",43.31602,5.38438
201300015903,6,10,2013,17,1,13,55,2,1,1,6,"111, AVE DE LA ROSE",43.32736,5.42388
201300015904,17,10,2013,17,1,13,55,2,1,1,2,"1, BD DE L ANGELETTE",43.35597,5.36661
201300015905,31,10,2013,18,5,13,55,2,1,1,6,"91, CHE DU MERLAN A LA R",43.33046,5.41232
201300015906,12,11,2013,12,1,13,55,2,6,1,2,RPT FRANCIS CHAMANT,43.34778,5.34387
201300015907,12,11,2013,17,5,13,55,2,1,1,6,"13, CHE DE CHATEAU GOMBE",43.33456,5.42059
201300015908,12,11,2013,14,1,13,55,2,1,1,6,"1, RUE JULES VALLES",43.32716,5.40533
201300015909,12,11,2013,7,1,13,55,2,1,1,3,BD SCHLOESING,43.27604,5.39949
201300015910,6,9,2013,14,1,13,55,2,1,1,3,"12, AVE JENNY HELIA",43.36685,5.35621
201300015911,31,10,2013,15,1,13,55,2,1,1,2,"354, CHE DE SAINT ANTOIN",43.36688,5.36302
201300015912,2,7,2013,10,1,13,55,2,1,1,3,"15, CHE DU LANCIER",43.24798,5.39712
201300015913,6,11,2013,14,1,13,55,2,1,1,1,"6, RUE DE L HORTICULTURE",43.2566,5.40842
201300015914,12,11,2013,21,5,13,55,2,3,1,3,"418, AVE DE MAZARGUES",43.25738,5.39427
201300015915,18,10,2013,15,1,13,55,2,1,1,6,"56, RUE DU DOCTEUR LEON",43.3154,5.38921
201300015916,18,9,2013,19,1,13,55,2,1,1,6,"54, CHE DE SAINT JOSEPH",43.35492,5.37062
201300015917,11,9,2013,17,1,13,55,2,1,1,6,"00, PRT DE LA MADRAGUE M",43.23147,5.35527
201300015918,2,10,2013,12,1,13,55,2,9,1,3,"27, BD JEAN MOULIN",43.2887,5.40022
201300015919,22,11,2013,2,5,13,55,2,1,1,6,"335, COR PRESIDENT JOHN",0.0,0.0
201300015920,29,10,2013,9,1,13,55,2,1,1,6,"167, RUE DU CAMAS",43.29373,5.39868
201300015921,21,11,2013,17,2,13,55,2,2,1,3,"86, BD BAILLE",43.2876,5.39006
201300015922,25,11,2013,9,1,13,55,2,1,1,6,"128, RUE DE LYON",43.32743,5.36618
201300015923,23,11,2013,20,5,13,55,1,1,1,3,"132, AVE JULES CANTINI",43.2807,5.39326
201300015924,23,9,2013,10,1,13,55,2,1,1,2,"4, RUE DES DOMINICAINES",43.29996,5.37603
201300015925,23,11,2013,4,5,13,55,2,1,1,7,"148, BD DE LA LIBERATION",43.3017,5.39327
201300015926,3,4,2013,5,5,13,55,2,1,1,6,"88, COR PRESIDENT JOHN F",43.2841,5.34967
201300015927,25,11,2013,8,1,13,55,2,1,1,3,"54, BD DU CAPITAINE GEZE",43.33095,5.37284
201300015928,26,11,2013,10,1,13,55,2,1,1,3,BD ROLAND DORGELES,43.34606,5.3813
201300015929,25,11,2013,18,2,13,55,2,1,1,6,RUE MAHBOUBI TIR,0.0,0.0
201300015930,26,11,2013,19,5,13,55,2,1,1,3,AVE DE LATTRE DE TASSIGN,43.24551,5.41234
201300015931,26,11,2013,13,1,13,55,2,1,1,2,"4, BD DU VAISSEAU",43.2314,5.40501
201300015932,12,10,2013,11,1,13,55,2,3,1,3,AVE DE TOULON,43.28501,5.38964
201300015933,27,11,2013,7,1,13,2,2,1,2,2,"72, ENCO DE BOTTE (ROUTE",43.32307,5.4797
201300015934,14,11,2013,16,1,13,55,2,1,1,6,"19, QAI DES BELGES",43.29418,5.37434
201300015935,11,10,2013,17,1,13,55,2,2,1,3,"34, RUE DE FORBIN",43.30536,5.36936
201300015936,16,10,2013,12,1,13,55,2,1,1,7,"1, CHE DE NOTRE DAME DE",43.33988,5.42073
201300015937,12,11,2013,8,1,13,55,2,1,1,7,"28, AVE ROGER SALENGRO",43.31159,5.37246
201300015938,19,11,2013,12,1,13,55,2,1,8,4,"170, BD DE PARIS",43.3128,5.3685
201300015939,25,6,2013,9,1,13,55,2,1,1,3,"16, RUE AUPHAN",43.31677,5.37548
201300015940,14,11,2013,10,1,13,55,2,1,1,6,"1, PCE ESTRANGIN PASTRE",43.29046,5.378
201300015941,15,11,2013,11,1,13,55,2,1,1,6,"192, RUE DE ROME",43.28679,5.38325
201300015942,21,11,2013,1,5,13,55,2,2,1,3,"39, RUE DE L' OLIVIER",43.29461,5.38897
201300015943,23,11,2013,20,5,13,55,2,2,1,3,"243, AVE DE MONTOLIVET",43.315,5.41454
201300015944,29,10,2013,21,5,13,55,2,1,1,1,"169, BD RABATAU",43.28197,5.39945
201300015945,6,9,2013,1,5,13,55,2,1,1,6,"41, BD GASTON CREMIEUX",43.27991,5.37867
201300015946,31,10,2013,12,1,13,55,2,1,1,6,"87, BD RABATAU",43.27622,5.39714
201300015947,6,11,2013,17,5,13,55,2,1,1,6,"185, AVE DU PRADO",43.27728,5.3886
201300015948,12,11,2013,10,1,13,55,2,1,1,3,"353, COR PRESIDENT JOHN",43.27157,5.36277
201300015949,17,11,2013,17,5,13,55,2,1,1,3,"336, AVE DE MAZARGUES",43.26022,5.39399
201300015950,20,10,2013,18,2,13,55,2,1,1,3,"93, BD ROMAIN ROLLAND",43.27881,5.42226