Num_Acc,jour,mois,an,hr,condition_eclairage,departement,commune,condition_agglomeration,intersection,condition_atmosphere,type_collision,adresse,lattitude,longitude
201300015951,28,10,2013,12,1,13,55,2,1,1,7,"147, RUE PIERRE DOIZE",43.27567,5.42623
201300015952,7,11,2013,13,1,13,55,2,1,1,3,"84, CHE DE L ARMEE D AFR",43.28946,5.40792
201300015953,15,11,2013,18,5,13,55,2,1,1,6,"211, RUE PIERRE DOIZE",43.27281,5.42809
201300015954,16,11,2013,19,5,13,55,2,1,1,6,"199, COR PRESIDENT JOHN",43.28313,5.35038
201300015955,22,11,2013,11,1,13,55,2,1,1,3,"12, CRS LIEUTAUD",43.29531,5.38171
201300015956,24,11,2013,21,5,13,55,2,1,1,7,"150, BD CHAVE",43.29553,5.39506
201300015957,14,9,2013,6,5,13,55,2,3,1,2,"29, BD D ATHENES",43.30066,5.38069
201300015958,7,11,2013,12,1,13,55,2,2,1,2,"2, RUE DE LA REPUBLIQUE",43.29608,5.37396
201300015959,13,11,2013,16,1,13,55,2,1,1,7,"550, CHE DU LITTORAL",43.35454,5.33379
201300015960,26,11,2013,18,5,13,55,2,1,1,2,AVE DE SAINT MENET,43.28902,5.49734
201300015961,1,12,2013,19,5,13,55,2,1,1,7,"18, AVE DES OLIVES",43.32938,5.43047
201300015962,7,11,2013,18,5,13,55,2,1,1,2,"1, RPT MARIE-MADELEINE F",43.31626,5.40745
201300015963,21,11,2013,2,5,13,55,2,1,2,6,RUE LOUBON,43.31271,5.38411
201300015964,8,11,2013,17,5,13,55,2,1,1,2,RUE EDOUARD CALVET,0.0,0.0
201300015965,15,11,2013,18,5,13,55,2,1,1,4,"84, AVE DES AYGALADES",43.33691,5.36741
201300015966,30,11,2013,17,5,13,55,2,1,8,7,AVE RAIMU,0.0,0.0
201300015967,13,9,2013,12,1,13,55,2,1,1,1,"23, CHE DE LA COLLINE SA",43.25179,5.41838
201300015968,4,11,2013,15,1,13,2,2,1,2,2,"38, MARCEL JULIEN (AVENU",43.35649,5.48737
201300015969,15,11,2013,4,2,13,55,2,1,6,2,BD JEAN MOULIN,0.0,0.0
201300015970,19,11,2013,17,5,13,75,2,1,2,3,"102, FR?D?RIC CHEVILLON",43.34828,5.4652
201300015971,5,11,2013,14,1,13,55,2,3,1,3,"116, BD DE LA POMME",43.29352,5.4524
201300015972,3,12,2013,17,1,13,55,2,1,1,7,"158, AVE DES OLIVES",43.32616,5.4394
201300015973,20,11,2013,8,1,13,55,2,1,1,3,"75, COR PRESIDENT JOHN F",43.28929,5.35474
201300015974,26,11,2013,6,3,13,55,2,2,2,3,"34, RUE AUGUSTE BLANQUI",43.29228,5.38677
201300015975,15,11,2013,11,1,13,55,2,3,1,3,"153, RUE LOUBON",43.31292,5.38506
201300015976,8,11,2013,7,1,13,55,2,1,1,6,"129, AVE DES OLIVES",43.32656,5.43808
201300015977,13,11,2013,8,1,13,55,2,1,1,6,"124, CHE DES BOURRELY",43.3872,5.36323
201300015978,24,11,2013,21,5,13,55,2,3,1,3,"270, BD HENRI BARNIER",43.36552,5.34298
201300015979,20,11,2013,18,5,13,55,2,3,1,1,"02, ALL DES MARRONNIERS",43.3234,5.41671
201300015980,3,8,2013,21,1,13,55,2,1,1,4,"189, AVE DES POILUS",43.32056,5.45834
201300015981,13,9,2013,8,1,13,55,2,1,1,6,"1, RUE BERTHE SYLVA",43.32688,5.41956
201300015982,18,9,2013,17,1,13,55,2,1,1,2,CHE DE SAINTE MARTHE,0.0,0.0
201300015983,26,9,2013,21,5,13,55,2,1,1,3,"138, AVE DES OLIVES",43.32658,5.438
201300015984,4,11,2013,17,1,13,55,2,1,3,6,"6, RUE CENTRALE",43.35182,5.43847
201300015985,27,11,2013,13,1,13,55,2,1,1,4,AVE JEAN PAUL SARTRE,0.0,0.0
201300015986,27,11,2013,22,5,13,55,2,3,1,3,"21, RUE DE LA REPUBLIQUE",43.29817,5.3726
201300015987,28,11,2013,8,1,13,55,2,1,1,7,"64, AVE PAUL DALBRET",43.35248,5.44533
201300015988,28,11,2013,19,5,13,55,2,1,1,3,"A20, AVE ALEXANDRE ANSAL",0.0,0.0
201300015989,18,11,2013,22,5,13,55,2,1,2,6,CHE DE SAINT ANTOINE A S,43.35338,5.37181
201300015990,21,11,2013,17,1,13,55,2,1,1,2,AVE JEAN PAUL SARTRE,0.0,0.0
201300015991,12,11,2013,10,1,13,55,2,1,1,3,"37, CRS LIEUTAUD",43.29346,5.38231
201300015992,15,11,2013,14,1,13,55,2,1,1,7,"99, CRS LIEUTAUD",43.28914,5.38409
201300015993,23,11,2013,6,5,13,55,2,1,1,5,"0, AVE ALEXANDRE FLEMING",43.31654,5.39709
201300015994,28,11,2013,9,1,13,55,2,5,1,6,"1-11, BD DE LA LIBERATIO",43.29913,5.38556
201300015995,28,11,2013,10,1,13,55,2,1,1,3,"25, BD D ATHENES",43.30031,5.38068
201300015996,18,11,2013,6,5,13,55,2,1,2,3,"52, RUE CAISSERIE",43.29685,5.36678
201300015997,30,11,2013,13,1,13,55,2,1,1,7,"14, RUE AUPHAN",43.31675,5.3753
201300015998,27,9,2013,14,1,13,55,2,1,1,2,"22, BD SAKAKINI",43.29812,5.40094
201300015999,24,11,2013,17,1,13,55,2,2,1,3,"64, BD DE LA BLANCARDE",43.30291,5.40074
201300016000,27,11,2013,23,5,13,55,2,1,1,6,"80, VOI LA CANEBIERE",43.29791,5.38189
201300016001,28,11,2013,13,1,13,55,2,3,1,1,"347, RUE SAINT PIERRE",43.29178,5.4075
201300016002,29,11,2013,15,1,13,55,2,1,1,6,"9, RUE JULES GONTARD",43.29489,5.39887
201300016003,6,12,2013,10,1,13,55,2,1,1,6,"112, RUE ALPHONSE DAUDET",43.32072,5.41004
201300016004,4,11,2013,8,1,13,55,2,1,2,6,"303, COR PRESIDENT JOHN",43.27292,5.36288
201300016005,5,11,2013,12,1,13,55,2,2,1,3,"10, RUE DE LA REPUBLIQUE",43.29692,5.37365
201300016006,17,11,2013,1,5,13,55,2,2,1,3,"92, RUE GRIGNAN",43.29127,5.37327
201300016007,14,10,2013,12,1,13,55,2,1,1,6,"19, RUE AVIATEUR LE BRIX",43.26214,5.40441
201300016008,21,10,2013,16,1,13,55,2,1,1,6,"6, AVE CESAR BOY",43.29685,5.48369
201300016009,5,11,2013,20,3,13,55,2,1,1,6,"17, BD GAROUTTE",43.306,5.41302
201300016010,6,11,2013,18,5,13,55,2,1,1,3,"27, AVE DE LA SOUDE",43.24516,5.39886
201300016011,9,11,2013,20,4,13,55,2,1,1,5,"77, RUE PIERRE DOIZE",43.27871,5.42825
201300016012,9,6,2013,9,1,13,55,2,3,1,2,RUE CHARLES KADDOUZ,43.3118,5.42937
201300016013,23,7,2013,8,1,13,55,2,1,1,5,"118, AVE VITON",43.25801,5.4099
201300016014,2,8,2013,14,1,13,55,2,3,1,1,"1, BD TROLLAT",43.27141,5.41812
201300016015,28,8,2013,18,1,13,55,2,1,1,2,".., BD MIREILLE LAUZE",0.0,0.0
201300016016,23,10,2013,15,1,13,55,2,3,1,1,"200, BD DE LA VALBARELLE",43.28859,5.45479
201300016017,24,11,2013,23,5,13,55,2,1,1,3,"327, BD MICHELET",43.25782,5.39958
201300016018,12,11,2013,20,5,13,55,2,2,1,3,CH  ARMEE AFRIQUE,43.2869,5.41242
201300016019,18,11,2013,7,1,13,2,1,1,3,3,ETIENNE CUCCA-CD908 (AVE,0.0,0.0
201300016020,30,10,2013,11,1,13,55,2,2,1,6,"12, BD BAILLE",43.28645,5.3855
201300016021,10,11,2013,4,5,13,55,2,1,1,6,"70, AVE D' HAIFA",43.25089,5.38978
201300016022,11,11,2013,10,1,13,55,2,1,1,6,"., BD ROMAIN ROLLAND",43.27597,5.4175
201300016023,24,6,2013,12,1,13,55,2,1,1,6,"1, RPT DES PIERRE GUERRE",43.25033,5.38899
201300016024,16,11,2013,13,1,13,55,1,1,1,4,BD DANIELLE CASANOVA,0.0,0.0
201300016025,16,11,2013,15,1,13,55,1,1,1,3,"115, AVE ROGER SALENGRO",43.31498,5.37023
201300016026,6,12,2013,16,1,13,55,1,3,1,6,BD SIMON BOLIVAR,43.34328,5.37802
201300016027,9,12,2013,7,1,13,55,2,1,1,2,"52, CHE DE LA MADRAGUE V",43.32409,5.36277
201300016028,9,12,2013,12,1,13,55,2,1,1,3,"7, BD EUGENE PIERRE",43.29841,5.39053
201300016029,31,10,2013,10,1,13,55,2,1,1,6,BD CHARLES MORETTI,0.0,0.0
201300016030,4,12,2013,12,1,13,55,2,1,1,1,"95, BD HENRI BARNIER",43.37238,5.34915
201300016031,20,11,2013,17,5,13,55,2,1,1,6,BD VOLTAIRE,43.30219,5.38344
201300016032,11,12,2013,11,1,13,55,2,3,1,6,"2, RUE DE PROVENCE",43.30148,5.39602
201300016033,3,12,2013,19,5,13,55,2,1,1,6,"5, CRS JEAN BALLARD",43.29336,5.37449
201300016034,4,12,2013,7,1,13,55,2,2,1,6,"172, BD DE LA LIBERATION",43.30203,5.39442
201300016035,5,12,2013,9,1,13,55,2,1,1,6,"357, COR PRESIDENT JOHN",43.2712,5.36283
201300016036,2,12,2013,18,4,13,55,2,1,1,7,"36, CHE DE GIBBES",43.32009,5.38046
201300016037,3,12,2013,19,5,13,55,2,2,1,3,RUE DE RUFFI,43.31292,5.37051
201300016038,4,12,2013,14,1,13,55,2,1,1,6,"94, RUE LE CHATELIER",43.3465,5.36689
201300016039,1,9,2013,1,5,13,55,2,1,1,1,"01, RUE PALESTRO",43.30504,5.38052
201300016040,11,12,2013,21,5,13,55,2,1,1,6,BD PIERRE MENARD,0.0,0.0
201300016041,27,9,2013,7,1,13,55,2,1,1,6,"00, BD SAKAKINI",0.0,0.0
201300016042,8,10,2013,9,1,13,55,2,1,1,6,"86, BD LOUIS VILLECROZE",43.3207,5.39199
201300016043,2,10,2013,13,1,13,55,2,2,1,3,"00, BD DU REDON",43.24949,5.42264
201300016044,14,2,2013,9,1,13,106,1,1,1,6,"13, BEDOULE (CHEMIN DE L",43.40218,5.35706
201300016045,7,10,2013,18,1,13,55,2,1,1,6,"00, BD DE SAINTE MARGUER",0.0,0.0
201300016046,2,9,2013,14,1,13,55,2,1,1,7,"00, BD BAILLE",0.0,0.0
201300016047,2,9,2013,5,5,13,55,2,1,1,3,"149, BD BAILLE",43.28949,5.39709
201300016048,2,9,2013,15,1,13,55,2,1,1,6,"12, RUE SAINT PIERRE",43.29374,5.38738
201300016049,15,11,2013,17,5,13,106,2,1,1,3,"19, NELSON MANDELA (AVEN",43.40842,5.3665
201300016050,2,12,2013,14,1,13,55,2,1,1,3,"16, CHE DE SAINTE MARTHE",43.31818,5.39032
201300016051,2,12,2013,15,1,13,55,2,3,1,6,"27, RUE D AUBAGNE",43.29526,5.37965
201300016052,5,11,2013,11,1,13,55,2,2,1,3,"0, AVE RAIMU",43.32987,5.39796
201300016053,23,11,2013,17,5,13,55,2,3,1,3,BD JOURDAN,43.33353,5.39627
201300016054,25,11,2013,16,2,13,55,2,1,1,6,"1, RUE RENE CASSIN",43.31576,5.37315
201300016055,25,11,2013,11,1,13,55,2,1,1,3,"1, AVE SALVADOR ALLENDE",43.33006,5.38994
201300016056,26,11,2013,8,1,13,55,2,1,1,2,"25, AVE DE FRAIS VALLON",43.32486,5.42667
201300016057,27,11,2013,7,2,13,55,2,1,3,3,"9, BD GAY LUSSAC",43.33144,5.37469
201300016058,28,11,2013,7,5,13,55,2,1,1,3,AVE MERLEAU PONTY,0.0,0.0
201300016059,28,11,2013,13,1,13,55,1,1,1,6,"39, AVE DE FRAIS VALLON",43.32486,5.42662
201300016060,29,11,2013,18,5,13,55,2,3,1,3,"14, CH DU VALLON VERT",43.33499,5.45243
201300016061,1,12,2013,18,5,13,55,2,1,1,4,"46, AVE ALEXANDRE FLEMIN",43.31555,5.40164
201300016062,2,12,2013,9,1,13,55,1,6,1,3,RPT PERE WRESINKI,43.3304,5.41016
201300016063,3,12,2013,15,1,13,55,2,1,1,6,"55, AVE DE SAINT JEROME",43.33044,5.41917
201300016064,15,12,2013,21,5,13,55,2,2,1,6,"183, COR PRESIDENT JOHN",43.28452,5.34971
201300016065,1,9,2013,20,2,13,55,2,1,1,6,"00, BD DANIELLE CASANOVA",0.0,0.0
201300016066,14,12,2013,21,5,13,55,2,1,1,2,"106, RTE DES CAMOINS",43.29844,5.49898
201300016067,15,12,2013,14,1,13,55,2,1,1,4,"359, BD MIREILLE LAUZE",43.28602,5.42789
201300016068,29,11,2013,8,1,13,55,2,1,1,6,"17, CHE SAINT JEAN DU DE",43.29289,5.4023
201300016069,15,11,2013,13,1,13,55,2,1,1,6,"112, AVE DE SAINT JULIEN",43.30639,5.4205
201300016070,2,12,2013,11,2,13,55,2,1,1,3,AVE DE MAZARGUES,43.26209,5.3933
201300016071,4,12,2013,19,5,13,55,2,1,1,6,"265, BD ROMAIN ROLLAND",43.27354,5.41343
201300016072,4,12,2013,13,1,13,55,2,1,1,2,"38, AVE FLORIAN",43.2839,5.4268
201300016073,5,12,2013,23,5,13,55,2,3,1,2,"01, RUE LAMARTINE",43.30136,5.45772
201300016074,3,12,2013,12,1,13,55,2,1,1,3,"152, AVE DE FRAIS VALLON",43.32469,5.43513
201300016075,15,11,2013,16,1,13,55,2,3,1,3,"00, RUE BERNEX",43.30063,5.38838
201300016076,21,11,2013,11,1,13,55,2,1,1,1,"146, CRS LIEUTAUD",43.28848,5.38446
201300016077,9,12,2013,14,1,13,55,2,3,1,3,AVE RAIMU,43.33112,5.39813
201300016078,2,12,2013,9,1,13,55,2,1,1,2,AVE DE FRAIS VALLON,0.0,0.0
201300016079,10,12,2013,9,1,13,55,2,1,1,3,"178, AVE DE LA CROIX ROU",43.33498,5.44369
201300016080,12,11,2013,14,1,13,55,2,2,1,7,"95, BD SAKAKINI",43.29375,5.40161
201300016081,18,11,2013,0,5,13,55,2,9,1,6,VSN MARECHAL JUIN FLEMIN,43.31356,5.40555
201300016082,5,12,2013,14,1,13,55,2,2,1,6,"69, BD SAKAKINI",43.29581,5.40033
201300016083,5,12,2013,18,5,13,55,2,1,1,7,"06, CRS GOUFFE",43.28636,5.38577
201300016084,15,11,2013,14,1,13,55,2,1,1,3,"11, RUE FRANCOIS SIMON",43.31123,5.38972
201300016085,9,11,2013,9,1,13,55,2,1,1,3,"70, AVE DE HAMBOURG",43.25116,5.38796
201300016086,14,11,2013,16,1,13,55,2,1,7,6,RPT LOUIS NATTERO,0.0,0.0
201300016087,21,11,2013,14,1,13,55,2,3,1,3,"541, AVE DU PRADO",43.26436,5.37864
201300016088,29,11,2013,16,1,13,55,2,3,1,3,"38, AVE BENJAMIN DELESSE",43.28444,5.40462
201300016089,4,12,2013,11,1,13,55,2,1,1,6,"133, RUE DENIS MAGDELON",43.24657,5.40435
201300016090,5,12,2013,1,5,13,55,2,1,1,2,BD SCHLOESING,0.0,0.0
201300016091,11,11,2013,10,1,13,55,2,1,1,2,".., AVE DES PEINTRES ROU",0.0,0.0
201300016092,4,12,2013,17,2,13,55,2,3,1,3,BD GUSTAVE GANAY,43.26652,5.40222
201300016093,14,11,2013,8,1,13,2,2,1,1,2,PROVENCE (AVENUE DE),0.0,0.0
201300016094,19,11,2013,6,5,13,2,2,1,3,6,CANTON VERT (AVENUE DU),43.34194,5.47126
201300016095,17,12,2013,20,5,13,55,2,1,1,6,"169, BD ROMAIN ROLLAND",43.27612,5.41775
201300016096,18,12,2013,13,1,13,55,2,1,1,7,"74, AVE JULES CANTINI",43.28263,5.3897
201300016097,2,12,2013,5,2,13,55,2,1,1,7,"26, BD BUREL",43.317,5.38957
201300016098,5,12,2013,18,5,13,55,2,1,1,3,"41, RUE DE LA MAURELLE",43.32485,5.43858
201300016099,6,12,2013,9,1,13,55,2,3,1,6,"173, CHE DE LA MADRAGUE",43.32858,5.35922
201300016100,10,12,2013,7,2,13,55,2,1,1,7,"15, BD DES DAMES",43.30209,5.37118
201300016101,26,4,2013,17,1,13,55,2,1,1,3,"31, CHE JOSEPH AIGUIER",43.25634,5.40491
201300016102,22,11,2013,14,1,13,55,2,3,8,3,"263, AVE DU PRADO",43.27406,5.39042
201300016103,22,11,2013,17,5,13,55,2,3,1,3,AVE JEAN LOMBARD,43.28892,5.42907
201300016104,28,11,2013,12,1,13,55,1,6,1,4,RTE DE LA SABLIERE,0.0,0.0
201300016105,1,12,2013,16,1,13,55,2,1,1,3,"11, AVE FRANCOIS CHARDIG",43.29358,5.4836
201300016106,4,12,2013,11,1,13,55,2,1,1,3,BD MIREILLE LAUZE,0.0,0.0
201300016107,11,12,2013,6,5,13,55,2,1,1,3,"2, AVE DES FELIBRES",43.31143,5.42296
201300016108,11,12,2013,18,5,13,55,2,3,9,3,"16, BD DE LA COOPERATIVE",43.29703,5.48184
201300016109,12,12,2013,17,5,13,55,2,3,1,5,"49, CHE DE LA MARRE",43.32829,5.44381
201300016110,4,12,2013,9,1,13,55,2,6,7,3,RPT PROFESSEUR PIERRE GO,43.24167,5.3971
201300016111,9,12,2013,15,1,13,55,2,1,1,7,"320, BD CHAVE",43.29607,5.4047
201300016112,9,12,2013,19,5,13,55,2,1,1,6,"269, COR PRESIDENT JOHN",43.28019,5.35362
201300016113,22,11,2013,14,1,13,55,2,1,1,3,PCE BOUGAINVILLE,43.31947,5.36797
201300016114,7,12,2013,19,5,13,55,2,1,1,3,"63, AVE CLAUDE MONET",43.32633,5.39453
201300016115,10,12,2013,18,5,13,55,2,1,1,3,"76, BD DES DAMES",43.30247,5.36947
201300016116,16,12,2013,9,1,13,55,2,1,1,1,AVE DES AYGALADES,0.0,0.0
201300016117,1,12,2013,18,5,13,55,2,1,1,1,"27, AVE DE MONTOLIVET",43.30819,5.40325
201300016118,2,12,2013,12,1,13,55,2,1,1,6,"36, RUE DU PROGRES",43.29661,5.39148
201300016119,4,11,2013,9,1,13,55,2,1,2,3,"140, BD DE PONT DE VIVAU",43.2816,5.42455
201300016120,15,11,2013,8,1,13,55,2,1,1,6,"399, RUE PARADIS",43.27521,5.38444
201300016121,19,11,2013,8,1,13,55,2,1,2,6,"144, BD DE SAINT LOUP",43.28326,5.43343
201300016122,19,11,2013,12,1,13,55,2,1,1,3,"262, BD DE SAINTE MARGUE",43.26122,5.41496
201300016123,26,11,2013,19,5,13,55,2,1,1,4,"49, RUE AUGUSTIN AUBERT",43.26717,5.40264
201300016124,14,10,2013,10,1,13,55,2,1,1,1,"174, BD DE SAINT LOUP",43.28412,5.43578
201300016125,18,10,2013,16,1,13,55,2,1,1,7,AVE DU PRADO,43.27122,5.38934
201300016126,14,11,2013,22,5,13,55,2,1,1,1,"88, BD DE LA BARASSE RN",43.28563,5.48043
201300016127,22,11,2013,16,1,13,55,2,1,1,3,"0, AVE DE MAZARGUES",43.2498,5.39625
201300016128,5,12,2013,8,1,13,55,2,6,1,7,AVE*FLORIAN,43.2857,5.42536
201300016129,7,12,2013,10,1,13,55,2,1,1,5,"124, RUE PIERRE DOIZE",43.27707,5.42722
201300016130,5,11,2013,17,1,13,55,2,1,1,6,"29, AVE DU DOCTEUR HECKE",43.28866,5.44156
201300016131,17,12,2013,10,1,13,55,2,1,2,3,"52, BD MIREILLE LAUZE",43.28258,5.40661
201300016132,24,9,2013,23,5,13,55,1,1,1,3,"216, BD HENRI BARNIER",43.36791,5.34422
201300016133,21,11,2013,8,1,13,55,2,1,2,2,"71, CHE DE SAINT ANTOINE",43.35406,5.37124
201300016134,21,11,2013,10,1,13,55,2,1,1,2,"53, AVE COROT",43.32183,5.40771
201300016135,28,11,2013,16,1,13,55,2,1,1,6,BD PIERRE DRAMARD,43.37755,5.36154
201300016136,4,12,2013,17,5,13,55,2,1,1,6,AVE JEAN PAUL SARTRE,0.0,0.0
201300016137,6,12,2013,14,1,13,55,2,2,1,7,"50, BD PERRIN",43.31933,5.40812
201300016138,6,12,2013,16,5,13,55,2,2,1,6,"17, AVE ALEXANDRE FLEMIN",43.31492,5.39089
201300016139,8,12,2013,10,1,13,55,2,6,1,3,RPT PIERRE PARAF,43.33039,5.41009
201300016140,9,12,2013,6,5,13,55,2,1,1,3,AVE JEAN PAUL SARTRE,0.0,0.0
201300016141,13,12,2013,13,1,13,55,2,1,1,7,"261, CHE DE SAINTE MARTH",43.33345,5.39062
201300016142,13,12,2013,15,1,13,55,2,3,1,3,"127, BD DANIELLE CASANOV",43.32589,5.37434
201300016143,15,12,2013,16,1,13,55,2,1,1,4,"1, AVE JENNY HELIA",43.36624,5.35524
201300016144,17,12,2013,15,1,13,55,2,1,1,6,BD CHARLES MATTEI,0.0,0.0
201300016145,19,5,2013,22,5,13,55,2,1,1,6,"2, PRO GEORGES POMPIDOU",43.26702,5.37239
201300016146,19,11,2013,20,5,13,55,2,1,1,3,"22, RPT COLLINE ST JOSEP",43.25692,5.41054
201300016147,25,11,2013,19,5,13,55,2,3,1,7,"35, AVE ALEXANDRE DUMAS",43.26366,5.38944
201300016148,26,11,2013,18,5,13,55,2,1,1,1,"89, AVE CLOT BEY",43.259,5.38515
201300016149,5,12,2013,10,1,13,55,2,6,1,3,RTE DE LA SABLIERE,0.0,0.0
201300016150,11,12,2013,11,1,13,55,2,1,1,6,"63, RUE DE L' AIGUILLETT",43.31411,5.42774
201300016151,8,12,2013,20,5,13,55,2,1,1,6,"87, RUE SAINT JEAN DU DE",43.29702,5.43416
201300016152,14,12,2013,16,1,13,55,2,1,1,6,"21, AVE DE LA CAPELETTE",43.28362,5.39984
201300016153,16,12,2013,18,5,13,55,2,1,1,3,"13, AVE DE LA GROGNARDE",43.29036,5.43621
201300016154,29,11,2013,7,2,13,55,2,1,1,3,"1, RUE ALBERT EINSTEIN",43.33412,5.43179
201300016155,24,9,2013,18,1,13,55,1,1,1,2,"165, AVE DE SAINT MENET",43.28924,5.49661
201300016156,18,11,2013,18,5,13,55,2,1,2,6,"0, AVE DE LA FOURRAGERE",43.30256,5.42922
201300016157,3,12,2013,17,3,13,2,2,1,1,3,QUATRE SAISONS (ROUTE DE,0.0,0.0
201300016158,16,12,2013,6,3,13,55,2,1,1,6,"14, RUE D ANTHOINE",43.31611,5.36714
201300016159,28,11,2013,16,1,13,55,2,1,1,6,"280, CHE DE SAINT ANTOIN",43.37533,5.35588
201300016160,1,12,2013,12,1,13,55,2,1,1,3,"17, AVE CAMILLE PELLETAN",43.30318,5.37399
201300016161,7,12,2013,14,1,13,55,2,1,1,7,AVE ESCADRILLE NORMANDIE,0.0,0.0
201300016162,7,12,2013,16,1,13,55,2,9,1,3,"63, RUE FELIX PYAT",43.31469,5.37553
201300016163,11,12,2013,15,1,13,55,2,1,1,3,"1, QAI DU PORT",43.29624,5.37333
201300016164,12,12,2013,18,5,13,55,2,1,1,3,"38, CHE DE LA BIGOTTE",43.38585,5.36906
201300016165,17,12,2013,18,5,13,55,2,1,1,6,"01, AVE DES OLIVES",43.32985,5.42941
201300016166,18,12,2013,10,1,13,55,2,1,1,6,AVE DU CAP PINEDE ROC 3,0.0,0.0
201300016167,19,12,2013,13,1,13,55,2,1,3,7,BD DU CAPITAINE GEZE,43.33137,5.37685
201300016168,6,12,2013,21,5,13,55,2,1,1,2,"19, BD SAKAKINI",43.29796,5.40093
201300016169,18,9,2013,17,1,13,55,2,1,1,3,"41, CHE DE NOTRE DAME DE",43.34043,5.42454
201300016170,6,11,2013,13,1,13,55,2,2,1,3,"23, RUE D' ITALIE",43.29016,5.38196
201300016171,30,11,2013,17,2,13,55,2,1,1,6,VOI LA CANEBIERE,0.0,0.0
201300016172,12,12,2013,15,1,13,55,2,1,1,3,BD D ATHENES,0.0,0.0
201300016173,16,12,2013,8,2,13,55,2,1,1,2,"22, BD CAMILLE FLAMMARIO",43.3042,5.38813
201300016174,16,12,2013,10,1,13,55,2,1,1,6,AVE ALEXANDRE FLEMING,0.0,0.0
201300016175,7,11,2013,12,1,13,55,2,1,1,3,CHE DE LA STATION DU CAN,43.33176,5.387
201300016176,12,11,2013,10,1,13,55,2,1,1,2,"527, CHE DE LA MADRAGUE",43.34601,5.35467
201300016177,29,11,2013,19,5,13,55,2,1,1,2,AVE ALEXANDRE FLEMING,0.0,0.0
201300016178,5,12,2013,12,1,13,55,2,1,1,3,TRA DE CHANTE PERDRIX,43.27415,5.435
201300016179,28,12,2013,23,5,13,55,2,1,8,7,"317, COR PRESIDENT JOHN",43.2753,5.36001
201300016180,29,12,2013,6,5,13,75,2,1,1,6,"98, FREDERIC MISTRAL (AV",43.35114,5.47187
201300016181,30,12,2013,11,1,13,55,2,1,1,6,29 Boulevard Roland Dorg,43.34705,5.37885
201300016182,8,11,2013,16,1,13,55,2,1,1,3,"111, BD NATIONAL",43.30694,5.38257
201300016183,18,12,2013,13,1,13,55,2,1,1,3,"199, AVE DE SAINT LOUIS",43.35108,5.3585
201300016184,22,9,2013,17,1,13,55,2,1,1,6,"156, BD RABATAU",43.28142,5.39936
201300016185,27,10,2013,3,5,13,55,2,1,1,6,"250, BD MIREILLE LAUZE",43.2842,5.41973
201300016186,12,12,2013,11,1,13,55,2,1,1,3,"8, RUE LOUIS REGE",43.28124,5.38994
201300016187,13,6,2013,11,1,13,55,2,1,1,6,"76, TRA DU MAROC",43.31451,5.45483
201300016188,28,6,2013,20,5,13,55,2,1,1,1,"596, CHE DU LITTORAL",43.35368,5.33057
201300016189,20,11,2013,15,1,13,55,2,1,1,3,"1, CHE DE SAINT ANTOINE",43.36568,5.35685
201300016190,2,12,2013,21,5,13,55,1,1,1,1,"160, BD BAILLE",43.28855,5.39358
201300016191,15,1,2013,7,2,13,39,1,4,2,3,RPortuaire 544,43.44248,4.91373
201300016192,17,1,2013,11,1,13,39,1,1,1,3,MICHEL LOUISE (Avenue),43.46499,4.93987
201300016193,17,1,2013,13,1,13,77,2,2,1,3,DRAILLE (chemin de la),43.41766,4.99364
201300016194,10,1,2013,13,1,13,56,2,1,1,3,PARKING GENERAL LECLERC,43.40294,5.05745
201300016195,21,1,2013,8,2,13,39,2,6,1,6,MARECHAL JUIN (rond-poin,43.46511,4.94116
201300016196,26,1,2013,12,1,13,56,1,1,1,3,RN 568,43.40745,5.05476
201300016197,28,1,2013,10,1,13,56,2,1,1,2,TURCAN FRANCIS,43.4117,5.04386
201300016198,27,1,2013,18,3,13,56,1,1,1,1,ROUTE DE SAINT PIERRE,43.38313,5.06535
201300016199,4,2,2013,13,1,13,39,1,9,1,7,RN 268,43.48556,4.8838
201300016200,7,2,2013,22,3,13,26,1,1,1,6,CD 48 A,0.0,0.0