Num_Acc,jour,mois,an,hr,condition_eclairage,departement,commune,condition_agglomeration,intersection,condition_atmosphere,type_collision,adresse,lattitude,longitude
201300016201,13,2,2013,18,3,13,26,1,1,1,1,RN 568,0.0,0.0
201300016202,16,2,2013,19,3,13,26,1,9,1,5,RN 568 CLM,43.39009,5.16636
201300016203,19,2,2013,13,1,13,39,1,9,1,2,SAINT-GERVAIS (Carrefour,43.43285,4.94153
201300016204,3,3,2013,9,1,13,39,1,1,1,7,RN 568,0.0,0.0
201300016205,18,2,2013,12,1,13,56,2,3,1,3,RAYETTES,43.42075,5.0359
201300016206,25,2,2013,19,3,13,39,1,1,1,2,RN 568,43.43285,4.94148
201300016207,3,3,2013,16,1,13,26,2,1,1,7,JAI (plage du),0.0,0.0
201300016208,8,3,2013,19,5,13,26,2,1,1,3,"0, CHATEAU MOUSTIER (bld",43.38628,5.15335
201300016209,9,3,2013,16,1,13,56,2,3,1,1,FLEMING AVENUE DU ALEXAN,43.41364,5.05704
201300016210,11,3,2013,16,1,13,77,2,1,1,4,THOREZ MAURICE (avenue),0.0,0.0
201300016211,19,3,2013,12,1,13,56,2,1,1,2,TURCAN FRANCIS,43.41218,5.04709
201300016212,24,3,2013,18,2,13,26,1,1,1,2,RN 568,0.0,0.0
201300016213,17,3,2013,19,1,13,56,2,3,1,3,FLEMING AVENUE DU ALEXAN,43.42294,5.05614
201300016214,13,3,2013,11,1,13,56,2,1,1,1,GAULLE AVENUE CHARLES DE,43.39868,5.07665
201300016215,25,3,2013,14,1,13,56,2,3,1,3,DIX NEUF MARS 1962 (Impa,43.42434,5.03993
201300016216,17,4,2013,10,1,13,56,2,1,1,4,TURCAN FRANCIS,43.41168,5.04384
201300016217,3,4,2013,18,1,13,26,2,9,1,6,ANCIENS COMBATTANTS (ave,0.0,0.0
201300016218,14,4,2013,9,1,13,56,1,1,1,2,VERDON,43.3354,5.04903
201300016219,23,4,2013,13,1,13,56,2,1,1,3,CARRO (avenue de),43.33251,5.04374
201300016220,9,5,2013,2,5,13,56,2,1,1,6,LECLERC QUAI GENERAL CHA,43.40212,5.05835
201300016221,15,5,2013,23,3,13,39,1,1,9,6,RN 568,43.45441,4.92816
201300016222,17,5,2013,11,1,13,56,2,1,1,2,KLEBER QUAI JEAN BAPTIST,43.40409,5.05694
201300016223,13,5,2013,16,1,13,26,1,1,1,3,CD 9,0.0,0.0
201300016224,29,5,2013,17,1,13,56,2,1,1,6,FOURNIER BOULEVARD HELEN,43.41365,5.05645
201300016225,30,5,2013,18,1,13,56,1,1,1,4,RN 568,0.0,0.0
201300016226,2,6,2013,15,1,13,56,2,1,1,2,KENNEDY AVENUE DU PRESID,0.0,0.0
201300016227,16,6,2013,17,1,13,56,1,1,1,3,RD 49,0.0,0.0
201300016228,13,6,2013,8,1,13,39,2,1,1,3,PHION (Chemin de),43.4546,4.93752
201300016229,11,6,2013,16,1,13,56,2,1,1,3,MARITIME BOULEVARD,0.0,0.0
201300016230,29,6,2013,19,2,13,56,2,1,1,3,ROUSSEAU JEAN JACQUES,0.0,0.0
201300016231,3,7,2013,9,1,13,56,1,1,3,3,ROUTE DE SAINT PIERRE,0.0,0.0
201300016232,26,6,2013,7,2,13,77,1,1,1,4,LA TREMIE (acc?s RN 568,0.0,0.0
201300016233,16,6,2013,12,1,13,56,1,1,1,3,COURONNE,0.0,0.0
201300016234,17,6,2013,8,2,13,39,2,1,1,3,JAURES JEAN (Avenue),43.43388,4.9457
201300016235,20,6,2013,12,1,13,39,1,1,1,4,RN 568,43.43539,4.94139
201300016236,26,6,2013,7,2,13,77,1,1,1,2,RN 568,0.0,0.0
201300016237,22,7,2013,19,1,13,56,1,2,1,3,ROUTE DU PORT DE LAVERA,43.39631,5.0262
201300016238,22,7,2013,18,1,13,26,2,3,1,1,CURIE (bld P et M,43.38682,5.15818
201300016239,7,7,2013,17,1,13,56,2,1,1,7,TESSE MAURICE,0.0,0.0
201300016240,7,7,2013,18,1,13,77,2,3,1,3,CROIZAT AMBROISE (avenue,43.41102,4.98979
201300016241,8,7,2013,13,1,13,56,2,3,1,3,L'HERMINIER AVENUE COMMA,43.40912,5.04659
201300016242,13,7,2013,14,1,13,39,2,1,1,5,POMPIDOU GEORGES (avenue,43.45553,4.94153
201300016243,28,7,2013,6,2,13,56,2,1,1,1,ISTRES ROUTE D',0.0,0.0
201300016244,29,6,2013,13,1,13,39,2,1,1,3,POMPIDOU GEORGES (avenue,43.45895,4.94153
201300016245,13,7,2013,9,1,13,56,2,9,1,3,PORT DE BOUC ROUTE DE,0.0,0.0
201300016246,31,7,2013,18,1,13,56,2,1,1,2,TESSE MAURICE,43.407,5.05569
201300016247,1,8,2013,22,3,13,77,2,1,1,7,BOUC ANTOINE (rue),0.0,0.0
201300016248,6,8,2013,19,1,13,56,2,1,1,7,BASTIDES ROUTE DES,0.0,0.0
201300016249,8,8,2013,10,1,13,39,1,1,1,2,ROUTE NATIONALE 568,0.0,0.0
201300016250,10,8,2013,10,1,13,26,2,3,1,6,FERRY (rue Jules),43.38662,5.16415
201300016251,17,8,2013,6,3,13,39,1,6,1,7,FOSSETTE (Rond-point de,43.48683,4.88518
201300016252,21,8,2013,20,2,13,56,2,1,1,6,VERANDY JEAN,0.0,0.0
201300016253,12,8,2013,11,1,13,26,2,3,1,3,AUDIBERT (bld Armand),43.38439,5.16754
201300016254,28,8,2013,17,1,13,77,2,1,1,6,CROIZAT AMBROISE (all?e),0.0,0.0
201300016255,7,9,2013,12,1,13,77,1,1,1,2,RN 568,43.42178,4.97733
201300016256,8,9,2013,10,1,13,39,2,6,1,6,CANTEGRILLET (Avenue de),43.4559,4.94162
201300016257,15,9,2013,16,1,13,39,1,1,1,7,RN 568,0.0,0.0
201300016258,17,9,2013,18,2,13,39,1,1,1,3,RN 268,0.0,0.0
201300016259,21,9,2013,8,1,13,56,2,1,1,6,KENNEDY AVENUE DU PRESID,43.40791,5.05351
201300016260,30,9,2013,16,1,13,56,2,6,1,4,PORT DE LAVERA ROUTE DU,43.39722,5.03422
201300016261,19,9,2013,17,1,13,39,1,9,1,2,RN 568,43.47815,4.89454
201300016262,24,9,2013,11,1,13,56,2,1,1,6,JOLIOT CURIE BOULEVARD I,43.3379,5.07191
201300016263,1,10,2013,13,1,13,56,2,6,1,6,ROUTE DU PORT DE LAVERA,43.39723,5.03419
201300016264,11,10,2013,8,1,13,56,2,1,1,4,FLEMING AVENUE DU ALEXAN,43.42297,5.05614
201300016265,9,10,2013,22,5,13,56,1,1,1,6,RD 49,43.36604,5.06001
201300016266,15,10,2013,14,1,13,77,2,2,1,1,MER (avenu de la),43.40508,4.98435
201300016267,14,10,2013,13,1,13,77,1,1,1,2,RN 568 -,0.0,0.0
201300016268,12,10,2013,18,2,13,56,2,1,1,6,AIRES PLACE DES,43.40731,5.05648
201300016269,20,10,2013,11,1,13,56,2,1,1,6,QUATORZE JUILLET,43.40872,5.05627
201300016270,25,10,2013,5,5,13,56,2,1,1,1,SAINT-PIERRE,43.3989,5.05231
201300016271,29,10,2013,16,1,13,39,1,1,1,2,RN 568,43.45266,4.93099
201300016272,10,11,2013,8,2,13,56,2,1,1,2,TURCAN FRANCIS,0.0,0.0
201300016273,11,11,2013,0,5,13,26,2,1,6,1,"7, VIEUX MOULIN (rue du)",43.3826,5.16215
201300016274,5,11,2013,16,1,13,77,2,1,1,6,GENERAL DE GAULLE (avenu,43.40965,4.97772
201300016275,12,11,2013,13,1,13,77,1,1,1,2,RN 568,0.0,0.0
201300016276,13,11,2013,14,1,13,56,2,3,1,3,CALMETTE ET*GUERIN AV,43.39969,5.04667
201300016277,13,11,2013,18,3,13,56,1,1,1,5,RD 49,0.0,0.0
201300016278,6,11,2013,13,1,13,56,2,1,1,6,AIRES PLACE DES,0.0,0.0
201300016279,14,11,2013,9,1,13,56,2,1,1,6,ROUTE DU PORT DE LAVERA,0.0,0.0
201300016280,15,11,2013,22,5,13,56,2,2,1,1,HERRIOT BOULEVARD EDOUAR,43.39954,5.05972
201300016281,18,11,2013,7,2,13,39,1,1,1,3,RN 544,0.0,0.0
201300016282,2,12,2013,11,1,13,39,1,1,1,3,ROUTE NATIONALE 569,0.0,0.0
201300016283,4,11,2013,9,1,13,26,2,1,2,6,RN 568,0.0,0.0
201300016284,29,11,2013,17,2,13,77,2,1,1,2,GOLFE (avenue du),43.40638,4.97816
201300016285,25,11,2013,11,1,13,56,2,1,1,2,ALLENDE BOULEVARD SALVAD,43.41669,5.05854
201300016286,4,12,2013,19,3,13,78,1,1,1,3,RN 268 (PR 4.500),0.0,0.0
201300016287,6,12,2013,9,1,13,77,2,1,1,2,RN 568,43.4218,4.97734
201300016288,11,12,2013,17,2,13,4,1,1,1,4,RN 268 (PR 11),0.0,0.0
201300016289,23,12,2013,23,3,13,77,2,1,1,6,RN 568,0.0,0.0
201300016290,28,12,2013,19,2,13,56,2,1,1,3,CD 49,43.38823,5.03154
201300016291,5,12,2013,7,2,13,77,2,1,7,2,RN 568,0.0,0.0
201300016292,3,2,2013,5,3,13,103,1,1,1,6,CHEMIN DES MOULEDAS,0.0,0.0
201300016293,19,3,2013,13,1,13,103,2,1,1,6,AVENUE JUIN -DU MARECHAL,0.0,0.0
201300016294,21,3,2013,14,1,13,103,2,1,1,7,"10, PLACE DES ANCIENS CO",0.0,0.0
201300016295,22,3,2013,16,1,13,103,2,1,1,6,AVENUE DE WERTHEIM,0.0,0.0
201300016296,30,3,2013,16,1,13,103,2,1,1,6,"40, BOULEVARD DES BLAZOT",43.64263,5.08851
201300016297,25,5,2013,12,1,13,103,2,1,1,3,"271, AVENUE DU 22 AOUT 1",43.63644,5.08116
201300016298,30,5,2013,16,1,13,103,1,1,1,5,ROUTE DE JEAN MOULIN-RN,0.0,0.0
201300016299,14,6,2013,21,3,13,49,1,1,1,5,ROUTE DE JEAN MOULIN-RN,0.0,0.0
201300016300,4,8,2013,8,1,13,103,2,2,1,3,"23, AVENUE BOREL -GEORGE",43.64051,5.08314
201300016301,8,8,2013,14,1,13,103,2,2,1,6,"2, EUGENE PLACE PELLETAN",43.64055,5.09511
201300016302,27,8,2013,17,1,13,103,2,2,1,3,RUE LABADIE,43.64218,5.09315
201300016303,23,9,2013,16,1,13,103,2,1,1,6,MONTEE DU -RUE PUECH,0.0,0.0
201300016304,30,9,2013,11,1,13,103,1,1,1,6,"1833, RTE D' EYGUIERES-R",43.64964,5.09157
201300016305,7,10,2013,12,1,13,103,2,2,1,5,BOULEVARD DE LA REPUBLIQ,43.64052,5.09068
201300016306,20,10,2013,6,3,13,103,2,1,1,6,RTE DE PELISSANNE-RD 572,0.0,0.0
201300016307,4,11,2013,11,1,13,103,2,1,2,3,AVENUE FABRE -JULIEN,0.0,0.0
201300016308,25,11,2013,18,5,13,103,2,1,1,2,RUE JANICOT,0.0,0.0
201300016309,30,11,2013,23,5,13,103,2,2,1,3,AVENUE CHABAN DELMAS -JA,43.64043,5.05748
201300016310,30,11,2013,23,3,13,103,2,1,1,7,RTE DU VAL DE CUECH-RD 1,0.0,0.0
201300016311,5,12,2013,16,2,13,103,2,3,1,2,AVENUE DU 22 AOUT 1944,43.63441,5.07812
201300016312,8,12,2013,18,3,13,103,1,1,1,2,ROUTE DE JEAN MOULIN-RN,0.0,0.0
201300016313,30,12,2013,18,5,13,103,2,1,1,4,"20, AVENUE DE WERTHEIM",43.64739,5.09377
201300016314,4,1,2013,10,1,13,108,1,1,1,7,RD 570N ROUTE D ARLES ),0.0,0.0
201300016315,1,2,2013,10,1,13,108,2,1,1,6,ARISTIDE BRIAND (COURS),43.80326,4.65683
201300016316,19,2,2013,11,1,13,108,1,3,1,3,VALLABREGUES ( RD 81 ROU,0.0,0.0
201300016317,24,2,2013,1,3,30,32,1,1,1,1,SAINT GILLES ROUTE DE,43.79172,4.58269
201300016318,25,2,2013,13,1,30,32,1,1,1,5,SAINT GILLES ROUTE DE,43.79347,4.58868
201300016319,7,4,2013,3,5,30,32,2,1,1,1,D999,43.80601,4.64223
201300016320,12,4,2013,16,1,13,108,1,3,1,3,RD 570 ROUTE D'AVIGNON,0.0,0.0
201300016321,2,5,2013,13,1,13,108,1,1,1,7,RADOUBS (CHEMIN DES),43.80082,4.65594
201300016322,11,5,2013,22,3,30,32,1,1,1,7,BAGNADE IMPASSE DE LA,43.80449,4.62965
201300016323,17,5,2013,10,1,13,108,2,3,1,3,PROSPER MERIME (AVENUE),43.81383,4.66501
201300016324,27,5,2013,11,1,30,32,1,1,1,5,"1, D999",43.80599,4.64231
201300016325,4,6,2013,9,1,30,32,2,1,1,6,MARECHAL JOFFRE AVENUE,0.0,0.0
201300016326,7,6,2013,17,1,30,32,1,4,1,3,BEAUVOIR CHEMIN DE,43.783,4.61507
201300016327,12,6,2013,17,1,13,45,1,6,1,2,RD 970 ROUTE D ARLES ),0.0,0.0
201300016328,14,6,2013,8,1,30,32,1,2,1,3,CHARANCONE PONT DE,43.7953,4.62207
201300016329,14,6,2013,18,1,13,108,2,1,1,6,"3, 8 MAI 1945 (AVENUE)",43.80367,4.66386
201300016330,16,6,2013,3,5,30,32,2,6,1,7,JEAN MONNET AVENUE,43.78886,4.64399
201300016331,22,6,2013,10,1,13,108,2,1,1,2,"41, ITAM (BOULEVARD)",43.80665,4.65986
201300016332,1,7,2013,17,1,30,32,2,1,1,6,GENERAL DE GAULLE QUAI,43.80599,4.64229
201300016333,5,7,2013,16,1,30,32,1,1,1,7,SAINT JOSEPH CHEMIN DE,43.7953,4.63613
201300016334,13,7,2013,11,1,30,32,2,1,1,4,FARCIENNES AVENUE DE,0.0,0.0
201300016335,15,7,2013,5,3,13,108,1,1,1,7,VALLABREGUES ( RD 81 ROU,43.81975,4.65179
201300016336,16,7,2013,7,1,30,32,1,1,1,7,COMPS ROUTE DE,0.0,0.0
201300016337,24,7,2013,17,1,30,32,1,1,1,1,COMPS ROUTE DE,43.82921,4.6155
201300016338,25,7,2013,23,3,30,32,1,1,1,7,"3723, SAINT GILLES ROUTE",43.79518,4.59869
201300016339,30,7,2013,14,1,13,108,1,9,1,7,RD 570 ROUTE D ARLES ),43.75551,4.68294
201300016340,27,7,2013,15,1,13,108,1,1,1,7,RD 570 ROUTE D ARLES,0.0,0.0
201300016341,2,8,2013,9,1,13,108,1,1,1,7,RD 570 ROUTE D ARLES ),43.78496,4.7046
201300016342,2,8,2013,21,5,30,32,2,1,1,7,CHAMP DE FOIRE ALLEE DU,43.83782,4.34517
201300016343,7,8,2013,9,1,30,32,1,1,1,6,SAINT GILLES ROUTE DE,0.0,0.0
201300016344,14,8,2013,13,1,13,108,1,1,1,1,RD 570 ROUTE D ARLES ),0.0,0.0
201300016345,10,8,2013,12,1,13,108,2,2,1,3,"1, CH?TEAU (RUE)",43.8062,4.65741
201300016346,15,8,2013,15,1,13,108,2,1,1,7,"1, REVOLUTION (RUE)",43.80667,4.66127
201300016347,19,8,2013,12,1,13,108,1,1,1,7,"1201, RD 970 ROUTE D'AVI",43.81397,4.67203
201300016348,23,8,2013,12,1,13,108,1,1,1,3,RD 570 ROUTE D ARLES ),43.78496,4.7046
201300016349,24,8,2013,2,3,13,108,1,1,1,7,RD 570 ROUTE D ARLES ),43.73901,4.67202
201300016350,24,8,2013,12,1,30,32,1,2,1,3,PONT DE CHARANCONNE CHEM,43.79768,4.61925
201300016351,1,9,2013,7,1,13,108,1,1,1,7,CD 35 ROUTE DE BOULBON,43.82889,4.67194
201300016352,1,9,2013,19,2,13,108,1,1,1,7,RD 99 ROUTE DE SAINT REM,43.80049,4.67264
201300016353,3,9,2013,0,3,30,32,1,1,1,7,DEPARTEMENTALE 90,43.82339,4.61322
201300016354,4,9,2013,13,1,30,32,2,1,1,2,GENERAL DE GAULLE QUAI,43.806,4.64227
201300016355,6,9,2013,8,1,30,32,1,1,1,1,COMPS ROUTE DE,0.0,0.0
201300016356,22,9,2013,12,1,13,108,1,3,1,3,D33 ROUTE DE FONTVEILLE,0.0,0.0
201300016357,28,9,2013,14,1,13,45,1,6,1,2,RD 570 ROUTE D ARLES ),0.0,0.0
201300016358,27,9,2013,5,3,30,32,1,1,1,6,FOURQUES ROUTE DE,43.78243,4.62518
201300016359,23,10,2013,19,5,30,32,2,1,1,6,BIJOUTIERS RUE DES,43.80783,4.64554
201300016360,24,10,2013,19,3,13,108,1,1,1,6,D33 ROUTE DE FONTVEILLE,43.76745,4.6935
201300016361,28,10,2013,6,4,30,32,2,1,1,7,CLAUX DE GENESTETS AVENU,0.0,0.0
201300016362,31,10,2013,9,1,30,32,1,1,1,6,SAINT GILLES ROUTE DE,43.79858,4.60911
201300016363,2,11,2013,3,5,13,108,2,1,1,6,ITAM (BOULEVARD),43.80684,4.65652
201300016364,15,11,2013,23,3,13,108,1,1,1,7,CD 35 ROUTE DE BOULBON,43.845,4.67747
201300016365,18,11,2013,7,1,13,108,1,1,2,7,RD 570 N ROUTE D ARLES,0.0,0.0
201300016366,22,11,2013,13,1,13,108,1,9,1,3,"951, CD 35 ROUTE DE BOUL",43.81912,4.66654
201300016367,20,11,2013,12,1,13,108,2,1,1,2,SALENGRO ROGER (AVENUE),43.80703,4.65761
201300016368,27,11,2013,10,1,13,108,1,1,1,7,ARLES (PETITE ROUTE D AR,43.78745,4.67599
201300016369,29,11,2013,20,3,30,32,1,1,1,7,JEAN MONNET AVENUE,43.79259,4.6303
201300016370,9,12,2013,17,1,13,108,2,1,1,6,VICTOR HUGO (BOULEVARD),43.80202,4.66404
201300016371,20,12,2013,8,2,30,32,1,3,3,5,SAINT GILLES ROUTE DE,43.78537,4.57025
201300016372,17,12,2013,8,1,13,108,2,1,1,6,"2, JULES FERRY (BOULEVAR",43.80224,4.66328
201300016373,19,12,2013,8,1,13,108,1,1,1,7,"2540, CD 35 ROUTE DE BOU",43.82882,4.67194
201300016374,14,12,2013,15,1,30,32,1,1,1,7,BELLEGARDE ROUTE DE,43.78928,4.58037
201300016375,21,12,2013,20,5,30,32,2,1,1,7,JEAN MONNET AVENUE,0.0,0.0
201300016376,22,12,2013,5,3,13,108,1,1,2,7,RD 970 ROUTE D'AVIGNON,0.0,0.0
201300016377,2,1,2013,13,1,13,19,1,3,1,7,ROUTE D'APT,0.0,0.0
201300016378,10,1,2013,10,1,13,117,1,1,1,7,"XXXX, CD 9 ESTROUBLANS",0.0,0.0
201300016379,10,1,2013,12,1,13,117,1,1,1,2,CD 9 ESTROUBLANS,0.0,0.0
201300016380,13,1,2013,11,1,13,117,1,1,2,7,ROND-POINT HENRI LOUBET,43.44856,5.23036
201300016381,14,1,2013,5,5,13,19,1,1,1,1,D9,0.0,0.0
201300016382,14,1,2013,7,1,13,19,1,1,1,5,D60 A,0.0,0.0
201300016383,14,1,2013,16,1,13,19,1,1,1,6,RUE APPIENNE,0.0,0.0
201300016384,17,1,2013,18,3,13,71,1,1,1,3,D 543,0.0,0.0
201300016385,18,1,2013,8,1,13,117,1,1,8,5,CD 9 ESTROUBLANS,0.0,0.0
201300016386,19,1,2013,6,5,13,71,2,1,2,7,CHEMIN DEPARTEMENTAL 6 (,0.0,0.0
201300016387,23,1,2013,13,1,13,71,1,1,2,6,VAL DES FLEURS ( CHEMIN,0.0,0.0
201300016388,24,1,2013,9,1,13,117,1,1,1,2,CD 9 ESTROUBLANS,0.0,0.0
201300016389,24,1,2013,11,1,13,117,2,1,1,2,PTT SUD AVENUE JEAN MONN,0.0,0.0
201300016390,25,1,2013,7,5,13,71,1,1,1,6,"2250, VELAUX (CHEMIN)",43.41603,5.34992
201300016391,26,1,2013,18,5,13,71,2,9,1,3,"0, MITTERRAND (AVENUE FR",0.0,0.0
201300016392,28,1,2013,9,1,13,117,1,1,1,7,STADIUM (CD9),0.0,0.0
201300016393,31,1,2013,5,3,13,117,2,2,1,6,"xx, DROITS DE L'HOMME (A",43.4285,5.27084
201300016394,31,1,2013,17,1,13,117,2,4,1,3,ROUTE NATIONALE 113 - AG,0.0,0.0
201300016395,4,2,2013,11,1,13,71,2,3,1,3,"xxxx, ROUTE NATIONALE 11",43.4157,5.29596
201300016396,5,2,2013,8,1,13,19,1,1,1,3,RD 543,0.0,0.0
201300016397,5,2,2013,17,2,13,19,2,3,1,3,CD 543,43.42006,5.36692
201300016398,7,2,2013,17,2,13,71,1,1,3,2,"177, MITTERRAND (AVENUE",43.38587,5.34584
201300016399,14,2,2013,0,5,13,71,1,1,1,7,RIGONS ( CHEMIN DES ),0.0,0.0
201300016400,14,2,2013,19,5,13,117,1,1,1,6,TULIPES ( ALLEE DES ),0.0,0.0
201300016401,15,2,2013,7,1,13,19,1,6,1,3,CD 6,43.42055,5.36715
201300016402,16,2,2013,17,1,13,117,2,1,1,6,ARVE (AVENUE STEPHEN D'),0.0,0.0
201300016403,20,2,2013,22,5,13,117,2,1,1,7,DE LATTRE DE TASSIGNY (,0.0,0.0
201300016404,23,2,2013,18,1,13,71,2,1,1,6,PENNES AUX PINS ( CHEMIN,0.0,0.0
201300016405,1,3,2013,11,1,13,71,1,1,1,7,JAS DE RHODES (RUE DU),0.0,0.0
201300016406,4,3,2013,13,1,13,117,1,1,1,2,CHEMIN DEPARTEMENTAL 9 (,0.0,0.0
201300016407,6,3,2013,9,1,13,19,2,1,6,1,ROUTE D'APT,0.0,0.0
201300016408,6,3,2013,15,1,13,71,1,1,1,3,RD 543,0.0,0.0
201300016409,12,3,2013,9,1,13,117,2,1,1,3,TOULON GERARD ( RUE ),0.0,0.0
201300016410,20,3,2013,22,5,13,117,2,1,1,1,DAUDET ( AVENUE ALPHONSE,43.45505,5.24283
201300016411,21,3,2013,17,1,13,117,1,3,1,3,ROUCAS ( CORNICHE DU ),0.0,0.0
201300016412,22,3,2013,9,1,13,71,2,1,1,5,ROUTE NATIONALE 113 - M,0.0,0.0
201300016413,23,3,2013,17,1,13,19,1,1,1,3,D60 A,0.0,0.0
201300016414,24,3,2013,12,1,13,71,2,1,3,6,"00, CD 543",0.0,0.0
201300016415,25,3,2013,8,1,13,117,1,1,1,2,ZI ESTROUBLANS RN 113,0.0,0.0
201300016416,25,3,2013,16,1,13,117,2,8,1,6,ROUTE NATIONALE 113 - CA,0.0,0.0
201300016417,28,3,2013,12,1,13,71,2,1,3,7,ROUTE NATIONALE 113 - VI,0.0,0.0
201300016418,30,3,2013,13,1,13,117,2,1,1,1,RHIN DANUBE ( AVENUE ),0.0,0.0
201300016419,30,3,2013,16,1,13,117,2,1,1,6,DROITS DE L'HOMME (AVENU,0.0,0.0
201300016420,31,3,2013,15,1,13,117,1,1,1,2,CHEMIN DEPARTEMENTAL 9,0.0,0.0
201300016421,2,4,2013,14,1,13,117,1,1,1,7,STADIUM (CD9),0.0,0.0
201300016422,3,4,2013,17,1,13,19,1,1,1,6,CHEMIN DE LA GRANDE CAMP,0.0,0.0
201300016423,9,4,2013,16,1,13,117,1,6,1,2,BAOU (QUARTIER DU PONT D,0.0,0.0
201300016424,9,4,2013,18,1,13,117,2,1,1,2,CASILE ( BOULEVARD ALFRE,0.0,0.0
201300016425,10,4,2013,12,1,13,117,2,9,1,3,"00, ROUTE DEPARTEMENTALE",0.0,0.0
201300016426,12,4,2013,12,1,13,117,2,3,1,3,PAGNOL ( BOULEVARD MARCE,43.43364,5.28413
201300016427,12,4,2013,12,1,13,71,2,1,1,3,BRUTUS (AV DU CAPINTAINE,0.0,0.0
201300016428,15,4,2013,11,1,13,19,2,3,1,3,RD 543,43.42175,5.36763
201300016429,21,4,2013,11,1,13,71,1,1,1,6,CD 6,0.0,0.0
201300016430,22,4,2013,11,1,13,117,1,1,1,6,PINCHINADES ( CHEMIN DES,0.0,0.0
201300016431,23,4,2013,17,1,13,71,1,1,1,4,ROUTE NATIONALE 368 (VIL,0.0,0.0
201300016432,27,4,2013,17,1,13,117,2,1,2,7,"00, CHEMIN DEPARTEMENTAL",0.0,0.0
201300016433,28,4,2013,5,3,13,117,2,6,1,2,"xxxx, ROUTE NATIONALE 11",0.0,0.0
201300016434,28,4,2013,16,1,13,117,1,1,2,4,ROUTE NATIONALE 113 - AG,0.0,0.0
201300016435,28,4,2013,18,1,13,19,2,1,3,6,AVENUE ETIENNE RABATTU,0.0,0.0
201300016436,30,4,2013,11,1,13,71,2,1,1,6,VAL SEC ( CHEMIN DE ),0.0,0.0
201300016437,3,6,2013,23,3,13,117,1,1,1,2,CHEMIN DEPARTEMENTAL 20,0.0,0.0
201300016438,4,6,2013,18,1,13,117,2,1,1,2,DROITS DE L'HOMME (AVENU,0.0,0.0
201300016439,5,6,2013,7,1,13,117,1,1,1,7,EUROCOPTER CD 20,0.0,0.0
201300016440,7,6,2013,15,1,13,117,1,1,1,4,LA BASTIDE BLANCHE CD 9,0.0,0.0
201300016441,11,6,2013,14,1,13,117,2,1,1,6,DROITS DE L'HOMME (AVENU,0.0,0.0
201300016442,13,6,2013,14,1,13,117,2,1,1,4,ROUTE NATIONALE 113 - CA,0.0,0.0
201300016443,14,6,2013,9,1,13,117,2,6,1,3,Rond Point de L'Abb? Pie,43.42188,5.26957
201300016444,15,6,2013,13,1,13,117,2,1,1,2,RABIN ( AVENUE YITZHAK ),0.0,0.0
201300016445,17,6,2013,12,1,13,117,2,6,1,3,MOULIN ( AVENUE JEAN),43.45427,5.24318
201300016446,20,6,2013,13,1,13,117,2,1,1,1,VALERY ( RUE PAUL ),0.0,0.0
201300016447,20,6,2013,15,1,13,71,1,1,1,3,"3430, ROUTE NATIONALE 36",43.40313,5.27668
201300016448,26,6,2013,13,1,13,71,1,1,1,3,TOTAL (RN 113 - LE TUNNE,0.0,0.0
201300016449,27,6,2013,15,1,13,19,2,1,1,3,CHEMIN DE LA GRANDE CAMP,0.0,0.0
201300016450,30,6,2013,3,3,13,117,2,1,1,6,CHEMIN DEPARTEMENTAL 9 (,0.0,0.0
201300016451,1,7,2013,18,1,13,19,1,3,1,1,CD6,43.42291,5.37179
201300016452,2,7,2013,17,1,13,117,1,1,1,5,", CHEMIN DEPARTEMENTAL",0.0,0.0
201300016453,3,7,2013,0,5,13,71,1,1,1,6,"120, VIEILLE ROUTE DE LA",43.39877,5.34003
201300016454,3,7,2013,21,1,13,117,2,9,1,2,GRIFFON ( ECHANGEUR DU ),43.42931,5.26916
201300016455,5,7,2013,12,1,13,117,1,1,1,7,STADIUM (CD9),0.0,0.0
201300016456,7,7,2013,5,2,13,117,2,1,1,6,MONNET (AVENUE JEAN),0.0,0.0
201300016457,9,7,2013,11,1,13,71,1,3,1,3,RD 113 - AGAVON,43.4154,5.29676
201300016458,10,7,2013,19,1,13,71,1,1,1,2,ROUTE NATIONALE 113 - RE,0.0,0.0
201300016459,10,7,2013,22,5,13,71,1,1,1,7,GEANT CASINO (MAGASIN),0.0,0.0
201300016460,11,7,2013,22,4,13,71,1,1,1,6,"0000, QUICK (CD6)",0.0,0.0
201300016461,13,7,2013,14,1,13,71,2,3,1,3,BILLONE ( ALLEE DE LA),43.41654,5.29493
201300016462,15,7,2013,19,1,13,117,2,1,1,3,DROITS DE L'HOMME (AVENU,0.0,0.0
201300016463,17,7,2013,17,1,13,117,1,1,1,3,ROUTE NATIONALE 113 - AG,0.0,0.0
201300016464,17,7,2013,17,1,13,117,2,1,1,3,ROUTE NATIONALE 113 - AG,0.0,0.0
201300016465,20,7,2013,9,1,13,71,2,1,1,2,CD 6,0.0,0.0
201300016466,22,7,2013,23,5,13,117,2,9,1,3,"1, ESTROUBLANS 6 (BATIME",0.0,0.0
201300016467,23,7,2013,12,1,13,19,1,3,1,3,D60 A,0.0,0.0
201300016468,23,7,2013,13,1,13,117,2,1,1,3,SEDS ( ROUTE DE LA ),0.0,0.0
201300016469,24,7,2013,0,5,13,117,2,1,1,6,"19, CONSTANT ( AVENUE JE",43.4395,5.25597