Num_Acc,jour,mois,an,hr,condition_eclairage,departement,commune,condition_agglomeration,intersection,condition_atmosphere,type_collision,adresse,lattitude,longitude
201300016470,24,7,2013,18,1,13,117,2,1,1,2,MARSEILLE ( AVENUE DE ),0.0,0.0
201300016471,26,7,2013,14,1,13,117,1,1,1,2,BAOU (QUARTIER DU PONT D,0.0,0.0
201300016472,27,7,2013,16,1,13,71,1,1,1,5,CD 543,0.0,0.0
201300016473,29,7,2013,7,2,13,117,1,1,3,6,STADIUM (CD9),0.0,0.0
201300016474,29,7,2013,8,2,13,71,1,1,3,6,ROUTE NATIONALE 113 - MO,0.0,0.0
201300016475,30,7,2013,19,1,13,117,2,3,1,2,GLACIERE ( RUE DE LA ),0.0,0.0
201300016476,30,7,2013,16,1,13,19,1,1,1,4,D9,0.0,0.0
201300016477,29,7,2013,16,1,13,117,2,3,1,2,ROUTE NATIONALE 113-L'AN,43.44219,5.24455
201300016478,2,8,2013,11,1,13,117,2,1,1,2,"xxxx, GELU  ( AVENUE VIC",0.0,0.0
201300016479,3,8,2013,14,1,13,117,2,1,1,2,CASSIN (RUE RENE),0.0,0.0
201300016480,7,8,2013,4,3,13,19,1,1,1,6,"1, ROUTE DES QUINSOUN",43.46626,5.36375
201300016481,7,8,2013,19,1,13,71,2,1,8,6,ROUTE NATIONALE 368 (PLA,0.0,0.0
201300016482,8,8,2013,6,2,13,19,1,1,2,7,D9,0.0,0.0
201300016483,9,8,2013,3,3,13,117,2,1,1,7,CHEMIN DEPARTEMENTAL 9 (,0.0,0.0
201300016484,10,8,2013,19,1,13,19,2,1,1,6,CD6,0.0,0.0
201300016485,12,8,2013,18,1,13,117,1,1,1,2,", CHEMIN DEPARTEMENT",0.0,0.0
201300016486,15,8,2013,15,1,13,71,2,1,1,6,"820, VAL DES FLEURS ( CH",43.40601,5.30959
201300016487,23,8,2013,17,1,13,71,2,1,1,2,"1321, ROUTE NATIONALE 11",0.0,0.0
201300016488,1,9,2013,8,1,13,117,2,1,1,6,RABIN ( AVENUE YITZHAK ),0.0,0.0
201300016489,1,9,2013,16,1,13,117,2,4,1,6,PELLETAN ( AVENUE CAMILL,43.45797,5.24946
201300016490,4,9,2013,8,2,13,117,2,1,1,6,RHIN DANUBE ( AVENUE ),0.0,0.0
201300016491,4,9,2013,16,1,13,117,2,1,1,1,"42, ROME  (AVENUE DE)",43.43868,5.24518
201300016492,4,9,2013,18,1,13,19,1,1,1,3,D9,0.0,0.0
201300016493,5,9,2013,7,1,13,71,2,3,1,3,ROUTE NATIONALE 368 (PLA,0.0,0.0
201300016494,5,9,2013,12,1,13,117,1,1,1,7,ASSEDIC (DENIS PADOVANI),0.0,0.0
201300016495,5,9,2013,16,1,13,117,1,1,1,2,CHEMIN DEPARTEMENTAL CD,0.0,0.0
201300016496,6,9,2013,17,1,13,117,1,1,1,2,EUROCOPTER CD 20,0.0,0.0
201300016497,6,9,2013,18,1,13,117,2,9,1,3,ROUCAS ( CORNICHE DU ),0.0,0.0
201300016498,10,9,2013,18,1,13,71,1,1,1,4,ROUTE NATIONALE 368 (PLA,0.0,0.0
201300016499,13,9,2013,14,1,13,117,2,1,1,6,CARREFOUR (CENTRE COMMER,0.0,0.0
201300016500,13,9,2013,15,1,13,117,2,1,1,6,IKEA (MAGASIN),0.0,0.0
201300016501,19,9,2013,12,1,13,117,1,2,1,3,D55F,43.46846,5.23339
201300016502,20,9,2013,17,1,13,71,2,1,1,2,ROUTE NATIONALE 113 - MO,0.0,0.0
201300016503,22,9,2013,15,1,13,71,2,2,1,6,ANNE MARIE (BOULEVARD),43.38122,5.34984
201300016504,23,9,2013,6,2,13,117,1,1,1,6,ROUTE NATIONALE 113-L'AN,0.0,0.0
201300016505,23,9,2013,9,1,13,71,2,1,1,2,CD 6,0.0,0.0
201300016506,26,9,2013,16,1,13,117,2,1,1,3,TOULON GERARD ( RUE ),0.0,0.0
201300016507,26,9,2013,18,1,13,71,2,1,1,1,CANAIE (LOTISSEMENT LA),0.0,0.0
201300016508,26,9,2013,19,1,13,19,2,1,1,2,ROUTE D'APT,0.0,0.0
201300016509,27,9,2013,11,1,13,71,1,1,1,3,ROUTE NATIONALE 113 - MO,0.0,0.0
201300016510,29,9,2013,14,1,13,71,1,1,1,7,RIGONS ( CHEMIN DES ),0.0,0.0
201300016511,1,10,2013,18,1,13,117,2,1,1,2,LONDRES (AVENUE DE),0.0,0.0
201300016512,3,10,2013,12,1,13,71,2,1,1,3,RD 543,0.0,0.0
201300016513,3,10,2013,15,1,13,117,2,1,1,6,BLANCARD ( RUE PIERRE),0.0,0.0
201300016514,5,10,2013,13,1,13,117,1,1,1,7,CHEMIN DEPARTEMENTAL 9 (,0.0,0.0
201300016515,6,10,2013,17,1,13,117,2,9,1,2,AMSTERDAM (RUE D'),0.0,0.0
201300016516,8,10,2013,12,1,13,117,2,1,1,4,PADOVANI ( AVE ),0.0,0.0
201300016517,10,10,2013,13,1,13,117,1,1,1,6,STADIUM (CD9),0.0,0.0
201300016518,14,10,2013,8,1,13,19,1,1,1,7,ROUTE D'APT,0.0,0.0
201300016519,14,10,2013,16,1,13,117,2,1,1,6,GELU  ( AVENUE VICTOR ),0.0,0.0
201300016520,16,10,2013,16,1,13,71,1,3,1,3,ROUTE NATIONALE 113 - RE,43.41546,5.29658
201300016521,17,10,2013,13,1,13,117,2,2,1,3,RUE DE FONTBLANCHE,43.4233,5.28372
201300016522,19,10,2013,15,1,13,19,2,1,1,4,CD6,0.0,0.0
201300016523,23,10,2013,5,5,13,117,1,1,2,6,CHEMIN DEPARTEMENTAL 9 (,0.0,0.0
201300016524,23,10,2013,8,1,13,117,1,1,1,6,CHEMIN DEPARTEMENTAL 9 (,0.0,0.0
201300016525,25,10,2013,9,1,13,117,1,3,1,3,CHEMIN DEPARTEMENTAL CD,43.45401,5.23184
201300016526,27,10,2013,18,5,13,117,2,6,1,7,DE GAULLE (ROND POINT CH,43.42317,5.2585
201300016527,28,10,2013,23,5,13,117,2,1,1,6,"12, ROUTE NATIONALE 113",0.0,0.0
201300016528,27,10,2013,21,5,13,71,2,1,1,6,"1, RIGONS ( CHEMIN DES )",43.41331,5.35843
201300016529,29,10,2013,21,5,13,71,2,3,1,3,ROUTE NATIONALE 113 - RE,43.41544,5.29664
201300016530,31,10,2013,11,1,13,117,1,4,1,3,LA BASTIDE BLANCHE RN 11,0.0,0.0
201300016531,31,10,2013,21,3,13,117,2,3,1,3,CHEMIN DEPARTEMENTAL 20,43.45775,5.23301
201300016532,31,10,2013,12,1,13,117,2,1,1,7,", BELVEDERE (ALLEE DU)",43.45191,5.23195
201300016533,31,10,2013,11,1,13,117,1,1,2,6,STADIUM (CD9),0.0,0.0
201300016534,2,11,2013,10,1,13,19,2,1,1,3,AVENUE MARECHAL LECLERC,43.4652,5.35254
201300016535,3,11,2013,14,1,13,117,2,2,1,3,GRAZIELLA (PASSAGE),0.0,0.0
201300016536,4,11,2013,12,1,13,71,2,1,2,7,LANTERNE ( RUE DE LA ),0.0,0.0
201300016537,4,11,2013,18,3,13,117,1,1,1,6,CHEMIN DEPARTEMENTAL 9 (,0.0,0.0
201300016538,5,11,2013,18,3,13,117,1,1,1,3,ROUTE NATIONALE 113 - LA,0.0,0.0
201300016539,7,11,2013,8,1,13,117,2,3,1,1,"xx, PADOVANI ( AVE )",43.43788,5.25627
201300016540,7,11,2013,16,1,13,117,2,6,1,3,INDOCHINE( ROND POINT),43.4441,5.24577
201300016541,8,11,2013,15,1,13,117,2,1,1,3,ROUTE NATIONALE 113 - CA,0.0,0.0
201300016542,9,11,2013,13,1,13,19,1,1,1,6,CD6,0.0,0.0
201300016543,12,11,2013,9,1,13,117,2,1,1,2,"18, ROME  (AVENUE DE)",43.43316,5.25391
201300016544,18,11,2013,14,1,13,117,1,1,2,6,ROUTE NATIONALE 113-L'AN,0.0,0.0
201300016545,18,11,2013,17,3,13,117,2,1,1,6,"79, EUROPE ( AVENUE DE L",43.42141,5.26575
201300016546,19,11,2013,10,1,13,117,1,1,1,2,CHEMIN DEPARTEMENTAL 9 (,0.0,0.0
201300016547,20,11,2013,22,5,13,71,1,1,2,7,CD 543,0.0,0.0
201300016548,21,11,2013,10,1,13,71,1,1,8,3,ROUTE NATIONALE 113 - MO,0.0,0.0
201300016549,23,11,2013,5,2,13,117,2,1,1,6,CUGNOT ( AVENUE JOSEPH ),0.0,0.0
201300016550,28,11,2013,6,5,13,19,1,6,1,3,ECHANGEUR DE PLAN DE CAM,0.0,0.0
201300016551,28,11,2013,9,1,13,71,1,6,1,3,D 543,0.0,0.0
201300016552,28,11,2013,11,1,13,19,1,1,1,7,D9,0.0,0.0
201300016553,28,11,2013,12,1,13,19,1,1,1,6,ROUTE D'APT,0.0,0.0
201300016554,29,11,2013,11,1,13,19,2,1,1,6,D60,0.0,0.0
201300016555,30,11,2013,19,3,13,117,2,1,8,3,GLACIERE ( RUE DE LA ),0.0,0.0
201300016556,4,12,2013,8,1,13,117,2,3,1,3,RUE DE FONTBLANCHE,43.42368,5.28422
201300016557,5,12,2013,11,1,13,117,2,2,1,3,GLACIERE ( RUE DE LA ),43.42323,5.24109
201300016558,5,12,2013,12,1,13,117,2,1,1,4,MARSEILLE ( AVENUE DE ),0.0,0.0
201300016559,6,12,2013,10,1,13,117,2,1,1,3,"00, SALYENS ( AVENUE DES",0.0,0.0
201300016560,6,12,2013,17,3,13,117,1,1,1,4,"1, MONTE CRISTO (ROND PO",43.47087,5.23115
201300016561,10,12,2013,18,3,13,71,1,1,1,3,ROUTE NATIONALE 113 - RE,0.0,0.0
201300016562,11,12,2013,18,3,13,19,1,1,1,3,CHEMIN DEPARTEMENTAL 9 (,0.0,0.0
201300016563,12,12,2013,17,3,13,71,1,1,1,3,PENNES AUX PINS ( CHEMIN,0.0,0.0
201300016564,14,12,2013,15,1,13,19,2,1,1,3,ROUTE D'APT,0.0,0.0
201300016565,16,12,2013,18,3,13,117,1,1,1,3,ROUTE NATIONALE 113 - LA,0.0,0.0
201300016566,17,12,2013,17,2,13,117,2,1,1,3,"11, EUROPE ( AVENUE DE L",43.44083,5.24353
201300016567,18,12,2013,8,1,13,71,1,1,1,3,ROUTE NATIONALE 113 - MO,0.0,0.0
201300016568,19,12,2013,15,1,13,117,1,1,3,6,AEROPORT(ZONE DE L'),0.0,0.0
201300016569,19,12,2013,16,3,13,117,2,1,3,4,CHEMIN DEPARTEMENTAL 9 (,0.0,0.0
201300016570,20,12,2013,16,1,13,117,2,1,2,2,FONT SEGUGNE ( AVENUE DE,0.0,0.0
201300016571,20,12,2013,19,3,13,19,1,1,2,1,ROUTE D'APT,0.0,0.0
201300016572,21,12,2013,20,3,13,117,2,1,1,7,PADOVANI ( AVE ),0.0,0.0
201300016573,22,12,2013,14,1,13,19,1,1,1,1,D8,0.0,0.0
201300016574,23,12,2013,8,1,13,117,2,1,1,1,CUGNOT ( AVENUE JOSEPH ),0.0,0.0
201300016575,23,12,2013,15,1,13,117,1,1,1,7,ALLEMAGNE (VOIE D'),0.0,0.0
201300016576,23,12,2013,3,5,13,117,1,1,2,6,STADIUM (CD9),0.0,0.0
201300016577,24,12,2013,13,1,13,71,2,1,1,3,ROUTE NATIONALE 113 - VI,0.0,0.0
201300016578,20,12,2013,11,1,13,117,2,1,3,6,CHEMIN DEPARTEMENTAL 9 (,0.0,0.0
201300016579,30,12,2013,14,1,13,117,2,1,1,2,MONNET (AVENUE JEAN),0.0,0.0
201300016580,30,12,2013,23,3,13,117,1,1,1,6,ROUTE NATIONALE 113 - LA,0.0,0.0
201300016581,19,1,2013,23,3,68,296,1,1,4,6,,48.21678,7.40147
201300016582,20,2,2013,22,3,68,234,1,1,1,7,,47.95312,7.36608
201300016583,31,3,2013,8,1,68,234,1,1,8,6,,47.95221,7.3661
201300016584,20,4,2013,12,1,68,113,1,1,1,2,,48.18623,7.39003
201300016585,2,5,2013,20,2,68,82,1,1,1,7,,47.83798,7.39427
201300016586,15,5,2013,18,1,68,146,1,6,1,3,,48.12066,7.36745
201300016587,17,7,2013,5,2,68,22,1,1,1,5,,47.82305,7.39369
201300016588,18,7,2013,13,1,68,205,1,1,1,2,,47.92633,7.35983
201300016589,26,7,2013,3,3,68,82,1,1,1,2,,47.867,7.395
201300016590,1,8,2013,19,1,68,296,1,1,1,4,,48.228,7.4036
201300016591,2,9,2013,8,1,68,82,1,1,1,6,,47.885,7.384
201300016592,6,9,2013,10,1,68,146,1,1,1,3,,48.144,7.366
201300016593,21,10,2013,18,2,68,146,1,1,1,6,,47.14107,7.36606
201300016594,24,10,2013,10,1,68,66,1,1,1,2,,48.06405,7.38268
201300016595,26,10,2013,21,3,68,37,1,1,1,2,,47.96639,7.37027
201300016596,10,11,2013,3,3,68,228,1,1,2,6,,47.934,7.362
201300016597,22,11,2013,21,3,68,82,1,1,5,2,,47.865,7.395
201300016598,27,1,2013,3,3,78,620,1,1,2,1,,48.755,2.119
201300016599,11,10,2013,7,5,78,356,2,1,2,6,Avenue de l'europe,48.756,2.068
201300016600,13,10,2013,14,1,78,561,1,1,1,2,,48.741,2.016
201300016601,21,8,2013,18,1,41,157,1,2,1,3,,47.4547,1.57548
201300016602,4,2,2013,7,3,24,454,1,1,2,2,,44.98943,0.10688
201300016603,10,3,2013,16,1,72,47,1,1,4,7,,0.0,0.0
201300016604,8,5,2013,14,1,72,320,1,1,1,6,,0.0,0.0
201300016605,25,6,2013,7,1,72,320,1,1,1,2,,0.0,0.0
201300016606,16,8,2013,14,1,72,221,1,1,1,3,,0.0,0.0
201300016607,23,8,2013,15,1,72,54,1,1,1,3,,0.0,0.0
201300016608,30,9,2013,18,1,72,231,1,1,1,7,,0.0,0.0
201300016609,18,10,2013,8,2,72,300,1,1,5,7,,0.0,0.0
201300016610,31,10,2013,12,1,72,124,1,1,1,2,,0.0,0.0
201300016611,21,2,2013,8,1,72,198,2,1,1,1,Rue des jonquilles,48.07,0.135
201300016612,29,4,2013,10,1,72,89,1,1,1,5,,48.132,-0.022
201300016613,13,6,2013,16,1,72,211,1,1,1,7,,0.0,0.0
201300016614,19,6,2013,19,1,72,181,2,1,1,7,Rue Einstein,0.0,0.0
201300016615,28,12,2013,14,1,72,256,1,1,1,1,,0.0,0.0
201300016616,7,1,2013,19,3,95,151,1,1,1,6,RD 44,49.0596,2.2691
201300016617,2,4,2013,14,1,95,256,2,2,1,3,AV CHARLES DE GAULLE,49.0071,2.2812
201300016618,17,7,2013,7,1,95,394,2,1,1,3,AV DE LA LIBERATION,49.0535,2.1948
201300016619,18,7,2013,14,1,95,392,2,1,1,6,AV VICTOR HUGO,49.0745,2.2006
201300016620,7,9,2013,12,1,95,394,2,1,1,3,RTE DE PONTOISE,49.0593,2.1656
201300016621,7,9,2013,19,1,95,394,1,1,1,7,CHE DE PONTOISE,49.0491,2.1919
201300016622,15,10,2013,7,2,95,394,2,1,8,6,AV MARCEL PERRIN,49.0629,2.1871
201300016623,30,10,2013,17,1,95,392,1,1,1,5,R GEORGES DUHAMEL,49.0855,2.2068
201300016624,20,11,2013,14,1,95,394,2,1,3,6,RTE DE PONTOISE,49.0595,2.1664
201300016625,22,7,2013,14,1,72,380,1,1,1,6,,0.0,0.0
201300016626,6,5,2013,9,1,49,308,1,1,1,2,"Echangeur 22, bretelle D",47.39994,-0.51286
201300016627,27,6,2013,12,1,49,22,1,1,1,2,,47.31967,-0.60584
201300016628,11,7,2013,17,1,49,22,1,1,1,2,A87,47.32094,-0.60539
201300016629,10,8,2013,16,1,49,99,1,1,1,6,,47.01552,-0.87905
201300016630,30,3,2013,4,3,24,212,1,1,2,6,ANCIENNE GARE,44.7246,0.59457
201300016631,18,10,2013,7,3,24,274,1,1,1,6,LE PEYRAT,44.7997,0.45647
201300016632,13,4,2013,6,2,68,321,1,1,2,6,,47.83515,7.25304
201300016633,21,5,2013,19,1,68,375,1,1,2,6,,47.77276,7.22606
201300016634,26,6,2013,3,3,68,375,1,1,1,6,,47.81,7.27182
201300016635,30,6,2013,6,2,68,375,1,1,1,6,,47.83085,7.2787
201300016636,2,7,2013,12,1,68,375,2,1,1,3,RD19,47.81479,7.24126
201300016637,30,9,2013,8,1,68,375,2,1,1,6,14 rue de Mulhouse,47.811,7.241
201300016638,27,9,2013,12,1,68,321,2,1,1,3,14 rue des fées,47.828,7.27
201300016639,28,10,2013,17,5,68,375,2,7,1,6,place de burstadt,47.813,7.239
201300016640,16,12,2013,9,1,68,321,2,1,1,3,Rue de Berrwiller,47.833,7.247
201300016641,19,12,2013,19,5,68,321,2,1,2,6,RUE DE LA REPUBLIQUE,47.829,7.251
201300016642,16,4,2013,1,3,19,9,1,1,1,6,,45.321,1.791
201300016643,13,7,2013,16,1,19,287,1,1,1,7,,45.373,1.979
201300016644,18,10,2013,17,1,19,236,1,1,1,7,,0.0,0.0
201300016645,6,3,2013,16,1,67,512,2,3,1,3,rue du sandbuhl,48.854,7.609
201300016646,8,4,2013,16,1,67,512,2,1,1,1,50 rue principale,0.0,0.0
201300016647,9,4,2013,6,2,67,388,2,1,1,1,,0.0,0.0
201300016648,8,5,2013,19,1,67,388,2,1,1,6,rue d'Alsace,0.0,0.0
201300016649,19,6,2013,8,1,67,358,1,1,1,1,,48.916,7.55
201300016650,14,12,2013,23,3,67,176,1,1,5,1,,48.9,7.657
201300016651,23,12,2013,19,3,67,174,1,1,8,6,,0.0,0.0
201300016652,4,1,2013,17,2,14,118,2,1,1,6,"2, DETOLLE (BOULEVARD AN",0.0,0.0
201300016653,8,1,2013,8,4,14,118,2,1,1,6,"51, FALAISE (RUE DE)",49.1731,-0.35433
201300016654,13,1,2013,5,3,14,137,1,1,1,7,"0, ROUTE NATIONALE 13",0.0,0.0
201300016655,21,1,2013,17,2,14,118,2,1,2,6,"27, LEROY (BOULEVARD)",49.1714,-0.35001
201300016656,22,1,2013,8,2,14,118,2,1,8,6,"0, POMPIDOU (BOULEVARD G",49.1817,-0.40121
201300016657,24,1,2013,15,1,14,118,2,1,1,1,"2, BERTRAND (BOULEVARD)",49.1788,-0.36492
201300016658,24,1,2013,21,4,14,118,2,1,1,6,"1, BECQUEREL (BOULEVARD",49.2112,-0.36264
201300016659,31,1,2013,19,5,14,242,2,1,1,2,RD 7 (DE CAEN A DOUVRES,49.2146,-0.36521
201300016660,6,2,2013,14,1,14,437,2,1,1,3,"0, RD 613",49.1633,-0.30311
201300016661,6,2,2013,23,5,14,118,2,1,1,2,"49, HARCOURT (AVENUE D')",0.0,0.0
201300016662,5,2,2013,9,1,14,118,2,1,1,3,"22, COPERNIC (AVENUE NIC",0.0,0.0
201300016663,5,2,2013,18,2,14,327,2,1,1,6,"306, HAUTE FOLIE (BOULEV",0.0,0.0
201300016664,11,2,2013,22,3,14,341,1,1,1,2,ECHANGEUR N  12 ( IFS ),49.1447,-0.36215
201300016665,12,2,2013,10,1,14,118,2,1,1,6,"12, PEMAGNIE(RUE)",49.1836,-0.36919
201300016666,11,2,2013,12,1,14,118,2,3,1,6,"0, GEOLE (RUE DE)",49.1842,-0.36154
201300016667,16,2,2013,1,5,14,327,2,2,1,3,"0, CD N  60",0.0,0.0
201300016668,16,2,2013,6,5,14,437,1,1,1,6,ECHANGEUR N  01 ( PORTE,49.1686,-0.30232
201300016669,15,2,2013,17,1,14,181,2,1,1,2,"0, ECHANGEUR N  15 ( VAL",0.0,0.0
201300016670,18,2,2013,15,1,14,167,2,2,1,3,"1, STOCKHOLM (RUE DE)",49.2066,-0.29873
201300016671,19,2,2013,18,1,14,118,2,2,1,6,"0, ORESME (RUE NICOLAS D",49.1833,-0.39973
201300016672,20,2,2013,11,1,14,118,2,1,1,3,"0, BERTRAND (BOULEVARD)",49.1802,-0.36771
201300016673,22,2,2013,18,1,14,341,2,1,1,3,"4, LAVIGERIE (RUE CARDIN",49.1605,-0.36191
201300016674,23,2,2013,2,5,14,118,2,1,1,6,"0, ECHANGEUR N  6 ( VALL",49.2,-0.37093
201300016675,27,2,2013,11,1,14,118,2,1,1,3,"1, BLOT (PLACE)",0.0,0.0
201300016676,1,3,2013,0,5,14,118,2,1,1,6,"0, WEYGAND (BOULEVARD DU",49.2051,-0.37008
201300016677,5,3,2013,8,1,14,118,2,2,1,6,"0, SAINT JULIEN (RUE DES",49.1852,-0.36833
201300016678,16,3,2013,4,5,14,118,2,1,1,6,"65, BAYEUX (RUE DE  <= 1",49.1831,-0.37951
201300016679,21,3,2013,8,1,14,118,2,1,1,6,"1, COTE DE NACRE(AVENUE)",0.0,0.0
201300016680,21,3,2013,23,5,14,181,2,1,1,6,POINCARE (BOULEVARD RAYM,49.1656,-0.34259
201300016681,26,3,2013,17,1,14,118,2,1,1,2,"6, BRETAGNE (ROUTE DE )",49.1692,-0.40505
201300016682,29,3,2013,13,1,14,437,2,1,1,5,ECHANGEUR N  02 ( MONTAL,49.1801,-0.32346
201300016683,13,4,2013,16,1,14,437,2,3,2,3,COPERNIC (AVENUE DE),49.1642,-0.32841
201300016684,16,4,2013,23,5,14,118,2,1,1,6,"116, LYAUTEY (BOULEVARD",49.168,-0.36236
201300016685,27,4,2013,16,1,14,118,2,1,1,2,"0, MONTALIVET (COURS)",49.1795,-0.34171
201300016686,29,4,2013,19,1,14,118,2,3,1,3,"0, EGLISE (RUE DE L')",49.1877,-0.40588
201300016687,29,4,2013,21,5,14,118,1,1,1,3,"0, RN 814",49.1958,-0.39851
201300016688,1,5,2013,22,5,14,118,2,1,1,6,"91, CHERON (AVENUE HENRI",49.1716,-0.39836
201300016689,4,5,2013,0,5,14,118,2,1,1,6,"56, BAYEUX (RUE DE",49.1829,-0.37788
201300016690,9,5,2013,17,1,14,437,2,3,1,6,"38, PASTEUR (RUE)",49.1778,-0.32788
201300016691,10,5,2013,18,1,14,118,2,1,1,6,"0, FOCH (PLACE MARECHAL)",49.178,-0.36049
201300016692,15,5,2013,2,3,14,167,2,7,1,6,ESP ANTON PHILLIPS,49.1872,-0.31055
201300016693,4,6,2013,20,1,14,118,2,3,1,2,"44, VENDEUVRE (QUAI)",49.182,-0.35355
201300016694,4,6,2013,17,1,14,437,2,1,1,5,"0, ETOILE (ZAC DE L )",49.1653,-0.29635
201300016695,10,6,2013,10,1,14,118,2,1,1,3,"41, TASSIGNY (AVENUE DE",0.0,0.0
201300016696,13,6,2013,2,5,14,118,2,1,1,6,"143, AUGE (RUE D')",49.1749,-0.34448
201300016697,16,6,2013,0,5,14,167,2,1,1,6,LIBERTE (AVENUE DE LA),49.2026,-0.29664
201300016698,18,6,2013,9,1,14,118,2,1,1,6,JUIN (BOULEVARD MARECHAL,49.2031,-0.39079
201300016699,21,6,2013,15,1,14,118,2,1,1,6,103 AVENUE DE TOURVILLE,49.185,-0.34503
201300016700,22,6,2013,2,5,14,437,2,1,1,6,MONTALIVET (COURS),49.1794,-0.33389
201300016701,26,6,2013,10,1,14,271,1,6,1,1,"0, HARCOURT (ROUTE D')",49.1392,-0.37628
201300016702,28,6,2013,23,5,14,118,2,2,1,3,RUE D'AUTHIE,49.1863,-0.3913
201300016703,29,6,2013,4,5,14,437,2,1,9,6,MONTALIVET (COURS),49.1795,-0.3323
201300016704,12,6,2013,19,1,14,118,2,3,1,3,"139, FALAISE (RUE DE",49.1684,-0.35212
201300016705,27,6,2013,13,1,14,118,2,1,1,6,"0, COURSEULLES (AVENUE D",49.205,-0.37578
201300016706,1,7,2013,18,1,14,101,2,1,1,2,"20, BRETAGNE (ROUTE DE )",0.0,0.0
201300016707,6,7,2013,20,1,14,341,1,1,1,2,"0, FALAISE (ROUTE DE)",0.0,0.0
201300016708,9,7,2013,15,1,14,181,2,1,1,2,"1, ECHANGEUR N? 15 ( VAL",0.0,0.0
201300016709,15,7,2013,15,1,14,118,2,3,1,3,DELIVRANDE (RUE DE LA),0.0,0.0
201300016710,13,7,2013,23,5,14,118,1,1,1,3,"1, DOUVRES (ROUTE DE. CD",0.0,0.0
201300016711,13,7,2013,8,2,14,327,2,1,1,7,HALAGE (CHEMIN DU),0.0,0.0
201300016712,24,7,2013,20,1,14,341,1,1,1,7,"0, ECHANGEUR N? 13 ( POR",0.0,0.0
201300016713,25,7,2013,11,1,14,118,2,1,1,3,"104, FALAISE (RUE DE >=9",0.0,0.0
201300016714,31,7,2013,17,1,14,118,2,1,1,6,"0, GUILLOU (BOULEVARD YV",0.0,0.0
201300016715,20,6,2013,18,1,14,341,2,1,1,3,40 RUE DES SABLONNETTES,49.1543,-0.3533
201300016716,6,8,2013,16,1,14,118,2,1,1,6,"157, BASSE (RUE >= 93 IM",0.0,0.0
201300016717,30,6,2013,0,5,14,118,2,2,1,3,QUAI VENDEUVRE,49.1837,-0.35701
201300016718,10,8,2013,11,1,14,437,2,1,1,6,"122, ZOLA (RUE EMILE)",0.0,0.0
201300016719,11,8,2013,11,1,14,118,2,1,1,3,"1, MOUNTBATTEN (AVENUE D",0.0,0.0
201300016720,14,8,2013,23,3,14,383,1,1,1,6,"1, R.D. 405",0.0,0.0
201300016721,20,8,2013,4,5,14,118,1,1,1,7,"28, BEAULIEU (RUE DE)",0.0,0.0
201300016722,23,8,2013,0,3,14,271,1,1,1,6,"1, HARCOURT (ROUTE D')",0.0,0.0
201300016723,31,8,2013,5,5,14,118,2,1,1,6,"23, BAYEUX (RUE DE  <= 1",0.0,0.0
201300016724,4,9,2013,19,1,14,118,2,1,1,6,"3, AVIATION (RUE DE L')",0.0,0.0
201300016725,5,9,2013,15,1,14,118,2,1,1,6,ECHANGEUR N? 6 ( VALLEE,0.0,0.0
201300016726,9,9,2013,16,1,14,118,2,1,1,6,"0, COPERNIC (AVENUE NICO",0.0,0.0
201300016727,12,9,2013,20,5,14,118,2,1,1,6,"200, CAPONIERE (RUE <=",0.0,0.0
201300016728,14,9,2013,16,1,14,587,2,1,1,6,"1, SOLOGNE (RUE DE)",0.0,0.0
201300016729,20,9,2013,17,1,14,327,2,1,1,2,PERIPHERIQUE (BOULEVARD),0.0,0.0
201300016730,24,9,2013,18,1,14,118,1,1,1,5,ROUTE NATIONALE 814,0.0,0.0
201300016731,26,9,2013,17,1,14,327,2,3,1,3,"99, COLOMBELLES CD226 (R",0.0,0.0
201300016732,27,9,2013,13,1,14,118,2,1,1,3,"0, FALAISE (RUE DE >=144",0.0,0.0
201300016733,27,9,2013,12,1,14,327,2,2,1,3,"0, GARBSEN (AVENUE DE)",0.0,0.0
201300016734,2,10,2013,16,1,14,118,2,6,1,2,"0, RICHEMOND (BOULEVARD)",0.0,0.0
201300016735,2,10,2013,15,1,14,118,2,2,1,6,"0, EUDES (RUE JEAN)",0.0,0.0
201300016736,4,10,2013,16,1,14,271,1,1,1,2,ECHANGEUR N? 11 ( SUISSE,0.0,0.0
201300016737,4,10,2013,17,1,14,118,2,1,1,6,"0, MOULIN (Boulevard Jea",0.0,0.0
201300016738,8,10,2013,8,1,14,118,2,3,1,3,"0, MOUNTBATTEN (AVENUE D",0.0,0.0
201300016739,10,10,2013,7,5,14,118,2,1,1,2,"0, DEMI LUNE (PLACE DE L",0.0,0.0
201300016740,11,10,2013,7,2,14,587,1,2,2,5,"1, CD N?  126 (LASSON >",0.0,0.0
201300016741,28,10,2013,16,1,14,118,2,1,2,6,"99, CHEMIN VERT (RUE DU",0.0,0.0
201300016742,7,11,2013,9,1,14,118,2,1,2,6,"1, POMPIDOU (BOULEVARD G",0.0,0.0
201300016743,8,11,2013,11,1,14,118,2,2,2,3,"0, AUTHIE (<=N?106 PAIRS",0.0,0.0
201300016744,11,11,2013,21,5,14,341,2,1,1,1,"0, BLACK WATCH (AVENUE D",0.0,0.0
201300016745,13,11,2013,15,1,14,118,2,1,1,2,"101, CHEMIN VERT (RUE DU",0.0,0.0