Num_Acc,jour,mois,an,hr,condition_eclairage,departement,commune,condition_agglomeration,intersection,condition_atmosphere,type_collision,adresse,lattitude,longitude
201300016746,15,11,2013,9,1,14,118,2,2,1,1,"0, AUTHIE (>=N? 106 PAIR",0.0,0.0
201300016747,23,11,2013,5,5,14,118,2,1,1,6,"52, COURTONNE (PLACE)",0.0,0.0
201300016748,26,11,2013,9,1,14,118,2,1,1,6,"2, VAUCELLES (RUE DE)",0.0,0.0
201300016749,22,11,2013,14,1,14,118,2,1,2,6,"12, COTY (AVENUE DU PRES",0.0,0.0
201300016750,29,11,2013,18,5,14,118,2,1,1,6,"129, AUTHIE (>=N? 106 PA",0.0,0.0
201300016751,1,12,2013,3,5,14,327,2,1,1,6,"0, CD N? 515 (ROUTE DE O",0.0,0.0
201300016752,30,11,2013,9,1,14,118,2,2,8,1,"0, JUIN (BOULEVARD MAREC",0.0,0.0
201300016753,19,11,2013,9,1,14,118,2,1,1,7,"01, LOUVEL (ESPLANADE JE",0.0,0.0
201300016754,10,12,2013,17,1,14,327,2,1,1,3,"01, SIETTES (RUE DES)",0.0,0.0
201300016755,16,12,2013,10,1,14,118,2,1,1,1,"1, LECLERC (BOULEVARD MA",0.0,0.0
201300016756,16,12,2013,14,1,14,118,2,1,1,6,COPERNIC (AVENUE NICOLAS,0.0,0.0
201300016757,16,12,2013,21,5,14,437,2,1,1,6,EMILE ZOLA (RUE),0.0,0.0
201300016758,26,12,2013,14,1,14,118,2,1,1,6,"41, FALAISE (RUE DE  <=9",0.0,0.0
201300016759,28,12,2013,19,5,14,341,2,1,1,4,"993, CAEN (RUE DE)",0.0,0.0
201300016760,11,2,2013,19,3,31,269,1,1,3,6,,0.0,0.0
201300016761,24,4,2013,15,1,31,547,1,1,1,1,route de labastidette,43.49056,1.2821
201300016762,29,4,2013,17,1,14,117,2,2,1,3,PLATANES (AVENUE DES),49.2937,-0.11217
201300016763,29,5,2013,11,1,14,117,2,6,1,6,"02, POINCAREttt",49.2905,-0.1151
201300016764,6,7,2013,19,1,14,225,2,3,1,3,"20, PORT (RUE DU)",0.0,0.0
201300016765,31,7,2013,18,1,14,117,2,1,1,2,"94, GUILLAUME LE CONQUER",0.0,0.0
201300016766,5,8,2013,17,1,14,117,2,2,1,3,"1, GUILLAUME LE CONQUERA",0.0,0.0
201300016767,6,8,2013,17,1,14,225,2,1,1,6,"81, GAULLE (RUE DU GAL)",0.0,0.0
201300016768,10,8,2013,19,1,14,225,2,3,1,3,CLAUS (RUE DES FRERES),0.0,0.0
201300016769,15,8,2013,11,1,14,338,2,3,1,3,"0, JACQUES LANDRY (BOULE",0.0,0.0
201300016770,18,8,2013,7,1,14,225,1,1,2,6,SARLABOT (COTE),0.0,0.0
201300016771,12,9,2013,8,1,14,225,2,2,1,6,RESISTANTS (AVENUE DES),0.0,0.0
201300016772,25,9,2013,18,1,14,117,2,1,1,7,"1, GENERAL LECLERC (AVEN",0.0,0.0
201300016773,27,9,2013,15,1,14,338,1,1,1,5,"1, TROUVILLE (ROUTE DE)",0.0,0.0
201300016774,30,11,2013,13,1,14,225,2,3,1,3,HETTSTEDT (AVENUE DE),0.0,0.0
201300016775,22,12,2013,17,5,14,117,2,4,3,3,CHARLES DE GAULLE (AVENU,0.0,0.0
201300016776,21,12,2013,10,1,14,225,2,3,1,7,BOUCHERIE (RUE DE LA),0.0,0.0
201300016777,26,2,2013,18,2,30,356,1,1,1,5,,43.83007,4.42239
201300016778,30,4,2013,22,3,30,60,1,1,2,3,,43.7772,4.39799
201300016779,4,5,2013,19,1,30,34,2,1,1,1,chemin de la bouvine,43.7557,4.52047
201300016780,8,5,2013,11,1,30,117,1,6,1,3,,43.70742,4.5542
201300016781,11,6,2013,17,1,30,47,1,1,1,3,,43.80954,4.40198
201300016782,21,6,2013,13,1,30,125,2,1,1,3,rue de Bouillargues,43.77185,4.42757
201300016783,26,6,2013,10,1,30,60,1,1,1,2,,43.79172,4.37317
201300016784,28,6,2013,13,1,30,34,2,1,1,6,route de Beaucaire,43.75769,4.51878
201300016785,13,7,2013,4,3,30,117,1,1,1,2,,43.71271,4.54892
201300016786,11,9,2013,18,1,30,135,2,1,1,1,D 999,43.83037,4.56379
201300016787,14,10,2013,9,1,30,117,1,1,1,4,,43.6927,4.60381
201300016788,4,11,2013,11,1,30,34,1,1,1,2,,43.718,4.45978
201300016789,15,11,2013,17,1,30,34,1,5,8,3,,43.74803,4.52076
201300016790,19,11,2013,7,2,30,117,1,1,1,6,,43.71005,4.5495
201300016791,25,11,2013,18,3,30,47,1,6,6,3,,43.79107,4.43102
201300016792,19,12,2013,19,3,30,34,1,1,2,1,,43.73286,0.0
201300016793,30,6,2013,18,1,08,188,1,1,7,1,,0.0,0.0
201300016794,11,9,2013,7,2,08,302,1,1,2,1,,49.8709,4.7275
201300016795,3,12,2013,9,1,08,218,1,1,9,7,,0.0,0.0
201300016796,5,12,2013,16,2,08,3,2,1,2,6,RUE AMBROISE CROIZAT,49.8179,4.76438
201300016797,25,4,2013,17,1,08,125,1,3,1,1,,49.816,4.59052
201300016798,18,7,2013,16,1,08,137,1,2,1,3,,49.7856,4.65825
201300016799,6,11,2013,11,1,08,457,2,3,2,6,RUE DE LA GARE,49.7944,4.63656
201300016800,16,12,2013,19,3,08,497,1,1,1,1,,49.7609,4.63179
201300016801,23,11,2013,18,3,08,84,2,1,8,7,RD 925,0.0,0.0
201300016802,4,9,2013,17,1,08,419,1,1,1,6,,0.0,0.0
201300016803,8,6,2013,7,2,08,214,1,1,1,6,,0.0,0.0
201300016804,9,3,2013,7,1,08,488,2,1,1,6,RUE TAMBARCH DIETARZ,49.734,4.83554
201300016805,17,12,2013,7,2,08,193,1,9,9,7,,49.5002,4.52474
201300016806,4,7,2013,7,1,52,535,1,1,1,3,PR,48.11081,5.08594
201300016807,5,1,2013,12,1,52,128,1,1,8,7,,48.2021,5.266
201300016808,6,7,2013,4,5,52,208,2,1,1,7,D417,47.93909,5.83465
201300016809,6,9,2013,14,1,52,914,2,2,7,3,INTERSECTION D74 ET D10,47.99945,5.48731
201300016810,1,12,2013,15,1,52,461,1,1,1,7,,48.01209,5.41084
201300016811,29,1,2013,11,1,14,536,2,2,1,3,"1, EGLISE (PLACE DE L')",0.0,0.0
201300016812,8,4,2013,17,1,14,333,2,1,1,6,BREARD (RUE CHARLES PAUL,49.4182,0.23309
201300016813,1,5,2013,14,1,14,333,2,1,7,7,"20, LEPAULMIER (QUAI)",49.4186,0.2374
201300016814,26,5,2013,19,1,14,1,1,1,1,6,"29, LES VATS",0.0,0.0
201300016815,2,6,2013,12,1,14,333,2,9,7,2,CD513,0.0,0.0
201300016816,4,6,2013,17,1,14,1,1,4,1,7,CD 140,0.0,0.0
201300016817,8,6,2013,0,3,14,333,2,1,1,6,SAINT PIERRE (CHEMIN DU,49.407,0.23326
201300016818,13,6,2013,18,1,14,1,2,7,1,7,PL DU DOCTEUR DEBEYRE,49.3926,0.29558
201300016819,23,6,2013,15,1,14,536,2,2,1,3,CANTELOUP (AVENUE DU),49.4087,0.24692
201300016820,24,7,2013,19,1,14,333,2,1,2,7,"3, TOUR (QUAI DE LA)",0.0,0.0
201300016821,31,7,2013,10,1,14,243,2,6,8,3,CD 579,0.0,0.0
201300016822,20,7,2013,21,1,14,243,1,1,1,6,"143, REINE (CHEMIN VAL",0.0,0.0
201300016823,6,8,2013,20,1,14,536,1,1,1,4,CD 580,0.0,0.0
201300016824,10,8,2013,12,1,14,333,2,1,7,4,"6, VASES (RUE DES)",0.0,0.0
201300016825,27,8,2013,13,1,14,333,2,1,1,6,"14, BRULEE (RUE)",0.0,0.0
201300016826,14,9,2013,18,1,14,333,2,1,8,3,"5, ROUILLIE (RUE E.)",0.0,0.0
201300016827,21,9,2013,23,3,14,333,2,1,1,7,"0, MONTS (CHEMIN DES)",0.0,0.0
201300016828,5,11,2013,10,1,14,304,1,1,3,5,C D 579,0.0,0.0
201300016829,7,12,2013,9,1,14,333,2,1,1,2,"2, MONTPENSIER (RUE)",0.0,0.0
201300016830,11,12,2013,11,1,14,333,2,6,7,7,CD 580,0.0,0.0
201300016831,12,12,2013,13,1,14,333,2,6,1,6,"4, SOREL (PLACE ALBERT)",0.0,0.0
201300016832,21,12,2013,20,3,14,333,2,1,2,3,CD513,0.0,0.0
201300016833,24,12,2013,12,1,14,333,2,1,2,6,JEAN DE VIENNE (COURS),0.0,0.0
201300016834,27,7,2013,13,1,52,405,1,1,1,7,mis milieu,47.68819,5.27575
201300016835,1,2,2013,17,2,52,442,1,1,3,1,,48.42314,5.14553
201300016836,25,5,2013,19,1,52,177,2,1,1,6,59 rue de pougny,48.32608,5.19901
201300016837,7,9,2013,5,3,52,250,1,1,2,1,,48.4334,5.15227
201300016838,23,8,2013,6,1,48,97,1,1,1,6,,0.0,0.0
201300016839,1,9,2013,16,3,48,67,1,1,1,6,,0.0,0.0
201300016840,15,9,2013,15,1,48,148,1,1,1,6,,0.0,0.0
201300016841,15,5,2013,11,1,48,138,1,1,3,6,,0.0,0.0
201300016842,16,9,2013,17,1,48,185,1,1,2,3,,44.5,3.264
201300016843,27,10,2013,10,1,48,34,2,1,1,6,Place du Pr? Commun,0.0,0.0
201300016844,18,11,2013,8,1,48,34,1,1,8,1,,0.0,0.0
201300016845,8,6,2013,19,1,48,183,1,1,2,6,,0.0,0.0
201300016846,21,7,2013,15,1,48,47,1,1,1,6,,0.0,0.0
201300016847,16,8,2013,9,1,48,76,1,1,1,7,,44.719,3.342
201300016848,15,11,2013,13,1,48,132,1,1,4,7,,44.775,3.387
201300016849,19,11,2013,18,3,48,128,1,1,3,6,,44.781,3.318
201300016850,6,12,2013,11,1,48,9,2,7,1,6,Place de la Mairie,44.726,3.284
201300016851,28,12,2013,19,3,30,330,1,1,2,1,,0.0,0.0
201300016852,29,3,2013,7,1,37,139,1,3,1,3,D952,0.0,0.0
201300016853,14,4,2013,21,5,37,84,2,1,1,6,Les Gares,0.0,0.0
201300016854,6,8,2013,18,1,37,237,2,1,1,1,32 rue de la Picherie,0.0,0.0
201300016855,10,10,2013,14,1,37,84,1,2,1,1,,0.0,0.0
201300016856,29,10,2013,17,1,37,62,1,1,1,6,LE PETIT BOIS,0.0,0.0
201300016857,3,11,2013,22,3,37,109,1,9,2,3,LA GUIGNIERE,0.0,0.0
201300016858,1,2,2013,7,2,37,8,1,2,2,1,,0.0,0.0
201300016859,19,4,2013,23,5,37,27,2,1,1,3,avenue andre delaunay,0.0,0.0
201300016860,24,7,2013,3,4,37,91,1,1,1,6,,0.0,0.0
201300016861,28,7,2013,2,4,37,91,2,1,1,6,87 rue d'Amboise,0.0,0.0
201300016862,10,8,2013,0,3,37,156,1,1,9,6,,0.0,0.0
201300016863,4,9,2013,8,1,37,273,2,1,7,6,18 rue Sarah Bernhardt,0.0,0.0
201300016864,16,10,2013,17,1,37,156,1,1,8,1,face camping municipal,0.0,0.0
201300016865,18,10,2013,22,3,37,75,1,1,1,6,,0.0,0.0
201300016866,30,10,2013,7,1,37,156,2,2,2,3,Rue du saule Michaud,0.0,0.0
201300016867,4,11,2013,18,5,37,27,2,1,2,1,AVENUE DE L EUROPE,0.0,0.0
201300016868,14,11,2013,18,3,37,225,1,1,1,6,,0.0,0.0
201300016869,15,12,2013,6,5,37,79,2,1,1,6,LIEU DIT LES VAULX,0.0,0.0
201300016870,21,12,2013,19,3,37,79,1,1,2,1,,0.0,0.0
201300016871,8,4,2013,19,1,37,194,1,1,1,1,,0.0,0.0
201300016872,6,5,2013,20,1,37,281,1,1,1,1,,0.0,0.0
201300016873,5,12,2013,19,3,37,10,1,1,1,3,,0.0,0.0
201300016874,20,12,2013,16,1,37,281,1,1,1,6,,0.0,0.0
201300016875,8,11,2013,18,5,14,366,2,1,2,6,"4, DOCTEUR PAUL OUVRY (R",0.0,0.0
201300016876,13,11,2013,20,3,14,487,1,1,1,1,CD 48,0.0,0.0
201300016877,25,11,2013,8,2,14,366,2,1,2,6,"48, PAUL BANASTON (RUE)",0.0,0.0
201300016878,5,12,2013,21,3,14,69,1,1,2,6,"0, SAP (ROUTE DU)",0.0,0.0
201300016879,9,12,2013,7,2,14,69,2,1,1,6,ORBEC (ROUTE D'),0.0,0.0
201300016880,10,12,2013,10,1,14,366,2,1,1,6,"80, VICTOR HUGO (AVENUE)",0.0,0.0
201300016881,17,12,2013,9,1,14,69,2,1,1,7,"3, CLAQUE PEPIN",0.0,0.0
201300016882,20,12,2013,18,5,14,366,2,1,1,6,"28, PAUL CORNU ( RD48 RU",0.0,0.0
201300016883,23,12,2013,18,5,14,366,2,3,6,6,"26, SAINTE ANNE (BOULEVA",0.0,0.0
201300016884,26,12,2013,15,1,14,366,2,3,1,3,"27, DOCTEUR PAUL OUVRY (",0.0,0.0
201300016885,28,12,2013,9,1,14,366,2,2,1,6,"2, CARNOT (BOULEVARD)",0.0,0.0
201300016886,10,1,2013,7,5,14,366,2,1,2,6,"28, PAUL CORNU ( RD48 RU",49.1624,0.21995
201300016887,12,1,2013,13,1,14,303,2,1,1,3,"0, AUGUSTIN FRESNEL",49.1437,0.27285
201300016888,16,1,2013,15,1,14,69,2,3,1,3,"0, SAP (ROUTE DU)",49.1301,0.24749
201300016889,20,1,2013,17,2,14,574,1,1,4,7,"0, DIVES (D.45 ROUTE DE)",49.1528,0.20024
201300016890,30,1,2013,13,1,14,69,2,1,1,2,"0, LOGES (CHEMIN DES)",0.0,0.0
201300016891,31,1,2013,11,1,14,366,2,6,2,6,"61, SAINTE ANNE (BOULEVA",49.144,0.22119
201300016892,2,2,2013,19,5,14,366,2,1,1,1,"0, AUGUSTIN FRESNEL",0.0,0.0
201300016893,4,2,2013,7,5,14,487,1,3,1,5,"0, EGLISE (ROUTE)",0.0,0.0
201300016894,9,2,2013,18,5,14,366,2,2,2,6,"2, LOUIS PASTEUR (BOULEV",49.1479,0.22498
201300016895,16,2,2013,15,1,14,366,2,4,1,6,"0, POINT DE VUE (CHEMIN",0.0,0.0
201300016896,11,3,2013,10,1,14,366,2,1,4,7,"15, ROGER AINI (RUE)",0.0,0.0
201300016897,18,3,2013,12,1,14,366,2,1,2,7,"0, PRE D'AUGE (RUE DU)",0.0,0.0
201300016898,19,3,2013,10,1,14,366,2,1,1,6,"61, SAINTE ANNE (BOULEVA",49.1438,0.2215
201300016899,26,3,2013,12,1,14,366,2,1,1,6,"0, AUGUSTIN FRESNEL",0.0,0.0
201300016900,3,4,2013,10,1,14,366,2,1,1,2,"58, GENERAL LECLERC (RUE",49.1515,0.22395
201300016901,7,4,2013,17,1,14,366,2,1,1,6,"30, CARMEL (RUE DU)",0.0,0.0
201300016902,8,4,2013,10,1,14,487,1,1,1,6,EGLISE (ROUTE),0.0,0.0
201300016903,9,4,2013,17,1,14,574,1,2,1,3,"0, DIVES (D.45 route de)",0.0,0.0
201300016904,10,4,2013,12,1,14,366,2,1,1,6,"8, SAINT HIPPOLYTE (RUE)",0.0,0.0
201300016905,20,4,2013,11,1,14,574,2,1,1,4,D 511 SAINT D?SIR 14100,49.1255,0.18967
201300016906,23,4,2013,15,1,14,366,2,7,1,6,"44, REPUBLIQUE (PLACE DE",49.1439,0.22392
201300016907,25,4,2013,16,1,14,366,2,1,1,4,"66, ROGER AINI (RUE)",49.1444,0.25408
201300016908,30,4,2013,18,1,14,366,1,1,1,6,"0, RD 406",49.1558,0.23707
201300016909,23,5,2013,10,1,14,366,2,1,1,5,"16, PRESIDENT RENE COTY",49.1425,0.24152
201300016910,30,5,2013,12,1,14,366,2,1,2,6,"105, ROGER AINI (RUE)",0.0,0.0
201300016911,7,6,2013,8,1,14,366,2,1,1,6,"106, PAUL CORNU ( RD48 R",49.1672,0.21888
201300016912,8,6,2013,19,1,14,69,1,1,1,6,,49.1319,0.23869
201300016913,11,6,2013,13,1,14,487,1,1,1,3,QUATRE ROUTES (LES),49.1795,0.20917
201300016914,13,6,2013,19,1,14,326,2,3,1,3,"80, ALEXANDRE FLEMING (R",49.1509,0.25644
201300016915,18,6,2013,16,1,14,366,2,1,1,6,"11, FOURNET (RUE)",49.1392,0.22729
201300016916,1,7,2013,20,1,14,366,2,2,1,3,"47, REPUBLIQUE (PLACE DE",0.0,0.0
201300016917,5,7,2013,11,1,14,574,1,2,1,2,DIVES (D.45 route de),0.0,0.0
201300016918,9,7,2013,13,1,14,487,1,1,1,6,EGLISE (ROUTE),0.0,0.0
201300016919,18,7,2013,22,2,14,366,2,1,1,7,"108, ORBEC (ROUTE D')",0.0,0.0
201300016920,20,7,2013,19,1,14,366,1,3,1,2,"0, Parking LECLERC",0.0,0.0
201300016921,21,7,2013,11,1,14,487,1,1,1,7,R.D 579,0.0,0.0
201300016922,29,7,2013,20,1,14,366,2,1,2,6,"73, GUIZOT (RUE)",0.0,0.0
201300016923,1,8,2013,15,1,14,366,2,3,1,3,"14, SAINTE THERESE (AVEN",0.0,0.0
201300016924,23,8,2013,12,1,14,366,2,2,1,6,"2, CAROLINE DUCHEMIN (RU",0.0,0.0
201300016925,26,8,2013,11,1,14,366,2,2,1,3,"9, CARNOT (BOULEVARD)",0.0,0.0
201300016926,31,8,2013,19,1,14,366,2,1,1,3,"11, CRETON (RUE)",0.0,0.0
201300016927,5,9,2013,8,1,14,366,2,1,1,6,"15, TOUQUES (RUE DE LA)",0.0,0.0
201300016928,6,9,2013,18,1,14,69,2,3,1,4,"105, ORBEC (ROUTE D')",0.0,0.0
201300016929,7,9,2013,8,1,14,366,2,1,1,6,"12, TOUQUES (RUE DE LA)",0.0,0.0
201300016930,7,9,2013,15,1,14,366,2,6,1,2,"68, LOUIS PASTEUR (BOULE",0.0,0.0
201300016931,12,9,2013,16,1,14,366,2,3,1,3,"19, NICOLAS ORESME (BOUL",0.0,0.0
201300016932,12,9,2013,17,1,14,366,2,1,1,3,"6, JEAN BOUIN (RUE)",0.0,0.0
201300016933,17,9,2013,13,1,14,366,2,1,3,7,"153, ROGER AINI (RUE)",0.0,0.0
201300016934,25,9,2013,9,1,14,574,1,3,1,3,DIVES (D.45 route de),0.0,0.0
201300016935,26,9,2013,1,4,14,366,2,1,1,7,"12, NICOLAS ORESME (BOUL",0.0,0.0
201300016936,26,9,2013,21,5,14,366,2,1,1,7,"29, GUIZOT (RUE)",0.0,0.0
201300016937,9,10,2013,17,1,14,366,2,3,1,6,"0, CHAR (RUE AU)",0.0,0.0
201300016938,26,10,2013,23,5,14,366,2,1,1,7,SURCOUF (ALLEE),0.0,0.0
201300016939,6,12,2013,16,1,37,228,1,2,1,3,,0.0,0.0
201300016940,31,7,2013,8,1,37,123,2,1,1,3,82 rue Anne de Bretagne,0.0,0.0
201300016941,23,6,2013,18,1,37,97,1,1,3,6,,47.163,0.905
201300016942,15,6,2013,22,3,37,98,1,1,1,1,,0.0,0.0
201300016943,16,10,2013,22,3,37,57,1,1,1,6,,0.0,0.0
201300016944,6,7,2013,6,2,37,19,1,1,1,7,LA RICENDELIERE,0.0,0.0
201300016945,10,6,2013,16,1,37,266,1,1,1,1,ROUTE DE BALLAN,0.0,0.0
201300016946,5,8,2013,20,1,37,83,2,1,1,1,11 RUE NOTRE DAME,0.0,0.0
201300016947,3,1,2013,18,5,87,88,2,9,8,5,place Dr Donnet,0.0,0.0
201300016948,14,4,2013,19,1,87,203,1,1,1,2,,0.0,0.0
201300016949,16,6,2013,13,1,87,146,1,2,1,1,,0.0,0.0
201300016950,9,8,2013,17,1,87,88,1,1,1,1,,0.0,0.0
201300016951,10,2,2013,2,3,87,97,1,1,2,1,,0.0,0.0
201300016952,26,3,2013,11,1,87,55,1,2,1,3,,0.0,0.0
201300016953,27,8,2013,19,1,87,116,1,1,1,6,,0.0,0.0
201300016954,30,9,2013,15,1,87,59,1,3,1,5,,0.0,0.0
201300016955,15,11,2013,10,1,87,61,1,1,8,5,,0.0,0.0
201300016956,14,8,2013,0,3,87,154,1,1,1,6,,0.0,0.0
201300016957,2,2,2013,14,1,87,135,1,1,2,7,,0.0,0.0
201300016958,11,5,2013,10,1,87,73,1,1,1,1,,0.0,0.0
201300016959,12,12,2013,10,1,87,73,1,1,9,7,,0.0,0.0
201300016960,15,4,2013,10,1,87,106,2,1,1,6,38 Rue Gambetta,0.0,0.0
201300016961,3,6,2013,16,1,87,32,1,1,1,6,,0.0,0.0
201300016962,25,6,2013,14,1,87,127,1,1,1,6,,45.593,1.237
201300016963,10,8,2013,16,1,87,106,1,1,1,3,,45.655,1.22
201300016964,3,10,2013,20,2,87,187,1,1,1,6,,0.0,0.0
201300016965,16,2,2013,11,1,23,99,1,1,1,7,,46.04434,1.77615
201300016966,4,11,2013,17,5,23,30,2,3,2,3,AVENUE JOLIOT CURIE,0.0,0.0
201300016967,24,4,2013,18,1,23,130,1,1,1,6,,46.438,1.769
201300016968,6,7,2013,17,1,23,45,1,1,1,6,,0.0,0.0
201300016969,31,10,2013,17,5,23,35,2,1,1,6,rue raymond Aucouturier,46.224,2.468
201300016970,19,11,2013,18,3,23,16,1,1,4,3,,0.0,0.0
201300016971,11,5,2013,11,1,23,241,1,1,2,1,,0.0,0.0
201300016972,1,9,2013,15,1,23,131,1,1,1,6,,0.0,0.0
201300016973,4,9,2013,19,1,23,28,1,1,1,7,,46.019,2.239
201300016974,4,3,2013,7,2,17,52,1,1,1,7,,45.28086,-0.10397
201300016975,20,3,2013,13,1,17,331,1,1,1,1,,45.47201,-0.54242
201300016976,25,5,2013,10,1,17,434,2,1,1,6,Rue Eugene biraud,46.11074,-0.75692
201300016977,3,2,2013,6,3,17,336,1,1,1,5,,45.798,-0.732
201300016978,25,8,2013,18,1,28,391,1,1,2,5,,48.20853,1.946
201300016979,5,11,2013,12,1,28,259,1,1,2,6,,0.0,0.0
201300016980,16,2,2013,17,2,28,232,1,1,1,6,,0.0,0.0
201300016981,7,2,2013,17,1,27,238,1,1,8,6,,0.0,0.0
201300016982,20,3,2013,8,2,27,570,1,1,9,7,,49.041,1.04
201300016983,4,5,2013,19,1,27,472,1,1,1,7,,49.181,1.43
201300016984,28,8,2013,17,1,27,165,1,1,1,3,,48.572,0.554
201300016985,30,8,2013,22,4,27,451,1,6,1,6,,0.0,0.0
201300016986,2,10,2013,17,1,27,229,2,1,1,2,boulevard du 14 juillet,0.0,0.0
201300016987,5,10,2013,15,1,27,306,1,1,1,1,,0.0,0.0
201300016988,4,11,2013,14,1,27,439,1,1,1,6,,0.0,0.0
201300016989,10,12,2013,17,3,27,287,1,1,5,1,,0.0,0.0
201300016990,10,12,2013,16,1,27,678,1,1,9,1,,0.0,0.0
201300016991,13,12,2013,7,3,27,238,1,1,5,1,,0.0,0.0
201300016992,23,12,2013,22,3,27,436,2,1,6,6,2 rue de conches,0.0,0.0
201300016993,18,4,2013,17,1,27,693,1,1,1,3,,48.532,1.052
201300016994,24,9,2013,13,1,27,293,1,1,1,3,,0.0,0.0
201300016995,6,2,2013,18,3,27,679,1,1,2,6,,48.737,0.933
201300016996,26,6,2013,18,1,27,679,1,1,1,5,,48.443,0.503
201300016997,14,8,2013,14,1,27,69,1,3,1,3,,0.0,0.0
201300016998,17,8,2013,4,3,27,679,1,1,1,7,,48.744,0.896
201300016999,20,8,2013,8,1,27,679,1,1,1,2,,48.756,0.942
201300017000,19,9,2013,19,2,27,679,1,1,1,6,,0.0,0.0
201300017001,17,11,2013,6,3,27,265,2,1,1,6,,48.793,0.856
201300017002,24,1,2013,11,1,27,414,2,1,1,6,24 rue Grande,48.561,0.284
201300017003,6,2,2013,16,1,27,398,2,2,1,1,cd133/vc16,49.054,0.372
201300017004,10,3,2013,21,3,27,516,1,1,1,2,,49.043,0.363
201300017005,7,7,2013,6,1,27,608,1,1,5,6,,49.064,0.496
201300017006,27,7,2013,1,3,27,207,1,1,1,6,,49.064,0.28
201300017007,3,8,2013,19,1,27,608,1,2,7,3,,49.042,0.311
201300017008,15,8,2013,17,1,27,46,1,1,1,1,,49.184,0.54
201300017009,27,8,2013,18,1,27,608,2,1,1,1,RD 22 lieu dit Les Mares,49.04,0.31
201300017010,30,8,2013,1,3,27,79,1,1,1,6,,0.0,0.0
201300017011,20,10,2013,1,3,27,56,2,1,1,1,c?te de Beaumesnil,0.0,0.0
201300017012,18,10,2013,17,1,27,414,1,1,1,6,,0.0,0.0
201300017013,6,12,2013,20,5,27,56,2,1,1,1,boulevard sylla lefevre,0.0,0.0
201300017014,19,1,2013,16,1,27,290,1,1,1,1,,49.081,0.471
201300017015,28,1,2013,7,2,27,536,1,1,1,5,,49.145,0.47
201300017016,5,3,2013,16,1,27,116,2,1,1,3,rue des fontaines,49.113,0.422
201300017017,8,4,2013,18,1,27,49,1,1,1,3,,49.01,0.414
201300017018,17,8,2013,14,1,27,444,1,3,1,3,,0.0,0.0
201300017019,13,9,2013,10,1,27,290,1,1,2,7,,0.0,0.0
201300017020,14,9,2013,17,1,27,116,1,1,1,1,,49.051,0.679
201300017021,30,9,2013,18,1,27,292,1,1,2,1,,0.0,0.0
201300017022,29,11,2013,18,5,27,116,2,9,2,3,RD 438,0.0,0.0
201300017023,11,12,2013,2,3,27,50,1,1,1,6,,49.095,0.762
201300017024,6,6,2013,19,1,27,214,2,1,1,2,Intersection 6014/14bis,49.182,1.261
201300017025,8,4,2013,9,1,27,636,1,1,2,1,,49.154,0.581
201300017026,13,4,2013,14,1,27,511,1,2,1,5,,49.093,1.0
201300017027,29,5,2013,20,2,27,579,1,1,1,3,,49.14,0.571
201300017028,19,7,2013,23,3,27,219,1,1,1,1,,0.0,0.0
201300017029,8,9,2013,20,2,27,11,2,1,1,7,CV4,0.0,0.0
201300017030,29,9,2013,18,2,27,511,1,1,3,1,,0.0,0.0
201300017031,21,4,2013,6,2,27,263,1,1,5,1,,49.223,0.332
201300017032,5,10,2013,19,3,27,415,1,1,1,2,,0.0,0.0
201300017033,10,6,2013,16,1,04,46,1,1,1,3,,0.0,0.0
201300017034,20,7,2013,18,1,04,236,1,1,2,1,,43.936,6.628
201300017035,11,11,2013,17,3,04,76,1,1,1,6,,0.0,0.0
201300017036,9,3,2013,9,1,04,6,1,1,1,2,,44.275,6.58
201300017037,17,9,2013,10,1,04,173,1,1,1,3,,0.0,0.0
201300017038,29,1,2013,15,1,04,184,2,1,8,6,route du col de St Jurs,43.9105,6.23379
201300017039,7,10,2013,15,1,04,124,1,1,1,1,,0.0,0.0
201300017040,11,10,2013,11,1,04,135,1,2,1,3,,0.0,0.0
201300017041,31,10,2013,17,2,04,4,2,1,1,7,,0.0,0.0
201300017042,6,11,2013,11,1,04,4,2,1,1,6,notre dame des graces,0.0,0.0
201300017043,4,12,2013,15,1,04,135,2,3,1,3,Avenue frederic  mistral,0.0,0.0
201300017044,2,1,2013,10,1,04,138,1,1,1,7,,0.0,0.0
201300017045,26,1,2013,9,1,04,242,1,1,1,3,,0.0,0.0
201300017046,2,2,2013,23,3,04,111,1,1,1,7,,0.0,0.0
201300017047,26,4,2013,11,1,04,242,1,1,8,7,,0.0,0.0
201300017048,30,4,2013,19,1,04,111,2,1,1,1,Chemin de l'esp?rance,43.93763,5.76583
201300017049,26,5,2013,7,1,04,88,1,1,1,3,,0.0,0.0
201300017050,18,6,2013,15,1,04,242,1,1,1,3,,0.0,0.0
201300017051,21,6,2013,21,1,04,192,1,1,1,6,,0.0,0.0
201300017052,23,8,2013,9,1,04,138,1,1,1,5,,0.0,0.0
201300017053,16,10,2013,9,1,04,242,1,3,1,3,,43.89348,5.87476