Num_Acc,jour,mois,an,hr,condition_eclairage,departement,commune,condition_agglomeration,intersection,condition_atmosphere,type_collision,adresse,lattitude,longitude
201300017054,13,11,2013,18,5,04,242,1,1,1,5,,0.0,0.0
201300017055,19,12,2013,17,3,04,88,2,1,3,7,AVENUE SAINT PROMASSE,0.0,0.0
201300017056,29,12,2013,9,1,04,111,1,1,9,7,,0.0,0.0
201300017057,27,7,2013,2,3,04,169,1,1,1,6,,44.07863,5.65842
201300017058,16,4,2013,12,1,04,49,1,2,1,3,,0.0,0.0
201300017059,3,5,2013,12,1,04,49,1,1,1,3,,44.08208,6.00501
201300017060,12,8,2013,13,1,24,576,1,2,1,3,,44.9887,0.78224
201300017061,30,1,2013,13,1,24,540,1,1,1,7,LE PAVILLON,45.276,0.826
201300017062,15,7,2013,10,1,24,120,2,1,1,7,LES ANDREAUX,45.2904,1.14819
201300017063,21,11,2013,18,5,24,103,1,1,3,1,,45.195,0.87985
201300017064,29,11,2013,18,3,24,135,1,1,1,2,LES TAVERNES,45.24402,0.79416
201300017065,12,4,2013,9,1,24,222,1,1,1,1,LES JUSTICES,44.8561,0.36446
201300017066,13,5,2013,22,3,24,197,1,1,1,6,LA BOULE,44.91305,0.44573
201300017067,27,5,2013,15,1,24,182,1,1,1,7,LE GENDRE,44.8743,0.26224
201300017068,18,6,2013,16,1,24,155,1,1,3,7,PONT SAINT MAMET,44.96737,0.58732
201300017069,13,7,2013,10,1,24,234,1,1,1,3,LES BOUYGUES,44.9721,0.40369
201300017070,8,10,2013,20,3,24,340,2,1,1,1,Route de Pont Renon,44.8597,0.40757
201300017071,9,3,2013,21,3,24,311,1,1,1,6,ROUTE DE ST MARTIN,45.53758,0.6591
201300017072,1,8,2013,22,3,24,548,1,1,1,7,BELLEVUE,45.5932,0.61278
201300017073,13,8,2013,18,1,24,451,1,2,1,3,BRISSONNEAU,45.4957,0.65585
201300017074,4,10,2013,8,1,24,528,1,1,2,7,TOURBANIER,45.47935,0.66186
201300017075,2,11,2013,21,3,24,479,1,1,2,6,PUYPELAT,45.4967,0.72439
201300017076,22,11,2013,13,1,24,398,2,9,1,1,D88,45.594,0.66365
201300017077,5,4,2013,19,1,24,353,1,1,1,7,LE CROS,45.4884,0.41406
201300017078,4,7,2013,17,1,24,133,2,1,1,7,RUE DE LA REPUBLIQUE,45.547,0.979
201300017079,12,7,2013,16,1,24,489,2,1,7,6,LE BOURG,45.5425,1.01139
201300017080,1,12,2013,11,1,24,218,1,3,1,1,LES BOURDOUX,45.5392,1.06925
201300017081,29,11,2013,18,3,24,133,1,1,1,1,LA TUILIÈRE,45.5319,0.96668
201300017082,8,12,2013,13,1,24,304,2,1,1,1,33 AV CHARLES DE GAULLE,45.4233,0.92638
201300017083,3,8,2013,2,3,24,243,1,1,3,6,LE PONT,45.2814,0.53681
201300017084,7,1,2013,11,1,24,511,1,1,8,6,LES JARTHES,45.20393,0.17688
201300017085,24,2,2013,13,1,24,376,1,1,1,6,LE PETIT ACAUD,45.18311,0.11969
201300017086,18,6,2013,10,1,24,577,1,3,1,3,LE LUC,44.8236,1.15672
201300017087,29,7,2013,16,1,24,82,1,1,1,1,MALEVERGNE,44.8679,1.28773
201300017088,5,8,2013,18,1,24,520,2,1,1,7,AVENUE ARISTIDE BRIAND,44.8811,1.21692
201300017089,17,8,2013,14,1,24,82,1,9,1,3,LA TACHE,44.8322,1.29087
201300017090,22,9,2013,2,3,24,520,1,1,2,6,CAMINEL,44.9194,1.22968
201300017091,2,10,2013,9,1,24,512,1,1,1,7,LE ROCHER,44.8848,1.28303
201300017092,15,10,2013,1,3,24,341,1,1,8,6,PECH VIDAL,44.936,1.245
201300017093,13,12,2013,12,1,24,74,1,1,1,6,BAS DU CAMP,44.8466,1.34989
201300017094,24,3,2013,7,1,24,217,1,1,1,1,ROUTE DU BUGUE,44.95433,0.89383
201300017095,19,4,2013,19,1,24,67,1,1,1,7,LA MALI?RE,44.9357,0.93022
201300017096,11,3,2013,7,1,24,229,1,3,3,5,CHARPENET,45.1325,1.27015
201300017097,11,9,2013,13,1,24,324,2,1,1,1,LE BOURG,45.1561,1.19162
201300017098,2,10,2013,16,1,24,179,1,1,1,5,GUINASSOU,45.125,1.40063
201300017099,3,7,2013,11,1,40,131,1,1,2,6,,43.95022,-0.15695
201300017100,24,11,2013,12,1,40,243,2,1,1,2,,43.93529,-0.92548
201300017101,3,9,2013,14,1,40,46,1,1,1,5,,44.44703,-1.11557
201300017102,18,8,2013,16,1,40,151,1,9,1,6,,43.87156,-0.91348
201300017103,15,4,2013,0,3,21,99,1,1,1,6,,47.062,4.766
201300017104,22,6,2013,13,1,21,616,1,1,1,1,,46.6,4.35
201300017105,10,7,2013,0,3,21,150,1,3,1,3,LE HAUT DES CHAMPS RD906,46.92816,4.74221
201300017106,26,10,2013,16,1,21,65,1,1,1,7,,0.0,0.0
201300017107,11,6,2013,13,1,21,23,2,4,1,3,rues Guyot et Arquebuse,0.0,0.0
201300017108,17,8,2013,16,1,21,715,2,1,7,6,hameau de viscolon,47.09213,4.3734
201300017109,31,10,2013,18,3,21,103,1,1,1,1,,47.137,5.198
201300017110,5,8,2013,7,1,21,522,1,1,1,1,,47.408,5.389
201300017111,23,5,2013,17,1,21,651,1,1,1,3,,47.40944,4.89785
201300017112,25,5,2013,2,3,21,547,1,1,1,7,,47.481,4.39
201300017113,11,6,2013,23,5,21,425,2,1,1,6,route de Dijon,47.62546,4.34757
201300017114,2,10,2013,16,1,21,198,1,1,1,2,,47.512,4.202
201300017115,3,10,2013,14,1,21,413,1,1,1,6,,47.532,4.331
201300017116,26,10,2013,14,3,21,272,1,1,1,1,,47.457,4.337
201300017117,9,3,2013,14,1,21,154,1,1,4,3,,47.8544,4.61642
201300017118,15,3,2013,21,3,21,115,1,1,1,7,,47.8325,4.57237
201300017119,21,3,2013,8,1,21,154,1,1,1,2,,47.884,4.591
201300017120,6,4,2013,21,3,21,451,1,1,1,7,,47.765,4.424
201300017121,30,4,2013,10,1,21,674,1,1,3,6,,47.93598,4.79988
201300017122,17,6,2013,18,1,21,378,1,1,1,7,,47.854,4.401
201300017123,27,2,2013,20,3,21,528,1,1,1,7,,47.478,4.501
201300017124,8,5,2013,12,1,53,25,1,1,1,1,,48.00554,-0.59281
201300017125,24,8,2013,15,1,53,97,1,3,1,1,,48.15867,-0.44561
201300017126,13,2,2013,14,1,53,123,1,1,1,7,,48.20296,-0.95479
201300017127,26,6,2013,18,1,53,48,1,3,1,1,,48.21013,-0.88978
201300017128,10,7,2013,17,1,53,194,1,9,1,3,,48.07303,-0.96432
201300017129,4,8,2013,16,1,53,156,1,1,1,6,la saulaie,48.16044,-0.71727
201300017130,20,8,2013,8,1,53,209,1,1,1,3,,48.03678,-0.99681
201300017131,14,10,2013,20,3,53,247,1,2,3,3,,48.11141,-1.00876
201300017132,17,10,2013,10,1,53,243,1,1,1,7,,48.14839,-0.87673
201300017133,4,11,2013,10,1,53,243,1,1,2,1,,48.13154,-0.91316
201300017134,11,12,2013,12,1,53,5,1,1,9,1,,48.16306,-0.81441
201300017135,17,5,2013,10,1,53,210,2,1,1,6,St Martin de Villenglose,47.77674,-0.4707
201300017136,17,6,2013,2,3,53,66,2,1,3,6,27 de la rue d'anjou,47.78322,-0.7756
201300017137,25,7,2013,20,1,53,62,2,1,1,1,12 avenue Maréchal FOCH,47.82921,-0.69684
201300017138,27,7,2013,11,1,53,14,1,1,1,3,,47.819,-0.637
201300017139,5,8,2013,16,1,53,215,1,1,1,5,,47.79395,-0.70841
201300017140,19,11,2013,13,1,53,14,2,2,1,2,Route de Sablé,47.8302,-0.69361
201300017141,1,3,2013,13,1,53,122,1,2,1,3,,48.26253,-0.50446
201300017142,7,12,2013,0,3,53,174,1,1,1,1,,48.30869,-0.64909
201300017143,5,4,2013,19,3,53,42,1,1,2,6,,48.41063,-0.78157
201300017144,11,7,2013,21,2,53,245,1,1,1,1,,48.26895,-0.99659
201300017145,13,5,2013,14,1,53,127,1,1,1,6,,48.42391,-0.45336
201300017146,16,10,2013,7,3,53,160,1,1,2,1,,48.38291,-0.56045
201300017147,7,2,2013,10,1,07,261,1,1,4,1,,0.0,0.0
201300017148,7,3,2013,18,5,07,181,2,1,1,6,,0.0,0.0
201300017149,4,5,2013,14,1,07,76,1,1,1,1,,0.0,0.0
201300017150,15,7,2013,17,1,07,181,1,1,1,3,,0.0,0.0
201300017151,10,8,2013,23,3,07,92,1,1,1,6,,0.0,0.0
201300017152,2,10,2013,10,1,07,181,1,1,1,3,,0.0,0.0
201300017153,5,11,2013,12,1,07,55,1,1,8,5,,0.0,0.0
201300017154,12,11,2013,16,1,07,66,1,1,1,6,,0.0,0.0
201300017155,25,3,2013,11,1,07,319,1,3,1,3,,0.0,0.0
201300017156,22,4,2013,15,1,07,191,1,1,1,3,,0.0,0.0
201300017157,21,6,2013,17,1,07,20,1,1,1,1,,0.0,0.0
201300017158,12,9,2013,19,1,07,346,1,1,1,3,,0.0,0.0
201300017159,11,5,2013,14,1,07,307,1,1,1,6,,0.0,0.0
201300017160,21,8,2013,8,1,07,58,1,1,1,1,,0.0,0.0
201300017161,13,8,2013,10,1,07,139,1,1,1,7,,0.0,0.0
201300017162,15,10,2013,12,1,07,122,1,1,8,1,,0.0,0.0
201300017163,18,1,2013,23,3,07,24,1,1,4,7,,0.0,0.0
201300017164,14,6,2013,21,3,07,334,1,1,1,7,,44.392,4.168
201300017165,28,6,2013,14,1,07,17,1,1,1,6,,0.0,0.0
201300017166,29,11,2013,15,1,07,17,1,1,1,6,,0.0,0.0
201300017167,30,11,2013,17,3,07,17,1,1,1,6,,0.0,0.0
201300017168,16,1,2013,12,1,07,10,2,3,1,1,avenue de back,0.0,0.0
201300017169,14,4,2013,19,1,07,9,1,1,1,1,,45.213,4.804
201300017170,1,9,2013,3,3,07,78,1,6,1,6,,0.0,0.0
201300017171,20,9,2013,17,1,07,10,2,1,1,6,avenue Emile Bouchon,0.0,0.0
201300017172,11,12,2013,10,1,07,10,2,1,1,6,35 Rue jean Jaur?s,0.0,0.0
201300017173,30,5,2013,17,1,07,52,1,1,2,1,,0.0,0.0
201300017174,30,10,2013,18,3,07,52,1,9,1,1,,0.0,0.0
201300017175,12,8,2013,14,1,07,301,1,1,1,6,,0.0,0.0
201300017176,20,8,2013,14,1,07,301,1,1,1,3,,0.0,0.0
201300017177,30,9,2013,16,1,07,13,2,1,1,1,les roussines,0.0,0.0
201300017178,6,12,2013,14,1,07,128,1,1,4,7,,0.0,0.0
201300017179,3,4,2013,23,3,16,287,1,1,1,6,Les Girards,45.58795,0.06022
201300017180,5,7,2013,16,1,16,120,1,1,1,6,Les Pierrieres,45.60893,0.21375
201300017181,20,7,2013,14,1,16,119,1,1,7,2,Les Chataigneraies,45.56131,0.25419
201300017182,28,7,2013,15,1,16,119,1,1,7,1,Le Canton des Vaches,45.53417,0.27731
201300017183,28,10,2013,18,3,16,133,2,1,1,3,LE BOURG,45.52767,-0.02493
201300017184,30,3,2013,20,3,16,344,1,1,1,6,,45.73856,0.34444
201300017185,13,4,2013,15,1,16,223,2,1,1,6,Le Bourg,45.66815,0.50726
201300017186,23,6,2013,20,1,16,55,1,1,1,1,Les Grands Moulins,45.61899,0.32056
201300017187,20,7,2013,6,2,16,211,1,1,1,6,,45.62716,0.46592
201300017188,27,10,2013,5,5,16,323,1,1,1,6,Rochepine,45.63121,0.38803
201300017189,10,2,2013,19,3,16,342,1,1,2,6,,45.54028,-0.30531
201300017190,19,9,2013,11,1,16,276,1,1,1,3,LE BOIS DU lOGIS,45.41302,-0.19375
201300017191,1,12,2013,8,1,16,66,1,1,9,6,La basse Côte,45.33972,-0.04726
201300017192,16,3,2013,16,1,16,216,1,2,2,3,Les Fourneaux,45.7046,-0.10638
201300017193,6,4,2013,7,2,16,369,1,1,1,6,,45.74682,-0.16687
201300017194,18,4,2013,16,1,16,340,2,3,1,3,,45.64412,-0.14255
201300017195,27,8,2013,18,1,16,145,1,1,1,7,les Maches,45.69782,-0.12787
201300017196,8,11,2013,18,3,16,145,1,1,2,1,,45.70333,0.12404
201300017197,22,2,2013,12,1,16,94,1,1,1,6,,45.92157,0.25164
201300017198,20,4,2013,12,1,16,226,1,1,1,6,L'Hermitage,45.77202,0.13152
201300017199,10,6,2013,19,1,16,210,1,1,1,6,Pend Loup,45.73942,0.07509
201300017200,13,8,2013,2,3,16,33,1,1,1,6,Le Geard,45.91995,0.23915
201300017201,1,11,2013,6,2,16,141,1,1,1,6,Le Grand Jardin,45.91815,0.19633
201300017202,7,2,2013,8,1,16,317,1,1,1,2,Bois du Courtioux,45.95206,-0.00126
201300017203,1,6,2013,19,1,16,275,1,1,1,1,Les Grandes Vignes,45.91516,-0.13234
201300017204,23,6,2013,12,1,16,228,1,2,1,3,Pierre Fiche,45.81226,-0.10486
201300017205,7,11,2013,18,3,16,390,1,1,2,1,Foret de Tusson,45.92018,0.05221
201300017206,2,8,2013,13,1,36,82,1,1,1,6,"LIEU DIT ""CROTZ""",47.0335,1.50036
201300017207,14,8,2013,18,1,36,139,1,1,7,3,,46.7918,1.47163
201300017208,6,11,2013,14,1,202,50,2,1,1,6,Bd de la R?publique,0.0,0.0
201300017209,7,2,2013,21,3,36,180,1,1,8,7,"LIEU DIT ""LA VILETTE""",46.7389,1.92369
201300017210,29,5,2013,15,1,36,163,1,1,1,6,,46.431,1.993
201300017211,9,6,2013,11,1,36,143,1,1,1,1,,46.6462,1.952
201300017212,20,7,2013,7,1,36,46,1,1,1,6,"LD ""LE RIAU DES EFFES""",46.7144,1.94373
201300017213,25,7,2013,12,1,36,46,2,1,1,6,13 ROUTE DE BRIANTES,46.5764,1.99738
201300017214,20,8,2013,14,1,36,127,1,1,1,1,,46.589,1.99211
201300017215,18,9,2013,9,1,36,25,1,1,2,3,"LD ""GENEVRIERS""",46.5519,2.0507
201300017216,28,9,2013,12,1,36,163,1,1,1,6,,46.4915,1.99855
201300017217,13,12,2013,18,1,36,5,1,1,2,1,,46.6958,1.88808
201300017218,16,11,2013,18,3,36,192,1,1,1,6,,46.64,1.40942
201300017219,4,1,2013,11,1,36,70,2,2,8,6,RUE  CAMILLE TOUSSAINT,46.4424,1.58251
201300017220,5,4,2013,9,1,36,22,1,1,1,1,,46.612,1.69603
201300017221,10,4,2013,11,1,36,6,2,4,1,3,,46.5916,1.52301
201300017222,19,4,2013,16,1,36,35,1,1,1,7,,46.4341,1.30283
201300017223,25,5,2013,4,3,36,158,1,1,2,6,,46.5355,1.60523
201300017224,18,7,2013,20,1,36,14,1,1,1,1,,46.4963,1.53557
201300017225,24,9,2013,17,1,36,49,1,1,1,7,,46.5055,1.41118
201300017226,15,2,2013,16,1,10,18,1,1,1,3,,48.113,3.911
201300017227,9,4,2013,9,1,10,140,2,1,3,3,rue du 14 juillet,48.03996,3.90889
201300017228,12,5,2013,16,1,10,434,1,1,1,7,,48.173,4.09199
201300017229,29,9,2013,18,2,10,140,1,1,2,6,,48.071,3.918
201300017230,20,12,2013,20,3,10,74,1,1,1,7,,0.0,0.0
201300017231,24,12,2013,17,5,10,395,2,1,2,6,CD443 PK14+000,48.0255,4.01404
201300017232,12,3,2013,8,1,10,401,1,1,8,6,,0.0,0.0
201300017233,26,6,2013,17,1,10,33,2,3,1,3,Rue Maurice Emmanuel,48.23028,4.71796
201300017234,23,8,2013,16,1,10,78,1,2,1,3,,48.22039,4.42205
201300017235,1,10,2013,19,2,10,440,1,1,1,1,,0.0,0.0
201300017236,5,11,2013,10,1,10,32,1,1,2,2,,0.0,0.0
201300017237,20,11,2013,17,3,10,401,1,1,8,5,,0.0,0.0
201300017238,2,1,2013,17,1,10,34,1,1,1,1,,0.0,0.0
201300017239,8,7,2013,18,1,10,181,1,1,1,6,,48.11099,4.31129
201300017240,23,8,2013,16,1,10,34,1,1,1,6,,0.0,0.0
201300017241,24,8,2013,11,1,10,34,2,1,1,6,faubourg de Bourgogne,0.0,0.0
201300017242,12,9,2013,0,3,10,181,1,1,2,6,,0.0,0.0
201300017243,22,9,2013,15,1,10,232,1,1,1,6,,48.09646,4.375
201300017244,11,12,2013,10,1,10,70,1,1,9,6,,48.07442,4.42363
201300017245,11,12,2013,13,1,10,70,1,1,9,7,,0.0,0.0
201300017246,2,2,2013,23,5,10,114,1,1,1,6,,48.52,3.648
201300017247,13,4,2013,17,1,10,275,2,1,1,6,16 rue Linard Hubert,48.43464,3.72762
201300017248,15,6,2013,13,1,10,151,1,1,1,6,,0.0,0.0
201300017249,22,6,2013,5,2,10,132,1,1,1,6,,0.0,0.0
201300017250,28,6,2013,6,2,10,347,2,2,1,3,ARDUSSON/ CRAYERE,48.4512,3.62987
201300017251,26,7,2013,22,3,10,275,1,1,1,7,,0.0,0.0
201300017252,3,8,2013,4,3,10,220,1,1,8,5,,48.505,3.812
201300017253,3,10,2013,13,1,10,323,2,3,1,1,Rue A.BRIAND -,48.515,3.725
201300017254,12,12,2013,16,1,10,233,2,1,8,6,rue general Leclerc,48.51,3.888
201300017255,3,9,2013,17,1,43,190,1,3,1,3,"LIEU-DIT ""LES BOMBES""",45.0514,3.95135
201300017256,3,9,2013,10,1,43,188,1,3,1,3,CARF DES AUBENNES,45.1784,3.51843
201300017257,8,10,2013,14,1,43,148,1,2,2,1,X,45.2081,3.50934
201300017258,2,4,2013,7,1,43,268,1,1,2,5,,45.1374,4.10123
201300017259,24,5,2013,17,1,43,268,2,7,1,6,PL DU MARCH?,0.0,0.0
201300017260,7,8,2013,13,1,43,268,1,3,8,3,LA BESSE,0.0,0.0
201300017261,7,8,2013,18,1,43,25,1,1,1,1,VAURES,45.2319,4.09314
201300017262,15,8,2013,11,1,43,7,1,2,1,3,LES BALAYES,45.0381,4.17303
201300017263,31,8,2013,10,1,43,268,2,1,1,6,RUE DES FOSSES,45.142,4.12524
201300017264,21,12,2013,18,3,43,268,1,1,1,6,"LIEU-DIT ""LAVEE""",45.1545,4.12818
201300017265,28,7,2013,16,1,43,34,1,1,2,6,LE PONTEIL,0.0,0.0
201300017266,19,4,2013,16,1,43,177,2,1,2,6,24 AV DU BOIS LAFAYETTE,0.0,0.0
201300017267,21,12,2013,12,1,43,223,1,3,1,3,"LIEU-DIT ""CHAMBEAU""",45.2487,4.35722
201300017268,14,6,2013,19,1,43,244,1,3,1,3,"LIEU-DIT ""ARTHAUD""",45.1443,4.2942
201300017269,13,7,2013,0,3,43,163,1,1,1,7,"LIEU-DIT ""LES SETOUX""",45.2353,4.43601
201300017270,27,10,2013,10,1,43,142,1,1,1,6,,45.1793,4.36329
201300017271,24,3,2013,16,1,18,220,1,1,1,4,,0.0,0.0
201300017272,24,5,2013,17,1,18,75,1,1,2,3,,47.015,3.029
201300017273,4,7,2013,7,1,18,220,1,2,1,3,,0.0,0.0
201300017274,21,9,2013,18,1,18,120,1,1,1,6,,0.0,0.0
201300017275,4,12,2013,15,1,18,75,2,1,1,3,LIEU DIT GIVRY,47.01269,3.05871
201300017276,31,12,2013,0,4,18,118,2,1,1,7,"10,route de torteron",47.04035,2.97796
201300017277,21,1,2013,7,1,18,35,1,1,4,1,,0.0,0.0
201300017278,16,2,2013,3,3,18,97,1,1,5,7,Lieu dit La Feularde,47.12774,2.42602
201300017279,17,2,2013,7,2,18,226,1,1,1,7,,47.14765,2.5118
201300017280,21,2,2013,18,1,18,35,2,1,1,3,,47.11696,2.63055
201300017281,25,2,2013,19,5,18,109,2,1,1,1,route d'Ach?res,47.29387,2.50305
201300017282,14,4,2013,17,1,18,4,1,1,1,7,,0.0,0.0
201300017283,12,5,2013,22,3,18,206,1,1,1,7,,47.14919,2.3312
201300017284,10,6,2013,9,2,18,3,2,1,1,6,28 Route de Rians,47.1989,2.57942
201300017285,19,6,2013,9,1,18,223,1,1,1,6,,0.0,0.0
201300017286,29,6,2013,20,1,18,151,1,1,1,6,,0.0,0.0
201300017287,20,7,2013,12,1,18,223,2,1,1,6,place de la Mairie,47.20421,2.41752
201300017288,20,7,2013,20,2,18,271,1,1,1,6,,0.0,0.0
201300017289,1,9,2013,18,1,18,4,1,1,1,3,,0.0,0.0
201300017290,4,9,2013,14,1,18,253,1,1,1,7,,0.0,0.0
201300017291,7,9,2013,7,2,18,109,1,1,1,6,,47.30962,2.53982
201300017292,9,9,2013,7,2,18,145,1,1,8,1,,0.0,0.0
201300017293,24,9,2013,18,1,18,235,1,1,1,1,,0.0,0.0
201300017294,14,10,2013,18,1,18,226,1,1,3,7,,47.13587,2.49845
201300017295,19,10,2013,19,3,18,16,1,1,1,1,,47.22144,2.57582
201300017296,5,11,2013,8,1,18,109,2,1,2,2,01 rue des ecoles,47.30608,2.52265
201300017297,14,11,2013,20,5,18,4,2,1,1,6,CD 944,0.0,0.0
201300017298,13,12,2013,18,5,18,235,2,1,1,6,RTE DES AIX,47.13705,2.55139
201300017299,16,3,2013,10,1,18,197,2,1,1,6,17 RUE FRADET,46.72398,2.50432
201300017300,16,5,2013,12,1,18,38,1,1,1,7,,0.0,0.0
201300017301,7,7,2013,18,1,18,52,1,1,1,6,,0.0,0.0
201300017302,21,7,2013,14,1,18,29,1,1,1,6,,0.0,0.0
201300017303,11,9,2013,17,1,18,261,1,1,1,1,,0.0,0.0
201300017304,20,10,2013,16,1,18,197,2,1,1,6,,46.7246,2.49737
201300017305,27,10,2013,22,5,18,197,2,6,8,6,AVENUE JEAN  JAURES,46.72615,2.48897
201300017306,11,11,2013,13,1,18,197,2,2,1,1,"Rochette, Audebrand",46.7217,2.50671
201300017307,30,11,2013,9,1,18,69,1,3,7,3,,46.701,2.534
201300017308,31,5,2013,23,3,18,41,1,1,1,6,,46.65762,2.49587
201300017309,14,6,2013,11,1,18,153,1,2,1,3,,46.74132,2.32716
201300017310,19,6,2013,16,1,18,127,1,1,1,6,,46.75846,2.19045
201300017311,2,7,2013,17,1,18,57,1,1,1,6,,0.0,0.0
201300017312,9,8,2013,1,3,18,230,1,1,1,6,,46.66634,2.31973
201300017313,10,9,2013,17,1,18,112,1,1,1,1,,46.71401,2.23535
201300017314,16,2,2013,4,2,18,212,1,1,1,1,,46.90199,2.41353
201300017315,10,3,2013,5,3,18,68,1,1,2,6,,46.86809,2.64916
201300017316,2,6,2013,0,3,18,218,1,1,1,6,,0.0,0.0
201300017317,9,6,2013,9,1,18,212,1,1,1,1,,0.0,0.0
201300017318,3,1,2013,14,1,18,160,1,2,2,3,Rte de Font Pinon - D976,46.991,2.851
201300017319,14,3,2013,12,1,18,101,1,1,1,1,La Boulaise,0.0,0.0
201300017320,17,4,2013,15,1,18,242,1,3,1,3,RD43/Le vernat,46.81231,2.94812
201300017321,26,4,2013,15,1,18,95,1,1,2,2,,0.0,0.0
201300017322,4,6,2013,0,3,18,31,1,3,1,1,,0.0,0.0
201300017323,7,7,2013,19,2,18,101,1,1,1,6,,46.927,2.92331
201300017324,5,7,2013,14,1,18,62,1,1,1,5,,46.9828,2.99075
201300017325,17,7,2013,7,1,18,82,1,1,1,6,,46.99704,3.04288
201300017326,22,7,2013,18,1,18,82,2,1,1,3,rue du colombier,46.957,3.069
201300017327,18,9,2013,10,1,18,242,1,1,2,2,,0.0,0.0
201300017328,28,9,2013,0,3,18,242,1,1,1,6,,46.833,2.9551
201300017329,17,10,2013,7,2,18,62,2,1,2,6,rue du cimetiere,46.97866,2.97486
201300017330,9,11,2013,11,1,18,242,2,1,1,6,10 place de la liberatio,46.836,2.921
201300017331,9,12,2013,8,2,18,242,2,1,1,6,20 RUE HENRI DUNANT,46.829,2.93435
201300017332,9,12,2013,8,1,18,160,1,1,1,1,,47.004,2.777
201300017333,16,2,2013,11,1,18,290,1,1,8,2,,47.27377,2.23292
201300017334,10,3,2013,18,2,18,11,1,1,1,3,,47.57,2.465
201300017335,29,3,2013,17,1,18,165,1,1,1,7,,0.0,0.0
201300017336,14,4,2013,22,3,18,30,1,1,1,6,,0.0,0.0
201300017337,5,5,2013,0,3,18,30,1,1,1,6,,47.536,2.54
201300017338,5,5,2013,16,1,18,290,1,1,8,7,,47.26,2.194
201300017339,22,5,2013,21,3,18,149,1,1,1,6,,47.32389,2.43026
201300017340,11,8,2013,6,1,18,88,1,1,1,7,,0.0,0.0
201300017341,14,10,2013,8,1,18,15,2,1,3,1,165 avenue LECLERC,47.47832,2.43788
201300017342,31,10,2013,11,1,18,15,2,1,1,7,9 av Charles de Gaulle,47.48759,2.4375
201300017343,8,1,2013,13,1,18,263,1,1,8,3,route des Tripaudieres,47.266,1.92876
201300017344,15,1,2013,7,3,18,190,1,1,2,6,,47.13484,2.16316
201300017345,25,4,2013,19,1,18,64,2,1,1,6,Route de Vatan,47.12102,2.04697
201300017346,23,5,2013,18,1,18,279,1,1,1,1,,0.0,0.0
201300017347,9,7,2013,17,1,18,96,2,2,1,2,Rue Gaston Cornavin,47.17977,2.15903
201300017348,11,7,2013,17,1,18,237,1,6,1,2,,47.07783,2.18058
201300017349,20,7,2013,8,1,18,128,1,1,1,7,,47.0808,2.08311
201300017350,25,7,2013,11,1,18,85,1,2,1,3,,47.18938,1.95331
201300017351,1,8,2013,16,1,18,141,2,2,1,3,rue Jeanne d'Arc,47.1447,2.21681
201300017352,3,11,2013,9,1,18,138,1,1,1,3,,0.0,0.0
201300017353,2,12,2013,21,3,18,150,1,1,2,6,,0.0,0.0
201300017354,9,12,2013,5,3,18,141,2,1,9,6,,0.0,0.0
201300017355,26,2,2013,12,1,73,300,2,1,1,6,montee de tresserve,45.68489,5.90399
201300017356,27,3,2013,21,3,73,103,1,1,1,6,Route de Misery,45.673,5.947
201300017357,19,1,2013,12,1,73,83,2,9,1,3,LD USINE ROUGE,45.38224,6.27911
201300017358,5,4,2013,15,1,73,329,1,1,1,6,,45.6266,5.87577
201300017359,14,4,2013,16,1,73,328,1,3,1,2,,45.64281,5.91083
201300017360,10,9,2013,7,1,73,329,1,6,1,4,Route de l'aeroport,45.6376,5.8921
201300017361,11,12,2013,12,1,73,103,1,4,1,3,Crole-La Boisiere,45.6546,5.9135
201300017362,21,12,2013,10,1,73,103,1,1,1,7,Route des Chenes,45.6556,5.9215
201300017363,13,1,2013,21,3,73,28,1,1,9,6,,45.70603,5.714
201300017364,5,5,2013,14,1,73,245,1,1,1,7,,45.70291,5.83357
201300017365,15,5,2013,16,1,73,330,1,1,2,1,,45.69762,5.79343
201300017366,1,6,2013,8,1,73,179,1,1,1,1,,45.6304,5.8748
201300017367,7,6,2013,17,1,73,51,1,1,1,3,,0.0,0.0