Num_Acc,jour,mois,an,hr,condition_eclairage,departement,commune,condition_agglomeration,intersection,condition_atmosphere,type_collision,adresse,lattitude,longitude
201300017368,16,6,2013,14,1,73,51,1,1,1,7,,45.65513,5.83551
201300017369,30,7,2013,15,1,73,245,1,1,1,1,,45.69185,5.82896
201300017370,14,11,2013,19,4,73,51,1,1,2,6,La Paniere,45.6416,5.865
201300017371,27,1,2013,0,4,73,171,2,6,9,7,La clef des champs,45.49685,6.05458
201300017372,12,2,2013,15,1,73,240,1,2,1,3,,45.47141,6.04342
201300017373,26,5,2013,22,5,73,247,2,1,1,7,chef lieu,45.55599,6.12822
201300017374,10,1,2013,17,5,73,124,1,2,4,3,,45.64945,6.35824
201300017375,15,1,2013,12,1,73,121,1,1,4,2,,45.6259,6.31955
201300017376,27,10,2013,3,5,73,283,2,1,1,6,Les Chavannes,45.6245,6.2917
201300017377,23,1,2013,14,1,73,248,2,1,1,4,avenue du 8 mai 1945,45.27163,6.3629
201300017378,26,1,2013,16,1,73,261,1,1,1,6,,45.21103,6.49988
201300017379,4,5,2013,10,1,73,248,2,1,1,6,,45.2708,6.3536
201300017380,14,9,2013,12,1,73,256,1,1,1,1,,45.20784,6.45796
201300017381,26,1,2013,16,1,73,189,1,1,9,7,,45.38464,6.33055
201300017382,19,2,2013,8,1,73,7,1,1,1,1,,45.57507,6.24189
201300017383,21,7,2013,10,1,73,221,1,1,1,1,,45.31833,6.26947
201300017384,27,7,2013,6,2,73,83,1,1,1,7,Route Royale,45.3922,6.2807
201300017385,9,8,2013,6,2,73,19,1,1,1,5,,45.50154,6.30434
201300017386,27,12,2013,23,3,73,231,2,1,1,6,Z.A GRANGE BORDON,45.3481,6.3032
201300017387,15,3,2013,12,1,64,139,1,1,1,7,,43.1988,-0.38767
201300017388,31,7,2013,18,1,64,230,2,9,1,6,AV D'ASPE,43.2276,-0.38887
201300017389,26,11,2013,17,1,64,230,1,1,7,2,,43.2401,-0.38747
201300017390,6,4,2013,19,1,64,198,2,1,1,1,RUE DU STADE,43.3607,-0.51029
201300017391,17,10,2013,18,1,64,549,1,1,1,7,,0.0,0.0
201300017392,19,11,2013,17,2,64,519,1,1,2,6,,43.3843,-0.38047
201300017393,30,12,2013,12,1,64,60,1,6,1,7,,43.329,-0.469
201300017394,8,1,2013,15,1,64,370,2,1,1,6,,43.3548,-0.28368
201300017395,12,6,2013,11,1,64,238,1,1,7,3,,0.0,0.0
201300017396,25,6,2013,20,1,64,343,1,1,1,7,,43.2623,-0.1753
201300017397,14,7,2013,23,3,64,390,1,1,1,6,D221/D242,43.4891,-0.07224
201300017398,10,8,2013,8,1,64,238,1,2,8,3,,43.265,-0.07241
201300017399,26,11,2013,8,1,64,526,2,1,1,6,AV LASBORDES,0.0,0.0
201300017400,18,4,2013,22,5,64,133,2,1,2,1,D937,43.2347,-0.28128
201300017401,21,12,2013,15,1,64,138,1,2,1,3,,43.2377,-0.26467
201300017402,4,9,2013,19,1,64,283,1,1,1,1,,43.1942,-1.20228
201300017403,11,1,2013,14,1,64,393,1,1,7,1,,43.3429,-0.5832
201300017404,2,7,2013,14,1,64,443,2,1,1,3,RUE DU FRONTON,0.0,0.0
201300017405,28,9,2013,18,1,64,420,1,1,2,2,,43.3128,-0.69895
201300017406,30,7,2013,12,1,64,112,1,1,1,1,,43.4959,-0.86466
201300017407,11,1,2013,7,5,45,167,2,1,1,6,65 R DU BOIS DE DEURRE,47.89287,1.70318
201300017408,7,3,2013,14,1,45,203,1,1,1,5,,0.0,0.0
201300017409,11,3,2013,18,2,45,173,2,1,3,6,BD CARNOT,47.86591,2.12343
201300017410,16,3,2013,13,1,45,324,1,2,1,3,D 951/VC,47.81711,2.16774
201300017411,8,4,2013,18,1,45,300,2,1,1,1,91 R COURTINIERES,47.84406,2.02489
201300017412,19,4,2013,9,1,45,6,1,1,7,3,D 326 // ACCES HITACHI,47.81736,1.91879
201300017413,8,6,2013,16,1,45,335,1,1,2,6,,47.81068,2.12199
201300017414,8,6,2013,20,1,45,324,1,1,2,6,LE CHENE,47.78865,2.16889
201300017415,14,6,2013,4,3,45,311,1,1,5,6,,47.82176,2.24714
201300017416,20,6,2013,17,1,45,324,1,2,1,3,D 951/VC,47.81714,2.16784
201300017417,21,6,2013,5,1,45,226,1,1,1,6,,0.0,0.0
201300017418,29,6,2013,13,1,45,324,1,2,1,3,LES 4 CHEMINS,47.81343,2.1926
201300017419,6,7,2013,14,1,45,193,1,1,1,1,LES CHAPELLES,47.78384,2.05656
201300017420,7,7,2013,18,1,45,324,1,1,1,6,LES GITTONNIERES,47.77141,2.17743
201300017421,16,8,2013,15,1,45,6,1,1,7,6,LA PINARDIERE,47.79777,1.90322
201300017422,3,9,2013,10,1,45,272,1,1,1,5,LES ACACIAS,47.80678,1.92975
201300017423,22,10,2013,5,3,45,266,1,4,1,2,,48.10484,1.88951
201300017424,25,10,2013,19,3,45,40,1,1,3,6,,0.0,0.0
201300017425,7,4,2013,5,4,45,129,2,1,1,6,12 R BOURGOGNE,47.94259,3.05474
201300017426,27,6,2013,8,1,45,329,1,1,1,6,,47.95861,2.97718
201300017427,27,9,2013,18,1,45,9,1,1,1,1,,48.12352,2.04412
201300017428,17,10,2013,10,1,45,188,1,1,2,1,,47.9706,2.04928
201300017429,18,10,2013,20,3,45,95,1,1,1,6,,48.09757,2.12394
201300017430,5,11,2013,22,3,45,95,2,1,8,6,850 RTE COURCY // GALLER,48.05569,2.18109
201300017431,16,12,2013,6,3,45,25,1,1,9,1,,48.16622,2.05271
201300017432,4,2,2013,17,1,60,103,1,1,6,1,,0.0,0.0
201300017433,5,2,2013,7,2,60,542,2,1,2,2,RD12,0.0,0.0
201300017434,16,4,2013,4,3,60,628,1,1,1,6,,0.0,0.0
201300017435,4,6,2013,15,1,60,251,1,1,1,1,,0.0,0.0
201300017436,8,6,2013,17,1,60,328,1,4,1,3,,0.0,0.0
201300017437,9,10,2013,9,1,60,639,2,1,1,3,Avenue des pommerets,0.0,0.0
201300017438,23,3,2013,14,1,60,577,1,1,1,1,,0.0,0.0
201300017439,17,10,2013,17,1,60,30,1,1,2,1,,0.0,0.0
201300017440,15,11,2013,15,1,60,315,1,2,1,3,,0.0,0.0
201300017441,15,11,2013,10,1,60,577,1,1,1,6,,0.0,0.0
201300017442,20,12,2013,9,1,60,401,2,1,9,6,rd 129 rue maru cassatt,0.0,0.0
201300017443,28,1,2013,20,3,60,387,1,1,2,6,,0.0,0.0
201300017444,21,2,2013,7,1,60,286,2,1,1,6,Rue d'Amiens,0.0,0.0
201300017445,3,3,2013,9,1,60,194,1,1,1,6,,0.0,0.0
201300017446,22,3,2013,14,1,60,233,1,1,6,7,,0.0,0.0
201300017447,29,3,2013,16,1,60,269,2,1,1,7,Rue du cul de sac,0.0,0.0
201300017448,11,5,2013,3,3,60,76,1,1,1,7,,0.0,0.0
201300017449,2,6,2013,20,1,60,233,1,1,1,7,,0.0,0.0
201300017450,10,7,2013,12,1,60,472,2,2,1,3,4 rue de Beaudeduit,0.0,0.0
201300017451,14,7,2013,16,1,60,588,1,1,1,6,,0.0,0.0
201300017452,21,7,2013,19,1,60,303,1,2,1,5,,0.0,0.0
201300017453,28,7,2013,9,1,60,84,1,1,1,1,,0.0,0.0
201300017454,7,8,2013,0,5,60,296,1,1,1,6,,0.0,0.0
201300017455,22,8,2013,15,1,60,699,1,1,1,1,,0.0,0.0
201300017456,6,9,2013,23,3,60,622,2,1,1,6,,0.0,0.0
201300017457,12,10,2013,15,1,60,205,1,1,1,6,,0.0,0.0
201300017458,18,10,2013,20,5,60,403,2,1,1,6,,0.0,0.0
201300017459,14,11,2013,18,5,60,233,2,1,2,6,51 rue henri demont,0.0,0.0
201300017460,27,12,2013,20,5,60,590,1,1,2,6,,0.0,0.0
201300017461,28,1,2013,9,1,60,173,1,1,4,6,,0.0,0.0
201300017462,7,3,2013,10,1,60,86,1,1,2,1,,0.0,0.0
201300017463,11,7,2013,19,1,60,173,1,1,7,7,,0.0,0.0
201300017464,14,2,2013,7,2,60,82,1,1,9,1,,0.0,0.0
201300017465,3,4,2013,9,2,60,664,1,1,2,1,,0.0,0.0
201300017466,20,5,2013,10,1,60,104,1,2,3,3,,0.0,0.0
201300017467,18,8,2013,4,3,60,104,1,1,1,6,,0.0,0.0
201300017468,7,10,2013,14,1,60,104,2,1,1,6,rue de la Republique,0.0,0.0
201300017469,6,12,2013,18,3,60,664,1,1,1,5,,0.0,0.0
201300017470,24,12,2013,16,1,60,26,2,1,1,6,38 RUE D AMIENS,0.0,0.0
201300017471,8,1,2013,15,1,60,360,2,1,8,6,avenue d'Ile de France,0.0,0.0
201300017472,6,3,2013,10,1,60,40,1,2,1,3,,0.0,0.0
201300017473,25,4,2013,17,1,60,152,1,1,1,1,,0.0,0.0
201300017474,7,7,2013,6,2,60,524,1,1,1,6,,0.0,0.0
201300017475,28,1,2013,8,2,60,701,1,1,8,1,,49.548,2.375
201300017476,27,1,2013,20,3,60,556,1,1,2,7,,49.606,2.524
201300017477,8,2,2013,7,3,60,498,1,1,9,6,,49.509,2.461
201300017478,12,2,2013,11,1,60,133,1,1,8,3,,0.0,0.0
201300017479,5,4,2013,13,1,60,581,2,1,1,6,rue valentin hauy,0.0,0.0
201300017480,4,5,2013,10,1,60,581,2,1,1,6,rue de paris,49.513,2.433
201300017481,13,6,2013,14,1,60,522,1,1,2,7,,49.56,2.416
201300017482,15,6,2013,1,5,60,581,2,1,1,6,RUE DE LA LIBERATION,49.51,2.43
201300017483,1,9,2013,0,3,60,112,2,1,1,3,Rue de ecoles,0.0,0.0
201300017484,21,9,2013,13,1,60,357,1,2,1,3,,0.0,0.0
201300017485,16,10,2013,11,1,60,564,1,1,1,7,,0.0,0.0
201300017486,30,11,2013,15,1,60,522,2,1,1,1,Ruelle Leclerc,0.0,0.0
201300017487,27,11,2013,18,5,60,581,2,3,8,6,Rue de plainval,0.0,0.0
201300017488,16,12,2013,19,3,60,581,1,1,1,6,,0.0,0.0
201300017489,2,1,2013,18,3,60,537,1,1,1,2,,49.539,2.947
201300017490,15,2,2013,23,3,60,64,1,1,1,7,,49.418,3.037
201300017491,4,4,2013,17,1,60,156,2,1,1,3,,0.0,0.0
201300017492,15,6,2013,11,1,60,64,2,1,1,6,rue raymond faroux,49.418,3.019
201300017493,15,6,2013,16,1,60,151,1,1,1,6,,49.447,2.89
201300017494,5,8,2013,7,1,60,582,1,1,1,3,,49.481,2.942
201300017495,7,8,2013,14,1,60,636,2,1,1,6,,49.491,2.882
201300017496,15,9,2013,19,1,60,150,1,2,1,3,,0.0,0.0
201300017497,25,10,2013,23,3,60,129,1,1,2,6,,49.518,3.036
201300017498,15,12,2013,12,1,60,32,1,1,1,6,,49.448,3.134
201300017499,15,8,2013,18,1,60,59,1,1,9,7,,0.0,0.0
201300017500,2,3,2013,16,1,60,166,1,1,1,6,,0.0,0.0
201300017501,1,7,2013,19,1,60,533,1,1,1,1,,0.0,0.0
201300017502,14,8,2013,0,3,60,386,1,1,1,6,,0.0,0.0
201300017503,13,9,2013,9,1,60,273,2,1,2,3,12 route de villers,0.0,0.0
201300017504,12,10,2013,15,1,60,191,1,3,1,1,,0.0,0.0
201300017505,1,2,2013,12,1,60,509,2,2,2,3,,0.0,0.0
201300017506,18,2,2013,17,1,60,509,2,1,1,6,rue du General de Gaulle,0.0,0.0
201300017507,5,5,2013,20,2,60,68,2,1,1,6,rue lefevre lesueur,0.0,0.0
201300017508,19,8,2013,16,1,60,68,2,1,1,3,rue du Docteur Chopinet,0.0,0.0
201300017509,1,11,2013,12,1,60,272,1,1,2,1,,0.0,0.0
201300017510,4,11,2013,19,5,60,509,2,1,2,1,,0.0,0.0
201300017511,18,12,2013,17,4,60,508,2,1,1,5,rue saint gervais,0.0,0.0
201300017512,17,4,2013,22,5,09,176,2,1,1,6,SANTOULIS,42.75,1.75
201300017513,21,10,2013,3,5,09,53,2,1,1,6,le village,42.76663,1.78539
201300017514,6,11,2013,20,3,09,214,1,1,1,1,,42.97707,1.21189
201300017515,14,3,2013,23,3,09,301,1,1,4,6,,42.90099,1.22715
201300017516,13,11,2013,17,2,09,235,1,1,2,1,,43.0366,0.99438
201300017517,14,4,2013,8,1,83,12,1,1,1,3,,0.0,0.0
201300017518,21,4,2013,17,1,83,60,1,1,1,7,,0.0,0.0
201300017519,9,8,2013,9,1,83,84,1,1,1,6,,0.0,0.0
201300017520,6,1,2013,15,1,83,7,1,1,1,6,,0.0,0.0
201300017521,14,6,2013,17,1,83,2,1,1,1,1,,0.0,0.0
201300017522,12,2,2013,19,5,90,9,2,1,4,1,71 rue Beucler,0.0,0.0
201300017523,20,10,2013,12,1,90,24,1,1,3,7,,0.0,0.0
201300017524,14,9,2013,7,2,90,58,1,1,2,6,,47.716,7.012
201300017525,8,3,2013,4,3,90,72,2,1,1,6,rue du General de Gaulle,0.0,0.0
201300017526,3,4,2013,22,3,90,72,1,1,8,6,,47.545,6.931
201300017527,19,4,2013,4,3,90,17,1,1,1,6,,0.0,0.0
201300017528,10,5,2013,20,2,90,48,2,1,1,6,rue de Belvoir,0.0,0.0
201300017529,21,5,2013,20,2,90,53,1,1,3,1,,0.0,0.0
201300017530,11,11,2013,18,3,90,53,1,1,1,6,,47.531,6.963
201300017531,4,1,2013,19,3,50,123,1,4,1,7,RUE DU PONT CROCHU,49.1251,-1.20999
201300017532,2,7,2013,15,1,50,356,2,1,1,6,RUE DE LA CHENAIE,49.2105,-1.04255
201300017533,9,7,2013,17,1,50,119,1,1,1,1,LA CROUTE,49.165,-1.22026
201300017534,22,9,2013,5,3,50,455,1,1,5,7,LES COURERIES,49.1736,-1.03533
201300017535,12,10,2013,18,1,50,606,2,1,1,6,LE BOURG,49.215,-1.24294
201300017536,30,8,2013,19,1,50,607,1,3,1,3,LE GENETEL,48.7821,-1.27255
201300017537,2,10,2013,18,1,50,453,1,2,1,3,LA PATTE D'OIE,48.8171,-1.19663
201300017538,10,1,2013,14,1,50,133,1,1,1,6,,48.611,-1.05922
201300017539,10,5,2013,19,1,50,263,1,3,1,3,LE CHAMP DU MONT,48.5768,-1.03404
201300017540,27,5,2013,17,1,50,256,1,1,1,1,,48.6513,-1.14014
201300017541,28,5,2013,3,3,50,484,2,1,2,6,RUE DE PARIS,48.5773,-1.08848
201300017542,2,6,2013,20,1,50,484,1,1,1,6,LA PAVEILLE,48.582,-1.11222
201300017543,3,6,2013,8,1,50,484,2,1,1,6,RUE DE MORTAIN,48.5802,-1.09232
201300017544,14,6,2013,19,1,50,484,2,1,1,7,RESIDENCE BEAUSEJOUR,48.5782,-1.092
201300017545,15,7,2013,16,1,50,293,1,2,1,3,CLOS DU FEU,48.6115,-1.12057
201300017546,11,8,2013,10,1,50,274,1,1,1,7,LE VAUX ROUX,48.5574,-1.11025
201300017547,14,8,2013,9,1,50,570,1,2,1,3,LA CROIX DU CHENE,48.5215,-1.00784
201300017548,29,9,2013,15,1,50,329,1,2,1,3,LA PETITE CHAPRONNIERE,48.6108,-1.03087
201300017549,21,11,2013,14,1,50,263,1,1,1,1,LA MAIRIE,48.5571,-1.04664
201300017550,12,5,2013,17,1,50,619,1,2,1,3,,49.6007,-1.36768
201300017551,24,4,2013,16,1,50,82,2,2,1,3,RUE PIERRE MARIE,49.47,-1.64118
201300017552,10,9,2013,6,5,50,82,2,1,1,3,RUE DU ONZE NOVEMBRE,49.4719,-1.62961
201300017553,16,8,2013,23,3,50,3,1,3,1,3,,49.0664,-1.59578
201300017554,29,8,2013,19,1,50,354,1,1,1,6,LES HAUTS VENTS,49.0972,-1.48743
201300017555,27,5,2013,14,1,50,365,1,1,1,2,,48.9302,-1.49361
201300017556,24,12,2013,17,5,50,524,2,1,2,6,RUE DU GENERAL BRADLEY,49.1311,-1.413
201300017557,30,12,2013,19,3,50,481,1,1,1,1,,49.2381,-1.6161
201300017558,20,5,2013,14,1,14,257,1,1,2,1,LA VIERGE NOIRE,49.0932,-0.49788
201300017559,31,12,2013,19,3,14,727,1,1,2,6,,0.0,0.0
201300017560,29,5,2013,16,1,14,714,2,9,1,2,LA TUILERIE D572,49.218,-0.79261
201300017561,17,7,2013,17,1,14,480,2,1,1,2,rue capard,0.0,0.0
201300017562,5,10,2013,15,1,14,124,1,1,1,6,,0.0,0.0
201300017563,3,4,2013,17,1,14,196,1,1,1,7,D65 CREPON,49.3071,-0.5478
201300017564,19,7,2013,14,1,14,191,2,1,1,6,Quai Ouest,49.334,-0.457
201300017565,20,9,2013,9,1,14,8,1,2,1,3,,0.0,0.0
201300017566,14,1,2013,22,3,14,102,1,1,3,6,,0.0,0.0
201300017567,24,1,2013,23,3,14,601,1,1,1,2,,49.2825,0.21255
201300017568,8,2,2013,9,1,14,563,1,1,8,1,,0.0,0.0
201300017569,9,3,2013,18,1,14,492,1,3,1,3,,49.3877,0.13429
201300017570,9,6,2013,16,1,14,86,1,1,1,6,D288,49.3379,0.11538
201300017571,2,7,2013,20,1,14,86,1,1,1,3,,0.0,0.0
201300017572,9,12,2013,17,2,14,593,1,1,8,1,,0.0,0.0
201300017573,10,8,2013,17,1,14,754,1,1,1,3,,0.0,0.0
201300017574,14,8,2013,16,1,14,494,1,1,1,1,,0.0,0.0
201300017575,9,3,2013,18,1,14,39,1,2,1,1,,49.0096,-0.34689
201300017576,4,4,2013,2,4,14,20,1,1,1,6,D37 ARGENCES,49.1333,-0.16386
201300017577,31,5,2013,22,2,14,20,1,1,1,6,LE FRESNE D'ARGENCES,49.133,-0.16376
201300017578,13,5,2013,7,1,14,162,1,2,2,3,(LE FRENE )  CLECY,48.8851,-0.50412
201300017579,11,1,2013,8,1,14,403,1,1,3,7,CARREFOUR ST PIERRE,49.1436,0.36187
201300017580,9,2,2013,17,2,14,303,1,1,2,6,,0.0,0.0
201300017581,26,2,2013,3,3,14,270,1,1,2,6,,49.1439,0.33662
201300017582,23,3,2013,9,1,14,421,1,1,2,6,,49.105,0.26338
201300017583,14,7,2013,4,4,14,621,2,1,5,6,Le Fossard,0.0,0.0
201300017584,26,7,2013,15,1,14,582,1,1,1,3,,0.0,0.0
201300017585,2,8,2013,16,1,14,265,1,1,1,1,,49.053,0.278
201300017586,1,9,2013,21,3,14,504,1,1,1,6,,49.222,0.323
201300017587,5,9,2013,21,3,14,595,1,1,1,1,,49.092,0.235
201300017588,21,9,2013,4,3,14,334,1,1,1,1,,0.0,0.0
201300017589,15,4,2013,8,1,14,431,2,3,1,2,MEZIDON-CANON,49.07,-0.06692
201300017590,7,6,2013,15,1,14,431,2,6,1,3,RUE L ON BLUM,49.0763,-0.0771
201300017591,9,11,2013,15,1,14,331,1,1,1,3,,49.019,0.008
201300017592,3,3,2013,6,3,14,717,1,1,1,6,,48.8007,-0.80233
201300017593,25,4,2013,11,1,14,762,2,6,1,6,ROND POINT DU 06 JUIN,0.0,0.0
201300017594,28,6,2013,16,1,14,730,1,1,1,5,D407 LES GAILLONS,48.8463,-0.85958
201300017595,13,9,2013,16,1,14,717,1,1,2,6,,0.0,0.0
201300017596,17,11,2013,12,1,06,136,1,1,1,1,,0.0,0.0
201300017597,16,6,2013,10,1,06,23,1,1,1,7,,0.0,0.0
201300017598,21,7,2013,12,1,06,163,1,1,1,3,,0.0,0.0
201300017599,1,9,2013,12,1,06,23,1,1,1,1,,0.0,0.0
201300017600,19,10,2013,19,3,06,62,1,1,1,6,,0.0,0.0
201300017601,16,10,2013,10,1,06,32,1,1,7,2,,0.0,0.0
201300017602,6,5,2013,8,1,06,151,1,1,1,3,,0.0,0.0
201300017603,24,7,2013,15,1,06,158,2,1,1,3,"RD 6202, PR74+350",43.941,7.087
201300017604,12,9,2013,16,1,06,78,1,1,1,6,,43.936,7.14
201300017605,20,7,2013,13,1,06,151,1,1,1,1,,43.889,7.252
201300017606,2,1,2013,9,1,72,74,1,1,8,6,,0.0,0.0
201300017607,8,1,2013,18,3,72,329,1,1,2,6,,48.082,0.317
201300017608,30,3,2013,14,1,72,310,1,6,1,2,,0.0,0.0
201300017609,6,3,2013,17,1,72,269,1,1,1,2,,47.93,0.762
201300017610,17,6,2013,12,1,72,204,1,1,1,2,,47.941,0.693
201300017611,11,7,2013,22,5,72,269,2,1,1,6,,47.924,0.74
201300017612,12,7,2013,3,3,72,204,1,1,1,7,,47.969,0.692
201300017613,21,8,2013,6,2,72,94,1,1,1,6,,0.0,0.0
201300017614,3,11,2013,21,3,72,125,1,1,2,2,,47.952,0.648
201300017615,17,3,2013,9,1,72,358,2,1,1,2,CD 302,0.0,0.0
201300017616,16,8,2013,23,5,72,90,2,1,1,6,Rue de la Herse,0.0,0.0
201300017617,6,4,2013,16,1,72,157,1,1,1,6,,0.0,0.0
201300017618,28,8,2013,18,1,72,89,1,1,1,3,,0.0,0.0
201300017619,31,8,2013,4,3,72,256,1,1,1,6,,0.0,0.0
201300017620,24,10,2013,13,1,72,315,1,1,1,3,,0.0,0.0
201300017621,26,10,2013,3,3,72,229,1,1,8,1,,0.0,0.0
201300017622,18,1,2013,20,3,72,115,1,1,4,6,,47.656,0.479
201300017623,18,1,2013,17,3,72,71,1,1,4,2,,47.719,0.405
201300017624,7,5,2013,10,1,72,376,1,1,1,1,,47.881,0.517
201300017625,1,7,2013,7,1,72,221,1,9,1,3,,47.662,0.404
201300017626,28,7,2013,19,1,72,115,1,1,3,5,,47.682,0.46
201300017627,2,10,2013,0,5,72,183,1,1,2,6,,0.0,0.0
201300017628,21,11,2013,17,2,72,175,1,1,8,6,,47.699,0.141
201300017629,18,1,2013,8,1,72,180,2,1,1,6,53 place Carnot,0.0,0.0
201300017630,26,5,2013,20,1,72,112,1,1,7,3,,0.0,0.0
201300017631,10,11,2013,14,1,72,39,2,1,1,6,,0.0,0.0
201300017632,8,1,2013,0,5,72,132,2,3,1,6,rue marceau,0.0,0.0
201300017633,8,5,2013,20,1,72,132,2,1,1,6,rue Alfred Marchand,0.0,0.0
201300017634,20,9,2013,14,1,72,383,1,2,1,5,,0.0,0.0
201300017635,1,10,2013,18,1,72,331,1,1,2,1,,0.0,0.0
201300017636,20,1,2013,9,1,72,380,1,1,8,6,,48.233,0.163
201300017637,26,2,2013,12,1,72,199,1,1,1,6,,0.0,0.0
201300017638,12,4,2013,8,1,72,273,1,1,2,3,,0.0,0.0
201300017639,28,7,2013,7,1,72,138,2,1,1,6,01 rue du Docteur HOREAU,0.0,0.0
201300017640,4,1,2013,20,3,54,27,1,1,2,7,,48.899,6.108
201300017641,7,7,2013,21,2,54,425,2,1,1,6,RUE DE VERDUN,49.3092,5.76624
201300017642,13,4,2013,15,1,54,269,1,2,1,3,,48.6053,6.38383
201300017643,5,5,2013,12,1,54,176,1,2,1,3,,48.669,6.491
201300017644,18,4,2013,21,2,54,467,1,1,1,6,,48.45066,6.42824
201300017645,5,6,2013,10,1,54,465,2,1,1,3,,48.47139,6.29509
201300017646,26,7,2013,17,1,54,76,2,3,1,3,rue d'Alsace,48.55543,6.41126
201300017647,18,12,2013,14,1,54,54,1,1,1,6,,48.49118,6.33808
201300017648,30,7,2013,14,1,54,30,1,9,1,6,,48.60767,6.78157
201300017649,5,11,2013,16,2,54,14,2,1,3,6,1 rue de saonte pole,0.0,0.0
201300017650,27,9,2013,17,1,54,47,2,1,1,6,52 Grande rue,48.541,5.844
201300017651,14,10,2013,11,1,54,80,1,1,1,6,,48.60621,5.81327
201300017652,5,5,2013,19,1,54,346,1,1,1,6,,48.78005,5.92517
201300017653,26,12,2013,14,1,54,532,1,1,2,7,,48.79798,5.92954
201300017654,19,8,2013,23,3,54,416,1,1,1,6,,48.94003,5.80837
201300017655,28,7,2013,22,3,66,160,1,1,1,6,,0.0,0.0
201300017656,28,9,2013,22,5,66,49,2,2,1,3,Bd Jean Moullin,42.49013,2.75011
201300017657,19,6,2013,9,1,66,178,2,1,1,6,Ave du Canigou,42.51435,2.78692
201300017658,30,6,2013,5,2,14,701,1,1,1,3,C.D. 27,49.3277,0.08093
201300017659,17,2,2013,0,5,14,220,2,1,1,3,FERNAND MOUREAUX (BOULEV,49.3638,0.08342
201300017660,6,9,2013,16,1,66,24,1,1,1,1,,0.0,0.0
201300017661,8,9,2013,12,1,66,137,1,3,1,3,,0.0,0.0
201300017662,29,9,2013,1,3,66,24,1,1,1,6,,0.0,0.0
201300017663,27,8,2013,10,1,14,220,2,2,1,7,"73, DESIRE LE HOC (RUE)",0.0,0.0
201300017664,30,3,2013,15,1,14,220,2,1,1,2,,49.3628,0.08486
201300017665,6,4,2013,23,5,14,557,2,1,1,6,AVENUE MICHEL D'ORNANO,49.344,0.08614
201300017666,12,11,2013,15,1,14,220,2,1,2,6,DESIRE LE HOC (RUE),0.0,0.0
201300017667,16,4,2013,17,1,14,715,1,1,1,7,AGUESSEAU (ROUTE D'),49.3663,0.10698
201300017668,1,5,2013,17,1,14,86,2,1,1,6,"01, LOUVEL ET BRIERE (RU",49.3393,0.10649
201300017669,3,5,2013,19,1,14,699,2,1,1,6,VALLEE D'AUGE (RUE DE LA,49.3464,0.09586
201300017670,5,5,2013,18,1,14,220,2,1,1,3,"09, JOHN FITZGERALD KENN",49.3608,0.08624
201300017671,11,5,2013,12,1,14,79,1,2,1,3,TOURGEVILLE (ROUTE DE),49.324,0.03632
201300017672,14,6,2013,4,5,14,699,2,3,1,3,ARISTIDE BRIAND (AVENUE),49.3488,0.09843
201300017673,14,7,2013,20,1,14,220,2,1,1,7,CORNUCHE (BOULEVARD),0.0,0.0
201300017674,19,7,2013,16,1,14,220,2,1,1,7,AGUSTE-DECAENS (RUE),0.0,0.0
201300017675,21,7,2013,10,1,14,79,1,2,1,3,TOURGEVILLE (ROUTE DE),0.0,0.0
201300017676,4,8,2013,5,3,14,699,1,1,1,7,HONFLEUR (ROUTE D'HONFLE,0.0,0.0
201300017677,9,8,2013,15,1,14,699,1,6,1,7,HONFLEUR (ROUTE D'HONFLE,0.0,0.0
201300017678,20,8,2013,18,1,14,699,2,1,1,5,CD 677,0.0,0.0
201300017679,20,8,2013,18,1,14,699,2,1,1,2,CD 677,0.0,0.0
201300017680,22,9,2013,9,1,14,699,2,1,1,6,LOUVEL ET BRIERE (RUE),0.0,0.0
201300017681,1,10,2013,20,1,14,715,2,1,1,6,ARISTIDE BRIAND (BOULEVA,0.0,0.0
201300017682,3,10,2013,13,1,14,79,1,1,1,7,TOURGEVILLE (ROUTE DE),0.0,0.0
201300017683,30,10,2013,18,5,14,220,2,1,1,7,MARINE (QUAI DE LA ),0.0,0.0
201300017684,24,11,2013,11,1,14,79,1,1,1,7,PONT L'EVEQUE A VILLERS/,0.0,0.0
201300017685,28,11,2013,18,5,14,715,2,1,1,7,AGUESSEAU (ROUTE D'),0.0,0.0
201300017686,6,12,2013,17,3,14,79,1,1,1,7,C D 27,0.0,0.0
201300017687,19,12,2013,11,1,14,220,2,1,1,6,AGUSTE-DECAENS (RUE),0.0,0.0
201300017688,26,12,2013,14,1,14,220,2,1,1,3,MARINE (QUAI DE LA ),0.0,0.0