Num_Acc,jour,mois,an,hr,condition_eclairage,departement,commune,condition_agglomeration,intersection,condition_atmosphere,type_collision,adresse,lattitude,longitude
201300017689,31,12,2013,18,5,14,715,2,1,1,7,FERNAND MOUREAUX (BOULEV,0.0,0.0
201300017690,6,1,2013,11,1,66,48,1,1,1,1,,0.0,0.0
201300017691,9,8,2013,5,3,66,167,1,1,1,3,,0.0,0.0
201300017692,31,8,2013,10,1,66,147,1,1,1,6,,0.0,0.0
201300017693,21,9,2013,20,2,66,25,2,1,1,6,Avenue emmanuel Brousse,0.0,0.0
201300017694,17,1,2013,10,1,66,64,1,1,4,5,,0.0,0.0
201300017695,7,9,2013,18,1,66,188,1,1,3,1,,0.0,0.0
201300017696,20,3,2013,13,1,66,187,2,1,1,5,39 avenue Jean Moulin,0.0,0.0
201300017697,29,3,2013,16,1,66,46,1,1,1,2,,0.0,0.0
201300017698,1,4,2013,16,1,66,97,1,1,8,6,,0.0,0.0
201300017699,20,7,2013,9,1,66,158,1,1,1,7,,0.0,0.0
201300017700,26,7,2013,12,1,66,96,1,1,7,6,,0.0,0.0
201300017701,15,8,2013,17,1,66,96,2,1,1,3,Avenue General de Gaulle,0.0,0.0
201300017702,18,8,2013,4,3,66,205,1,1,1,7,,0.0,0.0
201300017703,27,10,2013,1,3,66,96,1,1,5,6,,0.0,0.0
201300017704,10,6,2013,21,1,58,300,1,1,1,6,,47.044,3.193
201300017705,1,12,2013,19,5,58,88,2,1,1,1,La Chaume au Cul Rond,0.0,0.0
201300017706,6,2,2013,7,1,58,273,2,1,2,1,rue edouard vaillant,0.0,0.0
201300017707,30,3,2013,11,1,58,278,1,1,1,1,,0.0,0.0
201300017708,14,9,2013,10,1,58,72,1,1,8,7,,0.0,0.0
201300017709,16,9,2013,19,2,58,311,1,1,2,1,,0.0,0.0
201300017710,1,2,2013,19,3,58,267,1,1,3,6,,0.0,0.0
201300017711,9,2,2013,10,1,58,267,1,1,4,3,,0.0,0.0
201300017712,15,3,2013,19,3,58,4,1,1,1,6,,0.0,0.0
201300017713,27,7,2013,23,3,58,281,1,1,3,6,,47.327,3.093
201300017714,26,3,2013,9,1,58,109,1,1,1,7,,0.0,0.0
201300017715,7,11,2013,10,1,58,308,1,1,8,1,,0.0,0.0
201300017716,27,11,2013,0,3,58,222,2,1,1,6,grande rue,0.0,0.0
201300017717,12,12,2013,20,3,58,90,1,1,1,6,,0.0,0.0
201300017718,20,2,2013,5,5,26,124,2,1,1,6,RN7 LA PAILLASSE,0.0,0.0
201300017719,20,4,2013,18,1,26,124,1,1,2,6,26124,0.0,0.0
201300017720,26,4,2013,9,1,26,166,1,1,2,1,26166,0.0,0.0
201300017721,2,5,2013,19,1,26,165,2,1,1,2,RUE JEAN BOYER,44.7723,4.8462
201300017722,3,5,2013,15,1,26,165,2,1,1,3,RUE JOSEPH COMBIER RN7,0.0,0.0
201300017723,6,5,2013,17,1,26,6,1,1,1,1,26006,0.0,0.0
201300017724,22,5,2013,15,1,26,337,1,1,1,3,26337,0.0,0.0
201300017725,16,12,2013,19,3,26,165,2,1,1,7,,44.7788,4.8567
201300017726,23,8,2013,21,5,26,234,2,1,1,2,ROUTE DE PIEGROS,0.0,0.0
201300017727,8,11,2013,9,1,26,11,1,1,1,7,26011,0.0,0.0
201300017728,31,12,2013,3,3,26,113,1,1,1,7,,0.0,0.0
201300017729,8,6,2013,12,1,26,40,1,1,1,7,26040,0.0,0.0
201300017730,11,1,2013,18,3,26,176,1,2,1,1,26176,0.0,0.0
201300017731,12,2,2013,19,5,26,106,1,1,1,2,26106,0.0,0.0
201300017732,12,3,2013,19,3,26,106,1,1,1,1,26106,0.0,0.0
201300017733,7,7,2013,15,1,26,338,1,1,1,6,26338,0.0,0.0
201300017734,24,5,2013,7,1,26,114,1,6,1,6,26114,0.0,0.0
201300017735,12,6,2013,17,1,26,211,2,1,1,6,,44.3614,4.8578
201300017736,12,6,2013,10,1,26,264,1,1,1,1,26264,0.0,0.0
201300017737,17,8,2013,12,1,26,181,1,1,1,7,26181,0.0,0.0
201300017738,23,12,2013,16,1,26,135,1,1,1,6,,0.0,0.0
201300017739,14,6,2013,8,1,26,84,1,1,1,5,26084,0.0,0.0
201300017740,13,4,2013,16,1,26,330,1,1,1,6,26330,0.0,0.0
201300017741,23,6,2013,9,1,26,330,2,1,1,6,PARKING SUPER U,45.2901,4.9532
201300017742,23,2,2013,18,5,70,219,1,1,4,6,,0.0,0.0
201300017743,29,3,2013,15,1,70,199,1,1,1,3,,0.0,0.0
201300017744,17,4,2013,14,1,70,428,2,6,1,3,CD 322,0.0,0.0
201300017745,21,6,2013,8,1,70,492,1,2,1,3,,0.0,0.0
201300017746,23,4,2013,7,1,70,282,2,1,1,6,rue du moulin de l'etang,0.0,0.0
201300017747,8,7,2013,17,1,70,356,1,1,7,1,,0.0,0.0
201300017748,13,7,2013,22,5,70,410,2,1,1,7,1 Grande Rue,0.0,0.0
201300017749,22,9,2013,2,5,70,408,2,1,1,6,Rue Saint Hilaire,0.0,0.0
201300017750,1,1,2013,6,4,70,128,2,1,1,6,01 bis route de Luxeuil,0.0,0.0
201300017751,16,2,2013,19,5,70,311,2,1,1,7,Rue Victor HUGO,0.0,0.0
201300017752,18,3,2013,18,5,70,311,2,6,2,7,Rue Gambetta,0.0,0.0
201300017753,20,4,2013,17,3,70,172,2,1,1,6,CD137 - Les breuleux,0.0,0.0
201300017754,25,4,2013,16,1,70,7,2,1,1,1,route de luxeuil,0.0,0.0
201300017755,12,9,2013,10,1,70,435,2,1,8,6,rue des vosges,0.0,0.0
201300017756,13,9,2013,15,1,70,176,1,1,2,1,,0.0,0.0
201300017757,3,5,2013,2,3,85,191,1,1,1,6,,0.0,0.0
201300017758,6,2,2013,7,1,01,321,1,1,4,5,,46.1642,5.35796
201300017759,23,6,2013,17,1,01,184,2,2,1,3,,46.1594,5.41709
201300017760,27,1,2013,9,1,01,92,1,1,1,4,,45.9767,5.21725
201300017761,28,1,2013,7,2,01,74,1,1,1,3,,45.987,5.16593
201300017762,15,4,2013,14,1,01,359,1,1,1,6,,46.0761,5.03859
201300017763,7,7,2013,21,3,01,90,1,1,1,6,,0.0,0.0
201300017764,19,9,2013,14,1,01,90,1,2,8,3,,0.0,0.0
201300017765,21,8,2013,18,1,01,66,2,1,1,7,,45.868,5.53376
201300017766,24,11,2013,12,1,01,92,1,1,8,6,,0.0,0.0
201300017767,16,12,2013,20,5,01,92,2,1,1,6,ROUTE DE BUBLANE,0.0,0.0
201300017768,16,8,2013,12,1,01,93,1,1,1,7,,46.1539,4.96199
201300017769,27,8,2013,11,1,01,146,1,1,2,1,,46.1283,4.8979
201300017770,30,1,2013,10,1,01,232,1,1,8,7,,46.3269,5.24821
201300017771,11,4,2013,8,1,01,130,1,9,2,3,,46.3122,5.14407
201300017772,27,4,2013,19,1,01,323,1,1,2,7,,0.0,0.0
201300017773,19,5,2013,9,1,01,124,1,1,1,6,"""GRAND RONJON""",0.0,0.0
201300017774,18,9,2013,9,1,01,24,2,1,1,6,Grande rue,0.0,0.0
201300017775,17,9,2013,14,1,01,115,2,1,1,5,logis neuf,0.0,0.0
201300017776,22,11,2013,6,3,01,229,1,1,4,1,,0.0,0.0
201300017777,9,6,2013,8,1,01,179,1,1,5,1,,46.2617,4.87428
201300017778,16,10,2013,17,1,01,343,1,2,1,3,,0.0,0.0
201300017779,31,3,2013,9,1,01,310,1,1,1,6,,45.6741,5.6471
201300017780,21,4,2013,23,3,01,58,1,1,2,7,,45.6463,5.61059
201300017781,23,5,2013,14,1,01,98,2,1,1,6,ROUTE DU BOURG,0.0,0.0
201300017782,26,5,2013,17,1,01,64,1,1,1,1,,45.7773,5.47805
201300017783,24,5,2013,11,1,01,34,1,1,8,1,,45.7382,5.67401
201300017784,31,7,2013,18,1,01,34,1,1,1,3,,0.0,0.0
201300017785,15,3,2013,14,1,01,10,1,1,1,6,,45.8977,5.80723
201300017786,7,2,2013,14,1,01,202,2,9,4,6,,0.0,0.0
201300017787,10,1,2013,7,2,01,392,1,1,4,5,,46.2537,5.59512
201300017788,28,2,2013,22,3,01,392,1,1,1,6,,46.2543,5.59269
201300017789,18,3,2013,21,3,01,192,1,1,4,7,,46.2179,5.57098
201300017790,14,5,2013,7,1,01,240,1,1,1,1,,46.2494,5.54768
201300017791,8,7,2013,11,1,01,214,1,1,1,7,,46.162,5.47669
201300017792,26,7,2013,22,5,01,269,1,1,1,3,,46.1635,5.5919
201300017793,2,2,2013,7,3,01,80,1,1,4,6,,46.0077,5.58977
201300017794,14,7,2013,16,1,01,68,2,1,1,3,RUE DE LA GARE,0.0,0.0
201300017795,22,5,2013,7,1,01,273,2,1,2,3,"""BOSSERON""",46.0781,5.38267
201300017796,3,8,2013,18,1,01,304,2,1,1,2,,46.0538,5.33503
201300017797,3,10,2013,23,3,01,145,1,1,1,1,,0.0,0.0
201300017798,11,3,2013,14,1,01,52,1,3,1,3,,46.0254,4.99055
201300017799,25,5,2013,13,1,01,333,1,1,2,6,CHEM DE LA VAVRETTE,0.0,0.0
201300017800,5,7,2013,23,5,01,398,2,2,1,3,CD 88 / CD 904,46.0009,4.84689
201300017801,13,8,2013,9,1,01,5,2,2,1,3,,45.9987,4.9024
201300017802,11,8,2013,11,1,01,446,2,1,1,3,,46.0193,4.83767
201300017803,2,3,2013,23,5,01,295,1,1,1,7,,46.1356,4.80291
201300017804,4,10,2013,16,1,15,204,1,4,3,1,,44.961,2.282
201300017805,28,9,2013,13,1,15,268,2,1,1,1,avenue du 15 septembre,0.0,0.0
201300017806,8,11,2013,10,1,15,184,2,1,2,6,"RN 122, le Bruel",0.0,0.0
201300017807,14,11,2013,10,1,15,181,1,1,1,3,,0.0,0.0
201300017808,23,4,2013,15,1,15,261,1,1,1,6,,45.234,2.364
201300017809,5,1,2013,7,3,15,124,1,1,9,7,,45.329,2.586
201300017810,14,9,2013,10,1,15,162,2,1,1,3,Rue du champs de foire,45.288,2.656
201300017811,9,12,2013,16,1,15,162,1,1,1,3,,45.268,2.675
201300017812,16,3,2013,10,1,15,169,2,1,1,6,Rue du Lavoir,45.34,2.48
201300017813,7,4,2013,7,1,15,92,1,1,1,6,,45.425,2.502
201300017814,22,9,2013,6,3,15,265,1,1,5,7,,45.333,2.445
201300017815,29,6,2013,20,1,15,125,1,1,1,7,,45.066,3.136
201300017816,18,6,2013,9,1,15,4,2,7,1,6,Chemin de Gaymond,0.0,0.0
201300017817,10,4,2013,19,1,15,53,1,1,1,7,,45.092,2.972
201300017818,12,3,2013,20,5,15,244,1,1,1,6,,45.068,2.975
201300017819,28,6,2013,5,2,15,101,1,1,1,1,,45.117,2.798
201300017820,4,11,2013,23,3,03,283,1,1,1,1,,46.536,3.522
201300017821,30,11,2013,14,1,03,197,1,1,1,6,,46.495,3.402
201300017822,12,6,2013,6,1,03,92,1,1,1,2,,46.443,3.147
201300017823,2,8,2013,19,1,03,73,1,1,1,5,,0.0,0.0
201300017824,27,10,2013,14,1,03,99,1,1,1,3,,0.0,0.0
201300017825,22,11,2013,15,1,03,292,1,1,4,3,,46.408,3.07
201300017826,9,12,2013,16,1,03,292,1,1,7,1,,46.411,3.077
201300017827,24,12,2013,17,5,03,275,2,1,1,6,3 Rue de la Verrerie,46.538,3.194
201300017828,18,3,2013,4,3,03,128,1,1,1,7,,0.0,0.0
201300017829,12,5,2013,19,1,03,317,1,1,1,6,,46.465,2.383
201300017830,17,10,2013,8,1,03,82,2,1,1,6,rue de la Republique,46.293,2.743
201300017831,5,11,2013,19,3,03,161,1,1,2,6,,46.198,2.632
201300017832,11,1,2013,17,2,03,236,1,1,8,6,,0.0,0.0
201300017833,28,2,2013,14,1,03,236,1,2,1,3,,0.0,0.0
201300017834,29,6,2013,21,2,03,236,1,1,1,1,,0.0,0.0
201300017835,23,7,2013,17,1,03,80,1,1,8,3,,0.0,0.0
201300017836,11,8,2013,2,3,03,93,1,6,1,6,,46.188,3.454
201300017837,3,11,2013,11,1,03,157,2,6,1,6,02 rue des Landelles,46.214,3.504
201300017838,8,3,2013,18,3,03,30,1,1,1,7,,0.0,0.0
201300017839,8,3,2013,17,1,03,109,2,3,1,3,rue du Mayet d'ecole,0.0,0.0
201300017840,16,6,2013,17,1,03,78,1,1,1,3,,0.0,0.0
201300017841,1,6,2013,16,1,03,133,1,1,1,1,,0.0,0.0
201300017842,3,11,2013,15,1,03,118,1,1,8,7,,0.0,0.0
201300017843,28,11,2013,6,3,03,43,1,1,1,1,,0.0,0.0
201300017844,20,1,2013,15,1,03,141,1,1,4,6,,45.976,3.709
201300017845,6,6,2013,4,3,84,79,1,1,1,7,,44.098,5.32
201300017846,13,7,2013,23,3,84,17,1,1,1,6,,0.0,0.0
201300017847,3,8,2013,10,1,84,17,1,1,2,7,,44.14,5.304
201300017848,20,10,2013,19,2,84,107,1,1,2,7,,0.0,0.0
201300017849,5,2,2013,14,1,02,46,1,1,4,3,,0.0,0.0
201300017850,20,4,2013,18,1,02,493,1,1,1,2,,0.0,0.0
201300017851,16,6,2013,18,1,02,37,1,2,1,3,,49.60521,3.62289
201300017852,24,8,2013,12,1,02,621,1,1,3,6,,0.0,0.0
201300017853,15,12,2013,2,3,02,237,1,1,1,7,,0.0,0.0
201300017854,1,1,2013,14,1,02,754,2,1,1,6,31 route de Guivry,0.0,0.0
201300017855,19,2,2013,15,1,02,461,1,2,1,3,,49.56914,2.98048
201300017856,1,6,2013,22,5,02,820,2,2,1,3,Croisement D338/D429,49.6311,3.24312
201300017857,10,6,2013,16,1,02,631,2,1,1,6,rue René Sueur,0.0,0.0
201300017858,1,8,2013,20,1,02,173,2,1,1,5,33 boulevard gambetta,49.61375,3.22148
201300017859,13,12,2013,10,1,02,173,2,3,5,3,Rue Ernest RENAN,49.622,3.22132
201300017860,9,1,2013,5,3,02,475,2,1,2,7,Rue de Neufchatel,0.0,0.0
201300017861,23,1,2013,13,1,02,808,2,1,1,2,17 rue de Priel,49.95233,3.19189
201300017862,6,6,2013,18,1,02,293,2,1,1,6,57 rue Fernand Monot,0.0,0.0
201300017863,9,5,2013,18,1,02,757,2,1,1,1,,0.0,0.0
201300017864,2,7,2013,13,1,02,361,2,2,1,3,rue du jeu de paume,49.8953,3.62671
201300017865,8,3,2013,16,1,02,447,1,1,2,1,,0.0,0.0
201300017866,4,4,2013,21,3,02,580,1,1,1,6,,49.202,3.373
201300017867,4,5,2013,20,1,02,593,1,3,1,3,,49.39381,3.30488
201300017868,5,6,2013,23,4,02,154,2,1,1,7,route de la montagne,49.309,3.409
201300017869,1,3,2013,11,1,02,795,2,1,1,6,2 rue Brouillaud,49.40605,3.11473
201300017870,21,3,2013,18,1,02,795,2,3,8,3,rue de rivière,49.40645,3.11853
201300017871,17,4,2013,13,1,02,232,1,1,1,4,coté du pavé,0.0,0.0
201300017872,18,4,2013,19,1,02,673,1,1,1,7,,0.0,0.0
201300017873,24,5,2013,12,1,02,810,2,1,3,7,place aristide BRIAND,0.0,0.0
201300017874,22,6,2013,13,1,02,795,1,9,2,6,Route de Moufliers,0.0,0.0
201300017875,5,10,2013,23,5,02,810,2,6,1,6,avenue de la Ferté Milon,0.0,0.0
201300017876,27,10,2013,2,3,02,810,1,1,1,7,,0.0,0.0
201300017877,23,3,2013,13,1,02,819,1,1,8,6,,0.0,0.0
201300017878,12,12,2013,10,1,02,20,2,2,1,6,,0.0,0.0
201300017879,5,5,2013,20,1,02,286,2,1,1,7,rue des pires,0.0,0.0
201300017880,6,5,2013,15,1,02,308,1,1,1,1,,50.059,3.67
201300017881,4,2,2013,20,3,13,36,1,1,1,6,*,43.82589,4.83578
201300017882,22,4,2013,7,1,13,45,1,1,1,6,,0.0,0.0
201300017883,3,5,2013,12,1,13,45,2,1,1,1,route d?partementale 28,0.0,0.0
201300017884,30,6,2013,12,1,13,10,1,1,1,1,,0.0,0.0
201300017885,24,3,2013,1,5,38,158,2,1,3,6,154 avenue Jean Jaur?s,0.0,0.0
201300017886,1,4,2013,22,5,38,158,2,1,1,1,30 avenue Jean Jaur?s,0.0,0.0
201300017887,3,9,2013,11,1,38,158,2,1,1,2,Avenue du general de gau,0.0,0.0
201300017888,31,5,2013,10,1,38,413,1,1,1,1,,0.0,0.0
201300017889,13,8,2013,19,1,38,489,1,1,1,1,,0.0,0.0
201300017890,24,6,2013,14,1,38,212,1,1,1,7,,0.0,0.0
201300017891,5,7,2013,16,1,38,279,1,1,1,1,,0.0,0.0
201300017892,15,7,2013,7,1,38,68,1,1,1,1,,45.099,5.71777
201300017893,30,7,2013,1,4,38,68,1,1,1,1,,0.0,0.0
201300017894,26,8,2013,19,1,38,529,2,1,1,1,AVENUE D URIAGE,0.0,0.0
201300017895,2,10,2013,8,1,38,63,1,1,7,2,,45.433,5.443
201300017896,19,10,2013,15,1,38,43,1,1,1,5,,0.0,0.0
201300017897,2,11,2013,8,1,38,13,1,1,1,7,,0.0,0.0
201300017898,18,2,2013,19,5,38,124,2,1,1,6,rue de la devise,0.0,0.0
201300017899,19,6,2013,9,1,38,261,2,1,1,6,lieu dit Thuile,0.0,0.0
201300017900,31,10,2013,10,1,38,124,1,1,1,3,,0.0,0.0
201300017901,5,2,2013,9,1,38,229,1,1,2,6,AV DE L'EUROPE,45.2084,5.79945
201300017902,7,7,2013,11,1,38,39,1,1,1,7,,0.0,0.0
201300017903,9,7,2013,18,1,38,431,1,1,1,3,,0.0,0.0
201300017904,22,8,2013,20,1,38,39,2,1,1,3,RD 1090,0.0,0.0
201300017905,19,9,2013,16,1,38,229,2,7,1,6,,45.217,5.767
201300017906,12,10,2013,17,2,38,229,2,1,2,3,AVENUE DE VERDUN,0.0,0.0
201300017907,15,4,2013,16,1,38,422,1,1,1,1,,0.0,0.0
201300017908,28,5,2013,16,1,38,150,2,1,3,6,2 rue Charles de Gaulle,0.0,0.0
201300017909,16,7,2013,14,1,38,175,1,1,1,6,,45.271,5.909
201300017910,11,9,2013,8,1,38,538,2,1,1,6,,0.0,0.0
201300017911,19,10,2013,16,1,38,422,1,1,1,6,,45.15,5.885
201300017912,20,2,2013,18,2,38,503,2,3,1,3,AV GRESIVAUDAN/L'ECLUSE,45.3204,5.92775
201300017913,17,8,2013,11,1,38,181,1,1,1,1,,0.0,0.0
201300017914,6,1,2013,18,3,38,161,1,2,2,2,AV DES MARAIS/CH PARASSA,45.3918,5.18018
201300017915,8,1,2013,19,3,38,274,1,1,1,2,ROUTE DE CHAMPIER,45.4225,5.26898
201300017916,6,2,2013,7,2,38,335,1,4,4,7,,45.3582,5.02941
201300017917,7,6,2013,13,1,38,393,2,4,1,1,R DES ALPES/CH DE LEMPS,45.3904,5.31667
201300017918,14,7,2013,15,1,38,300,1,1,1,2,,0.0,0.0
201300017919,13,8,2013,10,1,38,130,1,1,1,6,,0.0,0.0
201300017920,8,9,2013,20,3,38,134,1,1,2,1,,0.0,0.0
201300017921,23,9,2013,8,1,38,180,2,1,7,1,Route du Dauphin?,0.0,0.0
201300017922,11,12,2013,17,1,38,130,2,1,1,4,,0.0,0.0
201300017923,1,2,2013,20,3,38,199,1,1,2,6,RTE DE CHALON,45.4775,4.90921
201300017924,16,2,2013,9,1,38,107,1,3,1,2,INTER CH LA COLOMBETTE,45.4626,4.82628
201300017925,12,4,2013,14,1,38,110,1,1,2,3,,45.585,4.874
201300017926,20,5,2013,15,1,38,131,2,1,1,3,CD131A,0.0,0.0
201300017927,3,6,2013,6,1,38,157,1,1,1,6,,45.476,4.975
201300017928,1,7,2013,8,1,38,558,2,1,1,1,523 ROUTE DE MARENNES,45.598,4.91
201300017929,20,1,2013,5,5,38,519,2,2,5,1,RUE JEAN BUJARD,45.6115,5.0102
201300017930,26,4,2013,8,1,38,389,1,1,2,1,,0.0,0.0
201300017931,17,5,2013,16,1,38,389,1,3,2,3,,45.56,5.098
201300017932,16,7,2013,8,1,38,351,1,1,1,1,,0.0,0.0
201300017933,20,7,2013,12,1,38,512,1,1,1,6,,0.0,0.0
201300017934,24,7,2013,19,1,38,189,2,2,1,3,Avenue du g?n?ral LECLER,0.0,0.0
201300017935,4,9,2013,11,1,38,35,1,2,1,3,,0.0,0.0
201300017936,18,2,2013,14,1,31,232,2,1,1,6,allée alsace lorraine,43.77049,1.29474
201300017937,26,6,2013,9,1,31,232,1,1,1,6,route de launac,43.76215,1.23529
201300017938,12,7,2013,20,1,31,232,1,1,1,1,,0.0,0.0
201300017939,16,8,2013,9,1,31,341,1,2,1,3,,0.0,0.0
201300017940,18,10,2013,8,1,31,33,2,1,1,1,D48/rue étienne billière,0.0,0.0
201300017941,17,2,2013,17,1,31,261,2,2,1,3,ch vigné/ch amoures,43.29573,1.16171
201300017942,13,11,2013,16,5,31,390,2,1,1,1,avenue du nord,0.0,0.0
201300017943,26,12,2013,15,1,31,190,1,1,4,1,,0.0,0.0
201300017944,17,9,2013,17,1,31,443,1,1,1,6,,0.0,0.0
201300017945,16,11,2013,12,1,31,80,1,1,8,6,,0.0,0.0
201300017946,24,3,2013,8,1,29,37,1,2,1,3,,47.90902,-4.19251
201300017947,15,7,2013,18,1,29,158,2,1,1,1,RUE DU PORT DE KERITY,47.80184,-4.35076
201300017948,13,8,2013,13,1,29,165,1,1,1,1,,47.80847,-4.22555
201300017949,1,2,2013,15,1,29,235,1,6,2,6,,48.40824,-4.39756
201300017950,28,2,2013,20,2,29,75,2,1,1,2,Avenue de Normandie,48.43843,-4.38855
201300017951,4,1,2013,15,1,29,93,1,1,1,1,,48.56794,-4.42735
201300017952,22,1,2013,17,1,29,290,1,1,1,1,,48.54334,-4.54213
201300017953,17,3,2013,16,1,29,35,1,1,1,3,,48.5054,-4.54708
201300017954,1,4,2013,15,1,29,160,2,1,1,1,lieu dit La Martyre,48.61598,-4.51463
201300017955,28,5,2013,9,1,29,160,1,1,1,5,,48.47446,-4.48353
201300017956,23,6,2013,8,1,29,117,1,1,1,7,,48.58241,-4.52169
201300017957,20,7,2013,15,1,29,195,2,1,1,2,rue de Lannilis,48.6042,-4.5106
201300017958,26,3,2013,7,2,29,208,1,1,1,1,,48.49672,-4.69838
201300017959,29,5,2013,16,1,29,178,2,1,1,3,Avenue de Portsall,48.55555,-4.69722
201300017960,13,5,2013,14,1,29,162,1,1,1,6,,48.21929,-3.98231
201300017961,26,7,2013,0,3,29,267,1,1,1,6,,48.13464,-3.90425
201300017962,20,9,2013,7,2,29,20,1,1,1,3,Ty Hemon Liors,48.16086,-4.0411
201300017963,22,10,2013,15,1,29,27,1,1,1,6,,48.16683,-3.86079
201300017964,30,12,2013,18,5,29,162,2,1,1,6,PLACE CHARLES DE GAULLE,48.22529,-3.97126
201300017965,18,2,2013,17,1,29,104,1,1,7,6,,48.29447,-4.27413
201300017966,8,1,2013,19,3,29,264,1,1,1,2,,48.51527,-4.14881
201300017967,28,7,2013,11,1,29,204,1,1,1,1,Kergreguen,48.5154,-4.23225
201300017968,10,8,2013,21,2,29,10,1,1,8,7,,48.49309,-4.11864
201300017969,17,2,2013,15,1,29,285,1,1,1,1,,48.62629,-4.10446
201300017970,8,8,2013,18,1,29,132,1,1,1,1,,48.60909,-3.8607
201300017971,24,11,2013,6,2,29,192,1,1,1,6,,48.67462,-4.00847
201300017972,1,12,2013,5,5,29,259,2,1,1,6,Rue Verderel,48.68216,-3.98445
201300017973,28,5,2013,7,2,29,71,1,1,1,3,,47.94056,-3.43862
201300017974,1,8,2013,10,1,29,31,2,1,7,1,RUE DES GLENAN,47.77073,-3.56209
201300017975,2,3,2013,6,2,29,146,1,1,1,6,,47.90668,-3.85106
201300017976,19,4,2013,20,1,29,4,1,1,1,6,,47.92829,-3.68819
201300017977,2,7,2013,19,1,29,49,2,1,3,3,CROIX MENEZ BRIS,48.04388,-3.91232
201300017978,13,7,2013,13,1,29,4,1,1,1,1,,47.90428,-3.70392
201300017979,24,7,2013,13,1,29,4,1,1,1,6,,47.95428,-3.65849
201300017980,10,2,2013,2,3,34,154,1,1,1,6,,43.55928,4.02968
201300017981,9,3,2013,23,3,34,154,1,1,1,2,,43.55312,4.00217
201300017982,9,5,2013,11,1,34,192,2,1,1,1,CD 62E2,43.52595,3.9193
201300017983,19,5,2013,13,1,34,154,2,1,1,6,CD 62 E2,43.5491,3.98281
201300017984,9,10,2013,7,2,34,192,2,1,1,3,130 avenue saint maurice,43.538,3.952
201300017985,20,1,2013,2,3,35,177,1,1,1,6,,48.20415,-1.74309
201300017986,2,3,2013,1,3,35,27,1,1,1,6,,48.159,-2.048
201300017987,9,3,2013,18,1,35,184,2,2,1,3,Avenue de la Gare,48.19872,-2.04775
201300017988,16,5,2013,8,1,35,201,1,1,1,1,,48.12686,-2.16733
201300017989,17,8,2013,15,1,35,320,2,1,1,1,15 rue de la Fontaine,0.0,0.0
201300017990,12,10,2013,14,1,35,180,1,3,1,1,,48.29325,-1.92249
201300017991,10,2,2013,6,3,35,223,1,1,2,6,,48.01876,-2.06123
201300017992,10,3,2013,17,1,35,133,1,1,8,1,,48.12087,-2.03738
201300017993,23,3,2013,15,1,35,227,1,1,1,1,,48.1974,-1.90735
201300017994,20,3,2013,14,1,35,188,2,2,1,1,rue St Nicolas,48.13849,-1.95064
201300017995,25,4,2013,14,1,35,188,1,9,1,2,,48.13023,-1.93555
201300017996,21,4,2013,19,1,35,223,1,1,1,6,,47.98756,-2.13912
201300017997,26,5,2013,20,1,35,227,1,1,1,6,,48.18898,-1.91095
201300017998,30,5,2013,22,5,35,319,2,1,3,6,rue antoine blouet,48.03281,-1.92903
201300017999,22,8,2013,18,1,35,133,1,2,1,3,Le Bruchet,48.15413,-2.01382
201300018000,25,10,2013,15,1,35,133,2,1,1,6,fronlan,48.0987,-2.00222
201300018001,27,11,2013,22,3,35,331,1,1,1,6,,48.09367,-1.93411
201300018002,13,7,2013,23,3,35,321,2,2,1,6,1 rue Saint Martin,47.91558,-1.58885
201300018003,2,8,2013,19,1,35,12,2,2,1,3,rue de m?rhand,0.0,0.0
201300018004,17,2,2013,17,1,35,179,1,1,1,2,,48.54008,-1.91991
201300018005,8,6,2013,16,1,35,299,1,1,1,2,,48.64894,-1.87938
201300018006,6,7,2013,16,3,35,299,1,1,1,6,,0.0,0.0
201300018007,16,7,2013,19,1,35,263,1,1,1,1,,0.0,0.0
201300018008,20,10,2013,19,3,35,43,1,2,2,2,lieu dit La Butte,48.50645,-1.88781
201300018009,10,12,2013,11,3,35,362,1,1,9,6,,0.0,0.0
201300018010,14,12,2013,19,5,35,224,1,2,1,6,,48.525,-1.848
201300018011,16,1,2013,18,3,35,248,1,1,1,7,,48.54825,-1.58716
201300018012,13,3,2013,8,1,35,186,1,1,1,5,,48.56111,-1.77504
201300018013,7,1,2013,10,1,35,360,2,1,1,6,,48.1206,-1.20982
201300018014,23,4,2013,10,1,35,109,1,1,1,5,,48.06373,-1.19788
201300018015,11,2,2013,18,2,35,254,1,1,1,3,,48.03922,-1.48796