Num_Acc,jour,mois,an,hr,condition_eclairage,departement,commune,condition_agglomeration,intersection,condition_atmosphere,type_collision,adresse,lattitude,longitude
201300018016,14,2,2013,18,1,35,207,2,1,1,6,rue francis monnoyeur,48.12024,-1.53162
201300018017,12,4,2013,16,1,35,68,1,1,1,3,,48.09933,-1.40125
201300018018,19,4,2013,19,1,35,96,1,1,1,7,,48.06491,-1.42426
201300018019,27,4,2013,12,1,35,69,2,1,1,6,,48.04838,-1.50474
201300018020,17,7,2013,23,3,35,264,2,1,1,6,rue des lavandi?res,48.09417,-1.37476
201300018021,1,8,2013,18,1,35,207,2,3,1,3,D92/rue croix forges,0.0,0.0
201300018022,17,10,2013,22,3,35,264,1,3,1,6,,48.10732,0.0
201300018023,29,11,2013,5,3,35,68,1,1,1,6,,0.0,0.0
201300018024,11,12,2013,7,1,35,207,2,1,9,1,Av du General de Gaulle,48.10967,-1.52723
201300018025,29,1,2013,8,5,44,194,1,1,3,6,rue de bretagne,0.0,0.0
201300018026,25,5,2013,21,2,44,158,1,3,1,3,L'etang bernard,0.0,0.0
201300018027,26,5,2013,18,1,44,45,1,1,1,1,Les Sables,0.0,0.0
201300018028,23,9,2013,17,1,44,194,2,1,1,6,rue de bretagne,0.0,0.0
201300018029,15,11,2013,8,1,44,158,2,6,1,3,place de la mairie RD 17,0.0,0.0
201300018030,24,7,2013,16,1,44,3,1,1,1,1,bd curie,0.0,0.0
201300018031,13,9,2013,15,1,44,93,1,1,1,3,,0.0,0.0
201300018032,7,2,2013,9,1,44,115,1,1,1,1,Le Pont du Havre,0.0,0.0
201300018033,1,3,2013,20,3,44,144,1,1,1,6,,0.0,0.0
201300018034,1,8,2013,22,3,44,82,1,1,1,6,beau soleil,0.0,0.0
201300018035,18,10,2013,16,1,44,48,1,1,1,3,,0.0,0.0
201300018036,31,8,2013,22,3,44,99,1,1,1,7,la botte,0.0,0.0
201300018037,23,11,2013,19,5,44,36,1,6,1,7,,47.711,-1.382
201300018038,18,6,2013,10,1,44,185,2,1,1,3,54 AVENUE JEAN BUREL,47.651,-2.079
201300018039,20,6,2013,15,1,44,128,1,1,1,6,Buhel,0.0,0.0
201300018040,22,10,2013,7,3,44,164,1,1,8,5,,0.0,0.0
201300018041,11,12,2013,23,3,44,12,1,1,1,7,,0.0,0.0
201300018042,26,12,2013,12,1,44,131,1,1,1,6,,0.0,0.0
201300018043,17,3,2013,11,1,44,5,1,1,6,7,55 rte de la sicaudais,0.0,0.0
201300018044,23,7,2013,18,1,44,154,2,1,7,1,Av Raymond Pointcaré,0.0,0.0
201300018045,2,8,2013,16,1,44,182,1,1,1,2,,0.0,0.0
201300018046,26,3,2013,11,1,44,84,1,2,1,1,rte st barthélémy,0.0,0.0
201300018047,24,6,2013,15,1,44,169,1,1,1,1,l'offcière,0.0,0.0
201300018048,4,7,2013,23,3,44,29,1,1,1,6,la communauté,0.0,0.0
201300018049,5,11,2013,8,1,44,8,1,1,2,1,,0.0,0.0
201300018050,27,11,2013,17,2,44,108,1,1,1,1,,0.0,0.0
201300018051,27,11,2013,18,3,44,29,1,2,1,3,,0.0,0.0
201300018052,29,11,2013,18,2,44,140,1,1,2,3,,0.0,0.0
201300018053,3,3,2013,22,1,44,130,1,1,1,6,1 r la fontaine laurent,0.0,0.0
201300018054,24,5,2013,12,1,44,150,1,1,1,1,route de la bretagnerie,0.0,0.0
201300018055,31,10,2013,18,2,44,18,2,9,2,3,rue de la tindi?re,0.0,0.0
201300018056,18,12,2013,18,5,44,130,2,1,2,3,rue d'herbauges,0.0,0.0
201300018057,21,3,2013,19,5,44,83,2,3,2,3,"rues De Gaulle, du stade",0.0,0.0
201300018058,29,3,2013,6,3,44,72,1,1,2,1,pompas,47.407,-2.355
201300018059,26,4,2013,12,1,44,69,1,1,1,3,,0.0,0.0
201300018060,25,6,2013,12,1,44,69,1,1,1,7,miroux,0.0,0.0
201300018061,20,7,2013,16,1,44,183,1,1,1,4,,0.0,0.0
201300018062,26,6,2013,19,1,44,129,1,1,1,6,la drechais,47.433,-2.027
201300018063,30,4,2013,19,1,25,542,2,1,1,7,RUE DES GRANDES PIECES,47.23187,5.9371
201300018064,19,7,2013,11,1,25,133,1,1,1,4,,0.0,0.0
201300018065,18,5,2013,17,1,25,564,2,1,1,1,6 rue de la Corv?e,0.0,0.0
201300018066,5,6,2013,23,3,25,104,1,1,1,6,,0.0,0.0
201300018067,12,11,2013,21,3,25,310,1,1,8,7,,47.444,6.346
201300018068,21,5,2013,10,1,25,578,2,1,1,6,45 grande rue,0.0,0.0
201300018069,21,5,2013,20,1,25,222,1,1,2,1,,0.0,0.0
201300018070,3,7,2013,14,1,25,301,1,1,3,6,,0.0,0.0
201300018071,28,8,2013,16,1,25,39,2,1,1,6,3 rue du gymnase,0.0,0.0
201300018072,6,2,2013,13,1,25,228,2,1,4,3,av. g?n?ral DE GAULLE,47.51,6.864
201300018073,9,4,2013,14,1,25,71,1,1,8,1,,47.434,6.846
201300018074,3,6,2013,15,1,25,517,1,1,1,1,,47.058,6.35
201300018075,13,6,2013,11,1,25,259,2,1,1,2,RD 9,0.0,0.0
201300018076,5,7,2013,20,2,25,201,1,2,1,3,,0.0,0.0
201300018077,21,7,2013,7,1,25,110,1,1,1,6,,0.0,0.0
201300018078,7,8,2013,0,3,25,110,1,1,2,6,,0.0,0.0
201300018079,31,10,2013,22,3,25,282,1,1,1,6,,0.0,0.0
201300018080,5,5,2013,1,3,25,362,1,1,5,6,,0.0,0.0
201300018081,1,9,2013,17,1,25,413,1,1,1,1,,0.0,0.0
201300018082,30,6,2013,12,1,73,75,1,1,1,5,,45.44395,6.07495
201300018083,9,9,2013,11,1,73,79,1,1,1,2,,45.54155,6.17487
201300018084,8,1,2013,20,3,39,332,1,1,5,6,,0.0,0.0
201300018085,17,2,2013,7,1,39,217,1,1,8,7,,0.0,0.0
201300018086,15,3,2013,20,3,39,531,1,1,1,3,,0.0,0.0
201300018087,16,5,2013,13,1,39,390,1,1,2,6,,0.0,0.0
201300018088,20,6,2013,9,1,39,552,1,1,1,2,,0.0,0.0
201300018089,21,6,2013,13,1,39,492,1,1,1,5,,0.0,0.0
201300018090,9,10,2013,13,1,39,552,1,1,1,6,,0.0,0.0
201300018091,17,5,2013,8,1,39,397,1,1,2,1,,0.0,0.0
201300018092,27,7,2013,18,1,39,317,2,1,1,3,RUE DU 19 MARS 1962,0.0,0.0
201300018093,25,12,2013,6,3,39,199,1,1,8,6,,0.0,0.0
201300018094,9,1,2013,7,3,39,197,1,1,5,2,,0.0,0.0
201300018095,9,9,2013,7,1,39,295,1,1,5,6,,0.0,0.0
201300018096,8,2,2013,11,1,39,500,2,1,1,6,rue gambetta,0.0,0.0
201300018097,23,3,2013,13,1,39,267,1,1,8,1,,0.0,0.0
201300018098,11,3,2013,11,1,39,299,1,1,1,1,,46.981,5.361
201300018099,16,6,2013,17,1,39,415,2,1,1,1,Rue bruleux,46.941,5.343
201300018100,28,6,2013,9,1,39,387,1,1,2,6,,47.018,5.495
201300018101,10,12,2013,7,2,39,128,1,1,5,1,,0.0,0.0
201300018102,30,1,2013,12,1,39,283,1,1,8,5,,46.34,5.685
201300018103,10,7,2013,15,1,39,286,1,1,8,1,,0.0,0.0
201300018104,9,1,2013,7,3,22,65,1,1,2,1,LESPOUL,48.62103,-2.99965
201300018105,24,1,2013,17,4,22,375,2,4,8,3,le bourg,48.6163,-2.98416
201300018106,11,6,2013,16,1,22,236,2,1,1,3,16 rue du languidou,48.66334,-2.98636
201300018107,11,7,2013,17,1,22,117,1,1,7,3,,48.59,-2.859
201300018108,24,9,2013,8,1,22,7,2,1,1,3,av du G?n?ral De Gaulle,0.0,0.0
201300018109,24,9,2013,16,1,22,7,2,1,1,6,boulevard Cl?menceau,0.0,0.0
201300018110,20,12,2013,19,3,22,117,1,1,2,3,,48.61923,-2.89622
201300018111,1,2,2013,22,3,22,155,1,1,3,3,BEL AIR,48.22613,-2.75617
201300018112,1,7,2013,14,1,22,147,1,3,1,3,,0.0,0.0
201300018113,16,11,2013,21,3,22,183,1,1,1,1,,48.17098,-2.58473
201300018114,6,4,2013,18,1,22,182,1,1,1,3,,0.0,0.0
201300018115,13,2,2013,8,2,22,258,1,2,1,3,L'ESPERANCE,48.44819,-2.64369
201300018116,21,10,2013,9,1,22,364,1,1,1,1,,48.427,-2.088
201300018117,7,2,2013,12,1,22,77,1,2,2,3,,48.52837,-2.42248
201300018118,18,2,2013,7,2,22,4,2,1,9,1,hent ty glas,48.62328,-3.31212
201300018119,12,7,2013,15,1,22,338,1,1,1,1,,48.64218,-3.17925
201300018120,3,11,2013,4,3,22,298,1,6,3,6,,48.20039,-2.89061
201300018121,18,7,2013,17,1,22,257,1,3,1,3,11 RUE DE KERBRIDO,48.72368,-3.32426
201300018122,1,11,2013,5,3,22,347,1,1,2,6,,48.799,-3.202
201300018123,12,11,2013,18,5,22,362,2,6,1,6,Boulevard Jean Guehenno,48.77887,-3.23339
201300018124,10,9,2013,9,1,68,138,2,1,3,6,41 RUE GENERAL DE GAULLE,0.0,0.0
201300018125,3,3,2013,20,5,68,68,2,1,1,3,rue de Delle,47.62811,7.11683
201300018126,22,8,2013,20,3,68,267,1,1,1,6,,47.775,7.235
201300018127,6,2,2013,11,1,68,349,2,9,1,6,RUE DU GENERAL DE GAULE,47.60693,7.57451
201300018128,18,5,2013,11,1,68,232,1,1,1,1,,47.52483,7.50787
201300018129,29,6,2013,15,1,68,297,1,1,1,7,,47.5446,7.50485
201300018130,2,8,2013,20,1,68,135,1,1,1,3,,47.58227,7.5141
201300018131,13,8,2013,17,1,68,364,1,1,1,7,,47.954,7.247
201300018132,4,7,2013,9,1,68,307,1,1,1,7,,0.0,0.0
201300018133,6,12,2013,23,3,68,60,1,1,1,6,,0.0,0.0
201300018134,2,11,2013,13,1,34,38,1,1,1,1,,0.0,0.0
201300018135,11,1,2013,9,2,34,310,1,1,1,1,,43.41222,3.13139
201300018136,24,4,2013,19,1,34,201,1,1,1,7,,43.42104,2.96973
201300018137,31,7,2013,18,1,34,74,2,1,1,3,Avenue de la Garenne,43.467,3.034
201300018138,16,3,2013,16,1,34,139,1,1,1,6,,43.42325,3.24437
201300018139,20,3,2013,18,1,34,25,1,1,1,1,,43.40153,3.25759
201300018140,26,5,2013,4,3,34,237,1,1,1,6,,43.51557,3.31758
201300018141,23,2,2013,23,3,34,293,1,1,4,6,,43.59718,2.72037
201300018142,14,3,2013,20,5,34,284,2,1,1,7,"RD 612,avenue de la gare",43.4874,2.76869
201300018143,4,8,2013,10,1,34,107,1,1,1,7,,43.605,2.802
201300018144,18,8,2013,8,1,34,160,1,1,1,7,,43.565,2.978
201300018145,2,5,2013,21,5,34,209,2,1,1,6,Route  de Cruzy,43.30586,3.32793
201300018146,21,5,2013,11,1,34,299,2,1,1,3,RD 64,0.0,0.0
201300018147,26,7,2013,9,1,34,299,1,1,1,1,,43.28934,3.29012
201300018148,3,9,2013,15,1,34,36,2,6,1,3,Hameau Cartels du Bosc,43.688,3.359
201300018149,7,1,2013,10,1,34,197,1,1,1,2,,43.56926,3.41252
201300018150,10,2,2013,2,3,34,41,1,1,1,6,,43.62734,3.46069
201300018151,20,2,2013,18,3,34,180,1,1,1,2,,43.59326,3.44978
201300018152,14,5,2013,17,1,34,175,1,1,1,6,,43.60677,3.37254
201300018153,10,8,2013,6,2,34,281,1,1,1,6,,43.52515,3.48492
201300018154,9,9,2013,6,2,34,79,1,1,1,7,,43.612,3.448
201300018155,22,9,2013,17,1,34,175,1,1,1,6,,43.613,3.386
201300018156,27,9,2013,14,1,34,175,1,1,2,3,,0.0,0.0
201300018157,5,10,2013,16,1,34,79,2,1,1,6,bd du president wilson,43.633,3.435
201300018158,11,11,2013,8,1,34,76,2,1,1,6,route de clermont,43.64446,3.45613
201300018159,28,12,2013,15,1,34,292,1,1,2,6,,0.0,0.0
201300018160,26,2,2013,18,2,34,239,2,2,1,3,Rue de BAGES,43.64104,3.50183
201300018161,17,1,2013,15,1,15,14,2,1,7,6,"48, CARMES (RUE DES)",0.0,0.0
201300018162,8,2,2013,13,1,15,14,2,1,1,6,"1, MONTHYON (COURS)",0.0,0.0
201300018163,18,2,2013,9,1,15,14,2,6,7,6,LESCUDILLIERS (BOULEVARD,0.0,0.0
201300018164,30,4,2013,10,1,15,14,2,6,2,6,DOUMER (AVENUE PAUL),0.0,0.0
201300018165,11,5,2013,20,1,15,14,2,1,2,3,SEMARD (PLACE PIERRE),0.0,0.0
201300018166,13,5,2013,14,1,15,14,2,1,1,6,"32, PRADES (AVENUE DES)",0.0,0.0
201300018167,30,6,2013,16,1,15,12,1,1,1,7,RD 920,0.0,0.0
201300018168,9,8,2013,21,2,15,14,2,1,1,6,"37, BLUM (RUE LEON)",0.0,0.0
201300018169,10,9,2013,11,1,15,14,2,1,1,3,"195, LECLERC (AVENUE DU",0.0,0.0
201300018170,24,9,2013,7,2,15,14,2,2,1,3,"120, LECLERC (AVENUE DU",0.0,0.0
201300018171,24,10,2013,8,1,15,14,2,3,1,3,"13, PRADES (AVENUE DES)",0.0,0.0
201300018172,6,12,2013,20,5,15,12,2,1,9,1,"5, RAMOND (RUE DU DOCTEU",0.0,0.0
201300018173,18,1,2013,14,1,34,207,1,1,1,6,,43.38025,3.49884
201300018174,22,3,2013,0,3,34,31,1,1,1,6,,43.35623,3.44413
201300018175,19,4,2013,20,2,34,207,1,1,1,1,,43.39204,3.51291
201300018176,12,7,2013,13,1,34,332,2,1,1,7,51 avenue d' AGDE,0.0,0.0
201300018177,10,8,2013,10,1,34,150,1,1,1,2,,43.32421,3.54823
201300018178,1,11,2013,10,1,34,31,1,1,1,7,,0.0,0.0
201300018179,12,11,2013,16,1,34,332,1,1,1,2,,0.0,0.0
201300018180,8,2,2013,3,3,34,24,1,3,1,3,,43.46737,3.69138
201300018181,13,6,2013,15,1,34,23,2,1,1,3,1 impasse des n?gafols,0.0,0.0
201300018182,9,8,2013,19,1,34,113,1,1,1,6,,0.0,0.0
201300018183,9,8,2013,21,5,34,213,1,1,1,1,,0.0,0.0
201300018184,1,9,2013,1,3,34,88,1,1,1,6,,0.0,0.0
201300018185,27,11,2013,9,1,34,87,2,1,1,6,rue Capdalliech,0.0,0.0
201300018186,26,1,2013,19,5,34,199,2,4,1,1,avenue de verdun,43.45412,3.42116
201300018187,11,3,2013,17,1,34,285,1,1,2,1,,43.52023,3.51745
201300018188,8,7,2013,14,1,34,166,2,1,1,3,568 ave de B?ziers D18,43.4,3.368
201300018189,16,7,2013,17,3,34,199,1,1,1,7,,43.474,3.382
201300018190,15,9,2013,18,1,34,199,1,1,1,5,,43.438,3.415
201300018191,2,11,2013,19,3,34,199,2,1,1,6,route de nizas CD 30,43.468,3.424
201300018192,1,12,2013,19,3,34,199,1,1,1,1,,0.0,0.0
201300018193,8,12,2013,21,3,34,63,1,1,1,6,,43.48555,3.35694
201300018194,22,1,2013,15,1,86,290,1,1,1,1,,0.0,0.0
201300018195,20,4,2013,20,1,86,148,1,1,1,3,,0.0,0.0
201300018196,21,4,2013,0,3,86,103,2,1,1,6,rue guerette du limousin,0.0,0.0
201300018197,28,9,2013,19,1,86,38,1,1,3,6,,0.0,0.0
201300018198,23,11,2013,11,1,86,290,2,1,1,6,33 all?e des cinq sceaux,0.0,0.0
201300018199,7,1,2013,18,3,86,213,1,1,5,6,,0.0,0.0
201300018200,18,1,2013,11,1,86,293,1,1,2,2,,0.0,0.0
201300018201,20,7,2013,6,2,86,39,1,1,1,7,,0.0,0.0
201300018202,4,8,2013,4,3,86,293,1,1,1,6,,0.0,0.0
201300018203,3,1,2013,10,1,86,177,2,1,1,6,1 Boulevard Gambetta,0.0,0.0
201300018204,25,1,2013,11,1,86,208,1,2,8,3,,0.0,0.0
201300018205,29,4,2013,17,1,86,160,2,1,1,6,20 Bd Foulques Nerra,0.0,0.0
201300018206,23,5,2013,17,1,86,281,1,2,1,5,LIEU DIT : ROUSSAIS,0.0,0.0
201300018207,9,6,2013,14,1,86,177,1,1,2,3,,0.0,0.0
201300018208,5,7,2013,6,1,86,177,1,1,1,1,,46.661,0.284
201300018209,3,8,2013,14,1,86,299,1,1,1,6,,0.0,0.0
201300018210,7,8,2013,20,1,86,144,2,3,1,3,rue de mirebeau,0.0,0.0
201300018211,25,8,2013,11,1,86,281,1,1,2,7,,0.0,0.0
201300018212,5,9,2013,18,1,86,177,1,1,1,3,,46.671,0.277
201300018213,16,9,2013,9,1,86,177,1,1,8,7,,0.0,0.0
201300018214,4,12,2013,14,1,86,300,1,1,7,2,,46.675,0.217
201300018215,6,2,2013,4,3,86,174,2,1,1,3,Rue Francois Mauriac,46.779,0.47
201300018216,26,12,2013,4,3,86,183,1,1,1,6,,0.0,0.0
201300018217,29,6,2013,12,1,86,137,1,3,1,5,,0.0,0.0
201300018218,20,7,2013,17,1,86,274,1,1,1,6,,0.0,0.0
201300018219,16,9,2013,7,2,86,287,1,1,1,5,,0.0,0.0
201300018220,5,10,2013,14,1,86,173,1,2,1,3,,0.0,0.0
201300018221,9,10,2013,16,1,86,137,2,1,1,3,Rue Jeanne d'Arc,0.0,0.0
201300018222,30,11,2013,10,1,86,137,1,1,1,3,,0.0,0.0
201300018223,20,12,2013,18,3,86,227,1,1,1,5,,0.0,0.0
201300018224,21,8,2013,21,2,86,86,1,1,1,3,,0.0,0.0
201300018225,26,10,2013,21,3,86,37,1,1,1,6,,0.0,0.0
201300018226,8,4,2013,17,1,29,80,2,1,1,6,01 rue Emile SALAUN,48.37268,-4.37551
201300018227,10,5,2013,13,1,29,45,1,6,1,7,,48.40146,-4.24757
201300018228,21,7,2013,2,3,29,189,2,1,1,6,CHEMIN DE KERVENAL,48.37896,-4.3469
201300018229,8,8,2013,9,1,29,140,1,1,1,2,,48.35612,-4.31472
201300018230,19,8,2013,15,1,29,189,1,1,1,6,,48.37616,-4.37987
201300018231,20,8,2013,14,1,29,43,1,1,1,1,,48.35804,-4.25948
201300018232,29,12,2013,21,3,29,137,1,1,2,7,,48.33636,-4.2594
201300018233,18,1,2013,20,5,41,25,2,1,2,6,,47.5608,1.53538
201300018234,4,2,2013,18,1,41,104,1,1,1,3,,47.5862,1.43027
201300018235,20,2,2013,19,3,41,34,1,1,1,6,,47.6454,1.52584
201300018236,1,4,2013,17,1,41,50,1,1,1,3,,0.0,0.0
201300018237,24,5,2013,10,1,41,295,1,1,1,3,,47.5945,1.37057
201300018238,25,6,2013,23,3,41,295,1,1,1,6,,0.0,0.0
201300018239,6,7,2013,11,1,41,246,1,1,1,3,,0.0,0.0
201300018240,12,7,2013,21,1,41,204,2,1,1,1,3 RUE DE NOZIEUX,0.0,0.0
201300018241,15,7,2013,15,1,41,295,2,1,1,6,199 ROUTE DE CHAMBORD,47.5743,1.39498
201300018242,18,7,2013,12,1,41,86,1,1,1,7,,47.517,1.54687
201300018243,19,8,2013,11,1,41,150,2,6,1,3,,47.5625,1.45502
201300018244,28,3,2013,15,1,41,97,1,1,1,1,,47.2768,1.64426
201300018245,20,4,2013,2,3,41,97,1,1,1,6,,47.2649,1.65922
201300018246,9,6,2013,1,3,41,280,1,1,1,7,,47.2842,1.71612
201300018247,8,9,2013,15,1,41,242,1,3,1,3,,47.2669,1.55331
201300018248,7,2,2013,11,1,41,257,1,2,1,1,,47.3909,1.31424
201300018249,26,2,2013,4,3,41,164,1,1,4,7,,47.2927,1.36507
201300018250,8,4,2013,0,5,41,180,2,1,1,6,07 ROUTE DE BLOIS,47.3909,1.25492
201300018251,25,5,2013,18,1,41,164,1,1,1,2,,47.2727,1.43489
201300018252,15,6,2013,20,1,41,180,1,1,1,6,,47.3746,1.20653
201300018253,29,6,2013,15,1,41,151,2,1,1,3,Quai de la Republique,0.0,0.0
201300018254,15,7,2013,19,1,41,43,1,1,1,7,,47.2791,1.47116
201300018255,17,7,2013,20,1,41,51,1,1,1,2,,47.3564,1.13897
201300018256,22,7,2013,20,1,41,43,2,1,1,7,rue du port,47.277,1.491
201300018257,11,8,2013,18,1,41,151,1,2,1,3,,47.3643,1.21107
201300018258,8,10,2013,19,3,41,49,1,1,1,3,,47.3618,1.47566
201300018259,14,10,2013,8,1,41,51,1,1,2,1,,47.369,1.11956
201300018260,18,10,2013,12,1,41,146,1,2,1,7,,47.3551,1.27243
201300018261,29,10,2013,16,1,41,164,1,1,1,6,,0.0,0.0
201300018262,17,11,2013,10,1,41,211,2,7,1,6,,0.0,0.0
201300018263,1,12,2013,4,3,41,126,1,1,5,7,,47.2836,1.27755
201300018264,20,12,2013,12,1,41,54,1,1,1,7,,0.0,0.0
201300018265,28,12,2013,11,1,41,59,2,1,2,1,RUE DE CHEVERNY,47.4228,1.4288
201300018266,23,5,2013,9,1,41,176,1,1,1,7,,47.4827,2.0907
201300018267,2,9,2013,19,1,41,161,2,1,1,6,18 RUE SAINT MARC,47.5423,2.03467
201300018268,20,11,2013,7,2,41,127,1,1,1,3,,47.5773,1.78262
201300018269,22,11,2013,18,3,41,46,1,1,2,1,,47.5999,1.89822
201300018270,4,12,2013,18,5,41,159,2,1,1,1,72 RUE DU 11 NOVEMBRE,47.5357,1.7949
201300018271,11,12,2013,18,3,41,159,1,1,1,6,,47.5105,1.76278
201300018272,8,12,2013,17,3,41,216,1,1,1,1,,47.9776,1.23082
201300018273,14,12,2013,18,3,41,154,1,1,1,3,,0.0,0.0
201300018274,19,12,2013,12,1,41,214,1,3,1,3,,47.921,1.19262
201300018275,24,12,2013,19,3,41,48,1,1,3,1,,47.9305,1.08512
201300018276,14,2,2013,7,3,47,300,1,1,2,1,1481 AVENEUE DES LANDES,44.2129,0.49048
201300018277,13,6,2013,5,3,47,19,1,1,1,1,,44.274,0.685
201300018278,25,6,2013,17,1,47,69,1,1,1,7,,0.0,0.0
201300018279,23,10,2013,17,1,47,246,1,1,1,1,,44.2337,0.51187
201300018280,7,11,2013,8,1,47,40,2,1,1,5,AVENUE DE LANDES,44.2037,0.54905
201300018281,8,11,2013,8,1,47,209,2,1,1,6,AVENUE DE CAHORS,44.2196,0.66044
201300018282,20,11,2013,17,1,47,40,2,1,1,2,AVENUE DES LANDES,44.2055,0.54147
201300018283,12,12,2013,8,2,47,60,1,1,5,3,,44.1179,0.71285
201300018284,24,12,2013,16,1,47,16,2,1,2,1,ROUTE DE ROQUEFORT D292,44.1396,0.55914
201300018285,3,5,2013,8,1,47,213,1,1,1,3,,0.0,0.0
201300018286,5,6,2013,7,1,47,190,1,2,1,3,,0.0,0.0
201300018287,29,6,2013,7,1,47,66,1,1,1,1,,44.244,0.451
201300018288,1,7,2013,10,1,47,22,1,1,1,5,LIEU-DIT BARATET,44.2472,0.41334
201300018289,3,3,2013,4,4,47,138,1,1,1,7,LIEU-DIT LAGASSE,44.2578,0.72854
201300018290,27,7,2013,18,1,47,234,1,1,1,6,,44.21,0.75
201300018291,30,8,2013,21,2,47,86,1,1,1,1,,0.0,0.0
201300018292,31,12,2013,15,1,47,310,2,1,1,1,boulevard max dormoy,0.0,0.0
201300018293,27,7,2013,11,1,47,71,1,1,1,7,,44.4662,0.48339
201300018294,19,10,2013,13,1,47,310,2,1,1,4,CHARLES DE GAULLE,44.3898,0.31019
201300018295,22,10,2013,17,2,47,159,1,3,1,3,,44.3906,0.19455
201300018296,1,11,2013,14,1,47,159,1,1,1,7,,44.3957,0.22865
201300018297,12,11,2013,10,1,47,310,2,1,1,1,RUE LABRUYERE,44.3919,0.30605
201300018298,16,12,2013,7,2,47,253,1,1,8,2,,44.4403,0.13192
201300018299,1,8,2013,16,1,47,195,1,1,1,6,,0.0,0.0
201300018300,6,10,2013,13,1,47,97,1,1,1,2,,44.2165,0.37753
201300018301,26,11,2013,17,5,47,52,2,1,1,6,RD 933,0.0,0.0
201300018302,22,1,2013,8,2,47,146,1,1,1,6,,44.4301,0.6846
201300018303,16,3,2013,18,1,47,284,1,1,2,7,LIEU-DIT MICHELOU,44.5353,0.88677
201300018304,25,3,2013,0,3,47,117,1,1,1,6,LIEU-DIT GUILLAMOU,44.3258,0.77971
201300018305,1,4,2013,18,1,47,181,1,1,2,6,,44.506,0.848
201300018306,23,4,2013,18,1,47,297,1,1,1,6,LDT PRAT N?OU,44.3185,0.66352
201300018307,5,9,2013,19,2,47,280,2,1,7,6,RUE DE LA R?PUBLIQUE,44.3974,0.80613
201300018308,28,6,2013,13,1,46,273,2,1,1,6,RUE DE GARY,44.86683,1.88125
201300018309,23,6,2013,21,1,42,67,1,1,2,1,,45.35131,4.60791
201300018310,30,6,2013,16,1,42,23,2,1,1,3,rue de la R?publique,45.29672,4.55915
201300018311,25,10,2013,18,1,42,97,2,1,1,1,3 All?e des Florianes,45.5021,4.32117
201300018312,13,11,2013,16,1,42,30,1,1,1,1,,45.81059,4.03943
201300018313,24,4,2013,13,1,42,266,2,1,1,6,CD 109,45.41635,4.0688
201300018314,3,5,2013,20,2,42,262,1,1,1,3,,45.40003,4.16661
201300018315,31,3,2013,5,3,42,38,1,1,2,6,,45.64541,4.20088
201300018316,16,7,2013,14,1,42,13,2,9,1,3,Route de bellegarde,45.64627,4.2898
201300018317,4,9,2013,14,1,42,10,1,1,1,7,,45.56572,4.37269
201300018318,4,10,2013,17,1,42,59,1,1,3,1,,45.6285,4.38316
201300018319,30,5,2013,16,1,42,334,1,1,2,1,,45.85397,4.35951
201300018320,7,7,2013,19,1,42,334,2,1,1,3,RUE JACQUES VERGNIER,45.85139,4.35709
201300018321,21,9,2013,10,1,42,334,1,1,7,3,,45.84967,4.30372
201300018322,24,6,2013,15,1,42,230,1,1,1,6,,45.82309,4.03258
201300018323,8,1,2013,7,3,12,68,1,1,5,1,,0.0,0.0
201300018324,10,1,2013,2,3,12,188,1,1,2,6,,44.28,2.761
201300018325,16,2,2013,9,1,12,56,1,3,1,3,,44.294,2.436
201300018326,16,3,2013,15,1,12,188,1,2,1,3,,44.281,2.771
201300018327,30,6,2013,19,1,12,90,1,1,1,1,,44.372,2.532
201300018328,7,7,2013,2,3,12,133,1,1,1,6,,0.0,0.0
201300018329,14,7,2013,14,1,12,50,1,4,1,5,,44.232,2.776
201300018330,26,7,2013,7,1,12,90,1,1,1,1,,44.374,2.484
201300018331,8,8,2013,15,1,12,50,1,1,8,4,,0.0,0.0
201300018332,12,9,2013,18,2,12,32,1,1,2,2,,44.309,2.38
201300018333,12,10,2013,20,3,12,32,1,1,2,1,,44.308,2.389
201300018334,15,11,2013,16,1,12,90,1,1,8,1,,0.0,0.0
201300018335,31,12,2013,16,1,12,277,1,1,1,7,,0.0,0.0
201300018336,18,5,2013,20,2,12,61,1,1,3,6,,0.0,0.0
201300018337,24,3,2013,4,3,12,203,2,1,2,6,CD 999  LAURAS,0.0,0.0
201300018338,21,7,2013,15,1,12,203,1,1,1,7,,43.982,3.006