Num_Acc,jour,mois,an,hr,condition_eclairage,departement,commune,condition_agglomeration,intersection,condition_atmosphere,type_collision,adresse,lattitude,longitude
201300018339,6,11,2013,8,1,12,243,1,1,2,7,,44.017,2.954
201300018340,13,7,2013,7,1,12,183,1,1,1,1,,43.957,2.556
201300018341,12,8,2013,12,1,12,248,1,1,1,1,,43.878,2.619
201300018342,18,9,2013,16,1,12,248,2,1,1,5,,43.886,2.614
201300018343,14,6,2013,15,1,12,242,1,1,7,1,,0.0,0.0
201300018344,2,9,2013,16,1,49,35,1,1,1,3,,47.40257,-0.63195
201300018345,7,2,2013,11,1,49,377,1,1,1,3,Pont Reugnier,47.5439,-0.43444
201300018346,12,2,2013,6,3,49,307,1,1,1,3,Les Boires,47.40869,-0.29743
201300018347,14,2,2013,11,1,49,323,1,1,8,6,,47.52246,-0.49722
201300018348,23,3,2013,16,1,49,377,1,1,1,5,,47.55229,-0.49388
201300018349,6,4,2013,18,1,49,307,1,2,1,3,,47.41441,-0.3116
201300018350,27,4,2013,8,1,49,238,1,1,1,6,Rue Nationale,47.52177,-0.43725
201300018351,22,5,2013,15,1,49,241,1,1,2,6,,47.48227,-0.41515
201300018352,2,6,2013,15,1,49,377,1,1,1,7,,47.54295,-0.48584
201300018353,2,6,2013,16,1,49,117,1,1,1,6,GERBEAU,47.43176,-0.43084
201300018354,28,6,2013,20,1,49,307,2,1,1,7,82 bis levee du roi Rene,47.41062,-0.33151
201300018355,7,7,2013,17,1,49,241,1,1,1,1,La Perdrière,47.49328,-0.45645
201300018356,22,9,2013,11,1,49,42,1,1,1,2,,0.0,0.0
201300018357,28,9,2013,9,1,49,377,1,1,8,1,La Dionnière,47.54202,-0.48647
201300018358,5,10,2013,20,4,49,42,1,1,1,6,,0.0,0.0
201300018359,6,10,2013,2,3,49,307,1,1,1,7,Levé du roi rené,47.4112,-0.33408
201300018360,26,10,2013,12,1,49,323,1,2,1,3,,0.0,0.0
201300018361,9,11,2013,13,1,49,323,1,1,2,3,,47.513,-0.471
201300018362,15,11,2013,10,1,49,4,1,1,1,1,,0.0,0.0
201300018363,3,3,2013,14,1,49,82,1,1,1,7,La chapelle des mines,47.3433,-0.71027
201300018364,15,12,2013,11,1,49,297,1,1,8,2,L'ile Bigeard,47.37153,-0.96955
201300018365,5,2,2013,10,1,49,380,1,2,2,3,,47.57981,-0.01967
201300018366,17,3,2013,11,1,49,101,1,1,1,2,La Bertraie,47.65078,-0.07261
201300018367,4,12,2013,11,1,49,356,1,1,5,2,,47.15652,-0.4204
201300018368,26,4,2013,4,3,49,219,1,1,1,6,,47.2226,0.04694
201300018369,3,5,2013,17,1,49,112,1,1,1,6,,47.17363,-0.13711
201300018370,5,10,2013,16,1,49,215,2,1,1,2,290 avenue Paul PAINLEVE,0.0,0.0
201300018371,18,8,2013,17,1,49,136,1,1,1,1,,0.0,0.0
201300018372,1,2,2013,11,1,49,43,1,1,2,7,,47.58371,-0.76913
201300018373,8,3,2013,19,3,49,200,1,6,1,1,,47.55709,-0.66639
201300018374,18,5,2013,5,2,49,251,1,6,1,7,,47.56719,-0.67762
201300018375,5,12,2013,17,3,49,155,1,1,1,4,,0.0,0.0
201300018376,8,6,2013,5,2,49,132,1,1,1,7,l'etang,47.66749,-0.42979
201300018377,22,11,2013,8,1,49,216,1,1,1,6,,0.0,0.0
201300018378,15,3,2013,16,1,55,504,1,1,1,3,,48.729,5.252
201300018379,18,1,2013,16,1,55,282,1,1,1,7,,48.819,5.321
201300018380,21,7,2013,18,1,55,463,2,6,1,1,avenue de la lib?ration,48.899,5.537
201300018381,5,3,2013,18,3,55,573,1,3,1,3,,48.68434,5.62123
201300018382,4,2,2013,13,1,55,119,2,1,2,1,Lotissement le Rougis,49.36835,5.17615
201300018383,7,7,2013,3,3,55,63,1,1,1,6,,49.305,5.747
201300018384,25,7,2013,15,1,55,158,2,1,7,3,Rue de VERDUN,0.0,0.0
201300018385,14,8,2013,15,1,55,2,1,1,1,3,,49.205,5.557
201300018386,4,8,2013,0,5,55,110,2,1,1,7,2 rue de l'?glise,49.536,5.297
201300018387,7,11,2013,19,3,55,252,1,1,2,1,,49.4647,5.40831
201300018388,30,5,2013,16,1,61,203,1,3,2,3,LA PIECE,48.39454,0.05727
201300018389,14,9,2013,15,1,61,213,1,1,2,1,,48.47434,-0.11605
201300018390,18,2,2013,15,1,61,36,1,1,1,1,,48.63328,0.10398
201300018391,7,3,2013,12,1,61,301,1,1,8,7,LES TROIS CORNES,48.55319,0.17215
201300018392,9,11,2013,22,3,61,133,1,1,3,7,,48.60666,0.34428
201300018393,7,3,2013,21,3,61,283,1,1,2,6,,48.80363,-0.09054
201300018394,23,3,2013,19,2,61,179,1,1,1,3,FROMENTEL,48.71869,-0.26904
201300018395,25,3,2013,16,1,61,210,1,1,1,1,,48.67069,-0.15189
201300018396,28,4,2013,7,2,61,298,1,1,1,7,,48.73924,-0.04812
201300018397,9,10,2013,14,1,61,194,2,1,1,1,Le bourg,48.7328,-0.09143
201300018398,10,11,2013,4,3,61,346,1,1,1,6,L'HOTELLERIE FAROULT,48.89411,0.11008
201300018399,12,2,2013,17,1,61,232,1,1,1,5,LES ISLES,48.63253,-0.69825
201300018400,31,7,2013,15,1,61,145,1,1,1,3,LA CROIX DE LA LIEUE,48.83011,-0.58271
201300018401,3,9,2013,11,1,61,91,1,1,7,2,,48.58797,-0.50067
201300018402,21,4,2013,22,3,61,223,1,1,1,6,LA VIEILLE COUR,48.70159,-0.67325
201300018403,12,8,2013,13,1,61,376,2,1,1,7,LE BOURG,48.68456,-0.62361
201300018404,4,6,2013,17,1,61,168,2,1,1,7,RUE SOEUR MARIE BOITIER,48.59507,-0.35357
201300018405,19,12,2013,18,3,61,168,1,2,8,2,CARREFOUR EPINETTE,48.56122,-0.39565
201300018406,19,6,2013,8,1,61,255,1,3,1,3,LES PIGEOLETS,48.45775,0.61715
201300018407,12,9,2013,17,1,61,476,1,1,2,7,L'OISELET,48.38553,0.41583
201300018408,19,12,2013,19,3,61,229,1,1,9,7,,48.51258,0.59719
201300018409,1,1,2013,3,3,61,422,1,1,1,7,LE VIEUX CHATEAU,48.68714,0.5926
201300018410,13,2,2013,17,1,61,140,1,3,8,5,,48.71099,0.66582
201300018411,8,3,2013,15,1,61,214,2,6,1,6,"1, rue Romain d'archy",48.76469,0.62832
201300018412,4,7,2013,8,1,61,193,1,1,1,1,LA HULLIERE,48.79451,0.50194
201300018413,31,8,2013,0,3,61,193,1,1,1,7,LE BOCAGE,48.83633,0.47957
201300018414,17,11,2013,20,3,61,297,1,1,1,6,,48.6439,0.45447
201300018415,26,8,2013,5,4,61,356,1,9,1,1,L'AIGUILLON,48.70449,0.61578
201300018416,7,10,2013,23,3,61,79,1,1,1,6,GLAYE,48.20491,0.72387
201300018417,3,11,2013,18,3,61,246,1,1,2,1,LE GIBET,48.2725,0.7726
201300018418,24,5,2013,17,1,61,429,1,1,1,1,GENTILLY,48.63234,0.73907
201300018419,16,6,2013,18,1,61,125,1,1,1,1,BONCOUR,48.40327,0.92183
201300018420,22,7,2013,18,1,61,230,1,1,1,7,LA BANDONNIERE,48.53956,0.7344
201300018421,29,10,2013,11,1,61,345,1,1,1,2,,48.42973,0.75458
201300018422,28,1,2013,17,1,76,98,2,2,1,6,CH DU CLOS SAVOYE,49.98232,1.25571
201300018423,18,3,2013,16,1,76,255,2,2,2,3,"23, R JEAN DUHORNAY",50.04848,1.41599
201300018424,28,3,2013,4,3,76,255,1,1,1,1,RTE DE SAINT PIERRE,50.0284,1.43433
201300018425,3,4,2013,7,1,76,618,2,3,1,3,R DE LA MER,49.95703,1.22238
201300018426,8,6,2013,0,5,76,507,2,1,1,6,ROUTE DE EU,50.04299,1.4347
201300018427,8,6,2013,23,5,76,711,2,1,1,6,RUE DU DOCTEUR PEPIN,50.0582,1.38074
201300018428,29,6,2013,19,1,76,255,2,6,1,3,ROND POINT CD 925 - 1915,50.05306,1.3994
201300018429,8,7,2013,14,1,76,711,2,1,1,3,"5, QU SADI CARNOT",50.05968,1.37992
201300018430,21,7,2013,12,1,76,644,2,1,1,1,,50.00853,1.37359
201300018431,28,7,2013,11,1,76,252,2,1,1,7,RUE DU DOUX MESNIL,50.0338,1.38817
201300018432,13,8,2013,20,1,76,255,1,1,1,6,,50.03583,1.42419
201300018433,15,8,2013,17,1,76,496,2,1,1,7,R DES HARES,49.97972,1.2322
201300018434,24,9,2013,14,1,76,711,2,1,1,6,AV CHARLES GOUNOT,50.05496,1.38267
201300018435,19,11,2013,13,1,76,644,1,1,1,1,,50.01742,1.39831
201300018436,16,12,2013,15,1,76,207,1,1,1,6,,49.93079,1.36843
201300018437,7,1,2013,15,1,76,673,1,1,8,2,,49.46223,1.25672
201300018438,18,2,2013,9,1,76,548,1,1,1,1,,49.47266,1.35104
201300018439,2,3,2013,14,1,76,591,2,1,1,3,450 BIS RTE DE GOURNAY,49.44238,1.1769
201300018440,16,3,2013,17,1,76,358,1,1,2,6,,49.4755,1.40686
201300018441,11,4,2013,16,1,76,591,1,1,1,2,,49.44235,1.19138
201300018442,21,6,2013,0,5,76,560,2,1,2,7,RTE DE LYONS LA FORET,49.41829,1.18789
201300018443,8,7,2013,17,1,76,560,1,1,7,6,CD 7 - PK23+500,49.42381,1.17117
201300018444,3,8,2013,2,3,76,248,1,1,1,7,,49.58364,1.30702
201300018445,12,8,2013,14,1,76,248,1,2,1,3,,49.57918,1.29383
201300018446,6,10,2013,11,1,76,571,1,2,1,6,,49.54151,1.34418
201300018447,29,3,2013,16,1,63,126,1,1,1,1,,45.692,3.15
201300018448,2,6,2013,19,1,63,120,1,1,1,1,,0.0,0.0
201300018449,16,6,2013,0,3,63,350,1,1,1,3,,45.727,3.262
201300018450,18,6,2013,5,2,63,126,1,1,1,6,,0.0,0.0
201300018451,17,10,2013,14,1,63,457,2,1,1,1,boulevard du Comté,0.0,0.0
201300018452,2,12,2013,16,1,63,455,2,1,7,6,2 Avenue de la monne,45.121,3.285
201300018453,19,2,2013,17,1,63,137,1,1,1,1,,45.409,3.604
201300018454,6,3,2013,17,1,63,211,2,1,1,1,AVENUE DU LIVRADOIS,0.0,0.0
201300018455,27,7,2013,21,2,63,3,2,1,1,1,13 ave Georges POMPIDOU,45.55511,3.75005
201300018456,30,8,2013,11,1,63,374,1,1,1,5,,0.0,0.0
201300018457,5,5,2013,15,1,63,207,1,1,1,6,,0.0,0.0
201300018458,12,8,2013,15,1,63,465,1,1,1,3,,45.436,3.886
201300018459,6,6,2013,17,1,63,353,2,1,1,6,route des granges,45.46,3.542
201300018460,19,6,2013,14,1,63,353,1,1,1,6,,45.439,3.562
201300018461,11,3,2013,14,1,63,261,1,1,2,1,,0.0,0.0
201300018462,7,5,2013,14,1,63,172,2,1,1,6,Le Bourg,0.0,0.0
201300018463,11,10,2013,11,1,63,380,1,1,2,6,,0.0,0.0
201300018464,18,10,2013,13,1,63,268,1,1,1,3,,0.0,0.0
201300018465,9,11,2013,9,1,63,178,2,1,1,3,Boulevard du Mont-Mouche,0.0,0.0
201300018466,8,12,2013,17,2,63,7,2,1,1,1,RD 714 le bourg,0.0,0.0
201300018467,22,1,2013,13,1,63,397,1,1,8,3,,0.0,0.0
201300018468,6,6,2013,17,1,63,98,1,1,1,1,,45.512,2.721
201300018469,5,9,2013,10,1,63,236,2,1,1,6,place de la r?publique,45.57255,2.81138
201300018470,25,6,2013,17,1,63,400,1,1,1,1,,46.043,3.362
201300018471,19,7,2013,18,1,63,362,1,1,1,6,,45.931,3.243
201300018472,4,1,2013,13,1,63,223,1,1,2,3,,0.0,0.0
201300018473,6,6,2013,7,1,63,231,2,6,1,6,ROND POING A89,45.87032,3.62829
201300018474,9,6,2013,23,3,63,66,1,1,8,1,,45.86877,3.65345
201300018475,15,7,2013,18,1,63,430,1,1,1,3,,0.0,0.0
201300018476,10,8,2013,2,5,63,430,2,1,1,6,avenue de la 1er arm?e,0.0,0.0
201300018477,3,9,2013,18,1,63,430,2,1,1,6,36avenue des Cizolles,45.84597,3.5355
201300018478,3,12,2013,18,5,63,430,2,1,1,6,8 rue des grammonts,45.85671,3.54866
201300018479,15,12,2013,4,5,63,276,2,1,9,6,Route de Billom,0.0,0.0
201300018480,31,10,2013,16,1,63,125,2,1,1,6,avenue Henri Pourrat,0.0,0.0
201300018481,2,1,2013,16,1,63,180,2,1,2,6,route du pont,0.0,0.0
201300018482,19,5,2013,12,1,63,201,1,1,8,3,,45.945,3.38
201300018483,28,8,2013,0,3,63,271,1,1,2,6,,45.933,3.463
201300018484,25,10,2013,18,1,63,128,2,1,1,1,bajolet,45.916,3.378
201300018485,8,12,2013,21,5,63,271,1,1,8,6,,45.934,3.491
201300018486,12,12,2013,17,1,63,95,1,1,9,6,,45.963,3.46
201300018487,11,10,2013,20,3,89,252,1,1,3,1,,47.63905,3.49287
201300018488,17,2,2013,7,5,89,382,2,1,5,6,Avenue COLBERT,47.90281,3.59976
201300018489,20,2,2013,16,1,89,68,1,1,1,5,,47.82341,3.76621
201300018490,7,5,2013,15,1,89,227,1,1,1,1,,47.89319,3.75857
201300018491,6,7,2013,18,1,89,226,2,1,1,1,rue Saint MARTIN - D.124,0.0,0.0
201300018492,3,8,2013,17,1,89,341,2,2,1,3,CARREFOUR D.956 / D.2,0.0,0.0
201300018493,11,8,2013,18,1,89,282,1,1,1,6,,0.0,0.0
201300018494,3,9,2013,10,1,89,198,1,1,1,6,,47.884,3.569
201300018495,26,9,2013,17,1,89,198,1,3,1,3,,47.863,3.578
201300018496,6,10,2013,16,1,89,34,1,1,1,7,,47.816,3.715
201300018497,20,11,2013,18,3,89,250,1,1,4,1,,0.0,0.0
201300018498,28,1,2013,7,2,89,345,1,1,9,5,,47.99881,3.70408
201300018499,31,5,2013,17,1,89,276,2,1,2,5,route de Troyes,48.04551,3.79448
201300018500,21,7,2013,23,3,89,26,1,1,1,1,,0.0,0.0
201300018501,28,8,2013,18,1,89,26,2,1,1,2,82 RUE ETIENNE FINOT,48.00409,3.6793
201300018502,7,10,2013,13,1,89,402,2,1,1,6,grande rue,0.0,0.0
201300018503,6,1,2013,18,3,89,272,1,1,8,6,,47.70429,3.34748
201300018504,9,2,2013,8,1,89,216,1,1,4,6,,47.53483,3.26312
201300018505,11,5,2013,10,1,89,344,1,1,1,6,,47.61763,3.07483
201300018506,12,5,2013,14,1,89,344,1,1,1,7,,47.63127,3.05363
201300018507,17,5,2013,19,1,89,400,1,1,1,7,,47.55867,3.33097
201300018508,14,6,2013,21,2,89,324,2,1,1,6,"D14, PK 57",47.74139,2.87707
201300018509,11,10,2013,11,1,89,311,1,1,8,6,,47.778,3.419
201300018510,1,6,2013,15,1,89,25,1,1,1,1,,47.481,3.916
201300018511,13,6,2013,10,1,89,25,1,1,1,7,,47.47519,3.91528
201300018512,7,1,2013,11,1,89,321,2,2,1,6,,0.0,0.0
201300018513,11,4,2013,15,1,89,355,1,1,3,1,,47.86852,4.07161
201300018514,29,6,2013,6,2,89,211,2,1,2,7,GRANDE RUE,0.0,0.0
201300018515,3,7,2013,15,1,89,39,1,1,3,6,,0.0,0.0
201300018516,16,12,2013,10,2,89,407,1,1,8,1,,47.854,4.04699
201300018517,16,4,2013,8,1,89,473,2,1,1,3,Rue du Milieu,0.0,0.0
201300018518,14,6,2013,14,1,89,74,2,1,1,7,41 rue du centre,48.32038,3.1243
201300018519,4,11,2013,14,1,89,480,1,1,1,7,,0.0,0.0
201300018520,21,11,2013,14,1,89,456,1,1,8,2,,48.30677,3.16824
201300018521,6,12,2013,11,1,89,449,1,1,1,1,,0.0,0.0
201300018522,24,12,2013,15,1,89,449,1,2,2,3,,48.33209,3.09799
201300018523,11,1,2013,11,1,89,428,1,1,2,7,,48.23367,3.05745
201300018524,21,11,2013,13,1,89,380,1,1,1,6,,48.08229,3.08774
201300018525,8,1,2013,9,1,89,348,2,1,1,6,avenue Wilson,48.03288,3.29589
201300018526,31,1,2013,20,3,89,142,1,1,1,6,Entre Buisson & Chapitre,48.07762,3.36603
201300018527,5,4,2013,16,1,89,464,1,1,1,3,,48.06337,3.29029
201300018528,9,11,2013,19,5,89,464,2,1,2,1,Faubourg Saint Nicolas,48.093,3.296
201300018529,28,8,2013,16,1,71,495,1,1,1,3,,46.52504,4.60674
201300018530,8,6,2013,22,3,71,550,2,1,3,6,,0.0,0.0
201300018531,1,11,2013,16,1,71,591,1,3,1,5,,0.0,0.0
201300018532,22,1,2013,10,1,71,14,2,1,1,6,avenue charles de gaulle,46.95033,4.2986
201300018533,26,1,2013,14,1,71,14,1,3,8,1,,0.0,0.0
201300018534,18,4,2013,21,3,71,162,1,1,1,1,,0.0,0.0
201300018535,26,4,2013,3,3,71,162,1,1,1,6,,0.0,0.0
201300018536,7,5,2013,14,1,71,535,1,1,1,3,,47.006,4.25466
201300018537,1,6,2013,11,1,71,144,1,2,1,3,,0.0,0.0
201300018538,5,7,2013,18,1,71,190,2,2,7,1,La dree,0.0,0.0
201300018539,22,7,2013,0,5,71,14,2,6,1,6,Carrefour de la legion,0.0,0.0
201300018540,31,7,2013,20,1,71,14,1,1,1,6,,46.94929,4.34788
201300018541,15,8,2013,19,1,71,14,2,1,1,5,66 av de la republique,46.95776,4.30019
201300018542,5,9,2013,11,1,71,14,2,1,1,6,boulevard mazagran,46.95574,4.30661
201300018543,5,9,2013,7,1,71,162,1,1,7,1,,0.0,0.0
201300018544,29,10,2013,10,1,71,493,1,1,1,3,,0.0,0.0
201300018545,21,12,2013,8,1,71,438,1,1,8,7,,47.038,4.40044
201300018546,5,7,2013,12,1,71,192,2,6,1,3,rond point de l'europe,46.86674,4.19916
201300018547,14,4,2013,9,1,71,191,1,1,1,1,,0.0,0.0
201300018548,14,6,2013,7,1,71,347,1,1,1,6,,0.0,0.0
201300018549,16,2,2013,9,1,71,222,1,1,5,3,la fougère,0.0,0.0
201300018550,15,11,2013,6,3,71,463,1,1,3,3,,0.0,0.0
201300018551,9,12,2013,16,1,71,483,1,1,7,6,,46.33484,4.28481
201300018552,4,3,2013,13,1,71,132,1,1,1,1,,0.0,0.0
201300018553,5,5,2013,20,2,71,340,1,1,7,1,,0.0,0.0
201300018554,14,1,2013,7,2,71,484,2,1,2,3,64 rue du bourg,0.0,0.0
201300018555,20,1,2013,20,3,71,64,1,1,4,1,,0.0,0.0
201300018556,7,4,2013,15,1,71,177,1,1,1,6,,0.0,0.0
201300018557,6,8,2013,8,1,71,380,2,1,1,3,,0.0,0.0
201300018558,21,8,2013,17,1,71,263,1,3,1,3,,46.64585,5.20614
201300018559,31,8,2013,14,1,71,56,1,1,1,1,,0.0,0.0
201300018560,30,8,2013,20,2,71,263,2,1,1,7,,0.0,0.0
201300018561,21,9,2013,15,1,71,484,1,1,1,7,,0.0,0.0
201300018562,3,10,2013,16,1,71,196,1,1,1,3,,46.65658,5.34919
201300018563,14,10,2013,17,1,71,143,1,1,1,1,,46.45887,5.30715
201300018564,15,6,2013,19,1,64,61,2,1,1,1,RD817 - GARE SNCF,0.0,0.0
201300018565,21,9,2013,10,1,64,301,1,1,1,6,,43.4101,-0.67408
201300018566,13,7,2013,7,1,11,136,1,1,1,6,,43.193,2.04999
201300018567,17,7,2013,12,1,11,9,1,1,1,5,,0.0,0.0
201300018568,26,10,2013,14,1,11,49,2,1,1,3,rue des ?coles,43.247,2.115
201300018569,18,2,2013,4,3,11,35,2,1,1,6,CD 117,0.0,0.0
201300018570,27,7,2013,11,1,11,106,2,1,1,6,rue Hoche,0.0,0.0
201300018571,11,5,2013,10,1,81,48,1,1,1,2,,0.0,0.0
201300018572,22,5,2013,17,1,81,8,1,1,1,1,,44.095,2.159
201300018573,16,3,2013,4,5,81,11,2,1,1,6,CD87,43.7355,1.82337
201300018574,13,4,2013,22,3,81,140,1,1,1,6,,43.6833,1.75287
201300018575,1,8,2013,18,1,81,298,1,1,1,5,,0.0,0.0
201300018576,22,12,2013,3,5,81,104,1,6,2,6,,0.0,0.0
201300018577,19,11,2013,17,3,81,227,1,1,2,6,,43.674,2.29
201300018578,4,2,2013,11,1,81,120,1,1,3,1,,43.5558,2.27939
201300018579,9,8,2013,11,1,81,325,1,1,1,1,,43.557,2.183
201300018580,23,2,2013,14,1,69,63,2,1,1,1,Quai de la Jonch?re,0.0,0.0
201300018581,3,2,2013,14,1,69,18,1,1,1,1,,46.246,4.477
201300018582,28,7,2013,1,5,69,165,2,1,1,6,CD 337,46.129,4.633
201300018583,6,7,2013,19,1,69,6,2,1,1,1,rue Auguste Villy,0.0,0.0
201300018584,23,5,2013,18,1,33,363,2,3,1,1,"CD671, PR4+900",0.0,0.0
201300018585,24,8,2013,18,1,33,83,1,1,1,7,,0.0,0.0
201300018586,23,4,2013,19,1,33,36,1,1,1,6,,0.0,0.0
201300018587,29,5,2013,9,1,33,36,2,1,8,6,9 rue Pallas,44.437,-0.212
201300018588,5,1,2013,6,5,33,523,2,1,1,6,D122 PR 44+200,0.0,0.0
201300018589,18,5,2013,20,1,33,97,1,1,1,1,,0.0,0.0
201300018590,21,10,2013,5,3,33,203,1,1,1,6,,0.0,0.0
201300018591,24,10,2013,14,1,33,203,1,1,1,1,,0.0,0.0
201300018592,30,1,2013,20,3,33,314,1,1,8,1,,0.0,0.0
201300018593,9,6,2013,9,1,33,314,1,1,8,6,,0.0,0.0
201300018594,2,8,2013,7,2,33,125,1,3,8,3,,0.0,0.0
201300018595,19,12,2013,20,3,33,395,1,1,2,7,,0.0,0.0
201300018596,6,1,2013,18,3,33,348,1,1,1,6,,45.368,-0.969
201300018597,7,5,2013,18,1,33,390,1,1,1,1,,0.0,0.0
201300018598,4,9,2013,13,1,33,45,1,1,1,3,,0.0,0.0
201300018599,13,10,2013,17,1,33,108,1,1,8,6,,0.0,0.0
201300018600,8,5,2013,15,2,33,468,1,1,1,7,,0.0,0.0
201300018601,27,8,2013,19,1,33,402,2,1,1,3,rue marceau,0.0,0.0
201300018602,14,9,2013,16,1,33,402,2,1,1,6,D936,0.0,0.0
201300018603,20,5,2013,23,3,65,292,1,1,1,1,,43.24957,-0.11621
201300018604,11,7,2013,9,1,65,155,1,1,1,1,,43.29075,0.55991
201300018605,8,10,2013,13,1,65,373,1,1,1,6,PUNTOUS/D632,43.3011,0.44205
201300018606,10,1,2013,14,1,65,432,1,1,2,6,,43.52999,-0.04011
201300018607,13,7,2013,7,1,65,460,2,1,1,7,91 avenue de PAU,43.38492,0.04855
201300018608,2,8,2013,18,1,65,304,2,1,7,3,1155 avenue de bordeaux,43.47611,0.02306
201300018609,9,9,2013,17,1,65,460,2,1,1,2,avenu Claude CHALIN,43.36911,0.06136
201300018610,13,12,2013,11,1,65,460,2,1,7,6,11 boulevard d'alsace,43.38593,0.05527
201300018611,20,5,2013,12,1,65,395,2,1,1,6,,43.10246,-0.17034
201300018612,25,8,2013,19,1,65,421,2,1,1,3,RD 97,43.06949,0.01027
201300018613,2,9,2013,18,1,65,29,2,1,1,7,RD 918 PK 18+300,42.99176,-0.12923
201300018614,10,10,2013,12,1,65,363,1,1,2,7,PINAS/D 159,43.1181,0.4643
201300018615,9,9,2013,18,1,65,388,2,6,1,1,,42.82173,0.32801
201300018616,18,1,2013,20,3,41,229,1,1,4,5,,47.3037,1.34732
201300018617,8,4,2013,23,3,41,99,1,1,1,6,,47.3019,1.34043
201300018618,1,7,2013,9,1,41,49,1,1,1,2,,47.3268,1.49207
201300018619,27,7,2013,19,1,41,135,1,1,1,3,,47.2962,1.87971
201300018620,3,8,2013,2,3,41,110,1,1,3,2,,47.3147,1.81312
201300018621,19,8,2013,13,1,41,110,1,1,1,2,,47.3139,1.81694
201300018622,18,9,2013,11,1,41,229,1,1,2,1,,47.3059,1.35819
201300018623,11,1,2013,7,3,82,75,1,1,2,4,,0.0,0.0
201300018624,13,4,2013,16,1,82,160,1,1,1,6,,0.0,0.0
201300018625,14,6,2013,19,1,82,73,1,1,1,7,,0.0,0.0
201300018626,10,1,2013,8,1,80,784,1,1,5,6,,0.0,0.0
201300018627,3,6,2013,14,1,80,159,1,1,1,4,,0.0,0.0
201300018628,10,6,2013,15,1,80,507,2,1,1,1,,0.0,0.0
201300018629,11,6,2013,19,1,80,156,1,1,8,5,,0.0,0.0
201300018630,29,6,2013,15,1,80,672,1,1,1,3,,0.0,0.0
201300018631,2,7,2013,23,3,80,412,1,2,2,3,,0.0,0.0
201300018632,6,7,2013,17,1,80,461,1,1,1,5,,0.0,0.0
201300018633,10,7,2013,18,1,80,107,1,1,1,7,,0.0,0.0
201300018634,6,11,2013,20,3,80,36,1,1,8,4,,0.0,0.0
201300018635,18,11,2013,16,1,80,212,2,1,1,6,18 RUE ANDRE FOUCART,49.90898,2.5068
201300018636,18,1,2013,11,1,80,142,1,2,8,3,,0.0,0.0
201300018637,16,2,2013,10,1,80,13,1,1,1,1,,0.0,0.0
201300018638,5,3,2013,17,1,80,655,1,1,1,6,,0.0,0.0
201300018639,9,3,2013,16,1,80,13,1,3,1,3,,0.0,0.0
201300018640,11,9,2013,22,3,80,62,1,1,2,6,,0.0,0.0
201300018641,29,9,2013,14,1,80,703,1,1,1,1,,0.0,0.0
201300018642,15,10,2013,16,1,80,324,2,1,1,3,tour de hais,49.94274,1.81225
201300018643,28,11,2013,9,1,80,443,1,1,8,6,,0.0,0.0
201300018644,11,12,2013,19,3,80,443,1,1,1,1,,0.0,0.0
201300018645,28,12,2013,19,3,80,456,1,1,8,3,,0.0,0.0
201300018646,6,4,2013,8,1,80,50,1,1,1,1,,0.0,0.0
201300018647,18,4,2013,7,1,80,791,1,1,1,6,,0.0,0.0
201300018648,31,5,2013,21,1,80,114,1,1,1,3,,0.0,0.0
201300018649,1,6,2013,8,1,80,630,2,3,1,3,D919,0.0,0.0
201300018650,29,7,2013,10,1,80,583,1,2,1,3,,0.0,0.0
201300018651,7,8,2013,17,1,80,515,1,2,1,3,,0.0,0.0
201300018652,7,9,2013,17,1,80,424,2,1,1,1,,0.0,0.0
201300018653,8,10,2013,17,1,80,399,2,1,1,7,RUE DU VIEIL ORME,0.0,0.0
201300018654,14,10,2013,19,5,80,211,2,4,2,1,ROUTE DE BELLEUSE,0.0,0.0
201300018655,18,10,2013,18,1,80,791,2,1,1,2,chemin de bacouel,49.83912,2.22426
201300018656,8,4,2013,18,1,80,130,1,2,1,3,,0.0,0.0
201300018657,14,4,2013,13,1,80,11,2,1,1,3,Rue Pierre Brossolette,0.0,0.0
201300018658,28,4,2013,22,3,80,650,1,1,1,2,,0.0,0.0