Num_Acc,jour,mois,an,hr,condition_eclairage,departement,commune,condition_agglomeration,intersection,condition_atmosphere,type_collision,adresse,lattitude,longitude
201300018659,26,5,2013,18,1,80,11,2,1,1,3,RUE JEAN CATELAS,0.0,0.0
201300018660,19,6,2013,4,2,80,718,1,2,1,1,,0.0,0.0
201300018661,26,6,2013,13,1,80,20,1,1,1,1,,0.0,0.0
201300018662,12,7,2013,17,1,80,798,1,1,1,5,,0.0,0.0
201300018663,19,8,2013,19,1,80,718,1,2,1,1,,0.0,0.0
201300018664,7,10,2013,5,3,80,718,1,2,5,1,,0.0,0.0
201300018665,18,10,2013,18,3,80,650,1,1,1,5,,0.0,0.0
201300018666,24,11,2013,15,1,80,130,1,2,1,3,,0.0,0.0
201300018667,12,12,2013,8,1,80,187,1,1,9,1,,0.0,0.0
201300018668,19,12,2013,9,1,80,650,1,1,1,5,,0.0,0.0
201300018669,8,3,2013,20,3,80,486,1,1,5,6,,0.0,0.0
201300018670,10,5,2013,18,1,80,251,2,1,1,6,12 rue foraine,50.00112,1.77789
201300018671,19,5,2013,19,2,80,19,1,1,1,1,,0.0,0.0
201300018672,5,7,2013,13,1,80,171,1,1,1,6,,0.0,0.0
201300018673,12,8,2013,19,1,80,486,2,1,1,6,rue tambour,50.04065,1.97816
201300018674,25,12,2013,17,2,80,385,2,1,2,3,ROUTE DU CROTOY,0.0,0.0
201300018675,15,1,2013,13,1,80,368,2,1,1,7,rue Denis Papin,50.08319,1.54712
201300018676,19,1,2013,11,1,80,345,2,1,4,6,10 rue du calvaire,50.09512,1.64478
201300018677,20,2,2013,12,1,80,770,2,2,1,3,17 Rue Achille PRUVOST,50.08607,1.52105
201300018678,3,3,2013,5,5,80,767,2,1,1,6,RUE DE OISEMONT,0.0,0.0
201300018679,8,3,2013,21,3,80,721,1,1,2,6,,0.0,0.0
201300018680,9,3,2013,14,1,80,373,2,1,1,3,Avenue de Verdun,49.99118,1.54901
201300018681,20,4,2013,18,1,80,775,2,1,1,5,,0.0,0.0
201300018682,5,5,2013,6,2,80,373,1,1,1,6,,0.0,0.0
201300018683,9,5,2013,17,1,80,654,2,1,1,7,15 rue de quesnoy,50.10358,1.67532
201300018684,13,5,2013,9,1,80,368,2,1,2,3,D229,0.0,0.0
201300018685,2,6,2013,16,1,80,527,1,1,1,3,,0.0,0.0
201300018686,7,6,2013,10,1,80,287,2,1,1,1,Cave blanche DRANCOURT,50.15399,1.63556
201300018687,30,6,2013,14,1,80,126,1,1,1,2,,0.0,0.0
201300018688,26,7,2013,12,1,80,360,2,1,1,3,RUE JULES GUESDE,0.0,0.0
201300018689,16,8,2013,15,1,80,826,1,1,1,7,5 rue du haut,50.10769,1.49669
201300018690,23,8,2013,9,1,80,373,2,2,1,3,rue de saint valery,0.0,0.0
201300018691,24,8,2013,17,1,80,308,1,2,2,3,,0.0,0.0
201300018692,7,9,2013,15,1,80,110,1,1,1,1,,50.14349,1.65824
201300018693,28,9,2013,1,5,80,663,2,1,1,3,La grande rue,0.0,0.0
201300018694,4,10,2013,17,1,80,721,2,1,1,6,66 Rue basse des rempart,50.18668,1.62705
201300018695,10,10,2013,7,5,80,96,2,1,8,1,"18-20, Rue de AULT",0.0,0.0
201300018696,9,11,2013,15,1,80,182,2,1,1,7,"8, rue g bourgois",50.17983,1.49584
201300018697,10,11,2013,14,1,80,182,1,1,6,7,,0.0,0.0
201300018698,23,11,2013,11,1,80,287,1,2,1,3,,50.14752,1.59884
201300018699,16,12,2013,19,3,80,710,1,1,1,3,,0.0,0.0
201300018700,17,12,2013,1,5,80,368,2,1,1,6,51 rue pasteur,50.08582,1.54276
201300018701,25,12,2013,11,1,80,618,1,1,1,1,,0.0,0.0
201300018702,14,1,2013,17,5,80,598,2,1,4,6,"63, route Nationale",0.0,0.0
201300018703,16,2,2013,15,1,80,222,1,1,1,7,,0.0,0.0
201300018704,7,5,2013,9,1,80,327,1,2,1,3,,0.0,0.0
201300018705,7,6,2013,22,3,80,688,1,1,1,2,,0.0,0.0
201300018706,13,6,2013,14,1,80,30,1,2,2,1,,0.0,0.0
201300018707,26,8,2013,17,1,80,649,1,1,1,7,,0.0,0.0
201300018708,14,9,2013,18,1,80,649,2,1,2,3,route de Berck,0.0,0.0
201300018709,2,11,2013,3,3,80,303,1,1,3,7,,0.0,0.0
201300018710,27,11,2013,14,1,80,149,1,2,1,3,,0.0,0.0
201300018711,12,12,2013,9,3,80,133,1,2,9,3,,0.0,0.0
201300018712,20,12,2013,4,3,80,222,1,1,8,6,,0.0,0.0
201300018713,27,12,2013,17,3,80,30,1,1,2,2,,0.0,0.0
201300018714,13,4,2013,16,1,80,253,1,1,2,3,,0.0,0.0
201300018715,3,8,2013,16,1,80,253,1,4,1,3,,0.0,0.0
201300018716,19,8,2013,11,1,80,253,1,1,1,6,,0.0,0.0
201300018717,29,9,2013,15,1,80,584,1,1,1,6,,0.0,0.0
201300018718,30,10,2013,9,1,80,253,1,1,1,1,,0.0,0.0
201300018719,24,11,2013,15,1,80,659,1,2,8,3,,0.0,0.0
201300018720,10,12,2013,15,1,80,602,1,2,1,5,,0.0,0.0
201300018721,13,12,2013,11,1,80,792,1,1,5,1,,0.0,0.0
201300018722,14,1,2013,8,1,80,310,1,1,1,6,,0.0,0.0
201300018723,31,1,2013,15,1,80,318,1,1,6,2,,0.0,0.0
201300018724,15,2,2013,21,3,80,205,1,1,1,6,,0.0,0.0
201300018725,30,4,2013,8,1,80,778,1,1,1,6,,0.0,0.0
201300018726,3,7,2013,18,1,80,318,2,1,1,6,60 RUE ROGER GODART,0.0,0.0
201300018727,6,7,2013,18,1,80,89,1,1,1,6,,0.0,0.0
201300018728,23,7,2013,5,2,80,835,1,1,1,5,,0.0,0.0
201300018729,8,1,2013,18,3,80,302,1,2,1,3,,0.0,0.0
201300018730,21,3,2013,20,5,80,678,2,2,1,3,rue de la madeleine,0.0,0.0
201300018731,19,4,2013,4,3,80,230,1,1,1,7,,0.0,0.0
201300018732,26,4,2013,7,1,80,433,1,1,1,3,,0.0,0.0
201300018733,31,5,2013,11,1,80,220,1,1,1,1,,0.0,0.0
201300018734,11,6,2013,15,1,80,185,1,2,1,3,,0.0,0.0
201300018735,5,7,2013,20,1,80,232,1,1,1,6,,0.0,0.0
201300018736,9,7,2013,17,1,80,685,1,9,1,2,,0.0,0.0
201300018737,22,7,2013,9,1,80,386,1,1,1,1,,0.0,0.0
201300018738,18,8,2013,0,3,80,101,2,1,1,7,rue du cessier,49.63419,2.76132
201300018739,27,9,2013,12,1,80,467,2,1,1,1,RUE DE LA JUSTICE,0.0,0.0
201300018740,13,11,2013,14,1,80,306,1,2,1,3,,0.0,0.0
201300018741,20,12,2013,16,2,80,669,1,1,1,7,,0.0,0.0
201300018742,17,4,2013,19,1,80,571,1,1,1,7,,0.0,0.0
201300018743,4,5,2013,6,2,80,209,1,1,8,6,,0.0,0.0
201300018744,7,8,2013,10,1,80,570,2,6,3,6,rue du cardinal mercier,0.0,0.0
201300018745,29,8,2013,18,1,80,758,1,1,1,2,,0.0,0.0
201300018746,15,11,2013,14,1,80,415,1,1,8,7,,0.0,0.0
201300018747,23,11,2013,11,1,80,758,1,1,1,1,,0.0,0.0
201300018748,20,12,2013,12,1,80,570,2,1,7,6,rue maurice garin,0.0,0.0
201300018749,20,12,2013,17,3,80,570,2,1,1,6,RUE DE CREQUI,0.0,0.0
201300018750,26,5,2013,7,2,80,601,2,1,1,6,route nationale,0.0,0.0
201300018751,22,7,2013,22,3,80,54,1,1,1,1,,0.0,0.0
201300018752,20,8,2013,20,1,80,472,1,1,1,7,,0.0,0.0
201300018753,27,9,2013,23,5,80,620,2,1,1,3,rue saint sauveur,0.0,0.0
201300018754,30,11,2013,4,5,80,240,1,1,1,1,,0.0,0.0
201300018755,28,1,2013,14,1,80,647,1,1,1,1,,0.0,0.0
201300018756,5,2,2013,14,1,80,694,1,1,4,6,,0.0,0.0
201300018757,1,6,2013,19,1,80,481,1,1,1,3,,0.0,0.0
201300018758,2,6,2013,16,1,80,136,2,1,1,7,Rue Louise Marais d'Arc,49.94045,2.7214
201300018759,13,6,2013,8,1,80,693,2,3,8,1,RUE DE LA TERRIERE,0.0,0.0
201300018760,27,7,2013,20,1,80,432,2,1,2,1,rue de chuignes,0.0,0.0
201300018761,2,9,2013,13,1,80,430,2,2,1,3,inters.RD1 - RD 146,0.0,0.0
201300018762,5,9,2013,20,2,80,481,1,2,1,3,,49.8426,2.7397
201300018763,9,9,2013,11,1,80,162,1,1,2,5,,0.0,0.0
201300018764,2,10,2013,15,1,80,295,2,1,1,1,RUE DU MARAIS DELCOURT,49.92859,2.67349
201300018765,15,10,2013,14,1,80,481,2,1,1,6,RUE DU GENERAL LECLERCQ,0.0,0.0
201300018766,13,11,2013,11,1,80,781,2,2,1,3,maison rouge,0.0,0.0
201300018767,5,12,2013,20,3,80,680,1,8,2,1,,0.0,0.0
201300018768,4,1,2013,18,3,80,616,1,1,5,1,,0.0,0.0
201300018769,4,2,2013,8,2,80,410,2,1,1,6,AVENUE ANDRE DELORME,0.0,0.0
201300018770,12,2,2013,12,1,80,144,2,1,1,6,RUE DE L'EGLISE,49.71782,3.09583
201300018771,30,6,2013,20,1,80,568,1,2,1,1,,0.0,0.0
201300018772,14,8,2013,17,1,80,519,2,1,1,6,50 rue Nationale,0.0,0.0
201300018773,26,9,2013,9,1,80,410,2,1,1,6,BD DE LA REPUBLIQUE,49.74832,3.07459
201300018774,4,2,2013,23,5,60,587,2,1,1,6,RUE DU PONCELET,0.0,0.0
201300018775,12,4,2013,21,5,60,102,2,1,1,7,rue robert guerlin,0.0,0.0
201300018776,7,6,2013,6,1,60,587,2,2,1,3,,0.0,0.0
201300018777,22,7,2013,14,1,60,539,2,2,1,3,Rue jean Mauguet,0.0,0.0
201300018778,3,10,2013,17,1,60,587,1,1,1,1,,0.0,0.0
201300018779,14,10,2013,20,3,60,6,1,1,3,2,,0.0,0.0
201300018780,20,11,2013,16,1,60,587,1,1,2,1,,0.0,0.0
201300018781,13,8,2013,12,1,24,550,1,1,1,6,A 89,45.1543,1.08269
201300018782,4,11,2013,12,1,19,30,1,1,8,6,,0.0,0.0
201300018783,24,11,2013,19,3,19,274,1,1,8,7,,0.0,0.0
201300018784,10,12,2013,11,1,24,166,1,1,1,6,,45.1607,0.86853
201300018785,20,12,2013,7,2,24,44,1,1,1,6,,45.15681,0.9395
201300018786,9,1,2013,15,1,202,207,2,1,1,6,,0.0,0.0
201300018787,20,4,2013,11,1,202,343,1,1,1,1,,0.0,0.0
201300018788,1,6,2013,14,1,202,185,1,1,1,5,,0.0,0.0
201300018789,26,8,2013,11,1,202,314,1,1,1,7,,0.0,0.0
201300018790,9,9,2013,9,1,202,188,1,1,1,7,,0.0,0.0
201300018791,7,7,2013,7,1,202,50,1,1,1,1,,0.0,0.0
201300018792,7,7,2013,15,1,202,150,1,1,1,1,,0.0,0.0
201300018793,6,11,2013,14,1,202,50,2,1,1,6,Bd de la R?publique,0.0,0.0
201300018794,18,7,2013,14,1,202,199,1,1,2,5,,42.653,9.09
201300018795,30,7,2013,14,1,202,199,1,1,1,1,,42.644,9.105
201300018796,7,10,2013,16,1,202,34,1,1,2,1,,0.0,0.0
201300018797,12,12,2013,7,2,202,123,1,1,1,2,,0.0,0.0
201300018798,10,1,2013,15,1,31,150,1,2,2,3,ch de menvielle/RD63E,43.64158,1.33322
201300018799,25,4,2013,19,1,31,32,1,1,1,1,,43.688,1.338
201300018800,22,6,2013,5,2,31,351,1,1,1,6,,43.657,1.282
201300018801,22,8,2013,17,1,31,150,1,1,1,6,route de bouconne,43.64797,1.28489
201300018802,29,7,2013,16,1,201,266,1,1,1,6,Col de Tartavellu,42.0735,8.90559
201300018803,17,12,2013,19,5,201,70,2,9,1,3,Hameau de Tiuccia,42.06139,8.74298
201300018804,13,3,2013,7,1,201,209,1,1,1,3,20167,42.01454,8.88195
201300018805,6,1,2013,13,1,201,31,1,1,1,6,20119,41.98906,9.04687
201300018806,18,1,2013,7,2,201,130,2,1,9,1,RD55 virage aqua Cyrn,41.90269,8.81364
201300018807,22,3,2013,17,1,201,215,2,3,1,3,20131,41.48685,9.0555
201300018808,6,6,2013,9,1,201,41,1,1,1,3,20169,0.0,0.0
201300018809,23,6,2013,15,1,201,41,1,1,1,2,20169,41.41735,9.12508
201300018810,31,7,2013,10,1,201,215,2,1,1,3,Lieu dit Viagenti,41.4918,9.05381
201300018811,9,4,2013,19,1,201,139,1,6,1,7,RdPt de cala rossa,41.63241,9.3311
201300018812,25,4,2013,19,1,201,269,1,1,1,3,20145,41.77802,9.39471
201300018813,10,6,2013,10,1,201,362,1,1,1,3,20124,0.0,0.0
201300018814,31,3,2013,21,3,201,191,1,1,2,7,,41.69177,9.05225
201300018815,18,7,2013,10,1,201,362,1,1,1,7,20124,0.0,0.0
201300018816,19,7,2013,17,1,79,101,2,1,1,2,AVENUE DE LA GARE,0.0,0.0
201300018817,22,8,2013,19,1,79,117,1,2,1,3,,0.0,0.0
201300018818,7,10,2013,12,1,79,109,2,1,1,6,,0.0,0.0
201300018819,8,10,2013,19,3,79,104,1,1,1,6,,0.0,0.0
201300018820,17,11,2013,6,3,79,12,1,1,1,6,ROUTE DE COULONGES,0.0,0.0
201300018821,23,11,2013,19,3,79,101,1,1,1,6,"LD ""GUILBEAU""",0.0,0.0
201300018822,27,12,2013,11,1,79,293,1,1,1,6,"LD ""VAUBRANDON""",0.0,0.0
201300018823,15,2,2013,16,1,79,254,1,2,1,1,"LD ""LE PRIEURE""",0.0,0.0
201300018824,8,4,2013,8,1,79,34,1,1,8,1,,0.0,0.0
201300018825,14,6,2013,17,1,79,257,2,4,1,1,ROUTE DE MAUZE,0.0,0.0
201300018826,28,7,2013,16,1,79,170,1,1,1,2,,0.0,0.0
201300018827,18,10,2013,18,1,79,355,1,1,1,1,,0.0,0.0
201300018828,24,10,2013,7,3,79,127,1,2,1,3,,0.0,0.0
201300018829,31,10,2013,15,1,79,130,1,1,1,5,,0.0,0.0
201300018830,3,11,2013,17,2,79,31,2,2,9,1,AV. ST JEAN-D'ANGELY,0.0,0.0
201300018831,23,11,2013,19,3,79,130,1,1,1,6,ROUTE DE FRONTENAY,0.0,0.0
201300018832,28,4,2013,15,1,79,57,2,1,1,1,12 AVENUE DE POITIERS,0.0,0.0
201300018833,24,8,2013,11,1,79,353,1,1,1,1,RTE DU LAMBON,0.0,0.0
201300018834,9,9,2013,17,1,79,64,1,3,1,5,,0.0,0.0
201300018835,10,9,2013,17,1,79,158,2,1,1,3,18 route de brioux,0.0,0.0
201300018836,24,9,2013,15,1,79,301,1,1,1,1,"LD ""LA BALADE""",0.0,0.0
201300018837,17,10,2013,17,1,79,264,2,2,1,2,LD MARDRE,0.0,0.0
201300018838,12,11,2013,1,3,79,217,1,1,2,7,,0.0,0.0
201300018839,16,12,2013,8,1,79,327,1,1,1,7,"LD ""LES TOUCHES""",0.0,0.0
201300018840,8,6,2013,17,1,79,48,1,3,1,2,,0.0,0.0
201300018841,25,10,2013,18,1,79,201,1,1,9,1,,0.0,0.0
201300018842,17,11,2013,16,1,79,302,1,1,1,1,,0.0,0.0
201300018843,17,1,2013,17,1,79,123,1,1,1,2,"LD ""LA PREUILLE""",0.0,0.0
201300018844,25,1,2013,14,1,79,210,1,1,1,1,,0.0,0.0
201300018845,6,8,2013,3,3,79,79,1,1,1,6,,0.0,0.0
201300018846,25,12,2013,0,3,79,235,1,1,1,6,"LD ""LE PUY JOURDAIN""",0.0,0.0
201300018847,31,12,2013,7,3,79,79,1,3,8,5,"LD ""LA GARE""",0.0,0.0
201300018848,7,4,2013,5,3,79,13,1,1,1,6,,0.0,0.0
201300018849,12,10,2013,7,3,79,53,1,1,2,6,,0.0,0.0
201300018850,2,12,2013,22,5,79,265,2,1,1,6,RUE DU GRAL QUETINEAU,0.0,0.0
201300018851,1,7,2013,14,1,79,202,2,1,7,6,RUE CLAUDE BERNARD,0.0,0.0
201300018852,10,9,2013,18,1,79,202,1,4,1,1,,0.0,0.0
201300018853,26,9,2013,14,1,79,80,1,1,2,2,,0.0,0.0
201300018854,5,10,2013,18,1,79,285,1,2,1,5,,0.0,0.0
201300018855,6,10,2013,20,5,79,202,2,1,1,7,Avenue Wilson,0.0,0.0
201300018856,2,11,2013,13,1,79,253,2,1,1,3,ROUTE DU VIEUX CHENE,0.0,0.0
201300018857,14,12,2013,9,1,79,29,1,1,9,6,,0.0,0.0
201300018858,1,10,2013,8,2,79,16,1,4,8,1,,0.0,0.0
201300018859,11,2,2013,8,3,79,76,1,1,8,6,"LD ""MONTIMONT""",0.0,0.0
201300018860,23,3,2013,12,1,79,188,2,9,1,3,11 RUE DU PONTRET,0.0,0.0
201300018861,21,4,2013,15,1,79,75,1,1,7,1,"LD ""LE RAFFOUX""",0.0,0.0
201300018862,4,7,2013,22,2,79,286,2,1,1,1,"LD ""LE BOURGNEUF""",0.0,0.0
201300018863,18,9,2013,15,1,79,342,1,2,1,3,"LD ""LA VIGNELIERE""",0.0,0.0
201300018864,2,11,2013,15,1,79,25,1,2,1,3,,0.0,0.0
201300018865,5,12,2013,10,1,79,51,2,1,1,1,,0.0,0.0
201300018866,23,12,2013,13,1,79,7,1,1,1,1,"LD ""FREMAUDIERE""",0.0,0.0
201300018867,29,12,2013,0,4,79,69,1,1,2,6,"LD ""LA VERGNAIE""",0.0,0.0
201300018868,7,4,2013,21,1,76,105,1,1,1,6,,49.6104,1.04935
201300018869,13,6,2013,15,1,76,377,2,3,1,1,RTE DE NEUFCHATEL,49.49994,1.15401
201300018870,28,1,2013,14,1,76,482,2,1,1,6,"2, R JEAN JAURES",49.86906,1.04897
201300018871,15,2,2013,17,2,76,482,2,3,7,6,R ALBERT CAMUS,49.87428,1.04636
201300018872,3,6,2013,19,1,76,694,1,1,1,7,,49.77846,0.90454
201300018873,18,7,2013,17,1,76,47,1,1,7,3,,49.74321,0.93918
201300018874,21,8,2013,19,1,76,136,2,1,1,6,"9, RTE DE BACQUEVILLE",49.81453,0.95454
201300018875,5,9,2013,15,1,76,492,1,2,1,3,,49.88352,0.98865
201300018876,5,9,2013,19,1,76,360,1,1,1,2,,49.73612,1.06736
201300018877,2,10,2013,9,3,76,667,1,1,1,2,,49.84604,1.07155
201300018878,20,12,2013,9,1,76,51,2,1,8,3,,49.78736,1.0015
201300018879,15,2,2013,21,5,76,258,2,1,1,3,"591, R BERNARD THELU",49.65384,0.59209
201300018880,11,4,2013,18,1,76,236,1,1,2,1,LES PRES VOLETS,49.64747,0.65855
201300018881,17,7,2013,14,1,76,82,1,1,1,1,,49.62743,0.48384
201300018882,15,8,2013,13,1,76,592,1,1,1,7,,49.49441,0.47341
201300018883,15,9,2013,10,1,76,279,1,2,1,3,,49.61031,0.60078
201300018884,16,9,2013,7,2,76,592,1,1,8,1,,49.48942,0.49318
201300018885,6,12,2013,14,1,76,462,2,2,1,3,RUE DE DRINCOURT,49.73171,1.43735
201300018886,7,12,2013,17,3,76,454,1,1,2,1,,49.74838,1.55755
201300018887,23,1,2013,6,3,76,42,1,1,4,4,,49.74978,1.59233
201300018888,2,11,2013,10,1,76,578,1,1,1,1,,49.65212,1.41699
201300018889,17,1,2013,8,1,76,312,2,1,9,6,13 BD MONTMORENCY,49.48106,1.72229
201300018890,22,10,2013,8,1,76,67,1,1,8,7,,49.49913,1.58688
201300018891,11,1,2013,7,3,76,135,2,1,8,6,"947, Rte Nationale",49.57102,0.90837
201300018892,10,3,2013,6,5,76,57,2,1,2,6,R DU 11 NOVEMBRE,49.53562,0.95975
201300018893,8,11,2013,13,1,76,433,1,1,3,5,,49.59174,0.87362
201300018894,7,12,2013,12,1,76,57,2,1,1,6,RD 6015,49.54891,0.95345
201300018895,27,12,2013,13,1,76,370,1,1,3,6,,49.62178,0.98311
201300018896,27,1,2013,18,2,76,557,1,1,1,1,,49.52822,0.71472
201300018897,13,2,2013,16,1,76,636,1,4,1,3,,49.5001,0.9453
201300018898,28,6,2013,23,3,76,20,1,1,1,6,,49.45374,0.86227
201300018899,29,6,2013,17,1,76,418,1,2,1,2,,49.55886,0.72423
201300018900,21,4,2013,17,1,76,251,1,2,1,3,,49.74027,0.82598
201300018901,8,6,2013,23,3,76,348,1,1,1,6,,49.67129,0.73376
201300018902,1,1,2013,15,1,67,543,1,1,3,4,,0.0,0.0
201300018903,25,1,2013,13,1,67,448,2,1,1,6,rue du parc,48.483,7.221
201300018904,5,2,2013,12,1,67,448,1,1,4,1,,0.0,0.0
201300018905,24,3,2013,15,2,67,325,1,1,1,1,,48.535,7.348
201300018906,19,4,2013,10,1,67,168,1,1,1,7,,0.0,0.0
201300018907,30,4,2013,18,1,67,144,1,1,2,6,,0.0,0.0
201300018908,13,4,2013,16,1,67,98,1,1,1,3,,0.0,0.0
201300018909,9,6,2013,14,1,67,325,2,1,1,3,46 Rue Principale,0.0,0.0
201300018910,14,6,2013,13,1,67,436,1,1,1,6,,0.0,0.0
201300018911,16,6,2013,15,1,67,342,2,1,1,3,rue de Molsheim,0.0,0.0
201300018912,19,8,2013,16,1,67,414,2,1,1,4,"4c, place De Gaulle",0.0,0.0
201300018913,22,8,2013,17,1,67,188,1,6,1,3,,0.0,0.0
201300018914,12,11,2013,8,1,67,165,1,1,1,6,,0.0,0.0
201300018915,11,11,2013,17,5,67,448,2,1,1,6,route du Donon,48.487,7.205
201300018916,8,12,2013,19,3,67,384,1,1,1,5,,0.0,0.0
201300018917,29,12,2013,21,3,67,26,1,1,1,6,,0.0,0.0
201300018918,16,4,2013,17,1,67,93,1,1,1,7,,48.939,7.775
201300018919,24,4,2013,16,1,67,132,2,1,1,3,rue des Tulipes,48.878,7.738
201300018920,16,1,2013,7,3,78,82,2,1,4,7,routes de Boissy-Blery,48.975,1.585
201300018921,27,2,2013,21,5,78,531,1,1,2,6,,49.01,1.618
201300018922,27,4,2013,14,1,78,385,1,1,1,1,,48.962,1.618
201300018923,21,2,2013,16,1,78,234,1,1,1,5,,0.0,0.0
201300018924,19,6,2013,6,2,78,475,2,1,8,6,CHEMIN DU PRE CLOS,48.87,1.717
201300018925,19,9,2013,13,1,77,267,1,1,1,2,,0.0,0.0
201300018926,30,5,2013,8,1,77,239,1,2,2,1,,0.0,0.0
201300018927,23,8,2013,16,1,77,66,1,1,1,1,,0.0,0.0
201300018928,29,8,2013,1,3,77,444,1,1,1,1,,0.0,0.0
201300018929,18,10,2013,23,3,77,109,1,1,1,4,,0.0,0.0
201300018930,25,11,2013,19,3,77,519,1,1,1,1,,0.0,0.0
201300018931,20,12,2013,17,1,77,239,1,2,1,5,,0.0,0.0
201300018932,27,4,2013,18,1,77,101,2,1,1,3,44 GRANDE RUE,0.0,0.0
201300018933,7,5,2013,19,2,77,347,2,2,1,3,CD412,0.0,0.0
201300018934,8,5,2013,16,1,77,19,1,3,1,5,,48.394,3.144
201300018935,12,5,2013,7,1,77,467,2,6,1,6,,0.0,0.0
201300018936,10,6,2013,9,1,77,347,1,1,1,1,,0.0,0.0
201300018937,9,11,2013,16,1,77,167,1,1,3,3,,48.435,3.117
201300018938,17,7,2013,4,5,74,11,2,1,1,3,RUE JEAN MERMOZ,45.922,6.145
201300018939,15,7,2013,9,1,74,116,1,3,1,2,,46.049,6.258
201300018940,4,10,2013,16,1,74,11,2,1,1,6,11 rue Jean Mermoz,0.0,0.0
201300018941,7,10,2013,11,1,74,11,2,1,1,6,"51, avenue du petit port",45.909,6.16
201300018942,9,1,2013,7,4,74,138,1,4,8,6,RD 31,0.0,0.0
201300018943,1,2,2013,12,1,74,255,1,4,2,3,,0.0,0.0
201300018944,6,2,2013,11,1,74,225,2,1,4,6,7 avenue EDOUARD ANDRE,0.0,0.0
201300018945,21,6,2013,22,2,74,165,1,1,1,2,,45.826,5.995
201300018946,26,10,2013,5,5,74,225,2,1,1,6,boulevard de l'europe,45.861,5.945
201300018947,21,12,2013,7,2,74,2,1,1,1,6,818 ROUTE D'ANNECY,0.0,0.0
201300018948,16,1,2013,9,1,74,311,1,1,4,1,,0.0,0.0
201300018949,22,1,2013,21,3,74,311,1,1,1,1,,0.0,0.0
201300018950,19,3,2013,21,3,74,164,1,1,1,6,,0.0,0.0
201300018951,14,4,2013,14,1,74,278,2,1,1,7,290 rue de la poste,0.0,0.0
201300018952,6,7,2013,9,1,74,278,2,6,1,6,AV. LOUIS COPPEL/COPPEL,0.0,0.0
201300018953,7,8,2013,20,5,74,312,2,1,3,1,161 ROUTE DE GENEVE,0.0,0.0
201300018954,6,12,2013,16,1,74,164,2,8,1,1,route de Bonneville,0.0,0.0
201300018955,9,1,2013,7,3,74,94,1,1,1,4,,0.0,0.0
201300018956,20,1,2013,6,2,74,94,1,1,4,1,,0.0,0.0
201300018957,21,2,2013,15,1,74,21,2,2,1,1,138 route de la Forge,0.0,0.0
201300018958,27,2,2013,16,1,74,197,1,1,1,4,,0.0,0.0
201300018959,29,4,2013,16,1,74,128,1,1,3,1,,0.0,0.0
201300018960,25,5,2013,4,3,74,128,1,1,2,6,,0.0,0.0
201300018961,7,6,2013,23,3,74,94,2,1,1,6,1987 routes des marais,0.0,0.0
201300018962,21,6,2013,22,5,74,211,2,1,1,6,,0.0,0.0
201300018963,10,9,2013,15,1,74,262,1,2,1,3,D903/VC BAS,0.0,0.0
201300018964,16,9,2013,18,2,74,94,1,1,3,3,,0.0,0.0
201300018965,25,11,2013,7,2,74,158,1,1,1,3,,0.0,0.0
201300018966,31,5,2013,17,1,74,96,1,1,1,1,,0.0,0.0
201300018967,31,5,2013,10,1,74,74,1,1,1,6,,0.0,0.0
201300018968,2,6,2013,1,3,74,6,1,1,2,7,,46.01,6.084
201300018969,20,11,2013,18,5,74,309,2,1,2,1,LIEU DIT L'ELUISET,46.114,6.038
201300018970,7,12,2013,10,1,74,74,1,1,1,1,,0.0,0.0
201300018971,16,3,2013,14,1,74,269,1,1,1,1,,0.0,0.0
201300018972,17,6,2013,12,1,74,195,1,1,1,1,,0.0,0.0
201300018973,13,7,2013,7,1,74,269,1,4,1,1,LIEU DIT PRAZ,0.0,0.0
201300018974,27,10,2013,17,2,74,75,2,1,1,1,CHEMIN DE FARCHALET,0.0,0.0
201300018975,24,5,2013,8,1,74,236,2,1,1,7,rue de portette,0.0,0.0
201300018976,25,8,2013,21,5,59,647,2,1,1,5,rue du Général de Gaulle,50.83096,2.2109
201300018977,26,4,2013,14,1,59,663,2,1,1,1,rue d'Herzeele,50.8822,2.47192
201300018978,7,9,2013,18,1,59,663,1,1,1,6,Pepers straete,50.90323,2.46251
201300018979,26,1,2013,13,1,25,133,1,1,1,5,,0.0,0.0
201300018980,8,8,2013,19,1,25,258,1,1,1,1,,47.225,5.938
201300018981,14,9,2013,17,1,25,35,1,1,2,3,,47.309,5.979
201300018982,5,11,2013,17,2,25,212,1,1,2,3,,47.272,5.988
201300018983,19,11,2013,10,1,25,371,1,1,2,3,,47.259,5.875
201300018984,5,2,2013,20,3,56,67,1,1,3,6,,0.0,0.0
201300018985,7,7,2013,18,1,56,67,1,1,1,7,,0.0,0.0
201300018986,11,7,2013,9,1,56,67,1,2,1,1,,0.0,0.0