Num_Acc,jour,mois,an,hr,condition_eclairage,departement,commune,condition_agglomeration,intersection,condition_atmosphere,type_collision,adresse,lattitude,longitude
201300018987,14,4,2013,18,1,56,143,2,1,1,1,Rue Baron Fabre,47.56364,-2.50104
201300018988,27,4,2013,15,1,56,212,1,1,1,1,,0.0,0.0
201300018989,27,5,2013,13,1,56,147,1,1,1,1,,47.52924,-2.25715
201300018990,25,1,2013,8,1,56,53,2,9,1,6,rue robert de la Noe,47.73077,-2.58579
201300018991,26,1,2013,19,5,56,28,2,1,1,1,Villeneuve,0.0,0.0
201300018992,28,1,2013,21,3,56,261,1,1,3,6,,0.0,0.0
201300018993,3,7,2013,16,1,56,184,1,1,1,2,,0.0,0.0
201300018994,4,7,2013,14,1,56,135,1,1,1,3,,0.0,0.0
201300018995,31,7,2013,5,4,56,184,1,1,2,1,,0.0,0.0
201300018996,1,10,2013,19,1,56,184,1,2,8,3,,0.0,0.0
201300018997,9,12,2013,16,1,56,206,1,1,7,2,,0.0,0.0
201300018998,19,11,2013,7,2,56,84,2,1,1,6,route de Lezuis,47.57955,-2.69425
201300018999,24,6,2013,17,1,56,258,1,1,1,3,,0.0,0.0
201300019000,24,6,2013,19,1,56,34,2,1,1,7,,47.56635,-3.09084
201300019001,8,7,2013,1,5,56,34,2,1,1,6,,47.57453,-3.06124
201300019002,26,7,2013,9,1,56,34,2,6,1,3,La Croix Audran,0.0,0.0
201300019003,21,9,2013,22,5,56,258,2,1,1,2,Cours des quais,47.5865,-3.02705
201300019004,22,10,2013,6,3,56,168,1,1,2,3,,0.0,0.0
201300019005,3,1,2013,15,1,56,78,1,1,1,6,,47.79021,-3.47537
201300019006,12,2,2013,11,1,56,78,1,1,1,1,kergam,47.80368,-3.49926
201300019007,18,6,2013,15,1,56,36,1,1,1,1,,0.0,0.0
201300019008,3,7,2013,10,1,56,185,1,1,8,1,,0.0,0.0
201300019009,12,7,2013,5,2,56,166,1,1,1,1,,47.93911,-3.37127
201300019010,9,8,2013,3,4,56,185,1,1,1,5,,47.76955,-3.37853
201300019011,11,8,2013,8,2,56,185,1,1,1,7,,0.0,0.0
201300019012,4,9,2013,21,3,56,185,1,1,1,7,,0.0,0.0
201300019013,25,9,2013,9,1,56,179,2,6,1,6,Route de LORIENT,0.0,0.0
201300019014,13,11,2013,9,1,56,166,2,1,1,1,26 bis rue des Allies,47.91636,-3.33277
201300019015,19,12,2013,9,1,56,166,2,1,1,6,Rue de la Chaumiere,47.90682,-3.33597
201300019016,15,1,2013,16,1,56,181,1,1,1,6,,0.0,0.0
201300019017,4,2,2013,7,3,56,55,1,1,2,6,,0.0,0.0
201300019018,23,4,2013,11,1,56,193,2,6,1,3,La Croizetiere,47.71364,-3.33149
201300019019,22,5,2013,7,1,56,13,2,6,1,3,route des 4 chemins,0.0,0.0
201300019020,27,6,2013,16,1,56,193,2,1,1,6,48 rue des Quatre Vents,47.70833,-3.32243
201300019021,7,7,2013,6,1,56,169,2,1,1,6,rue de la Gare,47.699,-3.25211
201300019022,14,7,2013,12,1,56,54,1,1,1,3,,47.62731,-3.18559
201300019023,5,8,2013,15,1,56,161,1,1,1,5,,0.0,0.0
201300019024,21,8,2013,10,1,56,54,2,1,1,6,7 rue des menhirs,0.0,0.0
201300019025,29,8,2013,16,1,56,54,2,6,1,3,rue des Menhirs,47.63949,-3.15383
201300019026,7,9,2013,5,3,56,220,1,1,1,6,,47.70947,-3.17504
201300019027,27,7,2013,20,1,56,145,1,1,1,7,,0.0,0.0
201300019028,24,10,2013,19,3,56,127,1,1,2,7,,0.0,0.0
201300019029,6,1,2013,9,1,56,75,1,1,2,3,,0.0,0.0
201300019030,26,2,2013,1,3,56,75,2,1,1,6,EM de ST CYR,47.94547,-2.15131
201300019031,15,3,2013,8,1,56,124,2,1,1,6,,0.0,0.0
201300019032,10,4,2013,19,2,56,12,1,1,2,1,,0.0,0.0
201300019033,2,6,2013,18,1,56,230,1,2,1,3,,0.0,0.0
201300019034,27,7,2013,17,1,56,219,1,1,1,7,,0.0,0.0
201300019035,26,9,2013,14,1,56,124,2,1,1,6,rue du bois pivert,0.0,0.0
201300019036,5,10,2013,23,5,56,244,2,1,1,3,rue vautelin mariani,47.8218,-2.50793
201300019037,3,11,2013,6,3,56,244,1,1,1,7,,47.81133,-2.49174
201300019038,9,11,2013,0,3,56,219,1,1,2,7,,47.79426,-2.53836
201300019039,13,3,2013,11,1,56,24,1,1,1,2,,0.0,0.0
201300019040,6,7,2013,17,1,56,17,1,1,1,7,,0.0,0.0
201300019041,4,8,2013,19,1,56,187,1,1,1,1,La ville Nayl,47.88969,-2.45442
201300019042,7,8,2013,10,1,56,190,1,1,1,1,la ville au vent,47.98216,-2.7702
201300019043,24,10,2013,21,3,56,47,1,1,3,6,,0.0,0.0
201300019044,18,11,2013,8,5,56,198,2,1,1,6,,0.0,0.0
201300019045,5,12,2013,12,1,56,190,1,1,1,6,,0.0,0.0
201300019046,16,12,2013,15,1,56,190,1,2,1,3,,0.0,0.0
201300019047,9,1,2013,17,5,56,73,2,1,2,6,02 rue bellevue,48.0659,-3.20501
201300019048,13,2,2013,11,1,56,178,1,1,2,1,,48.18245,-3.02802
201300019049,1,7,2013,18,1,56,151,1,1,1,1,,0.0,0.0
201300019050,23,7,2013,19,1,56,238,2,1,1,1,rue des sabotiers,0.0,0.0
201300019051,17,8,2013,16,1,56,246,1,1,1,4,,0.0,0.0
201300019052,5,11,2013,4,3,56,178,2,1,2,6,RUE DU TOULDOUAR,48.07615,-2.94449
201300019053,14,12,2013,12,1,56,178,2,1,1,3,Quai du couvent,48.06953,-2.96683
201300019054,29,3,2013,13,1,56,117,2,1,2,3,Lieu dit Pont du Chat,47.8797,-2.83855
201300019055,21,4,2013,17,1,56,144,1,1,1,1,,0.0,0.0
201300019056,31,5,2013,17,1,56,10,2,1,1,4,16 rue de Pontivy,47.87686,-3.0196
201300019057,4,8,2013,20,1,56,144,1,1,1,3,,0.0,0.0
201300019058,27,3,2013,17,1,56,14,1,1,1,3,,0.0,0.0
201300019059,27,3,2013,14,1,56,199,1,1,1,3,,0.0,0.0
201300019060,16,8,2013,15,1,56,57,1,1,2,1,,0.0,0.0
201300019061,20,10,2013,0,3,56,100,1,1,2,6,,0.0,0.0
201300019062,2,4,2013,7,2,95,510,1,1,1,4,RN 14,49.0589,2.0118
201300019063,8,5,2013,9,1,95,388,2,1,2,6,cote du parc,49.0251,1.9786
201300019064,5,3,2013,9,1,95,134,1,1,1,5,RD 301,49.1352,2.2552
201300019065,12,4,2013,23,3,95,134,1,1,1,2,RD 4,49.1328,2.2328
201300019066,15,6,2013,20,1,95,134,1,1,1,5,RD 301,49.1323,2.2559
201300019067,7,6,2013,10,1,95,527,1,1,1,6,RD 317,49.0161,2.4934
201300019068,29,6,2013,19,1,95,527,2,1,1,6,ALLEE DU VERGER,49.0025,2.5197
201300019069,9,9,2013,21,5,95,527,2,1,2,6,ALLEE DU VERGER,49.0025,2.5197
201300019070,22,9,2013,21,5,95,527,1,6,1,3,ROND POINT DU TERROIR,48.9966,2.5117
201300019071,30,11,2013,0,3,95,527,1,1,2,6,RD 317,49.0048,2.4891
201300019072,27,7,2013,9,1,19,192,1,1,1,3,,45.136,1.887
201300019073,15,4,2013,16,1,19,287,1,1,8,6,,0.0,0.0
201300019074,29,5,2013,10,1,19,176,1,1,2,3,,0.0,0.0
201300019075,29,6,2013,5,2,19,176,1,1,3,7,,0.0,0.0
201300019076,21,7,2013,15,1,19,213,1,2,1,5,,45.389,1.643
201300019077,17,7,2013,23,3,19,151,1,1,1,1,,45.107,1.536
201300019078,23,3,2013,13,1,19,19,1,1,1,2,,44.989,1.826
201300019079,9,9,2013,8,1,19,278,2,9,1,6,les roubeys,45.197,1.442
201300019080,21,3,2013,13,1,19,24,1,1,1,1,,45.391,1.397
201300019081,27,4,2013,17,1,19,241,1,1,2,6,,45.73,2.106
201300019082,9,7,2013,13,1,19,136,2,1,7,3,Avenue Limousine- RD 979,45.54,2.144
201300019083,31,1,2013,23,3,56,97,1,1,2,4,,0.0,0.0
201300019084,14,2,2013,20,3,56,177,1,1,1,3,,0.0,0.0
201300019085,9,3,2013,17,1,56,94,1,1,1,2,,0.0,0.0
201300019086,11,5,2013,1,3,56,94,1,1,1,6,,47.74518,-3.2414
201300019087,16,5,2013,10,1,56,90,2,1,1,6,Rue Mail Francois GIOVAN,47.82568,-3.25179
201300019088,26,5,2013,6,2,56,177,2,1,1,6,place du marche,47.77526,-3.01038
201300019089,9,6,2013,12,1,56,96,2,1,1,6,rue des chenes - CD 16,0.0,0.0
201300019090,19,6,2013,18,1,56,97,1,1,2,7,,0.0,0.0
201300019091,20,6,2013,8,1,56,101,2,1,1,6,PLACE JOSEPH GUILLERME,47.8341,-3.15973
201300019092,8,7,2013,7,1,56,96,1,1,7,1,,0.0,0.0
201300019093,13,7,2013,1,3,56,175,1,1,1,7,,0.0,0.0
201300019094,25,7,2013,8,1,56,97,1,1,1,6,,47.77162,-3.10608
201300019095,11,8,2013,13,1,56,175,1,1,1,2,,0.0,0.0
201300019096,23,8,2013,14,1,56,90,2,1,1,1,rue du blavet,0.0,0.0
201300019097,4,10,2013,21,3,56,175,1,1,8,1,,0.0,0.0
201300019098,17,10,2013,11,1,56,94,1,1,1,2,,0.0,0.0
201300019099,19,10,2013,18,1,56,94,2,1,2,6,1 AVENUE DES PLAGES,0.0,0.0
201300019100,27,11,2013,19,3,56,94,1,1,1,6,,0.0,0.0
201300019101,9,6,2013,15,1,59,474,1,1,1,6,rue Raymon Wastiaux,50.08439,3.76093
201300019102,16,9,2013,7,2,59,503,1,1,8,1,Rte Nationale,50.15051,3.65474
201300019103,10,11,2013,3,5,59,99,2,1,3,6,Route de Landrecies,50.14955,3.63108
201300019104,30,11,2013,9,1,59,607,1,1,1,1,Chaussée Brunehaut,50.16293,3.60187
201300019105,5,7,2013,20,1,59,229,2,1,7,3,rue de Rocquigny,50.04178,4.02043
201300019106,29,9,2013,14,1,59,601,1,1,1,6,Rte départementale,50.0711,4.11414
201300019107,30,5,2013,13,1,59,322,2,1,1,6,18 rue Foch,50.241,3.322
201300019108,12,7,2013,12,1,59,37,2,1,1,3,rue Henri Barbusse,50.19458,3.39001
201300019109,28,4,2013,1,5,59,74,2,1,1,3,35 rue Pasteur,50.09091,3.4452
201300019110,22,7,2013,22,5,59,624,2,1,1,1,rue du Général Leclerc,50.032,3.29971
201300019111,15,9,2013,6,2,59,74,1,1,5,3,,50.09419,3.43627
201300019112,3,3,2013,22,5,59,572,2,1,1,6,Rte du Quartier,50.16962,4.09849
201300019113,7,4,2013,15,1,59,151,2,1,7,3,10 route nationale,50.25423,4.07378
201300019114,2,9,2013,21,3,59,351,2,1,1,6,RUE D'HAUTMONT,50.21139,3.92553
201300019115,12,5,2013,3,5,51,597,2,1,2,6,AVENUE DE PARIS,0.0,0.0
201300019116,17,6,2013,7,1,51,2,1,1,1,6,D36,0.0,0.0
201300019117,2,8,2013,17,1,51,153,2,1,1,7,RUE DE LA CERISIERE,0.0,0.0
201300019118,11,8,2013,20,2,51,488,1,1,1,6,D951,0.0,0.0
201300019119,15,8,2013,19,1,51,393,1,1,1,3,D386,0.0,0.0
201300019120,24,8,2013,23,3,51,76,1,1,1,7,D3,0.0,0.0
201300019121,27,12,2013,9,1,51,576,1,1,2,7,D1,0.0,0.0
201300019122,28,12,2013,7,3,51,153,1,1,2,6,D3,0.0,0.0
201300019123,28,7,2013,20,1,51,140,2,1,1,1,RUE DES VIGNES,0.0,0.0
201300019124,9,12,2013,7,1,51,183,1,3,1,3,D944/D26,0.0,0.0
201300019125,1,8,2013,11,1,51,261,2,6,1,1,4 PL. DE L EGLISE OU D74,0.0,0.0
201300019126,23,10,2013,17,1,51,440,2,1,1,1,27 RUE DE LA REPUBLIQUE,0.0,0.0
201300019127,13,10,2013,19,3,62,440,1,1,6,6,,50.11588,3.02891
201300019128,21,4,2013,18,1,62,793,1,1,7,7,,50.422,2.644
201300019129,24,11,2013,21,5,62,443,2,1,2,6,RUE A. DHESSE,0.0,0.0
201300019130,2,3,2013,13,1,51,498,2,1,1,6,D982,0.0,0.0
201300019131,29,7,2013,16,1,51,442,1,1,1,7,D994,0.0,0.0
201300019132,20,8,2013,15,1,51,166,1,1,1,7,D69,0.0,0.0
201300019133,7,9,2013,19,1,51,507,1,3,1,3,D85/VC,0.0,0.0
201300019134,25,10,2013,23,3,51,53,2,1,3,6,D982,0.0,0.0
201300019135,29,6,2013,13,1,91,225,2,1,1,6,route de Jarcy,0.0,0.0
201300019136,28,1,2013,7,2,91,538,1,6,1,2,D 306,0.0,0.0
201300019137,22,10,2013,17,1,91,679,1,1,3,2,D838,0.0,0.0
201300019138,27,12,2013,13,1,91,272,1,1,2,1,D306,0.0,0.0
201300019139,27,12,2013,10,1,91,275,1,6,2,7,D1,0.0,0.0
201300019140,22,8,2013,5,3,95,56,1,1,1,3,RTE DE PARIS,49.0959,2.3616
201300019141,5,11,2013,18,5,95,352,2,1,1,6,AV DU MARECHAL JOFFRE,49.1187,2.4233
201300019142,9,12,2013,17,3,95,566,1,1,1,7,RD 85,49.1166,2.3329
201300019143,9,12,2013,10,1,95,149,2,1,1,6,R DE PARIS,49.1245,2.4278
201300019144,4,2,2013,8,1,89,471,1,2,8,3,,48.20272,3.3905
201300019145,8,6,2013,16,1,89,291,1,1,1,3,,48.115,3.286
201300019146,10,10,2013,22,3,89,240,1,1,2,1,,0.0,0.0
201300019147,14,1,2013,18,5,57,438,1,3,1,3,,0.0,0.0
201300019148,7,2,2013,20,3,57,716,1,1,8,7,,0.0,0.0
201300019149,21,4,2013,6,2,57,523,1,1,1,6,,0.0,0.0
201300019150,22,4,2013,15,1,57,193,1,9,7,3,,49.22902,6.21087
201300019151,11,4,2013,16,1,57,490,1,3,2,3,,0.0,0.0
201300019152,4,3,2013,18,1,57,314,1,1,7,2,,0.0,0.0
201300019153,27,3,2013,20,3,57,630,1,1,1,7,,0.0,0.0
201300019154,20,6,2013,16,1,57,682,1,1,1,6,,0.0,0.0
201300019155,13,8,2013,17,1,57,377,1,1,1,1,GN 48.68 6.95,0.0,0.0
201300019156,21,10,2013,11,1,57,3,2,1,1,6,78 rue Jordy,48.63696,7.09619
201300019157,23,11,2013,19,5,57,509,2,1,1,6,rue du General de Gaulle,0.0,0.0
201300019158,23,11,2013,23,3,57,623,1,1,9,6,GN 48.617  7.058,0.0,0.0
201300019159,2,12,2013,14,1,57,630,1,1,1,1,GN 48.649 6.919,0.0,0.0
201300019160,6,1,2013,19,3,57,334,1,1,1,1,,0.0,0.0
201300019161,8,12,2013,19,3,57,330,1,1,8,6,,0.0,0.0
201300019162,29,5,2013,23,3,57,269,1,1,2,7,,0.0,0.0
201300019163,23,11,2013,19,3,35,24,1,2,1,3,,48.18477,-1.6938
201300019164,3,12,2013,16,1,35,24,1,1,1,7,,48.167,-1.625
201300019165,17,3,2013,18,1,35,173,1,2,1,5,,48.1957,-1.69163
201300019166,19,4,2013,17,1,35,152,1,3,1,3,,48.22738,-1.50515
201300019167,3,5,2013,12,1,35,51,1,6,1,1,,48.15465,-1.62455
201300019168,25,5,2013,10,1,35,24,1,1,1,1,,48.17222,-1.66738
201300019169,15,6,2013,17,1,35,173,1,1,1,5,,48.20081,-1.72283
201300019170,25,7,2013,22,5,35,24,2,1,1,1,rue de rennes,48.17821,-1.63906
201300019171,22,8,2013,19,1,35,152,2,7,7,3,ZA BEAUGE,48.2109,-1.51544
201300019172,22,1,2013,12,1,44,9,1,1,2,1,rte du loroux bottereau,0.0,0.0
201300019173,22,9,2013,14,1,44,9,1,1,1,6,,0.0,0.0
201300019174,29,11,2013,22,3,44,70,1,1,1,6,,0.0,0.0
201300019175,23,1,2013,19,3,62,792,1,1,1,3,,0.0,0.0
201300019176,6,2,2013,18,3,62,297,1,1,6,1,,0.0,0.0
201300019177,18,2,2013,6,3,62,452,1,1,5,6,,50.68646,2.27401
201300019178,15,7,2013,20,1,62,297,2,8,1,1,Route Sainte Gilles,50.83298,2.20271
201300019179,7,9,2013,23,3,62,792,1,1,1,1,,0.0,0.0
201300019180,5,1,2013,16,1,83,116,2,1,1,2,2 Avenue Gabriel Peri,0.0,0.0
201300019181,31,3,2013,17,1,83,87,1,1,1,1,,0.0,0.0
201300019182,1,8,2013,6,2,83,96,1,1,1,1,,43.0,0.0
201300019183,13,5,2013,10,1,83,67,2,1,1,6,Domaine de la Garnaude,0.0,0.0
201300019184,25,6,2013,7,1,83,57,2,1,1,6,Les quatre chemins -CD13,0.0,0.0
201300019185,29,10,2013,19,3,83,73,2,1,2,2,Route de Brignoles,0.0,0.0
201300019186,8,11,2013,18,2,83,73,2,1,1,3,Av Pierre Mendes France,43.38511,6.30572
201300019187,25,11,2013,17,5,83,73,2,1,1,1,Rte de Nice PK57.500,0.0,0.0
201300019188,6,12,2013,14,1,83,31,2,1,1,6,"Qt taurelle, Intermarch?",43.66,6.551
201300019189,17,12,2013,17,3,83,31,2,1,1,5,route nationale,43.655,6.568
201300019190,8,1,2013,18,3,74,206,1,1,5,6,,0.0,0.0
201300019191,13,1,2013,11,1,74,105,1,1,2,1,,46.299,6.277
201300019192,20,2,2013,2,3,74,106,1,1,1,6,,46.308,6.465
201300019193,22,2,2013,15,1,74,48,1,4,4,3,,0.0,0.0
201300019194,27,2,2013,19,5,74,105,2,2,1,1,Route de Thonon,46.312,6.313
201300019195,18,4,2013,18,1,74,5,1,1,1,6,,46.336,6.45
201300019196,1,5,2013,20,2,74,25,1,1,8,6,,46.288,6.348
201300019197,30,5,2013,14,1,74,48,1,1,1,6,,46.275,6.389
201300019198,7,6,2013,19,1,74,43,1,1,1,1,,46.264,6.355
201300019199,20,6,2013,10,1,74,150,2,6,1,6,THOLOMAZ,0.0,0.0
201300019200,30,6,2013,11,1,74,210,1,3,1,3,,46.3,6.432
201300019201,16,7,2013,18,1,74,5,1,1,1,3,,46.339,6.454
201300019202,9,7,2013,12,1,74,105,2,1,1,3,AVENUE DE GENEVE,0.0,0.0
201300019203,24,7,2013,13,1,74,150,1,1,1,7,,46.298,6.319
201300019204,20,8,2013,9,1,74,105,2,2,1,3,RUE DES ACCACIAS,0.0,0.0
201300019205,24,8,2013,19,1,74,43,1,1,1,6,,0.0,0.0
201300019206,22,9,2013,13,1,74,5,1,2,1,3,,0.0,0.0
201300019207,26,11,2013,12,1,74,315,2,4,1,3,RUE DE MESSERY,0.0,0.0
201300019208,8,12,2013,16,1,74,105,2,1,1,6,Avenue de THONON,0.0,0.0
201300019209,11,5,2013,0,3,50,173,2,1,1,6,RUE DU PORT,49.6695,-1.68071
201300019210,30,6,2013,11,1,35,152,1,2,1,3,,48.19766,-1.51102
201300019211,15,7,2013,14,1,35,31,1,6,1,1,,48.17875,-1.43305
201300019212,1,8,2013,22,3,35,173,1,1,1,2,,48.20269,-1.69468
201300019213,4,1,2013,11,1,24,449,1,1,1,2,,44.9897,0.19817
201300019214,6,4,2013,11,1,24,312,1,1,1,6,A89,45.144,0.68705
201300019215,12,5,2013,0,3,24,59,1,1,1,6,,45.02455,0.39348
201300019216,7,2,2013,16,1,34,169,1,3,1,1,CHEMIN MAS DE L HUILE,43.6678,3.8557
201300019217,8,2,2013,4,3,34,77,1,1,1,6,,43.65058,3.88368
201300019218,21,3,2013,17,1,34,120,2,2,1,3,rue françois dezeuze,43.66578,3.92011
201300019219,8,5,2013,18,1,34,217,2,1,1,6,55 rte de mende,43.69789,3.86295
201300019220,6,6,2013,13,1,34,118,1,1,1,7,,43.71649,3.91308
201300019221,15,6,2013,13,1,34,120,2,1,1,7,Avenue joseph arlery,43.66213,3.90978
201300019222,21,6,2013,18,1,34,217,1,1,1,1,,43.72902,3.86816
201300019223,11,7,2013,23,3,34,169,1,1,1,1,,43.68101,3.8655
201300019224,10,8,2013,3,3,34,169,1,1,1,6,,0.0,0.0
201300019225,18,8,2013,18,1,34,14,1,1,1,5,,43.72629,3.90266
201300019226,16,10,2013,17,1,34,77,2,1,1,2,boulevard de la libert?,0.0,0.0
201300019227,22,11,2013,15,1,34,90,1,1,8,3,,0.0,0.0
201300019228,28,11,2013,16,1,34,77,1,1,1,1,,0.0,0.0
201300019229,21,10,2013,12,1,16,15,2,1,1,6,136 RUE  SAINT ROCH,45.64991,0.16887
201300019230,7,10,2013,17,1,16,358,1,1,1,2,(DEVIATION D'angouleme,45.67887,0.14904
201300019231,9,1,2013,10,1,16,374,1,1,1,1,,0.0,0.0
201300019232,22,1,2013,7,2,16,154,2,1,2,3,Belhasard,45.67172,0.17588
201300019233,27,1,2013,9,1,16,15,2,1,2,3,route de Basseau,45.65161,0.1285
201300019234,12,10,2013,15,1,16,15,2,1,2,6,BOULEVARD De BIGORRE,45.63489,0.12881
201300019235,6,2,2013,15,1,16,358,1,1,1,4,Bellevue,45.67577,0.14466
201300019236,20,2,2013,18,5,16,15,2,4,1,6,Av du President wilson,45.64897,0.15026
201300019237,21,2,2013,16,1,16,154,2,1,1,6,258 route de Paris,45.67439,0.17422
201300019238,5,3,2013,21,5,16,15,2,1,1,6,Quartier Basseau,45.64766,0.12842
201300019239,24,3,2013,9,1,16,358,2,3,1,2,RUE DE  ROYAN,45.66285,0.13204
201300019240,21,3,2013,14,1,16,271,1,1,1,2,PEUSEC,45.62543,0.18079
201300019241,21,3,2013,16,1,16,113,2,1,1,2,Zone de Chantemerle,45.61924,0.10631
201300019242,15,4,2013,17,1,16,15,2,1,1,2,Av de LATTRE DE TASSIGNY,45.65678,0.1705
201300019243,18,4,2013,10,1,16,15,2,1,1,2,61 RUE DE SAINTES,45.65712,0.1474
201300019244,21,4,2013,6,2,16,154,2,1,1,1,251 ROUTE DE PARIS,45.68029,0.1773
201300019245,28,4,2013,11,1,16,15,2,3,1,3,167 rue SAINTES,45.65973,0.14185
201300019246,1,5,2013,9,1,16,15,2,3,2,1,91 rue de BASSEAU,45.65139,0.13823
201300019247,26,4,2013,8,1,16,113,1,1,2,2,Le Moulin Neuf,45.61976,0.12188
201300019248,26,4,2013,18,1,16,15,2,1,2,7,carrefour barrouilhet,45.65344,0.14836
201300019249,2,5,2013,18,1,16,15,2,1,1,6,15 Bd Denfert Rochereu,45.64943,0.17545
201300019250,29,4,2013,14,1,16,291,2,1,1,3,70 AVENUE JEAN JAURES,45.67717,0.22051
201300019251,11,5,2013,11,1,16,15,2,3,1,3,,0.0,0.0
201300019252,10,5,2013,15,1,16,15,2,2,1,3,,45.65643,0.17503
201300019253,25,5,2013,16,1,16,358,1,1,1,6,Le Logis de l'Epineuil,45.63566,0.15317
201300019254,14,5,2013,14,1,16,15,2,1,1,2,Av de LATTRE DE TASSIGNY,45.65677,0.1705
201300019255,17,5,2013,9,1,16,15,1,1,1,3,33 rue de la Corderie,45.65038,0.15894
201300019256,16,5,2013,11,1,16,15,2,1,1,3,9 RUE DE LA TRESORERIE,45.63543,0.15317
201300019257,18,5,2013,17,1,16,358,1,1,1,1,Chez  BERCHET,45.69,0.1071
201300019258,4,6,2013,12,1,16,113,1,1,1,7,La Combe de Breuty,45.61872,0.11767
201300019259,9,6,2013,23,3,16,291,1,1,1,2,La Combe aux Loups,45.69115,0.23185
201300019260,9,6,2013,16,1,16,15,2,6,1,3,route de Bordeaux,45.65035,0.14458
201300019261,12,6,2013,13,1,16,113,2,1,1,6,67 AVENUE DE LA GARE,45.60668,0.09164
201300019262,15,6,2013,13,1,16,113,2,1,1,7,AVENUE DE LAGARE,45.60683,0.08807
201300019263,18,6,2013,7,1,16,374,2,6,2,2,Les Effamiers,45.63368,0.21194
201300019264,20,6,2013,14,1,16,166,2,1,2,5,2 AV du marechal juin,45.66908,0.18295
201300019265,21,6,2013,21,2,16,113,1,1,2,7,La Cote,45.60857,0.11125
201300019266,22,6,2013,22,3,16,291,1,1,2,6,La Combe des Robins,45.60857,0.11125
201300019267,28,6,2013,15,1,16,166,2,3,1,3,rue e Montbron,45.65275,0.19043
201300019268,1,7,2013,11,1,16,15,2,6,1,6,PLACE VICTOR,45.64919,0.17494
201300019269,1,7,2013,13,1,16,15,1,1,1,2,,45.65505,0.12017
201300019270,6,7,2013,19,1,16,15,2,3,1,3,rue de l'ARSENAL,45.64758,0.15737
201300019271,12,7,2013,1,5,16,15,2,1,1,3,(BOULEVARD BESSON BEY,45.65319,0.15542
201300019272,14,7,2013,2,5,16,15,2,1,1,3,BOULEVARD JACQues MONOD,45.63182,0.15614
201300019273,17,7,2013,0,5,16,15,2,6,1,6,La MADELEINE,45.65843,0.17267
201300019274,15,7,2013,22,5,16,15,2,1,1,2,136 rue SAINT ROCH,45.64991,0.16895
201300019275,22,7,2013,8,1,16,15,2,1,1,6,RUE FERDINAND LAPORTE,45.64877,0.17505
201300019276,23,7,2013,16,1,16,358,2,1,1,6,7 RUE JEAN-BAPTI COROT,45.67355,0.12371
201300019277,20,7,2013,10,1,16,15,2,9,1,6,PLACE VICTOR HUGO,45.64884,0.1749
201300019278,2,8,2013,18,1,16,15,2,3,1,3,RUE WALDECK ROUSSEAU,45.66473,0.15525
201300019279,21,8,2013,1,5,16,374,2,1,1,6,"13, ARAGON (RUE LOUIS)",45.63862,0.18041
201300019280,1,9,2013,22,3,16,358,1,1,1,6,DEVIATION d'Angouleme,45.67366,0.14434
201300019281,4,9,2013,17,1,16,154,2,1,1,2,15 RUE DESFOUR A CHAUX,45.67837,0.17525
201300019282,5,9,2013,21,5,16,15,2,1,1,6,21RUE du MINAGE,45.65065,0.15172
201300019283,15,9,2013,17,1,16,154,2,1,1,2,RUE DEs FOUR A CHAUX,45.67907,0.16347
201300019284,14,9,2013,12,1,16,15,2,1,2,2,02 ROUTE DE BORDEAUX,45.6524,0.15835
201300019285,14,9,2013,23,5,16,374,2,1,2,2,10 RUE MAURICE RAVEL,45.64547,0.1829
201300019286,12,9,2013,14,1,16,374,2,1,1,6,20 RUE DU MAREFAYOLLE,45.64708,0.18158
201300019287,20,9,2013,11,1,16,15,2,9,1,6,273 AVENUE DE NAVARRE,45.63439,0.154
201300019288,11,10,2013,13,1,16,15,2,1,1,6,60 rue du Captaine Favre,45.6356,0.15854
201300019289,17,10,2013,17,1,16,374,2,1,1,5,AVENUE DU GEN DE GAULLE,45.64097,0.19577
201300019290,30,10,2013,17,2,16,113,2,1,1,2,RUE LEONARD JARRAUD,45.61092,0.10145
201300019291,6,11,2013,22,5,16,113,1,1,1,7,Allee de L'Oisellerie,45.6241,0.11027
201300019292,19,11,2013,20,3,16,358,1,1,1,6,DEVIATION D'Angouleme,45.68488,0.15542