Num_Acc,jour,mois,an,hr,condition_eclairage,departement,commune,condition_agglomeration,intersection,condition_atmosphere,type_collision,adresse,lattitude,longitude
201300019293,13,7,2013,9,1,16,15,2,1,1,6,94 rue de SAINTES,45.65824,0.14506
201300019294,17,7,2013,21,5,16,166,2,1,1,2,AVENUE JEAN JAURES,45.66068,0.19813
201300019295,19,7,2013,10,1,16,15,2,1,1,6,RUE HERGE,45.64838,0.16011
201300019296,22,11,2013,16,1,16,15,2,3,1,6,rue SAINT ROCH A LUNESSE,45.65583,0.18192
201300019297,29,11,2013,2,4,16,15,2,1,1,6,(Av LATTRE DE TASSIGNY,45.65449,0.16776
201300019298,19,8,2013,15,1,16,15,2,6,1,3,19 BOULEVARD DE BURY,45.64768,0.16443
201300019299,31,8,2013,19,1,16,358,2,1,1,6,AVENUE DE L UNION,45.67447,0.12564
201300019300,3,12,2013,12,1,16,154,2,1,7,6,Chalonne,45.6912,0.15572
201300019301,2,8,2013,18,1,16,291,2,1,1,6,222 Av du present Wilson,45.68166,0.23388
201300019302,14,12,2013,11,1,16,341,2,1,1,7,Le  GRAND GIRAC,45.63484,0.12498
201300019303,25,10,2013,10,1,16,374,2,1,2,2,101 AVENUE  DE GAULLE,45.6434,0.1855
201300019304,1,9,2013,18,2,16,15,2,6,1,6,BOULEVARD BRETAGNE,45.66412,0.15169
201300019305,2,1,2013,18,5,16,89,2,1,1,7,21 AVENUE De BARBEZIEUX,45.68671,-0.32907
201300019306,15,3,2013,19,5,16,102,2,1,1,3,44 BOULEVARD deCHATENAY,45.69718,-0.3181
201300019307,26,3,2013,18,1,16,102,2,1,1,6,206 AV VICTOR HUGO,45.6885,-0.31455
201300019308,20,4,2013,17,1,16,102,2,3,1,2,rue haute de Crouin,45.68789,-0.34949
201300019309,28,5,2013,13,1,16,89,2,1,1,1,AVENUE DE BARBEZIEUX,45.68051,-0.32846
201300019310,7,6,2013,7,1,16,102,2,6,1,2,,45.69442,-0.34764
201300019311,7,6,2013,11,1,16,102,2,1,1,6,Bd DENFERT ROCHEREAU,45.69595,-0.32649
201300019312,10,6,2013,8,1,16,89,2,6,1,3,ROUTE DE SEGONZAC,45.67877,-0.31148
201300019313,4,7,2013,13,1,16,102,2,2,1,3,,45.68975,-0.32426
201300019314,4,9,2013,8,1,16,102,2,1,1,7,Le Logis Saint Martin,45.41302,-0.19375
201300019315,14,10,2013,18,5,16,89,2,6,1,3,RUE DE l'ANISSERIE,45.68463,-0.30573
201300019316,13,11,2013,7,2,16,89,1,1,2,7,92 ROUTE DE DIZEDON,45.66629,-0.33971
201300019317,23,11,2013,14,1,16,102,2,1,1,7,187 RUE JULES BRISSON,45.71064,-0.33605
201300019318,28,11,2013,21,5,16,102,2,1,1,6,242 AVENUE VICTOR HUGO,45.68773,-0.31201
201300019319,15,12,2013,3,3,16,89,2,1,1,7,RUE DE LA DOUE,45.66853,-0.32606
201300019320,16,12,2013,17,1,16,102,2,1,7,6,(RUE DE LA CHAUDRONNE,45.70048,-0.31513
201300019321,29,12,2013,18,4,16,89,2,1,3,3,46 Av de BARBEZIEUX,45.67815,-0.32818
201300019322,30,12,2013,12,1,16,102,2,1,1,6,65a RUE DE LAGROIE,45.67815,-0.32818
201300019323,28,6,2013,7,1,77,69,2,1,1,6,34 rue des Thibault,48.46177,2.61465
201300019324,14,7,2013,10,1,77,6,1,1,1,2,,0.0,0.0
201300019325,21,8,2013,6,2,77,69,1,1,1,2,,0.0,0.0
201300019326,6,2,2013,14,1,69,204,1,1,1,3,,0.0,0.0
201300019327,3,3,2013,18,2,69,100,2,1,1,2,rue de la mouche,0.0,0.0
201300019328,13,6,2013,13,1,69,100,2,1,1,1,chemin ferme laval,0.0,0.0
201300019329,18,6,2013,15,1,69,100,1,1,1,7,,0.0,0.0
201300019330,21,9,2013,4,5,69,204,1,1,1,7,,0.0,0.0
201300019331,12,12,2013,16,2,69,100,2,1,5,6,,0.0,0.0
201300019332,3,1,2013,11,1,17,299,2,1,1,7,"172990128, DIERAS AVENUE",45.9447,-0.97564
201300019333,31,1,2013,17,1,17,449,2,1,1,2,SAINTONGE AVENUE DE,45.9528,-0.88189
201300019334,31,1,2013,18,3,17,299,2,2,1,3,"172990121, DE GAULLE AVE",45.9356,-0.96242
201300019335,1,2,2013,20,5,17,299,2,1,2,3,"172990204, LA FAYETTE RU",45.93471,-0.96028
201300019336,2,2,2013,10,1,17,299,2,1,1,6,"172990065, BRIAND BOULEV",45.94768,-0.97184
201300019337,6,2,2013,2,3,17,299,1,1,3,7,"172990397, RD 5",45.97085,-0.95772
201300019338,6,2,2013,6,3,17,449,1,1,3,7,"174490051, R.D. 911",45.9621,-0.92821
201300019339,6,2,2013,23,4,17,299,2,1,1,1,"172990128, DIERAS AVENUE",45.9424,-0.97525
201300019340,8,2,2013,15,1,17,299,2,1,1,2,"1729903840, RD 137",45.95068,-0.89414
201300019341,12,2,2013,7,3,17,299,2,1,1,7,"172990299, PONTY AVENUE",45.94433,-0.95873
201300019342,12,2,2013,18,3,17,449,2,1,1,7,"174490043, SAINTONGE AVE",45.95089,-0.89346
201300019343,13,2,2013,20,5,17,299,2,1,2,3,"172990155, FOSSE AUX MAT",45.92901,-0.95653
201300019344,13,2,2013,20,5,17,449,2,1,1,7,"174490104, GAULLE AVENUE",45.94772,-0.91042
201300019345,4,3,2013,9,1,17,299,1,1,1,4,"172990048, BIGNON BOULEV",45.94852,-0.98748
201300019346,7,3,2013,9,1,17,449,2,1,1,2,"174490072, CHAMP DE FOIR",45.94503,-0.89111
201300019347,7,3,2013,18,2,17,299,2,6,2,3,"172990381, BERNADOTTE RO",45.95824,-0.9692
201300019348,8,3,2013,7,1,17,299,2,1,1,3,"172990159, FRERES JAMAIN",45.93783,-0.97658
201300019349,10,3,2013,20,3,17,299,1,3,1,3,"172990257, MILLE PATTES",45.92482,-0.9746
201300019350,11,3,2013,10,1,17,299,1,1,2,7,"172990323, ROCHELLE ROUT",45.96179,-0.97943
201300019351,14,3,2013,7,1,17,449,2,2,1,3,"174490005, AUNIS AVENUE",45.94899,-0.91793
201300019352,28,3,2013,10,1,17,299,2,6,1,3,"172990373, WILSON AVENUE",45.94616,-0.96279
201300019353,29,3,2013,6,2,17,299,2,3,2,7,"172990020, AUNIS AVENUE",45.95236,-0.97739
201300019354,2,4,2013,12,1,17,299,2,1,1,7,"172990033, BAUDIN IMPASS",45.93588,-0.96911
201300019355,17,4,2013,11,1,17,299,2,6,1,3,"172990303, POUZET BOULEV",45.93123,-0.96998
201300019356,23,4,2013,11,1,17,299,2,1,1,7,"172990126, DEPORTES ET F",45.93151,-0.96563
201300019357,30,4,2013,7,1,17,449,2,1,2,7,"174490085, CROIX BIRON I",45.94684,-0.89173
201300019358,30,4,2013,8,1,17,449,2,6,2,3,"174490122, JOLIOT CURIE",45.94602,-0.89163
201300019359,6,5,2013,17,1,17,299,2,1,1,3,"1729902710, ONZE NOVEMBR",45.9287,-0.96006
201300019360,10,5,2013,16,1,17,299,2,1,1,7,"172990281, PELLETAN AVEN",45.94248,-0.96202
201300019361,10,5,2013,14,1,17,299,2,1,1,7,"172990020, AUNIS AVENUE",45.94819,-0.97654
201300019362,12,5,2013,19,1,17,449,1,1,1,7,"1744900180, R.D. 911",45.97667,-0.91239
201300019363,17,5,2013,18,1,17,299,2,1,1,3,"10, LIBERATION AVENUE DE",45.94919,-0.94875
201300019364,19,5,2013,19,1,17,449,1,1,2,6,"174490157, RD 739 (ROUTE",45.95791,-0.85161
201300019365,20,5,2013,16,1,17,299,2,2,2,3,LOTI RUE PIERRE,45.93757,-0.96199
201300019366,28,5,2013,15,1,17,449,1,1,1,7,CHAMPSERVE ROUTE DE,45.96439,-0.87239
201300019367,6,6,2013,10,1,17,299,2,1,1,7,"0, PLUMIER RUE CHARLES",45.92441,-0.9565
201300019368,13,6,2013,8,1,17,449,2,1,1,7,"30, SALVADOR RUE ALLENDE",45.94997,-0.88895
201300019369,14,6,2013,15,1,17,449,1,2,1,2,R.D. 137 (TONNAY CHARENT,0.0,0.0
201300019370,15,6,2013,15,1,17,449,2,6,1,1,JOLIOT CURIE RUE,45.94541,-0.89043
201300019371,24,6,2013,21,2,17,449,1,6,1,3,SAINTONGE AVENUE DE,45.95374,-0.87784
201300019372,25,6,2013,19,1,17,299,2,1,1,3,"1, LIBERATION AVENUE DE",45.94954,-0.94791
201300019373,27,6,2013,17,1,17,299,2,2,1,3,ONZE NOVEMBRE 1918 AVENU,45.93017,-0.95974
201300019374,30,6,2013,19,1,17,299,1,1,1,2,MILLE PATTES BOULEVARD D,45.9256,-0.97548
201300019375,5,7,2013,11,1,17,299,2,1,1,6,"N 82, GAMBETTA RUE",45.94,-0.97081
201300019376,12,7,2013,10,1,17,299,1,1,1,2,"0, MILLE PATTES BOULEVAR",45.925,-0.97452
201300019377,20,7,2013,11,1,17,449,2,1,1,4,"105, SAINTONGE AVENUE DE",45.95063,-0.89472
201300019378,29,7,2013,13,1,17,449,1,1,1,3,RD 739 (ROUTE DE LUSSANT,45.95389,-0.87718
201300019379,29,7,2013,17,1,17,299,2,6,1,3,"94, DIERAS AVENUE DU DOC",45.94687,-0.9762
201300019380,5,8,2013,17,1,17,299,2,2,1,3,CASSE AUX PRETRES RUE DE,45.95561,-0.96911
201300019381,6,8,2013,19,1,17,299,2,2,1,3,"?, THIERS RUE",45.93881,-0.9628
201300019382,8,8,2013,12,1,17,299,1,1,1,2,"172990257, MILLE PATTES",45.93166,-0.9821
201300019383,11,8,2013,20,2,17,299,2,1,1,7,PELLETAN AVENUE,45.94163,-0.96489
201300019384,1,9,2013,18,1,17,299,2,2,1,3,AUDRY DE PUYRAVAULT RUE,45.93707,-0.96096
201300019385,4,9,2013,12,1,17,299,2,1,1,2,"0, BACHELARD AVENUE VICT",45.94578,-0.95607
201300019386,5,9,2013,8,1,17,299,2,1,1,3,BACHELARD AVENUE VICTOR-,45.94643,-0.95635
201300019387,11,9,2013,10,1,17,299,2,1,1,7,PELLETAN AVENUE,45.94264,-0.96182
201300019388,13,9,2013,16,1,17,449,1,1,1,3,"174490051, R.D. 911",45.96454,-0.92551
201300019389,14,9,2013,15,1,17,299,2,2,3,5,BEGON ROND POINT ET RUE,45.94176,-0.95907
201300019390,15,9,2013,18,1,17,449,1,1,1,7,"174490160, RD 117",45.95814,-0.85921
201300019391,16,9,2013,7,1,17,299,2,1,2,3,"34 bis, POUZET BOULEVARD",45.9312,-0.97027
201300019392,19,9,2013,16,1,17,299,2,1,1,3,"172990293, PLUMIER RUE C",45.92354,-0.95598
201300019393,21,9,2013,11,1,17,299,2,1,1,2,"172990299, PONTY AVENUE",45.94567,-0.95579
201300019394,24,9,2013,8,1,17,299,2,6,1,3,BEGON ROND POINT ET RUE,45.94307,-0.96014
201300019395,29,9,2013,4,5,17,299,2,1,1,1,BIGNON BOULEVARD ET ROND,45.95876,-0.97877
201300019396,9,10,2013,12,1,17,299,2,1,1,2,POUZET BOULEVARD EDOUARD,45.9339,-0.97699
201300019397,11,10,2013,17,1,17,449,2,1,1,2,"174490043, SAINTONGE AVE",45.94974,-0.89964
201300019398,14,10,2013,16,1,17,299,2,2,1,3,LATOUCHE TREVILLE RUE,45.94106,-0.96014
201300019399,17,10,2013,17,1,17,299,2,3,1,3,"172990279, PECHEURS D'IS",45.94827,-0.99001
201300019400,18,10,2013,18,1,17,449,2,1,1,1,"174490184, BOURRELIERS A",45.94364,-0.89138
201300019401,23,10,2013,9,1,17,299,2,1,1,7,"53, GAMBETTA RUE",45.93948,-0.96952
201300019402,25,10,2013,11,1,17,299,2,1,3,7,"172990048, BIGNON BOULEV",45.94891,-0.9874
201300019403,25,10,2013,12,1,17,299,1,1,3,4,"172990257, MILLE PATTES",45.91094,-0.96517
201300019404,28,10,2013,11,1,17,299,1,1,2,7,"172990257, MILLE PATTES",45.92203,-0.97077
201300019405,28,10,2013,17,1,17,299,1,2,1,3,"172990204, LA FAYETTE RU",45.93515,-0.96353
201300019406,5,11,2013,7,5,17,449,2,3,3,3,"172990139, TOUCHE ROND P",45.94812,-0.91052
201300019407,9,11,2013,12,1,17,299,2,1,3,2,"N? 5, AUNIS AVENUE D'",45.94851,-0.97647
201300019408,16,11,2013,16,1,17,299,2,1,1,3,"27, BACHELARD AVENUE VIC",45.95183,-0.95474
201300019409,20,11,2013,13,1,17,299,2,1,1,7,"22, DEPORTES ET FUSILLES",45.93288,-0.96643
201300019410,20,11,2013,18,5,17,299,2,1,2,3,"10, PONTY AVENUE W.",45.94578,-0.95566
201300019411,21,11,2013,18,1,17,299,2,1,1,4,RESISTANCE BOULEVARD DE,45.93094,-0.96341
201300019412,21,11,2013,18,5,17,299,2,2,2,3,"172990172, GIRAUD RUE",45.94945,-0.97297
201300019413,21,11,2013,18,5,17,449,2,3,2,3,"174490104, GAULLE AVENUE",45.94461,-0.89423
201300019414,4,12,2013,12,1,17,299,2,1,1,2,"25, RHIN ET DANUBE AVENU",45.95089,-0.96753
201300019415,11,12,2013,8,1,17,449,1,1,1,7,"174490185, Moulin de P?f",45.94836,-0.91418
201300019416,17,12,2013,15,1,17,299,2,1,1,7,"172990282, PELTIER RUE D",45.94,-0.96351
201300019417,19,12,2013,9,1,17,299,2,6,1,3,POLYGONE ROND POINT DU,45.93099,-0.96577
201300019418,19,12,2013,19,5,17,449,2,3,2,3,"122, AUNIS AVENUE D'",45.95015,-0.92565
201300019419,21,12,2013,16,1,17,299,2,1,1,6,"28, DENFERT ROCHEREAU RU",45.93947,-0.96595
201300019420,24,12,2013,13,1,17,299,2,2,2,3,"110, LOTI RUE PIERRE",45.93722,-0.96212
201300019421,29,12,2013,1,3,17,299,2,1,1,7,"115, POUZET BOULEVARD ED",45.93324,-0.97544
201300019422,27,12,2013,18,5,17,299,2,2,1,7,"25, MERMOZ RUE",45.94928,-0.97458
201300019423,18,1,2013,10,1,17,300,1,1,2,6,112 PK RN137 ROCHEFORT J,46.12122,-1.10956
201300019424,23,1,2013,10,1,17,300,2,1,1,2,"2, ROUX   RUE DE",46.1471,-1.15094
201300019425,23,1,2013,19,2,17,300,2,1,1,3,CORSAIRES   AVENUE DES (,46.1689,-1.17189
201300019426,25,1,2013,6,5,17,300,1,1,1,7,537 RN ENTREE ROCADE  CH,46.1722,-1.18817
201300019427,27,1,2013,17,1,17,300,1,1,1,7,05 PK RN237 MOULIN JUSTI,46.1754,-1.12473
201300019428,29,1,2013,16,1,17,300,2,1,1,3,"2, PINCHON   RUE LOUISE",46.1639,-1.11621
201300019429,29,1,2013,16,1,17,28,2,3,1,3,"02, COURLIS   RUE DES",46.1276,-1.12677
201300019430,30,1,2013,8,2,17,300,2,1,1,6,"293, CORSAIRES   AVENUE",46.1728,-1.16185
201300019431,4,2,2013,17,2,17,300,2,1,2,6,"2, 33 PK RN11 NANTES ROC",46.18001,-1.09378
201300019432,8,2,2013,19,2,17,300,2,1,1,3,"2, DELMAS   AVENUE MAURI",46.15851,-1.15955
201300019433,11,2,2013,16,1,17,300,2,1,1,6,"2, PRUNIER   QUAI LOUIS",46.1538,-1.14903
201300019434,12,2,2013,17,1,17,300,2,1,1,6,DAUPHINE   AVENUE DE LA,46.1685,-1.14994
201300019435,12,2,2013,21,5,17,300,2,1,1,6,"2, MAIL   ALLEE DU",46.1559,-1.16635
201300019436,14,2,2013,14,1,17,300,2,1,1,7,"2, LECLERC   AVENUE DU G",46.1625,-1.15864
201300019437,15,2,2013,0,5,17,300,2,1,1,3,"4, VESPUCCI   AVENUE AME",46.15262,-1.15487
201300019438,16,2,2013,18,2,17,300,2,1,1,6,"57, LECLERC   AVENUE DU",46.16,-1.164
201300019439,19,2,2013,17,2,17,200,2,1,1,6,"2, MOISY   AVENUE DU REC",46.1722,-1.17201
201300019440,21,2,2013,15,1,17,300,2,1,1,7,"2, ROYALE   AVENUE DE LA",46.1622,-1.14166
201300019441,22,2,2013,17,1,17,300,2,1,1,3,", CORSAIRES   AVENUE DES",46.1694,-1.17064
201300019442,26,2,2013,16,1,17,300,2,1,1,7,"2, LUCILE   RUE",46.13914,-1.16699
201300019443,1,3,2013,15,1,17,300,2,1,1,2,REAUMUR   RUE,46.16026,-1.15576
201300019444,1,3,2013,17,1,17,300,2,1,1,6,"2, BILLAUD-VARENNE   AVE",46.1519,-1.12285
201300019445,8,3,2013,22,4,17,300,2,1,1,2,"121, GUITON   AVENUE JEA",46.16017,-1.16889
201300019446,9,3,2013,17,1,17,300,2,1,1,6,CHAMP DE MARS   AVENUE D,46.16945,-1.14882
201300019447,10,3,2013,5,5,17,274,2,1,1,6,"51, DELACROIX   RUE EUGE",46.15023,-1.09017
201300019448,11,3,2013,11,1,17,274,2,1,1,3,"2, CHATEAU   RUE DU",46.13842,-1.13987
201300019449,11,3,2013,12,1,17,300,2,1,1,2,"2, SAUTEL  BOULEVARD AND",46.16663,-1.13665
201300019450,20,3,2013,14,1,17,300,2,1,1,6,"10, PRUNIER   QUAI LOUIS",46.14957,-1.15032
201300019451,22,3,2013,11,1,17,300,2,1,1,2,NOUE   RUE DE LA,46.16029,-1.15575
201300019452,22,3,2013,13,1,17,300,2,1,1,3,"2, COGNEHORS   BOULEVARD",46.16734,-1.14003
201300019453,26,3,2013,20,2,17,300,2,1,9,6,"2, BEL AIR RUE",46.16669,-1.16297
201300019454,27,3,2013,15,1,17,300,2,1,1,6,"15, JOFFRE   BOULEVARD (",46.16054,-1.14063
201300019455,28,3,2013,19,1,17,300,2,9,1,7,PERIGNY   RUE DE,46.15694,-1.1423
201300019456,29,3,2013,1,5,17,300,2,1,1,6,"2, REAUMUR   RUE",46.15986,-1.15595
201300019457,31,3,2013,16,1,17,300,2,1,1,7,"2, DAMES   COURS DES",46.15802,-1.1536
201300019458,9,4,2013,9,1,17,300,1,1,2,6,06 PK RN237 MOULIN JUSTI,46.17096,-1.191
201300019459,9,4,2013,16,1,17,300,2,1,1,3,"2, SAUTEL  BOULEVARD AND",46.16666,-1.13662
201300019460,13,4,2013,16,1,17,300,2,1,1,6,"2, SARTRE   AVENUE JEAN-",46.15643,-1.12806
201300019461,19,4,2013,20,1,17,300,1,1,1,6,537 RN ECHANGEUR LA PALL,46.17237,-1.18678
201300019462,19,4,2013,22,3,17,300,1,1,1,7,34 PK RN11 NANTES ROCADE,46.17491,-1.11066
201300019463,20,4,2013,4,5,17,300,2,1,1,6,"2, SAUTEL  BOULEVARD AND",46.16667,-1.13662
201300019464,28,4,2013,22,5,17,300,2,1,1,7,"22, KENNEDY   AVENUE DU",46.16745,-1.17972
201300019465,3,5,2013,10,1,17,28,1,1,1,6,"2, MOULINETTE   CHEMIN D",46.14181,-1.12155
201300019466,7,5,2013,9,1,17,300,2,1,1,2,"2, LECLERC   AVENUE DU G",46.16249,-1.15867
201300019467,10,5,2013,19,1,17,300,2,1,1,6,"37, GAULLE   AVENUE DU G",46.15447,-1.14749
201300019468,22,5,2013,13,1,17,300,2,2,1,4,GRANDES GUIARDES   AVENU,46.16953,-1.18697
201300019469,26,5,2013,2,5,17,300,2,1,1,6,"0, THIERS   RUE",46.1617,-1.14837
201300019470,27,5,2013,15,1,17,300,2,1,1,3,"02, ROUX   RUE DE",46.14712,-1.15219
201300019471,27,5,2013,20,1,17,300,2,1,1,6,"2, CHEMIN VERT   RUE DU",46.16559,-1.14036
201300019472,27,5,2013,20,1,17,300,2,1,1,6,"88, CIMETIERE   AVENUE D",46.16293,-1.13146
201300019473,29,5,2013,14,1,17,300,2,1,1,6,"32BIS, LECLERC   AVENUE",46.16307,-1.16414
201300019474,2,6,2013,4,5,17,300,2,1,1,6,"2, CORSAIRES   AVENUE DE",46.16467,-1.17549
201300019475,5,6,2013,14,1,17,300,2,1,1,3,"2, PALISSY   RUE BERNARD",46.17044,-1.15846
201300019476,9,6,2013,12,1,17,300,2,1,1,6,"2, COLIGNY   AVENUE",46.15621,-1.16631
201300019477,19,6,2013,21,1,17,300,2,1,1,3,"2, TROMPETTE   RUE DE LA",46.17008,-1.15839
201300019478,25,6,2013,21,2,17,300,2,1,1,6,"107, DENFERT-ROCHEREAU",46.16475,-1.1968
201300019479,28,6,2013,17,1,17,300,2,1,1,5,05 PK RN237 MOULIN JUSTI,46.17516,-1.17173
201300019480,28,6,2013,20,1,17,300,2,1,1,6,"17, BILLAUD-VARENNE   AV",46.15191,-1.12033
201300019481,29,6,2013,1,5,17,300,2,1,1,2,"10, SAUTEL  BOULEVARD AN",46.16712,-1.1361
201300019482,29,6,2013,5,5,17,300,1,1,1,6,112 PK RN137 JUSTICE ROC,46.12209,-1.10997
201300019483,30,6,2013,1,5,17,300,2,1,1,6,"2, ALBERT IER   RUE",46.16478,-1.1517
201300019484,4,7,2013,10,1,17,300,2,1,1,3,"19, SAINT-LOUIS   RUE",46.16012,-1.1459
201300019485,7,7,2013,3,5,17,300,2,1,1,7,"25, GAULLE   AVENUE DU G",46.15482,-1.14798
201300019486,10,7,2013,22,5,17,300,2,1,1,6,"2, BOIS FLEURI   RUE DU",46.16474,-1.20538
201300019487,18,7,2013,8,1,17,28,2,1,1,6,112 PK RN137 JUSTICE ROC,46.12071,-1.10927
201300019488,20,7,2013,15,1,17,300,2,1,1,6,JURA   RUE DU,46.17554,-1.1956
201300019489,22,7,2013,16,1,17,300,2,1,1,1,"4, SCIERIE   RUE DE LA",46.15023,-1.15389
201300019490,24,7,2013,8,1,17,300,2,3,1,3,CARNOT   AVENUE,46.16458,-1.18168
201300019491,25,7,2013,9,1,17,300,2,1,1,6,"2, SARTRE   AVENUE JEAN-",46.15646,-1.12801
201300019492,25,7,2013,18,1,17,300,2,1,1,6,JOFFRE   BOULEVARD (27/7,46.16118,-1.14005
201300019493,26,7,2013,22,5,17,300,2,1,1,6,"2, REPENTIE   AVENUE DE",46.1706,-1.20476
201300019494,27,7,2013,1,5,17,300,2,1,1,6,"43, VALIN   QUAI",46.15644,-1.14961
201300019495,3,8,2013,10,1,17,300,2,1,1,6,"7, THIERS   RUE",46.16143,-1.14856
201300019496,6,8,2013,4,5,17,300,2,1,1,7,"20, MUSE   RUE DE LA (1/",46.16692,-1.20076
201300019497,9,8,2013,0,4,17,300,2,1,1,7,"2, STADE   RUE DU",46.16038,-1.1756
201300019498,10,8,2013,17,1,17,300,1,1,1,7,115 PK RN137 JUSTICE ROC,46.14385,-1.10837
201300019499,12,8,2013,19,2,17,200,2,1,1,3,NOUVEAU   RUE DU FIEF,46.18615,-1.15105
201300019500,25,8,2013,6,2,17,300,1,1,2,6,05 PK RN237 MOULIN JUSTI,46.1784,-1.15753
201300019501,25,8,2013,15,1,17,300,2,1,1,2,"4, COGNEHORS   BOULEVARD",46.16919,-1.1468
201300019502,28,8,2013,12,1,17,300,2,1,1,3,", SARTRE   AVENUE JEAN-P",46.15644,-1.12833
201300019503,5,9,2013,6,2,17,300,2,3,1,7,"02, MAIL   ALLEE DU",46.15616,-1.16223
201300019504,5,9,2013,7,1,17,28,1,1,1,6,"28, GRASSET   AVENUE EDM",46.13407,-1.11713
201300019505,10,9,2013,9,1,17,300,2,1,1,6,GARREAU   RUE PAUL,46.15958,-1.16002
201300019506,14,9,2013,11,1,17,300,2,1,3,6,"2, LECLERC   AVENUE DU G",46.16253,-1.15865
201300019507,20,9,2013,19,1,17,300,2,1,1,6,MONNAIE   AVENUE DE LA,46.15618,-1.15904
201300019508,5,10,2013,21,5,17,300,1,1,1,2,114 PK RN137 ROCHEFORT J,46.12883,-1.10267
201300019509,10,10,2013,8,1,17,300,2,1,1,3,"16, PERIGNY   RUE DE",46.16221,-1.12228
201300019510,24,10,2013,8,1,17,300,2,1,1,3,"2, GUITON   AVENUE JEAN",46.16048,-1.17139
201300019511,25,10,2013,11,1,17,300,2,1,2,3,"2, NORMANDIN   RUE EMILE",46.14954,-1.14485
201300019512,27,10,2013,17,2,17,300,1,1,1,6,06 PK RN237 MOULIN JUSTI,46.17109,-1.19009
201300019513,27,10,2013,11,1,17,300,1,1,1,2,33 PK RN11 ROCADE NANTES,46.17241,-1.11876
201300019514,3,11,2013,17,1,17,28,1,1,1,3,"2, ANVILLE   RUE D'",46.13788,-1.11108
201300019515,8,11,2013,16,1,17,300,2,1,1,6,"2, SAUTEL  BOULEVARD AND",46.16669,-1.13659
201300019516,12,11,2013,8,2,17,300,2,1,1,3,LECLERC   AVENUE DU GENE,46.1625,-1.15916
201300019517,15,11,2013,3,5,17,28,2,1,1,6,"50, LYSIACK   AVENUE DU",46.1364,-1.12486
201300019518,17,11,2013,11,1,17,300,2,1,1,6,"107, GAMBETTA   AVENUE",46.16201,-1.14368
201300019519,17,11,2013,20,5,17,300,2,1,1,1,JOFFRE   BOULEVARD (27/7,46.16004,-1.14103
201300019520,20,11,2013,20,5,17,300,2,9,1,6,SCIERIE   RUE DE LA,46.15147,-1.15405
201300019521,21,11,2013,23,5,17,300,2,1,1,6,"4, GUITON   AVENUE JEAN",46.15895,-1.16073
201300019522,26,11,2013,17,2,17,300,2,1,1,6,"2, LAUBAT   RUE CHASSELO",46.16641,-1.15122
201300019523,5,12,2013,8,1,17,291,2,1,1,7,BAILLAC   RUE DE,46.17867,-1.11633
201300019524,5,12,2013,13,1,17,300,2,1,1,3,CHATEAU   RUE DU,46.13843,-1.13989
201300019525,5,12,2013,19,5,17,300,2,1,1,6,"78, BRIAND   AVENUE ARIS",46.16757,-1.16381
201300019526,12,12,2013,5,5,17,300,2,1,3,3,"29, SAINT-LOUIS   RUE",46.16077,-1.1457
201300019527,12,12,2013,11,1,17,300,2,1,1,6,"2, LECLERC   AVENUE DU G",46.16252,-1.15873
201300019528,17,12,2013,9,1,17,300,2,3,1,3,"16, MAIL   ALLEE DU",46.15608,-1.16346
201300019529,21,12,2013,6,2,17,300,2,1,1,1,"26, CORDELIERS   AVENUE",46.16406,-1.14434
201300019530,30,12,2013,13,1,17,200,2,1,1,6,ROSE   AVENUE DU FIEF,46.17391,-1.16635
201300019531,2,1,2013,17,1,17,306,2,1,1,6,"21, PARIS (DE) (AVENUE)",45.62605,-1.0467
201300019532,2,1,2013,23,5,17,333,2,1,1,3,"84, DE LATTRE DE TASSIGN",45.6076,-1.00749