Num_Acc,jour,mois,an,hr,condition_eclairage,departement,commune,condition_agglomeration,intersection,condition_atmosphere,type_collision,adresse,lattitude,longitude
201300019533,13,2,2013,14,1,17,306,2,2,1,3,"., CLEMENCEAU  GEORGES (",45.62925,-1.02415
201300019534,14,5,2013,17,2,17,306,2,1,1,6,"., AMPERE",45.6317,-1.00211
201300019535,24,5,2013,17,1,17,306,2,1,1,3,"18, VERDUN (DE) AVENUE)",45.6231,-1.01581
201300019536,26,5,2013,15,1,17,306,2,1,1,2,"54, LIBERATION (DE LA) (",45.62322,-1.00731
201300019537,18,6,2013,18,1,17,333,2,1,1,7,"., 107 REGIMENT D'INFANT",45.59309,-0.97027
201300019538,27,6,2013,12,1,17,306,1,1,1,2,"., EXPRESS (VOIE)",0.0,0.0
201300019539,3,7,2013,16,1,17,306,2,1,1,6,"., FONT DE CHERVES",45.62672,-1.02964
201300019540,4,7,2013,17,1,17,380,1,1,1,3,"., GRANDE COTE (AVENUE D",45.648,-1.11306
201300019541,14,7,2013,14,1,17,380,2,1,1,2,"., TAMARIS (AVENUE DES)",45.62341,-1.04979
201300019542,20,7,2013,1,3,17,461,2,1,1,6,"128, ROCHE (DE LA)",45.65225,-1.04295
201300019543,20,7,2013,14,1,17,306,1,1,1,7,"., EXPRESS (VOIE)",45.62872,-1.00279
201300019544,21,7,2013,10,1,17,333,2,1,1,2,DE LATTRE DE TASSIGNY,45.60682,-1.00646
201300019545,2,8,2013,3,5,17,306,2,1,1,6,"., GARNIER (BD FREDERIC)",45.61923,-1.01679
201300019546,11,8,2013,2,5,17,306,2,1,1,6,"162, GARNIER (BD FREDERI",45.61419,-1.01117
201300019547,12,8,2013,0,5,17,306,2,1,1,6,"., DE LATTRE DE TASSIGNY",45.62615,-1.02029
201300019548,14,8,2013,8,1,17,306,2,1,1,6,"., TARTANE (DE LA)",45.61842,-1.03099
201300019549,21,11,2013,12,1,17,306,2,1,1,3,"., PONTAILLAC (DE) (AVEN",45.62417,-1.04486
201300019550,22,11,2013,12,1,17,306,2,2,1,3,"., DUNANT HENRY",45.61967,-1.00109
201300019551,21,11,2013,20,5,17,306,2,1,1,6,"11, PERCHE (DE LA) (BD)",45.63423,-1.03611
201300019552,25,11,2013,11,1,17,306,2,1,1,2,"8, PLATANES (DES) (AVENU",45.62621,-1.0416
201300019553,25,11,2013,16,1,17,306,2,2,1,3,"35, MARNE (DE LA) (ALLEE",45.62708,-1.00975
201300019554,27,11,2013,9,1,17,306,2,1,1,6,"., GARNIER (BD FREDERIC)",45.61758,-1.01479
201300019555,28,11,2013,9,2,17,306,2,1,1,6,"58, METADIER (DOCTEUR PA",45.62335,-1.03608
201300019556,16,12,2013,18,2,17,306,2,4,1,3,rue des RENARDS,45.6359,-1.03471
201300019557,17,12,2013,17,2,17,333,2,1,1,2,"117, TOURTET (AV. LT COL",45.60966,-0.99539
201300019558,9,3,2013,22,5,17,306,2,1,1,6,"., AMPERE",45.63173,-1.0022
201300019559,1,3,2013,11,1,17,306,2,5,1,6,"., LOTI PIERRE",45.62449,-1.02968
201300019560,4,3,2013,14,1,17,380,2,1,1,7,"., EXPRESS (VOIE)",45.66371,-1.07209
201300019561,15,3,2013,17,1,17,461,2,2,1,3,"., PINSONS (DES)",45.64353,-1.02961
201300019562,17,3,2013,16,1,17,333,1,1,1,7,EXPRESS (voie),45.58778,-0.98519
201300019563,23,3,2013,14,1,17,333,2,1,1,3,"., DULIN  (AVENUE DU PRE",45.59079,-0.98376
201300019564,27,3,2013,8,2,17,306,2,1,1,6,"., LIBERATION (DE LA) (A",45.6232,-1.00938
201300019565,7,4,2013,15,1,17,380,1,2,1,3,"., EXPRESS (VOIE)",45.65849,-1.12631
201300019566,8,4,2013,14,1,17,306,2,1,1,2,"., GRANDIERE (DE LA) (BD",45.62382,-1.02314
201300019567,9,4,2013,18,1,17,306,2,1,1,6,"., DUNANT HENRY",45.61996,-1.00117
201300019568,25,4,2013,21,2,17,306,2,1,1,4,"., CLEMENCEAU  GEORGES (",45.62961,-1.02409
201300019569,27,4,2013,2,3,17,461,2,1,1,6,"., ROCHE (DE LA)",45.64876,-1.05031
201300019570,28,4,2013,5,3,17,380,1,1,1,6,"., EXPRESS (VOIE)",45.65881,-1.12672
201300019571,27,5,2013,11,1,17,306,2,1,1,2,"41, AMPERE",45.6317,-1.00211
201300019572,8,6,2013,18,1,17,306,2,1,1,7,"17, LIBERATION (DE LA) (",45.62368,-1.0132
201300019573,9,6,2013,7,1,17,380,1,1,1,6,EXPRESS (VOIE),0.0,0.0
201300019574,4,5,2013,18,1,17,306,2,1,1,2,"3, LOUISE (AVENUE)",45.62918,-1.04851
201300019575,8,5,2013,13,1,17,306,2,1,1,4,"., LAVOISIER (ANTOINE DE",45.63172,-0.98747
201300019576,15,5,2013,23,5,17,306,2,1,1,6,"30, TILLEULS (DES) (AVEN",45.62698,-1.02567
201300019577,19,5,2013,16,1,17,380,2,1,1,6,"., DE GAULLE ( AVENUE CH",45.64912,-1.0862
201300019578,4,6,2013,16,1,17,306,2,1,1,3,"., PASTEUR",45.62666,-1.02887
201300019579,17,6,2013,15,1,17,306,2,1,1,6,"., BAILLET (BD COLONEL R",45.62909,-1.03973
201300019580,26,6,2013,20,2,17,333,1,1,1,7,"., EXPRESS (voie)",0.0,0.0
201300019581,27,6,2013,12,1,17,306,2,1,1,6,"8, RENARDS (DES)",45.63685,-1.03501
201300019582,6,7,2013,6,1,17,306,2,1,1,6,"., ROCHEFORT (DE)  (AVEN",45.64052,-1.02495
201300019583,12,7,2013,19,2,17,380,2,2,1,3,"13, PONTAILLAC (AVENUE D",45.64135,-1.08544
201300019584,18,7,2013,18,1,17,461,2,1,1,6,"135, COTE DE BEAUTE (BOU",45.63476,-1.06737
201300019585,26,7,2013,9,1,17,306,1,1,1,5,EXPRESS (VOIE),45.64462,-1.04263
201300019586,27,7,2013,4,5,17,306,2,1,1,7,"., MERIOT HENRI",45.62746,-1.03085
201300019587,25,7,2013,7,1,17,306,2,1,1,6,"20, TILLEULS (DES) (AVEN",45.62658,-1.02593
201300019588,25,7,2013,3,3,17,306,2,1,1,6,EXPRESS (VOIE),45.63912,-1.02439
201300019589,20,7,2013,9,1,17,333,2,2,1,1,"., OCEAN (AVENUE DE L')",45.61175,-1.00381
201300019590,8,8,2013,21,2,17,306,2,1,1,3,"75, ALBERT 1ER (BD)",45.62732,-1.0204
201300019591,11,8,2013,0,5,17,333,2,1,1,7,"., COTE DE BEAUTE (BOULE",45.59593,-0.99203
201300019592,13,8,2013,20,2,17,306,2,1,1,3,QUEBEC (AVENUE),45.63026,-1.01501
201300019593,24,8,2013,11,1,17,380,2,1,1,3,"63, COURLAY (AVENUE DE)",45.64805,-1.08234
201300019594,18,8,2013,16,1,17,380,2,1,1,7,"44, BERNEZAC (AVENUE DE)",45.64613,-1.07346
201300019595,3,8,2013,7,2,17,380,2,1,1,6,"., RHA (PLACE DU)",45.64376,-1.08734
201300019596,11,7,2013,12,1,17,306,2,1,1,2,"12, BAILLET (BD COLONEL",45.63206,-1.03421
201300019597,10,7,2013,14,1,17,461,1,1,1,1,"., ROCHE (DE LA)",45.6484,-1.0504
201300019598,10,7,2013,15,1,17,306,2,1,1,6,"., FONCILLON (FACADE DE)",45.61987,-1.03377
201300019599,10,9,2013,10,1,17,306,1,1,1,3,"., BOUCHET LOUIS (AVENUE",45.62692,-0.99812
201300019600,11,9,2013,10,1,17,306,2,1,1,6,"66, DOUMER  (PORTIQUE)",45.62832,-1.02892
201300019601,21,7,2013,20,2,17,333,2,1,1,6,"., DE LATTRE DE TASSIGNY",45.61028,-1.00895
201300019602,12,8,2013,10,1,17,306,2,1,1,6,"89, FONT DE CHERVES",45.62859,-1.03166
201300019603,30,9,2013,21,5,17,306,2,1,1,6,20 Bd THIERS,45.6201,-1.03125
201300019604,19,10,2013,19,2,17,306,1,1,1,1,"., EXPRESS (VOIE)",45.64111,-1.02484
201300019605,11,10,2013,12,1,17,306,2,2,1,3,ROCHEFORT (DE)  (AVENUE),45.63561,-1.02638
201300019606,1,8,2013,11,1,17,306,2,1,1,2,"., ROCHEFORT (DE)  (AVEN",45.6428,-1.02477
201300019607,6,8,2013,8,1,17,380,2,1,1,2,"., REPUBLIQUE (AVENUE DE",45.64364,-1.08996
201300019608,12,8,2013,19,2,17,306,2,1,1,6,"9, BAILLET (BD COLONEL R",45.63203,-1.03415
201300019609,14,8,2013,10,1,17,306,2,6,1,3,"., CENDRILLES (DES)",45.64353,-1.02962
201300019610,19,8,2013,11,1,17,306,2,1,1,3,"., HEDDE (AVENUE DANIEL)",45.63389,-1.02924
201300019611,24,8,2013,16,1,17,306,2,1,1,6,"., FRONT DE MER (PROMENA",45.6219,-1.02979
201300019612,28,8,2013,15,1,17,306,2,1,1,6,"., LAVOISIER (ANTOINE DE",45.63168,-1.05424
201300019613,11,9,2013,17,1,17,306,2,1,1,6,"53, EUROPE (COURS DE L')",45.62493,-1.02209
201300019614,24,9,2013,17,1,17,306,2,2,1,3,rue CALMETTE ( DOCTEUR),45.62892,-1.02445
201300019615,3,9,2013,11,1,17,306,2,1,1,3,"., THIBAUDEAU (ROND POIN",45.632,-1.03237
201300019616,6,9,2013,13,1,17,306,2,2,1,3,"., FONT DE CHERVES",45.62595,-1.02907
201300019617,4,10,2013,8,1,17,306,2,1,1,2,"., ROCHERS (ALLEE DES)",45.61936,-1.0408
201300019618,10,10,2013,10,1,17,306,2,1,1,2,"., DE LATTRE DE TASSIGNY",45.62595,-1.02085
201300019619,15,10,2013,15,1,17,306,2,1,2,2,"., FRONT DE MER (PROMENA",45.62381,-1.02754
201300019620,21,10,2013,19,5,17,306,2,2,1,3,"., ROCHEFORT (DE)  (AVEN",45.63653,-1.02879
201300019621,24,10,2013,12,1,17,306,2,1,1,6,"6, BASTIE MARYSE",45.62455,-1.01688
201300019622,6,11,2013,7,5,17,333,2,2,3,3,"., FRENAL (BOULEVARD DU",45.60393,-1.00411
201300019623,30,9,2013,15,1,40,220,1,1,1,5,,43.65782,-0.36919
201300019624,30,10,2013,19,3,40,141,1,1,1,1,,43.71849,-0.76723
201300019625,9,2,2013,11,1,27,564,1,1,1,6,,49.087,0.486
201300019626,1,8,2013,15,1,27,680,1,1,1,7,,48.55,0.241
201300019627,19,11,2013,8,1,27,460,1,1,1,6,,0.0,0.0
201300019628,27,3,2013,18,1,40,227,1,1,1,3,,44.28863,-0.76835
201300019629,11,3,2013,19,3,61,181,1,1,4,2,,48.79037,0.32743
201300019630,19,3,2013,14,1,61,175,1,1,4,6,,48.48785,0.12054
201300019631,19,3,2013,19,3,61,464,1,1,4,7,,48.60728,0.19618
201300019632,27,11,2013,11,1,61,181,1,1,8,2,,48.78031,0.31533
201300019633,22,12,2013,16,1,61,314,1,1,1,7,,48.76196,-0.09212
201300019634,2,1,2013,14,1,17,415,2,1,1,6,"1, ALLENDE AV. DU PRESID",45.7368,-0.64428
201300019635,15,1,2013,11,1,17,415,2,1,1,6,EUROPE COURS DE,45.7364,-0.64896
201300019636,19,1,2013,15,1,17,415,1,1,1,6,141,0.0,0.0
201300019637,8,2,2013,14,1,17,415,2,1,1,6,"2, GENET 2 A 64 COURS",45.74658,-0.64058
201300019638,12,2,2013,6,2,17,415,2,1,2,6,"76, GAMBETTA 74 A 162 ET",45.746,-0.624
201300019639,15,2,2013,8,5,17,415,2,1,1,6,"01, DUFAURE AVENUE JULES",45.74629,-0.61741
201300019640,17,2,2013,17,1,17,415,2,1,1,6,"1, NATIONAL 1 A 67 ET 2",45.7471,-0.63247
201300019641,21,2,2013,17,1,17,415,2,1,1,6,"12, REVERSEAUX 2 A 46 ET",45.74717,-0.63713
201300019642,27,2,2013,22,5,17,415,2,1,1,6,"2, CASTAGNARY ALLEE",0.0,0.0
201300019643,7,3,2013,10,1,17,415,2,1,1,6,"19, BLAIR PLACE",45.74291,-0.6351
201300019644,7,3,2013,21,5,17,415,2,1,1,6,"46, LEMERCIER COURS",45.74771,-0.64053
201300019645,16,3,2013,13,1,17,415,2,1,1,6,"2, PASTEUR RUE",45.74751,-0.63709
201300019646,18,3,2013,8,5,17,415,2,1,1,6,"1, BRIAND RUE ARISTIDE",45.74559,-0.61791
201300019647,19,3,2013,14,1,17,415,2,1,1,6,"25, SAINT PALLAIS 31 A 1",45.74552,-0.62399
201300019648,9,4,2013,11,1,17,415,2,1,1,6,"44, NATIONAL 1 A 67 ET 2",45.74753,-0.63362
201300019649,17,4,2013,21,5,17,415,2,1,1,6,"8, REPUBLIQUE QUAI DE LA",45.74584,-0.63045
201300019650,19,4,2013,10,1,17,415,2,1,1,6,"94, GAUTIER RUE",45.74064,-0.62083
201300019651,22,4,2013,14,1,17,415,1,1,1,6,route nationale 141,45.72581,-0.63695
201300019652,25,4,2013,8,2,17,415,2,1,1,6,"46, GENET 2 A 64 COURS",45.74858,-0.6469
201300019653,25,4,2013,13,1,17,415,2,1,1,6,"20, REVERSEAUX 2 A 46 ET",45.74722,-0.63723
201300019654,30,4,2013,13,1,17,415,2,1,2,6,"1, DICONCHE RUE DE",45.72458,-0.6353
201300019655,4,5,2013,14,1,17,415,2,1,1,6,"74, GAUTIER RUE",45.74096,-0.62214
201300019656,8,5,2013,3,3,17,415,2,1,1,6,"1, APOTRES DE LA LIBERTE",45.74315,-0.63999
201300019657,24,5,2013,10,1,17,415,1,1,1,6,route nationale 141,45.74416,-0.60033
201300019658,28,5,2013,18,1,17,415,2,1,1,6,"2, CASTAGNARY ALLEE",45.74131,-0.63915
201300019659,6,6,2013,9,1,17,415,1,1,1,6,Route Nationale 137,0.0,0.0
201300019660,7,6,2013,11,1,17,415,2,1,1,6,"22, NATIONAL 1 A 67 ET 2",45.74719,-0.63171
201300019661,14,6,2013,12,1,17,415,1,1,1,7,Route Nationale 150,45.74602,-0.60008
201300019662,21,6,2013,19,1,17,415,2,1,1,6,"25, YSER 1 A 35 QUAI DE",45.75126,-0.63143
201300019663,24,6,2013,14,1,17,415,1,1,1,7,"01, PORT D'ENVAUX RUE DE",45.76352,-0.64008
201300019664,26,6,2013,19,1,17,415,2,1,1,6,"02, ABATTOIR RUE DE L'",45.75306,-0.63107
201300019665,5,7,2013,12,1,17,415,2,1,1,6,"16, REVERSEAUX 2 A 46 ET",45.74607,-0.63804
201300019666,8,7,2013,14,1,17,415,1,1,1,6,"1, CHAMPAGNE ST GEORGES",45.74635,-0.67419
201300019667,19,7,2013,19,1,17,415,2,1,1,6,"1, SAINTONGE PONT A RUE",45.74093,-0.62242
201300019668,28,7,2013,21,2,17,415,1,1,1,6,route nationale 141,45.72559,-0.63721
201300019669,14,8,2013,8,1,17,415,1,1,1,6,"1, CHERMIGNAC RUE DE",45.73376,-0.64553
201300019670,16,8,2013,14,1,17,415,2,1,1,6,"75, BOULE RUE DE LA",45.74958,-0.63895
201300019671,14,8,2013,13,1,17,415,2,1,1,6,"1, VOIVILLE EST ROND POI",45.74002,-0.66214
201300019672,17,8,2013,22,3,17,415,1,1,1,6,ROCADE SUD,45.73123,-0.61678
201300019673,4,9,2013,9,1,17,415,2,1,1,6,"1, PALISSY PONT",45.74145,-0.63853
201300019674,4,9,2013,9,1,17,415,2,1,1,6,1 rue René CASSIN,45.74202,-0.62709
201300019675,18,9,2013,14,1,17,415,2,1,1,6,"42, DOUMER 2 A 143 /ROC.",45.74416,-0.65167
201300019676,19,9,2013,9,1,17,415,2,1,1,6,"12, REPUBLIQUE QUAI DE L",45.74586,-0.63049
201300019677,26,9,2013,18,1,17,415,2,1,1,7,"02, LOTI RUE PIERRE",45.74938,-0.64497
201300019678,10,10,2013,18,1,17,415,2,1,1,6,"76, GAUTIER RUE",45.74057,-0.62138
201300019679,18,10,2013,19,1,17,415,2,1,1,6,"7, DUFAURE AVENUE JULES",45.74628,-0.61774
201300019680,19,10,2013,9,1,17,415,2,1,1,6,"12, YSER 1 A 35 QUAI DE",45.75256,-0.63096
201300019681,19,10,2013,17,1,17,415,1,1,1,6,141,45.74569,-0.58912
201300019682,21,10,2013,6,2,17,415,1,1,1,6,route nationale 141,45.74569,-0.58912
201300019683,4,11,2013,12,1,17,415,2,1,2,6,"15, ABATTOIR RUE DE L'",45.75432,-0.63167
201300019684,5,11,2013,8,5,17,415,2,1,1,6,"15, DUFAURE AVENUE JULES",45.74626,-0.61671
201300019685,6,11,2013,12,1,17,415,2,1,1,6,"12, MARTIN LUTHER KING R",45.75053,-0.64986
201300019686,8,11,2013,17,5,17,415,2,1,1,6,"87, NATIONAL 69 A FIN ET",45.74738,-0.6357
201300019687,9,11,2013,6,3,17,415,1,1,1,6,"1, COTE DE BEAUTE RUE DE",45.74707,-0.66922
201300019688,10,11,2013,1,3,17,415,2,1,3,6,"1, SAINTONGE PONT A RUE",45.74075,-0.62255
201300019689,12,11,2013,18,5,17,415,2,1,1,6,"12, KENNEDY AVENUE JOHN",45.73251,-0.64564
201300019690,15,11,2013,18,5,17,415,2,1,1,6,"2, SAINTONGE PONT A RUE",45.74014,-0.65667
201300019691,22,11,2013,12,1,17,415,2,1,1,6,"1, LECLERC COURS DU MARE",45.74858,-0.64386
201300019692,27,11,2013,12,1,17,415,2,1,1,6,"1, SAINTONGE PONT A RUE",45.74084,-0.62242
201300019693,29,11,2013,15,1,17,415,2,1,1,6,"29, LECLERC COURS DU MAR",45.74989,-0.6466
201300019694,9,12,2013,16,1,17,415,2,1,1,6,"23, LACURIE RUE",45.74572,-0.64502
201300019695,10,12,2013,11,1,17,415,1,1,9,6,Route Nationale 150,45.74554,-0.68768
201300019696,13,12,2013,8,2,17,415,2,1,1,6,"15, ROCHES 1 A 31 QUAI D",45.73857,-0.63852
201300019697,16,12,2013,14,1,17,415,2,2,1,6,"10, MARTEL RUE GEOFFROY",45.74302,-0.622
201300019698,16,12,2013,18,2,17,415,1,1,1,6,RETAUD ROUTE DE,45.71621,-0.67709
201300019699,16,12,2013,19,5,17,415,2,1,1,6,"8, DOUMER 2 A 143 /ROC.O",45.74624,-0.6646
201300019700,18,12,2013,18,2,17,415,1,1,1,6,"5, COTE DE BEAUTE RUE DE",45.74807,-0.6689
201300019701,22,12,2013,14,1,17,415,2,1,1,6,"37, JOURDAN AVENUE",45.74527,-0.61373
201300019702,24,12,2013,18,3,17,415,1,1,3,6,Route Nationale 137,45.72526,-0.64341
201300019703,18,1,2013,19,3,37,179,1,1,3,5,,0.0,0.0
201300019704,18,1,2013,18,3,37,153,1,1,3,2,,0.0,0.0
201300019705,7,2,2013,22,3,37,160,1,1,1,2,,0.0,0.0
201300019706,22,7,2013,10,1,37,194,1,1,1,3,,0.0,0.0
201300019707,27,7,2013,22,3,37,194,1,1,1,1,,0.0,0.0
201300019708,30,11,2013,3,3,37,153,1,1,1,4,,0.0,0.0
201300019709,21,3,2013,10,1,34,95,1,1,1,2,,43.52698,3.74166
201300019710,23,4,2013,4,5,34,270,1,1,1,3,,43.56282,3.85
201300019711,30,4,2013,16,1,34,270,2,2,1,3,,43.56053,3.84938
201300019712,3,5,2013,17,1,34,95,1,1,1,3,,43.53393,3.75396
201300019713,2,7,2013,14,1,34,270,1,1,1,3,,43.579,3.865
201300019714,7,8,2013,19,1,34,95,1,1,2,3,,43.51634,3.76798
201300019715,11,9,2013,7,1,34,95,1,1,1,3,,43.546,3.75
201300019716,11,9,2013,16,1,34,270,1,1,1,3,,43.574,3.848
201300019717,7,12,2013,10,1,34,270,2,1,1,6,,43.586,3.82
201300019718,14,12,2013,17,3,34,270,1,1,1,6,,43.592,3.834
201300019719,1,2,2013,14,1,66,141,1,1,1,3,,42.77208,2.90082
201300019720,7,3,2013,22,3,66,141,1,1,8,7,,0.0,0.0
201300019721,17,5,2013,19,1,66,50,1,1,1,5,,42.7405,2.96295
201300019722,18,5,2013,20,2,66,141,1,1,1,6,,0.0,0.0
201300019723,4,9,2013,13,1,66,141,2,1,1,2,av Francois Cassanyes,42.73972,3.03724
201300019724,9,10,2013,20,5,66,50,2,1,1,1,chemin du Mas Rovira,42.76104,2.95129
201300019725,19,11,2013,23,5,66,50,1,1,8,7,,0.0,0.0
201300019726,7,12,2013,22,3,66,50,1,1,1,7,,42.77721,2.93446
201300019727,7,2,2013,19,3,30,84,1,1,1,7,,44.12151,4.68495
201300019728,4,4,2013,15,1,30,127,1,1,8,6,,44.07241,4.58186
201300019729,20,4,2013,12,1,30,141,1,1,2,5,,44.08985,4.70492
201300019730,25,5,2013,17,1,30,141,1,8,1,1,,44.08915,4.70494
201300019731,28,5,2013,11,1,30,76,1,1,2,7,,44.10978,4.52979
201300019732,6,6,2013,22,3,30,92,1,1,1,6,,44.09302,4.59677
201300019733,11,6,2013,14,1,30,92,2,2,1,3,Carrefour CD6086 et 145,44.08754,4.5952
201300019734,7,7,2013,20,1,30,331,1,1,1,7,,44.11837,4.59116
201300019735,9,7,2013,18,1,30,331,1,1,3,1,,44.13521,4.61318
201300019736,17,7,2013,21,3,30,331,1,1,2,7,,44.11402,4.61526
201300019737,10,8,2013,15,1,30,207,1,1,1,5,,44.04368,4.56133
201300019738,13,8,2013,17,1,30,196,1,1,1,6,,44.09472,4.53776
201300019739,18,8,2013,4,3,30,225,1,1,1,6,,44.14883,4.5398
201300019740,30,8,2013,19,1,30,141,1,1,1,5,,44.11336,4.61525
201300019741,8,9,2013,17,1,30,191,1,1,2,5,,44.13813,4.66684
201300019742,11,3,2013,13,1,41,263,1,1,8,1,,0.0,0.0
201300019743,24,4,2013,18,1,41,149,2,1,1,3,RUE DENIS PAPIN,0.0,0.0
201300019744,11,7,2013,8,1,41,278,1,1,1,6,,47.6379,0.94449
201300019745,14,1,2013,6,3,77,436,1,1,2,2,,0.0,0.0
201300019746,24,3,2013,16,1,77,405,1,2,1,3,,48.935,3.202
201300019747,3,6,2013,15,1,77,182,1,1,1,3,,0.0,0.0
201300019748,7,6,2013,20,2,77,436,2,1,1,7,Hameau Le Rouloir,0.0,0.0
201300019749,10,6,2013,20,1,77,406,1,3,1,1,,0.0,0.0
201300019750,29,6,2013,20,1,77,406,1,1,1,2,,0.0,0.0
201300019751,29,8,2013,19,1,77,472,1,1,1,6,,0.0,0.0
201300019752,17,9,2013,5,3,77,278,1,1,1,2,,0.0,0.0
201300019753,21,11,2013,16,2,77,406,2,1,8,1,chantareine,48.855,3.202
201300019754,22,12,2013,4,3,77,30,2,1,2,6,La Fontaine aux lièvres,48.85524,3.32343
201300019755,10,1,2013,8,1,62,817,2,1,1,6,,0.0,0.0
201300019756,15,2,2013,10,1,62,754,1,1,1,6,,0.0,0.0
201300019757,11,3,2013,8,1,62,780,1,1,4,3,,0.0,0.0
201300019758,22,6,2013,18,1,62,484,2,1,1,6,D 36,50.163,2.953
201300019759,28,9,2013,20,1,62,184,1,1,1,7,,50.19543,3.01869
201300019760,14,4,2013,19,1,62,640,2,2,1,3,8 route d'Albert,50.137,2.41
201300019761,16,5,2013,23,3,62,770,1,1,1,6,,0.0,0.0
201300019762,9,4,2013,8,1,62,581,1,1,2,2,,50.444,2.272
201300019763,14,4,2013,14,1,62,36,1,1,1,7,,50.453,2.281
201300019764,27,4,2013,22,3,62,813,1,1,1,6,,0.0,0.0
201300019765,14,7,2013,20,1,62,50,2,1,1,2,Rue d'Hesdin (CD94),0.0,0.0
201300019766,21,7,2013,10,1,62,850,1,1,1,4,,0.0,0.0
201300019767,4,8,2013,21,2,62,36,2,1,1,6,30 rue de Saint Pol,0.0,0.0
201300019768,17,10,2013,21,1,62,808,2,1,1,6,D94,0.0,0.0
201300019769,14,11,2013,22,3,62,166,1,1,2,6,,50.45509,2.38915
201300019770,26,12,2013,11,1,62,269,1,1,1,1,,50.42038,2.42125
201300019771,13,1,2013,14,1,63,198,1,1,4,4,,0.0,0.0
201300019772,18,1,2013,16,1,63,381,1,1,4,7,,0.0,0.0
201300019773,6,10,2013,13,1,63,381,1,1,8,6,,0.0,0.0
201300019774,14,11,2013,17,1,63,290,1,1,4,3,,0.0,0.0
201300019775,16,12,2013,6,3,63,116,1,1,1,6,,0.0,0.0
201300019776,15,1,2013,20,3,37,261,1,1,1,7,,0.0,0.0
201300019777,18,1,2013,23,3,37,122,1,1,4,3,,0.0,0.0
201300019778,8,2,2013,21,3,37,193,1,1,2,6,,0.0,0.0
201300019779,2,6,2013,22,3,37,272,1,1,1,5,,0.0,0.0
201300019780,7,7,2013,12,1,37,228,1,1,1,7,,0.0,0.0
201300019781,26,8,2013,9,1,37,216,1,1,9,7,,0.0,0.0
201300019782,31,8,2013,5,2,37,261,1,1,1,4,,0.0,0.0
201300019783,14,10,2013,10,1,37,50,1,1,2,3,A 10,0.0,0.0
201300019784,21,10,2013,13,1,37,159,1,1,1,6,A 10,0.0,0.0
201300019785,26,12,2013,12,1,37,104,1,1,1,7,,0.0,0.0
201300019786,27,12,2013,23,5,37,261,1,1,3,3,,0.0,0.0
201300019787,13,9,2013,21,5,21,485,1,1,2,6,,0.0,0.0
201300019788,12,3,2013,19,4,83,54,2,9,1,3,Rue de la Gare,43.16652,6.04708
201300019789,25,5,2013,17,1,83,54,1,6,1,3,Ront point de Jérusalem,0.0,0.0
201300019790,24,6,2013,16,1,83,54,2,1,1,3,rn 97 la pierre blanche,0.0,0.0
201300019791,12,7,2013,15,1,83,54,1,1,1,2,,0.0,0.0
201300019792,22,8,2013,16,1,83,54,2,1,1,2,85 RUE DE LA REPUBLIQUE,0.0,0.0
201300019793,3,9,2013,17,1,83,130,2,1,1,2,AVENUE DE L EUROPE,0.0,0.0
201300019794,7,9,2013,12,1,83,131,1,1,1,4,,0.0,0.0
201300019795,11,10,2013,17,1,83,54,1,6,1,2,,0.0,0.0
201300019796,26,10,2013,19,5,83,132,2,3,1,3,ROUTE DEPARTEMENTALE 97,0.0,0.0
201300019797,2,11,2013,16,1,83,130,2,1,1,1,4 Avenue des Oiseaux,43.19459,6.03705
201300019798,3,11,2013,16,1,83,54,2,1,1,7,319 rue lavoisier (ZI),43.15658,6.04638
201300019799,31,10,2013,17,1,83,54,2,1,1,3,"45, Ave de la R?publique",0.0,0.0
201300019800,11,12,2013,12,1,83,54,2,6,1,6,,0.0,0.0
201300019801,23,12,2013,13,1,83,131,2,1,8,1,RD554 - PK 93+500,0.0,0.0
201300019802,3,5,2013,15,1,87,1,1,1,1,1,,0.0,0.0
201300019803,9,6,2013,11,1,87,1,2,7,1,3,Place saint georges,0.0,0.0
201300019804,30,8,2013,14,1,87,202,1,1,1,7,,0.0,0.0