Num_Acc,jour,mois,an,hr,condition_eclairage,departement,commune,condition_agglomeration,intersection,condition_atmosphere,type_collision,adresse,lattitude,longitude
201300019805,3,9,2013,14,1,87,1,1,1,1,6,,0.0,0.0
201300019806,7,11,2013,10,1,87,1,2,2,1,2,Puy de Mont,45.819,1.152
201300019807,7,12,2013,12,1,87,15,2,1,1,1,Rue de la plant?,45.772,1.168
201300019808,24,8,2013,0,3,202,9,1,1,1,3,,0.0,0.0
201300019809,31,8,2013,11,1,202,9,2,1,1,3,Hameau de Cateraggio,0.0,0.0
201300019810,20,10,2013,5,3,202,143,1,1,1,3,,0.0,0.0
201300019811,14,2,2013,19,3,50,363,1,1,1,6,LA RUE GEFFROY,48.9873,-1.14681
201300019812,18,5,2013,11,1,50,48,1,1,1,6,LE GROS CAILLOUX,48.8806,-1.15317
201300019813,14,9,2013,18,1,50,225,1,1,2,7,LA CROIX EPAULE,48.9851,-1.21292
201300019814,27,9,2013,22,5,50,545,2,2,3,3,RUE ST BARTHELEMY,49.0399,-1.10463
201300019815,8,12,2013,17,3,50,592,1,1,1,6,LES COSTILS,48.9614,-1.13505
201300019816,11,12,2013,14,1,50,180,1,1,1,1,LA BESSINIERE,49.0052,-1.10511
201300019817,25,11,2013,17,2,71,158,1,1,1,1,,0.0,0.0
201300019818,1,8,2013,18,1,22,84,2,1,1,7,RD16,0.0,0.0
201300019819,4,8,2013,18,1,22,84,1,1,1,6,,48.41,-2.347
201300019820,6,9,2013,9,1,22,193,1,1,2,1,D 55,48.4259,-2.43886
201300019821,8,10,2013,6,3,22,305,1,1,5,3,,0.0,0.0
201300019822,19,11,2013,9,1,22,185,1,1,1,1,,48.36786,-2.43983
201300019823,7,2,2013,0,3,14,538,1,1,4,7,,49.0914,-0.30777
201300019824,12,2,2013,19,3,14,554,1,1,1,6,,49.0783,-0.30024
201300019825,19,4,2013,18,1,14,160,1,1,1,2,RN 158 CINTHEAUX,49.0637,-0.29115
201300019826,17,5,2013,10,1,14,554,1,1,1,1,,0.0,0.0
201300019827,20,7,2013,16,1,14,677,1,1,1,6,,48.955,-0.221
201300019828,17,9,2013,14,1,14,677,1,1,2,6,,48.946,-0.209
201300019829,20,1,2013,9,2,08,327,1,1,9,3,,49.713,4.789
201300019830,4,2,2013,16,5,08,173,2,1,1,6,11 RUE DE SEDAN,49.6984,4.7742
201300019831,22,10,2013,13,1,08,328,1,1,1,1,,49.8022,4.75371
201300019832,15,6,2013,10,1,38,204,1,1,1,3,,0.0,0.0
201300019833,1,1,2013,5,5,18,33,2,1,2,6,"26, BARBES (RUE)",47.0775,2.39002
201300019834,3,1,2013,8,5,18,33,2,1,2,6,"10, CHANZY (BOULEVARD DU",47.08946,2.40151
201300019835,6,1,2013,18,5,18,33,2,1,1,2,"18, JOFFRE (BOULEVARD DU",47.07451,2.40385
201300019836,8,1,2013,18,5,18,33,2,1,1,7,"sans, SEMARD (AVENUE PIE",0.0,0.0
201300019837,8,1,2013,7,3,18,213,1,1,1,3,SAINTE-SOLANGE (ROUTE DE,0.0,0.0
201300019838,8,1,2013,12,1,18,33,2,1,1,2,"9, SARREBOURG (RUE DE)",47.08003,2.40189
201300019839,9,1,2013,20,5,18,33,2,1,1,6,"149, BARBES (RUE)",47.07256,2.38886
201300019840,10,1,2013,8,2,18,33,2,1,2,6,TURLY (RUE DE),47.10071,2.42221
201300019841,10,1,2013,8,1,18,205,1,6,3,2,ORLEANS (ROUTE D'),47.11874,2.37407
201300019842,11,1,2013,11,1,18,33,2,3,1,3,MARCHANDISES (RUE DE LA,47.09539,2.39294
201300019843,11,1,2013,19,5,18,33,2,1,1,6,EIFFEL (RUE GU)MOISSAN,47.10677,2.40988
201300019844,12,1,2013,12,1,18,213,1,1,1,6,RD 955,47.12134,2.47958
201300019845,13,1,2013,14,1,18,33,2,1,1,3,"15, LATTRE DE TASSIGNY (",47.10243,2.41191
201300019846,16,1,2013,7,5,18,33,2,3,1,3,"153, DE GAULLE (AV DU GE",47.10315,2.40934
201300019847,16,1,2013,10,1,18,33,2,3,1,3,BERTIN (RUE),47.07427,2.4035
201300019848,17,1,2013,8,2,18,33,2,1,1,6,"10, POMPIDOU (RUE GEORGE",47.0621,2.39947
201300019849,19,1,2013,15,1,18,33,2,1,2,5,"5, SERAUCOURT (RUE DE)",47.07855,2.39917
201300019850,22,1,2013,15,1,18,33,2,2,1,6,"7, NOVEMBRE 1918 (AVENUE",47.08812,2.39826
201300019851,24,1,2013,21,5,18,33,2,2,1,1,PICASSO (RUE PABLO),47.06149,2.40906
201300019852,28,1,2013,18,5,18,33,2,3,1,3,CHEMIN (RUE DU GRA,47.12224,2.40248
201300019853,8,2,2013,7,2,18,33,2,2,2,3,av deLlattre de Tassigny,47.10008,2.41564
201300019854,18,2,2013,10,1,18,33,1,1,5,7,RN 142,47.0692,2.43477
201300019855,27,2,2013,5,3,18,267,1,1,1,7,CHAPELLE (ROUTE DE LA),47.01617,2.35231
201300019856,3,3,2013,6,3,18,205,1,1,1,6,D2076,0.0,0.0
201300019857,3,3,2013,17,1,18,213,2,2,1,3,CHARITE (RTE DE LA),47.09747,2.4597
201300019858,4,3,2013,15,1,18,33,2,2,1,3,SANTOS-DUMONT (BOULEVARD,47.07032,2.38194
201300019859,7,3,2013,14,1,18,33,2,2,1,3,"57, INDUSTRIE (BOULEVARD",47.07157,2.39037
201300019860,9,3,2013,5,3,18,205,1,1,2,7,BERRY-BOUY (ROUTE DE),47.10101,2.3271
201300019861,10,3,2013,6,4,18,33,1,1,1,2,PROSPECTIVE (AVENU,47.11797,2.41429
201300019862,17,3,2013,20,5,18,33,2,1,1,5,"116, MALLET (RUE LOUIS)",0.0,0.0
201300019863,21,3,2013,8,1,18,205,2,1,1,2,"85, VOUZERON (ROUTE)",47.10147,2.36369
201300019864,23,3,2013,0,5,18,33,2,2,1,5,"1, VOISINS (RUE DES FRER",47.07224,2.38185
201300019865,25,3,2013,17,1,18,33,2,2,1,3,", ALAIN (RUE)",0.0,0.0
201300019866,26,3,2013,2,5,18,33,1,6,1,6,CHAPELLE (ROUTE DE LA),47.07521,2.35458
201300019867,26,3,2013,4,5,18,33,2,1,1,6,"11, RIMBAULT (RUE JACQUE",47.07977,2.39911
201300019868,26,3,2013,17,1,18,213,2,6,1,3,CHARITE (ROUTE DE LA),47.0972,2.45527
201300019869,1,4,2013,11,1,18,33,2,1,7,3,rue John Bost,0.0,0.0
201300019870,2,4,2013,11,1,18,33,2,2,1,3,GUILBEAU/HAEGELEN,47.0705,2.37711
201300019871,9,4,2013,17,1,18,33,2,1,2,6,MARRONNIERS (PLACE DES),47.07982,2.40176
201300019872,12,4,2013,20,5,18,33,2,2,2,3,JURANVILLE (BOULEVARD),47.08339,2.38899
201300019873,14,4,2013,22,5,18,33,2,2,1,1,CHALLE (RUE DU GENERAL),47.09391,2.40116
201300019874,15,4,2013,17,1,18,33,2,1,1,4,CHALLE (RUE DU GENERAL),47.09511,2.39547
201300019875,16,4,2013,13,1,18,205,2,2,1,3,CALLIERE (RUE DE L,47.11392,2.35988
201300019876,17,4,2013,9,1,18,267,2,2,1,3,CHATEAUNEUF (ROUTE,47.05359,2.38062
201300019877,23,4,2013,10,1,18,33,2,3,1,3,GIONNE (AVENUE DE),47.07331,2.4064
201300019878,24,4,2013,7,1,18,33,1,1,1,7,RD 2076,47.0522,2.43421
201300019879,27,4,2013,0,5,18,33,2,1,2,7,LAMARCK (BOULEVARD,47.07954,2.3954
201300019880,30,4,2013,8,1,18,33,2,3,2,3,"89, VAILLANT (RUE EDOUAR",47.08888,2.4004
201300019881,1,5,2013,17,1,18,33,2,1,1,6,CHAMP DE FOIRE (RU,47.08297,2.38712
201300019882,2,5,2013,19,1,18,33,2,1,1,7,"5, COLBERT (RUE)",47.07156,2.4039
201300019883,4,5,2013,15,1,18,205,2,7,1,3,parking decathlon,47.11845,2.37559
201300019884,6,5,2013,7,1,18,33,2,2,1,3,JURANVILLE (BOULEVAR,47.08339,2.3889
201300019885,7,5,2013,17,1,18,33,2,1,1,2,ISSOUDUN (ROUTE D',47.06122,2.36424
201300019886,8,5,2013,22,3,18,267,1,1,1,6,RN 142,0.0,0.0
201300019887,10,5,2013,18,1,18,205,1,1,1,1,VOUZERON (ROUTE DE),47.12351,2.34735
201300019888,12,5,2013,18,1,18,33,2,1,1,3,LAUDIER (AVENUE HENR,47.091,2.39358
201300019889,15,5,2013,9,1,18,205,1,6,8,7,PORTE DE VIERZON (ROCADE,0.0,0.0
201300019890,18,5,2013,12,1,18,33,2,1,3,7,QUATRE VENTS (ROUTE DES),47.11634,2.42452
201300019891,18,5,2013,18,1,18,255,1,1,8,3,RD 103,47.00932,2.30367
201300019892,20,5,2013,21,5,18,33,2,1,3,6,LABONNE (RUE ERICK),47.06448,2.40339
201300019893,20,5,2013,11,1,18,33,1,1,3,6,RD 400 (Rocade),47.07252,2.35379
201300019894,28,5,2013,14,1,18,255,1,1,2,6,RD 103,0.0,0.0
201300019895,30,5,2013,14,1,18,205,2,2,2,3,MICHOT/DE GAULLE,47.09651,2.37299
201300019896,5,6,2013,14,1,18,33,2,1,1,3,"14, MAULMOND (RUE DU Pdt",47.07151,2.3765
201300019897,6,6,2013,17,1,18,33,2,1,1,2,"28, DUN-SUR-AURON (AVENU",47.07087,2.41274
201300019898,10,6,2013,12,1,18,33,2,1,1,6,"24, GAMBON (RUE)",47.08659,2.39141
201300019899,10,6,2013,17,1,18,33,2,1,1,6,"10, CHATEAU D'EAU (RUE",47.0762,2.40288
201300019900,11,6,2013,13,1,18,33,1,1,1,6,NATION (PLACE DE LA),47.0842,2.39069
201300019901,12,6,2013,15,1,18,33,2,1,1,3,PARKING - TURLY (RUE DE),47.10262,2.42482
201300019902,13,6,2013,8,1,18,33,2,3,2,6,LAMY (RUE THEOPHIL,47.07696,2.38995
201300019903,19,6,2013,10,1,18,33,2,1,1,6,"75, RENAN (AVENUE ERNEST",47.08276,2.41414
201300019904,20,6,2013,17,1,18,33,2,5,1,3,AUGER (BD)/rue Joubert,47.07819,2.40973
201300019905,24,6,2013,7,1,18,33,2,3,1,3,ROUSSEAU (RUE JEAN,47.07813,2.38818
201300019906,25,6,2013,9,1,18,33,2,1,1,6,rue Jean Baffier,47.07263,2.41068
201300019907,29,6,2013,11,1,18,255,1,6,1,6,RD31,0.0,0.0
201300019908,1,7,2013,15,1,18,205,2,3,1,1,"1, VEAUCE (Rte DE)",47.10456,2.35533
201300019909,2,7,2013,18,1,18,33,2,4,1,3,JURANVILLE (BOULEVARD DE,47.08084,2.3895
201300019910,3,7,2013,15,1,18,33,1,1,2,2,RN 142,47.08662,2.44276
201300019911,5,7,2013,17,1,18,33,2,1,1,7,COILLARD (RUE FRANCOIS),47.12569,2.39538
201300019912,5,7,2013,17,1,18,213,2,1,1,2,PARKING (rte CHARITE),47.09767,2.4585
201300019913,6,7,2013,18,1,18,33,2,1,1,6,"23, LAUDIER (AVENUE HENR",47.09261,2.39392
201300019914,8,7,2013,7,1,18,213,2,1,1,6,"7, GAULLE (AVENUE DU GEN",47.0991,2.48364
201300019915,12,7,2013,13,1,18,33,2,6,1,3,"49, VOISINS (RUE DES FRE",47.0694,2.37558
201300019916,13,7,2013,22,5,18,33,2,6,1,6,"92 BIS, MITTERRAND (AVEN",47.08364,2.4355
201300019917,16,7,2013,16,1,18,33,2,1,1,2,CHARITE (ROUTE DE LA),47.09563,2.43324
201300019918,20,7,2013,18,1,18,33,1,1,1,1,ISSOUDUN (ROUTE D'),47.0598,2.3623
201300019919,21,7,2013,23,5,18,33,2,1,1,6,"52 B, DE GAULLE (AV DU G",47.09609,2.40465
201300019920,22,7,2013,20,1,18,213,2,2,1,2,GENERAL DE GAULLE (AVENU,47.09882,2.4796
201300019921,23,7,2013,13,1,18,33,2,3,3,2,DE GAULLE (AV DU GENERAL,47.10306,2.40929
201300019922,23,7,2013,21,1,18,33,2,1,1,3,"16, INDUSTRIE (BOULEVARD",47.0725,2.39697
201300019923,1,8,2013,20,1,18,33,2,3,1,3,CHARITE (ROUTE DE,47.09493,2.4208
201300019924,2,8,2013,18,1,18,33,2,1,1,2,CHALLE (RUE DU GENERAL),47.09409,2.40062
201300019925,3,8,2013,0,5,18,33,2,1,2,6,"174, CHARLET (RUE)",47.08427,2.41582
201300019926,4,8,2013,8,1,18,267,1,1,1,6,SAINT-AMAND (ROUTE DE),47.03384,2.37563
201300019927,4,8,2013,21,2,18,33,1,1,1,6,PLANTONS (CHEMIN DES,47.09938,2.43555
201300019928,6,8,2013,13,1,18,33,2,1,1,2,CHARITE (ROUTE DE,47.0957,2.43485
201300019929,7,8,2013,17,1,18,33,2,2,1,3,FAUVETTES (RUE DES),47.12071,2.40068
201300019930,3,8,2013,18,1,18,213,2,1,1,3,CEPS (RUE DES),47.09906,2.45946
201300019931,14,8,2013,15,1,18,33,2,9,1,6,PICASSO (RUE PABLO),47.05906,2.40993
201300019932,15,8,2013,19,1,18,33,1,1,1,7,RD 106,47.04975,2.40814
201300019933,17,8,2013,16,1,18,33,2,7,1,3,parking  Car chaus chapp,0.0,0.0
201300019934,19,8,2013,14,1,18,33,2,1,6,6,PROSPECTIVE (AVENUE DE L,0.0,0.0
201300019935,19,8,2013,19,1,18,33,2,1,7,6,RUE FRANCOIS VILLON,47.10285,2.41153
201300019936,19,8,2013,10,1,18,33,1,6,1,7,N142,47.04715,2.34352
201300019937,23,8,2013,17,1,18,33,2,3,7,3,parking carrefour,47.09188,2.42036
201300019938,28,8,2013,17,1,18,33,2,1,1,2,"64, GAMBETTA (BOULEVARD)",47.08721,2.38875
201300019939,30,8,2013,11,1,18,33,2,1,1,2,RENAN (AVENUE ERNEST),47.08399,2.41874
201300019940,1,9,2013,2,5,18,33,2,1,1,6,"27, GOULEVENTS (RUE DES)",47.07391,2.37655
201300019941,11,9,2013,7,2,18,205,1,1,1,7,,0.0,0.0
201300019942,15,9,2013,11,1,18,33,2,1,1,2,JOFFRE (BOULEVARD DU,47.07284,2.39907
201300019943,17,9,2013,18,1,18,33,2,1,2,2,"76, LATTRE DE TASSIGNY",47.0992,2.41635
201300019944,20,9,2013,16,1,18,33,2,2,1,1,CHALLE (RUE DU GENERAL),47.09393,2.40116
201300019945,22,9,2013,20,3,18,213,1,3,1,2,CHARITE (rte de)/J.JAURE,47.09805,2.46837
201300019946,24,9,2013,10,1,18,33,2,1,1,3,"107, VAILLANT (RUE EDOUA",47.08951,2.40084
201300019947,24,9,2013,20,5,18,33,2,3,1,1,avenue de la Prospective,47.10691,2.39289
201300019948,26,9,2013,20,5,18,33,2,1,1,6,INDUSTRIE (BOULEVARD DE,47.07194,2.39286
201300019949,27,9,2013,16,1,18,213,2,2,1,3,CHARITE (ROUTE DE,47.09745,2.45969
201300019950,28,9,2013,17,1,18,33,2,1,1,2,CHARITE (ROUTE DE LA),47.0961,2.44016
201300019951,28,9,2013,21,4,18,33,2,6,2,6,RD 400 (Rocade),47.07537,2.35399
201300019952,2,10,2013,15,1,18,33,2,1,1,6,"11, RENAN (AVENUE ERNEST",47.08122,2.40774
201300019953,4,10,2013,8,1,18,205,2,1,1,1,"74, PIEDS BLANCS (RUE DE",47.10985,2.38648
201300019954,6,10,2013,16,1,18,213,1,1,1,6,RD 151,0.0,0.0
201300019955,10,10,2013,7,2,18,205,2,3,3,2,BOULLE (RUE ANDRE-CHARLE,47.10475,2.39024
201300019956,11,10,2013,7,1,18,267,1,1,1,2,RN 142,47.02647,2.3913
201300019957,11,10,2013,17,1,18,213,2,1,1,3,"37, FOUCAULT (RUE CHARLE",47.101,2.49164
201300019958,12,10,2013,15,1,18,213,2,9,2,3,RD 955,47.09876,2.46342
201300019959,15,10,2013,9,1,18,33,2,1,1,6,"65, SARREBOURG (RUE DE)",47.08032,2.40475
201300019960,16,10,2013,18,1,18,205,2,1,3,2,MALITORNE (RUE DE),47.10677,2.38771
201300019961,17,10,2013,11,1,18,33,2,1,1,2,AVENIR (BOULEVARD D,47.0827,2.38452
201300019962,17,10,2013,17,1,18,33,2,1,1,6,"12, JAURES (AVENUE JEAN)",47.08725,2.39283
201300019963,20,10,2013,0,5,18,213,2,3,2,3,GENERAL DE GAULLE (AVE,47.09964,2.4917
201300019964,20,10,2013,11,1,18,213,1,1,1,6,RD 955,0.0,0.0
201300019965,25,10,2013,19,5,18,33,2,1,3,6,REPUBLIQUE (BOULEVAR,47.08945,2.39534
201300019966,26,10,2013,16,1,18,33,2,2,1,3,"2, COMMERCE (RUE DU)",47.08533,2.39457
201300019967,28,10,2013,14,1,18,33,2,6,2,2,Esplanade MARCEAU,47.07968,2.39904
201300019968,28,10,2013,18,5,18,33,2,1,1,3,"25, PYROTECHNIE (AVENUE",47.07795,2.41664
201300019969,28,10,2013,20,5,18,33,2,2,1,2,JURANVILLE (BOULEV,47.08671,2.38853
201300019970,29,10,2013,10,1,18,33,2,6,1,3,DUCLOS (ROND-POINT JACQU,47.06558,2.39526
201300019971,30,10,2013,16,1,18,33,2,2,1,3,NUNGESSER ET COLI (RUE),47.06671,2.3781
201300019972,31,10,2013,11,1,18,33,2,1,1,2,"28, LAZENAY (RUE DE)",47.0774,2.38999
201300019973,31,10,2013,16,1,18,33,2,1,1,2,"30, BARBES (RUE)",47.07734,2.39004
201300019974,31,10,2013,16,1,18,33,2,1,1,3,"9, LIBERATION (AVENUE DE",47.1016,2.40463
201300019975,31,10,2013,23,5,18,33,2,2,1,3,HAEGELEN (AVENUE M,47.07051,2.37712
201300019976,4,11,2013,18,5,18,33,2,1,1,6,"103, VAILLANT (RUE EDOUA",47.08927,2.4007
201300019977,6,11,2013,11,1,18,213,2,2,1,1,CHARITE (ROUTE DE,47.09748,2.45969
201300019978,7,11,2013,19,2,18,33,2,1,1,2,"35, STRASBOURG (BD DE)",47.08102,2.40544
201300019979,8,11,2013,16,1,18,33,2,1,1,2,MALLARME (RUE STEPHANE),47.10093,2.41188
201300019980,9,11,2013,19,5,18,33,2,1,2,4,CHAPPE (CHAUSSEE D,47.0903,2.42162
201300019981,15,11,2013,13,1,18,33,1,2,2,3,RD 2076,47.04492,2.44325
201300019982,18,11,2013,17,5,18,213,2,1,5,4,CHARITE (ROUTE DE LA),47.09781,2.46472
201300019983,19,11,2013,12,1,18,213,2,2,8,3,RD 955,0.0,0.0
201300019984,22,11,2013,18,5,18,33,1,1,2,2,CHARITE (ROUTE DE,47.09563,2.43449
201300019985,26,11,2013,8,1,18,33,2,1,1,6,"48, JUIN (AVENUE DU MARE",47.10791,2.42095
201300019986,26,11,2013,15,1,18,33,2,1,1,2,MITTERRAND (AVENUE FRANC,47.08361,2.43414
201300019987,27,11,2013,16,1,18,33,1,1,7,6,JEAN MOULIN TAG G EIFFEL,0.0,0.0
201300019988,28,11,2013,16,1,18,33,2,6,1,3,CHAUSSEE DE CHAPPE,47.0916,2.42173
201300019989,28,11,2013,17,5,18,33,1,1,1,6,"5, SERAUCOURT (RUE DE)",47.07856,2.39913
201300019990,3,12,2013,10,1,18,33,2,1,1,6,CHALLE (RUE DU GENERAL),47.09517,2.39484
201300019991,6,12,2013,22,3,18,267,2,1,9,6,"28, CHAPELLE (ROUTE DE L",47.01594,2.35299
201300019992,9,12,2013,11,1,18,33,2,1,1,6,NOIR (CHEMIN),47.05998,2.38822
201300019993,10,12,2013,7,2,18,205,2,1,9,6,"93, VILLAGE D'EN HAUT (R",47.10305,2.34387
201300019994,10,12,2013,7,3,18,255,1,1,9,2,RN 151,0.0,0.0
201300019995,10,12,2013,12,1,18,213,2,1,1,5,RN 151,47.09643,2.44468
201300019996,11,12,2013,8,2,18,33,2,1,1,6,"10, DUN-SUR-AURON (AV DE",47.07132,2.41221
201300019997,11,12,2013,12,1,18,33,2,1,1,6,LAZENAY (R DE),47.05332,2.40588
201300019998,14,12,2013,19,3,18,33,1,1,1,7,JARDINS (COUR DES),47.04271,2.42725
201300019999,18,12,2013,10,1,18,33,2,2,1,6,CLEMENCEAU/VAILLANT,47.08658,2.39882
201300020000,20,12,2013,16,1,18,33,2,1,1,6,RAYNAL (RUE LOUIS DE),47.09839,2.3996
201300020001,28,12,2013,4,3,18,33,1,1,2,7,SAINT-AMAND (AVENUE DE),47.04442,2.37709
201300020002,28,12,2013,16,1,18,213,1,1,1,4,CHARITE (ROUTE DE LA),47.09666,2.44822
201300020003,30,12,2013,11,1,18,213,2,1,1,6,CHARITE (ROUTE DE,47.09665,2.44783
201300020004,19,1,2013,1,5,83,91,2,1,3,6,4 rue Jules FAVRE,0.0,0.0
201300020005,6,2,2013,19,3,83,49,1,1,1,3,,0.0,0.0
201300020006,18,4,2013,7,1,83,100,1,2,1,3,,0.0,0.0
201300020007,13,5,2013,16,1,83,49,1,1,1,1,,0.0,0.0
201300020008,14,7,2013,0,5,83,91,2,1,1,6,RD 12,0.0,0.0
201300020009,12,8,2013,17,1,83,91,1,1,1,1,,0.0,0.0
201300020010,13,8,2013,10,1,83,100,1,2,1,3,,0.0,0.0
201300020011,26,8,2013,8,1,83,43,1,1,1,6,,0.0,0.0
201300020012,12,10,2013,10,1,83,100,1,1,1,1,,0.0,0.0
201300020013,13,10,2013,4,3,83,49,1,1,1,1,,0.0,0.0
201300020014,14,10,2013,6,3,83,91,2,1,1,1,route des maures - RD14,43.238,6.088
201300020015,26,10,2013,17,1,83,100,1,1,1,6,,0.0,0.0
201300020016,10,1,2013,18,3,41,119,1,1,2,7,,47.8035,1.50245
201300020017,9,2,2013,20,5,41,123,2,1,1,6,route de saint laurent,47.829,1.398
201300020018,10,3,2013,10,3,12,145,1,1,1,7,,0.0,0.0
201300020019,13,6,2013,12,1,12,63,1,1,1,7,,44.035,3.12
201300020020,20,6,2013,11,1,12,291,1,1,3,7,,44.282,3.002
201300020021,22,6,2013,12,1,12,122,1,1,1,2,,0.0,0.0
201300020022,21,7,2013,18,1,12,291,1,1,1,6,,44.263,3.064
201300020023,7,8,2013,7,1,12,84,1,1,3,7,,44.058,3.129
201300020024,1,9,2013,21,3,12,291,1,1,1,6,,0.0,0.0
201300020025,27,7,2013,9,1,58,193,1,1,1,6,,0.0,0.0
201300020026,4,10,2013,15,1,58,164,1,1,1,6,,0.0,0.0
201300020027,22,2,2013,19,3,71,333,1,1,1,1,,0.0,0.0
201300020028,26,1,2013,14,1,36,219,1,1,8,1,,46.6375,1.55103
201300020029,12,2,2013,15,1,36,33,1,1,1,2,,46.5149,1.511
201300020030,2,4,2013,10,1,36,134,1,1,1,6,,46.4031,1.4582
201300020031,11,5,2013,21,2,36,239,1,1,8,6,,46.4868,1.49966
201300020032,8,6,2013,6,1,36,239,1,1,1,6,,46.4857,1.49995
201300020033,9,6,2013,16,1,36,134,1,1,1,6,,46.3918,1.45052
201300020034,4,9,2013,8,1,36,239,1,1,1,2,,46.4783,1.49912
201300020035,20,10,2013,23,3,36,219,1,1,1,6,,46.6602,1.57063
201300020036,4,11,2013,8,1,36,200,1,1,3,6,,46.6098,1.51185
201300020037,25,12,2013,18,3,36,150,1,1,3,6,,46.4558,1.49738
201300020038,18,5,2013,17,1,15,168,1,1,2,6,,44.985,3.188
201300020039,1,8,2013,17,1,15,168,1,1,1,6,,44.99,3.187
201300020040,30,4,2013,10,1,63,178,1,1,2,6,,45.543,3.265
201300020041,1,5,2013,1,3,63,178,1,1,3,1,,45.564,3.268
201300020042,12,7,2013,14,1,63,52,1,1,1,2,,0.0,0.0
201300020043,3,9,2013,6,2,63,54,1,1,1,2,,45.507,3.262
201300020044,24,2,2013,10,1,87,182,1,1,4,6,,0.0,0.0
201300020045,22,6,2013,21,1,87,133,1,1,1,6,,46.326,1.638
201300020046,13,7,2013,16,1,87,182,1,9,1,2,,46.326,1.423
201300020047,8,8,2013,15,1,87,133,1,1,1,6,,0.0,0.0
201300020048,11,1,2013,5,3,34,196,1,1,1,6,,43.80481,3.32656
201300020049,1,3,2013,5,3,34,123,1,1,1,6,,43.60601,3.81703
201300020050,17,6,2013,13,1,34,194,1,1,1,2,,43.54744,3.44869
201300020051,19,6,2013,12,1,34,79,1,1,1,6,,0.0,0.0
201300020052,22,6,2013,10,1,34,36,1,1,1,6,,43.67684,3.41604
201300020053,29,6,2013,0,3,34,199,1,1,1,6,,0.0,0.0
201300020054,3,8,2013,16,1,34,114,1,1,1,6,,0.0,0.0
201300020055,17,8,2013,17,1,34,300,1,1,1,2,,0.0,0.0
201300020056,29,8,2013,11,1,34,13,1,1,1,7,,0.0,0.0
201300020057,12,9,2013,10,1,34,32,1,1,1,1,,0.0,0.0
201300020058,10,10,2013,7,2,34,36,1,1,1,3,,0.0,0.0
201300020059,22,12,2013,9,1,34,123,1,1,7,3,,0.0,0.0
201300020060,23,12,2013,9,2,34,325,1,1,1,7,,0.0,0.0
201300020061,18,1,2013,20,3,48,49,1,1,3,5,,44.884,3.416
201300020062,18,1,2013,20,3,48,183,1,1,2,4,,0.0,0.0
201300020063,9,4,2013,12,1,48,140,1,1,3,6,,0.0,0.0
201300020064,11,7,2013,13,1,48,49,1,1,1,2,,0.0,0.0
201300020065,16,7,2013,7,1,48,34,1,1,7,1,,0.0,0.0
201300020066,1,10,2013,21,3,48,140,1,1,1,7,,0.0,0.0
201300020067,10,5,2013,9,1,08,397,1,1,1,6,,0.0,0.0
201300020068,26,5,2013,5,3,08,111,1,1,2,6,,0.0,0.0
201300020069,9,9,2013,8,1,08,435,1,1,1,2,,0.0,0.0
201300020070,22,5,2013,17,1,67,472,2,1,1,2,Rue de la gare,0.0,0.0
201300020071,7,4,2013,20,3,44,209,1,1,1,3,,0.0,0.0
201300020072,17,11,2013,7,3,44,149,1,1,1,6,,0.0,0.0
201300020073,13,1,2013,4,3,44,89,1,1,2,6,,0.0,0.0
201300020074,12,1,2013,17,3,44,33,1,1,3,7,,0.0,0.0
201300020075,1,2,2013,12,1,44,103,1,1,3,5,,0.0,0.0
201300020076,12,2,2013,17,1,44,203,1,1,1,5,,0.0,0.0
201300020077,15,3,2013,16,1,44,33,1,1,1,7,,0.0,0.0
201300020078,12,4,2013,15,1,44,137,1,1,1,5,,0.0,0.0
201300020079,7,5,2013,23,3,44,89,1,1,2,2,,0.0,0.0
201300020080,15,6,2013,9,1,44,195,1,1,1,6,,0.0,0.0
201300020081,30,6,2013,20,1,44,89,1,1,1,7,,0.0,0.0
201300020082,7,7,2013,16,1,44,129,1,1,1,6,,0.0,0.0
201300020083,12,7,2013,9,1,44,72,1,1,1,6,,0.0,0.0
201300020084,19,7,2013,0,3,44,52,1,1,1,7,,0.0,0.0
201300020085,13,8,2013,18,1,44,137,1,1,1,5,,0.0,0.0
201300020086,18,9,2013,20,3,44,103,1,1,1,2,,0.0,0.0
201300020087,24,9,2013,15,1,44,89,1,1,1,5,,0.0,0.0
201300020088,5,10,2013,10,1,44,89,1,1,1,1,,0.0,0.0
201300020089,7,11,2013,0,3,44,195,1,1,3,7,,0.0,0.0
201300020090,22,11,2013,7,3,44,52,1,1,1,2,,0.0,0.0