Num_Acc,jour,mois,an,hr,condition_eclairage,departement,commune,condition_agglomeration,intersection,condition_atmosphere,type_collision,adresse,lattitude,longitude
201300020091,26,11,2013,16,1,44,129,1,1,1,6,,0.0,0.0
201300020092,29,11,2013,18,5,44,129,2,1,1,1,,0.0,0.0
201300020093,8,2,2013,22,3,14,449,1,1,4,5,,49.1065,-0.60436
201300020094,23,6,2013,11,1,14,389,1,1,2,6,A 84,49.0669,-0.67311
201300020095,31,10,2013,16,1,14,475,1,1,1,6,,0.0,0.0
201300020096,20,11,2013,4,3,14,188,1,1,4,6,,0.0,0.0
201300020097,25,11,2013,7,2,14,738,1,1,2,4,,0.0,0.0
201300020098,19,3,2013,15,1,50,185,1,1,4,6,,48.838,-1.231
201300020099,8,6,2013,10,1,50,516,1,1,1,7,,48.6568,-1.35808
201300020100,20,6,2013,14,1,50,616,1,1,1,6,,48.6795,-1.37235
201300020101,12,10,2013,19,3,50,338,1,1,1,2,,48.9073,-1.10396
201300020102,4,1,2013,3,3,50,467,1,1,1,7,,49.4769,-1.37465
201300020103,10,2,2013,0,3,50,485,1,1,2,6,,49.3053,-1.21048
201300020104,31,5,2013,15,1,50,467,1,1,1,7,,49.4773,-1.37584
201300020105,16,12,2013,7,3,50,498,1,1,1,2,,49.5243,-1.50765
201300020106,14,1,2013,17,1,18,279,2,1,1,6,MONNAIE (RUE DE LA ),0.0,0.0
201300020107,15,1,2013,7,2,18,279,2,1,9,2,CHAILLOT (AVENUE DE),47.20305,2.0917
201300020108,17,1,2013,12,1,18,279,2,9,8,6,MOUTON (RUE DU ),0.0,0.0
201300020109,11,2,2013,5,2,18,279,2,1,2,7,CHAILLOT (AVENUE DE),0.0,0.0
201300020110,18,2,2013,14,1,18,279,1,1,1,7,DOLET (RUE ETIENNE),47.21539,2.10195
201300020111,24,2,2013,12,1,18,279,2,1,4,6,"33, MERIGOT (RUE LEO )",47.22744,2.05247
201300020112,4,3,2013,11,1,18,279,2,1,1,2,MERIGOT (RUE LEO ),47.22916,2.0507
201300020113,7,3,2013,13,1,18,279,1,1,1,1,BOURGES (ROUTE DE),47.21326,2.12888
201300020114,12,3,2013,9,1,18,279,2,1,2,5,TOURS (ROUTE DE),47.23258,2.03999
201300020115,5,4,2013,11,1,18,279,2,2,1,3,HUIT MAI 1945 (RUE DU (J,47.23121,2.08079
201300020116,8,4,2013,18,1,18,279,2,1,1,6,QUATORZE JUILLET (AVENUE,47.21092,2.06304
201300020117,7,5,2013,16,1,18,279,2,1,1,1,SAINT LAZARE (ROUTE ET L,47.20845,2.09729
201300020118,3,6,2013,15,1,18,279,2,2,1,1,NATION (BOULEVARD DE LA),47.21541,2.05907
201300020119,4,6,2013,10,1,18,279,2,1,1,2,PUITS BERTEAU (CITE H.SE,47.23298,2.07936
201300020120,8,6,2013,10,1,18,279,2,1,1,3,BAS DE GRANGE (RUE E,47.22421,2.05663
201300020121,9,6,2013,7,1,18,279,2,1,1,6,MARCEL (RUE ETIENNE),47.21761,2.09953
201300020122,13,6,2013,13,1,18,279,2,1,2,2,MAI 1945 (AVE DU 8),47.23018,2.07948
201300020123,14,6,2013,1,5,18,279,2,1,1,6,"04, MOUTON (RUE DU )",0.0,0.0
201300020124,20,6,2013,18,1,18,279,1,3,1,3,RN 76 (ROUTE DE BOURGES),47.21415,2.12277
201300020125,13,7,2013,11,1,18,279,2,2,1,2,REPUBLIQUE (AVENUE DE LA,47.223,2.06598
201300020126,26,7,2013,10,1,18,279,2,2,1,3,RUE LEO MERIGOT,47.2269,2.05507
201300020127,3,8,2013,18,1,18,279,1,6,1,7,RD POINT 2020/926,47.24877,2.06055
201300020128,6,8,2013,9,1,18,279,2,1,1,2,"16, VERDUN (AVENUE DE)",47.22469,2.07252
201300020129,12,8,2013,20,1,18,279,2,1,1,1,"75, NIVET ( RUE ETIENNE",47.22105,2.08636
201300020130,20,9,2013,16,1,18,279,2,1,1,6,11  RUE DES EPINETTES,47.22462,2.06829
201300020131,24,9,2013,20,5,18,279,2,6,1,6,AV DE LATTRE DE TASSIGNY,47.20523,2.07146
201300020132,7,10,2013,17,1,18,279,2,2,1,3,AV DE LATTRE DE TASSIGNY,0.0,0.0
201300020133,8,10,2013,16,1,18,279,2,1,1,6,VERDIN (CHEMIN DU,47.23031,2.03821
201300020134,14,11,2013,17,2,18,279,1,1,1,2,RN 20 NORD (TRAVERSEE DE,47.25017,2.06037
201300020135,13,12,2013,7,1,18,279,2,1,9,1,"14, ROUX (RUE DU DOCTEUR",47.22393,2.07099
201300020136,17,12,2013,11,1,18,279,2,1,1,1,ORME (CHEMIN DU GRAND),47.23002,2.10325
201300020137,19,12,2013,11,1,18,279,2,2,1,3,MITTERRAND ( RUE FRANCOI,47.22095,2.06084
201300020138,22,5,2013,18,1,44,51,1,1,1,6,la gare,0.0,0.0
201300020139,27,5,2013,18,1,44,51,1,1,1,6,le bas quibut,0.0,0.0
201300020140,20,7,2013,22,3,44,197,2,1,1,6,RUE DE LA COUR HUSSET,0.0,0.0
201300020141,27,7,2013,21,1,44,197,1,1,1,6,le moulin chateau,0.0,0.0
201300020142,24,11,2013,5,3,44,197,1,1,1,6,,0.0,0.0
201300020143,28,11,2013,9,2,44,51,1,1,5,1,,0.0,0.0
201300020144,19,5,2013,16,1,72,58,1,1,8,2,,47.993,0.28
201300020145,19,5,2013,15,1,72,350,1,2,1,3,,47.902,0.26
201300020146,9,9,2013,22,3,72,213,1,1,1,3,,47.932,0.252
201300020147,20,9,2013,18,1,72,231,1,1,1,1,,47.91,0.398
201300020148,8,12,2013,13,1,72,287,1,1,1,1,RD144/RD307 FROMENTEAU,47.875,0.204
201300020149,30,3,2013,13,1,72,124,2,1,2,1,23 RUE DOCTEUR ESTRABAUD,0.0,0.0
201300020150,22,4,2013,9,1,72,8,1,2,1,3,,0.0,0.0
201300020151,29,4,2013,10,1,72,58,1,1,1,3,,47.962,0.312
201300020152,15,8,2013,0,3,72,124,2,1,1,6,50 route de tours,0.0,0.0
201300020153,14,10,2013,17,1,72,213,1,1,2,5,,47.898,0.244
201300020154,17,12,2013,9,1,72,213,2,6,1,6,avenue bonen CD 140,47.916,0.252
201300020155,24,10,2013,12,1,65,375,1,1,1,1,RABASTENS DE BIGORRE,43.3991,0.15609
201300020156,6,1,2013,21,5,83,19,2,1,1,6,Route de B?nat  CD 298,0.0,0.0
201300020157,8,1,2013,11,1,83,19,1,1,1,5,,0.0,0.0
201300020158,2,3,2013,12,1,83,70,2,1,1,1,Rond point du Grand Bleu,0.0,0.0
201300020159,6,4,2013,14,1,83,70,2,9,2,6,CD 559 Av de Provence,0.0,0.0
201300020160,10,5,2013,13,1,83,19,2,1,1,6,250 bd front de mer,43.12389,6.36029
201300020161,26,6,2013,19,1,83,70,2,1,1,1,AVENUE DU PRES. AURIOL,43.1341,6.36447
201300020162,7,7,2013,3,3,83,19,1,1,1,1,,0.0,0.0
201300020163,7,7,2013,13,1,83,19,1,1,1,1,,0.0,0.0
201300020164,13,7,2013,2,5,83,19,2,1,1,6,5679 avenue lou mistraou,0.0,0.0
201300020165,26,7,2013,20,1,83,19,1,1,1,1,,0.0,0.0
201300020166,28,7,2013,8,1,83,70,2,6,1,1,Av de Provence CD 559,0.0,0.0
201300020167,22,8,2013,18,1,83,19,1,1,1,6,,0.0,0.0
201300020168,5,9,2013,19,2,83,19,2,1,1,6,BOULEVARD DE LA PLAGE,43.12428,6.35788
201300020169,11,9,2013,10,1,83,19,1,1,1,3,,0.0,0.0
201300020170,15,10,2013,10,1,83,19,2,1,1,1,che du train des pignes,43.13952,6.35198
201300020171,30,10,2013,17,1,83,70,2,1,1,1,"CD298, route de b?nat",0.0,0.0
201300020172,6,11,2013,14,1,83,19,1,1,1,2,avenue de la mer,43.12387,6.35101
201300020173,5,1,2013,3,5,60,358,2,1,1,7,rue du dinotier,0.0,0.0
201300020174,3,2,2013,18,3,60,661,2,1,2,4,route de Chantilly,0.0,0.0
201300020175,19,3,2013,3,3,60,31,2,1,1,7,D88,0.0,0.0
201300020176,21,4,2013,17,1,60,478,1,1,1,7,,0.0,0.0
201300020177,21,4,2013,20,2,60,683,1,2,1,3,,0.0,0.0
201300020178,16,6,2013,10,1,60,176,2,1,1,1,,0.0,0.0
201300020179,17,6,2013,18,1,60,5,1,1,2,1,,0.0,0.0
201300020180,25,6,2013,21,2,60,94,1,1,1,7,,0.0,0.0
201300020181,14,9,2013,13,1,60,430,1,1,9,3,,0.0,0.0
201300020182,28,11,2013,15,1,60,46,2,2,1,1,RD 51,0.0,0.0
201300020183,13,12,2013,10,1,60,358,2,1,1,6,RUE DE PARIS,0.0,0.0
201300020184,3,1,2013,13,1,91,340,2,1,2,6,ROUTE DE MONTAUGER,0.0,0.0
201300020185,28,1,2013,14,1,91,86,2,1,1,4,rue Gustave eiffel,0.0,0.0
201300020186,23,2,2013,4,3,91,86,1,1,1,6,,0.0,0.0
201300020187,8,3,2013,14,1,91,648,1,6,2,7,D31,0.0,0.0
201300020188,21,3,2013,17,1,91,648,1,1,1,3,D26,0.0,0.0
201300020189,13,7,2013,0,3,91,648,1,1,1,6,D26,0.0,0.0
201300020190,19,12,2013,9,1,91,340,2,1,1,6,route de MONTAUGER,0.0,0.0
201300020191,2,1,2013,15,1,19,31,2,3,1,3,"85, ALVITRE (AVENUE ABBE",45.15198,4.51331
201300020192,3,1,2013,15,1,19,31,2,1,1,6,SEMARD (AVENUE PIERRE),45.15564,1.51709
201300020193,3,1,2013,17,5,19,31,2,1,1,6,VOLTAIRE (BOULEVARD),45.16016,4.54069
201300020194,7,1,2013,10,1,19,31,2,6,1,3,RIVET (AVENUE JEAN CHARL,45.15256,4.5053
201300020195,19,1,2013,22,5,19,31,2,2,3,3,"113, RIBOT (AVENUE)",45.16467,4.50815
201300020196,28,1,2013,8,2,19,31,2,1,2,2,SEMARD (AVENUE PIERRE),45.15546,1.51593
201300020197,31,1,2013,19,5,19,31,2,2,2,3,GRIVEL (BOULEVARD AMIRAL,45.15769,4.54041
201300020198,1,2,2013,12,1,19,31,2,3,2,3,"""MOULIN (BOULEVARD JEAN)",45.16146,4.5032
201300020199,4,2,2013,21,5,19,31,2,3,1,3,GEOFFRAY (RUE CESAR),45.15677,4.5114
201300020200,5,2,2013,14,1,19,31,2,1,1,6,"8 Bis, CASSAN (RUE JEAN)",45.16498,4.5287
201300020201,6,2,2013,16,1,19,31,2,1,3,2,"99, TURGOT (AVENUE)",45.16592,4.52256
201300020202,7,2,2013,16,1,19,31,2,1,1,6,MARSALES (RUE JEAN),45.15307,4.50492
201300020203,8,2,2013,15,1,19,31,2,1,1,6,VOLTAIRE (BOULEVARD),45.15905,4.54056
201300020204,16,2,2013,16,1,19,31,2,1,1,6,QUATORZE JUILLET (PLACE,45.16182,4.53415
201300020205,27,2,2013,16,1,19,31,2,1,1,6,"62, KOENIG (BOULEVARD GE",45.15873,4.53026
201300020206,1,3,2013,19,2,19,31,2,1,1,3,KENNEDY (AVENUE JOHN),45.16663,4.54627
201300020207,8,3,2013,17,1,19,31,2,1,1,2,"24, ILE DU ROI (RUE DE L",45.16267,4.5075
201300020208,9,3,2013,13,1,19,31,2,1,1,2,DUBAYLE (RUE ANTOINE),45.14616,4.49029
201300020209,10,3,2013,15,1,19,31,2,1,1,4,"25, ROUSSEAU (AVENUE JEA",45.15133,4.51653
201300020210,11,3,2013,16,1,19,31,2,2,1,3,DE JOUVENEL (BOULEVARD H,45.16273,4.52284
201300020211,12,3,2013,18,2,19,31,2,1,1,4,"77, MAILLARD (AVENUE)",45.16553,4.53739
201300020212,15,3,2013,12,1,19,31,2,3,1,3,NORMANDIE-NIEMEN (RUE),45.15528,4.54836
201300020213,15,3,2013,12,1,19,31,2,1,1,6,"9, ROOSEVELT (AVENUE DU",45.15905,4.52964
201300020214,15,3,2013,16,1,19,31,2,3,1,3,RONSARD (AVENUE),45.14856,4.54226
201300020215,18,3,2013,13,1,19,31,2,3,3,3,DAUTRY (AVENUE RAOUL),45.15534,4.54947
201300020216,26,3,2013,15,1,19,31,2,1,1,6,"22, TOURNY (QUAI)",45.16341,4.53566
201300020217,28,3,2013,18,1,19,31,2,1,1,6,KENNEDY (AVENUE JOHN),45.16661,4.54612
201300020218,29,3,2013,15,1,19,31,2,9,2,3,RUE LECAT,45.14368,4.47587
201300020219,29,3,2013,16,1,19,31,2,1,2,2,"10, BARDON (RUE DOCTEUR)",45.16802,4.52756
201300020220,29,3,2013,17,1,19,31,2,1,2,4,RIBOT (AVENUE),45.16474,4.50342
201300020221,30,3,2013,9,1,19,31,2,3,1,6,PARIS (AVENUE DE),45.16252,4.5325
201300020222,3,4,2013,17,1,19,31,2,3,1,3,"60, ALVITRE (AVENUE ABBE",0.0,0.0
201300020223,5,4,2013,10,1,19,31,2,2,1,3,PASTEUR (AVENUE),0.0,0.0
201300020224,6,4,2013,9,1,19,31,2,3,1,3,ALSACE LORRAINE (AVENUE),0.0,0.0
201300020225,6,4,2013,10,1,19,31,2,3,1,3,SALLES (RUE),0.0,0.0
201300020226,8,4,2013,13,1,19,31,2,1,1,6,"04, FRANCE (BOULEVARD AN",0.0,0.0
201300020227,9,4,2013,18,1,19,31,2,1,2,4,RIVET (AVENUE JEAN CHARL,0.0,0.0
201300020228,12,4,2013,16,1,19,31,2,1,2,6,DE JOUVENEL (BOULEVARD H,0.0,0.0
201300020229,12,4,2013,18,1,19,31,2,1,1,2,"43, BOURLIAGUET (RUE LEO",0.0,0.0
201300020230,16,4,2013,17,1,19,31,2,1,1,2,"19, MIRABEAU (BOULEVARD)",0.0,0.0
201300020231,26,4,2013,18,1,19,31,2,1,1,2,PARIS (AVENUE DE),0.0,0.0
201300020232,28,4,2013,10,1,19,31,2,2,1,3,ILE DU ROI (RUE DE L'),0.0,0.0
201300020233,7,5,2013,19,1,19,31,2,1,1,6,LECLERC (AV. GENERAL - M,0.0,0.0
201300020234,10,5,2013,13,1,19,31,2,2,1,3,BOULEVARD COL Germain,0.0,0.0
201300020235,11,5,2013,20,1,19,31,2,1,1,5,"49, SEMARD (AVENUE PIERR",0.0,0.0
201300020236,14,5,2013,16,1,19,31,2,1,1,2,"36/34, KOENIG (BOULEVARD",0.0,0.0
201300020237,14,5,2013,17,1,19,31,2,3,1,3,DEVAUD (RUE ANDRE),0.0,0.0
201300020238,21,5,2013,17,1,19,31,2,2,2,6,ALSACE LORRAINE (AVENUE),0.0,0.0
201300020239,22,5,2013,17,1,19,31,2,1,1,6,CHAUMEIL (RUE PIERRE),0.0,0.0
201300020240,30,5,2013,8,1,19,31,2,2,2,3,POMPIDOU (AVENUE GEORGES,0.0,0.0
201300020241,30,5,2013,13,1,19,31,2,3,2,3,DEVAUD (RUE ANDRE),0.0,0.0
201300020242,2,6,2013,19,1,19,31,2,2,1,3,CAVAIGNAC (RUE GENERAL),0.0,0.0
201300020243,4,6,2013,17,1,19,31,2,2,1,3,POINCARE (AVENUE),0.0,0.0
201300020244,6,6,2013,18,1,19,31,2,1,1,3,MICHELET (AVENUE EDMOND),0.0,0.0
201300020245,13,6,2013,12,1,19,31,2,3,1,3,LECLERC (AV. GENERAL - M,0.0,0.0
201300020246,15,6,2013,11,1,19,31,2,1,1,6,"69, RIBOT (AVENUE)",0.0,0.0
201300020247,19,6,2013,13,1,19,31,2,1,1,1,MICHELET (BOULEVARD),0.0,0.0
201300020248,21,6,2013,11,1,19,31,2,2,1,3,"60bis, ONZE NOVEMBRE 191",0.0,0.0
201300020249,24,6,2013,13,1,19,31,2,6,1,6,TEINCHURIER (AVENUE DU),0.0,0.0
201300020250,24,6,2013,17,1,19,31,2,3,1,3,PAIX (RUE DE LA),0.0,0.0
201300020251,27,6,2013,13,1,19,31,2,1,1,2,"9, ROCHE (RUE MARCELIN)",0.0,0.0
201300020252,29,6,2013,18,5,19,31,2,1,2,6,"53bis, FOCH (AVENUE MARE",0.0,0.0
201300020253,3,7,2013,12,1,19,31,2,3,1,3,DIX HUIT JUIN 1940 (AVEN,0.0,0.0
201300020254,4,7,2013,14,1,19,31,2,1,1,3,LAGRANGE (AVENUE LEO),0.0,0.0
201300020255,5,7,2013,17,1,19,31,2,1,1,3,"01, PUYBLANC (BOULEVARD",0.0,0.0
201300020256,7,7,2013,20,1,19,31,2,2,1,3,ILE DU ROI (RUE DE L'),0.0,0.0
201300020257,12,7,2013,11,1,19,31,2,1,1,6,ALSACE LORRAINE (AVENUE),0.0,0.0
201300020258,13,7,2013,9,1,19,31,2,1,1,2,POMPIDOU (AVENUE GEORGES,0.0,0.0
201300020259,14,7,2013,18,1,19,31,2,2,1,2,ROCHE (RUE MARCELIN),0.0,0.0
201300020260,16,7,2013,9,1,19,31,2,1,1,2,TURGOT (AVENUE),0.0,0.0
201300020261,16,7,2013,13,1,19,31,2,1,1,2,MARSALES (RUE JEAN),0.0,0.0
201300020262,31,7,2013,20,1,19,31,2,2,1,3,BOUVIE (PONT DE LA),0.0,0.0
201300020263,6,8,2013,16,1,19,31,2,1,1,4,"07, RIVET (AVENUE JEAN C",0.0,0.0
201300020264,17,8,2013,13,1,19,31,2,2,1,1,CHAUMEIL (RUE PIERRE),0.0,0.0
201300020265,21,8,2013,7,1,19,31,2,2,1,6,BRUNE (BOULEVARD),0.0,0.0
201300020266,30,8,2013,11,1,19,31,2,1,1,6,"15, MIRABEAU (BOULEVARD)",0.0,0.0
201300020267,7,9,2013,14,1,19,31,2,1,1,4,MAILLARD (IMPASSE),0.0,0.0
201300020268,9,9,2013,7,1,19,31,2,1,1,3,QUEUILLE (AVENUE HENRI),0.0,0.0
201300020269,10,9,2013,14,1,19,31,2,2,1,2,SEMARD (AVENUE PIERRE) A,0.0,0.0
201300020270,13,9,2013,18,1,19,31,2,1,1,3,COMBE (BOULEVARD ROGER),0.0,0.0
201300020271,13,9,2013,21,5,19,31,2,1,1,3,EMERY (AVENUE ANDRE),0.0,0.0
201300020272,18,9,2013,17,1,19,31,1,1,2,6,MEYSSAC (ROUTE DE),45.1264,4.55414
201300020273,20,9,2013,8,1,19,31,2,1,2,5,"50, GUYNEMER (AVENUE)",45.1508,4.51042
201300020274,23,9,2013,16,1,19,31,2,1,1,5,RIBOT (AVENUE),45.16493,4.51836
201300020275,25,9,2013,17,1,19,31,2,3,1,3,GALILEE (RUE),45.1522,4.51725
201300020276,27,9,2013,5,5,19,31,2,3,1,3,"38, PASTEUR (AVENUE)",45.1669,4.53162
201300020277,28,9,2013,18,1,19,31,2,1,1,2,ALVITRE (AVENUE ABBE),45.15372,4.51
201300020278,4,10,2013,17,1,19,31,1,1,1,6,CHANLAT (LIEU-DIT),45.12992,4.51738
201300020279,5,10,2013,10,1,19,31,2,2,1,3,DE JOUVENEL (BOULEVARD H,45.16062,4.52318
201300020280,5,10,2013,12,1,19,31,2,2,3,3,"""MOULIN (BOULEVARD JEAN)",45.16062,4.50337
201300020281,5,10,2013,15,1,19,31,2,1,3,2,RIVET (AVENUE JEAN CHARL,45.15083,4.49914
201300020282,7,10,2013,17,1,19,31,2,3,1,3,ZOLA (AVENUE EMILE),45.15273,4.51974
201300020283,11,10,2013,18,1,19,31,2,3,1,1,PASTEUR (AVENUE),45.16704,4.53158
201300020284,16,10,2013,10,1,19,31,2,2,2,3,DEVAUD (RUE ANDRE),45.15673,4.51141
201300020285,18,10,2013,18,1,19,31,2,6,1,2,BROSSOLETTE (BOULEVARD P,45.16644,4.54189
201300020286,22,10,2013,18,2,19,31,2,1,2,2,"104, POMPIDOU (AVENUE GE",45.15777,4.54866
201300020287,22,10,2013,19,5,19,31,2,6,2,6,LALANDE (ROND-POINT GENE,45.14751,4.48647
201300020288,25,10,2013,7,2,19,31,2,3,1,3,PASTEUR (AVENUE),45.16768,4.53149
201300020289,31,10,2013,13,1,19,31,2,3,1,3,GUEDIN (RUE GENERAL),45.16738,4.54341
201300020290,5,11,2013,20,5,19,31,2,2,2,3,TOULZAC (RUE JEAN BAPTIS,45.15655,4.50418
201300020291,6,11,2013,18,5,19,31,2,1,2,2,RIBOT (AVENUE),45.1647,4.50487
201300020292,6,11,2013,18,5,19,31,2,1,2,6,POMPIDOU (AVENUE GEORGES,45.15792,4.55351
201300020293,13,11,2013,14,1,19,31,2,3,1,3,RIBOT (AVENUE),0.0,0.0
201300020294,15,11,2013,16,1,19,31,2,3,2,3,"""MOULIN (BOULEVARD JEAN)",0.0,0.0
201300020295,16,11,2013,7,2,19,31,2,1,1,2,MOULIN (BOULEVARD JEAN),45.16305,4.50276
201300020296,26,11,2013,13,1,19,31,2,2,1,3,MAILLARD (AVENUE),45.16587,4.54007
201300020297,28,11,2013,18,5,19,31,1,9,1,3,LISSAC (ROUTE DE),45.13537,4.49353
201300020298,30,11,2013,17,2,19,31,2,1,1,4,CLEMENCEAU (BOULEVARD),45.15354,4.53182
201300020299,3,12,2013,10,1,19,31,2,1,1,6,"12, SEVERINE (RUE)",45.16258,4.53776
201300020300,3,12,2013,18,5,19,31,2,1,1,6,KENNEDY (AVENUE JOHN),45.16654,4.54421
201300020301,4,12,2013,18,5,19,31,2,3,1,6,VERLHAC (BOULEVARD DOCTE,45.16801,4.53421
201300020302,5,12,2013,18,5,19,31,2,1,8,6,DAUTRY (AVENUE RAOUL),45.15659,1.54857
201300020303,5,12,2013,18,5,19,31,2,3,8,3,ALSACE LORRAINE (AVENUE),45.1526,1.53998
201300020304,6,12,2013,16,1,19,31,2,1,1,5,"67, RIBOT (AVENUE)",45.16474,4.51356
201300020305,8,12,2013,0,5,19,31,2,2,1,3,DE JOUVENEL (BOULEVARD H,45.16067,4.52315
201300020306,10,12,2013,18,5,19,31,2,2,1,3,ROUSSEAU (AVENUE JEAN JA,45.15268,4.51975
201300020307,11,12,2013,3,5,19,31,2,1,5,6,RIBOT (AVENUE),45.16468,4.51235
201300020308,12,12,2013,10,1,19,31,2,1,1,6,"02, CLADEL (RUE LEON)",45.16181,4.537
201300020309,12,12,2013,19,5,19,31,2,2,1,3,DE JOUVENEL (BOULEVARD H,45.16063,4.52314
201300020310,17,12,2013,12,1,19,31,2,1,1,2,MOULIN (BOULEVARD JEAN),45.16238,4.50298
201300020311,23,12,2013,21,5,19,31,2,1,1,6,MALRAUX (AVENUE ANDRE),45.16466,1.49717
201300020312,25,12,2013,20,5,19,31,2,1,3,6,DELMAS (RUE FERNAND),45.16036,4.52616
201300020313,27,12,2013,18,5,19,31,2,3,1,3,"69, MAILLARD (AVENUE)",45.16587,4.54007
201300020314,29,12,2013,0,5,19,31,2,3,2,2,LACHAUD (BOULEVARD EDOUA,45.15675,4.53228
201300020315,25,2,2013,10,1,68,58,1,6,8,3,,47.92358,7.19748
201300020316,28,10,2013,21,5,68,156,1,9,3,2,,0.0,0.0
201300020317,24,4,2013,16,1,68,315,1,1,1,3,,47.88926,7.25631
201300020318,30,4,2013,23,5,68,315,2,1,5,3,route de jungholtz,0.0,0.0
201300020319,16,6,2013,17,1,68,156,1,1,1,2,,47.913,7.253
201300020320,30,6,2013,16,1,68,177,1,2,1,3,,47.94251,7.15041
201300020321,15,7,2013,11,1,68,315,1,1,1,4,,47.89004,7.2564
201300020322,4,8,2013,17,1,68,315,1,1,1,1,,47.87768,7.19984
201300020323,21,2,2013,14,1,59,309,1,1,8,1,Chemin de l'Haezepoel,50.95161,2.61669
201300020324,12,5,2013,11,1,59,260,1,1,7,2,Rue de la Frontière,51.05714,2.55588
201300020325,21,7,2013,15,1,59,309,2,1,1,3,rue de Cassel,50.97669,2.58083
201300020326,9,9,2013,17,1,59,260,2,1,2,6,route de Furnes,51.06179,2.52227
201300020327,15,10,2013,18,1,59,605,1,1,1,1,Route de Furnes,51.05097,2.47087
201300020328,4,1,2013,19,5,19,272,2,1,8,1,RD89,0.0,0.0
201300020329,30,1,2013,7,2,19,272,2,3,1,3,"1, RAYMOND POINCARE (AV)",45.27058,3.76934
201300020330,3,4,2013,19,1,19,272,2,1,1,3,VENTADOUR (AV),0.0,0.0
201300020331,10,4,2013,15,1,19,272,2,1,1,6,"57, MARTYRS (RUE)",0.0,0.0
201300020332,25,4,2013,10,1,19,272,2,1,7,7,RD89,0.0,0.0
201300020333,4,5,2013,15,1,19,272,2,9,7,6,DR RAMON (RUE),0.0,0.0
201300020334,7,5,2013,12,1,19,272,2,1,1,6,"35, DR AIME AUDUBERT (RU",0.0,0.0
201300020335,23,6,2013,0,5,19,272,2,1,2,6,"0, JEAN MOULIN (BD)",0.0,0.0
201300020336,3,7,2013,19,1,19,272,1,1,2,6,ALBERT DE LA PRADEL (AV),0.0,0.0
201300020337,27,7,2013,16,1,19,272,2,1,1,6,"17, DR VALETTE (RUE)",0.0,0.0
201300020338,4,8,2013,20,2,19,272,2,1,1,3,VICTOR CONTINSOUZA (QUAI,0.0,0.0
201300020339,6,9,2013,13,1,19,272,2,1,1,6,CLEMENCEAU (CES),0.0,0.0
201300020340,11,9,2013,7,1,19,272,2,1,8,7,"2, FAGES (RUE)",0.0,0.0
201300020341,5,10,2013,8,1,19,272,2,1,3,6,"35, ALSACE LORRAINE (AVE",0.0,0.0
201300020342,25,10,2013,10,1,19,272,2,1,1,6,"17G, DR VALETTE (RUE)",0.0,0.0
201300020343,9,12,2013,14,1,19,272,2,1,1,6,"25, ALSACE LORRAINE (AVE",0.0,0.0
201300020344,27,12,2013,11,1,19,272,2,1,2,1,"6, DR AIME AUDUBERT (RUE",0.0,0.0
201300020345,8,2,2013,2,3,19,275,1,4,9,6,BUSSIERTAS (RUE DE),45.56889,5.31835
201300020346,15,5,2013,9,1,19,275,2,1,3,6,THIERS (AVENUE) N PAIRS,45.54609,5.30652
201300020347,23,7,2013,15,1,19,275,2,3,1,3,CHABRAT (RUE ALPHONSE),45.54656,5.30685
201300020348,18,8,2013,11,1,19,275,2,3,1,4,NEUVIC (ROUTE DE),45.54242,5.30711
201300020349,9,11,2013,11,1,19,275,2,1,1,2,TURGOT (AVENUE) N IMPAI,45.54397,5.30248
201300020350,26,11,2013,13,1,19,275,2,1,1,6,4 FOCH (BOULEVARD),45.54675,5.30814
201300020351,29,12,2013,11,1,19,275,1,1,2,3,R.D. 1089 NORD,45.57436,5.35177
201300020352,13,7,2013,15,1,68,300,1,1,1,3,,47.79718,7.36108
201300020353,17,7,2013,17,1,68,289,1,1,1,3,,47.83091,7.32003
201300020354,23,7,2013,17,1,68,300,2,6,2,6,rue de la hardt,47.79058,7.37947
201300020355,7,8,2013,16,1,68,64,1,1,1,6,,47.81882,7.5428
201300020356,25,9,2013,8,1,68,20,2,1,1,3,rue de Battenheim,47.829,7.51
201300020357,22,10,2013,10,1,68,300,2,6,1,3,rue de Mulhouse,47.784,7.366
201300020358,5,12,2013,19,3,68,15,1,1,1,6,,47.81292,7.4384
201300020359,22,12,2013,3,3,68,64,1,1,1,6,,0.0,0.0
201300020360,16,2,2013,16,1,21,54,2,1,1,2,"16A, SEURRE (ROUTE DE)",0.0,0.0
201300020361,21,3,2013,13,1,21,54,2,3,1,5,JOIGNEAUX (RUE PIERRE),0.0,0.0
201300020362,18,4,2013,10,1,21,54,2,1,1,3,JOURSANVAULT (PLACE),0.0,0.0
201300020363,23,4,2013,14,1,21,54,2,2,1,6,CHEVIGNEROT (RUE DE),0.0,0.0
201300020364,4,5,2013,2,5,21,54,2,2,3,3,LORRAINE (RUE DE),0.0,0.0