Num_Acc,jour,mois,an,hr,condition_eclairage,departement,commune,condition_agglomeration,intersection,condition_atmosphere,type_collision,adresse,lattitude,longitude
201300020365,5,6,2013,17,1,21,54,2,1,1,2,"70, SAINT-NICOLAS (RUE D",0.0,0.0
201300020366,23,6,2013,18,1,21,54,2,1,1,3,"53, BRETONNIERE (RUE DU",0.0,0.0
201300020367,27,6,2013,13,1,21,54,2,1,1,3,"56, PERPREUIL (RUE DU FA",0.0,0.0
201300020368,1,7,2013,9,1,21,54,2,2,1,3,REON (RUE DE),0.0,0.0
201300020369,28,8,2013,12,1,21,54,2,1,1,3,COLBERT (RUE),0.0,0.0
201300020370,30,8,2013,11,1,21,54,2,1,1,3,MALMEDY (SQUARE),0.0,0.0
201300020371,3,10,2013,11,1,21,54,2,1,1,6,"10, GENET (COURS DU)",0.0,0.0
201300020372,3,10,2013,18,1,21,54,2,1,1,3,"1, FOCH (BOULEVARD MAREC",0.0,0.0
201300020373,19,10,2013,16,1,21,54,2,1,1,3,SAINT-JACQUES (BOULEVARD,0.0,0.0
201300020374,27,11,2013,10,1,21,54,2,1,1,3,"5, CLEMENCEAU (BOULEVARD",0.0,0.0
201300020375,2,1,2013,19,5,21,231,2,2,8,1,ARQUEBUSE (DE L') (RUE),0.0,0.0
201300020376,3,1,2013,18,5,21,231,2,2,1,6,PAUL DOUMER (BOULEVARD),0.0,0.0
201300020377,4,1,2013,20,5,21,231,2,2,8,6,"17, MARECHAL LYAUTEY (AV",0.0,0.0
201300020378,8,1,2013,3,5,21,231,2,6,1,6,8 MAI 1945 (ROND-POINT),0.0,0.0
201300020379,10,1,2013,12,1,21,231,2,9,2,3,"25, DEVOSGE (RUE)",0.0,0.0
201300020380,10,1,2013,9,1,21,231,2,3,2,6,MARIOTTE (RUE),0.0,0.0
201300020381,18,1,2013,8,2,21,231,2,9,1,6,PIERRE DE COUBERTIN (RUE,0.0,0.0
201300020382,18,1,2013,11,1,21,231,2,2,1,3,MARECHAL GALLIENI (BOULE,0.0,0.0
201300020383,30,1,2013,10,1,21,231,2,1,2,2,"8, CARNOT (BOULEVARD)",0.0,0.0
201300020384,5,2,2013,4,5,21,231,2,3,2,6,ARQUEBUSE (DE L') (RUE),0.0,0.0
201300020385,6,2,2013,19,5,21,231,2,4,2,6,"166, LONGVIC (DE) (RUE)",0.0,0.0
201300020386,7,2,2013,19,5,21,231,2,3,2,3,HENRI CAMP (BOULEVARD),0.0,0.0
201300020387,9,2,2013,20,5,21,231,2,1,1,5,"106, AUXONNE (D') (RUE)",0.0,0.0
201300020388,10,2,2013,5,5,21,231,2,7,1,6,WILSON (PLACE),0.0,0.0
201300020389,13,2,2013,17,2,21,231,2,3,1,3,JEANNE D'ARC (BOULEVARD),0.0,0.0
201300020390,18,2,2013,8,1,21,231,2,9,1,1,"19, DEVOSGE (RUE)",47.0,5.0
201300020391,20,2,2013,19,3,21,231,2,2,1,1,CHEVREUL (RUE),0.0,0.0
201300020392,28,2,2013,15,1,21,231,2,1,1,6,LOUIS ARAGON (RUE),0.0,0.0
201300020393,3,3,2013,18,5,21,355,2,1,1,2,"102, DIJON (DE) (ROUTE)",0.0,0.0
201300020394,7,3,2013,0,5,21,278,2,2,1,3,"2, AIGUILLOTTES (DES) (B",0.0,0.0
201300020395,9,3,2013,19,5,21,231,2,1,1,6,"26, LEONARD DE VINCI (RU",0.0,0.0
201300020396,9,4,2013,17,1,21,231,2,3,2,3,"179, GUSTAVE EIFFEL (AVE",0.0,0.0
201300020397,12,4,2013,11,1,21,231,2,1,1,6,"9, FORT DE LA MOTTE GIRO",0.0,0.0
201300020398,16,4,2013,19,2,21,231,2,3,1,6,"4, PONT DES TANNERIES (D",0.0,0.0
201300020399,19,4,2013,13,1,21,231,2,1,1,3,"53, PREFECTURE (DE LA) (",0.0,0.0
201300020400,3,5,2013,21,1,21,231,2,2,2,2,CHICAGO (DE) (BOULEVARD),0.0,0.0
201300020401,6,5,2013,11,1,21,166,2,4,1,6,LEON GAMBETTA (RUE),0.0,0.0
201300020402,6,5,2013,19,1,21,231,2,6,1,6,LANGRES (DE) (ROUTE),0.0,0.0
201300020403,7,5,2013,22,5,21,231,2,1,1,2,"5, PAUL CLAUDEL (RUE)",0.0,0.0
201300020404,15,5,2013,18,1,21,231,1,9,1,6,DEVOSGE (RUE),0.0,0.0
201300020405,17,5,2013,11,1,21,278,2,2,2,6,ALLOBROGES (DES) (BOULEV,0.0,0.0
201300020406,18,5,2013,8,1,21,231,2,2,1,2,VOIE EXPRESS,0.0,0.0
201300020407,22,5,2013,18,1,21,231,2,2,8,1,"1, BOUDRONNEE (DE LA) (R",0.0,0.0
201300020408,24,5,2013,10,1,21,231,2,1,1,6,"114, TALANT (DE) (RUE)",0.0,0.0
201300020409,5,6,2013,16,1,21,355,2,2,1,3,PREVOTS (DES) (RUE),0.0,0.0
201300020410,8,6,2013,0,5,21,231,2,3,1,3,"32, MONGE (RUE)",0.0,0.0
201300020411,9,6,2013,4,5,21,231,2,6,1,6,NATION (DE LA) (ROND POI,0.0,0.0
201300020412,13,6,2013,21,5,21,231,2,1,8,6,"12, GENERAL FAUCONNET (D",0.0,0.0
201300020413,14,6,2013,13,1,21,231,2,1,1,6,PERRIERES (DES) (RUE),0.0,0.0
201300020414,16,6,2013,12,1,21,231,2,1,1,2,"24, TALANT (DE) (RUE)",0.0,0.0
201300020415,17,6,2013,17,1,21,231,2,1,1,3,"1, CHANOINE KIR (BOULEVA",0.0,0.0
201300020416,26,6,2013,17,1,21,231,2,3,1,4,LANGRES (DE) (AVENUE),0.0,0.0
201300020417,1,7,2013,9,1,21,231,2,2,1,3,PASCAL (BOULEVARD),0.0,0.0
201300020418,1,7,2013,11,1,21,231,2,1,1,1,"220, AUXONNE (D') (RUE)",0.0,0.0
201300020419,2,7,2013,11,1,21,231,2,7,1,6,"2, MANSART (BOULEVARD)",0.0,0.0
201300020420,2,7,2013,17,1,21,231,2,7,1,6,"51, SAMBIN (RUE)",0.0,0.0
201300020421,2,7,2013,18,1,21,166,2,2,1,3,MARECHAL LECLERC (DU) (B,0.0,0.0
201300020422,5,7,2013,14,1,21,231,2,1,1,6,"1, STRASBOURG (DE) (BOUL",0.0,0.0
201300020423,8,7,2013,22,5,21,231,2,1,1,3,"34, GRAY (DE) (RUE)",0.0,0.0
201300020424,9,7,2013,11,1,21,231,2,1,1,3,LEON MAURIS (RUE),0.0,0.0
201300020425,11,7,2013,21,1,21,231,2,1,1,3,"9, CASTELNAU (RUE)",0.0,0.0
201300020426,14,7,2013,20,1,21,231,2,2,1,3,GUSTAVE EIFFEL (AVENUE),0.0,0.0
201300020427,16,7,2013,20,1,21,617,2,1,1,2,"17, RETISSEYS (DES) (RUE",0.0,0.0
201300020428,16,7,2013,16,1,21,231,2,2,1,1,PONT DES TANNERIES (DU),0.0,0.0
201300020429,17,7,2013,1,5,21,231,2,2,1,6,"74, DRAPEAU (DU) (AVENUE",0.0,0.0
201300020430,19,7,2013,23,5,21,231,2,2,1,3,"14, DIDEROT (RUE)",0.0,0.0
201300020431,16,7,2013,18,1,21,231,2,3,1,6,ALPHONSE LEGROS (RUE),0.0,0.0
201300020432,7,8,2013,18,1,21,231,2,7,8,6,"52, DEVOSGE (RUE)",0.0,0.0
201300020433,9,8,2013,10,1,21,231,2,3,1,6,DAUBENTON (RUE),0.0,0.0
201300020434,10,8,2013,15,1,21,231,2,2,1,1,LONGVIC (DE) (RUE),0.0,0.0
201300020435,13,8,2013,12,1,21,231,2,3,1,6,"13, CHICAGO (DE) (BOULEV",0.0,0.0
201300020436,14,8,2013,0,5,21,231,2,2,1,3,GUSTAVE EIFFEL (AVENUE),0.0,0.0
201300020437,21,8,2013,8,1,21,231,2,4,1,4,GEORGES POMPIDOU (VOIE),0.0,0.0
201300020438,22,8,2013,22,5,21,231,2,7,1,2,REPUBLIQUE (DE LA) (PLAC,0.0,0.0
201300020439,22,8,2013,19,1,21,231,2,1,1,2,"4, GEORGES SIMENON (RUE)",0.0,0.0
201300020440,30,8,2013,19,1,21,231,2,3,1,1,"59, MIRANDE (DE) (RUE)",0.0,0.0
201300020441,7,9,2013,1,5,21,231,2,7,2,2,"3, BARBE (PLACE)",0.0,0.0
201300020442,11,9,2013,23,5,21,231,2,2,2,2,"11, MONTMARTRE (RUE)",0.0,0.0
201300020443,14,9,2013,5,5,21,231,2,3,1,6,"33, OUEST (DE L') (BOULE",0.0,0.0
201300020444,5,10,2013,16,1,21,355,2,2,2,3,DIJON (DE) (ROUTE),0.0,0.0
201300020445,15,10,2013,17,1,21,231,2,9,2,5,"81, MONGE (RUE)",0.0,0.0
201300020446,16,10,2013,15,1,21,355,2,2,1,6,"9, DIJON (DE) (ROUTE)",0.0,0.0
201300020447,16,10,2013,19,5,21,231,2,1,2,5,"50, AUXONNE (D') (RUE)",0.0,0.0
201300020448,17,10,2013,12,1,21,231,2,2,1,3,LAMONNOYE (RUE),0.0,0.0
201300020449,26,10,2013,10,1,21,231,2,3,1,6,BATAILLON DE CHOC (DU) (,0.0,0.0
201300020450,5,11,2013,18,5,21,231,2,2,2,6,"23, CARNOT (BOULEVARD)",0.0,0.0
201300020451,6,11,2013,14,1,21,231,2,3,1,6,"68, TRANSVAAL (DU) (RUE)",0.0,0.0
201300020452,6,11,2013,23,5,21,231,2,3,1,6,HOPITAL (DE L') (RUE),0.0,0.0
201300020453,8,11,2013,11,1,21,231,2,1,2,3,"43, DEVOSGE (RUE)",0.0,0.0
201300020454,14,11,2013,21,5,21,231,2,3,2,3,"142, AUXONNE (D') (RUE)",0.0,0.0
201300020455,15,11,2013,11,1,21,231,2,1,1,2,"21, JEAN JAURES (AVENUE)",0.0,0.0
201300020456,22,11,2013,13,1,21,355,2,3,1,3,DIJON (DE) (ROUTE),0.0,0.0
201300020457,23,11,2013,18,1,21,231,2,3,1,1,LANGRES (DE) (AVENUE),0.0,0.0
201300020458,24,11,2013,11,1,21,278,2,3,1,3,"14, COTES D'AHUY (RUE DE",0.0,0.0
201300020459,27,11,2013,18,5,21,231,2,2,1,6,"24, JOUVENCE (DE) (RUE)",0.0,0.0
201300020460,28,11,2013,6,5,21,355,2,2,1,1,INDUSTRIES (DES) (BOULEV,0.0,0.0
201300020461,6,12,2013,14,1,21,166,2,2,1,1,ROLAND CARRAZ (AVENUE),0.0,0.0
201300020462,18,12,2013,17,5,21,231,2,6,1,6,PAUL DOUMER (BOULEVARD),0.0,0.0
201300020463,20,12,2013,4,5,21,231,2,7,1,7,30 OCTOBRE ET DE LA LEGI,0.0,0.0
201300020464,28,12,2013,7,5,21,231,2,9,2,1,"3, OUEST (DE L') (BOULEV",0.0,0.0
201300020465,1,5,2013,16,1,42,271,1,3,1,3,,45.4506,4.60704
201300020466,26,5,2013,20,1,42,32,1,1,1,1,,45.50715,4.54151
201300020467,20,7,2013,4,3,42,308,1,1,1,7,,45.46624,4.58404
201300020468,20,7,2013,23,3,42,308,1,1,8,7,,45.46495,4.5843
201300020469,27,8,2013,20,2,42,271,2,1,2,1,47 route de la terrasse,45.47634,4.5821
201300020470,11,11,2013,16,1,42,167,1,1,1,1,,45.46285,4.64878
201300020471,18,12,2013,20,3,42,32,1,1,8,1,,45.5175,4.5426
201300020472,10,1,2013,7,5,22,50,2,1,2,6,"1, CAPITAINE HESRY (RUE)",0.0,0.0
201300020473,14,3,2013,8,1,22,50,2,1,4,6,"14, RUE DES ROUAIRIES",48.4542,-2.05027
201300020474,6,4,2013,1,3,22,50,1,1,1,7,CHEMIN FONTAINE EAUX,48.46815,-2.03944
201300020475,21,4,2013,20,2,22,50,2,3,1,3,ESPERANCE/CHATEAUBRIAND,48.45076,-2.04751
201300020476,2,5,2013,16,1,22,50,2,1,1,1,CHEMIN DU PONT PINET,48.46087,-2.04922
201300020477,23,5,2013,15,1,22,50,2,1,1,6,RUE DE SAINT MALO,48.45605,-2.04336
201300020478,15,7,2013,17,1,22,50,2,1,1,6,Bd EXMOUTH,48.46193,-2.04195
201300020479,16,7,2013,16,1,22,50,2,3,1,3,Bd AUBERT/PEDRON,48.46196,-2.04519
201300020480,22,8,2013,17,1,22,50,2,1,7,6,17 RUE DES ROUAIRIES,48.45415,-2.0504
201300020481,20,8,2013,17,1,22,50,2,1,1,6,22. RUE DES ROUAIRIES,48.4541,-2.05098
201300020482,3,1,2013,13,1,22,113,2,1,1,2,QUAI D'AIGUILLON,48.73132,-3.46033
201300020483,9,1,2013,9,1,22,113,2,1,2,6,ROUTE DE TREBEURDEN,48.73781,-3.46766
201300020484,21,1,2013,12,1,22,113,2,1,3,1,RUE DES CORDIERS,48.73185,-3.44397
201300020485,23,1,2013,19,3,22,113,2,1,1,7,RD 767,48.74724,-3.44734
201300020486,12,2,2013,12,1,22,113,1,1,2,5,RD 767,48.73921,-3.43966
201300020487,18,2,2013,8,1,22,113,1,6,9,7,CHEMIN DE KERZOLLES,48.75116,-3.45896
201300020488,21,2,2013,18,1,22,113,2,6,8,7,RUE EDOUARD BRANLY,48.75728,-3.45155
201300020489,27,2,2013,14,1,22,113,2,1,1,6,PARKING AIGUILLON,48.73099,-3.46051
201300020490,9,3,2013,16,1,22,113,2,6,1,3,Rt TREGUIER/PERROS,48.73543,-3.43668
201300020491,8,4,2013,19,1,22,113,2,1,1,6,RUE DES HARAS,48.73117,-3.45219
201300020492,12,4,2013,13,1,22,113,2,6,2,2,RUE DE BUZULZO,48.72774,-3.45971
201300020493,12,4,2013,18,1,22,113,1,1,2,4,ROUTE DE KERMARIA SULARD,48.75208,-3.41249
201300020494,7,5,2013,20,1,22,113,2,2,1,3,Bd MENDES FRANCE,48.73038,-3.46886
201300020495,7,5,2013,10,1,22,113,2,1,1,6,PARKING DE KERMARIA,48.7275,-3.45707
201300020496,31,5,2013,17,1,22,113,2,1,1,2,SAINT MARC (RUE DE),48.7339,-3.44239
201300020497,13,6,2013,17,1,22,113,2,1,1,3,1 RUE DE TROROZEC,48.72702,-3.46098
201300020498,9,6,2013,16,1,22,113,2,1,1,7,7 RUE DES FRERES LAGADEC,48.72766,-3.46606
201300020499,14,6,2013,13,1,22,113,2,6,1,6,,48.75129,-3.45894
201300020500,27,6,2013,8,1,22,113,2,3,1,3,RuE J D'ARC/Pl MARCHALLA,48.7328,-3.45682
201300020501,10,7,2013,14,1,22,113,1,1,1,3,PERROS (ROUTE DE),0.0,0.0
201300020502,13,7,2013,8,1,22,113,2,1,1,2,"14, ALLEE PALAIS JUSTICE",48.72817,-3.45783
201300020503,14,8,2013,18,1,22,113,2,1,1,2,43 BOULEVARD D'ARMOR,48.74663,-3.46421
201300020504,16,8,2013,11,1,22,113,1,1,1,2,"80,RUE FRERES LAGADEC",48.72487,-3.47259
201300020505,20,8,2013,17,1,22,113,2,1,1,4,"49, ROUTE DE TREGUIER",48.73846,-3.43129
201300020506,22,8,2013,9,1,22,113,2,6,1,3,RUE DE SAINT MARC,48.73426,-3.44044
201300020507,16,8,2013,8,1,22,113,2,1,1,7,RUE DE  TROROSEC,48.72665,-3.46098
201300020508,24,9,2013,10,1,22,113,2,1,1,6,ALLEE G.CLEMENCEAU,48.72894,-3.45989
201300020509,28,9,2013,10,1,22,113,2,3,9,3,Rte TREBEURDEN/Rés BREIZ,48.74099,-3.46826
201300020510,4,10,2013,9,1,22,113,2,1,1,7,POMPIDOU (RUE GEORGES),0.0,0.0
201300020511,21,11,2013,18,5,22,113,1,6,3,3,RUSQUET (ROND POINT DU),48.75113,-3.44864
201300020512,25,11,2013,8,3,22,113,1,1,1,2,R.D.767,48.71634,-3.4012
201300020513,15,12,2013,19,3,22,113,1,1,2,6,R.D.767,48.71468,-3.39629
201300020514,7,12,2013,12,1,22,113,2,1,1,7,R.D.767 pasDOS GEO,48.74428,-3.44487
201300020515,13,12,2013,14,1,22,113,1,1,1,7,KER AR FAOUT (CHEMIN DE),48.75588,-3.48459
201300020516,14,12,2013,10,1,22,113,1,9,1,3,TREGASTELPAS DOS GEO,48.7651,-3.47753
201300020517,9,12,2013,18,2,22,113,2,1,1,7,BOUTIL pas dos geo,48.72417,-3.42987
201300020518,22,7,2013,21,1,22,113,1,1,1,6,"50, BEG LEGUER (ROUTE DE",48.74181,-3.50958
201300020519,3,1,2013,18,5,22,215,2,1,1,4,5 Rue du 14 Juillet 1789,48.49946,-2.78374
201300020520,4,1,2013,19,5,22,278,2,3,1,3,RUE RAHUEL/FRANC TIREURS,48.50662,-2.74868
201300020521,9,1,2013,12,1,22,106,2,1,1,3,8 RUE JM BAUDET,48.49694,-2.72265
201300020522,11,1,2013,13,1,22,106,1,1,1,6,PARKING CARREFOUR,48.49565,-2.72887
201300020523,11,1,2013,12,1,22,278,2,1,1,1,30 RUE DE LA REPUBLIQUE,48.52007,-2.73187
201300020524,12,1,2013,20,5,22,278,2,3,1,3,Bd AUVERGNE/A. CROIZAT,48.51366,-2.77493
201300020525,12,1,2013,2,5,22,278,2,1,1,7,47 RUE ABBE GARNIER,48.50509,-2.76183
201300020526,15,1,2013,18,5,22,278,2,1,2,6,7 RUE ABBE GARNIER,48.50617,-2.76119
201300020527,16,1,2013,18,5,22,106,2,3,1,3,RUE DE BREST/MORGAN,48.50064,-2.72651
201300020528,21,1,2013,8,2,22,360,1,1,4,7,RD 222,48.47875,-2.7725
201300020529,22,1,2013,11,1,22,278,2,1,2,1,"31, RUE MICAUDERIE",48.52481,-2.797
201300020530,26,1,2013,4,5,22,278,2,2,2,1,RUE CORDERIE/TOUR AUVERG,48.51555,-2.77361
201300020531,31,1,2013,21,3,22,360,1,6,1,7,Echangeur du Guerneau,48.47808,-2.76803
201300020532,6,2,2013,1,3,22,360,1,1,1,7,RUE DE LA VALLEE,48.48182,-2.69135
201300020533,11,2,2013,9,1,22,278,2,1,8,7,CENTRE COMMERCIAL GEANT,48.51957,-2.7918
201300020534,16,2,2013,19,5,22,360,2,1,1,3,RUE MARC SEGUIN,48.48811,-2.72112
201300020535,19,2,2013,18,2,22,278,2,1,1,2,101 RUE DE GOUEDIC,48.50787,-2.75194
201300020536,23,2,2013,10,1,22,360,1,1,8,7,RUE DES VALLEES,48.48293,-2.6916
201300020537,24,2,2013,2,5,22,278,2,1,1,7,RUE MONGE,48.49971,-2.74264
201300020538,26,2,2013,18,2,22,215,2,1,1,6,5BIS Rue FONTAINE MORIN,48.49093,-2.79393
201300020539,26,2,2013,18,2,22,215,2,3,1,3,RUE DES CROIX/GOELO,48.48856,-2.78507
201300020540,5,3,2013,17,1,22,360,1,3,1,4,RUE DES VALLEES/CALMET,48.47881,-2.7101
201300020541,5,3,2013,17,1,22,278,2,1,1,4,36 RUE DE PARIS,48.50412,-2.74141
201300020542,7,3,2013,19,1,22,278,2,6,1,3,RUE DE PARIS/ALEMBERT,48.50377,-2.74065
201300020543,8,3,2013,16,1,22,360,1,3,1,2,RUES VALLEES,48.48181,-2.6931
201300020544,20,3,2013,7,1,22,278,2,3,1,3,"36, TROIS-FRERES-LE-GOFF",48.51671,-2.7649
201300020545,21,3,2013,18,2,22,215,1,1,3,2,RUE DU PONT NOIR,48.48952,-2.83794
201300020546,21,3,2013,13,1,22,278,2,6,1,3,RUE MONGE/BERTHOLLET,48.50079,-2.74102
201300020547,28,3,2013,18,1,22,278,2,3,1,3,RUE LOUIS BLANC/VILLON,48.49896,-2.76853
201300020548,29,3,2013,17,1,22,215,1,1,2,3,RUE DU PONT DES ILES,48.52308,-2.81818
201300020549,29,3,2013,19,2,22,215,1,1,2,7,RUE DU PONT DES ISLES,48.5257,-2.82316
201300020550,29,3,2013,19,3,22,215,2,1,1,7,RUE DES VILLES MOISAN,48.49843,-2.77196
201300020551,30,3,2013,16,1,22,278,2,3,1,3,"48, RUE DU DR RAHUEL",48.5064,-2.74778
201300020552,30,3,2013,15,1,22,106,1,1,1,3,"0, RN12",48.49759,-2.72498
201300020553,3,4,2013,9,1,22,278,2,1,1,6,RUE DE ROHAN,48.5133,-2.76271
201300020554,3,4,2013,7,2,22,278,2,6,1,6,RUE MONGE,48.50081,-2.74083
201300020555,5,4,2013,8,2,22,215,1,1,8,4,RUE DU PONT NOIR,48.48967,-2.84151
201300020556,5,4,2013,17,1,22,215,1,1,2,7,RUE DU PONT DES ISLES,48.52567,-2.82271
201300020557,11,4,2013,13,1,22,278,2,1,3,2,"65, RUECHAPTAL",48.50778,-2.73297
201300020558,11,4,2013,12,1,22,278,2,1,1,7,RUE DU LEGUE,48.52276,-2.76115
201300020559,13,4,2013,15,1,22,360,1,1,1,7,32 RUE DE LA LANDE,48.47923,-2.70965
201300020560,15,4,2013,18,1,22,360,1,1,1,1,RUE DES ROCHERS,48.4717,-2.75177
201300020561,21,4,2013,3,5,22,278,2,6,1,7,Rd Pt ABERYSTWYTH,48.49774,-2.75295
201300020562,19,4,2013,18,1,22,106,2,1,1,7,CHEMIN DES NOUETTES,48.51352,-2.70907
201300020563,26,4,2013,9,1,22,360,1,3,1,5,RUE VALLEES/PETIT BOIS,48.4779,-2.71898
201300020564,25,4,2013,15,1,22,278,2,1,1,7,Esplanade Raoul Poupard,48.51115,-2.75558
201300020565,27,4,2013,1,4,22,106,2,1,1,7,"15, RUE DE RENNES",48.49422,-2.71362
201300020566,5,5,2013,4,5,22,215,2,1,1,7,4 RUE DE BEL AIR,48.49747,-2.78978
201300020567,7,5,2013,14,1,22,278,2,1,1,6,"53, Bd CLEMENCEAU",48.5074,-2.76064
201300020568,13,5,2013,21,2,22,278,2,1,1,7,25 RUE CORDIERE,48.50928,-2.76842
201300020569,13,5,2013,16,1,22,278,2,4,1,3,RUE FONTAINE/NOTRE DAME,48.51609,-2.76973
201300020570,14,5,2013,13,1,22,278,2,6,1,7,Rd Pt des Gallois,48.49698,-2.74718
201300020571,1,5,2013,4,3,22,360,2,1,1,7,19 Rue René Bazin,48.49542,-2.73827
201300020572,16,5,2013,7,2,22,360,2,6,1,3,RUE D'ARMOR/STE MARIE,48.4839,-2.73487
201300020573,21,5,2013,17,1,22,106,2,1,1,7,10 RUE JULES VERNE,48.49663,-2.73378
201300020574,21,5,2013,18,1,22,278,2,6,1,3,RUE ET AV PROMENADES,48.51364,-2.75722
201300020575,23,5,2013,18,1,22,278,2,2,1,3,RUE A LORRAINE/KLEBER,48.5086,-2.76113
201300020576,24,5,2013,14,1,22,215,2,2,1,3,RUE QUARTIERS/CROIX FICH,48.49472,-2.79636
201300020577,5,6,2013,16,1,22,278,2,1,1,6,8 Bd de l'Atlantique,48.51906,-2.78596
201300020578,9,6,2013,17,1,22,360,1,1,1,7,D 700,48.48263,-2.76591
201300020579,14,6,2013,17,1,22,278,2,1,1,6,109 RUE DE TREGUEUX,48.49862,-2.75409
201300020580,15,6,2013,11,1,22,278,2,6,1,7,BD HOCHE/PONT CHAPER,48.50362,-2.76263
201300020581,22,6,2013,17,1,22,278,2,6,1,3,RUE GARE/71ème RI,48.51109,-2.76235
201300020582,26,6,2013,14,1,22,278,2,1,1,7,36 RUE DE BREST,48.51465,-2.77014
201300020583,29,6,2013,9,1,22,215,2,1,2,7,RUE DES CHATELETS,48.46865,-2.79753
201300020584,1,7,2013,7,2,22,278,2,1,8,3,6 RUE DE QUITIN,48.5121,-2.76817
201300020585,1,7,2013,17,1,22,215,2,3,1,2,RUE DU 14 JUILLET/DIMES,48.49716,-2.79102
201300020586,2,7,2013,17,1,22,215,2,2,2,3,RUE G. METAIRIE/VERGER,48.49474,-2.79634
201300020587,3,7,2013,18,1,22,278,2,1,1,6,13 RUE ABBE GARNIER,48.50617,-2.76122
201300020588,9,7,2013,17,1,22,278,2,2,1,2,4 RUE PIERRE SEMARD,48.50721,-2.77211
201300020589,10,7,2013,10,1,22,360,1,1,1,2,RN12,48.48693,-2.71808
201300020590,11,7,2013,11,1,22,278,2,1,1,6,5 RUE ST BENOIT,48.51471,-2.75908
201300020591,11,7,2013,22,2,22,215,1,3,1,2,RUE DU FROS/VILLE BILY,48.50362,-2.80305
201300020592,13,7,2013,0,5,22,278,2,3,1,3,Av LIBERATION/GOUEDIC,48.51151,-2.75805
201300020593,16,7,2013,20,1,22,106,2,1,1,7,16 RUE DU BIGNON,48.5051,-2.72289
201300020594,20,7,2013,21,2,22,278,2,2,1,1,RUE DE PARIS/AMPERE,48.50256,-2.73803
201300020595,20,7,2013,19,1,22,278,2,6,1,3,RUE DU 71ème RI,48.51096,-2.75929
201300020596,24,7,2013,9,1,22,360,2,1,1,4,RN12,48.48336,-2.70006
201300020597,23,7,2013,19,1,22,278,2,1,1,3,PARKING QUAI ARMEZ,48.52337,-2.7496
201300020598,24,7,2013,14,1,22,278,2,1,1,6,"5, SAINT-FRANCOIS",48.51175,-2.75933
201300020599,28,7,2013,4,5,22,278,2,6,1,7,Bd CHARNER,48.50802,-2.76446
201300020600,27,7,2013,17,1,22,278,2,1,2,3,VIEILLE COTE DE GOUET,48.52187,-2.76447
201300020601,27,7,2013,16,1,22,215,1,1,3,1,RUE DU PONT DES ISLES,48.52563,-2.82305
201300020602,29,7,2013,16,1,22,278,2,1,1,4,RUE PROSPER MERIMEE,48.49479,-2.7525
201300020603,30,7,2013,18,1,22,278,2,1,1,2,RUE DU VAU LOUIS,48.49325,-2.74832
201300020604,31,7,2013,11,1,22,278,2,1,1,2,VIEILLE COTE DE GOUET,48.51829,-2.76545
201300020605,5,8,2013,18,1,22,278,2,4,1,7,6 RUE VILLE MALANTE,48.49369,-2.74595
201300020606,8,8,2013,16,1,22,106,1,3,1,3,RUE FREYSSINET,48.49764,-2.72801
201300020607,8,8,2013,19,1,22,278,2,2,1,7,rue vieux séminaire/gare,48.50982,-2.76514
201300020608,14,8,2013,11,1,22,278,2,1,1,3,Boulevard SEVIGNE,48.51242,-2.75546
201300020609,17,8,2013,16,1,22,278,2,1,1,2,"43,RUE DU MARECHAL FOCH",48.51561,-2.75944
201300020610,20,8,2013,14,1,22,215,2,2,1,1,RUE PONT NOIR/BRESSIN,48.48959,-2.81679
201300020611,20,8,2013,16,1,22,360,2,1,1,4,"25,RUE DE LA REPUBLIQUE",48.49192,-2.73856
201300020612,22,8,2013,1,5,22,278,2,1,1,6,"0, BECQUEREL (HENRI)",48.49938,-2.75026
201300020613,22,8,2013,15,1,22,360,1,1,1,7,RUE PROSPER MERIMEE,48.4931,-2.76073
201300020614,27,8,2013,14,1,22,278,2,6,1,2,ROND POINT DES GALLOIS,48.49716,-2.74704
201300020615,28,8,2013,9,1,22,106,2,4,1,3,"GUSTAVE, EIFFEL/DOUVENAN",48.49903,-2.73711
201300020616,28,8,2013,16,1,22,360,2,1,1,7,RUE MARC SEGUIN,48.48593,-2.71659
201300020617,28,8,2013,18,1,22,278,2,1,1,6,RUE DE LA VILLE GUEURY,48.48989,-2.75484
201300020618,2,9,2013,6,5,22,278,2,6,1,3,"1, PONT-CHAPET/TREGUEUX",48.50353,-2.76228
201300020619,1,9,2013,9,1,22,106,2,6,1,3,Rd Pt Côté Mer,48.49648,-2.72348
201300020620,1,9,2013,20,2,22,278,2,3,1,3,RUE VAU LOUIS/GUEHENNO,48.49444,-2.74551
201300020621,3,9,2013,10,1,22,106,1,1,1,3,RN12,48.50407,-2.73188
201300020622,3,9,2013,17,1,22,278,2,1,1,6,18 RUE DE GOUEDIC,48.51024,-2.75617
201300020623,5,9,2013,15,1,22,187,2,3,1,6,"12, RUE DE LA CHAPELLE",48.55952,-2.77458
201300020624,5,9,2013,19,1,22,215,2,3,1,1,"2ter, RUE DU VERGER",48.49521,-2.79656