Num_Acc,jour,mois,an,hr,condition_eclairage,departement,commune,condition_agglomeration,intersection,condition_atmosphere,type_collision,adresse,lattitude,longitude
201300020625,12,9,2013,8,1,22,187,2,1,1,7,"31, RUE DU VIADUC",48.52722,-2.76986
201300020626,6,9,2013,8,2,22,278,2,6,2,7,Rd Pt des Gallois,48.49695,-2.74716
201300020627,7,9,2013,21,5,22,278,2,1,1,7,RUE LE FLOCH,48.52228,-2.72767
201300020628,9,9,2013,11,1,22,106,2,1,1,7,"15 bis, Rue Pierre Loti",48.49621,-2.69131
201300020629,17,9,2013,9,1,22,278,2,1,1,6,"77, RUE BAGOT",48.51331,-2.78163
201300020630,19,9,2013,9,1,22,215,2,6,1,3,RUE DES VILLES MOISAN,48.49809,-2.77241
201300020631,18,9,2013,9,1,22,278,2,3,1,3,LE MONNIER VILLE GUYOMAR,48.5247,-2.78637
201300020632,18,9,2013,11,1,22,278,2,1,2,7,BD SEVIGNE,48.51135,-2.75831
201300020633,20,9,2013,17,1,22,278,2,3,1,3,14 RUE DE PARIS,48.50516,-2.74386
201300020634,20,9,2013,20,5,22,278,2,6,1,3,Rue L MARTYRS/GARE,48.5112,-2.7623
201300020635,24,9,2013,10,1,22,106,1,1,1,2,RN 12,48.49914,-2.72597
201300020636,28,9,2013,0,3,22,360,1,1,1,7,"0, D 700",0.0,0.0
201300020637,29,9,2013,1,3,22,360,1,1,1,7,RUE DU BOCAGE,48.48182,-2.75663
201300020638,29,9,2013,1,3,22,106,2,1,1,7,RUE DE BRETAGNE,48.4909,-2.71761
201300020639,30,9,2013,16,1,22,278,2,1,1,2,"62, RUE ROCHE GAUTIER",48.4892,-2.75295
201300020640,1,10,2013,8,2,22,278,2,1,1,6,Bd SEVIGNE,48.51224,-2.75592
201300020641,27,9,2013,15,1,22,187,1,1,1,7,RUE DE COLVE,48.53104,-2.7814
201300020642,5,10,2013,12,1,22,278,2,1,1,3,"93,RUE THEODULE RIBOT",48.51847,-2.78289
201300020643,6,10,2013,17,1,22,278,2,3,1,3,RUE DU Dr RAHUEL,48.50721,-2.75075
201300020644,4,10,2013,21,5,22,187,1,4,1,3,SEPULCRE,48.54278,-2.83608
201300020645,7,10,2013,16,1,22,278,2,1,7,6,1 BD SEVIGNE,48.51225,-2.75591
201300020646,11,10,2013,12,1,22,278,2,9,2,6,Bd de la CHALOTAIS,48.51314,-2.75357
201300020647,11,10,2013,12,1,22,187,2,9,1,3,RUE VILLE NEUVE,48.53638,-2.76327
201300020648,12,10,2013,23,3,22,360,1,6,1,7,RUE DU GUERNEAU,48.47792,-2.76806
201300020649,13,10,2013,20,5,22,278,2,9,1,6,"44Bd, CHARNER",48.50841,-2.76885
201300020650,17,10,2013,8,2,22,215,1,1,1,7,RUE DU CARPONT,48.50135,-2.77694
201300020651,18,10,2013,11,1,22,278,2,1,1,6,"25,RUE DE QUINTIN",48.51134,-2.76882
201300020652,20,10,2013,16,1,22,215,1,2,1,3,RUE DE MERLET,48.48961,-2.81686
201300020653,18,10,2013,10,1,22,278,2,1,1,6,GLAIS-BIZOIN (ET PL.),0.0,0.0
201300020654,17,10,2013,15,1,22,215,1,1,1,6,Parking centre leclerc,48.49908,-2.77811
201300020655,21,10,2013,9,1,22,106,2,1,1,7,"60, RUE DE RENNES",48.49272,-2.70852
201300020656,21,10,2013,14,1,22,278,2,1,1,7,"8, RUE AUGUSTE BLANQUI",48.49842,-2.75131
201300020657,22,10,2013,15,1,22,278,2,2,1,2,"1, FERRY (JULES)",48.50633,-2.76582
201300020658,18,10,2013,10,1,22,278,2,1,1,2,62 Bd Waldeck Rousseau.,48.50764,-2.75956
201300020659,27,10,2013,5,5,22,278,2,6,1,6,"0, APOLLINAIRE (GUILLAUM",48.49728,-2.7471
201300020660,28,10,2013,7,1,22,215,2,1,1,7,41 RUE DE BEAUCEMAINE,48.48009,-2.80772
201300020661,29,10,2013,20,5,22,278,2,1,1,7,37 Bd HOCHE,48.50406,-2.76471
201300020662,1,11,2013,16,1,22,187,2,1,2,3,RUE DU VIADUC,48.52461,-2.76297
201300020663,5,11,2013,19,5,22,278,2,1,2,6,"15,BD LAENNEC",48.50953,-2.77259
201300020664,8,11,2013,19,4,22,278,2,1,1,6,"69, ATLANTIQUE (BD) N?1",48.51921,-2.79134
201300020665,8,11,2013,20,4,22,187,1,9,2,5,RN12,48.53553,-2.75956
201300020666,7,11,2013,18,3,22,187,2,1,3,2,L' ARRIVEE,48.54867,-2.79411
201300020667,9,11,2013,11,1,22,360,1,1,1,7,URNE (RUE DE L'),48.47728,-2.75099
201300020668,13,11,2013,7,2,22,278,1,1,1,6,FRANCE (AV. DE),48.508,-2.73706
201300020669,15,11,2013,7,2,22,278,2,2,1,6,"0, LE BAIL (MAX)",48.50857,-2.74285
201300020670,16,11,2013,11,1,22,278,2,1,1,7,GARE S.N.C.F.,48.50771,-2.76588
201300020671,19,11,2013,11,1,22,278,2,2,2,3,RUE DU JURA,48.51308,-2.79128
201300020672,20,11,2013,23,3,22,106,1,1,4,6,RN12,48.48284,-2.69464
201300020673,21,11,2013,18,3,22,187,1,1,2,2,RN12,48.53601,-2.75996
201300020674,22,11,2013,13,1,22,360,1,6,2,7,BOCAGE (RUE DU),48.48341,-2.74894
201300020675,25,11,2013,16,1,22,278,2,3,1,6,"80, ATLANTIQUE (BD) N?58",48.51909,-2.78614
201300020676,25,11,2013,19,3,22,360,1,1,1,7,RN12,48.48677,-2.7179
201300020677,25,11,2013,19,5,22,215,2,1,1,6,"8, GRANDE METAIRIE (RUE",48.49386,-2.7982
201300020678,26,11,2013,11,1,22,278,2,2,1,3,"0, LE MEE (SERGENT)",48.50803,-2.7492
201300020679,27,11,2013,18,5,22,278,2,2,2,2,"0, RUE DU Dr ROCHARD",48.5169,-2.7581
201300020680,28,11,2013,9,1,22,278,2,6,1,6,RD-PT F MITTERRAND,48.50796,-2.76443
201300020681,30,11,2013,13,1,22,278,1,1,1,7,RN12,48.50835,-2.73741
201300020682,1,12,2013,0,5,22,187,2,6,1,6,RUE DE BEAUREGARD,48.52341,-2.76418
201300020683,2,12,2013,13,1,22,215,2,3,1,2,RUE DE  BEL-AIR,48.49854,-2.78593
201300020684,4,12,2013,17,1,22,278,2,1,1,6,rue du 71è RI,48.51105,-2.76111
201300020685,5,12,2013,11,1,22,278,2,2,1,7,"0, ROUGET-DE-LISLE",48.49546,-2.75872
201300020686,6,12,2013,19,3,22,187,1,2,1,3,"0, D706",48.54276,-2.83616
201300020687,9,12,2013,16,1,22,187,2,6,1,3,VILLE GICQUELpas dos geo,48.53002,-2.7613
201300020688,10,12,2013,7,2,22,278,2,2,1,6,RUE DE LA  CORDERIE,48.51549,-2.77349
201300020689,13,12,2013,5,5,22,278,2,6,1,3,LYCEENS-MARTYRS (DES),48.51113,-2.76243
201300020690,14,12,2013,21,5,22,360,1,1,2,1,"2,RUE DE L'  ATLANTIQUE",48.47742,-2.72265
201300020691,17,12,2013,13,1,22,215,1,1,1,7,RUE DU PONT DES ILES,48.5257,-2.82305
201300020692,18,12,2013,7,5,22,278,2,2,2,6,"0, MONGE",48.50247,-2.73821
201300020693,18,12,2013,11,1,22,278,2,3,1,2,RUE AMPERE,48.5036,-2.7363
201300020694,19,12,2013,11,1,22,360,1,1,1,2,RN12,48.4827,-2.69143
201300020695,20,12,2013,6,3,22,360,1,1,9,6,RUE DE ROCHERS,48.46817,-2.75186
201300020696,20,12,2013,8,2,22,278,2,1,2,6,Bd de la TOUR-D'AUVERGNE,48.515,-2.77399
201300020697,20,12,2013,19,5,22,278,2,3,1,6,RUE EDMOND ROSTAND,48.51634,-2.73501
201300020698,20,12,2013,22,5,22,278,2,1,1,7,RUE DE LA SOLIDARITE,48.51328,-2.73898
201300020699,22,12,2013,16,1,22,360,1,6,2,7,Rond Point Brézillet,48.49318,-2.7617
201300020700,23,12,2013,9,5,22,278,2,6,2,2,AGADEZ (ROND-POINT),48.51044,-2.78309
201300020701,23,12,2013,16,1,22,187,1,1,3,6,RN12,48.54582,-2.78807
201300020702,23,12,2013,18,5,22,278,2,1,3,6,BD  CLEMENCEAU,48.50687,-2.76084
201300020703,7,1,2013,16,1,23,96,2,2,1,3,CHARLES DE GAULLE (AVENU,0.0,0.0
201300020704,9,1,2013,8,1,23,96,1,1,5,3,940 (ROUTE DEPARTEMENTAL,0.0,0.0
201300020705,13,2,2013,12,1,23,96,2,1,1,6,"24, MANOUVRIER (AVENUE)",46.16944,1.87562
201300020706,15,3,2013,8,1,23,96,2,1,1,6,"8, CHARLES DE GAULLE (AV",46.16972,1.87439
201300020707,30,4,2013,12,1,23,96,1,3,5,1,940 (ROUTE DEPARTEMENTAL,0.0,0.0
201300020708,11,5,2013,0,5,23,96,2,2,2,3,", ZOLA (BOULEVARD EMILE)",0.0,0.0
201300020709,15,5,2013,15,1,23,96,2,2,1,3,"16, ARSONVAL (RUE D')",0.0,0.0
201300020710,27,5,2013,17,1,23,96,2,2,1,3,"25, ARSONVAL (RUE D')",0.0,0.0
201300020711,3,6,2013,21,1,23,96,2,1,1,6,"74, LIMOUSIN (AVENUE DU)",0.0,0.0
201300020712,21,6,2013,17,1,23,96,2,3,1,2,BOURBONNAIS (AVENUE),0.0,0.0
201300020713,11,7,2013,10,1,23,96,2,1,1,6,"0, MARCHE(PLACE DU)",0.0,0.0
201300020714,17,7,2013,7,1,23,96,2,1,1,3,BREUIL (ROUTE),0.0,0.0
201300020715,6,12,2013,7,5,23,96,2,1,2,6,"27, COURTILLE (ROUTE DE)",0.0,0.0
201300020716,29,11,2013,18,3,23,96,1,1,2,5,RN 145,0.0,0.0
201300020717,19,1,2013,22,5,24,140,2,6,3,3,ROUTE DE SARLAT,44.8496,0.53435
201300020718,6,2,2013,10,1,24,37,2,3,1,6,"25, RUE DOCTEUR SIMOUNET",44.8532,0.49229
201300020719,14,2,2013,18,4,24,37,2,1,2,6,"93, RUE VALETTE",44.8564,0.47632
201300020720,30,3,2013,14,1,24,274,1,1,3,6,ROUTE DE LA FERRIERE,44.8153,0.43563
201300020721,27,3,2013,18,1,24,37,2,1,1,6,RUE BEAUFERRIER,44.8589,0.47456
201300020722,22,6,2013,9,1,24,37,2,1,1,6,RD 19,44.8293,0.52402
201300020723,7,8,2013,18,1,24,140,1,1,3,5,ROCADE 936 E1,44.8476,0.53489
201300020724,14,8,2013,18,1,24,37,2,7,1,6,RUE NEUVE D'ARGENSON,44.8515,0.48505
201300020725,16,9,2013,18,1,24,37,2,1,1,7,BOULEVARD AUGUSTE COMTE,44.8476,0.49251
201300020726,7,10,2013,7,2,24,37,2,5,1,3,BOULEVARD AUGUSTE COMTE,44.8493,0.49281
201300020727,11,12,2013,12,1,24,140,2,1,1,2,AVENUE  DE LA ROQUE,44.8502,0.53761
201300020728,9,1,2013,1,3,24,102,1,1,2,6,ROUTE DE LISLE,45.2155,0.64251
201300020729,25,1,2013,21,5,24,53,2,3,1,3,AVENUE MICHEL GRANDOU,45.1945,0.77784
201300020730,30,1,2013,19,3,24,53,2,1,2,6,"8, BOULEVARD LAKANAL",45.1797,0.72108
201300020731,8,2,2013,7,5,24,53,2,1,3,6,184 BOUL DU PETIT CHANGE,45.1826,0.74277
201300020732,20,3,2013,15,1,24,53,2,1,2,6,"18, COURS SAINT GEORGES",45.1796,0.72546
201300020733,23,3,2013,10,1,24,138,2,1,1,6,93 AV. DU GEN DE GAULLE,45.191,0.6906
201300020734,30,3,2013,16,1,24,138,2,1,1,6,ROUTE D' ANGOULEME,45.1979,0.69951
201300020735,10,4,2013,11,1,24,138,2,1,1,6,"10, RUE DE CHANZY",45.1823,0.71208
201300020736,4,5,2013,21,5,24,552,2,1,1,2,"21, RUE DES MOBILES",45.1858,0.71082
201300020737,16,5,2013,15,1,24,312,1,1,3,1,LES JOUHAIRES,45.1166,0.69457
201300020738,25,5,2013,17,1,24,53,2,1,1,2,"5, AVENUE MICHEL GRANDOU",45.1894,0.73241
201300020739,6,7,2013,12,1,24,53,2,1,1,6,"123, AVENUE GRANDOU",45.1902,0.74345
201300020740,11,6,2013,8,1,24,322,2,6,1,6,PLACE YVES GUENA,45.1872,0.72152
201300020741,16,7,2013,18,1,24,98,2,1,1,1,ROUTE D'AGONAC,45.2096,0.70031
201300020742,28,7,2013,20,1,24,13,1,1,1,7,ROUTE DE BERGERAC,45.1371,0.72509
201300020743,29,7,2013,20,1,24,322,2,1,1,3,"4, BOULEVARD SAUMANDE",45.183,0.72378
201300020744,30,7,2013,18,1,24,557,2,3,1,3,AVENUE GRANDOU,45.1974,0.78779
201300020745,2,8,2013,13,1,24,557,1,1,1,1,AVENUE MICHEL GRANDOU,45.1957,0.78255
201300020746,13,8,2013,20,1,24,312,2,1,7,6,"74, COURS SAINT GEORGES",45.1775,0.72962
201300020747,29,8,2013,15,1,24,312,1,1,1,1,ROUTE DE VERGT,45.1265,0.70731
201300020748,16,9,2013,7,1,24,322,2,1,1,6,"64, AVENUE POMPIDOU",45.1917,0.72595
201300020749,18,9,2013,14,1,24,322,2,1,1,6,"30, RUE WILSON",45.1847,0.71448
201300020750,14,10,2013,10,1,24,322,2,2,1,5,"37, RUE PUEBLA",45.1892,0.70867
201300020751,16,11,2013,19,5,24,557,2,1,1,5,"147, AVENUE GRANDOU",45.1897,0.74775
201300020752,25,11,2013,15,1,24,322,2,1,1,6,"15, BOULEVARD MONTAIGNE",45.1858,0.72009
201300020753,8,1,2013,16,1,25,56,2,1,8,3,"sans, BELFORT RUE DE <14",47.25822,6.04439
201300020754,10,1,2013,8,5,25,56,2,1,1,6,"SANS, BRULARD  RUE GENER",47.22844,6.00531
201300020755,11,1,2013,7,1,25,56,2,1,2,6,"sans, ANDREY RUE",47.25758,6.01715
201300020756,14,1,2013,14,1,25,56,2,1,1,6,BRABANT RUE DE,47.22364,5.96866
201300020757,19,1,2013,18,5,25,56,2,4,3,3,"SANS, APOLLINAIRE RUE GU",47.2148,5.95242
201300020758,25,1,2013,4,5,25,56,2,1,1,2,"SANS, HELVETIE AVENUE D'",47.24266,6.02699
201300020759,29,1,2013,12,1,25,56,2,1,2,4,"105, DOLE RUE DE >185 &",47.22875,5.988
201300020760,29,1,2013,17,2,25,56,2,1,3,6,"18, SAVOIE RUE DE",47.21993,5.96271
201300020761,31,1,2013,23,5,25,56,2,1,1,1,"39, NODIER RUE CHARLES >",47.23081,6.02772
201300020762,2,2,2013,14,1,25,56,2,2,2,1,"SANS, DENFERT ROCHEREAU",47.24283,6.0259
201300020763,3,2,2013,20,5,25,56,2,1,2,1,"SANS, MARCHAUX ROUTE DE",0.0,0.0
201300020764,6,2,2013,9,1,25,56,2,1,4,6,"33, BRULARD  RUE GENERAL",47.22778,6.00258
201300020765,7,2,2013,16,1,25,56,2,1,1,6,"24, COURTILS RUE DES",47.26625,6.04679
201300020766,7,2,2013,12,1,25,56,2,4,4,3,"202, DOLE RUE DE >200",47.22682,5.97921
201300020767,12,2,2013,8,1,25,56,1,1,4,6,"94, CLEMENCEAU AVENUE G.",47.23581,5.99568
201300020768,14,2,2013,13,1,25,56,2,2,1,3,BELLAY RUE JOACHIM DU,47.21486,5.95109
201300020769,28,2,2013,0,5,25,56,2,2,1,3,"sans, CHURCHILL BD WINST",47.14844,5.59959
201300020770,1,3,2013,4,5,25,56,2,1,1,6,PAIX  AVENUE DE LA,47.24514,6.01909
201300020771,1,3,2013,7,1,25,56,2,1,1,3,"SANS, HELVETIE AVENUE D'",47.24251,6.02908
201300020772,1,3,2013,11,1,25,56,2,1,1,6,"sans, CHAR  RUE RENE",47.25463,6.01752
201300020773,1,3,2013,18,2,25,56,2,1,1,6,"1, BLUM BOULEVARD LEON >",47.25463,6.01762
201300020774,2,3,2013,16,1,25,56,2,2,1,3,"SANS, CHURCHILL BD WINST",47.24929,6.00263
201300020775,13,3,2013,21,5,25,56,2,1,1,2,BLUM BOULEVARD LEON > 90,47.26077,6.0333
201300020776,16,3,2013,7,1,25,56,2,1,1,6,"SANS, GARE D'EAU AV. DE",47.23112,6.02466
201300020777,20,3,2013,12,1,25,56,2,2,2,6,BECQUET  RUE JUST,47.24668,6.03066
201300020778,26,3,2013,14,1,25,56,2,1,1,6,"17, BELFORT RUE DE <144",47.24683,6.02624
201300020779,10,4,2013,14,1,25,56,2,1,1,4,"146, DOLE RUE DE >82 & <",47.22878,5.98707
201300020780,14,4,2013,14,1,25,56,2,2,1,3,"67, BELFORT RUE DE <144",47.24901,6.03121
201300020781,19,4,2013,18,1,25,56,2,1,8,6,"2, PICARDIE RUE DE",47.22305,5.97457
201300020782,27,4,2013,10,1,25,56,2,1,3,1,RUSSEL RUE BERTRAND,47.21826,5.9761
201300020783,27,4,2013,20,2,25,56,2,1,3,6,CASSIN PLACE RENE,47.21811,5.97007
201300020784,27,4,2013,20,5,25,56,2,2,3,3,HUIT MAI 1945 AVENUE DU,47.23532,6.01747
201300020785,28,4,2013,13,1,25,56,1,1,8,1,MARCHAUX ROUTE DE,0.0,0.0
201300020786,7,5,2013,16,1,25,56,2,1,1,3,"4, PLANCON RUE GABRIEL",47.2344,6.0153
201300020787,8,5,2013,1,5,25,56,2,4,1,6,"17, DOLE RUE DE <82",47.23514,6.0129
201300020788,10,5,2013,16,1,25,56,2,2,1,3,"SANS, JOUCHOUX RUE AUGUS",47.23916,5.98759
201300020789,13,5,2013,17,1,25,56,2,1,1,6,PIEMONT RUE DU,47.22225,5.9634
201300020790,17,5,2013,1,5,25,56,2,1,3,6,"SANS, RN 1057 (CH. EPITA",0.0,0.0
201300020791,23,5,2013,8,1,25,56,2,1,8,7,"26, SEPTIEME ARMEE AM. A",47.21797,6.02482
201300020792,23,5,2013,11,1,25,56,2,1,1,6,"SANS, EPITAPHE CHEMIN DE",47.24787,5.99793
201300020793,27,5,2013,11,1,25,56,2,1,1,6,"15, PIEMONT RUE DU",47.22133,5.9644
201300020794,28,5,2013,13,1,25,56,2,1,1,3,"17, LAGRANGE  AVENUE LEO",47.2452,6.00278
201300020795,7,6,2013,17,1,25,56,2,1,1,3,"91, POINT DU JOUR CHEMIN",47.27129,6.02792
201300020796,6,6,2013,15,1,25,56,2,1,1,3,MONTBOUCONS CHEMIN DES,47.25876,5.99018
201300020797,15,6,2013,15,1,25,56,2,1,1,3,GAULARD AVENUE < 14,47.23939,6.03053
201300020798,20,6,2013,13,1,25,56,2,1,1,6,"Face 11A, DIDEROT BOULEV",47.24381,6.03452
201300020799,22,6,2013,22,2,25,56,2,1,1,6,BASILIQUE RUE DE LA,47.23141,5.99185
201300020800,25,6,2013,21,1,25,56,2,2,1,3,CHASNOT RUE DU,47.25205,6.02688
201300020801,27,6,2013,9,1,25,56,2,1,1,3,"17, DROZ   AVENUE EDOUAR",47.23957,6.03387
201300020802,2,7,2013,15,1,25,56,2,1,1,6,"SANS, CHAR  RUE RENE",47.21735,5.94861
201300020803,4,7,2013,7,1,25,56,2,1,3,6,"15, DOLE RUE DE",47.23418,6.0085
201300020804,4,7,2013,11,1,25,56,2,2,1,3,"sans, FAURE AVENUE EDGAR",47.24462,6.02173
201300020805,8,7,2013,16,1,25,56,2,1,1,6,"sans, CHAMPAGNE RUE DE",47.22405,5.97499
201300020806,12,7,2013,15,1,25,56,2,6,1,3,SAVARY RUE ALAIN,47.25202,5.9985
201300020807,18,7,2013,23,5,25,56,2,1,2,7,"sans, HUIT MAI 1945 AVEN",47.23477,6.01859
201300020808,20,7,2013,4,2,25,56,1,1,1,6,"sans, MARCHAUX ROUTE DE",47.3011,6.0837
201300020809,29,7,2013,10,1,25,56,2,1,2,1,DOLE RUE DE >200,47.2227,6.96657
201300020810,30,7,2013,22,5,25,56,2,1,1,6,"sans, DOLE RUE DE >82 &",0.0,0.0
201300020811,6,8,2013,14,1,25,56,2,3,1,1,DOLE RUE DE <82,0.0,0.0
201300020812,15,8,2013,20,1,25,56,2,1,7,6,"5, PELOUSE RUE DE LA",47.23153,5.9932
201300020813,20,8,2013,16,1,25,56,2,1,1,2,"20, BELFORT RUE DE <144",47.14829,6.16344
201300020814,29,8,2013,10,1,25,56,2,1,1,3,"sans, PAYOT  PLACE",47.24199,6.03323
201300020815,3,9,2013,13,1,25,56,2,2,1,3,"SANS, PIEMONT RUE DU",47.13387,5.57967
201300020816,9,9,2013,18,1,25,56,2,1,1,7,"98, GRANDE RUE > 59 ET <",47.23577,6.02728
201300020817,11,9,2013,7,2,25,56,2,2,8,3,"SANS, BELFORT RUE DE <14",0.0,0.0
201300020818,15,9,2013,20,5,25,56,2,1,2,3,"9, RESAL RUE",47.25424,6.03429
201300020819,16,9,2013,16,1,25,56,2,1,1,5,"sans, GRAY ROUTE DE",0.0,0.0
201300020820,25,9,2013,15,1,25,56,2,3,1,3,"sans, TORCOLS CHEMIN DES",47.15902,6.07116
201300020821,27,9,2013,5,5,25,56,2,1,2,6,"sans, RIVOTTE  FAUBOURG",0.0,0.0
201300020822,27,9,2013,12,1,25,56,2,4,1,3,"SANS, BRULARD  RUE GENER",47.22778,6.00118
201300020823,3,10,2013,14,1,25,56,2,3,1,3,"SANS, KENNEDY  BOULEVARD",47.23445,5.9842
201300020824,8,10,2013,15,1,25,56,2,3,1,7,CHAR  RUE RENE,47.21834,5.95223
201300020825,17,10,2013,16,1,25,56,2,1,1,2,"SANS, EPITAPHE CHEMIN DE",47.14521,5.5957
201300020826,19,10,2013,15,1,25,56,2,1,1,3,"90, VESOUL RUE DE > 52",47.25795,6.01075
201300020827,24,10,2013,13,1,25,56,2,1,1,3,"89, DOLE RUE DE >82 & <1",47.13773,5.5946
201300020828,26,10,2013,6,2,25,56,1,1,1,6,"28, MIDOL RUE",47.24481,6.01595
201300020829,26,10,2013,15,1,25,56,2,1,1,1,"11, LANCHY  RUE NARCISSE",47.25541,6.02816
201300020830,28,10,2013,9,1,25,56,2,1,1,1,"SANS, EDISON RUE THOMAS",47.23267,5.9734
201300020831,28,10,2013,18,5,25,56,2,1,2,6,"sans, EDISON RUE THOMAS",47.23256,5.57307
201300020832,28,10,2013,19,5,25,56,2,1,3,6,"32, DOLE RUE DE <82",47.23474,6.01188
201300020833,31,10,2013,9,1,25,56,2,1,1,3,"sans, FLEMING BOULEVARD",47.22618,5.96557
201300020834,31,10,2013,20,5,25,56,2,1,1,1,"?, VAITE AVENUE DE LA",47.25189,6.03835
201300020835,2,11,2013,20,1,25,56,2,1,1,2,"SANS, OUEST BOULEVARD",0.0,0.0
201300020836,3,11,2013,11,1,25,56,2,1,1,6,"SANS, SEMARD  RUE PIERRE",47.25297,6.03674
201300020837,4,11,2013,8,1,25,56,2,1,1,6,"SANS, FAURE AVENUE EDGAR",47.24431,6.01947
201300020838,4,11,2013,18,2,25,56,2,1,3,6,"gps, MEGEVAND RUE",47.23639,6.0228
201300020839,6,11,2013,15,1,25,56,2,1,1,2,"sans, BELFORT RUE DE BEL",0.0,0.0
201300020840,8,11,2013,20,5,25,56,2,3,2,3,"SANS, CRAS RUE DES",47.25717,6.03579
201300020841,12,11,2013,21,5,25,56,2,1,1,6,"41, VILLARCEAU AVENUE",47.23842,6.01293
201300020842,13,11,2013,9,1,25,56,2,1,1,3,LAGRANGE  AVENUE LEO,0.0,0.0
201300020843,14,11,2013,17,5,25,56,2,1,3,6,"SANS, DOLE RUE DE >82 &",0.0,0.0
201300020844,19,11,2013,1,5,25,56,2,1,5,7,"SANS, CHARDONNET AV. DE",47.23276,6.03807
201300020845,20,11,2013,15,1,25,56,2,1,2,6,"sans, RN 1057 (CH. EPITA",0.0,0.0
201300020846,21,11,2013,13,1,25,56,2,1,2,6,"5, CHARIGNEY RUE DE<16 E",47.25706,6.04534
201300020847,22,11,2013,1,5,25,56,2,1,4,6,"sans, MORRE ROUTE DE",47.13664,6.5902
201300020848,22,11,2013,15,1,25,56,2,1,1,7,VESOUL RUE DE > 52,47.2509,6.01837
201300020849,22,11,2013,23,3,25,56,2,1,2,5,OUEST BOULEVARD,47.12882,5.59245
201300020850,23,11,2013,9,1,25,56,2,1,1,6,"69, DOLE RUE DE <82",47.23043,5.99398
201300020851,23,11,2013,17,2,25,56,2,1,1,6,BELFORT RUE DE <144,0.0,0.0
201300020852,26,11,2013,11,1,25,56,2,1,1,7,"24, SAVARY RUE ALAIN",47.25079,5.99633
201300020853,26,11,2013,19,1,25,56,2,2,1,3,"SANS, GAULLE BOULEVARD C",47.23516,6.01879
201300020854,27,11,2013,12,1,25,56,2,1,1,1,"15, CLERC RUE FRANCIS <",47.25502,6.02332
201300020855,28,11,2013,7,1,25,56,2,2,1,3,"SANS, CHURCHILL BD WINST",47.23909,6.01904
201300020856,28,11,2013,14,1,25,56,2,1,1,5,"154, BELFORT RUE DE BELF",0.0,0.0
201300020857,8,12,2013,1,5,25,56,2,1,9,6,"149, DOLE RUE DE >185 &",0.0,0.0
201300020858,9,12,2013,8,1,25,56,2,1,1,2,"5, GARNIER RUE LOUIS",47.21695,5.96847
201300020859,17,12,2013,8,1,25,56,2,1,9,1,"SANS, SANATORIUM CHEMIN",0.0,0.0
201300020860,17,12,2013,19,5,25,56,2,1,1,6,"13, DROZ   AVENUE EDOUAR",47.24,6.03374
201300020861,17,12,2013,17,3,25,56,2,1,1,6,MONTRAPON AVENUE DE,0.0,0.0
201300020862,20,12,2013,7,5,25,56,2,1,2,6,"SANS, TORCOLS CHEMIN DES",47.15654,6.0886
201300020863,22,12,2013,10,1,25,56,2,1,1,2,"SANS, BLUM  BOULEVARD LE",0.0,0.0
201300020864,26,12,2013,13,1,25,56,2,1,2,6,"SANS, RN 1057 (BD CHURCH",47.24429,5.98274
201300020865,28,12,2013,17,2,25,56,2,1,2,6,"104, DOLE RUE DE >82 & <",47.23105,5.99458
201300020866,28,12,2013,22,5,25,56,2,1,2,6,"sans, FAURE AVENUE EDGAR",0.0,0.0
201300020867,1,2,2013,9,5,25,580,2,2,1,3,OEHMICHEN (RUE),47.47185,6.83459
201300020868,1,2,2013,19,5,25,547,2,1,3,6,"39, AVENUE LECLERC",47.0,6.82692
201300020869,1,3,2013,20,5,25,230,2,2,1,3,EGOUTTE (RUE D'),0.0,0.0
201300020870,9,3,2013,20,5,25,388,2,1,1,6,BETHONCOURT (ROUTE DE ),0.0,0.0
201300020871,12,3,2013,16,1,25,31,2,1,1,6,TEMPLE (PLACE DU),0.0,0.0
201300020872,25,4,2013,7,1,25,614,2,2,1,3,BELFORT (RUE DE),0.0,0.0
201300020873,17,4,2013,22,5,25,547,2,3,1,3,AVENUE LECLERC,47.51428,6.82977
201300020874,14,5,2013,9,1,25,580,1,1,1,5,BEAULIEU- RD 437 ROUTE,0.0,0.0
201300020875,11,6,2013,18,1,25,388,2,1,1,3,"4, ALLONDANS (ROUTE D')",0.0,0.0
201300020876,17,6,2013,18,1,25,539,2,1,1,2,AUDINCOURT (RUE D'),0.0,0.0
201300020877,18,6,2013,11,1,25,230,2,1,1,6,BOUQUIERES (RUE DES),47.4978,6.83328