Num_Acc,jour,mois,an,hr,condition_eclairage,departement,commune,condition_agglomeration,intersection,condition_atmosphere,type_collision,adresse,lattitude,longitude
201300020878,13,7,2013,17,1,25,31,2,1,1,6,REVOLUTION DE 1789 AVENU,0.0,0.0
201300020879,17,8,2013,13,1,25,388,2,2,1,3,LAIRE (ROUTE DE),47.51892,6.77868
201300020880,19,8,2013,18,1,25,580,2,1,1,6,"27, CUVIER (RUE)",47.46297,6.83506
201300020881,21,8,2013,19,1,25,388,2,1,1,7,"8, MAI (AVENUE DU 8)",47.49902,6.80425
201300020882,23,8,2013,19,1,25,388,2,1,1,3,"1, LUDWIGSBURG (ROND POI",0.0,0.0
201300020883,26,8,2013,16,1,25,31,2,3,1,3,"8, MAI 1945 (AVENUE DU 8",47.47422,6.85712
201300020884,31,8,2013,23,4,25,539,2,1,1,1,"25, BANNOT (RUE DU)",47.45811,6.85564
201300020885,21,8,2013,19,1,25,388,2,1,1,7,"1, HOLLANDE (RUE DE LA P",47.50351,6.79421
201300020886,9,8,2013,15,1,25,388,2,2,1,1,"17, HUGO (BOULEVARD VICT",47.51867,6.78714
201300020887,5,8,2013,13,1,25,580,1,1,1,3,"10, BEAULIEU- RN 437 (RO",0.0,0.0
201300020888,1,9,2013,15,1,25,388,2,3,1,2,"8, FOILLET (RUE JACQUES)",47.50316,6.80727
201300020889,26,7,2013,5,5,25,388,2,3,1,6,"0, HOLLANDE (RUE DE LA P",47.50256,6.79186
201300020890,26,9,2013,7,1,25,20,2,1,1,3,"01, EUROPE (AVENUE DE L'",47.48723,6.81634
201300020891,27,9,2013,5,5,25,388,1,1,1,6,"07, BETHONCOURT (ROUTE D",47.50438,6.80335
201300020892,29,9,2013,21,5,25,31,2,2,1,3,"01, DASLE (RUE DE)",47.48144,6.84541
201300020893,10,10,2013,12,1,25,547,2,1,2,1,"0, GRAVIERS (RUE DES)",47.51549,6.83584
201300020894,13,10,2013,7,2,25,230,2,1,1,1,AUDINCOURT (RUE D'),47.49279,6.83922
201300020895,14,10,2013,18,1,25,388,2,1,1,6,"40, CHABAUD-LATOUR (AVEN",0.0,0.0
201300020896,21,10,2013,18,5,25,388,2,1,1,6,"64A, BESANCON (FAUBOURG",0.0,0.0
201300020897,23,10,2013,23,5,25,388,2,1,2,7,"01, LUDWIGSBURG (ROND PO",0.0,0.0
201300020898,29,11,2013,6,5,25,31,2,4,1,6,"08, RECILLES (RUE DES)",47.47569,6.84332
201300020899,15,12,2013,16,1,25,388,2,1,1,6,"03, FERRAND (RUE JACQUES",47.51867,6.77782
201300020900,11,12,2013,7,5,25,388,2,3,9,6,"46, BESANCON (FAUBOURG D",0.0,0.0
201300020901,28,8,2013,11,1,25,580,2,1,1,1,"10, BEAULIEU- RN 437 (RO",0.0,0.0
201300020902,21,10,2013,5,5,25,388,2,2,2,3,"01, FOILLET (RUE JACQUES",47.50338,6.80526
201300020903,9,12,2013,14,1,25,388,2,6,1,3,"01, BATTERIES DU PARC (R",47.51874,6.81087
201300020904,10,12,2013,8,1,25,388,2,3,1,3,"04, PIED DES GOUTTES (RU",47.50215,6.81637
201300020905,4,3,2013,16,1,25,462,2,1,1,3,"55, NEUCHATEL (AVENUE DE",47.89984,6.36148
201300020906,17,3,2013,0,5,25,204,2,6,1,6,"1, Besançon  de",46.0,0.0
201300020907,22,3,2013,22,3,25,204,1,1,1,6,Route Départementale 437,46.0,6.0
201300020908,30,4,2013,14,1,25,462,2,1,1,7,REPUBLIQUE DE LA,46.9,6.3
201300020909,22,6,2013,1,5,25,462,2,1,1,6,ROCADE G.POMPIDOU ( DE 0,0.0,0.0
201300020910,22,6,2013,12,1,25,462,2,6,1,3,"1, MORTEAU DE (DU 0 AU 3",0.0,0.0
201300020911,26,6,2013,14,1,25,462,2,6,1,3,WILLY BRANT,46.90569,6.33409
201300020912,13,7,2013,4,3,25,462,1,1,1,6,ETRACHES LES,0.0,0.0
201300020913,26,7,2013,16,1,25,462,2,1,1,6,"5, PEGUY CHARLES",46.91094,6.35994
201300020914,2,9,2013,22,4,25,462,2,3,1,3,"78, BESANCON (RUE DE)",46.91642,6.34475
201300020915,4,9,2013,15,1,25,462,2,1,1,3,"04, PAIX DE LA",46.91017,6.35049
201300020916,19,9,2013,16,1,25,462,2,1,1,7,"1, BERNARDINES",46.90511,6.35464
201300020917,12,11,2013,8,1,25,462,2,1,1,6,"5, MOULIN PARNET DU",46.90406,6.35285
201300020918,19,3,2013,20,3,84,71,1,1,1,7,,0.0,0.0
201300020919,6,4,2013,15,1,84,62,1,1,2,1,,0.0,0.0
201300020920,7,4,2013,12,1,84,25,1,1,1,6,,0.0,0.0
201300020921,8,5,2013,0,3,84,38,1,1,1,6,,0.0,0.0
201300020922,4,10,2013,10,1,84,38,1,1,1,3,,0.0,0.0
201300020923,12,10,2013,16,1,84,99,1,1,1,1,,0.0,0.0
201300020924,17,11,2013,23,3,84,38,1,1,1,1,,0.0,0.0
201300020925,1,12,2013,18,3,84,99,1,2,1,3,,0.0,0.0
201300020926,20,3,2013,13,1,59,16,1,1,1,1,,50.98974,2.33778
201300020927,23,4,2013,10,1,59,83,1,1,1,1,Rte de St-Omer,50.91657,2.40837
201300020928,30,7,2013,19,1,59,588,1,1,2,1,route des Neiges,51.00148,2.45259
201300020929,1,10,2013,8,1,59,319,2,1,1,6,rue d'Alsace,50.97099,2.44493
201300020930,9,10,2013,22,3,59,16,1,1,1,1,16 Rue du Courghain,50.97251,2.34479
201300020931,23,10,2013,15,2,59,478,1,1,1,3,Rue de Bergues,50.94795,2.43168
201300020932,18,2,2013,21,5,62,261,2,1,1,1,avenue de l'europe,0.0,0.0
201300020933,11,4,2013,14,1,62,849,2,1,9,7,108 route de Groffliers,0.0,0.0
201300020934,21,4,2013,14,1,62,261,2,1,1,6,rue des iris,0.0,0.0
201300020935,12,5,2013,16,1,62,261,2,1,1,6,,0.0,0.0
201300020936,30,5,2013,21,1,62,261,2,1,1,2,avenue de la lib?ration,0.0,0.0
201300020937,10,6,2013,12,1,62,261,2,1,1,3,BD DE FRANCE,50.47951,1.58193
201300020938,5,7,2013,14,1,62,261,2,6,1,1,,0.0,0.0
201300020939,23,7,2013,16,1,62,261,2,2,2,3,avenue de Paris,0.0,0.0
201300020940,26,7,2013,21,2,62,233,1,2,1,3,,0.0,0.0
201300020941,26,7,2013,16,1,62,752,1,1,1,6,,0.0,0.0
201300020942,1,8,2013,22,3,62,16,1,2,1,3,,0.0,0.0
201300020943,28,8,2013,7,1,62,233,1,1,1,6,,0.0,0.0
201300020944,20,10,2013,15,1,62,16,1,2,8,3,,50.42278,1.68265
201300020945,5,3,2013,17,1,59,278,2,1,1,2,36 rue léon gambetta,50.61327,2.96368
201300020946,29,5,2013,8,1,59,487,1,2,1,3,Rue du Bas,50.63545,2.89086
201300020947,12,6,2013,14,1,59,553,2,1,1,3,Route Nationale 41,50.59882,2.93922
201300020948,24,6,2013,6,1,59,278,2,1,7,2,236 rue du gal DE GAULLE,50.6076,2.95421
201300020949,1,7,2013,8,1,59,653,1,1,1,5,Rue Anatole France,50.58636,2.94411
201300020950,24,7,2013,15,1,59,653,2,1,1,1,Rue Léon Gambetta,50.56521,2.93542
201300020951,1,8,2013,8,1,59,88,1,3,1,3,1114 rue de la chapelle,50.65592,2.88537
201300020952,15,6,2013,5,1,74,217,2,1,1,6,route de la roche,0.0,0.0
201300020953,21,6,2013,17,1,74,213,1,2,1,1,,0.0,0.0
201300020954,5,7,2013,18,1,74,179,1,1,1,7,,0.0,0.0
201300020955,9,7,2013,11,1,74,112,1,1,1,6,RUE DU CENTRE,0.0,0.0
201300020956,23,2,2013,2,5,01,33,2,2,1,3,RUES REPUBLIQUE / BRAZZA,0.0,0.0
201300020957,8,6,2013,15,1,01,82,1,1,8,1,,46.0086,5.74801
201300020958,12,7,2013,21,1,01,33,2,1,1,6,RUE JOLIOT CURIE,0.0,0.0
201300020959,5,5,2013,16,1,01,114,2,1,1,7,RTE DE CHEZERY,46.1522,5.81951
201300020960,7,8,2013,17,1,01,91,1,1,3,1,,46.1356,5.8026
201300020961,21,7,2013,11,1,83,100,1,1,1,3,,0.0,0.0
201300020962,14,9,2013,9,1,83,49,1,1,1,6,,0.0,0.0
201300020963,10,10,2013,17,1,54,244,1,1,1,1,,49.03018,5.87485
201300020964,18,12,2013,12,1,26,198,2,1,1,3,BOULEVARD CHARLES ANDRE,44.5267,4.7383
201300020965,8,1,2013,18,3,26,198,1,1,1,3,1 BOULEVARD GEORGES POMI,44.5484,4.7739
201300020966,5,1,2013,11,1,26,198,2,1,1,3,127 ROUTE DE MARSEILLE,0.0,0.0
201300020967,10,1,2013,18,5,26,198,2,1,1,3,ROUTE DE CHATEAUNEUF,0.0,0.0
201300020968,19,1,2013,17,1,26,198,2,1,3,3,12 BOULEVARD DE GAULLE,0.0,0.0
201300020969,3,3,2013,19,5,26,198,2,1,1,3,20 AVENUE JEAN JAURES,0.0,0.0
201300020970,14,3,2013,12,1,26,198,2,6,1,3,1 RUE ANDRE DUCATEZ,0.0,0.0
201300020971,2,4,2013,13,1,26,198,2,6,1,2,AVENUE KENNEDY,0.0,0.0
201300020972,14,4,2013,12,1,26,198,1,1,1,2,ROUTE DU TEIL,0.0,0.0
201300020973,1,5,2013,10,1,26,198,1,1,3,7,ROUTE D ESPELUCHE,0.0,0.0
201300020974,9,5,2013,19,1,26,198,2,1,2,3,106 AVENUE JEAN JAURES,0.0,0.0
201300020975,3,5,2013,9,1,26,198,2,1,1,6,ROUTE DE CHATEAUNEUF,0.0,0.0
201300020976,12,5,2013,17,1,26,198,1,1,1,3,ROUTE DE VALENCE RN 7,0.0,0.0
201300020977,15,5,2013,11,1,26,198,2,1,2,6,175 ROUTE DE MARSEILLE,0.0,0.0
201300020978,22,5,2013,14,1,26,198,1,1,1,5,ROUTE DE SAUZET,0.0,0.0
201300020979,15,6,2013,1,5,26,198,1,1,1,6,RTE NATIONALE 7,0.0,0.0
201300020980,18,6,2013,3,3,26,198,1,1,1,1,26198,0.0,0.0
201300020981,23,6,2013,16,1,26,198,1,1,1,1,26198,44.5523,4.7212
201300020982,21,6,2013,15,1,26,198,2,4,1,1,ROUTE DU TEIL,44.5552,4.7212
201300020983,3,7,2013,11,1,26,198,2,1,1,6,33 BD MARRE DESMARAIS,0.0,0.0
201300020984,29,6,2013,8,1,26,198,2,1,1,3,96 AVENUE JEAN JAURES,0.0,0.0
201300020985,16,7,2013,7,1,26,198,2,1,1,3,ROUTE DE ROCHEMAURE,44.5614,4.7463
201300020986,25,7,2013,11,1,26,198,2,1,1,2,45 AVENUE JEAN JAURES,0.0,0.0
201300020987,18,8,2013,18,1,26,198,1,1,1,3,26198,0.0,0.0
201300020988,29,8,2013,13,1,26,198,2,6,1,3,ROUTE DU TEIL,0.0,0.0
201300020989,9,9,2013,16,1,26,198,2,6,1,3,26198,0.0,0.0
201300020990,23,9,2013,19,1,26,198,1,1,1,6,ROUTE DU TEIL,0.0,0.0
201300020991,24,9,2013,22,5,26,198,2,6,1,7,26198,0.0,0.0
201300020992,15,9,2013,9,1,26,198,2,1,1,7,BOULEVARD MEYNOT,0.0,0.0
201300020993,12,9,2013,6,4,26,198,1,1,1,6,26198,0.0,0.0
201300020994,30,9,2013,14,1,26,198,1,1,1,6,26198,0.0,0.0
201300020995,3,10,2013,13,1,26,198,1,1,1,6,26198,0.0,0.0
201300020996,11,10,2013,15,1,26,198,1,3,1,3,ROUTE DE DIEULEFIT,0.0,0.0
201300020997,9,10,2013,17,2,26,198,2,1,1,7,26198,0.0,0.0
201300020998,18,10,2013,2,5,26,198,2,9,1,5,AVENUE DE VILLENEUVE,44.5593,4.7563
201300020999,28,10,2013,12,1,26,198,2,1,1,6,28 AVENUE JEAN JAURES,0.0,0.0
201300021000,30,10,2013,21,5,26,198,2,1,1,2,AVENUE SAINT MARTIN,0.0,0.0
201300021001,13,11,2013,12,1,26,198,2,1,1,7,AVENUE DU TEIL,0.0,0.0
201300021002,2,11,2013,21,5,26,198,1,1,2,3,ROUTE DE SAUZET,0.0,0.0
201300021003,17,11,2013,15,1,26,198,2,1,1,3,AVENUE KENNEDY,0.0,0.0
201300021004,28,11,2013,16,1,26,198,2,1,1,7,AVENUE D'AYGU,0.0,0.0
201300021005,5,12,2013,20,5,26,198,2,1,1,3,ROUTE DU TEIL,0.0,0.0
201300021006,11,12,2013,18,5,26,198,2,1,1,3,130 ROUTE DU TEIL,0.0,0.0
201300021007,7,1,2013,19,5,26,281,2,1,1,3,26 PLACE JEAN JAURES,45.04604,5.0536
201300021008,10,1,2013,9,1,26,281,1,1,1,3,RD 532 DIRECTION TAIN,45.0453,5.0644
201300021009,11,1,2013,7,5,26,281,2,2,2,6,RUE CHENIER ANDRE,45.0508,5.0557
201300021010,19,1,2013,23,5,26,281,2,1,1,7,32 RUE DE BELLEVUE,45.0376,5.0415
201300021011,26,1,2013,14,1,26,57,2,3,8,3,AVENUE VALLON ANTONIN,0.0,0.0
201300021012,29,1,2013,16,1,26,281,2,1,1,2,PONT LATTRE DE TASSIGNY,45.0414,5.0536
201300021013,13,2,2013,11,1,26,281,2,3,1,1,RUE ABBAT SIMONE,45.0484,5.0374
201300021014,19,2,2013,11,1,26,281,1,2,1,3,RUE PAPIN DENIS,45.0541,5.101
201300021015,19,2,2013,18,2,26,281,2,1,1,6,RUE BONNEVAUX,45.0448,5.0454
201300021016,13,3,2013,14,1,26,281,2,1,1,2,AVENUE DU MAQUIS,45.0478,5.0725
201300021017,18,3,2013,14,1,26,57,2,9,1,3,BD ALPES PROVENCE,0.0,0.0
201300021018,28,3,2013,17,1,26,281,2,1,2,2,DIRECTION TAIN RD 532,0.0,0.0
201300021019,28,3,2013,19,1,26,281,2,1,2,7,DIRECT ST BARDOUX RD 574,45.0479,5.0419
201300021020,5,4,2013,9,1,26,281,2,3,2,1,RD 52 A,0.0,0.0
201300021021,13,4,2013,11,1,26,281,2,1,7,6,26281,45.0455,5.0528
201300021022,20,4,2013,22,5,26,281,2,1,2,1,BOULEVARD VOLTAIRE,45.0451,5.0557
201300021023,22,4,2013,23,5,26,281,2,1,1,6,RUE ABBAT SIMONE,45.0484,5.0402
201300021024,23,4,2013,17,1,26,281,2,1,1,3,26281,0.0,0.0
201300021025,31,5,2013,18,1,26,281,2,2,2,3,RUE GUILHAUME,45.0477,5.0516
201300021026,6,6,2013,10,1,26,281,2,2,1,3,AV JEAN MOULIN,45.0521,5.0478
201300021027,8,6,2013,8,1,26,57,2,2,1,3,RUE VALLON ANTONIN,0.0,0.0
201300021028,16,6,2013,14,1,26,281,2,3,1,3,AVENUE MOULIN JEAN,45.0581,5.0499
201300021029,16,6,2013,9,1,26,281,2,1,1,1,26281,45.0446,5.0571
201300021030,25,6,2013,7,1,26,281,2,1,1,1,RN 92,45.0495,5.0771
201300021031,26,6,2013,15,1,26,281,2,2,1,6,RUE JACQUEMART,45.0458,5.0492
201300021032,28,6,2013,17,1,26,281,2,1,1,6,AV FIGUET ADOLPHE,45.0436,5.0616
201300021033,30,6,2013,15,1,26,281,2,3,1,3,RUE DIDEROT,45.0537,5.0464
201300021034,2,7,2013,18,1,26,281,2,3,1,6,BD LAPASSAT ETIENNE JEAN,45.0473,5.0838
201300021035,3,7,2013,7,1,26,57,2,1,2,6,RD 2532N,0.0,0.0
201300021036,3,7,2013,17,1,26,281,1,1,1,3,AV GAMBETTA  DIRECT TAIN,45.0456,5.0575
201300021037,4,7,2013,17,1,26,57,2,1,1,1,QUAI PALLETOURS,45.041,5.0514
201300021038,9,7,2013,14,1,26,57,1,2,1,6,RD 538,0.0,0.0
201300021039,10,7,2013,12,1,26,281,2,2,1,3,AV DES ALLOBROGES,0.0,0.0
201300021040,11,7,2013,13,1,26,281,1,1,1,6,RD 532 DIRECTION TAIN,0.0,0.0
201300021041,11,7,2013,16,1,26,281,1,3,1,6,RD 123 DIREC CHATIL ST J,0.0,0.0
201300021042,16,7,2013,18,1,26,281,2,1,1,6,RUE MARTIN GERMAIN,45.0471,5.059
201300021043,16,7,2013,20,1,26,281,2,2,1,6,RUE GUILHAUME,45.0476,5.0505
201300021044,18,7,2013,17,1,26,281,2,1,1,6,PLACE DU 75EME RI,0.0,0.0
201300021045,20,7,2013,18,1,26,281,2,7,1,6,PLACE JAURES JEAN,45.0454,5.0532
201300021046,21,7,2013,10,1,26,281,2,1,1,6,BOULEVARD LIBERATION,45.0473,5.0471
201300021047,24,7,2013,18,1,26,281,2,1,1,3,26281,0.0,0.0
201300021048,29,7,2013,18,1,26,281,2,1,1,7,BOULEVARD DORMOY MARX,45.0472,5.055
201300021049,1,8,2013,11,1,26,281,2,1,1,7,26281,45.0456,5.0484
201300021050,9,8,2013,16,1,26,281,2,2,1,1,26281,45.0476,5.0548
201300021051,13,8,2013,13,1,26,57,2,2,1,7,26057,0.0,0.0
201300021052,13,8,2013,17,1,26,281,1,1,1,3,CHEMIN MEILLEUX,45.0463,5.0322
201300021053,16,8,2013,12,1,26,281,2,2,1,3,26281,45.0458,5.0506
201300021054,18,8,2013,12,1,26,281,2,6,1,3,26281,45.0453,5.062
201300021055,22,8,2013,18,1,26,281,2,2,1,3,26281,45.0475,5.0497
201300021056,26,8,2013,19,1,26,281,2,1,1,5,DEVIA ROMANS SUR ISERE,0.0,0.0
201300021057,3,9,2013,11,1,26,281,2,1,1,4,26281,45.0478,5.0725
201300021058,5,9,2013,10,1,26,281,2,1,1,3,26281,45.0451,5.0256
201300021059,5,9,2013,12,1,26,281,1,1,1,2,26281,0.0,0.0
201300021060,8,9,2013,0,5,26,281,2,1,2,6,26281,45.0425,5.0575
201300021061,11,9,2013,13,1,26,281,1,1,1,4,26281,0.0,0.0
201300021062,14,9,2013,13,1,26,281,2,1,1,3,26281,45.0422,5.0499
201300021063,24,9,2013,8,1,26,281,2,6,1,6,26281,45.0458,5.0554
201300021064,24,9,2013,21,5,26,281,2,6,1,2,26281,45.0471,5.0708
201300021065,24,9,2013,19,2,26,281,2,1,1,6,26281,45.0402,5.0343
201300021066,28,9,2013,11,1,26,281,1,1,1,2,26281,0.0,0.0
201300021067,1,10,2013,16,1,26,281,2,1,1,7,26281,45.0468,5.0469
201300021068,2,10,2013,13,1,26,57,1,2,1,2,26057,0.0,0.0
201300021069,15,10,2013,8,1,26,57,2,6,2,3,RD 538,0.0,0.0
201300021070,16,10,2013,18,1,26,281,2,1,1,7,26281,45.0468,5.0489
201300021071,17,10,2013,17,1,26,281,2,1,1,3,26281,0.0,0.0
201300021072,21,10,2013,19,5,26,281,2,1,1,1,26281,45.0468,5.0731
201300021073,22,10,2013,12,1,26,281,2,1,1,1,26281,45.0412,5.081
201300021074,22,10,2013,16,1,26,281,2,2,1,3,RN 92,0.0,0.0
201300021075,24,10,2013,13,1,26,281,2,2,1,3,26281,45.0459,5.0518
201300021076,27,10,2013,19,5,26,281,2,3,1,3,26281,45.0458,5.0499
201300021077,29,10,2013,17,1,26,281,2,1,1,6,26281,45.0511,5.0692
201300021078,3,11,2013,9,1,26,281,2,6,2,3,BOULEVARD ROURE REMY,45.0502,5.047
201300021079,5,11,2013,18,4,26,281,2,3,2,3,RUE FOLLEREAU RAOUL,45.0577,5.0579
201300021080,6,11,2013,17,2,26,281,2,1,1,4,BD PIERRE MENDES FRANCE,0.0,0.0
201300021081,9,11,2013,16,1,26,281,1,6,1,7,BOULEVARD ROURE REMY,45.0502,5.0467
201300021082,16,11,2013,19,5,26,281,2,2,1,3,RUE  PALESTRO,45.0465,5.0505
201300021083,19,11,2013,17,2,26,281,1,1,2,6,BOULEVARD LIBERATION,45.073,5.0471
201300021084,27,11,2013,11,1,26,281,1,1,1,3,BD LAPASSAT  ETIENNE JEA,0.0,0.0
201300021085,27,11,2013,19,5,26,281,2,6,1,2,PLACE  MASSENET,45.0421,5.0562
201300021086,3,12,2013,21,5,26,57,2,1,1,6,RUE DU DOCTEUR EYNARD,45.0407,5.0502
201300021087,5,12,2013,16,2,26,57,2,3,1,6,VALLON ANTONIN,45.0407,5.052
201300021088,9,12,2013,18,3,26,281,1,6,1,7,BD PIERRE MENDES FRANCE,0.0,0.0
201300021089,20,12,2013,7,2,26,281,2,3,2,7,AVENUE MARIUS MOUTET,45.0535,5.0554
201300021090,21,12,2013,8,1,26,57,2,2,1,6,GRAND RUE JEAN JAURES,45.0353,5.0463
201300021091,24,12,2013,19,5,26,281,2,2,1,6,RUE JEANNE D'ARC,45.0499,5.0399
201300021092,29,12,2013,17,5,26,57,2,2,1,3,BD ALPES PROVENCE,0.0,0.0
201300021093,30,12,2013,9,1,26,57,1,1,1,6,ALLEE DU DAUPHINE,45.0175,5.0357
201300021094,30,12,2013,12,1,26,57,2,2,1,3,177 GRAND RUE JEAN JAURE,45.0353,5.0463
201300021095,1,1,2013,16,1,26,362,2,1,1,7,122 AVENUE VICTOR HUGO,44.9248,4.8881
201300021096,5,1,2013,22,4,26,58,1,1,1,6,L.A.C.R.A RN7,0.0,0.0
201300021097,11,1,2013,17,2,26,362,2,1,1,6,"07 BIS, RUE SEVIGNE",44.9296,4.8945
201300021098,23,1,2013,11,1,26,58,2,2,1,3,RUE DU PORT,44.9378,4.8913
201300021099,28,1,2013,17,2,26,58,2,2,1,3,RUE DU PORT,44.9378,4.8913
201300021100,28,1,2013,18,5,26,362,1,1,1,6,BOULEVARD ROOSEVELT,44.9178,4.9131
201300021101,8,2,2013,13,1,26,362,2,1,1,6,RUE DENIS PAPIN,44.9254,4.8916
201300021102,7,2,2013,7,3,26,362,2,3,2,6,RUE DE LA FORET,44.9155,4.9312
201300021103,6,2,2013,20,4,26,362,2,1,1,7,ROUTE DE MONTELIER,44.9377,4.9238
201300021104,15,2,2013,17,1,26,252,2,2,1,3,AVENUE DU PORT,0.0,0.0
201300021105,23,2,2013,14,1,26,362,2,1,1,7,BOULEVARD MAURICE CLERC,44.909,4.8947
201300021106,24,2,2013,22,5,26,58,2,1,2,7,17 AVENUE URTIN MARC,44.9445,4.8941
201300021107,3,3,2013,4,4,26,362,1,1,1,7,L.A.C.R.A. RN 532,0.0,0.0
201300021108,8,3,2013,18,1,26,362,1,6,1,2,26362,0.0,0.0
201300021109,13,3,2013,16,1,26,362,2,1,1,6,ROUTE DE ROMANS,44.9441,4.9205
201300021110,15,3,2013,15,1,26,362,2,1,1,4,BOULEVARD MARECHAL JUIN,44.912,4.9078
201300021111,19,3,2013,14,1,26,362,2,2,1,3,AVENUE DE PROVENCE,0.0,0.0
201300021112,23,3,2013,18,1,26,252,2,1,1,6,AVENUE SALVADOR ALLENDE,0.0,0.0
201300021113,26,3,2013,23,5,26,58,2,2,1,3,RUE DE L ILE ADAM,44.9478,4.8956
201300021114,28,3,2013,14,1,26,362,2,2,1,6,BOULEVARD ROOSEVELT,44.9162,4.9113
201300021115,8,4,2013,10,2,26,362,2,1,2,3,269 AVENUE DE ROMANS,44.9371,4.9119
201300021116,11,4,2013,16,1,26,362,2,1,1,6,PLACE DE LA REPUBLIQUE,44.9304,4.8912
201300021117,10,4,2013,18,1,26,58,1,2,1,3,ROUTE LA ROCHE DE GLUN,44.9739,4.9055
201300021118,10,4,2013,18,1,26,4,1,1,1,5,RN 532,0.0,0.0
201300021119,12,4,2013,12,1,26,362,2,1,1,3,AV DOCTEUR PAUL SANTY,44.9148,4.9079
201300021120,13,4,2013,15,1,26,58,1,1,1,6,L.A.C.R.A RN7 BLV,0.0,0.0
201300021121,14,4,2013,12,1,26,58,2,1,1,1,AVENUE DE LA RESISTANCE,0.0,0.0
201300021122,13,4,2013,16,1,26,362,2,1,1,2,78 AVENUE DE ROMANS,44.934,4.9049
201300021123,14,4,2013,16,1,26,252,1,1,1,7,RD 534 N PONT AUTOROUTE,0.0,0.0
201300021124,12,4,2013,17,1,26,362,2,1,1,6,26362,44.9265,4.8921
201300021125,11,4,2013,8,1,26,362,2,1,1,2,AVENUE DE VERDUN,44.9393,4.9045
201300021126,19,4,2013,9,1,26,362,2,2,2,3,RUE DU PONT DU GAT,44.9286,4.895
201300021127,25,4,2013,17,1,26,58,2,1,1,3,CHEMIN DU VALENTIN,44.9466,4.8947
201300021128,23,4,2013,14,1,26,58,2,2,1,3,RUE DU MOULIN D'ALBON,44.951,4.9018
201300021129,29,4,2013,15,1,26,362,2,2,1,6,RUE DES  ALPES,44.9272,4.8998
201300021130,3,5,2013,8,1,26,362,2,1,1,6,248 AVENUE VICTOR HUGO,44.9185,4.8855
201300021131,17,5,2013,15,1,26,58,1,1,1,2,MONTEE DU LONG,0.0,0.0
201300021132,20,5,2013,14,1,26,362,1,6,1,3,ROUTE DE  MONTELEGER,0.0,0.0
201300021133,1,6,2013,5,5,26,362,2,1,1,6,89 AVENUE CARNOT SADI,44.9332,4.8962
201300021134,1,6,2013,14,1,26,252,2,1,1,3,RUE MACE JEAN,44.8681,4.8681
201300021135,5,6,2013,18,1,26,362,2,1,1,3,AVENUE GAMBETTA,44.931,4.886
201300021136,5,6,2013,7,1,26,362,2,6,1,3,AVENUE DE ROMANS,44.9325,4.8986
201300021137,5,6,2013,8,1,26,362,2,2,1,3,RUE GAUMONT LEON,44.9274,4.9227
201300021138,7,6,2013,18,1,26,58,1,1,1,2,L.A.C.R.A RN7 BLV,0.0,0.0
201300021139,11,6,2013,9,1,26,362,2,3,1,3,RUE SENEBIER HENRI,44.9159,4.8887
201300021140,15,6,2013,7,1,26,362,2,2,1,3,RUE FABRE JEAN HENRI,44.9204,4.9002
201300021141,25,6,2013,16,1,26,362,2,6,1,6,BD KENNEDY JOHN FITZGERA,44.9397,4.9159
201300021142,19,6,2013,22,5,26,362,2,6,1,3,ROND POINT RHIN DANUBE,44.9244,4.9034
201300021143,28,6,2013,11,1,26,362,2,1,1,3,RUE CLEMENT ADER,44.9386,4.9218
201300021144,2,7,2013,10,1,26,58,1,1,1,2,L.A.C.R.A RN7 BLV,0.0,0.0
201300021145,9,7,2013,14,1,26,362,2,1,1,2,AVENUE DE PROVENCE,44.9291,4.8829
201300021146,10,7,2013,18,1,26,252,1,1,1,3,RN7 DEV PORTES LES VALEN,0.0,0.0
201300021147,14,7,2013,0,3,26,362,2,1,1,7,ROUTE DE BEAUVALLON,0.0,0.0
201300021148,15,7,2013,10,1,26,362,2,2,1,3,RUE CHRISTOPHE COLOMB,44.9246,4.8955
201300021149,12,7,2013,23,3,26,362,1,1,1,7,L.A.C.R.A. RN532,0.0,0.0
201300021150,16,7,2013,16,1,26,362,2,2,1,3,RUE EIFFEL GUSTAVE,44.9233,4.9242
201300021151,20,7,2013,11,1,26,58,1,1,1,2,L.A.C.R.A RN7 BLV,0.0,0.0
201300021152,25,7,2013,13,1,26,362,2,1,1,3,ROUTE DE ROMANS,44.942,4.9177
201300021153,27,7,2013,23,5,26,362,2,1,1,6,AVENUE CARNOT  SADI,44.9329,4.896
201300021154,30,7,2013,23,3,26,58,1,1,1,1,26058,0.0,0.0
201300021155,26,7,2013,19,1,26,362,2,1,1,3,AVENUE DE CHABEUIL,44.9271,4.9155
201300021156,5,8,2013,11,1,26,252,1,2,1,3,26252,0.0,0.0
201300021157,6,8,2013,16,1,26,362,2,1,1,3,26362,44.9254,4.8969
201300021158,18,8,2013,13,1,26,362,2,1,1,1,26362,44.9194,4.9078
201300021159,22,8,2013,12,1,26,362,2,3,1,3,26362,44.9212,4.9083