Num_Acc,jour,mois,an,hr,condition_eclairage,departement,commune,condition_agglomeration,intersection,condition_atmosphere,type_collision,adresse,lattitude,longitude
201300021160,26,8,2013,19,1,26,362,2,1,1,6,26362,44.9323,4.8954
201300021161,1,8,2013,15,1,26,252,1,1,1,4,DEVIATION,0.0,0.0
201300021162,29,8,2013,20,3,26,252,1,1,1,7,ROUTE BEAUVALLON,0.0,0.0
201300021163,4,9,2013,9,1,26,58,2,1,1,3,26058,44.9492,4.8982
201300021164,4,9,2013,13,1,26,362,2,3,1,3,26362,44.9276,4.9276
201300021165,6,9,2013,10,1,26,362,2,1,1,6,26362,44.9451,4.9223
201300021166,10,9,2013,8,1,26,362,2,1,1,6,26362,44.9421,4.9179
201300021167,10,9,2013,7,1,26,362,2,1,1,6,26362,44.9304,4.8946
201300021168,12,9,2013,7,1,26,362,2,1,1,6,26362,44.9342,4.9055
201300021169,16,9,2013,19,1,26,362,2,1,1,6,26362,44.9325,4.9211
201300021170,17,9,2013,18,1,26,362,2,1,1,2,26362,44.92701,4.9009
201300021171,19,9,2013,18,1,26,362,1,3,1,3,26362,0.0,0.0
201300021172,22,9,2013,19,1,26,362,2,1,1,6,26362,44.9321,4.8955
201300021173,26,9,2013,21,5,26,362,2,2,1,3,26362,44.9301,4.8975
201300021174,30,9,2013,7,5,26,58,2,6,1,3,26058,0.0,0.0
201300021175,1,10,2013,14,1,26,362,2,1,1,6,BOULEVARD ROOSEVELT,44.9168,4.9121
201300021176,3,10,2013,7,5,26,58,1,2,1,3,ROUTE DE PONT D ISERE,0.0,0.0
201300021177,4,10,2013,22,3,26,362,2,1,3,6,ROUTE DE  BEAUVALLON,0.0,0.0
201300021178,5,10,2013,13,1,26,362,2,1,2,1,10 RUE JEAN VILAR,44.94483,4.90769
201300021179,5,10,2013,17,1,26,362,2,1,1,4,138 AVENUE DE  PROVENCE,0.0,0.0
201300021180,11,10,2013,21,5,26,58,2,1,2,2,AVENUE DE LA RESISTANCE,0.0,0.0
201300021181,8,10,2013,7,1,26,362,2,1,1,6,162 AVENUE DE  PROVENCE,44.91973,4.87801
201300021182,14,10,2013,16,1,26,362,2,1,1,6,AVENUE DE LA COMETE,44.9289,4.8836
201300021183,21,10,2013,17,1,26,362,2,1,1,6,19 RUE DE  CHATEAUVERT,44.92675,4.89709
201300021184,17,10,2013,20,3,26,58,1,1,1,6,RTE DE LA ROCHE DE GLUN,0.0,0.0
201300021185,18,10,2013,9,1,26,362,1,3,1,3,ROUTE DE FAUCONNIERES,44.9463,4.9581
201300021186,23,10,2013,13,1,26,362,1,1,3,7,L.A.C.R.A. RN532,0.0,0.0
201300021187,31,10,2013,19,3,26,58,2,1,1,1,RD 2007 N,0.0,0.0
201300021188,2,11,2013,23,3,26,362,1,1,2,7,L.A.C.R.A. RN7,0.0,0.0
201300021189,4,11,2013,8,1,26,58,2,1,2,6,85 RUE JEAN BART,44.9509,4.8877
201300021190,16,11,2013,23,5,26,362,2,1,1,7,RUE DES FRER MONTGOLFIER,44.92008,4.90276
201300021191,19,11,2013,16,2,26,362,2,1,2,6,85 AVENUE DES BAUMES,44.91628,4.8907
201300021192,26,11,2013,11,1,26,362,2,1,1,6,ROUTE DE ROMANS,44.9421,4.9179
201300021193,3,12,2013,13,1,26,58,2,1,1,6,RUE FERRY JULES,44.9501,4.9037
201300021194,5,12,2013,16,1,26,362,1,1,1,1,244 CHEMIN PAILLASSIER,44.8947,4.9057
201300021195,9,12,2013,6,5,26,362,2,6,1,6,AVENUE DE ROMANS,44.9325,4.8986
201300021196,20,12,2013,9,1,26,58,1,1,1,2,LACRA RN7,0.0,0.0
201300021197,20,12,2013,9,1,26,362,1,1,1,6,ROUTE DE ROMANS,44.9521,4.9298
201300021198,15,2,2013,16,1,84,27,2,1,1,6,CD 17,0.0,0.0
201300021199,23,2,2013,23,3,84,27,1,1,1,6,,44.109,4.731
201300021200,21,4,2013,20,2,84,39,1,1,1,6,,44.093,4.875
201300021201,7,8,2013,8,3,84,39,1,1,1,2,,0.0,0.0
201300021202,22,8,2013,19,1,84,27,1,1,1,7,,44.119,4.769
201300021203,24,12,2013,18,3,84,56,1,1,2,1,,0.0,0.0
201300021204,15,7,2013,16,1,06,33,1,1,1,6,,0.0,0.0
201300021205,13,9,2013,17,1,38,239,1,1,1,6,,0.0,0.0
201300021206,26,9,2013,20,3,38,30,1,1,1,5,,45.3532,5.4542
201300021207,12,10,2013,0,3,38,383,1,1,1,1,,45.3711,5.64231
201300021208,28,10,2013,22,3,38,30,1,1,2,6,,0.0,0.0
201300021209,3,2,2013,7,2,38,105,1,4,1,6,D1075/D82,45.4283,5.56371
201300021210,8,3,2013,17,1,38,84,1,1,5,5,,0.0,0.0
201300021211,17,3,2013,17,1,38,105,1,1,1,6,,45.42025,5.55247
201300021212,4,5,2013,17,1,38,239,2,2,1,3,rue eldo erianni?,0.0,0.0
201300021213,27,5,2013,20,1,38,383,2,1,1,6,164 ROUTE DE VOIRON,45.3767,5.64529
201300021214,6,6,2013,10,1,38,133,1,1,1,6,,0.0,0.0
201300021215,7,7,2013,7,1,38,432,1,1,1,2,,0.0,0.0
201300021216,12,9,2013,3,4,38,239,1,1,1,6,,0.0,0.0
201300021217,13,9,2013,13,1,38,194,1,6,1,6,RD PT DE L'EUROPE,45.3651,5.42028
201300021218,15,9,2013,12,1,38,332,1,1,2,7,,0.0,0.0
201300021219,15,10,2013,15,3,38,239,1,1,9,6,,0.0,0.0
201300021220,26,10,2013,5,5,38,383,1,1,1,3,,0.0,0.0
201300021221,30,10,2013,19,3,38,239,1,1,1,1,,0.0,0.0
201300021222,14,11,2013,18,3,38,30,1,1,3,5,,0.0,0.0
201300021223,27,11,2013,6,2,38,337,1,4,1,1,,45.3466,5.49437
201300021224,21,7,2013,23,5,69,283,2,2,1,5,Rue Jean JAURES,0.0,0.0
201300021225,28,9,2013,7,5,69,283,1,1,1,1,,0.0,0.0
201300021226,10,11,2013,17,2,69,283,1,1,2,6,,45.641,4.956
201300021227,28,11,2013,17,5,69,283,2,1,1,6,rue du 23 Aout 1944,0.0,0.0
201300021228,16,3,2013,18,1,62,203,1,2,2,3,,50.84622,1.90324
201300021229,18,10,2013,8,1,62,397,2,1,5,3,"14, Bd Blanchard",0.0,0.0
201300021230,11,12,2013,15,1,62,506,1,1,2,3,,0.0,0.0
201300021231,19,1,2013,2,3,41,47,1,1,4,6,,47.6519,1.3748
201300021232,22,2,2013,19,3,41,136,1,1,1,7,,47.7209,1.48948
201300021233,29,3,2013,18,1,41,252,1,1,1,2,,47.7127,1.47042
201300021234,21,4,2013,5,3,41,206,1,1,1,3,,47.6425,1.36333
201300021235,29,4,2013,14,1,41,101,1,1,1,6,,47.6112,1.1394
201300021236,24,5,2013,15,1,41,208,1,1,2,1,,0.0,0.0
201300021237,28,6,2013,9,1,41,223,1,9,2,5,,47.6168,1.18798
201300021238,2,7,2013,21,2,41,245,1,1,1,7,,47.7518,1.54431
201300021239,8,7,2013,6,1,41,136,1,1,7,2,,47.7197,1.48743
201300021240,11,7,2013,1,3,41,114,1,1,1,7,,0.0,0.0
201300021241,22,7,2013,7,1,41,288,1,1,1,4,,47.6547,1.3782
201300021242,24,7,2013,13,1,41,252,1,1,1,6,,47.7127,1.47042
201300021243,16,9,2013,15,1,41,252,1,1,2,6,,47.6783,1.4044
201300021244,13,9,2013,13,1,41,234,1,1,1,6,,47.5907,1.08761
201300021245,29,9,2013,17,1,41,206,1,1,8,2,,47.6429,1.36378
201300021246,10,10,2013,5,2,41,223,1,1,2,5,,47.6169,1.1853
201300021247,15,10,2013,11,1,41,136,1,1,2,2,,47.7302,1.50495
201300021248,18,10,2013,23,3,41,101,1,1,1,2,,47.617,1.17992
201300021249,28,11,2013,3,3,41,230,1,1,1,7,,47.6189,1.25192
201300021250,17,1,2013,23,5,27,229,1,1,1,6,"0, FOCH (AVENUE DU MAREC",49.024,1.116
201300021251,22,1,2013,16,1,27,229,2,1,1,6,"0, FRANCE (RUE ANATOLE)",0.0,0.0
201300021252,9,2,2013,20,5,27,229,2,1,1,2,"75, BRIAND (AVENUE ARIST",49.01,1.074
201300021253,19,2,2013,11,1,27,229,2,2,1,3,"1, DUGUESCLIN (RUE)",49.01,1.101
201300021254,19,2,2013,14,1,27,229,2,3,1,3,"1, ROLLAND (RUE ROMAIN)",49.004,1.095
201300021255,2,3,2013,21,5,27,229,2,1,1,2,"40, JOSEPHINE (RUE)",49.012,1.083
201300021256,16,4,2013,16,1,27,229,2,1,1,3,"19, JACQUARD (RUE)",49.006,1.082
201300021257,29,4,2013,13,1,27,229,2,2,1,3,"0, DUGUESCLIN (RUE)",49.01,1.101
201300021258,3,5,2013,19,1,27,229,2,1,1,6,"114, SAINT GERMAIN (RUE)",0.0,0.0
201300021259,16,5,2013,11,1,27,229,2,1,1,2,SEMARD (RUE PIERRE),49.005,1.104
201300021260,25,5,2013,14,1,27,229,2,1,2,2,"21, VERNON (RUE DE)",49.015,1.093
201300021261,27,5,2013,13,1,27,229,2,2,1,3,"1, ROUX (RUE DU DOCTEUR)",49.012,1.082
201300021262,7,6,2013,17,1,27,229,2,5,1,3,"0, RENAISSANCE (RUE DE L",49.01,1.09
201300021263,30,6,2013,1,5,27,229,2,1,1,6,"61, ISAMBARD (RUE)",49.014,1.09
201300021264,22,7,2013,16,1,27,229,2,1,1,7,"13, LA BRUYERE (RUE JEAN",49.001,1.092
201300021265,1,9,2013,6,2,27,229,2,1,1,7,"0, BRIAND (AVENUE ARISTI",0.0,0.0
201300021266,2,9,2013,11,1,27,229,2,1,1,3,"13, JACQUARD (RUE)",0.0,0.0
201300021267,5,9,2013,18,1,27,229,2,1,1,6,"33, MOULIN (RUE JEAN)",0.0,0.0
201300021268,13,9,2013,20,2,27,229,2,2,2,3,ROCHETTE (RUE DE LA),0.0,0.0
201300021269,20,9,2013,20,2,27,229,2,1,1,3,"35, JAURES (RUE JEAN)",0.0,0.0
201300021270,20,9,2013,20,5,27,229,2,1,1,6,"35, JAURES (RUE JEAN)",0.0,0.0
201300021271,21,9,2013,11,2,27,229,2,1,1,6,"0, NORMANDIE (BOULEVARD",0.0,0.0
201300021272,3,10,2013,22,5,27,229,2,1,1,2,"51, GAMBETTA (BOULEVARD)",0.0,0.0
201300021273,5,10,2013,20,5,27,229,2,1,1,3,BART (RUE JEAN),0.0,0.0
201300021274,18,10,2013,19,5,27,229,2,1,1,7,"7, CHAPELLE (RUE DE LA)",0.0,0.0
201300021275,19,10,2013,22,5,27,229,2,1,1,3,"0, GAMBETTA (BOULEVARD)",0.0,0.0
201300021276,30,10,2013,18,5,27,229,2,2,1,3,VERNON (RUE DE),0.0,0.0
201300021277,2,11,2013,9,1,27,229,2,2,1,3,NORMANDIE (BOULEVARD DE),0.0,0.0
201300021278,12,11,2013,6,2,27,229,2,2,1,3,"1, SAINT LOUIS (RUE)",0.0,0.0
201300021279,18,11,2013,11,1,27,229,2,1,1,3,"0, SAINT ANDRE (ROUTE DE",0.0,0.0
201300021280,27,11,2013,11,1,27,229,2,1,1,6,"3, SEPTIEME CHASSEUR (RU",0.0,0.0
201300021281,6,12,2013,18,2,27,229,2,1,1,6,"0, BROSSOLETTE (RUE PIER",0.0,0.0
201300021282,12,12,2013,11,1,27,229,2,1,1,6,ROCHETTE (RUE DE LA),0.0,0.0
201300021283,20,12,2013,11,1,27,229,2,1,1,6,"0, CITES UNIES (BOULEVAR",0.0,0.0
201300021284,22,12,2013,17,5,27,229,2,1,1,3,SAINT ANDRE (ROUTE DE),0.0,0.0
201300021285,5,6,2013,16,1,35,353,1,1,1,6,,48.127,-1.777
201300021286,20,7,2013,11,1,35,353,1,1,1,6,,48.12912,-1.75194
201300021287,7,11,2013,14,1,35,353,2,1,2,3,route de lorient,48.10486,-1.73633
201300021288,8,2,2013,8,1,27,351,2,1,2,6,DELAMARE (RUE ABBE),49.14,1.105
201300021289,5,3,2013,7,2,27,528,2,2,1,1,"0, VEXIN (CHAUSSEE DU)",49.151,1.113
201300021290,24,4,2013,11,1,27,701,2,1,1,6,FALAISES (ROUTE DES) NAT,49.161,1.125
201300021291,9,5,2013,12,1,27,365,1,3,1,6,RD77,49.172,1.1115
201300021292,15,6,2013,16,1,27,375,2,1,1,6,"0, BAL CHAMPETRE (RUE DU",49.123,1.093
201300021293,30,6,2013,19,1,27,701,2,1,1,1,CLOUETS ( VOIE ),0.0,0.0
201300021294,10,7,2013,10,1,27,375,2,1,1,2,MENDES FRANCE (RUE PIERR,49.124,1.1
201300021295,10,7,2013,9,1,27,375,2,1,1,6,"0, FOCH (RUE DU ML)",49.124,1.101
201300021296,12,7,2013,13,1,27,701,2,1,1,6,"34, DECOUVERTE (VOIE DE",49.16,1.13
201300021297,19,7,2013,19,1,27,375,2,1,1,6,VACHERIE (ROUTE DE LA),49.123,1.075
201300021298,24,7,2013,14,1,27,375,2,1,1,3,"0, CROSNE (BOULEVARD DE)",49.125,1.101
201300021299,6,8,2013,17,1,27,701,2,2,1,5,BLANCHE (CH. DE LA VOIE),0.0,0.0
201300021300,5,11,2013,11,1,27,701,1,1,8,7,"0, RD6015",0.0,0.0
201300021301,16,11,2013,0,5,27,375,1,6,1,7,CANAL(ROND POINT DU),0.0,0.0
201300021302,16,11,2013,15,1,27,701,2,3,1,1,LOUVIERS (ROUTE DE) BLAN,0.0,0.0
201300021303,22,11,2013,15,1,27,375,1,1,8,7,RD133,0.0,0.0
201300021304,18,12,2013,8,2,27,701,2,1,1,6,BLANCHE (CH. DE LA VOIE),0.0,0.0
201300021305,15,4,2013,10,1,14,681,1,1,1,6,FORMIGNY N13,49.327,-0.88105
201300021306,27,6,2013,19,1,14,378,1,1,1,6,RN 13,49.3443,-0.9613
201300021307,3,7,2013,10,1,14,525,1,1,1,2,,49.224,-0.542
201300021308,25,7,2013,6,1,14,568,1,1,1,2,,49.234,-0.57
201300021309,17,8,2013,9,1,14,186,1,1,1,2,,49.24,-0.585
201300021310,2,10,2013,21,5,14,568,1,1,1,3,,0.0,0.0
201300021311,4,11,2013,14,1,14,342,1,1,1,6,,0.0,0.0
201300021312,22,11,2013,9,1,14,681,1,1,4,7,,0.0,0.0
201300021313,10,4,2013,8,1,06,95,2,1,1,3,Avenue de Peygros,0.0,0.0
201300021314,28,12,2013,11,1,06,140,2,1,3,6,643 avenue de Belletrud,0.0,0.0
201300021315,17,1,2013,16,1,06,95,2,1,1,6,38 avenue de boutiny,0.0,0.0
201300021316,14,2,2013,10,1,06,95,2,1,1,1,40 boulevard Jean Giraud,0.0,0.0
201300021317,19,7,2013,12,1,06,37,1,1,1,7,,0.0,0.0
201300021318,11,8,2013,18,1,06,118,1,1,1,6,,0.0,0.0
201300021319,13,8,2013,16,1,06,37,1,1,1,6,,0.0,0.0
201300021320,20,2,2013,18,2,27,562,2,9,1,2,"11, PRES (RUE DES)",0.0,0.0
201300021321,5,3,2013,8,2,27,681,2,1,1,6,DEVOS (BOULEVARD JULIEN),49.05,1.284
201300021322,24,6,2013,13,1,27,562,2,3,1,3,PICASSO (RUE PABLO),49.053,1.272
201300021323,26,6,2013,15,1,27,681,2,9,1,3,ILE DE FRANCE (AVENUE DE,49.05,1.295
201300021324,16,4,2013,16,1,27,681,2,1,1,7,CAPUCINS (AVENUE DES),49.054,1.282
201300021325,5,8,2013,16,1,27,554,2,3,1,3,ROUEN (AVENUE DE),0.0,0.0
201300021326,29,8,2013,9,1,27,681,2,4,1,3,CHANTEREINE (PLACE),0.0,0.0
201300021327,29,8,2013,16,1,27,562,2,3,1,7,HERMAND (RUE GEORGES),0.0,0.0
201300021328,9,11,2013,7,2,27,681,2,1,1,6,"1, MENDES FRANCE (AVENUE",0.0,0.0
201300021329,27,12,2013,13,1,17,472,1,1,8,1,,46.24201,-1.08606
201300021330,2,8,2013,5,3,17,407,1,1,1,3,,46.19093,-1.02737
201300021331,17,2,2013,20,3,25,618,1,1,1,3,,47.435,6.695
201300021332,9,6,2013,5,2,25,614,1,1,2,6,,47.528,6.857
201300021333,12,6,2013,18,1,25,188,1,1,1,2,,0.0,0.0
201300021334,8,8,2013,7,1,25,230,1,1,2,5,,0.0,0.0
201300021335,19,3,2013,8,1,91,363,2,1,1,1,75 rue Gambetta,0.0,0.0
201300021336,18,6,2013,18,1,91,665,1,1,1,3,N20,0.0,0.0
201300021337,14,9,2013,14,1,91,666,1,1,2,6,D118,0.0,0.0
201300021338,29,9,2013,19,2,91,363,2,1,2,2,91 rue Alfred dubois,0.0,0.0
201300021339,5,10,2013,1,5,91,363,2,1,1,6,rue Pasteur,0.0,0.0
201300021340,2,12,2013,7,5,91,458,1,9,9,5,,48.664,2.228
201300021341,12,12,2013,20,3,91,363,1,1,1,6,N104,0.0,0.0
201300021342,24,2,2013,22,3,76,537,1,1,4,3,,49.73836,1.6133
201300021343,8,5,2013,22,3,76,244,1,1,3,6,,49.71453,1.40922
201300021344,13,5,2013,10,1,76,257,1,1,2,6,,49.86365,1.55487
201300021345,2,6,2013,16,1,76,278,1,1,1,6,,49.84054,1.53988
201300021346,4,6,2013,0,3,76,122,1,1,1,6,,49.79758,1.50444
201300021347,5,6,2013,9,1,76,516,1,1,1,2,,49.72001,1.42694
201300021348,23,6,2013,12,1,76,424,1,1,2,7,,49.76123,1.48353
201300021349,9,9,2013,18,1,76,126,1,1,3,7,,49.6773,1.33851
201300021350,28,5,2013,23,3,76,287,1,1,1,2,,49.56127,1.04348
201300021351,8,5,2013,10,1,87,120,1,1,3,6,,0.0,0.0
201300021352,7,6,2013,18,1,87,203,1,1,1,6,,0.0,0.0
201300021353,19,8,2013,11,1,87,19,1,1,1,2,,0.0,0.0
201300021354,27,12,2013,20,3,87,19,1,1,8,5,,0.0,0.0
201300021355,19,3,2013,7,2,19,31,1,1,8,1,,45.133,1.493
201300021356,13,5,2013,5,3,19,248,1,1,1,2,,0.0,0.0
201300021357,8,7,2013,13,1,19,162,1,1,1,6,,45.37,1.572
201300021358,4,8,2013,13,1,19,31,1,1,1,2,,45.127,1.499
201300021359,6,12,2013,7,2,19,248,1,1,1,5,,45.471,1.516
201300021360,1,6,2013,8,1,59,462,1,1,1,7,,50.52732,3.00798
201300021361,18,9,2013,5,5,59,266,2,1,3,1,79 rue nationale,50.54199,2.98454
201300021362,22,10,2013,3,3,59,123,1,1,1,7,Rue Nationale,50.51815,2.99063
201300021363,30,11,2013,18,3,59,266,2,1,1,5,rue Nationale,50.54252,2.99023
201300021364,8,1,2013,19,5,28,85,2,2,2,3,"sans, ABLIS (RUE D')",48.44689,1.49888
201300021365,11,1,2013,7,5,28,85,2,1,1,2,"sans, MORARD (PLACE)",48.44517,1.4963
201300021366,15,1,2013,14,1,28,85,2,3,1,3,"2, CASANOVA (RUE DANIELE",48.4461,1.48197
201300021367,17,1,2013,14,1,28,110,1,1,1,7,"sans, RN 123 (ROCADE)",0.0,0.0
201300021368,18,1,2013,10,1,28,209,2,1,1,6,PAIX (AVENUE DE LA ),0.0,0.0
201300021369,19,1,2013,17,2,28,110,2,2,1,3,"sans, DOUIN Charles Isid",0.0,0.0
201300021370,25,1,2013,19,5,28,218,2,1,1,2,"10, KENNEDY (RUE JOHN)",48.43345,1.4609
201300021371,30,1,2013,7,5,28,85,2,1,2,6,FOCH (BOULEVARD DU MAREC,0.0,0.0
201300021372,30,1,2013,17,5,28,218,2,1,1,3,"148, REPUBLIQUE (RUE DE",48.43894,1.45811
201300021373,2,2,2013,16,1,28,85,2,1,1,5,"121, BOURGNEUF (RUE DU)",0.0,0.0
201300021374,4,2,2013,18,2,28,85,2,1,1,6,"sans, VIOLETTE (BOULEVAR",48.44554,1.48357
201300021375,6,2,2013,13,1,28,85,2,3,1,6,"sans, BETHOUARD (AVENUE)",48.45117,1.49215
201300021376,5,2,2013,8,2,28,85,1,1,1,5,"SANS, PROPYLEES (ZAC DES",48.45363,1.52912
201300021377,8,2,2013,21,5,28,70,1,1,8,1,"sans, VAUVENTRIERS (RUE",48.46825,1.51577
201300021378,14,2,2013,18,5,28,229,2,3,2,6,"SANS, ACACIAS (AVENUE DE",48.45166,1.46676
201300021379,14,2,2013,20,5,28,229,2,1,1,7,"SANS, COUBERTIN (RUE PIE",48.44702,1.46914
201300021380,17,2,2013,13,1,28,218,2,1,1,3,"14, REPUBLIQUE (RUE DE L",48.44054,1.47025
201300021381,19,2,2013,23,5,28,85,2,6,1,6,"SANS, SOURS (ROND POINT",0.0,0.0
201300021382,21,2,2013,10,1,28,110,2,1,1,3,"42, DU GORD",0.0,0.0
201300021383,27,2,2013,12,1,28,209,2,1,1,3,"sans, HAUTS DE FRESNAY (",48.4744,1.46629
201300021384,5,3,2013,12,1,28,218,2,2,1,3,"SANS, LECLERC (RUE DU MA",0.0,0.0
201300021385,7,3,2013,8,1,28,85,2,1,1,2,"sans, NEIGRE (AVENUE)",48.4492,1.49941
201300021386,8,3,2013,8,1,28,85,2,1,2,2,"SANS, NEIGRE (AVENUE)",0.0,0.0
201300021387,9,3,2013,9,1,28,110,2,1,1,3,"SANS, DU GORD",48.4256,1.48912
201300021388,9,3,2013,19,2,28,220,2,1,1,3,"46, MAUNOURY (MAURICE)",48.43236,1.47647
201300021389,14,3,2013,12,1,28,229,2,1,1,2,"0, R.D.905",48.45403,1.45575
201300021390,15,3,2013,8,1,28,85,2,1,1,2,"sans, ABLIS (RUE D')",48.44859,1.50146
201300021391,19,3,2013,18,1,28,229,2,1,1,3,"sans, PHILIPPE (AVENUE G",48.44935,1.45188
201300021392,22,3,2013,2,5,28,85,2,1,1,3,"SANS, HUGO (AVENUE VICTO",48.44567,1.52453
201300021393,22,3,2013,19,5,28,85,2,1,1,6,"75, FAUBOURG SAINT JEAN",48.45132,1.478
201300021394,25,3,2013,16,1,28,85,2,1,1,6,"8/10, CHASLES (BOULEVARD",48.44237,1.48811
201300021395,25,3,2013,17,1,28,85,2,1,1,2,"sans, ROULIERS (RUE DES)",48.44845,1.50256
201300021396,26,3,2013,21,5,28,85,2,3,1,3,"sans, ORLEANS (AVENUE D'",0.0,0.0
201300021397,27,3,2013,12,1,28,85,2,1,1,2,"sans, RD 939",0.0,0.0
201300021398,27,3,2013,14,1,28,220,2,1,1,3,"sans, L'Orme de Sours (R",48.41926,1.458
201300021399,1,4,2013,5,5,28,85,2,1,1,6,"sans, BOURGNEUF (RUE DU)",0.0,0.0
201300021400,11,4,2013,17,1,28,85,2,3,1,2,"104, BOURGNEUF (RUE DU)",0.0,0.0
201300021401,15,4,2013,19,1,28,85,2,1,1,7,"23, BOURGNEUF (RUE DU)",0.0,0.0
201300021402,11,4,2013,12,1,28,85,2,1,1,3,"SANS, SAINT MICHEL (RUE)",48.44344,1.48986
201300021403,25,4,2013,5,5,28,85,2,2,1,3,"SANS, MAUNOURY (RUE DU D",48.43959,1.48204
201300021404,26,4,2013,21,2,28,85,2,1,1,5,"51, FAUBOURG LA GRAPPE (",0.0,0.0
201300021405,29,4,2013,13,1,28,218,2,1,1,6,"SANS, LANGLOIS (RUE RENE",48.43723,1.46572
201300021406,1,5,2013,6,2,28,209,2,1,1,3,"10, JOSAPHAT (RUE DE)",0.0,0.0
201300021407,12,5,2013,7,1,28,220,2,1,1,6,"sans, Hochstadt (bouleva",0.0,0.0
201300021408,14,5,2013,14,1,28,85,2,1,1,6,"sans, ETAMPES (RUE D')",48.44722,1.51383
201300021409,14,5,2013,18,1,28,85,2,2,1,3,"SANS, BOURGNEUF (RUE DU)",0.0,0.0
201300021410,20,5,2013,17,1,28,218,1,1,2,7,"sans, RN 123",0.0,0.0
201300021411,21,5,2013,8,2,28,218,2,2,2,3,"SANS, REPUBLIQUE (AVENUE",48.44014,1.46654
201300021412,21,5,2013,12,1,28,218,2,1,2,1,"SANS, CORIOLAN (RUE DE)",48.43886,1.47143
201300021413,21,5,2013,13,1,28,229,1,1,1,1,"SANS, RN 1154",0.0,0.0
201300021414,23,5,2013,19,1,28,85,2,1,1,3,"SANS, SAINT CHERON (RUE)",48.44661,1.51012
201300021415,28,5,2013,9,1,28,218,2,2,2,3,"sans, TOURAINE",48.43385,1.44352
201300021416,31,5,2013,16,1,28,220,2,1,1,7,"sans, MAUNOURY (MAURICE)",48.43096,1.47559
201300021417,8,6,2013,19,1,28,85,2,1,3,6,"sans, VIOLETTE (BOULEVAR",48.44556,1.48351
201300021418,6,6,2013,17,1,28,229,1,1,1,2,"sans, D939",0.0,0.0
201300021419,7,6,2013,9,1,28,220,2,1,1,6,"sans, MAUNOURY (MAURICE)",0.0,0.0
201300021420,12,6,2013,13,1,28,85,1,6,2,3,"SANS, SOURS (ROND POINT",0.0,0.0
201300021421,18,6,2013,7,1,28,218,2,3,1,6,"3, BRUXELLES (RUE DE)",48.43855,1.44994
201300021422,19,6,2013,13,1,28,85,2,1,1,6,"sans, ALLONNES (RUE D')",0.0,0.0
201300021423,20,6,2013,22,5,28,85,2,1,1,6,"42, COURTILLE (BOULEVARD",48.44316,1.49565
201300021424,21,6,2013,16,1,28,209,1,1,1,5,"SANS, RN 1154",0.0,0.0
201300021425,22,6,2013,17,1,28,85,2,1,1,6,"face 33, FAUBOURG LA GRA",0.0,0.0
201300021426,22,6,2013,18,1,28,110,2,1,1,2,"2, VOVES (RUE DE)",0.0,0.0
201300021427,26,6,2013,17,1,28,218,2,1,1,6,"5, MAUNOURY (CITE JEAN)",48.43878,1.46108
201300021428,30,6,2013,15,1,28,218,2,2,1,3,VARLET (RUE GEORGES),48.43806,1.46202
201300021429,3,7,2013,15,1,28,85,2,9,1,6,"00, VIOLETTE (BOULEVARD",48.44539,1.48354
201300021430,3,7,2013,18,1,28,85,2,1,1,3,"21, CHASLES (BOULEVARD)",48.44261,1.48661
201300021431,6,7,2013,19,1,28,218,2,2,1,3,"01, EUROPE (AVENUE DE L'",0.0,0.0
201300021432,9,7,2013,14,1,28,85,2,1,1,6,"00, VIOLETTE (BOULEVARD",48.44574,1.48361
201300021433,10,7,2013,18,1,28,85,2,1,1,2,"26, MAUNOURY (RUE DU DOC",48.44227,1.48306
201300021434,11,7,2013,10,1,28,229,2,2,1,3,", PHILIPPE (AVENUE GERAR",48.44904,1.45187
201300021435,11,7,2013,12,1,28,220,2,2,1,3,"sans, MARCEAU (RUE)",48.42512,1.48014
201300021436,13,7,2013,19,1,28,85,2,1,1,6,"39, RESERVOIRS (RUE - IM",48.43482,1.49134
201300021437,17,7,2013,16,1,28,220,2,1,1,6,"SANS, AVENUE DE LA REPUB",48.4362,1.47947
201300021438,18,7,2013,10,1,28,85,2,2,1,6,"sans, SABLONS (AVENUE DE",48.44753,1.5154
201300021439,19,7,2013,16,1,28,220,2,1,1,2,"sans, MARCEAU (RUE)",48.42483,1.48172
201300021440,20,7,2013,17,1,28,220,2,1,1,2,"sans, LECLERC (RUE DU MA",48.42474,1.45511
201300021441,23,7,2013,17,1,28,229,2,1,1,6,PHILIPE (AVENUE GERARD),48.44869,1.45173
201300021442,25,7,2013,17,1,28,220,2,1,1,3,"6, MAUNOURY (MAURICE)",48.43567,1.47906
201300021443,29,7,2013,15,1,28,110,2,3,1,3,,0.0,0.0