Num_Acc,jour,mois,an,hr,condition_eclairage,departement,commune,condition_agglomeration,intersection,condition_atmosphere,type_collision,adresse,lattitude,longitude
201300021444,31,7,2013,16,1,28,220,2,1,1,6,"31, LIBERTE (RUE DE LA)",48.42759,1.46705
201300021445,5,8,2013,7,1,28,220,2,2,1,3,"SANS, LIBERTE (RUE DE LA",48.4276,1.46811
201300021446,8,8,2013,10,1,28,220,2,1,1,3,"113, MAUNOURY (MAURICE)",48.42951,1.47441
201300021447,10,8,2013,10,1,28,229,2,1,1,6,HUGO (AVENUE VICTOR),48.44887,1.46412
201300021448,14,8,2013,12,1,28,70,1,1,1,6,SAINT PREST (RUE DE),48.47703,1.51704
201300021449,13,8,2013,13,1,28,85,2,1,1,2,"9, CHASLES (BOULEVARD)",48.44243,1.48773
201300021450,15,8,2013,22,5,28,85,2,1,1,3,"54, JAURES (BOULEVARD JE",0.0,0.0
201300021451,16,8,2013,11,1,28,85,2,1,1,1,"2, VIOLETTE (BOULEVARD M",48.44524,1.48344
201300021452,17,8,2013,11,1,28,85,2,2,1,3,"77, SAINT BRICE (RUE)",0.0,0.0
201300021453,23,8,2013,9,1,28,85,2,2,1,1,NICOLE (RUE),48.44668,1.4799
201300021454,27,8,2013,8,1,28,229,1,1,1,1,RN 1154,0.0,0.0
201300021455,27,8,2013,15,1,28,85,2,1,8,6,"1, VIOLETTE (BOULEVARD M",48.44533,1.48355
201300021456,9,9,2013,10,1,28,85,2,1,2,2,"79, REVERDY (RUE DE)",48.43889,1.48423
201300021457,9,9,2013,7,1,28,85,2,1,1,2,"77, SAINT CHERON (RUE)",48.44644,1.50856
201300021458,10,9,2013,11,1,28,218,2,1,1,6,"2, CORIOLAN (RUE DE)",48.43963,1.47112
201300021459,10,9,2013,15,1,28,85,2,1,1,6,"15, MAUNOURY (RUE DU DOC",48.44285,1.48325
201300021460,4,9,2013,9,1,28,85,2,1,1,7,"1, SEMARD (PLACE PIERRE)",48.44792,1.48196
201300021461,11,9,2013,12,1,28,85,2,1,1,3,PATTON (RUE DU GENERAL),48.44141,1.47424
201300021462,12,9,2013,10,1,28,70,2,1,2,1,SAINT PREST (RUE DE),0.0,0.0
201300021463,12,9,2013,20,5,28,110,1,3,2,5,VOVES (RUE DE),0.0,0.0
201300021464,14,9,2013,13,1,28,85,2,1,2,7,"22, FOCH (BOULEVARD DU M",48.44856,1.49268
201300021465,16,9,2013,7,2,28,209,1,1,2,6,CHACATIERE (RUE DE LA),48.47038,1.47893
201300021466,17,9,2013,15,1,28,70,2,1,2,3,SAINT PREST (RUE DE),48.4693,1.50817
201300021467,17,9,2013,17,1,28,85,1,6,1,3,"0, RN 10",48.45381,1.531
201300021468,17,9,2013,22,5,28,85,1,6,3,3,SOURS (ROND POINT ROUTE,0.0,0.0
201300021469,11,9,2013,3,3,28,209,1,1,1,7,RN 1154,0.0,0.0
201300021470,2,9,2013,19,2,28,70,2,1,1,3,LOUIS BLERIOT (RUE),48.46164,1.50746
201300021471,28,9,2013,10,1,28,85,2,3,1,3,"122, SAINT BRICE (RUE)",0.0,0.0
201300021472,26,9,2013,7,1,28,229,2,6,1,6,CHASLES (RUE PHILARETE),48.44744,1.47641
201300021473,29,9,2013,16,1,28,85,2,4,1,7,BEAUREPAIRE (AVENUE),48.4592,1.4897
201300021474,2,10,2013,9,1,28,85,2,1,1,7,MAUNOURY (RUE DU DOCTEUR,48.44167,1.4829
201300021475,3,10,2013,7,1,28,209,2,1,1,6,"45, PAIX (AVENUE DE LA )",0.0,0.0
201300021476,27,9,2013,19,1,28,85,1,1,1,6,LAENNEC (AVENUE DU DOCTE,0.0,0.0
201300021477,5,10,2013,23,5,28,110,1,1,1,7,RN 123 (ROCADE),0.0,0.0
201300021478,3,10,2013,20,3,28,110,1,2,3,2,VOVES (Rue de),0.0,0.0
201300021479,9,10,2013,20,5,28,85,2,3,2,4,"44, FOCH (BOULEVARD DU M",0.0,0.0
201300021480,11,10,2013,8,1,28,85,2,3,2,3,", PATTON (RUE DU GENERAL",48.44359,1.48127
201300021481,11,10,2013,7,2,28,218,2,9,1,6,"32, FOREAU (RUE FRANCOIS",48.43636,1.45767
201300021482,12,10,2013,6,5,28,85,1,1,1,6,MERMOZ (RUE JEAN),0.0,0.0
201300021483,13,10,2013,4,5,28,85,2,1,1,7,"95, GRAND FAUBOURG (RUE",48.4423,1.47796
201300021484,13,10,2013,18,1,28,85,2,3,1,6,"2-4, LISSES (RUE DES)",48.44835,1.48693
201300021485,15,10,2013,12,1,28,209,1,3,2,3,RD 906,0.0,0.0
201300021486,18,10,2013,18,1,28,85,2,3,1,2,"87, BOURGNEUF (RUE DU)",48.46062,1.48304
201300021487,18,10,2013,21,4,28,85,2,1,1,7,POILLOT (RUE EDMOND),48.43278,1.51064
201300021488,19,10,2013,16,1,28,110,1,9,1,3,RN 123 (ROCADE),0.0,0.0
201300021489,21,10,2013,8,1,28,85,2,3,1,3,"2, CHEVARD (RUE VINCENT)",48.43417,1.50633
201300021490,26,10,2013,15,1,28,85,2,1,1,2,"44, MERMOZ (RUE JEAN)",48.4498,1.50634
201300021491,30,10,2013,17,1,28,220,2,2,1,3,", AVENUE DE LA REPUBLIQU",48.42885,1.47391
201300021492,31,10,2013,9,1,28,220,2,1,1,4,ROUTE NATIONALE 123,0.0,0.0
201300021493,3,11,2013,15,1,28,85,2,1,2,2,"63, PEGUY (BOULEVARD CHA",48.45239,1.48733
201300021494,3,11,2013,14,1,28,85,2,2,1,3,"10, JEAN BAPTISTE DE LA",48.46271,1.49104
201300021495,4,11,2013,11,1,28,85,2,1,1,6,"0, DROUAISE (PLACE)",0.0,0.0
201300021496,5,11,2013,17,5,28,85,2,1,1,6,"74, FAUBOURG LA GRAPPE (",0.0,0.0
201300021497,6,11,2013,6,3,28,85,1,1,2,6,LAENNEC (AVENUE DU DOCTE,0.0,0.0
201300021498,6,11,2013,17,1,28,218,2,6,1,7,LIBERATION (CARREFOUR DE,0.0,0.0
201300021499,6,11,2013,12,1,28,85,2,1,1,6,"29, SAINT PIERRE (RUE)",48.44441,1.49204
201300021500,7,11,2013,18,3,28,229,1,3,3,4,"2, D939",0.0,0.0
201300021501,12,11,2013,8,1,28,209,2,3,2,3,"1, PAIX (AVENUE DE LA )",0.0,0.0
201300021502,12,11,2013,18,3,28,229,1,6,2,2,RD 905,0.0,0.0
201300021503,13,11,2013,9,1,28,218,2,1,1,6,KENNEDY (RUE JOHN),48.42929,1.46634
201300021504,14,11,2013,17,5,28,209,2,1,2,6,"11, PAIX (AVENUE DE LA )",0.0,0.0
201300021505,18,11,2013,8,1,28,218,2,2,2,3,FOREAU (RUE FRANCOIS),48.43586,1.46123
201300021506,20,11,2013,5,5,28,209,2,1,1,7,"2, HOCHE ALLARD (rue)",0.0,0.0
201300021507,23,11,2013,12,1,28,229,1,2,1,3,BERLIOZ (RUE HECTOR),48.45578,1.4626
201300021508,24,11,2013,16,1,28,218,2,1,1,3,TOURAINE,48.43534,1.44697
201300021509,29,11,2013,18,3,28,85,1,1,1,6,HUGO (AVENUE VICTOR),48.44674,1.52793
201300021510,30,11,2013,10,1,28,209,1,1,1,7,"1, CHAVANNES (ROUTE DE)",0.0,0.0
201300021511,2,12,2013,7,3,28,85,2,3,1,7,RECHEVRES (CITE - RUE DE,0.0,0.0
201300021512,2,12,2013,9,1,28,85,2,2,1,3,GRANDES PLANTES (RUE DES,48.46078,1.4951
201300021513,2,12,2013,17,5,28,218,2,1,1,6,KENNEDY (RUE JOHN),48.43026,1.46489
201300021514,3,12,2013,17,3,28,229,1,1,1,3,R.D.905,0.0,0.0
201300021515,14,11,2013,17,5,28,110,2,1,1,3,DU GORD,0.0,0.0
201300021516,6,12,2013,16,1,28,220,2,1,1,2,rue Jean BOUIN,48.41908,1.47304
201300021517,9,12,2013,8,1,28,229,2,2,1,7,"sans, PHILIPPE (AVENUE G",0.0,0.0
201300021518,9,12,2013,11,1,28,218,2,2,1,3,REPUBLIQUE (AVENUE DE LA,48.44019,1.46659
201300021519,9,12,2013,18,5,28,85,2,1,8,7,"98, SOURS (RUE DE)",0.0,0.0
201300021520,11,12,2013,8,1,28,220,1,1,9,4,ROUTE NATIONALE 123,0.0,0.0
201300021521,13,12,2013,9,1,28,218,2,1,9,7,TAYE (RUE DE LA),48.42804,1.44614
201300021522,14,12,2013,17,1,28,85,2,3,1,7,DUGUE (RUE FERDINAND),48.44278,1.47537
201300021523,15,12,2013,11,1,28,218,2,2,1,6,"14 bis, MATTEI (RUE FRAN",48.44058,1.46596
201300021524,15,12,2013,13,1,28,70,2,1,1,2,"1, VIGNES (RUE DES)",48.46896,1.50267
201300021525,15,12,2013,16,1,28,85,2,3,1,1,PEGUY (BOULEVARD CHARLES,48.45172,1.48649
201300021526,15,12,2013,18,5,28,85,2,3,1,6,"55, GUYNEMER (RUE)",48.44875,1.50676
201300021527,16,12,2013,7,2,28,85,2,1,1,7,LAUNAY (RUE DE),0.0,0.0
201300021528,17,12,2013,9,1,28,218,2,1,7,4,KENNEDY (RUE JOHN),48.42954,1.46598
201300021529,17,12,2013,16,1,28,85,2,1,1,5,JAURES (BOULEVARD JEAN),0.0,0.0
201300021530,16,12,2013,16,2,28,209,1,1,1,2,"1, CHACATIERE (RUE DE LA",0.0,0.0
201300021531,23,12,2013,16,1,28,85,2,1,1,7,"2, BOURGNEUF (RUE DU)",0.0,0.0
201300021532,31,12,2013,7,3,28,229,1,1,2,7,"1, RN 1154",0.0,0.0
201300021533,30,10,2013,14,1,42,176,2,6,2,2,Intersection RD9 / RD18,46.04743,3.98495
201300021534,14,10,2013,11,1,42,182,2,1,1,1,243 route de roanne,46.03953,4.01091
201300021535,4,1,2013,14,1,42,231,1,9,2,1,,46.11661,3.97379
201300021536,20,1,2013,22,3,42,220,1,1,1,1,,46.1178,3.94868
201300021537,1,2,2013,15,1,42,220,1,1,1,4,,46.12514,3.93004
201300021538,8,3,2013,8,1,42,220,1,1,8,6,,46.11974,3.94388
201300021539,14,3,2013,10,1,42,284,1,1,4,5,,46.09197,4.00293
201300021540,29,3,2013,8,1,42,182,2,1,2,3,Lieu dit Le Taron,46.05904,3.92822
201300021541,11,4,2013,13,1,42,163,1,1,2,6,,46.20903,3.89815
201300021542,13,5,2013,15,1,42,284,1,1,1,2,,46.0832,4.02548
201300021543,18,6,2013,13,1,42,182,2,6,1,7,D8/D9,46.05179,3.93537
201300021544,25,6,2013,16,1,42,176,2,1,1,3,137 RUE DES MONTS DE LA,46.0387,3.97978
201300021545,10,7,2013,12,1,42,253,1,1,1,7,,46.03592,3.99614
201300021546,21,7,2013,10,1,42,182,2,1,1,6,61 RUE DU COMMERCE,46.05183,3.92503
201300021547,15,8,2013,21,3,42,78,1,1,1,6,,46.1692,3.86531
201300021548,4,9,2013,17,1,42,163,2,1,7,3,,46.17542,3.86831
201300021549,28,11,2013,10,1,42,198,2,1,1,6,28 rue des marronniers,46.00884,3.93517
201300021550,15,1,2013,7,5,28,134,2,3,8,6,SAINT THIBAULT (RUE),0.0,0.0
201300021551,2,2,2013,18,5,28,134,1,1,1,2,RN 12 (CARREFOUR DELISLE,48.74604,1.36504
201300021552,18,2,2013,14,1,28,404,2,1,1,3,ROCADE OUEST,0.0,0.0
201300021553,18,2,2013,18,1,28,404,2,1,1,3,CHARTRES (AVE DE),0.0,0.0
201300021554,25,3,2013,18,1,28,404,2,2,1,3,BREZOLLES (ROUTE DE),0.0,0.0
201300021555,26,3,2013,16,1,28,404,2,1,1,6,EPINAY (RUE DE),48.72507,1.33123
201300021556,1,4,2013,11,1,28,134,1,1,1,2,RN 12 (CARREFOUR DELISLE,0.0,0.0
201300021557,11,4,2013,8,1,28,134,1,1,1,5,ROCADE EST,0.0,0.0
201300021558,14,4,2013,18,1,28,134,2,1,1,6,DE LATTRE DE TASSIGNY (A,48.73881,1.38742
201300021559,18,4,2013,18,1,28,134,2,1,1,6,PROD'HOMME (RUE EMILE),0.0,0.0
201300021560,10,5,2013,1,3,28,134,1,1,2,2,RN 12 (DESCENTE ET PONT,0.0,0.0
201300021561,16,6,2013,22,1,28,404,2,2,1,3,CRECY (ROUTE DE),0.0,0.0
201300021562,3,7,2013,20,1,28,134,1,1,1,1,CHAMPELON (CHEMIN DES),48.75608,1.34467
201300021563,14,7,2013,21,1,28,404,2,1,1,3,ROUSSEAU (RUE JEAN JACQU,48.73023,1.34159
201300021564,18,7,2013,7,1,28,332,2,1,1,3,D 929,0.0,0.0
201300021565,23,7,2013,9,1,28,134,2,1,1,3,LONGS REAGES (RUE DES),48.74105,1.33632
201300021566,5,8,2013,20,1,28,134,1,1,7,1,HODDE (CHEMIN DU PONT),48.76384,1.33444
201300021567,12,9,2013,10,1,28,134,1,2,2,2,RN 12 (CARREFOUR DELISLE,0.0,0.0
201300021568,14,9,2013,13,1,28,134,2,1,4,3,LECLERC (AVENUE DU GENER,48.74045,1.3829
201300021569,10,10,2013,9,1,28,134,2,6,7,6,ROND POINT DUNANT,0.0,0.0
201300021570,29,10,2013,15,1,28,404,1,3,7,3,CRECY (ROUTE DE),0.0,0.0
201300021571,5,11,2013,19,5,28,134,2,1,2,3,"7, LIVRAINDIERES (RUE DE",48.74853,1.35432
201300021572,7,12,2013,8,1,28,134,2,6,1,3,MELSUNGEN  (AVENUE DE),0.0,0.0
201300021573,14,12,2013,16,1,28,134,2,1,1,1,"30, ISAACS (RUE SAM)",0.0,0.0
201300021574,29,12,2013,15,1,28,134,2,3,1,3,"0, LONGS REAGES (RUE DES",48.74013,1.33604
201300021575,14,2,2013,15,1,71,520,1,1,2,2,,0.0,0.0
201300021576,5,4,2013,4,3,71,52,1,1,1,6,,0.0,0.0
201300021577,12,4,2013,11,1,71,170,1,1,1,5,,0.0,0.0
201300021578,13,5,2013,22,3,71,52,1,1,1,5,,0.0,0.0
201300021579,19,6,2013,16,1,71,52,1,1,1,5,,0.0,0.0
201300021580,28,6,2013,6,2,71,52,1,1,8,2,,0.0,0.0
201300021581,10,7,2013,6,1,71,475,1,1,1,6,,0.0,0.0
201300021582,12,7,2013,21,1,71,384,1,1,1,2,,0.0,0.0
201300021583,13,7,2013,8,1,71,444,1,1,1,6,,0.0,0.0
201300021584,27,7,2013,3,3,71,52,1,1,1,2,,0.0,0.0
201300021585,10,8,2013,20,2,71,336,1,1,1,6,,0.0,0.0
201300021586,15,8,2013,15,1,71,170,1,1,1,2,,0.0,0.0
201300021587,18,8,2013,2,3,71,73,2,1,1,6,rue du 8 Mai 1945,46.914,4.75348
201300021588,1,9,2013,9,1,71,118,1,1,1,3,,0.0,0.0
201300021589,8,9,2013,19,1,71,189,1,1,8,1,,0.0,0.0
201300021590,10,10,2013,20,3,71,138,1,1,2,6,,0.0,0.0
201300021591,25,10,2013,18,2,71,19,1,1,1,5,,0.0,0.0
201300021592,14,12,2013,12,1,71,245,1,1,1,2,,0.0,0.0
201300021593,27,12,2013,10,1,71,384,1,1,8,7,,46.69195,4.84477
201300021594,4,3,2013,14,1,74,179,1,1,1,3,,0.0,0.0
201300021595,22,4,2013,18,1,74,272,2,4,1,3,CHAUMONTET - SILLINGY,0.0,0.0
201300021596,18,4,2013,8,1,74,272,1,2,1,3,,0.0,0.0
201300021597,26,4,2013,8,1,74,152,1,1,1,1,,0.0,0.0
201300021598,5,5,2013,15,1,74,179,1,1,1,6,,0.0,0.0
201300021599,21,5,2013,7,1,74,272,2,1,2,6,156 route de Seysollaz,0.0,0.0
201300021600,21,6,2013,1,5,74,112,1,1,1,6,,0.0,0.0
201300021601,22,6,2013,22,3,74,152,1,1,1,1,,0.0,0.0
201300021602,11,7,2013,16,1,74,231,1,1,1,7,ROUTE DE LA CHAUDIERE,0.0,0.0
201300021603,4,12,2013,3,3,74,112,1,1,9,1,,0.0,0.0
201300021604,29,3,2013,17,1,14,532,1,2,1,3,,48.9048,-0.83378
201300021605,1,4,2013,18,1,14,347,1,2,1,3,,49.0371,-0.72952
201300021606,11,4,2013,12,1,14,52,1,2,1,3,LA FERRONNI?RE LE BENY B,48.9297,-0.81048
201300021607,17,4,2013,16,1,14,413,1,3,1,3,LE MESNIL AUZOUF,48.9895,-0.74456
201300021608,13,7,2013,19,1,14,443,1,1,1,1,,48.946,-0.742
201300021609,31,1,2013,3,4,22,206,1,1,8,7,Kerbouillen,48.53269,-3.00667
201300021610,9,2,2013,14,1,22,182,1,1,2,1,,48.53121,-2.94253
201300021611,22,2,2013,19,3,22,182,1,1,1,2,RN 12,48.53074,-2.91978
201300021612,25,2,2013,10,1,22,188,1,1,4,7,,48.52328,-2.88558
201300021613,26,4,2013,11,1,22,227,1,1,1,7,,48.56559,-3.5457
201300021614,28,4,2013,17,1,22,187,1,1,1,4,,48.532,-2.75
201300021615,9,6,2013,23,4,22,187,1,1,1,2,,48.54509,-2.80621
201300021616,26,7,2013,16,1,22,187,1,1,1,2,,48.54623,-2.78072
201300021617,29,7,2013,11,1,22,225,1,1,1,6,,48.553,-3.108
201300021618,17,8,2013,11,1,22,227,1,1,1,2,Etang du Moulin Neuf,48.56705,-3.57514
201300021619,22,9,2013,7,2,22,30,1,1,5,7,,48.70913,-3.38259
201300021620,8,12,2013,21,3,22,164,1,1,1,2,,48.58555,-3.24883
201300021621,13,2,2013,15,1,22,180,1,1,1,7,,48.42573,-2.24151
201300021622,22,2,2013,8,1,22,259,1,9,1,3,LA BEZARDAIS,48.44759,-2.09525
201300021623,23,2,2013,10,1,22,51,1,1,4,2,,48.36867,-2.33317
201300021624,5,3,2013,4,3,22,389,1,1,1,7,Aire de repos,48.47986,-2.65796
201300021625,11,3,2013,7,2,22,193,1,1,3,7,LA CROIX BALISSON,48.40416,-2.41364
201300021626,12,3,2013,21,3,22,185,1,1,4,7,LA RUE,48.4415,-2.47746
201300021627,15,3,2013,12,1,22,337,1,1,1,7,,48.35409,-2.3076
201300021628,28,4,2013,14,1,22,339,1,1,1,6,,0.0,0.0
201300021629,15,6,2013,19,1,22,339,1,9,1,7,,48.487,-2.041
201300021630,15,7,2013,7,1,22,81,1,1,1,2,,48.48111,-2.64534
201300021631,31,7,2013,20,1,22,190,1,1,1,7,,48.51993,-2.03847
201300021632,15,10,2013,18,1,22,32,1,1,1,6,,48.3,-2.223
201300021633,2,12,2013,5,3,22,20,1,1,1,2,Le Chalet,48.32008,-2.25125
201300021634,10,12,2013,15,1,22,193,1,1,1,6,PAS DOS GEO,48.41925,-2.44438
201300021635,10,12,2013,22,3,22,339,1,1,1,7,PAS DOS GEO,48.47992,-2.0443
201300021636,25,12,2013,15,1,22,369,1,1,2,7,PAS DOS GEO,48.34366,-2.28795
201300021637,25,12,2013,18,3,22,190,1,1,2,7,PAS DOS GEO,48.51815,-2.03864
201300021638,26,12,2013,14,1,22,160,1,1,1,6,PAS DOS GEO,48.43835,-2.47432
201300021639,29,12,2013,2,3,22,389,1,9,1,6,PAS DOS GEO,48.4806,-2.65168
201300021640,1,7,2013,23,3,29,266,1,1,1,6,,48.53745,-3.91766
201300021641,30,6,2013,9,1,29,181,1,1,1,7,,48.48871,-4.23444
201300021642,15,7,2013,16,1,29,268,1,1,1,6,,48.4718,-4.32644
201300021643,18,8,2013,13,1,29,199,1,1,1,6,,48.57752,-3.65213
201300021644,29,8,2013,5,3,29,68,1,1,5,7,,48.5257,-3.98637
201300021645,22,10,2013,18,1,29,268,1,9,2,6,,48.47234,-4.32595
201300021646,15,8,2013,13,1,29,53,1,1,1,7,,48.29698,-4.17068
201300021647,18,9,2013,18,1,29,140,1,1,1,2,,48.38179,-4.30328
201300021648,21,2,2013,22,3,35,206,1,1,1,6,,48.05574,-1.68092
201300021649,8,3,2013,19,2,35,206,1,1,1,4,,48.06186,-1.6787
201300021650,18,5,2013,6,2,35,12,1,1,1,2,,47.85328,-1.69345
201300021651,4,6,2013,13,1,35,139,1,1,1,5,,47.97411,-1.69416
201300021652,10,6,2013,13,1,35,139,1,1,1,6,,47.97924,-1.69548
201300021653,19,6,2013,11,1,35,139,1,1,1,5,,47.9776,-1.69517
201300021654,23,6,2013,18,1,35,206,1,1,1,6,,48.06525,-1.67761
201300021655,6,10,2013,6,2,35,129,1,1,1,6,,47.835,-1.82109
201300021656,15,10,2013,8,1,35,139,1,1,3,2,,47.98462,-1.69555
201300021657,20,10,2013,3,3,35,12,1,1,3,5,,0.0,0.0
201300021658,13,11,2013,6,5,35,12,2,1,1,2,rue des fr?res emery,47.84142,-1.68102
201300021659,8,9,2013,22,3,35,310,1,2,1,3,,48.36937,-1.30635
201300021660,11,10,2013,22,3,35,243,1,1,1,7,,48.3557,-1.25509
201300021661,14,4,2013,18,1,01,209,1,1,1,2,,46.0956,5.87685
201300021662,30,4,2013,7,1,01,354,1,1,1,3,,0.0,0.0
201300021663,21,6,2013,17,1,01,109,1,1,1,7,,46.1223,5.89715
201300021664,10,9,2013,18,1,01,354,1,3,1,3,,0.0,0.0
201300021665,1,11,2013,15,1,01,109,1,1,1,6,,0.0,0.0
201300021666,28,6,2013,13,1,01,419,1,1,1,3,,0.0,0.0
201300021667,24,12,2013,14,1,01,209,1,1,1,1,,46.092,5.888
201300021668,8,7,2013,12,1,01,419,2,2,1,3,RUE B. STRESEMANN RUE DU,46.2345,5.97915
201300021669,23,7,2013,15,1,01,288,2,9,1,1,1903 ROUTE DE LYON,46.186,5.92679
201300021670,1,9,2013,6,1,01,354,2,6,1,6,Rue de la Faucille,0.0,0.0
201300021671,11,1,2013,5,3,54,314,1,1,9,7,,49.50759,5.71405
201300021672,27,1,2013,0,3,54,314,1,1,1,3,,49.498,5.742
201300021673,11,3,2013,21,5,54,138,2,1,4,1,169 Rue de Lorraine -,49.52808,5.74635
201300021674,7,4,2013,20,2,54,134,1,1,1,7,,49.441,5.597
201300021675,12,4,2013,10,1,54,322,2,1,1,6,5 RUE DE SETE,49.447,5.599
201300021676,14,4,2013,16,1,54,428,1,1,1,2,,49.408,5.719
201300021677,25,5,2013,13,1,54,236,1,1,2,7,,49.44312,5.54677
201300021678,15,6,2013,8,4,54,582,2,1,1,6,D29C ROUTE DE CHARENCY,49.476,5.54393
201300021679,6,7,2013,18,1,54,322,2,1,1,3,rue de l'hotel de ville,0.0,0.0
201300021680,10,7,2013,19,1,54,67,1,1,1,1,,49.4448,5.69993
201300021681,25,7,2013,18,1,54,590,1,1,1,7,,49.46689,5.62193
201300021682,27,7,2013,12,1,54,67,1,1,1,7,,49.43751,5.64401
201300021683,5,8,2013,20,1,54,537,1,1,1,7,,49.45989,5.69166
201300021684,25,9,2013,6,2,54,67,1,1,5,6,,49.43956,5.6981
201300021685,25,9,2013,11,1,54,234,2,1,1,6,11 grand rue,49.53475,5.68534
201300021686,20,10,2013,21,1,54,236,1,1,1,7,,49.44566,5.5371
201300021687,20,10,2013,8,1,54,290,1,1,2,6,,49.434,5.755
201300021688,27,11,2013,8,1,54,322,2,1,1,6,rue de Sete,49.43908,5.60693
201300021689,20,12,2013,14,1,54,590,1,1,1,3,,0.0,0.0
201300021690,18,3,2013,14,2,67,489,1,1,8,1,,0.0,0.0
201300021691,27,7,2013,9,1,67,437,1,1,1,2,,0.0,0.0
201300021692,9,9,2013,17,1,67,459,1,1,2,7,,0.0,0.0
201300021693,11,9,2013,21,3,67,469,1,1,3,5,,0.0,0.0
201300021694,9,10,2013,20,3,67,347,1,1,2,1,,0.0,0.0
201300021695,18,2,2013,7,2,83,48,1,1,1,1,,43.323,6.997
201300021696,8,3,2013,11,1,83,48,1,1,2,1,,43.323,6.957
201300021697,3,5,2013,11,1,83,36,1,1,1,1,,43.276,6.859
201300021698,4,6,2013,19,1,83,48,1,1,1,1,,43.191,6.593
201300021699,21,6,2013,15,1,83,48,2,3,1,3,chemin de provence,43.20652,6.56531
201300021700,21,6,2013,20,1,83,36,2,1,1,6,Chemin des Collieres,43.19434,6.53089
201300021701,2,7,2013,4,5,83,36,2,1,1,6,Rue du port,43.169,6.538
201300021702,22,8,2013,9,1,83,48,2,1,1,6,boulevard de Tabarin,43.19426,6.56981
201300021703,11,10,2013,16,1,83,48,1,1,1,5,,0.0,0.0
201300021704,3,12,2013,10,1,83,36,2,1,1,6,1 Rue du Port,43.173,6.535
201300021705,20,1,2013,17,2,35,151,2,1,1,3,Le bourg d50,0.0,0.0
201300021706,22,1,2013,12,1,35,57,1,1,8,7,,47.939,-1.912
201300021707,25,8,2013,15,1,35,168,1,1,1,6,,0.0,0.0
201300021708,19,10,2013,16,1,35,129,1,1,1,6,,0.0,0.0
201300021709,17,7,2013,22,2,86,56,1,1,7,6,,0.0,0.0
201300021710,5,11,2013,6,3,86,56,1,1,3,6,,46.515,0.137
201300021711,9,7,2013,10,1,62,491,1,1,1,7,,50.02,2.303
201300021712,20,10,2013,17,1,62,502,2,1,1,6,rue delflie,0.0,0.0
201300021713,2,1,2013,1,3,21,272,1,1,8,6,,0.0,0.0
201300021714,2,7,2013,14,1,21,87,1,1,1,1,,0.0,0.0
201300021715,16,8,2013,10,1,21,128,1,1,1,6,,0.0,0.0
201300021716,21,8,2013,11,1,21,244,1,1,1,6,,0.0,0.0
201300021717,13,9,2013,7,1,21,298,1,1,1,6,,0.0,0.0
201300021718,13,9,2013,9,1,21,501,1,1,2,2,,47.418,4.948
201300021719,20,9,2013,12,1,21,633,1,1,1,7,,47.573,4.78
201300021720,20,5,2013,8,1,86,120,1,1,3,5,LA GRANDE FERRIERE,0.0,0.0
201300021721,29,1,2013,18,5,01,143,2,1,2,6,AVENUE DE GENEVE,46.3544,6.13909
201300021722,1,4,2013,12,1,01,436,1,1,1,5,,46.3416,6.08915
201300021723,21,9,2013,16,1,01,436,1,1,1,2,,46.348,6.095
201300021724,9,11,2013,10,1,01,153,1,1,1,1,,0.0,0.0
201300021725,10,1,2013,18,5,12,96,2,1,2,6,30 boulevar de Guizard,44.528,2.766
201300021726,29,1,2013,13,1,12,157,1,1,1,2,,0.0,0.0
201300021727,3,3,2013,14,1,12,49,1,1,7,1,,0.0,0.0
201300021728,30,3,2013,5,3,12,157,1,1,2,6,,0.0,0.0
201300021729,9,4,2013,15,1,12,216,1,1,2,6,,44.529,2.827
201300021730,2,5,2013,15,1,12,33,1,1,1,2,,44.437,2.679
201300021731,19,12,2013,9,1,12,96,2,1,2,6,boulevard joseph poulenc,44.528,2.763
201300021732,17,11,2013,0,3,64,450,1,1,8,7,,43.4795,-0.55289
201300021733,12,12,2013,18,5,64,300,1,1,1,2,,43.4153,-0.62874
201300021734,16,1,2013,7,2,01,322,1,2,5,3,,45.9478,4.80885
201300021735,6,3,2013,17,1,01,427,2,1,1,6,RUE NEUVE,45.9404,4.77074
201300021736,23,4,2013,11,1,01,157,1,2,7,3,,46.0242,4.75271
201300021737,18,6,2013,12,1,01,194,2,3,1,3,,45.986,4.75877
201300021738,25,7,2013,19,1,01,322,1,1,1,6,,45.9406,4.80976
201300021739,6,8,2013,17,1,01,322,1,2,1,3,,45.9428,4.82178