Num_Acc,jour,mois,an,hr,condition_eclairage,departement,commune,condition_agglomeration,intersection,condition_atmosphere,type_collision,adresse,lattitude,longitude
201300021740,1,1,2013,4,5,29,19,2,1,2,2,"., EUROPE (DE 13 A 15)",48.41574,-4.4737
201300021741,2,1,2013,17,2,29,19,2,1,1,6,"., KERJEGU MONTJARET DE",48.39046,-4.452
201300021742,3,1,2013,11,1,29,19,2,1,1,3,DESFOSSES ROMAIN (AMIRAL,48.4267,-4.47714
201300021743,11,1,2013,23,5,29,19,2,1,3,6,", MAISSIN",48.3879,-4.50338
201300021744,15,1,2013,18,5,29,19,2,1,1,6,"29, LOTI PIERRE",48.38261,-4.50567
201300021745,17,1,2013,22,5,29,19,1,6,3,6,"., LE GORGEU (N?29 (TOTA",48.39977,-4.49664
201300021746,18,1,2013,9,1,29,19,2,1,1,6,"., FOUQUAT FRANCOIS",48.40448,-4.46672
201300021747,18,1,2013,7,5,29,19,2,3,1,3,"23, DUNANT HENRI",48.42117,-4.49679
201300021748,20,1,2013,6,5,29,19,2,1,1,2,"0, SCHUMANN ROBERT (PONT",48.39799,-4.49119
201300021749,22,1,2013,19,5,29,19,2,6,1,3,"., ROUSSE EMILE",48.38395,-4.52784
201300021750,25,1,2013,15,1,29,19,2,2,1,3,"0, JAURES JEAN (DE 1 A 4",48.39172,-4.48365
201300021751,26,1,2013,23,5,29,19,2,3,1,3,EUROPE (DE 58 A 166 ET 9,48.41313,-4.49285
201300021752,28,1,2013,8,2,29,19,2,1,1,6,"., CHERBOURG",48.38188,-4.50166
201300021753,29,1,2013,7,5,29,19,2,1,3,6,BLUM LEON,48.40491,-4.48463
201300021754,29,1,2013,13,1,29,19,2,1,1,6,BOTREL THEODORE (DE 1 A,48.40469,-4.50166
201300021755,30,1,2013,8,2,29,19,2,1,1,3,"131, JAURES JEAN (DE 105",48.40182,-4.46825
201300021756,30,1,2013,17,1,29,19,2,6,1,3,"., ROND POINT Dun Laogha",48.40199,-4.50237
201300021757,31,1,2013,18,5,29,19,2,2,1,3,"0, TREMAUDAN ERNESTINE D",48.42873,-4.47677
201300021758,1,2,2013,12,1,29,19,2,1,2,6,"., DOCTEUR ROUX",48.38418,-4.5172
201300021759,1,2,2013,17,1,29,19,2,1,1,6,PAULET GENERAL (DE 1 A 1,48.40733,-4.4754
201300021760,2,2,2013,13,1,29,19,2,3,1,3,EUROPE (DE 13 A 15),48.41607,-4.47053
201300021761,4,2,2013,14,1,29,19,2,6,1,3,"0, HUIT MAI 1945 (DE 46",48.4125,-4.47593
201300021762,14,2,2013,7,1,29,19,2,1,2,6,", TARENTE",48.40469,-4.5096
201300021763,16,2,2013,20,2,29,19,2,1,1,6,"80, DROGOU COMMANDANT (D",48.40461,-4.49742
201300021764,22,2,2013,5,4,29,19,2,3,1,3,SALAUN PENQUER,48.38432,-4.48403
201300021765,24,2,2013,14,1,29,19,2,3,1,6,"., TOURVILLE",48.39309,-4.49851
201300021766,26,2,2013,9,1,29,19,2,1,1,4,"34, MESDOUN",48.37768,-4.52234
201300021767,27,2,2013,12,1,29,19,2,2,1,3,LESVEN JULES (DE 1 A 53,48.40429,-4.47644
201300021768,28,2,2013,7,5,29,19,2,1,1,2,"0, LESVEN JULES (DE 1 A",48.40283,-4.47397
201300021769,2,3,2013,14,1,29,19,2,6,1,6,"., LE GORGEU (SANS N? EN",48.40461,-4.50601
201300021770,7,3,2013,5,5,29,19,2,2,2,3,"0, EINSTEIN ALBERT",48.4082,-4.46228
201300021771,11,3,2013,7,1,29,19,2,6,2,2,"., PEN AR CH'LEUZ",48.41501,-4.47979
201300021772,11,3,2013,8,1,29,19,2,1,1,6,"., GLASGOW (DE 1 A 9 ET",48.39193,-4.4848
201300021773,14,3,2013,16,1,29,19,2,6,1,6,"., PREMIERE DFL (AVENUE)",48.37602,-4.55382
201300021774,16,3,2013,10,1,29,19,2,1,1,6,"19, CLEMENCEAU GEORGES (",48.38935,-4.48455
201300021775,17,3,2013,20,4,29,19,2,1,2,3,"., BLUM LEON",48.40817,-4.48517
201300021776,18,3,2013,10,1,29,19,2,2,1,3,"0, DIXMUDE",48.40068,-4.46002
201300021777,21,3,2013,17,1,29,19,2,1,2,6,"., KERMENGUY",48.40301,-4.54933
201300021778,25,3,2013,17,1,29,19,2,1,1,6,"0, DUPUY DE LOME (DE 34",48.39069,-4.50916
201300021779,31,3,2013,10,1,29,19,2,1,1,6,GUELMEUR (DE 1 A 61 ET 2,48.39627,-4.45818
201300021780,31,3,2013,22,5,29,19,2,6,1,2,DUQUESNE (DE 1 A 11 ET 2,48.39107,-4.48873
201300021781,3,4,2013,18,1,29,19,2,6,1,6,DESFOSSES ROMAIN (AMIRAL,48.42625,-4.47553
201300021782,4,4,2013,9,1,29,19,2,1,2,2,"., HARTELOIRE (RUE)",48.39339,-4.49209
201300021783,6,4,2013,14,1,29,19,1,1,1,6,DOUANE (QUAI DE LA),48.38242,-4.48563
201300021784,15,4,2013,10,1,29,19,2,2,1,3,"0, BUGEAUD",48.39671,-4.47987
201300021785,13,4,2013,5,5,29,19,2,1,1,6,"117, ROBESPIERRE (96 ET",48.40679,-4.48944
201300021786,21,4,2013,15,1,29,19,2,1,1,6,TOURVILLE,48.39309,-4.49851
201300021787,23,4,2013,17,1,29,19,2,2,1,3,JAURES JEAN (DE 1 A 41 E,48.40206,-4.46792
201300021788,24,4,2013,0,5,29,19,2,3,1,3,"0, KERJEAN VRAS (RUE ET",48.3928,-4.47749
201300021789,25,4,2013,16,1,29,19,2,1,1,3,"134, PLYMOUTH (DE 89 A 1",48.38699,-4.52589
201300021790,27,4,2013,20,1,29,19,2,6,1,3,"., VILLENEUVE (RUE)",48.41012,-4.46254
201300021791,2,5,2013,15,1,29,19,2,1,1,3,LESVEN JULES (DE 1 A 53,48.40683,-4.4794
201300021792,7,5,2013,9,1,29,19,2,1,1,6,"., PLYMOUTH (DE 89 A 135",48.38304,-4.53837
201300021793,7,5,2013,12,1,29,19,2,1,1,3,"0, GALLIENI GENERAL (DE",48.38985,-4.50764
201300021794,10,5,2013,4,5,29,19,2,2,1,6,"., MONTAIGNE (DE 39 A 11",48.40181,-4.48312
201300021795,10,5,2013,17,1,29,19,2,1,1,2,"45, GLASGOW (DE 1 A 9 ET",48.39522,-4.48421
201300021796,15,5,2013,17,1,29,19,2,1,1,3,"., DUVAL MARCELLIN (DE 1",48.41731,-4.48702
201300021797,17,5,2013,12,1,29,19,2,6,1,3,"., GUILERS (DE 1 A 37 ET",48.38622,-4.51264
201300021798,25,5,2013,0,5,29,19,2,1,1,3,"64, HUIT MAI 1945 (DE 46",48.41302,-4.47752
201300021799,25,5,2013,16,1,29,19,2,6,1,3,"., LE GORGEU (N?ENTRE TA",48.40461,-4.50601
201300021800,28,5,2013,8,1,29,19,2,1,1,3,MAISSIN,48.3879,-4.50338
201300021801,31,5,2013,23,5,29,19,2,1,1,2,"42, SEBASTOPOL",48.39815,-4.47238
201300021802,1,6,2013,16,1,29,19,2,1,1,3,"0, TARENTE",48.40469,-4.5096
201300021803,3,6,2013,7,1,29,19,2,1,1,2,"., POULLIC AL OR",48.38753,-4.47543
201300021804,4,6,2013,13,1,29,19,2,3,1,3,"., ARMOR",48.38386,-4.51609
201300021805,7,6,2013,14,1,29,19,2,1,1,2,"., EUROPE (DE 201 A 215)",48.40985,-4.51646
201300021806,7,6,2013,15,1,29,19,2,2,3,3,"0, EUROPE (DE 58 A 166 E",48.41313,-4.49294
201300021807,7,6,2013,15,1,29,19,2,2,1,6,"., EAU BLANCHE (DE 1 A 7",48.41197,-4.45789
201300021808,8,6,2013,14,1,29,19,2,2,1,3,"., CHATEAU (DE 37 A 55 E",48.38561,-4.48818
201300021809,10,6,2013,19,1,29,19,2,6,1,3,LESVEN JULES (DE 1 A 53,48.40703,-4.47947
201300021810,11,6,2013,9,1,29,19,2,1,2,6,"0, MESDOUN",48.37711,-4.52145
201300021811,15,6,2013,17,1,29,19,2,1,1,1,"52, GOUESNOU (DE 43 A 21",48.4097,-4.46831
201300021812,16,6,2013,8,1,29,19,2,1,2,2,TARENTE,48.40666,-4.5122
201300021813,17,6,2013,20,1,29,19,2,4,1,3,"., VALMY",48.39948,-4.46598
201300021814,19,6,2013,10,1,29,19,2,1,1,6,"4, DOLET ETIENNE",48.38828,-4.4894
201300021815,20,6,2013,12,1,29,19,2,1,2,3,"12, BEAUMANOIR",48.38698,-4.51448
201300021816,20,6,2013,17,1,29,19,2,2,8,5,MONTAIGNE (DE 1 A 37 ET,48.39999,-4.48582
201300021817,24,6,2013,15,1,29,19,2,3,1,3,MOULIN JEAN (SANS N? PAI,48.39079,-4.49397
201300021818,24,6,2013,13,1,29,19,2,1,1,6,"161, GUYNEMER CAPITAINE",48.39,-4.46432
201300021819,22,6,2013,21,1,29,19,2,2,1,3,"., EUROPE (DE 13 A 15)",48.41594,-4.47177
201300021820,25,6,2013,14,1,29,19,2,1,1,6,"21, TRAVERSE",48.38516,-4.48952
201300021821,25,6,2013,17,1,29,19,2,3,1,2,"., DOCTEUR GUILLERM",48.38674,-4.53542
201300021822,27,6,2013,11,1,29,19,2,1,1,6,"., CLEMENCEAU GEORGES (D",48.39054,-4.48681
201300021823,29,6,2013,20,1,29,19,2,1,1,4,"., QUIMPER (154 ET 173 A",48.39946,-4.44297
201300021824,30,6,2013,4,5,29,19,2,1,1,6,"139, QUATRE POMPES (DE 6",48.36709,-4.52897
201300021825,10,7,2013,18,1,29,19,2,3,1,3,GOUESNOU (DE 1 A 29 ET 2,48.41511,-4.46828
201300021826,16,7,2013,13,1,29,19,2,1,1,7,PEN AR CH'LEUZ (ROND POI,48.41474,-4.47885
201300021827,17,7,2013,12,1,29,19,2,1,1,1,"0, ROCH GLAS (ROUTE ET C",48.43191,-4.48751
201300021828,18,7,2013,20,1,29,19,1,1,1,6,"., CEZANNE",48.41326,-4.47145
201300021829,20,7,2013,12,1,29,19,2,1,1,3,"22, HUIT MAI 1945 (DE 2",48.41026,-4.47091
201300021830,25,7,2013,6,2,29,19,2,1,1,6,"33, CORBIERE EDOUARD (DE",48.3919,-4.47292
201300021831,27,7,2013,18,1,29,19,2,3,1,5,"., PRIGENT TANGUY (DE ME",48.39671,-4.53261
201300021832,2,8,2013,11,1,29,19,2,2,1,3,"., LE GORGEU (N?29 (TOTA",48.39977,-4.49664
201300021833,3,8,2013,13,1,29,19,2,1,1,6,"., AIGUILLON (DE 1 A 37",48.38683,-4.49061
201300021834,9,8,2013,7,1,29,19,2,1,1,1,"., EUROPE (DE 58 A 166 E",48.41313,-4.49286
201300021835,13,8,2013,17,1,29,19,2,1,1,6,"., SAINT MARC (DE 1 A 59",48.38679,-4.4701
201300021836,15,8,2013,12,1,29,19,2,1,1,6,"., F.F.I.",48.41691,-4.49267
201300021837,19,8,2013,21,1,29,19,2,6,1,6,"., TARTU JEAN FRANCOIS (",48.38308,-4.52757
201300021838,23,8,2013,1,5,29,19,2,2,1,3,PARIS ( 33 ET 42 A FIN),48.40499,-4.46348
201300021839,30,8,2013,14,1,29,19,2,1,1,6,"0, ROBESPIERRE (96 ET 10",48.40718,-4.48958
201300021840,10,9,2013,8,1,29,19,2,6,1,3,"., FOULQUES ROND POINT D",48.38955,-4.45872
201300021841,3,9,2013,13,1,29,19,2,2,1,3,"., MUSSET ALFRED DE",48.3906,-4.46652
201300021842,4,9,2013,20,1,29,19,2,3,1,3,COROT,48.41419,-4.47239
201300021843,4,9,2013,22,5,29,19,2,2,1,6,"0, MASSILLON (DE 1 A 31",48.39559,-4.48158
201300021844,5,9,2013,8,1,29,19,2,1,1,6,"., TARENTE",48.40469,-4.5096
201300021845,6,9,2013,17,1,29,19,2,1,2,3,MADAGASCAR,48.38453,-4.4793
201300021846,7,9,2013,18,1,29,19,2,6,1,3,"., LE GORGEU (N?29 (TOTA",48.40461,-4.50601
201300021847,9,9,2013,12,1,29,19,2,1,1,3,"34, LESVEN JULES (DE 26",47.87562,-3.91729
201300021848,12,9,2013,17,1,29,19,2,3,2,4,"., ROCH GLAS (ROUTE ET C",48.43191,-4.48751
201300021849,13,9,2013,23,5,29,19,2,1,2,6,"0, LE GORGEU (N?29 (TOTA",48.40568,-4.50741
201300021850,14,9,2013,17,1,29,19,2,8,1,3,"., KERAMPERE",48.39548,-4.44849
201300021851,15,9,2013,5,4,29,19,2,6,1,3,STRASBOURG (PLACE),48.40247,-4.46686
201300021852,16,9,2013,8,1,29,19,2,1,1,6,"33, LOTI PIERRE",48.38263,-4.5058
201300021853,17,9,2013,11,1,29,19,2,1,5,1,"., PAULET GENERAL (DE 1",48.4168,-4.47608
201300021854,20,9,2013,0,5,29,19,2,3,1,3,JAURES JEAN (DE 239 ET 2,48.39996,-4.47113
201300021855,22,9,2013,16,1,29,19,2,1,1,3,"0, DUVAL MARCELLIN (DE 1",48.41731,-4.48702
201300021856,23,9,2013,18,1,29,19,2,6,7,2,"., LE GORGEU (N?29 (TOTA",48.40036,-4.49894
201300021857,24,9,2013,8,1,29,19,2,1,1,6,HARTELOIRE (PONT),48.39295,-4.49917
201300021858,24,9,2013,8,1,29,19,2,1,1,6,"2, ARCHINARD GENERAL",48.40027,-4.50811
201300021859,27,9,2013,8,1,29,19,2,1,1,6,"69, RIVIERE FRANCOIS (RU",48.39446,-4.46929
201300021860,27,9,2013,17,1,29,19,2,1,1,3,TARENTE,48.4038,-4.50856
201300021861,28,9,2013,16,1,29,19,2,1,1,3,"., GOUESNOU (DE 1 A 29 E",48.40304,-4.4673
201300021862,28,9,2013,18,1,29,19,2,1,1,6,"., CLEMENCEAU GEORGES (D",48.39054,-4.48681
201300021863,30,9,2013,9,1,29,19,2,1,1,2,"71, MONTAIGNE (DE 39 A 1",48.40358,-4.48046
201300021864,3,10,2013,9,1,29,19,2,2,1,3,LE GORGEU (SANS N? ENTRE,48.40461,-4.50601
201300021865,5,10,2013,10,1,29,19,2,1,1,3,"0, NAPOLEON III (PLACE)",48.40399,-4.50718
201300021866,7,10,2013,9,1,29,19,2,1,1,6,ROSCANVEL (PLACE ET RUE),48.38575,-4.51615
201300021867,8,10,2013,14,1,29,19,2,2,1,3,"., DOUANE (QUAI DE LA)",48.38201,-4.48676
201300021868,8,10,2013,18,1,29,19,2,1,1,6,"0, FOCH MARECHAL",48.3953,-4.48847
201300021869,10,10,2013,11,1,29,19,2,3,1,3,EUROPE (DE 58 A 166 ET 9,48.41509,-4.47765
201300021870,11,10,2013,15,1,29,19,2,2,1,3,"., CUVIER GEORGES",48.39769,-4.46787
201300021871,11,10,2013,18,1,29,19,2,9,1,3,"., LESVEN JULES (DE 1 A",48.40752,-4.47971
201300021872,14,10,2013,8,1,29,19,2,3,1,6,"309, FRANCE ANATOLE (DE",48.3834,-4.50793
201300021873,15,10,2013,15,1,29,19,2,1,1,6,ROND POINT DE KERESSEIS,48.3949,-4.5386
201300021874,17,10,2013,9,1,29,19,2,1,1,6,"96, ROBESPIERRE (96 ET 1",48.40718,-4.48958
201300021875,18,10,2013,17,1,29,19,2,2,1,3,"., QUIMPER (154 ET 173 A",48.40088,-4.45133
201300021876,21,10,2013,8,2,29,19,2,6,1,6,PAULET GENERAL (173 ET 2,48.41758,-4.47654
201300021877,25,10,2013,14,1,29,19,2,1,1,2,"51, GLASGOW (DE 1 A 9 ET",48.39565,-4.48406
201300021878,29,10,2013,14,1,29,19,2,1,3,2,"., POMPIDOU GEORGES (AVE",48.41097,-4.48179
201300021879,2,11,2013,13,1,29,19,2,1,1,2,"0, PREMIERE DFL (AVENUE)",48.37478,-4.55745
201300021880,3,11,2013,0,5,29,19,2,3,3,3,GOUESNOU (DE 1 A 29 ET 2,48.40356,-4.46739
201300021881,3,11,2013,19,5,29,19,2,2,3,5,"., BOTREL THEODORE (DE 3",48.40711,-4.50164
201300021882,5,11,2013,10,1,29,19,2,3,2,3,Rue Gustave ZEDE,48.42093,-4.46346
201300021883,6,11,2013,20,5,29,19,2,3,1,6,1 à 2 rue Y COLLET,48.38938,-4.48334
201300021884,7,11,2013,17,1,29,19,2,3,1,3,EUROPE (DE 13 A 15),48.41583,-4.47154
201300021885,9,11,2013,10,1,29,19,2,1,1,2,Avenue de PROVENCE,48.40742,-4.51606
201300021886,9,11,2013,18,5,29,19,2,1,1,6,41 rue de LYON,48.38902,-4.48922
201300021887,11,11,2013,11,1,29,19,2,1,2,2,de  21 à  57 VALY HIR,48.38534,-4.52803
201300021888,13,11,2013,16,1,29,19,2,1,1,6,"175, PLYMOUTH",48.38685,-4.52745
201300021889,16,11,2013,15,1,29,19,2,1,1,4,BLUM LEON,48.40559,-4.48466
201300021890,18,11,2013,12,1,29,19,2,1,1,2,"., HARTELOIRE (PONT)",48.39295,-4.4996
201300021891,19,11,2013,12,1,29,19,2,1,1,3,33 à 42 rue de  PARIS,48.40529,-4.46316
201300021892,21,11,2013,8,2,29,19,2,1,1,6,LOTI PIERRE,48.38271,-4.50653
201300021893,22,11,2013,12,1,29,19,2,1,1,6,"3, VENDEE",48.40434,-4.51157
201300021894,22,11,2013,21,1,29,19,2,3,1,3,EUROPE (DE 13 A 15),48.41599,-4.47099
201300021895,23,11,2013,18,3,29,19,2,2,1,3,"., GALLIENI GENERAL (DE",48.38893,-4.50942
201300021896,24,11,2013,18,5,29,19,2,1,1,6,"0, PARIS ( 33 ET 42 A FI",48.40603,-4.46213
201300021897,26,11,2013,7,5,29,19,2,1,1,6,PLYMOUTH (ENTRE POINT,48.3871,-4.52115
201300021898,27,11,2013,18,5,29,19,2,2,2,3,LOTI PIERRE,48.38262,-4.50566
201300021899,27,11,2013,19,5,29,19,2,5,2,3,LE GORGEU (29 (TOTAL)+,48.39837,-4.4935
201300021900,29,11,2013,13,1,29,19,2,1,8,6,"5, LAMOTTE PICQUET (DE 1",48.39489,-4.49261
201300021901,29,11,2013,15,1,29,19,2,1,8,4,"0, LE BRIS JEAN MARIE",48.3842,-4.48314
201300021902,30,11,2013,1,5,29,19,2,2,1,6,DESFOSSES ROMAIN (AMIRAL,48.42775,-4.473
201300021903,2,12,2013,18,5,29,19,2,3,1,2,"., CASSARD JACQUES",48.40496,-4.48016
201300021904,4,12,2013,18,5,29,19,2,1,2,6,LOTI PIERRE,48.38264,-4.50582
201300021905,13,12,2013,14,1,29,19,2,1,2,6,"0, LE GORGEU (N29 Total)",48.4033,-4.50585
201300021906,14,12,2013,22,5,29,19,2,1,3,6,COLLET YVES (DE 1 A 27 E,48.3898,-4.48283
201300021907,14,12,2013,15,1,29,19,2,2,1,3,THIBAUDET ALBERT,48.37547,-4.54136
201300021908,16,12,2013,8,5,29,19,2,3,3,6,"., TARENTE",48.40469,-4.5096
201300021909,16,12,2013,15,1,29,19,2,1,3,6,"0, WARSPITE HMS",48.39058,-4.52307
201300021910,16,12,2013,20,1,29,19,2,1,3,6,"8, CLEMENCEAU GEORGES (D",48.38987,-4.48549
201300021911,18,12,2013,14,1,29,19,2,2,3,6,"20, HARTELOIRE (RUE)",48.39353,-4.49236
201300021912,18,12,2013,18,5,29,19,2,3,3,6,KERBONNE (DE 1 A 29 ET 2,48.38212,-4.51536
201300021913,19,12,2013,19,5,29,19,2,1,1,6,LANGEVIN PROFESSEUR,48.40265,-4.49846
201300021914,21,12,2013,12,1,29,19,2,1,3,6,DUQUESNE (DE 8 ET 13 A 2,48.39094,-4.48884
201300021915,22,12,2013,1,5,29,19,2,1,2,6,rue 19 MARS 1962,48.38771,-4.51796
201300021916,22,12,2013,10,1,29,19,2,2,1,3,"., MONTAIGNE (DE 39 A 11",48.40175,-4.48319
201300021917,23,12,2013,17,5,29,19,2,1,6,6,"0, COMMANDANT SOMME PY",48.4038,-4.4857
201300021918,26,12,2013,15,1,29,19,2,1,1,6,"96, GAMBETTA (N5 DORTOI",48.38991,-4.47267
201300021919,26,12,2013,18,3,29,19,2,1,2,6,"., DIDAILLER GEORGES",48.40953,-4.46619
201300021920,26,12,2013,22,3,29,19,2,1,2,6,SEMARD PIERRE,48.39247,-4.46898
201300021921,31,12,2013,19,5,29,19,2,1,3,2,"28, BLUM LEON",48.40487,-4.48459
201300021922,6,2,2013,12,1,40,1,1,1,4,1,,43.69792,-0.28614
201300021923,23,2,2013,15,1,40,185,1,1,1,6,,43.62615,-0.29741
201300021924,9,4,2013,15,1,40,234,1,1,1,2,,43.99671,-0.35917
201300021925,19,4,2013,14,1,40,238,1,1,1,7,,43.85302,-0.3425
201300021926,28,7,2013,16,1,40,50,1,1,1,7,,43.97276,-0.38186
201300021927,12,10,2013,15,1,40,238,1,1,1,7,,43.86821,-0.35993
201300021928,31,10,2013,10,1,40,105,1,1,1,6,,44.03391,-0.65587
201300021929,11,12,2013,21,5,40,103,1,6,1,7,,43.94879,-0.3926
201300021930,4,1,2013,17,1,29,39,1,1,2,7,RD 783,47.87801,-3.90125
201300021931,10,1,2013,13,1,29,39,1,1,2,7,"0, KERGUERES (Route de)",47.89705,-3.9337
201300021932,10,1,2013,14,1,29,39,1,1,2,7,RN165 (VE),47.93352,-3.90735
201300021933,10,1,2013,15,1,29,39,1,1,2,1,RD 783,47.87513,-3.8986
201300021934,15,1,2013,5,5,29,39,2,1,8,7,VILLENEUVE ( RUE DE LA),47.89563,-3.91334
201300021935,17,1,2013,12,1,29,39,2,1,1,3,GARE (AVENUE DE LA),47.87838,-3.91989
201300021936,20,1,2013,15,1,29,39,1,1,1,6,"02, CHAPERONS (ALLEE DES",47.85606,-3.90929
201300021937,2,2,2013,1,3,29,39,2,1,2,6,"12, CHANT DES OISEAUX (R",47.87472,-3.89112
201300021938,9,2,2013,12,1,29,39,1,1,1,7,RN165 (VE),47.92374,-3.89343
201300021939,9,2,2013,12,1,29,39,1,1,1,7,COAT CONQ ( LIEU-DIT),47.92631,-3.89449
201300021940,23,2,2013,15,1,29,39,2,1,1,5,PENANGUER ( RUE DE),47.90893,-3.91901
201300021941,25,2,2013,15,1,29,39,2,1,1,4,"08-10, GUEGUIN (AVENUE P",47.8728,-3.91784
201300021942,26,2,2013,16,1,29,39,2,1,1,6,MAISON BLANCHE (LIEU-DIT,47.8892,-3.91963
201300021943,28,3,2013,7,1,29,39,2,1,1,7,"143 ter, TREGUNC ( RUE D",47.86311,-3.89536
201300021944,28,3,2013,18,1,29,39,2,7,1,3,"20, GENERAL DE GAULLE (P",47.87159,-3.91902
201300021945,31,3,2013,0,5,29,39,2,1,1,7,"04, BIELEFELD SENNE ( AV",47.8775,-3.91008
201300021946,8,4,2013,21,3,29,39,1,1,2,7,RD 783,47.87208,-3.89746
201300021947,18,4,2013,10,1,29,39,2,9,1,7,VILLENEUVE ( RUE DE LA),47.89585,-3.91322
201300021948,21,4,2013,1,5,29,39,2,1,1,6,"56, GARE (AVENUE DE LA)",47.87682,-3.91932
201300021949,21,4,2013,1,5,29,39,1,1,1,6,RD 783,47.88006,-3.90687
201300021950,24,4,2013,17,1,29,39,2,1,1,6,CHARLEMAGNE ( COURS),47.86454,-3.90244
201300021951,10,5,2013,8,1,29,39,2,1,1,7,POTEAU VERT ( RUE DU),47.89725,-3.91032
201300021952,12,5,2013,16,1,29,39,1,1,1,7,RD 783,47.87752,-3.90029
201300021953,18,5,2013,19,1,29,39,2,1,1,2,COAT BRAS (Rond Point),47.88252,-3.92404
201300021954,21,5,2013,18,1,29,39,2,1,1,5,RD 783,47.88485,-3.91271
201300021955,26,5,2013,6,1,29,39,2,1,1,7,LANRIEC ( RUE DE ),47.86933,-3.88484
201300021956,6,6,2013,17,1,29,39,2,1,1,7,CHENES (RUE DES),47.8798,-3.91588
201300021957,10,6,2013,17,1,29,39,2,9,1,2,RD 122,47.87821,-3.87749
201300021958,13,6,2013,14,1,29,39,2,1,1,6,MOULIN A VENT ( RUE DU),47.86907,-3.90737
201300021959,26,6,2013,17,1,29,39,1,1,1,2,KERGUERES ( CHEMIN DE ),47.8966,-3.93308
201300021960,30,6,2013,23,5,29,39,2,1,1,6,MOROS( PONT DU),47.87892,-3.90369
201300021961,15,7,2013,22,2,29,39,2,1,1,2,GUEGUIN (AVENUE PIERRE),47.87385,-3.91836
201300021962,17,7,2013,10,1,29,39,2,9,1,2,RD 783 BEUZEC,47.88644,-3.91372
201300021963,22,7,2013,7,1,29,39,2,1,1,2,VILLENEUVE ( RUE DE LA),47.89515,-3.91364
201300021964,23,7,2013,17,1,29,39,2,1,1,6,TREGUNC ( RUE DE ),47.86333,-3.89601
201300021965,24,7,2013,12,1,29,39,1,3,1,3,"38, KERGUERES (Route de)",47.89658,-3.93312
201300021966,30,7,2013,19,1,29,39,2,1,2,7,PARMENTIER ( RUE),47.87334,-3.87924
201300021967,2,8,2013,14,1,29,39,2,2,1,4,RD 783,47.86819,-3.8944
201300021968,11,8,2013,7,1,29,39,2,1,1,1,"12, SANE ( RUE JEAN NOEL",47.90423,-3.91021
201300021969,12,8,2013,3,3,29,39,1,1,1,7,RD 783,47.87789,-3.90094
201300021970,16,8,2013,19,1,29,39,1,1,2,7,KERGUERES ( CHEMIN DE ),47.89611,-3.9354
201300021971,24,8,2013,15,1,29,39,2,3,1,4,GARE (AVENUE DE LA),47.87948,-3.91994
201300021972,26,8,2013,14,1,29,39,2,1,1,6,"1, GENERAL DE GAULLE (PL",47.8716,-3.91903
201300021973,29,8,2013,9,1,29,39,2,1,1,6,VILLENEUVE ( RUE DE LA),47.89566,-3.91335
201300021974,31,8,2013,10,1,29,39,2,1,1,6,CARNOT ( QUAI),47.87573,-3.91482
201300021975,6,9,2013,19,1,29,39,1,1,1,7,RN165 (VE),0.0,0.0
201300021976,7,9,2013,3,5,29,39,2,1,1,6,RENAN ( RUE ERNEST ),47.87493,-3.92681
201300021977,12,9,2013,9,1,29,39,2,1,2,7,KERNEACH ( ROND POINT DE,47.88504,-3.91979
201300021978,15,9,2013,0,5,29,39,2,1,1,3,KERAMPORIEL ( ROND POINT,0.0,0.0
201300021979,15,9,2013,5,3,29,39,1,1,1,7,"1, PONT THOUARS (CHEMIN",47.87618,-3.91721
201300021980,24,9,2013,8,1,29,39,2,6,1,3,KERGUERES (Route de),47.89745,-3.9341
201300021981,29,9,2013,15,1,29,39,2,1,1,6,LE LAY ( AVENUE ALAIN ),47.87562,-3.91729
201300021982,1,10,2013,21,3,29,39,1,3,2,7,"76, KEROSE ( RUE DE )",47.87463,-3.89525
201300021983,1,10,2013,12,1,29,39,1,1,1,1,MEN CREN ( RUE DE ),47.88002,-3.92421
201300021984,11,10,2013,8,2,29,39,2,1,1,7,QUIMPER ( RUE DE),47.88651,-3.91968
201300021985,23,10,2013,9,1,29,39,1,1,1,3,"00, RD 70 (route d?parte",47.92521,-3.89612
201300021986,11,11,2013,17,2,29,39,2,1,2,6,"65, GARE (AVENUE DE LA)",47.87749,-3.91958
201300021987,22,11,2013,11,1,29,39,2,3,1,6,RD 70 (route dpartement,47.90724,-3.90549