Num_Acc,jour,mois,an,hr,condition_eclairage,departement,commune,condition_agglomeration,intersection,condition_atmosphere,type_collision,adresse,lattitude,longitude
201300021988,1,12,2013,9,1,29,39,2,1,1,6,TREGUNC ( RUE DE ),47.86355,-3.89656
201300021989,6,12,2013,21,5,29,39,1,2,1,3,"33, PENANGUER ( RUE DE)",47.90859,-3.91873
201300021990,7,12,2013,12,1,29,39,1,6,1,7,KERVINIOU ( ROND POINT D,47.86258,-3.88955
201300021991,6,12,2013,12,1,29,39,2,1,1,3,GUEGUIN (AVENUE PIERRE),47.87388,-3.91832
201300021992,9,12,2013,12,1,29,39,2,2,1,3,JACOB (RUE MAX),47.87708,-3.92516
201300021993,13,12,2013,23,5,29,39,2,1,9,7,Cesaire Aime ( rue),47.90119,-3.9065
201300021994,19,12,2013,12,1,29,39,1,3,1,5,KERGUERES (Route de),47.89205,-3.92387
201300021995,20,12,2013,17,5,29,39,2,1,1,3,VILLENEUVE ( RUE DE LA),47.89727,-3.91241
201300021996,23,12,2013,17,2,29,39,2,1,3,5,MOROS( PONT DU),47.87903,-3.90385
201300021997,11,8,2013,12,1,09,9,1,1,1,1,,42.99368,1.47388
201300021998,16,8,2013,15,1,09,99,1,1,1,1,,42.9812,1.57368
201300021999,18,12,2013,1,3,09,181,1,1,1,6,,43.06591,1.35351
201300022000,22,12,2013,15,1,09,61,1,2,1,3,,43.11297,1.36601
201300022001,1,1,2013,23,3,29,254,1,1,1,6,ST FRANCOIS (LIEU DIT),48.60128,-3.84732
201300022002,16,1,2013,14,1,29,151,2,1,1,6,"5, GAMBETTA (RUE LEON)",48.57722,-3.8284
201300022003,25,1,2013,20,3,29,151,1,1,3,3,BAS DE LA RIVIERE (ROUTE,48.58982,-3.83816
201300022004,27,2,2013,11,1,29,151,2,1,8,3,", PARIS (ROUTE DE)",48.57706,-3.81096
201300022005,11,3,2013,11,1,29,151,1,1,4,2,LANNION (ROUTE DE),48.58993,-3.83407
201300022006,7,4,2013,12,1,29,151,2,1,1,3,AIGUILLON (RUE D'),48.57714,-3.82632
201300022007,17,4,2013,17,1,29,151,2,1,1,6,OTAGES (PLACE DES),48.57789,-3.8288
201300022008,19,4,2013,20,1,29,151,2,2,1,3,CARNOT (RUE),48.57731,-3.82694
201300022009,19,5,2013,17,1,29,151,2,1,2,6,"10, CALLAC (ROUTE DE)",48.57502,-3.81937
201300022010,20,5,2013,11,1,29,151,2,1,1,6,"09, CARNOT (RUE)",48.57741,-3.82713
201300022011,26,5,2013,14,1,29,151,1,1,1,1,"151, BAS DE LA RIVIERE (",48.5893,-3.83794
201300022012,15,5,2013,9,1,29,151,2,1,2,4,MONNET (RUE JEAN),48.58671,-3.8057
201300022013,7,6,2013,17,1,29,151,2,1,1,6,"6, CARNOT (RUE)",48.57742,-3.82716
201300022014,21,6,2013,2,3,29,254,1,1,1,7,KERIVIN (LIEU DIT),48.55983,-3.84714
201300022015,11,9,2013,13,1,29,254,1,1,1,7,REO (BOULEVARD DE),48.56548,-3.84631
201300022016,10,9,2013,13,1,29,254,2,1,1,2,"30, ROPARTZ (RUE GUY)",48.58039,-3.84505
201300022017,20,11,2013,19,5,29,151,2,2,6,3,"0, STRAJA (RUE DE)",48.58777,-3.81374
201300022018,22,11,2013,0,5,29,151,2,9,8,6,VIERGE NOIRE (RUE DE LA),48.58907,-3.82882
201300022019,1,12,2013,21,4,29,151,2,1,1,6,LEON (QUAI DE),48.5835,-3.83436
201300022020,5,2,2013,11,1,52,422,1,1,4,6,,48.01676,5.0976
201300022021,23,2,2013,7,1,52,312,1,1,1,7,,47.88547,5.22283
201300022022,18,3,2013,17,1,52,432,1,1,1,2,,47.93638,5.29328
201300022023,21,7,2013,8,1,52,163,1,1,1,6,,47.95541,5.37739
201300022024,25,7,2013,11,1,52,399,1,1,1,2,,48.08108,4.86684
201300022025,9,8,2013,10,1,52,14,1,1,1,6,mis milieu,47.77081,5.19948
201300022026,14,8,2013,11,1,52,111,1,1,1,6,,47.9537,5.3662
201300022027,14,9,2013,20,3,52,410,1,1,1,3,,0.0,0.0
201300022028,20,9,2013,1,3,52,27,1,1,1,6,,47.74712,5.19426
201300022029,21,11,2013,0,3,52,14,1,1,4,7,,47.749,5.19351
201300022030,14,12,2013,4,3,52,27,1,1,9,2,,47.71967,5.19088
201300022031,30,12,2013,10,1,52,469,1,1,1,6,,48.03666,5.07183
201300022032,30,9,2013,16,1,57,690,1,1,1,3,GN 49.101 6.715,0.0,0.0
201300022033,3,1,2013,19,5,76,238,2,1,2,6,"10, R DE COUPEAUVILLE",49.55936,0.2262
201300022034,30,3,2013,20,5,76,238,2,1,1,6,R ROGER CUVELIER,49.56296,0.23272
201300022035,9,7,2013,7,1,76,238,2,1,1,1,RUE DU VAL DE LA DRILLE,49.55576,0.21595
201300022036,15,11,2013,1,5,76,534,2,1,8,7,CD32,49.58588,0.21086
201300022037,19,2,2013,12,1,41,46,1,1,1,3,,47.6288,1.95734
201300022038,8,4,2013,19,1,41,231,1,1,3,6,,47.479,2.00884
201300022039,23,6,2013,17,1,41,161,1,1,3,2,,47.5186,2.00677
201300022040,7,7,2013,6,2,41,46,1,1,1,7,,47.6687,1.92267
201300022041,18,8,2013,13,1,41,232,1,1,1,6,,47.3807,2.05134
201300022042,7,9,2013,16,1,41,46,1,1,1,7,,47.6319,1.95501
201300022043,14,9,2013,7,2,41,161,1,1,2,6,,47.573,2.00179
201300022044,21,9,2013,7,2,41,256,1,1,1,6,,47.3391,2.04794
201300022045,6,1,2013,19,2,29,232,2,1,1,7,FRANCE LIBRE  AVENUE DE,48.00598,-4.0974
201300022046,6,1,2013,19,4,29,232,2,1,1,6,"., PLUGUFFAN ROUTE DE",47.97661,-4.13441
201300022047,11,1,2013,11,1,29,51,2,1,1,6,"9-11, TREODET Rue de",48.0064,-4.06036
201300022048,12,1,2013,12,1,29,232,2,1,3,7,LUZEL RUE,47.99655,-4.1
201300022049,12,1,2013,17,1,29,232,1,6,2,3,"., TROYALAC'H  ROND POIN",47.97897,-4.01579
201300022050,15,1,2013,9,1,29,232,2,1,7,3,"., KERADENNEC AVENUE DE",47.97637,-4.08155
201300022051,15,1,2013,19,5,29,232,2,1,1,7,"8, CONCARNEAU RUE DE",47.99371,-4.09156
201300022052,22,1,2013,11,1,29,232,1,1,1,2,"30, TROYALLAC'H  ROND PO",47.97885,-4.01521
201300022053,25,1,2013,13,1,29,232,2,1,1,6,LUDUGRIS  ROND POINT DE,47.97999,-4.12163
201300022054,30,1,2013,13,1,29,232,2,1,1,3,"., FRANCE BOULEVARD DE",47.98685,-4.12824
201300022055,4,2,2013,18,2,29,232,2,1,1,7,"22, MENDES FRANCE  PIERR",47.97786,-4.12301
201300022056,9,2,2013,22,5,29,232,2,1,1,7,"146, LIBERATION AVENUE D",47.99125,-4.07536
201300022057,13,2,2013,16,1,29,232,1,1,2,6,POULGUINAN BOULEVARD DE,47.98261,-4.11958
201300022058,18,2,2013,18,1,29,232,2,3,1,3,"., POMPIDOU GEORGES AVEN",47.98296,-4.07203
201300022059,20,2,2013,17,1,29,232,2,1,1,3,"., OISEAUX AVENUE DES",47.99132,-4.12605
201300022060,24,2,2013,16,1,29,232,2,1,1,7,"19, DESCARTES RUE",47.98684,-4.07036
201300022061,2,3,2013,20,5,29,232,2,1,9,6,"24, TOUR D'AUVERGNE RUE",47.99065,-4.08323
201300022062,3,3,2013,6,4,29,51,1,1,1,1,"., CIMETIERE RUE DE",47.9954,-4.03126
201300022063,3,3,2013,16,1,29,232,2,1,1,2,"., FRANCE LIBRE  AVENUE",48.00598,-4.0974
201300022064,4,3,2013,13,1,29,232,2,1,1,3,"., STANG BIHAN RUE DE",48.01033,-4.10384
201300022065,6,3,2013,1,4,29,232,2,1,1,7,"., QUINQIS CHEMIN DU",47.97345,-4.04799
201300022066,10,3,2013,20,3,29,232,1,1,3,6,"., MORBIHAN AVENUE DU",47.97857,-4.04778
201300022067,13,3,2013,13,1,29,232,1,1,1,2,"., KERROUE CHEMIN DE",48.01771,-4.09042
201300022068,14,3,2013,7,1,29,232,1,1,1,7,"5, DOUVES RUE DES",47.99778,-4.10101
201300022069,18,3,2013,12,1,29,232,1,1,1,6,"11, POHER RUE DU",47.98273,-4.10593
201300022070,19,3,2013,0,5,29,232,2,1,1,6,"4, KEREON RUE DE",47.99582,-4.10319
201300022071,19,3,2013,17,1,29,232,1,1,4,1,"., LENDU ROUTE DU",47.94801,-4.06017
201300022072,20,3,2013,17,1,29,232,1,1,1,7,"., BREST ROUTE DE",48.02313,-4.08458
201300022073,22,3,2013,7,2,29,232,2,1,1,7,"., CONCARNEAU VIEILLE RO",47.95759,-4.04677
201300022074,24,3,2013,12,1,29,232,2,1,1,2,"., PARC RUE DU",47.99458,-4.10437
201300022075,26,3,2013,18,1,29,232,2,1,1,7,"., BREST RUE DE",48.0222,-4.08417
201300022076,29,3,2013,12,1,29,232,1,1,2,6,"565, BENODET ROUTE DE",47.94465,-4.07361
201300022077,29,3,2013,16,1,29,232,2,1,1,3,"163, BENODET ROUTE DE",47.97569,-4.09236
201300022078,29,3,2013,21,3,29,232,1,1,2,2,"., VOIE EXPRESS QUIMPER",48.01644,-4.08026
201300022079,5,4,2013,10,1,29,232,2,1,1,7,PROVENCE BOULEVARD DE,47.98331,-4.12917
201300022080,6,4,2013,18,1,29,232,2,1,1,3,"., JUSTICES CHEMIN DES",47.99315,-4.11917
201300022081,7,4,2013,17,1,29,232,1,1,1,3,"., GUENGAT ROUTE DE",48.01359,-4.14857
201300022082,11,4,2013,18,1,29,232,2,1,1,7,LOUIS LE GUENNEC,47.98023,-4.10282
201300022083,14,4,2013,5,5,29,232,2,2,1,3,"., CALE SAINT JEAN PONT",47.99233,-4.10838
201300022084,19,4,2013,13,1,29,232,2,1,1,1,FRUGY RUE DU,47.98755,-4.10399
201300022085,19,4,2013,19,1,29,232,2,1,1,2,AMIRAL DE KERGUELEN BOUL,47.99528,-4.09946
201300022086,21,4,2013,22,3,29,232,2,1,2,7,"55, CUZON  ROUTE DE",48.01,-4.07555
201300022087,24,4,2013,20,1,29,232,2,1,1,6,"., BOURG LES BOURGS RUE",47.99227,-4.1126
201300022088,26,4,2013,3,5,29,232,2,3,1,6,"2, BREST RUE DE",47.99764,-4.09759
201300022089,29,4,2013,14,1,29,232,2,6,1,2,PRAT MARIA  ROND POINT D,47.98337,-4.10396
201300022090,30,4,2013,18,1,29,232,1,1,1,5,"., MORBIHAN AVENUE DU",47.97857,-4.04778
201300022091,2,5,2013,7,1,29,232,1,1,1,7,"., VOIE EXPRESS QUIMPER",0.0,0.0
201300022092,3,5,2013,14,1,29,232,1,1,1,1,"., KERC' HOATCHEMIN DE",47.98116,-4.0464
201300022093,3,5,2013,16,1,29,232,2,1,1,7,"37, GIRONDINS AVENUE DES",47.99128,-4.13645
201300022094,5,5,2013,15,1,29,232,2,1,1,1,"., TERRE NOIRE RUE DE LA",47.99816,-4.12854
201300022095,6,5,2013,10,1,29,232,1,1,1,3,"., GUENGAT ROUTE DE",48.01359,-4.14857
201300022096,6,5,2013,16,1,29,232,2,1,1,6,"21, TOURBIE PLACE DE LA",47.99909,-4.10322
201300022097,9,5,2013,13,1,29,232,2,1,2,7,BENODET ROUTE DE,47.95623,-4.08137
201300022098,14,5,2013,10,1,29,232,1,1,1,2,"., FLANDRES DUNKERQUE 19",47.97928,-4.09356
201300022099,15,5,2013,16,1,29,232,1,1,1,6,"., Park Poullig rond poi",48.03004,-4.08761
201300022100,17,5,2013,20,2,29,232,2,1,3,3,"., BENODET RUE DE",47.98431,-4.1052
201300022101,22,5,2013,17,1,29,232,1,1,1,7,"., RD 770",48.03047,-4.0871
201300022102,22,5,2013,21,1,29,232,2,6,1,3,"., TREQUEFFELEC  ROND PO",48.00365,-4.08406
201300022103,28,5,2013,8,1,29,232,2,1,1,7,ILES  ROND POINT DES,47.98304,-4.08863
201300022104,28,5,2013,16,1,29,232,2,1,1,3,"56, REMSCHEID AVENUE DE",47.98145,-4.09631
201300022105,28,5,2013,17,1,29,232,2,1,2,2,"Face au 77, THEPOT YVES",47.98844,-4.09047
201300022106,2,6,2013,0,5,29,232,2,1,1,7,TOURBIE PLACE DE LA,47.99918,-4.10273
201300022107,3,6,2013,17,1,29,232,2,1,1,7,"., GOURMELEN ETIENNE RUE",47.99734,-4.09509
201300022108,3,6,2013,18,1,29,232,2,1,1,3,"., BECHARLES  ROND POINT",48.01608,-4.08703
201300022109,6,6,2013,20,1,29,232,2,1,1,3,"., PRESIDENT SADATE RUE",47.97788,-4.09816
201300022110,7,6,2013,13,1,29,232,2,9,1,3,"., REMSCHEID AVENUE DE",47.98246,-4.09274
201300022111,9,6,2013,6,1,29,232,2,1,1,7,19 mars 1962,47.98818,-4.11003
201300022112,9,6,2013,6,1,29,232,2,1,1,7,"43, TERRE NOIRE RUE DE L",47.99692,-4.12189
201300022113,17,6,2013,15,1,29,232,2,1,1,7,"., MASSE  ALEXANDRE PLAC",47.99733,-4.1001
201300022114,20,6,2013,8,1,29,232,1,1,8,6,"195, KEREQUELLOU CHEMIN",47.95225,-4.07453
201300022115,20,6,2013,15,1,29,232,2,1,1,6,MENDES FRANCE  PIERRE AV,47.97575,-4.12729
201300022116,22,6,2013,23,5,29,232,2,1,1,6,"28, FONTAINE RUE DE LA",47.99092,-4.09147
201300022117,24,6,2013,17,1,29,232,1,1,1,5,MORBIHAN AVENUE DU,47.97857,-4.04778
201300022118,28,6,2013,0,3,29,232,2,1,1,7,"., DUPLEIX BOULEVARD",47.99474,-4.10123
201300022119,29,6,2013,16,1,29,232,2,1,1,2,"123, BREST ROUTE DE",48.01095,-4.08016
201300022120,30,6,2013,14,1,29,232,1,1,1,7,"., FRANCE BOULEVARD DE",47.98516,-4.13018
201300022121,2,7,2013,20,1,29,232,2,1,2,3,"27, GARE AVENUE DE LA",47.99431,-4.09374
201300022122,7,7,2013,1,5,29,232,2,1,1,2,"., CREAC'H GWEN  ROND PO",47.9755,-4.09813
201300022123,8,7,2013,23,5,29,232,1,6,1,3,"., ERGUE ARMEL  ROND POI",47.98337,-4.07425
201300022124,11,7,2013,7,1,29,232,2,6,1,6,"., FRUGY Rond-Point du",47.98778,-4.10888
201300022125,11,7,2013,13,1,29,232,2,1,1,3,"., EAU BLANCHE  ROND POI",47.9906,-4.07407
201300022126,12,7,2013,3,5,29,232,2,1,1,6,"., KERADENNEC AVENUE DE",47.97644,-4.08003
201300022127,12,7,2013,15,1,29,232,1,1,1,3,"., GUTENBERG BOULEVARD",47.98116,-4.07775
201300022128,14,7,2013,2,4,29,51,1,1,1,7,"., PEN CARN ROND POINT",48.01207,-4.01413
201300022129,18,7,2013,20,1,29,232,1,1,1,7,"., TROYALLAC'H  ROND POI",47.97556,-4.00012
201300022130,20,7,2013,5,4,29,232,2,1,1,7,"., LUDUGRIS  ROND POINT",47.97994,-4.12268
201300022131,23,7,2013,16,1,29,232,1,1,1,2,"., TY BOS AVENUE DE",47.97315,-4.06502
201300022132,25,7,2013,7,1,29,51,1,1,1,4,"., ROUILLEN AVENUE",47.99707,-4.06034
201300022133,3,8,2013,19,1,29,232,2,1,1,1,"., LE VIOL JACQUES AVENU",47.99416,-4.13403
201300022134,4,8,2013,7,1,29,232,1,1,1,7,"., VOIE EXPRESS QUIMPER",48.01404,-4.07631
201300022135,4,8,2013,20,1,29,232,1,1,1,7,"., VOIE EXPRESS QUIMPER",48.01709,-4.08086
201300022136,5,8,2013,11,1,29,232,2,1,1,2,"., ERGUE ARMEL  ROND POI",47.98362,-4.07453
201300022137,6,8,2013,11,1,29,232,2,1,1,3,"., AMIRAL RONARC'H RUE",47.99425,-4.10742
201300022138,7,8,2013,5,3,29,232,1,1,1,6,"., CNO",48.01637,-4.11461
201300022139,16,8,2013,17,1,29,51,1,1,2,7,CORAY ROUTE DE,48.02588,-3.97425
201300022140,17,8,2013,15,1,29,232,2,1,1,6,TILLON CHARLES AVENUE,47.974,-4.06881
201300022141,18,8,2013,1,5,29,232,1,6,2,7,"., TROYALLAC'H  ROND POI",47.97874,-4.01512
201300022142,20,8,2013,1,3,29,232,2,1,1,7,"., ERGUE ARMEL BOULEVARD",47.98675,-4.07391
201300022143,22,8,2013,5,2,29,232,1,9,1,6,BENODET ROUTE DE,47.95623,-4.08137
201300022144,22,8,2013,20,1,29,232,2,1,1,7,"., PRESIDENT SADATE RUE",47.97788,-4.09816
201300022145,26,8,2013,10,1,29,232,2,1,1,7,"22, TERRE NOIRE RUE DE L",47.99611,-4.12213
201300022146,28,8,2013,23,5,29,232,2,6,9,3,"., TOUR D'AUVERGNE PLACE",47.99457,-4.11001
201300022147,29,8,2013,8,1,29,232,1,1,1,7,"., MORBIHAN AVENUE DU",47.97806,-4.04294
201300022148,30,8,2013,14,1,29,232,2,1,1,5,"., LOCMARIA ALLEE DE",47.99247,-4.10725
201300022149,3,9,2013,11,1,29,232,1,1,1,3,"., ROSPORDEN ROUTE DE",47.98517,-4.04328
201300022150,3,9,2013,16,1,29,232,2,1,1,3,"16, LE GOFFIC CHARLES RU",47.98432,-4.07149
201300022151,5,9,2013,20,1,29,232,2,1,1,2,"., Park Poullig rond poi",48.02973,-4.08804
201300022152,6,9,2013,16,1,29,232,2,1,2,2,"20, SAINT DENIS AVENUE",47.99595,-4.07896
201300022153,10,9,2013,8,1,29,232,1,1,1,6,"., BENODET ROUTE DE",47.95493,-4.08005
201300022154,15,9,2013,4,3,29,232,2,1,1,1,"., ERGUE ARMEL BOULEVARD",47.98693,-4.07406
201300022155,22,9,2013,16,1,29,232,1,6,1,6,KOAD BILI Rond Point de,48.03097,-4.08261
201300022156,29,9,2013,9,1,29,232,1,1,8,7,"., STANGALA ROUTE DU",48.02689,-4.06785
201300022157,10,10,2013,18,1,29,232,2,1,1,6,"., ROSPORDEN VIEILLE ROU",47.98216,-4.03878
201300022158,11,10,2013,18,1,29,232,2,1,1,3,"., 19 MARS 1962 RUE DU",47.98822,-4.10999
201300022159,12,10,2013,1,5,29,232,2,1,1,6,"19, GARE AVENUE DE LA",47.99413,-4.0928
201300022160,12,10,2013,17,1,29,232,2,1,1,7,"., MOCAER PIERRE RUE",48.01095,-4.09708
201300022161,14,10,2013,7,1,29,232,2,1,1,6,"., LAMARTINE RUE",47.98882,-4.10361
201300022162,16,10,2013,8,1,29,232,2,3,2,3,"., LIMERICK AVENUE DE",47.98618,-4.08943
201300022163,24,10,2013,14,1,29,232,2,6,1,6,EAU BLANCHE ROND POINT D,47.99013,-4.07372
201300022164,24,10,2013,14,1,29,232,2,6,1,7,EAU BLANCHE ROND POINT D,47.99133,-4.07362
201300022165,24,10,2013,15,1,29,51,1,1,1,2,KEROURVOIS ROUTE DE,48.00241,-4.05058
201300022166,25,10,2013,19,3,29,232,1,1,1,7,"., Park Poullig rond poi",48.0301,-4.08837
201300022167,26,10,2013,0,5,29,232,2,6,1,7,"., FRUGY Rond-Point du",47.98775,-4.10892
201300022168,29,10,2013,10,1,29,232,2,1,1,2,BLUM  LEON RUE,47.9865,-4.08139
201300022169,29,10,2013,13,1,29,232,1,1,2,7,"., BREST ROUTE DE",48.02313,-4.08458
201300022170,31,10,2013,18,2,29,232,2,1,9,7,"., DE GAULLE  CHARLES PL",48.00397,-4.09765
201300022171,31,10,2013,21,5,29,232,2,3,1,3,"12, BREST ROUTE DE",47.99896,-4.09269
201300022172,4,11,2013,10,1,29,232,1,1,1,7,"., CUZON  ROUTE DE",48.00713,-4.07514
201300022173,4,11,2013,11,1,29,232,2,1,1,7,Boulevard de BRETAGNE,47.9859,-4.12403
201300022174,5,11,2013,10,1,29,232,1,6,2,2,"., LE GUENNEC LOUIS BOUL",47.97918,-4.09539
201300022175,6,11,2013,12,1,29,232,1,1,1,3,"., BRETAGNE BOULEVARD DE",47.9859,-4.12403
201300022176,11,11,2013,15,1,29,232,2,1,2,6,Rue LOUIS LE GUENNEC,47.98003,-4.10752
201300022177,12,11,2013,8,1,29,232,1,1,1,2,ROUTE DE PONT L'ABBE,47.97933,-4.12257
201300022178,12,11,2013,18,5,29,232,2,6,1,2,LUDUGRIS  ROND POINT DE,47.9798,-4.12409
201300022179,21,11,2013,17,1,29,51,1,1,1,2,"., ROUILLEN AVENUE",47.99878,-4.05581
201300022180,22,11,2013,8,1,29,51,2,7,1,6,BALES Francois Place,47.99671,-4.02713
201300022181,22,11,2013,20,5,29,232,2,1,1,3,TOUR D'AUVERGNE RUE DE L,47.98958,-4.0828
201300022182,23,11,2013,15,1,29,232,2,6,1,6,"98, PONT L'ABBE RUE DE",47.99122,-4.11718
201300022183,27,11,2013,13,1,29,232,2,1,1,7,"., Pont du Theatre",47.99513,-4.09782
201300022184,27,11,2013,19,4,29,232,2,1,2,7,"., PONT L'ABBE RUE DE",47.99124,-4.11553
201300022185,30,11,2013,21,5,29,232,2,1,1,3,"4, FRANCE LIBRE  AVENUE",48.0021,-4.09957
201300022186,3,12,2013,21,5,29,232,2,1,1,3,"4, FRANCE LIBRE  AVENUE",48.0021,-4.09957
201300022187,3,12,2013,13,1,29,232,2,1,1,3,QUINQUIS YVES RUE,47.99563,-4.08088
201300022188,5,12,2013,18,5,29,232,2,1,1,3,"., TY BOS AVENUE DE",0.0,0.0
201300022189,6,12,2013,17,1,29,232,2,1,1,5,"., BREST ROUTE DE",48.00681,-4.08299
201300022190,6,12,2013,18,5,29,232,1,1,1,7,"., SEMINAIRE  ROND POINT",47.99198,-4.11932
201300022191,9,12,2013,14,1,29,232,2,2,1,3,"10, DOUARNENEZ ROUTE DE",47.99744,-4.1094
201300022192,13,12,2013,8,1,29,232,2,1,1,3,"., KERUSTUM  ROND POINT",47.97939,-4.09529
201300022193,14,12,2013,2,5,29,232,1,1,9,6,CREAC'H GWEN  ROND POINT,47.97522,-4.09776
201300022194,16,12,2013,17,5,29,232,2,1,2,7,"., SEMINAIRE  ROND POINT",47.99072,-4.12007
201300022195,17,12,2013,9,2,29,232,2,1,2,7,"., PONTIGOU  ROND POINT",48.00225,-4.114
201300022196,17,12,2013,13,1,29,232,2,1,2,7,"., POULGUINAN BOULEVARD",47.98342,-4.11882
201300022197,19,12,2013,11,1,29,232,2,1,7,7,FRANCE BOULEVARD DE,47.98839,-4.12643
201300022198,22,12,2013,17,1,29,51,2,3,2,3,LESTONAN AVENUE DE,48.01966,-4.02189
201300022199,26,12,2013,9,1,29,232,2,1,2,7,"., BOROSSI PAUL RUE",47.9877,-4.12248
201300022200,27,12,2013,20,2,29,232,1,1,2,7,"., PONT L'ABBE ROUTE DE",47.97888,-4.12573
201300022201,28,12,2013,12,1,29,232,1,1,4,6,VOIE EXPRESS QUIMPER - B,48.01705,-4.08081
201300022202,14,3,2013,17,2,57,622,1,1,4,6,,0.0,0.0
201300022203,31,5,2013,11,1,55,242,1,1,2,1,,49.139,5.702
201300022204,19,8,2013,15,1,54,371,1,9,1,6,,49.199,5.933
201300022205,12,10,2013,14,1,54,371,1,9,1,4,,49.19898,5.92423
201300022206,25,10,2013,11,1,55,242,1,1,1,6,,49.125,5.668
201300022207,8,6,2013,10,1,60,395,2,1,1,2,35 rue aristide briand,0.0,0.0
201300022208,27,6,2013,18,1,60,10,1,1,1,1,,49.202,2.092
201300022209,6,1,2013,19,5,30,7,2,1,1,3,"., QUINET (RUE EDGAR)",44.12397,4.0839
201300022210,9,1,2013,18,3,30,7,2,2,1,7,ALBERT 1ER (RUE),44.12589,4.07857
201300022211,18,1,2013,17,2,30,7,2,1,1,7,"271, BILINA (QUAI)",44.12949,4.07162
201300022212,26,1,2013,17,1,30,243,2,1,1,5,CAMPELLO (AVENUE DE),44.08159,4.07156
201300022213,31,1,2013,2,5,30,7,1,1,1,7,"., JUIN (AVE DU MARECHAL",44.1134,4.10689
201300022214,11,2,2013,15,1,30,7,2,1,1,6,CHAPTAL ( QUAI MAX ),0.0,0.0
201300022215,20,2,2013,13,1,30,7,2,3,1,6,"., PELLOUTIER (RUE FERNA",44.11757,4.0819
201300022216,28,2,2013,18,1,30,7,2,2,1,1,TREPELOUP (CHEMIN DE),44.12775,4.06557
201300022217,11,3,2013,12,1,30,7,2,1,1,6,"., CHAPTAL ( QUAI MAX )",0.0,0.0
201300022218,12,3,2013,11,1,30,243,2,1,1,2,GAULLE (AVENUE DU GAL DE,44.08674,4.07763
201300022219,13,3,2013,11,1,30,7,2,1,1,3,"., BOISSIER DE SAUVAGE",0.0,0.0
201300022220,13,5,2013,17,1,30,7,2,2,1,3,"492, BAGNOLS (ROUTE DE)",44.13063,4.10906
201300022221,14,5,2013,21,5,30,7,2,1,1,2,"02, FAUBOURG D'AUVERGNE",44.12749,4.07896
201300022222,24,5,2013,8,1,30,7,2,1,1,2,"., MAS D'HOURS (QUAI DU)",0.0,0.0
201300022223,28,5,2013,20,2,30,243,1,1,1,7,"2720, MOULIN (AVENUE J.)",44.06177,4.08965
201300022224,29,5,2013,19,1,30,7,2,1,1,2,"., SERRES (AVE OLIVIER D",0.0,0.0
201300022225,10,6,2013,12,1,30,7,2,1,1,2,"., THOREZ (AVE MAURICE)",0.0,0.0
201300022226,14,6,2013,15,1,30,7,2,1,1,5,"., ALSACE (ROUTE D')",0.0,0.0
201300022227,1,7,2013,14,1,30,7,2,1,1,3,"., BLANC (BD LOUIS)",44.12395,4.08033
201300022228,9,7,2013,18,1,30,7,2,1,1,3,"., PERI (PLACE GABRIEL)",44.12129,4.07967
201300022229,15,7,2013,14,1,30,7,2,1,1,3,"., CROUPILLAC (AVE DE)",0.0,0.0
201300022230,26,7,2013,22,5,30,7,2,1,1,1,"., MAS D'HOURS (QUAI DU)",0.0,0.0
201300022231,6,8,2013,12,1,30,7,2,1,1,7,"01, MOULIN (GRAND' RUE J",44.12587,4.07348
201300022232,7,8,2013,11,1,30,7,2,1,2,4,"., JUIN (AVE DU MARECHAL",0.0,0.0
201300022233,13,8,2013,17,1,30,7,1,1,1,1,"., FRANCEZON (CHEMIN DE)",0.0,0.0
201300022234,14,8,2013,13,1,30,7,2,1,1,7,"., BLANC (BD LOUIS)",44.12618,4.07991
201300022235,16,8,2013,12,1,30,7,2,1,1,7,"222, ANDUZE (VIEILLE ROU",44.10897,4.07896
201300022236,16,8,2013,15,1,30,7,1,1,1,3,CASSIN (RUE RENE),0.0,0.0
201300022237,1,9,2013,20,5,30,7,2,1,1,4,"., JUIN (AVE DU MARECHAL",0.0,0.0