Num_Acc,jour,mois,an,hr,condition_eclairage,departement,commune,condition_agglomeration,intersection,condition_atmosphere,type_collision,adresse,lattitude,longitude
201300022238,31,8,2013,16,1,30,7,2,1,1,1,"., LUMIERES (AVE DES FRE",0.0,0.0
201300022239,26,8,2013,17,1,30,7,2,1,1,6,"5, BLANC (BD LOUIS)",44.12614,4.07998
201300022240,5,9,2013,17,1,30,7,2,1,1,6,"., DUMAS (AVE JEAN-BAPTI",0.0,0.0
201300022241,13,9,2013,15,1,30,7,2,1,1,3,"., CLAVIERES (AVE DE)",44.13435,4.08914
201300022242,20,9,2013,10,1,30,7,2,1,1,3,"., BILINA (QUAI)",0.0,0.0
201300022243,4,10,2013,22,5,30,7,1,1,2,2,"., 2X2 VOIES (ROND POINT",0.0,0.0
201300022244,15,10,2013,11,1,30,7,2,1,2,3,"6, PERRIN (RUE JEAN)",44.14455,4.09828
201300022245,25,10,2013,17,1,30,7,2,1,1,6,"., SERRES (AVE OLIVIER D",0.0,0.0
201300022246,24,11,2013,12,1,30,7,2,3,1,3,"., TALABOT (BOULEVARD)",44.12702,4.07817
201300022247,13,7,2013,14,1,30,243,2,3,1,3,"., MONTEZE (ROUTE DE)",44.08549,4.08544
201300022248,6,12,2013,7,1,30,243,1,1,1,2,"552, DRAILLE (ROUTE DE L",44.07663,4.07162
201300022249,24,12,2013,10,1,30,7,2,1,2,2,"., BAGNOLS (ROUTE DE)",44.12957,4.10619
201300022250,28,12,2013,22,3,30,7,1,1,1,7,"., NORD (PLACE DU)",44.1492,4.09842
201300022251,19,12,2013,7,5,30,7,2,1,2,3,"., GRABIEUX (ROUTE DU PO",0.0,0.0
201300022252,7,1,2013,21,5,30,28,2,1,1,6,"1, GARE S.N.C.F. (PLACE",44.16156,4.62648
201300022253,16,2,2013,14,1,30,28,2,2,1,3,BOURDILHAN (CHEMIN DE),44.14621,4.6175
201300022254,4,3,2013,15,1,30,28,2,3,1,3,ANCYSE (AVENUE DEL'),44.16042,4.60913
201300022255,22,3,2013,18,1,30,28,2,1,1,2,"24, MAYRE (AVENUE DE LA)",44.15632,4.62236
201300022256,12,4,2013,12,1,30,28,1,2,1,3,NIMES (ROUTE DE),44.15479,4.61263
201300022257,12,4,2013,11,1,30,28,2,1,1,6,ALPHONSE DAUDET (AVENUE),44.15479,4.61263
201300022258,27,4,2013,14,1,30,28,2,1,2,6,MALRAUX (ROND POINT),44.15499,4.61659
201300022259,5,5,2013,7,2,30,28,2,1,1,6,"27, NIMES (ROUTE DE)",44.14902,4.61567
201300022260,7,5,2013,13,1,30,28,2,1,1,2,MAYRE (AVENUE DE LA),44.15689,4.62277
201300022261,21,5,2013,19,1,30,28,2,1,1,6,ROUTE DE PONT SAINT ESPR,0.0,0.0
201300022262,17,7,2013,8,1,30,28,2,1,1,6,"170, CARMIGNAN (CHEMIN D",44.17251,4.62217
201300022263,2,6,2013,6,1,30,28,2,1,1,6,ALES (ROUTE D'),44.16707,4.61211
201300022264,6,6,2013,13,1,30,28,2,1,1,2,"1, DAUDET (AVENUE ALPHON",44.16078,4.61817
201300022265,13,6,2013,19,1,30,28,2,1,1,2,"6086, ROUTE DE NIMES",44.15501,4.61659
201300022266,17,7,2013,8,1,30,28,2,1,1,2,"1, AURIOL (AVENUE VINCEN",44.16051,4.61817
201300022267,27,7,2013,9,1,30,28,2,1,1,6,"46, NIMES (ROUTE DE)",44.15231,4.61616
201300022268,26,8,2013,17,1,30,28,2,1,1,6,"1, HUIT MAI (RUE DU)",44.15501,4.61604
201300022269,19,7,2013,8,1,30,28,2,1,1,3,PONT SAINT ESPRIT (ROUTE,0.0,0.0
201300022270,14,9,2013,17,1,30,28,2,3,1,3,"70, NIMES (RTE DE)",44.14952,4.61575
201300022271,31,8,2013,9,1,30,28,2,1,1,6,"1, LANGEVIN (AVENUE PAUL",44.16518,4.61984
201300022272,14,9,2013,16,1,30,28,2,1,1,2,"00, CARMIGNAN (CHEMIN DE",0.0,0.0
201300022273,19,9,2013,17,1,30,28,2,3,1,2,DAUDET (AVENUE ALPHONSE),44.14671,4.6114
201300022274,20,9,2013,15,1,30,28,2,1,1,2,"2, DE GAULLE (AVENUE DU",44.16121,4.62651
201300022275,22,10,2013,19,5,30,28,2,3,1,3,"1, MAYRE (AVENUE DE LA)",44.15794,4.62352
201300022276,3,11,2013,14,1,30,28,2,3,1,2,EUROPE (AVENUE DE L'),44.16814,4.61927
201300022277,2,11,2013,11,1,30,28,2,3,1,3,ROUTE DE PONT SAINT ESPR,44.17887,4.61945
201300022278,18,11,2013,21,5,30,28,2,1,1,1,"310, PONT SAINT ESPRIT (",44.17179,4.62012
201300022279,22,11,2013,11,1,30,28,2,1,1,2,"1, MAYRE (AVENUE DE LA)",44.1596,4.62476
201300022280,14,11,2013,14,1,30,28,2,1,1,6,"1, EUROPE (AVENUE DE L')",44.16524,4.619
201300022281,3,12,2013,7,1,30,28,2,1,1,3,"354, VIGAN BRAQUET (AVEN",44.16341,4.6118
201300022282,9,12,2013,19,5,30,28,2,3,1,2,"59, EUROPE (AVENUE DE L'",44.16825,4.61926
201300022283,25,11,2013,17,5,30,28,2,3,6,3,BOSQUET (CHEMIN DU),44.15862,4.62534
201300022284,2,1,2013,18,3,30,189,2,3,1,3,"559, BOUILLARGUES (RUE )",43.83153,4.37399
201300022285,3,1,2013,7,1,30,189,2,2,1,2,MAS DE CHEYLON,43.80496,4.33678
201300022286,4,1,2013,17,1,30,189,2,1,1,6,"6 A, PERRIER GENERAL (RU",43.839,4.35958
201300022287,7,1,2013,16,1,30,189,2,1,1,6,"9, AUGUSTE (RUE)",43.83998,4.35561
201300022288,9,1,2013,15,1,30,189,2,1,1,3,"19, BRIAND ARISTIDE (PLA",43.83873,4.35279
201300022289,11,1,2013,13,1,30,189,2,1,1,6,BOUVINE (AVENUE),0.0,0.0
201300022290,14,1,2013,10,1,30,189,2,1,1,2,CITE FOULC (RUE),0.0,0.0
201300022291,15,1,2013,18,4,30,189,1,1,1,1,FRANCAIS LIBRES (BD),43.83837,4.31992
201300022292,16,1,2013,10,1,30,189,1,1,1,6,POULX (ROUTE DE),0.0,0.0
201300022293,18,1,2013,7,5,30,189,2,1,1,3,ALES (ROUTE),43.84756,4.34634
201300022294,18,1,2013,22,3,30,189,2,1,2,7,ANCIENS COMBATTANTS D IN,0.0,0.0
201300022295,19,1,2013,17,5,30,189,2,3,2,3,ROMARIN (IMPASSE),43.82126,4.35582
201300022296,21,1,2013,17,2,30,189,2,2,1,3,"938, FLEMING DOCTEUR (AV",43.81973,4.32275
201300022297,25,1,2013,15,1,30,189,2,2,1,6,POMPIDOU (AVENUE),43.83222,4.34972
201300022298,27,1,2013,21,3,30,189,2,1,2,7,FRANCAIS LIBRES (BD),43.85688,4.32387
201300022299,28,1,2013,11,1,30,189,2,1,1,6,FAITA VINCENT (RUE),43.84307,4.36942
201300022300,30,1,2013,12,1,30,189,2,1,1,3,GENERAC (ANCIENNE ROUTE),43.8223,4.35924
201300022301,31,1,2013,12,1,30,189,2,1,1,6,GARE ST CEZAIRE (AVENUE,43.81539,4.32792
201300022302,1,2,2013,7,2,30,189,2,2,1,1,MAS DE CHEYLON,43.80521,4.33648
201300022303,1,2,2013,10,1,30,189,2,1,1,6,MARECHAL JUIN (BOULEVARD,43.82362,4.3519
201300022304,1,2,2013,15,1,30,189,2,2,1,3,SAINTE PERPETUE (RUE),43.83277,4.36963
201300022305,1,2,2013,16,1,30,189,2,1,1,3,"254, ROUQUAIROL (ROUTE)",43.81417,4.33169
201300022306,1,2,2013,18,2,30,189,2,1,1,3,MARECHAL JUIN (BOULEVARD,43.81987,4.34459
201300022307,5,2,2013,14,1,30,189,2,1,1,2,ALLENDE SALVADOR (RUE),43.82646,4.37326
201300022308,7,2,2013,8,1,30,189,2,3,1,3,PRIMEVERES (CHEMIN),43.85485,4.32176
201300022309,7,2,2013,11,1,30,189,2,6,1,6,FRANCAIS LIBRES (BD),43.82353,4.32791
201300022310,11,2,2013,12,1,30,189,2,1,1,2,POULX (ROUTE DE),43.8753,4.41473
201300022311,11,2,2013,18,5,30,189,2,6,1,3,LIBERTE(PONT),43.81775,4.36051
201300022312,11,2,2013,18,3,30,189,2,1,1,3,ALES (ROUTE),0.0,0.0
201300022313,15,2,2013,9,1,30,189,2,1,1,5,ALLENDE SALVADOR (RUE),43.81937,4.35369
201300022314,15,2,2013,14,1,30,189,2,1,1,3,"1260, MARECHAL JUIN (BOU",43.81895,4.35369
201300022315,16,2,2013,2,5,30,189,2,1,1,6,"23, CITE FOULC (RUE)",43.83167,4.36103
201300022316,18,2,2013,7,1,30,189,2,3,2,3,PAPIN (RUE),43.84231,4.37042
201300022317,18,2,2013,8,1,30,189,2,1,2,3,"644, MARECHAL JUIN (BOUL",43.82174,4.34902
201300022318,18,2,2013,17,1,30,189,2,9,1,1,CHATEAU (PLACE),43.83879,4.36224
201300022319,20,2,2013,0,5,30,189,2,1,1,6,FONTAINE (QUAI),43.83819,4.34919
201300022320,20,2,2013,19,2,30,189,2,1,1,3,DAYAN GEORGES (AVENUE),43.81502,4.33026
201300022321,21,2,2013,9,1,30,189,1,1,1,3,ANDUZE (ROUTE OU ANCIENN,0.0,0.0
201300022322,22,2,2013,14,1,30,189,2,2,1,6,ROOSEVELT FRANKLIN (AV),0.0,0.0
201300022323,22,2,2013,17,1,30,189,2,1,1,3,LIBERTE (AVENUE),0.0,0.0
201300022324,27,2,2013,14,1,30,189,2,1,1,3,"15, BART JEAN (RUE)",43.84528,4.3939
201300022325,28,2,2013,10,1,30,189,2,3,1,1,"23, FAITA VINCENT (RUE)",43.84224,4.36805
201300022326,1,3,2013,12,1,30,189,2,2,1,3,MAURICE SCHUMANN,43.81267,4.37033
201300022327,3,3,2013,0,3,30,189,2,1,1,1,ANCIENS COMBATTANTS D IN,43.85992,4.32395
201300022328,3,3,2013,12,1,30,189,2,4,1,1,COURBESSAC (ROUTE),43.84998,4.39477
201300022329,3,3,2013,21,5,30,189,2,3,1,3,KENNEDY (AVENUE),43.8289,4.33595
201300022330,4,3,2013,21,3,30,189,1,1,1,7,POULX (ROUTE DE),43.89271,4.41936
201300022331,7,3,2013,11,1,30,189,2,1,9,3,POMPIDOU GEORGES (AVENUE,43.8372,4.34568
201300022332,7,3,2013,17,1,30,189,2,1,1,3,"23, DHUODA (RUE)",43.82758,4.35579
201300022333,8,3,2013,14,1,30,189,2,2,1,3,SAMARITAINE (RUE OU IMPA,43.87493,4.37071
201300022334,8,3,2013,17,1,30,189,2,1,1,6,MONTPELLIER (CHEMIN BAS,43.81849,4.34264
201300022335,12,3,2013,16,1,30,189,2,2,1,3,ARNAVIEILLE (RUE),43.82264,4.3477
201300022336,13,3,2013,12,1,30,189,2,2,1,3,VENTABREN (CHEMIN),43.8538,4.37181
201300022337,15,3,2013,13,1,30,189,2,2,1,2,ARENES,43.83386,4.36
201300022338,17,3,2013,18,3,30,189,2,1,2,7,ALES (ROUTE),0.0,0.0
201300022339,18,3,2013,15,1,30,189,2,1,1,6,"390, MONNET JEAN (COURS)",43.8155,4.34856
201300022340,20,3,2013,7,1,30,189,1,1,2,7,ALES (ROUTE),43.855,4.33803
201300022341,21,3,2013,11,1,30,189,2,1,1,6,SULLY (RUE),43.84297,4.36964
201300022342,23,3,2013,16,1,30,189,2,1,2,2,"982, av juliot curie",43.80717,4.31527
201300022343,23,3,2013,21,5,30,189,2,1,2,3,"23, HOTEL DIEU (RUE)",43.83349,4.35535
201300022344,24,3,2013,1,5,30,189,2,1,2,6,MONTPELLIER (ROUTE DE),0.0,0.0
201300022345,24,3,2013,21,5,30,189,2,2,1,3,SAINT ANDRE DE CODOLS (R,43.8174,4.35597
201300022346,26,3,2013,11,1,30,189,2,2,1,3,MENDES FRANCE PIERRE (AV,43.82614,4.37689
201300022347,28,3,2013,13,1,30,189,2,3,2,1,BOURDALOUE (RUE),43.83221,4.36076
201300022348,28,3,2013,13,1,30,189,2,3,2,6,"691, BELLINI (RUE)",43.82834,4.33714
201300022349,4,4,2013,16,1,30,189,2,3,2,6,HENRI IV (RUE),0.0,0.0
201300022350,5,4,2013,12,1,30,189,2,1,1,7,JEAN LAURET,0.0,0.0
201300022351,5,4,2013,20,2,30,189,2,2,1,1,RANGUEIL (RUE),43.84167,4.3614
201300022352,6,4,2013,0,5,30,189,2,3,1,6,REBOUL JEAN (RUE),43.83459,4.3581
201300022353,6,4,2013,13,1,30,189,2,1,2,2,AVIGNON (ANCIENNE ROUTE),0.0,0.0
201300022354,6,4,2013,22,5,30,189,2,2,2,3,DOCTEUR CALMETTE  (RUE O,43.82928,4.36694
201300022355,7,4,2013,6,3,30,189,2,1,1,1,ALES (ROUTE),43.8565,4.32358
201300022356,8,4,2013,17,1,30,189,2,2,1,6,KENNEDY (AVENUE),43.8264,4.3318
201300022357,9,4,2013,14,1,30,189,2,4,1,6,BEAUCAIRE (ROUTE),43.8381,4.37545
201300022358,9,4,2013,16,1,30,189,2,1,1,2,UZES (ROUTE D'),43.88735,4.38309
201300022359,11,4,2013,8,1,30,189,2,2,1,3,GARCIA CRISTINO (RUE),43.82947,4.39447
201300022360,12,4,2013,17,1,30,189,2,1,1,3,LANGUEDOC (AVENUE),43.81639,4.36305
201300022361,12,4,2013,19,1,30,189,2,1,1,3,PUCCINI (RUE),0.0,0.0
201300022362,13,4,2013,0,1,30,189,2,1,1,1,LE CORBUSIER (RUE),43.83625,4.42033
201300022363,13,4,2013,11,1,30,189,2,1,1,2,"2050, SAINT GILLES (ROUT",43.80469,4.37289
201300022364,15,4,2013,12,1,30,189,2,3,1,3,MICHEL DEBRE (RUE),43.81498,4.36871
201300022365,17,4,2013,16,1,30,189,2,1,1,2,ALLENDE SALVADOR (RUE),0.0,0.0
201300022366,17,4,2013,19,1,30,189,2,1,1,6,"34, TRIAIRE SERGENT (BOU",43.82957,4.36179
201300022367,18,4,2013,15,1,30,189,2,1,1,6,JOFFRE MARECHAL (AVENUE),43.8137,4.32053
201300022368,19,4,2013,11,1,30,189,2,2,1,3,DHUODA (RUE),43.82812,4.35518
201300022369,20,4,2013,14,1,30,189,2,1,2,1,"35, SERRE PARADIS (CHEMI",43.84668,4.38104
201300022370,22,4,2013,11,1,30,189,2,1,1,6,CITE FOULC (RUE),0.0,0.0
201300022371,24,4,2013,17,1,30,189,2,1,1,4,MITTERAND FRANCOIS (AVEN,43.80664,4.37198
201300022372,30,4,2013,11,1,30,189,1,1,2,7,"16, ALES (ROUTE)",43.83855,4.34346
201300022373,1,5,2013,19,1,30,189,2,2,1,3,GARONS (RUE),43.83392,4.36841
201300022374,2,5,2013,8,1,30,189,2,2,1,3,TERRAUBE (RUE),43.82966,4.36497
201300022375,3,5,2013,1,3,30,189,2,1,1,4,ALLENDE SALVADOR (RUE),43.82698,4.37412
201300022376,4,5,2013,12,1,30,189,2,1,1,4,"41, JAURES JEAN (BOULEVA",43.8276,4.35336
201300022377,8,5,2013,0,3,30,189,1,1,1,6,SAUVE (ROUTE),0.0,0.0
201300022378,8,5,2013,22,5,30,189,2,6,1,7,SAINT GILLES (ROUTE),43.82035,4.35781
201300022379,10,5,2013,12,1,30,189,2,6,1,3,VICTOR PAUL EMILE  (ROND,43.81782,4.34747
201300022380,13,5,2013,11,1,30,189,2,1,1,6,ALES (ROUTE),43.85207,4.34407
201300022381,13,5,2013,16,1,30,189,2,2,1,3,MONTPELLIER (ROUTE DE),43.80737,4.32498
201300022382,14,5,2013,18,1,30,189,2,2,1,3,KENNEDY (AVENUE),43.82639,4.33176
201300022383,15,5,2013,15,1,30,189,2,1,2,2,ALLENDE SALVADOR (RUE),0.0,0.0
201300022384,17,5,2013,17,1,30,189,2,1,1,2,MONTPELLIER (ROUTE DE),0.0,0.0
201300022385,21,5,2013,11,1,30,189,2,2,1,2,TRIAIRE SERGENT (BOULEVA,43.82847,4.35991
201300022386,21,5,2013,15,1,30,189,2,3,1,3,DAUDET ERNEST (RUE),43.83929,4.37178
201300022387,24,5,2013,13,1,30,189,2,2,1,3,POMPIDOU GEORGES (AVENUE,43.83682,4.34601
201300022388,26,5,2013,20,1,30,189,2,3,9,3,TRIAIRE SERGENT (BOULEVA,43.82511,4.3541
201300022389,30,5,2013,12,1,30,189,2,6,1,2,MITTERAND FRANCOIS (AVEN,43.82008,4.35814
201300022390,30,5,2013,21,5,30,189,2,3,1,3,NOTRE DAME DE SANTA CRUZ,43.85921,4.39494
201300022391,31,5,2013,12,1,30,189,2,2,1,6,ABATTOIR (RUE),43.83205,4.35283
201300022392,31,5,2013,19,1,30,189,2,3,1,3,MENDES FRANCE PIERRE (AV,43.82643,4.3764
201300022393,3,6,2013,11,1,30,189,2,1,1,2,"127, ALES (ROUTE)",43.85332,4.34206
201300022394,3,6,2013,19,1,30,189,2,2,1,3,MONTPELLIER (ROUTE DE),43.81115,4.33024
201300022395,4,6,2013,21,5,30,189,2,1,1,3,COURBESSAC (ROUTE),43.84833,4.38972
201300022396,5,6,2013,10,1,30,189,2,1,1,6,"29, NICOT (RUE)",43.84193,4.37059
201300022397,11,6,2013,16,1,30,189,2,3,1,6,COURBET AMIRAL (BOULEVAR,43.83784,4.36303
201300022398,12,6,2013,16,1,30,189,2,1,1,7,KENNEDY (AVENUE),43.8133,4.30916
201300022399,13,6,2013,14,1,30,189,2,3,1,3,MONTJARDIN (RUE),43.83673,4.36831
201300022400,15,6,2013,10,1,30,189,2,1,1,3,"31, JAURES JEAN (BOULEVA",43.83404,4.35146
201300022401,15,6,2013,21,2,30,189,2,1,1,7,"70, GAMBETTA (BD)",43.84046,4.36167
201300022402,16,6,2013,18,1,30,189,2,1,1,6,"135, SAUVE (ROUTE)",43.83766,4.32726
201300022403,16,6,2013,18,1,30,189,2,1,1,1,MESSAGER (RUE),43.82416,4.33759
201300022404,19,6,2013,9,1,30,189,2,1,1,3,TRINTIGNANT MAURICE (AVE,43.81472,4.34073
201300022405,19,6,2013,11,1,30,189,2,2,1,2,ALLENDE SALVADOR (RUE),43.8277,4.37531
201300022406,19,6,2013,16,1,30,189,2,1,1,3,BRETELLE SORTIE RN 106,0.0,0.0
201300022407,19,6,2013,17,1,30,189,2,2,1,3,MAS DU DIABLE,43.84915,4.3642
201300022408,21,6,2013,10,1,30,189,2,3,1,3,ROUMIEUX FELIBRE (RUE),43.82847,4.35392
201300022409,23,6,2013,20,1,30,189,2,2,1,4,MONTPELLIER (ROUTE DE),43.81116,4.33024
201300022410,25,6,2013,11,1,30,75,2,3,1,6,SAUVE (ROUTE),43.85131,4.27474
201300022411,26,6,2013,18,1,30,189,2,1,1,2,ALLENDE SALVADOR (RUE),43.81584,4.34149
201300022412,28,6,2013,16,1,30,189,2,3,1,7,GAMBETTA (BD),43.84021,4.35679
201300022413,29,6,2013,2,3,30,189,1,1,1,7,BEAUCAIRE (ROUTE),0.0,0.0
201300022414,29,6,2013,12,1,30,189,2,1,1,3,PROUST LOUIS (RUE),0.0,0.0
201300022415,29,6,2013,21,2,30,189,2,1,1,2,ROUTE BEAUCAIRE,43.83689,4.38825
201300022416,1,7,2013,7,1,30,189,1,1,1,7,BOEGNER PASTEUR MARC (BO,43.82056,4.33277
201300022417,3,7,2013,17,1,30,189,2,1,1,6,"31, JAURES JEAN (BOULEVA",43.83468,4.34786
201300022418,4,7,2013,18,1,30,189,2,3,1,6,MENARD (RUE),43.84217,4.35551
201300022419,5,7,2013,4,5,30,189,2,2,1,3,"9, BACHALAS  (RUE OU PLA",43.84173,4.36041
201300022420,5,7,2013,12,1,30,189,2,2,1,1,SAINT GILLES (ROUTE),43.81276,4.3706
201300022421,5,7,2013,18,1,30,189,2,2,1,2,ESPOIR (RUE),43.81642,4.32274
201300022422,6,7,2013,15,1,30,189,2,1,1,2,CANAUX (CHEMIN),43.78783,4.36159
201300022423,7,7,2013,10,1,30,189,2,3,1,3,"153, BEAUCAIRE (ROUTE)",43.83721,4.38509
201300022424,8,7,2013,10,1,30,189,2,1,7,4,"904, MARECHAL JUIN (BOUL",43.82057,4.34597
201300022425,9,7,2013,17,1,30,189,2,1,1,7,BRETELLE SORTIE RN 106,0.0,0.0
201300022426,12,7,2013,3,5,30,189,2,2,1,3,SAINT GILLES (RUE),43.83148,4.35838
201300022427,16,7,2013,1,5,30,189,2,1,1,7,PUCCINI (RUE),43.82391,4.33882
201300022428,16,7,2013,18,1,30,189,2,1,1,2,SAINT GILLES (ROUTE),0.0,0.0
201300022429,18,7,2013,16,1,30,189,2,2,2,3,CLERISSEAU (RUE),43.84105,4.35603
201300022430,18,7,2013,21,2,30,189,2,3,1,3,TALABOT (BOULEVARD),43.83543,4.3694
201300022431,19,7,2013,4,5,30,189,2,2,1,3,GENERAC (RUE),43.83135,4.35788
201300022432,19,7,2013,15,1,30,189,2,2,1,3,VILLARS (RUE),43.84011,4.37005
201300022433,19,7,2013,17,1,30,189,2,3,1,3,FAITA VINCENT (RUE),43.84748,4.37298
201300022434,20,7,2013,10,1,30,189,2,2,1,2,MAS DE CHEYLON,43.80522,4.33647
201300022435,20,7,2013,15,1,30,189,2,2,1,3,DHUODA (RUE),43.8296,4.35331
201300022436,23,7,2013,0,4,30,189,2,2,1,3,JAURES JEAN (BOULEVARD),43.83717,4.34568
201300022437,24,7,2013,18,1,30,189,2,1,1,3,SAINT GILLES (ROUTE),43.80275,4.37394
201300022438,25,7,2013,9,1,30,189,2,2,1,6,ROUSSEAU  JEAN JACQUES (,43.83341,4.38355
201300022439,25,7,2013,20,1,30,189,1,1,1,7,DIONS (ROUTE DE),43.90341,4.28478
201300022440,25,7,2013,21,1,30,189,2,2,1,3,DAUDET ERNEST (RUE),43.83962,4.37166
201300022441,26,7,2013,3,3,30,189,2,1,1,6,FRANCAIS LIBRES (BD),0.0,0.0
201300022442,26,7,2013,11,1,30,189,2,2,1,6,baillet claude,0.0,0.0
201300022443,26,7,2013,18,1,30,189,2,3,1,6,MAS DE LAUZE (CHEMIN),43.82824,4.3102
201300022444,26,7,2013,20,1,30,189,2,3,1,3,ROBERVAL GILLES (RUE OU,43.82888,4.33326
201300022445,31,7,2013,16,1,30,189,2,1,1,4,ALLENDE SALVADOR (RUE),43.82196,4.3647
201300022446,31,7,2013,21,1,30,189,2,1,1,6,KLEBER (RUE),43.84996,4.37057
201300022447,1,8,2013,19,1,30,189,2,1,1,1,SAPEUR (CHEMIN),43.84853,4.34167
201300022448,2,8,2013,17,1,30,189,2,1,1,6,AMOUREUX (RUE),43.83741,4.37757
201300022449,6,8,2013,15,1,30,189,2,2,1,3,POMPIDOU GEORGES (AVENUE,43.83782,4.34517
201300022450,9,8,2013,17,1,30,189,2,1,1,2,ALES (ROUTE),0.0,0.0
201300022451,10,8,2013,18,1,30,189,2,6,1,3,LEDOUX CLAUDE NICOLAS (R,43.81609,4.3482
201300022452,11,8,2013,17,1,30,189,2,3,1,3,PERRIER GENERAL (RUE),43.83902,4.35971
201300022453,11,8,2013,18,1,30,189,2,6,1,2,LANGUEDOC (AVENUE),43.81793,4.36088
201300022454,13,8,2013,15,1,30,189,2,3,1,3,MAS DE BALAN (CHEMIN),43.85188,4.34446
201300022455,13,8,2013,20,1,30,189,2,2,1,3,AQUEDUC (RUE),43.83025,4.35458
201300022456,14,8,2013,10,1,30,189,1,1,1,4,CANAUX (CHEMIN),0.0,0.0
201300022457,15,8,2013,18,1,30,189,2,2,1,3,A SALVADOR (RUE),43.82726,4.37502
201300022458,16,8,2013,14,1,30,189,2,2,1,3,MONSEIGNEUR CLAVERIE,43.8551,4.39924
201300022459,17,8,2013,10,1,30,189,2,2,1,7,UZES (ROUTE D'),43.85182,4.37682
201300022460,22,8,2013,19,1,30,189,2,1,1,1,PISSEVIN (CHEMIN OU TRAV,43.83147,4.344
201300022461,27,8,2013,15,1,30,189,2,1,1,3,"42, ALES (ROUTE)",43.84259,4.34228
201300022462,4,9,2013,17,1,30,189,2,4,1,6,FONTAINE (QUAI),43.83875,4.35289
201300022463,5,9,2013,13,1,30,189,2,3,1,3,MICHEL DEBRE (RUE),43.81498,4.36876
201300022464,12,8,2013,17,1,30,189,2,2,1,2,MONTPELLIER (ROUTE DE),0.0,0.0
201300022465,6,9,2013,15,1,30,189,2,2,1,3,MAS DE CHEYLON,43.80518,4.3365
201300022466,8,9,2013,6,5,30,189,2,3,2,3,GAMEL PIERRE (AVENUE),43.82504,4.36197
201300022467,10,9,2013,8,1,30,189,2,1,1,2,LAMPEZE (CHEMIN),0.0,0.0
201300022468,10,9,2013,12,1,30,189,2,2,1,3,BOURDALOUE (RUE),43.83232,4.36169
201300022469,11,9,2013,15,1,30,189,2,2,1,3,"45, JAURES JEAN (BOULEVA",43.8328,4.35183
201300022470,13,9,2013,0,5,30,189,2,2,1,3,ANTONIN (SQUARE),43.83945,4.35547
201300022471,13,9,2013,5,5,30,189,2,1,1,7,"19, HUGO VICTOR (BOULEVA",43.83743,4.35591
201300022472,13,9,2013,16,1,30,189,2,2,1,3,TALABOT (BOULEVARD),43.83548,4.36948
201300022473,16,9,2013,17,1,30,189,2,4,1,2,SAUVE (ROUTE),43.83862,4.32384
201300022474,18,9,2013,12,1,30,189,2,1,1,7,LIBERTE (AVENUE),0.0,0.0
201300022475,18,9,2013,14,1,30,189,1,1,1,4,ALES (ROUTE),0.0,0.0
201300022476,19,9,2013,9,1,30,189,2,2,1,3,TALABOT (BOULEVARD),43.83549,4.36949
201300022477,21,9,2013,10,1,30,189,2,1,1,3,MONTPELLIER (ROUTE DE),0.0,0.0
201300022478,29,9,2013,6,5,30,189,2,1,2,6,MARIETTE (IMPASSE),0.0,0.0
201300022479,30,9,2013,11,1,30,189,1,1,1,2,MENDES FRANCE PIERRE (AV,0.0,0.0
201300022480,30,9,2013,12,1,30,189,2,1,1,3,TOUR DE L'EVEQUE (RUE),0.0,0.0
201300022481,4,10,2013,16,1,30,189,2,1,1,6,RUE PAUL LAURENT,0.0,0.0
201300022482,4,10,2013,22,5,30,189,1,2,2,3,TRIAIRE SERGENT (BOULEVA,43.82506,4.3541
201300022483,5,10,2013,18,1,30,189,2,3,1,6,MENDES FRANCE (AV),43.82553,4.37792
201300022484,6,10,2013,11,1,30,189,2,1,1,4,AVIGNON (ROUTE),43.80726,4.31539
201300022485,6,10,2013,23,5,30,189,2,2,1,3,TRIAIRE SERGENT (BOULEVA,43.8284,4.35992
201300022486,7,10,2013,7,2,30,189,2,2,1,3,MONNET JEAN (COURS),43.81623,4.34873
201300022487,8,10,2013,11,1,30,189,2,2,1,3,BIR HAKEIM (Place),43.8435,4.3852
201300022488,8,10,2013,19,5,30,189,2,1,1,6,MENDES FRANCE PIERRE (AV,0.0,0.0
201300022489,9,10,2013,9,1,30,189,2,2,1,1,AVIGNON (ROUTE),43.84726,4.38964
201300022490,9,10,2013,15,1,30,189,2,2,1,3,"13, JAURES JEAN (BOULEVA",43.83637,4.35076
201300022491,10,10,2013,17,1,30,189,2,1,2,3,CANAUX (CHEMIN),0.0,0.0