Num_Acc,jour,mois,an,hr,condition_eclairage,departement,commune,condition_agglomeration,intersection,condition_atmosphere,type_collision,adresse,lattitude,longitude
201300022492,11,10,2013,20,3,30,189,2,1,1,7,ANDUZE (ROUTE OU ANCIENN,0.0,0.0
201300022493,14,10,2013,16,1,30,189,2,1,1,1,PAVLOV (AVENUE),0.0,0.0
201300022494,14,10,2013,17,1,30,189,2,3,1,6,MONTPELLIER (ROUTE DE),43.80753,4.32468
201300022495,15,10,2013,11,1,30,189,2,2,2,7,TALABOT (BOULEVA,43.83691,4.37119
201300022496,16,10,2013,14,1,30,189,2,1,1,6,"216, ALES (ROUTE)",43.85778,4.33666
201300022497,16,10,2013,20,5,30,189,2,1,1,2,"9, SAINTENAC ETIENNE (BO",43.84018,4.36377
201300022498,18,10,2013,15,1,30,189,1,1,1,4,CANAUX (CHEMIN),0.0,0.0
201300022499,18,10,2013,22,3,30,189,1,3,2,3,CANTE-PERDRIX (CHEMIN),0.0,0.0
201300022500,19,10,2013,4,5,30,189,2,1,1,6,LE CORBUSIER (RUE),0.0,0.0
201300022501,19,10,2013,21,3,30,189,2,1,1,6,ALES (ROUTE),0.0,0.0
201300022502,20,10,2013,23,5,30,189,2,2,1,3,JAURES JEAN (BOULEVARD),43.83785,4.3499
201300022503,24,10,2013,16,1,30,189,2,1,1,6,"172, SAUVE (ROUTE)",43.84154,4.31451
201300022504,24,10,2013,21,5,30,189,1,1,1,6,"230, ALGER (RUE)",43.83234,4.378
201300022505,24,10,2013,23,5,30,189,2,2,1,6,CURIE PIERRE (RUE),43.83582,4.37693
201300022506,25,10,2013,10,1,30,189,2,1,1,6,"11, ARNAVIEILLE (RUE)",43.82327,4.34988
201300022507,25,10,2013,16,1,30,189,2,2,1,2,"196, AVIGNON (ROUTE)",43.84433,4.38291
201300022508,27,10,2013,3,5,30,189,2,2,1,3,ALLENDE SALVADOR (RUE),43.82206,4.36495
201300022509,28,10,2013,14,1,30,189,2,2,1,3,PHARAMOND (RUE),43.83135,4.35788
201300022510,29,10,2013,10,1,30,189,2,1,1,6,"1667, MARECHAL JUIN (BOU",43.81608,4.33709
201300022511,31,10,2013,8,1,30,189,2,1,1,4,"64, JAURES JEAN (BOULEVA",43.83243,4.35147
201300022512,2,11,2013,13,1,30,189,2,2,1,6,FONTAINE (QUAI),0.0,0.0
201300022513,2,11,2013,17,1,30,189,2,3,1,1,ORAN (RUE),43.82643,4.37633
201300022514,3,11,2013,9,1,30,189,2,3,1,6,BEAUCAIRE (ROUTE),43.83719,4.38511
201300022515,5,11,2013,10,1,30,189,2,1,1,6,"140, JAURES JEAN (BOULEV",43.82505,4.35367
201300022516,6,11,2013,12,1,30,189,2,1,1,3,MAS DE CHEYLON,43.81126,4.33013
201300022517,8,11,2013,19,3,30,189,1,1,2,6,SOMMIERES (ROUTE),43.81399,4.3113
201300022518,9,11,2013,14,1,30,189,2,3,1,2,"11, CLERISSEAU (RUE)",43.84149,4.35863
201300022519,12,11,2013,22,5,30,189,2,1,1,6,MENDES FRANCE PIERRE (AV,0.0,0.0
201300022520,5,11,2013,10,1,30,189,2,6,1,6,"140, GARCIA CRISTINO (RU",43.8309,4.38164
201300022521,14,11,2013,21,5,30,189,2,1,1,6,"3, POMPIDOU GEORGES (AVE",43.833,4.34901
201300022522,15,11,2013,12,1,30,189,2,1,1,6,INTERMARCHE BEAUSOLEIL C,43.85728,4.40302
201300022523,16,11,2013,0,5,30,189,2,3,1,6,FAITA VINCENT (RUE),43.8424,4.36831
201300022524,22,11,2013,12,1,30,189,2,1,1,3,"1800, ARNAUD GUY",43.83245,4.32989
201300022525,28,11,2013,15,1,30,189,2,6,1,6,PROUVE JEAN (AVENUE),43.8138,4.34982
201300022526,28,11,2013,17,5,30,189,2,4,1,3,FAITA VINCENT (RUE),43.84388,4.37019
201300022527,1,12,2013,7,1,30,189,2,4,1,3,WEBER (RUE),43.82835,4.33568
201300022528,2,12,2013,21,5,30,189,2,2,1,3,"17, TALABOT (BOULEVARD)",43.83549,4.36936
201300022529,3,12,2013,17,1,30,189,2,1,1,4,JOFFRE MARECHAL (AVENUE),43.81318,4.32027
201300022530,6,12,2013,19,3,30,189,2,1,1,6,SAUVE (ROUTE),0.0,0.0
201300022531,8,12,2013,0,5,30,189,2,6,1,6,FRANCAIS LIBRES (BD),43.81526,4.34065
201300022532,8,12,2013,13,1,30,189,2,3,1,6,ALLENDE SALVADOR (RUE),43.82885,4.37689
201300022533,10,12,2013,20,5,30,189,2,6,1,3,MONNET JEAN (COURS),43.81779,4.34749
201300022534,11,12,2013,14,1,30,189,2,1,1,1,CHABAUD MAX (RUE),0.0,0.0
201300022535,11,12,2013,15,1,30,189,2,3,1,2,ALLENDE SALVADOR (RUE),43.84743,4.39721
201300022536,11,12,2013,18,5,30,189,2,1,1,3,"120, SAUVE (ROUTE)",43.83809,4.32514
201300022537,12,12,2013,10,1,30,189,2,1,1,6,FRANCAIS LIBRES (BD),0.0,0.0
201300022538,13,12,2013,23,5,30,189,2,2,1,6,AQUITAINE (RUE),43.84159,4.36309
201300022539,14,12,2013,4,5,30,189,2,6,1,2,ALLENDE SALVADOR (RUE),43.82189,4.36514
201300022540,16,12,2013,9,1,30,189,2,6,1,2,FRANCAIS LIBRES (BD),43.80713,4.31518
201300022541,17,12,2013,14,1,30,189,2,1,1,6,WEBER (RUE),43.82788,4.33549
201300022542,20,12,2013,15,1,30,189,2,3,2,3,SAUVE (ROUTE),43.83656,4.33726
201300022543,20,12,2013,16,1,30,189,2,1,2,4,SAINT GILLES (ROUTE),0.0,0.0
201300022544,20,12,2013,22,5,30,189,2,2,1,3,GAMBETTA (BD),43.83972,4.35555
201300022545,21,12,2013,19,5,30,189,2,2,2,3,TRIAIRE SERGENT (BOULEVA,43.82841,4.35996
201300022546,23,12,2013,12,1,30,189,1,6,1,3,BEAUCAIRE (ROUTE),43.83288,4.42592
201300022547,27,12,2013,1,5,30,189,2,1,1,3,"510, HOSTELLERIE (RUE)",43.81591,4.34441
201300022548,28,12,2013,0,5,30,189,2,1,1,2,"14, LIBERTE (AVENUE)",43.82271,4.35526
201300022549,28,12,2013,16,1,30,189,1,1,1,1,"2250, TERRES DE ROUVIERE",43.8728,4.36227
201300022550,29,12,2013,0,3,30,189,1,1,1,1,BACHAS (CHEMIN),0.0,0.0
201300022551,30,12,2013,10,1,30,189,2,1,1,6,"1, SAINTENAC ETIENNE (BO",43.84025,4.36296
201300022552,30,12,2013,18,1,30,189,2,2,1,3,GENERAC (RUE),43.83136,4.35788
201300022553,31,12,2013,16,1,30,189,2,1,1,1,SAINT GILLES (ROUTE),0.0,0.0
201300022554,31,12,2013,18,5,30,351,2,2,1,3,CEVENNES AVENUE DES,43.97462,4.7812
201300022555,22,5,2013,10,1,30,351,2,1,1,6,GACHE rue du DOCTEUR Pau,0.0,0.0
201300022556,28,7,2013,9,1,30,11,1,3,1,3,ARAMON ROUTE D',43.94758,4.78624
201300022557,13,8,2013,13,1,30,351,2,1,1,3,DE GAULLE AVENUE CHARLES,0.0,0.0
201300022558,18,8,2013,20,1,30,11,1,3,1,3,ARAMON RTE D',43.94055,4.77387
201300022559,3,9,2013,16,1,30,351,2,1,1,6,"2-4, FRERES REBOUL RUE D",0.0,0.0
201300022560,8,10,2013,11,1,30,351,2,1,1,6,FRERES CARPANEDO BOULEVA,0.0,0.0
201300022561,21,4,2013,17,1,63,470,1,1,1,7,,0.0,0.0
201300022562,30,5,2013,10,1,63,99,1,1,1,7,,0.0,0.0
201300022563,9,6,2013,15,1,63,92,1,1,1,7,,0.0,0.0
201300022564,27,1,2013,17,2,63,116,2,1,2,1,Avenue Etienne Clementel,0.0,0.0
201300022565,12,3,2013,18,1,63,135,1,1,1,6,,0.0,0.0
201300022566,20,3,2013,18,1,63,278,1,1,1,6,,0.0,0.0
201300022567,22,6,2013,18,1,63,240,1,1,1,1,,0.0,0.0
201300022568,10,7,2013,22,1,63,116,2,1,1,6,129 avenue etienne cl?me,45.98387,3.08739
201300022569,12,7,2013,18,1,63,446,1,2,1,3,,0.0,0.0
201300022570,15,7,2013,10,1,63,432,1,1,1,4,,0.0,0.0
201300022571,11,8,2013,16,1,63,473,1,1,1,7,,0.0,0.0
201300022572,11,8,2013,17,1,63,90,2,2,1,3,rue du bois printemp,46.03224,3.17606
201300022573,23,9,2013,18,1,63,35,1,3,1,6,,0.0,0.0
201300022574,25,9,2013,14,1,63,446,1,3,1,3,,46.09,3.346
201300022575,19,10,2013,11,1,63,143,2,1,1,1,D984,0.0,0.0
201300022576,20,10,2013,20,3,63,143,1,1,1,1,,0.0,0.0
201300022577,14,11,2013,9,1,63,1,1,1,1,3,,0.0,0.0
201300022578,20,4,2013,13,1,63,4,2,1,8,2,AVENUE DE LA GARE,0.0,0.0
201300022579,14,6,2013,10,1,23,1,1,3,1,3,,46.097,2.00199
201300022580,26,6,2013,17,1,23,154,1,1,1,1,,0.0,0.0
201300022581,7,7,2013,4,3,23,186,1,1,1,7,,0.0,0.0
201300022582,4,8,2013,13,1,23,1,1,1,7,6,,46.092,2.05399
201300022583,9,8,2013,21,5,23,245,1,1,1,6,,46.172,1.848
201300022584,8,9,2013,9,1,23,186,1,1,2,3,,46.111,1.864
201300022585,14,1,2013,12,1,26,339,1,1,1,2,26339,0.0,0.0
201300022586,1,2,2013,23,3,26,116,1,1,1,3,26116,0.0,0.0
201300022587,23,4,2013,13,1,26,138,1,1,1,3,AIRE DE REPOS AUTOROUTE,0.0,0.0
201300022588,1,6,2013,7,1,26,106,1,1,1,2,26106,0.0,0.0
201300022589,16,6,2013,19,1,26,169,1,1,1,3,26169,0.0,0.0
201300022590,2,7,2013,13,1,26,182,2,1,1,7,ROUTE DE NYONS,0.0,0.0
201300022591,11,7,2013,18,1,26,338,1,1,1,3,26338,0.0,0.0
201300022592,15,7,2013,10,1,26,5,1,1,1,1,26005,0.0,0.0
201300022593,21,7,2013,11,1,26,169,1,6,1,6,26169,0.0,0.0
201300022594,24,7,2013,16,1,26,236,1,1,1,6,26236,0.0,0.0
201300022595,29,7,2013,10,1,26,338,1,1,1,3,26338,0.0,0.0
201300022596,30,7,2013,8,1,26,63,1,1,1,1,26063,0.0,0.0
201300022597,6,8,2013,15,1,26,146,1,1,1,3,26146,0.0,0.0
201300022598,7,8,2013,13,1,26,324,1,3,1,3,26324,0.0,0.0
201300022599,9,8,2013,16,1,26,188,2,1,1,7,26188,0.0,0.0
201300022600,11,8,2013,23,3,26,305,1,2,1,3,26305,0.0,0.0
201300022601,12,8,2013,19,1,26,31,1,1,1,3,26031,0.0,0.0
201300022602,15,8,2013,17,1,26,169,1,1,1,1,26169,0.0,0.0
201300022603,15,8,2013,18,1,26,211,1,1,1,7,26211,0.0,0.0
201300022604,2,9,2013,4,3,26,337,1,1,1,2,26337,0.0,0.0
201300022605,6,9,2013,22,5,26,220,2,1,1,6,RD 538,0.0,0.0
201300022606,9,9,2013,15,1,26,169,1,9,1,5,26169,0.0,0.0
201300022607,8,9,2013,5,3,26,324,1,1,1,2,26324,0.0,0.0
201300022608,10,9,2013,9,1,26,235,2,1,1,6,26235,44.3723,4.7001
201300022609,16,9,2013,8,1,26,169,1,1,1,2,26169,0.0,0.0
201300022610,24,9,2013,2,3,26,339,1,1,1,2,26339,0.0,0.0
201300022611,24,9,2013,11,1,26,338,1,6,1,6,26338,0.0,0.0
201300022612,28,9,2013,11,1,26,3,1,1,1,3,26003,0.0,0.0
201300022613,9,10,2013,6,3,26,5,1,1,1,2,26005,0.0,0.0
201300022614,14,10,2013,12,1,26,85,1,1,1,3,26085,0.0,0.0
201300022615,30,10,2013,9,1,26,338,1,1,1,2,,44.587,4.805
201300022616,24,11,2013,13,1,26,138,1,1,1,6,26138,0.0,0.0
201300022617,29,11,2013,14,1,26,188,1,1,1,3,26188,0.0,0.0
201300022618,29,11,2013,14,1,26,284,1,1,1,5,26284,0.0,0.0
201300022619,2,12,2013,9,1,26,357,1,1,1,6,26357,0.0,0.0
201300022620,7,12,2013,18,3,26,5,1,3,1,1,26005,0.0,0.0
201300022621,10,12,2013,15,1,26,5,1,1,1,2,26005,0.0,0.0
201300022622,20,12,2013,17,1,26,116,1,1,2,6,26116,0.0,0.0
201300022623,22,12,2013,5,3,26,192,1,1,1,6,,44.446,5.016
201300022624,27,12,2013,19,3,26,145,1,6,1,6,,0.0,0.0
201300022625,29,12,2013,17,3,26,63,1,9,1,2,,0.0,0.0
201300022626,2,11,2013,6,3,84,83,1,1,2,6,,0.0,0.0
201300022627,12,1,2013,16,1,35,337,1,1,8,2,,0.0,0.0
201300022628,26,1,2013,7,2,35,225,1,1,1,6,,0.0,0.0
201300022629,15,7,2013,19,1,35,226,1,1,1,1,,48.38564,-1.88662
201300022630,20,8,2013,12,1,35,92,1,1,1,1,,48.43419,-1.66361
201300022631,19,9,2013,10,1,35,337,2,1,1,6,avenue des trentes,48.32721,-1.84358
201300022632,8,12,2013,12,1,35,226,1,1,1,3,,48.43,-1.889
201300022633,14,11,2013,12,1,27,391,1,1,2,6,,48.81,1.344
201300022634,2,4,2013,7,2,84,122,1,1,1,3,,0.0,0.0
201300022635,11,3,2013,12,1,62,78,2,1,4,3,1440 rue Camp Drap d'Or,0.0,0.0
201300022636,16,3,2013,15,1,62,38,2,1,1,6,chemin du hallage,50.89119,1.9685
201300022637,24,3,2013,1,3,62,852,1,1,1,6,,50.91792,2.09802
201300022638,2,4,2013,9,1,62,623,2,1,7,6,185 rue du fort batard,0.0,0.0
201300022639,25,4,2013,19,1,62,852,1,1,1,5,,0.0,0.0
201300022640,7,6,2013,12,1,62,57,1,1,1,3,,50.86549,2.05493
201300022641,4,11,2013,20,3,62,645,1,1,8,5,,50.9874,2.07173
201300022642,15,12,2013,18,3,62,748,1,1,1,1,,0.0,0.0
201300022643,20,2,2013,14,1,83,148,1,1,1,6,,0.0,0.0
201300022644,4,5,2013,19,1,83,61,1,1,1,6,,0.0,0.0
201300022645,16,6,2013,18,1,83,85,1,1,1,6,,0.0,0.0
201300022646,9,8,2013,19,1,83,4,1,1,1,2,,43.45699,6.47717
201300022647,3,9,2013,9,1,83,148,1,1,1,5,,0.0,0.0
201300022648,4,9,2013,14,1,83,4,2,1,1,3,10 avenue des laurons,0.0,0.0
201300022649,30,8,2013,9,1,83,85,1,1,1,3,,0.0,0.0
201300022650,8,9,2013,6,3,83,4,1,1,3,7,,0.0,0.0
201300022651,20,9,2013,17,1,83,86,2,1,1,1,"RN 7, ROUTE D AIX EN PCE",0.0,0.0
201300022652,7,11,2013,16,2,83,4,1,4,1,3,,0.0,0.0
201300022653,7,1,2013,7,2,31,483,2,1,1,4,"114, AVE F MITTERAND",43.11224,0.74564
201300022654,10,1,2013,9,1,31,483,2,1,2,3,"544, LANDORTHE (ROUTE)",43.11608,0.74765
201300022655,2,1,2013,18,5,31,483,2,3,1,2,RUE MITERRAND/SUBERVILLE,43.11125,0.73979
201300022656,19,1,2013,19,3,31,483,2,3,3,7,RUE MISTRAL/RUE FAURE,43.11361,0.73916
201300022657,22,1,2013,7,2,31,483,2,1,2,6,LECONTE DE L'ISLE ( BLD),43.10693,0.73451
201300022658,25,1,2013,4,5,31,483,2,1,1,6,FRANCOIS MITTERAND ( AVE,43.11176,0.74276
201300022659,31,1,2013,7,5,31,483,2,1,1,2,SAINT PLANCARD ( AVENUE),0.0,0.0
201300022660,5,3,2013,17,1,31,483,2,1,1,4,FRANCOIS MITTERAND (ave),43.11027,0.7343
201300022661,15,3,2013,9,1,31,483,1,1,1,2,D 8,0.0,0.0
201300022662,1,5,2013,18,1,31,483,2,1,1,3,"26, ISLE (AVENUE DE L')",43.11097,0.72576
201300022663,10,5,2013,19,1,31,483,1,1,1,7,D921,43.0954,0.73629
201300022664,23,5,2013,23,5,31,483,2,9,2,2,"26, ISLE (AVENUE DE L')",43.11095,0.72579
201300022665,2,6,2013,13,1,31,565,1,1,1,7,D 8,0.0,0.0
201300022666,17,6,2013,10,1,31,483,2,1,1,7,FRANCOIS MITTERAND ( AVE,43.10951,0.7296
201300022667,8,7,2013,18,1,31,483,2,3,1,1,"12, TROUBADOURS DU COMMI",43.1178,0.72029
201300022668,20,7,2013,18,1,31,483,2,1,1,3,"9, GAULLE (BLD CHARLES )",43.10867,0.72133
201300022669,25,7,2013,12,1,31,483,2,1,1,6,"16, ARRIEU ANSELME (AVE)",43.11001,0.71927
201300022670,27,7,2013,19,1,31,483,1,1,2,7,"1,RTE DE LA SERRE NEROUS",43.14059,0.69564
201300022671,26,7,2013,11,1,31,483,2,1,1,2,FRANCOIS MITTERAND ( A,43.10942,0.72947
201300022672,17,8,2013,9,1,31,483,2,1,1,6,PHOEBUS GASTON (AVENUE),43.10631,0.72278
201300022673,19,8,2013,6,3,31,344,1,1,1,1,POINTIS INARD (ROUTE DE),43.09647,0.75668
201300022674,30,8,2013,18,1,31,483,2,1,1,4,"6, SOMMER RAYMOND (BOULE",43.0991,0.70824
201300022675,22,8,2013,19,1,31,483,2,2,1,3,"71, F. MITTERAND/MERMOZ",43.11015,0.7336
201300022676,25,8,2013,15,1,31,483,2,3,1,2,RTE LANDORTHE/RUE NAOUZE,43.11666,0.74928
201300022677,7,9,2013,18,1,31,483,1,1,2,7,RTE DE LA SERRE DE CAZAU,43.15137,0.74972
201300022678,5,9,2013,13,1,31,483,2,1,1,7,CHANTEURS DU COMMINGES (,43.10959,0.70862
201300022679,7,9,2013,15,1,31,483,2,1,2,7,MONTAGUT HENRI (AVENUE),43.1074,0.72648
201300022680,17,10,2013,8,1,31,344,1,1,2,6,ASPET (ROUTE),43.09137,0.75263
201300022681,30,10,2013,11,1,31,565,1,3,1,1,angle ave de luchon,43.09461,0.69143
201300022682,2,11,2013,3,3,31,483,1,1,3,7,CAZAUX (RTE DE LA SERRE),43.14323,0.73727
201300022683,5,11,2013,19,5,31,483,2,1,2,6,"1, PHOEBUS GASTON (AVENU",43.60227,0.34228
201300022684,12,11,2013,16,1,31,483,2,1,2,3,"40, ISLE (AVENUE DE L')",43.11212,0.72578
201300022685,21,11,2013,7,2,31,483,2,1,4,6,"13, GALLIENI (AVENUE)",43.10762,0.71558
201300022686,3,12,2013,9,1,31,483,2,1,1,6,"1, ARRIEU ANSELME (AVE)",43.10885,0.72181
201300022687,3,12,2013,18,5,31,483,2,3,1,3,JOFFRE (AVENUE DU MAR,43.10787,0.71634
201300022688,25,10,2013,22,3,31,483,1,1,1,7,"431, VIEILLE SERRE (RUE",43.12107,0.73236
201300022689,9,1,2013,22,5,69,285,2,1,1,6,Avenue de satolas green,0.0,0.0
201300022690,1,7,2013,8,1,69,285,2,1,1,6,9 Petite route,0.0,0.0
201300022691,29,3,2013,20,5,69,285,2,1,2,3,15 BIS RUE DE LA GARE,0.0,0.0
201300022692,10,5,2013,23,5,69,277,1,6,1,7,,0.0,0.0
201300022693,2,1,2013,4,5,31,555,2,1,3,6,"5, AV DE LYON",0.0,0.0
201300022694,2,1,2013,18,5,31,555,2,1,1,3,"28, AV M BOURGES MAUNOUR",0.0,0.0
201300022695,3,1,2013,18,5,31,555,2,1,1,3,"999, RUE THEODORE OZENNE",0.0,0.0
201300022696,4,1,2013,11,1,31,555,2,1,1,1,ALL JEAN GRIFFON,0.0,0.0
201300022697,5,1,2013,12,1,31,555,2,1,1,3,"999, AV DU GENERAL EISEN",0.0,0.0
201300022698,6,1,2013,20,1,31,555,1,1,1,7,VA007331 A620,0.0,0.0
201300022699,7,1,2013,20,5,31,555,2,1,1,6,ALL HENRI SELLIER,0.0,0.0
201300022700,8,1,2013,17,1,31,555,2,1,1,2,"999, AV FREDERIC ESTEBE",0.0,0.0
201300022701,3,1,2013,17,1,31,555,2,6,1,3,RPT DU DR MAURICE CAHUZA,0.0,0.0
201300022702,9,1,2013,13,1,31,555,2,1,1,1,"999, RTE DE SEYSSES",0.0,0.0
201300022703,8,1,2013,8,1,31,557,2,1,2,4,TARBES (ROUTE DE),43.57835,1.32876
201300022704,10,1,2013,22,5,31,555,2,1,3,7,VA007553 A61,0.0,0.0
201300022705,10,1,2013,23,5,31,555,2,1,2,6,"111, RUE DES TROENES",0.0,0.0
201300022706,12,1,2013,2,5,31,555,2,1,2,1,"999, RUE DU FAUBOURG BON",0.0,0.0
201300022707,13,1,2013,6,1,31,555,2,1,1,7,"999, BD DES CRETES",0.0,0.0
201300022708,11,1,2013,18,5,31,555,1,1,1,4,VA008482 A624,0.0,0.0
201300022709,15,1,2013,9,1,31,555,2,1,2,6,"999, RUE GEORGES VIVENT",0.0,0.0
201300022710,15,1,2013,8,1,31,555,2,1,3,6,"999, PAS DE JERUSALEM",0.0,0.0
201300022711,16,1,2013,23,5,31,555,2,1,3,7,"999, BD HENRI GAUSSEN",0.0,0.0
201300022712,16,1,2013,18,5,31,555,2,1,2,6,"22, RUE LOUIS PLANA",0.0,0.0
201300022713,19,1,2013,11,1,31,555,2,1,1,1,"139, AV DES MINIMES",0.0,0.0
201300022714,19,1,2013,14,1,31,555,2,1,1,4,"999, RUE HENRI DESBALS",0.0,0.0
201300022715,30,1,2013,17,1,31,555,2,1,2,6,"63, ALL JEAN JAURES",0.0,0.0
201300022716,20,1,2013,0,5,31,555,2,1,3,6,"999, BD LASCROSSES",0.0,0.0
201300022717,20,1,2013,15,1,31,555,2,4,1,6,"., RUE STALINGRAD",0.0,0.0
201300022718,21,1,2013,18,5,31,555,2,1,1,1,"86, RTE DE NARBONNE",0.0,0.0
201300022719,22,1,2013,5,5,31,555,2,1,1,3,"999, RTE D AGDE",0.0,0.0
201300022720,22,1,2013,8,1,31,555,2,1,2,7,"203, AV DE MURET",0.0,0.0
201300022721,23,1,2013,18,4,31,555,2,1,1,1,"999, PONT GARIGLIANO",0.0,0.0
201300022722,24,1,2013,8,2,31,555,2,3,3,3,"999, RUE DE METZ",0.0,0.0
201300022723,23,1,2013,19,5,31,555,2,1,1,6,"124, QU DE TOUNIS",0.0,0.0
201300022724,22,1,2013,20,5,31,555,2,1,1,1,"54, RTE DE NARBONNE",0.0,0.0
201300022725,25,1,2013,17,2,31,555,2,1,1,3,"999, CHE DU CHAPITRE",0.0,0.0
201300022726,27,1,2013,15,1,31,555,2,1,1,7,RD901,0.0,0.0
201300022727,28,1,2013,11,1,31,555,2,1,1,1,"15, RUE SAINTE LUCIE",0.0,0.0
201300022728,25,1,2013,17,4,31,555,2,1,1,2,"201, CHE DE FENOUILLET",0.0,0.0
201300022729,30,1,2013,11,1,31,555,2,1,1,2,"50, BD LAZARE CARNOT",0.0,0.0
201300022730,31,1,2013,19,4,31,555,2,3,1,6,"387, RTE DE SEYSSES",0.0,0.0
201300022731,31,1,2013,23,4,31,555,2,1,1,3,"999, BD LAZARE CARNOT",0.0,0.0
201300022732,2,2,2013,19,5,31,555,2,1,2,6,"169, AV DE CASTRES",0.0,0.0
201300022733,2,2,2013,13,1,31,555,1,1,2,2,VA007566 MONTAUDRAN A61,0.0,0.0
201300022734,3,2,2013,4,5,31,555,2,2,1,3,BD DE BONREPOS,0.0,0.0
201300022735,31,1,2013,17,1,31,557,2,1,1,4,TARBES (ROUTE DE),43.57518,1.32057
201300022736,1,2,2013,16,1,31,69,2,1,1,2,FIL D'ARIANE (RD902),0.0,0.0
201300022737,8,2,2013,0,5,31,555,2,1,1,6,"37, BD MATABIAU",0.0,0.0
201300022738,11,2,2013,12,1,31,555,2,1,1,6,"999, BD DE STRASBOURG",0.0,0.0
201300022739,11,2,2013,15,1,31,69,2,1,1,6,VELASQUEZ (RUE),43.61846,1.38887
201300022740,10,2,2013,9,1,31,149,2,1,1,3,MARCEL DASSAULT (BD),43.60986,1.35057
201300022741,11,2,2013,10,1,31,557,2,1,1,6,"74, PEYRETTE (CH DE LA)",43.58169,1.30339
201300022742,13,2,2013,20,5,31,555,2,1,1,1,"999, CHE DE LAFILAIRE",0.0,0.0
201300022743,13,2,2013,16,1,31,555,2,1,1,2,"4, RUE CLAUDE GONIN",0.0,0.0
201300022744,12,2,2013,20,5,31,555,2,1,2,3,"14, RUE DU PONT GUILHEME",0.0,0.0
201300022745,14,2,2013,17,1,31,555,2,1,1,6,"17, AV JEAN RIEUX",0.0,0.0
201300022746,17,2,2013,21,5,31,149,2,1,1,1,MARCEL DASSAULT (BD),43.61232,1.34355
201300022747,16,2,2013,21,5,31,555,2,6,1,3,"999, BD GABRIEL KOENIGS",0.0,0.0
201300022748,15,2,2013,7,2,31,69,2,1,1,2,SORTIE LE RITOURET,0.0,0.0
201300022749,19,2,2013,10,1,31,555,2,1,1,6,"15, RUE DU PROFESSEUR MA",0.0,0.0
201300022750,19,2,2013,9,1,31,555,2,1,1,6,"999, AV DE RANGUEIL",0.0,0.0
201300022751,19,2,2013,9,1,31,555,2,1,1,6,"36, RTE DE LAUNAGUET",0.0,0.0
201300022752,19,2,2013,4,5,31,555,2,1,1,6,"999, RUE DE PERIOLE",0.0,0.0
201300022753,20,2,2013,11,1,31,555,2,1,1,6,"178, AV DES MINIMES",0.0,0.0
201300022754,20,2,2013,16,1,31,555,2,1,1,7,"999, AV DE LOMBEZ",0.0,0.0
201300022755,20,2,2013,8,1,31,557,2,1,1,1,"36, COCTEAU (RUE JEAN)",43.59226,1.32075
201300022756,15,2,2013,15,1,31,555,2,1,1,6,"999, PONT GARIGLIANO",0.0,0.0
201300022757,19,2,2013,19,5,31,555,1,1,1,6,VA007500 CROIXDAURADEA62,0.0,0.0
201300022758,21,2,2013,16,1,31,555,1,1,1,7,VA007306 A64,0.0,0.0
201300022759,21,2,2013,9,1,31,555,2,1,1,1,"118, RTE DE NARBONNE",0.0,0.0
201300022760,21,2,2013,17,1,31,555,2,1,1,1,"999, BD LASCROSSES",0.0,0.0
201300022761,22,2,2013,10,1,31,555,2,3,1,3,"999, RUE REYER",0.0,0.0
201300022762,22,2,2013,10,1,31,555,1,1,1,3,VA007456 SESQUIERES A620,0.0,0.0
201300022763,22,2,2013,19,5,31,555,2,1,1,6,"1BIS, ALL PAUL SABATIER",0.0,0.0
201300022764,22,2,2013,12,1,31,555,1,1,1,4,VA007553 A61,0.0,0.0
201300022765,20,2,2013,18,5,31,149,2,1,1,3,"7, SERRES (AVE EDOUARD)",43.61201,1.35217
201300022766,25,2,2013,6,5,31,555,1,1,2,6,VA007355 PURPAN A620 Sor,0.0,0.0
201300022767,22,2,2013,15,1,31,555,2,6,1,3,"999, RTE DE BAYONNE",0.0,0.0
201300022768,21,2,2013,8,1,31,69,2,1,1,6,"55, COMPANS (AV DU GENER",0.0,0.0
201300022769,4,3,2013,8,1,31,555,2,1,1,6,"31, RUE DE LA TOURAINE",0.0,0.0
201300022770,25,2,2013,19,5,31,555,2,1,1,6,"999, AV JEAN MOULIN",0.0,0.0
201300022771,6,3,2013,16,1,31,555,2,1,1,6,"999, PL ROUAIX",0.0,0.0
201300022772,6,3,2013,20,5,31,555,2,1,1,2,"999, RUE ACHILLE VIADIEU",0.0,0.0
201300022773,6,3,2013,19,5,31,555,2,1,1,1,"999, AV DE CASTRES",0.0,0.0
201300022774,6,3,2013,20,5,31,555,2,1,1,3,"999, AV DE CASTRES",0.0,0.0