Num_Acc,jour,mois,an,hr,condition_eclairage,departement,commune,condition_agglomeration,intersection,condition_atmosphere,type_collision,adresse,lattitude,longitude
201300022775,7,3,2013,14,1,31,555,2,1,1,6,"327, RTE DE SEYSSES",0.0,0.0
201300022776,8,3,2013,15,1,31,149,2,1,1,2,Maurice Grynfogel (bd),43.61729,1.33971
201300022777,8,3,2013,19,5,31,555,1,1,1,4,VA007456 SESQUIERES A620,43.6507,1.42235
201300022778,9,3,2013,2,5,31,555,2,2,1,3,"999, AV DES MINIMES",0.0,0.0
201300022779,9,3,2013,4,5,31,555,2,1,2,6,"101, RTE D AGDE",0.0,0.0
201300022780,9,3,2013,11,1,31,557,2,1,1,3,FOURNAULIS (CH DE),43.58706,1.31572
201300022781,11,3,2013,11,1,31,555,2,1,1,6,"37, AV ETIENNE BILLIERES",0.0,0.0
201300022782,4,3,2013,8,1,31,555,1,1,1,2,VA001490 A621,0.0,0.0
201300022783,11,3,2013,11,1,31,555,2,1,1,2,"371, AV DES ETATS UNIS",0.0,0.0
201300022784,13,3,2013,7,2,31,555,2,1,1,5,"372, AV DES ETATS UNIS",0.0,0.0
201300022785,13,3,2013,8,1,31,555,1,1,1,2,VA007566 MONTAUDRAN A61,0.0,0.0
201300022786,13,3,2013,16,1,31,555,2,1,4,3,"999, RUE PIERRETTE LOUIN",0.0,0.0
201300022787,14,3,2013,9,1,31,557,2,1,1,1,PETIT TRAIN (RUE DU),43.5798,1.32756
201300022788,14,3,2013,12,1,31,555,2,1,1,2,"23, ALL DES DEMOISELLES",0.0,0.0
201300022789,15,3,2013,20,5,31,555,2,1,1,2,"4, ALL FORAIN FRANCOIS V",0.0,0.0
201300022790,17,3,2013,0,5,31,555,2,2,1,3,"999, RUE MATABIAU",0.0,0.0
201300022791,16,3,2013,17,1,31,555,2,1,1,6,"226, RUE HENRI DESBALS",0.0,0.0
201300022792,13,3,2013,13,1,31,555,2,1,1,6,"999, RUE RAYMOND IV",0.0,0.0
201300022793,18,3,2013,19,5,31,555,2,1,1,6,"999, ALL CHARLES DE FITT",0.0,0.0
201300022794,18,3,2013,17,1,31,555,2,1,1,3,"111, RUE DU GENERAL BOUR",0.0,0.0
201300022795,18,3,2013,16,1,31,555,2,1,1,1,"271, AV DE GRANDE BRETAG",0.0,0.0
201300022796,20,3,2013,8,1,31,555,2,1,1,1,"81, RUE DE LA COLOMBETTE",0.0,0.0
201300022797,20,3,2013,7,1,31,555,2,1,1,6,"999, RUE DU PONT GUILHEM",0.0,0.0
201300022798,18,3,2013,8,1,31,555,2,1,2,6,"999, PL AGAPITO NADAL",0.0,0.0
201300022799,21,3,2013,7,1,31,555,1,1,7,2,VA008482 A624,0.0,0.0
201300022800,19,3,2013,17,1,31,149,2,1,1,3,"11, SERRES (AVE) EDOUARD",43.61299,1.35253
201300022801,20,3,2013,20,5,31,555,1,1,1,2,VA007539 LA ROSERAIE,0.0,0.0
201300022802,21,3,2013,9,1,31,555,2,1,1,6,"999, AV DE FRONTON",0.0,0.0
201300022803,22,3,2013,0,5,31,555,2,1,1,3,AV PAUL SEJOURNE,0.0,0.0
201300022804,22,3,2013,17,1,31,555,1,1,1,2,VA007333 LA FAOURETTE,0.0,0.0
201300022805,23,3,2013,6,2,31,555,1,3,1,3,"355, AV DES ETATS UNIS",0.0,0.0
201300022806,23,3,2013,22,5,31,555,2,1,1,4,"51, BD DE STRASBOURG",0.0,0.0
201300022807,25,3,2013,16,1,31,555,2,1,1,3,"999, BD DES RECOLLETS",0.0,0.0
201300022808,26,3,2013,17,1,31,555,2,1,1,3,"11, GRANDE RUE SAINT MIC",0.0,0.0
201300022809,27,3,2013,10,1,31,555,2,1,1,1,"131, AV DES MINIMES",0.0,0.0
201300022810,27,3,2013,16,1,31,555,2,1,1,6,"46, AV DE LA GLOIRE",0.0,0.0
201300022811,27,3,2013,17,1,31,555,2,1,1,6,"79, AV JULES JULIEN",0.0,0.0
201300022812,28,3,2013,7,1,31,149,2,1,2,3,"17, MONNET (AVENUE JEAN)",43.61918,1.34283
201300022813,28,3,2013,17,1,31,555,2,1,1,6,"81, RUE DE PERIOLE",0.0,0.0
201300022814,29,3,2013,19,1,31,555,2,1,1,6,"2, AV DES MINIMES",0.0,0.0
201300022815,29,3,2013,12,1,31,555,2,1,1,3,"999, BD LASCROSSES",0.0,0.0
201300022816,1,4,2013,14,1,31,555,2,3,1,3,"999, AV DE L URSS",0.0,0.0
201300022817,2,4,2013,6,4,31,555,2,1,2,6,RD901,43.6215,1.39305
201300022818,2,4,2013,10,1,31,555,1,1,2,5,AV DU GENERAL EISENHOWER,0.0,0.0
201300022819,2,4,2013,15,1,31,555,2,1,1,6,"999, AV DE REYNERIE",0.0,0.0
201300022820,29,3,2013,11,1,31,149,2,1,1,6,Maurice Grynfogel (bd),43.6159,1.34003
201300022821,3,4,2013,12,1,31,555,2,1,1,3,"10, CHE DU RAISIN",0.0,0.0
201300022822,3,4,2013,23,1,31,555,2,1,1,7,"284, AV DE LARDENNE",0.0,0.0
201300022823,3,4,2013,13,1,31,555,1,1,1,4,VA008482 A624,0.0,0.0
201300022824,3,4,2013,7,1,31,557,2,1,1,3,DOUMERGUE (RUE GAST,43.58396,1.34261
201300022825,4,4,2013,9,1,31,555,2,1,1,3,"48, GRANDE RUE SAINT MIC",0.0,0.0
201300022826,7,4,2013,2,5,31,149,2,1,1,1,"27, SALVETAT (CHEMIN DE",43.60384,1.30625
201300022827,5,4,2013,20,1,31,149,2,1,1,6,PIBRAC (ROUTE DE),43.6145,1.30084
201300022828,6,4,2013,9,1,31,555,2,1,1,6,"278, AV ANTOINE DE ST EX",0.0,0.0
201300022829,6,4,2013,16,1,31,555,2,1,1,3,"71, RUE ERNEST RENAN",0.0,0.0
201300022830,8,4,2013,10,1,31,555,2,1,1,6,"75, BD DES RECOLLETS",0.0,0.0
201300022831,8,4,2013,11,1,31,555,1,1,2,5,VA007440 LES MINIMESA620,0.0,0.0
201300022832,8,4,2013,12,1,31,555,1,1,1,2,"999, RTE DE REVEL",0.0,0.0
201300022833,9,4,2013,8,1,31,555,1,1,2,2,VA007495 A62,0.0,0.0
201300022834,9,4,2013,14,2,31,555,2,1,1,6,"999, AV DE L URSS",0.0,0.0
201300022835,9,4,2013,18,1,31,555,1,1,1,5,VA007306 A64,0.0,0.0
201300022836,8,4,2013,11,1,31,557,2,1,1,1,PEYRETTE (CH DE LA),43.58669,1.31887
201300022837,9,4,2013,18,1,31,555,1,1,1,3,VA007500 CROIX DAURADE A,0.0,0.0
201300022838,10,4,2013,18,1,31,555,2,1,1,3,"69, RUE BOYSSONNE",0.0,0.0
201300022839,11,4,2013,7,1,31,555,2,1,1,6,"999, AV DE GRANDE BRETAG",0.0,0.0
201300022840,18,4,2013,11,1,31,555,1,1,1,3,D980,0.0,0.0
201300022841,12,4,2013,19,1,31,555,2,1,1,1,"999, CHE COTES DE PECH D",0.0,0.0
201300022842,12,4,2013,14,1,31,555,1,1,1,4,"999, BD D ARCOLE",0.0,0.0
201300022843,13,4,2013,13,1,31,555,2,3,1,3,"999, AV HENRI GUILLAUMET",0.0,0.0
201300022844,15,4,2013,6,1,31,149,2,1,1,1,ROND POINT JUPITER,43.6048,1.30748
201300022845,18,4,2013,9,1,31,555,2,1,1,1,AV DE LATTRE DE TASSIGNY,43.57734,1.43638
201300022846,18,4,2013,18,1,31,555,2,1,1,6,"81, AV DES MINIMES",0.0,0.0
201300022847,18,4,2013,22,1,31,555,1,1,1,7,VA007379 BAYLAC  A624 So,0.0,0.0
201300022848,21,4,2013,11,1,31,555,2,1,1,6,VA007456 SESQUIERES A620,0.0,0.0
201300022849,19,4,2013,20,1,31,149,2,1,1,4,RN124,0.0,0.0
201300022850,21,4,2013,7,1,31,555,2,1,1,4,"47, BD DE STRASBOURG",0.0,0.0
201300022851,21,4,2013,11,1,31,555,2,1,1,6,"224B, AV DE LARDENNE",0.0,0.0
201300022852,25,4,2013,15,1,31,555,2,2,1,3,"79, BD DE STRASBOURG",0.0,0.0
201300022853,27,4,2013,21,5,31,555,1,1,1,6,VA007306 A64,0.0,0.0
201300022854,26,4,2013,13,1,31,555,2,3,1,3,"999, RUE MIRABEAU",0.0,0.0
201300022855,29,4,2013,17,1,31,555,2,1,1,7,"255, AV DE LARDENNE",0.0,0.0
201300022856,29,4,2013,21,5,31,555,1,1,1,7,VA007418 PONTJUMEAUXA620,0.0,0.0
201300022857,30,4,2013,9,1,31,555,2,1,2,6,"14, RUE JULES AMILHAU",0.0,0.0
201300022858,1,5,2013,1,5,31,561,1,1,1,7,VA007518 A68,0.0,0.0
201300022859,25,4,2013,9,1,31,555,2,1,1,3,"1, RUE D AURIOL",0.0,0.0
201300022860,30,4,2013,10,1,31,149,2,1,1,2,SALVETAT (CHEMIN DE),43.6065,1.31588
201300022861,3,5,2013,8,1,31,555,2,1,1,6,"92, RUE DU FAUBOURG BONN",0.0,0.0
201300022862,4,5,2013,17,1,31,555,2,1,1,6,"66, RUE DE METZ",0.0,0.0
201300022863,5,5,2013,4,5,31,555,2,2,1,1,"999, RUE DE METZ",0.0,0.0
201300022864,5,5,2013,12,1,31,555,2,1,1,1,"69, AV DE MURET",0.0,0.0
201300022865,7,5,2013,17,1,31,555,1,1,1,3,ECHANGEUR ST MARTIN(A624,0.0,0.0
201300022866,8,5,2013,11,1,31,557,2,2,1,3,GASCOGNE (AV DE),43.58707,1.34504
201300022867,10,5,2013,11,1,31,555,2,1,1,6,"999, BD DE BONREPOS",0.0,0.0
201300022868,10,5,2013,16,1,31,555,2,1,1,6,"999, RTE DE BAYONNE",0.0,0.0
201300022869,10,5,2013,19,1,31,555,2,1,1,1,"999, AV DE LOMBEZ",0.0,0.0
201300022870,11,5,2013,15,1,31,555,2,1,1,3,"16, BD DE STRASBOURG",0.0,0.0
201300022871,12,5,2013,17,1,31,555,2,1,1,1,"69, BD LAZARE CARNOT",0.0,0.0
201300022872,12,5,2013,23,1,31,555,1,1,1,3,VA007500 CROIXDAURADEA62,0.0,0.0
201300022873,7,5,2013,8,1,31,557,2,1,2,3,"65, PAHIN (CH DE)",43.59395,1.3249
201300022874,13,5,2013,9,1,31,555,2,6,1,3,"999, RPT M-MADELEINE FOU",0.0,0.0
201300022875,13,5,2013,13,1,31,149,2,1,1,3,ingres (auguste),43.59746,1.35078
201300022876,13,5,2013,17,1,31,555,1,1,1,3,VA007355 PURPAN A620 Sor,0.0,0.0
201300022877,13,5,2013,20,1,31,555,2,1,1,2,"11, AV DES MAZADES",0.0,0.0
201300022878,14,5,2013,9,1,31,555,2,1,1,3,"3, RUE PAUL DECAMPS",0.0,0.0
201300022879,15,5,2013,10,1,31,555,1,1,2,6,VA007604 DEMOISELLESA620,0.0,0.0
201300022880,16,5,2013,5,5,31,555,2,1,2,6,"129, AV DE LESPINET",0.0,0.0
201300022881,16,5,2013,18,1,31,555,2,1,1,6,"999, PL SAINT SERNIN",0.0,0.0
201300022882,17,5,2013,18,1,31,555,2,1,1,7,"999, AV PAUL SEJOURNE",0.0,0.0
201300022883,18,5,2013,14,1,31,555,2,1,1,4,"999, BD DE BONREPOS",0.0,0.0
201300022884,16,5,2013,10,1,31,555,2,1,2,2,"19, RUE ARAGO",0.0,0.0
201300022885,21,5,2013,15,1,31,555,2,1,1,3,"18, BD PIERRE ET MARIE C",0.0,0.0
201300022886,17,5,2013,9,1,31,149,1,1,1,2,RN124,0.0,0.0
201300022887,23,5,2013,12,1,31,555,2,1,1,2,"3, RUE DE L AUBISQUE",0.0,0.0
201300022888,24,5,2013,15,1,31,149,2,1,1,3,"999, PIBRAC (BOULEVARD D",0.0,0.0
201300022889,24,5,2013,16,1,31,149,1,1,1,4,ECHANGEUR ST MICHEL,0.0,0.0
201300022890,26,5,2013,11,1,31,557,2,1,1,2,"3bis, AURIOL (BD VINCENT",43.58473,1.34439
201300022891,27,5,2013,8,1,31,149,2,1,1,3,COLLONGUES (RUE ETIENNE),43.59935,1.33001
201300022892,22,5,2013,18,1,31,557,2,1,1,2,MONTEL (BD EUGENE),43.58755,1.33884
201300022893,28,5,2013,21,2,31,555,2,1,1,6,"53, RTE DE NARBONNE",0.0,0.0
201300022894,27,5,2013,9,1,31,555,2,1,1,2,"999, AV DE REYNERIE",0.0,0.0
201300022895,30,5,2013,8,1,31,555,2,1,1,2,"100, AV DES MINIMES",0.0,0.0
201300022896,30,5,2013,16,1,31,555,2,1,2,6,"88, ALL JEAN JAURES",0.0,0.0
201300022897,30,5,2013,21,1,31,555,2,1,2,3,"999, QU DE TOUNIS",0.0,0.0
201300022898,29,5,2013,8,1,31,149,2,1,1,2,"19, ADER (AVENUE CLEMENT",43.61966,1.34787
201300022899,1,6,2013,0,5,31,555,2,1,1,1,"4, BD GABRIEL KOENIGS",0.0,0.0
201300022900,3,6,2013,22,1,31,555,2,1,1,3,"999, QU DE TOUNIS",0.0,0.0
201300022901,3,6,2013,13,1,31,555,2,1,1,5,"227, RTE D ALBI",0.0,0.0
201300022902,2,6,2013,19,1,31,555,2,1,1,3,"65, RTE D ALBI",0.0,0.0
201300022903,4,6,2013,19,1,31,555,2,1,1,6,"17, RUE PAULIN TALABOT",0.0,0.0
201300022904,4,6,2013,18,1,31,555,1,1,1,4,VA008493 LA CRABE A624 S,0.0,0.0
201300022905,3,6,2013,9,1,31,555,2,1,1,6,"999, AV DU GENERAL EISEN",0.0,0.0
201300022906,3,6,2013,17,1,31,555,2,1,1,1,"999, CHE DE LESTANG",0.0,0.0
201300022907,5,6,2013,11,1,31,555,2,1,1,3,"999, CHE DE LAPUJADE",0.0,0.0
201300022908,5,6,2013,13,1,31,557,2,1,1,6,"5, AURIOL (BD VINCENT)",43.58492,1.34481
201300022909,5,6,2013,16,1,31,555,2,1,1,6,"999, RUE D ALSACE LORRAI",0.0,0.0
201300022910,5,6,2013,19,1,31,69,2,1,1,2,RONSARD (RUE PIERRE,43.64308,1.3787
201300022911,6,6,2013,17,1,31,555,2,3,1,5,"999, AV SALVADOR ALLENDE",0.0,0.0
201300022912,6,6,2013,18,1,31,555,2,1,1,6,"109, AV DE FRONTON",0.0,0.0
201300022913,7,6,2013,1,5,31,555,2,1,2,2,VA007566 MONTAUDRAN A61,0.0,0.0
201300022914,7,6,2013,12,1,31,555,2,1,1,6,"66, AV DE LOMBEZ",0.0,0.0
201300022915,8,6,2013,19,1,31,555,1,1,1,2,VA007554 LASBORDES A61 S,0.0,0.0
201300022916,9,6,2013,7,1,31,555,2,1,2,2,"999, AV JEAN ZAY",0.0,0.0
201300022917,7,6,2013,14,1,31,555,2,1,1,4,"56, BD DE STRASBOURG",0.0,0.0
201300022918,10,6,2013,22,5,31,555,2,1,1,6,"53, RTE DE NARBONNE",0.0,0.0
201300022919,7,6,2013,17,1,31,149,2,1,1,6,PIC DE NORE (ALLEE),43.6099,1.34548
201300022920,6,6,2013,12,1,31,555,2,3,1,1,"33, RUE DU LOT",0.0,0.0
201300022921,11,6,2013,8,1,31,555,2,1,1,6,"999, RUE VALADE",0.0,0.0
201300022922,11,6,2013,21,2,31,555,2,1,1,3,"999, BD PIERRE PAUL RIQU",0.0,0.0
201300022923,11,6,2013,14,1,31,555,2,1,1,2,"165, RTE D ALBI",0.0,0.0
201300022924,11,6,2013,18,1,31,555,2,1,1,3,"62, CHE DE LA GLACIERE",0.0,0.0
201300022925,11,6,2013,18,1,31,555,2,1,1,6,"47, AV DE RANGUEIL",0.0,0.0
201300022926,10,6,2013,8,1,31,555,1,1,1,3,VA007456 SESQUIERES A620,0.0,0.0
201300022927,7,6,2013,19,1,31,557,2,1,1,3,"9, CANAL (CH DU)",43.55965,1.35097
201300022928,12,6,2013,23,5,31,555,2,1,1,6,"76, RTE D AGDE",0.0,0.0
201300022929,7,6,2013,15,1,31,555,2,1,1,2,"11, GRANDE RUE SAINT MIC",0.0,0.0
201300022930,11,6,2013,18,1,31,555,2,1,1,1,"3, ALL DE BELLEFONTAINE",0.0,0.0
201300022931,13,6,2013,20,1,31,555,2,1,1,4,"22, RTE DE SAINT SIMON",0.0,0.0
201300022932,15,6,2013,21,3,31,555,2,1,1,3,"XX, IMP BARTHE",0.0,0.0
201300022933,7,6,2013,15,1,31,555,1,1,1,3,"999, BD MATABIAU",0.0,0.0
201300022934,14,6,2013,9,1,31,69,2,1,1,3,"2, COSTES (RUE DIEUDONNE",43.63099,1.37997
201300022935,19,6,2013,0,5,31,555,2,3,2,3,IMP DE MAUBEC,0.0,0.0
201300022936,13,6,2013,12,1,31,555,2,1,1,1,"22, GRANDE RUE SAINT MIC",0.0,0.0
201300022937,21,6,2013,13,1,31,149,2,1,1,3,CORNEBARRIEU (ROUTE D,43.62173,1.33448
201300022938,21,6,2013,23,1,31,555,2,1,1,6,"58, ALL JEAN JAURES",0.0,0.0
201300022939,23,6,2013,6,2,31,555,1,1,2,6,VA008432 LANGLADE A620 S,0.0,0.0
201300022940,23,6,2013,19,1,31,555,2,1,1,1,"90, RTE DE NARBONNE",0.0,0.0
201300022941,20,6,2013,6,1,31,69,1,1,1,5,3 LE RITOURET (FIL D'ARI,0.0,0.0
201300022942,24,6,2013,19,1,31,555,2,1,1,6,"999, CHE DES CANALETS",0.0,0.0
201300022943,24,6,2013,21,5,31,555,2,1,1,7,"999, AV DE MURET",0.0,0.0
201300022944,22,6,2013,0,5,31,149,2,1,1,6,ROND POINT DE LA LAICITE,43.60986,1.33313
201300022945,25,6,2013,7,1,31,555,1,1,1,5,VA007553 A61,0.0,0.0
201300022946,27,6,2013,9,1,31,555,2,1,1,6,"10, BD D ARCOLE",0.0,0.0
201300022947,27,6,2013,23,5,31,555,2,3,1,3,"65, ALL DES DEMOISELLES",0.0,0.0
201300022948,28,6,2013,0,5,31,555,2,1,1,7,"999, RUE DU POLE",0.0,0.0
201300022949,27,6,2013,13,1,31,555,1,1,1,2,VA007331 A620,43.58683,1.40187
201300022950,28,6,2013,17,1,31,555,2,1,1,3,"999, RTE DE REVEL",0.0,0.0
201300022951,29,6,2013,23,1,31,555,2,1,1,1,"999, RUE ROQUEMAUREL",0.0,0.0
201300022952,30,6,2013,5,5,31,555,2,1,1,1,"999, BD MATABIAU",0.0,0.0
201300022953,30,6,2013,12,1,31,149,2,1,1,7,"27, HUGO (BOULEVARD VICT",43.61208,1.30877
201300022954,30,6,2013,13,1,31,555,2,1,1,6,"23, RUE DE TOULON",0.0,0.0
201300022955,2,7,2013,9,1,31,555,2,1,1,7,"17, RUE DU FAUBOURG BONN",0.0,0.0
201300022956,2,7,2013,9,1,31,149,2,1,1,2,RN124,0.0,0.0
201300022957,26,6,2013,14,1,31,555,2,1,1,2,"999, BD DEODAT DE SEVERA",0.0,0.0
201300022958,2,7,2013,12,1,31,555,2,1,1,6,"0, AV DE GRANDE BRETAGNE",0.0,0.0
201300022959,2,7,2013,15,1,31,555,2,1,1,6,"20, RUE DU CAILLOU GRIS",0.0,0.0
201300022960,30,6,2013,16,1,31,149,2,1,1,2,SORTIE 4 - 5,0.0,0.0
201300022961,2,7,2013,16,1,31,555,2,1,1,6,"64, AV YVES BRUNAUD",0.0,0.0
201300022962,4,7,2013,5,2,31,555,2,1,2,1,"2, RUE DU POLE",0.0,0.0
201300022963,4,7,2013,6,2,31,555,1,1,1,1,"83, AV JEAN RIEUX",0.0,0.0
201300022964,2,7,2013,5,5,31,555,2,1,1,7,"999, CHE DE LA CRABE",0.0,0.0
201300022965,6,7,2013,0,5,31,149,2,1,1,6,CORNEBARRIEU (ROUTE),43.62771,1.33138
201300022966,7,7,2013,1,5,31,555,2,1,1,6,"999, BD GRIFFOUL DORVAL",0.0,0.0
201300022967,7,7,2013,15,1,31,555,2,1,1,2,AV DU MIRAIL,0.0,0.0
201300022968,5,7,2013,19,1,31,555,1,1,1,6,VA007342 LA CEPIERE  A62,0.0,0.0
201300022969,9,7,2013,7,1,31,69,2,3,1,2,RTE GRENADE/RUE ST MICHE,43.62295,1.39533
201300022970,9,7,2013,7,1,31,555,2,1,1,6,"71, RTE D ALBI",0.0,0.0
201300022971,3,7,2013,18,1,31,555,2,1,1,6,"39/41, RTE DE BAYONNE",0.0,0.0
201300022972,10,7,2013,8,1,31,555,2,1,1,6,AV EMMANUEL MAIGNAN,0.0,0.0
201300022973,10,7,2013,21,2,31,69,2,1,2,1,"33, LOTI (RUE PIERRE)",43.62803,1.39229
201300022974,10,7,2013,19,1,31,555,2,1,2,3,"999, AV DE LAVAUR",0.0,0.0
201300022975,9,7,2013,18,1,31,555,1,1,1,2,VA007342 LA CEPIERE A620,0.0,0.0
201300022976,12,7,2013,17,1,31,555,2,1,1,3,"45, RUE DE BAYARD",0.0,0.0
201300022977,16,7,2013,0,5,31,555,2,1,1,2,"28, AV DE LYON",0.0,0.0
201300022978,13,7,2013,12,1,31,555,2,1,1,3,"999, RTE DE SEYSSES",0.0,0.0
201300022979,17,7,2013,9,1,31,557,2,1,1,6,PANOUSE (RUE BERTRAND),43.58201,1.34331
201300022980,18,7,2013,20,1,31,555,1,1,1,3,VA001490 A621,0.0,0.0
201300022981,19,7,2013,17,1,31,555,2,1,1,5,"999, AV DES ETATS UNIS",0.0,0.0
201300022982,21,7,2013,0,4,31,555,2,1,1,6,"999, ALL DE BARCELONE",0.0,0.0
201300022983,22,7,2013,15,1,31,555,1,1,1,7,VA007553 A61,0.0,0.0
201300022984,22,7,2013,20,1,31,555,2,3,1,3,AV DE LATTRE DE TASSIGNY,0.0,0.0
201300022985,23,7,2013,12,1,31,555,2,1,1,7,AV DE LYON,0.0,0.0
201300022986,23,7,2013,14,1,31,69,2,3,1,5,PARC (AV DU)/IMP VENDEE,43.63225,1.3886
201300022987,24,7,2013,16,1,31,555,2,1,1,7,"26, RUE DE LA SARTHE",0.0,0.0
201300022988,26,7,2013,7,1,31,555,2,1,1,1,"999, CHE DE FENOUILLET",0.0,0.0
201300022989,28,7,2013,1,5,31,555,2,1,1,3,"380, AV DE FRONTON",0.0,0.0
201300022990,27,7,2013,23,5,31,555,2,1,1,3,"999, RUE MATABIAU",0.0,0.0
201300022991,30,7,2013,19,1,31,555,2,1,1,2,"52, BD DE STRASBOURG",0.0,0.0
201300022992,1,8,2013,6,2,31,555,2,1,1,7,"999, BD LAZARE CARNOT",0.0,0.0
201300022993,31,7,2013,12,1,31,555,2,1,1,3,"999, PL INTERIEURE ST CY",0.0,0.0
201300022994,31,7,2013,19,1,31,149,2,6,1,3,COLLONGUES (RUE ETIENNE),43.59486,1.32575
201300022995,3,8,2013,16,1,31,555,1,3,1,1,"999, BD DE STRASBOURG",0.0,0.0
201300022996,2,8,2013,20,1,31,69,2,4,1,3,MONTPLAISIR (RUE),43.6225,1.39461
201300022997,5,8,2013,11,1,31,555,2,1,1,1,"999, CHE DE FENOUILLET",0.0,0.0
201300022998,5,8,2013,19,1,31,555,2,1,1,2,"999, BD DE LA GARE",0.0,0.0
201300022999,6,8,2013,12,1,31,555,2,1,1,2,"308, AV DES ETATS UNIS",0.0,0.0
201300023000,6,8,2013,15,1,31,555,2,1,1,2,"123, RTE DE REVEL",0.0,0.0
201300023001,6,8,2013,16,1,31,555,2,2,1,3,"999, AV DU PRESIDENT DOU",0.0,0.0
201300023002,6,8,2013,9,1,31,555,2,1,1,1,"999, AV DE LARDENNE",0.0,0.0
201300023003,7,8,2013,15,1,31,555,2,1,1,2,"999, RUE ADOLPHE COLL",0.0,0.0
201300023004,6,8,2013,1,1,31,557,2,1,2,7,TARBES (ROUTE DE),43.57388,1.3174
201300023005,8,8,2013,18,1,31,555,2,3,1,1,"84, RUE ARISTIDE MAILLOL",0.0,0.0
201300023006,7,8,2013,8,1,31,555,1,1,1,3,VA001490 A621,0.0,0.0
201300023007,10,8,2013,3,5,31,555,1,1,1,6,VA001490 A621,0.0,0.0
201300023008,10,8,2013,16,1,31,555,2,1,2,3,"999, AV DE GRANDE BRETAG",0.0,0.0
201300023009,14,8,2013,18,1,31,555,2,1,1,6,"999, PL DU RAVELIN",0.0,0.0
201300023010,15,8,2013,15,1,31,555,2,1,1,1,"211, CHE DES ETROITS",0.0,0.0
201300023011,15,8,2013,17,1,31,555,2,1,1,1,"999, AV JEAN CHAUBET",0.0,0.0
201300023012,20,8,2013,17,1,31,557,2,1,1,1,"6, TOUCH (CH DU)",43.59059,1.36605
201300023013,22,8,2013,15,1,31,555,2,1,1,6,"10, CHE DE POUVOURVILLE",0.0,0.0
201300023014,22,8,2013,13,1,31,555,2,1,1,6,"999, RTE D ESPAGNE",0.0,0.0
201300023015,22,8,2013,21,1,31,555,2,1,1,1,RUE DE PERIOLE,0.0,0.0
201300023016,22,8,2013,14,1,31,555,2,1,1,6,"136, RUE LOUIS PLANA",0.0,0.0
201300023017,23,8,2013,8,2,31,555,1,1,1,4,VA007554 LASBORDES A61 S,0.0,0.0
201300023018,23,8,2013,14,1,31,555,2,1,1,2,"50, BD DES MINIMES",0.0,0.0
201300023019,23,8,2013,16,1,31,555,2,1,1,3,"999, AV PIERRE G LATECOE",0.0,0.0
201300023020,28,8,2013,17,1,31,555,1,1,1,2,VA007355 PURPAN A620 Sor,0.0,0.0
201300023021,28,8,2013,22,5,31,69,2,1,1,4,FIL D'ARIANE (RD902),0.0,0.0
201300023022,30,8,2013,16,1,31,555,2,1,1,6,"54, RTE DE BLAGNAC",0.0,0.0
201300023023,1,9,2013,2,1,31,555,2,1,1,2,"18, BD GRIFFOUL DORVAL",0.0,0.0
201300023024,1,9,2013,15,1,31,555,2,1,1,3,"18, AV DES MINIMES",0.0,0.0
201300023025,2,9,2013,11,1,31,555,2,3,1,2,"13, RUE DE METZ",0.0,0.0
201300023026,2,9,2013,21,5,31,555,2,2,1,3,RUE SAINTE MARIE,0.0,0.0
201300023027,4,9,2013,7,2,31,555,2,2,1,3,"999, RUE D ALSACE LORRAI",0.0,0.0
201300023028,3,9,2013,10,1,31,555,2,1,1,1,"2, AV JULES JULIEN",0.0,0.0
201300023029,4,9,2013,19,1,31,555,2,1,1,4,RUE ERNEST RENAN,0.0,0.0
201300023030,6,9,2013,5,5,31,555,2,3,1,6,"44, AV DE CASSELARDIT",0.0,0.0
201300023031,6,9,2013,16,1,31,555,2,1,1,2,"19, RTE DE LAUNAGUET",0.0,0.0
201300023032,6,9,2013,17,1,31,555,2,3,9,6,RUE JEAN JACQUES BERNET,0.0,0.0
201300023033,7,9,2013,19,1,31,555,2,1,1,3,"999, AV JEAN ZAY",0.0,0.0
201300023034,4,9,2013,8,1,31,555,2,1,1,3,"38, RUE JULES AMILHAU",0.0,0.0
201300023035,10,9,2013,11,1,31,555,2,1,8,3,"12, AV ANTOINE DE ST EXU",0.0,0.0
201300023036,10,9,2013,16,1,31,69,2,1,1,6,"49, CARRIERE (RUE)",43.64028,1.3923
201300023037,9,9,2013,8,1,31,557,2,1,1,6,"210, RAMELET MOUNDI (CH",43.57924,1.35932
201300023038,10,9,2013,10,5,31,555,2,1,2,6,RD901,0.0,0.0
201300023039,12,9,2013,8,1,31,555,2,1,1,3,"26, BD GRIFFOUL DORVAL",0.0,0.0
201300023040,12,9,2013,11,1,31,555,2,1,1,3,AV DE LATTRE DE TASSIGNY,0.0,0.0
201300023041,13,9,2013,7,2,31,555,1,1,1,4,VA007379 BAYLAC  A624 So,0.0,0.0
201300023042,13,9,2013,9,1,31,555,2,1,1,4,"276, AV ANTOINE DE ST EX",0.0,0.0
201300023043,13,9,2013,7,1,31,555,2,1,2,2,"118, AV FREDERIC ESTEBE",0.0,0.0
201300023044,13,9,2013,19,1,31,555,2,1,1,3,"176, RTE DE SEYSSES",0.0,0.0
201300023045,13,9,2013,21,5,31,555,2,1,1,1,"72, AV DE CASTRES",0.0,0.0