Num_Acc,jour,mois,an,hr,condition_eclairage,departement,commune,condition_agglomeration,intersection,condition_atmosphere,type_collision,adresse,lattitude,longitude
201300023046,14,9,2013,12,1,31,555,2,1,1,3,"999, RUE MATABIAU",0.0,0.0
201300023047,15,9,2013,15,1,31,555,2,1,1,6,"999, RUE EDMOND ROSTAND",0.0,0.0
201300023048,15,9,2013,19,1,31,555,1,9,1,5,VA007418 PONT JUMEAUX620,0.0,0.0
201300023049,15,9,2013,15,1,31,555,2,1,1,6,"999, CHE DE GUILHERMY",0.0,0.0
201300023050,13,9,2013,17,1,31,555,2,1,1,3,"156, CHE DU RAMELET MOUN",0.0,0.0
201300023051,17,9,2013,7,1,31,555,2,1,1,6,"70, RTE DE NARBONNE",0.0,0.0
201300023052,18,9,2013,22,5,31,149,2,6,3,3,Rond Point fontaine lumi,43.60919,1.35247
201300023053,19,9,2013,10,1,31,555,2,1,1,1,"110, RTE DE BLAGNAC",0.0,0.0
201300023054,19,9,2013,8,2,31,149,2,1,2,6,NAUROUZE (ALLEE DE),43.60926,1.34843
201300023055,18,9,2013,7,5,31,557,2,1,1,2,TARBES (ROUTE DE),43.57715,1.32593
201300023056,18,9,2013,10,1,31,149,2,1,1,2,chemin de gramont,43.61838,1.33921
201300023057,20,9,2013,17,1,31,555,2,1,1,6,"70, BD SILVIO TRENTIN",0.0,0.0
201300023058,20,9,2013,18,1,31,555,1,1,1,5,VA007331 A620,43.6546,1.42678
201300023059,23,9,2013,14,1,31,555,2,3,1,3,"999, RUE DE THIONVILLE",0.0,0.0
201300023060,25,9,2013,12,1,31,555,2,1,1,3,"21, AV DE LARDENNE",0.0,0.0
201300023061,25,9,2013,14,1,31,555,2,1,1,6,RUE DE METZ,0.0,0.0
201300023062,27,9,2013,7,1,31,555,2,2,1,1,BD DE SUISSE,0.0,0.0
201300023063,30,9,2013,7,1,31,555,2,1,1,1,"32, RUE DE METZ",0.0,0.0
201300023064,30,9,2013,10,1,31,555,2,1,1,4,"359, AV DES ETATS UNIS",0.0,0.0
201300023065,30,9,2013,11,1,31,555,2,1,1,6,"56, AV HONORE SERRES",0.0,0.0
201300023066,30,9,2013,11,1,31,555,2,8,1,1,"102, CHE DE GABARDIE",0.0,0.0
201300023067,30,9,2013,16,1,31,555,1,1,1,2,VA007495 A62,0.0,0.0
201300023068,30,9,2013,16,1,31,555,1,1,2,4,VA007553 A61,0.0,0.0
201300023069,1,10,2013,7,2,31,555,1,1,1,3,VA007333 LA FAOURETTE A6,0.0,0.0
201300023070,1,10,2013,16,1,31,555,1,1,1,4,VA007355 PURPAN A620 Sor,0.0,0.0
201300023071,3,10,2013,7,2,31,555,1,1,1,5,VA007553 A61,0.0,0.0
201300023072,3,10,2013,10,1,31,555,2,3,2,3,"999, RUE BENJAMIN CONSTA",0.0,0.0
201300023073,3,10,2013,6,5,31,555,2,1,1,6,"2, AV ETIENNE BILLIERES",0.0,0.0
201300023074,3,10,2013,13,1,31,149,2,1,2,6,ROUSSILLON (ALLEE DU),43.61064,1.33552
201300023075,4,10,2013,7,2,31,555,1,1,1,2,VA008482 A624,0.0,0.0
201300023076,5,10,2013,23,5,31,555,1,1,1,2,VA007644 EMPALOT A620 So,0.0,0.0
201300023077,6,10,2013,14,1,31,555,2,1,1,3,"3, BD D ARCOLE",0.0,0.0
201300023078,7,10,2013,7,1,31,149,1,1,1,2,ECHANGEUR ST MARTIN (A62,0.0,0.0
201300023079,4,10,2013,8,1,31,555,1,1,1,2,VA007342 LA CEPIERE  A62,0.0,0.0
201300023080,11,10,2013,15,1,31,555,2,1,1,1,"100, AV JEAN RIEUX",0.0,0.0
201300023081,14,10,2013,9,1,31,555,2,3,1,6,"999, RUE DU POLE",0.0,0.0
201300023082,14,10,2013,20,5,31,555,2,3,1,2,BD DU MARECHAL JUIN,0.0,0.0
201300023083,14,10,2013,18,1,31,555,2,1,1,6,"35, RUE DE GIRONIS",0.0,0.0
201300023084,10,10,2013,10,1,31,557,2,3,1,3,"7, MANOIR (RUE)/AVE MARQ",43.575,1.34607
201300023085,15,10,2013,10,1,31,555,2,1,1,6,"29, RUE DE METZ",0.0,0.0
201300023086,16,10,2013,6,1,31,555,2,6,2,3,R-PT DU DR MAURICE DIDE,0.0,0.0
201300023087,14,10,2013,6,2,31,149,2,1,1,2,GASCOGNE (BOULEVARD DE),43.6081,1.3262
201300023088,16,10,2013,19,3,31,555,2,1,1,2,"25, AV DE LYON",0.0,0.0
201300023089,16,10,2013,20,4,31,555,2,3,1,3,"999, BD LAZARE CARNOT",0.0,0.0
201300023090,17,10,2013,9,1,31,555,2,2,1,3,"999, RUE SALAMBO",0.0,0.0
201300023091,17,10,2013,12,1,31,555,2,1,1,6,"17, RUE DU REMPART ST ET",0.0,0.0
201300023092,17,10,2013,11,1,31,555,2,1,1,2,"999, AV JULES JULIEN",0.0,0.0
201300023093,19,10,2013,6,5,31,555,2,1,1,6,"173, AV RAYMOND NAVES",0.0,0.0
201300023094,18,10,2013,21,5,31,555,2,1,1,6,"13, RUE JACQUES ROUDIL",0.0,0.0
201300023095,18,10,2013,18,2,31,555,2,2,1,3,"999, CHE DE L EGLISE DE",0.0,0.0
201300023096,20,10,2013,11,1,31,555,2,1,1,6,"999, PL DE L ORMEAU",0.0,0.0
201300023097,20,10,2013,0,5,31,555,2,1,1,7,"2, PL DOMINIQUE MARTIN D",0.0,0.0
201300023098,18,10,2013,7,2,31,555,1,1,1,2,VA008482 A624,0.0,0.0
201300023099,21,10,2013,21,5,31,555,2,1,1,6,"14, BD DE STRASBOURG",0.0,0.0
201300023100,21,10,2013,20,5,31,555,2,1,1,6,"284, RTE DE SEYSSES",0.0,0.0
201300023101,21,10,2013,19,5,31,555,2,1,1,3,RD901,0.0,0.0
201300023102,18,10,2013,15,1,31,149,2,1,1,3,"98, COMMINGES (ALLEE DU)",43.6079,1.33009
201300023103,22,10,2013,12,1,31,69,2,1,1,6,PARKING LECLERC,43.64541,1.37033
201300023104,21,10,2013,19,2,31,555,2,1,1,6,"53, BD JEAN BRUNHES",0.0,0.0
201300023105,23,10,2013,17,1,31,555,2,1,1,1,"999, RUE EMILE LECRIVAIN",0.0,0.0
201300023106,23,10,2013,9,1,31,555,2,1,1,3,"117, RUE NICOLAS L VAUQU",0.0,0.0
201300023107,25,10,2013,3,5,31,555,2,1,1,6,"5, BD DE STRASBOURG",0.0,0.0
201300023108,26,10,2013,15,1,31,555,2,1,1,4,"999, RUE MATABIAU",0.0,0.0
201300023109,26,10,2013,16,1,31,555,2,1,1,6,"28, RUE DE L ISERE",0.0,0.0
201300023110,26,10,2013,18,2,31,555,2,4,1,1,"999, RUE DE PERIOLE",0.0,0.0
201300023111,27,10,2013,12,1,31,555,2,1,1,6,"999, ALL DU PRESIDENT RO",0.0,0.0
201300023112,28,10,2013,17,1,31,149,2,1,1,7,"42 a, DESCARTES (Rue)",43.61652,1.3059
201300023113,24,10,2013,16,1,31,69,2,1,1,3,GARROS (RUE ROLAND),43.64277,1.3673
201300023114,25,10,2013,9,1,31,555,2,1,1,3,"153, RUE DU FERETRA",0.0,0.0
201300023115,30,10,2013,0,1,31,555,2,1,1,3,"63, BD LAZARE CARNOT",0.0,0.0
201300023116,24,10,2013,16,1,31,555,2,1,1,6,"2, RUE DU FAUBOURG BONNE",0.0,0.0
201300023117,30,10,2013,16,1,31,555,2,1,1,6,"25, PL DOMINIQUE MARTIN",0.0,0.0
201300023118,30,10,2013,17,1,31,555,1,1,1,3,VA007331 A620,0.0,0.0
201300023119,30,10,2013,19,4,31,149,2,1,1,1,RN124,0.0,0.0
201300023120,31,10,2013,11,1,31,555,1,1,1,2,VA007418 PONT JUMEAUX A6,0.0,0.0
201300023121,31,10,2013,15,1,31,555,2,1,1,6,"71, RUE VESTREPAIN",0.0,0.0
201300023122,31,10,2013,20,5,31,555,2,1,1,1,"999, AV JEAN RIEUX",0.0,0.0
201300023123,1,11,2013,3,5,31,555,2,1,1,7,"20, RUE SAINT BERNARD",0.0,0.0
201300023124,1,11,2013,14,1,31,69,2,1,1,7,"999, MOULIN DE NAUDIN (C",0.0,0.0
201300023125,2,11,2013,15,1,31,69,2,1,1,2,DEWOITINE (RD-PT EMILE),43.62549,1.38311
201300023126,3,11,2013,6,5,31,555,2,1,1,6,"12, RUE DU FAUBOURG BONN",0.0,0.0
201300023127,31,10,2013,14,1,31,555,2,1,1,2,"105, AV DU GENERAL EISEN",0.0,0.0
201300023128,4,11,2013,11,1,31,555,2,1,2,3,"999, ROND POINT DREYFUS",0.0,0.0
201300023129,4,11,2013,13,1,31,555,2,1,2,6,VA007355 PURPAN A620 Sor,0.0,0.0
201300023130,4,11,2013,18,1,31,555,2,3,1,3,", RUE GUSTAVE CHARPENTIE",0.0,0.0
201300023131,4,11,2013,19,5,31,555,1,1,1,5,VA007553 A62,0.0,0.0
201300023132,4,11,2013,17,1,31,555,2,1,1,1,"999, RUE NICOLAS L VAUQU",0.0,0.0
201300023133,4,11,2013,13,1,31,555,2,1,3,7,RD901,0.0,0.0
201300023134,4,11,2013,8,1,31,555,2,2,1,5,"999, RUE HENRI DESBALS",0.0,0.0
201300023135,6,11,2013,16,1,31,555,2,1,1,2,"63, BD SILVIO TRENTIN",0.0,0.0
201300023136,6,11,2013,14,1,31,149,2,1,1,1,"10, ROQUEPAVA (CHEMIN)",43.60193,1.33599
201300023137,5,11,2013,8,1,31,149,2,3,1,2,Rue Georges Sand,43.60227,1.34228
201300023138,5,11,2013,10,1,31,555,2,1,3,6,"999, RTE DE SEYSSES",0.0,0.0
201300023139,7,11,2013,15,1,31,555,2,1,1,6,"169, RUE HENRI DESBALS",0.0,0.0
201300023140,4,11,2013,8,1,31,69,1,1,2,4,A621 SORTIE RITOURET,0.0,0.0
201300023141,6,11,2013,10,1,31,149,2,1,1,7,"39, HUGO (BOULEVARD VICT",43.61763,1.31578
201300023142,7,11,2013,19,5,31,555,2,1,1,6,"999, ALL DE BELLEFONTAIN",0.0,0.0
201300023143,8,11,2013,18,4,31,557,2,1,2,3,"79, TARBES (ROUTE DE)",43.5792,1.3287
201300023144,8,11,2013,13,1,31,555,2,1,1,2,"46, AV JEAN ZAY",0.0,0.0
201300023145,8,11,2013,23,3,31,555,2,2,1,1,"999, CHE DE CROIX BENITE",0.0,0.0
201300023146,9,11,2013,17,2,31,555,2,2,2,3,"138, AV DE FRONTON",0.0,0.0
201300023147,9,11,2013,21,5,31,555,2,1,2,6,"143, CHE DU RAMELET MOUN",0.0,0.0
201300023148,10,11,2013,3,5,31,555,2,1,2,2,"19, AV DES MINIMES",0.0,0.0
201300023149,10,11,2013,3,5,31,555,2,1,1,6,"999, PONT DE LA CROIX DE",0.0,0.0
201300023150,10,11,2013,7,1,31,555,2,1,2,7,"19, ALL JEAN JAURES",0.0,0.0
201300023151,10,11,2013,12,1,31,555,2,1,2,3,"23, BD DE L EMBOUCHURE",0.0,0.0
201300023152,31,10,2013,16,1,31,557,2,1,1,2,LARRAMET (CH DE),0.0,0.0
201300023153,9,11,2013,10,1,31,555,2,1,1,6,"999, BD DE L EMBOUCHURE",0.0,0.0
201300023154,12,11,2013,19,5,31,555,2,1,2,6,"17, RUE DE FLEURY",0.0,0.0
201300023155,13,11,2013,14,1,31,555,2,1,1,2,AV DE LYON,0.0,0.0
201300023156,12,11,2013,20,5,31,555,1,1,8,6,SORTIE LACRABE (A624),0.0,0.0
201300023157,8,11,2013,9,1,31,555,2,1,1,6,"30, CHE DES MARAICHERS",0.0,0.0
201300023158,17,11,2013,7,1,31,555,2,1,1,7,"999, GRANDE RUE SAINT MI",0.0,0.0
201300023159,12,11,2013,20,5,31,555,2,1,2,3,VA007622 RANGUEIL A620 S,0.0,0.0
201300023160,18,11,2013,15,1,31,69,2,1,1,3,"115, GRENADE (ROUTE DE)",43.63615,1.39099
201300023161,18,11,2013,18,3,31,555,2,1,2,6,"999, AV LEON BLUM",0.0,0.0
201300023162,19,11,2013,23,5,31,555,2,1,1,6,"7, BD LASCROSSES",0.0,0.0
201300023163,20,11,2013,17,2,31,555,2,1,1,2,"29, AV M BOURGES MAUNOUR",0.0,0.0
201300023164,20,11,2013,18,1,31,555,2,1,1,2,"999, AV DU GENERAL EISEN",0.0,0.0
201300023165,15,11,2013,17,5,31,555,2,1,2,2,"999, RTE DE SEYSSES",0.0,0.0
201300023166,22,11,2013,17,4,31,555,2,1,1,1,"999, AV DE FRONTON",0.0,0.0
201300023167,21,11,2013,17,5,31,555,2,2,1,6,"28, AV HONORE SERRES",0.0,0.0
201300023168,21,11,2013,7,2,31,149,2,1,1,2,RN124,0.0,0.0
201300023169,22,11,2013,17,5,31,555,2,1,9,1,"999, PL DE LA PATTE D OI",0.0,0.0
201300023170,26,11,2013,7,5,31,149,2,1,1,6,"3, PERIGORD (ALLEE DU)",43.61183,1.33228
201300023171,23,11,2013,18,5,31,555,2,1,2,3,"51, AV DE LOMBEZ",0.0,0.0
201300023172,26,11,2013,18,1,31,555,1,1,1,2,VA007331 A620,0.0,0.0
201300023173,27,11,2013,7,1,31,555,2,1,1,6,"., AV JEAN CHAUBET",0.0,0.0
201300023174,26,11,2013,16,1,31,557,2,1,1,6,"67, DOUMERGUE (RUE GASTO",43.5836,1.3453
201300023175,28,11,2013,8,1,31,555,2,3,1,3,"999, RUE ALFRED RAMBAUD",0.0,0.0
201300023176,29,11,2013,5,5,31,555,2,1,1,6,"20, AV LEON BLUM",0.0,0.0
201300023177,29,11,2013,16,1,31,69,2,1,1,4,VA007386 Fil d'Ariane,0.0,0.0
201300023178,29,11,2013,17,2,31,555,2,1,1,6,"08, AV M BOURGES MAUNOUR",0.0,0.0
201300023179,1,12,2013,2,5,31,555,2,3,1,3,"999, PONT DU HALAGE DE T",0.0,0.0
201300023180,1,12,2013,13,1,31,555,2,1,1,3,"25, RTE D ESPAGNE",0.0,0.0
201300023181,26,11,2013,20,5,31,69,2,1,1,6,"999, BRASSENS (PL GEORGE",0.0,0.0
201300023182,26,11,2013,14,1,31,69,2,1,9,5,"10 bis, COMPANS (AV DU G",43.62564,1.39872
201300023183,3,12,2013,17,1,31,555,2,1,1,2,"59, BD JEAN BRUNHES",0.0,0.0
201300023184,3,12,2013,19,5,31,555,2,1,1,6,"999, AV DU GENERAL EISEN",0.0,0.0
201300023185,4,12,2013,1,5,31,555,2,2,1,3,AV DES MINIMES,0.0,0.0
201300023186,4,12,2013,6,2,31,149,2,1,5,4,"37, MONNET (AVENUE JEAN)",43.62725,1.34655
201300023187,4,12,2013,8,1,31,557,2,1,1,2,"7, ADER (RUE CLEMENT)",43.58746,1.34581
201300023188,1,12,2013,9,1,31,555,1,1,1,6,VA007456 SESQUIERES A620,0.0,0.0
201300023189,4,12,2013,8,1,31,555,2,1,1,6,"33, RUE DE PERIOLE",0.0,0.0
201300023190,5,12,2013,18,5,31,555,2,1,1,3,"30, PORT SAINT ETIENNE",0.0,0.0
201300023191,6,12,2013,11,1,31,555,2,1,1,6,"0, ALL HENRI SELLIER",0.0,0.0
201300023192,7,12,2013,1,5,31,555,2,1,1,3,"26, BD DU MARECHAL JUIN",0.0,0.0
201300023193,7,12,2013,18,5,31,555,2,1,1,2,"23, RTE DE LAUNAGUET",0.0,0.0
201300023194,7,12,2013,19,5,31,555,2,1,1,4,RTE DE LAUNAGUET,0.0,0.0
201300023195,8,12,2013,4,5,31,555,1,1,5,2,VA007553 A61,0.0,0.0
201300023196,8,12,2013,15,1,31,555,1,1,1,4,VA007644 EMPALOT A620 So,0.0,0.0
201300023197,8,12,2013,14,1,31,555,2,1,1,3,"999, BARRIERE DE LOMBEZ",0.0,0.0
201300023198,9,12,2013,8,1,31,555,2,1,1,2,"52, CHE DE TUCAUT",0.0,0.0
201300023199,9,12,2013,14,1,31,555,2,1,1,6,"324, RTE DE SEYSSES",0.0,0.0
201300023200,5,12,2013,13,1,31,149,2,1,1,3,CHEVREFEUILLE (CHE),43.61357,1.35369
201300023201,10,12,2013,14,1,31,555,2,1,1,2,"1, RUE CHRISTINE DE PISA",0.0,0.0
201300023202,10,12,2013,16,1,31,555,2,1,1,6,RUE HELIOT,0.0,0.0
201300023203,6,12,2013,16,1,31,555,2,1,1,6,"60, ALL DE BELLEFONTAINE",0.0,0.0
201300023204,11,12,2013,18,5,31,555,2,1,1,4,VA007539 LA ROSERAIE A61,0.0,0.0
201300023205,12,12,2013,6,5,31,555,2,1,1,6,"999, RUE D ALSACE LORRAI",0.0,0.0
201300023206,12,12,2013,7,1,31,555,2,1,1,6,"999, AV DE LAVAUR",0.0,0.0
201300023207,12,12,2013,17,5,31,555,2,3,1,1,"999, AV HONORE SERRES",0.0,0.0
201300023208,12,12,2013,21,5,31,555,2,1,1,1,"188, AV DE FRONTON",0.0,0.0
201300023209,15,12,2013,19,5,31,555,2,1,1,1,"999, RTE DE REVEL",0.0,0.0
201300023210,16,12,2013,15,1,31,555,2,1,1,1,"999, AV DE LOMBEZ",0.0,0.0
201300023211,12,12,2013,16,1,31,149,1,1,1,2,D 980.2 TOURNEFEUILLE,0.0,0.0
201300023212,16,12,2013,13,1,31,555,2,1,1,6,"999, BD DE LA MARNE",0.0,0.0
201300023213,17,12,2013,16,1,31,555,2,1,1,6,"., BD GABRIEL KOENIGS",0.0,0.0
201300023214,17,12,2013,17,5,31,555,2,1,1,6,"64, BD PIERRE SEMARD",0.0,0.0
201300023215,18,12,2013,15,1,31,555,2,1,1,2,"26, AV M BOURGES MAUNOUR",0.0,0.0
201300023216,19,12,2013,18,5,31,555,1,1,1,4,VA007598 LESPINET A620 S,0.0,0.0
201300023217,20,12,2013,7,2,31,555,2,1,1,6,"24, RTE DE BLAGNAC",0.0,0.0
201300023218,19,12,2013,17,1,31,69,2,1,2,6,15 BD DE L'EUROPE,43.65254,1.37426
201300023219,20,12,2013,15,1,31,149,2,1,1,6,MITTERAND (ESPLANADE FRA,0.0,0.0
201300023220,20,12,2013,21,5,31,555,2,1,1,2,PONT PIERRE DE COUBERTIN,0.0,0.0
201300023221,21,12,2013,21,5,31,555,2,3,1,3,BD DES MINIMES,0.0,0.0
201300023222,22,12,2013,11,1,31,555,2,1,1,3,"999, BD D ARCOLE",0.0,0.0
201300023223,22,12,2013,9,1,31,555,1,1,5,6,VA007644 EMPALOT A620 So,0.0,0.0
201300023224,23,12,2013,12,1,31,555,2,1,1,3,"62, ALL MAURICE SARRAUT",0.0,0.0
201300023225,23,12,2013,14,1,31,149,2,6,1,3,SERRES (AVENUE EDOUARD),43.6099,1.35196
201300023226,26,12,2013,15,1,31,555,2,1,1,2,"0, BD GRIFFOUL DORVAL",0.0,0.0
201300023227,26,12,2013,17,5,31,555,2,1,2,2,"46, BD DE LA MEDITERRANE",0.0,0.0
201300023228,6,12,2013,7,1,31,149,2,3,1,4,PIBRAC (ROUTE DE),43.61228,1.31055
201300023229,27,12,2013,14,1,31,555,2,1,1,3,"7, RUE ARTHUR RIMBAUD",0.0,0.0
201300023230,27,12,2013,19,1,31,555,2,1,1,1,"10, AV GEORGES POMPIDOU",0.0,0.0
201300023231,28,12,2013,1,5,31,555,2,1,1,6,BD LAZARE CARNOT,0.0,0.0
201300023232,30,12,2013,8,2,31,555,2,1,1,1,"999, AV ANTOINE DE ST EX",0.0,0.0
201300023233,30,12,2013,9,1,31,555,2,1,1,1,"999, AV DE LYON",0.0,0.0
201300023234,23,12,2013,10,1,31,149,2,1,1,3,PYRENEES (ALLEE DES),43.6131,1.33045
201300023235,30,9,2013,7,1,10,115,1,1,1,2,,0.0,0.0
201300023236,28,1,2013,6,3,10,240,1,1,2,7,,48.281,3.904
201300023237,4,7,2013,16,1,10,142,2,9,1,3,Rue de la Republique,48.272,3.807
201300023238,17,7,2013,18,1,10,276,1,1,1,7,,48.213,3.703
201300023239,15,12,2013,12,1,68,9,1,1,1,7,,48.1125,7.56867
201300023240,15,1,2013,23,3,71,150,1,1,9,5,,0.0,0.0
201300023241,13,5,2013,15,1,71,448,1,1,1,6,,0.0,0.0
201300023242,12,6,2013,19,1,71,497,1,1,1,2,,0.0,0.0
201300023243,23,6,2013,8,1,71,494,1,1,1,2,,0.0,0.0
201300023244,14,7,2013,13,1,71,195,1,1,1,7,,0.0,0.0
201300023245,17,8,2013,0,3,71,591,1,1,1,2,,0.0,0.0
201300023246,2,9,2013,17,1,71,359,2,1,1,1,RD37,0.0,0.0
201300023247,16,10,2013,19,3,71,515,1,1,3,1,,46.60119,4.69375
201300023248,13,12,2013,6,3,71,481,1,1,5,2,,0.0,0.0
201300023249,20,1,2013,9,1,88,232,1,1,4,6,,48.4612,5.87004
201300023250,10,3,2013,18,1,88,232,1,1,1,2,,48.459,5.8694
201300023251,18,7,2013,7,1,88,232,1,2,1,2,,48.45379,5.8686
201300023252,3,9,2013,11,1,54,41,1,1,1,6,,48.5647,5.88919
201300023253,18,1,2013,21,3,83,31,1,1,8,5,,0.0,0.0
201300023254,23,3,2013,14,1,83,148,1,1,2,1,,0.0,0.0
201300023255,6,4,2013,15,1,83,57,1,1,1,6,,0.0,0.0
201300023256,7,5,2013,19,1,83,73,1,1,1,6,,0.0,0.0
201300023257,11,5,2013,3,3,83,99,1,1,1,6,,0.0,0.0
201300023258,18,5,2013,9,1,83,31,1,1,3,6,,0.0,0.0
201300023259,7,6,2013,12,1,83,130,1,1,1,6,,0.0,0.0
201300023260,12,6,2013,16,1,83,86,1,1,1,3,,0.0,0.0
201300023261,23,6,2013,17,1,83,86,1,1,1,2,,0.0,0.0
201300023262,5,7,2013,6,2,83,23,1,1,1,6,,0.0,0.0
201300023263,2,8,2013,7,1,83,54,1,1,1,6,,0.0,0.0
201300023264,19,8,2013,17,1,83,23,1,1,1,7,,0.0,0.0
201300023265,29,8,2013,15,1,83,148,1,1,1,5,,0.0,0.0
201300023266,6,9,2013,8,1,83,31,1,1,1,5,,0.0,0.0
201300023267,9,9,2013,22,3,83,107,1,1,1,5,,0.0,0.0
201300023268,22,9,2013,10,1,83,23,1,1,1,6,,0.0,0.0
201300023269,9,10,2013,7,1,83,54,1,1,1,1,,0.0,0.0
201300023270,16,10,2013,21,3,83,86,1,1,1,6,,0.0,0.0
201300023271,23,10,2013,18,2,83,107,1,1,1,5,,0.0,0.0
201300023272,29,12,2013,9,1,83,73,1,1,1,6,,0.0,0.0
201300023273,12,2,2013,4,3,28,161,1,9,1,3,,0.0,0.0
201300023274,9,4,2013,8,1,28,73,1,1,2,7,,48.493,1.665
201300023275,12,5,2013,15,1,28,177,1,1,1,4,,0.0,0.0
201300023276,12,6,2013,14,1,28,161,1,1,1,2,,0.0,0.0
201300023277,21,6,2013,16,1,28,398,1,1,1,3,,0.0,0.0
201300023278,5,7,2013,19,1,28,104,1,1,1,3,,0.0,0.0
201300023279,8,7,2013,10,1,28,219,1,1,1,3,,0.0,0.0
201300023280,15,7,2013,17,1,28,85,1,1,1,6,,0.0,0.0
201300023281,12,8,2013,15,1,28,18,1,1,1,6,,0.0,0.0
201300023282,20,8,2013,7,1,28,85,1,1,1,6,,0.0,0.0
201300023283,26,8,2013,2,3,28,31,1,1,1,6,,0.0,0.0
201300023284,19,11,2013,13,1,28,261,1,1,1,2,,0.0,0.0
201300023285,30,11,2013,9,1,28,141,1,1,1,6,,0.0,0.0
201300023286,15,4,2013,7,1,45,93,1,1,1,2,,48.04787,1.90497
201300023287,3,5,2013,18,1,13,78,2,1,1,7,RUE ANATOLE FRANCE,43.38375,4.80813
201300023288,10,7,2013,18,1,13,78,2,1,1,1,avenue Louis Gros,43.38897,4.80029
201300023289,24,7,2013,16,1,13,78,2,1,1,7,AVENUE GEORGES BRASSENS,43.38677,4.82029
201300023290,22,11,2013,15,1,13,78,2,1,1,6,avenue du port,43.38719,4.8041
201300023291,11,1,2013,6,3,77,141,1,1,2,2,,0.0,0.0
201300023292,8,2,2013,16,1,77,157,1,1,8,2,,0.0,0.0
201300023293,17,3,2013,4,3,77,141,1,1,1,2,,0.0,0.0
201300023294,12,6,2013,17,1,77,141,1,1,1,6,,0.0,0.0
201300023295,10,10,2013,16,1,77,235,1,1,3,7,,48.983,3.1
201300023296,1,12,2013,15,1,77,382,1,1,1,2,,48.9,2.891
201300023297,25,1,2013,17,1,81,238,2,1,1,3,D 53 - ROUTE DES RAYNAUD,43.4807,2.45675
201300023298,27,1,2013,17,1,81,209,2,1,2,7,RD612-LIEU DIT RIGAUTOU,43.5183,2.37041
201300023299,7,3,2013,15,1,81,238,2,1,1,6,36 AV. MEDITERRANEE,43.4777,2.48849
201300023300,19,7,2013,17,1,81,209,1,1,1,6,,0.0,0.0
201300023301,10,1,2013,16,1,32,13,2,2,1,3,RUE DE L'ARCON,43.6654,0.61837
201300023302,8,3,2013,0,3,32,13,1,1,1,7,DURAN (ROUTE DE),43.6574,0.55939
201300023303,2,4,2013,12,1,32,13,2,3,8,3,ANCIEN FOIRAIL (PLACE),43.6534,0.58135
201300023304,7,4,2013,20,3,32,13,1,1,1,7,AGEN (ROUTE D'),43.6642,0.60065
201300023305,25,4,2013,19,1,32,13,2,1,1,2,ALSACE (AVENUE),43.649,0.58954
201300023306,28,4,2013,19,1,32,13,1,1,1,7,PESSAN (ROUTE DE),43.6293,0.63359
201300023307,12,5,2013,20,2,32,13,1,1,1,1,"2X, BATAILLE (CHEMIN DE)",43.6741,0.58523
201300023308,24,5,2013,22,5,32,13,2,1,2,6,RUE AIME CESAIRE,43.6604,0.61732
201300023309,20,6,2013,8,1,32,13,2,3,1,7,SAMBRE ET MEUSE (AVENUE),43.6497,0.59806
201300023310,7,7,2013,19,1,32,13,2,1,1,7,TREILLE (PONT DE LA),43.649,0.58954
201300023311,11,7,2013,8,1,32,13,2,1,1,3,YSER (AVENUE DE L'),43.6533,0.59532
201300023312,5,9,2013,10,1,32,13,2,1,1,2,PYRENEES (AVENUE DES),43.6393,0.58466
201300023313,10,9,2013,19,3,32,13,1,6,1,7,ROCADE (RN 124 OUEST),43.6705,0.53168
201300023314,7,11,2013,11,1,32,13,2,1,1,3,BOUVREUILS,43.6335,0.59084
201300023315,26,11,2013,13,1,32,13,2,1,1,1,BATAILLON DE L'ARMAGNAC,43.6387,0.57246
201300023316,27,11,2013,13,1,32,13,2,1,1,1,BATAILLON DE L'ARMAGNAC,0.0,0.0
201300023317,13,12,2013,7,2,32,13,1,1,5,7,VIC (ROUTE DE),43.6526,0.54905
201300023318,13,12,2013,14,1,32,13,2,1,1,5,CORPS FRANC POMMIES (AVE,43.63,0.58053
201300023319,17,12,2013,18,5,32,13,2,1,1,7,"83, PIERRE DE MONTESQUIO",43.6319,0.58739
201300023320,27,12,2013,14,1,32,13,1,1,1,1,TOULOUSE (ROUTE DE),43.659,0.63387
201300023321,28,12,2013,17,1,32,13,1,1,1,1,R N 21,43.6679,0.60218
201300023322,14,4,2013,9,1,57,270,1,1,1,7,,0.0,0.0
201300023323,29,6,2013,12,1,57,98,1,1,8,6,,0.0,0.0
201300023324,23,10,2013,7,3,57,180,2,1,3,4,,48.76278,7.02712
201300023325,19,11,2013,13,1,57,177,2,1,2,6,4 Av. General DE GAULE,48.81163,6.7172
201300023326,26,11,2013,8,3,57,161,1,2,1,3,,0.0,0.0
201300023327,23,1,2013,6,2,21,532,1,1,1,6,,47.2561,5.119
201300023328,2,4,2013,18,1,21,21,1,1,1,7,,0.0,0.0
201300023329,16,5,2013,14,1,21,483,1,1,1,6,,0.0,0.0
201300023330,20,5,2013,13,1,21,599,1,1,3,6,,0.0,0.0