Num_Acc,jour,mois,an,hr,condition_eclairage,departement,commune,condition_agglomeration,intersection,condition_atmosphere,type_collision,adresse,lattitude,longitude
201300023331,21,5,2013,8,1,21,638,1,2,2,5,,0.0,0.0
201300023332,21,11,2013,4,3,21,599,1,1,4,6,,0.0,0.0
201300023333,20,1,2013,18,5,76,188,1,1,4,6,,49.6467,1.24246
201300023334,25,2,2013,14,1,76,675,1,1,8,3,,49.58611,1.04859
201300023335,27,10,2013,16,1,31,254,2,1,1,7,rue des arts,43.5529,1.50321
201300023336,1,6,2013,17,1,84,69,1,1,1,6,,0.0,0.0
201300023337,5,9,2013,10,1,84,126,1,9,1,4,,0.0,0.0
201300023338,16,10,2013,18,3,84,22,1,1,1,1,,0.0,0.0
201300023339,18,5,2013,5,2,76,71,1,1,1,7,,49.91696,1.24621
201300023340,8,9,2013,11,1,76,624,1,1,1,7,,49.87347,1.20525
201300023341,18,9,2013,12,1,76,437,2,1,1,6,536 RTE DE DIEPPR,49.84521,1.22273
201300023342,20,12,2013,16,1,41,167,2,1,1,6,RUE LECOQ ONZAIN,0.0,0.0
201300023343,9,1,2013,17,2,33,529,1,1,1,6,"., MARIOLAN (CH. DE)",0.0,0.0
201300023344,11,1,2013,19,5,33,9,2,2,2,3,"36, GAMBETTA (AVE) DU 01",0.0,0.0
201300023345,16,1,2013,8,2,33,529,1,1,3,2,RD 1250 (Camicas - Sorti,0.0,0.0
201300023346,18,1,2013,15,1,33,9,2,2,2,3,"1, LIBERATION (AVE)",0.0,0.0
201300023347,5,2,2013,11,1,33,9,2,1,1,2,"., LIBERATION (AVE)",0.0,0.0
201300023348,18,2,2013,16,1,33,529,2,1,1,1,"49, DE GAULLE ( AVE CHAR",0.0,0.0
201300023349,17,3,2013,2,5,33,9,2,2,2,3,"., DE GAULLE (AVE GAL)",0.0,0.0
201300023350,26,3,2013,14,1,33,529,1,1,1,6,"., RD 1250 (Camicas - So",0.0,0.0
201300023351,2,4,2013,15,1,33,529,2,1,1,2,"100, LAGRUA (CH.)",0.0,0.0
201300023352,6,4,2013,4,5,33,9,2,1,1,6,"215, COTE D'ARGENT (BD)",0.0,0.0
201300023353,18,5,2013,6,2,33,529,1,1,3,6,"., BISCAROSSE (AVE) DUNE",0.0,0.0
201300023354,19,5,2013,16,1,33,9,2,1,1,3,"87, PLAGE (BD DE LA) DU",0.0,0.0
201300023355,26,5,2013,9,1,33,529,2,3,1,3,"., MARIOLAN (CH. DE)",0.0,0.0
201300023356,6,6,2013,17,1,33,529,2,1,1,2,"122, DE GAULLE (AVE CHAR",0.0,0.0
201300023357,9,6,2013,6,3,33,529,1,1,2,1,RD 259,0.0,0.0
201300023358,8,6,2013,11,1,33,9,2,1,1,6,"3, LEGALLAIS (RUE FRANCO",0.0,0.0
201300023359,10,6,2013,9,1,33,529,1,1,2,2,"., CAZAUX (BD DE)",0.0,0.0
201300023360,28,6,2013,23,5,33,9,2,1,2,7,"1, MER (BD DE LA)",0.0,0.0
201300023361,9,7,2013,21,1,33,529,1,2,1,3,"., PYLA (BD DU)",0.0,0.0
201300023362,13,7,2013,12,1,33,529,2,1,1,7,"122, DE GAULLE (AVE GAL)",0.0,0.0
201300023363,5,7,2013,15,1,33,529,2,1,1,6,"68, LECLERC (AVE DU GAL)",0.0,0.0
201300023364,14,7,2013,22,5,33,9,2,1,1,1,"., LEGALLAIS (RUE FRANCO",0.0,0.0
201300023365,21,7,2013,9,1,33,9,2,1,1,1,"114, COTE D'ARGENT (BD)",0.0,0.0
201300023366,23,7,2013,17,1,33,529,1,1,1,3,"., RD 1250 (Camicas - So",0.0,0.0
201300023367,28,7,2013,15,1,33,529,2,6,1,3,"1, BISSERIE (AVE DE)",0.0,0.0
201300023368,7,8,2013,21,5,33,529,2,1,1,3,"225, OCEAN (BD DE L')",0.0,0.0
201300023369,14,8,2013,10,1,33,9,2,1,1,3,"., GALAXIE (ALL. DE LA)",0.0,0.0
201300023370,16,8,2013,20,2,33,529,1,1,1,3,"., RD 1250 (Camicas - So",0.0,0.0
201300023371,2,8,2013,12,1,33,529,2,3,1,3,"1, CANDALE (AVE FREDERIC",0.0,0.0
201300023372,1,8,2013,18,1,33,529,2,1,1,1,"., EUROPE (RUE DE L')",0.0,0.0
201300023373,24,8,2013,20,2,33,529,2,1,9,6,"3, CHEMIN DES DAMES (RUE",0.0,0.0
201300023374,28,8,2013,16,1,33,529,2,1,1,6,"., BERANGER (CH. DE)",0.0,0.0
201300023375,10,8,2013,13,1,33,529,1,1,1,2,"., RD 1250 (BONNEVAL -LA",0.0,0.0
201300023376,26,9,2013,16,1,33,529,2,1,1,6,"3, MARAICHERS (RUE DES)",0.0,0.0
201300023377,26,9,2013,12,1,33,529,2,1,1,6,"51, LECLERC (AVE DU GAL)",0.0,0.0
201300023378,1,10,2013,1,5,33,9,2,1,1,6,"29, LECLERC (BD DU MAL)",0.0,0.0
201300023379,2,10,2013,20,5,33,529,2,1,1,3,"., LECLERC (AVE DU GAL)",0.0,0.0
201300023380,3,10,2013,16,1,33,529,2,1,1,2,"., HAMEAU (PL. JEAN)",0.0,0.0
201300023381,18,10,2013,14,1,33,529,1,1,1,6,"., RD 1250 (CAMICAS-OUST",0.0,0.0
201300023382,19,10,2013,18,1,33,9,2,1,1,6,"11, TOUTON (ALL. ROGER)",0.0,0.0
201300023383,21,10,2013,19,5,33,529,1,1,1,6,"., MIQUELOTS (BD DES)",0.0,0.0
201300023384,24,11,2013,19,5,33,529,2,1,1,1,"., EUROPE (RUE DE L')",0.0,0.0
201300023385,23,11,2013,21,3,33,529,2,1,1,7,"., RD 1250 (BONNEVAL -LA",0.0,0.0
201300023386,28,11,2013,15,1,33,529,2,6,1,3,"., RD 1250 (OUSTALET - B",0.0,0.0
201300023387,11,12,2013,17,1,33,529,2,1,1,6,"., COUTOUM (RUE DU)",0.0,0.0
201300023388,16,12,2013,13,1,33,529,2,6,1,3,"., VULCAIN (RUE)",0.0,0.0
201300023389,17,12,2013,19,5,33,9,2,2,1,3,"., COSTE (RUE)",0.0,0.0
201300023390,16,12,2013,16,1,33,529,2,1,1,6,"18, YSER (RUE DE L')",0.0,0.0
201300023391,16,12,2013,5,3,33,529,1,1,1,6,"., RD 1250 (Camicas - So",0.0,0.0
201300023392,23,12,2013,19,5,33,9,2,1,1,1,"., ST ELME (RUE) DU 01 E",0.0,0.0
201300023393,24,3,2013,20,3,74,34,1,1,5,7,,0.0,0.0
201300023394,29,4,2013,0,3,74,114,1,1,8,6,,46.197,6.68
201300023395,18,6,2013,17,1,74,30,1,2,1,3,,46.289,6.615
201300023396,24,7,2013,20,2,74,295,1,1,1,1,,46.314,6.61
201300023397,29,7,2013,17,1,74,34,1,1,8,1,,46.252,6.637
201300023398,18,8,2013,5,3,74,188,2,1,1,6,1694 ROUTE DE LA PLAGNE,0.0,0.0
201300023399,26,8,2013,10,1,74,191,1,1,1,6,,46.202,6.746
201300023400,29,9,2013,2,5,74,188,2,1,1,6,,0.0,0.0
201300023401,1,1,2013,3,5,33,63,2,2,2,2,RUE LUCIEN FAURE,0.0,0.0
201300023402,2,1,2013,12,1,33,63,2,2,1,3,RUE MOUNEYRA,0.0,0.0
201300023403,6,1,2013,22,5,33,63,2,2,1,6,RUE GINER DE LOS RIOS,0.0,0.0
201300023404,6,1,2013,12,1,33,63,2,1,1,2,"35, CRS ARISTIDE BRIAND",0.0,0.0
201300023405,26,12,2013,19,5,33,281,2,2,1,3,AVE DU MARECHAL LECLERC,0.0,0.0
201300023406,7,1,2013,14,1,33,63,2,2,1,6,RUE GEORGES BONNAC,0.0,0.0
201300023407,28,12,2013,9,1,33,550,2,2,1,3,RUE DE LA PAIX,0.0,0.0
201300023408,30,12,2013,14,1,33,65,2,1,1,6,ACC CENTRE COMMERCIAL AU,0.0,0.0
201300023409,30,12,2013,10,1,33,69,2,4,1,6,"279, AVE D'EYSINES",0.0,0.0
201300023410,31,12,2013,21,5,33,13,2,1,2,6,AVE DE LA PRAIRIE,0.0,0.0
201300023411,2,1,2013,14,1,33,200,2,1,1,2,AVE PASTEUR,0.0,0.0
201300023412,8,1,2013,8,1,33,63,2,2,2,3,RUE BLANQUI,0.0,0.0
201300023413,8,1,2013,17,5,33,63,2,1,2,3,CRS DU MARECHAL GALLIENI,0.0,0.0
201300023414,4,1,2013,18,5,33,13,2,1,1,2,RN 89,0.0,0.0
201300023415,31,12,2013,17,5,33,550,2,2,2,3,RUE ANATOLE FRANCE,0.0,0.0
201300023416,31,12,2013,10,1,33,550,2,1,1,6,SORTIE PARKING CENTRE CI,0.0,0.0
201300023417,10,1,2013,18,4,33,39,2,1,1,6,AVE LENINE,0.0,0.0
201300023418,10,1,2013,17,5,33,63,2,2,1,3,ALL SERR,0.0,0.0
201300023419,8,1,2013,7,5,33,281,2,2,2,6,AVE DE LA MARNE,0.0,0.0
201300023420,9,1,2013,9,1,33,200,2,1,1,5,AVE PASTEUR,0.0,0.0
201300023421,11,1,2013,18,2,33,63,2,1,1,4,"19, BD DU PRESIDENT WILS",0.0,0.0
201300023422,12,1,2013,3,5,33,63,2,1,1,6,"131, CRS DU MARECHAL GAL",0.0,0.0
201300023423,11,1,2013,18,5,33,63,2,3,1,3,AVE JEANNE D'ARC,0.0,0.0
201300023424,7,1,2013,16,1,33,318,2,2,1,3,AVE JEAN BABIN,0.0,0.0
201300023425,11,1,2013,16,1,33,63,2,3,1,6,"88, RUE EMILE COMBES",0.0,0.0
201300023426,7,1,2013,11,1,33,281,2,1,1,6,AVE DE BELFORT,0.0,0.0
201300023427,14,1,2013,14,1,33,63,2,3,1,3,RUE DU BOCAGE CAUD,0.0,0.0
201300023428,16,1,2013,9,1,33,63,2,1,3,6,"120, CRS VICTOR HUGO",0.0,0.0
201300023429,16,1,2013,8,2,33,63,2,1,3,6,"310, AVE THIERS",0.0,0.0
201300023430,16,1,2013,8,1,33,63,2,2,3,6,RUE DES DOUVES,0.0,0.0
201300023431,16,1,2013,12,1,33,63,2,1,2,6,"51, RUE FONDAUDEGE",0.0,0.0
201300023432,11,1,2013,12,1,33,200,2,2,1,3,AVE PASTEUR,0.0,0.0
201300023433,16,1,2013,14,1,33,281,2,1,2,2,AVE FRANCOIS MITTERRAND,0.0,0.0
201300023434,14,1,2013,8,1,33,550,2,1,1,6,"601, RTE DE TOULOUSE",0.0,0.0
201300023435,18,1,2013,16,1,33,63,2,3,2,6,"145, AVE CHARLES DE GAUL",0.0,0.0
201300023436,18,1,2013,12,1,33,63,2,2,2,3,RUE MATHIEU,0.0,0.0
201300023437,21,1,2013,8,1,33,63,2,2,2,6,BD DU PRESIDENT WILSON,0.0,0.0
201300023438,18,1,2013,7,5,33,281,2,1,2,6,AVE FRANCOIS MITTERRAND,0.0,0.0
201300023439,16,1,2013,7,5,33,318,2,1,3,6,"147, AVE JEAN JAURES",0.0,0.0
201300023440,14,1,2013,7,1,33,550,2,1,1,2,"168, AVE DES PYRENEES",0.0,0.0
201300023441,15,1,2013,12,1,33,318,2,2,1,3,AVE DU BOURGAILH,0.0,0.0
201300023442,10,1,2013,6,5,33,63,2,1,2,2,BD ANDRE RICARD,0.0,0.0
201300023443,15,1,2013,7,5,33,318,2,2,2,3,AVE DE BARDANAC,0.0,0.0
201300023444,15,1,2013,9,1,33,13,2,1,8,2,RN 89,0.0,0.0
201300023445,11,1,2013,9,1,33,192,2,1,1,6,"21, RUE SAINT-FRANCOIS X",0.0,0.0
201300023446,11,1,2013,14,1,33,522,2,1,1,6,RUE PIERRE NOAILLES,0.0,0.0
201300023447,23,1,2013,0,5,33,63,2,6,3,6,BD DES FRERES MOGA,0.0,0.0
201300023448,23,1,2013,14,1,33,63,2,3,1,3,"107, BD ANTOINE GAUTIER",0.0,0.0
201300023449,23,1,2013,7,5,33,63,2,1,1,2,QUAI DESCHAMPS,0.0,0.0
201300023450,20,1,2013,15,1,33,281,2,6,2,7,AVE DE LA GRANGE NOIRE,0.0,0.0
201300023451,17,1,2013,18,5,33,318,2,1,1,3,"133, AVE JEAN JAURES",0.0,0.0
201300023452,16,1,2013,22,5,33,162,2,2,1,3,AVE DU MEDOC,0.0,0.0
201300023453,24,1,2013,16,1,33,63,2,2,1,6,RUE CALVIMONT,0.0,0.0
201300023454,21,1,2013,0,5,33,162,2,3,2,1,"53, AVE DU MEDOC",0.0,0.0
201300023455,18,1,2013,23,5,33,162,2,3,2,3,AVE DU MEDOC,0.0,0.0
201300023456,27,1,2013,22,5,33,63,2,3,1,3,CRS DE VERDUN,0.0,0.0
201300023457,25,1,2013,8,1,33,63,2,2,1,6,RUE JUDAIQUE,0.0,0.0
201300023458,26,1,2013,6,5,33,39,2,2,2,3,BD ALBERT 1ER,0.0,0.0
201300023459,29,1,2013,4,5,33,63,2,2,1,3,BD GEORGE V,0.0,0.0
201300023460,25,1,2013,9,1,33,281,2,6,1,3,AVE ROLAND GARROS,0.0,0.0
201300023461,23,1,2013,18,5,33,13,2,1,2,2,N 89,0.0,0.0
201300023462,24,1,2013,9,1,33,281,2,3,2,3,RUE APOLLO,0.0,0.0
201300023463,23,1,2013,7,2,33,318,2,4,2,3,AVE DE BEUTRE,0.0,0.0
201300023464,25,1,2013,17,1,33,281,2,1,1,3,AVE DE LA MARNE,0.0,0.0
201300023465,28,1,2013,7,5,33,281,2,1,1,6,"10, AVE DU MARECHAL GALL",0.0,0.0
201300023466,28,1,2013,19,5,33,281,2,2,1,2,"220, AVE DES EYQUEMS",0.0,0.0
201300023467,31,1,2013,13,1,33,63,2,1,1,3,"43, CRS DE LA SOMME",0.0,0.0
201300023468,29,1,2013,11,1,33,318,2,3,1,2,"35, AVE JEAN JAURES",0.0,0.0
201300023469,21,1,2013,14,1,33,522,2,1,3,3,CRS MARECHAL GALLIENI,0.0,0.0
201300023470,25,1,2013,9,1,33,318,2,3,1,6,AVE DE BEUTRE,0.0,0.0
201300023471,27,1,2013,15,1,33,32,2,1,2,2,"69, RUE GEORGES CLEMENCE",0.0,0.0
201300023472,30,1,2013,10,1,33,119,2,6,1,2,AVE CARNOT,0.0,0.0
201300023473,25,1,2013,20,5,33,318,2,3,1,3,AVE DE BEUTRE,0.0,0.0
201300023474,2,2,2013,5,1,33,63,2,2,2,2,QUAI DE BACALAN,0.0,0.0
201300023475,23,1,2013,13,1,33,39,2,2,1,3,RUE DU GENERAL FAIDHERBE,0.0,0.0
201300023476,2,2,2013,18,1,33,63,2,2,1,3,"145, RUE JUDAIQUE",0.0,0.0
201300023477,3,2,2013,14,1,33,63,2,1,1,3,"4, QUAI RICHELIEU",0.0,0.0
201300023478,3,2,2013,3,5,33,63,2,2,1,6,QUAI DE PALUDATE,0.0,0.0
201300023479,1,2,2013,21,5,33,63,2,3,2,6,"45, RUE CHARLES DOMERCQ",0.0,0.0
201300023480,4,2,2013,17,2,33,63,2,1,2,6,"88, BD MARECHAL LECLERC",0.0,0.0
201300023481,5,2,2013,12,1,33,63,2,1,1,6,RUE LEO SAIGNAT,0.0,0.0
201300023482,28,1,2013,17,1,33,550,2,1,2,2,"80, RTE DE LEOGNAN",0.0,0.0
201300023483,29,1,2013,13,1,33,39,2,1,8,4,RTE DE TOULOUSE,0.0,0.0
201300023484,6,2,2013,12,1,33,318,2,5,8,3,AVE DE GRADIGNAN,0.0,0.0
201300023485,4,2,2013,16,1,33,550,2,2,2,6,RUE ALTA MAYA,0.0,0.0
201300023486,28,1,2013,10,1,33,318,2,1,1,7,"157, AVE DE BEUTRE",0.0,0.0
201300023487,7,2,2013,15,1,33,63,2,1,1,6,RUE DU CHATEAU D'EAU,0.0,0.0
201300023488,8,2,2013,21,5,33,63,2,2,1,6,CRS DE LA MARNE,0.0,0.0
201300023489,10,2,2013,21,5,33,63,2,1,2,2,"21, CRS DE LA SOMME",0.0,0.0
201300023490,11,2,2013,10,1,33,63,2,2,3,3,RUE BARREYRE,0.0,0.0
201300023491,11,2,2013,16,1,33,63,1,3,3,6,RUE DE MACAU,0.0,0.0
201300023492,11,2,2013,10,1,33,63,2,1,3,6,BD ALIENOR D'AQUITAINE,0.0,0.0
201300023493,4,2,2013,7,1,33,522,2,1,2,6,"351, CRS DE LA LIBERATIO",0.0,0.0
201300023494,11,2,2013,8,1,33,281,2,1,2,6,"178, AVE DE L'ARGONNE",0.0,0.0
201300023495,9,2,2013,13,1,33,281,2,2,2,3,AVE DE L'YSER,0.0,0.0
201300023496,14,2,2013,10,1,33,63,2,3,2,6,RUE FONDAUDEGE,0.0,0.0
201300023497,11,2,2013,7,5,33,318,2,1,2,6,"142, AVE JEAN JAURES",0.0,0.0
201300023498,7,2,2013,17,1,33,162,2,3,1,6,AVE DU TAILLAN-MEDOC,0.0,0.0
201300023499,11,2,2013,20,5,33,281,2,1,2,3,AVE RENE CASSIN,0.0,0.0
201300023500,12,2,2013,17,1,33,281,2,3,1,6,ALL PRESIDENT RENE COTY,0.0,0.0
201300023501,17,2,2013,21,5,33,63,2,2,1,1,RUE FRANCOIS DE SOURDIS,0.0,0.0
201300023502,15,2,2013,20,5,33,63,2,1,1,4,"43, BD ANTOINE GAUTIER",0.0,0.0
201300023503,13,2,2013,18,5,33,281,2,1,1,3,"284, AVE D'ARES",0.0,0.0
201300023504,10,2,2013,20,5,33,550,2,1,2,4,AVE MIRIEU DE LABARRE,0.0,0.0
201300023505,16,2,2013,17,1,33,63,2,2,1,5,QUAI DE BACALAN,0.0,0.0
201300023506,15,2,2013,11,1,33,63,2,2,1,3,RUE DU TONDU,0.0,0.0
201300023507,14,2,2013,7,1,33,69,2,1,2,4,AVE D'EYSINES,0.0,0.0
201300023508,15,2,2013,8,1,33,119,2,1,1,6,AVE RENE CASSAGNE,0.0,0.0
201300023509,19,2,2013,17,1,33,63,2,2,1,3,RUE DONISSAN,0.0,0.0
201300023510,12,2,2013,12,1,33,550,2,1,1,6,"289, RTE DE TOULOUSE",0.0,0.0
201300023511,12,2,2013,11,1,33,281,2,6,1,3,AVE PYTHAGORE,0.0,0.0
201300023512,19,2,2013,14,1,33,63,2,3,1,2,"3, ALL DE TOURNY",0.0,0.0
201300023513,20,2,2013,8,1,33,63,2,2,1,3,RUE FRANCOIS DE SOURDIS,0.0,0.0
201300023514,15,2,2013,8,1,33,69,2,3,1,3,AVE DE LA LIBERATION-CH.,0.0,0.0
201300023515,16,2,2013,15,1,33,39,2,1,1,3,CRS VICTOR HUGO,0.0,0.0
201300023516,21,2,2013,17,1,33,63,2,1,1,4,BD ALFRED DANEY,0.0,0.0
201300023517,21,2,2013,7,1,33,63,2,4,1,3,BD DU PRESIDENT WILSON,0.0,0.0
201300023518,24,2,2013,10,1,33,63,2,1,1,6,"189, RUE DE SAINT GENES",0.0,0.0
201300023519,22,2,2013,12,1,33,63,2,2,1,3,RUE DES FRERES BONIE,0.0,0.0
201300023520,15,2,2013,14,1,33,318,2,2,1,2,AVE JEAN JAURES,0.0,0.0
201300023521,24,2,2013,6,5,33,63,2,1,1,6,"241, AVE THIERS",0.0,0.0
201300023522,20,2,2013,20,5,33,39,2,3,1,3,ALL BOYER,0.0,0.0
201300023523,20,2,2013,16,1,33,69,2,2,1,3,AVE DE TIVOLI,0.0,0.0
201300023524,20,2,2013,13,1,33,281,2,1,1,6,"20, RUE DES CEPAGES",0.0,0.0
201300023525,19,2,2013,10,1,33,167,2,4,1,2,QUAI DE LA SOUYS,0.0,0.0
201300023526,18,2,2013,15,1,33,192,2,2,1,4,"75, CRS DU GENERAL DE GA",0.0,0.0
201300023527,19,2,2013,7,1,33,39,2,1,1,3,"63, RUE CARNOT",0.0,0.0
201300023528,26,2,2013,18,2,33,63,2,2,1,3,"31, CRS SAINT LOUIS",0.0,0.0
201300023529,20,2,2013,8,1,33,13,2,1,1,2,RN 89,0.0,0.0
201300023530,21,2,2013,19,4,33,550,2,2,1,3,RUE LEON GAMBETTA,0.0,0.0
201300023531,20,2,2013,9,1,33,32,2,1,1,7,QUAI FRANCAIS,0.0,0.0
201300023532,22,2,2013,17,1,33,63,2,1,1,6,"55, CRS SAINT LOUIS",0.0,0.0
201300023533,16,2,2013,15,1,33,13,2,1,1,2,RN 89,0.0,0.0
201300023534,27,2,2013,13,1,33,63,2,1,1,3,"36, CRS GEORGES CLEMENCE",0.0,0.0
201300023535,22,2,2013,18,2,33,318,2,3,1,3,AVE JEAN JAURES,0.0,0.0
201300023536,17,2,2013,0,3,33,318,2,1,1,7,RUE DE LA PRINCESSE,0.0,0.0
201300023537,23,2,2013,14,1,33,69,2,6,1,4,PCE GUICHENET,0.0,0.0
201300023538,27,2,2013,17,1,33,63,2,1,1,6,"25, RUE STEHELIN CAUD",0.0,0.0
201300023539,22,2,2013,18,1,33,39,2,1,1,6,"80, RUE ERNEST RENAN",0.0,0.0
201300023540,25,2,2013,16,1,33,167,2,1,1,6,AVE PAUL LAFFARGUE,0.0,0.0
201300023541,25,2,2013,16,1,33,167,2,1,2,3,"38, AVE HUBERT DUBEDOUT",0.0,0.0
201300023542,28,2,2013,16,1,33,63,2,1,1,6,RUE DE SEM,0.0,0.0
201300023543,23,2,2013,16,1,33,192,2,1,1,4,"46, CRS DU GENERAL DE GA",0.0,0.0
201300023544,1,3,2013,16,1,33,63,2,2,1,6,RUE DE LA BENAUGE,0.0,0.0
201300023545,1,3,2013,13,1,33,63,2,2,1,6,RUE DU RECTEUR THAMIN,0.0,0.0
201300023546,21,2,2013,11,1,33,167,2,3,1,3,ALL DE LA GABARRE,0.0,0.0
201300023547,27,2,2013,11,1,33,32,2,2,1,3,AVE PASTEUR,0.0,0.0
201300023548,5,3,2013,9,1,33,63,2,1,1,3,AVE DE NONTRASTE,0.0,0.0
201300023549,26,2,2013,8,1,33,318,2,2,2,3,AVE DE CANDAU,0.0,0.0
201300023550,5,3,2013,11,1,33,63,2,5,1,3,RUE LUCIEN FAURE,0.0,0.0
201300023551,26,2,2013,12,1,33,522,2,1,1,6,"759, CRS DE LA LIBERATIO",0.0,0.0
201300023552,1,3,2013,14,1,33,281,2,3,1,2,AVE DU CHUT,0.0,0.0
201300023553,1,3,2013,7,1,33,281,2,1,1,3,"28, AVE DE LA GRANGE NOI",0.0,0.0
201300023554,2,3,2013,23,5,33,162,2,1,1,7,"300, AVE DU TAILLAN-MEDO",0.0,0.0
201300023555,6,3,2013,21,5,33,63,2,2,1,3,RUE DE CURSOL,0.0,0.0
201300023556,7,3,2013,22,5,33,63,2,3,2,1,RUE DOCTEUR ALBERT BARRA,0.0,0.0
201300023557,2,3,2013,5,5,33,192,2,1,1,6,"225, CRS DU GENERAL DE G",0.0,0.0
201300023558,7,3,2013,12,1,33,63,2,2,1,3,RUE JEAN SABAROTS,0.0,0.0
201300023559,2,3,2013,20,5,33,65,2,6,1,3,RTE DU BORD DE L'EAU,0.0,0.0
201300023560,1,3,2013,8,1,33,119,2,6,1,3,AVE RENE CASSAGNE,0.0,0.0
201300023561,8,3,2013,8,1,33,63,2,1,1,3,"17, CRS DE LA MARNE",0.0,0.0
201300023562,8,3,2013,14,1,33,63,2,2,1,3,RUE LAMOUROUS,0.0,0.0
201300023563,10,3,2013,5,5,33,63,2,2,1,6,RUE KLEBER,0.0,0.0
201300023564,10,3,2013,8,1,33,63,2,6,1,7,"60, RUE DE LA BECHADE",0.0,0.0
201300023565,8,3,2013,16,1,33,63,2,2,1,3,PCE BIR HAKEIM,0.0,0.0
201300023566,7,3,2013,15,1,33,281,2,6,2,2,AVE RENE CASSIN,0.0,0.0
201300023567,11,3,2013,23,5,33,63,2,1,2,7,"131, CRS VICTOR HUGO",0.0,0.0
201300023568,6,3,2013,19,5,33,550,2,3,1,5,"151, AVE DES PYRENEES",0.0,0.0
201300023569,8,3,2013,11,1,33,32,2,1,1,2,"8, RUE DE BEAUVAL",0.0,0.0
201300023570,8,3,2013,18,1,33,318,2,3,1,3,RUE DE BELFORT,0.0,0.0
201300023571,9,3,2013,12,1,33,318,2,1,1,3,"20, RUE DES RESEDAS",0.0,0.0
201300023572,7,3,2013,17,1,33,281,2,2,1,4,AVE PIERRE MENDES FRANCE,0.0,0.0
201300023573,14,3,2013,18,1,33,63,2,2,1,3,RUE CHABRELY,0.0,0.0
201300023574,15,3,2013,8,1,33,63,2,3,1,3,"94, RUE DOCTEUR ALBERT B",0.0,0.0
201300023575,16,3,2013,12,1,33,63,2,2,1,6,RUE CALVE,0.0,0.0
201300023576,14,3,2013,15,1,33,281,2,4,1,4,"197, AVE DE LA MARNE",0.0,0.0
201300023577,7,3,2013,6,5,33,522,2,1,2,3,"545, CRS DE LA LIBERATIO",0.0,0.0
201300023578,17,3,2013,14,1,33,281,2,1,1,3,"232, AVE DE LA MARNE",0.0,0.0
201300023579,16,3,2013,19,5,33,63,2,1,3,6,"119, AVE DU GENERAL LECL",0.0,0.0
201300023580,8,3,2013,14,1,33,192,2,1,1,3,"27 Ter, CRS DU GENERAL D",0.0,0.0
201300023581,18,3,2013,5,5,33,75,2,1,2,3,"427, RTE DU MEDOC",0.0,0.0
201300023582,11,3,2013,12,1,33,550,2,1,1,6,AVE DU 7EME ART,0.0,0.0
201300023583,20,3,2013,10,1,33,63,2,2,1,3,"23, PCE MARTYRS DE LA RE",0.0,0.0
201300023584,20,3,2013,9,1,33,63,2,2,1,6,BD DU PRESIDENT WILSON,0.0,0.0
201300023585,20,3,2013,15,1,33,63,2,2,1,3,CRS DE LA SOMME,0.0,0.0
201300023586,21,3,2013,13,1,33,522,2,6,1,3,AVE ROUL,0.0,0.0
201300023587,20,3,2013,8,1,33,281,2,1,2,3,"97, AVE PRESIDENT J.F. K",0.0,0.0
201300023588,22,3,2013,23,5,33,63,2,2,2,3,RUE LAFONTAINE,0.0,0.0
201300023589,12,3,2013,12,1,33,318,2,1,1,6,"166, AVE JEAN JAURES",0.0,0.0
201300023590,23,3,2013,0,5,33,63,2,3,1,6,QUAI DE PALUDATE,0.0,0.0
201300023591,22,3,2013,20,5,33,63,2,1,2,3,PONT DE PIERRE,0.0,0.0
201300023592,21,3,2013,16,1,33,119,1,3,1,3,AVE DES QUATRE PAVILLONS,0.0,0.0
201300023593,25,3,2013,14,1,33,63,2,3,1,3,BD DU PRESIDENT WILSON,0.0,0.0
201300023594,23,3,2013,5,5,33,281,2,1,5,7,AVE DE L'ARGONNE,0.0,0.0
201300023595,22,3,2013,12,1,33,318,2,6,1,6,"162, AVE DU HAUT LEVEQUE",0.0,0.0
201300023596,20,3,2013,9,1,33,318,2,1,1,3,AVE DU HAUT LEVEQUE,0.0,0.0
201300023597,8,3,2013,18,5,33,249,2,3,1,6,AVE DE LA LIBERATION,0.0,0.0
201300023598,27,3,2013,14,1,33,63,2,2,1,6,RUE LAFAURIE DE MONBADON,0.0,0.0
201300023599,24,3,2013,12,1,33,281,2,3,1,2,"184, AVE D'ARES",0.0,0.0
201300023600,25,3,2013,16,1,33,281,2,6,2,3,PCE DES GIRONDINS,0.0,0.0
201300023601,25,3,2013,8,1,33,281,2,2,1,3,AVE DE LA MARNE,0.0,0.0
201300023602,23,3,2013,18,1,33,63,2,5,1,3,RUE LUCIEN FAURE,0.0,0.0
201300023603,26,3,2013,8,1,33,281,2,1,1,3,AVE RENE CASSIN,0.0,0.0
201300023604,28,3,2013,9,1,33,63,2,3,2,3,"46, BD DU PRESIDENT WILS",0.0,0.0
201300023605,28,3,2013,22,5,33,63,2,5,1,6,CRS DE L'ARGONNE,0.0,0.0
201300023606,28,3,2013,12,1,33,63,2,2,1,6,RUE GEORGES MANDEL,0.0,0.0
201300023607,20,3,2013,9,1,33,522,2,1,1,3,"68, RUE BOURGES",0.0,0.0
201300023608,1,4,2013,3,5,33,63,2,2,1,6,RUE PAUL LOUIS LANDE,0.0,0.0
201300023609,31,3,2013,17,1,33,63,2,2,1,4,AVE DE NONTRASTE,0.0,0.0
201300023610,26,3,2013,20,5,33,318,2,1,1,6,"138, AVE DU DOCTEUR ALBE",0.0,0.0
201300023611,25,3,2013,7,1,33,13,1,1,1,5,N 89,0.0,0.0
201300023612,2,4,2013,20,2,33,63,2,1,1,6,"31, CRS PASTEUR",0.0,0.0
201300023613,2,4,2013,7,5,33,63,2,2,2,3,QUAI DES QUEYRIES,0.0,0.0
201300023614,2,4,2013,22,5,33,63,2,1,1,3,"66, QUAI DES CHARTRONS",0.0,0.0
201300023615,28,3,2013,16,1,33,318,2,2,1,6,AVE DU PONT DE L'ORIENT,0.0,0.0
201300023616,25,3,2013,17,1,33,522,2,1,1,6,"251, RTE DE TOULOUSE",0.0,0.0
201300023617,3,4,2013,7,1,33,63,2,4,1,6,RUE SAINT SERNIN,0.0,0.0
201300023618,3,4,2013,8,1,33,63,2,1,1,3,"123, CRS D'ALBRET",0.0,0.0