Num_Acc,jour,mois,an,hr,condition_eclairage,departement,commune,condition_agglomeration,intersection,condition_atmosphere,type_collision,adresse,lattitude,longitude
201300023619,29,3,2013,8,1,33,281,2,1,2,2,"188, AVE DE L'ARGONNE",0.0,0.0
201300023620,4,4,2013,13,1,33,63,2,3,2,6,RUE PASTEUR CAUD,0.0,0.0
201300023621,5,4,2013,9,1,33,63,2,3,1,6,RUE FURTADO,0.0,0.0
201300023622,29,3,2013,22,5,33,162,2,2,2,3,AVE DU MEDOC,0.0,0.0
201300023623,29,3,2013,7,1,33,32,2,6,1,6,RUE FENELON,0.0,0.0
201300023624,28,3,2013,13,1,33,249,2,1,1,4,AVE DE PARIS,0.0,0.0
201300023625,7,4,2013,10,1,33,63,2,2,1,3,BD ALBERT 1ER,0.0,0.0
201300023626,5,4,2013,16,1,33,63,2,1,1,6,"31-33, PCE MARTYRS RESIS",0.0,0.0
201300023627,28,3,2013,8,1,33,550,2,6,2,3,RUE YVON MANSENCAL,0.0,0.0
201300023628,5,4,2013,21,5,33,63,2,2,1,6,"0, RUE CASTEJA",0.0,0.0
201300023629,6,4,2013,9,1,33,63,2,2,1,6,CRS ARISTIDE BRIAND,0.0,0.0
201300023630,5,4,2013,19,1,33,63,2,3,1,2,"91, CRS DE LA MARNE",0.0,0.0
201300023631,30,3,2013,4,4,33,522,2,1,2,3,RUE FRANCOIS RABELAIS,0.0,0.0
201300023632,2,4,2013,16,1,33,192,2,1,1,6,ALLEE DU PARC,0.0,0.0
201300023633,10,4,2013,17,1,33,63,2,1,1,6,"12, RUE ARAGO",0.0,0.0
201300023634,10,4,2013,20,5,33,39,2,1,1,6,"135, CRS VICTOR HUGO",0.0,0.0
201300023635,5,4,2013,16,1,33,119,2,2,1,6,RUE LOUIS PERGAUD,0.0,0.0
201300023636,1,4,2013,2,5,33,39,2,6,1,7,CRS VICTOR HUGO,0.0,0.0
201300023637,10,4,2013,13,1,33,63,2,1,1,6,"89, AVE THIERS",0.0,0.0
201300023638,11,4,2013,18,1,33,63,2,4,1,3,RUE FIEFFE,0.0,0.0
201300023639,11,4,2013,13,1,33,63,2,2,2,3,RUE MAUBEC,0.0,0.0
201300023640,11,4,2013,11,1,33,63,2,4,2,3,CRS VICTOR HUGO,0.0,0.0
201300023641,11,4,2013,17,1,33,63,2,3,1,3,CRS VICTOR HUGO,0.0,0.0
201300023642,12,4,2013,11,1,33,63,2,1,2,6,"75, RUE FONDAUDEGE",0.0,0.0
201300023643,12,4,2013,18,1,33,63,2,3,1,6,BD ALBERT 1ER,0.0,0.0
201300023644,13,4,2013,8,1,33,63,2,1,1,2,CRS VICTOR HUGO,0.0,0.0
201300023645,11,4,2013,17,1,33,281,2,1,2,2,AVE ROLAND GARROS,0.0,0.0
201300023646,15,4,2013,7,2,33,63,2,2,1,6,"42, RUE LUCIEN FAURE",0.0,0.0
201300023647,16,4,2013,21,5,33,63,2,3,1,5,BD DU PRESIDENT WILSON,0.0,0.0
201300023648,16,4,2013,18,1,33,63,2,2,1,3,RUE PAULIN,0.0,0.0
201300023649,14,4,2013,15,1,33,281,2,1,1,6,"336, AVE DE L'ARGONNE",0.0,0.0
201300023650,16,4,2013,17,1,33,63,2,1,1,3,AVE DE LAROQUE,0.0,0.0
201300023651,12,4,2013,13,1,33,281,2,3,1,3,RUE RIAUD,0.0,0.0
201300023652,4,4,2013,12,1,33,522,2,6,3,7,RUE PEYDAVANT,0.0,0.0
201300023653,10,4,2013,17,1,33,200,2,3,1,3,AVE DU BICENTENAIRE,0.0,0.0
201300023654,18,4,2013,0,5,33,63,2,3,1,6,QUAI RICHELIEU,0.0,0.0
201300023655,18,4,2013,1,5,33,63,2,2,1,3,CRS DE LA MARNE,0.0,0.0
201300023656,18,4,2013,10,1,33,550,2,3,1,6,RUE PIERRE BENOIT,0.0,0.0
201300023657,18,4,2013,9,1,33,63,2,1,1,7,"11, CRS VICTOR HUGO",0.0,0.0
201300023658,18,4,2013,9,1,33,63,2,2,1,3,AVE D'ARES CAUD,0.0,0.0
201300023659,21,4,2013,14,1,33,63,2,3,1,3,"99, RUE FONDAUDEGE",0.0,0.0
201300023660,20,4,2013,22,5,33,63,2,3,1,3,AVE DE LA REPUBLIQUE CAU,0.0,0.0
201300023661,18,4,2013,19,1,33,63,2,1,1,5,"80, CRS DU MEDOC",0.0,0.0
201300023662,20,4,2013,4,5,33,63,2,1,1,6,"40, QUAI DE PALUDATE",0.0,0.0
201300023663,22,4,2013,9,1,33,63,2,1,1,3,"351, BD JEAN-JACQUES BOS",0.0,0.0
201300023664,22,4,2013,17,1,33,63,2,1,1,6,"44, RUE D'AVIAU",0.0,0.0
201300023665,22,4,2013,19,1,33,63,2,2,1,3,CRS DE L'INTENDANCE,0.0,0.0
201300023666,21,4,2013,20,2,33,75,1,4,1,6,PONT NEUF (RUE DU),0.0,0.0
201300023667,23,4,2013,7,1,33,281,2,1,1,2,AVE DE L'YSER,0.0,0.0
201300023668,18,4,2013,17,1,33,318,2,2,1,3,AVE DU GENERAL LECLERC,0.0,0.0
201300023669,18,4,2013,8,1,33,119,2,4,1,3,RUE PIERRE BEREGOVOY,0.0,0.0
201300023670,23,4,2013,17,1,33,63,2,2,1,3,RUE CATULLE MENDES,0.0,0.0
201300023671,21,4,2013,14,1,33,318,2,3,1,3,AVE DE BEUTRE,0.0,0.0
201300023672,22,4,2013,8,1,33,119,2,3,1,6,RUE DU MARECHAL FOCH,0.0,0.0
201300023673,19,4,2013,16,1,33,318,2,6,1,3,RUE JEAN PERRIN,0.0,0.0
201300023674,22,4,2013,16,1,33,281,2,1,1,6,"27, RUE CANEJAN",0.0,0.0
201300023675,17,4,2013,15,1,33,522,2,1,1,3,"42, RUE RENE VACHE",0.0,0.0
201300023676,22,4,2013,9,1,33,167,2,6,1,2,AVE DES MONDAULTS,0.0,0.0
201300023677,23,4,2013,18,1,33,63,2,1,1,6,"77, AVE DE MERIGNAC CAUD",0.0,0.0
201300023678,25,4,2013,11,1,33,63,2,1,1,6,"3, RUE DES VIVANTS",0.0,0.0
201300023679,25,4,2013,22,5,33,63,2,6,1,3,RUE DE BETHMANN,0.0,0.0
201300023680,25,4,2013,10,1,33,63,2,1,1,6,"15, RUE VILARIS",0.0,0.0
201300023681,25,4,2013,9,1,33,63,2,5,1,4,BD GEORGE V,0.0,0.0
201300023682,22,4,2013,18,1,33,318,2,1,1,3,"4 Bis, AVE ANTOINE BECQU",0.0,0.0
201300023683,28,4,2013,21,2,33,63,2,5,1,3,BD LUDOVIC TRARIEUX,0.0,0.0
201300023684,28,4,2013,18,1,33,63,2,5,1,3,PCE DE LATULE,0.0,0.0
201300023685,28,4,2013,4,5,33,63,2,3,1,3,QUAI DES CHARTRONS,0.0,0.0
201300023686,26,4,2013,12,1,33,63,2,1,2,2,AVE CHARLES DE GAULLE CA,0.0,0.0
201300023687,27,4,2013,18,1,33,63,2,5,1,6,PCE PICARD,0.0,0.0
201300023688,19,4,2013,16,1,33,522,2,2,1,3,"50, RUE DE TREMEUGE",0.0,0.0
201300023689,26,4,2013,15,1,33,63,2,2,2,3,CRS DE LA MARNE,0.0,0.0
201300023690,22,4,2013,18,1,33,550,2,2,1,3,RTE DE LEOGNAN,0.0,0.0
201300023691,27,4,2013,0,5,33,63,2,4,8,6,RUE MONTMEJEAN,0.0,0.0
201300023692,26,4,2013,21,5,33,63,2,2,8,6,BD JEAN-JACQUES BOSC,0.0,0.0
201300023693,29,4,2013,9,1,33,63,2,2,1,3,RUE DE LA MERCI,0.0,0.0
201300023694,18,4,2013,8,1,33,550,2,2,1,3,RUE DE LA PAIX,0.0,0.0
201300023695,29,4,2013,16,1,33,63,2,3,1,3,AVE DES QUARANTE JOURNAU,0.0,0.0
201300023696,2,5,2013,7,1,33,281,2,1,1,6,AVE DE MAGUDAS,0.0,0.0
201300023697,28,4,2013,15,1,33,281,2,1,1,3,"38, AVE DE L'EUROPE",0.0,0.0
201300023698,1,5,2013,2,5,33,281,2,1,3,6,"50, AVE DE L'ARGONNE",0.0,0.0
201300023699,25,4,2013,8,1,33,281,2,1,1,4,"174, AVE MARCEL DASSAULT",0.0,0.0
201300023700,26,4,2013,12,1,33,119,2,4,2,6,RUE CAMILLE PELLETAN,0.0,0.0
201300023701,2,5,2013,9,1,33,63,2,2,1,3,RUE LACHASSAIGNE,0.0,0.0
201300023702,30,4,2013,20,5,33,63,2,2,2,3,BD ALBERT BRANDENBURG,0.0,0.0
201300023703,1,5,2013,17,1,33,162,2,3,2,3,AVE DU TAILLAN-MEDOC,0.0,0.0
201300023704,4,5,2013,5,4,33,63,2,1,5,6,QUAI DU MAROC,0.0,0.0
201300023705,4,5,2013,0,5,33,63,2,2,1,3,CRS MARECHAL JUIN,0.0,0.0
201300023706,3,5,2013,11,1,33,63,2,1,1,3,CRS DE L'YSER,0.0,0.0
201300023707,4,5,2013,19,1,33,63,2,3,1,3,QUAI DE PALUDATE,0.0,0.0
201300023708,6,5,2013,18,1,33,63,2,2,1,3,CRS DU MARECHAL GALLIENI,0.0,0.0
201300023709,6,5,2013,19,1,33,63,2,3,1,6,RUE DES FRERES PORTMANN,0.0,0.0
201300023710,8,5,2013,12,1,33,63,2,1,1,5,AVE DES TROIS CARDINAUX,0.0,0.0
201300023711,5,5,2013,13,1,33,13,2,1,1,2,N 89,0.0,0.0
201300023712,10,5,2013,16,1,33,63,2,3,1,3,"44, CRS GEORGES CLEMENCE",0.0,0.0
201300023713,12,5,2013,2,5,33,281,2,6,1,7,AVE FRANCOIS MITTERRAND,0.0,0.0
201300023714,4,5,2013,16,1,33,200,2,2,1,3,AVE PASTEUR,0.0,0.0
201300023715,11,5,2013,13,1,33,63,2,2,1,3,BD ANTOINE GAUTIER,0.0,0.0
201300023716,4,5,2013,17,1,33,200,1,1,2,6,"29, AVE DE MAGUDAS",0.0,0.0
201300023717,7,5,2013,12,1,33,281,2,1,1,3,"6, RUE LAPLACE",0.0,0.0
201300023718,11,5,2013,18,1,33,63,2,1,1,6,PRK IKEA,0.0,0.0
201300023719,9,5,2013,17,1,33,281,2,1,2,4,AVE DE LA SOMME,0.0,0.0
201300023720,4,5,2013,17,1,33,318,2,1,1,4,"100, AVE DE SAIGE",0.0,0.0
201300023721,12,5,2013,19,1,33,162,2,1,1,7,"43, RUE SAINT- EXUPERY",0.0,0.0
201300023722,14,5,2013,21,2,33,63,2,3,2,6,"43, IMP SAINTE- CATHERIN",0.0,0.0
201300023723,15,5,2013,9,1,33,63,2,5,1,6,QUAI DESCHAMPS,0.0,0.0
201300023724,15,5,2013,9,1,33,63,2,3,1,3,CRS GEORGES CLEMENCEAU,0.0,0.0
201300023725,16,5,2013,18,1,33,63,2,2,1,3,RUE PASTEUR CAUD,0.0,0.0
201300023726,16,5,2013,18,1,33,63,2,2,1,6,"243, RUE DE PESSAC",0.0,0.0
201300023727,17,5,2013,15,1,33,63,2,3,1,3,PCE BIR HAKEIM,0.0,0.0
201300023728,20,5,2013,14,1,33,63,2,1,1,4,"256-258, BD JEAN-JACQUES",0.0,0.0
201300023729,19,5,2013,7,1,33,63,2,2,1,6,RUE DU FORT LOUIS,0.0,0.0
201300023730,17,5,2013,16,1,33,63,2,1,1,6,"24-25, PCE DES CAPUCINS",0.0,0.0
201300023731,16,5,2013,20,1,33,63,2,3,1,6,RUE DU BOCAGE CAUD,0.0,0.0
201300023732,17,5,2013,19,1,33,63,2,1,1,3,"45, CRS MARECHAL JUIN",0.0,0.0
201300023733,14,5,2013,8,1,33,281,2,2,1,3,AVE DE L'YSER,0.0,0.0
201300023734,15,5,2013,8,1,33,69,2,6,8,6,RUE FERDINAND BUISSON,0.0,0.0
201300023735,21,5,2013,18,1,33,63,2,2,1,6,PCE BIR HAKEIM,0.0,0.0
201300023736,18,5,2013,8,1,33,281,2,2,3,3,AVE DE L'YSER,0.0,0.0
201300023737,16,5,2013,16,1,33,63,2,2,1,6,CRS VICTOR HUGO,0.0,0.0
201300023738,22,5,2013,2,5,33,63,2,1,3,6,CRS MARC NOUAUX,0.0,0.0
201300023739,16,5,2013,7,1,33,281,2,3,2,2,RUE ALESSANDRO VOLTA,0.0,0.0
201300023740,22,5,2013,13,1,33,63,2,2,1,6,RUE DE PESSAC,0.0,0.0
201300023741,22,5,2013,20,1,33,63,2,3,1,3,CRS VICTOR HUGO,0.0,0.0
201300023742,22,5,2013,18,1,33,63,2,1,1,6,"287, BD ALFRED DANEY",0.0,0.0
201300023743,16,5,2013,16,1,33,39,2,1,1,5,BD ALBERT 1ER,0.0,0.0
201300023744,23,5,2013,16,1,33,63,2,4,1,3,CRS DE LA MARNE,0.0,0.0
201300023745,17,5,2013,16,1,33,281,2,1,1,3,AVE ROLAND GARROS,0.0,0.0
201300023746,16,5,2013,21,2,33,522,2,2,1,6,"0, AVE MARECHAL LECLERC",0.0,0.0
201300023747,22,5,2013,10,1,33,281,2,3,2,2,AVE DU MARECHAL LECLERC,0.0,0.0
201300023748,24,5,2013,7,1,33,63,2,1,1,3,"65, CRS GEORGES CLEMENCE",0.0,0.0
201300023749,24,5,2013,14,1,33,63,2,4,1,5,BD GODARD,0.0,0.0
201300023750,24,5,2013,17,1,33,63,2,2,1,6,RUE ROBERT SCHUMAN,0.0,0.0
201300023751,24,5,2013,23,5,33,63,2,3,1,7,"71, CRS VICTOR HUGO",0.0,0.0
201300023752,18,5,2013,10,1,33,192,2,1,2,3,RTE DE LEOGNAN,0.0,0.0
201300023753,19,5,2013,20,1,33,281,2,3,1,7,AVE DU BOURGAILH,0.0,0.0
201300023754,18,5,2013,21,2,33,39,2,1,2,6,RUE DES FRERES MOGA,0.0,0.0
201300023755,18,5,2013,16,1,33,550,2,1,3,6,CHEM GASTON,0.0,0.0
201300023756,27,5,2013,12,1,33,63,2,2,1,6,CRS D'ALBRET,0.0,0.0
201300023757,29,5,2013,8,1,33,63,2,1,3,5,BD ALIENOR D'AQUITAINE,0.0,0.0
201300023758,29,5,2013,23,5,33,63,1,2,1,3,BD GEORGES POMPIDOU,0.0,0.0
201300023759,25,5,2013,17,1,33,249,2,6,1,3,AVE DE PARIS,0.0,0.0
201300023760,31,5,2013,3,5,33,63,2,1,3,6,"7, BD GEORGE V",0.0,0.0
201300023761,28,5,2013,21,2,33,281,2,3,1,3,CHEM DE LA PROCESSION,0.0,0.0
201300023762,25,5,2013,15,1,33,167,2,2,1,6,"87, AVE JEAN JAURES",0.0,0.0
201300023763,30,5,2013,13,1,33,63,2,2,2,3,RUE LEBERTHON,0.0,0.0
201300023764,27,5,2013,12,1,33,318,2,1,1,7,ALL DE LA POUDRIERE,0.0,0.0
201300023765,31,5,2013,0,4,33,63,2,3,1,7,"65, RUE DU PAS SAINT- GE",0.0,0.0
201300023766,24,5,2013,20,1,33,69,2,1,2,6,"16, AVE PRESIDENT ROBERT",0.0,0.0
201300023767,23,5,2013,16,1,33,522,2,3,1,6,RUE DE LA VIEILLE TOUR,0.0,0.0
201300023768,2,6,2013,1,5,33,63,2,2,1,6,RUE DONISSAN,0.0,0.0
201300023769,3,6,2013,16,1,33,63,2,3,1,2,RUE LAPLACETTE,0.0,0.0
201300023770,4,6,2013,19,1,33,63,2,2,1,3,RUE BERNARD ADOUR CAUD,0.0,0.0
201300023771,29,5,2013,19,1,33,318,2,1,2,5,"241, AVE MAL DE LATTRE D",0.0,0.0
201300023772,31,5,2013,7,4,33,63,2,2,1,1,RUE STEHELIN CAUD,0.0,0.0
201300023773,2,6,2013,17,1,33,318,2,1,1,7,AVE DE SAIGE,0.0,0.0
201300023774,5,6,2013,7,1,33,63,2,1,1,3,"135, RUE PELLEPORT",0.0,0.0
201300023775,5,6,2013,18,1,33,63,2,2,1,3,BD DU PRESIDENT WILSON,0.0,0.0
201300023776,5,6,2013,12,1,33,63,2,4,1,3,QUAI DESCHAMPS,0.0,0.0
201300023777,6,6,2013,16,1,33,63,2,1,1,6,BD GEORGE V,0.0,0.0
201300023778,29,5,2013,13,1,33,550,2,2,2,3,"95, RTE DE LEOGNAN",0.0,0.0
201300023779,2,6,2013,1,5,33,119,2,3,1,3,RUE ARISTIDE BRIAND,0.0,0.0
201300023780,8,6,2013,3,5,33,63,2,2,2,3,BD DU PRESIDENT WILSON,0.0,0.0
201300023781,7,6,2013,14,1,33,63,2,3,1,3,RUE PASTEUR CAUD,0.0,0.0
201300023782,8,6,2013,3,1,33,63,2,1,2,7,"47, CRS D'ALSACE ET LORR",0.0,0.0
201300023783,9,6,2013,1,5,33,63,2,6,3,1,RD PT DE BRIENNE,0.0,0.0
201300023784,9,6,2013,2,5,33,39,2,2,3,3,AVE ALEXIS CAPELLE,0.0,0.0
201300023785,6,6,2013,9,1,33,281,2,1,1,5,AVE MARCEL DASSAULT,0.0,0.0
201300023786,6,6,2013,8,1,33,318,2,1,1,6,AVE PIERRE CASTAING,0.0,0.0
201300023787,3,6,2013,17,1,33,192,2,3,1,2,GAULLE (CRS DU GENERAL D,0.0,0.0
201300023788,3,6,2013,7,1,33,318,2,1,1,7,"42, RUE DU BLAYAIS",0.0,0.0
201300023789,3,6,2013,14,1,33,522,2,2,1,3,RUE CLEMENT THOMAS,0.0,0.0
201300023790,2,6,2013,15,1,33,318,2,3,1,6,AVE DU GENERAL LECLERC,0.0,0.0
201300023791,29,5,2013,9,1,33,522,2,3,3,5,RUE DE SUZON,0.0,0.0
201300023792,12,6,2013,0,5,33,63,2,1,1,1,"57, CRS ARISTIDE BRIAND",0.0,0.0
201300023793,10,6,2013,9,1,33,281,2,1,2,3,"118, AVE DE MAGUDAS",0.0,0.0
201300023794,6,6,2013,8,1,33,69,2,6,1,3,AVE DE TIVOLI,0.0,0.0
201300023795,12,6,2013,13,1,33,63,2,1,1,4,RUE DE BETHMANN,0.0,0.0
201300023796,10,6,2013,8,1,33,13,2,1,8,2,RN 89,0.0,0.0
201300023797,8,6,2013,8,1,33,162,2,1,1,6,AVE DE PICOT,0.0,0.0
201300023798,7,6,2013,16,1,33,167,2,2,1,6,RUE JULES GUESDE,0.0,0.0
201300023799,7,6,2013,12,1,33,167,2,3,1,1,AVE PASTEUR,0.0,0.0
201300023800,11,6,2013,16,1,33,281,2,1,1,3,"28, AVE GUSTAVE EIFFEL",0.0,0.0
201300023801,13,6,2013,7,1,33,281,2,2,1,3,RUE FRANCOIS ARAGO,0.0,0.0
201300023802,11,6,2013,11,1,33,318,2,4,1,6,ESP DES ANTILLES,0.0,0.0
201300023803,13,6,2013,7,1,33,63,2,3,1,3,CRS DE L'YSER,0.0,0.0
201300023804,12,6,2013,12,1,33,63,2,1,1,6,RUE CLAUDE BONNIER,0.0,0.0
201300023805,14,6,2013,13,1,33,63,2,4,1,3,"79, BD ALBERT 1ER",0.0,0.0
201300023806,15,6,2013,10,1,33,63,2,1,1,6,PONT SAINT- JEAN,0.0,0.0
201300023807,15,6,2013,16,1,33,63,2,1,1,3,QUAI DE LA SOUYS,0.0,0.0
201300023808,15,6,2013,5,4,33,13,2,1,1,6,RN 89,0.0,0.0
201300023809,16,6,2013,1,5,33,63,2,2,1,3,RUE ESPRIT-DES-LOIS,0.0,0.0
201300023810,16,6,2013,13,1,33,63,2,2,1,6,CRS DE LA MARNE,0.0,0.0
201300023811,15,6,2013,11,1,33,281,2,1,1,3,"495, AVE DE VERDUN",0.0,0.0
201300023812,12,6,2013,14,1,33,75,2,3,1,6,AVE CHARLES DE GAULLE,0.0,0.0
201300023813,14,6,2013,2,5,33,249,2,1,2,7,RUE DU PIMPIN,0.0,0.0
201300023814,17,6,2013,11,1,33,63,2,1,1,6,"43, CRS VICTOR HUGO",0.0,0.0
201300023815,13,6,2013,16,1,33,249,2,1,2,3,RUE JEAN ZAY,0.0,0.0
201300023816,14,6,2013,8,1,33,318,2,1,1,3,"5, AVE ANTOINE BECQUEREL",0.0,0.0
201300023817,18,6,2013,18,1,33,63,2,2,3,2,CRS BALGUERIE STUTTENBER,0.0,0.0
201300023818,18,6,2013,5,2,33,63,2,2,3,3,BD DU PDT FRANKLIN ROOSE,0.0,0.0
201300023819,14,6,2013,15,1,33,318,2,1,1,2,"43, AVE DE MADRAN",0.0,0.0
201300023820,20,6,2013,1,5,33,63,2,1,1,6,"16, ALL DE TOURNY",0.0,0.0
201300023821,19,6,2013,6,1,33,281,2,1,2,1,AVE DE L'ARGONNE,0.0,0.0
201300023822,12,6,2013,13,1,33,192,2,1,1,2,"5, AVE FAVARD",0.0,0.0
201300023823,14,6,2013,0,5,33,550,2,6,2,6,RUE FERNAND SOORS,0.0,0.0
201300023824,23,6,2013,2,5,33,63,2,4,1,6,"41, RUE ERNEST RENAN",0.0,0.0
201300023825,19,6,2013,11,1,33,281,1,1,1,3,AVE MARCEL DASSAULT,0.0,0.0
201300023826,14,6,2013,15,1,33,65,2,6,1,3,SORTIE ROCADE N? 22,0.0,0.0
201300023827,14,6,2013,8,1,33,192,2,1,1,6,"5, NAUDET (RUE )",0.0,0.0
201300023828,24,6,2013,10,1,33,63,2,1,1,6,PCE DE LA VICTOIRE,0.0,0.0
201300023829,24,6,2013,12,1,33,63,2,5,1,5,PCE RAVESIES,0.0,0.0
201300023830,24,6,2013,16,1,33,63,2,3,1,3,QUAI DES QUEYRIES,0.0,0.0
201300023831,16,6,2013,9,1,33,249,2,5,1,3,AVE DU PRESIDENT J.F. KE,0.0,0.0
201300023832,18,6,2013,6,1,33,281,2,2,2,3,RUE CAMILLE FLAMMARION,0.0,0.0
201300023833,25,6,2013,0,5,33,281,2,3,1,6,AVE DU MARECHAL LECLERC,0.0,0.0
201300023834,22,6,2013,15,1,33,249,2,2,1,6,RUE JOACHIM DU BELLAY,0.0,0.0
201300023835,21,6,2013,15,1,33,318,2,6,2,3,AVE DES PROVINCES,0.0,0.0
201300023836,25,6,2013,20,1,33,63,2,1,1,6,CRS SAINT LOUIS,0.0,0.0
201300023837,18,6,2013,14,1,33,522,2,3,2,6,AVE RAYMOND POINCARE,0.0,0.0
201300023838,14,6,2013,12,1,33,522,2,2,1,3,PASS DES MARGUERITES,0.0,0.0
201300023839,24,6,2013,9,1,33,63,2,1,1,3,"114, AVE THIERS",0.0,0.0
201300023840,16,6,2013,10,1,33,192,2,2,1,3,RTE DE LEOGNAN,0.0,0.0
201300023841,25,6,2013,6,2,33,318,2,2,1,3,RUE DE LA PRINCESSE,0.0,0.0
201300023842,28,6,2013,7,1,33,63,2,1,1,5,BD ANTOINE GAUTIER,0.0,0.0
201300023843,21,6,2013,16,1,33,39,2,1,2,2,RUE DU PRECHE,0.0,0.0
201300023844,28,6,2013,0,5,33,63,2,3,1,7,CRS D'ALSACE ET LORRAINE,0.0,0.0
201300023845,27,6,2013,16,1,33,63,2,3,1,6,RUE DE VINCENNES,0.0,0.0
201300023846,26,6,2013,15,1,33,119,2,4,1,3,AVE RENE CASSAGNE,0.0,0.0
201300023847,29,6,2013,15,1,33,281,2,1,1,6,"0, RUE JACQUES PREVERT",0.0,0.0
201300023848,23,6,2013,1,5,33,39,2,1,1,6,"79, RUE FERDINAND BUISSO",0.0,0.0
201300023849,28,6,2013,15,1,33,63,2,1,1,2,"183, BD ALBERT 1ER",0.0,0.0
201300023850,1,7,2013,23,5,33,63,2,2,1,6,RUE DONISSAN,0.0,0.0
201300023851,29,6,2013,16,1,33,281,2,1,1,6,"16, AVE DE L'ALOUETTE",0.0,0.0
201300023852,28,6,2013,13,1,33,281,2,1,1,2,AVE RENE CASSIN,0.0,0.0
201300023853,30,6,2013,3,5,33,119,2,2,1,6,"46, AVE JEAN JAURES",0.0,0.0
201300023854,2,7,2013,16,1,33,63,2,1,1,6,QUAI DESCHAMPS,0.0,0.0
201300023855,27,6,2013,19,1,33,249,2,1,1,3,QUAI CHAIGNEAU BICHON,0.0,0.0
201300023856,30,6,2013,13,1,33,249,2,1,1,6,"18, QUAI NUMA SENSINE",0.0,0.0
201300023857,2,7,2013,16,1,33,63,2,3,1,3,CRS VICTOR HUGO,0.0,0.0
201300023858,22,6,2013,11,1,33,192,2,2,1,6,RUE DE LOUSTALOT,0.0,0.0
201300023859,2,7,2013,18,1,33,281,2,1,1,3,"64, AVE DE LA MARNE",0.0,0.0
201300023860,5,7,2013,7,1,33,63,2,1,1,6,"72, RUE PIERRE TREBOD",0.0,0.0
201300023861,3,7,2013,14,1,33,281,2,3,1,2,AVE DU TRUC,0.0,0.0
201300023862,4,7,2013,13,1,33,63,2,4,1,2,BD ALFRED DANEY,0.0,0.0
201300023863,4,7,2013,14,1,33,63,2,4,1,3,QUAI SAINTE- CROIX,0.0,0.0
201300023864,4,7,2013,15,1,33,63,2,3,1,3,RUE PEYRONNET,0.0,0.0
201300023865,4,7,2013,18,1,33,63,2,6,1,3,RDPT TOBEEN,0.0,0.0
201300023866,28,6,2013,18,1,33,550,2,1,1,4,"451, RTE DE TOULOUSE",0.0,0.0
201300023867,5,7,2013,15,1,33,63,2,4,1,3,CRS CHARLES BRICAUD,0.0,0.0
201300023868,5,7,2013,8,1,33,63,2,2,1,6,CRS ARISTIDE BRIAND,0.0,0.0
201300023869,5,7,2013,10,1,33,63,2,2,1,3,RUE D'ENGHIEN,0.0,0.0
201300023870,28,6,2013,15,1,33,39,2,1,1,6,PCE DU BICENTENAIRE,0.0,0.0
201300023871,5,7,2013,21,1,33,63,2,1,1,6,CRS JULES LADOUMEGUE,0.0,0.0
201300023872,3,7,2013,17,1,33,318,2,2,2,6,AVE DE MAGELLAN,0.0,0.0
201300023873,5,7,2013,15,1,33,63,2,3,1,6,RUE DES SABLIERES,0.0,0.0
201300023874,6,7,2013,9,1,33,63,2,3,1,6,RUE PROFESSEUR VINCENT,0.0,0.0
201300023875,8,7,2013,14,1,33,63,2,1,1,3,ALL DES PASTEURINES CAUD,0.0,0.0
201300023876,8,7,2013,8,1,33,63,2,3,1,3,"49, RUE MILLIERE",0.0,0.0
201300023877,3,7,2013,10,1,33,550,2,3,1,3,RTE DE TOULOUSE,0.0,0.0
201300023878,6,7,2013,7,1,33,281,2,1,1,3,"128, AVE DE L'ARGONNE",0.0,0.0
201300023879,7,7,2013,6,5,33,318,2,1,1,6,"58TER, AVE DE SAIGE",0.0,0.0
201300023880,9,7,2013,11,1,33,63,2,3,1,6,"92, CRS DE VERDUN",0.0,0.0
201300023881,6,7,2013,20,1,33,119,2,2,1,2,AVE JEAN JAURES,0.0,0.0
201300023882,10,7,2013,14,1,33,63,2,2,1,3,CRS DU RACCORDEMENT,0.0,0.0
201300023883,9,7,2013,12,1,33,13,2,1,1,5,RN 89,0.0,0.0
201300023884,5,7,2013,13,1,33,39,2,3,1,3,RUE ALEXIS LABRO,0.0,0.0
201300023885,13,7,2013,0,5,33,63,2,1,1,6,CRS JULES LADOUMEGUE,0.0,0.0
201300023886,24,6,2013,19,1,33,63,2,5,1,3,BD ALBERT 1ER,0.0,0.0
201300023887,12,7,2013,11,1,33,63,2,2,1,2,RUE JEAN RENAUD DANDICOL,0.0,0.0
201300023888,15,7,2013,10,1,33,63,2,4,1,6,"21, RUE TAUDIN CAUD",0.0,0.0
201300023889,8,7,2013,9,1,33,192,2,2,1,6,"9, PCE BERNARD ROUMEGOUX",0.0,0.0
201300023890,16,7,2013,21,1,33,63,2,1,1,6,BD DU PRESIDENT WILSON,0.0,0.0
201300023891,14,7,2013,14,1,33,281,2,6,1,3,AVE FRANCOIS MITTERRAND,0.0,0.0
201300023892,10,7,2013,19,1,33,249,2,1,1,6,AVE DE LA LIBERATION,0.0,0.0
201300023893,16,7,2013,20,1,33,63,2,2,1,6,PCE BIR HAKEIM,0.0,0.0
201300023894,12,7,2013,17,1,33,550,2,1,1,5,CHEM DU PAS DE LA COTE,0.0,0.0
201300023895,12,7,2013,11,1,33,318,2,2,1,5,AVE MARC DESBATS,0.0,0.0
201300023896,16,7,2013,21,2,33,167,2,2,1,3,RUE SALVADOR ALLENDE,0.0,0.0
201300023897,12,7,2013,15,1,33,39,2,1,1,2,"91, QUAI DU PRESIDENT WI",0.0,0.0
201300023898,18,7,2013,9,1,33,63,2,2,1,3,CRS DU MEDOC,0.0,0.0
201300023899,13,7,2013,14,1,33,318,2,3,1,6,"18, RUE VILLENEUVE",0.0,0.0
201300023900,17,7,2013,16,1,33,281,2,1,1,3,AVE DE MAGUDAS,0.0,0.0
201300023901,21,7,2013,10,1,33,63,2,1,1,2,RUE DE SEM,0.0,0.0
201300023902,18,7,2013,11,1,33,200,2,1,1,4,AVE DE MAGUDAS,0.0,0.0
201300023903,21,7,2013,22,5,33,63,2,5,1,3,ALL MIRABEAU CAUD,0.0,0.0
201300023904,19,7,2013,17,1,33,63,2,1,1,3,"264, AVE DE LA REPUBLIQU",0.0,0.0
201300023905,21,7,2013,15,1,33,281,1,1,1,1,AVE MARCEL DASSAULT,0.0,0.0
201300023906,18,7,2013,10,1,33,318,2,2,1,3,AVE DU PONT DE L'ORIENT,0.0,0.0
201300023907,22,7,2013,16,1,33,63,2,2,1,2,BD ALFRED DANEY,0.0,0.0
201300023908,23,7,2013,6,2,33,63,2,2,1,6,RUE JUDAIQUE,0.0,0.0