Num_Acc,jour,mois,an,hr,condition_eclairage,departement,commune,condition_agglomeration,intersection,condition_atmosphere,type_collision,adresse,lattitude,longitude
201300023909,22,7,2013,10,1,33,281,2,3,1,4,"70, RUE DU JARD",0.0,0.0
201300023910,20,7,2013,19,1,33,281,2,1,1,6,"56, AVE MARCEL DASSAULT",0.0,0.0
201300023911,23,7,2013,14,1,33,281,2,1,1,6,"6, RUE APOLLO",0.0,0.0
201300023912,24,7,2013,18,1,33,63,2,1,1,7,"120, RUE GEORGES BONNAC",0.0,0.0
201300023913,24,7,2013,18,1,33,63,2,2,1,3,CRS DE LA MARNE,0.0,0.0
201300023914,19,7,2013,11,1,33,550,2,1,1,6,RUE NICOLAS APPERT,0.0,0.0
201300023915,25,7,2013,22,5,33,63,1,2,1,3,"110, CRS DE L'YSER",0.0,0.0
201300023916,21,7,2013,0,5,33,39,2,6,1,3,AVE ROGER SALENGRO,0.0,0.0
201300023917,25,7,2013,20,1,33,63,2,1,1,2,BD ALFRED DANEY,0.0,0.0
201300023918,16,7,2013,10,1,33,550,2,3,1,3,RUE ANDRE BOURVIL,0.0,0.0
201300023919,26,7,2013,10,1,33,63,2,3,1,2,"35-37, CRS VICTOR HUGO",0.0,0.0
201300023920,25,7,2013,12,1,33,281,2,6,1,6,AVE RENE CASSIN,0.0,0.0
201300023921,26,7,2013,12,1,33,69,2,2,2,3,AVE DE LA LIBERATION-CH.,0.0,0.0
201300023922,21,7,2013,20,1,33,63,2,6,1,3,RUE DE LA MISSION DU HAU,0.0,0.0
201300023923,19,7,2013,11,1,33,522,2,4,1,5,CRS DE LA LIBERATION,0.0,0.0
201300023924,26,7,2013,16,1,33,63,2,3,1,2,VOIE D'ACCES PONT SAINT,0.0,0.0
201300023925,24,7,2013,7,1,33,65,2,5,1,3,D 113,0.0,0.0
201300023926,24,7,2013,5,2,33,318,2,2,1,3,ALL MAINE DE BIRAN,0.0,0.0
201300023927,29,7,2013,16,1,33,63,2,2,1,3,RUE MOUNEYRA,0.0,0.0
201300023928,23,7,2013,21,2,33,119,2,6,1,2,"135, AVE RENE CASSAGNE",0.0,0.0
201300023929,31,7,2013,7,1,33,63,2,2,1,6,RUE MOUNEYRA,0.0,0.0
201300023930,1,8,2013,16,1,33,63,2,3,1,3,AVE DE LABARDE,0.0,0.0
201300023931,25,7,2013,17,1,33,522,2,6,1,3,RTE DE TOULOUSE,0.0,0.0
201300023932,25,7,2013,15,1,33,522,2,1,1,3,"453, CRS DE LA LIBERATIO",0.0,0.0
201300023933,31,7,2013,2,5,33,281,2,1,1,6,AVE MARCEL DASSAULT,0.0,0.0
201300023934,31,7,2013,16,1,33,281,2,1,1,3,"34, AVE GUSTAVE EIFFEL",0.0,0.0
201300023935,31,7,2013,8,1,33,318,2,3,1,3,RUE ALBERT LAURENSON,0.0,0.0
201300023936,31,7,2013,18,1,33,13,1,1,1,3,RN 89,0.0,0.0
201300023937,29,7,2013,9,1,33,192,2,6,1,3,RUE SAINT-FRANCOIS XAVIE,0.0,0.0
201300023938,1,8,2013,9,1,33,318,2,2,1,3,RUE DE LA POUDRIERE,0.0,0.0
201300023939,4,8,2013,17,1,33,63,2,3,1,2,QUAI DES CHARTRONS,0.0,0.0
201300023940,27,7,2013,16,1,33,39,2,2,1,4,RUE ALBERT THOMAS,0.0,0.0
201300023941,30,7,2013,18,1,33,39,2,4,1,3,RUE LAPELLETERIE,0.0,0.0
201300023942,2,8,2013,16,1,33,63,2,1,1,1,"53, BD GEORGES POMPIDOU",0.0,0.0
201300023943,5,8,2013,6,5,33,63,2,1,1,6,"41, RUE DE TAUZIA",0.0,0.0
201300023944,2,8,2013,23,5,33,63,2,1,8,6,"378, BD DU PRESIDENT WIL",0.0,0.0
201300023945,27,7,2013,11,1,33,63,2,3,1,3,CRS MARC NOUAUX,0.0,0.0
201300023946,3,8,2013,10,1,33,281,2,1,1,3,"44, AVE DE L'ARGONNE",0.0,0.0
201300023947,1,8,2013,10,1,33,32,2,3,1,3,AVE DES GRIFFONS,0.0,0.0
201300023948,4,8,2013,15,1,33,318,2,2,1,3,AVE DU BOURGAILH,0.0,0.0
201300023949,4,8,2013,22,5,33,281,2,1,1,6,"28, AVE MARCEL DASSAULT",0.0,0.0
201300023950,8,8,2013,16,1,33,63,2,1,1,6,CRS DE VERDUN,0.0,0.0
201300023951,6,8,2013,15,1,33,318,2,2,1,3,AVE DU BOURGAILH,0.0,0.0
201300023952,6,8,2013,9,1,33,281,2,1,1,7,AVE RENE CASSIN,0.0,0.0
201300023953,12,8,2013,13,1,33,63,2,3,1,3,BD ANTOINE GAUTIER,0.0,0.0
201300023954,6,8,2013,5,1,33,522,2,2,1,3,RUE LAMARTINE,0.0,0.0
201300023955,9,8,2013,18,1,33,281,2,2,1,2,AVE ARISTIDE BRIAND,0.0,0.0
201300023956,4,8,2013,17,1,33,550,2,1,1,3,CHEM GASTON,0.0,0.0
201300023957,8,8,2013,11,1,33,249,2,1,1,6,"4, AVE DE LA LIBERATION",0.0,0.0
201300023958,1,8,2013,15,1,33,200,2,3,1,2,AVE PASTEUR,0.0,0.0
201300023959,8,8,2013,11,1,33,281,2,1,1,2,AVE ROLAND GARROS,0.0,0.0
201300023960,7,8,2013,17,1,33,522,2,1,2,3,AVE DE LA GARE,0.0,0.0
201300023961,13,8,2013,16,1,33,63,2,2,1,5,ALL DE BOUTAUT,0.0,0.0
201300023962,5,8,2013,11,1,33,69,2,3,1,2,BD PIERRE 1ER,0.0,0.0
201300023963,15,8,2013,20,1,33,63,2,1,1,2,"18, QUAI DE LA MONNAIE",0.0,0.0
201300023964,10,8,2013,13,1,33,249,2,2,1,6,"2, AVE DE LA LIBERATION",0.0,0.0
201300023965,16,8,2013,13,1,33,63,2,1,1,2,"22, RUE VITAL CARLES",0.0,0.0
201300023966,18,8,2013,18,1,33,63,2,2,1,3,CRS DE LA MARNE,0.0,0.0
201300023967,18,8,2013,7,2,33,192,2,6,1,7,RTE DE LEOGNAN,0.0,0.0
201300023968,21,8,2013,16,1,33,167,2,2,1,3,AVE HUBERT DUBEDOUT,0.0,0.0
201300023969,20,8,2013,1,5,33,281,2,4,1,6,AVE DU 8 MAI 1945,0.0,0.0
201300023970,17,8,2013,21,2,33,281,2,3,1,7,RUE DU PRADAS,0.0,0.0
201300023971,14,8,2013,14,1,33,281,2,4,1,2,AVE PRESIDENT J.F. KENNE,0.0,0.0
201300023972,20,8,2013,13,1,33,63,2,6,1,4,PCE RAVESIES,0.0,0.0
201300023973,13,8,2013,15,1,33,13,2,1,1,3,AVE DU PERIGORD,0.0,0.0
201300023974,20,8,2013,15,1,33,63,2,1,1,2,CRS GEORGES CLEMENCEAU,0.0,0.0
201300023975,21,8,2013,16,1,33,63,2,1,1,1,"38, RUE DE LA LIBERTE CA",0.0,0.0
201300023976,22,8,2013,10,1,33,63,2,4,1,6,BD DES FRERES MOGA,0.0,0.0
201300023977,22,8,2013,15,1,33,63,2,3,1,6,RUE DE BEGLES,0.0,0.0
201300023978,22,8,2013,9,1,33,63,2,2,7,6,BD DU PRESIDENT WILSON,0.0,0.0
201300023979,25,8,2013,5,5,33,162,2,5,1,1,"5, AVE DU MEDOC",0.0,0.0
201300023980,14,8,2013,19,1,33,39,2,1,1,4,"36, FARVARQUE (Avenue)",0.0,0.0
201300023981,26,8,2013,18,1,33,63,2,3,1,3,QUAI DE LA MONNAIE,0.0,0.0
201300023982,27,8,2013,20,5,33,167,2,1,1,6,AVE DU PDT FRANCOIS MITT,0.0,0.0
201300023983,25,8,2013,22,5,33,281,2,1,1,3,"16, RUE ROLAND DORGELES",0.0,0.0
201300023984,21,8,2013,19,1,33,63,2,2,1,3,"62, BD PIERRE 1ER",0.0,0.0
201300023985,28,8,2013,22,5,33,63,2,3,1,6,CRS MARECHAL JUIN,0.0,0.0
201300023986,28,8,2013,14,1,33,63,2,1,1,3,"79, RUE LAGRANGE",0.0,0.0
201300023987,28,8,2013,11,1,33,63,2,3,1,3,AVE DE MIRANDE CAUD,0.0,0.0
201300023988,30,8,2013,0,5,33,63,2,3,1,3,QUAI DESCHAMPS,0.0,0.0
201300023989,27,8,2013,13,1,33,13,2,1,1,2,AVE DE VIRECOURT,0.0,0.0
201300023990,31,8,2013,18,1,33,63,2,1,1,6,RUE CLAUDE BONNIER,0.0,0.0
201300023991,30,8,2013,17,1,33,63,2,1,1,7,"68, CRS GEORGES CLEMENCE",0.0,0.0
201300023992,31,8,2013,6,5,33,63,2,1,1,6,"200, RUE GEORGES MANDEL",0.0,0.0
201300023993,27,8,2013,11,1,33,318,2,1,1,3,AVE GUSTAVE EIFFEL,0.0,0.0
201300023994,31,8,2013,2,5,33,63,2,1,1,2,QUAI DES QUEYRIES,0.0,0.0
201300023995,30,8,2013,13,1,33,63,2,1,1,3,"38, RUE TURENNE",0.0,0.0
201300023996,27,8,2013,9,1,33,318,2,3,1,6,AVE DE MAGELLAN,0.0,0.0
201300023997,27,8,2013,20,1,33,119,2,3,1,3,AVE RENE CASSAGNE,0.0,0.0
201300023998,27,8,2013,9,5,33,318,2,2,1,6,AVE DE CANDAU,0.0,0.0
201300023999,2,9,2013,15,1,33,63,2,1,1,2,", QUAI DE BACALAN",0.0,0.0
201300024000,2,9,2013,15,1,33,63,2,2,1,2,BD GEORGES POMPIDOU,0.0,0.0
201300024001,3,9,2013,7,1,33,281,2,6,1,6,"1, ALL DES EYQUEMS",0.0,0.0
201300024002,30,8,2013,19,1,33,281,2,1,1,2,AVE FRANCOIS MITTERRAND,0.0,0.0
201300024003,30,8,2013,20,1,33,281,2,2,1,3,AVE HENRI BARBUSSE,0.0,0.0
201300024004,3,9,2013,11,1,33,63,2,1,1,4,BD ALFRED DANEY,0.0,0.0
201300024005,3,9,2013,13,1,33,63,2,2,1,3,RUE CHANTECRIT,0.0,0.0
201300024006,2,9,2013,15,1,33,281,2,1,1,2,"3, AVE HENRI BARBUSSE",0.0,0.0
201300024007,30,8,2013,11,1,33,249,2,2,1,2,AVE DE PARIS,0.0,0.0
201300024008,30,8,2013,13,1,33,318,2,1,1,3,"31, AVE GUSTAVE EIFFEL",0.0,0.0
201300024009,5,9,2013,16,1,33,63,2,3,1,6,"149, CRS DE LA MARNE",0.0,0.0
201300024010,2,9,2013,10,1,33,63,2,1,1,4,"164, RUE BERNARD ADOUR C",0.0,0.0
201300024011,3,9,2013,10,1,33,13,2,2,1,2,AVE DE VIRECOURT,0.0,0.0
201300024012,30,8,2013,21,3,33,522,2,1,1,6,"287, CRS DE LA LIBERATIO",0.0,0.0
201300024013,3,9,2013,10,1,33,13,1,1,1,2,SORTIE ROCADE N?26,0.0,0.0
201300024014,6,9,2013,19,1,33,63,2,1,2,3,"500, AVE DU MAL DE LATTR",0.0,0.0
201300024015,6,9,2013,8,1,33,63,2,5,2,3,RUE DE LA BENAUGE,0.0,0.0
201300024016,7,9,2013,1,5,33,63,2,2,2,5,RUE JUDAIQUE,0.0,0.0
201300024017,6,9,2013,18,2,33,63,2,1,1,6,"79, RUE FAMATINA CAUD",0.0,0.0
201300024018,7,9,2013,5,5,33,63,2,2,1,6,"65, CRS D'ALSACE ET LORR",0.0,0.0
201300024019,6,9,2013,19,2,33,63,2,3,2,3,"498, AVE DU MAL DE LATTR",0.0,0.0
201300024020,6,9,2013,11,1,33,63,2,2,1,6,CRS ARISTIDE BRIAND,0.0,0.0
201300024021,9,9,2013,22,5,33,39,2,3,2,2,"133, BD JEAN-JACQUES BOS",0.0,0.0
201300024022,9,9,2013,17,1,33,63,2,3,2,6,RUE LOUIS EMIE,0.0,0.0
201300024023,3,9,2013,20,1,33,550,2,3,1,6,RTE DE TOULOUSE,0.0,0.0
201300024024,3,9,2013,10,1,33,39,2,1,1,1,"3, RUE PAULETTE SAUBOUA",0.0,0.0
201300024025,10,9,2013,17,1,33,63,2,4,1,2,RUE RENE CASSIN,0.0,0.0
201300024026,10,9,2013,15,1,33,63,2,6,1,2,CRS DU MARECHAL GALLIENI,0.0,0.0
201300024027,7,9,2013,16,1,33,75,2,3,1,3,RUE ANDRE SARREAU,0.0,0.0
201300024028,6,9,2013,16,1,33,318,2,3,1,2,AVE DE MAGELLAN,0.0,0.0
201300024029,3,9,2013,17,1,33,318,2,3,1,3,AVE PASTEUR,0.0,0.0
201300024030,2,9,2013,7,1,33,318,2,4,1,3,AVE DE BARDANAC,0.0,0.0
201300024031,5,9,2013,8,1,33,192,2,3,1,2,CRS DU GENERAL DE GAULLE,0.0,0.0
201300024032,5,9,2013,16,1,33,522,2,1,1,6,"7, AVE DE L'UNIVERSITE",0.0,0.0
201300024033,12,9,2013,16,1,33,63,2,5,1,3,CRS DU RACCORDEMENT,0.0,0.0
201300024034,14,9,2013,14,1,33,69,2,1,1,1,"238, AVE D'EYSINES",0.0,0.0
201300024035,11,9,2013,15,1,33,32,2,6,1,3,QUAI DE VIAL,0.0,0.0
201300024036,13,9,2013,15,1,33,63,2,5,1,3,CRS DU RACCORDEMENT,0.0,0.0
201300024037,16,9,2013,11,1,33,63,2,2,2,3,CRS DE L'ARGONNE,0.0,0.0
201300024038,16,9,2013,10,1,33,63,2,1,2,6,"10, CRS DE VERDUN",0.0,0.0
201300024039,16,9,2013,9,1,33,63,2,2,2,6,RUE HERON,0.0,0.0
201300024040,10,9,2013,10,1,33,192,2,6,1,3,RTE DE LEOGNAN,0.0,0.0
201300024041,13,9,2013,4,5,33,162,2,2,2,7,AVE DE SAINT-MEDARD,0.0,0.0
201300024042,6,9,2013,21,2,33,318,2,2,1,6,AVE ROGER COHE,0.0,0.0
201300024043,10,9,2013,12,1,33,281,2,5,1,6,AVE DE VERDUN,0.0,0.0
201300024044,12,9,2013,18,2,33,63,2,1,2,2,"20, RUE RICHELIEU CAUD",0.0,0.0
201300024045,17,9,2013,22,5,33,63,2,2,2,6,"33, RUE DES FRERES BONIE",0.0,0.0
201300024046,17,9,2013,8,1,33,63,2,1,1,6,", RUE DUFFOUR DUBERGIER",0.0,0.0
201300024047,18,9,2013,7,1,33,63,2,2,3,2,RUE ESPRIT-DES-LOIS,0.0,0.0
201300024048,18,9,2013,16,1,33,63,2,6,2,3,AVE DE TOURVILLE,0.0,0.0
201300024049,18,9,2013,8,1,33,63,2,2,1,6,RUE GUADET,0.0,0.0
201300024050,13,9,2013,8,1,33,318,2,1,1,6,"19, AVE DES ERABLES",0.0,0.0
201300024051,18,9,2013,8,1,33,39,2,5,1,5,BD ALBERT 1ER,0.0,0.0
201300024052,18,9,2013,9,1,33,63,2,3,2,3,RUE ESPRIT-DES-LOIS,0.0,0.0
201300024053,19,9,2013,12,1,33,63,2,1,1,3,"80, RUE CHARLES CHAUMET",0.0,0.0
201300024054,15,9,2013,21,5,33,162,2,2,1,3,AVE DU MEDOC,0.0,0.0
201300024055,11,9,2013,10,1,33,522,2,3,1,6,RUE HENRY DE MONTHERLANT,0.0,0.0
201300024056,17,9,2013,15,1,33,281,2,2,1,3,RUE ALESSANDRO VOLTA,0.0,0.0
201300024057,16,9,2013,11,1,33,281,2,4,2,2,AVE RENE CASSIN,0.0,0.0
201300024058,20,9,2013,17,1,33,63,2,1,1,2,"144, RUE AMEDEE SAINT-GE",0.0,0.0
201300024059,22,9,2013,7,5,33,167,2,1,1,6,RUE JEAN DUPAS,0.0,0.0
201300024060,21,9,2013,17,1,33,63,2,2,1,6,CRS PORTAL,0.0,0.0
201300024061,20,9,2013,15,1,33,63,2,1,1,2,AVE DU GENERAL LECLERC C,0.0,0.0
201300024062,20,9,2013,14,1,33,63,2,2,1,3,RUE DU JARDIN PUBLIC,0.0,0.0
201300024063,21,9,2013,13,1,33,63,2,3,1,3,RUE ROBERT LATEULADE,0.0,0.0
201300024064,21,9,2013,21,5,33,63,2,2,1,3,RUE GEORGES MANDEL,0.0,0.0
201300024065,13,9,2013,10,1,33,550,2,1,1,3,"10, AVE GEORGES CLEMENCE",0.0,0.0
201300024066,14,9,2013,19,5,33,550,2,4,3,3,"61, AVE GEORGES CLEMENCE",0.0,0.0
201300024067,17,9,2013,8,1,33,249,2,1,1,6,RUE JEAN LURCAT,0.0,0.0
201300024068,20,9,2013,9,1,33,63,2,2,1,3,RUE PIERRE BAOUR,0.0,0.0
201300024069,23,9,2013,18,1,33,63,2,1,1,6,"223, RUE GEORGES MANDEL",0.0,0.0
201300024070,23,9,2013,8,1,33,63,2,1,1,6,"317, BD JEAN-JACQUES BOS",0.0,0.0
201300024071,24,9,2013,10,1,33,63,2,4,1,6,CRS DE VERDUN,0.0,0.0
201300024072,22,9,2013,19,2,33,281,2,1,1,6,AVENUE DE PEYCHOTTE,0.0,0.0
201300024073,10,9,2013,17,1,33,522,2,1,1,3,"285, CRS DE LA LIBERATIO",0.0,0.0
201300024074,24,9,2013,16,1,33,63,2,2,1,3,RUE PASTEUR CAUD,0.0,0.0
201300024075,24,9,2013,16,1,33,63,2,1,1,3,PCE MARTYRS DE LA RESIST,0.0,0.0
201300024076,24,9,2013,12,1,33,63,2,1,1,2,"83, RUE ACHARD",0.0,0.0
201300024077,18,9,2013,22,5,33,318,2,1,1,7,AVE DU HAUT-BRION,0.0,0.0
201300024078,18,9,2013,8,1,33,522,2,4,1,3,CRS DE LA LIBERATION,0.0,0.0
201300024079,24,9,2013,9,1,33,63,2,3,1,3,CRS D'ALBRET,0.0,0.0
201300024080,25,9,2013,11,1,33,63,2,2,1,6,"169, CRS DE L'ARGONNE",0.0,0.0
201300024081,20,9,2013,20,5,33,318,2,2,1,7,AVE ARCHIMEDE,0.0,0.0
201300024082,24,9,2013,17,1,33,281,2,2,1,3,AVE DES EYQUEMS,0.0,0.0
201300024083,26,9,2013,15,1,33,63,2,4,1,6,CRS ANATOLE FRANCE,0.0,0.0
201300024084,29,9,2013,21,5,33,63,2,1,2,7,"250, CRS DE L'ARGONNE",0.0,0.0
201300024085,23,9,2013,17,1,33,522,2,1,1,3,"48, RUE DE LA VIEILLE TO",0.0,0.0
201300024086,27,9,2013,16,1,33,63,2,2,1,3,QUAI DES CHARTRONS,0.0,0.0
201300024087,28,9,2013,8,2,33,63,2,2,2,6,CRS BARBEY,0.0,0.0
201300024088,29,9,2013,16,1,33,63,2,3,1,3,RUE LUCIEN FAURE,0.0,0.0
201300024089,27,9,2013,21,5,33,119,2,3,1,2,AVE JEAN JAURES,0.0,0.0
201300024090,28,9,2013,21,5,33,63,2,3,1,7,RUE CAILLOU CAUD,0.0,0.0
201300024091,20,9,2013,7,1,33,522,2,1,2,3,CRS DE LA LIBERATION,0.0,0.0
201300024092,30,9,2013,22,5,33,63,2,1,1,7,QUAI DU MARECHAL LYAUTEY,0.0,0.0
201300024093,29,9,2013,18,1,33,63,2,3,2,3,AVE DU MAL DE LATTRE DE,0.0,0.0
201300024094,30,9,2013,9,1,33,63,2,3,1,2,"60, RUE DAVID JOHNSTON",0.0,0.0
201300024095,30,9,2013,14,1,33,75,2,1,1,6,ALL DE BOUTAUT,0.0,0.0
201300024096,2,10,2013,7,2,33,63,2,1,1,3,"76, RUE PROMIS",0.0,0.0
201300024097,25,9,2013,17,1,33,75,2,3,1,3,AVE D'AQUITAINE,0.0,0.0
201300024098,1,10,2013,18,1,33,63,2,1,1,2,"112, AVE D'EYSINES CAUD",0.0,0.0
201300024099,1,10,2013,11,1,33,281,2,3,1,3,AVE DE VERDUN,0.0,0.0
201300024100,3,10,2013,4,5,33,63,2,1,1,7,QUAI DES SALINIERES,0.0,0.0
201300024101,2,10,2013,17,1,33,63,2,2,1,3,RUE YVES GLOTIN,0.0,0.0
201300024102,2,10,2013,19,1,33,63,2,1,1,3,QUAI LOUIS XVIII,0.0,0.0
201300024103,27,9,2013,7,2,33,281,2,4,1,3,AVE RENE CASSIN,0.0,0.0
201300024104,30,9,2013,8,1,33,119,2,3,1,2,BD ENTRE DEUX MERS,0.0,0.0
201300024105,27,9,2013,17,1,33,318,2,1,1,6,"517, AVE DE BEUTRE",0.0,0.0
201300024106,4,10,2013,9,1,33,63,2,2,3,3,"280, CRS DE L'ARGONNE",0.0,0.0
201300024107,4,10,2013,8,1,33,63,2,1,2,6,QUAI DES SALINIERES,0.0,0.0
201300024108,1,10,2013,14,1,33,281,2,2,1,3,RUE ALBERT CAMUS,0.0,0.0
201300024109,24,9,2013,12,1,33,550,2,1,1,6,AVE DES PYRENEES,0.0,0.0
201300024110,4,10,2013,13,1,33,63,2,6,2,3,CRS DU MARECHAL GALLIENI,0.0,0.0
201300024111,6,10,2013,6,5,33,39,2,1,1,6,RUE DES FRERES MOGA,0.0,0.0
201300024112,7,10,2013,16,1,33,63,2,3,1,6,CRS DE L'ARGONNE,0.0,0.0
201300024113,1,10,2013,18,1,33,162,2,1,1,3,"24, AVE JEAN MERMOZ",0.0,0.0
201300024114,3,10,2013,7,5,33,318,2,6,2,6,AVE DU HAUT LEVEQUE,0.0,0.0
201300024115,4,10,2013,9,1,33,119,2,1,3,3,"97, RUE DU MARECHAL FOCH",0.0,0.0
201300024116,7,10,2013,14,1,33,63,2,3,1,2,BD JOLIOT-CURIE,0.0,0.0
201300024117,4,10,2013,7,1,33,162,2,4,1,3,RUE DU MEDOC,0.0,0.0
201300024118,3,10,2013,16,1,33,162,2,1,1,3,"60, RUE DU 19 MARS 1962",0.0,0.0
201300024119,8,10,2013,10,1,33,63,2,1,8,1,"199, QUAI DE BRAZZA",0.0,0.0
201300024120,27,9,2013,10,1,33,39,2,6,1,1,RUE DES QUATRE CASTERA,0.0,0.0
201300024121,8,10,2013,11,1,33,63,2,2,1,6,RUE CORNAC,0.0,0.0
201300024122,3,10,2013,8,1,33,281,2,2,1,3,ST MEDARD (AVE),0.0,0.0
201300024123,3,10,2013,16,1,33,63,2,6,1,2,QUAI DE LA SOUYS,0.0,0.0
201300024124,9,10,2013,9,1,33,63,2,6,1,3,PLACE RAVEZIES,0.0,0.0
201300024125,9,10,2013,17,1,33,63,2,6,1,2,AVE DE NONTRASTE,0.0,0.0
201300024126,10,10,2013,21,5,33,281,2,3,1,6,AVE PIERRE MENDES FRANCE,0.0,0.0
201300024127,7,10,2013,15,1,33,162,2,2,1,3,AVE DE SAINT-MEDARD,0.0,0.0
201300024128,12,10,2013,21,5,33,63,2,3,2,3,CRS DE LA SOMME,0.0,0.0
201300024129,11,10,2013,19,2,33,249,2,1,1,6,AVE DE LA LIBERATION,0.0,0.0
201300024130,12,10,2013,10,1,33,200,2,1,2,3,"350, AVE DE MAGUDAS",0.0,0.0
201300024131,8,10,2013,15,1,33,32,2,2,1,6,AVE VICTOR HUGO,0.0,0.0
201300024132,7,10,2013,13,1,33,522,2,1,1,2,AVE ROUL,0.0,0.0
201300024133,7,10,2013,16,1,33,39,2,6,1,2,RTE DE COURREJEAN,0.0,0.0
201300024134,9,10,2013,13,1,33,63,2,1,1,5,"159, RUE DE BETHMANN",0.0,0.0
201300024135,15,10,2013,7,1,33,63,2,3,1,6,"26-28, AVE LOUIS BARTHOU",0.0,0.0
201300024136,14,10,2013,10,1,33,281,2,6,1,6,"172, AVE DE LA MARNE",0.0,0.0
201300024137,11,10,2013,18,1,33,281,2,3,1,3,AVE GUSTAVE EIFFEL,0.0,0.0
201300024138,15,10,2013,10,1,33,63,2,3,1,6,"19, CRS DE L'INTENDANCE",0.0,0.0
201300024139,16,10,2013,7,2,33,522,2,2,2,2,"89, BD DU PDT FRANKLIN R",0.0,0.0
201300024140,16,10,2013,9,1,33,63,2,2,1,3,AVE DU GENERAL LECLERC C,0.0,0.0
201300024141,11,10,2013,21,5,33,318,2,2,1,3,AVE DU HAUT LEVEQUE,0.0,0.0
201300024142,10,10,2013,17,1,33,119,2,1,1,6,"62, AVE JEAN JAURES",0.0,0.0
201300024143,16,10,2013,20,5,33,281,2,2,2,6,AVE DES EYQUEMS,0.0,0.0
201300024144,18,10,2013,2,5,33,63,2,1,1,6,"59, RUE DE TIVOLI",0.0,0.0
201300024145,16,10,2013,15,1,33,281,2,1,2,3,AVE GUSTAVE EIFFEL,0.0,0.0
201300024146,17,10,2013,22,5,33,63,2,2,1,6,RUE FERRERE,0.0,0.0
201300024147,15,10,2013,9,1,33,32,2,1,1,1,"8, RUE DU DOCTEUR FOUQUE",0.0,0.0
201300024148,12,10,2013,6,5,33,39,2,9,2,2,BD JEAN-JACQUES BOSC,0.0,0.0
201300024149,19,10,2013,18,1,33,63,2,3,1,1,RUE DOCTEUR JEAN VINCENT,0.0,0.0
201300024150,19,10,2013,5,5,33,63,2,3,1,3,"85, CRS VICTOR HUGO",0.0,0.0
201300024151,18,10,2013,16,1,33,63,2,1,1,2,BD ALIENOR D'AQUITAINE,0.0,0.0
201300024152,20,10,2013,14,1,33,281,2,2,1,2,"205, AVE DE LA MARNE",0.0,0.0
201300024153,21,10,2013,17,1,33,63,2,2,1,3,"144, CRS DU MARECHAL GAL",0.0,0.0
201300024154,22,10,2013,12,1,33,63,2,2,2,3,RUE LECOCQ,0.0,0.0
201300024155,10,10,2013,11,1,33,522,2,1,1,3,CRS GAMBETTA,0.0,0.0
201300024156,16,10,2013,8,1,33,63,2,3,1,3,"351, RTE DE TOULOUSE",0.0,0.0
201300024157,23,10,2013,21,5,33,63,2,1,1,7,"125, RUE DE BETHMANN",0.0,0.0
201300024158,23,10,2013,14,1,33,119,2,1,3,3,"24, AVE RENE CASSAGNE",0.0,0.0
201300024159,20,10,2013,17,1,33,192,2,2,1,3,CRS DU GENERAL DE GAULLE,0.0,0.0
201300024160,20,10,2013,10,1,33,550,2,1,1,3,"317, RTE DE TOULOUSE",0.0,0.0
201300024161,18,10,2013,17,1,33,192,2,1,1,2,"115, RTE DE CANEJAN",0.0,0.0
201300024162,18,10,2013,8,2,33,281,2,3,1,3,AVE DES MARRONNIERS,0.0,0.0
201300024163,23,10,2013,16,1,33,63,2,2,1,3,"9, RTE DE TOULOUSE",0.0,0.0
201300024164,17,10,2013,8,1,33,522,2,3,5,1,AVE PEY-BERLAND,0.0,0.0
201300024165,18,10,2013,17,1,33,281,2,6,1,2,AVE FRANCOIS MITTERRAND,0.0,0.0
201300024166,19,10,2013,8,1,33,63,2,5,1,3,RTE DE TOULOUSE,0.0,0.0
201300024167,21,10,2013,13,1,33,550,2,2,1,3,RTE DE LEOGNAN,0.0,0.0
201300024168,26,10,2013,13,1,33,63,2,1,1,3,"166, RUE JUDAIQUE",0.0,0.0
201300024169,26,10,2013,17,1,33,63,2,1,9,3,AVE DE LABARDE,0.0,0.0
201300024170,25,10,2013,6,5,33,63,2,3,1,6,BD MARECHAL LECLERC,0.0,0.0
201300024171,26,10,2013,15,1,33,550,2,5,2,3,RTE DE TOULOUSE,0.0,0.0
201300024172,21,10,2013,11,1,33,162,2,1,1,2,RUE CAILLOU,0.0,0.0
201300024173,25,10,2013,10,1,33,281,2,1,2,3,"101, AVE DE MAGUDAS",0.0,0.0
201300024174,22,10,2013,7,1,33,318,2,1,1,6,AVE MARC DESBATS,0.0,0.0
201300024175,23,10,2013,17,1,33,550,2,2,1,3,AVE FERNAND COIN,0.0,0.0
201300024176,24,10,2013,17,1,33,281,2,1,1,4,AVE FRANCOIS MITTERRAND,0.0,0.0
201300024177,22,10,2013,17,1,33,39,2,3,1,3,RUE VINCENT GONZALES,0.0,0.0
201300024178,24,10,2013,7,2,33,249,2,2,1,3,RUE PAUL COURTAULT,0.0,0.0
201300024179,23,10,2013,14,1,33,281,2,2,1,3,AVE ALBERT 1ER,0.0,0.0
201300024180,24,10,2013,10,1,33,550,2,6,1,3,RUE RAYMOND BIERGE,0.0,0.0
201300024181,25,10,2013,12,1,33,318,2,2,2,3,AVE SAINT-AIGNAN,0.0,0.0
201300024182,25,10,2013,14,1,33,249,2,6,1,6,AVE DE LA LIBERATION,0.0,0.0
201300024183,28,10,2013,9,1,33,318,2,2,2,3,"00, AVE PEY BERLAND",0.0,0.0
201300024184,28,10,2013,12,1,33,318,2,1,1,2,AVE JEAN JAURES,0.0,0.0
201300024185,1,11,2013,19,5,33,63,2,3,2,3,CRS VICTOR HUGO,0.0,0.0
201300024186,2,11,2013,13,1,33,63,2,2,2,3,RTE DE TOULOUSE,0.0,0.0
201300024187,31,10,2013,18,5,33,63,2,3,1,6,"37, CRS VICTOR HUGO",0.0,0.0
201300024188,2,11,2013,20,3,33,63,2,1,2,7,BD ALIENOR D'AQUITAINE,0.0,0.0
201300024189,31,10,2013,17,1,33,63,2,2,1,2,"36, RUE DU 144EME R.I.",0.0,0.0
201300024190,31,10,2013,6,5,33,63,2,6,1,3,CRS DU MARECHAL GALLIENI,0.0,0.0
201300024191,4,11,2013,22,5,33,63,2,2,2,1,"61, CRS ARISTIDE BRIAND",0.0,0.0
201300024192,4,11,2013,16,1,33,63,2,3,2,6,RUE GEORGES BONNAC,0.0,0.0
201300024193,4,11,2013,8,1,33,63,2,2,3,6,RUE DU TAUZIN,0.0,0.0