Num_Acc,jour,mois,an,hr,condition_eclairage,departement,commune,condition_agglomeration,intersection,condition_atmosphere,type_collision,adresse,lattitude,longitude
201300024194,5,11,2013,19,5,33,192,2,5,2,3,CRS DU GENERAL DE GAULLE,0.0,0.0
201300024195,5,11,2013,20,5,33,281,2,1,2,2,"80, AVE DU CHATEAU D'EAU",0.0,0.0
201300024196,3,11,2013,18,5,33,63,2,1,2,6,QUAI DE LA SOUYS,0.0,0.0
201300024197,6,11,2013,19,5,33,63,2,3,9,6,BD DES FRERES MOGA,0.0,0.0
201300024198,4,11,2013,7,5,33,249,2,2,3,6,RUE DES CAVAILLES,0.0,0.0
201300024199,7,11,2013,15,1,33,63,2,2,1,3,PCE AMELIE RABA LEON,0.0,0.0
201300024200,7,11,2013,21,5,33,63,2,2,1,3,AVE DE LA REPUBLIQUE CAU,0.0,0.0
201300024201,7,11,2013,22,5,33,63,2,2,1,3,AVE DU MAL DE LATTRE DE,0.0,0.0
201300024202,7,11,2013,10,1,33,63,2,2,2,6,BD DU PRESIDENT WILSON,0.0,0.0
201300024203,10,11,2013,6,5,33,63,2,1,2,6,"34, QUAI DE PALUDATE",0.0,0.0
201300024204,10,11,2013,6,5,33,63,2,1,2,6,"60, CRS DE VERDUN",0.0,0.0
201300024205,5,11,2013,16,1,33,200,2,3,3,3,RUE DES GRAVES,0.0,0.0
201300024206,10,11,2013,16,1,33,63,2,2,8,6,RUE DE SAGET,0.0,0.0
201300024207,8,11,2013,22,5,33,63,2,2,2,2,BD DU PRESIDENT WILSON,0.0,0.0
201300024208,11,11,2013,21,5,33,63,2,2,1,7,"108/110, CRS DE L'ARGONN",0.0,0.0
201300024209,12,11,2013,12,1,33,63,2,2,2,1,"34, RUE LUCIEN FAURE",0.0,0.0
201300024210,12,11,2013,12,1,33,63,2,3,2,7,PCE ANDRE MEUNIER DIT MU,0.0,0.0
201300024211,4,11,2013,17,2,33,318,2,3,2,1,AVE PASTEUR,0.0,0.0
201300024212,31,10,2013,9,1,33,522,2,6,1,3,RUE PIERRE NOAILLES,0.0,0.0
201300024213,4,11,2013,9,1,33,39,2,6,3,3,"9, RTE DE COURREJEAN",0.0,0.0
201300024214,6,11,2013,18,5,33,281,2,2,1,2,RUE FRANCOIS ARAGO,0.0,0.0
201300024215,12,11,2013,9,1,33,63,2,3,2,3,"27, CRS PORTAL",0.0,0.0
201300024216,6,11,2013,12,1,33,69,2,3,2,2,"228, AVE DE LA LIBERATIO",0.0,0.0
201300024217,12,11,2013,23,3,33,63,2,6,2,7,"101, RUE JULES FERRY CAU",0.0,0.0
201300024218,13,11,2013,13,1,33,167,2,3,1,6,AVE HUBERT DUBEDOUT,0.0,0.0
201300024219,13,11,2013,19,5,33,318,2,2,1,3,RUE DE LA MISSION DU HAU,0.0,0.0
201300024220,8,11,2013,19,5,33,281,2,3,2,3,"94, AVE DES EYQUEMS",0.0,0.0
201300024221,11,11,2013,22,5,33,281,2,1,1,2,AVE PRESIDENT J.F. KENNE,0.0,0.0
201300024222,7,11,2013,9,1,33,162,2,4,8,3,AVE DU MEDOC,0.0,0.0
201300024223,8,11,2013,17,1,33,249,2,3,2,3,RUE PIERRE MENDES-FRANCE,0.0,0.0
201300024224,7,11,2013,7,2,33,281,2,3,2,6,"128, AVE DE L'ARGONNE",0.0,0.0
201300024225,16,11,2013,2,5,33,63,2,3,1,6,CRS DE LA SOMME,0.0,0.0
201300024226,7,11,2013,8,1,33,522,2,2,2,3,RUE BOURGES,0.0,0.0
201300024227,12,11,2013,9,1,33,281,2,3,3,2,AVE PIERRE MENDES FRANCE,0.0,0.0
201300024228,12,11,2013,8,1,33,281,2,2,3,1,AVE DE VERDUN,0.0,0.0
201300024229,17,11,2013,3,5,33,63,2,3,1,6,"53, AVE DE LABARDE",0.0,0.0
201300024230,9,11,2013,18,5,33,522,2,3,1,6,RUE JEAN RACINE,0.0,0.0
201300024231,15,11,2013,18,5,33,13,2,1,2,5,BD FEYDEAU,0.0,0.0
201300024232,12,11,2013,13,1,33,281,2,1,1,2,"98, AVE PIERRE MENDES FR",0.0,0.0
201300024233,17,11,2013,17,5,33,63,2,3,1,3,"218, CRS DE LA SOMME",0.0,0.0
201300024234,15,11,2013,19,4,33,167,2,3,2,6,"41, CRS GAMBETTA",0.0,0.0
201300024235,13,11,2013,8,2,33,69,2,2,1,3,AVE DE TIVOLI,0.0,0.0
201300024236,13,11,2013,17,1,33,249,2,6,1,3,PCE DES DEUX VILLES,0.0,0.0
201300024237,18,11,2013,12,1,33,63,2,1,1,3,"185, CRS DU MEDOC",0.0,0.0
201300024238,18,11,2013,7,2,33,63,2,2,8,3,RUE DU PROF. GEORGES JEA,0.0,0.0
201300024239,18,11,2013,18,5,33,63,2,1,1,3,"65, QUAI DE BRAZZA",0.0,0.0
201300024240,18,11,2013,7,1,33,63,2,2,1,3,RUE DU JARDIN PUBLIC,0.0,0.0
201300024241,18,11,2013,10,1,33,63,2,3,8,3,AVE MAL DE LATTRE TASSIG,0.0,0.0
201300024242,12,11,2013,13,1,33,550,2,1,2,3,AVE MIRIEU DE LABARRE,0.0,0.0
201300024243,15,11,2013,8,1,33,281,2,6,1,3,AVE DE L'ARGONNE,0.0,0.0
201300024244,14,11,2013,13,1,33,75,2,3,1,5,AVE JEAN JAURES,0.0,0.0
201300024245,19,11,2013,17,2,33,63,2,2,1,3,BD DU PRESIDENT WILSON,0.0,0.0
201300024246,14,11,2013,7,2,33,32,2,1,1,6,QUAI FRANCAIS,0.0,0.0
201300024247,14,11,2013,18,5,33,162,2,3,1,3,AVE DE SAINT-MEDARD,0.0,0.0
201300024248,20,11,2013,11,1,33,63,2,3,1,3,CRS MARECHAL JUIN,0.0,0.0
201300024249,21,11,2013,0,5,33,63,2,1,2,7,"159, AVE THIERS",0.0,0.0
201300024250,19,11,2013,20,5,33,63,2,3,1,3,RUE CAPDEVILLE,0.0,0.0
201300024251,21,11,2013,0,5,33,63,2,1,3,6,CRS D'ALSACE ET LORRAINE,0.0,0.0
201300024252,16,11,2013,18,4,33,522,2,2,1,3,CRS DE LA LIBERATION,0.0,0.0
201300024253,18,11,2013,11,1,33,281,2,1,1,2,AVE DE LA SOMME,0.0,0.0
201300024254,19,11,2013,13,1,33,281,2,3,1,3,RUE FRANCOIS ARAGO,0.0,0.0
201300024255,19,11,2013,15,1,33,281,2,1,1,6,"4, RUE BEAUMARCHAIS",0.0,0.0
201300024256,15,11,2013,20,4,33,162,2,3,2,6,"20, RUE EMMANUEL PARANTE",0.0,0.0
201300024257,21,11,2013,14,1,33,63,2,3,1,2,CRS DE LA SOMME,0.0,0.0
201300024258,21,11,2013,10,1,33,63,2,2,3,3,AVE LOUIS BARTHOU CAUD,0.0,0.0
201300024259,21,11,2013,6,5,33,63,2,3,3,6,"198, RUE STEHELIN CAUD",0.0,0.0
201300024260,23,11,2013,17,2,33,63,2,2,1,6,PCE DE LA VICTOIRE,0.0,0.0
201300024261,22,11,2013,18,5,33,63,2,3,1,3,"8, RUE BLANCHE CAUD",0.0,0.0
201300024262,18,11,2013,14,1,33,522,2,2,1,3,RUE DU MARECHAL FOCH,0.0,0.0
201300024263,25,11,2013,7,5,33,63,2,3,1,3,AVE ABADIE,0.0,0.0
201300024264,21,11,2013,18,5,33,318,2,3,2,6,AVE ROGER COHE,0.0,0.0
201300024265,26,11,2013,7,2,33,63,2,2,1,6,CRS VICTOR HUGO,0.0,0.0
201300024266,22,11,2013,12,1,33,318,2,3,1,2,AVE DU GENERAL LECLERC,0.0,0.0
201300024267,20,11,2013,18,5,33,522,2,3,2,6,RUE DE SUZON,0.0,0.0
201300024268,21,11,2013,17,2,33,39,2,2,2,3,AVE DU MARECHAL LECLERC,0.0,0.0
201300024269,25,11,2013,8,1,33,318,2,3,1,3,AVE DU BOURGAILH,0.0,0.0
201300024270,27,11,2013,7,2,33,63,2,2,1,3,ALL SERR,0.0,0.0
201300024271,27,11,2013,19,5,33,63,2,3,1,3,BD MARECHAL LECLERC,0.0,0.0
201300024272,28,11,2013,10,1,33,63,2,2,1,3,CRS VICTOR HUGO,0.0,0.0
201300024273,24,11,2013,12,1,33,69,2,1,1,6,"118, AVE VICTOR HUGO",0.0,0.0
201300024274,26,11,2013,12,1,33,281,2,3,1,3,AVE DE LA MARNE,0.0,0.0
201300024275,28,11,2013,23,5,33,63,2,3,1,3,RUE PERE DIEUZAIDE,0.0,0.0
201300024276,29,11,2013,19,5,33,63,2,2,1,1,RUE DOMION CAUD,0.0,0.0
201300024277,1,12,2013,0,5,33,63,2,2,1,3,RUE LUCIEN FAURE,0.0,0.0
201300024278,1,12,2013,17,1,33,318,2,1,1,3,AVE JEAN JAURES,0.0,0.0
201300024279,26,11,2013,11,1,33,13,2,1,1,6,AVE DE VIRECOURT,0.0,0.0
201300024280,30,11,2013,22,5,33,63,2,2,1,7,"147, RUE JUDAIQUE",0.0,0.0
201300024281,22,11,2013,12,1,33,39,2,5,1,3,AVE JEANNE D'ARC,0.0,0.0
201300024282,30,11,2013,1,5,33,63,2,2,3,3,CRS MARC NOUAUX,0.0,0.0
201300024283,1,12,2013,1,5,33,63,2,1,1,6,"179, CRS DE LA SOMME",0.0,0.0
201300024284,2,12,2013,18,2,33,63,2,3,1,2,AVE CARNOT CAUD,0.0,0.0
201300024285,2,12,2013,19,5,33,63,2,3,1,3,RUE JUDAIQUE,0.0,0.0
201300024286,3,12,2013,15,1,33,63,2,3,1,2,AVE DE LABARDE,0.0,0.0
201300024287,26,11,2013,7,2,33,318,2,1,1,6,"10, RUE LUCIE AUBRAC",0.0,0.0
201300024288,3,12,2013,16,1,33,63,2,1,1,3,"118, CRS VICTOR HUGO",0.0,0.0
201300024289,29,11,2013,7,2,33,281,2,3,1,3,RUE DU JARD,0.0,0.0
201300024290,5,12,2013,7,5,33,249,2,3,1,6,AVE DE LA LIBERATION,0.0,0.0
201300024291,30,11,2013,14,1,33,522,2,6,1,3,CRS MARECHAL GALLIENI,0.0,0.0
201300024292,3,12,2013,7,1,33,75,2,2,1,6,AVE DE L EUROPE,0.0,0.0
201300024293,5,12,2013,18,5,33,63,2,3,1,7,PONT Jacques CHABAN DELM,0.0,0.0
201300024294,7,12,2013,23,5,33,281,2,2,1,6,AVE FRANCOIS MITTERRAND,0.0,0.0
201300024295,6,12,2013,16,1,33,63,2,2,1,3,RUE DES ETRANGERS,0.0,0.0
201300024296,5,12,2013,20,5,33,63,2,2,1,6,AVE D'EYSINES CAUD,0.0,0.0
201300024297,6,12,2013,9,1,33,63,2,2,1,3,RUE MURAT CAUD,0.0,0.0
201300024298,6,12,2013,18,5,33,318,2,3,1,3,"17, AVE DE SAIGE",0.0,0.0
201300024299,9,12,2013,14,1,33,63,2,2,1,6,"176, CRS DE LA MARNE",0.0,0.0
201300024300,9,12,2013,18,5,33,63,2,2,1,3,"229, RUE JUDAIQUE",0.0,0.0
201300024301,7,12,2013,19,5,33,167,2,1,1,6,AVE SALVADOR ALLENDE,0.0,0.0
201300024302,10,12,2013,12,1,33,63,2,2,1,6,RUE CAMILLE GODARD,0.0,0.0
201300024303,9,12,2013,18,5,33,63,2,1,1,5,"144, CRS BALGUERIE STUTT",0.0,0.0
201300024304,9,12,2013,10,1,33,318,2,2,1,3,AVE PIERRE CORNEILLE,0.0,0.0
201300024305,6,12,2013,18,5,33,522,2,6,1,3,RUE PACARIS,0.0,0.0
201300024306,6,12,2013,14,1,33,522,2,2,8,2,RUE PACARIS,0.0,0.0
201300024307,9,12,2013,17,5,33,119,2,6,1,6,AVE PIERRE BROSSOLETTE,0.0,0.0
201300024308,11,12,2013,9,1,33,63,2,2,1,6,BD ALBERT 1ER,0.0,0.0
201300024309,5,12,2013,18,5,33,522,2,6,1,2,AVE ROUL,0.0,0.0
201300024310,6,12,2013,6,3,33,281,2,3,1,6,AVE DE PAGNOT,0.0,0.0
201300024311,9,12,2013,23,5,33,318,2,6,1,6,AVE DE LA TUILERANNE,0.0,0.0
201300024312,9,12,2013,7,5,33,69,2,2,1,3,AVE D'EYSINES,0.0,0.0
201300024313,6,12,2013,12,1,33,39,2,2,1,3,CRS VICTOR HUGO,0.0,0.0
201300024314,8,12,2013,10,1,33,522,2,3,1,6,RUE GEORGES POMPIDOU,0.0,0.0
201300024315,13,12,2013,4,5,33,63,2,1,1,1,ALL DE BOUTAUT,0.0,0.0
201300024316,12,12,2013,19,5,33,63,2,3,1,6,RUE DE BEGLES,0.0,0.0
201300024317,12,12,2013,13,1,33,63,2,1,1,6,"303, AVE D'ARES CAUD",0.0,0.0
201300024318,12,12,2013,15,1,33,63,2,1,1,3,QUAI DES CHARTRONS,0.0,0.0
201300024319,9,12,2013,17,1,33,281,2,2,1,6,PCE MONDESIR,0.0,0.0
201300024320,6,12,2013,9,1,33,281,2,6,1,7,AVE ROLAND GARROS,0.0,0.0
201300024321,14,12,2013,11,1,33,63,2,1,1,7,BD ANTOINE GAUTIER,0.0,0.0
201300024322,13,12,2013,18,5,33,63,2,2,2,6,RUE DE BEGLES,0.0,0.0
201300024323,10,12,2013,5,5,33,249,2,1,1,2,AVE DE LA RESISTANCE,0.0,0.0
201300024324,14,12,2013,19,5,33,63,2,2,1,3,RUE DE BELFORT,0.0,0.0
201300024325,11,12,2013,19,3,33,200,2,1,1,3,RUE TOUSSAINT CATROS,0.0,0.0
201300024326,13,12,2013,17,2,33,63,2,1,2,3,"234, BD DU PRESIDENT WIL",0.0,0.0
201300024327,9,12,2013,11,1,33,522,2,1,1,6,"44, RUE BOURGES",0.0,0.0
201300024328,16,12,2013,16,1,33,63,2,2,1,3,AVE THIERS,0.0,0.0
201300024329,16,12,2013,17,5,33,63,2,3,1,6,RUE JACQUES D'WELLES,0.0,0.0
201300024330,12,12,2013,15,1,33,281,2,1,1,3,AVE RENE CASSIN,0.0,0.0
201300024331,11,12,2013,8,1,33,162,2,2,1,5,AVE DU MEDOC,0.0,0.0
201300024332,18,12,2013,7,5,33,63,2,2,1,3,RUE BARENNES,0.0,0.0
201300024333,14,12,2013,21,5,33,281,2,1,2,7,"8, AVE DU TRUC",0.0,0.0
201300024334,18,12,2013,21,5,33,63,2,1,1,2,QUAI RICHELIEU,0.0,0.0
201300024335,19,12,2013,18,5,33,63,2,2,1,6,RUE DES BLEUETS CAUD,0.0,0.0
201300024336,19,12,2013,7,5,33,63,2,3,2,3,CRS DU MARECHAL GALLIENI,0.0,0.0
201300024337,14,12,2013,17,1,33,167,2,3,1,6,RUE JULES VERNE,0.0,0.0
201300024338,15,12,2013,11,1,33,192,2,1,1,6,RUE DU MOULINEAU,0.0,0.0
201300024339,16,12,2013,17,1,33,119,2,1,1,6,"127, AVE RENE CASSAGNE",0.0,0.0
201300024340,12,12,2013,9,1,33,522,2,2,1,5,RUE DU GENERAL SARRAIL,0.0,0.0
201300024341,12,12,2013,22,5,33,318,2,3,1,2,AVE DU GENERAL LECLERC,0.0,0.0
201300024342,12,12,2013,17,2,33,318,2,3,1,5,AVE DU GENERAL LECLERC,0.0,0.0
201300024343,13,12,2013,8,1,33,318,2,2,5,6,RUE ANDRE PUJOL,0.0,0.0
201300024344,13,12,2013,16,5,33,522,2,1,1,1,CHEM BONTEMPS,0.0,0.0
201300024345,14,12,2013,16,1,33,522,2,2,1,6,RUE JEAN RACINE,0.0,0.0
201300024346,21,12,2013,6,5,33,63,2,2,1,6,"53, BD ANTOINE GAUTIER",0.0,0.0
201300024347,20,12,2013,16,1,33,63,2,3,1,6,RUE DE GUILLOT,0.0,0.0
201300024348,22,12,2013,14,1,33,63,2,2,1,3,CRS DU MEDOC,0.0,0.0
201300024349,22,12,2013,22,5,33,63,2,1,1,6,RUE CHARLES DOMERCQ,0.0,0.0
201300024350,23,12,2013,19,5,33,63,2,2,1,3,BD JEAN-JACQUES BOSC,0.0,0.0
201300024351,16,12,2013,20,5,33,550,2,3,1,3,RTE DE TOULOUSE,0.0,0.0
201300024352,20,12,2013,8,1,33,249,2,2,1,3,QUAI CARRIET,0.0,0.0
201300024353,19,12,2013,13,1,33,281,2,2,1,3,AVE PRESIDENT J.F. KENNE,0.0,0.0
201300024354,18,12,2013,15,1,33,281,2,1,1,3,"38, AVE DE LA GRANGE NOI",0.0,0.0
201300024355,22,12,2013,10,1,33,249,2,6,1,3,AVE DE LA LIBERATION,0.0,0.0
201300024356,17,12,2013,17,5,33,192,2,3,1,2,RUE DE LA CROIX DE MONJO,0.0,0.0
201300024357,17,12,2013,9,1,33,318,2,6,1,3,AVE DU HAUT LEVEQUE,0.0,0.0
201300024358,17,12,2013,13,1,33,192,2,2,1,3,CANEJAN (RTE DE),0.0,0.0
201300024359,20,12,2013,18,5,33,318,2,4,1,3,AVE DE BARDANAC,0.0,0.0
201300024360,29,12,2013,19,5,33,69,2,5,1,6,AVE D'EYSINES,0.0,0.0
201300024361,20,12,2013,12,1,33,550,2,3,1,3,AVE DES PYRENEES,0.0,0.0
201300024362,28,12,2013,7,4,33,63,2,1,1,6,"30, AVE DE LABARDE",0.0,0.0
201300024363,29,12,2013,22,5,33,63,2,4,1,3,CRS DE LA MARNE,0.0,0.0
201300024364,20,12,2013,8,2,33,39,2,2,1,6,RUE IRENE ET FREDERIC JO,0.0,0.0
201300024365,27,12,2013,15,1,33,63,2,2,1,3,AVE DE NONTRASTE,0.0,0.0
201300024366,24,12,2013,17,5,33,167,2,1,8,5,COTE DE MONREPOS,0.0,0.0
201300024367,24,12,2013,9,1,33,119,2,3,2,6,"21 bis, AVE RENE CASSAGN",0.0,0.0
201300024368,7,4,2013,1,5,33,63,2,9,1,1,PONT EN U,0.0,0.0
201300024369,10,6,2013,9,1,33,13,2,2,2,3,AVE DE L'EGLISE ROMANE,0.0,0.0
201300024370,4,5,2013,22,3,49,343,2,1,1,7,avenue clémenceau,47.00709,-0.85282
201300024371,28,8,2013,17,1,49,355,1,4,1,1,,47.1414,-0.79438
201300024372,20,9,2013,15,1,49,343,1,1,1,1,Avail,47.00537,-0.79814
201300024373,22,9,2013,19,2,49,92,1,6,1,2,La Gilbertière,47.23575,-0.71435
201300024374,28,9,2013,6,3,49,74,2,1,1,6,45 rue d'anjou,47.21349,-0.79751
201300024375,7,10,2013,18,1,49,169,1,2,1,3,La providence,47.30878,-0.71083
201300024376,6,11,2013,9,1,49,92,1,3,8,3,La beguerie,47.21023,-0.70384
201300024377,9,12,2013,13,1,49,192,1,1,1,1,,0.0,0.0
201300024378,20,12,2013,15,1,49,92,1,6,1,7,ZI des 3 routes,47.2384,-0.72561
201300024379,21,12,2013,0,3,49,192,1,1,1,6,,0.0,0.0
201300024380,14,2,2013,21,3,18,262,1,1,2,6,,47.30752,2.86641
201300024381,18,5,2013,18,1,18,258,1,1,1,1,,0.0,0.0
201300024382,18,6,2013,10,1,18,233,2,1,1,6,"37, rue de FONTENAY",47.33951,2.8439
201300024383,5,8,2013,22,5,18,125,2,1,1,3,"Route de gien, RD751",0.0,0.0
201300024384,27,8,2013,16,1,18,246,2,1,1,6,rue du val de Loire,47.44332,2.81937
201300024385,27,9,2013,9,1,18,233,2,1,1,1,Rout de SURY EN VAUX,47.34037,2.83702
201300024386,20,10,2013,16,1,18,241,1,2,1,7,,47.33094,2.84494
201300024387,6,11,2013,11,1,18,272,1,1,2,6,,47.25694,2.76294
201300024388,21,11,2013,12,1,18,144,1,1,2,5,,47.32486,2.78891
201300024389,7,12,2013,13,1,18,233,2,2,1,3,rue des ponts,47.33863,2.85943
201300024390,8,1,2013,12,5,06,161,1,1,9,1,,0.0,0.0
201300024391,8,3,2013,23,5,06,161,1,1,1,1,,0.0,0.0
201300024392,22,4,2013,17,1,06,161,2,1,1,3,avenue de la mer,0.0,0.0
201300024393,31,7,2013,10,1,06,161,2,2,1,2,2040 ROUTE NATIONALE 7,0.0,0.0
201300024394,10,8,2013,16,1,06,44,2,1,1,5,990 RTE DE CAGNES/MER,0.0,0.0
201300024395,28,8,2013,18,1,06,161,2,6,1,3,RD 6007,0.0,0.0
201300024396,3,12,2013,15,2,06,161,2,1,1,2,RD 6007,0.0,0.0
201300024397,3,12,2013,19,5,06,161,1,9,1,1,,0.0,0.0
201300024398,3,12,2013,14,1,06,161,2,1,7,6,RD 4,0.0,0.0
201300024399,13,12,2013,0,5,06,44,1,1,1,6,,0.0,0.0
201300024400,24,12,2013,19,5,06,161,2,1,2,6,rd6007,43.637,7.134
201300024401,10,1,2013,8,1,34,3,2,1,1,6,"4, HUGO (C12 A D12",43.31552,3.46801
201300024402,20,3,2013,14,1,34,3,2,9,1,6,"ignor?, SAINT CHRIST (M7",43.31112,3.46596
201300024403,26,4,2013,17,1,34,3,2,1,1,6,SOLEIL (G15 A J18,43.30862,3.47693
201300024404,22,6,2013,1,5,34,3,2,1,1,5,SERGENTS (I14 A K17,43.28657,3.50782
201300024405,12,7,2013,16,1,34,3,1,1,1,1,RD612,0.0,0.0
201300024406,29,7,2013,20,1,34,3,1,1,1,3,"0, NOTRE DAME A ST. MART",0.0,0.0
201300024407,7,8,2013,7,1,34,3,2,9,1,7,"0, BEL AIR (PARKING)",43.27802,3.50363
201300024408,7,8,2013,20,1,34,3,2,1,1,2,MERIC (P3 A S2,0.0,0.0
201300024409,10,8,2013,16,1,34,3,2,1,1,6,DUNES (G6 A K4,0.0,0.0
201300024410,12,8,2013,17,1,34,3,1,1,1,3,"25, MARSEILLAN (A16 A B1",43.32314,3.47763
201300024411,18,8,2013,20,1,34,3,1,1,1,3,RD612,43.29306,3.49944
201300024412,21,8,2013,18,1,34,3,1,1,1,1,RD612,43.30463,3.45699
201300024413,22,8,2013,19,1,34,3,2,1,1,3,POMPIDOU (H12 A 14,43.30659,3.46919
201300024414,24,8,2013,10,1,34,3,1,1,1,2,RD612,43.30877,3.51301
201300024415,25,8,2013,17,1,34,3,1,1,1,3,RD612,43.29852,3.46704
201300024416,1,9,2013,22,5,34,3,2,1,1,3,"0, ROCHELONGUE (G14 A O1",43.29869,3.47858
201300024417,2,9,2013,5,5,34,3,2,6,1,6,"0, BELLE-ISLE (I12 A H15",43.28508,3.50426
201300024418,10,9,2013,13,1,34,3,2,9,1,3,TOURS DE SAINT-MARTIN (R,43.28319,3.49824
201300024419,13,9,2013,11,1,34,3,2,6,1,2,"0, BUTTE (F18 A G18",43.29567,3.51734
201300024420,2,10,2013,13,1,34,3,2,1,1,2,GRAND CAP (RUE),43.298,3.4764
201300024421,14,8,2013,12,1,34,3,2,6,1,3,"0, SOLEIL (G15 A J18",0.0,0.0
201300024422,11,11,2013,17,2,34,3,1,1,1,5,RD612,0.0,0.0
201300024423,11,12,2013,16,1,34,3,2,3,8,6,"inconnu, DE GAULLE (E14",0.0,0.0
201300024424,31,12,2013,18,2,34,3,2,1,1,1,"0, GUIRAUDETTE (K13 A V1",0.0,0.0
201300024425,31,12,2013,20,5,34,32,2,1,9,6,"0, QUAI PORT NOTRE DAME",0.0,0.0
201300024426,2,1,2013,18,4,34,32,2,1,9,7,"01, JOFFRE MARECHAL (AV)",43.33981,3.21841
201300024427,2,1,2013,22,5,34,32,2,1,9,2,"NR, KENNEDY PRESIDENT (B",43.3508,3.23937
201300024428,9,1,2013,20,5,34,32,2,9,9,6,"33, RIQUET PIERRE PAUL (",43.34418,3.2124
201300024429,8,1,2013,11,1,34,336,2,1,1,7,MARIANNE (PLACE DE LA),43.31624,3.28128
201300024430,8,1,2013,20,4,34,32,2,3,9,3,"NR, FABRE (AV.DU DOCTEUR",43.35453,3.22964
201300024431,21,1,2013,21,1,34,336,2,3,1,7,"NR, BEREGOVOY (AVENUE PI",43.32055,3.27773
201300024432,23,1,2013,14,1,34,32,2,6,9,3,VICTOIRE (PLACE DE LA),43.34478,3.2154
201300024433,28,1,2013,8,1,34,32,2,1,1,7,"17, LECLERC MARECHAL (BD",43.34457,3.23853
201300024434,28,1,2013,11,1,34,32,2,3,1,3,"29, CLAPAREDE EMILE (AVE",43.34395,3.22838
201300024435,29,1,2013,7,1,34,32,2,1,1,2,"NP, NARBONNE (ROUTE DE)",43.33711,3.20321
201300024436,4,2,2013,0,5,34,32,2,2,1,3,"63, MISTRAL FREDERIC (BD",43.34409,3.22042
201300024437,3,2,2013,21,5,34,32,2,2,9,3,BOUIN JEAN (BD),43.33359,3.25363
201300024438,12,2,2013,11,1,34,32,2,1,1,3,"NP, NOGUERES HENRI (RD P",43.35252,3.22498
201300024439,16,2,2013,2,3,34,32,1,1,9,7,MURVIEL (ROUTE DE),43.36482,3.18948
201300024440,17,2,2013,9,1,34,32,2,9,1,7,"58, CLEMENCEAU GEORGES (",43.34718,3.21863
201300024441,15,2,2013,20,5,34,32,2,3,1,3,"NP, BOBILLOT SERGENT (RU",43.34929,3.22108
201300024442,16,2,2013,16,1,34,32,1,3,1,3,BESSAN (ROUTE DE),43.35237,3.26732
201300024443,25,2,2013,17,1,34,32,2,1,1,7,"26, RHIN ET DANUBE (AV)",43.354,3.22797
201300024444,4,3,2013,17,1,34,32,2,3,1,3,"69, MISTRAL FREDERIC (BD",43.34356,3.22076
201300024445,8,3,2013,18,1,34,32,2,1,9,7,"NR, FABRE (AV.DU DOCTEUR",43.35387,3.22637
201300024446,15,3,2013,11,1,34,32,2,3,9,7,VERDIER PIERRE (AV),43.34422,3.23034
201300024447,17,3,2013,5,2,34,32,1,1,9,7,ROUTE DE CORNEILHAN (RD.,43.37235,3.20823
201300024448,16,3,2013,9,1,34,32,1,3,9,3,RN.113 - 9 (BEZIERS-PEZE,43.36414,3.26089
201300024449,20,3,2013,10,1,34,32,2,1,9,7,"94, CLEMENCEAU GEORGES (",43.34845,3.22018
201300024450,21,3,2013,15,1,34,32,2,1,9,2,JUIN MARECHAL (RUE DU),43.35038,3.23939
201300024451,22,3,2013,19,3,34,32,1,1,8,1,ROUTE DEPARTEMENTALE  61,43.362,3.24595
201300024452,3,4,2013,14,1,34,32,2,1,1,7,"43, MOULIN JEAN (AV)",43.34708,3.2203
201300024453,3,4,2013,17,1,34,336,1,3,1,3,ROUTE DEPARTEMENTALE NR.,43.31351,3.29974
201300024454,25,4,2013,17,1,34,336,2,1,1,5,"3, BEREGOVOY (AVENUE PIE",43.32359,3.26305
201300024455,3,5,2013,18,1,34,32,2,1,1,7,"27, DUC VALENTIN (AV)",43.34037,3.20975
201300024456,13,5,2013,17,1,34,32,2,9,9,7,"31, CLEMENCEAU GEORGES (",43.34616,3.8815
201300024457,21,5,2013,13,1,34,32,2,1,9,7,HERRIOT EDOUARD (BD),43.34582,3.21691
201300024458,19,5,2013,22,3,34,336,1,1,1,7,MEDITERRANEE (ROND POINT,43.32007,3.2933
201300024459,24,5,2013,15,1,34,32,2,1,1,7,"4, LACHENAL LOUIS (AV)",0.0,0.0
201300024460,6,6,2013,18,1,34,32,2,1,1,7,"NP, NOGUERES HENRI (RD P",43.35243,3.22486
201300024461,5,5,2013,13,1,34,32,2,1,1,7,KENNEDY PRESIDENT (BD DU,43.3548,3.23915
201300024462,6,6,2013,19,1,34,32,2,9,9,6,"NR, BEDARIEUX (ANCIENNE",0.0,0.0
201300024463,21,5,2013,18,1,34,32,1,3,9,3,"NR, RD.909",43.38581,3.22815
201300024464,11,6,2013,9,1,34,32,2,1,1,2,"53, RIQUET PIERRE PAUL (",43.34062,3.21847
201300024465,13,6,2013,15,1,34,32,2,1,1,7,"NP, SIX NATIONS (ROND PO",43.33392,3.25017
201300024466,13,6,2013,17,1,34,32,2,1,1,2,"39, MOULIN JEAN (AV)",0.0,0.0
201300024467,21,5,2013,6,2,34,32,2,1,9,7,"NR, BADONES (AV.)",43.3507,3.23974
201300024468,18,6,2013,16,1,34,32,2,1,1,1,"NP, LACHENAL LOUIS (AV)",43.33801,3.25226
201300024469,19,6,2013,17,1,34,32,2,3,1,7,"23, MONTAIGNE (PLACE)",43.34128,3.22487
201300024470,2,7,2013,18,1,34,32,2,1,1,7,"5, PUITS DES ARENES (RUE",0.0,0.0