Num_Acc,jour,mois,an,hr,condition_eclairage,departement,commune,condition_agglomeration,intersection,condition_atmosphere,type_collision,adresse,lattitude,longitude
201300024471,6,7,2013,22,5,34,32,2,1,1,3,ROUTE DE BEDARIEUX (RD.9,0.0,0.0
201300024472,7,7,2013,18,1,34,336,1,1,7,1,"""CHEMIN DIT """"GRANDE CAR",0.0,0.0
201300024473,5,7,2013,22,3,34,32,1,1,1,3,ROUTE DEPARTEMENTALE  61,0.0,0.0
201300024474,8,7,2013,1,5,34,32,2,1,9,7,"2, PONT VIEUX (AVENUE DU",0.0,0.0
201300024475,14,7,2013,15,1,34,32,2,1,9,6,AGDE (ROUTE D'),0.0,0.0
201300024476,13,7,2013,12,1,34,336,2,6,9,7,"0, VIGUIER (AVENUE DU) Z",0.0,0.0
201300024477,8,6,2013,13,1,34,32,2,1,2,1,COSTE MONSEIGNEUR (AV),0.0,0.0
201300024478,7,6,2013,12,1,34,32,2,1,1,7,"NP, JUIN MARECHAL (RUE D",43.34806,3.23936
201300024479,18,7,2013,18,1,34,32,2,1,1,7,"14, LESSEPS FERDINAND DE",0.0,0.0
201300024480,3,8,2013,23,3,34,336,1,6,1,7,MEDITERRANEE (ROND POINT,0.0,0.0
201300024481,16,8,2013,10,1,34,336,1,9,7,2,"NR, ROUTE D'AGDE (RD612)",43.31375,3.32288
201300024482,23,8,2013,21,3,34,32,2,6,9,7,"NR, BADIE VINCENT (RD PO",43.34694,3.25403
201300024483,29,8,2013,21,3,34,32,1,6,1,6,RD.64,43.34412,3.17335
201300024484,5,9,2013,18,1,34,32,1,1,1,2,ARCAS FERNAND (ROND-POIN,0.0,0.0
201300024485,5,9,2013,19,1,34,32,1,1,1,2,ROUTE DEPARTEMENTALE NR.,0.0,0.0
201300024486,13,9,2013,11,1,34,32,2,3,1,7,"NP, LAMARCK (RUE)",43.35034,3.22022
201300024487,14,9,2013,16,1,34,32,2,1,1,7,"26, RIQUET PIERRE PAUL (",0.0,0.0
201300024488,1,9,2013,2,3,34,32,1,1,1,7,"NP, LAZARE JOSEPH (AV)",0.0,0.0
201300024489,30,8,2013,14,1,34,32,2,1,1,2,MISTRAL FREDERIC (BD),0.0,0.0
201300024490,31,8,2013,20,3,34,32,1,1,1,3,ROUTE DEPARTEMENTALE 612,0.0,0.0
201300024491,7,9,2013,13,1,34,336,1,1,1,3,"NR, SALANCS (CHEMIN DES)",0.0,0.0
201300024492,22,9,2013,5,3,34,336,1,9,9,7,"NR, COLOMBES (AVENUE DES",0.0,0.0
201300024493,24,9,2013,12,1,34,32,2,1,1,6,LIBERTE (BD DE LA),0.0,0.0
201300024494,30,9,2013,14,1,34,32,2,6,9,3,LANGUEDOC (BD DU),0.0,0.0
201300024495,4,10,2013,15,1,34,32,1,6,2,2,ROUTE DEPARTEMENTALE 612,0.0,0.0
201300024496,8,10,2013,17,1,34,32,2,1,9,3,MURVIEL (ROUTE DE),0.0,0.0
201300024497,12,10,2013,16,1,34,32,2,1,9,7,"47, MOULIN JEAN (AV)",43.34746,3.22094
201300024498,20,10,2013,1,5,34,32,2,1,1,6,"3, DAGUERRE LOUIS (RUE)",0.0,0.0
201300024499,8,8,2013,8,1,34,336,2,1,9,7,"1, PASTEUR (BOULEVARD)",0.0,0.0
201300024500,28,10,2013,19,3,34,32,1,1,9,7,NARBONNE (ROUTE DE),0.0,0.0
201300024501,12,11,2013,15,1,34,32,1,1,1,3,ROUTE DEPARTEMENTALE 612,43.3668,3.21449
201300024502,19,11,2013,12,1,34,32,2,2,9,7,BADONES (AV.),0.0,0.0
201300024503,12,11,2013,16,1,34,32,2,1,9,7,ALBERTINI AUGUSTE (AVENU,0.0,0.0
201300024504,12,11,2013,17,1,34,32,2,1,9,7,ORNANO COLONEL D' (AV),0.0,0.0
201300024505,20,11,2013,14,1,34,32,2,3,1,1,SORANO DAN IEL (RUE),0.0,0.0
201300024506,26,11,2013,17,2,34,32,2,1,9,7,"NR, DE GAULLE GENERAL (P",0.0,0.0
201300024507,1,12,2013,11,1,34,32,2,1,9,7,"NR, ERIGNAC CLAUDE (AV)",0.0,0.0
201300024508,4,12,2013,7,2,34,32,2,1,9,7,"8, CASERNES (RUE DES)",0.0,0.0
201300024509,10,12,2013,16,2,34,32,2,6,9,7,NOGUERES HENRI (RD POINT,0.0,0.0
201300024510,26,12,2013,13,1,34,32,2,1,1,7,"NR, WILSON PRESIDENT (AV",0.0,0.0
201300024511,30,12,2013,3,3,34,32,1,1,9,2,"18,7, ROUTE DEPARTEMENTA",0.0,0.0
201300024512,1,1,2013,5,5,34,172,2,1,1,6,"91, POSTE VIEILLE DE 2 A",43.61083,3.90036
201300024513,2,1,2013,15,1,34,172,2,1,1,2,MASSENA (AVENUE),43.6101,3.8466
201300024514,2,1,2013,19,5,34,172,2,3,1,3,FLAHAULT (AVENUE CHARLES,43.62559,3.86078
201300024515,3,1,2013,11,1,34,172,2,3,1,6,ROBESPIERRE (RUE),43.6002,3.84584
201300024516,3,1,2013,12,1,34,172,2,1,1,2,FAULQUIER (PLACE),43.60531,3.89192
201300024517,3,1,2013,15,1,34,172,2,1,1,4,"0, MENDES FRANCE (AVENUE",43.60715,3.93286
201300024518,4,1,2013,9,1,34,172,2,1,1,6,"74, LODEVE (ROUTE DE)",43.6151,3.82427
201300024519,4,1,2013,14,1,34,172,2,1,1,3,"0, MAURIN (AVENUE DE",43.58706,3.87243
201300024520,4,1,2013,18,5,34,172,2,1,1,3,"0, VALLOIS (RUE PROFESSE",43.6144,3.88377
201300024521,6,1,2013,5,5,34,172,2,1,1,7,"0, NERUDA (AVENUE PABLO)",43.61727,3.8202
201300024522,7,1,2013,10,1,34,172,2,1,1,2,"sans, ORIENT (BOULEVARD",43.60336,3.88832
201300024523,7,1,2013,21,5,34,172,2,3,1,1,"SANS, FLAHAULT (AVENUE C",43.61989,3.86532
201300024524,8,1,2013,12,1,34,172,2,1,1,6,"588, ANTIGONE (BOULEVARD",43.60908,3.88975
201300024525,9,1,2013,10,1,34,172,2,3,1,6,"., FIGUEROLLES FAUBOURG",43.6064,3.8643
201300024526,9,1,2013,11,1,34,172,2,1,1,6,"150, GOSSEC (RUE FRANCOI",43.5752,3.8559
201300024527,9,1,2013,13,1,34,172,2,1,1,1,"0, MARTELLE (ALLEE DE LA",43.60665,3.83841
201300024528,9,1,2013,14,1,34,172,2,1,1,2,LIBERTE (AVENUE DE LA,43.60889,3.8531
201300024529,10,1,2013,10,1,34,172,2,1,1,3,"24, GRAND SAINT JEAN (RU",43.60519,3.87511
201300024530,9,1,2013,18,5,34,172,2,2,1,3,"0, DUBOUT (AVENUE ALBERT",43.5969,3.87773
201300024531,9,1,2013,16,1,34,172,2,1,1,6,"30, JUSSIEU (RUE ANTOINE",43.63644,3.87404
201300024532,11,1,2013,14,1,34,172,2,1,1,3,", ABRIVADO (RUE DE L')",43.5896,3.8879
201300024533,11,1,2013,20,5,34,172,2,1,1,3,"sans, SABATIER D'ESPEYRA",43.624,3.86225
201300024534,11,1,2013,7,1,34,172,2,3,1,3,"0, VIEILLE POSTE (RUE DE",43.6136,3.90491
201300024535,11,1,2013,10,1,34,172,2,1,1,3,"sans, JANVIER (RUE GUILL",43.59678,3.86521
201300024536,12,1,2013,11,1,34,172,2,1,1,3,"7, BERTIN-SANS (AVENUE E",43.62776,3.86466
201300024537,13,1,2013,6,5,34,172,2,1,1,6,"sans, RAYMOND DUGRAND (A",43.59489,3.90569
201300024538,14,1,2013,8,1,34,172,2,1,1,7,"20, ARCEAUX (BOULEVARD D",43.61187,3.86456
201300024539,14,1,2013,10,1,34,172,2,1,1,3,"SANS, MELIES (RUE GEORGE",43.60643,3.92354
201300024540,14,1,2013,17,1,34,172,2,1,1,3,"890, AURIOL (AVENUE VINC",43.64242,3.84781
201300024541,14,1,2013,19,5,34,172,2,2,1,6,JUSTICE DE CASTELNAU (AV,43.62685,3.88937
201300024542,16,1,2013,8,1,34,172,2,2,1,6,PONT DE LAVERUNE (RUE DU,43.6042,3.8343
201300024543,16,1,2013,11,1,34,172,2,3,8,6,MONTELS-EGLISE (RUE DE),43.5793,3.8784
201300024544,17,1,2013,18,5,34,172,2,1,1,2,"sans, FOCH (RUE)",43.61108,3.87351
201300024545,17,1,2013,11,1,34,172,2,1,1,3,"53, LAVERUNE (ROUTE DE",43.60239,3.85413
201300024546,19,1,2013,19,3,34,172,2,1,3,6,"1469, MOULARES (CHEMIN D",43.5935,3.8899
201300024547,22,1,2013,8,1,34,172,2,2,1,3,LEPINE (RUE LOUIS),43.61356,3.91199
201300024548,23,1,2013,15,1,34,172,2,1,2,2,"sans, CROIX DES ROSIERS",43.60957,3.83707
201300024549,23,1,2013,19,3,34,129,2,1,8,6,"SANS, BOIRARGUES (AVENUE",43.58286,3.9253
201300024550,24,1,2013,7,1,34,172,2,1,1,7,"0, ERNEST HEMINGWAY (AVE",43.6338,3.83554
201300024551,24,1,2013,13,1,34,172,2,1,1,2,CHATEAU D'O (ROND-POINT,43.63136,3.84281
201300024552,25,1,2013,10,1,34,172,2,1,1,7,"SANS, SCHUMAN (PLACE ROB",43.6185,3.81818
201300024553,25,1,2013,12,1,34,172,2,1,1,3,"12, TOULOUSE (AVENUE DE",43.6002,3.86726
201300024554,25,1,2013,17,1,34,172,2,3,1,3,LAVERUNE (ROUTE DE,43.60731,3.83836
201300024555,26,1,2013,4,5,34,172,2,1,1,7,"SANS, MERMOZ (AVENUE JEA",43.61364,3.88785
201300024556,26,1,2013,6,3,34,129,1,1,1,6,"sans, AGAU (AVENUE DE L'",43.58074,3.90842
201300024557,25,1,2013,18,3,34,172,2,1,1,6,"2310, TOULOUSE (AVENUE D",43.58616,3.85232
201300024558,27,1,2013,12,1,34,172,2,1,1,6,"22 bis, ENCLOS FERMAUD (",43.602,3.8731
201300024559,28,1,2013,8,1,34,172,2,3,1,3,BOUISSES (RUE DES),43.5982,3.83541
201300024560,28,1,2013,12,1,34,172,2,1,1,6,"240, MONDIAL 98 (AVENUE",43.6036,3.9071
201300024561,27,1,2013,20,5,34,172,2,1,2,2,"81, CARRIEU (RUE MARIUS)",43.61725,3.84272
201300024562,29,1,2013,7,1,34,172,2,1,1,7,"1093, RAVAZ (AVENUE DU P",43.62343,3.84421
201300024563,29,1,2013,8,1,34,172,2,1,1,3,PIREE (AVENUE DU),43.60811,3.89674
201300024564,4,2,2013,10,1,34,172,2,1,1,7,"125, PRE AUX CLERCS (RUE",43.62369,3.87378
201300024565,6,2,2013,12,1,34,172,2,1,1,6,"914, MOULARES (CHEMIN DE",43.6051,3.89214
201300024566,6,2,2013,13,1,34,172,2,1,1,4,"sans, NERUDA (AVENUE PAB",43.61628,3.82045
201300024567,8,2,2013,4,5,34,172,2,1,1,7,"61, TOULOUSE (AVENUE DE",43.59709,3.86377
201300024568,8,2,2013,5,5,34,172,2,2,1,6,RIMBAUD (RUE PAUL),43.61787,3.84275
201300024569,8,2,2013,9,1,34,172,2,3,1,6,"17, ARCEAUX (BOULEVARD D",43.61149,3.86512
201300024570,9,2,2013,13,1,34,172,2,1,1,7,"0, GARRATS (AVENUE DES)",43.61223,3.83935
201300024571,9,2,2013,15,1,34,129,1,2,1,3,"0, CARNON (ROUTE DE  D21",43.58282,3.92531
201300024572,10,2,2013,19,5,34,172,2,1,3,1,"57, LAVERUNE (ROUTE DE",43.60212,3.85346
201300024573,9,2,2013,22,5,34,172,2,3,1,3,"0, POITIERS (AVENUE GUIL",43.63424,3.82244
201300024574,10,2,2013,3,5,34,172,2,1,1,7,LIBERTE (AVENUE DE LA,43.59616,3.87708
201300024575,11,2,2013,9,1,34,172,2,1,8,2,MOULINS (AVENUE DES,43.63605,3.84451
201300024576,12,2,2013,0,5,34,172,2,1,1,7,LIBERTE (AVENUE DE LA,43.60259,3.86659
201300024577,12,2,2013,10,1,34,172,2,1,1,6,"4, NOURRIT (RUE ADOLPHE)",43.6048,3.8672
201300024578,14,2,2013,18,5,34,172,2,1,1,1,CLEMENCEAU (AVENUE GEORG,43.60232,3.87015
201300024579,14,2,2013,18,5,34,172,2,3,1,3,"0, VIEILLE POSTE (RUE DE",43.61687,3.91138
201300024580,17,2,2013,22,5,34,172,2,2,1,6,"2, JEU DE PAUME (BOULEVA",43.60848,3.87321
201300024581,18,2,2013,17,1,34,172,2,3,2,7,AIGUELONGUE (RUE DE L'),43.63332,3.8756
201300024582,19,2,2013,8,1,34,172,2,1,1,7,"sans, GREZES (RUE DES)",43.595,3.82169
201300024583,19,2,2013,14,1,34,172,2,2,1,6,PAS DU LOUP (RUE DU,43.59662,3.8449
201300024584,20,2,2013,9,1,34,172,2,3,1,3,JUSTICE DE CASTELNAU (AV,43.62694,3.87265
201300024585,20,2,2013,12,1,34,172,2,3,1,3,RABELAIS (BOULEVARD),43.6011,3.8815
201300024586,20,2,2013,13,1,34,172,2,6,1,3,ECOLE D'AGRICULTURE-GABR,43.61301,3.85888
201300024587,21,2,2013,10,1,34,172,2,3,1,3,CHAMPLAIN (AVENUE SAMUEL,43.60718,3.88949
201300024588,21,2,2013,13,1,34,129,2,1,1,2,"0, AGAU (AVENUE DE L')",43.58698,3.90826
201300024589,21,2,2013,19,3,34,172,1,1,1,3,"0, JOUHAUX (AVENUE LEON)",43.59476,3.82019
201300024590,22,2,2013,15,1,34,129,2,1,1,6,"sans, PUECH RADIER (RUE)",43.57847,3.88044
201300024591,23,2,2013,1,5,34,172,2,1,1,7,"9 bis, FLAHAULT (AVENUE",43.62067,3.86486
201300024592,23,2,2013,5,3,34,172,2,1,1,3,"0, PALAVAS (AVENUE DE)",43.5888,3.89316
201300024593,25,2,2013,17,1,34,129,1,3,1,7,SAPORTA (CHEMIN DE),43.5764,3.889
201300024594,27,2,2013,10,1,34,172,2,1,1,1,BRIOL (ALLEE DU),43.59815,3.83775
201300024595,2,3,2013,14,1,34,172,2,1,1,2,ARENES (ROND POINT DES P,43.58915,3.89076
201300024596,2,3,2013,22,5,34,172,2,7,1,3,"sans, JUSTICE DE CASTELN",43.62705,3.86952
201300024597,3,3,2013,18,1,34,172,2,1,1,3,BARI (RUE DE),43.6283,3.8209
201300024598,4,3,2013,10,1,34,172,2,1,1,4,VANIERES (AVENUE DE),43.59585,3.84681
201300024599,4,3,2013,23,5,34,172,2,1,1,6,"35 BIS, ASSAS (AVENUE D'",43.61518,3.86403
201300024600,5,3,2013,8,1,34,172,2,2,3,6,CANDELIERS (RUE DES),43.6003,3.8743
201300024601,5,3,2013,15,1,34,172,2,2,2,3,"0, JUSTICE DE CASTELNAU",43.62605,3.88242
201300024602,6,3,2013,15,1,34,172,2,1,2,7,"sans, NERUDA (AVENUE PAB",43.61683,3.8201
201300024603,7,3,2013,6,3,34,129,2,1,8,1,"0, AGAU (AVENUE DE L')",43.58002,3.90816
201300024604,7,3,2013,14,1,34,172,2,9,8,3,"3650, VALERY (BOULEVARD",43.58923,3.85637
201300024605,7,3,2013,18,5,34,172,2,1,8,3,"sans, PEYSON (RUE FREDER",43.60058,3.87938
201300024606,8,3,2013,15,1,34,172,2,3,1,3,RIMBAUD (RUE PAUL),43.6166,3.83602
201300024607,9,3,2013,17,1,34,172,2,1,1,7,LIBERTE (AVENUE DE LA,43.60891,3.85988
201300024608,10,3,2013,15,1,34,172,2,2,1,3,"0, POMPIGNANE (AVENUE DE",43.61819,3.89759
201300024609,12,3,2013,5,5,34,172,2,6,2,3,"0, FLANDRES-DUNKERQUE (P",43.58966,3.85625
201300024610,12,3,2013,8,1,34,172,2,1,1,1,"720, LEPINE (RUE LOUIS)",43.61413,3.91434
201300024611,12,3,2013,17,1,34,172,2,1,1,3,"17, FLAHAULT (AVENUE CHA",43.62403,3.86214
201300024612,13,3,2013,17,1,34,172,2,1,1,3,"2452, SOULAS (AVENUE DU",43.62961,3.84398
201300024613,14,3,2013,9,1,34,172,2,1,1,3,"sans, LODEVE (ROUTE DE)",43.61538,3.82031
201300024614,14,3,2013,11,1,34,172,2,1,1,2,"SANS, PAVELET (AVENUE DU",43.58222,3.86356
201300024615,14,3,2013,18,1,34,172,2,1,1,6,PONT TRINQUAT (AVENUE DU,43.59547,3.89647
201300024616,14,3,2013,18,1,34,172,2,9,1,3,"., LAVERUNE (ROUTE DE",43.60082,3.84542
201300024617,15,3,2013,4,5,34,172,2,3,1,3,"sans, GRAND SAINT JEAN (",43.60441,3.87775
201300024618,15,3,2013,7,1,34,172,2,1,1,3,"2590, VALERY (BOULEVARD",43.59632,3.84932
201300024619,15,3,2013,12,1,34,172,2,1,1,3,"sans, TOULOUSE (AVENUE D",43.59525,3.86189
201300024620,15,3,2013,13,1,34,172,1,3,1,3,GRAMMONT (AVENUE DE),43.61017,3.92976
201300024621,17,3,2013,14,1,34,172,2,2,2,3,"0, PONT JUVENAL (AVENUE",43.60589,3.8942
201300024622,18,3,2013,4,5,34,172,2,2,2,7,"0, DOMITIENNE (VOIE)",43.6239,3.862
201300024623,18,3,2013,10,1,34,172,2,1,1,3,"0, ODYSSEUM (PLACE)",43.60429,3.91269
201300024624,18,3,2013,13,1,34,172,2,1,1,6,"sans, HUGO (BOULEVARD VI",43.60706,3.87842
201300024625,18,3,2013,16,1,34,172,2,1,1,7,"15, CLEMENCEAU (AVENUE G",43.60425,3.87347
201300024626,20,3,2013,20,5,34,172,2,1,8,3,VIALA (AVENUE PROFESSEUR,43.63636,3.82726
201300024627,21,3,2013,9,1,34,172,2,3,1,5,"620, PARGUEL (AVENUE ABB",43.6375,3.85972
201300024628,21,3,2013,16,1,34,172,2,1,1,6,"1401, SORBES (RUE DE LAS",43.61429,3.84846
201300024629,21,3,2013,23,3,34,172,2,1,1,2,"870, MOULARES (CHEMIN DE",43.59826,3.89332
201300024630,22,3,2013,11,1,34,172,2,1,8,3,AURIOL (AVENUE VINCENT),43.64974,3.85767
201300024631,22,3,2013,13,1,34,172,2,2,8,2,"0, EUROPE (AVENUE DE L')",43.62683,3.82178
201300024632,23,3,2013,19,5,34,172,2,2,2,6,"0, DORIA (RUE)",43.6134,3.86788
201300024633,24,3,2013,13,1,34,172,2,1,3,7,"sans, GOSSEC (RUE FRANCO",43.57513,3.85918
201300024634,24,3,2013,20,5,34,172,2,1,1,1,"19 bis, FIGAIRASSE (RUE",43.60694,3.85077
201300024635,25,3,2013,8,1,34,172,2,3,1,3,"0, MONTMORENCY (ALLEE HE",43.61034,3.89042
201300024636,26,3,2013,14,1,34,172,2,2,1,3,TOULOUSE (AVENUE DE,43.59418,3.86073
201300024637,27,3,2013,14,1,34,172,2,1,1,3,"2023, SOULAS (AVENUE DU",43.6273,3.84704
201300024638,28,3,2013,12,1,34,172,2,1,3,2,YOUNG (RUE ARTHUR),43.64443,3.86561
201300024639,28,3,2013,14,1,34,172,2,1,3,7,"200, SOULAS (AVENUE DU P",43.61792,3.86631
201300024640,30,3,2013,6,2,34,172,2,3,1,7,"0, PITOT (RUE)",43.61196,3.87187
201300024641,1,4,2013,20,5,34,172,2,1,2,3,"20, GRAND SAINT JEAN (RU",43.60467,3.87714
201300024642,2,4,2013,15,1,34,172,2,1,1,3,"41, CLEMENCEAU (AVENUE G",43.6026,3.8709
201300024643,3,4,2013,16,1,34,172,2,3,1,4,"0, PIREE (AVENUE DU)",43.60856,3.89673
201300024644,4,4,2013,8,1,34,172,2,2,1,2,RECAMBALE (AVENUE DE LA),43.59686,3.8444
201300024645,2,4,2013,8,1,34,172,2,1,2,6,"sans, SAINT VINCENT DE P",43.62191,3.87443
201300024646,2,4,2013,9,1,34,172,2,1,1,3,"2450, SOULAS (AVENUE DU",43.62955,3.84391
201300024647,5,4,2013,13,1,34,172,2,1,1,3,"SANS, VALLOIS (RUE PROFE",43.6144,3.88381
201300024648,5,4,2013,16,1,34,172,2,3,1,1,"SANS, MONTELS-EGLISE (RU",43.58029,3.881
201300024649,7,4,2013,12,1,34,172,2,1,1,3,BOLOGNE (RUE DE),43.62832,3.81757
201300024650,8,4,2013,1,3,34,129,1,1,1,6,"sans, D116",43.5612,3.86678
201300024651,7,4,2013,18,1,34,172,2,2,1,3,GAMBETTA (COURS),43.6072,3.8708
201300024652,7,4,2013,20,2,34,172,2,1,1,6,"17, AIRE (RUE DE L')",43.6054,3.8853
201300024653,8,4,2013,18,1,34,172,2,1,1,7,"33, TOULOUSE (AVENUE DE",43.59908,3.86612
201300024654,9,4,2013,8,1,34,172,2,1,1,6,"161, MAS SAINT PIERRE (R",43.58193,3.88027
201300024655,9,4,2013,12,1,34,172,2,1,1,6,"16, SAINT LOUIS (RUE)",43.6108,3.86668
201300024656,9,4,2013,17,1,34,172,2,1,1,3,"85, OXFORD (RUE D')",43.62693,3.82061
201300024657,10,4,2013,17,1,34,172,2,1,1,7,"1732, MONSIEUR TESTE (AV",43.59942,3.84081
201300024658,10,4,2013,21,5,34,172,2,3,1,3,"SANS, LODEVE (ROUTE DE)",43.61472,3.82775
201300024659,11,4,2013,0,5,34,172,2,2,1,3,"sans, ASSAS (AVENUE D')",43.61276,3.86743
201300024660,11,4,2013,9,1,34,129,2,1,1,7,"0, EUROPE (PLACE DE L')",43.6077,3.89411
201300024661,11,4,2013,21,5,34,172,2,1,1,2,"315, RIMBAUD (RUE PAUL)",43.6185,3.84528
201300024662,11,4,2013,22,5,34,172,2,2,2,3,POSEIDON (RUE),43.60694,3.89399
201300024663,12,4,2013,19,2,34,172,2,1,1,5,"1, LODEVE (ROUTE DE)",43.6146,3.83009
201300024664,13,4,2013,15,1,34,172,2,1,1,6,LA BLOTTIERE (RUE),43.61154,3.87203
201300024665,13,4,2013,14,1,34,172,2,1,1,2,"13, CHOLET (RUE DE)",43.58509,3.8692
201300024666,16,4,2013,10,1,34,172,2,3,1,3,POMPIGNANE (AVENUE DE LA,43.62216,3.89771
201300024667,15,4,2013,20,1,34,172,2,1,1,3,"0, BLAYAC (RUE DU PROFES",43.6261,3.82396
201300024668,13,4,2013,12,1,34,172,2,1,1,4,"0, PAVELET (AVENUE DU CO",43.58135,3.86534
201300024669,16,4,2013,17,1,34,172,2,1,1,7,"0, REINE HELENE D'ITALIE",43.62471,3.88902
201300024670,16,4,2013,20,2,34,172,2,2,1,3,"0, LAVERUNE (ROUTE DE",43.60414,3.85835
201300024671,17,4,2013,10,1,34,172,2,3,1,3,"0, JEU DE MAIL DES ABBES",43.62214,3.88291
201300024672,18,4,2013,23,5,34,172,2,1,1,3,TOULOUSE (AVENUE DE,43.59754,3.86432
201300024673,19,4,2013,10,1,34,172,2,1,8,6,"sans, MARTYRS DE LA RESI",43.61081,3.87624
201300024674,20,4,2013,15,1,34,172,2,1,2,6,"396, RIMBAUD (RUE PAUL)",43.6186,3.84607
201300024675,21,4,2013,18,1,34,172,2,1,8,7,"0, VALENCAY (RUE DE)",43.61017,3.8857
201300024676,23,4,2013,12,1,34,172,2,2,1,3,"0, VILLENEUVE-ANGOULEME",43.58853,3.86576
201300024677,25,4,2013,7,1,34,172,2,1,8,5,"100, PALAVAS (AVENUE DE)",43.59687,3.88693
201300024678,25,4,2013,14,1,34,172,2,3,1,3,DUBOUT (AVENUE ALBERT),43.5971,3.8858
201300024679,26,4,2013,6,1,34,172,2,1,2,3,APPEL DU 18 JUIN (ROND-P,43.63649,3.83132
201300024680,27,4,2013,12,1,34,129,2,6,3,7,"0, MADAME (ROND POINT DE",43.56632,3.90054
201300024681,27,4,2013,19,2,34,172,2,1,8,1,"0, ROQUETURIERE (RUE DE",43.63102,3.88537
201300024682,30,4,2013,10,1,34,172,2,1,2,3,"804, SOULAS (AVENUE DU P",43.62015,3.85903
201300024683,2,5,2013,12,1,34,172,2,2,1,3,"sans, PAPIN (RUE DENIS)",43.61373,3.90587
201300024684,2,5,2013,15,1,34,172,2,2,1,3,GAMBETTA (COURS),43.60702,3.87127
201300024685,3,5,2013,17,1,34,172,2,1,1,3,"0, AVENUE DE BARCELONE",43.26344,3.81748
201300024686,3,5,2013,8,1,34,129,2,1,1,6,"574, MONTPELLIER (AVENUE",43.56811,3.90384
201300024687,4,5,2013,8,1,34,172,2,1,1,3,"515, ANTIGONE (BOULEVARD",43.60904,3.89057
201300024688,4,5,2013,11,1,34,172,2,1,1,3,"210, VAL DE MONTFERRAND",43.63143,3.87126
201300024689,5,5,2013,19,1,34,172,2,2,1,3,"59, TOULOUSE (AVENUE DE",43.59742,3.86409
201300024690,6,5,2013,9,1,34,198,1,3,1,5,"0, D66 ROUTE DE CARNON",43.5649,3.95789
201300024691,6,5,2013,21,5,34,172,2,2,1,3,MAURIN (AVENUE DE,43.59967,3.87524
201300024692,6,5,2013,8,1,34,172,2,1,1,3,"397, SORBES (RUE DE LAS",43.61639,3.85922
201300024693,9,5,2013,18,1,34,172,2,2,1,3,"0, INDUSTRIE (RUE DE L')",43.58907,3.88481
201300024694,11,5,2013,15,1,34,172,2,1,1,3,sans LECACHE (RUE BERNA,43.60827,3.86176
201300024695,12,5,2013,13,1,34,172,2,1,1,6,618  FONT CARRADE (RUE D,43.60777,3.85552
201300024696,12,5,2013,18,1,34,172,2,1,1,3,"sans, MOULINS (AVENUE DE",43.62345,3.83393
201300024697,13,5,2013,7,1,34,129,1,1,1,7,,43.57307,3.87632
201300024698,13,5,2013,9,1,34,172,2,2,1,3,"68,  ASSAS (AVENUE D')",43.61705,3.86112
201300024699,13,5,2013,16,1,34,172,2,1,1,3,MONTELS-EGLISE (RUE DE),43.58061,3.8815
201300024700,13,5,2013,17,1,34,172,2,1,1,6,LIBERTE (AVENUE DE LA,43.6087,3.84766
201300024701,14,5,2013,8,1,34,172,2,1,1,6,sans MONTFERRAND VAL DE,43.63696,3.87355
201300024702,14,5,2013,9,1,34,172,2,1,1,3,"24, BERTHELOT (BOULEVARD",43.59956,3.8745
201300024703,15,5,2013,8,1,34,172,2,2,8,3,"14, RENOUVIER (BOULEVARD",43.60381,3.86775
201300024704,18,5,2013,12,1,34,172,2,1,8,6,"949, RAVAZ (AVENUE DU PR",43.6222,3.84583
201300024705,18,5,2013,18,1,34,172,2,1,1,1,sans LIBERTE (AVENUE DE,43.61009,3.83544
201300024706,18,5,2013,10,1,34,172,2,1,8,3,"145, JANVIER (RUE GUILLA",43.59595,3.86588
201300024707,22,5,2013,16,1,34,172,2,2,1,3,"0, VINCI (RUE LEONARD DE",43.60834,3.90662
201300024708,22,5,2013,21,5,34,172,2,2,1,1,GIMEL  (AVENUE DE),43.63748,3.82283
201300024709,22,5,2013,19,1,34,172,2,1,1,3,"SANS, LIBERTE (AVENUE DE",43.60478,3.86484
201300024710,22,5,2013,18,1,34,172,2,2,1,3,"0, TERRETS-BOURRETS (RUE",43.62032,3.85971
201300024711,21,5,2013,19,1,34,172,2,1,1,3,"0, BARI (RUE DE)",43.62843,3.81992
201300024712,24,5,2013,9,1,34,172,2,1,1,3,"0, APPEL DU 18 JUIN (RON",43.63738,3.83156
201300024713,23,5,2013,9,1,34,172,2,1,1,7,"0, RAYMOND DUGRAND (AVEN",43.60518,3.89896