Num_Acc,jour,mois,an,hr,condition_eclairage,departement,commune,condition_agglomeration,intersection,condition_atmosphere,type_collision,adresse,lattitude,longitude
201300024714,22,5,2013,18,1,34,172,2,1,1,4,", TOULOUSE (AVENUE DE",43.58888,3.85499
201300024715,24,5,2013,23,5,34,172,2,1,1,2,"39, CLEMENCEAU (AVENUE G",43.60247,3.87059
201300024716,25,5,2013,22,5,34,172,2,1,1,4,"sans, EUROPE (AVENUE DE",43.62383,3.82029
201300024717,27,5,2013,18,1,34,129,2,1,1,3,"1421, PLATANES (AVENUES",43.58524,3.9235
201300024718,29,5,2013,11,1,34,172,2,1,1,7,"0, ETATS DU LANGUEDOC (A",43.60744,3.8847
201300024719,29,5,2013,13,1,34,172,2,1,1,1,"1475, EINSTEIN (AVENUE A",43.61038,3.91431
201300024720,30,5,2013,8,1,34,172,2,3,1,3,"0, CAUSSE (RUE PIERRE)",43.60964,3.83831
201300024721,30,5,2013,9,1,34,172,2,3,1,3,"0, PINVILLE (RUE DE)",43.61752,3.90275
201300024722,30,5,2013,23,5,34,172,2,2,1,3,CARDINAL DE CABRIERES (R,43.61432,3.87417
201300024723,31,5,2013,4,5,34,172,2,1,1,6,"32, ASSAS (AVENUE D')",43.6144,3.8651
201300024724,31,5,2013,13,1,34,172,2,1,1,1,"33, UNIVERSITE (RUE DE L",43.61364,3.87704
201300024725,31,5,2013,19,1,34,172,2,1,8,6,"157, UPPSALA (RUE D')",43.62954,3.82061
201300024726,1,6,2013,19,1,34,172,2,1,1,4,MENDES FRANCE (AVENUE PR,43.60803,3.91479
201300024727,2,6,2013,6,2,34,172,2,3,1,6,BOUISSES  (RUE DES),43.60339,3.83281
201300024728,2,6,2013,6,1,34,172,2,1,1,1,TOULOUSE (AVENUE DE,43.55846,3.84964
201300024729,2,6,2013,18,1,34,172,2,1,1,3,"., MER (AVENUE DE LA)",43.59808,3.90289
201300024730,3,6,2013,8,1,34,129,1,3,1,3,D116,43.55545,3.86036
201300024731,3,6,2013,18,1,34,172,2,1,1,3,"0, FES (RUE DE)",43.63294,3.83395
201300024732,3,6,2013,20,1,34,172,2,1,1,2,"0, LIBERTE (AVENUE DE LA",43.60882,3.84207
201300024733,4,6,2013,7,1,34,172,2,1,1,7,"0, VALSIERE (RUE DE LA)",43.64205,3.82998
201300024734,4,6,2013,8,1,34,172,2,1,1,6,"0, GRAND SAINT JEAN (RUE",43.60423,3.87815
201300024735,4,6,2013,18,1,34,172,2,1,1,6,"595, PAS DU LOUP (RUE DU",43.59628,3.84476
201300024736,5,6,2013,9,1,34,172,2,1,1,3,"0, CARNOT (PLACE)",43.60314,3.88243
201300024737,7,6,2013,15,1,34,172,2,6,1,3,GENNEVAUX (ROND-POINT MA,43.59315,3.82026
201300024738,7,6,2013,21,5,34,172,2,3,1,6,STRASBOURG (PLACE DE),43.60289,3.88042
201300024739,8,6,2013,10,1,34,172,2,9,2,6,"31, MAGUELONE (RUE DE)",43.6052,3.88064
201300024740,8,6,2013,15,1,34,172,2,1,3,7,"0, GENNEVAUX (ROND-POINT",43.59277,3.82015
201300024741,8,6,2013,16,1,34,172,2,1,2,1,"147, BOIRARGUES (AVENUE",43.60464,3.89981
201300024742,9,6,2013,9,1,34,172,2,1,1,3,240 GARRATS (AVENUE DES,43.61183,3.83875
201300024743,9,6,2013,10,1,34,172,2,2,8,3,", CARTIER (AVENUE JACQU",43.60684,3.89241
201300024744,9,6,2013,16,1,34,172,2,3,8,3,"0, AVENUE DE BARCELONE",43.62368,3.81742
201300024745,10,6,2013,6,1,34,172,2,1,1,6,"2, FABREGES (RUE FREDERI",43.59929,3.8823
201300024746,12,6,2013,9,1,34,172,2,1,1,3,"17, SAINT LOUIS (RUE)",43.61081,3.86664
201300024747,14,6,2013,17,1,34,172,2,1,1,2,"0, MENDES FRANCE (AVENUE",43.6085,3.91247
201300024748,14,6,2013,19,1,34,172,2,1,1,2,"0, LIBERTE (AVENUE DE LA",43.60981,3.83677
201300024749,15,6,2013,20,1,34,172,2,2,1,3,"0, AEROPORT INTERNATIONA",43.60876,3.89263
201300024750,19,6,2013,12,1,34,172,2,9,8,3,FABRE DE MORLHON (BOULE,43.59002,3.88258
201300024751,19,6,2013,18,1,34,172,2,3,8,3,POMPIGNANE (AVENUE DE LA,43.61496,3.89789
201300024752,20,6,2013,8,1,34,172,2,2,8,3,VIALA (PLACE PIERRE),43.61702,3.85485
201300024753,21,6,2013,10,1,34,172,2,3,1,6,HUGO (BOULEVARD VICTOR),43.6065,3.87783
201300024754,21,6,2013,11,1,34,172,2,3,1,6,ACROPOLE (RUE DE L'),43.60711,3.89248
201300024755,20,6,2013,16,1,34,172,2,1,1,3,"0, LODEVE (AVENUE DE",43.61371,3.83927
201300024756,21,6,2013,20,1,34,129,2,1,1,7,"sans, MONTPELLIER (AVENU",43.56928,3.89941
201300024757,22,6,2013,16,1,34,172,2,1,1,6,"225, PROVINCES (COUR DES",43.63426,3.82371
201300024758,22,6,2013,19,1,34,172,2,1,1,2,"sans, VALLOIS (RUE PROFE",43.61452,3.88365
201300024759,24,6,2013,18,1,34,172,2,1,1,6,"212, PONT DE LAVERUNE (R",43.60688,3.83773
201300024760,25,6,2013,13,1,34,172,2,4,1,5,STRASBOURG (BOULEVARD DE,43.6035,3.88819
201300024761,25,6,2013,19,1,34,129,1,1,1,7,D132,43.5679,3.90657
201300024762,26,6,2013,8,1,34,172,2,1,1,6,ZUCCARELLI (PONT JEAN),43.6068,3.89695
201300024763,26,6,2013,13,1,34,172,2,1,1,2,"0, MARIE DE MONTPELLIER",43.6,3.89604
201300024764,27,6,2013,3,5,34,198,2,1,1,7,"SANS, PAGNOL (AVENUE MAR",43.55886,3.96013
201300024765,21,6,2013,15,1,34,172,2,1,1,2,"101, SABATIER D'ESPEYRAN",43.62485,3.86352
201300024766,27,6,2013,17,1,34,129,2,3,1,3,"0, D172",43.57455,3.92246
201300024767,26,6,2013,16,1,34,129,2,2,1,3,"0, D172",43.57701,3.9331
201300024768,28,6,2013,17,1,34,172,2,1,1,2,"9, GAMBETTA (COURS)",43.60736,3.8704
201300024769,28,6,2013,7,1,34,172,2,3,1,7,"0, LIBERTE (AVENUE DE LA",43.6113,3.82879
201300024770,29,6,2013,15,1,34,172,2,1,1,6,"196, LEYDE (RUE DE)",43.62376,3.81505
201300024771,30,6,2013,11,1,34,129,1,1,1,7,"sans, D132",43.56583,3.9119
201300024772,2,7,2013,19,1,34,172,2,3,8,3,JUSTICE DE CASTELNAU (AV,43.61617,3.87921
201300024773,2,7,2013,16,1,34,172,2,3,1,3,"0, CROIX CAPITAINE (AVEN",43.6038,3.85932
201300024774,2,7,2013,18,1,34,172,2,2,1,2,"0, LIBERTE (AVENUE DE LA",43.61137,3.82886
201300024775,20,7,2013,19,1,34,172,2,2,1,3,"0, ECOLE D'AGRICULTURE-G",43.61376,3.85843
201300024776,3,7,2013,15,1,34,172,2,1,1,2,"0, FLANDRES-DUNKERQUE (P",43.58969,3.85584
201300024777,4,7,2013,16,1,34,172,2,1,1,3,"162, LODEVE (AVENUE DE",43.61309,3.84304
201300024778,5,7,2013,13,1,34,172,2,1,1,3,"sans, RIMBAUD (RUE PAUL)",43.61826,3.84457
201300024779,21,7,2013,9,1,34,172,2,1,1,6,FLAHAULT (AVENUE CHARLES,43.62782,3.85817
201300024780,6,7,2013,16,1,34,172,2,2,1,3,BARCELONE (AVENUE DE),43.62367,3.81744
201300024781,6,7,2013,23,3,34,172,2,1,1,7,"SANS, LAVERUNE (ROUTE DE",43.59308,3.82401
201300024782,5,7,2013,11,1,34,172,2,1,1,1,"509, BUGAREL (RUE DE",43.59367,3.85591
201300024783,3,7,2013,15,1,34,172,2,1,1,1,PIC SAINT LOUP (AVENUE D,43.63902,3.85226
201300024784,10,7,2013,13,1,34,172,2,1,1,2,"520, EINSTEIN (AVENUE AL",43.60675,3.90491
201300024785,11,7,2013,15,1,34,198,2,1,1,6,"sans, D21E",43.55185,3.96888
201300024786,12,7,2013,18,1,34,172,1,1,1,3,"., JOUHAUX (AVENUE LEON)",43.59471,3.82022
201300024787,13,7,2013,2,5,34,172,2,1,1,7,"SANS, GRANIER (ROND POIN",43.6025,3.90057
201300024788,14,7,2013,0,5,34,172,2,1,1,7,"293, FONT COUVERTE (RUE",43.60176,3.85689
201300024789,15,7,2013,0,5,34,172,2,3,1,3,"sans, PAVELET (AVENUE DU",43.58724,3.85856
201300024790,18,7,2013,19,1,34,172,2,1,1,6,"155, NOUVEAU MONDE (ALLE",43.60711,3.88845
201300024791,19,7,2013,9,1,34,172,2,1,1,6,"sans, MOULARES (CHEMIN D",43.59741,3.89287
201300024792,22,7,2013,2,5,34,172,2,1,1,7,"69, JUSTICE DE CASTELNAU",43.62705,3.8709
201300024793,22,7,2013,15,1,34,172,2,1,1,3,"55, CAVALERIE (RUE DE LA",43.61797,3.88212
201300024794,24,7,2013,7,1,34,172,2,6,1,3,"sans, FLANDRES-DUNKERQUE",43.59014,3.85569
201300024795,25,7,2013,19,1,34,172,2,1,1,2,MONTELS-EGLISE (RUE DE),43.57552,3.87116
201300024796,27,7,2013,3,3,34,129,2,2,1,7,"SANS, FONTAINE DE LA BAN",43.59224,3.91853
201300024797,28,7,2013,1,3,34,129,2,1,1,7,"SANS, PALAVAS D986 (ROUT",43.58227,3.89796
201300024798,27,7,2013,16,1,34,172,2,1,1,5,"0, LIBERTE (AVENUE DE LA",43.60887,3.84239
201300024799,29,7,2013,20,1,34,172,2,5,1,3,"sans, MERMOZ (AVENUE JEA",43.61032,3.89043
201300024800,31,7,2013,18,1,34,198,1,1,1,3,ROUTE DE LATTES  D132,43.56111,3.94396
201300024801,31,7,2013,20,1,34,172,2,2,1,3,AEROPORT INTERNATIONAL (,43.60887,3.89263
201300024802,1,8,2013,8,1,34,172,2,9,1,3,APOTHICAIRES (AVENUE DES,43.64467,3.84168
201300024803,2,8,2013,8,1,34,172,2,6,1,2,MONTMORENCY (ALLEE HENRI,43.61027,3.88665
201300024804,2,8,2013,12,1,34,129,1,1,1,3,"0, D132",43.571,3.88278
201300024805,3,8,2013,17,1,34,172,2,2,1,3,"sans, JUSTICE DE CASTELN",43.62695,3.8697
201300024806,4,8,2013,2,5,34,172,2,2,1,3,"sans, FABRE DE MORLHON (",43.58911,3.88471
201300024807,4,8,2013,13,1,34,198,2,1,1,7,D21  ROUTE DE CARNON,43.55751,3.96406
201300024808,4,8,2013,20,1,34,129,1,1,1,6,"sans, D116",43.57127,3.87375
201300024809,5,8,2013,14,1,34,172,2,2,1,7,TOULOUSE (AVENUE DE,43.59464,3.86123
201300024810,6,8,2013,17,1,34,172,2,1,1,3,"70, BERGAMOTES (AVENUE D",43.58328,3.85659
201300024811,7,8,2013,13,1,34,172,2,3,1,1,"0, GRENADE ENTR'OUVERTE",43.61648,3.83372
201300024812,8,8,2013,14,1,34,172,2,1,1,2,"7-9, FORGUE (RUE DU PROF",43.60911,3.85291
201300024813,7,8,2013,18,1,34,172,2,3,2,3,"0, PEYSON (RUE FREDERIC)",43.60144,3.87971
201300024814,9,8,2013,14,1,34,172,2,1,1,4,"sans, MONDIAL 98 (AVENUE",43.60325,3.90949
201300024815,9,8,2013,15,1,34,129,1,1,1,6,"sans, D116",43.56346,3.86796
201300024816,9,8,2013,21,5,34,172,2,1,1,6,"1, OLLIVIER (RUE ARISTID",43.60705,3.88077
201300024817,9,8,2013,23,5,34,172,2,2,1,3,"30, BERTHELOT (BOULEVARD",43.59973,3.87553
201300024818,10,8,2013,0,5,34,172,2,1,1,2,LIBERTE (AVENUE DE LA,43.60372,3.86544
201300024819,13,8,2013,18,1,34,172,2,1,1,7,"22, HARCOURT (RUE FRANCO",43.63328,3.83321
201300024820,16,8,2013,2,5,34,172,2,1,1,7,MENDES FRANCE (AVENUE PR,43.61006,3.90387
201300024821,16,8,2013,17,1,34,172,2,1,1,7,"sans, BLAYAC (RUE DU PRO",43.62304,3.83317
201300024822,19,8,2013,18,1,34,172,2,3,1,2,"31, CLEMENCEAU (AVENUE G",43.60327,3.87193
201300024823,19,8,2013,17,1,34,172,2,1,1,3,"14, TOULOUSE (AVENUE DE",43.60011,3.86712
201300024824,20,8,2013,2,5,34,172,2,1,1,2,AEROPORT INTERNATIONAL (,43.60875,3.89444
201300024825,20,8,2013,2,5,34,129,1,1,1,7,PALAVAS D986 (ROUTE DE),43.57933,3.89818
201300024826,20,8,2013,9,1,34,172,2,1,1,2,LODEVE (ROUTE DE),43.615,3.8238
201300024827,21,8,2013,15,1,34,172,2,1,1,6,"9, CROIX CAPITAINE (AVEN",43.60373,3.85978
201300024828,21,8,2013,10,1,34,172,2,3,1,3,"863, DEZEUZE (RUE FRANCO",43.60874,3.84156
201300024829,22,8,2013,18,1,34,129,1,1,1,3,"sans, PLATANES (AVENUES",43.59111,3.90956
201300024830,22,8,2013,19,1,34,172,2,1,1,2,"583, ANTIGONE (BOULEVARD",43.60905,3.89022
201300024831,26,8,2013,6,2,34,198,2,1,2,7,D21  ROUTE DE CARNON,43.566,3.9569
201300024832,26,8,2013,12,1,34,172,2,1,1,6,"36, CARTIER (AVENUE JACQ",43.60687,3.89126
201300024833,27,8,2013,8,1,34,172,2,1,1,7,"24, RIMBAUD (RUE PAUL)",43.61981,3.84977
201300024834,27,8,2013,10,1,34,172,2,3,1,3,"0, GERHARDT (RUE)",43.61395,3.86857
201300024835,27,8,2013,14,1,34,172,2,2,1,3,"sans, AIGUERELLES (RUE D",43.60361,3.88169
201300024836,28,8,2013,21,5,34,172,2,2,1,1,"sans, MOULARES (CHEMIN D",43.60386,3.89307
201300024837,29,8,2013,8,1,34,172,2,1,1,6,"sans, APOTHICAIRES (AVEN",43.64466,3.84213
201300024838,29,8,2013,14,1,34,172,2,1,1,2,"54, LODEVE (ROUTE  DE)",43.61492,3.82685
201300024839,18,8,2013,6,1,34,172,2,1,1,3,LIBERTE (AVENUE DE LA,43.61136,3.82873
201300024840,30,8,2013,8,1,34,172,2,1,1,6,"11, DUNANT (RUE HENRI)",43.62692,3.86948
201300024841,30,8,2013,16,1,34,172,2,1,1,6,"136, AIGUELONGUE (RUE DE",43.63048,3.87145
201300024842,2,9,2013,9,1,34,129,1,1,1,3,"0, D132",43.57594,3.875
201300024843,31,8,2013,18,1,34,172,2,3,1,3,"0, NIMES (AVENUE DE)",43.61941,3.88959
201300024844,3,9,2013,15,1,34,172,2,1,1,3,"59, TOULOUSE (AVENUE DE",43.59734,0.0
201300024845,4,9,2013,13,1,34,172,2,3,1,3,PARGUEL (AVENUE ABBE PAU,43.6315,3.8606
201300024846,4,9,2013,15,1,34,172,2,1,1,3,"31ter, SAINT LAZARE (AVE",43.62293,3.88825
201300024847,5,9,2013,11,1,34,172,2,1,1,2,"SANS, PAVELET (AVENUE DU",43.5874,3.85843
201300024848,6,9,2013,8,1,34,172,2,2,1,1,JANVIER (RUE GUILLAUME),43.59464,3.86123
201300024849,7,9,2013,1,5,34,172,2,1,1,2,"SANS, MER (AVENUE DE LA)",43.59375,3.90608
201300024850,8,9,2013,2,5,34,129,1,1,1,6,CALADE (ALLEE DE LA),43.57303,3.89438
201300024851,9,9,2013,9,1,34,172,2,1,1,3,"17, GAMBETTA (COURS)",43.606,3.87284
201300024852,9,9,2013,17,1,34,172,2,1,1,6,"1, RONDELET (PLACE)",43.60323,3.87479
201300024853,10,9,2013,11,1,34,172,2,1,1,2,"sans, PALADILHE (RUE)",43.61203,3.86686
201300024854,10,9,2013,15,1,34,172,2,1,1,6,"384, MONTELS-EGLISE (RUE",43.57947,3.87858
201300024855,11,9,2013,8,1,34,172,2,1,1,3,"470, RIMBAUD (RUE PAUL)",43.6184,3.84497
201300024856,10,9,2013,19,1,34,172,2,1,1,6,PRADIERS (RUE DES),43.61503,3.89274
201300024857,11,9,2013,20,5,34,172,2,1,1,6,"223, LOUISVILLE (AVENUE",0.0,0.0
201300024858,12,9,2013,7,1,34,172,2,1,1,2,LIBERTE (AVENUE DE LA,43.61088,3.83353
201300024859,12,9,2013,14,1,34,198,1,1,1,7,"0, D66  VOIE RAPIDE",43.57385,3.95294
201300024860,13,9,2013,8,1,34,172,2,1,1,7,AURIOL (AVENUE VINCENT),43.64568,3.85347
201300024861,13,9,2013,16,1,34,172,2,3,1,3,"0, ASSAS (AVENUE D')",43.61595,3.86281
201300024862,13,9,2013,21,5,34,172,2,3,1,3,"SANS, BON ACCUEIL (ALLEE",43.62755,3.86943
201300024863,13,9,2013,20,5,34,172,2,2,1,1,"0, VINCI (RUE LEONARD DE",43.6084,3.9066
201300024864,9,9,2013,10,1,34,172,2,1,1,6,"0, DUBOUT (AVENUE ALBERT",43.60278,3.89129
201300024865,14,9,2013,14,1,34,172,2,3,1,6,"sans, GANGES (ROUTE DE",0.0,0.0
201300024866,15,9,2013,14,1,34,172,2,1,1,7,"74, BUGAREL (RUE DE",43.59484,3.86104
201300024867,15,9,2013,14,1,34,172,2,1,1,7,"sans, BLAYAC (RUE DU PRO",43.62481,3.82667
201300024868,15,9,2013,18,1,34,172,2,3,1,1,"65, LAVERUNE (ROUTE DE",0.0,0.0
201300024869,16,9,2013,13,1,34,172,2,2,1,2,RIMBAUD (RUE PAUL),43.61787,3.84275
201300024870,18,9,2013,12,1,34,129,1,2,1,3,CARNON (ROUTE DE  D21),43.59096,3.90863
201300024871,19,9,2013,17,1,34,172,2,2,1,3,"0, ETATS DU LANGUEDOC (A",43.60555,3.88832
201300024872,19,9,2013,19,1,34,172,2,2,1,7,"11, DUNANT (RUE HENRI)",43.62683,3.86945
201300024873,20,9,2013,7,1,34,172,2,1,1,3,"267, MOULINS (AVENUE DES",43.63719,3.84537
201300024874,20,9,2013,9,1,34,172,2,1,1,3,"49, ASSAS (AVENUE D')",43.61556,3.86349
201300024875,20,9,2013,11,1,34,172,2,3,1,3,"0, MARTINETS (RUE DES)",43.59094,3.85479
201300024876,20,9,2013,15,1,34,172,2,1,1,6,"82, ASSAS (AVENUE D')",43.61769,3.86023
201300024877,21,9,2013,15,1,34,172,2,6,1,3,"15, OXFORD (RUE D')",43.62698,3.81997
201300024878,22,9,2013,4,3,34,172,2,1,1,6,"sans, GANGES (ROUTE DE",43.64245,3.84552
201300024879,23,9,2013,3,5,34,172,2,1,1,7,"SANS, MER (AVENUE DE LA)",43.59496,3.90564
201300024880,23,9,2013,14,1,34,172,2,1,1,6,"27, LODEVE (ROUTE DE)",43.61464,3.82607
201300024881,24,9,2013,8,1,34,172,1,1,8,7,JOUHAUX (AVENUE LEON),43.59989,3.81998
201300024882,24,9,2013,13,1,34,172,2,1,8,2,"0, MER (AVENUE DE LA)",43.5988,3.90258
201300024883,27,9,2013,0,5,34,172,2,3,1,3,BALANCES (RUE DES),43.60844,3.87374
201300024884,28,9,2013,19,2,34,172,2,3,8,6,PROUDHON (RUE),43.61597,3.88071
201300024885,29,9,2013,13,1,34,172,2,1,8,6,"24, FOCH (RUE)",43.61081,3.87574
201300024886,30,9,2013,8,1,34,172,2,3,1,3,MOULIN DE SEMALEN (RUE D,43.61256,3.89517
201300024887,30,9,2013,9,1,34,172,2,1,7,6,"163, JUSTICE DE CASTELNA",43.62703,3.87174
201300024888,1,10,2013,8,1,34,172,2,1,1,6,"125, MOULIN DE GASCONNET",43.63448,3.87349
201300024889,30,9,2013,18,1,34,172,2,2,1,1,"0, DUBOUT (AVENUE ALBERT",43.59691,3.87769
201300024890,1,10,2013,15,1,34,172,2,4,1,3,"0, PARGUEL (AVENUE ABBE",43.63212,3.86028
201300024891,1,10,2013,16,1,34,172,2,6,1,2,"0, LYRE (ROND-POINT DE L",43.64042,3.87747
201300024892,2,10,2013,9,1,34,129,2,1,1,3,"0, FIGUIERES (AVENUE DE)",43.58432,3.92675
201300024893,4,10,2013,15,1,34,172,2,3,3,1,CROIX VERTE (RUE DE LA),43.64299,3.8384
201300024894,4,10,2013,18,3,34,172,2,1,3,3,JOUHAUX (AVENUE LEON),43.59989,3.81998
201300024895,5,10,2013,23,5,34,172,2,2,1,7,"SANS, VALERY (BOULEVARD",43.59265,3.8526
201300024896,6,10,2013,7,1,34,129,1,2,1,3,CARNON (ROUTE DE  D21),43.58761,3.91752
201300024897,6,10,2013,11,1,34,172,2,1,1,6,"39, SARRAIL (BOULEVARD)",43.61122,3.88067
201300024898,6,10,2013,12,1,34,172,1,6,1,3,"0, COLOMB (PLACE CHRISTO",43.6058,3.8994
201300024899,7,10,2013,8,1,34,172,2,3,1,3,AQUEDUC (ALLEE DE L'),43.61998,3.84209
201300024900,7,10,2013,17,1,34,172,2,3,1,3,"0, PRE AUX CLERCS (RUE D",43.62539,3.87108
201300024901,8,10,2013,16,1,34,172,2,1,1,3,"sans, PALAVAS (AVENUE DE",43.59301,3.88971
201300024902,8,10,2013,20,4,34,172,2,1,1,6,"sans, LIBERTE (AVENUE DE",43.60922,3.83987
201300024903,9,10,2013,14,1,34,172,2,1,1,3,"sans, PONT DE LAVERUNE (",43.60724,3.83839
201300024904,10,10,2013,19,3,34,172,2,1,1,3,LIBERTE (AVENUE DE LA,43.60433,3.86518
201300024905,11,10,2013,12,1,34,172,2,3,1,3,CROVA (RUE),43.6215,3.86843
201300024906,12,10,2013,13,1,34,172,2,3,1,2,"0, LAVERUNE (ROUTE DE",43.60007,3.84417
201300024907,12,10,2013,14,1,34,172,2,3,1,3,"220, PRES D'ARENES (AVEN",43.59418,3.87929
201300024908,12,10,2013,17,1,34,172,2,1,8,3,"30, AGATHOIS (RUE DE L')",43.63314,3.82469
201300024909,12,10,2013,19,5,34,172,2,1,8,3,"0, LIBERTE (AVENUE DE LA",43.60363,3.86553
201300024910,13,10,2013,17,1,34,172,2,1,1,2,"4, LAVERUNE (ROUTE DE",43.60475,3.85916
201300024911,14,10,2013,7,5,34,172,2,1,1,7,"0, MOULINS (AVENUE DES",43.63071,3.84175
201300024912,14,10,2013,7,5,34,172,2,1,1,7,"0, MOULINS (AVENUE DES",43.63071,3.84175
201300024913,14,10,2013,17,1,34,172,2,1,1,3,"sans, LIBERTE (AVENUE DE",43.60253,3.86664
201300024914,14,10,2013,18,1,34,172,2,3,1,3,"sans, CAPITAINE CROIX DU",43.60376,3.85928
201300024915,15,10,2013,8,1,34,172,2,3,8,3,"0, COMTE DE MELGUEIL (RU",43.60381,3.893
201300024916,16,10,2013,1,5,34,172,2,6,1,6,APOTHICAIRES (AVENUE DES,43.64445,3.8419
201300024917,16,10,2013,14,1,34,172,2,3,1,7,PERRUQUE (BOULEVARD DE L,43.59697,3.87757
201300024918,16,10,2013,18,2,34,172,2,1,1,6,"24, ARAUCARIAS (RUE DES)",43.61574,3.83867
201300024919,17,10,2013,0,3,34,129,1,1,1,7,"SANS, PEROLS D132 (AVENU",43.56012,3.92347
201300024920,17,10,2013,18,1,34,172,2,1,1,3,"690, NOBEL (RUE ALFRED)",43.61069,3.91237
201300024921,18,10,2013,5,5,34,172,2,1,1,5,LIBERTE (AVENUE DE LA,43.59866,3.87274
201300024922,18,10,2013,9,1,34,172,2,1,1,6,"06, HUGO (BOULEVARD VICT",43.60671,3.87787
201300024923,18,10,2013,11,1,34,172,2,3,1,3,MARQUEROSE (RUE DE LA,43.58677,3.86869
201300024924,18,10,2013,16,1,34,129,2,1,8,7,"0, CARNON (ROUTE DE  D21",43.58276,3.92578
201300024925,18,10,2013,16,1,34,172,2,6,1,7,"0, CHATEAU D'O (ROND-POI",43.63166,3.84185
201300024926,18,10,2013,17,1,34,172,2,1,1,6,"0, CROIX VERTE (RUE DE L",0.0,0.0
201300024927,20,10,2013,18,5,34,172,2,1,1,2,"0, LIBERTE (AVENUE DE LA",43.61138,3.82884
201300024928,20,10,2013,18,2,34,172,2,1,1,3,"sans, CABANEL (RUE ALEXA",43.6078,3.87459
201300024929,22,10,2013,12,1,34,172,2,1,8,2,"sans, MICHEL (RUE ERNEST",43.60163,3.87393
201300024930,23,10,2013,7,5,34,172,2,1,8,7,"0, LIBERTE (AVENUE DE LA",0.0,0.0
201300024931,24,10,2013,17,1,34,172,2,1,8,3,"856, ALCO (RUE D'",0.0,0.0
201300024932,28,10,2013,10,1,34,172,2,2,1,3,"sans, MOULARES (CHEMIN D",0.0,0.0
201300024933,6,11,2013,8,1,34,172,2,1,1,3,"133, SOULAS (AVENUE DU P",43.61787,3.86644
201300024934,30,10,2013,13,1,34,172,2,2,1,3,"0, CLEMENCEAU (AVENUE GE",43.60151,3.86873
201300024935,30,10,2013,18,5,34,198,2,1,1,1,"1018, PAGNOL (AVENUE MAR",43.56026,3.95634
201300024936,31,10,2013,22,5,34,172,2,2,1,3,"sans, CARTIER (AVENUE JA",0.0,0.0
201300024937,31,10,2013,23,5,34,172,2,6,1,3,"SANS, APPEL DU 18 JUIN (",0.0,0.0
201300024938,6,11,2013,10,1,34,172,2,3,1,3,LIBERTE (AVENUE DE LA,43.61113,3.83037
201300024939,6,11,2013,15,1,34,172,2,1,1,7,"0, NIMES (AVENUE DE)",0.0,0.0
201300024940,8,11,2013,8,1,34,172,2,1,8,2,"0, RECAMBALE (AVENUE DE",43.59658,3.8449
201300024941,8,11,2013,9,1,34,198,2,3,8,3,"0, ROUGET DE L'ISLE (RUE",43.59545,3.8407
201300024942,8,11,2013,10,1,34,172,2,1,8,7,"0, FLANDRES-DUNKERQUE (P",43.58964,3.85671
201300024943,8,11,2013,15,1,34,172,2,1,8,6,"sans, ANTIGONE (BOULEVAR",43.60911,3.88808
201300024944,10,11,2013,10,1,34,172,2,1,1,2,"113, PALAVAS (AVENUE DE)",0.0,0.0
201300024945,10,11,2013,16,1,34,172,2,3,8,2,CARDONILLE (RUE DE LA),43.63521,3.84463
201300024946,10,11,2013,20,5,34,172,2,3,6,3,PONT JUVENAL (AVENUE DU),43.60591,3.89407
201300024947,12,11,2013,14,1,34,172,2,1,1,3,"0, MONDIAL 98 (AVENUE DU",43.60429,3.91266
201300024948,12,11,2013,13,1,34,172,2,1,1,3,"1209, TOULOUSE (AVENUE D",43.59201,3.85834
201300024949,12,11,2013,14,1,34,172,2,1,1,3,"sans, CHATEAU D'O (ROND-",43.63159,3.84267
201300024950,12,11,2013,18,5,34,172,2,1,1,3,"0, LIBERTE (AVENUE DE LA",43.60526,3.86489
201300024951,13,11,2013,16,1,34,172,2,9,1,2,CAUSSE (RUE PIERRE),43.60946,3.83915