Num_Acc,jour,mois,an,hr,condition_eclairage,departement,commune,condition_agglomeration,intersection,condition_atmosphere,type_collision,adresse,lattitude,longitude
201300024952,13,11,2013,17,1,34,172,2,1,1,6,"sans, LAVERUNE (ROUTE DE",43.6015,3.85176
201300024953,16,11,2013,6,3,34,172,2,1,1,6,"2061, TOULOUSE (AVENUE D",43.58654,3.85269
201300024954,16,11,2013,9,1,34,172,2,1,2,6,EUROPE (AVENUE DE L'),43.62952,3.82236
201300024955,16,11,2013,12,1,34,172,2,2,8,3,JUSTICE DE CASTELNAU (AV,43.62612,3.87728
201300024956,18,11,2013,7,1,34,172,2,1,2,3,"1120, RIMBAUD (RUE PAUL)",43.61711,3.83685
201300024957,18,11,2013,13,1,34,172,2,1,3,2,FABRE DE MORLHON (BOULEV,43.59483,3.87768
201300024958,18,11,2013,13,1,34,172,2,1,3,7,"0, AGROPOLIS (AVENUE)",43.64517,3.86861
201300024959,19,11,2013,22,4,34,172,2,1,2,1,"SANS, JOUHAUX (AVENUE LE",43.60758,3.82116
201300024960,20,11,2013,15,1,34,172,2,1,8,6,"31600, MAURIN (AVENUE DE",43.57854,3.87512
201300024961,20,11,2013,19,5,34,172,2,2,1,3,"sans, PONT DE LATTES (RU",43.60468,3.88313
201300024962,21,11,2013,17,5,34,172,2,3,1,3,MOULINS (AVENUE DES,43.63606,3.8445
201300024963,21,11,2013,20,5,34,172,2,2,1,3,DEZEUZE (RUE FRANCOIS),43.60865,3.84157
201300024964,22,11,2013,17,5,34,172,2,1,8,6,"975, FES (RUE DE)",43.63264,3.83449
201300024965,23,11,2013,10,1,34,172,2,1,1,3,"10bis, RECH (RUE HIPPOLY",43.61922,3.86413
201300024966,25,11,2013,9,1,34,172,2,3,1,2,"39, FLAHAULT (AVENUE CHA",43.62086,3.85807
201300024967,25,11,2013,20,5,34,172,2,1,1,3,SAINT MAUR (AVENUE DE),43.61746,3.89317
201300024968,26,11,2013,8,1,34,129,1,1,1,1,"0, SAPORTA (CHEMIN DE)",43.58145,3.89742
201300024969,26,11,2013,18,3,34,172,2,2,1,3,"sans, BERTHELOT (BOULEVA",43.60149,3.86874
201300024970,27,11,2013,17,5,34,172,2,1,1,6,"1742, TOULOUSE (AVENUE D",43.58975,3.85479
201300024971,28,11,2013,10,1,34,172,2,1,1,2,PAVELET (AVENUE DU COLON,0.0,0.0
201300024972,28,11,2013,12,1,34,172,2,2,1,3,"., REPUBLIQUE (RUE DE LA",43.6053,3.87937
201300024973,28,11,2013,22,5,34,172,2,1,1,1,"sans, LAURAGAIS (AVENUE",43.63088,3.82219
201300024974,29,11,2013,19,5,34,172,2,1,1,2,"0, LIBERTE (AVENUE DE LA",43.59832,3.87338
201300024975,29,11,2013,22,5,34,172,2,1,1,2,"SANS, LIBERTE (AVENUE DE",43.61178,3.82555
201300024976,1,12,2013,0,5,34,172,2,3,1,3,JUSTICE DE CASTELNAU (AV,43.62684,3.88968
201300024977,1,12,2013,6,5,34,172,2,1,1,7,"117, PALAVAS (AVENUE DE)",43.59113,3.89014
201300024978,1,12,2013,11,1,34,172,2,1,1,7,"0, RAVAZ (AVENUE DU PROF",43.62228,3.84571
201300024979,2,12,2013,23,5,34,172,2,2,1,3,FLAHAULT (AVENUE CHARLES,43.62402,3.86211
201300024980,3,12,2013,17,5,34,172,2,3,1,7,CARRIEU (RUE MARIUS),43.61767,3.84339
201300024981,4,12,2013,8,1,34,172,2,3,1,3,MOUSSERON (RUE MAX),0.0,0.0
201300024982,4,12,2013,14,1,34,172,2,1,1,6,"124, LODEVE (AVENUE DE",43.61128,3.84708
201300024983,4,12,2013,15,1,34,172,2,1,1,3,"33, ASSAS (AVENUE D')",43.61502,3.86404
201300024984,5,12,2013,12,1,34,172,2,3,1,2,EUROPE (AVENUE DE L'),43.6202,3.81786
201300024985,5,12,2013,19,5,34,172,2,1,1,3,"49, LAVERUNE (ROUTE DE",43.60206,3.85468
201300024986,5,12,2013,22,5,34,172,2,4,1,1,DEZEUZE (RUE FRANCOIS),43.60876,3.8415
201300024987,7,12,2013,1,5,34,172,2,1,1,7,"310, POMPIGNANE (AVENUE",43.60908,3.89861
201300024988,9,12,2013,18,5,34,172,2,1,1,2,GANGES (ROUTE DE,43.64331,3.84444
201300024989,10,12,2013,6,5,34,172,2,1,1,6,"sans, JUSTICE DE CASTELN",0.0,0.0
201300024990,10,12,2013,13,1,34,172,2,3,1,3,TOULOUSE (AVENUE DE,45.593,3.85946
201300024991,10,12,2013,14,1,34,172,2,1,1,3,"49, VERDANSON (QUAI DU)",43.61506,3.88235
201300024992,10,12,2013,18,5,34,172,2,1,1,6,"95, FAUBOURG FIGUEROLLES",43.60564,3.86139
201300024993,11,12,2013,11,1,34,172,2,3,1,3,HEIDELBERG (AVENUE DE),43.62573,3.81297
201300024994,12,12,2013,11,1,34,198,1,1,1,2,D66  VOIE RAPIDE,43.56479,3.95797
201300024995,12,12,2013,19,5,34,172,2,1,1,3,"2, MOULARES (CHEMIN DE",0.0,0.0
201300024996,13,12,2013,16,1,34,129,2,1,7,6,"22, LE BERNIN (AVENUE)",43.57772,3.90439
201300024997,13,12,2013,17,5,34,172,2,1,8,3,CASTELLE (RUE DE LA),43.57984,3.86912
201300024998,12,12,2013,17,3,34,172,2,1,1,3,"0, JOUHAUX (AVENUE LEON)",43.60608,3.82038
201300024999,14,12,2013,14,1,34,172,2,1,1,1,"sans, EUROPE (AVENUE DE",43.63608,3.82254
201300025000,14,12,2013,18,3,34,129,2,1,1,6,"1130, PLATANES (AVENUES",43.5859,3.9217
201300025001,14,12,2013,21,5,34,172,2,2,1,7,"sans, LAVERUNE (ROUTE DE",43.59782,3.8406
201300025002,15,12,2013,13,1,34,172,2,3,1,7,PEYSON (RUE FREDERIC),43.60133,3.87962
201300025003,15,12,2013,19,5,34,172,2,1,1,4,LIBERTE (AVENUE DE LA,43.5995,3.87109
201300025004,16,12,2013,15,1,34,172,2,1,8,5,DUBOUT (AVENUE ALBERT),43.60339,3.89049
201300025005,18,12,2013,8,2,34,172,2,1,2,3,MONTPELLIER (AVENUE MARI,43.60087,3.89762
201300025006,18,12,2013,7,1,34,172,2,2,2,1,FAUBOURG FIGUEROLLES (RU,43.60418,3.85835
201300025007,19,12,2013,14,1,34,172,2,1,2,2,"sans, MERMOZ (AVENUE JEA",43.61235,3.88926
201300025008,19,12,2013,14,1,34,172,2,1,2,6,CITADELLE (ALLEE DE LA),43.6107,3.883
201300025009,19,12,2013,19,5,34,172,2,1,8,7,"sans, POITIERS (AVENUE G",43.63634,3.81695
201300025010,20,12,2013,11,1,34,172,2,1,1,3,"2177, SOULAS (AVENUE DU",43.62805,3.84622
201300025011,20,12,2013,18,5,34,172,2,1,8,6,"SANS, GRASSET (AVENUE DU",43.61944,3.86949
201300025012,20,12,2013,18,5,34,172,2,1,1,3,"73, DELMAS (RUE)",43.61059,3.8639
201300025013,22,12,2013,13,1,34,172,2,1,8,6,HEIDELBERG (AVENUE DE),43.62667,3.8138
201300025014,26,12,2013,13,1,34,129,2,1,1,3,"sans, FIGUIERES (AVENUE",43.58363,3.92598
201300025015,26,12,2013,16,1,34,172,2,1,1,3,DUBOUT (AVENUE ALBERT),43.59691,3.87771
201300025016,27,12,2013,12,1,34,172,2,6,1,2,"., FRANKLIN (ROND-POINT",43.61822,3.91352
201300025017,27,12,2013,15,1,34,172,2,1,1,4,FABRE DE MORLHON (BOULEV,43.58869,3.88626
201300025018,27,12,2013,13,1,34,172,2,1,1,3,ARQUEBUSE,43.6136,3.88092
201300025019,27,12,2013,16,1,34,172,2,3,1,3,TOIRAS (RUE),43.60647,3.86967
201300025020,31,12,2013,19,5,34,172,2,1,1,3,"799, DEZEUZE (RUE FRANCO",43.60872,3.84143
201300025021,31,12,2013,23,5,34,172,2,1,1,6,"sans, ANTIGONE (BOULEVAR",43.60906,3.89003
201300025022,4,1,2013,16,1,34,301,2,1,7,6,"0, BLANC CAMILLE (BOULEV",43.40174,3.66209
201300025023,25,1,2013,12,1,34,108,1,9,1,3,"0, ETANGS (AV DES)",43.45537,3.81092
201300025024,26,2,2013,20,5,34,301,2,1,1,6,"1, MOULINS (QUAI DES)",43.40866,3.70266
201300025025,22,2,2013,17,1,34,108,2,1,1,6,"0, MISTRAL FREDERIC (AVE",43.44687,3.75381
201300025026,27,2,2013,19,2,34,108,2,1,1,3,"0, LIERLES (RUE DES)",43.42677,3.72789
201300025027,28,2,2013,17,1,34,301,2,2,1,3,"0, VERDUN (BOULEVARD DE)",43.41053,3.67768
201300025028,11,3,2013,14,1,34,301,2,1,1,2,"195, VERDUN (BOULEVARD D",43.411,3.67891
201300025029,13,3,2013,12,1,34,108,2,1,1,3,"0, BALARUC (ROUTE DE)",43.43189,3.72362
201300025030,8,4,2013,12,1,34,301,1,1,1,1,"0, RD 612",43.33836,3.58012
201300025031,13,4,2013,17,1,34,108,2,1,1,1,"0, ETANGS (AV DES)",43.43568,3.76612
201300025032,17,4,2013,9,1,34,108,2,9,1,2,AVENUE DES EAUX BLANCHES,43.42127,3.72387
201300025033,22,4,2013,22,5,34,301,2,1,1,1,"0, MENDES FRANCE PIERRE",43.41209,3.6642
201300025034,23,4,2013,7,1,34,301,2,2,1,3,"0, REGY PHILLIPE (QUAI)",43.4069,3.69671
201300025035,1,5,2013,0,3,34,108,1,1,1,1,0 RD2 Route de Balaruc,43.4356,3.7012
201300025036,8,5,2013,21,5,34,301,2,1,2,4,"0, BALARUC (ROUTE DE)",43.41351,3.69446
201300025037,13,5,2013,11,1,34,301,2,1,1,2,"0, REPUBLIQUE (QUAI DE L",43.40716,3.70094
201300025038,7,6,2013,23,5,34,301,2,1,1,5,"0, BALARUC (ROUTE DE)",0.0,0.0
201300025039,14,6,2013,14,1,34,301,2,1,1,2,"0, NEUBURG (CORNICHE DE)",43.39416,3.66701
201300025040,26,6,2013,13,1,34,108,1,1,1,1,"0, RD 612",43.45748,3.76846
201300025041,9,7,2013,10,1,34,301,2,3,1,3,"0, RHIN ET DANUBE (QUAI)",0.0,0.0
201300025042,11,7,2013,16,1,34,301,2,1,1,2,"0, MARTELLI GILBERT (AVE",0.0,0.0
201300025043,17,7,2013,21,2,34,301,2,1,1,2,"0, LECLERC PHILIPPE MARE",43.39279,3.69128
201300025044,24,7,2013,23,5,34,108,2,1,1,3,"0, VIGNERONS (AVENUE DES",0.0,0.0
201300025045,25,7,2013,20,1,34,108,2,1,1,3,"0, ROND POINT SALVADOR A",0.0,0.0
201300025046,1,8,2013,19,1,34,301,2,3,1,3,"0, VERDUN (BOULEVARD DE)",0.0,0.0
201300025047,5,8,2013,12,1,34,301,2,1,1,3,"0, VERDUN (BOULEVARD DE)",0.0,0.0
201300025048,11,8,2013,2,5,34,108,2,1,1,6,"24, VERCORS (RUE DU)",0.0,0.0
201300025049,27,8,2013,0,3,34,301,1,1,1,7,"0, RD 612",0.0,0.0
201300025050,21,9,2013,19,2,34,301,1,1,1,1,"0, BALARUC (ROUTE DE)",0.0,0.0
201300025051,27,9,2013,7,1,34,108,1,1,2,1,"0, PRES DE ST MARTIN (CH",0.0,0.0
201300025052,29,9,2013,19,2,34,301,2,1,1,1,VICTOIRE (PONT DE LA),0.0,0.0
201300025053,12,10,2013,1,3,34,301,1,3,1,5,"0, EAUX BLANCHES (ZONE I",0.0,0.0
201300025054,19,10,2013,21,5,34,108,2,1,1,3,RESISTANCE (AVENUE DE LA,0.0,0.0
201300025055,23,10,2013,15,1,34,301,2,1,1,3,"0, BLANC CAMILLE (BOULEV",0.0,0.0
201300025056,28,10,2013,15,1,34,301,2,1,1,6,"0, BOSC (QUAI DE)",0.0,0.0
201300025057,29,10,2013,17,3,34,108,2,3,1,3,"0, SOUFFRE (RUE DU)",0.0,0.0
201300025058,9,11,2013,0,5,34,301,2,3,1,6,"0, REGY PHILLIPE (QUAI)",0.0,0.0
201300025059,27,11,2013,17,2,34,301,2,1,1,6,"0, SAINT CLAIR (CHEMIN D",0.0,0.0
201300025060,27,12,2013,21,5,34,301,2,6,1,3,"0,  DELILLE (PLACE)",43.40477,3.70098
201300025061,24,12,2013,17,5,34,301,2,1,1,6,CARNOT SADI (PONT),43.41166,3.69251
201300025062,5,1,2013,6,3,35,150,1,1,8,1,D 706,0.0,0.0
201300025063,8,2,2013,21,5,35,115,2,3,1,3,GROSLAY (BD DE DU N?25 A,48.36562,-1.18437
201300025064,19,2,2013,16,1,35,115,2,1,1,1,SAINT GERMAIN (BOULEVARD,0.0,0.0
201300025065,7,2,2013,14,1,35,115,2,1,1,6,"24, MALARD (RUE CHARLES)",48.35197,-1.19644
201300025066,10,6,2013,14,1,35,115,2,3,1,3,VERRERIE (AVENUE DE LA),48.36088,-1.19081
201300025067,4,7,2013,16,1,35,115,2,6,1,2,"0, BARON (RUE)",48.35488,-1.19863
201300025068,31,8,2013,20,2,35,115,2,2,1,3,"25, CANROBERT (RUE)",48.35096,-1.1926
201300025069,9,11,2013,12,1,35,115,2,2,2,3,"57, CANROBERT (RUE)",48.35101,-1.18935
201300025070,12,12,2013,17,5,35,115,2,1,1,3,POMPIDOU (RUE GEORGES A,0.0,0.0
201300025071,19,12,2013,10,1,35,115,2,1,1,6,"5, CHATEAUBRIAND (RUE)",0.0,0.0
201300025072,19,12,2013,17,5,35,115,2,1,1,6,GORRON (ROUTE DE),48.36588,-1.18532
201300025073,18,3,2013,19,2,35,115,2,1,8,6,FEUTERIES (RUE DES),48.35354,-1.19643
201300025074,1,1,2013,5,5,35,238,2,3,2,6,FOUG?RES/BRUY?RE,48.1294,-1.64393
201300025075,1,1,2013,9,1,35,281,2,3,1,1,MERMOZ (BOULEVARD JEAN),48.09609,-1.69341
201300025076,6,1,2013,20,5,35,238,2,1,1,6,"153, AVENUE G.PATTON",48.125,-1.66684
201300025077,8,1,2013,9,1,35,278,2,1,1,4,RN 137,0.0,0.0
201300025078,9,1,2013,19,3,35,278,2,1,2,7,"00, PORTE DE ST MALO",48.1406,-1.68947
201300025079,10,1,2013,15,1,35,281,2,1,2,7,RD 177,0.0,0.0
201300025080,11,1,2013,13,1,35,281,2,6,1,6,"0, DODIN (AVENUE ROGER)",48.07809,-1.71265
201300025081,12,1,2013,4,5,35,238,2,2,2,6,ARMORIQUE/G.PATTON,48.1285,-1.66419
201300025082,12,1,2013,9,1,35,281,2,1,1,1,TEMPLE-DE-BLOSNE (RUE DU,48.08987,-1.69541
201300025083,12,1,2013,17,2,35,238,2,1,8,6,ALL?E D'UKRAINE,48.0818,-1.68228
201300025084,13,1,2013,23,5,35,238,2,1,1,6,"30, RUE DE BREST",48.1127,-1.69269
201300025085,14,1,2013,16,1,35,238,2,1,2,6,78 AV. BUTTES DE CO?SMES,48.1259,-1.6318
201300025086,14,1,2013,17,1,35,238,2,1,3,6,"16, BD LA?NNEC",48.1083,-1.66579
201300025087,16,1,2013,7,5,35,281,2,6,8,3,"00, DODIN (AVENUE ROGER)",48.07395,-1.71241
201300025088,16,1,2013,13,1,35,238,2,2,1,6,JANVIER/TOULLIER,48.1094,-1.67394
201300025089,16,1,2013,18,5,35,238,2,1,1,6,"23, RUE DU NIVERNAIS",48.122,-1.71224
201300025090,16,1,2013,23,5,35,238,2,5,1,2,PORTE DE CLEUNAY,48.1024,-1.71513
201300025091,17,1,2013,10,1,35,238,2,2,1,2,J.MANIEZ/H.GUERRAND,48.0985,-1.69837
201300025092,20,1,2013,23,3,35,238,2,6,1,7,PORTE DE MAUREPAS,48.1423,-1.66241
201300025093,21,1,2013,11,1,35,238,2,2,2,6,MAGENTA/AUBRY,48.1057,-1.67398
201300025094,22,1,2013,10,1,35,238,2,1,3,6,PLACE DE LA TRINIT?,48.1123,-1.6835
201300025095,23,1,2013,14,1,35,238,2,1,8,1,RUE LE BASTARD,48.113,-1.67934
201300025096,23,1,2013,19,5,35,238,2,1,1,4,"12, RUE J.VALL?S",48.1053,-1.7053
201300025097,24,1,2013,16,1,35,281,2,1,1,3,"15, BUHOTIERE (RUE DE LA",48.07785,-1.73273
201300025098,25,1,2013,13,1,35,278,2,7,1,6,"0, DUCHESSE ANNE (RUE DE",48.15187,-1.68375
201300025099,25,1,2013,22,5,35,238,2,1,4,6,BD D'ARMORIQUE,48.1314,-1.67249
201300025100,25,1,2013,19,5,35,238,2,1,8,2,"87, BD DE S?VIGN?",48.1162,-1.66296
201300025101,26,1,2013,16,1,35,238,2,3,1,2,LORIENT/RETARDAIS,48.1067,-1.7296
201300025102,29,1,2013,7,2,35,238,2,1,1,7,"5, RUE BAHON RAULT",48.1319,-1.68345
201300025103,29,1,2013,8,1,35,238,2,1,2,2,ROCADE OUEST,48.1153,-1.71935
201300025104,29,1,2013,14,1,35,238,2,1,2,3,ROCADE SUD EXT,48.0799,-1.68322
201300025105,30,1,2013,6,5,35,238,2,2,2,3,G.POMPIDOU/NANTES,48.1,-1.68662
201300025106,31,1,2013,5,5,35,238,2,5,1,4,SAINT-HELIER,48.10553,-1.66579
201300025107,31,1,2013,16,1,35,238,2,1,8,6,RUE D'ESPAGNE,48.0866,-1.67117
201300025108,1,2,2013,17,4,35,238,2,1,2,2,PORTE DE BREST,48.1217,-1.71972
201300025109,1,2,2013,18,3,35,238,2,6,1,4,PORTE DE MAUREPAS,48.1416,-1.66381
201300025110,1,2,2013,21,3,35,55,1,9,1,6,PORTE DES LOGES,48.09266,-1.62584
201300025111,3,2,2013,6,3,35,206,2,1,1,1,PORTE DE BR?QUIGNY,48.0795,-1.69541
201300025112,4,2,2013,16,1,35,238,2,6,1,3,B.CO?SMES/DONZELOT,48.1223,-1.63872
201300025113,5,2,2013,8,1,35,238,2,6,3,6,MOAL/DUNKERQUE,48.1215,-1.70389
201300025114,5,2,2013,13,1,35,278,2,1,1,7,PORTE DE ST MALO,48.14057,-1.68953
201300025115,5,2,2013,14,1,35,238,2,1,1,6,BD DE YOUGOSLAVIE,48.0879,-1.65408
201300025116,5,2,2013,15,1,35,238,2,1,1,7,"45, BOULEVARD DE CHEZY",48.1198,-1.68341
201300025117,5,2,2013,17,1,35,238,2,1,1,6,22 RUE DES FOSS?S,48.1136,-1.67592
201300025118,8,2,2013,6,3,35,281,2,2,1,3,HAIE-DES-COGNETS (BOUL D,0.0,0.0
201300025119,8,2,2013,9,1,35,238,2,2,1,6,SAINT-HELIER/P.MARTIN,48.1035,-1.66268
201300025120,8,2,2013,10,1,35,55,1,1,1,2,RD 463,48.07362,-1.57704
201300025121,8,2,2013,18,5,35,238,2,6,2,3,P.LANGEVIN/O.LEROUX,48.0914,-1.65841
201300025122,9,2,2013,3,5,35,238,2,2,2,3,B.SALLE/MARBEUF,48.1145,-1.7001
201300025123,11,2,2013,17,1,35,238,2,1,7,3,18 BD F.ROOSEVELT,48.0964,-1.66013
201300025124,12,2,2013,9,1,35,238,2,2,1,3,G.CL?MENCEAU/H.FR?VILLE,48.0938,-1.67446
201300025125,12,2,2013,17,1,35,238,2,6,1,3,BIGNON/BREIL,48.0968,-1.63532
201300025126,13,2,2013,9,1,35,238,2,2,1,3,VITR?/J.JUGAN,48.1157,-1.64844
201300025127,14,2,2013,1,5,35,238,2,2,2,6,CARREFOUR NITSCH,48.1018,-1.68433
201300025128,14,2,2013,8,2,35,51,2,6,1,2,PORTE DES LONGS CHAMPS,48.1401,-1.62734
201300025129,14,2,2013,8,2,35,238,2,1,2,6,"28, RUE DU PUITS MAUGER",48.1058,-1.68259
201300025130,14,2,2013,12,1,35,238,2,1,1,6,ALL?E V.GRIGNARD,48.1201,-1.63175
201300025131,15,2,2013,15,1,35,278,2,2,1,4,DE GAULLE (AVENUE GENERA,48.1575,-1.68759
201300025132,15,2,2013,18,1,35,238,2,1,8,6,"14, RUE DU BREIL",48.0957,-1.62633
201300025133,15,2,2013,20,3,35,238,2,1,1,2,ROCADE OUEST,48.098,-1.71368
201300025134,17,2,2013,3,5,35,238,2,3,1,2,F.CH?TEAU/A.M?NARD,48.11,-1.6546
201300025135,18,2,2013,8,1,35,55,2,4,1,3,BONNIN ANDRE (AVENUE),0.0,0.0
201300025136,18,2,2013,16,1,35,238,2,3,1,6,LIBERTE/DUC,48.1074,-1.67547
201300025137,19,2,2013,7,1,35,238,2,1,1,7,"288, RUE DE FOUG?RES",48.1303,-1.64033
201300025138,19,2,2013,13,1,35,238,2,1,1,2,"18, BD P.PAINLEV?",48.1222,-1.65693
201300025139,21,2,2013,8,1,35,238,2,4,1,3,MARTENOT/V.HUGO,48.1124,-1.67327
201300025140,22,2,2013,11,1,35,238,2,6,1,1,J.VALL?S/NIEMEN,48.105,-1.70879
201300025141,22,2,2013,16,1,35,238,2,3,1,3,GALLET/X.GRALL,48.1283,-1.64229
201300025142,22,2,2013,19,5,35,238,2,1,1,4,PORTE DE CLEUNAY,48.1049,-1.71696
201300025143,23,2,2013,0,5,35,238,2,2,1,6,ST H?LIER/JANVIER,48.1079,-1.67353
201300025144,23,2,2013,10,1,35,238,2,2,8,3,YOUGOSLAVIE/HONGRIE,48.0882,-1.65745
201300025145,25,2,2013,2,5,35,238,2,3,1,6,L.BOURGEOIS/M.FEUILL?E,48.0992,-1.65274
201300025146,26,2,2013,17,1,35,238,2,1,1,7,"19, RUE ST H?LIER",48.1071,-1.67115
201300025147,27,2,2013,20,5,35,238,2,3,1,2,V.MAREUIL/CHARDONNET,48.1067,-1.65089
201300025148,2,3,2013,15,1,35,238,2,1,8,6,"32, TREGAIN (DE)",48.12663,-1.65871
201300025149,2,3,2013,17,1,35,278,2,1,8,7,MAISON BLANCHE (ROND POI,0.0,0.0
201300025150,3,3,2013,21,5,35,238,2,2,1,3,LEGRAVEREND,48.11717,-1.68083
201300025151,4,3,2013,17,1,35,238,2,1,1,7,PORTE DE BEAULIEU,0.0,0.0
201300025152,6,3,2013,20,5,35,238,2,2,1,7,GUEHENNO (JEAN),48.11831,-1.67061
201300025153,7,3,2013,0,5,35,238,2,3,2,3,JANVIER (AVENUE JEAN),48.10748,-1.67342
201300025154,7,3,2013,8,1,35,238,2,3,2,3,ILLE ET RANCE (QUAI D'),48.11126,-1.68672
201300025155,9,3,2013,16,1,35,238,2,2,1,5,"3, JANVIER (AVENUE JEAN)",48.10972,-1.67395
201300025156,12,3,2013,13,1,35,281,2,3,8,2,RD 177,48.06738,-1.71443
201300025157,12,3,2013,17,1,35,238,2,1,4,6,"29, BREST (DE)",48.11297,-1.69507
201300025158,13,3,2013,8,1,35,238,2,2,8,6,"44, ALMA (DE L')",48.1017,-1.67639
201300025159,14,3,2013,13,1,35,238,2,1,1,6,"45, STRASBOURG (BOULEVAR",48.11308,-1.65649
201300025160,14,3,2013,21,5,35,238,2,3,1,3,VALLES (JULES),48.10522,-1.70409
201300025161,15,3,2013,21,3,35,281,2,1,2,7,PORTE DE ST NAZAIRE,0.0,0.0
201300025162,17,3,2013,19,1,35,238,2,1,1,3,ARMORIQUE (BD D'),0.0,0.0
201300025163,18,3,2013,13,1,35,238,2,7,2,2,DUGUAY TROUIN (QUAI),48.11018,-1.68416
201300025164,18,3,2013,17,1,35,238,2,3,1,3,PALESTINE (RUE DE LA),48.11503,-1.66196
201300025165,19,3,2013,10,1,35,238,2,3,1,3,MARTENOT,48.11242,-1.67345
201300025166,19,3,2013,23,5,35,238,2,3,1,3,"82, SAINT-HELIER",48.10619,-1.6673
201300025167,21,3,2013,8,1,35,238,2,1,8,6,VALLES (JULES),0.0,0.0
201300025168,23,3,2013,14,1,35,238,2,1,1,7,MONTS D'ARREE (AVENUE DE,0.0,0.0
201300025169,23,3,2013,21,5,35,238,2,1,1,7,"45, DECOMBE (LUCIEN)",48.10472,-1.66562
201300025170,24,3,2013,15,1,35,238,2,2,1,3,SAINT-MALO (DE) DE 1 A 1,48.12709,-1.68651
201300025171,24,3,2013,11,1,35,238,2,1,1,3,STRASBOURG (PASSAGE DE),0.0,0.0
201300025172,26,3,2013,18,1,35,238,2,3,1,6,CHATEAUGIRON (DE),48.10138,-1.6539
201300025173,28,3,2013,14,1,35,238,2,3,1,2,"176, BREST (DE)",48.11328,-1.6962
201300025174,30,3,2013,22,5,35,238,2,1,1,6,"30, PICARDIE (DE)",48.12318,-1.71433
201300025175,31,3,2013,21,1,35,238,2,2,1,3,SAINT-MALO (DE) DE 131 E,48.12057,-1.68184
201300025176,5,4,2013,8,1,35,238,2,1,2,6,CHR PONTCHAILLOU,48.119,-1.69218
201300025177,5,4,2013,19,1,35,238,2,1,2,4,PORTE DE BR?QIGNY,48.0813,-1.69722
201300025178,6,4,2013,16,1,35,238,2,1,1,6,RUE C.BERNARD,48.102,-1.6946
201300025179,7,4,2013,15,1,35,238,2,3,1,7,M.ROUAULT/M.MARTIN,48.0977,-1.67801
201300025180,8,4,2013,15,1,35,238,2,3,2,6,MOINE/LE BRIX,48.0933,-1.6819
201300025181,9,4,2013,7,1,35,238,2,1,2,3,"16, BD J.MERMOZ",48.0972,-1.68987
201300025182,9,4,2013,18,1,35,238,2,1,1,6,"24, RUE DU PR? BOTT?",48.1093,-1.67817
201300025183,11,4,2013,13,1,35,278,2,1,8,1,RD437,48.13705,-1.69304
201300025184,11,4,2013,18,1,35,238,2,1,1,6,AVENUE LECLERC,48.114,-1.63602
201300025185,14,4,2013,10,1,35,238,2,3,1,2,L.BOURGEOIS/M.FEUILL?E,48.0992,-1.65274
201300025186,15,4,2013,21,3,35,238,2,1,1,3,ROCADE OUEST PR13-1,48.0984,-1.71383
201300025187,16,4,2013,7,1,35,238,2,6,1,3,MONTS D'ARR?E/MORBIHAN,48.1366,-1.66704
201300025188,17,4,2013,12,1,35,238,2,1,7,7,AVENUE F.CH?TEAU,48.1108,-1.64996
201300025189,18,4,2013,17,1,35,238,2,1,1,6,AVENUE ROCHESTER,48.1276,-1.65323
201300025190,19,4,2013,8,1,35,281,2,6,1,3,DODIN (AVENUE ROGER),48.0866,-1.70745
201300025191,19,4,2013,20,1,35,238,2,3,1,3,ROBERDI?RE/SERVIGN?,48.1024,-1.72534
201300025192,20,4,2013,2,5,35,238,2,1,1,6,12 RUE PAPU,48.1111,-1.69155
201300025193,20,4,2013,18,1,35,238,2,2,7,6,ARMORIQUE/GROS MALHON,48.1279,-1.68342
201300025194,20,4,2013,18,1,35,238,2,1,1,6,ROCADE SUD PR8-200,48.08133,-1.65775
201300025195,24,4,2013,8,1,35,238,2,2,1,7,BREST/ILLE ET RANCE,48.1123,-1.68725
201300025196,24,4,2013,15,1,35,238,2,1,1,3,PLACE DE BRETAGNE,48.109,-1.68455
201300025197,24,4,2013,15,1,35,238,2,3,1,1,COLOMBIER/10 ARTILLERIE,48.1025,-1.67885
201300025198,26,4,2013,12,1,35,238,2,1,1,3,"32, RUE ALBERT DE MUN",48.1001,-1.66472
201300025199,26,4,2013,22,5,35,238,2,2,1,3,H.FR?VILLE/UKRAINE,48.0837,-1.67516
201300025200,28,4,2013,2,5,35,238,2,1,1,6,AVENUE LECLERC,48.114,-1.63835
201300025201,28,4,2013,10,1,35,238,2,1,1,3,PLACE H.PERRIN,48.0953,-1.66787