Num_Acc,jour,mois,an,hr,condition_eclairage,departement,commune,condition_agglomeration,intersection,condition_atmosphere,type_collision,adresse,lattitude,longitude
201300025202,28,4,2013,17,1,35,238,2,3,1,4,LORIENT/ROBERDI?RE,48.107,-1.72603
201300025203,30,4,2013,5,3,35,238,2,4,1,3,PORTE DE LORIENT,48.1094,-1.71783
201300025204,30,4,2013,13,1,35,238,2,3,1,2,V.MAREUIL/PLANIOL,48.1022,-1.64949
201300025205,7,5,2013,8,1,35,281,2,6,1,7,"00, DODIN (AVENUE ROGER)",48.08655,-1.70737
201300025206,8,5,2013,16,1,35,238,2,1,1,3,24 AVENUE MAGINOT,48.1098,-1.66893
201300025207,8,5,2013,17,1,35,238,2,1,1,2,AVENUE H.FR?VILLE,48.0845,-1.67511
201300025208,13,5,2013,17,1,35,238,2,3,1,1,A DE MUN/CALIORNE,48.1005,-1.66486
201300025209,14,5,2013,23,3,35,278,2,1,2,6,"00, PORTE DE ST MALO",48.13857,-1.70042
201300025210,15,5,2013,8,1,35,238,2,1,1,6,"11, BD DE BULGARIE",48.0847,-1.65907
201300025211,15,5,2013,10,1,35,238,2,1,1,4,"199, SALLE (BLD JEAN BAP",48.11635,-1.70874
201300025212,17,5,2013,15,1,35,238,2,5,1,2,MISSION (PONT DE LA),48.1097,-1.68459
201300025213,17,5,2013,16,1,35,238,2,1,1,6,RUE DE ST MALO,48.1203,-1.68125
201300025214,17,5,2013,20,1,35,238,2,3,1,3,ST H?LIER/VERGER,48.1061,-1.66727
201300025215,18,5,2013,9,1,35,238,2,5,1,3,LA T.AUVERGNE/NITSCH,48.1018,-1.68441
201300025216,18,5,2013,11,1,35,238,2,3,1,2,GROS MALHON/DONELI?RE,48.1306,-1.68448
201300025217,21,5,2013,9,1,35,238,2,3,1,6,BREST/LEBRET,48.1133,-1.69625
201300025218,23,5,2013,8,1,35,238,2,3,7,3,ARTS/G?NIAUX,48.1113,-1.71316
201300025219,25,5,2013,18,1,35,238,2,3,1,3,MITTERRAND/PAILLETTE,48.1097,-1.68914
201300025220,26,5,2013,12,1,35,238,2,3,1,2,G.POMPIDOU/BUF?RON,48.1,-1.68662
201300025221,28,5,2013,8,1,35,238,2,3,2,3,PLANTES/FOULON,48.1194,-1.64838
201300025222,29,5,2013,8,1,35,238,2,1,1,3,RUE R.DAUTRY,48.1026,-1.67803
201300025223,1,6,2013,6,1,35,238,2,1,1,6,"2BIS, CHATEAUGIRON (DE)",48.10171,-1.65944
201300025224,1,6,2013,21,4,35,238,2,2,1,3,COLOMBIER/G.NITSCH,48.1018,-1.68441
201300025225,2,6,2013,16,1,35,278,2,1,1,6,"9, DUCHESSE ANNE (RUE DE",48.15205,-1.68403
201300025226,3,6,2013,7,1,35,238,2,6,1,6,BEL AIR/POTERIE,48.094,-1.64574
201300025227,3,6,2013,14,1,35,278,2,9,1,7,"11, LONGERAIE (RUE DE LA",48.13516,-1.68918
201300025228,4,6,2013,0,5,35,238,2,3,1,3,C.TILLON/W.CHURCHILL,48.1245,-1.70982
201300025229,4,6,2013,8,1,35,238,2,3,1,3,LORIENT/DUBOIS,48.106,-1.73287
201300025230,5,6,2013,20,1,35,238,2,1,1,7,"33, RUE MONSIEUR VINCENT",48.0928,-1.64822
201300025231,6,6,2013,7,1,35,238,2,2,1,3,DANTON/LAVOISIER,48.1171,-1.65521
201300025232,7,6,2013,22,5,35,238,2,1,2,3,"117, BD G.CL?MENCEAU",48.0936,-1.672
201300025233,8,6,2013,8,1,35,55,2,1,1,7,RD 163,48.07888,-1.63348
201300025234,8,6,2013,8,1,35,278,2,1,1,7,"00, MAISON BLANCHE  (LIE",48.1448,-1.65697
201300025235,8,6,2013,15,1,35,238,2,5,1,6,DUCHESSE ANNE/FOUG?RES,48.1193,-1.66743
201300025236,9,6,2013,1,4,35,281,2,1,1,2,PORTE DE ST NAZAIRE,48.09882,-1.71425
201300025237,10,6,2013,8,1,35,281,2,1,1,4,"00, RD 177",48.06781,-1.71402
201300025238,10,6,2013,17,1,35,238,2,6,1,3,GAYEULLES/ROCHESTER,48.1277,-1.65209
201300025239,10,6,2013,18,1,35,238,2,3,1,6,G.CL?MENCEAU/NICOLET,48.0941,-1.68
201300025240,12,6,2013,14,1,35,238,2,2,2,6,TROIS CROIX/ST MALO,48.1272,-1.6866
201300025241,13,6,2013,6,1,35,238,2,1,1,6,"31B, MIRABEAU",48.1242,-1.6442
201300025242,13,6,2013,12,1,35,238,2,5,2,2,PORTE D'ALMA,48.0805,-1.67927
201300025243,14,6,2013,13,1,35,281,2,1,1,2,"00, DODIN (AVENUE ROGER)",48.08915,-1.70599
201300025244,14,6,2013,17,1,35,238,2,2,7,2,"00, TILLON (AVENUE CHARL",0.0,0.0
201300025245,15,6,2013,20,1,35,238,2,2,1,3,MARBEUF/L.GUILLOUX,48.112,-1.70236
201300025246,17,6,2013,12,1,35,238,2,1,8,4,133 RUE DE LORIENT,48.1071,-1.71991
201300025247,17,6,2013,14,1,35,238,2,1,1,2,PORTE DE MAUREPAS,48.1422,-1.65814
201300025248,17,6,2013,16,1,35,238,2,1,1,6,"220,ROUTE DE SAINTE FOIX",48.1008,-1.72098
201300025249,18,6,2013,18,1,35,238,2,5,1,4,PORTE DE BR?QUIGNY,48.0825,-1.69736
201300025250,19,6,2013,1,5,35,238,2,1,1,7,85 RUE J.GU?HENNO,48.1184,-1.66918
201300025251,21,6,2013,16,1,35,238,2,2,1,6,G.CL?MENCEAU/AUDIBERT,48.094,-1.67745
201300025252,22,6,2013,3,5,35,238,2,1,1,6,2 RUE DE SAINT-MALO,48.1155,-1.6809
201300025253,24,6,2013,14,1,35,238,2,2,1,6,LIBERT?/JOFFRE,48.1074,-1.67784
201300025254,26,6,2013,8,1,35,278,2,1,1,2,MAISON BLANCHE  (LIEU DI,48.14205,-1.66156
201300025255,26,6,2013,9,1,35,238,2,6,1,2,PAYS-BAS/SUISSE,48.0864,-1.66117
201300025256,26,6,2013,10,1,35,238,2,2,1,3,A.LEFAS/G.ROPARTZ,48.1305,-1.65673
201300025257,26,6,2013,11,1,35,238,2,6,1,3,HAUTES OURMES/POLOGNE,48.0877,-1.6509
201300025258,27,6,2013,1,5,35,238,2,3,1,6,MAGENTA/GURVAND,48.1044,-1.67357
201300025259,26,6,2013,23,5,35,238,2,1,1,6,"180, BD J.CARTIER",48.0979,-1.66546
201300025260,28,6,2013,16,1,35,238,2,6,1,3,ONU/ALBERT 1ER,48.09,-1.68226
201300025261,29,6,2013,19,1,35,238,2,5,1,3,PORTE DU BLOSNE,48.0843,-1.6433
201300025262,30,6,2013,7,1,35,238,2,4,1,6,ALMA/CHATILLON,48.1025,-1.67659
201300025263,2,7,2013,18,1,35,238,2,1,8,3,"14, QUAI RICHEMONT",48.1099,-1.67186
201300025264,3,7,2013,21,1,35,238,2,3,1,3,ISLY/ALLI?S,48.1051,-1.67753
201300025265,4,7,2013,12,1,35,238,2,2,1,3,L.GUILLOUX/MARBEUF,48.112,-1.70236
201300025266,4,7,2013,14,1,35,278,2,1,1,6,"00, PORTE DE ST MALO",0.0,0.0
201300025267,4,7,2013,16,1,35,238,2,1,1,2,"67, RUE J.GU?HENNO",48.1182,-1.67144
201300025268,5,7,2013,14,1,35,238,2,3,1,3,"00, SEVIGNE (BD DE)",0.0,0.0
201300025269,5,7,2013,15,1,35,238,2,1,7,6,"30, BD P.PAINLEV?",48.1215,-1.65535
201300025270,5,7,2013,17,1,35,238,2,1,1,4,ROCADE OUEST PR 14-930,48.115,-1.71905
201300025271,6,7,2013,17,1,35,238,2,3,1,3,C.TILLON/W.CHURCHILL,48.1245,-1.70982
201300025272,7,7,2013,9,1,35,238,2,3,1,1,MOU?ZY/CAMPFRANC,48.1035,-1.65156
201300025273,7,7,2013,18,1,35,238,2,5,1,2,PORTE DE LORIENT,48.111,-1.71838
201300025274,7,7,2013,20,1,35,238,2,6,1,7,St MALO/R.COLLIN,48.1327,-1.69125
201300025275,7,7,2013,21,1,35,238,2,5,1,6,G.NITSCH (carrefour),48.1018,-1.68441
201300025276,8,7,2013,9,1,35,238,2,1,1,6,"11, VILLA DE MORAVIE",48.0904,-1.65577
201300025277,8,7,2013,18,1,35,238,2,5,1,4,PORTE DE CLEUNAY,48.1024,-1.71513
201300025278,9,7,2013,9,1,35,238,2,2,1,2,G.CL?MENCEAU/NANTES,48.0947,-1.69024
201300025279,10,7,2013,0,5,35,238,2,1,1,7,"18, RUE DE BREST",48.1117,-1.68949
201300025280,11,7,2013,18,1,35,238,2,5,1,2,PORTE DE LORIENT,48.1103,-1.71802
201300025281,12,7,2013,19,1,35,238,2,1,7,3,C.RURAL APIGN?,48.0935,-1.74574
201300025282,13,7,2013,16,1,35,238,2,2,1,3,PALESTINE/DUCHESSE ANNE,48.115,-1.66586
201300025283,17,7,2013,12,1,35,238,2,1,1,7,"99, RUE J.GU?HENNO",48.1189,-1.66816
201300025284,18,7,2013,15,1,35,278,2,1,1,7,RN 137,48.16177,-1.70734
201300025285,19,7,2013,13,1,35,238,2,3,1,2,GARE/BEAUMONT,48.1039,-1.67342
201300025286,19,7,2013,14,1,35,238,2,1,1,7,"163, AVENUE G.PATTON",48.1263,-1.6656
201300025287,20,7,2013,23,5,35,238,2,1,1,7,CLEMENCEAU (BD GEORGES),48.0939,-1.67709
201300025288,21,7,2013,3,5,35,238,2,2,1,6,MITTERRAND/VANEAU,48.1089,-1.69293
201300025289,22,7,2013,16,1,35,238,2,3,1,6,LIBERT?/MAGENTA,48.1075,-1.67456
201300025290,22,7,2013,17,1,35,238,2,1,1,3,CHEMIN PR?VALAYE,48.0949,-1.73312
201300025291,23,7,2013,8,1,35,238,2,3,1,6,GROS MALHON/DONELI?RE,48.1306,-1.68448
201300025292,24,7,2013,23,5,35,281,2,1,1,7,"00, DODIN (AVENUE ROGER)",48.08677,-1.70733
201300025293,26,7,2013,8,1,35,238,2,2,7,6,MAGENTA/AUBRY,48.1057,-1.67398
201300025294,26,7,2013,9,1,35,278,2,1,1,3,"00, BETTON (ROND POINT D",48.16335,-1.67563
201300025295,26,7,2013,19,1,35,238,2,1,1,7,BD P.MEND?S FRANCE,48.0984,-1.69456
201300025296,26,7,2013,19,1,35,238,2,2,1,2,ALMA/BEAUMONT,48.1035,-1.67694
201300025297,29,7,2013,19,1,35,238,2,1,1,2,"00, FOULON (AVENUE PROFE",0.0,0.0
201300025298,26,7,2013,19,1,35,238,2,1,1,2,AVENUE C.FOULON,48.1208,-1.64356
201300025299,27,7,2013,17,1,35,238,2,1,2,6,"19, RUE DE BREST",48.1123,-1.69191
201300025300,27,7,2013,20,1,35,238,2,2,1,3,GASCOGNE/GUYENNE,48.1214,-1.71464
201300025301,31,7,2013,9,1,35,238,2,3,8,7,PAPU/P?RE LEBRET,48.1111,-1.6972
201300025302,1,8,2013,2,5,35,238,2,1,1,6,95 RUE D'ANTRAIN,48.1211,-1.67155
201300025303,4,8,2013,18,1,35,238,2,1,1,3,"23, BD O.LEROUX",48.0914,-1.66968
201300025304,5,8,2013,15,1,35,238,2,1,1,4,"5, QUAI D'ILLE ET RANCE",48.1107,-1.68648
201300025305,7,8,2013,9,1,35,55,2,6,1,7,"00, LOGES (RUE DES)",0.0,0.0
201300025306,8,8,2013,6,1,35,281,2,1,1,6,"00, DODIN (AVENUE ROGER)",0.0,0.0
201300025307,8,8,2013,11,1,35,238,2,5,1,3,PORTE DE CLEUNAY,48.0992,-1.71432
201300025308,8,8,2013,22,5,35,238,2,2,1,3,A.FONTAINE/V.MAREUIL,48.1051,-1.65047
201300025309,9,8,2013,1,5,35,238,2,1,1,1,"11, RUE MARTENOT",48.1125,-1.67306
201300025310,9,8,2013,21,1,35,238,2,1,1,6,"20, MAIL F.MITTERRAND",48.11,-1.68782
201300025311,11,8,2013,7,1,35,238,2,3,1,6,E.MOUNIER/MARBAUDAIS,48.1253,-1.6639
201300025312,17,8,2013,7,1,35,238,2,2,1,3,H.FR?VILLE/UKRAINE,48.0837,-1.67516
201300025313,17,8,2013,11,1,35,238,2,5,1,3,PORTE DE LORIENT,48.1076,-1.71594
201300025314,20,8,2013,14,1,35,281,2,6,1,7,DODIN (AVENUE ROGER),0.0,0.0
201300025315,20,8,2013,17,1,35,238,2,2,1,3,DUCHESSE ANNE/S?VIGN?,48.1163,-1.6662
201300025316,21,8,2013,16,1,35,238,2,1,1,2,"121, BD G.CL?MENCEAU",48.0936,-1.67171
201300025317,23,8,2013,5,5,35,238,2,1,1,6,"100, MITTERAND (MAIL FRA",48.10861,-1.6962
201300025318,24,8,2013,5,5,35,238,2,5,1,6,PORTE DES LOGES PR5-3,48.0905,-1.62947
201300025319,24,8,2013,15,1,35,238,2,1,1,5,ROCADE NORD-OUEST,48.1331,-1.70738
201300025320,24,8,2013,18,1,35,281,2,2,1,2,MERMOZ (BOULEVARD JEAN),0.0,0.0
201300025321,24,8,2013,11,1,35,281,2,1,1,7,DODIN (AVENUE ROGER),0.0,0.0
201300025322,26,8,2013,19,1,35,238,2,3,1,2,A.BRIAND/R.LENOIR,48.1103,-1.66424
201300025323,26,8,2013,18,1,35,238,2,1,1,4,ROCADE OUEST PR 11,48.0848,-1.69921
201300025324,27,8,2013,7,1,35,281,2,1,1,7,MARIN (RUE JEAN),0.0,0.0
201300025325,27,8,2013,12,1,35,238,2,2,1,6,A.LEFAS/G.ROPARTZ,48.1305,-1.65673
201300025326,2,9,2013,22,5,35,238,2,2,1,3,PASTEUR/DUJARDIN,48.1102,-1.6742
201300025327,4,9,2013,12,1,35,238,2,2,1,6,TRONJOLLY/LIBERT?,48.1074,-1.68037
201300025328,4,9,2013,18,1,35,238,2,1,1,6,"1, AVENUE D'ITALIE",48.0879,-1.66771
201300025329,5,9,2013,8,1,35,278,2,1,1,2,PORTE DE ST MALO,48.13888,-1.69951
201300025330,5,9,2013,13,1,35,238,2,1,1,2,FREVILLE (AVENUE HENRI),0.0,0.0
201300025331,5,9,2013,14,1,35,238,2,3,1,6,GASCOGNE/SQ GASCOGNE,48.122,-1.71463
201300025332,6,9,2013,13,1,35,238,2,5,1,4,PORTE DE LORIENT,48.1071,-1.71897
201300025333,7,9,2013,20,5,35,238,2,3,1,3,ALMA/GURVAND,48.1039,-1.6771
201300025334,9,9,2013,9,1,35,238,2,1,2,2,ROCADE SUD PR 8-500,48.0812,-1.66472
201300025335,9,9,2013,9,1,35,238,2,1,2,7,CHEMIN DE LA PR?VALAYE,48.0951,-1.73285
201300025336,9,9,2013,10,1,35,238,2,2,1,3,MAL FOCH/ILLE ET RANCE,48.1103,-1.6863
201300025337,9,9,2013,12,1,35,238,2,3,1,3,LORIENT/BUBOIS,48.106,-1.73287
201300025338,9,9,2013,18,1,35,238,2,1,1,6,"9, AVENUE DE GUYENNE",48.1214,-1.71605
201300025339,10,9,2013,13,1,35,238,2,6,1,3,G.BERGER/L.BERNARD,48.1175,-1.70466
201300025340,10,9,2013,19,1,35,51,2,1,1,4,RIGOURDIERE (PORTE DE LA,48.12639,-1.57455
201300025341,10,9,2013,23,3,35,51,2,1,1,7,"00, RIGOURDIERE (PORTE D",0.0,0.0
201300025342,11,9,2013,18,1,35,238,2,1,1,4,ROCADE OUEST PR 14-900,48.115,-1.71927
201300025343,11,9,2013,19,1,35,278,2,1,1,4,"00, PORTE DE BEAUREGARD",0.0,0.0
201300025344,12,9,2013,6,3,35,278,2,1,2,7,"00, PORTE DE ST MALO",48.0935,-1.70912
201300025345,12,9,2013,8,1,35,238,2,1,2,7,"50, RUE C.BERNARD",48.0993,-1.69433
201300025346,12,9,2013,10,1,35,55,2,1,2,6,"00, BONNIN ANDRE (AVENUE",0.0,0.0
201300025347,14,9,2013,7,2,35,238,2,2,2,6,ST MALO/VERDUN,48.1235,-1.68458
201300025348,15,9,2013,6,5,35,238,2,1,1,7,"215, RUE DE ST MALO",48.1295,-1.68876
201300025349,17,9,2013,12,1,35,238,2,2,1,4,NANTES/CL?MENCEAU,48.0947,-1.69024
201300025350,20,9,2013,16,1,35,238,2,2,1,6,ALBERT 1ER/NANTES,48.0903,-1.69219
201300025351,22,9,2013,18,1,35,238,2,1,1,7,"27, RUE DE LORGERIL",48.1102,-1.69462
201300025352,22,9,2013,21,4,35,278,2,1,1,7,RN 137,48.16942,-1.71304
201300025353,23,9,2013,11,1,35,238,2,1,7,6,"49, MAIL F.MITTERRAND",48.1092,-1.68992
201300025354,23,9,2013,18,1,35,238,2,6,7,6,"00, FORCES FRANCAISES DE",0.0,0.0
201300025355,24,9,2013,11,1,35,238,2,3,1,3,"00, BELGIQUE (DE)",0.0,0.0
201300025356,24,9,2013,13,1,35,238,2,1,1,3,PORTE DE LORIENT,48.1103,-1.71802
201300025357,24,9,2013,16,1,35,281,2,3,1,3,"00, JAURES (COURS JEAN)",0.0,0.0
201300025358,26,9,2013,11,1,35,238,2,1,1,3,"275, RUE DE CH?TEAUGIRON",48.0925,-1.62964
201300025359,25,9,2013,17,1,35,238,2,3,1,3,CH?TEAUGIRON/87 DIVISION,48.0989,-1.64511
201300025360,27,9,2013,9,1,35,238,2,1,7,6,"245, RUE DE NANTES",48.095,-1.69009
201300025361,27,9,2013,10,1,35,238,2,3,7,2,G.BERGER/J.MOULIN,48.1187,-1.70463
201300025362,27,9,2013,15,1,35,238,2,3,1,3,YOUGOSLAVIE/HONGRIE,48.0882,-1.65745
201300025363,28,9,2013,1,5,35,238,2,1,1,6,"12, ALL?E DE MAUREPAS",48.1273,-1.66218
201300025364,28,9,2013,11,1,35,238,2,1,1,2,"53, BD DE LA T.AUVERGNE",48.1036,-1.68435
201300025365,28,9,2013,19,1,35,281,2,3,1,3,"00, MENDES FRANCE (BD PI",0.0,0.0
201300025366,1,10,2013,12,1,35,238,2,2,1,4,"00, CHATEAUGIRON (DE)",48.0941,-1.63435
201300025367,1,10,2013,17,1,35,238,2,1,2,3,"276, RUE DE FOUG?RES",48.1288,-1.64631
201300025368,1,10,2013,21,5,35,238,2,1,1,3,"84, BD G.CL?MENCEAU",48.0942,-1.68122
201300025369,2,10,2013,11,1,35,238,2,1,1,3,"69, BF L.BOURGEOIS",48.0999,-1.65104
201300025370,2,10,2013,20,3,35,238,2,5,1,3,PORTE DE NANTES,48.0808,-1.6723
201300025371,4,10,2013,9,1,35,51,2,1,8,7,"00, ALLIES (BOULEVARD DE",0.0,0.0
201300025372,4,10,2013,8,1,35,51,2,1,1,3,BOULAIS (AVENUE DE LA),48.12129,-1.63011
201300025373,4,10,2013,13,1,35,281,2,1,1,3,"00, BENOIT (RUE FREDERIC",0.0,0.0
201300025374,4,10,2013,18,1,35,238,2,2,1,2,VEZIN/SAINT BRIEUC,48.1165,-1.70992
201300025375,6,10,2013,6,5,35,238,2,2,1,3,J.CARTIER/CH?TILLON,48.0978,-1.67199
201300025376,7,10,2013,16,1,35,238,2,2,1,3,FOUG?RES/METZ,48.1218,-1.66274
201300025377,8,10,2013,22,5,35,238,2,5,1,3,PORTE DE LORIENT,48.1075,-1.71646
201300025378,9,10,2013,15,1,35,238,2,1,1,7,"6, TILLON (AVENUE CHARLE",0.0,0.0
201300025379,9,10,2013,20,5,35,238,2,2,1,1,ST J.B.SALLE/LE GUILLOUX,48.1145,-1.70007
201300025380,10,10,2013,8,1,35,51,1,1,1,2,LONGCHAMPS (PORTE DES),0.0,0.0
201300025381,10,10,2013,18,1,35,278,2,1,1,6,"96, LA VICTOIRE  (LIEU D",48.1457,-1.6076
201300025382,11,10,2013,9,1,35,238,2,1,3,3,RUE H.LE GUILLOUX,48.1175,-1.69381
201300025383,11,10,2013,10,1,35,238,2,6,2,7,RP F.F.ONU,48.09,-1.68226
201300025384,12,10,2013,10,1,35,278,2,1,2,7,"00, PORTE DE ST MALO",48.13986,-1.69584
201300025385,12,10,2013,19,1,35,238,2,2,8,3,ROCHESTER/EUROPE,48.128,-1.65746
201300025386,15,10,2013,7,5,35,238,2,2,3,3,VANEAU/MITTERRAND,48.1085,-1.69298
201300025387,15,10,2013,7,5,35,238,2,2,2,6,LEGRAVEREND/ST MALO,48.1171,-1.68085
201300025388,15,10,2013,8,4,35,51,2,1,2,4,"00, LONGCHAMPS (PORTE DE",48.14144,-1.64284
201300025389,15,10,2013,15,1,35,238,2,5,2,2,ARSENAL/LA T.AUVERGNE,48.1065,-1.68451
201300025390,15,10,2013,16,1,35,51,2,1,2,7,RD96,0.0,0.0
201300025391,16,10,2013,13,1,35,238,2,3,8,2,ARMORIQUUE/TAURELLERIE,48.1307,-1.67649
201300025392,16,10,2013,21,5,35,238,2,3,1,6,ISLY/ALLI?S,48.1051,-1.67753
201300025393,17,10,2013,10,1,35,238,2,3,1,6,VERN/VOUZIERS,48.1007,-1.65892
201300025394,18,10,2013,1,5,35,238,2,1,1,6,"30, RUE DE BREST",48.1128,-1.69266
201300025395,18,10,2013,22,3,35,55,2,1,1,7,"00, RD 463",0.0,0.0
201300025396,19,10,2013,6,5,35,238,2,1,8,6,"16, RUE CDT CHARCOT",48.1169,-1.69326
201300025397,19,10,2013,15,1,35,278,2,1,3,4,PORTE DE ST MALO,48.13273,-1.70772
201300025398,20,10,2013,19,3,35,281,2,1,1,6,"23, VALLES (RUE JULES)",0.0,0.0
201300025399,22,10,2013,9,1,35,278,2,1,1,7,"00, TROIS EPINES  (LIEU",48.13886,-1.69949
201300025400,22,10,2013,18,1,35,238,2,2,8,3,PATTON/ROCHESTER,48.1285,-1.66415
201300025401,22,10,2013,19,5,35,238,2,1,2,3,"18, RUE F.DE LESSEPS",48.1025,-1.70763
201300025402,22,10,2013,19,5,35,238,2,5,3,3,PORTE D'ALMA,48.0814,-1.67545
201300025403,23,10,2013,11,1,35,238,2,1,1,6,"30, PLACE DES LICES",48.1129,-1.68389
201300025404,23,10,2013,18,1,35,278,2,1,1,2,MAISON BLANCHE  (LIEU DI,48.14111,-1.68278
201300025405,24,10,2013,8,1,35,238,2,2,1,3,O.LEROUX/BINQUENAIS,48.0914,-1.6675
201300025406,26,10,2013,20,5,35,238,2,1,1,2,RUE DE LORIENT,48.107,-1.72328
201300025407,28,10,2013,12,1,35,238,2,3,1,3,W.CHURCHILL/BOURBONNAIS,48.1205,-1.70845
201300025408,28,10,2013,18,5,35,238,2,1,1,6,"5, RUE DE SU?DE",48.0867,-1.67779
201300025409,29,10,2013,8,1,35,238,2,5,1,3,PORTE DE LORIENT,48.1071,-1.71897
201300025410,29,10,2013,11,1,35,238,2,1,1,6,"151, AVENUE LECLERC",48.11466,-1.65538
201300025411,29,10,2013,14,1,35,238,2,5,1,4,PORTE DE LORIENT,48.1075,-1.71646
201300025412,29,10,2013,20,4,35,278,2,1,1,3,"00, RD 137",0.0,0.0
201300025413,30,10,2013,14,1,35,281,2,1,1,6,"256, NANTES (RUE DE)",0.0,0.0
201300025414,30,10,2013,22,3,35,278,2,1,1,7,"00, LAUNAY  (LIEU DIT LE",0.0,0.0
201300025415,31,10,2013,9,1,35,238,2,1,1,3,"73, BD DE LA T.AUVERGNE",48.1024,-1.68431
201300025416,31,10,2013,12,1,35,238,2,1,2,5,"00, GROS MALHON (AVENUE)",0.0,0.0
201300025417,31,10,2013,18,5,35,238,2,2,2,6,C.TILLON/W.CHURCHILL,48.1245,-1.70982
201300025418,31,10,2013,17,3,35,238,2,5,2,4,PORTE DE BR?QUIGNY,48.0817,-1.69764
201300025419,31,10,2013,18,2,35,278,2,1,1,7,"00, PORTE DE ST MALO",48.13858,-1.70037
201300025420,3,11,2013,18,3,35,238,2,5,1,2,PORTE DE NANTES,48.0778,-1.67458
201300025421,4,11,2013,9,1,35,238,2,1,2,2,"5, PLACE DE BRETAGNE",48.1095,-1.68424
201300025422,6,11,2013,14,1,35,278,2,3,1,7,"00, GAULLE (RUE DU GAL D",48.152,-1.68606
201300025423,5,11,2013,11,1,35,278,2,1,2,7,"00, D 175",0.0,0.0
201300025424,5,11,2013,13,1,35,238,2,1,1,6,AVENUE DE LA VISTULE,48.0855,-1.64896
201300025425,6,11,2013,8,1,35,238,2,1,2,6,"29, AVENUE C.FOULON",48.1213,-1.64217
201300025426,7,11,2013,6,5,35,238,2,2,2,3,LEMORDANT/COETLOGON,48.1228,-1.6887
201300025427,7,11,2013,17,5,35,238,2,1,2,6,"12, QUAI DUGUAY TROUIN",48.1102,-1.68163
201300025428,7,11,2013,20,5,35,238,2,5,2,6,ROOSEVELT/LANGEVIN,48.0973,-1.6578
201300025429,8,11,2013,5,5,35,238,2,2,2,7,STRASBOURG/PARIS,48.1146,-1.65704
201300025430,8,11,2013,13,1,35,55,2,6,1,7,"00, RD 163",48.07813,-1.63214
201300025431,8,11,2013,14,1,35,238,2,1,1,4,ROCADE OUEST PR14-700,48.1155,-1.7194
201300025432,9,11,2013,11,1,35,51,2,6,2,2,"00, DEZERSEUL (BOULEVARD",48.11865,-1.60098
201300025433,10,11,2013,8,3,35,238,2,5,2,2,PORTE DE BREST,48.1227,-1.71925
201300025434,13,11,2013,7,5,35,281,2,3,1,3,"00, MERMOZ (BOULEVARD JE",0.0,0.0
201300025435,13,11,2013,8,1,35,238,2,2,1,3,PUITS JACOB/NANTES,48.0981,-1.68788
201300025436,13,11,2013,8,1,35,238,2,2,1,6,POTERIE/J.PONTAILL?,48.0945,-1.64646
201300025437,14,11,2013,1,3,35,238,2,1,1,6,ROUTE DES CHAMPS R?TIS,48.1346,-1.71287
201300025438,14,11,2013,11,1,35,238,2,3,3,3,GROS MALHON/LENOIR,48.1223,-1.68185
201300025439,14,11,2013,11,1,35,51,2,1,1,6,"00, METAIRIES (BOULEVARD",0.0,0.0
201300025440,14,11,2013,13,1,35,238,2,5,7,6,PORTE DE VILLEJEAN,48.1249,-1.71865
201300025441,14,11,2013,12,1,35,238,2,1,8,1,RUE F.D.ROULIN,48.1363,-1.66999
201300025442,14,11,2013,20,5,35,238,2,5,2,3,A.D?SILLES/TIERCELIN,48.0999,-1.68228
201300025443,15,11,2013,7,3,35,278,2,1,2,4,"00, RD 137",0.0,0.0
201300025444,15,11,2013,19,5,35,238,2,1,1,4,"38, BD CL?MENCEAU",48.0945,-1.68683
201300025445,16,11,2013,14,1,35,238,2,3,1,3,"00, TREGAIN (DE)",0.0,0.0
201300025446,16,11,2013,18,5,35,238,2,1,1,1,"7, RUE DE CH?TEAUGIRON",48.1017,-1.65914
201300025447,16,11,2013,21,5,35,238,2,4,1,4,VERN/CH?TEAUGIRON,48.102,-1.66016
201300025448,17,11,2013,21,5,35,238,2,3,1,6,YOUGOSLAVIE/GALICIE,48.0876,-1.65384
201300025449,18,11,2013,18,5,35,238,2,1,1,3,"41, MAIL F.MITTERRAND",48.1093,-1.68944
201300025450,18,11,2013,18,5,35,238,2,1,1,3,"19, QUAI ILLE ET RANCE",48.1117,-1.68698
201300025451,19,11,2013,18,3,35,238,2,5,1,4,PORTE DE LORIENT,48.111,-1.71838
201300025452,19,11,2013,20,5,35,238,2,2,1,6,GUYENNE/ANJOU,48.1214,-1.71346
201300025453,20,11,2013,6,3,35,238,2,1,1,7,"00, PORTE DE LA RIGOURDI",48.11699,-1.56926
201300025454,20,11,2013,10,1,35,238,2,5,1,3,BRETAGNE/LAMENNAIS,48.1097,-1.68459
201300025455,20,11,2013,18,5,35,238,2,3,2,2,PARIS/LENOIR,48.1127,-1.66464