Num_Acc,jour,mois,an,hr,condition_eclairage,departement,commune,condition_agglomeration,intersection,condition_atmosphere,type_collision,adresse,lattitude,longitude
201300025456,21,11,2013,8,2,35,238,2,2,3,6,LA T.AUVERGNE/P.MAUGER,48.1055,-1.68464
201300025457,21,11,2013,18,3,35,278,2,1,2,2,"00, RD 137",0.0,0.0
201300025458,21,11,2013,19,3,35,278,2,1,8,4,"00, RD 137",0.0,0.0
201300025459,22,11,2013,12,1,35,51,2,1,1,7,"00, BEAULIEU (PORTE DE)",0.0,0.0
201300025460,25,11,2013,17,1,35,238,2,3,1,6,SUISSE/ITALIE,48.0866,-1.66869
201300025461,25,11,2013,18,1,35,281,2,1,1,4,"00, PORTE DE ST NAZAIRE",0.0,0.0
201300025462,26,11,2013,8,1,35,55,2,1,1,7,"00, HALLOUVRY (RUE D')",0.0,0.0
201300025463,26,11,2013,10,1,35,238,2,3,1,6,VERN/A.THOMAS,48.0953,-1.65068
201300025464,26,11,2013,13,1,35,238,2,1,1,3,"104, RUE DE ST BRIEUC",48.1158,-1.70884
201300025465,27,11,2013,8,5,35,238,2,5,1,3,BREST/LE GUILLOUX,48.1145,-1.70007
201300025466,28,11,2013,8,5,35,238,2,2,1,3,"00, BREST (DE)",0.0,0.0
201300025467,28,11,2013,19,5,35,238,2,3,1,6,VERDUN/J.OG?E,48.1198,-1.68795
201300025468,29,11,2013,13,1,35,238,2,1,8,3,"9, RUE DU CLOS COURTEL",48.1257,-1.62814
201300025469,1,12,2013,13,1,35,238,2,1,1,7,PK SQ A.ROU?RIE,48.1285,-1.66272
201300025470,2,12,2013,23,5,35,238,2,1,1,3,PORTE DE VILLEJEAN,48.1244,-1.71332
201300025471,3,12,2013,15,1,35,238,2,1,1,6,"24, BOULEVARD VOLTAIRE",48.105,-1.69558
201300025472,4,12,2013,1,5,35,238,2,5,1,3,G.PATTON/ST LAURENT,48.1385,-1.65858
201300025473,4,12,2013,18,3,35,238,2,1,1,4,ROCADE OUEST EXT?RIEURE,48.1117,-1.71852
201300025474,4,12,2013,19,5,35,238,2,1,1,6,"51, RUE DE LA PALESTINE",48.115,-1.66328
201300025475,5,12,2013,16,2,35,238,2,3,1,6,ALMA/ALLI?S,48.1051,-1.67753
201300025476,7,12,2013,14,1,35,238,2,2,1,3,PAPEGAULT/CLOS COURTEL,48.1297,-1.63073
201300025477,9,12,2013,7,3,35,281,2,1,1,3,"00, MERMOZ (BOULEVARD JE",0.0,0.0
201300025478,9,12,2013,7,1,35,51,2,1,8,3,"00, CHAPELLE (LIEU-DIT L",0.0,0.0
201300025479,9,12,2013,13,1,35,238,2,1,1,3,"120, RUE DE FOUG?RES",48.1216,-1.66317
201300025480,10,12,2013,19,5,35,238,2,1,1,7,"13, RUE J.L?ONARD",48.1305,-1.69204
201300025481,11,12,2013,12,1,35,51,2,1,1,3,"7, CHARMILLES (RUE DES)",48.10374,-1.62139
201300025482,11,12,2013,19,5,35,51,2,1,1,3,"3bis, FONTAINE (AVENUE D",0.0,0.0
201300025483,11,12,2013,19,5,35,238,2,3,1,3,LECLERC/BEAUMARCHAIS,48.1146,-1.65579
201300025484,12,12,2013,6,5,35,238,2,3,1,6,JANVIER/DESCARTES,48.107,-1.67329
201300025485,12,12,2013,14,1,35,238,2,1,2,7,"13, RUE O.DE GOUGES",48.1297,-1.7015
201300025486,13,12,2013,17,5,35,238,2,1,8,2,BD ST J.B. DE LA SALLE,48.1149,-1.70152
201300025487,14,12,2013,21,5,35,238,2,2,1,3,P.MARTIN/ST H?LIER,48.1035,-1.66268
201300025488,14,12,2013,23,5,35,238,2,1,1,1,47 RUE DE SAINT-MALO,48.1177,-1.68081
201300025489,16,12,2013,8,1,35,238,2,1,1,2,"2, QUAI SAINT CAST",48.1106,-1.68576
201300025490,16,12,2013,12,1,35,238,2,2,1,3,M.BR?LON/ARMORIQUE,48.1315,-1.6726
201300025491,16,12,2013,15,3,35,55,2,1,8,7,"00, RD 163",0.0,0.0
201300025492,17,12,2013,19,5,35,278,2,1,1,6,"00, ETANG DU DIABLE (RUE",0.0,0.0
201300025493,17,12,2013,21,5,35,238,2,5,1,3,PORTE DE LORIENT,48.1075,-1.71646
201300025494,18,12,2013,12,1,35,238,2,1,1,6,"134, AVENUE LECLERC",48.114,-1.637
201300025495,18,12,2013,15,1,35,278,2,1,1,6,"00, ROBIQUETTE  (LIEU DI",48.13573,-1.69553
201300025496,18,12,2013,16,1,35,238,2,1,1,6,PK PISCINE ALBERT 1ER,48.0896,-1.68988
201300025497,19,12,2013,14,1,35,238,2,3,1,3,PAYS BAS/PORTUGAL,48.0835,-1.66098
201300025498,20,12,2013,13,1,35,238,2,1,1,6,RUE BAHON RAULT,48.1318,-1.68344
201300025499,20,12,2013,18,3,35,238,2,5,2,4,PORTE DE MAUREPAS,48.1422,-1.65814
201300025500,20,12,2013,19,5,35,238,2,3,1,6,PAYS BAS/PORTUGAL,48.0835,-1.66098
201300025501,20,12,2013,19,5,35,238,2,3,1,3,"270, FOUGERES (ROUTE DE)",0.0,0.0
201300025502,20,12,2013,13,1,35,278,1,1,1,7,"00, RD 137",0.0,0.0
201300025503,21,12,2013,12,1,35,55,2,3,1,1,"00, RD 463",0.0,0.0
201300025504,21,12,2013,20,5,35,238,2,1,3,3,"288, RUE DE FOUG?RES",48.1301,-1.64105
201300025505,21,12,2013,22,5,35,238,2,1,2,6,"15, RUE DE CH?TEAUGIRON",48.102,-1.65819
201300025506,23,12,2013,7,3,35,55,2,1,1,2,"00, RD 163",0.0,0.0
201300025507,24,12,2013,13,1,35,238,2,5,8,6,ST H?LIER/LA?NNEC,48.1056,-1.66605
201300025508,24,12,2013,15,1,35,278,2,1,1,6,"00, PORTE DE ST MALO",0.0,0.0
201300025509,27,12,2013,7,5,35,238,2,6,2,6,BOIS LABB?/CUCILL?,48.1281,-1.70319
201300025510,27,12,2013,6,5,35,238,2,3,2,6,MARBEUF/GUICHEN,48.1114,-1.70335
201300025511,27,12,2013,10,1,35,238,2,6,3,2,PORTE DU BLOSNE,48.0846,-1.64324
201300025512,27,12,2013,20,5,35,238,2,3,2,2,VERN/A.THOMAS,48.0953,-1.65068
201300025513,28,12,2013,9,1,35,238,2,5,1,7,PORTE D'ANGERS,48.0819,-1.64664
201300025514,29,12,2013,10,1,35,238,2,3,1,6,F.LIBRES/J.MILON,48.1053,-1.6687
201300025515,31,12,2013,20,5,35,238,2,2,8,3,L.GUILLOUX/MARBEUF,48.112,-1.70236
201300025516,4,5,2013,12,1,35,93,2,1,1,7,"29, CAQUOT ALBERT (AVENU",48.62184,-2.04548
201300025517,12,8,2013,1,5,35,93,2,6,1,3,"40, VILLOU ( BOULEVARD D",48.62769,-2.07414
201300025518,7,8,2013,14,1,35,93,2,3,1,3,"00, FEART (BOULEVARD)",0.0,0.0
201300025519,24,9,2013,18,1,35,241,2,1,1,3,"00, D168",0.0,0.0
201300025520,8,1,2013,17,1,35,288,2,2,1,1,"19, MOKA (AVENUE DE)",48.65556,-2.0043
201300025521,10,1,2013,10,1,35,288,2,1,1,6,"13, TALARDS (BOULEVARD D",48.64579,-2.00841
201300025522,10,1,2013,17,5,35,288,2,1,1,3,"28, PATTON GENERAL (RUE",48.62387,-1.99846
201300025523,26,1,2013,14,1,35,288,2,6,1,6,"0, TRIQUERVILLE JEAN-PIE",48.64065,-1.99953
201300025524,1,2,2013,16,1,35,241,2,1,1,3,rue des artisans,48.60801,-2.05445
201300025525,7,2,2013,8,1,35,288,2,1,1,3,"0, MOKA (AVENUE DE)",48.65305,-2.00325
201300025526,23,2,2013,16,1,35,288,2,3,1,3,SILLON (DU) CHAUSSEE,48.65214,-2.01717
201300025527,31,3,2013,16,1,35,288,2,1,1,3,KENNEDY JOHN (AVENUE),0.0,0.0
201300025528,25,4,2013,9,1,35,288,2,1,1,6,"42, MARVILLE (AVENUE DE)",48.64326,-2.00408
201300025529,15,5,2013,16,1,35,288,2,6,1,6,"0, COQUELIN ( SQUARE JEA",48.64707,-2.00789
201300025530,28,5,2013,16,1,35,241,1,1,1,6,"000, D168",48.61728,-2.02902
201300025531,14,3,2013,12,1,35,288,2,1,1,2,"0, KENNEDY JOHN (AVENUE)",48.6665,-1.98622
201300025532,31,3,2013,17,1,35,288,2,3,1,3,"0, COUBERTIN PIERRE (RUE",48.64031,-2.00197
201300025533,15,6,2013,18,1,35,288,2,1,1,2,DUGUAY-TROUIN (QUAI),48.65146,-2.01833
201300025534,22,6,2013,19,1,35,241,1,1,1,6,"0.0, BARRAGE DE LA RANCE",48.61664,-2.02963
201300025535,3,7,2013,9,1,35,288,2,1,1,6,"0.0, DEPORTES (BOULEVARD",48.65766,-1.97201
201300025536,2,7,2013,20,1,35,288,2,6,2,1,"0, CASSIN RENE (ROND POI",48.62163,-1.99319
201300025537,1,6,2013,14,1,35,93,2,3,1,3,Bd du Villou,48.62439,-2.06771
201300025538,10,7,2013,11,1,35,288,2,1,1,3,"26, BOTRELTHEODORE (BOUL",48.65282,-2.00535
201300025539,20,7,2013,15,1,35,288,2,1,1,7,LE POMELLEC (RUE),48.6395,-2.0158
201300025540,12,7,2013,15,1,35,43,2,1,7,6,rue de la Grassinais,48.62429,-1.9869
201300025541,1,8,2013,14,1,35,241,2,1,1,2,"0, D168",48.61328,-2.0537
201300025542,5,8,2013,17,1,35,288,2,1,1,6,"7, SABLONS (DES BAS) RUE",0.0,0.0
201300025543,16,7,2013,10,1,35,288,2,6,1,3,"00, REPUBLIQUE (BOULEVAR",48.64725,-2.00856
201300025544,15,9,2013,15,1,35,288,2,1,1,6,"0, KENNEDY JOHN (AVENUE)",0.0,0.0
201300025545,18,9,2013,11,1,35,288,2,1,2,6,"0, CHATEAUBRIAND (BOULEV",48.65848,-1.9949
201300025546,24,9,2013,18,1,35,241,2,2,1,3,,48.61378,-2.03655
201300025547,17,10,2013,7,3,35,288,2,1,8,6,MIRIEL (RUE),48.64855,-1.9998
201300025548,28,10,2013,11,1,35,288,2,1,1,6,"86, VILLE PEPIN (RUE)",48.63344,-2.01258
201300025549,28,10,2013,16,1,35,288,2,1,1,6,"0, JAURES JEAN (AVENUE)",48.64851,-2.00495
201300025550,20,11,2013,18,5,35,93,2,3,2,6,"00, REPUBLIQUE  (PLACE D",48.63348,-2.05676
201300025551,4,10,2013,10,1,35,93,2,1,7,2,"20, RENAN ERNEST (RUE)",48.64956,-2.00593
201300025552,14,12,2013,10,1,35,288,2,1,1,6,"60, DEMALVILLAIN LEONCE",0.0,0.0
201300025553,26,12,2013,4,3,35,241,2,1,1,7,"000, D168",48.61465,-2.03246
201300025554,2,1,2013,15,1,36,159,2,6,1,3,RD943 ROUTE DE MONTLUCON,46.7958,1.73213
201300025555,24,1,2013,16,1,36,44,2,1,8,3,11 AV DE LATTRE DE TASSI,46.7977,1.71843
201300025556,11,6,2013,16,1,36,63,2,1,1,6,24 RUE DES MACONS,46.8302,1.70564
201300025557,18,2,2013,12,1,36,44,2,1,1,7,78 RUE DES MADRONS,46.8021,1.66419
201300025558,11,1,2013,15,1,36,63,1,1,1,2,RD 956.,46.871,1.66092
201300025559,14,1,2013,7,2,36,44,1,6,1,3,PL LAFAYETTE/AV LEMOINE.,46.8144,1.69661
201300025560,16,1,2013,13,1,36,44,2,6,1,3,MALLET STEVEN/MONTAIGNE.,46.7931,1.71127
201300025561,25,3,2013,17,1,36,63,1,1,1,5,RD 956,46.8443,1.68317
201300025562,18,1,2013,16,1,36,44,2,1,8,6,18 AV DE LA CHATRE.,46.8098,1.70243
201300025563,18,1,2013,17,2,36,202,1,1,2,7,ROUTE DEPARTEMENTALE 943,46.831,1.61659
201300025564,18,1,2013,17,2,36,63,1,1,9,7,52 RUE DE BOISLARGE,46.837,1.70218
201300025565,25,3,2013,18,1,36,142,1,1,1,7,ROUTE DEPARTEMENTALE 67,46.8137,1.61037
201300025566,2,5,2013,12,1,36,44,2,1,8,6,19 BD DE CLUIS,46.8081,1.70378
201300025567,25,1,2013,16,1,36,44,2,1,1,4,57 RUE LEMOINE LENOIR.,46.8103,1.69266
201300025568,29,1,2013,14,1,36,44,2,1,1,7,60 RUE P GAULTIER,46.807,1.69563
201300025569,3,2,2013,5,5,36,44,2,1,1,6,78 RUE DU 3EME RAC,46.8193,1.70784
201300025570,22,2,2013,12,1,36,63,1,6,1,7,GIRATOIRE FREESBEE,46.8522,1.70064
201300025571,25,2,2013,19,5,36,63,1,6,1,2,RP GRD VERGER/RN151,46.8455,1.70895
201300025572,16,5,2013,18,1,36,63,2,2,1,3,PL REPUBLIQUE/AV DE GAUL,46.8268,1.70124
201300025573,4,3,2013,10,1,36,63,2,1,1,3,47 ROUTE  D'ISSOUDUN,46.8271,1.70524
201300025574,4,3,2013,16,1,36,44,2,1,1,2,300 AVENUE DE VERDUN,46.7937,1.69963
201300025575,30,5,2013,12,1,36,63,1,2,3,3,VC/CR DIT DU BRELAY,46.8348,1.6775
201300025576,12,6,2013,0,5,36,63,1,6,1,7,RD920 R P MARTINERIE,46.8204,1.73601
201300025577,19,6,2013,15,1,36,63,2,3,1,6,1 BIS AV DE GAULLE/ZOLA,46.8254,1.7005
201300025578,21,6,2013,7,1,36,44,2,6,1,3,76 AV BLOIS/RP GERBAULT,46.8201,1.68424
201300025579,22,6,2013,14,1,36,202,1,2,1,3,VC/CHEMIN ST CYRAN,46.8229,1.6565
201300025580,26,6,2013,10,1,36,44,2,1,1,6,148 BIS AVENUE DE BLOIS,46.826,1.68152
201300025581,6,7,2013,1,3,36,202,1,3,1,3,VC/RD67,46.7663,1.67076
201300025582,15,3,2013,8,2,36,44,2,1,1,2,57 AVENUE KENNEDY,46.802,1.69223
201300025583,15,3,2013,20,5,36,63,1,1,1,6,5 AV GEORGES HENNEQUIN,46.8516,1.70522
201300025584,16,3,2013,9,1,36,44,2,6,1,2,ROND POINT DE LA BRENNE,46.8079,1.67719
201300025585,18,3,2013,11,1,36,63,1,3,1,3,ALLEE DE LA FERME/RD956,46.8549,1.66821
201300025586,20,3,2013,7,1,36,63,1,1,2,2,ROUTE DEPARTEMENTALE 920,0.0,0.0
201300025587,22,3,2013,19,1,36,44,2,1,1,2,122 AVENUE DE LA CHATRE,46.8075,1.70737
201300025588,23,3,2013,12,1,36,159,1,1,1,7,10 RUE BRANDE,46.7588,1.67588
201300025589,22,8,2013,13,1,36,63,2,1,1,3,96 ROUTE D'ISSOUDUN,46.8281,1.70757
201300025590,4,9,2013,11,1,36,44,2,1,1,6,2 PLACE GAMBETTA,46.8124,1.69661
201300025591,5,9,2013,21,5,36,44,2,2,1,3,BD MOULIN NEUF/BELLE RIV,46.819,1.68714
201300025592,6,9,2013,19,1,36,44,2,1,1,6,13 RUE DE LA POSTE,46.81,1.694
201300025593,14,9,2013,18,1,36,202,1,1,8,2,73 AVENUE D'OCCITANIE,46.7844,1.65606
201300025594,22,9,2013,10,1,36,44,2,1,1,3,154 RTE DE CHATELLERAULT,46.8049,1.69907
201300025595,29,3,2013,22,5,36,63,2,1,1,7,66 ROUTE D'ISSOUDUN,46.827,1.70502
201300025596,30,3,2013,16,1,36,202,1,1,1,7,RD 920 BOIS DE LA LIENNE,46.7477,1.62427
201300025597,2,10,2013,7,5,36,63,2,3,1,2,PL CARNOT/RTE ISSOUDUN,46.8269,1.7047
201300025598,6,10,2013,7,2,36,44,2,1,8,6,118 AVENUE DES MARINS,46.8092,1.6818
201300025599,5,10,2013,15,1,36,44,2,1,1,6,30 RUE VICTOR HUGO,46.8113,1.6934
201300025600,3,10,2013,17,1,36,44,2,1,1,6,84 BD DE BRYAS,46.8117,1.7066
201300025601,5,4,2013,16,1,36,202,1,1,2,7,ROUTE DE CHATELLERAULT,0.0,0.0
201300025602,14,10,2013,8,1,36,44,2,1,8,3,AV PIERRE DE COUBERTIN,46.8065,1.7236
201300025603,1,11,2013,16,1,36,44,2,1,1,3,4 BD BLAISE PASCAL,46.7988,1.71256
201300025604,10,4,2013,6,2,36,63,1,1,1,7,ROUTE NATIONALE 151,46.8462,1.70754
201300025605,11,4,2013,17,1,36,44,2,1,3,6,320 AV DE LA CHATRE,46.803,1.71599
201300025606,11,11,2013,9,1,36,44,2,1,1,6,6 RUE DU 8 MAI 1945,46.8043,1.70047
201300025607,15,11,2013,16,1,36,44,2,1,1,6,36 RUE DES ETATS UNIS,46.8151,1.69874
201300025608,12,4,2013,14,1,36,159,1,1,1,7,ROUTE DE MONTLUCON RD943,46.7885,1.75392
201300025609,21,11,2013,18,4,36,44,2,1,8,6,265 AVENUE DE VERDUN,46.7961,1.699
201300025610,14,4,2013,21,5,36,202,1,1,2,7,ROUTE DE CHATELLERAULT,0.0,0.0
201300025611,16,4,2013,20,2,36,44,2,1,9,2,14 PLACE ST CHRISTOPHE,46.8165,1.6845
201300025612,18,4,2013,17,1,36,44,2,1,1,6,PLACE DU LIMOUSIN,46.803,1.678
201300025613,21,12,2013,11,1,36,44,2,1,1,3,112 RUE DE NOTZ,46.8015,1.68476
201300025614,22,4,2013,18,1,36,44,2,1,1,6,AVENUE MARCEL LEMOINE,0.0,0.0
201300025615,24,4,2013,12,1,36,159,2,1,1,2,151 AVENUE DE LA FORET,46.771,1.71299
201300025616,24,4,2013,16,1,36,44,2,1,1,6,122 BD SAINT DENIS,46.8074,1.70265
201300025617,25,4,2013,11,1,36,44,2,6,1,3,ROUTE DEPARTEMENTALE 920,46.7917,1.71203
201300025618,26,4,2013,17,1,36,44,2,1,3,3,AV D'ARGENTON/OCCITANIE,46.7943,1.66404
201300025619,27,4,2013,12,1,36,44,2,2,1,3,BD CLUIS/RUE ST FIACRE,46.8074,1.70265
201300025620,29,4,2013,10,1,36,159,2,1,1,3,54 BIS AV DE LA FORET,46.765,1.71793
201300025621,2,5,2013,18,1,36,44,2,2,1,3,12 BDCHARMILLES/LA BOETI,46.8004,1.71644
201300025622,4,5,2013,10,1,36,44,2,1,1,6,RUE DIDEROT,46.8104,1.69181
201300025623,7,5,2013,17,1,36,44,1,2,1,3,BD PASCAL/RUE VERLAINE,46.7995,1.7144
201300025624,10,5,2013,10,1,36,44,2,1,8,6,ALLEE VALENTIN HAUY,46.8115,1.69636
201300025625,30,5,2013,14,1,36,44,2,1,8,3,ALLEE DES GRANDS CHAMPS,46.7959,1.69552
201300025626,30,5,2013,17,1,36,44,2,1,2,7,185 AV DES MARINS,46.8083,1.6781
201300025627,7,6,2013,19,1,36,44,2,1,1,6,RUE DES AUBRAYS,46.8018,1.69666
201300025628,13,6,2013,17,1,36,44,2,1,2,7,27 BD BLAISE PASCAL,46.7981,1.713
201300025629,18,6,2013,12,1,36,202,1,1,1,7,RD 920,46.7441,1.61614
201300025630,20,6,2013,16,1,36,63,2,1,1,7,RUE S REBRIOUX,46.8414,1.70353
201300025631,21,6,2013,14,1,36,44,1,1,1,2,5 AV BERNARD LOUVET,46.8033,1.70331
201300025632,23,6,2013,11,1,36,44,2,1,1,2,GEORGES COURTELINE,46.8041,1.71064
201300025633,23,6,2013,19,1,36,159,1,1,1,7,90 ROUTE DEPARTEMENTALE,46.7681,1.71527
201300025634,24,6,2013,17,1,36,63,1,1,1,2,RD 925,46.82,1.73346
201300025635,27,6,2013,12,1,36,159,1,1,1,6,15 ROUTE DE VARENNES,0.0,0.0
201300025636,29,6,2013,17,1,36,44,2,1,1,6,RUE VICTOR HUGO,46.8116,1.6941
201300025637,4,7,2013,20,1,36,44,2,1,1,3,RUE DES ETATS UNIS,46.8166,1.7016
201300025638,12,7,2013,17,1,36,63,1,6,1,2,GIRATOIRE DE BLOIS,46.8425,1.6739
201300025639,15,7,2013,12,1,36,44,2,1,1,7,DE MUSSET/NOAILLES,46.7918,1.7189
201300025640,17,7,2013,23,3,36,159,1,1,1,7,ROUTE DE VELLES,46.7663,1.68265
201300025641,19,7,2013,9,1,36,44,2,1,8,7,GIRATOIRE MONTAIGNE,46.8011,1.70269
201300025642,24,7,2013,18,1,36,44,2,1,1,2,5 AVENUE MARCEL LEMOINE,46.8149,1.69668
201300025643,25,7,2013,12,1,36,44,2,6,1,2,GIRATOIRE DESCHIZEAUX,46.8103,1.68752
201300025644,29,7,2013,10,1,36,44,2,1,1,2,190 ROUTE CHATELLERAULT,46.8044,1.6666
201300025645,31,7,2013,12,1,36,44,2,1,1,7,60 RUE DE LA GARE,46.8106,1.69742
201300025646,1,8,2013,17,1,36,159,2,2,1,3,RTE VARENNES/RUE 30-08-4,46.7634,1.71871
201300025647,2,8,2013,1,3,36,202,1,1,1,7,LD LA PETITE LIENNE,46.7579,1.63303
201300025648,6,8,2013,16,1,36,44,2,1,1,7,RUE D'AUVERGNE,46.8099,1.7045
201300025649,6,8,2013,20,1,36,44,2,1,1,7,5 RUE PIERRE GAULTIER,46.8095,1.70209
201300025650,17,8,2013,17,1,36,44,2,1,1,7,34 BD BLAISE PASCAL,46.7968,1.7091
201300025651,31,8,2013,15,1,36,63,1,6,1,7,GIRATOIRE DU FREESBEE,46.8516,1.70157
201300025652,4,9,2013,9,1,36,44,2,1,1,7,120 AV KENNEDY,46.7989,1.69229
201300025653,24,9,2013,17,1,36,44,2,3,1,3,RUE RASPAIL/RUE GILBERT,46.8067,1.69169
201300025654,28,9,2013,17,1,36,63,1,6,1,7,GIRATOIRE FREESBEE,46.8515,1.70119
201300025655,7,10,2013,7,2,36,44,2,1,1,3,15 RUE DES AUBRAYS,46.8015,1.69473
201300025656,7,10,2013,8,1,36,159,2,1,1,5,,46.794,1.73598
201300025657,7,10,2013,12,1,36,44,2,2,1,3,AV LA CHATRE/BD DE CLUIS,46.8088,1.70492
201300025658,7,10,2013,16,1,36,44,2,2,1,3,AVLACHATRE/AV DE COUBERT,46.8023,1.71851
201300025659,8,10,2013,18,1,36,63,1,1,1,3,,46.8199,1.7333
201300025660,10,10,2013,21,3,36,202,1,1,1,7,,46.8318,1.61281
201300025661,20,10,2013,20,3,36,63,1,1,2,2,RN 151,46.8515,1.70161
201300025662,24,10,2013,17,2,36,44,2,1,1,4,56 BD CROIX NORMAND,46.8041,1.6921
201300025663,28,10,2013,7,2,36,44,2,1,1,7,210 AV JOHN KENNEDY,46.7892,1.69123
201300025664,30,10,2013,11,1,36,44,2,2,1,3,D'AQUITAINE/ BOURGOGNE,46.8044,1.6807
201300025665,30,10,2013,16,1,36,159,2,9,1,3,ROUTE DE MONTLUCON,46.7941,1.73638
201300025666,30,10,2013,16,1,36,44,2,1,1,3,2 ALLEE DE LA GARENNE,46.8053,1.72267
201300025667,31,10,2013,12,1,36,44,2,1,1,6,34 AVENUE D'ARGENTON,46.8058,1.67499
201300025668,4,11,2013,7,2,36,44,1,1,2,2,ROUTE DEPARTEMENTALE 920,0.0,0.0
201300025669,7,11,2013,11,2,36,44,2,1,1,2,3 AVENUE BERNARD LOUVET,46.803,1.70368
201300025670,15,11,2013,9,1,36,44,2,1,1,6,2 RUE PETITE ST CHRISTO,46.817,1.68617
201300025671,20,11,2013,18,2,36,44,2,1,1,7,175 RUE LEMOINE LENOIR,46.8102,1.6925
201300025672,22,11,2013,7,2,36,202,1,1,1,7,40 RD 925,46.792,1.61255
201300025673,22,11,2013,8,1,36,44,2,1,1,6,86 AVENUE DE BLOIS,46.8201,1.6838
201300025674,22,11,2013,9,1,36,44,2,1,1,6,AVENUE DE BLOIS,46.8262,1.68139
201300025675,22,11,2013,17,1,36,44,2,1,1,1,164 RUE LEMOINE LENOIR,46.8102,1.69249
201300025676,27,11,2013,14,1,36,44,2,3,1,3,AV D'ARGENTON/RUE G PHIL,46.8012,1.6709
201300025677,29,11,2013,14,1,36,159,1,1,1,1,LIEU DIT LA MARECHAL,46.7767,1.73878
201300025678,30,11,2013,12,1,36,44,2,1,1,4,210 AVENUE J KENNEDY,46.7889,1.69125
201300025679,30,11,2013,18,5,36,44,2,1,1,2,AVENUE GENERAL DE GAULLE,0.0,0.0
201300025680,3,12,2013,10,1,36,63,2,1,1,6,RUE JEAN JAURES,46.8254,1.70022
201300025681,5,12,2013,11,1,36,44,2,1,8,4,DU 8 MAI 1945,0.0,0.0
201300025682,8,12,2013,5,5,36,63,2,1,1,6,147 AV DE GAULLE,46.8319,1.7027
201300025683,12,12,2013,13,1,36,63,1,1,1,2,RD 956,46.8453,1.67266
201300025684,19,12,2013,12,1,36,44,2,1,1,7,5 RUE DES ETATS-UNIS,46.8143,1.69717
201300025685,21,12,2013,10,1,36,159,1,1,1,6,ROUTE DE MONTLUCON,46.7924,1.7354
201300025686,26,12,2013,17,2,36,202,1,1,1,2,AVENUE D'OCCITANIE,46.7877,1.65887
201300025687,26,12,2013,18,5,36,44,2,1,1,4,104 AV DE BLOIS,46.8224,1.6832
201300025688,30,12,2013,7,5,36,202,1,1,9,7,AVENUE D'OCCITANIE,0.0,0.0
201300025689,30,12,2013,9,1,36,202,1,1,9,7,ROUTE DE CHATELLERAULT,46.7903,1.6065
201300025690,31,12,2013,11,1,36,44,2,9,1,3,1 PLACE DE CHAMPAGNE,46.8041,1.67657
201300025691,8,1,2013,17,5,37,261,2,2,1,3,RUE VICTOR HUGO,0.0,0.0
201300025692,9,1,2013,12,1,37,261,2,2,1,3,AVENUE MONTJOYEUX,0.0,0.0
201300025693,11,1,2013,8,5,37,261,2,3,1,6,RUE DE SUEDE,0.0,0.0
201300025694,11,1,2013,12,1,37,261,2,1,1,7,BOULEVARD HEURTELOUP,0.0,0.0
201300025695,15,1,2013,18,5,37,261,2,1,1,6,101  LOISEAU D'ENTRAIGUE,0.0,0.0
201300025696,15,1,2013,19,5,37,261,2,3,1,3,"246, VAILLANT (RUE EDOUA",0.0,0.0
201300025697,16,1,2013,10,1,37,122,2,3,1,6,plac de l'EGLISE,0.0,0.0
201300025698,20,1,2013,15,1,37,195,2,1,4,6,ROUTE  DE SAINT-GENOUPH,0.0,0.0
201300025699,4,1,2013,13,1,37,261,2,2,1,3,VERDI RUE,0.0,0.0
201300025700,4,1,2013,17,4,37,261,2,1,1,4,28  Bd RICHARD WAGNER,0.0,0.0
201300025701,7,1,2013,7,4,37,261,2,3,1,2,RUE DES DOUETS,0.0,0.0
201300025702,10,1,2013,13,1,37,261,2,1,1,5,AVENUE DU GL NIESSEL,0.0,0.0
201300025703,8,1,2013,9,1,37,261,2,6,1,3,boulevard LOUIS XI,0.0,0.0
201300025704,19,1,2013,20,5,37,214,2,6,2,3,QUAI DE PORTILLON,0.0,0.0
201300025705,21,1,2013,7,2,37,261,2,3,8,3,AVENUE DE SEVIGNE,0.0,0.0
201300025706,25,1,2013,15,1,37,261,2,3,1,6,QUAI ANDRE MALRAUX,0.0,0.0
201300025707,30,1,2013,14,1,37,233,2,1,1,2,AVENUE JACQUES DUCLOS,0.0,0.0
201300025708,30,1,2013,20,5,37,261,2,1,8,6,RUE DE BELGIQUE,0.0,0.0
201300025709,11,2,2013,13,1,37,261,2,3,1,3,RUE DU GL RENAULT,0.0,0.0
201300025710,18,2,2013,13,1,37,261,2,6,1,2,AVENUE GEORGES POMPIDOU,0.0,0.0
201300025711,19,2,2013,7,1,37,233,2,6,1,3,AVENUE JACQUES DUCLOS,0.0,0.0
201300025712,19,2,2013,10,1,37,195,2,1,1,3,126 ROUTE  SAINT-GENOUPH,0.0,0.0
201300025713,20,2,2013,7,1,37,233,1,1,1,3,449 RUE MARCEL CACHIN,0.0,0.0