Num_Acc,jour,mois,an,hr,condition_eclairage,departement,commune,condition_agglomeration,intersection,condition_atmosphere,type_collision,adresse,lattitude,longitude
201300025714,20,2,2013,8,1,37,261,2,2,1,3,GRANDIERE (RUE DE LA),0.0,0.0
201300025715,24,2,2013,16,1,37,122,2,1,8,6,RUE HENRI DUNANT,0.0,0.0
201300025716,7,3,2013,16,1,37,261,2,2,1,5,RUE D' AMBOISE,0.0,0.0
201300025717,10,3,2013,12,1,37,261,2,1,1,6,03 RUE CAULAINCOURT,0.0,0.0
201300025718,20,3,2013,18,1,37,233,2,1,1,6,433 RUE MARCEL CACHIN,0.0,0.0
201300025719,21,3,2013,11,1,37,261,2,2,1,7,AVENUE DU DANEMARK,0.0,0.0
201300025720,21,3,2013,8,1,37,261,1,1,1,2,LAKANAL (RUE),0.0,0.0
201300025721,26,3,2013,16,1,37,261,2,1,1,5,"27, RUE LEON  BOYER",0.0,0.0
201300025722,9,4,2013,7,1,37,261,2,2,1,3,RUE WEDELLS/ST LIBERT,0.0,0.0
201300025723,12,4,2013,16,1,37,261,2,2,1,3,RUE ERNEST HUARD,0.0,0.0
201300025724,15,4,2013,12,1,37,214,2,1,1,2,QUAI DE LA LOIRE,0.0,0.0
201300025725,15,4,2013,10,1,37,208,2,1,1,4,AV DI GL DE GAULLE,0.0,0.0
201300025726,12,1,2013,5,3,37,122,1,1,2,1,ROUTE DE  MONTS,0.0,0.0
201300025727,22,1,2013,7,2,37,261,2,1,2,4,PONT MIRABEAU,0.0,0.0
201300025728,21,1,2013,20,5,37,261,2,2,2,3,NERICAULT DESTOUCHES (RU,0.0,0.0
201300025729,23,1,2013,11,1,37,261,2,6,1,3,NAPOLEON (PONT),0.0,0.0
201300025730,27,1,2013,14,1,37,261,2,6,1,7,BD ABEL GANCE,0.0,0.0
201300025731,27,1,2013,16,1,37,214,2,6,2,7,RUE  CROIX DE PIERRE,0.0,0.0
201300025732,28,1,2013,7,5,37,261,2,1,1,6,RUE CHRISTOPHE COLOMB,0.0,0.0
201300025733,29,1,2013,8,2,37,261,2,1,2,2,QUAI ANDRE MALRAUX,0.0,0.0
201300025734,1,2,2013,16,1,37,261,1,1,3,7,AVENUE ANDRE MAGINOT,0.0,0.0
201300025735,19,2,2013,16,1,37,233,1,1,1,6,40 RUE DU COLOMBIER,0.0,0.0
201300025736,21,2,2013,11,1,37,261,2,2,1,3,RUE DU PONT AUX OIES,0.0,0.0
201300025737,26,2,2013,16,1,37,261,2,3,1,2,RUE DE L'AUBERDIERE,0.0,0.0
201300025738,26,2,2013,19,5,37,122,2,3,1,3,RUE JACQUES POIRIER,0.0,0.0
201300025739,27,2,2013,8,3,37,233,2,1,1,2,CHEMIN DE LA VICAIRERIE,0.0,0.0
201300025740,4,3,2013,17,1,37,261,2,1,1,6,RUE MICHEL BAUGE,0.0,0.0
201300025741,6,3,2013,8,1,37,261,2,2,1,6,RUE LAPONNERAYE,0.0,0.0
201300025742,16,3,2013,14,1,37,214,2,6,1,6,DE GAULLE (BD CHARLES),0.0,0.0
201300025743,21,3,2013,15,1,37,261,2,3,1,6,BOULEVARD BERANGER,0.0,0.0
201300025744,27,3,2013,18,1,37,261,2,1,1,4,PONT DU SANITAS,0.0,0.0
201300025745,29,3,2013,11,1,37,261,2,1,1,2,5 RUE DU PD MERVILLE,0.0,0.0
201300025746,3,4,2013,15,1,37,261,2,1,1,6,BD TONNELLE FACE TOTAL,0.0,0.0
201300025747,5,4,2013,10,1,37,261,2,3,8,3,AV CAMILLE CHAUTEMPS,0.0,0.0
201300025748,19,1,2013,10,1,37,261,2,1,9,6,264  RUE ED VAILLANT,0.0,0.0
201300025749,16,1,2013,14,1,37,261,2,3,1,3,RUE DE L'ORATOIRE,0.0,0.0
201300025750,22,1,2013,17,2,37,261,2,2,2,3,AV DE LA REPUBLIQUE,0.0,0.0
201300025751,22,1,2013,20,3,37,122,1,1,2,4,RD 37 SORTIE A 85,0.0,0.0
201300025752,23,1,2013,15,1,37,261,2,1,1,2,RUE DU COLOMBIER,0.0,0.0
201300025753,24,1,2013,9,1,37,208,2,1,2,6,PLACE DE STEINBACH,0.0,0.0
201300025754,28,1,2013,18,5,37,122,2,2,1,3,BD JEAN JAURES JAURES,0.0,0.0
201300025755,29,1,2013,18,5,37,233,2,3,2,3,MOULIN (PONT JEAN),0.0,0.0
201300025756,30,1,2013,8,2,37,261,2,1,2,7,8 RUE NOUVEAU CALVAIRE,0.0,0.0
201300025757,31,1,2013,8,1,37,261,2,1,1,6,6 BOULEVARD BERANGER,0.0,0.0
201300025758,11,2,2013,9,1,37,122,1,1,1,6,RD 37,0.0,0.0
201300025759,18,2,2013,7,1,37,261,2,6,1,3,GIRATOIRE D'EMMAUS,0.0,0.0
201300025760,21,2,2013,19,4,37,261,2,2,1,3,AVENUE GUSTAVE EIFFEL,0.0,0.0
201300025761,22,2,2013,16,1,37,195,1,1,1,2,LEVEE DU CHER,0.0,0.0
201300025762,27,2,2013,13,1,37,261,2,1,1,6,6 RUE DES HALLES,0.0,0.0
201300025763,27,2,2013,14,1,37,261,2,2,1,3,RUE ROBERT SCHUMAN,0.0,0.0
201300025764,27,2,2013,17,1,37,208,2,2,1,4,AVENUE BEAUGAILLARD,0.0,0.0
201300025765,1,3,2013,11,1,37,261,2,1,1,6,RUE NATIONALE,0.0,0.0
201300025766,5,3,2013,17,1,37,261,1,2,1,6,39 BD BERANGER,0.0,0.0
201300025767,6,3,2013,13,1,37,233,2,1,2,5,DUCLOS AVENUE JACQUES,0.0,0.0
201300025768,6,3,2013,15,1,37,261,2,3,1,3,53 RUE COLOMBIER,0.0,0.0
201300025769,6,3,2013,18,5,37,208,2,1,2,7,"14, CORMERY (RUE DE)",0.0,0.0
201300025770,8,3,2013,10,1,37,261,2,2,1,3,QUAI ANDRE MALRAUX,0.0,0.0
201300025771,11,3,2013,20,3,37,214,2,1,1,4,BD ANDRE GEORGES VOISIN,0.0,0.0
201300025772,7,3,2013,12,1,37,122,1,1,1,5,RD 37,0.0,0.0
201300025773,12,3,2013,17,1,37,195,2,6,2,3,AVENUE DU PRIEURE,0.0,0.0
201300025774,3,1,2013,10,1,37,261,2,2,1,6,22  BOULEVARD BERANGER,0.0,0.0
201300025775,26,1,2013,22,5,37,214,2,1,1,6,6 RUE HENRI LEBRUN,0.0,0.0
201300025776,3,2,2013,4,3,37,122,2,1,1,6,RD 37,0.0,0.0
201300025777,20,2,2013,22,5,37,261,2,1,1,6,10  PLACE FOIRE LE ROI,0.0,0.0
201300025778,11,3,2013,21,5,37,233,2,1,2,7,185 RUE MARCEL CACHIN,0.0,0.0
201300025779,11,3,2013,22,5,37,122,2,1,2,7,30 RUE GAMARD,0.0,0.0
201300025780,17,3,2013,3,5,37,261,2,1,2,6,171 QUAI PAUL BERT,0.0,0.0
201300025781,19,3,2013,22,5,37,261,2,1,3,7,83 RUE GIRAUDEAU,0.0,0.0
201300025782,9,4,2013,22,5,37,214,2,1,1,7,GIRATOI  CROIX DE PIERRE,0.0,0.0
201300025783,13,4,2013,21,3,37,122,2,1,1,3,RD 37,0.0,0.0
201300025784,16,4,2013,22,5,37,261,2,1,1,6,RUE CHRISTOPHE COLOMB,0.0,0.0
201300025785,25,4,2013,20,2,37,261,2,3,1,1,"62, EUROPE (AVENUE DE L'",0.0,0.0
201300025786,25,4,2013,23,5,37,195,2,1,1,7,RUE SIMON VAUQUIER,0.0,0.0
201300025787,11,5,2013,1,5,37,261,2,2,1,6,NATIONALE (RUE),0.0,0.0
201300025788,13,5,2013,23,5,37,261,2,1,8,6,RUE DE PORTILLON,0.0,0.0
201300025789,15,5,2013,22,5,37,261,2,1,8,6,68 RUE JEHAN FOUQUET,0.0,0.0
201300025790,17,5,2013,21,5,37,261,2,1,2,6,3 PLACE DU ML LECLERC,0.0,0.0
201300025791,19,5,2013,20,2,37,195,2,1,2,1,"15, MAIRIE (RUE DE LA)",0.0,0.0
201300025792,7,6,2013,21,2,37,261,2,2,1,3,Daniel Mayer,0.0,0.0
201300025793,17,6,2013,3,5,37,261,2,1,1,7,71 RUE JOLIVET,0.0,0.0
201300025794,24,6,2013,0,3,37,122,1,1,1,3,42 ROUTE DE NARBONNE,0.0,0.0
201300025795,27,6,2013,1,5,37,261,2,1,1,1,12 RUE EDGARD  QUINET,0.0,0.0
201300025796,5,7,2013,21,1,37,261,2,2,1,3,RUE DE JERUSALEM,0.0,0.0
201300025797,6,7,2013,22,5,37,261,2,2,1,5,Bd  du marechal JUIN,0.0,0.0
201300025798,14,7,2013,21,1,37,122,2,1,1,6,RUE JACQUES POIRIER,0.0,0.0
201300025799,16,7,2013,21,1,37,122,2,3,1,6,34 RUE DE LA GITONNIERE,0.0,0.0
201300025800,20,7,2013,1,5,37,214,2,1,1,6,148 RUE VICTOR HUGO,0.0,0.0
201300025801,3,8,2013,22,2,37,261,2,1,1,6,55 RUE NATIONALE,0.0,0.0
201300025802,11,8,2013,21,2,37,261,2,2,1,7,ZOLA (RUE EMILE),0.0,0.0
201300025803,11,8,2013,23,5,37,261,2,2,1,3,RUE MIRABEAU,0.0,0.0
201300025804,5,12,2013,16,1,37,261,2,1,1,2,BD RICHARD WAGNER,0.0,0.0
201300025805,9,12,2013,18,1,37,122,2,1,1,2,48 BD DE CHINON,0.0,0.0
201300025806,12,12,2013,7,2,37,214,1,1,1,6,RD 37,0.0,0.0
201300025807,13,12,2013,12,1,37,233,2,1,2,6,LANGEVIN (BOULEVARD PAUL,0.0,0.0
201300025808,13,12,2013,18,1,37,261,2,2,1,6,L AUBERDIERE /PAQUERETTE,0.0,0.0
201300025809,10,1,2013,20,2,37,233,2,1,1,3,AVENUE JACQUES DUCLOS,0.0,0.0
201300025810,10,1,2013,18,2,37,261,2,1,1,6,JUIN (BOULEVARD DU MAREC,0.0,0.0
201300025811,13,1,2013,0,2,37,233,2,1,1,6,PLACE JEAN MOULIN,0.0,0.0
201300025812,13,3,2013,7,1,37,233,2,3,1,3,"217, STALINGRAD (AVENUE)",0.0,0.0
201300025813,18,3,2013,13,1,37,261,2,1,1,3,85 BOULEVARD BERANGER,0.0,0.0
201300025814,18,3,2013,16,1,37,261,2,1,1,6,RUE DE BEAUMONT,0.0,0.0
201300025815,13,3,2013,8,1,37,261,2,2,1,4,MIRABEAU/HEURTELOUP,0.0,0.0
201300025816,18,3,2013,18,1,37,261,2,1,1,3,AVENUE ANDRE MAGINOT,0.0,0.0
201300025817,20,3,2013,8,1,37,214,2,1,1,2,"3, BERGSON (RUE HENRI)",0.0,0.0
201300025818,24,3,2013,13,1,37,261,2,2,1,3,"216, RUE GIRAUDEAU",0.0,0.0
201300025819,31,3,2013,9,1,37,208,2,3,1,3,RUE DE L'OISELET,0.0,0.0
201300025820,4,4,2013,16,1,37,261,2,1,2,3,EINSTEIN (RUE ALBERT),0.0,0.0
201300025821,5,4,2013,16,1,37,261,2,1,2,1,AVE ANDRE MAGINOT,0.0,0.0
201300025822,10,4,2013,16,1,37,261,2,1,2,7,RUE ATHUR RIMBAUD (,0.0,0.0
201300025823,16,4,2013,17,1,37,122,2,1,1,6,"82, JAURES (BOULEVARD JE",0.0,0.0
201300025824,24,4,2013,7,1,37,122,2,1,1,7,"3, VERDUN (RUE DE)",0.0,0.0
201300025825,30,4,2013,12,1,37,261,2,6,2,3,ROND-POINTJACQUE MONOD,0.0,0.0
201300025826,17,5,2013,17,1,37,261,2,3,1,3,EIFFEL (AVENUE GUSTAVE),0.0,0.0
201300025827,16,5,2013,16,1,37,261,2,3,1,2,WAGNER BD RICHARD,0.0,0.0
201300025828,16,5,2013,12,1,37,261,2,6,1,4,DASSAULT R-POINT MARCEL,0.0,0.0
201300025829,11,5,2013,20,1,37,261,2,1,1,2,BD R WAGNER ESSO,0.0,0.0
201300025830,13,5,2013,9,1,37,233,2,3,2,7,FARGES (AVENUE YVES),0.0,0.0
201300025831,13,5,2013,9,1,37,261,2,2,2,3,SUEDE (RUE DE),0.0,0.0
201300025832,22,5,2013,20,1,37,214,2,2,1,3,AVENUE DE LA REPUBLIQUE,0.0,0.0
201300025833,3,6,2013,16,1,37,261,2,1,1,6,DE GAULLE (AVENUE DU GEN,0.0,0.0
201300025834,3,6,2013,18,1,37,261,2,1,1,6,FRANCE (PLACE ANATOLE),0.0,0.0
201300025835,11,1,2013,17,5,37,122,2,3,1,1,RUE DU RIVEAU,0.0,0.0
201300025836,14,2,2013,9,1,37,122,2,1,1,2,127 BD JEAN JAURES,0.0,0.0
201300025837,17,1,2013,19,5,37,261,2,2,1,3,324 AV ANDRE MAGINOT,0.0,0.0
201300025838,11,4,2013,12,1,37,261,2,1,2,5,PONT CHER (AVENUE DE),0.0,0.0
201300025839,14,4,2013,13,1,37,261,2,3,1,3,AV DU Gl DE GAULLE,0.0,0.0
201300025840,9,4,2013,14,1,37,261,2,1,3,3,3 AV GRAMMONT/ENTRAIGUE,0.0,0.0
201300025841,9,4,2013,13,1,37,214,2,2,3,3,V HUGO/ST EXUPERY,0.0,0.0
201300025842,3,5,2013,16,1,37,261,1,9,1,6,AVENUE GUSTAVE EIFFEL,0.0,0.0
201300025843,3,5,2013,16,1,37,261,1,1,1,2,RD 37,0.0,0.0
201300025844,4,5,2013,5,5,37,233,2,1,1,2,"43, LOIRE (LEVEE DE LA)",0.0,0.0
201300025845,5,5,2013,11,1,37,233,2,3,1,3,RUE PAUL LOUIS COURRIER,0.0,0.0
201300025846,10,5,2013,10,1,37,261,2,3,1,4,AVENUE STENDHAL,0.0,0.0
201300025847,15,5,2013,16,1,37,233,2,2,1,7,RUE MARCEL CACHIN,0.0,0.0
201300025848,16,5,2013,8,1,37,214,2,1,1,2,"32, QUAI PORTILLON",0.0,0.0
201300025849,16,5,2013,10,1,37,233,2,6,1,3,POMPIDOU AVENUE,0.0,0.0
201300025850,21,5,2013,20,1,37,261,2,2,1,3,RUE LOUIS BREGUET,0.0,0.0
201300025851,26,5,2013,16,1,37,214,2,3,1,7,"30, RUE DE PALLUAU",0.0,0.0
201300025852,27,5,2013,17,1,37,261,2,6,1,2,AVENUE PROUDHON,0.0,0.0
201300025853,3,6,2013,8,1,37,195,2,2,1,3,AVENUE DU PRIEURE,0.0,0.0
201300025854,4,6,2013,8,1,37,208,2,2,1,3,VALLON DES MARTYRES (RUE,0.0,0.0
201300025855,7,6,2013,16,1,37,261,2,3,1,3,LUXEMBOURG (RUE DU),0.0,0.0
201300025856,7,6,2013,17,1,37,261,2,1,1,4,"7, MARCEAU (RUE)",0.0,0.0
201300025857,14,6,2013,13,1,37,261,2,1,1,6,HEURTELOUP BD,0.0,0.0
201300025858,14,6,2013,15,1,37,261,2,1,1,7,DANIEL MAYER,0.0,0.0
201300025859,14,6,2013,16,1,37,261,2,2,1,3,RUE DE SUEDE,0.0,0.0
201300025860,19,6,2013,14,1,37,261,2,1,2,2,WAGNER (BOULEVARD RICHAR,0.0,0.0
201300025861,19,6,2013,16,1,37,261,1,1,1,2,JUIN (BOULEVARD DU MAREC,0.0,0.0
201300025862,19,6,2013,18,1,37,261,2,1,1,3,place RABELAIS,0.0,0.0
201300025863,22,6,2013,5,5,37,261,2,1,1,6,AVENUE DE GRAMMONT,0.0,0.0
201300025864,25,6,2013,17,1,37,261,2,3,1,6,BOYER (RUE LEON),0.0,0.0
201300025865,25,6,2013,19,1,37,195,2,1,1,1,RUE ANTOINE ST EXUPERY,0.0,0.0
201300025866,27,6,2013,7,1,37,261,2,6,1,3,AVENUE G POMPIDOU,0.0,0.0
201300025867,27,6,2013,7,1,37,261,2,1,1,7,"31, POMPIDOU (AVENUE GEO",0.0,0.0
201300025868,28,6,2013,8,1,37,195,2,2,2,3,SAINT FRANCOIS (RUE),0.0,0.0
201300025869,3,7,2013,10,1,37,261,2,1,1,2,179 AVENUE A MAGINOT,0.0,0.0
201300025870,3,7,2013,12,1,37,261,2,2,1,5,RUE VICTOR HUGO,0.0,0.0
201300025871,4,7,2013,11,1,37,261,2,3,1,6,RUE HONORE DE BALZAC,0.0,0.0
201300025872,8,7,2013,15,1,37,214,2,1,1,7,RUE JEAN MOULIN,0.0,0.0
201300025873,9,7,2013,8,1,37,261,2,1,9,2,"225, GRAMMONT (AVENUE DE",0.0,0.0
201300025874,14,7,2013,18,1,37,261,2,1,1,5,AVENUE DE GRAMMONT,0.0,0.0
201300025875,18,1,2013,22,3,37,261,2,1,2,3,RD 37,0.0,0.0
201300025876,19,2,2013,16,1,37,261,2,1,1,6,AVENUE ANDRE MAGINOT,0.0,0.0
201300025877,22,2,2013,8,2,37,261,2,6,1,6,AVENUE ANDRE MAGINOT,0.0,0.0
201300025878,25,4,2013,16,1,37,195,2,1,1,5,BD LOUIS XI,0.0,0.0
201300025879,30,4,2013,19,1,37,261,2,6,1,7,SAINT SAUVEUR (PONT),0.0,0.0
201300025880,3,5,2013,7,1,37,261,2,2,1,3,RASPAIL (RUE),0.0,0.0
201300025881,7,5,2013,17,1,37,122,1,1,1,7,,0.0,0.0
201300025882,9,5,2013,11,1,37,261,2,6,1,3,POMPIDOU AVENUE GEORGES,0.0,0.0
201300025883,13,5,2013,14,1,37,261,2,3,1,6,CHAUDRON (RUE DU),0.0,0.0
201300025884,15,5,2013,12,1,37,233,2,1,1,3,27 RUE DE LA RABATERIE,0.0,0.0
201300025885,18,5,2013,18,1,37,261,1,1,2,6,AVENUE DE L'ALOUETTE,0.0,0.0
201300025886,20,5,2013,12,1,37,261,2,1,2,7,RUE NATIONALE,0.0,0.0
201300025887,25,5,2013,15,1,37,261,2,2,1,3,BERANGER (BOULEVARD),0.0,0.0
201300025888,25,5,2013,14,1,37,261,2,1,1,7,CONSTANTINE (RUE DE),0.0,0.0
201300025889,27,5,2013,6,1,37,208,2,6,1,3,LAC (AVENUE DU),0.0,0.0
201300025890,5,6,2013,19,1,37,261,2,1,1,6,CAMUS (RUE ALBERT),0.0,0.0
201300025891,6,6,2013,14,1,37,261,1,3,1,6,WEDELLS (RUE JEANNE),0.0,0.0
201300025892,8,6,2013,6,5,37,208,2,1,1,7,32 QUAI SADI CARNOT,0.0,0.0
201300025893,25,1,2013,10,1,37,122,2,1,1,6,133 BD JEAN JAURES,0.0,0.0
201300025894,8,6,2013,5,2,37,261,2,1,1,7,7 RUE DES TANNEURS,0.0,0.0
201300025895,11,6,2013,18,1,37,208,2,1,1,5,59 AVENUE BEAUGAILLARD,0.0,0.0
201300025896,13,6,2013,8,1,37,195,2,1,1,2,MAIRIE (RUE DE LA),0.0,0.0
201300025897,13,6,2013,10,1,37,261,2,1,2,3,14 RUE FRANCOIS HARDOUIN,0.0,0.0
201300025898,19,6,2013,7,1,37,261,2,3,1,3,TRANCHEE (AVENUE DE LA),0.0,0.0
201300025899,19,6,2013,11,1,37,122,2,1,2,4,GITONNIERE (RUE DE LA),0.0,0.0
201300025900,20,6,2013,9,1,37,233,2,2,1,3,boulevard VIALA,0.0,0.0
201300025901,23,6,2013,19,1,37,261,2,6,1,3,RUE DU PAS NOTRE-DAME,0.0,0.0
201300025902,24,6,2013,19,1,37,261,2,1,1,1,"1, PAS NOTRE-DAME (RUE D",0.0,0.0
201300025903,1,7,2013,12,1,37,261,2,1,1,3,15 RUE ED VAILLANT,0.0,0.0
201300025904,29,6,2013,16,1,37,195,2,1,1,2,rue LOUIS XI,0.0,0.0
201300025905,2,7,2013,10,1,37,195,2,1,1,3,2 PLACE  SAINTE ANNE,0.0,0.0
201300025906,5,7,2013,13,1,37,214,2,1,1,7,80 RUE DE LA LANDE,0.0,0.0
201300025907,5,7,2013,15,1,37,261,2,2,1,3,RUE MARCEL TRIBUT,0.0,0.0
201300025908,6,7,2013,18,1,37,261,2,2,1,3,RUE MARCEAU,0.0,0.0
201300025909,5,7,2013,13,1,37,261,2,6,1,5,Bd abel GANCE ST Martin,0.0,0.0
201300025910,11,7,2013,16,1,37,233,2,1,1,7,RUE DES ATELIERS,0.0,0.0
201300025911,18,7,2013,19,1,37,261,2,1,1,2,46 QUAI PAUL BERT,0.0,0.0
201300025912,17,7,2013,17,1,37,261,2,1,1,3,PLACE CHOISEUL,0.0,0.0
201300025913,20,7,2013,12,1,37,261,2,2,1,3,AVENUE DE GRAMMONT,0.0,0.0
201300025914,29,7,2013,13,1,37,208,2,1,1,6,PLACE DE RICHEMONT,0.0,0.0
201300025915,31,7,2013,7,1,37,261,2,2,1,3,RUE GIRAUDEAU,0.0,0.0
201300025916,5,8,2013,19,1,37,261,2,1,1,6,99 AVENUE DE GRAMMONT,0.0,0.0
201300025917,6,8,2013,11,1,37,261,2,1,1,3,BD RICHARD WAGNER,0.0,0.0
201300025918,4,3,2013,15,1,37,261,2,1,1,6,MONGE (AVENUE),0.0,0.0
201300025919,4,3,2013,17,1,37,233,2,2,1,6,COLOMBIER (RUE DU),0.0,0.0
201300025920,2,3,2013,13,1,37,122,2,1,1,7,RD 37,0.0,0.0
201300025921,8,3,2013,8,1,37,261,2,1,1,7,MIRABEAU (PONT),0.0,0.0
201300025922,22,3,2013,17,1,37,122,2,3,1,6,BOULEVARD DE CHINON,0.0,0.0
201300025923,23,3,2013,19,1,37,214,2,1,1,6,COUBERTIN (RUE PIERRE DE,0.0,0.0
201300025924,5,6,2013,12,1,37,261,2,1,1,3,"3, MAETERLINCK (BOULEVAR",0.0,0.0
201300025925,6,6,2013,9,1,37,261,2,1,1,6,35  RUE COLBERT,0.0,0.0
201300025926,12,6,2013,11,1,37,261,2,3,1,3,SAINT AVERTIN (ROUTE),0.0,0.0
201300025927,9,6,2013,18,1,37,214,2,6,1,7,ROND POINT MEINERZHAGEN,0.0,0.0
201300025928,15,6,2013,15,1,37,261,2,1,1,4,COMPAGNONS D'EMMAUS,0.0,0.0
201300025929,21,6,2013,13,1,37,261,2,1,1,6,"22, MARCEAU (RUE)",0.0,0.0
201300025930,21,6,2013,18,1,37,261,2,2,1,3,TOURCOING (RUE DE),0.0,0.0
201300025931,27,6,2013,14,1,37,261,2,1,1,7,quai andre MALRAUX,0.0,0.0
201300025932,3,7,2013,17,1,37,261,2,6,1,7,BOULEVARD HEURTELOUP,0.0,0.0
201300025933,5,7,2013,10,1,37,261,2,3,1,3,"8, GRAMMONT (AVENUE DE)",0.0,0.0
201300025934,9,7,2013,20,1,37,261,2,2,1,1,EUROPE (AVENUE DE L'),0.0,0.0
201300025935,9,7,2013,17,1,37,195,2,3,1,3,48 RUE DES MONTILS,0.0,0.0
201300025936,10,7,2013,16,1,37,261,2,3,1,7,RUE LOUIS BREGUET,0.0,0.0
201300025937,10,7,2013,18,1,37,261,2,7,1,3,COPERNIC (PLACE NICOLAS),0.0,0.0
201300025938,11,7,2013,8,1,37,261,2,2,1,3,GEORGET (RUE),0.0,0.0
201300025939,12,7,2013,11,1,37,261,2,1,1,3,GRAMMONT (AVENUE DE),0.0,0.0
201300025940,16,7,2013,17,1,37,261,1,6,1,7,CRFOUR FRANCAIS LIBRES,0.0,0.0
201300025941,16,7,2013,17,1,37,261,2,2,1,3,RUE DE LA GRANDIERE,0.0,0.0
201300025942,24,7,2013,7,1,37,261,2,6,1,3,AVENUE GUSTAVE EIFFEL,0.0,0.0
201300025943,27,7,2013,13,1,37,261,2,2,1,3,RUE VICTOR HUGO,0.0,0.0
201300025944,23,4,2013,17,1,37,261,2,2,1,6,MOZART (AVENUE),0.0,0.0
201300025945,28,4,2013,20,1,37,261,2,2,1,6,FOURNIER (RUE DU DOCTEUR,0.0,0.0
201300025946,12,6,2013,17,1,37,214,2,6,1,2,MURIER (RUE DU),0.0,0.0
201300025947,4,5,2013,15,1,37,261,2,1,1,6,MALRAUX (QUAI ANDRE),0.0,0.0
201300025948,3,5,2013,22,5,37,214,2,1,1,7,126 BD CHARLE DE GAULLE,0.0,0.0
201300025949,24,5,2013,10,1,37,233,2,1,1,7,BONNIN (AVENUE JEAN),0.0,0.0
201300025950,21,5,2013,8,1,37,214,2,1,1,7,RUE DE LA MAIRIE,0.0,0.0
201300025951,21,5,2013,8,1,37,233,2,1,1,6,VAILLANT COUTURIER (RUE,0.0,0.0
201300025952,6,8,2013,12,1,37,122,2,6,1,3,RUE DU COTEAU,0.0,0.0
201300025953,25,8,2013,12,1,37,261,2,1,2,7,BOULEVARD TONNELLE,0.0,0.0
201300025954,25,8,2013,12,1,37,208,2,1,1,1,2 RUE LEON BRULON,0.0,0.0
201300025955,30,8,2013,12,1,37,261,2,2,1,3,AV DU GAL DE GAULLE,0.0,0.0
201300025956,3,9,2013,16,1,37,261,2,1,1,6,2 AVENUE DE GRAMMONT,0.0,0.0
201300025957,4,9,2013,16,1,37,261,2,1,1,6,PLACE JEAN JAURES,0.0,0.0
201300025958,5,9,2013,9,1,37,261,2,3,1,3,DESMOULINS (RUE CAMILLE),0.0,0.0
201300025959,11,9,2013,8,1,37,122,2,3,1,2,ROUTE DE MONTS,0.0,0.0
201300025960,11,9,2013,11,1,37,214,2,1,1,6,QUAI DE LA LOIRE,0.0,0.0
201300025961,11,9,2013,12,1,37,261,2,2,1,3,R DE SUEDE,0.0,0.0
201300025962,27,9,2013,17,1,37,261,2,1,1,7,AV ANDRE MAGINOT,0.0,0.0
201300025963,24,9,2013,11,1,37,261,2,1,1,7,RUE DU PONT AUX OIES,0.0,0.0
201300025964,24,9,2013,7,2,37,122,1,1,1,7,ROUTE DE MONTS,0.0,0.0
201300025965,24,9,2013,8,1,37,208,2,9,1,6,QUAI SADI CARNOT,0.0,0.0
201300025966,3,10,2013,17,1,37,233,1,6,1,2,85 AV DE LA REPUBLIQUE,0.0,0.0
201300025967,9,9,2013,14,1,37,122,1,1,1,7,ROUTE DE SAVONNIERES,0.0,0.0
201300025968,24,9,2013,8,1,37,261,2,1,1,5,68 RUE HENRI ROYER,0.0,0.0
201300025969,4,10,2013,20,3,37,261,2,1,1,3,AV CAMILLE CHAUTEMPS,0.0,0.0
201300025970,4,10,2013,17,1,37,261,2,1,1,3,QUAI PAUL BERT,0.0,0.0
201300025971,9,10,2013,17,1,37,208,2,6,1,3,AVENUE DU LAC,0.0,0.0
201300025972,12,10,2013,10,1,37,208,2,1,2,7,AVENUE BEAUGAILLARD,0.0,0.0
201300025973,10,2,2013,18,5,37,261,2,6,2,6,255 RUE A CHEVALLIER,0.0,0.0
201300025974,10,10,2013,14,1,37,195,2,1,1,6,8 RUE LOUIS NIQUEUX,0.0,0.0
201300025975,15,10,2013,17,1,37,261,2,6,2,3,AVENUE GUSTAVE EIFFEL,0.0,0.0
201300025976,16,10,2013,17,1,37,261,2,1,2,1,AV DU  GENERAL NIESSEL,0.0,0.0
201300025977,17,10,2013,7,2,37,261,2,1,8,7,QUAI ANDRE MALRAUX,0.0,0.0
201300025978,18,10,2013,9,1,37,214,2,1,1,2,RUE DE PALLUAU,0.0,0.0
201300025979,18,10,2013,12,1,37,261,2,1,1,3,BOULEVARD THIERS,0.0,0.0
201300025980,23,10,2013,9,1,37,122,2,1,1,7,114 BD JEAN JAURES,0.0,0.0
201300025981,29,10,2013,10,1,37,214,2,1,1,7,RUE ROLAND ENGERAND,0.0,0.0
201300025982,1,1,2013,2,5,37,261,2,2,3,3,RUE DU GENERAL RENAULT,0.0,0.0
201300025983,19,1,2013,22,5,37,214,2,3,4,6,24  RUE DES AMANDIERS,0.0,0.0
201300025984,15,7,2013,11,1,37,261,2,2,1,3,DANIEL MAYER,0.0,0.0
201300025985,22,7,2013,10,1,37,261,2,2,1,3,AVENUE DE BOIS AUBRY,0.0,0.0
201300025986,31,7,2013,16,1,37,261,2,6,1,3,RUE DE LA VICTOIRE,0.0,0.0
201300025987,3,8,2013,9,1,37,122,1,1,1,3,AVENUE DE BORDEAUX,0.0,0.0
201300025988,6,8,2013,16,1,37,233,2,1,1,1,RUE HOCHE,0.0,0.0
201300025989,6,8,2013,20,1,37,261,2,3,1,3,41 RUE EDOUARD VAILLANT,0.0,0.0
201300025990,13,8,2013,17,1,37,233,1,3,1,3,AVENUE JACQUES DUCLOS,0.0,0.0
201300025991,13,8,2013,18,1,37,122,2,1,1,3,AVENUE DE BORDEAUX,0.0,0.0
201300025992,21,8,2013,9,1,37,261,2,1,1,1,BD DU MARECHAL JUIN,0.0,0.0
201300025993,30,8,2013,16,1,37,261,2,3,1,3,AV DU GAL DE GAULLE,0.0,0.0
201300025994,31,8,2013,16,1,37,261,2,3,1,7,AVENUE ANDRE MAGINOT,0.0,0.0
201300025995,5,9,2013,18,1,37,261,2,1,1,5,BOULEVARD JEAN ROYER,0.0,0.0
201300025996,13,9,2013,8,1,37,261,2,1,1,1,43 AVENUE DE LA TRANCHEE,0.0,0.0
201300025997,13,9,2013,12,1,37,261,2,1,1,3,114 RUE VICTOR HOGO,0.0,0.0
201300025998,18,9,2013,14,1,37,261,2,1,1,3,PIERRE MARIE CURIE,0.0,0.0