Num_Acc,jour,mois,an,hr,condition_eclairage,departement,commune,condition_agglomeration,intersection,condition_atmosphere,type_collision,adresse,lattitude,longitude
201300025999,18,9,2013,17,1,37,122,2,1,2,3,78 BD JEAN JAURES,0.0,0.0
201300026000,20,9,2013,8,1,37,261,2,3,2,3,9EME DIVISION DE CAVALER,0.0,0.0
201300026001,23,9,2013,19,1,37,233,2,1,1,1,126 AVENUE LENINE,0.0,0.0
201300026002,24,9,2013,13,1,37,261,2,2,1,3,AVENUE GUSTAVE EIFFEL,0.0,0.0
201300026003,24,9,2013,14,1,37,261,2,1,1,3,AVENUE GUSTAVE EIFFEL,0.0,0.0
201300026004,1,10,2013,6,5,37,261,2,2,1,3,133 BD HEURTELOUP,0.0,0.0
201300026005,1,10,2013,12,1,37,261,1,1,1,6,11 RUE DES HALLES,0.0,0.0
201300026006,2,10,2013,6,5,37,208,2,5,1,3,AVENUE DU LAC,0.0,0.0
201300026007,1,10,2013,9,1,37,214,2,1,1,6,23 RUE DE LA MAIRIE,0.0,0.0
201300026008,5,10,2013,16,1,37,214,2,6,1,3,RUE PIERRE DE COURBERTIN,0.0,0.0
201300026009,11,10,2013,19,5,37,261,2,1,2,3,PLACE DU ML LECLERC,0.0,0.0
201300026010,14,10,2013,9,1,37,261,2,1,2,7,RUE DE  PORTILLON,0.0,0.0
201300026011,14,10,2013,10,1,37,122,1,3,2,5,ROUTE DE MONTS,0.0,0.0
201300026012,14,10,2013,12,1,37,195,2,1,2,7,LEVEE DU CHER,0.0,0.0
201300026013,14,10,2013,6,5,37,122,2,1,1,7,RUE GUSTAVE EIFFEL,0.0,0.0
201300026014,18,10,2013,16,1,37,122,2,1,1,6,1 RUE GEORGES SAND,0.0,0.0
201300026015,25,10,2013,7,5,37,261,2,6,2,3,RUE AUGUSTE CHEVALIER,0.0,0.0
201300026016,26,10,2013,12,1,37,261,2,1,1,7,PONT WILSON,0.0,0.0
201300026017,1,2,2013,7,2,37,261,2,6,8,3,ROND POINT EMMAUS,0.0,0.0
201300026018,19,8,2013,21,2,37,214,2,1,1,6,51 RUE DE LA MESANGERIE,0.0,0.0
201300026019,25,8,2013,22,3,37,122,2,1,2,6,RD 37,0.0,0.0
201300026020,28,8,2013,22,5,37,261,2,2,1,3,PLACE JEAN JAURES,0.0,0.0
201300026021,3,9,2013,21,5,37,261,2,1,1,7,"17, PAVILLON (RUE DU)",0.0,0.0
201300026022,14,9,2013,20,5,37,261,2,6,2,7,BD. ABEL GANCE,0.0,0.0
201300026023,14,9,2013,23,3,37,122,2,1,1,6,RD 37,0.0,0.0
201300026024,15,9,2013,21,5,37,261,2,3,8,7,Avenue du Gl DE GAULLE,0.0,0.0
201300026025,18,9,2013,2,3,37,122,2,1,3,6,RD 37,0.0,0.0
201300026026,20,9,2013,23,5,37,261,2,2,1,3,RUE WALVEIN,0.0,0.0
201300026027,24,9,2013,23,5,37,261,2,1,1,7,AVENUE DE GRAMMONT,0.0,0.0
201300026028,26,9,2013,21,5,37,261,2,1,1,7,39 RUE BLAISE PASCAL,0.0,0.0
201300026029,11,8,2013,21,2,37,233,2,3,1,6,"10, MOULIN (PONT JEAN)",0.0,0.0
201300026030,6,10,2013,2,5,37,261,2,1,1,6,70  NERICAULT DESTOUCHE,0.0,0.0
201300026031,13,10,2013,1,5,37,261,2,6,5,6,BOULEVARD ABEL GANCE,0.0,0.0
201300026032,15,10,2013,4,5,37,214,2,6,2,3,BOULEVARD ANDRE VOISIN,0.0,0.0
201300026033,18,10,2013,0,5,37,261,2,1,8,7,48 RUE DE LA CHEVALERIE,0.0,0.0
201300026034,19,10,2013,4,5,37,261,2,2,1,3,31 RUE DU MAINE,0.0,0.0
201300026035,29,10,2013,20,5,37,261,2,7,1,4,PLACE CHOISEUL,0.0,0.0
201300026036,4,11,2013,23,5,37,233,2,1,1,6,AV JEAN BONNIN,0.0,0.0
201300026037,8,11,2013,22,5,37,261,2,2,1,6,BD PREUILLY/PORT BRETAGN,0.0,0.0
201300026038,16,11,2013,20,5,37,233,2,2,8,3,RUE HONORE DE BALZAC,0.0,0.0
201300026039,28,11,2013,20,5,37,261,2,1,8,3,BD WILSON CHURCHILL,0.0,0.0
201300026040,1,12,2013,2,5,37,261,2,1,1,7,PLACE CHOISEUL ARRETTRAM,0.0,0.0
201300026041,20,12,2013,1,5,37,261,2,2,2,3,BD HEURTELOUP,0.0,0.0
201300026042,6,6,2013,21,1,37,261,2,1,1,6,FRANCAIS LIBRES (CARREFO,0.0,0.0
201300026043,14,8,2013,17,1,37,122,2,3,1,3,"115,  BD JEAN JAURES",0.0,0.0
201300026044,15,8,2013,19,1,37,261,2,1,1,2,BD RICHARD WAGNER,0.0,0.0
201300026045,26,8,2013,19,1,37,122,2,1,1,3,35 BD DE CHINON,0.0,0.0
201300026046,1,9,2013,18,1,37,261,2,1,1,2,BD DU MARECHAL JUIN,0.0,0.0
201300026047,27,8,2013,17,1,37,214,2,1,1,3,RUE DES RIMONEAUX,0.0,0.0
201300026048,7,9,2013,18,1,37,261,2,2,1,6,NATIONALE (RUE),0.0,0.0
201300026049,14,9,2013,17,1,37,261,2,1,3,2,76 BD JEAN ROYER,0.0,0.0
201300026050,16,9,2013,7,2,37,261,2,1,2,7,BOULEVARD JEAN MONNET,0.0,0.0
201300026051,10,9,2013,8,1,37,195,2,6,1,2,ROUTE DE SAINT GENOUPH,0.0,0.0
201300026052,21,9,2013,6,3,37,261,2,1,5,7,ROUTE DE ROUZIERS,0.0,0.0
201300026053,20,9,2013,16,1,37,261,2,1,1,3,SAINT SAUVEUR (PONT),0.0,0.0
201300026054,25,9,2013,18,1,37,261,2,1,1,6,PONT SAINT SAUVEUR,0.0,0.0
201300026055,28,9,2013,5,5,37,261,2,3,2,3,QUAI ANDRE MALRAUX,0.0,0.0
201300026056,1,10,2013,13,1,37,214,2,3,1,3,DE GAULLE (BD CHARLES),0.0,0.0
201300026057,1,10,2013,14,1,37,261,2,1,1,3,68 RUE DE JEMMAPES,0.0,0.0
201300026058,27,9,2013,9,1,37,261,2,2,1,3,AVENUE DE L EUROPE,0.0,0.0
201300026059,1,10,2013,19,1,37,261,2,1,1,4,6 QUAI ANDRE MALRAUX,0.0,0.0
201300026060,7,10,2013,16,1,37,122,2,1,1,3,22 RUE JACQUES POIRIER,0.0,0.0
201300026061,7,10,2013,17,1,37,261,2,6,1,3,BD ABEL GANCE,0.0,0.0
201300026062,14,10,2013,17,1,37,261,2,1,1,6,PLACE DE LA VICTOIRE,0.0,0.0
201300026063,15,10,2013,7,4,37,122,2,2,3,4,VERDUN (RUE DE),0.0,0.0
201300026064,15,10,2013,8,2,37,261,2,1,3,7,41 RUE NATIONALE,0.0,0.0
201300026065,10,10,2013,7,1,37,122,2,2,1,3,CHANTEPIE (RUE DE),0.0,0.0
201300026066,16,10,2013,8,2,37,261,2,1,2,7,55 AV DU GL DE GAULLE,0.0,0.0
201300026067,16,10,2013,9,1,37,261,2,1,2,1,NIESSEL (AVENUE DU GENER,0.0,0.0
201300026068,20,10,2013,15,1,37,261,2,3,1,3,ALLEE DE CHAUMONT,0.0,0.0
201300026069,26,10,2013,12,1,37,261,2,1,1,3,AVENUE DE L EUROPE,0.0,0.0
201300026070,31,10,2013,17,2,37,195,2,1,1,3,COUVENT DES MINIMES,0.0,0.0
201300026071,1,11,2013,13,1,37,261,2,1,1,7,Av  DU GAL NIESSEL,0.0,0.0
201300026072,7,11,2013,18,5,37,261,2,1,2,2,AVENUE PROUDHON,0.0,0.0
201300026073,13,11,2013,13,1,37,261,2,2,1,2,AVENUE STENDHAL,0.0,0.0
201300026074,9,11,2013,11,1,37,122,1,1,3,4,ROUTE DE MONTS,0.0,0.0
201300026075,12,11,2013,20,4,37,122,2,3,1,2,BD BRETONNIERE/AV DU LAC,0.0,0.0
201300026076,14,2,2013,8,1,37,261,2,1,1,3,21 PLACE DE LA TRANCHEE,0.0,0.0
201300026077,24,6,2013,10,1,37,261,2,1,1,2,GRAMMONT (AVENUE DE),0.0,0.0
201300026078,28,6,2013,5,2,37,261,2,2,1,3,HEURTELOUP (BOULEVARD),0.0,0.0
201300026079,29,6,2013,15,1,37,261,2,1,1,2,AVENUE DE PONT CHER,0.0,0.0
201300026080,16,6,2013,10,1,37,261,2,6,1,7,EIFFEL (AVENUE GUSTAVE),0.0,0.0
201300026081,6,7,2013,11,1,37,261,2,1,1,6,BOULEVARD JEAN ROYER,0.0,0.0
201300026082,7,7,2013,11,1,37,261,2,1,1,2,BD DU MARECHAL JUIN,0.0,0.0
201300026083,9,7,2013,18,1,37,122,2,1,1,6,Bd JEAN ROYER,0.0,0.0
201300026084,22,7,2013,13,1,37,122,2,1,1,6,Bd DE CHINON,0.0,0.0
201300026085,26,7,2013,7,1,37,261,2,1,1,7,PONT SAINT SAUVEUR,0.0,0.0
201300026086,23,2,2013,15,1,37,261,2,2,1,3,BOULEVARD BERANGER,0.0,0.0
201300026087,13,8,2013,1,3,37,122,2,1,1,7,RD 37,0.0,0.0
201300026088,12,8,2013,11,1,37,122,2,1,1,3,RUE DES MARTYRS,0.0,0.0
201300026089,21,8,2013,12,1,37,122,2,2,1,6,BD JEAN JAURES,0.0,0.0
201300026090,25,8,2013,17,1,37,122,2,1,1,6,RU DU MARECHAL JOFFRE,0.0,0.0
201300026091,31,8,2013,16,1,37,261,2,1,1,6,Av DU GAL DE GAULLE,0.0,0.0
201300026092,4,11,2013,8,2,37,261,2,6,3,7,MAGINOT/ABEL GANCE,0.0,0.0
201300026093,4,11,2013,12,1,37,261,2,1,3,7,RUE DES HALLES/MARCEAU,0.0,0.0
201300026094,5,11,2013,10,1,37,261,2,1,1,4,223 AV DE GRAMMONT,0.0,0.0
201300026095,9,11,2013,18,5,37,233,2,1,8,7,AVENUE GEORGES POMPIDOU,0.0,0.0
201300026096,2,12,2013,18,5,37,261,2,1,1,7,"18, URSULINES ( RUE DES)",0.0,0.0
201300026097,3,12,2013,13,1,37,261,2,5,1,3,RUE HENRI MARTIN,0.0,0.0
201300026098,5,12,2013,9,1,37,261,2,1,1,2,PONT NAPOLEON,0.0,0.0
201300026099,5,12,2013,8,2,37,214,2,1,1,2,DESCENTE DE LA MEMBROLLE,0.0,0.0
201300026100,10,12,2013,8,2,37,261,2,1,2,6,PLACE JEAN JAURES,0.0,0.0
201300026101,10,12,2013,9,1,37,122,1,1,1,4,RD 37,0.0,0.0
201300026102,17,12,2013,8,2,37,233,2,1,1,3,RUE DANIELLE CASANOVA,0.0,0.0
201300026103,20,12,2013,15,1,37,261,2,1,1,7,"52 BIS,  AV DE GRAMMONT",0.0,0.0
201300026104,20,12,2013,18,5,37,261,2,1,1,7,AVENUE DE L EUROPE,0.0,0.0
201300026105,23,12,2013,11,1,37,261,2,1,8,1,12 RUE MARCEL DASSAULT,0.0,0.0
201300026106,27,12,2013,13,1,37,122,1,1,2,7,RD 37,0.0,0.0
201300026107,27,12,2013,15,1,37,122,1,1,2,7,RD 37,0.0,0.0
201300026108,27,12,2013,17,2,37,122,1,1,3,3,RD 37,0.0,0.0
201300026109,6,11,2013,11,1,37,261,2,1,1,6,27 RUE CHARLES GILLES,0.0,0.0
201300026110,10,11,2013,18,5,37,261,2,6,1,3,RUE PAS NOTRE DAME/REPUB,0.0,0.0
201300026111,12,11,2013,9,1,37,261,2,3,2,3,AV DE LA TRANCHEE/SOURCE,0.0,0.0
201300026112,12,11,2013,11,1,37,261,2,2,2,3,RUE DE LA SOURCE/COTY,0.0,0.0
201300026113,13,11,2013,8,1,37,122,2,3,1,3,RUE GUTENBERG,0.0,0.0
201300026114,22,11,2013,17,5,37,261,2,2,1,3,RUE DANIEL MAYER,0.0,0.0
201300026115,23,11,2013,19,3,37,122,1,1,1,7,RTE VIEILLE CARTE,0.0,0.0
201300026116,30,11,2013,10,1,37,261,2,1,1,1,AVENUE DE L  ALOUETTE,0.0,0.0
201300026117,4,12,2013,17,2,37,208,2,3,8,2,96 RUE DES CICOTTEES,0.0,0.0
201300026118,5,12,2013,17,4,37,261,2,3,1,1,RUE DES BORDIERS,0.0,0.0
201300026119,5,12,2013,19,5,37,208,2,3,1,3,AVENUE DU LAC,0.0,0.0
201300026120,10,12,2013,19,3,37,261,2,1,9,7,51 RUE LEON GAUMONT,0.0,0.0
201300026121,11,12,2013,17,5,37,122,2,1,1,6,RUE JOSEPH CUGNOT,0.0,0.0
201300026122,12,12,2013,8,1,37,233,2,1,1,6,116 RUE PIERRE SEMARD,0.0,0.0
201300026123,13,12,2013,11,1,37,261,2,1,1,2,BD MAL JUIN FACE SIMPLY,0.0,0.0
201300026124,16,12,2013,13,1,37,261,2,2,1,6,RUE CHOPIN/BD MAL JUIN,0.0,0.0
201300026125,16,12,2013,17,5,37,261,2,1,1,2,30 Av GUSTAVE EIFFEL,0.0,0.0
201300026126,22,12,2013,13,1,37,233,2,1,1,1,30 RUE MARCEL PAUL,0.0,0.0
201300026127,23,12,2013,18,5,37,214,2,6,1,2,BD CHARLES DE GAULLE,0.0,0.0
201300026128,28,12,2013,12,1,37,261,2,2,2,3,"60, DANIEL MAYER",0.0,0.0
201300026129,29,12,2013,13,1,37,233,1,2,1,3,AV DE LA REPUBLIQUE,0.0,0.0
201300026130,30,12,2013,11,1,37,261,2,6,1,2,COMPAGNONS D EMMAUS,0.0,0.0
201300026131,9,9,2013,18,1,37,261,2,1,1,6,RUE DU PAS NOTRE DAME,0.0,0.0
201300026132,14,9,2013,19,4,37,261,2,6,1,7,GIRATOIRE DE LA ROTONDE,0.0,0.0
201300026133,27,9,2013,17,1,37,122,1,1,1,2,BOULEVARD DE CHINON,0.0,0.0
201300026134,23,9,2013,19,1,37,261,2,1,1,6,MAIL DU PETIT PRINCE,0.0,0.0
201300026135,16,9,2013,7,2,37,233,2,1,2,7,QUAI DE LA LOIRE,0.0,0.0
201300026136,18,9,2013,19,1,37,261,2,2,1,2,BEFFROI (IMPASSE DU),0.0,0.0
201300026137,13,11,2013,16,1,37,261,2,6,1,3,SUEDE (RUE DE),0.0,0.0
201300026138,14,11,2013,11,1,37,195,1,1,1,4,PERIPHERIQUE OUEST,0.0,0.0
201300026139,19,11,2013,14,1,37,261,2,1,1,3,RUE JEMMAPES,0.0,0.0
201300026140,19,11,2013,12,1,37,261,2,3,1,3,RUE DES DOUETS,0.0,0.0
201300026141,19,11,2013,10,1,37,261,2,1,1,3,AVENUE DE  FLORENCE,0.0,0.0
201300026142,21,11,2013,8,1,37,261,2,6,1,3,GIRAT MARCEL DASSAULT,0.0,0.0
201300026143,25,11,2013,16,1,37,261,2,1,1,7,15 AVENUE DE LA TRANCHEE,0.0,0.0
201300026144,6,12,2013,15,1,37,261,2,3,1,3,RUE DE L AEROPORT,0.0,0.0
201300026145,25,11,2013,13,1,37,261,2,6,1,3,CARREFOUR EDMON ROSTAND,0.0,0.0
201300026146,13,12,2013,16,1,37,214,2,2,2,6,RUE LOUIS BLOT REPUBLIQU,0.0,0.0
201300026147,7,12,2013,20,5,37,233,2,2,1,3,49 RUE BLANQUI,0.0,0.0
201300026148,24,12,2013,18,5,37,261,2,1,3,4,MALRAUX (QUAI ANDRE),0.0,0.0
201300026149,30,12,2013,15,1,37,261,2,3,1,3,RUE JOLIVET TOUR AUVERGN,0.0,0.0
201300026150,3,10,2013,18,1,37,122,2,1,1,2,RUE DES JUMEAUX,0.0,0.0
201300026151,16,10,2013,8,2,37,122,1,2,1,6,RD 86 ROUTE DE MONTS,0.0,0.0
201300026152,26,10,2013,12,1,37,233,2,1,1,7,AVENUE DE LA REPUBLIQUE,0.0,0.0
201300026153,14,3,2013,18,1,37,261,2,1,1,7,PLACE DU GL LECLERC,0.0,0.0
201300026154,31,12,2013,20,3,37,122,2,1,1,7,RD 37,0.0,0.0
201300026155,25,12,2013,15,1,37,208,2,1,1,7,RUE JULES ROMAIN,0.0,0.0
201300026156,31,12,2013,1,5,37,261,2,1,1,7,123 AV MAGINOT,0.0,0.0
201300026157,1,1,2013,17,5,37,261,2,1,8,2,RUE DES TANNEURS,0.0,0.0
201300026158,3,1,2013,6,4,37,261,1,1,1,7,"11, PAILHOU PLACE GASTON",0.0,0.0
201300026159,11,4,2013,8,1,37,261,2,1,2,4,198 AV DE GRAMMONT,0.0,0.0
201300026160,9,4,2013,10,1,37,261,2,3,1,3,RUE BOUILLY/FOURNIER,0.0,0.0
201300026161,14,4,2013,17,1,37,122,2,1,1,6,20 RUE LAVOISIER,0.0,0.0
201300026162,9,4,2013,12,1,37,261,2,2,8,6,AV   ARSONVAL /MONGE,0.0,0.0
201300026163,25,4,2013,13,1,37,233,2,1,1,7,90 BD PAUL LANGEVIN,0.0,0.0
201300026164,30,4,2013,16,1,37,261,2,1,2,7,1BD LATTRE DE TASSIGNY,0.0,0.0
201300026165,30,4,2013,17,1,37,261,2,2,3,6,MIRABEAU /HEURTELOUP,0.0,0.0
201300026166,25,11,2013,20,3,37,195,2,1,1,6,PERIPHERIQUE OUEST,0.0,0.0
201300026167,24,5,2013,7,1,37,261,2,3,1,6,169 RUE A CHEVALLIER,0.0,0.0
201300026168,25,5,2013,10,1,37,233,2,6,8,3,4 RUE JEAN JAURES,0.0,0.0
201300026169,24,5,2013,12,1,37,233,2,1,2,2,41 RUE DU COLOMBIER,0.0,0.0
201300026170,28,5,2013,21,5,37,261,2,1,8,6,JAURES (PLACE JEAN),0.0,0.0
201300026171,9,6,2013,14,1,37,261,2,1,1,6,ILE AUCARD PONT DE FIL,0.0,0.0
201300026172,10,6,2013,13,1,37,261,2,1,1,7,RUE CROIX PASQUIER,0.0,0.0
201300026173,11,6,2013,22,2,37,261,2,1,1,2,RD 37,0.0,0.0
201300026174,18,6,2013,12,1,37,214,2,2,3,6,VOISIN BD VOISIN,0.0,0.0
201300026175,20,6,2013,21,5,37,261,2,1,2,6,"35, GRAMMONT (AVENUE DE)",0.0,0.0
201300026176,30,6,2013,3,5,37,261,2,1,1,6,ST SYMPHORIEN  pont fil,0.0,0.0
201300026177,4,6,2013,8,1,37,261,2,2,7,3,RUE DE SUEDE,0.0,0.0
201300026178,12,7,2013,13,1,37,233,2,1,1,7,QUAI DE LA LOIRE,0.0,0.0
201300026179,12,7,2013,17,1,37,122,2,2,1,3,AVENUE DE LA REPUBLIQUE,0.0,0.0
201300026180,12,7,2013,8,1,37,261,2,2,1,1,RUE GIRAUDEAU,0.0,0.0
201300026181,17,7,2013,15,1,37,233,2,1,1,2,QUAI DE LA LOIRE,0.0,0.0
201300026182,24,7,2013,14,1,37,261,2,6,1,3,Bd Abel GANCE,0.0,0.0
201300026183,8,7,2013,20,1,37,261,2,1,1,4,PLAC E JEAN JAURES,0.0,0.0
201300026184,21,8,2013,17,1,37,261,2,3,1,5,141 QU PAUL BERT,0.0,0.0
201300026185,1,9,2013,12,1,37,261,2,1,1,6,1 BIS ML DAVID D'ANGERS,0.0,0.0
201300026186,26,8,2013,21,5,37,261,2,1,2,1,"N, PAS NOTRE-DAME (RUE D",0.0,0.0
201300026187,6,9,2013,12,1,37,261,2,2,1,6,BD HEURTELOUP,0.0,0.0
201300026188,7,9,2013,10,1,37,122,2,1,1,6,32 RUE DE LA DOUZILLIERE,0.0,0.0
201300026189,3,9,2013,10,1,37,261,2,1,1,3,5 BOULEVARD HEURTELOUP,0.0,0.0
201300026190,18,9,2013,8,1,37,261,2,9,1,7,PONT SAINT SAUVEUR,0.0,0.0
201300026191,21,9,2013,17,1,37,233,2,3,1,3,RUE GAMBETTA,0.0,0.0
201300026192,23,9,2013,11,2,37,233,2,1,1,3,32 RUE PIERRE CURIE,0.0,0.0
201300026193,18,9,2013,7,2,37,261,2,2,1,3,AVENUE DE LA TRANCHEE,0.0,0.0
201300026194,18,9,2013,8,2,37,208,2,1,1,7,CORMERY (RUE DE),0.0,0.0
201300026195,4,10,2013,7,1,37,208,2,3,1,3,29 BD PAUL DO,0.0,0.0
201300026196,13,10,2013,17,1,37,233,2,2,1,3,RUE GAMBETTA,0.0,0.0
201300026197,19,10,2013,22,5,37,261,2,2,1,1,46 BD TONNELLE,0.0,0.0
201300026198,2,11,2013,19,5,37,261,2,3,3,3,238 RUE GIRAUDEAU,0.0,0.0
201300026199,21,11,2013,18,5,37,261,2,1,8,7,PONT NAPOLEON,0.0,0.0
201300026200,28,11,2013,12,1,37,261,2,1,1,6,220 AV DE GRAMMONT,0.0,0.0
201300026201,30,11,2013,23,5,37,214,2,2,1,7,RUE DE LA MENARDIERE,0.0,0.0
201300026202,4,12,2013,11,1,37,261,2,3,1,6,RUE VOLTAIRE,0.0,0.0
201300026203,9,12,2013,19,3,37,122,1,1,1,7,RD 37,0.0,0.0
201300026204,25,12,2013,13,1,37,261,2,3,1,6,STENDHAL (AVENUE),0.0,0.0
201300026205,1,1,2013,22,5,38,53,2,2,2,4,"D1006 11, ALPES",45.5849,5.27328
201300026206,5,4,2013,23,5,38,53,2,3,1,3,"144, LIBERATION",0.0,0.0
201300026207,13,4,2013,15,1,38,53,2,9,1,6,"15, BARBUSSE",0.0,0.0
201300026208,15,4,2013,11,1,38,53,2,1,1,6,"01, SAINT MICHEL (BLD)",0.0,0.0
201300026209,16,4,2013,19,1,38,53,2,1,1,3,MAISON BLANCHE (IMP DE L,0.0,0.0
201300026210,11,5,2013,19,1,38,53,2,3,1,3,DIEDERICHS,0.0,0.0
201300026211,11,5,2013,1,5,38,53,2,4,1,3,ISLE D'ABEAU (ROUTE DE),0.0,0.0
201300026212,2,5,2013,16,1,38,53,2,1,1,6,CHAMP DE MARS (PL),0.0,0.0
201300026213,14,6,2013,7,1,38,53,2,6,1,6,"20, LECLERC (AVENUE DU M",0.0,0.0
201300026214,18,6,2013,16,1,38,53,2,3,1,3,BOUSSIEU,0.0,0.0
201300026215,29,6,2013,14,1,38,53,2,1,2,1,"00, ALEXANDRE FLEMING (R",0.0,0.0
201300026216,26,6,2013,16,1,38,53,2,1,1,3,"0, ETISSEY",0.0,0.0
201300026217,7,9,2013,19,1,38,53,2,1,3,7,D 1006,0.0,0.0
201300026218,26,9,2013,16,1,38,53,2,3,1,3,ASIMOV (ISAAC),0.0,0.0
201300026219,4,10,2013,18,1,38,53,2,3,3,3,ALPES,0.0,0.0
201300026220,19,12,2013,16,2,38,53,1,1,3,6,"72, PONTCOTTIER",0.0,0.0
201300026221,20,12,2013,19,5,38,53,2,1,1,2,DIEDERICHS,0.0,0.0
201300026222,14,12,2013,8,1,38,53,2,1,8,2,"49, PRE POMMIER (BLD DE)",0.0,0.0
201300026223,12,12,2013,14,1,38,53,2,1,1,6,"0, ISLE D'ABEAU (ROUTE D",0.0,0.0
201300026224,21,11,2013,15,1,38,53,2,3,2,6,"10, GAMBETTA (AVE)",0.0,0.0
201300026225,2,1,2013,18,5,38,421,2,1,1,6,"101, AV BENOIT FRACHON",45.1783,5.75587
201300026226,8,1,2013,15,1,38,185,2,2,1,6,"0, BD AGUTTE SEMBAT",45.1874,5.72719
201300026227,9,1,2013,11,1,38,185,2,2,1,6,9 R DE LA LIBERTE,45.1884,5.72918
201300026228,9,1,2013,23,5,38,423,2,1,1,6,145 RTE DE CLEMENCIERE,45.2008,5.72015
201300026229,10,1,2013,19,5,38,185,2,2,2,6,0 R ABBE GREGOIRE,45.1858,5.71217
201300026230,11,1,2013,13,1,38,169,2,3,2,6,"0, AVENUE DU VERCORS",45.1925,5.69473
201300026231,14,1,2013,13,1,38,421,2,3,1,6,"68, RUE DE MALFANGEAT",45.1681,5.76236
201300026232,24,1,2013,14,1,38,185,2,1,1,6,15 R DR BORDIER,45.1761,5.72975
201300026233,31,1,2013,9,1,38,185,2,2,1,3,"0, AVENUE JEANNE D'ARC",45.1817,5.74484
201300026234,1,2,2013,17,1,38,151,2,4,2,6,"0, RUE GEO CHARLES",45.1498,5.69793
201300026235,6,2,2013,20,5,38,185,2,2,4,6,"0, AV ALBERT 1ER DE BELG",45.1822,5.73434
201300026236,8,2,2013,12,1,38,185,2,1,1,3,R EMILE ROMANET,45.1751,5.74332
201300026237,16,2,2013,17,1,38,516,2,3,1,6,AV DU GRAND SABLON,45.1975,5.74894
201300026238,19,2,2013,19,1,38,185,2,2,1,6,"0, RUE HEBERT",45.1901,5.73499
201300026239,21,2,2013,0,5,38,185,2,1,1,6,20 BD MARECHAL FOCH,45.1815,5.72506
201300026240,21,2,2013,8,1,38,421,2,2,1,3,"0, AV GABRIEL PERI",45.1844,5.76821
201300026241,27,2,2013,15,1,38,151,2,2,1,3,"0, COURS JEAN JAURES",45.146,5.70486
201300026242,28,2,2013,10,1,38,185,2,1,1,6,"0, AV MARECHAL RANDON",45.1998,5.73998
201300026243,2,3,2013,6,3,38,423,1,1,1,2,99 VOIE NON IDENTIFIEE,0.0,0.0
201300026244,3,3,2013,13,1,38,421,2,1,1,2,"0, RUE DE LA CHIMIE",0.0,0.0
201300026245,6,3,2013,19,1,38,185,2,2,1,3,"0, PONT DE LA PORTE DE F",0.0,0.0
201300026246,9,3,2013,1,5,38,185,2,3,1,3,"0, PLACE DE VERDUN",0.0,0.0
201300026247,9,3,2013,19,3,38,516,2,1,1,6,"0, 99 VOIE NON IDENTIFIE",0.0,0.0
201300026248,13,3,2013,10,1,38,151,2,1,1,6,"0, AVENUE COLONEL MANH?S",45.146,5.7044
201300026249,15,3,2013,17,1,38,185,2,1,1,6,"0, ROUTE DE LYON",0.0,0.0
201300026250,21,3,2013,9,1,38,185,2,1,1,6,"14, AVENUE ALBERT 1ER DE",0.0,0.0
201300026251,22,3,2013,6,5,38,185,2,9,1,6,"31, AVENUE MARCELIN BERT",0.0,0.0
201300026252,23,3,2013,19,5,38,185,2,1,1,6,"15, AVENUE RHIN ET DANUB",0.0,0.0
201300026253,26,3,2013,8,1,38,185,2,1,8,6,RUE F?LIX ESCLANGON,0.0,0.0
201300026254,29,3,2013,19,5,38,421,2,9,8,6,AVENUE BENO?T FRACHON,0.0,0.0
201300026255,1,4,2013,14,1,38,516,1,2,1,3,99 VOIE NON IDENTIFIEE,0.0,0.0
201300026256,4,4,2013,14,1,38,185,2,1,1,3,"80, RUE LUCIEN ANDRIEUX",0.0,0.0
201300026257,9,4,2013,11,1,38,185,2,1,1,6,"76, RUE DE STALINGRAD",0.0,0.0
201300026258,19,4,2013,15,1,38,185,2,9,2,6,RUE F?LIX ESCLANGON,0.0,0.0
201300026259,21,4,2013,20,2,38,179,1,9,1,7,RUE DU MOIRON,0.0,0.0
201300026260,22,4,2013,10,1,38,151,2,9,1,6,AVENUE DES F.T.P.F.,0.0,0.0
201300026261,30,4,2013,13,1,38,421,2,1,1,6,RUE TRISTAN BERNARD,0.0,0.0
201300026262,30,4,2013,14,1,38,169,2,1,1,6,"109, AVENUE ARISTIDE BRI",0.0,0.0
201300026263,3,5,2013,17,1,38,421,2,1,1,3,"0, RUE DES GLAIRONS",0.0,0.0
201300026264,4,5,2013,12,1,38,185,2,3,1,1,RUE L?ON JOUHAUX,0.0,0.0
201300026265,6,5,2013,9,1,38,151,2,1,1,3,COURS JEAN JAUR?S,0.0,0.0
201300026266,7,5,2013,14,1,38,169,2,1,1,3,AVENUE ARISTIDE BRIAND,0.0,0.0
201300026267,13,5,2013,10,1,38,421,2,2,1,3,BOULEVARD DULCIE SEPTEMB,0.0,0.0
201300026268,19,5,2013,18,1,38,169,2,1,1,4,"3, AVENUE DU VERCORS",0.0,0.0
201300026269,21,5,2013,22,5,38,185,2,2,1,3,"0, RUE DES EAUX CLAIRES",0.0,0.0
201300026270,22,5,2013,18,1,38,179,2,1,1,1,"0, RUE DES SPORTS",0.0,0.0
201300026271,25,5,2013,9,1,38,185,2,2,2,6,"0, BOULEVARD ?DOUARD REY",0.0,0.0
201300026272,25,5,2013,17,1,38,185,2,1,2,6,"4, RUE CONDORCET",0.0,0.0
201300026273,26,5,2013,18,1,38,185,2,1,1,2,"24, QUAI XAVIER JOUVIN",0.0,0.0
201300026274,27,5,2013,15,1,38,185,2,2,1,5,RUE DES ALLI?S,0.0,0.0
201300026275,30,5,2013,16,1,38,185,2,1,1,6,"40, RUE DOCTEUR CALMETTE",0.0,0.0
201300026276,30,5,2013,17,1,38,185,2,1,1,2,AVENUE PAUL VERLAINE,0.0,0.0
201300026277,4,6,2013,12,1,38,185,2,3,1,6,"110, AVENUE JEAN PERROT",0.0,0.0
201300026278,8,6,2013,11,1,38,421,2,1,1,3,"0, BOULEVARD DULCIE SEPT",0.0,0.0
201300026279,11,6,2013,7,1,38,151,2,1,1,3,"0, AVENUE AUGUSTE FERRIE",0.0,0.0