Num_Acc,jour,mois,an,hr,condition_eclairage,departement,commune,condition_agglomeration,intersection,condition_atmosphere,type_collision,adresse,lattitude,longitude
201300026280,15,6,2013,23,5,38,185,2,1,1,6,"., PLACE GUSTAVE RIVET",0.0,0.0
201300026281,16,6,2013,20,1,38,185,2,1,1,1,"16, RUE DES D?PORT?S DU",0.0,0.0
201300026282,16,6,2013,22,5,38,185,2,1,1,6,"0, COURS JEAN JAUR?S",0.0,0.0
201300026283,18,6,2013,9,1,38,185,2,1,1,5,"0, AVENUE LA BRUY?RE",0.0,0.0
201300026284,18,6,2013,9,1,38,185,2,2,1,1,R GEN FERRIE/BD FOCH,45.1805,5.72325
201300026285,18,6,2013,16,1,38,185,2,2,1,3,AV M REYNOARD/BRUYERE,45.1666,5.72845
201300026286,22,6,2013,15,1,38,151,2,1,1,4,AVENUE DES ?TATS G?N?RAU,0.0,0.0
201300026287,24,6,2013,9,1,38,382,1,1,2,6,A48 PK 0092+0126,45.2276,5.6677
201300026288,27,6,2013,16,1,38,423,2,1,1,6,"1, RUE CONRAD KILLIAN",0.0,0.0
201300026289,30,6,2013,20,1,38,179,1,1,1,1,AV D'URIAGE,45.1645,5.80498
201300026290,1,7,2013,12,1,38,185,2,1,1,6,"59, RUE DU DRAC",0.0,0.0
201300026291,2,7,2013,7,1,38,185,2,3,1,3,"., RUE LESDIGUI?RES",0.0,0.0
201300026292,3,7,2013,15,1,38,185,2,2,1,2,"0, PLACE BIR HAKEIM",0.0,0.0
201300026293,5,7,2013,14,1,38,185,2,3,1,3,"6, AVENUE DE VALMY",0.0,0.0
201300026294,8,7,2013,12,1,38,185,2,1,1,6,"37, RUE NICOLAS CHORIER",0.0,0.0
201300026295,8,7,2013,23,4,38,151,2,1,1,7,"0, RUE G?O CHARLES",0.0,0.0
201300026296,9,7,2013,18,1,38,185,2,1,1,6,"0, AVENUE RHIN ET DANUBE",0.0,0.0
201300026297,21,7,2013,11,1,38,423,1,2,1,3,"10, ROUTE DE CL?MENCI?RE",0.0,0.0
201300026298,26,7,2013,8,1,38,185,2,1,1,3,", RUE PIERRE S?MARD",0.0,0.0
201300026299,26,7,2013,17,1,38,185,2,1,1,6,"21, RUE DU MAN?GE",0.0,0.0
201300026300,26,7,2013,22,5,38,185,2,1,1,1,"133, RUE DES ALLI?S",0.0,0.0
201300026301,6,8,2013,23,5,38,185,2,1,1,2,"13, BOULEVARD MAR?CHAL F",0.0,0.0
201300026302,20,8,2013,0,5,38,185,2,2,1,3,COURS BERRIAT,0.0,0.0
201300026303,20,8,2013,8,1,38,185,2,1,1,6,"0, RUE LESDIGUI?RES",0.0,0.0
201300026304,23,8,2013,19,1,38,185,2,1,1,6,AVENUE MALHERBE,0.0,0.0
201300026305,25,8,2013,3,3,38,185,1,1,8,2,99 VOIE NON IDENTIFIEE,0.0,0.0
201300026306,28,8,2013,11,1,38,185,2,1,1,3,"0, AVENUE MARCELIN BERTH",0.0,0.0
201300026307,28,8,2013,17,1,38,185,2,1,1,3,"0, BOULEVARD JEAN PAIN",0.0,0.0
201300026308,28,8,2013,19,1,38,185,2,1,1,6,"39, BOULEVARD CLEMENCEAU",0.0,0.0
201300026309,30,8,2013,12,1,38,185,2,1,1,3,"117, RUE DE STALINGRAD",0.0,0.0
201300026310,2,9,2013,14,1,38,169,2,1,1,6,"15, RUE BAPTISTE MARCET",0.0,0.0
201300026311,2,9,2013,13,1,38,185,2,1,1,3,"61, RUE F?LIX ESCLANGON",0.0,0.0
201300026312,2,9,2013,16,1,38,151,2,1,1,1,"3, RUE GABRIEL DIDIER",0.0,0.0
201300026313,3,9,2013,18,1,38,169,2,2,1,3,QUAI DU DRAC,0.0,0.0
201300026314,6,9,2013,20,5,38,151,2,1,1,6,AVENUE DE GRUGLIASCO,0.0,0.0
201300026315,8,9,2013,15,1,38,185,2,1,3,6,RUE JOSEPH REY,0.0,0.0
201300026316,10,9,2013,18,1,38,185,1,1,1,2,99 VOIE NON IDENTIFIEE,0.0,0.0
201300026317,15,9,2013,17,1,38,185,1,1,1,4,99 VOIE NON IDENTIFIEE,0.0,0.0
201300026318,17,9,2013,12,1,38,185,2,2,8,1,"34bis, RUE DIDEROT",0.0,0.0
201300026319,21,9,2013,12,1,38,185,2,1,1,2,"53, BOULEVARD MAR?CHAL F",0.0,0.0
201300026320,21,9,2013,16,1,38,421,2,3,1,3,"00, RUE DU BOURGAMON",0.0,0.0
201300026321,22,9,2013,13,1,38,185,1,1,1,5,1090,0.0,0.0
201300026322,22,9,2013,19,1,38,423,1,1,1,1,"00, RUE DE BROTTERODE",0.0,0.0
201300026323,22,9,2013,20,4,38,185,2,1,1,1,"0, COURS DE LA LIB?RATIO",0.0,0.0
201300026324,23,9,2013,18,1,38,423,2,1,1,6,"3117, RUE DU PETIT LAC",0.0,0.0
201300026325,24,9,2013,17,1,38,185,2,1,1,6,"0, PLACE VAUCANSON",0.0,0.0
201300026326,26,9,2013,8,1,38,151,2,1,1,2,ROCADE SUD,0.0,0.0
201300026327,28,9,2013,21,4,38,169,2,1,1,3,PONT DU VERCORS,0.0,0.0
201300026328,1,10,2013,9,1,38,169,2,2,1,3,RUE GEORGE SAND,0.0,0.0
201300026329,2,10,2013,8,1,38,185,2,1,1,6,BOULEVARD MAR?CHAL FOCH,0.0,0.0
201300026330,2,10,2013,18,1,38,185,2,1,1,1,CHEMIN DE LA POTERNE,0.0,0.0
201300026331,4,10,2013,13,1,38,185,2,1,1,6,"35 bis, AVENUE RHIN ET D",0.0,0.0
201300026332,5,10,2013,0,4,38,151,2,1,2,6,"., AVENUE DU 8 MAI 1945",0.0,0.0
201300026333,9,10,2013,17,1,38,185,2,9,1,6,RUE ALBERT REYNIER,0.0,0.0
201300026334,12,10,2013,1,5,38,185,2,1,1,6,"9, AVENUE JEANNE D'ARC",0.0,0.0
201300026335,12,10,2013,19,5,38,151,2,2,1,3,RUE DE LA PAIX,0.0,0.0
201300026336,14,10,2013,12,1,38,151,1,1,2,4,99 VOIE NON IDENTIFIEE,0.0,0.0
201300026337,15,10,2013,14,1,38,185,2,9,1,6,"4, QUAI DE FRANCE",0.0,0.0
201300026338,16,10,2013,9,1,38,185,2,2,1,3,"00, QUAI CREQUI",0.0,0.0
201300026339,17,10,2013,17,1,38,151,2,2,1,3,COURS JEAN JAUR?S,0.0,0.0
201300026340,19,10,2013,11,1,38,169,2,9,1,6,RUE CHARLES MICHELS,0.0,0.0
201300026341,21,10,2013,15,1,38,151,2,2,1,6,"00, COURS JEAN JAUR?S",0.0,0.0
201300026342,21,10,2013,18,5,38,185,2,1,1,6,"10, RUE PIERRE S?MARD",0.0,0.0
201300026343,25,10,2013,20,5,38,185,2,1,1,6,BOULEVARD AGUTTE SEMBAT,0.0,0.0
201300026344,28,10,2013,12,1,38,185,2,1,1,6,"00, COURS DE LA LIB?RATI",0.0,0.0
201300026345,29,10,2013,0,5,38,185,2,1,2,6,"0, PLACE DE LA GARE",0.0,0.0
201300026346,29,10,2013,15,1,38,151,2,1,8,6,ROCADE SUD,0.0,0.0
201300026347,31,10,2013,17,2,38,185,2,1,1,6,"0, RUE BUFFON",0.0,0.0
201300026348,1,11,2013,13,1,38,185,2,1,1,7,"00, 99 VOIE NON IDENTIFI",45.1763,5.70215
201300026349,8,11,2013,18,5,38,169,2,2,2,3,"0, RUE YVES FARGES",0.0,0.0
201300026350,11,11,2013,16,1,38,151,2,1,1,6,"12, ALL?E DU G?TINAIS",0.0,0.0
201300026351,14,11,2013,18,5,38,516,2,9,1,6,AVENUE DES MAQUIS DU GR?,0.0,0.0
201300026352,15,11,2013,7,1,38,185,2,1,2,6,"55, RUE L?ON JOUHAUX",0.0,0.0
201300026353,15,11,2013,16,1,38,185,2,2,1,3,RUE L?ON JOUHAUX,0.0,0.0
201300026354,16,11,2013,19,5,38,421,2,1,1,6,AVENUE GABRIEL P?RI,0.0,0.0
201300026355,16,11,2013,23,5,38,185,2,2,1,6,QUAI ST?PHANE JAY,0.0,0.0
201300026356,20,11,2013,13,1,38,421,2,1,2,6,"41, RUE DU PR? RUFFIER",0.0,0.0
201300026357,22,11,2013,19,5,38,185,2,9,1,6,AVENUE PAUL COCAT,0.0,0.0
201300026358,23,11,2013,12,1,38,185,2,1,2,2,"28, RUE ALBERT REYNIER",0.0,0.0
201300026359,28,11,2013,17,5,38,516,2,2,1,3,"00, AVENUE DES MAQUIS DU",0.0,0.0
201300026360,28,11,2013,20,5,38,185,2,3,1,6,RUE LESDIGUI?RES,0.0,0.0
201300026361,3,12,2013,0,3,38,151,1,1,1,6,6,0.0,0.0
201300026362,3,12,2013,7,1,38,421,1,1,1,1,"00, AVENUE DU DOYEN LOUI",0.0,0.0
201300026363,4,12,2013,18,5,38,169,2,1,1,6,AVENUE DU VERCORS,0.0,0.0
201300026364,6,12,2013,6,3,38,169,1,1,1,6,"0, 99 VOIE NON IDENTIFIE",0.0,0.0
201300026365,10,12,2013,18,5,38,185,2,1,1,6,"0, RUE DES ALLI?S",0.0,0.0
201300026366,10,12,2013,18,5,38,185,2,1,1,6,"4, BOULEVARD JOSEPH VALL",0.0,0.0
201300026367,11,12,2013,15,1,38,185,2,1,1,6,"0, AVENUE MARIE REYNOARD",0.0,0.0
201300026368,13,12,2013,0,5,38,185,2,1,1,6,"0, COURS DE LA LIB?RATIO",0.0,0.0
201300026369,13,12,2013,17,5,38,229,1,1,1,5,99 VOIE NON IDENTIFIEE,0.0,0.0
201300026370,14,12,2013,21,5,38,185,1,1,1,6,99 VOIE NON IDENTIFIEE,0.0,0.0
201300026371,17,12,2013,13,1,38,185,2,1,1,6,"0, AVENUE DES ?TATS G?N?",0.0,0.0
201300026372,20,12,2013,10,1,38,185,2,1,2,6,"5, RUE CHARLES LORY",0.0,0.0
201300026373,20,12,2013,13,1,38,185,2,1,1,6,AVENUE MARCELIN BERTHELO,0.0,0.0
201300026374,28,1,2013,17,5,38,544,2,3,1,6,R F BONNIER/PL D'ARPOT,45.535,4.87456
201300026375,10,3,2013,17,1,38,544,2,1,1,3,"25, PASTEUR(QUAI)",0.0,0.0
201300026376,7,5,2013,23,3,38,544,1,1,1,7,CD 41,0.0,0.0
201300026377,14,5,2013,17,1,38,544,2,1,1,6,"112, ASIATICUS(BD)",0.0,0.0
201300026378,15,5,2013,10,1,38,318,2,1,2,6,"00, JOSEPH GRENOUILLET(R",0.0,0.0
201300026379,18,6,2013,16,1,38,318,2,1,1,6,JOSEPH VEYET(RUE),0.0,0.0
201300026380,21,7,2013,1,3,38,544,1,1,1,6,CD 4,0.0,0.0
201300026381,11,12,2013,19,5,38,544,2,1,1,3,"23, GENERAL LECLERC(AV)",0.0,0.0
201300026382,11,1,2013,12,1,38,563,2,1,2,1,"0, VALOIS (AVENUE DU DR)",45.3581,5.59219
201300026383,13,3,2013,11,1,38,563,2,1,1,7,"98, BECQUART-CASTELBON (",0.0,0.0
201300026384,25,4,2013,12,1,38,563,2,6,1,3,"0, rocade ouest",0.0,0.0
201300026385,15,7,2013,2,5,38,563,2,1,1,6,"77, PATINIERE (AVENUE DE",0.0,0.0
201300026386,24,11,2013,18,5,38,563,2,6,2,1,"1, PAVIOT (AVENUE DE)",0.0,0.0
201300026387,26,12,2013,19,5,38,563,2,9,2,2,"119, VALOIS (AVENUE DU D",0.0,0.0
201300026388,28,1,2013,0,5,39,198,2,1,2,6,", JOUHAUX (AVENUE LEON)",0.0,0.0
201300026389,26,4,2013,19,1,39,198,2,1,2,6,"0, GREVY (PLACE JULES)",0.0,0.0
201300026390,19,5,2013,20,1,39,198,2,1,1,6,JOUHAUX (AVENUE LEON) N?,0.0,0.0
201300026391,4,6,2013,15,1,39,198,2,1,1,3,"30, WILSON (BOULEVARD DU",0.0,0.0
201300026392,11,8,2013,20,1,39,198,2,1,1,6,"3, NERUDA (RUE PABLO)",0.0,0.0
201300026393,1,9,2013,19,1,39,198,2,3,1,3,"0, DUHAMEL (AVENUE JACQU",0.0,0.0
201300026394,14,9,2013,23,5,39,198,2,1,3,7,"0, JOUHAUX (AVENUE LEON)",0.0,0.0
201300026395,12,9,2013,21,3,39,198,1,1,1,3,"0, RD905  ( DE PONT  FOU",0.0,0.0
201300026396,5,11,2013,17,5,39,198,2,3,2,7,"33, ROUTE NATIONALE",0.0,0.0
201300026397,9,11,2013,15,1,39,150,1,1,1,6,"0, RD 973",0.0,0.0
201300026398,6,2,2013,17,5,39,300,2,1,2,6,"110, REGARD (RUE) N? PAI",0.0,0.0
201300026399,4,3,2013,12,1,39,362,1,9,1,3,ROCHER (LE),0.0,0.0
201300026400,22,3,2013,13,1,39,300,2,1,1,2,"10, PROST (AVENUE CAMILL",0.0,0.0
201300026401,10,6,2013,11,1,39,300,2,1,1,6,"40, JUIN (PLACE DU MAREC",0.0,0.0
201300026402,15,6,2013,17,1,39,362,2,1,1,6,"0, VALLIERE (ZAC DE)",0.0,0.0
201300026403,1,8,2013,18,1,39,300,2,9,1,3,"0, LIBERATION (CARREFOUR",0.0,0.0
201300026404,3,8,2013,9,1,39,411,1,1,1,7,"0, CHAMPAGNOLE (ROUTE DE",0.0,0.0
201300026405,28,9,2013,21,5,39,300,2,1,1,6,"20, LORAIN (RUE VICTOR)",0.0,0.0
201300026406,16,10,2013,13,1,39,300,2,1,1,6,"0, MAHON (RUE DU COLONEL",0.0,0.0
201300026407,1,11,2013,5,5,39,362,1,1,1,2,"0, FAURE (AVENUE EDGAR)",0.0,0.0
201300026408,6,11,2013,15,1,39,300,2,3,1,3,"121, TROUILLOT (RUE GEOR",0.0,0.0
201300026409,8,11,2013,17,2,39,362,1,1,2,6,"0, COULONGES (LES)",0.0,0.0
201300026410,27,3,2013,10,1,40,88,2,1,1,6,"0, VERDUN (COURS DE)",43.71092,-1.05461
201300026411,31,3,2013,6,3,40,279,1,1,2,6,MINIERES (ROUTE DES) CD,43.71471,-1.07277
201300026412,21,4,2013,6,2,40,88,1,1,1,6,44 route de peyrehorade,43.68145,-1.04274
201300026413,7,5,2013,15,1,40,88,2,3,1,3,"179, SAINT-VINCENT DE PA",43.72056,-1.05231
201300026414,19,5,2013,21,5,40,88,2,1,1,6,OUDOT (RUE ROLAND),43.71431,-1.04388
201300026415,3,6,2013,8,1,40,279,2,1,1,3,1049 av marechal foch,43.73292,-1.04959
201300026416,26,6,2013,16,1,40,279,2,1,1,6,13 av de la liberté,43.72286,-1.05153
201300026417,9,7,2013,10,1,40,279,2,6,1,2,avenue de la RESISTANCE,43.72566,-1.06898
201300026418,18,7,2013,14,1,40,88,2,3,1,3,,43.70534,-1.03871
201300026419,31,7,2013,22,3,40,88,2,8,1,3,rue pascal lafitte PN24,43.69384,-1.02952
201300026420,1,8,2013,7,1,40,279,2,1,1,6,1 bd st-vincent-de-paul,43.7239,-1.05113
201300026421,3,8,2013,10,1,40,88,2,1,1,6,PARCELLE (ROUTE DE LA),0.0,0.0
201300026422,1,9,2013,20,1,40,88,2,2,1,3,"116, TERCIS (ROUTE DE)",43.69417,-1.06946
201300026423,3,9,2013,12,1,40,88,2,1,1,3,,43.6928,-1.0547
201300026424,6,9,2013,14,1,40,88,2,3,1,5,,43.71329,-1.05976
201300026425,9,9,2013,7,5,40,88,2,1,2,6,,43.70899,-1.04946
201300026426,2,10,2013,14,1,40,279,2,1,1,2,LIBERTE (AVE DE LA),43.72225,-1.05174
201300026427,7,10,2013,10,1,40,88,2,1,1,6,EPARGNE (RUE DE L'),43.70735,-1.04032
201300026428,22,11,2013,18,5,40,88,1,3,1,5,PEYREHORADE (ROUTE DE),43.68637,-1.04428
201300026429,22,11,2013,18,5,40,88,2,1,1,6,"56, HUGO (AVENUE VICTOR)",43.70484,-1.05256
201300026430,28,11,2013,17,5,40,88,2,3,1,3,"2, CHANZY (RUE)",43.70979,-1.05752
201300026431,9,12,2013,20,4,40,88,2,1,1,1,"12, TORTE (ROUTE DE LA)",43.69448,-1.04781
201300026432,22,1,2013,11,1,40,192,2,3,1,6,VICE-AMIRAL GEORGES GAYR,43.88822,-0.50867
201300026433,6,2,2013,14,1,40,281,1,1,1,3,",, KENNEDY (AV DU PDT. J",43.8557,-0.48177
201300026434,1,3,2013,11,1,40,192,2,1,1,6,JUIN (V DU MARECHAL),43.90186,-0.47931
201300026435,30,4,2013,8,1,40,281,1,1,8,5,"0, ROCADE SUD RD 824",43.86639,-0.50857
201300026436,13,5,2013,10,1,40,192,2,1,1,4,KENNEDY (AV DU PRESIDENT,43.86282,-0.48589
201300026437,3,7,2013,16,1,40,192,2,1,2,6,BASTIAT (RUE FREDERIC),43.89034,-0.51244
201300026438,4,7,2013,11,1,40,281,2,3,1,3,"0, SABDE (AV GEORGES)",43.87998,-0.51748
201300026439,9,7,2013,18,1,40,192,2,3,1,5,"0, CREUX (BD DU CHEMIN)",43.88352,-0.48118
201300026440,7,8,2013,9,1,40,281,1,1,1,3,ROCADE SUD (RN 124 E),43.88201,-0.52733
201300026441,27,8,2013,8,1,40,192,2,1,1,1,KENNEDY (AV DU PRESIDENT,43.87168,-0.4907
201300026442,28,8,2013,11,1,40,192,2,3,1,3,CARNOT (BD DE LA BRIGADE,43.88483,-0.51381
201300026443,9,9,2013,16,1,40,281,2,6,1,3,"0, KENNEDY (AV DU PDT. J",43.86702,-0.48855
201300026444,16,9,2013,9,1,40,281,1,1,1,5,ROCADE OUEST (RN 124),43.86621,-0.50574
201300026445,16,9,2013,8,2,40,192,2,1,1,4,HOUGA (AV DU),43.87522,-0.47015
201300026446,21,10,2013,23,3,40,192,1,1,1,3,ROCADE EST (RD 932 E),43.91147,-0.44996
201300026447,29,11,2013,16,1,40,192,2,1,1,6,"1534, VILLENEUVE (AV DE)",43.88904,-0.46336
201300026448,10,12,2013,11,1,40,192,2,3,1,3,GROUILLE (RUE DU DOCT,43.90062,-0.48678
201300026449,16,12,2013,7,2,40,192,2,7,1,6,"00, TASSINE 'RUE FERNAND",43.88675,-0.50211
201300026450,2,1,2013,15,1,41,18,2,1,1,6,PONT DU GAST (RUE DU),0.0,0.0
201300026451,3,1,2013,17,5,41,18,2,1,2,6,D174,47.5936,1.35447
201300026452,4,1,2013,9,1,41,18,2,1,1,7,DUGAY-TROUIN (RUE)  NO I,0.0,0.0
201300026453,14,1,2013,2,4,41,47,2,1,1,6,RD 2152,47.6136,1.36169
201300026454,14,1,2013,7,5,41,18,2,1,1,1,VERDUN (AVENUE DE),47.5894,1.34124
201300026455,16,1,2013,12,1,41,18,2,1,1,2,"42, SAINT-JEAN (QUAI)",47.5898,1.34191
201300026456,26,1,2013,22,5,41,18,2,2,1,3,BUTTE (AVENUE DE LA),47.583,1.32087
201300026457,1,2,2013,15,1,41,18,2,1,2,3,GARENNE (RUE DE LA),0.0,0.0
201300026458,4,2,2013,13,1,41,18,2,3,1,3,MARE (RUE DE LA),0.0,0.0
201300026459,13,2,2013,19,5,41,18,2,2,1,1,BESNARD (QUAI ULYSSE),47.578,1.32101
201300026460,19,2,2013,15,1,41,47,2,1,1,2,CHAMPLOUET (RUE DE),0.0,0.0
201300026461,25,2,2013,7,1,41,18,2,1,4,1,BONCOUR (BOULEVARD JOSEP,0.0,0.0
201300026462,27,2,2013,17,1,41,18,2,1,1,7,SCHUMAN AV R,0.0,0.0
201300026463,22,3,2013,16,1,41,212,2,2,1,1,NATIONALE (ROUTE),47.5649,1.36768
201300026464,27,3,2013,12,1,41,18,2,1,1,6,CAMUS (RUE ALBERT),0.0,0.0
201300026465,7,4,2013,11,1,41,212,2,6,1,3,PATTE D'OIE (ROND POINT),47.5615,1.37295
201300026466,11,4,2013,12,1,41,18,2,2,1,3,LATHAM (RUE),0.0,0.0
201300026467,25,5,2013,18,1,41,18,2,1,1,7,GALLOIS (RUE),0.0,0.0
201300026468,24,5,2013,17,1,41,212,1,1,3,2,D 956,47.56,1.37326
201300026469,14,6,2013,18,1,41,18,2,6,1,5,RESISTANCE (PLACE DE LA),0.0,0.0
201300026470,20,6,2013,16,1,41,18,2,3,1,3,FRANCE (AVENUE DE)  1,0.0,0.0
201300026471,22,6,2013,1,3,41,212,2,1,2,7,CHATEAU RUE DU),0.0,0.0
201300026472,26,6,2013,18,1,41,47,2,1,1,3,RD 2152,47.6157,1.36419
201300026473,28,6,2013,18,1,41,47,2,1,2,6,RD 2152,47.6048,1.35158
201300026474,3,7,2013,5,3,41,18,2,1,2,6,GAMBETTA (AVENUE),0.0,0.0
201300026475,5,7,2013,16,1,41,18,2,3,1,3,LEWES (RUE DE),0.0,0.0
201300026476,7,8,2013,21,3,41,18,1,1,2,2,D174,47.5936,1.35447
201300026477,12,8,2013,13,1,41,18,2,1,1,3,MAUNOURY (AVENUE DU MARE,0.0,0.0
201300026478,29,8,2013,13,1,41,18,2,1,1,7,,0.0,0.0
201300026479,30,8,2013,11,1,41,47,1,1,1,7,LOIRE (LEVEE DE LA),0.0,0.0
201300026480,25,9,2013,17,1,41,18,2,1,1,2,VENDOME (AVENUE DE),0.0,0.0
201300026481,25,9,2013,17,5,41,18,2,1,1,2,BOURG NEUF (RUE DU),0.0,0.0
201300026482,27,9,2013,11,1,41,295,2,1,1,7,CHAMBORD (ROUTE DE),0.0,0.0
201300026483,3,10,2013,15,1,41,212,1,6,1,2,RD 765 - RD 174,47.5615,1.37295
201300026484,13,10,2013,3,3,41,18,1,1,1,7,D174,47.5969,1.35046
201300026485,16,10,2013,17,1,41,18,2,2,3,7,PAPILLONS (RUE DES),0.0,0.0
201300026486,31,10,2013,13,1,41,47,2,1,1,3,R NATOINALE,47.608,1.3552
201300026487,5,11,2013,10,1,41,18,1,1,2,3,D174,47.5941,1.35375
201300026488,6,11,2013,9,1,41,18,1,1,1,7,RD200,47.6168,1.32874
201300026489,19,11,2013,17,5,41,18,2,1,2,2,SAINT-JEAN (QUAI),47.5894,1.34124
201300026490,29,11,2013,10,1,41,18,2,1,1,2,GALLOIS (RUE),0.0,0.0
201300026491,15,12,2013,0,4,41,295,2,1,1,6,"221, CHAMBORD (ROUTE DE)",47.5756,1.39708
201300026492,14,12,2013,2,4,41,18,2,1,1,7,SAINT-DYE (LEVEE DE),0.0,0.0
201300026493,17,12,2013,15,1,41,18,2,6,1,2,SCHUMAN (AVENUE ROBERT),0.0,0.0
201300026494,27,12,2013,11,1,41,18,2,1,2,7,VERDUN (AVENUE DE),47.5976,1.34927
201300026495,28,12,2013,9,1,41,18,1,1,1,7,RD200,47.6168,1.32874
201300026496,28,12,2013,11,1,41,18,2,1,2,1,DUPUIS (BOULEVARD DANIEL,47.5814,1.32338
201300026497,30,12,2013,19,3,41,18,1,1,1,7,RD 952,47.5651,1.30272
201300026498,10,1,2013,17,5,41,18,2,1,2,2,VENDOME (AVENUE DE),0.0,0.0
201300026499,2,2,2013,18,3,41,18,2,1,2,7,DUGAY-TROUIN (RUE),0.0,0.0
201300026500,12,2,2013,17,2,41,18,2,1,1,6,FENELON (RUE),0.0,0.0
201300026501,22,2,2013,2,5,41,18,1,1,1,7,D174,47.5897,1.35964
201300026502,27,2,2013,18,5,41,18,2,1,1,6,REMPARTS (RUE DES),0.0,0.0
201300026503,26,2,2013,17,1,41,18,2,3,1,3,GARENNE (RUE DE LA),0.0,0.0
201300026504,30,3,2013,16,1,41,18,1,1,2,5,CHAILLES (LEVEE DE),47.5696,1.31409
201300026505,29,4,2013,14,2,41,18,2,1,1,6,"16, SAINT-JEAN (QUAI)",47.5884,1.33973
201300026506,2,5,2013,17,1,41,47,2,1,1,5,MAUNOURY (AVENUE DE MARE,0.0,0.0
201300026507,31,5,2013,9,1,41,18,2,1,1,3,SCHUMAN (AVENUE ROBERT),0.0,0.0
201300026508,18,6,2013,17,1,41,18,1,1,1,2,D174,47.5955,1.35199
201300026509,5,7,2013,12,1,41,18,2,1,1,2,"68, MAUNOURY (AVENUE DU",0.0,0.0
201300026510,3,8,2013,15,1,41,18,2,1,1,3,CHATEAUDUN (AVENUE DE),0.0,0.0
201300026511,4,8,2013,11,1,41,18,2,1,1,6,DUGAY-TROUIN (RUE),0.0,0.0
201300026512,27,8,2013,15,1,41,18,2,1,1,3,"147, MAUNOURY (AVENUE DU",0.0,0.0
201300026513,5,9,2013,8,1,41,47,1,3,1,3,LES GROBEAUX,47.6241,1.35392
201300026514,8,9,2013,8,1,41,18,1,1,1,1,COULANGES (ALLEE DE),0.0,0.0
201300026515,20,9,2013,1,3,41,212,1,1,2,6,RD 765,47.5556,1.3822
201300026516,21,9,2013,17,1,41,295,2,1,1,6,CHAMBORD (ROUTE DE),0.0,0.0
201300026517,3,10,2013,20,3,41,18,1,3,1,3,COULANGES (ALLEE DE),0.0,0.0
201300026518,15,10,2013,11,1,41,295,2,1,2,6,GENERAL DE GAULLE (AVENU,0.0,0.0
201300026519,23,10,2013,17,2,41,18,2,1,7,6,DUGAY-TROUIN (RUE)  NO I,0.0,0.0
201300026520,7,11,2013,20,5,41,295,2,3,2,3,TAILLES  (RUE DES),0.0,0.0
201300026521,10,11,2013,7,5,41,18,1,1,2,1,RD 952,47.5565,1.29553
201300026522,23,11,2013,4,4,41,18,2,1,1,1,BONCOUR (BOULEVARD JOSEP,0.0,0.0
201300026523,30,11,2013,18,3,41,18,2,1,1,6,BERTHONNEAU (RUE JULES),0.0,0.0
201300026524,31,3,2013,4,5,41,194,2,1,1,6,"24, ROCHE (RUE DE LA)",47.353,1.75127
201300026525,24,4,2013,19,1,41,194,2,3,1,6,"1, CHATEAU (PLACE DU)",0.0,0.0
201300026526,21,5,2013,9,1,41,194,2,1,1,7,"3, LANGON (RUE DE)",0.0,0.0
201300026527,14,1,2013,14,1,41,269,2,2,1,3,"., KENNEDY (BOULEVARD DU",0.0,0.0
201300026528,17,1,2013,14,1,41,269,2,2,1,2,PARIS (ROUTE DE),47.8108,1.07385
201300026529,25,1,2013,15,1,41,269,2,1,1,4,PARIS (ROUTE DE),47.8003,1.07254
201300026530,1,2,2013,13,1,41,269,1,6,1,7,"., VILLIERS (ROUTE DE)",47.7965,1.01031
201300026531,6,2,2013,16,1,41,269,2,1,1,6,"., RONSARD (AVENUE)",47.7971,1.05368
201300026532,17,2,2013,19,5,41,269,2,1,1,3,"., CHARTRAIN (FAUBOURG)",0.0,0.0
201300026533,27,2,2013,14,1,41,269,1,1,8,2,"., BLOIS (ROUTE DE)",0.0,0.0
201300026534,27,2,2013,15,1,41,269,1,1,1,7,"., MANS (ROUTE DU)",47.8109,1.02713
201300026535,21,3,2013,10,1,41,269,1,1,1,7,BOIS LA BARBE (ROUTE DU),0.0,0.0
201300026536,23,3,2013,1,5,41,269,2,1,1,7,"41, LECLERC (MAIL DU MAR",0.0,0.0
201300026537,28,3,2013,17,1,41,269,2,2,1,3,"., ROOSEVELT (BOULEVARD",0.0,0.0
201300026538,18,12,2013,19,5,41,269,2,3,1,3,"108, FATON (RUE DU DOCTE",0.0,0.0
201300026539,11,1,2013,15,1,41,269,2,2,1,3,"., ROOSEVELT (BOULEVARD",0.0,0.0
201300026540,2,2,2013,15,1,41,269,2,2,1,7,PARIS (ROUTE DE),47.7936,1.07615
201300026541,16,2,2013,1,3,41,158,1,1,5,7,VOIE DE PREPATOUR,0.0,0.0
201300026542,19,2,2013,13,1,41,269,2,5,1,3,"02, RONSARD (AVENUE) (SE",47.781,1.07392
201300026543,4,3,2013,9,1,41,269,2,1,1,3,VILLIERS (ROUTE DE),0.0,0.0
201300026544,12,3,2013,20,5,41,269,2,2,1,3,"., KENNEDY (BOULEVARD DU",0.0,0.0
201300026545,22,3,2013,4,3,41,3,2,1,1,7,"36, BEAUGENCY (ROUTE DE)",47.7936,1.08788
201300026546,12,4,2013,19,1,41,269,2,1,1,2,"08, CHARTRAIN (FAUBOURG)",0.0,0.0
201300026547,14,5,2013,10,1,41,226,2,5,1,3,PARIS (ROUTE DE),47.8042,1.07108
201300026548,10,6,2013,12,1,41,269,2,3,1,3,"., CHARTRAIN (FAUBOURG)",0.0,0.0