Num_Acc,jour,mois,an,hr,condition_eclairage,departement,commune,condition_agglomeration,intersection,condition_atmosphere,type_collision,adresse,lattitude,longitude
201300026549,18,6,2013,12,1,41,269,2,3,3,3,"., ILE DE FRANCE (AVENUE",0.0,0.0
201300026550,20,6,2013,2,4,41,269,2,2,1,7,"., YVON (AVENUE GERARD)",0.0,0.0
201300026551,21,6,2013,11,1,41,269,2,5,1,6,PARIS (ROUTE DE),47.8038,1.07103
201300026552,24,6,2013,12,1,41,226,2,1,1,5,BOIS DE L'ORME (ALLEE DU,0.0,0.0
201300026553,25,8,2013,0,5,41,269,2,2,1,3,", CHARTRAIN (FAUBOURG)",0.0,0.0
201300026554,11,10,2013,19,2,41,158,2,1,2,2,"., VALLEE (RUE DE LA)",0.0,0.0
201300026555,15,10,2013,17,1,41,269,2,2,2,3,PARIS (ROUTE DE),0.0,0.0
201300026556,25,10,2013,11,1,41,269,2,1,8,7,"289, CHAMPLES (RUE DES)",0.0,0.0
201300026557,25,10,2013,7,2,41,269,2,2,2,7,"., KENNEDY (BOULEVARD DU",0.0,0.0
201300026558,12,11,2013,4,5,41,158,2,3,1,3,"69, MONTRIEUX (RUE DE)",0.0,0.0
201300026559,5,12,2013,18,5,41,269,2,1,1,6,"., BALZAC (RUE HONORE DE",0.0,0.0
201300026560,27,12,2013,17,5,41,269,2,1,2,7,"41, CHANGE (RUE DU)",0.0,0.0
201300026561,10,1,2013,8,2,42,99,1,1,9,6,CD 25,45.38009,4.27308
201300026562,9,1,2013,6,5,42,316,1,1,4,6,LITTRE (RUE EMILE),45.40537,4.28731
201300026563,18,1,2013,11,1,42,99,2,1,1,6,"25, MOURIER (RUE JOANNES",45.38778,4.26683
201300026564,5,2,2013,14,1,42,316,1,1,8,3,CD 3,45.40916,4.2517
201300026565,20,2,2013,6,5,42,44,2,1,1,6,"1, JAURES (PLACE JEAN)",45.39663,4.3239
201300026566,20,3,2013,17,1,42,183,2,1,1,6,RD  88,45.40295,4.36206
201300026567,26,3,2013,19,5,42,95,2,1,1,6,CD 3,45.3911,4.28255
201300026568,31,3,2013,13,1,42,44,1,1,1,6,"34, HUGO (IMPASSE VICTOR",45.39393,4.32991
201300026569,30,3,2013,18,1,42,183,2,1,2,5,RD  88,45.40434,4.36786
201300026570,19,4,2013,18,1,42,95,2,1,1,6,"1, CHAUSSE (PLACE DU CHA",45.3919,4.29115
201300026571,18,4,2013,19,1,42,95,2,3,1,3,RD 88,45.38883,4.28676
201300026572,27,4,2013,16,1,42,95,2,1,2,3,CD 3,45.39271,4.2901
201300026573,27,4,2013,21,3,42,183,1,1,4,2,"1, RD 3088",45.40782,4.36136
201300026574,12,5,2013,10,1,42,316,2,1,1,3,"31, HOLTZER (RUE)",45.39376,4.26948
201300026575,3,6,2013,18,1,42,95,2,1,1,3,RD 88,45.38661,4.28406
201300026576,16,6,2013,12,1,42,270,1,3,1,3,CD 108,45.39635,4.23496
201300026577,19,6,2013,17,1,42,183,2,3,1,3,"1, PASTEUR (RUE)",45.40643,4.36735
201300026578,30,6,2013,14,1,42,31,1,1,1,7,CD 108,45.42966,4.24248
201300026579,6,7,2013,23,5,42,44,2,1,1,3,RD 88,45.39572,4.31818
201300026580,17,7,2013,18,1,42,316,2,1,1,6,"1, PASTEUR (RUE)",45.40148,4.26057
201300026581,23,7,2013,0,5,42,270,1,1,1,3,CD 108,45.40074,4.23952
201300026582,30,8,2013,19,1,42,183,2,1,1,5,RD  88,45.40095,4.35563
201300026583,4,9,2013,15,1,42,316,2,1,1,1,CD 25,45.40628,4.26943
201300026584,11,9,2013,12,1,42,183,2,1,1,3,RD 3088,45.41159,4.36919
201300026585,28,9,2013,19,1,42,270,2,1,1,1,CD 108,45.4007,4.23932
201300026586,28,9,2013,15,1,42,44,2,1,1,3,"1, CITROEN (AVENUE ANDRE",45.39229,4.30243
201300026587,4,10,2013,11,1,42,183,1,1,1,6,"1, BERAUDIERE (RUE DE LA",45.40684,4.37971
201300026588,14,10,2013,17,1,42,316,2,1,1,3,CD 3,45.39268,4.2693
201300026589,1,12,2013,17,4,42,44,1,1,1,6,RD 22-a,45.3951,4.33755
201300026590,30,11,2013,19,3,42,95,1,1,1,6,RD 88,45.37899,4.2748
201300026591,26,12,2013,20,5,42,95,2,1,1,1,CD 500,45.38635,4.2987
201300026592,12,5,2013,11,1,42,186,1,1,1,3,DE GAULLE AVENUE CHARLES,45.51247,4.58521
201300026593,25,5,2013,15,1,42,186,2,1,8,6,"0, FLEURDELIX QUAI",45.52885,4.6173
201300026594,1,11,2013,20,5,42,103,2,1,1,1,"20, JAURES RUE JEAN",45.50536,4.57028
201300026595,12,12,2013,0,5,42,103,2,1,1,6,"102, PASTEUR RUE LOUIS",45.49527,4.5618
201300026596,21,12,2013,0,5,42,186,2,4,1,3,"1, SEMARD PONT PIERRE",45.52432,4.60712
201300026597,11,2,2013,17,2,42,187,2,1,1,3,"0, VALMY (BOULEVARD DE)",46.06688,4.08284
201300026598,23,1,2013,9,1,42,187,2,1,1,6,"0, PROMENADES POPULLE(PO",46.03643,4.06491
201300026599,25,1,2013,13,1,42,187,2,1,1,6,"5, CARNOT (AVENUE)",46.03966,4.06663
201300026600,24,1,2013,13,1,42,187,2,1,1,6,"0, CLEMENT (BOULEVARD JE",46.04492,4.08394
201300026601,10,1,2013,5,5,42,187,2,2,1,3,"0, RECLUS (RUE ELISEE)",46.04355,4.06745
201300026602,11,1,2013,8,2,42,187,2,4,2,6,"0, PARIS (AVENUE DE)",46.04202,4.07304
201300026603,12,1,2013,17,5,42,187,2,6,1,3,"0, PROMENADES POPULLE(PO",46.03631,4.06405
201300026604,20,1,2013,11,1,42,187,2,1,1,6,"0, CLERMONT (RUE DE )",46.03085,4.06714
201300026605,24,1,2013,15,1,42,187,2,4,1,3,"17, HERMINIER (QUAI DU C",46.03484,4.07876
201300026606,25,1,2013,19,5,42,187,2,1,1,7,"0, BAPAUME (RUE DE )",46.05969,4.08261
201300026607,27,1,2013,17,1,42,184,2,1,1,2,"1153, FOCH MARECHAL (RUE",46.03962,4.03733
201300026608,31,1,2013,13,1,42,187,2,1,1,3,"50, GIRAUD (RUE DU GENER",46.03393,4.0541
201300026609,8,2,2013,19,5,42,127,2,6,1,3,"0, CORNEILLE PIERRE (RUE",46.06293,4.0627
201300026610,1,2,2013,18,5,42,187,2,3,2,3,"250, CHARLIEU (RUE DE )",46.05736,4.08714
201300026611,2,3,2013,16,1,42,187,2,1,1,6,"10, FONTQUENTIN (RUE)",46.03991,4.08063
201300026612,10,3,2013,15,1,42,184,2,1,1,2,"629, FOCH MARECHAL (RUE)",46.03946,4.04426
201300026613,8,3,2013,16,1,42,187,2,1,1,6,"23, MARENGO (RUE)",46.03613,4.07533
201300026614,19,3,2013,10,1,42,187,2,1,1,1,"80, CLERMONT (RUE DE )",46.02692,4.06297
201300026615,19,3,2013,9,1,42,187,2,4,1,3,"65, CLERMONT (RUE DE )",46.02877,4.06529
201300026616,5,4,2013,8,1,42,187,2,3,2,6,"25, PERI (PLACE GABRIEL)",46.0289,4.06569
201300026617,11,4,2013,12,1,42,184,2,6,1,3,"0, GALLIENI JOSEPH (AVEN",46.0475,4.05147
201300026618,12,4,2013,12,1,42,187,2,3,1,1,"0, MARENGO (RUE)",46.03765,4.07536
201300026619,17,4,2013,9,1,42,187,2,1,1,2,"0, CHARLIEU (RUE DE )",46.04758,4.08225
201300026620,20,4,2013,10,1,42,187,2,2,2,3,"0, DOURDEIN (RUE AUGUSTE",46.04244,4.05818
201300026621,20,4,2013,15,1,42,71,2,1,2,1,"112, LIBERATION (AVENUE",46.02635,4.08566
201300026622,18,3,2013,16,1,42,187,2,1,1,3,"75, HERMINIER (QUAI DU C",46.03945,4.08244
201300026623,27,3,2013,16,1,42,127,2,1,1,7,"28, NOYON (AVENUE DE)",46.07017,4.07442
201300026624,17,3,2013,5,5,42,187,2,1,1,2,"1, CLERMONT (RUE DE )",46.03116,4.06733
201300026625,5,5,2013,12,2,42,170,1,1,1,6,LE CHATELARD (LIEU DIT),46.04988,4.12877
201300026626,22,4,2013,16,1,42,127,2,1,1,4,"0, Route nationale 7",46.06755,4.05233
201300026627,29,4,2013,13,1,42,187,2,1,1,2,"5, CUVIER  (RUE)",46.04784,4.06811
201300026628,29,4,2013,15,1,42,170,1,1,2,2,"0, R.D 504",46.03418,4.18193
201300026629,3,5,2013,21,5,42,187,2,6,1,3,"0, PROMENADES POPULLE(PO",46.03691,4.06534
201300026630,5,5,2013,21,5,42,184,2,1,1,7,"43, BLUM  LEON   (RUE)",46.04316,4.03188
201300026631,6,5,2013,17,1,42,127,2,6,1,6,"0, FONTAINE JEAN  (RUE D",46.06655,4.06295
201300026632,9,5,2013,21,5,42,187,2,2,3,3,"0, HOCHE (RUE)",46.02857,4.07409
201300026633,11,5,2013,13,1,42,187,2,3,1,3,"FACE 19, PARIS (AVENUE D",46.05914,4.0606
201300026634,15,5,2013,19,1,42,187,2,1,2,1,"38, RABELAIS (RUE FRANCO",46.04072,4.05736
201300026635,16,5,2013,11,1,42,187,2,4,2,1,"0, CHARLIEU (RUE DE )",46.04471,4.0799
201300026636,16,5,2013,11,1,42,184,2,1,2,3,"0, OUEST  (BD)",46.04564,4.05733
201300026637,16,6,2013,4,5,42,187,2,1,1,6,"1, SAINT-ALBAN (RUE DE )",46.03636,4.06353
201300026638,4,7,2013,20,2,42,187,2,1,1,6,"70, SAMPAIX  (RUE LUCIEN",46.03039,4.06095
201300026639,12,7,2013,21,2,42,187,2,1,1,6,"55, MULSANT (RUE)",46.03858,4.05813
201300026640,15,7,2013,19,1,42,184,2,6,1,3,"0, MICHEL LOUISE  (RUE)",46.04914,4.05187
201300026641,16,5,2013,12,1,42,187,2,3,2,3,"142, MULSANT (RUE)",46.03969,4.05384
201300026642,21,5,2013,17,1,42,187,2,1,3,2,"207, CHARLIEU (RUE DE )",46.05553,4.08636
201300026643,22,5,2013,15,1,42,170,2,9,1,3,"0, LES PLAINES (LIEU DIT",46.03451,4.09849
201300026644,25,5,2013,14,1,42,184,2,1,1,2,MICHEL LOUISE  (RUE),46.04945,4.05164
201300026645,29,5,2013,14,1,42,187,2,3,2,3,"0, GIRAUD (RUE DU GENERA",46.03224,4.06472
201300026646,1,6,2013,12,1,42,184,2,2,1,3,"0, Avenue Charlie CHAPLI",46.02716,4.02542
201300026647,8,6,2013,12,2,42,187,2,2,3,3,"0, MARECHAL JOFFRE (BOUL",46.05353,4.07878
201300026648,7,6,2013,20,1,42,187,2,1,1,6,"0, LYON (AVENUE DE)",46.03944,4.0772
201300026649,10,6,2013,15,1,42,170,2,1,2,1,"0, R.D 504",46.03709,4.12227
201300026650,13,6,2013,16,2,42,187,2,1,1,2,"117, PARIS (AVENUE DE)",46.04681,4.06934
201300026651,20,6,2013,20,2,42,184,2,1,1,7,"396, CHARLES DE GAULLE(A",46.05411,4.0643
201300026652,23,6,2013,21,5,42,187,2,3,1,3,"0, GIRAUD (RUE DU GENERA",46.03255,4.05982
201300026653,26,6,2013,21,1,42,184,2,1,1,3,"0, OUEST  (BD)",46.0335,4.04519
201300026654,30,6,2013,6,1,42,71,2,2,1,3,"0, LIBERATION (AVENUE DE",46.02348,4.08749
201300026655,30,6,2013,15,1,42,187,2,1,1,6,"36, HERMINIER (QUAI DU C",46.03652,4.08017
201300026656,28,6,2013,9,1,42,127,2,4,1,3,"125, TUILERIES (FUTURE D",46.07272,4.0434
201300026657,6,7,2013,8,1,42,127,2,1,1,6,"0, PARC (RUE DU)",46.0868,4.05779
201300026658,9,7,2013,11,1,42,187,2,1,1,2,"47, SEMARD (RUE PIERRE )",46.03948,4.06147
201300026659,10,7,2013,17,1,42,187,2,6,1,3,"0, MARECHAL JOFFRE (BOUL",46.05366,4.07346
201300026660,11,7,2013,11,1,42,187,2,1,1,6,"15, CLERMONT (RUE DE )",46.03036,4.06675
201300026661,19,6,2013,14,1,42,187,2,2,1,3,CHARLIEU (RUE DE ),46.05586,4.08657
201300026662,14,7,2013,18,1,42,187,2,1,1,7,"0, GOUGENOT (RUE J.)",46.02927,4.06557
201300026663,26,7,2013,19,1,42,184,2,1,1,7,"0, OUEST  (BD)",46.04754,4.05152
201300026664,19,7,2013,7,2,42,187,2,3,1,3,"0, MARECHAL JOFFRE (BOUL",46.05343,4.07859
201300026665,22,7,2013,17,1,42,71,2,1,1,3,Parking LIDL,46.02782,4.08345
201300026666,26,7,2013,17,1,42,187,2,1,1,7,"5, PUY (RUE JEAN)",46.03814,4.06974
201300026667,26,7,2013,16,1,42,184,2,2,1,3,"0, FARON JULES (RUE)",46.04735,4.03594
201300026668,27,7,2013,15,1,42,127,1,1,1,2,"0, BRIENNON (RT DE)",46.11672,4.07556
201300026669,29,7,2013,20,1,42,187,2,1,1,7,"24, ROUSSEAU (RUE JEAN J",46.0378,4.05565
201300026670,7,8,2013,17,1,42,170,1,1,1,2,"0, R.D 504",46.03747,4.10998
201300026671,8,8,2013,10,1,42,187,2,3,2,3,"36, HERMINIER (QUAI DU C",46.03659,4.08014
201300026672,11,8,2013,10,1,42,71,2,1,1,7,"51 bis, SEMARD (QUAI PIE",46.02733,4.08256
201300026673,11,8,2013,22,5,42,184,2,1,1,7,"0, OUEST  (BD)",46.03833,4.0458
201300026674,13,8,2013,17,1,42,184,2,1,1,2,"0, OUEST  (BD)",46.054,4.06403
201300026675,15,8,2013,19,1,42,184,2,1,1,2,"0, FOCH MARECHAL (RUE)",46.04007,4.0281
201300026676,17,8,2013,16,1,42,187,2,4,1,2,"0, DESMOULINS (RUE CAMIL",46.03358,4.05557
201300026677,21,8,2013,14,1,42,187,2,2,1,3,"38, MATEL (RUE DE )",46.04842,4.08628
201300026678,26,8,2013,8,1,42,187,2,1,1,7,"20, BEAULIEU (RUE DE )",46.0348,4.06782
201300026679,5,9,2013,14,1,42,170,2,1,1,3,"0, LE MOULIN TAMPON (LIE",46.03213,4.09396
201300026680,5,9,2013,14,1,42,127,2,1,1,2,"217, BRIENNON (RT DE)",46.07112,4.07366
201300026681,5,9,2013,19,1,42,187,2,4,1,3,"13, MULSANT (RUE)",46.0379,4.06083
201300026682,7,9,2013,11,1,42,184,2,4,2,6,"187, SAINT-ROMAIN (RUE D",46.0411,4.05063
201300026683,7,9,2013,12,1,42,71,2,1,1,2,"0, ETINES (BOULEVARD DES",46.02482,4.09042
201300026684,20,10,2013,22,5,42,187,2,1,1,7,"0, PROMENADES POPULLE (P",46.03564,4.06515
201300026685,17,9,2013,17,1,42,187,2,1,1,5,"42, SAMPAIX  (RUE LUCIEN",46.03065,4.06506
201300026686,18,9,2013,7,1,42,187,2,4,1,3,"face 30, BELGIQUE (BOULE",46.04544,4.07673
201300026687,21,9,2013,19,5,42,187,2,1,1,2,"6, ARISTIDE BRIAND ( PLA",46.03279,4.07965
201300026688,23,9,2013,15,1,42,187,2,1,1,6,"76, HOCHE (RUE)",46.02816,4.07003
201300026689,26,9,2013,9,1,42,187,2,4,1,3,"39, BENOIT (BOULEVARD CA",46.04839,4.06953
201300026690,27,9,2013,11,1,42,184,2,4,1,3,"0, FOCH MARECHAL (RUE)",46.0401,4.02836
201300026691,2,10,2013,8,1,42,187,2,3,1,3,"23, OUDAN (RUE DE L')",46.05178,4.08924
201300026692,4,10,2013,7,2,42,187,2,1,2,3,"0, DEPIERRE (RUE PIERRE)",46.03106,4.07566
201300026693,8,10,2013,7,2,42,187,2,1,1,7,"0, CENTRALE (AVENUE)",46.0672,4.07624
201300026694,11,10,2013,18,2,42,184,2,6,1,3,"0, OUEST  (BD)",46.04748,4.05183
201300026695,24,9,2013,19,1,42,187,2,1,1,6,"0, VERNES (RUE DES)",46.0307,4.0499
201300026696,5,11,2013,19,5,42,187,2,1,1,1,"87, SEMARD (RUE PIERRE )",46.04215,4.06039
201300026697,14,10,2013,13,1,42,187,2,1,1,4,"5, BELGIQUE (BOULEVARD D",46.04475,4.07979
201300026698,18,10,2013,10,1,42,187,2,6,1,3,"0, DORIAN (ROND POINT)",46.03377,4.07782
201300026699,21,10,2013,15,1,42,127,2,3,1,3,"0, FRANCE PROLONGEE ANAT",46.06383,4.06245
201300026700,25,10,2013,12,1,42,71,2,1,1,4,"0, DE GAULLE (BOULEVARD",46.01684,4.09626
201300026701,26,10,2013,10,1,42,71,2,3,1,3,"0, CARNOT (RUE)",46.03134,4.08382
201300026702,26,10,2013,15,1,42,187,2,1,1,3,"22, HALAGE (CHEMIN DU)",46.02031,4.06195
201300026703,30,10,2013,11,1,42,71,2,3,1,3,"0, CLEMENCEAU (RUE GEORG",46.01704,4.08614
201300026704,30,10,2013,8,1,42,71,2,8,1,3,LIBERATION (AVENUE DE LA,46.02196,4.08854
201300026705,31,10,2013,13,1,42,184,2,6,1,3,"0, OUEST  (BD)",46.04542,4.05625
201300026706,4,11,2013,15,1,42,187,2,3,2,3,"30, BELGIQUE (BOULEVARD",46.04582,4.07454
201300026707,9,11,2013,15,1,42,187,2,1,1,2,"60, BELGIQUE (BOULEVARD",46.04599,4.07425
201300026708,7,11,2013,8,1,42,187,2,3,1,3,"0, ARRAS (BOULEVARD D')",46.06419,4.07451
201300026709,15,11,2013,20,5,42,127,2,1,1,6,"0, DEMI LIEUE (PLACE DE",46.06736,4.05488
201300026710,19,11,2013,11,1,42,187,2,1,3,7,"0, OUEST (BOULEVARD)",46.04992,4.06351
201300026711,19,11,2013,16,1,42,187,2,3,2,7,"0, PLASSE (RUE GEORGES)",46.03484,4.0583
201300026712,20,11,2013,9,1,42,187,2,3,4,3,"0, CAMUS (RUE ALBERT)",46.04129,4.05551
201300026713,26,11,2013,7,2,42,187,2,1,2,3,"35, WILSON (RUE DU PRESI",46.05675,4.09148
201300026714,21,11,2013,17,5,42,187,2,3,2,7,"0, FONTENILLE (RUE)",46.04043,4.07374
201300026715,28,11,2013,8,2,42,187,2,1,1,2,THOMAS (RUE ALBERT),46.04306,4.07369
201300026716,29,11,2013,17,2,42,184,2,1,1,7,"0, OUEST  (BD)",46.04674,4.05413
201300026717,16,12,2013,12,1,42,127,2,6,1,3,"0, BRIENNON (RT DE)",46.08358,4.08368
201300026718,20,12,2013,17,5,42,187,2,3,1,2,"0, Rue Emile NOIROT",46.03693,4.0654
201300026719,21,12,2013,14,1,42,187,2,3,1,3,"84, PARIS (AVENUE DE)",46.04713,4.06919
201300026720,13,12,2013,22,5,42,187,2,1,1,6,"80, BELGIQUE (BOULEVARD",46.04592,4.0719
201300026721,2,12,2013,14,1,42,187,2,1,1,3,"14, MERMOZ (RUE JEAN)",46.0353,4.06191
201300026722,3,12,2013,18,3,42,170,1,1,1,7,"0, FECHET (LIEU DIT)",46.00677,4.15249
201300026723,6,12,2013,16,2,42,187,2,5,1,3,"0, PHENIX (PLACE DU)",46.03644,4.06385
201300026724,10,12,2013,18,5,42,187,2,1,1,4,"56, BRISON (RUE)",46.03187,4.06768
201300026725,11,12,2013,15,1,42,170,2,1,1,2,"0, R.D 504",46.04075,4.14766
201300026726,11,12,2013,20,5,42,187,2,1,1,2,"15, VALMY (BOULEVARD DE)",46.06674,4.08568
201300026727,12,12,2013,14,1,42,71,2,1,1,7,"116, LIBERATION (AVENUE",46.02638,4.0858
201300026728,13,12,2013,8,1,42,187,2,1,1,7,"0, FERRY (BOULEVARD JULE",46.03152,4.07108
201300026729,13,12,2013,9,1,42,187,2,1,1,1,"60, ARRAS (BOULEVARD D')",46.06285,4.07482
201300026730,15,12,2013,16,1,42,184,2,1,1,7,OUEST  (BD),46.04775,4.05119
201300026731,25,12,2013,17,2,42,170,2,1,1,7,LES FRANCHISES (LIEU DIT,46.03748,4.11845
201300026732,24,12,2013,18,5,42,184,2,3,1,3,"0, SAINT-ROMAIN (RUE DE)",46.04253,4.04812
201300026733,30,12,2013,10,1,42,127,1,3,1,3,"0, BONVERT (RT DE)",46.07979,4.08352
201300026734,31,1,2013,18,5,42,207,2,1,1,6,"18, TROIS FRERES RUE DES",45.47296,4.50886
201300026735,16,4,2013,17,1,42,53,1,1,1,1,SAINTE CROIX ROUTE DE,45.49691,4.62807
201300026736,15,6,2013,21,1,42,207,2,1,1,7,"0, CD 37",45.48411,4.51999
201300026737,29,8,2013,11,1,42,207,2,4,1,4,"1, GRAVIER AUGUSTE SQUAR",45.4734,4.51748
201300026738,19,9,2013,11,1,42,110,2,3,1,3,"14, PASTEUR  AVENUE",45.48633,4.54287
201300026739,16,10,2013,18,1,42,207,2,3,1,6,"0, SEGUIN MARC RUE",45.47557,4.52006
201300026740,6,11,2013,14,1,42,207,2,3,1,3,"64, COIN ROUTE DU",45.4683,4.53306
201300026741,2,11,2013,21,5,42,110,2,1,2,3,"17, PASTEUR  AVENUE",45.48719,4.54478
201300026742,7,11,2013,19,5,42,207,2,1,1,6,"8, GAMBETTA RUE",45.47371,4.51173
201300026743,22,10,2013,22,5,42,207,2,1,1,5,"61, PETIN GAUDET RUE",45.46512,4.50798
201300026744,2,12,2013,11,1,42,207,2,1,1,4,"2, ORIOL BENOIT RUE",45.47732,4.51577
201300026745,4,12,2013,12,1,42,207,2,2,1,1,"12, GILLET FRANCOIS RUE",45.45681,4.50459
201300026746,8,12,2013,10,1,42,110,2,1,1,2,"63b, PASTEUR  AVENUE",45.48504,4.53982
201300026747,13,12,2013,19,5,42,110,2,1,9,6,"49, PASTEUR  AVENUE",45.48588,4.54173
201300026748,27,12,2013,12,1,42,207,2,2,1,3,"67, PETIN GAUDET RUE",45.46473,4.50779
201300026749,21,12,2013,19,5,42,218,2,1,1,2,"ignor?, SCHEURER KESTNER",45.45414,4.39427
201300026750,2,1,2013,12,1,42,218,2,1,1,6,"81, SOULIE LOUIS",45.44859,4.40172
201300026751,4,1,2013,8,2,42,223,1,1,2,7,ROCADE OUEST,45.44167,4.34228
201300026752,5,1,2013,11,1,42,218,2,6,2,3,"sans, POMPIDOU GEORGES (",45.45896,4.40795
201300026753,7,1,2013,12,1,42,218,2,1,1,3,"5, KNOBLAUCH LIEUTENANT",45.45268,4.3824
201300026754,18,1,2013,9,1,42,218,2,2,1,3,"124, MONTAT (DE LA) A PA",45.44308,4.41306
201300026755,18,1,2013,12,1,42,218,2,1,1,6,FRAISSINETTE ALEXANDRE (,45.4177,4.41555
201300026756,18,1,2013,19,5,42,218,2,1,9,3,"40, CROIX DE MISSION",45.42867,4.3729
201300026757,21,1,2013,1,5,42,218,2,1,4,6,"FACE 128, BERGSON A PART",45.46269,4.38054
201300026758,19,1,2013,6,5,42,305,2,1,2,6,"sans, ALLENDE SALVADOR",45.47211,4.42432
201300026759,23,1,2013,19,5,42,218,2,1,8,6,"37, DAGUERRE",45.42401,4.38943
201300026760,24,1,2013,15,1,42,218,2,1,1,6,"34, JANIN JULES (BD) DES",45.44881,4.39091
201300026761,5,1,2013,17,2,42,218,2,3,1,6,"SANS, REVOLLIER J-FRANCO",45.45517,4.37762
201300026762,23,1,2013,14,1,42,218,2,1,1,6,"14, TERRENOIRE (DE) JUSQ",45.4299,4.41139
201300026763,5,2,2013,17,3,42,189,1,1,4,1,C.D.10,45.43889,4.33739
201300026764,9,2,2013,14,1,42,218,2,2,4,3,FRAISSINETTE ALEXANDRE (,45.42316,4.42291
201300026765,13,2,2013,10,1,42,189,2,1,1,7,"IGNORE, PASCAL BLAISE (B",45.43237,4.32167
201300026766,20,2,2013,13,1,42,330,1,1,1,2,ROCADE OUEST,45.46792,4.34384
201300026767,22,2,2013,17,1,42,218,2,1,1,3,"60, NORMANDIE NIEMEN A P",45.4359,4.41475
201300026768,21,2,2013,18,1,42,218,2,1,8,6,"IGNORE, FAURIEL (COURS)",45.43114,4.39574
201300026769,27,2,2013,17,1,42,189,2,1,1,6,ESSARTERY,45.43301,4.33777
201300026770,28,2,2013,20,5,42,218,2,1,1,6,"14, GERENTET",45.44073,4.38747
201300026771,1,3,2013,6,2,42,218,2,2,1,3,"IGNORE, KRUMNOW FREDO (B",45.43951,4.37868
201300026772,2,3,2013,17,1,42,218,2,3,1,3,"24, CHAVASSIEUX JUSQU'AU",45.44628,4.36736
201300026773,2,3,2013,19,5,42,218,2,2,1,3,EVRARD FLORENT A PARTIR,45.42396,4.37522
201300026774,4,3,2013,15,1,42,218,2,1,1,6,"ignor?, LAMAIZIERE LEON",45.46818,4.3814
201300026775,11,3,2013,9,1,42,218,2,1,1,6,"31, POYLO ALBERT",45.45833,4.38374
201300026776,11,3,2013,14,1,42,330,2,1,1,6,"06, Avenue de la Cité",45.46449,4.36772
201300026777,11,3,2013,17,1,42,218,2,1,1,6,"32, JANIN JULES (BD) DES",45.44881,4.39091
201300026778,14,3,2013,12,1,42,218,2,1,1,6,"14, DUPUY CHARLES",45.44083,4.37594
201300026779,14,3,2013,16,1,42,218,2,1,1,6,"45, THIMONNIER A PARTIR",45.41704,4.39975
201300026780,15,3,2013,14,1,42,218,2,1,1,6,"ignor?, MUSSET ALFRED DE",45.44512,4.38046
201300026781,18,3,2013,10,1,42,218,2,1,1,6,"33, LIBERATION (AVENUE)",45.43747,4.39309
201300026782,16,3,2013,9,1,42,218,2,3,1,6,"01, FABIEN COLONEL",45.43501,4.43717
201300026783,16,3,2013,10,1,42,218,2,1,1,7,"33, LIOGIER JUSQU'AUX N?",45.42838,4.40464
201300026784,21,3,2013,8,1,42,330,2,2,1,3,SOULIE LOUIS,45.47248,4.36242
201300026785,26,3,2013,14,1,42,218,2,1,1,6,"ignor?, DORIAN (PLACE)",45.43856,4.38869
201300026786,28,3,2013,17,1,42,218,2,2,2,1,CHAVASSIEUX JUSQU'AUX N?,45.4465,4.36751
201300026787,29,3,2013,14,1,42,218,1,1,1,5,RD1082,45.40064,4.416
201300026788,10,4,2013,12,1,42,218,2,4,1,1,SAINT SIMON,45.45241,4.36557
201300026789,10,4,2013,7,2,42,218,2,1,1,6,"08, HOTEL DE VILLE (PLAC",45.4387,4.3873
201300026790,11,4,2013,17,1,42,218,2,1,1,6,"10, BERTHIER CLAUDE (CHE",45.41599,4.41694
201300026791,12,4,2013,14,1,42,218,2,1,1,6,"ignor?, ROOSEVELT FRANKL",45.4212,4.41162
201300026792,12,4,2013,16,1,42,218,2,1,1,6,"29, PUITS THIBAUD (DU)",45.44411,4.40459
201300026793,13,4,2013,21,5,42,218,2,1,1,3,"34, TARENTAIZE",45.43671,4.38228