Num_Acc,jour,mois,an,hr,condition_eclairage,departement,commune,condition_agglomeration,intersection,condition_atmosphere,type_collision,adresse,lattitude,longitude
201300026794,14,4,2013,0,3,42,218,1,1,1,6,D3,45.4374,4.26483
201300026795,17,4,2013,10,1,42,218,2,1,1,6,"ignor?, TARENTAIZE",45.43748,4.38176
201300026796,18,4,2013,13,1,42,189,2,1,1,6,"03, CURIE PIERRE ET MARI",45.41875,4.31242
201300026797,19,4,2013,18,1,42,237,1,1,1,3,RD 32,45.45536,4.45272
201300026798,24,4,2013,16,1,42,218,2,7,1,3,"1, VILLEBOEUF (PLACE)",45.43256,4.39445
201300026799,20,4,2013,15,1,42,218,2,1,2,6,"115, FAURIEL (COURS)",45.4212,4.41104
201300026800,26,4,2013,12,1,42,218,2,2,1,3,"33, VERNET HORACE JUSQU'",45.43059,4.40479
201300026801,2,5,2013,8,1,42,218,2,1,1,6,"86, CHARCOT DOCTEURS A P",45.41734,4.39361
201300026802,2,5,2013,15,1,42,218,2,1,1,3,"IGNORE, VERNEY CARRON CL",45.46316,4.38223
201300026803,9,5,2013,20,1,42,218,2,2,1,3,PALLUAT DE BESSET JUSQU',45.44314,4.37671
201300026804,8,5,2013,4,5,42,218,2,2,1,3,"159, DURAFOUR ANTOINE A",45.42384,4.39622
201300026805,11,5,2013,7,2,42,218,2,1,1,6,"02, PALACH JAN",45.43023,4.4118
201300026806,13,5,2013,8,1,42,218,2,1,1,3,"125, VIVALDI ANTONIO (BO",45.46458,4.40874
201300026807,14,5,2013,18,1,42,218,2,3,1,6,"33, CHAVANELLE (PLACE)",45.43447,4.39282
201300026808,16,5,2013,17,1,42,189,1,1,2,2,ROCADE OUEST,45.43794,4.34154
201300026809,23,5,2013,8,1,42,218,2,1,1,6,"05, ARAGO",45.43184,4.39794
201300026810,23,5,2013,16,1,42,218,2,1,1,1,"11, CUVIER",45.42877,4.3926
201300026811,29,5,2013,10,1,42,218,2,2,1,6,"26, CHAMPAGNE JUSQU'AUX",45.41835,4.3982
201300026812,30,5,2013,17,1,42,218,2,1,1,7,R.D. N?25,45.41615,4.30063
201300026813,31,5,2013,13,1,42,218,1,2,2,3,CHOLAT CHARLES,45.46494,4.39867
201300026814,31,5,2013,16,1,42,218,2,3,2,6,"01, BARRE",45.4359,4.38361
201300026815,1,6,2013,17,1,42,218,2,3,1,3,FRANCHET D'ESPEREY M. A,45.43895,4.37754
201300026816,10,6,2013,13,1,42,330,2,2,1,3,"ignor?, CYCLOTOURISTES (",45.46259,4.35932
201300026817,13,6,2013,6,1,42,218,2,1,1,6,CHALENDARD MARIUS,45.4141,4.39426
201300026818,14,6,2013,22,5,42,189,2,1,1,6,"6, BRAILLE LOUIS (BOULEV",45.4175,4.31196
201300026819,15,6,2013,18,1,42,218,2,3,1,1,"face au 16, MULLER DES D",45.44664,4.398
201300026820,13,6,2013,23,3,42,223,1,1,2,7,ROCADE OUEST,45.44282,4.34221
201300026821,19,6,2013,18,1,42,218,2,2,1,6,DUVAL RAOUL (BOULEVARD),45.42308,4.38326
201300026822,18,6,2013,21,2,42,218,1,1,1,7,CD8,45.39408,4.4558
201300026823,21,6,2013,12,1,42,218,2,1,1,6,"30, JANIN JULES (BD) JUS",45.44858,4.38979
201300026824,23,6,2013,9,1,42,223,1,1,1,2,ROCADE OUEST,45.44212,4.34229
201300026825,25,6,2013,17,1,42,218,2,2,1,3,"25, LEDIN JULES",45.44423,4.38222
201300026826,29,6,2013,19,1,42,218,2,1,2,6,"75, TERRENOIRE (DE) A PA",45.43454,4.42081
201300026827,4,7,2013,10,1,42,218,2,1,8,6,"42, BERNARD MARTIN",45.43079,4.38129
201300026828,3,7,2013,15,1,42,218,2,1,1,2,"3, LOUBET (AVENUE PRESID",45.43603,4.38427
201300026829,6,7,2013,22,3,42,330,1,1,1,2,ROCADE OUEST,45.46616,4.34041
201300026830,11,7,2013,6,1,42,218,2,1,1,6,"87, VALBENOITE (BD) JUSQ",45.42478,4.39702
201300026831,11,7,2013,16,1,42,218,2,1,1,7,"SANS, SCHEURER KESTNER",45.45417,4.39408
201300026832,15,7,2013,14,1,42,275,2,6,1,6,"02, TROIS GLORIEUSES",45.46834,4.38165
201300026833,15,7,2013,13,1,42,218,2,1,1,6,"face 99 b, FAURIEL (COUR",45.42279,4.40872
201300026834,17,7,2013,19,1,42,218,2,2,1,3,LAMARTINE,45.448,4.38122
201300026835,19,7,2013,1,5,42,218,2,3,1,6,"sans, VILLEBOEUF (PLACE)",45.43255,4.39441
201300026836,21,7,2013,8,1,42,330,2,1,1,6,"22, CIMETIERE (ALLEE)",45.46409,4.35063
201300026837,22,7,2013,10,1,42,218,2,1,1,6,"face au 11, DUCHAMP VICT",45.44264,4.3803
201300026838,24,7,2013,19,1,42,330,2,3,1,7,"sans, SOULIE LOUIS",45.47249,4.36242
201300026839,24,7,2013,19,1,42,223,1,1,1,7,"SANS, D3",45.43687,4.35738
201300026840,26,7,2013,10,1,42,218,2,1,1,6,"50, JANIN JULES (BD) A P",45.4467,4.39707
201300026841,29,7,2013,15,1,42,218,2,3,1,3,"18, BALAY JUSQU'AUX N? 5",45.44337,4.38676
201300026842,2,8,2013,7,1,42,223,1,1,1,1,"sans, LANDUZIERE (LIEU D",45.46247,4.3125
201300026843,2,8,2013,17,1,42,218,2,1,1,6,"61, RICHELANDIERE (DE LA",45.43763,4.40534
201300026844,4,8,2013,18,1,42,218,2,1,1,2,Bd Martin Bernard,45.43275,4.38024
201300026845,8,8,2013,12,1,42,218,2,2,3,7,HAVEURS (DES),45.42442,4.3749
201300026846,14,8,2013,14,1,42,218,2,2,1,3,"ignor?, VILLEBOEUF (PLAC",45.43255,4.39442
201300026847,16,8,2013,13,1,42,218,2,1,1,1,"20, CHAVASSIEUX JUSQU'AU",45.44599,4.36796
201300026848,17,8,2013,20,1,42,237,2,1,1,2,"62, HUGO (VICTOR)",45.4452,4.43254
201300026849,18,8,2013,19,1,42,218,2,1,1,6,"10, FRANCE ANATOLE (PLAC",45.43043,4.39028
201300026850,22,8,2013,16,1,42,218,2,2,1,7,"10, ROUGET DE L'ISLE A P",45.44151,4.38793
201300026851,22,8,2013,19,2,42,218,2,1,1,7,"39, DE GAULLE CHARLES",45.44523,4.38542
201300026852,23,8,2013,13,1,42,218,2,6,1,3,POMPIDOU GEORGES (BOULEV,45.45814,4.40535
201300026853,23,8,2013,16,1,42,237,2,3,1,1,"63, HUGO (VICTOR)",45.44434,4.43011
201300026854,27,8,2013,8,1,42,218,2,1,1,6,"11, PEUPLE (PLACE)",45.43635,4.38811
201300026855,27,8,2013,16,1,42,218,2,1,2,1,"ignor?, HUSS JEAN",45.45265,4.41526
201300026856,28,8,2013,17,1,42,218,2,1,1,3,"ignor?, FAURIAT (BOULEVA",45.44512,4.40748
201300026857,30,8,2013,8,1,42,218,2,2,1,7,"09, TERRENOIRE (DE) JUSQ",45.42933,4.40968
201300026858,1,9,2013,17,1,42,218,2,1,1,6,"101, DESTRE DOCTEUR LOUI",45.43942,4.42517
201300026859,2,9,2013,15,1,42,218,2,3,1,6,"2, BARRE",45.43584,4.38364
201300026860,4,9,2013,16,1,42,218,2,1,1,6,"sans, DUVAL RAOUL (BOULE",45.42361,4.38923
201300026861,9,9,2013,14,1,42,189,1,1,1,5,ROCADE OUEST,45.4284,4.35375
201300026862,9,9,2013,17,1,42,218,2,1,1,6,"53, FAURIEL (COURS)",45.42696,4.40341
201300026863,7,9,2013,9,1,42,237,2,2,1,3,ZOLA EMILE (RUE),45.44472,4.42241
201300026864,15,9,2013,15,1,42,218,2,3,1,3,"177, BERGSON A PARTIR N?",45.46159,4.3808
201300026865,16,9,2013,15,1,42,218,2,1,1,2,"42, MONTAT (DE LA) JUSQU",45.44084,4.40315
201300026866,18,9,2013,8,1,42,218,2,1,1,3,"68, FAURIAT (BOULEVARD)",45.44248,4.40828
201300026867,29,8,2013,13,1,42,218,2,3,1,6,"02, ROBESPIERRE",45.41561,4.39442
201300026868,20,9,2013,18,1,42,218,2,2,1,3,"64, DESTRE DOCTEUR LOUIS",45.4402,4.42873
201300026869,22,9,2013,15,1,42,218,2,1,1,6,"02, POURCEL ALEXANDRE JU",45.42365,4.39433
201300026870,30,9,2013,14,1,42,218,2,1,1,6,9 rue Dupuytren,45.41346,4.39134
201300026871,2,10,2013,1,5,42,218,2,2,1,3,JOUFFROY,45.44797,4.388
201300026872,30,9,2013,20,5,42,218,2,3,1,3,DESTRE DOCTEUR LOUIS A P,45.44019,4.42872
201300026873,2,10,2013,17,1,42,305,2,2,1,1,"39, HUGO VICTOR",45.48236,4.43812
201300026874,2,10,2013,17,1,42,218,2,1,1,7,"40, PATROA (DE) JUSQU'AU",45.43407,4.4251
201300026875,2,10,2013,16,1,42,305,2,1,1,3,"29, REPUBLIQUE",45.48047,4.43177
201300026876,4,10,2013,13,1,42,218,2,3,8,5,CHOLAT CHARLES,45.46487,4.3988
201300026877,6,10,2013,11,1,42,218,2,1,2,3,"3, CHAT (CHEMIN)",45.43633,4.41095
201300026878,6,10,2013,15,1,42,218,2,2,8,3,BEAUNIER,45.44865,4.40338
201300026879,3,10,2013,8,1,42,218,2,3,1,3,ACIERIES (DES),45.45127,4.3901
201300026880,11,10,2013,18,1,42,218,2,1,1,6,"7, TERRENOIRE (DE) JUSQU",45.42924,4.40962
201300026881,11,10,2013,15,1,42,218,2,2,1,3,VERNEY CARRON CLAUDE,45.46364,4.38228
201300026882,13,10,2013,23,5,42,218,2,1,1,6,"3, BOIVIN (PLACE)",45.43628,4.38555
201300026883,12,10,2013,15,1,42,218,2,3,2,6,"1, PLOTTON JEAN (PLACE)",45.43927,4.38442
201300026884,14,10,2013,17,1,42,218,2,1,8,6,"3, VARLIN EUGENE (ALLEE)",45.44767,4.36618
201300026885,15,10,2013,7,2,42,218,2,1,8,2,"66, MONTAT (DE LA) JUSQU",45.44137,4.40539
201300026886,16,10,2013,19,5,42,218,2,3,8,3,"IGNORE, FABIEN COLONEL",45.43385,4.44089
201300026887,17,10,2013,13,1,42,218,2,1,1,7,"33, CHARCOT DOCTEURS JUS",45.41991,4.39278
201300026888,21,10,2013,17,1,42,218,2,1,8,6,"34, JANIN JULES (BD) DES",45.44866,4.39047
201300026889,20,10,2013,20,5,42,305,2,3,1,3,"ignor?, ROSTAND JEAN (BO",45.46774,4.43271
201300026890,13,9,2013,8,1,42,218,2,1,1,3,"IGNORE, GRIGNARD VICTOR",45.46052,4.40047
201300026891,30,10,2013,14,1,42,218,2,3,1,3,"24, DESTRE DOCTEUR LOUIS",45.43836,4.43634
201300026892,30,10,2013,19,5,42,218,2,2,1,3,"28, DURAFOUR ANTOINE JUS",45.43074,4.39338
201300026893,1,11,2013,7,2,42,218,2,1,1,2,"25, JANIN JULES (BD) A P",45.4483,4.38927
201300026894,1,11,2013,9,1,42,218,2,1,1,6,"115, FAURIEL (COURS)",45.42135,4.4108
201300026895,9,11,2013,12,1,42,218,2,2,1,6,"51, TERRENOIRE (DE) A PA",45.43372,4.41619
201300026896,10,11,2013,19,5,42,218,2,3,2,3,ROBESPIERRE,45.41429,4.39542
201300026897,12,11,2013,12,1,42,218,2,3,1,3,"1, REPUBLIQUE (PLACE DE",45.44435,4.3637
201300026898,13,11,2013,17,5,42,218,2,4,1,6,"04A, HERRIOT EDOUARD",45.42743,4.40811
201300026899,17,11,2013,21,3,42,218,2,3,1,3,"43, BOISSON ETIENNE JUSQ",45.44559,4.38296
201300026900,19,11,2013,9,1,42,218,2,1,2,3,"04, NORMANDIE NIEMEN N?1",45.43832,4.40553
201300026901,18,11,2013,21,5,42,218,2,2,1,1,"07, CHAIZE NICOLAS JUSQU",45.41817,4.39466
201300026902,24,11,2013,21,5,42,218,2,1,1,6,"02, PYAT FELIX",45.43484,4.3826
201300026903,30,11,2013,9,1,42,218,2,1,1,6,"140, DURAFOUR ANTOINE A",45.42205,4.39681
201300026904,1,12,2013,3,5,42,218,2,2,1,3,SAINT EXUPERY,45.46425,4.38198
201300026905,2,12,2013,12,1,42,218,2,1,8,6,"SANS, GIRODET (PLACE)",45.44774,4.38198
201300026906,4,12,2013,17,5,42,218,2,1,1,4,"14, SCHEURER KESTNER",45.45399,4.39349
201300026907,3,12,2013,9,1,42,218,2,2,1,3,"02, VISITATION (DE LA)",45.44781,4.37994
201300026908,8,12,2013,11,1,42,218,2,2,1,6,MENDES FRANCE PIERRE (BO,45.43434,4.37961
201300026909,8,12,2013,20,5,42,223,2,1,1,6,"20, MINOIS (BOULEVARD)",45.45039,4.33358
201300026910,9,12,2013,10,1,42,218,2,1,1,6,"11, AVRIL REVEREND PERE",45.44156,4.3785
201300026911,13,12,2013,9,1,42,218,2,1,1,6,"ignor?e, LALO EDOUARD (A",45.47177,4.4011
201300026912,13,12,2013,16,1,42,218,2,1,1,6,"02, JAURES JEAN (PLACE)",45.44083,4.38747
201300026913,17,12,2013,13,1,42,237,2,1,1,6,"32, HUGO (VICTOR)",45.44644,4.43348
201300026914,19,12,2013,18,5,42,218,2,2,2,3,"33, FAURIAT (BOULEVARD)",45.44511,4.40756
201300026915,10,1,2013,12,1,43,251,2,3,1,3,R JACQUES VISCOMTE,45.0291,3.87381
201300026916,16,1,2013,17,1,43,157,2,1,1,6,AV GEORGES CLEMENCEAU,45.0416,3.8877
201300026917,22,1,2013,9,1,43,157,2,1,1,6,35 BD SAINT LOUIS,45.0428,3.88042
201300026918,8,2,2013,11,1,43,157,2,3,1,1,50 AV D'OURS MONS,0.0,0.0
201300026919,13,2,2013,12,1,43,157,2,1,1,6,10 R VIBERT,0.0,0.0
201300026920,25,2,2013,13,1,43,157,2,1,1,2,13 AV ANDRE SOULIER,0.0,0.0
201300026921,18,5,2013,10,1,43,89,2,1,2,6,AV VAL DU RIOU,0.0,0.0
201300026922,6,6,2013,7,1,43,41,2,3,1,3,PC DU 8 MAI 45-CHM LE B,0.0,0.0
201300026923,27,6,2013,16,1,43,41,2,1,1,6,117 AV CHARLES DUPUY,0.0,0.0
201300026924,5,7,2013,19,1,43,2,2,1,1,3,BD DOCTEUR CHANTEMESSE,45.05,3.87631
201300026925,10,7,2013,16,1,43,157,2,1,3,6,BD DU BREUIL,45.042,3.88255
201300026926,11,7,2013,16,1,43,157,2,1,1,6,R ANTOINE MARTIN,0.0,0.0
201300026927,3,8,2013,10,1,43,41,2,1,1,4,RN 88- PONT SUR LA LOIRE,45.0556,3.91101
201300026928,7,9,2013,22,5,43,157,2,3,2,3,BD MAR?CHAL JOFFRE,45.048,3.89334
201300026929,7,9,2013,16,1,43,157,2,1,2,6,1-9 BD CHANTEMESSE,45.0477,3.87831
201300026930,18,9,2013,10,1,43,41,2,1,1,6,AV CHARLES DUPUY,45.0504,3.91322
201300026931,28,9,2013,12,1,43,41,2,3,1,3,COT DE TIREBOEUF,45.0496,3.90749
201300026932,20,9,2013,18,1,43,41,2,1,1,6,COT DE TIREBEOUF,45.0496,3.91246
201300026933,7,10,2013,16,1,43,157,2,1,1,6,AV GEORGES CLEMENCEAU,45.0417,3.88754
201300026934,12,10,2013,18,2,43,157,2,1,2,3,4 PL MICHELET,0.0,0.0
201300026935,12,10,2013,10,1,43,2,2,1,2,6,CHM DE LA BOUTHEZARD,0.0,0.0
201300026936,17,10,2013,21,5,43,157,2,1,1,6,"1, R LOUIS PASCAL",0.0,0.0
201300026937,19,10,2013,14,1,43,41,2,3,1,2,8 COT DE TIREBEOUF,45.0496,3.90751
201300026938,21,10,2013,11,1,43,89,2,4,1,2,4 AV DE L'ERMITAGE,45.0527,3.86864
201300026939,9,11,2013,13,1,43,157,2,3,1,3,93 AV MAR?CHAL FOCH,45.033,3.88613
201300026940,12,11,2013,9,1,43,89,2,1,1,2,"27, AV DE L'ERMITGE",45.0542,3.8664
201300026941,21,11,2013,14,1,43,41,2,1,4,2,57 AV CHARLES DUPUY,45.0475,3.92485
201300026942,25,11,2013,15,1,43,251,2,1,1,6,90 AV DE VALS,45.0313,3.87738
201300026943,3,12,2013,13,1,43,157,2,2,1,3,R DE LA GAZELLE,0.0,0.0
201300026944,3,12,2013,13,1,43,157,2,1,1,6,ALL PARKING EGLISE DES C,0.0,0.0
201300026945,10,12,2013,7,5,43,157,2,1,1,6,R RICHONS DES BRUS,0.0,0.0
201300026946,13,12,2013,22,5,43,157,2,2,1,3,BD DE LA R?PUBLIQUE,0.0,0.0
201300026947,17,12,2013,15,1,43,89,2,1,1,1,15 AV DE MONDON,45.0522,3.86887
201300026948,19,12,2013,17,2,43,41,2,1,2,6,11 AV CHARLES DUPUY,45.047,3.92619
201300026949,31,12,2013,0,5,43,157,2,1,1,6,2 AV DU VAL VERT,0.0,0.0
201300026950,8,1,2013,8,2,44,55,2,1,1,6,"41, FLANDIN ( AVENUE DU",0.0,0.0
201300026951,11,1,2013,7,3,44,132,1,1,1,2,"10, MAHUIT (ROUTE DE)",0.0,0.0
201300026952,13,1,2013,5,3,44,132,2,1,2,6,"24, ORMEAUX (AVENUE DES)",0.0,0.0
201300026953,15,1,2013,11,1,44,55,2,2,1,6,"1, NERVO ( AVENUE DU CDT",0.0,0.0
201300026954,4,3,2013,17,1,44,132,2,3,1,3,"NS, HIRONDELLES (AVENUE",0.0,0.0
201300026955,24,4,2013,16,1,44,55,2,1,1,6,GAULLE ( AVENUE DU G?N?R,0.0,0.0
201300026956,9,5,2013,11,1,44,132,2,1,1,6,"208, OCEANIDES (BOULEVAR",0.0,0.0
201300026957,12,5,2013,16,1,44,55,2,6,1,3,ANJOU ( AVENUE D' ),0.0,0.0
201300026958,14,5,2013,17,1,44,55,2,3,1,5,"NS, LYAUTEY ( AVENUE DU",0.0,0.0
201300026959,26,6,2013,5,5,44,55,2,1,1,6,REIMS ( PLACE DE ),0.0,0.0
201300026960,28,6,2013,11,1,44,132,1,3,1,3,ERMUR (ROUTE D'),0.0,0.0
201300026961,8,7,2013,8,1,44,132,2,1,1,3,"139, BONNE SOURCE (AVENU",0.0,0.0
201300026962,8,7,2013,17,1,44,132,2,1,1,2,"41, LITTORAL (AVENUE DU)",0.0,0.0
201300026963,9,7,2013,11,1,44,132,2,3,1,6,"NS, LOUISE (AVENUE)",0.0,0.0
201300026964,4,7,2013,17,1,44,135,2,6,1,3,"NS, LLANTWIT-MAJOR ( AVE",0.0,0.0
201300026965,28,7,2013,11,1,44,55,2,9,3,6,"NS, OC?AN ( BOULEVARD DE",0.0,0.0
201300026966,5,8,2013,10,1,44,55,2,3,1,3,"0, MIMOSAS (AVENUE DES)",0.0,0.0
201300026967,7,8,2013,14,1,44,55,2,4,1,3,RIGAUD ( AVENUE MARCEL ),0.0,0.0
201300026968,8,8,2013,1,5,44,55,2,1,1,1,ETOILE ( AVENUE DE L' ),0.0,0.0
201300026969,8,8,2013,16,1,44,132,2,6,1,3,"7, REPUBLIQUE (BOULEVARD",0.0,0.0
201300026970,18,8,2013,13,1,44,55,1,1,2,6,D 213,0.0,0.0
201300026971,17,8,2013,3,5,44,55,2,2,1,6,COLLINES ( IMPASSE DES ),0.0,0.0
201300026972,20,8,2013,18,1,44,132,2,1,1,3,"32, OCEANIDES (BOULEVARD",0.0,0.0
201300026973,24,8,2013,16,1,44,55,2,3,1,3,FRANCHET-D'ESP?REY ( AVE,0.0,0.0
201300026974,10,8,2013,18,1,44,55,2,1,1,6,"1, AM?THYSTES ( AVENUE D",0.0,0.0
201300026975,24,8,2013,12,1,44,132,1,1,1,7,D 392,0.0,0.0
201300026976,23,8,2013,15,1,44,55,2,3,1,2,"28, FLANDIN ( AVENUE DU",0.0,0.0
201300026977,17,8,2013,9,1,44,55,2,2,1,3,ONDINES ( AVENUE DES ),0.0,0.0
201300026978,3,9,2013,15,1,44,132,2,1,1,7,"63, BONNE SOURCE (AVENUE",0.0,0.0
201300026979,8,9,2013,11,1,44,55,2,6,1,3,"NS, OC?AN ( BOULEVARD DE",0.0,0.0
201300026980,9,9,2013,19,1,44,55,2,1,1,7,"26, JOSSELIN ( AVENUE )",0.0,0.0
201300026981,11,10,2013,9,1,44,55,2,1,1,6,"181, MORANDAIS ( AVENUE",0.0,0.0
201300026982,29,10,2013,18,3,44,55,2,3,1,3,VILLE AUX F?VES ( ROUTE,0.0,0.0
201300026983,30,10,2013,7,1,44,135,2,6,2,6,OC?AN ( AVENUE DE L' ),0.0,0.0
201300026984,31,10,2013,11,1,44,132,1,1,1,2,BAULOIS (AVENUE DU),0.0,0.0
201300026985,23,11,2013,22,5,44,55,2,3,1,7,"0, OC?AN ( BOULEVARD DE",0.0,0.0
201300026986,28,11,2013,16,1,44,132,2,3,1,3,"NR, MOUETTES (AVENUE DES",0.0,0.0
201300026987,3,12,2013,12,1,44,55,2,2,1,3,"NS, JOFFRE ( AVENUE )",0.0,0.0
201300026988,24,12,2013,11,1,44,132,2,1,1,6,"NS, BAULOIS (AVENUE DU)",0.0,0.0
201300026989,4,1,2013,4,4,44,109,2,1,1,6,BOULEVARD JOSEPH BOURCY,0.0,0.0
201300026990,26,12,2013,9,1,44,109,2,1,1,6,"0, RUE FLANDRES DUNKERQU",0.0,0.0
201300026991,1,1,2013,7,5,44,109,2,2,1,3,RUE PITRE CHEVALIER,0.0,0.0
201300026992,2,1,2013,22,5,44,109,2,2,1,6,"0, BOULEVARD GABRIEL GUI",0.0,0.0
201300026993,6,1,2013,5,5,44,109,2,1,1,6,COURS DES 50 OTAGES,0.0,0.0
201300026994,3,1,2013,15,1,44,109,2,2,1,3,"., RUE SAINT DENIS",0.0,0.0
201300026995,19,12,2013,19,3,44,109,2,1,3,7,"., BOULEVARD JEAN MOULIN",0.0,0.0
201300026996,9,1,2013,18,5,44,109,2,1,1,2,"., BOULEVARD MARTIN LUTH",0.0,0.0
201300026997,7,1,2013,8,2,44,162,1,1,9,7,RUE DE LA SYONNIERE,0.0,0.0
201300026998,13,1,2013,7,5,44,109,2,3,5,7,"00, RUE DE LA PATOUILLER",0.0,0.0
201300026999,11,1,2013,15,1,44,109,2,9,1,2,"00, PLACE VICTOR MANGIN",0.0,0.0
201300027000,15,1,2013,18,5,44,109,2,1,1,3,"115, BOULEVARD DU MASSAC",0.0,0.0
201300027001,15,1,2013,10,1,44,109,2,1,1,6,"1, SQUARE DES ROSSIGNOLS",0.0,0.0
201300027002,15,1,2013,16,1,44,143,2,1,1,6,"20, TABLEAU (RUE FELIX)",0.0,0.0
201300027003,17,1,2013,16,1,44,109,2,2,1,2,"4, BOULEVARD DE LAUNAY",0.0,0.0
201300027004,22,1,2013,10,1,44,114,2,1,1,6,"1, ESPLANADE DU CARDO",0.0,0.0
201300027005,23,1,2013,8,1,44,114,2,1,5,4,137,0.0,0.0
201300027006,26,1,2013,5,5,44,109,2,1,1,6,"10, RUE DE PORNICHET",0.0,0.0
201300027007,29,1,2013,7,5,44,109,2,2,3,3,"0, BOULEVARD DE STALINGR",0.0,0.0
201300027008,29,1,2013,19,5,44,190,2,1,2,2,"451, ROUTE DE CLISSON",0.0,0.0
201300027009,29,1,2013,8,2,44,109,2,1,3,3,"50, BOULEVARD DES BELGES",0.0,0.0
201300027010,9,1,2013,10,1,44,109,2,1,2,6,"12, ROUTE DE LA CHAPELLE",0.0,0.0
201300027011,30,1,2013,13,1,44,143,1,6,1,2,MARGUYONNES (ROND-POINT,0.0,0.0
201300027012,4,2,2013,12,1,44,109,2,1,1,6,"8, RUE DU PERRAY",0.0,0.0
201300027013,4,1,2013,12,1,44,109,2,1,2,6,"8, RUE DU PERRAY",0.0,0.0
201300027014,29,1,2013,17,1,44,114,2,1,9,6,BOULEVARD MENDES FRANCE,0.0,0.0
201300027015,8,2,2013,1,5,44,109,2,6,2,6,ROND-POINT DE RENNES,0.0,0.0
201300027016,28,1,2013,8,2,44,109,2,1,1,6,"00, BOULEVARD LEON BUREA",0.0,0.0
201300027017,7,2,2013,18,1,44,109,2,1,9,2,PONT DE CHEVIRE,0.0,0.0
201300027018,12,2,2013,12,1,44,109,2,1,1,6,CLISSON ( ROUTE DE ),0.0,0.0
201300027019,7,2,2013,17,2,44,109,2,1,1,6,"1, QUAI HOCHE",0.0,0.0
201300027020,13,2,2013,13,1,44,109,2,1,1,6,"61, CLISSON ( ROUTE DE )",0.0,0.0
201300027021,14,2,2013,18,2,44,109,2,1,1,2,"156, ROUTE DE SAINTE LUC",0.0,0.0
201300027022,14,2,2013,9,1,44,109,2,1,1,7,"2, AVENUE CARNOT",0.0,0.0
201300027023,18,2,2013,10,1,44,109,2,1,1,6,RUE DU COUDRAY,0.0,0.0
201300027024,18,2,2013,19,5,44,109,2,2,1,6,PONT GENERAL AUDIBERT,0.0,0.0
201300027025,21,2,2013,9,1,44,109,2,9,1,2,"., BOULEVARD DE LONGCHAM",0.0,0.0
201300027026,23,2,2013,7,5,44,9,1,1,1,6,"1, PERIPHERIQUE SUD",0.0,0.0
201300027027,24,2,2013,18,1,44,109,1,2,1,6,RUE MAUVOISINS,0.0,0.0
201300027028,19,2,2013,10,1,44,162,2,1,9,6,RUE AMERIGO VESPUCCI,0.0,0.0
201300027029,6,3,2013,10,1,44,109,2,1,1,3,RUE MARCEL PAUL,0.0,0.0
201300027030,6,3,2013,16,1,44,162,2,6,1,3,"0, BOULEVARD FRANCOIS MI",0.0,0.0
201300027031,10,3,2013,5,5,44,109,2,8,2,6,"117, RUE DU LANDREAU",0.0,0.0
201300027032,10,3,2013,9,1,44,109,2,1,1,2,"32, BOULEVARD DE LA FRAT",0.0,0.0
201300027033,4,3,2013,22,5,44,109,2,2,1,3,"., RUE DE STRASBOURG",0.0,0.0
201300027034,7,3,2013,8,1,44,162,2,1,1,6,"7, QUAI EMILE CORMERAIS",0.0,0.0
201300027035,13,3,2013,9,1,44,109,2,1,1,3,"4, CHEMIN DU PONT L'ARCH",0.0,0.0
201300027036,18,2,2013,7,2,44,109,2,6,1,3,"0, ROUTE DE PARIS",0.0,0.0
201300027037,15,3,2013,7,2,44,109,2,6,1,3,"0, ROUTE DE PARIS",0.0,0.0
201300027038,10,2,2013,7,2,44,109,2,6,1,3,"0, ROUTE DE PARIS",0.0,0.0
201300027039,16,3,2013,10,1,44,109,2,1,1,2,"0, PONT ANNE DE BRETAGNE",0.0,0.0
201300027040,17,3,2013,12,1,44,109,2,3,3,7,"27, BOULEVARD DES BELGES",0.0,0.0
201300027041,16,3,2013,15,1,44,114,1,1,1,2,"0, PERIPHERIQUE ROUTIER",0.0,0.0
201300027042,13,3,2013,16,1,44,114,2,1,1,3,"172, ROUTE DE VANNES",0.0,0.0
201300027043,12,3,2013,12,1,44,109,2,2,8,3,RUE DE LA MAISON BLANCHE,0.0,0.0
201300027044,15,3,2013,17,1,44,162,2,1,1,6,RUE DU CONGO,0.0,0.0
201300027045,5,3,2013,12,1,44,162,2,1,1,2,"0, BOULEVARD DU TERTRE",0.0,0.0
201300027046,18,3,2013,8,1,44,109,2,1,1,3,"110, BOULEVARD MICHELET",0.0,0.0
201300027047,23,3,2013,13,1,44,109,2,1,1,7,"., BOULEVARD JEAN PHILIP",0.0,0.0
201300027048,22,3,2013,17,1,44,109,2,1,2,1,"4, BOULEVARD EUGENE ORIE",0.0,0.0
201300027049,22,3,2013,14,1,44,109,2,1,1,3,"0, BOULEVARD GENERAL DE",0.0,0.0
201300027050,21,3,2013,10,1,44,162,2,1,3,3,"000, BOULEVARD WINSTON C",0.0,0.0