Num_Acc,jour,mois,an,hr,condition_eclairage,departement,commune,condition_agglomeration,intersection,condition_atmosphere,type_collision,adresse,lattitude,longitude
201300027051,3,3,2013,10,1,44,109,2,1,1,6,PLACE DE LA PETITE HOLLA,0.0,0.0
201300027052,10,3,2013,13,1,44,109,2,1,1,2,"0, RUE GUILLAUME GROOTAE",0.0,0.0
201300027053,22,3,2013,16,1,44,109,2,2,1,3,"0, BOULEVARD GENERAL DE",0.0,0.0
201300027054,28,3,2013,20,2,44,109,2,1,1,3,"44, RUE DES 3 ROIS",0.0,0.0
201300027055,2,4,2013,20,5,44,109,2,2,1,2,"0, RUE SAINT LEONARD",0.0,0.0
201300027056,28,3,2013,11,1,44,162,2,1,1,6,ROUTE DE VANNES,0.0,0.0
201300027057,1,4,2013,16,1,44,162,2,6,1,6,BOULEVARD MARCEL PAUL,0.0,0.0
201300027058,4,4,2013,11,1,44,109,2,1,1,3,"0, RUE FELIX MENETRIER",0.0,0.0
201300027059,6,4,2013,12,1,44,109,2,1,8,7,"25, RUE JULES SIMON",0.0,0.0
201300027060,14,4,2013,3,5,44,109,2,1,1,6,RUE PREMION,0.0,0.0
201300027061,6,4,2013,9,1,44,109,2,1,1,2,"0, PONT SAINT MIHIEL",0.0,0.0
201300027062,2,4,2013,15,1,44,143,2,1,1,6,AVENUE DE LA VENDEE,0.0,0.0
201300027063,8,4,2013,22,2,44,109,2,2,1,2,"0, RUE LA TOUR D'AUVERGN",0.0,0.0
201300027064,9,4,2013,18,1,44,114,2,1,1,4,PERIPHERIQUE ROUTIER,0.0,0.0
201300027065,12,4,2013,8,1,44,109,2,1,1,6,"2, RUE PAUL BELLAMY",0.0,0.0
201300027066,14,4,2013,0,5,44,109,2,1,1,2,"21, BOULEVARD DE LAUNAY",0.0,0.0
201300027067,14,4,2013,17,1,44,109,2,1,1,6,"4, RUE HENRI IV",0.0,0.0
201300027068,17,4,2013,17,1,44,114,2,1,1,6,"213, ROUTE DE RENNES",0.0,0.0
201300027069,12,4,2013,17,1,44,190,2,1,1,6,RUE DE L'ALLEE VERTE,0.0,0.0
201300027070,14,4,2013,5,2,44,190,2,1,1,3,"0, AVENUE DE LA MARTELLI",0.0,0.0
201300027071,18,4,2013,19,2,44,190,2,1,1,6,"20, RUE DE LA COMMUNE DE",0.0,0.0
201300027072,10,4,2013,17,1,44,162,2,1,1,2,"0, BOULEVARD SALVADOR AL",0.0,0.0
201300027073,26,4,2013,7,1,44,162,1,1,1,6,"0, BOULEVARD PROFESSEUR",0.0,0.0
201300027074,12,4,2013,16,1,44,109,2,1,1,6,"264, ROUTE DE VANNES",0.0,0.0
201300027075,29,4,2013,18,1,44,109,2,1,1,3,"0, BOULEVARD GUY MOLLET",0.0,0.0
201300027076,29,4,2013,17,1,44,114,2,2,1,3,"0, RUE DE VINCENNES",0.0,0.0
201300027077,3,5,2013,20,1,44,109,2,3,1,5,", BOULEVARD ERNEST DALBY",0.0,0.0
201300027078,4,5,2013,6,1,44,143,1,1,1,2,PERIPHERIQUE,0.0,0.0
201300027079,5,5,2013,11,1,44,162,1,1,1,3,PORTE D' ARMOR,0.0,0.0
201300027080,30,4,2013,20,1,44,162,2,1,1,3,", BOULEVARD MARCEL PAUL",0.0,0.0
201300027081,10,5,2013,11,1,44,109,2,2,1,6,PLACE VICTOR MANGIN,0.0,0.0
201300027082,11,5,2013,22,5,44,109,2,3,1,3,BOULEVARD JEAN MONNET,0.0,0.0
201300027083,12,5,2013,14,1,44,109,2,1,1,6,"11, RUE URBAIN LE VERRIE",0.0,0.0
201300027084,10,5,2013,17,1,44,162,2,1,1,2,QUAI EMILE CORMERAIS,0.0,0.0
201300027085,8,5,2013,10,1,44,109,2,6,2,6,"0, BOULEVARD DU TERTRE",0.0,0.0
201300027086,13,5,2013,17,1,44,162,2,1,1,3,"123, QUAI EMILE CORMERAI",0.0,0.0
201300027087,15,5,2013,15,1,44,109,1,1,1,6,"4, BOULEVARD LELASSEUR",0.0,0.0
201300027088,17,5,2013,7,1,44,109,2,6,1,6,BOULEVARD PROFESSEUR JAC,0.0,0.0
201300027089,18,5,2013,18,1,44,109,2,1,1,6,"00, RUE DU CORPS DE GARD",0.0,0.0
201300027090,18,5,2013,13,1,44,109,2,1,1,6,QUAI DE LA FOSSE,0.0,0.0
201300027091,18,5,2013,11,1,44,109,2,2,1,2,ROUTE DE VANNES,0.0,0.0
201300027092,23,5,2013,3,5,44,109,2,1,1,6,RUE GEORGE SAND,0.0,0.0
201300027093,23,5,2013,18,1,44,109,2,1,1,3,COURS DES 50 OTAGES,0.0,0.0
201300027094,25,5,2013,20,1,44,162,2,2,1,3,AVENUE DE LA BARAUDIERE,0.0,0.0
201300027095,22,5,2013,18,1,44,162,2,1,1,7,"., RUE D'AVRANCHES",0.0,0.0
201300027096,25,5,2013,23,5,44,143,2,1,1,6,AVENUE LEON BLUM,0.0,0.0
201300027097,26,5,2013,19,1,44,109,2,2,1,6,RUE DU JAMET,0.0,0.0
201300027098,24,5,2013,19,1,44,162,2,6,1,3,"0, BOULEVARD SALVADOR AL",0.0,0.0
201300027099,23,5,2013,15,1,44,109,2,3,1,3,"00, ROUTE DE SAINTE LUCE",0.0,0.0
201300027100,27,5,2013,13,1,44,162,2,1,1,2,"64, RUE DE LA GARE",0.0,0.0
201300027101,30,5,2013,8,1,44,109,2,9,8,6,"., BD MARTYRS N. DE LA R",0.0,0.0
201300027102,29,5,2013,7,1,44,109,2,1,1,7,"., BOULEVARD GUY MOLLET",0.0,0.0
201300027103,1,6,2013,20,1,44,143,2,1,1,6,"0, PERIPHERIQUE",0.0,0.0
201300027104,1,6,2013,18,1,44,143,2,1,1,2,RUE DES SORINIERES,0.0,0.0
201300027105,1,6,2013,16,1,44,114,2,3,1,6,"0, RUE HUBERT DE LA BROS",0.0,0.0
201300027106,1,6,2013,5,3,44,109,2,1,1,3,"0, RUE DE SAINT DOMINGUE",0.0,0.0
201300027107,8,6,2013,3,5,44,109,2,1,1,6,QUAI PRESIDENT WILSON,0.0,0.0
201300027108,7,6,2013,22,3,44,109,2,1,2,3,LADMIRAULT (PL),0.0,0.0
201300027109,6,6,2013,18,1,44,109,2,1,1,6,PLACE PIRMIL,0.0,0.0
201300027110,11,6,2013,9,1,44,109,2,1,2,6,"62 ter, BOULEVARD LELASS",0.0,0.0
201300027111,11,6,2013,17,1,44,109,2,3,2,3,BOULEVARD GABRIEL LAURIO,0.0,0.0
201300027112,11,6,2013,8,1,44,109,2,1,2,2,BOULEVARD PRESIDENT RENE,0.0,0.0
201300027113,10,6,2013,18,1,44,162,2,2,1,6,AVENUE DES SPORTS,0.0,0.0
201300027114,1,6,2013,7,5,44,109,2,1,9,6,"00, RUE DE BREA",0.0,0.0
201300027115,11,6,2013,17,1,44,109,2,1,9,6,"., BOULEVARD DU MASSACRE",0.0,0.0
201300027116,11,6,2013,16,1,44,109,2,1,1,6,"000, RUE ROMAIN ROLLAND",0.0,0.0
201300027117,14,8,2013,15,1,44,109,2,1,1,6,BOULEVARD JEAN MONNET,0.0,0.0
201300027118,16,6,2013,0,5,44,109,2,1,1,6,"24, BOULEVARD DE LONGCHA",0.0,0.0
201300027119,16,6,2013,0,5,44,109,2,9,1,1,BOULEVARD DE CARDIFF,0.0,0.0
201300027120,11,6,2013,17,1,44,109,2,1,9,6,"255, BOULEVARD DU MASSAC",0.0,0.0
201300027121,15,6,2013,21,1,44,143,2,1,1,6,RUE DES OUCHES,0.0,0.0
201300027122,31,5,2013,23,5,44,109,2,1,1,6,"0, RUE DES DERVALLIERES",0.0,0.0
201300027123,21,6,2013,17,1,44,162,2,9,1,6,"0, AVENUE LOUIS GUILLOUX",0.0,0.0
201300027124,25,6,2013,7,1,44,109,2,2,1,6,BOULEVARD DE LA LIBERTE,0.0,0.0
201300027125,25,6,2013,15,1,44,143,2,1,1,6,"24, RUE GEORGES BARBEAU",0.0,0.0
201300027126,25,6,2013,15,1,44,109,2,1,1,7,"., BOULEVARD MARTIN LUTH",0.0,0.0
201300027127,26,6,2013,12,1,44,109,2,1,1,6,"0, BOULEVARD JULES VERNE",0.0,0.0
201300027128,23,6,2013,16,1,44,109,2,1,1,6,"15, RUE DU BOUILLON",0.0,0.0
201300027129,27,6,2013,15,1,44,190,2,1,1,6,ROUTE DE CLISSON,0.0,0.0
201300027130,22,6,2013,9,1,44,162,2,6,1,6,"0, BOULEVARD FRANCOIS MI",0.0,0.0
201300027131,28,6,2013,11,1,44,109,2,1,1,5,", PONT DE CHEVIRE",0.0,0.0
201300027132,2,7,2013,15,1,44,109,2,1,1,3,BOULEVARD PRESIDENT RENE,0.0,0.0
201300027133,3,7,2013,6,2,44,109,2,2,2,6,ROUTE DE PARIS,0.0,0.0
201300027134,2,4,2013,7,1,44,143,2,1,1,6,QUAI MARCEL BOISSARD,0.0,0.0
201300027135,5,7,2013,6,1,44,109,2,1,1,6,"8, BOULEVARD ALBERT EINS",0.0,0.0
201300027136,8,7,2013,18,1,44,109,1,1,1,3,BOULEVARD DE LA PRAIRIE,0.0,0.0
201300027137,9,7,2013,18,1,44,109,2,3,1,6,RUE DES RENARDS,0.0,0.0
201300027138,10,7,2013,20,1,44,109,2,3,1,6,BOULEVARD DES AMERICAINS,0.0,0.0
201300027139,10,7,2013,19,1,44,109,2,1,1,6,"0, RUE DE LA COULEE",0.0,0.0
201300027140,12,7,2013,16,1,44,109,2,1,1,6,"0, BOULEVARD LEON BUREAU",0.0,0.0
201300027141,5,7,2013,15,1,44,162,2,1,1,2,"., BOULEVARD SALVADOR AL",0.0,0.0
201300027142,16,7,2013,9,1,44,109,2,1,1,1,COURS JOHN KENNEDY,0.0,0.0
201300027143,8,7,2013,9,1,44,109,2,1,1,6,"00, BOULEVARD JEAN INGRE",0.0,0.0
201300027144,18,7,2013,9,1,44,162,2,6,1,3,"., BOULEVARD FRANCOIS MI",0.0,0.0
201300027145,17,7,2013,21,1,44,109,2,1,1,6,"0, BOULEVARD JULES VERNE",0.0,0.0
201300027146,23,7,2013,12,1,44,109,2,9,1,3,BOULEVARD DE CARDIFF,0.0,0.0
201300027147,22,7,2013,14,1,44,114,2,1,1,6,PERIPHERIQUE ROUTIER,0.0,0.0
201300027148,21,7,2013,18,1,44,190,2,1,1,6,RUE DE LA CROIX BINE,0.0,0.0
201300027149,27,7,2013,14,1,44,109,2,2,3,3,BOULEVARD HENRY ORRION,0.0,0.0
201300027150,25,7,2013,13,1,44,109,2,1,1,6,"0, PONT WILLY BRANDT",0.0,0.0
201300027151,5,8,2013,21,1,44,109,2,1,1,2,BOULEVARD LELASSEUR,0.0,0.0
201300027152,1,8,2013,21,1,44,190,2,1,1,6,"0, BOULEVARD DES PAS ENC",0.0,0.0
201300027153,4,8,2013,7,1,44,162,2,1,1,6,AVENUE DES THEBAUDIERES,0.0,0.0
201300027154,6,8,2013,23,5,44,109,2,3,1,6,"0, RUE MARECHAL JOFFRE",0.0,0.0
201300027155,8,8,2013,13,1,44,109,2,1,1,6,"2, PLACE DU 11IEME TRAIN",0.0,0.0
201300027156,2,9,2013,16,1,44,109,2,1,1,6,"0, BOULEVARD PRESIDENT R",0.0,0.0
201300027157,17,8,2013,10,1,44,109,2,1,1,1,"x, BOULEVARD DE STALINGR",0.0,0.0
201300027158,16,8,2013,6,1,44,162,2,1,1,6,"0, BOULEVARD PROFESSEUR",0.0,0.0
201300027159,18,8,2013,11,1,44,109,2,1,2,6,"0, RUE PAUL BELLAMY",0.0,0.0
201300027160,21,8,2013,7,1,44,143,2,2,1,6,"0, RUE ARISTIDE BRIAND",0.0,0.0
201300027161,24,8,2013,8,1,44,143,2,1,1,7,RUE DE LA PIERRANE,0.0,0.0
201300027162,23,8,2013,16,1,44,109,2,1,1,2,"0, CHAUSSEE DE LA MADELE",0.0,0.0
201300027163,22,8,2013,16,1,44,109,2,1,1,6,BOULEVARD RENE CASSIN,0.0,0.0
201300027164,22,8,2013,17,1,44,109,2,9,1,3,"00, PLACE DE LA CROIX BO",0.0,0.0
201300027165,23,8,2013,17,1,44,109,2,1,1,6,"0, BOULEVARD SAINT AIGNA",0.0,0.0
201300027166,16,10,2013,12,1,44,190,2,9,9,6,"2, RUE PIERRE MENDES FRA",0.0,0.0
201300027167,26,8,2013,15,1,44,162,2,1,1,1,"125, RUE ROBERT SCHUMAN",0.0,0.0
201300027168,2,9,2013,12,1,44,109,2,1,1,6,BOULEVARD GUSTAVE ROCH,0.0,0.0
201300027169,3,9,2013,10,1,44,109,1,3,1,6,BOULEVARD DE DOULON,0.0,0.0
201300027170,3,9,2013,8,1,44,162,2,6,7,3,BOULEVARD CHARLES DE GAU,0.0,0.0
201300027171,6,9,2013,16,1,44,109,2,6,1,3,"0, IMPASSE DU PROGRES",0.0,0.0
201300027172,9,9,2013,22,5,44,109,2,6,1,6,"0, RUE DE L'OUCHE BURON",0.0,0.0
201300027173,5,9,2013,23,5,44,109,2,2,1,6,"0, COUR DE LA BROCANTE",0.0,0.0
201300027174,6,9,2013,16,1,44,109,2,1,1,6,"33, RUE DES USINES",0.0,0.0
201300027175,7,9,2013,9,1,44,109,2,1,1,6,"0, BOULEVARD ROBERT SCHU",0.0,0.0
201300027176,6,9,2013,19,1,44,109,2,1,1,6,"0, BOULEVARD JEAN MONNET",0.0,0.0
201300027177,10,9,2013,18,1,44,109,2,2,1,6,ROUTE DE PARIS,0.0,0.0
201300027178,5,9,2013,20,2,44,109,2,1,9,6,"0, RUE DU PRE GAUCHET",0.0,0.0
201300027179,10,9,2013,8,1,44,109,2,1,1,6,"22, RUE DE LA BOISSIERE",0.0,0.0
201300027180,9,9,2013,7,1,44,109,2,3,2,3,BOULEVARD GENERAL DE GAU,0.0,0.0
201300027181,11,9,2013,10,1,44,109,2,1,1,6,"23, BOULEVARD DU TERTRE",0.0,0.0
201300027182,12,9,2013,20,2,44,109,2,3,1,3,"0, RUE DE LA PATOUILLERI",0.0,0.0
201300027183,10,9,2013,13,1,44,114,2,9,1,6,ROUTE DE VANNES,0.0,0.0
201300027184,10,9,2013,13,1,44,109,2,1,1,6,"58, BOULEVARD JOLIOT CUR",0.0,0.0
201300027185,13,9,2013,18,1,44,109,2,3,1,6,"0, BOULEVARD GABRIEL LAU",0.0,0.0
201300027186,12,9,2013,16,1,44,109,2,1,1,6,BOULEVARD BOULAY PATY,0.0,0.0
201300027187,15,9,2013,16,1,44,109,2,1,1,1,"., RUE CHARLES PERRON",0.0,0.0
201300027188,13,9,2013,18,2,44,109,2,1,1,6,BOULEVARD RENE CASSIN,0.0,0.0
201300027189,15,9,2013,14,1,44,109,2,1,9,3,AVENUE CARNOT,0.0,0.0
201300027190,16,9,2013,18,1,44,114,2,3,1,3,"., 75",0.0,0.0
201300027191,18,9,2013,23,5,44,109,2,2,1,6,"0, ROUTE DE PARIS",0.0,0.0
201300027192,22,9,2013,6,5,44,109,1,1,1,6,"0, QUAI DES ANTILLES",0.0,0.0
201300027193,5,9,2013,7,2,44,109,2,1,1,7,"00, BOULEVARD GENERAL DE",0.0,0.0
201300027194,19,9,2013,17,1,44,190,2,1,1,6,"0, RUE DES BERLAGUTS",0.0,0.0
201300027195,16,9,2013,23,5,44,109,2,1,9,3,"000, COURS DES 50 OTAGES",0.0,0.0
201300027196,16,10,2013,9,1,44,143,2,6,8,2,"0, ROND-POINT JEAN VANO",0.0,0.0
201300027197,26,9,2013,11,1,44,109,2,1,2,2,"83, RUE DES RENARDS",0.0,0.0
201300027198,29,9,2013,14,1,44,109,2,2,1,6,"0, ROUTE DE PARIS",0.0,0.0
201300027199,25,9,2013,18,1,44,162,2,6,1,3,"0, BOULEVARD SALVADOR AL",0.0,0.0
201300027200,1,10,2013,16,1,44,109,2,1,2,6,"32, RUE DU CHAMP DE TIR",0.0,0.0
201300027201,30,9,2013,13,1,44,143,2,1,1,1,"4, AVENUE DE LA IVEME RE",0.0,0.0
201300027202,28,9,2013,15,1,44,190,2,1,2,6,BOULEVARD DES PAS ENCHAN,0.0,0.0
201300027203,3,10,2013,13,1,44,109,2,1,1,6,"1, PLACE PIRMIL",0.0,0.0
201300027204,3,10,2013,7,2,44,109,2,1,2,6,"face 99, BOULEVARD DU TE",0.0,0.0
201300027205,2,10,2013,17,1,44,109,2,1,1,7,"81, RUE GASTON TURPIN",0.0,0.0
201300027206,2,10,2013,17,1,44,109,2,1,1,3,"11, BOULEVARD JULES VERN",0.0,0.0
201300027207,1,10,2013,19,1,44,162,2,1,2,3,ROUTE DE VANNES,0.0,0.0
201300027208,2,10,2013,7,2,44,194,2,1,1,4,CHEMIN D'ORVAULT,0.0,0.0
201300027209,27,9,2013,13,1,44,162,2,1,1,2,"58, QUAI EMILE CORMERAIS",0.0,0.0
201300027210,3,10,2013,17,1,44,109,2,1,1,6,"., BOULEVARD MICHELET",0.0,0.0
201300027211,2,10,2013,15,1,44,143,2,1,1,6,"17, AVENUE DES PYRENEES",0.0,0.0
201300027212,9,10,2013,8,1,44,162,2,3,1,3,"39, BOULEVARD DU TERTRE",0.0,0.0
201300027213,6,10,2013,13,1,44,109,2,1,1,3,"1, BOULEVARD DU TERTRE",0.0,0.0
201300027214,9,10,2013,16,1,44,109,2,1,1,3,"146, BOULEVARD DES BELGE",0.0,0.0
201300027215,10,10,2013,15,1,44,109,2,1,1,3,BOULEVARD LELASSEUR,0.0,0.0
201300027216,10,10,2013,16,1,44,109,2,1,1,6,QUAI DE LA FOSSE,0.0,0.0
201300027217,11,10,2013,11,1,44,143,2,1,1,3,"73, RUE DE LA COMMUNE DE",0.0,0.0
201300027218,12,2,2013,23,5,44,109,2,2,1,3,"., BOULEVARD ERNEST DALB",0.0,0.0
201300027219,8,10,2013,16,2,44,162,2,1,1,6,"00, PLACE DE PREUX",0.0,0.0
201300027220,15,10,2013,19,5,44,109,2,1,2,1,PONT DE PIRMIL,0.0,0.0
201300027221,12,10,2013,16,1,44,109,2,1,1,6,BOULEVARD LEON BUREAU,0.0,0.0
201300027222,18,10,2013,12,1,44,109,2,1,1,2,"0, BOULEVARD DE SEATTLE",0.0,0.0
201300027223,19,10,2013,12,1,44,109,2,3,1,6,"., RUE FANNY PECCOT",0.0,0.0
201300027224,20,10,2013,10,1,44,109,2,1,1,3,ROUTE DE PARIS,0.0,0.0
201300027225,18,10,2013,18,1,44,109,2,1,1,7,"., RUE DES CHALATRES",0.0,0.0
201300027226,18,10,2013,21,4,44,172,2,1,1,6,"0, PERIPHERIQUE EST",0.0,0.0
201300027227,21,10,2013,8,5,44,109,2,1,1,6,"10, RUE FOURE",0.0,0.0
201300027228,21,10,2013,17,1,44,109,2,1,9,3,"26, BOULEVARD RENE CASSI",0.0,0.0
201300027229,21,10,2013,18,2,44,109,2,1,9,6,"0, RUE LUCIEN BAGRIN",0.0,0.0
201300027230,24,10,2013,7,5,44,114,2,1,2,3,"., ESPLANADE DU CARDO",0.0,0.0
201300027231,27,10,2013,2,5,44,109,2,1,6,6,BOULEVARD SALVADOR ALLEN,0.0,0.0
201300027232,28,10,2013,17,2,44,109,2,1,1,6,"6, RUE COPERNIC",0.0,0.0
201300027233,28,10,2013,13,1,44,162,2,1,1,6,"0, BOULEVARD DE LA BAULE",0.0,0.0
201300027234,30,10,2013,16,1,44,109,2,1,1,6,"0, BOULEVARD ERNEST DALB",0.0,0.0
201300027235,20,10,2013,12,1,44,109,2,1,1,7,PLACE DE LA BONDE,0.0,0.0
201300027236,3,11,2013,3,3,44,162,1,1,3,6,75,0.0,0.0
201300027237,1,11,2013,2,5,44,109,2,1,2,6,RUE DES HAUTS PAVES,0.0,0.0
201300027238,3,11,2013,5,5,44,114,2,3,1,3,ROUTE DE RENNES,0.0,0.0
201300027239,5,11,2013,14,1,44,109,2,1,1,3,BOULEVARD DE L'EGALITE,0.0,0.0
201300027240,2,11,2013,8,1,44,20,2,1,1,3,PERIPHERIQUE SUD,0.0,0.0
201300027241,22,8,2013,14,1,44,109,2,1,1,6,RUE HONORE DAUMIER,0.0,0.0
201300027242,6,11,2013,6,3,44,114,2,1,1,6,"0, PERIPHERIQUE ROUTIER",0.0,0.0
201300027243,12,11,2013,5,5,44,143,2,1,2,6,RUE ARISTIDE BRIAND,0.0,0.0
201300027244,9,11,2013,7,2,44,109,2,1,1,2,ROUTE DE SAINT JOSEPH,0.0,0.0
201300027245,9,11,2013,14,1,44,109,2,1,1,6,BOULEVARD VINCENT GACHE,0.0,0.0
201300027246,10,11,2013,11,1,44,109,2,1,2,6,"29, BOULEVARD PASTEUR",0.0,0.0
201300027247,7,11,2013,12,1,44,109,2,1,3,6,"88, RUE DE LA BOURGEONNI",0.0,0.0
201300027248,27,10,2013,2,3,44,109,2,1,1,6,RUE DE L'HOTEL DE VILLE,0.0,0.0
201300027249,12,11,2013,16,1,44,109,2,2,1,6,"0, RUE DESAIX",0.0,0.0
201300027250,13,11,2013,7,1,44,109,2,3,1,6,"00, BOULEVARD NICEPHORE",0.0,0.0
201300027251,14,11,2013,6,5,44,109,2,1,1,7,"7, RUE SAINT JEAN BAPTIS",0.0,0.0
201300027252,16,11,2013,8,1,44,109,2,1,1,7,"111, BOULEVARD DE LA FRA",0.0,0.0
201300027253,15,11,2013,10,1,44,109,2,1,1,3,"89, QUAI DE LA FOSSE",0.0,0.0
201300027254,16,11,2013,8,1,44,109,2,1,1,6,"1, RUE GASTON VEIL",0.0,0.0
201300027255,16,11,2013,13,1,44,109,2,1,1,2,BOULEVARD DU MASSACRE,0.0,0.0
201300027256,12,11,2013,9,1,44,109,2,1,1,6,"1, PONT WILLY BRANDT",0.0,0.0
201300027257,19,11,2013,20,5,44,109,2,2,1,6,RUE D'IRLANDE,0.0,0.0
201300027258,22,11,2013,6,5,44,109,2,2,1,3,"., BOULEVARD DES BELGES",0.0,0.0
201300027259,8,11,2013,8,1,44,109,2,1,1,2,PONT DE CHEVIRE,0.0,0.0
201300027260,26,11,2013,15,1,44,109,2,1,1,6,"0, BOULEVARD GABRIEL LAU",0.0,0.0
201300027261,26,11,2013,18,1,44,109,2,3,1,3,ROUTE DE VERTOU,0.0,0.0
201300027262,30,11,2013,12,1,44,109,2,1,1,7,"0, ROUTE DE SAINT JOSEPH",0.0,0.0
201300027263,1,12,2013,2,5,44,109,2,1,1,6,"38, RUE DE STRASBOURG",0.0,0.0
201300027264,2,12,2013,8,1,44,109,2,1,1,6,RUE DES RENARDS,0.0,0.0
201300027265,21,11,2013,15,1,44,109,2,1,9,6,"5/7, RUE DU PONT SAUVETO",0.0,0.0
201300027266,3,12,2013,19,5,44,190,2,1,1,3,ROUTE DE CLISSON,0.0,0.0
201300027267,28,11,2013,8,1,44,162,2,1,1,2,"17, RUE THEOPHILE GUILLO",0.0,0.0
201300027268,7,12,2013,16,2,44,109,2,6,1,6,"0, ROUTE DE SAINTE LUCE",0.0,0.0
201300027269,7,12,2013,14,1,44,109,2,1,1,3,RUE DE BEL AIR,0.0,0.0
201300027270,9,12,2013,14,1,44,109,2,1,1,3,BOULEVARD JULES VERNE,0.0,0.0
201300027271,9,12,2013,15,1,44,114,2,1,7,6,"0, PARVIS DE L'EUROPE",0.0,0.0
201300027272,6,12,2013,12,1,44,109,2,1,1,7,"158, RUE GENERAL BUAT",0.0,0.0
201300027273,11,12,2013,18,5,44,109,2,1,1,7,", RUE GAETAN RONDEAU",0.0,0.0
201300027274,10,12,2013,18,2,44,114,1,1,3,6,PERIPHERIQUE ROUTIER,0.0,0.0
201300027275,14,12,2013,11,1,44,109,2,2,1,3,PLACE RENE BOUHIER,0.0,0.0
201300027276,16,12,2013,16,1,44,109,2,1,1,6,RUE DE LA CORNOUAILLE,0.0,0.0
201300027277,14,12,2013,17,5,44,162,2,1,1,6,"0, PLACE OCEANE",0.0,0.0
201300027278,16,12,2013,12,1,44,143,2,1,1,7,RUE ARISTIDE BRIAND,0.0,0.0
201300027279,17,12,2013,8,1,44,109,2,1,9,3,RUE DES COLLINES,0.0,0.0
201300027280,16,12,2013,17,5,44,143,2,1,1,7,"., AVENUE ANDRE MALRAUX",0.0,0.0
201300027281,19,12,2013,18,5,44,109,2,8,1,3,"0, AVENUE DE LA GARE DE",0.0,0.0
201300027282,26,12,2013,4,4,44,109,2,1,9,3,"00, RUE DU PORT BOYER",0.0,0.0
201300027283,19,12,2013,11,1,44,114,2,1,1,2,137,0.0,0.0
201300027284,29,12,2013,6,5,44,109,2,1,9,3,"30, RUE PAUL BELLAMY",0.0,0.0
201300027285,20,12,2013,12,1,44,109,2,1,1,6,BOULEVARD RENE CASSIN,0.0,0.0
201300027286,23,12,2013,19,5,44,109,2,1,3,6,"143, RUE GENERAL BUAT",0.0,0.0
201300027287,19,12,2013,9,1,44,26,2,1,1,6,"0, PERIPHERIQUE EST",0.0,0.0
201300027288,8,1,2013,18,5,44,184,2,2,1,7,COMBES (RUE EMILE),0.0,0.0
201300027289,9,1,2013,8,1,44,184,2,3,1,3,VERNE (RUE JULES),0.0,0.0
201300027290,12,1,2013,18,2,44,184,2,1,1,7,"8, GAUTIER (RUE HENRI) D",0.0,0.0
201300027291,16,1,2013,14,1,44,184,2,1,1,7,LAENNEC (BD DU DR REN?),0.0,0.0
201300027292,22,1,2013,18,5,44,184,2,1,1,3,"42, HALLES (RUE DES) DU",0.0,0.0
201300027293,25,1,2013,4,5,44,184,2,1,1,7,ZOLA (BOULEVARD EMILE),0.0,0.0
201300027294,26,1,2013,15,1,44,184,2,1,2,2,RD 213,0.0,0.0
201300027295,29,1,2013,18,5,44,184,2,1,2,6,"14, G?T? (RUE DU CDT) DU",0.0,0.0
201300027296,31,1,2013,19,5,44,184,2,1,2,2,"17, LAENNEC (BD DU DR RE",0.0,0.0
201300027297,2,2,2013,17,1,44,184,2,1,1,2,BASSINS (ROUTE DES),0.0,0.0
201300027298,10,2,2013,17,5,44,184,2,1,2,6,MICHEL ANGE (RUE),0.0,0.0
201300027299,12,2,2013,17,1,44,184,2,2,1,3,BOURGEOIS (RUE L?ON) DU,0.0,0.0
201300027300,19,2,2013,16,1,44,184,2,2,1,3,GRENAPIN (RUE PITRE),0.0,0.0
201300027301,25,2,2013,17,1,44,184,2,2,1,3,PELICANS (ALLEE DES),0.0,0.0
201300027302,26,2,2013,18,1,44,184,2,1,1,3,TROENES (RUE DES),0.0,0.0
201300027303,28,2,2013,18,5,44,184,2,3,1,3,SARRAIL (RUE DU GENERAL),0.0,0.0
201300027304,6,3,2013,10,1,44,184,2,1,1,7,TATI (PLACE JACQUES),0.0,0.0
201300027305,21,3,2013,13,1,44,184,2,1,2,7,"6, AVALIX (CHEMIN D')",0.0,0.0
201300027306,23,3,2013,16,1,44,184,2,1,1,7,SAINT-NAZAIRE (AVENUE DE,0.0,0.0
201300027307,25,3,2013,14,1,44,184,2,1,1,7,"24, ALBERT I (BOULEVARD)",0.0,0.0
201300027308,26,3,2013,8,1,44,184,2,1,1,3,"42, UNIVERSIT? (BOULEVAR",0.0,0.0
201300027309,26,3,2013,15,1,44,184,2,1,1,2,RD 213,0.0,0.0
201300027310,2,4,2013,8,1,44,184,2,1,1,3,RN 171 (DU PONT SNCF A ?,0.0,0.0
201300027311,2,4,2013,15,1,44,184,2,1,1,3,"18, PENHOET (AVENUE DE)",0.0,0.0
201300027312,2,4,2013,17,1,44,184,2,3,1,3,LEFERME (BOULEVARD PAUL),0.0,0.0
201300027313,4,4,2013,17,1,44,184,2,1,1,7,HALLES (RUE DES) DU 38 A,0.0,0.0
201300027314,4,4,2013,14,1,44,184,2,1,1,7,"59, JAURES (RUE JEAN) DU",0.0,0.0
201300027315,7,4,2013,20,2,44,184,2,1,1,3,"37, BASSINS (ROUTE DES)",0.0,0.0
201300027316,8,4,2013,8,1,44,184,2,1,2,7,"115, H?PITAL (BOULEVARD",0.0,0.0
201300027317,17,4,2013,11,1,44,184,2,1,1,7,BROODCOORENS (RUE) DU 12,0.0,0.0
201300027318,20,4,2013,17,1,44,184,2,1,1,2,RD 492 DU RP EINSTEIN AU,0.0,0.0
201300027319,20,4,2013,12,1,44,184,2,1,1,2,BASSINS (ROUTE DES),0.0,0.0
201300027320,19,4,2013,17,1,44,184,2,2,1,3,BIGNON-BAGUET (CHEMIN DU,0.0,0.0
201300027321,22,4,2013,12,1,44,184,2,1,1,7,THOMAS (RUE ALBERT),0.0,0.0
201300027322,24,4,2013,19,1,44,184,2,1,1,7,"48, GUTENBERG (RUE JEAN)",0.0,0.0