Num_Acc,jour,mois,an,hr,condition_eclairage,departement,commune,condition_agglomeration,intersection,condition_atmosphere,type_collision,adresse,lattitude,longitude
201300027323,29,4,2013,8,1,44,184,2,7,1,3,MAC? (RUE JEAN),0.0,0.0
201300027324,3,5,2013,10,1,44,184,2,1,1,7,JAURES (RUE JEAN) DU 01,0.0,0.0
201300027325,9,5,2013,19,1,44,184,2,2,1,3,LONGUET (RUE CHARLES),0.0,0.0
201300027326,10,5,2013,15,1,44,184,2,3,1,3,ALBERT I (BOULEVARD) DU,0.0,0.0
201300027327,11,5,2013,20,1,44,184,2,1,1,6,"51, BUISSON (RUE FERDINA",0.0,0.0
201300027328,14,5,2013,11,1,44,184,2,6,1,3,CRAN NEUF (ROUTE DE),0.0,0.0
201300027329,14,5,2013,17,1,44,184,2,1,1,2,"19, AUBINAIS (ROUTE DES)",0.0,0.0
201300027330,14,5,2013,19,1,44,184,2,2,1,2,CROIX AMISSE (RUE DE LA),0.0,0.0
201300027331,15,5,2013,16,1,44,184,2,2,1,3,LIB?RATION (BOULEVARD DE,0.0,0.0
201300027332,16,5,2013,13,1,44,184,2,2,1,3,LE NOTRE (RUE ANDR?),0.0,0.0
201300027333,29,5,2013,11,1,44,184,2,2,2,7,ANJOU (RUE D') DU 51 AU,0.0,0.0
201300027334,10,6,2013,14,1,44,184,2,1,1,2,"19, LANDETTES (ROUTE DES",0.0,0.0
201300027335,14,6,2013,5,2,44,184,2,1,1,6,"59, C?TE D'AMOUR (RTE DE",0.0,0.0
201300027336,17,6,2013,14,1,44,184,2,6,1,3,G?T? (RUE DU CDT) DU 35,0.0,0.0
201300027337,29,6,2013,7,2,44,184,2,1,1,6,"50, GRENAPIN (RUE PITRE)",0.0,0.0
201300027338,6,7,2013,21,2,44,184,2,2,1,3,"40, DAQUIN (ALL?E LOUIS)",0.0,0.0
201300027339,5,7,2013,19,1,44,184,1,6,1,2,RD 213,0.0,0.0
201300027340,13,7,2013,13,1,44,184,2,3,1,6,"0, VIEILLE VILLE (QUAI D",0.0,0.0
201300027341,16,7,2013,11,1,44,184,2,1,1,3,RD 492 DU RP OC?ANIS AU,0.0,0.0
201300027342,17,7,2013,12,1,44,184,2,6,1,6,COTY (BOULEVARD REN?),0.0,0.0
201300027343,20,7,2013,15,1,44,184,2,4,1,7,SAINT-NAZAIRE (AVENUE DE,0.0,0.0
201300027344,22,7,2013,12,1,44,184,1,6,1,2,RN 171 (CRAN NEUF AU PON,0.0,0.0
201300027345,26,7,2013,15,1,44,184,2,2,1,7,MAUDES (RUE DE),0.0,0.0
201300027346,1,8,2013,17,1,44,184,2,1,1,1,LAITERIE (ROUTE DE LA),0.0,0.0
201300027347,3,8,2013,19,1,44,184,2,3,1,3,"29, VECQUERIE (RUE DE LA",0.0,0.0
201300027348,2,8,2013,17,1,44,184,2,1,1,6,RN 171 (TRIGNAC AU PONT,0.0,0.0
201300027349,8,8,2013,21,1,44,184,2,2,1,3,RENAISSANCE (BOULEVARD D,0.0,0.0
201300027350,15,8,2013,19,1,44,184,2,1,1,7,"79, TRIGNAC (RUE DE)",0.0,0.0
201300027351,19,8,2013,19,1,44,184,2,2,1,3,BIGNON-BAGUET (CHEMIN DU,0.0,0.0
201300027352,19,8,2013,15,1,44,184,2,1,1,7,"9, MOZART (RUE WOLFGANG",0.0,0.0
201300027353,22,8,2013,13,1,44,184,2,1,1,6,RD 492 DU RP OC?ANIS AU,0.0,0.0
201300027354,25,8,2013,12,1,44,184,2,2,1,3,SPORTS (AVENUE DES),0.0,0.0
201300027355,23,8,2013,23,5,44,184,2,1,1,7,"109, R?PUBLIQUE (AVENUE",0.0,0.0
201300027356,26,8,2013,12,1,44,184,2,2,1,2,LECHAT (RUE AUGUSTE BAPT,0.0,0.0
201300027357,26,8,2013,15,1,44,184,2,9,1,2,RD 213,0.0,0.0
201300027358,26,8,2013,22,5,44,184,2,1,1,7,"115, R?PUBLIQUE (AVENUE",0.0,0.0
201300027359,2,9,2013,22,5,44,184,2,1,1,7,P?RI (RUE GABRIEL),0.0,0.0
201300027360,3,9,2013,14,1,44,184,1,1,1,7,BLANCHO (PLACE FRAN?OIS),0.0,0.0
201300027361,3,9,2013,15,1,44,184,2,1,1,7,BRICHAUX (PLACE LOUIS),0.0,0.0
201300027362,4,9,2013,8,1,44,184,2,1,1,3,COUBERTIN (AVENUE PIERRE,0.0,0.0
201300027363,8,9,2013,20,5,44,184,2,1,1,3,OC?ANIS (ROND-POINT),0.0,0.0
201300027364,10,9,2013,12,1,44,184,2,3,1,3,LEFERME (BOULEVARD PAUL),0.0,0.0
201300027365,12,9,2013,13,1,44,184,2,3,1,3,LEFERME (BOULEVARD PAUL),0.0,0.0
201300027366,13,9,2013,14,1,44,184,2,3,1,3,GAUTIER (RUE HENRI) DU 2,0.0,0.0
201300027367,14,9,2013,19,1,44,184,2,3,1,3,LESSEPS (AVENUE DE) DU 4,0.0,0.0
201300027368,13,9,2013,22,5,44,184,2,1,1,6,"41, STALINGRAD (RUE DE)",0.0,0.0
201300027369,18,9,2013,13,1,44,184,2,3,1,3,B?AC (ROUTE DE),0.0,0.0
201300027370,22,9,2013,17,1,44,184,2,1,1,2,"35, PERRIN (BOULEVARD PA",0.0,0.0
201300027371,25,9,2013,15,1,44,184,2,2,1,2,MAUPERTUIS (BD DE) DU 01,0.0,0.0
201300027372,27,9,2013,12,1,44,184,2,1,1,2,"52, BERLIOZ (AVENUE HECT",0.0,0.0
201300027373,5,10,2013,6,2,44,184,2,1,1,7,"34, QU?BRAIS (ROUTE DES)",0.0,0.0
201300027374,4,10,2013,13,1,44,184,2,1,1,7,"4, SUNDERLAND (BOULEVARD",0.0,0.0
201300027375,7,10,2013,15,1,44,184,2,2,1,3,LONGUET (RUE CHARLES),0.0,0.0
201300027376,8,10,2013,7,3,44,184,2,1,1,4,RD 492 DU RP EINSTEIN AU,0.0,0.0
201300027377,10,10,2013,16,1,44,184,2,1,1,4,RD 213,0.0,0.0
201300027378,11,10,2013,8,1,44,184,2,2,1,1,GAUTIER (RUE HENRI) DU 9,0.0,0.0
201300027379,11,10,2013,10,1,44,184,2,1,1,4,RD 213,0.0,0.0
201300027380,15,10,2013,21,5,44,184,2,1,2,3,"14, COMMANDIERES (ROUTE",0.0,0.0
201300027381,18,10,2013,16,1,44,184,2,6,1,3,PONT BOULLET (ROND-POINT,0.0,0.0
201300027382,25,10,2013,7,5,44,184,2,1,2,6,"63, MICHEL ANGE (RUE)",0.0,0.0
201300027383,15,11,2013,7,2,44,184,2,1,1,3,LANDETTES (Rond Point),0.0,0.0
201300027384,6,12,2013,10,1,44,184,2,3,1,3,DUMONT D'URVILLE (BOULEV,0.0,0.0
201300027385,6,12,2013,16,1,44,184,2,1,1,7,RD 492 DU RP EINSTEIN AU,0.0,0.0
201300027386,9,12,2013,13,1,44,184,2,1,1,2,COMMANDIERES (ROUTE DES),0.0,0.0
201300027387,10,12,2013,16,1,44,184,2,1,1,6,RD 213,0.0,0.0
201300027388,14,12,2013,13,1,44,184,2,1,1,2,RN 171 (CRAN NEUF AU PON,0.0,0.0
201300027389,13,12,2013,18,5,44,184,2,1,2,7,"39, JAURES (RUE JEAN) DU",0.0,0.0
201300027390,3,1,2013,20,5,45,208,2,2,2,3,R PASTEUR/E.DECOURT/SCHE,47.99827,2.74641
201300027391,4,1,2013,8,2,45,4,1,1,2,6,BT D 2007 VERS D 2060,47.98487,2.74201
201300027392,25,1,2013,12,1,45,68,2,2,8,3,R VOLTAIRE/CAMILLE DESMO,48.03649,2.73917
201300027393,30,1,2013,11,1,45,208,2,2,2,3,D 815/AV COCHERY/D 943,48.00361,2.74197
201300027394,1,2,2013,17,5,45,208,2,6,3,3,R CHATEAU/BD CHINCHON,47.99651,2.72731
201300027395,3,2,2013,0,3,45,4,1,1,1,6,LES SARRADINS,47.98592,2.83627
201300027396,8,2,2013,18,3,45,208,1,1,2,3,LES CLOSIERS,47.99231,2.74086
201300027397,14,2,2013,13,1,45,68,2,2,3,3,R MARCEL BLANCHET/ORMES,48.00932,2.70543
201300027398,23,2,2013,21,5,45,208,2,1,4,6,33 AV GL DE GAULLE,48.00327,2.73634
201300027399,28,2,2013,16,1,45,4,2,1,1,2,100 RTE ST FIRMIN DES VI,47.97557,2.74206
201300027400,2,3,2013,14,1,45,68,2,3,1,6,R J.LAMY/LAZARE CARNOT,48.00673,2.73512
201300027401,7,3,2013,19,3,45,338,1,1,1,2,ROUTE NATIONALE 60,47.98912,2.6842
201300027402,9,3,2013,16,1,45,68,2,1,1,6,R EDOUARD LALO,48.00578,2.71962
201300027403,11,3,2013,13,1,45,68,2,2,1,5,R FOLIE/G. JALLION,48.01787,2.70971
201300027404,15,3,2013,9,1,45,208,2,1,1,6,120 R DEPORTES ET INTERN,47.99447,2.74455
201300027405,16,3,2013,15,1,45,208,2,1,1,2,75 RUE DE LA SIRENE,48.00244,2.72601
201300027406,18,3,2013,10,1,45,208,2,1,8,6,RUE DE VERDUN,0.0,0.0
201300027407,19,3,2013,15,1,45,4,2,6,7,3,GIRATOIRE R EUROPE,47.97823,2.72906
201300027408,15,3,2013,18,1,45,208,2,1,1,2,35 R VIMORY,47.99118,2.72479
201300027409,23,3,2013,5,5,45,208,2,1,1,6,92 BIS R A.COQUILLET,47.99033,2.73237
201300027410,17,4,2013,19,1,45,68,2,3,1,3,R DEMI LUNE/DEMI LUNE,48.02231,2.73622
201300027411,19,4,2013,11,1,45,68,2,1,1,6,R DU 23 AOUT,48.01145,2.71979
201300027412,23,4,2013,7,1,45,4,1,1,1,3,D2060,48.00578,2.81004
201300027413,24,4,2013,16,1,45,4,1,2,1,3,R BRUYERES/GUE PIOCHE,47.99029,2.78503
201300027414,24,4,2013,19,1,45,208,2,4,1,6,D 2007/AV GL DE GAULLE,48.00396,2.73683
201300027415,29,4,2013,15,1,45,4,2,3,1,3,R NIVELLE/PIERRE SEMARD,47.98933,2.74677
201300027416,28,4,2013,12,1,45,208,2,1,1,3,RD 2007,0.0,0.0
201300027417,6,5,2013,15,1,45,338,2,2,1,3,R J.MERMOZ/R PLANTES,47.98111,2.71641
201300027418,7,5,2013,7,1,45,338,2,1,1,6,4 R MARYSE BASTIE,47.98169,2.72172
201300027419,9,5,2013,14,1,45,338,2,4,1,3,R PARC/R STADE,47.99502,2.69563
201300027420,16,5,2013,15,1,45,4,1,1,2,3,D2060,0.0,0.0
201300027421,17,5,2013,18,1,45,68,2,1,1,6,R JEAN LAMY,48.00462,2.73082
201300027422,24,5,2013,15,1,45,208,2,4,2,2,BRETELLE/R EUROPE,47.99652,2.74001
201300027423,24,5,2013,16,1,45,4,1,4,3,3,D2007/BRETELLE D93,47.97723,2.74096
201300027424,28,5,2013,19,1,45,338,1,1,2,6,D 2060,47.94514,2.71362
201300027425,30,5,2013,16,1,45,208,2,1,3,6,21 PL DE LA  REPUBLIQUE,47.99603,2.73338
201300027426,2,6,2013,13,1,45,208,2,1,1,1,150 R PAUL DOUMER,48.00203,2.74239
201300027427,14,6,2013,10,1,45,4,1,1,1,3,D 2007,47.96668,2.73403
201300027428,21,6,2013,19,1,45,4,2,1,1,6,59 R DES COQUELICOTS,47.98928,2.75045
201300027429,25,6,2013,17,1,45,208,2,1,1,6,27 FG DE LA CHAUSSEE,47.99801,2.7417
201300027430,6,7,2013,10,1,45,4,2,1,1,3,557 R ST FIRMIN DES VIGN,47.97724,2.73672
201300027431,3,7,2013,8,1,45,338,2,4,2,3,R CHAMBON/BRETELLE,47.98739,2.69467
201300027432,2,7,2013,8,1,45,338,2,2,1,3,R G.SAND/A.DUMAS,47.98466,2.71107
201300027433,12,7,2013,12,1,45,4,1,3,1,3,R COULEVREUX/BRETELLE D2,47.98562,2.76934
201300027434,19,7,2013,17,1,45,68,2,1,1,6,R DU GUE AUX BICHES,48.02279,2.72722
201300027435,24,7,2013,9,1,45,338,2,1,1,6,R LIBERATION,47.98964,2.69297
201300027436,7,8,2013,12,1,45,68,2,1,8,6,87 Bis AV GL LECLERC,48.01332,2.73918
201300027437,9,8,2013,18,1,45,4,2,1,1,3,PARKING LECLERC,47.97745,2.73124
201300027438,23,8,2013,16,1,45,4,2,1,1,2,1336 AV ANTIBES,47.97532,2.7333
201300027439,31,8,2013,16,1,45,4,2,1,1,1,R JEAN MONNET,47.97802,2.73231
201300027440,27,8,2013,12,1,45,208,2,1,1,2,233 R  MENGIN,48.00743,2.74091
201300027441,1,9,2013,11,1,45,208,2,1,1,2,CHAUTEMPS (AVENUE L.M),48.00573,2.74479
201300027442,30,6,2013,22,5,45,68,2,1,1,1,26 R ROGER SALENGRO,48.01559,2.71611
201300027443,1,8,2013,8,1,45,208,2,1,7,6,42 AV GENERAL DE GAULLE,48.00451,2.73745
201300027444,16,9,2013,9,1,45,4,2,3,2,3,R COOPERATIVE/CHARPENTIE,47.97048,2.75545
201300027445,27,9,2013,17,1,45,208,1,1,1,4,RN7 (CLOSIERS),0.0,0.0
201300027446,27,9,2013,15,1,45,4,2,1,1,6,1176 AV ANTIBES,47.97688,2.73324
201300027447,30,9,2013,14,1,45,4,2,1,1,3,348 R DU VERNISSON,47.98037,2.72863
201300027448,2,10,2013,13,1,45,4,1,1,1,2,196 R MARECHAL JUIN,47.97468,2.77539
201300027449,5,10,2013,14,1,45,208,2,3,1,4,D 2007/AV GL DE GAULLE,48.00375,2.73695
201300027450,5,10,2013,15,1,45,208,2,1,1,3,LAC(ALLEE DE LA RESIDENC,0.0,0.0
201300027451,9,10,2013,9,1,45,208,2,2,1,6,DEPORTES INTERNE R/FG CH,47.99794,2.74325
201300027452,11,10,2013,16,1,45,68,2,2,2,5,R FERNAND BOUTET/GAMBETT,48.01304,2.73131
201300027453,15,10,2013,15,1,45,68,2,2,2,6,R GATINAIS/ORMES,48.01113,2.70803
201300027454,17,10,2013,8,2,45,68,2,2,1,3,R VICTOR HUGO/JEAN JAURE,48.01279,2.73773
201300027455,26,10,2013,17,1,45,68,2,4,1,5,R CHATEAU EAU/ORMES,48.01295,2.71008
201300027456,26,10,2013,18,1,45,338,1,1,1,2,RD 2060,0.0,0.0
201300027457,31,10,2013,9,1,45,208,2,1,1,5,111 R ANDRE COQUILLET,47.98742,2.73245
201300027458,17,11,2013,3,3,45,4,2,1,1,6,215 RTE DE PAUCOURT,48.00455,2.76976
201300027459,22,11,2013,22,5,45,208,2,1,2,6,16 RTE DE VIROY,47.99537,2.74944
201300027460,26,11,2013,14,1,45,208,2,3,1,3,AV GAILLARDIN/FG ORLEANS,47.99409,2.72605
201300027461,8,11,2013,17,2,45,68,2,1,1,6,27 RUE DE LA PONTONNERIE,48.00109,2.72515
201300027462,28,11,2013,15,1,45,208,2,1,1,6,2 BD BELLES MANIERES,47.99484,2.73294
201300027463,6,12,2013,4,5,45,68,2,3,2,3,AV GL LECLERC/R CONDORCE,48.02139,2.7372
201300027464,6,12,2013,16,1,45,208,2,7,1,6,PL VICTOR HUGO,47.99487,2.73278
201300027465,12,12,2013,23,5,45,68,2,1,1,6,17 R DU 23 AOUT,48.00857,2.72211
201300027466,14,12,2013,19,5,45,208,2,1,1,6,23  FG DE LA CHAUSSEE,47.99795,2.74069
201300027467,7,11,2013,17,2,45,208,2,2,1,3,R J.F KENNEDY/MALATRE,47.99565,2.72037
201300027468,17,12,2013,18,5,45,208,2,1,1,6,6 R ADOLPHE CHOCHERY,48.00193,2.73661
201300027469,30,12,2013,19,3,45,68,2,3,2,3,R KLEBER/VOIE LIVRAISON,48.00759,2.73882
201300027470,7,1,2013,12,1,45,274,2,2,1,3,R CHALET/R CORDELLES,47.88202,1.95223
201300027471,11,1,2013,15,1,45,232,2,4,1,5,D 15/D 2271,47.84025,1.87768
201300027472,14,1,2013,8,2,45,169,2,1,1,1,R DE LA GARE,47.93619,1.83866
201300027473,13,1,2013,18,2,45,285,2,2,1,3,AV P.M FRANCE/AUCHAN/CIR,47.90436,1.86526
201300027474,17,1,2013,14,1,45,235,2,1,1,1,AV GL DE GAULLE,47.95099,1.83712
201300027475,20,1,2013,2,3,45,147,2,1,4,6,R ANDRE DESSAUX,47.92927,1.89729
201300027476,21,1,2013,21,5,45,234,2,3,2,3,RTE OLIVET/BRETELLE,47.88144,1.90345
201300027477,28,1,2013,17,2,45,169,2,3,1,3,RTE NATIONALE/GRAND PUIT,47.92151,1.85329
201300027478,30,1,2013,19,5,45,234,2,6,2,6,R BOLIERE/VINCENT AURIOL,47.83296,1.93012
201300027479,30,1,2013,18,5,45,234,2,1,2,6,53 BASSE D'INGRE,47.90557,1.88846
201300027480,5,2,2013,10,1,45,234,2,1,2,6,R BOURGOGNE,47.89999,1.90493
201300027481,15,2,2013,1,3,45,286,1,1,1,6,RTE SANDILLON,47.86966,1.95393
201300027482,17,2,2013,15,1,45,234,2,1,1,3,AV PARC FLORAL//PK,47.84668,1.93998
201300027483,19,2,2013,7,1,45,234,2,1,1,3,42/44 Q MADELEINE,47.89802,1.88124
201300027484,13,2,2013,12,1,45,232,2,1,1,6,AV VERDUN//PK AUCHAN,47.86675,1.91198
201300027485,1,3,2013,9,1,45,234,2,2,1,3,FG ST JEAN/BD CHATEAUDUN,47.90628,1.89016
201300027486,3,3,2013,11,1,45,75,2,4,1,3,RTE ORLEANS/AV G.POMPIDO,47.89473,1.85376
201300027487,11,3,2013,15,1,45,234,2,1,1,6,AV ROGER SECRETAIN,47.87974,1.90828
201300027488,13,3,2013,15,1,45,285,2,3,1,3,R BATE/PAUL DOUMER,47.90835,1.87726
201300027489,14,3,2013,17,1,45,234,2,1,1,3,AV LIBERATION // PARKING,47.91922,1.90268
201300027490,17,3,2013,15,1,45,234,2,3,1,3,R GRAND VILLIERS/CT BAZI,47.91282,1.93302
201300027491,17,3,2013,4,5,45,234,2,3,1,6,R MURLINS//HT 131 RG INF,47.91766,1.89378
201300027492,23,3,2013,17,1,45,234,2,1,1,3,97 FG MADELEINE,47.90009,1.88262
201300027493,23,3,2013,17,1,45,234,2,1,1,6,8 R ALBERT 1ER,47.90704,1.90624
201300027494,24,3,2013,7,1,45,232,1,1,8,6,AV SOLOGNE,47.86782,1.91193
201300027495,22,3,2013,18,1,45,234,2,3,1,6,R R. LE PIEUX/J.B MASSIL,47.92315,1.89538
201300027496,24,3,2013,22,3,45,147,2,1,1,6,44 R TINO ROSSI,47.94022,1.92809
201300027497,26,3,2013,22,5,45,232,1,1,1,7,AV SOLOGNE,47.85852,1.91253
201300027498,3,4,2013,13,1,45,232,2,1,1,1,AV VICTOR HUGO,47.85571,1.89802
201300027499,5,4,2013,4,3,45,235,2,1,2,3,AV CHARLES DE GAULLE,47.95104,1.83729
201300027500,3,4,2013,13,1,45,147,2,1,1,2,46 R JULES FERRY,47.93909,1.90586
201300027501,11,4,2013,0,5,45,234,2,2,2,3,R FERNAND RABIER/KLEBER,47.92737,1.90969
201300027502,12,4,2013,16,1,45,234,2,1,1,4,36 R ALBERT 1ER,47.90811,1.90675
201300027503,17,4,2013,10,1,45,286,2,1,1,6,25 R DES VARENNES,47.88684,1.91843
201300027504,17,4,2013,8,1,45,147,2,2,1,3,R VERDUN/ANATOLE FRANCE,47.93424,1.91341
201300027505,24,4,2013,19,1,45,147,2,3,1,3,R M.BERTHELOT/P.M CURIE,47.93562,1.91764
201300027506,3,5,2013,18,1,45,285,2,1,1,6,R CHARLES BEAUHAIRE,47.90978,1.88183
201300027507,4,5,2013,13,1,45,147,2,2,1,3,R M.BERTHELOT/SANGNIER,47.92149,1.91448
201300027508,3,5,2013,18,1,45,234,2,1,1,6,"6, GENERAL DE GAULLE (PL",47.90101,1.90301
201300027509,6,5,2013,18,1,45,286,2,3,1,4,RTE SANDILLON/R PAVE ROM,47.88501,1.9292
201300027510,8,5,2013,6,1,45,234,2,3,2,3,RTE OLIVET/R MOREAU,47.88113,1.9034
201300027511,12,5,2013,6,1,45,147,2,1,1,6,30 R A.DESSAUX,0.0,0.0
201300027512,25,4,2013,11,1,45,285,2,2,1,3,AV P.M FRANCE/R CIRERIE/,47.90414,1.86521
201300027513,11,5,2013,20,1,45,286,2,1,1,7,R GL DE GAULLE,47.89277,1.91704
201300027514,13,5,2013,21,5,45,234,2,4,1,6,AV R.SECRETAIN // STATIO,47.87084,1.91201
201300027515,15,5,2013,10,1,45,234,2,1,1,6,12 R GEORGES POMPIDOU,47.88719,1.90357
201300027516,18,5,2013,14,1,45,147,2,1,3,3,113 R CUREMBOURG,47.94009,1.93468
201300027517,17,5,2013,6,2,45,234,2,1,1,6,R BOLIERE,47.83271,1.92961
201300027518,21,5,2013,20,2,45,147,2,1,8,6,21 R TINO ROSSI,47.93999,1.92917
201300027519,22,5,2013,18,1,45,234,2,2,1,1,Q DE PRAGUE/R FOUGEREAU,47.89432,1.90083
201300027520,31,5,2013,10,1,45,234,2,1,1,6,"11, SEGELLE (RUE PIERRE)",47.90439,1.91334
201300027521,5,6,2013,17,1,45,302,2,3,1,2,ANC RTE CHARTRES/AV STAD,47.94508,1.88344
201300027522,3,6,2013,16,1,45,302,2,1,1,6,PARKING INTERMARCHE,47.93639,1.88868
201300027523,8,6,2013,5,2,45,285,2,3,1,3,R C.BEAUHAIRE/ALL DOMINI,47.91232,1.87603
201300027524,2,6,2013,18,1,45,234,2,3,1,3,TREVISE (AVENUE DE),0.0,0.0
201300027525,24,6,2013,7,1,45,274,1,1,1,3,R DE LA LEVEE,47.8768,1.98426
201300027526,24,6,2013,12,1,45,234,2,6,1,3,CONCYR (AVENUE DE),0.0,0.0
201300027527,29,6,2013,16,1,45,234,2,3,1,2,QU MADELAINE/ALCIDE GASP,47.89805,1.88073
201300027528,30,6,2013,15,1,45,232,2,1,1,6,241 R DES CLATZ,47.84726,1.91813
201300027529,11,6,2013,8,1,45,75,2,6,1,2,GIRATOIRE AV G.POMPIDOU,47.90096,1.85578
201300027530,13,7,2013,1,5,45,286,2,1,1,3,"sans, GALLOUX (AVENUE GA",0.0,0.0
201300027531,2,7,2013,11,1,45,234,2,1,1,6,19 R DE LA REPUBLIQUE,47.90441,1.90442
201300027532,14,7,2013,0,5,45,234,2,1,1,3,102 FG SAINT JEAN,47.9071,1.8882
201300027533,1,8,2013,20,1,45,232,2,2,1,3,R GASCOGNE/ALSACE/CHAMPA,47.84127,1.91853
201300027534,2,8,2013,19,1,45,232,2,1,1,6,482 R MARCEL BELOT,47.86324,1.90043
201300027535,13,8,2013,13,1,45,232,1,2,1,3,AV SOLOGNE/AV VERDUN,47.86838,1.91188
201300027536,20,8,2013,13,1,45,285,2,4,1,3,R 11 OCTOBRE/BERNARD MIL,47.91589,1.88178
201300027537,19,8,2013,19,1,45,234,2,2,1,3,R BOEUF ST PATERNE/CHAPP,47.90622,1.9007
201300027538,18,8,2013,11,1,45,308,1,1,1,4,TANGENTIELLE OU PENETRAN,0.0,0.0
201300027539,5,9,2013,21,5,45,234,2,2,1,1,AV JEAN ZAY/BD MARIE STU,47.91171,1.92305
201300027540,8,9,2013,20,5,45,234,2,1,1,2,68 QUAI MADELEINE,47.89804,1.87863
201300027541,1,10,2013,18,2,45,234,2,1,2,2,6 BD ROCHEPLATTE,47.90479,1.89741
201300027542,2,10,2013,22,5,45,234,2,1,1,6,9 BIS AV JEAN ZAY,47.90445,1.91698
201300027543,4,10,2013,15,1,45,234,2,1,1,3,16 BD MARIE STUART,47.91202,1.91948
201300027544,7,10,2013,7,3,45,234,2,1,1,6,R E.ZOLA //GARE ROUTIERE,47.90902,1.90739
201300027545,4,10,2013,7,1,45,147,2,1,1,6,R FG BANNIER,0.0,0.0
201300027546,11,10,2013,17,1,45,234,2,1,2,4,RN 20 (ROUTE NATIONALE 2,0.0,0.0
201300027547,17,10,2013,11,1,45,147,2,6,1,3,AV ORADOUR GLANE/MERMOZ,47.93257,1.92834
201300027548,19,10,2013,4,5,45,285,2,3,1,3,AV G.CLEMENCEAU/PT ESPER,47.89691,1.86492
201300027549,21,10,2013,10,1,45,234,2,1,1,6,18 R MOUILLERE,47.88697,1.90693
201300027550,3,11,2013,17,2,45,234,2,6,1,3,AV MONTESQUIEU/VOLTAIRE,47.83489,1.93705
201300027551,7,11,2013,19,3,45,232,1,1,1,1,RD 2271,47.84247,1.89793
201300027552,7,11,2013,20,5,45,234,2,1,2,5,71 AU 77 FG BOURGOGNE,47.90227,1.92624
201300027553,14,11,2013,9,1,45,234,2,1,1,6,PL DU 6 JUIN 1944,47.90415,1.91778
201300027554,22,11,2013,16,1,45,234,2,2,1,3,R F RABIER/EMILE DAVOUST,47.90382,1.90978
201300027555,29,11,2013,17,2,45,75,2,1,2,2,4 RTE NATIONALE,47.89072,1.84008
201300027556,4,12,2013,18,5,45,234,2,2,1,2,Q PRAGUE/R PORTEREAU,47.89472,1.90301
201300027557,6,12,2013,17,2,45,234,2,1,1,2,134 BD CHATEAUDUN,47.91423,1.89617
201300027558,12,12,2013,11,1,45,284,2,2,1,3,AV PAIX/R MOTTE LUQUET,47.91286,1.95907
201300027559,19,12,2013,10,1,45,234,2,1,1,6,R BRILLAT SAVARIN,47.97496,1.91196
201300027560,19,12,2013,13,1,45,234,1,1,1,3,"25, BOLIERE (RUE DE LA)",0.0,0.0
201300027561,20,12,2013,12,1,45,234,2,1,1,6,"62, MARNE (AVENUE DE LA)",0.0,0.0
201300027562,9,1,2013,16,2,46,42,2,1,2,3,TOULOUSE (ROUTE DE),44.42149,1.43919
201300027563,17,5,2013,17,1,46,95,2,1,1,2,"42, DEPARTEMENTALE N? 81",44.51297,1.36919
201300027564,24,5,2013,15,1,46,42,2,1,1,7,25 RueP. MENDES-FRANCE,44.45149,1.43981
201300027565,17,8,2013,10,1,46,42,2,1,1,6,"474, BASTIE (AVENUE MARY",44.458,1.42548
201300027566,2,9,2013,9,1,46,42,2,9,1,6,"13, GAMBETTA (BOULEVARD",44.45104,1.44006
201300027567,1,10,2013,10,1,46,42,2,1,1,6,"182, CAVAIGNAC (QUAI EUG",44.44182,1.44009
201300027568,2,10,2013,11,1,46,42,2,9,1,7,"33, ROUSSEAU (PLACE CLAU",44.44734,1.44226
201300027569,24,10,2013,10,1,46,42,2,1,1,7,ROUSSEAU (PLACE CLAUDE),44.44483,1.44373
201300027570,4,11,2013,17,1,46,42,2,1,3,6,"4, SEGUR D'AGUESSEAU (QU",44.44557,1.44539
201300027571,9,11,2013,18,3,46,42,1,1,2,7,D?partementale 811 (entr,44.4867,1.40887
201300027572,8,12,2013,6,3,46,224,1,1,5,6,"""FLOTTES EST  """"LIEU-DIT",44.44026,1.37135
201300027573,13,1,2013,9,1,47,32,2,1,1,6,ALBERT CAMUS (avenue),0.0,0.0
201300027574,20,11,2013,18,5,47,201,2,1,2,6,MARNE (AV. DE LA),0.0,0.0
201300027575,4,12,2013,18,3,47,1,2,1,5,3,AQUITAINE (AV. D'),0.0,0.0
201300027576,17,12,2013,8,1,47,1,2,2,1,3,MONTAIGNE (RUE),0.0,0.0
201300027577,26,12,2013,11,1,47,1,2,1,2,6,"69, LIBERTE (BOULEVARD D",0.0,0.0
201300027578,11,2,2013,18,2,47,1,2,7,3,6,14 JUILLET (COURS DU),0.0,0.0
201300027579,11,2,2013,17,2,47,1,2,1,3,6,SCHUMANN (AV. ROBERT),0.0,0.0
201300027580,13,3,2013,12,1,47,1,2,1,8,1,GAILLARD (AV. ET PONT DE,44.2105,0.62922