Num_Acc,jour,mois,an,hr,condition_eclairage,departement,commune,condition_agglomeration,intersection,condition_atmosphere,type_collision,adresse,lattitude,longitude
201300027581,21,3,2013,9,1,47,1,2,1,1,5,LIBERTE (BOULEVARD DE LA,44.1976,0.6205
201300027582,8,4,2013,12,1,47,1,2,1,1,3,CARNOT (BD DU PRESIDENT),44.2038,0.62075
201300027583,12,4,2013,12,1,47,1,2,3,8,3,"89, DELPECH (AV. GEORGES",44.2129,0.60697
201300027584,28,4,2013,11,1,47,201,2,3,1,3,LIMPORT (CHEMIN DU),44.2109,0.58717
201300027585,2,6,2013,10,1,47,31,2,1,1,1,NOGUES (Avenue du),0.0,0.0
201300027586,3,6,2013,17,1,47,1,2,1,1,6,DUMON (BD SYLVAIN),0.0,0.0
201300027587,7,6,2013,13,1,47,1,2,1,1,3,"103, JAURES (AV. JEAN)",0.0,0.0
201300027588,14,6,2013,12,1,47,201,2,2,2,3,PYRENEES (AVENUE DES),0.0,0.0
201300027589,20,6,2013,16,1,47,1,2,3,1,3,CARNOT (BD DU PRESIDENT),0.0,0.0
201300027590,2,7,2013,15,1,47,201,2,3,7,3,"1, CONDOM(ROUTE DE)",0.0,0.0
201300027591,3,7,2013,12,1,47,1,2,1,1,3,14 JUILLET (COURS DU),0.0,0.0
201300027592,18,7,2013,10,1,47,201,2,1,1,6,VERDUN (AVENUE DE),0.0,0.0
201300027593,29,7,2013,13,1,47,1,2,1,1,3,GAMBETTA (COURS),0.0,0.0
201300027594,8,8,2013,22,3,47,32,1,1,1,6,"1816, SAINTE RADEGONDE",0.0,0.0
201300027595,12,8,2013,10,1,47,1,2,6,1,2,ANCIENS COMBATTANTS AFN,0.0,0.0
201300027596,13,8,2013,11,1,47,1,2,1,1,7,DONNEFORT (PONT DE),0.0,0.0
201300027597,16,8,2013,17,1,47,1,2,1,1,3,COLMAR (AV. DE),0.0,0.0
201300027598,19,8,2013,16,1,47,1,2,1,1,3,CASSIN (RUE RENE),0.0,0.0
201300027599,30,8,2013,9,1,47,1,2,1,1,6,LOTI (PLACE PIERRE),0.0,0.0
201300027600,16,9,2013,13,1,47,1,2,1,2,6,PELLETAN (BOULEVARD EUGE,0.0,0.0
201300027601,21,10,2013,13,1,47,32,2,2,1,3,rue pierre de coubertin,0.0,0.0
201300027602,29,10,2013,9,1,47,1,2,3,1,3,BAUDIN (QUAI),0.0,0.0
201300027603,10,1,2013,17,3,47,323,1,1,3,6,"242, CASSENEUIL(ROUTE DE",0.0,0.0
201300027604,28,3,2013,14,1,47,323,2,1,2,3,"34, MICHAUD (RUE VICTOR)",44.418,0.72532
201300027605,2,4,2013,14,1,47,27,2,1,1,1,"8, CAMI DE PASTOUREL (LI",44.4044,0.69043
201300027606,23,5,2013,8,1,47,323,2,4,1,6,"37, MYRE MORY (AVENUE)",44.4113,0.71563
201300027607,13,6,2013,14,1,47,323,1,1,3,2,PEQUES,0.0,0.0
201300027608,24,6,2013,11,1,47,323,2,2,1,3,"5, LEYGUES (BLVD GEORGES",0.0,0.0
201300027609,7,7,2013,6,1,47,323,2,3,1,6,"14, MARES (RUE DE)",0.0,0.0
201300027610,11,7,2013,11,1,47,323,2,1,1,6,HUGO(COURS VICTOR),0.0,0.0
201300027611,16,7,2013,8,1,47,323,2,1,1,6,"21, AGEN (RUE D')",0.0,0.0
201300027612,17,7,2013,18,1,47,323,1,1,1,3,ROUTE NATIONALE 21,0.0,0.0
201300027613,19,7,2013,12,1,47,27,1,1,1,7,RD 236,0.0,0.0
201300027614,13,8,2013,14,1,47,323,1,1,1,3,ROUTE NATIONALE 21,0.0,0.0
201300027615,22,8,2013,18,1,47,27,2,1,1,6,BORDEAUX (avenue de),0.0,0.0
201300027616,14,10,2013,17,1,47,27,2,1,1,7,BORDEAUX (avenue de),0.0,0.0
201300027617,24,10,2013,12,1,47,323,2,2,1,3,"04, LAFON (RUE ERNEST)",0.0,0.0
201300027618,26,10,2013,19,5,47,323,2,3,1,3,FUMEL(AVENUE DE ),0.0,0.0
201300027619,9,11,2013,17,5,47,323,2,1,2,3,"34, BIAS (AVENUE DE)",0.0,0.0
201300027620,7,12,2013,18,5,47,27,2,1,1,7,BORDEAUX (avenue de),0.0,0.0
201300027621,29,1,2013,18,5,48,95,2,1,1,6,"19bis, FOCH (AVENUE)",44.51817,3.49437
201300027622,4,7,2013,14,1,48,95,1,1,1,6,RD 25,44.50901,3.50951
201300027623,23,9,2013,7,1,48,95,2,1,1,3,"44 bis, ONZE NOVEMBRE (A",44.5239,3.48303
201300027624,12,11,2013,8,1,48,95,2,1,1,7,"23, ROUBEYROLLE (QUAI PE",0.0,0.0
201300027625,15,11,2013,17,5,48,95,2,1,4,6,FOCH (AVENUE),0.0,0.0
201300027626,2,1,2013,20,5,49,7,2,3,1,3,"0, TOUSSAINT RUE ET IMPA",47.46961,-0.55555
201300027627,5,1,2013,15,1,49,7,2,2,1,3,DUNANT BOULEVARD,47.48335,-0.52677
201300027628,7,1,2013,7,2,49,7,2,6,1,3,COUBERTIN BOULEVARD,47.4642,-0.53148
201300027629,5,1,2013,14,1,49,7,2,3,1,3,PASCAL RUE ET PASSAGE,47.45783,-0.53911
201300027630,7,1,2013,19,5,49,7,1,1,1,3,"0, GAMBETTA",47.47564,-0.55459
201300027631,4,1,2013,14,1,49,15,2,1,1,2,"0, MENDES FRANCE AVENUE",47.50208,-0.58504
201300027632,14,1,2013,0,5,49,7,2,1,1,6,"35, SAINT NICOLAS",47.47465,-0.56391
201300027633,11,1,2013,8,1,49,246,2,6,1,2,"0, PONTS DE CE",47.44074,-0.49853
201300027634,11,1,2013,18,5,49,267,2,3,1,3,"0, GEMMETRIE",47.46114,-0.48988
201300027635,12,1,2013,16,1,49,7,2,6,1,3,"0, HAUTE DES BANCHAIS",47.48579,-0.51119
201300027636,15,1,2013,13,1,49,15,1,1,1,6,ADEZIERE ROUTE,47.50306,-0.61076
201300027637,17,1,2013,13,1,49,7,2,1,1,6,"17, PLANTAGENET",47.47297,-0.55506
201300027638,17,1,2013,16,1,49,7,2,1,1,6,"83, LETANDUERE",47.45704,-0.55391
201300027639,19,1,2013,14,1,49,267,1,1,2,7,A87N,47.46956,-0.51298
201300027640,19,1,2013,15,1,49,7,2,1,1,2,CHATENAY AVENUE VICTOR,47.48597,-0.51469
201300027641,21,1,2013,6,5,49,7,2,1,2,3,"04, TRAQUETTE",47.48101,-0.56726
201300027642,22,1,2013,19,5,49,7,2,1,2,6,"58, STRASBOURG BOULEVARD",47.45789,-0.55641
201300027643,23,1,2013,6,5,49,246,1,1,1,4,A87N,47.42358,-0.5038
201300027644,23,1,2013,17,5,49,7,2,2,1,3,LECOMBRE,47.4595,-0.52151
201300027645,24,1,2013,10,1,49,7,2,2,1,5,"0, TARDAT",47.4488,-0.55247
201300027646,24,1,2013,11,1,49,7,1,1,1,6,PONT NOIR,47.46342,-0.56381
201300027647,28,1,2013,10,1,49,7,2,1,1,2,"0, BLANCHOIN BOULEVARD",47.44616,-0.54399
201300027648,29,1,2013,20,5,49,7,2,2,1,1,"0, MARIANNE BOULEVARD",47.45257,-0.52408
201300027649,29,1,2013,7,5,49,267,2,1,2,2,GEMMETRIE,47.46133,-0.49442
201300027650,30,1,2013,10,1,49,246,2,3,2,3,LAMARTINE,47.43208,-0.48542
201300027651,31,1,2013,8,2,49,7,2,1,1,6,"0, GARE PLACE",47.46538,-0.55701
201300027652,31,1,2013,19,5,49,7,2,1,1,1,"0, PATTON AVENUE",47.47343,-0.59075
201300027653,1,2,2013,17,1,49,7,2,2,1,3,"40, AYRAULT",47.47593,-0.55012
201300027654,1,2,2013,14,1,49,7,2,1,1,6,46 BD SAINT MICHEL,47.47347,-0.5418
201300027655,1,2,2013,8,5,49,7,2,1,1,6,JAURES,47.45636,-0.52383
201300027656,4,2,2013,8,2,49,7,2,1,1,6,MONTAIGNE AVENUE,47.46834,-0.53062
201300027657,5,2,2013,12,1,49,7,2,1,1,6,PATTON AVENUE,47.47336,-0.59178
201300027658,7,2,2013,7,5,49,7,2,2,1,1,COUBERTIN BOULEVARD,47.45756,-0.53309
201300027659,7,2,2013,13,1,49,7,2,2,1,1,DAGUENET,47.47473,-0.5291
201300027660,9,2,2013,18,5,49,7,2,6,1,7,MOULIN  PLACE,47.49107,-0.5518
201300027661,4,2,2013,18,1,49,246,2,1,2,6,PONT DUMNACUS,47.42248,-0.52369
201300027662,12,2,2013,8,1,49,7,2,1,1,2,"46, FOCH BOULEVARD",47.46806,-0.55103
201300027663,12,2,2013,9,1,49,7,2,1,1,7,"0, SAINTE CROIX PLACE",47.47015,-0.55405
201300027664,14,2,2013,19,5,49,7,2,2,1,1,BIRGE BOULEVARD,47.47078,-0.51919
201300027665,14,2,2013,19,5,49,7,2,1,1,2,"10, BEAUSSIER BOULEVARD",47.47927,-0.59756
201300027666,14,2,2013,10,1,49,246,2,1,1,6,HUGO VICTOR RUE,47.42886,-0.52778
201300027667,14,2,2013,14,1,49,7,1,1,1,6,ATLANTIQUE  AVENUE DE L',47.46663,-0.58259
201300027668,21,2,2013,7,2,49,7,2,1,1,6,TALET AVENUE,47.47586,-0.54805
201300027669,26,2,2013,21,4,49,246,1,1,1,1,SORGES ROUTE,47.43352,-0.4942
201300027670,4,3,2013,8,1,49,7,2,2,1,6,"0, SAUMUROISE IMPASSE ET",47.45764,-0.53312
201300027671,2,3,2013,5,5,49,7,2,1,1,2,CHAUMIN BOULEVARD,47.45025,-0.55555
201300027672,4,3,2013,17,1,49,7,1,1,1,2,ATLANTIQUE  AVENUE DE,47.46499,-0.57664
201300027673,5,3,2013,12,1,49,7,2,1,1,6,"83, SAINT MICHEL BOULEVA",47.47341,-0.54402
201300027674,8,3,2013,20,5,49,246,1,1,1,2,A87N,47.4241,-0.50375
201300027675,8,3,2013,17,1,49,7,2,1,1,3,"84, PASTEUR AVENUE",47.4745,-0.53653
201300027676,8,3,2013,16,1,49,7,2,1,1,2,"42, SAINT JACQUES",47.4737,-0.5707
201300027677,11,3,2013,21,5,49,7,2,2,1,3,Bd des 2 croix,47.47471,-0.52918
201300027678,12,3,2013,7,1,49,267,1,1,4,6,RD 347,47.47296,-0.49102
201300027679,14,3,2013,8,1,49,15,2,1,1,3,"4, BOISSIERE AVENUE",47.49318,-0.5852
201300027680,13,3,2013,19,2,49,7,2,2,1,3,RUE PIERRE LISE,47.47219,-0.54121
201300027681,15,3,2013,8,1,49,7,2,6,1,6,LECLERC PLACE,47.47059,-0.5446
201300027682,16,3,2013,1,5,49,7,2,2,1,6,VIVIERS,47.45173,-0.53579
201300027683,18,3,2013,20,5,49,7,2,1,1,6,"22, MEIGNANNE",47.47812,-0.56876
201300027684,16,3,2013,17,1,49,267,1,1,1,6,A87N,47.46926,-0.51347
201300027685,18,3,2013,17,1,49,353,2,2,1,6,PYRAMIDE ROUTE,47.4483,-0.51156
201300027686,15,3,2013,19,5,49,7,2,2,1,1,PATTON AVENUE,47.47317,-0.59988
201300027687,20,3,2013,8,1,49,7,1,1,1,4,ATLANTIQUE  AVENUE DE,47.46506,-0.57676
201300027688,24,3,2013,12,1,49,7,2,2,1,5,JUIN PLACE ET RUE,47.45031,-0.56772
201300027689,22,3,2013,13,1,49,7,1,1,1,4,VOIE DES BERGES,47.47191,-0.55887
201300027690,24,3,2013,11,1,49,7,2,2,1,3,BIRGE BOULEVARD,47.48209,-0.52218
201300027691,26,3,2013,17,1,49,246,2,1,1,2,PONT DUMNACUS,47.42222,-0.52371
201300027692,27,3,2013,17,1,49,7,2,1,1,3,"3, DAVIERS BOULEVARD",47.4792,-0.55759
201300027693,28,3,2013,18,1,49,246,1,1,1,3,A87N,47.43463,-0.5084
201300027694,29,3,2013,18,1,49,7,2,1,2,7,BARANGE BOULEVARD,47.45469,-0.56857
201300027695,30,3,2013,6,3,49,246,2,1,1,7,"0, ROHARD",47.4341,-0.52958
201300027696,5,4,2013,21,5,49,267,2,4,1,3,BEAUFORT ROUTE,47.4668,-0.4931
201300027697,8,4,2013,16,1,49,353,2,3,1,1,"54, REPUBLIQUE AVENUE",47.44621,-0.49645
201300027698,8,4,2013,9,1,49,7,2,1,1,6,FOCH BOULEVARD,47.46777,-0.55113
201300027699,31,3,2013,21,5,49,7,2,6,1,2,"0, auriol",47.49093,-0.56277
201300027700,10,4,2013,12,1,49,7,2,1,2,7,NID DE  PIE,47.47196,-0.5994
201300027701,11,4,2013,11,1,49,7,2,1,2,3,PETIT VERGER,47.48567,-0.52521
201300027702,12,4,2013,20,2,49,7,2,2,1,3,RUE SAUMUROISE,47.45756,-0.5331
201300027703,12,4,2013,8,1,49,7,2,2,2,3,AYRAULT,47.47653,-0.55155
201300027704,12,4,2013,14,1,49,7,2,4,1,6,IMBACH PLACE,47.47397,-0.54836
201300027705,19,4,2013,1,5,49,7,2,2,1,6,BOISNET RUE,47.47435,-0.5524
201300027706,18,4,2013,18,1,49,7,2,1,1,6,PATTON AVENUE,47.47319,-0.59783
201300027707,20,4,2013,4,5,49,7,2,2,1,6,BLANCHOIN BOULEVARD,47.44752,-0.54326
201300027708,19,4,2013,12,1,49,267,2,1,1,2,HELENE BOUCHER,47.4894,-0.50516
201300027709,20,4,2013,12,1,49,246,2,1,1,6,GLARDIERE CHEMIN,47.44171,-0.5153
201300027710,24,4,2013,19,1,49,7,2,1,1,6,SALPINTE,47.44834,-0.55382
201300027711,29,3,2013,18,1,49,7,2,1,1,2,COUBERTIN BOULEVARD,47.46266,-0.53228
201300027712,25,4,2013,17,1,49,7,2,3,1,3,BRIOLLAY ROUTE,47.48664,-0.53263
201300027713,2,5,2013,13,1,49,246,1,1,1,7,RD 260,47.44481,-0.52394
201300027714,1,5,2013,19,1,49,7,2,6,1,3,Aliénor d'Aquitaine,47.46115,-0.61694
201300027715,29,4,2013,7,1,49,7,2,1,1,3,DELACROIX RUE ET PASSAGE,47.45619,-0.52783
201300027716,20,4,2013,12,1,49,7,2,1,1,6,PORTET BOULEVARD,47.45122,-0.5618
201300027717,26,4,2013,20,2,49,7,2,2,1,1,RAMON BOULEVARD,47.48557,-0.53329
201300027718,27,4,2013,19,1,49,15,2,1,1,7,DE GAULLE AVENUE,47.50408,-0.5911
201300027719,29,4,2013,17,1,49,7,2,2,1,3,"61, JOXE AVENUE",47.48173,-0.54295
201300027720,30,4,2013,11,1,49,246,2,2,1,3,"73, HUGO VICTOR RUE",47.43042,-0.52816
201300027721,2,5,2013,18,1,49,7,2,1,1,6,"9, PASCAL RUE ET PASSAGE",47.45805,-0.53827
201300027722,3,5,2013,22,3,49,7,1,1,1,6,"0, EPINARD CHEMIN",47.49933,-0.56495
201300027723,7,5,2013,11,1,49,7,2,1,1,6,"5, MENDES FRANCE PLACE",47.47315,-0.54515
201300027724,7,5,2013,16,1,49,7,2,1,1,7,"17, BRAULT",47.47363,-0.5711
201300027725,9,5,2013,21,2,49,7,2,2,1,6,BELGIQUE,47.46986,-0.54246
201300027726,11,5,2013,17,1,49,7,2,3,1,3,"0, CARNOT",47.47602,-0.55022
201300027727,11,5,2013,16,1,49,15,1,1,1,1,CANTENAY EPINARD ROUTE,47.51075,-0.57487
201300027728,11,5,2013,16,1,49,7,2,1,1,7,"53, HAMELIN IMPASSE ET R",47.47625,-0.59028
201300027729,12,5,2013,14,1,49,7,2,2,1,3,PAUL BERT,47.46635,-0.553
201300027730,11,5,2013,17,1,49,7,2,1,1,6,"40, AYRAULT",47.47584,-0.55006
201300027731,13,5,2013,8,1,49,353,2,2,1,2,DORMOY,47.44439,-0.49071
201300027732,13,5,2013,23,5,49,7,2,1,1,7,PLANTAGENET,47.47235,-0.55455
201300027733,13,5,2013,16,1,49,246,1,6,1,6,"30, RUE PERDRIAU",47.43901,-0.48675
201300027734,13,5,2013,15,1,49,7,2,1,1,6,BRIOLLAY ROUTE,47.49094,-0.52973
201300027735,15,5,2013,23,5,49,7,2,1,1,2,MEIGNANNE,47.48094,-0.57363
201300027736,16,5,2013,16,1,49,7,2,6,1,3,BLANCHOIN BOULEVARD,47.4483,-0.53864
201300027737,16,5,2013,12,1,49,7,1,1,1,7,BAUMETTE Rocade,47.45826,-0.57289
201300027738,20,5,2013,19,1,49,7,1,1,2,7,ATLANTIQUE  AVENUE DE L',47.46608,-0.5691
201300027739,20,5,2013,13,1,49,7,1,1,2,7,RD 323,47.47044,-0.56149
201300027740,19,5,2013,20,2,49,7,1,1,1,7,VOIE DES BERGES,47.47547,-0.555
201300027741,22,5,2013,13,1,49,7,2,3,1,1,"0, RABELAIS",47.46246,-0.54742
201300027742,22,5,2013,17,1,49,7,2,6,1,3,"0, BEAUSSIER BOULEVARD",47.47812,-0.59851
201300027743,22,5,2013,18,1,49,7,2,1,1,6,"167, PYRAMIDE ROUTE",47.44985,-0.51584
201300027744,22,5,2013,15,1,49,7,2,1,1,6,MOULIN PLACE,47.49167,-0.55161
201300027745,27,5,2013,20,1,49,7,2,1,1,2,"1, VALERY PAUL RUE ET SQ",47.48749,-0.52972
201300027746,28,5,2013,9,1,49,267,1,1,8,2,A87N,47.47832,-0.50102
201300027747,29,5,2013,8,1,49,7,2,2,1,7,"3, ROI RENE BOULEVARD",47.46868,-0.55839
201300027748,3,6,2013,12,1,49,7,2,1,1,3,MONTAIGNE AVENUE,47.47151,-0.53859
201300027749,31,5,2013,19,1,49,7,1,1,1,2,"0, RD 323",47.4647,-0.57651
201300027750,4,6,2013,17,1,49,7,2,1,1,2,"65, BRISEPOTIERE",47.4806,-0.52924
201300027751,4,6,2013,17,1,49,7,2,1,1,6,FOCH BOULEVARD,47.46889,-0.54955
201300027752,4,6,2013,18,1,49,7,2,2,1,3,JEAN XXIII AVENUE,47.45194,-0.57103
201300027753,2,6,2013,20,1,49,7,2,1,1,2,GALLIENI BOULEVARD,47.4861,-0.52987
201300027754,5,6,2013,6,1,49,246,1,1,1,7,A87N,47.42101,-0.50434
201300027755,31,5,2013,18,1,49,7,2,1,1,6,SAINT LAZARE,47.47971,-0.5657
201300027756,6,6,2013,18,1,49,7,2,1,1,6,"42, DEUX CROIX BOULEVARD",47.47339,-0.52988
201300027757,27,5,2013,12,1,49,267,1,1,1,4,A87N,47.48298,-0.49877
201300027758,5,6,2013,15,1,49,7,2,1,1,7,"31, FONTENEAU",47.4582,-0.54335
201300027759,7,6,2013,16,1,49,246,2,1,1,4,1 rue Maurice Berne,47.40732,-0.5255
201300027760,7,6,2013,8,1,49,7,2,1,1,6,RUE DE RENNES,47.47723,-0.54904
201300027761,8,6,2013,18,1,49,7,2,1,1,7,"14, LEVAVASSEUR",47.47319,-0.53152
201300027762,9,6,2013,2,5,49,246,2,1,1,1,"51, DAVID D'ANGERS",47.43592,-0.53086
201300027763,11,6,2013,13,1,49,7,2,1,1,2,LIZE,47.48939,-0.56808
201300027764,12,6,2013,9,1,49,7,2,6,2,6,DE LATTRE DE TASSIGNY,47.44855,-0.53821
201300027765,13,6,2013,18,1,49,7,1,1,1,4,RD 323,47.47232,-0.55836
201300027766,15,6,2013,9,1,49,7,2,6,1,3,LYCEE PLACE,47.46723,-0.5449
201300027767,14,6,2013,10,1,49,7,2,1,1,2,"74, RABELAIS",47.45997,-0.54601
201300027768,17,6,2013,23,5,49,7,2,2,2,3,PAUL BERT,47.46542,-0.55031
201300027769,17,6,2013,16,1,49,7,2,1,1,2,"16, PONTS DE CE",47.45766,-0.54372
201300027770,18,6,2013,18,1,49,353,2,6,1,7,Rue Pasteur,47.44547,-0.46958
201300027771,19,6,2013,18,1,49,7,2,1,1,7,LORRAINE PLACE,47.47006,-0.54718
201300027772,24,6,2013,17,1,49,7,2,1,1,2,"34, BIRGE BOULEVARD",47.47848,-0.52117
201300027773,21,6,2013,13,1,49,7,2,1,1,6,DE LATTRE DE TASSIGNY,47.45068,-0.53969
201300027774,22,6,2013,16,1,49,7,2,3,1,3,"78, SAINT LEONARD",47.46374,-0.53837
201300027775,25,6,2013,17,1,49,7,1,4,1,6,BEAUSSIER BOULEVARD,47.47928,-0.59747
201300027776,25,6,2013,22,5,49,7,2,1,1,2,PASTEUR AVENUE,47.47649,-0.53289
201300027777,25,6,2013,13,1,49,7,2,1,1,1,BEDIER BOULEVARD,47.45186,-0.54445
201300027778,26,6,2013,11,1,49,7,2,1,1,2,MEIGNANNE,47.48086,-0.57337
201300027779,27,6,2013,16,1,49,7,2,3,1,3,PATTON AVENUE,47.47363,-0.58369
201300027780,28,6,2013,18,1,49,7,2,1,1,1,JUIN RUE,47.449,-0.56846
201300027781,29,6,2013,18,1,49,7,1,1,1,2,ATLANTIQUE  AVENUE DE,47.46555,-0.57938
201300027782,30,6,2013,12,1,49,7,2,2,1,3,SAINT MICHEL BOULEVARD,47.47347,-0.54209
201300027783,30,6,2013,10,1,49,7,2,2,1,3,Square Churchill,47.44751,-0.56177
201300027784,2,7,2013,17,1,49,7,2,1,1,3,ROI RENE BOULEVARD,47.46743,-0.55571
201300027785,3,7,2013,8,1,49,7,2,6,1,6,LAC DE MAINE AVENUE,47.46473,-0.5939
201300027786,3,7,2013,18,1,49,7,2,1,1,6,"1, CHAMBRE AUX DENIERS R",47.4661,-0.59816
201300027787,4,7,2013,15,1,49,7,2,1,1,7,MEIGNANNE,47.48094,-0.57363
201300027788,5,7,2013,18,1,49,7,2,1,1,3,"65, CHATENAY AVENUE VICT",47.48499,-0.51664
201300027789,28,5,2013,16,1,49,353,2,1,3,6,"88, PASTEUR",47.44558,-0.46794
201300027790,29,5,2013,17,1,49,267,1,1,3,7,A87N,47.46997,-0.51223
201300027791,8,7,2013,20,1,49,7,2,2,1,2,"84, SAUMUROISE rue",47.45562,-0.52992
201300027792,9,7,2013,17,1,49,7,2,2,1,6,SAVARY PASSAGE ET RUE,47.47344,-0.54212
201300027793,12,7,2013,14,1,49,7,2,2,1,3,"44, BOREAU",47.47619,-0.54508
201300027794,14,7,2013,0,5,49,7,2,3,1,3,"0, PATTON AVENUE",47.47305,-0.57725
201300027795,12,7,2013,8,3,49,7,2,1,1,3,MENDES FRANCE PLACE,47.47228,-0.54634
201300027796,16,7,2013,19,1,49,7,2,4,1,3,CLEMENCEAU BOULEVARD,47.4742,-0.56722
201300027797,23,7,2013,16,1,49,7,2,1,1,4,1 RUE LARREY,47.48029,-0.55468
201300027798,22,7,2013,19,1,49,7,2,1,1,7,"43, ALLONNEAU(AUGUSTE) B",47.48148,-0.52706
201300027799,24,7,2013,13,1,49,7,2,3,1,3,RUE DESJARDIN,47.46732,-0.54701
201300027800,25,7,2013,13,1,49,7,2,1,1,2,"47, PATTON AVENUE",47.47362,-0.5837
201300027801,25,7,2013,17,1,49,7,2,1,1,2,"22, DUNANT BOULEVARD",47.4843,-0.53044
201300027802,26,7,2013,17,1,49,7,2,1,1,2,PATTON AVENUE,47.47325,-0.59663
201300027803,31,7,2013,17,1,49,7,2,1,1,2,MONPLAISIR BOULEVARD,47.48991,-0.52205
201300027804,2,8,2013,18,1,49,7,2,2,1,3,GANDHI,47.47075,-0.51915
201300027805,2,8,2013,13,1,49,7,2,1,1,6,"22, DUNANT BOULEVARD",0.0,0.0
201300027806,6,8,2013,18,1,49,7,2,2,1,3,"40, BOISNET RUE",0.0,0.0
201300027807,6,8,2013,8,1,49,7,2,6,1,1,"0, LIZE",0.0,0.0
201300027808,15,8,2013,1,3,49,246,1,1,1,6,SAINT JEAN DE LA CROIX L,0.0,0.0
201300027809,23,8,2013,11,1,49,7,2,1,1,6,"11, RAME",0.0,0.0
201300027810,24,8,2013,18,1,49,7,2,1,1,2,"10, CARNOT",0.0,0.0
201300027811,24,8,2013,15,1,49,7,2,1,1,7,Boulevard DUMESNIL,47.47337,-0.56678
201300027812,24,8,2013,10,1,49,7,2,1,1,6,"108, PRE PIGEON",47.4755,-0.53661
201300027813,24,8,2013,15,1,49,7,2,1,1,7,"2, SAINT LAZARE",0.0,0.0
201300027814,27,8,2013,22,4,49,7,2,1,1,1,"104, PASTEUR AVENUE",0.0,0.0
201300027815,1,9,2013,20,2,49,7,2,1,1,7,"28, BARON",0.0,0.0
201300027816,3,9,2013,16,1,49,7,2,6,1,1,"0, LIZE",0.0,0.0
201300027817,4,9,2013,15,1,49,7,2,1,1,6,"40, GALLIENI BOULEVARD",0.0,0.0
201300027818,4,9,2013,8,1,49,7,2,1,1,6,"0, RASPAIL",0.0,0.0
201300027819,5,9,2013,19,1,49,7,2,1,1,1,HOTEL DIEU AVENUE,0.0,0.0
201300027820,5,9,2013,21,2,49,7,2,6,1,2,BON PASTEUR BOULEVARD,0.0,0.0
201300027821,6,9,2013,22,5,49,246,2,2,1,2,"0, GALLIENI AVENUE",0.0,0.0
201300027822,9,9,2013,17,1,49,7,2,3,1,3,DUMESNIL BOULEVARD,47.47316,-0.56641
201300027823,6,9,2013,8,1,49,7,2,1,1,1,"111, GASNIER AVENUE",47.4878,-0.57384
201300027824,6,9,2013,9,1,49,7,2,1,1,2,"0, MONTAIGNE AVENUE",0.0,0.0
201300027825,7,9,2013,20,5,49,7,2,2,1,3,"0, BOURGONNIER",0.0,0.0
201300027826,8,9,2013,12,1,49,7,2,1,1,6,"0, BERGSON",0.0,0.0
201300027827,11,9,2013,12,1,49,7,2,1,1,2,PARMENTIER,47.45305,-0.5182
201300027828,11,9,2013,8,1,49,7,2,6,1,7,PATTON AVENUE,47.47312,-0.5998
201300027829,13,9,2013,6,5,49,246,2,2,1,3,"0, DAVID D'ANGERS",0.0,0.0
201300027830,12,9,2013,7,2,49,7,2,3,1,5,"0, MONTAIGNE AVENUE",0.0,0.0
201300027831,12,9,2013,7,1,49,7,2,1,2,6,"0, MADELEINE",0.0,0.0
201300027832,12,9,2013,8,1,49,267,2,1,1,6,"0, GEMMETRIE",0.0,0.0
201300027833,16,9,2013,16,1,49,246,1,1,1,3,"0, A87N",0.0,0.0
201300027834,17,9,2013,12,1,49,7,2,3,1,1,PASTEUR AVENUE,47.47402,-0.53743
201300027835,13,9,2013,18,1,49,7,2,3,1,2,LE GOUZ,0.0,0.0
201300027836,15,9,2013,9,1,49,7,2,1,1,6,KING MARTIN-LUTHER RUE E,0.0,0.0
201300027837,16,9,2013,14,1,49,353,2,1,1,2,"0, JEAN JAURES RUE",0.0,0.0
201300027838,18,9,2013,19,1,49,7,2,2,1,1,"1, CEZANNE",0.0,0.0
201300027839,20,9,2013,14,1,49,7,2,6,1,3,"0, LIZE",0.0,0.0
201300027840,20,9,2013,11,1,49,7,2,1,1,6,"0, CAMUS BOULEVARD",0.0,0.0
201300027841,21,9,2013,11,1,49,7,2,1,1,2,"0, HOCHE",0.0,0.0
201300027842,23,9,2013,8,1,49,7,2,1,1,6,"0, NOTRE DAME DU LAC AVE",0.0,0.0
201300027843,24,9,2013,19,1,49,7,2,1,1,6,"0, JEAN XXIII AVENUE",0.0,0.0
201300027844,24,9,2013,13,1,49,7,2,1,1,7,"0, CLEMENCEAU BOULEVARD",0.0,0.0
201300027845,26,9,2013,17,1,49,7,2,1,1,2,"0, DE LATTRE DE TASSIGNY",0.0,0.0
201300027846,28,9,2013,16,1,49,267,1,1,2,3,"PK, RD 347",0.0,0.0
201300027847,28,9,2013,8,1,49,7,2,1,1,6,"1, ONZE NOVEMBRE 1918 AV",0.0,0.0
201300027848,27,9,2013,12,1,49,7,2,1,1,2,"44, FAYE",0.0,0.0
201300027849,27,9,2013,18,1,49,7,2,2,1,3,STRASBOURG BOULEVARD,0.0,0.0
201300027850,29,9,2013,13,1,49,7,2,3,1,6,", BRISEPOTIERE",0.0,0.0
201300027851,27,9,2013,19,2,49,7,2,1,1,3,"0, SALPINTE",0.0,0.0