Num_Acc,jour,mois,an,hr,condition_eclairage,departement,commune,condition_agglomeration,intersection,condition_atmosphere,type_collision,adresse,lattitude,longitude
201300027852,29,9,2013,6,5,49,246,2,1,1,7,"4, BERNE",0.0,0.0
201300027853,30,9,2013,7,2,49,7,2,1,1,3,AV DE LATTRE DE TASSIGNY,47.4507,-0.53964
201300027854,1,10,2013,17,1,49,7,2,1,1,6,RABELAIS,0.0,0.0
201300027855,2,10,2013,17,1,49,7,2,1,1,3,"1, MOULIN BOULEVARD",0.0,0.0
201300027856,3,10,2013,11,1,49,7,2,1,1,4,"0, CAMUS BOULEVARD",47.4831,-0.57584
201300027857,4,10,2013,4,5,49,267,2,1,1,6,ANGERS ROUTE,47.46925,-0.50928
201300027858,3,10,2013,21,5,49,7,2,2,1,1,MONTAIGNE AVENUE,0.0,0.0
201300027859,4,10,2013,16,1,49,353,1,1,1,3,A87N,0.0,0.0
201300027860,4,10,2013,17,1,49,7,2,1,1,6,"05, FOCH BOULEVARD",0.0,0.0
201300027861,8,10,2013,17,1,49,7,2,3,1,3,"0, MIMOSAS",0.0,0.0
201300027862,9,10,2013,12,1,49,7,2,3,1,6,"28, BODINIER",0.0,0.0
201300027863,9,10,2013,12,1,49,7,2,1,1,3,DAVIERS BOULEVARD,0.0,0.0
201300027864,12,10,2013,9,1,49,7,2,1,2,3,"0, BARRA PASSAGE ET RUE",0.0,0.0
201300027865,13,10,2013,5,5,49,7,2,1,1,6,"0, COUFFON BOULEVARD SEC",0.0,0.0
201300027866,14,10,2013,13,1,49,7,2,2,1,6,"0, CLEMENCEAU BOULEVARD",0.0,0.0
201300027867,14,10,2013,8,1,49,7,2,1,1,2,DE LATTRE DE TASSIGNY,0.0,0.0
201300027868,15,10,2013,9,1,49,7,2,2,2,3,"0, GUITTON",47.47373,-0.54754
201300027869,15,10,2013,10,1,49,7,2,2,2,2,VOLNEY,47.46176,-0.54148
201300027870,16,10,2013,8,5,49,7,2,1,1,3,"21, SAINT LEONARD",0.0,0.0
201300027871,16,10,2013,18,1,49,7,1,1,1,6,"0, ROI RENE BOULEVARD",0.0,0.0
201300027872,17,10,2013,7,1,49,7,2,2,1,6,"0, BEAUSSIER BOULEVARD",0.0,0.0
201300027873,17,10,2013,18,1,49,353,2,1,1,6,PARMENTIER,0.0,0.0
201300027874,18,10,2013,14,1,49,7,2,1,1,2,BEAUSSIER BOULEVARD,0.0,0.0
201300027875,21,10,2013,16,1,49,7,2,1,1,3,"1, MOULIN BOULEVARD",0.0,0.0
201300027876,22,10,2013,8,2,49,246,2,1,1,3,PERDRIAU,0.0,0.0
201300027877,23,10,2013,14,1,49,7,2,2,1,2,DUNANT BOULEVARD,0.0,0.0
201300027878,23,10,2013,7,2,49,7,2,1,1,6,MOULIN PONT ET PLACE,0.0,0.0
201300027879,24,10,2013,11,1,49,7,2,1,1,6,BOREAU,0.0,0.0
201300027880,27,10,2013,20,3,49,246,1,1,2,7,"PK 5,000, A87N",0.0,0.0
201300027881,28,10,2013,18,5,49,7,2,1,1,7,"206, PASTEUR AVENUE",0.0,0.0
201300027882,1,11,2013,20,5,49,7,2,2,1,2,"0, NID DE  PIE",0.0,0.0
201300027883,2,11,2013,8,1,49,7,1,1,1,6,"0, VOIE DES BERGES",0.0,0.0
201300027884,5,11,2013,11,1,49,7,2,1,1,6,"0, CLAUDEL",0.0,0.0
201300027885,5,11,2013,17,1,49,7,2,1,1,6,SAUMUROISE IMPASSE ET RU,0.0,0.0
201300027886,6,11,2013,15,1,49,7,2,1,1,3,"0, PYRAMIDE ROUTE",0.0,0.0
201300027887,6,11,2013,17,2,49,15,1,1,1,4,D775,47.50423,-0.61883
201300027888,11,11,2013,21,5,49,7,2,1,2,4,BERGES VOIE,0.0,0.0
201300027889,14,11,2013,8,1,49,7,2,1,1,6,"1, ARAGON AVENUE",0.0,0.0
201300027890,18,11,2013,15,1,49,7,2,1,1,6,"0, MOLIERE PLACE",0.0,0.0
201300027891,26,10,2013,20,5,49,246,2,1,1,2,"25, HUGO VICTOR RUE",0.0,0.0
201300027892,12,11,2013,19,5,49,267,2,1,1,3,"0, A87N",0.0,0.0
201300027893,20,10,2013,12,1,49,15,2,1,1,7,"20, ADEZIERE ROUTE",0.0,0.0
201300027894,26,10,2013,16,1,49,7,2,1,1,6,QUAI LIGNY,0.0,0.0
201300027895,18,11,2013,18,5,49,7,2,1,1,6,"25, CHURCHILL AVENUE ET",0.0,0.0
201300027896,29,10,2013,9,1,49,7,2,1,1,7,"04, LARREY",0.0,0.0
201300027897,30,10,2013,13,1,49,7,2,1,1,6,PATTON AVENUE,0.0,0.0
201300027898,9,11,2013,11,1,49,7,2,1,1,7,"00, BAUMETTE PROMENADE",0.0,0.0
201300027899,20,11,2013,20,5,49,7,2,1,2,6,"0, DUNANT BOULEVARD",0.0,0.0
201300027900,20,11,2013,12,1,49,7,2,6,1,6,"0, CHAUVIRE RUE ET SQUAR",0.0,0.0
201300027901,21,11,2013,12,1,49,7,2,2,1,3,"1, BRIOLLAY ROUTE",0.0,0.0
201300027902,21,11,2013,16,1,49,7,2,1,2,2,"58, BEDIER BOULEVARD",0.0,0.0
201300027903,21,11,2013,7,2,49,7,2,1,2,7,"5, PAPIN",0.0,0.0
201300027904,21,11,2013,19,3,49,7,2,1,1,7,"00, DE LATTRE DE TASSIGN",0.0,0.0
201300027905,23,11,2013,5,5,49,7,2,1,1,6,"0, BEAUSSIER BOULEVARD",0.0,0.0
201300027906,24,11,2013,11,1,49,7,2,1,7,6,"0, ACADEMIE PLACE",0.0,0.0
201300027907,28,11,2013,1,5,49,7,2,2,1,3,"1, MARIANNE BOULEVARD",0.0,0.0
201300027908,28,11,2013,11,1,49,353,2,9,1,3,"20, RECLUS",0.0,0.0
201300027909,30,11,2013,12,1,49,7,2,5,1,3,MARCEAU,0.0,0.0
201300027910,30,11,2013,20,5,49,7,2,1,1,6,CARNOT,0.0,0.0
201300027911,30,11,2013,12,1,49,7,2,1,1,1,"0, MOULIN BOULEVARD",0.0,0.0
201300027912,29,11,2013,16,1,49,246,2,1,1,3,"28, DAVID D'ANGERS",0.0,0.0
201300027913,3,12,2013,19,2,49,7,2,1,1,2,"3, DAVIERS BOULEVARD",47.47922,-0.5576
201300027914,8,11,2013,13,1,49,7,1,1,2,2,"0, BARANGE BOULEVARD",0.0,0.0
201300027915,3,12,2013,18,3,49,267,1,1,1,4,"0, A87N",0.0,0.0
201300027916,6,12,2013,17,1,49,7,2,1,1,6,"56, LAVOISIER BOULEVARD",0.0,0.0
201300027917,9,12,2013,18,5,49,7,2,1,1,7,"6, TURPIN DE CRISSE AVEN",0.0,0.0
201300027918,10,12,2013,14,1,49,267,2,1,1,4,"68, BEAUFORT ROUTE",0.0,0.0
201300027919,10,12,2013,16,1,49,7,2,1,1,7,"34, CHAMBRE AUX DENIERS",0.0,0.0
201300027920,12,12,2013,14,1,49,7,2,6,1,2,PAJOTIN,0.0,0.0
201300027921,13,12,2013,23,5,49,7,2,1,1,7,"5, LEKEU",0.0,0.0
201300027922,14,12,2013,19,5,49,7,2,1,1,7,"15, SAUMUROISE IMPASSE E",0.0,0.0
201300027923,12,12,2013,18,5,49,7,2,1,1,2,"1, BEL AIR",0.0,0.0
201300027924,16,12,2013,17,1,49,246,2,1,1,3,"1, DAVID D'ANGERS",0.0,0.0
201300027925,18,12,2013,20,5,49,7,2,1,3,3,"42, BIRGE BOULEVARD",0.0,0.0
201300027926,18,12,2013,8,2,49,7,2,3,2,3,"0, HAUTE DES BANCHAIS",0.0,0.0
201300027927,19,12,2013,10,1,49,7,2,1,2,7,LAC DE MAINE AVENUE,0.0,0.0
201300027928,19,12,2013,11,1,49,7,2,1,1,2,ROBERT BOULEVARD,0.0,0.0
201300027929,19,12,2013,20,5,49,7,2,1,1,6,GOURONNIERES,0.0,0.0
201300027930,20,12,2013,10,1,49,7,2,1,1,6,"1, DAVIERS BOULEVARD",0.0,0.0
201300027931,21,12,2013,23,5,49,7,2,1,2,7,"1, TOUR DES ANGLAIS",0.0,0.0
201300027932,20,12,2013,10,1,49,7,2,1,9,6,"0, MONPROFIT PLACE",0.0,0.0
201300027933,22,12,2013,19,5,49,7,2,7,9,3,"1, NEY PLACE",0.0,0.0
201300027934,23,12,2013,11,1,49,353,2,1,1,1,"1, CAMUS",0.0,0.0
201300027935,26,12,2013,7,4,49,7,2,1,2,7,"1, BARANGE BOULEVARD",0.0,0.0
201300027936,26,12,2013,7,2,49,7,2,1,8,6,FOCH BOULEVARD,0.0,0.0
201300027937,27,12,2013,17,2,49,7,2,1,2,7,"24, GAIN ( LOUIS)",0.0,0.0
201300027938,30,12,2013,10,1,49,7,2,9,1,1,MITTERRAND PLACE ET ALLE,0.0,0.0
201300027939,6,1,2013,18,1,49,99,2,9,5,2,MOINIE(BOULEVARD DE LA ),47.05407,-0.90092
201300027940,7,1,2013,19,5,49,99,2,1,1,3,CASSINI (BOULEVARD JACQU,47.04194,-0.91354
201300027941,9,1,2013,12,1,49,99,2,1,1,6,"51, RAMBOURG (RUE DE)",47.06724,-0.88504
201300027942,11,1,2013,13,1,49,99,2,2,1,6,HOTEL DE VILLE (RUE DE L,47.05794,-0.87935
201300027943,14,1,2013,8,2,49,99,2,6,1,3,FAIDHERBE (BOULEVARD DU,47.06519,-0.8701
201300027944,15,1,2013,16,1,49,99,2,1,1,6,GAMBETTA (AVENUE LEON),47.06382,-0.87154
201300027945,18,1,2013,10,1,49,99,2,1,2,6,MOCRAT(AVENUE DE),47.06203,-0.89684
201300027946,22,1,2013,17,2,49,99,2,1,1,3,61 av Leon GAMBETTA,47.06337,-0.87354
201300027947,23,1,2013,18,5,49,99,2,1,2,4,TROIS PROVINCES (AVENUE,47.05948,-0.919
201300027948,24,1,2013,7,5,49,99,2,9,2,3,FERRIE (AVENUE GUSTAVE),47.06222,-0.85828
201300027949,28,1,2013,19,5,49,99,2,1,1,2,BOIS LAVAU (BOULEVARD DE,47.07309,-0.89757
201300027950,28,1,2013,17,1,49,99,2,6,1,3,COUBERTIN (BOULEVARD PIE,47.05013,-0.87221
201300027951,28,1,2013,20,5,49,99,2,6,1,4,BELGIQUE (BOULEVARD DE ),47.07128,-0.842
201300027952,29,1,2013,21,5,49,99,2,1,2,3,CARNOT (RUE SADI),47.06078,-0.87196
201300027953,8,2,2013,20,5,49,99,2,3,2,3,LORRAINE (RUE DE),47.0572,-0.86283
201300027954,9,2,2013,10,1,49,332,2,1,2,6,HUIT MAI 1945 (PLACE DU),47.06409,-0.93567
201300027955,20,2,2013,8,1,49,99,2,1,1,6,"17, DELHUMEAU PLESSIS (B",47.05745,-0.87866
201300027956,26,2,2013,9,1,49,99,2,1,4,3,"55, FAIDHERBE (BOULEVARD",47.06784,-0.87461
201300027957,22,3,2013,12,1,49,99,2,1,1,6,"106, VENDEE (RUE DE LA )",47.05277,-0.89067
201300027958,27,3,2013,7,1,49,99,2,6,1,3,BICENTENAIRE DE 1793 (PL,47.05541,-0.85939
201300027959,5,4,2013,5,2,49,99,2,1,1,3,"9, VICTOIRE (BD DE LA)",47.05718,-0.87701
201300027960,8,4,2013,12,1,49,99,2,1,1,2,BOUET (AVENUE FRANCIS),47.05889,-0.8892
201300027961,17,4,2013,14,1,49,99,2,6,1,6,COUBERTIN (BD PIERRE),47.0508,-0.87166
201300027962,18,4,2013,19,1,49,99,2,6,1,3,BICENTENAIRE DE 1793 (PL,47.05508,-0.85988
201300027963,9,5,2013,22,5,49,99,2,1,1,6,LORRAINE (RUE DE),47.0561,-0.86085
201300027964,11,5,2013,6,2,49,99,2,1,1,6,MOINIE(BOULEVARD DE LA ),47.05451,-0.90132
201300027965,18,5,2013,19,1,49,99,2,2,3,3,LA BRUYERE (RUE JEAN DE),47.05086,-0.85803
201300027966,19,5,2013,0,5,49,99,2,1,3,6,"26, VENDEE (RUE DE LA )",47.05588,-0.88891
201300027967,27,5,2013,13,1,49,99,2,2,1,6,CHANZY (BOULEVARD GENERA,47.06897,-0.88217
201300027968,30,5,2013,17,1,49,99,2,1,2,1,ANGERS (AVENUE D' ),47.08062,-0.82792
201300027969,6,6,2013,16,1,49,99,2,6,1,2,D'ARC (BD JEANNE),47.06324,-0.86597
201300027970,11,6,2013,14,1,49,99,2,1,2,3,66 FAIDHERBE (BD DU GEN),47.06769,-0.87896
201300027971,12,6,2013,17,1,49,99,2,1,1,2,KENNEDY (AVENUE DU PR),47.04729,-0.8912
201300027972,13,6,2013,13,1,49,99,2,1,1,1,"49, FAIDHERBE (BOULEVARD",47.06776,-0.87667
201300027973,17,6,2013,15,1,49,99,2,9,1,6,TREILLE (BOULEVARD DE LA,47.05968,-0.9044
201300027974,27,6,2013,8,1,49,99,2,1,1,2,"16, FOCH (AVENUE DU MARE",47.06164,-0.8878
201300027975,10,7,2013,18,1,49,99,2,1,1,6,HOTEL DE VILLE (RUE DE L,47.05855,-0.87884
201300027976,16,7,2013,16,1,49,99,2,6,1,6,PAGANNES (RUE DES),47.07502,-0.845
201300027977,23,7,2013,12,1,49,99,1,1,8,6,76 av hippodrome,47.03203,-0.88408
201300027978,28,7,2013,6,1,49,99,2,1,1,6,JAURES (RUE JEAN),47.06349,-0.88511
201300027979,29,7,2013,20,1,49,99,2,1,1,6,"77, ETOILE (RUE DE L')",47.0664,-0.89006
201300027980,1,8,2013,10,1,49,99,2,2,1,6,"65 bis, SAINT PIERRE (RU",0.0,0.0
201300027981,3,8,2013,17,1,49,99,2,3,1,6,COMMERCE (RUE DU),0.0,0.0
201300027982,5,8,2013,8,1,49,99,2,6,1,6,LECLERC (AVENUE DU MAREC,47.06318,-0.86569
201300027983,6,8,2013,22,5,49,99,2,3,1,3,"50, VENDEE (RUE DE LA )",0.0,0.0
201300027984,15,8,2013,20,1,49,99,1,1,1,6,"23, RD 20",0.0,0.0
201300027985,4,9,2013,11,1,49,99,2,1,1,6,ARC (BOULEVRAD JEANNE D',0.0,0.0
201300027986,10,9,2013,9,1,49,99,2,1,7,6,"7, HOCHE (RUE LAZARE)",0.0,0.0
201300027987,24,9,2013,8,1,49,99,2,1,1,6,"11, PLACE du 77e RI",47.06532,-0.87072
201300027988,26,9,2013,13,1,49,99,2,2,2,5,TURBAUDIERES (BOULEVARD,0.0,0.0
201300027989,26,9,2013,17,1,49,99,2,1,1,6,"135, PASTEUR (RUE LOUIS)",0.0,0.0
201300027990,27,9,2013,20,3,49,99,1,1,1,1,"10, HIPPODROME (AVENUE D",0.0,0.0
201300027991,14,10,2013,12,1,49,99,2,9,1,6,MONDEMENT(RUE DE),47.06397,-0.88104
201300027992,14,10,2013,19,5,49,99,2,3,2,3,VENDEE (RUE DE LA ),0.0,0.0
201300027993,18,10,2013,8,1,49,99,2,1,1,3,"09, EUGENE BREMOND (RUE)",0.0,0.0
201300027994,20,10,2013,19,2,49,99,2,3,1,3,LORRAINE (RUE DE),0.0,0.0
201300027995,21,10,2013,7,1,49,99,1,8,8,6,VC 5,0.0,0.0
201300027996,18,10,2013,7,2,49,99,2,9,1,2,TOUTLEMONDE (RUE DE),0.0,0.0
201300027997,24,10,2013,10,1,49,99,2,3,1,3,STRASBOURG (BOULEVARD DE,0.0,0.0
201300027998,3,11,2013,8,1,49,99,2,1,2,5,"109, PASTEUR (RUE LOUIS)",0.0,0.0
201300027999,7,11,2013,10,1,49,99,2,1,2,1,RN 249,0.0,0.0
201300028000,7,11,2013,19,5,49,99,2,1,2,3,"60, MAINDRON (RUE)",47.05954,-0.88684
201300028001,22,11,2013,11,1,49,99,2,1,1,3,RN160,0.0,0.0
201300028002,6,12,2013,17,2,49,99,2,1,1,2,GODINIERE (BOULEVARD DE,0.0,0.0
201300028003,9,12,2013,7,1,49,99,2,1,1,3,"16, TOUTLEMONDE (RUE DE)",0.0,0.0
201300028004,11,12,2013,20,5,49,99,2,2,1,3,LAENNEC (RUE DU DOCTEUR,0.0,0.0
201300028005,11,12,2013,8,2,49,99,1,1,1,1,"LE GAT BRUNET  ""lieu dit",0.0,0.0
201300028006,13,12,2013,19,5,49,99,2,1,2,4,"207, TROIS PROVINCES (AV",0.0,0.0
201300028007,17,12,2013,8,2,49,99,2,6,1,6,DOROHOI (PLACE DE),0.0,0.0
201300028008,17,12,2013,17,5,49,99,2,1,1,6,"10, MALLARME (RUE)",0.0,0.0
201300028009,18,12,2013,17,5,49,99,2,1,1,6,"71, TRAVOT (PLACE )",0.0,0.0
201300028010,23,12,2013,11,1,49,99,2,2,2,3,"08, GUTENBERG (RUE)",0.0,0.0
201300028011,3,1,2013,8,2,49,328,2,1,1,6,BALZAC (AVENUE),47.25285,-0.08036
201300028012,5,1,2013,11,1,49,328,2,1,1,6,"327, LAMARTINE (RUE)",47.25215,-0.06827
201300028013,10,1,2013,9,1,49,328,2,6,2,3,COMMENTRY (AVENUE),47.25308,-0.08043
201300028014,11,1,2013,8,2,49,328,1,6,1,4,FLEURET (ROND-POINT DU),47.28594,-0.04911
201300028015,14,1,2013,18,2,49,328,2,6,1,2,DE LATTRE DE TASSIGNY (B,47.26272,-0.09035
201300028016,21,1,2013,21,3,49,328,2,6,1,3,"sans, ROLLETIERES (CHEMI",47.24671,-0.06375
201300028017,25,1,2013,22,4,49,328,2,2,1,3,PRESSOIR (RUE DU),47.25154,-0.07745
201300028018,26,1,2013,7,4,49,328,2,1,1,7,"sans, ROUEN (RUE DE)",47.27095,-0.06554
201300028019,26,1,2013,20,4,49,328,2,2,1,3,"sans, LOUCHEUR (RUE)",47.24605,-0.07042
201300028020,6,2,2013,7,2,49,328,2,1,3,3,"615, JAGUENEAU (QUAI DU)",47.25173,-0.05873
201300028021,8,2,2013,22,3,49,328,1,1,1,7,MONTSOREAU (ROUTE DE) D,47.24622,-0.04015
201300028022,21,2,2013,8,1,49,328,2,1,1,5,POMPIDOU (AVENUE G),47.26432,-0.09653
201300028023,22,2,2013,17,1,49,328,1,1,1,5,ROCADE RD 347,47.24416,-0.10861
201300028024,24,2,2013,4,4,49,328,2,1,1,7,"59, AMIOT (RUE JULES)",47.26103,-0.09835
201300028025,26,2,2013,8,1,49,328,2,2,1,3,GRANGE COURONNE (Rue),47.27337,-0.06938
201300028026,26,2,2013,17,1,49,328,2,1,1,6,"63, DESMARETS (RUE)",47.2459,-0.08923
201300028027,1,3,2013,23,5,49,328,2,1,1,6,"15, PORTAIL LOUIS (RUE D",0.0,0.0
201300028028,3,3,2013,7,2,49,328,1,1,1,7,GENNES (ROUTE DE),47.28178,-0.12191
201300028029,7,3,2013,14,1,49,328,2,1,1,2,CARNOT (QUAI),47.26148,-0.07705
201300028030,9,3,2013,17,1,49,328,2,3,1,3,CHEVRE (RUE),47.24757,-0.0554
201300028031,15,3,2013,9,1,49,328,2,2,1,6,CHEMIN VERT (RUE DU),47.24922,-0.07731
201300028032,15,3,2013,16,1,49,328,2,1,1,3,"53, ROUEN (RUE DE)",47.27009,-0.06656
201300028033,20,3,2013,18,1,49,328,2,3,1,6,PHAROUELLE (RUE),47.26639,-0.07357
201300028034,28,3,2013,14,1,49,328,2,6,1,3,"sans, SENATORERIE (PLACE",47.26522,-0.10116
201300028035,29,3,2013,17,1,49,328,1,1,2,5,ROCADE D 347,47.2467,-0.1059
201300028036,3,4,2013,19,1,49,328,2,6,1,3,HOCHE (RUE),47.25306,-0.08045
201300028037,5,4,2013,12,1,49,328,1,1,2,6,ROCADE D 347,47.25012,-0.10234
201300028038,14,4,2013,16,1,49,328,2,6,1,7,CARROUSEL (Rd Point),47.26574,-0.09456
201300028039,17,4,2013,17,1,49,328,2,3,1,3,MARNE (BOULEVARD DE LA),47.23833,-0.07846
201300028040,19,4,2013,11,1,49,328,2,2,1,6,DACIER (RUE),47.2586,-0.07557
201300028041,19,4,2013,18,1,49,328,2,1,1,7,"19, CARNOT (QUAI)",47.26259,-0.079
201300028042,21,4,2013,10,1,49,328,2,1,1,7,"sans, DAVID D'ANGERS (AV",47.27081,-0.07381
201300028043,23,4,2013,16,1,49,328,2,1,1,6,POMPIDOU (AVENUE G,47.26465,-0.0979
201300028044,2,5,2013,16,1,49,328,2,1,1,1,JAGUENEAU (QUAI DU),47.2539,-0.06381
201300028045,6,5,2013,16,1,49,328,2,1,1,6,DELESSERT (Bd),47.25588,-0.08728
201300028046,6,5,2013,16,1,49,328,2,1,1,2,"326, MONTSOREAU (ROUTE D",47.24402,-0.03351
201300028047,6,5,2013,17,1,49,328,2,1,1,6,"6, BODIN (RUE)",47.25678,-0.0797
201300028048,9,5,2013,11,1,49,328,2,1,1,7,"623, JAGUENEAU (QUAI DU)",47.25177,-0.05886
201300028049,25,5,2013,10,1,49,328,2,1,1,3,SCHWEITZER (RUE DU),47.24631,-0.07805
201300028050,28,5,2013,10,1,49,328,2,1,8,3,"42, ROUEN (RUE DE)",47.26893,-0.06782
201300028051,8,6,2013,18,1,49,328,2,1,1,6,"40, MABILEAU (RUE RENE)",47.25668,-0.09394
201300028052,9,6,2013,20,1,49,328,2,6,8,3,Rd POINT  PONT FOUCHARD,47.25367,-0.08548
201300028053,15,6,2013,15,1,49,328,1,2,1,3,VOIE ROMAINE,47.27212,-0.12783
201300028054,15,6,2013,15,1,49,328,1,1,1,6,CHAMPIGNY (ROUTE DE),47.23994,-0.04434
201300028055,15,6,2013,20,1,49,328,1,1,1,6,CHAMPIGNY (ROUTE D,47.2414,-0.04588
201300028056,18,6,2013,19,1,49,328,1,1,1,7,TRESOR (ROUTE DU),47.26295,-0.11738
201300028057,20,6,2013,13,1,49,328,2,3,1,1,FARDEAU (RUE),47.2544,-0.08182
201300028058,21,6,2013,22,5,49,328,2,6,1,2,CESSART (ROND-POINT),47.26126,-0.07659
201300028059,25,6,2013,17,1,49,328,2,6,1,3,"109, PONT FOUCHARD (RUE",47.24716,-0.09302
201300028060,29,6,2013,17,1,49,328,1,1,1,7,CROIX BLANCHE (RUE,47.23814,-0.03547
201300028061,1,7,2013,10,1,49,328,2,1,1,6,"6, HIRONDELLES (RUE DES)",47.27379,-0.07517
201300028062,7,7,2013,10,1,49,328,2,6,1,6,MUSEE DU MOTEUR (ROND-PO,47.25203,-0.08717
201300028063,10,7,2013,15,1,49,328,2,1,1,6,"18, FIDELITE (RUE DE LA)",47.26093,-0.07884
201300028064,19,7,2013,16,1,49,328,2,6,1,3,"sans, WEYGAND (ROND-POIN",47.26275,-0.09031
201300028065,20,7,2013,13,1,49,328,2,1,1,2,Bd LOUIS RENAULT,47.2533,-0.0847
201300028066,21,7,2013,18,1,49,328,2,1,1,7,D'ANJOU(RUE),47.25648,-0.07153
201300028067,23,7,2013,16,1,49,328,1,1,1,6,ROCADE RD 347,47.25506,-0.09949
201300028068,25,7,2013,1,3,49,328,2,1,1,7,"sans, PETIT PUY (RUE DU)",47.24897,-0.05709
201300028069,27,7,2013,10,1,49,328,1,1,1,6,ROCADE D 347,47.27884,-0.07174
201300028070,27,7,2013,16,1,49,328,2,6,1,7,DE LATTRE DE TASSIGNY,47.25991,-0.08886
201300028071,28,7,2013,6,2,49,328,2,1,1,6,PALUSTRE (RUE LEOP,47.27318,-0.10761
201300028072,29,7,2013,7,1,49,328,1,1,1,5,ROCADE D 347,0.0,-0.07049
201300028073,31,7,2013,18,1,49,328,2,1,1,5,JAGUENEAU (QUAI DU,47.25264,-0.06155
201300028074,7,8,2013,2,4,49,328,2,1,1,6,MAYAUD (QUAI),47.25491,-0.06535
201300028075,9,8,2013,19,1,49,328,2,2,1,3,MARAICHERS (AVENUE DES),47.27331,-0.06942
201300028076,14,8,2013,19,1,49,328,2,1,1,6,"78, ROUEN (RUE DE) N 147",0.0,0.0
201300028077,31,8,2013,2,3,49,328,2,1,1,7,"sans, DACIER (RUE)",0.0,0.0
201300028078,2,9,2013,19,1,49,328,2,1,1,7,"sans, DUNANT (BOULEVARD",0.0,0.0
201300028079,3,9,2013,16,1,49,328,2,6,1,3,AMIOT (RUE JULES),47.2612,-0.09868
201300028080,5,9,2013,13,1,49,328,2,3,1,3,DUNANT (BOULEVARD,47.26629,-0.08458
201300028081,9,9,2013,17,1,49,328,2,1,1,3,"11, PRESSOIR (RUE DU)",47.25257,-0.0772
201300028082,9,9,2013,18,1,49,328,2,6,1,7,"sans, DOLMEN (ROND-POINT",0.0,0.0
201300028083,12,9,2013,17,1,49,328,2,1,2,7,"sans, DE GAULLE (AVENUE",0.0,0.0
201300028084,14,9,2013,12,1,49,328,2,1,3,7,"0, PONT FOUCHARD (RUE DU",0.0,0.0
201300028085,20,9,2013,17,1,49,328,2,3,1,3,DE GAULLE (AVENUE DU GEN,0.0,0.0
201300028086,21,9,2013,12,1,49,328,2,3,1,2,DAVID D'ANGERS (AVENUE),47.26884,-0.07083
201300028087,24,9,2013,7,2,49,328,2,1,1,6,OREAU (RUE DE L'),47.27899,-0.07049
201300028088,24,9,2013,9,1,49,328,2,6,1,6,"25, DE GAULLE (AVENUE DU",47.26407,-0.07359
201300028089,3,10,2013,14,1,49,328,2,6,2,7,"sans, RENAULT (BOULEVARD",0.0,0.0
201300028090,4,10,2013,20,5,49,328,2,1,1,1,"85, MABILEAU (RUE RENE)",47.25446,-0.09158
201300028091,12,10,2013,19,2,49,328,2,1,1,6,"2, BASSE ST PIERRE (RUE)",0.0,0.0
201300028092,15,10,2013,17,1,49,328,2,1,3,6,"sans, CESSART (PONT)",0.0,0.0
201300028093,20,10,2013,10,1,49,328,1,1,2,6,BOURNAN (ROND-POINT),0.0,0.0
201300028094,21,10,2013,17,1,49,328,1,1,1,3,VIEUX VIVY (ROUTE DU),0.0,0.0
201300028095,28,10,2013,10,1,49,328,2,1,1,7,"sans, THOUET (RIVES DU)",0.0,0.0
201300028096,12,11,2013,17,5,49,328,2,1,2,6,BOURNIGAL (RUE DU),47.25242,-0.07975
201300028097,14,11,2013,7,1,49,328,1,1,1,5,"sans, ROCADE N 347",0.0,0.0
201300028098,16,11,2013,8,1,49,328,1,1,1,3,"sans, CADRE NOIR (PONT D",0.0,0.0
201300028099,20,11,2013,14,1,49,328,2,3,1,3,"sans, FOCH (AVENUE DU MA",0.0,0.0
201300028100,25,11,2013,20,5,49,328,2,1,1,1,"58, PRESSOIR (RUE DU)",0.0,0.0
201300028101,4,12,2013,19,5,49,328,2,1,1,6,"14, POMPIDOU (AVENUE GEO",0.0,0.0
201300028102,10,12,2013,18,3,49,328,2,1,1,5,ROCADE N 347,0.0,0.0
201300028103,12,12,2013,15,2,49,328,1,1,1,2,"sans, ROCADE N 347",0.0,0.0
201300028104,13,12,2013,16,1,49,328,2,2,1,3,"sans, FIDELITE (RUE DE L",0.0,0.0
201300028105,19,12,2013,14,1,49,328,2,3,1,3,CLOS COUTARD (RUE DU),0.0,0.0
201300028106,20,12,2013,16,1,49,328,2,1,1,6,"sans, MARCEAU (RUE)",0.0,0.0
201300028107,20,12,2013,17,1,49,328,2,1,1,7,"sans, MARAICHERS (AVENUE",0.0,0.0
201300028108,27,12,2013,12,1,49,328,2,6,2,2,WEYGAND (ROND-POINT),0.0,0.0
201300028109,2,1,2013,17,5,50,129,2,1,2,6,CHEMIN DU FORT NEUF,49.6231,-1.66064
201300028110,4,1,2013,19,5,50,129,2,3,1,6,BD  SCHUMAN/R TH. HENRY,49.6355,-1.6258
201300028111,11,1,2013,12,1,50,602,2,1,1,7,RUE DU BECQUET,49.6519,-1.55795
201300028112,12,1,2013,14,1,50,129,2,2,1,1,AV CARNOT/R A. BRIAND,49.6389,-1.61645
201300028113,14,1,2013,18,5,50,203,2,2,1,1,R JF MILLET/R VERLAINE,49.6185,-1.60803
201300028114,15,1,2013,12,1,50,129,2,5,1,4,ROND POINT DE POOLE,49.6357,-1.63075