Num_Acc,jour,mois,an,hr,condition_eclairage,departement,commune,condition_agglomeration,intersection,condition_atmosphere,type_collision,adresse,lattitude,longitude
201300028115,17,1,2013,13,1,50,602,2,1,1,1,AVENUE DE NORTHEIM,49.6434,-1.5809
201300028116,21,1,2013,16,1,50,602,2,1,2,7,RUE PIERRE BROSSOLETTE,49.632,-1.59202
201300028117,23,1,2013,11,1,50,129,2,1,1,6,RUE GAMBETTA,49.6383,-1.62647
201300028118,27,1,2013,16,1,50,129,2,1,1,7,BD MENDES FRANCE,49.6356,-1.63021
201300028119,28,1,2013,13,1,50,203,2,1,1,7,RUE HENRI CORNAT,49.6164,-1.60252
201300028120,1,2,2013,7,5,50,173,2,1,2,4,BOULEVARD DE LA SALINE,49.6554,-1.6507
201300028121,2,2,2013,16,1,50,602,2,2,1,3,R DES METIERS/DES CITES,49.6366,-1.58516
201300028122,3,2,2013,17,5,50,602,2,1,2,2,RUE JEAN GOUBERT,49.6473,-1.58851
201300028123,4,2,2013,20,5,50,602,2,6,2,7,BOULEVARD DE L'EST,49.6356,-1.58478
201300028124,6,2,2013,8,1,50,602,2,2,2,3,BD DE L'EST/R J BOUIN,49.6351,-1.58643
201300028125,6,2,2013,13,1,50,173,2,1,2,7,,49.6566,-1.65346
201300028126,8,2,2013,15,1,50,602,2,1,1,6,RUE GAMBETTA,49.6407,-1.57555
201300028127,9,2,2013,0,5,50,129,2,1,1,7,BD DE L'ATLANTIQUE,49.6322,-1.62379
201300028128,11,2,2013,7,5,50,129,2,1,1,6,BOULEVARD MENDES FRANCE,49.6341,-1.62271
201300028129,15,2,2013,17,1,50,203,2,1,1,3,LES ROUGES TERRES,49.6196,-1.61241
201300028130,19,2,2013,17,1,50,602,1,1,1,6,RUE DE LA MOIGNERIE,49.6451,-1.58631
201300028131,20,2,2013,8,1,50,602,2,1,9,7,RUE PIERRE BROSSOLETTE,49.631,-1.58922
201300028132,21,2,2013,1,5,50,129,2,1,1,6,RUE DES VIEILLES CARRIER,49.6355,-1.63268
201300028133,28,2,2013,13,1,50,602,2,2,1,3,LA MOIGNERIE/AV DE NORTH,49.646,-1.58324
201300028134,3,3,2013,6,5,50,129,2,1,1,7,RUE TOUR CARREE,49.6402,-1.62225
201300028135,6,3,2013,23,5,50,173,2,1,2,1,RUE DU TOT NEUF,49.6419,-1.66044
201300028136,6,3,2013,14,1,50,416,2,1,1,2,RUE DU BRETON,49.6563,-1.69703
201300028137,7,3,2013,14,1,50,173,2,2,1,1,R G LECLERC/LEON JOUHAUX,49.6475,-1.65091
201300028138,19,3,2013,13,1,50,129,2,2,1,3,R DE LA FOERDE/CH MONTUR,49.6283,-1.64966
201300028139,24,3,2013,16,1,50,602,2,1,1,7,RUE DE LA PYROTECHNIE,49.6474,-1.59385
201300028140,25,3,2013,8,1,50,129,2,1,1,3,QUAI LAWTON COLLINS,49.6407,-1.61825
201300028141,28,3,2013,11,1,50,129,2,1,1,2,RUE DU BLE,49.6406,-1.62441
201300028142,28,3,2013,7,1,50,129,2,1,1,6,AVENUE RENE SCHMITT,49.6362,-1.64965
201300028143,28,3,2013,9,1,50,129,2,1,1,2,RUE DU VAL DE SAIRE,49.6385,-1.61169
201300028144,30,3,2013,15,1,50,129,2,2,2,3,AV MAUGOLD/R ABBAYE,49.645,-1.63561
201300028145,31,3,2013,21,5,50,129,2,2,1,3,R CACHIN/AV A. BRIAND,49.6396,-1.61634
201300028146,1,4,2013,22,5,50,129,2,2,1,1,PLACE MARIE RAVENEL,49.6389,-1.61645
201300028147,3,4,2013,18,1,50,602,2,2,1,3,R DES CITES/R DES METIER,49.6367,-1.58514
201300028148,9,4,2013,19,1,50,129,2,2,1,3,AV PLYMOUTH/BD ATLANTIQ,49.6323,-1.62375
201300028149,12,4,2013,19,1,50,129,2,1,1,3,BD L'ATLANTIQUE,49.6299,-1.63101
201300028150,13,4,2013,0,5,50,173,2,1,1,6,RUE PASTEUR,49.6452,-1.64817
201300028151,13,4,2013,10,1,50,602,2,4,2,3,GAL DE GAULLE/EGLANTINE,49.6387,-1.56431
201300028152,15,4,2013,7,1,50,129,2,1,1,6,RUE DU VAL DE SAIRE,49.6385,-1.61238
201300028153,15,4,2013,7,1,50,173,1,4,1,3,R DU GRANCH/R DE L'EGALI,49.6457,-1.69233
201300028154,23,4,2013,19,1,50,129,2,2,1,3,PL NAPOLEON/R  L'ONGLET,49.6445,-1.62731
201300028155,25,4,2013,8,1,50,129,2,2,1,7,R VAL DE SAIRE/R DU BOIS,49.6392,-1.60546
201300028156,26,4,2013,14,1,50,129,2,1,1,6,RUE DE LORRAINE,49.6259,-1.62647
201300028157,28,4,2013,12,1,50,129,2,2,1,6,R TOURVILLE/R CACHIN,49.6394,-1.6142
201300028158,1,5,2013,11,1,50,203,1,1,1,2,,49.5982,-1.59687
201300028159,4,5,2013,20,1,50,416,1,1,1,7,,49.6492,-1.71717
201300028160,6,5,2013,12,1,50,129,2,1,1,6,PARKING GAMBETTA,49.647,-1.64389
201300028161,7,5,2013,19,1,50,129,2,1,1,6,RUE DU NEUFBOURG,49.6328,-1.6046
201300028162,9,5,2013,14,1,50,129,2,1,1,7,RUE BECQUEREL,49.6269,-1.63678
201300028163,10,5,2013,17,1,50,129,2,1,1,7,RUE VAL DE SAIRE,49.6391,-1.61976
201300028164,14,5,2013,7,1,50,129,2,6,2,7,ROND POINT DE MINERVE,49.6424,-1.6157
201300028165,14,5,2013,18,1,50,129,2,1,2,6,RUE DE L'ABBAYE,49.6437,-1.62999
201300028166,16,5,2013,17,1,50,173,2,6,1,3,RD POINT DE QUERQUEVILLE,49.6616,-1.68146
201300028167,17,5,2013,16,1,50,203,1,1,1,7,RUE DE L'ING BERTIN,49.6162,-1.58094
201300028168,19,5,2013,9,1,50,602,2,3,2,3,BD DE L'EST/R GRD PRE,49.6364,-1.59607
201300028169,19,5,2013,19,1,50,129,2,3,2,2,PL NAPOLEON/RUE MARINE,49.6423,-1.62226
201300028170,20,5,2013,18,1,50,129,2,1,1,7,RUE DE PICARDIE,49.628,-1.62899
201300028171,22,5,2013,18,1,50,173,2,1,1,6,RUE JEAN MOULIN,49.6554,-1.67533
201300028172,24,5,2013,17,1,50,602,2,2,1,3,BD DE L'EST/R J BOUIN,49.6351,-1.58656
201300028173,27,5,2013,8,1,50,602,2,2,1,2,BD MANCHE/R DU CAPLAIN,49.6436,-1.57498
201300028174,28,5,2013,16,1,50,203,2,2,1,4,LES ROUGES TERRES,49.6121,-1.60112
201300028175,2,6,2013,6,1,50,129,2,1,1,6,RUE DES TANNERIES,49.6331,-1.6231
201300028176,4,6,2013,8,1,50,129,2,2,1,3,R VAUBAN/R MALAKOFF,49.6399,-1.61056
201300028177,5,6,2013,9,1,50,602,2,3,1,2,BD DE L'EST/R B MARCET,49.6362,-1.59454
201300028178,7,6,2013,5,5,50,129,2,1,3,7,QUAI DE CALIGNY,49.6423,-1.62208
201300028179,10,6,2013,7,1,50,129,2,3,1,6,R BUCAILLE/R G JOUAN,49.642,-1.63485
201300028180,12,6,2013,12,1,50,129,2,1,2,6,RUE AMIRAL COURBET,49.6422,-1.63256
201300028181,12,6,2013,13,1,50,129,2,3,1,7,R CHRISTINE/R F LAVIEILL,49.6402,-1.62612
201300028182,14,6,2013,18,1,50,129,2,1,1,6,RUE DU DR CHARCOT,49.6457,-1.64557
201300028183,15,6,2013,14,1,50,129,2,2,1,2,R DE L'ABBAYE/LEV MANGOL,49.645,-1.6356
201300028184,15,6,2013,15,1,50,129,2,1,1,6,PLACE NAPOLEON,49.6438,-1.6254
201300028185,16,6,2013,12,1,50,129,2,1,1,7,BOULEVARD MARITIME,49.6438,-1.6011
201300028186,18,6,2013,18,1,50,129,2,1,1,7,QUAI DE CALIGNY,49.6417,-1.62134
201300028187,20,6,2013,13,1,50,129,2,3,1,7,R TROTTEBEC/BD A LEMONNI,49.6346,-1.61084
201300028188,21,6,2013,8,1,50,173,2,2,2,3,R M SEMBAT/R F BUISSON,49.6577,-1.67869
201300028189,21,6,2013,17,1,50,173,2,1,1,7,RUE SALVADOR ALLENDE,49.643,-1.64931
201300028190,24,6,2013,7,1,50,173,2,1,1,4,BOULEVARD DE SALINE,49.6539,-1.64907
201300028191,27,6,2013,2,5,50,129,2,1,1,6,BOULEVARD DE LA SALINE,49.6494,-1.64463
201300028192,28,6,2013,8,1,50,129,2,6,1,3,ROND POINT DE THEMIS,49.6342,-1.61427
201300028193,28,6,2013,14,1,50,416,2,3,1,3,R DES MOURETS/R DU MONT,49.6578,-1.7061
201300028194,30,6,2013,17,1,50,203,2,1,1,7,CHASSE DE QUINCAMPOIX,49.6144,-1.62509
201300028195,1,7,2013,17,1,50,129,2,3,1,3,P DE COUBERTIN/DR CHARCO,49.6426,-1.64043
201300028196,2,7,2013,8,1,50,129,2,2,1,6,R POLLE/R ASSELIN,49.64,-1.63417
201300028197,3,7,2013,10,1,50,129,2,3,1,3,R TOURAINE/AV NORMANDIE,49.6268,-1.63461
201300028198,6,7,2013,2,3,50,602,1,1,1,6,VOIE DE CONTOURNEMENT,49.6532,-1.56915
201300028199,9,7,2013,12,1,50,129,2,1,1,3,QUAI ALEXANDRE III,49.6368,-1.62194
201300028200,13,7,2013,4,5,50,173,2,1,1,6,RUE GUERRY,49.6449,-1.6689
201300028201,12,7,2013,10,1,50,129,2,3,1,3,BD ATLANTIQUE/R ARTOIS,49.6288,-1.62743
201300028202,12,7,2013,13,1,50,602,2,2,1,3,BD DE L'EST/RP SAUXMARAI,49.6356,-1.58479
201300028203,15,7,2013,10,1,50,602,2,1,1,6,BOULEVARD DE COLLIGNON,49.6563,-1.57029
201300028204,19,7,2013,12,1,50,129,2,3,1,3,AVENUE DE CESSART,49.6452,-1.62885
201300028205,26,7,2013,15,1,50,173,2,1,1,7,RUE DUBOST,49.6419,-1.67089
201300028206,30,7,2013,15,1,50,129,2,1,3,7,AV JEAN FRANCOIS MILLET,49.6339,-1.62159
201300028207,3,8,2013,16,1,50,129,2,2,1,7,PLACE JEAN JAURES,49.6339,-1.62272
201300028208,6,8,2013,20,1,50,173,2,1,1,7,BOULEVARD DE LA SALINE,49.6578,-1.66147
201300028209,9,8,2013,18,1,50,129,2,1,1,7,BD GUILLAUME LE CONQUERA,49.6361,-1.63209
201300028210,13,8,2013,5,5,50,602,2,2,1,3,J GOUBERT/A BRIAND,49.6465,-1.59067
201300028211,15,8,2013,19,1,50,129,2,3,1,3,"0, TRIBUNAUX (RUE DES)",49.6383,-1.62444
201300028212,17,8,2013,5,5,50,129,2,1,1,7,RUE DU MARECHAL LECLERC,49.6359,-1.63294
201300028213,16,8,2013,23,5,50,173,2,1,1,6,BOULEVARD DE LA SALINE,49.6579,-1.66499
201300028214,20,8,2013,6,5,50,129,2,2,1,1,QUAI ALEX III/TANNERIES,49.634,-1.6225
201300028215,21,8,2013,19,1,50,129,2,1,1,7,RUE DE LA PAIX,49.6426,-1.62612
201300028216,23,8,2013,12,1,50,203,2,1,1,6,RUE DES AJONCS,49.6331,-1.57916
201300028217,24,8,2013,15,1,50,129,2,3,1,7,R AU BLE/BOEL MESLIN,49.6408,-1.62389
201300028218,27,8,2013,13,1,50,129,2,1,1,2,PLACE NAPOLEON,49.6417,-1.62133
201300028219,28,8,2013,16,1,50,203,2,4,1,4,RTE LA GLACERIE/AXE NS,49.6201,-1.58162
201300028220,29,8,2013,15,1,50,129,2,3,1,3,RUE DE LA PYROTEHNIE,49.647,-1.595
201300028221,2,9,2013,12,1,50,129,2,1,1,4,RUE DE L'ABBAYE,49.6456,-1.63882
201300028222,9,9,2013,13,1,50,129,2,1,8,7,ROND POINT DES MIELLES,49.6434,-1.60277
201300028223,15,9,2013,17,1,50,173,2,1,3,6,RUE FELIX FAURE,49.6433,-1.65007
201300028224,23,9,2013,17,1,50,173,2,2,1,1,R M SEMBAT/A BENECERE,49.6588,-1.68782
201300028225,24,9,2013,9,1,50,602,2,1,7,7,R PIERRE BROSSOLETTE,49.631,-1.59023
201300028226,26,9,2013,15,1,50,602,2,2,1,1,R DES METIERS/DES CITES,49.6367,-1.58515
201300028227,29,9,2013,1,5,50,129,2,2,1,3,R VAL DE SAIRE/A CARNOT,49.6389,-1.61645
201300028228,3,10,2013,20,5,50,129,2,1,8,6,RUE DU ROULE,49.6297,-1.61837
201300028229,5,10,2013,9,1,50,602,2,4,1,6,R J GODART/J GOUBERT,49.648,-1.58696
201300028230,6,10,2013,17,1,50,602,2,1,1,3,RUE LOUIS BEUVE,49.6513,-1.55276
201300028231,10,10,2013,9,1,50,129,2,1,1,7,RUE GAMBETTA,49.6468,-1.64392
201300028232,12,10,2013,17,1,50,173,2,2,1,3,R DES RESISTANS/DE BELGI,49.6475,-1.65481
201300028233,12,10,2013,16,1,50,129,2,1,1,5,RUE PIERRE COUBERTIN,49.6425,-1.64017
201300028234,14,10,2013,15,1,50,602,2,1,2,4,BOULEVARD DE L'EST,49.6359,-1.57874
201300028235,14,10,2013,17,1,50,129,2,1,1,7,RUE DU BOIS,49.6344,-1.60011
201300028236,14,10,2013,19,3,50,203,1,1,2,6,AXE NORD - SUD,49.5983,-1.59665
201300028237,18,10,2013,13,1,50,129,2,4,1,3,R ABBAYE/AV LEV MANGOLD,49.6447,-1.63451
201300028238,18,10,2013,16,1,50,129,2,3,1,6,R SENNECEY/J FLEURY,49.6374,-1.6118
201300028239,22,10,2013,8,5,50,129,2,1,2,7,QUAI DE CALIGNY,49.6415,-1.62138
201300028240,25,10,2013,18,1,50,129,2,1,1,7,RUE DES TANNERIES,49.634,-1.6225
201300028241,30,10,2013,20,3,50,602,1,1,1,6,AXE NORD - SUD,49.6323,-1.57837
201300028242,30,10,2013,8,1,50,129,2,1,1,7,RUE NOTRE DAME DU VOEU,49.6361,-1.62795
201300028243,2,11,2013,22,5,50,129,2,1,2,7,RUE DE BASSIGNY,49.627,-1.62822
201300028244,4,11,2013,13,1,50,129,2,1,1,6,RUE DE L'ABBAYE,49.6441,-1.63193
201300028245,6,11,2013,12,1,50,129,2,1,2,2,AV VINGT CINQUIEME LIGNE,49.6451,-1.63494
201300028246,7,11,2013,12,1,50,129,2,3,2,6,R ST SAUVEUR/R PR LOUBET,49.6318,-1.63337
201300028247,9,11,2013,17,2,50,129,2,3,1,7,AV DELAVILLE/R LOUIS XVI,49.6357,-1.62285
201300028248,13,11,2013,13,1,50,129,2,1,1,5,RUE D'ALSACE,49.6266,-1.62354
201300028249,14,11,2013,14,1,50,129,2,1,1,6,RUE GUILLAUME FOUACE,49.6386,-1.62963
201300028250,16,11,2013,17,5,50,129,2,1,1,6,BD DE L'ATLANTIQUE,49.629,-1.62662
201300028251,17,11,2013,18,5,50,129,2,1,1,4,AVENUE DE PARIS,49.6307,-1.61786
201300028252,23,11,2013,19,5,50,129,2,3,1,7,R DU MAUPAS/R LEBRUN,49.6329,-1.61211
201300028253,22,11,2013,10,1,50,129,2,1,1,2,AV JF MILLET,49.6339,-1.62182
201300028254,25,11,2013,17,5,50,129,2,1,1,7,AV JF MILLET,49.6339,-1.62125
201300028255,25,11,2013,15,1,50,129,2,2,1,3,R FAURE/J LEBAS,49.6431,-1.64694
201300028256,28,11,2013,18,5,50,129,2,3,1,1,R LECOUVEY/POINCARE,49.6317,-1.6098
201300028257,28,11,2013,17,5,50,203,2,1,2,4,LES ROUGES TERRES,49.6083,-1.59995
201300028258,29,11,2013,18,3,50,602,1,1,2,6,RUE DU HAUT MESNIL,49.6402,-1.57299
201300028259,29,11,2013,16,2,50,602,2,1,1,1,BOULEVARD MARITIME,49.6437,-1.60109
201300028260,29,11,2013,17,5,50,602,1,1,1,5,RUE DU VAL CANU,0.0,0.0
201300028261,30,11,2013,18,5,50,203,2,1,1,4,LES ROUGES TERRES,49.6103,-1.60062
201300028262,5,12,2013,13,1,50,203,1,1,1,6,HAMEAU TRUFFERT,49.6151,-1.57063
201300028263,6,12,2013,14,1,50,416,2,1,1,2,RUE DES CLAIRES,49.6606,-1.69728
201300028264,9,12,2013,17,1,50,203,1,1,1,7,LA MAISON BERTRAND,49.5958,-1.59768
201300028265,12,12,2013,7,3,50,203,1,1,1,7,CHASSE DE QUINCAMPOIX,0.0,0.0
201300028266,13,12,2013,21,5,50,129,2,2,1,1,BECQUEREL/W.ROUSSEAU,49.6269,-1.63746
201300028267,16,12,2013,12,1,50,602,2,2,2,3,R P.DESPRES/CARNOT,49.6428,-1.5995
201300028268,17,12,2013,16,1,50,129,2,1,2,7,QUAI DE CALIGNY,49.64,-1.62154
201300028269,18,12,2013,11,1,50,602,2,2,1,6,MEDERIC/COUTURIERES,0.0,0.0
201300028270,21,12,2013,2,5,50,129,2,1,1,6,AVENUE RENE SCHMITT,49.6337,-1.64884
201300028271,21,12,2013,10,1,50,173,2,1,3,7,RUE DUBOST,49.6358,-1.66587
201300028272,9,2,2013,14,1,50,147,2,1,2,6,RUE SAINT NICOLAS,49.0505,-1.44393
201300028273,18,3,2013,18,1,50,147,2,1,1,6,AV DE LA  REPUBLIQUE,49.0559,-1.43528
201300028274,3,5,2013,18,1,50,147,1,1,1,2,ROCADE NORD,49.0693,-1.42978
201300028275,2,7,2013,22,5,50,147,2,1,1,7,RUE SAINT MALO,49.0512,-1.45217
201300028276,5,7,2013,11,1,50,147,2,1,1,6,RUE DE LA VERJUSIERE,49.0487,-1.43998
201300028277,25,7,2013,10,1,50,147,2,1,1,6,BD ALSACE LORRAINE,49.053,-1.44259
201300028278,29,7,2013,22,5,50,147,2,1,1,7,BD ALSACE LORRAINE,49.0496,-1.44745
201300028279,13,8,2013,2,3,50,147,2,1,1,7,ROUTE DE CARENTAN,49.0693,-1.42978
201300028280,17,9,2013,16,1,50,147,2,3,1,2,AV D LECLERC/AV REPUBLIQ,49.0536,-1.44149
201300028281,5,10,2013,21,5,50,147,2,1,1,6,BOULEVARD DE LA MARNE,49.047,-1.44957
201300028282,2,11,2013,15,1,50,345,2,1,2,2,AVENUE DIVISION LECLERC,49.0644,-1.43277
201300028283,13,11,2013,9,1,50,537,1,1,7,6,RUE DES AMONTOUX,49.0315,-1.43847
201300028284,16,11,2013,18,4,50,147,2,2,1,6,RUE DU LYCEE,49.046,-1.44549
201300028285,2,12,2013,16,1,50,147,2,1,1,7,SAPINS (AVENUE DES),0.0,0.0
201300028286,6,12,2013,16,1,50,147,2,1,1,6,"31 C, DIVISION LECLERC",49.0563,-1.43844
201300028287,9,12,2013,13,1,50,376,2,1,1,6,RUE PONT DE SOULLES,49.0378,-1.44487
201300028288,14,12,2013,13,1,50,147,2,3,1,6,R. NORMANDIE/BD A. LORRA,49.0534,-1.44189
201300028289,1,1,2013,10,1,50,218,2,1,1,6,AVENUE DES MATIGNONS,48.8379,-1.57174
201300028290,11,1,2013,20,5,50,218,2,1,1,3,RUE COURAYE,48.8376,-1.5898
201300028291,17,1,2013,8,1,50,218,2,1,1,2,AVENUE DES MATIGNONS,48.8378,-1.56548
201300028292,3,2,2013,13,1,50,218,1,1,1,6,RTE VILLEDIEU LES POELES,48.8374,-1.5404
201300028293,10,2,2013,14,1,50,218,1,2,1,5,VOIE DE LIASON OUEST,48.8285,-1.54314
201300028294,11,2,2013,10,1,50,218,2,1,1,6,RUE SAINT NICOLAS,48.8337,-1.56764
201300028295,20,2,2013,17,1,50,218,2,1,1,5,RUE COURAYE,48.8374,-1.59201
201300028296,6,3,2013,19,5,50,165,2,6,8,6,ROUTE DE COUTANCES,48.8539,-1.56503
201300028297,20,3,2013,16,1,50,532,1,3,1,3,,48.8199,-1.55157
201300028298,24,3,2013,12,1,50,165,2,1,1,7,RUE DE LA GARE,48.8448,-1.58382
201300028299,31,3,2013,18,1,50,532,1,3,1,3,"922, D 973 (D 572- LEZEA",0.0,0.0
201300028300,2,4,2013,9,1,50,532,1,1,1,4,LA MARECHALLERIE,48.8032,-1.52818
201300028301,16,4,2013,14,1,50,165,2,1,1,2,ROUTE DE COUTANCES,48.8527,-1.56769
201300028302,6,5,2013,8,1,50,532,1,2,1,3,LA BRUYERE,48.7991,-1.55591
201300028303,19,6,2013,17,1,50,165,2,3,1,3,DU CHATEAU/PIERRE AIGUE,48.8526,-1.56259
201300028304,27,6,2013,11,1,50,532,2,9,1,3,RUE GRACE DE DIEU,48.8063,-1.56877
201300028305,17,7,2013,13,1,50,218,2,1,1,6,AVENUE DES MATIGNONS,48.838,-1.57842
201300028306,19,7,2013,12,1,50,218,2,6,1,3,RUE MARECHAL LECLERC,48.8377,-1.58935
201300028307,24,7,2013,18,1,50,532,2,1,1,2,RUE CHARLES MATHURIN,48.8099,-1.57053
201300028308,26,7,2013,10,1,50,8,1,1,1,2,,48.8468,-1.54242
201300028309,18,7,2013,10,1,50,532,2,2,1,4,RUE CHARLES MATHURIN,48.8084,-1.57053
201300028310,8,8,2013,18,1,50,218,2,1,1,5,ROUTE DE VILEDIEU,48.8376,-1.55239
201300028311,8,8,2013,16,1,50,218,2,1,1,7,DU 2 EME ET 202 EME DE L,48.8365,-1.60455
201300028312,11,8,2013,16,1,50,165,2,1,1,6,AVENUE DES MATIGNONS,48.8378,-1.57086
201300028313,13,7,2013,3,3,50,532,1,1,1,7,ROUTE DU CHESNAY,48.7997,-1.54073
201300028314,17,8,2013,2,5,50,66,2,9,1,6,AVENUE D'AVRANCHES,48.7919,-1.56631
201300028315,23,8,2013,13,1,50,218,2,1,1,3,RUE COURAYE,48.8374,-1.59121
201300028316,14,8,2013,8,1,50,218,2,6,1,3,ROND POINT SHERBONNE,48.8297,-1.5673
201300028317,9,9,2013,17,1,50,165,2,1,1,3,AVENUE DES MATIGNONS,48.838,-1.58191
201300028318,10,9,2013,17,1,50,218,2,3,1,3,AV DU MARECHAL LECLERC,48.8379,-1.58752
201300028319,9,10,2013,7,5,50,532,2,6,8,7,RUE DE LA MAIRIE,48.8127,-1.56604
201300028320,15,10,2013,19,5,50,532,2,1,8,7,RUE GRACE DE DIEU,48.8063,-1.56878
201300028321,23,10,2013,12,1,50,165,2,1,1,3,AVENUE JEANNE JUGAN,48.8353,-1.58025
201300028322,2,11,2013,12,1,50,218,1,1,1,3,ROUTE DE VILLEDIEU,48.8374,-1.54362
201300028323,5,11,2013,11,1,50,218,2,1,1,7,PARKING M. BRICOLAGE,48.8375,-1.56015
201300028324,11,11,2013,11,1,50,218,2,1,8,6,AVENUE DE L'EUROPE,48.8378,-1.56056
201300028325,23,11,2013,18,5,50,532,2,1,2,6,ROUTE DU CROISSANT,48.8142,-1.55226
201300028326,27,11,2013,17,3,50,532,1,1,1,3,,48.8226,-1.54949
201300028327,28,11,2013,18,5,50,218,2,1,1,2,AVENUE DES VENDEENS,48.8335,-1.57556
201300028328,5,12,2013,20,5,50,165,2,1,1,6,RUE DU MOULIN,48.8472,-1.57805
201300028329,6,12,2013,13,1,50,218,1,6,1,7,,48.8374,-1.53967
201300028330,9,12,2013,15,1,50,218,2,1,1,7,RUE DU PORT,48.8354,-1.60592
201300028331,10,12,2013,19,5,50,532,2,1,8,7,RUE DE LA CHAPELLE STE A,48.8133,-1.56941
201300028332,21,12,2013,1,3,50,66,1,1,1,6,ROUTE DU CHESNAY,48.7842,-1.53313
201300028333,24,12,2013,17,5,50,532,2,2,1,3,RUE VIEUX CHATEAU,48.8142,-1.56469
201300028334,27,12,2013,16,1,50,218,2,1,2,6,RUE DE LA LIBERATION,48.8391,-1.59617
201300028335,1,1,2013,16,1,50,502,2,1,1,6,ROUTE DE VILLEDIEU,49.1141,-1.09887
201300028336,5,1,2013,8,3,50,502,1,1,1,6,,49.1003,-1.11528
201300028337,5,1,2013,20,5,50,2,2,3,2,3,PARKING CENTRE LECLERC,49.1086,-1.13737
201300028338,8,1,2013,13,1,50,502,2,1,1,6,RUE TORTERON,49.1144,-1.09515
201300028339,15,1,2013,16,1,50,502,2,2,1,3,RUE SAINT JEAN,49.1121,-1.06246
201300028340,19,1,2013,19,5,50,502,2,2,1,5,DE LA MARNE/MAL DE LATTR,49.1131,-1.07946
201300028341,25,1,2013,20,3,50,2,1,1,6,6,RN 174 (2X2) ROCREUIL-SO,49.1104,-1.12338
201300028342,15,2,2013,17,1,50,502,2,1,1,7,RUE DES SYCOMORES,49.1088,-1.06227
201300028343,18,2,2013,10,1,50,502,2,2,7,3,R DE LATTRE/ DE LA MARNE,49.1131,-1.07946
201300028344,14,3,2013,14,1,50,502,2,1,1,1,CHEMIN DU VIEUX CANDOL,49.0991,-1.10989
201300028345,14,3,2013,20,5,50,502,2,1,1,6,80EME ET 136EME TERRI,49.1135,-1.09055
201300028346,16,3,2013,19,3,50,502,1,1,4,7,,49.0986,-1.09935
201300028347,23,3,2013,10,1,50,502,2,3,1,3,ROUTE DE BAYEUX,49.1164,-1.05468
201300028348,27,3,2013,19,5,50,502,2,2,1,3,LATTRE DE TASSIGNY (rue,0.0,0.0
201300028349,6,4,2013,10,1,50,502,2,7,1,2,"700, PARIS",0.0,0.0
201300028350,9,4,2013,18,1,50,502,1,1,1,7,BD DE STRASBOURG,49.0997,-1.09377
201300028351,10,4,2013,15,1,50,502,2,3,2,3,RUE LEON JOUHAUX,49.1107,-1.05568
201300028352,17,5,2013,19,1,50,502,2,3,1,3,MONT RUSSEL,49.1177,-1.0877
201300028353,31,5,2013,7,1,50,502,2,6,1,2,RUE HENRI DUNANT,49.1031,-1.11371
201300028354,30,5,2013,22,3,50,502,1,1,3,7,HAMEAU BOIVIN,49.1201,-1.04519
201300028355,17,6,2013,13,1,50,2,2,3,1,3,RUE DE BALTIMORE,49.1105,-1.09771
201300028356,6,7,2013,18,1,50,502,2,1,1,1,R MAL DE LATTRE DE TASSI,49.1092,-1.0737
201300028357,21,7,2013,13,1,50,2,1,1,1,7,RN 174 (2X2) ROCREUIL-SO,49.113,-1.14664
201300028358,21,7,2013,15,1,50,2,1,1,1,3,RN 174 (2X2) ROCREUIL-SO,49.1135,-1.1493
201300028359,25,7,2013,7,1,50,502,2,1,1,2,AVENUE DE PARIS,49.1163,-1.0563
201300028360,19,8,2013,8,1,50,502,1,1,1,1,ROUTE DE TESSY,49.0933,-1.09272
201300028361,20,8,2013,14,1,50,502,2,6,1,3,ROND POINT DE L'EUROPE,49.1058,-1.06877
201300028362,26,8,2013,18,1,50,502,1,1,1,1,BOULEVARD DE LA COMMUNE,49.1071,-1.06043
201300028363,13,9,2013,12,1,50,2,1,1,1,6,RN 174 (2X2) RP DE LA LI,49.1082,-1.11909
201300028364,13,9,2013,12,1,50,502,2,1,2,6,AVENUE DES SYCOMORES,49.1089,-1.07224
201300028365,14,9,2013,9,1,50,2,1,6,1,2,ROND POINT ODYSSEE,49.1081,-1.13449
201300028366,1,10,2013,22,5,50,502,2,3,8,1,E DE SURVILLE/BALTIMORE,49.1105,-1.0953
201300028367,8,10,2013,12,1,50,2,2,1,1,1,ROUTE DE COUTANCES,49.1182,-1.10496
201300028368,13,10,2013,11,1,50,321,1,1,1,3,LA COUDREE,49.1271,-1.07533
201300028369,24,10,2013,16,1,50,2,2,1,1,3,AVENUE BRIOVERE,49.1158,-1.09979