Num_Acc,jour,mois,an,hr,condition_eclairage,departement,commune,condition_agglomeration,intersection,condition_atmosphere,type_collision,adresse,lattitude,longitude
201300028370,18,11,2013,18,5,50,502,2,1,1,3,AVENUE DE PARIS,49.116,-1.06666
201300028371,19,11,2013,9,1,50,502,2,2,1,6,OC.FEUILLET/SAINT THOMAS,0.0,0.0
201300028372,19,11,2013,18,5,50,502,2,1,2,6,R DE LATTRE DE TASSIGNY,49.1101,-1.07511
201300028373,22,11,2013,9,1,50,502,2,6,8,3,HAVIN/X CAPEL,49.1145,-1.09195
201300028374,9,12,2013,17,5,50,502,2,1,1,6,RUE BALTIMORE,49.1108,-1.09273
201300028375,13,12,2013,18,5,50,502,2,2,2,6,RUE DE L'EXODE,49.1109,-1.09036
201300028376,15,12,2013,17,2,50,502,2,1,2,6,RUE TORTERON,49.1144,-1.09492
201300028377,20,12,2013,18,5,50,502,2,1,8,6,RUE GRIMOUVILLE,49.1105,-1.08864
201300028378,23,12,2013,14,1,50,502,2,1,6,3,BD DE STRASBOURG,0.0,0.0
201300028379,23,12,2013,19,3,50,2,1,3,3,1,ROUTE DE COUTANCES,49.1081,-1.13988
201300028380,13,2,2013,9,1,51,108,2,1,1,6,RUE DES VIVIERS,0.0,0.0
201300028381,23,2,2013,10,1,51,108,2,1,1,6,6 RUE GRANDE ETAPE,0.0,0.0
201300028382,4,3,2013,17,1,51,108,2,1,1,3,QUAI EUGENE PERRIER,0.0,0.0
201300028383,15,3,2013,21,5,51,108,2,2,1,3,RUES SCHMIT/CLEMENCEAU,0.0,0.0
201300028384,20,4,2013,14,1,51,108,2,1,1,6,AVE DU PDT ROOSEVELT,0.0,0.0
201300028385,9,5,2013,9,1,51,108,2,2,1,3,FBG ST ANTOINE/JACQUIERT,0.0,0.0
201300028386,10,5,2013,14,1,51,483,2,2,1,7,D3,0.0,0.0
201300028387,15,5,2013,8,1,51,108,2,1,2,1,3 RUE DES BRASSERIES,0.0,0.0
201300028388,16,5,2013,14,1,51,504,1,1,2,2,N 44,0.0,0.0
201300028389,14,6,2013,1,5,51,108,2,1,1,3,13 RUE AUGUSTIN FRESNEL,0.0,0.0
201300028390,19,6,2013,18,1,51,108,2,1,1,6,AVE PRESIDENT ROOSEVELT,0.0,0.0
201300028391,25,6,2013,1,3,51,453,1,1,1,7,N 44,0.0,0.0
201300028392,8,8,2013,22,5,51,108,2,3,1,3,AVE DE GAULLE/R. KARR,0.0,0.0
201300028393,30,8,2013,7,2,51,108,2,7,1,3,PLACE DE VERDUN,0.0,0.0
201300028394,7,9,2013,2,5,51,108,2,1,1,7,32 RUE JEAN JAURES,0.0,0.0
201300028395,13,10,2013,16,1,51,108,2,2,1,3,RUES J. JAURES/DU TEMPLE,0.0,0.0
201300028396,12,11,2013,17,1,51,108,2,3,8,1,AVE SARRAIL/C. JACQUIERT,0.0,0.0
201300028397,3,12,2013,9,1,51,108,1,1,1,2,N44,0.0,0.0
201300028398,3,12,2013,10,1,51,108,2,1,1,6,3 RUE PRIEUR DE LA MARNE,0.0,0.0
201300028399,16,12,2013,16,2,51,453,2,3,1,6,GRANDE RUE/DE LA MARNE,0.0,0.0
201300028400,19,12,2013,16,1,51,108,2,1,2,6,09 CHAUSSEE DU PORT,0.0,0.0
201300028401,1,2,2013,11,1,51,230,2,6,2,3,PLACE P. MENDES FRANCE,0.0,0.0
201300028402,1,2,2013,18,5,51,230,2,2,2,6,RUE HOPITAL AUBAN MOET,0.0,0.0
201300028403,27,2,2013,19,2,51,431,2,1,9,1,LIEU DIT LE SACRE COEUR,0.0,0.0
201300028404,28,5,2013,18,1,51,230,2,2,1,6,11 AVE DU MARECHAL FOCH,0.0,0.0
201300028405,20,6,2013,10,1,51,230,2,2,1,6,RUE J MOULIN/AV THEVENET,0.0,0.0
201300028406,11,8,2013,12,1,51,230,2,7,1,3,BD DU CUBRY/PL. CARNOT,0.0,0.0
201300028407,4,9,2013,11,1,51,230,2,1,1,6,3 RUE SAINT THIBAULT,0.0,0.0
201300028408,7,10,2013,15,1,51,230,2,2,1,3,AVENUE PAUL BERT,0.0,0.0
201300028409,12,11,2013,19,5,51,230,2,1,2,6,REMPART PERRIER,0.0,0.0
201300028410,27,11,2013,6,5,51,230,2,1,1,2,6 RUE DE VERDUN,0.0,0.0
201300028411,9,1,2013,18,5,51,454,2,3,1,2,RUE LANDOUZY,0.0,0.0
201300028412,9,1,2013,19,5,51,454,2,2,2,6,GAL DE GAULLE/COURLANCY,0.0,0.0
201300028413,13,1,2013,1,5,51,454,2,2,1,3,RUES GOSSET/DR LEMOINE,0.0,0.0
201300028414,5,1,2013,11,1,51,454,2,3,1,6,RUE EUGENE DESTEUQUE,0.0,0.0
201300028415,27,1,2013,18,5,51,454,2,2,1,5,"4, WITRY (ROUTE DE)",0.0,0.0
201300028416,2,2,2013,18,5,51,454,2,2,1,6,BD VICTOR HUGO/RUE GOIT,0.0,0.0
201300028417,8,2,2013,7,2,51,454,2,2,9,6,P. MARCHANDEAU/BOCQUAINE,0.0,0.0
201300028418,15,2,2013,7,2,51,454,2,1,8,6,QUAI DU PRE AUX MOINES,0.0,0.0
201300028419,19,2,2013,18,5,51,454,2,1,1,2,410 AVENUE DE LAON,0.0,0.0
201300028420,10,3,2013,14,1,51,474,2,1,1,6,RUE DE LA LIBERATION,0.0,0.0
201300028421,22,3,2013,16,1,51,454,2,1,1,3,3 RUE DE L'ESCAUT,0.0,0.0
201300028422,2,4,2013,15,1,51,454,2,1,1,2,RUE DE LA VICTOIRE,0.0,0.0
201300028423,12,4,2013,21,5,51,454,2,5,9,1,AV BREBANT/RUE P. MAITRE,0.0,0.0
201300028424,20,4,2013,21,4,51,454,2,1,1,6,BOULEVARD LOUIS BARTHOU,0.0,0.0
201300028425,25,4,2013,18,1,51,172,2,3,1,3,RTE DE LOUVOIS/ TROUSSET,0.0,0.0
201300028426,27,4,2013,21,5,51,474,2,1,1,6,D75,0.0,0.0
201300028427,19,4,2013,13,1,51,454,2,3,1,6,N51 OU BD POMMERY,0.0,0.0
201300028428,12,5,2013,20,1,51,454,2,2,1,3,RUE EDOUARD MIGNOT,0.0,0.0
201300028429,10,5,2013,12,1,51,454,2,1,1,6,RUE RAOUL DUFY,0.0,0.0
201300028430,18,5,2013,21,1,51,454,2,1,1,3,64 BOULEVARD POMMERY,0.0,0.0
201300028431,12,5,2013,15,1,51,454,2,3,1,2,COL FABIEN/PASSE DEMOISE,0.0,0.0
201300028432,25,5,2013,21,2,51,573,2,1,1,6,13 RUE DE LA HAUTE BORNE,0.0,0.0
201300028433,1,6,2013,17,1,51,454,2,3,1,5,BD VAL DE VESLE/AV HOCHE,0.0,0.0
201300028434,15,5,2013,13,1,51,454,2,1,1,6,241 AVENUE JEAN JAURES,0.0,0.0
201300028435,11,6,2013,8,1,51,454,2,1,1,6,2 RUE DUMONT D'URVILLE,0.0,0.0
201300028436,15,6,2013,20,1,51,55,2,1,1,6,16 ALLEE DES PRIMEVERES,0.0,0.0
201300028437,19,6,2013,19,1,51,454,2,2,2,3,RUES ST BRICE/DES LILAS,0.0,0.0
201300028438,24,6,2013,8,1,51,454,1,1,2,4,A34,0.0,0.0
201300028439,25,6,2013,18,1,51,454,2,2,1,6,74 AVENUE JEAN JAURES,0.0,0.0
201300028440,8,7,2013,11,1,51,454,2,2,1,6,13 BOULEVARD PAUL DOUMER,0.0,0.0
201300028441,13,7,2013,22,5,51,454,2,3,1,1,BOULEVARD DU PDT WILSON,0.0,0.0
201300028442,15,7,2013,17,1,51,454,2,1,1,6,BOULEVARD JULES CESAR,0.0,0.0
201300028443,19,7,2013,10,1,51,454,2,2,1,6,BD PASTEUR/RUE LAGRIVE,0.0,0.0
201300028444,29,7,2013,0,5,51,454,2,1,1,6,BOULEVARD LOUIS BARTHOU,0.0,0.0
201300028445,30,7,2013,23,5,51,454,2,2,1,3,BD DE LA PAIX/R. GERBERT,0.0,0.0
201300028446,15,8,2013,19,1,51,454,2,1,1,2,1 CHAUSSEE BOCQUAINE,0.0,0.0
201300028447,21,8,2013,13,1,51,454,2,6,1,3,PLACE DES BELGES,0.0,0.0
201300028448,21,8,2013,14,1,51,454,2,6,1,3,1 RUE DU RENOUVEAU,0.0,0.0
201300028449,1,9,2013,18,1,51,454,2,1,1,6,311 AVENUE DE LAON,0.0,0.0
201300028450,9,9,2013,12,1,51,454,2,2,1,6,AVE DE GAULLE/COURLANCY,0.0,0.0
201300028451,21,9,2013,19,5,51,454,2,1,1,6,2 BOULEVARD DAUPHINOT,0.0,0.0
201300028452,9,10,2013,18,1,51,454,2,3,3,3,ALL. R. FONCK/G. VOISIN,0.0,0.0
201300028453,8,10,2013,11,1,51,454,2,3,1,3,BD DU PRESIDENT WILSON,0.0,0.0
201300028454,18,10,2013,10,1,51,454,2,2,8,3,AVE EPERNAY/EISENHOWER,0.0,0.0
201300028455,19,10,2013,20,5,51,454,2,2,2,3,D9/RUE DE VERZY,0.0,0.0
201300028456,23,10,2013,7,2,51,454,2,2,1,3,1 RUE GOSSET,0.0,0.0
201300028457,23,10,2013,23,5,51,454,2,2,1,3,RUES GOSSET/LA JUSTICE,0.0,0.0
201300028458,5,11,2013,21,5,51,454,2,4,2,1,7 BD DR HENRI HENROT,0.0,0.0
201300028459,9,11,2013,21,5,51,454,2,1,1,6,BOULEVARD DIEU LUMIERE,0.0,0.0
201300028460,14,11,2013,7,1,51,454,2,3,1,6,RUE DES ROMAINS/MIGNOT,0.0,0.0
201300028461,14,11,2013,17,5,51,454,2,2,2,3,RUES DE BERRU/DE CERNAY,0.0,0.0
201300028462,23,11,2013,17,5,51,454,2,3,1,6,R DE TALLEYRAND/DES ELUS,0.0,0.0
201300028463,29,11,2013,11,1,51,454,2,1,1,6,23 AVENUE JEAN JAURES,0.0,0.0
201300028464,2,12,2013,9,1,51,454,2,9,1,1,9 BD DOCTEUR H. HENROT,0.0,0.0
201300028465,2,12,2013,19,5,51,454,2,1,1,4,46 BOULEVARD POMMERY,0.0,0.0
201300028466,4,12,2013,21,5,51,454,2,2,2,3,RUE DE CERNAY/DAVID,0.0,0.0
201300028467,6,12,2013,17,5,51,454,2,1,1,4,RUE DE DOCTEUR LEMOINE,0.0,0.0
201300028468,9,12,2013,17,2,51,454,2,1,1,6,51 RUE MAZARIN,0.0,0.0
201300028469,10,12,2013,15,2,51,454,2,2,1,6,1 RUE HINCMAR,0.0,0.0
201300028470,13,12,2013,14,1,51,454,2,1,1,6,36 AVENUE DE PARIS,0.0,0.0
201300028471,12,1,2013,11,1,52,121,1,1,1,6,"47, VICTOIRE DE LA MARNE",48.11286,5.14105
201300028472,6,2,2013,9,1,52,121,2,3,4,2,"0, BOUCHARDON (RUE EDME)",48.11287,5.14028
201300028473,15,2,2013,7,4,52,121,2,1,1,6,"0, REPUBLIQUE (AVENUE)",48.09874,5.14514
201300028474,5,3,2013,9,1,52,121,2,1,1,6,"16, VOLTAIRE (BOULEVARD)",48.11247,5.14274
201300028475,24,3,2013,22,5,52,121,2,2,1,3,"0, THIERS (BLD)",48.10965,5.14324
201300028476,4,4,2013,18,1,52,121,1,2,1,4,RN 67,48.08671,5.10208
201300028477,5,4,2013,18,1,52,121,1,2,1,2,RN 67,48.08671,5.10208
201300028478,21,4,2013,19,1,52,121,1,4,1,7,R.D. 65,48.11346,5.12063
201300028479,2,5,2013,12,1,52,121,1,2,1,2,RN 67,48.07934,5.08369
201300028480,24,5,2013,10,1,52,121,2,9,1,6,"7, REPUBLIQUE (AVENUE)",48.10514,5.14305
201300028481,6,6,2013,15,1,52,121,1,2,1,3,RD 619,48.1199,5.12996
201300028482,18,6,2013,15,1,52,121,2,1,1,6,"0, VAL PONCE (RUE DU)",48.08768,5.14458
201300028483,8,7,2013,12,1,52,121,2,3,1,6,"0, BUXEREUILLES (RUE)",48.12493,5.13439
201300028484,22,8,2013,17,1,52,121,2,1,1,6,"08, ALPHANDERY (RUE) PAI",48.10684,5.13601
201300028485,4,10,2013,16,1,52,121,2,2,1,3,"0, PRIMEVERES (RUE DES)",48.09875,5.14695
201300028486,24,10,2013,7,2,52,121,2,1,1,2,"14, REPUBLIQUE (AVENUE)",48.10481,5.14261
201300028487,27,11,2013,21,3,52,121,1,6,1,6,RD 674,48.11593,5.16519
201300028488,13,12,2013,13,1,52,121,2,1,7,6,"0, PINEAU (AV CHRISTIAN",48.07332,5.14622
201300028489,21,12,2013,20,5,52,121,2,3,1,6,"27, VAL BARIZIEN (RUE)",48.1071,5.13273
201300028490,10,2,2013,16,1,52,448,2,1,1,6,"27, TIMBAUD (AVENUE JEAN",48.4441,5.13878
201300028491,4,3,2013,15,1,52,448,2,2,1,3,"1, CORNEE RENARD (AVENUE",48.64746,4.96491
201300028492,7,6,2013,6,1,52,448,2,1,1,6,"72, DESPRES (RUE DU DOCT",48.63574,4.93834
201300028493,22,6,2013,18,1,52,448,1,1,1,3,RN67,48.64982,4.85099
201300028494,11,7,2013,17,1,52,448,2,1,7,2,"1, CHENE SAINT AMAND (Z.",48.62729,4.96019
201300028495,3,8,2013,20,1,52,448,2,1,1,6,"1, GAULLE (PLACE DU GENE",48.6369,4.95571
201300028496,17,8,2013,6,1,52,448,2,2,1,3,"1, FRANCOIS 1ER (RUE)",48.63896,4.94383
201300028497,30,8,2013,18,1,52,448,1,1,1,6,RN4,48.64104,4.91079
201300028498,18,9,2013,16,1,52,448,1,1,1,7,RN67,48.61095,5.00606
201300028499,23,9,2013,13,1,52,448,2,1,1,6,"1, ALLENDE (BOULEVARD SA",48.64662,4.96932
201300028500,18,10,2013,6,5,52,448,2,1,1,6,"28, MUSSET (RUE ALFRED D",48.63613,4.92525
201300028501,24,10,2013,17,1,52,448,2,6,1,3,"1, MEROVINGIENS (rue des",48.62333,4.96569
201300028502,25,11,2013,17,2,52,448,2,1,1,6,"63, SARRAIL (AVENUE DU G",48.64766,4.95682
201300028503,28,1,2013,9,1,53,130,2,1,7,3,"38, VAILLANT ( RUE EDOUA",48.0592,-0.79713
201300028504,31,1,2013,7,5,53,130,2,2,1,3,CHANZY ( AVENUE DE ),48.06988,-0.74962
201300028505,8,2,2013,21,5,53,130,2,1,1,6,"112, COUBERTIN ( AVENUE",48.08034,-0.75805
201300028506,11,2,2013,8,1,53,130,2,1,2,6,"34, FOSSES ( RUE DES )",48.06785,-0.77457
201300028507,11,2,2013,18,5,53,130,2,1,1,6,CHAPLET ( BOULEVARD FRED,48.06764,-0.78788
201300028508,16,3,2013,12,1,53,130,2,1,2,6,TISSERANDS ( BOULEVARD D,48.06114,-0.75948
201300028509,5,5,2013,2,3,53,130,2,1,1,1,FOUGERES ( ROUTE DE ),48.09062,-0.8211
201300028510,14,6,2013,6,2,53,54,2,1,1,1,RD 31 VERS FOUGERES,48.09415,-0.82609
201300028511,21,6,2013,5,3,53,34,1,1,1,6,RD 32 VERS LAVAL,48.1022,-0.62321
201300028512,27,6,2013,10,1,53,130,2,1,1,6,"0, ACACIAS ( PLACE DE LA",48.06849,-0.77258
201300028513,12,7,2013,20,1,53,54,1,1,1,6,REPUBLIQUE ( BOULEVARD D,48.09146,-0.75006
201300028514,18,7,2013,17,1,53,34,1,1,1,6,RN 162 VERS ANGERS,48.07457,-0.73062
201300028515,22,7,2013,23,5,53,130,2,3,1,3,"157, LE PECQ ( RUE BERNA",48.07524,-0.7844
201300028516,22,7,2013,21,1,53,54,1,1,1,6,DAHINIERES ( ZONE ARTISA,48.08954,-0.82113
201300028517,24,7,2013,17,1,53,130,1,6,1,3,MONTRONS ( CHEMIN DES ),48.08541,-0.79185
201300028518,25,7,2013,12,1,53,201,2,1,1,6,"9, TRIBOULLIERE ( BOULEV",48.07331,-0.80895
201300028519,4,9,2013,17,1,53,34,1,3,1,2,RD 32 VERS LAVAL,48.0832,-0.70815
201300028520,29,8,2013,14,1,53,130,2,1,1,3,ARAGO ( BOULEVARD ),48.06752,-0.73183
201300028521,26,9,2013,7,1,53,130,2,3,1,3,"0, HILARD ( RUE D' )",48.08127,-0.777
201300028522,24,10,2013,21,4,53,130,2,1,2,6,FOUQUET ( QUAI JEHAN ),48.06811,-0.76988
201300028523,14,11,2013,19,4,53,130,2,2,1,6,"100, BOISSEL ( RUE VICTO",48.06395,-0.76064
201300028524,16,11,2013,18,5,53,130,2,2,1,3,"12, FOUGERES ( AVENUE DE",48.07596,-0.78566
201300028525,9,12,2013,18,5,53,130,2,1,1,6,8 MAI 1945 ( BOULEVARD D,48.06452,-0.78744
201300028526,9,12,2013,18,5,53,130,2,3,1,3,"8, AVESNIERES ( QUAI D'",48.06537,-0.76781
201300028527,18,12,2013,19,3,53,130,2,1,3,6,GRUAU (boulevard Marius,48.07258,-0.80902
201300028528,16,12,2013,7,1,53,130,2,1,8,6,"106, HILARD ( RUE D' )",48.08163,-0.77712
201300028529,18,4,2013,10,1,54,36,1,1,1,1,RD 906,49.28287,5.95896
201300028530,6,7,2013,18,1,54,99,1,3,1,1,103 (RN),49.2376,5.9431
201300028531,5,1,2013,13,1,54,51,1,1,8,1,DEPARTEMENTALE 13,49.16399,5.95273
201300028532,10,1,2013,0,3,54,542,1,1,2,7,DEPARTEMENTALE 613,49.18786,5.89203
201300028533,18,1,2013,21,3,54,51,1,1,4,1,DEPARTEMENTALE 13,49.17161,5.96019
201300028534,4,2,2013,7,1,54,273,2,1,1,6,"9, MOZART (RUE)",49.1578,5.88038
201300028535,2,4,2013,18,1,54,227,2,1,1,6,"06, METZ (RUE DE)",0.0,0.0
201300028536,1,6,2013,14,1,54,51,1,1,1,2,DEPARTEMENTALE 13,49.16955,5.96026
201300028537,18,7,2013,11,1,54,542,1,1,1,6,DEPARTEMENTALE 613,49.18879,5.89272
201300028538,22,12,2013,14,1,54,371,1,1,2,5,DEPARTEMENTALE 136,49.20485,5.95718
201300028539,6,4,2013,22,5,54,483,2,1,1,6,"17, REPUBLIQUE (PLACE DE",0.0,0.0
201300028540,12,4,2013,18,1,54,159,2,1,1,7,"94, GENERAL LECLERC AVEN",48.62182,6.34997
201300028541,12,6,2013,14,1,54,159,2,1,1,3,"12, ROSIERES (AVENUE DE)",0.0,0.0
201300028542,13,7,2013,1,5,54,483,2,1,1,6,"01, BLANC MUR (RUE DU)",0.0,0.0
201300028543,20,8,2013,10,1,54,159,2,1,1,6,"43, MOTHE (RUE DE LA)",0.0,0.0
201300028544,29,11,2013,13,1,54,549,2,1,1,6,"131, PERI (RUE GABRIEL)",48.63337,6.32373
201300028545,4,9,2013,22,5,54,483,2,2,1,2,FRANCE (RUE ANATOLE),48.63295,6.30788
201300028546,7,12,2013,17,5,54,159,2,3,1,3,"00, GENERAL LECLERC (AVE",48.62008,6.3509
201300028547,12,12,2013,11,1,54,483,2,1,8,6,"98, FRANCE (RUE ANATOLE)",0.0,0.0
201300028548,21,12,2013,13,1,54,549,2,3,1,3,"1, PERI (RUE GABRIEL)",48.63632,6.31156
201300028549,19,1,2013,8,1,54,323,2,6,4,6,SAINTIGNON (AVENUE DE),0.0,0.0
201300028550,22,1,2013,15,1,54,323,2,3,4,3,"15, FAIENCERIE (RUE DE L",49.51058,5.77043
201300028551,27,12,2013,13,1,54,323,1,1,8,6,52 (ROUTE NATIONALE),0.0,0.0
201300028552,15,3,2013,19,5,54,493,2,1,1,1,"9, ROSE (RUE DE LA)",0.0,0.0
201300028553,18,3,2013,5,5,54,382,2,3,9,3,"68, METZ (BOULEVARD DE)",49.54253,5.7791
201300028554,14,3,2013,15,1,54,323,2,1,1,6,MERCY (RUE),0.0,0.0
201300028555,23,3,2013,23,3,54,321,2,1,4,7,ERNEST HEMINGWAY (AVENUE,0.0,0.0
201300028556,30,1,2013,8,1,54,254,1,1,6,7,52 (ROUTE NATIONALE),49.50244,5.79214
201300028557,7,2,2013,16,1,54,323,2,1,4,2,AVIATION (AVENUE DE L'),0.0,0.0
201300028558,4,2,2013,13,1,54,382,2,3,1,3,LONGWY (ROUTE DE),49.53586,5.76737
201300028559,6,2,2013,21,5,54,382,2,3,4,3,LILLE (RUE DE),49.54247,5.7873
201300028560,21,2,2013,2,2,54,451,2,1,1,1,"26, CUTRY (ROUTE DE)",49.49824,5.75348
201300028561,23,2,2013,15,1,54,323,2,1,1,6,STANISLAS (RUE),0.0,0.0
201300028562,12,4,2013,10,1,54,323,2,1,2,6,AVIATION (AVENUE DE L'),49.51847,5.75889
201300028563,9,4,2013,12,1,54,323,2,3,1,3,ANATOLE FRANCE (RUE),49.52545,5.76186
201300028564,1,6,2013,18,1,54,323,2,1,1,3,PROVIDENCE (AVENUE DE LA,0.0,0.0
201300028565,2,6,2013,19,1,54,323,2,2,1,1,PAIX (AVENUE),0.0,0.0
201300028566,21,6,2013,19,1,54,323,2,1,1,1,AUVERGNE (RUE D'),0.0,0.0
201300028567,24,6,2013,17,1,54,323,2,1,1,6,MERCY (RUE),0.0,0.0
201300028568,27,6,2013,17,1,54,382,2,2,1,1,GARE (AVENUE DE LA),0.0,0.0
201300028569,1,7,2013,7,1,54,254,1,1,1,6,52 (ROUTE NATIONALE),49.4821,5.81741
201300028570,14,7,2013,1,5,54,323,2,2,1,3,STANISLAS (RUE),0.0,0.0
201300028571,13,7,2013,16,1,54,451,1,1,1,3,171 (ROUTE DEPARTEMENTAL,0.0,0.0
201300028572,16,7,2013,14,1,54,382,2,1,1,6,EUROPE (AVENUE DE L'),0.0,0.0
201300028573,21,7,2013,18,1,54,261,2,1,1,2,LUXEMBOURG (AVENUE DU),0.0,0.0
201300028574,15,8,2013,22,5,54,323,2,1,1,3,CHARLES DE GAULLE (AVENU,0.0,0.0
201300028575,25,8,2013,15,1,54,382,2,1,1,6,JEAN-BAPTISTE BLONDEAU (,0.0,0.0
201300028576,27,8,2013,19,2,54,382,2,6,1,7,METZ (BOULEVARD DE),49.54809,5.78463
201300028577,5,9,2013,2,5,54,493,2,1,1,7,LONGWY (RUE DE),0.0,0.0
201300028578,8,9,2013,4,3,54,451,2,1,1,6,LEXY (RUE DE),0.0,0.0
201300028579,27,8,2013,19,1,54,261,2,1,1,6,BLANCHE DE CASTILLE,0.0,0.0
201300028580,24,9,2013,21,5,54,261,2,1,1,1,CONCORDE (RUE DE LA),0.0,0.0
201300028581,12,8,2013,20,2,54,382,2,2,1,2,HUIT MAI 1945 (BOULEVARD,0.0,0.0
201300028582,23,8,2013,19,1,54,323,2,1,1,6,"0, HUIT MAI 1945 (AVENUE",0.0,0.0
201300028583,26,9,2013,12,1,54,493,2,1,1,7,ROSES (ALLEE DES),0.0,0.0
201300028584,25,10,2013,15,1,54,493,1,1,8,1,DEPORTES POLITIQUES (RUE,0.0,0.0
201300028585,21,10,2013,13,1,54,382,2,1,8,2,METZ (BOULEVARD DE),0.0,0.0
201300028586,5,11,2013,16,3,54,382,2,1,3,6,ARTS (AVENUE DES),0.0,0.0
201300028587,10,11,2013,6,3,54,451,1,1,8,6,18 (ROUTE DEPARTEMENTALE,0.0,0.0
201300028588,19,10,2013,12,1,54,367,2,1,1,2,VOIE RAPIDE (R.N. 52),49.50522,5.78436
201300028589,27,10,2013,18,2,54,367,2,1,8,6,196 B (ROUTE DEPARTEMENT,0.0,0.0
201300028590,11,11,2013,18,3,54,382,1,1,5,7,52 (ROUTE NATIONALE),49.54792,5.80308
201300028591,9,11,2013,18,3,54,321,2,1,8,2,JACQUES PREVERT (RUE),0.0,0.0
201300028592,18,12,2013,16,2,54,323,2,6,8,3,AVIATION (AVENUE DE L'),0.0,0.0
201300028593,19,12,2013,5,5,54,321,2,1,2,6,MARCELIN BERTHELOT (RUE),0.0,0.0
201300028594,24,12,2013,12,1,54,323,2,1,1,2,ALBERT LABRO (RUE),0.0,0.0
201300028595,24,12,2013,16,2,54,382,2,1,2,3,52 (ROUTE NATIONALE),0.0,0.0
201300028596,30,7,2013,21,2,54,116,2,1,1,3,"50, NATIONALE",48.59129,6.5312
201300028597,11,9,2013,8,1,54,329,2,6,2,3,PLACE DES CARMES,0.0,0.0
201300028598,2,10,2013,15,1,54,329,2,2,1,7,"0, RUE DE SARREBOURG",0.0,0.0
201300028599,1,1,2013,2,5,54,395,2,1,1,6,"1, LULLI (RUE JEAN-BAPTI",0.0,0.0
201300028600,2,1,2013,13,1,54,395,2,1,1,6,PONTS (RUE DES 2 A 36/1,0.0,0.0
201300028601,4,1,2013,13,1,54,395,2,1,1,4,"2, JARDINIERS (RUE DES",48.69254,6.18985
201300028602,4,1,2013,18,5,54,184,2,1,1,2,BRIGACHTAL (AVENUE DE),0.0,0.0
201300028603,6,1,2013,19,5,54,395,2,3,1,3,PINCHARD (AVENUE - OMBEL,0.0,0.0
201300028604,7,1,2013,17,5,54,395,2,3,1,6,VINGT SIXIEME R.I. (BOUL,0.0,0.0
201300028605,4,1,2013,14,1,54,304,2,1,1,6,EUROPE (AVENUE DE L'),0.0,0.0
201300028606,9,1,2013,13,1,54,395,2,3,1,2,BATAILLE (QUAI DE LA),48.67676,6.19195
201300028607,10,1,2013,12,1,54,547,2,3,2,3,CHARMOIS (AVENUE DU),48.66683,6.17205
201300028608,10,1,2013,18,5,54,395,2,1,1,4,CONCORDE (PONT DE LA),0.0,0.0
201300028609,12,1,2013,13,1,54,547,2,1,1,6,LUXEMBOURG (RUE DU),0.0,0.0
201300028610,13,1,2013,5,5,54,547,2,1,1,6,BOURGOGNE (AVENUE DE),0.0,0.0
201300028611,14,1,2013,7,2,54,498,2,2,4,3,RD 674,48.71377,6.25084
201300028612,14,1,2013,14,1,54,395,2,1,1,6,"19, ARC ( RUE JEANNE D'N",48.68846,6.17028
201300028613,16,1,2013,15,1,54,395,1,1,1,2,"59, BROT (RUE MARCEL)",48.67661,6.20619
201300028614,18,1,2013,10,1,54,395,2,2,1,6,"1, DE LATTRE DE TASSIGNY",48.6843,6.18858
201300028615,18,1,2013,21,5,54,274,2,3,8,1,REPUBLIQUE (RUE DE LA),48.67035,6.20642
201300028616,21,1,2013,18,5,54,395,2,1,2,6,"08, SAINT DIZIER (RUE 2",48.69212,6.18144
201300028617,23,1,2013,10,1,54,439,2,3,1,3,"40, DE GAULLE (AVENUE CH",48.70461,6.2555
201300028618,24,1,2013,8,1,54,304,2,2,8,4,BOIS GRONEE (AVENUE DU),48.67944,6.14248
201300028619,26,1,2013,14,1,54,395,2,1,1,6,"47, SAINT DIZIER (RUE 2",48.69027,6.18289
201300028620,27,1,2013,14,1,54,304,2,1,2,6,SAPINIERE (RUE DE LA),48.69373,6.12804
201300028621,28,1,2013,17,5,54,304,2,2,1,3,"43, ZOLA (RUE EMILE)",48.6809,6.15714
201300028622,30,1,2013,12,1,54,304,2,1,1,6,AIGUILLETTES  (BD 16 A 2,48.67807,6.14464
201300028623,30,1,2013,18,5,54,395,2,3,1,5,CROIX SAINT-CLAUDE (RUE,48.69034,6.13749
201300028624,3,2,2013,16,1,54,526,2,2,1,5,RD 2 BIS,0.0,0.0
201300028625,2,2,2013,12,1,54,304,2,1,9,3,SAPINIERE (RUE DE LA),0.0,0.0
201300028626,4,2,2013,7,1,54,547,2,1,2,6,EUROPE (BOULEVARD DE L'),0.0,0.0
201300028627,4,2,2013,13,1,54,357,2,1,2,7,LECLERC (RUE DU GENERAL),0.0,0.0
201300028628,5,2,2013,13,1,54,547,2,1,4,6,FORET DE HAYE (RUE DE LA,0.0,0.0
201300028629,7,2,2013,7,2,54,395,2,2,1,6,VAUBAN (RUE),48.6751,6.1704
201300028630,8,2,2013,21,5,54,395,2,2,1,6,OUDINOT (RUE DU MAL),48.67742,6.18653
201300028631,10,2,2013,12,1,54,395,2,1,1,6,"102, BOUDONVILLE (RUE DU",0.0,0.0
201300028632,11,2,2013,15,1,54,547,2,1,2,6,"0, MORVAN (ALLEE DU)",0.0,0.0
201300028633,12,2,2013,13,1,54,395,2,1,1,6,"28, BERGAMOTE (RUE DE LA",0.0,0.0