Num_Acc,jour,mois,an,hr,condition_eclairage,departement,commune,condition_agglomeration,intersection,condition_atmosphere,type_collision,adresse,lattitude,longitude
201300028634,12,2,2013,20,5,54,395,2,2,1,2,KELLER (RUE CHARLES),0.0,0.0
201300028635,3,2,2013,0,5,54,395,2,1,9,6,SELLIER (RUE),0.0,0.0
201300028636,12,2,2013,18,2,54,547,2,1,1,2,"0, BELGIQUE (RUE DE)",0.0,0.0
201300028637,14,2,2013,14,1,54,395,2,2,1,6,FAUBOURG DES TROIS MAISO,0.0,0.0
201300028638,18,2,2013,13,1,54,547,2,1,1,5,"2, ARC (AVENUE JEANNE D'",0.0,0.0
201300028639,18,2,2013,14,1,54,395,2,1,1,6,"92, OUDINOT (RUE DU MAL)",0.0,0.0
201300028640,19,2,2013,9,1,54,547,2,3,1,6,"0, JONQUILLES (AVENUE DE",0.0,0.0
201300028641,19,2,2013,9,1,54,395,2,1,1,6,"58Bis, QUATRE EGLISES (R",0.0,0.0
201300028642,15,2,2013,12,1,54,304,2,1,1,6,"0, SAPINIERE (RUE DE LA)",0.0,0.0
201300028643,21,2,2013,19,5,54,547,2,1,1,3,"4, CLEMENCEAU (BD GEORGE",0.0,0.0
201300028644,22,2,2013,20,5,54,395,2,1,1,3,"1, ARC ( RUE JEANNE D'N",0.0,0.0
201300028645,27,2,2013,20,5,54,395,2,3,1,6,JOLI COEUR (RUE DU),0.0,0.0
201300028646,28,2,2013,10,1,54,395,2,3,1,3,SAINTE ANNE (RUE),0.0,0.0
201300028647,3,3,2013,8,1,54,395,2,2,1,3,VINGT SIXIEME R.I. (BOUL,0.0,0.0
201300028648,6,3,2013,18,2,54,526,2,2,1,3,POTIER (RUE EUGENE),0.0,0.0
201300028649,6,3,2013,19,5,54,395,2,1,1,6,SAINT DIZIER (RUE 2,0.0,0.0
201300028650,6,3,2013,21,5,54,357,1,1,2,3,DE GAULLE (AVENUE DU GAL,0.0,0.0
201300028651,8,3,2013,19,3,54,395,2,3,2,6,PINCHARD (AVENUE - TAMAR,0.0,0.0
201300028652,10,3,2013,11,1,54,395,2,2,1,3,LORRAIN (QUAI CLAUDE LE),0.0,0.0
201300028653,12,3,2013,18,5,54,395,2,1,1,6,BOUILLON (PLACE GODEFROY,0.0,0.0
201300028654,12,3,2013,11,1,54,578,2,2,1,3,LIBERATION (RUE DE LA),0.0,0.0
201300028655,13,3,2013,9,1,54,395,2,2,4,6,POINCARE (RUE RAYMOND 1-,0.0,0.0
201300028656,14,3,2013,8,1,54,339,2,1,7,1,"59, PASTEUR (RUE",0.0,0.0
201300028657,14,3,2013,18,2,54,274,2,3,2,3,REPUBLIQUE (RUE DE LA),0.0,0.0
201300028658,15,3,2013,17,1,54,495,2,1,2,2,BOSSERVILLE (ROUTE DE),0.0,0.0
201300028659,19,3,2013,15,1,54,395,2,1,1,6,KENNEDY (VIADUC),0.0,0.0
201300028660,20,3,2013,17,1,54,304,2,1,1,6,"86 Ter, REPUBLIQUE (RUE",0.0,0.0
201300028661,19,3,2013,12,1,54,274,2,1,2,5,"17, FOCH (RUE DU MARECHA",0.0,0.0
201300028662,19,3,2013,16,1,54,304,2,1,2,2,BOIS GRONEE (AVENUE DU),0.0,0.0
201300028663,20,3,2013,8,1,54,395,2,1,2,6,"7, LOUIS (RUE BARON)",0.0,0.0
201300028664,23,3,2013,22,5,54,304,2,1,2,7,BOIS GRONEE (AVENUE DU),0.0,0.0
201300028665,26,3,2013,12,1,54,357,2,1,1,3,METZ (ROUTE DE),0.0,0.0
201300028666,26,3,2013,12,1,54,304,2,1,1,3,SAPINIERE (RUE DE LA),0.0,0.0
201300028667,29,3,2013,2,5,54,526,2,1,1,7,"71, JAURES (BOULEVARD JE",0.0,0.0
201300028668,29,3,2013,10,1,54,395,2,1,1,6,GREGOIRE (RUE DE L'ABBE),0.0,0.0
201300028669,29,3,2013,22,5,54,395,2,2,1,6,"33, BOUDONVILLE (RUE DU",0.0,0.0
201300028670,4,4,2013,8,1,54,395,2,1,1,6,FOUR (RUE DU),0.0,0.0
201300028671,4,4,2013,17,1,54,547,2,1,1,4,"1, EUROPE (BOULEVARD DE",0.0,0.0
201300028672,5,4,2013,10,1,54,395,2,3,1,2,JOFFRE (Boulevard),0.0,0.0
201300028673,5,4,2013,11,1,54,395,2,3,1,6,FOCH (AVENUE 2 A 16/,0.0,0.0
201300028674,5,4,2013,17,1,54,395,2,2,1,3,METZ (RUE DE),0.0,0.0
201300028675,5,4,2013,18,1,54,395,2,1,1,2,"200, LIBERATION (AVENUE",0.0,0.0
201300028676,7,4,2013,11,1,54,395,2,2,1,3,VITTEL (RUE DE),0.0,0.0
201300028677,7,4,2013,19,1,54,578,2,2,1,3,AIGUILLETTES  (ALLEE DES,0.0,0.0
201300028678,8,4,2013,17,1,54,304,2,1,1,4,SAONE (RUE DE LA),0.0,0.0
201300028679,8,4,2013,23,5,54,395,2,1,1,3,LEOPOLD (COURS),0.0,0.0
201300028680,9,4,2013,9,1,54,395,2,2,2,6,SAINT JEAN (RUE),0.0,0.0
201300028681,9,4,2013,13,1,54,357,2,1,1,1,"22, LAFAYETTE (RUE)",0.0,0.0
201300028682,9,4,2013,18,1,54,395,2,1,2,6,ARC (RUE JEANNE D' N,0.0,0.0
201300028683,9,4,2013,19,1,54,482,2,1,2,6,"14, ALEXANDRE 1ER (RUE)",0.0,0.0
201300028684,10,4,2013,12,1,54,395,2,3,1,6,LOBAU (BOULEVARD),0.0,0.0
201300028685,10,4,2013,14,1,54,395,2,1,1,4,MOROT (PLACE AIME),0.0,0.0
201300028686,10,4,2013,17,1,54,395,2,1,1,2,"34, BROT (RUE MARCEL)",0.0,0.0
201300028687,11,4,2013,17,1,54,395,2,1,2,2,"151, LIBERATION (AVENUE",0.0,0.0
201300028688,11,4,2013,20,5,54,395,2,1,1,6,DOMINICAINS (RUE DES),0.0,0.0
201300028689,11,4,2013,19,5,54,395,2,1,2,2,"145, MOUILLERON (RUE GAB",0.0,0.0
201300028690,12,4,2013,11,1,54,482,2,1,1,3,CARNOT (AVENUE),0.0,0.0
201300028691,12,4,2013,12,1,54,304,2,1,1,6,SAPINIERE (RUE DE LA),0.0,0.0
201300028692,12,4,2013,16,1,54,274,2,2,1,6,OPALINSKA (rue Catherine,0.0,0.0
201300028693,14,4,2013,18,1,54,547,2,1,1,6,LECLERC (AV. DU GENERAL,0.0,0.0
201300028694,15,4,2013,9,1,54,395,2,2,1,3,LYAUTEY (RUE),0.0,0.0
201300028695,16,4,2013,21,5,54,395,2,1,1,2,MARIN (VIADUC LOUIS),0.0,0.0
201300028696,17,4,2013,9,1,54,547,2,1,1,6,"6, EUROPE (BOULEVARD DE",0.0,0.0
201300028697,18,4,2013,18,1,54,547,2,1,1,2,"22, CURIE (RUE PIERRE)",0.0,0.0
201300028698,25,4,2013,18,1,54,395,2,2,1,3,FRANCE (AVENUE ANATOLE),0.0,0.0
201300028699,25,4,2013,20,1,54,184,2,1,1,7,RD 674,0.0,0.0
201300028700,25,4,2013,21,5,54,547,2,1,1,6,EUROPE (BOULEVARD DE L'),0.0,0.0
201300028701,28,4,2013,15,1,54,395,2,1,1,6,"70, BLANDAN (IMPASSE ET",0.0,0.0
201300028702,1,5,2013,7,1,54,395,2,2,1,1,METZ (RUE DE),0.0,0.0
201300028703,3,5,2013,18,1,54,357,2,3,2,1,LAFAYETTE (RUE),0.0,0.0
201300028704,5,5,2013,6,2,54,395,2,1,1,6,VILLERS (RUE DE),0.0,0.0
201300028705,5,5,2013,11,1,54,547,2,3,1,3,"298, LECLERC (AVENUE DU",0.0,0.0
201300028706,6,5,2013,17,1,54,395,2,1,1,2,FOCH (AVENUE 18 ET 9 A F,0.0,0.0
201300028707,7,5,2013,20,1,54,339,2,3,1,1,"114, PASTEUR (RUE",0.0,0.0
201300028708,10,5,2013,9,5,54,304,2,1,1,2,"0, ZOLA (RUE EMILE)",0.0,0.0
201300028709,10,5,2013,15,1,54,395,2,1,1,1,MANSUY GAUVIN (RUE),0.0,0.0
201300028710,15,5,2013,13,1,54,395,2,5,2,6,HERMITE (RUE),0.0,0.0
201300028711,20,5,2013,13,1,54,395,2,2,2,3,LOBAU (BOULEVARD),0.0,0.0
201300028712,20,5,2013,18,1,54,395,2,2,2,3,FRANCE (AVENUE ANATOLE),0.0,0.0
201300028713,23,5,2013,14,1,54,395,2,1,3,3,SAINT DIZIER (RUE 2 A 80,0.0,0.0
201300028714,23,5,2013,16,1,54,395,2,2,1,6,FRANCE (AVENUE ANATOLE),0.0,0.0
201300028715,23,5,2013,19,1,54,184,2,1,8,6,"64, SOIXANTE NEUVIEME R.",0.0,0.0
201300028716,24,5,2013,20,1,54,274,2,1,1,6,"25, MOULIN (RUE DU)",0.0,0.0
201300028717,25,5,2013,11,1,54,395,2,1,1,4,"09, VAUCOULEURS (RUE DE)",0.0,0.0
201300028718,27,5,2013,17,1,54,578,2,1,1,2,MULLER (AVENUE PAUL),0.0,0.0
201300028719,28,5,2013,11,1,54,304,2,1,1,6,MEUSE (RUE DE LA),0.0,0.0
201300028720,28,5,2013,15,1,54,304,2,1,1,2,RESISTANCE (AV. DE LA -I,0.0,0.0
201300028721,29,5,2013,23,5,54,547,2,1,1,3,"33, JAURES (AVENUE JEAN)",0.0,0.0
201300028722,30,5,2013,9,1,54,395,2,1,1,3,"28, VINGT SIXIEME R.I. (",0.0,0.0
201300028723,31,5,2013,16,1,54,578,2,1,3,6,PIERRON (RUE DU CHANOINE,0.0,0.0
201300028724,31,5,2013,12,1,54,395,2,2,2,3,METZ (RUE DE),0.0,0.0
201300028725,1,6,2013,10,1,54,395,2,1,1,4,CASSIN (RUE RENE),0.0,0.0
201300028726,1,6,2013,19,1,54,304,2,2,1,3,AIGUILLETTES  (BD 16 A 2,0.0,0.0
201300028727,2,6,2013,11,1,54,395,2,3,1,6,"0, VINGT SIXIEME R.I. (B",0.0,0.0
201300028728,4,6,2013,8,1,54,395,2,2,1,3,ALBERT 1ER  (BD),0.0,0.0
201300028729,4,6,2013,18,1,54,395,2,2,1,3,"34, METZ (RUE DE)",0.0,0.0
201300028730,6,6,2013,17,1,54,25,1,1,1,2,RD 2,48.64902,6.27569
201300028731,8,6,2013,9,1,54,578,2,1,1,6,MALRAUX (AVENUE ANDRE),0.0,0.0
201300028732,10,6,2013,10,1,54,395,2,3,1,3,"59, BROT (RUE MARCEL)",0.0,0.0
201300028733,11,6,2013,15,1,54,482,2,1,1,6,"0, CARNOT (AVENUE)",0.0,0.0
201300028734,11,6,2013,16,1,54,395,2,1,1,2,LIBERATION (AVENUE DE LA,0.0,0.0
201300028735,12,6,2013,18,1,54,304,1,1,1,5,BOIS GRONEE (AVENUE DU),0.0,0.0
201300028736,13,6,2013,15,1,54,482,2,1,1,6,"9, ALEXANDRE 1ER (RUE)",0.0,0.0
201300028737,15,6,2013,14,1,54,395,2,1,1,3,"34, VAYRINGE (RUE)",48.70603,6.17664
201300028738,16,6,2013,11,1,54,395,2,1,1,6,"54, LAXOU (Rue de)",0.0,0.0
201300028739,16,6,2013,18,1,54,395,2,1,1,2,FOURIER (RUE PIERRE),0.0,0.0
201300028740,17,6,2013,9,1,54,395,2,1,1,2,CLEMENCEAU (BD GEORGES),0.0,0.0
201300028741,17,6,2013,13,1,54,578,2,1,1,4,MULLER (AVENUE PAUL),0.0,0.0
201300028742,17,6,2013,19,1,54,547,1,2,1,3,JAURES (AVENUE JEAN),0.0,0.0
201300028743,18,6,2013,13,1,54,395,2,1,1,6,"31, SAINT JEAN (RUE)",0.0,0.0
201300028744,17,6,2013,20,1,54,578,2,1,1,6,AIGUILLETTES  (ALLEE DES,0.0,0.0
201300028745,19,6,2013,11,1,54,547,2,1,1,6,BARTHOU (BD LOUIS),0.0,0.0
201300028746,19,6,2013,12,1,54,184,2,1,1,6,BRIGACHTAL (AVENUE DE),0.0,0.0
201300028747,20,6,2013,19,1,54,395,2,4,1,6,LECLERC (AV. DU GENE,0.0,0.0
201300028748,21,6,2013,12,1,54,395,2,2,1,7,PINCHARD (AVENUE - OMBEL,0.0,0.0
201300028749,23,6,2013,0,5,54,395,2,1,1,6,LECLERC (AV. DU GENE,0.0,0.0
201300028750,23,6,2013,5,2,54,184,2,2,3,3,BRIGACHTAL (AVENUE DE),0.0,0.0
201300028751,24,6,2013,10,1,54,274,2,3,1,1,LECLERC (RUE DU GENERAL),0.0,0.0
201300028752,24,6,2013,11,1,54,304,1,1,1,2,QUATRE VENTS (AVENUE DES,0.0,0.0
201300028753,24,6,2013,17,1,54,578,1,4,2,2,MULLER (AVENUE PAUL),0.0,0.0
201300028754,25,6,2013,8,1,54,395,2,3,1,6,ATRIE (RUE DE L'),0.0,0.0
201300028755,26,6,2013,17,1,54,395,2,2,1,6,CHARLES III (RUE),0.0,0.0
201300028756,26,6,2013,19,1,54,547,2,4,1,5,"121, LECLERC (AV. DU GEN",0.0,0.0
201300028757,27,6,2013,17,1,54,395,2,1,1,4,LIAISON A 330 / RD674,0.0,0.0
201300028758,1,7,2013,12,1,54,395,2,3,1,3,LECLERC (AV. DU GENE,0.0,0.0
201300028759,1,7,2013,9,1,54,395,2,3,7,2,LIBERATION (AVENUE DE LA,0.0,0.0
201300028760,1,7,2013,14,1,54,547,2,1,1,3,PASTEUR (RUE),0.0,0.0
201300028761,2,7,2013,13,1,54,395,2,7,1,2,MOROT (PLACE AIME),0.0,0.0
201300028762,2,7,2013,14,1,54,578,2,1,1,3,"136, LECLERC (AVENUE DU",0.0,0.0
201300028763,3,7,2013,10,1,54,395,2,1,1,2,"159, ARC (RUE JEANNE D'",0.0,0.0
201300028764,6,7,2013,18,1,54,395,2,1,1,2,LIBERATION (AVENUE DE LA,0.0,0.0
201300028765,7,7,2013,11,1,54,357,2,3,1,6,"0, GAMBETTA (RUE)",0.0,0.0
201300028766,8,7,2013,21,1,54,395,2,1,1,3,LIBERATION (AVENUE DE LA,0.0,0.0
201300028767,9,7,2013,11,1,54,578,2,1,1,5,"1, MALRAUX (AVENUE ANDRE",0.0,0.0
201300028768,9,7,2013,16,1,54,547,2,3,1,1,PALISSY (RUE BERNARD),0.0,0.0
201300028769,9,7,2013,17,1,54,304,2,1,1,3,"5, SAINTE ANNE (AVENUE)",0.0,0.0
201300028770,6,7,2013,9,1,54,257,2,3,1,7,SONGEUR (RUE LEON),0.0,0.0
201300028771,11,7,2013,6,1,54,395,2,2,1,3,"1, VANNOZ (RUE MADAME DE",0.0,0.0
201300028772,11,7,2013,19,1,54,526,2,1,1,2,CONCORDE (AVENUE DE),0.0,0.0
201300028773,12,7,2013,11,1,54,547,2,1,1,2,"1, AIGUILLETTES (BD 1 A",0.0,0.0
201300028774,12,7,2013,22,5,54,357,2,1,1,1,"23, EINSTEIN (RUE ALBERT",0.0,0.0
201300028775,15,7,2013,17,1,54,257,2,1,1,6,BREST (RUE DE),0.0,0.0
201300028776,16,7,2013,10,1,54,395,2,1,1,3,GUYNEMER (RUE DU CAPITAI,0.0,0.0
201300028777,16,7,2013,13,1,54,395,2,1,1,6,"14, RIGNY (RUE DE)",0.0,0.0
201300028778,17,7,2013,15,1,54,274,2,2,1,3,OPALINSKA (rue Catherine,0.0,0.0
201300028779,18,7,2013,12,1,54,184,2,2,1,3,"1, PARMENTIER (RUE)",0.0,0.0
201300028780,18,7,2013,16,1,54,395,2,1,1,3,"151, STRASBOURG (AVENUE",0.0,0.0
201300028781,19,7,2013,9,1,54,482,2,1,1,7,"1, BARTHOU (RUE LOUIS)",0.0,0.0
201300028782,19,7,2013,8,1,54,395,2,1,1,3,BROT (RUE MARCEL),0.0,0.0
201300028783,19,7,2013,17,1,54,395,2,2,1,1,"1, MULHOUSE (RUE DE)",0.0,0.0
201300028784,21,7,2013,16,1,54,482,2,1,1,2,PONT DE PIERRE (RUE DU),0.0,0.0
201300028785,21,7,2013,18,1,54,547,2,3,1,3,GOETHE (RUE),0.0,0.0
201300028786,21,7,2013,20,1,54,184,2,1,1,6,"118, SOIXANTE NEUVIEME R",0.0,0.0
201300028787,21,7,2013,23,5,54,395,2,1,1,6,QUATRE EGLISES (RUE DES,0.0,0.0
201300028788,19,7,2013,11,1,54,395,2,3,1,6,MULHOUSE (RUE DE),0.0,0.0
201300028789,22,7,2013,17,1,54,395,2,3,1,3,TIERCELINS (RUE DES),0.0,0.0
201300028790,22,7,2013,18,1,54,304,2,1,1,6,"24, ALBERT  (RUE ERNEST)",0.0,0.0
201300028791,23,7,2013,11,1,54,395,2,1,1,3,"216, LIBERATION (AVENUE",0.0,0.0
201300028792,23,7,2013,17,1,54,274,2,1,1,2,SONGEUR (RUE LEON),0.0,0.0
201300028793,25,7,2013,9,1,54,395,2,1,1,3,"51, BERTIN (RUE EMILE)",0.0,0.0
201300028794,27,7,2013,13,1,54,482,2,3,1,3,"0, CARNOT (AVENUE)",0.0,0.0
201300028795,27,7,2013,15,1,54,300,2,1,1,6,"199, GALTIER (RUE LUCIEN",48.66638,6.21348
201300028796,29,7,2013,11,1,54,547,2,2,1,2,"0, BRIAND (RUE ARISTIDE)",0.0,0.0
201300028797,1,8,2013,7,1,54,357,2,1,1,2,PATTON (AV. DU GENERAL),0.0,0.0
201300028798,1,8,2013,21,5,54,395,2,2,1,6,"77, QUATRE EGLISES (RUE",0.0,0.0
201300028799,3,8,2013,11,1,54,304,2,1,1,3,"100, ZOLA (RUE EMILE)",0.0,0.0
201300028800,3,8,2013,16,1,54,395,2,1,1,2,"1, FUSILLES (PONT DES)",0.0,0.0
201300028801,3,8,2013,23,5,54,395,2,3,1,3,"54, LOBAU (BOULEVARD)",0.0,0.0
201300028802,5,8,2013,11,1,54,197,1,1,1,4,"1, RD 71",0.0,0.0
201300028803,8,8,2013,8,1,54,274,2,1,1,6,"1, LALO (RUE EDOUARD)",0.0,0.0
201300028804,10,8,2013,20,5,54,339,2,1,1,6,"45, JERICHO (IMPASSE ET",0.0,0.0
201300028805,12,8,2013,21,5,54,395,2,2,2,3,"0, BOUDONVILLE (RUE DU M",0.0,0.0
201300028806,14,8,2013,12,1,54,395,2,2,1,3,MALZEVILLE (PONT DE),0.0,0.0
201300028807,17,8,2013,19,1,54,395,2,1,1,3,"102, BOUFFLERS (AV. DE 7",0.0,0.0
201300028808,19,8,2013,22,5,54,395,2,2,1,3,METZ (RUE DE),0.0,0.0
201300028809,21,8,2013,13,1,54,274,2,3,1,3,MALGRANGE (AVENUE DE LA),0.0,0.0
201300028810,23,8,2013,19,1,54,395,2,1,1,4,"23, LECLERC (AV. DU GENE",0.0,0.0
201300028811,24,8,2013,22,5,54,395,2,3,1,6,STANISLAS (RUE),0.0,0.0
201300028812,29,8,2013,8,1,54,395,2,2,1,3,DIDION (RUE),0.0,0.0
201300028813,2,9,2013,21,5,54,547,2,2,1,3,AIGUILLETTES (BD 1 A 3),0.0,0.0
201300028814,2,9,2013,18,1,54,265,2,1,1,3,MIRECOURT (ROUTE DE),0.0,0.0
201300028815,3,9,2013,8,1,54,395,2,1,9,3,METZ (RUE DE),0.0,0.0
201300028816,3,9,2013,21,5,54,395,2,3,1,3,STRASBOURG (AVENUE DE),0.0,0.0
201300028817,6,9,2013,1,5,54,395,2,2,1,6,CLINCHANT (RUE DU GAL),0.0,0.0
201300028818,6,9,2013,14,1,54,395,2,2,1,3,QUATRE EGLISES (RUE,0.0,0.0
201300028819,6,9,2013,18,1,54,274,2,1,1,6,FOCH (RUE DU MARECHAL),0.0,0.0
201300028820,9,9,2013,9,1,54,395,2,3,1,2,TOMBLAINE (RUE DE),0.0,0.0
201300028821,9,9,2013,9,1,54,300,2,1,1,6,ETANG DAMERY (RUE DE L'),0.0,0.0
201300028822,6,9,2013,15,1,54,184,2,1,1,6,"3, SAUVAGE (rue Catherin",0.0,0.0
201300028823,12,9,2013,8,1,54,357,1,1,2,6,RD 30,48.71017,6.1462
201300028824,12,9,2013,14,1,54,395,2,1,1,4,"50, SCARPONE (BD DE)",0.0,0.0
201300028825,13,9,2013,12,1,54,395,2,1,1,6,LEOPOLD (COURS),0.0,0.0
201300028826,18,9,2013,8,1,54,395,2,1,6,6,"80, BLANDAN (IMPASSE ET",0.0,0.0
201300028827,18,9,2013,8,1,54,395,2,1,3,6,"39, BOUFFLERS (AVENUE) D",0.0,0.0
201300028828,18,9,2013,9,1,54,357,2,1,2,6,CRUSNE (RUE DE LA),0.0,0.0
201300028829,23,9,2013,17,1,54,395,2,6,1,2,BROT (RUE MARCEL),0.0,0.0
201300028830,20,9,2013,14,1,54,395,2,3,1,3,JOFFRE (Boulevard),0.0,0.0
201300028831,22,9,2013,9,1,54,395,2,2,1,3,OUDINOT (RUE DU MAL),0.0,0.0
201300028832,22,9,2013,19,5,54,395,2,2,1,7,OBERLIN (RUE),0.0,0.0
201300028833,23,9,2013,18,1,54,395,2,1,1,3,"165, LIBERATION (AVENUE",0.0,0.0
201300028834,24,9,2013,13,1,54,395,2,1,1,6,"109, BOUDONVILLE (RUE DU",0.0,0.0
201300028835,24,9,2013,17,1,54,395,1,1,1,4,CONCORDE (PONT DE LA),0.0,0.0
201300028836,24,9,2013,18,1,54,184,2,3,1,3,BRIGACHTAL (AVENUE DE),0.0,0.0
201300028837,25,9,2013,10,1,54,395,2,1,1,6,"58/60, VINGT SIXIEME R.I",0.0,0.0
201300028838,25,9,2013,13,1,54,547,2,4,1,2,MIRECOURT (ROUTE DE),0.0,0.0
201300028839,27,9,2013,11,1,54,274,2,1,1,6,"45, REPUBLIQUE (RUE DE L",0.0,0.0
201300028840,27,9,2013,7,2,54,395,2,2,1,6,SAINT GEORGES (RUE),0.0,0.0
201300028841,28,9,2013,10,1,54,274,2,1,1,1,FAURE (RUE GABRIEL),0.0,0.0
201300028842,28,9,2013,16,1,54,184,2,3,1,3,BRIGACHTAL (AVENUE DE),0.0,0.0
201300028843,30,9,2013,16,1,54,395,2,2,1,3,"0, ARC (RUE JEANNE D' N",0.0,0.0
201300028844,3,10,2013,17,1,54,184,2,1,1,3,FABERGE ( Allee Carl ),0.0,0.0
201300028845,8,10,2013,10,1,54,482,2,1,1,6,"63, ALEXANDRE 1ER (RUE)",0.0,0.0
201300028846,9,10,2013,10,1,54,578,2,2,1,3,"0, AIGUILLETTES  (BD 5 A",0.0,0.0
201300028847,11,10,2013,9,1,54,395,2,3,2,6,KLEBER (RUE),0.0,0.0
201300028848,11,10,2013,16,1,54,395,2,1,1,2,"127, LOBAU (BOULEVARD)",0.0,0.0
201300028849,12,10,2013,5,5,54,395,2,1,1,6,"10, LAMOUR (RUE JEAN)",0.0,0.0
201300028850,13,10,2013,21,5,54,395,2,1,1,2,"23, HUGO (RUE VICTOR)",0.0,0.0
201300028851,11,10,2013,11,1,54,482,2,1,1,3,MAINVAUX (RUE DE),0.0,0.0
201300028852,15,10,2013,19,5,54,395,2,1,3,2,TIERCELINS (RUE DES),0.0,0.0
201300028853,16,10,2013,7,3,54,25,1,1,8,1,"50, CHARTREUSE (AVENUE D",48.66174,6.24294
201300028854,17,10,2013,19,5,54,395,2,6,1,3,PINCHARD (AVENUE - OMBEL,0.0,0.0
201300028855,19,10,2013,5,5,54,395,2,2,1,1,ISABEY (RUE),0.0,0.0
201300028856,19,10,2013,8,1,54,395,2,2,1,3,LEBRUN (RUE ALBERT),0.0,0.0
201300028857,21,10,2013,10,1,54,395,2,3,1,2,"5, TIERCELINS (RUE DES)",0.0,0.0
201300028858,22,10,2013,16,1,54,547,2,1,1,6,PERI (RUE GABRIEL),0.0,0.0
201300028859,22,10,2013,8,1,54,395,2,2,1,6,"0, VINGTIEME CORPS (AVEN",0.0,0.0
201300028860,23,10,2013,14,1,54,395,2,3,1,6,POINCARE (RUE RAYMOND 1-,0.0,0.0
201300028861,24,10,2013,16,1,54,395,2,4,9,3,SAINT MANSUY (RUE),0.0,0.0
201300028862,25,10,2013,15,1,54,304,2,2,1,3,RESISTANCE (AV. DE LA -I,0.0,0.0
201300028863,25,10,2013,16,1,54,547,2,1,1,6,"142, PERI (RUE GABRIEL)",0.0,0.0
201300028864,26,10,2013,18,1,54,184,2,1,1,1,FERA (Rue Jean),0.0,0.0
201300028865,28,10,2013,8,1,54,526,2,1,1,6,BARBUSSE (BD HENRI),0.0,0.0
201300028866,31,10,2013,10,1,54,304,2,1,1,2,RESISTANCE (AV. DE LA -I,0.0,0.0
201300028867,3,11,2013,8,1,54,304,2,2,9,3,RESISTANCE (AV. DE LA -I,0.0,0.0
201300028868,3,11,2013,20,5,54,274,2,3,1,3,DE GAULLE (AVENUE DU GAL,0.0,0.0
201300028869,1,11,2013,11,1,54,395,2,1,1,3,KARLSRUHE (PLACE DE),0.0,0.0
201300028870,5,11,2013,4,5,54,547,2,3,8,2,"0, ARC (AVENUE JEANNE D'",0.0,0.0
201300028871,4,11,2013,9,1,54,395,2,1,2,2,CHARLEMAGNE (BD),0.0,0.0
201300028872,6,11,2013,11,1,54,300,2,1,1,2,"1, GALTIER (RUE LUCIEN)",0.0,0.0
201300028873,7,11,2013,20,5,54,547,2,1,1,1,"1, ARC (AVENUE JEANNE D'",0.0,0.0
201300028874,8,11,2013,7,2,54,395,2,1,2,2,"145, LIBERATION (AVENUE",0.0,0.0
201300028875,9,11,2013,15,1,54,395,2,1,1,6,"195, BOUFFLERS (AV. DE 7",0.0,0.0
201300028876,10,11,2013,19,5,54,395,2,2,2,3,MOTHE (RUE DE LA),0.0,0.0
201300028877,12,11,2013,17,5,54,482,2,1,1,6,CARNOT (AVENUE),0.0,0.0
201300028878,12,11,2013,18,5,54,395,2,1,1,2,BOUFFLERS (AV. DE 74 A 3,0.0,0.0
201300028879,13,11,2013,17,1,54,526,2,2,1,3,POTIER (RUE EUGENE),0.0,0.0
201300028880,14,11,2013,19,5,54,274,2,1,2,6,SONGEUR (RUE LEON),0.0,0.0
201300028881,15,11,2013,18,2,54,274,2,1,1,6,"104, REPUBLIQUE (RUE DE",0.0,0.0
201300028882,18,11,2013,14,1,54,184,2,1,1,6,SOIXANTE NEUVIEME R.I. (,0.0,0.0
201300028883,21,11,2013,2,5,54,395,2,1,1,6,CHALNOT (RUE PIERRE),0.0,0.0
201300028884,21,11,2013,13,1,54,395,2,1,4,3,"45, LOBAU (BOULEVARD)",0.0,0.0
201300028885,22,11,2013,8,1,54,395,2,1,2,3,"35, HUGO (RUE VICTOR)",0.0,0.0
201300028886,22,11,2013,16,1,54,482,2,2,1,3,LECLERC (AVENUE DU GENER,0.0,0.0
201300028887,23,11,2013,16,1,54,265,2,1,1,6,ERABLES (AVENUE DES),0.0,0.0
201300028888,23,11,2013,17,1,54,526,2,1,1,3,POTIER (RUE EUGENE),0.0,0.0
201300028889,28,11,2013,19,2,54,300,1,1,1,3,RD 400,0.0,0.0
201300028890,26,11,2013,15,1,54,547,2,3,7,3,ECHTERNACH (RUE D'),0.0,0.0
201300028891,27,11,2013,8,1,54,304,2,1,7,2,QUATRE VENTS (AVENUE DES,0.0,0.0
201300028892,28,11,2013,13,1,54,395,2,2,2,7,GARENNE (ALLEE ET AVENUE,0.0,0.0
201300028893,29,11,2013,8,1,54,395,2,2,1,3,LEOPOLD (COURS),0.0,0.0
201300028894,29,11,2013,18,5,54,578,2,1,2,6,"25, HAUT DE LA TAYE (RUE",0.0,0.0
201300028895,30,11,2013,3,5,54,526,2,1,2,6,"10, ALLENDE  (RUE SALVAD",0.0,0.0
201300028896,2,12,2013,9,1,54,339,2,1,1,2,"99, LECLERC (AVENUE ET I",0.0,0.0
201300028897,4,12,2013,19,5,54,395,2,1,9,6,MIRECOURT (ROUTE DE),0.0,0.0
201300028898,3,12,2013,9,1,54,395,2,1,5,3,BUQUET (RUE BARON),0.0,0.0
201300028899,3,12,2013,12,1,54,547,2,1,5,3,FRIBOURG (ALLEE DE),0.0,0.0
201300028900,3,12,2013,17,5,54,184,2,1,5,3,"108, SOIXANTE NEUVIEME R",0.0,0.0
201300028901,5,12,2013,12,1,54,395,2,1,1,6,"08, MANGIN (AVENUE DU GE",0.0,0.0
201300028902,5,12,2013,11,1,54,395,2,1,1,2,VINGT SIXIEME R.I. (BOUL,0.0,0.0
201300028903,5,12,2013,19,5,54,395,2,2,6,6,ARC ( RUE JEANNE D'N,0.0,0.0
201300028904,6,12,2013,10,1,54,395,2,1,1,6,CHARLEMAGNE (BD),0.0,0.0
201300028905,11,12,2013,19,5,54,526,2,1,2,2,RD 2 BIS,0.0,0.0