Num_Acc,jour,mois,an,hr,condition_eclairage,departement,commune,condition_agglomeration,intersection,condition_atmosphere,type_collision,adresse,lattitude,longitude
201300028906,11,12,2013,14,1,54,547,2,1,1,2,MIRECOURT (ROUTE DE),0.0,0.0
201300028907,11,12,2013,16,1,54,395,2,1,1,6,JOFFRE (Boulevard),0.0,0.0
201300028908,11,12,2013,20,5,54,395,2,1,1,6,AMERICAN LEGION  (BD DE,0.0,0.0
201300028909,11,12,2013,11,1,54,395,2,2,5,3,OUDINOT (RUE DU MAL),0.0,0.0
201300028910,13,12,2013,13,1,54,395,2,1,5,6,PINCHARD (AVENUE - TAMAR,0.0,0.0
201300028911,13,12,2013,15,1,54,395,2,1,1,2,"20, BATAILLE (QUAI DE LA",0.0,0.0
201300028912,13,12,2013,16,5,54,547,2,1,5,2,"22, CHARMOIS (AVENUE DU)",0.0,0.0
201300028913,16,12,2013,22,5,54,395,2,1,1,6,"1, VINGT SIXIEME R.I.",0.0,0.0
201300028914,16,12,2013,20,5,54,395,2,3,1,3,CRISTALLERIES (RUE DES),0.0,0.0
201300028915,17,12,2013,18,5,54,395,2,3,1,3,MONNAIE (RUE DE LA),0.0,0.0
201300028916,18,12,2013,10,1,54,395,2,1,1,3,"10, JUIN (AVENUE DU MARE",0.0,0.0
201300028917,18,12,2013,13,1,54,526,2,1,1,7,POTIER (RUE EUGENE),0.0,0.0
201300028918,18,12,2013,18,5,54,395,2,2,1,6,POINCARE (RUE HENRI),0.0,0.0
201300028919,20,12,2013,17,5,54,547,2,3,1,6,NORVEGE (RUE DE),0.0,0.0
201300028920,20,12,2013,18,5,54,578,2,2,1,6,BAUDRICOURT (BD DE),0.0,0.0
201300028921,21,12,2013,18,5,54,395,2,1,1,2,"151, LIBERATION (AVENUE",0.0,0.0
201300028922,22,12,2013,18,5,54,547,2,2,1,1,EUROPE (BOULEVARD DE L'),0.0,0.0
201300028923,23,12,2013,16,1,54,395,2,1,1,6,SAINT DIZIER (RUE 2,0.0,0.0
201300028924,28,12,2013,11,1,54,526,2,1,3,2,POTIER (RUE EUGENE),0.0,0.0
201300028925,29,12,2013,11,1,54,304,2,1,2,2,BOIS GRONEE (AVENUE DU),0.0,0.0
201300028926,30,12,2013,15,1,54,547,2,1,1,3,MORVAN (ALLEE DU),0.0,0.0
201300028927,30,12,2013,16,2,54,328,2,2,2,3,PASTEUR (RUE LOUIS),0.0,0.0
201300028928,30,12,2013,18,5,54,184,2,1,1,4,BRIGACHTAL (AVENUE DE),0.0,0.0
201300028929,2,3,2013,16,1,54,431,2,1,1,7,"40, FOURIER (RUE PIERRE)",48.91234,6.0574
201300028930,10,3,2013,16,1,54,431,2,2,1,3,METZ (AVENUE DE),48.91673,6.06303
201300028931,28,4,2013,14,1,54,431,2,3,1,6,DUROC (PLACE),0.0,0.0
201300028932,12,5,2013,16,1,54,375,1,1,1,7,D958 COTES SAINT-PIERRE,48.90035,6.01086
201300028933,15,5,2013,13,1,54,431,2,2,2,3,RD 657 CHAMPEY,48.91672,6.06312
201300028934,5,7,2013,20,1,54,431,2,1,1,6,"21, CAMP (RUE DU)",0.0,0.0
201300028935,6,7,2013,15,1,54,431,2,2,1,2,"1, EUROPE (AVENUE DE L')",48.91683,6.06564
201300028936,13,9,2013,18,1,54,431,2,1,8,3,"806, GASTON PETIT (RUE)",0.0,0.0
201300028937,21,9,2013,18,1,54,79,2,1,1,3,"8, SAINT-MARTIN (RUE)",0.0,0.0
201300028938,24,9,2013,12,1,54,431,2,3,1,3,"362, ETATS-UNIS (AVENUE",0.0,0.0
201300028939,30,11,2013,19,3,54,79,2,3,1,1,"55, SAULE (RUE DU)",0.0,0.0
201300028940,14,12,2013,17,4,54,431,1,1,1,1,"458, NORROY (ROUTE DE)",48.92295,6.0381
201300028941,9,1,2013,7,5,54,528,2,3,1,6,ALBERT 1ER,48.68285,5.89376
201300028942,10,1,2013,8,3,54,528,1,1,2,2,RD191,48.69064,5.9113
201300028943,15,1,2013,8,1,54,528,1,1,4,3,RD904,48.70927,5.88144
201300028944,12,1,2013,13,1,54,528,1,1,1,6,"71, BALLAND",48.67589,5.88122
201300028945,4,8,2013,3,5,54,174,2,3,1,3,DU 15EME GENIE (AVENUE),0.0,0.0
201300028946,19,1,2013,10,1,54,528,2,4,8,3,GENERAL BIGEARD (AVENUE),0.0,0.0
201300028947,7,4,2013,17,1,54,528,1,1,1,6,"36, PINTEVILLE (BOULEVAR",48.67165,5.8858
201300028948,5,5,2013,16,1,54,528,2,1,1,2,ALBERT 1ER,0.0,0.0
201300028949,9,5,2013,17,1,54,174,2,3,1,2,RD11B,48.66721,5.85383
201300028950,26,5,2013,6,2,54,528,2,1,1,6,"20, PINTEVILLE (BOULEVAR",0.0,0.0
201300028951,6,6,2013,18,1,54,528,1,1,1,3,RD960,48.65936,5.8765
201300028952,10,6,2013,8,1,54,528,2,1,1,6,COLONEL PECHOT (AVENUE D,0.0,0.0
201300028953,15,6,2013,10,1,54,167,1,1,1,6,RD400,48.67378,5.92068
201300028954,26,6,2013,11,1,54,167,1,6,1,3,RD909,48.67309,5.92794
201300028955,28,6,2013,16,1,54,528,2,2,1,6,JEANNE D'ARC,0.0,0.0
201300028956,10,7,2013,17,1,54,174,2,3,1,3,15EME GENIE (AVENUE),0.0,0.0
201300028957,16,7,2013,14,1,54,174,2,3,1,2,DU 15EME GENIE (AVENUE),0.0,0.0
201300028958,2,8,2013,20,1,54,528,2,1,1,7,VICTOR HUGO (AVENUE),0.0,0.0
201300028959,1,9,2013,18,1,54,528,1,3,1,3,RD960,0.0,0.0
201300028960,4,9,2013,17,1,54,167,1,1,1,2,RD400,0.0,0.0
201300028961,15,9,2013,10,1,54,528,2,1,8,6,"62, ALBERT DENIS",0.0,0.0
201300028962,19,9,2013,19,1,54,174,2,3,1,2,15EME GENIE (AVENUE),0.0,0.0
201300028963,26,9,2013,16,1,54,528,2,1,1,6,GENERAL BIGEARD (AVENUE),0.0,0.0
201300028964,19,11,2013,19,5,54,528,2,3,3,3,GLACIERE (QUAI DE LA),0.0,0.0
201300028965,9,12,2013,7,2,54,528,1,1,1,5,RD904,48.70888,5.88181
201300028966,16,12,2013,20,5,54,167,2,2,1,6,FOCH (AVENUE),48.67154,5.89582
201300028967,6,7,2013,16,1,54,575,1,3,1,1,DEPARTEMENTALE 26 (ROUTE,0.0,0.0
201300028968,7,7,2013,1,3,54,149,1,1,1,6,DEPARTEMENTALE 57 (ROUTE,49.4436,5.917
201300028969,24,7,2013,22,5,54,580,2,1,1,6,"sans, DIX NEUF MARS 1962",0.0,0.0
201300028970,15,10,2013,15,1,54,580,2,1,8,6,"1, FOCH (RUE DU MARECHAL",0.0,0.0
201300028971,23,10,2013,7,5,54,575,1,3,3,6,HUSSIGNY (ROUTE D'),49.47197,5.83963
201300028972,21,10,2013,9,1,54,580,2,3,1,7,"0, POINCARE (RUE)",0.0,0.0
201300028973,4,2,2013,17,2,55,29,2,1,1,6,ROCHELLE ( BOULEVARD DE,48.77333,5.16126
201300028974,10,2,2013,19,5,55,29,2,1,1,6,"1, REPUBLIQUE ( PLACE DE",48.77344,5.1653
201300028975,5,3,2013,14,1,55,302,1,1,1,6,D180,0.0,0.0
201300028976,10,3,2013,15,1,55,29,2,1,1,7,"1, MARIZIER ( BOULEVARD",0.0,0.0
201300028977,15,3,2013,8,1,55,29,2,1,1,6,"7, ROCHELLE ( BOULEVARD",48.77384,5.16035
201300028978,30,3,2013,18,1,55,29,2,1,1,2,"43, BRADFER ( RUE ERNEST",0.0,0.0
201300028979,25,5,2013,13,1,55,29,1,3,1,3,RN135,0.0,0.0
201300028980,27,5,2013,13,1,55,29,2,1,1,1,"25, 94EME RI ( AVENUE DU",0.0,0.0
201300028981,22,6,2013,1,5,55,29,2,1,2,1,"187, SAINT MIHIEL ( RUE",0.0,0.0
201300028982,22,6,2013,15,1,55,29,2,3,1,3,LANDRY-GILLON ( RUE ),0.0,0.0
201300028983,23,6,2013,16,1,55,29,2,1,2,7,"22, BAR LA VILLE ( RUE )",0.0,0.0
201300028984,27,6,2013,19,1,55,29,2,1,1,6,ALLENDE ( RUE SALVATOR ),0.0,0.0
201300028985,20,7,2013,1,5,55,29,2,6,1,3,SCHUMAN ( RUE ROBERT ),48.7772,5.16465
201300028986,30,8,2013,16,1,55,29,1,1,1,5,RD 635,48.75878,5.13867
201300028987,3,9,2013,21,5,55,29,2,6,1,3,SCHUMAN ( RUE ROBERT ),0.0,0.0
201300028988,5,9,2013,16,1,55,29,2,1,1,2,"77, POINCARE ( BOULEVARD",0.0,0.0
201300028989,10,9,2013,12,1,55,29,2,3,1,3,"4, LAPIQUE ( RUE )",48.77158,5.1632
201300028990,11,9,2013,14,1,55,29,2,3,2,3,ROUSSEAU ( RUE JEAN JACQ,0.0,0.0
201300028991,8,10,2013,19,5,55,29,2,6,1,6,BEHONNE ( VIEILLE COTE D,0.0,0.0
201300028992,8,10,2013,12,1,55,29,2,1,1,6,"12, OUDINOT ( RUE )",0.0,0.0
201300028993,10,10,2013,7,2,55,29,2,1,1,6,"53, FOUR ( RUE DU )",0.0,0.0
201300028994,7,11,2013,8,1,55,29,2,1,2,6,MARIZIER ( BOULEVARD ),0.0,0.0
201300028995,16,12,2013,14,1,55,29,2,1,1,6,"149, VEEL ( RUE DE )",48.76935,5.15651
201300028996,18,3,2013,7,1,55,545,1,1,9,7,DUGNY ( ROUTE DE ),49.14026,5.36058
201300028997,18,2,2013,16,1,55,545,2,1,1,6,ANTHOUARD  ( D' ) 32,49.15788,5.3858
201300028998,4,4,2013,9,1,55,545,2,6,1,3,HUIT MAI 1945 ( DU ),0.0,0.0
201300028999,10,4,2013,11,1,55,545,2,1,1,6,"5, FRERES BOULHAUT ( DES",49.16298,5.38629
201300029000,2,5,2013,12,1,55,545,2,3,1,2,MIRIBEL ( AVENUE ),49.16773,5.39083
201300029001,5,9,2013,16,1,55,236,1,1,1,4,CD 964,0.0,0.0
201300029002,10,9,2013,12,1,55,545,2,6,1,6,LUXEMBOURG ( AVENUE DU ),49.16258,5.39048
201300029003,10,9,2013,8,1,55,43,2,1,1,2,"13,  DE GAULLE (GENERAL)",0.0,0.0
201300029004,28,9,2013,15,1,55,545,2,1,1,6,PONT CHAUSSEE,49.16206,5.38743
201300029005,7,10,2013,15,1,55,545,2,1,1,7,WEES (ALLEE DES ),0.0,0.0
201300029006,31,10,2013,10,1,55,43,2,1,1,5,COLONEL DRIANT ( DU ),0.0,0.0
201300029007,3,1,2013,0,5,56,121,2,1,1,7,"0, BRETAGNE ( IMP. ANNE",47.758,-3.39021
201300029008,4,1,2013,7,5,56,121,2,2,1,1,"0, CORRE (RUE  EMILE )",47.74183,-3.36849
201300029009,6,1,2013,18,5,56,121,2,4,2,3,"0, BELGIQUE (PONT DE)",47.75875,-3.37816
201300029010,9,1,2013,12,1,56,83,2,1,2,5,"0, PASTEUR ( AVENUE )",47.80145,-3.28219
201300029011,9,1,2013,17,2,56,162,1,1,1,7,"0, SOYE",47.74267,-3.40913
201300029012,10,1,2013,10,1,56,121,2,1,8,7,"2, MONISTROL (RUE)",47.73889,-3.38067
201300029013,16,1,2013,8,1,56,83,2,1,3,5,"0, LOCOYARNE ( R-P DE )",47.79123,-3.27706
201300029014,17,1,2013,12,1,56,121,2,6,1,3,"49, DE GAULLE ( AVE DU G",47.74138,-3.373
201300029015,17,1,2013,15,1,56,121,2,1,1,7,"8, QUEUDET ( AV RAYMOND",47.75926,-3.39181
201300029016,18,1,2013,7,2,56,162,1,1,1,3,"0, 185 (ROUTE DEPARTEMEN",0.0,0.0
201300029017,18,1,2013,16,1,56,121,2,1,8,6,"0, ROHAN ( Q DE )",47.74377,-3.35825
201300029018,21,1,2013,7,5,56,121,2,1,2,3,"199, BELGIQUE (RUE  DE )",47.76162,-3.38829
201300029019,22,1,2013,7,5,56,83,2,3,2,3,"0, ALLENDE ( AV. PRES. S",47.80615,-3.25968
201300029020,22,1,2013,19,5,56,83,2,1,1,2,"2, PONT-NEUF ( QUAI DU )",47.80361,-3.27921
201300029021,25,1,2013,6,5,56,121,2,1,9,1,"89, SCORFF ( BD DU )",47.76116,-3.36588
201300029022,25,1,2013,18,5,56,83,2,1,3,7,"27, TROTTIER (RUE)",47.80459,-3.27908
201300029023,25,1,2013,22,3,56,98,1,1,1,7,"0, RN 165",0.0,0.0
201300029024,26,1,2013,10,1,56,162,2,1,1,7,QUEVEN (RUE DE),47.7424,-3.42471
201300029025,27,1,2013,11,1,56,121,2,1,1,7,"27, MERVILLE (RUE  JEAN",47.74504,-3.37721
201300029026,27,1,2013,15,1,56,121,2,6,1,3,"0, QUEUDET ( AV RAYMOND",47.76024,-3.39341
201300029027,31,1,2013,14,1,56,162,1,2,1,3,"0, KERGANTIC",47.73211,-3.45954
201300029028,3,2,2013,16,1,56,121,2,2,1,3,"0, BELGIQUE (RUE  DE )",47.75983,-3.38204
201300029029,4,2,2013,15,1,56,121,2,1,1,2,"0, COSMAO-DUMANOIR ( BD",47.75313,-3.3746
201300029030,5,2,2013,7,2,56,98,1,6,3,7,"0, DUPLEIX  (AVENUE)",47.75339,-3.33844
201300029031,6,2,2013,10,1,56,121,2,2,1,7,"0, FRANCE ( AVE ANATOLE",47.74612,-3.36718
201300029032,6,2,2013,14,1,56,107,2,1,1,7,"0, DELAYRE (RUE RENE)",47.7041,-3.39511
201300029033,8,2,2013,11,1,56,121,2,1,1,7,"61, NAYEL ( ET PLACE AUG",47.74791,-3.36367
201300029034,11,2,2013,7,2,56,98,2,1,2,6,"0, BOLLARDIERE (RUE  GEN",47.77797,-3.34252
201300029035,12,2,2013,9,1,56,162,2,1,1,7,"0, MOULIN DU TER",47.73084,-3.4032
201300029036,14,2,2013,11,1,56,121,2,1,1,7,NORMANDIE ( BD ET IMP DE,47.75614,-3.37179
201300029037,17,2,2013,1,5,56,162,2,1,1,7,"0, BEG MINIO",47.73643,-3.42913
201300029038,17,2,2013,10,1,56,121,2,1,1,7,"8, SVOB ( BOULEVARD EMMA",47.75022,-3.36709
201300029039,18,2,2013,13,1,56,121,2,1,1,7,"0, DE GAULLE ( AVE DU GE",47.74095,-3.37416
201300029040,19,2,2013,19,5,56,107,2,1,1,3,"0, PORT MARIA (BOULEVARD",47.70435,-3.38344
201300029041,22,2,2013,12,1,56,121,2,1,1,7,"0, LE FRANC (RUE  MARIE",47.76326,-3.38292
201300029042,24,2,2013,19,2,56,83,2,1,1,7,"0, REPUBLIQUE ( AV. DE L",47.79812,-3.29673
201300029043,24,2,2013,23,5,56,121,2,1,1,7,"0, BLUM ( BD LEON )",47.74593,-3.38019
201300029044,26,2,2013,14,1,56,121,2,1,1,1,"0, BLUM ( BD LEON )",47.74605,-3.38032
201300029045,27,2,2013,8,1,56,121,2,1,1,2,"0, ROBIN (RUE  FRANCOIS",47.75205,-3.37925
201300029046,4,3,2013,17,1,56,121,2,1,1,7,"0, VERDUN (RUE  DE )",47.7581,-3.36516
201300029047,5,3,2013,15,1,56,121,2,1,1,7,"0, SCORFF ( BD DU )",0.0,0.0
201300029048,5,3,2013,21,5,56,107,2,1,1,3,"0, MINIO (RUE DU)",47.71562,-3.37893
201300029049,5,3,2013,21,5,56,121,2,1,1,3,"0, ORADOUR SUR GLANE ( B",47.75744,-3.37169
201300029050,8,3,2013,22,5,56,98,2,1,1,3,"0, GUERN (RUE DE LA)",47.7723,-3.33727
201300029051,11,3,2013,13,1,56,98,2,1,2,1,"28, PHILIPPE (RUE GERARD",47.7666,-3.35988
201300029052,14,3,2013,21,5,56,121,2,1,1,1,"0, INDES ( QUAI DES )",47.74722,-3.36361
201300029053,15,3,2013,9,1,56,121,2,1,1,7,"0, ROHAN ( Q DE )",47.745,-3.36084
201300029054,15,3,2013,14,1,56,98,2,1,1,2,JAURES (RUE  JEAN ),47.76329,-3.36189
201300029055,15,3,2013,15,1,56,162,2,1,3,3,"0, MOULIN (RUE JEAN)",47.7326,-3.41763
201300029056,16,3,2013,10,1,56,121,2,2,2,3,"71, COURBET (RUE  AMIRAL",47.74268,-3.36069
201300029057,18,3,2013,15,1,56,83,2,1,2,2,"0, BRUANT ( AV. ARISTIDE",47.80205,-3.25971
201300029058,19,3,2013,17,1,56,121,2,1,1,2,"0, MANIO ( ECHANGEUR ET",47.75895,-3.38426
201300029059,21,3,2013,13,1,56,98,2,2,3,1,"0, SAINT NIAUD (LIEU DIT",47.77549,-3.30999
201300029060,22,3,2013,16,1,56,83,2,1,1,7,"0, KERLIVEN ( IMP. DE )",47.802,-3.26554
201300029061,22,3,2013,16,1,56,98,1,1,1,3,"0, DJIBAOU (RUE  JEAN-MA",47.77778,-3.35402
201300029062,23,3,2013,20,2,56,162,1,1,1,7,"0, D 163",0.0,0.0
201300029063,25,3,2013,15,1,56,121,2,1,1,7,"0, BIZET (RUE  GEORGES )",47.764,-3.37196
201300029064,26,3,2013,14,1,56,121,2,1,1,7,"0, RN 465",47.73597,-3.37537
201300029065,28,3,2013,7,2,56,121,2,1,1,3,"0, KERGROISE ( AVE DE )",47.73501,-3.3568
201300029066,28,3,2013,11,1,56,121,2,1,1,3,"0, MULLER ( DU COLONEL J",47.76425,-3.39741
201300029067,28,3,2013,20,2,56,121,2,1,1,7,"0, MORIN (RUE  RENE )",47.76521,-3.39863
201300029068,1,4,2013,15,1,56,98,2,1,1,7,"0, KERMORVAN (RUE  DE )",47.76756,-3.31452
201300029069,2,4,2013,17,1,56,98,2,1,1,2,"0, RN 165 (PATINOIRE)",0.0,0.0
201300029070,3,4,2013,18,2,56,121,2,1,7,7,"0, K2",47.76432,-3.39707
201300029071,5,4,2013,14,1,56,121,2,1,1,3,"9, INDES ( QUAI DES )",47.74626,-3.36114
201300029072,5,4,2013,15,1,56,121,2,1,1,2,"0, CHAZELLES ( COURS LOU",47.75441,-3.36292
201300029073,6,4,2013,5,2,56,121,2,1,1,3,"136, BELGIQUE (RUE  DE )",47.76038,-3.38393
201300029074,6,4,2013,18,1,56,121,2,2,1,6,"103, BELGIQUE (RUE  DE )",47.75992,-3.38204
201300029075,6,4,2013,21,5,56,121,2,1,1,7,"0, ROUGES GORGES (RUE  D",47.73782,-3.38908
201300029076,7,4,2013,6,2,56,162,2,1,1,7,"0, BEG MINIO",47.73852,-3.45204
201300029077,14,4,2013,11,1,56,121,2,1,1,7,"71, LANVEUR ( ET PL. DE",47.74365,-3.39065
201300029078,14,4,2013,19,1,56,121,2,1,1,2,"., DREYFUS (RUE  ALFRED",47.74671,-3.38767
201300029079,13,4,2013,22,5,56,98,2,1,2,7,"., LANN-SEVELIN (ROND PO",47.77757,-3.34398
201300029080,15,4,2013,17,1,56,121,2,2,1,3,"0, MARNE ( AV DE LA )",47.74283,-3.36822
201300029081,16,4,2013,11,1,56,121,2,1,2,7,"22, MONISTROL (RUE)",47.73809,-3.38159
201300029082,16,4,2013,15,1,56,121,2,1,8,7,"24, NORMANDIE ( BD ET IM",47.7587,-3.36953
201300029083,17,4,2013,18,1,56,162,1,6,1,7,"., VRAIE CROIX (LIEU DIT",47.72556,-3.41074
201300029084,18,4,2013,16,1,56,83,2,1,1,7,"0, PARCO ( R-P DU )",47.79304,-3.2655
201300029085,20,4,2013,12,1,56,162,2,1,1,7,"30, LANN-ER-ROCH",47.73458,-3.47347
201300029086,21,4,2013,15,1,56,107,2,1,1,7,"0, MINIO (RUE DU)",47.7175,-3.38333
201300029087,25,4,2013,2,5,56,121,2,1,1,7,"0, MERVILLE (RUE  JEAN D",47.74516,-3.37412
201300029088,25,4,2013,17,1,56,162,1,3,1,3,"0, LE CRUGUELLIC",0.0,0.0
201300029089,26,4,2013,10,1,56,98,2,1,1,7,"73, CROIZAT ( AVE AMBROI",47.77534,-3.34618
201300029090,27,4,2013,12,1,56,121,2,1,1,7,"., TOULLEC (RUE  FRANCOI",47.73486,-3.37546
201300029091,27,4,2013,20,1,56,107,2,1,1,7,"., KERMELO (PONT)",47.73114,-3.38613
201300029092,29,4,2013,17,1,56,121,2,1,1,7,"38, MERVILLE (RUE  JEAN",47.74493,-3.37757
201300029093,2,5,2013,18,1,56,83,2,1,1,2,"0, LUMIERE ( AV. DES FRE",47.79703,-3.26293
201300029094,5,5,2013,17,1,56,107,1,1,1,3,"0, ECUREUILS (ALLEE DES)",47.72214,-3.38204
201300029095,7,5,2013,11,1,56,121,2,1,1,7,"0, FRANCE ( AVE ANATOLE",47.746,-3.36726
201300029096,10,5,2013,17,1,56,162,2,1,1,7,"., FORT BLOQUE (ROUTE DU",47.73856,-3.45483
201300029097,12,5,2013,17,1,56,121,2,2,1,3,"12, CHAZELLES ( COURS LO",47.75578,-3.36372
201300029098,11,5,2013,2,5,56,121,2,1,1,7,"8, FRANCE ( AVE ANATOLE",47.74637,-3.36673
201300029099,13,5,2013,18,1,56,98,2,1,1,2,"., SAKHAROV (RUE  ANDRE",47.77681,-3.34048
201300029100,13,5,2013,23,3,56,83,1,1,1,7,ROUTE NATIONALE  165,0.0,0.0
201300029101,14,5,2013,8,1,56,162,2,1,1,7,"., KERYADO (RUE DE)",47.74855,-3.39648
201300029102,14,5,2013,19,1,56,98,2,2,2,3,"., KESLER-DEVILLERS ( AV",47.76895,-3.3464
201300029103,15,5,2013,10,1,56,121,2,2,1,3,"., BOUVREUILS (RUE  DES",47.73518,-3.39353
201300029104,18,5,2013,16,1,56,83,2,1,1,7,"10, JAURES ( AV. JEAN )",47.80139,-3.28105
201300029105,19,5,2013,19,1,56,83,2,1,1,7,"., KERMARIO (LIEU-DIT)",47.81654,-3.29764
201300029106,21,5,2013,18,1,56,98,2,2,1,3,"., CROIZAT ( AVE AMBROIS",47.77438,-3.3466
201300029107,24,5,2013,13,1,56,121,2,1,1,5,"0, CHENAILLER DIT COLONE",47.73525,-3.38941
201300029108,28,5,2013,5,3,56,83,2,1,1,7,"., RESISTANCE ( IMP. DE",0.0,0.0
201300029109,28,5,2013,11,1,56,121,2,1,1,7,"., KERYVALAND (RUE  DE )",47.74275,-3.37947
201300029110,29,5,2013,12,1,56,121,2,1,8,7,"17, NORMANDIE ( BD ET IM",47.75916,-3.36855
201300029111,1,6,2013,1,5,56,107,1,1,1,7,"0, ROUTE DEPARTEMENTALE",0.0,0.0
201300029112,1,6,2013,16,1,56,121,2,2,1,3,"0, K2",47.76519,-3.39588
201300029113,3,6,2013,18,1,56,121,2,6,1,3,"0, MULLER ( DU COLONEL J",47.76594,-3.40057
201300029114,7,6,2013,17,1,56,121,2,1,1,2,"0, BERLIOZ (RUE  HECTOR",47.76325,-3.37814
201300029115,7,6,2013,16,1,56,121,2,6,1,2,"0, CHATEAU ( PONT DU )",47.76383,-3.37939
201300029116,8,6,2013,12,1,56,83,2,6,1,3,"0, REPUBLIQUE ( AV. DE L",47.79951,-3.2905
201300029117,7,6,2013,12,1,56,121,2,1,1,7,"57, BELGIQUE (RUE  DE )",47.75912,-3.37915
201300029118,9,6,2013,3,5,56,98,1,1,1,7,"0, RN 165",0.0,0.0
201300029119,9,6,2013,18,1,56,121,1,1,1,3,"0, RN 465",0.0,0.0
201300029120,10,6,2013,19,2,56,162,1,1,1,7,"0, FORT BLOQUE (ROUTE DU",47.73837,-3.44439
201300029121,11,6,2013,0,5,56,162,1,1,1,7,"0, DEPARTEMENTALE 152 (",0.0,0.0
201300029122,13,6,2013,11,1,56,121,2,1,1,2,"0, KERGUESTENEN (RUE  DE",47.75109,-3.39327
201300029123,14,6,2013,14,1,56,121,2,6,1,3,"0, PLOEMEUR ( ET IMP DE",47.76011,-3.38973
201300029124,14,6,2013,21,5,56,121,2,3,1,3,"0, CALMETTE (RUE  DOCTEU",47.76016,-3.38121
201300029125,15,6,2013,17,1,56,121,2,3,1,3,"0, GUIEYSSE (RUE  PAUL )",47.75676,-3.36465
201300029126,18,6,2013,13,1,56,121,2,1,1,2,"47, GUIEYSSE (RUE  PAUL",47.75727,-3.36869
201300029127,19,6,2013,14,1,56,83,2,6,1,3,"0, HOPITAL ( RD-POINT DE",47.80436,-3.27348
201300029128,19,6,2013,15,1,56,98,2,2,8,3,"76, SEMBAT (RUE MARCEL)",47.76512,-3.34527
201300029129,20,6,2013,7,1,56,83,2,1,1,7,"0, REPUBLIQUE ( AV. DE L",47.80456,-3.27327
201300029130,20,6,2013,15,1,56,98,2,2,1,3,"., DUCLOS (RUE  JACQUES",47.77442,-3.34013
201300029131,22,6,2013,11,1,56,107,2,1,1,7,"., ROUTE DEPARTEMENTALE",0.0,0.0
201300029132,24,6,2013,17,1,56,121,2,1,1,7,"105, LARMOR (RUE  DE )",47.74143,-3.37529
201300029133,25,6,2013,20,2,56,162,1,1,1,7,"0, 152 (ROUTE DEPARTEMEN",47.70984,-3.43845
201300029134,26,6,2013,19,1,56,98,2,1,1,7,"0, KERMORVAN (RUE  DE )",47.76752,-3.31452
201300029135,27,6,2013,13,1,56,121,2,1,1,3,"3, LANVEUR ( ET PL. DE )",47.7422,-3.38622
201300029136,27,6,2013,20,1,56,83,2,3,1,3,"0, LA FLAMME ( PONT JEHA",47.80336,-3.27876
201300029137,29,6,2013,0,5,56,107,2,3,1,3,"0, QUEHELLO (RUE DE)",47.7112,-3.39621
201300029138,29,6,2013,13,1,56,98,2,1,1,7,"17, MUSSET (RUE ALFRED)",47.75372,-3.34265
201300029139,29,6,2013,15,1,56,121,1,1,1,3,"0, CARREFOUR ( MAGASIN C",47.76494,-3.39563
201300029140,2,7,2013,15,1,56,98,2,1,1,5,RUE GUSTAVE ZEDE,47.77561,-3.35383
201300029141,2,7,2013,21,5,56,121,2,1,1,7,"85, BELGIQUE (RUE  DE )",47.75956,-3.38083
201300029142,2,7,2013,22,5,56,98,2,1,1,7,"0, TRUDAINE (RUE  DANIEL",47.77739,-3.33901
201300029143,3,7,2013,18,1,56,98,2,3,1,7,"74, CROIZAT ( AVE AMBROI",47.77441,-3.34666
201300029144,6,7,2013,14,1,56,121,2,1,1,5,"0, QUEUDET ( AV RAYMOND",47.75878,-3.39092
201300029145,8,7,2013,21,5,56,121,1,2,1,3,"0, CARNOT (RUE  LAZARE )",47.74191,-3.36143
201300029146,8,7,2013,22,5,56,121,2,1,1,3,"0, BLUM ( BD LEON )",47.74827,-3.3744
201300029147,9,7,2013,12,1,56,162,2,2,1,3,"0, DUPUY DE LOME (IMP)",47.74315,-3.4017
201300029148,10,7,2013,20,2,56,121,2,1,1,2,"0, MARNE ( AV DE LA )",47.74387,-3.36815
201300029149,10,7,2013,21,2,56,121,2,2,1,3,"0, CLISSON (RUE ET SQUAR",47.7505,-3.36299
201300029150,11,7,2013,16,1,56,83,2,4,1,6,"21, GRANGE (RUE  DE LA )",47.81182,-3.2719
201300029151,14,7,2013,12,1,56,83,2,1,1,3,"0, HILLION ( AV. DU CDT",0.0,0.0
201300029152,14,7,2013,13,1,56,121,2,1,1,6,"0, CHAZELLES ( COURS LOU",47.75623,-3.36409
201300029153,15,7,2013,22,5,56,98,2,3,1,3,"0, KESLER-DEVILLERS ( AV",47.768,-3.34283
201300029154,16,7,2013,8,1,56,121,2,1,1,3,"03, MONISTROL (RUE)",47.73913,-3.38098
201300029155,16,7,2013,13,1,56,107,1,1,1,6,"0, ROUTE DEPARTEMENTALE",0.0,0.0
201300029156,17,7,2013,14,1,56,162,2,1,1,3,"1, GAHINET (QUAI GILLES)",47.70146,-3.43147