Num_Acc,jour,mois,an,hr,condition_eclairage,departement,commune,condition_agglomeration,intersection,condition_atmosphere,type_collision,adresse,lattitude,longitude
201300029157,18,7,2013,18,1,56,121,2,1,1,3,"0, TOULLEC (RUE  FRANCOI",47.73241,-3.37979
201300029158,20,7,2013,11,1,56,98,1,1,1,7,"0, MONGE (RUE  GASPARD )",0.0,0.0
201300029159,25,7,2013,8,1,56,162,2,1,1,3,"0, OCEAN (RD L)",47.73446,-3.49934
201300029160,25,7,2013,11,2,56,121,2,1,1,2,"0, DORDELIN (RUE DE L AM",47.73507,-3.37407
201300029161,25,7,2013,12,1,56,121,2,1,1,7,"0, DREYFUS (RUE  ALFRED",47.74791,-3.38981
201300029162,25,7,2013,18,2,56,121,2,1,1,5,"97, BELGIQUE (RUE  DE )",47.75987,-3.3818
201300029163,29,7,2013,14,1,56,83,2,1,1,7,"0, EIFFEL (RUE  GUSTAVE",47.79565,-3.28261
201300029164,31,7,2013,5,2,56,121,2,1,1,7,"0, PENWERN ( PONT )",47.75609,-3.38642
201300029165,2,8,2013,14,1,56,121,2,1,1,7,"105, BELGIQUE (RUE  DE )",47.76001,-3.3823
201300029166,4,8,2013,18,1,56,121,2,1,1,3,"0, LANVEUR ( ET PL. DE )",47.74311,-3.38894
201300029167,6,8,2013,19,1,56,121,2,1,1,7,"0, LE COUTALLER ( RUE JE",47.7465,-3.36798
201300029168,9,8,2013,10,1,56,121,2,1,1,7,"0, TOULLEC (RUE  FRANCOI",0.0,0.0
201300029169,9,8,2013,16,1,56,98,2,1,1,7,"7, RUE MARCEL SEMBAT",47.758,-3.346
201300029170,11,8,2013,1,5,56,107,2,1,1,7,"0, ROUTE DEPARTEMENTALE",0.0,0.0
201300029171,15,8,2013,1,5,56,162,2,2,1,3,"0, SAINTE  ANNE (RUE)",47.73856,-3.41965
201300029172,15,8,2013,11,1,56,83,2,1,1,7,"0, PORT LOUIS ( ROUTE)",47.80292,-3.27793
201300029173,16,8,2013,23,5,56,121,2,1,1,1,"0, DEMAINE ( BD YVES )",47.75215,-3.38026
201300029174,14,8,2013,18,1,56,98,2,1,1,7,"., COUBERTIN (RUE  PIERR",47.76606,-3.3452
201300029175,20,8,2013,10,1,56,121,2,1,1,2,"., TOULLEC (RUE  FRANCOI",0.0,0.0
201300029176,20,8,2013,15,1,56,98,2,1,1,4,"., JAURES (RUE  JEAN )",47.77001,-3.35024
201300029177,22,8,2013,11,1,56,98,2,1,1,7,"56, DEVILLERS (AVENUE KE",0.0,0.0
201300029178,22,8,2013,18,1,56,121,2,1,1,7,"., TOULLEC (RUE  FRANCOI",47.73241,-3.37979
201300029179,24,8,2013,1,5,56,98,2,1,1,7,"., CROIZAT ( AVE AMBROIS",47.77133,-3.34873
201300029180,22,8,2013,18,1,56,83,2,1,1,5,"0, JAURES ( AV. JEAN )",47.80141,-3.27968
201300029181,24,8,2013,18,1,56,83,2,1,1,7,"., PALISSY (RUE  BERNARD",47.81118,-3.24287
201300029182,27,8,2013,16,1,56,121,2,1,1,2,"., LECLERC ( BD GENERAL",47.74838,-3.36524
201300029183,28,8,2013,11,1,56,98,2,1,1,7,"., KESLER-DEVILLERS ( AV",47.76765,-3.34148
201300029184,2,9,2013,9,1,56,121,2,1,1,7,"39, LE LEVE ( ET IMP. FR",47.75054,-3.37489
201300029185,3,9,2013,13,1,56,121,2,2,1,3,"., DUGUAY-TROUIN (RUE RE",47.74276,-3.36831
201300029186,4,9,2013,14,1,56,121,2,1,2,3,"0, SCORFF ( BD DU )",47.75571,-3.35476
201300029187,5,9,2013,7,1,56,162,1,1,7,7,"0, BEG MINIO",0.0,0.0
201300029188,5,9,2013,18,1,56,83,2,1,1,2,"0, HUGO (RUE  VICTOR )",47.80975,-3.27462
201300029189,6,9,2013,12,1,56,121,2,1,1,2,"114, DE GAULLE ( AVE DU",47.73959,-3.37829
201300029190,8,9,2013,2,5,56,162,1,1,1,7,"0, LE CRUGUELLIC",47.73317,-3.48784
201300029191,9,9,2013,0,3,56,162,1,1,2,7,"0, PLOEMEUR (RUE DE)",0.0,0.0
201300029192,9,9,2013,10,1,56,107,2,1,1,3,"0, KERFORNET (CIMETIERE)",47.71254,-3.39806
201300029193,11,9,2013,14,1,56,121,2,1,1,5,"0, TOULLEC (RUE  FRANCOI",47.73475,-3.37556
201300029194,13,9,2013,19,2,56,121,2,1,1,7,"20, PATRIE (RUE DE LA )",47.74819,-3.3622
201300029195,15,9,2013,13,1,56,121,2,1,1,3,"0, CHAIGNEAU (RUE)",47.75408,-3.36122
201300029196,16,9,2013,6,2,56,162,1,1,1,7,"0, D 163",0.0,0.0
201300029197,16,9,2013,17,1,56,121,2,1,1,7,"40, BRAILLE (RUE LOUIS)",47.75476,-3.37268
201300029198,21,9,2013,19,2,56,121,2,1,1,3,"0, TOULLEC (RUE  FRANCOI",47.73296,-3.383
201300029199,27,9,2013,19,2,56,83,1,1,1,7,"0, RN 165",0.0,0.0
201300029200,27,9,2013,18,1,56,98,2,1,1,3,"0, LE COUTALLER (RUE  JE",47.76039,-3.3311
201300029201,27,9,2013,20,5,56,121,2,1,1,3,"0, FERRY ( PL. JULES )",47.74591,-3.36377
201300029202,27,9,2013,18,2,56,98,2,1,1,7,"1, ROSTAND (RUE JEAN)",47.77271,-3.33377
201300029203,3,10,2013,8,2,56,83,2,1,3,7,"0, ABATTOIR ( IMP. DE L'",47.81092,-3.26739
201300029204,4,10,2013,10,1,56,98,2,1,1,7,"20, JAURES (RUE  JEAN )",47.764,-3.36047
201300029205,4,10,2013,17,1,56,83,2,1,1,6,"0, LUMIERE ( AV. DES FRE",47.79917,-3.2607
201300029206,6,10,2013,17,1,56,83,1,1,1,7,"0, RN 165",0.0,0.0
201300029207,7,10,2013,16,1,56,121,2,1,1,5,"89, BELGIQUE (RUE  DE )",47.75879,-3.37801
201300029208,8,10,2013,11,1,56,121,2,3,1,7,"74, CHENAILLER DIT COLON",47.73762,-3.39107
201300029209,9,10,2013,15,1,56,121,2,1,1,7,"0, CARNOT (RUE  LAZARE )",47.74429,-3.35936
201300029210,11,10,2013,14,1,56,83,2,1,1,7,"0, EIFFEL (RUE  GUSTAVE",47.7953,-3.28362
201300029211,11,10,2013,21,5,56,121,2,1,1,2,"0, JAURES ( AVE JEAN )",47.74514,-3.37468
201300029212,13,10,2013,9,1,56,162,2,1,1,3,"0, DOUET NEUF",47.70521,-3.43412
201300029213,15,10,2013,16,1,56,121,2,3,2,3,"38 BIS, MARNE ( AV DE LA",47.74391,-3.36802
201300029214,16,10,2013,9,1,56,98,2,3,2,7,"0, BILLOUX ( AV. FRANCOI",47.76465,-3.3513
201300029215,16,10,2013,10,1,56,121,2,1,1,7,"0, RN 465 (DESSERTE PORT",47.74859,-3.38776
201300029216,18,10,2013,7,5,56,121,2,6,1,3,"0, KERNITRA ( PL. DE )",47.76224,-3.39584
201300029217,18,10,2013,21,3,56,83,2,1,1,2,"., LIBERATION ( AV. DE L",0.0,0.0
201300029218,18,10,2013,21,5,56,83,2,1,1,7,"0, RESISTANCE (AVENUE  D",0.0,0.0
201300029219,19,10,2013,2,5,56,121,2,1,1,2,"41, PERRIERE ( AV DE LA",47.73369,-3.36484
201300029220,20,10,2013,19,1,56,121,2,2,1,3,"., ESVELIN (RUE  MAITRE",47.74563,-3.36299
201300029221,21,10,2013,18,1,56,121,2,1,1,2,"1, SVOB ( BOULEVARD EMMA",47.75029,-3.36692
201300029222,22,10,2013,21,5,56,121,2,2,2,7,"0, FERRY ( PL. JULES )",47.74659,-3.36208
201300029223,24,10,2013,13,1,56,121,2,6,1,3,"., TOULLEC (RUE  FRANCOI",47.73302,-3.37754
201300029224,26,10,2013,11,1,56,162,1,1,1,5,"0, D 163",0.0,0.0
201300029225,26,10,2013,22,5,56,121,2,1,1,2,"0, SAINT CHRISTOPHE (RON",0.0,0.0
201300029226,28,10,2013,18,5,56,121,2,1,1,2,"0, POMPIDOU (RUE  GEORGE",47.73582,-3.37188
201300029227,28,10,2013,20,5,56,98,2,3,2,3,"0, RABELAIS (RUE  FRANCO",47.7684,-3.3561
201300029228,30,10,2013,8,1,56,121,2,1,1,7,"0, PRIMEL (RUE  LOUIS )",47.76298,-3.38567
201300029229,30,10,2013,18,3,56,83,1,1,1,5,"0, RN 165",0.0,0.0
201300029230,1,11,2013,17,2,56,162,2,1,1,7,"0, D 162",0.0,0.0
201300029231,3,11,2013,15,1,56,121,2,1,1,7,"0, MERVILLE (RUE  JEAN D",0.0,0.0
201300029232,5,11,2013,14,1,56,121,2,1,1,1,"0, LENINE ( AVENUE )",0.0,0.0
201300029233,7,11,2013,18,5,56,121,2,1,3,7,"0, FRANCE ( AVE ANATOLE",47.74561,-3.36778
201300029234,7,11,2013,18,5,56,83,2,2,2,3,"0, ALLENDE ( AV. PRES. S",0.0,0.0
201300029235,9,11,2013,19,5,56,121,2,1,2,7,"0, COSMAO-DUMANOIR ( BD",47.75333,-3.37225
201300029236,11,11,2013,20,5,56,121,2,1,2,1,"0, BERT (RUE  PAUL )",47.74649,-3.36145
201300029237,12,11,2013,7,5,56,121,2,1,2,7,"0, SPITZ (RUE  AMIRAL DE",47.76324,-3.37027
201300029238,13,11,2013,12,1,56,107,2,1,1,3,"., ORPHIS (RUE DES)",47.71998,-3.39117
201300029239,14,11,2013,19,5,56,83,2,1,2,7,"0, LIBERATION ( AV. DE L",0.0,0.0
201300029240,15,11,2013,12,1,56,121,2,2,1,3,"26, HUGO (RUE  ET IMP. V",47.74037,-3.36448
201300029241,17,11,2013,11,1,56,83,2,1,1,3,"0, BERGERIE ( IMP. DE LA",47.81064,-3.27362
201300029242,17,11,2013,13,1,56,83,2,1,1,3,"0, PRISON (RUE  DE LA )",0.0,0.0
201300029243,20,11,2013,15,1,56,121,2,1,1,7,"127, MULLER ( DU COLONEL",47.76589,-3.40043
201300029244,20,11,2013,15,1,56,121,2,6,2,3,"0, BLUM ( BD LEON )",47.74917,-3.37372
201300029245,20,11,2013,17,2,56,83,2,1,2,2,"1, TROTTIER (RUE)",47.8055,-3.27753
201300029246,21,11,2013,19,5,56,121,1,1,1,7,"23, MULLER ( DU COLONEL",47.76272,-3.39209
201300029247,22,11,2013,8,1,56,121,2,1,1,7,"0, GUIEYSSE (RUE  PAUL )",47.75702,-3.3672
201300029248,23,11,2013,8,2,56,121,2,3,1,3,"0, CARNOT (RUE  LAZARE )",47.74191,-3.36144
201300029249,23,11,2013,11,1,56,83,2,3,1,3,"0, REPUBLIQUE ( AV. DE L",47.80121,-3.28294
201300029250,22,11,2013,14,1,56,121,2,1,1,2,"4, DUNANT (RUE  HENRI )",47.75169,-3.3767
201300029251,23,11,2013,1,5,56,83,2,1,1,7,"29, VAILLANT ( AV. EDOUA",47.81734,-3.25522
201300029252,23,11,2013,20,5,56,83,2,1,1,1,"23, PORT LOUIS ( ROUTE)",47.80035,-3.27572
201300029253,24,11,2013,16,1,56,121,2,1,1,7,"0, KERSABIEC (RUE  DE )",0.0,0.0
201300029254,30,11,2013,0,5,56,83,1,1,1,3,"0, RN 165",0.0,0.0
201300029255,4,12,2013,17,1,56,121,2,1,1,7,"0, GOUNOD (RUE  CHARLES",0.0,0.0
201300029256,5,12,2013,18,5,56,98,2,1,1,2,"0, LANN-SEVELIN (ROND PO",47.77781,-3.34386
201300029257,7,12,2013,9,1,56,121,2,3,1,3,"0, CHAIGNEAU (RUE)",47.75592,-3.3574
201300029258,11,12,2013,11,1,56,121,2,2,1,7,"0, PORT (RUE  DU )",47.74748,-3.36098
201300029259,12,12,2013,10,1,56,121,2,1,1,7,"0, LECLERC ( BD GENERAL",47.74894,-3.36573
201300029260,13,12,2013,16,1,56,107,2,1,2,3,"0, MOULIN (IMPASSE DU VI",47.7187,-3.38537
201300029261,14,12,2013,19,5,56,121,2,1,1,3,"30, VERDUN (RUE  DE )",47.7588,-3.3655
201300029262,16,12,2013,23,5,56,83,2,1,2,7,"92, LOCHRIST ( ROUTE DE",47.81404,-3.2595
201300029263,17,12,2013,14,1,56,121,2,1,1,7,"0, COSMAO-DUMANOIR ( BD",0.0,0.0
201300029264,17,12,2013,16,1,56,121,2,1,1,4,"., RN 465 (DESSERTE PORT",0.0,0.0
201300029265,17,12,2013,18,5,56,83,2,1,1,1,"., VILLENEUVE PARCO ( ET",47.79062,-3.2764
201300029266,18,12,2013,14,1,56,121,2,1,1,7,"12, NORMANDIE ( BD ET IM",47.75923,-3.36839
201300029267,18,12,2013,18,5,56,83,2,1,8,7,"27, TROTTIER (RUE)",47.80458,-3.279
201300029268,20,12,2013,4,5,56,98,2,1,1,5,"2, CROIZAT ( AVE AMBROIS",47.77115,-3.3488
201300029269,22,12,2013,2,5,56,162,1,6,8,7,"0, D 152",47.70857,-3.42108
201300029270,23,12,2013,15,1,56,83,1,6,2,1,"., VILLENEUVE ( ET IMP.",47.79073,-3.27657
201300029271,24,12,2013,16,1,56,121,2,1,8,2,"37, LOTE (RUE  RENE )",47.77211,-3.40453
201300029272,27,12,2013,13,1,56,121,1,1,1,7,"0, MARQUET (RUE  MARY )",47.75787,-3.38756
201300029273,27,12,2013,18,5,56,98,2,1,1,2,"0, CROIZAT ( AVE AMBROIS",0.0,0.0
201300029274,27,12,2013,21,4,56,98,2,1,2,3,"0, LANN-SEVELIN (ROND PO",47.77762,-3.34505
201300029275,28,12,2013,14,1,56,83,2,1,2,7,"0, JOFFRE (RUE  DU MAREC",0.0,0.0
201300029276,29,12,2013,0,5,56,121,2,1,1,3,"6, HERRIOT ( BD EDOUARD",47.74293,-3.38076
201300029277,29,12,2013,13,1,56,162,2,9,1,3,"0, SAINT BIEUZY (RUE DE)",47.7228,-3.43459
201300029278,29,12,2013,17,5,56,162,2,1,1,7,"0, CHASSEURS (RUE DES)",0.0,0.0
201300029279,9,2,2013,12,1,34,185,1,1,1,3,,43.83085,3.74495
201300029280,10,3,2013,17,1,34,111,1,1,1,1,,43.94952,3.70782
201300029281,2,5,2013,12,1,34,152,1,1,1,1,,43.75674,3.75229
201300029282,17,7,2013,16,1,34,42,1,1,3,6,,0.0,0.0
201300029283,27,7,2013,14,1,34,111,2,1,1,6,18 AVENUE DE NIMES,0.0,0.0
201300029284,31,8,2013,22,3,34,185,1,1,1,1,,0.0,0.0
201300029285,10,1,2013,7,5,56,260,2,1,2,6,"., BORGNIS DESBORDES(AVE",47.65431,-2.78346
201300029286,20,1,2013,18,5,56,260,2,1,1,2,"12, ROOSEVELT(AVENUE)",47.65907,-2.76615
201300029287,25,1,2013,8,2,56,260,2,3,1,6,"7, DEGAS(AVENUE EDGAR)",47.67342,-2.76142
201300029288,1,2,2013,19,5,56,260,2,1,2,6,"., BORGNIS DESBORDES(AVE",47.65423,-2.7835
201300029289,12,2,2013,12,1,56,260,2,1,1,3,"., FAVREL ET LINCY(AVENU",47.66563,-2.74996
201300029290,24,2,2013,20,5,56,260,2,1,1,6,HERRIOT(AVENUE EDOUARD),47.65713,-2.74566
201300029291,27,2,2013,16,1,56,260,2,1,1,6,"., LEHELEC(RUE)",47.6562,-2.75849
201300029292,28,2,2013,15,1,56,260,2,1,1,6,"., SURVILLE(RUE JEAN-FRA",47.63849,-2.77723
201300029293,15,3,2013,16,1,56,260,2,3,1,6,165  SENS LORIENT/NANTES,0.0,0.0
201300029294,21,3,2013,17,1,56,260,2,1,2,3,"., MURAILLES(RUE DES GRA",47.66599,-2.76754
201300029295,30,3,2013,16,1,56,260,2,1,1,3,"., MONSABERT(BOULEVARD D",47.66341,-2.7813
201300029296,4,4,2013,22,5,56,260,2,1,2,3,"125, VERDUN(AVENUE DE)",47.66197,-2.74041
201300029297,16,4,2013,10,1,56,260,2,1,2,6,"., LICES(PLACE DES)",47.65632,-2.75732
201300029298,4,5,2013,18,1,56,260,2,1,1,3,"., BORGNIS DESBORDES(AVE",47.65535,-2.79059
201300029299,9,4,2013,12,1,56,260,2,3,8,6,"., THIERS(RUE)",47.65766,-2.75984
201300029300,11,5,2013,10,1,56,260,1,1,1,2,165  SENS LORIENT/NANTES,0.0,0.0
201300029301,26,5,2013,18,1,56,260,2,3,1,3,"., MONSABERT(BOULEVARD D",47.66495,-2.78024
201300029302,17,5,2013,17,1,56,260,2,1,1,6,"34 BIS, RESISTANCE(BLD D",47.64277,-2.77708
201300029303,5,6,2013,11,1,56,260,2,7,1,6,"., REPUBLIQUE(PLACE DE L",47.65572,-2.75966
201300029304,12,6,2013,13,1,56,260,2,1,2,2,"., POMPIDOU(AVENUE GEORG",47.66361,-2.76585
201300029305,17,6,2013,20,2,56,260,2,6,1,6,"., KERGRAIN(GIRATOIRE DE",47.66213,-2.79419
201300029306,29,7,2013,17,1,56,260,2,6,1,3,"., TOHANNIC(GIRATOIRE DE",47.66674,-2.78478
201300029307,1,8,2013,1,5,56,260,2,1,1,6,"36, MARNE(AVENUE DE LA)",47.65955,-2.77955
201300029308,1,8,2013,19,2,56,260,2,1,1,1,"., SAINTE-ANNE(ROUTE)",0.0,0.0
201300029309,16,7,2013,12,1,56,260,2,9,1,6,"., POMPIDOU(AVENUE GEORG",47.66393,-2.76768
201300029310,12,8,2013,17,1,56,260,2,6,1,6,"., LUSCANEN(GIRATOIRE DE",47.66202,-2.7939
201300029311,4,9,2013,17,1,56,260,2,1,1,1,JUIN(AVENUE DU MARECHAL),47.63308,-2.77913
201300029312,6,9,2013,11,1,56,260,2,1,1,6,"., POMPIDOU(AVENUE GEORG",47.66368,-2.7666
201300029313,8,9,2013,14,1,56,260,2,3,1,6,"., LALLEMENT(RUE)",47.65058,-2.77658
201300029314,12,9,2013,11,1,56,260,2,1,8,6,"92, RESISTANCE(BLD DE LA",47.64302,-2.77686
201300029315,16,9,2013,15,1,56,260,2,1,1,6,"., POMPIDOU(AVENUE GEORG",47.66356,-2.76614
201300029316,20,9,2013,14,1,56,260,2,3,1,2,"., 165  SENS LORIENT/NAN",0.0,0.0
201300029317,16,9,2013,17,1,56,260,2,1,1,6,"., MARNE(AVENUE DE LA) M",47.66025,-2.79051
201300029318,23,9,2013,17,1,56,260,2,1,1,6,"17, DE LATTRE DE TASSIGN",47.64477,-2.75993
201300029319,26,9,2013,7,1,56,260,2,1,1,3,"., CHURCHILL(RUE WINSTON",47.64591,-2.77028
201300029320,28,9,2013,17,1,56,260,2,2,1,3,"., WILSON(AVENUE)",47.66748,-2.75686
201300029321,9,10,2013,8,2,56,260,2,2,1,5,"., RESISTANCE(BLD DE LA)",47.64789,-2.78183
201300029322,30,9,2013,9,1,56,260,2,3,1,6,"., AUDIC(RUE DU DOCTEUR",47.67683,-2.77456
201300029323,11,10,2013,16,1,56,260,2,7,1,6,"., MADELEINE(PLACE DE LA",47.65907,-2.77183
201300029324,25,10,2013,20,5,56,260,2,3,1,1,"., BERNUS(RUE DE)",47.65343,-2.76922
201300029325,21,10,2013,17,1,56,260,2,3,1,6,"., ILES(BOULEVARD DES)",47.65503,-2.77494
201300029326,23,10,2013,12,1,56,260,2,9,8,6,"1, MICHELIN(AVENUE EDOUA",47.65963,-2.71769
201300029327,10,11,2013,10,1,56,260,2,1,1,2,"., DE LATTRE DE TASSIGNY",47.65189,-2.75944
201300029328,18,11,2013,9,1,56,260,2,1,1,6,"., COURBET(RUE GUSTAVE)",47.67526,-2.77095
201300029329,21,11,2013,1,5,56,260,2,1,1,6,"15, NORMANDIE(RUE DE)",47.64762,-2.78551
201300029330,5,12,2013,7,3,56,260,2,1,8,6,"., ILES(BOULEVARD DES)",47.6518,-2.78803
201300029331,10,12,2013,7,5,56,260,2,1,1,6,"., TOHANNIC(AVENUE DE)",47.65304,-2.74151
201300029332,13,12,2013,1,5,56,260,2,1,5,6,LATTRE DE TASSIGNY(AVENU,47.64869,-2.75852
201300029333,16,12,2013,18,5,56,260,2,1,1,1,JUIN(AVENUE DU MARECHAL),47.63843,-2.76802
201300029334,16,12,2013,16,1,56,260,2,1,1,6,"30, THIERS(RUE)",47.65758,-2.75984
201300029335,22,1,2013,17,2,56,260,2,6,8,4,"., ILES(GIRATOIRE DES)",47.65278,-2.7836
201300029336,31,1,2013,13,1,56,260,2,1,1,6,"., THIERS(RUE)",47.65585,-2.75978
201300029337,12,3,2013,16,1,56,260,2,1,1,6,"1, PLESSIS DE GRENEDAN(R",47.64885,-2.77418
201300029338,9,5,2013,19,1,56,260,2,1,1,2,"., RESISTANCE(BLD DE LA)",47.64501,-2.7788
201300029339,14,5,2013,12,1,56,260,2,1,1,6,"., R.D. 779 (KERGRAIN/LU",0.0,0.0
201300029340,15,5,2013,16,1,56,260,2,6,1,6,"6, FAVREL ET LINCY(AVENU",47.66398,-2.75543
201300029341,21,5,2013,10,1,56,260,2,1,1,6,"13, HOCHE(RUE)",47.65869,-2.76226
201300029342,25,5,2013,10,1,56,260,2,2,1,3,"., PASTEUR(RUE)",47.65526,-2.76451
201300029343,10,6,2013,18,1,56,260,2,1,1,2,"., MARNE(AVENUE DE LA) L",47.65964,-2.78172
201300029344,2,9,2013,10,1,56,260,2,1,1,2,"36, PAIX(BLD DE LA) 1 A",47.66134,-2.75798
201300029345,7,9,2013,17,1,56,260,2,1,1,6,"., BAZVALAN(RUE JEHAN DE",47.65512,-2.75498
201300029346,25,9,2013,11,1,56,260,2,1,1,2,"., KERVILER(AVENUE RENE",47.64152,-2.75575
201300029347,27,9,2013,8,1,56,260,2,1,1,2,"60, BECEL(AVENUE JEAN-MA",47.65603,-2.77358
201300029348,30,9,2013,7,2,56,260,2,1,5,6,"4, WILSON(AVENUE)",47.66534,-2.75612
201300029349,7,10,2013,7,5,56,260,2,1,1,7,RESISTANCE(BLD DE LA) DD,47.64437,-2.77822
201300029350,15,10,2013,8,5,56,260,2,1,3,6,"., BAZVALAN(RUE JEHAN DE",47.65513,-2.75555
201300029351,15,10,2013,8,5,56,260,2,3,3,3,"., RESISTANCE(BLD DE LA)",47.64623,-2.78021
201300029352,8,11,2013,19,5,56,260,2,2,8,6,"., PAIX(BLD DE LA) 41 A",47.66132,-2.75708
201300029353,19,11,2013,10,1,56,260,2,1,1,4,"., LE BARTZ(RUE GUILLAUM",47.64694,-2.77881
201300029354,6,12,2013,18,5,56,260,2,1,1,6,"., BOUCICAUT(RUE ARISTID",47.66646,-2.79382
201300029355,31,12,2013,17,1,56,260,2,1,8,6,MARNE(AVENUE DE LA) MAC,47.66022,-2.79048
201300029356,11,3,2013,9,1,33,227,2,6,1,3,Rond point zone des D?me,0.0,0.0
201300029357,26,10,2013,1,3,40,304,2,1,2,6,avenue du super hossegor,43.6803,-1.4238
201300029358,25,1,2013,9,1,57,227,2,3,1,6,"72, NATIONALE(RUE) R.DLA",49.18652,6.90041
201300029359,7,3,2013,18,5,57,227,2,1,1,3,"6, ARMEE  US (AV DE LA 7",49.18701,6.90938
201300029360,26,3,2013,10,1,57,227,2,2,1,6,"64, NATIONALE(RUE) R.DLA",49.18703,6.89827
201300029361,6,7,2013,3,5,57,537,2,1,1,6,"121, PRINCIPALE (RUE)",49.21842,6.86358
201300029362,13,7,2013,16,1,57,227,2,6,1,3,"298, NATIONALE(RUE)R.DE",0.0,0.0
201300029363,27,7,2013,18,1,57,227,2,1,1,3,"3, ST REMY(AV.)R.DE LA C",0.0,0.0
201300029364,15,9,2013,15,1,57,227,2,2,1,3,"76, ST REMY(AV.)R.DE LA",49.18693,6.89812
201300029365,11,9,2013,13,1,57,227,2,1,1,6,"86, ST REMY(AV.)R.DE LA",49.18602,6.89651
201300029366,26,9,2013,20,5,57,660,2,1,1,6,"23, NATIONALE(RUE)LIMITE",49.19383,6.91706
201300029367,23,10,2013,5,3,57,227,1,1,3,2,PARC A BOIS (ROUTE DU ),0.0,0.0
201300029368,26,10,2013,14,1,57,227,2,1,1,6,"1, PEUPLIERS (ALLEE DES",49.2007,6.8772
201300029369,16,11,2013,19,5,57,660,2,2,1,1,"18, NATIONALE(RUE)LIMITE",49.1935,6.91632
201300029370,6,12,2013,12,1,57,227,2,3,1,6,SAINTE CROIX (RUE ),49.18674,6.90071
201300029371,2,3,2013,22,5,57,240,2,3,1,6,BASSE (RUE),49.14203,6.80957
201300029372,22,2,2013,12,1,57,332,2,6,1,6,ROMAINS (RUE DES),49.14372,6.77691
201300029373,10,1,2013,19,5,57,240,2,1,2,6,"15, KLOSTER (RUE EUGENE)",49.14821,6.81723
201300029374,7,6,2013,18,1,57,240,1,1,1,1,CD 26,0.0,0.0
201300029375,2,6,2013,17,1,57,240,2,3,1,3,BERLIOZ (RUE HECTOR),49.14344,6.80228
201300029376,29,7,2013,16,1,57,332,2,3,1,3,Route departementale 603,49.12523,6.78424
201300029377,18,9,2013,13,1,57,240,2,1,1,1,RONSARD (IMPASSE),0.0,0.0
201300029378,25,9,2013,17,1,57,240,2,1,1,6,"01, HOMBOURG (RUE)",49.14156,6.7951
201300029379,1,10,2013,18,1,57,240,2,1,1,6,FRANCE (RUE DE),0.0,0.0
201300029380,11,12,2013,5,3,57,332,2,1,2,1,Route departementale 603,0.0,0.0
201300029381,11,1,2013,23,5,57,19,2,1,1,1,"31, VIEIL AMNEVILLE (RUE",49.262,6.13555
201300029382,4,2,2013,6,3,57,591,1,1,2,1,CD181,0.0,0.0
201300029383,21,2,2013,14,1,57,591,2,4,1,6,"1, FOCH (RUE DU MARECHAL",49.25354,6.09572
201300029384,16,3,2013,23,5,57,591,2,6,2,3,"1, POINCARE (RUE RAYMOND",49.25633,6.10664
201300029385,19,4,2013,13,1,57,19,1,3,1,3,CD8,0.0,0.0
201300029386,21,4,2013,14,1,57,19,2,1,1,6,"1A, FERME (RUE DE LA VIE",49.26073,6.13329
201300029387,25,4,2013,17,1,57,591,2,3,1,3,POINCARE (RUE RAYMOND),49.25527,6.10294
201300029388,5,5,2013,19,1,57,597,2,3,1,3,"182, ROBERT (CITE SAINT)",49.25534,6.06356
201300029389,17,5,2013,20,1,57,283,2,1,1,3,"20, METZ (RUE DE)",49.25382,6.1699
201300029390,5,6,2013,14,1,57,143,2,1,1,7,"124, JOFFRE (RUE)",49.25937,6.08428
201300029391,20,6,2013,13,1,57,491,1,1,1,7,CD9,49.2444,6.02586
201300029392,20,6,2013,17,1,57,597,1,1,1,6,CD9,0.0,0.0
201300029393,25,6,2013,14,1,57,591,1,6,1,2,RN 52,0.0,0.0
201300029394,25,7,2013,13,1,57,491,2,1,2,1,"6, FOCH (PASSAGE)",49.24922,6.04459
201300029395,11,9,2013,6,2,57,283,2,9,2,6,AVENUE DE FRANCE,49.24111,6.15142
201300029396,1,10,2013,16,1,57,491,2,1,1,6,COTE DES GAYES (ROUTE DE,49.25086,6.03721
201300029397,14,9,2013,15,1,57,19,1,1,2,1,"13, VIEIL AMNEVILLE (RUE",49.262,6.13555
201300029398,1,10,2013,11,1,57,591,2,1,1,3,"5, GARE (RUE DE LA)",49.25608,6.09701
201300029399,26,10,2013,14,1,57,19,2,1,1,6,"9, DOUAUMONT (RUE DE)",49.25194,6.14512