Num_Acc,jour,mois,an,hr,condition_eclairage,departement,commune,condition_agglomeration,intersection,condition_atmosphere,type_collision,adresse,lattitude,longitude
201300029400,4,1,2013,10,1,57,463,2,2,1,3,"00, LIEDOT (RUE )",49.10323,6.19648
201300029401,6,1,2013,5,3,57,463,2,1,1,6,PLAPPEVILLE (ROUTE DE ),49.12809,6.15121
201300029402,6,1,2013,9,1,57,463,2,1,2,6,"00, STRASBOURG (AVENUE D",0.0,0.0
201300029403,10,1,2013,14,1,57,480,2,6,2,2,"00, COUVENTS (RUE DES )",49.10344,6.15283
201300029404,22,1,2013,17,5,57,463,2,1,4,6,"21, FOCH (AVENUE )",49.1111,6.17593
201300029405,23,1,2013,21,5,57,463,2,2,1,3,"0, LOTHAIRE (RUE )",49.10009,6.17764
201300029406,29,1,2013,7,5,57,463,2,3,3,6,PARIS (RUE DE ),49.12488,6.16449
201300029407,30,1,2013,16,1,57,480,2,1,2,6,SAINT EXUPERY (RUE ),49.12488,6.16449
201300029408,4,2,2013,7,5,57,463,2,1,8,6,"00, GUYENNE (BOULEVARD D",49.10794,6.22103
201300029409,5,2,2013,13,1,57,463,2,1,8,3,"00, SOLIDARITE (BOULEVAR",49.1079,6.23675
201300029410,17,2,2013,4,5,57,480,2,2,1,3,"00, GENERAL FRANIATTE (R",49.08911,6.15323
201300029411,18,2,2013,9,1,57,463,2,1,1,2,"32, VERDUN (RUE DE )",49.10748,6.16934
201300029412,18,2,2013,16,1,57,463,2,1,1,2,"00, ARDANT DU PICQ (RUE)",49.12861,6.17421
201300029413,28,2,2013,23,5,57,412,2,1,1,1,"52, DE GAULLE (RUE DU GE",49.11777,6.14274
201300029414,6,3,2013,17,1,57,463,2,3,1,3,"00, LORRY (ROUTE DE )",49.13563,6.14882
201300029415,9,3,2013,13,1,57,463,2,6,1,6,"00, SABLON (PASSAGE DU )",49.10549,6.17409
201300029416,19,3,2013,19,5,57,463,2,1,2,6,"00, XX EME CORPS AMERICA",49.1021,6.16395
201300029417,25,3,2013,12,1,57,463,2,3,1,6,"00, PAUL WILZER  (QUAI )",49.12851,6.17115
201300029418,28,3,2013,17,1,57,463,2,2,1,6,"00, PARIS (RUE DE )",49.09825,6.16081
201300029419,2,4,2013,20,5,57,463,2,3,1,3,"8 Bis, ANDRE MAGINOT (BO",49.1165,6.18489
201300029420,9,4,2013,21,5,57,463,2,2,3,3,"00, FAUBOURG (RUE DU )",49.08302,6.18311
201300029421,13,4,2013,0,5,57,463,2,1,3,6,"00, FORT GAMBETTA (RUE D",49.1307,6.18312
201300029422,15,4,2013,18,1,57,463,2,2,1,5,"00, XX EME CORPS AMERICA",49.09825,6.16081
201300029423,17,4,2013,13,1,57,463,2,1,1,6,"20, QUEULEU (RUE DE )",49.11068,6.18806
201300029424,30,4,2013,13,1,57,463,2,1,1,3,"00, SEBASTOPOL (AVENUE D",49.11009,6.23111
201300029425,4,5,2013,16,1,57,463,2,1,1,3,"11, ANTOINE LOUIS (RUE)",49.10737,6.17078
201300029426,7,5,2013,7,1,57,480,2,1,8,6,"9, COUVENTS (RUE DES )",49.10309,6.15446
201300029427,9,5,2013,10,1,57,463,2,1,9,6,"3, NORMANDIE (RUE DE )",49.11643,6.22519
201300029428,15,5,2013,10,1,57,463,2,2,2,3,"00, XX EME CORPS AMERICA",49.1022,6.16412
201300029429,16,5,2013,8,1,57,463,2,1,2,6,"4, EUGENE JACQUOT (RUE )",49.0968,6.1712
201300029430,16,5,2013,14,1,57,447,2,1,2,6,"2031, METZ (RUE DE)",49.07443,6.1474
201300029431,22,5,2013,16,1,57,463,2,1,1,6,"16, GEORGES AIME (RUE )",49.12619,6.16594
201300029432,31,5,2013,15,1,57,463,2,1,1,6,"79, GENERAL METMAN",49.12005,6.21758
201300029433,1,6,2013,3,5,57,463,1,4,1,3,"00, FORT GAMBETTA (RUE D",49.13481,6.17431
201300029434,1,6,2013,12,1,57,480,2,1,1,6,"16, PONT A MOUSSON (RUE",49.10497,6.16344
201300029435,8,6,2013,8,1,57,480,2,1,1,6,"00, HOTEL DE VILLE (RUE",49.10031,6.15405
201300029436,11,6,2013,14,1,57,463,2,1,1,3,"00, BON PASTEUR (RUE DU",49.1131,6.22283
201300029437,22,6,2013,17,1,57,463,2,1,1,6,"05, BEARN (RUE DU )",49.11558,6.21943
201300029438,26,6,2013,17,1,57,463,2,1,1,6,"60, THIONVILLE (ROUTE DE",49.13522,6.1694
201300029439,28,6,2013,18,1,57,463,2,1,1,3,"18, SOUS LES VIGNES (CHE",49.12963,6.14537
201300029440,18,7,2013,16,1,57,463,2,1,2,6,"00, POINCARE (BOULEVARD",49.1182,6.16998
201300029441,19,7,2013,0,5,57,463,2,4,1,3,"00, FORT GAMBETTA (RUE D",49.13488,6.17428
201300029442,23,7,2013,18,1,57,751,2,1,7,6,"146, DEUX FONTAINES (AVE",49.14782,6.17086
201300029443,25,7,2013,16,1,57,463,2,1,1,6,"30, THIONVILLE (ROUTE DE",49.13324,6.16937
201300029444,1,8,2013,14,1,57,463,2,1,7,3,"27, GUYENNE (BOULEVARD D",49.10965,6.21979
201300029445,11,8,2013,14,1,57,487,1,1,1,4,"06, ARS (ROUTE D')",49.10039,6.10732
201300029446,17,8,2013,20,1,57,642,2,1,1,3,"130, LIBERTE (VOIE DE LA",49.10922,6.12509
201300029447,18,8,2013,18,1,57,463,2,3,1,3,"0, DELATTRE DE TASSIGNY",49.11004,6.16718
201300029448,23,8,2013,17,1,57,463,2,2,1,3,"0, ALSACE (BOULEVARD D')",49.11617,6.22771
201300029449,26,8,2013,15,1,57,616,2,1,2,3,"0, D1",49.12592,6.18874
201300029450,3,9,2013,18,1,57,463,2,2,1,3,PLANTIERES (AVENUE DE ),49.11177,6.18841
201300029451,4,9,2013,18,1,57,463,2,2,1,3,"0, BOUZONVILLE (ROUTE DE",49.13599,6.21314
201300029452,6,9,2013,10,1,57,463,2,3,1,6,"26, COETLOSQUET (RUE DU",49.11516,6.17511
201300029453,11,9,2013,8,1,57,480,2,1,2,3,"196 bis, PONT A MOUSSON",49.09898,6.14978
201300029454,13,9,2013,7,1,57,447,1,6,8,3,"00, RD5b",49.04884,6.14067
201300029455,19,9,2013,10,1,57,463,2,3,2,6,"13, LOTHAIRE (RUE )",49.09995,6.17736
201300029456,17,9,2013,10,1,57,616,2,1,8,6,"00, VILLERS L'ORME (RUE",49.13446,6.2078
201300029457,20,9,2013,17,1,57,480,2,1,1,6,"4, COUVENTS (RUE DES )",49.10319,6.15367
201300029458,3,10,2013,17,1,57,480,2,1,1,3,"22, GENERAL POUGIN (RUE",49.09893,6.15399
201300029459,4,10,2013,9,1,57,463,2,1,1,6,"28, HAUTE SEILLE (RUE )",49.11577,6.18132
201300029460,9,10,2013,18,1,57,463,2,1,1,6,"00, ARENES (RUE AUX)",49.10667,6.17659
201300029461,14,10,2013,16,1,57,463,2,1,2,6,"10, PARIS (RUE DE )",49.12435,6.16482
201300029462,15,10,2013,16,1,57,487,2,1,1,6,"02, PETIT SAULCY (RUE DU",49.10367,6.14902
201300029463,22,10,2013,19,5,57,463,2,2,1,5,"00, ABATTOIR (RUE DE L')",49.12628,6.18965
201300029464,25,10,2013,21,5,57,463,2,2,1,3,"00, HAUTE SEILLE (RUE )",49.11693,6.18009
201300029465,26,10,2013,18,2,57,49,2,3,1,3,"00, PLAPPEVILLE (ROUTE D",49.12837,6.14906
201300029466,29,10,2013,10,1,57,463,2,1,1,6,"15, LECLERC DE HAUTECLOC",49.10874,6.16946
201300029467,5,11,2013,6,3,57,463,2,1,2,1,FORT GAMBETTA (RUE DU ),49.13091,6.18263
201300029468,2,11,2013,20,4,57,751,2,2,1,3,"00, FORT GAMBETTA (RUE D",49.14924,6.16931
201300029469,8,11,2013,11,1,57,463,2,3,2,6,"00, XX EME CORPS AMERICA",49.10128,6.16337
201300029470,14,11,2013,14,1,57,463,2,2,2,3,"00, STRASBOURG (AVENUE D",49.10542,6.20966
201300029471,14,11,2013,17,5,57,463,1,6,3,6,PRESIDENT J.F. KENNEDY (,49.10983,6.16418
201300029472,15,11,2013,13,1,57,447,2,1,1,6,"72, COSTES ET BELLONTE (",49.08156,6.14716
201300029473,22,11,2013,17,5,57,480,2,1,2,6,"00, GENERAL FRANIATTE (R",49.09052,6.15438
201300029474,27,11,2013,13,1,57,480,2,1,7,6,"3, GENERAL FRANIATTE (RU",49.09598,6.1589
201300029475,27,11,2013,18,4,57,616,2,1,1,3,"00, PAUL LANGEVIN (AVENU",49.14193,6.20015
201300029476,28,11,2013,17,4,57,463,2,3,1,6,"15, GEORGES CLEMENCEAU (",49.10882,6.16257
201300029477,13,12,2013,16,2,57,463,2,1,1,6,RUE SAINT JEAN,49.10367,6.16757
201300029478,27,1,2013,0,5,57,606,2,1,1,7,HASLACH (ROUTE DE),49.14106,6.69117
201300029479,6,3,2013,9,1,57,606,2,1,1,7,"37, PATTON (AVENUE DU GE",49.11564,6.70787
201300029480,16,5,2013,15,1,57,606,2,1,2,7,"7, FOCH (RUE DU MARECHAL",49.10316,6.70195
201300029481,27,5,2013,17,1,57,606,2,1,1,3,"11, ANGLAIS (RUE DES)",49.10358,6.70901
201300029482,4,9,2013,8,1,57,606,2,1,1,7,"3, CLEMENCEAU (AVENUE GE",49.10393,6.70548
201300029483,1,9,2013,6,5,57,606,2,1,1,2,"7, PATTON (AVENUE DU GEN",49.11091,6.70562
201300029484,29,11,2013,21,5,57,606,2,1,2,6,"29, LORRAINE (BOULEVARD",49.10505,6.70501
201300029485,30,12,2013,22,3,57,630,1,1,1,3,HESSE ( ROUTE DE),0.0,0.0
201300029486,8,1,2013,7,1,57,630,2,1,1,6,BERRICHONS ET NIVERNAIS,48.73253,7.05896
201300029487,4,2,2013,17,5,57,630,2,1,2,6,CLEMENCEAU (AV),0.0,0.0
201300029488,8,6,2013,9,1,57,119,2,1,1,2,"28bis, SARREBOURG",48.72806,7.0686
201300029489,8,6,2013,18,1,57,630,2,3,1,3,"INCONNU, POINCARE (RAYMO",48.73565,7.05003
201300029490,27,6,2013,16,1,57,630,2,1,1,6,EUROPE,0.0,0.0
201300029491,30,7,2013,22,3,57,119,1,1,1,2,SARREBOURG,48.72243,7.09364
201300029492,23,8,2013,9,1,57,630,2,1,1,6,PHALSBOURG,48.73945,7.07065
201300029493,28,9,2013,14,1,57,630,2,1,1,7,"NEANT, KERPRICH (RUE DE)",0.0,0.0
201300029494,26,9,2013,12,1,57,630,2,1,7,3,"NEANT, SARREGUEMINES",48.74988,7.06739
201300029495,11,10,2013,2,5,57,630,2,1,8,7,"56, GAMBETTA (AV)",48.74303,7.06052
201300029496,27,10,2013,11,1,57,630,2,1,3,6,"1, GAMBETTA (AV)",48.73587,7.05657
201300029497,15,11,2013,11,1,57,630,2,2,1,3,"NEANT, FRANCE (AV)",48.73516,7.04939
201300029498,13,11,2013,15,1,57,630,2,1,1,6,"43, POINCARE (RAYMOND)",48.73608,7.05513
201300029499,2,12,2013,5,5,57,630,2,2,1,1,"NEANT, STRASBOURG",0.0,0.0
201300029500,10,12,2013,12,1,57,630,2,1,1,6,"neant, CLEMENCEAU (AV)",0.0,0.0
201300029501,9,12,2013,17,5,57,630,2,6,1,6,"SANS, ROND POINT SCHIESS",48.73486,7.04254
201300029502,29,12,2013,2,5,57,630,2,1,1,2,"10, SCHWEITZER",48.73881,7.05453
201300029503,15,12,2013,10,1,57,631,2,1,1,6,"186, FOCH (RUE DU MARECH",49.11985,7.08921
201300029504,17,12,2013,10,1,57,631,2,1,1,6,"1, MANGIN (RUE)",49.11641,7.0704
201300029505,7,1,2013,18,5,57,631,2,1,8,1,"60, TIRAILLEURS (RUE DES",49.11232,7.08139
201300029506,14,3,2013,8,1,57,631,2,1,1,1,"48, BLIES (AVENUE DE LA)",0.0,0.0
201300029507,12,6,2013,14,1,57,631,2,1,1,2,"89, FRANCE (RUE DE)",49.1115,7.05496
201300029508,24,9,2013,6,5,57,631,2,1,1,6,"54, BITCHE (RUE DE)DU N?",49.11806,7.09663
201300029509,25,9,2013,18,2,57,631,1,1,1,2,IPPLING (RUE),0.0,0.0
201300029510,12,11,2013,17,5,57,631,2,1,1,6,EUROPE (PONT DE L),49.1126,7.06823
201300029511,24,12,2013,13,1,57,631,1,1,8,6,"1, PASTEUR (RUE)",49.11153,7.0702
201300029512,9,1,2013,17,5,57,672,2,1,2,6,"34, BRIQUERIE (ROUTE DE",49.36436,6.15788
201300029513,10,1,2013,7,5,57,221,2,1,2,3,"89, NATIONALE (RUE)",49.31656,6.12283
201300029514,18,1,2013,17,5,57,672,2,1,4,5,VOLKRANGE (ROUTE DE),0.0,0.0
201300029515,24,1,2013,20,5,57,368,2,1,1,6,"3, REPUBLIQUE (RUE DE LA",49.33752,6.04569
201300029516,31,1,2013,11,1,57,672,2,1,1,6,"1, FRERES (RUE DES)",49.35283,6.15926
201300029517,1,2,2013,7,3,57,672,2,1,2,6,"11, NICOLAS CRAUSER (QUA",49.35602,6.16612
201300029518,4,2,2013,8,1,57,672,2,1,2,4,"2, ROBERT SCHUMANN (BOUL",49.35327,6.17509
201300029519,4,2,2013,16,1,57,306,2,1,2,2,"46, MENDES FRANCE (RUE P",49.33451,6.07908
201300029520,6,2,2013,6,3,57,12,1,1,4,2,GENERAL DE GAULLE (RUE D,0.0,0.0
201300029521,16,2,2013,11,1,57,672,2,1,1,6,"1, LUXEMBOURG (PLACE DU)",49.35888,6.16924
201300029522,5,3,2013,15,1,57,221,2,1,1,3,ETOILE (RUE DE L'),0.0,0.0
201300029523,6,3,2013,16,1,57,672,2,1,1,3,"16, PRES SAINT-PIERRE (B",49.35367,6.14666
201300029524,8,3,2013,15,1,57,672,2,1,1,6,"1, MARCHAL (QUAI)",49.3579,6.16937
201300029525,8,3,2013,16,1,57,306,2,1,1,2,"07, WENDEL (RUE DE)",0.0,0.0
201300029526,12,3,2013,17,2,57,221,2,1,4,6,"6, TRIBUNAL (RUE DU)",0.0,0.0
201300029527,25,3,2013,17,1,57,666,2,1,1,2,"82, MARSPICH (ROUTE DE)",49.34621,6.12806
201300029528,26,3,2013,12,1,57,672,2,1,1,2,"1, ASIE (CHAUSSEE D')",49.36229,6.14639
201300029529,26,3,2013,15,1,57,672,2,1,1,6,"12, CREVE COEUR (RUE DU)",49.3704,6.14492
201300029530,31,3,2013,13,1,57,666,2,1,1,1,VERDUN (ROUTE DE),49.33512,6.13442
201300029531,14,4,2013,18,1,57,221,2,2,1,3,"91, LORRAINE (AVENUE DE)",49.32643,6.12627
201300029532,16,4,2013,16,1,57,757,2,1,1,6,"6, BORDEAUX (RUE DE)",49.36262,6.21102
201300029533,18,4,2013,20,2,57,221,2,1,1,6,"55, ROMAINS (RUE DES)",49.32866,6.13503
201300029534,20,4,2013,12,1,57,672,2,3,1,3,"53, ALBERT 1ER (AVENUE)",49.36643,6.16891
201300029535,22,5,2013,7,1,57,12,2,1,1,6,"16 E, GENERAL DE GAULLE",49.3682,6.05416
201300029536,22,5,2013,12,1,57,672,2,1,1,6,"1, PAUL ALBERT (RUE) - I",49.36019,6.17073
201300029537,28,5,2013,10,1,57,672,2,1,1,2,"1, CRAUSER (QUAI)",49.3571,6.16821
201300029538,1,6,2013,10,1,57,672,2,1,1,3,"1, ARLON (ROUTE D')",49.35776,6.13671
201300029539,5,6,2013,19,1,57,672,2,1,1,5,"3, ESCH SUR ALZETTE (ROU",49.35666,6.14282
201300029540,7,6,2013,19,1,57,221,2,1,1,3,"23, FAMECK (RUE DE)",49.31652,6.11239
201300029541,7,6,2013,21,1,57,672,2,1,1,6,"1, PARC (RUE DU)",49.36165,6.1755
201300029542,10,6,2013,17,1,57,647,2,1,1,3,"193, GAULLE (RUE CHARLES",49.32172,6.08371
201300029543,15,6,2013,9,1,57,672,2,1,1,3,"1, PAUL ALBERT (RUE) - P",49.35652,6.15628
201300029544,15,6,2013,11,1,57,757,2,1,1,3,"123, Nations (Avenue)",49.36327,6.19992
201300029545,20,6,2013,7,1,57,672,2,1,2,6,"1, VIEUX COLLEGE (RUE DU",49.3578,6.16552
201300029546,20,6,2013,8,1,57,757,2,1,2,3,"39, GRAND'RUE",49.35967,6.18727
201300029547,22,6,2013,15,1,57,672,2,1,1,3,"1, ARLON (ROUTE DE)",49.35776,6.13671
201300029548,23,6,2013,11,1,57,672,2,1,1,3,"1, PIERRE MARCHAL (QUAI)",49.35792,6.16937
201300029549,25,6,2013,14,1,57,757,2,1,1,3,"1, SCHUMANN (RUE ROBERT)",49.34603,6.20437
201300029550,26,6,2013,13,1,57,757,2,1,3,6,"1, VIEUX-BOURG (RUE DU)",49.34604,6.18824
201300029551,5,7,2013,8,1,57,221,2,9,1,3,"10, LORRAINE (AVENUE DE)",49.32322,6.11666
201300029552,21,7,2013,19,1,57,368,2,1,1,6,"45, REPUBLIQUE (RUE DE L",49.33809,6.0445
201300029553,30,7,2013,17,1,57,672,1,1,1,2,ARLON (ROUTE D'),0.0,0.0
201300029554,13,8,2013,15,1,57,306,1,1,1,3,CD 13,0.0,0.0
201300029555,20,8,2013,9,1,57,672,2,1,1,3,"1, PARIS (RUE DE)",49.35778,6.16698
201300029556,27,8,2013,18,1,57,647,2,1,1,2,"176, GAULLE (RUE CHARLES",49.3224,6.08083
201300029557,18,8,2013,16,1,57,672,2,1,1,6,"1, BUCHEL (ROUTE DU)",49.3547,6.11057
201300029558,4,9,2013,17,1,57,672,2,2,1,3,"1, GUISE (AVENUE DE) - P",49.36372,6.16221
201300029559,6,9,2013,12,1,57,441,2,1,1,6,"2, MAISON  ROUGE (ROUTE",49.38065,6.16949
201300029560,6,9,2013,17,1,57,757,1,2,1,3,"107, ROMAINS (RUE DES)",49.35103,6.18659
201300029561,18,9,2013,18,1,57,757,2,1,1,6,"10, SCHMITT (RUE MONSEIG",49.35967,6.19535
201300029562,18,9,2013,21,3,57,757,1,1,2,3,BOUZONVILLE (ROUTE DE),0.0,0.0
201300029563,23,9,2013,18,1,57,672,2,2,1,3,CROIX-HEPICH (ROUTE DE L,49.37327,6.10922
201300029564,26,9,2013,17,1,57,508,2,1,1,6,"8, LAVOIR (RUE DU)",49.33512,6.04741
201300029565,26,9,2013,21,3,57,672,1,1,1,2,"0.400, ARLON (ROUTE D')",0.0,0.0
201300029566,3,10,2013,13,1,57,368,2,1,1,3,"22, REPUBLIQUE (RUE DE L",49.33845,6.04409
201300029567,8,10,2013,17,1,57,757,2,1,1,3,"8, Nations (Avenue)",49.35582,6.18392
201300029568,14,10,2013,18,2,57,306,2,1,2,6,"60, PASTEUR (RUE)",49.33256,6.09455
201300029569,17,10,2013,7,2,57,672,1,1,2,6,OEUTRANGE (ROUTE D'),0.0,0.0
201300029570,17,10,2013,12,1,57,12,2,1,1,6,"32, CLEMENCEAU (RUE)",49.35292,6.04154
201300029571,18,10,2013,13,1,57,221,2,1,1,6,"165, GRAND'RUE",49.27743,6.16514
201300029572,23,10,2013,7,2,57,672,2,2,3,3,"90, GUENTRANGE (ROUTE DE",49.3617,6.14707
201300029573,31,10,2013,8,2,57,666,2,1,5,5,"1, VEYMERANGE (ROUTE DE)",49.35181,6.13215
201300029574,31,10,2013,22,5,57,757,2,1,9,6,"1, JARDINS (RUE DES)",49.36261,6.19256
201300029575,8,11,2013,17,5,57,221,2,1,3,6,"130, GRAND'RUE",49.27655,6.1237
201300029576,10,11,2013,8,1,57,221,2,2,2,3,"21, LORRAINE (AVENUE DE)",49.32323,6.11666
201300029577,10,11,2013,20,5,57,672,2,1,1,6,"1, OCEANIE (CHAUSSEE D')",49.3678,6.15664
201300029578,12,11,2013,17,5,57,672,2,1,1,3,"61, FOCH (BOULEVARD)",49.3593,6.16259
201300029579,13,11,2013,8,1,57,672,1,1,1,6,"5, TERRASSE (ALLEE DE LA",49.36673,6.14817
201300029580,15,11,2013,12,1,57,221,2,1,1,6,"31, ECOLES (RUE DES)",49.32162,6.13593
201300029581,19,11,2013,17,5,57,672,2,1,1,6,"1, SAINT-PIERRE (RUE)",49.35476,6.1601
201300029582,21,11,2013,17,5,57,508,2,1,2,6,"1, CHAPELLE (RUE DE LA)",49.34039,6.04942
201300029583,21,11,2013,20,5,57,672,2,1,1,6,"1, PYRAMIDES (RUE DES)",49.36488,6.16423
201300029584,25,11,2013,7,1,57,672,2,1,1,6,"6, CASTELNAU (RUE DE)",49.35423,6.16252
201300029585,26,11,2013,9,1,57,757,2,1,1,6,"103, Nations (Avenue)",49.36049,6.19394
201300029586,29,11,2013,17,5,57,672,2,1,2,6,"1, SAINT-PIERRE (RUE)",49.35476,6.1601
201300029587,29,11,2013,17,4,57,672,2,1,1,6,"18, PYRAMIDES (RUE DES)",49.36686,6.16057
201300029588,9,12,2013,16,1,57,672,2,1,1,6,"15, ASIE (CHAUSSEE D') -",49.36315,6.14775
201300029589,16,12,2013,17,2,57,647,2,1,2,3,"162, GAULLE (RUE CHARLES",49.32108,6.08649
201300029590,20,12,2013,17,5,57,647,2,1,1,6,"18, GAULLE (RUE CHARLES",49.31896,6.10172
201300029591,28,12,2013,17,5,57,672,2,1,2,6,"2, RAYMOND POINCARE (ALL",49.35609,6.16403
201300029592,6,10,2013,15,1,11,199,1,1,1,6,,0.0,0.0
201300029593,5,5,2013,13,1,57,365,1,2,1,3,,49.4016,6.4147
201300029594,25,5,2013,14,1,57,740,1,1,1,3,,0.0,0.0
201300029595,2,9,2013,12,1,57,371,1,9,1,3,,0.0,0.0
201300029596,22,9,2013,15,1,57,26,2,3,1,3,rue nationale,49.45431,6.37488
201300029597,19,10,2013,5,3,57,388,1,1,1,6,,0.0,0.0
201300029598,15,12,2013,1,3,57,576,1,1,1,6,,0.0,0.0
201300029599,13,5,2013,15,1,58,194,2,1,1,7,GENERAL DE GAULLE,0.0,0.0
201300029600,23,5,2013,8,1,58,194,2,1,1,7,CHAMEANE (PLACE),0.0,0.0
201300029601,22,8,2013,9,1,58,194,2,1,1,7,"sans, PIERRE DE COUBERTI",0.0,0.0
201300029602,15,10,2013,7,1,58,194,2,1,2,7,"sans, MARECHAL JUIN",0.0,0.0
201300029603,5,1,2013,13,1,58,194,2,1,2,6,"sans, COLBERT",0.0,0.0
201300029604,23,10,2013,19,5,58,194,2,1,1,7,"sans, AIGUILLON",0.0,0.0
201300029605,3,11,2013,16,1,58,194,2,1,1,7,"sans, PIQUE",0.0,0.0
201300029606,2,12,2013,14,1,58,194,2,1,1,7,"SANS, RENARDATS",0.0,0.0
201300029607,8,1,2013,9,1,58,194,2,1,1,6,"sans, DOCTEUR ROCHE",0.0,0.0
201300029608,17,12,2013,5,5,58,194,2,1,1,7,CROIX JOYEUSE (CARREFOUR,0.0,0.0
201300029609,17,12,2013,10,1,58,194,2,1,1,7,CROIX JOYEUSE (CARREFOUR,0.0,0.0
201300029610,11,1,2013,18,5,58,194,2,1,1,3,BERNARD PALISSY,0.0,0.0
201300029611,12,1,2013,8,1,58,194,2,1,1,6,"16, LOURDES",0.0,0.0
201300029612,15,1,2013,14,1,58,194,2,1,1,1,TREIZIEME DE LIGNE,0.0,0.0
201300029613,17,1,2013,17,5,58,194,2,1,1,6,"sans, LEON BLUM",0.0,0.0
201300029614,30,1,2013,8,1,58,194,2,1,2,1,COLBERT,0.0,0.0
201300029615,30,1,2013,16,1,58,194,2,1,2,7,NEUBRANDENBURG (ALLEE),0.0,0.0
201300029616,30,1,2013,19,5,58,194,2,1,2,6,"SANS, PIERRE DE COUBERTI",0.0,0.0
201300029617,1,2,2013,12,1,58,194,2,1,2,6,"19, COLBERT",0.0,0.0
201300029618,11,2,2013,16,1,58,194,2,1,1,7,"25 BIS, MARECHAL JUIN",0.0,0.0
201300029619,12,2,2013,16,1,58,194,2,2,1,6,"sans, MARZY",0.0,0.0
201300029620,15,2,2013,18,2,58,194,2,1,1,6,GRAND MOUESSE (FAUBOURG),0.0,0.0
201300029621,25,2,2013,9,1,58,194,2,1,4,1,"1 bis, PIQUE",0.0,0.0
201300029622,1,3,2013,10,1,58,194,2,1,1,6,"SANS, CURTEAS DE ARGES (",0.0,0.0
201300029623,4,3,2013,8,1,58,194,2,1,1,6,"9, SAINT EXUPERY (BOULEV",0.0,0.0
201300029624,4,3,2013,17,1,58,194,2,1,1,4,"sans, MARECHAL JUIN",0.0,0.0
201300029625,12,3,2013,17,1,58,194,2,2,2,3,"SANS, MARECHAL LECLERC",0.0,0.0
201300029626,15,3,2013,17,1,58,194,2,1,1,7,"16, LOURDES",0.0,0.0
201300029627,2,4,2013,7,1,58,194,2,1,1,6,"SANS, RESISTANCE (SQUARE",0.0,0.0
201300029628,2,4,2013,16,1,58,194,2,1,1,7,MARZY,0.0,0.0
201300029629,4,4,2013,23,5,58,194,2,1,2,7,"sans, PIERRE DE COUBERTI",0.0,0.0
201300029630,10,4,2013,9,1,58,194,2,1,1,1,MONTOTS,0.0,0.0
201300029631,23,4,2013,18,1,58,194,2,1,1,2,"sans, GRAND MOUESSE (FAU",0.0,0.0
201300029632,13,4,2013,15,1,58,194,2,1,1,7,"sans, TREIZIEME DE LIGNE",0.0,0.0
201300029633,26,4,2013,16,1,58,194,2,1,2,6,"sans, PALAIS (PLACE)",0.0,0.0
201300029634,30,4,2013,10,1,58,194,2,3,2,3,"SANS, COLBERT",0.0,0.0
201300029635,1,5,2013,16,1,58,194,2,2,1,3,"sans, VICTOR HUGO (BOULE",0.0,0.0
201300029636,15,5,2013,14,1,58,194,2,1,1,6,"3bis, CHAUSSADE",0.0,0.0
201300029637,15,5,2013,12,1,58,194,2,1,1,3,TROIS CORBIERS,0.0,0.0
201300029638,9,5,2013,15,1,58,194,2,1,1,3,COMMANDANT PAUL PIERRE C,0.0,0.0
201300029639,20,5,2013,17,1,58,194,2,1,3,1,"SANS, BARATTE (FAUBOURG)",0.0,0.0
201300029640,18,5,2013,6,1,58,194,2,1,1,6,"sans, CHAMP DE FOIRE (RU",0.0,0.0
201300029641,4,6,2013,18,1,58,194,2,3,1,3,"sans, GRAND MOUESSE (FAU",0.0,0.0
201300029642,21,6,2013,8,1,58,194,2,1,2,6,"8, LOURDES",0.0,0.0
201300029643,29,6,2013,12,1,58,194,2,1,2,7,AMIRAL JACQUINOT,0.0,0.0
201300029644,28,6,2013,20,1,58,194,2,1,2,7,"sans, COLONEL JEANPIERRE",0.0,0.0
201300029645,7,7,2013,0,5,58,194,2,1,1,2,"sans, MARECHAL JUIN",0.0,0.0
201300029646,14,7,2013,22,5,58,194,2,1,1,4,"119, GRAND MOUESSE (FAUB",0.0,0.0
201300029647,27,7,2013,17,1,58,194,2,6,1,6,"sans, HAMMAMET",0.0,0.0
201300029648,1,8,2013,15,1,58,194,2,1,1,3,PRE PLANTIN (BOULEVARD),0.0,0.0
201300029649,3,8,2013,19,1,58,194,2,1,1,7,BLAISE PASCAL,0.0,0.0