Num_Acc,jour,mois,an,hr,condition_eclairage,departement,commune,condition_agglomeration,intersection,condition_atmosphere,type_collision,adresse,lattitude,longitude
201300029650,29,7,2013,22,5,58,194,2,3,1,3,"18, SAINT BENIN",0.0,0.0
201300029651,8,8,2013,8,1,58,194,2,1,1,3,CHAMPS PACAUD,0.0,0.0
201300029652,24,7,2013,11,1,58,194,2,1,1,2,"sans, PRE PLANTIN (BOULE",0.0,0.0
201300029653,9,8,2013,18,1,58,194,2,1,1,3,"SANS, FRANCIS GARNIER",0.0,0.0
201300029654,9,8,2013,16,1,58,194,2,1,1,1,"sans, CHAMP DE FOIRE (RU",0.0,0.0
201300029655,11,8,2013,19,1,58,194,2,5,1,3,"sans, CHARMILLES (PLACE)",0.0,0.0
201300029656,6,9,2013,11,1,58,194,2,1,1,6,BERNARD PALISSY,0.0,0.0
201300029657,6,9,2013,15,1,58,194,2,1,1,2,"117, MONTAPINS",0.0,0.0
201300029658,10,9,2013,15,1,58,194,2,1,1,3,GENERAL DE GAULLE,0.0,0.0
201300029659,17,9,2013,19,2,58,194,2,1,1,7,REPUBLIQUE (BOULEVARD),0.0,0.0
201300029660,19,9,2013,19,1,58,194,2,3,1,3,"10 bis, NIEVRE",0.0,0.0
201300029661,20,9,2013,16,1,58,194,2,1,1,1,JULES VERNE,0.0,0.0
201300029662,21,9,2013,15,1,58,194,2,1,1,6,PIERRE EMILE GASPARD,0.0,0.0
201300029663,20,9,2013,17,1,58,194,2,1,1,3,MARECHAL JUIN,0.0,0.0
201300029664,27,9,2013,17,1,58,194,2,1,1,3,CHARMILLES (PLACE),0.0,0.0
201300029665,2,10,2013,17,1,58,194,2,2,1,6,"sans, CHAMPS FERRAND",0.0,0.0
201300029666,7,10,2013,14,1,58,194,2,1,1,3,"sans, REPUBLIQUE (BOULEV",0.0,0.0
201300029667,11,10,2013,23,5,58,194,2,1,1,6,"45/47, GRAND MOUESSE (FA",0.0,0.0
201300029668,14,10,2013,9,1,58,194,2,1,1,1,SAINT BENIN,0.0,0.0
201300029669,17,10,2013,7,2,58,194,2,1,2,6,"1, NIEVRE",0.0,0.0
201300029670,17,10,2013,15,1,58,194,2,1,1,6,CARNOT (PLACE),0.0,0.0
201300029671,16,10,2013,9,1,58,194,2,3,2,2,"sans, MARZY",0.0,0.0
201300029672,24,10,2013,10,1,58,194,2,3,1,1,"sans, CHAMP DE MANOEUVRE",0.0,0.0
201300029673,23,10,2013,15,1,58,194,2,2,1,4,"sans, MONTOTS",0.0,0.0
201300029674,22,10,2013,12,1,58,194,2,6,1,3,"sans, GEORGES BLANCHARD",0.0,0.0
201300029675,21,10,2013,16,1,58,194,2,1,1,3,JACQUES DUCLOS,0.0,0.0
201300029676,17,11,2013,1,5,58,194,2,1,1,6,"sans, POISSONNERIE",0.0,0.0
201300029677,13,11,2013,12,1,58,194,2,1,1,6,"sans, AMIRAL JACQUINOT",0.0,0.0
201300029678,19,11,2013,15,1,58,194,2,2,2,3,"SANS, ABBAYE",0.0,0.0
201300029679,23,11,2013,13,1,58,194,2,1,1,1,"sans, SAINT ELOI I (LEVE",0.0,0.0
201300029680,23,11,2013,19,5,58,194,2,1,1,5,"SANS, BARATTE (FAUBOURG)",0.0,0.0
201300029681,24,11,2013,12,1,58,194,2,1,1,3,"sans, CHAILLOUX",0.0,0.0
201300029682,2,12,2013,17,5,58,194,2,1,1,3,"SANS, TREIZIEME DE LIGNE",0.0,0.0
201300029683,5,12,2013,10,1,58,194,2,1,1,6,"33, GUSTAVE MATHIEU",0.0,0.0
201300029684,12,12,2013,13,1,58,194,2,9,1,3,"SANS, JEROME TRESAGUET",0.0,0.0
201300029685,13,12,2013,19,5,58,194,2,1,1,7,"SANS, RESISTANCE (PLACE)",0.0,0.0
201300029686,15,12,2013,16,1,58,194,2,1,1,2,"sans, PIERRE DE COUBERTI",0.0,0.0
201300029687,13,12,2013,17,5,58,194,2,1,1,3,"SANS, CROIX JOYEUSE (CAR",0.0,0.0
201300029688,16,12,2013,10,1,58,194,2,1,1,7,"101, BARATTE (FAUBOURG)",0.0,0.0
201300029689,16,12,2013,16,1,58,194,2,3,1,3,"sans, HENRI BOUQUILLARD",0.0,0.0
201300029690,17,12,2013,17,2,58,194,2,1,1,3,"sans, SAINT EXUPERY (BOU",0.0,0.0
201300029691,19,12,2013,13,1,58,194,2,1,1,7,"SANS, CHEMIN DE FER",0.0,0.0
201300029692,30,12,2013,14,1,58,194,2,6,1,2,"SANS, GRAND PRE DES BORD",0.0,0.0
201300029693,30,12,2013,21,5,58,194,2,1,1,1,"10, BARATTE (FAUBOURG)",0.0,0.0
201300029694,5,12,2013,15,1,95,52,2,1,7,6,R BARBES,49.1429,2.2881
201300029695,12,10,2013,18,1,95,487,2,6,1,6,R JEAN CATELAS,49.1534,2.2721
201300029696,5,12,2013,16,2,95,52,2,1,1,3,R DE L'ISLE ADAM,49.1387,2.2767
201300029697,10,9,2013,9,1,95,313,2,1,1,6,R SAINT LAZARE,49.1121,2.2172
201300029698,18,9,2013,8,1,95,504,1,1,8,7,RN 184,49.1032,2.2677
201300029699,10,1,2013,17,2,59,17,2,2,1,3,BLUM  (AVENUE LEON),0.0,0.0
201300029700,11,1,2013,16,1,59,17,2,2,2,5,FAIDHERBE (BD ),0.0,0.0
201300029701,16,1,2013,14,1,59,17,2,1,4,3,"2, DEPORTES (RUE DES)",0.0,0.0
201300029702,29,1,2013,19,4,59,17,2,7,2,6,FUSILLES (RUE DES ),0.0,0.0
201300029703,31,1,2013,11,1,59,17,2,6,2,7,"1, DE MUN  (RUE ALBERT )",0.0,0.0
201300029704,4,2,2013,15,1,59,317,1,2,1,3,Rte Départementale,50.69195,2.92221
201300029705,6,2,2013,5,5,59,17,2,1,3,6,DE MUN  (RUE ALBERT ),0.0,0.0
201300029706,1,3,2013,10,1,59,17,2,6,1,3,ANCIENS COMBATTANTS D IN,0.0,0.0
201300029707,23,3,2013,19,5,59,143,2,6,1,6,"2, SCHWEITZER (RUE DU DO",0.0,0.0
201300029708,26,3,2013,12,1,59,17,2,3,1,3,"31, DECEUNINCK  (RUE ERN",0.0,0.0
201300029709,1,4,2013,17,1,59,17,2,1,1,6,"132, DEPORTES (RUE DES)",0.0,0.0
201300029710,4,4,2013,20,2,59,431,1,3,1,3,BAILLY ZONE COMMERCIALE,0.0,0.0
201300029711,28,3,2013,12,1,59,17,2,6,9,3,"1, COLI (RUE)",0.0,0.0
201300029712,15,4,2013,17,1,59,317,1,9,1,4,ROUTE DEPARTEMENTALE 945,0.0,0.0
201300029713,16,4,2013,15,1,59,17,2,2,1,3,"781, BLUM  (AVENUE LEON)",0.0,0.0
201300029714,20,4,2013,19,1,59,17,2,1,1,6,CHAUFFOURS (RUE DES),0.0,0.0
201300029715,5,5,2013,18,1,59,317,2,1,1,7,"62, HUGO  (RUE VICTOR)",0.0,0.0
201300029716,10,5,2013,10,1,59,431,2,3,1,3,"1532, ARMENTIERES  (RUE",0.0,0.0
201300029717,7,5,2013,17,1,59,431,2,3,1,3,"1122, CIMETIERE (AVENUE",0.0,0.0
201300029718,22,5,2013,17,1,59,317,1,1,1,2,route nationale,50.68531,2.91872
201300029719,2,6,2013,19,1,59,431,1,9,1,3,BAILLEUL (RUE DE),0.0,0.0
201300029720,9,6,2013,19,1,59,431,1,1,1,3,"1, HOUCKE (AVENUE JULES)",0.0,0.0
201300029721,11,6,2013,13,1,59,17,2,2,1,7,"146, LAGRANGE (AVENUE LE",0.0,0.0
201300029722,20,8,2013,16,1,59,17,2,2,1,2,"86, FUSILLES (RUE DES )",0.0,0.0
201300029723,19,6,2013,6,1,59,17,2,1,1,6,SALENGRO (AVENUE ROGER ),0.0,0.0
201300029724,25,6,2013,7,1,59,143,2,6,2,7,Paul HARRIS Avenue,0.0,0.0
201300029725,1,7,2013,19,1,59,431,2,2,1,1,"320, GAND (RUE )",0.0,0.0
201300029726,9,7,2013,6,2,59,317,2,1,1,6,VOLTAIRE  (RUE),0.0,0.0
201300029727,12,7,2013,10,1,59,17,2,1,1,6,BRIAND (RUE ARISTIDE ),0.0,0.0
201300029728,9,7,2013,19,1,59,17,2,6,1,6,GUESDE  (PLACE JULES),0.0,0.0
201300029729,16,7,2013,16,1,59,431,2,6,1,2,HOUCKE (AVENUE JULES),0.0,0.0
201300029730,19,7,2013,19,1,59,17,2,6,7,3,GUESDE  (PLACE JULES),0.0,0.0
201300029731,22,7,2013,11,1,59,143,2,1,1,3,"165, MARLE (RUE DE LA )",0.0,0.0
201300029732,27,7,2013,12,1,59,317,2,2,1,3,ROUTE DEPARTEMENTALE 945,0.0,0.0
201300029733,22,7,2013,21,1,59,17,2,5,1,3,NORD (RUE DU ),0.0,0.0
201300029734,30,7,2013,14,1,59,17,2,2,1,3,NORD (RUE DU ),0.0,0.0
201300029735,10,8,2013,5,3,59,143,2,1,1,7,"1220, KENNEDY (RUE DU PR",0.0,0.0
201300029736,14,8,2013,15,1,59,17,2,3,1,3,MURETS (IMPASSE),0.0,0.0
201300029737,14,8,2013,16,1,59,17,2,2,1,3,EUROPE  (AVENUE DE L'),0.0,0.0
201300029738,19,8,2013,19,1,59,143,2,2,1,3,NATIONALE  ( ROUTE),0.0,0.0
201300029739,21,8,2013,10,1,59,17,2,1,1,6,"1, GENERAL DE GAULLE (PL",0.0,0.0
201300029740,23,8,2013,9,1,59,17,2,1,1,6,"46, LEBLANC (RUE NICOLAS",0.0,0.0
201300029741,23,8,2013,20,1,59,431,2,1,1,2,"742, ARMENTIERES  (RUE D",0.0,0.0
201300029742,5,9,2013,19,2,59,143,2,1,1,6,"125, MARLE (RUE)",0.0,0.0
201300029743,7,9,2013,16,1,59,17,2,1,1,4,"630, BLUM  (AVENUE LEON)",0.0,0.0
201300029744,19,9,2013,16,1,59,431,2,1,9,6,COLLEGE (RUE DU),0.0,0.0
201300029745,20,9,2013,12,1,59,317,2,2,1,3,LIBERTE  (RUE DE LA ),0.0,0.0
201300029746,24,9,2013,14,1,59,17,2,3,1,6,DUNKERQUE (RUE DE),0.0,0.0
201300029747,25,9,2013,16,1,59,143,2,1,1,6,"311, NATIONALE  ( ROUTE)",0.0,0.0
201300029748,29,9,2013,23,5,59,17,2,3,1,3,LEBLEU (RUE JULES ),0.0,0.0
201300029749,2,10,2013,17,1,59,143,2,1,1,3,"165, NATIONALE  ( ROUTE)",0.0,0.0
201300029750,5,10,2013,16,1,59,431,2,1,1,3,"1730, ARMENTIERES  (RUE",0.0,0.0
201300029751,10,10,2013,8,1,59,317,2,2,2,3,CARNOT  (RUE),0.0,0.0
201300029752,28,10,2013,14,1,59,431,2,1,3,2,"1025, ARMENTIERES  (RUE",0.0,0.0
201300029753,12,11,2013,15,1,59,17,2,1,1,6,"6, GENERAL DE GAULLE (PL",0.0,0.0
201300029754,19,11,2013,19,5,59,143,2,1,1,6,"229, NATIONALE  ( ROUTE)",0.0,0.0
201300029755,26,11,2013,17,5,59,17,2,2,2,3,"SANS OBJE0, BLUM  (AVENU",0.0,0.0
201300029756,3,12,2013,17,5,59,17,2,2,5,6,FUSILLES (RUE DES ),0.0,0.0
201300029757,6,12,2013,13,1,59,143,2,1,1,2,"1700 c, NATIONALE (ROUTE",0.0,0.0
201300029758,9,12,2013,8,2,59,143,1,1,1,2,"903, NATIONALE (ROUTE)IW",0.0,0.0
201300029759,5,12,2013,18,5,59,17,2,1,1,3,"9, DE MUN  (RUE ALBERT )",0.0,0.0
201300029760,17,12,2013,19,5,59,17,2,1,1,6,"9, LATTRE DE TASSIGNY (R",0.0,0.0
201300029761,17,12,2013,17,5,59,17,2,9,1,6,CARNOT (RUE SADI ),0.0,0.0
201300029762,21,12,2013,19,5,59,17,2,1,1,6,"71, JAURES (RUE JEAN )",0.0,0.0
201300029763,8,7,2013,8,1,59,33,2,2,7,3,ALBERT 1ER (RUE),0.0,0.0
201300029764,26,7,2013,20,1,59,344,2,1,1,6,"166, EMILE BRASSELET (RU",0.0,0.0
201300029765,29,3,2013,21,3,59,43,1,1,1,6,LEET (RUE DU),0.0,0.0
201300029766,17,1,2013,8,1,59,43,2,4,9,6,"21, EMILE HIE (Rue)",0.0,0.0
201300029767,5,2,2013,11,1,59,43,2,1,1,2,"202, LILLE (RUE DE) S1",0.0,0.0
201300029768,4,5,2013,22,4,59,43,2,2,1,3,PHARAON DE WINTER (RUE),0.0,0.0
201300029769,20,7,2013,11,1,59,43,2,1,1,6,"196, LILLE (RUE DE) S1",0.0,0.0
201300029770,30,7,2013,20,1,59,43,2,1,2,6,"711, METEREN (ROUTE DE)",0.0,0.0
201300029771,17,8,2013,21,2,59,43,2,3,1,3,"0, STEENT JE (ROUTE DU)",0.0,0.0
201300029772,26,9,2013,17,1,59,43,1,3,1,3,"5766, LILLE (ROUTE DE)",0.0,0.0
201300029773,13,10,2013,20,5,59,43,1,1,3,2,"2895, LILLE (ROUTE DE)",0.0,0.0
201300029774,14,11,2013,8,1,59,43,1,1,2,5,"rd23, OUTTERSTEENE S2",0.0,0.0
201300029775,19,11,2013,15,1,59,43,2,1,1,6,"4, PAUL PERRIER (RUE)",0.0,0.0
201300029776,26,11,2013,16,1,59,43,2,4,2,3,SOEURS NOIRES (RUE DES),0.0,0.0
201300029777,26,11,2013,19,3,59,43,1,1,2,6,LEET (RUE DU),0.0,0.0
201300029778,4,12,2013,18,5,59,43,2,1,1,2,"112, MUSEE (RUE DU)",0.0,0.0
201300029779,2,2,2013,19,5,59,122,2,1,1,6,"470, MILCENT (RUE BERTRA",0.0,0.0
201300029780,22,2,2013,19,5,59,244,2,1,1,2,BAPAUME (ROUTE DE),0.0,0.0
201300029781,5,3,2013,13,1,59,122,2,1,7,6,"1, VICTOIRE (AVENUE DE L",0.0,0.0
201300029782,13,4,2013,3,3,59,244,1,1,1,6,ROUTE NATIONALE,50.17116,3.17696
201300029783,19,4,2013,2,5,59,122,2,9,1,3,PARIS (AVENUE DE),0.0,0.0
201300029784,9,7,2013,10,1,59,122,2,1,7,6,"25, CATEAU (AVENUE DU)",0.0,0.0
201300029785,10,7,2013,6,1,59,244,1,1,1,3,BAPAUME (ROUTE DE),0.0,0.0
201300029786,23,7,2013,20,1,59,122,2,1,1,7,"1, LEVEQUE (RUE)",0.0,0.0
201300029787,10,8,2013,15,1,59,122,2,1,1,7,"0, BORNE A L'AIGLE (CHEM",0.0,0.0
201300029788,10,8,2013,20,1,59,122,2,1,1,6,"845, RUMILLY (RUE DE)",0.0,0.0
201300029789,29,8,2013,16,1,59,122,2,1,1,6,"1, FOCH (AVENUE DU MAREC",0.0,0.0
201300029790,13,9,2013,18,1,59,122,2,3,2,5,"263, SAINT LADRE (RUE)",0.0,0.0
201300029791,8,9,2013,10,1,59,122,2,2,1,6,LIBERTE (BOULEVARD DE LA,0.0,0.0
201300029792,17,9,2013,8,1,59,206,1,1,8,1,CAUROIR (CHEMIN DE),0.0,0.0
201300029793,4,10,2013,7,5,59,122,2,1,2,6,LIBERTE (BOULEVARD DE LA,0.0,0.0
201300029794,11,10,2013,9,1,59,122,2,1,1,6,"1, PARIS (AVENUE DE)",0.0,0.0
201300029795,19,10,2013,13,1,59,122,2,1,1,6,"1, VANDERBURCH (GRANDE R",0.0,0.0
201300029796,25,10,2013,9,1,59,122,2,1,8,6,"42, LIBERTE (BOULEVARD D",0.0,0.0
201300029797,14,12,2013,0,5,59,122,2,1,3,6,"64 bis, CREVECOEUR (RUE",0.0,0.0
201300029798,2,1,2013,20,5,59,153,2,2,8,3,"0, BLIGNIERES (RUE DE )",0.0,0.0
201300029799,26,1,2013,22,3,59,153,1,1,4,5,Rte de Bonsecours,50.47688,3.59949
201300029800,22,11,2013,12,1,59,616,2,1,1,7,"0, CAMELINAT (RUE )",0.0,0.0
201300029801,22,2,2013,9,1,59,153,2,4,1,3,DELBAUVE (RUE ALPHONSE),0.0,0.0
201300029802,9,3,2013,13,1,59,253,2,3,1,3,"0, BANCEL (RUE ETIENNE )",0.0,0.0
201300029803,1,5,2013,18,1,59,616,2,3,1,3,"299, CAMELINAT (RUE )",0.0,0.0
201300029804,1,5,2013,4,5,59,153,2,2,1,2,GOSSET (RUE CONSTANT ),0.0,0.0
201300029805,2,5,2013,16,1,59,153,1,1,1,3,"0, C.D. 935 (NOUVEAU )",0.0,0.0
201300029806,21,5,2013,18,1,59,153,2,2,2,3,GOSSET (RUE CONSTANT ),0.0,0.0
201300029807,8,7,2013,13,1,59,153,2,6,1,3,CYTISES  (RUE DES ),0.0,0.0
201300029808,16,7,2013,21,2,59,153,2,2,1,3,"317, BONSECOURS (ROUTE D",0.0,0.0
201300029809,29,7,2013,14,1,59,616,2,1,1,3,"519, HUGO (RUE VICTOR )",0.0,0.0
201300029810,26,7,2013,13,1,59,153,2,1,1,6,TOURNAI  (RUE DE ),0.0,0.0
201300029811,20,8,2013,16,1,59,153,2,9,1,2,"162, GRAS BOEUF (RUE DU",0.0,0.0
201300029812,1,11,2013,19,5,59,153,2,1,2,2,"5, GAMBETTA (RUE )",0.0,0.0
201300029813,2,12,2013,17,5,59,616,2,1,8,1,"210, BETH (RUE RENE )",0.0,0.0
201300029814,5,1,2013,23,5,59,179,2,1,2,1,"54, PASTEUR (R.)",0.0,0.0
201300029815,15,2,2013,19,3,59,172,1,1,1,7,1357 Route d'Oisy,50.33773,3.41122
201300029816,21,2,2013,11,1,59,172,2,1,1,1,946 Rue Arthur Brunet,50.32129,3.37407
201300029817,5,2,2013,7,2,59,205,2,1,1,7,"., DESMOULIN (R. CAMILLE",0.0,0.0
201300029818,10,3,2013,5,4,59,179,2,9,1,6,"., DENAIN (R.)",0.0,0.0
201300029819,5,4,2013,18,1,59,429,2,1,1,7,LAMENDIN (R. ARTHUR),0.0,0.0
201300029820,20,4,2013,14,1,59,179,1,1,1,5,D 630,0.0,0.0
201300029821,6,5,2013,21,1,59,172,2,3,1,3,THIERY (IMP.),0.0,0.0
201300029822,2,5,2013,8,1,59,288,1,1,1,2,RD 630,0.0,0.0
201300029823,17,5,2013,17,1,59,172,2,1,1,6,"550, BRUNET (R. ARTHUR)",0.0,0.0
201300029824,31,5,2013,18,1,59,172,2,3,1,6,NEVE (R. PIERRE),0.0,0.0
201300029825,28,5,2013,15,1,59,172,2,2,1,6,DESANDROUINS (R.),0.0,0.0
201300029826,10,6,2013,8,1,59,179,2,1,1,6,"., REPUBLIQUE (AV DE LA)",0.0,0.0
201300029827,10,6,2013,11,1,59,589,2,9,1,6,"38, COUTURIER (R. VAILLA",0.0,0.0
201300029828,3,6,2013,18,1,59,632,2,2,1,3,"0, DANNA (R. MARCEL)",0.0,0.0
201300029829,19,6,2013,17,1,59,179,2,1,1,1,HASPRES (R. D'),0.0,0.0
201300029830,24,6,2013,18,1,59,632,2,1,1,2,BLANQUI (R.),0.0,0.0
201300029831,2,7,2013,21,1,59,172,2,1,1,7,PETIT (R. LOUIS),0.0,0.0
201300029832,14,7,2013,6,1,59,205,2,1,1,6,"25, GAMBETTA (PLACE)",0.0,0.0
201300029833,20,7,2013,2,5,59,632,2,1,1,6,"91, MATTEOTI",0.0,0.0
201300029834,22,7,2013,12,1,59,172,2,2,1,3,DESANDROUINS (R.),0.0,0.0
201300029835,19,7,2013,19,1,59,2,2,1,1,6,"2, DEGALLAIX (R. DU SERG",0.0,0.0
201300029836,22,7,2013,9,1,59,361,2,1,1,2,"473, JAURES (RES. JEAN)",0.0,0.0
201300029837,2,8,2013,19,1,59,172,2,1,1,6,"., APPOLINAIRE (R. GUILL",0.0,0.0
201300029838,4,8,2013,10,1,59,205,1,1,1,6,GUESDE (R. JULES),0.0,0.0
201300029839,29,8,2013,18,1,59,172,2,1,1,6,"0, MAI 1945 (BD DU 8)",0.0,0.0
201300029840,2,9,2013,21,3,59,361,2,1,1,6,JAURES (RES. JEAN),0.0,0.0
201300029841,9,9,2013,0,5,59,651,2,1,1,6,"., ISBERGUES (R. CHARLES",0.0,0.0
201300029842,23,9,2013,16,1,59,429,1,1,1,6,NATIONALE(R.30),0.0,0.0
201300029843,29,8,2013,13,1,59,172,1,1,1,2,CD 40,0.0,0.0
201300029844,6,9,2013,9,1,59,589,2,1,1,2,CD 40,0.0,0.0
201300029845,27,9,2013,10,1,59,172,2,1,1,3,GAULLE (BD CHARLES DE),0.0,0.0
201300029846,7,10,2013,21,5,59,172,1,1,1,6,"45, HELESMES (ANCIEN CH.",0.0,0.0
201300029847,13,10,2013,12,1,59,179,1,9,3,5,D 630,0.0,0.0
201300029848,11,10,2013,7,2,59,2,2,1,2,6,DOUAI (R. DE),0.0,0.0
201300029849,17,10,2013,7,3,59,589,1,1,1,6,CD 40,0.0,0.0
201300029850,19,10,2013,9,1,59,179,1,2,1,3,"., D 630",0.0,0.0
201300029851,20,11,2013,13,1,59,361,2,1,1,6,"., JAURES (RES. JEAN)",0.0,0.0
201300029852,30,11,2013,0,5,59,632,2,2,1,3,DELORY (R. GUSTAVE),0.0,0.0
201300029853,1,12,2013,16,1,59,205,2,1,1,6,BERT (R. PAUL),0.0,0.0
201300029854,7,12,2013,22,5,59,297,2,1,1,6,"64, SALENGRO (R. ROGER)",0.0,0.0
201300029855,7,12,2013,21,5,59,172,2,1,1,6,WILSON (PL. PRESIDENT),0.0,0.0
201300029856,7,1,2013,12,1,59,8,2,1,1,6,KOPIERRE (RUE),0.0,0.0
201300029857,5,1,2013,18,3,59,375,1,1,2,3,CD 957,50.41849,3.26753
201300029858,10,1,2013,17,2,59,113,2,3,8,3,PASTEUR  LOUIS(RUE),0.0,0.0
201300029859,30,12,2013,15,1,59,456,2,3,2,3,COLLIEZ GUSTAVE(RUE),0.0,0.0
201300029860,29,1,2013,9,1,59,8,2,3,2,3,"116, PAUL VAILLANT COUTU",0.0,0.0
201300029861,1,2,2013,2,5,59,390,2,1,8,6,8 MAI 45 (AVENUE),0.0,0.0
201300029862,9,2,2013,8,1,59,24,1,1,5,3,"1, CHAUFOUR (RUE DU)",0.0,0.0
201300029863,2,3,2013,17,1,59,345,2,1,1,1,"543, PASTEUR (RUE)",0.0,0.0
201300029864,30,3,2013,17,1,59,24,2,1,1,6,"120, MOULIN BLANC (RUE D",0.0,0.0
201300029865,25,4,2013,23,5,59,345,2,1,1,6,Rue d'Erchin,50.32963,3.17211
201300029866,17,7,2013,6,1,59,24,2,1,1,7,"242, DOUAI (RUE DE)",0.0,0.0
201300029867,10,7,2013,18,1,59,8,2,1,1,6,"15, PATOUX (RUE)",0.0,0.0
201300029868,27,7,2013,1,5,59,185,2,1,1,6,"118, D645",0.0,0.0
201300029869,9,1,2013,11,1,59,178,2,1,2,6,HAYEZ (BOULEVARD PAUL),0.0,0.0
201300029870,14,8,2013,18,1,59,8,2,1,1,6,"138, NOVY BOR (RUE)",0.0,0.0
201300029871,9,8,2013,16,1,59,345,2,1,1,6,VESIGNONS (PLACE DES),0.0,0.0
201300029872,17,8,2013,12,1,59,8,2,1,1,3,"2, DELESTRAINT (RUE DU G",0.0,0.0
201300029873,27,4,2013,13,1,59,375,1,1,1,6,SOMAIN CD957(ROUTE DE),0.0,0.0
201300029874,17,11,2013,2,5,59,185,2,1,5,1,"0, HALLOTS (RUE DES)",0.0,0.0
201300029875,16,5,2013,7,1,59,574,2,1,8,6,"79, SIMON EDMOND(RUE)",0.0,0.0
201300029876,15,12,2013,2,5,59,8,2,1,8,6,"212, JAURES (RUE JEAN)",0.0,0.0
201300029877,12,12,2013,13,1,59,8,2,1,1,6,PATOUX (RUE),0.0,0.0
201300029878,23,7,2013,8,1,59,637,1,4,7,1,HORNAING(ROUTE D'),0.0,0.0
201300029879,19,8,2013,10,1,59,574,1,3,1,3,BOUCHAIN (ROUTE),50.33401,3.28089
201300029880,15,2,2013,7,2,59,509,2,3,8,6,"1, DELORY (RUE GUSTAVE)",0.0,0.0
201300029881,6,9,2013,11,1,59,227,2,1,1,6,"316, JOLIOT CURIE IRENE(",0.0,0.0
201300029882,27,2,2013,7,1,59,178,2,6,2,3,FLERS (RUE DE),0.0,0.0
201300029883,10,11,2013,10,1,59,203,2,1,1,1,POUILLE LUCIEN (RUE),0.0,0.0
201300029884,16,4,2013,18,1,59,178,2,2,1,6,"172, BELLAIN (RUE DE)",0.0,0.0
201300029885,18,12,2013,14,1,59,227,2,1,1,6,"26, JAURES JEAN (RUE)",0.0,0.0
201300029886,21,4,2013,12,1,59,509,2,1,1,6,11 Rue d'Athis,50.4061,3.10204
201300029887,18,3,2013,8,1,59,654,2,1,2,1,BARROU (RUE DU),0.0,0.0
201300029888,8,5,2013,22,5,59,234,2,1,1,6,"71, RD643 (LE VILLERS)",0.0,0.0
201300029889,10,5,2013,18,1,59,569,2,1,1,6,329 Rue Jules Guesde,50.36203,3.10769
201300029890,8,4,2013,15,1,59,489,2,1,1,3,"337, VAILLANT (RUE EDOUA",0.0,0.0
201300029891,22,4,2013,19,1,59,569,2,3,1,2,DOUAI (RUE DE),0.0,0.0
201300029892,21,4,2013,17,1,59,329,1,1,7,2,R.D 621,0.0,0.0
201300029893,1,6,2013,15,1,59,170,2,1,1,2,"186, FERIN (RUE DE)",0.0,0.0
201300029894,2,5,2013,19,1,59,509,2,1,1,3,"837, FERRER (RUE FRANCIS",0.0,0.0
201300029895,5,6,2013,15,1,59,170,1,3,7,3,TOBIN (RUE JAMES),0.0,0.0
201300029896,19,6,2013,13,1,59,28,2,1,3,2,"65, MIRABEAU (RUE)",0.0,0.0
201300029897,23,5,2013,11,1,59,165,2,1,3,6,"60, LANOY (RUE SUZANNE)",0.0,0.0
201300029898,30,7,2013,9,1,59,28,2,8,1,6,DANTON (RUE),0.0,0.0
201300029899,25,6,2013,17,1,59,234,2,1,1,6,"29, MARTIN (RUE MARCEAU)",0.0,0.0
201300029900,13,8,2013,17,1,59,178,2,6,1,3,PASTEUR (BOULEVARD),0.0,0.0
201300029901,9,9,2013,19,1,59,170,2,1,2,1,"000, SAINT VENANT (RUE)",0.0,0.0
201300029902,19,9,2013,19,1,59,178,2,3,1,3,RIBOT (RUE ALEXANDRE),0.0,0.0
201300029903,27,9,2013,15,1,59,239,1,1,1,3,"48, 11 NOVEMBRE (RUE DU)",0.0,0.0
201300029904,17,10,2013,17,1,59,178,2,1,2,6,"201, JEANNE D'ARC (BOULE",0.0,0.0
201300029905,21,10,2013,16,1,59,569,1,1,1,5,R.D 500,0.0,0.0
201300029906,9,10,2013,17,1,59,234,2,1,1,3,"26, MARTIN (RUE MARCEAU)",0.0,0.0
201300029907,6,10,2013,19,2,59,486,2,1,1,6,"395, TISON (RUE JOSEPH)",0.0,0.0
201300029908,23,11,2013,23,5,59,569,2,2,1,3,LECLERC (AVENUE DU MAREC,0.0,0.0
201300029909,3,12,2013,17,3,59,239,1,3,1,3,CD 35,0.0,0.0
201300029910,29,10,2013,19,5,59,569,2,3,1,3,LECLERC (AVENUE DU MAREC,0.0,0.0
201300029911,19,11,2013,18,4,59,178,2,1,1,6,CORDONNIER (AVENUE DENIS,0.0,0.0
201300029912,23,11,2013,20,5,59,489,2,6,1,6,"452, PASTEUR (RUE)",0.0,0.0
201300029913,2,12,2013,16,1,59,239,2,1,1,6,"82 A, BROSSOLETTE (RUE P",0.0,0.0
201300029914,26,12,2013,19,3,59,569,1,1,1,6,R.D 500,0.0,0.0
201300029915,2,1,2013,14,1,59,183,2,1,1,6,JACOBSOONE,0.0,0.0
201300029916,10,1,2013,17,1,59,155,2,1,1,6,GOUNOD,0.0,0.0
201300029917,14,1,2013,0,4,59,183,2,2,1,3,"., CASSEL",0.0,0.0
201300029918,28,12,2013,10,1,59,155,2,1,1,6,"., VAUBAN - BOULEVARD",0.0,0.0
201300029919,15,1,2013,9,1,59,183,2,1,1,6,PETITE-SYNTHE CD 940 - A,0.0,0.0
201300029920,23,1,2013,19,3,59,271,2,1,1,6,BIZET,0.0,0.0
201300029921,25,1,2013,18,3,59,183,1,1,1,2,REPUBLIQUE - F MITTERAND,0.0,0.0
201300029922,29,1,2013,17,2,59,183,2,1,8,6,"., CITE - AVENUE",0.0,0.0
201300029923,30,1,2013,15,1,59,183,2,1,1,6,CITADELLE - QUAI,0.0,0.0
201300029924,28,1,2013,11,1,59,131,2,1,7,6,ARTS,0.0,0.0
201300029925,1,2,2013,7,2,59,588,2,1,2,6,CHAPEAU ROUGE - ROUTE,0.0,0.0