Num_Acc,jour,mois,an,hr,condition_eclairage,departement,commune,condition_agglomeration,intersection,condition_atmosphere,type_collision,adresse,lattitude,longitude
201300029926,12,2,2013,22,5,59,540,2,1,1,6,REPUBLIQUE,0.0,0.0
201300029927,8,2,2013,8,1,59,183,2,1,1,6,MALO GASPARD - AVENUE,0.0,0.0
201300029928,19,2,2013,19,5,59,271,2,1,1,6,"., RUE CAREME",0.0,0.0
201300029929,23,2,2013,11,1,59,271,2,3,1,3,"., DUBEDOUT HUBERT - AVE",0.0,0.0
201300029930,11,3,2013,17,5,59,183,2,1,4,6,CARTOUCHERIE,0.0,0.0
201300029931,14,3,2013,10,1,59,271,2,1,1,6,"36, CLEMENCEAU",0.0,0.0
201300029932,17,3,2013,19,3,59,155,2,1,3,6,"., CAPUCINES",0.0,0.0
201300029933,16,3,2013,4,5,59,183,2,1,1,6,"., DARSES - CHAUSSEE",0.0,0.0
201300029934,21,3,2013,13,1,59,271,2,1,1,6,BABEUF,0.0,0.0
201300029935,22,3,2013,23,5,59,131,2,1,2,6,PLANETARIUM,0.0,0.0
201300029936,24,3,2013,23,5,59,271,2,1,1,6,RN 225,0.0,0.0
201300029937,7,4,2013,3,5,59,183,2,1,1,2,"., RN1",0.0,0.0
201300029938,13,4,2013,10,1,59,271,2,1,1,6,ALLENDE SALVADOR,0.0,0.0
201300029939,25,4,2013,23,5,59,183,2,2,1,3,"., EUROPE - PLACE",0.0,0.0
201300029940,5,5,2013,14,1,59,271,2,1,1,6,"., RD 601",0.0,0.0
201300029941,6,5,2013,9,1,59,183,2,2,1,3,"., SAINT OMER - QUAI",0.0,0.0
201300029942,19,5,2013,19,1,59,155,2,1,1,1,route de Bourbourg,51.01694,2.37001
201300029943,28,5,2013,21,1,59,183,2,3,1,3,PARIS,0.0,0.0
201300029944,31,5,2013,18,1,59,183,2,1,1,7,"51, SAINTE BARBE - BOULE",0.0,0.0
201300029945,4,6,2013,17,1,59,183,2,3,1,3,HUGO VICTOR - BOULEVARD,0.0,0.0
201300029946,6,6,2013,15,1,59,540,2,1,1,6,REPUBLIQUE,0.0,0.0
201300029947,8,6,2013,20,1,59,588,1,9,1,7,"., 32EME DI",0.0,0.0
201300029948,13,6,2013,14,1,59,540,2,3,1,6,HUGO VICTOR,0.0,0.0
201300029949,14,6,2013,14,1,59,155,2,1,1,6,GUESDE JULES,0.0,0.0
201300029950,17,6,2013,18,1,59,155,2,3,1,6,PERI GABRIEL,0.0,0.0
201300029951,28,6,2013,20,2,59,155,2,3,2,6,DECOOL ALEXANDRE,0.0,0.0
201300029952,1,7,2013,15,1,59,183,2,1,1,6,CONTRE TORPILLEUR TRIOMP,51.0434,2.38044
201300029953,2,7,2013,15,1,59,131,2,1,1,6,CRAYHOF,0.0,0.0
201300029954,5,7,2013,21,1,59,271,2,1,1,6,FLANDRES - BOULEVARD,0.0,0.0
201300029955,5,7,2013,9,1,59,155,2,1,1,6,FURNES - ROUTE,0.0,0.0
201300029956,9,7,2013,21,1,59,271,2,9,1,6,"., RD 601",0.0,0.0
201300029957,12,7,2013,10,1,59,183,2,2,1,3,"., PETITE-SYNTHE CD 940",0.0,0.0
201300029958,19,7,2013,5,2,59,183,2,1,1,6,DARSES - CHAUSSEE,0.0,0.0
201300029959,21,7,2013,4,3,59,271,1,1,1,6,"., RD 601",0.0,0.0
201300029960,23,7,2013,13,1,59,183,2,1,1,6,"20, VERLEY PAUL - BOULEV",0.0,0.0
201300029961,24,7,2013,23,5,59,183,2,1,1,6,VILLETTE - AVENUE,0.0,0.0
201300029962,30,7,2013,18,1,59,183,2,1,1,2,KRUYSBELLAERT,0.0,0.0
201300029963,1,8,2013,7,1,59,273,2,1,1,1,D 601,50.99,2.1543
201300029964,11,8,2013,17,1,59,155,2,1,1,6,DEVELOPPEMENT (RUE),0.0,0.0
201300029965,28,8,2013,8,1,59,183,2,3,1,3,"., SAINTE BARBE - BOULEV",0.0,0.0
201300029966,2,9,2013,13,1,59,540,2,1,1,6,"., AURORE - BOULEVARD",0.0,0.0
201300029967,8,9,2013,17,1,59,183,2,1,1,6,";, MARDYCK - QUAI",0.0,0.0
201300029968,13,9,2013,7,2,59,271,2,1,3,6,"44, SUWALKI - AVENUE",0.0,0.0
201300029969,14,9,2013,3,5,59,183,2,1,2,6,"., ROSENDAEL - AVENUE",0.0,0.0
201300029970,20,9,2013,20,2,59,183,2,2,1,3,VAUBAN,0.0,0.0
201300029971,16,9,2013,17,1,59,183,2,1,1,1,"584, ROSENDAEL - AVENUE",0.0,0.0
201300029972,18,9,2013,17,1,59,155,2,1,1,6,"14, BERGUES CD 916 - ROU",0.0,0.0
201300029973,2,9,2013,14,1,59,540,2,1,1,6,"0, REPUBLIQUE",0.0,0.0
201300029974,26,9,2013,16,1,59,155,2,1,1,6,GHESQUIERE HENRI,0.0,0.0
201300029975,2,10,2013,17,1,59,359,1,1,1,4,"., MAISON BLANCHE (ROUTE",0.0,0.0
201300029976,27,9,2013,16,1,59,271,2,1,1,6,SUWALKI - AVENUE,0.0,0.0
201300029977,15,10,2013,12,1,59,273,1,1,1,6,RD601,0.0,0.0
201300029978,14,10,2013,17,1,59,271,2,1,1,6,PETITE-SYNTHE - AVENUE,0.0,0.0
201300029979,5,10,2013,10,1,59,155,2,1,1,6,BOERNHOL,0.0,0.0
201300029980,30,10,2013,18,5,59,183,2,1,1,2,REPUBLIQUE - F MITTERAND,0.0,0.0
201300029981,8,11,2013,9,1,59,155,1,1,1,6,LIBERATION - AVENUE,0.0,0.0
201300029982,25,10,2013,5,3,59,183,2,1,1,6,DEMUN ALBERT,0.0,0.0
201300029983,23,11,2013,16,1,59,273,2,1,1,6,DEVELOPPEMENT (RUE),0.0,0.0
201300029984,29,11,2013,11,1,59,359,1,1,1,5,"., MAISON BLANCHE (ROUTE",0.0,0.0
201300029985,5,12,2013,18,2,59,183,2,1,6,6,ECLUSE DE BERGUES,0.0,0.0
201300029986,5,12,2013,17,2,59,183,2,1,1,6,SAINTE BARBE - BOULEVARD,0.0,0.0
201300029987,16,12,2013,16,5,59,155,2,9,1,6,"., BERGUES CD 916 - ROUT",0.0,0.0
201300029988,13,12,2013,16,1,59,271,1,1,1,6,SPYCKER CD 131 - ROUTE,0.0,0.0
201300029989,19,12,2013,7,2,59,248,2,1,9,6,"., FOSSE DEFENSIF - ROUT",0.0,0.0
201300029990,20,12,2013,8,2,59,183,2,1,1,6,NEUTS LOUIS,0.0,0.0
201300029991,17,2,2013,10,1,59,273,1,1,5,2,RN1 (ROUTE),0.0,0.0
201300029992,11,4,2013,14,1,59,273,2,6,1,3,MOULIN (RUE DU),0.0,0.0
201300029993,31,5,2013,20,1,59,273,2,1,1,3,JOUHAUX (AVENUE LEON),0.0,0.0
201300029994,2,6,2013,17,1,59,359,1,1,1,3,DUNES (ROUTE DES),0.0,0.0
201300029995,28,6,2013,7,1,59,359,1,2,8,3,RD 601,0.0,0.0
201300029996,26,2,2013,22,5,59,272,2,2,1,6,"31BIS, CALAIS (AVENUE DE",0.0,0.0
201300029997,14,9,2013,16,1,59,295,2,1,1,3,AVENUE JEAN BART,0.0,0.0
201300029998,4,11,2013,16,1,59,295,2,1,9,6,AVENUE JEAN BART,0.0,0.0
201300029999,10,12,2013,7,3,59,295,2,1,1,3,AIRE,0.0,0.0
201300030000,6,4,2013,0,5,59,385,2,1,1,6,"161, LEON BLUM (RUE)",0.0,0.0
201300030001,19,7,2013,15,1,59,104,2,1,7,7,"1, RN49",0.0,0.0
201300030002,4,8,2013,7,1,59,324,2,3,1,6,"407, LEON BLUM (RUE)",0.0,0.0
201300030003,6,10,2013,19,5,59,324,2,1,1,6,"443, HECTOR DESPRET (RUE",0.0,0.0
201300030004,10,11,2013,23,5,59,324,2,1,1,1,"430, DORMOY MAX (RUE)",0.0,0.0
201300030005,14,12,2013,19,5,59,324,2,1,1,6,"818, MARECHAL LECLERC  (",0.0,0.0
201300030006,1,1,2013,11,1,59,350,2,1,2,2,SCHUMAN ROBERT BOULEVARD,0.0,0.0
201300030007,3,1,2013,8,5,59,350,2,3,1,6,"ignore, LAINE EMILE RUE",0.0,0.0
201300030008,3,1,2013,18,2,59,378,2,1,1,6,"47, MENIN RUE DE",0.0,0.0
201300030009,3,1,2013,21,5,59,350,2,1,1,2,"IGNORE, LECLERCQ JULES B",0.0,0.0
201300030010,4,1,2013,18,4,59,350,2,1,8,6,"8, VAUBAN BOULEVARD N? R",0.0,0.0
201300030011,4,1,2013,19,5,59,560,2,3,1,6,CD 925,0.0,0.0
201300030012,6,1,2013,19,5,59,360,2,1,1,6,"75, FOCH RUE DU MARECHAL",0.0,0.0
201300030013,6,1,2013,18,1,59,328,2,3,1,6,HIPPODROME AV DE L N?134,0.0,0.0
201300030014,4,1,2013,22,5,59,560,2,1,1,7,"1, MARTINSART ROUTE DE",0.0,0.0
201300030015,7,1,2013,7,1,59,368,1,2,1,3,"1, PRE CATELAN RUE DU",0.0,0.0
201300030016,7,1,2013,8,1,59,9,2,6,1,2,"ignore, APPERT NICOLAS R",0.0,0.0
201300030017,8,1,2013,12,1,59,378,2,3,1,3,"IGNORE, MENIN RUE DE",0.0,0.0
201300030018,8,1,2013,12,1,59,350,1,1,1,6,"172, LANNOY RUE",0.0,0.0
201300030019,8,1,2013,16,1,59,350,2,2,1,3,"SANS OBJET, CAMBRAI RUE",0.0,0.0
201300030020,9,1,2013,14,1,59,350,2,1,1,6,KUHLMAN RUE,0.0,0.0
201300030021,10,1,2013,17,5,59,350,2,1,1,6,"0, CAMBRAI RUE DE N?PAIR",0.0,0.0
201300030022,11,1,2013,16,1,59,350,2,2,2,3,HUGO VICTOR  BVD N?2 - 1,0.0,0.0
201300030023,20,1,2013,18,3,59,437,2,1,4,1,"1, EMMERIN RUE D",0.0,0.0
201300030024,12,1,2013,17,4,59,9,2,1,4,6,VAN GOGH BOULEVARD,0.0,0.0
201300030025,14,1,2013,8,1,59,360,2,1,1,6,"98, FERRY JULES RUE",0.0,0.0
201300030026,11,1,2013,18,5,59,636,2,3,1,3,"1, YPRES RUE D",0.0,0.0
201300030027,22,1,2013,10,1,59,360,2,1,7,7,THIERS RUE,0.0,0.0
201300030028,18,1,2013,8,2,59,350,2,1,4,6,"110, PEUPLE BELGE AVENUE",0.0,0.0
201300030029,23,1,2013,17,5,59,368,2,1,1,6,"198, DE GAULLE RUE DU GE",0.0,0.0
201300030030,23,1,2013,19,5,59,378,2,1,4,7,"870, REPUBLIQUE AV DE LA",0.0,0.0
201300030031,24,1,2013,14,1,59,410,2,1,1,6,"48, ROUSSEAU JEAN JACQUE",0.0,0.0
201300030032,25,1,2013,12,1,59,9,2,1,4,7,"ignore, EPINETTE PASSERE",0.0,0.0
201300030033,28,1,2013,8,1,59,350,2,1,2,3,ESPLANADE FACADE,0.0,0.0
201300030034,28,1,2013,21,5,59,360,2,2,2,3,AVINEE EUGENE AVENUE,0.0,0.0
201300030035,29,1,2013,18,2,59,360,2,2,2,6,CLEMENCEAU RUE,0.0,0.0
201300030036,29,1,2013,20,5,59,9,2,4,2,6,CHAMPOLLION AVENUE,0.0,0.0
201300030037,30,1,2013,16,1,59,378,2,1,1,6,"48, DELATTRE DE TASSIGNY",0.0,0.0
201300030038,30,1,2013,17,1,59,350,2,1,1,6,"12, JONCQUET GUSTAVE RUE",0.0,0.0
201300030039,30,1,2013,19,5,59,636,2,1,1,6,"74bis, QUESNOY RUE DE",0.0,0.0
201300030040,2,2,2013,9,1,59,386,2,1,1,1,PETERS HENRI RUE,0.0,0.0
201300030041,3,2,2013,7,5,59,9,2,2,1,3,VILLES PONT DES 3,0.0,0.0
201300030042,3,2,2013,20,5,59,350,2,2,1,1,"1, NATIONALE RUE N?2 - 1",0.0,0.0
201300030043,5,2,2013,6,2,59,386,2,2,2,3,INDUSTRIELLE AVENUE,0.0,0.0
201300030044,6,2,2013,6,3,59,9,2,3,1,3,"1, JAURES JEAN RUE    N?",0.0,0.0
201300030045,7,2,2013,8,1,59,350,2,1,1,6,"358, GAMBETTA LEON RUE",0.0,0.0
201300030046,4,2,2013,16,1,59,560,2,1,1,1,TEMPLEMARS ROUTE DE,0.0,0.0
201300030047,31,1,2013,22,5,59,350,2,2,1,7,MORISSON SQUARE,0.0,0.0
201300030048,28,1,2013,17,2,59,378,2,1,1,6,"SANS OBJET, CLEMENCEAU B",0.0,0.0
201300030049,8,2,2013,11,1,59,360,2,1,1,6,"45, LECLERC RUE DU GENER",0.0,0.0
201300030050,8,2,2013,19,2,59,368,2,2,1,3,"IGNORE, DE GAULLE RUE DU",0.0,0.0
201300030051,11,2,2013,0,5,59,360,2,1,4,6,"44, FOCH RUE DU MARECHAL",0.0,0.0
201300030052,12,2,2013,15,1,59,350,2,2,1,3,FUSILLES RUE DES,0.0,0.0
201300030053,12,2,2013,21,4,59,368,2,1,1,6,"51, BERKEM RUE DE",0.0,0.0
201300030054,14,2,2013,8,1,59,350,2,1,9,5,REPUBLIQUE AVENUE DE LA,0.0,0.0
201300030055,14,2,2013,8,1,59,378,2,1,4,6,"0, MALTERIE RUE DE LA",0.0,0.0
201300030056,14,2,2013,12,1,59,350,2,1,2,6,"102, FAUBOURG DE BETHUNE",0.0,0.0
201300030057,15,2,2013,11,1,59,9,2,2,1,3,"1, BREUCQ BOULEVARD DU",0.0,0.0
201300030058,15,2,2013,14,1,59,410,2,1,1,6,"147, DE GAULLE RUE DU GE",0.0,0.0
201300030059,17,2,2013,13,1,59,350,2,3,1,3,"IGNORE, ARC RUE JEANNE D",0.0,0.0
201300030060,16,2,2013,20,5,59,350,2,1,1,6,"66, NATIONALE RUE N?REST",0.0,0.0
201300030061,15,2,2013,21,3,59,457,2,3,1,6,PREVOTE RUE DE LA,0.0,0.0
201300030062,18,2,2013,18,5,59,9,2,1,1,6,"13, FLANDRE AVENUEE DE",0.0,0.0
201300030063,22,2,2013,18,5,59,9,2,3,1,3,"22, SALENGRO ROGER RUE",0.0,0.0
201300030064,21,2,2013,14,1,59,378,2,1,1,6,"893, REPUBLIQUE AV DE LA",0.0,0.0
201300030065,19,2,2013,16,1,59,350,1,1,1,6,"21, ESQUERMOISE RUE D N?",0.0,0.0
201300030066,23,2,2013,16,1,59,350,2,1,1,6,DUNKERQUE AVENUE,0.0,0.0
201300030067,26,2,2013,22,5,59,350,2,2,1,6,"IGNORE, SOLFERINO RUE N?",0.0,0.0
201300030068,27,2,2013,19,5,59,378,2,3,1,6,"228, MENIN RUE DE",0.0,0.0
201300030069,27,2,2013,15,1,59,368,2,1,1,2,REPUBLIQUE AVENUE DE LA,0.0,0.0
201300030070,27,2,2013,0,5,59,350,2,3,1,3,"1, TURENNE RUE",0.0,0.0
201300030071,1,3,2013,23,5,59,356,2,1,1,7,BRAME PAUL RUE,0.0,0.0
201300030072,3,3,2013,1,5,59,350,2,2,1,6,"150, POT RUE LONG",0.0,0.0
201300030073,4,3,2013,15,1,59,360,2,1,1,3,"626, MOCQUET GUY RUE",0.0,0.0
201300030074,4,3,2013,15,1,59,9,2,1,1,6,"1, BOIS AVENUE DU PONT D",0.0,0.0
201300030075,4,3,2013,8,1,59,648,2,1,1,6,"1, GUILLAIN CHARLES AVEN",0.0,0.0
201300030076,5,3,2013,12,1,59,346,2,2,1,3,"IGNORE, VAL RUE DU",0.0,0.0
201300030077,8,3,2013,13,1,59,328,2,3,2,6,BRIAND ARISTIDE RUE,0.0,0.0
201300030078,8,3,2013,19,3,59,9,2,1,2,7,DE VALMY BOULEVARD,0.0,0.0
201300030079,12,3,2013,10,1,59,368,2,3,4,6,"0, BALLON RUE DU",0.0,0.0
201300030080,1,3,2013,20,5,59,350,2,2,1,7,DEFRENNE ADOLPHE RUE,0.0,0.0
201300030081,15,3,2013,16,1,59,350,2,1,1,2,FAUBOURG DES POSTES RUE,0.0,0.0
201300030082,15,3,2013,17,1,59,350,2,3,1,3,VASSEUR RUE,0.0,0.0
201300030083,16,3,2013,11,1,59,350,2,1,1,3,MONTEBELLO BOULEVARD N?,0.0,0.0
201300030084,18,3,2013,19,5,59,350,2,1,8,3,"45, ISLY RUE",0.0,0.0
201300030085,19,3,2013,13,1,59,350,2,1,1,3,"501, DUNKERQUE AVENUE DE",0.0,0.0
201300030086,21,3,2013,9,1,59,350,2,1,1,6,"83, NATIONALE RUE N?REST",0.0,0.0
201300030087,22,3,2013,3,5,59,350,2,1,1,2,"114, SOLFERINO RUE N?110",0.0,0.0
201300030088,19,3,2013,20,3,59,9,2,3,1,3,BREUCQ BOULEVARD DU,0.0,0.0
201300030089,23,3,2013,10,1,59,9,2,1,2,6,BOUDERIEZ MARCEL RUE,0.0,0.0
201300030090,23,3,2013,17,1,59,350,2,1,1,1,"680, DUNKERQUE AVENUE",0.0,0.0
201300030091,23,3,2013,9,1,59,350,2,2,1,6,"227, HUGO VICTOR  BVD N?",0.0,0.0
201300030092,25,3,2013,18,2,59,507,2,1,1,3,"1, LAVOISIER RUE",0.0,0.0
201300030093,28,3,2013,12,1,59,378,2,2,1,3,BERLIOZ HECTOR RUE,0.0,0.0
201300030094,28,3,2013,13,1,59,350,2,1,1,6,"93, DE LA BOURDONNAYE AN",0.0,0.0
201300030095,29,3,2013,12,1,59,360,2,2,1,6,"IGNORE, GUESDE JULES RUE",0.0,0.0
201300030096,30,3,2013,4,5,59,350,2,1,1,6,"45, SANS PEUR RUE JEAN N",0.0,0.0
201300030097,31,3,2013,4,5,59,378,2,1,1,6,46 AVENUE BARROIS,50.67024,3.10213
201300030098,31,3,2013,18,2,59,378,2,3,1,3,GUESDE JULES RUE,0.0,0.0
201300030099,1,4,2013,3,5,59,350,2,2,1,3,"ignore, TACQ ANTOINE PLA",0.0,0.0
201300030100,2,4,2013,1,5,59,350,2,1,1,6,"44, BETHUNE RUE DE",0.0,0.0
201300030101,1,4,2013,20,2,59,360,2,1,1,3,"189, FOCH RUE DU MARECHA",0.0,0.0
201300030102,5,4,2013,12,1,59,350,2,2,1,3,OUEST QUAI,0.0,0.0
201300030103,5,4,2013,14,1,59,360,2,1,1,6,SAINT ANNE RUE,0.0,0.0
201300030104,7,4,2013,9,1,59,350,2,2,1,3,"1, ALSACE BOULEVARD D",0.0,0.0
201300030105,7,4,2013,18,1,59,9,2,3,1,3,BREUCQ BOULEVARD DU,0.0,0.0
201300030106,4,4,2013,21,5,59,560,2,2,1,3,BOUVRY ROGER RUE,0.0,0.0
201300030107,8,4,2013,9,1,59,350,2,1,1,6,"32, PHILADELPHIE RUE",0.0,0.0
201300030108,9,4,2013,8,1,59,350,2,2,2,7,LANNOY RUE,0.0,0.0
201300030109,9,4,2013,21,5,59,560,2,1,2,6,"0, MARRONNIERS AVENUE DE",0.0,0.0
201300030110,11,4,2013,19,1,59,350,2,1,1,2,TOURNAI PONT DE,0.0,0.0
201300030111,5,4,2013,13,1,59,609,2,2,1,3,"1, SECLIN RUE DE",0.0,0.0
201300030112,11,4,2013,12,1,59,378,2,1,1,3,"188, QUESNE RUE DU",0.0,0.0
201300030113,12,4,2013,18,1,59,350,2,1,1,6,"24, GIRONDINS RUE",0.0,0.0
201300030114,12,4,2013,21,5,59,220,2,1,1,3,FAUBOURG D'ARRAS RUE,0.0,0.0
201300030115,14,4,2013,17,1,59,350,2,2,1,3,NATIONALE RUE N?2 - 178B,0.0,0.0
201300030116,16,4,2013,19,1,59,350,2,1,2,2,"ignore, CAMBRAI RUE DE N",0.0,0.0
201300030117,16,4,2013,16,1,59,316,2,6,1,1,NOYELLES RUE DE,0.0,0.0
201300030118,16,4,2013,11,1,59,350,2,1,1,3,"130, KENNEDY AVENUE",0.0,0.0
201300030119,17,4,2013,16,1,59,343,2,1,1,6,"1, BERNARD LUCIEN ALLEE",0.0,0.0
201300030120,17,4,2013,20,1,59,350,2,1,1,1,"1, FAUBOURG D'ARRAS RUE",0.0,0.0
201300030121,18,4,2013,10,1,59,368,2,1,1,6,"144, DE GAULLE RUE DU GE",0.0,0.0
201300030122,20,4,2013,6,5,59,378,2,1,1,6,11 Rue Gabriel Péri,50.67588,3.08956
201300030123,20,4,2013,16,1,59,350,2,1,1,7,"887, DUNKERQUE AVENUE",0.0,0.0
201300030124,21,4,2013,15,1,59,410,2,1,1,7,"IGNORE, LYAUTEY RUE DU M",0.0,0.0
201300030125,22,4,2013,8,1,59,350,2,1,1,6,"87, NATIONALE RUE N?2 -",0.0,0.0
201300030126,25,4,2013,14,1,59,507,2,1,1,2,"116, BOUVINES RUE DE",0.0,0.0
201300030127,25,4,2013,16,1,59,560,2,1,1,3,"IGNORE, INDUSTRIE RUE DE",0.0,0.0
201300030128,25,4,2013,18,1,59,350,2,1,1,6,"83, FAUBOURG DE DOUAI N?",0.0,0.0
201300030129,26,4,2013,11,1,59,350,2,3,1,3,DUMON D'URVILLE RUE,0.0,0.0
201300030130,26,4,2013,23,5,59,368,2,2,1,3,REPUBLIQUE AVENUE DE LA,0.0,0.0
201300030131,27,4,2013,19,1,59,328,2,1,1,6,"8, BRAILLE LOUIS RUE",0.0,0.0
201300030132,27,4,2013,21,5,59,9,2,1,1,6,"19, GUESDE JULES RUE",0.0,0.0
201300030133,28,4,2013,7,2,59,350,2,1,1,6,CHURCHILL WINSTON AVENUE,0.0,0.0
201300030134,28,4,2013,15,1,59,9,2,2,1,3,FLANDRE AVENUEE DE,0.0,0.0
201300030135,28,4,2013,19,1,59,9,2,1,1,1,"IGNORE, D?partemental 70",0.0,0.0
201300030136,27,4,2013,11,1,59,507,2,1,1,6,"119, JAURES JEAN RUE",0.0,0.0
201300030137,30,4,2013,18,1,59,9,2,1,1,1,"3, FRENELET RUE DU",0.0,0.0
201300030138,1,5,2013,12,1,59,350,2,1,1,2,JOUHAUX LEON AVENUE N?,0.0,0.0
201300030139,1,5,2013,20,1,59,350,2,1,1,3,"IGNORE, COMBEMALE (Fr?dr",0.0,0.0
201300030140,3,5,2013,13,1,59,636,2,1,1,6,"1004, COMINES CHEMIN DE",0.0,0.0
201300030141,3,5,2013,15,1,59,350,2,3,1,6,"82, MONTEBELLO BD PAIRS",0.0,0.0
201300030142,3,5,2013,17,1,59,350,2,1,1,6,VAUBAN BOULEVARD N? REST,0.0,0.0
201300030143,3,5,2013,20,1,59,328,2,1,1,3,"246, DUNKERQUE AVENUE DE",0.0,0.0
201300030144,4,5,2013,8,1,59,350,1,2,1,2,"1, RAMPONNEAU SQUARE DU",0.0,0.0
201300030145,4,5,2013,15,1,59,378,2,1,1,6,"1, GABRIEL ALLEE",0.0,0.0
201300030146,5,5,2013,19,1,59,350,2,3,1,6,"23, FUSILLES RUE DES",0.0,0.0
201300030147,13,4,2013,5,5,59,368,2,1,1,6,"00000, REPUBLIQUE AVENUE",0.0,0.0
201300030148,5,5,2013,20,1,59,328,2,1,1,2,"80, B.N.P (DELECAUX RUE",0.0,0.0
201300030149,6,5,2013,12,1,59,368,2,2,1,6,"0, GARE PLACE DE LA",0.0,0.0
201300030150,6,5,2013,12,1,59,9,2,3,1,6,"00, CHATELLENIE AVENUE D",0.0,0.0
201300030151,6,5,2013,18,1,59,350,2,2,1,3,"1, COLBERT RUE N?1 - 69-",0.0,0.0
201300030152,7,5,2013,7,2,59,378,2,2,1,6,"897, REPUBLIQUE AV DE LA",0.0,0.0
201300030153,7,5,2013,9,1,59,648,2,2,1,3,"1, GUILLAIN CHARLES AVEN",0.0,0.0
201300030154,6,5,2013,18,1,59,220,2,1,1,7,"416, HAUBOURDIN RUE D",0.0,0.0
201300030155,8,5,2013,16,1,59,350,2,1,2,6,"23, IENA RUE D' JUSQU'AU",0.0,0.0
201300030156,30,4,2013,16,1,59,560,1,1,1,3,R.D. 549,0.0,0.0
201300030157,10,5,2013,21,2,59,350,2,2,1,6,"1, LIBERTE BOULEVARD N?1",0.0,0.0
201300030158,12,5,2013,18,1,59,350,2,1,1,3,"133, FAUBOURG D'ARRAS RU",0.0,0.0
201300030159,7,5,2013,18,1,59,360,2,3,1,6,"639, MOCQUET GUY RUE",0.0,0.0
201300030160,14,4,2013,18,2,59,386,1,1,1,6,"0, ST-JEAN DE DIEU RUE D",0.0,0.0
201300030161,16,5,2013,11,1,59,9,2,2,1,6,"0, COURTRAI AVENUE DE",0.0,0.0
201300030162,16,5,2013,14,1,59,350,2,2,2,6,MAUBEUGE RUE N?1 - 32,0.0,0.0
201300030163,16,5,2013,18,1,59,350,2,3,1,3,MONTESQUIEU RUE,0.0,0.0
201300030164,17,5,2013,12,1,59,328,2,2,1,6,"0, BOURG RUE DU N?188 AU",0.0,0.0
201300030165,18,5,2013,11,1,59,527,2,1,1,2,DE LATTRE TASSIGNY.AVN?2,0.0,0.0
201300030166,8,5,2013,14,1,59,328,2,1,7,6,"1, MADRID RUE DE",0.0,0.0
201300030167,19,5,2013,20,1,59,368,2,2,1,3,"1, MAILLOTTE JEANNE RUE",0.0,0.0
201300030168,20,5,2013,10,1,59,636,2,6,1,6,"0, MARQUETTE RUE DE",0.0,0.0
201300030169,20,5,2013,22,5,59,350,2,1,1,6,"55, DESCAMPS EUGENE RUE",0.0,0.0
201300030170,22,5,2013,14,1,59,378,2,2,1,7,NATIONALE RUE,0.0,0.0
201300030171,25,5,2013,5,2,59,350,2,2,1,3,"1, WAZEMMES RUE DE N?1 /",0.0,0.0
201300030172,27,5,2013,7,1,59,609,2,2,1,3,SECLIN RUE DE,0.0,0.0
201300030173,27,5,2013,11,1,59,350,2,2,1,6,"0, SALENGRO ROGER RUE",0.0,0.0
201300030174,27,5,2013,12,1,59,350,2,1,1,6,"65, EPINETTE RUE N? IMPA",0.0,0.0
201300030175,9,5,2013,11,1,59,350,2,2,1,7,"00, MONTEBELLO BOULEVARD",0.0,0.0
201300030176,28,5,2013,20,1,59,368,2,2,2,3,SALENGRO ROGER RUE,0.0,0.0
201300030177,29,5,2013,12,1,59,350,2,1,1,3,DE COUBERTIN PIERRE BOUL,0.0,0.0
201300030178,29,5,2013,21,5,59,378,2,1,2,6,NATIONALE RUE,0.0,0.0
201300030179,31,5,2013,21,1,59,350,2,1,1,3,"115, DOUAI RUE",0.0,0.0
201300030180,31,5,2013,23,5,59,636,2,3,1,3,"1, YPRES RUE D",0.0,0.0
201300030181,1,6,2013,12,1,59,560,2,6,1,5,EPINETTE RUE DE L,0.0,0.0
201300030182,2,6,2013,17,1,59,350,2,2,1,1,JACQUET EUGENE RUE N?PAI,0.0,0.0
201300030183,2,6,2013,8,1,59,350,2,2,1,4,"IGNORE, LOUIS XIV BOULEV",0.0,0.0
201300030184,2,6,2013,11,1,59,368,2,1,1,3,"IGNORE, DE GAULLE RUE DU",0.0,0.0
201300030185,2,6,2013,16,1,59,350,2,1,1,6,"1, BEETHOVEN AVENUE",0.0,0.0
201300030186,31,5,2013,23,5,59,350,2,1,1,7,"10, KOLB HENRI RUE",0.0,0.0
201300030187,3,6,2013,17,1,59,507,2,3,1,3,"ignor?, LESQUIN RUE DE",0.0,0.0
201300030188,29,5,2013,9,1,59,360,2,1,1,3,"76, REPUBLIQUE BOULEVARD",0.0,0.0
201300030189,31,5,2013,8,1,59,350,2,1,1,6,"96, LIBERTE BVD N?147 A",0.0,0.0
201300030190,4,6,2013,19,1,59,193,2,2,1,6,"00, D. 341",0.0,0.0
201300030191,4,6,2013,8,1,59,356,1,1,1,6,VILLERS PONT DE,0.0,0.0
201300030192,6,6,2013,7,1,59,9,2,1,1,3,JAURES JEAN RUE    N?76,0.0,0.0
201300030193,6,6,2013,18,1,59,350,2,1,1,3,MOSELLE BOULEVARD ? DE 1,0.0,0.0
201300030194,6,6,2013,22,5,59,360,2,2,1,6,"134, REPUBLIQUE BOULEVAR",0.0,0.0
201300030195,6,6,2013,22,2,59,350,2,3,2,6,PEUPLE BELGE AVENUE DU,0.0,0.0
201300030196,7,6,2013,9,1,59,328,2,2,1,3,DUNKERQUE AVENUE DE,0.0,0.0
201300030197,7,6,2013,10,1,59,350,2,2,1,6,"IGNORE, SAINT SAUVEUR RU",0.0,0.0
201300030198,7,6,2013,14,1,59,350,2,1,1,4,TOURNAI PONT DE,0.0,0.0
201300030199,8,6,2013,17,1,59,368,2,1,1,2,"IGNORE, DE COUBERTIN PIE",0.0,0.0
201300030200,9,6,2013,9,1,59,368,2,1,1,3,"175, DE GAULLE RUE DU GE",0.0,0.0
201300030201,9,6,2013,14,1,59,350,2,1,1,5,"0, PASTEUR LOUIS BOULEVA",0.0,0.0
201300030202,9,6,2013,21,1,59,350,2,1,1,1,"IGNORE, MYOSOTIS RUE",0.0,0.0