Num_Acc,jour,mois,an,hr,condition_eclairage,departement,commune,condition_agglomeration,intersection,condition_atmosphere,type_collision,adresse,lattitude,longitude
201300030203,10,6,2013,18,1,59,350,2,1,1,7,REPUBLIQUE AVENUE DE LA,0.0,0.0
201300030204,9,6,2013,16,1,59,507,2,1,1,6,"80, REPUBLIQUE AVENUE DE",0.0,0.0
201300030205,14,6,2013,0,5,59,350,2,2,1,6,"83, FAUBOURG DE DOUAI N?",0.0,0.0
201300030206,13,6,2013,18,1,59,368,2,1,1,7,REPUBLIQUE AVENUE DE LA,0.0,0.0
201300030207,14,6,2013,18,1,59,350,2,3,1,6,NEUVE RUE,0.0,0.0
201300030208,14,6,2013,23,5,59,350,2,1,1,6,"78-80, NATIONALE RUE N?R",0.0,0.0
201300030209,16,6,2013,1,5,59,350,2,1,1,3,"IGNORE, SALENGRO ROGER A",0.0,0.0
201300030210,18,6,2013,17,1,59,350,2,2,1,6,COURBET GUSTAVE  RUE,0.0,0.0
201300030211,19,6,2013,12,1,59,350,2,2,1,3,"IGNORE, NATIONALE RUE N?",0.0,0.0
201300030212,19,6,2013,13,1,59,350,2,2,1,3,"217, NATIONALE RUE N?RES",0.0,0.0
201300030213,20,6,2013,7,1,59,636,2,1,1,3,"310, YPRES RUE D",0.0,0.0
201300030214,20,6,2013,23,5,59,350,2,1,1,7,MONTEBELLO BOULEVARD N?2,0.0,0.0
201300030215,21,6,2013,18,1,59,220,2,1,1,6,"81, FERRER RUE",0.0,0.0
201300030216,22,6,2013,16,1,59,9,2,2,2,3,BREUCQ BOULEVARD DU,0.0,0.0
201300030217,21,6,2013,19,1,59,350,2,6,1,3,", LEZENNES BOULEVARD DE",0.0,0.0
201300030218,25,6,2013,12,1,59,566,2,6,1,7,"1, HALENNES RUE D",0.0,0.0
201300030219,25,6,2013,16,1,59,386,2,1,1,6,CASSEL RUE DE,0.0,0.0
201300030220,27,6,2013,11,1,59,9,2,1,1,6,"60, PASTEUR RUE",0.0,0.0
201300030221,28,6,2013,15,1,59,350,2,6,1,6,MASSENA RUE N?  RESTE,0.0,0.0
201300030222,28,6,2013,23,5,59,9,2,2,2,7,CHAPPE RUE,0.0,0.0
201300030223,29,6,2013,2,5,59,286,2,1,1,6,"IGNORE, LOSTES RUE DES",0.0,0.0
201300030224,2,7,2013,12,1,59,350,2,2,1,6,"1, HUGO VICTOR RUE",0.0,0.0
201300030225,2,7,2013,19,1,59,350,2,1,8,6,"125, SOLFERINO RUE N?110",0.0,0.0
201300030226,5,7,2013,16,1,59,360,2,2,1,3,"ignore, AVINEE EUGENE AV",0.0,0.0
201300030227,5,7,2013,16,1,59,350,2,1,1,6,"796, DUNKERQUE AVENUE",0.0,0.0
201300030228,6,7,2013,2,4,59,9,2,1,1,2,JAURES JEAN RUE AVANT LE,50.6528,3.12868
201300030229,6,7,2013,20,1,59,9,2,2,1,3,"ignore, PERRIN JEAN  AVE",0.0,0.0
201300030230,9,7,2013,18,1,59,360,2,1,1,2,"1, PARE AMBROISE RUE",0.0,0.0
201300030231,9,7,2013,22,5,59,343,2,3,1,3,"72, FAIDHERBE RUE",0.0,0.0
201300030232,9,7,2013,10,1,59,350,2,2,1,3,ARRAS RUE D,0.0,0.0
201300030233,11,7,2013,16,1,59,350,2,3,1,6,"1, DE LA BOURDONNAYE ANN",0.0,0.0
201300030234,10,7,2013,14,1,59,507,2,1,1,3,JAURES JEAN AVENUE,0.0,0.0
201300030235,13,7,2013,15,1,59,9,2,1,1,3,"1, VETERANS RUE DES",0.0,0.0
201300030236,12,7,2013,19,1,59,360,2,1,1,6,"69, CHATELET ALBERT RUE",0.0,0.0
201300030237,14,7,2013,23,5,59,9,2,1,1,6,"28, BIZET GEORGES BOULEV",0.0,0.0
201300030238,15,7,2013,13,1,59,328,2,1,1,3,"257, BONTE AUGUSTE RUE",0.0,0.0
201300030239,15,7,2013,15,1,59,9,2,1,1,7,VENTOUX RUE DU,0.0,0.0
201300030240,14,7,2013,23,5,59,350,2,1,1,6,"42, VOLTAIRE RUE",0.0,0.0
201300030241,16,7,2013,17,1,59,350,2,1,1,7,"13, LEBAS JEAN BAPTISTE",0.0,0.0
201300030242,11,7,2013,7,1,59,378,2,1,1,6,EGLISE RUE DE L,0.0,0.0
201300030243,4,7,2013,0,5,59,9,2,2,1,5,"1, BREUCQ BOULEVARD DU",0.0,0.0
201300030244,15,7,2013,0,5,59,356,2,3,1,3,"1, LILLE RUE DE",0.0,0.0
201300030245,18,7,2013,8,1,59,378,2,2,1,3,DUCROQUET RUE DU DOC. N?,0.0,0.0
201300030246,21,7,2013,14,1,59,360,2,1,1,3,"55, POTIE GEORGES RUE",0.0,0.0
201300030247,19,7,2013,20,2,59,350,2,1,1,3,"19, CANNES RUE DE",0.0,0.0
201300030248,19,7,2013,15,1,59,9,2,1,1,3,"1, ROUBAIX AVNUE DE",0.0,0.0
201300030249,19,7,2013,16,1,59,350,2,1,1,6,STRASBOURG BOULEVARD,0.0,0.0
201300030250,19,7,2013,10,1,59,368,2,1,1,6,"251, REPUBLIQUE AVENUE D",0.0,0.0
201300030251,23,7,2013,7,1,59,368,2,2,1,3,"1, SCRIVE GUSTAVE RUE",0.0,0.0
201300030252,22,7,2013,19,1,59,350,2,1,1,6,"2, BIGO DANEL BOULEVARD",0.0,0.0
201300030253,23,7,2013,17,1,59,378,2,1,1,1,"340, MARNE AVENUE DE LA",0.0,0.0
201300030254,23,7,2013,21,1,59,350,2,6,1,2,"1, DOREZ BARTHELEMY PLAC",0.0,0.0
201300030255,24,7,2013,17,1,59,386,2,3,1,6,"1, LECLERCQ RUE DU GENER",0.0,0.0
201300030256,24,7,2013,18,1,59,410,2,2,1,7,SCHUMAN ROBERT AVENUE,0.0,0.0
201300030257,28,7,2013,11,1,59,350,2,1,1,3,"13, GARE PLACE DE LA",0.0,0.0
201300030258,28,7,2013,4,5,59,328,2,1,1,6,"37, AMPERE RUE",0.0,0.0
201300030259,26,7,2013,9,1,59,350,2,1,1,6,"51, ZOLA EMILE AVENUE",0.0,0.0
201300030260,6,7,2013,20,1,59,378,2,1,1,6,"168, QUESNE RUE DU",0.0,0.0
201300030261,23,7,2013,15,1,59,128,2,1,1,6,"10, FAISANS AVENUE DES",0.0,0.0
201300030262,24,7,2013,23,5,59,193,2,1,1,7,"1, HAUBOURDIN, RUE D'",0.0,0.0
201300030263,12,7,2013,18,1,59,410,2,1,1,7,"1, PERI GABRIEL RUE",0.0,0.0
201300030264,22,7,2013,21,1,59,350,2,2,1,7,"38, BASSEE RUE DE LA",0.0,0.0
201300030265,2,8,2013,11,1,59,350,2,2,1,3,"0, DE COUBERTIN PIERRE B",0.0,0.0
201300030266,2,8,2013,13,1,59,195,1,1,1,6,"1, ZONE COMMERCIALE",0.0,0.0
201300030267,7,8,2013,17,1,59,350,2,1,1,3,ARRAS RUE D,0.0,0.0
201300030268,2,8,2013,17,1,59,9,2,1,1,3,"1, BREUCQ BOULEVARD DU",0.0,0.0
201300030269,2,8,2013,19,1,59,350,2,6,1,6,"0, PASTEUR CARREFOUR",0.0,0.0
201300030270,4,8,2013,1,5,59,350,2,1,1,6,DE GAULLE PLACE DU GENER,0.0,0.0
201300030271,4,8,2013,15,1,59,378,2,1,1,3,"1033B, REPUBLIQUE AV DE",0.0,0.0
201300030272,30,6,2013,16,1,59,350,2,3,1,6,KUHLMANN RUE,0.0,0.0
201300030273,4,8,2013,20,1,59,350,2,3,1,6,"1, MARQUILLIES RUE",0.0,0.0
201300030274,12,7,2013,19,1,59,360,2,1,1,6,"96, FOCH RUE DU MARECHAL",0.0,0.0
201300030275,2,8,2013,15,1,59,350,2,1,1,6,"1, MUIRON PLACE GENTIL",0.0,0.0
201300030276,7,8,2013,15,1,59,350,2,1,1,6,"17, FONTENOY RUE",0.0,0.0
201300030277,9,8,2013,17,1,59,560,2,1,1,2,R.D. 549,0.0,0.0
201300030278,9,8,2013,19,1,59,360,2,2,1,6,"0, FOCH RUE DU MARECHAL",0.0,0.0
201300030279,13,8,2013,9,1,59,350,2,1,1,6,"0, ALSACE BOULEVARD D",0.0,0.0
201300030280,17,7,2013,9,1,59,328,2,2,1,6,"347, DUNKERQUE AVENUE DE",0.0,0.0
201300030281,14,8,2013,16,1,59,350,2,2,1,2,HUGO VICTOR  BVD N?IMPAI,0.0,0.0
201300030282,18,8,2013,17,1,59,350,2,1,1,7,FAIDHERBE RUE,0.0,0.0
201300030283,20,8,2013,16,1,59,648,2,1,1,5,"215, CLEMENCEAU RUE",0.0,0.0
201300030284,23,8,2013,16,1,59,378,2,1,1,6,"17, BERLIOZ HECTOR RUE",0.0,0.0
201300030285,23,8,2013,17,1,59,350,2,2,1,7,LAMBRET OSCAR AVENUE,0.0,0.0
201300030286,27,8,2013,19,1,59,350,2,1,1,5,"31, NATIONALE RUE N?REST",0.0,0.0
201300030287,19,5,2013,22,5,59,350,2,1,1,6,"32, HUGO VICTOR  BVD N?2",0.0,0.0
201300030288,30,8,2013,7,1,59,350,2,2,1,6,BERTEAUX MAURICE RUE,0.0,0.0
201300030289,30,8,2013,17,1,59,328,2,1,1,6,"18, MARTYRS DE LA RESIST",0.0,0.0
201300030290,31,8,2013,17,1,59,350,2,1,1,6,"49, PREVOYANCE RUE",0.0,0.0
201300030291,30,8,2013,23,5,59,9,2,1,1,3,DOUMER PAUL RUE DU PRESI,0.0,0.0
201300030292,31,8,2013,2,5,59,350,2,1,1,6,MASSENA RUE N?  RESTE,0.0,0.0
201300030293,3,9,2013,8,1,59,386,2,2,1,6,"226, LALAU RUE",0.0,0.0
201300030294,4,9,2013,7,1,59,378,2,1,1,3,"1, CHATEAUX RUE DES",0.0,0.0
201300030295,4,9,2013,11,1,59,410,2,3,1,3,"0, PARMENTIER RUE",0.0,0.0
201300030296,4,9,2013,14,1,59,9,2,1,1,7,"1, FLANDRE AVENUEE DE",0.0,0.0
201300030297,5,9,2013,8,1,59,350,2,1,1,6,DUNKERQUE AVENUE DE,0.0,0.0
201300030298,5,9,2013,8,1,59,9,2,2,1,3,BREVE RUE,0.0,0.0
201300030299,6,9,2013,13,1,59,378,2,1,1,3,ROUX RUE DU DOCTEUR,0.0,0.0
201300030300,7,9,2013,15,1,59,350,2,2,1,7,IENA RUE,0.0,0.0
201300030301,7,9,2013,19,1,59,350,2,3,1,6,NEWTON RUE,0.0,0.0
201300030302,9,9,2013,2,5,59,350,2,1,1,7,DE COUBERTIN PIERRE BOUL,0.0,0.0
201300030303,10,9,2013,7,1,59,350,2,2,3,3,POT RUE LONG,0.0,0.0
201300030304,10,9,2013,10,1,59,378,2,2,1,3,MARNE AVENUE DE LA,0.0,0.0
201300030305,10,9,2013,13,1,59,350,2,1,1,6,"32, AMIENS RUE D",0.0,0.0
201300030306,10,9,2013,18,1,59,9,2,1,2,3,OUEST BOULEVARD DE L,0.0,0.0
201300030307,10,9,2013,8,1,59,350,2,2,2,7,SAINT SAUVEUR RUE,0.0,0.0
201300030308,13,9,2013,1,5,59,350,2,2,1,3,CORMONTAIGNE PLACE,0.0,0.0
201300030309,4,9,2013,8,1,59,470,2,1,1,2,DE GAULLE CHARLES RUE,0.0,0.0
201300030310,12,9,2013,9,1,59,648,2,2,1,6,"1, SCHWIETZER RUE DU DOC",0.0,0.0
201300030311,13,9,2013,22,5,59,350,2,2,8,3,NATIONALE RUE N?RESTE PA,0.0,0.0
201300030312,16,9,2013,15,1,59,368,2,2,1,2,SCHUMAN ROBERT BOULEVARD,0.0,0.0
201300030313,17,9,2013,10,1,59,527,2,1,1,2,"121, DE LATTRE TASSIGNY.",0.0,0.0
201300030314,17,9,2013,17,1,59,350,2,2,2,7,LONDRES RUE COTE PAIR DU,0.0,0.0
201300030315,17,9,2013,19,1,59,378,2,1,1,5,LISFRANC-CROISE LAROCHE,0.0,0.0
201300030316,15,9,2013,10,1,59,350,2,1,1,6,"102, SALENGRO ROGER AVEN",0.0,0.0
201300030317,18,9,2013,10,1,59,560,2,1,1,1,"1, R.D. 549",0.0,0.0
201300030318,19,9,2013,13,1,59,350,2,1,1,3,"87, NATIONALE RUE N?REST",0.0,0.0
201300030319,20,9,2013,13,1,59,350,2,1,1,6,BUISSON FERDINAND RUE,0.0,0.0
201300030320,20,9,2013,18,1,59,368,2,1,1,5,"109, REPUBLIQUE AVENUE D",0.0,0.0
201300030321,21,9,2013,22,1,59,350,2,1,9,7,LECLERCQ PLACE DU MARECH,0.0,0.0
201300030322,23,9,2013,8,1,59,350,2,2,1,3,LEDRU ROLLIN RUE,0.0,0.0
201300030323,23,9,2013,17,1,59,386,2,2,1,3,CHANZY RUE DE,0.0,0.0
201300030324,25,9,2013,9,1,59,350,2,1,1,7,"52, BASSE RUE",0.0,0.0
201300030325,25,9,2013,18,1,59,9,2,1,1,1,CANTELEU AVENUE DE,0.0,0.0
201300030326,26,9,2013,9,1,59,350,2,1,1,1,"1, VAUBAN BOULEVARD N? R",0.0,0.0
201300030327,26,9,2013,8,1,59,585,2,3,1,6,"1, WATTRELOT EDOUARD RUE",0.0,0.0
201300030328,26,9,2013,13,1,59,368,2,2,1,3,SCRIVE GUSTAVE RUE,0.0,0.0
201300030329,26,9,2013,18,1,59,286,2,6,1,3,CANTERAINE RUE DE LA,0.0,0.0
201300030330,27,9,2013,8,1,59,350,2,1,1,6,"1, RUE MADELEINE REBERIO",0.0,0.0
201300030331,27,9,2013,18,1,59,328,2,2,1,6,VAILLANT RUE,0.0,0.0
201300030332,30,9,2013,4,5,59,350,2,1,1,3,DE GAULLE PLACE DU GENER,0.0,0.0
201300030333,30,9,2013,10,1,59,350,2,1,1,6,FAUBOURG D'ARRAS RUE,0.0,0.0
201300030334,1,10,2013,22,5,59,350,2,1,1,3,"293, SOLFERINO RUE N?208",0.0,0.0
201300030335,3,10,2013,6,2,59,350,2,1,1,2,"SANS OBJET, DOREZ BARTHE",0.0,0.0
201300030336,2,10,2013,18,1,59,350,2,1,1,1,"SANS OBJET, ALSACE BOULE",0.0,0.0
201300030337,4,10,2013,19,5,59,350,2,2,8,7,FAUBOURG DE BETHUNE RUE,0.0,0.0
201300030338,4,10,2013,15,1,59,286,2,1,1,6,"1, LHERMITTE FIDELE RUE",0.0,0.0
201300030339,4,10,2013,20,2,59,128,2,1,2,3,POINCARE RUE,0.0,0.0
201300030340,6,10,2013,5,5,59,350,2,2,1,3,LECLERC PLACE DU MAL. N?,0.0,0.0
201300030341,7,10,2013,11,1,59,350,2,1,1,3,"1, LAMBRET OSCAR AVENUE",0.0,0.0
201300030342,7,10,2013,18,1,59,368,2,3,1,3,"1, SALENGRO ROGER RUE",0.0,0.0
201300030343,9,10,2013,16,1,59,350,2,2,1,3,NATIONALE RUE N?2 - 178B,0.0,0.0
201300030344,9,10,2013,18,1,59,350,2,1,1,3,KENNEDY AVENUE,0.0,0.0
201300030345,9,10,2013,23,5,59,386,2,1,2,6,"101, YPRES RUE D",0.0,0.0
201300030346,10,10,2013,1,5,59,350,2,2,1,3,COLLEGIALE RUE DE LA,0.0,0.0
201300030347,10,10,2013,15,1,59,9,2,1,2,3,FLANDRE AVENUEE DE,0.0,0.0
201300030348,10,10,2013,21,3,59,350,2,1,3,7,SAINT LOUIS RUE EGLISE,0.0,0.0
201300030349,11,10,2013,17,1,59,527,2,1,8,3,"266, LECLERC RUE DU GENE",0.0,0.0
201300030350,12,10,2013,13,1,59,378,2,1,1,2,LISFRANC-CROISE LAROCHE,0.0,0.0
201300030351,12,10,2013,23,5,59,350,2,2,1,3,BELFORT BOULEVARD DE,0.0,0.0
201300030352,13,10,2013,16,1,59,9,2,2,2,3,TECHNIQUES RUE DES,0.0,0.0
201300030353,14,10,2013,13,1,59,328,2,1,3,3,"300, HIPPODROME AV DE L",0.0,0.0
201300030354,14,10,2013,18,5,59,350,1,1,8,6,"1, RAVEL MAURICE RUE",0.0,0.0
201300030355,14,10,2013,16,1,59,350,2,3,1,7,"86, EGALITE RUE DE L",0.0,0.0
201300030356,16,10,2013,8,1,59,527,2,1,2,2,"424, DE LATTRE TASSIGNY",0.0,0.0
201300030357,16,10,2013,16,1,59,350,2,3,2,2,MONTEBELLO BOULEVARD N?,0.0,0.0
201300030358,16,10,2013,18,5,59,350,2,2,3,6,MONTEBELLO BOULEVARD N?,0.0,0.0
201300030359,8,10,2013,8,1,59,378,2,2,1,3,LAZARO RUE DU,0.0,0.0
201300030360,20,10,2013,22,5,59,527,2,1,1,1,"13, LECLERC RUE DU GENER",0.0,0.0
201300030361,19,10,2013,16,1,59,350,2,9,2,1,ARRAS RUE D,0.0,0.0
201300030362,22,10,2013,7,2,59,566,2,9,2,1,PONT RUE DU,0.0,0.0
201300030363,22,10,2013,11,1,59,350,2,2,1,7,"67, LIBERTE BOULEVARD N?",0.0,0.0
201300030364,22,10,2013,16,1,59,566,2,6,1,7,VERT TOUQUET RUE DU,0.0,0.0
201300030365,22,10,2013,18,2,59,527,2,1,9,6,"393, DE LATTRE TASSIGNY.",0.0,0.0
201300030366,23,10,2013,17,1,59,560,1,1,1,6,"NC, EPINETTE ROND POINT",0.0,0.0
201300030367,23,10,2013,20,5,59,9,2,2,1,1,OUEST BOULEVARD DE L,0.0,0.0
201300030368,23,10,2013,18,4,59,378,2,1,1,3,BERLIOZ HECTOR RUE,0.0,0.0
201300030369,24,10,2013,22,5,59,9,2,1,8,7,8 MAI 1945 RUE DU PARC U,0.0,0.0
201300030370,25,10,2013,18,1,59,9,2,9,1,2,BREUCQ BOULEVARD DU,0.0,0.0
201300030371,28,10,2013,12,1,59,378,2,1,2,3,CLEMENCEAU BLVD (N?1-23),0.0,0.0
201300030372,29,10,2013,14,1,59,360,2,2,2,3,REPUBLIQUE BOULEVARD DE,0.0,0.0
201300030373,29,10,2013,20,5,59,350,2,2,1,3,ARRAS RUE D,0.0,0.0
201300030374,30,10,2013,9,1,59,648,2,1,1,6,"238, CLEMENCEAU RUE",0.0,0.0
201300030375,30,10,2013,10,1,59,9,2,9,1,3,"NC, CHAPPE RUE",0.0,0.0
201300030376,31,10,2013,9,1,59,328,2,2,1,3,MONGE GASPARD RUE,0.0,0.0
201300030377,31,10,2013,20,5,59,328,2,2,2,3,DUNKERQUE AVENUE DE,0.0,0.0
201300030378,1,11,2013,0,5,59,350,2,1,1,3,SOLFERINO RUE N?1 - 159,0.0,0.0
201300030379,1,11,2013,5,3,59,350,2,1,1,2,"168, HUGO VICTOR  BVD N?",0.0,0.0
201300030380,1,11,2013,22,5,59,350,2,1,3,2,"121, MATTEOTI RUE",0.0,0.0
201300030381,4,11,2013,17,5,59,350,2,1,1,6,"21/26, POSTES RUE N?1 -",0.0,0.0
201300030382,4,11,2013,18,3,59,350,2,9,1,6,ROLAND RUE,0.0,0.0
201300030383,5,11,2013,10,1,59,648,2,1,9,6,REPUBLIQUE PLACE DE LA,0.0,0.0
201300030384,6,11,2013,23,5,59,350,2,1,2,6,POSTES RUE N? RESTE,0.0,0.0
201300030385,7,11,2013,17,3,59,9,2,2,3,3,RN 227 (sens Lille vers,0.0,0.0
201300030386,7,11,2013,16,3,59,350,2,1,2,6,METZ BOULEVARD,0.0,0.0
201300030387,7,11,2013,18,1,59,368,2,1,2,5,"151, REPUBLIQUE AVENUE D",0.0,0.0
201300030388,8,11,2013,17,5,59,378,2,1,2,6,CHATEAU ROUGE AVENUE DU,0.0,0.0
201300030389,9,11,2013,10,1,59,360,2,9,2,1,", TRAIN DE LOOS AVENUE D",0.0,0.0
201300030390,9,11,2013,13,1,59,350,2,1,1,6,"222, ARRAS RUE D",0.0,0.0
201300030391,10,11,2013,14,1,59,648,2,1,1,3,"34, DE GAULLE RUE DU GEN",0.0,0.0
201300030392,11,11,2013,16,1,59,350,2,3,1,3,"NC, MONTEBELLO BOULEVARD",0.0,0.0
201300030393,8,11,2013,0,5,59,350,2,1,1,6,PUEBLA RUE,0.0,0.0
201300030394,7,11,2013,21,3,59,9,2,1,2,2,BREUCQ BOULEVARD DU,0.0,0.0
201300030395,13,11,2013,19,2,59,328,2,1,1,6,"190, BOURG RUE DU N?188",0.0,0.0
201300030396,14,11,2013,13,1,59,350,2,1,2,7,"NC, DELEMAZURE RUE",0.0,0.0
201300030397,14,11,2013,22,5,59,410,2,1,1,3,"31, VOLTAIRE RUE",0.0,0.0
201300030398,15,11,2013,8,1,59,350,2,9,1,6,"730, REPUBLIQUE AVENUE D",0.0,0.0
201300030399,16,11,2013,20,5,59,378,2,1,1,6,REPUBLIQUE AV DE LA ( N?,0.0,0.0
201300030400,18,11,2013,7,2,59,328,1,1,1,1,CARNOY RUE N?207 - 277,0.0,0.0
201300030401,19,11,2013,0,5,59,350,2,2,8,3,SOLFERINO RUE N?110 - 20,0.0,0.0
201300030402,21,11,2013,15,5,59,350,2,1,9,1,LOMPRET RUE DE,0.0,0.0
201300030403,21,11,2013,18,5,59,527,2,1,9,3,LECLERC RUE DU GENERAL,0.0,0.0
201300030404,13,11,2013,16,1,59,286,2,1,1,6,"nc, ENGLOS RUE D",0.0,0.0
201300030405,26,11,2013,17,2,59,350,2,1,1,6,FAUBOURG DES POSTES RUE,0.0,0.0
201300030406,27,11,2013,13,1,59,350,2,9,1,5,FLANDRES PONT,0.0,0.0
201300030407,27,11,2013,19,5,59,9,2,1,1,6,"46, FUSILLES RUE DES DU",0.0,0.0
201300030408,28,11,2013,18,3,59,350,2,1,2,7,DUNKERQUE AVENUE,0.0,0.0
201300030409,28,11,2013,8,2,59,328,2,9,2,3,HIPPODROME AV DE L N?246,0.0,0.0
201300030410,23,10,2013,9,1,59,636,2,1,7,3,CLEMENCEAU GEORGES AVENU,0.0,0.0
201300030411,29,11,2013,16,1,59,378,2,1,1,6,"7, LILAS RUE DES",0.0,0.0
201300030412,29,11,2013,17,2,59,350,2,1,1,3,"17, ECOLES RUE DES",0.0,0.0
201300030413,30,11,2013,11,1,59,350,2,1,1,7,"166, MONTEBELLO BOULEVAR",0.0,0.0
201300030414,1,12,2013,11,1,59,350,2,1,1,6,"131, DUNKERQUE AVENUE",0.0,0.0
201300030415,2,12,2013,10,1,59,9,2,6,1,6,DE VALMY BOULEVARD,0.0,0.0
201300030416,3,12,2013,21,5,59,507,2,9,1,3,DE LATTRE DE TASSIGNY AV,0.0,0.0
201300030417,2,12,2013,18,1,59,350,2,1,2,5,REPUBLIQUE AVENUE DE LA,0.0,0.0
201300030418,7,11,2013,18,1,59,350,2,1,2,5,REPUBLIQUE AVENUE DE LA,0.0,0.0
201300030419,3,12,2013,7,1,59,527,2,1,1,6,"113, LECLERC RUE DU GENE",0.0,0.0
201300030420,5,12,2013,16,1,59,378,2,1,1,6,"994, REPUBLIQUE AV DE LA",0.0,0.0
201300030421,5,12,2013,7,1,59,350,1,1,1,6,BUISSON FERDINAND RUE,0.0,0.0
201300030422,7,12,2013,17,1,59,560,1,1,2,1,TEMPLEMARS ROUTE DE,0.0,0.0
201300030423,7,12,2013,19,5,59,636,2,1,1,7,LECLERCQ RUE DU GENERAL,0.0,0.0
201300030424,9,12,2013,13,1,59,328,2,1,7,7,"309, HIPPODROME AV DE L",0.0,0.0
201300030425,6,12,2013,12,1,59,9,2,1,1,6,LANGEVIN PAUL AVENUE,0.0,0.0
201300030426,11,12,2013,12,1,59,350,2,1,1,6,URBANISTES RUE,0.0,0.0
201300030427,30,11,2013,18,5,59,286,2,1,1,2,VANDERHAGEN ALBERT RUE,0.0,0.0
201300030428,13,12,2013,7,2,59,350,2,1,1,2,DUBUISSON EMILE BOULEVAR,0.0,0.0
201300030429,25,11,2013,17,3,59,350,2,1,2,6,"nc, MONTEBELLO BOULEVARD",0.0,0.0
201300030430,16,12,2013,7,2,59,350,2,1,1,7,ERFURT PONT,0.0,0.0
201300030431,18,12,2013,14,1,59,350,2,1,1,6,"243, GAMBETTA LEON RUE",0.0,0.0
201300030432,18,12,2013,16,2,59,350,2,1,1,3,"17, FAUBOURG DE BETHUNE",0.0,0.0
201300030433,20,12,2013,15,1,59,350,2,1,1,6,FAUBOURG DES POSTES RUE,0.0,0.0
201300030434,20,12,2013,21,5,59,350,2,1,1,2,LAINE EMILE RUE,0.0,0.0
201300030435,11,12,2013,10,1,59,457,2,1,7,2,FRESNEL RUE DU,0.0,0.0
201300030436,13,12,2013,18,5,59,9,2,1,1,2,TOURNAI BOULEVARD DE,0.0,0.0
201300030437,18,12,2013,13,1,59,566,2,1,1,6,COMMERCE BOULEVARD DU,0.0,0.0
201300030438,24,12,2013,3,5,59,9,2,2,2,1,BARATTE GASTON RUE,0.0,0.0
201300030439,18,12,2013,11,1,59,560,2,1,1,3,EPINETTE RUE DE L,0.0,0.0
201300030440,11,12,2013,14,1,59,9,2,9,1,3,FLANDRE AVENUEE DE,0.0,0.0
201300030441,29,12,2013,19,5,59,350,2,1,1,2,EMMERIN RUE,0.0,0.0
201300030442,10,12,2013,13,1,59,368,2,9,1,6,PRE CATELAN RUE DU,0.0,0.0
201300030443,19,12,2013,17,5,59,527,2,9,1,6,GAMBETTA LEON RUE,0.0,0.0
201300030444,25,3,2013,17,1,59,225,2,3,1,6,"19, ROGER SALENGRO (RUE)",0.0,0.0
201300030445,20,5,2013,17,1,59,392,2,1,1,7,"27, DOUZIES (RUE DE)",0.0,0.0
201300030446,27,7,2013,23,5,59,225,1,1,3,7,NEUF MESNIL (RUE DE),50.2817,3.90919
201300030447,7,8,2013,17,1,59,392,2,1,2,7,CHARLES DE GAULLE (BOULE,0.0,0.0
201300030448,19,11,2013,21,5,59,365,2,3,1,3,"57, HAUTMONT (RUE D')",0.0,0.0
201300030449,4,12,2013,11,1,59,365,2,1,1,7,LANDRECIES (ROUTE DE),0.0,0.0
201300030450,5,1,2013,12,1,59,367,2,3,1,3,"1, WATTRELOS (RUE DE)",0.0,0.0
201300030451,5,1,2013,15,1,59,512,2,1,2,2,"107, METZ (BOULEVARD DE)",0.0,0.0
201300030452,9,1,2013,14,1,59,367,1,1,2,2,RD 700,0.0,0.0
201300030453,9,1,2013,18,5,59,163,2,2,1,6,JUSSIEU (AVENUE),0.0,0.0
201300030454,9,1,2013,18,2,59,512,2,2,2,2,SALENGRO (AVENUE ROGER),0.0,0.0
201300030455,10,1,2013,13,1,59,512,2,1,1,6,"264, GRANDE  RUE",0.0,0.0
201300030456,10,1,2013,14,1,59,512,2,2,1,3,ALMA (RUE DE L'),0.0,0.0
201300030457,12,1,2013,16,1,59,512,2,1,4,6,"96, PREVERT  (RUE JACQUE",0.0,0.0
201300030458,12,1,2013,22,5,59,367,2,1,4,7,"31, FRESNOY (RUE DU)",0.0,0.0
201300030459,24,1,2013,13,1,59,646,2,1,8,6,"134, DELETTE (RUE EMILE)",0.0,0.0
201300030460,26,1,2013,11,1,59,512,2,1,4,6,"52 bis, MAUFAIT (RUE DE",0.0,0.0
201300030461,27,1,2013,11,1,59,512,2,1,1,7,"233, LILLE ( RUE DE)",0.0,0.0
201300030462,28,1,2013,17,5,59,512,2,1,1,3,NATIONS UNIES (AVENUE DE,0.0,0.0
201300030463,30,1,2013,8,5,59,512,2,1,2,6,"60, MOUVAUX (RUE DE)",0.0,0.0
201300030464,4,2,2013,15,1,59,163,2,1,1,2,"294, JAURES (RUE JEAN)",0.0,0.0
201300030465,7,2,2013,6,5,59,650,1,6,2,3,BELGIQUE,0.0,0.0
201300030466,8,2,2013,8,1,59,512,2,1,4,6,JAURES (AVENUE JEAN),0.0,0.0
201300030467,8,2,2013,12,1,59,512,2,3,1,3,LAGACHE (AVENUE JULIEN),0.0,0.0
201300030468,12,2,2013,18,1,59,163,2,2,1,3,"21, HOLDEN CROTHERS(RUE)",0.0,0.0
201300030469,13,2,2013,15,1,59,512,2,1,1,3,ALMA  (RUE DE L)',0.0,0.0
201300030470,16,2,2013,19,5,59,163,2,1,1,7,"34, JAURES (RUE JEAN)",0.0,0.0
201300030471,18,2,2013,16,1,59,163,2,1,1,6,"212, KLEBER (RUE)",0.0,0.0
201300030472,24,2,2013,13,1,59,650,2,1,1,2,JAURES (RUE JEAN),0.0,0.0
201300030473,25,2,2013,15,1,59,512,2,1,1,3,"202, GAMBETTA (BOULEVARD",0.0,0.0
201300030474,5,3,2013,13,1,59,646,2,3,1,3,"85, BART (RUE JEAN)",0.0,0.0
201300030475,5,3,2013,18,2,59,512,2,1,1,6,FOURMIES (BOULEVARD DE),0.0,0.0
201300030476,5,3,2013,18,5,59,163,2,1,1,3,"20, JAURES (RUE JEAN)",0.0,0.0