Num_Acc,jour,mois,an,hr,condition_eclairage,departement,commune,condition_agglomeration,intersection,condition_atmosphere,type_collision,adresse,lattitude,longitude
201300030477,7,3,2013,8,1,59,339,2,1,1,6,FERRY (RUE JULES),0.0,0.0
201300030478,7,3,2013,16,1,59,646,2,3,2,3,"1, SARTRE (AVENUE JEAN P",0.0,0.0
201300030479,8,3,2013,1,5,59,646,2,1,1,6,"0, FLANDRE (AVENUE DE)",0.0,0.0
201300030480,8,3,2013,11,1,59,163,2,1,1,6,"22, JAURES (RUE JEAN)",0.0,0.0
201300030481,9,3,2013,5,5,59,650,2,3,2,3,"51, SAINT VINCENT DE PAU",0.0,0.0
201300030482,9,3,2013,19,5,59,512,2,2,2,1,"2, METZ (BOULEVARD DE)",0.0,0.0
201300030483,11,3,2013,13,1,59,512,2,1,4,6,"79, EPEULE  (RUE DE L')",0.0,0.0
201300030484,14,3,2013,13,1,59,650,2,2,1,6,"30, UNION (RUE DE L')",0.0,0.0
201300030485,14,3,2013,8,1,59,646,2,1,4,6,"18, MOLINEL (LIEUDIT LE)",0.0,0.0
201300030486,23,3,2013,0,5,59,512,2,2,8,6,169 Rue Jules Guesde,50.68529,3.18473
201300030487,26,3,2013,13,1,59,512,2,1,1,6,"1, METZ (BOULEVARD DE)",0.0,0.0
201300030488,29,3,2013,17,1,59,512,2,2,1,3,"..., FRANCE (RUE DE)",0.0,0.0
201300030489,2,4,2013,15,1,59,512,2,2,1,3,MAUFAIT (RUE DE,0.0,0.0
201300030490,3,4,2013,1,5,59,512,2,6,1,6,GARE ( PLACE DE LA),0.0,0.0
201300030491,3,4,2013,0,5,59,646,2,1,1,6,"4, TRIEZ (RUE DU)",0.0,0.0
201300030492,4,4,2013,17,1,59,163,2,1,1,3,"13, FLANDRE (AVENUE DE)",0.0,0.0
201300030493,5,4,2013,22,5,59,512,2,2,1,3,"1, GAND (QUAI DE)",0.0,0.0
201300030494,6,4,2013,18,1,59,367,2,1,1,3,"1, BERT (AVENUE PAUL)",0.0,0.0
201300030495,12,4,2013,21,2,59,512,2,1,8,6,LECLERC (BOULEVARD DU GE,0.0,0.0
201300030496,13,4,2013,7,1,59,299,1,1,1,6,CD 700,0.0,0.0
201300030497,16,4,2013,17,1,59,512,2,1,2,4,"64, FOSSE AUX CHENES  (A",0.0,0.0
201300030498,17,4,2013,7,1,59,650,2,2,2,3,ARTS (RUE DES),0.0,0.0
201300030499,17,4,2013,17,1,59,512,2,1,1,6,MOUVAUX (RUE DE),0.0,0.0
201300030500,18,4,2013,19,1,59,512,2,1,1,6,"91, LAGACHE (AVENUE JULI",0.0,0.0
201300030501,19,4,2013,9,1,59,512,2,1,1,3,"43, LUXEMBOURG (RUE DU)",0.0,0.0
201300030502,19,4,2013,15,1,59,367,2,6,1,6,BERT (AVENUE PAUL),0.0,0.0
201300030503,21,4,2013,16,1,59,512,2,1,1,6,"186, GUESDE (RUE JULES)",0.0,0.0
201300030504,21,4,2013,16,1,59,512,2,1,1,1,DE COUBERTIN (RUE PIERRE,0.0,0.0
201300030505,22,4,2013,17,1,59,512,2,1,1,6,GRANDE RUE,0.0,0.0
201300030506,22,4,2013,18,1,59,512,2,1,1,6,"01, PARABOLES (AVENUE DE",0.0,0.0
201300030507,24,4,2013,18,1,59,512,2,1,1,3,DELORY (AVENUE GUSTAVE),0.0,0.0
201300030508,24,4,2013,19,1,59,512,2,2,1,3,"300, REIMS (BOULEVARD DE",0.0,0.0
201300030509,27,4,2013,13,1,59,512,2,2,2,6,SALENGRO (AVENUE ROGER),0.0,0.0
201300030510,27,4,2013,18,1,59,646,2,3,1,3,CARPEAUX (RUE),0.0,0.0
201300030511,29,4,2013,18,1,59,512,2,2,1,6,"58, ANSEELE (RUE EDOUARD",0.0,0.0
201300030512,30,4,2013,7,1,59,598,2,1,1,3,"111, VERDUN (RUE DE)",0.0,0.0
201300030513,1,5,2013,20,1,59,512,2,1,1,6,bati galon d'eau (CITE,0.0,0.0
201300030514,1,5,2013,23,5,59,646,2,1,1,6,"25, FLANDRE (AVENUE DE)",0.0,0.0
201300030515,26,4,2013,10,1,59,512,2,1,1,3,DELORY  (AVENUE GUSTAVE),0.0,0.0
201300030516,2,5,2013,17,1,59,512,2,1,1,6,"19, DE SERRES (RUE OLIVI",0.0,0.0
201300030517,4,5,2013,14,1,59,512,2,1,1,6,"251, PIERRE DE ROUBAIX (",0.0,0.0
201300030518,5,5,2013,11,1,59,512,2,1,1,6,DE GAULLE (BOULEVARD DU,0.0,0.0
201300030519,6,5,2013,16,1,59,339,1,1,1,7,CD 700,0.0,0.0
201300030520,7,5,2013,17,1,59,650,2,1,1,3,JOUHAUX (BOULEVARD LEON),0.0,0.0
201300030521,11,5,2013,19,1,59,512,2,1,1,6,"1, LIBERTE (PLACE DE LA)",0.0,0.0
201300030522,12,5,2013,18,1,59,512,2,2,1,3,"120, GUESDE (RUE JULES)",0.0,0.0
201300030523,12,5,2013,19,1,59,650,2,2,1,3,COUTEAUX (BOULEVARD DES),0.0,0.0
201300030524,15,5,2013,7,1,59,512,2,2,1,3,RUBENS (RUE),0.0,0.0
201300030525,14,5,2013,17,1,59,299,2,1,1,1,"1, CLEMENCEAU (BOULEVARD",0.0,0.0
201300030526,14,5,2013,14,1,59,512,2,2,2,6,"150, SAINT JEAN  (RUE)",0.0,0.0
201300030527,13,5,2013,12,1,59,512,2,3,1,3,FOSSE AUX CHENES  (AVENU,0.0,0.0
201300030528,1,6,2013,16,1,59,512,2,2,1,3,"113, JOUFFROY (RUE)",0.0,0.0
201300030529,7,6,2013,7,1,59,650,2,3,1,3,"1, CHOPIN (RUE FREDERIC)",0.0,0.0
201300030530,8,6,2013,0,5,59,650,2,1,1,3,"161, GUESDE (RUE JULES)",0.0,0.0
201300030531,9,6,2013,19,1,59,512,2,1,1,6,"44, VOLTAIRE (RUE)",0.0,0.0
201300030532,13,6,2013,11,1,59,512,2,1,1,3,"1, GAND (QUAI DE)",0.0,0.0
201300030533,16,6,2013,18,1,59,163,2,1,1,6,"37, THIONVILLE (RUE DE)",0.0,0.0
201300030534,17,6,2013,14,1,59,299,1,1,1,2,"1, DELACROIX (AVENUE HEN",0.0,0.0
201300030535,21,6,2013,18,1,59,646,2,1,1,3,"1, GRAND COTTIGNIES (AVE",0.0,0.0
201300030536,21,6,2013,19,1,59,512,2,1,1,6,GUESDE (RUE JULES),0.0,0.0
201300030537,21,6,2013,20,1,59,512,2,1,1,1,"16, VERCOUTERE (RUE JEAN",0.0,0.0
201300030538,27,6,2013,20,1,59,650,1,1,1,3,ANTENNE SUD DE ROUBAIX,0.0,0.0
201300030539,30,6,2013,9,1,59,512,2,1,1,6,"84, LECLERC (BOULEVARD D",0.0,0.0
201300030540,1,7,2013,9,1,59,299,2,1,1,3,"187, DE GAULLE (AVENUE C",0.0,0.0
201300030541,2,7,2013,17,1,59,339,2,1,1,6,"00, HUGO (RUE VICTOR)",0.0,0.0
201300030542,4,7,2013,4,5,59,646,2,1,1,6,"11, GRAND COTTIGNIES (AV",0.0,0.0
201300030543,4,7,2013,9,1,59,512,2,3,1,3,"1, JAURES (AVENUE JEAN)",0.0,0.0
201300030544,4,7,2013,15,1,59,512,2,1,1,6,"1, DE ROUBAIX (RUE PIERR",0.0,0.0
201300030545,4,7,2013,17,1,59,646,2,1,1,3,"4, JAURES (RUE JEAN)",0.0,0.0
201300030546,7,7,2013,0,5,59,512,2,1,1,3,"108, GUESDE (RUE JULES)",0.0,0.0
201300030547,9,7,2013,7,1,59,512,2,1,1,5,BEAUREPAIRE (BOULEVARD),0.0,0.0
201300030548,11,7,2013,17,1,59,512,2,1,1,2,"88, LECONTE BAILLON (RUE",0.0,0.0
201300030549,12,7,2013,14,1,59,512,2,1,1,6,GUESDE (RUE JULES),0.0,0.0
201300030550,15,7,2013,13,1,59,650,2,1,1,6,QUINT (RUE CHARLES),0.0,0.0
201300030551,15,7,2013,16,1,59,512,2,2,1,1,TOURCOING (RUE DE),0.0,0.0
201300030552,18,7,2013,19,1,59,650,2,1,1,7,"41, BRIAND (AVENUE ARIST",0.0,0.0
201300030553,19,7,2013,8,1,59,650,2,1,1,3,"66, MONT A LEUX (RUE DU)",0.0,0.0
201300030554,20,7,2013,0,5,59,512,2,1,1,3,"x, DELORY (AVENUE GUSTAV",0.0,0.0
201300030555,20,7,2013,17,1,59,299,1,1,1,2,D6D,0.0,0.0
201300030556,20,7,2013,20,1,59,512,2,1,1,6,"34, REIMS (BOULEVARD DE)",0.0,0.0
201300030557,23,7,2013,18,1,59,646,1,1,2,6,BRIQUES (SENTIER DES),0.0,0.0
201300030558,24,7,2013,19,1,59,650,2,2,1,6,"228, CARNOT (RUE)",0.0,0.0
201300030559,25,7,2013,7,1,59,512,2,1,1,6,DUNKERQUE (QUAI DE),0.0,0.0
201300030560,27,7,2013,12,1,59,646,2,1,1,6,"1, HOCHE (RUE)",0.0,0.0
201300030561,30,7,2013,23,5,59,598,2,3,1,3,"58, DEPORTES (RUE DES)",0.0,0.0
201300030562,3,8,2013,20,1,59,512,2,1,1,3,"1, ANTOING (RUE D')",0.0,0.0
201300030563,3,8,2013,20,1,59,646,2,1,1,6,MARNE (AVENUE DE LA),0.0,0.0
201300030564,5,8,2013,15,1,59,512,2,3,1,3,"1, LUNEVILLE (RUE DE)",0.0,0.0
201300030565,8,8,2013,8,1,59,367,2,1,1,6,"25, GUESDE (RUE JULES)",0.0,0.0
201300030566,9,8,2013,11,1,59,512,2,2,1,3,"1, BRAILLE (RUE LOUIS)",0.0,0.0
201300030567,12,8,2013,11,1,59,512,2,1,1,3,"227, REIMS (BOULEVARD DE",0.0,0.0
201300030568,13,8,2013,10,1,59,512,2,2,1,1,"1, FOSSES AUX CHENES  (P",0.0,0.0
201300030569,14,8,2013,16,1,59,512,2,2,1,3,CAMBRAI (BOULEVARD DE),0.0,0.0
201300030570,17,8,2013,23,5,59,512,2,1,1,1,"1, MOUVAUX (RUE DE)",0.0,0.0
201300030571,18,8,2013,4,5,59,512,2,1,1,7,"68, ALSACE (AVENUE D')",0.0,0.0
201300030572,18,8,2013,16,1,59,512,2,1,1,6,"116, DAUBENTON (RUE)",0.0,0.0
201300030573,19,8,2013,12,1,59,512,2,3,1,1,CARPEAUX  (RUE),0.0,0.0
201300030574,22,8,2013,21,2,59,512,2,1,1,6,"166, LACROIX (RUE BOULEV",0.0,0.0
201300030575,23,8,2013,17,1,59,646,2,2,1,2,TOURCOING (RUE DE),0.0,0.0
201300030576,24,8,2013,11,1,59,163,2,2,2,3,"1, HANNART (AVENUE GEORG",0.0,0.0
201300030577,24,8,2013,17,1,59,512,2,3,2,3,"1, FABRICANTS (RUE DES)",0.0,0.0
201300030578,26,8,2013,0,5,59,512,2,9,1,3,"133, MOTTE (AVENUE ALFRE",0.0,0.0
201300030579,31,8,2013,22,5,59,163,2,1,1,6,"28, CHARPENTIER (RUE GUS",0.0,0.0
201300030580,1,9,2013,12,1,59,163,2,3,1,3,"307, ALGER (RUE D')",0.0,0.0
201300030581,2,9,2013,20,1,59,512,2,1,1,6,"5, RONDELLE (RUE DE LA)",0.0,0.0
201300030582,6,9,2013,14,1,59,650,2,1,1,3,"3, POTENTE (RUE DE LA)",0.0,0.0
201300030583,7,9,2013,13,1,59,163,2,2,1,3,DUBLED (RUE GUSTAVE),0.0,0.0
201300030584,8,9,2013,19,1,59,163,2,3,1,3,"., JAURES (RUE JEAN)",0.0,0.0
201300030585,9,9,2013,13,1,59,512,2,1,2,1,"16, FOURMIES (BOULEVARD",0.0,0.0
201300030586,10,9,2013,8,1,59,650,2,1,2,6,GARE (RUE DE LA),0.0,0.0
201300030587,10,9,2013,15,1,59,512,2,9,1,6,"0, NATIONS UNIES (AVENUE",0.0,0.0
201300030588,11,9,2013,10,1,59,512,2,2,2,3,HUTIN (RUE DU),0.0,0.0
201300030589,16,9,2013,8,1,59,299,2,1,1,3,"61, PASCAL (RUE BLAISE)",0.0,0.0
201300030590,20,9,2013,9,1,59,512,2,2,1,3,METZ (BOULEVARD DE),0.0,0.0
201300030591,21,9,2013,6,2,59,512,2,1,1,2,"125, DUNKERQUE (QUAI DE)",0.0,0.0
201300030592,16,9,2013,20,1,59,512,2,1,1,7,NATIONS UNIES (AVENUE DE,0.0,0.0
201300030593,23,9,2013,23,5,59,512,2,1,1,1,"54, PILE (RUE DU)",0.0,0.0
201300030594,23,9,2013,16,1,59,512,2,1,1,6,"368, LANNOY (RUE DE )",0.0,0.0
201300030595,25,9,2013,17,1,59,339,2,3,1,3,"00, LEROY (RUE JOSEPH)",0.0,0.0
201300030596,26,9,2013,16,1,59,512,2,1,1,4,"1, DE GAULLE  (BOULEVARD",0.0,0.0
201300030597,26,9,2013,17,1,59,650,2,1,1,6,"47, BELLE PROMENADE (RUE",0.0,0.0
201300030598,29,9,2013,18,1,59,512,2,2,1,5,FOSSE AUX CHENES  (AVENU,0.0,0.0
201300030599,1,10,2013,20,5,59,646,2,2,1,3,"1, CANAL (SENTIER DU)",0.0,0.0
201300030600,29,9,2013,11,1,59,512,2,1,1,3,LEERS (RUE DE),0.0,0.0
201300030601,3,10,2013,10,1,59,299,1,1,1,2,"., EUROPE (AVENUE DE L')",0.0,0.0
201300030602,3,10,2013,16,1,59,512,2,2,1,3,"115, BELFORT (BOULEVARD",0.0,0.0
201300030603,3,10,2013,21,5,59,512,2,1,1,6,"2, TRICHON (PLACE DU)",0.0,0.0
201300030604,7,10,2013,17,1,59,512,2,1,1,3,"48, LYON (BOULEVARD DE)",0.0,0.0
201300030605,10,10,2013,10,1,59,512,2,3,3,6,SAINT JEAN  (RUE),0.0,0.0
201300030606,11,10,2013,12,1,59,299,1,1,2,7,CD 700,0.0,0.0
201300030607,15,10,2013,0,5,59,512,2,3,3,6,DELESPAUL (RUE),0.0,0.0
201300030608,16,10,2013,13,1,59,512,2,2,1,3,"9, FABRICANTS (RUE DES)",0.0,0.0
201300030609,16,10,2013,14,1,59,512,2,1,1,6,LAGACHE (AVENUE JULIEN),0.0,0.0
201300030610,18,10,2013,8,1,59,512,2,9,8,2,"112, METZ (BOULEVARD DE)",0.0,0.0
201300030611,18,10,2013,14,1,59,512,2,2,1,3,"., REIMS (BOULEVARD DE)",0.0,0.0
201300030612,19,10,2013,0,5,59,650,2,2,1,1,BAILLERIE (RUE DE LA),0.0,0.0
201300030613,19,10,2013,21,5,59,163,2,1,1,6,"26, SAINT JACQUES (RUE)",0.0,0.0
201300030614,21,10,2013,22,5,59,512,2,1,1,6,"20, SALENGRO  (AVENUE RO",0.0,0.0
201300030615,23,10,2013,12,1,59,299,1,1,1,4,CD 700,0.0,0.0
201300030616,23,10,2013,15,1,59,512,2,2,1,3,FONTENOY (RUE DE),0.0,0.0
201300030617,27,10,2013,9,1,59,299,2,1,2,3,"499, CLEMENCEAU (BOULEVA",0.0,0.0
201300030618,28,10,2013,13,1,59,299,2,1,1,3,LECLERC (RUE DU GENERAL),0.0,0.0
201300030619,31,10,2013,18,5,59,512,2,1,1,6,BARBIEUX  (RUE DE),0.0,0.0
201300030620,1,11,2013,16,4,59,512,2,2,1,3,"420, NATIONS UNIES (AVEN",0.0,0.0
201300030621,2,11,2013,1,5,59,512,2,1,3,6,"26 BIS, HOSPICE (RUE DE",0.0,0.0
201300030622,3,11,2013,7,1,59,299,1,1,2,6,CD 700,0.0,0.0
201300030623,27,10,2013,13,1,59,512,2,2,1,3,FOCH (RUE DU MARECHAL),0.0,0.0
201300030624,4,11,2013,9,1,59,512,2,6,2,2,"389, DELORY (AVENUE GUST",0.0,0.0
201300030625,6,11,2013,14,1,59,512,2,3,2,3,BARBIEUX  (RUE DE),0.0,0.0
201300030626,6,11,2013,17,2,59,512,2,2,2,6,SAINT JEAN  (RUE),0.0,0.0
201300030627,7,11,2013,16,5,59,367,2,1,2,3,"1, GUESDE (RUE JULES)",0.0,0.0
201300030628,8,11,2013,13,1,59,367,2,1,1,3,"180, LEBAS (RUE JEAN BAP",0.0,0.0
201300030629,9,11,2013,22,3,59,512,2,1,1,6,GAMBETTA ( BOULEVARD),0.0,0.0
201300030630,13,11,2013,9,1,59,646,2,2,7,6,"1, WASTYN (RUE JEAN)",0.0,0.0
201300030631,13,11,2013,9,1,59,646,2,1,7,6,HOCHE (RUE),0.0,0.0
201300030632,8,11,2013,16,4,59,163,2,1,3,6,"02, GUESDE (RUE JULES)",0.0,0.0
201300030633,16,11,2013,21,5,59,512,2,1,1,6,"0, LIMITE (RUE DE LA)",0.0,0.0
201300030634,18,11,2013,16,1,59,299,2,2,1,6,"120, CLEMENCEAU (BOULEVA",0.0,0.0
201300030635,19,11,2013,17,3,59,650,2,1,1,6,"6, RIVAGE (RUE DU)",0.0,0.0
201300030636,19,11,2013,17,5,59,163,2,1,1,6,"7, HOLDEN CROTHERS(RUE)",0.0,0.0
201300030637,20,11,2013,16,5,59,650,2,2,3,3,ECOLES (RUE DES),0.0,0.0
201300030638,20,11,2013,18,1,59,163,2,1,4,6,"56, GARE (RUE DE LA)",0.0,0.0
201300030639,20,11,2013,18,5,59,163,2,1,4,6,"11, GARE (RUE DE LA)",0.0,0.0
201300030640,23,11,2013,10,1,59,512,2,1,1,3,ARTS  (RUE DES),0.0,0.0
201300030641,23,11,2013,15,1,59,512,2,1,1,6,"221, FOURMIES (BOULEVARD",0.0,0.0
201300030642,23,11,2013,19,5,59,650,2,1,1,1,"-, BLUM (RUE LEON)",0.0,0.0
201300030643,27,11,2013,3,5,59,646,2,1,1,6,"3, LEBAS (AVENUE JEAN BA",0.0,0.0
201300030644,29,11,2013,10,1,59,512,2,1,1,3,CAMBRAI (BOULEVARD DE),0.0,0.0
201300030645,2,12,2013,11,1,59,512,2,3,1,6,"-, LAGRANGE (RUE LEO)",0.0,0.0
201300030646,2,12,2013,15,1,59,512,2,2,1,3,JOUFFROY (RUE),0.0,0.0
201300030647,4,12,2013,8,1,59,512,2,1,1,3,DAMMARTIN (RUE),0.0,0.0
201300030648,4,12,2013,18,5,59,512,2,3,2,7,"21, HALLUIN (BOULEVARD D",0.0,0.0
201300030649,7,12,2013,17,5,59,650,2,1,1,1,"266, FAIDHERBE (RUE)",0.0,0.0
201300030650,9,12,2013,18,5,59,299,2,1,1,3,"86, CLEMENCEAU (BOULEVAR",0.0,0.0
201300030651,10,12,2013,8,1,59,512,2,1,1,3,JAURES (AVENUE JEAN),0.0,0.0
201300030652,10,12,2013,20,5,59,512,2,1,1,6,"6, LACORDAIRE",0.0,0.0
201300030653,11,12,2013,17,5,59,646,2,1,1,6,"-, Francois Mitterand (R",0.0,0.0
201300030654,11,12,2013,19,5,59,512,2,2,1,3,"67, MOTTE (AVENUE ALFRED",0.0,0.0
201300030655,15,12,2013,14,1,59,512,2,2,1,3,GRANDE RUE,0.0,0.0
201300030656,11,12,2013,11,1,59,512,2,1,1,6,"104, COLLEGE (RUE DU)",0.0,0.0
201300030657,16,12,2013,17,5,59,650,2,4,1,6,GAMBETTA (RUE),0.0,0.0
201300030658,17,12,2013,17,5,59,512,2,1,1,6,"66, ALGER  (RUE D')",0.0,0.0
201300030659,1,1,2013,20,5,59,650,2,1,1,6,261 Rue Jules Guesde,50.71097,3.23435
201300030660,20,12,2013,14,1,59,512,2,1,1,6,"1, NATIONS UNIES (AVENUE",0.0,0.0
201300030661,20,12,2013,16,3,59,512,2,1,1,2,LEERS (RUE DE),0.0,0.0
201300030662,22,12,2013,13,1,59,512,2,2,2,3,"208, MOTTE (AVENUE ALFRE",0.0,0.0
201300030663,23,12,2013,1,5,59,512,2,1,2,1,"72, BELFORT (BOULEVARD D",0.0,0.0
201300030664,23,12,2013,7,1,59,367,2,1,1,6,"3, JAURES (RUE JEAN)",0.0,0.0
201300030665,26,12,2013,8,1,59,163,2,1,1,3,"6, REPUBLIQUE (PLACE DE",0.0,0.0
201300030666,26,12,2013,23,5,59,646,2,1,1,6,"17, PASTEUR (RUE)",0.0,0.0
201300030667,27,12,2013,14,1,59,512,2,1,2,2,COQ FRANCAIS (RUE DU),0.0,0.0
201300030668,2,12,2013,15,1,59,512,2,3,1,2,"1, NATIONS UNIES (AVENUE",0.0,0.0
201300030669,27,12,2013,11,1,59,512,2,1,2,3,LACORDAIRE,0.0,0.0
201300030670,29,12,2013,16,1,59,512,2,1,1,6,METZ (BOULEVARD DE),0.0,0.0
201300030671,31,12,2013,19,5,59,512,2,1,2,6,"112, SAINT JEAN (RUE)",0.0,0.0
201300030672,11,1,2013,17,5,59,526,2,9,8,6,"19, GRAND PLACE",0.0,0.0
201300030673,26,1,2013,16,1,59,284,2,2,4,3,CD.40,0.0,0.0
201300030674,2,2,2013,1,5,59,526,2,1,1,6,"63/65, DE RIVOLI",0.0,0.0
201300030675,13,2,2013,9,1,59,284,2,2,1,3,CD.40,0.0,0.0
201300030676,4,7,2013,15,1,59,526,2,1,1,1,rue du Moulin Blanc,50.44289,3.4124
201300030677,2,12,2013,17,3,59,526,2,1,1,1,DE NIVELLE,0.0,0.0
201300030678,6,1,2013,20,5,59,599,2,1,1,6,GAMBETTA (BOULEVARD),0.0,0.0
201300030679,10,1,2013,10,1,59,421,2,6,1,6,"0, ALBERT EINSTEIN",0.0,0.0
201300030680,9,1,2013,18,5,59,599,2,1,8,2,GAND (RUE DE),0.0,0.0
201300030681,12,1,2013,21,5,59,599,2,5,4,3,"1, GRAMME (CHAUSSEE)",0.0,0.0
201300030682,22,1,2013,13,1,59,599,2,1,4,6,"608, PARIS (RUE DE)",0.0,0.0
201300030683,22,1,2013,15,1,59,599,2,1,4,3,BRUN PAIN (RUE DU),0.0,0.0
201300030684,22,1,2013,17,3,59,152,1,1,8,3,boulevard de la lys,0.0,0.0
201300030685,23,1,2013,15,1,59,599,2,1,1,6,LEHOUCQ (RUE FIDELE),0.0,0.0
201300030686,25,1,2013,13,1,59,352,2,1,4,2,"88, VIGNETTE (RUE)",0.0,0.0
201300030687,25,1,2013,16,1,59,599,2,3,1,6,POTENTE (RUE DE LA),0.0,0.0
201300030688,26,1,2013,8,1,59,279,2,1,9,6,NEUVILLE (ROUTE DE),0.0,0.0
201300030689,28,1,2013,8,1,59,599,2,2,1,3,GUISNES (RUE DE),0.0,0.0
201300030690,29,1,2013,18,5,59,599,2,1,2,6,GALILEE (CHAUSSEE),0.0,0.0
201300030691,30,1,2013,18,5,59,599,2,3,1,6,WAILLY (RUE DE),0.0,0.0
201300030692,5,2,2013,9,1,59,421,2,3,1,3,TOURCOING (RUE DE),0.0,0.0
201300030693,9,2,2013,6,5,59,599,2,1,5,6,"101, MARLIERE (RUE DE LA",0.0,0.0
201300030694,14,2,2013,8,1,59,352,1,1,2,7,WAMBRECHIES (RUE DE),0.0,0.0
201300030695,16,2,2013,5,5,59,152,2,3,1,3,"152, WERWICQ (RUE DE)",0.0,0.0
201300030696,19,2,2013,10,1,59,508,2,1,1,2,HALLUIN (BOULEVARD D'),0.0,0.0
201300030697,19,2,2013,10,1,59,599,2,2,1,3,THIERS (RUE),0.0,0.0
201300030698,20,2,2013,21,5,59,599,2,2,1,3,"0, CHOCQUEEL (RUE WINOC)",0.0,0.0
201300030699,22,2,2013,19,5,59,90,2,1,1,7,"60, COQUINAGE (AVENUE)",0.0,0.0
201300030700,25,2,2013,19,3,59,599,2,1,2,6,MARNE (AVENUE DE LA),0.0,0.0
201300030701,1,3,2013,18,1,59,426,2,3,1,7,"207, TOURCOING (RUE DE)",0.0,0.0
201300030702,3,3,2013,1,5,59,421,2,1,1,6,"21, CARNOT (BLD) DE1 A 2",0.0,0.0
201300030703,5,3,2013,13,1,59,152,2,1,1,3,LINSELLES (RUE DE),0.0,0.0
201300030704,6,3,2013,20,2,59,599,2,1,1,6,DROUOT (RUE DU GENERAL),0.0,0.0
201300030705,11,3,2013,13,1,59,599,2,1,4,2,NATIONALE (RUE),0.0,0.0
201300030706,11,3,2013,18,2,59,599,2,1,4,6,"132, DUNKERQUE (RUE DE)",0.0,0.0
201300030707,14,3,2013,16,1,59,599,2,1,1,1,ROUBAIX (RUE DE),0.0,0.0
201300030708,16,3,2013,7,1,59,599,2,1,8,1,COTY (RUE DU PRESIDENT),0.0,0.0
201300030709,1,4,2013,6,5,59,599,2,1,1,6,"100, YSER (RUE DE L')",0.0,0.0
201300030710,3,4,2013,14,1,59,599,2,2,1,3,FRANCE (RUE ANATOLE),0.0,0.0
201300030711,5,4,2013,15,1,59,279,2,1,1,6,"199, LILLE (RUE DE)",0.0,0.0
201300030712,10,4,2013,1,5,59,599,2,6,8,6,"210, SCHUMAN (RUE ROBERT",0.0,0.0
201300030713,10,4,2013,3,5,59,426,2,1,2,6,Rte Départementale,50.74564,3.14776
201300030714,7,4,2013,12,1,59,599,2,1,1,6,"100, MOUVAUX (RUE DE)",0.0,0.0
201300030715,10,4,2013,16,1,59,599,2,3,1,3,HOUPLINE (RUE DU CH?NE),0.0,0.0
201300030716,10,4,2013,17,1,59,421,2,1,1,6,"496, TOURCOING (RUE DE)",0.0,0.0
201300030717,11,4,2013,7,1,59,508,2,2,2,6,HALLUIN (BOULEVARD D'),0.0,0.0
201300030718,13,4,2013,11,1,59,279,1,1,1,1,LOISEL (CHEMIN DE),0.0,0.0
201300030719,26,4,2013,13,1,59,426,2,1,1,3,VERTUQUET (RUE DU),0.0,0.0
201300030720,28,4,2013,12,1,59,599,2,2,1,3,WATTINE (RUE CHARLES),0.0,0.0
201300030721,26,4,2013,12,1,59,90,2,1,1,6,GEORGES (CHEMIN SAINT),0.0,0.0
201300030722,3,5,2013,9,1,59,421,2,1,1,6,WINSTON (AVENUE CHURCHIL,0.0,0.0
201300030723,3,5,2013,14,1,59,656,2,1,1,2,"87, PERI (RUE GABRIEL)",0.0,0.0
201300030724,4,5,2013,19,1,59,421,2,2,1,3,LORTHIOIS (RUE)2A60-1A61,0.0,0.0
201300030725,7,5,2013,9,1,59,599,2,2,1,3,rues La Baille/Houchard,0.0,0.0
201300030726,8,5,2013,1,5,59,656,2,3,1,6,BRIAND (RUE ARISTIDE),0.0,0.0
201300030727,9,5,2013,19,1,59,599,2,2,1,3,"236, RONCQ (RUE DE)",0.0,0.0
201300030728,10,5,2013,10,1,59,152,2,3,1,6,FLANDRE (RUE DE),0.0,0.0
201300030729,13,5,2013,18,1,59,421,2,3,1,3,LILLE (RUE DE),0.0,0.0
201300030730,15,5,2013,18,1,59,599,2,2,1,4,"172, GAMBETTA (BOULEVARD",0.0,0.0
201300030731,15,5,2013,20,1,59,508,1,6,7,5,PASTEUR (RUE),0.0,0.0
201300030732,18,5,2013,1,5,59,599,2,2,2,2,HALLUIN (BOULEVARD D'),0.0,0.0
201300030733,22,5,2013,13,1,59,508,2,1,8,7,408 Rue du Dronckaert,50.72368,3.1119
201300030734,11,5,2013,19,2,59,599,2,2,1,1,SENTIER (RUE DU),0.0,0.0
201300030735,26,5,2013,11,1,59,352,2,2,1,6,CLEMENCEAU (RUE),0.0,0.0
201300030736,1,6,2013,19,1,59,279,2,1,1,3,"184, LILLE (RUE DE)",0.0,0.0
201300030737,3,6,2013,16,1,59,599,2,1,1,6,PARIS (RUE DE),0.0,0.0
201300030738,4,6,2013,12,1,59,599,2,3,1,3,"377, ORIONS (RUE DES)",0.0,0.0
201300030739,4,6,2013,11,1,59,279,2,1,1,6,LEMIRE (RUE DE L'ABBE),0.0,0.0
201300030740,7,6,2013,13,1,59,599,2,1,7,2,"30 A, LEBAS (RUE JEAN BA",0.0,0.0
201300030741,9,6,2013,17,1,59,599,2,1,1,6,"3 BIS, EGALITE (BOULEVAR",0.0,0.0
201300030742,15,6,2013,12,1,59,426,2,1,1,3,VERTUQUET (RUE DU),0.0,0.0
201300030743,15,6,2013,14,1,59,426,1,1,1,3,VERTUQUET (RUE DU),0.0,0.0
201300030744,15,6,2013,21,2,59,599,2,1,1,2,"126, verte (RUE)",0.0,0.0
201300030745,13,6,2013,14,1,59,599,2,3,2,6,BASSE (RUE),0.0,0.0
201300030746,21,6,2013,0,5,59,508,2,1,1,6,BILLEMONT (RUE),0.0,0.0
201300030747,28,6,2013,15,1,59,599,2,1,1,6,"100, SCHUMAN (RUE ROBERT",0.0,0.0
201300030748,30,6,2013,18,1,59,152,2,1,1,6,"32, COMINES (RUE PHILIPP",0.0,0.0