Num_Acc,jour,mois,an,hr,condition_eclairage,departement,commune,condition_agglomeration,intersection,condition_atmosphere,type_collision,adresse,lattitude,longitude
201300030749,30,6,2013,21,2,59,508,2,1,1,2,"103, LILLE (RUE DE)LATER",0.0,0.0
201300030750,2,7,2013,14,1,59,90,1,1,1,2,"131, WAMBRECHIES (AVENUE",0.0,0.0
201300030751,2,7,2013,15,1,59,599,2,1,1,6,"97, CAIRE (RUE DU)",0.0,0.0
201300030752,8,7,2013,18,1,59,352,1,2,1,3,QUESNOY (RUE),0.0,0.0
201300030753,9,7,2013,13,1,59,508,2,4,1,3,DRONCKAERT (RUE DU),0.0,0.0
201300030754,15,7,2013,15,1,59,352,2,1,1,2,HAUTEVALLE (ROUTE),0.0,0.0
201300030755,15,7,2013,20,1,59,599,2,2,1,3,CURIE (CHAUSSEE PIERRE),0.0,0.0
201300030756,19,7,2013,17,1,59,599,2,1,1,6,"120, HAZE (RUE DU)",0.0,0.0
201300030757,19,7,2013,17,1,59,599,2,2,7,1,CONDORCET (RUE ),0.0,0.0
201300030758,23,7,2013,9,1,59,599,2,1,1,2,"253, BERTHELOT (CHAUSSEE",0.0,0.0
201300030759,23,7,2013,21,5,59,599,2,1,1,1,"31, POUTRAINS (RUE DES)",0.0,0.0
201300030760,24,7,2013,19,1,59,421,2,1,1,3,CARNOT (BLD)DE 30A46-150,0.0,0.0
201300030761,25,7,2013,16,1,59,656,2,1,7,1,BRIAND (RUE ARISTIDE),0.0,0.0
201300030762,27,7,2013,17,1,59,599,2,1,1,3,"40, BRUN PAIN (RUE DU)",0.0,0.0
201300030763,26,7,2013,12,1,59,599,2,2,1,6,GRAMME (CHAUSSEE),0.0,0.0
201300030764,1,8,2013,17,1,59,426,2,1,1,2,VERTUQUET (RUE DU),0.0,0.0
201300030765,1,8,2013,20,1,59,599,2,1,1,6,MADAGASCAR (RUE DE),0.0,0.0
201300030766,2,8,2013,18,1,59,152,2,1,1,6,"87, HURLUPIN (RUE D')",0.0,0.0
201300030767,6,8,2013,14,1,59,599,2,3,1,3,GUERRE (RUE FIN DE LA),0.0,0.0
201300030768,6,8,2013,20,1,59,98,2,1,1,3,"18, GAULLE (PLACE DU GEN",0.0,0.0
201300030769,7,8,2013,16,1,59,599,2,1,2,6,"., PONT ROMPU (RUE DU)",0.0,0.0
201300030770,8,8,2013,21,1,59,352,2,1,1,6,NORD (ROUTE DE LA PLAINE,0.0,0.0
201300030771,9,8,2013,14,1,59,426,2,3,1,3,VERTUQUET (RUE DU),0.0,0.0
201300030772,12,8,2013,17,1,59,599,2,2,1,3,ORIONS (RUE DES),0.0,0.0
201300030773,14,8,2013,22,5,59,599,2,2,1,3,"0, TESTELIN (RUE ACHILLE",0.0,0.0
201300030774,20,8,2013,18,1,59,599,2,1,1,6,BLANCHE PORTE (RUE DE LA,0.0,0.0
201300030775,20,8,2013,18,1,59,599,2,1,1,6,CAMBRAI (RUE DE),0.0,0.0
201300030776,20,8,2013,19,1,59,599,2,1,1,6,"29, LAHARPE (RUE DU GENE",0.0,0.0
201300030777,26,8,2013,11,1,59,599,2,2,1,3,"., PAPIN (CHAUSSEE DENIS",0.0,0.0
201300030778,26,8,2013,19,1,59,599,2,1,1,6,"24, LORIDANT (RUE HENRI)",0.0,0.0
201300030779,30,8,2013,17,1,59,599,2,3,1,3,PARIS (RUE DE),0.0,0.0
201300030780,1,9,2013,10,1,59,152,2,9,1,3,WERWICQ (RUE DE),0.0,0.0
201300030781,6,9,2013,13,1,59,599,2,1,2,6,"., BAILLE (RUE DE LA)",0.0,0.0
201300030782,5,9,2013,18,1,59,599,2,1,7,2,PAPIN (CHAUSSEE DENIS),0.0,0.0
201300030783,6,9,2013,13,1,59,599,2,3,2,3,GAND (RUE DE),0.0,0.0
201300030784,6,9,2013,13,1,59,656,2,6,2,7,"., PERI (RUE GABRIEL)",0.0,0.0
201300030785,7,9,2013,5,3,59,352,2,1,1,6,"123, WERWICQ (RUE DE)",0.0,0.0
201300030786,7,9,2013,12,1,59,508,2,1,1,6,"946, DRONCKAERT (RUE DU)",0.0,0.0
201300030787,14,9,2013,19,1,59,656,2,1,2,6,"37B, LINSELLES (RUE DE)",0.0,0.0
201300030788,16,9,2013,14,1,59,599,2,2,1,3,WATT (CHAUSSEE),0.0,0.0
201300030789,21,9,2013,12,1,59,599,2,1,1,3,GRAMME (CHAUSSEE),0.0,0.0
201300030790,22,9,2013,17,1,59,599,2,1,1,6,"40, DONALD (RUE  MAC)",0.0,0.0
201300030791,23,9,2013,16,1,59,152,2,1,1,6,"122, HURLUPIN (RUE D')",0.0,0.0
201300030792,24,9,2013,14,1,59,279,2,1,1,6,"62, ZOLA (RUE EMILE)",0.0,0.0
201300030793,26,9,2013,7,1,59,279,2,1,5,2,LILLE (RUE DE),0.0,0.0
201300030794,26,9,2013,13,1,59,599,2,1,1,4,"28, FRANCS (RUE DES)",0.0,0.0
201300030795,26,9,2013,16,1,59,656,2,1,1,2,BRIAND (RUE ARISTIDE),0.0,0.0
201300030796,28,9,2013,11,1,59,599,2,1,1,6,GAMBETTA (BOULEVARD),0.0,0.0
201300030797,30,9,2013,6,5,59,599,2,3,1,2,PAPIN (CHAUSSEE DENIS),0.0,0.0
201300030798,1,10,2013,11,1,59,152,2,2,1,3,PASTEUR (RUE),0.0,0.0
201300030799,2,10,2013,10,1,59,599,2,3,1,3,BAILLE (RUE DE LA),0.0,0.0
201300030800,3,10,2013,15,1,59,599,2,1,1,6,ROUSSEL (PLACE CHARLES E,0.0,0.0
201300030801,5,10,2013,15,1,59,599,2,2,1,3,CONDORCET (RUE ),0.0,0.0
201300030802,10,10,2013,15,1,59,426,2,4,3,3,VERTUQUET (RUE DU),0.0,0.0
201300030803,15,10,2013,9,1,59,508,2,1,1,7,LATTE (RUE DE LA),0.0,0.0
201300030804,16,10,2013,8,1,59,599,2,1,1,3,GUISNES (RUE DE),0.0,0.0
201300030805,17,10,2013,9,1,59,421,2,3,2,3,ROUBAIX (RUE DE),0.0,0.0
201300030806,17,10,2013,13,1,59,599,2,3,1,3,"0, GAMBETTA (BOULEVARD)",0.0,0.0
201300030807,17,10,2013,17,1,59,599,2,1,1,6,SEMARD (PLACE PIERRE),0.0,0.0
201300030808,18,10,2013,9,1,59,599,2,1,1,6,"51 TER, TOURNAI (RUE DE)",0.0,0.0
201300030809,20,10,2013,19,5,59,599,2,2,2,3,DRON (AVENUE GUSTAVE),0.0,0.0
201300030810,24,10,2013,17,1,59,599,2,1,1,6,"10, CALAIS (RUE DE)",0.0,0.0
201300030811,26,10,2013,15,1,59,599,2,1,1,6,"65, URSULINES (RUE DES)",0.0,0.0
201300030812,29,10,2013,14,1,59,599,2,2,2,2,"33, VICTOIRE (PLACE DE L",0.0,0.0
201300030813,31,10,2013,10,1,59,599,2,1,1,6,LEHOUCQ (RUE FIDELE),0.0,0.0
201300030814,31,10,2013,16,1,59,599,2,2,1,3,BERTHELOT (CHAUSSEE MARC,0.0,0.0
201300030815,3,11,2013,1,5,59,599,2,2,2,3,THIERS (RUE),0.0,0.0
201300030816,4,11,2013,18,2,59,599,2,1,1,3,"34, PERRAULT (RUE CLAUDE",0.0,0.0
201300030817,7,11,2013,13,1,59,599,1,1,2,6,"43, MONGE (RUE)",0.0,0.0
201300030818,7,11,2013,18,5,59,90,2,1,2,6,GAULLE (AVENUE DU GENERA,0.0,0.0
201300030819,8,11,2013,9,1,59,599,2,2,8,3,"1, LARTILLIER (RUE LUCIE",0.0,0.0
201300030820,8,11,2013,19,5,59,599,2,1,8,6,SCHUMAN (RUE ROBERT),0.0,0.0
201300030821,11,11,2013,14,1,59,426,1,2,1,3,RISQUONS TOUT (ROUTE DU),0.0,0.0
201300030822,13,11,2013,8,1,59,599,2,6,1,6,"2, WATTEEUW (RUE JULES)",0.0,0.0
201300030823,15,11,2013,15,1,59,599,2,3,1,6,DEWYN (RUE DU DOCTEUR),0.0,0.0
201300030824,17,11,2013,19,5,59,152,2,3,1,3,", QUESNOY (RUE DE)",0.0,0.0
201300030825,18,11,2013,14,1,59,426,2,1,1,2,"66, RECKEM (RUE DE)",0.0,0.0
201300030826,19,11,2013,12,1,59,599,2,3,1,6,GUERRE (RUE FIN DE LA),0.0,0.0
201300030827,20,11,2013,9,1,59,90,2,1,1,6,"22 bis, RUE JEAN BAPTIST",0.0,0.0
201300030828,25,11,2013,16,2,59,599,2,1,2,6,"176, CARLIERS (RUE DES)",0.0,0.0
201300030829,28,11,2013,13,1,59,599,2,3,8,6,"0, LEMIRE (RUE DE L'ABBE",0.0,0.0
201300030830,2,12,2013,8,1,59,599,1,1,1,6,PASTEUR (RUE),0.0,0.0
201300030831,4,12,2013,19,5,59,599,2,1,9,6,"205, FRANCS (RUE DES)",0.0,0.0
201300030832,5,12,2013,13,1,59,599,2,1,1,6,"224, PIERRES (RUE DES TR",0.0,0.0
201300030833,9,12,2013,13,1,59,508,2,1,1,6,"412, LILLE (RUE DE)LATER",0.0,0.0
201300030834,10,12,2013,14,1,59,599,2,1,1,6,"43, POUTRAINS (RUE DES)",0.0,0.0
201300030835,11,12,2013,18,5,59,426,1,1,1,5,";, RACCORDEMENT (VOIE DE",0.0,0.0
201300030836,13,12,2013,20,3,59,152,1,1,2,2,boulevard de la lys,0.0,0.0
201300030837,14,12,2013,17,5,59,599,2,1,8,6,GUERRE (RUE FIN DE LA),0.0,0.0
201300030838,15,12,2013,19,5,59,599,2,3,1,6,HONDSCHOOTE (RUE D'),0.0,0.0
201300030839,19,12,2013,9,1,59,599,2,2,2,3,"., RACINE (RUE)",0.0,0.0
201300030840,19,12,2013,12,1,59,426,1,1,1,2,"., RACCORDEMENT (VOIE DE",0.0,0.0
201300030841,19,12,2013,17,5,59,152,2,1,1,6,HURLUPIN (RUE D'),0.0,0.0
201300030842,21,12,2013,10,1,59,599,2,1,1,6,"36, SALEMBIEN (RUE LEON)",0.0,0.0
201300030843,22,12,2013,21,5,59,152,2,3,2,3,"150, WERWICQ (RUE DE)",0.0,0.0
201300030844,23,12,2013,16,2,59,599,2,2,6,3,"136, DESCAT (BOULEVARD C",0.0,0.0
201300030845,28,12,2013,15,1,59,599,2,1,1,2,"158, GRAMME (CHAUSSEE)",0.0,0.0
201300030846,28,12,2013,19,5,59,279,2,2,2,3,"30, NEUVILLE (ROUTE DE)",0.0,0.0
201300030847,31,12,2013,8,2,59,508,2,1,1,6,"152, DRONCKAERT (RUE DU)",0.0,0.0
201300030848,24,12,2013,8,3,59,544,1,1,6,6,"00, ROLEUR (RUE DU)",0.0,0.0
201300030849,15,12,2013,15,1,59,14,2,2,1,3,"301, MICHEL (RUE LOUISE)",0.0,0.0
201300030850,21,12,2013,9,1,59,606,2,1,1,6,"2, DENTELLIERES (AVENUE",0.0,0.0
201300030851,27,12,2013,21,5,59,603,2,1,1,6,"19, ZOLA (RUE EMILE)",0.0,0.0
201300030852,29,12,2013,18,5,59,447,1,6,1,6,"0, RD 935 N",0.0,0.0
201300030853,11,1,2013,17,3,59,491,1,1,2,6,Rte Départementale,50.41106,3.44284
201300030854,26,1,2013,11,1,59,491,2,1,1,6,"7, FRANCK (RUE CESAR)",0.0,0.0
201300030855,31,1,2013,17,1,59,606,2,2,1,3,"00, VERDUN (AVENUE DE)",0.0,0.0
201300030856,31,1,2013,19,5,59,14,2,2,1,6,"00, MATHIEU (RUE PIERRE)",0.0,0.0
201300030857,6,2,2013,13,1,59,14,2,3,1,3,"00, JAURES (RUE JEAN)",0.0,0.0
201300030858,9,2,2013,6,5,59,383,2,1,1,6,"20, BARBUSSE (AVENUE HEN",0.0,0.0
201300030859,11,3,2013,16,1,59,544,2,1,1,1,"00, ROLEUR (RUE DU)",0.0,0.0
201300030860,8,3,2013,21,5,59,479,2,1,1,6,142 rue Jean- Jaurès,50.39376,3.62964
201300030861,21,3,2013,17,1,59,606,2,1,1,6,"180, HARPIGNIES (BOULEVA",0.0,0.0
201300030862,25,3,2013,8,1,59,606,2,1,1,6,"00, ARMES (PLACE D')",0.0,0.0
201300030863,25,3,2013,15,1,59,606,1,1,1,6,"00, RD 935 N",0.0,0.0
201300030864,15,3,2013,10,1,59,606,2,1,1,6,"00, REPUBLIQUE (PLACE DE",0.0,0.0
201300030865,30,3,2013,17,1,59,484,2,1,1,3,"00, JAURES (AVENUE JEAN)",0.0,0.0
201300030866,5,3,2013,17,1,59,606,2,2,1,3,"37, KILMAINE (RUE)",0.0,0.0
201300030867,27,3,2013,18,1,59,459,2,1,1,3,"00, ZAC AUCHAN",0.0,0.0
201300030868,4,4,2013,7,1,59,606,2,2,1,6,"00, EISEN (BOULEVARD)",0.0,0.0
201300030869,8,4,2013,13,1,59,606,2,1,1,4,"00, POMPIDOU (AVENUE GEO",0.0,0.0
201300030870,18,4,2013,18,1,59,459,2,1,1,6,"00, 19 MARS 1962",0.0,0.0
201300030871,23,4,2013,17,1,59,491,2,3,1,6,DURRE (RUE HENRI),0.0,0.0
201300030872,23,4,2013,19,1,59,14,2,3,1,6,"00, FRANCE (AVENUE ANATO",0.0,0.0
201300030873,27,4,2013,9,1,59,447,2,3,1,6,"5, PARMENTIER (RUE)",0.0,0.0
201300030874,15,4,2013,12,1,59,112,2,3,1,3,"00, ROLLIN (RUE LEDRU)",0.0,0.0
201300030875,10,4,2013,11,1,59,459,1,3,1,3,MITTERAND (Fran?ois rue),0.0,0.0
201300030876,23,5,2013,19,1,59,606,2,8,1,6,"00, DESANDROUIN (AV) - S",0.0,0.0
201300030877,28,5,2013,16,1,59,491,2,1,1,6,"00, RD 70",0.0,0.0
201300030878,22,5,2013,5,1,59,32,2,1,1,6,"00, RD 958",0.0,0.0
201300030879,7,6,2013,17,1,59,383,2,1,1,6,"00, VOSGES (RUE DES)",0.0,0.0
201300030880,7,6,2013,10,1,59,606,2,1,1,6,"00, HAINAUT (PLACE DU)",0.0,0.0
201300030881,27,5,2013,10,1,59,606,2,3,1,2,"00, CAMBRAI (AVENUE DU F",0.0,0.0
201300030882,7,6,2013,10,1,59,447,2,1,1,6,"00, JAURES (RUE JEAN)",0.0,0.0
201300030883,12,6,2013,11,1,59,606,2,1,1,6,PATER (BOULEVARD),0.0,0.0
201300030884,21,6,2013,9,1,59,606,2,1,2,2,"0, POMPIDOU (AVENUE GEOR",0.0,0.0
201300030885,25,6,2013,10,1,59,606,2,1,1,6,"00, PARIS (RUE DU FAUBOU",0.0,0.0
201300030886,25,6,2013,14,1,59,606,2,1,1,6,"00, HUGO (PLACE VICTOR)",0.0,0.0
201300030887,3,7,2013,17,1,59,603,2,1,1,6,"00, ORMES (RUE DES)",0.0,0.0
201300030888,3,7,2013,16,1,59,160,1,1,1,6,SAINT AYBERT (ROUTE DE),0.0,0.0
201300030889,13,7,2013,15,1,59,491,2,1,1,6,"14, SALENGRO (RUE ROGER)",0.0,0.0
201300030890,10,7,2013,8,1,59,459,2,4,1,3,"00, 19 MARS 1962",0.0,0.0
201300030891,20,7,2013,19,1,59,544,2,3,1,6,"0, JAURES (PASSAGE DE LA",0.0,0.0
201300030892,24,7,2013,18,1,59,479,1,1,1,6,"0, RD 50",0.0,0.0
201300030893,26,7,2013,7,1,59,32,2,3,1,3,"58, BREL (VILLA JACQUES)",0.0,0.0
201300030894,2,7,2013,7,1,59,447,1,6,1,6,ZONE INDUSTRIELLE N?9,0.0,0.0
201300030895,26,7,2013,18,1,59,606,2,2,1,3,"0, VIGNES (RES. LES) - L",0.0,0.0
201300030896,1,8,2013,20,1,59,14,2,1,1,6,"55, FRANCE (AVENUE ANATO",0.0,0.0
201300030897,6,8,2013,12,1,59,491,2,3,1,6,"142, DURRE (RUE HENRI)",0.0,0.0
201300030898,6,8,2013,20,1,59,491,2,1,1,6,"15 BIS, MOZART (RESIDENC",0.0,0.0
201300030899,20,7,2013,8,1,59,606,2,6,1,3,"0, WINSTON CHURCHILL (PL",0.0,0.0
201300030900,14,8,2013,2,5,59,606,2,2,1,3,DAMPIERRE (AVENUE),0.0,0.0
201300030901,19,7,2013,14,1,59,14,2,3,1,3,"0, HUGO (RUE VICTOR)",0.0,0.0
201300030902,27,7,2013,15,1,59,613,1,1,1,6,RD 50,0.0,0.0
201300030903,9,8,2013,13,1,59,491,2,1,1,6,"25, DURRE (RUE HENRI)",0.0,0.0
201300030904,12,8,2013,8,1,59,606,2,3,1,6,"0, GAMBETTA (RUE)",0.0,0.0
201300030905,16,7,2013,14,1,59,606,2,1,1,6,"00, DELIVRANCE (RUE DE L",0.0,0.0
201300030906,23,7,2013,15,1,59,606,2,1,1,6,"0, REPUBLIQUE (PLACE DE",0.0,0.0
201300030907,5,8,2013,14,1,59,606,2,1,1,6,"31, GUISEZ (IMPASSE) - A",0.0,0.0
201300030908,14,9,2013,17,1,59,14,2,2,1,3,"00, CARNOT (RUE)",0.0,0.0
201300030909,11,9,2013,17,1,59,613,1,3,1,3,"00, RD 50",0.0,0.0
201300030910,21,8,2013,17,1,59,369,1,1,1,6,"00, RD 40",0.0,0.0
201300030911,28,7,2013,8,1,59,613,1,2,1,3,RD 50,0.0,0.0
201300030912,8,10,2013,21,5,59,459,2,1,1,6,ZAC AUCHAN,0.0,0.0
201300030913,4,10,2013,20,5,59,606,2,1,1,6,"00, AUVERGNE (RUE D')",0.0,0.0
201300030914,14,10,2013,18,1,59,491,2,1,1,6,GRAND'PLACE,0.0,0.0
201300030915,10,10,2013,8,2,59,606,2,1,8,6,"0, PATER (BOULEVARD)",0.0,0.0
201300030916,1,11,2013,6,3,59,479,2,1,1,6,"75, HUIT MAI 1945 CD50 (",0.0,0.0
201300030917,31,10,2013,22,5,59,112,2,1,1,6,"0, VOLTAIRE (RUE)",0.0,0.0
201300030918,17,10,2013,9,1,59,544,2,1,1,6,"00, JAURES (RUE JEAN)",0.0,0.0
201300030919,23,10,2013,15,1,59,606,2,1,1,6,"02, WATTEAU (BOULEVARD)",0.0,0.0
201300030920,9,10,2013,7,3,59,14,2,1,1,6,"00, CITE PROPRE (voie di",0.0,0.0
201300030921,29,10,2013,10,1,59,383,2,1,1,6,"00, FLANDRES (AVENUE DES",0.0,0.0
201300030922,28,10,2013,15,1,59,544,1,2,1,3,"00, RD 75",0.0,0.0
201300030923,16,11,2013,19,5,59,112,2,2,5,3,"00, MARRONNIERS (RUE DES",0.0,0.0
201300030924,28,10,2013,17,5,59,383,2,3,1,3,"00, CAMELINAT (RUE)",0.0,0.0
201300030925,14,10,2013,12,1,59,606,2,1,1,6,"00, ALLIES (BOULEVARD DE",0.0,0.0
201300030926,24,11,2013,2,5,59,459,2,1,1,6,"2, PREVERT (RUE JACQUES)",0.0,0.0
201300030927,27,11,2013,10,1,59,207,2,2,1,6,"42, MALANOYE (AVENUE DE",0.0,0.0
201300030928,26,9,2013,16,1,59,207,2,1,1,4,RD 935 N,0.0,0.0
201300030929,28,10,2013,8,1,59,112,2,3,2,6,"697, JAURES (RUE JEAN)",0.0,0.0
201300030930,30,10,2013,13,1,59,606,2,1,1,6,"1, DENAIN (AVENUE DE)",0.0,0.0
201300030931,4,11,2013,20,5,59,606,2,1,1,6,"0, LOMPREZ (RUE)",0.0,0.0
201300030932,7,11,2013,7,2,59,606,2,1,1,6,"0, DAMPIERRE (PLACE)",0.0,0.0
201300030933,6,12,2013,17,2,59,491,2,1,1,6,"302, DUSART (RUE LEOPOLD",0.0,0.0
201300030934,14,12,2013,15,1,59,14,2,2,1,6,"488, JAURES (RUE JEAN)",0.0,0.0
201300030935,14,12,2013,23,5,59,207,2,1,1,6,"37, WAGRET (CITE ADOLPHE",0.0,0.0
201300030936,29,12,2013,19,5,59,479,2,1,1,6,"64, BERTHELOT (RUE MARCE",0.0,0.0
201300030937,21,9,2013,15,1,68,112,2,1,1,3,Avenue du mar?chal Foch,47.91,7.218
201300030938,2,10,2013,18,1,68,112,2,1,1,6,Route de Bergholtz,0.0,0.0
201300030939,26,10,2013,18,1,68,58,1,1,1,5,,47.941,7.174
201300030940,22,9,2013,13,1,68,334,1,1,7,5,,47.88952,7.12033
201300030941,14,12,2013,17,5,68,315,2,1,1,6,29  rue du Vieil Armand,0.0,0.0
201300030942,18,12,2013,19,5,41,194,2,2,1,1,ROUTE DE SELLES SUR CHER,0.0,0.0
201300030943,25,11,2013,16,1,41,194,2,2,1,1,RUE DES THIBEAUDIERES,0.0,0.0
201300030944,24,11,2013,2,3,41,34,1,1,1,6,,47.6225,1.50869
201300030945,29,11,2013,18,3,41,204,1,1,1,3,,47.607,1.42177
201300030946,8,12,2013,7,1,41,67,2,1,1,1,route de BLOIS,47.518,1.448
201300030947,7,12,2013,20,3,41,32,1,1,1,7,,47.5435,1.29116
201300030948,16,3,2013,21,5,60,57,2,2,2,3,"29, COROT (AVENUE)",0.0,0.0
201300030949,20,6,2013,20,1,60,57,2,2,1,3,"21, COROT (AVENUE)",0.0,0.0
201300030950,19,9,2013,16,1,60,57,2,1,1,6,BINET  (RUE),0.0,0.0
201300030951,28,9,2013,12,1,60,57,2,1,1,6,CLEMENCEAU (PLACE),0.0,0.0
201300030952,17,10,2013,16,1,60,57,2,1,1,5,JEAN MERMOZ (AVENUE),0.0,0.0
201300030953,30,11,2013,20,5,60,57,1,1,1,4,RD 901,0.0,0.0
201300030954,21,12,2013,5,2,60,57,2,1,1,3,"1, JEAN MERMOZ (AVENUE)",0.0,0.0
201300030955,15,1,2013,8,1,60,159,2,3,4,6,,0.0,0.0
201300030956,31,1,2013,8,1,60,159,2,3,1,3,,0.0,0.0
201300030957,6,2,2013,12,1,60,159,2,1,1,6,COURS GUYNEMER,0.0,0.0
201300030958,9,2,2013,20,3,60,159,1,1,1,6,RD 332,0.0,0.0
201300030959,18,2,2013,18,2,60,382,2,3,1,3,AVENUE OCTAVE BUTIN,0.0,0.0
201300030960,6,3,2013,0,5,60,665,1,6,1,6,RN 31,0.0,0.0
201300030961,9,3,2013,17,1,60,159,1,1,1,2,RD 1131,0.0,0.0
201300030962,9,3,2013,18,1,60,382,2,3,1,3,"431, POINCARE (AV. RAYMO",0.0,0.0
201300030963,21,3,2013,13,1,60,159,1,1,1,7,avenue du vermandois,0.0,0.0
201300030964,4,4,2013,13,1,60,159,2,2,1,4,"60, CLAMART (DE)",0.0,0.0
201300030965,4,5,2013,4,5,60,665,1,6,1,7,RD 202,0.0,0.0
201300030966,19,5,2013,5,3,60,159,1,1,3,1,,0.0,0.0
201300030967,28,5,2013,17,1,60,159,2,1,3,6,DELATTRE DE TASSIGNY,0.0,0.0
201300030968,31,5,2013,8,1,60,159,2,6,1,6,CURIE (AV. PIERRE ET MAR,0.0,0.0
201300030969,7,6,2013,20,2,60,159,2,3,1,3,BOTTIER (HIPPOLYTE),0.0,0.0
201300030970,17,6,2013,10,1,60,159,2,1,3,6,"92, SAINT-LAZARE",0.0,0.0
201300030971,24,6,2013,17,1,60,665,2,1,1,1,"301, REPUBLIQUE (DE LA)",0.0,0.0
201300030972,27,6,2013,7,1,60,159,2,3,1,3,LESSEPS (FERDINAND DE),0.0,0.0
201300030973,1,9,2013,17,1,60,382,1,1,1,3,BARTHOU (LOUIS),0.0,0.0
201300030974,18,9,2013,12,1,60,159,1,1,3,3,ROYALLIEU (AV. DE),0.0,0.0
201300030975,2,10,2013,17,1,60,159,2,3,1,3,Eugenie Louis (Rue),0.0,0.0
201300030976,6,10,2013,3,5,60,159,1,6,1,6,,0.0,0.0
201300030977,8,10,2013,8,1,60,159,2,3,1,3,"49 bis, MARTYRS-DE-LA-LI",0.0,0.0
201300030978,14,10,2013,20,2,60,159,2,1,2,6,avenue weygand,0.0,0.0
201300030979,19,10,2013,19,5,60,159,2,1,1,6,"29, GUYNEMER (COURS)",0.0,0.0
201300030980,31,10,2013,19,5,60,159,2,1,1,7,"59, PARIS (DE)",0.0,0.0
201300030981,25,11,2013,19,5,60,159,2,1,1,7,"124, PARIS (DE)",0.0,0.0
201300030982,9,12,2013,7,5,60,382,2,3,1,6,"20, VICTOIRE (DE LA)",0.0,0.0
201300030983,9,12,2013,7,5,60,159,2,6,1,3,NOYON (Rond point de),0.0,0.0
201300030984,9,12,2013,7,5,60,159,2,3,1,3,"19, SAINT-LAZARE",0.0,0.0
201300030985,24,12,2013,18,3,60,159,2,1,1,6,"40, AMIENS (D')",0.0,0.0
201300030986,26,12,2013,16,1,60,665,2,1,1,7,,0.0,0.0
201300030987,3,1,2013,17,5,60,175,2,1,2,6,"1, BRIAND (RUE ARISTIDE)",0.0,0.0
201300030988,29,1,2013,18,5,60,463,2,1,1,6,"52, HERRIOT (RUE EDOUARD",0.0,0.0
201300030989,7,3,2013,8,1,60,175,2,3,8,6,rue charles auguste dugu,0.0,0.0
201300030990,19,3,2013,14,1,60,175,2,1,1,6,"1, CARNOT (PLACE)",0.0,0.0
201300030991,3,4,2013,10,1,60,463,1,1,1,6,"4,  MARCEL DENEUX",0.0,0.0
201300030992,13,4,2013,20,5,60,463,2,2,2,3,"54, DEMAGNEZ (RUE)",0.0,0.0
201300030993,18,4,2013,10,1,60,463,1,1,1,5,,0.0,0.0
201300030994,18,4,2013,10,1,60,175,2,1,1,3,"30, BLUM (RUE LEON)",0.0,0.0
201300030995,9,5,2013,12,1,60,175,2,1,1,6,"8, BERGSON (RUE HENRI)",0.0,0.0
201300030996,20,5,2013,1,3,60,175,1,1,2,5,,0.0,0.0
201300030997,25,6,2013,20,1,60,414,2,1,1,3,"33, MOCQUET (AVENUE GUY)",0.0,0.0
201300030998,30,6,2013,2,5,60,463,2,1,1,6,VILLON (RUE FRANCOIS),0.0,0.0
201300030999,7,7,2013,7,1,60,175,2,1,1,6,VERDUN (RUE DE),0.0,0.0
201300031000,28,7,2013,19,1,60,175,2,2,1,3,rue des champs,0.0,0.0
201300031001,8,8,2013,15,1,60,175,2,1,1,6,"27, BOURSIER (RUE)",0.0,0.0
201300031002,19,8,2013,23,3,60,463,1,1,1,5,FACE AUCHAN,0.0,0.0
201300031003,23,8,2013,12,1,60,684,2,1,1,3,"51, BRIAND (RUE ARISTIDE",0.0,0.0
201300031004,24,8,2013,11,1,60,175,1,4,2,6,,0.0,0.0
201300031005,14,9,2013,12,1,60,175,1,1,2,1,,0.0,0.0
201300031006,4,10,2013,9,1,60,463,1,1,1,4,RN 16_PONT COTE INCINERA,0.0,0.0
201300031007,14,10,2013,9,1,60,463,2,1,3,3,HUIT MAI (AVENUE DU),0.0,0.0
201300031008,4,11,2013,17,1,60,463,2,3,2,3,SOMASCO (RUE CHARLES),0.0,0.0
201300031009,16,11,2013,17,5,60,601,2,1,1,6,"45, GAMBETTA (RUE)",0.0,0.0
201300031010,16,11,2013,20,5,60,601,2,1,9,6,VAN GOGH (ALLEE),0.0,0.0
201300031011,22,11,2013,19,5,60,175,2,2,1,1,", BRIAND (RUE ARISTIDE)_",0.0,0.0
201300031012,30,11,2013,16,3,60,414,2,1,1,7,ALLENDE (RUE SALVADOR),0.0,0.0
201300031013,11,9,2013,18,1,84,88,2,1,1,1,,0.0,0.0
201300031014,13,11,2013,16,3,84,108,1,1,1,7,,0.0,0.0
201300031015,27,12,2013,17,1,61,143,1,3,2,3,"90, PRINCIPALE (RUE)",48.44622,0.0729
201300031016,9,2,2013,3,5,61,1,2,1,1,3,22 BLD KOUTIALA,48.42233,0.08684
201300031017,21,2,2013,18,2,61,143,2,3,1,3,PRINCIPALE xRESERVOIR,48.44447,0.07219
201300031018,22,2,2013,19,5,61,1,2,2,1,3,"1, FRESNAY (RUE DE )",48.42714,0.08436
201300031019,23,3,2013,17,1,61,397,2,2,1,4,KOUTIALA (BOULEVARD),48.42302,0.08081
201300031020,25,4,2013,16,1,61,1,2,1,1,6,VILLENEUVE (RUE DE),48.42852,0.06338
201300031021,26,5,2013,18,1,61,1,2,3,1,7,QUAKENBRUCK (AVENUE DE),48.44367,0.11094
201300031022,15,7,2013,16,1,61,397,2,1,1,6,"118, GENERAL LECLERC (RU",48.42112,0.07243
201300031023,21,7,2013,20,1,61,1,2,3,1,7,ARGENTAN X FRERES NIVERD,48.44033,0.08735
201300031024,8,8,2013,9,1,61,1,2,2,1,6,CURIE X CLAUDE BERNARD,48.43615,0.10513
201300031025,13,8,2013,13,1,61,117,1,1,1,1,112,48.43531,0.02754