Num_Acc,jour,mois,an,hr,condition_eclairage,departement,commune,condition_agglomeration,intersection,condition_atmosphere,type_collision,adresse,lattitude,longitude
201300031026,16,8,2013,19,1,61,1,2,6,1,6,BRETAGNE (RUE DE),48.43283,0.06593
201300031027,10,9,2013,7,2,61,1,2,6,1,3,L'ISLE x ROEDERER,48.42734,0.09061
201300031028,9,10,2013,17,1,61,1,2,2,1,3,DOCTEUR BAILLEUL (RUE DU,48.42992,0.09339
201300031029,21,10,2013,10,1,61,497,1,1,1,1,ROUTE MESNIL HATON,48.45599,0.1048
201300031030,21,10,2013,18,1,61,1,2,1,1,3,GENERAL LECLERC (AVENUE,48.42153,0.08949
201300031031,6,11,2013,15,1,61,1,2,1,1,6,PIERRE MAUGER,48.41525,0.09652
201300031032,13,11,2013,17,1,61,1,2,1,1,6,"12, J.F KENNEDY ( AVENUE",48.41501,0.09403
201300031033,19,11,2013,19,5,61,1,2,1,1,6,"143, REPUBLIQUE (BOULEVA",48.41577,0.08937
201300031034,23,11,2013,15,1,61,1,2,6,1,2,"1, MARTIN LUTHER KING (",48.4284,0.06441
201300031035,30,11,2013,6,5,61,1,2,1,1,5,"14, SAINT BLAISE (RUE)",48.43152,0.09028
201300031036,5,12,2013,14,1,61,397,2,1,1,3,"49, FRESNAY (ROUTE DE)",48.41674,0.0755
201300031037,31,1,2013,7,2,61,6,2,6,2,3,FORET NORMANDE (AVENUE D,48.74129,-0.02138
201300031038,21,11,2013,17,5,61,6,2,1,2,2,FALAISE (ROUTE DE),48.74879,-0.02803
201300031039,30,5,2013,13,1,61,6,1,1,2,2,SEES (ROUTE DE),48.70813,-0.00371
201300031040,25,6,2013,7,1,61,6,2,7,1,6,COUINAUD (PLACE DU DR),48.74421,-0.01765
201300031041,9,9,2013,16,1,61,6,2,1,1,6,"24, PETITS FOSSES (RUE D",48.74907,-0.01766
201300031042,8,11,2013,15,1,61,6,2,1,1,6,"2, DUGUE (PLACE ROBERT)",48.74494,-0.01532
201300031043,11,12,2013,11,1,61,6,2,3,1,6,BEREGOVOY (RUE PIERRE) C,48.74928,-0.01412
201300031044,27,12,2013,17,2,61,169,2,2,1,2,MESSEI (RUE DE),48.74396,-0.56017
201300031045,30,1,2013,17,1,61,169,2,3,1,3,"73, CHAUSSEE (RUE DE LA)",48.74384,-0.56549
201300031046,22,3,2013,18,1,61,169,2,1,1,3,"16, GEROUDIERE (RUE DE L",48.74251,-0.55606
201300031047,25,5,2013,23,5,61,169,2,2,1,3,"61, PAULETTE DUHALDE (PL",48.74797,-0.57131
201300031048,26,6,2013,13,1,61,391,1,2,1,3,TRIGALE (LA),48.76167,-0.54391
201300031049,12,7,2013,19,1,61,391,2,3,1,3,CHARLES DE GAULLE (AVENU,48.76999,-0.57299
201300031050,24,7,2013,17,1,61,391,2,3,1,3,"203, HENRI VENIARD (RUE)",48.75383,-0.56652
201300031051,20,11,2013,23,5,61,169,2,3,2,3,MESSEI (RUE DE),48.74832,-0.56784
201300031052,9,12,2013,17,3,61,169,2,2,1,1,"63, CHAUSSEE (RUE DE LA)",48.74482,-0.56695
201300031053,21,12,2013,12,1,61,169,2,1,1,6,"48, DOMFRONT (RUE DE)",48.74691,-0.56983
201300031054,17,12,2013,8,1,62,753,1,1,1,6,ATREBATES,0.0,0.0
201300031055,28,12,2013,3,3,62,744,1,1,2,6,ROND POINT DE SAINTE CAT,0.0,0.0
201300031056,8,1,2013,19,5,62,753,2,7,1,2,SALENGRO ( AVENUE ROGER,0.0,0.0
201300031057,2,1,2013,20,5,62,41,2,6,2,7,AVENUE JULES CATOIRE,0.0,0.0
201300031058,24,1,2013,12,1,62,753,2,1,4,6,"52, RUE DU GENERAL BARBO",0.0,0.0
201300031059,3,2,2013,0,4,62,764,2,1,2,6,RD 950,0.0,0.0
201300031060,3,2,2013,1,3,62,744,1,1,2,6,D 917,0.0,0.0
201300031061,12,1,2013,16,1,62,41,2,1,2,7,ROUTE DE BAPAUME,50.27628,2.78263
201300031062,8,2,2013,21,3,62,753,1,1,2,7,RD 919,0.0,0.0
201300031063,8,2,2013,19,5,62,41,2,6,1,3,BESNIER (BD.GEORGES),50.29425,2.75732
201300031064,16,2,2013,3,5,62,753,2,1,1,6,"12, RUE DU GENERAL BARBO",0.0,0.0
201300031065,13,2,2013,12,1,62,41,2,1,1,6,"1, HEROS ( PLACE DES )",50.29135,2.7772
201300031066,4,3,2013,9,1,62,744,1,6,1,2,RN 25,0.0,0.0
201300031067,25,3,2013,15,1,62,753,1,1,1,2,RD 950,0.0,0.0
201300031068,20,3,2013,18,1,62,41,2,3,1,3,"3, CAMBRAI (DE)",0.0,0.0
201300031069,28,3,2013,12,1,62,41,2,1,1,4,"2 bis, RUE ABEL BERGAIGN",0.0,0.0
201300031070,15,2,2013,14,1,62,41,2,3,1,6,"62, LOBBEDEZ ( AV. FERNA",0.0,0.0
201300031071,28,3,2013,17,1,62,753,2,1,1,6,"4 BIS, RUE D' ESTIENNE C",0.0,0.0
201300031072,24,4,2013,14,1,62,41,2,3,1,3,"0, COURBET (PLACE)",0.0,0.0
201300031073,2,5,2013,8,1,62,41,2,1,1,7,"0, RUE DE BERLIN",50.28675,2.79848
201300031074,7,5,2013,0,3,62,753,1,1,2,6,RD 950,0.0,0.0
201300031075,6,5,2013,8,1,62,41,2,2,1,3,"0, LIBERTE ( BD DE LA )",50.29687,2.76566
201300031076,15,5,2013,19,1,62,41,2,2,1,3,"0, TEMPLE",0.0,0.0
201300031077,11,5,2013,12,1,62,263,2,1,1,7,"0, MERMOZ(AVENUE JEAN)",0.0,0.0
201300031078,15,5,2013,17,1,62,753,2,6,1,6,"4, RUE DU GENERAL BARBOT",0.0,0.0
201300031079,21,5,2013,21,5,62,764,2,4,9,7,RD 950,50.30555,2.78411
201300031080,18,5,2013,17,1,62,41,2,3,1,3,FAIDHERBE ( BD ),0.0,0.0
201300031081,3,6,2013,17,1,62,41,2,2,1,3,"47, BLD FAIDHERBE",0.0,0.0
201300031082,29,5,2013,17,1,62,41,2,1,2,7,TURENNE ( DE ),0.0,0.0
201300031083,8,6,2013,12,1,62,41,2,1,1,7,"0, COPERNIC",0.0,0.0
201300031084,24,6,2013,23,5,62,764,2,1,1,7,LA PAIX (RUE),50.30587,2.79391
201300031085,13,7,2013,21,1,62,263,2,1,1,6,"1, RUE D' ARRAS",0.0,0.0
201300031086,19,7,2013,11,1,62,753,1,3,1,1,"0, IMMERCOURT (AV. D')",0.0,0.0
201300031087,25,7,2013,15,1,62,41,2,3,1,3,"0, LOBBEDEZ ( AV. FERNAN",0.0,0.0
201300031088,18,7,2013,12,1,62,753,1,1,1,3,RD 950,0.0,0.0
201300031089,4,8,2013,11,1,62,41,2,6,1,3,"0, DAMBRINE",0.0,0.0
201300031090,24,8,2013,0,5,62,41,2,1,1,6,MEAULENS,0.0,0.0
201300031091,27,8,2013,0,5,62,263,2,1,1,7,"29, CALMETTE(RUE ALBERT)",0.0,0.0
201300031092,4,9,2013,12,1,62,41,2,1,1,6,LIBERTE ( BD DE LA ),0.0,0.0
201300031093,10,9,2013,9,1,62,41,2,1,7,6,"64, MEAULENS",50.29531,2.77166
201300031094,12,9,2013,8,1,62,41,2,2,1,6,BLD DE STRASBOURG,0.0,0.0
201300031095,16,9,2013,16,1,62,263,1,1,1,1,RN 25,0.0,0.0
201300031096,24,9,2013,18,1,62,764,1,1,1,4,RD 917,50.30809,2.78324
201300031097,22,9,2013,21,5,62,764,1,1,1,2,RD 917,0.0,0.0
201300031098,5,9,2013,7,1,62,41,2,3,1,3,"0, CARNOT (BD)",50.28737,0.0
201300031099,24,9,2013,11,1,62,4,2,1,1,3,PLANQUETTES ( DES ),0.0,0.0
201300031100,29,9,2013,19,2,62,753,1,1,1,6,RD 950,0.0,0.0
201300031101,5,10,2013,4,5,62,744,2,1,1,7,"45, Chauss?e Brunehaut",0.0,0.0
201300031102,21,10,2013,12,1,62,41,2,1,8,2,"17, CARNOT (BD)",0.0,0.0
201300031103,17,11,2013,18,3,62,744,1,1,1,6,RD 937,0.0,0.0
201300031104,1,12,2013,12,1,62,41,2,3,1,2,NOTRE DAME DE LORETTE,0.0,0.0
201300031105,27,12,2013,21,5,62,41,2,1,2,6,"60, WINSTON CHURCHILL (A",0.0,0.0
201300031106,19,1,2013,17,2,62,48,2,3,4,3,CD 183 E,0.0,0.0
201300031107,31,1,2013,10,1,62,48,2,6,3,3,ROUTE DEPARTEMENTALE 183,0.0,0.0
201300031108,9,2,2013,21,5,62,516,1,6,1,3,ROUTE NATIONALE 43,0.0,0.0
201300031109,12,2,2013,8,1,62,48,2,5,4,5,CD 183 E,0.0,0.0
201300031110,17,2,2013,6,2,62,516,1,1,5,6,ROUTE NATIONALE 43,0.0,0.0
201300031111,3,3,2013,8,1,62,328,2,1,1,2,"10, BRUNEHAUT (CHAUSSEE)",0.0,0.0
201300031112,10,3,2013,14,1,62,48,2,1,1,6,ROUTE DEPARTEMENTALE 183,0.0,0.0
201300031113,8,3,2013,19,5,62,516,1,6,2,3,ROUTE NATIONALE 43,0.0,0.0
201300031114,23,3,2013,10,1,62,516,1,3,1,3,ROUTE NATIONALE 43,0.0,0.0
201300031115,5,4,2013,10,1,62,217,2,2,1,3,NATIONALE (ROUTE),50.50807,2.4395
201300031116,6,5,2013,9,1,62,48,2,1,1,6,"140, LAMENDIN (ARTHUR)",0.0,0.0
201300031117,12,4,2013,14,1,62,516,1,1,6,6,ROUTE NATIONALE 43,0.0,0.0
201300031118,7,6,2013,17,1,62,188,2,1,1,6,LILLERS (DE),0.0,0.0
201300031119,19,6,2013,8,1,62,516,1,1,1,3,ROUTE NATIONALE 43,0.0,0.0
201300031120,12,6,2013,14,1,62,516,1,3,1,3,ROUTE NATIONALE 43,50.56707,2.49445
201300031121,4,8,2013,18,1,62,188,1,1,1,5,ROUTE DEPARTEMENTALE 183,50.52188,2.64638
201300031122,3,11,2013,11,1,62,328,2,1,2,1,"8, 19 MARS 1962",0.0,0.0
201300031123,14,11,2013,17,5,62,48,2,3,2,3,EGALITE (DE L'),0.0,0.0
201300031124,16,11,2013,8,5,62,516,1,6,5,6,ROUTE NATIONALE 43,0.0,0.0
201300031125,18,10,2013,6,2,62,48,2,3,2,6,"166, BEUGNET (CASIMIR)",0.0,0.0
201300031126,16,12,2013,14,1,62,516,2,1,1,2,PARIS ( Bld) DE,50.54633,2.47135
201300031127,15,12,2013,11,1,62,188,2,1,1,2,"76, HURIONVILLE (D')",0.0,0.0
201300031128,24,12,2013,13,1,62,48,1,1,3,1,CD 183 E,0.0,0.0
201300031129,18,8,2013,0,5,62,516,2,4,1,6,DE LATTRE DE TASSIGNY,0.0,0.0
201300031130,9,10,2013,21,3,62,516,1,1,1,3,"1, ROUTE NATIONALE 43",0.0,0.0
201300031131,15,1,2013,18,3,62,724,1,1,8,3,CD 40,0.0,0.0
201300031132,6,3,2013,18,2,62,65,2,1,1,7,"21, GHESQUIERES",0.0,0.0
201300031133,8,3,2013,10,1,62,65,1,1,8,2,RD 917,0.0,0.0
201300031134,2,4,2013,13,1,62,65,2,3,1,3,"0, EPARGES",50.40631,2.82089
201300031135,3,4,2013,15,1,62,277,2,1,1,7,"217, ARRAS",0.0,0.0
201300031136,23,4,2013,22,5,62,65,2,1,1,2,LEFEBVRE (FRANCOIS),0.0,0.0
201300031137,22,5,2013,9,1,62,65,2,2,1,6,"41, BOVE ALEXANDRE",50.41236,2.83588
201300031138,26,5,2013,8,1,62,724,2,6,1,3,CD 40,0.0,0.0
201300031139,2,6,2013,21,1,62,570,2,4,1,7,"2, BULTOT (PAUL)",0.0,0.0
201300031140,4,6,2013,11,1,62,65,2,2,1,5,"000, THUMERELLE ACHILLE",50.40943,2.81901
201300031141,23,6,2013,16,1,62,65,2,1,1,3,"82, PERI (GABRIEL BD)",0.0,0.0
201300031142,9,7,2013,14,1,62,65,2,1,1,2,"179, MARTEL HENRI (BOULE",0.0,0.0
201300031143,4,7,2013,17,1,62,277,2,6,1,3,ARRAS,0.0,0.0
201300031144,21,7,2013,9,1,62,570,2,1,1,2,"63, ROBESPIERRE",0.0,0.0
201300031145,5,8,2013,19,1,62,65,1,1,1,3,GHESQUIERES,50.40352,2.80597
201300031146,14,8,2013,16,1,62,65,2,1,1,3,"9, FRANCE (BOULEVARD ANA",0.0,0.0
201300031147,30,8,2013,10,1,62,65,2,6,1,3,BARBUSSE ( ROND POINT HE,0.0,0.0
201300031148,26,9,2013,17,2,62,570,2,1,1,1,D 262,50.40657,2.86738
201300031149,15,10,2013,17,1,62,65,2,1,1,6,"72, VERDUN(BD)",0.0,0.0
201300031150,31,10,2013,9,1,62,570,2,1,7,1,"00, FLOHA (AVENUE DE )",0.0,0.0
201300031151,9,11,2013,15,1,62,65,2,2,2,5,THUMERELLE ACHILLE,50.40936,2.81894
201300031152,13,11,2013,10,1,62,570,2,3,1,3,PASTEUR,0.0,0.0
201300031153,16,11,2013,1,5,62,570,2,3,5,7,"1, MOUSSERON (JULES)",0.0,0.0
201300031154,5,12,2013,8,2,62,570,2,1,9,6,"2, FUSILLES",50.40288,2.86042
201300031155,9,12,2013,17,5,62,570,2,2,1,5,CD 40,0.0,0.0
201300031156,9,12,2013,12,1,62,724,2,2,1,3,D 46,0.0,0.0
201300031157,29,12,2013,18,5,62,724,2,1,1,6,"12, MOULIN",0.0,0.0
201300031158,9,2,2013,10,1,62,108,2,1,1,6,"49, IMPERATRICE",0.0,0.0
201300031159,3,6,2013,9,1,62,688,2,1,1,7,MERLIMONT (ROUTE DE),0.0,0.0
201300031160,21,4,2013,11,1,62,108,2,2,1,3,"0, DOCTEUR QUETTIER",0.0,0.0
201300031161,26,5,2013,8,1,62,108,2,3,1,7,"137, IMPERATRICE",0.0,0.0
201300031162,7,7,2013,11,1,62,688,2,2,1,3,"2629, BERCK (ROUTE DE)",0.0,0.0
201300031163,17,6,2013,8,2,62,108,2,3,2,3,DOCTEUR JOSEPH FOUCHET,50.41258,1.56784
201300031164,23,7,2013,11,1,62,108,2,2,1,6,SAINT EXUPERY,50.40252,1.55921
201300031165,9,12,2013,17,2,62,108,2,1,1,6,"54, IMPERATRICE",0.0,0.0
201300031166,22,12,2013,2,5,62,119,2,6,2,3,POINCARE   ( BOULEVARD R,0.0,0.0
201300031167,26,1,2013,6,2,62,126,2,1,4,6,"13, HAUTE ( RUE )",50.52707,2.72096
201300031168,31,1,2013,22,5,62,276,1,6,1,7,cd 941,50.5221,2.83319
201300031169,22,2,2013,16,1,62,836,1,6,4,7,D 86,0.0,0.0
201300031170,15,3,2013,15,1,62,119,2,3,1,7,BERTHELOT ( RUE MARCELLI,50.52994,2.64483
201300031171,24,3,2013,2,5,62,119,2,1,1,7,"54, MOLLET ( RUE GUY )",0.0,0.0
201300031172,30,3,2013,23,5,62,132,2,1,1,6,"100, DE GAULLE ( RUE DU",0.0,0.0
201300031173,19,4,2013,18,1,62,119,2,6,1,3,PEPIN (IMPASSE),50.53925,2.62787
201300031174,24,5,2013,22,5,62,126,2,1,8,6,"30, route nationale",0.0,0.0
201300031175,1,6,2013,13,1,62,626,1,1,1,3,ANNEQUIN ( ROUTE D' ),50.49743,2.7293
201300031176,1,6,2013,11,1,62,330,2,1,1,1,"1080, GRANDE RUE ( LA )",0.0,0.0
201300031177,1,6,2013,17,1,62,349,1,1,1,3,GRARD ( RUE ),50.51896,2.59503
201300031178,15,6,2013,4,2,62,262,2,1,1,7,BASLY ( RUE ),0.0,0.0
201300031179,5,7,2013,10,1,62,350,1,6,1,3,941(CD),0.0,0.0
201300031180,11,7,2013,20,1,62,119,2,2,1,6,EGALITE ( RUE DE L' ),0.0,0.0
201300031181,15,7,2013,12,1,62,119,2,1,1,6,PONT DES DAMES ( AVENUE,0.0,0.0
201300031182,24,7,2013,14,1,62,132,2,1,1,6,"6, DE GAULLE ( RUE DU GE",0.0,0.0
201300031183,30,7,2013,14,1,62,119,2,1,2,2,"547, AIRE ( RUE D' )",0.0,0.0
201300031184,29,7,2013,19,1,62,262,2,1,8,6,BASLY ( RUE ),0.0,0.0
201300031185,19,8,2013,10,1,62,119,2,1,1,6,"612, JUIN ( RUE DU MAREC",0.0,0.0
201300031186,14,8,2013,15,1,62,35,2,1,1,3,SALENGRO ( RUE ROGER ),0.0,0.0
201300031187,7,9,2013,2,5,62,119,2,9,1,6,LILLE ( RUE DE ),0.0,0.0
201300031188,16,9,2013,3,3,62,276,1,1,1,6,DULIEUX ( RUE DU CAPITAI,0.0,0.0
201300031189,30,9,2013,18,1,62,119,2,3,1,4,MICHELET ( RUE ),0.0,0.0
201300031190,30,9,2013,12,1,62,119,2,2,1,6,HUGO ( RUE VICTOR ),0.0,0.0
201300031191,13,9,2013,6,2,62,848,2,1,1,6,"79, DESMAZIERES",0.0,0.0
201300031192,29,9,2013,18,1,62,200,2,1,1,6,"10, CD 941",0.0,0.0
201300031193,14,10,2013,16,1,62,126,2,1,1,3,BRIAND ( RUE ARISTIDE ),0.0,0.0
201300031194,19,10,2013,19,3,62,119,1,1,2,1,CD 943,0.0,0.0
201300031195,16,10,2013,18,5,62,262,2,1,1,3,FRANCE ( RUE ANATOLE ),0.0,0.0
201300031196,22,10,2013,8,1,62,846,1,1,1,3,CD 165,0.0,0.0
201300031197,10,11,2013,16,1,62,119,2,1,8,6,"624, POINCARE   ( BOULEV",0.0,0.0
201300031198,23,11,2013,21,5,62,51,2,9,1,7,HUMBLOT IGNACE ( RUE ),0.0,0.0
201300031199,19,12,2013,10,1,62,126,2,1,1,6,LECLERC ( RUE DU GENERAL,50.51428,2.69307
201300031200,28,12,2013,16,1,62,841,2,1,1,3,"84, MENDES FRANCE ( RUE",0.0,0.0
201300031201,3,3,2013,10,1,62,119,2,1,1,1,PARIS ( AVENUE DE ),0.0,0.0
201300031202,11,1,2013,14,1,62,160,2,1,1,7,"39, CLOCHEVILLE (Bld de)",50.728,1.60775
201300031203,6,2,2013,18,5,62,755,2,1,3,3,"50, CROQUELOIS ( Av. du",50.68788,1.62596
201300031204,10,2,2013,5,3,62,894,1,6,1,6,C.D. 96e,50.74864,1.62729
201300031205,26,2,2013,9,1,62,758,2,1,1,6,"320, SAINT OMER ( Route",0.0,0.0
201300031206,2,3,2013,12,1,62,160,2,2,1,3,FAIDHERBE (Rue),0.0,0.0
201300031207,9,3,2013,20,5,62,160,2,3,1,3,CHEMIN VERT (Rue du),50.73319,1.60243
201300031208,20,3,2013,17,1,62,643,2,1,1,6,"10, INDUSTRIEL ( Bld)",0.0,0.0
201300031209,6,5,2013,12,1,62,160,2,1,1,6,"20, CHEMIN VERT (Rue du)",50.7343,1.60508
201300031210,12,5,2013,18,1,62,160,2,3,2,6,"31, EURVIN (Bld)",0.0,0.0
201300031211,1,5,2013,23,5,62,667,2,1,1,1,GOURNAY ( Rue Jean-Bapti,0.0,0.0
201300031212,2,6,2013,18,1,62,160,2,1,1,6,CHEMIN VERT (Rue du),0.0,0.0
201300031213,17,6,2013,23,5,62,893,2,1,1,6,"face  107, MITTERRAND (",0.0,0.0
201300031214,23,6,2013,2,3,62,893,2,1,3,6,C.D. 940,0.0,0.0
201300031215,25,6,2013,11,1,62,160,2,1,1,6,"2bis, PAIX (Rue de la)",0.0,0.0
201300031216,23,6,2013,2,5,62,160,2,1,3,7,"100, SAINTE BEUVE (Bld)",0.0,0.0
201300031217,10,7,2013,17,1,62,160,2,1,1,6,"12, PIPOTS (Rue des)",50.72238,1.60768
201300031218,15,7,2013,0,5,62,160,2,3,1,3,AIGLON (Rue de l'),0.0,0.0
201300031219,17,7,2013,23,5,62,758,2,2,1,3,SAINT OMER ( Route de ),50.72611,1.63821
201300031220,9,7,2013,13,1,62,160,2,1,1,6,"1, DE GAULLE (Ave Charle",0.0,0.0
201300031221,27,7,2013,20,5,62,160,2,6,3,6,"02, PORTE NEUVE (Rue )",0.0,0.0
201300031222,4,8,2013,21,1,62,160,2,3,1,6,"0, KENNEDY (Ave. John)",50.71286,1.61403
201300031223,11,8,2013,12,1,62,893,2,1,1,1,"3, SAINT SAENS ( Rue Cam",0.0,0.0
201300031224,9,9,2013,13,1,62,643,2,3,8,6,"48, CLERC ( Rue du Profe",0.0,0.0
201300031225,18,9,2013,15,1,62,643,2,1,1,6,INDUSTRIEL ( Bld),0.0,0.0
201300031226,29,9,2013,20,5,62,643,2,4,1,3,LIBERTE ( Bld de la ),0.0,0.0
201300031227,30,9,2013,17,1,62,160,2,1,1,2,"98, GAMBETTA (Quai L?on)",0.0,0.0
201300031228,6,10,2013,15,1,62,160,2,1,1,5,"79, MARIETTE (Bld August",0.0,0.0
201300031229,13,10,2013,7,2,62,758,2,3,8,6,CROIX ABOT ( Rue ),50.72194,1.64634
201300031230,13,10,2013,19,1,62,667,2,9,1,3,"16, LOTI ( R?s. Pierre )",0.0,0.0
201300031231,14,10,2013,8,2,62,160,2,3,2,6,"197, NATIONALE (Rue)",0.0,0.0
201300031232,27,11,2013,17,5,62,160,2,1,1,6,"1, VOLTAIRE (Bld)",0.0,0.0
201300031233,26,11,2013,7,2,62,758,2,1,2,6,DESVRES ( Rue de ),0.0,0.0
201300031234,19,12,2013,21,5,62,160,2,1,1,1,"145, DE GAULLE (Ave Char",0.0,0.0
201300031235,29,12,2013,15,1,62,758,2,1,1,3,CHAUDIERE ( Rue de la ),0.0,0.0
201300031236,2,1,2013,21,5,62,270,2,2,2,3,BODELOT (RUE ACHILLE),50.46996,2.50968
201300031237,12,2,2013,1,3,62,445,2,1,4,6,"0, REPUBLIQUE ( DE LA )",0.0,0.0
201300031238,27,3,2013,12,1,62,270,2,2,1,3,DESNOS (RUE),0.0,0.0
201300031239,6,4,2013,8,1,62,270,1,1,1,3,CD 301,0.0,0.0
201300031240,17,4,2013,17,1,62,400,2,3,1,3,PREMIER MAI ( DU ),0.0,0.0
201300031241,26,4,2013,12,1,62,178,2,6,1,7,LUMIERES (FRERES),0.0,0.0
201300031242,14,7,2013,18,1,62,178,2,1,1,6,"326, MARMOTTAN ( JULES )",0.0,0.0
201300031243,3,9,2013,15,1,62,178,2,1,1,1,CHAMPAGNE,0.0,0.0
201300031244,2,9,2013,12,1,62,178,2,3,1,3,DUSSART ( LOUIS ),0.0,0.0
201300031245,9,9,2013,10,1,62,178,2,6,1,3,DESCAMPS ( PAUL ),50.48427,2.56689
201300031246,17,9,2013,16,1,62,178,2,1,3,6,"363, FESTEUX ( DES )",50.48922,2.54409
201300031247,3,10,2013,19,5,62,457,2,3,1,3,", BRUAY (ROUTE DE)",50.4664,2.54207
201300031248,18,10,2013,7,5,62,445,2,1,5,6,"7, QUATRE SEPTEMBRE ( DU",0.0,0.0
201300031249,23,11,2013,18,3,62,270,2,1,1,1,ALLENDE (RUE SALVATOR),0.0,0.0
201300031250,30,12,2013,18,5,62,457,2,1,8,4,"953, BRUAY (ROUTE DE)",0.0,0.0
201300031251,18,1,2013,17,5,62,193,2,1,1,6,TOUL (RUE DE),0.0,0.0
201300031252,6,2,2013,17,1,62,193,2,3,1,5,HUYGHES (RUE A.),0.0,0.0
201300031253,14,2,2013,7,5,62,548,2,1,1,6,avenue de Calais,0.0,0.0
201300031254,19,2,2013,23,3,62,244,1,1,1,3,SAINT-OMER (ROUTE DE),50.91663,1.91721
201300031255,19,2,2013,14,1,62,193,2,1,1,6,"123, FONTINETTES (RUE DE",50.94246,1.85028
201300031256,9,3,2013,10,1,62,193,2,1,2,6,VERT (CHEMIN),0.0,0.0
201300031257,13,3,2013,21,5,62,193,2,2,1,3,QUATRE COINS (RUE DES),0.0,0.0
201300031258,29,3,2013,20,5,62,193,2,1,1,2,"16, CURIE (BOULEVARD)",50.93982,1.85881
201300031259,28,3,2013,8,1,62,193,2,3,1,2,"0, COUBERTIN (AVENUE PIE",50.95336,1.83862
201300031260,1,4,2013,20,3,62,193,1,6,1,6,rond point de la rivi?re,0.0,0.0
201300031261,17,4,2013,12,1,62,193,1,1,1,1,DEPARTEMENTALE 943,0.0,0.0
201300031262,26,4,2013,8,1,62,193,2,2,1,3,ONZE NOVEMBRE (RUE DU),0.0,0.0
201300031263,2,5,2013,12,1,62,193,2,2,1,3,TOUL (RUE DE),0.0,0.0
201300031264,4,5,2013,11,1,62,193,2,3,1,7,CHAROST,0.0,0.0
201300031265,9,5,2013,18,1,62,548,1,3,1,3,CD 119,0.0,0.0
201300031266,10,5,2013,18,1,62,193,2,2,1,3,ROYALE,50.95715,1.84943
201300031267,18,6,2013,16,1,62,548,1,1,1,6,Rue du Ventu d'Alembon,0.0,0.0
201300031268,6,7,2013,16,1,62,193,2,1,1,6,GASTON BERTHE (DIGUE),0.0,0.0
201300031269,9,7,2013,12,1,62,193,2,1,1,2,GAMBETTA (BOULEVARD),50.9476,1.85329
201300031270,10,7,2013,19,1,62,193,2,1,1,6,"72, JACQUARD (BOULEVARD)",0.0,0.0
201300031271,25,7,2013,18,1,62,193,2,9,1,6,Pont Georges V,0.0,0.0
201300031272,30,7,2013,15,1,62,548,1,1,2,1,FRANCOIS MITTERAND,50.95614,1.98606
201300031273,3,8,2013,9,1,62,244,2,2,1,2,REGNIERS (CHEMIN DES),50.92894,1.86253
201300031274,23,8,2013,15,1,62,193,1,2,1,3,CHEVREUL,0.0,0.0
201300031275,5,9,2013,15,1,62,193,2,2,1,6,LOUIS BLERIOT (AVENUE),0.0,0.0
201300031276,14,9,2013,18,2,62,193,2,4,1,3,WAROCQUIER (RUE CL.),0.0,0.0
201300031277,7,10,2013,7,5,62,193,2,1,1,6,GAMBETTA (BOULEVARD),0.0,0.0
201300031278,19,9,2013,8,1,62,193,2,1,1,6,LAFAYETTE (BOULEVARD),0.0,0.0
201300031279,19,10,2013,14,1,62,193,2,2,2,6,GERSCHEL (RUE A.),0.0,0.0
201300031280,8,11,2013,21,5,62,193,2,2,2,3,JEAN DE VIENNE,0.0,0.0
201300031281,5,10,2013,23,5,62,193,2,3,1,3,EGALITE (BOULEVARD DE L',0.0,0.0
201300031282,10,12,2013,7,2,62,193,2,1,1,6,DORET (RUE M.),0.0,0.0
201300031283,12,12,2013,17,5,62,548,2,1,1,3,"954, avenue de Calais",0.0,0.0
201300031284,20,12,2013,12,1,62,193,2,3,1,6,", REGNIERS (CHEMIN DES)",50.93204,1.85638
201300031285,26,12,2013,13,1,62,193,2,2,1,6,FOUR A CHAUX (RUE DU),0.0,0.0
201300031286,18,1,2013,19,3,62,33,1,3,4,3,"sans, RD917",0.0,0.0
201300031287,12,1,2013,19,5,62,413,2,1,8,6,FUSILLES (R DES),0.0,0.0
201300031288,6,2,2013,12,1,62,637,2,1,1,2,"76, FUSILLES (R DES 80)",50.47071,2.98397
201300031289,9,3,2013,11,1,62,215,2,3,1,3,"sans, POSTES (CHEMIN  DE",0.0,0.0
201300031290,6,2,2013,14,1,62,215,2,1,1,3,"10, TERRIL (CHE. DU)",50.49012,2.97655
201300031291,29,3,2013,21,5,62,250,2,3,1,3,"sans, BRIAND (R ARISTIDE",0.0,0.0
201300031292,5,4,2013,11,1,62,215,2,1,1,3,"sans, RD 160",0.0,0.0
201300031293,7,4,2013,23,5,62,33,2,1,1,6,"67, POTIER (R RAYMOND)",0.0,0.0
201300031294,13,4,2013,14,1,62,250,2,1,2,3,"SANS, BRIQUET (R RAOUL )",50.44663,2.94401
201300031295,9,4,2013,16,1,62,907,2,1,1,1,"sans, OIGNIES (RTE D')",50.47938,2.96636
201300031296,25,4,2013,11,1,62,413,2,3,1,6,"sans, BARBUSSE (AV.)",0.0,0.0
201300031297,3,5,2013,16,1,62,215,2,1,1,4,"152, PRESSENCE  (R FRANC",0.0,0.0
201300031298,7,5,2013,18,1,62,215,2,1,1,3,"24, ALLENDE (R SALVADOR)",0.0,0.0
201300031299,4,6,2013,22,5,62,215,2,1,1,1,"73, HUGO (R VICTOR )",0.0,0.0