Num_Acc,jour,mois,an,hr,condition_eclairage,departement,commune,condition_agglomeration,intersection,condition_atmosphere,type_collision,adresse,lattitude,longitude
201300031300,8,6,2013,6,1,62,637,2,1,1,1,"158, BASLY (R EMILE)",0.0,0.0
201300031301,9,6,2013,5,5,62,637,2,1,1,6,"97, FUSILLES (R DES 80)",0.0,0.0
201300031302,18,5,2013,19,1,62,215,1,6,1,3,"0, RD925",50.50594,2.97146
201300031303,19,5,2013,1,5,62,215,2,1,1,7,"241, FOCH (R DU MARECHAL",0.0,0.0
201300031304,14,6,2013,19,1,62,215,1,1,1,7,"sans, RD917",0.0,0.0
201300031305,7,7,2013,5,2,62,413,2,1,1,6,"SANS, MARQUOIS (CHE. DE)",0.0,0.0
201300031306,27,6,2013,14,1,62,413,1,1,1,3,"SANS, ZI (LA MOTTE AU BO",50.46538,2.90503
201300031307,28,6,2013,18,1,62,215,2,1,2,6,"45, QUINET (R CYPRIEN)",0.0,0.0
201300031308,23,7,2013,3,5,62,413,2,2,1,3,SAULES (AV. DES),0.0,0.0
201300031309,3,8,2013,3,5,62,33,2,1,1,6,"96, POTIER (R RAYMOND)",50.45867,2.86332
201300031310,1,8,2013,8,1,62,250,2,2,1,3,"sans, FUSILLES (R DES)",0.0,0.0
201300031311,19,8,2013,17,1,62,907,1,1,1,5,"SANS, D917",50.48488,2.98255
201300031312,31,8,2013,15,1,62,215,1,1,1,2,"SANS, OIGNIES (RTE D')",50.47363,2.97852
201300031313,20,8,2013,18,1,62,637,2,1,1,6,"31, JAURES (R JEAN)",0.0,0.0
201300031314,24,8,2013,12,1,62,215,2,1,3,1,"104, PROVIN (RTE DE)",0.0,0.0
201300031315,26,8,2013,15,1,62,33,2,2,1,6,"SANS, ROLLE (R KLEBER)",0.0,0.0
201300031316,7,9,2013,23,5,62,637,2,5,1,3,"SANS, ZOLA (R EMILE)",0.0,0.0
201300031317,15,11,2013,14,1,62,215,1,1,1,3,"SANS, RD917",0.0,0.0
201300031318,15,11,2013,16,1,62,250,2,1,1,3,"83, LAMENDIN (R ARTHUR)",0.0,0.0
201300031319,7,12,2013,10,1,62,907,2,4,1,6,"SANS, SCHUMANN (BD )",0.0,0.0
201300031320,14,12,2013,13,1,62,215,2,6,1,3,"SANS, QUINET (R CYPRIEN)",0.0,0.0
201300031321,2,1,2013,10,1,62,133,2,2,1,3,"0, ANGOULEME (R D')",0.0,0.0
201300031322,16,11,2013,16,1,62,427,1,1,1,6,"0, BORD DES EAUX (CHE. D",0.0,0.0
201300031323,17,3,2013,19,2,62,133,2,2,8,3,"0, BARBUSSE (R HENRI )",50.41224,2.91176
201300031324,19,5,2013,16,1,62,133,2,1,1,6,"72, MURET (R DE)",0.0,0.0
201300031325,24,5,2013,15,1,62,249,2,2,2,3,PRESSENCE (R FRANCIS DE),50.41569,3.01725
201300031326,23,5,2013,11,1,62,427,2,1,1,6,ABBAYE (R DE L' ),0.0,0.0
201300031327,15,6,2013,22,5,62,497,2,9,1,3,BLUM (R LEON),0.0,0.0
201300031328,17,6,2013,17,1,62,427,2,2,1,6,"22, DELRUE (BD DES FRERE",0.0,0.0
201300031329,23,6,2013,20,1,62,427,1,1,1,6,FOUR A COKE (R DU),0.0,0.0
201300031330,26,6,2013,17,1,62,427,2,6,1,6,"211, AYLE (R ROBERT)",0.0,0.0
201300031331,10,7,2013,17,1,62,427,2,1,1,3,MOULIN (BD JEAN),0.0,0.0
201300031332,14,7,2013,19,1,62,587,1,2,1,3,", CHEMIN DEPARTEMENTAL",0.0,0.0
201300031333,13,8,2013,21,3,62,624,2,1,1,2,REPUBLIQUE (AVE DE LA ),0.0,0.0
201300031334,25,8,2013,21,5,62,587,2,1,1,6,"10, SALENGRO (R ROGER)",0.0,0.0
201300031335,20,9,2013,10,1,62,587,2,1,1,3,"., NORMANDIE NIEMEN  (AV",0.0,0.0
201300031336,9,8,2013,8,1,62,274,1,3,1,3,"0, RD 161",50.43682,2.97835
201300031337,15,10,2013,8,2,62,587,2,1,8,6,"55, HARNES (RTE D')",0.0,0.0
201300031338,31,10,2013,15,1,62,427,1,2,1,3,"0, DELRUE (BD DES FRERES",0.0,0.0
201300031339,11,10,2013,16,1,62,624,1,9,1,3,"0, CENTRE COMMERCIAL AUC",50.41152,2.97911
201300031340,29,11,2013,19,5,62,249,1,3,1,3,FERRY (R JULES),0.0,0.0
201300031341,12,12,2013,15,1,62,427,2,1,1,6,"134, JUIN (BVD DU MAL)",0.0,0.0
201300031342,17,12,2013,17,1,62,427,2,1,1,6,"358, CASSIN (R RENE)",0.0,0.0
201300031343,21,12,2013,11,1,62,497,2,1,1,6,"41, PRESSENCE (R FRANCIS",0.0,0.0
201300031344,5,1,2013,16,2,62,573,1,1,2,6,"SANS, MIRABEAU (R)",50.48652,2.89509
201300031345,5,1,2013,20,5,62,895,2,1,1,6,"90, MEURCHIN (R DE)",50.49704,2.86766
201300031346,2,1,2013,8,2,62,771,2,1,1,3,"47, LAMENDIN (R ARTHUR)",0.0,0.0
201300031347,7,1,2013,12,1,62,498,2,1,1,6,"91, BLUM (R LEON)",50.43916,2.79599
201300031348,7,1,2013,11,1,62,771,2,1,8,6,"70, VAILLANT (R EDOUARD)",50.41976,2.8731
201300031349,5,12,2013,8,1,62,771,2,1,1,2,"sans, DARRAS (R CONSTANT",0.0,0.0
201300031350,31,1,2013,9,1,62,498,2,3,1,7,"SANS, BASLY (BD EMILE)",0.0,0.0
201300031351,2,2,2013,18,5,62,573,2,1,1,6,"1, BASLY (R EMILE)",50.49668,2.89103
201300031352,30,1,2013,7,5,62,498,2,1,1,3,"498, ARRAS (RTE  D')",0.0,0.0
201300031353,27,2,2013,16,1,62,842,2,1,1,3,"0, GRISON (R JEAN BAPTIS",0.0,0.0
201300031354,18,2,2013,19,3,62,464,1,3,1,3,"sans, SALENGRO (R ROGER)",50.47267,2.81202
201300031355,28,2,2013,17,1,62,498,2,1,1,3,"234, BETHUNE (RTE DE)",50.43757,2.8133
201300031356,10,11,2013,22,5,62,842,1,1,2,2,RN 47,0.0,0.0
201300031357,17,3,2013,14,1,62,498,2,1,1,6,"285, LONDRES (R DE)",0.0,0.0
201300031358,25,3,2013,9,1,62,498,2,2,1,6,"258, LILLE (RTE DE)  RN",0.0,0.0
201300031359,8,4,2013,12,1,62,498,2,1,1,6,"SANS, BROSSOLETTE (R PIE",0.0,0.0
201300031360,18,4,2013,9,1,62,498,2,2,1,3,"sans, BLUM (R LEON)",50.44261,2.80252
201300031361,20,4,2013,19,1,62,498,2,1,9,6,6SENLIS (R DE),0.0,0.0
201300031362,17,5,2013,18,1,62,628,2,3,1,3,SCHAFFNER (R DU DOCTEUR),0.0,0.0
201300031363,18,5,2013,21,1,62,498,2,2,1,1,"sans, OEILLETS (R DES)",0.0,0.0
201300031364,4,5,2013,17,1,62,498,2,4,1,3,"SANS, SOUVRAZ (R JEAN)",50.43776,2.82135
201300031365,17,6,2013,16,1,62,842,2,1,1,2,"SANS, SAINT NAZAIRE N? 1",50.46026,2.84982
201300031366,12,6,2013,17,1,62,771,2,1,1,6,"80, BEUGNET (R CASIMIR)",0.0,0.0
201300031367,6,7,2013,12,1,62,842,2,3,1,3,"SANS, MANOT (CHE)",0.0,0.0
201300031368,9,7,2013,9,1,62,523,2,2,1,3,LILLE (RTE DE),0.0,0.0
201300031369,15,7,2013,18,1,62,771,2,1,1,1,"50, BEUGNET (R CASIMIR)",50.41979,2.87858
201300031370,8,7,2013,16,1,62,842,2,3,1,6,NOBEL (R ALFRED),0.0,0.0
201300031371,6,7,2013,11,1,62,498,2,1,1,6,QUATRE SEPTEMBRE (AV. DU,0.0,0.0
201300031372,21,7,2013,21,2,62,842,2,1,1,6,"83, HUIT MAI (R DU)",0.0,0.0
201300031373,8,8,2013,18,1,62,771,2,1,1,6,"83, LAMENDIN (R ARTHUR)",0.0,0.0
201300031374,12,8,2013,17,1,62,771,2,3,1,3,"130, BEUGNET (R CASIMIR)",0.0,0.0
201300031375,5,8,2013,21,2,62,498,2,1,1,6,"0, LOISON (RTE DE)",0.0,0.0
201300031376,24,8,2013,1,5,62,523,2,1,1,6,"21, HARNES (RTE D')",0.0,0.0
201300031377,3,9,2013,15,1,62,498,2,1,1,3,"sans, ALAIN (R)",0.0,0.0
201300031378,3,9,2013,14,1,62,498,2,2,1,3,"235, LILLE (RTE DE)  RN",0.0,0.0
201300031379,8,9,2013,6,1,62,498,2,1,1,2,"171, BLUM (R LEON)",0.0,0.0
201300031380,22,9,2013,12,1,62,498,2,1,1,6,"30, QUATRE SEPTEMBRE (AV",0.0,0.0
201300031381,24,9,2013,11,1,62,498,2,1,1,6,"11, ELUARD (R PAUL)",0.0,0.0
201300031382,28,9,2013,16,1,62,498,2,1,1,1,"1, LOISON (RTE DE)",0.0,0.0
201300031383,3,10,2013,16,1,62,498,2,1,2,6,"280, LILLE (RTE DE)  RN",50.43638,2.84074
201300031384,10,10,2013,14,1,62,498,2,1,3,6,"49, ARRAS (RTE  D')",0.0,0.0
201300031385,20,10,2013,16,1,62,842,2,1,1,2,"45, VAILLANT (R EDOUARD",0.0,0.0
201300031386,22,10,2013,14,1,62,498,2,1,1,6,"96, BASLY (BD EMILE)",0.0,0.0
201300031387,12,10,2013,11,1,62,771,2,2,1,3,BEUGNET (R CASIMIR),0.0,0.0
201300031388,8,11,2013,10,1,62,498,2,1,1,6,"10, SCHUMANN (R ROBERT)",0.0,0.0
201300031389,19,11,2013,17,2,62,498,2,1,1,6,SCHUMANN (R ROBERT),0.0,0.0
201300031390,5,12,2013,8,1,62,498,2,1,1,6,"18, ARC (JEANNE D')",0.0,0.0
201300031391,14,12,2013,5,5,62,842,1,1,2,6,RN 47,50.46237,2.83077
201300031392,18,12,2013,19,5,62,498,2,1,1,6,"137, BERT (R PAUL)",50.43326,2.79666
201300031393,25,11,2013,13,1,62,498,2,1,1,3,"32, JAURES (PL. JEAN)",0.0,0.0
201300031394,24,10,2013,7,3,62,895,1,1,5,2,"SANS, DEPARTEMENTALE 165",0.0,0.0
201300031395,10,12,2013,10,1,62,895,2,1,7,6,"14, LAGRANGE (R LEO)",0.0,0.0
201300031396,30,8,2013,10,1,62,771,2,1,1,3,"., LAMENDIN (R ARTHUR)",0.0,0.0
201300031397,29,12,2013,21,2,62,510,2,1,1,3,"., MARQUAGE (CHE DU)",0.0,0.0
201300031398,8,11,2013,9,1,62,510,2,1,1,7,"., LEMAIRE (R FLORIMONT",0.0,0.0
201300031399,31,1,2013,14,1,62,528,2,1,1,1,"., SUPERVIELLE (R )",0.0,0.0
201300031400,10,2,2013,4,5,62,510,2,1,9,6,"., MITTERAND (AV FRANCOI",0.0,0.0
201300031401,8,2,2013,16,1,62,528,2,1,1,7,"., TCHAD (R DU)",0.0,0.0
201300031402,10,2,2013,18,5,62,510,2,1,4,6,"., TASSIGNY (R DU MAL. D",0.0,0.0
201300031403,19,2,2013,20,5,62,510,1,1,1,3,", CD 58",0.0,0.0
201300031404,24,2,2013,13,1,62,510,2,1,9,6,", FAIDHERBE (R )",0.0,0.0
201300031405,4,3,2013,17,1,62,563,1,1,1,3,"., DUMAS (R ALEXANDRE)",0.0,0.0
201300031406,2,4,2013,10,1,62,510,2,1,1,2,"., JAURES (AV JEAN )",0.0,0.0
201300031407,8,4,2013,17,1,62,563,2,1,1,3,"., LAMENDIN (BD ARTHUR)",0.0,0.0
201300031408,28,4,2013,16,1,62,386,2,1,1,7,"., BEAUCAMP (R FRANCOIS)",0.0,0.0
201300031409,21,4,2013,20,2,62,186,2,1,1,3,"., ALSACE (BD D')",0.0,0.0
201300031410,16,5,2013,19,1,62,386,2,1,1,6,"., BEUGNET (R CASIMIR)",0.0,0.0
201300031411,8,6,2013,5,1,62,19,2,1,1,6,"., ARRAS (R D')",0.0,0.0
201300031412,24,5,2013,16,1,62,510,2,1,1,5,"., DUSSOUICH (R)",0.0,0.0
201300031413,1,6,2013,19,1,62,186,1,1,1,3,"., VOLTAIRE (R )",0.0,0.0
201300031414,14,6,2013,12,1,62,510,1,1,1,7,"., LECLERC (AV. DU MAREC",0.0,0.0
201300031415,27,6,2013,21,2,62,510,1,1,1,6,"., CHAMPS (R DES JOLIS)",50.42411,2.74305
201300031416,2,7,2013,16,1,62,510,2,1,1,6,"146, SCHAFFNER (R ERNEST",0.0,0.0
201300031417,8,7,2013,8,1,62,510,2,1,1,3,"., DUTEMPLE (R )",0.0,0.0
201300031418,30,7,2013,21,1,62,510,1,1,1,3,"., CD58",0.0,0.0
201300031419,8,8,2013,14,1,62,563,2,1,1,1,JAURES (R JEAN),0.0,0.0
201300031420,6,9,2013,11,1,62,186,1,1,1,7,"., BEUGNET (R CASIMIR)",0.0,0.0
201300031421,12,9,2013,11,1,62,528,2,1,1,3,ROUSSEL (R JEAN BAPTISTE,0.0,0.0
201300031422,23,9,2013,9,1,62,19,1,1,1,1,"., ARRAS (R D')",0.0,0.0
201300031423,23,9,2013,20,2,62,528,2,1,1,1,"., COUTURIER (R PAUL VAI",0.0,0.0
201300031424,11,9,2013,19,1,62,510,2,1,1,6,"161, DELEBECQUE (R GERMA",0.0,0.0
201300031425,2,10,2013,0,5,62,528,2,1,1,7,"., BETHUNE (RTE DE)",0.0,0.0
201300031426,7,10,2013,21,5,62,186,2,1,1,3,"., VOLTAIRE (R )",0.0,0.0
201300031427,1,9,2013,21,2,62,528,2,1,1,3,"., BETHUNE (RTE DE)",0.0,0.0
201300031428,24,10,2013,13,1,62,528,2,1,1,3,"., HOCHE (R LAZARE)",0.0,0.0
201300031429,28,10,2013,20,2,62,510,2,1,2,7,"., MARQUAGE (CHE DU)",0.0,0.0
201300031430,30,10,2013,14,1,62,186,2,1,1,3,"., EGALITE (R DE L')",0.0,0.0
201300031431,21,10,2013,18,2,62,510,2,1,1,7,"., DELEBECQUE (R GERMAIN",0.0,0.0
201300031432,23,11,2013,13,1,62,528,2,1,1,3,"., BETHUNE (RTE DE)",0.0,0.0
201300031433,23,11,2013,10,1,62,19,2,1,1,3,"., BULLY (R DE)",0.0,0.0
201300031434,3,12,2013,15,1,62,563,2,1,1,1,"., JAURES (R JEAN)",0.0,0.0
201300031435,6,12,2013,22,3,62,528,1,1,1,6,"., CHEMINEE (CHE DE LA)",0.0,0.0
201300031436,9,12,2013,11,1,62,186,2,1,1,6,"., BEUGNET (R CASIMIR )",0.0,0.0
201300031437,9,12,2013,15,1,62,528,2,1,1,1,"., CONDE (R)",0.0,0.0
201300031438,21,12,2013,23,5,62,563,2,1,1,1,"., DUTOUQUET (R )",0.0,0.0
201300031439,25,12,2013,18,5,62,510,1,1,1,3,CD58,0.0,0.0
201300031440,23,12,2013,13,1,62,555,2,1,1,7,"35, PAUL VAILLANT COUTUR",0.0,0.0
201300031441,22,1,2013,11,1,62,555,2,1,4,6,"4, TILLEULS ( RUE DES)",0.0,0.0
201300031442,26,1,2013,5,3,62,194,2,1,8,7,QUENEHEM ( CHEMIN DE ),50.49414,2.49824
201300031443,22,2,2013,14,1,62,224,1,1,1,5,RD 943,0.0,0.0
201300031444,4,3,2013,18,1,62,489,2,1,1,6,"93 TER, LOUIS PASTEUR (R",0.0,0.0
201300031445,18,3,2013,11,1,62,555,2,3,2,5,"64, PASTEUR ( RUE LOUIS",0.0,0.0
201300031446,2,4,2013,8,1,62,555,2,1,1,6,CRACOVIE (RUE DE ),0.0,0.0
201300031447,30,4,2013,16,1,62,489,2,2,1,3,MAIE (RUE DE LA),0.0,0.0
201300031448,7,8,2013,10,1,62,197,2,4,2,3,CD 70,0.0,0.0
201300031449,22,9,2013,3,4,62,479,2,1,1,7,"759, GUESDE ( rue Jules",0.0,0.0
201300031450,29,10,2013,17,1,62,555,2,1,2,6,"02, ALBERT (RUE D' )",0.0,0.0
201300031451,4,11,2013,17,1,62,224,2,3,2,3,GONNEHEM (RUE DE),0.0,0.0
201300031452,7,12,2013,6,5,62,489,2,1,1,6,"288, JAURES ( rue Jean )",0.0,0.0
201300031453,6,12,2013,18,5,62,555,2,1,1,3,"58, PAUL VAILLANT COUTUR",0.0,0.0
201300031454,17,1,2013,20,3,62,540,1,1,4,2,D941,50.45848,2.57576
201300031455,18,2,2013,7,1,62,83,2,1,1,1,"273/275, HOUDAIN (RUE D'",0.0,0.0
201300031456,12,1,2013,0,5,62,617,2,1,1,5,BLUM (RUE LEON),0.0,0.0
201300031457,2,3,2013,19,5,62,617,2,1,1,6,"387, ROUTE NATIONALE (CD",0.0,0.0
201300031458,26,4,2013,14,1,62,617,1,1,2,1,DEPARTEMENTALE 65,0.0,0.0
201300031459,21,4,2013,20,1,62,737,2,1,1,7,NATIONALE (ROUTE) CD937,0.0,0.0
201300031460,28,4,2013,1,5,62,83,2,1,1,6,"312, HOUDAIN (RUE D')  O",0.0,0.0
201300031461,28,5,2013,16,1,62,737,2,1,2,5,"0, NATIONALE (ROUTE) CD9",0.0,0.0
201300031462,24,4,2013,17,1,62,617,2,1,1,3,BLUM (RUE LEON),0.0,0.0
201300031463,22,6,2013,4,5,62,617,2,1,1,6,"48, ROUTE NATIONALE (CD",0.0,0.0
201300031464,7,8,2013,11,1,62,617,2,2,2,2,"1, DOUPHY (BD DU COMMAND",0.0,0.0
201300031465,8,8,2013,22,5,62,617,2,2,1,3,"0, ROUTE NATIONALE (CD 9",50.48128,2.66125
201300031466,22,8,2013,19,1,62,540,1,1,7,1,RD 301 (ROCADE MINIERE),50.45289,2.56488
201300031467,4,9,2013,13,1,62,617,2,2,1,3,ROUTE NATIONALE (CD 937),50.48131,2.66127
201300031468,13,11,2013,15,1,62,540,1,1,7,2,"1, D 72",0.0,0.0
201300031469,24,11,2013,18,5,62,617,2,1,1,6,"53 bis, SAILLY (RUE DE)",0.0,0.0
201300031470,14,11,2013,13,2,62,83,2,2,2,1,"1, ORLEANS (RUE D')",0.0,0.0
201300031471,15,2,2013,8,1,62,765,2,1,1,6,"71, ARRAS (RUE D'.......",50.74563,2.25848
201300031472,2,3,2013,14,1,62,757,2,3,8,1,"0, REVEL (RUE DU CNE",50.75234,2.23923
201300031473,20,3,2013,14,1,62,902,1,1,1,3,"31, LEDUC (RUE EDOUARD",0.0,0.0
201300031474,5,4,2013,15,1,62,902,2,1,1,3,"90, CHOCHOY (RUE BERNARD",0.0,0.0
201300031475,2,8,2013,18,1,62,765,2,1,1,6,"35, SAINT EXUPERY (RUE..",0.0,0.0
201300031476,31,8,2013,19,1,62,525,2,2,1,3,LIBERATION (RUE DE LA,50.74115,2.26162
201300031477,20,10,2013,13,1,62,139,2,1,1,1,"28, SAND (RUE GEORGES...",0.0,0.0
201300031478,21,10,2013,17,1,62,757,2,2,1,2,RIVAGE (RUE DU ......),50.75648,2.23851
201300031479,12,11,2013,12,1,62,765,2,6,2,6,VAUBAN (BD.........),50.74847,2.25019
201300031480,6,12,2013,16,2,62,525,2,1,1,6,CORDONNIER (RUE DENIS...,0.0,0.0
201300031481,16,12,2013,17,5,62,765,2,1,1,6,".., PERPIGNAN (PLACE",50.74695,0.0
201300031482,19,12,2013,12,1,62,139,1,3,1,3,LAGRANGE (RUE LEO     ),50.71395,0.0
201300031483,10,5,2013,17,1,62,826,2,6,1,6,LOUIS QUETELART (AVENUE),50.51683,1.60088
201300031484,7,5,2013,10,1,62,826,2,3,1,3,FRANCOIS GODIN (AVENUE),0.0,0.0
201300031485,12,6,2013,15,1,62,826,2,2,1,3,"58, DALOZ (BOULEVARD)",0.0,0.0
201300031486,11,7,2013,15,1,62,826,2,1,1,6,"1, ROSSIGNOLS (ALLEE DES",0.0,0.0
201300031487,6,8,2013,5,5,62,826,2,1,1,6,"1, PICARDIE (AVENUE DE)",50.52316,1.59671
201300031488,13,8,2013,17,1,62,826,2,1,1,3,GENERAL DE GAULLE (AVENU,0.0,0.0
201300031489,15,8,2013,11,1,62,826,2,9,1,3,"1, SANGUET (AVENUE)",0.0,0.0
201300031490,1,9,2013,6,3,62,826,2,1,1,6,PICARDIE (AVENUE DE),0.0,0.0
201300031491,2,9,2013,9,1,62,826,2,2,1,6,"30, AMIENS (RUE D')",0.0,0.0
201300031492,6,11,2013,16,1,62,826,2,2,2,3,CHATEAU (AVENUE DU),50.51602,1.60367
201300031493,19,11,2013,14,1,62,826,2,3,1,2,"20, LEON GARET (RUE)",0.0,0.0
201300031494,2,12,2013,8,2,62,826,2,2,1,3,PICARDIE (AVENUE DE),50.51735,1.61024
201300031495,27,7,2013,2,5,62,826,2,1,1,6,"1, GENERAL DE GAULLE (AV",0.0,0.0
201300031496,2,1,2013,22,5,63,113,2,1,1,1,BERGOUGNAN (AVENUE RAYMO,0.0,0.0
201300031497,4,1,2013,21,5,63,113,2,1,1,1,"., BINGEN (BD JACQUES)",0.0,0.0
201300031498,8,1,2013,14,1,63,113,2,1,1,2,FLAUBERT (BD GUSTAVE),0.0,0.0
201300031499,8,1,2013,16,1,63,113,2,1,1,6,CONDAMINE (RUE DE LA),45.77692,3.11193
201300031500,8,1,2013,17,1,63,113,2,3,1,3,"1, DUMAS (BD J.BAPTISTE)",45.78608,3.0923
201300031501,9,1,2013,16,1,63,75,2,1,1,6,"9, CHABRIER (RUE EMMANUE",45.77149,3.06321
201300031502,10,1,2013,8,2,63,113,2,3,1,3,"0, MARINGUES (RUE DE)",45.77937,3.0942
201300031503,11,1,2013,9,1,63,113,2,1,1,3,GANTIERE (RUE DE LA),45.76234,3.12328
201300031504,11,1,2013,19,5,63,14,2,1,1,6,COURNON (AVENUE DE),0.0,0.0
201300031505,12,1,2013,9,1,63,75,2,1,8,6,"22, ROC BLANC (RUE DU)",0.0,0.0
201300031506,13,1,2013,3,5,63,113,2,1,1,3,"1, PREMIER MAI (PLACE DU",0.0,0.0
201300031507,13,1,2013,21,5,63,113,2,1,1,2,"13, CARNOT (AVENUE)",0.0,0.0
201300031508,14,1,2013,18,5,63,113,2,1,1,3,ROND-POINT DES CHANELLES,45.78919,3.08047
201300031509,15,1,2013,13,1,63,113,2,1,1,6,"., LAFAYETTE (BD)",0.0,0.0
201300031510,15,1,2013,20,5,63,113,2,1,8,6,L'HOSPITAL (PLACE MICHEL,45.77706,3.08858
201300031511,17,1,2013,17,2,63,113,2,1,1,6,"79, LAFAYETTE (BD)",45.77269,3.09754
201300031512,18,1,2013,19,3,63,32,1,1,1,3,"., RD 2089",0.0,0.0
201300031513,19,1,2013,19,5,63,113,2,2,2,3,FLAUBERT (BD GUSTAVE),0.0,0.0
201300031514,19,1,2013,20,5,63,113,2,1,2,6,GROLIERE (RUE DE LA),0.0,0.0
201300031515,21,1,2013,9,1,63,113,2,1,1,4,"1, SCHUMAN (BD ROBERT)",0.0,0.0
201300031516,22,1,2013,15,1,63,113,2,1,1,6,"132, CHAMPFLEURI (RUE DE",45.79218,3.09676
201300031517,22,1,2013,18,5,63,32,2,1,1,4,"9, MONT-DORE (AVENUE DU)",45.75234,3.08234
201300031518,22,1,2013,19,5,63,113,2,1,1,3,SABLON (COURS),0.0,0.0
201300031519,23,1,2013,7,5,63,32,2,1,1,6,"., MONTPOLY (RUE DE)",0.0,0.0
201300031520,23,1,2013,8,1,63,75,2,1,1,7,"11, FONTMAURE (AVENUE DE",45.77513,3.06284
201300031521,23,1,2013,9,1,63,113,2,1,8,6,CHARCOT (BD),0.0,0.0
201300031522,24,1,2013,10,1,63,113,2,3,1,3,"., POINCARE (COURS RAYMO",45.76951,3.08973
201300031523,25,1,2013,13,1,63,113,2,1,1,6,JOUHAUX (BD LEON),0.0,0.0
201300031524,27,1,2013,13,1,63,113,2,1,1,6,"12, TORPILLEUR SIROCCO (",45.81462,3.10697
201300031525,28,1,2013,7,5,63,113,2,1,1,6,"1, BINGEN (BD JACQUES)",0.0,0.0
201300031526,28,1,2013,9,1,63,113,2,1,8,1,"1, CHANTERANNE (RUE DE)",0.0,0.0
201300031527,29,1,2013,12,1,63,113,2,2,1,5,"., LAVOISIERS (BD)",0.0,0.0
201300031528,29,1,2013,17,1,63,14,2,1,1,4,ROUSSILLON (AVENUE DU),0.0,0.0
201300031529,29,1,2013,17,1,63,113,2,1,1,6,"., BONS ENFANTS (RUE DES",0.0,0.0
201300031530,29,1,2013,19,5,63,113,2,2,1,3,"1, AURIOL (BOULEBARD VIN",45.79223,3.11805
201300031531,29,1,2013,20,5,63,113,2,1,1,6,LAFAYETTE (BD),0.0,0.0
201300031532,30,1,2013,11,1,63,113,2,1,1,6,"53, CLOS NOTRE DAME (RUE",45.78326,3.07607
201300031533,30,1,2013,14,1,63,113,2,1,1,6,MALINTRAT (RUE DE),0.0,0.0
201300031534,31,1,2013,20,5,63,113,2,1,1,6,"., FONTAINE (PLACE DE LA",45.79134,3.11329
201300031535,1,2,2013,21,5,63,113,2,1,8,6,"20, MOINIER (RUE ANDRE)",45.7804,3.08348
201300031536,3,2,2013,17,1,63,113,2,1,1,3,"1, FLAUBERT (BD GUSTAVE)",0.0,0.0
201300031537,4,2,2013,9,1,63,113,2,1,1,6,"58, MICHELIN (AVENUE EDO",45.78155,3.10303
201300031538,4,2,2013,17,1,63,113,2,1,1,3,PONCILLON (RUE),0.0,0.0
201300031539,5,2,2013,13,1,63,32,2,1,1,6,"96, MONT-DORE (AVENUE DU",45.74771,3.07355
201300031540,5,2,2013,7,5,63,113,2,1,8,6,"1, LIMOUSIN (AVENUE DU)",0.0,0.0
201300031541,6,2,2013,15,1,63,113,2,1,1,4,"70, REPUBLIQUE (AVENUE D",45.78632,3.10342
201300031542,8,2,2013,7,1,63,113,2,1,1,6,"., COTE BLATIN (BD)",0.0,0.0
201300031543,8,2,2013,17,1,63,113,2,1,1,6,COUBERTIN (RUE PIERRE DE,0.0,0.0
201300031544,10,2,2013,10,1,63,113,2,1,1,6,"1, GREGOIRE DE TOURS (RU",0.0,0.0
201300031545,11,2,2013,5,5,63,113,2,1,8,6,"34, AMADEO (RUE)",45.78002,3.07331
201300031546,11,2,2013,10,1,63,113,2,2,1,3,DIOMEDE (RUE PAUL),45.78401,3.07614
201300031547,11,2,2013,17,1,63,113,2,1,1,6,"2, GAILLARD (PLACE GILBE",45.78035,3.08311
201300031548,12,2,2013,10,1,63,113,2,1,1,6,RENOUX (PLACE),0.0,0.0
201300031549,12,2,2013,20,5,63,113,2,1,1,6,"27, GUYNEMER (RUE)",45.77967,3.10692
201300031550,13,2,2013,15,1,63,113,2,1,1,6,"1, RABANESSE (RUE DE)",0.0,0.0
201300031551,13,2,2013,20,5,63,113,2,2,1,3,"., COTE BLATIN (BD)",45.768,3.08709
201300031552,14,2,2013,20,3,63,32,1,1,1,2,N2089,0.0,0.0
201300031553,15,2,2013,9,1,63,70,2,1,1,3,CURIE (RUE PIERRE),0.0,0.0
201300031554,16,2,2013,17,1,63,113,2,1,1,6,BOUSQUET (RUE DR),0.0,0.0
201300031555,16,2,2013,19,5,63,113,2,3,1,3,"1, GONCOURT (RUE)",45.78448,3.06705
201300031556,17,2,2013,11,1,63,113,2,1,1,3,ESTIENNE (RUE PIERRE),0.0,0.0
201300031557,18,2,2013,16,1,63,14,2,1,1,4,"., COURNON (AVENUE DE)",0.0,0.0
201300031558,19,2,2013,14,1,63,14,2,1,1,6,"1, ROUSSILLON (AVENUE DU",0.0,0.0
201300031559,20,2,2013,16,1,63,113,2,1,1,6,"51, GRANDE BRETAGNE (AVE",45.7773,3.09597
201300031560,21,2,2013,19,5,63,113,2,1,1,6,"3, BLATIN (RUE)",45.77707,3.08112
201300031561,22,2,2013,11,1,63,113,2,2,1,3,"1, BRIAND (BD ARISTIDE)",45.75614,3.07746
201300031562,23,2,2013,12,1,63,113,2,1,1,3,MARGERIDE (AVENUE DE LA),0.0,0.0
201300031563,28,2,2013,6,3,63,32,1,1,1,6,,0.0,0.0