Num_Acc,jour,mois,an,hr,condition_eclairage,departement,commune,condition_agglomeration,intersection,condition_atmosphere,type_collision,adresse,lattitude,longitude
201300031564,28,2,2013,8,1,63,70,2,1,1,6,"53, MONTAGNARDS (RUE DES",45.76172,3.0651
201300031565,28,2,2013,16,1,63,113,2,1,1,6,ONZE NOVEMBRE (RUE DU),0.0,0.0
201300031566,2,3,2013,12,1,63,113,2,1,1,6,BARBIER DAUBREE (AVENUE),0.0,0.0
201300031567,3,3,2013,23,5,63,113,2,1,1,6,"., COTE BLATIN (BD)",0.0,0.0
201300031568,5,3,2013,9,1,63,113,2,1,1,6,"., CLOS NOTRE DAME (RUE",0.0,0.0
201300031569,5,3,2013,10,1,63,113,2,1,1,6,"31, TOURRETTE (RUE)",45.79981,3.11738
201300031570,6,3,2013,16,1,63,113,2,1,1,6,"0, ROTONDE (RUE DE LA)",0.0,0.0
201300031571,8,3,2013,16,1,63,113,2,1,1,2,"1, LAFAYETTE (BD)",0.0,0.0
201300031572,4,3,2013,8,1,63,113,2,1,1,7,CHANTERANNE (RUE DE),0.0,0.0
201300031573,11,3,2013,12,1,63,113,2,3,1,6,"2, PELISSIER (RUE)",45.78546,3.10409
201300031574,11,3,2013,17,1,63,113,2,1,1,6,"., MENAT (RUE ANTOINE)",0.0,0.0
201300031575,12,3,2013,10,1,63,70,2,1,1,6,"7, WILSON (AVENUE)",45.7324,3.06371
201300031576,12,3,2013,15,1,63,113,2,1,1,2,"., CHATEAU DES VERGNES (",0.0,0.0
201300031577,13,3,2013,9,1,63,75,2,1,1,6,BERTHELOT (BOULEVARD),0.0,0.0
201300031578,14,3,2013,10,1,63,113,2,1,1,6,"48, FALLIERES (RUE ARMAN",45.79168,3.07303
201300031579,15,3,2013,7,1,63,75,2,1,1,2,"33, GARE (AVENUE DE LA G",45.76785,3.06007
201300031580,18,3,2013,18,1,63,113,2,1,1,6,"1, MICHELET (RUE)",0.0,0.0
201300031581,20,3,2013,10,1,63,113,2,2,1,6,"20, JAURES (BD JEAN)",45.7679,3.08418
201300031582,20,3,2013,17,1,63,113,2,1,1,3,DUMAS (BD J.BAPTISTE),0.0,0.0
201300031583,21,3,2013,17,1,63,113,2,1,1,6,"8, SABLON (COURS)",45.776,3.09009
201300031584,21,3,2013,22,5,63,113,2,1,1,3,"1, FLAUBERT (BD GUSTAVE)",0.0,0.0
201300031585,22,3,2013,13,1,63,14,2,1,1,2,"16, COURNON (AVENUE DE)",45.75296,3.13467
201300031586,22,3,2013,18,1,63,14,2,1,1,7,ROCHE GENES (RUE),0.0,0.0
201300031587,25,3,2013,20,1,63,113,2,1,1,6,LOUBET (RUE EMILE),0.0,0.0
201300031588,23,3,2013,8,1,63,113,2,1,8,6,"8, LANDAIS (AVENUE DES)",45.76465,3.11022
201300031589,23,3,2013,10,1,63,113,2,1,1,2,"23, CLOS NOTRE DAME (RUE",45.78451,3.07885
201300031590,23,3,2013,16,1,63,113,2,1,3,6,BERTHELOT (BOULEVARD),0.0,0.0
201300031591,24,3,2013,17,1,63,113,1,1,1,6,"., BLERIOT (AVENUE LOUIS",0.0,0.0
201300031592,27,3,2013,19,1,63,113,2,1,1,3,"1, DUMAS (BD J.BAPTISTE)",0.0,0.0
201300031593,30,3,2013,16,1,63,113,1,1,1,6,A711,0.0,0.0
201300031594,30,3,2013,19,1,63,113,2,1,1,3,PREVOST (RUE ABBE),0.0,0.0
201300031595,2,4,2013,23,5,63,113,2,1,1,6,"0, POMPIDOU (BD GEORGES)",0.0,0.0
201300031596,3,4,2013,12,1,63,113,2,1,1,2,"., CHANDIOTS (RUE DES)",0.0,0.0
201300031597,8,4,2013,18,1,63,14,2,6,1,3,GERGOVIE (RUE DE),45.75044,3.10653
201300031598,6,4,2013,5,5,63,113,2,1,1,6,"., UNION SOVIETIQUE (AVE",0.0,0.0
201300031599,7,4,2013,5,5,63,113,2,1,1,6,"1, NOHANENT (RUE DE)",0.0,0.0
201300031600,8,4,2013,18,1,63,70,2,1,1,6,"80, MARROU (AVENUE JEAN-",45.74396,3.05859
201300031601,9,4,2013,18,1,63,113,2,2,1,3,"., FLAUBERT (BD GUSTAVE)",0.0,0.0
201300031602,10,4,2013,15,1,63,113,2,1,1,3,JACOBINS (RUE DES),0.0,0.0
201300031603,10,4,2013,20,5,63,113,2,1,1,6,LIBERATION (AVENUE DE LA,0.0,0.0
201300031604,12,4,2013,12,1,63,113,2,1,8,6,"52, CHARCOT (BD)",45.79421,3.08772
201300031605,12,4,2013,13,1,63,113,2,1,1,6,"35, GUYNEMER (RUE)",45.7801,3.10782
201300031606,12,4,2013,15,1,63,113,2,2,1,3,"0, BERGOUGNAN (AVENUE RA",45.78549,3.06471
201300031607,12,4,2013,20,1,63,113,2,1,1,6,PAULINES (AVENUE DES),0.0,0.0
201300031608,13,4,2013,16,1,63,113,2,1,1,6,"92, BLUM (AVENUE LEON)",45.76624,3.09616
201300031609,17,4,2013,12,1,63,113,2,1,1,6,"1, MEUNIERS (RUE DES)",45.75873,3.10513
201300031610,17,4,2013,17,1,63,113,2,2,1,3,"x, CARTOUCHERIE (RUE DE",45.77798,3.11572
201300031611,17,4,2013,18,1,63,113,2,1,1,2,"., POMPIDOU (BD GEORGES)",0.0,0.0
201300031612,19,4,2013,16,1,63,113,2,1,1,6,"., PARDIEU (ROND-POINT D",45.76435,3.12574
201300031613,19,4,2013,18,1,63,113,2,1,1,2,"175, CLEMENTEL (BD ETIEN",0.0,0.0
201300031614,23,4,2013,9,1,63,113,2,4,1,3,";, BRUGIERE (BD AMBROISE",45.78973,3.11807
201300031615,23,4,2013,10,1,63,113,2,1,1,3,"., SAINT JEAN (BD)",0.0,0.0
201300031616,23,4,2013,13,1,63,113,2,1,1,6,"18, POCHET LAGAYE (BD PA",45.76528,3.10376
201300031617,23,4,2013,14,1,63,113,2,2,1,3,"1, MITTERRAND (BD FRANCO",45.77178,3.08989
201300031618,25,4,2013,8,1,63,113,2,1,1,2,"., BARBIER DAUBREE (AVEN",0.0,0.0
201300031619,25,4,2013,22,5,63,113,2,1,1,3,COURNON (RUE DE),0.0,0.0
201300031620,26,4,2013,22,5,63,14,2,2,8,1,"1, DE GAULLE (AVENUE CHA",45.75195,3.11797
201300031621,27,4,2013,14,1,63,113,2,1,1,6,"3, CHANTURGUE (RUE DES H",45.81124,3.1068
201300031622,27,4,2013,16,1,63,113,2,1,8,3,"1, ESTIENNE (RUE PIERRE)",45.77051,3.1291
201300031623,30,4,2013,11,1,63,113,2,4,3,1,"., NEWTON (RUE)",45.78857,3.13438
201300031624,1,5,2013,0,5,63,113,2,1,2,2,"., DUMAS (BD J.BAPTISTE)",0.0,0.0
201300031625,2,5,2013,15,1,63,14,2,1,1,3,AURIOL (RUE JACQUELINE),0.0,0.0
201300031626,2,5,2013,17,1,63,113,2,1,1,4,"1, FLAUBERT (BD GUSTAVE)",0.0,0.0
201300031627,3,5,2013,12,1,63,113,2,1,1,4,"1, UNION SOVIETIQUE (AVE",0.0,0.0
201300031628,6,5,2013,11,1,63,113,2,1,1,3,PALISSY (RUE BERNARD),0.0,0.0
201300031629,7,5,2013,10,1,63,113,2,3,1,6,MUSSET (RUE ALFRED DE),45.77768,3.10912
201300031630,8,5,2013,1,5,63,113,2,9,1,6,"., GIDE (RUE CHARLES)",45.77516,3.11672
201300031631,10,5,2013,12,1,63,113,2,1,1,6,PRE LA REINE (RUE DU),0.0,0.0
201300031632,11,5,2013,16,1,63,70,2,1,1,4,ROYAT (ROUTE DE),0.0,0.0
201300031633,13,5,2013,0,5,63,113,2,1,1,6,"1, BELLOY (PETITE RUE DU",0.0,0.0
201300031634,14,5,2013,13,1,63,113,2,2,1,3,"1, CHATEAUBRIAND (RUE)",45.79352,3.07947
201300031635,14,5,2013,17,1,63,113,2,1,1,3,"64, CLEMENTEL (BD ETIENN",45.80179,3.11112
201300031636,15,5,2013,10,1,63,113,2,1,1,7,"., AURIOL (BOULEBARD VIN",0.0,0.0
201300031637,16,5,2013,11,1,63,113,2,1,8,6,"73, SAINT ALYRE (RUE)",45.78577,3.08088
201300031638,16,5,2013,17,1,63,113,2,1,1,2,CHANTERANNE (RUE DE),0.0,0.0
201300031639,16,5,2013,19,1,63,113,2,1,3,6,"., ITALIE (AVENUE DE L')",0.0,0.0
201300031640,17,5,2013,8,1,63,113,2,1,1,3,"1, ESTIENNE (RUE PIERRE)",45.77083,3.12906
201300031641,18,5,2013,0,5,63,113,2,1,1,2,"90 bis, REPUBLIQUE (AVEN",45.78724,3.10551
201300031642,19,5,2013,12,1,63,113,2,1,1,7,"22, KESSLER (RUE)",45.76942,3.08726
201300031643,19,5,2013,22,5,63,113,2,2,1,3,"43, SABLON (COURS)",45.77187,3.08996
201300031644,20,5,2013,18,1,63,113,2,1,1,6,TORPILLEUR SIROCCO (RUE,45.80959,3.10715
201300031645,21,5,2013,12,1,63,113,2,1,1,6,"., CLEMENTEL (BD ETIENNE",0.0,0.0
201300031646,21,5,2013,14,1,63,113,2,1,1,3,"1, BREZET (ROND-POINT DU",45.78006,3.13134
201300031647,22,5,2013,14,1,63,32,2,1,1,6,"66, MONT-DORE (AVENUE DU",45.74792,3.0749
201300031648,23,5,2013,15,1,63,113,2,1,1,3,"., CUGNOT (RUE NICOLAS-J",0.0,0.0
201300031649,23,5,2013,16,1,63,113,2,1,1,3,"1, MONTALEMBERT (RUE)",45.76011,3.09391
201300031650,24,5,2013,2,3,63,113,2,6,1,7,BREZET (AVENUE),45.77939,3.1473
201300031651,24,5,2013,13,1,63,113,2,1,1,6,POMPIDOU (BD GEORGES),0.0,0.0
201300031652,26,5,2013,8,1,63,113,2,1,1,6,"1, POURCHON (BD MAURICE)",45.78942,3.08076
201300031653,27,5,2013,7,1,63,113,2,1,1,4,"74, BREZET (AVENUE)",45.77909,3.12734
201300031654,27,5,2013,16,1,63,113,2,1,1,3,"., FRANCE (RUE ANATOLE)",0.0,0.0
201300031655,28,5,2013,11,1,63,75,2,1,1,6,"2, VOLTAIRE (RUE)",45.7792,3.06718
201300031656,30,5,2013,10,1,63,113,2,1,1,3,DESAIX (BD),0.0,0.0
201300031657,31,5,2013,11,1,63,14,2,1,1,6,"62, COURNON (AVENUE DE)",45.75423,3.141
201300031658,1,6,2013,18,1,63,113,2,1,1,6,"22-24, ANDRAUD (RUE HENR",45.76605,3.09032
201300031659,3,6,2013,14,1,63,113,2,1,1,3,"., AGRICULTURE (AVENUE D",0.0,0.0
201300031660,4,6,2013,14,1,63,113,2,1,1,3,"., CHANTERANNE (RUE DE)",0.0,0.0
201300031661,5,6,2013,7,1,63,113,2,3,1,3,"12, TIRETAINE (ALLEE DE)",45.79018,3.09793
201300031662,5,6,2013,12,1,63,113,2,1,1,4,BINGEN (BD JACQUES),0.0,0.0
201300031663,6,6,2013,12,1,63,113,2,1,1,6,"17, SCHUMAN (BD ROBERT)",45.76343,3.12807
201300031664,7,6,2013,1,5,63,113,2,2,1,1,"1, BINGEN (BD JACQUES)",45.76677,3.1071
201300031665,7,6,2013,8,1,63,113,2,1,1,4,"2, BLANZAT (RUE DE)",45.78256,3.08463
201300031666,7,6,2013,18,1,63,14,2,1,1,5,"., ROUSSILLON (AVENUE DU",0.0,0.0
201300031667,8,6,2013,10,1,63,113,2,1,1,2,"., CLAUDIUS (CHAUSSEE)",0.0,0.0
201300031668,10,6,2013,8,1,63,113,2,1,1,7,BEAULIEU (CHEMIN DE),0.0,0.0
201300031669,10,6,2013,15,1,63,113,2,2,1,6,"., MENAT (RUE ANTOINE)",45.77944,3.07767
201300031670,11,6,2013,11,1,63,308,2,1,1,3,"1, ALLARD (PLACE)",45.76743,3.05591
201300031671,11,6,2013,15,1,63,113,2,1,1,2,"1, AIGUILLADE (RUE DE L'",0.0,0.0
201300031672,12,6,2013,15,1,63,113,2,1,1,3,"., JAURES (BD JEAN)",0.0,0.0
201300031673,12,6,2013,18,1,63,14,2,3,1,3,"17, COURNON (AVENUE DE)",45.75311,3.13525
201300031674,13,6,2013,12,1,63,113,2,1,1,3,JAURES (BD JEAN),0.0,0.0
201300031675,13,6,2013,18,1,63,113,2,1,1,6,"14, BELLOY (RUE DU)",45.7843,3.08013
201300031676,13,6,2013,21,1,63,113,2,1,1,6,"0, REPUBLIQUE (AVENUE DE",0.0,0.0
201300031677,14,6,2013,8,1,63,113,2,1,1,6,"1, AMADEO (RUE)",45.78009,3.0738
201300031678,15,6,2013,13,1,63,113,2,1,1,6,BEAULIEU (CHEMIN DE),0.0,0.0
201300031679,15,6,2013,20,1,63,113,2,2,1,3,"., MOULIN (BD JEAN)",45.77694,3.11773
201300031680,16,6,2013,22,5,63,113,2,1,1,3,POCHET LAGAYE (BD PAUL),0.0,0.0
201300031681,17,6,2013,10,1,63,75,2,1,1,6,"42, ROYAT (AVENUE DE)",45.77553,3.06611
201300031682,17,6,2013,12,1,63,113,2,2,1,3,"1, MONGE (RUE GASPARD)",45.76552,3.09677
201300031683,17,6,2013,13,1,63,113,2,1,1,4,BINGEN (BD JACQUES),0.0,0.0
201300031684,17,6,2013,16,1,63,113,2,1,1,4,"., AGRICULTURE (AVENUE D",0.0,0.0
201300031685,18,6,2013,20,1,63,113,2,1,1,3,"18, THEURIET (RUE ANDRE)",45.76822,3.07807
201300031686,21,6,2013,9,1,63,113,2,1,1,6,"., BONNABAUD (RUE)",0.0,0.0
201300031687,22,6,2013,14,1,63,75,2,1,1,6,"1, FONTMAURE (AVENUE DE)",0.0,0.0
201300031688,22,6,2013,18,1,63,113,2,1,1,6,"1, CHANTURGUE (RUE DES H",45.78241,3.08471
201300031689,23,6,2013,5,5,63,113,2,1,1,6,"0, JAUDE PLACE DE)",0.0,0.0
201300031690,23,6,2013,14,1,63,113,2,2,1,3,"1, JOUHAUX (BD LEON)",45.79235,3.11782
201300031691,24,6,2013,6,1,63,113,2,1,1,6,PELISSIER (RUE),0.0,0.0
201300031692,24,6,2013,7,1,63,113,2,1,8,2,"19, LAFAYETTE (BD)",45.77349,3.09101
201300031693,24,6,2013,9,1,63,113,2,6,1,2,SCHUMAN (BD ROBERT),45.76144,3.13238
201300031694,25,6,2013,10,1,63,113,2,1,1,1,"., CHANCROLE (RUE DE)",0.0,0.0
201300031695,27,6,2013,14,1,63,113,2,3,1,3,"., REPUBLIQUE (AVENUE DE",0.0,0.0
201300031696,29,6,2013,2,5,63,75,2,1,1,7,"95, ROYAT (AVENUE DE)",45.77376,3.06171
201300031697,2,7,2013,17,1,63,113,2,2,1,3,"1, TEMPLE (RUE DU)",45.79294,3.11624
201300031698,3,7,2013,15,1,63,113,2,1,1,3,SOUS LES VIGNES (RUE),0.0,0.0
201300031699,4,7,2013,15,1,63,113,2,1,1,4,"0, BERTHELOT (BOULEVARD)",0.0,0.0
201300031700,4,7,2013,16,1,63,113,2,1,1,3,CRISTAL (AVENUE ERNEST),0.0,0.0
201300031701,4,7,2013,17,1,63,32,2,1,1,2,"X, POURLIAT (ROND-POINT",0.0,0.0
201300031702,7,7,2013,15,1,63,113,2,3,1,3,"., FLAUBERT (BD GUSTAVE)",45.7687,3.12447
201300031703,6,7,2013,3,5,63,113,2,1,1,6,"., ANGE (RUE DE L')",0.0,0.0
201300031704,8,7,2013,20,1,63,113,2,1,1,6,CLEMENTEL (BD ETIENNE),0.0,0.0
201300031705,9,7,2013,17,1,63,113,2,1,1,6,"15, TOURRETTE (RUE)",45.79814,3.11797
201300031706,10,7,2013,20,1,63,113,2,1,1,6,"., LAFAYETTE (BD)",0.0,0.0
201300031707,10,7,2013,18,1,63,113,2,1,1,6,"., MOULIN (BD JEAN)",0.0,0.0
201300031708,11,7,2013,15,1,63,113,2,1,1,6,"., ALLAGNAT (RUE D')",0.0,0.0
201300031709,12,7,2013,17,1,63,113,2,1,1,6,KENNEDY (BD J.F.),0.0,0.0
201300031710,12,7,2013,19,1,63,113,2,1,1,6,"286, ORADOU (RUE DE L')",45.76471,3.12488
201300031711,14,7,2013,11,1,63,113,2,1,1,6,"., ESPAGNE (PLACE D')",0.0,0.0
201300031712,14,7,2013,17,1,63,113,2,1,1,1,"1, LIBERATION (AVENUE DE",45.77099,3.08338
201300031713,15,7,2013,17,1,63,113,2,3,1,6,AICARD (RUE JEAN),45.78717,3.08203
201300031714,16,7,2013,12,1,63,113,2,1,1,4,"1, FLAUBERT (BD GUSTAVE)",45.77218,3.12146
201300031715,16,7,2013,10,1,63,113,2,1,1,6,"., FOREST (AVENUE FERNAN",0.0,0.0
201300031716,16,7,2013,12,1,63,113,2,1,1,6,"2, PLATS (RUE DES)",45.76633,3.09514
201300031717,16,7,2013,16,1,63,113,2,1,1,6,"., TRUDAINE (BD)",0.0,0.0
201300031718,18,7,2013,8,1,63,113,2,1,1,6,"., CLEMENTEL (BD ETIENNE",0.0,0.0
201300031719,19,7,2013,14,1,63,113,2,1,1,2,"48, TORPILLEUR SIROCCO (",45.80232,3.10677
201300031720,23,7,2013,11,1,63,113,2,1,1,3,"283, ORADOU (RUE DE L')",45.7651,3.12295
201300031721,26,7,2013,9,1,63,113,1,1,1,7,GAGARINE (RUE YOURI),0.0,0.0
201300031722,27,7,2013,6,1,63,113,2,1,1,3,"1, TRUDAINE (BD)",45.77771,3.09011
201300031723,28,7,2013,18,1,63,113,2,3,1,3,"., DAGUERRE (RUE)",45.76075,3.09862
201300031724,29,7,2013,13,1,63,113,1,1,1,7,"1, POMPIDOU (BD GEORGES)",45.78062,3.13123
201300031725,31,7,2013,6,1,63,113,2,1,1,3,"1, BLERIOT (AVENUE LOUIS",45.78062,3.13123
201300031726,31,7,2013,18,1,63,113,2,1,1,6,"24, FAYOLLE (PLACE MAREC",45.78113,3.07829
201300031727,1,8,2013,7,1,63,113,2,1,1,6,QUINET (BD EDGAR),0.0,0.0
201300031728,2,8,2013,23,5,63,113,2,1,1,6,"15, CHATEAU DES VERGNES",45.81419,3.12722
201300031729,3,8,2013,9,1,63,113,2,1,1,6,"48, CHAMBRETTES (RUE DES",45.76712,3.10114
201300031730,3,8,2013,12,1,63,113,2,1,1,3,"1, MICHELIN (AVENUE EDOU",45.78222,3.09589
201300031731,3,8,2013,16,1,63,113,2,1,1,6,CLEMENTEL (BD ETIENNE),0.0,0.0
201300031732,3,8,2013,20,1,63,113,2,2,1,3,REPUBLIQUE (AVENUE DE LA,45.78753,3.10574
201300031733,4,8,2013,5,1,63,113,2,1,1,3,"28, JAURES (BD JEAN)",45.76794,3.08312
201300031734,3,8,2013,19,1,63,113,2,1,1,6,"86, PRE JUGE (RUE DU)",45.79997,3.11643
201300031735,5,8,2013,9,1,63,113,2,1,1,3,JOUHAUX (BD LEON),0.0,0.0
201300031736,5,8,2013,14,1,63,113,2,1,1,3,"1, CLEMENTEL (BD ETIENNE",0.0,0.0
201300031737,7,8,2013,16,1,63,75,2,2,1,3,"1, BELLEVUE (RUE DE)",45.76849,3.07554
201300031738,8,8,2013,20,1,63,113,2,1,1,3,"., CATAROU (RUE DE)",0.0,0.0
201300031739,9,8,2013,7,1,63,14,2,1,1,3,REPUBLIQUE (PLACE DE LA),0.0,0.0
201300031740,10,8,2013,21,5,63,113,2,1,1,1,"1, SOUS LES VIGNES (RUE)",0.0,0.0
201300031741,10,8,2013,23,5,63,113,2,2,1,5,"1, CLAUDIUS (CHAUSSEE)",45.78456,3.09872
201300031742,13,8,2013,15,1,63,113,1,1,1,3,RECLUS (AVENUE ELISEE),0.0,0.0
201300031743,13,8,2013,17,1,63,113,2,1,1,6,"1, LAFAYETTE (BD)",45.77372,3.08832
201300031744,17,8,2013,9,1,63,113,2,2,1,3,"1, DIOMEDE (RUE PAUL)",45.78311,3.07791
201300031745,20,8,2013,12,1,63,113,2,1,1,3,DESAYMARD (RUE JOSEPH),0.0,0.0
201300031746,20,8,2013,19,1,63,113,2,2,1,3,"1, BESSET (RUE PIERRE)",45.78127,3.0763
201300031747,22,8,2013,11,1,63,113,2,1,1,3,"1, SAINT JEAN (BD)",45.78059,3.11767
201300031748,22,8,2013,11,1,63,113,2,1,1,3,ORADOU (RUE DE L'),0.0,0.0
201300031749,23,8,2013,9,1,63,113,2,2,1,3,"1, JAURES (BD JEAN)",45.76787,3.0831
201300031750,25,8,2013,19,1,63,113,2,1,1,4,"1, DUMAS (BD J.BAPTISTE)",45.78724,3.08475
201300031751,26,8,2013,9,1,63,113,2,1,1,2,"17, BARBUSSE (RUE HENRI)",45.78291,3.08637
201300031752,26,8,2013,14,1,63,113,2,1,1,6,BIEN ASSIS (RUE DE),0.0,0.0
201300031753,29,8,2013,18,1,63,113,2,1,1,6,MERMOZ (AVENUE JEAN),0.0,0.0
201300031754,29,8,2013,19,1,63,113,2,1,1,1,"6, ROUVIER (RUE)",45.80647,3.1108
201300031755,30,8,2013,8,1,63,32,1,1,1,2,RD 2089,0.0,0.0
201300031756,30,8,2013,17,1,63,113,2,1,1,4,LAVOISIERS (BD),0.0,0.0
201300031757,30,8,2013,19,1,63,113,2,1,1,6,PONCILLON (RUE),0.0,0.0
201300031758,31,8,2013,12,1,63,113,2,1,1,6,"23, BALLAINVILLIERS (RUE",45.77533,3.08685
201300031759,2,9,2013,5,1,63,113,2,1,1,3,"1, RECLUS (AVENUE ELISEE",45.78875,3.1394
201300031760,2,9,2013,10,1,63,113,2,1,1,6,"120, SOUS LES VIGNES (RU",45.803,3.10777
201300031761,2,9,2013,10,1,63,32,2,1,1,3,"85, NOELLET (AVENUE JEAN",45.75852,3.10194
201300031762,3,9,2013,8,1,63,113,2,1,1,6,"9, KENNEDY (BD J.F.)",45.799,3.122
201300031763,3,9,2013,13,1,63,75,2,2,1,3,"1, CLAUSSAT (AVENUE JOSE",45.77725,3.07265
201300031764,3,9,2013,14,1,63,113,2,1,1,2,"34, TORPILLEUR SIROCCO (",45.80959,3.10713
201300031765,4,9,2013,17,1,63,113,2,1,1,3,"32, NIEL (RUE)",45.7828,3.10286
201300031766,5,9,2013,16,1,63,113,2,1,1,4,BLERIOT (AVENUE LOUIS),0.0,0.0
201300031767,7,9,2013,0,5,63,14,2,1,1,6,"32, LAVOISIER (AVENUE)",45.75526,3.14303
201300031768,7,9,2013,17,1,63,113,2,1,1,6,"1, VILLEVAUD (RUE)",0.0,0.0
201300031769,8,9,2013,13,1,63,14,2,1,2,6,"1, RAMACLES (PLACE DES)",0.0,0.0
201300031770,8,9,2013,14,1,63,113,2,1,1,6,ROSSIGNOL (RUE),0.0,0.0
201300031771,8,9,2013,15,1,63,113,2,1,1,2,ORADOU (RUE DE L'),0.0,0.0
201300031772,6,9,2013,11,1,63,113,2,1,1,6,BARRIERE DE JAUDE (RUE),0.0,0.0
201300031773,9,9,2013,7,1,63,113,2,1,1,6,"37, MONTLOSIER (RUE)",0.0,0.0
201300031774,9,9,2013,13,1,63,113,2,1,1,7,"1, BOURDON (RUE DE)",0.0,0.0
201300031775,9,9,2013,16,1,63,113,2,1,1,6,ALLAGNAT (RUE D'),0.0,0.0
201300031776,10,9,2013,17,1,63,113,2,1,1,2,"., JOUHAUX (BD LEON)",0.0,0.0
201300031777,11,9,2013,15,1,63,113,2,1,1,6,JAUDE PLACE DE),45.77656,3.08213
201300031778,12,9,2013,12,1,63,113,2,1,1,6,TRUDAINE (BD),0.0,0.0
201300031779,13,9,2013,22,5,63,113,2,1,1,2,"1, DELILLE (PLACE)",45.78047,3.09108
201300031780,15,9,2013,5,5,63,113,2,3,1,3,"109, LAFAYETTE (BD)",45.77049,3.10132
201300031781,16,9,2013,18,1,63,14,2,1,1,3,ROUSSILLON (AVENUE DU),0.0,0.0
201300031782,18,9,2013,7,1,63,113,2,1,9,6,"21, ITALIE (AVENUE DE L'",45.77982,3.09583
201300031783,18,9,2013,8,1,63,308,2,1,1,6,"1, MONTCHALAMET (BOULEVA",0.0,0.0
201300031784,18,9,2013,13,1,63,113,2,1,1,3,"15, PONCILLON (RUE)",45.76464,3.08351
201300031785,18,9,2013,17,1,63,113,2,1,1,3,ROUVIER (RUE),0.0,0.0
201300031786,18,9,2013,18,1,63,113,2,1,1,6,BOUSSET (ALLEE DU),0.0,0.0
201300031787,18,9,2013,18,1,63,113,2,1,1,2,"2, MEUNIERS (RUE DES)",45.76827,3.10456
201300031788,18,9,2013,21,3,63,113,2,1,1,3,"., POMPIDOU (BD GEORGES)",0.0,0.0
201300031789,19,9,2013,8,1,63,113,2,1,1,6,CHARRAS (AVENUE),0.0,0.0
201300031790,19,9,2013,9,1,63,113,2,1,1,6,L'HOSPITAL (PLACE MICHEL,45.77744,3.08891
201300031791,19,9,2013,9,1,63,113,2,1,1,4,"21, CHURCHILL (BD WINSTO",45.76127,3.09449
201300031792,19,9,2013,20,5,63,113,2,2,1,3,"., BARBIER DAUBREE (AVEN",45.78838,3.09549
201300031793,19,9,2013,20,5,63,113,2,1,1,4,QUINET (BD EDGAR),0.0,0.0
201300031794,30,9,2013,19,1,63,113,2,1,1,6,"13, FLEURY (BD)",45.77405,3.09552
201300031795,21,9,2013,9,1,63,113,2,6,1,3,"1, JOUHAUX (BD LEON)",0.0,0.0
201300031796,21,9,2013,11,1,63,113,2,1,1,2,"1, ORADOU (RUE DE L')",0.0,0.0
201300031797,24,9,2013,18,2,63,113,2,2,1,3,FLAUBERT (BD GUSTAVE),45.76421,3.12553
201300031798,25,9,2013,15,1,63,113,2,1,1,3,CHAPPE (RUE),0.0,0.0
201300031799,25,9,2013,17,1,63,113,2,1,1,6,"5, BLERIOT (AVENUE LOUIS",45.78208,3.13295
201300031800,26,9,2013,13,1,63,113,2,1,1,2,"1, BERTHELOT (BOULEVARD)",0.0,0.0
201300031801,24,9,2013,7,2,63,113,2,1,1,3,"1, BERTHELOT (BOULEVARD)",0.0,0.0
201300031802,20,9,2013,13,1,63,113,2,1,1,6,"1, RIBOT (RUE ALEXANDRE)",0.0,0.0
201300031803,27,9,2013,16,1,63,32,2,1,1,3,"1, MAS (RUE DU)",0.0,0.0
201300031804,27,9,2013,20,5,63,113,2,2,1,3,"1, MAYER (BD DANIEL)",45.79256,3.09163
201300031805,28,9,2013,4,5,63,113,2,1,1,6,DURAND (RUE GILLES),0.0,0.0
201300031806,28,9,2013,8,1,63,14,2,1,1,3,"1, ROUSSILLON (AVENUE DU",0.0,0.0
201300031807,29,9,2013,19,1,63,113,2,1,1,6,"111, REPUBLIQUE (AVENUE",45.78879,3.10813
201300031808,29,9,2013,5,2,63,113,2,1,1,6,CLEMENCEAU (AVENUE GEORG,0.0,0.0
201300031809,30,9,2013,9,1,63,70,2,1,1,2,"., MARROU (AVENUE JEAN-B",0.0,0.0
201300031810,28,9,2013,22,5,63,113,2,1,8,3,"1, CHANTERANNE (RUE DE)",0.0,0.0
201300031811,30,9,2013,9,1,63,14,2,2,1,3,"1, ROUSSILLON (AVENUE DU",45.75553,3.12928
201300031812,30,9,2013,21,5,63,75,2,1,1,6,"1, BERGOUGNAN (AVENUE)",0.0,0.0
201300031813,3,10,2013,7,2,63,113,2,1,1,3,BOURDON (RUE DE),0.0,0.0
201300031814,3,10,2013,21,2,63,113,2,1,1,3,CARNOT (AVENUE),0.0,0.0
201300031815,4,10,2013,8,1,63,113,2,1,1,2,FLEURY (BD),0.0,0.0
201300031816,4,10,2013,9,1,63,113,2,1,2,6,"55, COURTIAUX (RUE DES)",45.7687,3.12952
201300031817,4,10,2013,12,1,63,113,2,1,1,6,"1, FORGE (RUE DE LA)",0.0,0.0
201300031818,4,10,2013,22,5,63,113,2,1,1,2,MITTERRAND (BD FRANCO,0.0,0.0
201300031819,4,10,2013,17,1,63,113,2,1,2,6,COURTIAUX (RUE DES),0.0,0.0