Num_Acc,jour,mois,an,hr,condition_eclairage,departement,commune,condition_agglomeration,intersection,condition_atmosphere,type_collision,adresse,lattitude,longitude
201300031820,6,10,2013,17,1,63,113,2,1,1,3,PALISSY (RUE BERNARD),0.0,0.0
201300031821,5,10,2013,19,5,63,14,2,1,1,6,MARGERIDE (AVENUE DE LA),0.0,0.0
201300031822,7,10,2013,21,5,63,113,1,1,8,3,CRISTAL (AVENUE ERNES,0.0,0.0
201300031823,8,10,2013,8,2,63,113,2,2,1,3,"2, KESSLER (RUE)",45.7696,3.08729
201300031824,10,10,2013,12,1,63,113,2,1,1,3,MONTALEMBERT (RUE),0.0,0.0
201300031825,10,10,2013,16,1,63,113,2,1,1,3,BOURDON (RUE DE),0.0,0.0
201300031826,12,10,2013,15,1,63,14,2,1,1,2,CURABET (RUE JEAN),0.0,0.0
201300031827,13,10,2013,6,5,63,113,2,2,1,6,"., JAURES (BD JEAN)",45.76799,3.08661
201300031828,14,10,2013,7,1,63,113,2,1,1,3,TORPILLEUR SIROCCO (RUE,0.0,0.0
201300031829,14,10,2013,14,1,63,113,2,1,1,6,TORPILLEUR SIROCCO (RUE,0.0,0.0
201300031830,15,10,2013,8,1,63,308,2,1,1,1,"., AGID (AVENUE JOSEPH)",0.0,0.0
201300031831,16,10,2013,11,1,63,113,2,1,1,3,MONTALEMBERT (RUE),0.0,0.0
201300031832,16,10,2013,13,1,63,75,2,1,1,6,"29, GARE (AVENUE DE LA G",45.76778,3.06022
201300031833,17,10,2013,9,1,63,75,2,1,1,3,"1, BRIAND (AVENUE ARISTI",0.0,0.0
201300031834,17,10,2013,15,1,63,113,2,1,1,7,"18, NERUDA (RUE PABLO)",45.76672,3.12235
201300031835,17,10,2013,16,1,63,113,2,1,1,6,"1, PRE COMTAL (RUE DE)",0.0,0.0
201300031836,18,10,2013,7,1,63,113,2,3,1,3,"., COTEPET (RUE DE)",45.75884,3.08125
201300031837,18,10,2013,10,1,63,113,2,1,1,4,LAGRANGE (RUE LEO),0.0,0.0
201300031838,18,10,2013,11,1,63,113,2,1,1,6,"., POURCHON (BD MAURICE)",0.0,0.0
201300031839,18,10,2013,13,1,63,75,2,1,1,3,"46, BERTHELOT (BOULEVARD",45.78078,3.0711
201300031840,18,10,2013,13,1,63,113,2,1,1,1,"3, CATAROU (RUE DE)",45.78909,3.10428
201300031841,18,10,2013,15,1,63,113,2,1,1,6,BLUM (AVENUE LEON),0.0,0.0
201300031842,18,10,2013,17,1,63,32,2,3,1,3,"2, CANAL (RUE DU)",45.74929,3.08793
201300031843,20,10,2013,0,5,63,113,2,1,1,6,PERI (RUE GABRIEL),0.0,0.0
201300031844,22,10,2013,12,1,63,113,2,1,1,6,MOULIN (RUE DU),0.0,0.0
201300031845,22,10,2013,14,1,63,113,2,1,1,3,"17, CARTOUCHERIE (RUE DE",45.77483,3.1038
201300031846,23,10,2013,10,1,63,113,2,3,2,6,"1, GILBERT (RUE EUGENE)",45.77375,3.08145
201300031847,23,10,2013,15,1,63,113,2,1,1,6,CARNOT (AVENUE),0.0,0.0
201300031848,24,10,2013,7,1,63,113,2,1,1,6,LOUCHEUR (BD LOUIS),0.0,0.0
201300031849,24,10,2013,16,1,63,113,2,1,1,6,POINCARE (COURS RAYMOND),0.0,0.0
201300031850,26,10,2013,18,5,63,113,2,1,1,6,"1, SAINT ANTOINE (RUE)",45.79162,3.1132
201300031851,26,10,2013,19,2,63,113,2,1,1,6,"220, PRADELLE (RUE DE LA",45.77281,3.11833
201300031852,26,10,2013,19,1,63,113,2,1,1,3,"28, PASTEUR (BD)",45.77257,3.07905
201300031853,27,10,2013,4,5,63,113,2,1,1,6,"., BONNABAUD (RUE)",0.0,0.0
201300031854,28,10,2013,15,1,63,14,2,1,8,3,"1, GREVENMACHER (RUE DE)",45.75334,3.11718
201300031855,29,10,2013,13,1,63,75,2,1,1,3,"1, VOLTAIRE (RUE)",45.77903,3.06488
201300031856,29,10,2013,16,1,63,14,2,1,1,3,"1, CRISTAL (AVENUE ERNES",45.75971,3.14163
201300031857,29,10,2013,21,5,63,113,2,1,1,3,REPUBLIQUE (AVENUE DE LA,0.0,0.0
201300031858,2,11,2013,0,5,63,113,2,1,1,3,"1, LAVOISIERS (BD)",0.0,0.0
201300031859,31,10,2013,18,2,63,113,2,1,1,4,"11, BRIAND (BD ARISTIDE)",45.77247,3.07511
201300031860,3,11,2013,15,1,63,14,2,1,1,7,"., SAHUT (RUE DU DOCTEUR",0.0,0.0
201300031861,4,11,2013,8,1,63,113,2,1,1,1,PERI (RUE GABRIEL),0.0,0.0
201300031862,4,11,2013,9,1,63,113,2,1,1,6,KENNEDY (BD J.F.),0.0,0.0
201300031863,5,11,2013,16,1,63,113,2,1,1,6,"21, DUMAS (BD J.BAPTISTE",45.78716,3.08705
201300031864,6,11,2013,7,1,63,113,2,1,8,3,"1, AGRICULTURE (AVENUE D",0.0,0.0
201300031865,6,11,2013,19,5,63,113,2,1,1,6,"23, SABLON (COURS)",45.77533,3.09008
201300031866,7,11,2013,17,2,63,113,2,1,1,6,JAURES (BD JEAN),0.0,0.0
201300031867,8,11,2013,13,1,63,113,2,2,1,6,"., BLUM (AVENUE LEON)",45.77189,3.09382
201300031868,9,11,2013,11,1,63,14,2,1,1,7,"., AURIOL (RUE JACQUELIN",0.0,0.0
201300031869,9,11,2013,15,1,63,113,2,1,1,3,"1, BOURDON (RUE DE)",0.0,0.0
201300031870,10,11,2013,16,1,63,113,2,1,1,1,"23, TOURRETTE (RUE)",45.79933,3.11748
201300031871,12,11,2013,8,1,63,113,2,1,1,7,MOULIN (BD JEAN),0.0,0.0
201300031872,13,11,2013,6,5,63,113,2,1,1,6,"6, MALLET (RUE ALBERT)",45.76512,3.09086
201300031873,14,11,2013,7,5,63,113,2,1,8,6,"1, JOUHAUX (BD LEON)",45.79695,3.11622
201300031874,15,11,2013,12,1,63,113,2,1,1,6,"1, MONTALEMBERT (RUE)",45.75747,3.09446
201300031875,15,11,2013,12,1,63,113,2,1,1,7,"., JAURES (BD JEAN)",0.0,0.0
201300031876,15,11,2013,13,1,63,113,2,1,1,6,PLANCHETTES (RUE DES),0.0,0.0
201300031877,15,11,2013,15,1,63,113,2,1,3,6,"0, FONTGIEVE (RUE)",0.0,0.0
201300031878,15,11,2013,17,5,63,113,2,1,8,5,"1, MAYER (BD DANIEL)",0.0,0.0
201300031879,16,11,2013,4,5,63,113,2,1,1,6,"8, TORPILLEUR SIROCCO (R",45.81555,3.10699
201300031880,16,11,2013,22,5,63,113,2,1,1,6,POCHET LAGAYE (BD PAUL),0.0,0.0
201300031881,17,11,2013,0,5,63,113,2,1,1,4,"56, ITALIE (AVENUE DE L'",45.77869,3.096
201300031882,17,11,2013,9,1,63,113,2,1,1,6,DUNANT (PLACE HENRI),0.0,0.0
201300031883,17,11,2013,10,1,63,113,2,1,8,6,"4, VERCINGETORIX (AVENUE",45.77347,3.08683
201300031884,18,11,2013,12,1,63,113,2,1,1,6,"1, ROTONDE (RUE DE LA)",0.0,0.0
201300031885,18,11,2013,7,2,63,113,2,1,1,6,"0, RAYNAUD (RUE FERNAND)",0.0,0.0
201300031886,18,11,2013,17,1,63,70,2,1,1,2,"1, MARROU (AVENUE JEAN-B",0.0,0.0
201300031887,19,11,2013,7,5,63,113,2,1,2,2,"0, SCHUMAN (BD ROBERT)",0.0,0.0
201300031888,19,11,2013,7,1,63,75,2,1,1,6,BERTHELOT (BOULEVARD),0.0,0.0
201300031889,19,11,2013,9,1,63,70,2,1,2,6,"., LIBERATION (AVENUE DE",0.0,0.0
201300031890,20,11,2013,8,1,63,113,2,1,2,2,"29, LAFAYETTE (BD)",45.77348,3.09142
201300031891,20,11,2013,17,5,63,113,2,1,8,6,"1, DOLET (RUE ETIENNE)",0.0,0.0
201300031892,21,11,2013,7,2,63,113,2,1,1,6,"1, ROUVIER (RUE)",0.0,0.0
201300031893,22,11,2013,8,1,63,113,2,3,1,7,"., ROUVIER (RUE)",45.80657,3.11249
201300031894,22,11,2013,13,1,63,113,2,1,1,6,PELISSIER (RUE),0.0,0.0
201300031895,23,11,2013,18,5,63,113,2,1,9,6,LAMARTINE (PLACE),0.0,0.0
201300031896,23,11,2013,20,5,63,113,2,1,1,3,FLAUBERT (BD GUSTAVE),0.0,0.0
201300031897,24,11,2013,17,2,63,113,2,1,8,3,"., FLAUBERT (BD GUSTAVE)",0.0,0.0
201300031898,25,11,2013,20,5,63,113,2,1,1,6,"1, UNION SOVIETIQUE (AVE",0.0,0.0
201300031899,26,11,2013,14,1,63,113,1,1,1,6,"., FLAUBERT (BD GUSTAVE)",0.0,0.0
201300031900,27,11,2013,16,1,63,113,2,1,1,6,MITTERRAND (BD FRANCOIS),0.0,0.0
201300031901,27,11,2013,16,1,63,113,2,1,1,6,"., BLERIOT (AVENUE LOUIS",0.0,0.0
201300031902,27,11,2013,17,5,63,113,2,1,1,6,"25, DOLET (RUE ETIENNE)",45.7644,3.08659
201300031903,2,12,2013,11,1,63,113,2,1,1,6,GUYNEMER (RUE),0.0,0.0
201300031904,2,12,2013,22,5,63,113,2,1,1,6,"., TRUDAINE (BD)",0.0,0.0
201300031905,7,12,2013,0,5,63,113,2,1,1,6,DOLET (RUE ETIENNE),0.0,0.0
201300031906,12,12,2013,18,3,63,113,1,1,1,2,A711,0.0,0.0
201300031907,16,12,2013,22,5,63,113,2,1,1,6,SABLON (COURS),0.0,0.0
201300031908,14,12,2013,13,1,63,113,2,1,1,6,"44, JOUHAUX (BD LEON)",45.79345,3.11762
201300031909,25,12,2013,23,5,63,113,2,1,2,6,"1, BRUGIERE (BD AMBROISE",45.79214,3.11805
201300031910,28,12,2013,3,5,63,113,2,1,1,2,"11, BRIAND (BD ARISTIDE)",45.77249,3.07512
201300031911,29,12,2013,20,5,63,113,2,1,1,6,DUMAS (BD J.BAPTISTE),0.0,0.0
201300031912,26,12,2013,17,2,63,124,2,1,1,3,"37, AUBIERE (AV. D')",45.75033,3.15932
201300031913,9,2,2013,13,1,63,124,2,1,9,3,"15, LIBERTE (AVENUE DE L",0.0,0.0
201300031914,9,2,2013,18,2,63,69,2,2,9,3,AUZON (AVENUE DE L'),45.71845,3.1845
201300031915,17,2,2013,15,1,63,124,2,1,1,3,"24, DOMES (AVENUE DES)",45.73116,3.19646
201300031916,26,2,2013,19,5,63,193,2,2,1,3,RD 769,45.78011,3.20257
201300031917,28,2,2013,15,1,63,193,2,4,1,3,RD 766,45.77963,3.2037
201300031918,12,3,2013,20,5,63,193,2,2,1,2,GRASSETTE (RUE DE LA),45.77269,3.18425
201300031919,18,3,2013,14,1,63,124,1,1,1,2,D137,0.0,0.0
201300031920,27,3,2013,16,1,63,124,1,1,1,5,CLERMONT (AVENUE DE),0.0,0.0
201300031921,28,3,2013,12,1,63,124,1,1,2,3,av de Clermont,0.0,0.0
201300031922,31,3,2013,17,1,63,193,2,1,1,6,ONDRES (RUE D'),45.7688,3.18398
201300031923,23,4,2013,16,1,63,124,2,1,1,5,LECLERC (AVENUE MARECHAL,45.73813,3.16922
201300031924,24,4,2013,17,1,63,124,2,1,1,2,PASTEUR (BOULEVARD),45.73033,3.20608
201300031925,24,4,2013,18,1,63,124,2,1,1,7,"02, ROUX (BOULEVARD EMIL",45.73299,3.21061
201300031926,6,5,2013,10,1,63,193,1,2,1,5,RD 766,0.0,0.0
201300031927,30,4,2013,8,1,63,193,2,6,2,7,RD 766,45.77656,3.19756
201300031928,13,5,2013,12,1,63,124,2,1,1,2,CLEMENCEAU (AV. GEORGES),0.0,0.0
201300031929,27,5,2013,16,1,63,193,2,2,1,3,RD 769,0.0,0.0
201300031930,30,5,2013,8,1,63,193,1,3,1,3,RD 766,45.7767,3.18025
201300031931,3,6,2013,17,1,63,193,2,2,1,3,RD 769,45.78066,3.20584
201300031932,15,6,2013,11,1,63,193,2,2,1,3,RD 769,45.77929,3.20352
201300031933,19,6,2013,15,1,63,124,2,1,1,1,"13, MERMOZ (RUE JEAN)",45.74722,3.1675
201300031934,30,6,2013,19,1,63,124,2,6,1,3,LIBERATION (AV. DE LA),45.73568,3.19296
201300031935,26,6,2013,18,1,63,272,2,1,1,2,COURNON (ROUTE DE),0.0,0.0
201300031936,20,6,2013,13,1,63,193,1,1,1,6,RD 52,0.0,0.0
201300031937,1,7,2013,18,1,63,193,2,4,1,3,RD 766,45.77559,3.19262
201300031938,3,7,2013,22,5,63,193,2,1,1,7,VAUGONDIERES (CHEMIN DES,0.0,0.0
201300031939,5,8,2013,6,2,63,124,2,6,1,3,HUGUET (CARREFOUR ROBERT,45.74616,3.21179
201300031940,31,8,2013,10,1,63,124,2,2,1,7,AUBIERE (AV. D'),45.74339,3.16753
201300031941,3,9,2013,17,1,63,124,2,1,1,3,"23, JOFFRE (AVENUE MAREC",45.73242,3.18926
201300031942,6,9,2013,18,1,63,193,1,1,1,7,COURNON (RUE DE),0.0,0.0
201300031943,12,9,2013,14,1,63,124,1,1,1,3,SARLIEVES (RUE DE),0.0,0.0
201300031944,23,9,2013,8,1,63,69,2,1,1,3,AUZON (AVENUE DE L'),0.0,0.0
201300031945,27,9,2013,16,1,63,124,2,1,1,7,MIDI (AVENUE DU),0.0,0.0
201300031946,28,9,2013,14,1,63,124,2,2,1,3,DOMES (AVENUE DES),45.73372,3.20674
201300031947,1,10,2013,12,1,63,124,2,6,1,3,LECLERC (AVENUE MARECHAL,45.74106,3.17459
201300031948,15,10,2013,7,2,63,124,2,3,2,5,CENDRE (ROUTE DU),0.0,0.0
201300031949,15,10,2013,18,1,63,193,1,6,2,2,RD 766,45.78415,3.2133
201300031950,18,10,2013,21,5,63,193,1,1,1,6,RD 52,0.0,0.0
201300031951,13,11,2013,9,1,63,193,2,1,2,7,MILAN (RUE DE),0.0,0.0
201300031952,25,11,2013,19,5,63,193,2,3,1,3,SAINT-VERNY (RUE),45.76833,3.19666
201300031953,29,11,2013,5,3,63,124,1,1,1,6,LEMPDES (AVENUE DE),0.0,0.0
201300031954,29,11,2013,11,1,63,69,2,1,8,3,CLERMONT-FERRAND (ROUTE,0.0,0.0
201300031955,1,12,2013,14,1,63,193,1,1,1,3,RD 769,0.0,0.0
201300031956,4,12,2013,18,5,63,124,2,1,1,6,"52, DOMES (AVENUE DES)",45.73109,3.20238
201300031957,6,12,2013,13,1,63,193,2,1,1,6,RD 766,0.0,0.0
201300031958,6,12,2013,17,5,63,272,2,2,1,6,REPUBLIQUE (AVENUE DE),45.74,3.14035
201300031959,17,12,2013,12,1,63,193,2,1,1,2,RD 769,0.0,0.0
201300031960,1,2,2013,12,1,63,164,2,1,1,6,"., Malintrat ( route de",45.48538,3.45699
201300031961,30,3,2013,20,5,63,164,2,3,2,3,MARTYRS (RUE DES),45.81911,3.15009
201300031962,12,5,2013,8,1,63,164,2,2,1,6,"., CHARMES (CARREFOUR DE",0.0,0.0
201300031963,6,6,2013,15,1,63,164,2,1,1,6,"., SOUS LES ORS (RUE)",0.0,0.0
201300031964,8,6,2013,11,1,63,63,2,1,1,6,"face 8 bis, PERCHES (COU",45.8302,3.09987
201300031965,16,6,2013,9,1,63,63,2,1,1,6,"20, CHATEAUGAY (RUE DE)",45.83383,3.0965
201300031966,23,6,2013,21,1,63,113,2,2,1,6,"., Torpilleur Sirocco (",45.81672,3.10693
201300031967,5,8,2013,11,1,63,63,2,1,1,6,"., ORANGE (RUE)",0.0,0.0
201300031968,7,8,2013,17,1,63,164,2,6,1,3,Rond point de COURLANDE,0.0,0.0
201300031969,10,8,2013,17,1,63,63,2,2,1,6,"3, HUIT MAI (AVENUE DU)",45.83037,3.10232
201300031970,12,8,2013,20,1,63,164,2,6,1,6,"., CHARRIER (RUE FRANCOI",45.82712,3.15085
201300031971,17,10,2013,10,1,63,164,2,1,2,7,"17, CURIE (RUE PIERRE ET",45.81592,3.1468
201300031972,22,10,2013,19,2,63,164,2,1,1,6,"., CEBAZAT (ROUTE DE)",0.0,0.0
201300031973,24,10,2013,12,1,63,164,2,3,1,3,FERRY (RUE JULES),45.82004,3.14409
201300031974,6,11,2013,21,4,63,63,2,1,1,6,RD 2009,0.0,0.0
201300031975,6,12,2013,19,3,63,19,2,1,1,6,"., GERZAT (ROUTE DE)",0.0,0.0
201300031976,2,12,2013,17,3,63,164,2,1,1,6,"., CEBAZAT (ROUTE DE)",0.0,0.0
201300031977,20,3,2013,0,5,63,300,2,3,1,6,RD 2029,45.87935,3.11402
201300031978,7,6,2013,18,1,63,300,2,1,1,3,CHATELGUYON-GUYON (AVENU,0.0,0.0
201300031979,22,6,2013,11,1,63,300,2,2,1,6,"., CLERMONT (AVENUE DE)",45.53129,3.45699
201300031980,6,7,2013,17,1,63,103,2,1,1,6,RD 227,45.55225,3.45699
201300031981,11,10,2013,20,3,63,103,1,1,8,5,RD 227,0.0,0.0
201300031982,5,11,2013,18,2,63,300,2,3,1,6,SERVET MICHEL (RUE),45.88205,3.12218
201300031983,8,11,2013,13,1,63,300,2,1,1,6,"79, CLEMENTEL ETIENNE (B",45.89001,3.11266
201300031984,5,1,2013,11,1,64,102,2,1,8,2,180 AV HENRI DE NAVARRE,43.5121,-1.43997
201300031985,10,1,2013,16,1,64,102,2,1,2,6,RUE ANTOINE LABARTHE,43.4894,-1.48363
201300031986,11,1,2013,22,5,64,102,2,3,8,3,25 RUE CHARLES FLOQUET,43.4934,-1.46536
201300031987,12,1,2013,8,1,64,102,2,3,3,6,ALLEES BOUFFLERS,43.4925,-1.47132
201300031988,16,1,2013,7,5,64,102,2,1,3,6,AV DU 8 MAI 1945,43.4764,-1.48416
201300031989,22,1,2013,17,2,64,24,2,1,2,1,7 ROUTE DE MAIGNON,43.4789,-1.5048
201300031990,23,1,2013,15,1,64,102,2,1,2,6,2 AV PAUL PRAS,43.4852,-1.47633
201300031991,24,1,2013,8,2,64,24,2,6,2,6,RP DOCTEUR LACROIX,43.4777,-1.52384
201300031992,29,1,2013,7,2,64,24,2,6,1,3,ROND POINT DE BAHINOS,43.494,-1.51851
201300031993,5,2,2013,10,1,64,24,2,3,8,2,AV DE BIARRITZ,43.4811,-1.53457
201300031994,7,2,2013,7,1,64,24,2,1,8,1,14 RUE DE NUMA,43.4867,-1.50365
201300031995,10,2,2013,9,1,64,102,1,1,8,7,BD D'ARITXAGUE,43.4713,-1.49165
201300031996,10,2,2013,15,1,64,24,2,3,1,3,RUE DE BITACHON,43.4911,-1.51373
201300031997,16,2,2013,10,1,64,24,2,3,1,3,RUE DES BARTHES,43.4835,-1.50831
201300031998,20,2,2013,8,1,64,102,2,1,1,2,GIRATOIRE DE BEYRIS,43.479,-1.49848
201300031999,20,2,2013,12,1,64,102,2,1,1,3,42 AV HENRI DE NAVARRE,43.4981,-1.44841
201300032000,27,2,2013,17,1,64,102,2,1,1,7,17 RUE RENE CUZACQ,43.4937,-1.45927
201300032001,5,3,2013,15,1,64,24,2,3,1,3,AV DE BAYONNE,43.4812,-1.51064
201300032002,13,3,2013,20,5,64,102,2,1,4,6,6 RUE D' ESPAGNE,43.4886,-1.47792
201300032003,15,3,2013,15,1,64,24,2,3,1,3,AV DE BAYONNE/MINERVA,43.4812,-1.51064
201300032004,15,3,2013,18,1,64,102,2,1,1,6,5 AV JOUANDIN,43.5029,-1.45231
201300032005,21,3,2013,8,1,64,102,2,1,1,6,45 AV ALLEES MARINES,43.4986,-1.48773
201300032006,23,3,2013,12,1,64,102,2,1,1,3,AV DU 8 MAI 1945,43.4669,-1.49295
201300032007,29,3,2013,16,1,64,102,2,1,8,6,PLACE DU REDUIT,43.4925,-1.47355
201300032008,29,3,2013,17,1,64,24,2,6,8,6,ROND POINT DU CADRAN,43.4833,-1.50195
201300032009,31,3,2013,16,1,64,24,2,1,1,3,AV DE BAYONNE,43.4812,-1.51077
201300032010,3,4,2013,12,1,64,24,2,1,1,3,44 AV CHAMBRE D' AMOUR,43.4951,-1.5336
201300032011,4,4,2013,13,1,64,24,2,1,2,2,20 AVENUE D' ESPAGNE,43.4798,-1.51679
201300032012,7,4,2013,17,1,64,24,2,1,1,7,RUE DU BOIS BELIN,43.4925,-1.521
201300032013,13,4,2013,19,1,64,102,2,6,1,3,AV AQUITAINE,43.4867,-1.46903
201300032014,13,4,2013,20,1,64,102,2,1,1,3,RUE DE LACHEPAILLET,43.4899,-1.47919
201300032015,15,4,2013,7,1,64,102,2,2,1,3,AV DU 8 MAI 1945,43.4764,-1.48407
201300032016,15,4,2013,18,1,64,102,2,1,1,3,168 AV HENRI DE NAVARRE,43.5112,-1.44216
201300032017,17,4,2013,16,1,64,24,2,3,1,3,AV DE BAYONNE,43.4825,-1.50532
201300032018,20,4,2013,18,1,64,24,2,3,1,3,AV JEAN LEON LAPORTE,43.4876,-1.50078
201300032019,20,4,2013,21,5,64,24,2,6,1,7,GIRATOIRE DE LABORDOTTE,43.465,-1.49961
201300032020,21,4,2013,20,2,64,24,2,1,1,2,GIRATOIRE DE MAIGNON,43.4608,-1.49611
201300032021,23,4,2013,19,1,64,24,2,1,1,7,37 AV DE BIARRITZ,43.4803,-1.52021
201300032022,25,4,2013,17,1,64,24,2,1,1,3,RUE DU BOIS BELIN,43.4933,-1.51497
201300032023,25,4,2013,19,1,64,140,2,1,1,4,QUAI DE LA DOUANE,43.5227,-1.49023
201300032024,30,4,2013,9,1,64,102,2,3,2,3,AV FAURIE,43.4826,-1.48342
201300032025,4,5,2013,14,1,64,102,2,1,1,7,86 DUVERGIER DE HAURANNE,43.4808,-1.46301
201300032026,4,5,2013,17,1,64,102,2,1,1,7,31 AV DOCTEUR DELVAILLE,43.5071,-1.48593
201300032027,7,5,2013,9,1,64,102,2,1,8,3,45 AV LOUIS DE FOIX,43.5082,-1.46761
201300032028,10,5,2013,15,1,64,24,2,1,1,6,PLACE DE GAULLE,43.4822,-1.51462
201300032029,11,5,2013,18,1,64,102,2,1,1,5,ALLEES MARINES/NARBAITZ,43.4978,-1.48591
201300032030,21,5,2013,18,1,64,24,2,1,2,7,65 AV D'ESPAGNE,43.4774,-1.52438
201300032031,22,5,2013,14,1,64,102,2,3,2,6,RUE ALFRED BOULAND,43.4952,-1.48783
201300032032,22,5,2013,13,1,64,102,2,1,3,7,BD D'ARITXAGUE,43.474,-1.48984
201300032033,10,6,2013,14,1,64,102,2,6,1,3,ROND POINT AMADE,43.5023,-1.47832
201300032034,10,6,2013,21,2,64,102,2,1,1,7,BD DU BAB,43.4971,-1.48774
201300032035,14,6,2013,20,1,64,24,2,1,1,2,14 RUE DES BARTHES,43.4834,-1.51099
201300032036,17,6,2013,20,1,64,102,2,1,1,3,1 AV MARECHAL SOULT,43.4876,-1.48383
201300032037,18,6,2013,18,1,64,102,2,6,2,7,RP PIECE NOYEE,43.4993,-1.48171
201300032038,18,6,2013,22,5,64,24,2,1,3,6,44 RUE DE CHASSIN,43.4878,-1.53083
201300032039,21,6,2013,2,5,64,102,2,1,8,6,17 AV MARECHAL SOULT,43.4873,-1.48496
201300032040,22,6,2013,15,1,64,102,2,1,1,7,AV  FERNAND FORGUES,43.4866,-1.47934
201300032041,27,6,2013,8,1,64,102,2,6,1,7,AV SAINTE CROIX,43.4999,-1.45419
201300032042,27,6,2013,12,1,64,24,2,1,1,2,12-13 ROUTE DE MAIGNON,43.4799,-1.50721
201300032043,1,7,2013,15,1,64,140,2,2,1,3,AV CHARLES DE GAULLE,43.528,-1.47414
201300032044,2,7,2013,17,1,64,24,2,1,1,3,AV DE MINERVA,43.4803,-1.50942
201300032045,5,7,2013,11,1,64,102,2,6,1,2,AV DU GRAND BASQUE,43.491,-1.45402
201300032046,6,7,2013,18,1,64,24,2,1,1,3,67 RUE DU BOIS BELIN,43.4933,-1.51536
201300032047,7,7,2013,10,1,64,102,2,1,1,2,2 AV DU PRISSE,43.481,-1.46029
201300032048,8,7,2013,13,1,64,102,2,1,1,1,AV DU ONZE NOVEMBRE,43.493,-1.47912
201300032049,12,7,2013,13,1,64,24,2,1,1,3,RUE DES BARTHES,43.4845,-1.50504
201300032050,13,7,2013,15,1,64,102,2,6,1,6,RP DOCTEUR DELAY,43.5001,-1.46681
201300032051,15,7,2013,0,5,64,24,2,1,1,3,RUE DE HAUSQUETTE,43.4906,-1.51172
201300032052,15,7,2013,15,1,64,102,2,1,1,2,PONT DU LABOURD,43.5141,-1.46707
201300032053,17,7,2013,5,5,64,102,2,1,1,7,AV HENRI GRENET,43.503,-1.47546
201300032054,17,7,2013,13,1,64,102,2,1,1,7,CHEMIN DE HAYET,43.4923,-1.45306
201300032055,23,7,2013,4,5,64,102,2,1,2,7,BD D'ARITXAGUE,43.4712,-1.49137
201300032056,26,7,2013,3,5,64,102,2,1,8,5,AVENUE HENRI GRENET,43.5038,-1.47077
201300032057,27,7,2013,2,3,64,102,2,1,2,1,46 RUE CAMILLE DELAVAILL,43.5097,-1.48693
201300032058,29,7,2013,11,1,64,24,2,3,1,3,AV JEAN LEON LAPORTE,43.4876,-1.50067
201300032059,29,7,2013,17,1,64,24,2,3,1,3,AV DES PYRENEES,43.5024,-1.50713
201300032060,29,7,2013,22,5,64,24,2,1,1,1,92BIS PROMENADE BARRE,43.504,-1.52636
201300032061,31,7,2013,12,1,64,102,2,6,1,3,BD DU BAB,43.4958,-1.48423
201300032062,31,7,2013,23,5,64,24,2,2,1,3,BD DU BAB,43.488,-1.53596
201300032063,1,8,2013,13,1,64,102,2,1,1,6,ALLEES BOUFFLERS,43.4927,-1.47168
201300032064,1,8,2013,13,1,64,102,2,3,1,3,BD DU BAB,43.4953,-1.48239
201300032065,5,8,2013,23,5,64,24,2,1,2,6,BD DU BAB,43.4939,-1.52012
201300032066,10,8,2013,21,2,64,24,2,1,1,7,20 RUE BERNARD GAUDEL,43.4819,-1.49775
201300032067,14,8,2013,22,2,64,140,2,1,1,7,249 AV DE L' ADOUR,43.5249,-1.50794
201300032068,18,8,2013,9,1,64,102,2,6,1,6,AV DUVERGIER DE HAURANNE,43.4905,-1.46763
201300032069,19,8,2013,6,5,64,24,2,1,1,1,BD DU BAB,43.4902,-1.53409
201300032070,20,8,2013,7,1,64,140,2,1,1,3,RUE PAUL BIREMONT,43.5274,-1.49206
201300032071,20,8,2013,12,1,64,24,2,1,1,6,90 RUE DE CHASSIN,43.4921,-1.52884
201300032072,21,8,2013,11,1,64,102,2,1,1,1,RUE JULES BALASQUE,43.4979,-1.46294
201300032073,25,8,2013,17,1,64,102,2,1,2,3,17 AV LOUIS DE FOIX,43.5048,-1.4673
201300032074,26,8,2013,17,1,64,24,2,3,8,3,26 AV DE BAYONNE,43.4808,-1.51284
201300032075,27,8,2013,18,1,64,24,2,6,1,3,GIRATOIRE DE MAIGNON,43.4656,-1.49529
201300032076,28,8,2013,7,1,64,24,2,3,1,3,ROUTE D' ARITXAGUE,43.4737,-1.49631
201300032077,28,8,2013,15,1,64,102,2,1,1,3,RUE MAUBEC,43.4965,-1.46978
201300032078,1,9,2013,11,1,64,24,2,1,1,6,59 AV ALLEES MARINES,43.5001,-1.49068
201300032079,3,9,2013,11,1,64,24,2,1,1,3,63 AV DE BAYONNE,43.4826,-1.50498
201300032080,3,9,2013,12,1,64,102,2,1,1,6,AV DUBROCQ /FOCH,43.4946,-1.48575
201300032081,4,9,2013,10,1,64,140,2,1,1,1,Z.A. DU BAZE,43.5266,-1.49495