Num_Acc,jour,mois,an,hr,condition_eclairage,departement,commune,condition_agglomeration,intersection,condition_atmosphere,type_collision,adresse,lattitude,longitude
201300032082,4,9,2013,23,5,64,24,2,1,1,3,15 AV DU POLO,43.4795,-1.49833
201300032083,5,9,2013,2,5,64,140,2,1,1,7,23 RUE RAOUL BRAMARIE,43.5195,-1.48638
201300032084,5,9,2013,12,1,64,102,2,1,1,3,AV ALLEES PAULMY,43.4907,-1.48165
201300032085,5,9,2013,14,1,64,24,2,1,1,7,66 RUE DES CINQ CANTONS,43.4905,-1.52447
201300032086,7,9,2013,13,1,64,102,2,1,2,3,48 RUE MAUBEC,43.4983,-1.46749
201300032087,9,9,2013,16,1,64,102,2,1,1,2,5 AV RAOUL FOLLEREAU,43.4804,-1.47516
201300032088,10,9,2013,14,1,64,140,2,1,1,2,QUAI DE LA DOUANE,43.52,-1.48871
201300032089,11,9,2013,21,5,64,24,2,3,1,3,AV DE L' ADOUR/MONTBRUN,43.504,-1.49516
201300032090,13,9,2013,7,2,64,24,2,1,2,2,23 ROUTE DE CAMBO,43.4589,-1.49581
201300032091,13,9,2013,9,1,64,102,2,3,2,7,2 AV DU CAPT RESPLANDY,43.4903,-1.46746
201300032092,13,9,2013,11,1,64,102,2,1,8,6,10 RUE PORT NEUF,43.4926,-1.47537
201300032093,18,9,2013,9,1,64,24,2,3,2,3,AV DE BIARRITZ,43.4802,-1.5211
201300032094,20,9,2013,18,1,64,24,2,6,8,6,GIR DE JORLIS/BARTHES,43.4982,-1.49363
201300032095,25,9,2013,16,1,64,102,2,1,1,6,5 AV RAYMOND SOUSBIELLE,43.4841,-1.47724
201300032096,28,9,2013,17,1,64,24,1,1,8,6,1 AV JL LAPORTE,43.4837,-1.5036
201300032097,29,9,2013,1,5,64,102,2,1,1,7,50 RUE JULES LABAT,43.493,-1.47821
201300032098,1,10,2013,16,1,64,102,2,2,1,3,AV MAL SOULT/AV BEYRIS,43.4852,-1.49408
201300032099,1,10,2013,17,1,64,24,2,1,1,7,"0,BD DU BAB",43.4973,-1.50193
201300032100,6,10,2013,6,5,64,102,2,1,8,7,AV D' AQUITAINE,43.486,-1.47211
201300032101,7,10,2013,16,1,64,24,2,1,1,6,CHEMIN DES BARTHES,43.4993,-1.4931
201300032102,10,10,2013,20,5,64,102,2,1,1,3,21 BD ALSACE LORRAINE,43.4946,-1.46846
201300032103,12,10,2013,21,5,64,140,2,3,1,6,RUE DE MATIGNON/DUCLOS,43.5319,-1.46112
201300032104,21,10,2013,8,1,64,102,2,1,1,2,CHEMIN DE BERGERET,43.4921,-1.45331
201300032105,22,10,2013,7,5,64,102,2,6,1,3,GIRATOIRE LES PONTOTS,43.4886,-1.49127
201300032106,27,10,2013,17,1,64,24,2,1,1,6,RUE DU BOIS BELIN,43.4932,-1.51673
201300032107,27,10,2013,17,1,64,24,2,6,1,3,AVENUE DES VAGUES,43.4995,-1.54055
201300032108,31,10,2013,19,5,64,102,1,3,1,3,CHEMIN DE SABALCE,43.4959,-1.49121
201300032109,7,11,2013,8,1,64,102,2,2,1,3,AV ALLEES PAULMY,43.4934,-1.48009
201300032110,12,11,2013,7,1,64,24,2,4,2,5,BD DU BAB,43.4879,-1.53598
201300032111,24,11,2013,7,2,64,102,2,1,8,6,AV MARECHAL SOULT,43.4841,-1.49881
201300032112,25,11,2013,18,5,64,102,2,1,8,6,42 AV MARECHAL SOULT,43.4856,-1.49207
201300032113,27,11,2013,18,5,64,102,2,1,8,4,2 AV DU GRAND BASQUE,43.5046,-1.4674
201300032114,28,11,2013,21,5,64,102,2,2,8,3,RUE LORDMAND,43.4938,-1.47684
201300032115,29,11,2013,16,1,64,102,2,1,1,3,33 CHEMIN DE SABALCE,43.4915,-1.49169
201300032116,4,12,2013,8,5,64,102,2,1,8,2,3 RUE BOURGNEUF,43.4923,-1.4735
201300032117,7,12,2013,5,5,64,24,2,1,1,6,231 AV DE L' ADOUR,43.5245,-1.50538
201300032118,7,12,2013,9,1,64,140,2,1,1,6,PLACE PIERRE SEMARD,43.5237,-1.49024
201300032119,8,12,2013,16,1,64,24,2,1,1,7,128 AV DE L' ADOUR,43.5265,-1.5123
201300032120,9,12,2013,19,5,64,24,1,6,1,3,ROND POINT BERNAIN,43.4833,-1.50195
201300032121,10,12,2013,10,1,64,24,2,6,1,3,RP CAPITAINERIE,43.5262,-1.51447
201300032122,11,12,2013,16,1,64,102,2,1,1,3,AV DU 8 MAI 1945,43.4702,-1.48833
201300032123,13,12,2013,17,5,64,102,2,1,2,3,AV HENRI DE NAVARRE,43.4966,-1.45054
201300032124,14,12,2013,11,1,64,102,2,1,1,3,QUAI DE LESSEPS,43.4989,-1.48143
201300032125,17,12,2013,17,2,64,24,2,1,1,3,99 AV D' ESPAGNE,43.4746,-1.53079
201300032126,18,12,2013,9,1,64,102,1,1,1,3,AV HENRI DE NAVARRE,43.5037,-1.44663
201300032127,19,12,2013,19,5,64,24,2,6,2,3,RP BUTTE AUX CAILLES,43.4972,-1.50988
201300032128,29,12,2013,16,1,64,24,2,1,2,7,BD DU BAB,43.494,-1.52538
201300032129,7,1,2013,21,5,64,122,2,1,8,6,68 AV DE LA MILADY,43.4671,-1.5712
201300032130,11,1,2013,18,2,64,122,2,9,1,3,RUE ESTAGNAS/CLINIQUE,43.4862,-1.53909
201300032131,14,1,2013,8,5,64,125,2,9,8,2,AV CUMBA,43.4468,-1.5791
201300032132,17,1,2013,7,5,64,122,2,2,8,1,AV D' ETIENNE,43.4873,-1.54718
201300032133,24,1,2013,14,1,64,122,2,1,1,5,BD DU BAB,0.0,0.0
201300032134,26,1,2013,4,5,64,125,2,1,8,6,AV D' ESPAGNE,43.4269,-1.60366
201300032135,18,2,2013,19,2,64,122,2,1,1,6,100 RUE D'ESPAGNE,43.4742,-1.55933
201300032136,3,3,2013,15,1,64,24,2,1,1,3,8 AV EDITH CAVELL,43.4916,-1.54531
201300032137,7,3,2013,20,5,64,122,2,1,1,6,97 AV DE VERDUN,43.4816,-1.5476
201300032138,16,3,2013,14,1,64,38,2,1,1,3,RUE DE PITCHOT,43.4667,-1.538
201300032139,1,4,2013,16,1,64,122,2,1,1,6,57 BIS AV MILADY,43.4671,-1.57118
201300032140,11,4,2013,3,5,64,122,2,1,1,6,CHEMIN ENE MAITEA,43.449,-1.56454
201300032141,17,4,2013,19,1,64,122,2,1,1,6,AV REINE VICTORIA,43.4854,-1.54983
201300032142,19,4,2013,3,5,64,122,2,1,2,6,BD DE CASCAIS,43.4739,-1.54531
201300032143,16,5,2013,8,1,64,122,2,1,2,6,24 RUE LAVIGERIE,43.4882,-1.55252
201300032144,9,6,2013,23,5,64,125,2,1,2,3,AV DE BAYONNE,0.0,0.0
201300032145,12,6,2013,17,1,64,125,2,1,1,2,AV DE BIARRITZ,0.0,0.0
201300032146,15,6,2013,13,1,64,24,2,6,1,1,AV LAROCHEFOUCAULD,43.4874,-1.53692
201300032147,29,6,2013,1,5,64,122,2,1,1,7,AV DE LA MILADY,0.0,0.0
201300032148,11,7,2013,2,5,64,122,2,1,1,7,52 AV DE IMPERATRICE,43.491,-1.552
201300032149,12,7,2013,9,1,64,125,2,1,1,7,AV DE BAYONNE,0.0,0.0
201300032150,13,7,2013,19,1,64,125,2,1,1,6,RD 810,43.448,-1.57314
201300032151,21,7,2013,4,5,64,122,2,1,1,6,AV DU LAC MARION,0.0,0.0
201300032152,24,7,2013,8,1,64,122,2,1,1,3,1 RUE D' ESPAGNE,43.4773,-1.56521
201300032153,24,7,2013,17,1,64,125,2,1,1,4,1127 AV DE BIARRITZ,43.451,-1.57458
201300032154,26,7,2013,19,1,64,125,2,1,1,3,AV ATHERBEA,43.4308,-1.59869
201300032155,27,7,2013,12,1,64,122,2,1,1,3,ROND POINT DE L EUROPE,43.4811,-1.54103
201300032156,31,7,2013,19,1,64,122,2,1,1,3,BD MARCEL DASSAULT,43.4511,-1.55638
201300032157,3,8,2013,16,1,64,122,2,1,1,2,21 RUE DE SILHOUETTE,43.4516,-1.55251
201300032158,6,8,2013,13,1,64,122,2,1,1,6,R-P LA NEGRESSE,43.4587,-1.54735
201300032159,9,8,2013,20,1,64,122,2,1,1,3,11 AV MARECHAL FOCH,43.4806,-1.55874
201300032160,11,8,2013,2,5,64,125,2,1,1,6,50 AV DU PLATEAU,43.4437,-1.58499
201300032161,24,8,2013,5,5,64,125,2,1,1,6,RUE BURRUNTZ,0.0,0.0
201300032162,26,8,2013,16,1,64,125,2,1,1,6,AV DE BAYONNE,0.0,0.0
201300032163,4,9,2013,21,2,64,122,2,4,1,3,AV DE LA MARNE,43.4845,-1.55485
201300032164,2,10,2013,18,1,64,125,2,9,1,3,355 AV D'ESPAGNE,43.4301,-1.59968
201300032165,26,10,2013,8,1,64,122,2,3,1,6,AV DE L' IMPERATRICE,43.4854,-1.55625
201300032166,27,10,2013,10,1,64,122,2,9,1,3,55 AV DU BRAOU,43.4755,-1.54028
201300032167,20,11,2013,18,5,64,122,2,1,3,6,28 AV VICTOR HUGO,43.4801,-1.56192
201300032168,5,12,2013,18,2,64,125,2,1,1,5,AV ATHERBEA,43.4335,-1.59532
201300032169,6,12,2013,22,5,64,122,2,1,1,6,23 AV-IMP DU GOLF,43.4874,-1.54716
201300032170,15,12,2013,10,1,64,125,2,1,1,6,273 AV DU PLATEAU,43.4455,-1.58375
201300032171,17,12,2013,13,1,64,122,2,1,1,3,9 RUE LOUIS BARTHOU,43.4829,-1.55822
201300032172,21,12,2013,15,1,64,122,2,1,1,2,RUE- ESPL PORT VIEUX,43.4822,-1.5671
201300032173,29,12,2013,9,1,64,24,2,1,3,6,19 AV DU BRAOU,43.4793,-1.53579
201300032174,31,12,2013,17,1,64,125,2,1,1,6,64 AV DE BAYONNE,43.4472,-1.57514
201300032175,4,1,2013,17,1,64,445,2,3,1,3,9 RUE MARCA,43.2944,-0.37722
201300032176,4,1,2013,17,1,64,445,2,1,7,6,200 AV JEAN MERMOZ,43.3181,-0.3787
201300032177,7,1,2013,12,1,64,445,2,3,2,3,15 BIS RUE SERVIEZ,43.2973,-0.36925
201300032178,9,1,2013,14,1,64,445,2,1,1,6,11 RUE DE LA REPUBLIQUE,43.2996,-0.36848
201300032179,10,1,2013,18,5,64,445,2,1,2,6,12 AV SARAGOSSE,43.3079,-0.35878
201300032180,11,1,2013,11,1,64,445,2,3,1,3,AV BEZIOU/AV MONTILLEUIL,43.3088,-0.38026
201300032181,12,1,2013,0,5,64,445,2,1,1,6,6 RUE EMILE GARET,43.3019,-0.36091
201300032182,14,1,2013,18,5,64,445,2,1,2,6,24 AV GASTON LACOSTE,43.2923,-0.36902
201300032183,14,1,2013,18,5,64,445,2,1,2,6,242 AV JEAN MERMOZ,43.3227,-0.37937
201300032184,15,1,2013,17,1,64,335,2,1,2,1,RUE SAINT-EXUPERY,43.3162,-0.43629
201300032185,17,1,2013,12,1,64,445,2,2,1,6,66 AV DIDIER DAURAT,43.3311,-0.37969
201300032186,18,1,2013,8,2,64,445,2,3,2,3,AV MERMOZ/AV MONTILLEUL,43.3091,-0.37681
201300032187,18,1,2013,12,1,64,445,2,1,1,3,AV GAL POEYMIRAU,43.2955,-0.35902
201300032188,24,1,2013,12,1,64,335,2,1,2,4,125 BD DE L' EUROPE,43.3254,-0.43881
201300032189,25,1,2013,16,1,64,445,2,7,1,6,ALBERT 1ER/RUE DUPLAA,43.2994,-0.37259
201300032190,26,1,2013,11,1,64,445,2,6,3,3,RP  LA COMMUNE DE PARIS,43.3112,-0.36237
201300032191,26,1,2013,15,1,64,445,2,6,1,6,RP FRANCOIS MITTERAND,43.3382,-0.37973
201300032192,26,1,2013,16,1,64,445,2,6,1,3,RP LA COMMUNE DE PARIS,43.3112,-0.36235
201300032193,26,1,2013,18,5,64,445,2,1,1,1,99 AV DU LOUP,43.3165,-0.3532
201300032194,30,1,2013,13,1,64,445,2,3,1,3,AV DUFAU/RUE SCHUMAN,43.3094,-0.36396
201300032195,31,1,2013,12,1,64,348,2,3,1,3,4 BD CHARLES DE GAULLE,43.3065,-0.40428
201300032196,31,1,2013,18,1,64,445,2,3,1,2,RUE DE LIEGE/RUE CAMI,43.3003,-0.37514
201300032197,2,2,2013,11,1,64,445,2,1,2,3,36 ROUTE DE BAYONNE,43.2994,-0.39124
201300032198,2,2,2013,11,1,64,445,2,1,1,2,67 AV JEAN MERMOZ,43.3108,-0.37708
201300032199,2,2,2013,17,2,64,335,2,1,2,6,99 BD DE L'EUROPE,43.3277,-0.44307
201300032200,2,2,2013,19,5,64,129,2,1,1,3,61 ROUTE DE BAYONNE,43.3048,-0.40125
201300032201,3,2,2013,9,1,64,445,2,1,1,2,58 RUE DU 14 JUILLET,43.2885,-0.3801
201300032202,3,2,2013,19,5,64,445,2,3,1,1,BD DE LA PAIX/PHILLIPON,43.3214,-0.36039
201300032203,6,2,2013,17,1,64,445,2,1,2,2,109 AV JEAN MERMOZ,43.3149,-0.37787
201300032204,6,2,2013,19,5,64,445,2,1,2,6,AV DE EUROPE,43.3293,-0.34533
201300032205,6,2,2013,19,5,64,445,2,1,2,4,369 BD DE LA PAIX,43.3238,-0.37453
201300032206,7,2,2013,8,2,64,284,2,2,1,3,AV CORPS FRANC POMMIES,43.2921,-0.40133
201300032207,8,2,2013,15,1,64,445,2,1,2,3,70 AV ALLEES DE MORLAAS,43.3028,-0.35282
201300032208,11,2,2013,12,1,64,445,2,2,4,6,RUE CAMORS/AV SARRAILH,43.31,-0.3692
201300032209,11,2,2013,19,5,64,445,2,1,2,6,72 RUE D'ETIGNY,43.2961,-0.38234
201300032210,13,2,2013,16,1,64,129,2,2,1,3,RUE TAMARIS/CLAIR SOLEIL,43.308,-0.38257
201300032211,13,2,2013,17,1,64,445,2,3,1,7,RUE FAISANS/CASTETNAU,43.3012,-0.35934
201300032212,19,2,2013,16,1,64,445,2,2,1,6,RUE SAMONZET/AV FOCH,43.2972,-0.36648
201300032213,19,2,2013,17,1,64,445,2,1,1,6,18 BD ALSACE LORRAINE,43.3028,-0.36181
201300032214,19,2,2013,23,5,64,445,2,2,1,2,AV EDOUARD VII/TRESPOEY,43.2983,-0.35836
201300032215,21,2,2013,19,4,64,284,2,1,1,6,1 AV RAUSKI,43.2775,-0.38835
201300032216,22,2,2013,14,1,64,399,2,3,1,3,MARTYRS DU PONT LONG DES,43.3481,-0.37993
201300032217,23,2,2013,18,1,64,315,2,1,1,3,AV ANDRE MARIE AMPERE,43.3158,-0.43029
201300032218,25,2,2013,8,1,64,129,2,2,4,1,24 AV LALANNE,43.3072,-0.39039
201300032219,25,2,2013,22,5,64,445,2,2,4,3,RUE CARREROT/FAISANS,43.299,-0.36308
201300032220,27,2,2013,14,1,64,445,2,6,1,2,RP ERIC TABARLY,43.3186,-0.35982
201300032221,28,2,2013,17,1,64,445,2,1,1,6,39 BD ALSACE LORRAINE,43.3035,-0.36458
201300032222,1,3,2013,16,1,64,445,2,1,1,2,AV CORPS FRANC POMMIES,43.3038,-0.31608
201300032223,2,3,2013,2,5,64,445,2,1,1,6,AV RESISTANCE/SEGURE,43.3025,-0.37557
201300032224,2,3,2013,21,3,64,445,2,2,1,3,RUE ARSONVAL/BERTHELOT,43.3074,-0.36391
201300032225,4,3,2013,15,1,64,445,2,2,1,2,AV DE GAULLE/AV BEARN,43.3018,-0.35621
201300032226,4,3,2013,21,5,64,445,2,2,1,3,AV FOUCHET/AV MONTARDON,43.3139,-0.37575
201300032227,6,3,2013,7,2,64,445,2,1,1,2,56 ROUTE DE BAYONNE,43.3011,-0.39435
201300032228,7,3,2013,8,1,64,445,2,1,1,1,45 CLOS SAINT-BENOIT,43.3021,-0.32314
201300032229,7,3,2013,13,1,64,335,2,1,1,3,147 BD CHARLES DE GAULLE,43.3168,-0.42318
201300032230,7,3,2013,18,1,64,335,2,1,1,2,PONT SAINTE-CATHERINE,43.3278,-0.43842
201300032231,8,3,2013,10,1,64,335,2,1,1,4,BD DE L'EUROPE/TUCOO,43.3384,-0.4629
201300032232,11,3,2013,10,1,64,445,2,3,1,3,38 AV FOUCHET,43.3139,-0.37666
201300032233,15,3,2013,22,5,64,335,2,1,1,6,4 CHEMIN FOURCET,43.327,-0.43918
201300032234,18,3,2013,13,1,64,445,2,1,2,2,48 BD JEAN SARRAIL,43.3088,-0.37281
201300032235,19,3,2013,7,1,64,315,2,1,1,3,AV DU VERT GALANT,43.3195,-0.45246
201300032236,19,3,2013,17,1,64,445,2,1,1,3,45 BD ALSACE LORRAINE,43.304,-0.36621
201300032237,20,3,2013,11,1,64,445,2,2,1,2,AV JEAN MERMOZ/MIRABELLE,43.306,-0.37656
201300032238,21,3,2013,9,1,64,445,2,2,1,6,PLACE VERDUN/BORDELONGUE,43.2988,-0.37545
201300032239,21,3,2013,10,1,64,284,2,8,1,4,AV DU 8 MAI 1945,43.2812,-0.38585
201300032240,21,3,2013,12,1,64,445,2,1,1,3,30 AV CHATEAU D'ESTE,43.306,-0.38801
201300032241,22,3,2013,11,1,64,445,2,2,1,3,AV PEBOUE/BD PAIX,43.3124,-0.32688
201300032242,23,3,2013,6,2,64,335,2,1,1,6,92 BD CHARLES DE GAULLE,43.3133,-0.41659
201300032243,25,3,2013,1,5,64,269,2,1,1,6,12 AV PIERRE DE BELSUNCE,43.2953,-0.30707
201300032244,27,3,2013,21,5,64,445,2,2,1,3,AV MERMOZ/AV MONTILLEUL,43.3091,-0.37679
201300032245,28,3,2013,17,1,64,129,2,1,1,6,47 BD CHARLES DE GAULLE,43.3086,-0.40819
201300032246,29,3,2013,4,5,64,445,2,1,1,6,RUE SERVIEZ/7 CANTONS,43.2985,-0.37049
201300032247,29,3,2013,19,5,64,129,2,2,8,3,ROUTE BAYONNE/LACASSAGNE,43.3043,-0.40027
201300032248,3,4,2013,16,1,64,445,2,1,1,4,43 AV HENRI 4,43.2848,-0.38451
201300032249,3,4,2013,18,1,64,445,2,1,1,4,AV BENGHOZI,43.3192,-0.3668
201300032250,9,4,2013,21,5,64,445,2,2,1,3,AV BEARN/AV DE GAULLE,43.3018,-0.35624
201300032251,10,4,2013,18,1,64,445,2,2,1,3,AV DUFAU/RUE SCHUMAN,43.3094,-0.36397
201300032252,11,4,2013,0,5,64,445,2,2,1,3,MAQUIS BEARN/BORDELONGUE,43.2987,-0.3769
201300032253,12,4,2013,7,1,64,335,2,1,1,3,170 BD DE L'EUROPE,43.3242,-0.4369
201300032254,12,4,2013,19,1,64,237,2,1,1,3,42 RUE MAGENDIE,43.2815,-0.36762
201300032255,13,4,2013,3,5,64,445,2,2,1,3,RUE RESISTANCE/SEGURE,43.3025,-0.37553
201300032256,15,4,2013,17,1,64,445,2,1,1,6,87 BD DE LA PAIX,43.3158,-0.33769
201300032257,16,4,2013,12,1,64,399,2,1,1,2,MARTYRS DU PONT LONG,43.3419,-0.37983
201300032258,17,4,2013,8,1,64,445,2,2,1,6,RUE MARCA/14 JUILLET,43.2945,-0.37716
201300032259,17,4,2013,15,1,64,335,2,1,1,2,148 BD DE L' EUROPE,43.3278,-0.44362
201300032260,18,4,2013,13,1,64,335,2,1,1,6,23 AV DE L'OUSSE,43.3376,-0.43358
201300032261,19,4,2013,12,1,64,445,2,1,1,3,RUE GENERAL LECLERC,43.288,-0.39023
201300032262,19,4,2013,15,1,64,399,2,1,1,6,95 MARTYRS DU PONT LONG,43.3451,-0.3799
201300032263,20,4,2013,16,1,64,269,2,1,1,2,38 ROUTE DE TARBES,43.2978,-0.30189
201300032264,3,4,2013,17,1,64,445,2,1,1,6,27 RUE CARNOT,43.3006,-0.36967
201300032265,23,4,2013,20,5,64,445,2,2,1,3,RUE MICHELET/VICTOR HUGO,43.3018,-0.37756
201300032266,25,4,2013,8,1,64,445,2,2,1,3,RUE SCHUMANN/MONNET,43.3282,-0.38572
201300032267,25,4,2013,13,1,64,445,2,2,1,3,BD DE LA PAIX/POUGUET,43.3205,-0.35258
201300032268,25,4,2013,16,1,64,445,2,2,1,3,RUE MARCA/RUE DES PONTS,43.2946,-0.37711
201300032269,26,4,2013,11,1,64,445,2,3,2,6,MARGUERITE LABORDE/SIMIA,43.2999,-0.36846
201300032270,27,4,2013,13,1,64,445,2,6,1,3,RP LA COMMUNE DE PARIS,43.311,-0.36286
201300032271,30,4,2013,16,1,64,445,2,1,1,3,39 AV DU LOUP,43.3077,-0.35651
201300032272,3,5,2013,13,1,64,445,2,2,1,3,AV CORPS FRANC POMMIES,43.3067,-0.32754
201300032273,6,5,2013,10,1,64,445,2,2,1,2,BD DE LA PAIX/PHILLIPON,43.3214,-0.36036
201300032274,8,5,2013,18,1,64,269,2,1,2,4,40 ROUTE DE TARBES,43.2979,-0.30209
201300032275,9,5,2013,15,1,64,445,2,1,1,3,27 FEDERICO GARCIA LORCA,43.3088,-0.35482
201300032276,10,5,2013,14,1,64,348,2,1,1,4,51 BD CHARLES DE GAULLE,43.309,-0.40879
201300032277,10,5,2013,16,1,64,445,2,3,1,3,AV LARRIBAU/RUE RAMADIER,43.318,-0.31836
201300032278,11,5,2013,12,1,64,445,2,3,1,5,AV DE BOURBON/HAUTERIVE,43.3248,-0.35732
201300032279,12,5,2013,16,1,64,445,2,3,1,3,38 AV MONTARDON,43.3118,-0.37548
201300032280,13,5,2013,13,1,64,445,2,1,1,6,40 BD ALSACE LORRAINE,43.3039,-0.36566
201300032281,13,5,2013,15,1,64,129,2,1,1,6,64 ROUTE DE BAYONNE,43.3026,-0.39689
201300032282,16,5,2013,8,1,64,132,2,6,2,3,CHEMIN HOURAT/BEAU SOLEI,43.2989,-0.32203
201300032283,16,5,2013,9,1,64,445,2,1,2,4,AV JEAN BIRAY,43.2934,-0.37568
201300032284,17,5,2013,7,2,64,445,2,1,1,6,BD BARBANEGRE,0.0,0.0
201300032285,19,5,2013,13,1,64,129,2,2,1,3,RUE MAIRIE/ROUTE BAYONNE,43.3021,-0.39626
201300032286,20,5,2013,16,1,64,445,1,2,1,3,15 AV DU LOUP,43.3049,-0.35704
201300032287,22,5,2013,15,1,64,445,2,1,2,2,10 RUE D'ORLEANS,43.2989,-0.37384
201300032288,24,5,2013,9,1,64,445,2,3,1,3,RUE BERNES CAMBOT/BREMON,43.3057,-0.37034
201300032289,27,5,2013,16,1,64,445,2,1,1,5,19 BD TOURASSE,43.3094,-0.34444
201300032290,28,5,2013,17,1,64,445,2,1,1,6,2 RUE HENRY RUSSEL,43.299,-0.3519
201300032291,29,5,2013,7,1,64,445,2,2,2,6,RUE ORLEANS/ALBERT 1ER,43.2991,-0.37278
201300032292,3,6,2013,19,1,64,445,2,6,1,2,RP COMBATTANTS AFRIQUE N,43.3382,-0.37973
201300032293,4,6,2013,11,1,64,445,2,1,1,3,PARKING UNIVERSITE,43.3138,-0.36317
201300032294,4,6,2013,17,1,64,445,2,1,1,3,23 ROUTE DE TARBES,43.3005,-0.31132
201300032295,4,6,2013,17,1,64,445,2,1,1,4,23 ROUTE DE TARBES,43.3005,-0.31149
201300032296,6,6,2013,15,1,64,445,2,1,1,3,49 AV DUFAU,43.3109,-0.36315
201300032297,10,6,2013,12,1,64,445,2,1,1,2,115 BD ALSACE LORRAINE,43.3053,-0.37341
201300032298,11,6,2013,13,1,64,445,2,3,1,3,AV GASTON LACOSTE/GARE,43.2921,-0.36838
201300032299,12,6,2013,7,1,64,348,2,1,1,3,FRERES LUMIERE/MALIHONDA,43.3065,-0.41002
201300032300,12,6,2013,9,1,64,129,2,1,1,3,20 AV DU TONKIN,43.3152,-0.38588
201300032301,12,6,2013,13,1,64,445,2,1,1,2,RP VICTOR SCHOELCHER,43.3211,-0.35914
201300032302,12,6,2013,17,1,64,335,2,3,1,3,JEAN PREVOST/BD EUROPE,43.3321,-0.45135
201300032303,14,6,2013,16,1,64,348,2,1,7,2,123 ROUTE DE BAYONNE,43.3062,-0.40362
201300032304,16,6,2013,11,1,64,445,2,1,1,6,27 RUE DE VINCENNES,43.3293,-0.37772
201300032305,16,6,2013,16,1,64,284,2,1,1,3,"0,CHEMIN DE LAROIN",43.2859,-0.41293
201300032306,19,6,2013,12,1,64,129,2,1,1,2,52 RUE DES MARNIERES,43.3035,-0.38815
201300032307,19,6,2013,15,1,64,445,2,3,2,1,RUE DESPOURRINS/GUICHENE,43.299,-0.36668
201300032308,19,6,2013,15,1,64,348,2,3,2,3,43 BD CHARLES DE GAULLE,43.3087,-0.40825
201300032309,19,6,2013,20,2,64,445,2,1,2,6,2 RUE DES ALLIES,43.3021,-0.36729
201300032310,20,6,2013,11,1,64,445,2,1,1,4,AV GENERAL POEYMIRAU,43.2957,-0.35913
201300032311,20,6,2013,14,1,64,445,2,1,1,1,"0,BD OLOF PALME",0.0,0.0
201300032312,20,6,2013,18,1,64,445,2,1,1,6,43 AV DU LOUP,43.3089,-0.35577
201300032313,20,6,2013,20,2,64,445,2,1,1,5,"0,BD OLOF PALME",0.0,0.0
201300032314,21,6,2013,8,2,64,445,2,2,2,2,AV DE BUROS/CAMIE SALIE,43.3266,-0.34169
201300032315,25,6,2013,12,1,64,41,2,1,1,2,10 RUE MATACHOT,43.2812,-0.33362
201300032316,26,6,2013,12,1,64,284,2,1,1,2,31 RUE OLLE LAPRUNE,43.2855,-0.38844
201300032317,2,7,2013,15,1,64,445,2,1,1,2,AV MARECHAL LECLERC,43.3057,-0.33712
201300032318,2,7,2013,16,1,64,445,2,3,1,3,RUE RAUSKY/C DE RIBES,43.3029,-0.3789
201300032319,2,7,2013,17,1,64,348,2,1,1,4,"0,AV DE SANTONA",0.0,0.0
201300032320,2,7,2013,19,1,64,269,2,1,1,2,"0, D938",0.0,0.0
201300032321,5,7,2013,9,1,64,445,2,1,1,6,148 AV ALFRED NOBEL,43.3202,-0.30523
201300032322,5,7,2013,12,1,64,335,2,1,1,3,AV SANTOS-DUMONT,43.3194,-0.42425
201300032323,5,7,2013,20,1,64,284,2,3,1,3,AV CORPS FRANC POMMIES,43.2922,-0.40124
201300032324,6,7,2013,11,1,64,445,2,1,1,4,68 AV GENERAL LECLERC,43.3035,-0.34777
201300032325,8,7,2013,17,1,64,445,2,1,1,6,10 AV MARECHAL LECLERC,43.306,-0.33579
201300032326,8,7,2013,18,1,64,445,2,2,1,3,RUE DE PORTET,43.3202,-0.34219
201300032327,9,7,2013,11,1,64,445,2,6,1,3,RP VICTOR SCHOELCHER,43.3215,-0.35919
201300032328,10,7,2013,12,1,64,445,2,1,1,2,4 COURS LEON BERARD,43.3137,-0.36977
201300032329,10,7,2013,12,1,64,445,2,1,1,6,33 RUE MICHEL HOUNAU,43.3021,-0.3656
201300032330,12,7,2013,16,1,64,335,2,1,1,6,AV ANDRE MARIE AMPERE,43.3156,-0.43026
201300032331,12,7,2013,20,1,64,445,2,1,1,6,9 RUE PIERRE MASSE,43.3127,-0.35819
201300032332,13,7,2013,10,1,64,284,2,2,1,3,CORPS FRANC POMMIES/ARTI,43.2921,-0.40125
201300032333,17,7,2013,16,1,64,335,2,6,1,3,AV SANTOS-DUMONT,43.3233,-0.42057
201300032334,17,7,2013,20,1,64,335,2,1,1,3,BD DE L' EUROPE/SNCF,43.3179,-0.42716
201300032335,18,7,2013,17,1,64,445,2,1,1,3,55 RUE 18EME REGIMENT,43.2978,-0.38585