Num_Acc,jour,mois,an,hr,condition_eclairage,departement,commune,condition_agglomeration,intersection,condition_atmosphere,type_collision,adresse,lattitude,longitude
201300032591,9,8,2013,10,1,65,286,2,6,1,3,"1, ROND POINT CZESTOKOWA",43.08325,-0.04463
201300032592,11,8,2013,11,1,65,286,2,1,1,1,"30, MARQUI (AVENUE ALEXA",43.102,-0.04389
201300032593,11,8,2013,9,1,65,286,2,1,1,6,"1, ABADIE (Avenue Fran?o",43.10834,-0.03902
201300032594,3,9,2013,12,1,65,286,2,1,1,1,"1, JULOS (CHEMIN DE)",43.11321,-0.02866
201300032595,11,9,2013,15,1,65,286,2,3,1,2,"1, MARQUI (AVENUE ALEXAN",43.10454,-0.0419
201300032596,12,9,2013,11,1,65,286,2,1,1,3,94 MARQUI (AV ALEXAN,43.10586,-0.04098
201300032597,18,9,2013,17,1,65,286,2,1,8,1,CENTENAIRE (BOULEVARD,43.0945,-0.03268
201300032598,19,9,2013,18,1,65,286,2,1,8,6,"6, LAFITTE (RUE)",43.0946,-0.04601
201300032599,18,9,2013,12,1,65,286,2,1,3,3,MOULIN (AVENUE JEAN),43.10653,-0.02941
201300032600,3,10,2013,14,1,65,286,2,1,1,3,"14, ESPAGNE (BOULEVARD D",43.09269,-0.04025
201300032601,21,10,2013,8,1,65,286,2,1,1,6,ESPAGNE (BOULEVARD D'),43.08822,-0.04306
201300032602,29,10,2013,15,1,65,286,2,1,2,2,"23, BEGUERE (AVENUE ANTO",43.10255,-0.05926
201300032603,4,12,2013,15,1,65,286,2,1,1,1,"52, CENTENAIRE (BOULEVAR",43.10466,-0.03708
201300032604,10,1,2013,14,1,65,440,2,1,1,4,"12, JUIN (BOULEVARD DU M",43.23703,0.05624
201300032605,10,1,2013,18,5,65,100,2,1,1,3,"13, BORDEAUX (ROUTE DE)",43.26646,0.0713
201300032606,11,1,2013,11,1,65,100,2,2,1,3,ZOLA (RUE EMILE),43.25458,0.04697
201300032607,16,1,2013,8,1,65,100,1,1,3,2,"6 ter, BORDEAUX (ROUTE D",43.26451,0.07146
201300032608,18,1,2013,13,1,65,440,2,2,2,3,"., MAQUIS DE PAYOLLE (RU",43.22377,0.08473
201300032609,19,1,2013,10,1,65,440,2,1,1,2,"., ALSACE LORRAINE (AVEN",43.24539,0.07322
201300032610,24,1,2013,13,1,65,440,2,1,1,2,"., ALSACE LORRAINE (AVEN",43.24114,0.07366
201300032611,25,1,2013,9,1,65,440,2,3,1,3,"1, PLANETE (IMPASSE DE L",43.24138,0.05741
201300032612,28,1,2013,16,1,65,440,2,1,1,3,LATTRE DE TASSIGNY(BOULE,43.22893,0.05609
201300032613,29,1,2013,12,1,65,440,2,2,1,6,ESTEVENET (QUAI),43.23167,0.0855
201300032614,30,1,2013,11,1,65,440,2,5,1,2,VICTOIRE (RUE DE LA),43.23415,0.07136
201300032615,30,1,2013,13,1,65,440,2,6,1,6,"., UNIVERSITE (ROND POIN",43.22293,0.04599
201300032616,31,1,2013,9,1,65,440,2,1,1,3,"32, MARNE (AVENUE DE LA)",43.23211,0.08709
201300032617,31,1,2013,13,1,65,440,2,1,1,6,"15, JOFFRE (AVENUE DU MA",43.2396,0.07233
201300032618,1,2,2013,19,5,65,440,2,1,1,6,"1, MARCADIEU (PLACE)",43.23152,0.08236
201300032619,3,2,2013,1,5,65,440,2,1,1,6,"3, RENAUDET (BOULEVARD P",43.24444,0.0737
201300032620,5,2,2013,12,1,65,440,2,2,2,3,"., SEPTEMBRE (RUE DU IV)",43.22895,0.08124
201300032621,6,2,2013,18,1,65,440,2,1,2,4,"45, LACAUSSADE (BOULEVAR",43.23257,0.05467
201300032622,7,2,2013,20,5,65,440,2,1,1,3,"10, JUBINAL (RUE ACHILLE",43.23915,0.07787
201300032623,11,2,2013,7,1,65,331,1,1,4,1,TARBES (AVENUE DE),43.21572,0.05937
201300032624,11,2,2013,14,1,65,440,2,3,8,3,"., ORMEAU (CHEMIN DE L')",43.228,0.07565
201300032625,11,2,2013,17,1,65,440,2,1,1,6,"., PRADEAU (PROMENADE DU",43.23244,0.0665
201300032626,15,2,2013,8,1,65,440,2,2,1,3,"., LAMARTINE (RUE)",43.23135,0.07801
201300032627,15,2,2013,12,1,65,433,2,1,1,2,"., BARBUSSE (AVENUE HENR",43.21558,0.09694
201300032628,20,2,2013,17,1,65,100,1,1,1,5,"., BORDEAUX (ROUTE DE) C",43.26602,0.07134
201300032629,22,2,2013,9,1,65,100,1,1,1,4,"., BORDEAUX (ROUTE DE) C",43.26879,0.07097
201300032630,27,2,2013,8,1,65,440,2,1,1,6,"Parking ENIT, av Azereix",43.22556,0.05329
201300032631,5,3,2013,21,5,65,440,2,3,1,2,"., PAU (ROUTE DE)",43.23719,0.04908
201300032632,6,3,2013,15,1,65,440,2,1,1,6,"73, FOCH (RUE DU MARECHA",43.23212,0.07855
201300032633,9,3,2013,18,1,65,440,2,1,7,4,MAI 1945 (BOULEVARD DU 0,43.21895,0.07213
201300032634,13,3,2013,20,5,65,417,2,1,4,1,D 817,43.21655,0.11045
201300032635,15,3,2013,19,5,65,440,2,1,1,3,"41, CARNOT (RUE)",43.22036,0.07068
201300032636,16,3,2013,11,1,65,100,2,1,1,3,"8, URAC (CHEMIN D')",43.24695,0.04536
201300032637,16,3,2013,16,1,65,440,2,1,1,6,"40, HENRI IV (BOULEVARD)",43.23583,0.05592
201300032638,17,3,2013,12,1,65,433,2,2,1,3,"., LIBERATION (AVENUE DE",43.20353,0.10114
201300032639,18,3,2013,18,1,65,440,2,2,2,3,"., LAFORGUE (AVENUE JULE",43.22419,0.06836
201300032640,20,3,2013,16,1,65,440,2,1,1,2,"62, FOCH (RUE DU MARECHA",43.23192,0.08067
201300032641,21,3,2013,14,1,65,440,2,2,1,3,"., LAFORGUE (AVENUE JULE",43.22417,0.06837
201300032642,21,3,2013,19,5,65,440,2,2,1,3,"., MASSEY (RUE)",43.23573,0.07416
201300032643,22,3,2013,7,1,65,226,2,1,1,4,"., GABIZOS (Rue du)",43.22095,0.03392
201300032644,22,3,2013,10,1,65,440,2,2,1,6,"., MONTAUT (PLACE)",43.2319,0.08157
201300032645,25,3,2013,20,5,65,440,2,2,2,3,"., ARLAUD (RUE DU DOCTEU",43.22438,0.07548
201300032646,27,3,2013,18,1,65,440,2,1,1,3,"8, HENRI IV (BOULEVARD)",43.23285,0.06431
201300032647,28,3,2013,23,5,65,440,2,1,2,2,"., MASSEY (RUE)",43.23971,0.0738
201300032648,29,3,2013,14,1,65,440,2,2,1,3,", COMMANDO HISPANO (RUE",43.22298,0.08887
201300032649,6,4,2013,11,1,65,331,2,1,2,3,"88, LOURDES (AVENUE DE)",43.20802,0.04439
201300032650,15,4,2013,12,1,65,417,2,1,1,2,"97, MITTERRAND (AVENUE F",43.22303,0.10293
201300032651,18,4,2013,13,1,65,417,2,1,1,3,"., MITTERRAND (AVENUE FR",43.22522,0.10066
201300032652,19,4,2013,13,1,65,440,2,3,1,1,P RENAUDET (BD),43.24579,0.0802
201300032653,20,4,2013,1,5,65,440,2,2,1,1,"., REGIMENT DE BIGORRE (",43.22403,0.0698
201300032654,20,4,2013,12,1,65,440,2,2,1,6,"., LARREY (RUE)",43.23058,0.07346
201300032655,22,4,2013,20,1,65,47,2,2,1,3,"., JAURES (AVE JEAN)",43.24142,0.09502
201300032656,26,4,2013,0,5,65,440,2,1,1,6,"59, MAQUIS DE SOMBRUN (R",43.24544,0.05944
201300032657,3,5,2013,14,1,65,226,2,1,1,3,"., PAU (ROUTE DE)",43.23861,0.0135
201300032658,6,5,2013,13,1,65,440,2,1,1,3,"24, MONTAIGU (RUE DU)",43.23424,0.08919
201300032659,13,5,2013,18,1,65,440,2,1,1,2,"., LAGARDERE (RUE JEAN-L",43.22092,0.04314
201300032660,16,5,2013,19,1,65,440,2,5,7,3,"., COMMANDO HISPANO (RUE",43.22301,0.0888
201300032661,17,5,2013,14,1,65,440,2,1,1,2,"., ALSACE LORRAINE (AVEN",43.24216,0.07357
201300032662,20,5,2013,0,5,65,440,2,3,1,1,"., RENAUDET (BOULEVARD P",43.24502,0.07846
201300032663,23,5,2013,14,1,65,440,2,2,2,3,"55, ALSACE LORRAINE (AVE",43.24735,0.07309
201300032664,27,5,2013,21,2,65,440,2,1,3,2,"., LATTRE DE TASSIGNY(BO",43.2297,0.05555
201300032665,31,5,2013,16,1,65,440,2,1,2,2,"., LAFORGUE (AVENUE JULE",43.22405,0.0696
201300032666,6,6,2013,17,1,65,440,2,1,1,3,TARBES/PL.DE VERDUN,43.2327,0.07373
201300032667,11,6,2013,11,1,65,440,2,1,1,1,TARBES/CH. DE L'ORMEAU,43.2179,0.07949
201300032668,11,6,2013,14,1,65,440,2,2,1,3,TARBES/R.G.LASSALLE,43.2356,0.06529
201300032669,14,6,2013,13,1,65,440,2,2,1,3,TARBES/R. BRAUHAUBAN,43.2327,0.07989
201300032670,16,6,2013,6,1,65,440,2,2,1,3,SAINT-JEAN (RUE),43.23843,0.08192
201300032671,17,6,2013,13,1,65,440,2,1,1,6,"10, CULTIVATEURS (RUE DE",43.23501,0.06526
201300032672,17,6,2013,18,1,65,440,2,1,1,3,"., PERRIN (RUE JEAN)",43.22061,0.07911
201300032673,25,6,2013,15,1,65,440,1,3,1,2,EVADES DE FRANCE (RUE DE,43.21487,0.08541
201300032674,28,6,2013,8,1,65,417,2,1,1,3,VILLON (RUE FRANCOIS),43.23238,0.10541
201300032675,29,6,2013,23,5,65,440,2,2,1,3,MARNE (AVENUE DE LA),43.23224,0.08738
201300032676,1,7,2013,16,1,65,440,2,1,1,3,TARBES/RUE DE GONNES,43.231,0.07569
201300032677,8,7,2013,0,5,65,47,2,1,1,6,AUREILHAN/19 R.J.GUESDE,43.2445,0.09205
201300032678,12,7,2013,18,1,65,440,2,1,1,4,TARBES/12 ROUTE DE PAU,43.2376,0.04552
201300032679,17,7,2013,20,1,65,417,2,1,1,6,"23, DALLAS (RUE EDOUARD)",43.22401,0.09888
201300032680,18,7,2013,3,5,65,440,2,6,1,3,"., LOURDES (ROND-POINT R",43.22112,0.061
201300032681,25,7,2013,12,1,65,440,2,1,1,3,"125, ALSACE LORRAINE (AV",43.2544,0.07229
201300032682,23,7,2013,17,1,65,440,2,1,1,4,"25, DEBUSSY (BOULEVARD C",43.22026,0.06485
201300032683,25,7,2013,7,1,65,226,1,1,1,1,"., DEPARTEMENTALE 93 (RO",43.24973,0.01708
201300032684,26,7,2013,14,1,65,226,1,1,1,3,"., PAU (ROUTE DE)",43.24325,-0.00942
201300032685,1,8,2013,9,1,65,440,2,3,1,4,"., CARNOT (RUE)",43.22303,0.07005
201300032686,1,8,2013,14,1,65,440,2,2,1,3,"., LAC BLEU (RUE DU)",43.24117,0.04887
201300032687,11,8,2013,10,1,65,440,2,3,1,3,"., ORMEAU (CHEMIN DE L')",43.22704,0.07629
201300032688,14,8,2013,9,1,65,440,2,6,1,6,"., BAGNERES (ROND POINT",43.21906,0.07068
201300032689,25,8,2013,10,1,65,47,2,1,1,2,"., TUILERIE (RUE DE LA)",43.23387,0.09036
201300032690,26,8,2013,7,1,65,226,1,2,1,4,"., PAU (ROUTE DE)",43.24121,0.01073
201300032691,1,9,2013,19,1,65,440,2,1,1,6,"., SAINT-EXUPERY (AVENUE",43.24388,0.06354
201300032692,3,9,2013,10,1,65,417,2,1,1,2,MITTERRAND (27 AVENUE FR,43.23081,0.09451
201300032693,7,9,2013,8,1,65,440,2,1,2,6,"., SAINT-JEAN (RUE)",43.23337,0.08219
201300032694,10,9,2013,8,1,65,440,2,2,3,3,"41, VIGNEMALE (RUE DU)",43.23628,0.08694
201300032695,11,9,2013,19,1,65,417,2,1,1,2,"., GUINIER (RUE DU DOCTE",43.22978,0.09242
201300032696,12,9,2013,16,1,65,440,2,1,1,3,"., LACAUSSADE (BOULEVARD",43.23574,0.05495
201300032697,19,9,2013,8,1,65,440,2,1,1,4,"16, DEBUSSY (BOULEVARD C",43.21945,0.06882
201300032698,20,9,2013,17,1,65,440,2,1,1,6,"12, CRONSTADT (RUE DE)",43.22883,0.0717
201300032699,26,9,2013,14,1,65,440,2,1,1,4,77 AV.ARIS.BRIAND,43.2209,0.06062
201300032700,30,9,2013,19,5,65,440,2,1,1,1,"., ALSTHOM (PONT)",43.22332,0.09228
201300032701,4,10,2013,15,1,65,440,2,2,1,3,"., SEPTEMBRE (RUE DU IV)",43.22898,0.08358
201300032702,6,10,2013,10,1,65,47,2,3,1,3,JAURES (AVE JEAN),43.25538,0.10038
201300032703,6,10,2013,12,1,65,433,2,3,1,3,"., CURIE (BOULEVARD JOLI",43.20814,0.09516
201300032704,7,10,2013,11,1,65,440,2,4,1,3,"., BROGLIE (RUE LOUIS DE",43.22305,0.07966
201300032705,7,10,2013,12,1,65,47,2,1,1,3,"104 b, SPORTS (AVE DES)",43.2348,0.10135
201300032706,7,10,2013,13,1,65,417,2,2,1,3,"., LAMARQUE (RUE MARCEL)",43.23195,0.09969
201300032707,7,10,2013,16,1,65,440,2,1,1,2,"2, CULTIVATEURS (RUE DES",43.23544,0.06522
201300032708,10,10,2013,17,1,65,47,2,1,2,3,"153, JAURES (AVE JEAN)",43.25525,0.10028
201300032709,12,10,2013,18,1,65,440,2,1,1,6,"., ADOUR (QUAI DE L')",43.22982,0.08801
201300032710,15,10,2013,13,1,65,440,2,2,1,1,"., LATTRE DE TASSIGNY(BO",43.22808,0.05643
201300032711,16,10,2013,16,1,65,440,2,1,1,3,"42, JOFFRE (AVENUE DU MA",43.23955,0.06915
201300032712,23,10,2013,19,2,65,440,2,2,1,6,"., MARTINET (BOULEVARD D",43.23131,0.08769
201300032713,25,10,2013,18,1,65,440,2,3,1,3,MENDES FRANCE (RUE PIERR,43.22853,0.08657
201300032714,26,10,2013,18,1,65,440,2,1,1,3,"105, BRIAND (AVENUE ARIS",43.21744,0.05637
201300032715,28,10,2013,14,1,65,440,2,1,1,6,"72, BRIAND (AVENUE ARIST",43.22098,0.06073
201300032716,1,11,2013,20,5,65,440,2,2,2,6,TARBES/2 AV.MCHAL JOFFRE,43.2395,0.07375
201300032717,5,11,2013,15,1,65,100,1,1,3,3,BORDERES/R.RENE CASSIN,43.2678,0.06927
201300032718,6,11,2013,9,1,65,440,2,1,1,6,TARBES/20 AV. FOULD,43.2252,0.07179
201300032719,17,11,2013,22,5,65,440,2,2,2,3,"., AZEREIX (AVENUE D')",43.228,0.05642
201300032720,18,11,2013,7,2,65,417,2,6,2,3,"., BRIAND (PLACE ARISTID",43.22835,0.10564
201300032721,21,11,2013,19,2,65,440,2,2,3,3,"., FOIRAIL (PLACE DU)",43.22891,0.08358
201300032722,26,11,2013,23,5,65,440,2,2,1,3,"., BARERE (AVENUE BERTRA",43.23574,0.0721
201300032723,5,12,2013,8,1,65,440,2,1,1,6,"., JOFFRE (AVENUE DU MAR",43.2395,0.0644
201300032724,7,12,2013,14,1,65,440,2,2,1,1,AZEREIX (AVENUE D'),43.22807,0.05645
201300032725,8,12,2013,20,3,65,100,1,1,1,2,BORDEAUX (ROUTE DE) CD 9,43.26013,0.0718
201300032726,9,12,2013,8,1,65,47,2,3,1,3,"00, NOVEMBRE (RUE DU XI)",43.25374,0.08936
201300032727,9,12,2013,9,1,65,440,2,2,1,3,"55, ALSACE LORRAINE (AVE",43.24732,0.07304
201300032728,9,12,2013,15,1,65,100,1,2,1,3,"0, DEPARTEMENTALE 64 (RO",43.24716,0.03773
201300032729,10,12,2013,12,1,65,440,2,9,1,6,"72, LASSALLE (RUE GEORGE",43.2353,0.06737
201300032730,11,12,2013,16,1,65,440,2,1,1,6,"51, TRAYNES (RUE DE)",43.22963,0.05973
201300032731,13,12,2013,20,5,65,226,2,1,2,5,"., PAU (ROUTE DE)",43.24073,0.01582
201300032732,17,12,2013,10,1,65,440,2,2,1,6,"1, ARDENNES (BOULEVARD D",43.24964,0.07276
201300032733,1,1,2013,0,5,66,136,2,2,1,3,", JULIEN PANCHOT (AVENU",42.69281,2.88586
201300032734,4,1,2013,1,3,66,136,1,1,1,6,", FRANCE LIBRE (BOULEVA",42.70709,2.90903
201300032735,5,1,2013,19,5,66,136,2,2,1,7,PALAIS-DES-EXPO (AVENUE,42.70691,2.90014
201300032736,7,1,2013,19,5,66,136,2,1,1,3,", OISEAUX (DES)",42.71102,2.88619
201300032737,11,1,2013,7,1,66,136,1,1,1,3,", MAS-BRESSON (CHEMIN D",42.66815,2.86294
201300032738,9,1,2013,15,1,66,136,2,2,1,3,", MERMOZ (AVENUE JEAN)",42.69534,2.9104
201300032739,13,1,2013,17,1,66,136,1,1,1,3,ESPAGNE (ROUTE D'),42.67022,2.88278
201300032740,15,1,2013,8,1,66,136,2,1,1,3,"., GAUGUIN (AVENUE PAUL)",42.71918,2.88999
201300032741,16,1,2013,18,5,66,136,2,1,2,2,"12, ESCARGUEL (LAZARE)",42.69943,2.88678
201300032742,19,1,2013,15,1,66,136,2,1,1,6,MERCADER (BOULEVARD FELI,42.69254,2.89187
201300032743,18,1,2013,8,1,66,136,2,1,2,6,CLEMENCEAU (BOULEVARD),42.69943,2.88678
201300032744,21,1,2013,15,1,66,136,2,1,1,6,"1270, ESPAGNE (ROUTE D')",42.67832,2.89135
201300032745,23,1,2013,21,5,66,136,2,1,1,6,"., CAMUS AVENUE ALBERT",42.69186,2.90638
201300032746,25,1,2013,18,5,66,136,2,1,1,3,"43, CLEMENCEAU (BOULEVAR",42.69961,2.88893
201300032747,30,1,2013,17,1,66,136,2,1,1,3,"., JULIEN PANCHOT (AVENU",42.69071,2.8808
201300032748,30,1,2013,18,1,66,136,2,1,1,6,DESNOYE (BOULEVARD DR. J,42.71357,2.88583
201300032749,31,1,2013,19,3,66,136,2,1,1,6,Departementale  617,0.0,0.0
201300032750,4,2,2013,17,1,66,136,1,1,1,3,"., ESPAGNE (ROUTE D')",42.6703,2.88228
201300032751,17,2,2013,19,5,66,136,2,1,1,3,"1125, JULIEN PANCHOT (AV",42.68828,2.87496
201300032752,18,2,2013,18,3,66,136,2,1,1,6,"115, GUYNEMER (AVENUE GE",42.68793,2.90828
201300032753,20,2,2013,16,1,66,136,1,1,1,2,"., MICHELET (BOULEVARD E",42.69922,2.87595
201300032754,23,2,2013,12,1,66,136,1,1,1,6,"., R D 900",42.74658,2.89386
201300032755,6,3,2013,11,1,66,136,2,1,3,6,"129, JOFFRE (AVENUE DU M",42.71138,2.88991
201300032756,7,3,2013,6,2,66,136,1,1,1,1,R D 900,42.68725,2.85376
201300032757,1,3,2013,15,1,66,136,2,1,1,6,"0, DALBIEZ (AVENUE VICTO",42.69184,2.8869
201300032758,10,3,2013,9,1,66,136,2,1,1,6,"0, BLANC AVENUE ROSETTE",42.69875,2.90546
201300032759,10,3,2013,13,1,66,136,2,1,1,6,"0, REICHEL (FRANTZ)",42.69244,2.86611
201300032760,12,3,2013,18,1,66,136,2,1,1,6,"., ALDUY (Paul)",42.67905,2.90442
201300032761,10,3,2013,16,1,66,136,2,1,1,3,"36, BOURRAT BOULEVARD JE",42.70008,2.90305
201300032762,11,3,2013,9,1,66,136,2,1,1,2,"0, DALBIEZ (AVENUE VICTO",42.68724,2.88218
201300032763,13,3,2013,10,1,66,136,2,1,1,4,"0, PYRENEES (BOULEVARD D",42.69594,2.88856
201300032764,14,3,2013,6,1,66,136,2,1,6,3,"0, POINCARE (BOULEVARD H",42.69133,2.89654
201300032765,19,3,2013,10,1,66,136,2,1,1,6,"., BARCELONE QUAI DE",42.69724,2.88962
201300032766,19,3,2013,14,1,66,136,2,1,1,6,"., CASERNE SAINT MARTIN",42.69546,2.88996
201300032767,19,3,2013,8,1,66,136,2,1,1,3,"., LANGUEDOC (AVENUE DU",42.72567,2.88749
201300032768,21,3,2013,9,1,66,136,1,1,1,3,"., FAUCEILLE (CHEMIN DE",42.67305,2.8917
201300032769,20,3,2013,16,1,66,136,1,2,1,3,"., FLACHAT (EUGENE)",42.73398,2.89684
201300032770,21,3,2013,17,1,66,136,2,2,1,3,"., VIDAL (PIERRE)",42.72243,2.88189
201300032771,21,3,2013,19,2,66,136,2,1,1,2,"., DESNOYE (BOULEVARD DR",42.71065,2.88469
201300032772,24,3,2013,11,1,66,136,2,1,1,3,ALDUY (Paul),42.67821,2.90496
201300032773,22,3,2013,11,1,66,136,2,3,1,3,DALBIEZ (AVENUE VICTOR),42.69051,2.88549
201300032774,25,3,2013,17,1,66,136,2,1,1,3,"140, DALBIEZ (AVENUE VIC",42.67933,2.88157
201300032775,27,3,2013,12,1,66,136,2,1,1,1,"0, JOFFRE (AVENUE DU MAR",42.70397,2.89284
201300032776,2,4,2013,13,1,66,136,2,1,1,6,"0, JULIEN PANCHOT (AVENU",42.68384,2.8644
201300032777,4,4,2013,0,3,66,136,1,1,1,4,Departementale  617,42.71352,2.93064
201300032778,8,4,2013,18,1,66,136,2,1,1,7,"57, MAILLOLES (CHEMIN)",42.68464,2.87903
201300032779,10,4,2013,18,1,66,136,2,1,1,6,"1, COQUELICOTS (DES)",42.70399,2.9026
201300032780,16,4,2013,6,1,66,136,2,1,1,6,"6, JULIEN PANCHOT (AVENU",42.69363,2.88733
201300032781,16,4,2013,14,1,66,136,2,1,7,6,"1, DIAZ (NARCISSE VIRGIL",42.71623,2.88841
201300032782,15,4,2013,17,1,66,136,2,1,1,6,"1, LECLERC (AVENUE DU GE",42.70151,2.89276
201300032783,22,4,2013,18,1,66,136,2,1,1,6,"42, CARSALADE-DU-PONT(AV",42.68893,2.89986
201300032784,23,4,2013,14,1,66,136,2,1,1,6,"., ARGELES SUR MER AVENU",42.68382,2.90926
201300032785,27,4,2013,5,5,66,136,2,1,2,6,"100, NUNGESSER-ET-COLI (",42.68308,2.88969
201300032786,29,4,2013,19,1,66,136,2,1,2,6,"2, SOUVENIRS (ALLEE DES)",42.68914,2.89317
201300032787,2,5,2013,13,1,66,136,1,1,1,3,R D 900,0.0,0.0
201300032788,6,5,2013,13,1,66,136,2,1,7,6,"0, CASALS Pau (Av)",42.71766,2.88595
201300032789,6,5,2013,8,1,66,136,1,1,1,1,POU-DE-LES-COULOBRES (CH,42.6655,2.91984
201300032790,7,5,2013,7,1,66,136,2,1,1,3,JULIEN PANCHOT (AVENUE),42.69282,2.88586
201300032791,6,5,2013,17,1,66,136,2,2,1,3,"0, RACINE (JEAN)",42.70096,2.9006
201300032792,11,5,2013,13,1,66,136,2,1,1,6,"0, R D 900",42.70256,2.79228
201300032793,13,5,2013,6,2,66,136,2,1,1,3,"0, BRUXELLES (AVENUE DE",42.68793,2.84965
201300032794,13,5,2013,15,1,66,136,2,1,1,2,"., ALDUY (Paul)",42.67936,2.90416
201300032795,15,5,2013,15,1,66,136,2,1,1,2,"., GUYNEMER (AVENUE GEOR",42.69454,2.90415
201300032796,19,5,2013,7,2,66,136,1,1,1,6,"16, POUDRIERE (CHEMIN DE",42.70908,2.89546
201300032797,24,5,2013,20,2,66,136,2,1,1,3,"68, DELORME (PHILIBERT)",42.69312,2.92454
201300032798,28,5,2013,14,1,66,136,2,1,2,6,"., KENNEDY (BD JOHN-FITZ",42.68841,2.90439
201300032799,13,5,2013,14,1,66,136,2,1,1,3,"., DESNOYE (BOULEVARD DR",42.70871,2.88593
201300032800,1,6,2013,15,1,66,136,2,1,6,6,"20, REMPARTS-LA-REAL (DE",42.69733,2.89714
201300032801,4,6,2013,17,1,66,136,2,1,1,6,"., JOFFRE (AVENUE DU MAR",42.70298,2.89324
201300032802,6,6,2013,17,1,66,136,2,1,1,6,"., CLEMENCEAU (BOULEVARD",42.70041,2.89025
201300032803,7,6,2013,19,1,66,136,2,1,1,6,"11, PAYRA (JEAN)",42.69827,2.89329
201300032804,11,6,2013,9,1,66,136,2,1,1,2,RD 900,0.0,0.0
201300032805,11,6,2013,18,1,66,136,2,1,1,6,"., NUNGESSER-ET-COLI (BO",42.68147,2.8934
201300032806,12,6,2013,12,1,66,136,1,1,1,3,RD 914,0.0,0.0
201300032807,18,6,2013,12,1,66,136,2,1,1,6,"36, DAGOBERT (LUC)",42.69468,2.89148
201300032808,19,6,2013,13,1,66,136,2,1,1,6,"0, ESCARGUEL (COURS LAZA",42.69999,2.88662
201300032809,19,6,2013,7,1,66,136,2,1,1,1,"0, DESNOYE (BOULEVARD DR",42.70386,2.88279
201300032810,20,6,2013,12,1,66,136,2,1,1,1,"0, BIOT JEAN BAPTISTE",42.73425,2.90029
201300032811,14,6,2013,14,1,66,136,2,1,1,6,"18, TAULIS (DE)",42.68122,2.90327
201300032812,29,6,2013,0,5,66,136,2,1,1,3,"., TORREILLES (AV DU DOC",42.68695,2.87436
201300032813,29,6,2013,1,3,66,136,1,1,1,7,"., R D 900",0.0,0.0
201300032814,8,7,2013,9,1,66,136,2,1,1,2,"13, AUGUSTINS DES",42.69754,2.89463
201300032815,15,7,2013,17,1,66,136,2,1,1,6,"320, JOFFRE (AVENUE DU M",42.72047,2.88637
201300032816,18,7,2013,0,5,66,136,2,1,1,3,"0, LANCASTER (PLACE DE)",42.71594,2.88802
201300032817,20,7,2013,21,1,66,136,2,2,1,3,", ESCARGUEL (COURS LAZAR",42.69736,2.88777
201300032818,22,7,2013,12,1,66,136,2,1,1,6,"0, PALAIS-DES-EXPO (AVEN",42.70882,2.90484
201300032819,28,7,2013,21,5,66,136,2,1,1,6,PALAIS-DES-EXPO (AVENUE,42.70436,2.89254
201300032820,7,8,2013,13,1,66,136,2,1,1,6,"., BLANC AVENUE ROSETTE",42.69885,2.90571
201300032821,8,8,2013,19,1,66,136,1,1,1,7,"., JEAN JACQUES ROCADE",42.70154,2.90925
201300032822,9,8,2013,2,3,66,136,1,1,1,7,Departementale  617,0.0,0.0
201300032823,12,8,2013,6,1,66,136,2,1,1,3,"0, FRANCE LIBRE (BOULEVA",42.70509,2.90186
201300032824,11,8,2013,15,1,66,136,2,1,1,2,"0, SAINT-ROCH (CHEMIN DE",42.68776,2.90857
201300032825,13,8,2013,11,1,66,136,1,1,1,3,"0, R D 900",0.0,0.0
201300032826,16,8,2013,14,1,66,136,2,1,1,3,"0, R D 900",0.0,0.0
201300032827,20,8,2013,18,2,66,136,2,1,1,3,"0, CAMUS AVENUE ALBERT",42.69115,2.90776
201300032828,21,8,2013,18,1,66,136,2,1,1,6,CLEMENCEAU (BOULEVARD),42.7003,2.88965
201300032829,28,8,2013,22,5,66,136,2,1,1,2,BALEARES ROND POINT ET C,42.68867,2.89504