Num_Acc,jour,mois,an,hr,condition_eclairage,departement,commune,condition_agglomeration,intersection,condition_atmosphere,type_collision,adresse,lattitude,longitude
201300032830,3,9,2013,18,1,66,136,2,1,1,2,"., ARGELES SUR MER AVENU",42.68331,2.90945
201300032831,8,9,2013,2,3,66,136,1,1,1,6,Departementale  617,0.0,0.0
201300032832,9,9,2013,17,1,66,136,2,1,1,2,"., BLANC AVENUE ROSETTE",42.69942,2.91672
201300032833,11,9,2013,17,1,66,136,2,1,1,6,"7 b, AERODROME AVENUE DE",42.72144,2.88552
201300032834,16,9,2013,16,1,66,136,1,1,1,1,"., ANCIEN CHEMIN DE BAIX",42.70948,2.87528
201300032835,6,9,2013,12,1,66,136,2,1,1,6,"., ALBERT MARCELLIN",42.69073,2.8911
201300032836,18,9,2013,21,5,66,136,2,1,1,3,"., JARDINS SAINT-JACQUES",42.70301,2.90929
201300032837,20,9,2013,16,1,66,136,2,1,1,3,"., ROUDAYRE (AVENUE EMIL",42.70698,2.90008
201300032838,25,9,2013,8,1,66,136,2,1,1,3,FAUCEILLE (CHEMIN DE LA),42.67245,2.89107
201300032839,26,9,2013,23,3,66,136,2,1,1,1,"., FRANCE LIBRE (BOULEVA",42.70249,2.8919
201300032840,29,9,2013,20,2,66,136,2,1,1,3,"., FRANCE LIBRE (BOULEVA",42.70428,2.89739
201300032841,3,10,2013,22,3,66,136,2,1,1,2,Departementale  617,42.71026,2.918
201300032842,5,10,2013,3,5,66,136,2,1,1,1,"., JULIEN PANCHOT (AVENU",42.68369,2.8641
201300032843,7,10,2013,15,1,66,136,2,2,1,3,"., BERGES ARISTIDE",42.73116,2.89239
201300032844,9,10,2013,9,1,66,136,2,1,1,3,"0, BIGORRE LA",42.68763,2.89872
201300032845,9,10,2013,12,1,66,136,2,1,1,3,"., CARREL (AVENUE DU DOC",42.67962,2.90406
201300032846,14,10,2013,16,1,66,136,2,1,1,6,"., MASSOT (PAUL)",42.69585,2.88393
201300032847,20,10,2013,2,4,66,136,2,1,1,1,R D 900,42.66497,2.88385
201300032848,22,10,2013,10,1,66,136,2,1,1,6,"60, REMPART-VILLENEUVE",42.69932,2.88976
201300032849,22,10,2013,18,3,66,136,2,6,1,3,"., AMSTERDAM ( ROND POIN",42.68172,2.85213
201300032850,27,10,2013,9,1,66,136,2,1,1,3,"0, ARGELES SUR MER AVENU",42.68114,2.91059
201300032851,27,10,2013,18,1,66,136,2,1,1,3,WILSON (BOULEVARD THOMAS,42.70186,2.8957
201300032852,6,11,2013,10,1,66,136,2,1,1,6,"31, MERCADER (BOULEVARD",42.69261,2.89194
201300032853,9,11,2013,17,2,66,136,2,1,1,6,"34, TORCATIS (AVENUE LOU",42.69261,2.89195
201300032854,14,11,2013,12,1,66,136,2,1,1,3,LANGUEDOC (AVENUE DU CD,42.73132,2.88917
201300032855,18,11,2013,15,1,66,136,1,1,3,2,departementale 914,0.0,0.0
201300032856,11,11,2013,13,1,66,136,2,6,1,3,"., LANCASTER (PLACE DE)",42.68136,2.89355
201300032857,22,11,2013,10,1,66,136,2,1,1,6,"., KENNEDY (BD JOHN-FITZ",42.68702,2.90609
201300032858,26,11,2013,16,1,66,136,2,1,1,2,Bd Fr Mistral,42.69869,2.90543
201300032859,29,11,2013,19,5,66,136,2,1,1,3,DALBIEZ AVENUE VICTOr,42.68714,2.88208
201300032860,1,12,2013,23,5,66,136,2,1,1,2,"., ESPAGNE (ROUTE D')",42.68724,2.89545
201300032861,5,12,2013,13,1,66,136,2,2,1,3,PYRENEES (BOULEVARD DES),42.69683,2.88824
201300032862,4,12,2013,17,5,66,136,2,1,1,3,"1499, LANGUEDOC (AVENUE",42.74048,2.8918
201300032863,5,12,2013,15,1,66,136,2,1,1,3,LANGUEDOC (AVENUE DU CD,42.73785,2.8911
201300032864,9,12,2013,8,1,66,136,2,1,1,3,GUYNEMER (AVENUE GEORGES,42.69322,2.90393
201300032865,9,12,2013,10,1,66,136,2,1,1,3,ESCARGUEL (COURS LAZARE),42.69905,2.88697
201300032866,10,12,2013,9,1,66,136,2,2,1,3,JULIEN PANCHOT (AVENUE),42.68662,2.8695
201300032867,14,12,2013,14,1,66,136,2,1,1,6,ROMARINS (DES),42.68902,2.88825
201300032868,15,12,2013,16,1,66,136,2,2,1,3,WALDECK-ROUSSEAU (RENE),42.694,2.90246
201300032869,15,12,2013,7,2,66,136,2,1,1,1,"., ARCADES (RD POINT)",42.67403,2.8877
201300032870,16,12,2013,10,1,66,136,2,1,1,6,"., ESPAGNE (ROUTE D')",42.68724,2.89554
201300032871,16,12,2013,16,1,66,136,2,1,1,6,"27, LYCEE (AVENUE)",42.69438,2.88874
201300032872,17,12,2013,12,1,66,136,2,1,1,6,SALANQUE (AVENUE DE),42.7278,2.90555
201300032873,19,12,2013,14,1,66,136,2,2,2,3,MERMOZ (AVENUE JEAN),42.69422,2.91316
201300032874,24,12,2013,16,1,66,136,2,1,1,6,"7, KENNEDY (BD JOHN-FITZ",42.68991,2.9025
201300032875,5,1,2013,15,1,67,180,2,1,9,1,SPITZACKER (RUE),0.0,0.0
201300032876,9,1,2013,17,3,67,180,1,1,2,4,RD 1062,0.0,0.0
201300032877,13,1,2013,2,5,67,180,2,9,1,1,"72, BISCHWILLER (ROUTE D",0.0,0.0
201300032878,7,2,2013,7,2,67,180,1,1,8,1,RD 1063,0.0,0.0
201300032879,16,2,2013,7,2,67,180,1,1,5,1,RD 27,0.0,0.0
201300032880,28,3,2013,17,1,67,180,1,1,1,6,WEITBRUCH (ROUTE DE) (WE,0.0,0.0
201300032881,6,4,2013,15,1,67,180,2,1,1,6,DESIRE BRUMBT (PLACE),0.0,0.0
201300032882,19,4,2013,9,1,67,180,2,2,8,3,BITCHE (ROUTE DE),0.0,0.0
201300032883,24,4,2013,6,1,67,180,2,1,1,7,CHATEAU FIAT (RUE DU),0.0,0.0
201300032884,12,5,2013,18,1,67,180,1,2,1,3,RD263,0.0,0.0
201300032885,7,7,2013,15,1,67,180,2,2,1,1,BITCHE (ROUTE DE),0.0,0.0
201300032886,1,8,2013,19,1,67,180,2,2,1,1,PROFESSEUR RENE LERICHE,0.0,0.0
201300032887,14,8,2013,15,1,67,180,2,2,1,3,"101, CHATEAU FIAT (RUE D",0.0,0.0
201300032888,7,9,2013,0,5,67,180,2,1,1,3,"48, MARIENTHAL (ROUTE DE",0.0,0.0
201300032889,21,10,2013,7,3,67,180,1,1,1,1,RD 1062,0.0,0.0
201300032890,2,1,2013,16,1,67,462,2,1,1,6,"01, GRENOUILLES (RUE DES",0.0,0.0
201300032891,3,3,2013,16,1,67,462,2,2,1,6,"01, PORTE DE STRASBOURG",0.0,0.0
201300032892,5,5,2013,15,1,67,462,1,1,1,2,MARCKOLSHEIM (ROUTE DE),0.0,0.0
201300032893,16,5,2013,13,1,67,462,2,1,8,6,"5, MOZART (RUE)",0.0,0.0
201300032894,24,11,2013,16,2,67,462,2,2,1,1,"01, GENERAL DE GAULLE (A",0.0,0.0
201300032895,27,11,2013,7,1,67,462,2,2,1,6,"01, SAINTE ODILE (RUE)",0.0,0.0
201300032896,3,1,2013,13,1,67,482,2,1,1,6,"0, PIERRE NUSS (RUE)",0.0,0.0
201300032897,2,1,2013,17,5,67,482,2,2,1,1,RATHSAMHAUSEN (RUE DE),0.0,0.0
201300032898,3,1,2013,17,5,67,482,2,1,1,2,"10, RICHARD WAGNER (RUE)",0.0,0.0
201300032899,4,1,2013,19,5,67,447,2,3,1,3,"0, GENERAL DE GAULLE (RO",0.0,0.0
201300032900,4,1,2013,20,5,67,365,2,1,1,2,"0, GEISPOLSHEIM (RUE DE)",0.0,0.0
201300032901,4,1,2013,22,5,67,482,2,3,1,3,RHIN (ROUTE DU),0.0,0.0
201300032902,5,1,2013,1,5,67,482,2,2,1,3,"0, RHIN (ROUTE DU)",0.0,0.0
201300032903,7,1,2013,14,1,67,482,2,3,1,3,"0, BRION (RUE AUGUSTE)",0.0,0.0
201300032904,8,1,2013,17,5,67,482,2,1,1,2,"10, SAINTE MARGUERITE (R",0.0,0.0
201300032905,9,1,2013,22,5,67,447,2,2,2,2,"0, GENERAL DE GAULLE (RO",0.0,0.0
201300032906,10,1,2013,8,1,67,482,2,1,2,6,"16, LAUTH (RUE)",0.0,0.0
201300032907,10,1,2013,13,1,67,447,2,1,8,6,"18, LAMARTINE (RUE)",0.0,0.0
201300032908,12,1,2013,2,5,67,482,2,1,2,6,"7, PECHEURS (QUAI DES)",0.0,0.0
201300032909,12,1,2013,18,5,67,482,2,1,2,3,"8, RIBEAUVILLE (RUE DE)",0.0,0.0
201300032910,14,1,2013,8,1,67,447,2,3,4,4,GENERAL DE GAULLE (ROUTE,0.0,0.0
201300032911,14,1,2013,18,1,67,218,2,1,1,6,"21, ROSEAUX (RUE DES)",0.0,0.0
201300032912,15,1,2013,13,1,67,482,2,1,4,3,"0, RENE CASSIN (ALLEE)",0.0,0.0
201300032913,16,1,2013,17,5,67,482,2,2,1,6,"0, PETITES FERMES (RUE D",0.0,0.0
201300032914,18,1,2013,16,1,67,482,2,1,1,3,"34, HOPITAL (ROUTE DE L",0.0,0.0
201300032915,19,1,2013,10,1,67,482,2,2,4,3,"0, PECHEURS (QUAI DES)",0.0,0.0
201300032916,20,1,2013,8,1,67,482,2,1,4,6,"19, ROMAINS (PLACE DES)",0.0,0.0
201300032917,23,1,2013,9,1,67,482,2,2,8,3,"0, LIBERTE (AVENUE DE LA",0.0,0.0
201300032918,23,1,2013,12,1,67,482,2,1,8,6,"0, FEDERATION (ROUTE DE",0.0,0.0
201300032919,28,1,2013,11,1,67,482,2,1,1,3,"86, JESUITES (RUE DES)",0.0,0.0
201300032920,30,1,2013,11,1,67,482,2,1,2,6,"0, COUBERTIN (RUE PIERRE",0.0,0.0
201300032921,31,1,2013,17,5,67,482,2,1,1,6,"0, MOLSHEIM (RUE DE)",0.0,0.0
201300032922,1,2,2013,7,2,67,482,2,2,2,3,SCHUTZENBERGER (AVENUE),0.0,0.0
201300032923,1,2,2013,9,1,67,482,2,1,2,3,"3, CHARLES PEGUY (RUE)",0.0,0.0
201300032924,1,2,2013,18,5,67,482,2,3,2,3,"0, FUSTEL DE COULANGES (",0.0,0.0
201300032925,1,2,2013,19,5,67,447,2,1,3,6,"14, EUROPE (AVENUE DE L",0.0,0.0
201300032926,1,2,2013,20,5,67,447,2,2,3,3,"0, PIERRE MENDES FRANCE",0.0,0.0
201300032927,3,2,2013,7,1,67,482,2,2,1,3,"0, VOSGES (AVENUE DES)",0.0,0.0
201300032928,5,2,2013,21,5,67,482,2,1,2,3,"0, TRAVAIL (RUE DU)",0.0,0.0
201300032929,7,2,2013,19,5,67,482,2,1,1,2,"0, VICTOIRE (BOULEVARD D",0.0,0.0
201300032930,8,2,2013,8,1,67,204,2,1,2,3,"30, BRUMATH (ROUTE DE)",0.0,0.0
201300032931,8,2,2013,17,2,67,482,2,1,1,6,"0, MARAIS VERT (RUE DU)",0.0,0.0
201300032932,8,2,2013,17,5,67,482,2,1,1,3,"29, AMPERE (RUE)",0.0,0.0
201300032933,9,2,2013,7,1,67,482,2,1,1,3,"179, MITTELHAUSBERGEN (R",0.0,0.0
201300032934,11,2,2013,4,5,67,218,2,1,1,3,"0, ALFRED KASTLER (ROUTE",0.0,0.0
201300032935,11,2,2013,19,5,67,218,2,3,4,3,"0, GOUNOD (RUE)",0.0,0.0
201300032936,13,2,2013,17,5,67,482,2,2,1,6,"0, LANDSBERG (RUE DU)",0.0,0.0
201300032937,13,2,2013,17,5,67,482,2,1,1,6,"0, SEBASTOPOL (RUE DE)",0.0,0.0
201300032938,14,2,2013,19,5,67,482,2,1,1,3,"51, SCHIRMECK (ROUTE DE)",0.0,0.0
201300032939,15,2,2013,7,1,67,482,2,1,4,3,"317, LA WANTZENAU (ROUTE",0.0,0.0
201300032940,15,2,2013,11,1,67,43,2,1,1,6,"78B, PERIGUEUX (AVENUE D",0.0,0.0
201300032941,15,2,2013,19,5,67,482,2,1,2,3,"8, BEULENWOERTH (CHEMIN",0.0,0.0
201300032942,16,2,2013,18,5,67,482,2,3,1,6,"0, ALPES (QUAI DES)",0.0,0.0
201300032943,20,2,2013,10,1,67,482,2,3,1,3,"0, RHIN (ROUTE DU)",0.0,0.0
201300032944,21,2,2013,13,1,67,267,2,1,1,6,"1, GENERAL DE GAULLE (RU",0.0,0.0
201300032945,23,2,2013,22,5,67,482,2,1,4,6,"55, MITTELHAUSBERGEN (RO",0.0,0.0
201300032946,25,2,2013,13,1,67,218,2,1,1,4,"0, ALFRED KASTLER (ROUTE",0.0,0.0
201300032947,1,3,2013,12,1,67,482,2,3,1,3,"46, MEINAU (ROUTE DE LA)",0.0,0.0
201300032948,3,3,2013,16,1,67,482,2,2,1,3,"21, LAVOISIER (RUE)",0.0,0.0
201300032949,4,3,2013,7,1,67,204,1,1,1,3,"0, TROIS MAIRES (RUE DES",0.0,0.0
201300032950,4,3,2013,18,5,67,482,2,1,1,3,"0, SCHIRMECK (ROUTE DE)",0.0,0.0
201300032951,4,3,2013,21,5,67,482,2,2,1,3,"0, ZIEGELAU (RUE DE LA)",0.0,0.0
201300032952,5,3,2013,17,1,67,482,2,1,1,6,"0, WELSCH (RUE)",0.0,0.0
201300032953,5,3,2013,21,5,67,43,2,2,1,3,"0, BISCHWILLER (ROUTE DE",0.0,0.0
201300032954,6,3,2013,19,5,67,447,2,1,1,2,"19, GLACIERE (RUE DE LA)",0.0,0.0
201300032955,7,3,2013,8,1,67,482,2,1,1,3,"42, GEILER (RUE)",0.0,0.0
201300032956,9,3,2013,10,1,67,482,2,2,1,6,"7, DORDOGNE (BOULEVARD D",0.0,0.0
201300032957,9,3,2013,15,1,67,482,2,1,2,3,"0, BELGES (QUAI DES)",0.0,0.0
201300032958,10,3,2013,18,5,67,482,2,2,2,3,"0, FRAN?OIS MITTERRAND (",0.0,0.0
201300032959,11,3,2013,8,1,67,447,2,3,8,2,"0, GENERAL DE GAULLE (RO",0.0,0.0
201300032960,11,3,2013,16,1,67,482,2,1,2,4,"46-48, HOPITAL (ROUTE DE",0.0,0.0
201300032961,11,3,2013,18,5,67,482,2,1,1,3,"0, RENE CASSIN (ALLEE)",0.0,0.0
201300032962,12,3,2013,23,5,67,482,2,2,8,6,"14, WASSELONNE (RUE DE)",0.0,0.0
201300032963,13,3,2013,7,1,67,482,2,2,1,3,"0, GENERAL OFFENSTEIN (R",0.0,0.0
201300032964,13,3,2013,15,1,67,218,2,2,4,3,"0, STRASBOURG (ROUTE DE)",0.0,0.0
201300032965,13,3,2013,16,1,67,482,2,5,8,5,"0, VOSGES (AVENUE DES)",0.0,0.0
201300032966,14,3,2013,16,1,67,43,2,1,8,6,"59, BISCHWILLER (ROUTE D",0.0,0.0
201300032967,15,3,2013,19,2,67,482,2,1,1,2,"36, MOLSHEIM (RUE DE)",0.0,0.0
201300032968,16,3,2013,13,1,67,204,2,1,1,3,"25, REPUBLIQUE (RUE DE L",0.0,0.0
201300032969,16,3,2013,20,5,67,482,2,3,1,3,"0, BRIGADE ALSACE LORRAI",0.0,0.0
201300032970,17,3,2013,13,1,67,482,2,1,2,2,"0, RHIN TORTU (RUE DU)",0.0,0.0
201300032971,17,3,2013,14,1,67,482,2,2,3,6,"7, DUNTZENHEIM (RUE DE)",0.0,0.0
201300032972,17,3,2013,22,5,67,482,2,2,2,3,"0, JEAN JAURES (AVENUE)",0.0,0.0
201300032973,20,3,2013,14,1,67,447,2,1,1,3,"0, PIERRE MENDES FRANCE",0.0,0.0
201300032974,22,3,2013,10,1,67,482,2,1,1,3,"0, UNIVERSITE (RUE DE L",0.0,0.0
201300032975,22,3,2013,13,1,67,482,2,2,1,3,"0, COMMANDANT FRANCOIS (",0.0,0.0
201300032976,22,3,2013,21,5,67,43,2,2,1,3,"0, BRUMATH (ROUTE DE)",0.0,0.0
201300032977,24,3,2013,2,5,67,482,2,3,1,3,REPUBLIQUE (PLACE DE LA),0.0,0.0
201300032978,27,3,2013,14,1,67,482,2,1,1,2,"0, KOENIGSHOFFEN (RUE DE",0.0,0.0
201300032979,27,3,2013,19,5,67,482,2,1,1,4,"0, RHIN (ROUTE DU)",0.0,0.0
201300032980,28,3,2013,8,1,67,482,2,1,1,6,"0, COLMAR (AVENUE DE)",0.0,0.0
201300032981,28,3,2013,14,1,67,43,2,1,1,6,"43, BRUMATH (ROUTE DE)",0.0,0.0
201300032982,28,3,2013,15,1,67,482,2,1,1,6,"9, GARE (PLACE DE LA)",0.0,0.0
201300032983,28,3,2013,18,1,67,482,2,1,1,3,"0, PREMIERE ARMEE (RUE D",0.0,0.0
201300032984,30,3,2013,15,1,67,482,2,1,1,7,"190, UNTERELSAU (RUE DE",0.0,0.0
201300032985,30,3,2013,12,1,67,482,2,1,1,3,PAUL ELUARD (RUE),0.0,0.0
201300032986,31,3,2013,3,4,67,482,2,1,1,2,"0, HERRENSCHMIDT (AVENUE",0.0,0.0
201300032987,1,4,2013,16,1,67,482,2,1,1,3,"81, LA ROCHELLE (RUE DE)",0.0,0.0
201300032988,1,4,2013,20,5,67,482,2,1,1,6,"28, ORBEY (RUE D )",0.0,0.0
201300032989,3,4,2013,16,1,67,482,2,2,1,3,"0, CLEMENCEAU (BOULEVARD",0.0,0.0
201300032990,4,4,2013,22,5,67,43,2,2,1,3,"0, BRUMATH (ROUTE DE)",0.0,0.0
201300032991,5,4,2013,13,1,67,447,2,1,1,6,"0, 23 NOVEMBRE (AVENUE D",0.0,0.0
201300032992,5,4,2013,17,1,67,482,2,1,1,2,"3, GENERAL KOENIG (QUAI",0.0,0.0
201300032993,6,4,2013,0,5,67,482,2,3,1,3,"0, MITTELHAUSBERGEN (ROU",0.0,0.0
201300032994,6,4,2013,21,5,67,482,2,2,1,6,"0, OBERHAUSBERGEN (ROUTE",0.0,0.0
201300032995,7,4,2013,16,1,67,482,2,1,1,6,"40, MATHIAS GRUNEWALD (R",0.0,0.0
201300032996,8,4,2013,18,1,67,482,2,1,1,3,"0, EGLISE ROUGE (RUE DE",0.0,0.0
201300032997,8,4,2013,23,5,67,482,2,1,1,6,"0, PETIT BROGLIE (PLACE",0.0,0.0
201300032998,9,4,2013,5,5,67,482,2,1,1,6,"0, SCHLUTHFELD (ALLEE DU",0.0,0.0
201300032999,9,4,2013,9,1,67,218,2,1,1,3,"0, NIEDERBOURG (RUE DE L",0.0,0.0
201300033000,9,4,2013,16,1,67,482,2,1,1,3,"0, ANDRE MALRAUX (RUE)",0.0,0.0
201300033001,12,4,2013,14,1,67,482,2,1,1,3,"2, KENTZINGER (RUE)",0.0,0.0
201300033002,13,4,2013,18,1,67,447,2,1,1,3,"0, LAUTER (RUE DE LA)",0.0,0.0
201300033003,16,4,2013,10,1,67,482,2,2,1,3,"0, GOLBERY (PLACE)",0.0,0.0
201300033004,18,4,2013,18,1,67,218,2,2,1,3,"0, VIGNES (RUE DES)",0.0,0.0
201300033005,20,4,2013,6,5,67,482,2,2,1,5,ROMAINS (ROUTE DES),0.0,0.0
201300033006,20,4,2013,10,1,67,482,2,1,2,3,"25, PRESIDENT WILSON (BO",0.0,0.0
201300033007,20,4,2013,18,1,67,482,2,3,1,3,"0, SCHUTZENBERGER (AVENU",0.0,0.0
201300033008,21,4,2013,19,1,67,447,2,2,1,3,"0, EUROPE (AVENUE DE L )",0.0,0.0
201300033009,23,4,2013,9,1,67,482,2,2,1,3,"0, LEZAY MARNESIA (QUAI)",0.0,0.0
201300033010,24,4,2013,8,1,67,482,2,2,1,3,"0, BISCHWILLER (ROUTE DE",0.0,0.0
201300033011,24,4,2013,20,5,67,482,2,1,1,3,"13, MARNE (BOULEVARD DE",0.0,0.0
201300033012,25,4,2013,12,1,67,482,2,2,1,3,GEORGES WODLI (RUE),0.0,0.0
201300033013,25,4,2013,16,1,67,482,2,1,1,6,"0, ALPES (QUAI DES)",0.0,0.0
201300033014,27,4,2013,19,1,67,447,2,2,2,3,"0, PIERRE MENDES FRANCE",0.0,0.0
201300033015,28,4,2013,1,5,67,43,2,1,2,6,"2, PERIGUEUX (AVENUE DE)",0.0,0.0
201300033016,30,4,2013,14,1,67,482,2,2,2,3,"0, VOSGES (AVENUE DES)",0.0,0.0
201300033017,30,4,2013,20,2,67,482,2,1,8,6,"0, MITTELHAUSBERGEN (ROU",0.0,0.0
201300033018,1,5,2013,3,5,67,482,2,3,2,6,"0, ETOILE (PLACE DE L )",0.0,0.0
201300033019,3,5,2013,18,1,67,482,2,2,3,6,"0, KOENIGSHOFFEN (RUE DE",0.0,0.0
201300033020,3,5,2013,19,2,67,482,2,1,2,4,"4, OBERHAUSBERGEN (ROUTE",0.0,0.0
201300033021,6,5,2013,8,1,67,482,2,3,1,6,"0, GERLINDE (RUE)",0.0,0.0
201300033022,6,5,2013,22,5,67,482,2,5,2,3,"0, NANCY (BOULEVARD DE)",0.0,0.0
201300033023,7,5,2013,0,3,67,482,2,2,2,7,"0, LUBECK (RUE DE)",0.0,0.0
201300033024,7,5,2013,9,1,67,43,2,1,1,3,"0, GEORGES BURGER (RUE)",0.0,0.0
201300033025,7,5,2013,11,1,67,482,2,2,1,3,"0, LA WANTZENAU (ROUTE D",0.0,0.0
201300033026,8,5,2013,16,1,67,43,2,1,1,7,"19a, ROBERTSAU (RUE DE L",0.0,0.0
201300033027,11,5,2013,21,5,67,482,2,2,2,3,"0, FAUBOURG DE PIERRE (R",0.0,0.0
201300033028,12,5,2013,2,5,67,482,2,2,2,3,"0, OBERHAUSBERGEN (ROUTE",0.0,0.0
201300033029,13,5,2013,21,5,67,482,2,3,1,3,"0, NORMANDIE (AVENUE DE)",0.0,0.0
201300033030,14,5,2013,12,1,67,482,2,2,1,6,"0, DIVISION LECLERC (RUE",0.0,0.0
201300033031,14,5,2013,14,1,67,482,2,3,1,3,"0, DIVISION LECLERC (RUE",0.0,0.0
201300033032,14,5,2013,19,1,67,482,2,3,1,3,"0, MINOTERIE (RUE DE LA)",0.0,0.0
201300033033,15,5,2013,7,1,67,267,2,1,1,5,"190, MARECHAL FOCH (RUE",0.0,0.0
201300033034,15,5,2013,17,1,67,482,2,1,1,2,"197, SCHIRMECK (ROUTE DE",0.0,0.0
201300033035,16,5,2013,13,1,67,482,2,3,8,6,"0, CHARLES FREY (QUAI)",0.0,0.0
201300033036,17,5,2013,18,1,67,204,2,1,1,1,"90, REPUBLIQUE (RUE DE L",0.0,0.0
201300033037,20,5,2013,13,1,67,482,2,1,3,3,"0, PAUL VERLAINE (RUE)",0.0,0.0
201300033038,20,5,2013,20,5,67,482,2,1,2,4,"7, PETIT MARAIS (RUE DU)",0.0,0.0
201300033039,24,5,2013,6,1,67,482,2,6,1,3,"0, CHARLES PEGUY (RUE)",0.0,0.0
201300033040,24,5,2013,12,1,67,218,2,1,1,3,"11, INDUSTRIE (RUE DE L",0.0,0.0
201300033041,25,5,2013,14,1,67,482,2,1,1,6,"9, ALBERT EINSTEIN (RUE)",0.0,0.0
201300033042,25,5,2013,15,1,67,482,2,3,1,3,"0, REPUBLIQUE (PLACE DE",0.0,0.0
201300033043,25,5,2013,18,1,67,43,2,1,1,1,"4, ECOLE (RUE DE L )",0.0,0.0
201300033044,27,5,2013,14,1,67,482,2,1,1,6,"9, MARCEL PROUST (RUE)",0.0,0.0
201300033045,28,5,2013,20,2,67,447,2,3,2,3,"128, BISCHWILLER (ROUTE",0.0,0.0
201300033046,29,5,2013,21,5,67,204,2,2,2,6,"0, REPUBLIQUE (RUE DE LA",0.0,0.0
201300033047,30,5,2013,23,5,67,482,2,2,1,6,"0, ZELLENBERG (RUE DE)",0.0,0.0
201300033048,31,5,2013,12,1,67,482,2,1,2,6,"0, VICTOIRE (BOULEVARD D",0.0,0.0
201300033049,4,6,2013,18,1,67,447,2,3,1,3,"0, CHARME (RUE DU)",0.0,0.0
201300033050,4,6,2013,18,1,67,218,2,1,1,3,"0, FORT UHRICH (ROUTE DU",0.0,0.0
201300033051,5,6,2013,8,1,67,482,2,1,1,2,"0, ARTHUR RIMBAUD (RUE)",0.0,0.0
201300033052,5,6,2013,20,1,67,482,2,2,1,3,"0, LOUIS PASTEUR (QUAI)",0.0,0.0
201300033053,6,6,2013,12,1,67,482,2,1,1,3,"0, HERRENSCHMIDT (AVENUE",0.0,0.0
201300033054,6,6,2013,14,1,67,482,2,3,1,3,"244, OBERHAUSBERGEN (ROU",0.0,0.0
201300033055,6,6,2013,19,1,67,43,2,2,1,3,"0, BRUMATH (ROUTE DE)",0.0,0.0
201300033056,7,6,2013,3,5,67,482,2,1,1,6,"24, HECHNER (RUE)",0.0,0.0
201300033057,7,6,2013,17,1,67,482,2,3,1,2,"0, LA WANTZENAU (ROUTE D",0.0,0.0
201300033058,7,6,2013,20,1,67,447,2,3,1,6,"20, TRIBUNAL (RUE DU)",0.0,0.0
201300033059,7,6,2013,23,5,67,482,2,1,1,3,"208, ROMAINS (ROUTE DES)",0.0,0.0
201300033060,11,6,2013,11,1,67,482,2,1,1,6,"0, CHARLES PEGUY (RUE)",0.0,0.0
201300033061,11,6,2013,13,1,67,447,2,1,1,6,"69, BISCHWILLER (ROUTE D",0.0,0.0
201300033062,12,6,2013,16,1,67,482,2,1,1,3,"208, ROMAINS (ROUTE DES)",0.0,0.0
201300033063,12,6,2013,18,1,67,482,2,1,1,6,"75, ZIEGELAU (RUE DE LA)",0.0,0.0
201300033064,14,6,2013,13,1,67,482,1,3,1,3,GENERAL OFFENSTEIN (RUE,0.0,0.0
201300033065,15,6,2013,4,5,67,482,2,2,1,3,"0, ALFRED KASTLER (RUE)",0.0,0.0
201300033066,16,6,2013,17,1,67,482,2,2,1,3,"0, PONT DE L EUROPE (AVE",0.0,0.0
201300033067,19,6,2013,18,1,67,365,2,1,1,3,"26, MARECHAL FOCH (RUE D",0.0,0.0
201300033068,20,6,2013,19,1,67,482,2,1,1,3,"17, JACQUES PREISS (BOUL",0.0,0.0
201300033069,21,6,2013,16,1,67,482,2,1,1,3,"0, HURTIGHEIM (RUE DE)",0.0,0.0
201300033070,21,6,2013,17,1,67,447,2,3,1,3,"0, GENERAL DE GAULLE (RO",0.0,0.0
201300033071,21,6,2013,18,1,67,482,2,3,1,6,"0, RHIN (ROUTE DU)",0.0,0.0
201300033072,24,6,2013,16,1,67,218,2,4,1,3,ESCHAU (ROUTE D ),0.0,0.0
201300033073,24,6,2013,16,1,67,482,2,1,1,6,PETIT MARAIS (RUE DU),0.0,0.0
201300033074,25,6,2013,21,1,67,482,2,1,2,6,"0, PIERRE CORNEILLE (AVE",0.0,0.0
201300033075,26,6,2013,19,2,67,218,2,1,1,3,"0, 23 NOVEMBRE (RUE DU)",0.0,0.0
201300033076,28,6,2013,17,1,67,365,2,1,1,6,"13, ILLKIRCH (RUE D)",0.0,0.0
201300033077,29,6,2013,15,1,67,482,2,1,1,5,RHIN (ROUTE DU),0.0,0.0
201300033078,29,6,2013,18,2,67,447,2,1,1,6,"0, TRIBUNAL (RUE DU)",0.0,0.0
201300033079,1,7,2013,1,5,67,482,2,1,1,7,"0, MOLSHEIM (RUE DE)",0.0,0.0
201300033080,1,7,2013,12,1,67,482,2,1,1,6,"0, BROGLIE (PLACE)",0.0,0.0
201300033081,1,7,2013,7,1,67,482,2,3,1,3,"0, RHIN (ROUTE DU)",0.0,0.0
201300033082,1,7,2013,18,1,67,267,2,1,1,5,"78, MARECHAL FOCH (RUE D",0.0,0.0
201300033083,2,7,2013,18,1,67,482,2,1,1,3,"0, ORBEY (RUE D )",0.0,0.0
201300033084,2,7,2013,21,2,67,204,2,2,1,3,"0, BRUMATH (ROUTE DE)",0.0,0.0
201300033085,3,7,2013,18,1,67,204,2,3,1,3,"43, MARECHAL LECLERC (RU",0.0,0.0
201300033086,4,7,2013,8,1,67,482,2,1,1,3,"0, OBERHAUSBERGEN (ROUTE",0.0,0.0
201300033087,4,7,2013,14,1,67,482,2,1,1,3,"0, BORDEAUX (PLACE DE)",0.0,0.0
201300033088,5,7,2013,10,1,67,218,2,1,1,3,"6, STRASBOURG (ROUTE DE)",0.0,0.0
201300033089,5,7,2013,20,1,67,218,1,2,1,3,"0, FORT UHRICH (ROUTE DU",0.0,0.0
201300033090,5,7,2013,22,5,67,482,2,2,1,3,"0, SELESTAT (RUE DE)",0.0,0.0