Num_Acc,jour,mois,an,hr,condition_eclairage,departement,commune,condition_agglomeration,intersection,condition_atmosphere,type_collision,adresse,lattitude,longitude
201300033091,6,7,2013,13,1,67,447,2,1,1,3,"3A, MARAIS (RUE DU)",0.0,0.0
201300033092,7,7,2013,21,2,67,267,2,1,1,6,"190, MARECHAL FOCH (RUE",0.0,0.0
201300033093,8,7,2013,13,1,67,482,2,1,1,6,"56, SCHIRMECK (ROUTE DE)",0.0,0.0
201300033094,9,7,2013,9,1,67,482,2,3,1,6,"22, PREMIERE ARMEE (RUE",0.0,0.0
201300033095,9,7,2013,22,5,67,43,2,2,1,3,BISCHWILLER (ROUTE DE),0.0,0.0
201300033096,10,7,2013,8,1,67,482,2,1,1,6,"16, STEINBOURG (RUE DE)",0.0,0.0
201300033097,10,7,2013,11,1,67,482,2,3,1,6,"0, LANDSBERG (RUE DU)",0.0,0.0
201300033098,11,7,2013,20,1,67,218,2,1,1,3,"0, RHIN (ROUTE DU)",0.0,0.0
201300033099,12,7,2013,23,4,67,482,1,1,1,6,"0, CHATELET DE LA FORET",0.0,0.0
201300033100,13,7,2013,10,1,67,482,2,2,1,3,"0, SOULTZ (RUE DE)",0.0,0.0
201300033101,13,7,2013,17,1,67,482,2,1,1,6,"79, ROMAINS (ROUTE DES)",0.0,0.0
201300033102,14,7,2013,23,5,67,482,2,2,1,3,"0, MITTELHAUSBERGEN (ROU",0.0,0.0
201300033103,17,7,2013,16,1,67,482,2,2,1,6,"0, GENERAL KOENIG (QUAI",0.0,0.0
201300033104,18,7,2013,20,1,67,447,2,1,1,6,"1, ALPHONSE ADAM (RUE)",0.0,0.0
201300033105,20,7,2013,11,1,67,482,2,1,1,1,"0, BELGES (QUAI DES)",0.0,0.0
201300033106,20,7,2013,13,1,67,482,2,1,1,1,"0, ALFRED KASTLER (RUE)",0.0,0.0
201300033107,23,7,2013,19,1,67,482,2,1,1,3,"0, MARCEL PROUST (RUE)",0.0,0.0
201300033108,21,7,2013,19,1,67,482,2,1,1,5,"0, FEDERATION (ROUTE DE",0.0,0.0
201300033109,21,7,2013,22,5,67,482,2,1,1,6,"0, HORACE (RUE)",0.0,0.0
201300033110,24,7,2013,7,1,67,482,2,2,1,6,"0, CANONNIERS (RUE DES)",0.0,0.0
201300033111,25,7,2013,19,1,67,218,2,2,1,3,"0, RAISIN (RUE DU)",0.0,0.0
201300033112,25,7,2013,21,2,67,482,2,1,1,3,"146, ROMAINS (ROUTE DES)",0.0,0.0
201300033113,26,7,2013,16,1,67,218,2,1,1,6,"150, ILLKIRCH",0.0,0.0
201300033114,31,7,2013,20,2,67,43,2,2,1,6,"0, ROBERT KIEFFER (RUE)",0.0,0.0
201300033115,1,8,2013,0,5,67,482,2,3,1,3,"0, ROMAINS (ROUTE DES)",0.0,0.0
201300033116,1,8,2013,1,5,67,482,2,2,1,3,"0, FORGET (RUE)",0.0,0.0
201300033117,1,8,2013,8,1,67,482,2,1,1,3,"62, LAZARET (RUE DU)",0.0,0.0
201300033118,2,8,2013,10,1,67,447,2,2,1,3,"0, GENERAL DE GAULLE (RO",0.0,0.0
201300033119,2,8,2013,15,1,67,482,2,1,1,6,"33, ALPES (QUAI DES)",0.0,0.0
201300033120,3,8,2013,9,1,67,482,2,1,1,3,"6, OBERHAUSBERGEN (ROUTE",0.0,0.0
201300033121,4,8,2013,0,5,67,218,1,1,1,6,"1, LE CORBUSIER ( RUE )",0.0,0.0
201300033122,4,8,2013,14,1,67,482,2,2,1,3,"0, MOLSHEIM (RUE DE)",0.0,0.0
201300033123,4,8,2013,2,5,67,447,2,1,1,7,"0, PIERRE MENDES FRANCE",0.0,0.0
201300033124,4,8,2013,22,5,67,482,2,1,1,3,"0, VITRY LE FRANCOIS (AV",0.0,0.0
201300033125,7,8,2013,17,1,67,482,2,1,2,3,"22, ORPHELINS (RUE DES)",0.0,0.0
201300033126,8,8,2013,17,1,67,482,2,1,8,3,"15, RHONE (RUE DU)",0.0,0.0
201300033127,8,8,2013,23,5,67,482,2,1,1,6,"0, ILL (RUE DE L )",0.0,0.0
201300033128,9,8,2013,0,5,67,482,2,2,1,3,"0, VOSGES (AVENUE DES)",0.0,0.0
201300033129,10,8,2013,4,5,67,482,2,2,1,6,"0, GUTENBERG (PLACE)",0.0,0.0
201300033130,10,8,2013,16,1,67,482,2,1,1,6,"35, CHARLES PEGUY (RUE)",0.0,0.0
201300033131,12,8,2013,13,1,67,482,2,1,1,1,"12, OBERHAUSBERGEN (ROUT",0.0,0.0
201300033132,12,8,2013,17,1,67,482,2,1,1,3,"0, RHIN NAPOLEON (RUE DU",0.0,0.0
201300033133,16,8,2013,16,1,67,482,2,1,1,2,"40, PRESIDENT WILSON (BO",0.0,0.0
201300033134,17,8,2013,16,1,67,482,2,1,1,3,"26, AUGUSTIN FRESNEL (RU",0.0,0.0
201300033135,17,8,2013,21,5,67,482,2,1,1,7,"27, REUSS (ALLEE)",0.0,0.0
201300033136,17,8,2013,23,5,67,482,2,3,1,1,"0, RUNGIS (RUE DE)",0.0,0.0
201300033137,19,8,2013,11,1,67,482,2,1,1,6,"4, MAIRE KUSS (RUE DU)",0.0,0.0
201300033138,19,8,2013,17,1,67,482,2,1,1,6,"106, ZIEGELAU (RUE DE LA",0.0,0.0
201300033139,20,8,2013,14,1,67,43,2,3,1,3,"1c, BRUMATH (ROUTE DE)",0.0,0.0
201300033140,21,8,2013,7,1,67,482,2,2,1,3,"186, OBERHAUSBERGEN (ROU",0.0,0.0
201300033141,22,8,2013,0,5,67,482,2,1,1,6,"0, NUEE BLEUE (RUE DE LA",0.0,0.0
201300033142,22,8,2013,22,5,67,482,2,2,1,1,"0, DUCS (RUE DES)",0.0,0.0
201300033143,23,8,2013,17,1,67,204,2,2,1,3,"0, STADE (RUE DU)",0.0,0.0
201300033144,28,8,2013,7,1,67,482,2,3,1,3,"0, VIEUX MARCHE AUX VINS",0.0,0.0
201300033145,28,8,2013,22,5,67,482,2,2,1,3,"0, SCHUTZENBERGER (AVENU",0.0,0.0
201300033146,29,8,2013,3,5,67,482,2,1,1,6,"8, RATHSAMHAUSEN (RUE DE",0.0,0.0
201300033147,29,8,2013,14,1,67,482,2,3,1,1,"175, ROMAINS (ROUTE DES)",0.0,0.0
201300033148,30,8,2013,14,1,67,482,2,1,1,6,"249, SCHIRMECK (ROUTE DE",0.0,0.0
201300033149,2,9,2013,8,1,67,482,2,3,1,3,"0, FAUBOURG NATIONAL (RU",0.0,0.0
201300033150,2,9,2013,11,1,67,447,2,3,1,6,"0, SAINT CHARLES (RUE)",0.0,0.0
201300033151,2,9,2013,16,1,67,204,2,2,1,7,"0, BRUMATH (ROUTE DE)",0.0,0.0
201300033152,3,9,2013,12,1,67,267,2,1,1,2,"8, JUIFS (RUE DES)",0.0,0.0
201300033153,3,9,2013,18,1,67,482,2,3,1,3,"0, AUBEPINE (SENTIER DE",0.0,0.0
201300033154,3,9,2013,21,5,67,482,2,3,1,6,"0, POLYGONE (ROUTE DU)",0.0,0.0
201300033155,5,9,2013,15,1,67,482,2,1,1,1,"0, LA ROCHELLE (RUE DE)",0.0,0.0
201300033156,5,9,2013,18,1,67,482,2,2,1,3,"0, RHEINFELD (RUE DE)",0.0,0.0
201300033157,6,9,2013,18,1,67,482,2,3,1,6,"0, DETTWILLER (RUE DE)",0.0,0.0
201300033158,8,9,2013,2,5,67,482,2,1,3,6,"3, DOUBS (RUE DU)",0.0,0.0
201300033159,8,9,2013,17,1,67,365,2,1,1,6,"0, 23 NOVEMBRE (RUE DU)",0.0,0.0
201300033160,9,9,2013,11,1,67,482,2,2,2,3,"0, HOPITAL (PORTE DE L )",0.0,0.0
201300033161,10,9,2013,17,1,67,482,2,9,1,6,"17, NORMANDIE (AVENUE DE",0.0,0.0
201300033162,11,9,2013,13,1,67,447,2,1,2,4,"12, PIERRE MENDES FRANCE",0.0,0.0
201300033163,11,9,2013,16,1,67,482,2,4,3,3,"0, PORTE DE L HOPITAL (R",0.0,0.0
201300033164,12,9,2013,17,1,67,447,2,2,1,3,"0, VIENNE (RUE DE)",0.0,0.0
201300033165,13,9,2013,13,1,67,482,2,1,1,6,"64, FORET NOIRE (AVENUE",0.0,0.0
201300033166,13,9,2013,18,1,67,482,2,1,1,3,"153/155, OBERHAUSBERGEN",0.0,0.0
201300033167,14,9,2013,17,1,67,482,2,2,3,6,"0, PREMIERE ARMEE (RUE D",0.0,0.0
201300033168,16,9,2013,11,1,67,482,2,1,1,4,"99, SCHIRMECK (ROUTE DE)",0.0,0.0
201300033169,18,9,2013,18,2,67,482,2,2,1,3,"4, FINKWILLER (RUE)",0.0,0.0
201300033170,19,9,2013,8,1,67,482,2,2,1,5,"0, ANKARA (RUE D )",0.0,0.0
201300033171,19,9,2013,13,1,67,267,2,1,1,6,"0, GENERAL DE GAULLE (RU",0.0,0.0
201300033172,19,9,2013,18,1,67,482,2,2,1,3,"0, PRESIDENT POINCARE (B",0.0,0.0
201300033173,19,9,2013,20,5,67,218,1,1,1,3,"24, INDUSTRIE (RUE DE L",0.0,0.0
201300033174,19,9,2013,21,5,67,482,2,2,1,3,FUSTEL DE COULANGES (QUA,0.0,0.0
201300033175,19,9,2013,22,5,67,482,2,3,1,3,"0, HUMANN (RUE)",0.0,0.0
201300033176,24,9,2013,19,3,67,482,1,1,1,3,"0, JACOUTOT (QUAI)",0.0,0.0
201300033177,25,9,2013,17,1,67,267,2,1,1,6,"8, CROIX (RUE DE LA)",0.0,0.0
201300033178,25,9,2013,20,5,67,482,2,3,1,6,"0, MOLSHEIM (RUE DE)",0.0,0.0
201300033179,27,9,2013,21,5,67,482,2,1,1,6,RHIN (ROUTE DU),0.0,0.0
201300033180,28,9,2013,18,2,67,482,2,2,1,3,"0, LOUIS PASTEUR (QUAI)",0.0,0.0
201300033181,29,9,2013,2,5,67,447,2,2,1,3,"0, GENERAL DE GAULLE (RO",0.0,0.0
201300033182,1,10,2013,9,1,67,482,2,1,1,6,"5, SENGENWALD (RUE)",0.0,0.0
201300033183,2,10,2013,15,1,67,43,2,1,1,6,"7, REPUBLIQUE (PLACE DE",0.0,0.0
201300033184,3,10,2013,8,1,67,482,2,3,1,3,"9, PONT SCHUHANSEN (RUE",0.0,0.0
201300033185,3,10,2013,13,1,67,482,2,1,1,3,"3, SEBASTIEN BRANT (PLAC",0.0,0.0
201300033186,3,10,2013,17,1,67,267,2,1,1,3,"1, SCHUMANN (AVENUE)",0.0,0.0
201300033187,5,10,2013,4,3,67,218,2,1,2,7,"0, ALFRED KASTLER (ROUTE",0.0,0.0
201300033188,5,10,2013,12,1,67,43,2,1,1,6,"0, MARAIS (RUE DU)",0.0,0.0
201300033189,6,10,2013,10,1,67,482,2,3,2,3,"0, LEON DACHEUX (AVENUE)",0.0,0.0
201300033190,6,10,2013,11,1,67,482,2,1,2,6,"10, LYON (BOULEVARD DE)",0.0,0.0
201300033191,7,10,2013,12,1,67,482,2,2,1,3,"0, CANONNIERS (RUE DES)",0.0,0.0
201300033192,8,10,2013,12,1,67,482,2,1,1,6,"0, ETOILE (PLACE DE L )",0.0,0.0
201300033193,9,10,2013,16,1,67,482,2,1,1,7,"287, COLMAR (AVENUE DE)",0.0,0.0
201300033194,9,10,2013,21,5,67,482,2,1,1,6,"60-62, PAUL BATIMENT (ru",0.0,0.0
201300033195,9,10,2013,21,5,67,482,2,3,2,3,"0, PRESIDENT POINCARE (B",0.0,0.0
201300033196,9,10,2013,20,2,67,482,2,2,1,3,"0, ALPES (QUAI DES)",0.0,0.0
201300033197,10,10,2013,19,5,67,482,2,2,1,2,"0, CONSEIL DES QUINZE (R",0.0,0.0
201300033198,11,10,2013,13,1,67,482,2,2,1,6,"0, DOSSENHEIM (RUE DE)",0.0,0.0
201300033199,11,10,2013,17,1,67,482,2,3,1,3,"0, ALFRED KASTLER (RUE)",0.0,0.0
201300033200,12,10,2013,15,1,67,482,2,2,1,3,"0, GEORGES WODLI (RUE)",0.0,0.0
201300033201,15,10,2013,10,1,67,482,2,1,2,3,"270, SCHIRMECK (ROUTE DE",0.0,0.0
201300033202,18,10,2013,8,1,67,482,2,1,1,6,"20, PORT DU RHIN (RUE DU",0.0,0.0
201300033203,18,10,2013,23,5,67,482,2,2,1,3,"0, SAINT ETIENNE (QUAI)",0.0,0.0
201300033204,19,10,2013,22,5,67,482,2,1,2,3,"47, ZURICH (RUE DE)",0.0,0.0
201300033205,20,10,2013,11,1,67,267,2,2,2,3,"0, MARECHAL FOCH (RUE DU",0.0,0.0
201300033206,20,10,2013,17,2,67,482,2,1,1,6,"15, JOSEPH WEYDMANN (RUE",0.0,0.0
201300033207,21,10,2013,20,3,67,267,2,1,1,7,"0, HOLTZHEIM (RUE DE)",0.0,0.0
201300033208,23,10,2013,7,2,67,482,2,3,2,3,"0, ALPHONSE ADAM (RUE)",0.0,0.0
201300033209,24,10,2013,14,1,67,482,2,3,1,3,"0, PAUL VALERY (RUE)",0.0,0.0
201300033210,26,10,2013,13,1,67,447,2,3,1,3,"0, BISCHWILLER (ROUTE DE",0.0,0.0
201300033211,26,10,2013,19,5,67,482,2,2,1,3,"0, ARISTIDE BRIAND (AVEN",0.0,0.0
201300033212,30,10,2013,9,1,67,204,2,1,1,6,"0, HOHENBOURG (RUE)",0.0,0.0
201300033213,31,10,2013,18,5,67,267,2,2,1,1,"0, SCHUMANN (AVENUE)",0.0,0.0
201300033214,31,10,2013,18,5,67,447,2,2,1,6,"0, BRETAGNE (RUE DE)",0.0,0.0
201300033215,2,11,2013,13,1,67,482,2,3,1,6,"3, YSER (RUE DE L )",0.0,0.0
201300033216,3,11,2013,10,1,67,482,2,1,1,6,"0, RHIN NAPOLEON (RUE DU",0.0,0.0
201300033217,4,11,2013,10,1,67,482,2,2,2,3,"0, PERIGUEUX (RUE DE)",0.0,0.0
201300033218,5,11,2013,9,1,67,482,2,2,1,3,"0, RATHSAMHAUSEN (RUE DE",0.0,0.0
201300033219,5,11,2013,11,1,67,482,2,1,1,2,"11, SILBERMANN (RUE)",0.0,0.0
201300033220,5,11,2013,18,5,67,43,2,1,2,1,"0, LONGCHAMPS (RUE DE)",0.0,0.0
201300033221,5,11,2013,19,3,67,482,2,2,2,3,"0, POLYGONE (ROUTE DU)",0.0,0.0
201300033222,6,11,2013,15,1,67,482,2,2,8,3,"1, TRAVAIL (RUE DU)",0.0,0.0
201300033223,8,11,2013,10,1,67,482,2,2,2,6,"0, MARTIN SCHONGAUER (RU",0.0,0.0
201300033224,9,11,2013,8,1,67,482,2,1,1,6,"0, JACQUELINE AURIOL",0.0,0.0
201300033225,9,11,2013,21,5,67,218,2,1,1,6,"0, STRASBOURG (ROUTE DE)",0.0,0.0
201300033226,10,11,2013,0,5,67,218,2,3,1,3,"0, NEUHOF (ROUTE DE)",0.0,0.0
201300033227,10,11,2013,0,5,67,447,2,1,2,6,"105, GENERAL DE GAULLE (",0.0,0.0
201300033228,12,11,2013,16,2,67,482,2,2,1,6,"16, OBERLIN (RUE)",0.0,0.0
201300033229,13,11,2013,16,2,67,482,2,1,1,6,"23, SCHULMEISTER (RUE)",0.0,0.0
201300033230,14,11,2013,15,1,67,482,2,6,1,5,"1, PIERRE CORNEILLE (AVE",0.0,0.0
201300033231,14,11,2013,18,5,67,482,2,1,1,6,"0, FORET NOIRE (AVENUE D",0.0,0.0
201300033232,14,11,2013,19,5,67,482,2,3,1,3,"0, NUEE BLEUE (RUE DE LA",0.0,0.0
201300033233,15,11,2013,21,5,67,482,2,1,1,7,"181, POLYGONE (ROUTE DU)",0.0,0.0
201300033234,19,11,2013,17,5,67,482,2,1,3,6,"77, FORET NOIRE (AVENUE",0.0,0.0
201300033235,20,11,2013,6,5,67,482,2,2,2,6,"1, CHAMP DE MANOEUVRE (R",0.0,0.0
201300033236,20,11,2013,5,5,67,482,2,1,2,2,"197, COLMAR (AVENUE DE)",0.0,0.0
201300033237,20,11,2013,12,1,67,482,2,3,2,2,"0, VIENNE (ROUTE DE)",0.0,0.0
201300033238,20,11,2013,18,5,67,482,2,1,2,3,"0, SAINT NAZAIRE (RUE DE",0.0,0.0
201300033239,21,11,2013,8,1,67,447,2,3,2,3,"0, GENERAL DE GAULLE (RO",0.0,0.0
201300033240,21,11,2013,8,1,67,482,2,3,2,5,"0, ANGLE (RUE DE L )",0.0,0.0
201300033241,21,11,2013,14,1,67,43,2,2,8,3,"0, PERIGUEUX (AVENUE DE)",0.0,0.0
201300033242,21,11,2013,18,5,67,482,2,1,2,6,"0, LANGEVIN (RUE)",0.0,0.0
201300033243,22,11,2013,18,5,67,482,2,2,1,3,"0, NEUHOF (ROUTE)",0.0,0.0
201300033244,23,11,2013,10,1,67,482,2,3,1,6,"0, FRAN?OIS MITTERRAND (",0.0,0.0
201300033245,25,11,2013,12,1,67,482,2,1,1,1,"3, BUCAREST (RUE DE)",0.0,0.0
201300033246,26,11,2013,16,1,67,482,2,1,1,6,"20, NEUHOF (ROUTE)",0.0,0.0
201300033247,27,11,2013,14,1,67,267,2,1,1,6,"6, MARECHAL FOCH (RUE DU",0.0,0.0
201300033248,27,11,2013,14,1,67,267,2,1,1,6,"102, MARECHAL FOCH (RUE",0.0,0.0
201300033249,27,11,2013,18,5,67,447,2,3,1,6,"0, BISCHWILLER (ROUTE DE",0.0,0.0
201300033250,27,11,2013,21,5,67,482,2,1,1,1,"0, RHIN TORTU (RUE DU)",0.0,0.0
201300033251,29,11,2013,11,1,67,43,2,3,1,6,"0, BISCHWILLER (ROUTE DE",0.0,0.0
201300033252,30,11,2013,12,1,67,218,2,2,1,3,"0, STRASBOURG (ROUTE DE)",0.0,0.0
201300033253,30,11,2013,15,1,67,482,2,2,1,6,"0, KENTZINGER (RUE)",0.0,0.0
201300033254,1,12,2013,0,5,67,482,2,2,2,3,"0, NEUHOF (ROUTE)",0.0,0.0
201300033255,2,12,2013,8,1,67,482,2,2,1,3,"0, GUSTAVE DORE (RUE)",0.0,0.0
201300033256,4,12,2013,10,1,67,218,2,1,8,6,"307, LYON (RTE DE)",0.0,0.0
201300033257,4,12,2013,19,1,67,482,2,1,1,3,"0, MARECHAL JUIN (RUE DU",0.0,0.0
201300033258,5,12,2013,22,5,67,482,2,1,1,1,"2, BRIGADE ALSACE LORRAI",0.0,0.0
201300033259,6,12,2013,6,5,67,482,2,1,1,4,"0, MONTAGNE VERTE (RUE D",0.0,0.0
201300033260,6,12,2013,19,5,67,482,2,4,1,6,"0, RACINE (AVENUE)",0.0,0.0
201300033261,7,12,2013,0,5,67,482,2,1,1,7,"0, FUSTEL DE COULANGES (",0.0,0.0
201300033262,7,12,2013,22,5,67,447,2,3,1,3,"0, BISCHWILLER (ROUTE DE",0.0,0.0
201300033263,9,12,2013,9,1,67,218,2,1,1,6,"0, STRASBOURG (ROUTE DE)",0.0,0.0
201300033264,9,12,2013,18,5,67,482,2,3,1,3,"0, OSTWALD (RUE D )",0.0,0.0
201300033265,10,12,2013,17,5,67,482,2,4,1,6,"0, RHIN (ROUTE DU)",0.0,0.0
201300033266,11,12,2013,7,1,67,482,2,2,1,3,"0, KLEBER (PLACE)",0.0,0.0
201300033267,11,12,2013,13,1,67,482,2,2,8,1,"0, JACOB (RUE)",0.0,0.0
201300033268,11,12,2013,16,5,67,482,2,1,5,6,"21, VAUBAN (RUE)",0.0,0.0
201300033269,11,12,2013,17,5,67,218,2,3,5,5,"0, INDUSTRIE (RUE DE L )",0.0,0.0
201300033270,12,12,2013,17,5,67,482,2,1,1,3,"76, PLAINE DES BOUCHERS",0.0,0.0
201300033271,12,12,2013,17,5,67,482,2,3,5,2,"0, RHIN NAPOLEON (RUE DU",0.0,0.0
201300033272,12,12,2013,18,4,67,482,2,1,5,5,"81, LA ROCHELLE (RUE DE)",0.0,0.0
201300033273,13,12,2013,8,1,67,447,2,2,1,6,"0, PETITS CHAMPS (RUE DE",0.0,0.0
201300033274,13,12,2013,14,1,67,482,2,1,1,1,"0, OSTENDE (RUE D )",0.0,0.0
201300033275,13,12,2013,20,5,67,482,2,2,5,7,"0, JEAN JAURES (AVENUE)",0.0,0.0
201300033276,13,12,2013,23,5,67,482,2,2,5,6,"0, NEUFELD (RUE DU)",0.0,0.0
201300033277,16,12,2013,15,1,67,482,2,1,1,6,"0, REPUBLIQUE (PLACE DE",0.0,0.0
201300033278,16,12,2013,22,5,67,218,2,1,1,6,"80, STRASBOURG (ROUTE DE",0.0,0.0
201300033279,17,12,2013,9,1,67,482,2,5,1,6,"0, JACQUES KABLE (RUE)",0.0,0.0
201300033280,17,12,2013,15,1,67,482,2,1,1,6,"0, MARKSGARTEN (RUE DU)",0.0,0.0
201300033281,18,12,2013,13,1,67,482,2,1,1,3,"0, TRAVAIL (RUE DU)",0.0,0.0
201300033282,20,12,2013,17,5,67,447,2,1,2,6,"105, GENERAL DE GAULLE (",0.0,0.0
201300033283,20,12,2013,19,5,67,482,2,1,1,3,"68, SCHIRMECK (ROUTE DE)",0.0,0.0
201300033284,22,12,2013,7,2,67,482,2,1,1,1,"5, ROMAINS (ROUTE DES)",0.0,0.0
201300033285,24,12,2013,7,5,67,447,2,1,1,3,"27, EUROPE (AVENUE DE L",0.0,0.0
201300033286,28,12,2013,17,5,67,482,2,1,3,3,"280, SCHIRMECK (ROUTE DE",0.0,0.0
201300033287,31,12,2013,11,1,67,482,2,2,1,2,"0, RHIN (ROUTE DU)",0.0,0.0
201300033288,18,1,2013,22,5,68,66,2,2,4,3,INGERSHEIM (ROUTE D'),48.08654,7.33128
201300033289,26,1,2013,15,1,68,66,1,1,1,4,"110, STRASBOURG (ROUTE D",48.10756,7.36358
201300033290,28,1,2013,17,2,68,66,2,6,1,6,LADHOF (RUE DU),0.0,0.0
201300033291,28,1,2013,7,5,68,66,2,2,1,3,LADHOF (RUE DU),48.08348,7.36581
201300033292,3,2,2013,16,1,68,66,2,2,1,2,CAVALERIE (RUE DE LA),48.08207,7.36035
201300033293,8,2,2013,7,1,68,66,2,1,1,6,"1, FLORIMONT (RUE DU)",48.07694,7.34866
201300033294,5,2,2013,14,1,68,66,2,1,1,6,INGERSHEIM (ROUTE D'),48.08457,7.34234
201300033295,14,2,2013,8,1,68,66,2,1,1,6,"4, 4?BATAILLON DU CHASSE",48.08178,7.35816
201300033296,14,2,2013,8,1,68,66,2,6,1,6,"18, LIBERTE (AVENUE DE L",48.0749,7.34414
201300033297,15,2,2013,16,1,68,66,2,3,1,6,ROUFFACH (ROUTE DE),48.06704,7.34317
201300033298,17,2,2013,1,3,68,66,1,1,1,6,"1, BIRG (RUE DE LA)",48.10724,7.39207
201300033299,16,2,2013,20,5,68,66,2,1,1,6,"30, 1ère Armée Fra (RUE)",48.08576,7.35767
201300033300,23,2,2013,15,1,68,66,2,1,1,2,"26, LIBERTE (AVENUE DE L",48.07722,7.33716
201300033301,4,3,2013,2,5,68,66,2,6,1,6,"14, LORRAINE (AVENUE DE)",48.09222,7.33346
201300033302,15,3,2013,16,1,68,66,2,2,1,6,"11, SANDHERR (RUE CHARLE",48.06646,7.34513
201300033303,17,3,2013,18,5,68,66,2,2,3,3,"1, LATTRE DE TASSIGNY (A",48.07659,7.3502
201300033304,1,4,2013,17,1,68,66,2,3,1,3,ROME (AVENUE DE) 40,48.07491,7.32892
201300033305,16,4,2013,6,5,68,66,1,1,1,1,"120, LADHOF (RUE DU)",48.10757,7.38305
201300033306,24,4,2013,14,1,68,66,2,2,1,3,"15, ST ELOI (RUE)",48.07964,7.36243
201300033307,25,4,2013,18,1,68,66,2,1,1,6,STANISLAS (RUE),48.07799,7.35154
201300033308,30,4,2013,17,1,68,66,2,2,1,3,ALSACE (RUE D'),48.07669,7.36606
201300033309,1,5,2013,21,5,68,66,2,1,3,6,"6, STRASBOURG (ROUTE DE)",48.08928,7.35979
201300033310,3,5,2013,21,5,68,66,2,2,1,3,INGERSHEIM (ROUTE D'),48.08653,7.33136
201300033311,4,5,2013,0,5,68,66,2,6,2,6,"110, STRASBOURG (ROUTE D",48.10826,7.36338
201300033312,6,5,2013,18,1,68,66,2,3,1,6,"16, ROME (AVENUE DE)",48.07469,7.33303
201300033313,10,5,2013,16,1,68,66,2,3,1,6,"1, LAUSANNE (RUE DE)",48.07474,7.33172
201300033314,16,5,2013,15,1,68,66,2,1,1,6,"38, LIBERTE (AVENUE DE L",48.07689,7.33481
201300033315,24,5,2013,17,1,68,66,2,1,1,1,"51, TROIS CHATEAUX (RUE",48.07247,7.33283
201300033316,25,5,2013,10,1,68,66,2,1,1,2,"24, TIR (RUE DU)",48.07457,7.347
201300033317,13,6,2013,11,1,68,66,1,1,1,6,"4, SINT-NIKLAAS  (RUE)",48.07992,7.33542
201300033318,17,6,2013,16,1,68,66,2,1,1,6,"1, BERNE (RUE DE)",48.07106,7.33102
201300033319,2,7,2013,13,1,68,66,1,1,1,4,"1, LORRAINE (AVENUE DE)",48.09303,7.35347
201300033320,3,7,2013,8,1,68,66,2,2,2,3,"46, SCHOENENWERD (CHEMIN",48.07328,7.37819
201300033321,5,7,2013,11,1,68,66,1,6,1,3,LORRAINE (AVENUE DE) 17,48.09221,7.3335
201300033322,12,7,2013,13,1,68,66,2,9,1,7,"2, REPUBLIQUE (AVENUE DE",48.07793,7.35366
201300033323,14,7,2013,18,1,68,66,2,1,1,2,"7, STANISLAS (RUE)",48.07861,7.35249
201300033324,22,7,2013,19,1,68,66,2,2,7,3,REPUBLIQUE (AVENUE) 64,48.07342,7.34932
201300033325,3,8,2013,17,1,68,66,2,3,1,3,INGERSHEIM (ROUTE D'),48.08257,7.3519
201300033326,10,8,2013,12,1,68,66,2,1,1,3,MARGUERITES (RUE DES) 8,48.08594,7.32993
201300033327,20,8,2013,17,1,68,66,2,1,1,6,"6, INGERSHEIM (ROUTE D')",48.08292,7.35143
201300033328,27,8,2013,10,1,68,66,2,2,1,3,"20, POINCARE (AVENUE RAY",48.07136,7.34983
201300033329,30,8,2013,17,1,68,66,2,1,1,6,1. WILHELM (RUE HENRY),48.08369,7.35381
201300033330,22,9,2013,14,1,68,66,1,1,1,1,CD4,48.10641,7.38937
201300033331,26,9,2013,7,1,68,66,2,8,1,6,"1, SCHWEITZER (RUE DU DR",48.08344,7.34067
201300033332,26,9,2013,10,1,68,66,1,6,1,6,"120, LADHOF (RUE DU)",48.10743,7.3797
201300033333,27,9,2013,7,1,68,66,2,3,1,6,"01, TURCKHEIM (RUE DE)",48.07727,7.34785
201300033334,3,10,2013,19,5,68,66,2,1,1,6,"1, MARGUERITES (RUE DES)",48.0859,7.32992
201300033335,17,10,2013,19,5,68,66,2,1,1,6,"36, LOGELBACH ( RUE DU)",48.08099,7.34955
201300033336,29,10,2013,9,1,68,66,2,1,1,6,"28, TROIS CHATEAUX (RUE",48.07267,7.33288
201300033337,2,11,2013,20,5,68,66,2,3,1,3,"117A, ROUFFACH (ROUTE DE",48.06206,7.33851
201300033338,6,11,2013,12,1,68,66,2,2,1,6,"27, INGERSHEIM (ROUTE D'",48.08462,7.34278
201300033339,24,10,2013,15,1,68,66,2,2,1,6,"21, NORD (RUE DU)",48.08024,7.36074
201300033340,16,11,2013,14,1,68,66,1,1,1,3,SEMM (RUE DE LA),48.06827,7.38241
201300033341,26,11,2013,18,3,68,66,2,1,1,6,"3, 1ERE ARMEE FRANCAISE",48.08443,7.35673
201300033342,29,11,2013,14,1,68,66,2,2,1,6,"3, ALSACE (RUE D')",48.08026,7.36445
201300033343,28,11,2013,16,2,68,66,1,3,1,6,"1, SOIE (RUE DE LA)",48.08707,7.3681
201300033344,28,11,2013,15,1,68,66,2,1,1,6,"21, RAPP (RUE)",48.08102,7.36005
201300033345,9,12,2013,14,1,68,66,2,1,1,6,"0, LIBERTE (AVENUE DE LA",48.07614,7.34025
201300033346,10,12,2013,14,1,68,66,1,3,1,6,"1, SCHWEITZER (RUE DU DR",48.08303,7.34047
201300033347,4,2,2013,19,5,68,112,2,9,2,6,"10, DECK, Théodore (rue)",47.90134,7.21656
201300033348,9,3,2013,19,5,68,112,2,1,2,5,", GENERAL DE GAULLE (RUE",47.91443,7.20902
201300033349,10,8,2013,18,1,68,112,2,1,1,7,DECK (RUE THEODORE) 69,47.5994,7.21092