Num_Acc,jour,mois,an,hr,condition_eclairage,departement,commune,condition_agglomeration,intersection,condition_atmosphere,type_collision,adresse,lattitude,longitude
201300033350,9,1,2013,7,2,68,224,2,1,1,6,WALLACH (BOULEVARD A 22,47.74197,7.34556
201300033351,12,1,2013,3,5,68,224,2,1,1,6,PUITS (RUE DU),47.75187,7.35298
201300033352,15,1,2013,20,5,68,224,2,2,1,3,"11, TROIS-ROIS (RUE DES)",47.74495,7.33458
201300033353,22,1,2013,16,1,68,224,2,3,2,6,"64, FORST (QUAI DU)",47.75253,7.32794
201300033354,30,1,2013,8,1,68,224,2,2,1,6,PREISS (RUE JACQUES),47.74563,7.3303
201300033355,2,2,2013,20,5,68,224,2,1,4,6,"14, DOLLFUS (RUE ENGEL)",47.75041,7.33208
201300033356,9,2,2013,14,1,68,224,2,1,1,6,"3, ARC (RUE JEANNE D')",47.77228,7.32073
201300033357,4,3,2013,11,1,68,224,2,1,1,6,"01, PORTE JEUNE",47.74961,7.33903
201300033358,6,3,2013,17,1,68,224,2,1,1,6,"161, ROMAINS (RUE DES)",47.77739,7.32836
201300033359,8,3,2013,20,5,68,224,2,1,1,6,"1, JOUHAUX (RUE LEON)",47.7463,7.30895
201300033360,12,3,2013,18,5,68,224,2,1,1,6,"107, BALE (RUE DE)",0.0,0.0
201300033361,13,3,2013,15,1,68,224,2,1,8,6,"10, LECLERC (AVENUE DU G",47.7431,7.34312
201300033362,21,3,2013,16,1,68,224,2,1,1,6,"42, LAVOISIER (RUE)",47.75423,7.34235
201300033363,22,3,2013,15,1,68,224,2,1,1,6,"39, WALLACH (BOULEVARD A",47.74077,7.34301
201300033364,25,3,2013,16,1,68,271,2,1,1,6,"28, CLEMENCEAU (RUE)",47.74482,7.36472
201300033365,6,4,2013,14,1,68,224,2,1,1,6,"02, DESCARTES (RUE)",47.74916,7.32982
201300033366,23,4,2013,9,1,68,224,2,3,1,6,"85, COLMAR (AVENUE DE)",47.75944,7.32869
201300033367,23,4,2013,11,1,68,224,2,1,1,6,"21, THANN (RUE DE)",47.74816,7.30816
201300033368,23,4,2013,16,1,68,256,1,1,1,3,"146, RICHWILLER (RUE DE)",47.77545,7.29523
201300033369,25,4,2013,19,1,68,224,2,1,1,6,"48, LORIENT (RUE DE)",47.77512,7.3112
201300033370,29,4,2013,16,1,68,224,2,1,2,3,UNIVERSITE (RUE DE L'),47.73391,7.31611
201300033371,30,4,2013,7,1,68,224,2,1,1,6,PORTE DU MIROIR,47.7432,7.33429
201300033372,4,5,2013,15,1,68,224,2,1,1,6,"9, NATIONS (BOULEVARD DE",47.73615,7.30134
201300033373,9,5,2013,0,5,68,224,2,2,1,3,VOIE RAPIDE NORD SUD,47.76251,7.35178
201300033374,7,5,2013,17,1,68,224,2,2,1,6,"51, ILLZACH (RUE D')",47.75364,7.3416
201300033375,11,5,2013,13,1,68,224,2,1,1,3,COUBERTIN (RUE PIERRE DE,47.73672,7.33026
201300033376,17,5,2013,17,1,68,224,2,1,1,6,"25, NATIONS (BOULEVARD D",47.73663,7.30193
201300033377,7,5,2013,16,1,68,224,2,1,1,6,"184, BELFORT (RUE DE)",47.73953,7.30029
201300033378,21,5,2013,14,1,68,224,2,2,1,6,"2, BONHOMME (RUE DU)",47.73705,7.33401
201300033379,24,5,2013,13,1,68,224,2,4,1,1,"30, ILE NAPOLEON (RUE DE",47.75281,7.35483
201300033380,29,5,2013,7,1,68,224,2,3,2,3,SOLEIL (RUE DU),47.75554,7.3172
201300033381,1,6,2013,9,1,68,224,2,1,1,6,"17, PORTE DU MIROIR",47.74321,7.33431
201300033382,1,6,2013,10,1,68,224,2,1,1,6,DAGUERRE (RUE),47.74515,7.31883
201300033383,2,6,2013,20,1,68,224,2,1,1,6,STOESSEL (BOULEVARD CHAR,47.74398,7.32625
201300033384,8,6,2013,20,1,68,224,2,1,1,6,CLOCHE (QUAI DE LA),47.75114,7.3288
201300033385,28,6,2013,13,1,68,224,2,3,1,3,", HUGUENIN (RUE)",47.74768,7.3318
201300033386,1,7,2013,20,1,68,224,2,1,1,6,ARC (RUE DE L'),47.75137,7.33138
201300033387,9,7,2013,19,1,68,224,2,1,1,6,BALE (RUE DE),47.74852,7.34962
201300033388,25,7,2013,16,1,68,224,2,1,1,2,"13, CLOCHE (QUAI DE LA)",47.75141,7.32865
201300033389,2,8,2013,6,2,68,224,2,2,1,7,"1, JUIN (AVENUE ALPHONSE",0.0,0.0
201300033390,16,8,2013,14,1,68,224,2,1,1,6,9A  WICKY (AVENUE AUGUST,47.74362,7.34026
201300033391,18,8,2013,14,1,68,224,2,3,1,6,"15, ILLZACH (RUE D')",47.75214,7.33924
201300033392,21,8,2013,13,1,68,224,2,2,1,3,SOULTZ (RUE DE),47.77044,7.32094
201300033393,24,8,2013,16,1,68,224,1,1,1,6,AUTOROUTE A 36,47.77374,7.35106
201300033394,27,8,2013,14,1,68,224,2,1,1,2,VOIE RAPIDE NORD SUD,47.7701,7.34084
201300033395,5,9,2013,13,1,68,224,2,9,1,6,MITTERRAND (AVENUE FRANC,47.73953,7.30307
201300033396,8,9,2013,0,5,68,224,2,2,3,5,"12, ALPES (RUE DES)",47.75305,7.33518
201300033397,21,9,2013,17,1,68,224,2,1,1,6,"40, FRANKLIN (RUE)",47.75166,7.33369
201300033398,22,9,2013,0,5,68,224,2,3,1,6,"135, SOULTZ (RUE DE)",47.77626,7.31966
201300033399,22,9,2013,15,1,68,224,2,6,1,6,"46, ILE NAPOLEON (RUE DE",0.0,0.0
201300033400,25,9,2013,5,5,68,271,2,6,1,3,ILE NAPOLEON (RUE DE L'),47.75874,7.36615
201300033401,26,9,2013,3,5,68,224,2,3,1,3,CHAUDRONNIERS (RUE DES),0.0,0.0
201300033402,9,10,2013,11,1,68,224,2,1,1,6,ALGER (QUAI D'),47.74508,7.34669
201300033403,15,10,2013,15,1,68,224,2,3,1,6,"40, EUROPE (BOULEVARD DE",47.75239,7.34552
201300033404,15,10,2013,19,5,68,224,2,1,2,6,"184, BELFORT (RUE DE)",47.73953,7.30035
201300033405,16,10,2013,12,1,68,256,2,1,1,6,DORNACH (RUE DE),0.0,0.0
201300033406,24,10,2013,11,1,68,224,2,6,1,6,"125, KINGERSHEIM (RUE DE",47.77602,7.32873
201300033407,5,11,2013,4,5,68,224,1,1,3,5,AUTOROUTE A 36,47.76886,7.33911
201300033408,26,11,2013,23,5,68,256,2,2,1,3,HAEFFELY (RUE HENRI),0.0,0.0
201300033409,28,11,2013,19,5,68,224,2,3,1,6,"119, COLMAR (AVENUE DE)",47.75792,7.33289
201300033410,30,11,2013,9,1,68,224,2,1,1,6,SEGUIN (RUE MARC),47.74605,7.29575
201300033411,3,12,2013,14,1,68,224,2,1,1,3,"11, KENNEDY (AVENUE DU P",0.0,0.0
201300033412,25,11,2013,17,4,68,224,2,1,1,6,"44, ROOSEVELT (BOULEVARD",0.0,0.0
201300033413,3,12,2013,17,5,68,224,2,1,1,6,"258, BELFORT (RUE DE)",0.0,0.0
201300033414,4,12,2013,8,1,68,224,2,1,1,6,"70, BRIAND (AVENUE ARIST",0.0,0.0
201300033415,6,12,2013,17,5,68,224,2,1,2,6,"1, SAINT-SAUVEUR (RUE)",0.0,0.0
201300033416,10,12,2013,7,2,68,224,2,1,1,6,"22, BRIAND (AVENUE ARIST",0.0,0.0
201300033417,13,12,2013,6,5,68,224,2,2,1,6,"1, GALFINGUE (RUE DE)",0.0,0.0
201300033418,16,12,2013,11,1,68,224,1,4,1,6,VOIE RAPIDE NORD SUD,0.0,0.0
201300033419,19,12,2013,7,5,68,224,2,1,3,6,"38, KINGERSHEIM (RUE DE)",47.77361,7.32759
201300033420,23,12,2013,18,5,68,224,2,3,1,6,"14, NATIONS (BOULEVARD D",0.0,0.0
201300033421,27,12,2013,13,1,68,224,2,1,1,6,"46, KENNEDY (AVENUE DU P",0.0,0.0
201300033422,27,12,2013,15,1,68,256,2,1,1,6,"122, RICHWILLER (RUE DE)",0.0,0.0
201300033423,30,12,2013,14,1,68,56,2,3,1,6,"52, DAMBERG (RUE)",0.0,0.0
201300033424,15,1,2013,12,1,68,297,2,1,8,6,"116, MULHOUSE ( RUE DE)J",47.59273,7.55616
201300033425,30,12,2013,15,1,68,297,2,2,7,1,"49, HURST ( RUE )",0.0,0.0
201300033426,25,1,2013,7,1,68,297,2,1,1,6,"72, MULHOUSE ( RUE DE)JU",0.0,0.0
201300033427,10,7,2013,20,2,68,149,1,1,1,3,CD 107,47.59033,7.56873
201300033428,21,8,2013,7,2,68,149,2,1,1,1,"31, ABBATUCCI ( RUE ET P",47.59375,7.58106
201300033429,21,8,2013,20,2,68,297,2,1,1,6,BALE ( AVE DE)WIRU JUSQU,47.58315,7.56632
201300033430,17,9,2013,17,1,68,149,2,3,8,3,ALSACE RHIN,47.59812,7.58434
201300033431,14,10,2013,17,2,68,297,2,1,2,6,"31, DE GAULLE( AVE DU GL",47.58439,7.56049
201300033432,21,11,2013,18,5,68,149,2,1,4,6,"8, MANGENEY ( RUE DU DR",0.0,0.0
201300033433,22,11,2013,17,5,68,297,2,2,2,1,HURST ( RUE ),0.0,0.0
201300033434,5,1,2013,13,1,68,297,2,3,1,3,"0, AEROPORT ( RUE DE )",47.61066,7.5334
201300033435,18,6,2013,17,1,68,297,2,3,1,3,MARS (RUE DU 1ER),47.57849,7.54735
201300033436,4,6,2013,17,1,68,297,2,1,1,6,MULHOUSE,47.61482,7.53504
201300033437,5,6,2013,14,1,68,297,2,1,1,6,"31, DE GAULLE ( AVE DU G",47.58396,7.55956
201300033438,25,2,2013,14,1,68,166,2,2,8,3,MULHOUSE (FAUBOURG DE),47.79386,7.33564
201300033439,22,2,2013,21,3,68,376,1,1,1,6,RD 430,47.81449,7.29781
201300033440,27,5,2013,9,1,68,376,1,1,1,2,RD 430,47.82297,7.28953
201300033441,5,6,2013,14,1,68,166,2,1,1,6,"4, GUEBWILLER (RUE DE)",0.0,0.0
201300033442,15,7,2013,15,1,68,166,2,1,1,1,"155, RICHWILLER (RUE DE)",47.78959,7.31708
201300033443,16,8,2013,9,1,68,166,2,1,1,6,"2, GUEBWILLER (RUE DE)",47.7769,7.31936
201300033444,24,10,2013,9,1,68,166,2,6,1,6,GUEBWILLER (RUE DE),47.7892,7.31528
201300033445,7,1,2013,21,5,69,29,2,2,1,3,"0, RUE MICHEL LACROIX",0.0,0.0
201300033446,25,1,2013,23,5,69,29,2,2,1,2,"0, AVENUE GENERAL DE GAU",0.0,0.0
201300033447,26,1,2013,9,1,69,29,2,1,1,6,"59, BOULEVARD PINEL",0.0,0.0
201300033448,31,1,2013,17,5,69,29,2,1,1,6,"10, RUE DE LA PAGERE",0.0,0.0
201300033449,1,2,2013,9,1,69,29,2,6,1,3,"0, BOULEVARD DE L UNIVER",0.0,0.0
201300033450,27,2,2013,21,5,69,29,2,1,1,6,"62, RUE LIONEL TERRAY",0.0,0.0
201300033451,15,3,2013,14,1,69,29,1,1,1,2,AUTOROUTE A43 DE CHAMBER,0.0,0.0
201300033452,5,4,2013,19,1,69,29,2,1,2,6,BOULEVARD DES DROITS DE,0.0,0.0
201300033453,21,4,2013,21,5,69,29,2,5,1,3,"0, ROUTE DE GENAS",0.0,0.0
201300033454,6,5,2013,17,1,69,29,2,3,1,7,RUE LIONEL TERRAY,0.0,0.0
201300033455,17,4,2013,16,1,69,271,2,1,1,6,"22, ROUTE DE GENAS",0.0,0.0
201300033456,6,6,2013,11,1,69,271,2,2,1,3,"27, AVENUE DES FRERES MO",0.0,0.0
201300033457,17,6,2013,10,1,69,29,2,1,1,6,"2, RUE MARYSE BASTIE",0.0,0.0
201300033458,19,7,2013,7,1,69,29,2,1,1,4,RUE LIONEL TERRAY,0.0,0.0
201300033459,8,7,2013,14,1,69,29,2,2,1,3,"0, BOULEVARD DE L UNIVER",0.0,0.0
201300033460,16,7,2013,17,1,69,29,2,2,1,6,"., RUE COLONEL CHAMBONNE",0.0,0.0
201300033461,9,8,2013,17,1,69,29,2,3,1,6,"45, AVENUE CAMILLE ROUSS",0.0,0.0
201300033462,10,8,2013,21,5,69,29,2,2,1,3,"0, BOULEVARD DES DROITS",0.0,0.0
201300033463,20,8,2013,20,2,69,29,2,3,1,6,"372, RTE DE GENAS",0.0,0.0
201300033464,3,9,2013,20,5,69,29,2,5,1,3,"0, ROUTE DE GENAS",0.0,0.0
201300033465,18,9,2013,17,1,69,29,2,1,1,4,"286, ROUTE DE GENAS",0.0,0.0
201300033466,23,9,2013,7,1,69,29,2,2,1,6,"167, BOULEVARD PINEL",0.0,0.0
201300033467,29,9,2013,11,1,69,29,2,1,2,6,"142, AVENUE FRANKLIN ROO",0.0,0.0
201300033468,18,10,2013,12,1,69,29,2,3,1,3,"0, AV. FRANKLIN ROOSE",0.0,0.0
201300033469,20,10,2013,5,5,69,29,2,1,1,6,"0, BOULEVARD DES DROITS",0.0,0.0
201300033470,22,10,2013,20,5,69,29,2,3,1,6,"0, RUE DE LA PAIX",0.0,0.0
201300033471,10,11,2013,10,1,69,29,2,2,2,1,"324, ROUTE DE GENAS",0.0,0.0
201300033472,20,11,2013,7,2,69,29,2,1,1,3,"286, ROUTE DE GENAS",0.0,0.0
201300033473,29,11,2013,14,1,69,29,2,3,8,3,"59, BOULEVARD PINEL",0.0,0.0
201300033474,11,12,2013,7,5,69,29,2,4,5,6,"0, RUE DU 35EME REGIMENT",0.0,0.0
201300033475,6,1,2013,15,1,69,34,2,1,1,4,"67, QUAI CLEMENCEAU",0.0,0.0
201300033476,9,1,2013,15,1,69,34,2,6,1,3,"1, PLACE MARECHAL FOCH",0.0,0.0
201300033477,10,1,2013,15,1,69,34,2,2,2,1,ANCIENNE MONTEE DES SOLD,0.0,0.0
201300033478,10,1,2013,11,1,69,34,2,1,2,1,MONTEE CASTELLANE,0.0,0.0
201300033479,11,1,2013,18,5,69,34,2,1,1,5,"15, AVENUE GENERAL DE GA",0.0,0.0
201300033480,18,1,2013,23,5,69,34,2,1,9,3,VIADUC JOSEPH PICOT,0.0,0.0
201300033481,19,1,2013,10,1,69,34,2,1,9,6,"323, CHEMIN DES BRUYERES",0.0,0.0
201300033482,20,1,2013,4,5,69,34,2,1,1,6,QUAI DE BELLEVUE,0.0,0.0
201300033483,26,1,2013,13,1,69,34,2,6,1,3,CHEMIN JEAN PETIT,0.0,0.0
201300033484,19,1,2013,11,1,69,34,2,1,2,4,"15, AVENUE GENERAL LECLE",0.0,0.0
201300033485,1,2,2013,17,5,69,34,2,1,1,6,"101, CHEMIN DE VASSIEUX",0.0,0.0
201300033486,15,2,2013,6,5,69,34,2,1,1,6,PONT RAYMOND POINCARE,0.0,0.0
201300033487,20,2,2013,19,5,69,34,2,1,1,6,"127, RUE PIERRE BRUNIER",0.0,0.0
201300033488,8,3,2013,14,1,69,34,2,1,1,4,"48, COURS ARISTIDE BRIAN",0.0,0.0
201300033489,12,3,2013,17,1,69,34,2,4,1,6,"17, RUE PIERRE BRUNIER",0.0,0.0
201300033490,15,3,2013,7,1,69,34,2,1,1,2,"84, ROUTE DE STRASBOURG",0.0,0.0
201300033491,4,4,2013,0,5,69,34,2,6,1,3,"1, PLACE MARECHAL FOCH",0.0,0.0
201300033492,28,3,2013,17,1,69,34,2,6,2,2,"1, PLACE MARECHAL FOCH",0.0,0.0
201300033493,20,2,2013,18,5,69,34,2,1,1,4,"131, CHEMIN DU BAC A TRA",0.0,0.0
201300033494,4,5,2013,8,1,69,34,2,6,2,3,"00, PLACE MARECHAL FOCH",0.0,0.0
201300033495,9,5,2013,16,1,69,34,2,1,1,6,"2, RUE EDOUARD BRANLY",0.0,0.0
201300033496,14,5,2013,16,1,69,34,2,1,1,6,"32, ROUTE DE STRASBOURG",0.0,0.0
201300033497,15,5,2013,9,1,69,34,2,1,3,3,"5, AVENUE GENERAL DE GAU",0.0,0.0
201300033498,1,7,2013,20,1,69,34,2,1,1,2,MONTEE DES SOLDATS,0.0,0.0
201300033499,31,5,2013,11,1,69,34,2,1,2,3,"104, AVENUE GENERAL LECL",0.0,0.0
201300033500,6,6,2013,6,1,69,34,2,3,1,3,"00, PONT RAYMOND POINCAR",0.0,0.0
201300033501,6,6,2013,14,1,69,34,2,1,1,6,"40, AVENUE GENERAL DE GA",0.0,0.0
201300033502,6,6,2013,16,1,69,34,2,1,1,4,"00, MONTEE DES SOLDATS",0.0,0.0
201300033503,7,6,2013,9,1,69,34,2,1,1,4,"40, AVENUE GENERAL DE GA",0.0,0.0
201300033504,14,6,2013,14,1,69,34,2,1,1,6,"face 140, RUE PASTEUR",0.0,0.0
201300033505,16,6,2013,19,1,69,34,2,1,1,2,"109, QUAI CLEMENCEAU",0.0,0.0
201300033506,18,6,2013,14,1,69,34,2,3,7,6,"00, MONTEE DES SOLDATS",0.0,0.0
201300033507,21,6,2013,8,1,69,34,2,3,7,3,"00, RUE PASTEUR",0.0,0.0
201300033508,28,6,2013,13,1,69,34,2,4,1,1,"16, MONTEE DES FORTS",0.0,0.0
201300033509,29,6,2013,12,1,69,34,2,1,3,7,ROUTE DE STRASBOURG,0.0,0.0
201300033510,2,7,2013,9,1,69,34,2,1,1,2,"19, MONTEE DE LA BOUCLE",0.0,0.0
201300033511,2,7,2013,14,1,69,34,2,3,8,6,MONTEE DES FORTS,0.0,0.0
201300033512,3,7,2013,8,1,69,34,2,1,2,7,ROUTE DE STRASBOURG,0.0,0.0
201300033513,15,7,2013,18,1,69,34,2,1,1,3,"7, AVENUE BARTHELEMY THI",0.0,0.0
201300033514,17,7,2013,16,1,69,34,2,1,1,6,"25, QUAI CHARLES SENARD",0.0,0.0
201300033515,18,7,2013,16,1,69,34,2,1,1,2,"2, QUAI CHARLES SENARD",0.0,0.0
201300033516,16,7,2013,4,5,69,34,2,3,1,7,QUAI CLEMENCEAU,0.0,0.0
201300033517,31,7,2013,11,1,69,34,2,1,1,6,"1, RUE JEAN MOULIN",0.0,0.0
201300033518,17,7,2013,17,1,69,34,2,1,1,7,"21, MONTEE DES SOLDATS",0.0,0.0
201300033519,29,7,2013,9,1,69,34,2,1,2,6,"18, MONTEE DES FORTS",0.0,0.0
201300033520,2,8,2013,4,5,69,34,2,3,1,2,CHEMIN DE WETTE FAYS,0.0,0.0
201300033521,27,8,2013,23,5,69,34,1,1,2,7,BRETELLE 2 PORTE DE SAIN,0.0,0.0
201300033522,24,9,2013,9,1,69,34,2,1,7,2,"95, QUAI CLEMENCEAU",0.0,0.0
201300033523,12,9,2013,17,1,69,34,2,1,1,6,"10, AVENUE GENERAL LECLE",0.0,0.0
201300033524,13,9,2013,12,1,69,34,2,1,1,3,"1, AVENUE GENERAL LECLER",0.0,0.0
201300033525,14,9,2013,19,4,69,34,2,1,2,6,CHEMIN DE PIED CHARDON,0.0,0.0
201300033526,27,9,2013,12,1,69,34,2,1,1,3,"SANS, PONT RAYMOND POINC",0.0,0.0
201300033527,16,10,2013,16,1,69,34,2,1,8,6,"1, Place de la Bascule",0.0,0.0
201300033528,18,10,2013,8,1,69,34,2,1,1,2,PONT RAYMOND POINCARE,0.0,0.0
201300033529,23,10,2013,16,1,69,34,2,1,3,3,"64, QUAI CLEMENCEAU",0.0,0.0
201300033530,11,11,2013,9,1,69,34,2,1,1,3,"155, RUE PASTEUR",0.0,0.0
201300033531,25,11,2013,17,5,69,34,2,1,1,6,"86, AVENUE GENERAL LECLE",0.0,0.0
201300033532,21,12,2013,13,1,69,34,2,1,1,4,"42, MONTEE DES SOLDATS",0.0,0.0
201300033533,30,11,2013,11,1,69,34,2,1,1,2,BRETELLE BELLEVUE,0.0,0.0
201300033534,7,12,2013,2,5,69,34,2,1,9,6,"95, QUAI CLEMENCEAU",0.0,0.0
201300033535,11,12,2013,12,1,69,34,2,1,1,6,"1, MONTEE DES FORTS",0.0,0.0
201300033536,14,12,2013,16,1,69,34,2,1,1,2,"6, MONTEE DES SOLDATS",0.0,0.0
201300033537,15,12,2013,5,5,69,34,2,1,5,7,CHEMIN NORBERTO GOMES MO,0.0,0.0
201300033538,18,12,2013,6,5,69,34,2,1,2,3,PONT RAYMOND POINCARE,0.0,0.0
201300033539,21,12,2013,12,1,69,34,2,2,1,3,"28, RUE DE MARGNOLLES",0.0,0.0
201300033540,18,1,2013,10,1,69,96,2,1,1,6,"x, 19 MARS 1962  (AV)",0.0,0.0
201300033541,21,1,2013,9,1,69,91,2,1,1,1,"37, HONORE PETETIN ( R )",0.0,0.0
201300033542,28,1,2013,17,1,69,91,2,1,1,2,"6, MARCEL CACHIN ( R )",0.0,0.0
201300033543,31,1,2013,15,1,69,91,2,1,1,6,"31, VICTOR HUGO ( R )",0.0,0.0
201300033544,5,2,2013,18,5,69,91,2,1,3,6,"x, VICTOR HUGO ( R )",0.0,0.0
201300033545,8,2,2013,18,5,69,91,2,1,1,6,"x, ROBESPIERRE ( R )",0.0,0.0
201300033546,10,2,2013,12,1,69,91,2,2,4,6,"x, EGALITE (DE L') ( R )",0.0,0.0
201300033547,3,3,2013,16,1,69,91,2,1,1,3,"1, DOBELN ( R )",0.0,0.0
201300033548,15,3,2013,11,1,69,96,2,1,1,5,"16, MAYER ( R )",0.0,0.0
201300033549,20,3,2013,18,2,69,91,2,1,1,6,LENINE (AV),0.0,0.0
201300033550,14,4,2013,11,1,69,91,2,1,1,3,"x, PAIX (DE LA) ( R )",0.0,0.0
201300033551,15,4,2013,16,1,69,91,2,1,1,6,"x, PAIX (DE LA) ( R )",0.0,0.0
201300033552,19,4,2013,16,1,69,91,2,2,2,1,"x, ROMAIN ROLLAND (RUE)",0.0,0.0
201300033553,23,4,2013,18,1,69,91,2,1,1,3,"31, VICTOR HUGO ( R )",0.0,0.0
201300033554,24,4,2013,15,1,69,91,2,2,1,3,"x, ANATOLE FRANCE (AV)",0.0,0.0
201300033555,24,5,2013,20,1,69,91,2,9,1,3,"x, PAIX (DE LA) ( R )",0.0,0.0
201300033556,26,5,2013,6,1,69,96,2,9,1,3,"x, SEMARD (PIERRE) ( R )",0.0,0.0
201300033557,26,5,2013,23,5,69,91,2,1,1,7,"39, FLEURY NEUVESEL (RUE",0.0,0.0
201300033558,29,5,2013,11,1,69,91,2,1,1,6,"x, MARTYRS DU 8 FEVRIER",0.0,0.0
201300033559,14,6,2013,16,1,69,91,2,1,1,6,"x, SEMARD (PIERRE) ( R )",0.0,0.0
201300033560,15,6,2013,22,5,69,96,2,1,1,7,"3bis, BERTHELOT (MARCELI",0.0,0.0
201300033561,17,6,2013,18,1,69,91,2,1,1,2,"42, ANATOLE FRANCE (AV)",0.0,0.0
201300033562,29,6,2013,10,1,69,91,2,1,2,6,"5, MARECHAL LECLERC  (AV",0.0,0.0
201300033563,4,7,2013,11,1,69,34,2,1,1,2,MONTEE DES SOLDATS,0.0,0.0
201300033564,18,7,2013,10,1,69,96,2,2,2,3,"60, PASTEUR ( R )",0.0,0.0
201300033565,1,8,2013,13,1,69,91,2,3,1,3,"X, PAIX (DE LA) ( R )",0.0,0.0
201300033566,7,8,2013,11,1,69,91,1,1,3,1,RIVE DE GIER (DE) (RTE),0.0,0.0
201300033567,8,8,2013,13,1,69,91,1,4,2,6,"X, NEUVE (RTE)",0.0,0.0
201300033568,8,8,2013,16,1,69,91,1,1,3,6,"x, NEUVE (RTE)",0.0,0.0
201300033569,17,8,2013,22,5,69,91,2,1,1,6,"488, RIVE DE GIER (DE) (",0.0,0.0
201300033570,27,8,2013,16,1,69,91,2,1,2,6,"96, MORNANT (DE) (RTE)",0.0,0.0
201300033571,29,8,2013,18,1,69,91,2,3,1,3,"53, JEAN LIGONNET ( R )",0.0,0.0
201300033572,3,9,2013,17,1,69,91,1,1,1,7,"X, NEUVE (RTE)",0.0,0.0
201300033573,13,9,2013,16,1,69,96,2,1,1,3,"8, BERTHELOT (MARCELIN)",0.0,0.0
201300033574,16,9,2013,0,5,69,91,2,1,1,6,"1, TUILERIES (DES) ( R )",0.0,0.0
201300033575,6,9,2013,16,1,69,91,2,1,1,6,RIVE DE GIER (DE) (RTE),0.0,0.0
201300033576,25,9,2013,14,1,69,91,2,1,1,6,"X, VIEILLE DU BOURG  ( R",0.0,0.0
201300033577,1,10,2013,13,1,69,91,2,1,1,6,"X, PAIX (DE LA) ( R )",0.0,0.0
201300033578,5,10,2013,11,1,69,96,2,1,2,2,"62, MOULIN (JEAN) (AV)",0.0,0.0
201300033579,4,10,2013,1,5,69,91,2,1,8,6,"X, HONORE PETETIN ( R )",0.0,0.0
201300033580,15,10,2013,16,1,69,91,2,1,2,3,"3, GAGARINE (AV)",0.0,0.0
201300033581,26,10,2013,10,1,69,91,1,1,1,6,NEUVE (RTE),0.0,0.0
201300033582,27,10,2013,13,1,69,91,2,1,1,6,"X, JEAN MOULIN (AL)",0.0,0.0
201300033583,29,10,2013,16,1,69,96,2,1,1,3,"25, BOUTRAS (DE) ( R )",0.0,0.0
201300033584,31,10,2013,10,1,69,91,2,1,1,6,"1, LONE (DE LA) (CH)",0.0,0.0
201300033585,9,11,2013,10,1,69,96,2,3,1,6,"86, SABATIER (ANDRE) ( R",0.0,0.0
201300033586,12,11,2013,22,5,69,91,2,1,1,1,"6, PORT DU BIEF (PL)",0.0,0.0
201300033587,23,11,2013,13,1,69,91,1,1,1,6,"114, RIVE DE GIER (DE) (",0.0,0.0
201300033588,3,12,2013,7,2,69,91,2,3,9,2,MONTROND (DE) ( R ),0.0,0.0
201300033589,9,12,2013,9,1,69,91,2,1,1,6,"37, DOCTEUR ROUX (DU) (",0.0,0.0
201300033590,13,12,2013,19,5,69,91,2,3,5,3,"32, JEAN LIGONNET ( R )",0.0,0.0
201300033591,11,1,2013,14,1,69,149,2,3,2,3,FRANCISQUE JOMARD,0.0,0.0
201300033592,21,1,2013,6,4,69,142,2,5,2,6,STEPHANE DECHANT,0.0,0.0
201300033593,7,2,2013,11,1,69,149,2,1,8,1,"face 112, EMILE ZOLA",0.0,0.0
201300033594,7,2,2013,10,1,69,149,2,1,4,6,NARCISSE BERTHOLEY,0.0,0.0
201300033595,8,2,2013,18,5,69,149,2,1,1,6,"1, MARX DORMOY",0.0,0.0
201300033596,8,3,2013,13,1,69,202,2,1,2,6,"91 bis, GEORGES CLEMENCE",0.0,0.0
201300033597,31,3,2013,20,2,69,149,2,2,1,1,"67, EMILE ZOLA",0.0,0.0
201300033598,3,4,2013,8,1,69,202,2,3,1,1,"86 bis, COMMANDANT CHARC",0.0,0.0
201300033599,4,4,2013,14,1,69,149,2,1,1,6,"1, DIDEROT",0.0,0.0
201300033600,10,4,2013,20,5,69,149,2,1,1,3,EMILE ZOLA,0.0,0.0
201300033601,12,4,2013,17,1,69,202,2,1,1,7,"2, RAZES (DES)",0.0,0.0
201300033602,14,4,2013,15,1,69,152,2,1,1,2,"47, AMPERE",0.0,0.0
201300033603,17,4,2013,18,1,69,202,2,1,1,2,"141, FONDS (DES)",0.0,0.0
201300033604,18,4,2013,8,1,69,149,2,2,1,3,REPUBLIQUE (DE LA),0.0,0.0
201300033605,25,4,2013,13,1,69,202,2,1,1,2,LIBERATION (DE LA),0.0,0.0
201300033606,26,4,2013,15,1,69,149,2,1,2,2,"100, GRANDE RUE",0.0,0.0
201300033607,29,4,2013,17,1,69,142,2,1,8,3,"4 BIS, JEAN JACQUES ROUS",0.0,0.0
201300033608,1,5,2013,16,1,69,142,2,1,1,1,"4, GENERAL DE GAULLE",0.0,0.0
201300033609,2,5,2013,10,1,69,149,2,1,2,6,"01, VOLTAIRE",0.0,0.0
201300033610,3,5,2013,13,1,69,149,2,1,2,3,"141, EMILE ZOLA",0.0,0.0
201300033611,13,5,2013,14,1,69,149,2,3,1,3,"179, GRANDE RUE",0.0,0.0
201300033612,10,5,2013,6,2,69,149,2,1,2,3,"9, COMMUNE DE PARIS (DE",0.0,0.0
201300033613,27,5,2013,15,1,69,202,2,1,1,6,"27, BARON DU MARAIS (DU)",0.0,0.0