Num_Acc,jour,mois,an,hr,condition_eclairage,departement,commune,condition_agglomeration,intersection,condition_atmosphere,type_collision,adresse,lattitude,longitude
201300033614,27,5,2013,18,1,69,202,2,1,1,2,"70, PLAN LOUP (DU)",0.0,0.0
201300033615,27,5,2013,15,1,69,142,2,1,1,7,GENERAL DE GAULLE,0.0,0.0
201300033616,5,6,2013,15,1,69,202,2,1,1,2,"00, CHAPONOST (DE)",0.0,0.0
201300033617,8,6,2013,15,1,69,152,2,1,1,6,"115, EUROPE (DE L')",0.0,0.0
201300033618,12,6,2013,16,1,69,149,2,2,1,3,"00, RASPAIL",0.0,0.0
201300033619,18,6,2013,10,1,69,202,2,3,1,6,"00, PROVINCES (DES)",0.0,0.0
201300033620,22,6,2013,1,5,69,149,2,1,1,4,"50, PIERRE SEMARD",0.0,0.0
201300033621,24,6,2013,9,1,69,202,2,6,1,6,"00, PRES (DES)",0.0,0.0
201300033622,24,6,2013,18,1,69,149,2,4,1,6,"00, SARRA (DE LA)",0.0,0.0
201300033623,26,6,2013,10,1,69,202,2,1,1,6,"face 05, LIMBURG (DE)",0.0,0.0
201300033624,1,7,2013,14,1,69,149,2,2,1,3,JEAN JAURES,0.0,0.0
201300033625,10,7,2013,15,1,69,149,2,2,1,3,"16, EMILE ZOLA",0.0,0.0
201300033626,12,7,2013,21,5,69,149,2,3,1,3,PIERRE SEMARD,0.0,0.0
201300033627,14,7,2013,12,1,69,142,2,1,1,2,"4, JEAN JACQUES ROUSSEAU",0.0,0.0
201300033628,17,7,2013,12,1,69,202,2,1,1,7,"47, VALIOUD",0.0,0.0
201300033629,19,7,2013,11,1,69,149,2,1,1,6,"2-4, COMMUNE DE PARIS (D",0.0,0.0
201300033630,30,7,2013,12,1,69,202,2,1,1,7,LIBERATION (DE LA),0.0,0.0
201300033631,8,8,2013,18,1,69,152,1,1,3,5,HENRI MOISSAN,0.0,0.0
201300033632,14,8,2013,18,1,69,142,2,1,2,1,"8, BASTERO (DE LA)",0.0,0.0
201300033633,16,8,2013,22,5,69,202,2,1,1,6,PROVINCES (DES),0.0,0.0
201300033634,28,8,2013,6,4,69,149,2,1,1,6,"45, JEAN JAURES",0.0,0.0
201300033635,30,8,2013,13,1,69,149,2,1,1,6,"4, EMILE ZOLA",0.0,0.0
201300033636,5,9,2013,18,1,69,149,2,2,1,3,GRANDE RUE,0.0,0.0
201300033637,12,9,2013,7,1,69,149,2,1,1,6,"37, PIERRE SEMARD",0.0,0.0
201300033638,16,9,2013,7,1,69,149,2,1,1,6,"91, GRANDE RUE",0.0,0.0
201300033639,9,10,2013,16,1,69,152,2,1,1,3,"15, HAUTE ROCHE (DE)",0.0,0.0
201300033640,25,9,2013,5,1,69,149,2,1,1,6,"106, GRANDE RUE",0.0,0.0
201300033641,26,9,2013,7,5,69,152,1,1,1,3,Chemin du barrage,0.0,0.0
201300033642,27,9,2013,18,1,69,202,2,3,1,3,GENERAL DE GAULLE (DU),0.0,0.0
201300033643,12,10,2013,12,1,69,202,2,1,8,6,"27, AQUEDUC DE BEAUNANT",0.0,0.0
201300033644,25,10,2013,23,5,69,149,2,2,1,6,BUISSET (DU),0.0,0.0
201300033645,29,10,2013,15,1,69,142,2,1,1,2,"20, STEPHANE DECHANT",0.0,0.0
201300033646,4,11,2013,19,5,69,202,2,1,2,6,MARECHAL FOCH (DU),0.0,0.0
201300033647,5,11,2013,8,1,69,149,2,1,1,2,"58, EMILE ZOLA",0.0,0.0
201300033648,6,11,2013,9,1,69,149,2,1,1,3,"86, FRANCISQUE JOMARD",0.0,0.0
201300033649,14,11,2013,13,1,69,152,2,3,1,2,"1, TERRASSE (DE LA)",0.0,0.0
201300033650,14,11,2013,16,1,69,149,2,1,2,6,"6, AUGUSTE BLANQUI",0.0,0.0
201300033651,29,12,2013,3,5,69,149,2,1,1,6,"44, GRANDE RUE",0.0,0.0
201300033652,22,11,2013,23,5,69,202,2,1,1,6,"17, PRES (DES)",0.0,0.0
201300033653,27,11,2013,8,1,69,152,2,3,1,6,"30, HENRI BROSSE",0.0,0.0
201300033654,30,11,2013,10,1,69,149,2,2,1,3,CLAUDE MICHEL,0.0,0.0
201300033655,30,11,2013,13,1,69,202,2,1,1,1,"40, LIMBURG (DE)",0.0,0.0
201300033656,27,11,2013,11,1,69,152,2,3,1,3,"93, EUROPE (DE L')",0.0,0.0
201300033657,3,12,2013,10,1,69,149,2,2,1,3,CHARLES FOURRIER,0.0,0.0
201300033658,11,12,2013,9,1,69,202,2,1,1,2,AQUEDUC DE BEAUNANT (DE,0.0,0.0
201300033659,12,12,2013,17,5,69,202,2,1,1,6,"13, NEYRARD (DU)",0.0,0.0
201300033660,19,12,2013,18,5,69,149,2,2,3,6,VICTOR HUGO,0.0,0.0
201300033661,24,12,2013,12,1,69,152,2,1,6,2,EUROPE (DE L'),0.0,0.0
201300033662,8,1,2013,13,1,69,256,2,1,1,6,"0, FRERES BERTRAND (DES)",0.0,0.0
201300033663,20,1,2013,12,1,69,256,2,3,1,3,"0, GEORGES DIMITROV",0.0,0.0
201300033664,29,1,2013,16,1,69,256,2,1,2,6,"174, GABRIEL PERI",0.0,0.0
201300033665,1,2,2013,16,1,69,256,2,1,1,6,"., GILBERT BOISSIER",0.0,0.0
201300033666,19,2,2013,15,1,69,256,2,1,1,4,"12, CUZIN",0.0,0.0
201300033667,28,2,2013,6,1,69,256,2,3,1,6,"0, MARIUS GROSSO",0.0,0.0
201300033668,25,3,2013,16,1,69,256,2,1,1,6,"0, GABRIEL PERI",0.0,0.0
201300033669,31,3,2013,15,1,69,256,2,1,1,1,"0, ANDRE WERTH",0.0,0.0
201300033670,9,4,2013,15,1,69,256,2,3,1,6,"., 8 MAI 1945 (DU)",0.0,0.0
201300033671,5,4,2013,20,4,69,256,2,3,2,3,"0, MARCEL CACHIN",0.0,0.0
201300033672,7,3,2013,14,1,69,256,2,1,1,6,"17, VICTOR HUGO",0.0,0.0
201300033673,7,4,2013,13,1,69,256,2,2,1,3,"0, MARIUS GROSSO",0.0,0.0
201300033674,15,4,2013,20,1,69,256,2,3,1,3,"0, LAMARTINE",0.0,0.0
201300033675,16,4,2013,11,1,69,256,2,3,1,6,"0, GRANDCLEMENT",0.0,0.0
201300033676,19,4,2013,16,1,69,256,2,6,1,3,"90, REPUBLIQUE (DE LA)",0.0,0.0
201300033677,24,4,2013,17,1,69,256,2,1,1,6,"0, JEAN LESIRE",0.0,0.0
201300033678,25,4,2013,17,1,69,256,2,2,9,1,"0, GENAS (DE)",0.0,0.0
201300033679,4,5,2013,18,1,69,256,2,2,1,3,"0, FRANKLIN ROOSEVELT",0.0,0.0
201300033680,17,5,2013,19,1,69,256,2,3,2,6,"0, 8 MAI 1945 (DU)",0.0,0.0
201300033681,1,6,2013,19,1,69,256,2,2,1,6,"0, BATAILLON CARMAGNOLE",0.0,0.0
201300033682,2,6,2013,13,1,69,256,2,3,1,6,GASTON MONMOUSSEAU,0.0,0.0
201300033683,7,6,2013,9,1,69,256,2,2,1,3,"0, JULES ROMAIN",0.0,0.0
201300033684,17,6,2013,19,1,69,256,2,1,1,1,LENINE - CENTRE,0.0,0.0
201300033685,20,6,2013,22,5,69,256,2,3,1,3,"0, ERNEST RENAN",0.0,0.0
201300033686,2,7,2013,10,1,69,256,2,2,1,3,"0, EMILE ZOLA",0.0,0.0
201300033687,8,7,2013,14,1,69,256,2,2,1,3,"0, SALVADOR ALLENDE",0.0,0.0
201300033688,20,7,2013,15,1,69,256,2,1,1,3,"24, 8 MAI 1945 (DU)",0.0,0.0
201300033689,10,8,2013,3,5,69,256,2,3,1,2,GABRIEL PERI,0.0,0.0
201300033690,25,8,2013,12,1,69,256,2,2,1,3,LEFEVRE,0.0,0.0
201300033691,7,9,2013,20,5,69,256,2,1,2,1,"136, 8 MAI 1945 (DU)",0.0,0.0
201300033692,28,8,2013,2,5,69,256,2,6,1,6,"0, CANAL (DU)",0.0,0.0
201300033693,9,9,2013,0,5,69,256,2,1,1,6,"17, GENAS (DE)",0.0,0.0
201300033694,18,9,2013,12,1,69,256,2,1,1,6,"0, FRANCOIS MAURIAC",0.0,0.0
201300033695,17,9,2013,17,1,69,256,2,1,1,3,"140, PAUL MARCELLIN",0.0,0.0
201300033696,25,9,2013,20,5,69,256,2,1,1,6,"2, BOELHEN (DE)",0.0,0.0
201300033697,27,9,2013,7,1,69,256,2,2,1,3,"0, ROGER SALENGRO",0.0,0.0
201300033698,10,10,2013,7,2,69,256,2,1,1,3,"31, LOUIS SAILLANT",0.0,0.0
201300033699,17,10,2013,15,1,69,256,2,1,2,1,"1, CHARLES DE GAULLE",0.0,0.0
201300033700,26,10,2013,16,1,69,256,2,1,1,5,"11, EUGENE HENAFF",0.0,0.0
201300033701,18,11,2013,16,1,69,256,2,3,1,6,"., FRANKLIN ROOSEVELT",0.0,0.0
201300033702,5,12,2013,16,1,69,256,2,2,8,6,"0, HENRI BARBUSSE",0.0,0.0
201300033703,14,12,2013,21,5,69,256,2,3,1,3,"0, FRANKLIN ROOSEVELT",0.0,0.0
201300033704,5,6,2013,15,1,69,256,2,1,1,6,"47, EGALITE (DE L')",0.0,0.0
201300033705,2,1,2013,16,1,69,199,2,1,1,6,"55, CARNOT",0.0,0.0
201300033706,5,1,2013,19,4,69,199,2,1,1,3,"0, AVENUE ARISTIDE BRIAN",0.0,0.0
201300033707,7,1,2013,15,1,69,259,2,2,1,3,"0, BOULEVARD AMBROISE CR",0.0,0.0
201300033708,8,1,2013,15,1,69,259,2,1,1,2,"0, BOULEVARD AMBROISE CR",0.0,0.0
201300033709,10,1,2013,11,1,69,259,2,2,1,3,"0, AVENUE JULES GUESDE",0.0,0.0
201300033710,11,1,2013,16,1,69,259,2,3,1,3,"IGNORE, RUE EUGENE PELOU",0.0,0.0
201300033711,16,1,2013,7,5,69,259,2,2,1,6,"0, ROUTE DE VIENNE",0.0,0.0
201300033712,12,1,2013,16,1,69,259,2,1,1,6,BOULEVARD YVES FARGE,0.0,0.0
201300033713,13,1,2013,18,4,69,259,2,3,1,3,RUE PAUL BERT,0.0,0.0
201300033714,17,1,2013,22,5,69,199,2,4,1,3,CH FAURE,0.0,0.0
201300033715,21,1,2013,6,5,69,259,2,2,8,6,"0, RUE ALBERT EINSTEIN",0.0,0.0
201300033716,23,1,2013,11,1,69,259,2,2,1,3,"0, BOULEVARD AMBROISE CR",0.0,0.0
201300033717,23,1,2013,13,1,69,259,2,2,1,3,"0, AVENUE VIVIANI",0.0,0.0
201300033718,25,1,2013,18,5,69,259,2,2,1,3,"ignore, RUE ETHEL ET JUL",0.0,0.0
201300033719,17,1,2013,1,4,69,259,2,1,2,6,"26, BOULEVARD IRENE JOLI",0.0,0.0
201300033720,1,2,2013,9,1,69,259,2,1,2,7,"0, AVENUE CHARLES DE GAU",0.0,0.0
201300033721,30,1,2013,8,1,69,199,2,1,1,1,"68, AVENUE JEAN JAURES",0.0,0.0
201300033722,6,2,2013,15,1,69,276,2,1,2,6,"4, RUE DE LA MAIRIE",0.0,0.0
201300033723,12,2,2013,23,5,69,259,2,2,1,3,"20, AVENUE MAURICE THORE",0.0,0.0
201300033724,13,2,2013,22,5,69,259,2,1,1,6,"44, BOULEVARD MARCEL SEM",0.0,0.0
201300033725,19,2,2013,8,1,69,259,2,1,1,6,"40, CLOS VERGER (DU)",0.0,0.0
201300033726,21,2,2013,14,1,69,259,2,2,1,3,"0, RUE DES MARTYRS DE LA",0.0,0.0
201300033727,26,2,2013,9,1,69,259,2,1,1,6,"5, ALLEE DES CERISIERS",0.0,0.0
201300033728,12,3,2013,11,1,69,259,2,1,1,1,"0, BOULEVARD PINEL",0.0,0.0
201300033729,18,3,2013,16,1,69,259,2,1,1,6,"105, AVENUE JULES GUESDE",0.0,0.0
201300033730,16,3,2013,12,1,69,199,2,1,1,6,"11, RUE ANATOLE FRANCE",0.0,0.0
201300033731,20,3,2013,9,1,69,259,2,1,2,6,"45, BOULEVARD AMBROISE C",0.0,0.0
201300033732,22,3,2013,14,1,69,259,2,1,1,6,"180, AVENUE FRANCIS DE P",0.0,0.0
201300033733,31,3,2013,13,1,69,259,2,1,1,3,"0, ALLEE DES CERISIERS",0.0,0.0
201300033734,1,4,2013,20,5,69,199,2,3,1,3,"0, CARNOT",0.0,0.0
201300033735,2,4,2013,16,1,69,199,2,1,1,6,"36, CARNOT",0.0,0.0
201300033736,9,4,2013,12,1,69,199,2,2,1,2,"0, RUE LOUIS BLANC",0.0,0.0
201300033737,11,4,2013,8,1,69,259,2,1,1,6,"16, RUE BEETHOVEN",0.0,0.0
201300033738,15,4,2013,16,1,69,259,2,1,1,5,"48, BOULEVARD MARCEL SEM",0.0,0.0
201300033739,15,4,2013,21,5,69,259,2,2,1,3,"0, AVENUE JEAN JAURES",0.0,0.0
201300033740,18,4,2013,17,1,69,199,2,1,1,7,"24, RUE DE FOS SUR MER",0.0,0.0
201300033741,19,4,2013,17,1,69,259,2,1,2,2,"00, BOULEVARD AMBROISE C",0.0,0.0
201300033742,19,4,2013,18,1,69,259,2,1,8,5,"402, AVENUE CHARLES DE G",0.0,0.0
201300033743,21,4,2013,8,1,69,199,2,3,1,2,"ignore, BOULEVARD YVES F",0.0,0.0
201300033744,26,4,2013,4,5,69,259,2,1,2,6,"26, BOULEVARD IRENE JOLI",0.0,0.0
201300033745,27,4,2013,13,1,69,259,2,1,3,6,"80, BOULEVARD IRENE JOLI",0.0,0.0
201300033746,6,5,2013,7,1,69,259,2,3,1,3,BOULEVARD PINEL,0.0,0.0
201300033747,7,5,2013,6,1,69,259,2,1,1,1,"0, BOULEVARD PINEL",0.0,0.0
201300033748,14,5,2013,13,1,69,259,2,1,1,6,"136, BOULEVARD IRENE JOL",0.0,0.0
201300033749,15,5,2013,17,1,69,199,2,2,3,3,"0, AVENUE ANTOINE GRAVAL",0.0,0.0
201300033750,26,4,2013,17,1,69,199,2,2,1,3,"ignore, RUE PAUL BERT",0.0,0.0
201300033751,22,5,2013,16,1,69,259,2,1,2,6,RUE LUDOVIC BONIN,0.0,0.0
201300033752,23,5,2013,10,1,69,259,2,1,1,6,"17, RUE PRESIDENT EDOUAR",0.0,0.0
201300033753,4,6,2013,9,1,69,259,2,3,1,1,"0, FRANCIS DE PRESSENSE",0.0,0.0
201300033754,9,6,2013,4,5,69,259,1,1,1,1,"19, RUE DE LA COMMUNE DE",0.0,0.0
201300033755,6,6,2013,16,1,69,199,2,1,1,3,JEAN JAURES,0.0,0.0
201300033756,11,6,2013,19,1,69,259,2,3,1,5,"0, AVENUE JULES GUESDE",0.0,0.0
201300033757,15,6,2013,11,1,69,199,2,3,1,3,"00, BOULEVARD YVES FARGE",0.0,0.0
201300033758,18,6,2013,19,1,69,199,2,1,1,2,"12, JEAN JAURES",0.0,0.0
201300033759,18,6,2013,18,1,69,276,2,1,1,6,"46, ROUTE DE VIENNE",0.0,0.0
201300033760,20,6,2013,17,1,69,259,2,1,1,6,"27, BOULEVARD LENINE",0.0,0.0
201300033761,27,6,2013,8,1,69,276,2,2,1,3,"00, ROUTE DE LYON",0.0,0.0
201300033762,2,7,2013,13,1,69,259,2,2,1,3,"0, BOULEVARD YVES FARGE",0.0,0.0
201300033763,13,7,2013,19,1,69,259,2,1,1,6,"19, AVENUE MAURICE THORE",0.0,0.0
201300033764,8,7,2013,17,1,69,259,2,9,1,3,"5, AVENUE PIERRE SEMARD",0.0,0.0
201300033765,8,7,2013,13,1,69,259,2,1,1,6,"0, RUE CHENE VELIN",0.0,0.0
201300033766,13,7,2013,9,1,69,259,2,1,1,6,"5, CHEMIN DU CHARBONNIER",0.0,0.0
201300033767,15,7,2013,16,1,69,199,2,1,1,6,"00, RUE DESCARTES",0.0,0.0
201300033768,16,7,2013,18,1,69,259,2,1,1,3,BOULEVARD YVES FARGE,0.0,0.0
201300033769,19,7,2013,7,1,69,259,2,1,1,6,"136, BOULEVARD IRENE JOL",0.0,0.0
201300033770,20,7,2013,1,5,69,259,2,1,1,2,AVENUE MAURICE THOREZ,0.0,0.0
201300033771,22,7,2013,6,2,69,199,2,2,1,3,"0, RUE MARCEL SEMBAT",0.0,0.0
201300033772,11,7,2013,22,5,69,199,2,1,1,3,"15, AVENUE GABRIEL PERI",0.0,0.0
201300033773,14,7,2013,20,1,69,259,2,1,1,6,"17, BOULEVARD LENINE",0.0,0.0
201300033774,24,7,2013,13,1,69,259,2,1,1,6,"136, BOULEVARD IRENE JOL",0.0,0.0
201300033775,26,7,2013,7,1,69,276,2,1,1,3,"0, CHEMIN DEPARTEMENTAL",0.0,0.0
201300033776,28,7,2013,8,1,69,259,2,1,1,6,AVENUE CHARLES DE GAULLE,0.0,0.0
201300033777,1,8,2013,20,1,69,259,2,2,1,3,"27, AVENUE MAURICE THORE",0.0,0.0
201300033778,2,8,2013,12,1,69,259,2,1,1,3,"12, RUE EUGENE HENAFF",0.0,0.0
201300033779,4,8,2013,14,1,69,259,2,2,1,3,"0, BOULEVARD AMBROISE CR",0.0,0.0
201300033780,13,8,2013,9,1,69,276,2,1,1,6,CHEMIN CHAMP PERRIER,0.0,0.0
201300033781,14,8,2013,17,1,69,259,2,5,1,3,AV. CHARLES DE GAULLE,0.0,0.0
201300033782,24,8,2013,2,5,69,199,2,2,1,7,"0, CARNOT",0.0,0.0
201300033783,25,8,2013,9,5,69,199,2,3,1,3,"00, CARNOT",0.0,0.0
201300033784,26,8,2013,17,1,69,259,2,1,1,3,"30, AVENUE JEAN CAGNE",0.0,0.0
201300033785,2,9,2013,14,1,69,259,2,1,1,6,"136, BOULEVARD IRENE JOL",0.0,0.0
201300033786,5,9,2013,22,5,69,259,2,1,1,3,"287, ROUTE DE VIENNE",0.0,0.0
201300033787,7,9,2013,12,1,69,259,2,1,1,6,"136, BOULEVARD IRENE JOL",0.0,0.0
201300033788,3,9,2013,18,1,69,199,2,1,1,2,"02, AVENUE JEAN JAURES",0.0,0.0
201300033789,10,9,2013,17,1,69,199,2,3,1,3,RUE JEAN MACE,0.0,0.0
201300033790,14,9,2013,12,1,69,259,2,1,1,6,"4, AVENUE DU 8 MAI 1945",0.0,0.0
201300033791,15,9,2013,11,1,69,259,2,1,1,3,AVENUE CHARLES DE GAULLE,0.0,0.0
201300033792,17,9,2013,6,5,69,199,2,3,1,3,"0, CARNOT",0.0,0.0
201300033793,17,9,2013,18,1,69,259,2,2,1,6,"00, RUE VICTOR HUGO",0.0,0.0
201300033794,18,9,2013,14,1,69,259,2,1,1,6,"01, BOULEVARD AMBROISE C",0.0,0.0
201300033795,16,9,2013,6,2,69,199,2,2,1,1,CARNOT,0.0,0.0
201300033796,19,9,2013,9,1,69,259,2,1,1,3,RUE JULES FERRY,0.0,0.0
201300033797,21,9,2013,15,1,69,259,2,1,1,3,"1, BOULEVARD DE LA JEUNE",0.0,0.0
201300033798,23,9,2013,9,1,69,199,2,1,1,3,"47, RUE CHARLES PLASSE",0.0,0.0
201300033799,23,9,2013,13,1,69,259,2,2,1,3,RUE ETHEL ET JULIUS ROSE,0.0,0.0
201300033800,27,9,2013,18,1,69,259,2,2,1,6,AVENUE FRANCIS DE PRESSE,0.0,0.0
201300033801,30,9,2013,16,1,69,259,2,1,1,2,"0, RUE PAUL BERT",0.0,0.0
201300033802,30,9,2013,17,1,69,259,2,1,1,2,"13, AVENUE MAURICE THORE",0.0,0.0
201300033803,4,10,2013,2,5,69,259,2,1,8,7,"0, BOULEVARD IRENE JOLIO",0.0,0.0
201300033804,4,10,2013,22,5,69,199,2,3,2,3,"0, AVENUE ARISTIDE BRIAN",0.0,0.0
201300033805,8,10,2013,23,4,69,259,2,1,1,3,AVENUE JEAN CAGNE,0.0,0.0
201300033806,16,10,2013,22,5,69,199,2,1,2,6,"43, RUE EMILE ZOLA",0.0,0.0
201300033807,23,10,2013,15,1,69,259,2,1,1,4,"0, RUE DES MARTYRS DE LA",0.0,0.0
201300033808,29,10,2013,22,5,69,276,2,1,1,6,"24, AVENUE DE L EUROPE",0.0,0.0
201300033809,24,10,2013,16,1,69,259,2,1,1,6,"56, RUE VAILLANT COUTURI",0.0,0.0
201300033810,26,10,2013,18,1,69,276,2,1,1,6,"19, RUE DU 11 NOVEMBRE 1",0.0,0.0
201300033811,2,11,2013,15,1,69,199,2,1,1,3,BOULEVARD YVES FARGE,0.0,0.0
201300033812,5,11,2013,22,5,69,259,2,2,2,3,"0, RUE DES MARTYRS DE LA",0.0,0.0
201300033813,7,11,2013,9,1,69,276,2,1,1,3,AVENUE ALBERT RAMBOZ,0.0,0.0
201300033814,9,11,2013,12,1,69,199,2,2,1,6,"1, RUE PIERRE DUPONT",0.0,0.0
201300033815,9,11,2013,21,5,69,199,2,1,1,2,"0, RUE JULES GUESDE",0.0,0.0
201300033816,12,11,2013,8,1,69,259,2,1,1,2,"83, BOULEVARD AMBROISE C",0.0,0.0
201300033817,12,11,2013,12,1,69,259,2,2,1,3,"0, BOULEVARD IRENE JOLIO",0.0,0.0
201300033818,25,11,2013,21,5,69,259,2,2,1,3,"0, AVENUE JEAN CAGNE",0.0,0.0
201300033819,14,11,2013,20,5,69,199,2,3,2,4,RUE MARCEL SEMBAT,0.0,0.0
201300033820,18,11,2013,20,5,69,387,2,2,1,3,"1, QUAI CLAUDE BERNARD",0.0,0.0
201300033821,20,11,2013,15,1,69,199,2,3,8,1,CHEMIN FAURE,0.0,0.0
201300033822,23,11,2013,17,4,69,199,2,1,1,4,"1, AVENUE JEAN JAURES",0.0,0.0
201300033823,25,11,2013,8,1,69,199,2,1,1,3,"0, RUE MARCEL SEMBAT",0.0,0.0
201300033824,25,11,2013,9,1,69,259,2,1,1,6,"136, BOULEVARD IRENE JOL",0.0,0.0
201300033825,4,12,2013,6,5,69,259,2,2,1,3,RUE CARNOT,0.0,0.0
201300033826,3,12,2013,15,1,69,259,2,1,1,2,"3, RUE VICTOR HUGO",0.0,0.0
201300033827,10,12,2013,9,2,69,259,2,1,5,6,"0, RUE JEAN SEBASTIEN BA",0.0,0.0
201300033828,11,12,2013,18,5,69,259,2,1,1,5,"66, BOULEVARD AMBROISE C",0.0,0.0
201300033829,10,12,2013,12,1,69,259,2,3,1,2,"0, BOULEVARD LAURENT BON",0.0,0.0
201300033830,14,12,2013,18,5,69,259,2,3,1,1,"1, AVENUE JEAN CAGNE",0.0,0.0
201300033831,16,12,2013,12,1,69,259,2,1,1,6,"27, RUE JULES FERRY",0.0,0.0
201300033832,16,12,2013,20,5,69,259,2,1,1,3,"26 bis, CHEMIN DU LAQUAY",0.0,0.0
201300033833,23,12,2013,9,1,69,259,2,1,1,3,"387, ROUTE DE VIENNE",0.0,0.0
201300033834,17,12,2013,13,1,69,259,2,1,1,6,AVENUE FRANCIS DE PRESSE,0.0,0.0
201300033835,28,12,2013,15,1,69,259,2,1,2,4,"164, AVENUE FRANCIS DE P",0.0,0.0
201300033836,30,12,2013,17,2,69,259,2,1,1,6,"51, RUE LEO LAGRANGE",0.0,0.0
201300033837,1,2,2013,17,2,69,264,2,2,1,6,SALENGRO ROGER  BD,0.0,0.0
201300033838,20,2,2013,21,5,69,264,2,1,1,2,BRAUN THEODORE  AV,0.0,0.0
201300033839,30,3,2013,15,1,69,264,1,1,1,6,PASCAL BLAISE  R,0.0,0.0
201300033840,17,4,2013,16,1,69,264,2,1,1,6,"242, PAIX RUE DE LA",0.0,0.0
201300033841,10,4,2013,16,1,69,13,1,1,8,4,"3142, LONGSARD (ROUTE DE",0.0,0.0
201300033842,29,3,2013,13,1,69,115,1,1,2,5,"906, CORNICHE (RUE DE LA",0.0,0.0
201300033843,11,5,2013,14,1,69,92,1,1,1,6,"1, CHARMILLES (AVENUE DE",0.0,0.0
201300033844,3,5,2013,19,1,69,115,2,1,1,6,ANSE (ROUTE D'),0.0,0.0
201300033845,20,5,2013,0,5,69,92,2,2,1,6,SALENGRO (BOULEVARD ROGE,0.0,0.0
201300033846,13,7,2013,23,5,69,264,2,3,1,3,LAMARTINE  R,0.0,0.0
201300033847,18,7,2013,12,1,69,13,1,1,1,1,LONGSARD (ROUTE DE),0.0,0.0
201300033848,20,8,2013,8,1,69,92,2,6,1,6,SAINT ROCH (ROND POINT),0.0,0.0
201300033849,27,8,2013,20,5,69,92,1,1,2,1,"577, GRANDS MOULINS (CHE",0.0,0.0
201300033850,23,9,2013,19,2,69,264,2,1,1,6,"127, BALLOFFET JOSEPH",0.0,0.0
201300033851,27,9,2013,12,1,69,264,2,1,1,6,GAMBETTA  BD,0.0,0.0
201300033852,6,10,2013,15,1,69,264,2,1,2,6,HERON  PHILIPPE   R,0.0,0.0
201300033853,4,9,2013,18,1,69,264,2,3,1,6,"0, PASQUIER PIERRE  BD",0.0,0.0
201300033854,18,10,2013,18,2,69,264,2,1,1,6,"112, GRANGE BLAZET",0.0,0.0
201300033855,13,11,2013,7,2,69,115,2,1,1,6,"15 bis, HERRIOT (RUE EDO",0.0,0.0
201300033856,30,10,2013,17,1,69,264,2,1,1,3,"862, FRANS ROUTE DE",0.0,0.0
201300033857,8,11,2013,20,5,69,264,2,1,1,6,GODART JUSTIN  R,0.0,0.0
201300033858,25,11,2013,17,5,69,264,1,1,1,3,"1, JOUX  AV DE",0.0,0.0
201300033859,8,12,2013,0,5,69,264,2,1,1,6,"34, VERMOREL VICTOR BD",0.0,0.0
201300033860,2,12,2013,17,1,69,264,2,9,1,6,"32, RONCEVAUX R",0.0,0.0
201300033861,11,12,2013,18,5,69,264,1,1,5,3,BEAUREGARD DE ROUTE,0.0,0.0
201300033862,26,12,2013,14,1,69,264,2,3,1,6,HERRIOT EDOUARD  AV,0.0,0.0
201300033863,16,12,2013,15,1,69,264,2,2,1,6,"1, AUCOUR AUGUSTE  R",0.0,0.0
201300033864,1,1,2013,22,5,69,266,2,1,8,6,"31-33, AVENUE ROGER SALE",0.0,0.0
201300033865,5,1,2013,6,5,69,266,2,2,1,1,"1, COURS EMILE ZOLA",0.0,0.0
201300033866,9,1,2013,14,1,69,266,2,2,1,3,"1, RUE LEON BLUM",0.0,0.0
201300033867,10,1,2013,19,5,69,266,2,1,2,6,"352, COURS EMILE ZOLA",0.0,0.0
201300033868,15,1,2013,0,5,69,266,2,2,1,3,"0, RUE DU 4 AOUT 1789",0.0,0.0
201300033869,18,1,2013,8,1,69,266,2,2,1,6,"0, RUE VALENTIN HAUY",0.0,0.0
201300033870,18,1,2013,22,5,69,266,2,3,4,3,"0, RUE DU 8 MAI 1945",0.0,0.0
201300033871,24,1,2013,18,5,69,266,2,1,1,6,"9, AVENUE MARC SANGNIER",0.0,0.0
201300033872,1,2,2013,20,5,69,266,2,1,2,4,"177, RUE LEON BLUM",0.0,0.0
201300033873,2,2,2013,15,1,69,266,2,1,1,6,"247, COURS EMILE ZOLA",0.0,0.0
201300033874,11,2,2013,7,5,69,266,2,3,2,6,"0, RUE DE LA SOIE",0.0,0.0
201300033875,11,2,2013,8,1,69,266,2,1,2,3,"42, RUE ALEXANDRE BOUTIN",0.0,0.0
201300033876,24,2,2013,16,1,69,266,2,1,4,6,"0, RUE DE LA SOIE",0.0,0.0
201300033877,28,2,2013,15,1,69,266,2,3,1,5,"0, RUE JEAN JAURES",0.0,0.0
201300033878,19,3,2013,15,1,69,266,2,2,1,3,"28, RUE EUGENE FOURNIERE",0.0,0.0
201300033879,20,3,2013,8,1,69,266,2,1,1,3,RUE LEON BLUM,0.0,0.0
201300033880,22,3,2013,23,5,69,266,2,1,1,5,"146, AVENUE ROGER SALENG",0.0,0.0
201300033881,26,3,2013,12,1,69,266,2,1,1,6,"0, BOULEVARD LAURENT BON",0.0,0.0
201300033882,1,4,2013,21,5,69,266,2,1,1,6,"196, RUE DU 4 AOUT 1789",0.0,0.0
201300033883,3,4,2013,0,4,69,266,2,3,1,3,"0, BOULEVARD LAURENT BON",0.0,0.0
201300033884,8,4,2013,0,5,69,266,2,1,1,4,"40, BOULEVARD DU 11 NOVE",0.0,0.0
201300033885,11,4,2013,15,1,69,266,2,2,1,6,ROUTE DE GENAS,0.0,0.0
201300033886,10,4,2013,23,5,69,266,2,3,2,3,"0, AVENUE DU COMMANDANT",0.0,0.0
201300033887,17,4,2013,19,1,69,266,2,2,1,3,"19, RUE EDOUARD VAILLANT",0.0,0.0
201300033888,20,4,2013,23,5,69,266,2,3,1,3,"0, BOULEVARD DE LA BATAI",0.0,0.0