Num_Acc,jour,mois,an,hr,condition_eclairage,departement,commune,condition_agglomeration,intersection,condition_atmosphere,type_collision,adresse,lattitude,longitude
201300033889,8,5,2013,13,1,69,266,2,2,1,6,"0, COURS TOLSTOI",0.0,0.0
201300033890,10,5,2013,21,2,69,266,2,3,1,3,"0, COURS EMILE ZOLA",0.0,0.0
201300033891,15,5,2013,12,1,69,266,2,1,2,6,"256, ROUTE DE GENAS",0.0,0.0
201300033892,19,5,2013,11,1,69,266,2,1,2,6,"58, PLACE JULES GRANDCLE",0.0,0.0
201300033893,4,6,2013,12,1,69,266,2,1,1,6,"95, RUE LEON BLUM",0.0,0.0
201300033894,6,6,2013,4,5,69,266,2,2,1,3,"0, RUE LEON BLUM",0.0,0.0
201300033895,7,6,2013,19,1,69,266,2,1,1,6,"113, AVENUE ROGER SALENG",0.0,0.0
201300033896,11,6,2013,16,1,69,266,2,2,1,6,"., RUE DE FONTANIERES",0.0,0.0
201300033897,27,6,2013,17,1,69,266,2,1,1,6,"2/4, RUE JEAN OTTAVI",0.0,0.0
201300033898,26,6,2013,15,1,69,266,2,1,1,6,"16, RUE DU NORD",0.0,0.0
201300033899,3,7,2013,15,1,69,266,2,2,1,3,RUE DE L EPI DE BLE,0.0,0.0
201300033900,2,7,2013,9,1,69,266,2,2,1,3,"0, BOULEVARD EUGENE REGU",0.0,0.0
201300033901,17,7,2013,19,1,69,266,2,1,1,2,"161, COURS EMILE ZOLA",0.0,0.0
201300033902,17,7,2013,23,3,69,266,2,1,1,3,"0, RUE DU SOUVENIR FRANC",0.0,0.0
201300033903,27,7,2013,0,5,69,266,2,1,1,1,"75, RUE LUCETTE ET RENE",0.0,0.0
201300033904,7,8,2013,18,1,69,266,2,2,2,3,RUE LAFONTAINE,0.0,0.0
201300033905,17,8,2013,0,5,69,266,2,2,1,3,"0, RUE LEON BLUM",0.0,0.0
201300033906,17,8,2013,8,1,69,266,2,5,1,3,"269 BIS, ROUTE DE GENAS",0.0,0.0
201300033907,17,8,2013,11,1,69,266,2,2,1,3,"0, RUE HENRI ROLLAND",0.0,0.0
201300033908,19,8,2013,23,5,69,266,2,2,1,6,"132, RUE DEDIEU",0.0,0.0
201300033909,26,8,2013,23,5,69,266,2,1,1,6,"173, RUE LEON BLUM",0.0,0.0
201300033910,31,8,2013,18,1,69,266,2,3,1,6,"0, COURS EMILE ZOLA",0.0,0.0
201300033911,2,9,2013,7,1,69,266,2,1,1,3,"129, COURS EMILE ZOLA",0.0,0.0
201300033912,3,9,2013,8,1,69,266,2,1,1,6,"119, RUE DEDIEU",0.0,0.0
201300033913,7,9,2013,15,1,69,266,2,3,1,6,"0, RUE PAUL LAFARGUE",0.0,0.0
201300033914,18,9,2013,16,1,69,266,2,2,1,6,"07, RUE LEON BLUM",0.0,0.0
201300033915,17,9,2013,7,1,69,266,2,1,1,2,"161, COURS EMILE ZOLA",0.0,0.0
201300033916,12,9,2013,17,1,69,266,2,6,1,6,"3, RUE LOUISE MICHEL",0.0,0.0
201300033917,17,9,2013,12,1,69,266,2,1,1,6,"289, COURS EMILE ZOLA",0.0,0.0
201300033918,14,9,2013,12,1,69,266,2,2,1,2,"259 BIS, ROUTE DE GENAS",0.0,0.0
201300033919,20,9,2013,19,1,69,266,2,1,2,6,"2, RUE DE LA BOUBE",0.0,0.0
201300033920,23,9,2013,8,1,69,266,2,1,1,6,"8, RUE ANTONIN PERRIN",0.0,0.0
201300033921,24,9,2013,16,1,69,266,2,3,1,6,RUE DU 4 AOUT 1789,0.0,0.0
201300033922,30,9,2013,13,1,69,266,2,3,1,6,COURS TOLSTOI,0.0,0.0
201300033923,30,9,2013,19,5,69,266,2,3,1,3,"0, AVENUE GENERAL LECLER",0.0,0.0
201300033924,3,10,2013,13,1,69,266,2,6,1,6,"0, PLACE JULES GRANDCLEM",0.0,0.0
201300033925,6,10,2013,21,5,69,266,2,1,1,1,"0, RUE EUGENE POTTIER",0.0,0.0
201300033926,7,10,2013,19,2,69,266,2,3,1,3,"0, RUE LAFONTAINE",0.0,0.0
201300033927,8,10,2013,17,1,69,266,2,2,1,6,"0, RUE LEON BLUM",0.0,0.0
201300033928,8,10,2013,19,5,69,266,2,2,1,3,"165 BIS, RUE LEON BLUM",0.0,0.0
201300033929,2,10,2013,13,1,69,266,2,1,1,3,"118, RUE ALEXIS PERRONCE",0.0,0.0
201300033930,15,10,2013,19,5,69,266,2,2,3,6,"0, RUE ANTONIN PERRIN",0.0,0.0
201300033931,18,10,2013,21,5,69,266,2,1,1,3,"26, COURS EMILE ZOLA",0.0,0.0
201300033932,20,10,2013,14,1,69,266,2,2,1,3,"0, COURS EMILE ZOLA",0.0,0.0
201300033933,23,10,2013,20,5,69,266,2,2,1,3,"0, RUE DU 8 MAI 1945",0.0,0.0
201300033934,15,10,2013,17,2,69,266,2,3,2,6,"67, RUE PAUL VERLAINE",0.0,0.0
201300033935,24,10,2013,20,5,69,266,2,1,1,6,"55, RUE LOUIS BECKER",0.0,0.0
201300033936,24,10,2013,7,2,69,266,2,6,1,3,"0, AVENUE ANTOINE DE SAI",0.0,0.0
201300033937,27,10,2013,19,5,69,266,2,2,1,1,"0, COURS EMILE ZOLA",0.0,0.0
201300033938,30,10,2013,10,1,69,266,2,1,1,6,"14, RUE BAUDELAIRE",0.0,0.0
201300033939,2,11,2013,17,4,69,266,2,6,1,3,"0, AVENUE ANTOINE DE SAI",0.0,0.0
201300033940,4,11,2013,12,1,69,266,2,2,1,6,"0, COURS TOLSTOI",0.0,0.0
201300033941,7,11,2013,15,1,69,266,2,1,1,6,"4, PETITE RUE PASTEUR",0.0,0.0
201300033942,9,11,2013,2,5,69,266,2,3,2,3,"0, AVENUE ROGER SALENGRO",0.0,0.0
201300033943,14,11,2013,19,3,69,266,2,1,2,6,"5, AVENUE DU COMMANDANT",0.0,0.0
201300033944,16,11,2013,17,5,69,266,2,2,1,3,"0, COURS ANDRE PHILIP",0.0,0.0
201300033945,18,11,2013,18,1,69,266,2,2,1,3,"0, COURS ANDRE PHILIP",0.0,0.0
201300033946,16,11,2013,18,5,69,266,2,3,1,3,"01, AVENUE ALBERT EINSTE",0.0,0.0
201300033947,19,11,2013,20,5,69,266,2,2,2,5,"0, RUE RACINE",0.0,0.0
201300033948,28,11,2013,9,1,69,266,2,3,1,6,"0, AVENUE PAUL KRUGER",0.0,0.0
201300033949,29,11,2013,19,3,69,266,2,4,1,5,"0, PONT DE CUSSET",0.0,0.0
201300033950,29,11,2013,22,5,69,266,2,3,2,2,"0, BOULEVARD LAURENT BON",0.0,0.0
201300033951,4,12,2013,6,5,69,266,2,4,1,6,"1, AVENUE ROGER SALENGRO",0.0,0.0
201300033952,5,12,2013,14,1,69,266,2,3,1,6,"37 B, RUE DU 8 MAI 1945",0.0,0.0
201300033953,6,12,2013,3,5,69,266,2,2,1,6,"0, RUE DU 4 AOUT 1789",0.0,0.0
201300033954,6,12,2013,12,1,69,266,2,3,2,3,"0, RUE DU 8 MAI 1945",0.0,0.0
201300033955,7,12,2013,17,1,69,266,2,1,1,3,"27, RUE GABRIEL PERI",0.0,0.0
201300033956,14,12,2013,20,5,69,266,2,1,1,6,"., RUE DU PONT DES PLANC",0.0,0.0
201300033957,14,12,2013,20,5,69,266,2,3,1,1,"0, RUE ANATOLE FRANCE",0.0,0.0
201300033958,18,12,2013,10,1,69,266,2,1,1,6,"170, COURS TOLSTOI",0.0,0.0
201300033959,29,12,2013,14,1,69,266,2,4,1,6,"0, PONT DE CUSSET",0.0,0.0
201300033960,30,12,2013,21,5,69,266,2,6,1,6,"0, QUAI CHARLES DE GAULL",0.0,0.0
201300033961,20,1,2013,19,5,69,275,2,1,4,6,"0, CHEMIN DE LA RIZE",0.0,0.0
201300033962,24,1,2013,9,1,69,275,2,1,8,6,"24, ROUTE DE JONAGE",0.0,0.0
201300033963,12,2,2013,16,1,69,275,2,1,8,3,"0, RUE MICHEL SERVET",0.0,0.0
201300033964,21,2,2013,9,1,69,275,2,1,1,6,"287, AVENUE JEAN JAURES",0.0,0.0
201300033965,2,3,2013,4,5,69,275,2,2,1,6,"0, AVENUE JEAN JAURES",0.0,0.0
201300033966,4,3,2013,13,1,69,275,2,1,1,3,"219, AVENUE FRANKLIN ROO",0.0,0.0
201300033967,25,4,2013,17,1,69,275,2,6,1,3,RUE DE LA REPUBLIQUE,0.0,0.0
201300033968,9,5,2013,17,1,69,275,2,1,2,6,"79, CHEMIN DE LA RIZE",0.0,0.0
201300033969,17,5,2013,16,1,69,275,2,1,1,6,"83, RUE RASPAIL",0.0,0.0
201300033970,8,7,2013,11,1,69,275,2,2,1,3,"0, ROUTE DE VAULX",0.0,0.0
201300033971,1,8,2013,21,5,69,275,2,1,1,6,RUE CLAUDE MONET,0.0,0.0
201300033972,19,8,2013,23,5,69,275,2,3,1,3,"0, AVENUE JEAN JAURES",0.0,0.0
201300033973,18,9,2013,21,5,69,275,2,3,1,6,"54, AVENUE JEAN JAURES",0.0,0.0
201300033974,19,9,2013,17,1,69,275,2,1,1,6,"104, AVENUE FRANKLIN ROO",0.0,0.0
201300033975,3,10,2013,7,1,69,275,2,1,1,6,"156, RUE EMILE ZOLA",0.0,0.0
201300033976,7,10,2013,9,1,69,275,2,1,1,3,"27 TER, AVENUE JEAN JAUR",0.0,0.0
201300033977,11,10,2013,17,1,69,275,2,1,1,6,"., RUE EMILE BERTRAND",0.0,0.0
201300033978,18,10,2013,21,5,69,275,1,1,1,7,"60, AVENUE EDOUARD HERRI",0.0,0.0
201300033979,2,11,2013,17,2,69,275,2,2,1,2,"114, RUE EMILE ZOLA",0.0,0.0
201300033980,16,11,2013,2,5,69,275,2,3,1,6,"81-88, RUE PAUL BERT",0.0,0.0
201300033981,4,12,2013,6,2,69,275,2,1,5,6,"397, AVENUE JEAN JAURES",0.0,0.0
201300033982,4,12,2013,8,1,69,275,2,3,1,3,"0, AVENUE DES JONQUILLES",0.0,0.0
201300033983,5,12,2013,15,1,69,275,2,1,1,6,"19, AVENUE DES BRUYERES",0.0,0.0
201300033984,16,12,2013,14,1,69,275,2,2,1,6,AVENUE JEAN JAURES,0.0,0.0
201300033985,7,4,2013,17,1,69,282,2,1,1,6,"4, RUE DU RAMBION",0.0,0.0
201300033986,13,6,2013,21,5,69,282,2,6,2,2,"0, RUE DE LA REPUBLIQUE",0.0,0.0
201300033987,8,7,2013,22,5,69,282,2,2,1,3,"0, RUE DE LA REPUBLIQUE",0.0,0.0
201300033988,1,8,2013,17,1,69,282,2,2,1,6,"., RUE DE LA REPUBLIQUE",0.0,0.0
201300033989,16,8,2013,8,1,69,282,2,1,1,3,"30, AVENUE HECTOR BERLIO",0.0,0.0
201300033990,6,9,2013,7,1,69,282,2,6,1,6,"0, AVENUE HECTOR BERLIOZ",0.0,0.0
201300033991,5,9,2013,7,1,69,282,2,1,1,6,"0, RUE DE LA GARE",0.0,0.0
201300033992,17,9,2013,19,1,69,282,2,6,1,6,"0, ROUTE DEPARTEMENTALE",0.0,0.0
201300033993,7,9,2013,19,2,69,282,2,1,3,6,"0, ROUTE DEPARTEMENTALE",0.0,0.0
201300033994,17,10,2013,17,1,69,282,2,2,1,6,AVENUE DE VERDUN,0.0,0.0
201300033995,25,10,2013,23,5,69,282,2,1,1,1,"0, RUE JEAN JAURES",0.0,0.0
201300033996,4,11,2013,9,1,69,282,2,1,2,6,"77, RUE DE LA REPUBLIQUE",0.0,0.0
201300033997,29,11,2013,17,2,69,282,2,3,1,3,"0, AVENUE DE LA LIBERATI",0.0,0.0
201300033998,4,12,2013,15,1,69,282,2,2,1,6,"., AVENUE DE VERDUN",0.0,0.0
201300033999,19,12,2013,7,5,69,282,2,1,2,6,"3, AVENUE LIONEL TERRAY",0.0,0.0
201300034000,4,1,2013,17,3,69,286,2,1,1,6,"28, AVENUE DE L EUROPE",0.0,0.0
201300034001,9,1,2013,12,1,69,286,2,1,1,4,"16, AVENUE DE L EUROPE",0.0,0.0
201300034002,8,1,2013,19,3,69,286,2,1,1,6,"7, CHEMIN DE LA PELLETIE",0.0,0.0
201300034003,14,1,2013,17,2,69,286,2,1,9,4,"600, AVENUE DE L INDUSTR",0.0,0.0
201300034004,24,1,2013,6,2,69,286,2,1,1,7,"295, ROUTE DE STRASBOURG",0.0,0.0
201300034005,29,1,2013,18,5,69,286,2,1,2,6,"2489, ROUTE DE STRASBOUR",0.0,0.0
201300034006,17,2,2013,15,1,69,286,2,2,1,3,RUE FLEURY SALIGNAT,0.0,0.0
201300034007,4,4,2013,16,1,69,286,2,1,1,3,ROUTE DE STRASBOURG,0.0,0.0
201300034008,16,6,2013,18,2,69,286,2,3,1,3,"00, ROUTE DE GENEVE",0.0,0.0
201300034009,22,6,2013,15,1,69,286,2,6,1,6,"00, ROUTE DE STRASBOURG",0.0,0.0
201300034010,19,7,2013,13,1,69,286,1,2,1,3,CHEMIN DE SATHONAY VILLA,0.0,0.0
201300034011,23,7,2013,18,1,69,286,2,1,1,2,ROUTE DE GENEVE,0.0,0.0
201300034012,25,7,2013,23,3,69,286,1,1,1,1,ROUTE DE STRASBOURG,0.0,0.0
201300034013,26,7,2013,11,1,69,286,2,1,7,3,"3380, ROUTE DE STRASBOUR",0.0,0.0
201300034014,26,8,2013,15,1,69,286,2,1,7,7,chemin des Persevodes,0.0,0.0
201300034015,2,9,2013,12,1,69,286,2,1,1,6,"30, AVENUE DE L EUROPE",0.0,0.0
201300034016,12,9,2013,14,1,69,286,2,1,1,6,"11, AVENUE DE L EUROPE",0.0,0.0
201300034017,16,9,2013,13,1,69,286,2,1,1,2,"3 bis, AVENUE GENERAL LE",0.0,0.0
201300034018,23,9,2013,17,1,69,286,2,1,1,6,"39, ROUTE DE GENEVE",0.0,0.0
201300034019,10,1,2013,10,1,69,290,2,3,2,2,"0, RUE ARISTIDE BRIAND",0.0,0.0
201300034020,10,1,2013,16,1,69,290,2,2,2,6,"0, AVENUE JEAN JAURES",0.0,0.0
201300034021,28,1,2013,18,5,69,290,2,2,1,3,"0, ROUTE DE LYON",0.0,0.0
201300034022,18,2,2013,7,1,69,290,2,2,1,2,"0, ROUTE DE LYON",0.0,0.0
201300034023,6,3,2013,9,1,69,290,2,2,2,3,"0, RUE GARIBALDI",0.0,0.0
201300034024,9,3,2013,15,1,69,290,2,1,1,6,"0, BOULEVARD ANDRE BOULL",0.0,0.0
201300034025,8,3,2013,19,5,69,290,2,1,1,4,"34, RUE ARISTIDE BRIAND",0.0,0.0
201300034026,14,3,2013,19,5,69,290,2,1,1,6,"47-49, RUE ARISTIDE BRIA",0.0,0.0
201300034027,18,3,2013,13,1,69,290,2,2,2,3,"0, RUE ARISTIDE BRIAND",0.0,0.0
201300034028,3,4,2013,12,1,69,290,2,1,1,6,"11, RUE ARISTIDE BRIAND",0.0,0.0
201300034029,15,4,2013,16,1,69,290,2,2,1,3,"0, RUE DU BEAUJOLAIS",0.0,0.0
201300034030,25,4,2013,19,1,69,290,2,2,1,6,"0, Boulevard Cit? Berlie",0.0,0.0
201300034031,30,4,2013,12,1,69,290,2,3,8,6,"33, RUE DE LA CORDIERE",0.0,0.0
201300034032,8,5,2013,13,1,69,290,2,2,1,2,"., AVENUE JEAN JAURES",0.0,0.0
201300034033,10,5,2013,17,1,69,290,2,3,1,3,"0, RUE HENRI MARECHAL",0.0,0.0
201300034034,13,5,2013,8,1,69,290,2,2,1,3,"0, Boulevard Cit? Berlie",0.0,0.0
201300034035,13,5,2013,23,5,69,290,2,2,1,3,"., AVENUE JEAN JAURES",0.0,0.0
201300034036,16,5,2013,11,1,69,290,2,1,2,2,"14, RUE ARISTIDE BRIAND",0.0,0.0
201300034037,28,5,2013,16,1,69,290,2,6,3,3,"0, RUE DE L AVIATION",0.0,0.0
201300034038,3,6,2013,15,1,69,290,2,1,1,1,"0, CHEMIN DE SAINT MARTI",0.0,0.0
201300034039,3,6,2013,18,1,69,290,2,1,1,3,"86 TER, AVENUE JEAN JAUR",0.0,0.0
201300034040,14,6,2013,15,1,69,290,2,1,1,3,"0, RUE DE LA CORDIERE",0.0,0.0
201300034041,20,6,2013,13,1,69,290,2,3,1,3,"45, RUE ALFRED DE VIGNY",0.0,0.0
201300034042,21,6,2013,21,1,69,290,2,1,1,6,"35, RUE LOUIS BRAILLE",0.0,0.0
201300034043,25,6,2013,16,1,69,290,2,2,1,3,"0, BOULEVARD DE LA PORTE",0.0,0.0
201300034044,27,6,2013,18,1,69,290,2,2,1,3,"0, BOULEVARD DE LA PORTE",0.0,0.0
201300034045,2,7,2013,16,1,69,290,2,2,1,3,"0, BOULEVARD ANDRE BOULL",0.0,0.0
201300034046,8,7,2013,15,1,69,290,2,2,1,3,"0, RUE DE L AGRICULTURE",0.0,0.0
201300034047,12,8,2013,19,1,69,290,2,2,1,3,"0, AVENUE CHARLES DE GAU",0.0,0.0
201300034048,13,8,2013,8,1,69,290,2,1,1,2,"0, RUE DU LYONNAIS",0.0,0.0
201300034049,20,8,2013,11,1,69,290,2,1,1,2,"6, BOULEVARD EDOUARD HER",0.0,0.0
201300034050,2,9,2013,11,1,69,290,2,1,1,6,"10, ROUTE DE LYON",0.0,0.0
201300034051,5,9,2013,20,5,69,290,2,6,1,3,"0, BOULEVARD EDOUARD HER",0.0,0.0
201300034052,13,9,2013,8,1,69,290,2,2,1,6,"0, BOULEVARD PASTEUR",0.0,0.0
201300034053,27,9,2013,17,1,69,290,2,1,1,6,"40, RUE LOUIS BRAILLE",0.0,0.0
201300034054,29,9,2013,16,1,69,290,2,1,3,6,"0, RUE DU LYONNAIS",0.0,0.0
201300034055,30,9,2013,11,1,69,290,2,1,1,1,"222, ROUTE DE GRENOBLE",0.0,0.0
201300034056,17,10,2013,18,1,69,290,2,1,9,6,"., CHEMIN DE LA FOUILLOU",0.0,0.0
201300034057,15,10,2013,20,5,69,290,2,6,2,3,ROND-POINT DES DROITS DE,0.0,0.0
201300034058,16,10,2013,18,5,69,290,2,1,2,5,"16, RUE ARISTIDE BRIAND",0.0,0.0
201300034059,17,10,2013,20,5,69,290,2,1,1,6,"119, ROUTE D HEYRIEUX",0.0,0.0
201300034060,22,10,2013,16,1,69,290,2,1,6,2,ROUTE DE GRENOBLE,0.0,0.0
201300034061,24,10,2013,13,1,69,290,2,1,1,4,"145, ROUTE DE GRENOBLE",0.0,0.0
201300034062,25,10,2013,12,1,69,290,2,2,1,1,AVENUE B CITE BERLIET,0.0,0.0
201300034063,31,10,2013,8,1,69,290,2,1,1,2,"146, ROUTE DE GRENOBLE",0.0,0.0
201300034064,1,11,2013,14,1,69,290,2,1,1,2,"99, ROUTE DE LYON",0.0,0.0
201300034065,8,11,2013,12,1,69,290,2,4,8,2,"0, RUE DE L AVIATION",0.0,0.0
201300034066,9,11,2013,19,5,69,290,2,9,3,3,"0, RUE COMMANDANT CHARCO",0.0,0.0
201300034067,16,11,2013,14,1,69,290,2,1,8,2,"211, ROUTE DE GRENOBLE",0.0,0.0
201300034068,23,11,2013,3,5,69,290,2,2,1,3,"0, RUE JULES FERRY",0.0,0.0
201300034069,3,12,2013,18,5,69,290,2,1,1,3,"14, BOULEVARD DES ROSES",0.0,0.0
201300034070,10,12,2013,8,1,69,290,2,1,5,6,"24, RUE DU GRISARD",0.0,0.0
201300034071,11,12,2013,18,5,69,290,2,1,1,2,"32, ROUTE DE LYON",0.0,0.0
201300034072,9,12,2013,10,1,69,290,2,1,5,1,"0, RUE DU LYONNAIS",0.0,0.0
201300034073,11,12,2013,18,5,69,290,2,1,1,4,"96 BIS, ROUTE DE GRENOBL",0.0,0.0
201300034074,17,12,2013,14,1,69,290,2,2,1,2,"50, ROUTE DE LYON",0.0,0.0
201300034075,31,12,2013,12,1,69,290,2,2,1,3,"0, ROUTE DE GRENOBLE",0.0,0.0
201300034076,28,2,2013,1,3,69,299,2,1,9,7,RD 517 E,0.0,0.0
201300034077,10,7,2013,10,1,70,285,1,1,1,2,RD 438H,0.0,0.0
201300034078,19,7,2013,19,1,70,285,2,1,1,3,MONT VAUDOIS (RUE DU),0.0,0.0
201300034079,10,12,2013,14,1,70,285,1,1,7,2,CD 438,0.0,0.0
201300034080,5,2,2013,17,1,70,550,2,6,2,3,RUE LUCIE ET RAYMOND AUB,0.0,0.0
201300034081,12,4,2013,16,1,70,550,2,1,2,6,"2, GERLINGEN (RUE DE)",0.0,0.0
201300034082,14,4,2013,11,1,70,513,1,3,1,3,PUSEY (ROUTE DE),0.0,0.0
201300034083,23,4,2013,17,1,70,261,1,1,1,2,RN19,0.0,0.0
201300034084,28,4,2013,1,5,70,550,1,1,2,6,ROCADE OUEST - RD 457,0.0,0.0
201300034085,11,5,2013,11,1,70,550,2,2,1,1,KENNEDY (BOULEVARD),0.0,0.0
201300034086,16,5,2013,10,1,70,550,2,1,2,6,MOREL (RUE PAUL),0.0,0.0
201300034087,6,6,2013,16,1,70,261,2,3,1,3,,0.0,0.0
201300034088,15,6,2013,10,1,70,550,2,1,1,7,2 COUBERTIN (RUE PIERRE),0.0,0.0
201300034089,7,7,2013,3,5,70,378,2,1,1,7,"4, LECLERC (RUE GENERAL)",0.0,0.0
201300034090,21,7,2013,13,1,70,550,2,1,1,3,"21, BARON BOUVIER (RUE)",0.0,0.0
201300034091,4,8,2013,6,2,70,388,2,1,1,6,RUE DES FAINES,0.0,0.0
201300034092,14,8,2013,19,1,70,550,2,1,1,6,BELIN (RUE EDOUARD),0.0,0.0
201300034093,29,8,2013,16,1,70,550,2,1,1,3,ROCADE OUEST - RD 457,0.0,0.0
201300034094,3,9,2013,14,1,70,550,2,3,1,3,JAURES (RUE JEAN),0.0,0.0
201300034095,6,9,2013,22,3,70,261,1,1,1,7,RN 57,0.0,0.0
201300034096,7,9,2013,5,5,70,550,2,1,1,1,MAGINOT (RUE ANDRE),0.0,0.0
201300034097,10,10,2013,16,1,70,550,2,1,1,6,"95, BRIAND (RUE ARISTIDE",0.0,0.0
201300034098,16,10,2013,0,5,70,388,2,1,3,6,RUE DE LA VAIVRE,0.0,0.0
201300034099,20,10,2013,14,1,70,261,1,3,1,3,RN 57,0.0,0.0
201300034100,27,10,2013,0,5,70,550,2,6,1,3,LIBERATION (ROND POINT D,0.0,0.0
201300034101,19,12,2013,21,5,70,388,1,1,1,7,RD457,0.0,0.0
201300034102,23,12,2013,8,2,70,550,2,1,2,6,GARE (AVENUE DE LA),0.0,0.0
201300034103,23,12,2013,15,1,70,550,2,3,1,2,KENNEDY (BOULEVARD),0.0,0.0
201300034104,3,1,2013,10,1,71,76,2,3,1,3,15 avenue deL AUBEPIN,46.79487,4.84708
201300034105,5,1,2013,15,1,71,76,2,1,1,6,AVENUE DE VERDUN,46.7762,4.86042
201300034106,16,1,2013,9,1,71,76,2,3,1,6,rue de l'asile,46.78172,4.84699
201300034107,26,1,2013,11,1,71,445,2,1,1,6,1 RUE PHILIPPE FLATOT,46.77592,4.89111
201300034108,7,2,2013,12,1,71,76,2,3,1,3,34 QUAI SAINTE MARIE,46.78234,4.86243
201300034109,8,2,2013,7,1,71,81,2,1,4,1,104 RUE DE PARIS,46.82224,4.83492
201300034110,8,2,2013,19,5,71,475,2,2,1,3,67 ROUTE DE GIVRY,46.77389,4.82105
201300034111,2,3,2013,11,1,71,445,2,1,1,6,ROUTE D OSLON,46.7828,4.91104
201300034112,11,3,2013,8,1,71,76,2,2,1,6,AVENUE MONNOT,46.78694,4.85821
201300034113,15,3,2013,0,5,71,445,1,1,1,1,RD673,0.0,0.0
201300034114,16,3,2013,11,1,71,475,2,9,1,1,RUE AUGUSTE MARTIN,46.76601,4.83725
201300034115,23,3,2013,17,1,71,445,2,1,1,1,33 rue de la VILLENEUVE,46.76718,4.89349
201300034116,3,4,2013,17,1,71,475,2,3,1,2,DEPARTEMENTALE 977,46.75119,4.81949
201300034117,8,4,2013,11,1,71,76,2,1,2,2,rue des POILUS D'ORIENT,46.79437,4.83537
201300034118,9,4,2013,9,1,71,76,2,1,2,3,avenue  KENNEDY,46.79651,4.86271
201300034119,12,4,2013,10,1,71,76,2,1,1,6,74 GRANDE RUE,46.78307,4.85599
201300034120,23,4,2013,14,1,71,76,2,1,1,6,avenue NIEPCE,46.78279,4.8474
201300034121,28,4,2013,16,1,71,76,2,3,1,3,rue de  THIARD,46.7821,4.85278
201300034122,2,5,2013,11,1,71,76,2,3,1,3,1 avenue KENNEDY,0.0,0.0
201300034123,2,5,2013,15,1,71,475,1,9,1,3,ROUTE NATIONALE 80,0.0,0.0
201300034124,16,5,2013,17,1,71,118,2,1,1,6,34 avenue DE GAULLE,46.79519,4.81574
201300034125,3,6,2013,13,1,71,76,2,1,1,3,1RUE  ROSTAND,46.77801,4.83946
201300034126,6,6,2013,7,1,71,76,2,9,1,6,rue 56 EME RI,46.79174,4.84968
201300034127,12,6,2013,12,1,71,76,2,3,1,3,rue du 134 EME RI,46.78931,4.84198
201300034128,18,6,2013,8,1,71,76,2,1,1,6,avenue  KENNEDY,0.0,0.0
201300034129,23,7,2013,8,1,71,76,2,9,1,6,rue 56 EME RI,46.79174,4.84967
201300034130,22,8,2013,10,1,71,76,2,1,1,6,avenue  KENNEDY,46.7965,4.86294
201300034131,30,8,2013,15,1,71,76,2,2,1,3,13rue de NOVARA,46.79626,4.86079
201300034132,3,9,2013,17,1,71,445,1,1,1,5,avenue de CHALON,0.0,0.0
201300034133,10,9,2013,18,1,71,76,2,1,1,3,23 rue de BELFORT,46.78594,4.85687
201300034134,12,9,2013,17,1,71,118,2,1,1,6,32 rue de la LIBERTE,46.80131,4.81387
201300034135,5,10,2013,19,1,71,76,2,1,1,6,rue du 134 EME RI,46.78997,4.8435
201300034136,8,10,2013,7,5,71,81,2,1,1,3,1rue de PARIS,46.82029,4.83688
201300034137,11,10,2013,12,1,71,76,2,3,1,3,64 rue BOIS DE MENUSE,46.80417,4.85345
201300034138,27,10,2013,18,5,71,76,2,1,1,6,19 rue pierre LOTI,46.80488,4.84436
201300034139,31,10,2013,16,1,71,76,2,1,1,6,rue PALAIS DE JUSTICE,46.78436,4.85389
201300034140,15,11,2013,22,5,71,76,2,1,1,3,72 AVENUE BOUCICAUT,46.78678,4.84015
201300034141,5,11,2013,8,2,71,76,2,2,1,3,1rue LEDRU ROLLIN,46.78756,4.83886
201300034142,27,11,2013,18,5,71,76,2,1,1,6,pierre DELIRY,46.79337,4.85315
201300034143,6,1,2013,20,3,71,309,2,3,8,3,MARECHAL JOFFRE PROLONGE,46.7897,4.40361
201300034144,29,1,2013,12,1,71,153,2,3,1,3,AVENUE MONTVALTIN,46.79588,4.45332
201300034145,1,2,2013,14,1,71,153,2,9,8,6,rue ETANG DE LA FORGE,46.79766,4.43322
201300034146,8,2,2013,17,1,71,59,2,3,1,3,rue des GRANDES RAIES,46.80613,4.46962
201300034147,29,3,2013,23,3,71,153,2,9,2,1,rue STADE JEAN GARNIER,0.0,0.0
201300034148,8,5,2013,10,1,71,153,2,1,1,6,8 rue PRESIDENT WILSON,46.79895,4.43763
201300034149,16,6,2013,9,1,71,153,2,2,1,3,rue edith CAVELL,46.795,4.42508
201300034150,27,6,2013,16,1,71,153,2,9,1,6,rue PRESIDENT WILSON,0.0,0.0
201300034151,28,6,2013,16,1,71,153,2,1,1,5,bd des ABATTOIRS,0.0,0.0
201300034152,24,7,2013,9,1,71,153,2,9,1,3,rue de LONGWY,0.0,0.0
201300034153,13,8,2013,7,1,71,540,2,1,1,1,route bois morey,0.0,0.0
201300034154,15,8,2013,2,5,71,153,2,1,1,6,AVENUE DE VERDUN,46.79964,4.43916
201300034155,31,8,2013,15,1,71,540,1,9,1,6,le VIEUX SAULE,0.0,0.0
201300034156,2,9,2013,13,1,71,540,2,9,1,6,Rond-Point du Vieux Saul,0.0,0.0
201300034157,16,9,2013,10,1,71,309,2,1,3,1,route COMBE AUX BEAUTES,46.79728,4.39093