Num_Acc,jour,mois,an,hr,condition_eclairage,departement,commune,condition_agglomeration,intersection,condition_atmosphere,type_collision,adresse,lattitude,longitude
201300034158,26,10,2013,15,1,71,153,2,9,1,6,MARTYRS DE LA LIBERATION,46.80725,4.43398
201300034159,5,11,2013,17,5,71,540,2,2,2,3,carrefour HUIT MAI,46.78663,4.43256
201300034160,9,11,2013,13,1,71,153,1,1,1,6,rue de POLOGNE,46.7917,4.44659
201300034161,9,11,2013,17,2,71,153,2,3,3,6,rue MARECHAL FOCH,46.80515,4.45742
201300034162,22,11,2013,11,1,71,153,2,3,4,3,avenue de MONTALVIN,46.80478,4.45951
201300034163,2,12,2013,9,1,71,540,1,1,1,1,route CENTRE A CENTRE,46.76661,4.44271
201300034164,4,12,2013,20,5,71,153,2,1,1,6,124 rue EDITH CAVELL,46.79611,4.42446
201300034165,11,1,2013,22,5,71,270,2,3,1,3,place poissonniere,46.30438,4.83466
201300034166,6,2,2013,14,1,71,105,2,1,2,6,1 rue du VIEUX TEMPLE,0.0,0.0
201300034167,15,2,2013,20,5,71,270,2,1,1,2,QUAI LAMARTINE,0.0,0.0
201300034168,12,2,2013,15,1,71,497,2,1,1,6,BD GENERAL DE GAULLE,0.0,0.0
201300034169,18,3,2013,20,5,71,270,2,3,2,4,RUE CHARLES PILLET,46.29591,4.81428
201300034170,21,3,2013,21,5,71,270,2,1,1,6,45 BD des  NEUF CLES,46.31413,4.82074
201300034171,26,3,2013,14,1,71,105,1,1,1,1,ROUTE NATIONALE 79,0.0,0.0
201300034172,19,5,2013,20,2,71,270,2,1,9,6,quai JAURES,0.0,0.0
201300034173,1,6,2013,0,5,71,270,2,6,1,7,1BD SCHOELCHER,46.31951,4.82558
201300034174,7,6,2013,13,1,71,270,2,1,1,6,1rue BIGONNET,46.3032,4.82664
201300034175,11,7,2013,18,1,71,270,2,2,1,3,avenue DE GAULLE,46.31389,4.83597
201300034176,9,8,2013,20,2,71,270,2,3,1,3,1rue de SANCE,46.32181,4.83166
201300034177,1,9,2013,8,1,71,270,2,2,1,3,quai LAMARTINE,46.30535,4.83571
201300034178,5,9,2013,8,1,71,270,2,1,1,6,1 rue gustave EIFFEL,46.28693,4.8099
201300034179,4,10,2013,15,1,71,270,2,1,3,6,rue du 28 JUIN 1944,46.30979,4.83637
201300034180,9,10,2013,20,3,71,105,1,1,1,6,1 route  ALLOGNERAIES,46.30181,4.7947
201300034181,15,10,2013,0,3,71,105,1,1,1,6,route de CLUNY,0.0,0.0
201300034182,16,10,2013,20,5,71,270,2,1,2,6,1rue de la  LIBERATION,46.3079,4.82998
201300034183,29,10,2013,11,1,71,270,2,1,1,6,quai dLATTRE DE TASSIGNY,0.0,0.0
201300034184,3,11,2013,18,4,71,105,2,1,1,1,route des ALLEMANDS,0.0,0.0
201300034185,14,11,2013,17,5,71,270,2,1,3,6,1avenue CASSIN,46.32823,4.82361
201300034186,25,11,2013,16,1,71,270,2,2,1,3,1 Rue de l'Europe,46.29824,4.82878
201300034187,19,11,2013,9,1,71,270,2,1,2,6,1rue gabriel JEANTON,46.304,4.82968
201300034188,2,12,2013,17,2,71,270,2,1,1,3,1 rue frederic MISTRAL,46.29226,4.81103
201300034189,21,12,2013,17,5,71,270,2,1,1,6,1rue louise  MICHEL,46.32819,4.82806
201300034190,12,2,2013,21,5,71,486,2,2,2,3,1 BOULEVARD DE VERDUN,46.64393,4.31989
201300034191,9,3,2013,17,1,71,486,2,2,1,3,45 avenue  JEAN JAURES,46.64364,4.35881
201300034192,1,4,2013,15,1,71,306,2,3,1,3,28 rue de SEMARD,46.67058,4.37811
201300034193,11,5,2013,1,5,71,486,2,1,1,7,84 FRANKLIN ROOSEVELT,46.64888,4.35749
201300034194,22,6,2013,11,1,71,306,2,1,1,2,1quai GENERAL DE GAULLE,0.0,0.0
201300034195,29,6,2013,6,1,71,306,2,1,1,7,2 quai JULES CHAGOT,46.67814,4.36628
201300034196,10,8,2013,12,1,71,306,2,1,1,3,1avenue des ALOUETTES,46.67844,4.36635
201300034197,3,9,2013,9,1,71,486,2,3,1,3,rue ANATOLE FRANCE,0.0,0.0
201300034198,7,1,2013,18,5,72,181,2,1,1,6,WAGRAM (RUE),0.0,0.0
201300034199,11,1,2013,8,2,72,181,2,6,2,3,TIRONNEAU ADRIEN (PL),0.0,0.0
201300034200,24,1,2013,23,5,72,181,2,1,1,6,BOLLEE (AV) N? IMP 347 E,0.0,0.0
201300034201,26,1,2013,7,5,72,181,2,1,4,6,"241, BOLLEE (AV) N? IMP",0.0,0.0
201300034202,4,2,2013,7,5,72,181,1,1,2,6,LYAUTEY MARECHAL (AV) N?,0.0,0.0
201300034203,9,2,2013,19,5,72,181,2,1,2,6,"161, LIBERATION (AV DE L",0.0,0.0
201300034204,19,2,2013,15,1,72,181,2,3,1,3,MESSIAEN OLIVIER (AV) IM,0.0,0.0
201300034205,1,3,2013,23,5,72,181,2,1,1,6,"155, LIBERATION (AV DE L",0.0,0.0
201300034206,5,3,2013,10,1,72,181,2,1,1,3,"SANS, GAULLE GENERAL DE",0.0,0.0
201300034207,19,3,2013,15,1,72,181,2,1,2,7,NEWTON (PROMENADE),0.0,0.0
201300034208,28,3,2013,13,1,72,181,1,1,1,6,WASHINGTON GEORGES (PL),0.0,0.0
201300034209,16,4,2013,16,1,72,181,2,2,1,3,GENESLAY FELIX (AV) N? I,0.0,0.0
201300034210,18,4,2013,11,1,72,181,2,3,1,3,"sans, PASTEUR (RUE)",0.0,0.0
201300034211,1,5,2013,10,1,72,181,2,1,1,6,BRETAGNE (AV DE),0.0,0.0
201300034212,2,5,2013,16,1,72,181,2,1,1,6,"139, HEUZE OLIVIER (AV)",0.0,0.0
201300034213,4,5,2013,22,5,72,181,2,1,1,6,"28 Bis, IENA (RUE D')",0.0,0.0
201300034214,8,5,2013,1,5,72,181,2,2,1,3,MAC JEAN (AV) N? IMP 107,0.0,0.0
201300034215,29,5,2013,16,1,72,181,2,1,1,6,"140, GENESLAY FELIX (AV)",0.0,0.0
201300034216,7,6,2013,10,1,72,181,2,1,1,3,MONTOISE (RUE),0.0,0.0
201300034217,14,6,2013,22,3,72,181,1,1,1,1,"autre, TOURS (RTE) LIGNE",0.0,0.0
201300034218,4,7,2013,15,1,72,181,1,1,1,2,LATTRE DE TASSIGNY MAREC,0.0,0.0
201300034219,18,7,2013,15,1,72,181,1,1,1,4,PATTON GENERAL RTE BAUGE,0.0,0.0
201300034220,26,7,2013,21,1,72,181,2,1,1,1,"36, HUGO VICTOR (RUE) HO",0.0,0.0
201300034221,9,8,2013,23,5,72,181,2,1,1,6,"358, GENESLAY FELIX (AV)",0.0,0.0
201300034222,10,8,2013,6,2,72,181,2,2,1,3,BLANC LOUIS (QUAI),0.0,0.0
201300034223,1,9,2013,5,5,72,181,2,1,1,6,ROUSSEAU JJ  BD N? IMP 1,0.0,0.0
201300034224,21,9,2013,14,1,72,181,1,1,1,6,ITALIENS (BD DES),0.0,0.0
201300034225,20,9,2013,20,3,72,181,1,1,1,5,ITALIENS (BD DES),0.0,0.0
201300034226,7,10,2013,19,5,72,95,2,1,1,6,SAINT MICHEL (BD),0.0,0.0
201300034227,16,11,2013,20,5,72,181,2,1,1,6,CUGNOT NICOLAS (BD),0.0,0.0
201300034228,20,11,2013,4,3,72,181,1,1,1,1,Boulevard Henri FRENAY,0.0,0.0
201300034229,25,11,2013,9,1,72,181,2,1,1,6,BOLLEE (AV) N PAIRS 2 A,0.0,0.0
201300034230,18,12,2013,18,5,73,8,2,1,1,2,"9, VERDUN AVENUE DE",45.69114,5.91053
201300034231,27,1,2013,19,5,73,8,2,1,3,6,CHARCOT  BOULEVARD JEAN,45.69261,5.89617
201300034232,29,1,2013,7,2,73,8,2,3,2,2,"18, SIMOND ST AVENUE",45.69729,5.91206
201300034233,3,4,2013,16,1,73,8,2,1,1,2,WILSON BOULEVARD,45.68857,5.90965
201300034234,20,5,2013,2,5,73,8,2,2,2,3,SIMOND ST AVENUE,0.0,0.0
201300034235,15,7,2013,15,1,73,8,2,9,1,3,GRAND PORT (RONDEAU) AVE,45.70502,5.88707
201300034236,19,7,2013,13,1,73,8,2,1,1,6,"181, TARENTAISE RUE DE L",45.67473,5.91189
201300034237,27,7,2013,13,1,73,8,2,1,1,2,"4, CLEMENCEAU GEORGES PL",45.69385,5.9104
201300034238,17,8,2013,10,1,73,8,2,2,1,3,"2, GRAND PORT (JUSQU'A L",45.69458,5.91027
201300034239,5,2,2013,7,2,73,11,2,1,3,2,DE GAULLE (AV.) HUGO A J,45.66847,6.37418
201300034240,14,2,2013,14,1,73,11,2,1,1,6,"27, DE GAULLE (AV.) HUGO",45.67164,6.38119
201300034241,17,4,2013,16,1,73,11,1,1,1,7,CHASSEURS ALPINS (AV.) P,45.66299,6.38699
201300034242,16,7,2013,17,1,73,11,2,3,1,3,"21, CHAMP DE MARS (AVENU",45.66471,6.38694
201300034243,23,9,2013,15,1,73,11,2,1,1,3,"104, REPUBLIQUE (RUE DE",45.67509,6.38866
201300034244,18,1,2013,11,1,73,65,2,1,1,6,"47, JAURES JEAN (AVENUE)",45.57105,5.91123
201300034245,17,2,2013,18,5,73,65,2,2,-1,6,"11, chemin du Biollay",45.56294,5.90823
201300034246,1,1,2013,18,5,73,65,2,1,2,6,"1455, LYON (AVENUE DE)",45.56305,5.90164
201300034247,21,3,2013,8,1,73,65,1,1,1,2,VOIE RAPIDE URBAINE,45.5756,5.9198
201300034248,26,3,2013,9,1,73,65,2,1,1,6,MARTIN CLAUDE (RUE),45.5669,5.9237
201300034249,29,3,2013,13,1,73,65,2,2,2,3,"346, SIRE (RUE DU)",45.5795,5.8915
201300034250,6,5,2013,17,1,73,65,2,1,1,6,Place du Forum,45.592,5.9193
201300034251,3,6,2013,16,1,73,65,2,1,1,6,"43, avenue Jean Jaures",45.5705,5.9116
201300034252,13,5,2013,20,1,73,65,2,1,1,3,TURIN (AVENUE),45.56893,5.9305
201300034253,24,7,2013,11,1,73,65,2,3,1,3,Bd Gambetta-Quai Verdun,45.57343,5.91591
201300034254,28,7,2013,19,1,73,65,1,3,1,3,Mendes France-Ch Primeve,45.58737,5.90832
201300034255,12,8,2013,18,1,73,65,2,2,1,3,"Girard Madoux, Bon Paste",45.56964,5.91116
201300034256,22,8,2013,9,1,73,65,1,6,1,6,,45.5739,5.9372
201300034257,21,10,2013,6,2,73,65,2,2,1,3,MOTTE SERVOLEX (AVENUE D,45.5811,5.8897
201300034258,26,9,2013,8,1,73,65,2,1,1,3,GRAND ARIETAZ (AVENUE DU,45.585,5.9012
201300034259,27,9,2013,16,1,73,87,2,1,1,5,CORINTHE (AVENUE DE),45.5597,5.8955
201300034260,8,10,2013,16,1,73,65,2,1,1,6,MOTTE SERVOLEX (AVENUE D,45.5801,5.892
201300034261,8,11,2013,8,1,73,65,1,1,1,3,MENDES FRANCE PIERRE(AVE,45.5925,5.9141
201300034262,5,11,2013,17,5,73,65,2,1,2,6,REPUBLIQUE (RUE DE LA),45.5638,5.9264
201300034263,5,12,2013,11,1,73,65,1,1,1,6,Rue Belle-Eau,45.6088,5.8892
201300034264,4,1,2013,18,3,74,10,2,1,1,6,QUAI  EUSTACHE CHAPUIS,0.0,0.0
201300034265,4,1,2013,19,5,74,10,2,1,1,6,AVENUE ALBIGNY,0.0,0.0
201300034266,5,1,2013,12,1,74,10,2,1,1,6,"1, AVENUE DU RHONE",0.0,0.0
201300034267,10,2,2013,0,5,74,10,2,3,1,6,9 BOULEVARD DU  FIER,0.0,0.0
201300034268,6,3,2013,14,1,74,10,2,1,1,6,4 RUE DU TRAVAIL,0.0,0.0
201300034269,8,3,2013,17,1,74,10,2,1,1,7,17 BIS AV  CHAMBERY,0.0,0.0
201300034270,28,3,2013,17,1,74,10,2,6,2,6,AV DU STADE / BEL AIR,0.0,0.0
201300034271,1,4,2013,20,5,74,10,2,3,1,6,AV ALERY/CHEVESNE,0.0,0.0
201300034272,6,4,2013,1,5,74,10,2,3,1,6,AV D'ALBIGNY/ REVON,0.0,0.0
201300034273,6,5,2013,8,1,74,10,2,3,2,6,AVENUE DE FRANCE,0.0,0.0
201300034274,16,5,2013,12,1,74,10,2,6,2,6,"67, AVENUE DE LA PLAINE",0.0,0.0
201300034275,6,6,2013,19,1,74,93,2,1,1,6,ROUTE DES CREUSES,0.0,0.0
201300034276,10,6,2013,16,1,74,10,2,1,1,6,"6, HENRY BORDEAUX",0.0,0.0
201300034277,10,6,2013,19,1,74,10,2,1,2,6,QUAI EUSTACHE CHAPPUIS,0.0,0.0
201300034278,11,6,2013,19,1,74,10,2,1,1,2,AVENUE DE BROGNY,0.0,0.0
201300034279,13,6,2013,6,1,74,10,2,4,1,6,"76, AVENUE DE  BROGNY",0.0,0.0
201300034280,18,6,2013,21,1,74,10,2,2,1,6,AV GAMBETTA/ NOVEL,0.0,0.0
201300034281,20,6,2013,16,1,74,10,2,1,1,6,AVENUE DU RHONE,0.0,0.0
201300034282,19,6,2013,12,1,74,10,2,2,1,6,"13, JEAN JAURES",0.0,0.0
201300034283,28,6,2013,5,1,74,10,2,1,1,6,"90, AVENUE DE BROGNY",0.0,0.0
201300034284,29,6,2013,12,1,74,10,2,3,3,6,RUE LEO LAGRANGE,0.0,0.0
201300034285,10,7,2013,20,1,74,10,2,2,1,3,BD ROCADE / AV STADE,0.0,0.0
201300034286,12,7,2013,7,1,74,10,2,2,1,3,AV BARATTES/ THEURIET,0.0,0.0
201300034287,16,7,2013,17,1,74,93,2,3,1,6,AV DE PRELEVET/ PEROLLES,0.0,0.0
201300034288,28,7,2013,16,1,74,10,2,1,1,2,AV MARQUISATS/ TILLIET,0.0,0.0
201300034289,4,8,2013,14,1,74,10,2,3,1,6,JOSEPH BLANC,0.0,0.0
201300034290,10,8,2013,23,5,74,10,2,2,1,6,BEL AIR,0.0,0.0
201300034291,3,9,2013,6,5,74,10,2,3,1,3,AV DE BROGNY/ PLAINE,0.0,0.0
201300034292,12,10,2013,20,5,74,10,2,1,2,6,"34, AVENUE DE  CHAMBERY",0.0,0.0
201300034293,17,10,2013,16,1,74,10,2,1,1,5,AVENUE DES MARQUISATS,0.0,0.0
201300034294,19,10,2013,17,1,74,10,2,6,1,6,BROGNY/FRANCS TIREURS,0.0,0.0
201300034295,28,10,2013,13,1,74,10,2,1,1,3,"07, LOUIS REVON",0.0,0.0
201300034296,18,11,2013,7,1,74,10,2,1,1,6,AVENUE DES MARQUISATS,0.0,0.0
201300034297,27,11,2013,17,1,74,10,2,3,1,6,AVENUE D'ALBIGNY,0.0,0.0
201300034298,29,11,2013,14,1,74,10,2,4,1,6,AVENUE DE GENEVE,0.0,0.0
201300034299,2,12,2013,22,5,74,10,2,3,1,3,AV  BERTHOLLET,0.0,0.0
201300034300,6,12,2013,12,1,74,10,2,3,1,6,"33,AVENUE DE LA  PLAINE",0.0,0.0
201300034301,9,12,2013,6,5,74,10,2,3,1,6,AVENUE DE GENEVE,0.0,0.0
201300034302,9,12,2013,13,1,74,10,2,6,1,6,AVENUE DE BROGNY,0.0,0.0
201300034303,12,12,2013,10,1,74,93,2,3,1,6,ROUTE DES CREUSES,0.0,0.0
201300034304,14,12,2013,3,5,74,10,2,1,1,6,2 AVENUE DES MARQUISATS,0.0,0.0
201300034305,13,12,2013,15,1,74,10,2,1,2,6,"39, RUE SOMMEILLER",0.0,0.0
201300034306,17,12,2013,9,1,74,10,2,1,1,4,AVENUE DU RHONE,0.0,0.0
201300034307,20,12,2013,17,5,74,10,2,1,1,1,"36, AVNUE DE BROGNY",0.0,0.0
201300034308,8,1,2013,18,2,74,133,2,1,1,6,"7, COURS REPUBLIQUE",0.0,0.0
201300034309,10,1,2013,17,2,74,133,2,9,2,6,"98, RUE DE GENEVE",0.0,0.0
201300034310,22,1,2013,13,1,74,12,2,1,1,6,"18, RUE LEANDRE VAILLAT",0.0,0.0
201300034311,26,1,2013,11,1,74,305,2,9,1,6,"16, RUE FAVRE",0.0,0.0
201300034312,4,2,2013,21,5,74,12,2,1,2,6,QUAI D'ARVE,0.0,0.0
201300034313,5,2,2013,7,2,74,12,2,1,2,6,"50, RUE DE ROMAGNY",0.0,0.0
201300034314,7,2,2013,9,1,74,305,2,1,1,6,RUE CHABLAIS PROLONGEE,0.0,0.0
201300034315,19,2,2013,23,5,74,118,2,3,9,3,ROUTE DU SALEVE,0.0,0.0
201300034316,28,2,2013,13,1,74,12,2,3,1,6,QUAI D'ARVE,0.0,0.0
201300034317,25,3,2013,9,1,74,133,2,1,2,7,"13, RUE DE  VALLARD",0.0,0.0
201300034318,13,4,2013,9,1,74,12,2,1,1,3,RUE DU BARON DE LOE,0.0,0.0
201300034319,7,6,2013,17,1,74,118,1,1,1,5,RUE DU 18 AOUT,0.0,0.0
201300034320,12,6,2013,7,1,74,12,2,4,1,3,50 QUAI ARVE / JARDINS,0.0,0.0
201300034321,27,6,2013,8,1,74,12,2,1,1,6,50 RUE DE ROMAGNY,0.0,0.0
201300034322,28,6,2013,17,1,74,133,2,1,1,6,"19, RUES DES VIGNES",0.0,0.0
201300034323,5,7,2013,17,1,74,12,2,3,1,3,"4, ESSERTS (RUE DES)",0.0,0.0
201300034324,9,7,2013,14,1,74,12,2,1,1,6,IMPASSE DE VALEURY,0.0,0.0
201300034325,9,7,2013,11,1,74,118,2,1,1,2,RUE MARECHAL LECLERC,0.0,0.0
201300034326,12,7,2013,9,1,74,12,1,1,1,3,ROUTE DE BONNEVILLE,0.0,0.0
201300034327,13,7,2013,15,1,74,12,2,1,1,2,RUE DE L'INDUSTRIE,0.0,0.0
201300034328,19,7,2013,17,1,74,12,2,1,3,6,"2, RUE D'ETREMBIERES",0.0,0.0
201300034329,25,7,2013,19,1,74,12,2,1,1,6,PLACE DE LA GARE,0.0,0.0
201300034330,22,7,2013,18,1,74,12,2,1,1,6,RUE DE LA RESISTANCE,0.0,0.0
201300034331,29,7,2013,14,1,74,12,2,1,2,6,RUE DES ARAVIS,0.0,0.0
201300034332,12,8,2013,10,1,74,12,1,4,1,3,ROUTE DE THONON,0.0,0.0
201300034333,26,8,2013,12,1,74,12,2,1,1,6,QUAI ARVE,0.0,0.0
201300034334,17,9,2013,8,1,74,298,1,1,2,1,ROUTE DE BONNEVILLE,0.0,0.0
201300034335,17,9,2013,16,1,74,12,2,2,1,3,AV FLORISSANT/ LEVANT,0.0,0.0
201300034336,13,9,2013,16,1,74,12,2,3,1,3,"13,RUE ALFRED BASTIN",0.0,0.0
201300034337,30,9,2013,12,1,74,12,2,1,1,7,"3, RUE DUSONCHET",0.0,0.0
201300034338,10,9,2013,11,1,74,12,2,2,1,6,BEULET/ ALSCACE LORRAINE,0.0,0.0
201300034339,3,10,2013,17,1,74,118,2,6,1,3,ROUTE DES DEPORTES,0.0,0.0
201300034340,6,10,2013,18,1,74,133,2,6,1,3,29 RUE DU CHATEAU D'EAU,0.0,0.0
201300034341,16,10,2013,9,1,74,12,2,2,1,3,RUE DU PARC,0.0,0.0
201300034342,27,10,2013,10,1,74,305,2,4,1,3,1TER RUE ROGER SALENGRO,0.0,0.0
201300034343,28,10,2013,9,1,74,133,2,1,1,6,"27,RUE RENE CASSIN",0.0,0.0
201300034344,5,11,2013,8,1,74,12,2,2,1,6,"16,AVENUE DU  GIFFRE",0.0,0.0
201300034345,8,11,2013,7,5,74,118,2,1,1,6,ROUTE DE SAINT-JULIEN,0.0,0.0
201300034346,4,12,2013,5,5,74,8,2,3,5,6,1RUE DE GENEVE/LACHENAL,0.0,0.0
201300034347,9,12,2013,20,3,74,12,2,1,1,6,43 RUE DU CHABLAIS,0.0,0.0
201300034348,7,12,2013,10,1,74,12,2,6,1,6,PLACE MARECHAL TASSIGNY,0.0,0.0
201300034349,11,12,2013,8,1,74,133,2,3,1,6,LIBERATION,0.0,0.0
201300034350,12,12,2013,8,2,74,12,2,3,1,6,ROUTE DU LIVRON,0.0,0.0
201300034351,12,12,2013,21,3,74,12,2,3,1,6,ROUTE DE BONNEVILLE,0.0,0.0
201300034352,24,12,2013,11,1,74,12,2,1,1,2,AV CHARLES DE GAULLE,0.0,0.0
201300034353,15,1,2013,13,1,74,218,2,1,1,1,"300, AVENUE DE LA RIVE",0.0,0.0
201300034354,14,1,2013,16,1,74,218,2,1,1,3,"70, RUE DE CARTHERAY",0.0,0.0
201300034355,1,2,2013,18,5,74,281,2,3,3,3,AV DES ALLINGES,0.0,0.0
201300034356,18,3,2013,14,1,74,281,1,1,8,1,ROUTE D'ARMOY,0.0,0.0
201300034357,8,4,2013,12,1,74,281,2,4,8,5,"42, ROUTE DE VONGY",0.0,0.0
201300034358,14,5,2013,6,1,74,200,1,1,1,1,AVENUE D'ABONDANCE,0.0,0.0
201300034359,18,5,2013,4,5,74,281,2,1,2,6,32 AVENUE DE L'ERMITAGE,0.0,0.0
201300034360,8,5,2013,19,2,74,119,2,2,2,3,AVENUE DE LARRINGES,0.0,0.0
201300034361,14,6,2013,19,1,74,172,2,2,1,1,"8, ROUTE DE PETITE-RIVE",0.0,0.0
201300034362,25,6,2013,9,1,74,281,2,1,1,3,"49, AVENUE DE GENEVE",0.0,0.0
201300034363,26,6,2013,9,1,74,281,2,1,1,6,"8, AV GENERAL DE GAULLE",0.0,0.0
201300034364,26,6,2013,17,1,74,281,2,3,1,3,ROUTE DE TULLY,0.0,0.0
201300034365,26,6,2013,19,1,74,281,1,4,1,3,AVENUE DE LA  DRANSE,0.0,0.0
201300034366,12,7,2013,19,1,74,119,2,1,1,6,AVENUE DES MEMISES,0.0,0.0
201300034367,5,8,2013,12,1,74,119,2,1,1,6,QUAI BARON DE BLONAY,0.0,0.0
201300034368,1,8,2013,19,1,74,218,2,2,1,3,RUE LA GARENNE/ MIROIR,0.0,0.0
201300034369,30,8,2013,21,5,74,281,2,1,1,6,"84,AV GENERAL DE GAULLE",0.0,0.0
201300034370,6,9,2013,2,5,74,281,2,1,1,6,"14, AVENUE DE LA DAME",0.0,0.0
201300034371,24,9,2013,16,1,74,281,2,2,1,6,CHEMIN DE RONDE,0.0,0.0
201300034372,13,9,2013,5,2,74,218,1,1,1,7,ROUTE DE CHAMPANGES,0.0,0.0
201300034373,27,9,2013,16,1,74,119,2,2,1,6,BD DE LA DETANCHE,0.0,0.0
201300034374,18,9,2013,15,1,74,281,2,2,2,6,36 RUE DU  VALLON,0.0,0.0
201300034375,6,10,2013,16,1,74,119,2,4,1,6,"27, ROUTE DE BISSINGES",0.0,0.0
201300034376,12,10,2013,21,5,74,200,2,1,2,2,"64, LAC (RUE DU)",0.0,0.0
201300034377,18,10,2013,8,1,74,119,2,1,1,6,17 AV ANNA DE  NOAILLES,0.0,0.0
201300034378,19,10,2013,20,5,74,281,2,2,1,3,BD GENERAL DESSAIX,0.0,0.0
201300034379,30,10,2013,7,2,74,281,2,1,1,5,AVENUE DE GENEVE,0.0,0.0
201300034380,26,10,2013,9,1,74,218,2,3,1,3,PAYS DE GAVOT / BD GOLF,0.0,0.0
201300034381,5,11,2013,17,5,74,281,2,3,2,6,"53, ROUTE DE TULLY",0.0,0.0
201300034382,4,11,2013,11,1,74,281,2,4,9,6,ROUTE D'EVIAN,0.0,0.0
201300034383,25,10,2013,19,5,74,281,2,1,1,1,AVENUE DE LA GRANGETTE,0.0,0.0
201300034384,17,11,2013,16,1,74,200,2,2,1,3,AVENUE DE MILLY,0.0,0.0
201300034385,14,11,2013,10,1,74,281,2,3,1,3,AV DU GENERAL DE GAULLE,0.0,0.0
201300034386,26,11,2013,19,5,74,281,2,1,6,6,AVENUE DU LEMAN,0.0,0.0
201300034387,29,11,2013,17,5,74,281,2,1,1,1,RUE DES VIGNES ROUGES,0.0,0.0
201300034388,2,12,2013,16,1,74,281,2,1,1,6,PLACE DES ARTS,0.0,0.0
201300034389,19,12,2013,7,2,74,281,2,1,3,6,AVENUE JULES FERRY,0.0,0.0
201300034390,23,3,2013,6,1,76,384,2,1,2,7,AV RENE COTY,49.52166,0.54898
201300034391,6,7,2013,8,1,76,384,2,1,1,2,"11, RTE DU MONT",49.52817,0.5434
201300034392,29,9,2013,2,5,76,384,2,1,1,6,"6, AV COTY RENE",49.52351,0.55107
201300034393,9,10,2013,11,1,76,114,1,1,8,3,D6015,49.57188,0.49302
201300034394,20,12,2013,8,1,76,384,2,3,1,3,AV DU MARRECHAL LECLERC,49.52194,0.52939
201300034395,27,11,2013,12,1,76,329,1,3,1,5,R DE L ABBAYE,49.53836,0.50895
201300034396,12,12,2013,14,1,76,476,1,1,1,3,AV DU GENERAL DE  GAULLE,49.49619,0.54892
201300034397,2,1,2013,11,1,76,545,1,1,1,7,RD 154E,49.89844,1.12048
201300034398,2,1,2013,17,5,76,217,2,1,2,6,"1, PL HENRI DUNANT",49.9289,1.10163
201300034399,7,1,2013,9,1,76,565,2,3,2,3,RTE DE ROUEN,49.87228,1.06892
201300034400,24,1,2013,11,1,76,217,2,1,1,6,"15, BD GEORGES CLEMENCEA",49.92191,1.07746
201300034401,25,1,2013,7,2,76,217,2,1,1,6,QU DUQUESNE,49.92564,1.08037
201300034402,27,1,2013,4,5,76,217,2,1,1,6,"87, R MONTIGNY",49.91169,1.06881
201300034403,2,2,2013,20,5,76,217,2,1,8,7,PL DU  PUITS SALE,49.92481,1.07498
201300034404,6,2,2013,12,1,76,217,2,3,1,3,CRS BOURBON,49.91582,1.09659
201300034405,7,2,2013,6,2,76,565,1,1,1,1,RN 27,49.89076,1.07184
201300034406,11,2,2013,21,3,76,707,1,1,1,7,,49.85769,1.08633
201300034407,19,2,2013,5,3,76,414,1,1,1,6,RD  925,49.92944,1.13301
201300034408,3,3,2013,16,1,76,565,1,1,1,5,RD 915,49.88682,1.08612
201300034409,5,3,2013,14,1,76,217,2,1,1,4,"70, AV LEON GAMBETTA",49.9184,1.07405
201300034410,13,3,2013,16,1,76,26,1,2,8,3,RD 54,49.87405,1.11148
201300034411,14,3,2013,11,1,76,217,2,1,1,6,"5, AV JEAN JAURES",49.91385,1.07278
201300034412,17,3,2013,2,5,76,217,2,1,1,6,RTE DE PETIT APPEVILLE,49.90919,1.06185
201300034413,30,3,2013,14,1,76,565,1,1,1,2,RD 915,49.88681,1.08608
201300034414,3,4,2013,15,1,76,217,2,6,1,3,ROND POINT INTERMARCHE,49.91419,1.09242
201300034415,14,4,2013,19,1,76,217,2,5,1,6,AV JEAN JAURES,49.91336,1.07203
201300034416,14,4,2013,20,1,76,217,2,6,1,3,BD DE  VERDUN,49.92675,1.07452
201300034417,14,4,2013,4,5,76,217,2,1,2,6,"32, AV DE LA REPUBLIQUE",49.9275,1.09251
201300034418,16,4,2013,8,1,76,565,1,1,1,7,RD 915,49.8785,1.09453
201300034419,18,4,2013,14,1,76,565,2,1,1,6,,49.89682,1.07748
201300034420,25,4,2013,12,1,76,217,2,1,1,3,"42, BD DE VERDUN",49.92922,1.07974
201300034421,6,5,2013,13,1,76,217,2,1,1,6,"95, RTE DE BONNE NOUVELL",49.91912,1.09552
201300034422,7,5,2013,8,1,76,565,2,1,1,5,RN 27,49.8915,1.07302
201300034423,12,5,2013,17,1,76,324,2,1,1,6,"44 BIS, GRANDE RUE",49.92137,1.14872
201300034424,20,5,2013,22,5,76,26,1,1,3,7,RD 154,49.89198,1.1166
201300034425,21,5,2013,21,2,76,565,2,3,1,3,RN 27,49.87229,1.06893
201300034426,22,5,2013,17,1,76,217,2,1,1,1,REPUBLIQUE (AVENUE DE LA,49.92435,1.1044
201300034427,23,5,2013,10,1,76,217,2,6,7,2,AV DES CANADIENS,49.91066,1.07573
201300034428,25,5,2013,1,5,76,414,2,6,8,6,RD  154E,49.90677,1.10728
201300034429,30,5,2013,11,1,76,217,2,4,2,6,R DE L ORANGER,49.92546,1.07765