Num_Acc,jour,mois,an,hr,condition_eclairage,departement,commune,condition_agglomeration,intersection,condition_atmosphere,type_collision,adresse,lattitude,longitude
201300034430,30,5,2013,12,1,76,217,2,1,2,7,"10, AV CHARLES-NICOLLE",49.92838,1.10364
201300034431,6,6,2013,11,1,76,217,2,1,1,4,"1, CLEMENCEAU (BOULEVARD",49.92199,1.08097
201300034432,15,6,2013,20,1,76,217,2,1,1,3,AV DES CANADIENS,49.91568,1.07462
201300034433,18,6,2013,15,1,76,217,2,6,1,6,"127, AV DE LA REPUBLIQU",49.92524,1.10104
201300034434,20,6,2013,9,1,76,217,2,2,2,6,AV DE LA LIBERATION,49.92466,1.10914
201300034435,21,6,2013,17,1,76,217,2,1,1,1,CRS DE DAKAR,49.91787,1.09069
201300034436,24,6,2013,15,1,76,565,2,1,1,6,RN 27,49.87064,1.07006
201300034437,28,6,2013,12,1,76,545,1,1,1,7,RD 154E,49.91305,1.09538
201300034438,7,7,2013,19,1,76,565,1,3,1,3,RD 54,49.87136,1.08053
201300034439,8,7,2013,14,1,76,707,1,6,1,3,,49.87294,1.10014
201300034440,12,7,2013,19,1,76,217,2,1,1,6,"6, R DE LA VICTOIRE",49.92604,1.0988
201300034441,13,7,2013,20,1,76,545,1,1,1,2,RD 154E,49.91154,1.09759
201300034442,15,7,2013,9,1,76,349,1,1,1,7,RTE D OUVILLE,49.89242,1.0401
201300034443,16,7,2013,11,1,76,217,2,1,1,3,BD GEORGES CLEMENCEAU,49.92197,1.07965
201300034444,16,7,2013,17,1,76,217,2,1,1,6,"7, R MAURICE LEVASSEUR",49.92595,1.08802
201300034445,19,7,2013,19,1,76,217,2,2,1,3,BD DE  VERDUN,49.9305,1.08212
201300034446,23,7,2013,18,1,76,707,1,1,1,6,RN 27,49.86455,1.07153
201300034447,29,7,2013,16,1,76,349,1,1,1,1,CD 75,49.90883,1.02576
201300034448,27,8,2013,16,1,76,217,2,1,1,6,R DE LA VIELLE GRANGE,49.9042,1.07753
201300034449,3,9,2013,12,1,76,565,1,1,1,4,,49.8899,1.06959
201300034450,18,9,2013,16,1,76,217,2,2,1,2,AV NORMANDIE SUSSEX,49.91691,1.08894
201300034451,23,9,2013,19,1,76,217,2,1,1,6,"38, GRANDE RUE DU POLLET",49.92748,1.08765
201300034452,28,9,2013,11,1,76,217,2,3,1,6,QU DE L  YSER,49.92723,1.08461
201300034453,6,10,2013,18,2,76,545,2,1,1,1,RD 154,49.89279,1.11627
201300034454,12,10,2013,15,1,76,217,2,1,1,3,"22, AV GAMBETTA",49.92135,1.0734
201300034455,8,11,2013,6,3,76,324,1,3,8,3,RD920,49.91897,1.13626
201300034456,21,11,2013,18,3,76,217,2,3,1,6,BD DU GENERAL DE GAULLE,49.92373,1.08124
201300034457,27,11,2013,18,5,76,217,2,1,1,6,"2, R  GUY DE MAUPASSANT",49.92943,1.1011
201300034458,29,11,2013,19,5,76,217,2,3,6,3,QU DU CARENAGE,49.92678,1.08253
201300034459,30,11,2013,0,5,76,217,2,1,8,6,PONT COLBERT,49.92726,1.08525
201300034460,3,12,2013,10,1,76,324,1,1,8,2,RD920,49.91915,1.13521
201300034461,5,12,2013,18,5,76,217,2,1,2,2,"19, R DE LA VICTOIRE",49.9273,1.09666
201300034462,6,12,2013,15,1,76,707,2,1,1,2,RTE D ANNEVILLE,49.85196,1.10102
201300034463,7,12,2013,23,5,76,217,2,1,2,7,"123, QU HENRI IV",49.9293,1.084
201300034464,8,12,2013,17,5,76,26,2,1,1,6,"8, R DE LA CHAUSSEE",49.88065,1.13106
201300034465,10,12,2013,10,1,76,217,1,1,1,7,ROC DES GRAVES DE LA MER,49.93362,1.10678
201300034466,13,12,2013,17,3,76,565,1,1,2,2,RD 915,49.879,1.09401
201300034467,13,12,2013,23,3,76,349,1,1,8,7,,49.91753,1.03729
201300034468,18,12,2013,14,1,76,217,2,1,1,7,"18, R CLAUDE GROULARD",49.92341,1.07394
201300034469,22,12,2013,18,5,76,217,2,3,2,3,R DES MARTYRS DE LA RESI,49.92629,1.10676
201300034470,16,2,2013,5,5,76,705,1,6,5,6,,49.33515,1.11378
201300034471,15,3,2013,13,1,76,391,1,1,1,6,,49.30364,0.97596
201300034472,14,3,2013,11,1,76,231,2,4,1,6,"1, R DE  STALINGRAD",49.29025,1.01221
201300034473,12,4,2013,0,5,76,486,2,1,8,5,"1387, RTE DES ROCHES",49.32237,1.01497
201300034474,9,3,2013,16,1,76,486,1,1,1,7,RTE FORESTIERE,49.33112,0.99337
201300034475,30,4,2013,17,1,76,561,2,1,1,3,AV WINSTON CHURCHILL,49.29451,1.0106
201300034476,18,8,2013,10,1,76,231,2,2,9,6,R DU PRESIDENT ROOSEV,49.28851,1.00677
201300034477,18,10,2013,7,5,76,561,2,2,5,3,"29, R DES CANADIENS",49.29757,1.0068
201300034478,6,8,2013,19,1,76,486,1,1,1,3,CD 132,49.3261,1.00085
201300034479,14,12,2013,17,5,76,231,2,3,1,6,VOI  DE LA  DECLARATION,49.29215,1.02156
201300034480,29,12,2013,6,5,76,178,2,1,2,6,RTE DE TOURVILLE,49.31286,1.05566
201300034481,13,1,2013,1,5,76,259,2,1,1,6,"158, R GUSTAVE COUTURIER",49.7516,0.39899
201300034482,23,5,2013,17,1,76,259,1,1,8,1,BD NELSON MANDELA,49.74601,0.39584
201300034483,7,6,2013,12,1,76,259,2,5,1,3,R CHARLES LEBORGNE,49.75248,0.37109
201300034484,17,6,2013,11,1,76,259,2,1,1,3,"37, BD SUZANNE CLEMENT",49.7547,0.39704
201300034485,10,8,2013,18,1,76,259,2,3,1,2,R ROBERT LILLY,49.74629,0.36833
201300034486,9,11,2013,5,3,76,600,1,1,8,6,,49.72205,0.34437
201300034487,28,12,2013,11,1,76,600,2,2,1,3,"46, R DU 8 MAI 1945",49.7418,0.36805
201300034488,3,1,2013,17,5,76,351,2,3,2,6,BD FRANCOIS 1ER,49.49174,0.09929
201300034489,4,1,2013,10,1,76,305,1,1,1,5,,49.49887,0.21237
201300034490,6,1,2013,1,5,76,351,2,1,2,6,AV D  APLEMONT,49.50315,0.18047
201300034491,9,1,2013,7,5,76,351,2,2,5,6,"244, BD DE GRAVILLE",49.49226,0.14852
201300034492,10,1,2013,12,1,76,351,2,1,2,3,"189, R STENDHAL",49.52034,0.08285
201300034493,10,1,2013,15,1,76,305,1,4,1,6,,49.49856,0.19827
201300034494,10,1,2013,18,5,76,351,2,2,2,3,"119, R DEMIDOFF",49.49762,0.13613
201300034495,11,1,2013,10,1,76,351,2,3,1,6,CHILLOU,49.49222,0.11015
201300034496,16,1,2013,17,1,76,341,1,1,1,5,RD 489,49.52503,0.18747
201300034497,17,1,2013,7,1,76,351,2,2,4,6,"373, BD DE GRAVILLE",49.50088,0.14538
201300034498,17,1,2013,8,2,76,351,2,3,1,6,"127, BD FRANCOIS 1ER",49.48916,0.101
201300034499,19,1,2013,20,5,76,351,2,2,1,3,"316, R ARISTIDE BRIAND",49.50054,0.13918
201300034500,22,1,2013,14,1,76,351,2,3,1,3,AV DU  BOIS AU COQ,49.51527,0.12172
201300034501,23,1,2013,8,1,76,351,2,2,1,3,"70, CRS DE LA REPUBLIQU",49.49587,0.12683
201300034502,23,1,2013,18,2,76,351,2,1,2,6,"176, R JEAN BART",49.49976,0.13028
201300034503,24,1,2013,8,1,76,341,2,3,1,6,AV DE LA RESISTANCE,49.50478,0.19742
201300034504,24,1,2013,19,5,76,351,2,2,1,2,"19, R ALBERT ANDRE HUET",49.49487,0.11105
201300034505,29,1,2013,18,5,76,351,2,1,1,3,QU  FRISSARD,49.49025,0.127
201300034506,30,1,2013,8,2,76,351,2,3,3,3,QU DE LA  REUNION,49.48725,0.12593
201300034507,1,2,2013,8,1,76,341,2,3,3,6,AV DE LA RESISTANCE,49.50479,0.19742
201300034508,1,2,2013,21,5,76,351,2,2,1,6,"110, R IRENE JOLIOT CURI",49.51057,0.10255
201300034509,5,2,2013,14,1,76,351,2,2,1,6,R LOUIS PHILIPPE,49.49538,0.09957
201300034510,5,2,2013,15,1,76,447,1,6,1,6,GIRATOIRE GHH JACQUES MO,49.52787,0.18365
201300034511,8,2,2013,1,5,76,351,2,2,2,6,AV LUCIEN CORBEAUX,49.48155,0.11641
201300034512,8,2,2013,7,1,76,270,1,1,1,5,RD 6382,49.53061,0.12152
201300034513,10,2,2013,12,1,76,351,2,3,2,3,"91, R DE LA CAVEE VERTE",49.50346,0.10717
201300034514,11,2,2013,19,5,76,351,2,1,1,3,"124, R DE LA CAVEE VERT",49.50673,0.11968
201300034515,12,2,2013,19,5,76,351,2,1,1,6,"59, AV JEAN JAURES",49.49878,0.15108
201300034516,13,2,2013,15,1,76,351,2,2,1,3,"36, R CASIMIR DELAVIGNE",49.49427,0.11965
201300034517,16,2,2013,5,5,76,351,2,3,1,6,"239, BD DE GRAVILLE",49.49389,0.14773
201300034518,19,2,2013,21,5,76,351,1,1,1,6,"112, BD JULES DURAND",49.49024,0.15833
201300034519,21,2,2013,14,1,76,305,2,1,1,6,"9, R ARTHUR FLEURY",49.51111,0.23439
201300034520,21,2,2013,20,5,76,351,2,1,1,3,QU DES  ANTILLES,49.48896,0.12825
201300034521,23,2,2013,8,1,76,351,2,2,1,6,R PIERRE CURIE,49.50966,0.12763
201300034522,24,2,2013,20,3,76,351,1,1,1,1,AV DU GRAND HAMEAU,49.52424,0.09349
201300034523,25,2,2013,19,5,76,351,1,1,2,3,RTE DE L ESTUAIRE,49.46527,0.18273
201300034524,27,2,2013,4,5,76,351,2,6,1,6,"118, R MARCEAU",49.49149,0.13295
201300034525,27,2,2013,14,1,76,351,2,1,1,6,"69, AV RENE COTY",49.49763,0.11388
201300034526,28,2,2013,12,1,76,351,2,1,1,6,"157, R DE VERDUN",49.50227,0.16001
201300034527,2,3,2013,21,5,76,351,2,3,1,3,"17, R D EPREMESNIL",49.49649,0.10194
201300034528,3,3,2013,17,1,76,351,2,1,1,7,"47, AV DE FRILEUSE",49.50805,0.1462
201300034529,5,3,2013,9,1,76,341,2,2,1,6,"14, AV DE LA RESISTANCE",49.50475,0.20025
201300034530,6,3,2013,10,1,76,351,2,6,1,3,"15, R GEORGES BRAQUE",49.49508,0.10522
201300034531,7,3,2013,15,1,76,305,1,4,2,2,,49.51249,0.22279
201300034532,10,3,2013,2,5,76,351,1,2,1,6,AV CHRISTOPHE COLOMB,49.47693,0.14192
201300034533,17,3,2013,15,1,76,351,2,3,1,6,AV CHRISTOPHE COLOMB,49.47833,0.14595
201300034534,18,3,2013,17,1,76,351,2,1,1,3,"44, AV PABLO PICASSO",49.50285,0.15387
201300034535,18,3,2013,21,5,76,351,2,3,1,3,"1, R DE LA VIVANDIERE",49.51868,0.12121
201300034536,19,3,2013,17,1,76,552,2,1,1,6,"8, R DU ROI ALBERT",49.50265,0.08556
201300034537,23,3,2013,19,5,76,351,2,3,1,6,"420, AV DU BOIS AU COQ",49.51784,0.11771
201300034538,23,3,2013,22,3,76,351,1,1,1,7,CH RURAL 15,49.52475,0.07591
201300034539,24,3,2013,9,1,76,351,2,3,1,3,"263, R DE VERDUN",49.50245,0.16802
201300034540,24,3,2013,12,1,76,351,2,1,1,7,BOIS DE BLEVILLE,49.52418,0.13247
201300034541,29,3,2013,16,1,76,351,2,3,1,2,"396, R PIERRE MENDES FRA",49.51652,0.15598
201300034542,30,3,2013,4,5,76,341,1,1,1,6,D6015,49.51458,0.20112
201300034543,1,4,2013,12,1,76,351,1,1,1,7,"0, RD 6382",49.52426,0.18285
201300034544,4,4,2013,15,1,76,351,2,1,1,2,BD DE  LENINGRAD,49.50003,0.17113
201300034545,5,4,2013,11,1,76,447,2,1,1,7,,49.52795,0.18316
201300034546,6,4,2013,19,1,76,351,2,3,1,3,ALL  JEAN VILAR,49.50612,0.18179
201300034547,6,4,2013,19,1,76,305,1,1,1,6,,49.51227,0.21692
201300034548,7,4,2013,15,1,76,351,2,2,1,3,"81, R GUSTAVE BRINDEAU",49.49247,0.1396
201300034549,10,4,2013,17,1,76,351,2,1,2,6,"81, AV DU HUIT MAI 1945",49.51638,0.16907
201300034550,11,4,2013,20,1,76,351,2,3,2,3,R HENRI DESGRANGES,49.52416,0.12842
201300034551,13,4,2013,5,5,76,351,2,1,1,6,"35, R DUMARECHAL JOFFRE",49.49908,0.12041
201300034552,14,4,2013,18,1,76,305,2,6,1,6,"51, AV MARCEL LE MIGNOT",49.49788,0.23112
201300034553,18,4,2013,16,1,76,351,2,2,1,3,"20,R CASIMIR DELAVIGNE",49.49387,0.11837
201300034554,19,4,2013,8,1,76,351,2,3,1,2,QU DE  SOUTHAMPTON,49.48538,0.10766
201300034555,19,4,2013,15,1,76,351,2,4,1,7,"10,R LESUEUR",49.49298,0.12319
201300034556,19,4,2013,17,1,76,351,2,3,1,6,"261, R ARISTIDE BRIAND",49.50024,0.13505
201300034557,23,4,2013,15,1,76,351,2,1,1,6,"209, R MARECHAL JOFFRE",49.50005,0.13121
201300034558,25,4,2013,19,1,76,351,2,2,1,3,"38, R DE LA MAILLERAYE",49.48779,0.10174
201300034559,6,5,2013,13,1,76,351,2,1,1,2,"9, R HENRY GENESTAL",49.49528,0.10566
201300034560,10,5,2013,17,1,76,351,2,1,1,7,"114, R ERNEST RENAN",49.49818,0.1216
201300034561,11,5,2013,2,5,76,341,1,4,3,6,,49.50269,0.19425
201300034562,14,5,2013,13,1,76,351,2,2,1,3,"78, R FERDINAND DE LESSE",49.51271,0.11069
201300034563,15,5,2013,9,1,76,351,2,1,1,3,R  LOUIS SIEFRIDT,49.5108,0.10144
201300034564,15,5,2013,11,1,76,351,2,2,1,6,R DE LA BIGNE A FOSSE,49.52096,0.11442
201300034565,15,5,2013,13,1,76,351,2,1,1,6,"89, AV DU MONT GAILLARD",49.5242,0.11322
201300034566,15,5,2013,16,1,76,351,2,3,1,6,"165, CRS DE LA REPUBLIQ",49.49986,0.12968
201300034567,15,5,2013,19,1,76,351,2,3,1,3,"151, R HENRI BARBUSSE",49.50828,0.09872
201300034568,16,5,2013,13,1,76,481,1,1,1,1,"22, RTE DEPARTEMENTALE",49.58097,0.12429
201300034569,17,5,2013,8,1,76,447,2,2,1,2,AV DE LA BELLE ETOILE,49.54537,0.16891
201300034570,20,5,2013,15,1,76,341,1,1,3,7,RD 6382,49.49857,0.19831
201300034571,27,5,2013,15,1,76,351,2,2,1,6,"22, R FONTENELLE",49.49228,0.11096
201300034572,27,5,2013,18,1,76,351,2,1,1,3,"458, R DE VERDUN",49.50227,0.18116
201300034573,28,5,2013,13,1,76,351,2,1,2,6,"108, R JULES LECESNE",49.49306,0.12097
201300034574,29,5,2013,18,1,76,305,1,1,1,2,AV MARCEL LE MIGNOT,49.49587,0.25078
201300034575,31,5,2013,14,1,76,351,1,1,1,6,BD DE LENINGRAD,49.50054,0.18167
201300034576,1,6,2013,1,5,76,341,2,3,1,6,R DE LA GAITE,49.50544,0.19435
201300034577,3,6,2013,13,1,76,481,2,1,1,6,"7, CH DES QUATRE FERMES",49.54609,0.11122
201300034578,5,6,2013,14,1,76,552,2,1,1,3,"105, R D IGNAUVAL",49.51484,0.07696
201300034579,4,6,2013,17,1,76,351,2,1,1,2,R D APLEMONT,49.50577,0.16988
201300034580,7,6,2013,17,1,76,296,2,1,1,6,"6, RTE DE ROGERVILLE",49.51773,0.26405
201300034581,9,6,2013,16,1,76,351,2,3,1,6,CHS JOHN KENNEDY,49.48446,0.10355
201300034582,10,6,2013,7,1,76,305,1,1,1,3,RTE DE LA BREQUE,49.49496,0.19723
201300034583,11,6,2013,9,1,76,351,2,1,1,6,"143, R DE VERDUN",49.50215,0.15849
201300034584,11,6,2013,11,1,76,351,2,3,2,6,"42, R FERNAND CHATEL",49.51959,0.11001
201300034585,12,6,2013,8,1,76,447,2,6,1,2,AV PIERRE MENDES FRANCE,49.53433,0.179
201300034586,12,6,2013,18,1,76,351,2,1,1,6,"34, R DICQUEMARE",49.49071,0.10347
201300034587,15,6,2013,19,1,76,552,2,3,1,3,"36, RTE D OCTEVILLE",49.5113,0.0858
201300034588,21,6,2013,13,1,76,351,2,1,1,2,"42, R AUGUSTE RISPAL",49.49272,0.14121
201300034589,21,6,2013,16,1,76,351,1,1,1,2,,49.52447,0.17141
201300034590,21,6,2013,18,1,76,351,2,3,1,3,CRS DE LA REPUBLIQUE,49.50091,0.13057
201300034591,22,6,2013,14,1,76,447,2,3,2,1,RTE DE LA PAYENNIERE,49.55177,0.21072
201300034592,23,6,2013,22,5,76,351,1,1,1,6,RD 6382,49.5252,0.15943
201300034593,27,6,2013,13,1,76,351,2,3,1,3,"113, CRS DE LA REPUBLIQ",49.49722,0.1278
201300034594,2,7,2013,20,1,76,351,2,2,1,3,PL DE L HOTEL DE VILLE,49.49458,0.10938
201300034595,3,7,2013,16,1,76,351,2,2,1,6,PONT DENIS PAPIN,49.49428,0.13824
201300034596,3,7,2013,19,1,76,447,2,1,1,7,AV MARECHAL FOCH,49.53258,0.18997
201300034597,5,7,2013,14,1,76,351,2,1,1,1,"6, R MARCEL CACHIN",49.50756,0.18207
201300034598,5,7,2013,22,1,76,351,2,3,1,2,"29, AV DU GENERAL LECLER",49.49461,0.10843
201300034599,6,7,2013,16,1,76,481,1,6,1,7,ROND POINT DU CALVAIRE,49.54612,0.10933
201300034600,9,7,2013,4,5,76,305,2,1,1,7,R PIERRE GLENISSON,49.50511,0.23023
201300034601,9,7,2013,19,1,76,351,2,1,1,3,"471, AV DU BOIS AU COQ",49.51982,0.11479
201300034602,10,7,2013,9,1,76,351,2,1,1,6,"22, R DU VORNIER",49.5087,0.12194
201300034603,10,7,2013,16,1,76,351,2,2,1,3,"59, BD FRANCOIS 1ER",49.4872,0.10341
201300034604,11,7,2013,1,5,76,351,2,2,1,3,"0, MASSILLON",49.49876,0.13599
201300034605,12,7,2013,23,5,76,447,1,1,1,7,,49.53332,0.1874
201300034606,15,7,2013,16,1,76,447,1,1,1,2,RTE D OCTEVILLE,49.54853,0.16019
201300034607,16,7,2013,9,1,76,351,2,2,1,3,R DES DRAPIERS,49.48745,0.10942
201300034608,17,7,2013,18,1,76,351,2,2,1,6,"58, R JULES TELLIER",49.4984,0.12683
201300034609,19,7,2013,19,1,76,305,2,1,1,3,AV JACQUES  EBERHARD,49.50827,0.23139
201300034610,21,7,2013,18,1,76,552,2,3,1,3,"5, R REINE ELISABETH",49.50354,0.08665
201300034611,26,7,2013,20,1,76,351,2,1,1,1,,49.52791,0.12158
201300034612,1,8,2013,20,1,76,351,2,1,1,3,"17, QU DE SOUTHAMPTON",49.4856,0.10845
201300034613,2,8,2013,16,1,76,351,2,1,1,5,"47, R DE LABOUTEILLERIE",49.52104,0.16899
201300034614,4,8,2013,17,1,76,351,2,1,1,3,"113, CRS DE LA REPUBLIQ",49.49731,0.12793
201300034615,6,8,2013,12,1,76,351,2,1,1,7,AV AMIRAL DU CHILLOU,49.47559,0.17571
201300034616,6,8,2013,23,5,76,351,2,2,1,6,BD FRANCOIS 1ER,49.49356,0.09772
201300034617,8,8,2013,9,1,76,351,2,2,1,6,"27, R DES  IRIS",49.50801,0.16331
201300034618,10,8,2013,21,2,76,351,2,2,1,7,R ANDRE VIMBERT,49.52133,0.1602
201300034619,15,8,2013,6,5,76,351,2,3,1,6,"307, R ARISTIDE BRIAND",49.50047,0.13841
201300034620,21,8,2013,13,1,76,341,1,1,1,6,D6015,49.51689,0.20696
201300034621,22,8,2013,17,1,76,351,2,3,1,3,R PIERRE MENDES FRANCE,49.50974,0.14204
201300034622,22,8,2013,20,1,76,351,2,2,1,6,CRS COMMANDANT FRATACCI,49.49088,0.12282
201300034623,30,8,2013,17,1,76,351,2,3,1,1,"1, R ANDRE VIMBERT",49.52229,0.15729
201300034624,31,8,2013,15,1,76,351,2,2,1,3,"1, R DES IRIS",49.50793,0.15889
201300034625,2,9,2013,12,1,76,447,2,1,1,6,"2, R DES CASTORS",49.53222,0.18076
201300034626,2,9,2013,13,1,76,351,2,3,1,3,"95, R LOUIS BLANC",49.50781,0.13324
201300034627,3,9,2013,4,5,76,351,2,1,1,7,"287, R ARISTIDE BRIAND",49.50039,0.13686
201300034628,4,9,2013,18,1,76,351,2,2,1,3,"62, AV PAUL VERLAINE",49.50932,0.1589
201300034629,5,9,2013,14,1,76,341,1,1,1,2,,49.5137,0.19426
201300034630,5,9,2013,16,1,76,351,2,3,1,3,CRS DE LA REPUBLIQUE,49.50115,0.13054
201300034631,6,9,2013,16,1,76,351,2,2,1,3,"162, R JULES GUESDE",49.50599,0.11501
201300034632,6,9,2013,21,5,76,351,2,1,1,7,TUNNEL  JENNER,49.50309,0.1322
201300034633,8,9,2013,2,5,76,351,2,1,1,7,"453, AV JEAN JAURES",49.50105,0.18173
201300034634,9,9,2013,2,5,76,351,2,2,1,6,"3, AV RENE COTY",49.49484,0.10947
201300034635,9,9,2013,7,2,76,351,2,3,1,3,"107, QU DE SOUTHAMPTON",49.48652,0.11153
201300034636,11,9,2013,14,1,76,351,2,1,1,6,CRS  LAFAYETTE,49.49171,0.12543
201300034637,13,9,2013,16,1,76,305,1,1,1,3,RTE DE LA BREQUE,49.48995,0.19622
201300034638,14,9,2013,13,1,76,351,2,3,1,7,"28, BD CLEMENCEAU",49.48967,0.09773
201300034639,20,9,2013,17,1,76,351,2,2,1,6,"9, R PIERRE LOTI",49.5049,0.14837
201300034640,22,9,2013,2,5,76,351,2,1,1,2,"94, R GEORGES LAFAURIE",49.50095,0.11289
201300034641,23,9,2013,17,1,76,351,2,1,1,6,"119, AV RENE COTY",49.49839,0.11735
201300034642,23,9,2013,18,1,76,351,2,2,1,3,"127, R DEMIDOFF",49.49771,0.13743
201300034643,24,9,2013,10,1,76,552,2,1,1,7,BD PRESIDENT FELIX FAURE,49.50095,0.07919
201300034644,29,9,2013,17,1,76,351,1,6,1,7,"490, BD JULES DURAND",49.4978,0.1842
201300034645,2,10,2013,17,1,76,351,2,2,1,3,"76, R DE SAINT QUENTIN",49.51254,0.11705
201300034646,5,10,2013,20,5,76,447,2,2,1,3,"2, R MEDERIC DESCHAMPS",49.54562,0.18823
201300034647,10,10,2013,8,1,76,351,2,4,1,6,CRS LAFAYETTE,49.49171,0.12567
201300034648,11,10,2013,6,2,76,341,1,1,3,6,RD 6382,49.52409,0.18258
201300034649,11,10,2013,18,1,76,351,2,3,2,6,R JEAN ZAY,49.50274,0.10485
201300034650,17,10,2013,23,5,76,351,2,1,1,7,"28, AV RENE COTY",49.49609,0.11007
201300034651,18,10,2013,16,1,76,351,2,1,1,6,"456, R DE VERDUN",49.5023,0.18086
201300034652,18,10,2013,20,5,76,351,2,1,1,6,"139, AV DUHUIT MAI 1945",49.5147,0.17433
201300034653,20,10,2013,19,5,76,351,2,1,1,6,"78, R JOSEPH MADEC",49.50754,0.13925
201300034654,23,10,2013,7,2,76,305,1,1,1,3,RTE DU PONT VIII,49.49726,0.21119
201300034655,24,10,2013,17,1,76,305,2,2,1,3,R DE LA  VERRERIE,49.50192,0.20567
201300034656,25,10,2013,2,5,76,351,2,1,1,7,BD DE LENINGRAD,49.50002,0.17172
201300034657,25,10,2013,7,2,76,341,1,1,1,3,RD 6015,49.50783,0.19599
201300034658,25,10,2013,16,1,76,305,2,1,1,6,R PABLO PICASSO,49.50515,0.20461
201300034659,26,10,2013,15,1,76,447,1,1,1,7,CH DE LA  PIERRE GRISE,49.53105,0.20565
201300034660,26,10,2013,17,1,76,351,2,2,1,3,BD FRANCOIS 1ER,49.49354,0.09772
201300034661,30,10,2013,14,1,76,351,2,2,1,3,R LUDOVIC HALEVY,49.50779,0.15235
201300034662,31,10,2013,8,1,76,351,2,1,1,6,"128, R LOUIS BLANC",49.50868,0.135
201300034663,1,11,2013,23,5,76,351,2,2,2,6,R  TOURVILLE,49.49828,0.12298
201300034664,3,11,2013,11,1,76,351,2,2,1,3,R DU  BOIS AU COQ,49.50894,0.13532
201300034665,5,11,2013,22,5,76,351,2,6,2,3,"428, BD JULES DURAND",49.49595,0.17883
201300034666,5,11,2013,14,1,76,351,1,1,6,6,AV AMIRAL DU CHILLOU,49.46868,0.18063
201300034667,5,11,2013,21,5,76,351,2,1,2,6,"330, R FELIX FAURE",49.50163,0.11387
201300034668,6,11,2013,13,1,76,341,1,4,2,7,,49.49855,0.19808
201300034669,7,11,2013,12,1,76,305,2,1,2,6,AV DU CAMP DOLENT,49.50792,0.22423
201300034670,8,11,2013,13,1,76,351,2,2,1,3,QU GEORGES POMPIDOU,49.48955,0.1165
201300034671,8,11,2013,23,5,76,351,2,1,2,6,"121, CRS DE LA REPUBLIQ",49.49789,0.12819
201300034672,12,11,2013,13,1,76,351,2,4,2,3,"77, R GEORGES LAFAURIE",49.49874,0.10698
201300034673,12,11,2013,14,1,76,341,1,4,2,7,,49.49859,0.19825
201300034674,16,11,2013,15,1,76,351,2,2,1,6,"28, R DE CALIGNY",49.49259,0.10076
201300034675,19,11,2013,10,1,76,351,2,3,1,6,"239, BD DE GRAVILLE",49.49408,0.14773
201300034676,19,11,2013,8,1,76,305,1,1,1,2,RTE DE LA CHIMIE,49.48328,0.22382
201300034677,20,11,2013,17,5,76,351,1,1,3,2,RD 6382,49.52463,0.18162
201300034678,21,11,2013,18,5,76,351,2,2,1,6,"164, CRS DE LA REPUBLIQ",49.49955,0.1296
201300034679,22,11,2013,8,2,76,351,2,2,1,6,"0, GEORGES BRAQUE (RUE)",49.49521,0.10388
201300034680,22,11,2013,15,1,76,351,2,3,1,6,"2 bis, R DE CONTI",49.50129,0.14826
201300034681,22,11,2013,17,5,76,341,1,3,2,3,,49.5138,0.19323
201300034682,25,11,2013,8,3,76,305,2,1,1,6,R JACQUES BREL,49.5209,0.22609
201300034683,25,11,2013,18,5,76,270,2,2,2,6,"31, AV JEAN JAURES",49.53552,0.14648
201300034684,26,11,2013,8,2,76,351,1,1,1,4,,49.52438,0.17164
201300034685,26,11,2013,14,1,76,351,2,2,1,6,"173, BD AMIRAL MOUCHEZ",49.48738,0.14562
201300034686,26,11,2013,18,3,76,305,2,3,1,3,RTE DU PONT VIII,49.49726,0.2112