Num_Acc,jour,mois,an,hr,condition_eclairage,departement,commune,condition_agglomeration,intersection,condition_atmosphere,type_collision,adresse,lattitude,longitude
201300034687,27,11,2013,0,5,76,296,2,2,1,6,"93, R DE LA LIBERATION",49.51761,0.25067
201300034688,1,12,2013,14,1,76,552,2,4,1,6,"6, R DU ROI ALBERT",49.50264,0.08553
201300034689,3,12,2013,18,5,76,351,2,1,1,6,"203, R DEMIDOFF",49.49819,0.14538
201300034690,5,12,2013,11,1,76,341,2,3,1,6,RTE D OUDALLE,49.50474,0.20025
201300034691,7,12,2013,0,5,76,351,1,4,2,6,BD DE LENINGRAD,49.50264,0.19415
201300034692,10,12,2013,12,1,76,351,2,2,1,6,R CASIMIR PERIER,49.49399,0.1117
201300034693,12,12,2013,14,1,76,351,2,2,1,3,R DE LA CONCORDE,49.50658,0.15894
201300034694,12,12,2013,18,5,76,305,2,4,1,6,"29, RTE ORCHER",49.50345,0.21431
201300034695,13,12,2013,8,2,76,351,2,1,1,6,"10,R IRENE JOLIOT CURIE",49.5061,0.10052
201300034696,13,12,2013,12,1,76,341,1,4,2,2,,49.50794,0.19643
201300034697,13,12,2013,16,1,76,351,2,2,1,3,"185, R ROMAIN ROLLAND",49.50599,0.11499
201300034698,19,12,2013,15,1,76,351,2,3,1,6,"189, R DE VERDUN",49.50235,0.16251
201300034699,20,12,2013,15,1,76,305,2,1,1,1,RTE DE GOURNAY,49.51916,0.22383
201300034700,21,12,2013,5,5,76,305,1,1,1,6,D6015,49.51278,0.22466
201300034701,24,12,2013,8,1,76,351,2,2,3,3,"43, R BEAULIEU",49.51117,0.11038
201300034702,24,12,2013,18,5,76,447,2,3,1,3,"n?ant, SAINTE CROIX (COU",49.54335,0.19249
201300034703,26,12,2013,12,1,76,351,2,2,1,3,R RAYMOND GUENOT,49.49431,0.10373
201300034704,27,12,2013,11,1,76,351,2,9,3,6,PL DU CHILLOU,49.49162,0.11062
201300034705,30,12,2013,10,1,76,351,2,1,1,6,"1, CRS LAFAYETTE",49.49183,0.12513
201300034706,31,12,2013,11,1,76,351,2,1,1,6,"32, R IRENE JOLIOT CURIE",49.50702,0.09998
201300034707,23,12,2013,8,1,76,484,2,3,2,2,"1, GAULLE. AVENUE DU GEN",49.363,1.10402
201300034708,26,12,2013,9,1,76,540,2,3,1,2,AV JEAN RONDEAUX,49.43578,1.07725
201300034709,2,12,2013,15,1,76,322,1,1,1,3,"01, VOIE RAPIDE SUD 3 (R",49.40032,1.03238
201300034710,9,12,2013,16,1,76,216,2,1,1,6,"87, RTE DE DIEPPE",49.46181,1.05389
201300034711,10,12,2013,15,1,76,540,2,2,1,6,BD FERDINAND DE LESSEPS,49.44513,1.0642
201300034712,13,12,2013,8,2,76,498,2,1,1,6,AV JACQUES PREVERT,49.42928,1.06215
201300034713,19,12,2013,19,5,76,540,2,1,1,6,AV CHAMPLAIN,49.43392,1.0918
201300034714,20,12,2013,8,2,76,540,2,4,2,6,R HENRI RIVIERE,49.43622,1.11214
201300034715,17,12,2013,17,1,76,540,2,3,1,3,"12, R BRISOUT DE BARNE",49.43426,1.08143
201300034716,13,12,2013,8,1,76,540,2,4,3,6,"52, RTE DE BONSECOURS",49.43286,1.10808
201300034717,7,1,2013,9,1,76,319,2,2,8,1,R DE L A COMMUNE DE PARI,49.34738,0.99386
201300034718,15,12,2013,20,5,76,540,2,4,1,6,R DU VAL D EAUPLET,49.43285,1.10777
201300034719,24,12,2013,13,1,76,540,2,1,9,5,AV DE LA GRAND MARE,49.44327,1.13041
201300034720,30,12,2013,18,5,76,540,2,3,9,2,AV JEAN RONDEAUX,49.4369,1.07837
201300034721,15,1,2013,14,1,76,540,2,3,1,3,RTE DU HAVRE,49.45042,1.05922
201300034722,2,1,2013,18,5,76,319,2,2,1,3,"01, MATHILDE. AVENUE DE",49.35599,1.00912
201300034723,9,1,2013,5,5,76,540,2,1,1,6,"84, RTE DE BONSECOURS",49.43422,1.10669
201300034724,9,1,2013,20,5,76,540,2,2,1,6,QU JEAN MOULIN,49.43583,1.09056
201300034725,15,1,2013,15,1,76,322,2,6,1,6,BD DE VERDUN,49.41429,1.04468
201300034726,16,1,2013,21,3,76,410,1,1,1,1,D 1043,49.47346,1.02582
201300034727,17,1,2013,13,1,76,540,2,1,1,3,QU D ELBEUF,49.43122,1.09831
201300034728,23,1,2013,16,1,76,540,2,1,1,3,"23, BD GAMBETTA",49.43706,1.10285
201300034729,23,1,2013,7,5,76,319,2,1,5,6,AV DES POIRIERS,49.33966,1.02297
201300034730,2,2,2013,2,5,76,498,2,1,2,6,Voie rapide SUD III,49.43299,1.06089
201300034731,17,1,2013,15,1,76,540,2,2,1,6,"25, R DE LA REPUBLIQUE",49.43907,1.0969
201300034732,25,1,2013,18,5,76,497,2,1,1,4,"671, R ARISTIDE BRIAND",49.39265,1.02343
201300034733,26,1,2013,6,5,76,540,2,1,1,6,"140, RTE DE NEUFCHATEL",49.4545,1.10561
201300034734,27,1,2013,2,5,76,540,2,1,9,2,"154, AV DU MONT RIBOUDET",49.44742,1.06859
201300034735,30,1,2013,12,1,76,540,2,1,9,3,"21, R MALOUET",49.43149,1.08989
201300034736,1,2,2013,3,5,76,484,1,6,9,7,CD18 E,49.34612,1.07713
201300034737,2,2,2013,21,5,76,540,2,3,1,3,AV BERNARD BICHERAY,49.44965,1.05053
201300034738,9,2,2013,17,1,76,157,2,1,9,6,"2,AV DU PRESIDENT  ALLEN",49.45074,1.03464
201300034739,25,1,2013,7,1,76,681,2,5,1,3,R DES  ABEILLES,49.40632,1.09014
201300034740,17,1,2013,18,5,76,157,2,3,1,6,BD CLAUDE MONET,49.45218,1.03429
201300034741,28,1,2013,6,5,76,410,2,1,2,3,"19, R DE LA REPUBLIQUE",49.47809,1.04281
201300034742,22,1,2013,12,1,76,575,1,2,2,3,BD LENINE,49.38122,1.10992
201300034743,10,2,2013,19,5,76,540,2,5,2,6,AV DE LA  LIBERATION,49.42831,1.07067
201300034744,1,2,2013,14,1,76,540,2,2,1,7,"40, R DU GRAND PONT",49.43939,1.09271
201300034745,6,2,2013,15,1,76,429,2,1,1,2,RTE DE  DARNETAL,49.41356,1.15198
201300034746,12,2,2013,12,1,76,575,2,3,1,6,R ERNEST RENAN,49.39851,1.06977
201300034747,15,2,2013,7,5,76,322,2,2,3,7,BD PIERRE BROSSOLETTE,49.41668,1.03743
201300034748,20,2,2013,15,1,76,540,2,2,1,3,R DE LA CROIX D YONVIL,49.45086,1.06631
201300034749,16,1,2013,12,1,76,451,2,6,1,3,R DU TRONQUET,49.46916,1.07691
201300034750,20,2,2013,11,1,76,540,1,1,1,3,RN 28,49.43725,1.11056
201300034751,28,2,2013,20,5,76,540,2,1,9,6,"104, BD DES BELGES",49.44519,1.08607
201300034752,22,2,2013,11,1,76,540,2,1,1,6,"118, R MARTAINVILLE",49.43926,1.10117
201300034753,1,3,2013,16,1,76,498,2,1,1,1,"15, R JACQUARD",49.43076,1.05165
201300034754,4,2,2013,16,1,76,540,2,1,1,3,AV BERNARD BICHERAY,49.45024,1.05302
201300034755,28,2,2013,11,1,76,319,1,1,9,6,,49.35309,1.02803
201300034756,28,2,2013,18,2,76,319,2,1,1,3,AV DU GENERAL  LECLERC.,49.36652,1.01433
201300034757,16,3,2013,6,5,76,540,2,1,1,2,"268, BD JEAN JAURES",49.45175,1.06001
201300034758,7,3,2013,7,1,76,681,2,3,1,3,BD INDUSTRIEL,49.42286,1.10629
201300034759,16,3,2013,20,5,76,575,2,1,2,3,"69, AV AMBROISE CROIZAT",49.36972,1.10574
201300034760,31,3,2013,18,1,76,540,2,2,1,3,"117, RTE DU HAVRE",49.45278,1.05659
201300034761,29,3,2013,15,1,76,484,2,3,1,3,AV DU GENERAL DE GAULLE,49.35282,1.09754
201300034762,3,4,2013,14,1,76,540,2,2,1,2,"117, RTE DU HAVRE",49.45277,1.05664
201300034763,31,3,2013,12,1,76,498,2,1,1,4,Voie rapide SUD III,49.43454,1.06916
201300034764,5,4,2013,13,1,76,540,2,2,2,6,AV JEAN RONDEAUX,49.43879,1.08013
201300034765,4,4,2013,12,1,76,540,2,3,1,3,AV JACQUES CHASTELLAIN,49.43443,1.0989
201300034766,2,4,2013,12,1,76,322,2,2,1,3,R GAY LUSSAC,49.4174,1.04695
201300034767,8,4,2013,11,1,76,681,2,1,1,6,"67, R RASPAIL",49.4155,1.094
201300034768,5,2,2013,9,1,76,540,2,3,1,3,AV BERNARD BICHERAY,49.44951,1.05
201300034769,8,2,2013,7,2,76,540,2,1,2,3,"2, BD DE LA MARNE",49.44735,1.09468
201300034770,15,4,2013,18,1,76,681,2,2,1,5,GR DE QUATRE-MARES,49.4049,1.10312
201300034771,16,4,2013,19,1,76,540,2,2,1,6,QU JEAN MOULIN,49.43583,1.09056
201300034772,13,4,2013,5,5,76,540,2,1,1,6,QU DE LA  BOURSE,49.43818,1.09135
201300034773,15,4,2013,13,1,76,540,2,1,1,2,"110, R JEANNE D'ARC",49.44777,1.09392
201300034774,16,4,2013,11,1,76,540,2,3,1,3,"79, RTE DE DARNETAL",49.44,1.12993
201300034775,3,4,2013,0,5,76,540,2,4,1,3,"01, BONSECOURS. ROUTE DE",49.43316,1.10764
201300034776,17,4,2013,17,1,76,410,2,2,1,3,"47, RTE DE DIEPPE",49.47547,1.0482
201300034777,8,2,2013,11,1,76,540,2,3,2,6,"17, R FRANCOIS COUPERIN",49.44792,1.13873
201300034778,19,4,2013,16,1,76,540,2,2,1,6,R DU GENERAL GIRAUD,49.44029,1.08936
201300034779,28,4,2013,6,2,76,540,2,2,1,2,AV ARISTIDE BRIAND,49.43469,1.10572
201300034780,7,3,2013,18,1,76,575,2,2,2,3,R ROMAIN ROLLAND,49.39745,1.06457
201300034781,29,4,2013,12,1,76,681,2,2,1,3,"441, R DE PARIS",49.41287,1.09856
201300034782,3,5,2013,1,5,76,540,2,2,1,6,R GRAND PONT,49.43882,1.09228
201300034783,18,4,2013,17,1,76,540,2,1,1,6,R JEAN TEXIER,49.46144,1.13118
201300034784,30,4,2013,16,1,76,157,2,1,1,6,"30, AV DU PRESIDENT  ALL",49.44955,1.03521
201300034785,3,5,2013,15,1,76,599,2,1,9,6,,49.42883,1.15524
201300034786,8,5,2013,1,5,76,540,2,3,1,3,QU DE PARIS,49.43653,1.09989
201300034787,2,5,2013,19,1,76,540,2,1,1,6,"13, R HENRY II PLANTAGEN",49.42431,1.09752
201300034788,7,5,2013,20,1,76,402,2,3,1,3,"21, RTE DE MONTVILLE",49.52838,1.04766
201300034789,12,5,2013,19,1,76,540,2,2,2,7,RTE DE LYONS LA FORET,49.43653,1.13385
201300034790,15,5,2013,18,1,76,575,1,2,1,4,BD LENINE,49.36842,1.11216
201300034791,13,4,2013,18,1,76,319,2,1,1,6,R VICTOR HUGO,49.35544,1.00807
201300034792,18,5,2013,13,1,76,402,2,3,8,6,"205, RTE DE DIEPPE",49.5261,1.04249
201300034793,15,5,2013,17,1,76,540,2,1,1,3,QU DE PARIS,49.43672,1.09824
201300034794,17,5,2013,16,1,76,540,2,1,1,6,"9, R D ERNEMONT",49.44946,1.10138
201300034795,22,5,2013,9,1,76,540,2,2,1,7,R DES ARSINS,49.44272,1.09667
201300034796,21,4,2013,15,1,76,681,2,3,1,6,"15, R PIERRE CORNEILLE",49.4229,1.0905
201300034797,11,4,2013,12,1,76,451,2,1,1,6,R ROBERT  LEHMANN,49.46979,1.07919
201300034798,25,5,2013,6,1,76,540,2,2,2,3,QU DE PARIS,49.43712,1.09609
201300034799,26,5,2013,20,1,76,474,2,1,1,3,"38, R FREDERIC CHOPIN",49.47794,1.05889
201300034800,17,5,2013,12,1,76,540,2,1,1,6,"22, R SAINT GERVAIS",49.44686,1.08546
201300034801,30,5,2013,18,1,76,575,2,1,1,6,AV DE LA MARE AUX DAIMS,49.38697,1.07103
201300034802,3,6,2013,19,1,76,540,2,1,1,4,"17, R JEANNE D ARC",49.44113,1.09005
201300034803,4,6,2013,19,1,76,103,2,2,1,3,R DES HAUTES HAIES,49.4228,1.13078
201300034804,2,6,2013,2,5,76,540,2,2,1,6,R BOUVREUIL,49.44712,1.09518
201300034805,5,6,2013,20,1,76,484,2,3,1,3,AV DU GENERAL DE GAULLE,49.36301,1.104
201300034806,5,6,2013,20,1,76,681,2,3,1,6,BD INDUSTRIEL,49.41508,1.10711
201300034807,1,6,2013,15,1,76,212,2,3,1,2,BD DE LA  PAIX.,49.43763,1.14387
201300034808,1,6,2013,16,1,76,540,2,3,1,2,"136, AV DES CANADIENS",49.41786,1.0768
201300034809,5,6,2013,14,1,76,322,2,2,1,4,BD PIERRE BROSSOLETTE,49.41661,1.03767
201300034810,7,6,2013,13,1,76,540,1,1,1,4,RTE DE LYONS LA FORET,49.4361,1.13529
201300034811,8,6,2013,14,1,76,575,2,1,1,6,CH DU  PETIT BOIS,49.38022,1.09839
201300034812,9,6,2013,2,5,76,540,1,1,1,6,A 150,49.4503,1.0584
201300034813,10,6,2013,1,5,76,681,2,2,1,3,"1, GAULLE. PLACE CHARLES",49.41103,1.09314
201300034814,28,4,2013,15,1,76,540,2,2,1,3,"01, GAMBETTA. BOULEVARD",49.43955,1.11063
201300034815,7,4,2013,9,1,76,451,2,1,1,6,"4, AV GALLIENI",49.45337,1.08837
201300034816,8,6,2013,21,2,76,540,2,4,1,3,BD JEAN DE BETHENCOURT,49.43952,1.07628
201300034817,14,6,2013,14,1,76,474,1,1,1,6,R DE L ABBAYE,49.49878,1.04095
201300034818,15,6,2013,2,3,76,157,1,1,1,2,,49.46365,1.03978
201300034819,16,6,2013,16,1,76,497,1,1,1,3,,49.3939,1.03621
201300034820,16,6,2013,21,1,76,498,2,1,1,6,"15, R CLAUDINE GUERIN",49.42743,1.06378
201300034821,18,6,2013,8,1,76,319,2,2,2,3,BD DU GRAND AULNAY,49.34519,0.979
201300034822,12,6,2013,15,1,76,540,2,2,1,3,QU JEAN  MOULIN,49.43503,1.0934
201300034823,6,6,2013,17,1,76,575,2,1,1,3,"20, AV DE FELLING.",49.39493,1.06446
201300034824,9,6,2013,3,5,76,540,2,2,1,3,AV JEAN RONDEAUX,49.43879,1.08019
201300034825,11,6,2013,8,1,76,451,1,1,2,3,AV DU BOIS AUX DAMES,49.47477,1.07738
201300034826,7,6,2013,16,1,76,410,1,1,1,2,,49.4692,1.0352
201300034827,20,6,2013,17,1,76,540,1,1,1,2,RN 28,49.43881,1.11579
201300034828,24,6,2013,15,1,76,498,1,2,1,3,"83 B, BD DU 11 NOVEMBRE",49.41666,1.07043
201300034829,25,6,2013,20,1,76,540,2,2,1,3,"55, AV GUSTAVE FLAUBERT",49.44491,1.08363
201300034830,23,6,2013,17,1,76,216,2,1,1,6,"47, R RENE COTY",49.46994,1.05363
201300034831,25,6,2013,12,1,76,681,2,1,1,6,R D  EAUPLET,49.42029,1.10216
201300034832,29,6,2013,23,5,76,540,2,1,1,6,"106, R LA FAYETTE",49.4315,1.08755
201300034833,2,7,2013,15,1,76,540,2,1,1,6,"104, BD D ORLEANS",49.4367,1.08023
201300034834,1,6,2013,20,1,76,575,2,2,1,3,"01, CARNOT. RUE LAZARE",49.37964,1.10767
201300034835,14,6,2013,19,1,76,322,2,1,1,3,"17, AV FRANKLIN ROOSEVEL",49.39891,1.05792
201300034836,31,5,2013,13,1,76,216,2,3,1,3,R JEAN RICHARD,49.46648,1.04623
201300034837,13,5,2013,7,2,76,319,2,3,9,3,"39, AV JEAN JAURES",49.35341,1.00208
201300034838,4,7,2013,18,1,76,540,2,1,1,5,PONT GUSTAVE FLAUBERT,49.44355,1.06393
201300034839,5,7,2013,10,1,76,410,1,4,1,3,D86,49.47307,1.0288
201300034840,9,7,2013,10,1,76,216,2,2,1,6,"55, R LAVEISSIERE",49.46905,1.0444
201300034841,2,5,2013,17,1,76,540,2,1,1,6,"81, PL JEAN BAPTISTE DE",49.4484,1.08359
201300034842,9,5,2013,14,1,76,540,2,2,1,2,R DU MAIL,49.4312,1.08935
201300034843,13,7,2013,16,1,76,322,2,3,1,3,AV DES  PROVINCES,49.41149,1.0529
201300034844,16,7,2013,14,1,76,451,2,2,1,3,R DU TRONQUET,49.47101,1.07645
201300034845,18,7,2013,17,1,76,540,2,2,1,3,"15, BD DE LA  MARNE",49.44704,1.09258
201300034846,20,7,2013,21,1,76,540,2,1,1,3,"13, R HENRY II PLANTAGEN",49.42429,1.09755
201300034847,5,7,2013,16,1,76,540,2,1,1,4,"35, RTE DE NEUFCHATEL",49.45087,1.0986
201300034848,9,7,2013,23,3,76,157,1,3,1,7,,49.44475,1.04174
201300034849,6,7,2013,6,5,76,540,2,1,1,7,"53, QU DU  HAVRE",49.43978,1.08515
201300034850,9,7,2013,22,4,76,681,2,3,1,3,"22, AV DES CANADIENS",49.41438,1.07431
201300034851,15,7,2013,8,1,76,540,2,1,1,3,"12, RTE DE BONSECOURS",49.43017,1.11162
201300034852,20,7,2013,8,1,76,540,2,3,1,6,"24, QU GASTON BOULET",49.44183,1.08089
201300034853,24,7,2013,19,1,76,498,2,1,1,2,RN 338,49.43448,1.06865
201300034854,13,6,2013,9,1,76,451,2,1,1,6,BD ANDRE SIEGFRIED,49.45701,1.06586
201300034855,23,6,2013,6,1,76,540,2,1,2,7,R NANSEN,49.45011,1.05841
201300034856,2,8,2013,7,1,76,212,2,2,1,3,R LOUIS PASTEUR,49.44239,1.147
201300034857,3,8,2013,16,1,76,322,1,1,1,2,,49.40925,1.03874
201300034858,2,8,2013,13,1,76,575,2,2,1,1,BD LENINE,49.38118,1.10995
201300034859,10,8,2013,17,1,76,575,2,3,1,1,R DES CATELIERS,49.39009,1.07411
201300034860,10,8,2013,14,1,76,108,2,1,1,5,"1763, RTE DE NEUFCHATEL",49.45866,1.10864
201300034861,14,6,2013,1,5,76,540,1,1,1,6,,49.43806,1.12899
201300034862,22,8,2013,2,5,76,540,2,1,1,7,"21, QU DE FRANCE",49.43895,1.06155
201300034863,3,6,2013,8,1,76,474,2,1,1,3,"342, RTE DE DIEPPE",49.49666,1.04854
201300034864,12,8,2013,12,1,76,402,2,1,1,7,"04, RTE DE MONTVILLE",49.52731,1.04362
201300034865,14,8,2013,18,1,76,498,2,2,1,4,BD CHARLES DE  GAULLE,49.41946,1.06027
201300034866,23,8,2013,18,1,76,540,2,1,1,3,"52, R GALILEE",49.45743,1.13868
201300034867,26,7,2013,19,1,76,681,2,1,1,1,"16, R DES TISSERANDS",49.4096,1.09538
201300034868,3,9,2013,18,1,76,540,2,1,1,6,"33, R GIUSEPPE VERDI",49.44994,1.13767
201300034869,17,8,2013,19,1,76,540,1,1,1,6,RN 28,49.45916,1.14369
201300034870,23,8,2013,19,1,76,540,2,2,1,3,R DE LA CROIX D'YONVILLE,49.45086,1.06635
201300034871,30,8,2013,10,1,76,540,2,2,1,3,"16, R DU CONTRAT SOCIAL",49.44423,1.08302
201300034872,31,8,2013,18,1,76,212,2,1,1,6,"90, RTE DE GOURNAY",49.44264,1.16252
201300034873,6,9,2013,11,1,76,540,1,1,1,3,A 150,49.45303,1.05443
201300034874,10,9,2013,18,1,76,681,2,3,1,6,"369, R VICTOR HUGO",49.40859,1.09794
201300034875,7,8,2013,21,1,76,322,2,2,1,6,"78,R ALFRED DE  MUSSET",49.40783,1.06079
201300034876,11,9,2013,17,1,76,575,2,1,1,3,R DU VELAY,49.3719,1.09796
201300034877,13,9,2013,4,5,76,540,2,1,1,6,PONT PIERRE  CORNEILLE,49.43611,1.09575
201300034878,13,9,2013,17,1,76,540,2,1,1,3,"30, CRS CLEMENCEAU",49.43473,1.08818
201300034879,13,8,2013,13,1,76,681,2,2,1,3,R LEON SALVA,49.41065,1.07886
201300034880,30,8,2013,14,1,76,540,2,4,1,3,RN 28,49.43723,1.11039
201300034881,13,9,2013,11,1,76,540,2,2,2,6,"53, AV DE BRETAGNE",49.43321,1.08529
201300034882,17,9,2013,16,1,76,498,2,2,2,3,PL DES  CHARTREUX,49.42389,1.0673
201300034883,19,9,2013,8,1,76,402,2,3,1,3,"259, RTE DE DIEPPE",49.52766,1.04234
201300034884,19,9,2013,21,5,76,498,2,2,2,3,AV DE LA LIBERATION,49.42391,1.06734
201300034885,31,8,2013,19,1,76,410,2,1,1,1,"2, AV DU VAL AUX DAMES",49.47343,1.03491
201300034886,29,9,2013,1,3,76,157,1,1,1,5,,49.46088,1.04242
201300034887,30,9,2013,7,2,76,108,2,3,2,3,"2555, RTE DE  NEUFCHATEL",49.46459,1.11451
201300034888,25,9,2013,15,1,76,540,2,1,1,3,"50, CAVELIER DE LA SALLE",49.43781,1.08381
201300034889,3,10,2013,9,1,76,497,2,3,1,3,BD MARITIME,49.38387,1.01585
201300034890,6,10,2013,14,1,76,484,1,1,1,6,,49.35804,1.03553
201300034891,4,10,2013,16,1,76,322,2,2,1,5,BD PIERRE BROSSOLETTE,49.41865,1.03157
201300034892,5,10,2013,17,1,76,474,2,1,1,6,"1169, R DESLONGS VALLONS",49.48586,1.06172
201300034893,4,10,2013,12,1,76,540,2,1,9,3,"106, R LA FAYETTE",49.4315,1.08754
201300034894,9,10,2013,19,5,76,540,2,3,1,7,"57, R  D AMIENS",49.44068,1.10097
201300034895,14,10,2013,21,5,76,540,2,1,2,6,AV DE  BRETAGNE,49.43102,1.08043
201300034896,14,10,2013,17,1,76,540,2,2,2,6,"56, R DE LA REPUBLIQUE",49.44009,1.09737
201300034897,5,10,2013,13,1,76,540,2,1,1,3,QU JACQUES ANQUETIL,49.43337,1.09546
201300034898,16,10,2013,8,1,76,497,2,2,2,3,"356, R PIERRE CORNEILLE",49.39071,1.02169
201300034899,17,10,2013,21,5,76,540,2,1,1,6,"120, R JEANNE D'ARC",49.44809,1.09411
201300034900,19,10,2013,11,1,76,484,1,1,2,3,,49.3433,1.06905
201300034901,18,10,2013,19,5,76,319,2,2,2,3,"108, R PASTEUR",49.359,1.00722
201300034902,21,10,2013,12,1,76,498,2,1,1,3,BD STANISLAS GIRARDIN,49.41458,1.06223
201300034903,24,10,2013,9,1,76,319,2,1,1,3,"56, AV DU GENERALLECLERC",49.36234,1.01262
201300034904,1,11,2013,1,3,76,540,2,1,1,1,,49.43783,1.11333
201300034905,30,10,2013,12,1,76,575,2,3,1,3,"101, R DU MADRILLET",49.39751,1.07405
201300034906,29,10,2013,8,1,76,410,2,1,1,6,"96, R DES MARTYRS DE LA",49.48245,1.04434
201300034907,12,11,2013,15,1,76,157,1,3,2,3,COTE DE CANTELEU,49.44438,1.04095
201300034908,15,10,2013,7,3,76,498,2,3,9,1,R ROUGET DE LISLE,49.42486,1.04954
201300034909,7,11,2013,18,5,76,540,2,1,2,3,"43D, BD DE VERDUN",49.44534,1.10934
201300034910,8,11,2013,18,5,76,540,2,5,2,5,"129, BD DE L YSER",49.44838,1.09946
201300034911,7,11,2013,20,5,76,540,2,1,2,2,QU JEAN DE BETHENCOURT,49.43949,1.07861
201300034912,8,11,2013,14,1,76,575,2,1,2,2,AV DU VAL L ABBE,49.3825,1.10007
201300034913,6,11,2013,13,1,76,540,2,1,1,6,"45 Bis, R JEANNE D'ARC",49.44319,1.09124
201300034914,14,11,2013,20,5,76,575,2,1,2,6,R DU  VAL L ABBE,49.3849,1.09964
201300034915,17,11,2013,6,5,76,540,2,1,1,6,"169, BD DE L EUROPE",49.43292,1.07845
201300034916,15,11,2013,20,5,76,474,2,1,1,1,"11, RTE D HOUPPEVILLE",49.49075,1.05112
201300034917,15,10,2013,20,5,76,451,2,1,2,6,CENTRE CIAL VATINE,49.47119,1.09488
201300034918,31,10,2013,21,5,76,402,2,1,1,3,"125, RTE DE DIEPPE",49.52202,1.03991
201300034919,20,11,2013,17,5,76,681,2,2,3,6,AV DE LA LIBERATION,49.41392,1.08429
201300034920,19,11,2013,12,1,76,108,2,4,1,3,"1171, RTE DE NEUFCHATEL",49.45399,1.10496
201300034921,12,11,2013,18,5,76,451,2,1,3,6,R DU TRONQUET,49.46818,1.07534
201300034922,18,11,2013,18,5,76,681,2,3,1,3,"07bis, AV DES CANADIENS",49.41863,1.07741
201300034923,25,11,2013,21,5,76,498,2,2,2,3,,49.433,1.0603
201300034924,7,11,2013,17,5,76,540,2,1,2,6,"24, BD D ORLEANS",49.43573,1.08514
201300034925,16,11,2013,16,1,76,212,2,1,1,2,"75, R DE PREAUX",49.45333,1.15859
201300034926,25,11,2013,17,5,76,319,2,3,2,6,"1, AV DE LA REINE MATHIL",49.35695,1.00797
201300034927,22,11,2013,8,1,76,540,2,2,1,3,"53, AV DE BRETAGNE",49.43323,1.08531
201300034928,20,11,2013,17,5,76,429,2,1,3,6,"74, RTE DE PARIS",49.41068,1.14122
201300034929,21,11,2013,7,5,76,216,2,1,9,6,"44, R DE LA REPUBLIQUE",49.47172,1.04288
201300034930,22,11,2013,19,3,76,319,1,6,1,1,,49.34038,1.01434
201300034931,29,11,2013,22,5,76,474,2,1,2,6,"334, RTE DE DIEPPE",49.49631,1.04858
201300034932,1,12,2013,5,5,76,540,2,4,1,1,"66, RTE DE BONSECOURS",49.43315,1.10767
201300034933,28,11,2013,17,5,76,216,2,1,2,2,"1, GAILLARD. RUE GUSTAVE",49.47621,1.04884
201300034934,2,12,2013,8,1,76,366,2,1,1,6,"110, R DU GENERAL DE GAU",49.50766,1.03992
201300034935,28,11,2013,11,1,76,540,2,2,1,6,R RACINE,49.4419,1.08609
201300034936,5,12,2013,9,1,76,366,2,2,1,6,"1, R DE LA REPUBLIQUE",49.50847,1.03921
201300034937,30,11,2013,17,2,76,540,2,2,1,6,"36, R JEANNE D ARC",49.44087,1.08987
201300034938,27,11,2013,21,5,76,540,2,3,1,3,BD GAMBETTA,49.43799,1.10581
201300034939,7,12,2013,13,1,76,498,1,1,1,4,Voie rapide SUD III,49.43474,1.07093
201300034940,4,12,2013,17,5,76,540,2,4,1,6,"188, AV DU MONT RIBOUDET",49.44893,1.06552
201300034941,16,11,2013,18,5,76,540,2,1,1,6,"120, R DU GENERALLECLERC",49.44011,1.0897