Num_Acc,jour,mois,an,hr,condition_eclairage,departement,commune,condition_agglomeration,intersection,condition_atmosphere,type_collision,adresse,lattitude,longitude
201300034942,9,12,2013,15,1,76,410,2,2,1,3,RTE DE DIEPPE,49.48065,1.04788
201300034943,13,12,2013,17,3,76,498,2,2,9,6,BD DU 11 NOVEMBRE,49.42375,1.06711
201300034944,25,12,2013,4,5,76,540,2,1,2,6,PONT GUSTAVE FLAUBERT,49.43905,1.06598
201300034945,20,12,2013,17,1,76,108,2,3,1,3,"147, AV DU MARECHAL JUIN",49.46392,1.11621
201300034946,5,12,2013,13,1,76,540,2,2,1,6,"15, BD DE LA MARNE",49.4471,1.09271
201300034947,9,12,2013,15,1,76,540,2,1,1,3,"41, RTE DE NEUFCHATEL",49.4516,1.09816
201300034948,10,12,2013,7,5,76,540,2,2,9,3,R DU MESNIL GREMICHON,49.45219,1.11975
201300034949,22,12,2013,9,5,76,540,2,1,1,6,"25, BD DE VERDUN",49.4443,1.11224
201300034950,27,12,2013,15,1,76,410,2,6,2,1,"40, R DES BELGES",49.47605,1.04008
201300034951,21,1,2013,19,5,77,108,2,1,4,6,"34, NAST (RUE GUSTAVE)",48.88153,2.58496
201300034952,29,1,2013,17,1,77,108,2,2,1,3,", MARECHAL FOCH (AVENUE",48.87177,2.57785
201300034953,18,2,2013,9,1,77,108,2,1,1,2,MONTFERMEIL (ROUTE DE),0.0,0.0
201300034954,3,4,2013,16,1,77,55,2,3,1,3,CARNOT (RUE),0.0,0.0
201300034955,15,4,2013,19,1,77,108,2,1,1,2,MONTFERMEIL (ROUTE DE),0.0,0.0
201300034956,1,5,2013,21,5,77,108,1,3,2,3,PARC (RUE  DU),48.8771,2.5995
201300034957,2,6,2013,11,1,77,108,2,1,1,3,GUERRY (AVENUE EMILE),48.88762,2.62111
201300034958,28,6,2013,15,1,77,108,2,1,2,6,MARINIERS (QUAI DES),48.86695,2.59339
201300034959,7,7,2013,11,1,77,479,2,2,1,3,"26, COLONEL MOLL (RUE DU",48.87148,2.63737
201300034960,14,8,2013,18,1,77,108,2,1,1,1,"111, BICKART (RUE ALEXAN",0.0,0.0
201300034961,31,8,2013,18,1,77,479,2,2,1,3,PARC (RUE DU),48.86749,2.64193
201300034962,19,9,2013,8,1,77,479,2,1,1,6,ALGIS (RUE PAUL),48.86978,2.62639
201300034963,21,9,2013,18,1,77,108,2,2,1,3,MARECHAL FOCH (AVENUE DU,0.0,0.0
201300034964,25,9,2013,16,1,77,108,2,1,1,3,"50, SYLVIE (AVENUE DE)",0.0,0.0
201300034965,18,11,2013,8,1,77,108,2,2,1,3,DIGOY (AVENUE GEORGES),0.0,0.0
201300034966,10,12,2013,8,1,77,108,2,1,1,6,"0, MENDES FRANCE (BLD PI",0.0,0.0
201300034967,16,12,2013,16,1,77,118,1,1,1,7,CD34,0.0,0.0
201300034968,4,12,2013,18,2,77,517,1,2,1,3,CD 404,0.0,0.0
201300034969,16,12,2013,15,1,77,108,2,1,7,6,"46, MARECHAL FOCH (AVENU",48.71175,2.577
201300034970,13,12,2013,10,1,77,108,2,1,1,2,"149, CLAYE (AVENUE DE)",0.0,0.0
201300034971,25,12,2013,0,3,77,517,1,2,3,6,LAGNY (RUE DE),0.0,0.0
201300034972,26,2,2013,13,1,77,268,2,3,1,3,EUROPE ( BOULEVARD DE L',0.0,0.0
201300034973,28,2,2013,11,1,77,307,2,1,1,6,ROME ( RUE DE ),48.85917,2.75883
201300034974,9,6,2013,10,1,77,268,1,1,8,6,EUROPE ( BOULEVARD DE L',0.0,0.0
201300034975,5,7,2013,17,1,77,111,2,3,1,3,HERGE ( AVENUE),48.859,2.7737
201300034976,13,12,2013,19,4,77,449,1,1,2,3,RD 345  (PENETRANTE VAL,0.0,0.0
201300034977,21,12,2013,10,1,77,111,2,9,1,1,GRAND FOSSE ( BOULEVARD,0.0,0.0
201300034978,14,1,2013,9,1,77,131,2,1,1,1,"1, BRISEBECHE (RUE DE LA",48.82218,3.10317
201300034979,8,4,2013,18,1,77,371,2,1,1,6,VION (PLACE),48.81352,2.99261
201300034980,12,4,2013,0,5,77,131,1,1,1,6,PETITS AULNOYS (RUE DES),48.80879,3.1083
201300034981,20,5,2013,13,1,77,131,2,1,2,3,"39, GENERAL LECLERC (RUE",0.0,0.0
201300034982,2,6,2013,15,1,77,131,2,1,7,6,"1, GAMBETTA (COUR)",0.0,0.0
201300034983,15,7,2013,0,5,77,131,2,6,1,7,"1, ROND POINT DE LA GARE",0.0,0.0
201300034984,24,8,2013,17,1,77,131,2,1,1,6,"29, DANIEL TOURNEUR (RUE",48.8039,3.08225
201300034985,23,9,2013,15,1,77,42,1,1,7,7,FERTE GAUCHER (RUE DE LA,0.0,0.0
201300034986,30,9,2013,18,1,77,131,2,1,1,1,"15, ELVERT ROBERT (AVENU",48.80467,3.07925
201300034987,5,10,2013,13,1,77,70,2,1,2,7,"3, SAINT - MEDARD (RUE)",0.0,0.0
201300034988,7,10,2013,11,1,77,28,1,1,1,7,D 15,0.0,0.0
201300034989,11,10,2013,16,1,77,131,2,1,8,4,"1, BLUM LEON (AVENUE)",0.0,0.0
201300034990,16,10,2013,9,1,77,131,2,1,1,7,"3, BEAUREPAIRE (RUE)",0.0,0.0
201300034991,23,10,2013,17,1,77,131,2,1,1,6,"1, BRISEBECHE (RUE DE LA",0.0,0.0
201300034992,2,11,2013,9,1,77,131,2,1,2,2,"126, GENERAL LECLERC (RU",0.0,0.0
201300034993,5,12,2013,17,5,77,320,2,1,1,4,"1135, GENERAL DE GAULLE",0.0,0.0
201300034994,12,12,2013,22,3,77,400,1,1,9,7,MOUROUX (ROUTE DE),0.0,0.0
201300034995,21,12,2013,23,3,77,281,2,1,2,7,D402,0.0,0.0
201300034996,27,12,2013,21,3,77,42,1,1,2,6,"97, FERTE GAUCHER (RUE D",0.0,0.0
201300034997,13,12,2013,10,1,77,131,2,1,7,6,"3, VICTOR HUGO (AVENUE)",0.0,0.0
201300034998,14,2,2013,5,3,77,281,1,1,8,1,MONTESQUIOU (RUE),0.0,0.0
201300034999,17,2,2013,0,3,77,433,1,1,5,2,D 402,0.0,0.0
201300035000,19,2,2013,20,3,77,13,1,1,1,6,D402,0.0,0.0
201300035001,2,3,2013,1,5,77,42,1,9,1,7,MORIN (RUE DU),0.0,0.0
201300035002,7,4,2013,20,2,77,42,2,3,1,5,CHARLES DE GAULLE (AVENU,0.0,0.0
201300035003,18,4,2013,17,1,77,131,2,1,1,1,"1, GRAND MORIN (RUE DU)",0.0,0.0
201300035004,11,5,2013,5,2,77,320,2,9,1,2,MARECHAL LECLERC (AVENUE,0.0,0.0
201300035005,21,5,2013,14,1,77,371,1,1,2,7,HUERNE (AVENUE DU GENERA,0.0,0.0
201300035006,23,8,2013,17,1,77,131,2,3,1,3,"1, VICTOR HUGO (AVENUE)",0.0,0.0
201300035007,8,10,2013,16,1,77,131,2,3,1,3,MARNE (BOULEVARD DE LA),0.0,0.0
201300035008,21,10,2013,20,5,77,320,2,1,2,2,"1468, GENERAL DE GAULLE",0.0,0.0
201300035009,1,2,2013,19,3,77,186,1,1,2,1,RD607 de Barbizon ? pav?,0.0,0.0
201300035010,20,2,2013,19,5,77,14,2,1,2,6,"62, FRANKLIN ROOSEVELT (",0.0,0.0
201300035011,21,2,2013,22,3,77,186,1,6,1,6,D138. girat.valvins ? cr,0.0,0.0
201300035012,8,3,2013,16,1,77,186,2,2,2,6,"23, FRANCE (RUE DE)",48.40466,2.69815
201300035013,19,3,2013,17,1,77,186,1,1,4,3,RD148 carrefour DIANE,0.0,0.0
201300035014,2,4,2013,15,1,77,186,1,1,1,5,RD142 Glandé au grand Ve,0.0,0.0
201300035015,5,4,2013,17,1,77,186,2,1,1,6,"15, REPUBLIQUE (PLACE DE",48.40634,2.70085
201300035016,11,4,2013,8,1,77,14,2,1,8,6,"34, VIADUC (RUE DU)",48.41217,2.72554
201300035017,24,4,2013,8,1,77,37,2,2,1,3,DOUMER ( AVENUE PAUL),0.0,0.0
201300035018,3,5,2013,6,1,77,186,1,1,5,6,RD 11 Panneau ONF  RD 4,0.0,0.0
201300035019,17,5,2013,17,1,77,186,1,1,1,2,RD606. de la rochette,0.0,0.0
201300035020,19,5,2013,20,3,77,186,1,1,8,7,RD148 carrefour DIANE,0.0,0.0
201300035021,4,6,2013,17,1,77,186,1,1,1,1,RD148 carrefour DIANE,0.0,0.0
201300035022,28,6,2013,20,1,77,186,1,2,1,3,RD148 carrefour DIANE ?,0.0,0.0
201300035023,18,7,2013,10,1,77,186,1,2,1,5,RD148 carrefour DIANE,0.0,0.0
201300035024,31,7,2013,19,1,77,186,1,1,1,5,RD148 carrefour DIANE,0.0,0.0
201300035025,4,8,2013,10,1,77,186,2,1,1,3,"15, GRANDE (RUE)",48.40445,2.70064
201300035026,20,8,2013,20,2,77,186,1,1,1,6,RD148 carrefour DIANE,0.0,0.0
201300035027,21,8,2013,8,1,77,186,1,1,1,6,"RD58, Obélisque panneau",0.0,0.0
201300035028,24,8,2013,21,3,77,186,1,1,1,6,"RD58, Obélisque panneau",0.0,0.0
201300035029,7,9,2013,14,1,77,186,1,6,1,7,D138. girat.valvins ? cr,0.0,0.0
201300035030,11,10,2013,16,2,77,442,1,1,3,2,D210.carre mar?chaux apr,0.0,0.0
201300035031,15,10,2013,10,1,77,186,1,1,2,6,RD148 carrefour DIANE ?,0.0,0.0
201300035032,24,12,2013,17,3,77,186,1,1,3,1,d301 de chantoiseau /gra,0.0,0.0
201300035033,25,12,2013,18,5,77,186,1,5,2,1,RD606. de la rochette ?,0.0,0.0
201300035034,28,12,2013,3,5,77,186,2,1,2,7,GENERAL LECLERC (BOULEVA,0.0,0.0
201300035035,30,12,2013,10,1,77,186,1,1,9,1,RD607 de Barbizon ? pav?,0.0,0.0
201300035036,31,12,2013,14,1,77,186,1,2,1,5,RD148 carrefour DIANE ?,0.0,0.0
201300035037,12,1,2013,11,1,77,58,1,1,8,6,MARIE CURIE  (AVENUE),0.0,0.0
201300035038,5,4,2013,12,1,77,58,2,6,1,3,"29-38, GENERAL DE GAULLE",0.0,0.0
201300035039,8,5,2013,16,1,77,243,2,2,1,3,METZ  (RUE DE  ),48.874,2.71348
201300035040,21,6,2013,20,1,77,438,2,2,1,3,SAINT GERMAIN DES NOYERS,0.0,0.0
201300035041,5,7,2013,13,1,77,155,2,3,1,3,"20, FER  (CHEMIN DE)",48.88408,2.73342
201300035042,11,7,2013,11,1,77,237,2,1,7,3,LAGNY  (RUE DE  ),0.0,0.0
201300035043,8,7,2013,23,3,77,58,1,1,1,7,TOURNAN (ROUTE DE ),0.0,0.0
201300035044,31,8,2013,12,1,77,243,1,9,8,3,"25, GEORGES CLEMENCEAU",0.0,0.0
201300035045,16,10,2013,12,1,77,464,2,1,2,1,PAUL DOUMER  (RUE   ),0.0,0.0
201300035046,5,11,2013,2,3,77,237,1,1,1,6,MEAUX  (RUE DE  ),0.0,0.0
201300035047,30,10,2013,18,5,77,464,2,1,1,6,"49, RAYMOND POINCARE  (R",0.0,0.0
201300035048,5,12,2013,17,3,77,59,2,1,1,1,GUERMANTES  (RUE DE  ),0.0,0.0
201300035049,4,12,2013,11,1,77,464,2,1,1,1,"49, RAYMOND POINCARE  (R",0.0,0.0
201300035050,20,12,2013,8,5,77,243,2,1,9,6,ALFRED BREBION (RUE),0.0,0.0
201300035051,29,7,2013,8,1,77,474,1,1,1,3,RN3 (ROUTE NATIONALE),0.0,0.0
201300035052,5,8,2013,15,1,77,335,1,1,1,6,RN3 (ROUTE NATIONALE),0.0,0.0
201300035053,20,9,2013,13,1,77,475,2,1,1,6,"23, SAINT FIACRE (RUE)",0.0,0.0
201300035054,16,10,2013,16,1,77,335,1,1,2,1,RN3 (ROUTE NATIONALE),0.0,0.0
201300035055,18,10,2013,11,1,77,276,2,1,1,3,"513, CHARLES DE GAULLE (",0.0,0.0
201300035056,2,10,2013,10,1,77,284,1,1,1,3,"1, SENLIS (RUE DE)",0.0,0.0
201300035057,21,11,2013,17,5,77,284,2,1,2,6,"11B, APPEL DU 18 JUIN 19",0.0,0.0
201300035058,29,11,2013,13,1,77,284,2,1,8,7,"8, BUNUEL (RUE LOUIS)",0.0,0.0
201300035059,4,12,2013,18,3,77,475,1,1,2,1,RN 3,0.0,0.0
201300035060,6,12,2013,8,1,77,143,2,1,1,6,"49, EMILE ZOLA (RUE)",0.0,0.0
201300035061,31,3,2013,18,1,77,335,1,1,1,1,RN3 (ROUTE NATIONALE),0.0,0.0
201300035062,29,1,2013,9,1,77,288,1,1,2,6,R.N 105,0.0,0.0
201300035063,30,3,2013,16,1,77,378,2,3,1,3,"75, FONTAINEBLEAU(AVENUE",0.0,0.0
201300035064,11,4,2013,6,2,77,152,2,1,1,6,"68, ZOLA(AVENUE EMILE)",0.0,0.0
201300035065,5,3,2013,13,1,77,288,2,2,7,6,GENERAL LECLERC (RUE),0.0,0.0
201300035066,2,5,2013,18,1,77,394,2,1,1,2,"471,",0.0,0.0
201300035067,12,5,2013,0,5,77,288,2,1,2,2,PENETRANTE (RN6),0.0,0.0
201300035068,2,6,2013,16,1,77,288,2,1,1,1,"11/13, ANTOINE DE SAINT",48.55118,2.65181
201300035069,3,6,2013,15,1,77,407,2,2,1,3,FONTAINEBLEAU(AVENUE DE),0.0,0.0
201300035070,11,5,2013,17,1,77,288,2,2,1,3,COURTILLE  (Quai DE LA ),48.53636,2.66029
201300035071,4,6,2013,18,1,77,407,2,4,1,3,FONTAINEBLEAU(AVENUE DE),0.0,0.0
201300035072,18,5,2013,19,1,77,410,1,1,8,6,R.N 36,0.0,0.0
201300035073,7,7,2013,6,2,77,487,1,1,1,7,MAINCY(rue),0.0,0.0
201300035074,16,7,2013,10,1,77,285,2,1,1,7,BIR-HAKEIM (AVENUE DE),48.54548,2.64255
201300035075,22,8,2013,14,1,77,407,1,3,1,3,VILANOVA DE FAMALICAO(AV,0.0,0.0
201300035076,27,7,2013,16,1,77,288,2,1,1,2,"51, TROIS MOULINS  (RUE",48.52818,2.69247
201300035077,21,10,2013,5,5,77,288,2,2,1,3,"46, DAJOT (RUE)",48.52996,2.65781
201300035078,11,11,2013,16,1,77,389,2,4,1,6,"1, DIAZ(RUE)",48.52259,2.66006
201300035079,13,12,2013,13,1,77,288,2,1,1,2,"52, HIPPOLYTE ROSSIGNOL",0.0,0.0
201300035080,24,12,2013,10,1,77,288,2,1,2,6,ALMONT (BOULEVARD DE L'),0.0,0.0
201300035081,2,12,2013,7,2,77,288,2,1,8,6,"24 bis, HIPPOLYTE ROSSIG",0.0,0.0
201300035082,27,2,2013,16,1,77,389,2,1,8,3,"870, GENERAL LECLERC(AVE",0.0,0.0
201300035083,12,7,2013,7,1,77,152,2,1,1,6,"816, MONTAIGNE(AVENUE DE",0.0,0.0
201300035084,17,7,2013,8,1,77,288,2,6,1,3,ROND POINT DE L'EUROPE,0.0,0.0
201300035085,18,9,2013,6,3,77,447,1,1,2,1,"00, C.D 50",0.0,0.0
201300035086,20,9,2013,17,1,77,152,2,1,1,6,BRIAND(RUE ARISTIDE),48.5157,2.63522
201300035087,12,6,2013,12,1,77,288,2,1,1,6,"1, ARISTIDE BRIAND  (BOU",48.53893,2.65359
201300035088,11,1,2013,7,5,77,122,1,1,8,6,EUROPE ( Boulevard de l',48.64844,2.5487
201300035089,28,1,2013,12,1,77,114,1,1,1,1,RD 216,0.0,0.0
201300035090,30,1,2013,19,3,77,445,2,6,2,7,8 MAI 1945 (AVENUE DU),0.0,0.0
201300035091,1,2,2013,19,5,77,495,2,1,3,4,"neant, D.306",0.0,0.0
201300035092,16,1,2013,21,5,77,445,2,1,1,6,"159, INDUSTRIE (RUE DE L",48.59555,2.59181
201300035093,3,2,2013,10,1,77,326,2,1,1,6,"neant, D.346",0.0,0.0
201300035094,9,2,2013,19,3,77,67,1,1,1,4,D306,0.0,0.0
201300035095,28,2,2013,16,1,77,122,2,1,1,3,PABLO PICASSO(RUE),48.65772,2.56304
201300035096,3,3,2013,14,1,77,495,1,1,1,3,D.306,0.0,0.0
201300035097,10,3,2013,6,5,77,122,2,6,1,6,REPUBLIQUE(AVENUE DE LA),48.66578,2.55022
201300035098,28,2,2013,11,1,77,384,2,2,1,7,D.306,0.0,0.0
201300035099,7,3,2013,21,5,77,53,2,1,1,6,"11, GAMBETTA (RUE)",48.6914,2.6109
201300035100,9,4,2013,0,5,77,114,2,1,2,6,"62, BEAUDERIE (RUE DE LA",48.72332,2.65921
201300035101,11,4,2013,17,1,77,122,2,1,2,7,"38, SERMONOISE(RUE)",0.0,0.0
201300035102,21,4,2013,15,1,77,114,1,1,1,3,D471,0.0,0.0
201300035103,5,5,2013,17,1,77,326,2,2,7,2,D.346,0.0,0.0
201300035104,12,5,2013,11,1,77,251,1,1,1,7,ROYALE (ALLEE),48.62211,2.52852
201300035105,27,5,2013,16,1,77,53,2,1,1,6,BEAU (AVENUE),0.0,0.0
201300035106,6,6,2013,8,1,77,445,1,1,1,7,8 MAI 1945 (AVENUE DU),0.0,0.0
201300035107,11,6,2013,16,1,77,445,2,1,1,6,"10, VALLES (AVENUE JULES",48.59432,2.58114
201300035108,21,6,2013,10,1,77,384,1,2,1,3,"neant, D.57",0.0,0.0
201300035109,2,7,2013,12,1,77,122,2,6,1,6,ESPLANADE DE LA PAIX,0.0,0.0
201300035110,16,6,2013,13,1,77,445,1,2,1,3,D.346,0.0,0.0
201300035111,30,6,2013,8,1,77,445,2,6,1,2,REGALLES (AVENUE DES),48.60339,2.5595
201300035112,19,7,2013,22,5,77,251,2,1,1,7,TRAIT D'UNION (AVENUE DU,48.61484,2.54495
201300035113,26,7,2013,6,3,77,296,1,1,3,3,D402,0.0,0.0
201300035114,5,8,2013,17,1,77,296,1,3,1,7,PIERRE AUBERGE(AVENUE),0.0,0.0
201300035115,6,8,2013,18,1,77,53,1,1,1,7,GUSTAVE EIFFEL (RUE),48.70277,2.6008
201300035116,9,8,2013,16,1,77,495,1,1,1,5,D.306,0.0,0.0
201300035117,14,8,2013,22,3,77,114,1,2,1,2,D.471,0.0,0.0
201300035118,25,8,2013,22,5,77,445,1,1,2,3,D.50E,0.0,0.0
201300035119,6,10,2013,0,5,77,53,2,6,1,7,"00, THIERS (AVENUE)",0.0,0.0
201300035120,7,10,2013,17,1,77,445,2,1,1,6,VALLES (AVENUE JULES),0.0,0.0
201300035121,20,10,2013,19,5,77,251,2,6,2,6,OLYMPE DE GOUGES (BOULEV,0.0,0.0
201300035122,27,10,2013,6,5,77,450,2,2,3,2,RD 319,0.0,0.0
201300035123,27,10,2013,19,3,77,251,2,2,2,3,PARIS (RUE DE),0.0,0.0
201300035124,28,10,2013,15,1,77,122,2,6,1,2,EUROPE ( Boulevard de l',0.0,0.0
201300035125,3,11,2013,0,5,77,450,2,1,1,7,ECOLE (RUE DE L'),0.0,0.0
201300035126,4,11,2013,23,3,77,445,1,1,1,6,PALME (AVENUE OLOF),0.0,0.0
201300035127,13,11,2013,7,2,77,122,2,6,1,6,D 57,0.0,0.0
201300035128,19,11,2013,17,5,77,296,2,1,1,6,MAILLETTES(RUE DES),0.0,0.0
201300035129,22,11,2013,20,5,77,445,2,3,1,3,MENDES-FRANCE (AVENUE PI,0.0,0.0
201300035130,24,11,2013,15,1,77,450,1,6,1,2,RD 319,0.0,0.0
201300035131,25,11,2013,8,1,77,296,2,1,8,6,JATTEAU(AVENUE DE),0.0,0.0
201300035132,26,11,2013,8,1,77,53,1,1,8,6,RD 319,0.0,0.0
201300035133,22,11,2013,13,1,77,296,2,3,8,3,NOYER PERROT (RUE DU),0.0,0.0
201300035134,1,12,2013,19,5,77,296,2,1,1,4,"1, D402",0.0,0.0
201300035135,7,12,2013,7,3,77,114,1,1,2,1,RD 216,0.0,0.0
201300035136,11,12,2013,7,5,77,445,2,1,1,2,"n?ant, BOIS DES SAINT PE",0.0,0.0
201300035137,15,12,2013,11,1,77,445,2,3,7,3,GAULLE  (AVENUE CHARLES,0.0,0.0
201300035138,5,10,2013,17,1,77,384,1,2,8,3,D.57,0.0,0.0
201300035139,2,1,2013,6,3,77,409,1,1,1,7,D 133,0.0,0.0
201300035140,2,1,2013,14,1,77,305,2,2,1,6,DIDEROT (BOULEVARD),48.39776,2.95607
201300035141,6,1,2013,19,3,77,210,1,9,8,3,RN 6 (SECTEUR GRANDE PAR,0.0,0.0
201300035142,28,2,2013,17,1,77,210,1,1,1,3,RN 6 (SECTEUR GRANDE PAR,0.0,0.0
201300035143,16,4,2013,9,1,77,172,1,1,1,2,D606,0.0,0.0
201300035144,12,6,2013,17,1,77,305,2,1,1,6,"24, CHESNOIS (RUE DES)",48.39464,2.95645
201300035145,7,8,2013,14,1,77,210,1,1,2,3,RN 6 (SECTEUR GRANDE PAR,0.0,0.0
201300035146,4,11,2013,0,5,77,305,2,3,3,3,"12, GENERAL DELORT (PLAC",0.0,0.0
201300035147,17,1,2013,17,3,77,494,1,1,8,1,CD 210,0.0,0.0
201300035148,27,2,2013,7,2,77,501,1,1,8,1,CD 403,0.0,0.0
201300035149,15,4,2013,18,1,77,491,2,3,1,3,"38, FONTAINEBLEAU (AVENU",0.0,0.0
201300035150,27,6,2013,18,1,77,491,2,1,1,3,LIDO (ALLEE DU),48.38154,2.80599
201300035151,12,4,2013,0,4,77,305,1,1,2,3,D 605,0.0,0.0
201300035152,4,8,2013,10,1,77,501,2,3,1,3,LORREZ-LE-BOCAGE (ROUTE,0.0,0.0
201300035153,15,12,2013,15,1,77,79,2,4,1,3,GENERAL DE GAULLE (RUE D,0.0,0.0
201300035154,20,12,2013,8,1,77,491,2,3,9,6,BOURGOGNE (ROUTE DE),0.0,0.0
201300035155,6,1,2013,20,5,77,333,2,2,1,3,PARIS (RUE DE)RD 607,0.0,0.0
201300035156,1,2,2013,16,1,77,333,2,1,3,2,TANNEURS (RUE DES),0.0,0.0
201300035157,15,4,2013,17,1,77,458,2,1,1,6,"78, CHAINTREAUX (RUE DE)",0.0,0.0
201300035158,25,7,2013,18,1,77,431,2,1,1,7,ORMESSON (AVENUE D') RD,0.0,0.0
201300035159,11,8,2013,16,1,77,333,2,1,1,6,"21, DE GAULLE (AVENUE DU",0.0,0.0
201300035160,21,10,2013,18,1,77,48,1,1,2,6,RD104,0.0,0.0
201300035161,14,11,2013,7,3,77,431,1,1,1,3,DEPARTEMENTALE 607,0.0,0.0
201300035162,5,12,2013,17,2,77,458,2,1,1,1,"6, MARECHAL LECLERC (AVE",0.0,0.0
201300035163,3,1,2013,0,5,77,468,2,1,2,6,GEORGES BRASSENS (AVENUE,0.0,0.0
201300035164,7,1,2013,17,2,77,83,2,6,2,6,"2, NESLE (BOULEVARD DE)",48.84875,2.58335
201300035165,17,1,2013,19,5,77,83,2,2,1,4,CHELLES (AVENUE DE),0.0,0.0
201300035166,16,1,2013,10,1,77,468,2,1,1,6,"7, CHARLIE CHAPLIN (RUE)",48.84174,2.65421
201300035167,25,1,2013,8,1,77,146,2,6,1,2,VIEILLES VIGNES (ROND-PO,0.0,0.0
201300035168,27,1,2013,7,5,77,83,2,6,1,3,PYRAMIDES (AVENUE DES),0.0,0.0
201300035169,1,3,2013,17,1,77,258,2,3,1,3,COURCERIN (BOULEVARD DE),0.0,0.0
201300035170,15,3,2013,13,1,77,169,2,1,1,6,OLOF PALME (BOULEVARD),0.0,0.0
201300035171,19,3,2013,13,1,77,146,2,1,1,6,SOUBRIARDE (AVENUE DE LA,0.0,0.0
201300035172,13,5,2013,11,1,77,169,2,1,1,6,"12, ROSE BLEUE (PLACE DE",48.81039,2.62237
201300035173,18,5,2013,13,1,77,337,2,1,1,6,MARNE VPN (ROUTE DE LA),0.0,0.0
201300035174,25,5,2013,13,1,77,258,1,1,1,2,BRIE VPO (ROUTE DE LA),0.0,0.0
201300035175,29,5,2013,10,1,77,121,2,2,1,6,CENTRE COMMERCIAL REGION,48.83764,2.66164
201300035176,5,6,2013,12,1,77,468,2,1,1,7,"1, JEAN MOULIN (AVENUE)",48.83906,2.65642
201300035177,17,6,2013,14,1,77,121,1,9,1,3,CENTRE COMMERCIAL REGION,48.83769,2.66175
201300035178,24,6,2013,20,1,77,121,2,2,1,3,"25, PLANCHETTE (CHEMIN D",48.84009,2.6721
201300035179,28,6,2013,17,1,77,337,2,1,1,6,SALVADOR ALLENDE (BOULEV,0.0,0.0
201300035180,4,7,2013,15,1,77,258,2,3,1,3,MANDINET (BOULEVARD DU),0.0,0.0
201300035181,4,7,2013,18,1,77,83,2,1,1,3,MALNOUE (ROUTE DE),0.0,0.0
201300035182,8,7,2013,19,1,77,468,2,1,1,6,MITTERAND (AVENUE FRANCO,48.85528,2.64989
201300035183,22,7,2013,17,1,77,121,1,1,9,6,NATIONALE 471 (ROUTE),0.0,0.0
201300035184,2,8,2013,5,3,77,121,1,1,1,1,NATIONALE 471 (ROUTE),0.0,0.0
201300035185,2,8,2013,15,1,77,468,2,1,1,3,GEORGES BRASSENS (AVENUE,0.0,0.0
201300035186,9,8,2013,17,1,77,258,2,1,1,7,"2, FERME (RUE DE LA)",48.83483,2.62972
201300035187,26,8,2013,14,1,77,468,2,3,1,6,GEORGES BRASSENS (AVENUE,0.0,0.0
201300035188,4,9,2013,7,2,77,121,1,3,1,3,"1, MELUN (RUE DE)",48.8396,2.66902
201300035189,14,9,2013,20,3,77,169,2,3,2,6,"1, BEAUBOURG (BOULEVARD",48.81519,2.62111
201300035190,17,9,2013,8,1,77,83,2,1,1,5,"02, LUZARD (COURS DU)",48.84708,2.6117
201300035191,2,10,2013,15,1,77,83,2,1,1,6,"89, JEAN JAURES (AVENUE)",0.0,0.0
201300035192,6,10,2013,16,1,77,468,2,1,1,6,"2, MOGOTTE (RUE DE LA)",0.0,0.0
201300035193,12,10,2013,16,1,77,337,2,1,1,6,BRIE VPO (ROUTE DE LA),0.0,0.0
201300035194,14,10,2013,16,1,77,121,1,1,1,5,DEPARTEMENTALE 371 (ROUT,0.0,0.0
201300035195,16,10,2013,19,2,77,468,2,1,1,6,MOGOTTE (PASSAGE DE LA),0.0,0.0
201300035196,22,10,2013,14,1,77,258,2,3,1,6,"02, SEGRAIS (BOULEVARD D",0.0,0.0
201300035197,30,10,2013,17,2,77,83,2,1,2,6,CHAMPY-NESLE (BOULEVARD,0.0,0.0
201300035198,4,12,2013,19,5,77,468,2,1,1,6,"76, PARIS (RUE DE)",0.0,0.0
201300035199,10,12,2013,17,2,77,468,2,3,1,3,GEORGES BRASSENS (AVENUE,0.0,0.0
201300035200,17,12,2013,8,2,77,169,2,1,1,7,EMERY (RUE D'),0.0,0.0
201300035201,15,10,2013,7,2,77,215,2,1,1,6,VICTOR HUGO (BOULEVARD),0.0,0.0
201300035202,22,1,2013,1,5,77,350,2,3,4,6,08 MAI 1945 (AVENUE DU),48.76076,2.68029
201300035203,27,1,2013,16,1,77,249,2,1,8,7,HYVERNEAUX  (AVENUE DES),0.0,0.0
201300035204,19,2,2013,16,1,77,350,2,2,1,3,"25, MAURICE CHEVALIER (A",48.76768,2.68603
201300035205,19,2,2013,16,1,77,215,1,1,1,5,RN4 HORS AGGLOMERATION,0.0,0.0
201300035206,18,2,2013,19,5,77,350,2,2,1,3,"0, ALPHONSE COMBE (RUE)",48.76781,2.67113
201300035207,8,3,2013,15,1,77,373,2,9,1,2,"127, REPUBLIQUE (AV. DE",48.79963,2.60697
201300035208,3,4,2013,16,1,77,350,1,6,1,3,VERRERIE (RUE DE LA),0.0,0.0
201300035209,18,2,2013,14,1,77,373,2,1,1,4,PARIS (RUE DE- RN 4 ),0.0,0.0
201300035210,30,3,2013,21,5,77,373,2,3,1,3,CHARLES ROUXEL (AVENUE),48.79321,2.6043
201300035211,15,3,2013,14,1,77,373,2,3,1,3,"74, PRES ST MARTIN (RUE",48.79367,2.61148