Num_Acc,jour,mois,an,hr,condition_eclairage,departement,commune,condition_agglomeration,intersection,condition_atmosphere,type_collision,adresse,lattitude,longitude
201300035212,1,4,2013,19,1,77,373,1,1,1,7,RN4 HORS AGGLOMERATION,0.0,0.0
201300035213,13,4,2013,3,3,77,215,1,1,1,6,RN4 HORS AGGLOMERATION,0.0,0.0
201300035214,5,5,2013,19,1,77,350,2,1,1,3,"0, GENERAL LECLERC (AVEN",0.0,0.0
201300035215,20,5,2013,13,1,77,390,2,1,3,3,"1, PONTAULT (ROUTE DE )",0.0,0.0
201300035216,30,4,2013,16,1,77,373,2,1,2,3,"1, CHARLES ROUXEL (AVENU",48.79652,2.61457
201300035217,3,5,2013,11,1,77,373,1,7,1,6,"1, TILLEULS (RUE DES)",0.0,0.0
201300035218,13,6,2013,7,1,77,390,1,1,1,2,CD 21,0.0,0.0
201300035219,4,7,2013,19,1,77,373,2,1,1,6,"09-11, CHARLES ROUXEL (A",48.79786,2.605
201300035220,27,6,2013,1,3,77,215,1,1,1,6,RN4 HORS AGGLOMERATION,0.0,0.0
201300035221,24,7,2013,11,1,77,350,1,1,1,3,CD 351,0.0,0.0
201300035222,1,7,2013,18,1,77,350,1,1,1,2,RN4 HORS AGGLOMERATION,0.0,0.0
201300035223,26,7,2013,17,1,77,373,2,1,1,6,"51, PRES ST MARTIN (RUE",48.79914,2.6088
201300035224,28,6,2013,8,1,77,350,1,1,1,4,RN4 HORS AGGLOMERATION,0.0,0.0
201300035225,21,7,2013,14,1,77,249,2,6,1,6,VILLARCEAU (ROND POINT D,0.0,0.0
201300035226,4,9,2013,20,3,77,350,1,4,1,3,CD 471,0.0,0.0
201300035227,10,9,2013,20,3,77,350,1,1,8,5,RN4 HORS AGGLOMERATION,0.0,0.0
201300035228,2,10,2013,16,1,77,249,2,6,1,6,HYVERNEAUX  (AVENUE DES),0.0,0.0
201300035229,24,9,2013,8,1,77,373,2,2,1,7,"102, CHARLES ROUXEL (AVE",48.79568,2.6045
201300035230,8,10,2013,18,2,77,374,2,1,1,6,"8, GARE (RUE DE LA)",0.0,0.0
201300035231,26,10,2013,5,2,77,373,2,1,1,2,"5, PARIS (RUE DE- RN 4 )",0.0,0.0
201300035232,23,10,2013,21,3,77,350,1,5,2,3,"D471, CD 471",0.0,0.0
201300035233,3,11,2013,11,1,77,374,1,6,1,3,CD 471,0.0,0.0
201300035234,31,10,2013,18,5,77,215,2,1,1,6,VICTOR HUGO (BOULEVARD),0.0,0.0
201300035235,14,9,2013,22,3,77,350,1,1,3,2,RN4 HORS AGGLOMERATION,0.0,0.0
201300035236,11,11,2013,5,5,77,249,2,1,1,7,VILLARCEAU  (RUE DE),0.0,0.0
201300035237,23,1,2013,17,1,77,459,1,3,8,3,Route Départementale 619,0.0,0.0
201300035238,2,5,2013,10,1,77,379,2,6,1,6,VOULZIE (AVENUE DE LA),0.0,0.0
201300035239,18,5,2013,12,1,77,379,1,1,1,5,Route Départementale 619,0.0,0.0
201300035240,8,7,2013,19,1,77,459,1,3,1,3,Route Départementale 619,0.0,0.0
201300035241,9,7,2013,14,1,77,379,2,1,1,6,"1, SABLONS (RUE DES)",0.0,0.0
201300035242,14,7,2013,22,5,77,260,2,1,1,2,"6, PROVINS (ROUTE DE)",0.0,0.0
201300035243,22,11,2013,11,1,77,459,1,1,8,3,Route Départementale 619,0.0,0.0
201300035244,6,12,2013,8,1,77,379,2,2,1,3,"1, BORDES (RUE DES BORDE",0.0,0.0
201300035245,30,12,2013,6,3,77,379,1,1,8,1,Route D?partementale 619,0.0,0.0
201300035246,3,1,2013,7,3,77,123,1,1,2,1,CD 212,0.0,0.0
201300035247,10,1,2013,18,5,77,118,1,1,2,4,ROUTE NATIONALE 3,0.0,0.0
201300035248,22,1,2013,11,1,77,118,1,1,4,2,ROUTE NATIONALE 3,0.0,0.0
201300035249,1,2,2013,15,1,77,294,2,3,2,5,JEAN BAPTISTE CLEMENT (A,0.0,0.0
201300035250,8,2,2013,8,1,77,514,2,7,1,6,MARCHE (PLACE DU),48.95137,2.60211
201300035251,18,2,2013,17,1,77,514,2,1,1,6,"SANS, FRANCOIS MAURIAC (",48.95268,2.61322
201300035252,6,3,2013,17,1,77,514,2,6,1,3,"SANS, TILLEULS (RUE DES)",48.95186,2.61427
201300035253,14,4,2013,20,2,77,294,2,2,1,3,ROGER SALENGRO (RUE),0.0,0.0
201300035254,18,4,2013,18,1,77,123,1,1,1,5,CD 212,0.0,0.0
201300035255,4,6,2013,12,1,77,514,2,4,1,3,DEPARTEMENTAL 84 (ROUTE),0.0,0.0
201300035256,24,6,2013,18,1,77,294,2,4,1,6,"10, JEAN BAPTISTE CLEMEN",48.95352,2.60202
201300035257,30,6,2013,9,1,77,462,1,1,1,1,RN 2,0.0,0.0
201300035258,6,7,2013,15,1,77,241,1,5,7,3,CD 404,0.0,0.0
201300035259,26,7,2013,18,1,77,462,1,1,1,3,RN 2,0.0,0.0
201300035260,3,8,2013,21,1,77,514,2,3,1,3,"140, JEAN JAURES (AVENUE",0.0,0.0
201300035261,9,8,2013,13,1,77,514,2,6,1,3,ROGER SALENGRO (AVENUE),0.0,0.0
201300035262,23,11,2013,0,3,77,294,1,1,1,6,RN 2,0.0,0.0
201300035263,30,11,2013,9,1,77,462,1,1,1,2,RN 2,0.0,0.0
201300035264,22,11,2013,1,4,77,118,1,1,2,2,ROUTE NATIONALE 3,0.0,0.0
201300035265,18,12,2013,16,1,77,514,2,2,1,6,ARISTIDE BRIAND (AVENUE),0.0,0.0
201300035266,5,2,2013,7,2,78,126,2,7,3,6,AV A RENE GUIBERT/ETANGS,48.8453,2.13261
201300035267,17,4,2013,19,1,78,76,2,2,1,3,BD REPUBLIQUE/RTE PUITS,0.0,0.0
201300035268,22,5,2013,22,5,78,92,2,1,1,3,BOISSY D'ANGLAS (QUAI),0.0,0.0
201300035269,10,9,2013,9,1,78,92,2,1,1,3,DE LATTRE DE TASSIGNY (P,0.0,0.0
201300035270,8,11,2013,20,5,78,126,2,3,1,5,DE GAULLE CHARLES (AVENU,0.0,0.0
201300035271,25,12,2013,10,1,78,172,2,1,1,3,"223 bis, AMBASSADEUR",0.0,0.0
201300035272,19,4,2013,9,1,78,172,2,1,1,7,RN 184,0.0,0.0
201300035273,5,1,2013,19,5,78,172,2,2,2,3,FOCH (AVENUE DU MARECHAL,0.0,0.0
201300035274,14,2,2013,16,1,78,5,2,1,8,6,"35-37, ILE PEYGRAND",48.97638,2.06115
201300035275,8,1,2013,7,4,78,5,1,6,8,6,RD 30,0.0,0.0
201300035276,16,4,2013,20,1,78,382,2,1,1,1,"17, OISE (RUE DE L')",0.0,0.0
201300035277,10,5,2013,17,1,78,15,1,1,1,6,RD 55,0.0,0.0
201300035278,6,5,2013,15,1,78,172,2,4,1,3,"0, PASTEUR (RUE)",0.0,0.0
201300035279,1,7,2013,19,1,78,172,1,1,1,6,RN 184,0.0,0.0
201300035280,23,10,2013,20,3,78,15,1,1,2,6,RD 55,0.0,0.0
201300035281,23,10,2013,10,1,78,172,2,2,7,3,BRETELLE SORTIE RN 184,0.0,0.0
201300035282,13,10,2013,17,1,78,5,1,1,1,1,RD 31,0.0,0.0
201300035283,23,11,2013,2,5,78,5,2,1,1,6,"20, ST GERMAIN (RUE DE)",0.0,0.0
201300035284,13,11,2013,9,1,78,172,2,9,1,7,VIARD (RUE GEORGES),0.0,0.0
201300035285,5,1,2013,16,2,78,208,2,1,2,7,DEPARTEMENTALE 58 (ROUTE,0.0,0.0
201300035286,29,10,2013,12,1,78,208,2,1,1,6,"indeterm, HUIT MAI 1945",0.0,0.0
201300035287,28,9,2013,17,1,78,383,2,1,2,2,LIMAGNE (AVENUE DE),0.0,0.0
201300035288,6,12,2013,15,1,78,383,2,1,1,3,"INDETERM, GUTENBERG (AVE",0.0,0.0
201300035289,23,9,2013,8,1,78,208,2,1,1,6,"indeter, HAIE A SOREL (R",0.0,0.0
201300035290,10,10,2013,18,5,78,208,2,1,1,4,"INDETRM, HUIT MAI 1945 (",0.0,0.0
201300035291,6,12,2013,12,1,78,168,1,1,1,2,"indeterm, ARPENTS (BOULE",0.0,0.0
201300035292,29,9,2013,4,5,78,208,2,1,1,7,MALRAUX (BOULEVARD ANDRE,0.0,0.0
201300035293,12,7,2013,14,1,78,208,2,3,1,3,POLITZER (AV),0.0,0.0
201300035294,6,3,2013,11,1,78,208,2,6,1,3,DEPARTEMENTALE 912 (ROUT,0.0,0.0
201300035295,9,3,2013,15,1,78,168,2,1,1,5,VOIE LATERALE SUD,0.0,0.0
201300035296,2,4,2013,4,5,78,168,2,1,1,7,"indetermin, VOIE LATERAL",0.0,0.0
201300035297,4,5,2013,17,1,78,168,2,1,1,6,"INDETERM, ARPENTS (BOULE",0.0,0.0
201300035298,9,5,2013,16,1,78,168,2,1,1,2,FONTAINES (CARREFOUR DES,0.0,0.0
201300035299,30,4,2013,19,1,78,208,2,1,2,3,"indeter., HOTEL DE VILLE",0.0,0.0
201300035300,27,5,2013,17,1,78,644,1,1,1,7,NATIONALE 10 (ROUTE),0.0,0.0
201300035301,24,4,2013,13,1,78,208,2,2,1,3,"indeter, PETITE VILLEDIE",0.0,0.0
201300035302,31,5,2013,18,1,78,168,2,1,1,2,PONT D'AULNEAU (RUE DU),0.0,0.0
201300035303,26,6,2013,13,1,78,383,2,1,1,3,"indeter, GUTENBERG (AVEN",0.0,0.0
201300035304,3,6,2013,10,1,78,168,1,1,1,3,FONTAINES (CARREFOUR DES,0.0,0.0
201300035305,24,6,2013,16,1,78,208,2,2,1,3,bd du 19 mars 1962,0.0,0.0
201300035306,9,7,2013,17,1,78,644,2,1,1,3,DEPARTEMENTALE 58 (ROUTE,0.0,0.0
201300035307,24,7,2013,9,1,78,383,2,4,1,3,"inconnu, GUY SCHULLER (B",0.0,0.0
201300035308,22,6,2013,11,1,78,383,2,1,1,2,LIMAGNE (AVENUE DE),0.0,0.0
201300035309,7,6,2013,15,1,78,644,1,1,1,2,NATIONALE 10 (ROUTE),0.0,0.0
201300035310,20,7,2013,10,1,78,383,2,3,1,7,"0, MACONNAIS (SQUARE DU)",0.0,0.0
201300035311,5,7,2013,16,1,78,208,2,6,1,7,TEMPLIERS (ROND POINT DE,0.0,0.0
201300035312,31,8,2013,15,1,78,383,2,1,1,5,CHEVREUSE (RUE DE),0.0,0.0
201300035313,7,9,2013,4,3,78,644,2,1,1,6,"INDETERM, SCHULLER  (AVE",0.0,0.0
201300035314,27,4,2013,10,1,78,383,2,1,1,6,AUXOIS (PLACE D'),0.0,0.0
201300035315,5,9,2013,18,1,78,208,2,1,1,6,HUIT MAI 1945 (AVENUE DU,0.0,0.0
201300035316,10,9,2013,17,1,78,383,2,1,1,7,"INDETERM, BEAUCE (RUE DE",0.0,0.0
201300035317,27,8,2013,18,1,78,168,2,1,1,3,ARPENTS (BOULEVARD DES),0.0,0.0
201300035318,27,8,2013,19,1,78,208,2,1,1,3,"INDETERM, DIX NEUF MARS",0.0,0.0
201300035319,8,10,2013,10,1,78,397,2,1,1,6,"INDETRM, Raymond BERRURI",0.0,0.0
201300035320,15,10,2013,8,1,78,208,2,1,1,6,"indeterm, FOND DES ROCHE",0.0,0.0
201300035321,15,10,2013,13,1,78,168,2,1,3,4,"indeterm, GUTEMBERG (AVE",0.0,0.0
201300035322,24,7,2013,19,1,78,383,2,6,1,2,GUY SCHULLER (BOULEVARD),0.0,0.0
201300035323,27,6,2013,13,1,78,168,2,6,1,6,"indeterm, ARPENTS (BOULE",0.0,0.0
201300035324,17,9,2013,8,1,78,397,2,1,1,2,"36, CONCORDE (AVENUE)",0.0,0.0
201300035325,2,10,2013,16,1,78,208,1,4,1,2,"indeterm, ACCES R.N 10 (",0.0,0.0
201300035326,24,10,2013,16,1,78,383,2,6,1,3,"indeterm, GUTENBERG (AVE",0.0,0.0
201300035327,12,8,2013,17,1,78,168,2,2,1,2,Route nationale 10,0.0,0.0
201300035328,24,11,2013,10,1,78,168,2,4,1,2,"indeterrm, GARE (AVENUE",0.0,0.0
201300035329,8,11,2013,16,1,78,397,1,1,2,2,"indeter, DEPARTEMENTALE",0.0,0.0
201300035330,1,11,2013,1,5,78,168,2,2,1,5,,0.0,0.0
201300035331,27,10,2013,14,1,78,383,2,6,1,3,Laurent SCHWARTZ ( Rond,0.0,0.0
201300035332,6,10,2013,18,1,78,383,2,1,1,2,"INDETERM, RHIN (BOULEVAR",0.0,0.0
201300035333,18,12,2013,18,5,78,168,2,1,1,3,GARE (AVENUE DE LA),0.0,0.0
201300035334,14,1,2013,18,5,78,423,2,3,4,3,AV DU CENTRE/DE LA GARE,48.78588,2.04708
201300035335,9,1,2013,19,5,78,423,2,2,2,6,FRERES LUMIERES/NEWTON,48.79093,2.04558
201300035336,25,10,2013,19,5,78,297,2,1,1,7,CD 91,0.0,0.0
201300035337,20,11,2013,7,2,78,297,2,2,9,3,DELORME (RUE PHILIBERT),0.0,0.0
201300035338,31,1,2013,15,1,78,423,2,3,2,3,AV DES PRES/AV DU PARC,48.77834,2.02083
201300035339,25,10,2013,19,5,78,688,2,3,2,7,RACINE (RUE JEAN),0.0,0.0
201300035340,18,11,2013,14,1,78,423,2,1,1,6,QUATRE PAVES DU ROY (AVE,0.0,0.0
201300035341,12,2,2013,10,1,78,297,2,1,1,6,RD 91,48.76106,2.07019
201300035342,6,3,2013,15,1,78,297,2,1,1,6,BROSSOLETTE (RUE PIERRE),0.0,0.0
201300035343,15,3,2013,10,1,78,688,2,6,1,3,BOUCHER (RUE HELENE),0.0,0.0
201300035344,21,3,2013,15,1,78,423,2,2,1,3,ABOUT (AVENUE NICOLAS),0.0,0.0
201300035345,2,4,2013,19,1,78,297,2,1,1,3,ALEMBERT (BOULEVARD D'),0.0,0.0
201300035346,5,4,2013,13,1,78,297,2,1,1,6,MARE DE TROUX (RUE DE LA,0.0,0.0
201300035347,6,5,2013,15,1,78,423,2,1,1,6,KESSEL (AVENUE JOSEPH),0.0,0.0
201300035348,8,4,2013,19,2,78,297,2,1,1,6,YVELINES (PLACE DES),0.0,0.0
201300035349,10,5,2013,9,1,78,423,2,1,1,3,PRES (AVENUE DES),0.0,0.0
201300035350,5,3,2013,14,1,78,297,2,6,1,6,BESSE (PLACE GEORGES),0.0,0.0
201300035351,21,6,2013,15,1,78,688,2,3,1,7,"-----, RACINE (RUE JEAN)",0.0,0.0
201300035352,19,6,2013,12,1,78,688,2,2,1,3,AV KESSEL,0.0,0.0
201300035353,4,6,2013,9,1,78,297,1,1,1,6,SOURCES DE LA BIEVRES (R,0.0,0.0
201300035354,9,7,2013,23,5,78,423,1,1,1,3,VOLTA (AVENUE),0.0,0.0
201300035355,12,7,2013,12,1,78,297,1,1,1,6,BLUM (AVENUE LEON),0.0,0.0
201300035356,12,7,2013,18,1,78,297,2,1,1,6,AV DES GARENNES,0.0,0.0
201300035357,14,7,2013,15,1,78,297,1,1,1,2,BLUM (AVENUE LEON),0.0,0.0
201300035358,17,7,2013,18,1,78,423,2,1,1,6,PRES (AVENUE DES),0.0,0.0
201300035359,18,7,2013,9,1,78,423,2,1,1,1,"10, ALEMBERT (BOULEVARD",0.0,0.0
201300035360,19,7,2013,11,1,78,688,2,1,1,6,FLEURS (RUE AUX),0.0,0.0
201300035361,18,4,2013,16,1,78,688,2,1,1,6,DIVISION LECLERC (PLACE,0.0,0.0
201300035362,4,8,2013,12,1,78,688,2,2,1,3,GRANDE ILE (AV),0.0,0.0
201300035363,21,8,2013,15,1,78,423,2,1,1,2,KIERSPE (AVENUE DE),0.0,0.0
201300035364,2,9,2013,9,1,78,297,2,1,1,3,"----------, BESSE (PLACE",0.0,0.0
201300035365,23,9,2013,17,1,78,688,2,3,1,6,", AV DE LA PYRAMIDE",0.0,0.0
201300035366,6,9,2013,11,1,78,688,2,1,2,6,CARTIER (RUE JACQUES),0.0,0.0
201300035367,23,10,2013,20,5,78,297,2,1,1,6,HUIT MAI 1945 (AVENUE DU,0.0,0.0
201300035368,2,9,2013,17,1,78,297,2,3,1,6,"-----, AVENUE DU CENTRE",0.0,0.0
201300035369,24,8,2013,0,5,78,297,2,1,1,6,"0, MOZART (BOULEVARD)",0.0,0.0
201300035370,12,11,2013,18,5,78,297,2,1,2,2,AV DES GARENNES,0.0,0.0
201300035371,19,11,2013,8,2,78,297,2,1,2,3,AVENUE DE L'EUROPE,0.0,0.0
201300035372,14,11,2013,9,1,78,297,2,1,1,6,AVENUE DU CENTRE,0.0,0.0
201300035373,9,10,2013,8,1,78,423,2,1,1,3,"40, NOBEL (RUE ALFRED)",0.0,0.0
201300035374,21,12,2013,23,5,78,297,2,6,1,6,DELOUVRIER (PLACE PAUL),0.0,0.0
201300035375,28,1,2013,10,1,78,311,2,1,1,6,"1bis, CARNOT (AVENUE)",0.0,0.0
201300035376,2,2,2013,18,5,78,311,2,4,2,3,BD EMILE ZOLA/G PERI,48.92516,2.19544
201300035377,1,3,2013,13,1,78,124,2,6,1,3,RTE MONTESSON/ST GERMAIN,48.90933,2.16048
201300035378,22,3,2013,15,1,78,311,2,3,1,3,R BLAISE PASCAL,0.0,0.0
201300035379,29,6,2013,13,1,78,311,2,2,1,1,"25, EDOUARD BRANLY (RUE)",0.0,0.0
201300035380,5,7,2013,8,1,78,311,2,1,1,1,"32, PAIX (RUE DE LA)",0.0,0.0
201300035381,19,9,2013,17,1,78,124,2,1,1,3,"324, SAINT GERMAIN (ROUT",0.0,0.0
201300035382,14,9,2013,21,5,78,311,2,2,2,3,"40, HENRI BARBUSSE (BOUL",0.0,0.0
201300035383,27,9,2013,19,1,78,311,2,3,1,6,"65, STALINGRAD (RUE DE)",0.0,0.0
201300035384,10,10,2013,18,1,78,311,2,1,1,6,"96, ANDRE MALRAUX (PLACE",0.0,0.0
201300035385,9,10,2013,13,1,78,311,2,1,8,6,"32, MARNE (RUE DE LA)",0.0,0.0
201300035386,7,11,2013,20,5,78,124,2,2,8,4,SAINT GERMAIN (ROUTE DE),0.0,0.0
201300035387,21,11,2013,7,1,78,311,2,1,8,7,"45, HENRI BARBUSSE (BOUL",0.0,0.0
201300035388,28,11,2013,20,4,78,311,2,2,1,3,EGALITE (RUE DE L'),0.0,0.0
201300035389,3,12,2013,11,1,78,124,2,3,1,3,"85, MAURICE BERTEAUX (BO",0.0,0.0
201300035390,12,12,2013,19,5,78,311,2,1,1,3,"3, REVEIL MATIN (RUE DU)",0.0,0.0
201300035391,29,12,2013,18,5,78,311,2,3,1,6,"27, REPUBLIQUE (AVENUE D",0.0,0.0
201300035392,30,11,2013,13,1,78,311,2,1,8,1,"15, DALVERNY (RUE)",0.0,0.0
201300035393,23,2,2013,12,1,78,358,2,1,1,6,AV EGLE,48.94799,2.14808
201300035394,23,2,2013,20,5,78,358,2,3,2,3,R DE LA MUETTE/PASTEUR,48.95061,2.1423
201300035395,15,5,2013,17,1,78,358,2,1,1,6,"1, GENERAL DE GAULLE (AV",0.0,0.0
201300035396,11,10,2013,19,5,78,358,2,9,9,3,PARIS (RUE DE),0.0,0.0
201300035397,25,10,2013,14,1,78,358,2,1,1,6,"1, MUGNIER (RUE)",0.0,0.0
201300035398,27,10,2013,2,5,78,358,2,6,1,7,", REIN (RUE JULES)",0.0,0.0
201300035399,28,11,2013,13,1,78,358,2,1,8,2,"20, LONGUEIL (AVENUE DE)",0.0,0.0
201300035400,5,12,2013,16,1,78,358,2,1,1,6,LA FONTAINE (AVENUE),0.0,0.0
201300035401,6,12,2013,22,5,78,358,2,1,1,1,"42, MUETTE ( RUE DE LA)",0.0,0.0
201300035402,22,1,2013,13,1,78,361,2,3,8,6,R MARTRAITS/DURAND,48.98672,1.71746
201300035403,31,1,2013,8,1,78,335,2,2,1,3,R DE LA CHASSE/WILSON,48.98957,1.73887
201300035404,4,2,2013,9,1,78,335,2,1,2,5,RD983,48.98514,1.72831
201300035405,5,2,2013,16,1,78,361,2,1,1,6,45 R DE VERDUN,48.9862,1.71388
201300035406,13,2,2013,15,1,78,335,2,1,8,6,10 R GEORGES CLEMENCEAU,48.99336,1.73394
201300035407,14,2,2013,11,1,78,361,2,1,2,6,"251, Boulevard Marechal",0.0,0.0
201300035408,5,3,2013,10,1,78,335,2,1,1,3,129 AV PRESIDENT WILSON,48.98667,1.74311
201300035409,7,3,2013,8,1,78,335,2,6,2,6,D190/D983,48.99156,1.74883
201300035410,14,4,2013,11,1,78,335,2,3,1,3,"0, R.D 146",0.0,0.0
201300035411,14,4,2013,21,5,78,217,2,1,1,1,"00, R.D 130",0.0,0.0
201300035412,17,4,2013,9,1,78,362,2,2,1,3,"00, RUE JEAN MOULIN",0.0,0.0
201300035413,3,5,2013,22,5,78,362,2,1,1,6,"00, RUE DES MERISIERS",0.0,0.0
201300035414,7,5,2013,19,1,78,361,2,1,1,6,"5, RUE GALILEE",0.0,0.0
201300035415,12,5,2013,18,1,78,501,2,2,1,3,"00, RUE DES CLOSEAUX",0.0,0.0
201300035416,21,5,2013,14,1,78,361,2,3,1,3,"00, QUAI DES CORDELIERS",0.0,0.0
201300035417,7,6,2013,17,1,78,362,2,3,1,3,"00, ROUTE DE HOUDAN",0.0,0.0
201300035418,21,6,2013,22,3,78,361,1,1,2,1,R.N  13  (BUTTE VERTE),0.0,0.0
201300035419,24,6,2013,21,1,78,362,2,1,1,6,"00, RUE DU 8 MAI 1945",0.0,0.0
201300035420,25,6,2013,17,1,78,361,2,1,1,6,"00, BD GEORGES CLEMENCEA",0.0,0.0
201300035421,27,6,2013,18,1,78,501,2,1,1,6,Bd de la Republique,0.0,0.0
201300035422,8,7,2013,22,1,78,361,2,1,1,6,"10, RUE BOILEAU",0.0,0.0
201300035423,12,7,2013,14,1,78,267,1,1,1,6,"00, RD 130",0.0,0.0
201300035424,24,7,2013,16,1,78,267,2,1,1,6,AVENUE DE PARIS,0.0,0.0
201300035425,28,7,2013,17,1,78,335,1,1,1,1,RD983,0.0,0.0
201300035426,31,7,2013,12,1,78,361,2,1,1,3,"05, AVENUE  GEO ANDRE",0.0,0.0
201300035427,16,9,2013,21,5,78,362,2,1,2,2,"00, BOULEVARD ROGER SALE",0.0,0.0
201300035428,19,9,2013,17,1,78,335,2,1,2,6,"00, AVENUE DE LA PAIX",0.0,0.0
201300035429,23,9,2013,13,1,78,362,2,9,1,6,"00, ROUTE DE SAINT GERMA",0.0,0.0
201300035430,19,10,2013,21,5,78,501,2,1,8,7,"38, boulevard de la rep",0.0,0.0
201300035431,27,10,2013,5,5,78,217,2,2,2,1,PROFESSEUR SERGENT,0.0,0.0
201300035432,5,11,2013,8,1,78,335,2,1,2,6,"7 BIS, RUE NATIONALE",0.0,0.0
201300035433,13,11,2013,17,2,78,402,2,1,1,2,C.D  113,0.0,0.0
201300035434,14,11,2013,17,2,78,267,2,2,2,1,"00, RD 190",0.0,0.0
201300035435,15,11,2013,11,1,78,361,2,1,1,6,"33, RUE MAUREPAS",0.0,0.0
201300035436,15,11,2013,16,5,78,217,2,3,1,3,CD 113,0.0,0.0
201300035437,25,11,2013,16,1,78,531,2,1,1,1,"00, RUE NATIONALE",0.0,0.0
201300035438,29,11,2013,15,1,78,531,1,1,1,1,"24, AVENUE DE MANTES",0.0,0.0
201300035439,5,12,2013,6,2,78,217,2,1,8,6,R.D 130,0.0,0.0
201300035440,19,1,2013,8,1,78,502,2,1,4,6,PRKG LES PYRAMIDES,48.88742,2.10575
201300035441,14,4,2013,15,1,78,350,1,1,1,2,"9, CONTI (QUAI)",0.0,0.0
201300035442,16,4,2013,18,1,78,372,2,3,1,3,R FONTENELLE/H BEQUE,48.87174,2.09768
201300035443,27,4,2013,10,1,78,372,2,1,1,6,"07, AMIRAL LEMONNIER (AV",0.0,0.0
201300035444,27,11,2013,16,1,78,372,2,3,1,3,PAUL LEPLAT (RUE),0.0,0.0
201300035445,31,5,2013,19,1,78,372,2,4,1,3,"01, CLOS COURCHE (CHEMIN",0.0,0.0
201300035446,20,5,2013,8,1,78,372,2,1,8,2,"30, ABREUVOIR (AVENUE DE",0.0,0.0
201300035447,15,7,2013,16,1,78,502,2,1,1,6,SIMON VOUET (AVENUE),0.0,0.0
201300035448,21,9,2013,2,5,78,502,2,1,1,7,1 SIMON VOUET (AVENUE),0.0,0.0
201300035449,7,3,2013,16,1,78,372,2,2,1,1,"40, SAINT GERMAIN (AVENU",0.0,0.0
201300035450,11,11,2013,6,5,78,224,2,1,9,6,"28-30, SAINT GEMAIN (ROU",0.0,0.0
201300035451,2,12,2013,7,1,78,350,2,1,1,6,"01, VERSAILLES (ROUTE DE",0.0,0.0
201300035452,8,12,2013,5,4,78,502,2,1,1,6,SAINT GERMAIN (AVENUE DE,0.0,0.0
201300035453,28,7,2013,8,1,78,440,2,1,1,7,GIROFLES (ALLEE DES),0.0,0.0
201300035454,3,1,2013,17,5,78,29,2,1,2,3,R DE LA COOPERATION,48.95956,1.85816
201300035455,8,1,2013,9,1,78,440,2,6,1,5,R DE SEINE/P RAOULT,48.99773,1.90896
201300035456,9,1,2013,15,1,78,238,2,1,2,3,RTE DE RENAULT (PRKG),48.96733,1.86437
201300035457,11,1,2013,10,1,78,609,2,3,1,5,RD 28/FERME AUBETTE,49.01565,1.9105
201300035458,10,1,2013,13,1,78,440,2,3,2,3,RTE VERNEUIL/P LEROY,48.99894,1.91631
201300035459,24,1,2013,17,1,78,440,2,1,1,4,R DESCARTES,48.98276,1.89303
201300035460,17,1,2013,22,5,78,238,2,2,2,2,RD 14,48.96326,1.86185
201300035461,28,1,2013,9,1,78,261,2,1,5,1,R DU POINT DU JOUR,49.01828,1.90019
201300035462,28,1,2013,18,5,78,440,2,1,1,6,EUROPE (AVENUE DE L'),0.0,0.0
201300035463,3,2,2013,13,1,78,401,2,1,1,1,ALL MARCHANDE,49.012,1.91699
201300035464,26,1,2013,19,5,78,440,2,6,1,6,AV PAUL RAOULT,48.97807,1.91385
201300035465,30,1,2013,12,1,78,440,2,6,2,2,AV PAUL RAOULT/AMPERE,48.99689,1.91355
201300035466,5,2,2013,18,5,78,440,2,1,4,3,32 RTE DE VERNEUIL,48.99898,1.91977
201300035467,8,2,2013,7,5,78,440,2,2,1,6,R M ROCH/P RAOULT,48.99495,1.91368
201300035468,16,2,2013,14,1,78,238,2,2,1,6,RD 14/BOIS BODIN,48.96334,1.86222
201300035469,12,2,2013,17,1,78,401,2,3,1,6,R FERME PARADIS/MARCHAND,49.01267,1.91868
201300035470,26,12,2013,22,5,78,638,2,1,1,7,"144, GENERAL DE GAULLE (",0.0,0.0
201300035471,15,12,2013,6,3,78,238,1,3,2,3,CD 113,0.0,0.0
201300035472,10,3,2013,5,5,78,440,2,6,1,6,AMPERE (RUE),0.0,0.0
201300035473,11,3,2013,18,5,78,440,2,4,4,3,MARECHAL FOCH (AVENUE DU,0.0,0.0
201300035474,1,3,2013,20,5,78,440,1,2,1,5,VERNEUIL (ROUTE DE),0.0,0.0
201300035475,4,3,2013,17,1,78,29,2,2,1,3,FRANCO BELGE (COUR),0.0,0.0
201300035476,2,3,2013,17,1,78,440,2,1,1,6,SEINE (RUE DE),0.0,0.0
201300035477,21,3,2013,17,1,78,609,2,9,1,3,CD 28,0.0,0.0
201300035478,12,4,2013,13,1,78,29,2,1,1,4,PIERRE LEFAUCHEUX (RUE),0.0,0.0
201300035479,17,3,2013,13,1,78,440,2,1,1,6,ARISTIDE BRIAND (RUE),0.0,0.0
201300035480,5,4,2013,15,1,78,440,2,1,1,6,PAUL RAOULT,0.0,0.0
201300035481,17,4,2013,15,1,78,29,1,1,1,3,CLOS DE REINE (RUE DU),0.0,0.0
201300035482,24,4,2013,18,1,78,440,2,1,1,6,JEAN-JACQUES ROUSSEAU (R,0.0,0.0
201300035483,23,4,2013,14,1,78,440,2,1,1,6,"1, av Republique",0.0,0.0
201300035484,30,4,2013,23,5,78,440,2,1,1,6,EUROPE (AVENUE DE L'),0.0,0.0