Num_Acc,jour,mois,an,hr,condition_eclairage,departement,commune,condition_agglomeration,intersection,condition_atmosphere,type_collision,adresse,lattitude,longitude
201300035485,4,5,2013,1,5,78,638,2,1,1,6,"88, PARIS (AVENUE DE)",0.0,0.0
201300035486,11,5,2013,15,1,78,440,2,1,1,2,EUROPE (AVENUE DE L'),0.0,0.0
201300035487,24,5,2013,10,1,78,299,2,3,3,6,CHATEAU (RUEDU),0.0,0.0
201300035488,28,5,2013,12,1,78,299,2,1,2,1,VEXIN (ROUTE DU),0.0,0.0
201300035489,29,5,2013,7,1,78,440,2,1,7,2,LEVASSOR (RUE),0.0,0.0
201300035490,1,6,2013,19,1,78,440,2,1,1,6,TULIPES (ALLEE DES),0.0,0.0
201300035491,20,5,2013,15,1,78,440,2,1,2,2,SEINE (RUE DE),0.0,0.0
201300035492,6,6,2013,20,1,78,238,2,1,1,2,CD 113,0.0,0.0
201300035493,7,6,2013,11,1,78,401,1,9,1,3,D 922,0.0,0.0
201300035494,8,6,2013,17,1,78,440,2,2,1,3,GYMNASE PIERRE DE COUBER,0.0,0.0
201300035495,13,6,2013,8,1,78,29,2,1,1,6,"03, MARRONNIERS (ALLEE D",0.0,0.0
201300035496,17,6,2013,17,1,78,440,2,1,1,6,"15, BOUGIMONTS (RUE DES)",0.0,0.0
201300035497,21,6,2013,8,1,78,401,2,1,1,6,PONTOISE (ROUTE DE ),0.0,0.0
201300035498,2,5,2013,12,1,78,440,2,1,1,3,RHIN ET DANUBE (PONT),0.0,0.0
201300035499,28,6,2013,8,1,78,299,2,1,2,4,MICHELET (BOULEVARD),0.0,0.0
201300035500,29,6,2013,11,1,78,440,2,1,1,4,PAUL RAOULT (AVENUE),0.0,0.0
201300035501,3,7,2013,9,1,78,29,2,6,2,3,CHARLES DE GAULLE (AVENU,0.0,0.0
201300035502,3,7,2013,21,1,78,440,2,1,2,6,JEAN DE LA FONTAINE (RUE,0.0,0.0
201300035503,3,7,2013,10,1,78,609,1,3,2,7,CD 28,0.0,0.0
201300035504,6,7,2013,18,1,78,238,2,1,1,7,"122, GENERAL DE GAULLE (",0.0,0.0
201300035505,10,7,2013,16,1,78,440,2,1,1,6,GIROFLES (ALLEE DES),0.0,0.0
201300035506,11,7,2013,17,1,78,238,1,1,1,6,CD 14,0.0,0.0
201300035507,12,7,2013,19,1,78,238,2,1,1,7,RENAULT (ROUTE DE),0.0,0.0
201300035508,13,7,2013,11,1,78,440,2,1,1,6,PAUL DOUMER (RUE),0.0,0.0
201300035509,16,7,2013,5,5,78,238,2,2,1,6,MARECHAL FOCH (RUE DU),0.0,0.0
201300035510,22,7,2013,10,1,78,440,2,1,1,4,SEINE (RUE DE),0.0,0.0
201300035511,16,7,2013,0,5,78,440,2,1,1,1,VERNEUIL (ROUTE DE),0.0,0.0
201300035512,8,8,2013,11,1,78,299,2,1,1,6,VEXIN (ROUTE DU),0.0,0.0
201300035513,13,8,2013,18,1,78,440,2,1,1,6,CROIX VERTE (RUE DE LA),0.0,0.0
201300035514,18,8,2013,20,2,78,440,2,1,2,3,SEINE (RUE DE),0.0,0.0
201300035515,6,8,2013,22,5,78,440,2,1,1,5,"24, STENDHAL (RUE)",0.0,0.0
201300035516,22,8,2013,15,1,78,638,2,1,1,5,GENERAL DE GAULLE (RUE D,0.0,0.0
201300035517,4,9,2013,4,3,78,227,1,1,1,6,CD 922,0.0,0.0
201300035518,2,9,2013,19,1,78,440,2,1,1,6,PAUL RAOULT (AVENUE),0.0,0.0
201300035519,4,9,2013,13,1,78,440,2,1,1,6,EUROPE (AVENUE DE L'),0.0,0.0
201300035520,16,9,2013,7,1,78,299,2,1,8,2,VEXIN (ROUTE DU),0.0,0.0
201300035521,4,9,2013,15,1,78,440,2,9,1,1,"0000000000, PAUL RAOULT",0.0,0.0
201300035522,13,9,2013,13,1,78,29,2,1,2,3,COOPERATION (RUE DE LA),0.0,0.0
201300035523,22,9,2013,22,5,78,440,2,1,1,3,"1, AMPERE (RUE)",0.0,0.0
201300035524,27,9,2013,8,1,78,29,2,1,1,7,GARE (BOULEVARD DE LA),0.0,0.0
201300035525,28,9,2013,19,5,78,638,2,1,2,6,CHATEAU (RUE DU),0.0,0.0
201300035526,29,9,2013,19,2,78,638,2,1,3,3,PARIS (AVENUE DE),0.0,0.0
201300035527,1,10,2013,8,1,78,29,2,6,1,6,CHARLES DE GAULLE (AVENU,0.0,0.0
201300035528,7,10,2013,19,1,78,440,2,1,1,3,POISSY (RUE DE),0.0,0.0
201300035529,15,10,2013,19,5,78,401,2,1,1,6,PONTOISE (ROUTE DE ),0.0,0.0
201300035530,22,10,2013,10,1,78,440,2,3,1,2,EUROPE (AVENUE DE L'),0.0,0.0
201300035531,30,10,2013,6,2,78,440,2,1,1,6,"49, PAUL RAOULT (AVENUE)",0.0,0.0
201300035532,18,10,2013,16,1,78,440,2,1,1,6,HENRI DUNANT (RUE),0.0,0.0
201300035533,5,12,2013,8,1,78,440,2,3,1,5,RD 44,0.0,0.0
201300035534,6,11,2013,11,1,78,29,2,1,8,1,"6, BAZEMONT (RUE DE)",0.0,0.0
201300035535,13,11,2013,11,1,78,401,1,3,1,3,D 922,0.0,0.0
201300035536,5,4,2013,15,1,78,29,2,1,1,6,PLAGE (BOULEVARD DE LA),0.0,0.0
201300035537,9,4,2013,14,1,78,29,2,1,2,3,GARE (RUE DE LA),0.0,0.0
201300035538,24,10,2013,10,1,78,440,2,1,8,4,PAUL RAOULT (AVENUE),0.0,0.0
201300035539,5,9,2013,19,1,78,299,2,1,1,2,CHATEAUBRIAND (AVENUE),0.0,0.0
201300035540,8,1,2013,8,1,78,165,2,1,2,6,AV JEAN JAURES,48.8277,1.98252
201300035541,11,1,2013,7,2,78,490,2,4,8,6,R P MAITRE/MENDES FRANCE,48.82577,1.9638
201300035542,16,1,2013,16,1,78,165,2,6,1,6,AV DE LA STATION/DUNANT,48.82506,1.99727
201300035543,31,1,2013,20,4,78,165,2,6,9,6,PL DE LA REPUBLIQUE,48.82196,1.98916
201300035544,16,1,2013,19,5,78,490,2,6,1,6,AV 19 MARS 1962/GUYET,48.83115,1.94485
201300035545,12,2,2013,9,1,78,490,2,6,2,3,AV ST GERMAIN/LEON BLUM,48.827,1.96397
201300035546,24,2,2013,23,5,78,490,2,9,4,6,AQUEDUC/PRAIRIE FORESTIE,48.82416,1.96792
201300035547,27,2,2013,19,4,78,165,2,1,2,6,"0, VIGNES (CHEMIN DES)",0.0,0.0
201300035548,3,3,2013,20,3,78,674,1,1,1,7,CD 11,0.0,0.0
201300035549,24,12,2013,10,1,78,165,2,1,2,6,"1, PROU (AVENUE HENRI)",0.0,0.0
201300035550,19,3,2013,10,1,78,165,2,6,1,6,PROU (AVENUE HENRI),0.0,0.0
201300035551,29,4,2013,20,1,78,490,2,2,1,3,Gal de Gaulle,0.0,0.0
201300035552,2,5,2013,15,1,78,490,2,2,1,3,EBISOIRES (RUE DES),0.0,0.0
201300035553,15,6,2013,23,5,78,490,2,1,1,6,DEUX PLATEAUX (ROUTE DES,0.0,0.0
201300035554,9,7,2013,12,1,78,165,2,1,1,3,BARBUSSE (AVENUE HENRY),0.0,0.0
201300035555,25,7,2013,17,1,78,490,2,6,1,2,PETIT ST CLOUD (ROND POI,0.0,0.0
201300035556,16,8,2013,10,1,78,165,2,3,1,3,"0, VIGNES (CHEMIN DES)",0.0,0.0
201300035557,16,9,2013,7,1,78,490,2,1,1,5,"0, DEUX PLATEAUX (ROUTE",0.0,0.0
201300035558,22,8,2013,12,1,78,165,2,6,1,2,BARBUSSE (AVENUE HENR,0.0,0.0
201300035559,26,9,2013,17,1,78,490,2,1,1,6,SABLONS (AVENUE DES),0.0,0.0
201300035560,19,9,2013,9,2,78,490,2,1,1,3,PETIT ST CLOUD (ROND POI,0.0,0.0
201300035561,17,10,2013,20,5,78,490,2,3,1,3,BOISSIERE (RUE DE LA),0.0,0.0
201300035562,14,7,2013,12,1,78,674,2,1,1,3,CD 11,0.0,0.0
201300035563,22,11,2013,14,1,78,490,2,1,1,2,PETIT ST CLOUD (ROND POI,0.0,0.0
201300035564,24,12,2013,15,1,78,490,1,1,3,6,RN12,0.0,0.0
201300035565,14,1,2013,8,1,78,498,2,2,1,3,AV F LEFEBVRE/PRIMASENS,48.92623,2.04839
201300035566,13,2,2013,6,5,78,498,2,6,1,6,PLACE VERTE,48.933,2.0436
201300035567,23,3,2013,16,1,78,643,2,1,1,7,"1, EUROPE BD DE L'",0.0,0.0
201300035568,25,3,2013,18,1,78,498,1,6,1,6,RTE DE 40 SOUS/MALADRERI,48.91387,2.02213
201300035569,23,3,2013,10,1,78,672,1,3,1,3,VERNOUILLET ROUTE DE (CD,0.0,0.0
201300035570,3,4,2013,15,1,78,498,2,1,1,2,"1, URSULINES AV DES",0.0,0.0
201300035571,15,4,2013,18,1,78,624,1,1,1,7,RD1,0.0,0.0
201300035572,21,4,2013,18,1,78,498,2,2,1,3,GAMBETTA BD,0.0,0.0
201300035573,4,6,2013,19,1,78,498,2,2,1,3,GAMBETTA BD,0.0,0.0
201300035574,8,6,2013,13,1,78,498,2,3,1,3,"1, BEAUREGARD RUE DE",0.0,0.0
201300035575,17,6,2013,6,1,78,498,2,1,1,7,"45, TIMBAUD RUE JEAN PIE",0.0,0.0
201300035576,14,6,2013,17,1,78,498,2,2,1,7,"1, CASTILLE AV BLANCHE D",0.0,0.0
201300035577,11,6,2013,14,1,78,498,2,1,1,6,"74, LEFEBVRE AV FERNAND",0.0,0.0
201300035578,6,7,2013,1,5,78,624,2,1,1,7,DOUMER RUE PAUL,0.0,0.0
201300035579,10,7,2013,19,1,78,498,2,2,1,2,"1, VILLIERS RUE DE",0.0,0.0
201300035580,2,8,2013,16,1,78,498,2,3,1,3,"1, MEISSONIER AV",0.0,0.0
201300035581,6,8,2013,10,1,78,672,2,2,1,2,VERNOUILLET ROUTE DE (CD,0.0,0.0
201300035582,4,9,2013,19,1,78,672,2,4,1,7,GALLIENI RUE,0.0,0.0
201300035583,17,9,2013,8,1,78,498,1,1,1,6,QUARANTE SOUS ROUTE DE,0.0,0.0
201300035584,28,9,2013,11,1,78,643,2,3,1,3,"1, GROSSE PIERRE RUE DE",0.0,0.0
201300035585,29,9,2013,18,1,78,498,2,1,2,2,SAINT SEBASTIEN RUE,0.0,0.0
201300035586,18,9,2013,8,1,78,642,2,1,1,3,"11, MALRAUX BD ANDRE",0.0,0.0
201300035587,15,10,2013,12,1,78,123,2,2,1,3,"212, PELLETIER BD",0.0,0.0
201300035588,11,10,2013,19,2,78,643,2,6,1,3,EUROPE ROND POINT DE L',0.0,0.0
201300035589,20,11,2013,12,1,78,643,1,1,1,6,"37, CHAPET ROUTE DE",0.0,0.0
201300035590,26,11,2013,9,1,78,498,2,1,1,6,SAINT SEBASTIEN RUE,0.0,0.0
201300035591,12,12,2013,18,3,78,672,1,2,1,7,CD 154,0.0,0.0
201300035592,28,12,2013,12,1,78,642,2,1,1,3,"63, MALRAUX BD ANDRE",0.0,0.0
201300035593,26,12,2013,10,1,78,498,1,1,1,6,2 EIFFEL RUE GUSTAVE,0.0,0.0
201300035594,30,12,2013,20,1,78,498,2,1,1,6,DEVAUX BD,0.0,0.0
201300035595,19,12,2013,11,1,78,498,2,2,2,3,CASTILLE AV BLANCHE DE,0.0,0.0
201300035596,24,1,2013,8,1,78,498,2,4,1,1,R DE LA TOURNELLE/ABBAYE,48.92848,2.03813
201300035597,25,1,2013,14,1,78,672,1,1,1,6,191 AV D'ACQUEVILLE,48.92797,2.00229
201300035598,3,2,2013,2,5,78,624,1,3,1,3,SENET RUE EUGENE,0.0,0.0
201300035599,5,2,2013,18,1,78,123,2,1,1,6,CC ST LOUIS,48.94734,2.02516
201300035600,15,2,2013,23,3,78,672,2,4,1,7,"1, R DE LA CROIX",0.0,0.0
201300035601,9,3,2013,18,1,78,498,2,4,1,2,AV LEFEBVRE/EISENHOWER,48.9241,2.05355
201300035602,1,4,2013,12,1,78,498,2,1,1,6,"10, CHAMP GAILLARD RUE D",0.0,0.0
201300035603,24,4,2013,17,1,78,624,1,1,1,7,POISSY AVENUE DE,0.0,0.0
201300035604,1,5,2013,19,1,78,498,2,1,2,1,BEAUREGARD RUE DE,0.0,0.0
201300035605,5,5,2013,5,5,78,498,2,1,1,2,BIDONNIERE RUE DE LA,0.0,0.0
201300035606,26,5,2013,18,1,78,643,1,1,1,2,RD1,0.0,0.0
201300035607,22,5,2013,23,5,78,624,2,1,1,7,"1, RD1",0.0,0.0
201300035608,2,6,2013,18,1,78,624,1,1,1,6,RD1,0.0,0.0
201300035609,15,6,2013,21,2,78,384,1,1,1,6,"1, BOIS DE MEDAN (ROUTE",0.0,0.0
201300035610,16,6,2013,4,5,78,123,2,2,1,5,AV EUROPE,0.0,0.0
201300035611,27,6,2013,16,1,78,123,2,1,1,6,"45, SAINT LOUIS RUE",0.0,0.0
201300035612,10,7,2013,0,5,78,498,2,2,1,3,DEVAUX BD,0.0,0.0
201300035613,11,8,2013,11,1,78,123,2,2,1,3,EUROPE (RN 190) AVENUE D,0.0,0.0
201300035614,11,8,2013,20,1,78,123,2,1,1,2,HAUTIL AV DE L',0.0,0.0
201300035615,25,8,2013,0,5,78,498,2,1,3,1,RD30,0.0,0.0
201300035616,21,9,2013,0,5,78,123,2,1,1,1,"1, DAVID RUE",0.0,0.0
201300035617,22,9,2013,2,3,78,642,1,1,1,3,ROUILLARD CHEMIN DU,0.0,0.0
201300035618,28,9,2013,22,5,78,123,2,2,1,3,EUROPE (RN 190) AVENUE D,0.0,0.0
201300035619,1,10,2013,15,1,78,123,2,1,1,7,"1, EUROPE (RN 190) AVENU",0.0,0.0
201300035620,12,10,2013,15,1,78,642,2,1,1,6,CLOS DES VIGNES AVENUE,0.0,0.0
201300035621,17,10,2013,18,5,78,498,2,2,1,5,LYAUTEY AV DU MARECHAL,0.0,0.0
201300035622,9,11,2013,14,1,78,498,2,2,9,6,"12, SAINT SEBASTIEN RUE",0.0,0.0
201300035623,7,11,2013,20,5,78,498,2,2,2,6,"141, FOCH AV",0.0,0.0
201300035624,17,11,2013,19,3,78,624,2,1,1,6,"17, SOBAUX RUE DU DOCTEU",0.0,0.0
201300035625,6,12,2013,10,1,78,672,1,1,1,3,"136, DE VOISINS AVENUE D",0.0,0.0
201300035626,9,12,2013,15,1,78,498,2,2,1,6,SAINT SEBASTIEN RUE,0.0,0.0
201300035627,5,1,2013,19,5,78,220,1,2,8,2,RN 10/RD 34,48.72306,1.8894
201300035628,18,1,2013,13,1,78,517,2,1,4,3,60 R SADI CARNOT,48.6496,1.83082
201300035629,15,2,2013,8,1,78,517,2,3,8,3,R LOUVIERE/PRAIRIE,48.64351,1.83717
201300035630,25,2,2013,13,1,78,517,2,6,4,3,AV G POMPIDOU/HERRIOT,48.63691,1.83241
201300035631,1,3,2013,16,1,78,220,1,1,1,1,RD 191,48.71604,1.8509
201300035632,12,3,2013,10,1,78,220,1,1,4,1,RD 202,48.69602,1.93681
201300035633,30,3,2013,17,1,78,517,2,3,1,5,R D'ORPHIN/DROUETTE,48.6294,1.82687
201300035634,2,4,2013,18,1,78,220,2,2,1,2,RD 202/R DES MOLIERES,48.7203,1.89675
201300035635,7,4,2013,17,1,78,269,1,1,1,7,R BERNARD BATAILLE,48.63512,1.7758
201300035636,7,4,2013,18,1,78,486,1,1,1,7,RN 10,0.0,0.0
201300035637,21,4,2013,20,1,78,220,1,1,1,6,RN 10,0.0,0.0
201300035638,23,4,2013,8,1,78,517,2,1,1,3,59 R GRANGE COLOMBE,48.65891,1.85837
201300035639,24,4,2013,14,1,78,517,2,1,7,3,46 R GEORGES LENOTRE,48.63691,1.82756
201300035640,29,4,2013,12,1,78,220,2,4,1,3,R DE BRETAGNE/LANGUEDOC,48.71842,1.89202
201300035641,5,5,2013,22,3,78,486,1,1,1,7,RN 10,0.0,0.0
201300035642,4,6,2013,16,1,78,486,1,1,1,7,RN 10,0.0,0.0
201300035643,11,6,2013,12,1,78,517,2,1,1,6,"01, MOUTIE (RUE AUGUSTE)",0.0,0.0
201300035644,19,6,2013,18,1,78,220,2,7,3,6,MAIRIE (PLACE DE LA),0.0,0.0
201300035645,13,7,2013,10,1,78,517,2,1,1,6,"1, CHASLES (RUE)",0.0,0.0
201300035646,26,7,2013,19,1,78,220,2,3,1,3,"5, Jean Ferrat (rue)",0.0,0.0
201300035647,6,8,2013,12,1,78,517,2,6,1,1,CLAIREFONTAINE (RUE DE),0.0,0.0
201300035648,21,8,2013,17,1,78,517,1,1,1,7,ETANG DE LA TOUR (RUE DE,0.0,0.0
201300035649,14,9,2013,20,5,78,517,2,6,2,6,ANGIVILLER (RUE D'),0.0,0.0
201300035650,23,9,2013,8,1,78,486,1,1,1,5,SAINT HUBERT (ROUTE),0.0,0.0
201300035651,2,10,2013,17,1,78,517,1,1,1,4,D 936,0.0,0.0
201300035652,5,10,2013,21,3,78,269,1,1,1,7,POIGNY,0.0,0.0
201300035653,17,10,2013,18,1,78,517,2,6,1,3,CLAIRIERE (AVENUE DE LA),0.0,0.0
201300035654,20,10,2013,9,1,78,517,1,1,2,6,RN 10,0.0,0.0
201300035655,20,10,2013,16,1,78,517,1,1,8,7,POTEAU DES 3 SEIGNEURS (,0.0,0.0
201300035656,26,10,2013,20,5,78,517,2,1,1,3,"18, PARIS (AVENUE DE)",0.0,0.0
201300035657,13,11,2013,16,1,78,517,2,1,1,6,"00, ROUGET DE L'ISLE (RU",0.0,0.0
201300035658,27,11,2013,9,1,78,486,2,3,1,3,"77, CHARTRES (RUE DE",0.0,0.0
201300035659,22,12,2013,13,1,78,220,1,1,2,3,RN 10,0.0,0.0
201300035660,26,12,2013,7,3,78,486,1,1,1,6,RN 10,0.0,0.0
201300035661,10,1,2013,10,1,78,545,2,3,2,6,R G PERI/SAMPAIX,48.80483,2.0565
201300035662,14,2,2013,9,1,78,73,1,1,1,3,"50bis, VAILLANT COUTURIE",0.0,0.0
201300035663,5,3,2013,15,1,78,545,2,1,1,6,"101, CURIE (AVENUE PIERR",0.0,0.0
201300035664,8,3,2013,9,1,78,242,2,3,1,7,"1, RAVEL (RUE MAURICE)",0.0,0.0
201300035665,3,5,2013,10,1,78,545,2,9,1,1,"10, BARBUSSE (BOULEVARD",0.0,0.0
201300035666,25,6,2013,16,1,78,73,2,1,1,1,ROBESPIERRE (RUE),0.0,0.0
201300035667,13,7,2013,21,1,78,545,2,3,1,3,"75, CURIE (AVENUE PIERRE",0.0,0.0
201300035668,16,9,2013,10,1,78,545,2,3,1,3,ZOLA (RUE EMILE),0.0,0.0
201300035669,10,10,2013,9,1,78,73,2,1,7,6,"70, JAURES (AVENUE JEAN)",0.0,0.0
201300035670,8,10,2013,9,1,78,242,2,2,1,3,GRAVIERS (CHEMIN DE ),0.0,0.0
201300035671,20,11,2013,8,1,78,545,2,2,7,6,FABIEN (AVENUE COLONEL),0.0,0.0
201300035672,23,11,2013,18,4,78,545,2,1,1,4,RD 10,0.0,0.0
201300035673,4,1,2013,1,3,78,551,1,1,1,6,RD 308,0.0,0.0
201300035674,11,1,2013,7,5,78,551,2,1,1,6,R SAINT LEGER,48.89737,2.06872
201300035675,14,1,2013,8,2,78,481,2,1,1,6,AV MAL DE LATTRE DE TASS,48.89788,2.10676
201300035676,24,1,2013,8,3,78,551,1,1,1,1,RN 184,48.94344,2.09518
201300035677,30,1,2013,16,1,78,551,1,1,1,6,RN 184,48.95242,2.09315
201300035678,16,2,2013,11,1,78,551,2,3,1,3,R REPUBLIQUE/F BONVIN,48.89939,2.08956
201300035679,7,4,2013,17,1,78,551,2,1,1,6,RN 184,0.0,0.0
201300035680,18,4,2013,2,5,78,133,2,2,1,3,RD 113,0.0,0.0
201300035681,31,5,2013,12,1,78,551,1,1,1,6,RN 184,0.0,0.0
201300035682,13,6,2013,8,1,78,551,1,1,1,4,RD 308,0.0,0.0
201300035683,22,6,2013,0,4,78,551,1,1,3,2,RN 184,0.0,0.0
201300035684,24,6,2013,21,1,78,551,1,1,1,6,RTE CENTRALE,0.0,0.0
201300035685,7,7,2013,19,1,78,551,1,1,1,3,RD 308,0.0,0.0
201300035686,20,7,2013,10,1,78,551,2,1,1,6,"15 bis, VIEILLE BUTTE (D",0.0,0.0
201300035687,20,7,2013,23,3,78,551,1,1,1,6,RN 184,0.0,0.0
201300035688,24,8,2013,2,3,78,551,2,3,1,3,RN 184,0.0,0.0
201300035689,1,7,2013,19,1,78,133,1,3,1,3,MANTES (RTE DE),0.0,0.0
201300035690,21,11,2013,17,3,78,481,2,8,2,6,"1, TOUS SECTEURS LE PECQ",0.0,0.0
201300035691,14,1,2013,13,1,78,586,2,3,1,6,BD DE BEZONS/BAUDIN,48.94307,2.18088
201300035692,11,1,2013,19,5,78,586,2,2,2,6,AV CLEMENCEAU/ST EXUPERY,48.94254,2.19416
201300035693,14,1,2013,12,1,78,586,2,2,1,3,AV REPUBLIQUE/DIXMUDE,48.93376,2.15121
201300035694,18,1,2013,9,1,78,586,2,1,1,3,77 AV DE LA REPUBLIQUE,48.9351,2.15334
201300035695,6,2,2013,7,5,78,586,2,4,2,6,R CHAMPS DE MARS/MERMOZ,48.94469,2.17256
201300035696,18,2,2013,8,1,78,586,2,3,7,3,R VERDUN/FRANCKLIN,48.93085,2.15581
201300035697,16,4,2013,17,1,78,586,2,1,1,6,"42, STALINGRAD",0.0,0.0
201300035698,25,2,2013,11,1,78,586,2,1,2,6,RUELLE REINE,48.94617,2.17174
201300035699,20,2,2013,10,1,95,18,2,2,1,3,RTE DE PONTOISE,48.9461,2.2062
201300035700,5,6,2013,17,1,78,586,2,1,1,6,"140, AV REPUBLIQUE",0.0,0.0
201300035701,17,5,2013,21,5,78,586,2,2,1,3,M BERTEAUX,0.0,0.0
201300035702,13,4,2013,14,1,78,586,2,2,1,3,Gal de Gaulle / Bezons,0.0,0.0
201300035703,23,6,2013,7,1,78,586,2,2,1,7,"n?ant, ROOSEVELT (PRESID",0.0,0.0
201300035704,3,8,2013,17,1,78,586,2,1,7,7,"0, FLORIAN",0.0,0.0
201300035705,12,8,2013,21,1,78,586,2,3,1,7,"159, CLEMENCEAU (G.)",0.0,0.0
201300035706,26,6,2013,18,1,78,586,2,1,1,3,BEZONS,0.0,0.0
201300035707,10,9,2013,17,1,78,586,2,1,1,6,"22-24, STALINGRAD",0.0,0.0
201300035708,12,9,2013,4,5,78,586,2,1,2,2,BERTEAUX (MAURICE) N1 A,0.0,0.0
201300035709,16,9,2013,11,1,78,586,2,1,2,7,"4 ter, BARIAN",0.0,0.0
201300035710,11,10,2013,18,1,78,586,2,1,1,6,BEZONS N1 A 19,0.0,0.0
201300035711,17,10,2013,17,1,78,586,2,1,1,6,BOURQUELOT (ROBE,0.0,0.0
201300035712,18,10,2013,10,1,78,586,2,2,1,3,CONVENTION (AVENUE),0.0,0.0
201300035713,10,7,2013,15,1,78,586,2,6,1,3,CLEMENCEAU (G.),0.0,0.0
201300035714,23,11,2013,14,1,78,586,2,1,1,3,"55, REPUBLIQUE (AVENUE)",0.0,0.0
201300035715,2,12,2013,8,5,78,586,2,3,1,7,"0, BARIAN",0.0,0.0
201300035716,21,12,2013,14,1,78,586,2,1,9,6,"11, BARBUSSE (HENRI)",0.0,0.0
201300035717,17,1,2013,9,1,78,621,2,1,2,4,RD 912,48.78475,1.98919
201300035718,31,1,2013,7,2,78,621,2,1,2,6,BERLIOZ (RUE HECTOR),0.0,0.0
201300035719,8,2,2013,19,5,78,621,2,1,1,6,"1, PASTEUR MARTIN LUTHER",0.0,0.0
201300035720,6,2,2013,7,2,78,621,2,2,2,6,AV S ALLENDE/L LAGRANGE,48.77756,1.97688
201300035721,4,5,2013,20,1,78,621,2,1,1,1,CASTIGLIONE DEL LAGO (RU,0.0,0.0
201300035722,7,6,2013,8,1,78,621,1,1,1,2,"1, NATIONALE 10   (ROUTE",0.0,0.0
201300035723,21,6,2013,7,1,78,621,2,3,1,2,POLITZER (AVENUE GEORGES,0.0,0.0
201300035724,27,9,2013,16,1,78,621,2,1,1,4,NATIONALE 10   (ROUTE),0.0,0.0
201300035725,15,10,2013,7,5,78,621,2,1,1,3,NATIONALE 10   (ROUTE),0.0,0.0
201300035726,15,12,2013,12,1,78,621,2,3,1,6,"36, VAILLANT COUTURIER",0.0,0.0
201300035727,15,1,2013,16,1,78,640,2,1,8,6,R LOUVOIS,48.78167,2.19732
201300035728,20,2,2013,7,2,78,322,2,3,1,3,AV J JAURES/THABOT,48.76462,2.17079
201300035729,24,3,2013,17,1,78,640,2,2,1,3,R LECLERC/BRETAGNE,48.78481,2.16913
201300035730,23,10,2013,16,1,78,686,2,1,1,6,"37, JEAN REY (RUE)",0.0,0.0
201300035731,13,11,2013,9,1,78,686,2,1,1,3,"129 BIS, GENERAL LECLERC",0.0,0.0
201300035732,22,11,2013,14,1,78,640,2,1,1,6,EUROPE (AV),0.0,0.0
201300035733,29,10,2013,3,5,78,322,1,1,5,6,"1, LIBERATION (RUE DE LA",0.0,0.0
201300035734,29,12,2013,12,1,78,686,2,3,1,6,GASTON BOISSIER,0.0,0.0
201300035735,28,3,2013,17,1,78,640,2,1,1,6,"36, GENERAL EXELMANS (RU",0.0,0.0
201300035736,6,4,2013,20,1,78,640,2,1,1,6,"2, EUROPE (AVENUE DE L')",0.0,0.0
201300035737,11,4,2013,13,1,78,640,2,1,8,6,"29bis, LOUIS BREGUET (AV",0.0,0.0
201300035738,17,4,2013,7,2,78,640,2,1,8,2,"1, PETIT CLAMART (RUE DU",0.0,0.0
201300035739,23,4,2013,16,1,78,640,2,1,1,6,"1, SAVOIE (AVENUE DE)",0.0,0.0
201300035740,25,4,2013,9,1,78,640,2,1,1,6,"1, PAULHAN (RUE)",0.0,0.0
201300035741,16,5,2013,1,3,78,640,1,1,1,7,ROBERT WAGNER (AVENUE),0.0,0.0
201300035742,13,6,2013,13,1,78,686,2,1,3,3,VERSAILLES (AVENUE DE),0.0,0.0
201300035743,28,6,2013,14,1,78,640,2,1,1,6,"2, EUROPE (AVENUE DE L')",0.0,0.0
201300035744,12,8,2013,22,5,78,640,2,4,1,7,EUROPE (AV DE L'),0.0,0.0
201300035745,17,8,2013,22,5,78,686,2,1,1,7,JOSEPH CHALEIL,0.0,0.0
201300035746,18,8,2013,2,5,78,640,2,3,1,7,ARISTIDE BRIAND,0.0,0.0
201300035747,3,10,2013,9,1,78,686,2,3,1,3,"179, GENERAL LECLERC (AV",0.0,0.0
201300035748,23,7,2013,20,1,78,640,2,1,1,7,"38, GENERAL EXELMANS (RU",0.0,0.0
201300035749,16,12,2013,11,1,78,640,1,1,1,7,DIETZENBACH (RUE DE),0.0,0.0
201300035750,11,12,2013,14,1,78,322,1,1,1,1,PARC DE DIANE,0.0,0.0
201300035751,20,12,2013,9,1,78,686,2,3,7,6,RIEUSSEC (RUE),0.0,0.0
201300035752,2,10,2013,9,1,78,322,1,1,1,6,LIBERATION (RUE,0.0,0.0
201300035753,14,1,2013,18,5,78,646,2,6,4,6,R ST NICOLAS/CEINTURE,48.80876,2.15555
201300035754,10,10,2013,14,1,78,646,2,1,2,6,"69, PAROISSE (RUE DE LA)",0.0,0.0
201300035755,30,1,2013,9,1,78,646,2,3,2,6,R HOCHE/PAROISSE,48.80634,2.12806
201300035756,30,1,2013,8,1,78,646,2,1,2,6,13 R JEAN DE LA BRUYERE,48.81326,2.14488
201300035757,8,2,2013,7,2,78,646,2,1,1,3,49 R DES CHANTIERS,48.79432,2.14154
201300035758,1,3,2013,16,1,78,646,2,6,1,3,BD DU ROI/BD DE LA REINE,48.80954,2.12555
201300035759,5,3,2013,9,1,78,646,2,2,1,6,REPUBLIQUE/BONNE AVENTUR,48.80647,2.14916
201300035760,7,4,2013,10,1,78,524,1,1,1,5,RN 307,0.0,0.0
201300035761,17,4,2013,14,1,78,646,2,1,1,6,55 R D'ANJOU,48.79619,2.12889
201300035762,2,6,2013,14,1,78,646,2,1,1,6,NEPVEU NORD,0.0,0.0
201300035763,27,6,2013,10,1,78,646,2,1,1,6,R EXELMANS,0.0,0.0