Num_Acc,jour,mois,an,hr,condition_eclairage,departement,commune,condition_agglomeration,intersection,condition_atmosphere,type_collision,adresse,lattitude,longitude
201300035764,15,7,2013,18,1,78,646,2,1,1,6,DIVISION LECLERC (RUE DE,0.0,0.0
201300035765,26,9,2013,17,1,78,646,2,1,1,3,"86, PARIS (AVENUE DE)",0.0,0.0
201300035766,12,10,2013,23,5,78,646,2,2,1,3,MARECHAL FOCH (RUE DU),0.0,0.0
201300035767,16,10,2013,16,1,78,158,2,1,2,7,"32, ROCQUENCOURT (AVENUE",0.0,0.0
201300035768,16,9,2013,16,1,78,158,2,1,2,6,"109, VERSAILLES (RUE DE)",0.0,0.0
201300035769,31,8,2013,10,1,78,646,2,2,1,6,ROYALE (RUE),0.0,0.0
201300035770,15,9,2013,12,1,78,646,2,3,1,2,GLATIGNY,0.0,0.0
201300035771,21,9,2013,18,1,78,158,2,1,9,2,"26, VERSAILLES (RUE DE)",0.0,0.0
201300035772,13,9,2013,19,1,78,646,2,1,1,6,"13, ETATS GENERAUX",0.0,0.0
201300035773,16,10,2013,15,1,78,646,2,3,2,6,2 PONT COLBERT,0.0,0.0
201300035774,30,9,2013,19,1,78,646,2,1,1,6,RUEIL (ROUTE DE),0.0,0.0
201300035775,11,11,2013,18,5,78,646,2,2,9,3,ECOLE DES POSTES,0.0,0.0
201300035776,19,11,2013,17,5,78,646,2,1,1,6,"20, EUROPE (AVENUE DE L'",0.0,0.0
201300035777,12,10,2013,12,1,78,646,2,1,1,6,"7, COSTE (RUE)",0.0,0.0
201300035778,18,10,2013,19,5,78,158,2,6,1,3,CHARLES DE GAULLE (AVENU,0.0,0.0
201300035779,24,10,2013,7,5,78,646,2,3,1,6,PARC DE CLAGNY,0.0,0.0
201300035780,18,9,2013,13,1,78,646,2,6,1,6,"2, LOI (PLACE DE LA)",0.0,0.0
201300035781,4,11,2013,19,5,78,646,2,1,1,6,PARIS (AVENUE DE),0.0,0.0
201300035782,17,11,2013,0,5,78,646,2,2,9,3,PARIS (AVENUE DE),0.0,0.0
201300035783,26,11,2013,17,5,78,646,2,1,1,3,"5, PONT COLBERT (RUE DU)",0.0,0.0
201300035784,12,12,2013,10,1,78,646,2,1,9,6,"16, ALBERT JOLY (RUE)",0.0,0.0
201300035785,8,12,2013,14,1,78,158,2,1,1,6,DUTARTRE (AVENUE),0.0,0.0
201300035786,8,10,2013,18,1,78,418,2,2,1,6,"227, GABRIEL PERI (AVENU",0.0,0.0
201300035787,19,6,2013,17,1,78,146,2,9,1,3,"78, CARRIERES (ROUTE DE)",0.0,0.0
201300035788,1,9,2013,17,1,78,650,2,1,1,3,"20 bis, MONTESSON (ROUTE",0.0,0.0
201300035789,21,9,2013,17,1,78,146,2,2,1,6,MARECHAL FOCH (AVENUE DU,0.0,0.0
201300035790,1,6,2013,19,1,78,146,2,6,1,6,"0, CLAUDE MONET (AVENUE)",0.0,0.0
201300035791,19,6,2013,13,1,78,146,2,1,1,1,"1, SABLONS (RUE DES)",0.0,0.0
201300035792,19,1,2013,0,5,79,191,2,6,8,6,114 AV. DE LA ROCHELLE,0.0,0.0
201300035793,10,1,2013,7,5,79,191,2,1,2,7,42 RUE COTEAU ST HUBERT,0.0,0.0
201300035794,16,1,2013,7,5,79,191,2,6,4,7,RUE DU FIEF,0.0,0.0
201300035795,15,1,2013,18,5,79,191,2,1,1,7,6 RUE DU 24 FEVRIER,0.0,0.0
201300035796,20,2,2013,17,1,79,191,2,6,1,3,PLACE DU ROULAGE,0.0,0.0
201300035797,18,1,2013,4,3,79,191,2,1,1,7,40 RUE DE ROMAGNE,0.0,0.0
201300035798,19,2,2013,21,5,79,191,2,2,1,3,82 RUE DE LA GARE,0.0,0.0
201300035799,18,3,2013,20,5,79,191,2,3,1,3,138 RTE DE COULONGES,0.0,0.0
201300035800,28,1,2013,7,2,79,191,2,2,1,3,RUE DU MARECHAL LECLERC,0.0,0.0
201300035801,28,1,2013,19,5,79,191,2,2,1,3,44 RUE DE LA GARE,0.0,0.0
201300035802,5,4,2013,18,1,79,191,2,1,1,5,232 AVENUE DE PARIS,0.0,0.0
201300035803,14,4,2013,18,1,79,191,2,2,1,2,49 RUE FIEF D'AMOURETTES,0.0,0.0
201300035804,31,1,2013,12,1,79,191,2,1,1,2,270 AV. DE LA ROCHELLE,0.0,0.0
201300035805,21,4,2013,19,2,79,191,2,2,1,3,102 RUE DE CHOLETTE,0.0,0.0
201300035806,8,2,2013,12,1,79,191,2,1,2,6,8 RUE DE LA GARE,0.0,0.0
201300035807,30,5,2013,14,1,79,191,2,1,2,3,BOULEVARD RENE CASSIN,0.0,0.0
201300035808,5,6,2013,18,1,79,191,2,3,8,2,BD DE L'ATLANTIQUE,0.0,0.0
201300035809,15,6,2013,16,1,79,81,2,1,1,7,RUE DU PUITS DE LA VILLE,0.0,0.0
201300035810,23,2,2013,17,2,79,191,2,1,1,7,26 RUE MAZAGRAN,0.0,0.0
201300035811,25,2,2013,10,1,79,191,2,9,1,6,BOULEVARD MENDES FRANCE,0.0,0.0
201300035812,22,8,2013,13,1,79,191,2,3,1,3,158 ROUTE DE COULONGES,0.0,0.0
201300035813,20,9,2013,7,3,79,191,2,1,2,5,ROUTE DE COULONGES,0.0,0.0
201300035814,28,9,2013,21,5,79,191,2,1,1,3,27 RUE DE FLEURELLE,0.0,0.0
201300035815,24,3,2013,17,1,79,191,2,1,1,7,19 QUAI DE BELLE ILE,0.0,0.0
201300035816,17,4,2013,17,1,79,191,2,2,1,3,226 RUE DU MCHAL LECLERC,0.0,0.0
201300035817,19,11,2013,9,1,79,191,2,1,1,7,27 RUE DU 24 FEVRIER,0.0,0.0
201300035818,26,11,2013,17,2,79,191,2,3,8,3,302 ROUTE D'AIFFRES,0.0,0.0
201300035819,4,12,2013,0,3,79,191,1,1,1,7,ROUTE DE PARIS,0.0,0.0
201300035820,30,4,2013,17,1,79,191,2,1,1,7,12 RUE DES HERBILLAUX,0.0,0.0
201300035821,26,12,2013,23,5,79,191,2,2,1,3,AV DE LA VENISE VERTE,0.0,0.0
201300035822,29,12,2013,15,1,79,81,2,1,7,7,57 RUE DU TEMPLE,0.0,0.0
201300035823,24,5,2013,19,1,79,191,2,2,1,2,69 ROUTE DE COULONGES,0.0,0.0
201300035824,7,6,2013,15,1,79,191,2,1,8,4,118 AVENUE DE PARIS,0.0,0.0
201300035825,15,6,2013,10,1,79,191,2,1,8,5,BD GEORGES POMPIDOU,0.0,0.0
201300035826,24,6,2013,12,1,79,191,2,3,1,7,73 RUE DES SABLIERES,0.0,0.0
201300035827,26,6,2013,16,1,79,191,2,1,1,7,389 AVENUE DE PARIS,0.0,0.0
201300035828,10,8,2013,17,1,79,191,2,1,1,6,12 QUAI DE REGRATTERIE,0.0,0.0
201300035829,15,8,2013,10,1,79,191,2,1,1,6,CHEMIN DE MALBATI,0.0,0.0
201300035830,14,9,2013,12,1,79,191,2,1,2,7,35 RUE DE LA VERRERIE,0.0,0.0
201300035831,23,9,2013,9,1,79,191,2,1,1,7,27 AVENUE NANTES,0.0,0.0
201300035832,25,10,2013,19,5,79,191,2,1,2,2,430 AVENUE DE LIMOGES,0.0,0.0
201300035833,1,1,2013,9,1,79,300,2,1,8,6,5 RUE DES SOURCES,0.0,0.0
201300035834,8,1,2013,7,5,79,300,2,1,8,3,EMILE ZOLA (AVENUE),0.0,0.0
201300035835,10,1,2013,18,5,79,329,2,1,2,2,43 AVENUE VICTOR HUGO,0.0,0.0
201300035836,18,1,2013,8,5,79,329,2,1,4,7,158 AVENUE EMILE ZOLA,0.0,0.0
201300035837,2,2,2013,2,5,79,329,2,3,8,6,01 PLACE DES MALIGRETTES,0.0,0.0
201300035838,8,2,2013,12,1,79,329,2,1,2,7,BOULEVARD HELENSBURGH,0.0,0.0
201300035839,1,3,2013,17,1,79,329,2,3,1,3,42 RUE JULES MICHELET,0.0,0.0
201300035840,6,3,2013,16,1,79,329,2,6,2,3,1 BD JACQUES MENARD,0.0,0.0
201300035841,21,3,2013,17,1,79,329,1,1,2,6,51 RUE MAISON SECHE,0.0,0.0
201300035842,17,4,2013,13,1,79,259,1,1,1,7,ROUTE DE BRESSUIRE,0.0,0.0
201300035843,18,5,2013,18,1,79,329,2,3,3,6,83 AVENUE EMILE ZOLA,0.0,0.0
201300035844,25,5,2013,16,1,79,329,2,1,1,2,37 AVENUE EMILE ZOLA,0.0,0.0
201300035845,5,6,2013,10,1,79,329,2,1,1,3,11 RUE ERNEST PEROCHON,0.0,0.0
201300035846,13,6,2013,10,1,79,329,2,1,3,3,110 AVENUE EMILE ZOLA,0.0,0.0
201300035847,27,6,2013,20,1,79,329,2,1,1,6,1 AV DES MARTYRS ...,0.0,0.0
201300035848,30,6,2013,8,1,79,329,2,1,1,7,55 AV. VICTOR LECLERC,0.0,0.0
201300035849,12,7,2013,10,1,79,329,2,1,1,2,3 AVENUE EMILE ZOLA,0.0,0.0
201300035850,4,8,2013,18,1,79,329,2,1,1,7,23 RUE SAINT MEDARD,0.0,0.0
201300035851,20,8,2013,14,1,79,259,1,1,1,7,RUE DU PETITS BOURNAIS,0.0,0.0
201300035852,30,8,2013,12,1,79,329,2,1,1,6,RUE DU GRENIER A SEL,0.0,0.0
201300035853,2,9,2013,20,2,79,329,2,2,1,3,11 BD PIERRE CURIE,0.0,0.0
201300035854,5,9,2013,12,1,79,300,2,3,1,5,156 AVENUE EMILE ZOLA,0.0,0.0
201300035855,9,9,2013,11,1,79,329,2,1,1,2,85 RUE JULES GUESDE,0.0,0.0
201300035856,11,9,2013,23,3,79,259,1,6,8,7,ROUTE DE PARTHENAY,0.0,0.0
201300035857,3,10,2013,11,1,79,329,2,2,2,3,74 RUE JULES GUESDE,0.0,0.0
201300035858,10,10,2013,7,2,79,329,2,2,2,7,1 RUE DU PINEAU,0.0,0.0
201300035859,5,11,2013,12,2,79,329,2,6,2,3,,0.0,0.0
201300035860,6,11,2013,13,1,79,329,2,2,1,3,RP DU 19 MARS 1962,0.0,0.0
201300035861,28,11,2013,10,1,79,329,2,1,1,6,27 AVENUE EMILE ZOLA,0.0,0.0
201300035862,30,11,2013,14,1,79,259,1,2,1,3,,0.0,0.0
201300035863,10,12,2013,18,5,79,329,2,1,1,3,15 BOULEVARD BERGEON,0.0,0.0
201300035864,28,12,2013,17,3,79,329,2,1,8,6,10 RUE DE BRUXELLES,0.0,0.0
201300035865,18,12,2013,13,1,80,1,2,6,1,3,RUE JEAN JAURES,50.10406,1.82794
201300035866,12,2,2013,18,5,80,1,2,1,1,6,"124,BD DE LA REPUBLIQUE",0.0,0.0
201300035867,5,6,2013,20,1,80,1,2,1,1,3,"231,COTE DE LA JUSTICE",0.0,0.0
201300035868,25,2,2013,14,1,80,1,2,5,1,3,"124,A DU GENERAL LECLERC",0.0,0.0
201300035869,12,6,2013,12,1,80,1,2,1,1,6,"8, PRESIDENT VINCENT AUR",0.0,0.0
201300035870,7,7,2013,21,1,80,1,2,1,1,3,"180,BD DE LA REPUBLIQUE",0.0,0.0
201300035871,5,9,2013,9,1,80,1,2,1,7,6,"110,CHAUSSEE DE ROUVROY",0.0,0.0
201300035872,20,9,2013,8,1,80,1,2,2,7,3,"52,RUE VENTOSE",50.10264,1.86439
201300035873,23,9,2013,19,5,80,1,2,1,1,3,"54,BD DE LA REPUBLIQUE",0.0,0.0
201300035874,18,9,2013,16,1,80,1,2,3,1,3,"24, JEAN JAURES",50.1035,1.8262
201300035875,22,10,2013,13,1,80,1,2,2,1,3,AVENUE ROBERT SCHUMAN,50.10207,1.85809
201300035876,27,10,2013,18,5,80,1,2,1,1,6,"28, SAINT-GILLES",50.10272,1.83801
201300035877,4,1,2013,19,5,80,21,2,3,1,1,RUE ROBERT LE COQ,49.90064,2.26945
201300035878,3,1,2013,14,1,80,379,1,1,1,5,ROUTE DE ST QUENTIN,0.0,0.0
201300035879,1,1,2013,12,1,80,21,1,1,1,7,ROCADE NORD RN 1,0.0,0.0
201300035880,8,1,2013,18,5,80,21,2,3,1,3,RUE ANDRE CHENIER,49.8779,2.28934
201300035881,10,1,2013,8,2,80,21,2,1,1,2,"480,RUE SAINT MAURICE",49.9135,2.28117
201300035882,9,1,2013,13,1,80,131,2,1,2,6,MONTDIDIER (RUE DE),0.0,0.0
201300035883,11,1,2013,8,2,80,674,2,2,1,3,RUE THUILLIER DELAMBRE,49.90243,2.32268
201300035884,14,1,2013,16,1,80,21,2,3,2,6,BD DE SAINT QUENTIN,49.87929,2.29655
201300035885,16,1,2013,12,1,80,21,2,1,1,3,"114, QUAI DE LA SOMME",49.90159,2.28793
201300035886,16,1,2013,13,1,80,21,2,2,1,3,AVENUE DE LA PAIX,49.91162,2.30975
201300035887,16,1,2013,16,1,80,21,2,3,1,3,AVENUE GENERAL FOY,49.89242,2.28442
201300035888,20,1,2013,18,5,80,21,2,1,4,6,"4,RUE BALZAC",49.90979,2.31764
201300035889,17,1,2013,13,1,80,21,2,2,1,3,RUE ROGER ONFRAY,49.90317,2.31568
201300035890,25,1,2013,13,1,80,21,2,1,1,2,AVENUE ROGER DUMOULIN,0.0,0.0
201300035891,28,1,2013,11,1,80,21,2,1,1,2,"55,CHAUSSE JULES FERRY",49.88376,2.324
201300035892,29,1,2013,17,5,80,21,2,1,2,3,"85,RUE VULFRAN WARME",49.88653,2.30704
201300035893,2,2,2013,10,1,80,261,2,1,1,6,ROUTE D' AMIENS,49.86586,2.27795
201300035894,4,2,2013,18,5,80,21,2,2,1,3,RUE FLATTERS,49.89618,2.30007
201300035895,5,2,2013,17,1,80,21,2,1,1,4,"149,RUE DE ROUEN",49.8878,2.28522
201300035896,4,2,2013,18,5,80,21,2,1,1,3,"196,RUE FAUBOURG DE HEM",49.90251,2.27689
201300035897,6,2,2013,20,5,80,21,2,1,2,1,BOULEVARD DU PORT,49.89721,2.2895
201300035898,6,2,2013,7,1,80,21,2,3,1,3,RUE DU MOULIN,49.88586,2.28634
201300035899,8,2,2013,7,2,80,21,2,1,1,6,"18,RUE DE PRAGUE",49.8725,2.31909
201300035900,7,2,2013,18,5,80,632,2,4,1,3,ROUTE DE ROUEN,49.88036,2.25675
201300035901,12,2,2013,13,1,80,21,2,1,1,6,RUE ROGER MARTIN DU GARD,49.91552,2.30256
201300035902,15,2,2013,19,5,80,21,2,4,1,3,BOULEVARD FAIDHERBE,49.89651,2.28887
201300035903,15,2,2013,7,1,80,164,1,1,1,2,ROCADE NORD EST RN 25,0.0,0.0
201300035904,20,2,2013,12,1,80,21,2,6,1,3,"227,RUE D' ABBEVILLE",0.0,0.0
201300035905,20,2,2013,13,1,80,21,2,1,1,3,"356,RUE D' ABBEVILLE",0.0,0.0
201300035906,27,2,2013,16,1,80,21,2,2,1,3,RUE LUCIEN LECOINTE,49.9105,2.31518
201300035907,27,2,2013,13,1,80,21,2,2,1,3,RUE ROHAUT,49.88502,2.30947
201300035908,28,2,2013,13,1,80,489,2,1,1,3,"189, PHARE DU BOUT DU MO",49.86747,2.36277
201300035909,2,3,2013,16,1,80,21,2,1,1,4,"131,RUE SAINT FUSCIEN",49.88032,2.30493
201300035910,4,3,2013,16,1,80,21,2,1,1,6,BOULEVARD DE ROUBAIX,49.91635,2.30662
201300035911,4,3,2013,17,1,80,21,2,6,1,6,RUE SAINT FUSCIEN,49.87083,2.30707
201300035912,4,3,2013,18,1,80,21,2,2,1,3,RUE ANDRE CHENIER,49.87761,2.28637
201300035913,5,3,2013,19,5,80,21,2,1,1,6,"30,ROUTE DE PARIS",49.886,2.28793
201300035914,6,3,2013,9,1,80,164,1,1,1,7,ROCADE NORD EST RN 25,0.0,0.0
201300035915,4,3,2013,14,1,80,21,2,1,1,6,"10,RUE DES SERGENTS",49.89417,2.29919
201300035916,9,3,2013,0,5,80,21,2,2,1,6,BD ALSACE LORRAINE,49.89229,2.30771
201300035917,9,3,2013,23,5,80,21,2,1,1,6,"13,RUE DU GRAND MARAIS",49.91966,2.26897
201300035918,11,3,2013,9,1,80,21,2,1,4,2,"36,AVENUE ROGER DUMOULIN",0.0,0.0
201300035919,11,3,2013,17,1,80,21,2,1,1,4,"189,BD SAINT QUENTIN",49.8791,2.29999
201300035920,18,3,2013,21,5,80,21,2,2,2,3,RUE DE LA RESISTANCE,49.89788,2.29548
201300035921,17,3,2013,20,5,80,21,2,2,1,3,AV PIERRE MENDES FRANCE,49.90161,2.28413
201300035922,19,3,2013,9,1,80,21,2,2,1,3,"36,PLACE PARMENTIER",49.89536,2.30619
201300035923,24,3,2013,16,1,80,21,2,1,1,3,"216,RUE SAINT FUSCIEN",49.87807,2.30543
201300035924,26,3,2013,8,1,80,21,2,1,1,6,"37,BOULEVARD DE FEDERES",49.89549,2.28335
201300035925,28,3,2013,17,1,80,160,2,1,1,6,"60,RUE HENRI BARBUSSE",49.85869,2.3469
201300035926,28,3,2013,15,1,80,21,2,2,1,3,RUE DUFOUR,49.88537,2.29705
201300035927,2,4,2013,15,1,80,21,2,1,1,3,BOULEVARD DE ROUBAIX,49.91324,2.31264
201300035928,3,4,2013,11,1,80,21,2,1,1,3,AV GEORGES QUARANTE,49.91704,2.2573
201300035929,4,4,2013,18,1,80,21,2,2,1,6,RUE DES OTAGES,49.8897,2.30271
201300035930,7,4,2013,8,1,80,131,1,1,1,6,RD 934,0.0,0.0
201300035931,5,4,2013,16,1,80,21,1,1,1,6,AVENUE DE GRECE,49.86827,2.28135
201300035932,8,4,2013,17,1,80,21,2,1,1,6,"22,RUE MONTESQUIEU",49.90332,2.29538
201300035933,11,4,2013,22,5,80,21,2,1,1,6,"3,RUE LA BRUYERE",49.90928,2.31639
201300035934,12,4,2013,15,1,80,21,2,3,1,3,"225,RUE LUCIEN LECOINTE",49.90827,2.31223
201300035935,12,4,2013,14,1,80,21,2,1,1,3,"36,BOULEVARD DE BELFORT",49.88857,2.30399
201300035936,12,4,2013,12,1,80,21,2,1,1,3,"360,CHAUSSEE JULES FERRY",49.87914,2.3352
201300035937,15,4,2013,8,1,80,725,2,6,1,3,AVENUE LAENNEC,0.0,0.0
201300035938,16,4,2013,14,1,80,261,2,1,1,6,ROUTE D' AMIENS,49.86585,2.27795
201300035939,17,4,2013,4,5,80,21,2,1,2,3,"179,BD BEAUVILLE",49.89988,2.3132
201300035940,19,4,2013,0,5,80,21,2,6,1,6,BOULEVARD CARNOT,49.89316,2.28609
201300035941,17,4,2013,18,1,80,21,2,1,1,3,"248,CHAUSSEE JULES FERRY",49.88061,2.33175
201300035942,17,4,2013,16,1,80,21,1,2,1,3,RUE LUCIEN LECOINTE,49.91086,2.31575
201300035943,29,4,2013,23,5,80,725,2,1,1,1,AVENUE DES FACULTES,49.87306,2.264
201300035944,25,4,2013,18,1,80,489,2,2,1,3,"16,RUE GERARD PHILIPE",49.87077,2.3631
201300035945,22,4,2013,17,1,80,21,2,3,1,3,"98,RUE DU VIVIER",49.89432,2.3099
201300035946,18,4,2013,16,1,80,379,2,6,1,3,AVENUE PHILEAS FOGG,49.86286,2.37755
201300035947,24,4,2013,22,5,80,131,1,3,1,3,RD935,0.0,0.0
201300035948,2,5,2013,15,1,80,164,2,1,1,6,CAR AMBROISE CROIZAT,49.89972,2.34071
201300035949,4,5,2013,15,1,80,489,2,1,1,3,RUE PIERRE SEMART,49.86992,2.34855
201300035950,3,5,2013,18,1,80,21,2,1,1,4,"144, RUE JEAN MOULIN",49.87977,2.27544
201300035951,3,5,2013,8,1,80,21,2,3,1,3,AVENUE D' IRLANDE,49.87083,2.29512
201300035952,6,5,2013,17,1,80,21,2,1,1,2,"515, AV 14 JUILLET 1789",49.87344,2.28112
201300035953,12,5,2013,12,1,80,21,2,3,1,3,RUE CESAR FRANCK,49.91239,2.30983
201300035954,10,5,2013,11,1,80,21,2,3,1,3,RUE DES BONNARDS,49.90149,2.30649
201300035955,10,5,2013,12,1,80,21,1,1,2,1,,0.0,0.0
201300035956,14,5,2013,16,1,80,21,2,1,1,6,"2,PORT D' AMONT",49.89535,2.30632
201300035957,20,5,2013,14,1,80,489,2,6,2,3,AV DE LA VILLE IDEALE,49.86799,2.37336
201300035958,16,5,2013,16,1,80,164,2,3,3,3,RUE AMBROISE CROIZAT,0.0,0.0
201300035959,17,5,2013,13,1,80,674,2,1,1,7,"121, THUILLIER DELAMBRE",49.9019,2.32698
201300035960,22,5,2013,16,1,80,21,2,1,1,6,"30,RUE VANMARCKE",49.89623,2.30293
201300035961,22,5,2013,18,1,80,21,2,1,1,6,"57,BLD DE PONT NOYELLES",49.88462,2.32132
201300035962,24,5,2013,11,1,80,21,2,1,2,2,"3,CHAUSSEE SAINT PIERRE",49.9021,2.30029
201300035963,24,5,2013,16,1,80,21,2,1,1,3,"380,RUE D' ABBEVILLE",0.0,0.0
201300035964,27,5,2013,16,1,80,489,2,3,1,3,"115,RUE JEAN JAURES",49.86802,2.35539
201300035965,2,6,2013,20,1,80,21,1,1,1,6,ROCADE NORD RN 1,0.0,0.0
201300035966,31,5,2013,8,1,80,21,2,2,1,6,"161,BOULEVARD DE BAPAUME",49.88086,2.3134
201300035967,3,6,2013,17,1,80,21,2,1,1,2,"1,ALLEE DE COTE D'AZUR",49.91457,2.25605
201300035968,4,6,2013,12,1,80,21,2,1,1,3,"4,AVENUE JULES VALLES",49.91576,2.24808
201300035969,6,6,2013,19,1,80,21,2,1,2,6,"1,BOULEVARD DE BELFORT",49.8892,2.30528
201300035970,6,6,2013,7,1,80,21,2,1,1,2,"4,RUE DE ILE DE FRANCE",49.91236,2.24547
201300035971,8,6,2013,22,1,80,21,1,1,1,7,ROCADE NORD RN 1,0.0,0.0
201300035972,8,6,2013,0,5,80,379,2,1,1,5,AVENUE ETOILE DU SUD,49.86543,2.39119
201300035973,7,6,2013,17,1,80,261,2,1,1,4,RD 1001,0.0,0.0
201300035974,10,6,2013,16,1,80,21,2,3,1,6,RUE ELSA TRIOLET,49.87029,2.32731
201300035975,10,6,2013,8,1,80,21,2,3,1,3,RUE SAINT LEU,49.8962,2.30008
201300035976,11,6,2013,16,1,80,21,2,1,1,6,BOULEVARD DE BAPAUME,49.88026,2.31111
201300035977,11,6,2013,9,1,80,21,2,1,1,2,ESPL EDOUARD BRANLY,49.89015,2.29018
201300035978,14,6,2013,10,1,80,21,2,3,1,3,RUE FLORIMONT  LEROUX,49.89644,2.29287
201300035979,14,6,2013,13,1,80,21,1,1,1,2,"00, BRETELLE ACCES ROCAD",0.0,0.0
201300035980,17,6,2013,10,1,80,131,1,2,2,2,RD 934,0.0,0.0
201300035981,19,6,2013,18,1,80,131,1,2,1,3,RD 934,0.0,0.0
201300035982,20,6,2013,22,3,80,164,1,1,1,1,ROUTE CORBIE,49.90127,2.35249
201300035983,20,6,2013,6,1,80,21,2,2,1,3,"RUE, LEMERCHIER",49.8865,2.29968
201300035984,22,6,2013,8,1,80,21,2,1,1,1,RUE GENERAL LECLERC,49.89504,2.2934
201300035985,23,6,2013,0,5,80,21,2,1,1,3,"20,PLACE PARMENTIER",49.89549,2.30556
201300035986,25,6,2013,20,1,80,21,2,6,1,2,CAR GEORGES CLEMENCEAU,49.90737,2.30212
201300035987,25,6,2013,13,1,80,21,2,1,1,6,"151,CHAUSSE SAINT PIERRE",49.9036,2.30688
201300035988,27,6,2013,16,1,80,21,2,1,1,3,"63, RENE ET MARCELLE SOB",49.88092,2.33581
201300035989,3,7,2013,14,1,80,21,2,1,8,3,RUE DE CAGNY,49.88239,2.31883
201300035990,4,7,2013,9,1,80,21,2,1,1,2,"81,BOULEVARD DU CANGE",49.89822,2.30569
201300035991,4,7,2013,11,1,80,724,1,2,1,3,RD 210,0.0,0.0
201300035992,5,7,2013,10,1,80,21,2,1,1,4,"342,RUE SAINT MAURICE",49.90859,2.28466
201300035993,8,7,2013,16,1,80,256,2,1,1,3,"314,AV.  LOUIS PASTEUR",0.0,0.0
201300035994,8,7,2013,17,1,80,489,2,1,7,3,"14 BIS, AV PAUL BAROUX",49.87484,2.35407
201300035995,12,7,2013,21,5,80,21,2,1,1,6,"189,RUE JEAN MOULIN",49.87845,2.27253
201300035996,10,7,2013,14,1,80,21,2,6,1,3,"417,RUE D' ABBEVILLE",0.0,0.0
201300035997,11,7,2013,5,1,80,21,2,1,1,6,RUE FRANKLIN ROOSEVELT,49.90984,2.29778
201300035998,11,7,2013,19,1,80,21,2,1,1,3,"80,AV. DEFENSE PASSIVE",49.90838,2.32392
201300035999,12,7,2013,12,1,80,21,2,1,1,3,"25, VOGEL (PLACE)",49.89763,2.29649
201300036000,14,7,2013,19,1,80,21,2,6,1,3,RUE FAUBOURG DE HEM,0.0,0.0
201300036001,17,7,2013,12,1,80,21,2,1,1,2,PORT D' AVAL,49.89845,2.29273
201300036002,20,7,2013,11,1,80,21,2,3,1,3,RUE FRANKLIN ROOSEVELT,49.91042,2.29687
201300036003,20,7,2013,16,1,80,261,2,1,1,2,ZONE COMMERCIALE AUCHAN,49.86191,2.27785
201300036004,20,7,2013,20,1,80,21,2,1,1,6,"130,RUE DE PARIS",49.88679,2.28847
201300036005,20,7,2013,17,1,80,21,2,2,1,3,BD BEAUVILLE,49.90318,2.3155
201300036006,22,7,2013,18,1,80,21,2,1,1,6,"10,PLACE MARECHAL JOFFRE",49.8874,2.3031
201300036007,22,7,2013,17,1,80,21,2,1,1,2,"28,RUE EMILE FRANCFORT",49.89695,2.2638
201300036008,1,8,2013,1,5,80,21,2,1,1,6,"14,RUE SAGEBIEN",49.87932,2.29075
201300036009,29,7,2013,13,1,80,261,2,1,1,3,ZONE COMMERCIALE AUCHAN,49.86191,2.27785
201300036010,8,8,2013,20,1,80,21,2,1,1,1,"01,RUE LEON DUPONTREUE",49.90403,2.30852
201300036011,8,8,2013,19,1,80,489,2,1,1,6,"07, LEO FERRE",49.87142,2.36472
201300036012,13,8,2013,12,1,80,164,1,1,1,6,ROUTE CORBIE,0.0,0.0
201300036013,10,8,2013,1,5,80,21,2,1,1,6,"55,RUE VANMARCKE",49.89603,2.30366
201300036014,9,8,2013,14,1,80,21,2,2,1,3,PLACE VOGEL,49.89792,2.29537
201300036015,14,8,2013,20,1,80,21,2,1,1,6,"626,RUE D' ABBEVILLE",0.0,0.0
201300036016,20,8,2013,18,1,80,21,2,1,1,3,RUE POINTIN,49.88551,2.31168
201300036017,19,8,2013,9,1,80,21,1,1,1,6,ROCADE NORD RN 1,0.0,0.0
201300036018,22,8,2013,8,1,80,21,2,1,1,2,BD SAINT QUENTIN,49.87908,2.30072
201300036019,23,8,2013,21,3,80,724,1,2,1,3,"00, RD 210",0.0,0.0
201300036020,25,8,2013,15,1,80,21,2,2,2,3,R RICHARD DE FOURNIVAL,49.88316,2.31521
201300036021,28,8,2013,10,1,80,164,2,1,1,2,ROCADE NORD EST RN 25,0.0,0.0
201300036022,27,8,2013,14,1,80,21,2,3,1,3,BD MAIGNAN LARIVIERE,49.89032,2.29089
201300036023,31,8,2013,19,1,80,21,2,3,1,3,PLACE LEON DEBOUVERIE,49.89452,2.29573
201300036024,29,8,2013,17,1,80,21,2,1,1,3,ROCADE NORD RN 1,0.0,0.0
201300036025,2,9,2013,8,1,80,21,2,6,1,3,AV. PIERRE MENDES FRANCE,49.89871,2.29024
201300036026,3,9,2013,8,1,80,21,2,1,1,2,"661,RUE D' ABBEVILLE",0.0,0.0
201300036027,3,9,2013,19,2,80,21,2,1,1,2,BD ALSACE LORRAINE,49.89449,2.30938
201300036028,2,9,2013,14,1,80,21,2,1,1,2,RUE PIERRE ROLLIN,49.87745,2.31256
201300036029,2,9,2013,8,1,80,21,2,1,1,3,RUE FRANKLIN ROOSEVELT,49.91545,2.29434
201300036030,5,9,2013,13,1,80,21,2,1,1,3,"502, AV. 14 JUILLET 1789",49.87939,2.28345