Num_Acc,jour,mois,an,hr,condition_eclairage,departement,commune,condition_agglomeration,intersection,condition_atmosphere,type_collision,adresse,lattitude,longitude
201300036031,4,9,2013,19,1,80,489,2,1,1,3,RUE DE CAMON,49.87653,2.35148
201300036032,6,9,2013,15,1,80,21,2,1,3,3,AV DE LA DEFENSE PASSIVE,49.90708,2.31923
201300036033,8,9,2013,12,1,80,21,2,1,1,1,CHAUSSEE SAINT PIERRE,49.90257,2.3027
201300036034,10,9,2013,17,1,80,21,1,1,1,7,ROUTE DE RAINNEVILLE,0.0,0.0
201300036035,9,9,2013,14,1,80,489,2,1,1,6,"69,RUE VICTOR CAMELINAT",49.86999,2.35535
201300036036,11,9,2013,18,1,80,21,2,1,1,3,"131,RUE ALEXANDRE DUMAS",49.8748,2.28576
201300036037,14,9,2013,5,5,80,21,2,1,2,6,"1,AVENUE PAUL CLAUDEL",49.87526,2.27866
201300036038,13,9,2013,16,1,80,21,2,1,1,6,"1, RUE CHAUVELIN",49.89687,2.28229
201300036039,15,9,2013,13,1,80,21,2,1,1,1,"43,ALLEE DELPHINIUM",49.87608,2.27572
201300036040,19,9,2013,21,5,80,21,2,1,1,6,"1,RUE PRESIDENT KENNEDY",49.90655,2.30295
201300036041,18,9,2013,14,1,80,21,2,6,1,2,"478,RUE D' ABBEVILLE",0.0,0.0
201300036042,17,9,2013,14,1,80,379,2,6,1,3,ROUTE DE ST QUENTIN,0.0,0.0
201300036043,19,9,2013,7,1,80,21,2,1,1,3,BOULEVARD DE BELFORT,49.88859,2.30306
201300036044,20,9,2013,20,3,80,21,1,1,1,2,RAINNEVILLE CD11  (ROUTE,0.0,0.0
201300036045,20,9,2013,7,1,80,21,2,1,1,3,"7, BD DE BEAUVILLE",49.89573,2.30999
201300036046,20,9,2013,9,1,80,21,2,6,1,3,RUE VANMARCKE,49.89672,2.30042
201300036047,27,9,2013,9,1,80,674,1,1,1,5,RN 25,0.0,0.0
201300036048,27,9,2013,14,1,80,21,2,1,1,6,"39,RUE DE QUEBEC",49.87042,2.33162
201300036049,29,9,2013,17,1,80,21,1,1,1,7,ROUTE DE RAINNEVILLE,0.0,0.0
201300036050,30,9,2013,16,1,80,21,2,3,1,3,RUE WINSTON CHURCHILL,49.90851,2.30446
201300036051,30,9,2013,22,5,80,21,2,1,1,6,"50,RUE ELOI MOREL",49.90183,2.30478
201300036052,26,9,2013,14,1,80,21,2,1,1,3,"449,RUE DE  VERDUN",49.89092,2.32468
201300036053,27,9,2013,20,2,80,21,2,1,1,6,RUE D' AUSTRALIE,49.90484,2.27346
201300036054,2,10,2013,15,1,80,21,2,1,1,3,"81,AV. DEFENSE PASSIVE",49.9081,2.32281
201300036055,7,10,2013,17,1,80,21,2,6,1,2,"10,RUE DE PRAGUE",49.87259,2.31901
201300036056,7,10,2013,8,2,80,21,2,1,5,3,"7,RUE DE PARIS",49.88883,2.28991
201300036057,10,10,2013,18,2,80,21,2,2,1,3,RUE VATABLE,49.88467,2.31953
201300036058,8,10,2013,8,1,80,21,2,1,5,4,"168,RUE ROBERT LE COQ",49.90046,2.26915
201300036059,8,10,2013,9,1,80,21,2,5,1,3,BD CHATEAUDUN,49.88387,2.28245
201300036060,8,10,2013,16,1,80,21,2,1,1,6,PLACE RENE GOBLET,49.89153,2.30264
201300036061,9,10,2013,8,1,80,21,2,1,1,2,RUE ALEXANDRE DUMAS,49.87076,2.30862
201300036062,9,10,2013,7,2,80,21,2,1,1,6,"3,RUE D' ABBEVILLE",0.0,0.0
201300036063,8,10,2013,9,1,80,21,2,1,5,6,"10,RUE MARIVAUX",49.91401,2.32428
201300036064,14,10,2013,18,5,80,21,2,1,2,2,RUE DE LA RESISTANCE,49.89794,2.29549
201300036065,22,10,2013,19,5,80,21,2,1,2,6,BD ALSACE LORRAINE,49.89451,2.30929
201300036066,22,10,2013,12,1,80,21,2,1,1,2,"43,RUE ALEXANDRE DUMAS",49.87119,2.30099
201300036067,24,10,2013,18,1,80,21,2,1,1,6,"41,ALLEE DU DELPHINIUM",49.87578,2.27526
201300036068,25,10,2013,11,1,80,21,2,1,1,2,"5,PLACE MARECHAL FOCH",49.89371,2.28434
201300036069,5,11,2013,11,1,80,21,2,1,1,6,"57,BD PONT NOYELLES",49.88337,2.31996
201300036070,25,10,2013,18,5,80,21,2,5,2,6,BOULEVARD CHATEAUDUN,49.88171,2.28493
201300036071,2,11,2013,11,1,80,379,1,1,1,6,,0.0,0.0
201300036072,4,11,2013,12,1,80,21,2,1,2,2,RUE GEORGES BEAUVAIS,49.87776,2.28775
201300036073,6,11,2013,6,5,80,21,2,2,1,3,"3, ROYAL TANKS (CARREFOU",0.0,0.0
201300036074,8,11,2013,22,3,80,21,1,1,2,6,RUE DE SAVEUSE,0.0,0.0
201300036075,7,11,2013,17,5,80,21,2,1,3,6,"437,RUE DE CAGNY",49.87688,2.32696
201300036076,12,11,2013,17,5,80,21,2,1,2,3,"76,AV DU GENERAL FOY",49.89128,2.28327
201300036077,12,11,2013,16,2,80,21,2,1,2,4,"39,RUE GUTENBERG",49.91622,2.2767
201300036078,7,11,2013,12,1,80,21,2,1,2,6,"4,ALLEE PIERRE ROLLIN",49.87603,2.31307
201300036079,6,11,2013,19,5,80,21,2,1,1,6,"23,BD MAIGNAN LARIVIERE",49.88926,2.2939
201300036080,12,11,2013,19,1,80,21,2,1,1,6,"7,BD ALSACE LORRAINE",49.8917,2.30703
201300036081,13,11,2013,16,1,80,21,2,1,1,6,"40,RUE VICTOR HUGO",49.89309,2.3024
201300036082,13,11,2013,20,5,80,21,2,1,1,6,"7,RUE FENELON",49.91441,2.32074
201300036083,20,11,2013,7,1,80,21,2,1,1,6,"60,AVENUE LOUIS BLANC",49.90206,2.27256
201300036084,13,11,2013,16,1,80,21,2,1,1,6,"3, BD DE BELFORT",49.8893,2.30546
201300036085,15,11,2013,9,1,80,21,2,1,1,4,"146,RUE JEAN MOULIN",49.87971,2.27532
201300036086,21,11,2013,17,5,80,21,2,1,1,6,"360,RUE D' ABBEVILLE",0.0,0.0
201300036087,15,11,2013,15,1,80,21,2,1,1,6,PLACE DE GORLITZ,49.87163,2.31925
201300036088,18,11,2013,15,1,80,21,2,1,1,2,"101,AV. ROGER DUMOULIN",0.0,0.0
201300036089,22,11,2013,9,1,80,21,2,1,1,4,"518, QUATORZE JUILLET 17",49.87771,2.28278
201300036090,23,11,2013,21,5,80,21,2,1,1,3,AV QUATORZE JUILLET 1789,49.8773,2.28273
201300036091,26,11,2013,16,1,80,21,2,1,8,6,"384,RUE SAINT FUSCIEN",49.87406,2.30653
201300036092,25,11,2013,8,1,80,21,2,2,1,6,MAIL ALBERT 1ER,49.88855,2.30299
201300036093,1,12,2013,0,4,80,21,1,1,2,6,RN 1,0.0,0.0
201300036094,2,12,2013,8,2,80,21,2,1,1,6,"6,BOULEVARD CARNOT",49.89061,2.29028
201300036095,30,11,2013,15,1,80,379,2,1,1,2,ROUTE DE ST QUENTIN,0.0,0.0
201300036096,30,11,2013,17,5,80,21,2,1,1,3,63 AVENUE ROGER DUMOULIN,0.0,0.0
201300036097,4,12,2013,19,5,80,21,2,6,2,3,AV. 14 JUILLET 1789,49.87548,2.28212
201300036098,7,12,2013,10,1,80,21,2,1,1,3,RUE LE GRECO,49.92403,2.30313
201300036099,7,12,2013,14,1,80,725,2,2,1,3,AVENUE DES FACULTES,49.87068,2.26216
201300036100,10,12,2013,12,1,80,21,2,1,1,2,RUE CHARLES DE FOUCAULD,49.88922,2.30566
201300036101,11,12,2013,16,1,80,21,2,1,1,1,"75,RUE ROBERT LE COQ",49.90046,2.26913
201300036102,11,12,2013,13,1,80,21,2,1,1,3,RUE D' AUSTRALIE,49.90492,2.27347
201300036103,11,12,2013,15,1,80,21,2,1,1,2,RUE PIERRE ROLLIN,49.87665,2.31308
201300036104,9,12,2013,17,3,80,21,2,1,1,6,"199,CHAUSSEE JULES FERRY",49.88154,2.32953
201300036105,12,12,2013,17,3,80,21,2,1,1,6,"1,RUE CONDORCET",49.8766,2.32614
201300036106,13,12,2013,8,5,80,21,2,2,1,6,AV. PIERRE MENDES FRANCE,49.9016,2.28416
201300036107,16,12,2013,10,1,80,21,2,1,1,3,BOULEVARD DE FEDERES,49.89695,2.28272
201300036108,16,12,2013,14,1,80,256,2,1,1,2,"592,AVENUE LOUIS PASTEUR",0.0,0.0
201300036109,16,12,2013,18,5,80,725,2,1,1,3,"14,AVENUE JEAN JAURES",49.86845,2.24121
201300036110,13,12,2013,8,1,80,730,1,1,5,1,,0.0,0.0
201300036111,18,12,2013,16,2,80,21,2,1,1,1,"69,RUE DE VIGNACOURT",49.90567,2.28953
201300036112,23,12,2013,23,5,80,21,2,1,1,3,"2, RUE DU GRAND MARAIS",49.91965,2.26897
201300036113,21,12,2013,18,5,80,489,2,1,1,6,RUE PASTEUR,49.86766,2.3524
201300036114,20,12,2013,8,1,80,21,2,1,1,2,"4,RUE JEAN CATELAS",49.89444,2.29237
201300036115,25,12,2013,3,5,80,21,2,1,1,6,"72,RUE JULES BARNI",49.88737,2.31503
201300036116,24,12,2013,18,5,80,21,2,1,2,6,PLACE VOGEL,49.8979,2.29544
201300036117,29,12,2013,17,5,80,21,2,1,1,2,AVENUE DE L' EUROPE,49.91593,2.30307
201300036118,27,12,2013,19,5,80,21,2,1,2,6,"1,RUE WATTEAU",49.91362,2.30162
201300036119,27,12,2013,15,1,80,21,2,1,2,6,"89,RUE SAINT MAURICE",49.90444,2.2879
201300036120,9,3,2013,13,1,81,4,2,1,1,3,THOMAS (AV ALBERT),43.9504,2.15345
201300036121,30,5,2013,11,1,81,4,2,1,8,1,THOMAS (AV ALBERT),0.0,0.0
201300036122,7,6,2013,10,1,81,4,2,1,1,3,CORDES (RTE DE),0.0,0.0
201300036123,23,6,2013,17,1,81,18,2,1,1,7,30 route de la Longagne,0.0,0.0
201300036124,7,7,2013,8,1,81,4,2,1,1,6,CARNOT (BD),0.0,0.0
201300036125,24,7,2013,10,1,81,18,1,1,1,1,FOUN DEL BAYLE ( ROUTE D,0.0,0.0
201300036126,11,10,2013,11,1,81,4,2,9,1,6,BRUS (ET IMP DES),0.0,0.0
201300036127,22,11,2013,15,1,81,4,1,1,2,6,CORDES (RTE DE),0.0,0.0
201300036128,29,11,2013,8,1,81,4,2,1,1,6,RINALDI,0.0,0.0
201300036129,20,8,2013,9,1,81,60,2,1,1,6,", GAMBETTA  ( PLACE )",0.0,0.0
201300036130,30,10,2013,16,1,81,60,2,1,1,7,"5, NECKARSULM (AV. DE)",0.0,0.0
201300036131,2,12,2013,18,1,81,60,2,2,1,3,VENTE ( CHEMIN DE LA ),0.0,0.0
201300036132,13,12,2013,18,5,81,60,2,1,1,6,NECKARSULM (AV. DE),0.0,0.0
201300036133,23,1,2013,21,3,81,65,1,3,2,3,LAVAUR RD 112 (RTE DE),43.6154,2.18202
201300036134,23,1,2013,22,5,81,65,2,1,2,7,"12, LACGER (RUE CHANOINE",0.0,0.0
201300036135,17,2,2013,9,1,81,65,2,3,1,2,"67, SICARDENS BAS (CR 63",43.6212,2.22305
201300036136,28,3,2013,17,1,81,65,1,3,1,3,ALBI (RD612 - RTE D'),43.6592,2.22102
201300036137,1,6,2013,2,5,81,65,2,1,1,7,"34, GIRAUD (BD GENERAL)",0.0,0.0
201300036138,19,7,2013,12,1,81,65,1,1,1,2,ROCADE SUD (ROC),0.0,0.0
201300036139,3,8,2013,16,1,81,65,2,3,1,3,LAVAUR RD 112 (AVENUE DE,0.0,0.0
201300036140,8,9,2013,7,2,81,65,2,2,1,3,ALSACE LORRAINE (PLACE),0.0,0.0
201300036141,5,2,2013,17,2,81,21,2,2,2,3,RUE DE LA FR?GATE,43.5026,2.36581
201300036142,18,2,2013,8,1,81,163,2,3,1,6,RUE PAUL BRENAC,43.4902,2.37546
201300036143,21,2,2013,19,5,81,163,2,1,1,6,"XXX, FOCH",0.0,0.0
201300036144,12,5,2013,17,1,81,163,2,1,1,6,JUIN (MARECHAL),0.0,0.0
201300036145,15,6,2013,18,1,81,21,2,1,1,7,THORE,0.0,0.0
201300036146,17,7,2013,20,1,81,163,1,1,1,7,"XXX, MONTAGNES (LAC DES)",0.0,0.0
201300036147,1,7,2013,19,1,81,21,2,1,1,2,"XXX, CD 612",0.0,0.0
201300036148,4,8,2013,17,1,81,163,2,2,1,3,"xxx, GUYNEMER (GEORGES)",0.0,0.0
201300036149,1,10,2013,12,1,81,163,2,1,1,6,"06, FOCH",0.0,0.0
201300036150,27,10,2013,10,1,81,21,2,1,1,6,"xxx, PREMIERE ARMEE FRAN",0.0,0.0
201300036151,30,10,2013,18,5,81,163,2,1,1,2,"10, MERMOZ (JEAN)",0.0,0.0
201300036152,22,11,2013,17,5,81,163,2,1,3,6,"xxx, GALIBERT-FERRET",0.0,0.0
201300036153,6,12,2013,18,2,81,163,2,1,2,6,RICHARDE,0.0,0.0
201300036154,24,1,2013,8,1,82,33,2,7,1,3,"0, DE GAULE (du G?n?ral)",0.0,0.0
201300036155,1,2,2013,1,3,82,33,2,1,1,6,"2955, RN 113",0.0,0.0
201300036156,22,2,2013,17,1,82,33,1,1,1,1,"0, CD 72",44.0869,1.1356
201300036157,20,4,2013,19,1,82,33,2,1,1,2,COURBIEU NORD OUEST,0.0,0.0
201300036158,25,4,2013,11,1,82,33,1,1,1,3,"1953, VC 01",0.0,0.0
201300036159,13,6,2013,1,3,82,33,1,1,1,2,RN 113,0.0,0.0
201300036160,3,7,2013,1,5,82,33,2,1,1,6,RIOU TORD (le),0.0,0.0
201300036161,5,8,2013,16,1,82,33,2,3,1,5,LECLERC (du Mar?chal),0.0,0.0
201300036162,7,8,2013,17,1,82,33,1,4,1,3,CARREL,0.0,0.0
201300036163,17,10,2013,13,1,82,33,1,1,1,1,CD 12,0.0,0.0
201300036164,30,10,2013,15,1,82,33,1,1,1,3,POMMES,0.0,0.0
201300036165,12,11,2013,18,3,82,33,1,1,8,4,"3731, CD 958",0.0,0.0
201300036166,14,1,2013,11,1,82,121,2,6,1,3,"NC, giratoire Dompeyre",44.0272,1.34443
201300036167,9,1,2013,9,1,82,121,1,1,1,5,"1051, ROUTE DE CASTELSAR",44.0163,1.30895
201300036168,18,1,2013,19,5,82,121,2,6,2,3,"NC, GIRATOIRE CAF",44.019,1.35964
201300036169,22,1,2013,14,1,82,121,2,1,1,3,"17, GAMBETTA (AVENUE)",0.0,0.0
201300036170,20,1,2013,2,4,82,121,2,2,1,3,"NC, CLADEL (RUE LEON)",44.0223,1.35558
201300036171,1,1,2013,16,1,82,121,1,1,1,7,"NC, SAINT-NAUPHARY D 999",43.998,1.38102
201300036172,18,1,2013,8,2,82,121,2,2,1,6,"570, RAMIEROU (RUE DU)",43.9905,1.39155
201300036173,30,1,2013,19,3,82,121,1,1,1,5,A 20 ECHANGEUR 61 Z.I. N,0.0,0.0
201300036174,5,2,2013,18,2,82,121,2,6,2,3,"NC, BICENTENAIRE ( carre",0.0,0.0
201300036175,6,2,2013,15,1,82,121,2,2,1,3,"NC, LAMOTHE (CHEMIN DE)",0.0,0.0
201300036176,6,2,2013,21,5,82,121,2,3,1,3,"NC, ARDUS (AVENUE D')",0.0,0.0
201300036177,18,2,2013,10,1,82,121,1,1,1,1,"1350, SAINT-ETIENNE DE T",0.0,0.0
201300036178,19,2,2013,19,5,82,121,2,2,1,3,"NC, ABBAYE (RUE DE L')",0.0,0.0
201300036179,11,3,2013,12,1,82,121,1,3,7,3,"NC, VIGNARNAUD (ROUTE DE",0.0,0.0
201300036180,15,3,2013,11,1,82,121,2,3,1,6,"2, GAMBETTA (AVENUE)",0.0,0.0
201300036181,20,3,2013,21,5,82,121,2,1,1,3,"nc, ABBAYE (RUE DE L')",0.0,0.0
201300036182,25,3,2013,22,5,82,121,2,1,1,2,VIEUX (PONT),0.0,0.0
201300036183,30,3,2013,17,1,82,121,1,1,7,6,"614, ROUTE DE CASTELSARR",44.0155,1.31343
201300036184,31,3,2013,20,1,82,121,1,1,1,6,"1365, ALBEFEUILLE D 72 (",44.0273,1.31479
201300036185,28,3,2013,13,1,82,121,2,3,2,7,"nc, ALLENDE (RUE DU PRES",44.0236,1.36189
201300036186,19,5,2013,17,1,82,121,2,2,1,3,"NC, FONNEUVE (AVENUE DE)",0.0,0.0
201300036187,25,6,2013,16,1,82,121,1,1,7,1,"1435, VITARELLE (ROUTE D",0.0,0.0
201300036188,28,6,2013,3,5,82,121,2,1,1,6,"100, NEGREPELISSE (AVENU",0.0,0.0
201300036189,9,7,2013,15,1,82,121,1,1,1,1,"NC, FAU (ROUTE DU)",0.0,0.0
201300036190,17,7,2013,8,1,82,121,1,1,1,2,"485, SAINT-NAUPHARY D 99",0.0,0.0
201300036191,17,7,2013,10,1,82,121,2,1,1,6,", 11EME REGIMENT D'INFAN",0.0,0.0
201300036192,11,8,2013,3,3,82,121,1,1,1,7,"NC, VITARELLE (ROUTE DE",0.0,0.0
201300036193,13,8,2013,9,1,82,121,2,2,1,6,"14, all?e de l'empereur",0.0,0.0
201300036194,14,8,2013,18,1,82,121,1,9,1,2,AUTOROUTE A 20,0.0,0.0
201300036195,14,8,2013,20,1,82,121,2,1,7,6,"42, 10EME DRAGONS (AVENU",0.0,0.0
201300036196,16,8,2013,11,1,82,121,2,1,1,6,"46, 11EME REGIMENT D'INF",0.0,0.0
201300036197,23,8,2013,9,1,82,121,2,1,1,3,"15, ALLENDE (RUE DU PRES",0.0,0.0
201300036198,27,8,2013,17,1,82,121,2,2,1,3,"NC, FONNEUVE (AVENUE DE)",0.0,0.0
201300036199,28,8,2013,18,1,82,121,2,1,1,3,"970, TOULOUSE (AVENUE DE",0.0,0.0
201300036200,3,9,2013,8,1,82,121,2,2,1,6,"26, VOLTAIRE (RUE)",0.0,0.0
201300036201,3,9,2013,19,1,82,121,2,1,1,6,"84, LAFON (RUE DU PASTEU",0.0,0.0
201300036202,4,9,2013,14,1,82,121,2,4,1,1,"NC, SAPIAC (PONT)",0.0,0.0
201300036203,11,9,2013,15,1,82,121,2,1,1,6,"750, DOUMERC (BOULEVARD",0.0,0.0
201300036204,25,9,2013,10,1,82,121,2,2,7,3,"NC, GUIBERT (PLACE)",0.0,0.0
201300036205,26,9,2013,9,1,82,121,2,3,1,3,"NC, ALLENDE (RUE DU PRES",0.0,0.0
201300036206,30,9,2013,17,1,82,121,2,7,1,3,"1, MONTMURAT (QUAI DE)",0.0,0.0
201300036207,2,10,2013,14,1,82,121,2,3,1,3,"NC, NEGREPELISSE (AVENUE",0.0,0.0
201300036208,2,10,2013,17,1,82,121,2,1,1,1,"267, MONTECH (AVENUE DE)",0.0,0.0
201300036209,4,10,2013,9,1,82,121,2,6,3,7,"nc, TASSIGNY ( rond poin",0.0,0.0
201300036210,5,10,2013,13,1,82,121,1,1,1,1,"1650, FAU (ROUTE DU)",0.0,0.0
201300036211,7,10,2013,8,1,82,121,1,1,1,2,SAINT-ETIENNE DE TULMONT,0.0,0.0
201300036212,13,10,2013,17,1,82,121,2,1,1,3,"NC, CHANTILLY (BOULEVARD",0.0,0.0
201300036213,14,10,2013,17,1,82,121,1,1,1,6,"1522, CHAUBART (CHEMIN D",0.0,0.0
201300036214,19,10,2013,5,5,82,121,2,1,1,6,"8, MONTMURAT (QUAI DE)",0.0,0.0
201300036215,17,10,2013,18,1,82,121,1,3,1,7,CHAMPFLEURY (CHEMIN DE),0.0,0.0
201300036216,26,10,2013,15,1,82,121,2,1,1,6,"74, GAMBETTA (AVENUE)",0.0,0.0
201300036217,30,10,2013,18,5,82,121,2,1,1,3,"970, DUNANT (AVENUE HENR",0.0,0.0
201300036218,12,11,2013,13,1,82,121,1,1,1,1,"1500, LEOJAC D 70 (ROUTE",0.0,0.0
201300036219,18,11,2013,22,4,82,121,2,2,1,3,ROUTE DE CASTELSARRASIN,0.0,0.0
201300036220,31,10,2013,17,2,82,121,2,1,1,6,"10, GARRISSON (BOULEVARD",0.0,0.0
201300036221,20,11,2013,7,5,82,121,2,1,1,3,"0, CHAMIER (AVENUE)",0.0,0.0
201300036222,27,11,2013,22,5,82,121,2,1,1,3,"nc, TOULOUSE (AVENUE DE)",0.0,0.0
201300036223,28,11,2013,23,3,82,121,1,1,1,6,"4370, AUCH (ROUTE D')",0.0,0.0
201300036224,28,11,2013,9,1,82,121,1,3,1,3,"NC, MARGUE (CHEMIN DE LA",0.0,0.0
201300036225,6,12,2013,13,1,82,121,2,1,1,6,"40, CHARLES DE GAULLE (a",0.0,0.0
201300036226,23,12,2013,10,1,82,121,2,1,7,6,"NC, parking leclerc sapi",0.0,0.0
201300036227,12,1,2013,15,1,83,50,2,3,1,3,"75, QUATRE SEPTEMBRE( AV",0.0,0.0
201300036228,14,1,2013,10,1,83,50,1,1,1,1,"2185, GRASSE(AVENUE DE)",0.0,0.0
201300036229,14,1,2013,18,5,83,50,2,1,1,6,JUIN( AVENUE DU MARECHAL,0.0,0.0
201300036230,31,1,2013,8,1,83,50,2,1,1,6,PREMIERE ARMEE(AVENUE DE,43.53198,6.47265
201300036231,2,2,2013,13,1,83,50,2,1,1,3,FREINET(PLACE CELESTIN),0.0,0.0
201300036232,14,2,2013,8,1,83,50,1,1,7,2,"890, ALLENDE (avenue Sal",0.0,0.0
201300036233,29,3,2013,23,5,83,50,2,1,1,6,SALAMANDRIER(BOULEVARD),43.52656,6.45512
201300036234,7,5,2013,7,1,83,50,1,3,1,3,"1, RD 54",0.0,0.0
201300036235,13,5,2013,11,1,83,50,2,3,1,3,TUTTLINGEN(AVENUE DE),0.0,0.0
201300036236,28,6,2013,16,1,83,50,1,1,1,1,"912, SCAMARONI(AVENUE FR",0.0,0.0
201300036237,4,7,2013,7,1,83,50,1,1,1,2,"279, ALLENDE (avenue Sal",0.0,0.0
201300036238,13,7,2013,17,1,83,50,2,6,1,3,GRANDE ARMEE(AVENUE DE L,0.0,0.0
201300036239,21,7,2013,9,1,83,50,2,1,7,6,BROSSOLETTE(AVENUE  PIER,0.0,0.0
201300036240,26,7,2013,20,1,83,50,2,1,1,3,"602, GALLIENI( AVENUE DU",0.0,0.0
201300036241,12,8,2013,23,5,83,141,2,9,1,6,RD 1555 (DRAGUIGNAN/ LE,0.0,0.0
201300036242,12,8,2013,16,1,83,141,1,1,1,2,RD 1555 (DRAGUIGNAN/ LE,0.0,0.0
201300036243,20,8,2013,16,1,83,141,2,1,1,5,"1, ARCS(ROUTE DES)",0.0,0.0
201300036244,22,8,2013,16,1,83,50,1,2,1,3,GAMBETTA(AVENUE  LEON),0.0,0.0
201300036245,6,9,2013,7,1,83,50,2,1,1,7,BLUM(BOULEVARD LEON),43.52815,6.04809
201300036246,1,9,2013,20,5,83,50,2,1,1,3,"12, CARNOT(AVENUE LAZARE",43.53197,6.47071
201300036247,7,10,2013,19,5,83,50,2,1,2,6,"236, JUIN( AVENUE DU MAR",0.0,0.0
201300036248,19,10,2013,14,1,83,50,2,3,1,3,AV QUATRE SEPTEMBRE,43.53562,6.45829
201300036249,23,10,2013,18,1,83,50,2,1,1,4,DE GAULLE(AVENUE CHARLES,0.0,0.0
201300036250,24,10,2013,18,1,83,50,2,1,1,6,"11, ENDRONNES(RUE DES)",43.53675,6.46416
201300036251,26,10,2013,14,1,83,50,2,1,1,6,"16, CLEMENCEAU(BOULEVARD",43.53679,6.46357
201300036252,28,10,2013,9,1,83,50,2,3,1,1,BLUM(BOULEVARD LEON),43.52841,6.47938
201300036253,2,11,2013,21,5,83,50,2,1,1,2,DE GAULLE(AVENUE CHARLES,0.0,0.0
201300036254,9,11,2013,14,1,83,50,2,1,1,3,"358, MONTFERRAT(AVENUE D",43.54195,6.46056
201300036255,30,10,2013,17,1,83,50,2,1,1,4,MERMOZ(BOULEVARD JEAN),43.5207,6.4687
201300036256,21,12,2013,15,1,83,118,2,4,2,7,RUE MARIUS ALLONGUE,0.0,0.0
201300036257,19,12,2013,16,2,83,61,2,6,2,6,"178, RUE GALLIENI",43.42619,6.76278
201300036258,22,1,2013,9,1,83,118,2,1,7,6,"53, AVENUE GAL LECLERC",43.4266,6.76833
201300036259,23,1,2013,22,5,83,61,2,1,8,2,AV DU MARECHAL LECLERC,43.42912,6.76199
201300036260,1,2,2013,17,1,83,61,1,1,1,3,"0, D37",0.0,0.0
201300036261,15,2,2013,17,1,83,61,2,1,1,6,RUE JEAN JAURES,43.4336,6.73606
201300036262,21,2,2013,11,1,83,118,2,1,1,6,"0, PROMENADE R.COTY",0.0,0.0
201300036263,28,3,2013,10,1,83,118,2,1,2,6,AVENUE DU GRATADIS,0.0,0.0
201300036264,9,3,2013,1,3,83,118,1,1,2,7,"0, ROUTE DES GOLFS",43.45138,6.81538
201300036265,13,4,2013,13,1,83,61,2,1,1,2,"93, BD  DE SEVERIN",0.0,0.0
201300036266,20,4,2013,14,1,83,61,1,1,1,1,RN7,0.0,0.0
201300036267,8,5,2013,10,1,83,61,2,6,1,2,RUE JEAN CARRARA,43.42413,6.7309
201300036268,15,5,2013,8,1,83,61,1,1,1,7,CD 4,0.0,0.0
201300036269,23,5,2013,14,1,83,118,2,1,1,6,"366, AVENUE DE VALESCURE",43.43977,6.76745
201300036270,25,5,2013,20,5,83,61,2,1,1,6,"693, RUE DU MALBOUSQUET",43.45726,6.72016
201300036271,3,5,2013,15,1,83,61,2,1,1,3,RUE JOSEPH AUBENAS,43.43413,6.73395
201300036272,27,5,2013,19,1,83,61,1,1,1,5,"0, RN98 ST AYGULF",0.0,0.0
201300036273,31,5,2013,7,1,83,61,2,1,1,6,"111, RUE VAUVENARGUES",43.38727,6.72241
201300036274,30,5,2013,10,1,83,61,1,1,1,6,AV DU GEN J. CALLIES,0.0,0.0
201300036275,2,6,2013,1,5,83,61,2,1,1,6,"79, Bd de la Liberation",43.42468,6.76041
201300036276,1,5,2013,16,1,83,61,2,1,1,6,"155, AV DU G de  GAULLE",43.43251,6.73337
201300036277,4,6,2013,19,1,83,61,1,1,1,1,"2705, AV DE LA CORNICHE",0.0,0.0
201300036278,31,5,2013,17,1,83,118,2,1,1,6,"92, AVENUE DES ARENES",43.42808,6.76736
201300036279,15,6,2013,0,5,83,118,2,1,1,6,"0, BOULEVARD DE LA TRENT",0.0,0.0
201300036280,23,6,2013,11,1,83,118,2,1,1,3,"0, BOULEVARD DE LA PLAGE",0.0,0.0
201300036281,24,5,2013,7,1,83,118,2,1,1,1,"105, AVENUE DU PARADIS",43.43543,6.85857
201300036282,1,7,2013,17,1,83,61,2,1,1,3,"0, CD 4",0.0,0.0
201300036283,9,6,2013,12,1,83,61,2,1,1,3,ROND-POINT DE L'EUROPE,0.0,0.0
201300036284,18,7,2013,11,1,83,118,2,2,1,3,"350, AVENUE GENERAL LECL",43.42835,6.76534
201300036285,26,7,2013,16,1,83,61,1,1,1,6,"0, RN98 ST AYGULF",0.0,0.0
201300036286,1,8,2013,10,1,83,61,2,1,1,3,"301, AVENUE DU HUIT MAI",43.43261,6.72514
201300036287,2,8,2013,8,1,83,61,1,1,1,1,D7,0.0,0.0
201300036288,8,8,2013,9,1,83,118,2,1,2,6,"0, AVENUE DU GRATADIS",0.0,0.0
201300036289,16,8,2013,14,1,83,61,1,1,1,1,RN7,0.0,0.0
201300036290,24,8,2013,13,1,83,61,2,4,1,3,"2275, RUE DES COMBATTANT",43.46621,6.72371
201300036291,29,7,2013,14,1,83,118,2,9,1,6,"0, PROMENADE RENE COTY",0.0,0.0
201300036292,28,8,2013,10,1,83,61,2,1,1,3,ROND-POINT DE L'AERON,0.0,0.0
201300036293,7,8,2013,19,1,83,118,2,1,1,6,AVENUE DES GOLFS,43.45392,6.80569
201300036294,28,8,2013,14,1,83,118,2,1,1,6,AVENUE DE VALESCURE,43.45091,6.8088