Num_Acc,jour,mois,an,hr,condition_eclairage,departement,commune,condition_agglomeration,intersection,condition_atmosphere,type_collision,adresse,lattitude,longitude
201300036295,24,9,2013,13,1,83,118,2,1,1,2,BOULEVARD JEAN MOULIN,43.42783,6.77903
201300036296,25,9,2013,11,1,83,61,1,9,1,3,RN7,0.0,0.0
201300036297,28,9,2013,13,1,83,61,1,1,1,2,D4,0.0,0.0
201300036298,28,9,2013,23,3,83,118,1,1,1,6,"0, ROUTE DE SAINT-BARTH?",0.0,0.0
201300036299,16,9,2013,7,1,83,61,2,3,1,6,RUE DES COMBATTANTS D'A.,0.0,0.0
201300036300,20,10,2013,1,5,83,118,2,1,1,1,"0, BOULEVARD JEAN MOULIN",43.4274,6.78291
201300036301,17,10,2013,9,1,83,61,2,3,1,5,BOULEVARD DE LA MER,0.0,0.0
201300036302,20,9,2013,19,5,83,118,2,1,1,7,"0, RUE ANTOINE BARRIERE",43.42228,6.77039
201300036303,15,11,2013,22,3,83,61,2,1,1,4,"0, RN7",0.0,0.0
201300036304,13,11,2013,16,1,83,118,2,1,1,6,"173, QUAI ALBERT 1ER",43.42256,6.76595
201300036305,6,11,2013,15,1,83,61,2,6,1,3,RN98 ST AYGULF,0.0,0.0
201300036306,22,11,2013,17,3,83,61,1,3,2,6,"XXX, CD8",0.0,0.0
201300036307,25,11,2013,17,3,83,61,1,1,1,3,RN7,0.0,0.0
201300036308,27,11,2013,11,1,83,61,2,3,1,1,AVENUE DE PORT-FR?JUS,43.42365,6.74903
201300036309,10,10,2013,12,1,83,61,1,2,1,3,"0, RN7",0.0,0.0
201300036310,26,10,2013,13,1,83,118,1,1,1,6,"1, BD EUGENE BRIEUX",0.0,0.0
201300036311,12,11,2013,18,5,83,61,2,3,1,3,PLACE VERNET,43.4343,6.73806
201300036312,29,11,2013,8,1,83,118,2,1,1,6,"97, AVENUE GENERAL LECLE",43.42737,6.76701
201300036313,6,1,2013,5,5,83,69,2,6,1,6,GODILLOT  ( AVENUE ALEXI,0.0,0.0
201300036314,6,1,2013,17,2,83,69,1,3,1,3,FRONT DE MER (BOULEVARD),0.0,0.0
201300036315,16,1,2013,21,5,83,69,2,6,1,3,BEAUREGARD (AV ANDREE-DA,43.11763,6.1263
201300036316,17,1,2013,22,5,83,34,2,6,1,6,,0.0,0.0
201300036317,19,1,2013,13,1,83,69,2,6,2,3,FERRARI (RUE SOLDAT),43.11701,6.13462
201300036318,6,2,2013,19,5,83,69,2,6,1,7,GODILLOT  ( AVENUE ALEXI,0.0,0.0
201300036319,4,2,2013,7,2,83,69,1,3,1,3,NICE (ROUTE DE),0.0,0.0
201300036320,26,3,2013,18,1,83,69,1,1,1,3,PIERREFEU (ROUTE DE) RD,0.0,0.0
201300036321,1,4,2013,17,2,83,69,2,3,2,3,PEUPLIERS ( RUE DES ),43.12395,6.11184
201300036322,9,4,2013,21,3,83,69,1,3,1,3,"1100, TOULON RD 46 ( ROU",43.12598,6.09325
201300036323,12,4,2013,2,5,83,69,2,1,2,2,AEROPORT (AVENUE DE L'),0.0,0.0
201300036324,21,4,2013,10,1,83,69,2,1,1,3,GODILLOT  ( AVENUE ALEXI,0.0,0.0
201300036325,28,4,2013,10,1,83,69,1,1,2,1,PIERREFEU (ROUTE DE) RD,0.0,0.0
201300036326,29,4,2013,2,5,83,69,2,6,2,7,ARROMANCHES ( ROND POINT,0.0,0.0
201300036327,8,5,2013,21,5,83,69,2,2,1,3,OLBIA  (VOIE),0.0,0.0
201300036328,12,5,2013,14,1,83,69,2,1,1,6,CRAU (ROUTE DE LA ),0.0,0.0
201300036329,17,5,2013,7,1,83,69,1,1,1,3,"1300, LOUBES (ROUTE DES)",0.0,0.0
201300036330,26,5,2013,2,3,83,69,1,1,1,6,"601,  MARAIS (ROUTE DES)",43.07998,6.1279
201300036331,31,5,2013,1,5,83,69,1,1,1,6,"833, GIENS (ROUTE DE )",0.0,0.0
201300036332,15,6,2013,23,5,83,69,2,1,1,1,"1, GIENS (ROUTE DE )",0.0,0.0
201300036333,22,6,2013,1,3,83,69,1,1,1,2,FRONT DE MER (BOULEVARD),0.0,0.0
201300036334,23,6,2013,16,1,83,69,1,1,1,1,ALMANARRE (ROUTE DE L'),0.0,0.0
201300036335,23,6,2013,14,1,83,69,1,3,1,3,FRONT DE MER (BOULEVARD),0.0,0.0
201300036336,29,6,2013,23,3,83,69,1,1,1,7,"1209, SAINT LAZARE ( CHE",43.11776,6.16593
201300036337,14,7,2013,0,3,83,69,2,1,1,6,AEROPORT (AVENUE DE L'),0.0,0.0
201300036338,14,7,2013,15,1,83,69,1,3,1,3,NICE (ROUTE DE),0.0,0.0
201300036339,14,7,2013,22,5,83,69,2,1,1,7,"29, CLOTIS (AVENUE JOSEP",43.12025,6.13118
201300036340,28,7,2013,1,5,83,69,2,1,1,2,"01, Av L Ritondale",43.11353,6.12706
201300036341,28,7,2013,16,1,83,34,1,1,1,1,"1050, CD559",0.0,0.0
201300036342,30,7,2013,19,1,83,69,2,1,1,3,AEROPORT (AVENUE DE L'),0.0,0.0
201300036343,17,8,2013,18,1,83,69,1,1,1,1,"1, SEL (ROUTE DU)",43.0674,6.13052
201300036344,23,8,2013,18,1,83,69,1,3,1,3,FRONT DE MER (BOULEVARD),0.0,0.0
201300036345,26,8,2013,4,3,83,69,1,1,1,7,"1, NICE (ROUTE DE)",0.0,0.0
201300036346,1,9,2013,6,5,83,34,2,9,1,6,RUE DES 3 PINS,0.0,0.0
201300036347,6,9,2013,23,5,83,69,2,1,1,1,BOUIN (RUE JEAN),43.12097,6.14071
201300036348,20,9,2013,20,5,83,69,2,1,1,3,"26, GEOFFROY ST HILAIRE",0.0,0.0
201300036349,1,10,2013,12,1,83,69,2,6,1,3,PETIT (RD PT HENRI),0.0,0.0
201300036350,25,10,2013,7,3,83,69,1,1,1,2,NICE (ROUTE DE),0.0,0.0
201300036351,9,11,2013,5,5,83,69,2,1,1,6,", GIENS (ROUTE DE )",0.0,0.0
201300036352,24,11,2013,8,1,83,69,2,3,1,3,GIENS (ROUTE DE ),0.0,0.0
201300036353,26,12,2013,16,1,83,69,2,1,1,6,ALMANARRE (ROUTE DE L'),0.0,0.0
201300036354,16,1,2013,14,1,83,123,2,1,1,6,"322, JOSEPH LAUTIER (AVE",43.1194,5.80554
201300036355,24,1,2013,7,2,83,9,1,1,8,7,ROCADE NORD,0.0,0.0
201300036356,25,1,2013,16,1,83,123,1,1,1,3,GARE (ROUTE),0.0,0.0
201300036357,3,3,2013,16,1,83,9,2,1,1,2,"0, CAPELAN (BOULEVARD DU",43.13776,5.73881
201300036358,13,3,2013,18,2,83,9,2,3,1,3,CD559 N PAIR,0.0,0.0
201300036359,9,4,2013,17,1,83,123,1,1,1,6,"194, TOULON (ANCIEN CHEM",43.12657,5.82132
201300036360,13,4,2013,17,1,83,123,2,1,7,6,"68, GARE (ROUTE)",0.0,0.0
201300036361,14,4,2013,9,1,83,123,2,6,1,7,SAINT ROCH (CHEMIN),0.0,0.0
201300036362,24,4,2013,10,1,83,123,2,1,7,6,"ignor?, HUIDE (CHEMIN DE",43.12244,5.80386
201300036363,25,4,2013,9,1,83,129,2,1,8,2,"751, ECOLES (BD DES)",43.11435,5.81124
201300036364,17,5,2013,8,1,83,123,2,3,1,3,"238, BANDOL (ROUTE DE)",0.0,0.0
201300036365,5,6,2013,14,1,83,129,2,1,1,3,LERY (BOULEVARD DE),43.1132,5.84787
201300036366,11,6,2013,19,1,83,129,2,2,1,3,GABOIS (RUE DE),43.09484,5.83002
201300036367,17,6,2013,18,1,83,129,2,1,1,7,"1208, LAENNEC (AVENUE DE",0.0,0.0
201300036368,17,6,2013,15,1,83,123,2,1,1,6,CHARLES DE GAULLE (QUAI),0.0,0.0
201300036369,13,6,2013,8,1,83,123,2,1,1,3,"357, GARE (ROUTE)",0.0,0.0
201300036370,17,6,2013,18,1,83,123,2,1,1,3,BANDOL (ROUTE DE),0.0,0.0
201300036371,11,7,2013,10,1,83,123,2,1,1,6,"21, BUGE (CHEMIN DE LA)",0.0,0.0
201300036372,19,7,2013,8,1,83,129,2,3,1,3,"1, CAPITAINERIE DU PORT",0.0,0.0
201300036373,20,7,2013,18,1,83,129,2,1,1,1,"601, DE LATTRE DE TASSIG",0.0,0.0
201300036374,29,7,2013,17,1,83,123,2,3,1,3,"194, TOULON (ANCIEN CHEM",43.12643,5.82173
201300036375,30,7,2013,11,1,83,123,2,9,1,3,TOULON (ANCIEN CHEMIN DE,43.1262,5.82317
201300036376,3,8,2013,10,1,83,129,2,9,1,3,CROS (CORNICHE DU),0.0,0.0
201300036377,6,8,2013,10,1,83,123,2,1,1,3,"431, GARE (ROUTE)",0.0,0.0
201300036378,10,8,2013,4,5,83,129,2,1,1,1,MER (AVENUE DE LA),0.0,0.0
201300036379,19,8,2013,1,5,83,129,2,1,1,6,"2, CITADELLES (MO ET RUE",0.0,0.0
201300036380,23,7,2013,4,5,83,129,2,1,1,3,JUIN MARECHAL (AV DU),0.0,0.0
201300036381,14,9,2013,16,1,83,129,2,6,1,3,"14, MASCOTTE (AVENUE DE",43.09101,5.84401
201300036382,18,9,2013,14,1,83,129,2,1,1,6,"11, FARAUD LOUIS (BD ET",43.09461,5.83649
201300036383,24,9,2013,15,1,83,9,2,1,1,1,"120, BEAUSSET (ROUTE DU)",0.0,0.0
201300036384,2,10,2013,8,1,83,129,2,1,1,3,"394, MER (AVENUE DE LA)",0.0,0.0
201300036385,6,10,2013,18,1,83,129,2,1,1,3,"1742, MER (AVENUE DE LA)",0.0,0.0
201300036386,12,10,2013,13,1,83,123,2,6,1,7,DEUXIEME SPAHIS (AVENUE,43.12098,5.80456
201300036387,13,10,2013,14,1,83,129,2,1,1,6,"1492, GUILLEMARD (AV ROB",0.0,0.0
201300036388,20,10,2013,15,1,83,123,2,1,1,6,"638, GENETS D'OR (CHEMIN",43.13101,5.78535
201300036389,24,10,2013,21,5,83,129,2,1,1,3,"52, REPUBLIQUE (AVENUE D",43.09245,5.84041
201300036390,25,10,2013,17,1,83,123,2,1,1,6,"341, GARE (ROUTE)",0.0,0.0
201300036391,13,11,2013,18,5,83,123,2,3,1,2,GARE (ROUTE),0.0,0.0
201300036392,26,11,2013,10,1,83,129,2,1,1,1,COUDOULIERE (LA),0.0,0.0
201300036393,3,12,2013,12,1,83,129,2,1,1,6,FONT DE FILLOL (RC ET T),43.09646,5.82705
201300036394,7,12,2013,11,1,83,129,2,1,1,6,"155, JUIN MARECHAL (AV D",0.0,0.0
201300036395,11,12,2013,15,1,83,129,2,3,7,6,BONDIL MARIUS (RUE),43.07555,5.80193
201300036396,18,12,2013,17,3,83,123,2,1,2,1,"2793, TOULON (ANCIEN CHE",43.13223,5.79161
201300036397,20,12,2013,8,1,83,129,2,1,3,6,"50, LAENNEC (AVENUE DE)",0.0,0.0
201300036398,26,12,2013,17,5,83,129,2,6,6,3,TRAITE DE L'ELYSEE (ROND,0.0,0.0
201300036399,29,12,2013,2,5,83,129,2,1,1,6,"376, ECOLES (BD DES)",43.11102,5.81347
201300036400,29,12,2013,18,5,83,123,2,3,1,3,"74, GARE (ROUTE)",0.0,0.0
201300036401,9,1,2013,18,5,83,126,2,1,1,6,"inconnu, ANCIENS COMBATA",0.0,0.0
201300036402,16,1,2013,7,2,83,126,2,1,9,7,"inconnu, VIEUX REYNIER (",43.10545,5.85776
201300036403,26,1,2013,6,5,83,126,2,1,1,6,"120, AV DE LA 1ERE ARMEE",0.0,0.0
201300036404,2,3,2013,10,1,83,126,2,1,1,3,"451, LA SEYNE A BASTIAN",43.09624,5.8767
201300036405,4,3,2013,11,1,83,126,2,1,1,6,"1, LAMARQUE (AV JEAN ALB",0.0,0.0
201300036406,6,3,2013,17,1,83,126,2,1,3,2,"2, GAMBETTA (AV)",43.104,5.87906
201300036407,4,3,2013,16,1,83,126,2,1,1,6,"10, LAMARQUE (AV JEAN AL",0.0,0.0
201300036408,18,4,2013,7,1,83,126,2,3,1,3,"0, COMMUNE DE PARIS (AV",43.10558,5.86636
201300036409,20,4,2013,20,5,83,126,2,1,1,3,"10, BARTOLINI (AV JEAN)",43.11442,5.86264
201300036410,23,4,2013,12,1,83,126,2,1,1,6,"107, MANTEAU (CHEMIN DU)",43.09577,5.90354
201300036411,24,4,2013,20,5,83,126,2,1,1,6,"127, ALLENDE (AV. SALVAD",0.0,0.0
201300036412,26,4,2013,14,1,83,126,2,1,1,2,"555, OIDE (CHEMIN DE L')",43.0788,5.87178
201300036413,2,5,2013,16,1,83,126,2,1,7,3,LAGOUBRAN AUX PLAYES (CH,0.0,0.0
201300036414,3,5,2013,12,1,83,126,2,1,1,3,"10, EUROPE (BD DE L')",0.0,0.0
201300036415,13,5,2013,8,1,83,126,2,1,1,2,"783, DE GAULLE (AV)",0.0,0.0
201300036416,30,4,2013,16,1,83,126,2,2,1,7,GAMBETTA (RUE),43.10214,5.87998
201300036417,13,5,2013,20,1,83,126,2,1,1,7,"410, Ytzhak RABIN - D63",0.0,0.0
201300036418,29,5,2013,17,1,83,126,2,1,1,1,Ytzhak Rabin - D18,0.0,0.0
201300036419,31,5,2013,19,1,83,126,2,1,1,2,"114, MOULINS (CHEMIN DES",43.09633,5.87541
201300036420,1,6,2013,18,1,83,126,2,1,1,7,LONDRES (AV DE),0.0,0.0
201300036421,1,6,2013,12,1,83,126,2,1,1,3,ALLENDE (AV. SALVADOR),0.0,0.0
201300036422,25,6,2013,19,1,83,126,2,3,1,6,"0, MAZEN (AV DU DOCTEUR)",43.10331,5.87723
201300036423,11,7,2013,13,1,83,126,2,1,1,1,"800, RENOIR (AV AUGUSTE)",0.0,0.0
201300036424,15,7,2013,0,4,83,126,2,1,1,3,"503, VIEUX REYNIER (CHEM",43.10568,5.86079
201300036425,21,7,2013,21,1,83,126,2,1,1,3,"0, COSTE CHAUDE (CHEMIN",0.0,0.0
201300036426,2,8,2013,12,1,83,126,2,1,1,3,"229, FARLEDE (CHEMIN DE",43.11584,5.88521
201300036427,9,8,2013,17,1,83,153,2,1,1,3,MARECHAL LECLERC (AV DU),0.0,0.0
201300036428,12,8,2013,20,1,83,126,1,1,1,6,"5, ALBRAND (RUE C. LOUIS",0.0,0.0
201300036429,16,8,2013,14,1,83,126,2,3,1,1,ISNARDS (CHEMIN DES),43.09674,5.86835
201300036430,27,8,2013,9,1,83,126,2,1,1,6,QUATRE SEPTEMBRE (BD DU),43.10284,5.87421
201300036431,30,8,2013,18,1,83,126,2,1,1,3,Pablo Neruda,0.0,0.0
201300036432,4,9,2013,12,1,83,126,2,1,1,1,BRUN (AV ROBERT),43.11632,5.87277
201300036433,7,9,2013,15,1,83,126,2,2,1,6,LAGOUBRAN AUX PLAYES (CH,0.0,0.0
201300036434,20,9,2013,8,1,83,126,2,2,1,6,"24, QUATRE SEPTEMBRE (BD",43.10283,5.87425
201300036435,20,9,2013,12,1,83,126,2,3,1,6,DANIEL (CHEMIN DE),43.10069,5.87098
201300036436,21,9,2013,22,5,83,126,2,1,1,1,PICARD (RUE PROFESSEUR),43.11213,5.86607
201300036437,28,9,2013,22,5,83,126,2,1,1,6,D18,0.0,0.0
201300036438,27,9,2013,19,1,83,126,2,3,1,5,"0, FABREGAS (CHEMIN DE)",43.07508,5.87604
201300036439,26,10,2013,9,1,83,126,2,1,1,6,MERLE (BD TOUSSAINT),43.1008,5.89028
201300036440,3,11,2013,12,1,83,126,2,2,1,3,ROSTAND (BD JEAN),43.10987,5.87064
201300036441,6,11,2013,22,5,83,126,2,1,1,3,"2379, RENOIR (AV AUGUSTE",0.0,0.0
201300036442,8,11,2013,23,5,83,153,2,1,2,7,"10, MARIE FLICHE BERGIS",43.07443,5.91
201300036443,18,11,2013,16,1,83,126,2,1,2,3,"432, AV DE LA 1ERE ARMEE",0.0,0.0
201300036444,25,11,2013,16,1,83,126,2,1,1,6,BARTOLINI (AV JEAN),43.11443,5.86255
201300036445,28,11,2013,19,2,83,126,1,1,1,2,LA SEYNE A OLLIOULES (CH,0.0,0.0
201300036446,4,12,2013,13,1,83,126,2,2,1,3,GHIBAUDO (CHEMIN JEAN ),43.09239,5.87743
201300036447,7,12,2013,23,5,83,126,1,1,1,6,"694, JANAS (ROUTE DE)",43.0799,5.85895
201300036448,16,12,2013,14,1,83,126,2,3,7,2,"1911, POMPIDOU (CORNICHE",43.0834,5.89556
201300036449,4,1,2013,15,1,83,144,2,1,1,3,"0, TERRES ROUGES (CHEMIN",0.0,0.0
201300036450,6,1,2013,23,3,83,90,2,1,1,1,"179, TOURELLE (CHEMIN DE",43.13405,5.83218
201300036451,9,1,2013,8,1,83,62,2,1,1,7,DRAGUIGNAN (AVENUE DE),0.0,0.0
201300036452,10,1,2013,15,1,83,137,2,6,1,3,ESCARTEFIGUE (CORNICHE D,43.13542,5.9323
201300036453,5,1,2013,15,1,83,144,1,1,1,6,"0, UNIVERSITE (AVE DE L'",43.1373,6.00737
201300036454,12,1,2013,15,1,83,62,2,1,1,6,"0, LURCAT (AVENUE ANDRE)",43.13911,6.02075
201300036455,18,1,2013,8,1,83,144,2,1,1,6,TREMOLIERE (AVE),43.1363,5.98166
201300036456,21,1,2013,9,1,83,137,2,3,1,3,LECLERC (AVE GENERAL),0.0,0.0
201300036457,25,1,2013,8,1,83,137,2,1,1,6,"0, LOTI (AVE PIERRE)",43.11383,5.9471
201300036458,28,1,2013,16,1,83,137,2,1,1,3,PICOT (AVE DU COLONEL),0.0,0.0
201300036459,29,1,2013,20,5,83,90,1,6,1,3,"0, SCHUMAN (ROND POINT)",43.51353,5.44604
201300036460,30,1,2013,7,1,83,62,2,1,1,3,HOUOT (AVENUE CDT),0.0,0.0
201300036461,2,2,2013,20,5,83,137,2,1,1,3,"160, INFANTERIE DE MARIN",43.1159,5.93535
201300036462,11,1,2013,15,1,83,137,2,3,1,6,FILS MARESCOT (AVE DES),0.0,0.0
201300036463,31,1,2013,20,5,83,137,2,1,1,3,DESCARTES (RUE / AVE),43.12718,5.89431
201300036464,3,2,2013,14,1,83,90,1,1,1,1,"d62, GORGES (ROUTE DES)",0.0,0.0
201300036465,2,2,2013,19,5,83,144,2,1,1,3,GRAND VAR (CENTRE COMMER,43.14284,6.01591
201300036466,5,2,2013,11,1,83,137,2,1,1,6,LECLERC (AVE GENERAL),0.0,0.0
201300036467,7,2,2013,8,1,83,62,2,1,6,7,"73, DAUPHINE (IMPASSE DU",43.13,6.02592
201300036468,9,1,2013,9,1,83,137,2,1,1,3,BROSSET (BD GENERAL),0.0,0.0
201300036469,6,2,2013,19,5,83,90,2,1,1,2,"0, CAPELLANE (ROND POINT",43.12296,5.84798
201300036470,9,2,2013,8,1,83,144,2,1,1,6,UNIVERSITE (AVE DE L'),43.13762,6.01063
201300036471,10,2,2013,6,5,83,144,2,1,1,6,BIGUE (CAR),0.0,0.0
201300036472,29,1,2013,18,5,83,137,2,1,1,1,"239, BRIAND (AVE ARISTID",0.0,0.0
201300036473,1,2,2013,13,1,83,137,2,1,1,6,"190, OLLIVIER (RUE EMILE",0.0,0.0
201300036474,7,2,2013,17,2,83,137,2,1,1,3,VALETTE ( ANCIEN chemin),43.13553,5.9741
201300036475,23,2,2013,5,5,83,137,2,1,1,4,"0, STRASBOURG (BD DE )",0.0,0.0
201300036476,28,1,2013,16,1,83,137,2,4,1,3,"32, ESCAILLON (BD DE L')",43.12875,5.89059
201300036477,8,2,2013,20,3,83,62,2,2,1,3,1E BAT INF DU PACIFIQUE,0.0,0.0
201300036478,11,2,2013,7,1,83,137,2,1,3,2,PEZOUS (RUE / AVE JEAN),43.13369,5.92641
201300036479,20,2,2013,12,1,83,62,2,1,1,6,"83, PERI (AVENUE GABRIEL",43.12476,6.0096
201300036480,24,2,2013,22,5,83,137,2,6,1,3,"0, BON RENCONTRE (ROND P",43.12806,5.90708
201300036481,4,2,2013,10,1,83,103,2,3,1,3,"17, SALVATTE (IMPASSE DE",43.16747,5.92347
201300036482,26,2,2013,9,1,83,98,2,3,1,3,DE LATTRE (BD DE TASSIGN,0.0,0.0
201300036483,1,3,2013,17,1,83,137,2,1,1,3,PRUNEAU (AVE GENERAL),43.12032,5.95418
201300036484,2,3,2013,10,1,83,144,2,1,1,6,"0, LECLERC (BD MARECHAL)",43.13616,5.98589
201300036485,3,3,2013,12,1,83,62,2,1,1,3,"640, RABASSON (CHEMIN DE",43.12782,6.02281
201300036486,5,3,2013,17,1,83,90,1,1,1,5,MONNET (AVE JEAN),0.0,0.0
201300036487,2,3,2013,17,1,83,137,2,1,1,6,"0, VAUBAN (AVE)",43.12618,5.92875
201300036488,3,3,2013,13,1,83,137,2,1,1,3,"57, CAMUS (AVE ALBERT)",43.13448,5.88237
201300036489,5,3,2013,11,1,83,137,2,1,2,2,"0, DARDANELLES (AVE DES)",43.1284,5.92421
201300036490,9,3,2013,11,1,83,137,2,1,1,3,"60, CUZIN (AVE FRANCOIS)",43.12169,5.94203
201300036491,15,3,2013,15,1,83,137,2,1,1,6,"23, TESSE (BD DE)",43.12782,5.92987
201300036492,14,3,2013,9,1,83,90,2,1,1,1,"0, GARE (ROUTE DE LA)",43.12349,5.83041
201300036493,15,3,2013,10,1,83,137,2,1,1,6,LACORDAIRE (RUE / TRAV),43.13186,5.91712
201300036494,16,3,2013,16,1,83,137,2,2,1,3,"0, SAINTE GERMAINE (RUE)",43.1242,5.9481
201300036495,22,3,2013,16,1,83,137,2,1,1,6,"220, MICHELETC (BD JULES",43.11504,5.94536
201300036496,23,3,2013,21,5,83,144,2,1,2,6,"1, LAVOISIER (AVE)",43.1389,5.9994
201300036497,28,3,2013,10,1,83,137,2,1,2,2,"242, CHARLEUX (AVE JULES",0.0,0.0
201300036498,3,4,2013,7,1,83,137,2,1,1,3,PICOT (AVE DU COLONEL),0.0,0.0
201300036499,10,3,2013,16,1,83,90,1,1,1,5,SANARY (ROUTE DE),0.0,0.0
201300036500,9,4,2013,16,1,83,90,1,9,1,5,"0, FAVEYROLLES (ROUTE DE",0.0,0.0
201300036501,6,4,2013,22,5,83,137,2,3,2,3,"167, BROSSET (BD GENERAL",0.0,0.0
201300036502,9,4,2013,16,1,83,137,2,1,1,3,"0, CAMUS (AVE ALBERT)",43.13387,5.88204
201300036503,11,4,2013,15,1,83,137,2,6,1,3,BIR-HAKEIM (ROND POINT),43.12135,5.94041
201300036504,25,3,2013,14,1,83,137,2,1,1,6,DARDANELLES (AVE DES),43.12844,5.92437
201300036505,9,4,2013,9,1,83,62,2,1,1,2,"0, PREMIER (BAT.INF.DU P",0.0,0.0
201300036506,16,4,2013,16,1,83,137,2,1,1,6,FABRE (PROMENADE HENRI),43.1077,5.95005
201300036507,18,4,2013,8,1,83,137,2,6,1,3,SCARONNE (ROND POINT G.J,43.13557,5.97751
201300036508,18,4,2013,16,1,83,62,2,6,1,3,"0, L'HERMINIER (AVENUE J",43.12853,6.02
201300036509,9,4,2013,16,1,83,137,2,2,1,3,MALON (AVE BENOIT),43.12284,5.95534
201300036510,16,4,2013,15,1,83,62,2,3,1,3,ROUTE NATIONALE 98,0.0,0.0
201300036511,17,4,2013,11,1,83,137,2,1,1,2,"929, BRIAND (AVE ARISTID",0.0,0.0
201300036512,23,4,2013,10,1,83,98,2,1,1,6,"350, PREMIERE (D.F.L)",43.1069,6.01862
201300036513,19,4,2013,16,1,83,144,2,1,2,6,"240, VALERY (AVE PAUL)",43.12846,5.98846
201300036514,20,4,2013,18,1,83,137,2,1,2,2,"430, GOURAUD (AVE GENERA",0.0,0.0
201300036515,22,4,2013,11,1,83,62,2,2,1,3,DRAGUIGNAN (AVENUE DE),0.0,0.0
201300036516,2,5,2013,16,1,83,137,2,1,1,6,"0, REVEL (RUE)",43.12656,5.92706
201300036517,28,4,2013,15,1,83,62,2,1,1,7,"21, MANDELA (AVENUE NELS",43.12813,6.01937
201300036518,6,5,2013,14,1,83,62,2,1,1,6,PREM BAT.INF.DU PACIF,43.13179,6.01576
201300036519,12,4,2013,9,1,83,137,2,1,1,4,DEMOCRATIE (BD DE LA),43.12594,5.93875
201300036520,24,4,2013,18,1,83,137,2,1,1,4,"600, ARMARIS (BD DES)",43.12356,5.982
201300036521,10,5,2013,16,1,83,137,2,3,1,6,"57, Bd BAZEILLES",43.11282,5.93922
201300036522,2,5,2013,16,1,83,98,2,1,8,2,"0, GANZIN (AVENUE DE)",0.0,0.0
201300036523,11,5,2013,13,1,83,62,2,1,1,6,"298, GANCE (AVENUE ABEL)",0.0,0.0
201300036524,2,5,2013,8,1,83,137,2,3,1,6,ROUTES (AVE DES),0.0,0.0
201300036525,3,5,2013,10,1,83,90,2,1,1,5,SEYNE (ROUTE DE LA),0.0,0.0
201300036526,6,5,2013,17,1,83,137,2,1,1,2,"65, AVE FOCH",43.12641,5.92479
201300036527,9,5,2013,11,1,83,137,2,1,1,6,15EME CORPS (AVE DU),43.12304,6.14433
201300036528,12,5,2013,16,1,83,90,1,1,1,2,SANARY (ROUTE DE),0.0,0.0
201300036529,14,5,2013,21,5,83,137,2,1,2,2,57 AVE JOSEPH GASQUET,0.0,0.0
201300036530,26,4,2013,16,1,83,137,2,2,1,3,PERI  (PLACE GABRIEL),43.12618,5.92583
201300036531,16,4,2013,10,1,83,90,1,1,1,3,"0, SANARY (ROUTE DE)",0.0,0.0
201300036532,21,5,2013,18,1,83,144,2,1,1,6,GIRAUD (AVE),43.13496,5.98141
201300036533,10,5,2013,18,1,83,137,2,1,1,6,"1167, RESISTANCE (AVE /",43.11376,5.95785
201300036534,22,5,2013,16,1,83,137,2,1,1,3,PICOT (AVE DU COLONEL),0.0,0.0
201300036535,23,5,2013,16,1,83,137,2,3,1,3,"51, PONT DE BOIS (CHEMIN",43.13135,5.90509
201300036536,25,5,2013,4,5,83,137,2,1,1,6,"827, MISTRAL (ALLEE / LI",0.0,0.0
201300036537,24,5,2013,17,1,83,137,2,1,1,6,"363, PICOT (AVE DU COLON",0.0,0.0
201300036538,27,5,2013,13,1,83,137,2,1,1,6,CLEMENCEAU (BD GEORGES),0.0,0.0
201300036539,28,5,2013,7,1,83,137,2,2,8,3,LAINDET LALONDE (RUE),43.12104,5.93524
201300036540,25,5,2013,11,1,83,62,2,2,1,3,DUCLOS (AVENUE JACQUES),43.12046,6.01121
201300036541,29,5,2013,12,1,83,137,2,1,1,1,ARMARIS (BD DES),43.12794,5.9817
201300036542,30,5,2013,15,1,83,62,2,1,1,3,"121, DELAGE (RUE MARC)",43.12493,6.00753
201300036543,2,6,2013,15,1,83,144,2,2,1,2,LIBERATION (AVE DE LA),0.0,0.0
201300036544,31,5,2013,19,1,83,137,2,1,1,6,"256, 15EME CORPS (AVE DU",43.12851,5.91443
201300036545,2,6,2013,19,1,83,137,2,1,1,3,HERRIOT (AVE EDOUARD),0.0,0.0
201300036546,6,6,2013,13,1,83,137,2,1,1,6,"48, STRASBOURG (BD DE )",0.0,0.0
201300036547,6,6,2013,17,1,83,62,2,1,1,6,MAILLOT (ALLEE ARISTIDE),43.1279,6.01333
201300036548,7,6,2013,9,1,83,137,2,2,1,3,VERT COTEAU (AVE DU),43.12565,5.94588
201300036549,5,6,2013,22,4,83,137,2,2,1,3,"1, IMPASSE HONORE",43.12441,5.95446
201300036550,29,5,2013,18,1,83,90,1,9,7,5,"0, MONNET (AVE JEAN)",0.0,0.0
201300036551,8,6,2013,20,5,83,98,2,3,1,2,BROSSET (AVENUE DU GEN),0.0,0.0
201300036552,12,6,2013,23,5,83,98,2,1,1,3,RAIMU (AVENUE),43.10666,6.01655