Num_Acc,jour,mois,an,hr,condition_eclairage,departement,commune,condition_agglomeration,intersection,condition_atmosphere,type_collision,adresse,lattitude,longitude
201300036553,14,6,2013,22,5,83,137,2,3,1,6,"0, REPUBLIQUE (AVE DE LA",43.11894,5.9348
201300036554,17,6,2013,8,1,83,62,2,1,1,6,HOUOT (AVENUE CDT),0.0,0.0
201300036555,14,6,2013,23,5,83,137,2,2,1,3,RESISTANCE (AVE / IMP DE,43.11836,5.94593
201300036556,13,6,2013,10,1,83,137,2,1,1,2,FONTAN (AVE DU DOCTEUR),0.0,0.0
201300036557,13,6,2013,13,1,83,137,2,1,1,6,MISSIESSY (HLM),43.12645,5.90769
201300036558,15,6,2013,11,1,83,137,2,3,1,6,BROSSET (BD GENERAL),43.12823,5.90602
201300036559,17,6,2013,17,1,83,137,2,2,1,6,GROIGNARD (AVE),0.0,0.0
201300036560,18,6,2013,13,1,83,137,2,1,1,6,DE LATTRE DE TASS. (Av),43.11532,5.93843
201300036561,18,6,2013,18,1,83,137,2,1,1,2,"785, FORGENTIER (CHEMIN",43.13706,5.89736
201300036562,30,6,2013,6,1,83,137,2,1,1,6,"0, FOCH (AVE DU MARECHAL",43.12652,5.92423
201300036563,20,6,2013,17,1,83,137,2,3,1,3,PICOT (AVE DU COLONEL),0.0,0.0
201300036564,30,6,2013,23,5,83,137,2,2,1,3,RESISTANCE (AVE / IMP DE,0.0,0.0
201300036565,24,6,2013,7,1,83,137,2,1,1,3,"298, FABRE (BD HENRI)",43.11865,5.94487
201300036566,24,6,2013,11,1,83,137,2,2,1,3,JOFFRE (BD MARECHAL),0.0,0.0
201300036567,28,6,2013,22,5,83,137,2,1,1,3,SAINT ROCH (AVE),0.0,0.0
201300036568,4,7,2013,18,1,83,137,1,1,1,6,RESISTANCE (AVE / IMP DE,43.11375,5.95811
201300036569,7,7,2013,16,1,83,137,2,1,1,6,BONAPARTE (ROND POINT DU,43.11779,5.93584
201300036570,8,7,2013,8,1,83,62,2,6,1,3,INDOCHINE (rond point),43.13084,6.02308
201300036571,28,6,2013,11,1,83,137,2,1,1,1,VAL D'ARDENE (ROUTE DU),0.0,0.0
201300036572,8,7,2013,10,1,83,137,2,1,1,6,DE LATTRE DE TASSIGNY (A,43.11419,5.93934
201300036573,1,7,2013,11,1,83,137,2,1,1,6,"273, HERRIOT (AVE EDOUAR",0.0,0.0
201300036574,4,7,2013,12,1,83,137,2,1,1,6,"485, BRIAND (AVE ARISTID",0.0,0.0
201300036575,14,7,2013,4,5,83,137,2,1,1,5,"343, VICTOIRE 8 MAI 45",43.13146,5.93056
201300036576,18,7,2013,20,1,83,62,2,1,1,7,RABASSON (CHEMIN DE),43.12617,6.01724
201300036577,5,7,2013,2,5,83,137,2,2,1,3,MALON (AVE BENOIT),43.12187,5.9556
201300036578,11,7,2013,8,1,83,144,2,1,1,3,LECLERC (BD MARECHAL),0.0,0.0
201300036579,12,7,2013,20,1,83,137,2,3,1,3,PICOT (AVE DU COLONEL),0.0,0.0
201300036580,19,7,2013,11,1,83,144,2,3,1,3,"0, NEEL (Rue Louis)",43.14035,6.00967
201300036581,18,7,2013,2,5,83,137,2,1,1,7,"171, VERT COTEAU (AVE DU",43.12528,5.943
201300036582,24,7,2013,20,1,83,144,2,1,1,3,PASTEUR (AVE),43.13482,5.98309
201300036583,25,7,2013,23,3,83,137,2,1,1,6,MER (CHEMIN DE LA),43.10821,5.97983
201300036584,20,7,2013,10,1,83,137,2,1,1,4,"0, NICOLAS (BD COMMANDAN",43.1267,5.93539
201300036585,28,7,2013,13,1,83,137,2,1,1,3,HERRIOT (AVE EDOUARD),0.0,0.0
201300036586,28,7,2013,18,1,83,137,2,3,1,3,DE LATTRE DE TASSIGNY (A,43.11686,5.93697
201300036587,30,7,2013,11,1,83,144,2,1,1,4,NATIONALE 97 (ROUTE),0.0,0.0
201300036588,29,7,2013,20,5,83,137,2,3,1,5,"207, GOURAUD (AVE GENERA",0.0,0.0
201300036589,1,8,2013,12,1,83,98,2,1,1,3,MONET (RUE JEAN),43.10919,6.03103
201300036590,2,8,2013,13,1,83,137,1,1,1,1,CD 46 DE 1930 A FIN (VAL,0.0,0.0
201300036591,6,8,2013,16,1,83,137,2,1,1,6,"377, REPUBLIQUE (AVE DE",43.11974,5.93335
201300036592,2,8,2013,18,1,83,137,2,9,1,3,DE LATTRE DE TASSIGNY (A,43.1159,5.93787
201300036593,7,8,2013,18,1,83,137,2,1,1,1,FOURS A CHAUX (CHEMIN /,43.14979,5.90649
201300036594,2,8,2013,12,1,83,137,2,1,1,2,INFANTERIE DE MARINE (AV,43.11588,5.93538
201300036595,12,8,2013,14,1,83,137,2,1,1,3,JUIN (AVE ALPHONSE),43.121,5.94346
201300036596,10,8,2013,10,1,83,90,2,1,1,6,RESISTANCE (AVE DE LA),0.0,0.0
201300036597,5,8,2013,1,5,83,90,2,1,1,6,"970, NATIONALE 8 (ROUTE)",0.0,0.0
201300036598,28,7,2013,13,1,83,103,1,1,1,1,DE GAULLE (ROUTE GENERAL,0.0,0.0
201300036599,9,8,2013,12,1,83,98,2,1,1,4,"883, GANZIN (AVENUE DE)",0.0,0.0
201300036600,18,8,2013,7,2,83,137,2,1,1,6,"321, DEMOCRATIE (BD DE L",43.12663,5.94069
201300036601,16,8,2013,14,1,83,137,2,1,1,6,"349, 15EME CORPS (AVE DU",43.12856,5.91139
201300036602,22,8,2013,15,1,83,103,1,1,1,1,"795, BARRAGE (ROUTE DU)",0.0,0.0
201300036603,14,8,2013,20,1,83,137,2,1,1,6,ORTOLAN (AVE DE 2 A 510,43.16144,5.96159
201300036604,15,8,2013,18,1,83,137,2,3,1,3,BRIAND (AVE ARISTIDE DE,0.0,0.0
201300036605,21,8,2013,7,1,83,137,2,9,1,3,PRUNEAU (AVE GENERAL),43.11993,5.95285
201300036606,22,8,2013,18,1,83,137,2,1,1,6,"89, RAMEAU (RUE JP)",43.11866,5.94171
201300036607,22,8,2013,9,1,83,137,2,1,1,6,BERNARD (RUE  LT COLONEL,43.12831,5.91428
201300036608,27,8,2013,18,1,83,137,2,6,1,3,SCARONNE (ROND POINT G.J,43.13255,5.95202
201300036609,27,8,2013,18,1,83,98,2,1,1,1,"1227, GANZIN (AVENUE DE)",0.0,0.0
201300036610,23,8,2013,18,1,83,62,2,1,1,5,ROUTE NATIONALE 98,0.0,0.0
201300036611,27,8,2013,11,1,83,90,1,1,1,3,"2128, MONNET (AVE JEAN)",0.0,0.0
201300036612,2,9,2013,0,5,83,62,2,9,1,2,HOUOT (AVENUE CDT),0.0,0.0
201300036613,4,9,2013,5,3,83,90,1,1,1,3,"1114, GORGES (ROUTE DES)",0.0,0.0
201300036614,6,9,2013,18,1,83,137,2,1,1,6,"17, MISTRAL (ALLEE / LIT",43.10686,5.93556
201300036615,23,8,2013,16,1,83,137,2,2,1,3,JUIN (AVE ALPHONSE),43.12025,5.94727
201300036616,25,8,2013,18,1,83,137,2,1,1,2,"2371, RESISTANCE (AVE /",0.0,0.0
201300036617,27,8,2013,19,1,83,137,2,1,1,6,"119, DAVELUY BRIANCOURT",43.12153,5.94994
201300036618,30,8,2013,17,1,83,137,1,1,1,6,CD 46 (DEBUT TLN A ARTHE,0.0,0.0
201300036619,3,9,2013,21,5,83,137,2,1,1,6,"968, ARMARIS (BD DES)",43.12624,5.98131
201300036620,4,9,2013,9,1,83,137,2,1,1,2,SAINTE CLAIRE DEVILLE (R,43.12682,5.97677
201300036621,5,9,2013,10,1,83,62,2,1,1,6,RABASSON (CHEMIN DE),43.12749,6.021
201300036622,5,9,2013,18,1,83,137,2,1,1,3,"890, GASQUET (AVE JOSEPH",0.0,0.0
201300036623,10,9,2013,18,1,83,90,1,1,1,2,"1428, NATIONALE 8 (ROUTE",0.0,0.0
201300036624,2,8,2013,9,1,83,137,2,1,1,7,FOCH (AVE DU MARECHAL),0.0,0.0
201300036625,23,8,2013,10,1,83,137,2,1,1,6,LECLERC (AVE GENERAL),0.0,0.0
201300036626,4,9,2013,8,1,83,137,2,1,1,4,"561, GOURAUD (AVE GENERA",0.0,0.0
201300036627,5,9,2013,17,1,83,137,2,1,1,3,GARDE (ROUTE DE LA),0.0,0.0
201300036628,14,9,2013,7,1,83,137,2,2,1,6,MALLARD (RUE JEAN),43.12975,5.91917
201300036629,10,9,2013,8,1,83,137,2,9,1,3,BRIAND (AVE ARISTIDE DE,0.0,0.0
201300036630,11,9,2013,10,1,83,90,2,1,1,3,"0, MONNET (AVE JEAN)",0.0,0.0
201300036631,13,9,2013,8,1,83,137,2,1,1,2,GOURAUD (AVE GENERAL),0.0,0.0
201300036632,17,9,2013,18,1,83,137,2,1,1,6,"807, CD 46 (DEBUT TLN A",43.16066,5.92455
201300036633,18,9,2013,23,5,83,137,2,1,1,6,ESCARTEFIGUE (CORNICHE D,43.13595,5.94004
201300036634,21,9,2013,19,2,83,137,2,1,1,3,"0, ORTOLAN (AVE DE 512 A",43.13019,5.95976
201300036635,6,9,2013,16,1,83,137,2,1,1,2,"0, GASQUET (AVE JOSEPH D",0.0,0.0
201300036636,22,9,2013,15,1,83,137,2,4,1,6,Avenue  Barbusse,43.12782,5.9209
201300036637,21,9,2013,20,4,83,137,2,1,1,2,DE LATTRE DE TASSIGNY (A,43.11567,5.9381
201300036638,20,9,2013,11,1,83,137,2,1,1,6,INFANTERIE DE MARINE (AV,43.1144,5.93521
201300036639,24,9,2013,17,1,83,103,2,1,1,6,BARRAGE (ROUTE DU),0.0,0.0
201300036640,23,9,2013,17,1,83,137,1,1,1,2,"1146, CD 46",0.0,0.0
201300036641,27,9,2013,15,1,83,137,2,3,1,3,"0, REPUBLIQUE (AVE DE LA",43.12118,5.93042
201300036642,28,9,2013,13,1,83,137,2,2,1,6,BARNIER (BD DU DR CHARLE,43.13061,5.92837
201300036643,29,9,2013,1,5,83,137,2,1,1,6,"0, VERANE (SQUARE LEON)",43.12119,5.93039
201300036644,23,9,2013,12,1,83,90,1,3,1,3,Route de MARSEILLE,0.0,0.0
201300036645,24,9,2013,8,1,83,137,2,3,1,3,MARMORA (QUAI),0.0,0.0
201300036646,30,9,2013,16,1,83,137,2,1,1,6,BOURGEOIS (BD LEON),43.12211,5.94807
201300036647,1,10,2013,15,1,83,137,2,3,1,6,15EME CORPS (AVE DU),43.12853,5.91248
201300036648,3,10,2013,18,1,83,144,2,1,1,6,BLANC (BD DR EUGENE),0.0,0.0
201300036649,5,10,2013,19,5,83,137,2,1,1,3,SAINTE CLAIRE DEVILLE (R,43.12741,5.97766
201300036650,6,10,2013,22,3,83,98,1,1,3,6,"0, FOUX (CHEMIN DE LA)",43.11127,6.03247
201300036651,3,10,2013,9,1,83,137,2,1,1,6,REPUBLIQUE (AVE DE LA),43.11917,5.93427
201300036652,1,10,2013,17,1,83,90,1,1,1,6,"0, NATIONALE 8 (ROUTE)",0.0,0.0
201300036653,8,10,2013,16,1,83,137,2,1,1,3,"865, MOULINS (AVE DES DE",0.0,0.0
201300036654,9,10,2013,16,1,83,103,1,1,1,1,"1690, d'ARDENE (CHEMIN D",43.16595,5.9284
201300036655,11,10,2013,15,1,83,62,1,1,1,3,"0, ST JUST (AVENUE LT AN",43.14324,6.01735
201300036656,15,10,2013,18,1,83,137,2,1,2,2,CAMUS (AVE ALBERT),43.13052,5.88185
201300036657,15,10,2013,13,1,83,144,2,1,8,2,"01, BLANC (BD DR EUGENE)",0.0,0.0
201300036658,15,10,2013,11,1,83,137,2,1,1,6,DUMONT D'URVILLE (RUE),43.1269,5.93023
201300036659,16,10,2013,18,1,83,137,2,1,1,3,"239, BRIAND (AVE ARISTID",0.0,0.0
201300036660,18,10,2013,14,1,83,62,1,1,1,3,UNIVERSITE (avenue),43.13717,6.00596
201300036661,19,10,2013,12,1,83,137,1,1,1,6,JUIN (AVE ALPHONSE),43.12089,5.9434
201300036662,20,10,2013,14,1,83,137,2,1,8,6,LECLERC (AVE GENERAL),43.12571,5.92835
201300036663,23,10,2013,8,2,83,62,2,1,2,7,MANDELA (AVENUE NELSON),43.12832,6.01936
201300036664,24,10,2013,9,1,83,137,2,1,1,6,NICOLAS (BD COMMANDANT),43.12945,5.92813
201300036665,26,10,2013,20,4,83,137,2,1,1,6,"1080, FLORENT (CHEMIN)",43.15623,5.91808
201300036666,3,11,2013,17,5,83,62,2,1,1,1,FERRY (RUE ET AVENUE JUL,43.12708,6.01511
201300036667,1,11,2013,18,5,83,137,2,9,1,6,"0, DARDANELLES (AVE DES)",43.12812,5.92309
201300036668,4,11,2013,10,1,83,62,2,1,2,6,"0, DIGNE (AVENUE DE )",43.14547,6.03356
201300036669,4,11,2013,13,1,83,137,2,1,2,6,DE LATTRE DE TASSIGNY (A,43.11348,5.93994
201300036670,25,10,2013,12,1,83,90,1,1,1,2,LAGOUBRAN (CHEMIN DE),43.12437,5.87873
201300036671,10,10,2013,12,1,83,137,2,1,1,6,TIRAILLEURS ALGERIENS (A,43.11802,5.94491
201300036672,11,11,2013,14,1,83,137,2,3,1,3,"0, PABAN (BD)",43.13456,5.90929
201300036673,7,11,2013,17,2,83,137,2,1,1,3,"116, BRIAND (AVE ARISTID",0.0,0.0
201300036674,9,11,2013,12,1,83,62,1,9,1,3,"208, FABRI DE PEIR",43.14106,6.03015
201300036675,12,11,2013,8,1,83,137,2,1,1,6,LOTI (AVE PIERRE),43.11435,5.94592
201300036676,12,11,2013,9,1,83,62,2,1,1,1,"805, DE LATTRE DE TASSIG",0.0,0.0
201300036677,12,11,2013,9,1,83,103,2,1,1,3,"0, POILUS (AVENUE DES)",0.0,0.0
201300036678,13,11,2013,9,1,83,137,2,1,1,6,"0, REPUBLIQUE (AVE DE LA",43.11937,5.9339
201300036679,16,11,2013,18,5,83,62,2,3,1,3,"964, PLANTADES (CHEMIN D",43.14202,6.0201
201300036680,3,11,2013,18,5,83,137,2,1,1,6,JUIN (AVE ALPHONSE),0.0,0.0
201300036681,12,11,2013,15,1,83,137,2,1,1,6,POINCARE (RUE HENRI),43.12003,5.94084
201300036682,14,11,2013,19,5,83,137,2,6,1,3,"0, MIRASOULEOU (AVE / RO",43.13531,5.97755
201300036683,20,11,2013,10,1,83,137,2,1,1,5,"0, FABIE (RUE / AVE FRAN",43.12507,5.93593
201300036684,20,11,2013,13,1,83,137,2,1,1,6,"204, NICE (ROUTE DE)",0.0,0.0
201300036685,24,10,2013,17,1,83,137,2,1,1,3,"319, BRIAND (AVE ARISTID",0.0,0.0
201300036686,14,11,2013,12,1,83,90,2,2,1,3,CLEMENCEAU (AVE GEORGES),0.0,0.0
201300036687,23,11,2013,15,1,83,137,2,1,1,6,COLLET (AVE AMIRAL),43.12918,5.92433
201300036688,25,11,2013,20,5,83,90,2,1,1,3,NATIONALE 8 (ROUTE),0.0,0.0
201300036689,27,11,2013,16,2,83,62,2,2,1,2,FABRI DE PEIRESC (AVENUE,0.0,0.0
201300036690,5,12,2013,18,5,83,137,2,1,1,6,"2287, GASQUET (AVE JOSEP",0.0,0.0
201300036691,10,12,2013,7,2,83,137,2,1,1,6,"212, JAUJARD (RUE AMIRAL",43.11799,5.93861
201300036692,7,11,2013,11,1,83,90,2,1,1,6,"20, CLEMENCEAU (AVE GEOR",0.0,0.0
201300036693,12,11,2013,15,1,83,137,2,1,1,6,GASQUET (AVE JOSEPH DE 1,43.1246,5.95616
201300036694,20,11,2013,8,1,83,90,1,1,1,6,NATIONALE 8 (ROUTE),0.0,0.0
201300036695,23,11,2013,11,1,83,137,1,1,1,2,MARSEILLE (ROUTE DE),0.0,0.0
201300036696,30,11,2013,16,2,83,137,2,1,2,6,"22, CLAPIER (RUE VICTOR)",43.12607,5.9321
201300036697,3,12,2013,17,2,83,137,1,1,1,3,BRIAND (AVE ARISTIDE DE,0.0,0.0
201300036698,6,12,2013,8,1,83,137,2,1,1,6,"0, DEVOUCOUX (AVE ROGER)",43.12128,5.94051
201300036699,8,12,2013,12,1,83,137,2,2,1,3,JUIN (AVE ALPHONSE),43.12027,5.94738
201300036700,9,12,2013,17,5,83,62,2,1,1,2,"368, NATIONALE 97 (ROUTE",0.0,0.0
201300036701,10,12,2013,8,1,83,62,2,1,1,3,DUCLOS (AVENUE JACQUES),43.12033,6.01152
201300036702,5,12,2013,16,1,83,137,2,6,1,3,CLOVIS (AVE HUGUES),0.0,0.0
201300036703,29,11,2013,17,5,83,137,2,1,1,4,GASQUET (AVE JOSEPH DE 1,0.0,0.0
201300036704,10,12,2013,20,5,83,137,2,3,1,3,MOULINS (AVE DES DE 328,0.0,0.0
201300036705,7,11,2013,17,2,83,90,2,1,1,6,DE HAUTECLOCQUE (RUE PHI,43.13791,5.8484
201300036706,21,12,2013,19,5,83,137,2,1,1,2,"113, LECLERC (AVE GENERA",0.0,0.0
201300036707,3,12,2013,7,2,83,137,2,9,1,3,REPUBLIQUE (AVE DE LA),43.11996,5.93283
201300036708,5,12,2013,13,1,83,137,2,1,1,6,"77, CLEMENCEAU (BD GEORG",43.12368,5.93732
201300036709,14,12,2013,14,1,83,137,2,1,1,6,MAYOL (RUE FELIX),43.12837,5.90934
201300036710,17,12,2013,15,1,83,144,2,1,1,6,UNIVERSITE (AVE DE L'),43.13709,6.00334
201300036711,19,12,2013,18,4,83,62,2,1,3,5,"805, DE LATTRE DE TASSIG",0.0,0.0
201300036712,20,12,2013,17,5,83,90,2,1,1,3,CAGNARDE (ROND POINT DE,0.0,0.0
201300036713,23,12,2013,18,5,83,137,2,2,2,3,JOFFRE (BD MARECHAL),0.0,0.0
201300036714,25,12,2013,11,1,83,137,2,2,2,3,PASSY (AVE FREDERIC),43.12098,5.94763
201300036715,16,12,2013,16,1,83,137,1,1,1,6,ROOSEVELT (AVE FRANKLIN),43.11957,5.93867
201300036716,5,12,2013,22,5,83,137,2,1,1,5,BROSSET (BD GENERAL),43.12833,5.90494
201300036717,28,12,2013,0,5,83,137,2,4,1,1,CUZIN (AVE FRANCOIS),0.0,0.0
201300036718,23,1,2013,13,1,84,7,2,1,1,6,MENDES FRANCE (Rue Pierr,0.0,0.0
201300036719,18,1,2013,23,5,84,7,1,1,9,2,LEO   (RN1007),0.0,0.0
201300036720,17,1,2013,16,1,84,7,2,1,1,6,"124, TRILLADE (avenue de",0.0,0.0
201300036721,2,2,2013,4,5,84,7,2,1,1,6,"14, SAINT ROCH (Boulevar",0.0,0.0
201300036722,9,1,2013,17,5,84,7,2,1,1,5,C.De GAULLE (Rocade),0.0,0.0
201300036723,6,2,2013,16,1,84,7,2,3,1,3,TRILLADE (avenue de la ),0.0,0.0
201300036724,10,5,2013,15,1,84,7,2,2,1,6,"106, TRILLADE (avenue de",0.0,0.0
201300036725,27,12,2013,14,1,84,7,2,1,1,6,"3, avenue de la SYNAGOGU",0.0,0.0
201300036726,6,2,2013,20,5,84,7,2,1,1,6,LIMBERT (Boulevard),0.0,0.0
201300036727,6,2,2013,15,1,84,7,2,2,1,3,SOURCES (Avenue des),0.0,0.0
201300036728,21,1,2013,13,1,84,7,2,1,1,6,"45, MONTAIGNE (RUE MICHE",0.0,0.0
201300036729,28,2,2013,11,1,84,7,2,1,1,4,"103, PIERRE SEMARD (aven",0.0,0.0
201300036730,23,3,2013,6,5,84,7,2,4,1,3,MORIERES (Route de ),0.0,0.0
201300036731,31,3,2013,16,1,84,7,1,1,1,6,CONFLUENT (ROUTE),0.0,0.0
201300036732,7,4,2013,12,1,84,7,1,1,1,5,"4021, MORIERES (ROUTE DE",0.0,0.0
201300036733,1,4,2013,23,5,84,7,2,1,1,6,LYON (route de ),0.0,0.0
201300036734,15,4,2013,16,1,84,7,2,1,1,6,"27, SOULIER (BD Denis)",0.0,0.0
201300036735,29,3,2013,17,1,84,7,2,6,8,3,"00, TJIBAOU Jean-Marie (",0.0,0.0
201300036736,14,4,2013,6,5,84,7,2,2,1,5,CARDINAL BERTRAND (Cours,0.0,0.0
201300036737,4,5,2013,0,5,84,7,2,1,1,2,LIMBERT (Boulevard),0.0,0.0
201300036738,19,5,2013,3,5,84,7,2,2,1,3,PIERRE SEMARD (avenue),0.0,0.0
201300036739,7,6,2013,14,1,84,7,2,1,1,2,JAURES (Cours Jean),0.0,0.0
201300036740,29,5,2013,9,1,84,7,2,6,1,3,"000, EISENHOWER (Avenue)",0.0,0.0
201300036741,27,6,2013,18,1,84,7,2,2,1,5,PIERRE SEMARD (avenue),0.0,0.0
201300036742,17,6,2013,10,1,84,7,2,1,1,3,C.De GAULLE (Rocade).,0.0,0.0
201300036743,8,7,2013,13,1,84,7,2,1,1,3,"72, LYON (route de )",0.0,0.0
201300036744,9,7,2013,9,1,84,7,1,1,1,3,DOCTEUR PONS (Route tour,0.0,0.0
201300036745,5,7,2013,6,2,84,7,2,1,1,3,QUAI DE LA LIGNE (Boulev,0.0,0.0
201300036746,12,7,2013,12,1,84,7,2,1,1,3,ISLON (Chemin de l'),0.0,0.0
201300036747,12,7,2013,7,1,84,7,2,1,1,6,SAINT MICHEL (Boulevard),0.0,0.0
201300036748,16,7,2013,17,1,84,7,2,3,1,3,MOULIN NOTRE DAME (Rue),0.0,0.0
201300036749,22,7,2013,19,1,30,351,2,1,1,2,"57, EDMOND DUCROS BOULEV",43.96545,4.77545
201300036750,22,7,2013,17,1,84,7,2,1,1,6,AMANDIER (Avenue de l'),0.0,0.0
201300036751,31,7,2013,9,1,84,7,2,2,1,6,CABRIERE ( Avenue de la,0.0,0.0
201300036752,1,8,2013,21,1,84,7,1,1,1,6,"1208, SOUSPIROUS (Avenue",0.0,0.0
201300036753,4,8,2013,5,5,84,7,2,2,1,3,PLACE SAINT LAZARE,0.0,0.0
201300036754,24,8,2013,21,5,84,7,2,1,1,6,C.De GAULLE (Rocade),0.0,0.0
201300036755,29,8,2013,14,1,84,7,2,2,1,3,TARASCON,0.0,0.0
201300036756,21,8,2013,9,1,84,7,2,1,1,6,CRILLON ( Place),0.0,0.0
201300036757,3,9,2013,19,2,84,7,2,6,1,3,REALPANIER (Rond point d,0.0,0.0
201300036758,8,9,2013,6,5,84,7,2,2,1,3,SAINT RUF (Avenue),0.0,0.0
201300036759,14,9,2013,18,1,84,7,2,6,1,5,REALPANIER (Rond point d,0.0,0.0
201300036760,4,7,2013,19,1,84,7,2,1,1,2,PIERRE BEREGOVOY AVENUE,0.0,0.0
201300036761,1,10,2013,8,1,84,7,2,9,1,6,LAVARIN (Chemin du ),0.0,0.0
201300036762,24,9,2013,11,1,84,7,2,1,1,6,SIXTE ISNARD (Boulevard),0.0,0.0
201300036763,24,9,2013,12,1,84,7,2,1,1,3,CARDINAL BERTRAND (Cours,0.0,0.0
201300036764,17,10,2013,7,3,84,7,1,1,1,1,PALIERE (ALLEE),0.0,0.0
201300036765,22,10,2013,15,1,84,7,2,1,1,6,RENOIR (Rue P.Auguste),0.0,0.0
201300036766,23,9,2013,17,1,84,7,2,2,1,1,TARASCON ( Avenue de),0.0,0.0
201300036767,16,10,2013,8,1,84,7,2,1,1,5,"100, MONTFAVET (Route)",0.0,0.0
201300036768,27,10,2013,15,1,84,7,2,1,1,6,CATHERINE STE,0.0,0.0
201300036769,20,10,2013,0,5,84,7,2,6,1,3,MENDES FRANCE (Rue Pierr,0.0,0.0
201300036770,9,11,2013,16,1,84,7,2,1,1,2,AERODROME  (ROUTE DE L'),0.0,0.0
201300036771,10,11,2013,6,2,84,7,2,1,1,1,MARSEILLE (Route de ),0.0,0.0
201300036772,5,12,2013,10,1,84,7,2,1,1,6,"42, JAURES (Cours Jean)",0.0,0.0
201300036773,10,3,2013,2,5,84,31,2,1,8,6,SAINT ROCH AVENUE,0.0,0.0
201300036774,18,3,2013,18,1,84,31,2,1,1,5,"786, FABRE AVENUE JEAN H",0.0,0.0
201300036775,25,3,2013,1,3,84,80,1,1,1,2,CD 942 RTE SARRIANS A RO,0.0,0.0
201300036776,12,4,2013,14,1,84,31,2,1,2,6,", CHALON MARIE THERESE",0.0,0.0
201300036777,29,4,2013,15,1,84,31,1,1,1,7,D235,0.0,0.0
201300036778,10,5,2013,0,3,84,80,1,1,8,1,"1446, LORIOL ROUTE DE",0.0,0.0
201300036779,5,6,2013,10,1,84,31,1,9,1,3,MAZAN ROUTE DE,0.0,0.0
201300036780,25,6,2013,17,1,84,31,1,1,1,6,"185, CANNET CHEMIN DU",0.0,0.0
201300036781,4,7,2013,10,1,84,31,1,1,1,6,"1535, MAZAN ROUTE DE",0.0,0.0
201300036782,4,7,2013,18,1,84,31,1,1,1,3,MIRABEAU AVENUE,0.0,0.0
201300036783,17,8,2013,10,1,84,80,2,1,1,6,"49, AVIGNON BOULEVARD D'",0.0,0.0
201300036784,15,8,2013,17,1,84,31,1,1,1,2,CD 942,0.0,0.0
201300036785,22,9,2013,21,3,84,80,1,1,1,6,"1230, LORIOL ROUTE DE",0.0,0.0
201300036786,11,11,2013,14,1,84,80,2,9,1,3,SAINT HILAIRE CHEMIN DE,0.0,0.0
201300036787,20,12,2013,13,1,84,31,1,1,2,6,"738, LEGUE CHEMIN DE LA",0.0,0.0
201300036788,23,1,2013,16,1,84,35,1,1,1,6,ISLE/SORGUE-RD 938 (ROUT,0.0,0.0
201300036789,14,3,2013,16,1,84,35,2,1,1,6,TEMPS PERDUS (ALLEE DES),0.0,0.0
201300036790,15,5,2013,17,1,84,35,1,1,1,5,BREL (BOULEVARD JACQUES),0.0,0.0
201300036791,19,5,2013,8,4,84,35,1,1,1,6,RD.973,0.0,0.0
201300036792,31,5,2013,16,1,84,35,1,3,1,3,ROBION-RD2 (ROUTE DE),0.0,0.0
201300036793,20,6,2013,3,5,84,35,1,1,1,1,MARSEILLE-RD938 (ROUTE D,0.0,0.0
201300036794,8,7,2013,22,3,84,35,1,2,1,5,ROMIEU (CHEMIN),0.0,0.0
201300036795,12,9,2013,8,2,84,35,1,2,1,4,BANON (ROUTE DE),0.0,0.0
201300036796,18,9,2013,7,2,84,35,1,1,1,2,LAGNES-RD24 (ROUTE DE),0.0,0.0
201300036797,6,10,2013,17,1,84,35,1,2,1,3,BANON (ROUTE DE),0.0,0.0
201300036798,9,10,2013,20,3,84,35,1,2,1,3,ROBION-RD2 (ROUTE DE),0.0,0.0
201300036799,6,11,2013,13,1,84,35,2,6,1,1,DE LATTRE DE TASSIGNY (C,0.0,0.0
201300036800,11,11,2013,14,1,84,35,2,1,1,1,CHEVAL BLANC (AVENUE DE),0.0,0.0
201300036801,12,1,2013,18,3,84,87,1,1,1,1,"2506, ROUTE DE ROQUEMAUR",0.0,0.0
201300036802,12,4,2013,17,1,84,87,2,1,1,3,"705, VERDUN (AVENUE DE)",0.0,0.0
201300036803,14,5,2013,18,1,84,87,1,1,1,3,"1358, CHATEAUNEUF DU PAP",0.0,0.0
201300036804,4,6,2013,12,1,84,87,2,1,1,6,"36, VERDUN (AVENUE DE)",0.0,0.0
201300036805,24,4,2013,10,1,84,87,2,1,1,6,"144, GAULLE (AVENUE CHAR",0.0,0.0
201300036806,12,9,2013,8,1,84,87,2,1,7,6,"393, GAULLE (AVENUE CHAR",0.0,0.0
201300036807,13,9,2013,8,1,84,87,2,1,7,6,"286, GAULLE (AVENUE CHAR",0.0,0.0
201300036808,1,10,2013,11,1,84,87,1,1,1,1,"3045, CAMARET (ROUTE DE)",0.0,0.0
201300036809,15,11,2013,20,5,84,87,2,1,2,3,"81, VIOLETTE (RUE DE LA)",0.0,0.0
201300036810,9,1,2013,17,1,85,191,2,3,2,6,RUE GUSTAVE ZEDE,46.68998,-1.43514
201300036811,14,1,2013,18,5,85,191,2,6,3,6,RD-POINT BERNARD PALISSY,0.0,0.0
201300036812,16,1,2013,4,3,85,191,1,1,3,6,ROUTE DE LA TRANCHE,0.0,0.0