Num_Acc,jour,mois,an,hr,condition_eclairage,departement,commune,condition_agglomeration,intersection,condition_atmosphere,type_collision,adresse,lattitude,longitude
201300036813,30,1,2013,10,1,85,191,2,6,3,6,ROND-POINT DE L'HOPITAL,0.0,0.0
201300036814,5,2,2013,18,1,85,191,2,1,2,6,RUE DE FRIEDLAND,46.67887,-1.42442
201300036815,14,2,2013,16,1,85,191,2,1,1,6,RUE DE L'ANNEXE,0.0,0.0
201300036816,20,3,2013,11,1,85,191,2,2,1,6,RUE HENRI AUCHER,46.65846,-1.44118
201300036817,14,4,2013,20,1,85,191,1,1,1,6,10 RUE J. JAMES AUBUDON,46.64365,-1.43838
201300036818,23,4,2013,16,1,85,191,1,1,1,3,,0.0,0.0
201300036819,14,5,2013,12,1,85,191,2,3,1,3,BOULEVARD D'ANGLETERRE,0.0,0.0
201300036820,6,6,2013,10,1,85,191,2,1,1,6,94 RUE DU GENERAL GUERIN,0.0,0.0
201300036821,8,6,2013,17,1,85,191,2,1,1,6,3 RUE VEGA,46.65452,-1.39598
201300036822,16,6,2013,17,1,85,191,1,3,1,6,CHEMIN DU PRE MERLE,46.65911,-1.47668
201300036823,18,6,2013,16,1,85,191,2,1,2,6,187 RUE ROGER SALENGRO,0.0,0.0
201300036824,9,7,2013,17,1,85,191,1,1,1,1,LA MORELIERE,46.71132,-1.41921
201300036825,10,7,2013,18,1,85,191,2,1,1,1,RUE ROGER S. SALENGRO,0.0,0.0
201300036826,18,7,2013,16,1,85,191,2,1,1,6,RUE PHILIPPE LEBON,46.69985,-1.43085
201300036827,23,8,2013,15,1,85,191,2,3,1,3,RUE DU PRES. DE GAULLE,46.67129,-1.4204
201300036828,24,8,2013,21,5,85,191,2,2,1,3,RUE DU MARECHAL FOCH,46.67204,-1.42748
201300036829,17,9,2013,18,1,85,191,2,1,2,3,50 RUE D' AIZENAY,0.0,0.0
201300036830,18,9,2013,17,1,85,191,1,1,1,3,BOULEVARD JOSEPH CUGNOT,46.64273,-1.41229
201300036831,30,9,2013,12,1,85,191,1,1,1,2,D 948,0.0,0.0
201300036832,9,10,2013,14,1,85,191,2,3,1,3,47 RUE D'ARCOLE,0.0,0.0
201300036833,5,11,2013,7,1,85,191,2,2,3,6,BOULEVARD DES BELGES,0.0,0.0
201300036834,25,11,2013,7,1,85,191,2,1,1,6,27 RUE HUBERT CAILLER,46.67132,-1.41268
201300036835,29,11,2013,9,1,85,191,2,3,1,3,BOULEVARD LAVOISIER,46.66003,-1.44064
201300036836,28,11,2013,13,1,85,191,2,1,1,6,13 RUE ROGER SALENGRO,0.0,0.0
201300036837,18,12,2013,12,1,85,191,2,1,8,3,70 BOULEVARD D' ITALIE,0.0,0.0
201300036838,31,12,2013,20,5,85,191,2,1,2,6,32 RUE GEORGES POMPIDOU,0.0,0.0
201300036839,15,8,2013,12,1,85,166,1,1,1,4,RT PT BURGUINIERE,0.0,0.0
201300036840,2,1,2013,20,5,85,194,2,1,1,7,41 AVENUE D'AQUITAINE,0.0,0.0
201300036841,16,1,2013,18,5,85,60,2,1,1,6,BOULEVARD VENDEE GLOBE,0.0,0.0
201300036842,6,2,2013,16,1,85,166,2,6,1,6,GIRATOIRE F. MITTERRAND,0.0,0.0
201300036843,20,2,2013,13,1,85,60,2,1,1,6,106 AVENUE RENE COTY,0.0,0.0
201300036844,5,3,2013,13,1,85,194,2,1,1,6,23 RUE MAXIME BUDAIL,46.50184,-1.77447
201300036845,20,4,2013,18,1,85,60,1,2,1,3,RUE DU PETIT VERSAILLES,0.0,0.0
201300036846,4,5,2013,14,1,85,60,1,1,1,6,CHEMIN POISSONNIER,0.0,0.0
201300036847,4,5,2013,12,1,85,194,2,1,1,6,14 RUE OCTAVE VOYER,46.49917,-1.78425
201300036848,12,5,2013,1,3,85,166,1,1,1,1,ROUTE DE LA FORET,0.0,0.0
201300036849,25,5,2013,3,5,85,194,2,2,1,6,RUE DE LA BAUDUERE,46.50179,-1.78288
201300036850,7,6,2013,2,5,85,166,2,1,1,7,ROND POINT LA VANNERIE,0.0,0.0
201300036851,7,6,2013,0,5,85,194,2,1,1,6,BD DU PRESIDENT KENNEDY,0.0,0.0
201300036852,4,6,2013,23,5,85,166,2,1,1,6,150 RUE G. CLEMENCEAU,0.0,0.0
201300036853,26,6,2013,23,5,85,194,2,1,1,6,17 RUE MARECHAL LECLERC,46.49759,-1.78513
201300036854,16,6,2013,23,5,85,60,2,2,1,3,AVENUE RENE COTY,0.0,0.0
201300036855,11,7,2013,10,1,85,166,2,2,1,6,AV FRANCOIS MITTERAND,0.0,0.0
201300036856,13,7,2013,12,1,85,194,2,2,1,3,RUE DES BRANCHES,46.50795,-1.80658
201300036857,26,7,2013,2,5,85,194,2,1,1,6,64 RUE NATIONALE,46.49575,-1.78099
201300036858,28,7,2013,19,1,85,60,1,1,1,1,RUE DU PETIT VERSAILLES,0.0,0.0
201300036859,1,8,2013,10,1,85,194,2,1,1,6,68 RUE JOSEPH BENATIER,46.50318,-1.79906
201300036860,4,8,2013,9,1,85,194,2,2,1,3,QUAI JULES DINGLER,46.49589,-1.79476
201300036861,13,8,2013,14,1,85,194,2,1,1,6,18 RUE FELIX FAURE,46.48984,-1.76945
201300036862,22,8,2013,2,5,85,194,2,2,1,3,RUE DU DC SCHWEITZER,46.49602,-1.76379
201300036863,22,8,2013,13,1,85,166,2,1,1,1,85 ROUTE DES PINS,0.0,0.0
201300036864,7,9,2013,18,1,85,194,2,1,1,7,BD DE L'ILE VERTIME,46.50406,-1.78841
201300036865,15,9,2013,16,1,85,194,2,1,1,6,RUE GUY MIGNONNEAU,46.49445,-1.7728
201300036866,22,9,2013,13,1,85,194,2,1,1,2,BOULEVARD D'ILE VERTIME,46.50363,-1.78792
201300036867,4,10,2013,16,1,85,194,2,6,1,3,ROND POINT DU D CHARCOT,0.0,0.0
201300036868,12,10,2013,12,1,85,166,1,6,2,7,BOULEVARD VENDEE GLOBE,46.51174,-1.75748
201300036869,21,10,2013,18,1,85,194,2,1,1,6,RUE JOSEPH BENATIER,0.0,0.0
201300036870,26,10,2013,16,1,85,194,2,1,1,6,36 PROMENADE GEORGES V,46.49719,-1.79665
201300036871,31,10,2013,13,1,85,166,1,1,1,6,ROUTE DE LA MER,0.0,0.0
201300036872,31,10,2013,19,5,85,194,2,1,1,2,BOULEVARD D'ILE VERTIME,46.50508,-1.78941
201300036873,31,10,2013,18,5,85,166,2,1,1,2,BOULEVARD VENDEE GLOBE,0.0,0.0
201300036874,4,11,2013,8,1,85,60,2,3,1,6,ANGLE DOCTEUR LAENNEC,0.0,0.0
201300036875,13,11,2013,17,2,85,194,2,2,1,3,AVENUE DE BRETAGNE,0.0,0.0
201300036876,17,11,2013,18,5,85,194,2,1,1,6,RUE BARILLON,0.0,0.0
201300036877,22,11,2013,14,1,85,194,2,1,1,6,37 AVENUE JEAN JAURES,0.0,0.0
201300036878,16,12,2013,23,5,85,166,2,1,1,6,RUE GEORGES CLEMENCEAU,0.0,0.0
201300036879,10,12,2013,7,2,85,166,1,1,1,3,AVENUE CHARLES GAULLE,0.0,0.0
201300036880,6,12,2013,15,1,85,194,2,1,1,2,16 AVENUE D'ANJOU,0.0,0.0
201300036881,18,12,2013,16,1,85,194,2,1,1,6,90 AVENUE D'AQUITAINE,0.0,0.0
201300036882,22,11,2013,7,5,85,166,2,1,1,3,59 RUE DU 8 MAI 1945,0.0,0.0
201300036883,6,11,2013,12,1,85,194,2,1,1,1,RUE NATIONALE,46.49594,-1.77768
201300036884,6,12,2013,17,1,85,194,2,1,1,6,51 COURS DUPONT,46.49802,-1.77851
201300036885,7,12,2013,18,5,85,166,2,2,1,3,RUE DU 8 MAI 1945,0.0,0.0
201300036886,11,12,2013,19,5,85,166,2,1,1,6,BOULEVARD VENDEE GLOBE,0.0,0.0
201300036887,24,1,2013,9,1,86,66,2,1,1,2,"5, BRANLY (RUE)",0.0,0.0
201300036888,28,1,2013,10,1,86,66,1,1,1,6,RD 725 - ROUTE DE LA ROC,0.0,0.0
201300036889,21,2,2013,16,1,86,66,2,1,1,3,"107, DE LATTRE DE TASSIG",0.0,0.0
201300036890,6,3,2013,20,5,86,66,2,6,1,3,BRANLY (RUE),0.0,0.0
201300036891,19,4,2013,9,1,86,66,2,1,1,6,"30, LAGRANGE (RUE LEO)",0.0,0.0
201300036892,1,6,2013,16,1,86,66,1,3,1,3,RD 14 RTE DE PLEUMARTIN,0.0,0.0
201300036893,4,6,2013,20,1,86,66,1,6,1,6,POUTHUME (RUE DE),0.0,0.0
201300036894,20,6,2013,16,1,86,66,2,1,8,2,"57, RIPAULT AVENUE LOUIS",0.0,0.0
201300036895,10,7,2013,11,1,86,66,2,1,1,6,"1, RD 9",0.0,0.0
201300036896,29,7,2013,13,1,86,66,2,2,1,6,"1, RASSETEAU (RUE AIME)",0.0,0.0
201300036897,9,9,2013,14,1,86,66,2,1,1,6,Avenue Jean MOULIN,0.0,0.0
201300036898,12,9,2013,12,1,86,66,2,3,1,3,"3, HUGO (BOULEVARD VICTO",0.0,0.0
201300036899,14,9,2013,20,5,86,66,2,1,3,6,PLESSARD (RUE CHARLES),0.0,0.0
201300036900,16,9,2013,11,1,86,66,2,3,1,3,PALISSY (RUE BERNARD),0.0,0.0
201300036901,20,9,2013,7,1,86,66,2,3,1,2,COLOMBIERS (RUE DE),0.0,0.0
201300036902,10,11,2013,9,1,86,66,2,3,1,6,"17, BLOSSAC (BOULEVARD D",0.0,0.0
201300036903,15,11,2013,19,5,86,66,2,1,1,6,KENNEDY (AVENUE JOHN),0.0,0.0
201300036904,21,11,2013,8,1,86,66,2,1,1,6,"121, BLOSSAC (BOULEVARD",0.0,0.0
201300036905,22,11,2013,12,1,86,66,2,1,1,1,BRELANDIERE (RUE DE LA),0.0,0.0
201300036906,20,12,2013,17,2,86,66,2,1,1,6,PARADIS (RUE DU),0.0,0.0
201300036907,2,1,2013,12,1,86,194,2,1,1,6,"177, FAUBOURG PONT NEUF",0.0,0.0
201300036908,4,1,2013,12,1,86,194,2,3,1,3,"9, LIBERATION (AVENUE DE",0.0,0.0
201300036909,10,1,2013,7,2,86,158,1,1,2,4,RD 910,0.0,0.0
201300036910,15,1,2013,18,5,86,194,2,1,1,1,"., SAULAIE (ROUTE DE LA)",0.0,0.0
201300036911,15,1,2013,19,3,86,157,1,3,8,5,NOUAILLE (ROUTE DE),0.0,0.0
201300036912,16,1,2013,15,1,86,194,2,2,1,2,QUATRE CYPRES (RUE DES),0.0,0.0
201300036913,20,1,2013,5,3,86,133,1,1,4,6,RN.10,0.0,0.0
201300036914,24,1,2013,7,5,86,194,2,1,1,6,"389, NANTES (AVENUE DE)",0.0,0.0
201300036915,25,1,2013,8,2,86,158,1,3,1,3,RD 30,0.0,0.0
201300036916,25,1,2013,17,1,86,194,2,3,1,3,EUROPE (AVENUE DE L'),0.0,0.0
201300036917,26,1,2013,12,1,86,194,2,1,1,7,"49, CHARLES DE GAULLE (P",0.0,0.0
201300036918,28,1,2013,18,5,86,194,2,1,2,6,ROCADE EST (RD 162),0.0,0.0
201300036919,29,1,2013,12,1,86,157,2,1,2,2,RN 147,0.0,0.0
201300036920,30,1,2013,20,5,86,158,2,1,1,6,LOGE (AVENUE DE LA),0.0,0.0
201300036921,31,1,2013,17,1,86,194,2,1,1,1,"65, HAUT DES SABLES (RUE",0.0,0.0
201300036922,2,2,2013,4,5,86,194,2,1,1,6,"., COURS (PROMENADE DES)",0.0,0.0
201300036923,1,2,2013,12,1,86,194,2,1,3,4,"84, ROCHE (RUE DE LA)",0.0,0.0
201300036924,5,2,2013,7,2,86,194,2,2,1,3,JOHN KENNEDY (AVENUE),0.0,0.0
201300036925,7,2,2013,14,1,86,194,2,1,1,7,"35, BONNEUIL MATOURS (RO",0.0,0.0
201300036926,6,2,2013,15,1,86,194,2,1,1,6,"73, GRAND RUE (RUE)",0.0,0.0
201300036927,13,2,2013,21,5,86,194,2,2,2,3,"0, ANATOLE FRANCE (BOULE",0.0,0.0
201300036928,25,2,2013,21,5,86,194,2,2,4,3,STADE (ROND POINT DU),0.0,0.0
201300036929,2,3,2013,2,5,86,194,2,1,1,7,LAFAYETTE (AVENUE DE),0.0,0.0
201300036930,4,3,2013,15,1,86,194,2,1,1,2,"67, GRAND CERF (BOULEVAR",0.0,0.0
201300036931,6,3,2013,19,5,86,214,2,3,1,3,HAUTS DE LA CHAUME (AVEN,0.0,0.0
201300036932,8,3,2013,21,3,86,157,2,3,1,4,NOUAILLE (ROUTE DE),0.0,0.0
201300036933,11,3,2013,11,1,86,194,2,6,1,3,RUE JEAN CARBONNIER,0.0,0.0
201300036934,17,3,2013,4,5,86,194,2,1,2,6,COURS (PROMENADE DES),0.0,0.0
201300036935,17,3,2013,18,1,86,194,2,1,1,3,"0, Route de Parthenay",0.0,0.0
201300036936,19,3,2013,13,1,86,158,2,6,2,3,"., LOGE (AVENUE DE LA)",0.0,0.0
201300036937,26,3,2013,17,1,86,194,2,2,1,3,"., TRAMWAYS DEPARTEMENTA",0.0,0.0
201300036938,26,3,2013,21,5,86,194,2,1,1,6,"9, NORTHAMPTON (AVENUE D",0.0,0.0
201300036939,27,3,2013,7,1,86,157,1,1,1,3,RN 147,0.0,0.0
201300036940,27,3,2013,17,1,86,41,2,1,1,6,"37, PLANTY (RUE DU)",0.0,0.0
201300036941,28,3,2013,23,5,86,158,2,1,1,6,"51, CENTRE (RUE DU)",0.0,0.0
201300036942,29,3,2013,15,1,86,194,2,2,2,5,Route D?partementale 910,0.0,0.0
201300036943,29,3,2013,20,5,86,194,2,2,1,3,LIBERATION (AVENUE DE LA,0.0,0.0
201300036944,4,4,2013,20,5,86,194,2,6,2,6,MILETRIE (RUE DE LA),0.0,0.0
201300036945,6,4,2013,0,5,86,194,2,3,1,3,TISON (BOULEVARD),0.0,0.0
201300036946,6,4,2013,15,1,86,194,2,1,1,2,"367, NANTES (AVENUE DE)",0.0,0.0
201300036947,8,4,2013,23,5,86,194,2,1,1,5,11 NOVEMBRE (AVENUE DU),0.0,0.0
201300036948,10,4,2013,17,1,86,194,2,3,1,3,LIBERATION (AVENUE DE LA,0.0,0.0
201300036949,12,4,2013,11,1,86,214,2,1,2,7,"253, GENCAY (ROUTE DE)",0.0,0.0
201300036950,14,4,2013,5,5,86,194,2,2,1,3,JOHN KENNEDY (AVENUE),0.0,0.0
201300036951,15,4,2013,12,1,86,157,2,6,1,3,RN 147,0.0,0.0
201300036952,18,4,2013,17,1,86,194,2,1,1,6,"6, BAJON (BOULEVARD)",0.0,0.0
201300036953,20,4,2013,4,5,86,194,2,1,1,1,ANDRE MALRAUX (VOIE),0.0,0.0
201300036954,28,4,2013,4,5,86,194,2,2,1,6,ROCADE EST (RD 162),0.0,0.0
201300036955,29,4,2013,8,1,86,41,1,1,1,2,RN 147 Pont sur le Clain,0.0,0.0
201300036956,2,5,2013,8,1,86,194,2,2,1,6,GENCAY (ROUTE DE),0.0,0.0
201300036957,9,5,2013,2,5,86,158,2,1,2,6,"21, POITIERS (RUE DE)",0.0,0.0
201300036958,11,5,2013,15,1,86,194,2,2,1,3,"., KLEBER (RUE)",0.0,0.0
201300036959,15,5,2013,9,1,86,194,2,8,1,6,3 RUE VOLTAIRE,0.0,0.0
201300036960,16,5,2013,7,1,86,194,2,1,1,3,"169, QUATRE ROUES (RUE D",0.0,0.0
201300036961,16,5,2013,14,1,86,194,2,1,1,2,6 RUE GEORGES LECLANCHE,0.0,0.0
201300036962,17,5,2013,17,1,86,194,2,1,1,4,"49, GENCAY (ROUTE DE)",0.0,0.0
201300036963,17,5,2013,19,1,86,157,1,1,1,6,RN 147,0.0,0.0
201300036964,23,5,2013,1,3,86,157,1,1,1,2,RN 147,0.0,0.0
201300036965,23,5,2013,13,1,86,194,2,6,1,3,"., NORTHAMPTON (AVENUE D",0.0,0.0
201300036966,24,5,2013,23,5,86,194,2,2,1,3,EUROPE (AVENUE DE L'),0.0,0.0
201300036967,1,6,2013,6,2,86,194,2,7,1,6,CHARLES MARTEL (PLACE),0.0,0.0
201300036968,3,6,2013,9,1,86,157,2,1,1,5,"14, CHAUVIGNY (ROUTE DE)",0.0,0.0
201300036969,5,6,2013,14,1,86,41,1,1,1,2,RN 147 BUXEROLLES,0.0,0.0
201300036970,5,6,2013,18,1,86,194,2,3,1,3,"., NIMEGUE (RUE DE)",0.0,0.0
201300036971,7,6,2013,11,1,86,194,2,2,7,6,"0, JEAN JAURES (RUE)",0.0,0.0
201300036972,10,6,2013,16,1,86,157,1,1,1,6,LIMOGES (ROUTE DE),0.0,0.0
201300036973,11,6,2013,16,1,86,194,2,1,1,1,"1, PIQUETTERIE (RUE DE L",0.0,0.0
201300036974,17,6,2013,1,5,86,194,2,1,1,6,"162, BONNES (ROUTE DE)",0.0,0.0
201300036975,17,6,2013,13,1,86,194,2,6,1,3,GIBAUDERIE (RUE DE LA),0.0,0.0
201300036976,18,6,2013,9,1,86,214,2,1,3,6,"6, CHANTEJEAU (RUE DE)",0.0,0.0
201300036977,18,6,2013,12,1,86,194,2,1,3,7,"54, NANTES (AVENUE DE)",0.0,0.0
201300036978,24,6,2013,7,1,86,214,2,2,1,3,"., HAUTS DE LA CHAUME (A",0.0,0.0
201300036979,26,6,2013,9,1,86,194,2,2,1,2,EUROPE (AVENUE DE L'),0.0,0.0
201300036980,2,7,2013,19,1,86,194,2,6,1,3,8 MAI 1945 (AVENUE DU),0.0,0.0
201300036981,3,7,2013,9,1,86,157,1,1,1,2,LIMOGES (ROUTE DE),0.0,0.0
201300036982,3,7,2013,15,1,86,194,2,1,1,4,"221, FAUBOURG PONT NEUF",0.0,0.0
201300036983,3,7,2013,20,2,86,214,2,1,1,2,ROCADE SUD EST (RD 162),0.0,0.0
201300036984,5,7,2013,9,1,86,158,1,2,1,3,RICHELIEU (RUE DE),0.0,0.0
201300036985,9,7,2013,17,1,86,194,2,1,1,7,GRAND RUE (RUE),0.0,0.0
201300036986,12,7,2013,12,1,86,157,2,1,1,2,RN 147,0.0,0.0
201300036987,18,7,2013,10,1,86,194,2,1,7,6,"25, QUINCAY (RUE DE)",0.0,0.0
201300036988,18,7,2013,19,1,86,27,1,2,1,3,FORET (ROUTE DE LA),0.0,0.0
201300036989,19,7,2013,10,1,86,194,2,2,1,3,"0, DEUX COMMUNES (RUE DE",0.0,0.0
201300036990,22,7,2013,1,5,86,194,2,1,1,6,FRANCOIS ALBERT (BOULEVA,0.0,0.0
201300036991,22,7,2013,10,1,86,194,2,2,1,3,PAILLERIE (RUE DE LA),0.0,0.0
201300036992,23,7,2013,12,1,86,194,2,3,2,3,IASSY (AVENUE DE),0.0,0.0
201300036993,25,7,2013,22,5,86,194,2,2,1,3,JACQUES COEUR (AVENUE),0.0,0.0
201300036994,28,7,2013,18,1,86,194,2,6,1,3,"., FAUBOURG SAINT CYPRIE",0.0,0.0
201300036995,30,7,2013,10,1,86,157,1,2,1,3,LIMOGES (ROUTE DE),0.0,0.0
201300036996,30,7,2013,16,1,86,133,1,1,1,2,RN.10,0.0,0.0
201300036997,30,7,2013,17,1,86,158,1,1,1,6,LIMBRE (RUE DE),0.0,0.0
201300036998,1,8,2013,21,3,86,194,2,3,1,3,PARTHENAY (Rte de) (RD 3,0.0,0.0
201300036999,2,8,2013,12,1,86,194,2,1,1,6,"28, COURONNERIES (RUE DE",0.0,0.0
201300037000,2,8,2013,16,1,86,214,2,1,1,5,ROCADE SUD EST (RD 162),0.0,0.0
201300037001,4,8,2013,13,1,86,157,1,3,1,7,NOUAILLE (ROUTE DE),0.0,0.0
201300037002,4,8,2013,13,1,86,157,1,3,1,3,NOUAILLE (ROUTE DE),0.0,0.0
201300037003,7,8,2013,19,1,86,194,2,1,1,2,JOHN KENNEDY (AVENUE),0.0,0.0
201300037004,17,8,2013,20,2,86,194,2,1,1,3,"250, 8 MAI 1945 (AVENUE",0.0,0.0
201300037005,21,8,2013,8,1,86,41,2,3,1,3,"39, DEUX COMMUNES (RUE D",0.0,0.0
201300037006,21,8,2013,16,1,86,194,2,2,1,6,"2, INTENDANT LE NAIN (RU",0.0,0.0
201300037007,22,8,2013,2,3,86,194,1,1,1,6,ROCADE OUEST (RD 910),0.0,0.0
201300037008,22,8,2013,8,1,86,214,2,6,1,4,"208, GENCAY (ROUTE DE)",0.0,0.0
201300037009,24,8,2013,3,3,86,194,2,1,1,7,PARTHENAY (Rte de) (RD 3,0.0,0.0
201300037010,31,8,2013,19,1,86,194,2,1,1,6,"42, CHASSEIGNE (BOULEVAR",0.0,0.0
201300037011,1,9,2013,21,5,86,194,2,1,1,6,"1, MONTAIGNE (RUE)",0.0,0.0
201300037012,3,9,2013,17,1,86,194,2,1,1,3,"85, LIBERATION (AVENUE D",0.0,0.0
201300037013,3,9,2013,21,5,86,214,2,4,1,6,"., POITIERS (ROUTE DE)",0.0,0.0
201300037014,6,9,2013,21,5,86,41,1,1,1,6,"0, LIBERTE (AVENUE DE LA",0.0,0.0
201300037015,10,9,2013,18,1,86,194,2,1,1,3,"147 bis, NOUAILLE (ROUTE",0.0,0.0
201300037016,10,9,2013,19,1,86,194,2,2,1,6,"., RECTEUR PINEAU (AVENU",0.0,0.0
201300037017,12,9,2013,11,1,86,158,1,1,1,2,147 (ROUTE NATIONALE),0.0,0.0
201300037018,14,9,2013,17,1,86,194,2,2,3,4,11 NOVEMBRE (AVENUE DU),0.0,0.0
201300037019,15,9,2013,21,5,86,194,2,3,1,3,"., GENCAY (ROUTE DE)",0.0,0.0
201300037020,15,9,2013,20,5,86,194,2,1,1,6,NORTHAMPTON (AVENUE DE),0.0,0.0
201300037021,14,9,2013,14,1,86,214,2,1,2,6,GENCAY (ROUTE DE),0.0,0.0
201300037022,16,9,2013,18,1,86,194,2,3,1,3,"., SANS CULOTTES (RUE DE",0.0,0.0
201300037023,18,9,2013,7,4,86,194,2,3,2,3,SAINT JUST (BOULEVARD),0.0,0.0
201300037024,19,9,2013,17,1,86,194,2,1,1,4,"9, NORTHAMPTON (AVENUE D",0.0,0.0
201300037025,24,9,2013,8,1,86,214,2,3,1,3,11 NOVEMBRE (AVENUE DU),0.0,0.0
201300037026,25,9,2013,17,1,86,194,2,2,1,5,PAILLERIE (RUE DE LA),0.0,0.0
201300037027,26,9,2013,18,1,86,194,2,2,1,3,RAOUL FOLLEREAU (RUE),0.0,0.0
201300037028,27,9,2013,8,1,86,194,2,2,1,3,PAILLERIE (RUE DE LA),0.0,0.0
201300037029,27,9,2013,9,1,86,194,2,1,1,3,"126, BUGELLERIE (RUE DE",0.0,0.0
201300037030,27,9,2013,17,1,86,194,2,1,1,3,"16, PONT SAINT CYPRIEN (",0.0,0.0
201300037031,29,9,2013,19,3,86,194,1,1,3,2,BRETELLE SORTIE N147/D3,0.0,0.0
201300037032,30,9,2013,21,5,86,194,2,3,1,3,"0, NANTES (AVENUE DE)",0.0,0.0
201300037033,1,10,2013,19,2,86,194,2,1,1,6,"57, GANTERIE (RUE DE LA)",0.0,0.0
201300037034,4,10,2013,7,5,86,158,2,1,1,3,"., LOGE (AVENUE DE LA)",0.0,0.0
201300037035,4,10,2013,17,1,86,158,1,1,2,3,RN.147,0.0,0.0
201300037036,7,10,2013,13,1,86,158,1,6,1,2,RN.149,0.0,0.0
201300037037,9,10,2013,20,5,86,194,2,1,1,1,"18, MONTMIDI (RUE DE)",0.0,0.0
201300037038,10,10,2013,17,1,86,157,1,1,1,5,"0, SAVIGNY (ROUTE DE )",0.0,0.0
201300037039,13,10,2013,10,1,86,158,1,1,5,6,RD 347,0.0,0.0
201300037040,16,10,2013,17,1,86,194,2,2,1,3,BOULEVARD  PONT JOUBERT,0.0,0.0
201300037041,20,10,2013,13,1,86,194,2,2,1,3,ROCADE OUEST (RD 910),0.0,0.0
201300037042,21,10,2013,18,1,86,194,2,2,1,3,CHARLES VII (PLACE),0.0,0.0
201300037043,24,10,2013,15,1,86,41,2,3,1,3,RUE DE LA VINCENDERIE,0.0,0.0
201300037044,24,10,2013,20,5,86,194,2,2,1,3,ROCADE OUEST (RD 910),0.0,0.0
201300037045,26,10,2013,17,1,86,194,2,2,1,3,ROCADE EST (RD 162),0.0,0.0
201300037046,26,10,2013,20,5,86,194,2,1,1,3,BOULEVARD CHASSEIGNE,0.0,0.0
201300037047,28,10,2013,9,1,86,194,2,1,1,2,JOHN KENNEDY (AVENUE),0.0,0.0
201300037048,30,10,2013,12,1,86,214,2,1,1,4,11 NOVEMBRE (AVENUE DU),0.0,0.0
201300037049,2,11,2013,21,5,86,194,2,1,2,6,ANDRE MALRAUX (VOIE),0.0,0.0
201300037050,3,11,2013,0,5,86,194,2,2,2,3,ROCADE EST (RD 162),0.0,0.0
201300037051,5,11,2013,19,5,86,194,2,3,1,3,"., SAVARI (BOULEVARD)",0.0,0.0
201300037052,6,11,2013,5,5,86,194,2,2,2,6,JOHN KENNEDY (AVENUE),0.0,0.0
201300037053,8,11,2013,10,1,86,194,1,1,2,6,ROCADE OUEST (RD 910),0.0,0.0
201300037054,11,11,2013,16,1,86,194,2,3,1,3,PONT ACHARD (BOULEVARD),0.0,0.0
201300037055,12,11,2013,15,1,86,194,2,2,1,3,MARECHAL FOCH (RUE DU),0.0,0.0
201300037056,12,11,2013,18,5,86,194,2,1,2,6,"191, FAUBOURG PONT NEUF",0.0,0.0
201300037057,14,11,2013,9,1,86,194,2,1,1,7,"24, BAJON (BOULEVARD)",0.0,0.0
201300037058,15,11,2013,11,1,86,27,2,1,2,6,"5, CHARLES DE GAULLE (AV",0.0,0.0
201300037059,18,11,2013,14,1,86,157,1,1,1,6,"227, NOUAILLE (ROUTE DE)",0.0,0.0
201300037060,19,11,2013,15,1,86,194,2,2,1,3,NANTES (AVENUE DE),0.0,0.0
201300037061,20,11,2013,2,5,86,194,2,3,1,6,"., LATTRE DE TASSIGNY (B",0.0,0.0
201300037062,20,11,2013,11,1,86,194,2,1,1,7,"1, CARMES (RUE DES)",0.0,0.0
201300037063,20,11,2013,22,3,86,158,1,1,2,7,RICHELIEU (RUE DE),0.0,0.0
201300037064,21,11,2013,7,2,86,194,2,6,2,6,"., RUE JEAN CARBONNIER",0.0,0.0
201300037065,21,11,2013,17,5,86,194,2,1,2,3,"0, NANTES (AVENUE DE)",0.0,0.0
201300037066,21,11,2013,18,5,86,194,2,1,2,6,"28, JEANNE D'ARC (BOULEV",0.0,0.0
201300037067,29,11,2013,8,2,86,194,2,6,1,3,ROCADE OUEST (RD 910),0.0,0.0
201300037068,28,11,2013,17,5,86,194,2,3,1,3,"0, NORTHAMPTON (AVENUE D",0.0,0.0
201300037069,30,11,2013,21,5,86,41,2,1,1,6,"76, VALLEE (ROUTE DE LA)",0.0,0.0
201300037070,3,12,2013,18,5,86,194,2,6,1,6,"2, GENCAY (ROUTE DE)",0.0,0.0
201300037071,4,12,2013,16,2,86,158,1,1,1,2,RICHELIEU (RUE DE),0.0,0.0
201300037072,5,12,2013,16,1,86,194,2,1,1,6,"20, AVIATION (RUE DE L')",0.0,0.0
201300037073,6,12,2013,21,5,86,214,2,2,1,1,RTE DE GENCAY/D162,0.0,0.0
201300037074,7,12,2013,23,5,86,194,2,1,1,6,"94, PLATEAU DES GLIERES",0.0,0.0
201300037075,9,12,2013,18,5,86,194,2,3,1,3,LIBERATION (AVENUE DE LA,0.0,0.0
201300037076,11,12,2013,7,2,86,194,2,1,1,7,RECTEUR PINEAU (AVENUE),0.0,0.0
201300037077,12,12,2013,13,1,86,194,2,1,1,6,ANDRE MALRAUX (VOIE),0.0,0.0
201300037078,13,12,2013,8,2,86,41,1,1,9,6,RN 147 BUXEROLLES,0.0,0.0
201300037079,13,12,2013,8,2,86,41,1,1,5,2,RN 147 BUXEROLLES,0.0,0.0
201300037080,14,12,2013,10,1,86,157,2,2,5,3,RN 147,0.0,0.0
201300037081,15,12,2013,1,4,86,158,1,1,1,6,RD 910,0.0,0.0
201300037082,16,12,2013,19,5,86,214,2,2,1,6,11 NOVEMBRE (AVENUE DU),0.0,0.0
201300037083,19,12,2013,16,1,86,194,2,4,1,3,"0, PORTEAU (RUE DU)",0.0,0.0
201300037084,20,12,2013,11,1,86,158,2,1,1,2,"34BIS, POITIERS (RUE DE)",0.0,0.0