Num_Acc,jour,mois,an,hr,condition_eclairage,departement,commune,condition_agglomeration,intersection,condition_atmosphere,type_collision,adresse,lattitude,longitude
201300037085,21,12,2013,14,1,86,214,1,1,1,6,"0, GENCAY (ROUTE DE)",0.0,0.0
201300037086,23,12,2013,10,1,86,214,2,2,1,4,ROCADE SUD EST (RD 162),0.0,0.0
201300037087,28,12,2013,22,5,86,158,2,3,2,7,POITIERS (RUE DE),0.0,0.0
201300037088,29,12,2013,10,1,86,133,1,1,1,1,POITIERS (AVENUE DE),0.0,0.0
201300037089,31,12,2013,12,1,86,194,2,2,1,3,EUROPE (AVENUE DE L'),0.0,0.0
201300037090,31,12,2013,18,5,86,194,2,3,3,3,PONT JOUBERT (BOULEVARD),0.0,0.0
201300037091,1,1,2013,15,1,87,85,1,1,1,6,"0, AUTOROUTE A20",0.0,0.0
201300037092,2,1,2013,12,1,87,85,2,3,1,3,"0, VIGENAL (BOULEVARD DU",0.0,0.0
201300037093,5,1,2013,14,1,87,85,2,1,1,6,"0, CURIE  (RUE PIERRE ET",0.0,0.0
201300037094,5,1,2013,13,1,87,85,2,1,1,6,"88 BIS, BRIAND (RUE ARIS",0.0,0.0
201300037095,5,1,2013,16,1,87,85,2,1,1,2,"8, Georges GUINGOUIN(rue",0.0,0.0
201300037096,7,1,2013,4,3,87,50,1,1,5,6,"78, GARDE (RUE DE LA)",0.0,0.0
201300037097,7,1,2013,18,5,87,50,2,1,5,6,"15, VIGNES (RUE DES)",0.0,0.0
201300037098,8,1,2013,17,1,87,85,2,1,2,6,"13, PETINIAUD BEAUPEYRAT",0.0,0.0
201300037099,10,1,2013,2,5,87,85,2,1,1,2,"2, BAUDIN ( AVENUE) (VC)",0.0,0.0
201300037100,10,1,2013,8,1,87,85,2,1,2,6,"11, CHURCHILL WINSTON (P",0.0,0.0
201300037101,10,1,2013,23,5,87,85,1,1,1,6,BAUDIN (AVENUE) ( RN21),0.0,0.0
201300037102,11,1,2013,19,5,87,85,2,3,1,3,"0, CAMBUSES (Avenue des)",0.0,0.0
201300037103,12,1,2013,17,5,87,114,2,1,2,6,"07, DE-GAULLE (AVENUE DU",0.0,0.0
201300037104,13,1,2013,18,5,87,85,2,1,1,2,"21, REVOLUTION (AVENUE D",0.0,0.0
201300037105,17,1,2013,11,1,87,85,2,1,1,2,"0, BASTIAT (RUE FREDERIC",0.0,0.0
201300037106,17,1,2013,11,1,87,85,2,1,1,6,"23, PUY LAS RODAS (RUE D",0.0,0.0
201300037107,19,1,2013,19,5,87,65,2,1,2,3,"0, LEGRAND (RUE FREDERIC",0.0,0.0
201300037108,22,1,2013,7,5,87,85,2,3,1,3,"0, ESSARTS (RUE DES)",0.0,0.0
201300037109,22,1,2013,10,1,87,85,2,1,2,6,"221, PERRIN (RUE FRANCOI",0.0,0.0
201300037110,22,1,2013,8,1,87,85,2,1,1,6,D20,0.0,0.0
201300037111,27,1,2013,16,1,87,85,2,3,2,3,"0, VIGENAL (BOULEVARD DU",0.0,0.0
201300037112,28,1,2013,7,5,87,85,2,1,2,3,"81, KENNEDY (AVENUE DU P",0.0,0.0
201300037113,29,1,2013,10,1,87,85,2,1,1,2,"0, FEYTIAT (RUE DE)",0.0,0.0
201300037114,30,1,2013,18,5,87,85,2,1,2,6,"0, JOFFRE (RUE DU MARECH",0.0,0.0
201300037115,31,1,2013,8,1,87,85,2,1,2,2,"0, FRACHON ( ave Benoit)",0.0,0.0
201300037116,1,2,2013,12,1,87,50,2,1,3,2,GARE (AVENUE DE LA) RD12,0.0,0.0
201300037117,4,2,2013,8,1,87,85,1,1,2,6,"0, AUTOROUTE A20",0.0,0.0
201300037118,4,2,2013,9,1,87,85,2,2,2,6,"70, DUMONT (RUE HENRI)",0.0,0.0
201300037119,4,2,2013,17,1,87,85,1,2,2,6,AUTOROUTE A20,0.0,0.0
201300037120,6,2,2013,16,1,87,85,2,1,2,3,"0, BETOULLE (PLACE LEON)",0.0,0.0
201300037121,8,2,2013,18,5,87,113,2,3,1,3,"35, MOULIN (AVENUE JEAN)",0.0,0.0
201300037122,9,2,2013,20,5,87,85,2,1,4,6,"58, BEAUBREUIL (AVENUE D",0.0,0.0
201300037123,15,2,2013,12,1,87,85,2,2,1,3,"54, MONTJOVIS (AVENUE)",0.0,0.0
201300037124,19,2,2013,9,1,87,65,2,1,1,2,"09, VALIN (AVENUE MARTIA",0.0,0.0
201300037125,22,2,2013,20,5,87,85,2,3,1,1,"113, DUTREIX (RUE ARMAND",0.0,0.0
201300037126,23,2,2013,18,1,87,85,2,3,4,3,"28, VIGENAL (BOULEVARD D",0.0,0.0
201300037127,24,2,2013,22,5,87,85,2,1,4,6,"0, SCHUMAN (BOULEVARD RO",0.0,0.0
201300037128,25,2,2013,11,1,87,85,2,1,4,6,"2, CARNOT (BOULEVARD)",0.0,0.0
201300037129,26,2,2013,8,1,87,85,1,1,1,2,"0, AUTOROUTE A20",0.0,0.0
201300037130,26,2,2013,18,5,87,85,1,1,1,2,AUTOROUTE A20,0.0,0.0
201300037131,27,2,2013,16,1,87,85,2,1,1,6,"11, LANSECOT (RUE)",0.0,0.0
201300037132,27,2,2013,15,1,87,75,1,1,1,6,"0, VC18 (rte de THIAS)",0.0,0.0
201300037133,28,2,2013,19,5,87,85,2,1,1,6,"68, LEGENDRE (RUE CHARLE",0.0,0.0
201300037134,2,3,2013,22,5,87,85,2,2,1,3,FRACHON ( ave Benoit),0.0,0.0
201300037135,3,3,2013,20,3,87,85,1,1,1,2,RD941 (OUEST),0.0,0.0
201300037136,4,3,2013,18,1,87,65,2,1,1,3,"5, VIEUX CREZIN (RUE DU)",0.0,0.0
201300037137,6,3,2013,13,1,87,85,2,1,2,6,"79, PERRIN (RUE FRANCOIS",0.0,0.0
201300037138,8,3,2013,17,5,87,85,2,1,2,6,"0, SCHUMAN (BOULEVARD RO",0.0,0.0
201300037139,9,3,2013,15,1,87,114,1,1,1,6,PRESSEMANE (AVENUE ADRIE,0.0,0.0
201300037140,9,3,2013,17,1,87,85,2,3,1,3,"0, KING (AVENUE MARTIN L",0.0,0.0
201300037141,12,3,2013,8,1,87,85,2,1,2,2,"0, BEAUBLANC (BOULEVARD",0.0,0.0
201300037142,13,3,2013,14,1,87,85,2,3,1,3,"0, LEOBARDY (AVE DU PROF",0.0,0.0
201300037143,15,3,2013,14,1,87,85,2,1,1,6,"167, PERRIN (RUE FRANCOI",0.0,0.0
201300037144,22,3,2013,23,5,87,85,2,1,1,3,MAS-BOUYOL  (CITE ET BOU,0.0,0.0
201300037145,25,3,2013,19,3,87,85,1,1,1,6,AUTOROUTE A20,0.0,0.0
201300037146,26,3,2013,12,1,87,85,2,1,1,3,"07, LIBERATION (AVENUE D",0.0,0.0
201300037147,2,4,2013,10,1,87,85,2,1,1,6,"6, MENIEUX (RUE DU LIEUT",0.0,0.0
201300037148,3,4,2013,13,1,87,48,1,3,1,3,"0, NEXON (ROUTE DE)",0.0,0.0
201300037149,3,4,2013,17,1,87,85,2,2,1,3,"0, MONTARAUDS (RUE DES)",0.0,0.0
201300037150,3,4,2013,19,1,87,75,2,1,1,6,"0, CHATEAU (AVENUE DU)",0.0,0.0
201300037151,4,4,2013,17,1,87,85,2,1,2,6,PORT DU NAVEIX (RUE DU),0.0,0.0
201300037152,4,4,2013,19,1,87,85,1,1,2,6,AUTOROUTE A20,0.0,0.0
201300037153,5,4,2013,14,1,87,85,2,1,1,2,"14, LECLERC (AVENUE DU G",0.0,0.0
201300037154,5,4,2013,15,1,87,85,2,1,1,6,"40, PERRIN (RUE FRANCOIS",0.0,0.0
201300037155,5,4,2013,17,1,87,85,2,1,1,3,"53, REVOLUTION (AVENUE D",0.0,0.0
201300037156,6,4,2013,21,5,87,85,2,1,1,3,"49, GARIBALDI (AVENUE)",0.0,0.0
201300037157,7,4,2013,23,5,87,85,2,1,1,6,MAS-BOUYOL  (CITE ET BOU,0.0,0.0
201300037158,11,4,2013,17,1,87,85,2,1,3,6,"0, BROGLIE (AVENUE LOUIS",0.0,0.0
201300037159,12,4,2013,13,1,87,85,2,2,2,3,"93, LABUSSIERE (AVENUE E",0.0,0.0
201300037160,12,4,2013,18,1,87,85,2,2,1,3,"79, VARLIN (RUE EUGENE)",0.0,0.0
201300037161,13,4,2013,17,1,87,85,2,2,1,5,"30, SILVESTRE (RUE CHARL",0.0,0.0
201300037162,18,4,2013,10,1,87,85,2,1,1,6,"155, PERRIN (RUE FRANCOI",0.0,0.0
201300037163,19,4,2013,17,1,87,85,2,1,1,6,"10, JOURDAN (PLACE)",0.0,0.0
201300037164,22,4,2013,8,1,87,65,2,1,1,6,"33, VALIN (AVENUE MARTIA",0.0,0.0
201300037165,22,4,2013,17,1,87,85,2,1,1,6,"46, PISSARO (RUE CAMILLE",0.0,0.0
201300037166,25,4,2013,16,1,87,85,2,1,1,1,"22, VERDUN (RUE DE)",0.0,0.0
201300037167,29,4,2013,12,1,87,85,2,9,1,6,"0, FOCH (RUE DU MARECHAL",0.0,0.0
201300037168,30,4,2013,8,1,87,50,2,1,2,3,"0, LIMOGES (AVENUE DE)",0.0,0.0
201300037169,2,5,2013,7,1,87,85,1,1,3,6,AUTOROUTE A20,0.0,0.0
201300037170,3,5,2013,11,1,87,85,2,3,1,3,"76, ISLE (RUE D')",0.0,0.0
201300037171,6,5,2013,11,1,87,85,2,1,1,2,"0, MAS-BOUYOL  (CITE ET",0.0,0.0
201300037172,8,5,2013,16,1,87,85,2,2,1,3,"02, DONZELOT (RUE)",0.0,0.0
201300037173,11,5,2013,10,1,87,113,2,1,1,2,CARNOT (AVENUE SADI),0.0,0.0
201300037174,11,5,2013,7,2,87,113,1,1,1,6,"8, MITTERRAND (AVENUE FR",0.0,0.0
201300037175,11,5,2013,15,1,87,85,1,1,1,1,RN520,0.0,0.0
201300037176,12,5,2013,8,1,87,48,1,1,2,6,"0, RD 32",0.0,0.0
201300037177,13,5,2013,18,1,87,85,2,1,1,3,ORADOUR SUR GLANE (CARRE,0.0,0.0
201300037178,15,5,2013,10,1,87,114,2,2,1,3,"72, BLUM (AVENUE LEON-)",0.0,0.0
201300037179,15,5,2013,13,1,87,85,2,9,1,6,"0, LARREY (AVENUE DOMINI",0.0,0.0
201300037180,16,5,2013,7,2,87,114,1,1,1,6,"50, PALAIS-SUR-VIENNE (A",0.0,0.0
201300037181,16,5,2013,8,1,87,85,2,1,1,6,"1, SOUCIS (RUE DES)",0.0,0.0
201300037182,17,5,2013,8,1,87,85,2,2,1,6,"179, VANTEAUX (BOULEVARD",0.0,0.0
201300037183,17,5,2013,18,1,87,85,2,1,1,6,"24, BEL AIR (BOULEVARD D",0.0,0.0
201300037184,18,5,2013,9,1,87,48,1,1,2,6,"04, CHAMBON (LIEU DIT LE",0.0,0.0
201300037185,18,5,2013,10,1,87,85,1,1,3,6,AUTOROUTE A20,0.0,0.0
201300037186,18,5,2013,13,1,87,85,2,1,2,2,"0, BROGLIE (AVENUE LOUIS",0.0,0.0
201300037187,20,5,2013,12,1,87,85,1,1,2,6,AUTOROUTE A20,0.0,0.0
201300037188,20,5,2013,14,1,87,50,2,1,3,6,"0, LIMOGES (AVENUE DE)",0.0,0.0
201300037189,21,5,2013,17,1,87,85,2,9,2,2,"0, ARMAND (AVE Z.A.C",0.0,0.0
201300037190,22,5,2013,15,1,87,85,2,1,1,6,"11, CHURCHILL WINSTON (P",0.0,0.0
201300037191,23,5,2013,9,1,87,85,2,1,1,6,BEL AIR (BOULEVARD DE),0.0,0.0
201300037192,24,5,2013,8,1,87,85,2,1,1,4,"319, BAUDIN ( AVENUE) (V",0.0,0.0
201300037193,27,5,2013,12,1,87,50,1,1,1,1,RN520 (COUZEIX),0.0,0.0
201300037194,27,5,2013,13,1,87,85,2,1,2,6,"196, BELLAC (RUE DE)",0.0,0.0
201300037195,27,5,2013,19,1,87,85,2,1,1,6,"0, CARNOT (PLACE SADI)",0.0,0.0
201300037196,28,5,2013,8,1,87,48,1,1,1,4,"0, NEXON (ROUTE DE)",0.0,0.0
201300037197,28,5,2013,13,1,87,85,2,1,2,6,SCHUMAN (BOULEVARD ROBER,0.0,0.0
201300037198,28,5,2013,15,1,87,85,2,1,3,6,"79, LATTRE-DE-TASSIGNY (",0.0,0.0
201300037199,29,5,2013,12,1,87,85,2,1,2,6,"53, PECHIERAS (RUE RENE)",0.0,0.0
201300037200,29,5,2013,17,2,87,85,2,3,2,3,"0, JOURDAN (PLACE)",0.0,0.0
201300037201,30,5,2013,9,1,87,114,2,2,1,6,"68, BLUM (AVENUE LEON-)",0.0,0.0
201300037202,30,5,2013,12,1,87,85,2,1,2,6,"0, ORADOUR SUR GLANE (CA",0.0,0.0
201300037203,31,5,2013,17,1,87,75,1,3,1,6,"06, COUERASSAS (RUE DE)",0.0,0.0
201300037204,31,5,2013,21,5,87,65,1,1,1,6,MOISSAGUET (LIEU-DIT),0.0,0.0
201300037205,3,6,2013,10,1,87,85,2,1,1,6,"28, MAS-LOUBIER (RUE DU)",0.0,0.0
201300037206,3,6,2013,17,1,87,114,2,1,1,4,"50, CARNOT (AVENUE PRESI",0.0,0.0
201300037207,4,6,2013,11,1,87,85,2,2,1,6,"26, GARIBALDI (AVENUE)",0.0,0.0
201300037208,5,6,2013,10,1,87,85,1,1,1,5,AUTOROUTE A20,0.0,0.0
201300037209,7,6,2013,15,1,87,85,2,3,1,6,"184, CASSEAUX (AVE DES)",0.0,0.0
201300037210,8,6,2013,13,1,87,85,1,1,2,1,ESSARTS (RUE DES),0.0,0.0
201300037211,8,6,2013,15,1,87,85,2,1,2,3,"4, AMPHITHEATRE (RUE DE)",0.0,0.0
201300037212,9,6,2013,0,5,87,85,2,1,1,6,"39, FEYTIAT (RUE DE)",0.0,0.0
201300037213,9,6,2013,12,1,87,85,2,2,1,3,"71, CHINCHAUVAUD (RUE DU",0.0,0.0
201300037214,12,6,2013,15,1,87,85,2,1,1,6,"6, CARMES (PLACE DES)",0.0,0.0
201300037215,12,6,2013,17,1,87,85,2,1,1,2,"07, GARIBALDI (AVENUE)",0.0,0.0
201300037216,13,6,2013,13,1,87,65,2,1,3,6,LEGRAND (RUE FREDERIC-),0.0,0.0
201300037217,13,6,2013,16,1,87,85,1,1,3,2,AUTOROUTE A20,0.0,0.0
201300037218,14,6,2013,13,1,87,85,2,1,1,2,"0, MAS-GIGOU (RUE DU)",0.0,0.0
201300037219,15,6,2013,5,1,87,75,1,1,1,6,"0, BALEZY (ROUTE DE)",0.0,0.0
201300037220,16,6,2013,12,1,87,85,2,1,1,6,"12, GUILLEMOT (RUE JOSEP",0.0,0.0
201300037221,17,6,2013,19,1,87,85,2,3,1,3,"93, LEGENDRE (RUE CHARLE",0.0,0.0
201300037222,19,6,2013,7,1,87,85,2,1,2,2,BAUDIN (AVENUE) ( RN21),0.0,0.0
201300037223,20,6,2013,17,1,87,85,2,2,2,3,"0, BEAUBREUIL (AVENUE DE",0.0,0.0
201300037224,20,6,2013,17,1,87,85,2,1,2,6,"11, WAGNER (RUE)",0.0,0.0
201300037225,23,6,2013,10,1,87,85,2,1,1,6,"14, MAS-BOUYOL  (CITE ET",0.0,0.0
201300037226,26,6,2013,14,1,87,85,1,1,1,3,MAS-BOUYOL  (CITE ET BOU,0.0,0.0
201300037227,27,6,2013,14,1,87,65,1,1,1,2,AUTOROUTE A20,0.0,0.0
201300037228,28,6,2013,18,1,87,85,2,1,1,6,"34, BARBES (RUE ARMAND)",0.0,0.0
201300037229,29,6,2013,1,3,87,114,1,1,1,6,"0, LAVAUD - LIEU DIT",0.0,0.0
201300037230,30,6,2013,1,5,87,85,2,1,1,6,"212, BRIAND (RUE ARISTID",0.0,0.0
201300037231,30,6,2013,10,1,87,85,2,1,1,2,"61, DUTREIX (RUE ARMAND)",0.0,0.0
201300037232,30,6,2013,17,1,87,85,2,2,1,2,"01, GALLIENI (RUE)",0.0,0.0
201300037233,30,6,2013,18,1,87,85,2,1,1,6,"43, PISSARO (RUE CAMILLE",0.0,0.0
201300037234,30,6,2013,19,1,87,50,2,1,1,6,LIMOGES (AVENUE DE),0.0,0.0
201300037235,2,7,2013,9,1,87,113,1,1,1,6,"0, MITTERRAND (AVENUE FR",0.0,0.0
201300037236,3,7,2013,8,1,87,85,2,1,2,7,"182, SAINT GENCE (RUE DE",0.0,0.0
201300037237,3,7,2013,18,1,87,85,2,1,2,6,"167, LATTRE-DE-TASSIGNY",0.0,0.0
201300037238,3,7,2013,18,1,87,75,1,1,1,2,RD79,0.0,0.0
201300037239,6,7,2013,10,1,87,48,1,3,1,1,"0, NEXON (ROUTE DE)",0.0,0.0
201300037240,6,7,2013,11,1,87,85,2,1,1,2,"38, BOTREL (RUE THEODORE",0.0,0.0
201300037241,6,7,2013,16,1,87,85,2,3,1,7,"51, GAMBETTA (BOULEVARD)",0.0,0.0
201300037242,6,7,2013,21,1,87,113,2,1,1,6,"12, POMPIDOU (AVENUE GEO",0.0,0.0
201300037243,7,7,2013,18,1,87,85,2,2,1,3,"11, MONTJOVIS (AVENUE)",0.0,0.0
201300037244,8,7,2013,11,1,87,113,2,1,1,6,"0, BASTIE (AVENUE MARYSE",0.0,0.0
201300037245,9,7,2013,13,1,87,85,2,2,1,3,"130, RUBEN (AVENUE ERNES",0.0,0.0
201300037246,9,7,2013,17,1,87,85,2,3,1,6,"52, COUTURES (AVENUE DES",0.0,0.0
201300037247,10,7,2013,17,1,87,85,2,2,1,3,"34, NADAUD (RUE GUSTAVE)",0.0,0.0
201300037248,11,7,2013,16,1,87,85,2,3,1,1,"0, REVOLUTION (PONT DE L",0.0,0.0
201300037249,11,7,2013,18,1,87,65,2,1,1,2,VALIN (AVENUE MARTIAL),0.0,0.0
201300037250,12,7,2013,20,1,87,48,1,1,1,6,"0, SOLIGNAC (Rue de)",0.0,0.0
201300037251,13,7,2013,18,1,87,85,2,3,1,3,"44, MONTJOVIS (AVENUE)",0.0,0.0
201300037252,13,7,2013,19,1,87,85,2,3,1,4,"0, BEL AIR (BOULEVARD DE",0.0,0.0
201300037253,17,7,2013,19,1,87,85,2,3,1,3,"01, CHARENTES (PLACE DES",0.0,0.0
201300037254,18,7,2013,8,1,87,85,1,1,1,6,AUTOROUTE A20,0.0,0.0
201300037255,18,7,2013,8,1,87,85,1,1,1,3,"132 BIS, POITIERS (RUE D",0.0,0.0
201300037256,19,7,2013,4,3,87,50,1,1,1,1,RN520 (COUZEIX),0.0,0.0
201300037257,19,7,2013,20,2,87,85,2,1,1,6,"54, ENCOMBE-VINEUSE (IMP",0.0,0.0
201300037258,20,7,2013,20,1,87,85,1,1,2,6,GROSSEREIX (ROND POINT D,0.0,0.0
201300037259,21,7,2013,18,1,87,75,2,3,1,3,"0, ARAGON (AVENUE LOUIS)",0.0,0.0
201300037260,22,7,2013,21,2,87,85,1,1,1,6,AUTOROUTE A20,0.0,0.0
201300037261,23,7,2013,12,1,87,85,2,3,1,3,"0, CATROUX (RUE DU GENER",0.0,0.0
201300037262,23,7,2013,10,1,87,85,2,2,1,3,"33, BUGEAUD (COURS)",0.0,0.0
201300037263,23,7,2013,14,1,87,85,1,1,1,2,AUTOROUTE A20,0.0,0.0
201300037264,23,7,2013,17,1,87,85,2,1,2,6,"03, AINE (PLACE D')",0.0,0.0
201300037265,24,7,2013,15,1,87,85,2,1,1,2,"18, LEGENDRE (RUE CHARLE",0.0,0.0
201300037266,25,7,2013,8,1,87,85,2,1,1,6,"33, COMTE (RUE AUGUSTE)",0.0,0.0
201300037267,25,7,2013,15,1,87,85,2,3,1,3,"0, ALLENDE (QUAI SALVADO",0.0,0.0
201300037268,28,7,2013,19,1,87,85,2,2,1,3,"01, CARNOT (PLACE SADI)",0.0,0.0
201300037269,29,7,2013,12,1,87,85,2,3,1,3,"0, KING (AVENUE MARTIN L",0.0,0.0
201300037270,2,8,2013,21,5,87,85,2,2,1,3,"0, DUMAS (AVENUE GEORGES",0.0,0.0
201300037271,6,8,2013,8,1,87,85,2,2,1,3,MAS-BOUYOL  (CITE ET BOU,0.0,0.0
201300037272,7,8,2013,9,1,87,85,2,1,1,4,SCHUMAN (BOULEVARD ROBER,0.0,0.0
201300037273,8,8,2013,13,1,87,85,1,1,2,6,"0, MOCQUET(RUE GUY)",0.0,0.0
201300037274,9,8,2013,19,1,87,85,2,1,1,6,"39, CARNOT (BOULEVARD)",0.0,0.0
201300037275,13,8,2013,12,1,87,85,2,1,1,2,SCHUMAN (BOULEVARD ROBER,0.0,0.0
201300037276,14,8,2013,13,1,87,85,2,1,1,6,"214, BRIAND (RUE ARISTID",0.0,0.0
201300037277,16,8,2013,15,1,87,85,2,2,1,3,"0, RESISTANCE LIMOUSINE",0.0,0.0
201300037278,18,8,2013,18,1,87,85,2,2,1,3,"34, BAC (RUE THEODORE)",0.0,0.0
201300037279,18,8,2013,15,1,87,50,1,2,1,3,D35,0.0,0.0
201300037280,19,8,2013,7,1,87,85,2,1,1,6,POMPIDOU (AVENUE GEORGES,0.0,0.0
201300037281,20,8,2013,20,1,87,50,1,3,1,5,RN520 (COUZEIX),0.0,0.0
201300037282,21,8,2013,13,1,87,85,2,2,1,3,"99, BELLAC (RUE DE)",0.0,0.0
201300037283,22,8,2013,12,1,87,85,2,1,1,6,"11, LEBON (RUE PHILIPPE)",0.0,0.0
201300037284,24,8,2013,10,1,87,85,1,1,1,2,AUTOROUTE A20,0.0,0.0
201300037285,24,8,2013,19,1,87,85,2,1,1,6,"55, PISSARO (RUE CAMILLE",0.0,0.0
201300037286,25,8,2013,19,1,87,85,1,1,1,5,AUTOROUTE A20,0.0,0.0
201300037287,27,8,2013,16,1,87,85,1,1,2,2,AUTOROUTE A20,0.0,0.0
201300037288,29,8,2013,14,1,87,85,2,1,1,2,"120, VANTEAUX (BOULEVARD",0.0,0.0
201300037289,31,8,2013,22,5,87,113,2,1,1,2,"25, CARNOT (AVENUE SADI)",0.0,0.0
201300037290,1,9,2013,5,5,87,75,1,1,1,6,RN 21,0.0,0.0
201300037291,2,9,2013,6,3,87,85,1,1,1,4,RD941 (OUEST),0.0,0.0
201300037292,2,9,2013,18,1,87,85,2,1,1,6,"89, BAC (RUE THEODORE)",0.0,0.0
201300037293,3,9,2013,18,1,87,65,1,1,1,2,"0, BOISSEUIL (RUE DE)",0.0,0.0
201300037294,4,9,2013,8,1,87,85,2,2,1,3,"0, GAGNANT (AVENUE JEAN)",0.0,0.0
201300037295,4,9,2013,9,1,87,85,2,3,1,2,"45, ROCHILLOUX (RUE DES)",0.0,0.0
201300037296,5,9,2013,11,1,87,85,2,1,1,6,"71, GARIBALDI (AVENUE)",0.0,0.0
201300037297,5,9,2013,17,1,87,85,2,3,1,3,"0, VANTEAUX (BOULEVARD D",0.0,0.0
201300037298,6,9,2013,9,1,87,85,1,1,1,6,AUTOROUTE A20,0.0,0.0
201300037299,7,9,2013,17,1,87,85,1,1,2,6,AUTOROUTE A20,0.0,0.0
201300037300,7,9,2013,21,2,87,85,1,1,2,7,"0, VALOINE (BOULEVARD DE",0.0,0.0
201300037301,9,9,2013,17,1,87,85,2,1,1,6,SAINT MARTIAL (QUAI),0.0,0.0
201300037302,13,9,2013,12,1,87,85,1,1,2,4,AUTOROUTE A20,0.0,0.0
201300037303,13,9,2013,22,5,87,85,2,3,1,3,"11, LEBON (RUE PHILIPPE)",0.0,0.0
201300037304,14,9,2013,1,5,87,85,1,1,1,2,AUTOROUTE A20,0.0,0.0
201300037305,14,9,2013,12,1,87,50,2,1,1,1,RD947,0.0,0.0
201300037306,14,9,2013,14,1,87,50,1,1,1,1,RD947,0.0,0.0
201300037307,14,9,2013,16,1,87,85,2,3,2,3,"47, ISLE (RUE D')",0.0,0.0
201300037308,15,9,2013,20,5,87,85,2,9,1,3,"0, MICHAUD (RUE EDOUARD)",0.0,0.0
201300037309,16,9,2013,7,2,87,85,1,1,2,6,RN520,0.0,0.0
201300037310,16,9,2013,8,1,87,85,2,3,2,3,"48, BRIAND (RUE ARISTIDE",0.0,0.0
201300037311,16,9,2013,11,1,87,85,2,1,2,6,"46, VIALOUBE (RUE DE LA)",0.0,0.0
201300037312,17,9,2013,7,1,87,114,1,1,1,4,CROIX FINOR (LA) - LIEU,0.0,0.0
201300037313,17,9,2013,16,1,87,85,2,1,2,1,"0, RHIN ET DANUBE (RUE)",0.0,0.0
201300037314,23,9,2013,10,1,87,85,2,3,1,3,"22, ARC (RUE JEANNE D')",0.0,0.0
201300037315,23,9,2013,20,5,87,85,2,1,1,6,"2BIS, FLEURUS (BOULEVARD",0.0,0.0
201300037316,24,9,2013,14,1,87,85,2,1,1,6,"12, LE SUEUR (RUE)",0.0,0.0
201300037317,24,9,2013,16,1,87,85,2,1,1,6,"119Bis, LECLERC (AVENUE",0.0,0.0
201300037318,24,9,2013,17,1,87,85,2,1,1,6,"103, BELLAC (RUE DE)",0.0,0.0
201300037319,24,9,2013,18,1,87,50,1,1,1,4,RN520 (COUZEIX),0.0,0.0
201300037320,25,9,2013,9,1,87,85,2,1,1,2,"37, COTY (AVENUE DU PRES",0.0,0.0
201300037321,25,9,2013,15,1,87,85,2,3,1,3,"84, PERRIN (RUE FRANCOIS",0.0,0.0
201300037322,25,9,2013,19,2,87,85,2,3,1,6,"24, PISSARO (RUE CAMILLE",0.0,0.0
201300037323,25,9,2013,22,5,87,85,2,3,1,6,"0, BUISSON (AVENUE DU)",0.0,0.0
201300037324,26,9,2013,17,1,87,85,1,1,1,4,AUTOROUTE A20,0.0,0.0
201300037325,27,9,2013,12,1,87,50,2,1,1,3,"22, ARTHUGERAS ( rue)",0.0,0.0
201300037326,28,9,2013,14,1,87,113,2,1,1,4,"03, REPUBLIQUE (PLACE DE",0.0,0.0
201300037327,29,9,2013,16,1,87,85,2,1,2,6,"28, VIGENAL (BOULEVARD D",0.0,0.0
201300037328,1,10,2013,21,5,87,85,2,2,1,3,"99, RUBEN (AVENUE ERNEST",0.0,0.0
201300037329,1,10,2013,22,5,87,113,2,3,1,1,"25, CARNOT (AVENUE SADI)",0.0,0.0
201300037330,2,10,2013,12,1,87,114,2,1,1,6,"22, TURGOT",0.0,0.0
201300037331,2,10,2013,15,1,87,85,2,1,1,3,"45, THOMAS (AVENUE ALBER",0.0,0.0
201300037332,3,10,2013,15,1,87,85,2,3,1,3,"53, GAMBETTA (BOULEVARD)",0.0,0.0
201300037333,4,10,2013,7,5,87,85,2,2,2,3,"95, BELLAC (RUE DE)",0.0,0.0
201300037334,4,10,2013,15,1,87,85,2,1,1,6,"87, BAC (RUE THEODORE)",0.0,0.0
201300037335,4,10,2013,19,5,87,85,2,1,3,6,"14, BRIQUET (RUE GEORGES",0.0,0.0
201300037336,5,10,2013,23,5,87,85,2,1,1,2,"29, BLANC LOUIS (BOULEVA",0.0,0.0
201300037337,6,10,2013,5,3,87,48,1,3,1,6,NEXON (ROUTE DE),0.0,0.0
201300037338,6,10,2013,20,5,87,85,2,2,1,3,"47, CLEMENCEAU  (BOULEVA",0.0,0.0
201300037339,15,10,2013,10,1,87,85,2,3,1,3,"15, MONTALAT  (RUE JEAN)",0.0,0.0
201300037340,16,10,2013,11,1,87,85,2,2,2,6,"24, GAGNANT (AVENUE JEAN",0.0,0.0
201300037341,16,10,2013,12,1,87,50,1,1,1,1,"0, BUXEROLLES (ROUTE DE)",0.0,0.0
201300037342,17,10,2013,7,1,87,85,2,1,1,2,PALAIS (ROUTE DU),0.0,0.0
201300037343,18,10,2013,8,1,87,85,2,1,1,6,"0, ARMAND (AVE Z.A.C",0.0,0.0
201300037344,19,10,2013,21,5,87,85,2,1,1,6,"19, HUGO (BOULEVARD VICT",0.0,0.0
201300037345,21,10,2013,18,1,87,85,2,3,1,3,"79, SAINT GENCE (RUE DE)",0.0,0.0
201300037346,22,10,2013,17,1,87,85,2,3,1,3,"4 bis, CARMES (PLACE DES",0.0,0.0
201300037347,23,10,2013,21,5,87,85,2,1,1,6,"17, POMPIDOU (AVENUE GEO",0.0,0.0
201300037348,24,10,2013,11,1,87,85,2,1,1,6,"193, DUTREIX (RUE ARMAND",0.0,0.0
201300037349,24,10,2013,12,1,87,85,2,3,1,3,"96, BELLAC (RUE DE)",0.0,0.0
201300037350,29,10,2013,10,1,87,85,2,1,1,6,"06, VERONESE (ALLEE)",0.0,0.0
201300037351,31,10,2013,1,5,87,85,2,1,1,6,"5, COMBES (RUE DES)",0.0,0.0
201300037352,31,10,2013,7,2,87,113,2,3,1,2,"03, JAURES (RUE JEAN)",0.0,0.0
201300037353,31,10,2013,14,1,87,85,2,2,1,3,"51, TRESAGUET (RUE DE)",0.0,0.0
201300037354,6,11,2013,18,5,87,85,2,1,1,6,"2, CARNOT (BOULEVARD)",0.0,0.0
201300037355,7,11,2013,13,1,87,85,2,2,1,2,NEXON (RUE DE),0.0,0.0
201300037356,9,11,2013,16,1,87,85,1,1,2,6,AUTOROUTE A20,0.0,0.0
201300037357,9,11,2013,17,5,87,50,2,1,2,6,"0, BUXEROLLES (ROUTE DE)",0.0,0.0