Num_Acc,jour,mois,an,hr,condition_eclairage,departement,commune,condition_agglomeration,intersection,condition_atmosphere,type_collision,adresse,lattitude,longitude
201300037358,11,11,2013,11,1,87,85,2,3,1,3,"0, VEYRAC (RUE DE)",0.0,0.0
201300037359,14,11,2013,12,1,87,85,2,1,1,6,"15, AINE (PLACE D')",0.0,0.0
201300037360,14,11,2013,17,5,87,85,2,3,2,3,"13, WAGNER (RUE)",0.0,0.0
201300037361,15,11,2013,13,1,87,113,2,1,2,1,"7, CURIE (RUE PIERRE)",0.0,0.0
201300037362,16,11,2013,5,5,87,85,2,1,1,6,"05, AINE (PLACE D')",0.0,0.0
201300037363,18,11,2013,7,5,87,85,2,1,1,6,"04, AMPHITHEATRE (RUE DE",0.0,0.0
201300037364,19,11,2013,13,1,87,85,2,1,2,2,"2, MOCQUET(RUE GUY)",0.0,0.0
201300037365,19,11,2013,13,1,87,85,2,1,1,2,"86, PALAIS (ROUTE DU)",0.0,0.0
201300037366,19,11,2013,17,5,87,85,2,1,2,6,"117, ISLE (RUE D')",0.0,0.0
201300037367,21,11,2013,18,5,87,114,2,1,3,3,"08, SCHOELCHER (RUE VICT",0.0,0.0
201300037368,23,11,2013,14,1,87,85,2,1,1,6,"68, MONTJOVIS (AVENUE)",0.0,0.0
201300037369,26,11,2013,12,1,87,85,2,1,1,6,"13, CHURCHILL WINSTON (P",0.0,0.0
201300037370,26,11,2013,14,1,87,85,1,1,1,6,AUTOROUTE A20,0.0,0.0
201300037371,26,11,2013,17,1,87,85,2,1,1,3,"21, COLEMAN (RUE BILL)",0.0,0.0
201300037372,27,11,2013,12,1,87,113,2,1,1,4,"29, BRIAND (AVENUE ARIST",0.0,0.0
201300037373,27,11,2013,20,5,87,85,2,1,1,6,"53, BARBES (RUE ARMAND)",0.0,0.0
201300037374,27,11,2013,21,5,87,85,2,3,1,3,"342, PERRIN (RUE FRANCOI",0.0,0.0
201300037375,28,11,2013,11,1,87,85,1,1,1,6,AUTOROUTE A20,0.0,0.0
201300037376,29,11,2013,17,5,87,85,2,1,1,2,ESSARTS (RUE DES),0.0,0.0
201300037377,30,11,2013,12,1,87,85,2,3,1,3,"52, HOCHE (RUE)",0.0,0.0
201300037378,30,11,2013,16,1,87,85,2,2,1,3,"21, PALMIERS (RUE DES)",0.0,0.0
201300037379,2,12,2013,7,5,87,85,1,1,1,2,AUTOROUTE A20,0.0,0.0
201300037380,2,12,2013,17,5,87,85,2,3,1,1,"31, CURIE  (RUE PIERRE E",0.0,0.0
201300037381,2,12,2013,17,1,87,75,2,1,1,3,RD79,0.0,0.0
201300037382,4,12,2013,9,1,87,85,2,3,1,6,"142, SAINTE CLAIRE (RUE)",0.0,0.0
201300037383,5,12,2013,8,1,87,85,2,1,1,6,"1, MAUROIS (ALLEE ANDRE)",0.0,0.0
201300037384,5,12,2013,17,5,87,85,2,3,1,2,"87, BRIAND (RUE ARISTIDE",0.0,0.0
201300037385,6,12,2013,14,1,87,85,1,1,1,6,GROSSEREIX (ROND POINT D,0.0,0.0
201300037386,6,12,2013,15,1,87,50,1,3,1,3,"0, LAJOUX (LIEU DIT)",0.0,0.0
201300037387,10,12,2013,12,1,87,85,2,1,1,6,"22, RAMADIER (AVENUE DU",0.0,0.0
201300037388,11,12,2013,15,1,87,85,2,3,1,3,"61, AQUITAINE (RUE D')",0.0,0.0
201300037389,11,12,2013,17,5,87,85,2,1,1,6,"21, GAMBETTA (BOULEVARD)",0.0,0.0
201300037390,12,12,2013,18,5,87,85,2,1,1,2,BEAUBLANC (BOULEVARD DE),0.0,0.0
201300037391,12,12,2013,17,5,87,85,2,1,1,6,"103, FEYTIAT (RUE DE)",0.0,0.0
201300037392,13,12,2013,14,1,87,85,2,1,1,6,"0, TIMBAUD (RUE PIERRE)",0.0,0.0
201300037393,16,12,2013,7,5,87,85,2,2,1,3,"0, VAUCANSON (RUE DE)",0.0,0.0
201300037394,19,12,2013,14,1,87,75,2,1,1,6,"14, CORNUE (RUE DE LA)",0.0,0.0
201300037395,20,12,2013,7,5,87,85,2,3,1,3,"83, MONTJOVIS (AVENUE)",0.0,0.0
201300037396,20,12,2013,11,1,87,85,2,1,1,2,"86 Bis, MAS-BOUYOL  (CIT",0.0,0.0
201300037397,23,12,2013,13,1,87,85,2,1,1,3,"236, LECLERC (AVENUE DU",0.0,0.0
201300037398,23,12,2013,16,1,87,85,2,2,1,2,"155, SAINT GENCE (RUE DE",0.0,0.0
201300037399,24,12,2013,14,1,87,85,2,1,1,2,"16, LECLERC (AVENUE DU G",0.0,0.0
201300037400,24,12,2013,15,1,87,85,2,1,1,6,"0, CHAMBE (AVENUE DU GEN",0.0,0.0
201300037401,28,12,2013,13,1,87,85,1,1,2,4,AUTOROUTE A20,0.0,0.0
201300037402,28,12,2013,18,5,87,85,2,1,1,6,"8, FRESNAY (RUE PIERRE)",0.0,0.0
201300037403,31,12,2013,22,5,87,85,2,1,3,2,"82, BAC (RUE THEODORE)",0.0,0.0
201300037404,22,3,2013,9,1,88,160,2,3,1,6,"0, LOGE-BLANCHE (AV. DE",48.16508,6.44995
201300037405,22,3,2013,12,1,88,209,2,1,1,6,"0, XAY (RUE DU)",48.21246,6.43568
201300037406,13,6,2013,20,5,88,87,2,2,3,3,"47, LECLERC (RUE GENERAL",48.1707,6.43502
201300037407,26,1,2013,4,5,88,160,2,2,1,1,JEUXEY (RTE DE),48.19399,6.45417
201300037408,11,2,2013,17,1,88,209,2,2,4,5,LOUIS BLERIOT (RUE),48.18805,6.42688
201300037409,9,2,2013,5,5,88,87,1,1,8,6,"341, DE GAULLE (RUE GENE",48.15109,6.41088
201300037410,18,4,2013,17,1,88,160,2,1,1,4,SAINT-DIE (AV. DE),48.18705,6.4754
201300037411,14,4,2013,0,5,88,87,2,3,1,3,"92, DE GAULLE (RUE GENER",48.16754,6.43475
201300037412,5,5,2013,11,1,88,87,2,1,1,6,"104, FORGES (RUE DES)",48.17659,6.41739
201300037413,3,5,2013,20,5,88,160,2,1,2,6,"29, FORGES (RUE DES)",0.0,0.0
201300037414,23,4,2013,14,1,88,209,2,1,1,6,"5, HOTEL DE VILLE (RUE D",48.19751,6.44065
201300037415,21,5,2013,16,1,88,160,1,1,2,6,"0, VITU (RUE ANDRE-)",48.18168,6.49675
201300037416,26,5,2013,0,5,88,160,2,1,1,7,"0, REPUBLIQUE (AV. ETPT",48.18432,6.44457
201300037417,11,6,2013,17,1,88,160,2,2,1,3,JEUXEY (RTE DE),48.19541,6.46081
201300037418,28,6,2013,10,1,88,160,2,1,1,6,"17, REMIREMONT (RUE DE)",48.15754,6.45208
201300037419,9,6,2013,2,5,88,160,2,1,2,7,"39, ROSAYE (RUE PAUL-)",48.19535,6.45263
201300037420,26,6,2013,16,1,88,209,2,6,1,6,EPINAL (RUE D'),48.19284,6.43827
201300037421,29,6,2013,12,1,88,160,2,1,2,1,"9, BARTHOU (RUE LOUIS-)",48.19169,6.44945
201300037422,17,6,2013,17,1,88,160,2,1,1,6,CHAUFFOURD (RUE DU),48.19474,6.45465
201300037423,30,6,2013,10,1,88,160,2,1,1,6,"1048.17849, GAULLE (AV.",48.17849,6.44188
201300037424,1,7,2013,13,1,88,209,2,6,1,7,"0, BALLASTIERE (RUE DE L",48.19372,6.43414
201300037425,1,8,2013,18,1,88,160,2,2,1,5,JEUXEY (RTE DE),48.19559,6.46078
201300037426,10,9,2013,9,1,88,160,2,1,2,6,"1, LOGE-BLANCHE (AV. DE",48.16575,6.45067
201300037427,16,8,2013,13,1,88,160,1,1,1,7,"52, ARCHETTES (RTE D')",48.14529,6.4899
201300037428,21,8,2013,8,1,88,160,2,9,1,6,"71, REMIREMONT (RUE DE)",48.16238,6.45004
201300037429,7,8,2013,16,1,88,160,2,4,1,3,"0, ROUX (RUE DU PROFESSE",48.18359,6.43801
201300037430,13,10,2013,17,1,88,209,2,1,1,7,"35, FORGES (RTE. DES)",48.18869,6.42059
201300037431,14,10,2013,6,5,88,160,2,1,9,2,"85, ALSACE (RUE D')",48.16622,6.44682
201300037432,17,10,2013,9,1,88,160,2,1,1,6,"0, FERRY (Q. JULES-)",48.17493,6.44924
201300037433,30,10,2013,8,1,88,160,2,1,1,6,"2, SEROT (Q. COLONEL-)",48.17588,6.44985
201300037434,29,10,2013,16,1,88,209,2,9,1,6,"0, LECLERC ( RUE GENERAL",48.19139,6.42106
201300037435,30,10,2013,14,1,88,160,2,1,1,7,REPUBLIQUE (AV. ETPT DE,48.18333,6.44235
201300037436,8,11,2013,16,2,88,160,2,1,2,6,"0, PROVENCE (AV. DE)",48.18397,6.46727
201300037437,18,11,2013,10,1,88,160,2,1,7,6,"0, CHIPOTTE (RUE DE LA)",48.17855,6.44793
201300037438,28,11,2013,19,5,88,160,2,6,5,3,"0, SAINT-DIE (AV. DE)",48.18397,6.46727
201300037439,21,11,2013,18,5,88,160,2,1,4,6,"0, RENAN (RUE ERNEST-)",48.18779,6.46471
201300037440,20,12,2013,16,5,88,160,2,2,1,6,"23, HURAULT (RUE ANTOINE",48.17307,6.44365
201300037441,28,12,2013,8,1,88,160,2,1,2,6,"65, REMIREMONT (RUE DE)",0.0,0.0
201300037442,28,1,2013,7,2,88,383,2,6,1,6,"20, rue du G?n?ral LECLE",48.01228,6.60114
201300037443,19,2,2013,8,1,88,429,1,2,1,3,Rte de la Plaine d'Eloye,48.07342,6.5984
201300037444,4,12,2013,17,3,88,415,1,1,1,6,RN 66,48.00288,6.61538
201300037445,17,12,2013,20,3,88,415,1,1,9,5,"1, CD417",48.01577,6.62053
201300037446,15,7,2013,12,1,88,462,2,3,1,3,"1, Route de Gérardmer",48.25574,6.43486
201300037447,15,7,2013,14,1,88,462,1,1,1,3,", Route de G?rardmer",48.02836,6.51508
201300037448,21,8,2013,14,1,88,415,2,1,1,6,"8060, Route de Seux",48.0415,6.59361
201300037449,20,8,2013,16,1,88,383,2,1,1,6,"16, rue Charles de Gaull",48.01725,6.59024
201300037450,17,8,2013,11,1,88,383,2,1,1,3,"26, Route de Bussang",48.00429,6.61274
201300037451,29,9,2013,10,1,88,429,1,1,1,1,Route de Fallières,48.00803,6.51508
201300037452,7,11,2013,8,1,88,409,2,1,1,6,"42, Grande Rue",48.02501,6.66994
201300037453,6,11,2013,15,1,88,429,1,1,8,7,RN 57,48.07758,6.59408
201300037454,29,11,2013,14,1,88,429,1,1,1,6,"19, faubourg de Remiremo",48.02502,6.58388
201300037455,21,12,2013,15,1,88,429,1,1,1,2,RN 57,48.03769,6.58201
201300037456,2,2,2013,22,5,88,413,2,1,1,7,"31, AVENUE DE ROBACHE",48.29823,6.95018
201300037457,27,2,2013,23,5,88,424,2,1,1,6,"696, Alsace ( Rue d ' )",48.26689,6.98564
201300037458,1,5,2013,17,1,88,413,1,1,1,1,"27, Route de ROBACHE",48.29722,6.95034
201300037459,4,5,2013,23,5,88,413,2,1,5,6,"18, Rue des Castors",48.29297,6.96122
201300037460,15,5,2013,16,1,88,413,2,1,2,1,Rue du Nouvel H?pital,48.2902,6.96677
201300037461,16,5,2013,16,1,88,424,2,3,2,3,Rue des Déportés,48.26461,6.96167
201300037462,18,5,2013,14,1,88,413,2,1,1,7,"50, Rue Marie Curie",48.28266,6.97787
201300037463,25,5,2013,2,4,88,424,2,1,1,7,"652, Alsace ( Rue d ' )",48.26701,6.98523
201300037464,27,5,2013,18,1,88,463,1,1,1,3,RD 420,48.27542,6.86515
201300037465,26,6,2013,9,1,88,463,1,1,1,3,Col du Haut-Jacques,48.27138,6.88562
201300037466,23,6,2013,15,1,88,413,1,1,1,7,RN 59,48.26724,6.9413
201300037467,12,7,2013,17,1,88,413,2,3,1,6,"11, rue d'hellieule",48.28008,6.9519
201300037468,21,7,2013,17,1,88,413,1,1,1,7,RN 59,48.26417,6.94416
201300037469,13,9,2013,17,1,88,413,2,3,1,3,"16, Route des 2 Hameaux",48.31367,6.91974
201300037470,25,9,2013,11,1,88,413,2,3,1,6,"35, Rue SAINT CHARLES",48.28795,6.9539
201300037471,5,10,2013,19,4,88,413,2,1,3,6,"15, Foucharupt ( Rue de",48.28008,6.9519
201300037472,8,11,2013,17,5,88,413,2,3,1,3,"37, Avenue de VERDUN",48.29688,6.9353
201300037473,4,1,2013,17,3,89,24,2,1,1,6,Bd DU 11 NOVEMBRE,47.79269,3.56682
201300037474,8,1,2013,10,1,89,24,2,1,1,6,Bd de VERDUN,47.80795,3.55757
201300037475,7,2,2013,6,2,89,24,2,1,1,1,65 Av JEAN JAURES,47.80273,3.58186
201300037476,21,3,2013,7,1,89,24,2,2,1,3,"32, JEAN JAURES (AVENUE)",47.79934,3.58031
201300037477,19,3,2013,7,1,89,24,2,2,1,3,HAUSSMANN (AVENUE),47.81491,3.57315
201300037478,30,3,2013,21,5,89,24,2,2,1,3,JOUBERT (RUE),47.79547,3.57312
201300037479,19,4,2013,7,1,89,24,2,2,1,3,"0, VALLAN (ROUTE DE) N?",47.78657,3.56604
201300037480,7,5,2013,23,5,89,24,2,2,1,1,BOURNEIL (RUE DE) N? PAI,47.78733,3.56654
201300037481,1,6,2013,17,1,89,24,2,1,1,2,R.N.6,47.81967,3.57265
201300037482,15,6,2013,4,5,89,24,2,1,1,1,CHABLIS (ROUTE DE),47.7905,3.60511
201300037483,13,7,2013,12,1,89,24,2,1,1,6,"11, BRAZZA (RUE DE)",0.0,0.0
201300037484,13,7,2013,15,1,89,24,2,1,1,6,"33, JEAN MERMOZ AVENUE",47.80786,3.58383
201300037485,24,9,2013,15,1,89,24,2,3,1,3,LOUIS RICHARD (RUE),47.79083,3.57305
201300037486,6,11,2013,6,3,89,24,1,1,2,1,R.N 77,47.83563,3.59417
201300037487,8,11,2013,19,5,89,24,2,5,1,1,"0, JEAN JAURES (AVENUE)",47.7999,3.58074
201300037488,9,11,2013,18,5,89,24,2,1,2,6,"26, VERDUN (BOULEVARD DE",0.0,0.0
201300037489,21,12,2013,14,1,89,24,2,1,1,6,"7, DOCTEUR SCHWEITZER (R",47.79231,3.59064
201300037490,10,1,2013,11,1,89,387,2,1,3,6,Rue du GENERAL LECLERC,48.20059,3.28227
201300037491,12,1,2013,21,5,89,387,2,1,1,6,Av de la MARNE,48.1981,3.30686
201300037492,10,2,2013,11,1,89,387,2,1,1,6,Rue du GENERAL DE GAULLE,48.19295,3.28381
201300037493,5,3,2013,16,1,89,387,2,1,1,6,CHESTER (ROND POINT),48.20834,3.27671
201300037494,19,3,2013,16,1,89,387,2,1,1,6,"0, VERDUN (BOULEVARD DE)",0.0,0.0
201300037495,14,4,2013,16,1,89,387,2,1,1,6,"52, Bd du 14 JUILLET",48.1965,3.28984
201300037496,28,4,2013,0,5,89,342,2,1,1,1,RUE DES LADRES,48.22796,3.26742
201300037497,31,5,2013,20,1,89,287,2,1,1,1,"0, SAINT MEDARD (RUE)",48.19145,3.25643
201300037498,22,7,2013,7,1,89,387,1,1,1,2,D606,0.0,0.0
201300037499,27,7,2013,16,1,89,387,2,1,1,6,"14, MAUPEOU (BOULEVARD)",0.0,0.0
201300037500,27,7,2013,19,1,89,387,2,1,1,6,"29, JOSSEY (RUE)",0.0,0.0
201300037501,3,9,2013,17,1,89,342,2,2,1,3,"0, PIERRE RENARD (RUE)",48.22953,3.2671
201300037502,21,8,2013,14,1,89,387,2,1,1,3,"0, CHESTER (ROND POINT)",48.2083,3.27678
201300037503,11,9,2013,16,1,89,387,1,1,1,6,"0, D606",0.0,0.0
201300037504,25,9,2013,16,1,89,387,2,3,1,6,"0, GENERAL LECLERC (RUE",48.20494,3.27793
201300037505,28,9,2013,20,5,89,387,2,1,1,6,"0, DOCTEUR JEAN DE LA RE",48.20384,3.29932
201300037506,6,10,2013,21,5,89,387,2,2,1,3,"0, SAINT PIERRE LE VIF (",0.0,0.0
201300037507,15,10,2013,9,1,89,387,2,1,2,1,"0, BOUTOURS (CHEMIN DES)",0.0,0.0
201300037508,29,10,2013,14,1,89,338,2,2,1,2,"9, REPUBLIQUE (RUE DE LA",0.0,0.0
201300037509,13,11,2013,21,5,89,338,2,1,1,6,"16, GENERAL LECLERC (RUE",0.0,0.0
201300037510,2,12,2013,12,1,89,387,2,1,1,3,"0, ARISTIDE BRIAND (BOUL",48.20529,3.2811
201300037511,4,12,2013,11,1,89,387,2,1,1,7,"0, VOULX (ROUTE DE)",48.19723,3.26536
201300037512,6,12,2013,22,5,89,387,2,1,1,6,"18, GRANDE JOLIVOTTE (RU",48.18902,3.28989
201300037513,1,1,2013,2,5,90,10,2,1,1,2,FRANCE BOULEVARD ANATOLE,0.0,0.0
201300037514,1,1,2013,22,5,90,10,2,2,1,3,KENNEDY (BOULEVARD),0.0,0.0
201300037515,10,1,2013,17,5,90,10,2,2,4,3,VERLAINE (RUE PAUL),0.0,0.0
201300037516,11,1,2013,21,3,90,39,2,1,2,6,"01, DE GAULLE (RUE DU GE",0.0,0.0
201300037517,12,1,2013,11,1,90,10,2,2,1,6,LUXEMBOURG (RUE DE),0.0,0.0
201300037518,12,1,2013,13,1,90,8,2,1,1,4,GRAND'RUE,0.0,0.0
201300037519,12,1,2013,18,2,90,39,2,1,9,3,"26, DE GAULLE (RUE DU GE",0.0,0.0
201300037520,13,1,2013,12,2,90,10,2,2,1,3,"2, MOLIERE (RUE)",0.0,0.0
201300037521,15,1,2013,8,1,90,10,2,1,4,2,"3, MONTBELIARD (FAUBOURG",0.0,0.0
201300037522,15,1,2013,9,1,90,10,2,1,4,2,VAUBAN (QUAI),0.0,0.0
201300037523,17,1,2013,13,1,90,99,2,1,1,4,CARNOT (RUE),0.0,0.0
201300037524,19,1,2013,17,3,90,1,2,1,4,2,"1, MONTBELIARD (ROUTE DE",0.0,0.0
201300037525,27,1,2013,13,1,90,10,2,2,8,3,KENNEDY (BOULEVARD),0.0,0.0
201300037526,28,1,2013,8,1,90,75,2,1,9,6,"2, ETANG (RUE DE L')",0.0,0.0
201300037527,28,1,2013,11,1,90,10,2,1,1,2,KENNEDY (BOULEVARD),0.0,0.0
201300037528,31,1,2013,11,1,90,99,2,1,1,6,ZOLA (RUE EMILE),0.0,0.0
201300037529,2,2,2013,18,5,90,99,2,1,2,6,"10, TURENNE (RUE DE)",0.0,0.0
201300037530,5,2,2013,16,1,90,99,2,1,4,4,TURENNE (RUE DE),0.0,0.0
201300037531,6,2,2013,12,1,90,29,1,1,4,1,R.D.16,0.0,0.0
201300037532,9,2,2013,19,5,90,10,2,1,1,3,KENNEDY (BOULEVARD),0.0,0.0
201300037533,12,2,2013,11,1,90,76,1,1,4,6,CD419,0.0,0.0
201300037534,17,2,2013,8,1,90,10,2,3,1,1,ALTKIRCH (AVENUE),0.0,0.0
201300037535,19,2,2013,7,2,90,99,2,3,1,6,VIEIL ARMAND (RUE DU),0.0,0.0
201300037536,19,2,2013,18,5,90,10,2,1,1,1,DEFERRE (RUE GASTON),0.0,0.0
201300037537,21,2,2013,11,1,90,10,2,1,1,7,"2, STOCKHOLM (RUE DE)",0.0,0.0
201300037538,23,2,2013,14,1,90,10,2,1,1,6,KENNEDY (BOULEVARD),0.0,0.0
201300037539,24,2,2013,17,2,90,8,2,3,1,3,GRAND'RUE,0.0,0.0
201300037540,27,2,2013,16,1,90,32,2,1,1,2,CHARMEUSE (RUE DE LA),0.0,0.0
201300037541,6,3,2013,16,1,90,10,2,1,1,2,LAURENCIE (AVENUE CAPITA,0.0,0.0
201300037542,10,3,2013,13,1,90,10,2,1,1,3,LAURENCIE (AVENUE CAPITA,0.0,0.0
201300037543,20,3,2013,21,4,90,10,2,1,1,6,KENNEDY (BOULEVARD),0.0,0.0
201300037544,23,3,2013,17,1,90,76,2,1,1,2,GRAND'RUE,0.0,0.0
201300037545,29,3,2013,13,1,90,10,2,2,1,3,KENNEDY (BOULEVARD),0.0,0.0
201300037546,29,3,2013,15,1,90,32,2,1,2,6,DE GAULLE (RUE DU GENERA,0.0,0.0
201300037547,5,4,2013,17,1,90,10,2,1,1,6,"2, ANCETRES (FAUBOURG DE",0.0,0.0
201300037548,10,4,2013,12,1,90,39,1,1,1,3,"2, DE GAULLE (RUE DU GEN",0.0,0.0
201300037549,12,4,2013,14,1,90,39,2,1,2,2,"42, DE GAULLE (RUE DU GE",0.0,0.0
201300037550,13,4,2013,2,5,90,10,2,1,1,7,FRANCE BOULEVARD ANATOLE,0.0,0.0
201300037551,13,4,2013,14,1,90,8,2,1,1,2,BELFORT (RUE DE),0.0,0.0
201300037552,15,4,2013,7,1,90,10,2,7,1,3,TROIS CHENES (AVENUE DES,0.0,0.0
201300037553,15,4,2013,9,1,90,10,2,9,1,6,RICHELIEU (PONT),0.0,0.0
201300037554,18,4,2013,22,5,90,99,2,1,1,6,BLUMBERG (RUE),0.0,0.0
201300037555,22,4,2013,18,1,90,10,2,1,1,6,LAURENCIE (AVENUE CAPITA,0.0,0.0
201300037556,23,4,2013,17,1,90,10,2,1,1,3,"1, DUNANT (BOULEVARD HEN",0.0,0.0
201300037557,25,4,2013,18,1,90,10,2,2,1,3,MUSSET (RUE ALFRED DE),0.0,0.0
201300037558,30,4,2013,17,1,90,99,2,3,1,2,DE GAULLE (RUE DU GENERA,0.0,0.0
201300037559,30,4,2013,18,1,90,10,2,1,1,3,JAURES (AVENUE JEAN) DE,0.0,0.0
201300037560,1,5,2013,15,1,90,10,2,1,1,6,EINSTEIN (RUE),0.0,0.0
201300037561,2,5,2013,7,1,90,10,2,1,1,7,DUBAIL (BOULEVARD),0.0,0.0
201300037562,2,5,2013,13,1,90,10,2,1,1,3,"2, MANSARD (RUE)",0.0,0.0
201300037563,2,5,2013,18,1,90,8,1,1,2,7,LIBERATION (RUE DE LA),0.0,0.0
201300037564,3,5,2013,15,1,90,10,2,1,2,6,"153, JAURES (AVENUE JEAN",0.0,0.0
201300037565,5,5,2013,2,5,90,75,1,1,1,7,ELOIE (RUE D'),0.0,0.0
201300037566,8,5,2013,16,1,90,99,2,1,1,7,"8, TURENNE (RUE DE)",0.0,0.0
201300037567,9,5,2013,19,1,90,32,2,1,1,7,VINGT ET UN NOVEMBRE (RU,0.0,0.0
201300037568,13,5,2013,15,1,90,99,2,9,1,2,TURENNE (RUE DE),0.0,0.0
201300037569,14,5,2013,9,1,90,10,2,3,1,3,"1, OLYMPE DE GOUGES (RUE",0.0,0.0
201300037570,14,5,2013,21,5,90,10,2,3,1,1,BONNEFF (RUE MARCEL),0.0,0.0
201300037571,17,5,2013,9,1,90,8,2,9,2,1,"1, BELFORT (RUE DE)",0.0,0.0
201300037572,17,5,2013,15,1,90,99,2,1,1,6,"8, TURENNE (RUE DE)",0.0,0.0
201300037573,18,5,2013,15,1,90,32,2,3,1,3,REPUBLIQUE (RUE DE LA),0.0,0.0
201300037574,20,5,2013,14,1,90,8,2,1,2,7,"12, LIBERATION (RUE DE L",0.0,0.0
201300037575,21,5,2013,12,1,90,10,2,1,1,7,RICHELIEU (PONT),0.0,0.0
201300037576,27,5,2013,13,1,90,99,2,1,1,3,ZOLA (RUE EMILE),0.0,0.0
201300037577,31,5,2013,19,1,90,10,2,2,2,3,FONTAINE (RUE JEAN DE LA,0.0,0.0
201300037578,2,6,2013,19,2,90,8,2,1,1,7,BUC (RUE DE),0.0,0.0
201300037579,3,6,2013,13,1,90,10,2,2,1,3,KENNEDY (BOULEVARD),0.0,0.0
201300037580,6,6,2013,17,1,90,10,2,2,1,1,"2, CROIX DU TILLEUL (RUE",0.0,0.0
201300037581,12,6,2013,15,1,90,10,2,1,1,3,KENNEDY (BOULEVARD),0.0,0.0
201300037582,12,6,2013,16,1,90,10,2,1,1,6,"21, MULHOUSE (RUE DE)",0.0,0.0
201300037583,13,6,2013,16,1,90,10,2,1,1,3,BUSSIERE (RUE),0.0,0.0
201300037584,14,6,2013,8,1,90,10,2,1,1,1,"121, JAURES (AVENUE JEAN",0.0,0.0
201300037585,14,6,2013,11,1,90,99,2,1,1,2,"2, ZOLA (RUE EMILE)",0.0,0.0
201300037586,15,6,2013,20,2,90,75,2,1,1,6,"14, COMMANDOS D'AFRIQUE",0.0,0.0
201300037587,17,6,2013,7,1,90,10,2,1,1,6,"7, VESOUL (RUE DE)",0.0,0.0
201300037588,17,6,2013,11,1,90,10,2,1,1,6,"1, TURENNE (RUE DE)",0.0,0.0
201300037589,17,6,2013,11,1,90,10,2,1,1,6,"10, MANSARD (RUE)",0.0,0.0
201300037590,20,6,2013,10,1,90,10,2,1,1,3,"2, DE GAULLE (AVENUE DU",0.0,0.0
201300037591,22,6,2013,9,1,90,10,2,1,1,7,"113, JAURES (AVENUE JEAN",0.0,0.0
201300037592,22,6,2013,18,2,90,10,2,1,1,7,ESPERANCE (CARREFOUR DE,0.0,0.0
201300037593,25,6,2013,12,1,90,1,2,1,1,2,"22, MONTBELIARD (ROUTE D",0.0,0.0
201300037594,28,6,2013,23,5,90,10,2,1,1,6,"6, DE GAULLE ET DE LA RE",0.0,0.0
201300037595,29,6,2013,17,1,90,10,2,1,1,6,"2, ALTKIRCH (AVENUE)",0.0,0.0
201300037596,3,7,2013,19,1,90,99,2,1,8,1,"3, GARE (RUE DE LA)",0.0,0.0
201300037597,5,7,2013,7,1,90,10,2,1,1,3,LYON (FAUBOURG DE),0.0,0.0
201300037598,6,7,2013,7,1,90,99,2,1,1,3,"9, CARNOT (RUE)",0.0,0.0
201300037599,11,7,2013,19,1,90,29,2,4,1,6,COMMANDOS D'AFRIQUE (RUE,0.0,0.0
201300037600,12,7,2013,22,5,90,10,2,1,1,5,"141, JAURES (AVENUE JEAN",0.0,0.0
201300037601,13,7,2013,6,1,90,75,2,1,1,6,BRIAND (RUE ARISTIDE),0.0,0.0
201300037602,15,7,2013,12,1,90,32,2,2,1,3,"1, TROIS RESEAUX (RUE DE",0.0,0.0
201300037603,15,7,2013,15,1,90,10,2,1,1,7,ALTKIRCH (AVENUE),0.0,0.0
201300037604,15,7,2013,18,1,90,10,2,3,1,3,"12, USINES (AVENUE DES)",0.0,0.0
201300037605,15,7,2013,20,1,90,10,2,1,2,6,"19, KENNEDY (BOULEVARD)",0.0,0.0
201300037606,16,7,2013,14,1,90,10,1,2,1,3,ZAPOROJIE (RUE DE),0.0,0.0
201300037607,22,7,2013,16,1,90,32,2,3,1,5,DE GAULLE (RUE DU GENERA,0.0,0.0
201300037608,23,7,2013,8,1,90,39,2,1,1,2,"1, DE GAULLE (RUE DU GEN",0.0,0.0
201300037609,24,7,2013,20,1,90,39,2,1,1,2,PORT (RUE DU),0.0,0.0
201300037610,25,7,2013,10,1,90,10,2,1,2,2,MONTBELIARD (FAUBOURG DE,0.0,0.0
201300037611,27,7,2013,12,1,90,10,2,1,2,2,COPENHAGUE (RUE DE),0.0,0.0
201300037612,1,8,2013,20,1,90,10,2,1,1,3,KENNEDY (BOULEVARD),0.0,0.0
201300037613,4,8,2013,16,1,90,10,2,2,1,2,LAURENCIE (AVENUE CAPITA,0.0,0.0
201300037614,4,8,2013,19,1,90,99,2,1,1,6,"1, MONCEAU (RUE DU)",0.0,0.0
201300037615,12,8,2013,21,5,90,75,2,1,1,1,"8, BRIAND (RUE ARISTIDE)",0.0,0.0
201300037616,13,8,2013,7,1,90,10,2,1,1,4,ESPERANCE (CARREFOUR DE,0.0,0.0
201300037617,25,8,2013,4,2,90,32,2,1,1,2,CHARMEUSE (RUE DE LA),0.0,0.0
201300037618,26,8,2013,16,1,90,32,1,2,1,2,"1, TROIS RESEAUX (RUE DE",0.0,0.0
201300037619,30,8,2013,11,1,90,10,2,1,1,6,"16, MARSEILLAISE (RUE DE",0.0,0.0
201300037620,5,9,2013,16,1,90,10,2,1,1,6,"5, STROLZ (RUE)",0.0,0.0
201300037621,9,9,2013,17,1,90,10,2,1,1,6,"2, ELUARD (RUE PAUL)",0.0,0.0