Num_Acc,jour,mois,an,hr,condition_eclairage,departement,commune,condition_agglomeration,intersection,condition_atmosphere,type_collision,adresse,lattitude,longitude
201300037622,6,9,2013,7,1,90,10,1,1,1,3,"1, BESANCON (FAUBOURG DE",0.0,0.0
201300037623,11,9,2013,17,1,90,10,2,1,2,1,bld kennedy,0.0,0.0
201300037624,13,9,2013,13,1,90,10,2,1,1,2,KENNEDY (BOULEVARD),0.0,0.0
201300037625,17,9,2013,13,1,90,10,2,1,2,7,"17, ALTKIRCH (AVENUE)",0.0,0.0
201300037626,19,9,2013,8,1,90,10,2,1,1,3,"1, SARRAIL (AVENUE)",0.0,0.0
201300037627,19,9,2013,16,1,90,32,2,1,1,6,"2, ANDELNANS (RUE D')",0.0,0.0
201300037628,19,9,2013,19,2,90,10,2,2,2,3,ALTKIRCH (AVENUE),0.0,0.0
201300037629,20,9,2013,14,1,90,10,2,1,1,6,"24-26, MONTBELIARD (FAUB",0.0,0.0
201300037630,22,9,2013,11,1,90,10,2,1,1,6,"32, LONDRES (RUE DE)",0.0,0.0
201300037631,23,9,2013,16,1,90,8,2,1,1,2,"14, GRAND'RUE",0.0,0.0
201300037632,25,9,2013,11,1,90,32,1,1,1,6,R.D.23,0.0,0.0
201300037633,29,9,2013,4,5,90,10,2,3,1,3,"16, JUIN (AVENUE DU MARE",0.0,0.0
201300037634,30,9,2013,12,1,90,10,2,1,1,3,KENNEDY (BOULEVARD),0.0,0.0
201300037635,3,10,2013,12,1,90,75,2,1,1,2,"1, BRIAND (RUE ARISTIDE)",0.0,0.0
201300037636,7,10,2013,7,2,90,10,2,3,1,3,"112, JAURES (AVENUE JEAN",0.0,0.0
201300037637,9,10,2013,13,1,90,10,2,1,1,6,CHATEAU D'EAU (AVENUE DU,0.0,0.0
201300037638,10,10,2013,7,2,90,10,2,1,3,6,"12, HANOI (RUE D')",0.0,0.0
201300037639,10,10,2013,14,1,90,10,2,3,1,1,"1, CARRIERES (RUE DES)",0.0,0.0
201300037640,14,10,2013,8,1,90,10,2,1,2,3,"2, MOULIN (AVENUE JEAN)",0.0,0.0
201300037641,14,10,2013,17,1,90,10,2,1,1,6,LECLERC (AVENUE),0.0,0.0
201300037642,20,10,2013,16,1,90,32,2,6,2,6,CHARMEUSE (RUE DE LA),0.0,0.0
201300037643,31,10,2013,15,1,90,8,2,1,1,4,"40, GRAND'RUE",0.0,0.0
201300037644,3,11,2013,14,1,90,10,2,1,2,2,"150, JAURES (AVENUE JEAN",0.0,0.0
201300037645,7,11,2013,13,1,90,10,2,2,1,6,NOTRE DAME (IMPASSE),0.0,0.0
201300037646,7,11,2013,18,5,90,29,2,1,1,7,"20, COMMANDOS D'AFRIQUE",0.0,0.0
201300037647,8,11,2013,16,1,90,99,2,3,2,3,"1, ZOLA (RUE EMILE)",0.0,0.0
201300037648,9,11,2013,18,5,90,39,2,6,1,3,"2, DE GAULLE (RUE DU GEN",0.0,0.0
201300037649,13,11,2013,18,5,90,10,2,1,1,6,", MOULIN (AVENUE JEAN)",0.0,0.0
201300037650,19,11,2013,17,5,90,10,2,1,3,6,"204, JAURES (AVENUE JEAN",0.0,0.0
201300037651,19,11,2013,17,4,90,10,2,1,4,6,"1, QUAI (RUE DU)",0.0,0.0
201300037652,27,11,2013,12,1,90,10,2,1,1,6,"12, AS DE CARREAU (RUE D",0.0,0.0
201300037653,29,11,2013,18,5,90,10,2,1,1,6,"148, JAURES (AVENUE JEAN",0.0,0.0
201300037654,2,12,2013,20,5,90,10,2,4,1,3,"18, VOLTAIRE (RUE )",0.0,0.0
201300037655,4,12,2013,7,1,90,32,1,1,9,7,"1, BOSMONT (RUE DU)",0.0,0.0
201300037656,6,12,2013,18,4,90,39,2,1,1,6,"57, DE GAULLE (RUE DU GE",0.0,0.0
201300037657,9,12,2013,12,1,90,10,2,1,1,6,BRAILLE (RUE),0.0,0.0
201300037658,10,12,2013,7,5,90,39,2,1,9,6,"56, DE GAULLE (RUE DU GE",0.0,0.0
201300037659,12,12,2013,18,5,90,10,2,1,8,5,"1, BESANCON (FAUBOURG DE",0.0,0.0
201300037660,13,12,2013,17,5,90,10,2,1,1,1,"2, CHOPIN (RUE)",0.0,0.0
201300037661,18,12,2013,13,1,90,10,2,3,1,6,FRANCE BOULEVARD ANATOLE,0.0,0.0
201300037662,25,12,2013,3,5,90,99,2,1,2,3,"42, TURENNE (RUE DE)",0.0,0.0
201300037663,26,12,2013,11,1,90,32,2,6,2,7,JACQUOT (RUE DU DOCTEUR),0.0,0.0
201300037664,26,12,2013,19,5,90,10,2,1,1,4,"2, JUIN (AVENUE DU MAREC",0.0,0.0
201300037665,27,12,2013,18,5,90,10,2,1,1,3,"2, TROIS CHENES (AVENUE",0.0,0.0
201300037666,31,12,2013,16,2,90,10,2,1,1,3,"30, ANCETRES (FAUBOURG D",0.0,0.0
201300037667,8,1,2013,8,2,91,457,2,1,1,6,"17, PEUPLE LA LANCE  (RU",0.0,0.0
201300037668,8,1,2013,19,5,91,339,2,1,1,4,RN 20,0.0,0.0
201300037669,15,1,2013,7,5,91,333,2,2,2,3,HUIT MAI 1945 (RUE DU),0.0,0.0
201300037670,15,1,2013,18,5,91,103,2,1,1,6,MERMOZ JEAN (ALLEE),0.0,0.0
201300037671,16,1,2013,11,1,91,21,2,1,1,2,LIMOURS (ROUTE DE),0.0,0.0
201300037672,26,1,2013,17,2,91,339,2,1,1,2,RN 20,0.0,0.0
201300037673,28,1,2013,11,1,91,21,2,6,1,3,DIVISION LECLERC (AVENUE,0.0,0.0
201300037674,1,2,2013,8,1,91,21,2,1,2,6,"11, CORNATON ABEL (BVD",0.0,0.0
201300037675,7,2,2013,8,1,91,339,2,1,1,3,RN 20,0.0,0.0
201300037676,8,2,2013,10,1,91,21,2,1,1,6,"4, VOLTAIRE (BOULEVARD)",0.0,0.0
201300037677,11,2,2013,20,3,91,103,2,1,1,3,CD 19,0.0,0.0
201300037678,12,2,2013,14,1,91,103,2,1,1,6,REPUBLIQUE (BOULEVARD,0.0,0.0
201300037679,15,2,2013,12,1,91,552,2,1,1,3,"6, CHEMINS GRANDS JARDIN",0.0,0.0
201300037680,15,2,2013,11,1,91,425,2,1,1,2,MARCOUSSIS (ROUTE DE),0.0,0.0
201300037681,22,2,2013,19,5,91,103,2,1,1,6,CAMUS ALBERT (RUE),0.0,0.0
201300037682,5,3,2013,10,1,91,21,2,1,1,3,JAURES JEAN (BOULEVARD),0.0,0.0
201300037683,7,3,2013,16,1,91,103,2,1,1,3,CD 19,0.0,0.0
201300037684,16,3,2013,12,1,91,21,2,1,1,6,"78, GRANDE (RUE)",0.0,0.0
201300037685,18,3,2013,11,1,91,339,2,1,1,2,"18, TABOR (CHEMIN DE)",0.0,0.0
201300037686,18,3,2013,13,1,91,425,2,1,2,1,TEMPLIERS (ROUTE DES),0.0,0.0
201300037687,21,3,2013,10,1,91,103,2,1,1,1,ZA DES DAUMONES,0.0,0.0
201300037688,1,4,2013,2,3,91,339,2,1,4,2,RN 20,0.0,0.0
201300037689,5,4,2013,11,1,91,21,2,1,1,2,RN 20,0.0,0.0
201300037690,5,4,2013,9,1,91,339,2,1,1,2,RN 20,0.0,0.0
201300037691,7,4,2013,12,1,91,347,2,1,1,2,MONTLHERY (ROUTE DE),0.0,0.0
201300037692,9,4,2013,20,1,91,347,2,1,1,2,"01, MONTLHERY (ROUTE DE)",0.0,0.0
201300037693,16,4,2013,7,1,91,339,1,1,1,4,RN 20,0.0,0.0
201300037694,18,4,2013,18,1,91,339,2,3,1,1,ROYAL (CHEMIN),0.0,0.0
201300037695,23,4,2013,9,1,91,347,2,1,1,3,MONTLHERY (ROUTE DE),0.0,0.0
201300037696,24,4,2013,14,1,91,425,1,1,1,6,NATIONALE 20 (ROUTE),0.0,0.0
201300037697,2,5,2013,12,1,91,21,2,1,1,6,"15, JAURES JEAN (BOULEVA",0.0,0.0
201300037698,4,5,2013,15,1,91,425,2,1,1,1,"70, MARCOUSSIS (ROUTE DE",0.0,0.0
201300037699,15,5,2013,6,1,91,339,2,1,2,4,RN 20,0.0,0.0
201300037700,18,5,2013,16,1,91,21,2,1,2,2,"22, HOCHE (AVENUE)",0.0,0.0
201300037701,30,5,2013,9,1,91,339,2,1,1,2,RN 20,0.0,0.0
201300037702,31,5,2013,21,5,91,425,2,1,1,2,RN 20,0.0,0.0
201300037703,1,6,2013,12,1,91,103,2,1,1,3,ORVES ESTIENNES (RUE D'),0.0,0.0
201300037704,7,6,2013,12,1,91,339,2,1,1,3,DIVISION LECLERC (RUE DE,0.0,0.0
201300037705,7,6,2013,16,1,91,425,2,1,1,2,TEMPLIERS (ROUTE DES),0.0,0.0
201300037706,8,6,2013,18,1,91,339,2,1,1,6,"51, BOILOT GEORGES (AVEN",0.0,0.0
201300037707,12,6,2013,11,1,91,103,2,1,2,3,DANAUX EDOUARD (RUE),0.0,0.0
201300037708,13,6,2013,15,1,91,339,2,1,2,3,BOILOT GEORGES (AVENUE),0.0,0.0
201300037709,17,6,2013,19,1,91,339,1,1,2,5,RN 20,0.0,0.0
201300037710,26,6,2013,7,1,91,103,2,3,1,3,LEUVILLE (RUE DE),0.0,0.0
201300037711,28,6,2013,13,1,91,21,2,1,2,6,JAURES JEAN (BOULEVARD),0.0,0.0
201300037712,4,7,2013,18,1,91,103,2,1,1,3,MAISON NEUVE (AVENUE DE,0.0,0.0
201300037713,10,7,2013,10,1,91,347,1,1,1,3,RN 20,0.0,0.0
201300037714,13,7,2013,12,1,91,339,1,1,1,6,RN 20,0.0,0.0
201300037715,14,7,2013,18,1,91,339,1,1,1,3,"FACE AU 8, RN 20",0.0,0.0
201300037716,20,7,2013,15,1,91,21,2,1,1,2,GRANDE (RUE),0.0,0.0
201300037717,20,7,2013,16,1,91,21,2,1,1,4,DIVISION LECLERC (AVENUE,0.0,0.0
201300037718,29,7,2013,18,1,91,552,2,1,1,2,LEUVILLE (ROUTE DE),0.0,0.0
201300037719,6,8,2013,10,1,91,103,2,1,1,2,CD 19,0.0,0.0
201300037720,8,8,2013,12,1,91,103,2,1,1,3,CD 19,0.0,0.0
201300037721,3,9,2013,12,1,91,347,1,3,1,3,RN 20,0.0,0.0
201300037722,5,9,2013,18,1,91,457,2,1,1,3,FERTE ALAIS (ROUTE DE LA,0.0,0.0
201300037723,6,9,2013,21,5,91,103,2,1,9,6,ALLENDE SALVADOR (RUE),0.0,0.0
201300037724,7,9,2013,18,1,91,103,2,1,1,3,"20, CAMUS ALBERT (RUE)",0.0,0.0
201300037725,11,9,2013,19,1,91,425,1,1,1,4,"face au 49, RN 20",0.0,0.0
201300037726,13,9,2013,11,1,91,103,2,6,2,3,DE GAULLE   (AVENUE DU G,0.0,0.0
201300037727,14,9,2013,10,1,91,339,1,2,2,3,RN 20,0.0,0.0
201300037728,14,9,2013,17,1,91,347,2,1,2,1,"06, LINAS (RUE DE)",0.0,0.0
201300037729,15,9,2013,16,1,91,552,1,1,1,4,RN 20,0.0,0.0
201300037730,23,9,2013,15,1,91,552,2,1,1,3,AULNAY (ROUTE D'),0.0,0.0
201300037731,24,9,2013,14,1,91,425,2,1,1,5,N20,0.0,0.0
201300037732,27,9,2013,20,5,91,21,2,1,1,1,"2 ter, EGLY (ROUTE D')",0.0,0.0
201300037733,30,9,2013,17,1,91,103,2,1,1,6,"1, PINS (RUE DES)",0.0,0.0
201300037734,2,10,2013,20,5,91,21,2,1,1,6,"8, GRANDE (RUE)",0.0,0.0
201300037735,9,10,2013,7,2,91,339,1,1,1,4,RN 20,0.0,0.0
201300037736,11,10,2013,9,1,91,425,2,1,1,4,TEMPLIERS (ROUTE DES),0.0,0.0
201300037737,16,10,2013,17,1,91,339,1,1,3,2,RN 20,0.0,0.0
201300037738,29,10,2013,12,1,91,103,2,1,1,3,CENTRE D'ESSAI EN VOL,0.0,0.0
201300037739,31,10,2013,14,1,91,552,2,1,1,2,RN 20,0.0,0.0
201300037740,2,11,2013,14,1,91,103,1,1,1,2,POITOU (RUE DU),0.0,0.0
201300037741,6,11,2013,10,1,91,103,2,2,2,3,BREGUET LOUIS (RUE),0.0,0.0
201300037742,12,11,2013,9,1,91,347,1,1,2,3,RN 20,0.0,0.0
201300037743,19,11,2013,13,1,91,339,1,9,1,5,RN 20,0.0,0.0
201300037744,21,11,2013,6,5,91,425,2,1,2,2,TEMPLIERS (ROUTE DES),0.0,0.0
201300037745,23,11,2013,17,5,91,103,2,1,1,6,BRANLY EDOUARD (AVENUE),0.0,0.0
201300037746,26,11,2013,17,3,91,457,2,1,1,3,FERTE ALAIS (ROUTE DE LA,0.0,0.0
201300037747,26,11,2013,19,5,91,347,2,1,1,2,RN 20,0.0,0.0
201300037748,2,12,2013,17,5,91,103,2,1,1,1,"4, COMMUNE DE PARIS (RUE",0.0,0.0
201300037749,3,12,2013,14,1,91,552,2,1,1,6,"70 BIS, CORBEIL (ROUTE D",0.0,0.0
201300037750,4,12,2013,12,1,91,103,2,1,1,3,"98, BABIN (RUE DU DOCTEU",0.0,0.0
201300037751,6,12,2013,9,1,91,347,2,1,1,3,MOULIN A VENT (IMPASSE D,0.0,0.0
201300037752,20,12,2013,23,5,91,552,2,1,1,6,RN 20,0.0,0.0
201300037753,24,1,2013,12,1,91,27,2,1,1,6,VAILLANT-COUTURIER (R,0.0,0.0
201300037754,30,1,2013,5,5,91,27,2,1,2,6,MORANGIS (AVENUE DE),0.0,0.0
201300037755,15,2,2013,1,5,91,27,2,1,1,2,MITTERAND (AVENUE FRANCO,0.0,0.0
201300037756,4,3,2013,23,5,91,479,2,2,1,3,GAULLE (AVENUE DU GEN,0.0,0.0
201300037757,7,3,2013,17,1,91,27,2,1,1,4,VAILLANT-COUTURIER (R,0.0,0.0
201300037758,24,5,2013,12,1,91,27,2,1,2,4,"184, MITTERAND (AVENUE F",0.0,0.0
201300037759,26,5,2013,20,1,91,27,2,2,1,3,BENARD (AVENUE JEAN-P,0.0,0.0
201300037760,5,7,2013,16,1,91,27,2,1,1,3,DIX HUIT AVRIL (AVENUE D,0.0,0.0
201300037761,15,7,2013,14,1,91,27,2,2,1,3,MITTERAND (AVENUE FRA,0.0,0.0
201300037762,9,8,2013,16,1,91,27,1,1,1,3,MITTERAND (AVENUE FRANCO,0.0,0.0
201300037763,30,8,2013,9,1,91,27,1,2,1,6,BENARD (AVENUE JEAN-P,0.0,0.0
201300037764,11,9,2013,12,1,91,479,2,1,1,6,VERDUN (AVENUE DE),0.0,0.0
201300037765,25,7,2013,18,1,91,479,1,1,1,3,FONTAINEBLEAU (AV,0.0,0.0
201300037766,4,10,2013,9,1,91,27,2,2,1,3,BARBUSSE (RUE HENRI),0.0,0.0
201300037767,17,10,2013,8,1,91,27,2,1,8,4,MORANGIS (AVENUE DE),0.0,0.0
201300037768,23,10,2013,16,1,91,479,2,7,1,2,BARBUSSE (PLACE HENRI),0.0,0.0
201300037769,19,10,2013,17,1,91,27,2,1,1,3,MITTERAND (AVENUE FRANCO,0.0,0.0
201300037770,7,11,2013,21,5,91,479,1,1,8,2,FONTAINEBLEAU (BOULEV,0.0,0.0
201300037771,8,11,2013,5,5,91,479,1,1,3,3,FONTAINEBLEAU (BOULEV,0.0,0.0
201300037772,7,11,2013,8,1,91,27,2,1,8,1,SEINE (QUAI DE),0.0,0.0
201300037773,22,11,2013,18,5,91,27,2,1,1,6,FRUGIER (RUE JEAN-JACQUE,0.0,0.0
201300037774,3,12,2013,19,5,91,27,2,2,1,5,MITTERAND (AVENUE FRA,0.0,0.0
201300037775,5,12,2013,12,1,91,479,2,3,1,3,GAULLE (AVENUE DU GENERA,0.0,0.0
201300037776,14,12,2013,15,1,91,27,2,1,1,3,MITTERAND (AVENUE FRANCO,0.0,0.0
201300037777,4,1,2013,10,1,91,97,2,1,1,3,ROCHOPT (RUE),0.0,0.0
201300037778,9,1,2013,15,1,91,514,1,1,1,2,CROIX DE VILLEROY (CARRE,0.0,0.0
201300037779,16,1,2013,15,1,91,514,2,1,1,4,MOULIN DE JARCY (RUE DU),0.0,0.0
201300037780,30,1,2013,14,1,91,215,2,1,1,6,"1, PETIT PONT (RUE DU)",0.0,0.0
201300037781,4,2,2013,7,2,91,114,2,1,2,4,ROUTE NATIONALE 6,0.0,0.0
201300037782,4,2,2013,18,2,91,514,2,1,1,1,CD 33,0.0,0.0
201300037783,9,2,2013,20,5,91,114,2,1,1,6,"101, CERCAY (RUE DE)",0.0,0.0
201300037784,7,2,2013,13,1,91,114,2,2,1,3,GENERAL GOUTTIERE (AVENU,0.0,0.0
201300037785,15,2,2013,19,5,91,514,2,1,1,3,FRERES MOREAU (L.E.P. DE,0.0,0.0
201300037786,4,3,2013,11,1,91,114,2,1,1,4,ROUTE NATIONALE 6,0.0,0.0
201300037787,13,3,2013,13,1,91,114,2,1,1,6,"2, PETIT CHATEAU (AVENUE",0.0,0.0
201300037788,28,3,2013,19,1,91,114,2,1,1,1,MARECHAL DAVOUT (AVENUE,0.0,0.0
201300037789,29,3,2013,14,1,91,215,2,1,1,3,FORET (RUE DE LA),0.0,0.0
201300037790,2,4,2013,19,1,91,114,2,1,1,6,CERCAY (RUE DE),0.0,0.0
201300037791,6,4,2013,13,1,91,114,2,1,1,6,ROUTE NATIONALE 6,0.0,0.0
201300037792,12,4,2013,14,1,91,114,2,1,1,2,VILLECRESNES (RUE),0.0,0.0
201300037793,13,4,2013,14,1,91,114,2,1,1,2,ROUTE NATIONALE 6,0.0,0.0
201300037794,25,4,2013,7,1,91,114,2,1,1,3,TALMA (RUE),0.0,0.0
201300037795,2,5,2013,15,1,91,114,2,1,1,6,VILLECRESNES (RUE),0.0,0.0
201300037796,4,5,2013,22,5,91,114,2,1,1,3,RN6,0.0,0.0
201300037797,14,5,2013,14,1,91,114,2,1,1,1,TALMA (RUE),0.0,0.0
201300037798,14,5,2013,18,1,91,114,2,1,1,2,MARECHAL DAVOUT (AVENUE,0.0,0.0
201300037799,26,5,2013,1,5,91,114,2,1,1,4,ROUTE NATIONALE 6,0.0,0.0
201300037800,26,5,2013,16,1,91,114,2,1,1,6,ROUTE NATIONALE 6,0.0,0.0
201300037801,29,5,2013,20,1,91,114,2,1,1,2,ROUTE NATIONALE 6,0.0,0.0
201300037802,30,5,2013,20,1,91,97,2,1,1,2,GEORGES COUBARD (RUE),0.0,0.0
201300037803,3,6,2013,18,1,91,114,2,3,1,5,CHARLES DE GAULLE (BOULE,0.0,0.0
201300037804,8,6,2013,17,1,91,114,2,1,1,3,ROUTE NATIONALE 6,0.0,0.0
201300037805,18,6,2013,10,1,91,114,2,9,1,2,ROUTE NATIONALE 6,0.0,0.0
201300037806,9,7,2013,16,1,91,114,2,1,1,2,ROUTE NATIONALE 6,0.0,0.0
201300037807,15,7,2013,10,1,91,514,2,6,1,6,BOUSSY ST ANTOINE (Rte,0.0,0.0
201300037808,19,7,2013,16,1,91,114,2,1,1,2,ROUTE NATIONALE 6,0.0,0.0
201300037809,2,8,2013,18,1,91,114,2,3,1,6,REPUBLIQUE (RUE DE LA),0.0,0.0
201300037810,29,8,2013,6,5,91,114,2,1,1,2,RN 6,0.0,0.0
201300037811,29,8,2013,20,1,91,114,2,1,1,6,GENERAL GOUTTIERE (AVENU,0.0,0.0
201300037812,30,8,2013,10,1,91,114,2,1,1,4,RN 6,0.0,0.0
201300037813,6,9,2013,13,1,91,114,2,1,1,3,CHATAIGNERAIE (AVENUE DE,0.0,0.0
201300037814,18,9,2013,9,1,91,514,2,1,1,3,CD 33,0.0,0.0
201300037815,19,9,2013,11,1,91,514,2,1,1,6,CORA ET SON PARKING,0.0,0.0
201300037816,24,9,2013,17,1,91,97,2,1,1,6,JEAN MOULIN (AVENUE),0.0,0.0
201300037817,30,9,2013,6,2,91,114,2,1,1,3,RN 6,0.0,0.0
201300037818,30,9,2013,15,1,91,114,2,1,1,2,RN 6,0.0,0.0
201300037819,1,10,2013,16,1,91,114,2,1,1,5,RN 6,0.0,0.0
201300037820,2,10,2013,5,5,91,514,2,6,1,3,CD 33,0.0,0.0
201300037821,3,10,2013,6,5,91,114,2,2,1,3,ERMITAGE (AVENUE DE L'),0.0,0.0
201300037822,4,10,2013,7,2,91,114,2,1,1,2,RN 6,0.0,0.0
201300037823,2,10,2013,17,1,91,114,2,1,1,1,VICTOR HUGO (Av),0.0,0.0
201300037824,11,10,2013,14,1,91,114,2,1,1,2,"59, GENERAL LECLERC (AVE",0.0,0.0
201300037825,13,10,2013,14,1,91,114,2,6,1,2,WITTLICH (ROND POINT),0.0,0.0
201300037826,10,11,2013,16,1,91,114,2,1,1,6,CORBEIL (AVENUE DE),0.0,0.0
201300037827,11,11,2013,12,1,91,114,2,1,1,4,"83, GENERAL LECLERC (AVE",0.0,0.0
201300037828,12,11,2013,17,1,91,97,2,9,1,6,CHARLES DE GAULLE (AV,0.0,0.0
201300037829,18,11,2013,7,1,91,114,2,1,1,2,ROUTE NATIONALE 6,0.0,0.0
201300037830,20,11,2013,18,5,91,97,2,1,3,6,JEAN MOULIN (AVENUE),0.0,0.0
201300037831,20,11,2013,19,3,91,97,2,1,2,6,CEDRES (ALLEE DES),0.0,0.0
201300037832,22,11,2013,19,5,91,114,2,1,1,6,BRIE (ROUTE DE),0.0,0.0
201300037833,27,11,2013,10,1,91,514,2,1,1,2,GARE (AV DE LA),0.0,0.0
201300037834,6,12,2013,19,5,91,97,2,1,1,2,JEAN MOULIN (AVENUE),0.0,0.0
201300037835,7,12,2013,10,1,91,114,2,1,1,2,RN 6,0.0,0.0
201300037836,9,12,2013,18,5,91,114,2,1,1,7,GARE (PLACE DE LA),0.0,0.0
201300037837,10,12,2013,11,1,91,215,2,1,1,6,"01, VICTOR HUGO (AVENUE)",0.0,0.0
201300037838,13,12,2013,15,1,91,114,2,2,1,3,ERMITAGE (AVENUE DE L'),0.0,0.0
201300037839,13,12,2013,18,5,91,215,2,1,1,6,VICTOR HUGO (AVENUE),0.0,0.0
201300037840,17,12,2013,8,2,91,114,2,1,1,4,ROUTE NATIONALE 6,0.0,0.0
201300037841,24,12,2013,17,5,91,114,2,6,1,3,WITTLICH (ROND POINT),0.0,0.0
201300037842,20,12,2013,10,1,91,174,2,1,1,2,"59 TER, DUNANT ( BD HENR",0.0,0.0
201300037843,17,10,2013,20,5,91,174,2,6,1,6,"1, BLUM(AVENUE LEON)",0.0,0.0
201300037844,12,10,2013,16,1,91,174,2,3,1,3,"51, JOHN KENNEDY (BOULEV",0.0,0.0
201300037845,16,10,2013,11,1,91,174,2,1,1,6,strathkelvin (avenue de,0.0,0.0
201300037846,20,11,2013,10,1,91,174,2,3,1,3,"104, FONTAINEBLEAU (BD)",0.0,0.0
201300037847,20,11,2013,13,1,91,174,2,1,1,6,"59 T, DUNANT ( BD HENRI)",0.0,0.0
201300037848,8,1,2013,17,5,91,174,2,4,2,1,"245, JOHN KENNEDY (BOULE",0.0,0.0
201300037849,8,1,2013,18,5,91,174,2,1,1,3,"3-13, 08 MAI 1945 (AVENU",0.0,0.0
201300037850,22,11,2013,14,1,91,174,2,1,1,3,"41, CGB (chemin du)",0.0,0.0
201300037851,3,1,2013,17,5,91,174,2,1,2,6,PATTON (PONT),0.0,0.0
201300037852,5,1,2013,15,1,91,174,2,1,1,6,CHENE ( rue du ),0.0,0.0
201300037853,11,1,2013,19,4,91,174,2,2,2,6,"1, PARIS (RUE)",0.0,0.0
201300037854,25,11,2013,6,2,91,174,2,2,1,2,"72, PARIS (RUE)",0.0,0.0
201300037855,6,4,2013,1,5,91,174,2,6,1,1,08 MAI 1945 (AVENUE),0.0,0.0
201300037856,28,1,2013,22,5,91,174,2,3,1,3,"01, JEAN JAURES (BOULEVA",0.0,0.0
201300037857,9,3,2013,20,2,91,174,2,6,1,3,"01, Emile ZOLA (rue)",0.0,0.0
201300037858,12,4,2013,14,1,91,174,2,1,1,5,"1, WALDECK ROUSSEAU(RUE)",0.0,0.0
201300037859,12,4,2013,9,1,91,174,2,1,1,2,"1, JOHN KENNEDY (BOULEVA",0.0,0.0
201300037860,2,4,2013,19,3,91,174,2,1,1,6,"15, JEAN JAURES (BOULEVA",0.0,0.0
201300037861,14,3,2013,10,1,91,174,2,1,1,2,"01, LECOUILLARD (bouleva",0.0,0.0
201300037862,12,3,2013,17,1,91,174,2,1,1,4,"1, WALDECK ROUSSEAU(RUE)",0.0,0.0
201300037863,17,5,2013,11,1,91,174,1,1,1,6,"3, strathkelvin (avenue",0.0,0.0
201300037864,23,5,2013,19,2,91,174,2,2,1,3,"1, JEAN JAURES (BOULEVAR",0.0,0.0
201300037865,26,4,2013,21,2,91,174,2,1,2,4,"1, 08 MAI 1945 (AVENUE)",0.0,0.0
201300037866,27,4,2013,12,1,91,174,2,1,1,6,strathkelvin (avenue de,0.0,0.0
201300037867,22,5,2013,18,1,91,174,2,1,1,3,"33, 08 MAI 1945 (AVENUE)",0.0,0.0
201300037868,19,3,2013,18,1,91,174,2,1,1,2,CARNOT(AVENUE),0.0,0.0
201300037869,4,6,2013,14,1,91,174,2,1,1,6,champlouis,0.0,0.0
201300037870,4,7,2013,14,1,91,174,2,1,1,6,champlouis,0.0,0.0
201300037871,2,7,2013,8,1,91,174,2,9,1,2,"28, WALDECK ROUSSEAU(RUE",0.0,0.0
201300037872,13,7,2013,19,1,91,174,2,1,1,6,"61, MARECHAL DE LATTRE D",0.0,0.0
201300037873,8,8,2013,18,1,91,174,2,1,1,2,"2, LEON CASSE(PLACE)",0.0,0.0
201300037874,8,8,2013,9,1,91,174,2,1,1,3,"65, PARIS (RUE)",0.0,0.0
201300037875,11,5,2013,15,1,91,174,2,1,1,7,"51, BERT(RUE PAUL)",0.0,0.0
201300037876,7,9,2013,14,1,91,174,2,3,1,3,Emile ZOLA (rue),0.0,0.0
201300037877,29,8,2013,8,1,91,174,2,1,1,2,"01, JEAN JAURES (BOULEVA",0.0,0.0
201300037878,6,5,2013,20,1,91,174,2,3,1,3,LA NACELLE (rue),0.0,0.0
201300037879,14,9,2013,8,1,91,174,2,9,2,6,"01, JEAN JAURES (BOULEVA",0.0,0.0
201300037880,16,9,2013,18,1,91,174,2,1,3,7,"07, BERT(RUE PAUL)",0.0,0.0
201300037881,28,5,2013,19,1,91,174,2,3,1,3,PAPETERIE(RUE),0.0,0.0
201300037882,5,10,2013,19,1,91,174,2,1,1,4,JEAN JAURES (BOULEVARD,0.0,0.0
201300037883,8,7,2013,17,1,91,174,1,1,1,6,"1, MAINTENANT(RUE PAUL)",0.0,0.0
201300037884,11,7,2013,13,1,91,174,2,1,1,2,"17, COMBES MARNES(BOULEV",0.0,0.0
201300037885,9,10,2013,21,2,91,174,2,3,2,6,Emile ZOLA (rue),0.0,0.0
201300037886,25,6,2013,10,1,91,174,2,1,1,6,FERAY ( rue ),0.0,0.0
201300037887,20,8,2013,17,1,91,174,2,1,1,3,"25, JOHN KENNEDY (BOULEV",0.0,0.0
201300037888,30,8,2013,20,1,91,174,2,1,1,6,"30, strathkelvin (avenue",0.0,0.0
201300037889,15,9,2013,13,1,91,174,2,2,1,3,PRESIDENT ALLENDE (RUE D,0.0,0.0
201300037890,6,11,2013,17,1,91,174,2,1,8,6,"73, PRESIDENT ALLENDE (A",0.0,0.0
201300037891,4,9,2013,11,1,91,174,2,3,1,6,"1, CRETE ( Boulevard)",0.0,0.0
201300037892,18,10,2013,15,1,91,174,2,3,1,3,"1, RUE GUSTAVE EIFFEL",0.0,0.0
201300037893,2,9,2013,20,1,91,174,2,3,1,2,RUE GEORGES LE DU,0.0,0.0
201300037894,27,11,2013,16,1,91,174,2,9,1,6,"40, APPORT PARIS (QUAI)",0.0,0.0
201300037895,21,11,2013,8,1,91,174,2,1,1,2,"84, BOURGOIN(QUAI)",0.0,0.0
201300037896,17,12,2013,11,1,91,174,2,1,1,2,"52, PARIS (RUE)",0.0,0.0
201300037897,30,11,2013,18,5,91,174,2,1,1,6,"43, PARIS (RUE)",0.0,0.0
201300037898,6,1,2013,12,1,91,201,2,1,8,2,HENRI BARBUSSE (AVENUE),0.0,0.0
201300037899,9,1,2013,7,2,91,657,2,3,8,5,TOURELLE (AVENUE DE LA ),0.0,0.0
201300037900,9,1,2013,19,5,91,201,2,2,1,6,HENRI BARBUSSE(AVENUE,0.0,0.0
201300037901,11,1,2013,7,2,91,201,2,2,1,3,HENRI BARBUSSE(AVENUE,0.0,0.0
201300037902,1,2,2013,14,1,91,657,2,1,2,3,COTE D'OR (RUE DE LA),0.0,0.0
201300037903,28,1,2013,18,5,91,201,2,1,1,2,HENRI BARBUSSE(BOULEVARD,0.0,0.0
201300037904,5,2,2013,7,3,91,657,2,2,2,3,PASTEUR (RUE),0.0,0.0