Num_Acc,jour,mois,an,hr,condition_eclairage,departement,commune,condition_agglomeration,intersection,condition_atmosphere,type_collision,adresse,lattitude,longitude
201300037905,31,12,2013,12,1,91,201,2,2,1,2,PIERRE BROSSOLETTE (RUE),0.0,0.0
201300037906,9,2,2013,14,1,91,201,2,1,2,6,HENRI BARBUSSE(BOULEVARD,0.0,0.0
201300037907,13,2,2013,17,1,91,201,2,2,2,3,HENRI BARBUSSE(BOULEVARD,0.0,0.0
201300037908,16,2,2013,13,1,91,201,2,1,1,6,GENERAL DE GAULLE(BOULEV,0.0,0.0
201300037909,17,2,2013,12,1,91,201,2,3,1,3,GENERAL DE GAULLE(BOULEV,0.0,0.0
201300037910,12,1,2013,13,1,91,657,2,1,1,2,TOURELLE (AVENUE DE LA ),0.0,0.0
201300037911,14,1,2013,16,1,91,201,2,1,1,5,HENRI BARBUSSE(AVENUE,0.0,0.0
201300037912,15,1,2013,22,3,91,201,2,1,1,6,HENRI BARBUSSE(AVENUE,0.0,0.0
201300037913,23,1,2013,17,1,91,657,2,1,1,3,HENRI BARBUSSE (AVENUE),0.0,0.0
201300037914,6,3,2013,18,1,91,657,2,1,1,6,FREDERIC JOLIOT CURIE (A,0.0,0.0
201300037915,8,3,2013,21,5,91,201,2,1,1,2,PIERRE BROSSOLETTE (RUE),0.0,0.0
201300037916,23,2,2013,14,1,91,657,2,1,1,1,GAULOIS (RUE DES ),0.0,0.0
201300037917,28,2,2013,8,1,91,201,2,1,2,2,GENERAL DE GAULLE(BOULEV,0.0,0.0
201300037918,5,4,2013,11,1,91,657,2,3,1,3,TOURELLE (AVENUE DE LA ),0.0,0.0
201300037919,6,4,2013,16,1,91,657,2,1,1,3,EDELWEISS (RUE DES),0.0,0.0
201300037920,23,4,2013,17,1,91,657,2,1,1,6,CONCORDE (AVENUE),0.0,0.0
201300037921,5,4,2013,18,1,91,201,2,1,1,3,"149ter, HENRI BARBUSSE(A",0.0,0.0
201300037922,9,4,2013,13,1,91,201,2,1,2,5,HENRI BARBUSSE(AVENUE,0.0,0.0
201300037923,12,4,2013,8,1,91,201,2,1,8,6,POIREE (RUE DE LA ),0.0,0.0
201300037924,16,4,2013,14,1,91,657,2,1,1,3,HENRI CHARON (AVENUE),0.0,0.0
201300037925,21,4,2013,11,1,91,657,2,1,1,3,HENRI BARBUSSE (AVENUE),0.0,0.0
201300037926,21,4,2013,14,1,91,657,2,1,1,6,ANEMONES (RUE DES ),0.0,0.0
201300037927,22,3,2013,18,1,91,201,2,3,1,3,HENRI BARBUSSE(AV,0.0,0.0
201300037928,27,3,2013,13,1,91,201,2,2,1,2,GENERAL DE GAULLE(BOULEV,0.0,0.0
201300037929,26,4,2013,7,5,91,201,2,1,1,1,FERDINAND BUISSON(RUE),0.0,0.0
201300037930,25,4,2013,1,3,91,657,2,1,1,6,ARBRE DE LA LIBERTE (PLA,0.0,0.0
201300037931,27,4,2013,19,1,91,657,2,1,9,1,CONCORDE (AVENUE),0.0,0.0
201300037932,27,4,2013,2,5,91,201,2,1,9,6,EUROPE(AVENUE DE L'),0.0,0.0
201300037933,10,5,2013,20,1,91,657,2,2,1,3,JULES VERNE (RUE),0.0,0.0
201300037934,16,5,2013,1,3,91,657,2,1,2,6,MAX D'ORMOY (RUE),0.0,0.0
201300037935,16,5,2013,19,1,91,201,2,2,1,1,CHATILLON(RUE DE ),0.0,0.0
201300037936,24,5,2013,19,2,91,201,2,3,1,3,PIERRE BROSSOLETTE (RUE),0.0,0.0
201300037937,6,6,2013,8,1,91,201,2,2,1,6,ALPHONSE DAUDET(RUE),0.0,0.0
201300037938,6,6,2013,17,1,91,657,2,1,1,2,TOURELLE (AVENUE DE LA ),0.0,0.0
201300037939,9,6,2013,19,2,91,201,2,2,1,3,PIERRE BROSSOLETTE (RUE),0.0,0.0
201300037940,5,5,2013,19,2,91,657,2,3,1,3,HENRI BARBUSSE (AVENUE),0.0,0.0
201300037941,16,6,2013,17,1,91,201,2,1,1,3,BAC DE RIS(CHEMIN DU),0.0,0.0
201300037942,25,6,2013,23,5,91,657,2,2,1,3,EUGENE VARLIN (RUE),0.0,0.0
201300037943,25,5,2013,16,1,91,201,2,1,1,1,HENRI BARBUSSE(BOULEVARD,0.0,0.0
201300037944,25,5,2013,19,1,91,657,2,3,1,3,HENRI BARBUSSE (AVENUE),0.0,0.0
201300037945,27,5,2013,18,1,91,201,2,1,1,6,RIS (RUE DE),0.0,0.0
201300037946,8,7,2013,21,1,91,657,2,3,1,6,HENRI BARBUSSE (AVENUE),0.0,0.0
201300037947,18,6,2013,12,1,91,657,2,3,1,3,MARECHAL LECLERC (RUE) C,0.0,0.0
201300037948,17,7,2013,16,1,91,657,2,3,1,3,FREDERIC JOLIOT CURIE (A,0.0,0.0
201300037949,21,7,2013,9,1,91,201,2,1,1,6,HENRI BARBUSSE(AV,0.0,0.0
201300037950,21,7,2013,20,1,91,201,2,1,1,2,HENRI BARBUSSE(BOULEVARD,0.0,0.0
201300037951,8,8,2013,16,1,91,201,2,1,1,6,EUGENE DELACROIX(AVENUE),0.0,0.0
201300037952,9,8,2013,17,1,91,657,2,2,1,3,HENRI BARBUSSE(AV),0.0,0.0
201300037953,16,8,2013,14,1,91,201,2,1,1,6,EUGENE DELACROIX(AVENUE),0.0,0.0
201300037954,28,8,2013,0,5,91,657,2,1,1,6,JULES VERNE (RUE),0.0,0.0
201300037955,5,9,2013,17,1,91,201,2,2,1,3,JACQUELINE JEUNON(RUE),0.0,0.0
201300037956,18,9,2013,14,1,91,657,2,2,2,1,HENRI DUVERNOIS (RUE),0.0,0.0
201300037957,24,9,2013,16,1,91,201,2,1,1,6,DOCTEUR FRANCOIS(RUE DU),0.0,0.0
201300037958,24,9,2013,19,1,91,201,2,2,1,3,CHEMIN(RUE DU),0.0,0.0
201300037959,25,9,2013,8,1,91,201,2,1,1,2,PONT 1ER ARMEE FRANCAISE,0.0,0.0
201300037960,27,9,2013,12,1,91,201,2,1,1,3,HENRI BARBUSSE(av,0.0,0.0
201300037961,3,10,2013,1,5,91,657,2,1,1,3,HENRI BARBUSSE (AVENUE),0.0,0.0
201300037962,2,10,2013,18,1,91,657,2,2,1,5,PAUL VAILLANT COUTURIER,0.0,0.0
201300037963,10,10,2013,6,5,91,201,2,2,1,6,PIERRE BROSSOLETTE (RUE),0.0,0.0
201300037964,14,10,2013,9,1,91,657,2,1,2,6,CHATEAU (RUE DU),0.0,0.0
201300037965,16,10,2013,23,3,91,657,2,1,2,6,LONGUERAIE (RUE DE LA ),0.0,0.0
201300037966,25,10,2013,16,1,91,201,2,2,1,6,EUROPE(AVENUE DE L'),0.0,0.0
201300037967,31,10,2013,11,1,91,657,2,2,1,4,HENRI BARBUSSE (AVENUE),0.0,0.0
201300037968,1,11,2013,11,1,91,657,2,2,1,6,FREDERIC JOLIOT CURIE (A,0.0,0.0
201300037969,4,11,2013,19,5,91,201,2,9,9,1,REPUBLIQUE (PLACE DE LA),0.0,0.0
201300037970,13,11,2013,11,1,91,201,2,1,2,6,HENRI BARBUSSE(BOULEVARD,0.0,0.0
201300037971,13,11,2013,19,5,91,657,2,1,1,6,HENRI BARBUSSE (AVENUE),0.0,0.0
201300037972,21,11,2013,8,1,91,201,2,1,2,2,ALPHONSE DAUDET(RUE),0.0,0.0
201300037973,5,12,2013,16,1,91,201,2,1,1,2,HENRI BARBUSSE(AV,0.0,0.0
201300037974,19,12,2013,10,1,91,201,2,1,9,6,HENRI BARBUSSE(AVENUE,0.0,0.0
201300037975,27,12,2013,22,5,91,657,2,2,2,6,HENRI BARBUSSE(BOULEVARD,0.0,0.0
201300037976,1,1,2013,7,5,91,433,1,1,1,1,BLANCHE (ROUTE),0.0,0.0
201300037977,1,1,2013,22,5,91,469,2,1,1,6,R BOIS DES ROCHES,0.0,0.0
201300037978,3,1,2013,17,3,91,433,1,1,2,6,CD 837,0.0,0.0
201300037979,5,1,2013,15,1,91,223,2,1,1,6,LECLERC (PARKING),0.0,0.0
201300037980,10,1,2013,0,5,91,223,1,1,1,7,"117-119, SAINT MICHEL (B",0.0,0.0
201300037981,15,1,2013,9,1,91,223,2,1,8,7,ROMAINE (VOIE),0.0,0.0
201300037982,16,1,2013,12,1,91,223,2,1,1,3,BRIERES LES SCELLES (,0.0,0.0
201300037983,23,1,2013,14,1,91,223,2,1,1,7,"1, BONNEVAUX (AVENUE DE)",0.0,0.0
201300037984,28,1,2013,7,3,91,223,1,1,1,1,C.D. 21,0.0,0.0
201300037985,7,2,2013,7,5,91,223,2,1,1,6,"21, MAI 1945 (AVENUE DU",0.0,0.0
201300037986,8,2,2013,7,2,91,223,1,1,1,6,R.N.20,0.0,0.0
201300037987,11,2,2013,8,1,91,223,2,1,2,6,MAI 1945 (AVENUE,0.0,0.0
201300037988,11,2,2013,16,1,91,433,2,3,1,3,GENERAL DE GAULLE (AVENU,0.0,0.0
201300037989,15,2,2013,8,1,91,223,2,1,1,2,"97, REPUBLIQUE (RUE DE L",0.0,0.0
201300037990,18,2,2013,8,1,91,223,2,1,1,6,FARMAN (AVENUE HE,0.0,0.0
201300037991,18,2,2013,18,1,91,223,1,3,1,3,CD63,0.0,0.0
201300037992,20,2,2013,16,1,91,223,2,1,1,6,"5, GRANDE SENTE DE LA JU",0.0,0.0
201300037993,25,2,2013,7,2,91,433,2,1,4,6,"1, TILLEULS (RUE DES)",0.0,0.0
201300037994,26,2,2013,18,2,91,223,2,1,1,7,"15, MAI 1945 (AVENUE DU",0.0,0.0
201300037995,3,3,2013,15,1,91,223,2,1,1,7,"1, BERCHERE (BOULEVARD)",0.0,0.0
201300037996,4,3,2013,0,5,91,223,1,1,1,3,R.N.20,0.0,0.0
201300037997,6,3,2013,18,5,91,223,2,1,2,2,RD 191,0.0,0.0
201300037998,12,3,2013,8,1,91,223,1,6,4,6,ROND POINT CHARLE,0.0,0.0
201300037999,17,3,2013,13,1,91,223,2,1,1,6,"1, MAI 1945 (AVENUE DU 8",0.0,0.0
201300038000,20,3,2013,11,1,91,223,2,1,1,2,"11, PONT SAINT JEAN (RUE",0.0,0.0
201300038001,22,3,2013,8,1,91,223,2,1,1,6,"1, REMPART (RUE DU)",0.0,0.0
201300038002,27,3,2013,14,1,91,433,2,1,1,7,AUVERS (RUE D'),0.0,0.0
201300038003,28,3,2013,9,1,91,223,2,1,1,6,"1, VICTOIRE (ALLEE DE LA",0.0,0.0
201300038004,3,4,2013,18,1,91,433,1,6,1,7,PITHIVIERS (ROND,0.0,0.0
201300038005,23,4,2013,7,1,91,223,2,1,1,6,"1, ALLENDE (RUE SALVADOR",0.0,0.0
201300038006,23,4,2013,17,1,91,223,2,1,1,7,BAS CANAL (CHEMIN DU),0.0,0.0
201300038007,27,4,2013,10,1,91,223,2,1,1,3,SAINT JACQUES (RUE,0.0,0.0
201300038008,2,5,2013,11,1,91,223,1,1,1,6,C.D.836,0.0,0.0
201300038009,3,6,2013,19,1,91,223,2,1,1,2,GENERAL ROMANET (PLACE,0.0,0.0
201300038010,6,6,2013,17,1,91,223,2,1,1,2,SAINT MICHEL (BOULEVARD),0.0,0.0
201300038011,7,6,2013,11,1,91,223,2,1,1,6,"2, BONNEVAUX (AVENUE DE)",0.0,0.0
201300038012,12,6,2013,8,1,91,223,1,1,1,2,MAI 1945 (AVENUE DU 8),0.0,0.0
201300038013,14,6,2013,16,1,91,433,1,1,1,7,RD 191,0.0,0.0
201300038014,14,6,2013,16,1,91,223,1,2,1,1,R.D.721,0.0,0.0
201300038015,16,6,2013,7,1,91,223,1,1,2,2,R.N.20,0.0,0.0
201300038016,21,6,2013,3,3,91,223,1,1,2,6,R.N.20,0.0,0.0
201300038017,12,7,2013,18,1,91,223,1,1,1,1,CD201,0.0,0.0
201300038018,15,7,2013,12,1,91,223,2,1,1,3,"97, REPUBLIQUE (RUE DE L",0.0,0.0
201300038019,15,7,2013,17,1,91,223,2,6,1,5,SABLIERE (RUE)   Z I,0.0,0.0
201300038020,16,7,2013,22,2,91,223,1,1,1,6,R.N.20,0.0,0.0
201300038021,20,7,2013,17,1,91,223,2,3,1,3,DE GAULLE (AVENUE,0.0,0.0
201300038022,21,7,2013,20,1,91,433,1,6,1,6,RD 191,0.0,0.0
201300038023,25,7,2013,9,1,91,223,2,1,1,7,CHARPENTIER (AVEN,0.0,0.0
201300038024,25,7,2013,13,1,91,223,1,1,1,2,R.N.20,0.0,0.0
201300038025,28,7,2013,17,1,91,223,2,1,1,7,SAINT MARTIN (RUE,0.0,0.0
201300038026,29,7,2013,8,1,91,433,1,1,1,2,RN.20,0.0,0.0
201300038027,6,8,2013,20,1,91,223,2,1,1,7,8 MAI 1945 (AV),0.0,0.0
201300038028,8,8,2013,19,1,91,223,2,1,1,7,"112, SAINT MICHEL (BOULE",0.0,0.0
201300038029,25,8,2013,16,1,91,223,2,1,2,4,COQUERIVE (AVENUE,0.0,0.0
201300038030,25,8,2013,18,1,91,223,2,3,2,3,RELIGIEUSES (CARR,0.0,0.0
201300038031,26,8,2013,19,1,91,223,1,1,2,7,RN.20,0.0,0.0
201300038032,30,8,2013,11,1,91,223,2,1,1,1,"1, BRIERES LES SCELLES (",0.0,0.0
201300038033,5,9,2013,8,1,91,223,1,1,1,7,RN.20,0.0,0.0
201300038034,7,9,2013,17,1,91,433,1,1,2,6,RN.20,0.0,0.0
201300038035,14,9,2013,8,1,91,223,2,1,2,7,8 MAI 1945 (AVENUE,0.0,0.0
201300038036,14,9,2013,16,1,91,223,2,2,2,7,RD.721,0.0,0.0
201300038037,21,9,2013,20,5,91,223,2,3,1,3,8 MAI 1945 (AVENUE,0.0,0.0
201300038038,22,9,2013,9,1,91,433,2,1,1,7,SAINT GERMAIN (RUE,0.0,0.0
201300038039,23,9,2013,14,1,91,223,2,3,1,3,"1, BONNEVAUX (AVENUE DE)",0.0,0.0
201300038040,25,9,2013,16,1,91,433,1,1,1,7,"3, AUVERS (RUE D')",0.0,0.0
201300038041,25,9,2013,23,3,91,433,1,1,1,6,RN. 20,0.0,0.0
201300038042,6,10,2013,18,1,91,223,1,2,1,3,RD 721,0.0,0.0
201300038043,13,10,2013,16,1,91,223,2,6,1,3,"8, PARIS (AVENUE DE)",0.0,0.0
201300038044,15,10,2013,13,1,91,223,1,1,2,2,RN 20,0.0,0.0
201300038045,15,10,2013,18,1,91,433,1,1,1,6,RD 837,0.0,0.0
201300038046,19,10,2013,19,3,91,223,2,1,2,7,CORDELIERS (RUE DES),0.0,0.0
201300038047,22,10,2013,8,1,91,433,1,9,1,3,CD 63,0.0,0.0
201300038048,27,10,2013,18,5,91,223,1,2,2,3,RD 721,0.0,0.0
201300038049,5,11,2013,17,2,91,433,2,3,2,5,"1, SAINT GERMAIN (RUE)",0.0,0.0
201300038050,11,11,2013,15,1,91,223,2,1,1,6,"52, PARIS (AVENUE DE)",0.0,0.0
201300038051,15,11,2013,20,1,91,223,2,1,1,2,MAI 1945 (AVENUE,0.0,0.0
201300038052,18,11,2013,18,5,91,223,2,1,1,6,"85, SAINT MARTIN (RUE)",0.0,0.0
201300038053,19,11,2013,16,1,91,223,2,1,1,7,RUE DES DEUX MARES,0.0,0.0
201300038054,28,11,2013,17,1,91,223,2,3,1,3,BONNEVAUX (AVENUE,0.0,0.0
201300038055,1,12,2013,18,3,91,223,1,1,1,6,RD 191,0.0,0.0
201300038056,2,12,2013,8,2,91,223,2,1,1,6,AV GEOFFROY ST HILAI,0.0,0.0
201300038057,2,12,2013,23,3,91,223,1,1,1,2,RN 20,0.0,0.0
201300038058,8,12,2013,14,1,91,433,2,1,1,7,MOULINS (RUE DES),0.0,0.0
201300038059,10,12,2013,5,3,91,223,1,1,9,6,RN.20,0.0,0.0
201300038060,12,12,2013,15,1,91,223,2,1,1,6,CARNOT (RUE SADI),0.0,0.0
201300038061,16,12,2013,2,3,91,109,1,1,9,7,COCHET (RUE DU)        R,0.0,0.0
201300038062,18,12,2013,8,1,91,223,1,1,1,6,DES MEUNIERS (AVENUE),0.0,0.0
201300038063,23,12,2013,7,3,91,223,1,1,2,6,CHARLESDE GAULLE (AVENUE,0.0,0.0
201300038064,24,12,2013,12,1,91,223,2,1,3,1,"1, GUETTARD (RUE J.E.)",0.0,0.0
201300038065,30,12,2013,17,5,91,223,2,6,2,6,BONNEVAUX (AVENUE,0.0,0.0
201300038066,31,12,2013,14,1,91,223,2,1,1,6,"06-08, GUETTARD (RUE J.E",0.0,0.0
201300038067,15,1,2013,11,1,91,182,2,1,8,6,MARQUIS DE RAIES (RUE),0.0,0.0
201300038068,30,1,2013,13,1,91,228,2,1,2,6,MARECHAL JUIN (AVENUE DU,0.0,0.0
201300038069,14,2,2013,6,2,91,521,2,1,2,5,AMITIE (PONT DE L'),0.0,0.0
201300038070,15,2,2013,13,1,91,228,2,1,1,6,DECAUVILLE (BOULEVARD),0.0,0.0
201300038071,6,3,2013,9,1,91,228,2,1,1,2,LIBERTE (AVENUE DE LA),0.0,0.0
201300038072,16,3,2013,13,1,91,521,2,1,1,2,LIBERATION (AVENUE DE LA,0.0,0.0
201300038073,3,5,2013,17,1,91,228,2,1,1,6,VOIE TU,0.0,0.0
201300038074,21,5,2013,17,1,91,521,2,1,2,6,PLAT (RUE AUGUSTE),0.0,0.0
201300038075,27,6,2013,18,1,91,521,2,6,1,1,BONTE (RUE),0.0,0.0
201300038076,13,8,2013,19,1,91,521,2,9,1,3,BROSSOLETTE (RUE PIERRE),0.0,0.0
201300038077,3,10,2013,7,1,91,182,2,1,1,5,AMANDIER (AVENUE DE L'),0.0,0.0
201300038078,30,9,2013,16,1,91,521,2,1,1,6,"72, GRIGNY (ROUTE DE)",0.0,0.0
201300038079,7,10,2013,15,1,91,228,2,1,1,6,LIBERTE (AVENUE DE LA),0.0,0.0
201300038080,15,10,2013,20,3,91,521,2,1,2,6,JOLIOT CURIE (AVENUE,0.0,0.0
201300038081,31,10,2013,3,3,91,228,1,1,1,6,RN7,0.0,0.0
201300038082,4,11,2013,20,5,91,228,2,1,1,3,CHAMPS ELYSEES (BD)N°,0.0,0.0
201300038083,7,1,2013,9,1,91,687,2,1,1,4,MARMONT (AVENUE),0.0,0.0
201300038084,3,1,2013,10,1,91,687,2,1,1,6,NUNGESSER ET COLI (RUE),0.0,0.0
201300038085,9,1,2013,12,1,91,687,2,1,1,1,DE FLEURY (ROUTE ),0.0,0.0
201300038086,12,1,2013,23,5,91,687,2,1,1,6,"88, FORET (AVENUE DE LA)",0.0,0.0
201300038087,27,1,2013,19,2,91,687,2,1,1,2,"106, GENERAL DE GAULLE (",0.0,0.0
201300038088,28,1,2013,8,2,91,434,2,1,1,6,SAVIGNY (RUE DE),0.0,0.0
201300038089,4,2,2013,21,5,91,687,2,1,1,6,MARMONT (AVENUE),0.0,0.0
201300038090,9,2,2013,14,1,91,687,2,1,1,6,RD 445,0.0,0.0
201300038091,12,2,2013,19,2,91,687,2,1,1,6,RD 445,0.0,0.0
201300038092,13,2,2013,5,2,91,286,2,1,1,6,EMILE ALLIAUD (AVENUE),0.0,0.0
201300038093,13,2,2013,15,1,91,687,2,1,1,6,"18, MAURICE SABATIER (RU",0.0,0.0
201300038094,20,2,2013,8,2,91,434,2,1,1,6,MARCEAU (RUE),0.0,0.0
201300038095,26,2,2013,18,2,91,326,2,3,1,3,GABRIEL PERI (AVENUE),0.0,0.0
201300038096,28,2,2013,7,2,91,687,2,2,1,3,RD 445,0.0,0.0
201300038097,5,3,2013,14,1,91,286,2,1,1,6,QUINCONCE (PLACE DU),0.0,0.0
201300038098,1,3,2013,12,1,91,286,2,1,1,6,SABLONS (AVENUE DES),0.0,0.0
201300038099,3,3,2013,18,1,91,326,2,1,1,6,MARECHAL JOFFRE (PLACE D,0.0,0.0
201300038100,7,3,2013,21,5,91,286,2,1,1,6,"40, CORBEIL (ROUTE DE)",0.0,0.0
201300038101,25,3,2013,17,1,91,687,2,1,1,6,NUNGESSER ET COLI (RUE),0.0,0.0
201300038102,10,4,2013,21,5,91,687,2,2,3,3,GENERAL DE GAULLE (AVENU,0.0,0.0
201300038103,22,4,2013,12,1,91,326,2,1,1,6,GARE SNCF,0.0,0.0
201300038104,22,4,2013,18,1,91,286,2,1,1,6,"8, DEDALE (RUE)",0.0,0.0
201300038105,24,4,2013,13,1,91,286,2,1,1,6,CORBEIL (ROUTE DE),0.0,0.0
201300038106,16,5,2013,7,2,91,687,2,1,2,2,RD 445,0.0,0.0
201300038107,14,5,2013,8,1,91,286,2,1,1,6,PREMIERE ARMEE (AVENUE),0.0,0.0
201300038108,28,4,2013,15,1,91,434,2,1,1,6,JEAN MORLET (SQUARE),0.0,0.0
201300038109,10,6,2013,18,1,91,687,2,1,1,6,VANNE (RUE DE LA),0.0,0.0
201300038110,3,5,2013,20,2,91,326,2,1,1,6,PIERRE SEMARD (RUE),0.0,0.0
201300038111,6,5,2013,12,1,91,687,2,1,1,6,HENRI BARBUSSE (RUE),0.0,0.0
201300038112,30,5,2013,8,2,91,286,2,1,2,2,TUILERIES (AVENUE DES),0.0,0.0
201300038113,13,6,2013,20,2,91,286,2,1,1,6,FERME NEUVE (RUE DE LA),0.0,0.0
201300038114,6,6,2013,11,1,91,687,2,1,1,6,RENE COTY (PLACE),0.0,0.0
201300038115,21,6,2013,12,1,91,286,2,1,1,3,TREILLE (PLACE DE LA),0.0,0.0
201300038116,16,7,2013,9,1,91,326,2,1,1,6,"47, ALBERT SARRAULT (AVE",0.0,0.0
201300038117,15,7,2013,18,1,91,286,2,1,1,1,"24, CORBEIL (ROUTE DE)",0.0,0.0
201300038118,8,8,2013,18,1,91,434,2,1,1,6,"19, JEAN LURCAT (SQUARE)",0.0,0.0
201300038119,13,8,2013,11,1,91,687,2,1,1,6,FLANDRE (AVENUE DE),0.0,0.0
201300038120,15,8,2013,19,2,91,687,2,1,1,3,AMEDEE GORDINI (RD PT),0.0,0.0
201300038121,14,10,2013,7,2,91,326,2,1,1,3,"36, COUR DE FRANCE (AVEN",0.0,0.0
201300038122,18,10,2013,8,1,91,434,2,1,1,6,"21, FERDINAND BUISSON (P",0.0,0.0
201300038123,7,10,2013,8,2,91,326,2,1,1,6,"9, PETIT (RUE)",0.0,0.0
201300038124,14,11,2013,19,5,91,687,2,1,2,6,GRIBELETTE (AVENUE DE LA,0.0,0.0
201300038125,18,11,2013,15,1,91,687,2,1,1,3,RD 445,0.0,0.0
201300038126,20,11,2013,18,2,91,326,2,1,3,2,COUR DE FRANCE (AVENUE D,0.0,0.0
201300038127,19,10,2013,11,1,91,326,2,1,1,6,"74, ESTIENNE D'ORVES (AV",0.0,0.0
201300038128,30,10,2013,16,1,91,687,2,1,1,6,JEAN MOULIN (AVENUE),0.0,0.0
201300038129,12,11,2013,18,5,91,286,2,1,2,6,HENRI BARBUSSE (PLACE),0.0,0.0
201300038130,29,11,2013,17,2,91,434,2,1,1,3,"9, PAIX (RUE DE LA)",0.0,0.0
201300038131,2,12,2013,17,2,91,687,2,1,1,6,"5, PROVENCE (AVENUE DE)",0.0,0.0
201300038132,12,12,2013,14,1,91,687,2,1,1,5,RD 445,0.0,0.0
201300038133,22,11,2013,3,5,91,286,2,1,1,6,HENRI BARBUSSE (PLACE),0.0,0.0
201300038134,10,12,2013,9,1,91,434,2,1,1,7,CORBEIL (ROUTE DE),0.0,0.0
201300038135,6,12,2013,19,5,91,326,2,1,1,6,GAULOIS (RUE DES),0.0,0.0
201300038136,25,12,2013,3,3,91,286,2,1,2,6,PREMIERE ARMEE (AVENUE),0.0,0.0
201300038137,11,1,2013,21,5,91,161,2,2,2,3,"20, MAZARIN (AVENUE)",0.0,0.0
201300038138,17,1,2013,18,3,91,345,2,1,1,6,"165, PRESIDENT F. MITTER",0.0,0.0
201300038139,28,1,2013,6,5,91,161,1,1,2,6,"28, LONGJUMEAU (route de",0.0,0.0
201300038140,6,2,2013,19,5,91,345,2,2,8,1,"16, CORBEIL (ROUTE DE)",0.0,0.0
201300038141,8,2,2013,7,1,91,345,2,3,1,3,"126, CORBEIL (ROUTE DE)",0.0,0.0
201300038142,20,2,2013,7,2,91,161,2,2,8,6,"22, MAZARIN (AVENUE)",0.0,0.0
201300038143,20,2,2013,15,1,91,161,2,1,1,3,LONGJUMEAU (route de),0.0,0.0
201300038144,14,3,2013,20,5,91,345,2,1,1,3,"52, PRESIDENT FRANCOIS M",0.0,0.0
201300038145,25,4,2013,15,1,91,161,1,4,7,2,"1, PIERRE BROSSOLETTE (A",0.0,0.0
201300038146,4,5,2013,8,2,91,345,2,1,1,1,"53, RAMEAU (RUE)",0.0,0.0
201300038147,19,6,2013,4,3,91,161,1,1,8,2,"1, WISSOUS (ROUTE DE)",0.0,0.0
201300038148,25,6,2013,14,1,91,161,2,1,1,6,"1, PIERRE MENDES FRANCE",0.0,0.0
201300038149,1,7,2013,12,1,91,345,2,3,1,3,"17, COQUELICOTS (RUE DES",0.0,0.0
201300038150,18,7,2013,16,1,91,161,2,1,1,2,"1, MARES JULIENNES (RUE",0.0,0.0
201300038151,16,8,2013,19,1,91,161,2,3,1,3,CHARLES DE GAULLE (AVENU,0.0,0.0
201300038152,30,8,2013,12,1,91,345,2,1,1,6,PRESIDENT FRANCOIS MITTE,0.0,0.0
201300038153,9,9,2013,17,1,91,161,1,1,2,3,RD 118,0.0,0.0
201300038154,11,9,2013,2,5,91,161,1,1,1,6,"57, LONGJUMEAU (route de",0.0,0.0
201300038155,12,9,2013,8,1,91,345,2,1,2,3,"160, PRESIDENT FRANCOIS",0.0,0.0
201300038156,16,9,2013,18,1,91,345,2,1,2,4,"27, ROUX DR (RUE DU)",0.0,0.0
201300038157,23,9,2013,7,1,91,161,2,1,1,1,"1, BUTTE AUX BERGERS (Z.",0.0,0.0
201300038158,8,10,2013,8,1,91,161,2,2,1,3,MAZARIN (AVENUE),0.0,0.0
201300038159,11,10,2013,21,5,91,161,2,1,1,3,"40, PIERRE BROSSOLETTE (",0.0,0.0
201300038160,16,10,2013,19,1,91,161,1,1,7,4,"1, CD 118",0.0,0.0
201300038161,20,10,2013,6,5,91,161,2,1,2,3,"2, LONGJUMEAU (route de)",0.0,0.0
201300038162,5,11,2013,16,1,91,161,2,1,1,2,"125, MASSY (ROUTE DE)",0.0,0.0
201300038163,7,11,2013,4,5,91,161,1,3,2,5,"20, LONGJUMEAU (route de",0.0,0.0
201300038164,7,11,2013,19,5,91,345,2,2,2,6,"1, PEUPLERAIE (RUE",0.0,0.0
201300038165,8,11,2013,8,2,91,161,2,1,2,1,"1, MASSY (ROUTE DE)",0.0,0.0
201300038166,12,11,2013,13,1,91,345,2,1,2,6,"26, CORBEIL (ROUTE DE)",0.0,0.0
201300038167,12,11,2013,20,5,91,161,2,1,2,2,"1, MAZARIN (AVENUE)",0.0,0.0
201300038168,17,11,2013,1,5,91,345,2,2,1,3,"52, PRESIDENT FRANCOIS M",0.0,0.0
201300038169,10,12,2013,15,1,91,345,2,1,1,2,"150, CORBEIL (ROUTE DE)",0.0,0.0
201300038170,12,12,2013,1,5,91,161,2,3,1,3,D118 / A6,0.0,0.0
201300038171,20,12,2013,23,5,91,345,2,4,1,6,"22, BERTILLON GABRIEL (R",0.0,0.0
201300038172,10,7,2013,6,1,91,161,2,1,1,2,"53, LONGJUMEAU (route de",0.0,0.0
201300038173,19,7,2013,21,1,91,345,2,1,1,3,"36, CHILLY (RUE DE)",0.0,0.0
201300038174,31,7,2013,20,1,91,161,2,1,1,6,"1, CHEMIN DE FER (RUE DU",0.0,0.0
201300038175,8,10,2013,12,1,91,345,2,1,1,3,"159, PRESIDENT FRANCOIS",0.0,0.0
201300038176,16,10,2013,8,1,91,161,2,1,1,6,MONTAGNE (RUE DE LA),0.0,0.0
201300038177,21,10,2013,19,3,91,345,2,3,1,6,"82, PRESIDENT FRANCOIS M",0.0,0.0
201300038178,23,10,2013,20,5,91,345,2,1,1,4,CHILLY (RUE DE),0.0,0.0
201300038179,26,10,2013,19,5,91,345,2,3,1,6,"5, ROUX DR (RUE DU)",0.0,0.0
201300038180,21,12,2013,6,5,91,345,2,1,1,3,"84, PRESIDENT FRANCOIS M",0.0,0.0
201300038181,17,8,2013,12,1,91,377,1,1,1,3,"sans, PARIS (RUE DE)",0.0,0.0
201300038182,23,7,2013,12,1,91,377,2,1,1,6,PREMIER MAI (BOULE,0.0,0.0
201300038183,25,3,2013,22,3,91,377,2,1,1,7,NORMANDIE-NIEMEN (RUE),0.0,0.0
201300038184,4,5,2013,3,3,91,689,2,1,1,7,ANTONY (ROUTE D'),0.0,0.0