Num_Acc,jour,mois,an,hr,condition_eclairage,departement,commune,condition_agglomeration,intersection,condition_atmosphere,type_collision,adresse,lattitude,longitude
201300038185,30,6,2013,1,4,91,377,2,1,1,6,EUROPE (AVENUE DE,0.0,0.0
201300038186,12,7,2013,17,1,91,377,2,1,1,3,"sans, JUIN (AVENUE DU MA",0.0,0.0
201300038187,26,8,2013,9,1,91,377,2,1,1,6,"100, KENNEDY (AVENUE DU",0.0,0.0
201300038188,25,10,2013,7,4,91,377,2,1,1,6,EUROPE (AVENUE DE,0.0,0.0
201300038189,14,11,2013,13,1,91,377,2,1,1,3,CHAMPARTS (RUE DES),0.0,0.0
201300038190,4,12,2013,19,2,91,377,2,1,1,6,CARNOT (AVENUE),0.0,0.0
201300038191,21,1,2013,18,2,91,691,2,4,2,6,CONCY(RUE),0.0,0.0
201300038192,1,2,2013,16,1,91,421,1,1,2,6,NATIONALE 6 (PARTIE FORE,0.0,0.0
201300038193,5,2,2013,22,5,91,421,2,3,1,3,REPUBLIQUE (AVENUE DE LA,0.0,0.0
201300038194,8,2,2013,0,5,91,691,1,1,2,2,Rond-point du Maréchal d,0.0,0.0
201300038195,29,1,2013,18,1,91,421,2,1,1,5,CHARLES DE GAULLE (AVENU,0.0,0.0
201300038196,25,2,2013,13,1,91,421,1,1,1,3,NATIONALE 6 (PARTIE FORE,0.0,0.0
201300038197,7,3,2013,10,1,91,421,1,1,1,2,NATIONALE 6 (GLACIERE),0.0,0.0
201300038198,8,3,2013,15,1,91,421,2,1,2,3,"86, REPUBLIQUE (AVENUE D",0.0,0.0
201300038199,14,3,2013,12,1,91,691,2,1,1,2,GABRIEL PERI(RUE) DU N?4,0.0,0.0
201300038200,17,2,2013,1,5,91,421,1,1,1,5,NATIONALE 6 (PARTIE FORE,0.0,0.0
201300038201,8,3,2013,19,5,91,691,2,1,2,2,"45, ABBE MARCEAU (AVENUE",0.0,0.0
201300038202,21,3,2013,6,5,91,691,2,1,1,2,PIERRE LOTI(RUE),0.0,0.0
201300038203,8,2,2013,19,2,91,421,1,1,3,4,NATIONALE 6 (GLACIERE),0.0,0.0
201300038204,9,2,2013,19,2,91,421,1,1,1,3,NATIONALE 6 (CES POMPIDO,0.0,0.0
201300038205,10,2,2013,17,1,91,421,1,1,1,2,NATIONALE 6 (CES POMPIDO,0.0,0.0
201300038206,13,2,2013,15,1,91,691,2,1,1,1,CD 94,0.0,0.0
201300038207,11,4,2013,11,1,91,691,2,1,1,6,"67, CHARLE DE GAULLE(RUE",0.0,0.0
201300038208,12,4,2013,9,1,91,691,2,6,1,3,Rond-point du Maréchal d,0.0,0.0
201300038209,20,4,2013,17,1,91,691,2,6,1,4,MARECHAL JUIN (RUE),0.0,0.0
201300038210,17,4,2013,16,1,91,691,2,1,1,1,RAYMOND POINCARE(RUE),0.0,0.0
201300038211,21,4,2013,12,1,91,691,2,6,1,2,HUIT MAI 1945 (PLACE DU),0.0,0.0
201300038212,29,4,2013,16,1,91,421,2,3,1,3,VICTOR HUGO (RUE),0.0,0.0
201300038213,14,5,2013,19,1,91,421,1,1,1,1,BAC D'ABLON (RUE DU),0.0,0.0
201300038214,25,5,2013,18,1,91,421,2,1,1,2,"52, YERRES (RUE D')",0.0,0.0
201300038215,16,5,2013,8,1,91,421,2,1,2,2,"114, REPUBLIQUE (AVENUE",0.0,0.0
201300038216,30,5,2013,19,1,91,421,2,1,1,1,CENTRE DE LA FORET,0.0,0.0
201300038217,4,6,2013,18,1,91,691,2,1,1,2,"51, PAUL DOUMER(RUE)",0.0,0.0
201300038218,5,6,2013,9,1,91,421,1,1,1,6,NATIONALE 6 (REVEIL MATI,0.0,0.0
201300038219,6,6,2013,9,1,91,421,2,4,1,6,"95, REPUBLIQUE (AVENUE D",0.0,0.0
201300038220,12,6,2013,17,1,91,691,2,1,2,6,GRANGE(AVENUE),0.0,0.0
201300038221,11,6,2013,14,1,91,421,2,1,1,3,"80, REPUBLIQUE (AVENUE D",0.0,0.0
201300038222,25,6,2013,16,1,91,691,2,1,1,6,GARE (RUE DE LA),0.0,0.0
201300038223,25,6,2013,17,1,91,691,2,1,1,2,"52, JEAN JAURES (AVENUE)",0.0,0.0
201300038224,26,6,2013,17,1,91,421,1,1,1,5,CENTRE DE LA FORET,0.0,0.0
201300038225,29,6,2013,16,1,91,691,2,1,1,2,PAUL DOUMER(RUE),0.0,0.0
201300038226,30,6,2013,10,1,91,691,1,1,1,2,GOURGAUD(AVENUE),0.0,0.0
201300038227,1,7,2013,19,1,91,421,2,1,1,2,RAYMOND POMIER (RUE),0.0,0.0
201300038228,6,7,2013,15,1,91,421,2,1,1,5,JEAN JAURES (AVENUE),0.0,0.0
201300038229,8,7,2013,11,1,91,421,1,1,1,2,N 6 (GLACIERE),0.0,0.0
201300038230,13,7,2013,19,1,91,421,2,1,1,3,MARECHAL FOCH (AVENUE DU,0.0,0.0
201300038231,10,7,2013,23,4,91,421,1,1,1,6,NATIONALE 6 (REVEIL MATI,0.0,0.0
201300038232,19,7,2013,11,1,91,691,2,6,1,6,PASTEUR(ROND POINT),0.0,0.0
201300038233,19,7,2013,15,1,91,691,2,1,1,2,JEAN JAURES (AVENUE),0.0,0.0
201300038234,19,7,2013,18,1,91,691,2,1,1,6,"31, ABBAYE(RUE)",0.0,0.0
201300038235,24,7,2013,17,1,91,421,1,1,1,2,N 6 (CES POMPIDOU),0.0,0.0
201300038236,26,7,2013,12,1,91,421,2,1,1,2,CHARLES DE GAULLE (AVENU,0.0,0.0
201300038237,27,7,2013,17,1,91,421,2,2,1,3,CHARLES DE GAULLE (AVENU,0.0,0.0
201300038238,26,8,2013,19,1,91,691,2,2,1,3,CARNOT (RUE),0.0,0.0
201300038239,20,8,2013,7,1,91,421,1,1,1,4,N 6 (PARTIE FORET),0.0,0.0
201300038240,20,8,2013,20,5,91,421,2,3,1,3,"10, ALSACE-LORRAINE (RUE",0.0,0.0
201300038241,15,6,2013,21,5,91,691,2,2,1,3,GABRIEL PERI(RUE) N°1,0.0,0.0
201300038242,1,10,2013,10,1,91,691,2,6,1,1,GABRIEL PERI(RUE) DU N 4,0.0,0.0
201300038243,2,10,2013,14,1,91,421,2,1,1,3,N6 (GLACIERE),0.0,0.0
201300038244,17,9,2013,10,1,91,421,2,1,1,2,CORBEIL (ROUTE DE),0.0,0.0
201300038245,7,9,2013,18,1,91,421,2,1,1,7,NARCISSES (ALLEE DES),0.0,0.0
201300038246,4,10,2013,19,1,91,691,2,1,1,6,GARE S.N.C.F ET SON PARK,0.0,0.0
201300038247,10,10,2013,1,5,91,691,2,1,1,6,"95, RESISTANCE(AVENUE)",0.0,0.0
201300038248,10,10,2013,7,5,91,691,2,1,1,2,GEORGES BIZET(RUE),0.0,0.0
201300038249,11,10,2013,13,1,91,421,2,1,1,6,REPUBLIQUE (AVENUE DE LA,0.0,0.0
201300038250,11,10,2013,15,1,91,691,2,2,1,3,GABRIEL PERI(RUE) DU N?1,0.0,0.0
201300038251,15,10,2013,12,1,91,421,2,1,1,2,ROUVRES (RUE DE),0.0,0.0
201300038252,15,10,2013,12,1,91,691,2,1,1,6,CHARLE DE GAULLE(RUE),0.0,0.0
201300038253,15,10,2013,20,5,91,421,2,1,1,6,CORBEIL (ROUTE DE),0.0,0.0
201300038254,18,10,2013,9,1,91,691,2,6,1,3,GENERAL DE GAULLE (AVENU,0.0,0.0
201300038255,28,10,2013,4,5,91,691,2,1,3,6,"8, DOCTEUR CHARCOT(RUE)",0.0,0.0
201300038256,8,11,2013,16,1,91,691,2,1,2,2,MARC SANGNIER (RUE),0.0,0.0
201300038257,8,11,2013,22,5,91,421,1,1,2,2,N 6 (PARTIE FORE,0.0,0.0
201300038258,12,11,2013,13,1,91,691,2,1,1,6,ANDREI SAKHAROV (RUE),0.0,0.0
201300038259,14,11,2013,9,1,91,421,2,2,2,3,CHARLES DE GAULLE (AVENU,0.0,0.0
201300038260,15,11,2013,12,1,91,421,2,1,1,6,BOIS (RUE DES),0.0,0.0
201300038261,15,11,2013,15,1,91,691,2,1,1,3,RESISTANCE(AVENUE),0.0,0.0
201300038262,20,11,2013,8,1,91,691,2,3,1,3,RAYMOND POINCARE(RUE),0.0,0.0
201300038263,20,11,2013,17,5,91,691,2,1,3,6,HENRI BARBUSSE(RUE),0.0,0.0
201300038264,27,11,2013,19,1,91,421,2,1,1,6,"176, REPUBLIQUE (AVENUE",0.0,0.0
201300038265,28,11,2013,7,2,91,421,2,1,1,1,"78, JEAN JAURES (AVENUE)",0.0,0.0
201300038266,9,12,2013,16,1,91,421,2,1,1,3,MARECHAL FOCH (AVENUE DU,0.0,0.0
201300038267,10,12,2013,11,1,91,421,2,1,1,6,"120, REPUBLIQUE (AVENUE",0.0,0.0
201300038268,14,12,2013,10,1,91,421,1,1,1,2,NATIONALE 6 (CES POMPIDO,0.0,0.0
201300038269,15,12,2013,1,3,91,421,1,1,1,2,NATIONALE 6 (REVEIL MATI,0.0,0.0
201300038270,17,12,2013,8,5,91,421,2,1,1,2,GRANGE (RUE DE LA),0.0,0.0
201300038271,18,12,2013,16,1,91,421,2,1,1,3,CORBEIL (ROUTE DE),0.0,0.0
201300038272,19,12,2013,18,5,91,691,2,1,1,6,PIERRE LOTI(RUE),0.0,0.0
201300038273,27,12,2013,17,5,91,691,2,1,2,6,CONCY(RUE),0.0,0.0
201300038274,30,12,2013,18,5,91,421,2,1,2,6,DOCTEUR LEON DEGLAIRE (R,0.0,0.0
201300038275,8,1,2013,19,2,91,691,2,1,2,6,RENE COTY(RUE),0.0,0.0
201300038276,5,1,2013,9,1,91,645,2,1,1,1,"123, ESTIENNES D ORVES (",0.0,0.0
201300038277,8,1,2013,8,2,91,645,2,3,8,6,"138, ESTIENNES D ORVES (",0.0,0.0
201300038278,8,1,2013,12,1,91,692,2,1,1,6,"1, DORDOGNE (AVENUE DE)",0.0,0.0
201300038279,16,1,2013,8,2,91,692,2,3,1,6,"13, BERRY (AVENUE DU)",0.0,0.0
201300038280,28,1,2013,18,5,91,312,2,1,1,6,VAUHALLAN (ROUTE),0.0,0.0
201300038281,29,1,2013,18,5,91,471,2,1,2,6,"41, DUBREUIL (BOULEVARD)",0.0,0.0
201300038282,30,1,2013,16,1,91,645,2,1,1,6,CAMBACERES (AVENUE),0.0,0.0
201300038283,6,2,2013,11,1,91,477,2,4,1,2,GEORGE SAND (RUE),0.0,0.0
201300038284,13,2,2013,18,5,91,645,2,1,1,6,"9, HUE (RUE MARIUS)",0.0,0.0
201300038285,5,11,2013,17,4,91,692,2,1,2,6,"1, SAINTONGE(AVENUE DE)",0.0,0.0
201300038286,30,11,2013,11,1,91,471,2,1,1,3,MONDETOUR (BOULEVARD,0.0,0.0
201300038287,13,2,2013,22,5,91,477,2,3,1,1,CHARLES PEGUY (RUE),0.0,0.0
201300038288,18,2,2013,7,1,91,477,2,4,1,3,BOURGEOIS (RUE LEON),0.0,0.0
201300038289,16,1,2013,13,1,91,471,2,1,1,2,"13, MONTHLERY (ROUTE DE)",0.0,0.0
201300038290,22,2,2013,10,1,91,312,2,2,1,3,FERME (RUE),0.0,0.0
201300038291,16,2,2013,13,1,91,477,1,1,1,5,CD 36,0.0,0.0
201300038292,13,2,2013,7,1,91,122,2,3,1,6,HACQUINIERE (ALLEE DE,0.0,0.0
201300038293,28,2,2013,19,5,91,477,2,3,1,6,GUTENBERG (RUE),0.0,0.0
201300038294,26,1,2013,0,5,91,477,2,1,1,6,"17, GUTEMBERG (RUE)",0.0,0.0
201300038295,23,1,2013,14,1,91,692,2,1,1,4,MORVAN (RUE DU),0.0,0.0
201300038296,1,3,2013,18,2,91,471,2,3,1,1,"14, CHARLES DE GAULLE (R",0.0,0.0
201300038297,19,3,2013,8,1,91,477,1,1,1,3,VAUVE (AV DE LA),0.0,0.0
201300038298,15,3,2013,17,1,91,471,2,1,1,6,DOCTEUR ERNEST LAURIAT (,0.0,0.0
201300038299,22,3,2013,8,1,91,477,2,1,1,6,"36, HUIT MAI 1945 (AVENU",0.0,0.0
201300038300,26,3,2013,17,1,91,692,2,1,1,3,TROPIQUES (AVENUE DES),0.0,0.0
201300038301,9,4,2013,17,1,91,471,2,1,1,6,ANDRE MAGINOT (RUE),0.0,0.0
201300038302,8,4,2013,9,1,91,122,2,1,1,3,GUYONNERIE (rue de la,0.0,0.0
201300038303,16,4,2013,15,1,91,645,2,1,1,1,GEORGES POMPIDOU (AVE,0.0,0.0
201300038304,19,4,2013,16,1,91,477,2,2,8,3,HUGO (RUE VICTOR),0.0,0.0
201300038305,21,4,2013,17,1,91,477,2,1,1,3,"51, PARIS (RUE DE)",0.0,0.0
201300038306,26,4,2013,18,1,91,64,2,3,2,3,PARIS (RUE DE),0.0,0.0
201300038307,29,4,2013,11,1,91,477,2,1,1,2,"1, GENERAL DE GAULLE (AV",0.0,0.0
201300038308,17,4,2013,9,1,91,471,2,9,1,3,CHEVREUSE (RUE DE),0.0,0.0
201300038309,12,5,2013,11,1,91,64,1,1,1,3,VERSAILLES (ROUTE DE),0.0,0.0
201300038310,22,5,2013,15,1,91,477,2,1,1,6,ALLIES (AVENUE DES),0.0,0.0
201300038311,28,5,2013,17,1,91,477,2,1,1,6,BERTEAUX (RUE MAURICE,0.0,0.0
201300038312,8,6,2013,16,1,91,64,2,1,1,2,Léon MIGNOTTE (rue),0.0,0.0
201300038313,9,6,2013,7,1,91,645,2,1,2,6,FOCH (BOULEVARD DU MA,0.0,0.0
201300038314,2,6,2013,2,5,91,312,2,1,1,6,BRULIS (RUE),0.0,0.0
201300038315,11,6,2013,15,1,91,477,2,1,1,4,"38, HUIT MAI 1945 (AVENU",0.0,0.0
201300038316,27,5,2013,21,5,91,64,2,9,1,6,"76, PARIS (RUE DE)",0.0,0.0
201300038317,15,6,2013,17,1,91,64,2,1,1,3,PETIT BIEVRES (RUE DU),0.0,0.0
201300038318,18,6,2013,20,1,91,122,2,1,1,6,"40, HACQUINIERE (RUE DE",0.0,0.0
201300038319,27,5,2013,18,1,91,692,2,1,1,1,GUYENNE (AVENUE),0.0,0.0
201300038320,23,6,2013,2,3,91,64,1,1,8,3,CD 117 (ROUTE DE JOUY,0.0,0.0
201300038321,27,5,2013,16,1,91,477,2,1,1,2,GUTEMBERG (RUE),0.0,0.0
201300038322,17,5,2013,11,1,91,692,2,1,1,6,CENTRE COMMERCIAL ULI,0.0,0.0
201300038323,3,7,2013,8,1,91,477,2,1,1,6,HUIT MAI 1945 (AVENUE,0.0,0.0
201300038324,11,7,2013,9,1,91,122,2,1,1,2,CHARLES DE GAULLE(RUE,0.0,0.0
201300038325,12,7,2013,20,1,91,692,1,4,1,6,RD35,0.0,0.0
201300038326,29,5,2013,9,1,91,64,2,1,1,1,"21, PARIS (RUE DE)",0.0,0.0
201300038327,9,6,2013,10,1,91,64,2,1,1,2,"GISY (ROUTE, JUSQU'A BUR",0.0,0.0
201300038328,7,6,2013,16,1,91,692,2,1,1,3,"8, ANDES (AVENUE DES)",0.0,0.0
201300038329,15,7,2013,12,1,91,692,2,6,1,4,RD 446,0.0,0.0
201300038330,10,8,2013,23,4,91,645,2,3,1,1,GABRIEL PERI (AV),0.0,0.0
201300038331,21,8,2013,23,5,91,692,1,1,1,6,OCEANIE (AVENUE DE L',0.0,0.0
201300038332,28,8,2013,17,1,91,645,2,1,1,1,"20, BLIN (RUE)",0.0,0.0
201300038333,3,9,2013,8,1,91,692,2,6,1,2,OCEANIE (AVENUE DE L',0.0,0.0
201300038334,13,7,2013,10,1,91,64,2,1,1,6,PARIS (RUE DE),0.0,0.0
201300038335,5,9,2013,18,1,91,122,2,3,1,3,"9, VIERGE (RUE DE LA)",0.0,0.0
201300038336,6,9,2013,13,1,91,692,2,1,1,6,"2, SAINTONGE(AVENUE DE)",0.0,0.0
201300038337,9,9,2013,8,1,91,692,2,1,1,6,ALSACE (AVENUE D'),0.0,0.0
201300038338,9,9,2013,15,1,91,477,2,3,2,3,VIALA (BOULEVARD),0.0,0.0
201300038339,10,9,2013,10,1,91,312,2,1,1,6,DIVISION LECLERC (AVE,0.0,0.0
201300038340,26,9,2013,7,1,91,471,2,9,1,3,TROCHE (RUE DE LA),0.0,0.0
201300038341,28,9,2013,21,5,91,312,2,7,8,7,RHIN ET DANUBE (PLACE,0.0,0.0
201300038342,30,9,2013,21,5,91,64,2,1,1,5,"7, Léon MIGNOTTE (rue)",0.0,0.0
201300038343,1,10,2013,8,1,91,477,2,1,1,6,"63, ALLIES (AVENUE DES)",0.0,0.0
201300038344,1,10,2013,16,1,91,477,2,1,1,6,"136BIS, PARIS (RUE DE)",0.0,0.0
201300038345,10,10,2013,1,4,91,692,1,1,2,6,RD 446,0.0,0.0
201300038346,12,10,2013,11,1,91,477,2,1,8,6,ALLIES (AVENUE DES),0.0,0.0
201300038347,12,10,2013,13,1,91,692,2,1,1,6,"5, BOURGOGNE (AVENUE DE)",0.0,0.0
201300038348,15,10,2013,9,1,91,645,2,1,7,6,PARON (RUE DE),0.0,0.0
201300038349,18,10,2013,17,1,91,477,2,3,1,6,ALLIES (AVENUE DES),0.0,0.0
201300038350,24,10,2013,15,1,91,477,2,1,1,3,HUNIERE (CHEMIN DE LA,0.0,0.0
201300038351,29,10,2013,13,1,91,477,2,3,1,6,PARIS (RUE DE),0.0,0.0
201300038352,15,10,2013,16,1,91,471,2,1,1,1,GUILLOTERIE (ALLEE DE,0.0,0.0
201300038353,9,11,2013,12,1,91,645,2,1,2,6,MARECHAL FOCH (BOULEV,0.0,0.0
201300038354,11,11,2013,21,5,91,471,2,1,1,6,"23, LOUIS SCOCARD (RUE)",0.0,0.0
201300038355,29,11,2013,8,1,91,692,2,1,1,2,"25, ANJOU (AVENUE D')",0.0,0.0
201300038356,3,12,2013,16,1,91,477,1,1,1,2,VAUVE (RUE DE LA),0.0,0.0
201300038357,11,12,2013,10,1,91,471,1,1,4,1,MONTHLERY (ROUTE DE),0.0,0.0
201300038358,23,12,2013,19,5,91,477,2,1,1,2,CD 128,0.0,0.0
201300038359,12,12,2013,13,1,91,692,2,1,1,2,SAINTONGE(AVENUE DE),0.0,0.0
201300038360,29,12,2013,1,5,91,122,2,1,1,6,"144, CHARTRES (ROUTE DE)",0.0,0.0
201300038361,2,12,2013,11,1,91,692,2,1,1,3,ALSACE (AVENUE D'),0.0,0.0
201300038362,3,12,2013,8,1,91,471,2,2,1,3,EPI D OR (AVENUE DE L,0.0,0.0
201300038363,4,10,2013,15,1,91,477,2,1,1,3,HUIT MAI 1945 (AVENUE,0.0,0.0
201300038364,3,1,2013,23,5,91,570,2,1,2,6,"5, SAINTE GENEVIEVE (RUE",0.0,0.0
201300038365,8,1,2013,20,3,91,685,1,6,1,2,CHASSE (ROUTE),0.0,0.0
201300038366,6,2,2013,16,1,91,216,2,1,1,3,"04, GRANDE RUE",0.0,0.0
201300038367,6,2,2013,18,5,91,549,2,2,1,3,"134, REPUBLIQUE (AVENUE",0.0,0.0
201300038368,14,2,2013,11,1,91,570,2,1,3,6,MONTLHERY (RUE),0.0,0.0
201300038369,28,3,2013,15,1,91,549,2,1,1,2,LONGPONT (ROUTE DE),0.0,0.0
201300038370,6,4,2013,1,5,91,549,2,1,1,6,CORBEIL (ROUTE DE),0.0,0.0
201300038371,11,4,2013,15,1,91,216,2,1,1,3,chemin des tourelles,0.0,0.0
201300038372,29,3,2013,16,1,91,549,2,1,1,6,"9, REGIMENT NORMANDIE-NI",0.0,0.0
201300038373,20,4,2013,12,1,91,216,2,1,1,6,chemin des tourelles,0.0,0.0
201300038374,29,4,2013,21,5,91,570,2,1,1,6,3 bis rue d'Alembert,0.0,0.0
201300038375,30,4,2013,8,1,91,549,2,1,1,6,"6-8, CHASSEURS (RUE DES)",0.0,0.0
201300038376,2,6,2013,9,1,91,549,2,2,1,3,REGIMENT NORMANDIE-NIEME,0.0,0.0
201300038377,3,6,2013,10,1,91,216,2,2,1,3,"2, PETIT VAUX (RUE)",0.0,0.0
201300038378,25,6,2013,19,1,91,549,2,2,1,3,VICTOR BASCH (RUE),0.0,0.0
201300038379,27,6,2013,8,1,91,570,2,1,1,6,"01, LIERS (RUE)",0.0,0.0
201300038380,2,7,2013,20,1,91,549,2,1,1,6,"4, LIBERTE (AVENUE DE LA",0.0,0.0
201300038381,5,7,2013,18,1,91,216,2,1,1,6,CD 257,0.0,0.0
201300038382,16,8,2013,11,1,91,549,2,1,1,6,"170, GABRIEL PERI (AVENU",0.0,0.0
201300038383,23,8,2013,19,1,91,570,2,1,1,6,"26, BIZET (RUE)",0.0,0.0
201300038384,5,9,2013,20,5,91,549,2,2,1,3,VICTOR HUGO (AVENUE),0.0,0.0
201300038385,6,9,2013,8,1,91,549,2,1,1,6,"22, MARECHAL FOCH (RUE D",0.0,0.0
201300038386,27,9,2013,13,1,91,549,2,1,1,3,"262, RD 117",0.0,0.0
201300038387,29,9,2013,20,2,91,549,2,2,2,3,GUY MOQUET (AVENUE),0.0,0.0
201300038388,7,10,2013,19,5,91,549,2,1,1,1,"1, ANNE FRANCK (RUE)",0.0,0.0
201300038389,15,10,2013,7,2,91,570,1,1,2,1,NOUE ROUSSEAU (RUE D,0.0,0.0
201300038390,23,10,2013,15,1,91,570,2,1,1,6,"18, SAINT SAENS (RUE)",0.0,0.0
201300038391,21,11,2013,7,1,91,216,1,1,2,2,BALLAINVILLIERS (RUE),0.0,0.0
201300038392,22,11,2013,17,5,91,216,2,7,1,1,MONSEAUX (PLACE),0.0,0.0
201300038393,29,11,2013,16,2,91,549,2,1,2,6,JACQUES DUCLOS (AVENUE),0.0,0.0
201300038394,3,12,2013,10,1,91,549,2,1,1,2,BRETIGNY (AVENUE DE),0.0,0.0
201300038395,9,12,2013,17,5,91,549,2,2,1,6,EPERON (AVENUE DE L'),0.0,0.0
201300038396,18,12,2013,18,5,91,216,2,1,1,2,RD 257,0.0,0.0
201300038397,20,12,2013,15,1,91,216,2,7,1,6,MONSEAUX (PLACE),0.0,0.0
201300038398,21,1,2013,8,2,91,432,2,6,4,6,FONTAINE (PLACE GABRIEL),0.0,0.0
201300038399,17,12,2013,8,2,91,432,2,2,1,6,BRIAND (AVENUE ARISTIDE),0.0,0.0
201300038400,1,1,2013,5,4,91,589,2,1,2,6,CD 25,0.0,0.0
201300038401,16,1,2013,11,1,91,432,2,1,4,6,FANOST (AVENUE CHARLE,0.0,0.0
201300038402,10,12,2013,6,2,91,589,2,1,1,6,CHAMPAGNE (RUE DE),0.0,0.0
201300038403,14,2,2013,13,1,91,589,2,1,1,3,DAVOUT (PLACE),0.0,0.0
201300038404,16,2,2013,22,5,91,432,2,1,1,2,PERI (AVENUE GABRIEL),0.0,0.0
201300038405,1,2,2013,7,5,91,589,2,1,9,6,VIRY (RUE DE),0.0,0.0
201300038406,5,1,2013,20,5,91,589,2,2,2,3,"41, BRIAND (BOULEVARD AR",0.0,0.0
201300038407,12,1,2013,1,5,91,589,2,1,8,1,CHAMBERLIN (RUE),0.0,0.0
201300038408,10,2,2013,16,1,91,432,2,1,2,6,"33, ZOLA (RUE EMILE)",0.0,0.0
201300038409,18,2,2013,8,1,91,589,2,3,1,3,"., CHRYSANTHEMES (AV DE",0.0,0.0
201300038410,18,2,2013,7,5,91,589,2,3,1,6,"16, BRIAND (BOULEVARD AR",0.0,0.0
201300038411,28,2,2013,17,2,91,589,2,1,1,6,MAIL (RUE DU),0.0,0.0
201300038412,7,3,2013,15,1,91,589,2,3,1,3,"57, DE GAULLE (AVENUE CH",0.0,0.0
201300038413,8,3,2013,17,1,91,589,2,2,1,1,BELLES FONTAINES (AVE,0.0,0.0
201300038414,9,3,2013,14,1,91,432,2,2,1,3,COUR DE FRANCE (AVENU,0.0,0.0
201300038415,22,3,2013,18,2,91,589,2,2,1,3,"118, BRIAND (BOULEVARD A",0.0,0.0
201300038416,27,3,2013,10,1,91,589,2,4,1,6,CARNOT (AVENUE),0.0,0.0
201300038417,3,4,2013,22,5,91,589,2,1,1,6,"10, GAMBETTA (AVENUE)",0.0,0.0
201300038418,19,4,2013,13,1,91,432,2,1,1,1,"64, BRIAND (AVENUE ARIST",0.0,0.0
201300038419,30,3,2013,18,1,91,589,2,3,1,3,"10, CAPUCINES (AV DES)",0.0,0.0
201300038420,2,4,2013,11,1,91,589,2,1,1,6,"5, GRAND VAL (RESIDENCE)",0.0,0.0
201300038421,30,4,2013,17,1,91,432,2,3,1,3,"44, JAURES (AVENUE JEAN)",0.0,0.0
201300038422,3,5,2013,13,1,91,432,2,1,1,1,AVENIR (RUE DE L'),0.0,0.0
201300038423,5,5,2013,18,1,91,432,2,1,1,3,GENERAL WARABIOT (AVE,0.0,0.0
201300038424,2,7,2013,21,2,91,589,2,3,1,3,ALLEMANE (AV JEAN),0.0,0.0
201300038425,26,6,2013,19,1,91,432,2,1,1,6,DE GAULLE  (AVENUE CH,0.0,0.0
201300038426,9,7,2013,15,1,91,589,2,1,1,3,"159, BRIAND (BOULEVARD A",0.0,0.0
201300038427,9,7,2013,16,1,91,589,2,1,1,3,CD 25,0.0,0.0
201300038428,12,7,2013,16,1,91,589,2,2,1,3,BRIAND (BLD ARISTIDE),0.0,0.0
201300038429,20,8,2013,10,1,91,589,2,1,1,2,BRIAND (BOULEVARD ARISTI,0.0,0.0
201300038430,25,7,2013,17,1,91,589,2,3,1,3,"20, GAMBETTA (AVENUE)",0.0,0.0
201300038431,5,9,2013,8,1,91,589,2,2,1,2,"223, BRIAND (BOULEVARD A",0.0,0.0
201300038432,11,9,2013,11,1,91,589,2,2,1,3,TILLEULS (AVENUE DES),0.0,0.0
201300038433,5,9,2013,15,1,91,589,2,3,1,3,HUGO (RUE VICTOR),0.0,0.0
201300038434,30,8,2013,21,2,91,589,2,1,1,7,"10, ECOLES (AVENUE DES)",0.0,0.0
201300038435,25,9,2013,20,5,91,589,2,1,1,6,DUNANT (RUE HENRI),0.0,0.0
201300038436,26,9,2013,14,1,91,589,2,1,1,2,RD 25,0.0,0.0
201300038437,12,9,2013,23,5,91,432,2,1,1,2,ferdinand de Lesseps (av,0.0,0.0
201300038438,13,9,2013,23,4,91,589,2,3,1,2,DUNANT (RUE HENRI),0.0,0.0
201300038439,11,9,2013,20,1,91,432,2,7,1,3,FONTAINE (PLACE GABRIEL),0.0,0.0
201300038440,22,9,2013,17,1,91,589,2,1,1,3,"78, BRIAND (BOULEVARD AR",0.0,0.0
201300038441,13,11,2013,21,5,91,432,2,1,1,6,"24, WISSOUS (RUE DE)",0.0,0.0
201300038442,14,10,2013,8,2,91,589,2,3,1,6,BRIAND (BOULEVARD ARISTI,0.0,0.0
201300038443,10,10,2013,18,2,91,589,2,3,2,1,"34, DE GAULLE (AVENUE CH",0.0,0.0
201300038444,16,12,2013,18,5,91,432,2,3,1,1,DE GAULLE  (AVENUE CH,0.0,0.0
201300038445,11,11,2013,21,5,91,589,2,2,1,3,REPUBLIQUE (AVENUE DE LA,0.0,0.0
201300038446,5,12,2013,16,1,91,589,2,2,1,1,BELGES (BOULEVARD DES,0.0,0.0
201300038447,19,12,2013,19,1,91,589,2,1,1,6,BRIAND (BOULEVARD ARISTI,0.0,0.0
201300038448,23,12,2013,6,5,91,589,2,1,1,6,BRIAND (BOULEVARD ARISTI,0.0,0.0
201300038449,7,1,2013,18,5,92,2,2,9,1,6,"259, ADOLPHE PAJEAUD (RU",0.0,0.0
201300038450,14,1,2013,20,5,92,14,2,2,2,3,GENERAL LECLERC (AV.) (1,0.0,0.0
201300038451,16,1,2013,18,5,92,2,2,3,8,6,FONTAINE MOUTON (AVENUE,0.0,0.0
201300038452,17,1,2013,18,5,92,2,2,3,1,6,ARMAND GUILLEBAUD (AVENU,0.0,0.0
201300038453,20,1,2013,10,1,92,2,2,2,4,6,FERNAND FENZY (AVENUE),0.0,0.0
201300038454,23,1,2013,12,1,92,14,2,2,1,6,HUIT MAI 1945 (RUE DU),0.0,0.0
201300038455,31,1,2013,7,1,92,2,2,3,1,3,"148, BOIS DE VERRIERES (",0.0,0.0
201300038456,21,2,2013,8,2,92,2,2,6,1,7,GENERAL DE GAULLE (AVENU,0.0,0.0
201300038457,1,3,2013,12,1,92,14,2,1,1,6,"65, MARECHAL JOFFRE (BD",0.0,0.0
201300038458,25,3,2013,16,1,92,14,2,1,7,6,"36, CARNOT (BOULEVARD)",0.0,0.0
201300038459,26,3,2013,12,1,92,2,2,1,1,6,"17/19, DIVISION LECLERC",0.0,0.0
201300038460,26,3,2013,16,1,92,2,2,1,1,6,RESIDENCE (AVENUE),0.0,0.0