Num_Acc,jour,mois,an,hr,condition_eclairage,departement,commune,condition_agglomeration,intersection,condition_atmosphere,type_collision,adresse,lattitude,longitude
201300038461,27,3,2013,12,1,92,14,2,3,1,3,FONTENAY (RUE),0.0,0.0
201300038462,28,3,2013,9,1,92,2,2,1,1,6,"227, DIVISION LECLERC (5",0.0,0.0
201300038463,30,3,2013,0,5,92,2,2,3,1,3,"20, ADOLPHE PAJEAUD (RUE",0.0,0.0
201300038464,30,3,2013,12,1,92,2,2,1,1,3,"60/62, VELPEAU (RUE)",0.0,0.0
201300038465,3,4,2013,11,1,92,2,2,3,1,6,BOURGNEUF (RUE),0.0,0.0
201300038466,6,4,2013,12,1,92,14,2,3,1,3,"17, MONTROUGE (AVENUE DE",0.0,0.0
201300038467,25,4,2013,8,1,92,2,2,1,1,6,GENERAL DE GAULLE (AVENU,0.0,0.0
201300038468,30,4,2013,19,1,92,2,2,1,2,6,MAURICE LABROUSSE (RUE),0.0,0.0
201300038469,11,5,2013,9,1,92,14,2,2,1,6,BIEVRE (RUE DE LA),0.0,0.0
201300038470,21,5,2013,4,5,92,14,2,2,1,3,"19, GENERAL LECLERC (AV.",0.0,0.0
201300038471,24,5,2013,23,5,92,2,2,1,1,7,GENERAL DE GAULLE (AVENU,0.0,0.0
201300038472,27,5,2013,18,1,92,14,2,5,1,6,"66, GALOIS (AVENUE)",0.0,0.0
201300038473,29,5,2013,13,1,92,2,2,3,1,3,LEON JOUHAUX (AVENUE),0.0,0.0
201300038474,1,6,2013,10,1,92,14,2,1,1,6,"116, MARECHAL JOFFRE (BD",0.0,0.0
201300038475,3,6,2013,14,1,92,2,2,2,1,3,"., DIVISION LECLERC (31",0.0,0.0
201300038476,8,7,2013,17,1,92,2,2,3,1,3,ARISTIDE BRIAND (AVENUE),0.0,0.0
201300038477,16,7,2013,16,1,92,14,2,7,1,3,LIBERATION (PLACE DE LA),0.0,0.0
201300038478,23,7,2013,4,5,92,2,2,2,1,6,"55, ARISTIDE BRIAND (AVE",0.0,0.0
201300038479,24,7,2013,7,1,92,2,2,2,1,3,"70 bis, DIVISION LECLERC",0.0,0.0
201300038480,21,8,2013,19,1,92,2,2,1,1,3,ARISTIDE BRIAND (AVENUE),0.0,0.0
201300038481,30,8,2013,18,1,92,2,2,1,1,5,"193, DIVISION LECLERC (5",0.0,0.0
201300038482,4,9,2013,9,1,92,2,2,3,1,3,DOCTEUR TENINE (AVENUE D,0.0,0.0
201300038483,4,9,2013,14,1,92,14,2,1,1,3,"2, MONTROUGE (AVENUE DE)",0.0,0.0
201300038484,23,9,2013,15,1,92,2,2,1,1,6,"53, LEON BLUM (AVENUE)",0.0,0.0
201300038485,24,9,2013,8,1,92,2,2,1,1,2,ADOLPHE PAJEAUD (RUE),0.0,0.0
201300038486,31,10,2013,21,5,92,14,2,1,1,6,MARECHAL JOFFRE (BD DU),0.0,0.0
201300038487,7,11,2013,8,1,92,2,2,1,2,6,DIVISION LECLERC (53 A 2,0.0,0.0
201300038488,18,12,2013,10,1,92,14,2,1,1,6,"62, GENERAL LECLERC (AV.",0.0,0.0
201300038489,27,12,2013,21,5,92,2,2,3,2,6,"134, ARISTIDE BRIAND (AV",0.0,0.0
201300038490,8,1,2013,9,1,92,9,2,2,1,2,"NS, BOIS COLOMBES ( RUE",0.0,0.0
201300038491,13,1,2013,22,5,92,9,2,2,1,3,"NS, ESTIENNE D'ORVES ( R",0.0,0.0
201300038492,17,1,2013,19,5,92,4,2,2,1,3,"280, ARGENTEUIL N? 176 A",0.0,0.0
201300038493,19,1,2013,4,5,92,4,2,2,4,3,"NS, AULAGNIER ( QUAI )",0.0,0.0
201300038494,19,1,2013,19,5,92,4,2,1,4,6,"21, REDOUTE ( AVENUE DE",0.0,0.0
201300038495,21,1,2013,17,2,92,4,2,1,4,4,"51, MARNE   ( AVENUE DE",0.0,0.0
201300038496,29,1,2013,4,5,92,4,2,1,1,6,"ns, ARGENTEUIL N? 176 A",0.0,0.0
201300038497,29,1,2013,20,5,92,9,2,1,1,6,"56, RASPAIL ( AVENUE )",0.0,0.0
201300038498,1,2,2013,8,2,92,4,2,1,2,7,"01, REDOUTE ( AVENUE DE",0.0,0.0
201300038499,1,2,2013,17,1,92,4,2,2,1,6,"224, ARGENTEUIL N? 176 A",0.0,0.0
201300038500,4,2,2013,12,1,92,4,2,2,1,4,"NS, PONT D'ASNIERES",0.0,0.0
201300038501,4,2,2013,16,1,92,9,2,2,2,3,"ns, CHARLES-DE-GAULLE (",0.0,0.0
201300038502,6,2,2013,18,1,92,4,2,1,1,3,"2, BERNARD PALISSY ( RUE",0.0,0.0
201300038503,12,2,2013,13,1,92,4,2,1,1,7,"368, ARGENTEUIL N? 176 A",0.0,0.0
201300038504,13,2,2013,8,1,92,4,2,2,1,3,"70, GRESILLONS ( AVENUE",0.0,0.0
201300038505,20,2,2013,8,1,92,4,2,2,1,3,"NS, BRETAGNE ( RUE DE )",0.0,0.0
201300038506,20,2,2013,11,1,92,4,2,2,1,3,"58, VOLTAIRE ( BD )",0.0,0.0
201300038507,20,2,2013,16,1,92,4,2,2,1,3,"NS, DIX HUIT JUIN 40 ( R",0.0,0.0
201300038508,27,2,2013,9,1,92,4,2,1,1,6,"NS, REDOUTE ( AVENUE DE",0.0,0.0
201300038509,27,2,2013,10,1,92,4,2,1,2,3,"FACE 19, COLOMBES (RUE D",0.0,0.0
201300038510,28,2,2013,16,1,92,4,2,3,1,7,"56, NANTERRE ( DE 46 A )",0.0,0.0
201300038511,1,3,2013,22,5,92,9,2,3,1,7,"ns, VICTOR HUGO ( RUE )",0.0,0.0
201300038512,9,3,2013,9,1,92,4,2,1,1,3,"48, ARGENTEUIL AV D'",0.0,0.0
201300038513,11,3,2013,19,5,92,4,1,7,4,7,"1, JEAN JACQUES ROUSSEAU",0.0,0.0
201300038514,14,3,2013,8,1,92,4,2,1,1,7,"NS, REDOUTE ( AVENUE DE",0.0,0.0
201300038515,20,3,2013,0,5,92,9,2,3,2,7,"NS, ESTIENNE D'ORVES ( R",0.0,0.0
201300038516,21,3,2013,8,1,92,4,2,2,1,7,"NS, MARNE   ( AVENUE DE",0.0,0.0
201300038517,21,3,2013,13,1,92,4,2,3,1,5,"2, AULAGNIER ( QUAI )",0.0,0.0
201300038518,1,4,2013,7,1,92,4,2,2,1,3,"NS, PONT DE CLICHY",0.0,0.0
201300038519,3,4,2013,20,5,92,9,2,2,1,3,"NS, EUROPE (AVENUE)",0.0,0.0
201300038520,5,4,2013,9,1,92,4,2,2,1,3,"NS, ARGENTEUIL N? 176 A",0.0,0.0
201300038521,9,4,2013,16,1,92,4,2,1,2,7,"NS, DOCTEUR DERVAUX  ( Q",0.0,0.0
201300038522,12,4,2013,20,2,92,9,2,1,1,7,"315, ARGENTEUIL ( AVENUE",0.0,0.0
201300038523,13,4,2013,0,5,92,4,2,1,1,2,"65, DOCTEUR DERVAUX  ( Q",0.0,0.0
201300038524,13,4,2013,18,1,92,4,2,1,2,6,"40, VOLTAIRE ( BD 16 A F",0.0,0.0
201300038525,18,4,2013,18,1,92,4,2,1,1,2,"NS, DOCTEUR DERVAUX  ( Q",0.0,0.0
201300038526,19,4,2013,8,1,92,4,2,2,1,3,"NS, PIERRE BROSSOLETTE",0.0,0.0
201300038527,19,4,2013,10,1,92,4,2,2,1,6,"NS, VOLTAIRE ( BD )",0.0,0.0
201300038528,25,4,2013,8,1,92,4,2,1,1,6,"NS, JULES DURAND ( AVENU",0.0,0.0
201300038529,25,4,2013,14,1,92,4,2,1,1,6,"34, BOURGUIGNONS (RUE 2",0.0,0.0
201300038530,26,4,2013,16,1,92,4,2,2,1,6,"NS, GRESILLONS ( AVENUE",0.0,0.0
201300038531,5,5,2013,17,1,92,9,1,2,1,3,"123, BOURGUIGNONS ( RUE",0.0,0.0
201300038532,13,5,2013,16,1,92,4,2,1,1,6,"60, COMETE  ( RUE DE LA",0.0,0.0
201300038533,19,5,2013,21,5,92,4,2,2,3,3,"NS, BOURGUIGNONS ( RUE D",0.0,0.0
201300038534,20,5,2013,14,1,92,4,2,2,2,3,"NS, AULAGNIER ( QUAI )",0.0,0.0
201300038535,21,5,2013,10,1,92,4,2,1,2,6,"25, REDOUTE ( AVENUE DE",0.0,0.0
201300038536,21,5,2013,12,1,92,4,2,1,2,7,"93, ARGENTEUIL AV D'",0.0,0.0
201300038537,21,5,2013,18,1,92,4,2,1,1,6,"162, MENIL",0.0,0.0
201300038538,22,5,2013,17,1,92,4,2,1,1,2,"61, DOCTEUR DERVAUX  ( Q",0.0,0.0
201300038539,23,5,2013,11,1,92,4,2,1,1,6,"99, ARGENTEUIL AV D'",0.0,0.0
201300038540,25,5,2013,12,1,92,4,2,1,1,2,"186, AULAGNIER ( QUAI )",0.0,0.0
201300038541,30,5,2013,9,1,92,4,2,1,2,6,"NS, REDOUTE ( AVENUE DE",0.0,0.0
201300038542,4,6,2013,15,1,92,4,2,2,1,3,"104, ARGENTEUIL AV D'",0.0,0.0
201300038543,6,6,2013,8,1,92,9,2,1,1,1,"30, BOURGUIGNONS ( RUE 0",0.0,0.0
201300038544,8,6,2013,23,5,92,4,2,1,1,6,"70, GRESILLONS ( AVENUE",0.0,0.0
201300038545,12,6,2013,7,1,92,4,2,1,1,2,"109, DOCTEUR DERVAUX  (",0.0,0.0
201300038546,13,6,2013,12,1,92,4,2,1,2,3,"96, BOURGUIGNONS (RUE 2",0.0,0.0
201300038547,13,6,2013,17,1,92,4,2,1,2,6,"8, HOTEL DE VILLE   ( PL",0.0,0.0
201300038548,14,6,2013,18,1,92,4,2,2,1,3,"NS, VOLTAIRE ( BD )",0.0,0.0
201300038549,31,5,2013,19,1,92,4,2,1,1,6,"62, VOLTAIRE ( BD )",0.0,0.0
201300038550,20,6,2013,8,1,92,4,2,1,2,1,"37 bis, MARNE   ( AVENUE",0.0,0.0
201300038551,21,6,2013,21,1,92,4,2,1,1,3,"65, MARNE   ( AVENUE DE",0.0,0.0
201300038552,22,6,2013,11,1,92,4,2,1,1,6,"22, HENRI POINCARE",0.0,0.0
201300038553,27,6,2013,20,1,92,4,2,2,1,3,"216, ARGENTEUIL N? 176 A",0.0,0.0
201300038554,2,7,2013,12,1,92,4,2,2,1,3,"ns, ARGENTEUIL AV D'",0.0,0.0
201300038555,2,7,2013,13,1,92,4,2,1,1,3,"186, AULAGNIER ( QUAI )",0.0,0.0
201300038556,2,7,2013,13,1,92,4,2,1,1,6,"270, GRESILLONS ( AVENUE",0.0,0.0
201300038557,9,7,2013,10,1,92,4,2,1,1,1,"NS, ROBERT DUPONT",0.0,0.0
201300038558,10,7,2013,8,1,92,4,2,1,1,6,"67, ARGENTEUIL AV D'",0.0,0.0
201300038559,10,7,2013,20,1,92,4,2,2,1,3,"face 48, ARGENTEUIL AV D",0.0,0.0
201300038560,13,7,2013,13,1,92,4,2,1,1,3,"ns, ROBERT DUPONT",0.0,0.0
201300038561,17,7,2013,8,1,92,9,2,1,1,6,"165, VICTOR HUGO ( RUE )",0.0,0.0
201300038562,18,7,2013,19,1,92,4,2,1,1,3,"40, ARGENTEUIL AV D'",0.0,0.0
201300038563,23,7,2013,17,1,92,4,2,1,1,2,"NS, DOCTEUR DERVAUX  ( Q",0.0,0.0
201300038564,25,7,2013,8,1,92,4,2,1,1,3,"NS, INTERCOMMUNAL (B)",0.0,0.0
201300038565,29,7,2013,11,1,92,4,2,1,1,6,"145, BOURGUIGNONS ( RUE",0.0,0.0
201300038566,7,8,2013,10,1,92,4,2,2,3,3,"NS, ROBERT DUPONT",0.0,0.0
201300038567,7,8,2013,21,1,92,9,2,1,1,6,"54, VERDUN ( AVENUE DE )",0.0,0.0
201300038568,10,8,2013,3,5,92,4,2,1,1,6,"57, REDOUTE ( AVENUE DE",0.0,0.0
201300038569,13,8,2013,0,5,92,4,2,1,1,6,"NS, PIERRE DE COUBERTIN",0.0,0.0
201300038570,17,8,2013,15,1,92,36,2,3,1,3,"FACE 116, AVENUE DES GRE",0.0,0.0
201300038571,25,8,2013,17,1,92,4,2,2,2,7,"NS, PONT D'ASNIERES",0.0,0.0
201300038572,26,8,2013,7,1,92,9,2,1,1,7,"91 BIS, BOURGUIGNONS ( R",0.0,0.0
201300038573,29,8,2013,16,1,92,4,2,1,1,2,"126, ARGENTEUIL AV D'",0.0,0.0
201300038574,28,8,2013,11,1,92,9,2,1,1,2,"297, ARGENTEUIL ( AVENUE",0.0,0.0
201300038575,4,9,2013,9,1,92,4,2,1,1,5,"63, DOCTEUR DERVAUX  ( Q",0.0,0.0
201300038576,10,9,2013,13,1,92,9,2,1,1,2,"15, ESTIENNE D'ORVES ( R",0.0,0.0
201300038577,12,9,2013,23,3,92,9,2,2,1,7,"104, CHARLES-DE-GAULLE (",0.0,0.0
201300038578,13,9,2013,0,5,92,4,2,1,1,3,"ns, BAS ( RUE DES )",0.0,0.0
201300038579,15,9,2013,16,1,92,4,2,2,1,3,"NS, MARNE   ( AVENUE DE",0.0,0.0
201300038580,20,9,2013,22,5,92,4,2,3,1,3,"NS, COLOMBES ( RUE DE 31",0.0,0.0
201300038581,21,9,2013,15,1,92,4,2,1,1,3,"22, ARGENTEUIL AV D'",0.0,0.0
201300038582,22,9,2013,7,1,92,4,2,1,1,6,"NS, GRESILLONS ( AVENUE",0.0,0.0
201300038583,22,9,2013,18,1,92,4,1,1,1,6,"17, REDOUTE ( AVENUE DE",0.0,0.0
201300038584,20,9,2013,13,1,92,4,2,1,1,6,"41, ROBERT DUPONT",0.0,0.0
201300038585,24,9,2013,5,3,92,4,2,1,1,7,"56, FLACHAT (AVENUE)",0.0,0.0
201300038586,24,9,2013,20,5,92,4,2,9,1,3,"NS, PIERRE DE COUBERTIN",0.0,0.0
201300038587,26,9,2013,9,1,92,4,2,1,1,4,"NS, DOCTEUR DERVAUX  ( Q",0.0,0.0
201300038588,30,9,2013,8,1,92,9,2,2,1,6,"361, ARGENTEUIL ( AVENUE",0.0,0.0
201300038589,1,10,2013,8,1,92,4,2,1,1,6,"NS, GRANDE RUE CHARLES D",0.0,0.0
201300038590,3,10,2013,15,1,92,4,2,2,1,3,"NS, PONT DE CLICHY",0.0,0.0
201300038591,4,10,2013,14,1,92,4,2,1,1,7,"250, MENIL",0.0,0.0
201300038592,5,10,2013,11,1,92,4,2,3,1,2,"NS, AULAGNIER ( QUAI )",0.0,0.0
201300038593,5,10,2013,11,1,92,4,2,2,1,3,"147, VOLTAIRE ( BD 16 A",0.0,0.0
201300038594,7,10,2013,16,1,92,4,2,3,1,6,"NS, MARNE   ( AVENUE DE",0.0,0.0
201300038595,8,10,2013,17,1,92,4,2,1,1,6,"22, REPUBLIQUE ( PLACE D",0.0,0.0
201300038596,17,10,2013,11,1,92,4,2,1,1,3,"24, COLOMBES (RUE DE 1 A",0.0,0.0
201300038597,17,10,2013,17,2,92,4,2,1,1,6,"NS, HOTEL DE VILLE   ( P",0.0,0.0
201300038598,21,10,2013,11,1,92,4,2,1,1,6,"2, COMETE  ( RUE DE LA )",0.0,0.0
201300038599,25,10,2013,21,5,92,4,2,2,2,7,"124, ARGENTEUIL AV D'",0.0,0.0
201300038600,26,10,2013,15,1,92,4,2,3,1,6,"42, PIERRE BROSSOLETTE",0.0,0.0
201300038601,28,10,2013,14,1,92,4,2,1,1,7,"12, LA LAUZIERE (VILLA)",0.0,0.0
201300038602,30,10,2013,9,1,92,9,2,1,1,2,"FACE 182, ARGENTEUIL ( A",0.0,0.0
201300038603,1,11,2013,12,1,92,4,2,2,2,7,"NS, GRESILLONS ( AVENUE",0.0,0.0
201300038604,2,11,2013,1,5,92,4,2,1,2,6,"ns, BRETAGNE ( RUE DE )",0.0,0.0
201300038605,2,11,2013,22,5,92,4,2,1,1,2,"NS, AULAGNIER ( QUAI )",0.0,0.0
201300038606,4,11,2013,13,1,92,4,2,1,2,7,"34, PAUL BERT",0.0,0.0
201300038607,5,11,2013,21,3,92,4,2,1,1,6,"NS, INTERCOMMUNAL (B)",0.0,0.0
201300038608,6,11,2013,9,1,92,4,2,1,1,6,"225, AULAGNIER ( QUAI )",0.0,0.0
201300038609,10,11,2013,13,1,92,9,2,2,1,3,"345, ARGENTEUIL ( AVENUE",0.0,0.0
201300038610,14,11,2013,22,5,92,4,2,1,2,3,"144, VOLTAIRE ( BD )",0.0,0.0
201300038611,13,11,2013,10,1,92,4,2,1,1,6,"354, ARGENTEUIL AV D'",0.0,0.0
201300038612,13,11,2013,12,1,92,9,2,3,1,3,"NS, EUROPE (AVENUE)",0.0,0.0
201300038613,14,11,2013,8,1,92,4,2,2,2,3,"NS, VOLTAIRE ( BD )",0.0,0.0
201300038614,17,11,2013,15,1,92,4,2,1,1,2,"NS, DIX HUIT JUIN 40 ( R",0.0,0.0
201300038615,21,11,2013,8,1,92,4,2,1,2,3,"NS, DOCTEUR DERVAUX  ( Q",0.0,0.0
201300038616,21,11,2013,13,1,92,4,2,1,1,6,"79, MOURINOUX ( RUE DES",0.0,0.0
201300038617,21,11,2013,16,1,92,4,2,2,2,6,"128, ARGENTEUIL AV D'",0.0,0.0
201300038618,8,11,2013,17,1,92,9,2,1,1,6,"131, PIERRE JOIGNEAU ( R",0.0,0.0
201300038619,4,12,2013,13,1,92,4,2,1,1,6,"01, AUGUSTE MAYET",0.0,0.0
201300038620,3,12,2013,19,5,92,4,2,1,2,2,"66, ARGENTEUIL AV D'",0.0,0.0
201300038621,8,12,2013,0,5,92,4,2,1,1,6,"248, GRESILLONS ( AVENUE",0.0,0.0
201300038622,10,12,2013,7,5,92,9,2,3,1,3,"NS, CHEVREUL ( AVENUE )",0.0,0.0
201300038623,10,12,2013,9,1,92,4,2,1,1,6,"08, RETROU ( RUE )",0.0,0.0
201300038624,13,12,2013,8,1,92,4,2,1,1,6,"14, ALMA DE L'",0.0,0.0
201300038625,13,12,2013,8,1,92,9,2,1,1,3,"167, VICTOR HUGO ( RUE )",0.0,0.0
201300038626,14,12,2013,18,5,92,9,2,2,1,3,"NS, CHARLES-DE-GAULLE (",0.0,0.0
201300038627,15,12,2013,11,1,92,9,2,1,1,6,"345, ARGENTEUIL ( AVENUE",0.0,0.0
201300038628,15,12,2013,21,5,92,4,2,1,1,7,"62, ARGENTEUIL AV D'",0.0,0.0
201300038629,17,12,2013,13,1,92,4,2,1,1,3,"30, BRETAGNE ( RUE DE )",0.0,0.0
201300038630,19,12,2013,22,5,92,4,2,2,1,3,"NS, DOCTEUR DERVAUX  ( Q",0.0,0.0
201300038631,30,12,2013,23,5,92,4,2,2,1,3,"NS, INTERCOMMUNAL (B)",0.0,0.0
201300038632,7,1,2013,13,1,92,7,2,1,1,6,"144, RAVERA (AVENUE HENR",0.0,0.0
201300038633,24,1,2013,12,1,92,7,2,3,1,3,FONTENAY (RUE DE),0.0,0.0
201300038634,6,2,2013,7,5,92,7,2,1,3,3,"53, RAVERA (AVENUE HENRI",0.0,0.0
201300038635,7,2,2013,16,1,92,7,2,1,1,6,TREIZE OCTOBRE (PLACE DU,0.0,0.0
201300038636,14,2,2013,20,3,92,7,2,3,2,2,DE GAULLE (AVENUE CHARLE,0.0,0.0
201300038637,27,2,2013,19,5,92,7,2,1,2,6,"67bis, PETIT (AVENUE ALB",0.0,0.0
201300038638,8,3,2013,12,1,92,7,2,3,2,3,RAVERA (AVENUE HENRI) N?,0.0,0.0
201300038639,18,3,2013,8,1,92,7,2,2,1,7,"300, BRIAND (AVENUE ARIS",0.0,0.0
201300038640,9,4,2013,13,1,92,7,2,1,3,3,"45, DORMOY (AVENUE MARX)",0.0,0.0
201300038641,12,4,2013,16,1,92,7,2,2,2,3,BRIAND (AVENUE ARISTIDE),0.0,0.0
201300038642,24,4,2013,17,1,92,7,2,3,1,6,BARBUSSE (AVENUE HENRI),0.0,0.0
201300038643,7,5,2013,19,1,92,7,2,2,1,3,VAILLANT-COUTURIER (AVEN,0.0,0.0
201300038644,14,5,2013,15,1,92,7,2,6,1,6,MARTYRS DE CHATEAUBRIANT,0.0,0.0
201300038645,15,5,2013,5,5,92,7,2,2,2,6,JAURES (AVENUE JEAN) N?,0.0,0.0
201300038646,17,5,2013,14,1,92,7,2,3,1,3,PETIT (AVENUE ALBERT) N?,0.0,0.0
201300038647,24,5,2013,7,1,92,7,2,1,1,2,"25, FORTIN (AVENUE JEAN-",0.0,0.0
201300038648,27,5,2013,14,1,92,7,2,1,1,2,"33, BARBUSSE (AVENUE HEN",0.0,0.0
201300038649,10,6,2013,8,1,92,7,2,2,1,3,VAILLANT-COUTURIER (AVEN,0.0,0.0
201300038650,14,6,2013,17,1,92,7,2,1,1,4,"13, PERI (AVENUE GABRIEL",0.0,0.0
201300038651,14,6,2013,17,1,92,7,2,2,1,3,BRIAND (AVENUE ARISTIDE),0.0,0.0
201300038652,18,6,2013,6,1,92,7,2,2,1,3,PETIT (AVENUE ALBERT) N?,0.0,0.0
201300038653,22,6,2013,15,1,92,7,2,6,1,6,PORT GALAND (RUE DU),0.0,0.0
201300038654,10,7,2013,15,1,92,7,2,3,1,6,"55, PLUCHET (RUE ALPHONS",0.0,0.0
201300038655,10,7,2013,23,5,92,7,2,2,1,3,PETIT (AVENUE ALBERT) N?,0.0,0.0
201300038656,11,7,2013,8,1,92,7,2,3,1,3,BRIAND (AVENUE ARISTIDE),0.0,0.0
201300038657,12,7,2013,21,1,92,7,2,1,1,3,"57, BARBUSSE (AVENUE HEN",0.0,0.0
201300038658,17,7,2013,17,1,92,7,2,3,1,3,BRIAND (AVENUE ARISTIDE),0.0,0.0
201300038659,28,7,2013,17,1,92,7,2,2,1,6,BRIAND (AVENUE ARISTIDE),0.0,0.0
201300038660,29,8,2013,18,1,92,7,2,4,1,2,RAVERA (AVENUE HENRI) N?,0.0,0.0
201300038661,3,9,2013,10,1,92,7,2,2,1,3,DORMOY (AVENUE MARX),0.0,0.0
201300038662,7,9,2013,16,1,92,7,2,1,1,3,BARBUSSE (AVENUE HENRI),0.0,0.0
201300038663,11,9,2013,18,1,92,7,2,3,1,3,PETIT (AVENUE ALBERT) N?,0.0,0.0
201300038664,30,9,2013,12,1,92,7,2,2,1,3,FORTIN (AVENUE JEAN-BAPT,0.0,0.0
201300038665,8,10,2013,8,1,92,7,2,2,1,3,BRIAND (AVENUE ARISTIDE),0.0,0.0
201300038666,18,10,2013,15,1,92,7,2,1,1,3,"123, RAVERA (AVENUE HENR",0.0,0.0
201300038667,18,10,2013,17,1,92,7,2,3,1,2,BRIAND (AVENUE ARISTIDE),0.0,0.0
201300038668,22,10,2013,7,2,92,7,2,1,4,3,BOURG-LA-REINE (AVENUE D,0.0,0.0
201300038669,24,10,2013,14,1,92,7,2,1,1,2,PASTEUR (AVENUE LOUIS) N,0.0,0.0
201300038670,30,10,2013,16,1,92,7,2,1,1,7,BRIAND (AVENUE ARISTIDE),0.0,0.0
201300038671,31,10,2013,11,1,92,7,2,3,1,3,RAVERA (AVENUE HENRI) N?,0.0,0.0
201300038672,5,11,2013,11,1,92,7,2,2,2,3,BLANCHARD (RUE),0.0,0.0
201300038673,8,11,2013,13,1,92,7,2,3,2,1,FROIDE (RUE),0.0,0.0
201300038674,20,11,2013,8,1,92,7,2,3,1,7,DE GAULLE (AVENUE CHARLE,0.0,0.0
201300038675,25,11,2013,17,1,92,7,2,1,1,6,"5, ALLENDE (RUE SALVATOR",0.0,0.0
201300038676,7,12,2013,11,1,92,7,2,2,2,6,VAILLANT-COUTURIER (AVEN,0.0,0.0
201300038677,9,12,2013,10,1,92,7,2,2,1,3,BRIAND (AVENUE ARISTIDE),0.0,0.0
201300038678,9,12,2013,13,1,92,7,2,2,1,6,"86, ABBE-GREGOIRE (ALLEE",0.0,0.0
201300038679,12,12,2013,18,2,92,7,2,1,1,6,PASTEUR (AVENUE LOUIS) N,0.0,0.0
201300038680,16,12,2013,17,2,92,7,2,1,1,6,"212, BRIAND (AVENUE ARIS",0.0,0.0
201300038681,17,12,2013,13,1,92,7,2,2,1,6,"162, BRIAND (AVENUE ARIS",0.0,0.0
201300038682,18,12,2013,14,1,92,7,2,2,1,6,ALLENDE (RUE SALVATOR),0.0,0.0
201300038683,8,1,2013,8,5,92,12,2,1,1,6,"22, ANDRE MORIZET (AVENU",0.0,0.0
201300038684,9,1,2013,16,2,92,12,2,1,2,6,"69, GENERAL LECLERC (AVE",0.0,0.0
201300038685,15,1,2013,11,1,92,12,2,1,2,6,"83, GALLIENI (RUE) 55/15",0.0,0.0
201300038686,16,1,2013,7,2,92,12,2,1,4,7,POINT DU JOUR (QUAI DU),0.0,0.0
201300038687,26,1,2013,20,5,92,12,2,1,1,6,"240, JEAN JAURES (BOULEV",0.0,0.0
201300038688,27,1,2013,18,5,92,12,2,1,2,3,"138, REINE (ROUTE DE LA)",0.0,0.0
201300038689,30,1,2013,13,1,92,12,2,1,2,7,"8, ANDRE MORIZET (AVENUE",0.0,0.0
201300038690,3,2,2013,12,1,92,12,2,4,1,3,"12BIS, REINE (ROUTE DE L",0.0,0.0
201300038691,4,2,2013,18,2,92,12,2,1,1,6,"126, GALLIENI (RUE) 55/1",0.0,0.0
201300038692,6,2,2013,9,1,92,12,2,2,2,7,EDOUARD VAILLANT (AVENUE,0.0,0.0
201300038693,7,2,2013,6,5,92,12,2,1,1,6,"3, ANDRE MORIZET (AVENUE",0.0,0.0
201300038694,9,2,2013,18,5,92,12,2,1,1,3,"83, EDOUARD VAILLANT (AV",0.0,0.0
201300038695,10,2,2013,22,5,92,12,2,3,2,3,BILLANCOURT (RUE DE) 106,0.0,0.0
201300038696,11,2,2013,15,1,92,12,2,1,1,3,"108, EDOUARD VAILLANT (A",0.0,0.0
201300038697,11,2,2013,21,5,92,12,2,1,1,6,"17/18, ALPHONSE LE GALLO",0.0,0.0
201300038698,12,2,2013,18,4,92,12,2,1,1,3,ALPHONSE LE GALLO (QUAI),0.0,0.0
201300038699,14,2,2013,7,2,92,12,2,1,2,2,"33, EDOUARD VAILLANT (AV",0.0,0.0
201300038700,14,2,2013,17,1,92,12,2,1,2,6,"93, THIERS (RUE) 67/FIN",0.0,0.0
201300038701,16,2,2013,17,1,92,12,2,2,1,3,JEAN BAPTISTE CLEMENT (A,0.0,0.0
201300038702,16,2,2013,23,5,92,12,2,2,1,7,ANDRE MORIZET (AVENUE) -,0.0,0.0
201300038703,17,2,2013,23,5,92,12,2,6,1,3,JEAN JAURES (BOULEVARD),0.0,0.0
201300038704,19,2,2013,10,1,92,12,2,1,1,3,"71, EDOUARD VAILLANT (AV",0.0,0.0
201300038705,27,2,2013,11,1,92,12,2,2,1,7,JEAN JAURES (BOULEVARD),0.0,0.0
201300038706,27,2,2013,18,2,92,12,2,7,1,6,JULES GUESDE/NATIONALE (,0.0,0.0
201300038707,27,2,2013,20,5,92,12,2,1,2,7,"68, REPUBLIQUE (BOULEVAR",0.0,0.0
201300038708,5,2,2013,11,1,92,12,2,3,1,7,"57, REINE (ROUTE DE LA)",0.0,0.0
201300038709,1,3,2013,9,1,92,12,2,1,1,3,"72BIS, DOME (RUE DU)",0.0,0.0
201300038710,1,3,2013,14,1,92,12,2,3,1,6,FOSSES SAINT DENIS (RUE,0.0,0.0
201300038711,4,3,2013,15,1,92,12,2,1,1,3,"27, QUATRE SEPTEMBRE (QU",0.0,0.0
201300038712,6,3,2013,19,5,92,12,2,2,2,3,GALLIENI (RUE) 55/157 -,0.0,0.0
201300038713,7,3,2013,14,1,92,12,2,1,1,6,"36, EDOUARD VAILLANT (AV",0.0,0.0
201300038714,12,3,2013,15,1,92,12,2,1,4,6,"35, GENERAL LECLERC (AVE",0.0,0.0
201300038715,14,3,2013,18,1,92,12,2,1,1,3,"71, JEAN BAPTISTE CLEMEN",0.0,0.0
201300038716,17,3,2013,14,1,92,12,2,1,8,4,"54Bis, EDOUARD VAILLANT",0.0,0.0
201300038717,21,3,2013,22,5,92,12,2,6,2,3,PONT DE BILLANCOURT (PLA,0.0,0.0
201300038718,22,3,2013,14,1,92,12,2,1,1,3,"18, POINT DU JOUR (QUAI",0.0,0.0
201300038719,26,3,2013,8,1,92,12,2,1,1,6,"3, LIOT (RUE)",0.0,0.0
201300038720,28,3,2013,16,1,92,12,2,1,8,2,"14, CLAMART (RUE DE)",0.0,0.0
201300038721,1,4,2013,10,1,92,12,2,1,1,6,"21, ESNAULT PELTERIE (RU",0.0,0.0
201300038722,8,4,2013,15,1,92,12,2,1,1,6,"130, SILLY (RUE DE) 89/F",0.0,0.0
201300038723,8,4,2013,17,1,92,12,2,1,1,3,"11, SILLY (RUE DE) 1/87",0.0,0.0
201300038724,11,4,2013,9,1,92,12,2,1,1,4,"86, REINE (ROUTE DE LA)",0.0,0.0
201300038725,11,4,2013,12,1,92,12,2,2,1,6,PIERRE GRENIER (AVENUE),0.0,0.0
201300038726,12,4,2013,7,1,92,12,2,2,1,3,JEAN JAURES (BOULEVARD),0.0,0.0
201300038727,13,4,2013,20,5,92,12,2,1,2,6,"80, JEAN BAPTISTE CLEMEN",0.0,0.0
201300038728,14,4,2013,17,1,92,12,2,1,1,6,"220, JEAN JAURES (BOULEV",0.0,0.0
201300038729,16,4,2013,6,1,92,12,2,2,1,3,ROBERT SCHUMAN (AVENUE),0.0,0.0