Num_Acc,jour,mois,an,hr,condition_eclairage,departement,commune,condition_agglomeration,intersection,condition_atmosphere,type_collision,adresse,lattitude,longitude
201300038730,10,4,2013,15,1,92,12,2,1,2,3,"103, ANDRE MORIZET (AVEN",0.0,0.0
201300038731,17,4,2013,12,1,92,12,2,2,1,6,DANJOU (RUE) 17/FIN - 20,0.0,0.0
201300038732,18,4,2013,10,1,92,12,2,2,1,6,CHARLES DE GAULLE (AVENU,0.0,0.0
201300038733,18,4,2013,14,1,92,12,2,2,1,3,ANDRE MORIZET (AVENUE) -,0.0,0.0
201300038734,19,4,2013,10,1,92,12,2,1,1,3,"6, JEAN BAPTISTE CLEMENT",0.0,0.0
201300038735,19,4,2013,16,1,92,12,2,1,2,4,"34, ALPHONSE LE GALLO (Q",0.0,0.0
201300038736,26,4,2013,11,1,92,12,2,2,1,6,AGUESSEAU (RUE D') 1/89,0.0,0.0
201300038737,26,4,2013,10,1,92,12,2,2,1,3,EDOUARD VAILLANT (AVENUE,0.0,0.0
201300038738,29,4,2013,20,1,92,12,2,1,1,2,"11, VICTOR GRIFFUELHES (",0.0,0.0
201300038739,29,4,2013,18,1,92,12,2,1,1,6,"217, JEAN JAURES (BOULEV",0.0,0.0
201300038740,5,5,2013,14,1,92,12,2,2,1,3,REPUBLIQUE (BOULEVARD DE,0.0,0.0
201300038741,5,5,2013,21,2,92,12,2,2,1,3,DARCEL (RUE),0.0,0.0
201300038742,8,5,2013,21,5,92,12,2,1,1,3,"34, ALPHONSE LE GALLO (Q",0.0,0.0
201300038743,10,5,2013,15,1,92,12,2,1,1,7,"21, ALPHONSE LE GALLO (Q",0.0,0.0
201300038744,13,5,2013,17,1,92,12,2,1,1,6,"45, EDOUARD VAILLANT (AV",0.0,0.0
201300038745,16,5,2013,0,5,92,12,2,1,1,7,"44, TOURELLE (RUE DE LA)",0.0,0.0
201300038746,19,5,2013,22,5,92,12,2,1,2,6,"93, EDOUARD VAILLANT (AV",0.0,0.0
201300038747,20,5,2013,11,1,92,12,2,1,3,7,"22, GENERAL LECLERC (AVE",0.0,0.0
201300038748,20,5,2013,19,1,92,12,2,1,2,3,"145, JEAN JAURES (BOULEV",0.0,0.0
201300038749,21,5,2013,9,1,92,12,2,1,2,6,"60, GENERAL LECLERC (AVE",0.0,0.0
201300038750,21,5,2013,9,1,92,12,2,1,3,2,PONT DE SEVRES (ROND POI,0.0,0.0
201300038751,23,5,2013,20,2,92,12,2,1,1,2,ALPHONSE LE GALLO (QUAI),0.0,0.0
201300038752,24,5,2013,16,1,92,12,2,1,2,2,"49, GEORGES GORSE (QUAI)",0.0,0.0
201300038753,25,5,2013,15,1,92,12,2,1,1,3,"860, GEORGES GORSE (QUAI",0.0,0.0
201300038754,26,5,2013,17,1,92,12,2,1,1,3,"46, POINT DU JOUR (QUAI",0.0,0.0
201300038755,27,5,2013,13,1,92,12,2,1,1,6,"17, SAINT DENIS (RUE)",0.0,0.0
201300038756,29,5,2013,14,1,92,12,2,3,1,6,"12, JEAN BAPTISTE CLEMEN",0.0,0.0
201300038757,31,5,2013,9,1,92,12,2,3,1,3,GENERAL LECLERC (AVENUE,0.0,0.0
201300038758,31,5,2013,17,1,92,12,2,1,1,6,"32, CHATEAU (RUE DU) 1/1",0.0,0.0
201300038759,1,6,2013,5,2,92,12,2,1,1,7,"116, CHATEAU (RUE DU) 1/",0.0,0.0
201300038760,1,6,2013,8,1,92,12,2,3,1,5,STALINGRAD (QUAI DE) 28/,0.0,0.0
201300038761,2,6,2013,15,1,92,12,2,1,1,6,PORT (RUE DU),0.0,0.0
201300038762,30,5,2013,13,1,92,12,2,3,3,3,MAILLASSON (ALLEE),0.0,0.0
201300038763,30,5,2013,17,1,92,12,2,2,1,6,ANATOLE FRANCE (BOULEVAR,0.0,0.0
201300038764,3,6,2013,10,1,92,12,2,1,1,3,"20, ROBERT SCHUMAN (AVEN",0.0,0.0
201300038765,4,6,2013,19,1,92,12,2,1,1,2,PONT DE SEVRES (SQUARE D,0.0,0.0
201300038766,5,6,2013,11,1,92,12,2,2,1,6,TILLEULS (RUE DES) 69BIS,0.0,0.0
201300038767,6,6,2013,0,5,92,12,2,1,1,3,"32, REINE (ROUTE DE LA)",0.0,0.0
201300038768,7,6,2013,11,1,92,12,2,6,1,3,PONT DE BILLANCOURT (PLA,0.0,0.0
201300038769,7,6,2013,8,1,92,12,2,2,1,6,SILLY (RUE DE) 89/FIN -,0.0,0.0
201300038770,7,6,2013,16,1,92,12,2,1,7,2,"44, EDOUARD VAILLANT (AV",0.0,0.0
201300038771,8,6,2013,17,1,92,12,2,6,1,3,RHIN ET DANUBE (ROND POI,0.0,0.0
201300038772,10,6,2013,14,1,92,12,2,3,1,6,GENERAL LECLERC (AVENUE,0.0,0.0
201300038773,11,6,2013,9,1,92,12,2,1,1,5,"70, JEAN BAPTISTE CLEMEN",0.0,0.0
201300038774,13,6,2013,12,1,92,12,2,1,2,3,ANATOLE FRANCE (BOULEVAR,0.0,0.0
201300038775,14,6,2013,14,1,92,12,2,2,1,3,JEAN JAURES (BOULEVARD),0.0,0.0
201300038776,20,6,2013,14,1,92,12,2,1,1,4,"44, GEORGES GORSE (QUAI)",0.0,0.0
201300038777,20,6,2013,18,1,92,12,2,2,1,3,MARECHAL DE LATTRE DE TA,0.0,0.0
201300038778,20,6,2013,18,1,92,12,2,1,1,3,"6, PAVILLON (RUE DU)",0.0,0.0
201300038779,19,6,2013,10,1,92,12,2,6,1,3,PONT DE BILLANCOURT (PLA,0.0,0.0
201300038780,24,6,2013,20,1,92,12,2,2,1,3,JEAN JAURES (BOULEVARD),0.0,0.0
201300038781,24,6,2013,9,1,92,12,2,1,1,3,"69, REINE (ROUTE DE LA)",0.0,0.0
201300038782,24,6,2013,10,1,92,12,2,4,8,6,YVES KERMEN (RUE) 3/49 -,0.0,0.0
201300038783,26,6,2013,0,5,92,12,2,2,1,3,JEAN BAPTISTE CLEMENT (A,0.0,0.0
201300038784,27,6,2013,8,1,92,12,2,1,2,6,"197, JEAN JAURES (BOULEV",0.0,0.0
201300038785,29,6,2013,14,1,92,12,2,2,1,6,GALLIENI (RUE) 55/157 -,0.0,0.0
201300038786,30,6,2013,0,5,92,12,2,1,1,7,"7, COMMANDANT GUILBAUD (",0.0,0.0
201300038787,1,7,2013,14,1,92,12,2,1,1,3,ROBERT SCHUMAN (AVENUE),0.0,0.0
201300038788,2,7,2013,16,1,92,12,2,1,1,3,"263, JEAN JAURES (BOULEV",0.0,0.0
201300038789,3,7,2013,7,1,92,12,2,1,2,6,"38BIS, REPUBLIQUE (BOULE",0.0,0.0
201300038790,4,7,2013,11,1,92,12,2,1,1,3,"88, REINE (ROUTE DE LA)",0.0,0.0
201300038791,5,7,2013,19,1,92,12,2,2,1,3,REPUBLIQUE (BOULEVARD DE,0.0,0.0
201300038792,12,7,2013,18,1,92,12,2,2,1,3,REINE (ROUTE DE LA) 82/F,0.0,0.0
201300038793,15,7,2013,9,1,92,12,2,1,1,3,"72, EDOUARD VAILLANT (AV",0.0,0.0
201300038794,16,7,2013,12,1,92,12,2,2,1,7,"67, PIERRE GRENIER (AVEN",0.0,0.0
201300038795,17,7,2013,13,1,92,12,2,1,1,7,"43, ANDRE MORIZET (AVENU",0.0,0.0
201300038796,18,7,2013,20,1,92,12,2,2,1,6,REINE (ROUTE DE LA) 82/F,0.0,0.0
201300038797,22,7,2013,18,1,92,12,2,1,1,3,GEORGES GORSE (QUAI),0.0,0.0
201300038798,23,7,2013,11,1,92,12,2,4,1,3,PONT DE SEVRES (ROND POI,0.0,0.0
201300038799,23,7,2013,19,1,92,12,2,1,1,5,"65, GEORGES GORSE (QUAI)",0.0,0.0
201300038800,24,7,2013,11,1,92,12,2,1,1,3,"88 TER, GENERAL LECLERC",0.0,0.0
201300038801,29,7,2013,10,1,92,12,2,1,1,3,"263, JEAN JAURES (BOULEV",0.0,0.0
201300038802,30,7,2013,21,2,92,12,2,1,1,6,"8, GENERAL LECLERC (AVEN",0.0,0.0
201300038803,31,7,2013,21,2,92,12,2,2,1,3,GENERAL LECLERC (AVENUE,0.0,0.0
201300038804,7,8,2013,10,1,92,12,2,3,2,7,EDOUARD VAILLANT (AVENUE,0.0,0.0
201300038805,9,8,2013,10,1,92,12,2,1,1,6,"58, SEVRES (RUE DE) 55BI",0.0,0.0
201300038806,9,8,2013,11,1,92,12,2,2,1,6,"angle, SILLY (RUE DE) 1/",0.0,0.0
201300038807,9,8,2013,13,1,92,12,2,2,1,3,GALLIENI (RUE) 55/157 -,0.0,0.0
201300038808,9,8,2013,18,1,92,12,2,2,1,2,ANDRE MORIZET (AVENUE) 1,0.0,0.0
201300038809,10,8,2013,21,2,92,12,2,1,1,7,"02, PYRAMIDE (RUE DE LA)",0.0,0.0
201300038810,12,8,2013,15,1,92,12,2,1,1,2,"195, GALLIENI (RUE) 159/",0.0,0.0
201300038811,14,8,2013,18,1,92,12,2,1,1,6,"128, GALLIENI (RUE) 55/1",0.0,0.0
201300038812,20,8,2013,16,1,92,12,2,1,1,6,"122, GENERAL LECLERC (AV",0.0,0.0
201300038813,21,8,2013,17,1,92,12,2,1,1,7,ALPHONSE LE GALLO (QUAI),0.0,0.0
201300038814,25,8,2013,23,5,92,12,2,3,2,3,GEORGES GORSE (QUAI),0.0,0.0
201300038815,27,8,2013,10,1,92,12,2,4,1,2,"1, POINT DU JOUR (RUE DU",0.0,0.0
201300038816,2,9,2013,13,1,92,12,2,1,1,1,"53, POINT DU JOUR (QUAI",0.0,0.0
201300038817,8,9,2013,19,1,92,12,2,1,1,3,"46, GEORGES GORSE (QUAI)",0.0,0.0
201300038818,9,9,2013,13,1,92,12,2,5,3,6,ANDRE MORIZET (AVENUE) 1,0.0,0.0
201300038819,10,9,2013,9,1,92,12,2,1,1,2,"42, ALPHONSE LE GALLO (Q",0.0,0.0
201300038820,10,9,2013,16,1,92,12,2,2,1,3,REINE (ROUTE DE LA) 82/F,0.0,0.0
201300038821,13,9,2013,21,5,92,12,2,1,2,6,"12 BIS, REINE (ROUTE DE",0.0,0.0
201300038822,14,9,2013,14,1,92,12,2,1,2,6,"79, REPUBLIQUE (BOULEVAR",0.0,0.0
201300038823,17,9,2013,9,1,92,12,2,6,2,2,PONT DE BILLANCOURT (PLA,0.0,0.0
201300038824,20,9,2013,18,1,92,12,2,2,1,5,ANDRE MORIZET (AVENUE) -,0.0,0.0
201300038825,21,9,2013,21,5,92,12,2,1,1,6,"33 TER, EDOUARD VAILLANT",0.0,0.0
201300038826,23,9,2013,7,1,92,12,2,2,1,3,"110, GENERAL LECLERC (AV",0.0,0.0
201300038827,24,9,2013,7,1,92,12,2,1,1,6,"41, PIERRE GRENIER (AVEN",0.0,0.0
201300038828,23,9,2013,10,1,92,12,2,6,1,6,MARCEL SEMBAT (PLACE),0.0,0.0
201300038829,24,9,2013,6,2,92,12,2,1,1,7,ALPHONSE LE GALLO (QUAI),0.0,0.0
201300038830,25,9,2013,8,1,92,12,2,1,1,3,"44, EDOUARD VAILLANT (AV",0.0,0.0
201300038831,24,9,2013,20,5,92,12,2,1,1,3,"5, SILLY (RUE DE) 1/87 -",0.0,0.0
201300038832,29,9,2013,13,1,92,12,2,1,1,6,"32, JEAN BAPTISTE CLEMEN",0.0,0.0
201300038833,30,9,2013,11,1,92,12,2,1,1,6,PONT DE SEVRES (ROND POI,0.0,0.0
201300038834,1,10,2013,9,1,92,12,2,2,1,3,"angle, JEAN BAPTISTE CLE",0.0,0.0
201300038835,7,10,2013,0,5,92,12,2,1,1,6,"97, EDOUARD VAILLANT (AV",0.0,0.0
201300038836,7,10,2013,9,1,92,12,2,1,1,6,"55, PIERRE GRENIER (AVEN",0.0,0.0
201300038837,7,10,2013,13,1,92,12,2,1,1,6,"71, SEVRES (RUE DE) 55BI",0.0,0.0
201300038838,5,10,2013,13,1,92,12,2,1,1,7,"79, EDOUARD VAILLANT (AV",0.0,0.0
201300038839,4,10,2013,9,1,92,12,2,2,1,6,SILLY (RUE DE) 89/FIN -,0.0,0.0
201300038840,8,10,2013,19,5,92,12,2,1,1,3,"130, REINE (ROUTE DE LA)",0.0,0.0
201300038841,9,10,2013,12,1,92,12,2,2,2,7,CHATEAU (RUE DU) 1/125 -,0.0,0.0
201300038842,10,10,2013,13,1,92,12,2,3,2,3,PIERRE GRENIER (AVENUE),0.0,0.0
201300038843,10,10,2013,14,1,92,12,2,1,2,2,"56, EDOUARD VAILLANT (AV",0.0,0.0
201300038844,10,10,2013,19,5,92,12,2,1,1,4,"1, QUATRE SEPTEMBRE (QUA",0.0,0.0
201300038845,12,10,2013,21,5,92,12,2,2,1,3,VICTOR HUGO (AVENUE) DEB,0.0,0.0
201300038846,14,10,2013,11,1,92,12,2,1,1,6,"16, ALPHONSE LE GALLO (Q",0.0,0.0
201300038847,19,10,2013,1,5,92,12,2,1,1,6,GEORGES GORSE (QUAI),0.0,0.0
201300038848,11,10,2013,18,1,92,12,2,7,8,2,EDOUARD VAILLANT (AVENUE,0.0,0.0
201300038849,14,10,2013,8,1,92,12,2,2,1,2,MARECHAL DE LATTRE DE TA,0.0,0.0
201300038850,18,10,2013,19,5,92,12,2,2,1,3,QUATRE SEPTEMBRE (QUAI D,0.0,0.0
201300038851,19,10,2013,12,1,92,12,2,1,1,2,EDOUARD VAILLANT (AVENUE,0.0,0.0
201300038852,19,10,2013,18,1,92,12,2,2,1,3,ANDRE MORIZET (AVENUE) 1,0.0,0.0
201300038853,20,10,2013,21,5,92,12,2,2,1,7,GALLIENI (RUE) 55/157 -,0.0,0.0
201300038854,22,10,2013,9,1,92,12,2,1,1,7,"angle, ISSY (PONT D')",0.0,0.0
201300038855,26,10,2013,21,5,92,12,2,1,1,2,"31, PIERRE GRENIER (AVEN",0.0,0.0
201300038856,25,10,2013,18,5,92,12,2,3,2,6,FERDINAND BUISSON (AVENU,0.0,0.0
201300038857,28,10,2013,14,1,92,12,2,2,1,6,VICTOR HUGO (AVENUE) DEB,0.0,0.0
201300038858,31,10,2013,9,1,92,12,2,2,1,6,VICTOR HUGO (AVENUE) 49/,0.0,0.0
201300038859,2,11,2013,15,1,92,12,2,1,2,3,"3, GALLIENI (RUE) 1/53 -",0.0,0.0
201300038860,4,11,2013,13,1,92,12,2,2,1,3,REPUBLIQUE (BOULEVARD DE,0.0,0.0
201300038861,4,11,2013,13,1,92,12,2,2,2,6,"60-64, GENERAL LECLERC (",0.0,0.0
201300038862,5,11,2013,11,1,92,12,2,1,2,6,"10, FERNAND PELLOUTIER (",0.0,0.0
201300038863,7,11,2013,13,1,92,12,2,1,8,3,"122, PONT DE SEVRES (RON",0.0,0.0
201300038864,10,11,2013,4,4,92,12,2,1,3,6,"7, ANATOLE FRANCE (BOULE",0.0,0.0
201300038865,13,11,2013,20,5,92,12,2,1,1,7,"29, PAUL BERT (RUE)",0.0,0.0
201300038866,16,11,2013,23,5,92,12,2,2,1,6,PONT DE SEVRES (ROND POI,0.0,0.0
201300038867,17,11,2013,21,5,92,12,2,1,1,3,"120, GENERAL LECLERC (AV",0.0,0.0
201300038868,18,11,2013,20,5,92,12,2,1,1,2,"5, PARIS (RUE DE) 1/97 -",0.0,0.0
201300038869,19,11,2013,18,5,92,12,2,2,1,6,REPUBLIQUE (BOULEVARD DE,0.0,0.0
201300038870,19,11,2013,18,5,92,12,2,2,2,3,POINT DU JOUR (RUE DU),0.0,0.0
201300038871,20,11,2013,10,1,92,12,2,1,1,7,"58, SEVRES (RUE DE) 55BI",0.0,0.0
201300038872,22,11,2013,14,1,92,12,2,1,8,6,"45, VICTOR HUGO (AVENUE)",0.0,0.0
201300038873,22,11,2013,18,5,92,12,2,2,1,6,ANDRE MORIZET (AVENUE) 1,0.0,0.0
201300038874,28,11,2013,20,5,92,12,2,1,1,3,"140, JEAN JAURES (BOULEV",0.0,0.0
201300038875,29,11,2013,19,5,92,12,2,1,8,7,"3, ANATOLE FRANCE (BOULE",0.0,0.0
201300038876,6,12,2013,21,5,92,12,2,1,1,3,"13/15, JEAN JAURES (BOUL",0.0,0.0
201300038877,10,12,2013,18,5,92,12,2,2,1,6,CHATEAU (RUE DU) 1/125 -,0.0,0.0
201300038878,10,12,2013,7,2,92,12,2,3,1,6,CHEMIN VERT (RUE DU),0.0,0.0
201300038879,12,12,2013,13,1,92,12,2,1,1,3,"2, DESFEUX (AVENUE)",0.0,0.0
201300038880,12,12,2013,14,1,92,12,2,1,1,6,"4, QUATRE SEPTEMBRE (QUA",0.0,0.0
201300038881,13,12,2013,14,1,92,12,2,1,1,2,"ANGLE, PONT DE SEVRES (R",0.0,0.0
201300038882,15,12,2013,17,2,92,12,2,1,1,7,"46, POINT DU JOUR (QUAI",0.0,0.0
201300038883,15,12,2013,18,5,92,12,2,1,1,7,"20, POINT DU JOUR (QUAI",0.0,0.0
201300038884,19,12,2013,14,1,92,12,2,2,1,3,"96, ANDRE MORIZET (AVENU",0.0,0.0
201300038885,11,12,2013,10,1,92,12,2,1,1,6,"24 bis, THIERS (RUE) 1/6",0.0,0.0
201300038886,18,12,2013,3,5,92,12,2,1,1,6,"ignore, QUATRE SEPTEMBRE",0.0,0.0
201300038887,19,12,2013,10,1,92,12,2,1,2,2,"93, JEAN JAURES (BOULEVA",0.0,0.0
201300038888,19,12,2013,14,1,92,12,2,1,1,5,"39, GENERAL LECLERC (AVE",0.0,0.0
201300038889,19,12,2013,21,5,92,12,2,2,1,3,GUTENBERG (RUE),0.0,0.0
201300038890,23,12,2013,12,1,92,12,2,1,8,3,"32, JEAN BAPTISTE CLEMEN",0.0,0.0
201300038891,24,12,2013,10,1,92,12,2,1,3,7,"48, ALPHONSE LE GALLO (Q",0.0,0.0
201300038892,27,12,2013,14,1,92,12,2,3,1,3,GEORGES GORSE (QUAI),0.0,0.0
201300038893,30,12,2013,8,1,92,12,2,1,1,6,"76, REPUBLIQUE (BOULEVAR",0.0,0.0
201300038894,31,12,2013,9,1,92,12,2,1,1,2,"46, ALPHONSE LE GALLO (Q",0.0,0.0
201300038895,29,1,2013,18,5,92,19,2,1,2,6,"04, LONGUET JEAN (RUE)",0.0,0.0
201300038896,30,1,2013,10,1,92,19,2,3,3,2,"440, DIVISION LECLERC (A",0.0,0.0
201300038897,6,2,2013,9,1,92,71,2,1,2,6,CAMBERWELL (AVENUE DE),0.0,0.0
201300038898,6,2,2013,14,1,92,19,2,3,1,6,"221, LECLERC DIVISION (A",0.0,0.0
201300038899,1,3,2013,8,1,92,19,2,1,1,6,CLEMENT JEAN BAPTISTE (R,0.0,0.0
201300038900,7,3,2013,21,5,92,19,2,1,1,3,"281, DIVISION LECLERC (A",0.0,0.0
201300038901,16,3,2013,12,1,92,19,2,1,1,3,"281, DIVISION LECLERC (A",0.0,0.0
201300038902,21,3,2013,11,1,92,19,2,2,1,6,"254/359, DIVISION LECLER",0.0,0.0
201300038903,25,3,2013,15,1,92,19,2,1,1,6,"436, DIVISION LECLERC (A",0.0,0.0
201300038904,3,4,2013,21,5,92,32,2,3,1,2,FOCH MARECHAL (AVENUE DU,0.0,0.0
201300038905,10,4,2013,11,1,92,19,2,1,1,6,"57, LONGUET CHARLES (RUE",0.0,0.0
201300038906,13,4,2013,10,1,92,19,2,1,4,6,"5, FRERES MONTGOLFIERS (",0.0,0.0
201300038907,15,4,2013,15,1,92,71,2,1,1,6,"158, GENERAL LECLERC (AV",0.0,0.0
201300038908,15,5,2013,9,1,92,32,2,5,1,6,CARNOT (PLACE),0.0,0.0
201300038909,28,5,2013,8,1,92,19,2,1,2,6,"128, SALENGRO ROGER (RUE",0.0,0.0
201300038910,1,6,2013,12,1,92,71,2,3,1,3,AVENUE JEAN PERRIN,0.0,0.0
201300038911,2,6,2013,5,2,92,19,2,1,1,7,"10, LONGUET CHARLES (RUE",0.0,0.0
201300038912,8,6,2013,17,1,92,19,2,1,7,6,"440, DIVISION LECLERC (A",0.0,0.0
201300038913,17,6,2013,13,1,92,19,2,1,1,7,", LECLERC DIVISION (AVEN",0.0,0.0
201300038914,3,7,2013,21,2,92,71,2,1,1,4,"86, BOUR5G LA REINE (AVE",0.0,0.0
201300038915,11,7,2013,8,1,92,19,2,1,1,7,", 11 NOVEMBRE 1918 (CARR",0.0,0.0
201300038916,14,7,2013,20,2,92,32,2,1,1,2,"7, DOLIVET J ET M (AVENU",0.0,0.0
201300038917,18,8,2013,5,5,92,19,2,2,1,3,"404, DIVISION LECLERC (A",0.0,0.0
201300038918,19,8,2013,8,1,92,19,2,3,1,6,"01, BREGUET (ALLEE)",0.0,0.0
201300038919,24,8,2013,2,5,92,32,2,1,1,6,"9, LAURENT REMI (RUE)",0.0,0.0
201300038920,14,9,2013,16,1,92,19,2,1,2,7,BOURSIDIERE (ROUTE DE LA,0.0,0.0
201300038921,24,9,2013,16,1,92,19,2,1,1,6,"299, LECLERC DIVISION (A",0.0,0.0
201300038922,30,9,2013,11,1,92,71,2,3,1,6,HUGO VICTOR (RUE),0.0,0.0
201300038923,1,10,2013,11,1,92,19,2,1,1,6,"59, LONGUET JEAN (RUE)",0.0,0.0
201300038924,8,10,2013,11,1,92,19,2,6,1,3,ALLENDE SALVATOR (CARREF,0.0,0.0
201300038925,10,10,2013,17,1,92,71,2,1,1,3,"1, CAUCHY (AVENUE)",0.0,0.0
201300038926,14,10,2013,8,1,92,32,2,3,7,3,DOLIVET J ET M (AVENUE),0.0,0.0
201300038927,3,11,2013,2,5,92,71,2,1,1,6,"46, LYCEE (RUE DU)",0.0,0.0
201300038928,14,11,2013,7,1,92,19,2,9,1,6,"59, LONGUET JEAN (RUE)",0.0,0.0
201300038929,22,11,2013,7,1,92,32,2,1,1,6,"2, PETIT ANTOINE (RUE)",0.0,0.0
201300038930,23,11,2013,12,1,92,19,2,1,1,6,"20, JUSTICE (CHEMIN)",0.0,0.0
201300038931,26,11,2013,19,5,92,71,2,1,1,7,"138, HOUDAN (RUE)",0.0,0.0
201300038932,10,12,2013,9,1,92,19,2,1,1,3,"17, DIVISION LECLERC (AV",0.0,0.0
201300038933,10,12,2013,10,1,92,19,2,1,1,6,"137, DIVISION LECLERC (A",0.0,0.0
201300038934,11,12,2013,18,5,92,19,2,1,1,4,"341, DIVISION LECLERC (A",0.0,0.0
201300038935,14,12,2013,15,1,92,19,2,1,1,6,DIVISION LECLERC (AVENUE,0.0,0.0
201300038936,4,1,2013,12,1,92,60,2,1,1,3,"148, RESISTANCE (AVENUE",0.0,0.0
201300038937,20,12,2013,10,1,92,60,2,1,9,6,"133, RESISTANCE (AVENUE",0.0,0.0
201300038938,31,12,2013,8,2,92,60,2,1,2,6,"73, RESISTANCE (AVENUE D",0.0,0.0
201300038939,31,12,2013,19,5,92,23,2,2,2,6,"., VICTOR HUGO (AVENUE)",0.0,0.0
201300038940,23,12,2013,16,1,92,23,2,1,1,6,"27, PAUL VAILLANT COUTUR",0.0,0.0
201300038941,16,1,2013,14,1,92,23,2,1,1,6,"05, PIERRE ET MARIE CURI",0.0,0.0
201300038942,17,1,2013,10,1,92,60,2,3,1,7,"., ARISTIDE BRIAND (AVEN",0.0,0.0
201300038943,18,1,2013,15,1,92,23,2,2,1,3,"., CHEMIN VERT (RUE DU)",0.0,0.0
201300038944,22,1,2013,18,5,92,23,2,1,1,6,"., DENIS GOGUE (RUE)",0.0,0.0
201300038945,22,1,2013,16,1,92,23,2,1,4,6,"159, JEAN JAURES (AVENUE",0.0,0.0
201300038946,22,1,2013,16,1,92,23,2,3,1,3,"., DUFFAUT (RUE)",0.0,0.0
201300038947,25,1,2013,8,1,92,23,2,1,1,6,"1, PETIT CLAMART (ROND P",0.0,0.0
201300038948,26,1,2013,20,5,92,23,2,2,1,3,"., JEAN JAURES (AVENUE)",0.0,0.0
201300038949,30,1,2013,19,5,92,23,2,3,1,3,"., SCHNEIDER (AVENUE)",0.0,0.0
201300038950,1,2,2013,12,1,92,23,2,3,3,2,"., PORTE DE TRIVAUX (RUE",0.0,0.0
201300038951,1,2,2013,21,5,92,60,2,1,1,3,"20, LEON BLUM (AVENUE) (",0.0,0.0
201300038952,2,2,2013,7,5,92,23,2,2,2,3,"., JEAN BAPTISTE CLEMENT",0.0,0.0
201300038953,6,2,2013,18,5,92,60,2,1,2,3,"138, RESISTANCE (AVENUE",0.0,0.0
201300038954,6,2,2013,13,1,92,23,2,1,1,7,"38, PORTE DE TRIVAUX (RU",0.0,0.0
201300038955,11,2,2013,9,1,92,23,2,2,1,3,"., HENRI BARBUSSE (AVENU",0.0,0.0
201300038956,14,2,2013,8,1,92,60,2,1,2,4,"48, LOUP PENDU (RUE DU)",0.0,0.0
201300038957,15,2,2013,15,1,92,23,2,1,1,6,"186, GENERAL DE GAULLE (",0.0,0.0
201300038958,15,2,2013,9,5,92,23,2,1,1,7,"41, PORTE DE TRIVAUX (RU",0.0,0.0
201300038959,25,2,2013,10,1,92,23,2,1,4,7,"364, GENERAL DE GAULLE (",0.0,0.0
201300038960,26,2,2013,11,1,92,23,2,1,1,2,"2, MARQUIS (PLACE) N?1 E",0.0,0.0
201300038961,27,2,2013,7,1,92,60,2,2,2,3,"., CHARLES DE GAULLE (AV",0.0,0.0
201300038962,4,3,2013,2,5,92,23,2,1,1,6,"., CLAUDE TREBIGNAUD (AV",0.0,0.0
201300038963,4,3,2013,17,1,92,23,2,6,1,3,"0, GARDE (PLACE DU) S101",0.0,0.0
201300038964,5,3,2013,17,1,92,23,2,1,1,3,"., PORTE DE TRIVAUX (RUE",0.0,0.0
201300038965,19,3,2013,19,5,92,23,2,3,3,3,PORTE DE TRIVAUX (RUE DE,0.0,0.0
201300038966,22,3,2013,14,1,92,60,2,1,1,3,"134, RESISTANCE (AVENUE",0.0,0.0
201300038967,25,3,2013,9,1,92,23,2,1,1,6,"., HENRI BARBUSSE (AVENU",0.0,0.0
201300038968,1,4,2013,16,1,92,23,2,1,1,6,"333, GENERAL DE GAULLE (",0.0,0.0
201300038969,1,4,2013,14,1,92,23,2,1,1,3,"., PETIT CLAMART (ROND P",0.0,0.0
201300038970,30,3,2013,22,5,92,23,2,1,1,1,"., CLAUDE TREBIGNAUD (AV",0.0,0.0
201300038971,17,4,2013,22,5,92,60,2,3,1,6,"., PAUL LANGEVIN (AVENUE",0.0,0.0
201300038972,20,4,2013,20,1,92,23,2,1,2,3,GENERAL DE GAULLE (AVENU,0.0,0.0
201300038973,19,4,2013,19,1,92,23,2,1,1,6,PAVE BLANC (ROUTE DU) N?,0.0,0.0
201300038974,25,4,2013,15,1,92,23,2,1,1,3,"177, PORTE DE TRIVAUX (R",0.0,0.0
201300038975,11,5,2013,0,5,92,23,2,1,1,7,"1, BIEVRES (RUE DE)",0.0,0.0
201300038976,7,5,2013,9,1,92,60,2,2,1,3,"., CHARLES DE GAULLE (AV",0.0,0.0
201300038977,31,5,2013,17,1,92,23,2,2,1,2,"., PORTE DE TRIVAUX (RUE",0.0,0.0
201300038978,3,6,2013,17,1,92,23,2,1,1,6,"12, VANVES (RUE DE)",0.0,0.0
201300038979,5,6,2013,21,2,92,60,2,1,1,6,"0, ARISTIDE BRIAND (AVEN",0.0,0.0
201300038980,7,6,2013,11,1,92,23,2,1,1,4,"0, HENRI BARBUSSE (AVENU",0.0,0.0
201300038981,7,6,2013,12,1,92,23,2,3,1,3,"0, PRESIDENT ROOSEVELT (",0.0,0.0
201300038982,8,6,2013,13,1,92,23,2,3,1,3,"., GENERAL DE GAULLE (AV",0.0,0.0
201300038983,7,6,2013,19,1,92,60,2,1,1,2,"., CHARLES DE GAULLE (AV",0.0,0.0
201300038984,17,6,2013,10,1,92,60,2,2,3,3,"., PAUL LANGEVIN (AVENUE",0.0,0.0
201300038985,19,6,2013,10,1,92,23,2,1,2,4,"126, PORTE DE TRIVAUX (R",0.0,0.0
201300038986,23,6,2013,22,1,92,23,2,1,1,6,"0, VERSAILLES (RUE DE) N",0.0,0.0
201300038987,21,6,2013,19,1,92,60,2,1,1,6,"2, RESISTANCE (AVENUE DE",0.0,0.0
201300038988,25,6,2013,14,1,92,60,2,6,1,3,"0, PAUL LANGEVIN (AVENUE",0.0,0.0
201300038989,26,6,2013,18,1,92,60,2,2,1,3,"0, PAUL LANGEVIN (AVENUE",0.0,0.0
201300038990,30,6,2013,20,1,92,23,2,1,1,7,"0, LIEUTENANT RAOUL BATA",0.0,0.0
201300038991,5,7,2013,19,1,92,23,2,1,1,6,"0, JEAN JAURES (AVENUE)",0.0,0.0
201300038992,8,7,2013,2,5,92,23,2,1,1,6,"204, HENRI BARBUSSE (AVE",0.0,0.0
201300038993,15,7,2013,5,5,92,23,2,1,1,7,"161, JEAN JAURES (AVENUE",0.0,0.0