Num_Acc,jour,mois,an,hr,condition_eclairage,departement,commune,condition_agglomeration,intersection,condition_atmosphere,type_collision,adresse,lattitude,longitude
201300038994,16,7,2013,19,1,92,23,2,3,1,5,"., PORTE DE TRIVAUX (RUE",0.0,0.0
201300038995,17,7,2013,15,1,92,23,2,1,1,3,"., PETIT CLAMART (ROND P",0.0,0.0
201300038996,19,7,2013,9,1,92,23,2,3,1,3,"., PAUL ANDRILLON (RUE)",0.0,0.0
201300038997,21,7,2013,17,1,92,23,2,1,1,3,"49, GENERAL DE GAULLE (A",0.0,0.0
201300038998,23,7,2013,8,1,92,23,2,1,1,3,"540, GENERAL DE GAULLE (",0.0,0.0
201300038999,18,7,2013,6,1,92,23,2,1,1,2,"471, GENERAL DE GAULLE (",0.0,0.0
201300039000,6,8,2013,7,1,92,23,2,2,7,3,"287, GENERAL DE GAULLE (",0.0,0.0
201300039001,30,7,2013,11,1,92,23,2,1,1,3,"166, GENERAL DE GAULLE (",0.0,0.0
201300039002,10,8,2013,12,1,92,60,2,1,1,6,"., PAUL RIVET (RUE) COTE",0.0,0.0
201300039003,16,8,2013,9,1,92,60,2,1,1,6,"67, PLESSIS (AVENUE DU)",0.0,0.0
201300039004,2,9,2013,21,2,92,23,2,2,1,3,FLEURY (RUE DE),0.0,0.0
201300039005,3,9,2013,17,1,92,23,2,1,1,1,"0, PORTE DE TRIVAUX (RUE",0.0,0.0
201300039006,3,9,2013,14,1,92,23,2,1,1,6,"50, PIERRE BROSSOLETTE (",0.0,0.0
201300039007,8,9,2013,20,5,92,23,2,1,1,6,"., GENERAL DE GAULLE (AV",0.0,0.0
201300039008,7,9,2013,17,1,92,60,2,6,1,3,"., RESISTANCE (PLACE DE",0.0,0.0
201300039009,8,9,2013,19,2,92,23,2,2,1,3,"., GENERAL DE GAULLE (AV",0.0,0.0
201300039010,7,9,2013,23,5,92,23,2,3,1,3,"., CLOS MONTHODON (RUE D",0.0,0.0
201300039011,8,9,2013,12,1,92,23,2,1,1,2,"426, GENERAL DE GAULLE (",0.0,0.0
201300039012,9,9,2013,7,1,92,23,2,1,1,3,"., PETIT CLAMART (ROND P",0.0,0.0
201300039013,13,9,2013,16,1,92,23,2,1,8,6,"135, GENERAL DE GAULLE (",0.0,0.0
201300039014,13,9,2013,12,1,92,23,2,1,2,6,"., PORTE DE TRIVAUX (RUE",0.0,0.0
201300039015,22,9,2013,20,3,92,23,2,1,1,7,"0, BIEVRES (RUE DE)",0.0,0.0
201300039016,26,9,2013,18,1,92,23,2,1,1,2,"197, VICTOR HUGO (AVENUE",0.0,0.0
201300039017,19,9,2013,18,1,92,23,2,2,1,2,"0, HENRI BARBUSSE (AVENU",0.0,0.0
201300039018,27,9,2013,17,1,92,60,2,2,1,3,PAUL LANGEVIN (AVENUE) (,0.0,0.0
201300039019,27,9,2013,19,5,92,23,2,9,1,5,"., PETIT CLAMART (ROND P",0.0,0.0
201300039020,2,10,2013,17,1,92,23,2,1,1,3,"329, GENERAL DE GAULLE (",0.0,0.0
201300039021,4,10,2013,20,5,92,23,2,1,1,5,"., CLAUDE TREBIGNAUD (AV",0.0,0.0
201300039022,17,10,2013,10,1,92,23,2,3,1,3,GROUX (IMPASSE DES),0.0,0.0
201300039023,18,10,2013,18,1,92,23,2,2,1,3,FLEURY (RUE DE),0.0,0.0
201300039024,18,10,2013,19,1,92,60,2,1,1,6,"0, RESISTANCE (PLACE DE",0.0,0.0
201300039025,30,10,2013,10,1,92,60,2,1,1,6,"26, EDOUARD HERRIOT (AVE",0.0,0.0
201300039026,3,11,2013,16,1,92,60,2,1,1,2,"., PAUL RIVET (RUE) COTE",0.0,0.0
201300039027,6,11,2013,17,5,92,23,2,1,1,3,"191, JEAN JAURES (AVENUE",0.0,0.0
201300039028,7,11,2013,19,5,92,23,2,1,3,6,"75, HENRI BARBUSSE (AVEN",0.0,0.0
201300039029,9,11,2013,12,1,92,23,2,1,1,5,"78, GENERAL EISENHOWER (",0.0,0.0
201300039030,12,11,2013,19,3,92,23,2,1,2,3,GENERAL DE GAULLE (AV DU,0.0,0.0
201300039031,14,11,2013,18,5,92,23,2,2,2,3,GENERAL DE GAULLE (AV DU,0.0,0.0
201300039032,14,11,2013,19,5,92,23,2,2,2,3,GENERAL DE GAULLE (AV DU,0.0,0.0
201300039033,19,11,2013,16,2,92,23,2,3,1,6,"., CHATEAU (RUE DU)",0.0,0.0
201300039034,20,11,2013,9,1,92,23,2,1,1,3,"504, GENERAL DE GAULLE (",0.0,0.0
201300039035,20,11,2013,15,1,92,60,2,3,1,6,"46, CHARLES DE GAULLE (A",0.0,0.0
201300039036,26,11,2013,8,1,92,23,2,1,1,4,"58, HENRI BARBUSSE (AVEN",0.0,0.0
201300039037,27,11,2013,14,1,92,60,2,1,1,6,CHARLES DE GAULLE (AVENU,0.0,0.0
201300039038,29,11,2013,16,1,92,23,2,1,2,7,SAVOIE (RUE DE),0.0,0.0
201300039039,30,11,2013,16,1,92,60,2,2,1,3,PAUL LANGEVIN (AVENUE) (,0.0,0.0
201300039040,4,12,2013,23,5,92,23,2,1,2,7,"11, CHEMIN VERT (RUE DU)",0.0,0.0
201300039041,6,12,2013,18,3,92,23,2,1,1,4,"., PETIT CLAMART (ROND P",0.0,0.0
201300039042,10,12,2013,0,5,92,23,2,1,1,6,REPUBLIQUE (AVENUE DE LA,0.0,0.0
201300039043,10,12,2013,6,5,92,23,2,1,1,5,PETIT CLAMART (ROND POIN,0.0,0.0
201300039044,10,12,2013,6,5,92,23,2,1,1,7,"., PETIT CLAMART (ROND P",0.0,0.0
201300039045,10,12,2013,11,1,92,60,2,1,1,6,DENIS PAPIN (AVENUE),0.0,0.0
201300039046,11,12,2013,10,1,92,23,2,3,1,7,"93, LAZARE CARNOT (RUE)",0.0,0.0
201300039047,11,12,2013,9,2,92,23,2,1,1,7,"72, CHATILLON (RUE DE)",0.0,0.0
201300039048,13,12,2013,18,5,92,23,2,1,1,6,"541, GENERAL DE GAULLE (",0.0,0.0
201300039049,18,12,2013,14,1,92,23,2,1,1,6,CLAUDE TREBIGNAUD (AVENU,0.0,0.0
201300039050,16,12,2013,17,2,92,23,2,1,1,3,CLAUDE TREBIGNAUD (AVENU,0.0,0.0
201300039051,26,11,2013,18,2,92,24,2,1,1,6,"37, VICTOR HUGO (BD)",0.0,0.0
201300039052,1,1,2013,4,5,92,24,2,6,2,6,"1, PORT (RUE DU)",0.0,0.0
201300039053,17,1,2013,8,2,92,24,2,1,1,3,"52, PIERRE BEREGOVOY (RU",0.0,0.0
201300039054,25,1,2013,23,5,92,24,2,2,9,6,"15, JEAN JAURES (BD) DE",0.0,0.0
201300039055,30,1,2013,9,1,92,24,2,3,1,3,"22, GENERAL ROGUET (RUE",0.0,0.0
201300039056,1,2,2013,10,1,92,24,2,1,1,6,"1, PIERRE DREYFUS (RUE)",0.0,0.0
201300039057,24,12,2013,9,1,92,24,2,1,1,7,"54, CLICHY (QUAI DE) DE",0.0,0.0
201300039058,4,2,2013,16,1,92,24,2,1,1,7,"65, MARTRE (RUE) DE (59",0.0,0.0
201300039059,5,2,2013,7,2,92,24,2,1,1,6,"17, ANATOLE FRANCE (RUE)",0.0,0.0
201300039060,5,2,2013,17,1,92,24,2,3,1,3,"71, VICTOR HUGO (BD)",0.0,0.0
201300039061,6,2,2013,10,1,92,24,2,1,1,3,"84, GENERAL ROGUET (RUE",0.0,0.0
201300039062,6,2,2013,14,1,92,24,2,3,1,3,"100, GENERAL LECLERC (RU",0.0,0.0
201300039063,11,2,2013,19,5,92,24,2,1,1,7,"18, JEAN JAURES (BD) DE",0.0,0.0
201300039064,11,1,2013,8,2,92,24,2,3,1,3,"116, GENERAL LECLERC (RU",0.0,0.0
201300039065,11,1,2013,13,1,92,24,2,1,1,6,"80, MARTRE (RUE) DE (59",0.0,0.0
201300039066,12,1,2013,14,1,92,24,2,6,1,7,"1, REPUBLIQUE (PLACE DE",0.0,0.0
201300039067,22,2,2013,12,1,92,24,2,3,1,6,"9, GENERAL LECLERC (BD D",0.0,0.0
201300039068,22,2,2013,14,1,92,24,2,3,1,1,"200, CLICHY (QUAI DE) DE",0.0,0.0
201300039069,25,2,2013,12,1,92,24,2,1,9,5,"90, GENERAL ROGUET (RUE",0.0,0.0
201300039070,28,2,2013,18,1,92,24,2,1,1,7,"83, JEAN JAURES (BD) DE",0.0,0.0
201300039071,28,2,2013,20,5,92,24,2,1,1,7,"123, VICTOR HUGO (BD)",0.0,0.0
201300039072,28,2,2013,19,5,92,24,2,1,1,3,"112, VICTOR HUGO (BD)",0.0,0.0
201300039073,5,3,2013,18,1,92,24,2,1,1,6,"82, PARIS (RUE DE) DE (5",0.0,0.0
201300039074,31,1,2013,9,1,92,24,2,1,9,1,"83, VICTOR HUGO (BD)",0.0,0.0
201300039075,14,3,2013,20,2,92,24,2,2,1,3,"62, GENERAL ROGUET (RUE",0.0,0.0
201300039076,6,3,2013,17,1,92,24,2,3,1,3,"83, VICTOR HUGO (BD)",0.0,0.0
201300039077,4,3,2013,17,1,92,24,2,1,1,3,"57-86, GENERAL ROGUET (R",0.0,0.0
201300039078,19,3,2013,16,1,92,24,2,3,1,6,"13, BELFORT (RUE DE)",0.0,0.0
201300039079,20,3,2013,21,5,92,24,2,1,1,3,"21/41, MARTRE DE (4 A 54",0.0,0.0
201300039080,26,3,2013,17,1,92,24,2,1,1,3,"34, PARIS (RUE DE) DE (1",0.0,0.0
201300039081,17,3,2013,2,5,92,24,2,2,1,3,"7, GEORGES BOISSEAU (RUE",0.0,0.0
201300039082,25,3,2013,14,1,92,24,2,1,1,2,"5, HUIT MAI 1945 (RUE DU",0.0,0.0
201300039083,3,4,2013,14,1,92,24,2,1,1,3,"90, GENERAL ROGUET (RUE",0.0,0.0
201300039084,6,4,2013,10,1,92,24,2,1,1,4,"52, JEAN JAURES (BD) DE",0.0,0.0
201300039085,10,4,2013,15,1,92,24,2,3,1,6,"103, JEAN JAURES (BD) DE",0.0,0.0
201300039086,24,3,2013,13,1,92,24,2,1,1,2,"58, CLICHY (QUAI DE) DE",0.0,0.0
201300039087,24,4,2013,20,2,92,24,2,1,1,2,"140, MARTRE (RUE) DE (11",0.0,0.0
201300039088,19,4,2013,9,1,92,24,2,1,1,2,"76, VICTOR HUGO (BD)",0.0,0.0
201300039089,19,4,2013,11,1,92,24,2,3,1,1,"200, CLICHY (QUAI DE) DE",0.0,0.0
201300039090,22,4,2013,9,1,92,24,2,1,1,6,"42, VICTOR HUGO (BD)",0.0,0.0
201300039091,28,4,2013,19,1,92,24,2,1,1,3,"36, JEAN JAURES (BD) DE",0.0,0.0
201300039092,28,4,2013,15,1,92,24,2,1,1,3,"95, BOULEVARD JEAN JAURE",0.0,0.0
201300039093,23,4,2013,23,5,92,24,2,1,1,2,"8 - 60, CLICHY (QUAI DE)",0.0,0.0
201300039094,30,4,2013,19,1,92,24,2,3,2,3,"22, GENERAL ROGUET (RUE",0.0,0.0
201300039095,3,5,2013,22,1,92,24,1,1,1,6,"134, JEAN JAURES (BD) DE",0.0,0.0
201300039096,11,5,2013,12,1,92,24,2,3,1,6,"98, VICTOR HUGO (BD)",0.0,0.0
201300039097,14,5,2013,23,5,92,24,2,2,1,7,"120, MARTRE (RUE) DE (59",0.0,0.0
201300039098,21,5,2013,9,1,92,24,2,3,1,6,"1, MOZART (RUE)",0.0,0.0
201300039099,24,5,2013,15,1,92,24,2,3,2,3,"57, VICTOR HUGO (BD)",0.0,0.0
201300039100,9,6,2013,1,5,92,24,2,1,1,6,"138, JEAN JAURES (BD) DE",0.0,0.0
201300039101,17,6,2013,1,5,92,24,2,1,1,7,"37, JEAN JAURES (BD) DE",0.0,0.0
201300039102,9,6,2013,21,1,92,24,2,1,1,7,"1, HUIT MAI 1945 (RUE DU",0.0,0.0
201300039103,16,6,2013,17,1,92,24,2,3,1,6,"22, GENERAL ROGUET (RUE",0.0,0.0
201300039104,20,6,2013,9,1,92,24,2,3,1,4,"200, CLICHY (QUAI DE) DE",0.0,0.0
201300039105,20,6,2013,8,1,92,24,2,1,1,6,"90, GENERAL ROGUET (RUE",0.0,0.0
201300039106,20,6,2013,15,1,92,24,2,3,1,3,"87, VICTOR HUGO (BD)",0.0,0.0
201300039107,2,7,2013,18,1,92,24,2,3,1,2,"200, CLICHY (QUAI DE) DE",0.0,0.0
201300039108,1,7,2013,13,1,92,24,2,2,1,3,"5, HUIT MAI 1945 (RUE DU",0.0,0.0
201300039109,9,7,2013,15,1,92,24,2,2,1,6,"62, JEAN JAURES (BD) DE",0.0,0.0
201300039110,12,7,2013,7,1,92,24,2,2,1,3,"40, GENERAL LECLERC (BD",0.0,0.0
201300039111,14,7,2013,11,1,92,24,2,1,1,6,"6, DOCTEUR EMILE ROUX (R",0.0,0.0
201300039112,16,7,2013,14,1,92,24,2,2,1,3,"57, GEORGES BOISSEAU (RU",0.0,0.0
201300039113,19,7,2013,23,5,92,24,2,1,1,6,"28, LANDY (RUE DU) DE (1",0.0,0.0
201300039114,25,7,2013,19,1,92,24,2,3,1,3,"112, VICTOR HUGO (BD)",0.0,0.0
201300039115,28,7,2013,11,1,92,24,2,2,1,6,JEAN JAURES (BD) DE (1 A,0.0,0.0
201300039116,31,7,2013,10,1,92,24,2,2,1,3,"96, MARTRE (RUE) DE (111",0.0,0.0
201300039117,2,8,2013,17,1,92,24,2,1,1,6,JEAN JAURES (BD) DE (1 A,0.0,0.0
201300039118,4,8,2013,6,2,92,24,2,2,1,2,"42, GENERAL ROGUET (RUE",0.0,0.0
201300039119,1,8,2013,18,1,92,24,2,1,1,6,"86, MARTRE (RUE) DE (59",0.0,0.0
201300039120,10,8,2013,18,1,92,24,2,4,1,3,"169, VICTOR HUGO (BD)",0.0,0.0
201300039121,14,8,2013,13,1,92,24,2,9,1,2,"60, MARTRE (RUE) DE (59",0.0,0.0
201300039122,20,8,2013,21,2,92,24,2,1,1,7,"31 - 33, PARIS (RUE DE)",0.0,0.0
201300039123,23,8,2013,9,1,92,24,2,1,7,6,"92, VICTOR HUGO (BD)",0.0,0.0
201300039124,3,9,2013,19,5,92,24,2,3,1,3,"6, FOURNIER (RUE)",0.0,0.0
201300039125,4,9,2013,15,1,92,24,2,2,1,3,"95, VICTOR HUGO (BD)",0.0,0.0
201300039126,24,9,2013,19,1,92,24,2,4,1,3,"2, ASNIERES (ROUTE D')",0.0,0.0
201300039127,26,9,2013,22,5,92,24,2,2,1,2,"54, MARTRE DE (4 A 54)",0.0,0.0
201300039128,3,10,2013,13,1,92,24,2,2,1,6,"80, GENERAL LECLERC (RUE",0.0,0.0
201300039129,8,10,2013,12,1,92,24,2,2,1,3,"1, CLICHY (QUAI DE) DE (",0.0,0.0
201300039130,11,10,2013,16,1,92,24,2,1,1,2,"5, GENNEVILLIERS (PONT D",0.0,0.0
201300039131,18,9,2013,18,2,92,24,2,1,1,7,"9, GENERAL LECLERC (BD D",0.0,0.0
201300039132,9,10,2013,17,2,92,24,2,1,1,3,"61, HENRI BARBUSSE (RUE)",0.0,0.0
201300039133,14,10,2013,17,1,92,24,2,3,1,7,"24, GENERAL ROGUET (RUE",0.0,0.0
201300039134,16,10,2013,13,1,92,24,2,2,1,1,"7, VICTOR HUGO (BD)",0.0,0.0
201300039135,17,10,2013,12,1,92,24,2,1,1,3,"40, MARTRE DE (4 A 54)",0.0,0.0
201300039136,18,9,2013,9,1,92,24,2,2,1,1,"39, LEON GAMBETTA (ALLEE",0.0,0.0
201300039137,30,9,2013,9,2,92,24,2,1,1,3,"43, JEAN JAURES (BD) DE",0.0,0.0
201300039138,29,10,2013,11,1,92,24,2,1,1,6,"101, VICTOR HUGO (BD)",0.0,0.0
201300039139,19,10,2013,22,5,92,24,2,3,1,3,"73, VICTOR HUGO (BD)",0.0,0.0
201300039140,28,10,2013,9,1,92,24,1,2,1,6,"46, HENRI BARBUSSE (RUE)",0.0,0.0
201300039141,29,10,2013,19,5,92,24,2,2,1,1,"69, HENRI BARBUSSE (RUE)",0.0,0.0
201300039142,31,10,2013,17,2,92,24,2,2,1,7,"46, GENERAL ROGUET (RUE",0.0,0.0
201300039143,6,11,2013,18,5,92,24,2,1,1,5,"32, VICTOR HUGO (BD)",0.0,0.0
201300039144,10,11,2013,6,2,92,24,2,2,1,6,"62, MARTRE (RUE) DE (59",0.0,0.0
201300039145,13,11,2013,22,5,92,24,2,6,1,6,"2, GENERAL ROGUET (RUE D",0.0,0.0
201300039146,14,11,2013,19,5,92,24,2,2,1,3,"64, VICTOR HUGO (BD)",0.0,0.0
201300039147,15,11,2013,18,5,92,24,2,2,2,5,"81, HENRI BARBUSSE (RUE)",0.0,0.0
201300039148,7,11,2013,9,1,92,24,2,2,1,1,"135, HENRI BARBUSSE (RUE",0.0,0.0
201300039149,27,11,2013,18,1,92,24,2,1,1,6,"117, GENERAL LECLERC (RU",0.0,0.0
201300039150,4,12,2013,9,1,92,24,2,3,1,6,"10, LANDY (RUE DU) DE (1",0.0,0.0
201300039151,4,12,2013,13,1,92,24,2,2,1,6,CLICHY (QUAI DE) DE (8 A,0.0,0.0
201300039152,4,12,2013,17,1,92,24,2,3,1,6,"53, MADAME DE SANZILLON",0.0,0.0
201300039153,31,10,2013,13,1,92,24,2,1,1,6,CLICHY (QUAI DE) DE (8 A,0.0,0.0
201300039154,9,12,2013,8,2,92,24,2,2,1,3,"46, HENRI BARBUSSE (RUE)",0.0,0.0
201300039155,19,12,2013,11,1,92,24,2,2,1,1,"44, HENRI BARBUSSE (RUE)",0.0,0.0
201300039156,22,12,2013,5,5,92,24,2,2,1,1,"135, HENRI BARBUSSE (RUE",0.0,0.0
201300039157,4,1,2013,12,1,92,25,2,2,1,3,"112, C.DE G.<> 64 A 128",0.0,0.0
201300039158,6,1,2013,2,5,92,25,2,1,2,7,"71, AGENT SARRE (AV DE L",0.0,0.0
201300039159,30,1,2013,20,5,92,25,2,1,1,3,"00, GAMBETTA (BD)",0.0,0.0
201300039160,1,2,2013,21,5,92,25,2,2,1,1,"10, AGENT SARRE (AV DE L",0.0,0.0
201300039161,11,2,2013,8,1,92,25,2,1,2,3,VALMY<> 1 A 53 & 2 A 66,0.0,0.0
201300039162,13,2,2013,13,1,92,25,2,1,1,6,"41, BOURNARD (RUE DU)",0.0,0.0
201300039163,19,2,2013,16,1,92,25,2,1,1,6,"38, GODON (RUE)",0.0,0.0
201300039164,25,2,2013,16,1,92,25,2,1,4,6,"29, EUROPE (AV DE L')",0.0,0.0
201300039165,26,2,2013,13,1,92,25,2,1,1,7,CHARLES DE GAULLE (BD),0.0,0.0
201300039166,5,3,2013,6,5,92,25,2,1,1,7,"24, PAUL BERT (RUE)",0.0,0.0
201300039167,13,3,2013,18,1,92,25,2,1,1,6,"78, STALINGRAD (AV DE)",0.0,0.0
201300039168,14,3,2013,10,1,92,25,2,1,1,6,"29, GABRIEL PERI (RUE)",0.0,0.0
201300039169,22,3,2013,16,1,92,25,2,1,1,6,"220, ESTIENNE D'ORVES (R",0.0,0.0
201300039170,24,3,2013,12,1,92,25,2,1,1,6,"21, VICTOR HUGO (AV.VILL",0.0,0.0
201300039171,4,4,2013,8,1,92,25,2,2,9,3,"0, VALMY (BD DE)",0.0,0.0
201300039172,14,4,2013,3,5,92,25,2,2,1,7,"00, VALMY (BD DE)",0.0,0.0
201300039173,16,4,2013,12,1,92,25,2,1,1,3,"00, GENERAL LECLERC (PLA",0.0,0.0
201300039174,19,4,2013,10,1,92,25,2,2,1,6,PAUL BERT (RUE),0.0,0.0
201300039175,20,4,2013,22,5,92,25,2,1,1,3,CHARLES DE GAULLE (BD),0.0,0.0
201300039176,22,4,2013,16,1,92,25,2,1,1,2,"224, C.DE G.> 130 & 1103",0.0,0.0
201300039177,22,4,2013,16,1,92,25,2,1,1,2,"00, PAUL BERT (RUE)",0.0,0.0
201300039178,24,4,2013,7,1,92,25,2,1,1,3,"00, STALINGRAD (AV DE)",0.0,0.0
201300039179,24,4,2013,14,1,92,25,2,1,1,6,GABRIEL PERI (RUE),0.0,0.0
201300039180,25,4,2013,14,1,92,25,2,1,1,6,"43, CHARLES DE GAULLE (B",0.0,0.0
201300039181,29,4,2013,19,1,92,25,2,1,1,3,CHARLES DE GAULLE (BD),0.0,0.0
201300039182,30,4,2013,17,1,92,25,2,1,1,6,"200, C.DE G.> 130 & 1103",0.0,0.0
201300039183,30,4,2013,20,2,92,25,2,9,2,7,E.D'ORVES > 330 & 281 (R,0.0,0.0
201300039184,5,5,2013,17,1,92,25,2,9,1,3,GABRIEL PERI (RUE),0.0,0.0
201300039185,9,5,2013,12,1,92,25,2,1,1,2,CHARLES DE GAULLE (BD),0.0,0.0
201300039186,25,5,2013,19,1,92,25,2,1,1,6,"05, VERDUN (RUE DE)",0.0,0.0
201300039187,29,5,2013,12,1,92,25,2,1,1,2,"30, HENRI BARBUSSE (AV)",0.0,0.0
201300039188,2,6,2013,17,1,92,25,2,2,1,3,"103, C.DE G.<> 64 A 128",0.0,0.0
201300039189,7,6,2013,7,1,92,25,2,1,1,2,"00, KLEBER (AV)",0.0,0.0
201300039190,9,6,2013,18,1,92,25,2,1,1,6,"00, HENRI NEVEU (PLACE)",0.0,0.0
201300039191,16,6,2013,5,5,92,25,2,2,1,3,"1, GABRIEL PERI (RUE)",0.0,0.0
201300039192,18,6,2013,19,1,92,25,2,1,1,2,"29-31, STALINGRAD (AV DE",0.0,0.0
201300039193,20,6,2013,19,1,92,25,2,2,1,3,CHARLES DE GAULLE (BD),0.0,0.0
201300039194,23,6,2013,14,1,92,25,2,1,1,1,VALMY (BD DE),0.0,0.0
201300039195,23,6,2013,20,1,92,25,2,1,1,2,A86,0.0,0.0
201300039196,16,6,2013,16,1,92,25,2,1,1,6,MARRONNIERS (VILLA DES),0.0,0.0
201300039197,25,6,2013,20,1,92,25,2,1,1,6,"40, HENRI LITTOLFF N? PA",0.0,0.0
201300039198,30,6,2013,1,5,92,25,2,2,1,7,"00, HENRI BARBUSSE (AV)",0.0,0.0
201300039199,5,7,2013,9,1,92,25,2,3,1,3,"102, HENRI BARBUSSE (AV)",0.0,0.0
201300039200,12,7,2013,8,1,92,25,2,1,1,3,"1-3, C.DE G.> 130 & 1103",0.0,0.0
201300039201,12,7,2013,18,1,92,25,2,1,1,2,"00, TILLEULS (RUE DES)",0.0,0.0
201300039202,13,7,2013,18,1,92,25,2,2,1,6,G.PERI<>2 A 192 & 1 A 24,0.0,0.0
201300039203,20,7,2013,20,1,92,25,2,3,1,3,"01, STALINGRAD (AV DE)",0.0,0.0
201300039204,25,7,2013,20,1,92,25,2,1,1,3,"78, HENRI BARBUSSE (AV)",0.0,0.0
201300039205,1,8,2013,12,1,92,25,2,1,1,6,"113, HENRI BARBUSSE (AV)",0.0,0.0
201300039206,7,8,2013,6,2,92,25,2,1,2,6,"200, C.DE G.<> 64 A 128",0.0,0.0
201300039207,7,8,2013,21,1,92,25,2,1,1,3,C.DE G.> 130 & 1103,0.0,0.0
201300039208,27,8,2013,7,2,92,25,2,1,1,6,"200, CHARLES DE GAULLE (",0.0,0.0
201300039209,28,8,2013,11,1,92,25,2,1,1,3,STALINGRAD (AV DE),0.0,0.0
201300039210,31,8,2013,1,5,92,25,2,1,1,1,"76, GABRIEL PERI (RUE)",0.0,0.0
201300039211,2,9,2013,11,1,92,25,2,3,9,6,V.DU BOIS> 169 & 196 (RU,0.0,0.0
201300039212,3,9,2013,12,1,92,25,2,1,1,2,"55, BOURNARD (RUE DU)",0.0,0.0
201300039213,5,9,2013,12,1,92,25,2,1,1,6,"21, PAUL BERT (RUE)",0.0,0.0
201300039214,11,9,2013,19,1,92,25,2,1,1,6,"10, ILE MARANTE(PARC LAG",0.0,0.0
201300039215,14,9,2013,6,5,92,25,2,1,1,6,"1, HENRI BARBUSSE (AV)",0.0,0.0
201300039216,14,9,2013,12,1,92,25,2,1,1,6,JULES MICHELET (RUE),0.0,0.0
201300039217,24,9,2013,18,1,92,25,2,1,1,6,"20, EUROPE (AV DE L')",0.0,0.0
201300039218,26,9,2013,14,1,92,25,2,1,1,2,"102, VALMY (BD DE)",0.0,0.0
201300039219,2,10,2013,22,5,92,25,1,1,1,6,"43, EDGARD QUINET (BD)",0.0,0.0
201300039220,10,10,2013,6,2,92,25,2,1,1,6,"0, VALMY (BD DE)",0.0,0.0
201300039221,10,10,2013,15,1,92,25,2,1,1,2,"05, PAUL BERT (RUE)",0.0,0.0
201300039222,11,10,2013,8,1,92,25,2,1,1,3,"55, BOURNARD (RUE DU)",0.0,0.0
201300039223,14,10,2013,9,1,92,25,2,1,1,6,"190, VALMY (BD DE)",0.0,0.0
201300039224,16,10,2013,14,1,92,25,2,1,2,4,"240, GABRIEL PERI (RUE)",0.0,0.0
201300039225,16,10,2013,20,5,92,25,2,1,2,6,STALINGRAD (AV DE),0.0,0.0
201300039226,21,10,2013,15,1,92,25,2,1,1,3,"177, STALINGRAD (AV DE)",0.0,0.0
201300039227,22,10,2013,16,1,92,25,2,1,1,3,"177, STALINGRAD (AV DE)",0.0,0.0
201300039228,25,10,2013,11,1,92,25,2,1,1,3,ESTIENNE D'ORVES (RUE),0.0,0.0
201300039229,29,10,2013,13,1,92,25,2,1,1,2,"137, STALINGRAD (AV DE)",0.0,0.0
201300039230,29,10,2013,13,1,92,25,2,1,1,6,"90, INDUSTRIE (RUE DE L'",0.0,0.0
201300039231,7,11,2013,19,5,92,25,2,1,1,6,"508, GABRIEL PERI (RUE)",0.0,0.0
201300039232,24,9,2013,1,5,92,25,2,1,1,6,"2, STALINGRAD (AV DE)",0.0,0.0
201300039233,12,11,2013,11,1,92,25,2,1,1,7,"55, GABRIEL PERI (RUE)",0.0,0.0
201300039234,14,11,2013,10,1,92,25,2,1,2,6,"0, BOURNARD (RUE DU)",0.0,0.0
201300039235,14,11,2013,13,1,92,25,2,1,1,6,"438, GABRIEL PERI (RUE)",0.0,0.0
201300039236,14,11,2013,18,5,92,25,2,1,1,3,"82, STALINGRAD (AV DE)",0.0,0.0
201300039237,19,11,2013,8,1,92,25,2,1,1,3,"118, STALINGRAD (AV DE)",0.0,0.0
201300039238,19,11,2013,15,1,92,25,2,1,1,6,HENRI BARBUSSE (AV),0.0,0.0
201300039239,20,11,2013,9,1,92,25,2,1,1,6,"20, EUROPE (AV DE L')",0.0,0.0
201300039240,20,11,2013,17,5,92,25,2,1,2,7,"44, BOURNARD (RUE DU)",0.0,0.0
201300039241,22,11,2013,13,1,92,25,2,2,1,7,MARCEAU (BD),0.0,0.0
201300039242,22,11,2013,16,1,92,25,2,1,1,6,"17, G.PERI<>2 A 192 & 1",0.0,0.0
201300039243,24,11,2013,17,5,92,25,2,1,1,7,"117, HENRI BARBUSSE (AV)",0.0,0.0
201300039244,25,11,2013,20,5,92,25,2,2,1,5,"0, CHARLES DE GAULLE (BD",0.0,0.0
201300039245,27,11,2013,16,1,92,25,2,3,1,3,GAMBETTA (BD),0.0,0.0
201300039246,29,11,2013,11,1,92,25,2,1,1,3,"14, PAUL BERT (RUE)",0.0,0.0
201300039247,1,12,2013,18,5,92,25,2,2,1,3,"0, STALINGRAD (AV DE)",0.0,0.0
201300039248,29,11,2013,18,5,92,25,2,1,1,6,"70, SAINT DENIS (RUE)",0.0,0.0
201300039249,3,12,2013,7,5,92,25,2,7,1,2,CHARLES DE GAULLE (BD),0.0,0.0
201300039250,2,12,2013,7,5,92,25,2,1,1,6,"FACE 141, CHARLES DE GAU",0.0,0.0
201300039251,3,12,2013,17,5,92,25,2,1,1,6,"9, STRASBOURG (RUE DE )",0.0,0.0
201300039252,4,12,2013,22,4,92,25,2,3,1,3,"0, AGENT SARRE (AV DE L'",0.0,0.0
201300039253,5,12,2013,8,5,92,25,2,1,1,3,CHAMPAR<> 1 A 139 & 2 A,0.0,0.0
201300039254,10,12,2013,9,1,92,25,2,2,1,6,"0, CHARLES DE GAULLE (BD",0.0,0.0
201300039255,10,12,2013,17,5,92,25,2,1,1,6,"83, STALINGRAD (AV DE)",0.0,0.0
201300039256,14,12,2013,1,5,92,25,2,1,2,4,"0, CHARLES DE GAULLE (BD",0.0,0.0
201300039257,14,12,2013,18,5,92,25,2,2,1,3,"0, MARCEAU (BD)",0.0,0.0
201300039258,16,12,2013,15,1,92,25,2,1,1,6,"14, MANTES (RUE DE)",0.0,0.0
201300039259,16,12,2013,16,1,92,25,2,1,1,3,"14bis, MONTS CLAIRS (AV",0.0,0.0
201300039260,16,12,2013,17,5,92,25,2,1,1,6,"1, EUROPE (AV DE L')",0.0,0.0