Num_Acc,jour,mois,an,hr,condition_eclairage,departement,commune,condition_agglomeration,intersection,condition_atmosphere,type_collision,adresse,lattitude,longitude
201300039261,17,12,2013,8,1,92,25,2,1,1,3,"114, HENRI BARBUSSE (AV)",0.0,0.0
201300039262,19,12,2013,17,2,92,25,2,3,1,3,"00, ESTIENNE D'ORVES (RU",0.0,0.0
201300039263,20,12,2013,8,1,92,25,2,2,1,3,"0, VALMY (BD DE)",0.0,0.0
201300039264,23,12,2013,18,5,92,25,2,1,1,6,"50, HENRI BARBUSSE (AV)",0.0,0.0
201300039265,30,12,2013,10,1,92,25,2,1,1,3,", MOSLARD > 97 & 102 (RU",0.0,0.0
201300039266,4,1,2013,19,5,92,26,2,1,1,7,"12, ADOLPHE LALYRE",0.0,0.0
201300039267,9,1,2013,19,5,92,26,2,1,2,7,"69, ARCHE (AVENUE)",0.0,0.0
201300039268,22,1,2013,0,5,92,26,2,1,1,7,"46-48, ALMA",0.0,0.0
201300039269,28,1,2013,11,1,92,26,2,3,1,7,BEZONS (DE 23 A FIN),0.0,0.0
201300039270,30,1,2013,17,1,92,26,2,1,1,7,"8, ABREUVOIR",0.0,0.0
201300039271,30,1,2013,15,1,92,26,2,1,1,7,CHEMIN VERT,0.0,0.0
201300039272,30,1,2013,19,5,92,26,1,1,1,5,"46, MARECHAL JOFFRE (QUA",0.0,0.0
201300039273,6,2,2013,20,5,92,26,2,1,1,3,"42, ALMA",0.0,0.0
201300039274,8,2,2013,9,1,92,26,2,1,1,7,"29, PAIX",0.0,0.0
201300039275,17,2,2013,12,1,92,26,2,1,1,7,"15, MARECHAL JOFFRE (QUA",0.0,0.0
201300039276,15,2,2013,21,5,92,26,2,3,1,7,ARMAND SILVESTRE ( DE 01,0.0,0.0
201300039277,19,2,2013,21,5,92,26,2,3,1,3,GEORGES CLEMENCEAU,0.0,0.0
201300039278,25,2,2013,12,1,92,26,2,1,1,6,"21, SAINT DENIS BD (120",0.0,0.0
201300039279,5,3,2013,19,2,92,26,2,1,1,3,"37 BIS, PAIX",0.0,0.0
201300039280,6,3,2013,20,5,92,26,2,1,1,3,"59, MARECHAL JOFFRE (QUA",0.0,0.0
201300039281,6,3,2013,20,5,92,26,2,3,2,2,"274, SAINT DENIS BD (120",0.0,0.0
201300039282,7,3,2013,12,1,92,26,2,2,1,3,"61, VERDUN (DE 01 A 61)",0.0,0.0
201300039283,8,3,2013,20,5,92,26,2,2,2,3,PRESIDENT KRUGER,0.0,0.0
201300039284,22,2,2013,18,2,92,26,2,1,8,3,"86, EUROPE ( AVENUE DE L",0.0,0.0
201300039285,20,3,2013,10,1,92,26,2,2,1,3,VERDUN (DE 01 A 61),0.0,0.0
201300039286,23,3,2013,15,1,92,26,2,2,1,2,AUGUSTE BAILLY,0.0,0.0
201300039287,9,4,2013,11,1,92,26,2,1,2,2,"212, SAINT DENIS BD (120",0.0,0.0
201300039288,9,4,2013,14,1,92,26,2,3,3,3,AJOUX,0.0,0.0
201300039289,15,4,2013,0,5,92,26,2,1,1,7,"44, VERDUN (DE 01 A 61)",0.0,0.0
201300039290,13,4,2013,15,1,92,26,2,2,1,3,"38, MISSION MARCHAND (CO",0.0,0.0
201300039291,12,4,2013,10,1,92,26,2,1,2,2,"44, VICTOR HUGO (DE 01 A",0.0,0.0
201300039292,16,4,2013,18,1,92,26,2,1,1,6,J.-BAPTISTE CHARCOT (DE,0.0,0.0
201300039293,25,4,2013,11,1,92,26,2,1,1,3,"66, VERDUN (DE 62 A FIN)",0.0,0.0
201300039294,23,4,2013,16,1,92,26,2,6,1,7,JEAN MERMOZ (SQUARE ET P,0.0,0.0
201300039295,26,4,2013,18,1,92,26,2,1,8,7,"41, PR?SIDENT PAUL DOUME",0.0,0.0
201300039296,13,5,2013,22,5,92,26,2,3,1,2,MARECHAL JOFFRE (QUAI DU,0.0,0.0
201300039297,14,5,2013,18,1,92,26,2,1,1,5,"36, GAULTIER",0.0,0.0
201300039298,14,5,2013,12,1,92,26,2,3,1,6,"58, COLOMBES",0.0,0.0
201300039299,16,5,2013,18,1,92,26,2,1,1,5,"26, COLOMBES",0.0,0.0
201300039300,17,5,2013,8,1,92,26,2,1,1,6,"45, GEORGES CLEMENCEAU",0.0,0.0
201300039301,18,5,2013,17,1,92,26,2,1,1,6,"55, GEORGES CLEMENCEAU",0.0,0.0
201300039302,21,5,2013,8,1,92,26,2,1,2,3,"N6, ARISTIDE BRIAND",0.0,0.0
201300039303,23,5,2013,17,1,92,26,2,1,3,7,VERDUN (DE 62 A FIN),0.0,0.0
201300039304,23,5,2013,7,1,92,26,2,1,1,6,"4, PAIX",0.0,0.0
201300039305,5,6,2013,1,5,92,26,2,1,1,6,LE TINTORET (ALLEE),0.0,0.0
201300039306,7,6,2013,7,1,92,26,2,1,1,2,"81, VERDUN (DE 62 A FIN)",0.0,0.0
201300039307,7,6,2013,19,1,92,26,2,2,1,7,JEAN-PIERRE TIMBAUD,0.0,0.0
201300039308,12,6,2013,8,1,92,26,2,6,1,3,JEAN MERMOZ (SQUARE ET P,0.0,0.0
201300039309,13,6,2013,18,1,92,26,2,1,1,6,"190, SAINT DENIS BD (120",0.0,0.0
201300039310,14,6,2013,18,1,92,26,2,1,1,2,PR?SIDENT PAUL DOUMER (Q,0.0,0.0
201300039311,15,6,2013,11,1,92,26,2,1,1,2,"65, MARCEAU",0.0,0.0
201300039312,19,6,2013,13,1,92,26,2,6,1,3,JEAN MERMOZ (SQUARE ET P,0.0,0.0
201300039313,28,5,2013,8,1,92,26,2,1,1,2,"34, COLOMBES",0.0,0.0
201300039314,1,7,2013,23,3,92,26,2,3,1,3,VERDUN (DE 62 A FIN),0.0,0.0
201300039315,1,7,2013,10,1,92,26,2,2,1,5,"89-91, MISSION MARCHAND",0.0,0.0
201300039316,9,7,2013,17,1,92,26,2,3,1,3,"--------, GAULTIER",0.0,0.0
201300039317,13,7,2013,16,1,92,26,2,3,1,3,"---------, MARCEAU",0.0,0.0
201300039318,12,7,2013,9,1,92,26,2,1,1,4,"10, PAIX",0.0,0.0
201300039319,23,6,2013,0,5,92,26,2,3,1,3,MISSION MARCHAND (COTE I,0.0,0.0
201300039320,15,7,2013,12,1,92,26,2,3,1,5,"14, PR?SIDENT PAUL DOUME",0.0,0.0
201300039321,5,7,2013,17,1,92,26,2,1,1,3,"88, MARECHAL JOFFRE (QUA",0.0,0.0
201300039322,17,7,2013,21,5,92,26,2,2,1,7,GAULTIER,0.0,0.0
201300039323,19,7,2013,10,1,92,26,2,1,1,6,"38, BAUDIN",0.0,0.0
201300039324,30,7,2013,14,1,92,26,2,1,1,7,"1, H?TEL DE VILLE (RUE)",0.0,0.0
201300039325,5,8,2013,18,1,92,26,2,3,1,6,"19, JULES FERRY ( RUE )",0.0,0.0
201300039326,2,8,2013,9,1,92,26,2,1,1,2,"97, MISSION MARCHAND (CO",0.0,0.0
201300039327,22,8,2013,10,1,92,26,2,3,1,2,COLOMBES,0.0,0.0
201300039328,27,8,2013,9,1,92,26,2,2,1,3,"-----, MISSION MARCHAND",0.0,0.0
201300039329,30,8,2013,4,5,92,26,2,1,1,2,"46, VERDUN (DE 01 A 61)",0.0,0.0
201300039330,29,8,2013,15,1,92,26,2,1,1,6,"47, ALMA",0.0,0.0
201300039331,3,9,2013,17,1,92,26,2,9,1,6,"10, SAINT DENIS BD (120",0.0,0.0
201300039332,3,9,2013,21,5,92,26,2,3,1,3,VERDUN (DE 62 A FIN),0.0,0.0
201300039333,4,9,2013,17,1,92,26,2,1,1,3,"14, VERDUN (DE 01 A 61)",0.0,0.0
201300039334,6,9,2013,9,1,92,26,2,1,2,6,"12, VERDUN (DE 01 A 61)",0.0,0.0
201300039335,7,9,2013,12,1,92,26,2,9,1,6,"61, ALMA",0.0,0.0
201300039336,7,9,2013,18,1,92,26,2,2,1,3,PAIX,0.0,0.0
201300039337,5,9,2013,17,1,92,26,2,2,1,2,PAIX,0.0,0.0
201300039338,10,9,2013,15,1,92,26,2,3,2,2,"199, SAINT DENIS BD (120",0.0,0.0
201300039339,18,9,2013,9,1,92,26,2,2,1,6,JEAN-PIERRE TIMBAUD,0.0,0.0
201300039340,17,9,2013,19,1,92,26,2,1,2,7,"147, ARMAND SILVESTRE (D",0.0,0.0
201300039341,18,9,2013,13,1,92,26,2,1,1,6,"165, SAINT DENIS BD (120",0.0,0.0
201300039342,20,9,2013,13,1,92,26,2,1,8,3,"77, CAPITAINE GUYNEMER",0.0,0.0
201300039343,23,9,2013,9,1,92,26,2,1,1,3,"8, BEZONS  (DE 01 A 22)",0.0,0.0
201300039344,28,9,2013,3,5,92,26,2,2,8,2,"34 BIS, MARCEAU",0.0,0.0
201300039345,28,9,2013,9,1,92,26,2,3,2,3,VERDUN (DE 62 A FIN),0.0,0.0
201300039346,28,9,2013,19,5,92,26,2,2,2,3,PAIX,0.0,0.0
201300039347,1,10,2013,10,1,92,26,2,2,8,6,"107, VERDUN (DE 62 A FIN",0.0,0.0
201300039348,2,10,2013,15,1,92,26,2,3,1,2,"66, JOFFRE ( DE 52 A FIN",0.0,0.0
201300039349,3,10,2013,17,1,92,26,2,1,1,6,"8, ABREUVOIR",0.0,0.0
201300039350,15,10,2013,13,1,92,26,2,1,8,6,"45, VERDUN (DE 01 A 61)",0.0,0.0
201300039351,17,10,2013,8,1,92,26,2,1,1,6,"71 BIS, NORMANDIE",0.0,0.0
201300039352,18,10,2013,15,1,92,26,2,1,8,6,"2, SEBASTOPOL",0.0,0.0
201300039353,21,10,2013,9,1,92,26,2,3,1,3,SAINT DENIS BD (120 A 17,0.0,0.0
201300039354,28,10,2013,12,1,92,26,2,3,6,4,MARECHAL JOFFRE (QUAI DU,0.0,0.0
201300039355,30,10,2013,20,5,92,26,2,4,1,6,PR?SIDENT PAUL DOUMER (Q,0.0,0.0
201300039356,31,10,2013,10,1,92,26,2,1,1,7,"8, BEZONS  (DE 01 A 22)",0.0,0.0
201300039357,12,11,2013,17,1,92,26,2,1,8,6,"29, ARISTIDE BRIAND",0.0,0.0
201300039358,13,11,2013,15,1,92,26,2,1,1,2,"70, VERDUN (DE 62 A FIN)",0.0,0.0
201300039359,14,11,2013,9,1,92,26,2,2,1,3,BEZONS (DE 23 A FIN),0.0,0.0
201300039360,19,11,2013,20,5,92,26,2,3,1,3,VERDUN (DE 62 A FIN),0.0,0.0
201300039361,27,11,2013,14,1,92,26,2,1,1,7,"7, MOULIN DES BRUYERES",0.0,0.0
201300039362,27,11,2013,16,1,92,26,2,1,1,6,"252, SAINT DENIS BD (120",0.0,0.0
201300039363,4,12,2013,9,1,92,26,2,1,1,6,"08 BIS, PAIX",0.0,0.0
201300039364,4,12,2013,17,2,92,26,2,1,1,2,"6, VERDUN (DE 01 A 61)",0.0,0.0
201300039365,6,12,2013,6,5,92,26,2,2,1,3,VERDUN (DE 62 A FIN),0.0,0.0
201300039366,8,12,2013,14,1,92,26,2,2,1,3,"----------, VERDUN (DE 6",0.0,0.0
201300039367,9,12,2013,18,5,92,26,2,1,1,4,"41, PR?SIDENT PAUL DOUME",0.0,0.0
201300039368,13,12,2013,2,5,92,26,2,3,1,5,PR?SIDENT PAUL DOUMER (Q,0.0,0.0
201300039369,18,12,2013,10,1,92,26,2,4,1,3,COLOMBES,0.0,0.0
201300039370,19,12,2013,18,2,92,26,2,1,2,7,"25, PR?SIDENT PAUL DOUME",0.0,0.0
201300039371,27,12,2013,16,1,92,26,2,1,1,3,"38, ETUDIANTS",0.0,0.0
201300039372,24,12,2013,9,1,92,26,2,1,6,7,NEPTUNE,0.0,0.0
201300039373,8,1,2013,18,5,92,35,2,1,1,3,"49-51, R?publique ( boul",0.0,0.0
201300039374,17,1,2013,9,1,92,35,2,1,1,2,"3, R?publique ( boulevar",0.0,0.0
201300039375,25,1,2013,15,1,92,35,2,6,1,6,"9, Souvenir Fran?ais ( r",0.0,0.0
201300039376,26,1,2013,15,1,92,35,2,3,1,6,"25, Arriv?e ( rue de l'",0.0,0.0
201300039377,28,1,2013,9,1,92,35,2,5,1,7,"face 33, G?n?ral de Gaul",0.0,0.0
201300039378,4,2,2013,7,2,92,35,2,1,1,3,"9, National ( boulevard",0.0,0.0
201300039379,18,1,2013,11,1,92,35,2,5,1,2,"87, National ( boulevard",0.0,0.0
201300039380,28,2,2013,19,5,92,35,2,3,1,1,"22 bis, L?on Maurice Nor",0.0,0.0
201300039381,13,3,2013,14,1,92,35,2,1,1,6,"7-9, National ( boulevar",0.0,0.0
201300039382,22,3,2013,12,1,92,35,2,6,1,6,"35, R?publique ( bouleva",0.0,0.0
201300039383,22,3,2013,21,5,92,35,2,1,1,7,"19, Verdun 1916 ( avenue",0.0,0.0
201300039384,26,3,2013,12,1,92,35,2,6,1,7,"120, G?n?ral de Gaulle",0.0,0.0
201300039385,29,3,2013,9,1,92,35,2,5,1,4,G?n?ral de Gaulle  ( ave,0.0,0.0
201300039386,14,4,2013,19,1,92,35,2,3,1,2,"103, G?n?ral de Gaulle",0.0,0.0
201300039387,30,4,2013,16,1,92,35,2,1,1,5,"41 bis, R?publique ( bou",0.0,0.0
201300039388,11,5,2013,13,1,92,35,2,2,1,3,"13, Verdun 1916 ( avenue",0.0,0.0
201300039389,12,6,2013,23,5,92,35,2,2,1,3,"42, R?publique ( bouleva",0.0,0.0
201300039390,3,6,2013,8,1,92,35,2,1,1,6,"181, Pierre Joigneaux (",0.0,0.0
201300039391,11,6,2013,17,1,92,35,2,4,1,1,"70, R?publique ( bouleva",0.0,0.0
201300039392,24,7,2013,14,1,92,35,2,5,1,3,"39, G?n?ral de Gaulle  (",0.0,0.0
201300039393,28,8,2013,10,1,92,35,2,1,1,6,"90, Europe ( avenue de l",0.0,0.0
201300039394,30,8,2013,8,1,92,35,2,1,1,2,"86, G?n?ral de Gaulle  (",0.0,0.0
201300039395,28,10,2013,16,1,92,35,2,6,1,6,"52 bis, R?publique ( bou",0.0,0.0
201300039396,8,11,2013,7,2,92,35,2,2,2,6,"13, Verdun 1916 ( avenue",0.0,0.0
201300039397,12,11,2013,9,1,92,35,2,5,2,3,"78, R?publique ( bouleva",0.0,0.0
201300039398,14,11,2013,19,5,92,35,2,3,1,6,"8, Martin Bernard ( rue",0.0,0.0
201300039399,25,11,2013,8,1,92,35,2,1,1,2,"91, National ( boulevard",0.0,0.0
201300039400,14,12,2013,1,5,92,35,2,4,2,7,"91, National ( boulevard",0.0,0.0
201300039401,14,12,2013,21,3,92,35,2,1,1,6,"41, R?publique ( bouleva",0.0,0.0
201300039402,24,12,2013,7,5,92,35,2,1,2,6,"91, National ( boulevard",0.0,0.0
201300039403,26,12,2013,12,1,92,35,2,2,1,3,"93, Raymond Ridel ( rue",0.0,0.0
201300039404,2,1,2013,23,5,92,36,2,2,2,6,"0, LOUIS ROCHE (AVENUE)",0.0,0.0
201300039405,8,1,2013,15,1,92,36,2,1,1,7,"34, PIERRE TIMBAUD (RUE)",0.0,0.0
201300039406,9,1,2013,12,1,92,36,2,1,1,4,"0, DEQUEVAUVILLIERS (BOU",0.0,0.0
201300039407,10,1,2013,7,1,92,36,2,2,2,6,"0, CAMELINAT (BOULEVARD)",0.0,0.0
201300039408,14,1,2013,19,5,92,36,2,2,1,3,"0, MARCEL PAUL (AVENUE)",0.0,0.0
201300039409,15,1,2013,13,1,92,36,1,1,4,7,"0, bretelle de sortie A8",0.0,0.0
201300039410,15,1,2013,14,1,92,36,2,6,1,6,"0, PIERRE TIMBAUD (ROND",0.0,0.0
201300039411,16,1,2013,7,2,92,36,2,1,1,6,"0, LAURENT CELY (AVENUE)",0.0,0.0
201300039412,18,1,2013,12,1,92,36,2,2,1,3,"0, CABOEUFS (RUE DES) (1",0.0,0.0
201300039413,21,1,2013,18,5,92,36,1,1,4,4,"21/23, LOUIS CALMEL (RUE",0.0,0.0
201300039414,4,2,2013,19,5,92,36,1,2,1,2,"0, BOULEVARD INTERCOMMUN",0.0,0.0
201300039415,5,2,2013,16,1,92,36,2,1,1,6,"41, GRESILLONS (AVENUE D",0.0,0.0
201300039416,8,2,2013,13,1,92,36,2,1,1,6,"0, LOUIS ROCHE (AVENUE)",0.0,0.0
201300039417,18,2,2013,16,1,92,36,2,3,1,6,"0, DEQUEVAUVILLIERS (BOU",0.0,0.0
201300039418,19,2,2013,17,1,92,36,2,6,1,6,"0, PIERRE DE COUBERTIN (",0.0,0.0
201300039419,21,2,2013,9,1,92,36,2,3,1,1,"0, GRESILLONS (AVENUE DE",0.0,0.0
201300039420,26,2,2013,8,1,92,36,2,1,1,7,"19, DESLANDES (2)",0.0,0.0
201300039421,26,2,2013,21,5,92,36,2,1,1,2,"0, BOULEVARD INTERCOMMUN",0.0,0.0
201300039422,1,3,2013,8,1,92,36,2,1,1,2,"1, JEAN JAURES (RUE) (2)",0.0,0.0
201300039423,5,3,2013,19,1,92,36,2,1,1,6,"0, GRESILLONS (AVENUE DE",0.0,0.0
201300039424,8,3,2013,10,1,92,36,2,3,1,6,"0, FELICIE (RUE)",0.0,0.0
201300039425,13,3,2013,9,1,92,36,2,1,1,2,"5, LUCIEN LANTERNIER (AV",0.0,0.0
201300039426,27,3,2013,9,1,92,36,2,1,1,7,"18, REPUBLIQUE (AVENUE D",0.0,0.0
201300039427,27,3,2013,17,1,92,36,2,2,1,3,"0, GRESILLONS (AVENUE DE",0.0,0.0
201300039428,29,3,2013,1,5,92,36,2,3,1,7,"0, MARCEL PAUL (AVENUE)",0.0,0.0
201300039429,8,4,2013,16,1,92,36,2,1,1,3,"133, LOUIS ROCHE (AVENUE",0.0,0.0
201300039430,13,4,2013,8,1,92,36,1,1,1,6,"0, MARCEL PAUL (AVENUE)",0.0,0.0
201300039431,13,4,2013,21,1,92,36,2,3,1,7,"0, LOUIS ROCHE (AVENUE)",0.0,0.0
201300039432,19,4,2013,17,1,92,36,2,1,2,7,"171, GRESILLONS (AVENUE",0.0,0.0
201300039433,22,4,2013,19,1,92,36,2,1,1,6,"54, PAUL VAILLANT COUTUR",0.0,0.0
201300039434,23,4,2013,13,1,92,36,2,1,1,3,"0, GRESILLONS (AVENUE DE",0.0,0.0
201300039435,2,5,2013,14,1,92,36,2,1,1,2,"0, ADRIENNE (RUE)",0.0,0.0
201300039436,5,5,2013,7,1,92,36,2,1,1,6,"38, LOUIS CASTEL (RUE) (",0.0,0.0
201300039437,13,5,2013,17,1,92,36,2,1,1,6,"75, CHANDON (AVENUE) (65",0.0,0.0
201300039438,16,5,2013,14,1,92,36,2,3,1,1,"0, LUCIEN LANTERNIER (AV",0.0,0.0
201300039439,27,5,2013,14,1,92,36,2,1,1,6,"28, PIERRE TIMBAUD (RUE)",0.0,0.0
201300039440,30,5,2013,13,1,92,36,2,1,1,3,"16, CAMELINAT (BOULEVARD",0.0,0.0
201300039441,3,6,2013,17,1,92,36,2,1,1,2,"0, BOULEVARD INTERCOMMUN",0.0,0.0
201300039442,4,6,2013,13,1,92,36,2,1,1,6,"12, GABRIEL PERI (AVENUE",0.0,0.0
201300039443,8,6,2013,18,1,92,36,2,1,1,7,"0, MARCEL PAUL (AVENUE)",0.0,0.0
201300039444,9,6,2013,8,1,92,36,2,3,1,3,BAS (RUE DES) (78 & +),0.0,0.0
201300039445,12,6,2013,15,1,92,36,2,1,1,4,"15, GRESILLONS (QUAI DES",0.0,0.0
201300039446,13,6,2013,15,1,92,36,2,2,2,3,"0, GRESILLONS (AVENUE DE",0.0,0.0
201300039447,14,6,2013,12,1,92,36,2,3,1,1,"0, THOMAS EDISON (RUE)",0.0,0.0
201300039448,18,6,2013,19,1,92,36,2,1,1,2,"0, MARCEL PAUL (AVENUE)",0.0,0.0
201300039449,22,6,2013,16,1,92,36,2,1,1,6,"24, GABRIEL PERI (AVENUE",0.0,0.0
201300039450,24,6,2013,5,2,92,36,2,1,2,6,"171/189, GRESILLONS (AVE",0.0,0.0
201300039451,5,7,2013,10,1,92,36,2,1,1,6,"54, LOUIS ROCHE (AVENUE)",0.0,0.0
201300039452,9,7,2013,16,1,92,36,2,1,1,6,"177, GABRIEL PERI (AVENU",0.0,0.0
201300039453,10,7,2013,16,1,92,36,1,2,1,3,"0, BOULEVARD INTERCOMMUN",0.0,0.0
201300039454,10,7,2013,18,1,92,36,1,2,1,3,"0, BOULEVARD INTERCOMMUN",0.0,0.0
201300039455,15,7,2013,18,1,92,36,2,1,1,3,"27-41, LOUISE MICHEL (IM",0.0,0.0
201300039456,16,7,2013,16,1,92,36,2,1,1,6,"0, GENERAL DE GAULLE (AV",0.0,0.0
201300039457,17,7,2013,18,1,92,36,2,1,1,3,"159, GABRIEL PERI (AVENU",0.0,0.0
201300039458,26,7,2013,22,4,92,36,1,2,1,1,"0, HENRI BARBUSSE (RUE)",0.0,0.0
201300039459,27,7,2013,11,1,92,36,1,2,1,3,"0, BOULEVARD INTERCOMMUN",0.0,0.0
201300039460,29,7,2013,19,1,92,36,2,1,1,6,"163, LOUIS ROCHE (AVENUE",0.0,0.0
201300039461,4,8,2013,12,1,92,36,2,1,1,6,"334, ARGENTEUIL (AVENUE",0.0,0.0
201300039462,13,8,2013,6,1,92,36,2,1,1,6,"137, GABRIEL PERI (AVENU",0.0,0.0
201300039463,6,8,2013,14,1,92,36,2,1,1,6,"88, LOUIS CALMEL (RUE) (",0.0,0.0
201300039464,14,8,2013,15,1,92,36,2,4,1,2,"0, LOUIS ROCHE (AVENUE)",0.0,0.0
201300039465,19,8,2013,10,1,92,36,2,2,1,3,"0, LOUIS ROCHE (AVENUE)",0.0,0.0
201300039466,23,8,2013,20,1,92,36,2,1,1,6,"0, GENEAL DE GAULLE (AVE",0.0,0.0
201300039467,3,9,2013,19,1,92,36,2,1,7,3,"10, LOUVRESSES (AVENUE)",0.0,0.0
201300039468,6,9,2013,18,1,92,36,2,1,1,6,"69, GABRIEL PERI (AVENUE",0.0,0.0
201300039469,7,9,2013,12,1,92,36,2,1,1,6,"0, AGNETTES (RUE DES) (2",0.0,0.0
201300039470,8,9,2013,18,1,92,36,2,1,1,7,"0, GABRIEL PERI (AVENUE)",0.0,0.0
201300039471,11,9,2013,6,3,92,36,2,1,2,6,"33-35, VICTOR HUGO (RUE)",0.0,0.0
201300039472,15,9,2013,4,5,92,36,2,1,1,7,"24, HENRI BARBUSSE (RUE)",0.0,0.0
201300039473,20,9,2013,8,1,92,36,2,2,1,6,"44, LOUIS ROCHE (AVENUE)",0.0,0.0
201300039474,20,9,2013,22,5,92,36,2,1,1,6,"30, GENERAL DE GAULLE (A",0.0,0.0
201300039475,22,9,2013,12,1,92,36,2,1,1,2,"0, ARGENTEUIL (AVENUE D'",0.0,0.0
201300039476,25,9,2013,9,1,92,36,2,1,1,3,"0, MOULIN DE CAGE (QUAI",0.0,0.0
201300039477,27,9,2013,8,1,92,36,2,1,1,7,"0, MOLE N?1 (ROUTE OUEST",0.0,0.0
201300039478,28,9,2013,8,1,92,36,2,1,2,6,"99, LAURENT CELY (AVENUE",0.0,0.0
201300039479,28,9,2013,12,1,92,36,2,1,1,6,"55, COUTURE D'AUXERRE (R",0.0,0.0
201300039480,1,10,2013,15,1,92,36,2,1,1,3,"66, HENRI BARBUSSE (RUE)",0.0,0.0
201300039481,4,10,2013,18,1,92,36,2,1,1,6,"10, HENRI BARBUSSE (RUE)",0.0,0.0
201300039482,5,10,2013,15,1,92,36,2,1,1,3,"123, HENRI BARBUSSE (RUE",0.0,0.0
201300039483,14,10,2013,22,5,92,36,2,1,1,1,"12, GENERAL DE GAULLE (A",0.0,0.0
201300039484,15,10,2013,12,1,92,36,2,1,1,6,"60, MARCEL PAUL (AVENUE)",0.0,0.0
201300039485,17,10,2013,16,1,92,36,2,1,1,6,"0, GRESILLONS (AVENUE DE",0.0,0.0
201300039486,21,10,2013,20,1,92,36,2,2,2,7,"0, LOUIS ROCHE (AVENUE)",0.0,0.0
201300039487,25,10,2013,17,1,92,36,2,1,2,6,"0, MERCIERES (ROUTE DES)",0.0,0.0
201300039488,25,10,2013,23,5,92,36,2,2,1,3,"0, LOUIS ROCHE (AVENUE)",0.0,0.0
201300039489,4,11,2013,13,1,92,36,2,1,1,6,"0, PIERRE TIMBAUD (RUE)",0.0,0.0
201300039490,5,11,2013,12,1,92,36,2,1,1,6,"0, LAURENT CELY (AVENUE)",0.0,0.0
201300039491,6,11,2013,10,1,92,36,2,1,1,6,"14, FOSSE BLANC (RUE DU)",0.0,0.0
201300039492,8,11,2013,9,1,92,36,2,1,1,2,"31, LOUIS ROCHE (AVENUE)",0.0,0.0
201300039493,9,11,2013,10,1,92,36,2,3,1,6,"0, RETROU (RUE)",0.0,0.0
201300039494,12,11,2013,7,2,92,36,2,1,1,6,"0, BASSIN N?6 (ROUTE DU)",0.0,0.0
201300039495,12,11,2013,15,1,92,36,2,1,2,6,"56, PIERRE TIMBAUD (RUE)",0.0,0.0
201300039496,12,11,2013,18,4,92,36,2,1,2,6,"0, GENEAL DE GAULLE (AVE",0.0,0.0
201300039497,14,11,2013,7,1,92,36,2,1,1,6,"0, MARCEL PAUL (AVENUE)",0.0,0.0
201300039498,20,11,2013,18,5,92,36,2,2,2,6,"0, LUCIEN LANTERNIER (AV",0.0,0.0
201300039499,27,11,2013,8,1,92,36,2,3,1,6,"0, MARCEL PAUL (AVENUE)",0.0,0.0
201300039500,27,11,2013,16,1,92,36,2,1,1,6,"12, GENERAL DE GAULLE (A",0.0,0.0
201300039501,28,11,2013,16,1,92,36,2,1,1,6,"10-12, LOUISE MICHEL (IM",0.0,0.0
201300039502,29,11,2013,17,5,92,36,2,1,1,6,"2, CAMELINAT (BOULEVARD)",0.0,0.0
201300039503,1,12,2013,5,5,92,36,2,2,1,3,"0, BOULEVARD INTERCOMMUN",0.0,0.0
201300039504,4,12,2013,18,5,92,36,2,1,1,6,"19, DESLANES (RUE) (1)",0.0,0.0
201300039505,5,12,2013,5,5,92,36,2,1,1,6,"22, PETITS MARAIS (CHEMI",0.0,0.0
201300039506,9,12,2013,18,5,92,36,2,2,1,3,"0, MARCEL PAUL (AVENUE)",0.0,0.0
201300039507,13,12,2013,18,5,92,36,2,1,1,6,"112, GENERAL DE GAULLE (",0.0,0.0
201300039508,14,12,2013,13,1,92,36,2,3,1,6,"0, LOUIS ROCHE (AVENUE)",0.0,0.0
201300039509,14,12,2013,19,5,92,36,2,1,1,2,"9, FELICIE (RUE)",0.0,0.0
201300039510,19,12,2013,11,1,92,36,2,2,2,5,"0, CHANDON (AVENUE) (1/6",0.0,0.0
201300039511,23,12,2013,18,5,92,36,2,1,1,6,"10, COUTURE D'AUXERRE (R",0.0,0.0
201300039512,2,1,2013,19,5,92,40,2,1,1,3,"14 bis, RODIN (BOULEVARD",0.0,0.0
201300039513,7,1,2013,17,1,92,40,2,1,1,7,"37, PDT ROOSEVELT (QUAI",0.0,0.0
201300039514,22,3,2013,16,1,92,40,2,2,1,6,"12, REPUBLIQUE (AVENUE D",0.0,0.0
201300039515,10,1,2013,10,1,92,40,2,1,2,3,"10, ERNEST RENAN",0.0,0.0
201300039516,14,1,2013,11,1,92,40,2,1,1,7,"319, STALINGRAD (QUAI DE",0.0,0.0
201300039517,23,1,2013,14,1,92,40,2,1,2,3,"xxx, 8 MAI 1945 (PLACE D",0.0,0.0
201300039518,15,1,2013,7,2,92,40,2,4,8,6,"66, PAIX (AVENUE DE LA)",0.0,0.0
201300039519,31,1,2013,8,1,92,40,2,3,8,3,"xxx, ERNEST RENAN",0.0,0.0
201300039520,31,1,2013,9,1,92,40,2,1,1,6,"15, VOLTAIRE (BOULEVARD)",0.0,0.0
201300039521,2,2,2013,8,1,92,40,2,1,2,3,"245, STALINGRAD (QUAI DE",0.0,0.0
201300039522,4,2,2013,8,1,92,40,2,1,1,6,"xxx, LEON BLUM (PLACE)",0.0,0.0
201300039523,12,2,2013,8,1,92,40,2,3,8,2,"xx, EGALITE ( DE L')",0.0,0.0
201300039524,19,2,2013,13,1,92,40,2,1,1,3,"75, GALLIENI (BOULEVARD)",0.0,0.0
201300039525,20,2,2013,8,1,92,40,2,1,1,3,"1, ETIENNE DOLET",0.0,0.0
201300039526,3,3,2013,18,2,92,40,2,3,1,3,"XXX, VICTOR CRESSON (AVE",0.0,0.0
201300039527,6,3,2013,19,5,92,40,2,2,2,3,"22, ERNEST RENAN",0.0,0.0
201300039528,10,4,2013,9,1,92,40,2,1,2,6,"107, RODIN (BOULEVARD)",0.0,0.0
201300039529,10,4,2013,9,1,92,40,2,1,2,6,"82, RODIN (BOULEVARD)",0.0,0.0
201300039530,16,4,2013,8,1,92,40,2,1,1,2,"289, STALINGRAD (QUAI DE",0.0,0.0