Num_Acc,jour,mois,an,hr,condition_eclairage,departement,commune,condition_agglomeration,intersection,condition_atmosphere,type_collision,adresse,lattitude,longitude
201300039531,16,4,2013,15,1,92,40,2,3,1,6,"XXX, GAMBETTA (BOULEVARD",0.0,0.0
201300039532,18,4,2013,12,1,92,40,2,1,1,3,"2, GAMBETTA (BOULEVARD)",0.0,0.0
201300039533,18,4,2013,20,2,92,40,2,1,1,2,"41, GENERAL DE GAULLE (A",0.0,0.0
201300039534,30,4,2013,10,1,92,40,2,1,1,6,"22, GALLIENI (BOULEVARD)",0.0,0.0
201300039535,24,4,2013,19,1,92,40,2,1,1,3,"99, PDT ROOSEVELT (QUAI",0.0,0.0
201300039536,24,5,2013,8,1,92,40,2,1,1,6,"103/105, GENERAL DE GAUL",0.0,0.0
201300039537,3,6,2013,16,1,92,40,2,2,1,2,"xx, DIDEROT",0.0,0.0
201300039538,8,6,2013,22,5,92,40,2,2,3,3,"xx, MARCEL SEMBAT",0.0,0.0
201300039539,12,6,2013,10,1,92,40,2,1,1,6,"xx, VICTOR CRESSON (AVEN",0.0,0.0
201300039540,16,6,2013,18,1,92,40,1,1,1,2,"11, GENERAL LECLERC (DU)",0.0,0.0
201300039541,14,6,2013,19,1,92,40,2,1,1,3,"3, ROUGET DE L'ISLE",0.0,0.0
201300039542,19,6,2013,16,1,92,40,2,1,1,3,"33, JEAN-PIERRE TIMBAUD",0.0,0.0
201300039543,25,6,2013,9,1,92,40,2,1,9,6,"3, SAINTE LUCIE (ALLEE)",0.0,0.0
201300039544,2,7,2013,19,2,92,40,2,1,8,2,"18 TER, RODIN (BOULEVARD",0.0,0.0
201300039545,8,7,2013,8,1,92,40,2,1,1,6,"63, VICTOR CRESSON (AVEN",0.0,0.0
201300039546,15,7,2013,20,1,92,40,2,1,1,3,"58, EGALITE ( DE L')",0.0,0.0
201300039547,23,7,2013,17,1,92,40,2,1,1,3,"50, GALLIENI (BOULEVARD)",0.0,0.0
201300039548,26,7,2013,7,2,92,40,2,1,3,6,"32, GALLIENI (BOULEVARD)",0.0,0.0
201300039549,31,7,2013,18,1,92,40,2,1,1,4,"33, ARISTIDE BRIAND",0.0,0.0
201300039550,1,8,2013,12,1,92,40,2,1,1,2,"161, JEAN JACQUES ROUSSE",0.0,0.0
201300039551,2,9,2013,8,1,92,40,2,3,1,3,"XX, GENERAL LECLERC",0.0,0.0
201300039552,4,9,2013,10,1,92,40,2,1,1,3,"10, JEAN JAURES (AVENUE)",0.0,0.0
201300039553,5,9,2013,12,1,92,40,2,2,1,3,"XX, CAMILLE DESMOULINS",0.0,0.0
201300039554,4,9,2013,15,1,92,40,2,3,1,7,"XX, TELLES DE LA POTERIE",0.0,0.0
201300039555,5,9,2013,15,1,92,40,2,1,1,6,"28, VICTOR CRESSON (AVEN",0.0,0.0
201300039556,9,9,2013,20,5,92,40,2,2,8,3,"xx, GENERAL LECLERC",0.0,0.0
201300039557,13,9,2013,7,1,92,40,2,1,2,6,"75, GALLIENI (BOULEVARD)",0.0,0.0
201300039558,13,9,2013,9,1,92,40,2,1,2,6,"21, GAMBETTA (BOULEVARD)",0.0,0.0
201300039559,13,9,2013,11,1,92,40,2,1,2,6,"1, REPUBLIQUE (AVENUE DE",0.0,0.0
201300039560,22,9,2013,19,5,92,40,2,2,1,3,"XX, GALLIENI (BOULEVARD)",0.0,0.0
201300039561,17,9,2013,18,1,92,40,2,1,2,6,"6, LEON BLUM (PLACE)",0.0,0.0
201300039562,19,9,2013,8,1,92,40,2,1,1,3,"68/70, RODIN (BOULEVARD)",0.0,0.0
201300039563,20,9,2013,20,5,92,40,2,1,1,4,"39, PDT ROOSEVELT (QUAI",0.0,0.0
201300039564,25,9,2013,9,1,92,40,2,1,1,2,"172, STALINGRAD (QUAI DE",0.0,0.0
201300039565,25,9,2013,16,1,92,40,2,2,1,6,"XX, VICTOR CRESSON (AVEN",0.0,0.0
201300039566,25,9,2013,16,1,92,40,2,1,1,6,ILES (BOULEVARD DES),0.0,0.0
201300039567,28,9,2013,7,2,92,40,2,3,2,3,FRERES VOISIN (BOULEVARD,0.0,0.0
201300039568,28,9,2013,11,1,92,40,2,2,1,1,"XX, PAIX (AVENUE DE LA)",0.0,0.0
201300039569,7,10,2013,21,5,92,40,2,1,1,3,"65, GENERAL LECLERC (DU)",0.0,0.0
201300039570,15,10,2013,7,5,92,40,2,2,1,7,"XX, GARIBALDI (BOULEVARD",0.0,0.0
201300039571,17,10,2013,8,1,92,40,2,1,1,3,"30, GALLIENI (BOULEVARD)",0.0,0.0
201300039572,17,10,2013,12,1,92,40,2,2,1,6,VAUDETARD,0.0,0.0
201300039573,24,10,2013,8,2,92,40,2,1,1,7,"2, DOCTEUR LOMBARD (DU)",0.0,0.0
201300039574,22,10,2013,17,1,92,40,2,2,2,3,"XX, PAIX (AVENUE DE LA)",0.0,0.0
201300039575,31,10,2013,0,5,92,40,2,1,1,6,"115, RODIN (BOULEVARD)",0.0,0.0
201300039576,4,11,2013,8,1,92,40,2,1,1,6,"113, VERDUN (AVENUE DE)",0.0,0.0
201300039577,8,11,2013,10,1,92,40,2,1,2,2,"18, BOURGAIN (AVENE)",0.0,0.0
201300039578,31,12,2013,8,1,92,40,2,1,1,6,"02, PAUL-VAILLANT COUTUR",0.0,0.0
201300039579,20,11,2013,18,5,92,40,2,1,2,6,"28, GAMBETTA (BOULEVARD)",0.0,0.0
201300039580,18,11,2013,17,5,92,40,2,1,1,3,"35, VICTOR CRESSON (AVEN",0.0,0.0
201300039581,27,11,2013,7,2,92,40,2,1,1,5,"XX, GAMBETTA (BOULEVARD)",0.0,0.0
201300039582,2,12,2013,19,5,92,40,2,1,1,6,"6 bis, QUATRE SEPTEMBRE",0.0,0.0
201300039583,2,12,2013,14,1,92,40,2,6,1,6,"xx, VICTOR HUGO (ROND-PO",0.0,0.0
201300039584,28,11,2013,18,5,92,40,2,1,2,7,"xx, GABRIEL PERI",0.0,0.0
201300039585,16,12,2013,20,5,92,40,2,1,1,6,"190, STALINGRAD (QUAI DE",0.0,0.0
201300039586,10,12,2013,9,1,92,40,2,3,1,2,"xx, LEON BLUM (PLACE)",0.0,0.0
201300039587,12,12,2013,18,5,92,40,2,2,1,3,"xx, GOUVERNEUR GAL EBOUE",0.0,0.0
201300039588,9,12,2013,20,5,92,40,2,2,1,3,"xx, GALLIENI (BOULEVARD)",0.0,0.0
201300039589,20,12,2013,8,1,92,40,2,2,1,6,"xx, CAMILLE DESMOULINS",0.0,0.0
201300039590,22,12,2013,5,5,92,40,2,1,2,6,"141, RODIN (BOULEVARD)",0.0,0.0
201300039591,3,1,2013,11,1,92,44,2,5,1,2,"54, VILLIERS(RUE DE)  54",0.0,0.0
201300039592,20,11,2013,13,1,92,44,2,1,1,7,"99, DANTON(RUE)75A123 ET",0.0,0.0
201300039593,7,1,2013,12,1,92,44,2,3,1,3,"16, MATHILDE GIRAULT (RU",0.0,0.0
201300039594,14,1,2013,6,5,92,44,2,1,1,6,"02, MICHELET(QUAI) 2 A 3",0.0,0.0
201300039595,16,1,2013,10,1,92,44,2,1,1,6,"140, ARISTIDE BRIAND(RUE",0.0,0.0
201300039596,15,1,2013,12,1,92,44,2,1,4,6,"56, VILLIERS(RUE DE)  54",0.0,0.0
201300039597,18,1,2013,14,1,92,44,2,2,1,3,"78, J. GUESDES(RUE)103A1",0.0,0.0
201300039598,19,1,2013,18,2,92,44,2,1,2,7,"23, ALSACE (RUE) N?19 +",0.0,0.0
201300039599,24,1,2013,13,1,92,44,2,1,1,7,"32, MICHELET (QUAI) 32 A",0.0,0.0
201300039600,1,2,2013,14,1,92,44,2,1,1,6,"105, LOUIS ROUQUIER (RUE",0.0,0.0
201300039601,5,2,2013,12,1,92,44,2,2,1,3,"113, JEAN JAURES(RUE)101",0.0,0.0
201300039602,6,2,2013,16,1,92,44,2,1,1,6,"3, GABRIEL PERI(RUE) 1A2",0.0,0.0
201300039603,10,2,2013,14,1,92,44,2,2,2,3,"54, ARISTIDE BRIAND(RUE)",0.0,0.0
201300039604,15,2,2013,10,1,92,44,2,4,2,3,"105, P.V.COUTURIER(RUE)8",0.0,0.0
201300039605,16,2,2013,11,1,92,44,2,1,1,6,"2, ANTONIN RAYNAUD(RUE)",0.0,0.0
201300039606,27,2,2013,12,1,92,44,2,1,1,7,"97, JEAN JAURES(RUE) 57A",0.0,0.0
201300039607,4,3,2013,14,1,92,44,2,1,1,3,"18, VILLIERS(RUE DE)  2A",0.0,0.0
201300039608,4,3,2013,14,1,92,44,2,2,1,6,"81, LOUIS ROUQUIER(RUE)4",0.0,0.0
201300039609,14,3,2013,17,2,92,44,2,1,1,6,"69, VIC. HUGO(RUE)069A07",0.0,0.0
201300039610,5,3,2013,8,1,92,44,2,2,1,6,VIC. HUGO(RUE)077A089 ET,0.0,0.0
201300039611,10,3,2013,18,1,92,44,2,1,1,6,"5, JEAN GABIN(RUE)",0.0,0.0
201300039612,10,3,2013,19,1,92,44,2,2,1,6,"28, GEO.POMPIDOU(AVE) 21",0.0,0.0
201300039613,19,3,2013,12,1,92,44,2,1,1,6,"93, ARISTIDE BRIAND(RUE)",0.0,0.0
201300039614,22,3,2013,23,4,92,44,2,2,1,3,"38, GABRIEL PERI(RUE) 25",0.0,0.0
201300039615,24,3,2013,12,1,92,44,2,4,1,3,"117, VIC. HUGO(RUE)091A1",0.0,0.0
201300039616,3,4,2013,18,1,92,44,2,1,1,2,"154, DANTON(RUE)75A123 E",0.0,0.0
201300039617,8,4,2013,7,1,92,44,2,3,1,7,"49, KLEBER (RUE)",0.0,0.0
201300039618,10,4,2013,9,1,92,44,2,1,1,2,"13, ALSACE (RUE) N?1 A 1",0.0,0.0
201300039619,25,4,2013,9,1,92,44,2,2,1,6,"25, DANTON(RUE)125+ ET 1",0.0,0.0
201300039620,13,4,2013,9,1,92,44,2,2,1,6,"132, PDTWILSOO(RUE)151A1",0.0,0.0
201300039621,28,4,2013,12,1,92,44,2,1,1,6,"77, VOLTAIRE(RUE)53A81 E",0.0,0.0
201300039622,26,4,2013,20,2,92,44,2,3,1,3,"110, VIC. HUGO(RUE)091A1",0.0,0.0
201300039623,27,5,2013,16,1,92,44,2,1,1,6,"18, ANA. FRANCE(RUE)1A75",0.0,0.0
201300039624,30,4,2013,13,1,92,44,2,1,1,3,"56, VOLTAIRE(RUE)53A81 E",0.0,0.0
201300039625,23,5,2013,17,1,92,44,2,2,1,6,"18, ALSACE (RUE) N?1 A 1",0.0,0.0
201300039626,3,6,2013,18,2,92,44,2,2,1,3,"7, KLEBER (RUE)",0.0,0.0
201300039627,6,6,2013,0,5,92,44,2,1,1,6,"1, HENRI BARBUSSE (PLACE",0.0,0.0
201300039628,10,6,2013,14,1,92,44,2,1,1,2,"120, VIC. HUGO(RUE)091A1",0.0,0.0
201300039629,20,6,2013,10,1,92,44,2,1,1,6,"7, GEO.POMPIDOU(AVE) 1A1",0.0,0.0
201300039630,20,6,2013,14,1,92,44,2,2,1,3,"78, MARIUS AUFAN(RUE) 1A",0.0,0.0
201300039631,8,6,2013,13,1,92,44,2,2,1,3,"34, ARISTIDE BRIAND(RUE)",0.0,0.0
201300039632,29,6,2013,3,5,92,44,2,1,1,3,"18, BINEAU (BOULEVARD)",0.0,0.0
201300039633,1,7,2013,15,1,92,44,2,1,1,6,"58, VIC. HUGO(RUE)001A06",0.0,0.0
201300039634,2,7,2013,19,1,92,44,2,1,1,6,"9, LORRAINE (RUE DE)",0.0,0.0
201300039635,7,7,2013,0,5,92,44,2,1,1,6,"26, P.V.COUTURIER(RUE)1A",0.0,0.0
201300039636,8,7,2013,9,1,92,44,2,3,1,6,"39, DEGUINGAND(RUE)",0.0,0.0
201300039637,15,7,2013,13,1,92,44,2,1,1,3,"78, VIC. HUGO(RUE)077A08",0.0,0.0
201300039638,8,6,2013,2,5,92,44,2,1,1,2,"25, VOLTAIRE(RUE)1A51 ET",0.0,0.0
201300039639,5,6,2013,20,1,92,44,2,2,1,3,MARIUS AUFAN(RUE) 1A67 E,0.0,0.0
201300039640,20,7,2013,18,1,92,44,2,1,1,6,"40, PDT WILSON(RUE)23A49",0.0,0.0
201300039641,30,7,2013,19,1,92,44,2,1,1,6,"46, GABRIEL PERI(RUE) 25",0.0,0.0
201300039642,3,8,2013,4,5,92,44,2,1,1,7,"160, VIC. HUGO(RUE)115A1",0.0,0.0
201300039643,7,7,2013,17,1,92,44,2,2,1,3,"64, J. GUESDE(RUE)25A57",0.0,0.0
201300039644,4,9,2013,9,1,92,44,2,1,1,6,"126, ARISTIDE BRIAND(RUE",0.0,0.0
201300039645,9,9,2013,17,1,92,44,2,2,2,3,"86, PDT WILSON(RUE) 2A24",0.0,0.0
201300039646,12,9,2013,14,1,92,44,2,1,1,7,"55, VOLTAIRE(RUE)53A81 E",0.0,0.0
201300039647,11,9,2013,13,1,92,44,1,9,9,6,"36, ALSACE (RUE) N?19 +",0.0,0.0
201300039648,26,8,2013,23,5,92,44,2,1,1,6,"160, VIC. HUGO(RUE)115A1",0.0,0.0
201300039649,23,9,2013,13,1,92,44,2,1,1,6,"21, BAUDIN (RUE) 1A25 ET",0.0,0.0
201300039650,25,9,2013,11,1,92,44,2,1,1,6,"29, CARNOT(RUE) 43A71 ET",0.0,0.0
201300039651,1,10,2013,12,1,92,44,2,2,1,6,"147, ANA.FRANCE(RUE) 141",0.0,0.0
201300039652,11,10,2013,12,1,92,44,2,2,1,6,"147, ANA.FRANCE(RUE) 141",0.0,0.0
201300039653,10,10,2013,17,1,92,44,2,1,2,6,"42, LOUIS ROUQUIER(RUE)",0.0,0.0
201300039654,11,10,2013,20,2,92,44,2,5,1,1,"90, VIC. HUGO(RUE)077A08",0.0,0.0
201300039655,12,10,2013,12,1,92,44,2,2,1,2,"34, TREBOIS(RUE)",0.0,0.0
201300039656,3,11,2013,14,1,92,44,2,2,1,1,"143, ANA.FRANCE(RUE) 141",0.0,0.0
201300039657,5,11,2013,9,1,92,44,2,6,1,3,"90, MICHELET (QUAI) 58 A",0.0,0.0
201300039658,5,11,2013,15,1,92,44,2,1,2,7,"93, ANA.FRANCE(RUE)77A13",0.0,0.0
201300039659,19,10,2013,16,1,92,44,2,3,1,6,JEAN JAURES(RUE) 57A99 E,0.0,0.0
201300039660,24,10,2013,15,1,92,44,2,2,1,6,"107, PDT WILSON(RUE)77A1",0.0,0.0
201300039661,20,11,2013,17,2,92,44,2,1,1,6,"15, P.V.COUTURIER(RUE)1A",0.0,0.0
201300039662,4,12,2013,22,5,92,44,2,2,1,3,"41, LOUISE MICHEL(RUE) 4",0.0,0.0
201300039663,9,12,2013,20,5,92,44,2,2,1,3,"34, RIVAY(RUE)25A39 ET 2",0.0,0.0
201300039664,9,12,2013,23,5,92,44,2,2,1,7,"84, BAUDIN (RUE) 27A83 E",0.0,0.0
201300039665,11,12,2013,22,2,92,44,2,1,1,6,"31, ERNEST COGNACQ(RUE)",0.0,0.0
201300039666,16,12,2013,19,5,92,44,2,2,1,6,"52, ARISTIDE BRIAND(RUE)",0.0,0.0
201300039667,25,11,2013,14,1,92,44,2,1,1,6,"27, ARISTIDE BRIAND(RUE)",0.0,0.0
201300039668,3,12,2013,17,1,92,44,2,2,1,3,"79, VIC. HUGO(RUE)069A07",0.0,0.0
201300039669,7,1,2013,12,1,92,48,2,2,1,3,GENERAL GALLIENI (AVENUE,0.0,0.0
201300039670,8,1,2013,8,1,92,48,2,3,1,6,"08, BEL AIR (RUE DU)",0.0,0.0
201300039671,26,1,2013,16,1,92,48,2,3,1,6,"11, PARIS (RUE DE) N? 1",0.0,0.0
201300039672,25,1,2013,19,5,92,48,2,2,1,2,"60, BELGIQUE (RUE DE LA)",0.0,0.0
201300039673,29,1,2013,22,5,92,48,2,1,2,6,"., TRIVAUX (AVENUE DE) N",0.0,0.0
201300039674,10,2,2013,10,1,92,48,1,1,2,6,"., ETANG DE TRIVAUX (ROU",0.0,0.0
201300039675,18,2,2013,20,5,92,48,2,2,1,3,"02, ONZE NOVEMBRE 1918 (",0.0,0.0
201300039676,17,1,2013,8,1,92,48,2,3,1,3,"05, PARIS (RUE DE) N? 1",0.0,0.0
201300039677,27,2,2013,9,1,92,48,2,1,1,6,"37, GENERAL GALLIENI (AV",0.0,0.0
201300039678,19,3,2013,9,1,92,48,2,2,1,6,"36bis, GARDES (ROUTE DES",0.0,0.0
201300039679,18,3,2013,5,5,92,48,2,7,1,6,"., GENERAL DE GAULLE (AV",0.0,0.0
201300039680,3,4,2013,11,1,92,48,2,1,1,6,"05, VAUGIRARD (ROUTE DE)",0.0,0.0
201300039681,18,4,2013,18,1,92,48,2,2,1,1,"., REPUBLIQUE (RUE DE LA",0.0,0.0
201300039682,12,4,2013,8,1,92,48,2,6,1,6,"., JEAN JAURES (AVENUE)",0.0,0.0
201300039683,3,5,2013,9,1,92,48,2,1,1,6,"12, PEPINIERE (RUE DE LA",0.0,0.0
201300039684,13,5,2013,14,1,92,48,2,1,1,6,"05, ROBERT SCHUMAN (AVEN",0.0,0.0
201300039685,25,5,2013,19,1,92,48,2,2,1,2,"., COLONEL MORAINE (ROUT",0.0,0.0
201300039686,29,5,2013,19,2,92,48,2,1,1,2,"05, PEPINIERE (RUE DE LA",0.0,0.0
201300039687,3,6,2013,10,1,92,48,2,1,1,6,"12, PEPINIERE (RUE DE LA",0.0,0.0
201300039688,8,6,2013,12,1,92,48,2,3,1,6,"18, REPUBLIQUE (RUE DE L",0.0,0.0
201300039689,4,6,2013,16,1,92,48,2,2,1,6,TERRE NEUVE (RUE),0.0,0.0
201300039690,24,6,2013,19,1,92,48,2,1,1,6,"43, GENERAL DE GAULLE (A",0.0,0.0
201300039691,5,7,2013,19,1,92,48,2,2,1,1,JACQUEMINOT (AVENUE) N?1,0.0,0.0
201300039692,11,12,2013,13,1,92,48,1,1,1,7,"11, PIERRES (RUE DES)",0.0,0.0
201300039693,24,7,2013,19,1,92,48,2,2,1,3,"., LE CORBEILLER (AVENUE",0.0,0.0
201300039694,27,7,2013,16,1,92,48,2,1,1,6,"08, TRIVAUX (AVENUE DE)",0.0,0.0
201300039695,23,8,2013,12,1,92,48,1,2,1,3,"., SIX FRERES (CARREFOUR",0.0,0.0
201300039696,31,8,2013,20,2,92,48,2,1,1,6,"01, rue du P?re BROTTIER",0.0,0.0
201300039697,30,8,2013,0,5,92,48,2,3,1,6,"., MORANE SAULNIER (AVEN",0.0,0.0
201300039698,17,9,2013,10,1,92,48,2,3,1,3,"., TERRE NEUVE (RUE)",0.0,0.0
201300039699,20,9,2013,12,1,92,48,2,3,1,3,"., GENERAL DE GAULLE (AV",0.0,0.0
201300039700,1,8,2013,18,1,92,48,1,1,1,7,"., TRIVAUX (AVENUE DE) N",0.0,0.0
201300039701,16,10,2013,16,1,92,48,1,1,1,6,"., VAUGIRARD (ROUTE DE)",0.0,0.0
201300039702,18,10,2013,20,5,92,48,2,3,1,3,"35, VAUGIRARD (ROUTE DE)",0.0,0.0
201300039703,18,10,2013,17,1,92,48,2,2,1,2,"., LE CORBEILLER (AVENUE",0.0,0.0
201300039704,22,10,2013,20,5,92,48,2,3,2,6,"., VAUGIRARD (ROUTE DE)",0.0,0.0
201300039705,28,10,2013,12,1,92,48,1,1,1,6,"., TRIVAUX (AVENUE DE) N",0.0,0.0
201300039706,30,10,2013,20,5,92,48,2,3,1,3,"., MAL DE LATTRE DE TASS",0.0,0.0
201300039707,7,11,2013,16,1,92,48,2,3,2,6,"., CHARLES DESVERGNES (R",0.0,0.0
201300039708,7,11,2013,20,5,92,48,2,3,2,2,"., MARECHAL LECLERC (AVE",0.0,0.0
201300039709,13,11,2013,17,2,92,48,2,2,1,6,"., GENERAL GALLIENI (AVE",0.0,0.0
201300039710,16,11,2013,19,5,92,48,2,1,1,3,"89, GARDES (ROUTE DES) N",0.0,0.0
201300039711,28,12,2013,18,1,92,48,2,6,1,6,"., GENERAL DE GAULLE (AV",0.0,0.0
201300039712,16,12,2013,19,5,92,48,2,1,1,7,"02, VERRERIE (RUE DE LA)",0.0,0.0
201300039713,3,12,2013,15,1,92,48,1,3,1,2,"., TERRE NEUVE (RUE)",0.0,0.0
201300039714,24,12,2013,9,1,92,48,1,1,1,7,"., ROUTE DES BOIS BLANCS",0.0,0.0
201300039715,2,1,2013,10,1,92,20,2,1,1,6,FRANCE RUE ANATOLE,0.0,0.0
201300039716,3,1,2013,12,1,92,49,2,1,2,2,"71, ARNOUX AVENUE MAURIC",0.0,0.0
201300039717,8,1,2013,13,1,92,49,2,1,1,6,"15, PERI RUE GABRIEL N?1",0.0,0.0
201300039718,10,1,2013,8,1,92,20,2,1,2,3,"9, LIBERTE BOULEVARD DE",0.0,0.0
201300039719,11,1,2013,8,2,92,49,2,1,8,6,"53, GAMBETTA AVENUE LEON",0.0,0.0
201300039720,11,1,2013,18,2,92,20,2,1,1,6,"103, PARIS AVENUE DE N?",0.0,0.0
201300039721,11,1,2013,19,5,92,20,2,1,2,7,"53, PERRIERE AVENUE CLEM",0.0,0.0
201300039722,12,1,2013,6,5,92,49,2,2,2,6,SALENGRO RUE ROGER AUTRE,0.0,0.0
201300039723,16,1,2013,9,1,92,49,2,1,4,6,"103, PERI RUE GABRIEL AU",0.0,0.0
201300039724,17,1,2013,20,5,92,20,2,3,1,3,"115, VERDUN AVENUE DE AU",0.0,0.0
201300039725,23,1,2013,21,5,92,49,2,3,1,3,BROSSOLETTE AVENUE PIERR,0.0,0.0
201300039726,27,1,2013,15,1,92,20,2,1,1,6,"77, PARIS AVENUE DE N?2",0.0,0.0
201300039727,28,1,2013,7,2,92,20,2,2,8,6,PARIS AVENUE DE N? IMPAI,0.0,0.0
201300039728,29,1,2013,7,5,92,20,2,2,3,3,REPUBLIQUE AV. N?1 A 25,0.0,0.0
201300039729,31,1,2013,8,1,92,20,2,1,1,6,"200, PARIS AVENUE DE N?8",0.0,0.0
201300039730,5,2,2013,8,1,92,49,2,3,2,6,"56, ARNOUX AVENUE MAURIC",0.0,0.0
201300039731,6,2,2013,17,1,92,20,2,9,1,3,"25, PARIS AVENUE DE N? I",0.0,0.0
201300039732,6,2,2013,23,5,92,20,2,6,2,1,REPUBLIQUE AV. AUTRES N?,0.0,0.0
201300039733,7,2,2013,11,1,92,49,2,2,1,6,VERDIER AVENUE AUTRES N?,0.0,0.0
201300039734,7,2,2013,16,1,92,20,2,1,8,3,"32, REPUBLIQUE AV. N?1 A",0.0,0.0
201300039735,8,2,2013,8,1,92,20,2,1,2,3,"38, FONTENAY RUE DE AUTR",0.0,0.0
201300039736,11,2,2013,18,4,92,49,2,1,1,6,"250, DORMOY AVENUE MARX",0.0,0.0
201300039737,11,2,2013,8,1,92,20,1,1,2,3,"94, LIBERTE BOULEVARD DE",0.0,0.0
201300039738,14,2,2013,7,1,92,20,2,1,9,7,MARCEAU RUE,0.0,0.0
201300039739,15,2,2013,14,1,92,49,2,1,4,6,"119, BRIAND AVENUE ARIST",0.0,0.0
201300039740,21,2,2013,13,1,92,20,2,1,1,6,"184, PARIS AVENUE DE N?8",0.0,0.0
201300039741,25,2,2013,15,1,92,49,2,1,4,6,"64, BROSSOLETTE AVENUE P",0.0,0.0
201300039742,26,2,2013,20,5,92,20,2,3,1,2,"44, VANVES BOULEVARD DE",0.0,0.0
201300039743,2,3,2013,16,1,92,20,2,1,1,7,REPUBLIQUE AV. AUTRES N?,0.0,0.0
201300039744,4,3,2013,14,1,92,20,2,1,1,7,"67, BROSSOLETTE RUE PIER",0.0,0.0
201300039745,5,3,2013,7,1,92,20,2,2,1,3,"151, PARIS AVENUE DE N?",0.0,0.0
201300039746,5,3,2013,12,1,92,20,2,1,1,6,"36, PERROTIN RUE",0.0,0.0
201300039747,5,3,2013,15,1,92,49,2,3,1,3,ARNOUX AVENUE MAURICE AU,0.0,0.0
201300039748,14,3,2013,16,1,92,49,2,5,1,6,"43, REPUBLIQUE AVENUE DE",0.0,0.0
201300039749,9,3,2013,17,1,92,20,2,2,1,6,VEDRINES RUE JULES,0.0,0.0
201300039750,20,3,2013,14,1,92,49,2,3,1,3,"43, REPUBLIQUE AVENUE DE",0.0,0.0
201300039751,22,3,2013,8,1,92,20,2,1,1,7,"28, GAY-LUSSAC RUE N? PA",0.0,0.0
201300039752,22,3,2013,20,5,92,49,2,1,1,6,"79, BROSSOLETTE AVENUE P",0.0,0.0
201300039753,25,3,2013,11,1,92,49,2,1,1,3,BROSSOLETTE AVENUE PIERR,0.0,0.0
201300039754,26,3,2013,11,1,92,20,2,3,1,6,"49, PARIS AVENUE DE N? I",0.0,0.0
201300039755,26,3,2013,14,1,92,49,2,2,1,3,BARBES RUE,0.0,0.0
201300039756,28,3,2013,18,1,92,49,2,1,1,6,"58, PERI RUE GABRIEL N?3",0.0,0.0
201300039757,28,3,2013,18,1,92,49,2,1,1,3,"56, BRIAND AVENUE ARISTI",0.0,0.0
201300039758,29,3,2013,16,1,92,20,2,7,1,3,8 MAI 45 CARREFOUR DU,0.0,0.0
201300039759,30,3,2013,20,5,92,49,2,2,1,3,BROSSOLETTE AVENUE PIERR,0.0,0.0
201300039760,31,3,2013,3,5,92,20,2,1,1,7,"15, PIERRELAIS RUE DES",0.0,0.0
201300039761,3,4,2013,16,1,92,20,2,1,1,6,"12, VANVES BOULEVARD DE",0.0,0.0
201300039762,3,4,2013,16,1,92,49,2,1,1,6,"112, JAURES AVENUE JEAN",0.0,0.0
201300039763,9,4,2013,11,1,92,49,2,1,1,7,"48, CARVES RUE",0.0,0.0
201300039764,9,4,2013,15,1,92,49,2,9,2,3,"56, BRIAND AVENUE ARISTI",0.0,0.0
201300039765,10,4,2013,19,1,92,20,2,2,2,6,"53, LIBERTE BOULEVARD DE",0.0,0.0
201300039766,10,4,2013,22,5,92,49,2,1,3,6,"105, BRIAND AVENUE ARIST",0.0,0.0
201300039767,10,4,2013,9,1,92,49,2,1,2,6,"205, BROSSOLETTE AVENUE",0.0,0.0
201300039768,24,4,2013,11,1,92,20,2,1,1,6,"6, PERI RUE GABRIEL",0.0,0.0
201300039769,26,4,2013,8,1,92,20,2,1,1,1,"105, VERDUN AVENUE DE AU",0.0,0.0
201300039770,29,4,2013,17,1,92,20,2,2,1,1,LIBERTE BOULEVARD DE LA,0.0,0.0
201300039771,30,4,2013,19,1,92,49,2,1,2,2,BRIAND AVENUE ARISTIDE N,0.0,0.0
201300039772,5,5,2013,12,1,92,49,2,2,1,3,"53, BRIAND AVENUE ARISTI",0.0,0.0
201300039773,13,5,2013,8,1,92,49,2,2,1,3,BROSSOLETTE AVENUE PIERR,0.0,0.0
201300039774,13,5,2013,18,1,92,20,2,1,1,6,GATINOT RUE HENRI,0.0,0.0
201300039775,16,5,2013,8,1,92,20,2,1,2,6,"13, CHARTRES RUE DE",0.0,0.0
201300039776,24,5,2013,7,1,92,49,2,3,1,3,DORMOY AVENUE MARX N?2 A,0.0,0.0
201300039777,24,5,2013,22,5,92,49,2,1,2,6,BRIAND AVENUE ARISTIDE N,0.0,0.0
201300039778,25,5,2013,4,5,92,20,2,1,2,6,"92, LIBERTE BOULEVARD DE",0.0,0.0
201300039779,6,6,2013,20,2,92,20,2,1,1,6,"47, PIERRELAIS RUE DES",0.0,0.0
201300039780,12,6,2013,17,1,92,20,2,2,1,3,PARIS AVENUE DE N? IMPAI,0.0,0.0
201300039781,14,6,2013,10,1,92,20,2,2,1,3,PARIS AVENUE DE N? IMPAI,0.0,0.0
201300039782,16,6,2013,13,1,92,49,2,1,1,1,"62, LECLERC PLACE DU GEN",0.0,0.0
201300039783,20,6,2013,1,5,92,20,2,1,3,6,"167, PARIS AVENUE DE N?",0.0,0.0
201300039784,20,6,2013,9,1,92,20,2,1,1,3,"14, SEMARD RUE P. N?1 A",0.0,0.0
201300039785,23,6,2013,11,1,92,49,2,1,1,6,"82, BRIAND AVENUE ARISTI",0.0,0.0
201300039786,21,6,2013,19,1,92,49,2,1,1,2,JAURES AVENUE JEAN N?52,0.0,0.0
201300039787,25,6,2013,11,1,92,20,2,2,1,3,"58, DEFORGES RUE ETIENNE",0.0,0.0
201300039788,26,6,2013,10,1,92,49,2,1,1,2,BRIAND AVENUE ARISTIDE A,0.0,0.0
201300039789,3,7,2013,12,1,92,49,2,1,1,6,"58, PERI RUE GABRIEL AUT",0.0,0.0
201300039790,6,7,2013,13,1,92,20,2,2,1,3,VERDUN AVENUE DE AUTRES,0.0,0.0
201300039791,10,7,2013,10,1,92,20,2,3,1,3,"83, PAIX AVENUE DE LA  A",0.0,0.0
201300039792,15,7,2013,12,1,92,49,2,1,1,6,"97, BRIAND AVENUE ARISTI",0.0,0.0
201300039793,15,7,2013,15,1,92,20,2,1,1,5,PERROTIN RUE,0.0,0.0
201300039794,17,7,2013,8,1,92,20,2,1,1,7,"222, PARIS AVENUE DE N?8",0.0,0.0