Num_Acc,jour,mois,an,hr,condition_eclairage,departement,commune,condition_agglomeration,intersection,condition_atmosphere,type_collision,adresse,lattitude,longitude
201300039795,20,7,2013,0,5,92,20,2,1,1,6,"169, PARIS AVENUE DE N?",0.0,0.0
201300039796,21,7,2013,10,1,92,49,2,1,1,6,"33, VERDUN AVENUE DE",0.0,0.0
201300039797,21,7,2013,19,1,92,20,2,1,1,6,"57, BOIN RUE JEAN",0.0,0.0
201300039798,23,7,2013,17,1,92,49,2,1,1,6,"39, REPUBLIQUE AVENUE DE",0.0,0.0
201300039799,25,7,2013,10,1,92,20,2,2,1,7,LIBERTE BOULEVARD DE LA,0.0,0.0
201300039800,26,7,2013,8,1,92,20,2,1,1,2,"5, LIBERTE BOULEVARD DE",0.0,0.0
201300039801,27,7,2013,8,1,92,20,2,1,1,6,"164, REPUBLIQUE AV. AUTR",0.0,0.0
201300039802,27,6,2013,9,1,92,49,2,1,1,6,"67, BRIAND AVENUE ARISTI",0.0,0.0
201300039803,16,8,2013,11,1,92,20,2,1,1,2,"223, PARIS AVENUE DE N?",0.0,0.0
201300039804,20,8,2013,9,1,92,49,2,2,1,3,BROSSOLETTE AVENUE PIERR,0.0,0.0
201300039805,27,8,2013,9,1,92,49,2,1,1,3,"5bis, PERI RUE GABRIEL N",0.0,0.0
201300039806,27,8,2013,17,1,92,49,2,3,2,2,"123, BRIAND AVENUE ARIST",0.0,0.0
201300039807,2,9,2013,2,5,92,20,2,6,1,6,"69, REPUBLIQUE AV. N?27",0.0,0.0
201300039808,6,9,2013,11,1,92,49,2,1,2,4,"91, BRIAND AVENUE ARISTI",0.0,0.0
201300039809,9,9,2013,11,1,92,20,2,1,3,7,"11, VANVES BOULEVARD N?",0.0,0.0
201300039810,10,9,2013,15,1,92,49,2,1,1,4,"127, BRIAND AVENUE ARIST",0.0,0.0
201300039811,7,9,2013,13,1,92,20,2,3,1,3,EXUPERY AVENUE SAINT,0.0,0.0
201300039812,16,9,2013,10,1,92,49,2,1,1,6,"72, DORMOY AVENUE MARX N",0.0,0.0
201300039813,17,9,2013,6,2,92,49,2,1,1,6,"97, BROSSOLETTE AVENUE P",0.0,0.0
201300039814,21,9,2013,19,1,92,49,2,1,1,6,"5, DORMOY AVENUE MARX N?",0.0,0.0
201300039815,21,9,2013,11,1,92,20,2,1,1,1,BROSSOLETTE RUE PIERRE A,0.0,0.0
201300039816,22,9,2013,23,5,92,49,2,1,1,6,MARNE AVENUE DE LA,0.0,0.0
201300039817,24,9,2013,16,1,92,49,2,2,1,6,BARBES RUE,0.0,0.0
201300039818,26,9,2013,13,1,92,20,2,1,1,6,"123, PARIS AVENUE DE N?",0.0,0.0
201300039819,27,9,2013,7,2,92,20,2,1,1,6,"2, MALAKOFF RUE DE",0.0,0.0
201300039820,28,9,2013,5,5,92,20,2,1,3,6,"184, PARIS AVENUE DE N?8",0.0,0.0
201300039821,4,10,2013,9,1,92,20,2,1,1,6,"29, DIVISION LECLERC AVE",0.0,0.0
201300039822,9,10,2013,11,1,92,49,2,2,1,6,BRIAND AVENUE ARISTIDE A,0.0,0.0
201300039823,9,10,2013,17,1,92,49,2,2,2,6,BROSSOLETTE AVENUE PIERR,0.0,0.0
201300039824,29,10,2013,9,1,92,49,2,1,1,7,PERIER RUE N?1 A 33 ET 2,0.0,0.0
201300039825,30,10,2013,6,5,92,49,2,1,2,3,"150, REPUBLIQUE AVENUE D",0.0,0.0
201300039826,5,11,2013,17,5,92,49,2,1,6,6,"113, JAURES AVENUE JEAN",0.0,0.0
201300039827,8,11,2013,7,1,92,49,2,3,2,6,DORMOY AVENUE MARX N?102,0.0,0.0
201300039828,12,11,2013,17,5,92,49,2,3,2,6,LEJEUNE RUE LOUIS,0.0,0.0
201300039829,13,11,2013,12,1,92,20,2,3,1,6,FONTENAY RUE DE AUTRES N,0.0,0.0
201300039830,13,11,2013,16,1,92,20,2,1,1,6,"3, MACE RUE JEAN",0.0,0.0
201300039831,14,11,2013,20,5,92,49,2,1,1,2,JAURES AVENUE JEAN N?53,0.0,0.0
201300039832,19,11,2013,8,1,92,49,2,4,2,6,JAURES AVENUE JEAN N?53,0.0,0.0
201300039833,20,11,2013,6,5,92,49,2,6,1,2,"92, ARNOUX AVENUE MAURIC",0.0,0.0
201300039834,20,11,2013,7,1,92,20,2,1,1,6,"21, REPUBLIQUE AV. N?1 A",0.0,0.0
201300039835,25,11,2013,10,1,92,49,2,2,1,6,"62, BRIAND AVENUE ARISTI",0.0,0.0
201300039836,24,11,2013,23,5,92,49,2,1,1,1,"40, BARBES RUE",0.0,0.0
201300039837,23,11,2013,8,1,92,49,2,1,1,6,"4, JAURES AV. JEAN N?1 A",0.0,0.0
201300039838,23,11,2013,9,1,92,20,2,1,1,6,"60, BERTHELOT AVENUE MAR",0.0,0.0
201300039839,28,11,2013,20,5,92,20,2,1,1,6,PARIS AVENUE DE N? IMPAI,0.0,0.0
201300039840,29,11,2013,11,1,92,20,2,9,1,7,"58, DEFORGES RUE ETIENNE",0.0,0.0
201300039841,29,11,2013,19,5,92,20,2,1,1,3,"22, VERDUN AVENUE DE N?2",0.0,0.0
201300039842,2,12,2013,17,2,92,49,2,2,1,3,BRIAND AVENUE ARISTIDE A,0.0,0.0
201300039843,10,12,2013,9,1,92,49,2,3,1,3,BRIAND AVENUE ARISTIDE A,0.0,0.0
201300039844,11,12,2013,17,5,92,49,2,1,1,6,PERI RUE GABRIEL AUTRES,0.0,0.0
201300039845,18,12,2013,8,2,92,49,2,2,1,3,JAURES AVENUE JEAN N?53,0.0,0.0
201300039846,19,12,2013,18,5,92,20,2,2,1,6,VANVES BOULEVARD DE N? P,0.0,0.0
201300039847,19,12,2013,18,5,92,20,2,2,1,6,PARIS AVENUE DE N?84 A F,0.0,0.0
201300039848,20,12,2013,17,5,92,49,2,1,1,6,"250, DORMOY AVENUE MARX",0.0,0.0
201300039849,26,12,2013,20,5,92,20,2,3,1,6,"21/25, PIERRELAIS RUE DE",0.0,0.0
201300039850,28,12,2013,12,1,92,20,2,6,8,7,DE GAULLE CARREFOUR CHAR,0.0,0.0
201300039851,4,1,2013,7,1,92,50,2,1,8,2,SOUFFLOT J-GERMAIN BOULE,0.0,0.0
201300039852,1,1,2013,3,5,92,50,2,1,1,5,"neant, VAILLANT COUTURIE",0.0,0.0
201300039853,3,1,2013,12,1,92,50,2,1,2,4,"43, VAILLANT COUTURIER P",0.0,0.0
201300039854,3,1,2013,13,1,92,50,2,1,2,7,SOURCE RUE DE LA,0.0,0.0
201300039855,11,1,2013,8,1,92,50,2,3,9,3,VAILLANT COUTURIER PAUL,0.0,0.0
201300039856,16,1,2013,11,1,92,50,2,2,1,6,SARTROUVILLE RUE DE,0.0,0.0
201300039857,18,1,2013,7,5,92,50,2,1,9,6,ROSIERS RUE DES,0.0,0.0
201300039858,29,1,2013,9,1,92,50,2,2,2,7,ARAGO FRANCOIS AVENUE,0.0,0.0
201300039859,30,1,2013,16,1,92,50,2,1,1,3,"12/14, SURESNES RUE DE",0.0,0.0
201300039860,8,2,2013,22,5,92,50,2,1,8,2,CLEMENCEAU GEORGES AVENU,0.0,0.0
201300039861,7,2,2013,12,1,92,50,1,9,1,3,"25, PORT RUE DU",0.0,0.0
201300039862,7,2,2013,18,1,92,50,2,1,1,3,"173, JOILIOT CURIE F. ET",0.0,0.0
201300039863,8,2,2013,13,1,92,50,2,1,1,6,MARCHE RUE DU,0.0,0.0
201300039864,14,2,2013,21,4,92,50,2,1,1,2,PONS NOEL RUE,0.0,0.0
201300039865,14,2,2013,22,5,92,50,2,1,2,7,"278, GARENNE RUE DE LA",0.0,0.0
201300039866,18,2,2013,14,1,92,50,2,1,9,6,"200, REPUBLIQUE AVENUE D",0.0,0.0
201300039867,28,2,2013,17,1,92,50,2,1,8,7,"85, LENINE VLADIMIR ILIT",0.0,0.0
201300039868,5,3,2013,19,5,92,50,2,1,9,7,LENINE VLADIMIR ILITCH A,0.0,0.0
201300039869,9,3,2013,19,1,92,50,2,1,9,7,"121, CLEMENCEAU GEORGES",0.0,0.0
201300039870,11,3,2013,18,5,92,50,2,1,3,1,CLEMENCEAU GEORGES AVENU,0.0,0.0
201300039871,11,3,2013,19,5,92,50,2,1,3,3,LENINE VLADIMIR ILITCH A,0.0,0.0
201300039872,14,3,2013,17,1,92,50,2,1,1,7,ILE AVENUE DU PARC DE L',0.0,0.0
201300039873,18,3,2013,12,1,92,50,2,3,2,3,CLEMENCEAU GEORGES AVENU,0.0,0.0
201300039874,19,3,2013,18,2,92,50,2,1,2,6,GUILLERAIES AVENUE DES,0.0,0.0
201300039875,26,3,2013,19,2,92,50,2,1,1,1,"neant, ARAGO FRANCOIS PA",0.0,0.0
201300039876,30,3,2013,22,3,92,50,2,3,1,3,JOLIOT CURIE,0.0,0.0
201300039877,9,4,2013,8,1,92,50,2,1,2,4,"10, LEVANT BOULEVARD DU",0.0,0.0
201300039878,6,4,2013,11,1,92,50,2,1,1,7,LEGER FERNAND ALLEE,0.0,0.0
201300039879,11,4,2013,19,1,92,50,2,1,8,2,"138, FAURE FELIX AVENUE",0.0,0.0
201300039880,11,4,2013,20,2,92,50,2,2,2,1,"6, JOLIOT CURIE F. ET IR",0.0,0.0
201300039881,14,4,2013,6,1,92,50,2,2,9,3,SEINE BOULEVARD DE,0.0,0.0
201300039882,18,4,2013,9,1,92,50,2,1,1,3,"47, HAVRE BOULEVARD DU",0.0,0.0
201300039883,16,4,2013,9,1,92,50,2,1,8,7,JOILIOT CURIE F. ET IREN,0.0,0.0
201300039884,18,4,2013,14,1,92,50,2,1,1,3,PESARO BOULEVARD DE,0.0,0.0
201300039885,24,4,2013,12,1,92,50,2,2,1,3,CALVAIRE RUE DU,0.0,0.0
201300039886,29,4,2013,11,1,92,50,2,6,9,3,BOULE PLACE DE LA,0.0,0.0
201300039887,1,5,2013,17,1,92,50,2,1,3,6,"7, PRES RUE DES",0.0,0.0
201300039888,5,5,2013,10,1,92,50,2,2,7,7,SUISSES RUE DES,0.0,0.0
201300039889,10,5,2013,21,5,92,50,2,2,1,3,CLEMENCEAU GEORGES AVENU,0.0,0.0
201300039890,8,5,2013,18,1,92,50,2,7,9,3,FOCH MARECHAL PLACE DU,0.0,0.0
201300039891,9,5,2013,20,1,92,50,2,6,1,6,COLOMBE PLACE DE LA,0.0,0.0
201300039892,17,5,2013,18,1,92,50,2,3,1,1,CLEMENCEAU GEORGES AVENU,0.0,0.0
201300039893,21,5,2013,21,2,92,50,2,1,8,6,"15, BOILEAU RUE",0.0,0.0
201300039894,19,5,2013,13,1,92,50,2,1,8,3,"56, LIBERTE AVENUE DE LA",0.0,0.0
201300039895,29,5,2013,10,1,92,50,2,1,8,7,PICASSO PABLO AVENUE,0.0,0.0
201300039896,27,5,2013,18,1,92,50,2,1,9,6,"75, SADI CARNOT RUE",0.0,0.0
201300039897,2,6,2013,10,1,92,50,2,1,1,1,"10, HAUTES PATURES RUE D",0.0,0.0
201300039898,1,6,2013,10,1,92,50,2,1,9,1,"153, VAILLANT COUTURIER",0.0,0.0
201300039899,4,6,2013,9,1,92,50,2,1,1,4,"46, BOUVETS BOULEVARD DE",0.0,0.0
201300039900,3,6,2013,17,1,92,50,2,3,1,3,QUENTIN JULES AVENUE,0.0,0.0
201300039901,6,6,2013,17,1,92,50,2,1,2,2,"28, ZOLA EMILE BOULEVARD",0.0,0.0
201300039902,4,6,2013,17,1,92,50,2,1,9,5,SAULES RUE DES,0.0,0.0
201300039903,6,6,2013,16,1,92,50,2,1,1,6,"30, CROIX RUE DE LA",0.0,0.0
201300039904,11,6,2013,8,1,92,50,2,2,8,6,CLEMENCEAU GEORGES AVENU,0.0,0.0
201300039905,13,6,2013,2,5,92,50,2,1,1,7,"109, PICASSO PABLO AVENU",0.0,0.0
201300039906,13,6,2013,16,1,92,50,2,5,2,1,FUSILLES DE LA RESISTANC,0.0,0.0
201300039907,16,6,2013,21,2,92,50,2,1,1,7,"65, LENINE VLADIMIR ILIT",0.0,0.0
201300039908,20,6,2013,11,1,92,50,2,1,2,6,"neant, EGLISE RUE DE L'",0.0,0.0
201300039909,20,6,2013,10,1,92,50,2,2,1,3,CHATOU ROUTE DE,0.0,0.0
201300039910,21,6,2013,11,1,92,50,2,5,8,2,"120, CLEMENCEAU GEORGES",0.0,0.0
201300039911,21,6,2013,21,5,92,50,2,1,1,6,"385, REPUBLIQUE AVENUE D",0.0,0.0
201300039912,20,6,2013,21,5,92,50,2,3,3,7,REPUBLIQUE AVENUE DE LA,0.0,0.0
201300039913,30,6,2013,15,1,92,50,2,3,7,1,REPUBLIQUE AVENUE DE LA,0.0,0.0
201300039914,26,6,2013,8,1,92,50,2,1,1,6,"14, BOUVETS BOULEVARD DE",0.0,0.0
201300039915,4,7,2013,13,1,92,50,2,1,1,3,"01, BOUVETS BOULEVARD DE",0.0,0.0
201300039916,7,7,2013,8,1,92,50,2,3,1,3,"177, CLEMENCEAU GEORGES",0.0,0.0
201300039917,8,7,2013,12,1,92,50,2,3,1,6,PAUL MARCEL PLACE,0.0,0.0
201300039918,10,7,2013,4,5,92,50,2,1,9,2,"108, CLEMENCEAU GEORGES",0.0,0.0
201300039919,11,7,2013,14,1,92,50,2,2,1,3,REPUBLIQUE AVENUE DE LA,0.0,0.0
201300039920,15,7,2013,17,1,92,50,1,1,1,3,Route Nationale  314,0.0,0.0
201300039921,18,7,2013,17,1,92,50,2,2,9,3,PONS NOEL RUE,0.0,0.0
201300039922,19,7,2013,17,1,92,50,2,1,1,6,"45, PROVINCES FRANCAISES",0.0,0.0
201300039923,24,7,2013,2,5,92,50,2,5,9,3,FUSILLES DE LA RESISTANC,0.0,0.0
201300039924,26,7,2013,6,2,92,50,2,2,1,3,CHATOU ROUTE DE,0.0,0.0
201300039925,26,7,2013,17,1,92,50,2,2,1,3,JOLIOT CURIE F. ET IRENE,0.0,0.0
201300039926,26,7,2013,9,1,92,50,2,1,8,2,"25, STALINGRAD RUE DE",0.0,0.0
201300039927,31,7,2013,17,1,92,50,2,2,1,3,PONS NOEL RUE,0.0,0.0
201300039928,6,8,2013,17,1,92,50,2,1,1,7,"171, CLEMENCEAU GEORGES",0.0,0.0
201300039929,6,8,2013,23,5,92,50,2,2,9,3,HAVRE BOULEVARD DU,0.0,0.0
201300039930,9,8,2013,17,1,92,50,2,3,1,1,BARBUSSE HENRI RUE,0.0,0.0
201300039931,14,8,2013,7,1,92,50,2,1,7,7,RD 914,0.0,0.0
201300039932,14,8,2013,12,1,92,50,2,6,9,6,BOULE PLACE DE LA,0.0,0.0
201300039933,24,8,2013,0,5,92,50,2,4,2,3,"neant, REPUBLIQUE AVENUE",0.0,0.0
201300039934,21,8,2013,12,1,92,50,2,1,1,6,"79, PICASSO PABLO AVENUE",0.0,0.0
201300039935,22,8,2013,17,1,92,50,2,1,1,6,"141, COURBEVOIE RUE DE",0.0,0.0
201300039936,24,8,2013,18,1,92,50,2,2,9,7,RENAN ERNEST RUE,0.0,0.0
201300039937,28,8,2013,15,1,92,50,2,1,1,7,"305, GARENNE RUE DE LA",0.0,0.0
201300039938,27,8,2013,18,1,92,50,2,4,1,6,DEFENSE BOULEVARD DE LA,0.0,0.0
201300039939,29,8,2013,15,1,92,50,2,1,9,6,"25, BOUVETS BOULEVARD DE",0.0,0.0
201300039940,4,9,2013,6,1,92,50,2,2,9,3,REPUBLIQUE AVENUE DE LA,0.0,0.0
201300039941,31,8,2013,15,1,92,50,2,1,1,6,"33, PROVINCES FRANCAISES",0.0,0.0
201300039942,4,9,2013,8,1,92,50,2,1,7,6,"403, REPUBLIQUE AVENUE D",0.0,0.0
201300039943,2,9,2013,16,1,92,50,2,1,7,3,Route Nationale  314,0.0,0.0
201300039944,4,9,2013,18,1,92,50,2,2,9,2,COURBEVOIE RUE DE,0.0,0.0
201300039945,5,9,2013,8,1,92,50,2,2,9,1,GARCHES RUE DE,0.0,0.0
201300039946,11,9,2013,6,2,92,50,2,2,9,7,JOLIOT CURIE F. ET IRENE,0.0,0.0
201300039947,12,9,2013,7,1,92,50,2,1,2,6,"169, VAILLANT COUTURIER",0.0,0.0
201300039948,15,9,2013,6,5,92,50,2,3,2,3,ARAGO FRANCOIS AVENUE,0.0,0.0
201300039949,13,9,2013,16,1,92,50,2,2,2,3,JOLIOT CURIE F. ET IRENE,0.0,0.0
201300039950,16,9,2013,15,1,92,50,2,1,8,6,"97, ARAGO FRANCOIS AVENU",0.0,0.0
201300039951,17,9,2013,10,1,92,50,2,2,9,3,BEZONS RUE DE,0.0,0.0
201300039952,19,9,2013,7,1,92,50,2,1,8,3,"7b, ROCHET WALDECK RUE",0.0,0.0
201300039953,19,9,2013,16,1,92,50,2,2,9,3,PONS NOEL RUE,0.0,0.0
201300039954,24,9,2013,8,1,92,50,2,1,1,6,PESARO BOULEVARD DE,0.0,0.0
201300039955,23,9,2013,10,1,92,50,2,3,1,3,REPUBLIQUE AVENUE DE LA,0.0,0.0
201300039956,24,9,2013,22,5,92,50,2,1,9,6,"133, CLEMENCEAU GEORGES",0.0,0.0
201300039957,27,9,2013,9,1,92,50,1,1,9,7,"NEANT,  Route Nationale",0.0,0.0
201300039958,2,10,2013,18,1,92,50,2,1,9,6,"22, LEVANT BOULEVARD DU",0.0,0.0
201300039959,3,10,2013,17,1,92,50,2,1,9,6,STALINGRAD RUE DE,0.0,0.0
201300039960,4,10,2013,8,1,92,50,2,3,2,3,VAILLANT COUTURIER PAUL,0.0,0.0
201300039961,9,10,2013,2,5,92,50,2,1,9,6,MARTIN HENRI AVENUE,0.0,0.0
201300039962,7,10,2013,9,1,92,50,2,2,9,3,CLEMENCEAU GEORGES AVENU,0.0,0.0
201300039963,15,10,2013,7,2,92,50,1,1,9,6,PONT DE BEZONS,0.0,0.0
201300039964,16,10,2013,10,1,92,50,2,1,9,6,"22, JOFFRE MARECHAL AVEN",0.0,0.0
201300039965,19,10,2013,12,1,92,50,2,2,8,3,PONS NOEL RUE,0.0,0.0
201300039966,17,10,2013,21,5,92,50,2,1,9,7,DEFENSE BOULEVARD DE LA,0.0,0.0
201300039967,23,10,2013,17,1,92,50,2,1,2,3,"205, CLEMENCEAU GEORGES",0.0,0.0
201300039968,23,10,2013,7,4,92,50,2,1,9,6,PONS NOEL RUE,0.0,0.0
201300039969,30,10,2013,8,1,92,50,2,3,7,3,REPUBLIQUE AVENUE DE LA,0.0,0.0
201300039970,2,11,2013,9,1,92,50,2,1,2,6,JOILIOT CURIE F. ET IREN,0.0,0.0
201300039971,4,11,2013,13,1,92,50,2,3,8,7,PICASSO PABLO AVENUE,0.0,0.0
201300039972,7,11,2013,10,1,92,50,2,1,2,7,FOCH MARECHAL PLACE DU,0.0,0.0
201300039973,7,11,2013,20,1,92,50,2,1,3,3,REPUBLIQUE AVENUE DE LA,0.0,0.0
201300039974,8,11,2013,16,1,92,50,2,1,1,6,JOLIOT CURIE F. ET IRENE,0.0,0.0
201300039975,10,11,2013,12,1,92,50,2,1,8,6,"14, THOREZ MAURICE RUE",0.0,0.0
201300039976,13,11,2013,8,1,92,50,2,1,7,6,PICASSO PABLO AVENUE,0.0,0.0
201300039977,14,11,2013,19,5,92,50,2,2,8,3,VAILLANT COUTURIER PAUL,0.0,0.0
201300039978,15,11,2013,20,5,92,50,2,2,9,3,CLEMENCEAU GEORGES AVENU,0.0,0.0
201300039979,20,11,2013,11,1,92,50,2,2,2,7,"71, SURESNES RUE DE",0.0,0.0
201300039980,23,11,2013,9,1,92,50,2,2,8,3,JOFFRE MARECHAL AVENUE D,0.0,0.0
201300039981,25,11,2013,0,5,92,50,2,1,1,7,"0000000000, FRACHON BENO",0.0,0.0
201300039982,22,11,2013,9,1,92,50,2,2,8,3,JOILIOT CURIE F. ET IREN,0.0,0.0
201300039983,7,11,2013,11,1,92,50,2,3,9,7,JOILIOT CURIE F. ET IREN,0.0,0.0
201300039984,25,11,2013,6,5,92,50,2,2,1,3,"66, ARAGO FRANCOIS AVENU",0.0,0.0
201300039985,29,11,2013,18,1,92,50,2,1,2,5,"neant, VAILLANT COUTURIE",0.0,0.0
201300039986,29,11,2013,18,5,92,50,2,1,2,6,", ALOUETTES RUE DES",0.0,0.0
201300039987,1,12,2013,18,5,92,50,2,1,9,6,"34, BOUVETS BOULEVARD DE",0.0,0.0
201300039988,3,12,2013,18,5,92,50,2,1,1,2,"26, VAILLANT COUTURIER P",0.0,0.0
201300039989,5,12,2013,15,1,92,50,2,1,1,6,"11, CHANZY RUE DE",0.0,0.0
201300039990,3,12,2013,12,1,92,50,2,1,1,7,"177, CLEMENCEAU GEORGES",0.0,0.0
201300039991,9,12,2013,12,1,92,50,2,1,9,3,"181, VAILLANT COUTURIER",0.0,0.0
201300039992,11,12,2013,9,1,92,50,2,3,1,7,LENINE VLADIMIR ILITCH A,0.0,0.0
201300039993,12,12,2013,20,5,92,50,2,2,9,3,BALZAC HONORE DE BOULEVA,0.0,0.0
201300039994,13,12,2013,9,1,92,50,2,1,9,2,"02, NERUDA PABLO RUE",0.0,0.0
201300039995,8,12,2013,21,5,92,50,2,1,1,6,"94, BARBET RAYMOND RUE",0.0,0.0
201300039996,17,12,2013,7,2,92,50,2,3,1,6,LEMAITRE THOMAS RUE,0.0,0.0
201300039997,20,12,2013,16,1,92,50,2,1,9,3,"12, STALINGRAD RUE DE",0.0,0.0
201300039998,7,12,2013,22,5,92,50,2,1,1,6,"225, CLEMENCEAU GEORGES",0.0,0.0
201300039999,2,1,2013,19,5,92,51,2,1,2,3,RICHARD WALLACE (BOULEVA,0.0,0.0
201300040000,10,1,2013,23,5,92,51,2,1,2,3,"109, CHARLES DE GAULLE (",0.0,0.0
201300040001,18,11,2013,14,1,92,51,2,1,1,2,"188BIS, CHARLES DE GAULL",0.0,0.0
201300040002,11,1,2013,18,5,92,51,2,1,8,7,"2 bis, CHATEAU (RUE DU)",0.0,0.0
201300040003,14,12,2013,13,1,92,51,2,1,1,6,"174, CHARLES DE GAULLE (",0.0,0.0
201300040004,14,12,2013,13,1,92,51,2,1,1,3,"04, SAUSSAYE (BOULEVARD",0.0,0.0
201300040005,16,1,2013,13,1,92,51,2,1,1,3,"CHEZY (RUE DE, N? 21 A 9",0.0,0.0
201300040006,18,12,2013,17,5,92,51,2,1,1,2,"84, CHARLES DE GAULLE (A",0.0,0.0
201300040007,23,1,2013,15,1,92,51,2,1,1,6,"39, INKERMANN (BOULEVARD",0.0,0.0
201300040008,6,2,2013,10,1,92,51,2,1,1,7,"3, CHATEAU (RUE DU)",0.0,0.0
201300040009,5,2,2013,19,5,92,51,2,1,1,6,"22, MADELEINE MICHELIS (",0.0,0.0
201300040010,5,2,2013,13,1,92,51,2,1,1,3,DEVES (RUE),0.0,0.0
201300040011,16,1,2013,15,1,92,51,2,1,1,2,"123, CHARLES DE GAULLE (",0.0,0.0
201300040012,23,1,2013,17,2,92,51,2,1,1,7,"1, INKERMANN (BOULEVARD",0.0,0.0
201300040013,27,1,2013,13,1,92,51,2,1,2,7,"61, CHARLES DE GAULLE (A",0.0,0.0
201300040014,28,1,2013,14,1,92,51,2,1,1,7,"15, JACQUES DULUD (RUE)",0.0,0.0
201300040015,1,2,2013,14,1,92,51,2,2,2,3,"48 ? 50, CHARLES LAFFITT",0.0,0.0
201300040016,2,2,2013,4,5,92,51,2,2,1,3,"15, INKERMANN (BOULEVARD",0.0,0.0
201300040017,26,1,2013,14,1,92,51,2,1,1,3,"109, CHARLES DE GAULLE (",0.0,0.0
201300040018,10,2,2013,0,5,92,51,2,1,1,5,"135, BINEAU (BOULEVARD,",0.0,0.0
201300040019,21,2,2013,13,1,92,51,2,2,1,6,"164, BINEAU (BOULEVARD,",0.0,0.0
201300040020,25,2,2013,19,5,92,51,2,1,2,7,"69, VILLIERS (RUE DE, N?",0.0,0.0
201300040021,16,2,2013,9,1,92,51,2,1,1,3,"VICTOR HUGO (BOULEVARD,",0.0,0.0
201300040022,10,3,2013,3,5,92,51,2,2,1,3,"59, LONGCHAMP (RUE DE)",0.0,0.0
201300040023,18,2,2013,9,1,92,51,2,1,1,7,"163, CHARLES DE GAULLE (",0.0,0.0
201300040024,1,3,2013,6,5,92,51,2,1,1,7,"30, MAURICE BARRES (BOUL",0.0,0.0
201300040025,8,3,2013,19,5,92,51,2,1,2,7,"16, GENERAL LECLERC (BOU",0.0,0.0
201300040026,25,3,2013,8,1,92,51,2,1,1,7,"20, CHATEAU (BOULEVARD D",0.0,0.0
201300040027,18,3,2013,8,1,92,51,2,1,1,6,"78, CHARLES DE GAULLE (A",0.0,0.0
201300040028,25,3,2013,19,5,92,51,2,1,1,2,"1, RICHARD WALLACE (BOUL",0.0,0.0
201300040029,8,2,2013,18,5,92,51,2,1,2,7,"BINEAU (BOULEVARD, N?133",0.0,0.0
201300040030,5,4,2013,8,1,92,51,2,1,8,6,"145, ACHILLE PERETTI (AV",0.0,0.0
201300040031,29,3,2013,19,5,92,51,2,1,1,1,"96, GENERAL KOENIG (BOUL",0.0,0.0
201300040032,5,4,2013,11,1,92,51,2,1,1,3,"100, MAURICE BARRES (BOU",0.0,0.0
201300040033,12,3,2013,6,2,92,51,2,1,4,7,PUVIS DE CHAVANNE (RUE),0.0,0.0
201300040034,18,4,2013,15,1,92,51,2,1,1,7,"71, CHARLES DE GAULLE (A",0.0,0.0
201300040035,13,4,2013,11,1,92,51,2,3,1,2,"180, BINEAU (BOULEVARD,",0.0,0.0
201300040036,9,4,2013,14,1,92,51,2,1,2,7,"24, LONGCHAMP (RUE DE)",0.0,0.0
201300040037,17,4,2013,22,5,92,51,2,1,1,7,CHATEAU (BOULEVARD DU),0.0,0.0
201300040038,24,4,2013,13,1,92,51,2,1,1,3,"81, BINEAU (BOULEVARD, N",0.0,0.0
201300040039,25,3,2013,10,1,92,51,2,1,1,7,"5, RICHARD WALLACE (BOUL",0.0,0.0
201300040040,27,3,2013,9,1,92,51,2,1,1,3,"27, RICHARD WALLACE (BOU",0.0,0.0
201300040041,29,4,2013,11,1,92,51,2,1,1,3,"62, SABLONS (BOULEVARD D",0.0,0.0
201300040042,30,4,2013,7,2,92,51,2,1,1,3,"93, ROULE (AVENUE DU, N?",0.0,0.0
201300040043,2,4,2013,11,1,92,51,2,1,1,2,"39, VICTOR HUGO (BOULEVA",0.0,0.0
201300040044,12,4,2013,12,1,92,51,2,1,1,3,"22, INKERMANN (BOULEVARD",0.0,0.0
201300040045,16,5,2013,14,1,92,51,2,1,1,6,"39, CHATEAU (BOULEVARD D",0.0,0.0
201300040046,23,5,2013,18,1,92,51,2,1,3,4,"97, GENERAL KOENIG (BOUL",0.0,0.0
201300040047,23,4,2013,19,1,92,51,2,1,1,7,"143, CHARLES DE GAULLE (",0.0,0.0
201300040048,30,5,2013,3,5,92,51,2,1,2,7,"44 ? 46, CHARLES DE GAUL",0.0,0.0
201300040049,16,4,2013,15,1,92,51,2,1,1,3,"20, VICTOR HUGO (BOULEVA",0.0,0.0
201300040050,18,4,2013,15,1,92,51,2,1,1,3,"105, CHARLES DE GAULLE (",0.0,0.0
201300040051,24,4,2013,18,1,92,51,2,2,1,6,"136, ACHILLE PERETTI (AV",0.0,0.0
201300040052,25,4,2013,17,1,92,51,2,1,1,3,"03, INKERMANN (BOULEVARD",0.0,0.0
201300040053,9,6,2013,1,5,92,51,2,1,1,6,"33, CHARLES DE GAULLE (A",0.0,0.0
201300040054,5,5,2013,6,2,92,51,2,1,1,3,"9B, RICHARD WALLACE (BOU",0.0,0.0
201300040055,21,5,2013,20,1,92,51,1,1,8,3,"11, CHATEAU (BOULEVARD D",0.0,0.0
201300040056,26,5,2013,15,1,92,51,2,1,1,3,"68bis, MAURICE BARRES (B",0.0,0.0
201300040057,27,5,2013,8,1,92,51,2,1,1,2,"165, BINEAU (BOULEVARD,",0.0,0.0
201300040058,30,5,2013,22,5,92,51,2,1,3,6,"54, BINEAU (BOULEVARD, N",0.0,0.0
201300040059,31,5,2013,18,1,92,51,2,1,1,3,"35, CHEZY (RUE DE, N? 21",0.0,0.0
201300040060,1,6,2013,2,5,92,51,2,1,1,2,"217, BINEAU (BOULEVARD,",0.0,0.0
201300040061,9,6,2013,11,1,92,51,2,1,1,6,"11, PAUL DEROULEDE (RUE)",0.0,0.0
201300040062,9,6,2013,18,1,92,51,2,1,2,2,"71, CHARLES DE GAULLE (A",0.0,0.0
201300040063,10,6,2013,21,2,92,51,2,1,1,6,"199, CHARLES DE GAULLE (",0.0,0.0
201300040064,10,6,2013,14,1,92,51,2,1,1,2,"71, CHARLES DE GAULLE (A",0.0,0.0