Num_Acc,jour,mois,an,hr,condition_eclairage,departement,commune,condition_agglomeration,intersection,condition_atmosphere,type_collision,adresse,lattitude,longitude
201300040065,14,6,2013,14,1,92,51,2,1,1,2,"132, CHARLES DE GAULLE (",0.0,0.0
201300040066,26,6,2013,10,1,92,51,2,1,1,6,"90, VICTOR HUGO (BOULEVA",0.0,0.0
201300040067,27,5,2013,15,1,92,51,2,1,1,2,"64, BINEAU (BOULEVARD, N",0.0,0.0
201300040068,8,7,2013,12,1,92,51,2,1,1,2,"62, CHARLES DE GAULLE (A",0.0,0.0
201300040069,22,6,2013,3,5,92,51,2,1,1,6,"113, GENERAL KOENIG (BOU",0.0,0.0
201300040070,4,6,2013,9,1,92,51,2,1,1,6,"20, PAUL CHATROUSSE (RUE",0.0,0.0
201300040071,6,6,2013,9,1,92,51,2,1,1,5,"115, CHARLES DE GAULLE (",0.0,0.0
201300040072,6,6,2013,17,1,92,51,2,1,1,6,"37bis, VILLIERS (RUE DE,",0.0,0.0
201300040073,11,6,2013,17,1,92,51,2,1,1,6,"90, CHARLES DE GAULLE (A",0.0,0.0
201300040074,12,6,2013,7,1,92,51,2,1,1,6,"195, BINEAU (BOULEVARD,",0.0,0.0
201300040075,24,7,2013,5,5,92,51,2,1,8,6,"120, MAURICE BARRES (BOU",0.0,0.0
201300040076,22,7,2013,16,1,92,51,2,1,1,6,"13, RICHARD WALLACE (BOU",0.0,0.0
201300040077,3,8,2013,9,1,92,51,2,1,1,6,"162, BINEAU (BOULEVARD,",0.0,0.0
201300040078,21,6,2013,7,1,92,51,2,1,1,6,"3, PARMENTIER (PLACE)",0.0,0.0
201300040079,28,6,2013,17,1,92,51,2,1,1,3,"9B ? 13, RICHARD WALLACE",0.0,0.0
201300040080,3,7,2013,11,1,92,51,2,1,8,3,"55, VICTOR HUGO (BOULEVA",0.0,0.0
201300040081,11,7,2013,16,1,92,51,2,1,1,6,"29, VILLIERS (RUE DE, N?",0.0,0.0
201300040082,12,7,2013,12,1,92,51,2,1,1,6,"36, CHARLES DE GAULLE (A",0.0,0.0
201300040083,8,7,2013,12,1,92,51,2,1,1,2,"127, CHARLES DE GAULLE (",0.0,0.0
201300040084,11,7,2013,20,1,92,51,2,1,1,3,"26, CHATEAU (BOULEVARD D",0.0,0.0
201300040085,15,7,2013,20,1,92,51,2,1,1,6,"06, MAILLOT (BOULEVARD)",0.0,0.0
201300040086,21,8,2013,18,1,92,51,2,1,1,3,"122, CHARLES DE GAULLE (",0.0,0.0
201300040087,7,10,2013,15,1,92,51,2,1,1,2,"67, GEORGES SEURAT (BOUL",0.0,0.0
201300040088,20,8,2013,12,2,92,51,2,1,1,3,"201, CHARLES DE GAULLE (",0.0,0.0
201300040089,13,10,2013,13,1,92,51,2,1,1,2,"41, CHARLES DE GAULLE (A",0.0,0.0
201300040090,17,7,2013,7,1,92,51,2,1,1,2,"199, CHARLES DE GAULLE (",0.0,0.0
201300040091,17,7,2013,22,5,92,51,2,1,1,6,"68, MAURICE BARRES (BOUL",0.0,0.0
201300040092,16,7,2013,8,1,92,51,2,1,1,3,"18, CHARLES DE GAULLE (A",0.0,0.0
201300040093,28,7,2013,17,1,92,51,2,1,1,3,"60, MAURICE BARRES (BOUL",0.0,0.0
201300040094,17,7,2013,12,1,92,51,2,1,1,3,"134, BINEAU (BOULEVARD,",0.0,0.0
201300040095,16,7,2013,9,1,92,51,2,1,1,6,"04, MADRID (AVENUE DE)",0.0,0.0
201300040096,2,8,2013,20,1,92,51,2,1,1,7,"204, BINEAU (BOULEVARD,",0.0,0.0
201300040097,12,8,2013,19,1,92,51,2,1,7,6,"92, BINEAU (BOULEVARD, N",0.0,0.0
201300040098,7,8,2013,10,1,92,51,2,2,2,3,"79?81, BINEAU (BOULEVARD",0.0,0.0
201300040099,14,11,2013,19,5,92,51,2,4,1,6,"02, JACQUES DULUD (RUE)",0.0,0.0
201300040100,20,9,2013,2,5,92,51,2,1,1,7,"23, GENERAL KOENIG (BOUL",0.0,0.0
201300040101,2,10,2013,16,1,92,51,2,1,1,6,"146, CHARLES DE GAULLE (",0.0,0.0
201300040102,4,9,2013,19,1,92,51,2,1,1,6,"28, YBRY (RUE)",0.0,0.0
201300040103,11,10,2013,1,5,92,51,2,1,1,3,"105, CHARLES DE GAULLE (",0.0,0.0
201300040104,10,9,2013,22,5,92,51,2,2,1,6,"79, BINEAU (BOULEVARD, N",0.0,0.0
201300040105,2,9,2013,13,1,92,51,2,2,1,6,"36, INKERMANN (BOULEVARD",0.0,0.0
201300040106,19,10,2013,7,2,92,51,2,1,1,4,"182, BINEAU (BOULEVARD,",0.0,0.0
201300040107,28,9,2013,12,1,92,51,2,3,1,3,"66, BOURDON (BOULEVARD)",0.0,0.0
201300040108,24,10,2013,17,1,92,51,2,1,1,4,"76, ROULE (AVENUE DU, N?",0.0,0.0
201300040109,12,9,2013,3,5,92,51,2,1,1,6,"25, MONTROSIER (RUE)",0.0,0.0
201300040110,10,9,2013,19,1,92,51,2,1,1,7,"83, LONGCHAMP (RUE DE)",0.0,0.0
201300040111,29,10,2013,10,1,92,51,2,1,1,6,"43, CHARTRES (RUE DE )",0.0,0.0
201300040112,6,11,2013,19,5,92,51,2,1,1,3,"182, BINEAU (BOULEVARD,",0.0,0.0
201300040113,6,11,2013,8,1,92,51,2,1,2,3,"72?80, CHARLES DE GAULLE",0.0,0.0
201300040114,17,9,2013,19,2,92,51,2,1,3,6,"97, ROULE (AVENUE DU, N?",0.0,0.0
201300040115,24,9,2013,13,1,92,51,2,1,1,6,"89, BINEAU (BOULEVARD, N",0.0,0.0
201300040116,6,11,2013,12,1,92,51,2,2,1,3,"2, SABLONS (BOULEVARD DE",0.0,0.0
201300040117,7,10,2013,17,1,92,51,2,1,1,6,"23, VILLIERS (RUE DE, N?",0.0,0.0
201300040118,9,10,2013,16,1,92,51,2,1,8,2,"37, GENERAL LECLERC (BOU",0.0,0.0
201300040119,27,11,2013,18,5,92,51,2,2,1,6,"19, ANCELLE (RUE)",0.0,0.0
201300040120,4,10,2013,20,5,92,51,2,1,1,2,"125, GENERAL KOENIG (BOU",0.0,0.0
201300040121,15,10,2013,19,2,92,51,2,1,1,6,"145, ROULE (AVENUE DU, N",0.0,0.0
201300040122,30,11,2013,13,1,92,51,2,1,1,2,"195, BINEAU (BOULEVARD,",0.0,0.0
201300040123,16,10,2013,12,1,92,51,2,1,1,6,"35, SAUSSAYE (BOULEVARD",0.0,0.0
201300040124,16,10,2013,19,5,92,51,2,2,2,3,"18, CHATEAU (BOULEVARD D",0.0,0.0
201300040125,23,10,2013,21,5,92,51,2,1,1,6,"31, GENERAL KOENIG (BOUL",0.0,0.0
201300040126,25,10,2013,19,5,92,51,2,2,2,3,"135, ACHILLE PERETTI (AV",0.0,0.0
201300040127,29,10,2013,23,5,92,51,2,1,8,3,"10, MADRID (AVENUE DE)",0.0,0.0
201300040128,21,10,2013,12,1,92,51,2,1,1,2,"68, GENERAL KOENIG (BOUL",0.0,0.0
201300040129,19,11,2013,12,1,92,51,2,1,1,2,"68, GENERAL KOENIG (BOUL",0.0,0.0
201300040130,5,12,2013,18,4,92,51,2,1,1,2,"221, CHARLES DE GAULLE (",0.0,0.0
201300040131,6,12,2013,16,1,92,51,2,1,1,7,"47, ROULE (AVENUE DU, N?",0.0,0.0
201300040132,6,12,2013,8,1,92,51,2,1,1,7,"15, HOTEL DE VILLE (RUE",0.0,0.0
201300040133,6,11,2013,10,1,92,51,2,2,8,7,"217, BINEAU (BOULEVARD,",0.0,0.0
201300040134,8,11,2013,13,1,92,51,2,1,2,2,"6, SABLONS (BOULEVARD DE",0.0,0.0
201300040135,15,11,2013,8,1,92,51,2,1,1,4,"face au 25, RICHARD WALL",0.0,0.0
201300040136,16,12,2013,15,1,92,51,2,1,1,6,"36, GENERAL LECLERC (BOU",0.0,0.0
201300040137,2,1,2013,18,5,92,51,2,1,1,7,CHATEAU (BOULEVARD DU),0.0,0.0
201300040138,3,1,2013,21,5,92,62,2,3,2,3,", WALLACE (BD RICHARD) D",0.0,0.0
201300040139,5,1,2013,22,5,92,51,2,3,1,1,rue Victor Hugo,0.0,0.0
201300040140,9,1,2013,18,5,92,62,2,1,2,7,"34, DE DION BOUTON (QUAI",0.0,0.0
201300040141,16,1,2013,9,1,92,62,2,3,7,7,WALLACE (BD RICHARD) DU,0.0,0.0
201300040142,11,2,2013,7,2,92,62,2,3,2,1,"76, WALLACE (BD RICHARD)",0.0,0.0
201300040143,21,2,2013,10,1,92,62,2,1,1,6,"30, DE DION BOUTON (QUAI",0.0,0.0
201300040144,24,2,2013,12,1,92,62,2,3,8,3,"28, WALLACE (BD RICHARD)",0.0,0.0
201300040145,27,2,2013,9,1,92,62,2,1,8,7,", GENERAL DE GAULLE (AV)",0.0,0.0
201300040146,27,2,2013,12,1,92,62,2,1,8,7,"69, CONTRE ALLEE GENERAL",0.0,0.0
201300040147,1,3,2013,13,1,92,62,2,3,1,7,"47, JACOTOT (RUE MARIUS)",0.0,0.0
201300040148,8,3,2013,19,5,92,62,2,1,2,2,"69, GENERAL DE GAULLE (A",0.0,0.0
201300040149,22,3,2013,16,1,92,62,2,1,1,7,"86, GENERAL DE GAULLE (A",0.0,0.0
201300040150,25,3,2013,9,1,92,62,2,1,1,3,"2, WALLACE (BD RICHARD)",0.0,0.0
201300040151,26,3,2013,11,1,92,62,2,3,1,3,MALON (RUE  BENOIT) DU 3,0.0,0.0
201300040152,26,3,2013,15,1,92,62,2,3,1,2,"10, VOLTAIRE (RUE)",0.0,0.0
201300040153,28,3,2013,8,2,92,62,2,3,1,2,"71, GENERAL DE GAULLE (A",0.0,0.0
201300040154,2,4,2013,11,1,92,62,2,3,1,1,DE DION BOUTON (QUAI) DU,0.0,0.0
201300040155,3,4,2013,12,1,92,62,2,1,1,2,"12, FUSILLES DE LA RESIS",0.0,0.0
201300040156,12,4,2013,17,1,92,62,2,1,1,3,"58, DE DION BOUTON (QUAI",0.0,0.0
201300040157,17,4,2013,8,1,92,62,2,1,1,3,"26/30, FRANCE (RUE ANATO",0.0,0.0
201300040158,19,4,2013,1,5,92,62,2,1,1,7,"39bis, ROUSSELLE (RUE)",0.0,0.0
201300040159,22,4,2013,13,1,92,62,2,3,1,7,"26, VOILIN (RUE LUCIEN)",0.0,0.0
201300040160,22,4,2013,18,1,92,62,2,3,1,2,BERGERES (RD-PT DES) DU,0.0,0.0
201300040161,26,4,2013,19,1,92,62,2,1,1,7,"50, WALLACE (BD RICHARD)",0.0,0.0
201300040162,18,5,2013,16,1,92,62,2,1,8,6,"49, WALLACE (BD RICHARD)",0.0,0.0
201300040163,30,5,2013,8,1,92,62,2,1,2,6,"95, ROSIERS (RUE DES) N?",0.0,0.0
201300040164,6,6,2013,14,1,92,62,2,3,1,6,"109, JAURES (RUE JEAN) D",0.0,0.0
201300040165,17,6,2013,18,1,92,62,2,1,1,5,"58, DE DION BOUTON (QUAI",0.0,0.0
201300040166,25,6,2013,18,1,92,62,2,3,1,6,"114, JAURES (RUE JEAN) D",0.0,0.0
201300040167,25,6,2013,17,1,92,62,2,3,1,3,"1bis, WALLACE (BD RICHAR",0.0,0.0
201300040168,4,7,2013,8,1,92,62,2,1,1,6,"5bis, FUSILLES DE LA RES",0.0,0.0
201300040169,8,7,2013,12,1,92,62,2,3,1,7,DE DION BOUTON (QUAI) DU,0.0,0.0
201300040170,11,7,2013,20,1,92,62,2,1,1,6,"128, PDT WILSON (Avenue)",0.0,0.0
201300040171,12,7,2013,18,1,92,62,2,1,1,1,CONTRE ALLEE GENERAL DE,0.0,0.0
201300040172,17,7,2013,20,1,92,62,2,3,1,3,WALLACE (BD RICHARD) DU,0.0,0.0
201300040173,5,9,2013,3,5,92,62,2,1,1,6,"03, PARMENTIER (RUE)",0.0,0.0
201300040174,7,9,2013,12,1,92,62,2,1,1,6,"35, GODEFROY (RUE) DU 19",0.0,0.0
201300040175,12,9,2013,22,3,92,62,2,1,1,6,"146, REPUBLIQUE (RUE DE",0.0,0.0
201300040176,13,9,2013,15,1,92,62,2,1,1,7,"13, DE DION BOUTON (QUAI",0.0,0.0
201300040177,18,9,2013,20,5,92,62,2,1,1,5,"34, DE DION BOUTON (QUAI",0.0,0.0
201300040178,16,8,2013,19,1,92,62,2,1,1,7,"101, GENERAL DE GAULLE (",0.0,0.0
201300040179,7,10,2013,17,2,92,62,2,3,1,6,SOLJENITSYNE  (BD ALEXAN,0.0,0.0
201300040180,10,10,2013,15,1,92,62,2,3,1,3,"63, DE DION BOUTON (QUAI",0.0,0.0
201300040181,23,10,2013,14,1,92,62,2,3,1,6,"79, REPUBLIQUE (RUE DE L",0.0,0.0
201300040182,26,10,2013,0,5,92,62,2,1,1,2,"55, DE DION BOUTON (QUAI",0.0,0.0
201300040183,28,10,2013,19,5,92,62,2,1,1,2,"135, JAURES (RUE JEAN) D",0.0,0.0
201300040184,31,10,2013,16,1,92,62,2,3,8,3,"28, DE DION BOUTON (QUAI",0.0,0.0
201300040185,1,11,2013,19,2,92,62,2,3,3,6,"129, REPUBLIQUE (RUE DE",0.0,0.0
201300040186,6,11,2013,9,1,92,62,2,3,8,6,"34, JAURES (RUE JEAN) DU",0.0,0.0
201300040187,16,11,2013,17,2,92,62,2,3,1,6,"17, WALLACE (BD RICHARD)",0.0,0.0
201300040188,21,11,2013,7,5,92,62,2,3,2,3,"23, WALLACE (BD RICHARD)",0.0,0.0
201300040189,25,11,2013,13,1,92,62,2,6,8,1,"1, ROND POINT DE LA LIBE",0.0,0.0
201300040190,27,11,2013,12,1,92,62,2,3,8,5,"106, GENERAL DE GAULLE (",0.0,0.0
201300040191,28,11,2013,19,5,92,62,2,3,8,3,"113, REPUBLIQUE (RUE DE",0.0,0.0
201300040192,2,12,2013,11,1,92,62,2,1,1,2,"3, DE DION BOUTON (QUAI)",0.0,0.0
201300040193,4,12,2013,17,5,92,62,2,1,8,3,"3, DE DION BOUTON (QUAI)",0.0,0.0
201300040194,13,12,2013,9,1,92,62,2,3,8,7,"11, DE DION BOUTON (QUAI",0.0,0.0
201300040195,14,12,2013,9,1,92,62,2,3,8,3,"15, LAFARGUES (RUE PAUL)",0.0,0.0
201300040196,22,12,2013,20,5,92,62,2,1,2,6,"122, JAURES(RUE JEAN) DU",0.0,0.0
201300040197,26,12,2013,19,5,92,62,2,1,8,6,"35/37/39, EICHENBERGER (",0.0,0.0
201300040198,5,1,2013,20,5,92,63,2,1,2,3,"69, DIX-HUIT JUIN 1940 (",0.0,0.0
201300040199,9,1,2013,20,2,92,63,2,6,2,3,"n?ant, MAUPASSANT (RUE G",0.0,0.0
201300040200,11,1,2013,8,1,92,63,2,1,1,2,"80, DOUMER (AVENUE PAUL)",0.0,0.0
201300040201,15,1,2013,9,2,92,63,2,2,2,6,"74, HUGO (AVENUE VICTOR)",0.0,0.0
201300040202,15,1,2013,9,1,92,63,2,1,2,6,"n?ant, HUGO (AVENUE VICT",0.0,0.0
201300040203,16,1,2013,20,5,92,63,2,3,1,2,"1, ROOSEVELT (BOULEVARD",0.0,0.0
201300040204,24,1,2013,11,1,92,63,2,2,1,7,COLMAR (AVENUE DE),0.0,0.0
201300040205,31,1,2013,12,1,92,63,2,3,1,1,IMPERATRICE JOSEPHINE (A,0.0,0.0
201300040206,2,2,2013,20,5,92,63,2,1,1,2,HOPITAL STELL (BOULEVARD,0.0,0.0
201300040207,6,2,2013,17,2,92,63,2,1,1,6,"n?ant, COLMAR (AVENUE DE",0.0,0.0
201300040208,10,2,2013,22,2,92,63,2,1,2,7,DOUMER (AVENUE PAUL) EST,0.0,0.0
201300040209,15,2,2013,8,1,92,63,2,1,2,7,"n?ant, CHATOU (PONT DE)",0.0,0.0
201300040210,20,2,2013,20,5,92,63,2,1,1,6,"86, DOUMER (AVENUE PAUL)",0.0,0.0
201300040211,24,2,2013,19,5,92,63,2,1,4,7,"2, CHATEAU (RUE DU)",0.0,0.0
201300040212,4,3,2013,7,1,92,63,2,6,1,3,"**********, BRU (PLACE D",0.0,0.0
201300040213,7,3,2013,18,1,92,63,2,1,1,7,"4, FOCH (BOULEVARD DU MA",0.0,0.0
201300040214,14,3,2013,8,1,92,63,2,1,1,3,"14, MASSENA (RUE)",0.0,0.0
201300040215,14,3,2013,9,1,92,63,2,3,1,1,MOLIERE (RUE),0.0,0.0
201300040216,12,3,2013,8,1,92,63,2,1,1,7,"25, GALLIENI (RUE)",0.0,0.0
201300040217,26,3,2013,13,1,92,63,2,3,1,6,"N?ant, DANTON (RUE)",0.0,0.0
201300040218,26,3,2013,17,1,92,63,2,1,1,3,"06, SUE (RUE EUGENE)",0.0,0.0
201300040219,11,4,2013,8,1,92,63,2,3,1,3,"n?ant, COLMAR (AVENUE DE",0.0,0.0
201300040220,11,4,2013,18,1,92,63,2,1,2,7,"N?ant, BONS RAISINS (RUE",0.0,0.0
201300040221,15,4,2013,9,1,92,63,2,9,2,3,"40, DOUMER (AVENUE PAUL)",0.0,0.0
201300040222,18,4,2013,16,1,92,63,2,1,1,7,"N?ant, DUFAURE (RUE AMED",0.0,0.0
201300040223,19,4,2013,19,1,92,63,2,1,2,3,"18, CRAMAIL (RUE ADRIEN)",0.0,0.0
201300040224,19,4,2013,19,1,92,63,2,3,1,4,"2, HABY SOMMER (RUE)",0.0,0.0
201300040225,22,4,2013,17,1,92,63,2,9,1,3,"n?ant, JONCHERE (CHEMIN",0.0,0.0
201300040226,24,4,2013,14,1,92,63,2,1,1,6,"17/19, FOUILLEUSE (AVENU",0.0,0.0
201300040227,26,4,2013,17,1,92,63,2,1,1,3,"109, NATIONAL (BOULEVARD",0.0,0.0
201300040228,27,4,2013,12,1,92,63,2,1,1,6,"18, MASSENA (RUE)",0.0,0.0
201300040229,11,5,2013,15,1,92,63,2,3,1,3,"N?ant, GALLIENI (RUE)",0.0,0.0
201300040230,20,5,2013,18,1,92,63,1,1,3,6,"24, PERVENCHES (RUE DES)",0.0,0.0
201300040231,21,5,2013,17,1,92,63,2,1,1,6,"40, EMPEREUR (ROUTE DE L",0.0,0.0
201300040232,21,5,2013,17,1,92,63,2,1,1,7,"4, CHAPELLE (RUE DE LA)",0.0,0.0
201300040233,28,5,2013,8,1,92,63,2,1,2,7,"19, PERRET (RUE AUGUSTE)",0.0,0.0
201300040234,30,5,2013,7,1,92,63,2,1,2,7,"14, SOLFERINO (BOULEVARD",0.0,0.0
201300040235,31,5,2013,16,1,92,63,2,1,1,7,"10, DIX-HUIT JUIN 1940 (",0.0,0.0
201300040236,11,6,2013,22,5,92,63,2,3,1,6,"n?ant, HOPITAL STELL (BO",0.0,0.0
201300040237,17,6,2013,9,1,92,63,2,3,2,6,"1, QUATRE SEPTEMBRE (RUE",0.0,0.0
201300040238,20,6,2013,10,1,92,63,2,1,1,6,"76 BIS, ALBERT 1ER (AVEN",0.0,0.0
201300040239,22,6,2013,20,1,92,63,2,3,1,6,"n?ant, DIX-HUIT JUIN 194",0.0,0.0
201300040240,25,6,2013,18,1,92,63,2,1,1,2,"N?ant, EMPEREUR (ROUTE D",0.0,0.0
201300040241,30,6,2013,17,1,92,63,2,1,1,6,"17, GLYCINES (ALLEE DES)",0.0,0.0
201300040242,4,7,2013,19,1,92,63,2,1,1,3,"1, DIX-HUIT JUIN 1940 (A",0.0,0.0
201300040243,6,7,2013,14,1,92,63,2,1,1,3,"74, DOUMER (AVENUE PAUL)",0.0,0.0
201300040244,9,7,2013,16,1,92,63,2,1,1,2,"N?ant, COLMAR (AVENUE DE",0.0,0.0
201300040245,10,7,2013,7,1,92,63,2,1,1,7,"8, SOLFERINO (BOULEVARD)",0.0,0.0
201300040246,5,7,2013,15,1,92,63,2,1,1,2,"56, FOUILLEUSE (AVENUE D",0.0,0.0
201300040247,11,7,2013,9,1,92,63,2,1,1,3,"N?ant, TERRAY (RUE LIONE",0.0,0.0
201300040248,11,7,2013,9,1,92,63,2,6,1,6,"****, EMPEREUR (ROUTE DE",0.0,0.0
201300040249,14,7,2013,3,5,92,63,2,1,1,6,"17-19, JUIN (AVENUE DU M",0.0,0.0
201300040250,18,7,2013,15,1,92,63,2,1,1,3,"24, ALBERT 1ER (AVENUE)",0.0,0.0
201300040251,19,7,2013,8,1,92,63,2,1,1,7,"112, EMPEREUR (ROUTE DE",0.0,0.0
201300040252,29,7,2013,0,5,92,63,2,1,1,2,"NEANT, BONAPARTE (AVENUE",0.0,0.0
201300040253,31,7,2013,22,5,92,63,2,3,1,7,"****, HOPITAL STELL (BOU",0.0,0.0
201300040254,2,8,2013,14,1,92,63,2,1,1,6,"16 BIS, REPUBLIQUE (AVEN",0.0,0.0
201300040255,5,8,2013,12,1,92,63,2,1,1,6,"n?ant, CHATOU (AVENUE DE",0.0,0.0
201300040256,5,8,2013,14,1,92,63,2,1,1,7,"372, BONAPARTE (AVENUE N",0.0,0.0
201300040257,7,8,2013,13,1,92,63,2,1,1,2,"NEANT, COLMAR (AVENUE DE",0.0,0.0
201300040258,18,8,2013,19,1,92,63,2,1,1,2,"40, DIX-HUIT JUIN 1940 (",0.0,0.0
201300040259,19,8,2013,17,1,92,63,2,3,1,3,"18, HOPITAL STELL (BOULE",0.0,0.0
201300040260,22,8,2013,12,1,92,63,2,1,1,6,"15 BIS, ALBERT 1ER (AVEN",0.0,0.0
201300040261,28,8,2013,17,1,92,63,2,1,1,6,"105, DANTON (RUE)",0.0,0.0
201300040262,30,8,2013,9,1,92,63,2,3,1,2,"188, DIX-HUIT JUIN 1940",0.0,0.0
201300040263,7,9,2013,13,1,92,63,2,1,1,6,"19, BLERIOT (RUE LOUIS)",0.0,0.0
201300040264,7,9,2013,14,1,92,63,2,1,1,6,"1, QUATRE SEPTEMBRE (RUE",0.0,0.0
201300040265,9,9,2013,9,1,92,63,2,3,1,3,"****, GALLIENI (RUE)",0.0,0.0
201300040266,9,9,2013,17,1,92,63,2,1,2,6,"17, NATIONAL (BOULEVARD)",0.0,0.0
201300040267,3,9,2013,12,1,92,63,2,1,1,3,"266, BONAPARTE (AVENUE N",0.0,0.0
201300040268,12,9,2013,8,1,92,63,2,1,2,3,"66, HABY SOMMER (RUE)",0.0,0.0
201300040269,15,9,2013,9,1,92,63,2,1,1,6,"40, GALLIENI (RUE)",0.0,0.0
201300040270,16,9,2013,11,1,92,63,2,1,1,6,"54, GALLIENI (RUE)",0.0,0.0
201300040271,19,9,2013,19,1,92,63,2,1,1,7,"196, DOUMER (AVENUE PAUL",0.0,0.0
201300040272,21,9,2013,6,5,92,63,2,1,1,6,"NEANT, BUZENVAL (AVENUE",0.0,0.0
201300040273,22,9,2013,8,1,92,63,2,1,1,6,"****, COLMAR (AVENUE DE)",0.0,0.0
201300040274,23,9,2013,8,1,92,63,2,2,1,3,"****, NATIONAL (BOULEVAR",0.0,0.0
201300040275,26,9,2013,8,1,92,63,2,1,1,4,"****, CHATOU (PONT DE)",0.0,0.0
201300040276,27,9,2013,19,5,92,63,2,4,1,3,"****, GALLIENI (RUE)",0.0,0.0
201300040277,5,10,2013,16,1,92,63,2,1,1,3,"35, DIX-HUIT JUIN 1940 (",0.0,0.0
201300040278,7,10,2013,18,1,92,63,2,4,1,3,"89, GALLIENI (RUE)",0.0,0.0
201300040279,8,10,2013,10,1,92,63,2,1,1,3,"101, POMPIDOU (AVENUE DU",0.0,0.0
201300040280,16,10,2013,15,1,92,63,2,1,2,7,"60, ESTIENNE D'ORVES (RU",0.0,0.0
201300040281,21,10,2013,14,1,92,63,2,1,1,6,"02, ALBERT 1ER (AVENUE)",0.0,0.0
201300040282,23,10,2013,17,1,92,63,2,1,2,2,"95, DOUMER (AVENUE PAUL)",0.0,0.0
201300040283,12,10,2013,14,1,92,63,2,1,1,6,"18, DE GAULLE (BOULEVARD",0.0,0.0
201300040284,26,10,2013,15,1,92,63,2,1,2,3,"55, POMPIDOU (AVENUE DU",0.0,0.0
201300040285,29,10,2013,9,1,92,63,2,1,1,3,"****, LANDES (RUE DES)",0.0,0.0
201300040286,30,10,2013,22,5,92,63,2,3,1,2,"****, SUE (RUE EUGENE)",0.0,0.0
201300040287,3,11,2013,0,5,92,63,2,1,8,7,"58, HABY SOMMER (RUE)",0.0,0.0
201300040288,6,11,2013,18,4,92,63,2,1,1,2,"****, CHATOU (PONT DE)",0.0,0.0
201300040289,8,11,2013,8,1,92,63,2,6,1,6,"****, BOURGUIGNON (RUE J",0.0,0.0
201300040290,9,11,2013,10,1,92,63,2,2,1,6,DANTON (RUE),0.0,0.0
201300040291,10,11,2013,12,1,92,63,2,3,1,2,"322, BONAPARTE (AVENUE N",0.0,0.0
201300040292,12,11,2013,20,3,92,63,2,1,2,2,"14, RICHELIEU (BOULEVARD",0.0,0.0
201300040293,11,11,2013,9,1,92,63,2,1,1,6,"382, BONAPARTE (AVENUE N",0.0,0.0
201300040294,14,11,2013,7,2,92,63,2,1,1,2,"18, DOUMER (AVENUE PAUL)",0.0,0.0
201300040295,20,11,2013,8,2,92,63,2,2,1,3,"****, COLMAR (AVENUE DE)",0.0,0.0
201300040296,22,11,2013,8,1,92,63,2,3,1,7,"27, MASSENA (RUE)",0.0,0.0
201300040297,22,11,2013,12,1,92,63,2,1,1,6,"64, SAND (RUE GEORGE)",0.0,0.0
201300040298,22,11,2013,15,1,92,63,2,6,1,6,"40, RICHELIEU (BOULEVARD",0.0,0.0
201300040299,2,12,2013,14,1,92,63,2,3,1,2,"N?ant, ROSIERS (RUE DES)",0.0,0.0
201300040300,5,12,2013,10,1,92,63,1,1,1,2,"0, Bretelle A86",0.0,0.0
201300040301,6,12,2013,8,1,92,63,2,1,1,3,"67, DIX-HUIT JUIN 1940 (",0.0,0.0
201300040302,13,12,2013,7,2,92,63,2,1,4,2,"48, DOUMER (AVENUE PAUL)",0.0,0.0
201300040303,17,12,2013,13,1,92,63,2,1,1,6,"55, COLMAR (AVENUE DE)",0.0,0.0
201300040304,18,12,2013,18,2,92,63,2,6,1,6,"N?ant, FOUILLEUSE (AVENU",0.0,0.0
201300040305,27,12,2013,19,2,92,63,2,1,2,6,"25, DOUMER (AVENUE PAUL)",0.0,0.0
201300040306,3,1,2013,10,1,92,64,2,1,1,7,"20-21, CARNOT",0.0,0.0
201300040307,13,1,2013,11,1,92,64,2,9,1,3,"65, MARCEL DASSAULT",0.0,0.0
201300040308,14,1,2013,15,1,92,64,2,1,2,7,"272, REPUBLIQUE",0.0,0.0
201300040309,16,1,2013,19,5,92,64,2,1,1,3,REPUBLIQUE,0.0,0.0
201300040310,17,1,2013,7,2,92,64,2,1,1,7,"02, FEUDON",0.0,0.0
201300040311,25,1,2013,9,1,92,64,2,1,1,3,"100, REPUBLIQUE",0.0,0.0
201300040312,26,1,2013,21,1,92,64,2,6,1,3,"30, PASTEUR",0.0,0.0
201300040313,28,1,2013,16,1,92,64,2,1,1,6,"35, DAILLY",0.0,0.0
201300040314,11,2,2013,8,1,92,33,2,2,3,3,PORTE JAUNE,0.0,0.0
201300040315,12,2,2013,8,1,92,64,2,1,1,7,"60 BIS, REPUBLIQUE",0.0,0.0
201300040316,13,2,2013,9,1,92,64,2,1,1,3,CARNOT,0.0,0.0
201300040317,27,2,2013,7,2,92,64,2,1,9,7,"02, GOUNOD",0.0,0.0
201300040318,7,3,2013,13,1,92,64,2,1,2,3,"30, PASTEUR",0.0,0.0
201300040319,10,3,2013,18,1,92,76,2,1,1,6,CHASSE ROYALE,0.0,0.0
201300040320,15,3,2013,15,1,92,33,2,7,1,6,SAINT LOUIS,0.0,0.0
201300040321,24,3,2013,12,1,92,47,2,9,1,6,"01 BIS, REPUBLIQUE",0.0,0.0
201300040322,8,3,2013,16,1,92,33,2,1,1,3,"157, BUZENVAL",0.0,0.0
201300040323,30,3,2013,1,5,92,64,2,9,1,3,REPUBLIQUE,0.0,0.0
201300040324,2,4,2013,9,1,92,64,2,7,1,3,PLACE CLEMENCEAU,0.0,0.0
201300040325,2,4,2013,18,1,92,33,2,9,1,3,DOCTEUR DEBAT,0.0,0.0
201300040326,2,4,2013,20,1,92,64,2,1,1,7,PLACE CLEMENCEAU,0.0,0.0
201300040327,3,4,2013,9,1,92,64,2,7,1,3,ST CLOUD,0.0,0.0
201300040328,8,4,2013,19,2,92,64,2,1,1,6,ALEXANDRE COUTUREAU,0.0,0.0
201300040329,11,4,2013,18,1,92,64,2,1,1,7,"17, MONT VALERIEN",0.0,0.0
201300040330,17,4,2013,17,1,92,47,2,1,1,5,JARDY,0.0,0.0
201300040331,18,4,2013,9,1,92,64,2,9,1,3,"65, MARCEL DASSAULT",0.0,0.0