Num_Acc,jour,mois,an,hr,condition_eclairage,departement,commune,condition_agglomeration,intersection,condition_atmosphere,type_collision,adresse,lattitude,longitude
201300040332,18,4,2013,19,1,92,64,2,3,1,2,PORTE JAUNE,0.0,0.0
201300040333,21,4,2013,17,1,92,64,2,1,1,3,MARECHAL JUIN,0.0,0.0
201300040334,23,4,2013,20,1,92,76,2,1,1,3,CHASSE ROYALE,0.0,0.0
201300040335,29,4,2013,10,1,92,64,2,1,1,3,"05, LOUIS LOUCHEUR",0.0,0.0
201300040336,2,5,2013,1,3,92,64,2,1,2,6,MARECHAL JUIN,0.0,0.0
201300040337,7,5,2013,16,1,92,64,2,3,1,3,MARCEL DASSAULT,0.0,0.0
201300040338,10,5,2013,16,1,92,33,2,1,1,2,GENERAL DE GAULLE,0.0,0.0
201300040339,15,5,2013,15,1,92,64,2,1,1,7,"18bis, CARNOT",0.0,0.0
201300040340,20,5,2013,21,5,92,64,2,6,3,3,MAGENTA PLACE,0.0,0.0
201300040341,21,5,2013,19,1,92,47,2,1,8,2,JARDY,0.0,0.0
201300040342,24,5,2013,14,1,92,64,2,1,1,7,PLACE CLEMENCEAU,0.0,0.0
201300040343,24,5,2013,20,1,92,64,2,3,1,3,MARCEL DASSAULT,0.0,0.0
201300040344,27,5,2013,12,1,92,76,2,4,1,3,PUITS,0.0,0.0
201300040345,1,6,2013,1,5,92,33,2,1,1,7,"132 BIS, PORTE JAUNE",0.0,0.0
201300040346,5,6,2013,11,1,92,64,2,1,1,6,PASTEUR,0.0,0.0
201300040347,10,6,2013,8,1,92,64,2,1,1,6,"13, SENARD",0.0,0.0
201300040348,12,6,2013,14,1,92,47,2,3,1,6,JARDY,0.0,0.0
201300040349,13,6,2013,16,1,92,64,2,1,2,7,"1200, MARCEL DASSAULT",0.0,0.0
201300040350,11,6,2013,18,1,92,64,2,1,1,2,"42, DAILLY",0.0,0.0
201300040351,16,6,2013,18,1,92,64,1,1,1,1,PARC SAINT CLOUD,0.0,0.0
201300040352,18,6,2013,16,1,92,33,2,3,1,7,SYLVAIN VIGNERAS,0.0,0.0
201300040353,19,6,2013,14,1,92,64,2,9,1,6,SENARD,0.0,0.0
201300040354,20,6,2013,12,1,92,33,2,4,2,3,"71, SURESNES",0.0,0.0
201300040355,21,6,2013,15,1,92,47,2,1,1,6,JARDY,0.0,0.0
201300040356,21,6,2013,21,2,92,64,2,3,1,3,PERSCHEZ,0.0,0.0
201300040357,24,6,2013,14,1,92,64,2,2,1,1,DAILLY,0.0,0.0
201300040358,25,6,2013,9,1,92,64,2,1,1,2,"34, GOUNOD",0.0,0.0
201300040359,4,7,2013,17,1,92,64,2,1,1,6,CARNOT,0.0,0.0
201300040360,9,7,2013,15,1,92,64,2,1,1,3,"119, REPUBLIQUE",0.0,0.0
201300040361,10,7,2013,18,1,92,33,2,1,1,6,"153, GRANDE RUE",0.0,0.0
201300040362,12,7,2013,0,5,92,64,2,1,1,3,DAILLY,0.0,0.0
201300040363,12,7,2013,15,1,92,64,2,1,1,3,"21, GOUNOD",0.0,0.0
201300040364,21,7,2013,19,1,92,64,2,1,1,7,"27, DAILLY",0.0,0.0
201300040365,24,7,2013,5,2,92,64,2,1,2,4,"62, MARCEL DASSAULT",0.0,0.0
201300040366,25,7,2013,17,1,92,64,2,1,1,4,"0, MARCEL DASSAULT",0.0,0.0
201300040367,30,7,2013,17,1,92,64,1,1,8,6,"0, PARC SAINT CLOUD",0.0,0.0
201300040368,6,8,2013,0,3,92,64,2,1,1,7,"0, MARECHAL JUIN",0.0,0.0
201300040369,21,8,2013,11,1,92,76,2,3,1,7,"84, REPUBLIQUE",0.0,0.0
201300040370,23,8,2013,18,1,92,64,2,1,1,3,"44, MARCEL DASSAULT",0.0,0.0
201300040371,30,8,2013,18,1,92,33,2,2,1,3,RAYMOND POINCARE,0.0,0.0
201300040372,30,8,2013,18,1,92,64,2,1,1,2,"0, MARECHAL JUIN",0.0,0.0
201300040373,6,9,2013,0,5,92,64,2,1,1,6,"FACE 31, CALVAIRE",0.0,0.0
201300040374,9,9,2013,20,3,92,47,1,1,2,7,"03, RAYMOND POINCARE",0.0,0.0
201300040375,10,9,2013,8,1,92,76,2,1,1,3,"FACE 43, REPUBLIQUE",0.0,0.0
201300040376,10,9,2013,19,1,92,64,2,3,1,3,PASTEUR,0.0,0.0
201300040377,12,9,2013,8,1,92,33,2,1,1,6,"161, PORTE JAUNE",0.0,0.0
201300040378,12,9,2013,18,2,92,64,2,2,2,2,"0, REPUBLIQUE",0.0,0.0
201300040379,17,9,2013,9,1,92,64,2,3,1,2,"47, MARCEL DASSAULT",0.0,0.0
201300040380,24,9,2013,8,1,92,64,2,1,1,3,MARECHAL FOCH,0.0,0.0
201300040381,26,9,2013,8,1,92,64,2,1,1,6,"12, DAILLY",0.0,0.0
201300040382,27,9,2013,0,5,92,64,2,1,1,3,"7, DAILLY",0.0,0.0
201300040383,27,9,2013,13,1,92,47,2,9,1,1,JARDY,0.0,0.0
201300040384,27,9,2013,16,1,92,64,2,1,1,3,DAILLY,0.0,0.0
201300040385,27,9,2013,18,1,92,64,2,1,1,7,"33, REPUBLIQUE",0.0,0.0
201300040386,1,10,2013,16,1,92,64,2,1,1,6,"09, DAILLY",0.0,0.0
201300040387,4,10,2013,10,1,92,64,2,1,1,3,"39, SENARD",0.0,0.0
201300040388,4,10,2013,10,1,92,64,2,1,1,4,CARNOT,0.0,0.0
201300040389,5,10,2013,16,1,92,33,2,1,1,6,"109, BUZENVAL",0.0,0.0
201300040390,7,10,2013,17,1,92,64,2,3,1,2,CAMP CANADIEN,0.0,0.0
201300040391,8,10,2013,16,1,92,33,2,3,1,3,GENERAL DE GAULLE,0.0,0.0
201300040392,8,10,2013,18,2,92,76,2,1,1,7,CHASSE ROYALE,0.0,0.0
201300040393,9,10,2013,8,1,92,47,2,2,1,3,"0, JARDY",0.0,0.0
201300040394,10,10,2013,17,1,92,33,2,1,8,6,"33, PORTE JAUNE",0.0,0.0
201300040395,13,10,2013,5,5,92,33,2,1,1,6,"163 BIS, PORTE JAUNE",0.0,0.0
201300040396,18,10,2013,17,1,92,64,2,1,1,6,"42, REPUBLIQUE",0.0,0.0
201300040397,21,10,2013,8,1,92,76,2,9,2,6,"105, REPUBLIQUE",0.0,0.0
201300040398,27,10,2013,12,1,92,64,2,1,1,4,"1363, MARCEL DASSAULT",0.0,0.0
201300040399,30,10,2013,6,5,92,47,2,1,1,3,JARDY,0.0,0.0
201300040400,7,11,2013,8,1,92,64,2,1,1,3,MARCEL DASSAULT,0.0,0.0
201300040401,7,11,2013,9,1,92,76,2,1,1,3,", NAPOLEON III",0.0,0.0
201300040402,11,11,2013,7,1,92,33,2,1,1,3,"155, BUZENVAL",0.0,0.0
201300040403,12,11,2013,14,1,92,64,2,1,1,6,"113, MARECHAL FOCH",0.0,0.0
201300040404,13,11,2013,14,1,92,64,2,1,2,4,"73, MARCEL DASSAULT",0.0,0.0
201300040405,12,11,2013,18,5,92,33,2,1,2,6,"12, ATHIME RUE",0.0,0.0
201300040406,13,11,2013,16,1,92,64,2,1,1,2,MONT VALERIEN,0.0,0.0
201300040407,13,11,2013,19,5,92,64,2,1,1,7,PALAIS,0.0,0.0
201300040408,17,11,2013,1,5,92,47,2,1,1,1,JARDY,0.0,0.0
201300040409,18,11,2013,9,1,92,64,2,1,1,6,"05, DAILLY",0.0,0.0
201300040410,19,11,2013,19,5,92,64,2,1,1,3,"30, PASTEUR",0.0,0.0
201300040411,19,11,2013,19,5,92,64,2,1,1,7,"1, pont de saint-cloud",0.0,0.0
201300040412,20,11,2013,8,1,92,33,2,1,1,7,"VV 101-111, BUZENVAL",0.0,0.0
201300040413,20,11,2013,15,1,92,33,2,1,2,3,BREZIN,0.0,0.0
201300040414,23,11,2013,20,5,92,64,2,1,1,7,"110, MARECHAL FOCH",0.0,0.0
201300040415,26,11,2013,15,1,92,33,2,1,1,3,"58, DIX NEUF JANVIER",0.0,0.0
201300040416,28,11,2013,13,1,92,64,2,2,1,3,REPUBLIQUE,0.0,0.0
201300040417,4,12,2013,17,5,92,64,2,1,1,3,"22, DAILLY",0.0,0.0
201300040418,6,12,2013,7,2,92,64,2,1,1,3,"07/18, PASTEUR",0.0,0.0
201300040419,8,12,2013,15,1,92,64,2,4,1,6,FRANCIS CHAVETON,0.0,0.0
201300040420,19,12,2013,8,1,92,64,2,3,1,7,"134 BIS, PORTE JAUNE",0.0,0.0
201300040421,29,12,2013,15,1,92,64,2,9,1,2,MARECHAL JUIN,0.0,0.0
201300040422,29,12,2013,20,5,92,33,2,1,1,7,"35, FREDERIC CLEMENT",0.0,0.0
201300040423,31,12,2013,12,1,92,64,2,1,2,2,MARECHAL JUIN,0.0,0.0
201300040424,1,1,2013,10,1,92,72,2,1,2,6,"., SEVRES (PONT DE)",0.0,0.0
201300040425,1,1,2013,11,1,92,72,2,1,2,6,"., SEVRES (PONT DE)",0.0,0.0
201300040426,3,1,2013,21,4,92,72,2,1,2,2,"., SEVRES (PONT DE)",0.0,0.0
201300040427,2,1,2013,12,1,92,22,2,3,1,3,"2133, SALENGRO (AVENUE R",0.0,0.0
201300040428,5,1,2013,17,1,92,72,2,1,1,6,"., GRANDE RUE",0.0,0.0
201300040429,11,1,2013,6,2,92,72,2,1,2,3,"., SEVRES (PONT DE)",0.0,0.0
201300040430,14,1,2013,11,1,92,72,2,1,1,2,"., MANUFACTURE NATIONALE",0.0,0.0
201300040431,17,1,2013,7,2,92,77,2,1,1,6,"01, MARNES (RUE DE)",0.0,0.0
201300040432,18,1,2013,8,2,92,77,2,3,1,6,"., MARNES (RUE DE)",0.0,0.0
201300040433,7,2,2013,14,1,92,72,2,1,1,3,"24, TROYON (RUE)",0.0,0.0
201300040434,12,2,2013,13,1,92,77,2,1,1,6,"48-50, VERSAILLES (RUE D",0.0,0.0
201300040435,13,2,2013,7,1,92,72,2,2,1,3,"., GRANDE RUE",0.0,0.0
201300040436,18,2,2013,0,5,92,22,2,3,1,3,"., PAVE DES GARDES (ROUT",0.0,0.0
201300040437,19,2,2013,8,1,92,72,2,6,1,7,8 MAI 1945 (RUE DU),0.0,0.0
201300040438,28,2,2013,20,5,92,22,2,2,1,3,"., PAVE DES GARDES (ROUT",0.0,0.0
201300040439,7,3,2013,16,1,92,72,2,1,1,6,"02, EUROPE (AVENUE DE L'",0.0,0.0
201300040440,9,3,2013,22,5,92,72,2,1,1,2,"02, TROYON (RUE)",0.0,0.0
201300040441,15,3,2013,8,1,92,77,2,1,1,7,"14, SEVRES (RUE DE)",0.0,0.0
201300040442,21,3,2013,7,1,92,72,2,1,1,6,"77, BRANCAS (RUE)",0.0,0.0
201300040443,27,3,2013,10,1,92,72,2,1,1,2,"27, EUROPE (AVENUE DE L'",0.0,0.0
201300040444,12,4,2013,18,1,92,22,2,2,2,3,"., BOISSIER (AVENUE GAST",0.0,0.0
201300040445,18,4,2013,13,1,92,72,2,1,1,2,"19, VILLE D'AVRAY (RUE D",0.0,0.0
201300040446,23,4,2013,17,1,92,77,2,1,1,6,"01, MARNES (RUE DE)",0.0,0.0
201300040447,25,4,2013,14,1,92,72,2,3,1,6,"., CHEVIRON (RUE DU PARC",0.0,0.0
201300040448,26,4,2013,16,1,92,72,2,1,2,2,"., VILLE D'AVRAY (RUE DE",0.0,0.0
201300040449,7,5,2013,21,5,92,72,2,1,1,6,"01, GRANDE RUE",0.0,0.0
201300040450,14,5,2013,17,1,92,77,2,1,1,3,"59, ST CLOUD (RUE DE)",0.0,0.0
201300040451,17,5,2013,2,5,92,72,2,1,1,7,"15-17, GRANDE RUE",0.0,0.0
201300040452,21,5,2013,9,1,92,77,2,1,3,7,"41, SEVRES (RUE DE)",0.0,0.0
201300040453,29,5,2013,10,1,92,22,2,1,1,6,SALENGRO (AVENUE ROGER),0.0,0.0
201300040454,30,5,2013,22,5,92,22,2,1,2,6,"23, REPUBLIQUE (BOULEVAR",0.0,0.0
201300040455,4,6,2013,11,1,92,22,2,1,1,6,"144, SALENGRO (AVENUE RO",0.0,0.0
201300040456,8,6,2013,14,1,92,77,2,1,1,6,"119, VERSAILLES (RUE DE)",0.0,0.0
201300040457,12,6,2013,14,1,92,72,2,1,1,6,"., SEE (AVENUE CAMILLE)",0.0,0.0
201300040458,14,6,2013,20,1,92,22,2,1,1,3,"1467, SALENGRO (AVENUE R",0.0,0.0
201300040459,15,6,2013,13,1,92,72,2,1,1,7,"109, VILLE D'AVRAY (RUE",0.0,0.0
201300040460,16,6,2013,12,1,92,72,2,1,1,3,"3, GRANDE RUE",0.0,0.0
201300040461,22,6,2013,9,1,92,22,2,1,1,3,"2129, SALENGRO (AVENUE R",0.0,0.0
201300040462,22,6,2013,11,1,92,72,2,1,1,6,"., LECOINTRE (RUE)",0.0,0.0
201300040463,22,6,2013,21,1,92,22,2,1,1,2,"990, SALENGRO (AVENUE RO",0.0,0.0
201300040464,6,7,2013,16,1,92,72,2,1,1,7,"02, TROYON (RUE)",0.0,0.0
201300040465,9,7,2013,19,1,92,72,2,6,1,3,"., LECLERC (AVENUE DE LA",0.0,0.0
201300040466,11,7,2013,17,1,92,77,2,1,1,6,"9, SEVRES (RUE DE)",0.0,0.0
201300040467,24,7,2013,5,1,92,72,2,1,1,7,"., FONTAINES (RUE DES)",0.0,0.0
201300040468,25,7,2013,14,1,92,72,2,1,1,2,"., SAINT CLOUD (RUE DE)",0.0,0.0
201300040469,31,7,2013,22,2,92,22,2,1,1,3,"996, SALENGRO (AVENUE RO",0.0,0.0
201300040470,1,8,2013,10,1,92,22,2,1,1,2,"1737, SALENGRO (AVENUE R",0.0,0.0
201300040471,3,8,2013,16,1,92,72,2,1,1,6,"., PAVE DES GARDES (ROUT",0.0,0.0
201300040472,7,8,2013,7,2,92,77,2,1,3,6,"3, DESVALLIERES (CHEMIN)",0.0,0.0
201300040473,12,8,2013,11,1,92,72,2,1,1,4,"., TROYON (RUE)",0.0,0.0
201300040474,30,8,2013,10,1,92,77,2,2,1,6,"., SEVRES (RUE DE)",0.0,0.0
201300040475,5,9,2013,8,1,92,72,2,1,1,6,"10, EUROPE (AVENUE DE L'",0.0,0.0
201300040476,9,9,2013,8,1,92,77,2,1,1,6,"199, VERSAILLES (RUE DE)",0.0,0.0
201300040477,13,9,2013,17,1,92,72,2,1,2,2,"114, VILLE D'AVRAY (RUE",0.0,0.0
201300040478,25,9,2013,21,1,92,77,2,2,1,7,"., SEVRES (RUE DE)",0.0,0.0
201300040479,29,9,2013,1,5,92,72,2,1,2,7,"01, GRANDE RUE",0.0,0.0
201300040480,1,10,2013,8,1,92,72,2,1,1,6,"., PAVE DES GARDES (ROUT",0.0,0.0
201300040481,7,10,2013,9,1,92,72,2,1,1,3,"34, RENAN (RUE ERNEST)",0.0,0.0
201300040482,13,10,2013,21,5,92,22,2,1,1,7,"7, SALENGRO (AVENUE ROGE",0.0,0.0
201300040483,20,10,2013,18,1,92,77,2,3,3,3,"., SEVRES (RUE DE)",0.0,0.0
201300040484,5,11,2013,16,1,92,22,2,1,2,6,"21, FRANCE (RUE ANATOLE)",0.0,0.0
201300040485,30,10,2013,19,5,92,72,2,1,1,2,"., SAINT CLOUD (RUE DE)",0.0,0.0
201300040486,10,11,2013,15,1,92,77,2,3,1,6,"13, DESVALLIERES (CHEMIN",0.0,0.0
201300040487,11,11,2013,1,5,92,72,2,1,1,2,"01, GRANDE RUE",0.0,0.0
201300040488,15,11,2013,8,1,92,77,2,1,2,3,"01, MARNES (RUE DE)",0.0,0.0
201300040489,20,11,2013,17,5,92,22,2,1,3,3,"2237, SALENGRO (AVENUE R",0.0,0.0
201300040490,20,11,2013,19,5,92,22,2,1,3,2,"., CARNOT (RUE)",0.0,0.0
201300040491,20,11,2013,19,5,92,77,2,1,2,2,"02, BALZAC (AVENUE DE)",0.0,0.0
201300040492,26,11,2013,8,1,92,22,2,1,1,6,"22, FRANCE (RUE ANATOLE)",0.0,0.0
201300040493,7,12,2013,13,1,92,77,2,2,1,3,"., LAROCHE (PLACE CHARLE",0.0,0.0
201300040494,8,12,2013,16,1,92,22,2,1,1,7,SALENGRO (AVENUE ROGER),0.0,0.0
201300040495,11,12,2013,18,5,92,22,2,1,1,3,"706, SALENGRO (AVENUE RO",0.0,0.0
201300040496,16,12,2013,17,5,92,77,2,2,1,3,SEVRES (RUE DE),0.0,0.0
201300040497,22,12,2013,19,3,92,72,2,1,1,2,"., MANUFACTURE NATIONALE",0.0,0.0
201300040498,3,1,2013,13,1,92,73,2,3,2,6,"04, VAL D'OR (RUE DU)",0.0,0.0
201300040499,5,1,2013,19,5,92,64,2,1,2,6,"272, REPUBLIQUE (Bouleva",0.0,0.0
201300040500,8,1,2013,18,5,92,73,2,3,1,3,"7, DASSAULT (QUAI MARCEL",0.0,0.0
201300040501,13,1,2013,14,1,92,73,2,1,1,6,"1, JAURES (AVENUE JEAN)",0.0,0.0
201300040502,17,1,2013,9,1,92,73,2,2,1,2,"17, SELLIER (BOULEVARD H",0.0,0.0
201300040503,22,1,2013,21,5,92,73,2,1,2,7,"10, MONGE (RUE MARCEL)",0.0,0.0
201300040504,23,1,2013,23,5,92,73,2,3,1,3,"32, SELLIER (BOULEVARD H",0.0,0.0
201300040505,28,1,2013,23,5,92,73,2,1,1,7,"72, CHERCHEVETS (RUE DES",0.0,0.0
201300040506,1,2,2013,14,1,92,73,2,1,2,4,"53, SELLIER (BOULEVARD H",0.0,0.0
201300040507,7,2,2013,7,1,92,73,2,3,1,6,"35, JAURES (AVENUE JEAN)",0.0,0.0
201300040508,16,2,2013,21,5,92,73,2,2,1,3,"42, CHENES (RUE DES)",0.0,0.0
201300040509,22,2,2013,10,1,92,73,2,1,6,3,"24, GALLIENI (QUAI)",0.0,0.0
201300040510,25,2,2013,20,5,92,73,2,2,4,7,"37, DANTON (RUE)",0.0,0.0
201300040511,16,3,2013,16,1,92,73,2,1,1,7,"83, VERDUN (RUE DE)",0.0,0.0
201300040512,18,3,2013,6,2,92,73,2,1,1,2,"10, BLUM (QUAI LEON)",0.0,0.0
201300040513,18,3,2013,18,1,92,73,2,1,2,1,"15, GARIBALDI (RUE)",0.0,0.0
201300040514,21,3,2013,9,1,92,73,2,3,1,3,"2, GALLIENI (QUAI)",0.0,0.0
201300040515,23,3,2013,15,1,92,73,2,1,1,2,"60, DE LATTRE DE TASSIGN",0.0,0.0
201300040516,26,3,2013,11,1,92,73,2,1,1,6,"4, MALON (RUE BENOIT)",0.0,0.0
201300040517,3,4,2013,13,1,92,73,2,1,1,6,"34, ROUSSEAU (RUE JEAN-J",0.0,0.0
201300040518,27,4,2013,19,1,92,73,2,1,1,6,"1, MAZARYK (PLACE JEAN)",0.0,0.0
201300040519,29,4,2013,13,1,92,73,2,1,1,4,"57, SELLIER (BOULEVARD H",0.0,0.0
201300040520,5,5,2013,14,1,92,73,2,3,1,3,"33, GALLIENI (QUAI)",0.0,0.0
201300040521,16,5,2013,20,1,92,73,2,2,1,3,"39, DE LATTRE DE TASSIGN",0.0,0.0
201300040522,28,5,2013,9,1,92,73,2,1,1,6,"2, PORT-AUX-VINS (RUE DU",0.0,0.0
201300040523,30,5,2013,20,1,92,73,2,1,3,7,"03, ROTHSCHILD (RUE SALO",0.0,0.0
201300040524,1,6,2013,18,1,92,73,2,3,1,6,"17, SELLIER (BOULEVARD H",0.0,0.0
201300040525,5,6,2013,12,1,92,73,2,3,1,3,"12, BRIAND (BOULEVARD AR",0.0,0.0
201300040526,9,6,2013,1,5,92,73,2,1,1,2,"22, GALLIENI (QUAI)",0.0,0.0
201300040527,11,6,2013,10,1,92,73,2,1,1,5,"31, GALLIENI (QUAI)",0.0,0.0
201300040528,14,6,2013,12,1,92,73,2,1,1,6,"9, SELLIER (BOULEVARD HE",0.0,0.0
201300040529,15,6,2013,19,1,92,73,2,1,1,7,"27, MOULINEAUX (RUE DES)",0.0,0.0
201300040530,20,6,2013,18,1,92,73,2,1,1,3,"120, CARNOT (RUE)",0.0,0.0
201300040531,21,6,2013,16,1,92,73,2,1,1,7,"143, SELLIER (BOULEVARD",0.0,0.0
201300040532,4,7,2013,12,1,92,73,2,1,1,6,"138, SELLIER (BOULEVARD",0.0,0.0
201300040533,6,7,2013,6,1,92,73,2,1,1,6,"100, SELLIER (BOULEVARD",0.0,0.0
201300040534,12,7,2013,21,5,92,73,2,1,1,2,"25, GAMBETTA (RUE)",0.0,0.0
201300040535,17,7,2013,9,1,92,73,2,1,1,3,"69, BAS ROGERS (RUE DES)",0.0,0.0
201300040536,26,7,2013,8,1,92,73,2,3,2,2,"35, VOLTAIRE (RUE)",0.0,0.0
201300040537,4,8,2013,1,5,92,73,2,3,1,3,"174, SELLIER (BOULEVARD",0.0,0.0
201300040538,23,8,2013,9,1,92,73,2,1,1,3,"6, JAURES (AVENUE JEAN)",0.0,0.0
201300040539,12,9,2013,12,1,92,73,2,1,1,6,"19, PROCESSION (RUE DE L",0.0,0.0
201300040540,17,9,2013,8,1,92,73,2,1,2,7,"69, SELLIER (BOULEVARD H",0.0,0.0
201300040541,19,9,2013,17,1,92,73,2,1,1,6,"21, JAURES (AVENUE JEAN)",0.0,0.0
201300040542,26,9,2013,19,1,92,73,2,3,1,3,"19, SELLIER (BOULEVARD H",0.0,0.0
201300040543,2,10,2013,7,2,92,73,2,1,1,2,"12, LOUCHEUR (BOULEVARD",0.0,0.0
201300040544,4,10,2013,12,1,92,73,2,1,1,3,"12, SELLIER (BOULEVARD H",0.0,0.0
201300040545,5,10,2013,20,5,92,73,2,3,1,3,MALON (RUE BENOIT),0.0,0.0
201300040546,8,10,2013,17,1,92,73,2,1,1,5,"22, GALLIENI (QUAI)",0.0,0.0
201300040547,9,10,2013,16,1,92,73,2,3,2,3,"49, CARON (RUE ALBERT)",0.0,0.0
201300040548,9,10,2013,17,1,92,73,2,3,3,7,"40, SELLIER (BOULEVARD H",0.0,0.0
201300040549,15,10,2013,9,1,92,73,2,3,1,3,"13, GALLIENI (QUAI)",0.0,0.0
201300040550,22,10,2013,8,1,92,73,2,1,1,3,"19, FUSILLES DE LA RESIS",0.0,0.0
201300040551,23,10,2013,16,1,92,73,2,3,1,3,"132, SELLIER (BOULEVARD",0.0,0.0
201300040552,3,11,2013,2,5,92,73,2,1,1,6,"132, SELLIER (BOULEVARD",0.0,0.0
201300040553,5,11,2013,18,2,92,73,2,1,2,7,SELLIER (BOULEVARD HENRI,0.0,0.0
201300040554,8,11,2013,7,2,92,73,2,3,2,3,FECHERAY (RUE DU),0.0,0.0
201300040555,8,11,2013,9,1,92,73,2,1,2,2,"135, SELLIER (BOULEVARD",0.0,0.0
201300040556,10,11,2013,21,5,92,73,2,1,1,3,"75, DE LATTRE DE TASSIGN",0.0,0.0
201300040557,13,11,2013,8,1,92,73,2,2,1,6,"70, PROCESSION (RUE DE L",0.0,0.0
201300040558,30,11,2013,13,1,92,73,2,1,1,2,"12, VERDUN (RUE DE)",0.0,0.0
201300040559,3,12,2013,18,3,92,73,2,1,1,1,"0, PROCESSION (RUE DE LA",0.0,0.0
201300040560,4,12,2013,9,1,92,73,2,1,1,6,"18, RATRAIT (RUE DU)",0.0,0.0
201300040561,4,12,2013,16,2,92,73,2,3,1,3,"37, LIBERTE (RUE DE LA)",0.0,0.0
201300040562,12,12,2013,20,5,92,73,2,1,1,3,"152, SELLIER (BOULEVARD",0.0,0.0
201300040563,19,12,2013,18,5,92,73,2,1,1,3,"22, ROTHSCHILD (RUE SALO",0.0,0.0
201300040564,13,1,2013,20,5,92,46,2,2,2,3,"., GABRIEL PERI",0.0,0.0
201300040565,16,1,2013,13,1,92,75,2,3,1,6,JULLIEN (RUE),0.0,0.0
201300040566,5,2,2013,21,5,92,46,2,1,1,6,"14, AVAULEE (RUE)",0.0,0.0
201300040567,9,2,2013,15,1,92,46,2,3,1,6,"29, GABRIEL CRIE (RUE)",0.0,0.0
201300040568,11,2,2013,14,1,92,75,2,1,1,3,"10, LARMEROUX (RUE)",0.0,0.0
201300040569,12,2,2013,15,1,92,75,2,6,1,3,"., CARREFOUR DE L'INSURR",0.0,0.0
201300040570,20,2,2013,9,1,92,46,2,3,1,3,"21, DE STALINGRAD",0.0,0.0
201300040571,5,3,2013,7,1,92,75,2,7,1,7,"., ALBERT CULOT (PLACE)",0.0,0.0
201300040572,8,3,2013,5,5,92,46,2,1,2,7,"46, AVAULEE (RUE)",0.0,0.0
201300040573,29,3,2013,8,1,92,46,2,1,1,2,"., CLOS MONTHOLON (PLACE",0.0,0.0
201300040574,30,3,2013,17,1,92,46,2,6,1,6,"., youri GAGARINE (rond",0.0,0.0
201300040575,12,4,2013,15,1,92,46,2,1,1,6,"34, Paul vaillant coutur",0.0,0.0
201300040576,17,4,2013,16,1,92,46,2,1,1,6,"50, PAUL BERT (RUE)",0.0,0.0
201300040577,21,4,2013,12,1,92,46,2,1,1,6,"143, GABRIEL PERI (BOULE",0.0,0.0
201300040578,21,4,2013,0,5,92,46,2,1,1,3,"84, CAMELINAT",0.0,0.0
201300040579,24,4,2013,20,5,92,46,2,1,1,2,"28, DE STALINGRAD",0.0,0.0
201300040580,26,4,2013,16,1,92,46,2,2,2,3,"., EUGENE VARLIN",0.0,0.0
201300040581,15,5,2013,9,1,92,75,2,1,1,6,"18, LARMEROUX (RUE)",0.0,0.0
201300040582,16,5,2013,15,1,92,46,2,3,2,6,"., ETIENNE DOLET (RUE)",0.0,0.0
201300040583,16,5,2013,19,1,92,46,2,1,1,6,"64, GABRIEL PERI (BOULEV",0.0,0.0
201300040584,4,6,2013,14,1,92,75,2,2,1,7,"., EUGENE VARLIN (RUE)",0.0,0.0
201300040585,29,5,2013,20,2,92,75,2,1,1,3,"108, VICTOR HUGO (AVENUE",0.0,0.0
201300040586,12,6,2013,19,1,92,46,2,1,1,6,"25, DE STALINGRAD",0.0,0.0
201300040587,13,6,2013,16,1,92,75,2,1,1,6,"26, Antoine Fratacci",0.0,0.0
201300040588,14,6,2013,10,1,92,46,2,1,1,3,"38, PIERRE BROSSOLETTE",0.0,0.0
201300040589,21,6,2013,0,5,92,46,2,2,2,3,"., PIERRE BROSSOLETTE",0.0,0.0
201300040590,21,6,2013,13,1,92,46,2,2,8,3,"., CAMELINAT",0.0,0.0
201300040591,19,6,2013,14,1,92,75,1,6,1,6,"55, RAYMOND MARCHERON (R",0.0,0.0
201300040592,3,7,2013,15,1,92,75,2,5,1,6,"., LARMEROUX (RUE)",0.0,0.0
201300040593,17,7,2013,22,5,92,46,2,7,1,3,"., CLOS MONTHOLON (PLACE",0.0,0.0
201300040594,24,7,2013,19,1,92,46,2,1,1,7,"2, PIERRE BROSSOLETTE",0.0,0.0
201300040595,28,7,2013,16,1,92,75,2,6,1,6,"., CARREFOUR DE L'INSURR",0.0,0.0
201300040596,29,7,2013,19,2,92,46,2,2,2,6,"., CAMELINAT",0.0,0.0
201300040597,31,7,2013,15,1,92,46,2,1,1,6,"136, GABRIEL PERI (BOULE",0.0,0.0
201300040598,6,8,2013,15,1,92,46,2,3,1,6,"., SALVADOR ALLENDE (RUE",0.0,0.0
201300040599,6,8,2013,19,1,92,46,2,1,1,6,"2-4, PIERRE BROSSOLETTE",0.0,0.0
201300040600,18,8,2013,19,2,92,75,2,1,1,6,"04, SADI CARNOT (RUE)",0.0,0.0
201300040601,31,8,2013,11,1,92,75,2,2,1,3,"., DE GAULLE (AVENUE DU",0.0,0.0
201300040602,7,9,2013,15,1,92,46,2,2,1,6,"75, PIERRE LAROUSSE (AVE",0.0,0.0
201300040603,13,9,2013,9,1,92,75,2,1,2,3,"51, LYCEE (BOULEVARD DU)",0.0,0.0
201300040604,19,9,2013,17,1,92,46,2,3,1,7,"., PIERRE BROSSOLETTE",0.0,0.0
201300040605,21,9,2013,6,5,92,46,2,6,1,7,"., HENRI BARBUSSE (ROND",0.0,0.0
201300040606,24,9,2013,12,1,92,46,2,2,1,2,"112, CAMELINAT",0.0,0.0
201300040607,24,9,2013,19,2,92,75,2,1,1,3,"18, Antoine Fratacci",0.0,0.0
201300040608,25,9,2013,16,1,92,46,2,2,1,3,"., PIERRE BROSSOLETTE",0.0,0.0
201300040609,28,9,2013,19,5,92,46,2,2,1,6,"130, PIERRE BROSSOLETTE",0.0,0.0
201300040610,30,9,2013,17,1,92,46,2,1,1,6,"40, PIERRE VALETTE (RUE)",0.0,0.0
201300040611,1,10,2013,9,1,92,46,2,2,1,3,"., FRERES VIGOUROUX (RUE",0.0,0.0