Num_Acc,jour,mois,an,hr,condition_eclairage,departement,commune,condition_agglomeration,intersection,condition_atmosphere,type_collision,adresse,lattitude,longitude
201300040612,3,10,2013,8,1,92,46,2,2,1,2,"., GABRIEL PERI (BOULEVA",0.0,0.0
201300040613,8,10,2013,14,1,92,75,2,1,1,5,"40, JEAN BLEUZEN (RUE)",0.0,0.0
201300040614,10,10,2013,19,5,92,46,2,2,2,6,"., DOUZE FEVRIER 1934 (A",0.0,0.0
201300040615,10,10,2013,17,1,92,46,2,1,1,2,"9, FABIEN (BOULEVARD DU",0.0,0.0
201300040616,12,10,2013,16,1,92,46,2,2,1,3,"19, ETIENNE DOLET (RUE)",0.0,0.0
201300040617,19,10,2013,23,5,92,46,2,1,1,2,"164, CAMELINAT",0.0,0.0
201300040618,22,10,2013,19,5,92,75,2,2,2,6,"38, RAYMOND MARCHERON (R",0.0,0.0
201300040619,1,11,2013,14,1,92,46,2,3,2,7,"., GABRIEL PERI (BOULEVA",0.0,0.0
201300040620,2,11,2013,18,5,92,46,2,1,1,4,"11, FABIEN (BOULEVARD DU",0.0,0.0
201300040621,3,11,2013,19,5,92,46,2,2,1,6,", AVAULEE (RUE)",0.0,0.0
201300040622,4,11,2013,8,1,92,75,2,6,3,3,"., CARREFOUR DE L'INSURR",0.0,0.0
201300040623,5,11,2013,7,5,92,75,2,1,2,3,"3, JEAN JAURES (RUE)",0.0,0.0
201300040624,8,11,2013,9,1,92,75,2,3,3,6,"22, RAYMOND MARCHERON (R",0.0,0.0
201300040625,10,11,2013,16,1,92,75,2,5,1,3,"., DE GAULLE (AVENUE DU",0.0,0.0
201300040626,18,11,2013,18,2,92,75,2,2,1,7,"., GAUDRAY (RUE)",0.0,0.0
201300040627,18,11,2013,15,1,92,46,2,2,1,6,"., GABRIEL PERI",0.0,0.0
201300040628,19,11,2013,10,1,92,46,2,2,2,6,"., GABRIEL PERI (BOULEVA",0.0,0.0
201300040629,20,11,2013,11,1,92,46,2,1,1,6,"53, DE STALINGRAD",0.0,0.0
201300040630,29,11,2013,21,5,92,75,2,1,1,6,"108, SADI CARNOT (RUE)",0.0,0.0
201300040631,4,12,2013,19,5,92,75,2,3,1,3,"., JEAN BLEUZEN (RUE)",0.0,0.0
201300040632,6,12,2013,17,2,92,75,2,5,1,3,"., EUGENE BAUDOIN (RUE)",0.0,0.0
201300040633,19,12,2013,13,1,92,46,2,1,2,6,"40, Paul vaillant coutur",0.0,0.0
201300040634,20,12,2013,17,2,92,46,2,1,1,7,"28, DE STALINGRAD",0.0,0.0
201300040635,3,1,2013,20,5,92,78,2,1,2,2,CHARLES DE GAULLE (BD)(7,0.0,0.0
201300040636,4,1,2013,22,5,92,78,2,1,1,7,"17/33, JEAN JAURES (RUE)",0.0,0.0
201300040637,14,1,2013,17,5,92,78,2,1,1,6,"270, CHARLES DE GAULLE (",0.0,0.0
201300040638,24,1,2013,18,5,92,78,2,3,1,3,VIEUX CHEMIN DE ST DENIS,0.0,0.0
201300040639,8,2,2013,8,1,92,78,2,1,1,6,"0, VERDUN (AVENUE) (PAIR",0.0,0.0
201300040640,11,2,2013,13,1,92,78,2,1,1,6,"06, PHILIPPE LEBON (AVEN",0.0,0.0
201300040641,12,2,2013,11,1,92,78,2,9,2,6,"0, FOND DE LA NOUE (RUE)",0.0,0.0
201300040642,1,3,2013,22,5,92,78,2,1,4,6,"8, BONGARDE (RUE)",0.0,0.0
201300040643,11,3,2013,13,1,92,78,2,1,9,3,GALLIENI (BD) (1 A 79 ET,0.0,0.0
201300040644,5,4,2013,14,1,92,78,1,3,1,7,VERDUN (AVENUE) (IMPAIRS,0.0,0.0
201300040645,26,5,2013,6,2,92,78,2,2,1,7,"1, VERDUN (AVENUE) (IMPA",0.0,0.0
201300040646,22,6,2013,18,1,92,78,2,1,1,6,"NR, MARECHAL DELATTRE DE",0.0,0.0
201300040647,21,7,2013,21,1,92,78,2,3,1,7,"0, ACACIAS (ALLEE)",0.0,0.0
201300040648,25,7,2013,12,1,92,78,2,1,1,3,"0, JEAN MERMOZ (AVENUE)",0.0,0.0
201300040649,29,7,2013,21,5,92,78,2,3,2,1,"154, GALLIENI (BD) (154",0.0,0.0
201300040650,31,7,2013,19,1,92,78,2,1,1,6,"44, LONGUE BERTRANE (RUE",0.0,0.0
201300040651,3,9,2013,19,1,92,78,2,2,1,3,"1, VERDUN (AVENUE) (IMPA",0.0,0.0
201300040652,3,9,2013,19,1,92,78,2,1,1,3,LONGUE BERTRANE (RUE),0.0,0.0
201300040653,7,9,2013,12,1,92,78,2,2,1,3,"0, CHARLES DE GAULLE (BD",0.0,0.0
201300040654,10,9,2013,9,1,92,78,2,1,1,6,"54, JEAN MOULIN (AVENUE)",0.0,0.0
201300040655,19,9,2013,3,5,92,78,2,1,1,6,"16, JEAN JAURES (RUE) (N",0.0,0.0
201300040656,28,9,2013,22,5,92,78,2,3,1,1,"154, GALLIENI (BD) (154",0.0,0.0
201300040657,5,10,2013,18,5,92,78,2,3,1,4,"0, MARECHAL LECLERC (AVE",0.0,0.0
201300040658,21,10,2013,15,1,92,78,2,1,1,4,"68, VERDUN (AVENUE) (N?",0.0,0.0
201300040659,8,11,2013,21,5,92,78,2,1,1,3,"42, LONGUE BERTRANE (RUE",0.0,0.0
201300040660,9,11,2013,11,1,92,78,2,1,1,6,"44, 8 MAI 1945 (RUE)",0.0,0.0
201300040661,17,11,2013,4,5,92,78,2,1,1,7,"0, ALBERT CAMUS (SQUARE)",0.0,0.0
201300040662,21,11,2013,8,1,92,78,2,1,2,2,"52, MARECHAL LECLERC (AV",0.0,0.0
201300040663,7,12,2013,11,1,92,78,2,3,1,5,"0, VERDUN (AVENUE) (PAIR",0.0,0.0
201300040664,8,12,2013,21,5,92,78,2,1,1,6,"12, VERDUN (AVENUE) (PAI",0.0,0.0
201300040665,17,12,2013,12,1,92,78,2,1,1,6,"137, GALLIENI (BD) (109",0.0,0.0
201300040666,11,1,2013,17,5,92,62,2,1,1,7,"01, RUE PIERRE GAUDIN",0.0,0.0
201300040667,18,1,2013,9,2,92,26,2,3,1,7,"9, ANDRE PROTHIN (AVENUE",0.0,0.0
201300040668,29,1,2013,15,1,92,26,2,1,1,7,"1, COUPOLE-REGNAULT (PAR",0.0,0.0
201300040669,7,2,2013,7,5,92,62,2,1,2,6,"1, PERRONET NORD ET SUD",0.0,0.0
201300040670,8,2,2013,21,3,92,26,2,1,2,7,"1, DIVISION LECLERC (AVE",0.0,0.0
201300040671,14,2,2013,5,5,92,26,2,1,4,7,"2, BOULEVARD DE NEUILLY",0.0,0.0
201300040672,23,3,2013,11,1,92,62,2,2,1,3,BOULEVARD CIRCULAIRE,0.0,0.0
201300040673,31,3,2013,6,5,92,26,2,2,1,2,"1, BOULEVARD CIRCULAIRE",0.0,0.0
201300040674,12,4,2013,15,1,92,26,2,1,1,2,"1, DEFENSE (ROND POINT D",0.0,0.0
201300040675,20,4,2013,9,1,92,62,2,1,1,7,"20, JEAN MOULIN (AVENUE)",0.0,0.0
201300040676,29,4,2013,16,1,92,62,2,2,1,2,"1, GENERAL DE GAULLE (AV",0.0,0.0
201300040677,29,4,2013,16,1,92,26,2,1,1,2,"1, BOULEVARD CIRCULAIRE",0.0,0.0
201300040678,7,5,2013,7,5,92,26,2,1,1,6,"2, BOULEVARD DE NEUILLY",0.0,0.0
201300040679,15,5,2013,6,1,92,26,2,2,1,3,"1, BOULEVARD CIRCULAIRE",0.0,0.0
201300040680,16,5,2013,17,1,92,62,2,1,1,6,"12, GENERAL DE GAULLE (A",0.0,0.0
201300040681,25,5,2013,15,1,92,62,2,1,1,6,"30, GENERAL DE GAULLE (A",0.0,0.0
201300040682,30,4,2013,10,1,92,62,2,1,1,6,DOUCES (VOIE DES),0.0,0.0
201300040683,1,7,2013,17,1,92,62,2,1,1,3,"1, BOULEVARD CIRCULAIRE",0.0,0.0
201300040684,2,7,2013,11,1,92,26,2,2,1,3,"1, BOULEVARD CIRCULAIRE",0.0,0.0
201300040685,10,9,2013,17,1,92,26,2,2,1,6,"1, DIVISION LECLERC (AVE",0.0,0.0
201300040686,14,9,2013,10,1,92,26,2,1,2,6,DES BATISSEURS (VOIE),0.0,0.0
201300040687,25,9,2013,12,1,92,62,2,9,1,3,BOULEVARD CIRCULAIRE,0.0,0.0
201300040688,14,10,2013,20,5,92,26,2,2,2,4,"12, BOULEVARD CIRCULAIRE",0.0,0.0
201300040689,13,11,2013,16,1,92,26,2,3,1,6,"1, BOULEVARD CIRCULAIRE",0.0,0.0
201300040690,13,11,2013,17,2,92,26,2,3,1,2,"1, BOULEVARD CIRCULAIRE",0.0,0.0
201300040691,11,12,2013,14,1,92,26,2,1,1,4,BOULEVARD CIRCULAIRE,0.0,0.0
201300040692,17,12,2013,17,5,92,62,2,1,1,7,"1, VALMY (COURS)",0.0,0.0
201300040693,24,12,2013,19,5,92,26,2,1,6,7,"1, DIVISION LECLERC (AVE",0.0,0.0
201300040694,22,12,2013,12,1,92,26,2,1,2,7,"09, ANDRE PROTHIN (AVENU",0.0,0.0
201300040695,1,1,2013,9,1,93,1,2,2,1,2,"174, ANATOLE FRANCE (BLD",0.0,0.0
201300040696,4,1,2013,12,1,93,1,2,1,1,2,"173, VICTOR HUGO (AVE)",0.0,0.0
201300040697,9,1,2013,0,5,93,1,2,2,1,3,VICTOR HUGO (AVE)  => 12,0.0,0.0
201300040698,11,1,2013,9,1,93,1,2,1,1,7,"105, SAINT DENIS (RUE DE",0.0,0.0
201300040699,12,1,2013,5,5,93,1,2,1,1,5,"45, PRESIDENT ROOSEVELT",0.0,0.0
201300040700,18,1,2013,21,5,93,1,2,1,4,2,"62 BIS, HEURTAULT (RUE)",0.0,0.0
201300040701,21,1,2013,16,1,93,1,2,1,4,6,"104, VICTOR HUGO (AVE)",0.0,0.0
201300040702,29,1,2013,8,1,93,1,2,1,3,3,VICTOR HUGO (AVE)  N? 16,0.0,0.0
201300040703,1,2,2013,15,1,93,1,2,1,8,6,"88, FELIX FAURE (BLD)  =",0.0,0.0
201300040704,4,2,2013,8,1,93,1,2,1,2,6,"03, FORT (METRO)",0.0,0.0
201300040705,4,2,2013,14,1,93,1,2,2,1,6,"2, PORT (RUE DU)  (PAIR)",0.0,0.0
201300040706,6,2,2013,8,2,93,1,2,1,2,6,"213, JEAN JAURES  (AVE)",0.0,0.0
201300040707,9,2,2013,8,2,93,1,2,1,2,6,"88, REPUBLIQUE (AVE DE L",0.0,0.0
201300040708,11,2,2013,16,1,93,1,2,1,1,6,"192, ANDRE KARMAN (RUE)",0.0,0.0
201300040709,12,2,2013,7,2,93,1,2,1,2,2,"59, JEAN JAURES (AVE) 55",0.0,0.0
201300040710,13,2,2013,7,2,93,1,2,1,1,6,DANIELLE CASANOVA (RUE),0.0,0.0
201300040711,13,2,2013,13,1,93,1,2,4,1,7,"01, HAUT DE SAINT DENIS",0.0,0.0
201300040712,15,2,2013,12,1,93,1,2,1,1,6,"82-84, SADI CARNOT (RUE)",0.0,0.0
201300040713,15,2,2013,13,1,93,1,2,2,1,6,"213TER, JEAN JAURES  (AV",0.0,0.0
201300040714,18,2,2013,7,1,93,1,2,2,1,3,BORDIER (RUE)  => 10/11,0.0,0.0
201300040715,19,2,2013,20,5,93,1,2,1,1,4,"1, EDOUARD POISSON  (RUE",0.0,0.0
201300040716,20,2,2013,11,1,93,1,2,1,1,6,"51, PRESLES (RUE DE)",0.0,0.0
201300040717,21,2,2013,13,1,93,1,2,3,1,3,PONT BLANC.CHARLES TILLO,0.0,0.0
201300040718,28,2,2013,7,2,93,1,2,1,1,6,"203, JEAN JAURES  (AVE)",0.0,0.0
201300040719,1,3,2013,9,1,93,1,2,1,1,7,"60, PRESIDENT ROOSEVELT",0.0,0.0
201300040720,5,3,2013,20,5,93,1,2,3,1,3,"118, VICTOR HUGO (AVE)",0.0,0.0
201300040721,7,3,2013,17,1,93,1,2,1,1,6,"54, PRESIDENT ROOSEVELT",0.0,0.0
201300040722,8,3,2013,16,1,93,1,2,2,8,3,1 REPUBLIQUE (AVE DE LA,0.0,0.0
201300040723,10,3,2013,13,1,93,1,2,3,1,3,"57, HAIE COQ (RUE DE LA",0.0,0.0
201300040724,11,3,2013,8,1,93,1,2,1,2,6,"59, SAINT DENIS (RUE DE)",0.0,0.0
201300040725,11,3,2013,14,1,93,1,2,1,1,3,"75, FELIX FAURE (BLD)  =",0.0,0.0
201300040726,14,3,2013,17,1,93,1,2,2,1,3,PORT (RUE DU)  (PAIR),0.0,0.0
201300040727,14,3,2013,19,3,93,1,2,1,8,6,"10, LONG-SENTIER (RUE DU",0.0,0.0
201300040728,16,3,2013,22,5,93,1,2,2,2,3,"57, ANATOLE FRANCE  (BLD",0.0,0.0
201300040729,19,3,2013,0,5,93,1,2,2,2,2,"60, ANATOLE FRANCE (BLD)",0.0,0.0
201300040730,21,3,2013,22,5,93,1,2,1,2,2,"95, JEAN JAURES (AVE) 55",0.0,0.0
201300040731,21,3,2013,16,1,93,1,2,3,1,6,"88-90, PRESIDENT ROOSEVE",0.0,0.0
201300040732,24,3,2013,11,1,93,1,2,1,1,2,"66, LANDY (RUE DU) 34/29",0.0,0.0
201300040733,27,3,2013,8,1,93,1,2,2,1,1,"46, FELIX FAURE (BLD) =>",0.0,0.0
201300040734,3,4,2013,12,1,93,1,2,1,1,6,"49, PRESIDENT ROOSEVELT",0.0,0.0
201300040735,4,4,2013,11,1,93,1,2,1,1,6,"15, ANATOLE FRANCE  (BLD",0.0,0.0
201300040736,4,4,2013,13,1,93,1,2,2,1,6,"02, ANATOLE FRANCE (BLD)",0.0,0.0
201300040737,5,4,2013,13,1,93,1,2,1,1,6,"33, PONT BLANC.CHARLES T",0.0,0.0
201300040738,9,4,2013,14,1,93,1,2,1,2,1,"175, VICTOR HUGO (AVE)",0.0,0.0
201300040739,13,4,2013,0,5,93,1,2,1,2,2,"29, PONT BLANC.CHARLES T",0.0,0.0
201300040740,15,4,2013,13,1,93,1,2,1,1,6,"10, LANDY (RUE DU) => 16",0.0,0.0
201300040741,17,4,2013,16,1,93,1,2,1,1,3,"193, JEAN JAURES  (AVE)",0.0,0.0
201300040742,18,4,2013,21,2,93,1,2,1,1,6,"1, REPUBLIQUE (AVE DE LA",0.0,0.0
201300040743,19,4,2013,19,1,93,1,2,1,1,6,"27, HAUT DE SAINT DENIS",0.0,0.0
201300040744,2,5,2013,8,1,93,1,2,1,1,6,"148, LEOPOLD RECHOSSIERE",0.0,0.0
201300040745,5,5,2013,12,1,93,1,2,1,1,2,"193, JEAN JAURES  (AVE)",0.0,0.0
201300040746,11,5,2013,15,1,93,1,2,1,1,6,"134, HENRI BARBUSSE (RUE",0.0,0.0
201300040747,11,5,2013,20,2,93,1,2,1,1,7,"1, FONTAINEBLEAU (ALLEE",0.0,0.0
201300040748,4,5,2013,12,1,93,1,2,1,1,3,"59, VICTOR HUGO (AVE)  =",0.0,0.0
201300040749,6,6,2013,8,1,93,1,2,2,1,3,NOYERS (RUE DES)  => 17/,0.0,0.0
201300040750,11,6,2013,10,1,93,1,2,3,1,3,"2, FERRAGUS (RUE)  => 5/",0.0,0.0
201300040751,11,6,2013,17,1,93,1,2,1,1,6,"25 BIS, ANATOLE FRANCE",0.0,0.0
201300040752,12,6,2013,12,1,93,1,2,1,1,6,"197, VICTOR HUGO (AVE)",0.0,0.0
201300040753,14,6,2013,7,1,93,1,2,1,1,6,"95, JEAN JAURES (AVE) 55",0.0,0.0
201300040754,15,6,2013,22,5,93,1,2,1,1,6,LECUYER (RUE),0.0,0.0
201300040755,16,6,2013,16,1,93,1,2,1,1,6,"31, DANIELLE CASANOVA (R",0.0,0.0
201300040756,18,6,2013,19,1,93,1,2,3,1,3,"130, LEOPOLD RECHOSSIERE",0.0,0.0
201300040757,19,6,2013,8,1,93,1,2,1,2,6,"27, REPUBLIQUE (AVE DE L",0.0,0.0
201300040758,19,6,2013,17,1,93,1,2,3,3,3,"185, JEAN JAURES  (AVE)",0.0,0.0
201300040759,20,6,2013,11,1,93,1,2,1,1,6,"01, PRESIDENT ROOSEVELT",0.0,0.0
201300040760,21,6,2013,8,1,93,1,2,1,2,3,"47, REPUBLIQUE (AVE DE L",0.0,0.0
201300040761,25,6,2013,6,2,93,1,2,1,1,4,"174, JEAN JAURES  (AVE)",0.0,0.0
201300040762,25,6,2013,16,1,93,1,2,1,1,3,"82, FELIX FAURE (BLD)  =",0.0,0.0
201300040763,25,6,2013,17,1,93,1,2,1,1,6,"10, ALFRED JARRY (RUE)",0.0,0.0
201300040764,28,6,2013,18,1,93,1,2,1,1,5,"62, SAINT DENIS (RUE DE)",0.0,0.0
201300040765,29,6,2013,20,1,93,1,2,1,1,1,"22, MOTTE (RUE DE LA)",0.0,0.0
201300040766,3,7,2013,16,1,93,1,2,1,1,3,"185, JEAN JAURES  (AVE)",0.0,0.0
201300040767,8,7,2013,13,1,93,1,2,3,1,6,ANDRE KARMAN (RUE)  138/,0.0,0.0
201300040768,8,7,2013,14,1,93,1,2,1,1,6,"106, REPUBLIQUE (AVE DE",0.0,0.0
201300040769,9,7,2013,12,1,93,1,2,1,1,6,VICTOR HUGO (AVE)  131 A,0.0,0.0
201300040770,9,7,2013,12,1,93,1,2,3,1,3,"20, PRESIDENT ROOSEVELT",0.0,0.0
201300040771,11,7,2013,7,1,93,1,2,1,1,2,01 BERNARD ET MAZOYER (,0.0,0.0
201300040772,11,7,2013,18,1,93,1,2,1,1,6,"45-47, VICTOR HUGO (AVE)",0.0,0.0
201300040773,15,7,2013,15,1,93,1,2,1,1,6,"80, PONT BLANC.CHARLES T",0.0,0.0
201300040774,16,7,2013,16,1,93,1,2,1,1,3,"21, REPUBLIQUE (AVE DE L",0.0,0.0
201300040775,17,7,2013,19,1,93,1,2,1,1,6,"68, HEMET (RUE) (PAIR)",0.0,0.0
201300040776,19,7,2013,6,1,93,1,2,1,1,3,MAIRIE (PLACE DE LA),0.0,0.0
201300040777,22,7,2013,12,1,93,1,2,2,1,6,", GARDINOUX (RUE DES)",0.0,0.0
201300040778,22,7,2013,16,1,93,1,2,1,1,6,"1, EMILE DUBOIS (RUE)",0.0,0.0
201300040779,24,7,2013,10,1,93,1,2,3,1,3,JEAN JAURES (AVE) 55 A 1,0.0,0.0
201300040780,31,7,2013,17,1,93,1,2,2,1,2,LUCIEN LEFRANC (QUAI),0.0,0.0
201300040781,31,7,2013,21,5,93,1,2,3,1,2,ADRIEN AGNES (QUAI),0.0,0.0
201300040782,2,8,2013,15,1,93,1,2,2,1,3,"45, VICTOR HUGO (AVE)  =",0.0,0.0
201300040783,3,8,2013,19,1,93,1,2,1,1,3,"88, REPUBLIQUE (AVE DE L",0.0,0.0
201300040784,5,8,2013,18,1,93,1,2,6,1,2,BERGERIES (RUE DES),0.0,0.0
201300040785,6,8,2013,11,1,93,1,2,1,1,3,"156, VICTOR HUGO (AVE)",0.0,0.0
201300040786,13,8,2013,18,1,93,1,2,1,1,6,"93, REPUBLIQUE (AVE DE L",0.0,0.0
201300040787,17,8,2013,14,1,93,1,2,2,1,3,"28, CITES (RUE DES)  =>",0.0,0.0
201300040788,17,8,2013,18,1,93,1,2,1,1,7,"136, REPUBLIQUE (AVE DE",0.0,0.0
201300040789,20,8,2013,6,1,93,1,2,1,1,3,77 JEAN JAURES (AVE) 55,0.0,0.0
201300040790,26,8,2013,14,1,93,1,2,1,1,6,"11, PILIER (RUE DU)",0.0,0.0
201300040791,2,9,2013,7,1,93,1,2,2,1,3,"166, DANIELLE CASANOVA (",0.0,0.0
201300040792,5,9,2013,21,5,93,1,2,1,1,6,"87, EDOUARD VAILLANT (BL",0.0,0.0
201300040793,9,9,2013,12,1,93,1,2,1,3,6,36 ANATOLE FRANCE (BLD),0.0,0.0
201300040794,10,9,2013,10,1,93,1,2,1,1,6,"1, PRESIDENT ROOSEVELT (",0.0,0.0
201300040795,20,9,2013,8,1,93,1,2,1,1,6,"184, CITES (RUE DES)  12",0.0,0.0
201300040796,20,9,2013,7,1,93,1,2,3,1,3,"120, FELIX FAURE (BLD) 1",0.0,0.0
201300040797,22,9,2013,11,1,93,1,2,1,1,6,"28, SAINT DENIS (RUE DE)",0.0,0.0
201300040798,23,9,2013,9,1,93,1,2,1,1,6,REPUBLIQUE (AVE DE LA ),0.0,0.0
201300040799,24,9,2013,19,2,93,1,2,1,1,3,"3, LANDY (RUE DU) => 16/",0.0,0.0
201300040800,25,9,2013,13,1,93,1,2,1,1,3,"76, REPUBLIQUE (AVE DE L",0.0,0.0
201300040801,25,9,2013,16,1,93,1,2,1,1,6,26 HENRI BARBUSSE (RUE),0.0,0.0
201300040802,1,10,2013,17,1,93,1,2,1,1,3,"100, VICTOR HUGO (AVE)",0.0,0.0
201300040803,2,10,2013,11,1,93,1,2,1,1,2,", FELIX FAURE (BLD)  =>",0.0,0.0
201300040804,3,10,2013,10,1,93,1,2,1,1,5,"60, PRESIDENT ROOSEVELT",0.0,0.0
201300040805,4,10,2013,19,5,93,1,2,1,1,5,"191, JEAN JAURES  (AVE)",0.0,0.0
201300040806,6,10,2013,14,1,93,1,2,2,1,3,ANDRE KARMAN (RUE)  => 1,0.0,0.0
201300040807,9,10,2013,23,5,93,1,2,1,1,6,REPUBLIQUE (AVE DE LA ),0.0,0.0
201300040808,12,10,2013,9,1,93,1,2,2,1,3,"57, ANATOLE FRANCE  (BLD",0.0,0.0
201300040809,23,10,2013,17,1,93,1,2,1,1,6,"98, VICTOR HUGO (AVE)  =",0.0,0.0
201300040810,24,10,2013,17,1,93,1,2,1,1,6,"1, VALMY (RUE DE)",0.0,0.0
201300040811,24,10,2013,18,1,93,1,2,2,1,2,"x, VICTOR HUGO (AVE)  =>",0.0,0.0
201300040812,24,10,2013,22,5,93,1,2,3,1,3,"122, VICTOR HUGO (AVE)",0.0,0.0
201300040813,25,10,2013,9,1,93,1,2,1,1,6,"50, HEURTAULT (RUE)",0.0,0.0
201300040814,29,10,2013,17,1,93,1,2,2,1,3,1 PORT (RUE DU)  (IMPAI,0.0,0.0
201300040815,31,10,2013,2,5,93,1,2,3,1,2,", JEAN JAURES  (AVE)  15",0.0,0.0
201300040816,1,11,2013,21,5,93,1,2,1,3,7,"78, FELIX FAURE (BLD) =>",0.0,0.0
201300040817,4,11,2013,17,1,93,1,2,1,1,6,"3, FERRAGUS (RUE)  7/8 =",0.0,0.0
201300040818,6,11,2013,17,2,93,1,2,1,2,6,"120, HELENE COCHENNEC (R",0.0,0.0
201300040819,12,11,2013,8,1,93,1,2,1,1,6,20 COURNEUVE (RUE DE LA,0.0,0.0
201300040820,14,11,2013,10,1,93,1,2,1,2,6,55 FELIX FAURE (BLD) =>,0.0,0.0
201300040821,18,11,2013,12,1,93,1,2,1,1,6,75 REPUBLIQUE (AVE DE L,0.0,0.0
201300040822,20,11,2013,19,5,93,1,2,1,2,2,"73, JEAN JAURES (AVE) 55",0.0,0.0
201300040823,21,11,2013,9,1,93,1,2,1,2,2,"1, LAUTREAMONT (RUE)",0.0,0.0
201300040824,25,11,2013,11,1,93,1,2,5,1,1,GARDINOUX (RUE DES),0.0,0.0
201300040825,26,11,2013,15,1,93,1,2,4,1,3,"10, REPUBLIQUE (AVE DE L",0.0,0.0
201300040826,29,11,2013,5,5,93,1,2,2,1,3,CITES (RUE DES)  93/100,0.0,0.0
201300040827,29,11,2013,11,1,93,1,2,1,1,6,"239, JEAN JAURES (AVE)",0.0,0.0
201300040828,30,11,2013,2,5,93,1,2,3,1,2,"131, JEAN JAURES (AVE)",0.0,0.0
201300040829,3,12,2013,15,1,93,1,2,1,1,6,6 HENRI MANIGART (RUE),0.0,0.0
201300040830,11,12,2013,19,5,93,1,2,1,1,3,"8, GARDINOUX (RUE DES)",0.0,0.0
201300040831,18,12,2013,14,1,93,1,2,1,1,6,47 REPUBLIQUE (AVE DE L,0.0,0.0
201300040832,21,12,2013,5,5,93,1,2,3,1,6,EDOUARD POISSON  (RUE) (,0.0,0.0
201300040833,21,12,2013,13,1,93,1,2,3,1,3,REPUBLIQUE (AVE DE LA ),0.0,0.0
201300040834,23,12,2013,14,1,93,1,2,1,1,6,DANIELLE CASANOVA (RUE),0.0,0.0
201300040835,23,12,2013,17,5,93,1,2,1,6,6,WALDECK ROCHET (RUE),0.0,0.0
201300040836,27,12,2013,23,5,93,1,2,1,2,6,"38, HEMET (RUE) (PAIR)",0.0,0.0
201300040837,1,1,2013,7,5,93,5,2,6,1,5,EUROPE (CARREFOUR DE L'),0.0,0.0
201300040838,17,1,2013,17,1,93,71,2,1,1,3,"33, LEON JOUHAUX (AVENU",0.0,0.0
201300040839,2,1,2013,13,1,93,5,1,1,1,3,ROBERT BREMOND (RUE),0.0,0.0
201300040840,20,2,2013,18,2,93,71,2,1,1,2,"100, AULNAY (RUE D')",0.0,0.0
201300040841,3,1,2013,20,5,93,5,2,1,2,3,IRENE ET FREDERIC JOLIOT,0.0,0.0
201300040842,14,3,2013,13,1,93,71,2,1,1,6,"10, MARCHE (AVENUE DU)",0.0,0.0
201300040843,3,1,2013,23,5,93,5,2,3,1,3,FRANCOIS MASSE (RUE),0.0,0.0
201300040844,4,1,2013,14,1,93,5,2,1,1,6,"NEANT, PARINOR",0.0,0.0
201300040845,25,3,2013,17,1,93,71,2,1,1,6,GENERAL LECLERC (AVENUE,0.0,0.0
201300040846,6,1,2013,22,5,93,5,2,1,2,6,"16, JEAN CHARCOT [CD115]",0.0,0.0
201300040847,29,3,2013,11,1,93,71,2,1,1,6,GARE (RUE DE LA),0.0,0.0
201300040848,12,1,2013,12,1,93,5,2,3,2,3,MARC CHAGALL (BOULEVARD),0.0,0.0
201300040849,1,4,2013,16,1,93,71,2,1,1,6,0 PETITS PONTS (ROUTE D,0.0,0.0
201300040850,12,1,2013,14,1,93,5,2,1,2,2,GEORGES BRAQUE (BOULEVAR,0.0,0.0
201300040851,5,4,2013,16,1,93,71,2,1,1,6,"18, AULNAY (BOULEVARD D'",0.0,0.0
201300040852,14,1,2013,16,5,93,5,2,1,1,2,RAOUL DUFY (AVENUE),0.0,0.0
201300040853,17,1,2013,21,5,93,5,2,3,1,6,BERTEAUX (RUE),0.0,0.0
201300040854,15,4,2013,11,1,93,71,2,3,2,6,1 GABRIEL PERI (RUE),0.0,0.0
201300040855,21,1,2013,18,5,93,5,2,1,4,6,PAUL CEZANNE (RUE),0.0,0.0
201300040856,16,4,2013,18,1,93,71,2,1,1,4,"13, CHARLES CONRAD (RUE)",0.0,0.0
201300040857,23,4,2013,18,1,93,71,2,1,1,2,PEUPLIERS (ALLEE DES),0.0,0.0
201300040858,24,1,2013,13,1,93,5,2,1,1,6,AMBOURGET (RUE),0.0,0.0
201300040859,25,1,2013,17,5,93,5,2,1,1,6,CHARLES DE GAULLE [CD115,0.0,0.0
201300040860,27,4,2013,9,1,93,71,2,1,1,3,"1, GUY CAM (RUE)",0.0,0.0
201300040861,2,5,2013,19,1,93,71,2,1,1,3,"8, SAVIGNY (CHEMIN DE)",0.0,0.0
201300040862,31,1,2013,21,5,93,5,2,2,1,2,JACQUES DUCLOS [CD44] (R,0.0,0.0
201300040863,5,5,2013,18,1,93,71,2,2,1,3,"26, GAMBETTA (AVENUE)",0.0,0.0
201300040864,9,5,2013,13,1,93,71,2,3,1,6,"1, BALLANGER ROBERT (AVE",0.0,0.0
201300040865,4,2,2013,1,5,93,5,2,2,2,3,WALDECK ROUSSEAU (RUE),0.0,0.0
201300040866,14,5,2013,14,1,93,71,2,1,1,2,GENERAL LECLERC (AVENUE,0.0,0.0
201300040867,5,2,2013,8,1,93,5,2,2,2,6,PREFET CHALEIL (CD44) (R,0.0,0.0
201300040868,17,5,2013,16,1,93,71,2,2,1,6,PIERRE BROSSOLETTE (RUE),0.0,0.0
201300040869,5,2,2013,16,1,93,5,2,6,1,3,CLEMENT ADER (RUE),0.0,0.0
201300040870,6,2,2013,17,1,93,5,2,1,1,1,LELIEVRE (AVENUE),0.0,0.0
201300040871,16,5,2013,16,1,93,71,2,1,8,6,SALVADOR ALLENDE (AVENUE,0.0,0.0
201300040872,31,5,2013,17,1,93,71,2,1,1,3,"33, LUCIEN SAMPAIX (RUE)",0.0,0.0
201300040873,5,6,2013,13,1,93,71,2,3,1,3,"1, GABRIEL PERI (RUE)",0.0,0.0
201300040874,18,2,2013,8,1,93,5,2,3,1,3,HOTEL DE VILLE (BOULEVAR,0.0,0.0
201300040875,20,2,2013,18,2,93,5,2,1,1,6,"1, AULNES (RUE DES)",0.0,0.0
201300040876,12,6,2013,19,1,93,71,2,1,1,3,BOUGAINVILLE (ALLEE),0.0,0.0
201300040877,21,2,2013,19,5,93,5,2,3,1,3,PASCAL LECOINTRE (RUE),0.0,0.0
201300040878,15,6,2013,18,1,93,71,2,1,1,6,VICTOR HUGO (AVENUE),0.0,0.0
201300040879,25,2,2013,9,1,93,5,2,2,4,6,"97, JACQUES DUCLOS [CD44",0.0,0.0
201300040880,25,2,2013,11,1,93,5,2,2,1,6,CHARLES FLOQUET (BOULEVA,0.0,0.0