Num_Acc,jour,mois,an,hr,condition_eclairage,departement,commune,condition_agglomeration,intersection,condition_atmosphere,type_collision,adresse,lattitude,longitude
201300040881,20,6,2013,13,1,93,71,2,2,1,3,PEUPLIERS (ALLEE DES),0.0,0.0
201300040882,17,3,2013,6,2,93,5,2,2,2,6,ORLEANS (RUE D'),0.0,0.0
201300040883,5,7,2013,15,1,93,71,2,1,1,3,RAOUL DAUTRY (AVENUE),0.0,0.0
201300040884,27,3,2013,20,3,93,5,2,2,1,3,AMBROISE PARE (RUE),0.0,0.0
201300040885,28,3,2013,10,1,93,5,2,2,1,3,ROISSY EN FRANCE [CR N9],0.0,0.0
201300040886,15,7,2013,0,5,93,71,2,1,1,3,"79, AULNAY (RUE D')",0.0,0.0
201300040887,16,7,2013,17,1,93,71,2,2,1,3,"1, LIVRY (AVENUE DE)",0.0,0.0
201300040888,7,4,2013,20,1,93,5,2,1,1,2,MITRY [CD115] (ROUTE DE),0.0,0.0
201300040889,16,7,2013,20,1,93,71,2,1,1,6,"06, EST (RUE DE L')",0.0,0.0
201300040890,11,4,2013,18,1,93,5,2,2,1,3,MUN (AVENUE DE),0.0,0.0
201300040891,14,4,2013,14,1,93,5,2,1,1,7,EDGAR DEGAS (RUE),0.0,0.0
201300040892,14,4,2013,17,1,93,5,2,1,1,7,RAOUL DUFY (AVENUE),0.0,0.0
201300040893,18,4,2013,16,1,93,5,2,1,1,6,"36, JACQUES DUCLOS [CD44",0.0,0.0
201300040894,21,4,2013,19,1,93,5,2,2,1,3,POMEREU (AVENUE DE),0.0,0.0
201300040895,18,8,2013,20,2,93,71,2,1,2,6,ALFRED NOBEL (AVENUE),0.0,0.0
201300040896,23,4,2013,18,1,93,5,2,1,1,2,RAOUL DUFY (AVENUE),0.0,0.0
201300040897,9,9,2013,11,1,93,71,2,2,2,3,"1, COMMANDANT CHARCOT (A",0.0,0.0
201300040898,24,4,2013,13,1,93,5,2,1,1,6,BLAISE PASCAL (RUE),0.0,0.0
201300040899,1,10,2013,15,1,93,71,2,1,1,2,0 HENRI BECQUEREL (RUE),0.0,0.0
201300040900,27,4,2013,9,1,93,5,2,1,1,7,72 MITRY [CD115] (ROUTE,0.0,0.0
201300040901,4,10,2013,20,5,93,71,2,1,1,1,PEUPLIERS (ALLEE DES),0.0,0.0
201300040902,3,5,2013,16,1,93,5,2,1,1,2,LOUIS ARMAND (CARREFOUR),0.0,0.0
201300040903,6,5,2013,9,1,93,5,2,1,2,6,"23, ROMAIN ROLLAND (AVEN",0.0,0.0
201300040904,10,5,2013,22,5,93,5,2,1,1,6,", BLAISE PASCAL (RUE)",0.0,0.0
201300040905,11,5,2013,14,1,93,5,2,1,1,6,"23, HOTEL DE VILLE (BOUL",0.0,0.0
201300040906,22,5,2013,20,1,93,5,2,1,1,1,SAVIGNY (AVENUE DE),0.0,0.0
201300040907,23,5,2013,11,1,93,5,2,2,1,3,PAUL CEZANNE (RUE),0.0,0.0
201300040908,8,11,2013,18,5,93,71,2,3,2,1,"24, LIVRY (AVENUE DE)",0.0,0.0
201300040909,24,5,2013,15,1,93,5,2,1,3,6,"39, JULES PRINCET [CD115",0.0,0.0
201300040910,13,11,2013,6,5,93,71,2,1,1,6,JEAN MOULIN (CARREFOUR),0.0,0.0
201300040911,24,5,2013,19,1,93,5,2,7,1,3,CHARLES DE GAULLE [CD115,0.0,0.0
201300040912,27,11,2013,12,1,93,71,2,3,1,2,45 HENRI BARBUSSE (AVEN,0.0,0.0
201300040913,24,5,2013,21,5,93,5,2,1,8,2,", MARC CHAGALL (BOULEVAR",0.0,0.0
201300040914,28,11,2013,11,1,93,71,2,3,1,3,0 LIVRY (AVENUE DE),0.0,0.0
201300040915,28,5,2013,13,1,93,5,2,1,2,6,HOTEL DE VILLE (BOULEVAR,0.0,0.0
201300040916,20,12,2013,13,1,93,71,2,2,1,6,"0, WESTINGHOUSE (BOULEVA",0.0,0.0
201300040917,30,5,2013,14,1,93,5,2,1,8,2,MITRY [CD115] (ROUTE DE),0.0,0.0
201300040918,5,6,2013,16,1,93,5,2,1,1,6,DOCTEUR ROUX (RUE DU),0.0,0.0
201300040919,5,6,2013,21,1,93,5,2,1,1,6,"3, VIENNE (ALLEE DE)",0.0,0.0
201300040920,10,6,2013,19,1,93,5,2,1,1,3,GEORGES BRAQUE (BOULEVAR,0.0,0.0
201300040921,11,6,2013,10,1,93,5,2,1,1,3,GENERAL GALLIENI (BOULEV,0.0,0.0
201300040922,16,6,2013,12,1,93,5,2,1,1,6,"30, MOULIN DE LA VILLE (",0.0,0.0
201300040923,18,6,2013,13,1,93,5,2,2,1,5,OLIVIERS (RUE DES),0.0,0.0
201300040924,18,6,2013,14,1,93,5,2,2,1,3,MARCEL SEMBAT (RUE),0.0,0.0
201300040925,18,6,2013,17,1,93,5,2,1,1,6,"01, MARECHAL JUIN (AVENU",0.0,0.0
201300040926,20,6,2013,10,1,93,5,2,6,8,3,CHARLES DE GAULLE [CD115,0.0,0.0
201300040927,21,6,2013,19,1,93,5,2,1,1,6,"11, GENERAL LECLERC (PLA",0.0,0.0
201300040928,25,6,2013,21,5,93,5,2,1,1,1,EDGAR DEGAS (RUE),0.0,0.0
201300040929,27,6,2013,17,1,93,5,2,1,1,6,MARC CHAGALL (BOULEVARD),0.0,0.0
201300040930,28,6,2013,10,1,93,5,2,1,2,7,ANDRE CITROEN (BOULEVARD,0.0,0.0
201300040931,4,7,2013,23,5,93,5,2,1,1,3,"24, JULES PRINCET [CD115",0.0,0.0
201300040932,6,7,2013,14,1,93,5,2,1,1,6,LOUIS ARMAND (CARREFOUR),0.0,0.0
201300040933,7,7,2013,22,5,93,5,2,2,9,3,JEAN JAURES (AVENUE),0.0,0.0
201300040934,11,7,2013,20,1,93,5,2,1,1,3,"04, GROS PEUPLIER (AVENU",0.0,0.0
201300040935,12,7,2013,12,1,93,5,2,1,1,6,GASPARD MONGE (RUE),0.0,0.0
201300040936,12,7,2013,23,5,93,5,2,1,1,2,GEORGES BRAQUE (BOULEVAR,0.0,0.0
201300040937,18,7,2013,18,1,93,5,2,1,1,4,"36, JULES PRINCET [CD115",0.0,0.0
201300040938,19,7,2013,18,1,93,5,2,1,1,2,JULES PRINCET [CD115] (R,0.0,0.0
201300040939,25,7,2013,12,1,93,5,2,3,1,3,PIMODAN (RUE DE),0.0,0.0
201300040940,29,7,2013,15,1,93,5,2,1,1,3,SUZANNE LENGLEN (AVENUE),0.0,0.0
201300040941,2,8,2013,17,1,93,5,2,1,1,6,SUZANNE LENGLEN (AVENUE),0.0,0.0
201300040942,4,8,2013,7,1,93,5,2,1,1,3,JULES VALLES (RUE),0.0,0.0
201300040943,18,8,2013,20,1,93,5,2,3,1,2,CHARLES GOUPPY (RUE),0.0,0.0
201300040944,20,8,2013,21,5,93,5,2,3,1,2,"NEANT, RAOUL DUFY (AVENU",0.0,0.0
201300040945,22,8,2013,20,1,93,5,2,1,1,3,"6, JULES PRINCET [CD115]",0.0,0.0
201300040946,25,8,2013,1,5,93,5,2,1,3,3,OLIVIERS (RUE DES),0.0,0.0
201300040947,31,8,2013,8,1,93,5,2,2,2,3,", JULES PRINCET [CD115]",0.0,0.0
201300040948,31,8,2013,19,1,93,5,2,2,1,6,MADRID (RUE DE),0.0,0.0
201300040949,6,9,2013,13,1,93,5,2,2,1,3,ROISSY EN FRANCE [CR N9],0.0,0.0
201300040950,8,9,2013,18,1,93,5,2,3,1,3,JEAN CHARCOT [CD115] (RU,0.0,0.0
201300040951,10,9,2013,8,1,93,5,2,1,1,1,MOULIN DE LA VILLE (CHEM,0.0,0.0
201300040952,10,9,2013,17,1,93,5,2,1,1,6,CLAUDE DEBUSSY (RUE),0.0,0.0
201300040953,11,9,2013,13,1,93,5,2,1,1,2,ROBERT SCHUMAN (CARREFOU,0.0,0.0
201300040954,12,9,2013,14,1,93,5,2,1,1,6,"NEANT, MARC CHAGALL (BOU",0.0,0.0
201300040955,15,9,2013,13,1,93,5,2,1,1,3,MARC CHAGALL (BOULEVARD),0.0,0.0
201300040956,19,9,2013,12,1,93,5,2,1,1,6,SEVRAN (CD44) (RUE DE),0.0,0.0
201300040957,22,9,2013,13,1,93,5,2,1,2,6,RAOUL DUFY (AVENUE),0.0,0.0
201300040958,23,9,2013,20,5,93,5,2,3,1,3,COTTAGE (AVENUE DU),0.0,0.0
201300040959,26,9,2013,7,1,93,5,2,3,1,6,"1, JULES VALLES (RUE)",0.0,0.0
201300040960,26,9,2013,9,1,93,5,2,1,1,2,ANDRE CITROEN (BOULEVARD,0.0,0.0
201300040961,27,9,2013,11,1,93,5,2,9,1,3,MARC CHAGALL (BOULEVARD),0.0,0.0
201300040962,29,9,2013,16,1,93,5,2,1,1,6,WALDECK ROUSSEAU (RUE),0.0,0.0
201300040963,29,9,2013,21,5,93,5,2,1,2,6,MITRY [CD115] (ROUTE DE),0.0,0.0
201300040964,5,10,2013,15,1,93,5,2,1,1,6,DOCTEUR GARASSE (RUE DU),0.0,0.0
201300040965,5,10,2013,21,5,93,5,2,3,1,3,"41, MOULIN DE LA VILLE (",0.0,0.0
201300040966,7,10,2013,17,1,93,5,2,1,1,6,"7-9, MARCO POLO (RUE)",0.0,0.0
201300040967,8,10,2013,16,1,93,5,2,1,1,4,ANDRE CITROEN (BOULEVARD,0.0,0.0
201300040968,9,10,2013,9,1,93,5,2,2,1,3,LELIEVRE (AVENUE),0.0,0.0
201300040969,11,10,2013,16,1,93,5,2,9,8,3,GARONOR,0.0,0.0
201300040970,13,10,2013,1,5,93,5,2,1,1,6,", BRUNETIERE (RUE)",0.0,0.0
201300040971,16,10,2013,5,4,93,5,2,1,1,3,CHARLES DE GAULLE [CD115,0.0,0.0
201300040972,16,10,2013,20,5,93,5,2,3,2,6,AMBROISE PARE (RUE),0.0,0.0
201300040973,17,10,2013,16,1,93,5,2,1,1,6,ANDRE CITROEN (BOULEVARD,0.0,0.0
201300040974,17,10,2013,16,1,93,5,2,1,1,6,JEAN BART (ALLEE),0.0,0.0
201300040975,17,10,2013,17,1,93,5,2,1,1,3,JEAN CHARCOT [CD115] (RU,0.0,0.0
201300040976,18,10,2013,10,1,93,5,2,1,1,3,JACQUES DUCLOS [CD44] (R,0.0,0.0
201300040977,19,10,2013,10,1,93,5,2,1,8,2,DEUX PONTS (RUE DES),0.0,0.0
201300040978,23,10,2013,19,5,93,5,2,6,1,3,RAOUL DUFY (AVENUE),0.0,0.0
201300040979,23,10,2013,20,5,93,5,2,1,1,6,CHARLES-GOUPPY (RUE),0.0,0.0
201300040980,25,10,2013,16,1,93,5,2,1,2,2,"114, MITRY [CD115] (RUE",0.0,0.0
201300040981,28,10,2013,7,1,93,5,2,1,2,6,ANATOLE FRANCE (AVENUE),0.0,0.0
201300040982,31,10,2013,19,5,93,5,2,1,2,6,"44, PASCAL LECOINTRE (RU",0.0,0.0
201300040983,1,11,2013,17,5,93,5,2,1,2,2,"01, STRASBOURG (BOULEVAR",0.0,0.0
201300040984,3,11,2013,17,2,93,5,2,1,1,6,16 JEAN CHARCOT [CD115],0.0,0.0
201300040985,5,11,2013,20,5,93,5,2,2,1,3,MUN (AVENUE DE),0.0,0.0
201300040986,7,11,2013,7,1,93,5,2,3,1,3,"neant, JEAN CHARCOT [CD1",0.0,0.0
201300040987,7,11,2013,17,5,93,5,2,1,2,6,SAVIGNY (AVENUE DE),0.0,0.0
201300040988,15,11,2013,12,1,93,5,2,1,1,3,JOSEPH MARIE JACQUARD (R,0.0,0.0
201300040989,21,11,2013,7,1,93,5,2,1,2,6,"95, JACQUES DUCLOS [CD44",0.0,0.0
201300040990,27,11,2013,14,1,93,5,2,1,1,7,GEORGES BRAQUE (BOULEVAR,0.0,0.0
201300040991,29,11,2013,19,5,93,5,2,1,2,1,ANATOLE FRANCE (AVENUE),0.0,0.0
201300040992,6,12,2013,16,5,93,5,2,1,1,6,"10, HENRI MATISSE (RUE)",0.0,0.0
201300040993,6,12,2013,19,5,93,5,2,2,1,3,"117, MITRY [CD115] (RUE",0.0,0.0
201300040994,14,12,2013,18,5,93,5,2,3,1,3,MOULIN DE LA VILLE (CHEM,0.0,0.0
201300040995,18,12,2013,11,1,93,5,2,1,1,6,MOULIN DE LA VILLE (CHEM,0.0,0.0
201300040996,19,12,2013,7,5,93,5,2,1,2,7,ANDRE CITROEN (BOULEVARD,0.0,0.0
201300040997,19,12,2013,15,1,93,5,2,3,1,6,"1, LOUIS COUTANT (RUE)",0.0,0.0
201300040998,20,12,2013,19,5,93,5,2,2,1,3,SAVIGNY (AVENUE DE),0.0,0.0
201300040999,20,12,2013,21,5,93,5,1,9,1,3,MARC CHAGALL (BOULEVARD),0.0,0.0
201300041000,25,12,2013,18,5,93,5,2,3,1,2,GENERAL GALLIENI (BOULEV,0.0,0.0
201300041001,16,4,2013,8,1,93,71,2,3,1,2,"0, DUMONT D'URVILLE (AVE",0.0,0.0
201300041002,1,1,2013,19,2,93,7,2,1,1,3,8 MAI 45 (AVENUE DU 1 AU,0.0,0.0
201300041003,1,1,2013,16,1,93,7,2,2,2,3,JEAN CATELAS (AVENUE),0.0,0.0
201300041004,14,1,2013,17,3,93,7,2,1,1,3,"67, DIVISION LECLERC (AV",0.0,0.0
201300041005,15,1,2013,19,5,93,7,2,9,1,1,CHARLES FLOQUET (AVENUE),0.0,0.0
201300041006,25,1,2013,10,1,93,7,2,2,1,6,VICTOR HUGO (RUE),0.0,0.0
201300041007,31,1,2013,14,1,93,7,2,1,2,6,"100, ""HENRI BARBUSSE (AV",0.0,0.0
201300041008,1,2,2013,13,1,93,7,2,1,2,2,ALBERT EINSTEIN (aVENUE),0.0,0.0
201300041009,7,2,2013,17,1,93,7,2,9,1,6,DESCARTES (AVENUE DU,0.0,0.0
201300041010,9,2,2013,20,5,93,7,2,3,1,6,GILBERT DRU (RUE),0.0,0.0
201300041011,14,2,2013,6,5,93,7,2,1,2,1,ARISTIDE BRIAND (AVENUE,0.0,0.0
201300041012,18,2,2013,15,1,93,7,2,3,1,3,"104, HENRI BARBUSSE (AVE",0.0,0.0
201300041013,24,2,2013,17,1,93,7,2,1,2,6,DIVISION LECLERC (ROND-P,0.0,0.0
201300041014,31,3,2013,21,5,93,7,2,1,1,3,8 MAI 45 (AVENUE DU 184,0.0,0.0
201300041015,2,4,2013,9,1,93,7,2,1,1,6,ABBE NIORT (RUE DE L'),0.0,0.0
201300041016,6,4,2013,12,1,93,7,2,1,1,6,"""PAUL VAILLANT COUTURIER",0.0,0.0
201300041017,7,4,2013,20,1,93,7,2,1,1,6,GILBERT DRU (RUE),0.0,0.0
201300041018,11,4,2013,6,1,93,7,2,1,1,6,"38, LEO DELIBES (RUE)",0.0,0.0
201300041019,18,4,2013,19,1,93,7,2,1,1,4,"""DESCARTES (AVENUE """"DU",0.0,0.0
201300041020,1,6,2013,14,1,93,7,2,1,1,3,"131, DE LA REPUBLIQUE (A",0.0,0.0
201300041021,5,6,2013,8,1,93,7,2,1,1,6,192 PAUL VAILLANT COUT,0.0,0.0
201300041022,6,6,2013,17,1,93,7,2,1,1,2,"1, MARECHAL GALLIENI (AV",0.0,0.0
201300041023,7,6,2013,9,1,93,7,2,6,7,7,HENRI DUQUENNE (PLACE),0.0,0.0
201300041024,8,6,2013,12,1,93,7,2,1,1,4,"42, ""PAUL VAILLANT COUTU",0.0,0.0
201300041025,12,6,2013,9,1,93,7,2,2,1,3,"00, MASCOTTES (RUE DES)",0.0,0.0
201300041026,14,6,2013,8,1,93,7,2,9,1,6,MARCEL CACHIN (ECOLE MAT,0.0,0.0
201300041027,14,6,2013,9,1,93,7,2,1,1,1,GAMBETTA (AVENUE),0.0,0.0
201300041028,5,7,2013,19,1,93,7,2,1,1,4,CHARLES FLOQUET (AVENUE),0.0,0.0
201300041029,7,7,2013,23,5,93,7,2,1,1,3,DE LA REPUBLIQUE (AVENUE,0.0,0.0
201300041030,12,7,2013,13,1,93,7,2,1,1,6,JACQUES DECOUR (BOULEVAR,0.0,0.0
201300041031,15,7,2013,20,1,93,7,2,2,1,3,PAIX (AVENUE DE LA),0.0,0.0
201300041032,25,7,2013,14,1,93,7,2,3,1,6,"19, ""REPUBLIQUE (AVENUE",0.0,0.0
201300041033,26,7,2013,15,1,93,7,2,1,1,6,GAMBETTA (AVENUE),0.0,0.0
201300041034,10,8,2013,15,1,93,7,2,2,1,3,"79, ""HENRI BARBUSSE (AVE",0.0,0.0
201300041035,25,8,2013,17,1,93,7,2,1,2,7,"13, ""PIERRE SEMARD (RUE",0.0,0.0
201300041036,4,9,2013,17,1,93,7,2,9,1,7,"10, ALFRED CHOQUET (RUE)",0.0,0.0
201300041037,8,9,2013,13,1,93,7,2,3,1,6,"01, ARISTIDE BRIAND (AVE",0.0,0.0
201300041038,11,9,2013,17,1,93,7,2,2,1,3,PROFESSEUR FLEMING (AVEN,0.0,0.0
201300041039,12,9,2013,0,5,93,7,2,2,1,1,SURCOUF (AVENUE),0.0,0.0
201300041040,17,9,2013,13,1,93,7,2,6,1,3,"1, PABLO NERUDA (ROND-PO",0.0,0.0
201300041041,17,9,2013,15,1,93,7,2,6,1,3,PABLO NERUDA (ROND-POINT,0.0,0.0
201300041042,22,9,2013,11,1,93,7,2,2,1,6,"1, ""PAUL VAILLANT COUTUR",0.0,0.0
201300041043,30,9,2013,19,2,93,7,2,1,1,6,"120, ""PAUL VAILLANT COUT",0.0,0.0
201300041044,2,10,2013,21,5,93,7,2,1,1,7,"""DESCARTES (AVENUE """"DU",0.0,0.0
201300041045,11,10,2013,13,1,93,7,2,1,2,6,58 VLADIMIR I. LENINE (,0.0,0.0
201300041046,11,10,2013,14,1,93,7,2,1,1,6,GARE SNCF,0.0,0.0
201300041047,18,10,2013,0,5,93,7,2,2,1,3,PROFESSEUR LANGEVIN (R,0.0,0.0
201300041048,28,10,2013,0,5,93,7,2,1,2,6,JACQUES DECOUR (BOULEVAR,0.0,0.0
201300041049,7,11,2013,12,1,93,7,2,1,1,5,"90, ""PAUL VAILLANT COUTU",0.0,0.0
201300041050,11,12,2013,11,1,93,7,2,1,1,6,"131, CHARLES FLOQUET (AV",0.0,0.0
201300041051,14,12,2013,10,1,93,7,2,1,1,3,VEUVE BOUQUIN (AVENUE),0.0,0.0
201300041052,15,12,2013,11,1,93,7,2,1,1,6,"192, PAUL VAILLANT COUT",0.0,0.0
201300041053,5,1,2013,22,5,93,8,2,1,2,2,VAILLANT COUTURIER (AVEN,0.0,0.0
201300041054,15,1,2013,7,2,93,8,2,1,4,4,PARIS (RUE DE),0.0,0.0
201300041055,21,1,2013,20,5,93,8,2,1,2,3,"144, BARBUSSE (AVENUE HE",0.0,0.0
201300041056,22,1,2013,17,1,93,8,2,1,8,7,STALINGRAD (RUE DE) A10,0.0,0.0
201300041057,24,1,2013,0,5,93,8,2,1,9,6,MENDES DES CARMES (RUE),0.0,0.0
201300041058,24,1,2013,8,1,93,8,2,1,8,6,"19, ETOILE (RUE DE L')",0.0,0.0
201300041059,26,1,2013,12,1,93,8,2,1,8,6,"108, VAILLANT (AVENUE ED",0.0,0.0
201300041060,1,2,2013,6,2,93,8,2,1,3,6,FOLIE (CARREFOUR DE LA),0.0,0.0
201300041061,1,2,2013,15,1,93,8,2,1,2,2,90 GAUTIER (RUE HENRI),0.0,0.0
201300041062,7,2,2013,9,1,93,8,2,5,2,7,GREGOIRE (PLACE DE L'ABB,0.0,0.0
201300041063,13,2,2013,15,1,93,8,2,1,1,2,"64, ARAGON (AVENUE LOUIS",0.0,0.0
201300041064,23,2,2013,0,5,93,8,2,3,1,6,BARBUSSE (AVENUE HENRI),0.0,0.0
201300041065,25,2,2013,17,1,93,8,2,1,4,6,BARBUSSE (AVENUE HENRI),0.0,0.0
201300041066,10,3,2013,18,2,93,8,1,1,1,1,VAILLANT COUTURIER (AVEN,0.0,0.0
201300041067,11,3,2013,9,1,93,8,2,3,2,1,"24, GAUTIER (RUE HENRI)",0.0,0.0
201300041068,14,3,2013,10,1,93,8,2,1,1,6,VAILLANT COUTURIER (AVEN,0.0,0.0
201300041069,18,3,2013,13,1,93,8,2,1,2,2,"105, PARIS (RUE DE)",0.0,0.0
201300041070,19,3,2013,20,5,93,8,2,1,3,6,"2, CARENCY (RUE DE)",0.0,0.0
201300041071,22,3,2013,16,1,93,8,2,2,1,6,"44, CACHIN (RUE MARCEL)",0.0,0.0
201300041072,11,4,2013,18,1,93,8,2,3,1,3,MICHEL (RUE),0.0,0.0
201300041073,12,4,2013,16,1,93,8,2,2,8,3,VAILLANT COUTURIER (AVEN,0.0,0.0
201300041074,14,4,2013,6,1,93,8,2,1,1,2,"47, PARIS (RUE DE)",0.0,0.0
201300041075,15,4,2013,17,1,93,8,2,7,1,6,GREGOIRE (PLACE DE L'ABB,0.0,0.0
201300041076,17,4,2013,8,1,93,8,2,3,1,6,"IGNOREE, CAMIER (RUE REN",0.0,0.0
201300041077,23,4,2013,14,1,93,8,2,1,1,1,"45 / 49, BABEUF (RUE)",0.0,0.0
201300041078,25,4,2013,21,5,93,8,2,1,1,6,"121, VAILLANT (AVENUE ED",0.0,0.0
201300041079,29,4,2013,19,1,93,8,2,1,1,4,VAILLANT COUTURIER (AVEN,0.0,0.0
201300041080,30,4,2013,17,1,93,8,2,3,2,3,"28, VARLIN (RUE EUGENE)",0.0,0.0
201300041081,1,6,2013,17,1,93,8,2,1,1,3,STALINGRAD (RUE DE) A10,0.0,0.0
201300041082,4,6,2013,17,1,93,8,2,1,1,6,"43, CARENCY (RUE DE)",0.0,0.0
201300041083,5,6,2013,7,1,93,8,2,1,1,6,SEMARD (AVENUE PIERRE),0.0,0.0
201300041084,7,6,2013,16,1,93,8,2,1,1,7,LATERAL (CHEMIN),0.0,0.0
201300041085,16,6,2013,13,1,93,8,2,8,1,6,"4-8, RENARD (RUE EDOUARD",0.0,0.0
201300041086,17,6,2013,19,2,93,8,2,6,2,2,JAURES (AVENUE JEAN),0.0,0.0
201300041087,19,6,2013,0,5,93,8,2,1,1,4,VAILLANT COUTURIER (AVEN,0.0,0.0
201300041088,21,6,2013,17,1,93,8,2,1,1,6,CONVENTION (AVENUE DE LA,0.0,0.0
201300041089,27,6,2013,17,1,93,8,2,6,1,3,STALINGRAD (RUE DE) A10,0.0,0.0
201300041090,4,7,2013,11,1,93,8,2,1,1,6,BERGERE (RUE DE LA),0.0,0.0
201300041091,4,7,2013,17,1,93,8,2,1,1,6,"27, LENINE (BOULEVARD)",0.0,0.0
201300041092,10,7,2013,18,1,93,8,2,1,1,6,LEPETIT VERGEAT (RUE),0.0,0.0
201300041093,11,7,2013,17,1,93,8,2,1,1,3,"34, DEVIATION (RUE DE LA",0.0,0.0
201300041094,18,7,2013,21,1,93,8,2,8,1,7,JAURES (AVENUE JEAN),0.0,0.0
201300041095,19,7,2013,15,1,93,8,2,1,1,6,SEMARD (RUE PIERRE),0.0,0.0
201300041096,19,7,2013,22,4,93,8,2,3,1,3,"111, BARBUSSE (AVENUE HE",0.0,0.0
201300041097,25,7,2013,12,1,93,8,2,6,1,3,PLACE SAINT JUSTE,0.0,0.0
201300041098,25,7,2013,15,1,93,8,2,1,1,3,", VAILLANT COUTURIER (AV",0.0,0.0
201300041099,19,8,2013,0,5,93,8,2,5,2,3,JAURES (AVENUE JEAN),0.0,0.0
201300041100,19,8,2013,10,1,93,8,2,1,1,2,PLACE SAINT JUSTE,0.0,0.0
201300041101,22,8,2013,14,1,93,8,2,8,1,6,SEMARD (AVENUE PIERRE),0.0,0.0
201300041102,23,8,2013,9,1,93,8,2,9,1,1,"90-92, RENARD (RUE EDOUA",0.0,0.0
201300041103,27,8,2013,2,5,93,8,2,9,2,3,VAILLANT COUTURIER (AVEN,0.0,0.0
201300041104,2,9,2013,18,1,93,8,2,1,1,3,VAILLANT (AVENUE EDOUARD,0.0,0.0
201300041105,4,9,2013,16,1,93,8,2,1,1,6,"1, JAURES (AVENUE JEAN)",0.0,0.0
201300041106,9,9,2013,20,5,93,8,2,2,2,4,BARBUSSE (AVENUE HENRI),0.0,0.0
201300041107,13,9,2013,15,1,93,8,2,1,2,6,ROSTAND (PROMENADE JEAN),0.0,0.0
201300041108,14,9,2013,18,1,93,8,2,1,3,2,VAILLANT COUTURIER (AVEN,0.0,0.0
201300041109,19,9,2013,22,3,93,8,2,1,1,2,"352, VAILLANT COUTURIER",0.0,0.0
201300041110,26,9,2013,17,1,93,8,2,3,1,3,"75, BARBUSSE (AVENUE HEN",0.0,0.0
201300041111,27,9,2013,16,1,93,8,2,4,1,5,"412, VAILLANT COUTURIER",0.0,0.0
201300041112,2,10,2013,8,2,93,8,2,1,1,6,", ROSTAND (PROMENADE JEA",0.0,0.0
201300041113,2,10,2013,12,1,93,8,2,1,1,3,"14, STALINGRAD (RUE DE)",0.0,0.0
201300041114,2,10,2013,16,1,93,8,2,2,1,3,RACINE (RUE),0.0,0.0
201300041115,9,10,2013,12,1,93,8,2,1,2,6,ILLUSTRATION (AVENUE DE,0.0,0.0
201300041116,11,10,2013,9,1,93,8,2,1,2,2,BARBUSSE (AVENUE HENRI),0.0,0.0
201300041117,16,10,2013,22,4,93,8,2,2,2,2,"42, NOZIERES (RUE HENRI)",0.0,0.0
201300041118,23,10,2013,16,1,93,8,2,1,1,3,"39, GAUTIER (RUE HENRI)",0.0,0.0
201300041119,24,10,2013,19,1,93,8,2,8,1,3,ALLENDE (AVE DU P. SALVA,0.0,0.0
201300041120,25,10,2013,9,1,93,8,2,1,2,3,VAILLANT COUTURIER (AVEN,0.0,0.0
201300041121,28,10,2013,16,1,93,8,2,1,7,6,PARIS (RUE DE),0.0,0.0
201300041122,1,11,2013,20,5,93,8,2,9,3,2,VAILLANT COUTURIER (AVEN,0.0,0.0
201300041123,4,11,2013,19,5,93,8,2,1,1,2,VAILLANT COUTURIER (AVEN,0.0,0.0
201300041124,8,11,2013,10,1,93,8,2,2,1,3,MOSCOU (RUE DE),0.0,0.0
201300041125,8,11,2013,18,5,93,8,2,3,2,3,SEMARD (RUE PIERRE),0.0,0.0
201300041126,13,11,2013,15,1,93,8,2,1,1,4,VAILLANT COUTURIER (AVEN,0.0,0.0
201300041127,14,11,2013,15,1,93,8,2,1,8,6,VAILLANT COUTURIER (AVEN,0.0,0.0
201300041128,10,12,2013,20,5,93,8,2,1,1,6,"221, JAURES (AVENUE JEAN",0.0,0.0
201300041129,11,12,2013,20,5,93,8,2,1,1,4,"442, VAILLANT COUTURIER",0.0,0.0
201300041130,12,12,2013,13,1,93,8,2,6,1,6,VAILLANT COUTURIER (AVEN,0.0,0.0
201300041131,13,12,2013,9,1,93,8,2,1,1,6,REPUBLIQUE (RUE DE LA),0.0,0.0
201300041132,17,12,2013,13,1,93,8,2,1,1,4,GAGARINE (AVENUE YOURI),0.0,0.0
201300041133,20,12,2013,17,5,93,8,2,8,1,6,ALLENDE (AVE DU P. SALVA,0.0,0.0
201300041134,30,12,2013,5,5,93,8,2,6,1,6,"26, ETOILE (RUE DE L')",0.0,0.0
201300041135,30,12,2013,8,1,93,8,2,1,1,3,PICASSO (RUE PABLO),0.0,0.0
201300041136,11,1,2013,12,1,93,10,2,1,1,7,"54, BELFORT (AV. DE)",0.0,0.0
201300041137,14,1,2013,20,5,93,57,2,1,4,3,"2, MONTYON (AL.) 1 A 74",0.0,0.0
201300041138,13,1,2013,16,1,93,10,2,1,1,6,"65, VAILLANT (RUE EDOUAR",0.0,0.0
201300041139,19,1,2013,11,1,93,10,2,1,4,3,PONT (CHEM. DU),0.0,0.0
201300041140,29,1,2013,11,1,93,57,2,3,3,3,"ignore, BRIAND ( AV. ARI",0.0,0.0
201300041141,1,2,2013,20,5,93,57,2,1,8,6,"06, BRIAND (AV. ARISTIDE",0.0,0.0
201300041142,8,2,2013,18,5,93,57,2,1,2,6,"100, JAURES (AV. JEAN) 7",0.0,0.0
201300041143,10,2,2013,18,5,93,10,2,5,4,6,"03, GALLIENI (AV.) DE 98",0.0,0.0
201300041144,13,2,2013,10,1,93,57,2,3,8,6,FABIEN ( AL. DU COLONEL),0.0,0.0
201300041145,14,2,2013,20,5,93,10,2,1,2,6,"96, FRANCE (AV. ANATOLE)",0.0,0.0
201300041146,21,2,2013,11,1,93,10,2,2,1,6,"IGNORE, VAILLANT (RUE DU",0.0,0.0
201300041147,8,3,2013,16,1,93,10,2,3,1,1,CARNOT (AV) DE 1 A 57,0.0,0.0
201300041148,14,3,2013,0,5,93,57,2,2,9,3,", BRIAND ( AV. ARISTIDE)",0.0,0.0
201300041149,14,3,2013,3,5,93,57,2,1,9,3,116 JAURES (AV. JEAN) 1,0.0,0.0
201300041150,15,3,2013,9,1,93,57,2,1,1,3,1 BRIAND ( AV. ARISTIDE,0.0,0.0
201300041151,17,3,2013,5,5,93,10,2,1,8,6,52 GALLIENI (AV.) DE 2,0.0,0.0
201300041152,21,3,2013,9,1,93,10,2,1,2,6,33 BLANQUI (R. LOUIS-AU,0.0,0.0
201300041153,22,3,2013,8,1,93,10,2,3,1,6,DORMOY (AV. MARX) DE 2 A,0.0,0.0
201300041154,27,3,2013,10,1,93,10,2,1,1,5,GALLIENI (AV.) DE 98 A 1,0.0,0.0