Num_Acc,jour,mois,an,hr,condition_eclairage,departement,commune,condition_agglomeration,intersection,condition_atmosphere,type_collision,adresse,lattitude,longitude
201300041155,31,3,2013,23,5,93,10,2,2,1,3,GALLIENI (AV.) DE 177 A,0.0,0.0
201300041156,2,4,2013,16,1,93,57,2,1,1,6,"144, JAURES (AV. JEAN) 1",0.0,0.0
201300041157,5,4,2013,8,1,93,10,2,7,2,6,"1, BARBUSSE (AV. HENRI)",0.0,0.0
201300041158,7,4,2013,6,2,93,10,2,3,1,5,"230, VAILLANT (RUE EDOUA",0.0,0.0
201300041159,8,4,2013,16,1,93,57,2,3,1,2,BRIAND (AV. ARISTIDE) 2,0.0,0.0
201300041160,18,4,2013,8,1,93,57,2,1,1,2,"3, BRIAND ( AV. ARISTIDE",0.0,0.0
201300041161,18,4,2013,10,1,93,10,2,4,1,5,VARAGNAT (AVENUE HENRI),0.0,0.0
201300041162,21,4,2013,1,5,93,57,2,3,1,3,BRIAND (AV. ARISTIDE) 2.,0.0,0.0
201300041163,21,4,2013,19,1,93,10,2,1,1,6,"9, BLUM (AV. LEON)",0.0,0.0
201300041164,22,4,2013,20,2,93,57,2,1,1,6,THOMAS (AV. ALBERT),0.0,0.0
201300041165,24,4,2013,8,1,93,57,2,6,1,7,ZOLA (AL. EMILE),0.0,0.0
201300041166,24,4,2013,16,1,93,10,2,3,7,3,FERRY (RUE JULES),0.0,0.0
201300041167,25,4,2013,18,1,93,57,2,3,1,3,CLOCHER D' AULNAY (AL. D,0.0,0.0
201300041168,29,4,2013,10,1,93,10,2,2,1,3,RAOUL (RUE),0.0,0.0
201300041169,29,4,2013,11,1,93,10,2,1,1,6,PASTEUR (AV.),0.0,0.0
201300041170,3,5,2013,14,1,93,57,2,1,1,6,BRIAND (AV. ARISTIDE) 21,0.0,0.0
201300041171,3,5,2013,16,1,93,10,2,3,1,3,QUATORZE-JUILLET (AV. DU,0.0,0.0
201300041172,5,5,2013,0,5,93,57,2,1,1,2,BRIAND ( AV.  ARISTIDE),0.0,0.0
201300041173,7,5,2013,16,1,93,57,2,1,1,6,"29, BRIAND ( AV. ARISTID",0.0,0.0
201300041174,12,5,2013,9,1,93,10,2,1,1,6,"188, BLANQUI (R. LOUIS-A",0.0,0.0
201300041175,13,5,2013,18,1,93,10,2,1,1,6,"62 bis, VILLEMOMBLE (RTE",0.0,0.0
201300041176,18,5,2013,15,1,93,10,2,1,8,4,"90, GALLIENI (AV.) DE 2",0.0,0.0
201300041177,22,5,2013,13,1,93,10,2,1,2,6,PASTEUR (AV.),0.0,0.0
201300041178,24,5,2013,12,1,93,57,2,1,2,6,FABIEN ( AL. DU COLONEL),0.0,0.0
201300041179,27,5,2013,17,1,93,10,2,1,1,6,PASTEUR (AV.),0.0,0.0
201300041180,28,5,2013,12,1,93,10,2,2,3,6,"02, MOULIN (AV. JEAN) CO",0.0,0.0
201300041181,28,5,2013,14,1,93,10,2,4,2,3,", GALLIENI (AV.) DE 2 A",0.0,0.0
201300041182,29,5,2013,20,2,93,57,2,1,1,6,"72, THOMAS (AV. ALBERT)",0.0,0.0
201300041183,30,5,2013,17,1,93,10,1,3,3,6,GALLIENI (AV.) DE 1 A 10,0.0,0.0
201300041184,31,5,2013,18,1,93,10,2,1,1,3,GALLIENI (AV.) DE 98 A 1,0.0,0.0
201300041185,1,6,2013,12,1,93,57,2,2,1,3,MONTYON (AL.) 1 A 74,0.0,0.0
201300041186,2,6,2013,12,1,93,10,2,1,1,3,AULNAY (ROUTE) DE 47 A 1,0.0,0.0
201300041187,4,6,2013,8,1,93,10,1,2,1,1,BAUDIN (RUE) DE 115 A FI,0.0,0.0
201300041188,4,6,2013,19,1,93,10,2,9,1,6,"53, GALLIENI (AV.) CONFO",0.0,0.0
201300041189,6,6,2013,18,1,93,10,2,1,1,7,"12, COURTS SILLONS (AL.",0.0,0.0
201300041190,10,6,2013,20,1,93,10,2,1,1,6,REPUBLIQUE (AV. DE LA) 5,0.0,0.0
201300041191,14,6,2013,18,1,93,57,2,9,1,6,", MONTYON (AL.) 1 A 74",0.0,0.0
201300041192,28,6,2013,8,1,93,57,2,1,8,2,BRIAND (AV. ARISTIDE) 2A,0.0,0.0
201300041193,5,7,2013,10,1,93,57,2,9,1,3,ROBILLARD (AL.),0.0,0.0
201300041194,7,7,2013,3,5,93,10,2,1,1,6,"22, JARDINIERE (AL. DE L",0.0,0.0
201300041195,12,7,2013,16,1,93,10,2,3,1,3,VAILLANT (RUE EDOUARD) 1,0.0,0.0
201300041196,17,7,2013,13,1,93,10,2,1,9,6,GALLIENI (AV.) DE 1 A,0.0,0.0
201300041197,20,7,2013,14,1,93,10,2,1,1,6,"27, SALENGRO (RUE ROGER)",0.0,0.0
201300041198,22,7,2013,18,1,93,10,2,4,1,3,44 GROSLAY (CHEM. DE),0.0,0.0
201300041199,24,7,2013,19,1,93,10,2,1,7,3,BUISSON (AV. SUZANNE),0.0,0.0
201300041200,26,7,2013,10,1,93,57,2,2,8,6,", CHEVALIER DE LA BARRE",0.0,0.0
201300041201,26,7,2013,22,3,93,10,2,1,1,6,"33, BLANQUI (R. LOUIS-AU",0.0,0.0
201300041202,2,8,2013,13,1,93,10,2,3,1,1,JAURES (RUE JEAN) DE 25,0.0,0.0
201300041203,16,8,2013,17,1,93,10,2,1,1,6,"IGNORE, GALLIENI (AV.) D",0.0,0.0
201300041204,20,8,2013,11,1,93,57,2,1,1,2,"106, BRIAND (AV. ARISTID",0.0,0.0
201300041205,21,8,2013,21,5,93,57,2,1,1,3,48 HUGO (AV. VICTOR),0.0,0.0
201300041206,24,8,2013,1,5,93,57,2,1,1,6,"44 C, ROBILLARD (AL.)",0.0,0.0
201300041207,24,8,2013,20,1,93,10,2,1,8,2,"120, GROSLAY (CHEM. DE)",0.0,0.0
201300041208,28,8,2013,11,1,93,10,2,1,1,3,"IGNORE, DOLET (RUE ETIEN",0.0,0.0
201300041209,1,9,2013,18,1,93,10,2,1,1,6,53 LATERAL (CHEM.),0.0,0.0
201300041210,9,9,2013,8,1,93,10,2,1,1,3,"52, GALLIENI (AV.) DE 2",0.0,0.0
201300041211,9,9,2013,19,2,93,10,2,1,1,2,SAKHAROV (RUE ANDREI),0.0,0.0
201300041212,13,9,2013,20,5,93,10,2,1,2,1,"74, BLANQUI (R. LOUIS-AU",0.0,0.0
201300041213,19,9,2013,17,1,93,10,2,1,1,6,SAKHAROV (RUE ANDREI),0.0,0.0
201300041214,3,10,2013,8,1,93,10,2,7,1,6,LYSSANDRE (PL. GEORGES),0.0,0.0
201300041215,6,10,2013,14,1,93,57,2,9,1,1,1 MONTYON (AL.) 1 A 74,0.0,0.0
201300041216,7,10,2013,9,1,93,10,2,1,1,2,113 BARBUSSE (AV. HENRI,0.0,0.0
201300041217,6,10,2013,23,5,93,10,2,1,1,1,3 BLUM (AV. LEON),0.0,0.0
201300041218,13,10,2013,19,5,93,57,2,1,1,2,BRIAND ( AV.  ARISTIDE),0.0,0.0
201300041219,3,11,2013,13,1,93,57,2,5,1,1,31 MONTYON (AL.) 1 A 74,0.0,0.0
201300041220,4,11,2013,20,5,93,10,2,1,1,1,25 POLISSARD (RUE AUGUS,0.0,0.0
201300041221,6,11,2013,14,1,93,10,2,2,8,3,SOLIDARITE-(RUE DE LA),0.0,0.0
201300041222,6,11,2013,19,5,93,57,2,2,8,3,BRIAND (AV. ARISTIDE) 2,0.0,0.0
201300041223,6,11,2013,23,5,93,57,2,1,2,6,3 PLATANES (AL. DES),0.0,0.0
201300041224,10,11,2013,17,5,93,57,2,1,1,6,34 CASANOVA (AL. DANIEL,0.0,0.0
201300041225,12,11,2013,17,5,93,57,2,2,2,1,JAURES (AV. JEAN) 125 A.,0.0,0.0
201300041226,17,11,2013,17,5,93,10,2,1,1,6,PASTEUR (AV.),0.0,0.0
201300041227,19,11,2013,8,1,93,57,2,1,2,2,244 BRIAND (AV. ARISTID,0.0,0.0
201300041228,19,11,2013,19,5,93,57,2,1,8,3,ROME (AV.),0.0,0.0
201300041229,21,11,2013,16,1,93,10,2,1,2,6,LUTHERKING (RUE MARTIN),0.0,0.0
201300041230,24,11,2013,13,1,93,10,1,5,1,1,JOUHAUX (AV. LEON).,0.0,0.0
201300041231,26,11,2013,8,1,93,10,2,1,8,2,GALLIENI (AV.) DE 1A10,0.0,0.0
201300041232,27,11,2013,19,2,93,57,1,1,1,5,MONTYON (AL.) 1A74,0.0,0.0
201300041233,28,11,2013,17,3,93,10,2,1,2,6,ignore AULNAY (ROUTE) D,0.0,0.0
201300041234,29,11,2013,8,1,93,57,2,9,8,6,ROME (AV.),0.0,0.0
201300041235,1,12,2013,22,5,93,10,2,3,9,2,ROSNY (AV. DE),0.0,0.0
201300041236,3,12,2013,19,5,93,10,2,3,1,3,CONCORDE (AL. DE LA),0.0,0.0
201300041237,5,12,2013,18,5,93,57,2,1,1,6,BRIAND ( AV. ARISTIDE)3,0.0,0.0
201300041238,6,12,2013,21,5,93,10,2,1,1,6,FORET (PONT DE LA),0.0,0.0
201300041239,9,12,2013,9,1,93,10,2,1,1,2,GALLIENI (AV.)CONFORAMA,0.0,0.0
201300041240,9,12,2013,13,1,93,57,2,2,1,3,BRIAND (AV. ARISTIDE) 2,0.0,0.0
201300041241,12,12,2013,15,1,93,10,2,1,1,2,GALLIENI (AV.) DE 132 A,0.0,0.0
201300041242,16,12,2013,10,1,93,57,2,1,7,6,"ignore, BRIAND ( AV. ARI",0.0,0.0
201300041243,18,12,2013,12,1,93,57,2,1,1,1,"292, BRIAND ( AV. ARISTI",0.0,0.0
201300041244,18,12,2013,12,1,93,57,2,1,1,4,BRIAND ( AV. ARISTIDE)1,0.0,0.0
201300041245,31,12,2013,20,5,93,10,2,1,2,6,"195, ROSNY (AV. DE)",0.0,0.0
201300041246,7,1,2013,15,1,93,47,2,2,1,3,"101, PIVOINES   (AVENUE",0.0,0.0
201300041247,9,1,2013,17,5,93,14,2,1,2,6,"01, MAURICE AUDIN (ALLEE",0.0,0.0
201300041248,15,1,2013,21,5,93,14,2,1,2,2,"1, GAGNY (ALLEE DE)",0.0,0.0
201300041249,17,1,2013,13,1,93,14,2,1,1,6,FREDERIC LADRETTE (ALLEE,0.0,0.0
201300041250,18,1,2013,20,5,93,47,2,1,4,3,NOTRE DAMES DES ANGES  (,0.0,0.0
201300041251,21,1,2013,7,2,93,14,2,1,4,6,"33, TEMPLE (BOULEVARD DU",0.0,0.0
201300041252,31,1,2013,13,1,93,47,2,1,8,3,HARDY  (BOULEVARD),0.0,0.0
201300041253,31,1,2013,18,5,93,47,2,2,1,3,", CHARMILLES (AVENUE DES",0.0,0.0
201300041254,21,2,2013,20,5,93,14,2,9,1,1,MARCEL PAUL (ALLEE),0.0,0.0
201300041255,26,2,2013,19,5,93,47,2,2,1,3,"89, ARTS  (AVENUE DES)",0.0,0.0
201300041256,27,2,2013,16,1,93,47,2,6,1,3,NOTRE DAMES DES ANGES  (,0.0,0.0
201300041257,7,3,2013,16,1,93,47,2,2,1,3,"255, DANIEL PERDRIGE  (A",0.0,0.0
201300041258,27,3,2013,10,1,93,47,2,3,1,1,EMILE COSSONEAU (AVENUE),0.0,0.0
201300041259,30,3,2013,13,1,93,14,2,3,1,3,CHAPELLE (ALLEE DE LA),0.0,0.0
201300041260,17,4,2013,16,1,93,47,2,1,1,1,JEAN JAURES (AVENUE),0.0,0.0
201300041261,20,4,2013,14,1,93,47,2,1,1,6,"85, BLEUETS (AVENUE DES)",0.0,0.0
201300041262,20,4,2013,16,1,93,14,2,1,1,1,"1, ROMAIN ROLLAND (ALLEE",0.0,0.0
201300041263,16,5,2013,11,1,93,14,2,1,8,6,JEAN MOULIN (AVENUE),0.0,0.0
201300041264,30,5,2013,8,1,93,14,2,2,3,3,"1, EMILE ZOLA (BOULEVARD",0.0,0.0
201300041265,30,5,2013,15,1,93,47,2,1,2,3,HARDY  (BOULEVARD),0.0,0.0
201300041266,1,6,2013,15,1,93,14,2,1,1,3,"151, MONTFERMEIL (ALLEE",0.0,0.0
201300041267,8,6,2013,13,1,93,47,2,2,1,3,ARTS  (AVENUE DES),0.0,0.0
201300041268,9,6,2013,20,1,93,14,2,1,2,6,"37, SEVIGNE (RESIDENCE )",0.0,0.0
201300041269,12,6,2013,8,1,93,14,2,1,1,6,"5, COUBRON (ALLEE DE)",0.0,0.0
201300041270,15,6,2013,13,1,93,47,2,2,1,7,PASTEUR  (aVENUE),0.0,0.0
201300041271,22,6,2013,14,1,93,14,2,1,2,3,"10, SEVIGNE (AVENUE DE)",0.0,0.0
201300041272,25,6,2013,14,1,93,47,2,1,1,6,MESANGES  (AVENUE DES),0.0,0.0
201300041273,25,6,2013,17,1,93,14,2,1,1,7,STRATEGIQUE (ROUTE),0.0,0.0
201300041274,27,6,2013,8,1,93,14,2,1,2,2,AUGUSTE GENEVIEVE (ALLEE,0.0,0.0
201300041275,2,7,2013,12,1,93,47,2,2,1,3,DANIEL PERDRIGE  (AVENUE,0.0,0.0
201300041276,7,7,2013,14,1,93,14,2,1,1,6,MAURICE AUDIN (ALLEE),0.0,0.0
201300041277,24,7,2013,15,1,93,14,2,1,1,6,FREDERIC LADRETTE (ALLEE,0.0,0.0
201300041278,4,8,2013,3,5,93,47,2,3,1,3,HENRI BARBUSSE  (RUE),0.0,0.0
201300041279,2,8,2013,13,1,93,14,2,1,1,6,"12, FOSSE MAUSSOIN (ALLE",0.0,0.0
201300041280,16,8,2013,20,1,93,47,2,4,1,3,JEAN JAURES (AVENUE),0.0,0.0
201300041281,30,8,2013,20,1,93,14,2,1,1,7,"2, ALBERT CAMUS (ALLEE)",0.0,0.0
201300041282,5,9,2013,18,1,93,14,2,1,1,6,RONSARD (ALLEE),0.0,0.0
201300041283,7,9,2013,14,1,93,47,2,6,1,3,NOTRE DAMES DES ANGES  (,0.0,0.0
201300041284,18,9,2013,0,3,93,14,2,1,2,6,"IGNORE, MAURICE AUDIN (A",0.0,0.0
201300041285,3,10,2013,8,1,93,47,2,3,1,3,JEAN JAURES (AVENUE),0.0,0.0
201300041286,8,10,2013,10,1,93,14,2,2,1,2,GAGNY (ALLEE DE),0.0,0.0
201300041287,8,10,2013,15,1,93,14,2,3,1,6,JEAN MOULIN (AVENUE),0.0,0.0
201300041288,12,10,2013,18,1,93,14,2,1,1,1,FOSSE MAUSSOIN (ALLEE DE,0.0,0.0
201300041289,13,10,2013,14,1,93,47,2,3,1,3,BARGUE  (BOULEVARD),0.0,0.0
201300041290,16,10,2013,19,5,93,47,2,2,8,3,184 JEAN JAURES (AVENUE,0.0,0.0
201300041291,23,10,2013,12,1,93,14,2,1,1,2,"0, MAURICE AUDIN (ALLEE)",0.0,0.0
201300041292,3,10,2013,16,1,93,47,2,1,2,6,"1, HARDY  (BOULEVARD)",0.0,0.0
201300041293,12,10,2013,1,5,93,14,2,1,2,6,PASTEUR (ALLEE),0.0,0.0
201300041294,21,10,2013,16,1,93,14,2,1,1,6,FOSSE MAUSSOIN (ALLEE DE,0.0,0.0
201300041295,25,10,2013,19,5,93,14,2,1,2,5,"250, MONTFERMEIL (ALLEE",0.0,0.0
201300041296,26,10,2013,14,1,93,47,2,1,1,3,"4, HARDY  (BOULEVARD)",0.0,0.0
201300041297,31,10,2013,19,5,93,47,2,1,1,6,"27, LEBON  (AVENUE)",0.0,0.0
201300041298,9,11,2013,9,1,93,47,2,4,1,3,GENERAL DE GAULLE (RUE D,0.0,0.0
201300041299,11,11,2013,17,3,93,14,2,1,1,3,"40, AUGUSTE GENEVIEVE (A",0.0,0.0
201300041300,14,11,2013,17,5,93,14,2,1,2,6,SEVIGNE (AVENUE DE),0.0,0.0
201300041301,21,11,2013,8,1,93,47,2,1,2,6,LAVOIR (RUE DU),0.0,0.0
201300041302,8,12,2013,18,5,93,14,2,1,1,4,MONTFERMEIL (ALLEE DE),0.0,0.0
201300041303,19,12,2013,19,5,93,14,2,1,8,6,"6, MAURICE AUDIN (ALLEE)",0.0,0.0
201300041304,21,12,2013,21,5,93,14,2,1,1,6,FREDERIC LADRETTE (ALLEE,0.0,0.0
201300041305,22,12,2013,11,1,93,14,2,2,1,3,CHAPELLE (ALLEE DE LA),0.0,0.0
201300041306,12,1,2013,1,5,93,13,2,1,1,6,"24, VAILLANT (RUE EDOUAR",0.0,0.0
201300041307,27,1,2013,7,5,93,27,2,1,2,6,"100, HUIT-MAI-1945 (PLAC",0.0,0.0
201300041308,21,8,2013,0,5,93,27,2,1,1,6,PASTEUR (BOULEVARD) DE 4,0.0,0.0
201300041309,29,8,2013,16,1,93,30,2,1,1,6,5 EGUILLER (CITE L'),0.0,0.0
201300041310,29,8,2013,19,1,93,13,2,3,1,3,LECLERC-(AVENU DE LA DIV,0.0,0.0
201300041311,1,1,2013,7,2,93,27,2,1,3,4,ROCHET (RUE WALDECK),0.0,0.0
201300041312,7,1,2013,12,1,93,13,2,3,1,6,KENNEDY (AVENUE JOHN FIT,0.0,0.0
201300041313,14,1,2013,8,1,93,27,2,2,9,2,GENEVE (RUE DE),0.0,0.0
201300041314,17,1,2013,20,5,93,27,2,1,1,6,ROCHET (RUE WALDECK),0.0,0.0
201300041315,18,1,2013,13,1,93,27,2,8,8,7,JAURES (AVENUE JEAN),0.0,0.0
201300041316,30,1,2013,11,1,93,27,2,1,3,3,"178, VAILLANT-COUTURIER",0.0,0.0
201300041317,30,1,2013,9,1,93,13,2,1,2,6,"45, LECLERC (AVENU DE LA",0.0,0.0
201300041318,2,2,2013,13,1,93,27,2,2,1,6,"22b, CURIE (RUE PIERRE)",0.0,0.0
201300041319,7,2,2013,14,1,93,27,2,1,1,6,DOUMER (RUE PAUL),0.0,0.0
201300041320,8,2,2013,0,5,93,27,2,1,2,6,"85, JAURES (AVENUE JEAN)",0.0,0.0
201300041321,12,2,2013,17,1,93,27,2,1,1,6,"42, BARBUSSE (AVENUE HEN",0.0,0.0
201300041322,14,2,2013,7,2,93,13,2,3,2,1,"101, LECLERC (AVENU DE L",0.0,0.0
201300041323,15,2,2013,11,1,93,27,2,6,1,3,"171-173, VAILLANT-COUTUR",0.0,0.0
201300041324,16,2,2013,18,5,93,27,2,1,1,7,MASSON (RUE SUZANNE),0.0,0.0
201300041325,16,3,2013,15,1,93,30,2,1,1,2,"14, LARIVIERE (RUE LOUIS",0.0,0.0
201300041326,25,3,2013,10,1,93,27,2,1,1,4,"105, BARBUSSE (AVENUE HE",0.0,0.0
201300041327,27,3,2013,16,1,93,27,2,1,1,2,"5, PASTEUR (BOULEVARD) D",0.0,0.0
201300041328,28,3,2013,10,1,93,27,2,1,1,2,"89, BARBUSSE (AVENUE HEN",0.0,0.0
201300041329,28,3,2013,23,5,93,13,2,1,1,6,LINDBERGH (CARREFOUR),0.0,0.0
201300041330,29,3,2013,19,2,93,27,2,1,1,6,"89, REPUBLIQUE (AVENUE D",0.0,0.0
201300041331,1,4,2013,17,1,93,27,2,1,1,3,"24, CONVENTION (RUE DE L",0.0,0.0
201300041332,4,4,2013,11,1,93,27,2,9,1,7,"165, JAURES (AVENUE JEAN",0.0,0.0
201300041333,6,4,2013,2,5,93,27,2,6,1,6,GENEVE (RUE DE),0.0,0.0
201300041334,7,4,2013,13,1,93,27,2,3,1,1,"3, REPUBLIQUE (AVENUE DE",0.0,0.0
201300041335,8,4,2013,11,1,93,27,2,1,1,6,", PARMENTIER (RUE)",0.0,0.0
201300041336,15,4,2013,7,1,93,27,2,1,1,6,SAINT-DENIS (RUE DE),0.0,0.0
201300041337,6,5,2013,22,5,93,30,2,1,1,2,"100, HUIT-MAI-1945 (AVEN",0.0,0.0
201300041338,16,5,2013,8,1,93,27,2,1,1,6,PASTEUR (BOULEVARD) DE 4,0.0,0.0
201300041339,17,5,2013,12,1,93,13,2,1,1,3,"91, CAVILLON (RUE ANIZAN",0.0,0.0
201300041340,22,5,2013,8,1,93,13,2,1,1,6,"100, LECLERC (AVENU DE L",0.0,0.0
201300041341,29,8,2013,15,1,93,27,2,3,1,2,103 JAURES (AVENUE JEAN,0.0,0.0
201300041342,25,5,2013,22,5,93,13,2,3,1,3,JAURES (AVENUE JEAN) DE,0.0,0.0
201300041343,31,8,2013,21,5,93,27,2,3,1,6,29 LENINE (AVENUE),0.0,0.0
201300041344,28,5,2013,20,1,93,13,2,3,1,6,LECLERC (AVENU DE LA DIV,0.0,0.0
201300041345,31,5,2013,7,1,93,27,2,1,1,6,HUGO (AVENUE VICTOR),0.0,0.0
201300041346,9,9,2013,16,1,93,13,2,2,2,3,LECLERC (AVENU DE LA DIV,0.0,0.0
201300041347,4,6,2013,2,5,93,27,2,1,1,6,105 PASTEUR (BOULEVARD),0.0,0.0
201300041348,4,6,2013,19,1,93,13,2,1,1,6,31 DRAMARD (RUE CAMILLE,0.0,0.0
201300041349,15,9,2013,0,5,93,27,2,1,8,6,CACHIN (AVENUE MARCEL),0.0,0.0
201300041350,8,6,2013,13,1,93,27,2,1,1,6,HUIT-MAI 1945 (PLACE DU),0.0,0.0
201300041351,17,9,2013,15,1,93,27,2,1,1,6,QUINET (RUE EDGAR),0.0,0.0
201300041352,14,6,2013,7,1,93,13,2,6,1,3,0 LINDBERGH (CARREFOUR),0.0,0.0
201300041353,17,9,2013,20,5,93,13,2,3,2,2,JAURES (AVENUE JEAN) DE,0.0,0.0
201300041354,22,10,2013,11,1,93,27,2,2,1,3,PASTEUR (BOULEVARD) DE 4,0.0,0.0
201300041355,16,6,2013,13,1,93,13,2,4,1,3,KENNEDY (AVENUE JOHN FIT,0.0,0.0
201300041356,18,6,2013,19,1,93,27,2,3,1,3,LENINE (AVENUE),0.0,0.0
201300041357,18,6,2013,20,1,93,27,2,1,1,3,"70, BARBUSSE (AVENUE HEN",0.0,0.0
201300041358,19,6,2013,14,1,93,27,2,1,1,4,"19, BARBUSSE (AVENUE HEN",0.0,0.0
201300041359,21,6,2013,15,1,93,30,2,1,1,6,"84/86, HUIT-MAI-1945 (AV",0.0,0.0
201300041360,22,6,2013,4,5,93,27,2,1,1,2,SALENGRO (AVENUE ROGER),0.0,0.0
201300041361,3,7,2013,15,1,93,30,2,1,1,6,DE GAULLE (AVENUE DU GEN,0.0,0.0
201300041362,4,7,2013,17,1,93,13,2,2,1,6,"65, LECLERC (AVENU DE LA",0.0,0.0
201300041363,4,7,2013,19,1,93,27,2,1,1,3,"1, JAURES (AVENUE JEAN)",0.0,0.0
201300041364,10,7,2013,19,1,93,27,2,1,7,2,LECLERC (AVENUE DU GENER,0.0,0.0
201300041365,11,7,2013,19,1,93,27,2,1,1,7,"47, PASTEUR (BOULEVARD)",0.0,0.0
201300041366,12,7,2013,16,1,93,27,2,2,1,6,JOLLOIS (RUE),0.0,0.0
201300041367,13,7,2013,16,1,93,27,2,2,1,3,CONVENTION (RUE DE LA),0.0,0.0
201300041368,16,7,2013,17,1,93,27,2,6,1,6,"02, LECLERC (AVENUE DU G",0.0,0.0
201300041369,22,7,2013,13,1,93,27,2,1,1,6,"56, CONVENTION (RUE DE L",0.0,0.0
201300041370,24,7,2013,23,5,93,27,2,1,1,6,7 MASSON (RUE SUZANNE),0.0,0.0
201300041371,28,7,2013,13,1,93,27,2,1,1,3,JAURES (AVENUE JEAN),0.0,0.0
201300041372,31,7,2013,3,5,93,27,2,2,1,3,"90, PASTEUR (BOULEVARD)",0.0,0.0
201300041373,2,8,2013,12,1,93,30,2,1,1,6,"98, HUIT-MAI-1945 (AVENU",0.0,0.0
201300041374,4,8,2013,21,5,93,27,2,1,1,3,"89, BARBUSSE (AVENUE HEN",0.0,0.0
201300041375,11,8,2013,20,1,93,27,2,6,1,3,LECLERC (AVENUE DU GENER,0.0,0.0
201300041376,11,8,2013,22,5,93,27,2,6,1,3,PASTEUR (BOULEVARD) DE 4,0.0,0.0
201300041377,12,8,2013,19,1,93,30,2,3,1,3,LARIVIERE (RUE LOUIS),0.0,0.0
201300041378,14,8,2013,17,1,93,13,2,1,1,3,"96, LECLERC (AVENU DE LA",0.0,0.0
201300041379,22,8,2013,22,5,93,13,2,9,1,6,EUROPE (AVENUE DE L'?,0.0,0.0
201300041380,22,8,2013,22,3,93,27,2,1,1,3,SALENGRO (AVENUE ROGER),0.0,0.0
201300041381,27,8,2013,7,2,93,27,2,1,1,6,"14, MICHELET (AVENUE)",0.0,0.0
201300041382,29,8,2013,15,1,93,27,2,1,1,1,62 PASTEUR (BOULEVARD),0.0,0.0
201300041383,30,8,2013,1,5,93,27,2,3,1,6,JAURES (AVENUE JEAN),0.0,0.0
201300041384,31,8,2013,9,1,93,27,2,2,1,3,PASTEUR (BOULEVARD) DE 4,0.0,0.0
201300041385,6,9,2013,18,1,93,13,2,1,1,6,"37, CAVILLON (RUE ANIZAN",0.0,0.0
201300041386,12,9,2013,13,1,93,27,2,2,1,3,PASTEUR (BOULEVARD) DE 1,0.0,0.0
201300041387,22,9,2013,1,5,93,27,2,2,1,3,VAILLANT-COUTURIER (AVEN,0.0,0.0
201300041388,23,9,2013,18,1,93,13,2,1,1,6,"05, RIGAUD (RUE)",0.0,0.0
201300041389,24,9,2013,9,1,93,27,2,2,1,3,"2, VAILLANT-COUTURIER (A",0.0,0.0
201300041390,24,9,2013,21,5,93,27,1,1,1,6,JAURES (AVENUE JEAN),0.0,0.0
201300041391,2,10,2013,6,5,93,27,2,1,1,7,"132, VAILLANT-COUTURIER",0.0,0.0
201300041392,4,10,2013,13,1,93,13,2,4,1,6,16 ROLLAND (RUE DU CDT),0.0,0.0
201300041393,7,10,2013,14,1,93,27,2,3,1,3,"113, JAURES (AVENUE JEAN",0.0,0.0
201300041394,11,10,2013,6,5,93,27,2,1,2,6,"3, VAILLANT-COUTURIER (A",0.0,0.0
201300041395,16,10,2013,21,5,93,13,2,2,2,6,JAURES (AVENUE JEAN) DE,0.0,0.0
201300041396,18,10,2013,20,5,93,13,2,1,1,6,LECLERC AVENU DE LA DIV,0.0,0.0
201300041397,26,10,2013,19,5,93,13,2,2,1,6,ROLLAND (RUE DU CDT),0.0,0.0
201300041398,29,10,2013,18,5,93,13,2,1,2,6,47 LECLERC (AVENU DE LA,0.0,0.0
201300041399,31,10,2013,21,5,93,30,2,1,2,3,100 HUIT-MAI-1945 (AVENU,0.0,0.0
201300041400,6,11,2013,15,1,93,13,2,1,8,3,"2, LECLERC (AVENU DE LA.",0.0,0.0
201300041401,9,11,2013,20,5,93,27,2,1,1,6,41 JAURES (AVENUE JEAN),0.0,0.0
201300041402,10,11,2013,22,5,93,13,2,1,1,2,- LECLERC (AVENU DE LA D,0.0,0.0
201300041403,29,11,2013,17,5,93,27,2,1,2,6,16 LECLERC (AVENUE DU G,0.0,0.0
201300041404,1,12,2013,17,5,93,13,2,9,1,6,LECLERC (AVENU DE LA DIV,0.0,0.0
201300041405,3,12,2013,11,1,93,13,2,1,1,6,77 LECLERC (AVENU DE LA,0.0,0.0
201300041406,9,12,2013,15,1,93,27,2,1,1,2,JAURES (AVENUE JEAN),0.0,0.0
201300041407,2,12,2013,16,1,93,27,2,1,1,6,84 PASTEUR (BOULEVARD),0.0,0.0
201300041408,12,12,2013,18,5,93,30,2,1,1,3,"212, HUIT-MAI-1945 (AVEN",0.0,0.0
201300041409,17,12,2013,18,5,93,27,2,1,1,6,7 LECLERC (AVENUE DU GE,0.0,0.0
201300041410,25,12,2013,13,1,93,27,2,7,2,3,CONVENTION (RUE DE LA),0.0,0.0
201300041411,27,12,2013,22,3,93,27,2,1,3,6,SALENGRO-(AVENUE ROGER),0.0,0.0
201300041412,3,1,2013,8,1,93,29,2,3,2,3,EUGENE POTTIER,0.0,0.0
201300041413,5,1,2013,21,5,93,29,2,2,1,1,MARCELIN BERTHELOT,0.0,0.0
201300041414,6,1,2013,1,5,93,29,2,2,2,3,", AMBROISE CROIZAT",0.0,0.0
201300041415,14,1,2013,9,1,93,29,2,1,1,6,"78, LIBERTE (DE LA)",0.0,0.0
201300041416,17,1,2013,8,1,93,29,2,7,1,6,"02, ALSACE LORRAINE",0.0,0.0
201300041417,17,1,2013,19,5,93,29,2,1,1,6,"104, HENRI BARBUSSE (AVE",0.0,0.0
201300041418,24,1,2013,18,5,93,29,2,1,1,6,"28, PEGOUD",0.0,0.0
201300041419,6,2,2013,9,1,93,29,2,1,2,6,ANATOLE FRANCE,0.0,0.0
201300041420,9,2,2013,16,1,93,29,2,3,1,6,133 SACCO ET VANZETTI,0.0,0.0
201300041421,14,2,2013,9,1,93,29,2,1,2,6,"64, HENRI BARBUSSE (AVE)",0.0,0.0
201300041422,15,2,2013,16,1,93,29,2,1,1,2,"75, MARCEAU (AVENUE) N?",0.0,0.0
201300041423,17,2,2013,14,1,93,29,2,2,1,3,"31, ANDRE SIGONNEY",0.0,0.0
201300041424,23,2,2013,13,1,93,29,2,1,1,6,SAINT-STENAY,0.0,0.0
201300041425,3,3,2013,21,5,93,29,2,9,1,6,STATION (DE LA),0.0,0.0
201300041426,6,3,2013,10,5,93,29,2,1,1,6,"20, PAUL VAILLANT COUTUR",0.0,0.0