Num_Acc,jour,mois,an,hr,condition_eclairage,departement,commune,condition_agglomeration,intersection,condition_atmosphere,type_collision,adresse,lattitude,longitude
201300041427,9,3,2013,10,1,93,29,2,1,1,3,"37, JEAN POMIER",0.0,0.0
201300041428,19,3,2013,10,1,93,29,2,3,1,2,"110, HENRI BARBUSSE (AVE",0.0,0.0
201300041429,29,3,2013,17,1,93,29,2,3,1,1,"190, ANATOLE FRANCE",0.0,0.0
201300041430,8,4,2013,10,1,93,29,2,1,1,4,"120, STALINGRAD (DE)",0.0,0.0
201300041431,15,4,2013,16,1,93,29,2,1,7,6,"35, ADRIEN FROMENT",0.0,0.0
201300041432,19,4,2013,16,1,93,29,2,3,2,3,"29, HENRI BARBUSSE (AVE)",0.0,0.0
201300041433,27,4,2013,14,1,93,29,2,1,1,1,"148, HENRI BARBUSSE (AVE",0.0,0.0
201300041434,28,4,2013,13,1,93,29,2,1,1,6,"61, LIBERTE (DE LA)",0.0,0.0
201300041435,30,4,2013,11,1,93,29,2,3,1,6,"286, STALINGRAD (DE)",0.0,0.0
201300041436,30,4,2013,12,1,93,29,2,2,1,3,", AUGUSTE BLANQUI",0.0,0.0
201300041437,1,5,2013,0,5,93,29,2,1,1,3,HENRI BARBUSSE (AVE) N?2,0.0,0.0
201300041438,2,5,2013,22,5,93,29,2,6,2,6,FERNAND PENA,0.0,0.0
201300041439,5,5,2013,4,5,93,29,2,1,1,6,"24, PAUL VAILLANT COUTUR",0.0,0.0
201300041440,12,5,2013,10,1,93,29,2,1,1,2,"04, HENRI BARBUSSE (AVE)",0.0,0.0
201300041441,23,5,2013,17,1,93,29,2,1,2,6,"91, ROGER SALENGRO N? 02",0.0,0.0
201300041442,25,5,2013,14,1,93,29,2,3,1,3,Charles de Gaulle ( rue),0.0,0.0
201300041443,27,5,2013,12,1,93,29,2,1,1,6,"22, DAISY",0.0,0.0
201300041444,2,6,2013,19,1,93,29,2,1,1,6,"36, PIERRE CURIE (AVENUE",0.0,0.0
201300041445,3,6,2013,20,2,93,29,2,1,1,2,"242, ANATOLE FRANCE",0.0,0.0
201300041446,7,6,2013,22,5,93,29,2,1,1,3,R Abbée Pierre,0.0,0.0
201300041447,11,6,2013,15,1,93,29,2,1,1,1,"45, PRADIER PROLONGEE",0.0,0.0
201300041448,3,7,2013,8,1,93,29,2,2,2,3,"133, SADI CARNOT",0.0,0.0
201300041449,5,7,2013,20,1,93,29,2,6,1,2,"02, STALINGRAD (DE)",0.0,0.0
201300041450,9,7,2013,11,1,93,29,2,1,1,6,SAINT-STENAY,0.0,0.0
201300041451,10,7,2013,17,1,93,29,2,2,1,3,"55, EUGENE VARLIN",0.0,0.0
201300041452,17,7,2013,11,1,93,29,2,3,1,2,138 HENRI BARBUSSE (AVE,0.0,0.0
201300041453,21,7,2013,18,1,93,29,2,1,1,6,"117, CHARLES GIDE",0.0,0.0
201300041454,23,7,2013,6,1,93,29,2,1,1,6,"226, HENRI BARBUSSE (AVE",0.0,0.0
201300041455,23,7,2013,14,1,93,29,2,2,2,6,"126, JEAN JAURES (AVENUE",0.0,0.0
201300041456,30,7,2013,9,1,93,29,2,2,1,1,"43, ANATOLE FRANCE",0.0,0.0
201300041457,3,8,2013,17,1,93,29,2,2,1,3,"1, SADI CARNOT",0.0,0.0
201300041458,6,8,2013,7,1,93,29,2,1,1,2,"48, JULES GUESDE",0.0,0.0
201300041459,14,8,2013,11,1,93,29,2,1,1,6,77 JEAN JAURES (AVENUE),0.0,0.0
201300041460,15,8,2013,0,5,93,29,2,1,1,3,HENRI BARBUSSE (AVE) N?1,0.0,0.0
201300041461,17,8,2013,6,2,93,29,2,1,1,6,"50, CHRISTINO GARCIA",0.0,0.0
201300041462,20,8,2013,8,1,93,29,2,2,1,6,"42, ANATOLE FRANCE",0.0,0.0
201300041463,1,9,2013,3,5,93,29,2,1,1,6,"44, HENRI BARBUSSE (AVE)",0.0,0.0
201300041464,7,9,2013,8,1,93,29,2,1,1,6,DOCTEUR ALBERT SCHWEITZE,0.0,0.0
201300041465,7,9,2013,22,5,93,29,2,2,1,3,JANE JOYE,0.0,0.0
201300041466,15,9,2013,10,1,93,29,2,2,1,6,"126, HENRI BARBUSSE (AVE",0.0,0.0
201300041467,1,10,2013,20,5,93,29,2,1,1,6,6 BRONSZTEIN,0.0,0.0
201300041468,10,10,2013,18,2,93,29,2,1,1,2,"40, AMBROISE CROIZAT",0.0,0.0
201300041469,12,10,2013,16,1,93,29,2,7,1,7,PAUL BERT (CITE),0.0,0.0
201300041470,15,10,2013,15,1,93,29,2,1,1,6,"27, ROGER PETIEU",0.0,0.0
201300041471,27,10,2013,14,1,93,29,2,1,1,6,"80, SAINT-STENAY",0.0,0.0
201300041472,10,11,2013,15,1,93,29,2,1,1,6,"63, BOIS DE GROSLAY (DES",0.0,0.0
201300041473,14,11,2013,15,1,93,29,2,1,2,2,"99, JEAN JAURES (AVENUE)",0.0,0.0
201300041474,18,11,2013,16,2,93,29,2,3,1,3,"234, JEAN JAURES (AVENUE",0.0,0.0
201300041475,18,11,2013,18,5,93,29,2,3,1,3,"45, ROGER SALENGRO N? 02",0.0,0.0
201300041476,18,11,2013,19,5,93,29,2,2,1,3,JEAN JAURES (AVENUE),0.0,0.0
201300041477,24,11,2013,15,1,93,29,2,1,1,7,"41, TRAVAILLEURS (DES)",0.0,0.0
201300041478,25,11,2013,10,1,93,29,2,1,1,6,"10, RENE DESCHAMPS",0.0,0.0
201300041479,26,11,2013,19,5,93,29,2,3,1,3,JEAN JAURES (AVENUE),0.0,0.0
201300041480,3,12,2013,10,1,93,29,2,1,1,6,"127, HENRI BARBUSSE (AVE",0.0,0.0
201300041481,5,12,2013,7,2,93,29,2,2,1,3,", JEAN JAURES (AVENUE) N",0.0,0.0
201300041482,7,12,2013,20,5,93,29,2,9,1,3,STALINGRAD (DE),0.0,0.0
201300041483,13,12,2013,22,5,93,29,2,1,2,1,"83, STATION (DE LA)",0.0,0.0
201300041484,15,12,2013,17,5,93,29,2,3,1,3,65 LIBERTE (DE LA),0.0,0.0
201300041485,21,12,2013,13,1,93,29,2,1,1,3,SADI CARNOT,0.0,0.0
201300041486,24,12,2013,19,5,93,29,2,3,2,6,PAUL VAILLANT COUTURIER,0.0,0.0
201300041487,30,12,2013,6,5,93,29,2,1,1,6,"50, ANATOLE FRANCE",0.0,0.0
201300041488,2,1,2013,12,1,93,31,2,1,1,6,"00, GALLIENI (AVENUE)",0.0,0.0
201300041489,9,1,2013,18,5,93,31,2,1,2,3,"49bis, FOCH (BOULEVARD)",0.0,0.0
201300041490,19,1,2013,12,1,93,79,2,1,4,6,"30, GASTON NOREUX",0.0,0.0
201300041491,27,1,2013,22,5,93,31,2,1,1,3,"00, DE LATTRE DE TASSIGN",0.0,0.0
201300041492,30,1,2013,8,1,93,31,2,2,2,3,"00, FELIX MERLIN",0.0,0.0
201300041493,5,2,2013,11,1,93,31,2,1,1,3,"61, GALLIENI (AVENUE)",0.0,0.0
201300041494,11,2,2013,18,2,93,31,2,1,1,6,"57, FOCH (BOULEVARD)",0.0,0.0
201300041495,18,2,2013,9,1,93,31,2,1,1,3,"00, FOCH (BOULEVARD)",0.0,0.0
201300041496,19,2,2013,12,1,93,31,2,1,1,6,"00, BEATUS (RUE DES)",0.0,0.0
201300041497,26,2,2013,12,1,93,79,2,1,1,6,"132, JEAN BAPTISTE CLEME",0.0,0.0
201300041498,26,2,2013,21,5,93,31,2,1,1,6,"27, MARSEILLE (RUE DE)",0.0,0.0
201300041499,28,2,2013,13,1,93,31,2,9,1,6,"24, REPUBLIQUE (AVENUE)",0.0,0.0
201300041500,16,3,2013,18,1,93,31,2,1,2,6,"34, fELIX MERLIN",0.0,0.0
201300041501,18,3,2013,7,1,93,79,2,6,1,6,"00, CLAUDE DEBUSSY",0.0,0.0
201300041502,26,3,2013,19,4,93,31,2,1,1,6,"00, MARNE (AVENUE DE LA)",0.0,0.0
201300041503,31,3,2013,18,1,93,31,2,1,1,3,00 JOFFRE (AVENUE),0.0,0.0
201300041504,1,4,2013,15,1,93,79,2,1,1,3,"46, RAYMOND BROSSE",0.0,0.0
201300041505,1,4,2013,23,5,93,31,2,9,1,6,"00, LEON BLUM (AVENUE)",0.0,0.0
201300041506,3,4,2013,16,1,93,31,2,1,1,6,"70, ARGENTEUIL (ROUTE D'",0.0,0.0
201300041507,5,4,2013,7,2,93,31,2,1,2,6,FELIX MERLIN,0.0,0.0
201300041508,13,4,2013,12,1,93,79,2,1,1,3,EDOUARD VAILLANT,0.0,0.0
201300041509,14,4,2013,14,1,93,79,2,1,1,3,"2/4, SAINT LEU (ROUTE)",0.0,0.0
201300041510,17,4,2013,9,1,93,31,2,3,1,3,"44, JOFFRE (AVENUE)",0.0,0.0
201300041511,19,4,2013,14,1,93,79,2,1,2,2,"00, MAURICE PAILLARD",0.0,0.0
201300041512,19,4,2013,20,2,93,31,2,3,1,6,"77, FELIX MERLINs",0.0,0.0
201300041513,6,5,2013,19,1,93,31,2,1,1,6,"59, ARGENTEUIL (ROUTE D'",0.0,0.0
201300041514,6,5,2013,19,1,93,31,2,3,1,6,"00, MARNE (AVENUE DE LA)",0.0,0.0
201300041515,9,5,2013,16,1,93,31,2,1,1,2,"95, SAINT LEU (ROUTE DE)",0.0,0.0
201300041516,16,5,2013,18,1,93,31,2,1,1,6,"46, FOCH (BOULEVARD)",0.0,0.0
201300041517,20,5,2013,21,5,93,79,2,1,3,2,"00, SAINT LEU (ROUTE)",0.0,0.0
201300041518,24,5,2013,11,1,93,31,2,1,3,3,"00, MOBILES (CARREFOUR D",0.0,0.0
201300041519,1,6,2013,6,1,93,79,2,1,1,6,"107, DIVISION LECLERC (A",0.0,0.0
201300041520,6,6,2013,7,1,93,31,2,3,1,3,"48, JOFFRE (AVENUE)",0.0,0.0
201300041521,6,6,2013,17,1,93,31,2,3,1,7,"133, SAINT LEU (ROUTE DE",0.0,0.0
201300041522,12,6,2013,9,1,93,79,2,1,1,1,"14, MAURICE PAILLARD",0.0,0.0
201300041523,20,6,2013,19,1,93,79,2,1,1,7,"00, JEAN BAPTISTE cLEMEN",0.0,0.0
201300041524,22,6,2013,11,1,93,31,2,3,2,3,"00, FOCH (BOULEVARD)",0.0,0.0
201300041525,24,6,2013,3,5,93,31,2,2,1,3,"00, ENGHIEN (AV D')",0.0,0.0
201300041526,24,6,2013,11,1,93,31,2,1,1,6,"00, JEAN JAURES (AVENUE)",0.0,0.0
201300041527,27,6,2013,8,1,93,79,2,1,2,3,"32, SAINT LEU (ROUTE)",0.0,0.0
201300041528,28,6,2013,11,1,93,31,2,3,2,3,"00, SAINT LEU (ROUTE DE)",0.0,0.0
201300041529,5,7,2013,20,1,93,31,2,2,1,3,"44, JOFFRE (AVENUE)",0.0,0.0
201300041530,9,7,2013,19,1,93,79,2,1,1,1,"195, DIVISION LECLERC (A",0.0,0.0
201300041531,11,7,2013,20,1,93,31,2,1,1,6,5 BREST (DE),0.0,0.0
201300041532,13,7,2013,13,1,93,79,2,1,1,2,SAINT LEU (ROUTE),0.0,0.0
201300041533,13,7,2013,23,5,93,31,2,1,1,5,ENGHIEN (AV D'),0.0,0.0
201300041534,16,7,2013,13,1,93,31,2,1,1,1,"10, PIERRE CURIE (RUE)",0.0,0.0
201300041535,22,7,2013,10,1,93,79,2,2,1,3,"00, ROGER SALENGRO",0.0,0.0
201300041536,24,7,2013,16,1,93,31,2,1,1,3,"215, SAINT LEU (ROUTE DE",0.0,0.0
201300041537,27,7,2013,11,1,93,31,2,3,1,7,PRESLES (RUE DES),0.0,0.0
201300041538,5,8,2013,19,1,93,31,2,3,1,3,JARROW (AVENUE DE),0.0,0.0
201300041539,22,8,2013,13,1,93,79,2,1,1,6,"52, SAINT LEU (ROUTE)",0.0,0.0
201300041540,27,8,2013,17,1,93,31,2,3,1,2,GALLIENI (AVENUE),0.0,0.0
201300041541,3,9,2013,15,1,93,31,2,4,1,2,CHEMIN VERT,0.0,0.0
201300041542,5,9,2013,19,1,93,31,2,1,1,2,"74, MARNE (AVENUE DE LA)",0.0,0.0
201300041543,17,9,2013,21,5,93,79,2,2,2,3,"00, 19 mars 1962 (rue du",0.0,0.0
201300041544,26,9,2013,8,1,93,31,2,1,1,6,"241, SAINT LEU (ROUTE DE",0.0,0.0
201300041545,28,9,2013,14,1,93,31,2,1,1,4,"114, PARIS (RUE DE)",0.0,0.0
201300041546,29,9,2013,6,2,93,31,2,4,2,3,"00, DE LATTRE DE TASSIGN",0.0,0.0
201300041547,29,9,2013,19,3,93,31,2,1,2,6,"09-13, SOUPIRS (CHEMIN D",0.0,0.0
201300041548,6,10,2013,2,5,93,31,2,3,1,1,"00, ARGENTEUIL (ROUTE D'",0.0,0.0
201300041549,9,10,2013,6,5,93,31,2,3,1,6,"65, MARNE (AVENUE DE LA)",0.0,0.0
201300041550,9,10,2013,8,2,93,79,2,3,8,3,"58, SAINT LEU (ROUTE)",0.0,0.0
201300041551,23,10,2013,19,5,93,31,2,3,1,5,"103, REPUBLIQUE (AVENUE)",0.0,0.0
201300041552,26,10,2013,11,1,93,31,2,1,1,6,"143, ENGHIEN (AV D')",0.0,0.0
201300041553,30,10,2013,17,2,93,31,2,1,1,5,"00, SAINT LEU (ROUTE DE)",0.0,0.0
201300041554,3,11,2013,17,5,93,31,2,1,1,3,"07, SAINT LEU (ROUTE DE)",0.0,0.0
201300041555,8,11,2013,19,5,93,31,2,3,1,3,"00, SAINT LEU (ROUTE DE)",0.0,0.0
201300041556,13,11,2013,19,5,93,79,2,1,1,6,00 JEAN BAPTISTE CLEMEN,0.0,0.0
201300041557,18,11,2013,9,1,93,31,2,1,1,6,"0, CLAUDE DEBUSSY",0.0,0.0
201300041558,18,11,2013,14,1,93,31,2,3,1,6,"8, DE LATTRE DE TASSIGNY",0.0,0.0
201300041559,22,11,2013,12,1,93,31,2,1,1,6,124 JOFFRE (AVENUE),0.0,0.0
201300041560,27,11,2013,13,1,93,31,2,1,1,6,"50, FELIX MERLIN",0.0,0.0
201300041561,28,11,2013,18,5,93,31,2,9,2,6,"00, DE LATTRE DE TASSIGN",0.0,0.0
201300041562,29,11,2013,16,5,93,31,2,3,2,3,"26, SAINT LEU (ROUTE DE)",0.0,0.0
201300041563,3,12,2013,14,1,93,79,2,1,1,1,"00, JEAN BAPTISTE CLEMEN",0.0,0.0
201300041564,6,12,2013,15,1,93,31,2,1,1,3,"00, PARIS (RUE DE)",0.0,0.0
201300041565,11,12,2013,7,1,93,31,2,1,1,2,"00, REPUBLIQUE (AVENUE)",0.0,0.0
201300041566,19,12,2013,18,5,93,31,2,1,1,3,"22, PARIS (RUE DE)",0.0,0.0
201300041567,19,12,2013,18,2,93,31,2,1,1,6,"34, CDT LOUIS BOUCHET (A",0.0,0.0
201300041568,24,12,2013,15,1,93,31,2,2,6,6,"00, JEAN JAURES (AVENUE)",0.0,0.0
201300041569,29,12,2013,18,5,93,31,2,3,1,3,"00, SAINT LEU (ROUTE DE)",0.0,0.0
201300041570,29,12,2013,20,5,93,31,2,1,1,2,"04, FOCH (BOULEVARD)",0.0,0.0
201300041571,25,1,2013,13,1,93,32,2,2,1,3,GAY     (ALLEE),0.0,0.0
201300041572,28,1,2013,9,1,93,32,2,2,1,3,CHEVREFEUILLES    (AVENU,0.0,0.0
201300041573,28,1,2013,11,1,93,32,2,1,1,6,"02, JULES GUESDES  (RUE,",0.0,0.0
201300041574,29,1,2013,18,5,93,32,2,3,2,6,MONTGUICHET  (CHEMIN DE),0.0,0.0
201300041575,16,2,2013,4,5,93,32,2,1,1,6,"1, ABBAYE   (AVENUE DE L",0.0,0.0
201300041576,24,2,2013,15,1,93,32,2,2,4,5,PAUL VAILLANT COUTURIER,0.0,0.0
201300041577,26,2,2013,17,1,93,32,2,1,1,6,SEPT ILES (DOMAINE DES),0.0,0.0
201300041578,5,3,2013,13,1,93,32,2,1,1,3,JEAN JAURES (AVENUE),0.0,0.0
201300041579,15,3,2013,11,1,93,32,2,2,1,3,EUGENIE    (ALLEE),0.0,0.0
201300041580,21,3,2013,8,1,93,32,2,1,1,3,"JULES GUESDES  (RUE, DU",0.0,0.0
201300041581,21,3,2013,19,5,93,32,2,2,1,3,ARISTIDE BRIAND (RUE),0.0,0.0
201300041582,23,3,2013,16,1,93,32,2,1,1,1,"5, HORLOGE   (ALLEE DE L",0.0,0.0
201300041583,26,3,2013,17,1,93,32,2,2,1,3,"06, REGLEY  (RUE)",0.0,0.0
201300041584,28,3,2013,18,1,93,32,2,1,1,6,"11, GEORGES GUYONNET  (A",0.0,0.0
201300041585,18,4,2013,15,1,93,32,2,1,1,6,"13, HAUTE CARRIERE   (RU",0.0,0.0
201300041586,26,4,2013,18,1,93,32,2,6,2,6,HAUTE CARRIERE   (RUE DE,0.0,0.0
201300041587,26,4,2013,18,1,93,32,2,3,2,3,HENRI BARBUSSE   (AVENUE,0.0,0.0
201300041588,29,4,2013,16,1,93,32,2,1,1,2,"2, GEORGES POMPIDOU    (",0.0,0.0
201300041589,22,5,2013,16,1,93,32,2,1,1,6,"30 bis, ROGER SALENGRO",0.0,0.0
201300041590,27,5,2013,16,1,93,32,2,2,1,5,JEAN JAURES (AVENUE),0.0,0.0
201300041591,7,6,2013,10,1,93,32,2,9,1,6,"33, JEAN JAURES (AVENUE)",0.0,0.0
201300041592,7,6,2013,12,1,93,32,2,1,7,1,MONTFERMEIL   (ALLEE DE),0.0,0.0
201300041593,7,6,2013,19,1,93,32,2,1,1,3,PEUPLIERS  (RUE DES),0.0,0.0
201300041594,15,6,2013,23,5,93,32,2,2,1,3,JEAN STEPHAN   (RUE),0.0,0.0
201300041595,27,6,2013,19,1,93,32,2,3,1,3,MONTGUICHET  (CHEMIN DE),0.0,0.0
201300041596,12,7,2013,15,1,93,32,2,1,1,6,"171, PAUL VAILLANT COUTU",0.0,0.0
201300041597,21,7,2013,19,1,93,32,2,2,1,3,GEORGES POMPIDOU    (AVE,0.0,0.0
201300041598,3,8,2013,17,1,93,32,2,3,1,3,"1, PAUL VAILLANT COUTURI",0.0,0.0
201300041599,5,8,2013,9,1,93,32,2,1,1,2,"22, JEAN JAURES (AVENUE)",0.0,0.0
201300041600,13,8,2013,10,1,93,32,2,3,1,5,"98, JULES GUESDES  (RUE,",0.0,0.0
201300041601,17,8,2013,3,5,93,32,2,1,1,6,"35, HENRI MAILLARD  (RUE",0.0,0.0
201300041602,19,8,2013,18,1,93,32,2,3,1,6,"36, JEAN JAURES (AVENUE)",0.0,0.0
201300041603,1,9,2013,0,5,93,32,2,1,1,6,", ARISTIDE BRIAND (RUE)",0.0,0.0
201300041604,14,9,2013,16,1,93,32,2,1,2,6,"40, JEAN JAURES (AVENUE)",0.0,0.0
201300041605,7,10,2013,19,2,93,32,2,1,1,3,"45, JEAN MOULIN  (RUE)",0.0,0.0
201300041606,8,10,2013,20,5,93,32,2,3,1,3,"136, JULES GUESDES  (RUE",0.0,0.0
201300041607,9,10,2013,16,1,93,32,2,3,2,3,"55, JEAN JAURES (AVENUE)",0.0,0.0
201300041608,10,10,2013,6,2,93,32,2,2,1,3,"2 bis, GEORGES POMPIDOU",0.0,0.0
201300041609,5,11,2013,12,1,93,32,2,1,2,4,PAUL VAILLANT COUTURIER,0.0,0.0
201300041610,8,11,2013,16,1,93,32,2,1,2,3,"52, MARRONNIERS   (AVENU",0.0,0.0
201300041611,19,11,2013,15,1,93,32,2,1,1,6,"99, DIX NEUF MARS   (RUE",0.0,0.0
201300041612,24,11,2013,21,5,93,32,2,2,1,6,PAUL VAILLANT COUTURIER,0.0,0.0
201300041613,26,11,2013,13,1,93,32,2,3,1,6,"2, VERSAILLES (AVENUE DE",0.0,0.0
201300041614,9,12,2013,13,1,93,32,2,1,1,6,"2, ABBESSES  (CHEMIN D'A",0.0,0.0
201300041615,29,12,2013,18,5,93,32,2,3,1,3,PARIS  (RUE DE),0.0,0.0
201300041616,4,1,2013,22,4,93,63,2,2,1,6,"94, BRANLY BD EDOUARD",0.0,0.0
201300041617,4,1,2013,22,5,93,63,2,4,1,3,BRANLY BD EDOUARD,0.0,0.0
201300041618,5,1,2013,18,5,93,63,2,1,1,2,"85, BARBUSSE HENRI BOULE",0.0,0.0
201300041619,7,1,2013,18,5,93,63,2,1,1,6,"49, JAURES RUE JEAN",0.0,0.0
201300041620,8,1,2013,19,5,93,63,2,1,1,3,BERLIOZ AVENUE,0.0,0.0
201300041621,11,1,2013,17,2,93,45,2,2,1,3,"5, LIBERTE BD DE LA",0.0,0.0
201300041622,12,1,2013,11,1,93,45,2,1,2,7,PARIS RUE DE,0.0,0.0
201300041623,23,1,2013,9,1,93,6,2,1,8,3,"59, GAL DE GAULLE AV. DU",0.0,0.0
201300041624,23,1,2013,18,5,93,45,2,1,1,6,"40, PARIS RUE DE",0.0,0.0
201300041625,24,1,2013,7,2,93,6,2,1,1,6,"64, VAILLANT EDOUARD RUE",0.0,0.0
201300041626,28,1,2013,11,1,93,61,2,1,1,6,"20, AUDRY COLETTE RUE",0.0,0.0
201300041627,29,1,2013,7,5,93,63,2,2,2,6,ETHIS RUE MARCEL,0.0,0.0
201300041628,30,1,2013,16,1,93,45,2,1,1,3,PARIS RUE DE,0.0,0.0
201300041629,6,2,2013,8,1,93,61,2,1,2,3,"07, PERI GABRIEL RUE",0.0,0.0
201300041630,7,2,2013,14,1,93,45,2,1,1,6,"114, PARIS RUE DE",0.0,0.0
201300041631,8,2,2013,17,1,93,63,2,3,1,3,"1, CALMETTE RUE DU DOCTE",0.0,0.0
201300041632,9,2,2013,15,1,93,6,2,2,1,3,"77, GAMBETTA AV.",0.0,0.0
201300041633,13,2,2013,11,1,93,6,2,4,1,3,AVENIR IMP DE L',0.0,0.0
201300041634,14,2,2013,23,5,93,61,2,3,1,6,"1, JOINEAU ANDRE RUE",0.0,0.0
201300041635,15,2,2013,8,1,93,45,2,4,8,3,PASTEUR AV.,0.0,0.0
201300041636,15,2,2013,14,1,93,45,2,1,1,3,"141, PARIS RUE DE",0.0,0.0
201300041637,15,2,2013,19,5,93,63,2,1,1,6,"1, METZ AVENUE DE",0.0,0.0
201300041638,19,2,2013,23,5,93,6,2,1,1,6,"93, GIRARDOT RUE",0.0,0.0
201300041639,26,2,2013,19,5,93,63,2,1,1,3,"1, LENINE AVENUE",0.0,0.0
201300041640,26,2,2013,19,5,93,45,2,1,1,6,"1, LECLERC BOULEVARD DU",0.0,0.0
201300041641,28,2,2013,13,1,93,45,2,1,1,6,"1, JAURES BD JEAN",0.0,0.0
201300041642,8,3,2013,9,1,93,6,2,1,8,3,"123, GAMBETTA AV.",0.0,0.0
201300041643,26,3,2013,11,1,93,6,2,1,1,3,"44, REPUBLIQUE AVENUE DE",0.0,0.0
201300041644,1,4,2013,16,1,93,63,2,1,1,3,"159, NOISY ROUTE DE",0.0,0.0
201300041645,4,4,2013,12,1,93,6,2,1,8,6,GAL LECLERC AV. DU,0.0,0.0
201300041646,7,4,2013,0,5,93,6,2,2,1,6,LAHAYE ADELAIDE RUE,0.0,0.0
201300041647,7,4,2013,21,2,93,6,2,9,1,3,CAPSULERIE RUE DE LA,0.0,0.0
201300041648,10,4,2013,19,2,93,6,2,1,2,6,"20, LAHAYE ADELAIDE RUE",0.0,0.0
201300041649,13,4,2013,11,1,93,6,1,2,1,6,GAL DE GAULLE AV. DU,0.0,0.0
201300041650,17,4,2013,15,1,93,6,2,2,1,3,REPUBLIQUE AVENUE DE LA,0.0,0.0
201300041651,25,4,2013,20,2,93,6,2,1,1,1,"58, RASPAIL AVENUE",0.0,0.0
201300041652,2,5,2013,18,1,93,6,2,1,1,3,"19, VAILLONT EDOUARD RUE",0.0,0.0
201300041653,3,5,2013,15,1,93,45,2,1,1,6,"1, ONZE NOVEMBRE 1918 RU",0.0,0.0
201300041654,3,5,2013,18,1,93,6,1,2,1,6,THOMAS RUE DU LIEUTENANT,0.0,0.0
201300041655,11,5,2013,19,2,93,63,2,3,1,3,VAILLANT-COUTURIER AV.P,0.0,0.0
201300041656,12,5,2013,11,1,93,45,2,1,1,2,42 JUIN AVENUE DU MAREC,0.0,0.0
201300041657,17,5,2013,17,1,93,63,2,3,1,6,JAURES RUE JEAN,0.0,0.0
201300041658,18,5,2013,18,1,93,63,2,1,2,6,GRAVIERS RUE DES,0.0,0.0
201300041659,23,5,2013,15,2,93,6,2,2,2,1,"34, REPUBLIQUE AVENUE DE",0.0,0.0
201300041660,25,5,2013,22,2,93,63,2,1,1,4,"74, MONTREUIL ROUTE DE",0.0,0.0
201300041661,28,5,2013,9,1,93,61,2,1,1,6,"14, PERI GABRIEL RUE",0.0,0.0
201300041662,6,6,2013,0,5,93,63,2,2,1,1,BARBUSSE HENRI BOULEVARD,0.0,0.0
201300041663,21,6,2013,3,5,93,6,2,3,2,7,DHUYS AV DE LA,0.0,0.0
201300041664,25,6,2013,19,1,93,63,2,2,1,7,"173, NOISY ROUTE DE",0.0,0.0
201300041665,28,6,2013,16,1,93,63,2,1,2,2,"71, BRANLY BD EDOUARD",0.0,0.0
201300041666,29,6,2013,21,1,93,63,2,1,1,3,", NOISY ROUTE DE",0.0,0.0
201300041667,30,6,2013,20,2,93,6,2,1,1,6,"193, ROBESPIERRE RUE",0.0,0.0
201300041668,1,7,2013,21,1,93,6,2,9,1,3,"109, STALINGRAD AV.",0.0,0.0
201300041669,3,7,2013,13,1,93,6,2,3,8,1,GALLIENI  AV.,0.0,0.0
201300041670,9,7,2013,17,1,93,63,2,1,1,6,"1, MONTREUIL ROUTE DE",0.0,0.0
201300041671,14,7,2013,21,2,93,63,2,1,1,6,DOUMER AVENUE PAUL,0.0,0.0
201300041672,15,7,2013,19,1,93,6,2,1,1,6,"50, LENINE RUE",0.0,0.0
201300041673,17,7,2013,11,1,93,45,2,2,1,3,"2, PRE SAINT GERVAIS RUE",0.0,0.0
201300041674,20,7,2013,13,1,93,6,2,1,1,3,"161/163, GALLIENI  AV.",0.0,0.0
201300041675,27,7,2013,22,5,93,63,2,7,1,6,ALLENDE PLACE DU PDT SAL,0.0,0.0
201300041676,29,7,2013,17,1,93,63,2,1,1,6,CITE MARCEL CACHIN,0.0,0.0
201300041677,2,8,2013,15,1,93,61,2,1,1,6,"02, BELVEDERE AVENUE DU",0.0,0.0
201300041678,4,8,2013,12,1,93,6,2,1,1,6,JAURES JEAN RUE,0.0,0.0
201300041679,11,8,2013,0,5,93,63,2,7,1,3,"01, KERAUTRET AVENUE PIE",0.0,0.0
201300041680,16,8,2013,13,1,93,6,2,3,1,2,VAILLANT EDOUARD RUE,0.0,0.0
201300041681,29,8,2013,20,2,93,45,2,9,1,7,PARIS RUE DE,0.0,0.0
201300041682,2,9,2013,8,1,93,6,2,1,1,6,"17, CAPSULERIE RUE DE LA",0.0,0.0
201300041683,5,9,2013,16,1,93,6,2,2,1,3,STALINGRAD AV.,0.0,0.0
201300041684,8,9,2013,12,1,93,6,2,2,1,3,GAMBETTA AV.,0.0,0.0
201300041685,10,9,2013,18,1,93,45,2,3,1,7,"114, PARIS RUE DE",0.0,0.0
201300041686,24,9,2013,8,1,93,6,2,1,1,6,"28, GAL DE GAULLE AV. DU",0.0,0.0
201300041687,27,9,2013,10,1,93,6,2,2,1,3,"35, REPUBLIQUE AVENUE DE",0.0,0.0
201300041688,4,10,2013,17,1,93,6,1,1,1,6,"1, GALLIENI  AV.",0.0,0.0
201300041689,7,10,2013,18,1,93,63,2,1,1,2,"68, JAURES RUE JEAN",0.0,0.0
201300041690,10,10,2013,10,1,93,6,2,1,1,6,"1, LA NOUE ET PARC",0.0,0.0
201300041691,10,10,2013,20,5,93,45,2,1,2,6,"23, LECLERC BOULEVARD DU",0.0,0.0
201300041692,11,10,2013,16,1,93,63,2,2,1,6,"05, VAILLANT-COUTURIER A",0.0,0.0
201300041693,13,10,2013,19,5,93,6,2,1,1,6,"38, RASPAIL AVENUE",0.0,0.0
201300041694,14,10,2013,10,1,93,45,2,2,1,3,"1, BRUYERES RUE DES",0.0,0.0
201300041695,16,10,2013,16,1,93,6,2,1,2,1,"63, GAMBETTA AV.",0.0,0.0
201300041696,25,10,2013,10,1,93,61,2,2,1,3,"01, PERI GABRIEL RUE",0.0,0.0
201300041697,28,10,2013,13,1,93,6,2,1,1,6,"01, GAL DE GAULLE AV. DU",0.0,0.0
201300041698,29,10,2013,22,5,93,6,2,2,1,3,"144, STALINGRAD AV.",0.0,0.0
201300041699,30,10,2013,6,5,93,6,2,2,1,1,"66, RASPAIL AVENUE",0.0,0.0
201300041700,30,10,2013,17,1,93,45,2,1,1,6,"55/57, PARIS RUE DE",0.0,0.0
201300041701,30,10,2013,20,5,93,6,2,5,1,3,"155, PASTEUR AV.",0.0,0.0