Num_Acc,jour,mois,an,hr,condition_eclairage,departement,commune,condition_agglomeration,intersection,condition_atmosphere,type_collision,adresse,lattitude,longitude
201300041702,3,11,2013,16,2,93,45,2,2,1,7,"75, PARIS RUE DE",0.0,0.0
201300041703,8,11,2013,19,5,93,6,2,3,2,6,49 STALINGRAD AV.,0.0,0.0
201300041704,19,11,2013,19,3,93,6,2,4,1,6,GAMBETTA AV.,0.0,0.0
201300041705,20,11,2013,3,5,93,6,2,1,1,6,GAL DE GAULLE AV. DU,0.0,0.0
201300041706,24,11,2013,19,5,93,63,2,3,1,6,"8, MARCEL ETIENNE RUE",0.0,0.0
201300041707,2,12,2013,9,1,93,6,2,1,1,6,"45, GAL DE GAULLE AV. DU",0.0,0.0
201300041708,5,12,2013,12,1,93,45,2,1,1,6,"40, JUIN AVENUE DU MAREC",0.0,0.0
201300041709,9,12,2013,15,1,93,63,2,2,1,1,111ter LENINE AVENUE,0.0,0.0
201300041710,10,12,2013,18,5,93,63,2,2,1,6,REPUBLIQUE RUE DE LA,0.0,0.0
201300041711,11,12,2013,9,1,93,63,2,1,1,7,CALMETTE RUE DU DOCTEUR,0.0,0.0
201300041712,11,12,2013,14,1,93,6,2,3,8,3,GAMBETTA AV.,0.0,0.0
201300041713,13,12,2013,1,5,93,6,2,1,1,3,"3, FIORENTINO RUE DE SES",0.0,0.0
201300041714,22,12,2013,5,5,93,63,2,5,2,3,BARBUSSE HENRI BOULEVARD,0.0,0.0
201300041715,22,12,2013,13,1,93,63,2,1,8,2,METZ AVENUE DE,0.0,0.0
201300041716,27,10,2013,2,5,93,6,2,4,1,6,REPUBLIQUE AVENUE DE LA,0.0,0.0
201300041717,6,9,2013,8,1,93,6,2,1,1,6,MALMAISON RUE,0.0,0.0
201300041718,9,7,2013,21,2,93,45,2,4,1,1,"2, PAUL DE KOCK AV.",0.0,0.0
201300041719,24,11,2013,14,1,93,6,2,1,8,3,HORNET JEANNE,0.0,0.0
201300041720,10,1,2013,12,1,93,46,2,1,8,1,"25, GAMBETTA AVENUE",0.0,0.0
201300041721,11,1,2013,0,5,93,74,2,2,2,3,BOUCHER RUE ALEXANDRE,0.0,0.0
201300041722,12,1,2013,17,5,93,46,2,1,1,2,CONSUL GENERAL NORDLING,0.0,0.0
201300041723,25,1,2013,23,5,93,46,2,2,9,3,"75, CONSUL GENERAL NORDL",0.0,0.0
201300041724,28,1,2013,16,1,93,74,2,2,1,3,MEAUX RUE DE,0.0,0.0
201300041725,30,1,2013,15,1,93,46,2,1,1,7,EST ALLEE DE L',0.0,0.0
201300041726,12,2,2013,4,5,93,46,2,2,8,6,EUROPE BOULEVARD DE L',0.0,0.0
201300041727,14,2,2013,19,3,93,46,2,2,1,3,"32, JEAN MOULIN BOULEVAR",0.0,0.0
201300041728,21,2,2013,9,1,93,46,2,1,1,6,"41, LEON BLUM CITE",0.0,0.0
201300041729,23,2,2013,17,1,93,46,2,2,4,3,", REPUBLIQUE AVENUE DE L",0.0,0.0
201300041730,26,2,2013,8,1,93,46,2,3,8,6,"10, MARECHAL LECLERC AVE",0.0,0.0
201300041731,9,3,2013,17,1,93,74,1,1,1,3,Route Nationale 3,0.0,0.0
201300041732,13,3,2013,6,1,93,74,2,1,4,2,DE GAULLE AVENUE DU GENE,0.0,0.0
201300041733,13,3,2013,23,5,93,46,2,1,8,7,"32, ANTOINE DE ST EXUPER",0.0,0.0
201300041734,14,3,2013,8,1,93,46,2,2,1,3,ARISTIDE BRIAND AVENUE,0.0,0.0
201300041735,17,3,2013,11,1,93,46,2,2,8,3,JEAN BAPTISTE CLEMENT RU,0.0,0.0
201300041736,18,3,2013,17,1,93,46,2,2,1,3,LEO LAGRANGE AVENUE,0.0,0.0
201300041737,23,3,2013,19,3,93,15,2,1,1,5,BOIS DE BERNOUILLE ROUTE,0.0,0.0
201300041738,17,4,2013,9,1,93,46,2,1,1,2,ROGER SALENGRO BOULEVARD,0.0,0.0
201300041739,21,4,2013,5,5,93,74,2,1,1,1,HENRI IV RUE,0.0,0.0
201300041740,27,4,2013,11,1,93,46,2,1,1,3,"33, CUREL ALLEE",0.0,0.0
201300041741,1,5,2013,17,1,93,74,1,1,3,7,Route Nationale 3,0.0,0.0
201300041742,6,5,2013,20,2,93,46,2,2,1,3,ARISTIDE BRIAND AVENUE,0.0,0.0
201300041743,11,5,2013,15,1,93,46,2,1,1,6,"14, FERNAND BAUDOT ALLEE",0.0,0.0
201300041744,13,5,2013,11,1,93,46,2,1,2,2,"179, ARISTIDE BRIAND AVE",0.0,0.0
201300041745,17,5,2013,8,1,93,46,2,3,1,3,JEAN JACQUES ROUSSEAU AV,0.0,0.0
201300041746,19,5,2013,13,1,93,46,2,1,8,7,"60, REPUBLIQUE AVENUE DE",0.0,0.0
201300041747,23,5,2013,16,1,93,46,1,1,1,3,STRATEGIQUE ROUTE,0.0,0.0
201300041748,23,5,2013,21,5,93,46,2,1,2,2,"83, ARISTIDE BRIAND AVEN",0.0,0.0
201300041749,24,5,2013,10,1,93,46,2,1,1,3,"69, ARISTIDE BRIAND AVEN",0.0,0.0
201300041750,25,5,2013,19,1,93,74,2,1,1,5,"139, MEAUX RUE DE",0.0,0.0
201300041751,27,5,2013,13,1,93,74,1,1,1,6,Route Nationale 3,0.0,0.0
201300041752,3,6,2013,17,1,93,46,2,1,1,2,JOSEPH NOIZE ALLEE,0.0,0.0
201300041753,5,6,2013,16,1,93,46,2,2,1,3,ARISTIDE BRIAND AVENUE,0.0,0.0
201300041754,5,6,2013,17,1,93,46,2,1,1,6,"21, ROBERT SCHUMANN BOUL",0.0,0.0
201300041755,11,6,2013,7,1,93,46,2,2,1,2,ROGER SALENGRO BOULEVARD,0.0,0.0
201300041756,19,6,2013,11,1,93,46,2,3,1,3,EUROPE BOULEVARD DE L',0.0,0.0
201300041757,21,6,2013,11,1,93,46,2,1,2,7,"175, ARISTIDE BRIAND AVE",0.0,0.0
201300041758,7,7,2013,19,1,93,46,2,9,1,6,"3, QUESNAY AVENUE",0.0,0.0
201300041759,7,7,2013,14,1,93,46,2,2,1,3,"87, ARISTIDE BRIAND AVEN",0.0,0.0
201300041760,23,6,2013,16,1,93,46,2,2,1,6,VOLTAIRE AVENUE,0.0,0.0
201300041761,28,6,2013,18,1,93,46,2,2,1,3,"00, LIEGEARD AVENUE",0.0,0.0
201300041762,28,6,2013,16,1,93,74,2,1,1,7,EUROPE AVENUE DE L',0.0,0.0
201300041763,30,6,2013,11,1,93,74,2,1,1,2,"72, MEAUX RUE DE",0.0,0.0
201300041764,10,7,2013,17,1,93,46,2,1,1,6,"70, MARX DORMOY BOULEVAR",0.0,0.0
201300041765,5,7,2013,16,1,93,46,2,2,1,3,JEAN JACQUES ROUSSEAU AV,0.0,0.0
201300041766,20,7,2013,11,1,93,46,2,3,1,3,"33, REPUBLIQUE AVENUE DE",0.0,0.0
201300041767,22,7,2013,22,5,93,46,2,2,1,1,ARISTIDE BRIAND AVENUE,0.0,0.0
201300041768,26,7,2013,16,1,93,46,2,2,1,7,"04, MARECHAL LECLERC AVE",0.0,0.0
201300041769,27,7,2013,16,1,93,74,2,1,1,2,"135, MEAUX RUE DE",0.0,0.0
201300041770,30,7,2013,13,1,93,46,1,1,1,3,MARECHAL LECLERC AVENUE,0.0,0.0
201300041771,3,8,2013,13,1,93,46,2,2,1,3,VAUBAN AVENUE,0.0,0.0
201300041772,7,8,2013,20,1,93,46,2,2,1,2,ARISTIDE BRIAND AVENUE,0.0,0.0
201300041773,19,8,2013,16,1,93,46,2,2,1,2,"23, SCHACHER ALLEE",0.0,0.0
201300041774,29,8,2013,12,1,93,46,2,1,1,5,ARISTIDE BRIAND AVENUE,0.0,0.0
201300041775,31,8,2013,20,1,93,46,2,2,1,7,"65, MARECHAL LECLERC AVE",0.0,0.0
201300041776,1,9,2013,20,1,93,46,2,2,1,7,MAURICE BERTHEAUX ALLEE,0.0,0.0
201300041777,3,9,2013,9,1,93,46,2,1,1,2,"1, ARISTIDE BRIAND AVENU",0.0,0.0
201300041778,7,9,2013,15,1,93,46,2,1,1,6,"20, LEO LAGRANGE AVENUE",0.0,0.0
201300041779,7,9,2013,23,3,93,46,2,3,1,3,JEAN JACQUES ROUSSEAU AV,0.0,0.0
201300041780,12,9,2013,16,1,93,46,2,9,1,7,MARCEL SEMBAT AVENUE,0.0,0.0
201300041781,12,9,2013,17,1,93,46,2,1,1,3,"39, MARX DORMOY BOULEVAR",0.0,0.0
201300041782,19,9,2013,9,1,93,74,2,1,1,3,"33, ILE DE FRANCE RUE DE",0.0,0.0
201300041783,19,9,2013,9,1,93,46,2,1,1,2,LUCIE AUBRAC ALLEE,0.0,0.0
201300041784,23,9,2013,16,1,93,46,2,1,1,7,"61-65, MARECHAL LECLERC",0.0,0.0
201300041785,1,10,2013,9,1,93,74,2,3,8,6,BOUCHER RUE ALEXANDRE,0.0,0.0
201300041786,2,10,2013,13,1,93,74,2,1,1,3,"49, AMYOT BOULEVARD JACQ",0.0,0.0
201300041787,3,10,2013,12,1,93,74,2,3,1,3,MONTAUBAN RUE DE,0.0,0.0
201300041788,13,10,2013,18,1,93,46,2,2,1,3,JEAN JAURES BOULEVARD,0.0,0.0
201300041789,15,10,2013,20,5,93,46,2,1,1,3,"18, CONSUL GENERAL NORDL",0.0,0.0
201300041790,21,10,2013,18,1,93,46,2,2,1,3,AUMALE ALLEE,0.0,0.0
201300041791,24,10,2013,13,1,93,46,2,3,1,3,CHATEAU RUE,0.0,0.0
201300041792,30,10,2013,18,3,93,74,1,1,8,6,Route Nationale 3,0.0,0.0
201300041793,3,11,2013,20,3,93,74,1,1,2,1,Route Nationale 3,0.0,0.0
201300041794,31,10,2013,22,3,93,46,2,2,1,3,REMOND ALLEE,0.0,0.0
201300041795,31,10,2013,15,1,93,46,2,1,1,6,MARX DORMOY BOULEVARD,0.0,0.0
201300041796,5,11,2013,22,5,93,46,2,2,2,3,PACHOT LAINE RUE,0.0,0.0
201300041797,8,11,2013,10,1,93,46,2,1,2,6,"18, GUTEMBERG BOULEVARD",0.0,0.0
201300041798,11,11,2013,6,2,93,46,2,1,1,6,"140, FIRMIN DIDOT AVENUE",0.0,0.0
201300041799,13,11,2013,18,2,93,46,2,2,1,6,EUROPE BOULEVARD DE L',0.0,0.0
201300041800,20,11,2013,17,5,93,74,2,1,3,6,GIFFARD RUE,0.0,0.0
201300041801,28,11,2013,7,5,93,74,2,3,1,3,", DE GAULLE AVENUE DU GE",0.0,0.0
201300041802,28,11,2013,11,1,93,15,2,6,1,3,"37, JAURES RUE JEAN",0.0,0.0
201300041803,29,11,2013,8,1,93,74,1,1,1,6,Route Nationale 3,0.0,0.0
201300041804,1,12,2013,11,1,93,74,1,1,1,7,COURTRY RUE DE,0.0,0.0
201300041805,1,12,2013,19,5,93,46,2,1,1,5,"52, MARECHAL LECLERC AVE",0.0,0.0
201300041806,5,12,2013,11,1,93,46,2,2,1,6,CAMILLE DESMOULINS AVENU,0.0,0.0
201300041807,8,12,2013,17,2,93,46,2,1,1,2,DOCTEUR HERPIN RUE DU,0.0,0.0
201300041808,10,12,2013,16,5,93,46,2,2,1,3,", VOLTAIRE AVENUE",0.0,0.0
201300041809,10,12,2013,18,5,93,46,2,3,9,6,FURSTENFELDBRUCK RUE DE,0.0,0.0
201300041810,14,12,2013,9,1,93,46,2,2,1,3,"71, LIEGEARD AVENUE",0.0,0.0
201300041811,15,12,2013,6,2,93,74,2,3,1,3,MEAUX RUE DE,0.0,0.0
201300041812,15,12,2013,10,1,93,46,2,2,1,6,"49, ROGER SALENGRO BOULE",0.0,0.0
201300041813,16,12,2013,16,2,93,46,2,1,1,6,EMILE GERARD AVENUE,0.0,0.0
201300041814,18,12,2013,10,1,93,46,2,3,1,2,FONTAINE SENTE DE LA,0.0,0.0
201300041815,18,12,2013,19,2,93,46,2,2,1,3,CONVENTION AVENUE DE LA,0.0,0.0
201300041816,20,12,2013,8,1,93,46,2,1,1,6,JEAN JACQUES ROUSSEAU AV,0.0,0.0
201300041817,26,12,2013,14,1,93,74,2,3,1,2,LATTRE DE TASSIGNY AVENU,0.0,0.0
201300041818,29,12,2013,12,1,93,15,2,6,1,3,STRATEGIQUE ROUTE,0.0,0.0
201300041819,30,12,2013,17,3,93,74,1,1,2,6,Route Nationale 3,0.0,0.0
201300041820,2,1,2013,14,1,93,48,2,3,1,3,"51, KLEBER (RUE)",0.0,0.0
201300041821,10,1,2013,10,1,93,48,2,2,2,3,", KLEBER (RUE)",0.0,0.0
201300041822,31,1,2013,9,1,93,48,2,2,8,6,SERGENT GODEFROY (RUE DU,0.0,0.0
201300041823,5,2,2013,11,1,93,48,2,1,1,6,"9, FRANKLIN (RUE)",0.0,0.0
201300041824,6,2,2013,8,1,93,48,2,3,2,3,"344, BOISSIERE (BOULEVAR",0.0,0.0
201300041825,8,2,2013,10,1,93,48,2,3,1,3,PRESIDENT WILSON (AVENUE,0.0,0.0
201300041826,16,2,2013,14,1,93,48,2,2,1,3,ROMAINVILLE (RUE DE),0.0,0.0
201300041827,20,2,2013,9,1,93,48,2,3,1,3,ROSNY (RUE DE),0.0,0.0
201300041828,25,2,2013,8,1,93,48,2,3,4,6,56 ARISTIDE BRIAND (BOU,0.0,0.0
201300041829,26,2,2013,19,5,93,48,2,9,1,6,"03, PAIX (RUE DE LA)",0.0,0.0
201300041830,28,2,2013,20,1,93,48,2,1,1,3,"234, PARIS (RUE DE)",0.0,0.0
201300041831,1,3,2013,18,2,93,48,2,9,1,3,BELAIR (RUE DU),0.0,0.0
201300041832,1,3,2013,21,5,93,48,2,1,1,2,"184, ROSNY (RUE DE)",0.0,0.0
201300041833,9,3,2013,10,1,93,48,2,2,1,3,CHANZY (BOULEVARD),0.0,0.0
201300041834,13,3,2013,20,5,93,48,2,1,4,6,PETIT BOIS (RUE DU),0.0,0.0
201300041835,19,3,2013,20,5,93,48,2,1,3,1,"187, PARIS (RUE DE)",0.0,0.0
201300041836,2,4,2013,10,1,93,48,2,1,1,3,"11, PIERRE DE MONTREUIL",0.0,0.0
201300041837,3,4,2013,17,1,93,48,2,1,1,6,"110, JULES GUESDE (RUE)",0.0,0.0
201300041838,3,4,2013,16,1,93,48,2,1,1,6,"162, ROSNY (RUE DE)",0.0,0.0
201300041839,5,4,2013,13,1,93,48,2,1,1,1,SAINT DENIS (RUE),0.0,0.0
201300041840,14,4,2013,21,5,93,48,2,2,1,3,DESIRE PREAUX (RUE),0.0,0.0
201300041841,16,4,2013,9,1,93,48,2,1,1,6,"17/21, PAUL SIGNAC (AVEN",0.0,0.0
201300041842,16,4,2013,16,1,93,48,2,2,1,1,NAVOIZEAU (RUE),0.0,0.0
201300041843,17,4,2013,10,1,93,48,2,1,1,3,"12, GENERAL DE GAULE (PL",0.0,0.0
201300041844,19,4,2013,12,1,93,48,2,3,1,6,ROSNY S4 (RUE DE),0.0,0.0
201300041845,19,4,2013,19,1,93,48,2,9,2,6,RESISTANCE S3 (AVENUE DE,0.0,0.0
201300041846,21,4,2013,18,1,93,48,2,1,1,3,"207, BOISSIERE (BOULEVAR",0.0,0.0
201300041847,24,4,2013,19,1,93,48,2,3,1,2,"2, FRANKLIN (RUE)",0.0,0.0
201300041848,26,4,2013,19,1,93,48,2,2,2,3,ARISTIDE BRIAND S4 (BOUL,0.0,0.0
201300041849,2,5,2013,13,1,93,48,2,1,1,2,"234, PARIS (rUE DE)",0.0,0.0
201300041850,2,5,2013,18,1,93,48,2,1,1,4,"80, BOISSIERE (BOULEVARD",0.0,0.0
201300041851,5,5,2013,18,1,93,48,2,1,1,2,46 GABRIEL PERI (AVENUE,0.0,0.0
201300041852,17,5,2013,13,1,93,48,2,1,8,6,"21, PETIT BOIS (RUE DU)",0.0,0.0
201300041853,17,5,2013,15,1,93,48,2,1,1,6,JACQUES DUCLOS (RUE),0.0,0.0
201300041854,20,5,2013,14,1,93,48,2,1,3,6,"92, BOISSIERE (BOULEVARD",0.0,0.0
201300041855,21,5,2013,14,1,93,48,2,1,2,6,"17, GENERAL DE GAULE (PL",0.0,0.0
201300041856,28,5,2013,9,1,93,48,2,3,8,3,"35, GAMBETTA (RUE)",0.0,0.0
201300041857,29,5,2013,19,1,93,48,2,1,1,7,"125, HENRI BARBUSSE (BOU",0.0,0.0
201300041858,30,5,2013,11,1,93,48,2,2,1,3,SOLIDARITE (RUE DE LA),0.0,0.0
201300041859,31,5,2013,11,1,93,48,2,1,8,6,GRANDS PECHERS (RUE DES),0.0,0.0
201300041860,4,6,2013,9,1,93,48,2,2,1,3,ROMAINVILLE (RUE DE),0.0,0.0
201300041861,4,6,2013,19,1,93,48,2,3,7,6,"22, JEAN MOULIN (AVENUE)",0.0,0.0
201300041862,8,6,2013,14,1,93,48,2,1,1,6,"210, THEOPHILE SUEUR (BO",0.0,0.0
201300041863,8,6,2013,18,1,93,48,1,1,1,3,"55, PARIS (RUE DE)",0.0,0.0
201300041864,8,6,2013,20,2,93,48,2,1,2,3,"25, PARMENTIER (RUE)",0.0,0.0
201300041865,9,6,2013,17,1,93,48,2,1,2,6,"3, GABRIEL PERI (AVENUE)",0.0,0.0
201300041866,10,6,2013,15,1,93,48,2,2,7,3,WALWEIN (AVENUE).,0.0,0.0
201300041867,11,6,2013,16,1,93,48,2,8,1,6,"107, CHANZY (BOULEVARD)",0.0,0.0
201300041868,12,6,2013,19,1,93,48,2,1,1,6,23 STALINGRAD (RUE DE),0.0,0.0
201300041869,9,6,2013,18,1,93,48,2,1,1,6,84 SUZANNE MARTORELL (A,0.0,0.0
201300041870,25,6,2013,14,1,93,48,2,1,1,6,", MICHELET (RUE)",0.0,0.0
201300041871,20,6,2013,20,1,93,48,2,3,1,2,"127, HENRI BARBUSSE (BOU",0.0,0.0
201300041872,26,6,2013,14,1,93,48,2,1,1,6,"03, JEAN MOULIN (AVENUE)",0.0,0.0
201300041873,26,6,2013,19,1,93,48,2,2,1,6,"10, FERDINAND (AVENUE)",0.0,0.0
201300041874,27,6,2013,0,5,93,48,2,1,1,3,67 REPUBLIQUE (RUE DE L,0.0,0.0
201300041875,28,6,2013,18,1,93,48,2,9,1,3,PAUL VAILLANT COUTURIER,0.0,0.0
201300041876,1,7,2013,8,1,93,48,2,1,1,6,"217, ETIENNE MARCEL (RUE",0.0,0.0
201300041877,3,7,2013,8,1,93,48,2,1,2,6,"04, WALWEIN (AVENUE)",0.0,0.0
201300041878,5,7,2013,19,1,93,48,2,1,1,3,"3, ARISTIDE BRIAND (BOUL",0.0,0.0
201300041879,8,7,2013,15,1,93,48,2,2,1,5,FERDINAND (AVENUE),0.0,0.0
201300041880,9,7,2013,10,1,93,48,2,2,1,6,", RUFFINS (RUE DES)",0.0,0.0
201300041881,12,7,2013,10,1,93,48,2,1,1,6,"273, VICTOR HUGO S5 (AVE",0.0,0.0
201300041882,22,7,2013,20,1,93,48,2,1,1,6,"209, ROSNY (RUE DE)",0.0,0.0
201300041883,30,7,2013,13,1,93,48,2,1,1,3,"128, ARISTIDE BRIAND (BO",0.0,0.0
201300041884,17,8,2013,17,1,93,48,2,1,1,6,PARIS (RUE DE),0.0,0.0
201300041885,19,8,2013,10,1,93,48,2,1,1,7,"20, PRESIDENT WILSON (AV",0.0,0.0
201300041886,22,8,2013,22,5,93,48,2,9,1,7,THEOPHILE SUEUR (BOULEVA,0.0,0.0
201300041887,25,8,2013,15,1,93,48,2,2,3,3,PASTEUR S3 (AVENUE),0.0,0.0
201300041888,3,9,2013,21,5,93,48,2,1,1,3,116 R DE LAGNY,0.0,0.0
201300041889,4,9,2013,8,1,93,48,2,1,1,2,"149, ROSNY (RUE DE)",0.0,0.0
201300041890,4,9,2013,19,1,93,48,2,2,1,6,GROSEILLERS (RUE DES),0.0,0.0
201300041891,10,9,2013,10,1,93,48,2,9,1,1,HENRI BARBUSSE (BOULEVAR,0.0,0.0
201300041892,11,9,2013,10,1,93,48,2,2,1,3,ARISTIDE BRIAND (BOULEVA,0.0,0.0
201300041893,13,9,2013,9,1,93,48,2,2,1,3,GABRIEL PERI S2 (AVENUE),0.0,0.0
201300041894,14,9,2013,22,5,93,48,2,2,3,3,JACQUES DUCLOS (RUE),0.0,0.0
201300041895,21,9,2013,13,1,93,48,2,3,1,3,THEOPHILE SUEUR (BOULEVA,0.0,0.0
201300041896,22,9,2013,4,5,93,48,2,3,1,1,"50, CHANZY (BOULEVARD)",0.0,0.0
201300041897,26,9,2013,12,1,93,48,2,7,1,6,"48, PARIS (RUE DE)",0.0,0.0
201300041898,28,9,2013,14,1,93,48,2,6,1,3,"274, ROSNY (RUE DE)",0.0,0.0
201300041899,30,9,2013,9,1,93,48,2,2,8,1,GABRIEL PERI (AVENUE),0.0,0.0
201300041900,30,9,2013,14,1,93,48,2,9,1,2,"62, FRANKLIN (RUE)",0.0,0.0
201300041901,1,10,2013,16,1,93,48,2,1,1,5,"97, PARIS (RUE DE)",0.0,0.0
201300041902,3,10,2013,15,1,93,48,2,2,2,3,GABRIEL PERI (AVENUE),0.0,0.0
201300041903,4,10,2013,22,5,93,48,2,2,1,3,ARMAND CARREL (RUE),0.0,0.0
201300041904,5,10,2013,1,5,93,48,2,1,1,3,"273, ROSNY (RUE DE)",0.0,0.0
201300041905,8,10,2013,13,1,93,48,2,1,1,3,PARIS (RUE DE),0.0,0.0
201300041906,10,10,2013,13,1,93,48,2,1,2,6,"6, ROSNY (RUE DE)",0.0,0.0
201300041907,13,10,2013,23,5,93,48,2,2,1,3,PARIS (RUE DE),0.0,0.0
201300041908,24,10,2013,11,1,93,48,2,1,1,5,EUGENE VARLIN (RUE),0.0,0.0
201300041909,26,10,2013,10,1,93,48,2,2,2,3,LEO LAGRANGE (AVENUE),0.0,0.0
201300041910,31,10,2013,19,5,93,48,2,4,1,6,PARMENTIER (RUE),0.0,0.0
201300041911,4,11,2013,16,1,93,48,2,2,1,6,"49, REPUBLIQUE (RUE DE L",0.0,0.0
201300041912,4,11,2013,18,5,93,48,2,7,1,4,GENERAL DE GAULE (PLACE,0.0,0.0
201300041913,9,11,2013,9,1,93,48,2,2,1,1,RESISTANCE (AVENUE DE LA,0.0,0.0
201300041914,9,11,2013,16,1,93,48,2,2,2,3,GABRIEL PERI (AVENUE),0.0,0.0
201300041915,15,11,2013,6,2,93,48,2,3,2,4,ROSIERS (RUE DES),0.0,0.0
201300041916,18,11,2013,14,1,93,48,2,2,8,6,"305, ROSNY S4 (RUE DE)",0.0,0.0
201300041917,18,11,2013,18,5,93,48,2,3,1,6,"31, THEOPHILE SUEUR (BOU",0.0,0.0
201300041918,21,11,2013,8,1,93,48,2,2,2,3,PASTEUR S3 (AVENUE),0.0,0.0
201300041919,22,11,2013,15,1,93,48,2,1,1,6,"116, HENRI BARBUSSE (BOU",0.0,0.0
201300041920,22,11,2013,19,2,93,48,2,2,1,6,ROSNY (RUE DE),0.0,0.0
201300041921,23,11,2013,15,1,93,48,2,2,1,3,"51, DESIRE PREAUX (RUE)",0.0,0.0
201300041922,1,12,2013,11,1,93,48,2,2,8,5,CUVIER (RUE),0.0,0.0
201300041923,4,12,2013,18,5,93,48,2,1,1,6,"38, PAUL VAILLANT COUTUR",0.0,0.0
201300041924,5,12,2013,12,1,93,48,2,1,1,3,"13, ARISTIDE BRIAND (BOU",0.0,0.0
201300041925,8,12,2013,18,5,93,48,2,1,8,6,"14, EPERNONS (RUE DES)",0.0,0.0
201300041926,9,12,2013,14,1,93,48,2,1,1,1,"34, RESISTANCE (AVENUE D",0.0,0.0
201300041927,10,12,2013,15,1,93,48,2,2,1,6,THEOPHILE SUEUR (BOULEVA,0.0,0.0
201300041928,11,12,2013,9,1,93,48,2,1,1,6,"50, HENRI WALLON (RUE)",0.0,0.0
201300041929,12,12,2013,16,2,93,48,2,2,1,3,PIERRE DE MONTREUIL (RUE,0.0,0.0
201300041930,13,12,2013,11,1,93,48,2,1,1,6,"31, VINCENNES (RUE DE)",0.0,0.0
201300041931,16,12,2013,10,1,93,48,2,1,1,3,THEOPHILE SUEUR (BOULEVA,0.0,0.0
201300041932,16,12,2013,14,1,93,48,2,1,1,6,"01, PAUL DOUMER (RUE)",0.0,0.0
201300041933,19,12,2013,20,5,93,48,2,1,1,4,JEAN MOULIN (AVENUE),0.0,0.0
201300041934,20,12,2013,10,1,93,48,2,1,1,6,"54, PARIS (RUE DE)",0.0,0.0
201300041935,21,12,2013,14,1,93,48,2,1,1,6,"72, THEOPHILE SUEUR (BOU",0.0,0.0
201300041936,31,12,2013,2,5,93,48,2,1,1,6,"52, COLONEL FABIEN (AVEN",0.0,0.0
201300041937,7,1,2013,8,4,93,50,2,2,1,1,LOUIS VANNINI (RUE),0.0,0.0
201300041938,28,1,2013,18,5,93,49,2,2,1,6,"16, DANIEL PERDRIGE (AVE",0.0,0.0
201300041939,29,1,2013,20,5,93,50,2,3,2,3,PAUL DOUMER (RUE),0.0,0.0
201300041940,11,2,2013,17,1,93,50,2,1,1,3,PAUL ET CAMILLE THOMOUX,0.0,0.0
201300041941,12,2,2013,13,1,93,50,2,1,8,3,"1-9, MARECHAL FOCH (AVEN",0.0,0.0
201300041942,15,2,2013,22,5,93,50,2,1,1,1,"421, HUIT MAI 1945",0.0,0.0
201300041943,20,2,2013,12,1,93,50,2,1,1,4,JEAN JAURES (AVENUE) COT,0.0,0.0
201300041944,27,2,2013,10,1,93,50,2,1,1,2,"230, PAUL ET CAMILLE THO",0.0,0.0
201300041945,28,2,2013,21,5,93,50,2,3,1,3,DESCARTES (AVENUE),0.0,0.0
201300041946,8,3,2013,14,1,93,50,2,3,2,2,MARECHAL FOCH (AVENUE) C,0.0,0.0
201300041947,9,3,2013,20,5,93,49,2,1,1,3,GENERAL DE GAULLE (RUE),0.0,0.0
201300041948,17,3,2013,11,1,93,50,2,1,1,6,"26, PAUL DOUMER (RUE)",0.0,0.0
201300041949,18,3,2013,14,1,93,49,2,1,1,6,STALINGRAD (PLACE),0.0,0.0
201300041950,18,3,2013,17,1,93,50,2,1,1,6,PAUL ET CAMILLE THOMOUX,0.0,0.0
201300041951,3,4,2013,12,1,93,50,2,1,1,2,"29, MARECHAL FOCH (AVENU",0.0,0.0
201300041952,15,4,2013,12,1,93,50,2,1,2,6,"108, PAUL VAILLANT COUTU",0.0,0.0
201300041953,18,4,2013,10,1,93,49,2,1,1,6,", FAIDHERBE (RUE)",0.0,0.0
201300041954,21,4,2013,1,5,93,50,2,2,1,3,PAUL DOUMER (RUE),0.0,0.0
201300041955,29,4,2013,7,1,93,50,2,1,1,2,PAUL DOUMER (RUE),0.0,0.0
201300041956,4,5,2013,16,1,93,50,2,1,1,1,FERDINAND BUISSON (RUE),0.0,0.0
201300041957,22,5,2013,18,1,93,50,2,1,1,5,PAUL ET CAMILLE THOMOUX,0.0,0.0
201300041958,25,5,2013,10,1,93,50,2,1,1,2,"1-9, MARECHAL FOCH (AVEN",0.0,0.0
201300041959,1,6,2013,0,5,93,50,2,3,1,6,"186, PAUL ET CAMILLE THO",0.0,0.0
201300041960,31,5,2013,18,1,93,49,2,3,1,5,MEAUX (CHEMIN),0.0,0.0
201300041961,2,6,2013,2,5,93,50,2,2,1,6,"104, PAUL VAILLANT COUTU",0.0,0.0
201300041962,25,5,2013,23,5,93,50,2,2,1,3,ONZE NOVEMBRE (RUE),0.0,0.0
201300041963,8,6,2013,23,5,93,50,2,1,8,6,"36, GENERAL DE GAULLE (A",0.0,0.0
201300041964,17,6,2013,15,1,93,50,2,1,1,6,"37, CARNOT (BOULEVARD)",0.0,0.0
201300041965,29,6,2013,16,1,93,49,2,3,1,3,POULET LANGLET (RUE),0.0,0.0
201300041966,3,7,2013,7,1,93,50,2,3,2,3,FERDINAND BUISSON (RUE),0.0,0.0
201300041967,7,7,2013,19,1,93,50,2,1,1,2,ROUSSILLON (RUE),0.0,0.0
201300041968,9,7,2013,19,1,93,50,2,1,1,6,MAURICE BERTEAUX (BOULEV,0.0,0.0
201300041969,11,7,2013,0,5,93,49,2,1,1,3,32 GALLIENI (BOULEVARD),0.0,0.0
201300041970,24,7,2013,19,1,93,49,2,1,1,6,"22, GALLIENI (BOULEVARD)",0.0,0.0
201300041971,25,7,2013,12,1,93,50,2,1,1,6,"29, PAUL ET CAMILLE THOM",0.0,0.0
201300041972,1,8,2013,15,1,93,50,2,1,1,3,MARECHAL FOCH (AVENUE) C,0.0,0.0
201300041973,5,8,2013,19,1,93,49,2,1,1,1,34 BOIS D'AVRON (RUE),0.0,0.0
201300041974,7,8,2013,13,1,93,49,2,3,2,3,MEAUX (CHEMIN),0.0,0.0
201300041975,9,8,2013,16,1,93,50,2,1,1,3,"29, MARECHAL FOCH (AVENU",0.0,0.0
201300041976,10,8,2013,22,5,93,50,2,3,1,3,HUIT MAI 1945,0.0,0.0
201300041977,28,8,2013,19,2,93,49,2,1,1,6,GALLIENI (BOULEVARD),0.0,0.0