Num_Acc,jour,mois,an,hr,condition_eclairage,departement,commune,condition_agglomeration,intersection,condition_atmosphere,type_collision,adresse,lattitude,longitude
201300041978,17,9,2013,16,1,93,49,2,1,1,6,", GALLIENI (BOULEVARD)",0.0,0.0
201300041979,29,9,2013,0,5,93,49,2,3,3,6,FAIDHERBE (RUE),0.0,0.0
201300041980,26,8,2013,19,1,93,49,2,1,1,6,"02, HERBIERS (RUE)",0.0,0.0
201300041981,5,9,2013,7,1,93,50,2,3,1,3,VILLEMOMBLE (ROUTE),0.0,0.0
201300041982,5,9,2013,16,1,93,49,2,1,1,6,PAUL LETOMBE (RUE),0.0,0.0
201300041983,7,9,2013,20,2,93,50,2,1,1,6,ROBERT SCHUMANN (AVENUE),0.0,0.0
201300041984,28,9,2013,15,1,93,50,2,9,1,3,MARECHAL FOCH (AVENUE) C,0.0,0.0
201300041985,8,10,2013,8,1,93,50,2,1,1,3,LOUIS ARMAND (RUE),0.0,0.0
201300041986,15,10,2013,16,1,93,50,2,1,1,2,JEAN JAURES (AVENUE) COT,0.0,0.0
201300041987,16,10,2013,12,1,93,50,2,1,1,7,FERDINAND BUISSON (RUE),0.0,0.0
201300041988,17,10,2013,19,5,93,50,2,1,1,6,WINSTON CHURCHILL (AVENU,0.0,0.0
201300041989,26,10,2013,6,5,93,50,2,1,1,3,PAUL ET CAMILLE THOMOUX,0.0,0.0
201300041990,19,10,2013,19,5,93,50,2,2,1,6,PAUL ET CAMILLE THOMOUX,0.0,0.0
201300041991,23,10,2013,14,1,93,50,2,1,1,6,"221, PAUL ET CAMILLE THO",0.0,0.0
201300041992,11,11,2013,4,5,93,50,1,1,8,1,FRERES LUMIERE (RUE),0.0,0.0
201300041993,24,11,2013,19,5,93,49,2,5,1,3,VICTOR HUGO (RUE) EGL ST,0.0,0.0
201300041994,8,12,2013,18,2,93,50,1,1,1,6,ALOUETTES (RUE),0.0,0.0
201300041995,14,12,2013,10,1,93,49,2,2,1,6,MARECHAL FOCH (AVENUE) P,0.0,0.0
201300041996,19,12,2013,16,1,93,50,2,1,1,6,LEON BLUM (AVENUE),0.0,0.0
201300041997,19,12,2013,18,5,93,50,2,2,8,2,LOUIS VANNINI (RUE),0.0,0.0
201300041998,24,12,2013,22,5,93,50,2,2,3,4,"16, MARECHAL FOCH (AVENU",0.0,0.0
201300041999,4,12,2013,8,1,93,50,2,1,1,3,"1, MARECHAL FOCH (AVENUE",0.0,0.0
201300042000,2,1,2013,8,1,93,33,2,2,1,3,NATIONALE NUMERO 34 (RAU,0.0,0.0
201300042001,2,1,2013,20,5,93,51,2,1,8,3,MONT D'EST (BD),0.0,0.0
201300042002,8,1,2013,16,1,93,51,1,1,2,6,JULES FERRY (NR PAIRS,0.0,0.0
201300042003,10,1,2013,9,1,93,51,2,1,8,3,AUGUSTE RODIN (ALLEE),0.0,0.0
201300042004,16,1,2013,12,1,93,51,2,3,9,6,ARISTIDE BRIAND (AVENUE),0.0,0.0
201300042005,18,1,2013,9,1,93,51,2,2,1,3,NEUILLY (ROUTE),0.0,0.0
201300042006,23,1,2013,14,1,93,51,2,1,1,7,MONT D'EST (BD),0.0,0.0
201300042007,24,1,2013,7,1,93,51,2,1,1,7,"11, VILLIERS (ROUTE)",0.0,0.0
201300042008,28,1,2013,2,5,93,51,2,1,2,6,PAVE NEUF (AVENUE),0.0,0.0
201300042009,1,2,2013,16,1,93,51,2,3,2,2,"43, GOURNAY (ROUTE)",0.0,0.0
201300042010,17,2,2013,17,1,93,51,2,1,1,3,NEUILLY (ROUTE),0.0,0.0
201300042011,18,2,2013,11,1,93,51,2,2,1,3,ARISTIDE BRIAND (AVENUE),0.0,0.0
201300042012,7,3,2013,12,1,93,51,2,6,2,2,PAVE NEUF (AVENUE),0.0,0.0
201300042013,12,3,2013,1,3,93,33,2,3,2,3,REPUBLIQUE (BOULEVARD),0.0,0.0
201300042014,12,3,2013,9,1,93,51,2,1,4,6,BALLON,0.0,0.0
201300042015,20,3,2013,12,1,93,51,2,1,1,6,146 MEDERIC (AVENUE),0.0,0.0
201300042016,20,3,2013,17,1,93,51,2,2,1,3,MEDERIC (AVENUE),0.0,0.0
201300042017,22,3,2013,16,1,93,51,2,1,1,6,"40, GRAVIERS",0.0,0.0
201300042018,4,4,2013,10,1,93,51,2,2,1,2,LEVANT (BD),0.0,0.0
201300042019,5,4,2013,14,1,93,51,2,1,1,2,"20, PAVE NEUF (AVENUE)",0.0,0.0
201300042020,13,4,2013,9,1,93,51,2,2,1,3,SOUCHET (BOULEVARD),0.0,0.0
201300042021,19,4,2013,11,1,93,51,2,1,1,2,"0, MONT D'EST (BD)",0.0,0.0
201300042022,22,4,2013,12,1,93,51,2,6,1,6,"42, HENRI MATISSE (SQUAR",0.0,0.0
201300042023,24,5,2013,10,1,93,51,2,2,2,3,"67, GABRIEL PERI (AVENUE",0.0,0.0
201300042024,29,5,2013,16,1,93,51,2,1,1,2,HAUTS ROSEAUX,0.0,0.0
201300042025,30,5,2013,9,1,93,51,2,1,3,3,MEDERIC (AVENUE),0.0,0.0
201300042026,5,6,2013,0,5,93,51,2,1,1,6,"67, ASTRONAUTES (BD)",0.0,0.0
201300042027,5,6,2013,16,1,93,51,2,3,1,6,MONT D'EST (BD),0.0,0.0
201300042028,16,6,2013,22,2,93,51,2,1,1,2,NEUILLY (ROUTE),0.0,0.0
201300042029,18,6,2013,10,1,93,51,2,3,1,6,"05, BOIS SAINT MARTIN (A",0.0,0.0
201300042030,18,6,2013,12,1,93,33,2,1,1,3,JEAN MERMOZ (AVENUE),0.0,0.0
201300042031,25,6,2013,17,1,93,51,2,3,1,3,YVRIS (AVE),0.0,0.0
201300042032,25,6,2013,19,1,93,51,2,2,1,5,HAUTS CHATEAUX,0.0,0.0
201300042033,5,7,2013,18,1,93,51,2,2,1,3,"1, EMILE COSSONNEAU (AVE",0.0,0.0
201300042034,9,7,2013,16,1,93,51,2,1,1,6,"156, PIERRE BROSSOLETTE",0.0,0.0
201300042035,10,7,2013,8,1,93,51,2,2,1,7,GABRIEL PERI (AVENUE),0.0,0.0
201300042036,12,7,2013,17,1,93,51,2,1,1,2,GOURNAY (ROUTE),0.0,0.0
201300042037,19,8,2013,0,5,93,33,2,6,2,7,ROuSEVELT (PLACE),0.0,0.0
201300042038,21,8,2013,21,2,93,33,2,1,1,6,"80, NOISY LE GRAND (BOUL",0.0,0.0
201300042039,23,8,2013,8,1,93,51,2,3,1,3,"10, MEDERIC (AVENUE)",0.0,0.0
201300042040,23,8,2013,17,1,93,51,2,1,1,3,HAUTS ROSEAUX,0.0,0.0
201300042041,23,8,2013,20,2,93,51,2,1,1,7,MONT D'EST (BD),0.0,0.0
201300042042,31,8,2013,0,5,93,51,2,2,1,1,RENE NAVIER,0.0,0.0
201300042043,7,9,2013,12,1,93,51,2,1,7,2,FORT (AVE),0.0,0.0
201300042044,8,9,2013,14,1,93,51,2,1,1,3,"54, PAVE NEUF (AVENUE)",0.0,0.0
201300042045,9,9,2013,17,1,93,51,2,1,2,6,"135, GOURNAY (ROUTE)",0.0,0.0
201300042046,10,9,2013,21,5,93,51,2,6,1,6,PAVE NEUF (AVENUE),0.0,0.0
201300042047,12,9,2013,8,1,93,51,2,1,1,6,DOCTEUR SUREAU,0.0,0.0
201300042048,25,9,2013,19,5,93,51,2,2,2,3,BIENVENUE (ALLEE),0.0,0.0
201300042049,26,9,2013,8,1,93,51,2,1,1,2,AUGUSTE RODIN (ALLEE),0.0,0.0
201300042050,2,12,2013,9,1,93,33,2,2,1,5,NATIONALE NUMERO 34 (ROU,0.0,0.0
201300042051,2,12,2013,7,5,93,33,2,1,1,6,AV CHAMPS-panneau Pub(17,0.0,0.0
201300042052,5,12,2013,19,5,93,51,2,3,1,5,"16, MEDERIC (AVENUE)",0.0,0.0
201300042053,7,12,2013,9,1,93,33,2,3,9,1,ARISTIDE BRIAND,0.0,0.0
201300042054,10,12,2013,12,1,93,51,2,6,1,6,GRAHAM BELL,0.0,0.0
201300042055,12,12,2013,14,1,93,51,2,2,1,3,"40, MALNOUE (NR 1 A 93)",0.0,0.0
201300042056,19,12,2013,7,2,93,51,2,2,2,3,"41, FRERES HARBULOT",0.0,0.0
201300042057,19,12,2013,8,2,93,51,2,3,2,6,CHAMPY RICHARDETS (BOULE,0.0,0.0
201300042058,22,12,2013,10,1,93,51,2,3,2,6,ARISTIDE BRIAND (AVENUE),0.0,0.0
201300042059,3,1,2013,15,1,93,53,2,1,2,3,PARIS (RUE DE),0.0,0.0
201300042060,28,1,2013,17,5,93,53,2,3,1,6,STRASBOURG (AVENUE DE),0.0,0.0
201300042061,16,2,2013,7,2,93,53,2,4,1,1,"3, PARC (RUE DU)",0.0,0.0
201300042062,2,4,2013,3,5,93,53,2,3,1,1,MONTREUIL A CLAYE (CHEMI,0.0,0.0
201300042063,2,4,2013,17,1,93,53,2,1,1,6,MONTREUIL A CLAYE (RUE D,0.0,0.0
201300042064,13,4,2013,16,1,93,53,2,1,2,6,"189, BREMENT (RUE DE) 10",0.0,0.0
201300042065,15,4,2013,17,1,93,53,2,6,8,3,ROGER SALENGRO (BLD),0.0,0.0
201300042066,20,4,2013,0,5,93,53,2,1,1,6,"48/52, FONTAINE (RUE DE",0.0,0.0
201300042067,20,4,2013,18,1,93,53,2,1,1,6,STAINS (ROUTE DE),0.0,0.0
201300042068,26,4,2013,7,1,93,53,2,1,1,2,"77, BREMENT (RUE DE) 1 A",0.0,0.0
201300042069,2,5,2013,10,1,93,53,2,9,1,3,"83, PARIS (RUE DE)",0.0,0.0
201300042070,13,5,2013,23,5,93,53,2,4,2,3,ANATOLE FRANCE (RUE),0.0,0.0
201300042071,23,5,2013,7,1,93,53,2,2,8,2,ROSNY (AVENUE DE) N? 1 A,0.0,0.0
201300042072,30,5,2013,15,1,93,53,2,1,3,2,"80, PARIS (RUE DE)",0.0,0.0
201300042073,1,6,2013,19,1,93,53,2,1,1,6,"02, VAILLANT COUTURIER (",0.0,0.0
201300042074,5,6,2013,20,1,93,53,2,7,1,3,JEANNE D'ARC (PLACE),0.0,0.0
201300042075,10,6,2013,11,1,93,53,2,1,1,1,"22, BIR HAKEIM (AVENUE)",0.0,0.0
201300042076,12,6,2013,20,1,93,53,2,1,1,6,"07, AMPERE (RUE)",0.0,0.0
201300042077,18,6,2013,12,1,93,53,2,3,1,6,"46, BOBIGNY (AVENUE DE)",0.0,0.0
201300042078,20,6,2013,7,1,93,53,2,3,3,3,"9, PARC (RUE DU)",0.0,0.0
201300042079,27,6,2013,16,1,93,53,2,2,1,3,PARIS (RUE DE),0.0,0.0
201300042080,2,7,2013,6,1,93,53,2,6,1,3,GENERAL DE GAULLE (ROND,0.0,0.0
201300042081,5,7,2013,17,1,93,53,2,1,1,3,"122, VAILLANT COUTURIER",0.0,0.0
201300042082,8,7,2013,17,1,93,53,2,1,1,4,"27, GENERAL LECLERC (AVE",0.0,0.0
201300042083,19,7,2013,11,1,93,53,2,1,1,3,"30, PARIS (RUE DE)",0.0,0.0
201300042084,24,7,2013,10,1,93,53,2,1,1,6,"223 bis, BREMENT (RUE DE",0.0,0.0
201300042085,27,7,2013,19,1,93,53,2,1,1,6,ELSA TRIOLET (RUE),0.0,0.0
201300042086,8,8,2013,20,4,93,53,2,3,1,3,JULES AUFFRET (RUE),0.0,0.0
201300042087,12,8,2013,13,1,93,53,2,2,1,3,"25, JULES AUFFRET (RUE)",0.0,0.0
201300042088,1,9,2013,12,1,93,53,2,2,1,3,PARIS (RUE DE),0.0,0.0
201300042089,2,9,2013,9,1,93,53,2,1,1,6,"01, MANSART (ALLEE)",0.0,0.0
201300042090,2,9,2013,17,1,93,53,2,1,1,6,PARIS (RUE DE),0.0,0.0
201300042091,2,9,2013,19,1,93,53,2,3,1,3,BREMENT (RUE DE) 109 A 2,0.0,0.0
201300042092,13,9,2013,13,1,93,53,2,1,2,2,"111, ROSNY (AVENUE DE) N",0.0,0.0
201300042093,27,9,2013,16,1,93,53,2,2,1,7,ROSNY (AVENUE DE) N? 1 A,0.0,0.0
201300042094,6,10,2013,20,5,93,53,2,7,1,3,"1, JEAN COQUELIN (PLACE)",0.0,0.0
201300042095,10,10,2013,18,1,93,53,2,1,1,6,"1, PARC (RUE DU)",0.0,0.0
201300042096,26,10,2013,20,5,93,53,2,1,1,7,"1, ROGER SALENGRO (BLD)",0.0,0.0
201300042097,29,10,2013,14,1,93,53,2,1,1,7,"1, JEAN JAURES (RUE)",0.0,0.0
201300042098,17,11,2013,16,2,93,53,2,1,1,6,"46, REPUBLIQUE (BLD DE L",0.0,0.0
201300042099,21,11,2013,23,5,93,53,2,1,2,7,140 BREMENT (RUE DE) 10,0.0,0.0
201300042100,30,11,2013,7,2,93,53,2,2,1,3,"0, GALLIENI (AVENUE)",0.0,0.0
201300042101,12,12,2013,17,5,93,53,2,2,1,1,GAGNY (AVENUE DE),0.0,0.0
201300042102,23,12,2013,7,5,93,53,2,3,1,6,"17, JEAN JAURES (RUE)",0.0,0.0
201300042103,27,12,2013,19,5,93,53,2,4,3,6,DOMBASLE (RUE),0.0,0.0
201300042104,19,1,2013,8,1,93,55,2,1,4,7,"166, GENERAL LECLERC(AVE",0.0,0.0
201300042105,20,1,2013,2,5,93,55,2,1,4,2,JEAN LOLIVE (AVENUE)(1-5,0.0,0.0
201300042106,27,1,2013,20,5,93,55,2,1,1,6,"53, JEAN LOLIVE (AVENUx)",0.0,0.0
201300042107,29,1,2013,15,1,93,55,2,9,8,6,"100, GENERAL LECLERC(AVE",0.0,0.0
201300042108,4,2,2013,11,1,93,55,2,2,2,2,"105, JEAN LOLIVE (AVENUE",0.0,0.0
201300042109,14,2,2013,8,1,93,55,2,1,2,6,"38, EDOUARD VAILLANT DU",0.0,0.0
201300042110,14,2,2013,11,1,93,55,2,3,2,3,"angle, GENERAL LECLERC(A",0.0,0.0
201300042111,19,2,2013,15,1,93,55,2,1,1,6,"62, JEAN LOLIVE (AVENUE)",0.0,0.0
201300042112,21,2,2013,23,5,93,55,2,1,1,3,"03, MAGENTA",0.0,0.0
201300042113,3,3,2013,15,1,93,55,2,1,1,6,"10, GABRIELLE JOSSERAND",0.0,0.0
201300042114,12,3,2013,10,1,93,55,2,1,4,2,36 BIS JEAN LOLIVE (AVE,0.0,0.0
201300042115,12,3,2013,16,1,93,55,2,3,4,6,57 JEAN LOLIVE (AVENUE),0.0,0.0
201300042116,1,6,2013,7,1,93,55,2,1,1,6,"24, LATERAL AU CHEMIN DE",0.0,0.0
201300042117,13,6,2013,23,5,93,55,2,1,1,6,"138, JEAN JAURES (AVENUE",0.0,0.0
201300042118,18,6,2013,15,1,93,55,2,1,1,3,"170, JEAN JAURES (AVENUE",0.0,0.0
201300042119,20,6,2013,18,1,93,55,2,1,8,2,"96, JEAN LOLIVE (AVENUE)",0.0,0.0
201300042120,25,6,2013,17,1,93,55,2,2,1,6,"60, JEAN LOLIVE (AVENUE)",0.0,0.0
201300042121,26,6,2013,18,1,93,55,2,1,1,5,165 JEAN LOLIVE (AVENUE,0.0,0.0
201300042122,11,6,2013,7,1,93,55,2,1,1,6,"40, DELIZY (DU 23 A FIN",0.0,0.0
201300042123,2,8,2013,15,1,93,55,2,1,1,6,"2, ANATOLE FRANCE (AVENU",0.0,0.0
201300042124,14,8,2013,16,1,93,55,2,1,1,2,"128, JEAN JAURES (AVENUE",0.0,0.0
201300042125,3,10,2013,15,1,93,55,2,1,1,1,"184, DIDEROT",0.0,0.0
201300042126,6,10,2013,14,1,93,55,2,1,1,7,"80, GENERAL LECLERC(AVE",0.0,0.0
201300042127,9,10,2013,7,2,93,55,2,1,1,3,"176, JEAN LOLIVE (AVENUE",0.0,0.0
201300042128,16,10,2013,15,1,93,55,2,3,3,3,130 GENERAL LECLERC(AVE,0.0,0.0
201300042129,23,10,2013,1,5,93,55,2,1,1,6,"182, GENERAL LECLERC(AVE",0.0,0.0
201300042130,25,10,2013,16,1,93,55,2,1,2,6,EDOUARD VAILLANT DU 64/1,0.0,0.0
201300042131,28,10,2013,19,5,93,55,2,1,2,1,"5, LAVOISIER",0.0,0.0
201300042132,31,10,2013,15,1,93,55,2,1,1,3,RACINE,0.0,0.0
201300042133,3,11,2013,8,1,93,55,2,1,8,3,"96, ANATOLE FRANCE (AVEN",0.0,0.0
201300042134,5,11,2013,19,5,93,55,2,2,2,3,105 JEAN LOLIVE (AVENUE,0.0,0.0
201300042135,11,11,2013,19,5,93,55,2,3,1,3,JEAN LOLIVE-(AVENUE)(75/,0.0,0.0
201300042136,7,1,2013,16,1,93,77,2,1,1,2,"89, NEUILLY (RUE DE)",0.0,0.0
201300042137,11,1,2013,6,2,93,77,2,2,2,3,"SANS OBJET, NOISY (ROUTE",0.0,0.0
201300042138,12,1,2013,20,4,93,77,2,2,2,2,"SANS OBJET, POUSSIN (RUE",0.0,0.0
201300042139,16,1,2013,17,1,93,62,2,2,1,2,"28, RESISTANCE (AVENUE D",0.0,0.0
201300042140,17,1,2013,16,1,93,77,2,9,8,6,"158, GRANDE RUE",0.0,0.0
201300042141,22,1,2013,13,1,93,77,2,6,4,3,"0, GRANDE RUE",0.0,0.0
201300042142,25,1,2013,9,1,93,62,2,1,1,6,"55, MIDI (BOULEVARD DU)",0.0,0.0
201300042143,28,1,2013,20,5,93,77,2,1,2,6,"109, ROSNY (AVENUE DE)",0.0,0.0
201300042144,11,2,2013,7,2,93,77,2,1,2,3,"93, GRANDE RUE",0.0,0.0
201300042145,11,2,2013,18,2,93,62,2,7,1,6,GENERAL DE GAULLE (PLACE,0.0,0.0
201300042146,18,2,2013,23,5,93,77,2,2,1,3,"0, RAINCY (AVENUE DU)",0.0,0.0
201300042147,19,2,2013,13,1,93,77,2,1,1,6,"110, GRANDE RUE",0.0,0.0
201300042148,27,2,2013,11,1,93,77,2,6,1,3,"13, GARE (PLACE DE LA)",0.0,0.0
201300042149,27,2,2013,19,5,93,77,2,1,1,2,"FACE AU 48, NOISY (ROUTE",0.0,0.0
201300042150,2,3,2013,11,1,93,77,2,1,1,3,"07, GRANDE RUE",0.0,0.0
201300042151,9,3,2013,22,5,93,77,2,2,1,3,"0, LECLERC (AVENUE DU GE",0.0,0.0
201300042152,11,3,2013,10,1,93,62,2,1,2,2,"23, SAPINS (ALLEE DES)",0.0,0.0
201300042153,12,3,2013,22,5,93,77,2,1,4,1,"0, BECKER (RUE NICOLAS)",0.0,0.0
201300042154,15,3,2013,12,1,93,62,2,1,1,3,"33, LIVRY (AVENUE DE)",0.0,0.0
201300042155,29,3,2013,20,5,93,77,2,1,1,3,"01, ROSNY (AVENUE DE)",0.0,0.0
201300042156,1,4,2013,23,5,93,62,2,2,1,1,"0, MIDI (BOULEVARD DU)",0.0,0.0
201300042157,5,4,2013,12,1,93,62,2,1,1,3,"115, RESISTANCE (AVENUE",0.0,0.0
201300042158,10,4,2013,12,1,93,62,2,1,1,6,"96, RESISTANCE (AVENUE D",0.0,0.0
201300042159,10,4,2013,14,1,93,77,2,3,1,2,"0, NOISY (ROUTE DE) JUSQ",0.0,0.0
201300042160,11,4,2013,23,5,93,77,2,3,2,6,"0, GALLIENI (AVENUE DU G",0.0,0.0
201300042161,16,4,2013,22,5,93,77,2,1,1,7,"0, PLATEAU (RUE DU)",0.0,0.0
201300042162,18,4,2013,17,1,93,77,2,2,1,3,"0, RAINCY (AVENUE DU)",0.0,0.0
201300042163,27,4,2013,7,1,93,77,2,1,1,6,"113, GRANDE RUE",0.0,0.0
201300042164,29,4,2013,16,1,93,77,2,1,1,2,"2, GRANDE RUE",0.0,0.0
201300042165,2,5,2013,13,1,93,62,2,6,1,3,"0, RESISTANCE (AVENUE DE",0.0,0.0
201300042166,14,5,2013,9,1,93,77,2,2,1,3,"0, GIRARDOT (AVENUE DE)",0.0,0.0
201300042167,14,5,2013,22,5,93,62,2,1,2,1,"12 bis, PLATEAU (ALLEE D",0.0,0.0
201300042168,23,5,2013,21,5,93,77,2,2,1,3,"0, GALLIENI (AVENUE DU G",0.0,0.0
201300042169,30,5,2013,9,1,93,77,2,5,3,3,LOUYS (AVENUE DU CAPITAI,0.0,0.0
201300042170,31,5,2013,13,1,93,62,2,4,1,3,"0, NOTRE-DAME DES ANGES",0.0,0.0
201300042171,2,6,2013,15,1,93,77,2,2,1,3,"155, GRANDE RUE",0.0,0.0
201300042172,7,6,2013,19,1,93,77,2,1,1,2,08 ROSNY (AVENUE DE),0.0,0.0
201300042173,12,6,2013,12,1,93,77,2,2,1,6,"0, GRANDE RUE",0.0,0.0
201300042174,16,6,2013,22,5,93,77,2,1,1,6,CARNOT (BOULEVARD),0.0,0.0
201300042175,18,6,2013,17,1,93,77,2,1,1,2,"63, RAINCY (AVENUE DU)",0.0,0.0
201300042176,20,6,2013,0,5,93,77,2,3,2,5,GRANDE RUE,0.0,0.0
201300042177,24,6,2013,17,1,93,77,2,2,1,6,"01, ROSNY (AVENUE DE)",0.0,0.0
201300042178,25,6,2013,11,1,93,77,2,2,1,3,"9, PROCESSIONS (CHEMIN D",0.0,0.0
201300042179,26,6,2013,15,1,93,77,2,1,1,6,AULNAY (BOULEVARD D') 1-,0.0,0.0
201300042180,27,6,2013,13,1,93,77,2,1,1,6,10 GRANDE RUE,0.0,0.0
201300042181,28,6,2013,16,1,93,77,2,1,1,4,86 AULNAY (BOULEVARD D',0.0,0.0
201300042182,1,7,2013,10,1,93,77,2,1,1,6,"10, GRANDE RUE",0.0,0.0
201300042183,1,7,2013,16,1,93,62,2,1,1,2,"131, RESISTANCE (AVENUE",0.0,0.0
201300042184,6,7,2013,18,1,93,77,2,2,1,3,"97, FOSSE AUX BERGERS (R",0.0,0.0
201300042185,7,7,2013,19,1,93,77,2,2,1,3,"02, ROUSSELET (RUE)",0.0,0.0
201300042186,12,7,2013,9,1,93,62,2,2,1,3,SAPINS (ALLEE DES),0.0,0.0
201300042187,15,7,2013,19,1,93,77,2,1,1,3,"0, BENONI (RUE EUSTACHE)",0.0,0.0
201300042188,17,7,2013,16,1,93,77,2,1,1,6,"83, RAINCY (AVENUE DU)",0.0,0.0
201300042189,18,7,2013,11,1,93,62,2,3,1,6,LIVRY (AVENUE DE),0.0,0.0
201300042190,21,7,2013,10,1,93,77,2,3,1,6,"0, PLATEAU (RUE DU)",0.0,0.0
201300042191,21,7,2013,20,1,93,77,2,2,7,3,"0, NOISY (ROUTE DE) JUSQ",0.0,0.0
201300042192,29,7,2013,0,5,93,62,2,1,2,6,"0, PLATEAU (ALLEE DU)",0.0,0.0
201300042193,31,7,2013,17,1,93,77,2,2,1,3,"17, ORANGERIE (RUE DE L'",0.0,0.0
201300042194,1,8,2013,12,1,93,62,2,1,1,6,"24, COTEAUX (ALLEE DES)",0.0,0.0
201300042195,8,8,2013,16,1,93,62,2,1,1,6,"33, RESISTANCE (AVENUE D",0.0,0.0
201300042196,13,8,2013,21,2,93,77,2,1,1,7,"66, NEUILLY (RUE DE)",0.0,0.0
201300042197,27,8,2013,8,1,93,62,2,3,1,3,"118, RESISTANCE (AVENUE",0.0,0.0
201300042198,5,9,2013,13,1,93,77,2,1,1,7,"16, CARRIERE (RUE DE LA)",0.0,0.0
201300042199,6,9,2013,12,1,93,77,2,1,2,2,"123, GRANDE RUE",0.0,0.0
201300042200,10,9,2013,10,1,93,77,2,3,1,3,"60, GALLIENI (AVENUE DU",0.0,0.0
201300042201,13,9,2013,11,1,93,77,2,2,2,3,ORANGERIE (RUE DE L'),0.0,0.0
201300042202,20,9,2013,14,1,93,62,2,1,1,6,"118, RESISTANCE (AVENUE",0.0,0.0
201300042203,24,9,2013,8,1,93,77,2,1,1,6,"105, GRANDE RUE",0.0,0.0
201300042204,1,10,2013,6,5,93,62,2,3,1,1,"25, THIERS (AVENUE)",0.0,0.0
201300042205,3,10,2013,6,5,93,62,2,1,1,1,"26TER, EGLISE (ALLEE DE",0.0,0.0
201300042206,8,10,2013,9,1,93,77,2,3,1,3,"SANS OBJET, ROSNY (AVENU",0.0,0.0
201300042207,9,10,2013,6,1,93,77,2,2,1,6,"SANS OBJET, GRANDE RUE",0.0,0.0
201300042208,9,10,2013,21,5,93,77,2,1,1,6,"12, OUTREBON (AVENUE)",0.0,0.0
201300042209,11,10,2013,11,1,93,77,2,1,8,5,", FOSSE AUX BERGERS (RUE",0.0,0.0
201300042210,24,10,2013,0,5,93,77,2,1,1,6,"., SAULCE (RUE)",0.0,0.0
201300042211,25,10,2013,13,1,93,77,2,1,1,1,ROSNY (AVENUE DE),0.0,0.0
201300042212,28,10,2013,9,1,93,77,2,2,2,3,"25, ROSES (AVENUE DES)",0.0,0.0
201300042213,2,11,2013,10,1,93,77,2,1,8,6,"SANS OBJET, FOSSE AUX BE",0.0,0.0
201300042214,5,11,2013,22,5,93,77,2,3,2,3,NOISY (ROUTE DE) JUSQU'A,0.0,0.0
201300042215,7,11,2013,17,2,93,62,2,3,1,3,"., ESPALIERS (ALLEE DES)",0.0,0.0
201300042216,13,11,2013,8,1,93,77,2,2,1,3,"SANS OBJET, MONTAGNE SAV",0.0,0.0
201300042217,13,11,2013,11,1,93,77,2,1,9,6,"2, ANDRE (BOULEVARD)",0.0,0.0
201300042218,19,11,2013,8,1,93,77,2,2,2,3,"97, FOSSE AUX BERGERS (R",0.0,0.0
201300042219,20,11,2013,11,1,93,77,2,1,1,6,GRANDE RUE,0.0,0.0
201300042220,23,11,2013,10,1,93,77,2,1,1,6,"149, GRANDE RUE",0.0,0.0
201300042221,5,12,2013,16,1,93,77,2,2,1,6,"96, GRANDE RUE",0.0,0.0
201300042222,10,12,2013,9,1,93,62,2,2,1,3,"00, OUEST (BOULEVARD DE",0.0,0.0
201300042223,10,12,2013,16,5,93,77,2,3,1,3,"36, MARCEL (AVENUE)",0.0,0.0
201300042224,17,12,2013,15,1,93,77,2,3,1,3,"130 T, NEUILLY (RUE DE)",0.0,0.0
201300042225,19,12,2013,9,1,93,77,2,1,1,6,"113, NEUILLY (RUE DE)",0.0,0.0
201300042226,21,12,2013,11,1,93,62,2,6,1,6,"., GENERAL DE GAULLE (PL",0.0,0.0
201300042227,22,12,2013,11,1,93,77,1,3,1,3,"21, BONDY (AVENUE DE) JU",0.0,0.0
201300042228,25,12,2013,23,5,93,77,2,2,1,3,"SANS OBJET, JUMEL (RUE R",0.0,0.0
201300042229,31,12,2013,21,4,93,62,2,2,2,3,"26, BOSQUETS (ALLEE DES)",0.0,0.0
201300042230,24,1,2013,11,1,93,64,2,1,1,2,"00, WALESA (AVENUE LECH)",0.0,0.0
201300042231,28,1,2013,21,5,93,64,2,1,1,6,"210, ALSACE-LORRAINE (BO",0.0,0.0
201300042232,29,1,2013,19,5,93,64,2,1,1,6,"76, ROCHEBRUNE (RUE)",0.0,0.0
201300042233,6,2,2013,7,1,93,64,2,1,2,6,"00, JAURES (AVENUE JEAN)",0.0,0.0
201300042234,10,2,2013,12,1,93,64,2,1,1,6,"7, HOFFMANN (RUE PHILIBE",0.0,0.0
201300042235,14,2,2013,15,1,93,64,2,1,1,6,"23, JAURES (AVENUE JEAN)",0.0,0.0
201300042236,5,3,2013,23,5,93,64,2,1,1,6,"7, KENNEDY (AVENUE DU PR",0.0,0.0
201300042237,19,3,2013,19,2,93,64,2,1,3,6,"00, ALSACE-LORRAINE (BOU",0.0,0.0
201300042238,25,3,2013,7,1,93,64,2,1,1,6,"11, LECLERC (RUE DU GENE",0.0,0.0
201300042239,30,3,2013,15,1,93,64,2,1,1,6,"317, BOISSIERE (BOULEVAR",0.0,0.0
201300042240,27,3,2013,14,1,93,64,2,1,1,6,"9, DE GAULLE (AV DU GENE",0.0,0.0
201300042241,16,4,2013,18,1,93,64,2,1,1,6,"00, PERI (BOULEVARD GABR",0.0,0.0
201300042242,19,4,2013,13,1,93,64,2,3,1,3,KENNEDY (AVENUE DU PRESI,0.0,0.0
201300042243,26,4,2013,19,5,93,64,2,1,2,7,"2, JAURES (AVENUE JEAN)",0.0,0.0
201300042244,28,4,2013,14,1,93,64,1,1,1,6,"1, NUNGESSER ET COLI (RU",0.0,0.0
201300042245,5,6,2013,8,1,93,64,2,1,1,6,"00, KENNEDY (AVENUE DU P",0.0,0.0
201300042246,8,6,2013,10,1,93,64,2,1,1,6,"00, WALESA (AVENUE LECH)",0.0,0.0
201300042247,11,6,2013,18,1,93,64,2,1,1,6,"25, BERTHAUDS (RUE DES)",0.0,0.0
201300042248,24,6,2013,17,1,93,64,2,1,1,6,"00, ALSACE-LORRAINE (BOU",0.0,0.0
201300042249,1,7,2013,14,1,93,64,2,1,1,6,"00, ALSACE-LORRAINE (BOU",0.0,0.0
201300042250,9,7,2013,16,1,93,64,2,1,1,6,"00, RHIN (RUE DU)",0.0,0.0
201300042251,10,7,2013,17,1,93,64,2,1,1,6,"12, PERI (BOULEVARD GABR",0.0,0.0