Num_Acc,jour,mois,an,hr,condition_eclairage,departement,commune,condition_agglomeration,intersection,condition_atmosphere,type_collision,adresse,lattitude,longitude
201300042252,18,7,2013,16,1,93,64,2,1,1,7,"00, PERI (BOULEVARD GABR",0.0,0.0
201300042253,24,7,2013,11,1,93,64,2,1,1,6,"4, LISBONNE (RUE DE)",0.0,0.0
201300042254,26,7,2013,6,2,93,64,2,1,1,6,"117, ALSACE-LORRAINE (BO",0.0,0.0
201300042255,11,8,2013,10,1,93,64,2,1,1,6,"16, LISBONNE (RUE DE)",0.0,0.0
201300042256,18,8,2013,12,1,93,64,2,1,1,7,"00, BLUM (RUE LEON)",0.0,0.0
201300042257,18,8,2013,16,1,93,64,2,1,1,6,"00, LECRIVAIN (PLACE EMI",0.0,0.0
201300042258,4,9,2013,17,1,93,64,2,1,1,6,"56, HOFFMANN (RUE PHILIB",0.0,0.0
201300042259,8,9,2013,20,5,93,64,2,2,1,6,"00, BEAULIEU (RUE EDOUAR",0.0,0.0
201300042260,9,9,2013,17,1,93,64,2,1,2,6,"00, PERI (BOULEVARD GABR",0.0,0.0
201300042261,11,9,2013,18,1,93,64,2,1,1,6,"51, DE GAULLE (AV DU GEN",0.0,0.0
201300042262,17,9,2013,22,5,93,64,2,1,1,6,"00, KENNEDY (AVENUE DU P",0.0,0.0
201300042263,20,9,2013,14,1,93,64,1,1,1,6,"00, BLUM (RUE LEON)",0.0,0.0
201300042264,28,9,2013,10,1,93,64,2,2,1,6,"00, KENNEDY (AVENUE DU P",0.0,0.0
201300042265,24,11,2013,1,5,93,64,2,1,1,3,JAURES (AVENUE JEAN),0.0,0.0
201300042266,10,10,2013,19,5,93,64,2,1,2,6,"00, ALSACE-LORRAINE (BOU",0.0,0.0
201300042267,3,12,2013,23,5,93,64,2,1,1,3,"78, DE GAULLE (AV DU GEN",0.0,0.0
201300042268,8,12,2013,7,5,93,64,2,1,1,6,"27, JAURES (AVENUE JEAN)",0.0,0.0
201300042269,11,10,2013,14,1,93,64,2,2,1,6,"00, ALSACE-LORRAINE (BOU",0.0,0.0
201300042270,8,12,2013,18,5,93,64,2,3,1,6,"00, BLUM (RUE LEON)",0.0,0.0
201300042271,16,12,2013,4,5,93,64,2,2,1,6,"00, CAVARE (RUE PAUL)",0.0,0.0
201300042272,16,12,2013,12,1,93,64,2,1,1,1,"31, LAVOISIER (RUE)",0.0,0.0
201300042273,12,10,2013,19,3,93,64,2,1,1,6,"118, KENNEDY (AVENUE DU",0.0,0.0
201300042274,17,10,2013,19,5,93,64,2,1,1,6,"00, BLUM (RUE LEON)",0.0,0.0
201300042275,19,10,2013,14,1,93,64,2,1,1,6,"5, LAENNEC (RUE)",0.0,0.0
201300042276,24,10,2013,15,1,93,64,2,1,1,6,"00, DE GAULLE (AV DU GEN",0.0,0.0
201300042277,21,10,2013,18,5,93,64,2,1,2,6,"98, DE GAULLE (AV DU GEN",0.0,0.0
201300042278,22,12,2013,13,1,93,64,1,1,2,2,"00, DE GAULLE (AV DU GEN",0.0,0.0
201300042279,29,11,2013,0,5,93,64,2,7,1,6,"00, GALLIENI (RUE DU GEN",0.0,0.0
201300042280,27,12,2013,9,1,93,64,2,1,2,2,"00, FERRY (RUE JULES)",0.0,0.0
201300042281,30,12,2013,12,1,93,64,2,3,1,6,"84, KENNEDY (AVENUE DU P",0.0,0.0
201300042282,1,1,2013,5,5,93,66,2,3,2,3,"102, CROISAT AMBROISE RD",0.0,0.0
201300042283,1,1,2013,12,1,93,66,2,3,1,3,RIMET JULES,0.0,0.0
201300042284,10,1,2013,16,1,93,66,2,1,2,3,PARIS (PORTE),0.0,0.0
201300042285,11,1,2013,18,4,93,66,2,9,2,6,FRUITIERS (CHEMIN),0.0,0.0
201300042286,18,1,2013,19,5,93,66,2,1,4,7,DROITS DE L'HOMME,0.0,0.0
201300042287,19,1,2013,22,5,93,66,2,1,4,1,"110, CROIZAT AMBROISE RD",0.0,0.0
201300042288,24,1,2013,10,1,93,66,2,1,1,3,CROIZAT AMBROISE RD 29 B,0.0,0.0
201300042289,29,1,2013,0,5,93,66,2,1,1,3,COURNEUVE (ROUTE),0.0,0.0
201300042290,1,2,2013,9,1,93,66,2,1,2,6,PLEYEL,0.0,0.0
201300042291,3,2,2013,7,2,93,66,2,1,1,3,"""BARBUSSE HENRI, NR 2 A",0.0,0.0
201300042292,5,2,2013,0,5,93,66,2,1,1,6,23 AV LENINE,0.0,0.0
201300042293,6,2,2013,8,1,93,66,2,1,2,3,"234, WILSON (AVENUE DU P",0.0,0.0
201300042294,10,2,2013,16,1,93,66,2,2,4,3,MARECHAL LYAUTEY,0.0,0.0
201300042295,19,2,2013,6,5,93,39,2,1,8,6,"237, PAUL MARCEL (BOULEV",0.0,0.0
201300042296,19,2,2013,13,1,93,66,2,1,7,6,"4, STADE DE FRANCE (AVEN",0.0,0.0
201300042297,28,2,2013,16,1,93,66,2,1,1,6,LAMAZE DOCTEUR,0.0,0.0
201300042298,2,3,2013,20,5,93,39,1,2,1,2,EPINAY (AVENUE DU PONT D,0.0,0.0
201300042299,2,3,2013,20,5,93,66,2,6,1,2,MOULIN JEAN (AVE) NR 10,0.0,0.0
201300042300,4,3,2013,10,1,93,66,2,1,1,2,FRANCE ANATOLE (BOULEVAR,0.0,0.0
201300042301,4,3,2013,19,5,93,39,2,1,1,7,MECHIN,0.0,0.0
201300042302,9,3,2013,18,5,93,66,2,3,1,6,"18, ""PERI GABRIEL, NR 2",0.0,0.0
201300042303,15,3,2013,18,2,93,66,2,2,1,3,JOLIOT CURIE IRENE ET FR,0.0,0.0
201300042304,15,3,2013,20,5,93,66,2,3,1,3,LIBERATION RD14 (BOULEVA,0.0,0.0
201300042305,23,3,2013,16,1,93,66,2,1,1,3,"67, ""STRASBOURG, NR 1 A",0.0,0.0
201300042306,25,3,2013,12,1,93,66,2,1,1,1,CROISAT AMBROISE RD 29 B,0.0,0.0
201300042307,28,3,2013,11,1,93,66,2,2,1,7,"1, COKERIE",0.0,0.0
201300042308,28,3,2013,22,5,93,66,1,1,1,4,"44, LENINE (AVENUE) NR 2",0.0,0.0
201300042309,29,3,2013,10,1,93,66,2,1,1,3,LIBERATION RD14 (BOULEVA,0.0,0.0
201300042310,29,3,2013,20,5,93,66,2,2,1,3,PORT,0.0,0.0
201300042311,29,3,2013,21,5,93,66,2,3,1,3,EL OUAFI HAMED BOUGERA,0.0,0.0
201300042312,31,3,2013,15,1,93,66,2,1,1,6,"11, ELUARD PAUL NR 2 A 3",0.0,0.0
201300042313,28,3,2013,21,5,93,66,2,1,1,6,PLOUICH,0.0,0.0
201300042314,1,4,2013,15,1,93,66,2,1,1,6,"26, COLONEL FABIEN (AVEN",0.0,0.0
201300042315,1,4,2013,23,5,93,39,2,1,1,7,MECHIN,0.0,0.0
201300042316,2,4,2013,8,1,93,66,2,1,1,2,"25, LIBERATION RD14 (BOU",0.0,0.0
201300042317,30,3,2013,7,1,93,66,2,1,8,2,"41, WILSON (AVENUE DU PR",0.0,0.0
201300042318,6,4,2013,22,5,93,66,2,1,1,3,"380, WILSON (AVENUE DU P",0.0,0.0
201300042319,7,4,2013,18,1,93,66,2,8,1,3,"7, RU DE MONTFORT (CHEMI",0.0,0.0
201300042320,8,4,2013,8,1,93,66,2,1,1,3,"19 BIS, AUBERVILLIERS (C",0.0,0.0
201300042321,8,4,2013,11,1,93,66,2,1,1,7,108 AV DU PRESIDENT WIL,0.0,0.0
201300042322,8,4,2013,14,1,93,66,2,1,1,2,CACHIN MARCEL (AVENUE),0.0,0.0
201300042323,8,4,2013,17,1,93,66,2,6,1,6,DELAUNAY JULES,0.0,0.0
201300042324,9,4,2013,19,2,93,66,2,1,1,6,69 LENINE (AVENUE) NR 2,0.0,0.0
201300042325,12,4,2013,8,1,93,66,2,1,1,6,"173, WILSON (AVENUE DU P",0.0,0.0
201300042326,12,4,2013,21,5,93,66,2,1,2,3,"33, FRANCE ANATOLE ENTRE",0.0,0.0
201300042327,14,4,2013,10,1,93,66,2,1,1,6,86 WILSON (AVENUE DU PR,0.0,0.0
201300042328,17,4,2013,13,1,93,66,2,1,1,1,"6, SEMAT ROGER",0.0,0.0
201300042329,20,4,2013,20,2,93,66,2,1,1,3,"41, FRANCE ANATOLE (BOUL",0.0,0.0
201300042330,22,4,2013,19,1,93,66,2,1,1,6,"41, GUYNEMER",0.0,0.0
201300042331,26,4,2013,8,1,93,66,2,1,1,6,"10, ""STALINGRAND (AV), N",0.0,0.0
201300042332,26,4,2013,17,1,93,66,2,1,2,6,FAURE FELIX (BOULEVARD),0.0,0.0
201300042333,27,4,2013,20,1,93,66,2,3,1,3,METALLURGIE (AVENUE),0.0,0.0
201300042334,4,5,2013,14,1,93,66,2,1,1,2,ELUARD PAUL - AUTRES,0.0,0.0
201300042335,7,5,2013,11,1,93,66,2,1,1,2,LIBERATION RD14 (BOULEVA,0.0,0.0
201300042336,9,5,2013,15,1,93,66,2,1,1,1,"39, ""STALINGRAD (AVENUE)",0.0,0.0
201300042337,11,5,2013,9,1,93,66,2,1,2,5,LENINE (AVENUE) NR 2 A 2,0.0,0.0
201300042338,13,5,2013,11,1,93,66,2,1,1,3,"33, FRANCE ANATOLE (BOUL",0.0,0.0
201300042339,13,5,2013,19,1,93,66,2,2,1,3,MITERRAND FRANCOIS (AVEN,0.0,0.0
201300042340,15,5,2013,8,1,93,66,2,2,1,6,"86, ""LANDY RD 20, NR PAI",0.0,0.0
201300042341,15,5,2013,22,5,93,66,2,2,1,3,GORKI MAXIME,0.0,0.0
201300042342,16,5,2013,16,1,93,66,2,3,2,3,WILSON (AVENUE DU PRESID,0.0,0.0
201300042343,17,5,2013,15,1,93,66,2,1,1,6,"133, WILSON (AVENUE DU P",0.0,0.0
201300042344,18,5,2013,17,1,93,66,1,9,8,6,"99, CASANOVA DANIELLE NR",0.0,0.0
201300042345,19,5,2013,18,1,93,66,2,3,1,3,MONTMORENCY,0.0,0.0
201300042346,21,5,2013,8,1,93,66,2,2,3,3,POULBOT FRANCISQUE,0.0,0.0
201300042347,22,5,2013,15,1,93,66,2,2,1,3,WILSON (AVENUE DU PRESID,0.0,0.0
201300042348,22,5,2013,18,1,93,66,2,3,1,6,"BARBUSSE HENRI, NR 2 A",0.0,0.0
201300042349,24,5,2013,11,1,93,66,2,3,2,2,CROIZAT AMBROISE RD 29 B,0.0,0.0
201300042350,24,5,2013,18,1,93,66,2,1,2,2,BRICHE NR 2 A 38,0.0,0.0
201300042351,25,5,2013,7,1,93,66,2,1,2,7,FRANCE ANATOLE ENTREE A8,0.0,0.0
201300042352,28,5,2013,21,2,93,66,2,3,1,6,FRANCE ANATOLE ENTREE A1,0.0,0.0
201300042353,29,5,2013,10,1,93,66,2,2,1,3,"""PERI GABRIEL, NR 2  A 1",0.0,0.0
201300042354,30,5,2013,13,1,93,66,2,1,2,2,CACHIN MARCEL (AVENUE),0.0,0.0
201300042355,30,5,2013,17,1,93,66,2,1,2,1,"70, FRANCE ANATOLE (BOUL",0.0,0.0
201300042356,4,6,2013,9,1,93,39,2,1,1,6,"04, CHATELIER (QUAI DU )",0.0,0.0
201300042357,5,6,2013,20,1,93,66,2,1,1,6,THOREZ MAURICE NR 2 A 10,0.0,0.0
201300042358,8,6,2013,17,1,93,66,2,1,1,3,"38, BRICHE NR 2 A 38",0.0,0.0
201300042359,8,6,2013,17,1,93,66,2,1,1,6,GENERAL DE GAULLE,0.0,0.0
201300042360,8,6,2013,21,2,93,66,2,1,1,3,FORT DE LA BRICHE,0.0,0.0
201300042361,10,6,2013,19,1,93,66,2,1,1,5,LIBERATION RD14 (BOULEVA,0.0,0.0
201300042362,13,6,2013,14,1,93,66,2,1,2,6,"55, ORNANO (BOULEVARD)",0.0,0.0
201300042363,17,6,2013,16,1,93,66,2,1,1,3,"40, ""STALINGRAND (AV), N",0.0,0.0
201300042364,17,6,2013,17,1,93,66,2,2,2,3,FARADAY MICHAEL,0.0,0.0
201300042365,18,6,2013,16,1,93,66,2,1,1,3,"60, LENINE (AVENUE) NR 2",0.0,0.0
201300042366,18,6,2013,16,1,93,66,2,7,1,6,BEL AIR (PLACE),0.0,0.0
201300042367,19,6,2013,8,1,93,66,2,3,2,3,LIBERATION RD14 (BOULEVA,0.0,0.0
201300042368,19,6,2013,21,1,93,66,2,3,8,3,"6, GUYNEMER",0.0,0.0
201300042369,20,6,2013,17,1,93,66,2,3,1,6,"8, MICHELS CHARLES",0.0,0.0
201300042370,21,6,2013,19,2,93,66,2,1,1,2,POULBOT FRANCISQUE,0.0,0.0
201300042371,23,6,2013,12,1,93,66,2,2,2,1,LENINE (AVENUE) NR 28 A,0.0,0.0
201300042372,23,6,2013,16,1,93,66,2,1,2,6,"2, ""STALINGRAD (AVENUE),",0.0,0.0
201300042373,24,6,2013,17,1,93,66,2,1,1,6,"62, ""BARBUSSE HENRI, NR",0.0,0.0
201300042374,24,6,2013,21,1,93,39,2,1,1,6,"6/8, MECHIN",0.0,0.0
201300042375,1,7,2013,8,1,93,66,2,1,1,6,"109, ""LIBERATION RD14, N",0.0,0.0
201300042376,3,7,2013,9,1,93,66,2,3,2,3,"STALINGRAD (AVENUE), NR",0.0,0.0
201300042377,5,7,2013,8,1,93,39,2,1,1,1,CHATELIER (QUAI DU ),0.0,0.0
201300042378,5,7,2013,17,1,93,66,2,2,1,3,"""LIBERATION RD14, NR 105",0.0,0.0
201300042379,6,7,2013,19,1,93,66,2,1,1,3,"11, COLONEL FABIEN (AVEN",0.0,0.0
201300042380,10,7,2013,4,5,93,66,2,9,1,3,LAS CASAS (ALLEE),0.0,0.0
201300042381,11,7,2013,16,1,93,66,2,1,1,6,"96, FRANCE ANATOLE (BOUL",0.0,0.0
201300042382,11,7,2013,19,1,93,66,2,2,1,3,PASTEUR,0.0,0.0
201300042383,12,7,2013,13,1,93,66,2,3,1,3,COKERIE,0.0,0.0
201300042384,18,7,2013,14,1,93,66,2,1,1,2,FRANCE ANATOLE ENTREE A8,0.0,0.0
201300042385,18,7,2013,17,1,93,66,2,1,1,3,"35, FRANCE ANATOLE (BOUL",0.0,0.0
201300042386,18,7,2013,20,1,93,39,2,1,1,1,PAUL MARCEL (BOULEVARD),0.0,0.0
201300042387,19,7,2013,16,1,93,66,2,1,1,5,BRICHE NR 2 A 38,0.0,0.0
201300042388,19,7,2013,18,1,93,66,2,1,1,3,FRANCE ANATOLE (BOULEVAR,0.0,0.0
201300042389,20,7,2013,18,1,93,66,2,1,1,6,"4, RESISTANCE (PLACE)",0.0,0.0
201300042390,23,7,2013,8,1,93,66,2,1,1,6,STADE DE FRANCE (AVENUE,0.0,0.0
201300042391,24,7,2013,20,1,93,66,2,2,1,3,JOLIOT CURIE IRENE ET FR,0.0,0.0
201300042392,25,7,2013,16,1,93,39,2,1,1,7,QU DE LA MARINE (Parc),0.0,0.0
201300042393,26,7,2013,20,2,93,66,2,1,1,1,"""SEMBAT MARCEL (BD), NR",0.0,0.0
201300042394,27,7,2013,3,5,93,66,2,1,1,3,ANDILLY,0.0,0.0
201300042395,27,7,2013,13,1,93,66,2,1,1,6,"32, ""LANDY RD 20, NR PAI",0.0,0.0
201300042396,31,7,2013,9,1,93,66,2,1,9,3,POULBOT FRANCISQUE,0.0,0.0
201300042397,31,7,2013,16,1,93,39,2,1,1,7,CHATELIER (QUAI DU ),0.0,0.0
201300042398,1,8,2013,9,1,93,66,2,4,1,3,", AMPERE",0.0,0.0
201300042399,4,8,2013,8,1,93,66,2,3,1,6,EL OUAFI HAMED BOUGERA,0.0,0.0
201300042400,4,8,2013,20,1,93,72,2,2,1,3,"01, STALINGRAD (Avenue)",0.0,0.0
201300042401,12,8,2013,7,2,93,66,2,1,1,6,"34, WILSON (AVENUE DU PR",0.0,0.0
201300042402,13,8,2013,20,2,93,66,2,1,1,1,"20, JAMIN",0.0,0.0
201300042403,15,8,2013,13,1,93,66,2,1,1,3,WILSON (AVENUE DU PRESID,0.0,0.0
201300042404,16,8,2013,14,1,93,66,2,1,1,6,"47 STRASBOURG, NR 36 E",0.0,0.0
201300042405,24,8,2013,13,1,93,66,2,1,1,3,"33, FRANCE ANATOLE ENTRE",0.0,0.0
201300042406,25,8,2013,2,5,93,66,2,1,3,1,"6, CACHIN MARCEL (AVENUE",0.0,0.0
201300042407,26,8,2013,19,1,93,66,2,9,1,2,"150, WILSON (AVENUE DU P",0.0,0.0
201300042408,4,9,2013,13,1,93,66,2,1,1,6,"05, JAURES JEAN",0.0,0.0
201300042409,5,9,2013,11,1,93,66,2,1,1,2,"193, WILSON (AVENUE DU P",0.0,0.0
201300042410,5,9,2013,13,1,93,66,2,1,1,7,"70, FRANCE ANATOLE (BOUL",0.0,0.0
201300042411,5,9,2013,21,2,93,66,2,1,1,5,"7, JOLIOT CURIE IRENE ET",0.0,0.0
201300042412,9,9,2013,12,1,93,66,2,1,3,2,"30, PHILIPPE GASTON",0.0,0.0
201300042413,10,9,2013,13,1,93,66,2,1,1,1,"74, ""STALINGRAND (AV), N",0.0,0.0
201300042414,11,9,2013,16,1,93,66,2,2,2,6,"168, WILSON (AVENUE DU P",0.0,0.0
201300042415,17,9,2013,19,1,93,39,2,1,2,6,MARINE (QUAI DE LA ),0.0,0.0
201300042416,17,9,2013,23,5,93,66,2,1,2,2,"58, ""STALINGRAND (AV), N",0.0,0.0
201300042417,18,9,2013,20,5,93,66,2,1,2,5,WILSON (AVENUE DU PRESID,0.0,0.0
201300042418,20,9,2013,8,1,93,66,2,1,1,6,COMPIEGNE,0.0,0.0
201300042419,20,9,2013,14,1,93,66,2,1,1,3,"226, FRANCE ANATOLE (BOU",0.0,0.0
201300042420,20,9,2013,17,1,93,66,2,2,1,3,"23, ANDILLY",0.0,0.0
201300042421,22,9,2013,14,1,93,66,2,1,1,3,MARECHAL LYAUTEY,0.0,0.0
201300042422,22,9,2013,13,1,93,66,1,1,1,6,"94, VAILLANT COUTURIER P",0.0,0.0
201300042423,24,9,2013,14,1,93,66,2,1,1,6,"10, ""BARBUSSE HENRI, NR",0.0,0.0
201300042424,25,9,2013,19,2,93,66,2,1,1,3,"11, COLONEL FABIEN (AVEN",0.0,0.0
201300042425,26,9,2013,19,1,93,66,2,1,1,3,"PERI GABRIEL, NR 116 A",0.0,0.0
201300042426,27,9,2013,19,5,93,66,2,1,1,6,PASTEUR,0.0,0.0
201300042427,28,9,2013,8,1,93,66,2,3,1,3,88 VAILLANT COUTURIER P,0.0,0.0
201300042428,28,9,2013,19,5,93,66,1,1,1,5,LAMAZE DOCTEUR,0.0,0.0
201300042429,2,10,2013,9,1,93,66,2,1,1,6,STADE DE FRANCE (AVENUE,0.0,0.0
201300042430,2,10,2013,14,1,93,66,2,1,1,3,"101, CASANOVA DANIELLE N",0.0,0.0
201300042431,2,10,2013,13,1,93,66,2,2,1,3,POULBOT FRANCISQUE,0.0,0.0
201300042432,4,10,2013,19,1,93,66,2,1,1,3,10 MOULIN JEAN (AVE) NR,0.0,0.0
201300042433,7,10,2013,19,5,93,66,2,1,1,3,"""STALINGRAND (AV), NR 2-",0.0,0.0
201300042434,8,10,2013,12,1,93,66,2,1,1,3,"2, CHARLES CHRISTOFLE",0.0,0.0
201300042435,8,10,2013,22,5,93,66,2,1,1,6,"37, PLEYEL",0.0,0.0
201300042436,10,10,2013,10,1,93,66,2,1,1,2,"10, COLONEL FABIEN (AVEN",0.0,0.0
201300042437,11,10,2013,9,1,93,66,2,1,2,6,"03, PRESSENCE FRANCIS (A",0.0,0.0
201300042438,14,10,2013,8,1,93,66,2,2,1,1,CASANOVA DANIELLE NR 2 A,0.0,0.0
201300042439,15,10,2013,16,1,93,66,2,3,1,7,SEVRAN,0.0,0.0
201300042440,16,10,2013,19,1,93,66,2,1,2,6,FRUITIERS (CHEMIN),0.0,0.0
201300042441,17,10,2013,15,1,93,66,2,1,1,3,"100, ""BARBUSSE HENRI, NR",0.0,0.0
201300042442,17,10,2013,17,1,93,66,2,1,1,3,COURNEUVE (ROUTE),0.0,0.0
201300042443,21,10,2013,16,1,93,66,2,4,1,6,"17, CASANOVA DANIELLE NR",0.0,0.0
201300042444,24,10,2013,21,5,93,66,2,1,1,3,CROIZAT AMBROISE RD 29 B,0.0,0.0
201300042445,26,10,2013,14,1,93,66,2,2,1,6,STALINGRAD (AVENUE) NR,0.0,0.0
201300042446,27,10,2013,15,1,93,66,2,1,1,3,CITE PAUL ELUARD,0.0,0.0
201300042447,25,10,2013,17,1,93,66,2,1,3,2,CROISAT AMBROISE RD 29 B,0.0,0.0
201300042448,29,10,2013,8,1,93,66,2,2,1,3,METALLURGIE (AVENUE),0.0,0.0
201300042449,29,10,2013,18,2,93,66,2,1,2,3,JAURES JEAN,0.0,0.0
201300042450,29,10,2013,18,3,93,66,2,1,1,1,ELUARD PAUL NR 2 A 36 ET,0.0,0.0
201300042451,30,10,2013,9,1,93,66,2,2,1,3,"70/92, FRANCE ANATOLE (B",0.0,0.0
201300042452,31,10,2013,19,5,93,66,2,1,2,6,"2, CACHIN MARCEL (AVENUE",0.0,0.0
201300042453,1,11,2013,18,3,93,66,2,1,3,2,WILSON (AVENUE DU PRESID,0.0,0.0
201300042454,2,11,2013,14,1,93,66,2,1,1,2,"2, ELUARD PAUL NR 2 A 36",0.0,0.0
201300042455,4,11,2013,9,1,93,66,2,1,2,6,"""STALINGRAND (AV), NR 2-",0.0,0.0
201300042456,4,11,2013,22,5,93,66,2,2,1,3,VILLIERS,0.0,0.0
201300042457,6,11,2013,21,5,93,66,2,1,1,2,WILSON (AVENUE DU PRESID,0.0,0.0
201300042458,8,11,2013,15,1,93,66,2,1,2,6,BLOCK JEAN RICHARD,0.0,0.0
201300042459,9,11,2013,21,5,93,66,2,1,2,3,VAILLANT COUTURIER PAUL,0.0,0.0
201300042460,10,11,2013,18,5,93,39,2,1,1,6,MARINE (QUAI DE LA ),0.0,0.0
201300042461,12,11,2013,11,1,93,39,2,1,1,1,MARINE (QUAI DE LA ),0.0,0.0
201300042462,13,11,2013,21,3,93,66,2,1,1,6,BRICHE NR 69 A 77,0.0,0.0
201300042463,21,11,2013,11,1,93,66,2,1,1,6,"15-17, SAINT EXUPERY ANT",0.0,0.0
201300042464,27,11,2013,12,1,93,66,2,1,1,3,"11, CASANOVA DANIELLE NR",0.0,0.0
201300042465,29,11,2013,6,2,93,66,2,3,1,6,FRANCE ANATOLE (BOULEVAR,0.0,0.0
201300042466,30,11,2013,12,1,93,66,2,1,1,6,LAMAZE DOCTEUR,0.0,0.0
201300042467,4,12,2013,14,1,93,66,2,1,1,6,"123, WILSON (AVENUE DU P",0.0,0.0
201300042468,4,12,2013,16,2,93,66,2,1,1,3,ELUARD PAUL NR 2 A 36 ET,0.0,0.0
201300042469,4,12,2013,17,2,93,66,2,2,1,6,"2, ""POULLAIN AUGUSTE, NR",0.0,0.0
201300042470,5,12,2013,8,1,93,66,1,4,1,1,FRANCE ANATOLE (BOULEVAR,0.0,0.0
201300042471,6,12,2013,20,5,93,66,2,1,1,6,WILSON (AVENUE DU PRESID,0.0,0.0
201300042472,16,11,2013,3,5,93,66,2,1,8,6,"5, SEMAT ROGER",0.0,0.0
201300042473,10,12,2013,17,2,93,66,2,3,1,6,"1, HAYDN",0.0,0.0
201300042474,10,12,2013,20,5,93,66,2,1,1,6,"25, LANDY RD 20, NR IMP",0.0,0.0
201300042475,11,12,2013,15,1,93,66,2,3,1,6,GENERAL DE GAULLE,0.0,0.0
201300042476,15,12,2013,19,5,93,66,2,1,1,6,"165, FRANCE ANATOLE (BOU",0.0,0.0
201300042477,16,12,2013,12,1,93,66,2,1,1,6,"62, HUGUES CLOVIS",0.0,0.0
201300042478,17,12,2013,9,1,93,39,2,3,1,3,CHATELIER (QUAI DU ),0.0,0.0
201300042479,17,12,2013,18,5,93,66,2,1,1,3,"78/80, WILSON (AVENUE DU",0.0,0.0
201300042480,18,12,2013,12,1,93,66,2,1,1,6,"01, ""STRASBOURG, NR 1 A",0.0,0.0
201300042481,21,12,2013,17,5,93,66,2,2,1,6,BERNE,0.0,0.0
201300042482,21,12,2013,20,3,93,66,2,9,1,3,COURNEUVE (ROUTE),0.0,0.0
201300042483,22,12,2013,19,5,93,66,2,4,1,6,"3, ""PERI GABRIEL, NR 2",0.0,0.0
201300042484,23,12,2013,17,4,93,39,2,1,2,6,"9, CHATELIER (QUAI DU )",0.0,0.0
201300042485,24,12,2013,19,5,93,66,2,1,2,6,STADE DE FRANCE (AVENUE,0.0,0.0
201300042486,24,12,2013,19,3,93,66,2,1,3,6,POULBOT FRANCISQUE,0.0,0.0
201300042487,3,1,2013,9,1,93,70,2,1,2,6,"1, MICHELET (AVE) : DU 1",0.0,0.0
201300042488,8,1,2013,16,1,93,70,2,3,1,6,FRAYCE (AV),0.0,0.0
201300042489,10,1,2013,12,1,93,70,2,1,2,3,VICTOR-HUGO (BD),0.0,0.0
201300042490,12,1,2013,22,5,93,70,2,1,2,6,"122, VICTOR-HUGO (BD)",0.0,0.0
201300042491,16,1,2013,14,1,93,70,2,1,1,6,"73, GABRIEL-PERI (AV)",0.0,0.0
201300042492,17,1,2013,7,5,93,70,2,1,1,6,DORA MAAR (RUE),0.0,0.0
201300042493,19,1,2013,20,3,93,70,2,1,4,6,"64, CAPITAINE-GLARNER (A",0.0,0.0
201300042494,25,1,2013,20,5,93,70,2,1,1,6,ALBERT-DHALENNE (RUE),0.0,0.0
201300042495,31,1,2013,20,5,93,70,2,1,1,4,"89, MICHELET (AVE) : DU",0.0,0.0
201300042496,2,2,2013,15,1,93,70,2,3,2,3,"04, MICHELET (AVE) : DU",0.0,0.0
201300042497,4,2,2013,11,1,93,70,2,1,2,3,"05, GABRIEL-PERI (AV)",0.0,0.0
201300042498,6,2,2013,7,2,93,70,2,1,3,1,SEINE (QUAI DE),0.0,0.0
201300042499,7,2,2013,13,1,93,70,2,1,1,6,"96, ROSIERS(DES) : APRES",0.0,0.0
201300042500,13,2,2013,6,5,93,70,2,1,1,3,"24, MICHELET (AVE) : DU",0.0,0.0
201300042501,13,2,2013,17,1,93,70,2,3,1,3,", GABRIEL-PERI (AV)",0.0,0.0
201300042502,19,2,2013,16,1,93,70,2,1,1,2,SEINE (QUAI DE),0.0,0.0
201300042503,20,2,2013,18,2,93,70,2,1,1,2,"8 bis, JEAN-JAURES (BD)",0.0,0.0
201300042504,21,2,2013,18,5,93,70,2,1,1,6,"86, GABRIEL-PERI (AV)",0.0,0.0
201300042505,21,2,2013,20,5,93,70,2,1,1,3,"67, MICHELET(AV):N?1AU 1",0.0,0.0
201300042506,15,3,2013,11,1,93,70,2,1,1,3,"98, ARDOIN(RUE)",0.0,0.0
201300042507,16,3,2013,14,1,93,70,2,2,8,6,GABRIEL-PERI (AV),0.0,0.0
201300042508,16,3,2013,15,1,93,70,2,1,1,6,"103, ACHILLE (RUE)",0.0,0.0
201300042509,20,3,2013,21,5,93,70,2,2,8,3,"76, DOCTEUR BAUER(RUE DU",0.0,0.0
201300042510,22,3,2013,16,1,93,70,2,1,1,3,"64, CAPITAINE-GLARNER (A",0.0,0.0
201300042511,24,3,2013,21,3,93,70,2,1,1,6,"158, ROSIERS(DES) : APRE",0.0,0.0
201300042512,11,4,2013,7,1,93,70,2,1,2,7,"32, GABRIEL-PERI (AV)",0.0,0.0
201300042513,15,4,2013,12,1,93,70,2,1,1,6,"2, REPUBLIQUE (PL DE LA)",0.0,0.0
201300042514,17,4,2013,8,1,93,70,2,1,1,3,"1, PALOUZIE(RUE)",0.0,0.0
201300042515,18,4,2013,16,1,93,70,2,7,1,7,REPUBLIQUE (PL DE LA),0.0,0.0
201300042516,18,4,2013,22,5,93,70,2,9,1,6,"30, DOCTEUR BAUER(RUE DU",0.0,0.0
201300042517,28,4,2013,11,1,93,70,2,1,1,3,"124, MICHELET(AV):N?1AU",0.0,0.0
201300042518,29,4,2013,11,1,93,70,2,1,1,1,"43, GABRIEL-PERI (AV)",0.0,0.0
201300042519,21,3,2013,23,5,93,70,2,1,1,6,"25, ENTREPOTS (RUE DES)",0.0,0.0
201300042520,5,5,2013,15,1,93,70,2,9,1,3,"100, VICTOR-HUGO (BD)",0.0,0.0
201300042521,25,5,2013,17,1,93,70,2,1,1,1,86 GABRIEL-PERI (AV),0.0,0.0
201300042522,26,5,2013,8,1,93,70,2,2,1,3,ROSIERS(DES) :N? 1 AU 59,0.0,0.0
201300042523,14,6,2013,15,1,93,70,2,1,1,6,DOCTEUR BAUER(RUE DU) :N,0.0,0.0
201300042524,7,6,2013,0,5,93,70,2,3,1,3,"59, ALBERT-DHALENNE (RUE",0.0,0.0
201300042525,8,6,2013,20,1,93,70,2,1,1,3,"46, MATHIEU(RUE)",0.0,0.0
201300042526,10,6,2013,19,1,93,70,2,3,1,7,PIERRE(RUE),0.0,0.0