Num_Acc,jour,mois,an,hr,condition_eclairage,departement,commune,condition_agglomeration,intersection,condition_atmosphere,type_collision,adresse,lattitude,longitude
201300042527,16,6,2013,12,1,93,70,2,1,1,3,"2, CAPITAINE GLARNER (PL",0.0,0.0
201300042528,17,6,2013,19,1,93,70,2,1,1,6,"06, JEAN-JAURES (BD)",0.0,0.0
201300042529,18,6,2013,20,1,93,70,2,1,1,3,"61, MICHELET (AVE) : DU",0.0,0.0
201300042530,19,6,2013,19,1,93,70,2,2,8,3,"27, PAUL-BERT(RUE)",0.0,0.0
201300042531,1,6,2013,1,5,93,70,2,1,1,2,GABRIEL-PERI (AV),0.0,0.0
201300042532,22,6,2013,17,1,93,70,2,1,8,3,"17 bis, BACHELET (RUE AL",0.0,0.0
201300042533,26,6,2013,21,1,93,70,2,7,1,3,REPUBLIQUE (PL DE LA),0.0,0.0
201300042534,3,7,2013,8,1,93,70,2,4,2,7,"139, MICHELET (AVE) : DU",0.0,0.0
201300042535,4,7,2013,4,5,93,70,2,1,1,2,"13, GABRIEL-PERI (AV)",0.0,0.0
201300042536,6,7,2013,13,1,93,70,2,1,1,6,1 PROFESSEUR-GOSSET,0.0,0.0
201300042537,10,7,2013,2,4,93,70,2,1,1,6,"1, SEINE (QUAI DE)",0.0,0.0
201300042538,12,7,2013,9,1,93,70,2,1,1,3,"70, GABRIEL-PERI (AV)",0.0,0.0
201300042539,15,7,2013,19,1,93,70,2,1,1,3,"10, CAPITAINE-GLARNER (A",0.0,0.0
201300042540,24,7,2013,5,2,93,70,2,1,8,1,"36, SEINE (QUAI DE)",0.0,0.0
201300042541,26,7,2013,10,1,93,70,2,1,2,6,"57, GABRIEL-PERI (AV)",0.0,0.0
201300042542,1,8,2013,17,1,93,70,2,4,1,2,"6, REPUBLIQUE (PL DE LA)",0.0,0.0
201300042543,8,8,2013,8,1,93,70,2,1,1,7,7 SAINT-DENIS(RUE),0.0,0.0
201300042544,25,7,2013,0,3,93,70,2,4,1,6,GABRIEL-PERI (AV),0.0,0.0
201300042545,16,8,2013,15,1,93,70,2,3,1,3,"61, ADRIEN-LESESNE (RUE)",0.0,0.0
201300042546,19,8,2013,22,3,93,70,2,1,1,7,SEINE (QUAI DE),0.0,0.0
201300042547,2,9,2013,16,1,93,70,2,1,1,3,"01, ALBERT-DHALENNE (RUE",0.0,0.0
201300042548,3,9,2013,20,1,93,70,2,1,1,6,"92, DOCTEUR BAUER(RUE DU",0.0,0.0
201300042549,4,9,2013,9,1,93,70,2,1,1,7,75 GABRIEL-PERI (AV),0.0,0.0
201300042550,10,9,2013,22,5,93,70,2,1,1,3,"144, GABRIEL-PERI (AV)",0.0,0.0
201300042551,12,9,2013,17,1,93,70,2,3,2,2,GABRIEL-PERI (AV),0.0,0.0
201300042552,15,9,2013,23,5,93,70,2,2,2,6,DULCIE SEPTEMBER (RUE),0.0,0.0
201300042553,16,9,2013,15,1,93,70,2,1,2,3,"81, ALBERT-DHALENNE (RUE",0.0,0.0
201300042554,17,9,2013,12,1,93,70,2,2,1,3,"89, VICTOR-HUGO (BD)",0.0,0.0
201300042555,20,9,2013,16,1,93,70,2,1,1,6,"15, GABRIEL-PERI (AV)",0.0,0.0
201300042556,2,10,2013,15,1,93,70,2,1,1,3,VICTOR-HUGO (BD),0.0,0.0
201300042557,3,10,2013,12,1,93,70,2,1,1,6,"80, ROSIERS(DES) : APRES",0.0,0.0
201300042558,3,10,2013,15,1,93,70,2,1,1,6,VICTOR-HUGO (BD),0.0,0.0
201300042559,10,10,2013,7,2,93,70,2,1,1,5,CAPITAINE-GLARNER (AV),0.0,0.0
201300042560,15,10,2013,18,1,93,70,2,2,1,1,ALBERT-DHALENNE (RUE),0.0,0.0
201300042561,3,10,2013,22,5,93,70,2,2,2,1,SAINT-DENIS(RUE),0.0,0.0
201300042562,15,10,2013,16,1,93,70,2,1,1,6,"42, KLEBER(RUE)",0.0,0.0
201300042563,5,11,2013,7,1,93,70,2,3,2,3,MICHELET(AV):N?1AU 103,0.0,0.0
201300042564,5,11,2013,10,1,93,70,2,1,2,3,"9, MICHELET (AVE) : DU 1",0.0,0.0
201300042565,5,11,2013,16,2,93,70,2,2,2,6,BERT (RUE PAUL),0.0,0.0
201300042566,8,11,2013,11,1,93,70,2,1,2,3,"10, FRUCTIDOR(RUE)",0.0,0.0
201300042567,13,11,2013,19,4,93,70,2,1,1,6,JEAN-JAURES (BD),0.0,0.0
201300042568,14,11,2013,11,1,93,70,2,1,2,2,"94, VICTOR-HUGO (BD)",0.0,0.0
201300042569,20,11,2013,18,5,93,70,2,1,3,6,"16, GABRIEL-PERI (AV)",0.0,0.0
201300042570,20,11,2013,18,5,93,70,2,1,2,7,"1, SAINT-DENIS(RUE)",0.0,0.0
201300042571,20,11,2013,18,4,93,70,2,1,3,6,"136, GABRIEL-PERI (AV)",0.0,0.0
201300042572,20,11,2013,21,5,93,70,2,4,2,6,"116, GABRIEL-PERI (AV)",0.0,0.0
201300042573,22,11,2013,22,5,93,70,2,2,1,3,"1, MICHELET (AVE) : DU 1",0.0,0.0
201300042574,24,11,2013,19,5,93,70,2,1,1,3,"127, VICTOR-HUGO (BD)",0.0,0.0
201300042575,28,11,2013,8,1,93,70,2,1,1,3,"89, ARDOIN(RUE)",0.0,0.0
201300042576,29,11,2013,18,5,93,70,2,1,2,6,"66, JEAN-JAURES (BD)",0.0,0.0
201300042577,15,12,2013,15,1,93,70,2,1,7,3,VICTOR-HUGO (BD),0.0,0.0
201300042578,17,12,2013,18,2,93,70,2,1,1,6,32 GODILLOT(RUE),0.0,0.0
201300042579,18,12,2013,13,1,93,70,2,1,1,3,SEINE (QUAI DE),0.0,0.0
201300042580,18,12,2013,19,2,93,70,2,1,1,3,"61, MICHELET(AV):N?1AU 1",0.0,0.0
201300042581,19,12,2013,9,1,93,70,2,1,1,6,SAINT-DENIS(RUE),0.0,0.0
201300042582,19,12,2013,13,1,93,70,2,3,2,3,"1, VICTOR-HUGO (BD)",0.0,0.0
201300042583,19,12,2013,19,5,93,70,2,1,1,3,"45, MICHELET (AVE) : DU",0.0,0.0
201300042584,29,12,2013,20,5,93,70,2,1,1,6,"45, DEBAIN(RUE)",0.0,0.0
201300042585,30,12,2013,20,5,93,70,2,2,2,3,JEAN-JAURES (BD),0.0,0.0
201300042586,6,4,2013,17,1,93,71,2,1,1,3,68 AULNAY (RUE D'),0.0,0.0
201300042587,26,4,2013,15,1,93,71,2,1,1,7,JEAN MOULIN (AVENUE),0.0,0.0
201300042588,27,1,2013,17,1,93,5,2,1,2,4,RAOUL DUFY (AVENUE),0.0,0.0
201300042589,9,2,2013,22,5,93,5,2,1,1,6,GENERAL DE GAULLE (PLACE,0.0,0.0
201300042590,15,2,2013,14,1,93,5,2,1,1,6,"04, JULIEN MIRA (RUE)",0.0,0.0
201300042591,17,2,2013,17,1,93,5,2,1,1,3,GENERAL GALLIENI (BOULEV,0.0,0.0
201300042592,16,6,2013,16,1,93,71,2,1,1,6,"2, LEON JOUHAUX (AVENUE)",0.0,0.0
201300042593,21,6,2013,18,1,93,71,2,3,1,3,86 LIVRY (AVENUE DE),0.0,0.0
201300042594,12,7,2013,14,1,93,71,2,1,1,1,HENRI BARBUSSE (AVENUE),0.0,0.0
201300042595,17,7,2013,21,1,93,71,2,3,1,6,1 SALVADOR ALLENDE (AVE,0.0,0.0
201300042596,26,7,2013,2,5,93,71,2,2,1,3,19 MARS 1962 (CARREFOUR,0.0,0.0
201300042597,27,7,2013,13,1,93,71,2,1,1,6,MARCHE (AVENUE DU),0.0,0.0
201300042598,18,5,2013,21,5,93,5,2,1,2,6,CHARLES GOUPPY (RUE),0.0,0.0
201300042599,8,11,2013,17,2,93,71,2,1,2,3,"0, AULNAY (RUE D')",0.0,0.0
201300042600,17,11,2013,22,5,93,71,2,1,1,6,0 HOCHE (AVENUE),0.0,0.0
201300042601,24,12,2013,11,1,93,71,2,3,3,3,"0, LIVRY (AVENUE DE)",0.0,0.0
201300042602,1,6,2013,16,1,93,5,2,2,1,3,AUGUSTE RENOIR (RUE),0.0,0.0
201300042603,12,6,2013,19,1,93,5,2,1,1,3,EDGAR DEGAS (RUE),0.0,0.0
201300042604,22,6,2013,14,1,93,5,2,2,1,3,"16, STRASBOURG (BOULEVAR",0.0,0.0
201300042605,25,6,2013,8,1,93,5,2,2,1,3,DIDEROT (RUE),0.0,0.0
201300042606,1,7,2013,8,1,93,5,2,1,1,3,SUZANNE LENGLEN (AVENUE),0.0,0.0
201300042607,1,7,2013,18,1,93,5,2,1,1,7,", BLAISE PASCAL (RUE)",0.0,0.0
201300042608,8,7,2013,15,1,93,5,2,1,1,3,EUROPE (CARREFOUR DE L'),0.0,0.0
201300042609,10,7,2013,19,1,93,5,2,2,1,3,CHARLES DE GAULLE [CD115,0.0,0.0
201300042610,12,7,2013,16,1,93,5,2,1,1,6,MARC CHAGALL (BOULEVARD),0.0,0.0
201300042611,20,7,2013,5,2,93,5,2,2,1,3,EDGAR DEGAS (MAIRIE),0.0,0.0
201300042612,26,7,2013,1,5,93,5,2,1,1,7,ANDRE CITROEN (BOULEVARD,0.0,0.0
201300042613,29,7,2013,22,5,93,5,2,6,9,4,PAUL CEZANNE (RUE),0.0,0.0
201300042614,1,8,2013,16,1,93,5,2,6,1,3,ROBERT SCHUMAN (CARREFOU,0.0,0.0
201300042615,8,8,2013,10,1,93,5,2,3,1,6,JEAN MARIE ROUS (ALLEE),0.0,0.0
201300042616,19,8,2013,18,1,93,5,1,2,1,1,PAUL CEZANNE (RUE),0.0,0.0
201300042617,20,8,2013,13,1,93,5,2,1,1,1,PAUL CEZANNE (RUE),0.0,0.0
201300042618,29,5,2013,10,1,93,71,2,1,-1,6,Che de savigny,0.0,0.0
201300042619,9,1,2013,19,5,93,72,2,1,3,6,"1, PAUL VAILLANT COUTURI",0.0,0.0
201300042620,10,12,2013,9,1,93,72,2,1,1,6,"00, MAXIME GORKI (BOULEV",0.0,0.0
201300042621,11,1,2013,17,1,93,59,2,1,1,6,"00, JULES CHATENAY (RUE)",0.0,0.0
201300042622,1,12,2013,20,5,93,72,2,1,1,2,"00, MARCEL CACHIN (AVENU",0.0,0.0
201300042623,28,1,2013,12,1,93,59,2,3,1,6,"00, NUNGESSER ET COLI (A",0.0,0.0
201300042624,14,1,2013,15,1,93,72,2,1,1,4,"47, MARCEL CACHIN (AVENU",0.0,0.0
201300042625,6,5,2013,0,5,93,72,2,1,1,7,"00, JEAN JAURES (iMPASSE",0.0,0.0
201300042626,3,5,2013,19,1,93,59,2,1,1,6,"24, PARIS (RUE DE)",0.0,0.0
201300042627,29,5,2013,17,1,93,72,2,9,1,6,"0, STALINGRAD (AVENUE DE",0.0,0.0
201300042628,21,6,2013,8,1,93,59,2,2,2,3,"41, CHARLES DE GAULLE (B",0.0,0.0
201300042629,22,6,2013,18,1,93,72,2,2,1,6,"0, LOUIS BORDES (RUE)",0.0,0.0
201300042630,24,5,2013,17,1,93,59,2,1,8,6,"0, LEDRU ROLLIN (AVENUE)",0.0,0.0
201300042631,19,6,2013,17,1,93,72,2,1,1,7,"0, CHARLES PEGUY (RUE)",0.0,0.0
201300042632,22,7,2013,20,5,93,72,2,1,1,6,"0, FRANCOIS BEGUE (AVENU",0.0,0.0
201300042633,19,9,2013,8,1,93,59,2,2,1,5,"171, ELYSEE RECLUS (AVEN",0.0,0.0
201300042634,11,9,2013,18,1,93,72,2,1,1,6,"0, STALINGRAD (AVENUE DE",0.0,0.0
201300042635,4,10,2013,7,1,93,72,2,1,1,6,"80, MAXIME GORKI (BOULEV",0.0,0.0
201300042636,23,10,2013,20,5,93,72,2,1,1,6,"33, MARCEL CACHIN (AVENU",0.0,0.0
201300042637,18,10,2013,16,1,93,72,2,1,1,6,"0, LOUIS BORDES (RUE)",0.0,0.0
201300042638,8,11,2013,11,1,93,72,2,1,2,2,"0, STALINGRAD (AVENUE DE",0.0,0.0
201300042639,8,11,2013,18,5,93,59,2,1,8,3,"00, LENINE (AVENUE) N?36",0.0,0.0
201300042640,29,11,2013,8,1,93,59,2,4,8,3,"00, LAENNEC (AVENUE)",0.0,0.0
201300042641,25,12,2013,7,5,93,72,2,1,1,2,"00, ARISTIDE BRIAND (AVE",0.0,0.0
201300042642,29,12,2013,13,1,93,72,2,1,1,6,"7, STALINGRAD (AVENUE DE",0.0,0.0
201300042643,21,2,2013,15,1,93,59,2,1,1,6,"0, MARRONNIERS (ALLEE)",0.0,0.0
201300042644,29,3,2013,10,1,93,72,2,1,1,3,"00, MAXIME GORKI (BOULEV",0.0,0.0
201300042645,15,4,2013,15,1,93,72,2,8,1,3,"80, MAXIME GORKI (BOULEV",0.0,0.0
201300042646,19,4,2013,10,1,93,72,2,3,1,3,"15, ARISTIDE BRIAND (AVE",0.0,0.0
201300042647,19,11,2013,13,1,93,59,2,1,1,6,"0, NUNGESSER ET COLI (AV",0.0,0.0
201300042648,5,5,2013,17,1,93,72,2,1,1,6,"1, LOUIS BORDES (RUE)",0.0,0.0
201300042649,24,7,2013,15,1,93,59,2,1,1,3,"0, CHARLES DE GAULLE (BO",0.0,0.0
201300042650,4,7,2013,17,1,93,72,2,1,1,6,"0, LOUIS BORDES (RUE)",0.0,0.0
201300042651,13,7,2013,20,1,93,72,2,2,1,3,"0, NELSON MANDELA (AVENU",0.0,0.0
201300042652,23,10,2013,22,5,93,72,2,2,1,3,"26, PIERRE DE GEYTER (RU",0.0,0.0
201300042653,28,7,2013,15,1,93,59,2,3,1,3,"0, ALBERT FRANCON (RUE)",0.0,0.0
201300042654,24,10,2013,15,1,93,72,2,1,1,3,"0, MAXIME GORKI (BOULEVA",0.0,0.0
201300042655,11,11,2013,16,1,93,72,2,2,1,6,"0, MAXIME GORKI (BOULEVA",0.0,0.0
201300042656,22,10,2013,22,3,93,59,2,2,1,3,"0, LENINE (AVENUE) N?2A3",0.0,0.0
201300042657,21,11,2013,19,2,93,72,2,4,8,2,"0, MARCEL CACHIN (AVENUE",0.0,0.0
201300042658,31,1,2013,14,1,93,78,2,1,1,3,CLEMENCEAU (AVENUE GEORG,0.0,0.0
201300042659,1,2,2013,9,1,93,73,2,3,2,3,SARRAULT (AVENUE ALBERT),0.0,0.0
201300042660,4,2,2013,7,3,93,73,2,1,1,6,RESISTANCE (RUE DE LA),0.0,0.0
201300042661,6,2,2013,9,1,93,78,2,6,2,6,CLEMENCEAU (AVENUE GEORG,0.0,0.0
201300042662,6,2,2013,12,1,93,78,2,2,1,3,BEREGOVOY (AVENUE),0.0,0.0
201300042663,14,2,2013,7,2,93,78,2,1,2,2,VAUBAN (AVENUE),0.0,0.0
201300042664,18,2,2013,9,1,93,73,2,1,1,7,VACHES (CHEMIN DES),0.0,0.0
201300042665,20,2,2013,7,1,93,78,1,6,1,6,VAUBAN (AVENUE),0.0,0.0
201300042666,21,2,2013,7,1,93,78,2,3,1,3,DE GAULLE (AVENUE CHARLE,0.0,0.0
201300042667,5,4,2013,8,1,93,78,2,3,2,6,PONT DES MARAIS (CHEMIN,0.0,0.0
201300042668,5,4,2013,10,1,93,73,2,1,1,6,BERGER (RUE GILBERT),0.0,0.0
201300042669,7,4,2013,18,1,93,78,2,6,1,3,SAUSSET (AVENUE DU),0.0,0.0
201300042670,7,4,2013,18,1,93,73,2,2,1,3,PETITS PONTS (ROUTE DES),0.0,0.0
201300042671,14,4,2013,17,1,93,73,2,2,1,3,ARGONNE (RUE D'),0.0,0.0
201300042672,3,5,2013,13,1,93,73,2,1,1,1,"23, ROISSY (ROUTE DE)",0.0,0.0
201300042673,5,5,2013,19,1,93,73,2,1,1,6,"84, ALSACE (RUE D')",0.0,0.0
201300042674,9,5,2013,13,1,93,78,2,1,1,6,REPUBLIQUE (aVENUE DE-LA,0.0,0.0
201300042675,10,5,2013,1,5,93,78,2,1,1,1,DELATTRE DE TASSIGNY (AV,0.0,0.0
201300042676,13,5,2013,18,1,93,78,2,1,1,3,CHEMIN DEPARTEMENTAL,0.0,0.0
201300042677,15,5,2013,7,1,93,78,2,1,2,4,CHEMIN DEPARTEMENTAL,0.0,0.0
201300042678,4,6,2013,13,1,93,78,2,1,1,6,"239, BALLANGER (BD ROBER",0.0,0.0
201300042679,14,6,2013,18,1,93,78,2,1,1,7,EUROPE (AVENUE DE L'),0.0,0.0
201300042680,15,6,2013,15,1,93,78,2,3,1,6,DE GAULLE (AVENUE CHARLE,0.0,0.0
201300042681,20,6,2013,15,1,93,73,2,1,1,1,PAIX (AVENUE DE LA),0.0,0.0
201300042682,22,6,2013,14,1,93,78,1,1,2,6,", PARC EXPO",0.0,0.0
201300042683,27,6,2013,18,1,93,73,2,1,1,6,BERGER (RUE GILBERT),0.0,0.0
201300042684,21,6,2013,17,1,93,78,2,3,1,3,PREVERT (RUE JACQUES),0.0,0.0
201300042685,30,6,2013,20,1,93,78,2,6,1,3,BALLANGER (BD ROBERT),0.0,0.0
201300042686,6,7,2013,15,1,93,78,2,1,1,1,VAUBAN (AVENUE),0.0,0.0
201300042687,6,7,2013,15,1,93,78,1,6,1,3,NATIONS (AVENUE DES),0.0,0.0
201300042688,8,7,2013,8,1,93,73,2,1,1,3,"62, FARMAN (RUE HENRI)",0.0,0.0
201300042689,15,7,2013,17,1,93,73,2,1,1,3,RESISTANCE (RUE DE LA),0.0,0.0
201300042690,20,7,2013,15,1,93,78,2,2,1,3,REVE (AVENUE DU),0.0,0.0
201300042691,23,7,2013,16,1,93,73,2,1,1,6,VAILLANT (BOULEVARD CHAR,0.0,0.0
201300042692,24,7,2013,16,1,93,73,2,2,1,3,RESISTANCE (RUE DE LA),0.0,0.0
201300042693,24,7,2013,19,1,93,73,2,1,1,5,"46, MOZART (AVENUE)",0.0,0.0
201300042694,1,8,2013,20,1,93,78,2,6,1,2,CLEMENCEAU (AVENUE GEORG,0.0,0.0
201300042695,4,8,2013,20,1,93,78,2,2,1,3,CLEMENCEAU (AVENUE GEORG,0.0,0.0
201300042696,5,8,2013,8,1,93,78,2,1,1,5,DAMBEL (AVENUE EMILE),0.0,0.0
201300042697,6,8,2013,6,1,93,73,2,1,1,6,LENINE (BOULEVARD),0.0,0.0
201300042698,8,8,2013,17,1,93,73,2,3,1,3,HENRI IV (AVENUE),0.0,0.0
201300042699,8,8,2013,17,1,93,78,2,1,1,4,CHEMIN DEPARTEMENTAL,0.0,0.0
201300042700,23,8,2013,12,1,93,78,2,2,1,3,BEREGOVOY (AVENUE),0.0,0.0
201300042701,1,9,2013,13,1,93,73,2,6,1,7,"00, RESISTANCE (RUE DE L",0.0,0.0
201300042702,2,9,2013,18,1,93,78,2,1,1,6,GARE (AVENUE DE LA),0.0,0.0
201300042703,3,9,2013,19,1,93,78,2,1,1,1,"28, EGLISE (RUE DE L')",0.0,0.0
201300042704,4,9,2013,18,1,93,78,2,1,1,3,"58, ALLENDE (AVENUE SALV",0.0,0.0
201300042705,5,9,2013,14,1,93,73,2,1,1,4,ROISSY (ROUTE DE),0.0,0.0
201300042706,5,9,2013,18,1,93,73,2,1,1,4,"4 bis, ROISSY (ROUTE DE)",0.0,0.0
201300042707,9,9,2013,11,1,93,78,2,1,3,3,EGLISE (RUE DE L'),0.0,0.0
201300042708,12,9,2013,20,2,93,78,2,6,1,2,VAUBAN (AVENUE),0.0,0.0
201300042709,14,9,2013,20,5,93,78,2,2,2,5,CLEMENCEAU (AVENUE GEORG,0.0,0.0
201300042710,15,9,2013,13,1,93,78,2,1,1,2,CLEMENCEAU (AVENUE GEORG,0.0,0.0
201300042711,15,9,2013,13,1,93,78,2,1,1,3,KLEE (RUE PAUL),0.0,0.0
201300042712,17,9,2013,19,1,93,78,2,6,2,2,BALLANGER (BD ROBERT),0.0,0.0
201300042713,18,9,2013,15,1,93,78,2,1,2,3,BALLANGER (BD ROBERT),0.0,0.0
201300042714,19,9,2013,15,1,93,78,2,2,1,6,CLEMENCEAU (AVENUE GEORG,0.0,0.0
201300042715,21,9,2013,4,5,93,78,2,2,8,2,CLEMENCEAU (AVENUE GEORG,0.0,0.0
201300042716,21,9,2013,20,5,93,73,2,3,1,3,PAIX (AVENUE DE LA),0.0,0.0
201300042717,22,9,2013,17,1,93,78,2,1,1,4,PLAINE (AVENUE DE LA),0.0,0.0
201300042718,24,9,2013,10,1,93,78,2,1,1,2,", PLAINE DE FRANCE (AVEN",0.0,0.0
201300042719,2,10,2013,19,5,93,78,2,1,1,6,"04, LECLERC (AVENUE DU G",0.0,0.0
201300042720,5,10,2013,20,5,93,78,2,1,1,6,SAUSSET (AVENUE DU),0.0,0.0
201300042721,7,10,2013,17,1,93,78,2,1,1,3,CLEMENCEAU (AVENUE GEORG,0.0,0.0
201300042722,8,10,2013,9,1,93,78,2,3,1,3,MONTCALM (AVENUE),0.0,0.0
201300042723,9,10,2013,14,1,93,78,1,1,2,2,CHEMIN DEPARTEMENTAL,0.0,0.0
201300042724,12,10,2013,18,1,93,78,1,1,1,3,CHEMIN DEPARTEMENTAL,0.0,0.0
201300042725,14,10,2013,14,1,93,78,2,5,1,3,CLEMENCEAU (AVENUE GEORG,0.0,0.0
201300042726,15,10,2013,17,1,93,78,2,5,1,1,CLEMENCEAU (AVENUE GEORG,0.0,0.0
201300042727,25,10,2013,18,5,93,73,2,3,2,3,FRANCE (RUE ANATOLE),0.0,0.0
201300042728,31,10,2013,9,1,93,73,2,6,1,3,BERGER (RUE GILBERT),0.0,0.0
201300042729,2,11,2013,10,1,93,78,2,1,1,6,00 DE GAULLE (AVENUE CH,0.0,0.0
201300042730,7,11,2013,23,5,93,78,2,2,2,3,BALLANGER (BD ROBERT),0.0,0.0
201300042731,4,11,2013,11,1,93,78,2,2,3,3,VILLENEUVE (AVENUE DE,0.0,0.0
201300042732,10,11,2013,6,3,93,78,2,1,2,6,VAUBAN (AVENUE),0.0,0.0
201300042733,10,11,2013,16,1,93,73,2,3,1,3,PARC (AVENUE DU),0.0,0.0
201300042734,13,11,2013,3,3,93,78,2,1,1,6,TREMBLAY (ROUTE DE),0.0,0.0
201300042735,13,11,2013,3,5,93,78,2,1,2,6,CLEMENCEAU (AVENUE GEORG,0.0,0.0
201300042736,14,11,2013,6,5,93,78,2,2,1,3,BALLANGER (BD ROBERT),0.0,0.0
201300042737,20,11,2013,8,1,93,78,2,2,1,3,"139, BALLANGER (BD ROBER",0.0,0.0
201300042738,22,11,2013,12,1,93,73,2,1,1,7,", ROISSY (ROUTE DE)",0.0,0.0
201300042739,26,11,2013,13,1,93,78,2,1,1,2,BANCS PUBLICS (RUE DES),0.0,0.0
201300042740,27,11,2013,20,3,93,73,2,5,1,3,ROISSY (ROUTE DE),0.0,0.0
201300042741,28,11,2013,9,1,93,78,2,1,1,2,"1, CLEMENCEAU (AVENUE GE",0.0,0.0
201300042742,28,11,2013,10,1,93,73,2,2,1,6,PASTEUR (AVENUE),0.0,0.0
201300042743,28,11,2013,15,1,93,78,1,1,2,2,CHEMIN DEPARTEMENTAL,0.0,0.0
201300042744,30,11,2013,16,1,93,78,2,1,1,4,BALLANGER (BD ROBERT),0.0,0.0
201300042745,7,12,2013,15,1,93,78,2,2,1,3,GUYNEMER (AVENUE),0.0,0.0
201300042746,10,12,2013,17,5,93,78,2,2,1,3,CLEMENCEAU (AVENUE GEORG,0.0,0.0
201300042747,11,12,2013,16,1,93,78,2,1,1,6,CHEMIN DEPARTEMENTAL,0.0,0.0
201300042748,11,12,2013,17,2,93,78,2,1,9,6,GARE (PLACE DE LA),0.0,0.0
201300042749,11,12,2013,21,5,93,78,2,1,1,7,VAUBAN (AVENUE),0.0,0.0
201300042750,12,12,2013,11,1,93,78,2,6,1,6,CLEMENCEAU (AVENUE GEORG,0.0,0.0
201300042751,12,12,2013,16,1,93,73,2,8,1,6,RESISTANCE (RUE DE LA),0.0,0.0
201300042752,30,5,2013,8,1,94,2,2,1,2,6,VERDUN (R DE),0.0,0.0
201300042753,29,5,2013,18,1,94,2,2,1,1,6,"4, VILLIERS (SEN DE)",0.0,0.0
201300042754,4,6,2013,8,1,94,2,2,1,1,2,", PORT A L ANGLAIS (R DU",0.0,0.0
201300042755,8,1,2013,9,1,94,2,2,2,1,3,VICTOR HUGO (R),0.0,0.0
201300042756,6,6,2013,14,1,94,2,2,2,1,6,DE GAULLE/VERON,0.0,0.0
201300042757,6,6,2013,19,1,94,2,2,3,1,3,EMILE ZOLA (R),0.0,0.0
201300042758,11,1,2013,7,5,94,2,2,3,1,6,"16, GENERAL CHARLES DE G",0.0,0.0
201300042759,14,1,2013,22,5,94,2,2,1,4,3,"108 TER, VERON (R)",0.0,0.0
201300042760,14,6,2013,10,1,94,2,2,3,1,3,JEAN BAPTISTE CLEMENT (Q,0.0,0.0
201300042761,22,6,2013,12,1,94,2,2,1,1,6,ETIENNE DOLET (R),0.0,0.0
201300042762,4,7,2013,23,5,94,2,2,2,1,3,RASPAIL (R),0.0,0.0
201300042763,9,7,2013,22,1,94,2,2,1,1,6,EMILE ZOLA (R),0.0,0.0
201300042764,18,7,2013,7,1,94,2,2,3,1,3,CARNOT (BD),0.0,0.0
201300042765,11,2,2013,11,1,94,2,2,1,8,3,"02, BLANQUI (QU)",0.0,0.0
201300042766,13,2,2013,16,1,94,2,2,1,1,6,"2, REVOLUTION (QU DE LA)",0.0,0.0
201300042767,20,2,2013,18,5,94,2,2,1,1,6,"44, VICTOR HUGO (R)",0.0,0.0
201300042768,20,2,2013,20,5,94,2,2,8,1,6,VERDUN (R DE),0.0,0.0
201300042769,22,2,2013,7,5,94,2,2,2,8,1,EMILE ZOLA (R),0.0,0.0
201300042770,24,8,2013,17,1,94,2,2,2,8,3,"1, BLANQUI (QU)",0.0,0.0
201300042771,8,3,2013,13,1,94,2,2,1,2,3,"195, GENERAL LECLERC (AV",0.0,0.0
201300042772,1,9,2013,12,1,94,2,2,1,1,3,VAILLANT COUTURIER (R),0.0,0.0
201300042773,20,3,2013,16,1,94,2,2,2,1,6,CARNOT (BD),0.0,0.0
201300042774,11,9,2013,7,2,94,2,2,1,1,6,"16, LATERAL (CHE)",0.0,0.0
201300042775,30,3,2013,13,1,94,2,2,2,1,3,LATERAL (CHE),0.0,0.0
201300042776,27,9,2013,18,1,94,2,2,3,1,3,"97, ETIENNE DOLET/CARPE",0.0,0.0
201300042777,12,4,2013,20,2,94,2,2,3,1,2,J B CLEMENT/PERCHE,0.0,0.0
201300042778,26,4,2013,9,1,94,2,2,1,1,6,"92, VERON (R)",0.0,0.0
201300042779,29,4,2013,10,1,94,2,2,1,1,1,LATERAL (CHE),0.0,0.0
201300042780,22,10,2013,12,1,94,2,2,3,1,6,"1, VOLTAIRE (R)",0.0,0.0
201300042781,5,5,2013,20,1,94,2,2,2,1,3,BLANQUI (QU),0.0,0.0
201300042782,8,5,2013,18,1,94,2,2,2,1,6,"37, EMILE ZOLA (R)",0.0,0.0
201300042783,30,10,2013,10,1,94,2,2,9,1,3,BLANQUI (QU),0.0,0.0
201300042784,12,5,2013,22,5,94,2,2,1,2,3,"85, VERON (R)",0.0,0.0
201300042785,5,11,2013,13,1,94,2,2,3,2,3,EMILE ZOLA (R),0.0,0.0
201300042786,20,5,2013,17,1,94,2,2,2,2,3,CAMELIAS (R DES),0.0,0.0
201300042787,10,11,2013,22,5,94,2,2,2,1,3,"105, VAILLANT COUTURIER",0.0,0.0
201300042788,12,11,2013,9,1,94,2,2,2,2,3,VAILLANT COUTURIER (R),0.0,0.0
201300042789,13,11,2013,7,5,94,2,2,2,2,3,JEAN BAPTISTE CLEMENT (Q,0.0,0.0
201300042790,18,11,2013,11,1,94,2,2,1,8,1,"61, SEINE (R DE)",0.0,0.0
201300042791,22,11,2013,16,1,94,2,2,3,1,3,"37, MARGUERITES (R DES)",0.0,0.0
201300042792,29,11,2013,16,1,94,2,2,2,2,6,SEINE (R DE),0.0,0.0
201300042793,1,10,2013,10,1,94,2,2,3,1,3,BLANQUI (QU),0.0,0.0
201300042794,2,10,2013,8,1,94,2,2,2,1,5,BLANQUI (QU),0.0,0.0
201300042795,2,12,2013,0,5,94,2,2,1,1,6,"26, BLANQUI (QU)",0.0,0.0
201300042796,3,12,2013,7,1,94,2,2,1,1,2,"1, PORT A L ANGLAIS (R D",0.0,0.0
201300042797,24,12,2013,16,2,94,2,2,1,2,6,"153, VAILLANT COUTURIER",0.0,0.0
201300042798,28,12,2013,21,5,94,2,2,2,1,1,ETIENNE DOLET (R),0.0,0.0
201300042799,10,2,2013,5,5,94,71,2,9,9,6,"75, GENERAL LECLERC (R D",0.0,0.0
201300042800,2,10,2013,18,1,94,4,2,1,1,7,GEORGES BRASSENS (AV),0.0,0.0
201300042801,5,10,2013,2,3,94,4,2,1,1,7,AV DU GENERAL LECLERC,48.7548,2.50557
201300042802,8,10,2013,18,1,94,75,2,9,1,6,LIEUTENANT DAGORNO (R DU,0.0,0.0
201300042803,30,9,2013,8,1,94,47,2,3,1,1,"66, PAUL DOUMER (R)",0.0,0.0