Num_Acc,jour,mois,an,hr,condition_eclairage,departement,commune,condition_agglomeration,intersection,condition_atmosphere,type_collision,adresse,lattitude,longitude
201300042804,15,10,2013,10,1,94,4,2,4,8,3,"0, SUCY (R DE)",0.0,0.0
201300042805,25,1,2013,6,4,94,71,2,1,1,6,PIERRE SEMARD (R),0.0,0.0
201300042806,4,1,2013,17,5,94,4,2,3,1,1,LECLERC/ALLEE DES FFI,48.7544,2.506
201300042807,4,11,2013,9,1,94,4,2,2,2,2,LECLERC/BREVANNES,48.7494,2.5084
201300042808,5,11,2013,15,1,94,71,2,1,2,6,BOISSY (R DE),0.0,0.0
201300042809,7,1,2013,19,5,94,4,2,3,1,2,"04, LACHARRIERE.(RUE DU",0.0,0.0
201300042810,8,11,2013,8,2,94,4,2,1,2,7,AV DU GENERAL LECLERC,48.7506,2.5075
201300042811,9,11,2013,9,1,94,71,2,1,1,1,MARECHAL DE LATTRE DE TA,0.0,0.0
201300042812,10,11,2013,6,5,94,75,2,1,2,3,"00, ETOILE (R DE L)",0.0,0.0
201300042813,21,11,2013,17,2,94,44,2,1,2,3,"00, VERDUN (AV DE)",0.0,0.0
201300042814,18,11,2013,15,1,94,71,2,1,1,3,"00, GEORGES POMPIDOU (AV",0.0,0.0
201300042815,14,1,2013,7,2,94,4,1,1,1,7,DE LATTRE DE TASSIGNY,48.7384,2.51714
201300042816,14,1,2013,8,1,94,71,2,1,1,3,"04, BERGES (ALL DES)",0.0,0.0
201300042817,17,1,2013,17,5,94,71,2,1,1,6,"1 et 3, CHAMPIGNY (R DE)",0.0,0.0
201300042818,19,1,2013,12,1,94,71,2,1,4,1,MARAIS (CHE DES),0.0,0.0
201300042819,19,11,2013,9,1,94,71,2,1,2,6,"8, MAURICE BERTEAUX (R)",0.0,0.0
201300042820,20,1,2013,20,5,94,75,2,1,4,1,"16, MANDRES (R DE)",0.0,0.0
201300042821,24,1,2013,8,1,94,44,2,1,8,5,AV DU GENERAL LECLERC,48.7453,2.51129
201300042822,24,1,2013,13,1,94,71,2,1,1,7,"17, HENRI HOUPIED (R)",0.0,0.0
201300042823,25,1,2013,16,1,94,4,2,1,1,6,"25, SUCY (R DE)",0.0,0.0
201300042824,26,1,2013,18,1,94,44,2,1,1,1,PASTEUR (R),0.0,0.0
201300042825,26,11,2013,16,1,94,4,2,1,1,6,CHARLES DE GAULLE (AV),0.0,0.0
201300042826,26,11,2013,18,3,94,4,2,1,1,2,AV DU GENERAL LECLERC,48.7596,2.49965
201300042827,27,1,2013,20,5,94,47,2,1,1,6,"46, BRIE (R DE)",0.0,0.0
201300042828,29,11,2013,9,1,94,71,2,1,1,6,"5, GARE (PL DE LA)",0.0,0.0
201300042829,1,2,2013,10,1,94,71,2,3,2,6,"35 bis, GENERAL LECLERC",0.0,0.0
201300042830,2,2,2013,19,5,94,75,2,1,9,1,"19, RTE DE LA GRANGE",48.7339,2.51826
201300042831,4,2,2013,9,1,94,71,2,3,1,3,GENERAL LECLERC (R DU),0.0,0.0
201300042832,4,12,2013,11,1,94,71,2,1,1,3,"1, NOYERS (ALL DES)",0.0,0.0
201300042833,7,12,2013,14,1,94,4,2,1,1,6,AV DU GENERAL LECLERC,48.7569,2.5045
201300042834,8,2,2013,8,2,94,4,2,1,8,7,"170, ROYALE (R)",0.0,0.0
201300042835,8,2,2013,15,1,94,44,2,1,1,3,"55, VALENTON (AV DE)",0.0,0.0
201300042836,9,2,2013,20,5,94,75,2,3,1,3,MANDRES (R DE),0.0,0.0
201300042837,9,12,2013,13,1,94,75,2,4,1,7,TASSIGNY/CAVAILLES,48.7313,2.52392
201300042838,9,2,2013,18,5,94,4,2,2,1,6,"0.000, PROCESSION (R DE",0.0,0.0
201300042839,12,12,2013,20,5,94,75,2,3,1,3,TASSIGNY/DAGORNO,48.7275,2.53101
201300042840,13,12,2013,11,1,94,71,2,1,1,6,"13, MAURICE BERTEAUX (R)",0.0,0.0
201300042841,16,12,2013,8,1,94,44,2,9,1,6,"22, HENRI BARBUSSE (R)",0.0,0.0
201300042842,16,2,2013,18,2,94,4,2,1,1,2,"10, AV CHARLES DE GAULLE",48.7539,2.49835
201300042843,16,2,2013,12,1,94,75,2,1,1,2,DE LATTRE DE TASSIGNY,48.7361,2.51887
201300042844,14,7,2013,6,1,94,75,2,1,1,6,"69, MANDRES (R DE)",0.0,0.0
201300042845,17,12,2013,11,1,94,44,2,1,1,6,"24, SABLIERE (AV DE LA)",0.0,0.0
201300042846,17,2,2013,7,2,94,75,2,3,5,2,TASSIGNY/CAVAILLES,48.7313,2.52392
201300042847,18,2,2013,18,5,94,44,2,3,1,3,"20, DESCARTES (AV)",0.0,0.0
201300042848,18,2,2013,13,1,94,71,2,2,1,3,QUEUE EN BRIE (RTE DE LA,0.0,0.0
201300042849,19,12,2013,9,1,94,44,2,6,1,2,PIARD (R),0.0,0.0
201300042850,19,12,2013,19,3,94,48,1,1,1,1,RTE DE PARIS,48.7271,2.55345
201300042851,20,12,2013,9,1,94,75,2,3,7,6,MANDRES (R DE),0.0,0.0
201300042852,20,12,2013,12,1,94,4,2,1,1,1,"50, GEORGES PICOT (R)",0.0,0.0
201300042853,21,12,2013,11,1,94,44,2,1,1,4,"16, GABRIEL PERI (AV)",0.0,0.0
201300042854,22,12,2013,22,5,94,75,2,1,8,6,AV DU MARECHAL DE LATTRE,48.7343,2.52052
201300042855,27,2,2013,10,1,94,71,2,1,1,3,"0.000, PARIS (R DE)",0.0,0.0
201300042856,27,2,2013,16,1,94,4,2,9,1,6,VALENTON (R DE),0.0,0.0
201300042857,28,2,2013,8,1,94,71,2,6,1,7,MAROLLES (RTE DE),0.0,0.0
201300042858,16,4,2013,17,1,94,44,2,1,1,6,"55, VALENTON (AV DE)",0.0,0.0
201300042859,1,3,2013,10,1,94,71,2,4,1,6,CHAMPS SAINT DENIS (R DE,0.0,0.0
201300042860,3,3,2013,23,5,94,4,2,2,1,3,"34, GENERAL LECLERC (AV",0.0,0.0
201300042861,7,3,2013,21,5,94,75,1,3,1,6,MARECHAL DELATTRE DE TAS,0.0,0.0
201300042862,9,3,2013,8,1,94,71,2,1,1,6,"00, MAURICE BERTEAUX (R)",0.0,0.0
201300042863,3,10,2013,16,1,94,71,2,1,1,6,"39, ALBERT DRU (R)",0.0,0.0
201300042864,3,10,2013,17,1,94,4,2,4,1,3,LECLERC/CHIROL,48.7516,2.50682
201300042865,16,3,2013,7,2,94,71,2,1,1,6,"36, PONT DE CHENNEVIERES",0.0,0.0
201300042866,20,3,2013,13,1,94,71,2,1,1,2,MAURICE BERTEAUX (R),0.0,0.0
201300042867,25,3,2013,7,2,94,4,2,1,1,5,GENERAL LECLERC (AV DU),0.0,0.0
201300042868,25,3,2013,16,1,94,56,2,1,1,2,BRIE COMTE ROBERT (RTE D,0.0,0.0
201300042869,3,4,2013,21,5,94,71,2,1,1,5,"1ter, PARIS (R DE)",0.0,0.0
201300042870,4,4,2013,8,1,94,71,2,1,1,3,GEORGES POMPIDOU (AV),0.0,0.0
201300042871,4,4,2013,20,5,94,4,2,3,1,2,LECLERC/DE GAULLE,48.7591,2.50051
201300042872,4,11,2013,10,1,94,44,1,1,2,1,DESCARTES (AV),0.0,0.0
201300042873,12,4,2013,8,1,94,71,2,1,8,1,PARIS (R DE),0.0,0.0
201300042874,14,4,2013,10,1,94,75,2,1,1,3,"82, LIEUTENANT DAGORNO (",0.0,0.0
201300042875,17,4,2013,8,1,94,71,2,1,1,6,WINSTON CHURCHILL (R),0.0,0.0
201300042876,17,4,2013,21,5,94,4,2,3,1,2,"2, 8 MAI 1945 (AV DU)",0.0,0.0
201300042877,21,4,2013,11,1,94,75,2,3,1,2,TASSIGNY/DAGORNO,48.7275,2.53101
201300042878,23,4,2013,9,1,94,71,2,6,1,7,QUEUE EN BRIE (RTE DE LA,0.0,0.0
201300042879,25,4,2013,7,1,94,71,2,1,1,2,GENERAL LECLERC (R DU),0.0,0.0
201300042880,25,4,2013,9,1,94,71,2,6,1,3,GENERAL LECLERC (R DU),0.0,0.0
201300042881,11,7,2013,22,2,94,71,2,6,1,3,"44, WINSTON CHURCHILL (R",0.0,0.0
201300042882,25,7,2013,21,2,94,71,2,1,1,6,CHE DES MARAIS,48.7662,2.5036
201300042883,25,1,2013,16,1,94,71,2,1,1,6,GEORGES POMPIDOU (AV),0.0,0.0
201300042884,4,5,2013,17,1,94,4,2,3,1,1,LECLERC/DE GAULLE,48.7551,2.50528
201300042885,4,5,2013,19,1,94,44,2,1,1,6,"9, AUVERGNE (R D)",0.0,0.0
201300042886,7,5,2013,20,2,94,44,1,1,1,4,"18, JEAN MONNET (R)",0.0,0.0
201300042887,25,9,2013,8,1,94,4,2,3,1,1,VALENTON (R DE),0.0,0.0
201300042888,10,5,2013,14,1,94,4,2,1,1,1,"10, HUIT MAI 1945 (R DU)",0.0,0.0
201300042889,10,5,2013,21,1,94,71,2,3,1,3,"103, BOISSY (R DE)",0.0,0.0
201300042890,25,11,2013,7,2,94,71,2,1,1,5,PARIS (R DE),0.0,0.0
201300042891,14,5,2013,17,1,94,71,2,1,1,7,"00, PARIS (R DE)",0.0,0.0
201300042892,14,5,2013,19,1,94,4,2,2,1,6,LECLERC/PRESSOIRS,48.7515,2.50692
201300042893,15,5,2013,9,1,94,75,2,3,1,2,TASSIGNY/GRANGE,48.7344,2.52044
201300042894,21,5,2013,14,1,94,75,2,1,2,6,REVEILLON (R DE),0.0,0.0
201300042895,22,5,2013,12,1,94,71,2,6,1,3,QUEUE EN BRIE (RTE DE LA,0.0,0.0
201300042896,23,5,2013,16,1,94,44,2,1,1,6,ALBERT GARRY (R),0.0,0.0
201300042897,24,5,2013,17,1,94,44,2,1,2,7,ALBERT GARRY (R),0.0,0.0
201300042898,26,5,2013,3,5,94,4,2,3,1,3,LECLERC/FFI,48.7544,2.506
201300042899,26,5,2013,20,1,94,75,2,1,1,6,"4, LIEUTENANT DAGORNO (R",0.0,0.0
201300042900,6,5,2013,21,5,94,44,2,1,1,6,"27, PRESIDENT WILSON (AV",0.0,0.0
201300042901,6,6,2013,9,1,94,75,1,1,1,7,DE LATTRE DE TASSIGNY,48.7274,2.53309
201300042902,7,6,2013,10,1,94,71,2,2,1,3,PIERRE SEMARD (R),0.0,0.0
201300042903,8,6,2013,13,1,94,44,2,1,1,7,"16, DESCARTES (AV)",0.0,0.0
201300042904,8,6,2013,18,1,94,44,2,1,1,6,"4, DIVISION LECLERC (AV",0.0,0.0
201300042905,8,6,2013,17,1,94,71,2,1,1,7,"4, MARAIS (CHE DES)",0.0,0.0
201300042906,8,6,2013,17,1,94,4,2,3,1,3,SABLONS (R DES),0.0,0.0
201300042907,9,6,2013,21,2,94,4,1,1,1,6,AV DU GENERAL LECLERC,48.7603,2.49835
201300042908,14,6,2013,14,1,94,71,2,1,2,4,"68, GENERAL LECLERC (R D",0.0,0.0
201300042909,20,6,2013,7,1,94,44,2,1,2,7,"14, GABRIEL PERI (AV)",0.0,0.0
201300042910,22,6,2013,4,2,94,44,2,1,1,6,"38, GABRIEL PERI (AV)",0.0,0.0
201300042911,22,6,2013,15,1,94,71,2,1,2,2,"00, PARIS (R DE)",0.0,0.0
201300042912,24,6,2013,19,1,94,4,2,1,1,2,ORMES (R DES),0.0,0.0
201300042913,27,6,2013,7,1,94,44,2,1,2,3,"1 BIS, GABRIEL PERI (AV)",0.0,0.0
201300042914,28,6,2013,13,1,94,70,2,6,2,6,GENERAL LECLERC (AV DU),0.0,0.0
201300042915,30,6,2013,21,2,94,4,2,1,1,3,CHARLES DE GAULLE (AV),0.0,0.0
201300042916,3,7,2013,13,1,94,71,2,1,1,3,BREVANNES (R DE),0.0,0.0
201300042917,3,7,2013,13,1,94,44,2,1,1,2,"16, GABRIEL PERI (AV)",0.0,0.0
201300042918,17,4,2013,15,1,94,4,2,3,1,3,LECLERC/FFI,48.7544,2.506
201300042919,5,7,2013,17,1,94,48,1,1,1,4,RTE DE PARIS,48.7278,2.54955
201300042920,17,6,2013,17,1,94,56,1,3,1,3,"0, BRIE COMTE ROBERT (RT",0.0,0.0
201300042921,8,7,2013,20,1,94,70,2,6,1,7,PARIS/CHATEAU D'EAU,48.7156,2.57386
201300042922,11,7,2013,9,1,94,75,2,7,1,3,TILLEULS (ALL DES),0.0,0.0
201300042923,18,7,2013,19,1,94,44,2,9,1,6,"., PENTE (R DE LA)",0.0,0.0
201300042924,20,7,2013,11,1,94,56,2,1,1,6,BRIE COMTE ROBERT (RTE D,0.0,0.0
201300042925,23,7,2013,10,1,94,71,2,3,1,3,"., MARAIS (CHE DES)",0.0,0.0
201300042926,24,7,2013,7,1,94,4,2,1,1,7,AV DU GENERAL LECLERC,48.7541,2.50632
201300042927,25,7,2013,8,1,94,71,2,1,7,3,"85BIS, GENERAL LECLERC (",0.0,0.0
201300042928,30,7,2013,10,1,94,71,2,1,1,2,GENERAL LECLERC (R DU),0.0,0.0
201300042929,4,8,2013,5,5,94,44,2,1,1,7,AV DE VALENTON,48.7419,2.48514
201300042930,6,8,2013,19,1,94,71,2,3,1,3,VILLENEUVE (R DE),0.0,0.0
201300042931,8,8,2013,11,1,94,75,2,1,1,1,MAI (R DU),0.0,0.0
201300042932,8,8,2013,18,1,94,71,2,3,1,1,MAURICE BERTEAUX (R),0.0,0.0
201300042933,18,11,2013,10,1,94,71,2,2,1,3,VILLENEUVE (R DE),0.0,0.0
201300042934,13,8,2013,12,1,94,75,1,3,1,2,TASSIGNY/GRANGE,48.7344,2.52044
201300042935,13,8,2013,20,1,94,71,2,1,1,6,PROCESSION (R DE LA),0.0,0.0
201300042936,14,8,2013,16,1,94,4,2,1,1,6,AV DU GENERAL LECLERC,48.7561,2.50473
201300042937,15,8,2013,15,1,94,70,1,9,1,6,"., GENERAL LECLERC (AV D",0.0,0.0
201300042938,18,8,2013,12,1,94,75,2,1,1,6,CHEMIN DE FER (R DU),0.0,0.0
201300042939,27,8,2013,21,5,94,71,2,6,1,7,WINSTON CHURCHILL (R),0.0,0.0
201300042940,28,8,2013,12,1,94,71,2,3,1,3,"1, GEORGES POMPIDOU (AV)",0.0,0.0
201300042941,30,8,2013,19,1,94,71,2,1,1,2,"26, GABRIEL PERI (AV)",0.0,0.0
201300042942,2,9,2013,15,1,94,44,2,1,1,6,"02, R EUGENE VARLIN",0.0,0.0
201300042943,29,4,2013,17,1,94,75,2,1,1,6,TILLEULS (ALL DES),0.0,0.0
201300042944,4,9,2013,10,1,94,75,2,3,1,2,TASSIGNY/CAVAILLES,48.7313,2.52392
201300042945,5,9,2013,17,1,94,4,2,4,1,3,MERCIERE (R),0.0,0.0
201300042946,29,5,2013,8,1,94,48,1,1,1,7,NATIONALE 19,0.0,0.0
201300042947,6,9,2013,9,1,94,44,2,1,3,2,"0, MOULIN (CHE DU)",0.0,0.0
201300042948,14,9,2013,16,1,94,71,2,1,2,3,"13, OLIVIER D ORMESSON (",0.0,0.0
201300042949,16,9,2013,16,1,94,71,2,2,8,3,"00, GEORGES POMPIDOU (AV",0.0,0.0
201300042950,19,9,2013,18,1,94,44,1,6,1,3,GENERAL LECLERC (AV DU),0.0,0.0
201300042951,1,1,2013,3,5,94,17,2,1,2,6,MARIE (AV),0.0,0.0
201300042952,2,1,2013,11,1,94,17,2,4,1,3,BERNAU (R DE),0.0,0.0
201300042953,3,1,2013,21,5,94,17,2,1,1,2,"139, GENERAL LECLERC (AV",0.0,0.0
201300042954,4,1,2013,18,5,94,17,2,1,1,2,ALEXANDRE FOURNY (R),0.0,0.0
201300042955,5,1,2013,18,5,94,17,2,1,1,3,ROITELETS (R DES),0.0,0.0
201300042956,10,1,2013,9,1,94,17,2,1,2,6,"36, R LOUIS TALAMONI",0.0,0.0
201300042957,10,1,2013,10,1,94,17,2,1,1,6,GENERAL DE GAULLE (AV DU,0.0,0.0
201300042958,10,1,2013,17,2,94,17,2,1,2,1,GABRIEL PERI (BD),0.0,0.0
201300042959,11,1,2013,9,1,94,17,2,3,1,3,"786, MAURICE THOREZ (AV)",0.0,0.0
201300042960,11,1,2013,11,1,94,17,2,1,1,3,GAMBETTA (R),0.0,0.0
201300042961,11,1,2013,23,5,94,17,2,1,1,6,"1, HUIT MAI 1945 (AV DU)",0.0,0.0
201300042962,12,1,2013,13,1,94,17,2,2,1,3,ARSENE (AV),0.0,0.0
201300042963,12,1,2013,20,5,94,17,2,4,1,1,SALENGRO/DE GAULLE,0.0,0.0
201300042964,17,1,2013,18,5,94,17,2,1,1,4,GENERAL DE GAULLE (AV DU,0.0,0.0
201300042965,27,1,2013,15,1,94,17,2,1,1,6,LENINE (PL),0.0,0.0
201300042966,29,1,2013,8,1,94,17,2,1,2,1,POLANGIS (BD DE),0.0,0.0
201300042967,3,2,2013,18,2,94,17,2,1,1,6,ROGER SALENGRO (AV),0.0,0.0
201300042968,5,2,2013,18,5,94,17,2,1,1,6,JACQUES SOLOMON (R),0.0,0.0
201300042969,6,2,2013,7,5,94,17,2,1,3,3,"114, GENERAL DE GAULLE (",0.0,0.0
201300042970,20,2,2013,19,5,94,17,2,1,1,6,ALBERT THOMAS (R),0.0,0.0
201300042971,26,2,2013,18,1,94,17,2,1,1,6,DIX NEUF MARS 1962 (R DU,0.0,0.0
201300042972,6,3,2013,20,5,94,17,2,1,2,1,EUGENE VARLIN (R),0.0,0.0
201300042973,16,3,2013,10,1,94,17,2,1,1,6,MAURICE THOREZ (AV),0.0,0.0
201300042974,21,3,2013,0,5,94,17,2,3,1,1,R EUGENE VARLIN,48.8261,2.52115
201300042975,20,3,2013,0,5,94,17,2,2,2,3,JEAN SAVU (R),0.0,0.0
201300042976,17,3,2013,20,5,94,17,2,1,1,3,MARX DORMOY (AV),0.0,0.0
201300042977,2,3,2013,10,1,94,17,2,1,1,3,MARX DORMOY (AV),0.0,0.0
201300042978,28,3,2013,22,5,94,17,2,2,1,3,PAUL VENZAC (AV),0.0,0.0
201300042979,1,4,2013,18,1,94,17,2,1,1,2,GENERAL DE GAULLE (AV DU,0.0,0.0
201300042980,29,3,2013,18,1,94,17,2,1,1,2,PLESSIS TREVISE (R DU),0.0,0.0
201300042981,2,4,2013,13,1,94,17,2,3,1,6,"1, BERNAU (R DE)",0.0,0.0
201300042982,4,4,2013,15,1,94,17,2,1,1,6,LOUIS TALAMONI (R),0.0,0.0
201300042983,12,4,2013,17,1,94,17,2,1,1,6,"499, MAURICE THOREZ (AV)",0.0,0.0
201300042984,13,4,2013,21,5,94,17,2,1,1,2,"98, REPUBLIQUE (AV DE LA",0.0,0.0
201300042985,16,4,2013,8,1,94,17,2,2,1,3,"1, CHARLES BAUDIN (AV)",0.0,0.0
201300042986,24,4,2013,13,1,94,17,2,1,1,3,AMBROISE CROIZAT (AV),0.0,0.0
201300042987,22,4,2013,18,1,94,17,2,1,1,3,"164, STALINGRAD (BD DE)",0.0,0.0
201300042988,19,4,2013,19,1,94,17,2,2,1,3,REPUBLIQUE (AV DE LA),0.0,0.0
201300042989,24,4,2013,15,1,94,17,2,1,1,6,REPUBLIQUE (AV DE LA),0.0,0.0
201300042990,24,4,2013,16,1,94,17,2,1,1,6,"104, REPUBLIQUE (AV DE L",0.0,0.0
201300042991,30,4,2013,12,1,94,17,2,1,1,2,EUGENE VARLIN (R),0.0,0.0
201300042992,30,4,2013,16,1,94,17,2,1,1,3,"1 bis, CIMETIERE (R DU)",0.0,0.0
201300042993,1,5,2013,16,1,94,17,2,1,1,6,"146, ROGER SALENGRO (AV)",0.0,0.0
201300042994,3,5,2013,16,1,94,17,2,1,1,2,ANDREA PALLADIO (ALL),0.0,0.0
201300042995,6,5,2013,18,1,94,17,2,3,1,6,"10, ONZE NOVEMBRE 1918 (",0.0,0.0
201300042996,11,5,2013,17,1,94,17,2,1,1,6,"2, GENERAL DE GAULLE (AV",0.0,0.0
201300042997,25,5,2013,15,1,94,17,2,1,2,6,"1056, BERNAU (R DE)",0.0,0.0
201300042998,27,5,2013,18,1,94,17,2,1,1,6,"24, JULES GUESDE (BD)",0.0,0.0
201300042999,31,5,2013,11,1,94,17,2,1,1,3,"10, JEAN JAURES (R)",0.0,0.0
201300043000,31,5,2013,19,1,94,17,2,1,1,6,LOUIS TALAMONI (R),0.0,0.0
201300043001,8,6,2013,12,1,94,17,2,1,1,3,GENERAL DE GAULLE (AV DU,0.0,0.0
201300043002,9,6,2013,7,1,94,17,2,1,1,1,"30, STALINGRAD (BD DE)",0.0,0.0
201300043003,14,6,2013,19,1,94,17,2,1,1,3,"124, MARX DORMOY (AV)",0.0,0.0
201300043004,18,6,2013,9,1,94,17,2,1,1,6,LOUIS TALAMONI (R),0.0,0.0
201300043005,18,6,2013,11,1,94,17,2,1,1,2,"89, GENERAL LECLERC (AV",0.0,0.0
201300043006,19,6,2013,12,1,94,17,2,2,1,3,GENERAL DE GAULLE (AV DU,0.0,0.0
201300043007,20,6,2013,7,1,94,17,2,1,1,2,MARX DORMOY (AV),0.0,0.0
201300043008,20,6,2013,17,1,94,17,2,3,1,3,"2, ALEXANDRE FOURNY (R)",0.0,0.0
201300043009,21,6,2013,8,1,94,17,2,6,1,6,"20, ALFRED GREVIN (R)",0.0,0.0
201300043010,21,6,2013,11,1,94,17,2,1,1,3,GENERAL DE GAULLE (AV DU,0.0,0.0
201300043011,21,6,2013,19,1,94,17,2,1,1,6,"9, GEORGES DIMITROV (R)",0.0,0.0
201300043012,26,6,2013,16,1,94,17,2,3,1,6,"19, COLOMBE HARDELET (AV",0.0,0.0
201300043013,27,6,2013,18,1,94,17,2,1,1,6,RODIN (PL),0.0,0.0
201300043014,30,6,2013,9,1,94,17,2,1,1,6,"149, GENERAL DE GAULLE (",0.0,0.0
201300043015,4,7,2013,17,1,94,17,2,6,1,2,"00, HENRI-MARIE LE BOURS",0.0,0.0
201300043016,8,7,2013,7,1,94,17,2,2,1,3,GENERAL DE GAULLE (AV DU,0.0,0.0
201300043017,11,7,2013,10,1,94,17,2,1,1,4,"11, ROGER SALENGRO (AV)",0.0,0.0
201300043018,12,7,2013,19,1,94,17,2,1,1,4,ALEXANDRE FOURNY (R),0.0,0.0
201300043019,13,7,2013,2,5,94,17,2,1,1,2,STALINGRAD (BD DE),0.0,0.0
201300043020,18,7,2013,11,1,94,17,2,6,1,1,MAURICE THOREZ (AV),0.0,0.0
201300043021,19,7,2013,7,1,94,17,2,1,1,2,"57, LOUIS TALAMONI (R)",0.0,0.0
201300043022,20,7,2013,17,1,94,17,2,2,1,3,CARNOT (AV),0.0,0.0
201300043023,1,8,2013,16,1,94,17,2,2,1,3,CHATEAU (BD DU),0.0,0.0
201300043024,6,8,2013,12,1,94,17,2,1,1,2,"186, STALINGRAD (BD DE)",0.0,0.0
201300043025,11,8,2013,17,1,94,17,1,1,1,3,"30, MUSSELBURGH (R DE)",0.0,0.0
201300043026,12,8,2013,23,5,94,17,2,1,1,4,GENERAL DE GAULLE (AV DU,0.0,0.0
201300043027,14,8,2013,10,1,94,17,2,1,1,2,JEAN MONNET (BD),0.0,0.0
201300043028,20,8,2013,14,1,94,17,2,1,1,3,JEAN JAURES (R),0.0,0.0
201300043029,29,8,2013,23,5,94,17,2,1,1,6,"66, REPUBLIQUE (AV DE LA",0.0,0.0
201300043030,3,9,2013,20,1,94,17,2,2,1,3,GENERAL LECLERC (AV DU),0.0,0.0
201300043031,5,9,2013,8,1,94,17,2,1,1,1,"130, EUGENE VARLIN (R)",0.0,0.0
201300043032,10,9,2013,17,1,94,17,2,1,1,3,"1, EUGENE VARLIN (R)",0.0,0.0
201300043033,13,9,2013,13,1,94,17,2,1,1,6,"99, GENERAL DE GAULLE (A",0.0,0.0
201300043034,14,9,2013,23,5,94,17,2,1,3,6,"148, MAURICE THOREZ (AV)",0.0,0.0
201300043035,16,9,2013,16,1,94,17,2,1,1,6,LOUIS TALAMONI (R),0.0,0.0
201300043036,18,9,2013,13,1,94,17,2,1,1,5,GENERAL DE GAULLE (AV DU,0.0,0.0
201300043037,22,9,2013,16,1,94,17,2,1,1,2,BERNAU (R DE),0.0,0.0
201300043038,23,9,2013,22,5,94,17,2,2,1,3,HENRI BARBUSSE (R),0.0,0.0
201300043039,24,9,2013,17,1,94,17,2,1,1,3,STALINGRAD (BD DE),0.0,0.0
201300043040,24,9,2013,18,1,94,17,2,1,1,6,"89, SALVADOR ALLENDE (AV",0.0,0.0
201300043041,27,9,2013,20,5,94,17,2,3,1,3,STALINGRAD (BD DE),0.0,0.0
201300043042,28,9,2013,22,5,94,17,2,1,1,6,GAITE (R DE LA),0.0,0.0
201300043043,6,10,2013,12,1,94,17,2,1,1,3,MARX DORMOY (AV),0.0,0.0
201300043044,7,10,2013,23,5,94,17,2,6,1,2,"21, BOIS L ABBE (R DU)",0.0,0.0
201300043045,12,10,2013,17,1,94,17,2,1,1,3,"315, GENERAL DE GAULLE (",0.0,0.0
201300043046,26,10,2013,12,1,94,17,2,1,2,6,ALBERT THOMAS (R),0.0,0.0
201300043047,26,10,2013,12,1,94,17,2,2,2,3,HENRI BARBUSSE (R),0.0,0.0
201300043048,6,11,2013,18,5,94,17,2,1,1,3,"272, MAURICE THOREZ (AV)",0.0,0.0
201300043049,7,11,2013,16,1,94,17,2,2,1,6,LOUIS TALAMONI (R),0.0,0.0
201300043050,20,11,2013,7,1,94,17,2,1,1,3,MUSSELBURGH (R DE),0.0,0.0
201300043051,25,11,2013,13,1,94,17,2,2,1,3,GENERAL DE GAULLE (AV DU,0.0,0.0
201300043052,28,11,2013,15,1,94,17,2,1,1,2,"192, MAURICE THOREZ (AV)",0.0,0.0
201300043053,2,12,2013,14,1,94,17,2,1,1,2,JACK GOUREVITCH (AV),0.0,0.0
201300043054,14,12,2013,18,5,94,17,2,1,1,6,", REPUBLIQUE (AV DE LA)",0.0,0.0
201300043055,19,12,2013,8,5,94,17,2,2,2,1,JEAN JAURES (R),0.0,0.0
201300043056,21,12,2013,18,3,94,17,2,1,1,6,"26, LOUIS TALAMONI (R)",0.0,0.0
201300043057,3,1,2013,21,5,94,18,2,3,8,3,PARIS (R DE),0.0,0.0
201300043058,4,6,2013,10,1,94,18,2,1,1,2,VICTOR HUGO (R),0.0,0.0
201300043059,5,6,2013,19,1,94,18,2,1,1,7,"7, BERCY (QU DE)",0.0,0.0
201300043060,12,1,2013,14,1,94,18,2,1,2,6,"10, ALFRED SAVOURE (R)",0.0,0.0
201300043061,7,6,2013,14,1,94,18,2,1,1,6,ILE MARTINET,0.0,0.0
201300043062,22,1,2013,13,1,94,18,2,1,2,2,"26, R VICTOR HUGO",0.0,0.0
201300043063,16,6,2013,10,1,94,18,2,1,1,6,"133 bis, PARIS (R DE)",0.0,0.0
201300043064,19,6,2013,17,1,94,18,2,1,3,3,"63, GRAVELLE (AV DE)",0.0,0.0
201300043065,2,2,2013,19,3,94,18,2,1,1,2,BERCY (QU DE),0.0,0.0
201300043066,25,6,2013,8,1,94,18,2,3,1,1,CARRIERES (QU DES),0.0,0.0
201300043067,5,2,2013,15,1,94,69,2,1,1,6,"34 bis, MARECHAL LECLERC",0.0,0.0
201300043068,8,2,2013,7,2,94,18,2,2,8,3,PONT (R DU),0.0,0.0
201300043069,30,6,2013,10,1,94,18,2,3,1,3,GRAVELLE (AV DE),0.0,0.0
201300043070,1,7,2013,12,1,94,18,2,1,1,6,"145 bis, R DE PARIS",0.0,0.0
201300043071,7,7,2013,1,5,94,18,2,1,1,7,R ARTHUR CROQUETTE,0.0,0.0
201300043072,18,2,2013,17,1,94,18,2,2,1,7,CAMILLE MOUQUET (R),0.0,0.0
201300043073,12,7,2013,15,1,94,18,2,1,1,6,"85, PARIS (R DE)",0.0,0.0
201300043074,12,7,2013,20,1,94,18,2,1,1,6,CARRIERES (QU DES),0.0,0.0
201300043075,14,7,2013,18,1,94,69,2,1,1,2,"2, SAINT MAURICE DU VALA",0.0,0.0
201300043076,28,2,2013,9,1,94,18,2,6,1,7,CARRIERES (QU DES),0.0,0.0
201300043077,4,3,2013,21,5,94,69,2,1,1,6,"51, VAL D OSNE (R DU)",0.0,0.0
201300043078,6,3,2013,21,5,94,69,2,1,1,2,MARECHAL DE LATTRE DE TA,0.0,0.0
201300043079,7,3,2013,17,1,94,69,2,1,1,2,"145, MARECHAL LECLERC (R",0.0,0.0
201300043080,16,3,2013,8,1,94,69,2,1,1,5,"176, MARECHAL LECLERC (R",0.0,0.0
201300043081,16,3,2013,13,1,94,18,2,1,1,6,"2/4, L'EUROPE (PL DE)",0.0,0.0