Num_Acc,jour,mois,an,hr,condition_eclairage,departement,commune,condition_agglomeration,intersection,condition_atmosphere,type_collision,adresse,lattitude,longitude
201300043082,5,8,2013,18,1,94,69,2,1,1,3,"178, MARECHAL LECLERC (R",0.0,0.0
201300043083,19,3,2013,7,1,94,69,2,1,1,1,"128, MARECHAL LECLERC (R",0.0,0.0
201300043084,19,3,2013,23,5,94,18,2,2,2,3,"150, PARIS (R DE)",0.0,0.0
201300043085,23,3,2013,13,1,94,69,2,9,1,2,MARECHAL LECLERC (R DU),0.0,0.0
201300043086,23,3,2013,18,1,94,69,2,1,1,6,"5bis, REPUBLIQUE (QU DE",0.0,0.0
201300043087,14,8,2013,11,1,94,18,2,3,1,3,BERCY - PTE DE BERCY (QU,0.0,0.0
201300043088,30,3,2013,3,5,94,18,2,1,1,7,"43/45, PARIS (R DE)",0.0,0.0
201300043089,21,8,2013,4,5,94,69,2,1,1,7,MARECHAL LECLERC (R DU),0.0,0.0
201300043090,21,8,2013,13,1,94,18,2,1,1,3,CARRIERES (QU DES),0.0,0.0
201300043091,3,4,2013,9,1,94,69,2,2,1,3,GRAVELLE (AV DE),0.0,0.0
201300043092,14,4,2013,18,1,94,69,2,1,1,6,"105, GRAVELLE (AV DE)",0.0,0.0
201300043093,27,4,2013,11,1,94,18,2,3,8,5,"1, REPUBLIQUE (R DE LA)",0.0,0.0
201300043094,27,4,2013,16,1,94,18,2,2,1,3,GABRIELLE (R),0.0,0.0
201300043095,3,5,2013,12,1,94,18,2,1,1,6,"14, GRAVELLE (AV DE)",0.0,0.0
201300043096,14,9,2013,14,1,94,69,2,1,2,6,REPUBLIQUE (QU DE LA),0.0,0.0
201300043097,17,5,2013,15,1,94,18,2,3,1,6,BERCY (QU DE),0.0,0.0
201300043098,22,5,2013,0,5,94,18,2,1,2,7,"58, PARIS (R DE)",0.0,0.0
201300043099,22,5,2013,13,1,94,18,2,1,1,4,"20 bis, CARRIERES (QU DE",0.0,0.0
201300043100,28,5,2013,8,1,94,69,2,1,2,1,"5bis, REPUBLIQUE (QU DE",0.0,0.0
201300043101,8,10,2013,14,1,94,18,2,1,1,6,"14, ARCHEVECHE (R DE L)",0.0,0.0
201300043102,8,10,2013,19,1,94,18,2,2,1,2,"24, CARRIERES (QU DES)",0.0,0.0
201300043103,12,10,2013,10,1,94,69,2,1,1,6,"133, MARECHAL LECLERC (R",0.0,0.0
201300043104,22,10,2013,10,1,94,69,2,1,1,6,"32, MARECHAL DE LATTRE D",0.0,0.0
201300043105,6,11,2013,17,2,94,18,2,1,1,6,"115bis, PARIS (R DE)",0.0,0.0
201300043106,8,11,2013,19,5,94,69,1,1,2,3,SAINT MAURICE DU VALAIS,0.0,0.0
201300043107,10,11,2013,17,5,94,69,2,3,1,3,"14, CANADIENS (AV DES)",0.0,0.0
201300043108,17,11,2013,18,5,94,18,2,1,1,3,"18, GRAVELLE (AV DE)",0.0,0.0
201300043109,13,12,2013,0,5,94,18,2,2,1,3,"16, VERDUN (R DE)",0.0,0.0
201300043110,24,12,2013,10,1,94,69,2,3,2,6,EPINETTES (R DES),0.0,0.0
201300043111,25,6,2013,0,5,94,18,2,9,1,1,PARIS (R DE),0.0,0.0
201300043112,31,7,2013,19,1,94,18,2,1,1,6,ARCADE (R DE L),0.0,0.0
201300043113,3,1,2013,8,2,94,79,2,2,2,3,BISHOP'S STORDFORD (BD D,0.0,0.0
201300043114,9,1,2013,17,3,94,19,2,1,2,3,"27, SUCY (R DE)",0.0,0.0
201300043115,14,1,2013,12,1,94,19,2,2,1,6,L'HIPPODROME (AV DE),0.0,0.0
201300043116,14,1,2013,18,5,94,55,2,1,8,6,"11, GENERAL DE GAULLE (A",0.0,0.0
201300043117,15,1,2013,8,2,94,59,2,2,4,3,HUGUENOTS (AV DES),0.0,0.0
201300043118,11,2,2013,17,1,94,59,2,1,1,6,"54, ARDOUIN (AV)",0.0,0.0
201300043119,14,2,2013,8,1,94,79,1,1,2,6,BRY (RTE DE),0.0,0.0
201300043120,16,2,2013,10,1,94,79,2,1,1,6,"40, GENERAL DE GAULLE (R",0.0,0.0
201300043121,17,2,2013,2,5,94,55,2,1,1,3,"21, ANATOLE FRANCE (R)",0.0,0.0
201300043122,21,2,2013,8,1,94,19,2,1,1,3,"69, ARISTIDE BRIAND (R)",0.0,0.0
201300043123,21,2,2013,17,1,94,55,2,1,1,3,PROVINS (RTE DE),0.0,0.0
201300043124,21,2,2013,17,1,94,79,2,2,1,1,NOISY/MONTRICHARD,0.0,0.0
201300043125,28,2,2013,16,1,94,55,2,1,1,6,GEORGES GUYNEMER (R),0.0,0.0
201300043126,1,3,2013,22,5,94,59,1,1,1,7,LEFEBVRE (AV),0.0,0.0
201300043127,9,3,2013,0,3,94,60,1,1,2,6,CHAMPLAIN (CUVETTE DE),0.0,0.0
201300043128,19,3,2013,10,1,94,79,2,1,1,3,JEAN JAURES (R),0.0,0.0
201300043129,20,3,2013,9,1,94,79,2,1,1,6,"07, GENERAL DE GAULLE (R",0.0,0.0
201300043130,21,3,2013,22,5,94,60,2,2,2,2,GEORGES POMPIDOU (AV),0.0,0.0
201300043131,22,3,2013,12,1,94,55,2,1,1,6,OLIVIER D ORMESSON (AV),0.0,0.0
201300043132,29,3,2013,11,1,94,19,2,3,1,1,BORDES/SONNETTES,0.0,0.0
201300043133,29,3,2013,15,1,94,55,2,7,1,6,PINCE VENT (AV DE),0.0,0.0
201300043134,30,3,2013,11,1,94,60,2,1,1,6,"15, MARECHAL HORTIER (AV",0.0,0.0
201300043135,2,4,2013,15,1,94,79,2,1,1,2,"119, GENERAL DE GAULLE (",0.0,0.0
201300043136,2,4,2013,15,1,94,19,2,2,1,3,LIBERATION (RTE DE LA),0.0,0.0
201300043137,6,4,2013,12,1,94,53,2,2,1,3,GRANDE RUE PIERRE MENDES,0.0,0.0
201300043138,7,4,2013,10,1,94,59,2,1,1,6,GENERAL DE GAULLE (AV DU,0.0,0.0
201300043139,9,4,2013,19,1,94,19,2,6,2,3,LIBERATION (RTE DE LA),0.0,0.0
201300043140,10,4,2013,11,1,94,19,2,1,1,6,RABELAIS (R),0.0,0.0
201300043141,16,4,2013,22,5,94,19,2,1,1,6,"82 bis, CHAMPIGNY (R DE)",0.0,0.0
201300043142,18,4,2013,19,1,94,19,2,4,1,3,CHIROL (R),0.0,0.0
201300043143,25,4,2013,11,1,94,79,2,2,1,6,"39, FRIEDBERG (BD DE)",0.0,0.0
201300043144,1,5,2013,0,5,94,59,2,2,2,3,DAME BLANCHE (AV DE LA),0.0,0.0
201300043145,2,5,2013,17,1,94,55,2,1,1,6,"97, GENERAL DE GAULLE (A",0.0,0.0
201300043146,6,5,2013,7,1,94,55,2,1,1,3,PROVINS (RTE DE),0.0,0.0
201300043147,7,5,2013,5,5,94,60,2,3,1,3,"28, JEAN JAURES (R)",0.0,0.0
201300043148,11,5,2013,18,1,94,19,2,5,1,3,MARECHAL LECLERC (AV DU),0.0,0.0
201300043149,18,5,2013,11,1,94,55,2,2,1,3,CANTOUX (R DES),0.0,0.0
201300043150,20,5,2013,8,1,94,53,2,1,2,1,"17, GENERAL DE GAULLE (R",0.0,0.0
201300043151,24,5,2013,12,1,94,19,2,1,3,1,"20, FUSILLES DE CHATEAUB",0.0,0.0
201300043152,24,5,2013,16,1,94,19,2,1,3,5,LIBERATION - CAR DE PINC,0.0,0.0
201300043153,27,5,2013,12,1,94,19,2,2,1,2,LIBERATION (RTE DE LA),0.0,0.0
201300043154,27,5,2013,18,1,94,79,2,1,1,2,JEAN JAURES (R),0.0,0.0
201300043155,30,5,2013,8,1,94,55,2,5,2,3,BELVEDERE (R DU),0.0,0.0
201300043156,31,5,2013,15,1,94,79,2,1,8,6,"72, FRIEDBERG (BD DE)",0.0,0.0
201300043157,3,6,2013,21,5,94,79,2,1,1,6,"13 BIS, GENERAL LECLERC",0.0,0.0
201300043158,4,6,2013,12,1,94,19,2,1,1,3,"15, HENRI PEUTEUIL (R)",0.0,0.0
201300043159,7,6,2013,17,1,94,79,2,9,1,6,"2, FRIEDBERG (BD DE)",0.0,0.0
201300043160,9,6,2013,16,1,94,19,2,1,2,3,"35, EDMOND (AV)",0.0,0.0
201300043161,10,6,2013,18,1,94,79,2,2,1,2,MONNET/BELL,0.0,0.0
201300043162,11,6,2013,4,5,94,55,2,9,1,3,"47, OLIVIER D ORMESSON (",0.0,0.0
201300043163,13,6,2013,21,2,94,59,2,1,8,3,"32, ARDOUIN (AV)",0.0,0.0
201300043164,18,6,2013,20,1,94,19,2,3,1,3,SUCY (R DE),0.0,0.0
201300043165,20,6,2013,10,1,94,79,2,1,2,6,HENRI DUNANT (AV),0.0,0.0
201300043166,21,6,2013,7,1,94,59,2,3,8,3,"153, MARECHALE (AV DE LA",0.0,0.0
201300043167,21,6,2013,7,1,94,55,2,2,1,3,OLIVIER D ORMESSON (AV),0.0,0.0
201300043168,21,6,2013,12,1,94,60,1,1,1,5,NOISEAU (RTE DE),0.0,0.0
201300043169,25,6,2013,16,1,94,55,2,2,1,3,CANTOUX (R DES),0.0,0.0
201300043170,4,6,2013,15,1,94,19,2,6,1,2,L'HIPPODROME (AV DE),0.0,0.0
201300043171,28,6,2013,12,1,94,19,2,1,2,3,"48, ARISTIDE BRIAND (R)",0.0,0.0
201300043172,29,6,2013,13,1,94,59,2,1,1,4,"123, MAURICE BERTEAUX (A",0.0,0.0
201300043173,8,7,2013,19,1,94,19,2,1,1,2,"57, ARISTIDE BRIAND (R)",0.0,0.0
201300043174,9,7,2013,16,1,94,79,2,2,1,3,JEAN MONNET (BD),0.0,0.0
201300043175,11,7,2013,20,1,94,19,2,4,1,3,SUCY (R DE),0.0,0.0
201300043176,13,7,2013,13,1,94,60,2,1,1,2,"46, GENERAL DE GAULLE (R",0.0,0.0
201300043177,17,7,2013,8,1,94,59,2,6,1,3,JEAN CLAUDE DELUBAC (AV),0.0,0.0
201300043178,19,7,2013,20,1,94,60,2,1,1,3,COMBAULT (RTE DE),0.0,0.0
201300043179,20,7,2013,14,1,94,19,2,2,1,1,ALEXANDRE FOURNY (R),0.0,0.0
201300043180,28,7,2013,3,5,94,59,2,2,1,3,DAME BLANCHE (AV DE LA),0.0,0.0
201300043181,14,8,2013,23,5,94,79,2,3,1,3,GENERAL LECLERC (R DU),0.0,0.0
201300043182,27,6,2013,17,1,94,60,2,1,1,6,FRERES LUMIERES (R DES),0.0,0.0
201300043183,27,8,2013,8,1,94,79,2,2,1,3,HAUTE FUTAIE (AV DE LA),0.0,0.0
201300043184,27,8,2013,12,1,94,55,2,1,1,3,"85, PROVINS (RTE DE)",0.0,0.0
201300043185,4,9,2013,8,1,94,59,2,3,1,5,"37, MAURICE BERTEAUX (AV",0.0,0.0
201300043186,4,9,2013,20,1,94,79,2,1,1,1,"17, GENERAL DE GAULLE (R",0.0,0.0
201300043187,5,9,2013,6,5,94,55,2,1,1,6,"19, ONZE NOVEMBRE (R DU)",0.0,0.0
201300043188,7,9,2013,16,1,94,79,2,1,1,2,PIERRE SEMARD (PL),0.0,0.0
201300043189,12,9,2013,16,1,94,19,2,1,1,2,PLESSIS (RTE DU),0.0,0.0
201300043190,13,9,2013,21,4,94,55,2,1,2,3,"14, PROVINS (RTE DE)",0.0,0.0
201300043191,14,9,2013,18,1,94,79,2,2,2,3,GENERAL DE GAULLE (R DU),0.0,0.0
201300043192,19,9,2013,16,1,94,19,2,1,1,3,PINCE VENT (AV DE),0.0,0.0
201300043193,24,9,2013,16,1,94,19,2,1,1,6,"31, CHAMPIGNY (R DE)",0.0,0.0
201300043194,26,9,2013,17,1,94,19,2,1,1,3,"100, ARISTIDE BRIAND (R)",0.0,0.0
201300043195,1,10,2013,12,1,94,59,2,2,1,7,MAURICE BERTEAUX (AV),0.0,0.0
201300043196,4,10,2013,20,5,94,79,2,3,1,3,JEAN JAURES (R),0.0,0.0
201300043197,5,10,2013,17,1,94,60,2,1,1,2,CHAMPLAIN (CUVETTE DE),0.0,0.0
201300043198,6,10,2013,18,1,94,60,2,1,8,7,GENERAL DE GAULLE (R DU),0.0,0.0
201300043199,11,10,2013,9,1,94,79,2,1,2,3,COMBAULT (RTE DE),0.0,0.0
201300043200,14,10,2013,7,1,94,60,2,2,1,6,LOUIS ARAGON (R),0.0,0.0
201300043201,16,10,2013,9,1,94,59,2,2,8,3,HUGUENOTS (AV DES),0.0,0.0
201300043202,22,10,2013,11,1,94,60,2,1,1,5,"34, GENERAL DE GAULLE (R",0.0,0.0
201300043203,26,10,2013,11,1,94,19,2,3,2,3,LIBERATION (RTE DE LA),0.0,0.0
201300043204,28,10,2013,16,1,94,79,2,1,1,6,SANCHO PANCA (IMP),0.0,0.0
201300043205,29,10,2013,17,1,94,59,2,2,1,3,"57, MAURICE BERTEAUX (AV",0.0,0.0
201300043206,31,10,2013,14,1,94,55,2,4,1,6,MAURICE SCHUMAN,0.0,0.0
201300043207,31,10,2013,16,1,94,59,2,1,1,6,"18, COEUILLY (AV DE)",0.0,0.0
201300043208,2,11,2013,9,1,94,79,2,3,2,3,GENERAL DE GAULLE (R DU),0.0,0.0
201300043209,5,11,2013,8,1,94,59,2,2,3,7,MAURICE BERTEAUX (AV),0.0,0.0
201300043210,8,11,2013,8,1,94,55,2,3,2,3,PINCE VENT (AV DE),0.0,0.0
201300043211,14,11,2013,13,1,94,19,2,2,3,3,"37, LIBERATION (RTE DE L",0.0,0.0
201300043212,18,11,2013,11,1,94,59,2,1,1,6,"08, GENERAL LECLERC (AV",0.0,0.0
201300043213,27,11,2013,13,1,94,19,2,2,1,3,LIBERATION (RTE DE LA),0.0,0.0
201300043214,2,12,2013,14,1,94,19,2,3,1,3,FUSILLES DE CHATEAUBRIAN,0.0,0.0
201300043215,2,12,2013,22,3,94,53,2,1,1,3,"40, GRANDE RUE PIERRE ME",0.0,0.0
201300043216,9,12,2013,9,1,94,59,2,2,1,3,MARBEAU (AV),0.0,0.0
201300043217,13,12,2013,14,1,94,19,2,1,1,3,"2, LIBERATION (RTE DE LA",0.0,0.0
201300043218,18,12,2013,8,5,94,60,2,1,1,6,JEAN RACINE (R),0.0,0.0
201300043219,20,12,2013,8,1,94,55,2,1,1,6,"85, JULES GUESDE (R)",0.0,0.0
201300043220,20,12,2013,17,5,94,55,2,2,1,4,NON DENOMMEE (VOI),0.0,0.0
201300043221,22,12,2013,9,1,94,53,2,2,2,3,GRANDE RUE PIERRE MENDES,0.0,0.0
201300043222,24,12,2013,19,5,94,79,2,3,2,3,JEAN JAURES (R),0.0,0.0
201300043223,27,12,2013,9,1,94,55,2,6,2,3,PINCE VENT - CAR DE PINC,0.0,0.0
201300043224,27,12,2013,15,1,94,59,2,1,8,6,GONZALVE (AV),0.0,0.0
201300043225,27,12,2013,19,5,94,79,2,1,2,6,JEAN JAURES (R),0.0,0.0
201300043226,17,8,2013,6,2,94,22,2,2,1,6,LUGO (AV DE),0.0,0.0
201300043227,16,12,2013,23,5,94,22,2,1,1,6,"3, PRESIDENT ROOSEVELT (",0.0,0.0
201300043228,18,8,2013,19,2,94,22,2,2,1,3,STALINGRAD (BD DE),0.0,0.0
201300043229,25,1,2013,7,1,94,22,2,3,1,3,STALINGRAD (BD DE),0.0,0.0
201300043230,20,8,2013,9,1,94,22,2,1,1,6,A J GABRIEL (ALL),0.0,0.0
201300043231,28,4,2013,15,1,94,54,2,3,1,6,COMMERCE (R DU),0.0,0.0
201300043232,19,12,2013,13,1,94,54,2,2,1,3,REPUBLIQUE (AV DE LA),0.0,0.0
201300043233,18,3,2013,9,1,94,22,2,1,1,2,"86, STALINGRAD (BD DE)",0.0,0.0
201300043234,24,8,2013,18,1,94,22,2,9,1,6,"25, GAMBETTA (AV)",0.0,0.0
201300043235,5,5,2013,4,5,94,81,1,1,1,2,A86,48.7734,2.40314
201300043236,31,3,2013,22,5,94,22,2,1,1,6,"04, JEAN JAURES (R)",0.0,0.0
201300043237,28,8,2013,16,1,94,54,2,2,1,3,BAS MARIN (R DU),0.0,0.0
201300043238,6,5,2013,13,1,94,22,2,2,1,3,STALINGRAD (BD DE),0.0,0.0
201300043239,28,12,2013,10,1,94,22,2,1,1,7,FOUR (R DU),0.0,0.0
201300043240,29,8,2013,19,1,94,22,2,1,1,2,VILLENEUVE ST GEORGES (A,0.0,0.0
201300043241,9,5,2013,13,1,94,22,2,1,1,6,ANATOLE FRANCE (AV),0.0,0.0
201300043242,11,5,2013,5,5,94,22,2,2,1,3,LUGO (AV DE),0.0,0.0
201300043243,31,12,2013,16,1,94,54,2,1,1,6,"22, JEAN MERMOZ (R)",0.0,0.0
201300043244,13,5,2013,16,1,94,54,2,1,1,7,VICTOIRE (AV DE LA),0.0,0.0
201300043245,5,9,2013,10,1,94,22,2,1,1,6,WALDECK ROUSSEAU (R),0.0,0.0
201300043246,6,9,2013,18,1,94,22,2,1,1,6,DOCTEUR ROUX (R DU),0.0,0.0
201300043247,18,1,2013,21,5,94,22,2,1,4,2,VICTOR HUGO (AV),0.0,0.0
201300043248,9,9,2013,12,1,94,22,2,1,2,3,LEON GOURDAULT (AV),0.0,0.0
201300043249,31,8,2013,4,5,94,54,2,1,1,2,MARCEL CACHIN (AV),0.0,0.0
201300043250,14,10,2013,12,1,94,22,2,1,1,2,"10, ALFORTVILLE (AV D)",0.0,0.0
201300043251,28,8,2013,19,1,94,54,2,2,1,3,VICTOIRE/COUTURIER,0.0,0.0
201300043252,20,9,2013,16,1,94,54,2,1,1,6,MARCEL CACHIN (AV),0.0,0.0
201300043253,18,11,2013,8,1,94,22,2,1,1,6,ALFORTVILLE (AV D),0.0,0.0
201300043254,3,12,2013,8,1,94,22,2,1,1,5,"12, LEON GOURDAULT (AV)",0.0,0.0
201300043255,30,4,2013,19,1,94,22,2,2,1,6,JEAN JAURES (R),0.0,0.0
201300043256,5,2,2013,11,1,94,22,1,1,8,4,LUGO (AV DE),0.0,0.0
201300043257,1,6,2013,10,1,94,22,2,1,1,6,"34, AUGUSTE BLANQUI (R)",0.0,0.0
201300043258,7,2,2013,18,5,94,22,2,2,1,3,YOURI GAGARINE (AV),0.0,0.0
201300043259,10,5,2013,11,1,94,22,2,1,1,6,LOUISE MICHEL (R),0.0,0.0
201300043260,27,9,2013,14,1,94,22,2,1,1,6,"30, EPARGNE (R DE L)",0.0,0.0
201300043261,3,6,2013,7,1,94,22,2,1,1,6,"22-26, LUGO (AV DE)",0.0,0.0
201300043262,4,6,2013,16,1,94,54,2,1,1,6,MARTYRS DE CHATEAUBRIANT,0.0,0.0
201300043263,1,10,2013,7,2,94,54,2,1,1,6,CHARLES TILLON (route),0.0,0.0
201300043264,12,2,2013,16,1,94,22,2,1,8,6,YVES LEGER (R),0.0,0.0
201300043265,4,10,2013,7,2,94,54,2,9,1,2,BAS MARIN (R DU),0.0,0.0
201300043266,4,10,2013,19,5,94,22,2,1,1,2,"28, VICTOR HUGO (AV)",0.0,0.0
201300043267,10,6,2013,8,1,94,54,2,2,1,3,VICTOIRE (AV DE LA),0.0,0.0
201300043268,18,2,2013,11,1,94,54,2,1,1,6,VICTOIRE (AV DE LA),0.0,0.0
201300043269,12,6,2013,11,1,94,22,2,9,8,3,"60, VICTOR HUGO (AV)",0.0,0.0
201300043270,9,10,2013,20,3,94,81,1,1,2,2,A86,48.7734,2.40309
201300043271,16,6,2013,15,1,94,22,2,1,1,6,"43, TRAVERSIERE (R)",0.0,0.0
201300043272,12,10,2013,15,1,94,54,2,1,1,5,SAULES (VOI DES),0.0,0.0
201300043273,18,6,2013,17,1,94,54,2,2,1,3,VICTOIRE (AV DE LA),0.0,0.0
201300043274,17,10,2013,5,5,94,22,2,2,2,3,GAMBETTA (AV),0.0,0.0
201300043275,20,10,2013,12,1,94,22,2,1,2,3,VICTOR HUGO (AV),0.0,0.0
201300043276,20,10,2013,22,5,94,22,2,2,8,4,VICTOR HUGO (AV),0.0,0.0
201300043277,21,10,2013,12,1,94,22,2,1,1,6,"20, FOUR (R DU)",0.0,0.0
201300043278,4,3,2013,17,1,94,22,2,1,1,3,CHOISY (RTE DE),0.0,0.0
201300043279,6,3,2013,17,1,94,54,2,3,1,3,ADRIEN RAYNAL (AV),0.0,0.0
201300043280,1,7,2013,17,1,94,22,2,1,1,6,"59, DOCTEUR ROUX (R DU)",0.0,0.0
201300043281,2,7,2013,11,1,94,54,2,1,1,3,"93, VICTOIRE (AV DE LA)",0.0,0.0
201300043282,2,7,2013,15,1,94,22,2,1,1,6,"2, GAMBETTA (AV)",0.0,0.0
201300043283,31,10,2013,15,1,94,54,2,3,8,2,MARCEL CACHIN (AV),0.0,0.0
201300043284,6,7,2013,19,1,94,54,2,1,1,7,"20, ADRIEN RAYNAL (AV)",0.0,0.0
201300043285,6,11,2013,9,1,94,22,2,1,8,2,"115, ALFORTVILLE (AV D)",0.0,0.0
201300043286,22,3,2013,9,1,94,22,2,1,1,3,ANATOLE FRANCE (AV),0.0,0.0
201300043287,8,11,2013,20,5,94,22,2,1,2,7,JEAN JAURES (R),0.0,0.0
201300043288,9,11,2013,17,5,94,54,2,1,2,6,MARTYRS DE CHATEAUBRIANT,0.0,0.0
201300043289,24,3,2013,18,2,94,22,2,1,1,6,GAMBETTA (AV),0.0,0.0
201300043290,25,3,2013,16,1,94,22,2,1,1,3,"30, LEON GOURDAULT (AV)",0.0,0.0
201300043291,14,11,2013,6,5,94,54,2,7,1,6,MARTYRS DE CHATEAUBRIANT,0.0,0.0
201300043292,18,7,2013,14,1,94,22,2,2,1,6,CHRISTOPHE COLOMB (R),0.0,0.0
201300043293,31,3,2013,11,1,94,22,2,1,1,3,"54, STALINGRAD (BD DE)",0.0,0.0
201300043294,31,3,2013,16,1,94,22,2,1,1,3,VICTOR HUGO (AV),0.0,0.0
201300043295,18,11,2013,15,1,94,54,2,1,1,6,"68, ADRIEN RAYNAL (AV)",0.0,0.0
201300043296,31,3,2013,20,5,94,22,2,1,1,3,VICTOR HUGO (AV),0.0,0.0
201300043297,20,7,2013,21,5,94,22,2,1,1,3,"126, STALINGRAD (BD DE)",0.0,0.0
201300043298,2,4,2013,13,1,94,22,2,1,1,6,ROBERT PEARY (R),0.0,0.0
201300043299,23,7,2013,13,1,94,22,2,3,2,3,ALFORTVILLE (AV D),0.0,0.0
201300043300,23,7,2013,20,2,94,22,2,1,1,3,STALINGRAD (BD DE),0.0,0.0
201300043301,21,11,2013,18,5,94,22,2,1,2,6,"147, MARECHAL DE LATTRE",0.0,0.0
201300043302,22,11,2013,15,1,94,22,2,3,8,2,"20, REPUBLIQUE (AV DE LA",0.0,0.0
201300043303,22,11,2013,18,5,94,54,2,1,1,6,"7, VICTOIRE (AV DE LA)",0.0,0.0
201300043304,26,7,2013,11,1,94,22,2,1,1,6,"01, AV ANATOLE FRANCE",48.7652,2.40948
201300043305,6,4,2013,16,1,94,54,2,3,1,3,BAS MARIN (R DU),0.0,0.0
201300043306,26,7,2013,20,1,94,22,2,1,1,6,ROUGET DE LISLE (R),0.0,0.0
201300043307,25,11,2013,22,5,94,22,2,2,1,3,ROUGET DE LISLE (R),0.0,0.0
201300043308,27,11,2013,12,1,94,22,2,1,1,6,"43, LUGO (AV DE)",0.0,0.0
201300043309,12,4,2013,18,1,94,54,2,1,2,2,MARCEL CACHIN (AV),0.0,0.0
201300043310,1,8,2013,18,1,94,22,2,3,7,6,LUGO (AV DE),0.0,0.0
201300043311,2,12,2013,10,1,94,22,2,9,1,3,JEAN JAURES (R),0.0,0.0
201300043312,4,12,2013,11,1,94,22,2,3,1,2,"206 BIS, PARIS (R DE)",0.0,0.0
201300043313,18,4,2013,18,1,94,22,2,7,1,6,VICTOR HUGO (AV),0.0,0.0
201300043314,8,12,2013,13,1,94,22,2,1,1,6,"02, LEON GOURDAULT (AV)",0.0,0.0
201300043315,9,12,2013,8,1,94,22,2,1,1,3,"21, ANATOLE FRANCE (AV)",0.0,0.0
201300043316,9,8,2013,12,1,94,54,2,1,1,2,BAS MARIN (R DU),0.0,0.0
201300043317,12,8,2013,17,1,94,22,2,3,1,2,HUIT MAI 1945 (AV DU),0.0,0.0
201300043318,25,4,2013,7,1,94,73,2,1,1,6,"130, LATTRE DE TASSIGNY",48.7533,2.40552
201300043319,3,1,2013,11,1,94,28,2,1,2,2,AV DU MARECHAL FOCH,48.7811,2.43754
201300043320,7,1,2013,19,3,94,11,2,1,1,6,"0, CHOISY.(AVENUE DE)",0.0,0.0
201300043321,8,1,2013,12,1,94,28,2,1,1,6,"40, PORTE DINER.(RUE DU)",0.0,0.0
201300043322,14,1,2013,5,5,94,28,2,1,9,6,"NC, HALPERN.(AVENUE BERN",0.0,0.0
201300043323,9,1,2013,20,3,94,28,2,6,1,6,CAR POMPADOUR,48.7746,2.43934
201300043324,16,1,2013,14,1,94,28,2,3,1,3,"0, GAULLE(AVENUE DU GENE",0.0,0.0
201300043325,15,1,2013,8,2,94,28,2,1,2,3,"0, GAULLE(AVENUE DU GENE",0.0,0.0
201300043326,14,1,2013,19,1,94,28,2,1,1,6,"0, PARIS.(RUE DE)",0.0,0.0
201300043327,22,1,2013,16,1,94,28,2,2,1,6,"0, ARCOS.(RUE RENE)",0.0,0.0
201300043328,26,1,2013,18,5,94,11,2,1,1,2,"40, COLONEL FABIEN(RUE D",0.0,0.0
201300043329,26,1,2013,19,5,94,11,2,1,1,2,"02, STAINS(ROUTE DE)",0.0,0.0
201300043330,28,1,2013,17,2,94,28,2,1,1,6,"0, CHOISY(ROUTE DE)",0.0,0.0
201300043331,30,1,2013,8,1,94,28,2,1,2,6,"0, CASALIS.(AVE DU DR PA",0.0,0.0
201300043332,1,2,2013,17,2,94,28,2,3,1,3,"0, CHAMPEVAL(AVE JEAN-BA",0.0,0.0
201300043333,3,2,2013,16,1,94,28,2,1,1,6,"0, SATIE.(RUE ERIK)",0.0,0.0
201300043334,2,2,2013,0,5,94,28,2,1,1,4,"0, CHOISY(ROUTE DE)",0.0,0.0
201300043335,31,1,2013,15,1,94,28,2,1,1,2,"0, CHOISY(ROUTE DE)",0.0,0.0
201300043336,5,2,2013,11,1,94,11,2,1,1,2,"49, MOULIN BATEAU.(RUE D",0.0,0.0
201300043337,6,2,2013,9,1,94,28,2,1,1,6,"24, BLEUETS(RUE DES)",0.0,0.0
201300043338,9,2,2013,16,1,94,11,2,1,2,6,"NC, COLONEL FABIEN(RUE D",0.0,0.0
201300043339,11,2,2013,17,1,94,28,2,1,1,3,"0, VERDUN.(AVENUE DE)",0.0,0.0
201300043340,11,2,2013,18,1,94,28,2,1,1,2,"66, MECHES.(RUE DES)",0.0,0.0
201300043341,13,2,2013,9,1,94,28,2,1,1,6,"NC, LAFERRIERE(AVENUE)",0.0,0.0
201300043342,13,2,2013,12,1,94,28,2,1,1,3,"NC, ARCOS.(RUE RENE)",0.0,0.0
201300043343,16,2,2013,3,3,94,28,2,1,1,6,"0, LECLERC.(RUE DU GENER",0.0,0.0
201300043344,16,2,2013,14,1,94,28,2,1,1,6,"0, BOEUFS(CHEMIN DES)",0.0,0.0
201300043345,16,2,2013,18,2,94,28,2,1,1,6,"NC, FRANCE LIBRE(AVENUE",0.0,0.0
201300043346,17,2,2013,15,1,94,28,2,1,1,2,"0, SAVAR.(RUE JULIETTE)",0.0,0.0
201300043347,18,2,2013,17,1,94,28,2,1,1,6,"0, LAFERRIERE(AVENUE)",0.0,0.0
201300043348,22,2,2013,11,1,94,28,2,1,1,2,"0, CHOISY(ROUTE DE)",0.0,0.0
201300043349,24,2,2013,1,5,94,28,2,1,4,7,"0, BROSSOLETTE(AVENUE PI",0.0,0.0
201300043350,1,3,2013,1,5,94,28,1,1,1,6,"0, GAULLE(AVENUE DU GENE",0.0,0.0
201300043351,1,3,2013,18,1,94,28,2,1,1,2,"NC, COMPAGNONS DE LA LIB",0.0,0.0
201300043352,2,3,2013,19,5,94,11,2,1,1,4,"0, RHIN ET DANUBE(RUE DU",0.0,0.0
201300043353,1,3,2013,23,5,94,28,2,1,1,2,"136, LECLERC.(RUE DU GEN",0.0,0.0
201300043354,5,3,2013,14,1,94,28,2,1,1,3,"0, CHOISY(ROUTE DE)",0.0,0.0
201300043355,7,3,2013,22,5,94,11,2,1,1,3,"0, BOISSY.(AVENUE DE)",0.0,0.0
201300043356,15,3,2013,18,1,94,28,2,1,1,6,"0, CLOS DE VOUGEOT.(RUE",0.0,0.0
201300043357,20,3,2013,21,5,94,28,2,1,1,3,"0, CHOISY(ROUTE DE)",0.0,0.0
201300043358,22,3,2013,11,1,94,28,2,1,1,6,"2BIS, TASSIGNY(AVE DU MA",0.0,0.0
201300043359,3,4,2013,17,1,94,28,2,1,1,6,"32, LACHARRIERE.(RUE DU",0.0,0.0
201300043360,6,4,2013,15,1,94,28,2,3,1,6,"0, MESLY.(RUE DE)",0.0,0.0