Num_Acc,jour,mois,an,hr,condition_eclairage,departement,commune,condition_agglomeration,intersection,condition_atmosphere,type_collision,adresse,lattitude,longitude
201300043361,8,4,2013,0,3,94,28,2,1,1,6,"0, SAVAR.(RUE JULIETTE)",0.0,0.0
201300043362,6,4,2013,13,1,94,28,2,3,1,3,"0, OUDRY.(BOULVARD JEAN",0.0,0.0
201300043363,10,4,2013,8,1,94,11,2,1,1,3,"120, PARIS(AVENUE DE)",0.0,0.0
201300043364,10,4,2013,17,1,94,28,2,1,1,2,"8, SARRAIL.(RUE DU GENER",0.0,0.0
201300043365,11,4,2013,15,1,94,28,2,1,1,2,"NR, MATISSE(RUE HENRI)",0.0,0.0
201300043366,17,4,2013,8,1,94,11,2,1,1,6,"0, ROSTAND.(RUE JEAN)",0.0,0.0
201300043367,17,4,2013,10,1,94,28,2,1,1,6,"0, SAINT-ELOI.(RUE)",0.0,0.0
201300043368,18,4,2013,21,3,94,28,2,1,1,3,"0, CHOISY(ROUTE DE)",0.0,0.0
201300043369,18,4,2013,14,1,94,28,2,1,1,3,HALPERN.(AVENUE BERNARD),0.0,0.0
201300043370,18,4,2013,17,1,94,28,2,6,1,3,CHOISY/FOCH,48.7746,2.43934
201300043371,19,4,2013,8,1,94,28,2,1,1,6,"2, MATISSE(RUE HENRI)",0.0,0.0
201300043372,22,4,2013,13,1,94,28,2,1,1,2,"100, SAVAR.(RUE JULIETTE",0.0,0.0
201300043373,22,4,2013,15,1,94,11,2,1,1,2,"116, PARIS(AVENUE DE)",0.0,0.0
201300043374,23,4,2013,14,1,94,28,2,1,1,2,"0, POMPADOUR(ROUTE DE LA",0.0,0.0
201300043375,25,4,2013,12,1,94,28,2,1,1,2,"0, CHOISY(ROUTE DE)",0.0,0.0
201300043376,29,4,2013,9,1,94,28,2,1,1,3,"NC, MOULIN(RUE DU)",0.0,0.0
201300043377,28,4,2013,20,1,94,28,2,1,1,3,"46, TASSIGNY(AVE DU MARE",0.0,0.0
201300043378,6,5,2013,15,1,94,11,2,1,1,2,AV DE BOISSY,48.7612,2.49689
201300043379,9,5,2013,1,3,94,28,2,1,1,7,"4, SCHOELCHER(RUE VICTOR",0.0,0.0
201300043380,10,5,2013,13,1,94,11,2,6,1,6,"0, PARIS(AVENUE DE)",0.0,0.0
201300043381,12,5,2013,13,1,94,28,2,1,1,6,"0, TASSIGNY(AVE DU MAREC",0.0,0.0
201300043382,12,5,2013,22,5,94,11,2,1,2,6,"0, PARIS(AVENUE DE)",0.0,0.0
201300043383,12,5,2013,22,5,94,28,2,9,2,3,"0, VERDUN.(AVENUE DE)",0.0,0.0
201300043384,15,5,2013,12,1,94,11,2,1,1,2,"NC, ROSTAND.(RUE JEAN)",0.0,0.0
201300043385,17,5,2013,8,1,94,28,2,1,1,2,"nc, CHOISY(ROUTE DE)",0.0,0.0
201300043386,20,5,2013,17,1,94,28,2,1,1,6,"96, TASSIGNY(AVE DU MARE",0.0,0.0
201300043387,21,5,2013,16,1,94,28,2,6,1,3,CHOISY/FOCH,48.7746,2.43934
201300043388,21,5,2013,11,1,94,28,2,1,1,2,"0, LECLERC.(RUE DU GENER",0.0,0.0
201300043389,21,5,2013,10,1,94,28,2,1,2,2,"0, CHOISY(ROUTE DE)",0.0,0.0
201300043390,22,5,2013,18,1,94,28,2,1,1,6,"0, TASSIGNY(AVE DU MAREC",0.0,0.0
201300043391,18,5,2013,3,5,94,28,2,1,1,4,"NC, FOCH(AVENUE DU MAREC",0.0,0.0
201300043392,28,5,2013,10,1,94,28,2,1,1,6,"59, CASALIS.(AVE DU DR P",0.0,0.0
201300043393,28,5,2013,16,1,94,28,2,1,1,6,"0, SAVAR.(RUE JULIETTE)",0.0,0.0
201300043394,29,5,2013,13,1,94,28,2,1,1,6,"0, ECHAT(RUE DE L')",0.0,0.0
201300043395,30,5,2013,8,1,94,28,2,1,2,6,"0, MITTERAND (Rue Fran?o",0.0,0.0
201300043396,31,5,2013,13,1,94,11,2,1,1,6,"0, MARRONNIERS.(AVENUE D",0.0,0.0
201300043397,31,5,2013,17,1,94,28,2,1,1,6,"0, GAULLE(AVENUE DU GENE",0.0,0.0
201300043398,5,6,2013,17,1,94,11,2,1,1,2,"0, SEMARD(RUE PIERRE)",0.0,0.0
201300043399,8,6,2013,9,1,94,28,2,1,1,2,"NC, LECLERC.(RUE DU GENE",0.0,0.0
201300043400,8,6,2013,7,1,94,28,2,1,1,3,AV DU MARECHAL FOCH,48.7728,2.43967
201300043401,9,6,2013,4,5,94,28,2,1,2,6,"65, R SAINT-SIMON",48.7946,2.44543
201300043402,7,6,2013,9,1,94,11,2,1,1,6,"09, CHOISY.(AVENUE DE)",0.0,0.0
201300043403,13,6,2013,16,1,94,28,2,3,2,3,"0, BROSSOLETTE(AVENUE PI",0.0,0.0
201300043404,16,6,2013,4,2,94,28,1,6,1,3,CHOISY/FOCH,48.774,2.43915
201300043405,17,6,2013,8,1,94,28,2,1,1,6,"0, SULLY(RUE MAXILIEN DE",0.0,0.0
201300043406,17,6,2013,19,1,94,28,2,6,2,2,FOCH/SEGUIN,0.0,0.0
201300043407,16,6,2013,2,3,94,28,1,6,1,2,CHOISY/FOCH,48.7746,2.43934
201300043408,18,6,2013,16,1,94,28,2,2,1,5,FOCH/FONTAINE ST CHRISTO,48.7802,2.43777
201300043409,18,6,2013,18,1,94,28,2,1,1,2,"NC, VERDUN.(AVENUE DE)",0.0,0.0
201300043410,19,6,2013,8,1,94,28,2,1,3,4,"77, PARIS.(RUE DE)",0.0,0.0
201300043411,21,6,2013,22,5,94,28,2,1,1,3,"0, CHOISY(ROUTE DE)",0.0,0.0
201300043412,23,6,2013,12,1,94,28,2,1,1,6,"0, CHOISY(ROUTE DE)",0.0,0.0
201300043413,22,6,2013,6,1,94,28,2,1,1,6,"0, VASCO DE GAMA (R)",0.0,0.0
201300043414,23,6,2013,19,1,94,11,2,1,1,6,"0, OUEST(ROUTE DE L')",0.0,0.0
201300043415,23,6,2013,18,1,94,28,2,1,1,6,"0, GAULLE(AVENUE DU GENE",0.0,0.0
201300043416,25,6,2013,3,5,94,28,2,1,1,3,"0, ARCOS.(RUE RENE)",0.0,0.0
201300043417,25,6,2013,19,1,94,11,2,1,1,3,"0, ROSTAND.(RUE JEAN)",0.0,0.0
201300043418,26,6,2013,11,1,94,28,2,6,1,6,CHOISY/CHOISY,0.0,0.0
201300043419,26,6,2013,20,1,94,28,2,1,1,6,"0, FRANCE LIBRE(AVENUE D",0.0,0.0
201300043420,28,6,2013,10,1,94,28,2,1,1,6,"97, LAFERRIERE(AVENUE)",0.0,0.0
201300043421,28,6,2013,11,1,94,28,2,1,1,2,"30, FRANCE LIBRE(AVENUE",0.0,0.0
201300043422,28,6,2013,11,1,94,28,2,1,1,6,"NR, CASALIS.(AVE DU DR P",0.0,0.0
201300043423,30,6,2013,0,5,94,28,2,1,1,2,"NC, COMPAGNONS DE LA LIB",0.0,0.0
201300043424,30,6,2013,15,1,94,11,2,1,1,3,"NC, GROSS(RUE AUGUSTE)",0.0,0.0
201300043425,1,7,2013,19,1,94,28,2,1,1,2,"33, MECHES.(RUE DES)",0.0,0.0
201300043426,2,7,2013,10,1,94,28,2,1,1,6,"62, LECLERC.(RUE DU GENE",0.0,0.0
201300043427,2,7,2013,16,1,94,28,2,1,1,6,"3, GALLIENI.(AVENUE DU G",0.0,0.0
201300043428,2,7,2013,21,2,94,28,2,1,1,3,"NC, CASALIS.(AVE DU DR P",0.0,0.0
201300043429,9,7,2013,13,1,94,28,2,1,1,2,"0, COMPAGNONS DE LA LIBE",0.0,0.0
201300043430,10,7,2013,19,1,94,28,2,1,1,2,"7, GAULLE(AVENUE DU GENE",0.0,0.0
201300043431,11,7,2013,20,1,94,28,2,1,1,6,"04, PICASSO(BOULEVARD PA",0.0,0.0
201300043432,11,7,2013,16,1,94,28,1,1,1,6,"0, HALPERN.(AVENUE BERNA",0.0,0.0
201300043433,12,7,2013,13,1,94,28,2,1,1,6,"33, TASSIGNY(AVE DU MARE",0.0,0.0
201300043434,14,7,2013,11,1,94,11,2,1,1,6,"0, CHOISY.(AVENUE DE)",0.0,0.0
201300043435,14,7,2013,15,1,94,28,2,3,1,3,"0, VERDUN.(AVENUE DE)",0.0,0.0
201300043436,17,7,2013,20,1,94,28,2,1,1,6,"0, Duvauchelle (rue Domi",0.0,0.0
201300043437,19,7,2013,15,1,94,28,2,1,1,3,"0, FRANCE LIBRE(AVENUE D",0.0,0.0
201300043438,22,7,2013,8,1,94,28,2,1,1,6,"0, VERDUN.(AVENUE DE)",0.0,0.0
201300043439,24,7,2013,22,5,94,28,2,1,1,3,"96, R JULIETTE SAVAR",48.7812,2.46496
201300043440,25,7,2013,16,1,94,28,2,3,1,6,"0, MECHES.(RUE DES)",0.0,0.0
201300043441,5,8,2013,20,1,94,28,2,1,1,6,"0, CHERET(RUE ET IMPASSE",0.0,0.0
201300043442,6,8,2013,16,1,94,28,2,1,1,6,"25, MECHES.(RUE DES)",0.0,0.0
201300043443,20,8,2013,15,1,94,28,2,1,1,2,"33, VERDUN.(AVENUE DE)",0.0,0.0
201300043444,25,8,2013,1,5,94,28,2,1,2,7,AV DE LATTRE DE TASSIGNY,0.0,0.0
201300043445,26,8,2013,11,1,94,28,2,6,1,3,CHOISY/FOCH,48.7746,2.43934
201300043446,27,8,2013,15,1,94,28,2,1,2,6,"0, FRANCE LIBRE(AVENUE D",0.0,0.0
201300043447,30,8,2013,12,1,94,28,2,1,1,6,"0, ARCOS.(RUE RENE)",0.0,0.0
201300043448,3,9,2013,16,1,94,28,2,1,1,2,"NC, CHOISY(ROUTE DE)",0.0,0.0
201300043449,4,9,2013,12,1,94,28,2,1,1,6,"0, SAINT SIMON (rue)",0.0,0.0
201300043450,12,9,2013,10,1,94,28,2,1,1,6,"26, SARRASINS(RUE DES)",0.0,0.0
201300043451,12,9,2013,13,1,94,28,2,1,1,3,"NC, CORBIERES(RUE DES)",0.0,0.0
201300043452,14,9,2013,20,2,94,11,2,1,3,4,"NC, ROSTAND.(RUE JEAN)",0.0,0.0
201300043453,17,9,2013,10,1,94,28,2,6,2,2,CARREFOUR POMPADOUR,48.7746,2.43934
201300043454,18,9,2013,17,1,94,28,1,1,2,2,A86,48.776,2.43825
201300043455,21,9,2013,6,2,94,28,2,1,1,6,"141, LECLERC.(RUE DU GEN",0.0,0.0
201300043456,22,9,2013,15,1,94,11,2,1,1,3,"NC, COLONEL FABIEN(RUE D",0.0,0.0
201300043457,22,9,2013,16,1,94,28,2,1,1,3,"NC, POMPADOUR(ROUTE DE L",0.0,0.0
201300043458,18,9,2013,12,1,94,28,2,1,1,7,"0, HALPERN.(AVENUE BERNA",0.0,0.0
201300043459,25,9,2013,16,1,94,28,2,1,1,6,"15, MECHES.(RUE DES)",0.0,0.0
201300043460,26,9,2013,13,1,94,28,2,1,1,6,"0, ARCOS.(RUE RENE)",0.0,0.0
201300043461,26,9,2013,22,5,94,28,2,2,1,2,FOCH/FONTAINE ST CHRISTO,48.7802,2.43777
201300043462,23,9,2013,19,1,94,11,2,1,1,2,"0, RHIN ET DANUBE(RUE DU",0.0,0.0
201300043463,1,10,2013,12,1,94,28,2,1,1,2,"0, CHOISY(ROUTE DE)",0.0,0.0
201300043464,4,10,2013,21,5,94,28,2,1,1,6,"18, MECHES.(RUE DES)",0.0,0.0
201300043465,6,10,2013,10,1,94,28,2,1,1,6,"NC, HALPERN.(AVENUE BERN",0.0,0.0
201300043466,7,10,2013,14,1,94,11,2,1,1,3,"NC, CLAVIZIS.(RUE DES)",0.0,0.0
201300043467,9,10,2013,17,1,94,28,2,1,1,2,"0, LAFERRIERE(AVENUE)",0.0,0.0
201300043468,11,10,2013,17,1,94,28,2,1,1,2,"0, PASTEUR VALERY RADOT(",0.0,0.0
201300043469,13,10,2013,14,1,94,28,2,2,1,3,"0, POMPADOUR(ROUTE DE LA",0.0,0.0
201300043470,16,10,2013,14,1,94,11,2,1,2,7,"39, PARIS(AVENUE DE)",0.0,0.0
201300043471,16,10,2013,16,1,94,11,2,1,2,6,"0, BICENTENAIRE.(AVENUE",0.0,0.0
201300043472,18,10,2013,18,1,94,11,2,1,1,6,"27, PARIS(AVENUE DE)",0.0,0.0
201300043473,19,10,2013,16,1,94,28,2,1,1,6,"47, HALAGE.(QUAI DE ET P",0.0,0.0
201300043474,22,10,2013,8,1,94,28,2,1,1,6,"0, BLEUETS(RUE DES)",0.0,0.0
201300043475,23,10,2013,12,1,94,11,2,1,1,6,"01, BICENTENAIRE.(AVENUE",0.0,0.0
201300043476,23,10,2013,17,1,94,11,2,1,1,6,"15, COLONEL FABIEN(RUE D",0.0,0.0
201300043477,26,10,2013,18,2,94,11,2,1,1,2,"0, PARIS(AVENUE DE)",0.0,0.0
201300043478,28,10,2013,10,1,94,28,2,1,1,6,"0, 0",0.0,0.0
201300043479,29,10,2013,12,1,94,28,2,1,1,4,"30, TASSIGNY(AVE DU MARE",0.0,0.0
201300043480,29,10,2013,10,1,94,28,2,1,1,3,"97, AV DU MARECHAL FOCH",48.7812,2.43745
201300043481,29,10,2013,8,1,94,11,2,1,1,6,"0, FOSSE AUX MOINES.(RUE",0.0,0.0
201300043482,1,11,2013,12,1,94,11,2,1,2,3,"0, CONVENTIONS.(AVENUE D",0.0,0.0
201300043483,12,11,2013,19,3,94,28,2,1,1,3,"5, CHABRIER.(RUE ET PLAC",0.0,0.0
201300043484,12,11,2013,19,3,94,28,2,1,1,3,"0, REPUBLIQUE(AVENUE DE",0.0,0.0
201300043485,13,11,2013,6,5,94,28,2,2,1,2,FOCH/FONTAINESTCHRISTOPH,48.7802,2.43777
201300043486,13,11,2013,7,5,94,28,2,1,1,3,"NC, POMPADOUR(ROUTE DE L",0.0,0.0
201300043487,15,11,2013,10,1,94,28,2,1,1,1,"NC, GAULLE(AVENUE DU GEN",0.0,0.0
201300043488,13,11,2013,12,1,94,28,2,1,1,6,"NC, GAULLE(AVENUE DU GEN",0.0,0.0
201300043489,17,11,2013,19,5,94,28,2,1,1,2,"0, CHOISY(ROUTE DE)",0.0,0.0
201300043490,12,11,2013,16,1,94,28,1,1,2,3,"0, GENERAL LECLERC (AV D",0.0,0.0
201300043491,18,11,2013,8,1,94,11,2,1,1,6,"16, GROSS(RUE AUGUSTE)",0.0,0.0
201300043492,15,11,2013,11,1,94,11,2,1,1,6,"11, FRANCE.(RUE ANATOLE)",0.0,0.0
201300043493,23,11,2013,16,5,94,11,2,1,1,4,"0, GAULLE(CARREFOUR CHAR",0.0,0.0
201300043494,22,11,2013,17,3,94,11,2,1,1,6,"24, LECLERC.(AVENUE DU M",0.0,0.0
201300043495,26,11,2013,12,1,94,28,2,1,1,6,"NC, CHOISY(ROUTE DE)",0.0,0.0
201300043496,26,11,2013,17,5,94,28,2,1,1,6,"NC, JOLY(RUE DE)",0.0,0.0
201300043497,27,11,2013,12,1,94,28,2,1,1,6,"0, CHOISY(ROUTE DE)",0.0,0.0
201300043498,27,11,2013,17,1,94,28,2,1,1,2,"nc, ARCHIVES.(RUE DES)",0.0,0.0
201300043499,26,11,2013,13,1,94,28,2,1,1,6,"NC, MATISSE(RUE HENRI)",0.0,0.0
201300043500,1,12,2013,8,1,94,28,2,2,1,1,CHOISY/HALPERN,48.7887,2.45139
201300043501,2,12,2013,19,5,94,28,2,1,1,2,HALPERN.(AVENUE BERNARD),0.0,0.0
201300043502,3,12,2013,11,1,94,28,2,1,1,6,"25, BROSSOLETTE(AVENUE P",0.0,0.0
201300043503,6,12,2013,15,1,94,11,2,1,1,6,"34, COLONEL FABIEN(RUE D",0.0,0.0
201300043504,10,12,2013,15,1,94,11,2,1,1,2,"NC, BOISSY.(AVENUE DE)",0.0,0.0
201300043505,10,12,2013,15,2,94,28,2,1,1,3,"NC, MESLY(AVENUE DU CHEM",0.0,0.0
201300043506,14,12,2013,11,1,94,28,2,1,1,2,"00, CHOISY(ROUTE DE)",0.0,0.0
201300043507,19,12,2013,11,1,94,28,2,1,1,2,"0, CHOISY(ROUTE DE)",0.0,0.0
201300043508,20,12,2013,21,5,94,28,2,1,1,1,"0, HABETTE(AVENUE ET PLA",0.0,0.0
201300043509,21,12,2013,23,5,94,28,2,1,1,6,"0, CHOISY(ROUTE DE)",0.0,0.0
201300043510,21,12,2013,13,1,94,11,2,1,1,3,"0, SEMARD(RUE PIERRE)",0.0,0.0
201300043511,23,12,2013,20,5,94,28,2,1,2,1,"nc, LAFERRIERE(AVENUE)",0.0,0.0
201300043512,24,12,2013,16,1,94,28,2,1,1,6,"47, ECHAT(RUE DE L')",0.0,0.0
201300043513,25,12,2013,15,1,94,28,2,1,1,1,"NC, Saussaie du ban (rue",0.0,0.0
201300043514,31,12,2013,9,1,94,28,2,1,1,3,AV DU MARECHAL FOCH,48.7761,2.43879
201300043515,31,12,2013,22,3,94,28,2,1,1,6,"0, CHOISY(ROUTE DE)",0.0,0.0
201300043516,18,1,2013,17,5,94,33,2,7,4,6,LOUISON BOBET (AV),0.0,0.0
201300043517,25,1,2013,7,5,94,33,2,2,1,3,NEUILLY (R DE),0.0,0.0
201300043518,30,1,2013,12,1,94,33,2,1,3,2,D'ETTERBECK (PL),0.0,0.0
201300043519,30,1,2013,19,5,94,33,2,3,1,1,VERDUN (BD DE),0.0,0.0
201300043520,2,2,2013,3,5,94,33,2,4,2,3,REPUBLIQUE/PRES LORETS,48.8525,2.46093
201300043521,23,2,2013,8,1,94,33,2,1,1,6,"8, MONTESQUIEU (R)",0.0,0.0
201300043522,3,3,2013,11,1,94,33,2,3,1,6,"16, NOTRE DAME (R)",0.0,0.0
201300043523,10,3,2013,14,1,94,33,2,1,8,3,"30, BOIS GALON (R DU)",0.0,0.0
201300043524,27,3,2013,6,1,94,33,2,1,1,6,"45, VERDUN (BD DE)",0.0,0.0
201300043525,17,4,2013,11,1,94,33,2,1,1,2,"04, MARECHAL DE LATTRE D",0.0,0.0
201300043526,21,4,2013,21,5,94,33,2,2,1,3,DAME BLANCHE (AV DE LA),0.0,0.0
201300043527,29,4,2013,14,1,94,33,2,6,1,2,"28, MARECHAL DE LATTRE D",0.0,0.0
201300043528,7,5,2013,10,1,94,33,2,2,1,3,DEUX COMMUNES (BD DES),0.0,0.0
201300043529,14,5,2013,11,1,94,33,2,1,8,1,"2, REPUBLIQUE (AV DE LA)",0.0,0.0
201300043530,22,5,2013,8,1,94,33,2,2,1,6,LOUIS AUROUX (R),0.0,0.0
201300043531,28,5,2013,7,1,94,33,2,1,2,1,"5, JEAN MACE (R)",0.0,0.0
201300043532,11,6,2013,8,1,94,33,2,1,1,2,"180, VICTOR HUGO (AV)",0.0,0.0
201300043533,16,6,2013,18,1,94,33,2,1,1,1,"41, ERNEST RENAN (AV)",0.0,0.0
201300043534,18,6,2013,13,1,94,33,2,2,2,1,"177, VICTOR HUGO (AV)",0.0,0.0
201300043535,23,6,2013,21,1,94,33,2,2,2,1,VERDUN (BD DE),0.0,0.0
201300043536,26,6,2013,9,1,94,33,2,1,1,3,"33, MARECHAL DE LATTRE D",0.0,0.0
201300043537,10,7,2013,17,1,94,33,2,2,1,6,CHARMES (AV DES),0.0,0.0
201300043538,23,7,2013,17,1,94,33,2,1,1,3,"116, MARECHAL JOFFRE (AV",0.0,0.0
201300043539,17,7,2013,22,2,94,33,2,2,1,3,PRES LORETS (R DES),0.0,0.0
201300043540,31,7,2013,17,1,94,33,2,1,1,6,"2, FERNAND LEGER (R)",0.0,0.0
201300043541,3,8,2013,3,5,94,33,2,1,1,6,118DE LATTRE DE TASSIGNY,0.0,0.0
201300043542,2,8,2013,15,1,94,33,2,2,1,6,"46, DAME BLANCHE (AV DE",0.0,0.0
201300043543,20,8,2013,18,1,94,33,2,1,7,7,"115, PIERRE CURIE (R)",0.0,0.0
201300043544,17,8,2013,23,5,94,33,2,6,1,3,GENERAL DE GAULLE (PL DU,0.0,0.0
201300043545,7,9,2013,13,1,94,33,2,2,1,3,REPUBLIQUE (AV DE LA),0.0,0.0
201300043546,11,9,2013,9,1,94,33,2,1,1,3,"23, NEUILLY (R DE)",0.0,0.0
201300043547,14,9,2013,21,5,94,33,2,7,3,3,GENERAL DE GAULLE (PL DU,0.0,0.0
201300043548,16,9,2013,17,1,94,33,2,1,2,3,"36, VINCENNES (BD DE)",0.0,0.0
201300043549,21,9,2013,18,1,94,33,2,1,1,6,"128, REPUBLIQUE (AV DE L",0.0,0.0
201300043550,23,9,2013,8,1,94,33,2,2,1,3,MOULINS (R DES),0.0,0.0
201300043551,23,9,2013,17,1,94,33,2,2,1,1,75 STALINGRAD/4 RUELLES,0.0,0.0
201300043552,28,9,2013,15,1,94,33,2,6,1,2,CHARLES GARCIA (AV),0.0,0.0
201300043553,30,9,2013,15,1,94,33,2,1,1,6,REPUBLIQUE (AV DE LA),0.0,0.0
201300043554,5,10,2013,17,1,94,33,2,6,8,3,LOUISON BOBET (AV),0.0,0.0
201300043555,10,10,2013,15,1,94,33,2,1,1,2,"94, VERDUN (BD DE)",0.0,0.0
201300043556,13,10,2013,15,1,94,33,2,2,7,3,VICTOR HUGO (AV),0.0,0.0
201300043557,17,10,2013,21,5,94,33,2,2,1,6,RUISSEAU (R DU),0.0,0.0
201300043558,21,10,2013,8,2,94,33,2,1,8,6,"46, ROGER SALENGRO (R)",0.0,0.0
201300043559,27,10,2013,11,1,94,33,2,3,8,2,"53, REPUBLIQUE (AV DE LA",0.0,0.0
201300043560,28,10,2013,15,1,94,33,2,1,1,1,"10, PEPINIERE (AV DE LA)",0.0,0.0
201300043561,6,11,2013,23,5,94,33,2,1,2,6,"101, VICTOR HUGO (AV)",0.0,0.0
201300043562,9,11,2013,9,1,94,33,2,1,1,2,"1, JEAN MOULIN (R)",0.0,0.0
201300043563,13,11,2013,16,1,94,33,2,4,1,6,81BIS DALAYRAC/DULAC,0.0,0.0
201300043564,2,12,2013,9,1,94,33,2,1,1,6,MARECHAL JOFFRE (AV DU),0.0,0.0
201300043565,2,12,2013,18,5,94,33,2,3,1,6,BOIS GALON (R DU),0.0,0.0
201300043566,4,12,2013,13,1,94,33,2,3,1,3,EMILE ZOLA (R),0.0,0.0
201300043567,13,12,2013,16,5,94,33,2,1,1,6,MOLIERE (R),0.0,0.0
201300043568,14,12,2013,19,5,94,33,2,1,1,6,AMITIE ENTRE LES PEUPLES,0.0,0.0
201300043569,19,12,2013,9,1,94,33,2,1,1,6,"9, MARE A GUILLAUME (R D",0.0,0.0
201300043570,19,12,2013,13,1,94,33,2,1,1,3,"9, STALINGRAD (AV DE)",0.0,0.0
201300043571,19,12,2013,14,1,94,33,2,2,1,3,DALAYRAC (R),0.0,0.0
201300043572,27,12,2013,7,5,94,33,2,3,2,3,"65bis, VERDUN (BD DE)",0.0,0.0
201300043573,2,1,2013,21,5,94,3,2,3,2,3,"10, PAUL VAILLANT COUTUR",0.0,0.0
201300043574,4,1,2013,5,5,94,3,2,2,1,3,"63, PAUL VAILLANT COUTUR",0.0,0.0
201300043575,5,1,2013,11,1,94,76,2,2,1,6,PARIS (AV DE),0.0,0.0
201300043576,8,1,2013,10,1,94,16,2,3,1,3,"41, DIVISION LECLERC (AV",0.0,0.0
201300043577,9,1,2013,11,1,94,37,2,3,1,3,PERI/BEL ECU,0.0,0.0
201300043578,9,1,2013,14,1,94,76,2,2,8,3,"1, MAXIME GORKI (BD)",0.0,0.0
201300043579,15,1,2013,16,1,94,43,2,1,8,6,"62, FONTAINEBLEAU (AV DE",0.0,0.0
201300043580,20,1,2013,9,1,94,37,2,1,4,7,VICTOR HUGO (R),0.0,0.0
201300043581,20,1,2013,13,1,94,3,2,1,4,2,", CAMILLE DESMOULINS (R)",0.0,0.0
201300043582,25,1,2013,15,1,94,76,1,1,1,3,"151, REPUBLIQUE (AV DE L",0.0,0.0
201300043583,26,1,2013,8,1,94,76,2,3,1,6,"26,AV REPUBLIQUE/RASPAIL",0.0,0.0
201300043584,26,1,2013,8,1,94,76,2,2,1,3,LION D'OR/CLEMENT,0.0,0.0
201300043585,26,1,2013,13,1,94,3,2,1,1,3,"65, PAUL VAILLANT COUTUR",0.0,0.0
201300043586,4,2,2013,15,1,94,16,2,1,1,6,"28, CARNOT (AV)",0.0,0.0
201300043587,6,2,2013,17,1,94,76,2,2,1,6,"125, PAUL VAILLANT COUTU",0.0,0.0
201300043588,8,2,2013,8,1,94,76,2,1,1,3,"103, JEAN JAURES (R)",0.0,0.0
201300043589,13,2,2013,17,2,94,16,2,1,1,6,"42, DUMOTEL (AV)",0.0,0.0
201300043590,14,2,2013,13,1,94,3,2,1,3,2,"123, ARISTIDE BRIAND (AV",0.0,0.0
201300043591,15,2,2013,19,5,94,76,2,1,1,5,"15bis, REPUBLIQUE (AV DE",0.0,0.0
201300043592,21,2,2013,9,1,94,76,2,2,1,3,"1, PARIS (AV DE)",0.0,0.0
201300043593,21,2,2013,11,1,94,16,2,9,1,6,MARC SANGNIER (R),0.0,0.0
201300043594,22,2,2013,8,1,94,43,2,1,8,2,FONTAINEBLEAU (AV DE),0.0,0.0
201300043595,24,2,2013,15,1,94,43,2,1,4,2,"49, FONTAINEBLEAU (AV DE",0.0,0.0
201300043596,25,2,2013,14,1,94,76,2,1,4,3,"46, VERDUN (R DE)",0.0,0.0
201300043597,26,2,2013,12,1,94,43,2,1,8,6,"02, GENERAL DE GAULLE (B",0.0,0.0
201300043598,28,2,2013,13,1,94,3,2,1,1,2,"1, VACHE NOIRE (LA)",0.0,0.0
201300043599,1,3,2013,6,5,94,3,2,1,1,7,"02, MONTMORT (R)",0.0,0.0
201300043600,4,3,2013,14,1,94,37,2,1,7,6,"59, BENOIT MALON (R)",0.0,0.0
201300043601,4,3,2013,16,1,94,76,2,2,1,6,"1, LOUIS ARAGON (AV)",0.0,0.0
201300043602,9,3,2013,19,5,94,43,1,1,1,2,CONVENTION (R DE LA),0.0,0.0
201300043603,15,3,2013,15,1,94,76,2,3,1,3,"44, REPUBLIQUE (AV DE LA",0.0,0.0
201300043604,21,3,2013,11,1,94,76,2,1,1,6,67. AV DE STALINGRAD,48.7826,2.36731
201300043605,24,3,2013,18,1,94,76,2,2,1,2,"42, JEAN BAPTISTE BAUDIN",0.0,0.0
201300043606,25,3,2013,8,1,94,37,2,1,1,6,JEAN JAURES (AV),0.0,0.0
201300043607,27,3,2013,12,1,94,76,2,1,1,3,STALINGRAD (AV DE),0.0,0.0
201300043608,29,3,2013,16,1,94,76,2,3,1,2,REPUBLIQUE (AV DE LA),0.0,0.0
201300043609,1,4,2013,19,1,94,3,2,1,1,6,"52, LAPLACE (AV)",0.0,0.0
201300043610,4,4,2013,7,5,94,76,2,2,4,7,STALINGRAD (AV DE),0.0,0.0
201300043611,12,4,2013,16,1,94,3,2,1,2,6,"94, PAUL VAILLANT COUTUR",0.0,0.0
201300043612,12,4,2013,20,1,94,3,2,1,2,1,"127, ARISTIDE BRIAND (AV",0.0,0.0
201300043613,14,4,2013,14,1,94,16,2,1,1,2,ARISTIDE BRIAND (AV),0.0,0.0
201300043614,16,4,2013,17,1,94,76,2,1,1,2,"1, MAXIME GORKI (BD)",0.0,0.0
201300043615,17,4,2013,17,1,94,43,2,1,1,2,"8, EDMONT MICHELET (R)",0.0,0.0
201300043616,22,4,2013,15,1,94,16,2,1,1,3,"42, GABRIEL PERI (R)",0.0,0.0
201300043617,23,4,2013,18,1,94,76,2,1,1,2,"42, JEAN BAPTISTE BAUDIN",0.0,0.0
201300043618,23,4,2013,21,5,94,16,1,3,1,3,"01, PROVIGNY (R DE)",0.0,0.0
201300043619,26,4,2013,11,1,94,76,2,1,1,2,"55, JEAN JAURES (R)",0.0,0.0
201300043620,27,4,2013,16,1,94,76,2,3,1,6,"01, CHEVILLY (R DE)",0.0,0.0
201300043621,28,4,2013,0,5,94,16,2,1,1,7,"179, ARISTIDE BRIAND (AV",0.0,0.0
201300043622,29,4,2013,9,1,94,43,2,2,1,1,"01, FONTAINEBLEAU (AV DE",0.0,0.0
201300043623,29,4,2013,21,5,94,37,2,1,1,7,"97 ter, RASPAIL (AV)",0.0,0.0
201300043624,1,5,2013,12,2,94,16,2,1,1,2,"1, CAMILLE DESMOULINS (R",0.0,0.0
201300043625,4,5,2013,13,1,94,43,2,1,1,6,"29, EUGENE THOMAS (AV)",0.0,0.0
201300043626,4,5,2013,15,1,94,16,2,1,1,7,"14, DEUX FRERES (R DES)",0.0,0.0
201300043627,7,5,2013,12,1,94,16,2,1,1,1,"01, LEON BLUM (AV)",0.0,0.0
201300043628,13,5,2013,14,1,94,43,2,3,1,3,"01, EUGENE THOMAS (AV)",0.0,0.0
201300043629,18,5,2013,16,1,94,16,2,2,2,3,"85, ARISTIDE BRIAND (AV)",0.0,0.0
201300043630,21,5,2013,9,1,94,76,2,2,3,3,"43, VERDUN (R DE)",0.0,0.0