Num_Acc,jour,mois,an,hr,condition_eclairage,departement,commune,condition_agglomeration,intersection,condition_atmosphere,type_collision,adresse,lattitude,longitude
201300043631,22,5,2013,18,1,94,76,2,2,1,3,"01, AUGUSTE DELAUNE (PL)",0.0,0.0
201300043632,24,5,2013,18,1,94,16,2,9,2,3,"01, PRESIDENT WILSON (AV",0.0,0.0
201300043633,27,5,2013,8,1,94,16,2,1,1,4,"22, LOUIS GEORGEON (AV)",0.0,0.0
201300043634,28,5,2013,9,1,94,43,2,3,2,3,"26, FONTAINEBLEAU (AV DE",0.0,0.0
201300043635,30,5,2013,17,1,94,3,2,1,3,7,PAUL VAILLANT COUTURIER,0.0,0.0
201300043636,30,5,2013,16,1,94,16,2,1,3,6,"35, EUROPE (AV DE L)",0.0,0.0
201300043637,1,6,2013,18,1,94,76,2,1,1,3,"01, STALINGRAD (AV DE)",0.0,0.0
201300043638,2,6,2013,0,5,94,3,2,2,1,3,"65, GABRIEL PERI (AV)",0.0,0.0
201300043639,8,6,2013,11,1,94,37,2,1,1,3,"1, PAUL VAILLANT COUTURI",0.0,0.0
201300043640,10,6,2013,18,1,94,43,2,2,1,3,"01, SEVERINE (R)",0.0,0.0
201300043641,11,6,2013,19,1,94,76,2,9,1,6,"1, SEVERINE (R)",0.0,0.0
201300043642,12,6,2013,16,1,94,37,2,1,1,7,"1, JEAN JAURES (AV)",0.0,0.0
201300043643,15,6,2013,13,1,94,76,2,3,1,1,"1, DIVISION DU GENERAL L",0.0,0.0
201300043644,16,6,2013,12,1,94,76,2,1,1,7,"21, FERNAND LEGER (R)",0.0,0.0
201300043645,20,6,2013,9,1,94,3,2,1,9,6,"1, ARISTIDE BRIAND (AV)",0.0,0.0
201300043646,22,6,2013,0,5,94,16,2,1,1,7,"02, COUSIN DE MERICOURT",0.0,0.0
201300043647,26,6,2013,9,1,94,76,2,1,1,7,MARCEL GROSMESNIL (R),0.0,0.0
201300043648,28,6,2013,17,1,94,16,2,1,1,7,"9, LOUIS GEORGEON (AV)",0.0,0.0
201300043649,28,6,2013,17,1,94,3,2,1,1,3,", GABRIEL PERI (AV)",0.0,0.0
201300043650,29,6,2013,3,5,94,43,2,6,1,7,"1, FONTAINEBLEAU (AV DE)",0.0,0.0
201300043651,29,6,2013,6,2,94,76,2,1,2,3,"141, PARIS (AV DE)",0.0,0.0
201300043652,29,6,2013,23,5,94,16,2,6,1,7,"1, DIVISION LECLERC (AV",0.0,0.0
201300043653,2,7,2013,17,1,94,76,1,1,1,6,"1, JEAN JAURES (R) -",0.0,0.0
201300043654,4,7,2013,9,1,94,16,2,1,1,3,"1, CAMILLE DESMOULINS (R",0.0,0.0
201300043655,6,7,2013,12,1,94,76,2,1,1,2,"1, MARCEL GROSMESNIL (R)",0.0,0.0
201300043656,5,7,2013,22,3,94,3,2,1,1,7,"16, LAPLACE (AV)",0.0,0.0
201300043657,8,7,2013,18,1,94,3,2,1,1,5,"1, LAPLACE (AV)",0.0,0.0
201300043658,9,7,2013,9,1,94,3,2,2,1,6,COUTURIER/PERI,0.0,0.0
201300043659,9,7,2013,20,1,94,43,2,1,1,3,"67, SEVERINE (R)",0.0,0.0
201300043660,9,7,2013,21,1,94,16,2,1,1,1,"01, ARISTIDE BRIAND (AV)",0.0,0.0
201300043661,10,7,2013,15,1,94,16,1,9,1,3,"69, ARISTIDE BRIAND (AV)",0.0,0.0
201300043662,13,7,2013,23,5,94,43,2,8,1,7,"87, FONTAINEBLEAU (AV DE",0.0,0.0
201300043663,17,7,2013,16,1,94,43,1,9,1,3,"3, STRATEGIQUE (RTE)",0.0,0.0
201300043664,18,7,2013,19,1,94,76,2,1,1,2,"103, REPUBLIQUE (AV DE L",0.0,0.0
201300043665,19,7,2013,16,1,94,43,2,1,1,6,"87, FONTAINEBLEAU (AV DE",0.0,0.0
201300043666,19,7,2013,17,1,94,43,2,2,1,3,"01, PROFESSEUR BERGONIE",0.0,0.0
201300043667,27,7,2013,5,5,94,3,2,1,1,6,"10, PAUL VAILLANT COUTUR",0.0,0.0
201300043668,2,8,2013,0,5,94,43,2,2,1,3,"1, FONTAINEBLEAU (AV DE)",0.0,0.0
201300043669,7,8,2013,11,1,94,43,2,1,2,3,"1, FONTAINEBLEAU (AV DE)",0.0,0.0
201300043670,8,8,2013,19,1,94,43,2,3,1,3,"153, GABRIEL PERI (R)",0.0,0.0
201300043671,9,8,2013,22,5,94,76,2,1,1,7,"1, LOUIS ARAGON (AV)",0.0,0.0
201300043672,11,8,2013,23,5,94,43,2,2,1,3,"1, ROSSEL (R)",0.0,0.0
201300043673,13,8,2013,13,1,94,3,2,1,1,7,"1, JEAN JAURES (AV)",0.0,0.0
201300043674,22,8,2013,11,1,94,76,2,3,1,6,"50, PARIS (AV DE)",0.0,0.0
201300043675,24,8,2013,19,1,94,76,2,1,1,6,"1, GEORGES LEBIGOT (R)",0.0,0.0
201300043676,25,8,2013,12,1,94,76,2,1,2,6,"51, STALINGRAD (AV DE)",0.0,0.0
201300043677,29,8,2013,19,1,94,76,2,3,1,1,"1, AUGUSTE DELAUNE (PL)",0.0,0.0
201300043678,31,8,2013,3,5,94,3,1,1,1,2,"125, ARISTIDE BRIAND (AV",0.0,0.0
201300043679,2,9,2013,13,1,94,3,2,1,1,3,PAUL DOUMER (AV),0.0,0.0
201300043680,2,9,2013,20,5,94,16,2,1,1,2,"189, ARISTIDE BRIAND (AV",0.0,0.0
201300043681,2,9,2013,22,5,94,76,2,1,1,7,"08, LOUIS ARAGON (AV)",0.0,0.0
201300043682,3,9,2013,10,1,94,76,2,1,1,3,"99, MAXIME GORKI (BD)",0.0,0.0
201300043683,5,9,2013,0,4,94,3,2,2,1,3,"69, ARISTIDE BRIAND (AV)",0.0,0.0
201300043684,6,9,2013,17,1,94,37,2,2,1,3,"1, ALPHONSE DAUDET (R)",0.0,0.0
201300043685,8,9,2013,2,4,94,37,2,3,1,1,PAUL VAILLANT COUTURIER,0.0,0.0
201300043686,8,9,2013,15,1,94,76,2,1,1,6,PAUL VAILLANT COUTURIER,0.0,0.0
201300043687,12,9,2013,8,1,94,3,2,3,2,6,"1, MARIUS SIDOBRE (R)",0.0,0.0
201300043688,13,9,2013,20,5,94,76,2,1,2,2,"1, MAXIME GORKI (BD)",0.0,0.0
201300043689,15,9,2013,0,5,94,76,2,1,2,6,KARL MARX (AV),0.0,0.0
201300043690,17,9,2013,10,1,94,76,2,1,1,3,"25, MAXIME GORKI (BD)",0.0,0.0
201300043691,17,9,2013,15,1,94,3,2,1,8,6,"11, PAUL DOUMER (AV)",0.0,0.0
201300043692,21,9,2013,19,1,94,16,2,1,1,3,"18, CAMILLE DESMOULINS (",0.0,0.0
201300043693,24,9,2013,10,1,94,76,2,1,1,7,"76, STALINGRAD (AV DE)",0.0,0.0
201300043694,24,9,2013,15,1,94,76,2,2,1,3,"1, VERDUN (R DE)",0.0,0.0
201300043695,27,9,2013,15,1,94,3,2,1,1,3,"47-55, ARISTIDE BRIAND (",0.0,0.0
201300043696,28,9,2013,16,1,94,16,2,3,1,3,", COLONEL FABIEN (R DU)",0.0,0.0
201300043697,28,9,2013,21,3,94,76,2,1,1,4,PAUL VAILLANT COUTURIER,0.0,0.0
201300043698,29,9,2013,6,5,94,3,2,1,2,2,ARISTIDE BRIAND (AV),0.0,0.0
201300043699,29,9,2013,14,1,94,16,2,1,1,2,CARNOT (AV),0.0,0.0
201300043700,30,9,2013,23,3,94,37,2,1,1,3,PAUL VAILLANT COUTURIER,0.0,0.0
201300043701,1,10,2013,20,5,94,37,2,3,1,2,BENSERADE (R),0.0,0.0
201300043702,8,10,2013,12,1,94,43,2,1,1,6,"67, FONTAINEBLEAU (AV DE",0.0,0.0
201300043703,10,10,2013,20,5,94,3,2,1,2,3,"1, PAUL VAILLANT COUTURI",0.0,0.0
201300043704,12,10,2013,21,5,94,3,2,1,1,6,"163, GABRIEL PERI (AV)",0.0,0.0
201300043705,13,10,2013,11,1,94,76,2,1,1,3,"1, PAUL VAILLANT COUTURI",0.0,0.0
201300043706,14,10,2013,17,1,94,43,2,3,1,3,"1, GABRIEL PERI (R)",0.0,0.0
201300043707,17,10,2013,8,1,94,3,1,2,1,2,"1, COLONEL FABIEN (R DU)",0.0,0.0
201300043708,17,10,2013,15,1,94,3,2,1,1,3,"30, FRANCOIS VINCENT RAS",0.0,0.0
201300043709,18,10,2013,12,1,94,76,2,1,1,6,"51, KARL MARX (AV)",0.0,0.0
201300043710,18,10,2013,22,4,94,76,2,1,1,3,"1, MAXIME GORKI (BD)",0.0,0.0
201300043711,19,10,2013,16,1,94,76,2,1,1,6,"30, RENE HAMON (R)",0.0,0.0
201300043712,19,10,2013,17,1,94,3,2,1,1,3,"80, PAUL VAILLANT COUTUR",0.0,0.0
201300043713,21,10,2013,19,5,94,76,2,1,1,6,"23, SAINTE COLOMBE (R)",0.0,0.0
201300043714,21,10,2013,21,5,94,43,2,1,1,6,"26, ROGER SALENGRO (R)",0.0,0.0
201300043715,22,10,2013,18,1,94,43,2,1,1,6,"1, GENERAL LECLERC (R DU",0.0,0.0
201300043716,23,10,2013,8,1,94,43,2,1,1,3,"127, FONTAINEBLEAU (AV D",0.0,0.0
201300043717,28,10,2013,20,5,94,76,2,9,1,1,"104, MAXIME GORKI (BD)",0.0,0.0
201300043718,29,10,2013,15,1,94,37,2,1,1,6,"76, CHARLES FREROT (R)",0.0,0.0
201300043719,7,11,2013,8,1,94,43,2,1,8,6,"16, VOLTAIRE (R)",0.0,0.0
201300043720,8,11,2013,13,1,94,3,2,3,2,3,ARISTIDE BRIAND (AV),0.0,0.0
201300043721,8,11,2013,14,1,94,16,2,1,2,3,"1, CAMILLE DESMOULINS (R",0.0,0.0
201300043722,9,11,2013,6,5,94,76,2,1,1,1,CHEVILLY (R DE),0.0,0.0
201300043723,11,11,2013,17,5,94,3,2,2,1,3,"1, PAUL DOUMER (ALL)",0.0,0.0
201300043724,12,11,2013,8,1,94,76,2,3,2,3,JEAN LURCAT (R),0.0,0.0
201300043725,12,11,2013,19,5,94,16,2,1,2,3,PRESIDENT WILSON (AV DU),0.0,0.0
201300043726,13,11,2013,8,1,94,37,2,1,1,7,"1, GABRIEL PERI (R)",0.0,0.0
201300043727,13,11,2013,14,1,94,43,2,1,1,6,"27, CHARLES GIDE (AV)",0.0,0.0
201300043728,16,11,2013,16,1,94,37,2,1,8,6,"162, GABRIEL PERI (R)",0.0,0.0
201300043729,18,11,2013,16,1,94,43,2,1,1,6,"90, FONTAINEBLEAU (AV DE",0.0,0.0
201300043730,19,11,2013,8,1,94,76,2,3,2,2,PAUL VAILLANT COUTURIER,0.0,0.0
201300043731,19,11,2013,8,1,94,76,2,1,1,6,", PAUL VAILLANT COUTURIE",0.0,0.0
201300043732,20,11,2013,16,1,94,43,2,1,2,3,"36, FONTAINEBLEAU (AV DE",0.0,0.0
201300043733,21,11,2013,16,1,94,76,2,1,2,6,JEAN LURCAT (R),0.0,0.0
201300043734,24,11,2013,1,5,94,76,2,1,1,6,"1, MAXIME GORKI (BD)",0.0,0.0
201300043735,25,11,2013,13,1,94,16,2,1,1,6,"3, GASTON AUDAT (R)",0.0,0.0
201300043736,26,11,2013,20,5,94,76,2,2,1,1,"1, VERDUN (R DE)",0.0,0.0
201300043737,28,11,2013,11,1,94,76,2,1,1,6,"2, EDMOND DUBOIS (R)",0.0,0.0
201300043738,28,11,2013,12,1,94,76,2,2,1,3,"84, STALINGRAD (AV DE)",0.0,0.0
201300043739,1,12,2013,19,5,94,76,2,1,1,1,"1, CHEVILLY (R DE)",0.0,0.0
201300043740,2,12,2013,8,1,94,16,2,1,1,7,"17, EUROPE (AV DE L)",0.0,0.0
201300043741,2,12,2013,18,5,94,3,2,1,1,6,"1, LAPLACE (AV)",0.0,0.0
201300043742,3,12,2013,19,5,94,76,2,1,1,2,"99, REPUBLIQUE (AV DE LA",0.0,0.0
201300043743,4,12,2013,9,1,94,76,2,2,8,3,"175, MAXIME GORKI (BD)",0.0,0.0
201300043744,4,12,2013,17,5,94,37,2,3,1,6,"2, CHARLES FREROT (R)",0.0,0.0
201300043745,5,12,2013,10,1,94,3,2,3,1,1,ARISTIDE BRIAND (AV),0.0,0.0
201300043746,9,12,2013,9,1,94,3,2,1,1,7,"1, CONVENTION (AV DE LA)",0.0,0.0
201300043747,10,12,2013,9,1,94,37,2,1,1,6,"1, PAUL VAILLANT COUTURI",0.0,0.0
201300043748,16,12,2013,10,1,94,76,2,1,7,3,"21bis, JEAN BAPTISTE BAU",0.0,0.0
201300043749,17,12,2013,12,1,94,3,2,3,1,6,"57, ERNEST RENAN (R)",0.0,0.0
201300043750,20,12,2013,20,2,94,16,2,2,1,3,"1, MARCEL BONNET (R)",0.0,0.0
201300043751,20,12,2013,10,1,94,76,2,3,7,6,"1, CHASTENET DE GERY (BD",0.0,0.0
201300043752,24,12,2013,23,5,94,76,2,1,3,3,"1, PARIS (AV DE)",0.0,0.0
201300043753,4,1,2013,7,2,94,73,1,1,2,2,RN 186,48.7536,2.37588
201300043754,18,1,2013,8,2,94,73,2,1,1,6,PRESIDENT ROOSEVELT (AV,0.0,0.0
201300043755,10,1,2013,20,5,94,21,2,3,2,1,REPUBLIQUE (AV DE LA),0.0,0.0
201300043756,13,1,2013,14,1,94,73,2,9,1,3,FONTAINEBLEAU - CAR BELL,0.0,0.0
201300043757,15,1,2013,8,1,94,34,2,1,4,6,"20, MAURICE TENINE (R)",0.0,0.0
201300043758,23,1,2013,7,2,94,73,2,1,8,6,LEON MARCHAND (AV),0.0,0.0
201300043759,24,1,2013,16,1,94,38,2,1,1,6,"13, CHEVILLY (R DE)",0.0,0.0
201300043760,4,2,2013,0,4,94,73,2,1,2,3,"11, ALOUETTES (R DES)",0.0,0.0
201300043761,4,2,2013,19,5,94,38,2,1,9,7,PAUL VAILLANT COUTURIER,0.0,0.0
201300043762,6,2,2013,19,5,94,21,2,2,1,1,FRANKLIN ROOSEVELT (AV),0.0,0.0
201300043763,13,2,2013,21,5,94,65,2,3,1,3,BOULEVARD CIRCULAIRE ( M,0.0,0.0
201300043764,14,2,2013,12,1,94,34,2,1,2,7,CERISAIE (AV DE LA),0.0,0.0
201300043765,15,2,2013,8,1,94,73,2,2,1,2,RENE PANHARD (AV),0.0,0.0
201300043766,16,2,2013,12,1,94,34,2,3,1,3,DIVISION LECLERC - CAR D,0.0,0.0
201300043767,2,3,2013,6,5,94,34,2,2,1,3,DIVISION LECLERC .AV DE,0.0,0.0
201300043768,4,3,2013,12,1,94,73,1,1,1,6,STALINGRAD (BD DE),0.0,0.0
201300043769,6,3,2013,7,1,94,21,2,6,1,3,STALINGRAD - CAR DES SOR,0.0,0.0
201300043770,11,3,2013,8,1,94,38,2,1,2,6,"22-24, JARDINS (R DES)",0.0,0.0
201300043771,15,3,2013,17,2,94,21,2,3,1,6,HOCHART/PICARDIE,0.0,0.0
201300043772,16,3,2013,23,5,94,38,2,1,2,6,"05, DUNOIS (AV)",0.0,0.0
201300043773,20,3,2013,22,5,94,21,2,1,1,6,BD CHEVILLY(8 MAI 1945),48.7694,2.35172
201300043774,23,3,2013,18,1,94,73,2,1,1,6,ALOUETTES (R DES),0.0,0.0
201300043775,28,3,2013,8,1,94,38,2,3,1,6,COSARDE (R DE LA),0.0,0.0
201300043776,28,3,2013,11,1,94,73,2,1,1,6,"168, VERSAILLES (AV DE)",0.0,0.0
201300043777,28,3,2013,19,3,94,65,1,1,1,5,RN 186,48.7539,2.36502
201300043778,2,4,2013,12,1,94,65,2,3,1,3,LUCIEN GRELINGER (AV),0.0,0.0
201300043779,6,4,2013,17,1,94,73,2,1,1,1,ALOUETTES (R DES),0.0,0.0
201300043780,11,4,2013,14,1,94,21,2,1,1,6,D'AGEN (RUE),0.0,0.0
201300043781,12,4,2013,1,5,94,73,2,9,2,7,"11, ALOUETTES (R DES)",0.0,0.0
201300043782,12,4,2013,8,1,94,65,2,3,2,3,CHARLES LINDBERGH (AV),0.0,0.0
201300043783,13,4,2013,17,1,94,38,2,4,2,1,AVENIR (R DE L),0.0,0.0
201300043784,14,4,2013,1,5,94,38,2,9,2,7,"face 176, PAUL HOCHART (",0.0,0.0
201300043785,16,4,2013,9,1,94,73,2,1,1,3,ALOUETTES (R DES),0.0,0.0
201300043786,17,4,2013,14,1,94,73,2,1,1,3,FONTAINEBLEAU - CAR BELL,0.0,0.0
201300043787,19,4,2013,11,1,94,21,2,9,7,1,GEORGES GUYNEMER (AV),0.0,0.0
201300043788,25,4,2013,10,1,94,73,2,3,1,6,HUGO/ROOSEVELT,0.0,0.0
201300043789,21,4,2013,17,1,94,73,2,1,1,3,VERSAILLES (AV DE),0.0,0.0
201300043790,24,4,2013,22,5,94,73,2,1,1,3,"16, RENE PANHARD (AV)",0.0,0.0
201300043791,25,4,2013,16,1,94,73,2,3,1,3,PANHARD/COUTURIER,0.0,0.0
201300043792,26,4,2013,16,1,94,38,2,2,2,6,CHALAIS (R DE),0.0,0.0
201300043793,1,5,2013,17,1,94,38,2,1,3,6,HENRI THIRARD (R),0.0,0.0
201300043794,3,5,2013,10,1,94,65,1,1,8,6,RN 186,48.7539,2.36799
201300043795,7,5,2013,13,1,94,65,2,1,1,2,VANNE (R DE LA),0.0,0.0
201300043796,11,5,2013,14,1,94,65,1,1,1,7,BOULEVARD CIRCULAIRE ( M,0.0,0.0
201300043797,15,5,2013,16,1,94,38,2,2,1,6,"30, PAUL VAILLANT COUTUR",0.0,0.0
201300043798,15,5,2013,17,1,94,65,2,1,1,2,CHARLES LINDBERGH (AV),0.0,0.0
201300043799,17,5,2013,19,1,94,65,1,1,1,2,RN 186,48.7539,2.36824
201300043800,18,5,2013,22,5,94,73,1,1,1,3,HELENE MULLER (R),0.0,0.0
201300043801,20,5,2013,16,1,94,73,2,1,3,6,rond point d'Espagne,0.0,0.0
201300043802,23,5,2013,13,1,94,65,2,3,3,2,RN186/FONTAINEBLEAU,48.752,2.3689
201300043803,23,5,2013,16,1,94,73,2,1,1,3,ALOUETTES (R DES),0.0,0.0
201300043804,24,5,2013,9,1,94,65,2,1,1,6,CHARLES LINDBERGH (AV),0.0,0.0
201300043805,24,5,2013,13,1,94,34,2,1,2,3,PASTEUR (BD),0.0,0.0
201300043806,24,5,2013,13,1,94,38,2,1,2,1,"96, PAUL VAILLANT COUTUR",0.0,0.0
201300043807,27,5,2013,16,1,94,73,2,2,1,4,REPUBLIQUE (VLA DE LA),0.0,0.0
201300043808,1,6,2013,16,1,94,38,2,1,1,3,GENERAL LECLERC (AV DU),0.0,0.0
201300043809,1,6,2013,20,1,94,38,2,1,1,6,"26, BELVEDERE (R DU)",0.0,0.0
201300043810,4,6,2013,7,1,94,65,2,1,1,1,EUROPE (AV DE L),0.0,0.0
201300043811,4,6,2013,23,5,94,21,2,1,1,6,"182, JEAN MERMOZ (BD)",0.0,0.0
201300043812,9,6,2013,23,5,94,38,2,4,1,2,"50, JULES FERRY (R)",0.0,0.0
201300043813,11,6,2013,10,1,94,65,1,1,1,2,PORTE DE PARAY MIN,0.0,0.0
201300043814,11,6,2013,10,1,94,38,2,1,1,3,BICETRE (R DE),0.0,0.0
201300043815,11,6,2013,15,1,94,73,2,1,1,3,"79, VERSAILLES (AV DE)",0.0,0.0
201300043816,12,6,2013,8,1,94,34,2,1,1,6,REPUBLIQUE (AV DE LA),0.0,0.0
201300043817,13,6,2013,16,1,94,65,2,1,2,2,REPUBLIQUE (AV DE LA),0.0,0.0
201300043818,15,6,2013,8,1,94,73,2,2,1,3,"111, VERSAILLES (AV DE)",0.0,0.0
201300043819,16,6,2013,14,1,94,65,2,1,1,2,CHARLES LINDBERGH (AV),0.0,0.0
201300043820,23,6,2013,0,5,94,34,2,1,1,6,DIVISION LECLERC (AV DE,0.0,0.0
201300043821,24,6,2013,19,1,94,73,2,2,1,4,STALINGRAD (BD DE),0.0,0.0
201300043822,25,6,2013,8,1,94,38,2,3,1,3,"58, HENRI BARBUSSE (AV)",0.0,0.0
201300043823,26,6,2013,8,1,94,38,2,2,1,3,DAHLIAS (AV DES),0.0,0.0
201300043824,27,6,2013,20,1,94,73,2,2,1,3,LEON MARCHAND (AV),0.0,0.0
201300043825,28,6,2013,17,1,94,65,2,1,1,4,CHARLES LINDBERGH (AV),0.0,0.0
201300043826,29,6,2013,0,5,94,34,2,1,2,2,PASTEUR (BD),0.0,0.0
201300043827,2,7,2013,18,1,94,73,2,1,1,4,ALOUETTES (R DES),0.0,0.0
201300043828,7,7,2013,13,1,94,21,2,1,1,2,"38, FRANKLIN ROOSEVELT (",0.0,0.0
201300043829,7,7,2013,17,1,94,65,2,3,1,3,CHARLES LINDBERGH (AV),0.0,0.0
201300043830,10,7,2013,21,2,94,73,2,1,1,3,FONTAINEBLEAU - CAR BELL,0.0,0.0
201300043831,11,7,2013,13,1,94,73,2,1,1,3,FONTAINEBLEAU (AV DE),0.0,0.0
201300043832,11,7,2013,17,1,94,34,2,1,1,6,"65, PASTEUR (BD)",0.0,0.0
201300043833,17,7,2013,13,1,94,65,2,2,1,3,TROIS MARCHES (AV) / MIN,0.0,0.0
201300043834,18,7,2013,12,1,94,73,2,3,7,1,"., GENERAL DE GAULLE (AV",0.0,0.0
201300043835,19,7,2013,12,1,94,65,1,1,1,3,TROIS MARCHES (AV) / MIN,0.0,0.0
201300043836,21,7,2013,16,1,94,73,2,6,1,4,STALINGRAD - CAR DES TRO,0.0,0.0
201300043837,23,7,2013,10,1,94,65,1,1,1,2,A106,48.7497,2.35661
201300043838,23,7,2013,11,1,94,21,2,1,1,7,PEPINIERES (AV),0.0,0.0
201300043839,25,7,2013,10,1,94,65,1,1,7,6,RN 186,48.7555,2.34348
201300043840,28,7,2013,17,1,94,73,2,6,1,7,VERSAILLES (AV DE),0.0,0.0
201300043841,31,7,2013,20,1,94,73,2,1,1,6,LUXEMBOURG (AV DU),0.0,0.0
201300043842,3,8,2013,19,1,94,73,2,1,1,3,"12, RENE PANHARD (AV)",0.0,0.0
201300043843,7,8,2013,0,5,94,73,2,7,1,6,"15, HENRI BARBUSSE (PL)",0.0,0.0
201300043844,8,8,2013,12,1,94,65,1,1,1,3,RN 186,48.7537,2.35941
201300043845,13,8,2013,15,1,94,73,2,2,1,3,"12, BAS MARIN (R DU)",0.0,0.0
201300043846,16,8,2013,8,1,94,65,1,1,1,6,RUE DU VIADUC,0.0,0.0
201300043847,21,8,2013,22,5,94,73,2,1,1,6,VERSAILLES (AV DE),0.0,0.0
201300043848,26,8,2013,9,1,94,73,2,2,1,3,VERSAILLES (AV DE),0.0,0.0
201300043849,27,8,2013,12,1,94,65,1,3,1,3,SOLETS (R DES),0.0,0.0
201300043850,29,8,2013,19,1,94,73,2,3,1,3,VERSAILLES (AV DE),0.0,0.0
201300043851,31,8,2013,18,1,94,16,1,1,7,3,"78, AV PRESIDENT WILSON",0.0,0.0
201300043852,2,9,2013,9,1,94,34,2,1,1,7,PARC MEDICIS (AV DU),0.0,0.0
201300043853,3,9,2013,19,1,94,73,2,1,1,2,FONTAINEBLEAU - CAR BELL,0.0,0.0
201300043854,9,9,2013,22,3,94,73,2,1,1,6,FONTAINEBLEAU (AV DE),0.0,0.0
201300043855,14,9,2013,18,1,94,38,2,1,2,7,"38, JULES GRAVEREAUX (AV",0.0,0.0
201300043856,15,9,2013,2,3,94,73,1,1,2,4,FONTAINEBLEAU (AV DE),0.0,0.0
201300043857,16,9,2013,14,1,94,65,2,1,2,3,"01, Zone SOGARIS",0.0,0.0
201300043858,17,9,2013,18,1,94,21,2,1,2,6,JARDINS (R DES),0.0,0.0
201300043859,18,9,2013,8,1,94,73,2,1,1,6,ALOUETTES (R DES),0.0,0.0
201300043860,16,9,2013,8,1,94,73,2,1,1,3,"6, STALINGRAD - CAR DES",0.0,0.0
201300043861,20,9,2013,18,1,94,73,2,1,1,6,"12, PRESIDENT ROOSEVELT",0.0,0.0
201300043862,21,9,2013,21,5,94,73,2,1,1,6,"123, GENERAL DE GAULLE (",0.0,0.0
201300043863,25,9,2013,17,1,94,38,2,1,1,6,PAUL VAILLANT COUTURIER,0.0,0.0
201300043864,26,9,2013,7,1,94,73,2,1,1,3,VERSAILLES (AV DE),0.0,0.0
201300043865,26,9,2013,17,1,94,34,2,1,1,7,OTAGES (CHE DES),0.0,0.0
201300043866,27,9,2013,9,1,94,38,2,9,1,6,CHEVILLY (R DE),0.0,0.0
201300043867,29,9,2013,3,3,94,73,2,1,2,1,STALINGRAD (BD DE),0.0,0.0
201300043868,29,9,2013,19,5,94,34,2,1,2,6,"50, DIVISION LECLERC (AV",0.0,0.0
201300043869,30,9,2013,21,5,94,65,2,6,1,7,CHARLES LINDBERGH (AV),0.0,0.0
201300043870,2,10,2013,14,1,94,73,2,1,1,6,GEORGES HALGOULT (R),0.0,0.0
201300043871,3,10,2013,14,1,94,16,2,2,1,3,DESMOULINS/DORMOY,0.0,0.0
201300043872,3,10,2013,16,1,94,73,2,1,1,6,LUXEMBOURG (AV DU),0.0,0.0
201300043873,5,10,2013,9,1,94,21,2,1,1,3,"76, GENERAL DE GAULLE (A",0.0,0.0
201300043874,9,10,2013,8,1,94,65,2,1,1,3,RN 186,48.7538,2.35809
201300043875,10,10,2013,10,1,94,65,1,2,1,3,"., CHARLES LINDBERGH (AV",0.0,0.0
201300043876,11,10,2013,6,5,94,21,2,2,2,6,D'AGEN (RUE),0.0,0.0
201300043877,11,10,2013,20,5,94,38,2,8,1,6,HENRI BARBUSSE (AV),0.0,0.0
201300043878,14,10,2013,15,1,94,73,2,3,1,1,STALINGRAD - CAR DES TRO,0.0,0.0
201300043879,14,10,2013,16,1,94,34,2,2,1,6,"., EMILE ZOLA (R)",0.0,0.0
201300043880,15,10,2013,20,5,94,38,2,2,1,6,LALLIER (R DE),0.0,0.0
201300043881,16,10,2013,10,1,94,21,2,1,8,2,STALINGRAD (AV DE),0.0,0.0
201300043882,16,10,2013,18,1,94,34,2,1,8,3,PARC MEDICIS (AV DU),0.0,0.0
201300043883,17,10,2013,10,1,94,21,2,2,1,3,"., DES MARAICHERS (AVENU",0.0,0.0
201300043884,17,10,2013,19,2,94,73,2,1,1,6,"11, REPUBLIQUE (AV DE LA",0.0,0.0
201300043885,18,10,2013,8,2,94,73,2,1,5,7,"9, REPUBLIQUE (AV DE LA)",0.0,0.0
201300043886,22,10,2013,10,1,94,65,2,1,1,6,TOULOUSE (RUE? RUNGIS MI,0.0,0.0
201300043887,23,10,2013,18,5,94,73,1,1,1,3,ALOUETTES (R DES),0.0,0.0
201300043888,24,10,2013,17,1,94,21,2,1,1,5,"39 qua, PERE MAZURIE (R",0.0,0.0
201300043889,25,10,2013,15,1,94,34,2,1,2,6,"20, STALINGRAD (AV DE)",0.0,0.0
201300043890,25,10,2013,20,5,94,73,2,2,3,3,VERSAILLES (AV DE),0.0,0.0
201300043891,26,10,2013,12,1,94,34,1,2,8,3,PASTEUR (BD),0.0,0.0
201300043892,2,11,2013,7,1,94,65,2,2,1,6,BALTARD (R),0.0,0.0
201300043893,4,11,2013,12,1,94,73,2,6,2,2,VERSAILLES (AV DE),0.0,0.0
201300043894,6,11,2013,5,5,94,65,1,1,2,6,PORTE DE PARAY MIN,0.0,0.0
201300043895,7,11,2013,18,3,94,73,1,1,1,4,VERSAILLES (AV DE),0.0,0.0
201300043896,9,11,2013,15,1,94,65,1,1,2,4,RN 186,48.7535,2.36532
201300043897,10,11,2013,11,1,94,34,2,1,3,2,DIVISION LECLERC (AV DE,0.0,0.0
201300043898,11,11,2013,10,1,94,73,2,1,1,6,"11, MAUREPAS (R)",0.0,0.0
201300043899,11,11,2013,19,5,94,34,2,2,1,2,DIVISION LECLERC (AV DE,0.0,0.0
201300043900,13,11,2013,16,2,94,73,2,1,1,3,avenue Franklin Roosevel,0.0,0.0
201300043901,14,11,2013,12,1,94,34,2,1,2,7,PASTEUR (BD),0.0,0.0
201300043902,15,11,2013,17,5,94,34,2,6,1,6,DIVISION LECLERC (AV DE,0.0,0.0
201300043903,19,11,2013,8,1,94,65,2,3,2,1,CHARLES LINDBERGH (AV),0.0,0.0
201300043904,19,11,2013,18,5,94,38,2,2,1,1,HENRI BARBUSSE (AV),0.0,0.0
201300043905,20,11,2013,10,1,94,38,2,1,1,2,PAUL VAILLANT COUTURIER,0.0,0.0
201300043906,25,11,2013,17,5,94,65,2,2,1,1,RUE DU VIADUC,0.0,0.0
201300043907,26,11,2013,7,2,94,38,2,1,1,3,HENRI BARBUSSE (AV),0.0,0.0