Num_Acc,jour,mois,an,hr,condition_eclairage,departement,commune,condition_agglomeration,intersection,condition_atmosphere,type_collision,adresse,lattitude,longitude
201300043908,28,11,2013,12,1,94,73,2,2,1,3,VERSAILLES (AV DE),0.0,0.0
201300043909,29,11,2013,6,5,94,21,2,2,1,3,"., COTE D'AZUR (AVENUE)",0.0,0.0
201300043910,30,11,2013,21,5,94,73,2,3,1,3,REPUBLIQUE (AV DE LA),0.0,0.0
201300043911,1,12,2013,17,3,94,38,2,3,1,3,BICETRE (R DE),0.0,0.0
201300043912,2,12,2013,18,5,94,38,2,3,1,3,"81, GENERAL DE GAULLE (A",0.0,0.0
201300043913,4,12,2013,9,1,94,38,2,1,8,3,"141, FLOUQUET (AV)",0.0,0.0
201300043914,4,12,2013,18,5,94,65,1,3,1,6,"., SAGITTAIRE (R DU)",0.0,0.0
201300043915,5,12,2013,18,5,94,65,1,1,1,6,CHARLES LINDBERGH (AV),0.0,0.0
201300043916,9,12,2013,20,5,94,65,2,1,1,3,"., CHARLES LINDBERGH (AV",0.0,0.0
201300043917,14,12,2013,15,1,94,73,2,2,1,6,"., REGNAULT LEROY (R)",0.0,0.0
201300043918,19,12,2013,14,1,94,73,1,1,1,2,"273, FONTAINEBLEAU (AV D",0.0,0.0
201300043919,23,12,2013,16,1,94,73,2,1,1,6,PAUL VAILLANT COUTURIER,0.0,0.0
201300043920,25,12,2013,12,1,94,65,2,1,2,6,PONT DES HALLES (R DU),0.0,0.0
201300043921,30,12,2013,1,5,94,65,2,2,8,3,"., TROIS MARCHES (Av des",0.0,0.0
201300043922,30,12,2013,1,5,94,21,2,1,1,6,AV DES 3 MARCHES,0.0,0.0
201300043923,31,12,2013,13,1,94,73,2,2,1,3,boulevard de l'europe,0.0,0.0
201300043924,4,1,2013,11,1,94,41,2,1,2,2,"60, JEAN JAURES (AV)",0.0,0.0
201300043925,10,1,2013,18,5,94,41,2,9,2,6,"03, WESTERMEYER (R)",0.0,0.0
201300043926,13,1,2013,18,5,94,41,2,1,3,6,"87, MARAT",0.0,0.0
201300043927,16,1,2013,11,1,94,41,2,1,1,6,"51, BRANDEBOURG (BD DE)",0.0,0.0
201300043928,18,1,2013,2,5,94,41,2,1,1,7,"1, PIERRE RIGAUD (R)",0.0,0.0
201300043929,24,1,2013,18,5,94,41,2,2,1,3,"106, DANIELLE CASANOVA (",0.0,0.0
201300043930,25,1,2013,15,1,94,41,2,1,8,6,"43, DENIS PAPIN (R)",0.0,0.0
201300043931,26,1,2013,20,5,94,41,2,1,1,6,"38, AV PIERRE SEMARD",0.0,0.0
201300043932,28,1,2013,10,1,94,41,2,1,7,1,"36, PIERRE SEMARD (AV)",0.0,0.0
201300043933,3,2,2013,22,3,94,41,2,1,2,6,"2 - 12, LUCIEN NADAIRE (",0.0,0.0
201300043934,13,2,2013,15,1,94,41,2,1,1,6,"97, GEORGES GOSNAT (AV)",0.0,0.0
201300043935,21,2,2013,12,1,94,41,2,1,1,6,"36, Fran?ois MITTERAND",0.0,0.0
201300043936,22,2,2013,16,1,94,41,2,1,8,1,"5, CARNOT (R)",0.0,0.0
201300043937,23,2,2013,21,5,94,41,2,1,1,2,"58, JEAN JAURES (AV)",0.0,0.0
201300043938,28,2,2013,22,5,94,41,2,1,1,6,"9, HENRI POURCHASSE (QU)",0.0,0.0
201300043939,4,3,2013,9,1,94,41,2,1,1,6,"14, HENRI BARBUSSE (AV)",0.0,0.0
201300043940,7,3,2013,9,1,94,41,2,1,2,2,"131, VERDUN (AV DE)",0.0,0.0
201300043941,21,3,2013,13,1,94,41,2,1,1,6,"70, GEORGES GOSNAT (AV)",0.0,0.0
201300043942,11,4,2013,17,1,94,41,2,1,8,6,"58/64, BRANDEBOURG (BD D",0.0,0.0
201300043943,18,4,2013,17,1,94,41,2,1,1,6,"77, PIERRE ET MARIE CURI",0.0,0.0
201300043944,24,4,2013,10,1,94,41,2,2,1,6,"29, LOUIS BERTRAND (R)",0.0,0.0
201300043945,1,5,2013,19,1,94,41,2,1,2,2,"05, FRANCOIS MITTERAND",0.0,0.0
201300043946,4,5,2013,20,1,94,41,2,1,1,6,"51, PAUL VAILLANT COUTUR",0.0,0.0
201300043947,8,6,2013,14,1,94,41,2,1,1,6,"25 - 77, VERDUN (AV DE)",0.0,0.0
201300043948,19,6,2013,12,1,94,41,2,1,1,3,R PAUL ANDRIEUX,48.8126,2.36877
201300043949,5,7,2013,11,1,94,41,2,3,1,2,"59, AUGUSTE DESHAIES (QU",0.0,0.0
201300043950,9,7,2013,8,1,94,41,2,1,1,6,"1, BARBES (R)",0.0,0.0
201300043951,10,7,2013,10,1,94,41,2,3,1,3,"157, VERDUN (AV DE)",0.0,0.0
201300043952,18,7,2013,17,1,94,41,2,1,1,6,"1 bis, JULES FERRY (R)",0.0,0.0
201300043953,23,7,2013,6,1,94,41,2,1,1,6,"120, DANIELLE CASANOVA (",0.0,0.0
201300043954,13,7,2013,1,5,94,41,2,1,1,6,"17, REPUBLIQUE (AV DE LA",0.0,0.0
201300043955,27,7,2013,19,1,94,41,2,3,1,6,"1, GENERAL LECLERC (AV D",0.0,0.0
201300043956,29,7,2013,15,1,94,41,2,1,1,6,"13, JEAN LE GALLEU (R)",0.0,0.0
201300043957,30,7,2013,16,1,94,41,2,1,1,6,"8, LENINE (R)",0.0,0.0
201300043958,29,7,2013,17,1,94,41,2,1,1,6,"50, PAUL VAILLANT COUTUR",0.0,0.0
201300043959,7,8,2013,6,2,94,41,2,3,2,3,"84, JEAN LE GALLEU (R)",0.0,0.0
201300043960,24,10,2013,17,1,94,41,2,9,1,3,"14, JULES VANZUPPE (R)",0.0,0.0
201300043961,9,8,2013,12,1,94,41,2,1,1,6,"1, NELSON MANDELA",0.0,0.0
201300043962,9,8,2013,20,1,94,41,2,1,1,6,"30, VERDUN (AV DE)",0.0,0.0
201300043963,10,8,2013,2,5,94,41,2,7,1,7,"1, PARMENTIER (PL)",0.0,0.0
201300043964,15,8,2013,0,5,94,41,2,2,1,3,"54, GEORGES GOSNAT (AV)",0.0,0.0
201300043965,27,8,2013,18,1,94,41,2,1,3,2,"45 ter, JEAN COMPAGNON (",0.0,0.0
201300043966,31,8,2013,21,2,94,41,2,1,1,6,"93, GEORGES GOSNAT (AV)",0.0,0.0
201300043967,9,9,2013,13,1,94,41,2,1,3,2,"26, MARCEL BOYER (QU)",0.0,0.0
201300043968,10,9,2013,16,1,94,41,2,1,1,6,"01, JEAN BONNEFOIX (R)",0.0,0.0
201300043969,11,9,2013,17,1,94,41,2,2,1,2,"11, PAUL VAILLANT COUTUR",0.0,0.0
201300043970,11,9,2013,20,5,94,41,2,3,1,3,"22, SAINT JUST (R)",0.0,0.0
201300043971,13,9,2013,8,1,94,41,2,1,1,6,"30, PAUL VAILLANT COUTUR",0.0,0.0
201300043972,7,11,2013,17,1,94,41,2,9,2,6,"42, PIERRE ET MARIE CURI",0.0,0.0
201300043973,7,11,2013,18,3,94,41,2,9,2,6,"2, REVOLUTION (R DE LA)",0.0,0.0
201300043974,28,9,2013,14,1,94,41,2,1,1,6,"35, HENRI MARTIN (R)",0.0,0.0
201300043975,29,9,2013,12,1,94,41,2,1,1,6,"16, GASTON MONMOUSSEAU (",0.0,0.0
201300043976,30,9,2013,10,1,94,41,2,1,1,6,"03, PIERRE SEMARD (AV)",0.0,0.0
201300043977,1,10,2013,17,1,94,41,2,1,1,6,"72, GEORGES GOSNAT (AV)",0.0,0.0
201300043978,18,11,2013,7,1,94,41,2,2,1,3,"1, CHATEAUDUN (R DE)",0.0,0.0
201300043979,7,10,2013,9,1,94,41,2,1,1,3,"15, GARE (R DE LA)",0.0,0.0
201300043980,16,10,2013,15,1,94,41,2,3,3,3,"58, JEAN JAURES (AV)",0.0,0.0
201300043981,16,10,2013,18,1,94,41,2,1,2,6,"18, PIERRE ET MARIE CURI",0.0,0.0
201300043982,16,10,2013,17,1,94,41,2,1,2,6,"50, PIERRE ET MARIE CURI",0.0,0.0
201300043983,24,10,2013,2,5,94,41,2,1,1,7,"2, PIERRE MOULIE (R)",0.0,0.0
201300043984,28,10,2013,11,1,94,41,2,1,2,6,"50, BRANDEBOURG (BD DE)",0.0,0.0
201300043985,29,10,2013,9,1,94,41,2,1,1,1,"31, PAUL VAILLANT COUTUR",0.0,0.0
201300043986,2,11,2013,12,1,94,41,2,2,1,3,"47B, JEAN COMPAGNON (QU)",0.0,0.0
201300043987,1,11,2013,18,5,94,41,2,2,3,6,"5, LENINE (R)",0.0,0.0
201300043988,7,5,2013,14,1,94,41,2,1,1,3,"2, BAUDIN (R)",0.0,0.0
201300043989,11,5,2013,18,1,94,41,2,1,1,6,"140, STALINGRAD (BD DE)",0.0,0.0
201300043990,17,11,2013,11,1,94,41,1,1,1,5,"2-12, FRANCOIS MITTERAND",0.0,0.0
201300043991,19,11,2013,16,1,94,41,2,1,1,6,"34, JULES VANZUPPE (R)",0.0,0.0
201300043992,19,11,2013,18,5,94,41,2,1,1,6,"1, REPUBLIQUE (PL DE LA)",0.0,0.0
201300043993,15,5,2013,19,1,94,41,2,1,1,6,"56, AUGUSTE DESHAIES (QU",0.0,0.0
201300043994,12,12,2013,17,5,94,41,2,1,1,6,"99, GEORGES GOSNAT (AV)",0.0,0.0
201300043995,26,11,2013,14,1,94,41,2,1,8,1,"56-58, JEAN JAURES (AV)",0.0,0.0
201300043996,28,11,2013,7,4,94,41,2,1,1,6,"44, ROBESPIERRE (R)",0.0,0.0
201300043997,21,5,2013,17,1,94,41,2,1,8,6,"88, VERDUN.(AVENUE DE)",0.0,0.0
201300043998,28,11,2013,19,5,94,41,2,1,2,6,"83, GEORGES GOSNAT (AV)",0.0,0.0
201300043999,6,12,2013,19,5,94,41,2,1,1,6,"65, GEORGES GOSNAT (AV)",0.0,0.0
201300044000,25,5,2013,13,1,94,41,2,3,1,3,"27, HOCHE (PAS)",0.0,0.0
201300044001,16,12,2013,9,1,94,41,2,1,1,6,"5, LENINE (R)",0.0,0.0
201300044002,27,5,2013,20,1,94,41,1,1,1,6,"101, VICTOR HUGO (R)",0.0,0.0
201300044003,28,5,2013,15,1,94,41,1,1,3,6,"40, HENRI BARBUSSE (AV)",0.0,0.0
201300044004,19,12,2013,12,1,94,41,2,1,2,6,"37, MAURICE THOREZ (AV)",0.0,0.0
201300044005,23,12,2013,11,1,94,41,2,9,2,3,"14, VERDUN (AV DE)",0.0,0.0
201300044006,3,6,2013,17,1,94,41,2,1,1,6,"78, GABRIEL PERI (R)",0.0,0.0
201300044007,5,6,2013,14,1,94,41,2,1,1,6,"163, VERDUN (AV DE)",0.0,0.0
201300044008,7,6,2013,16,1,94,41,2,1,1,2,"07, MOLIERE (R)",0.0,0.0
201300044009,12,6,2013,11,1,94,41,2,1,1,6,"12, MAURICE THOREZ (AV)",0.0,0.0
201300044010,12,6,2013,16,1,94,41,2,1,1,2,"38, MOLIERE (R)",0.0,0.0
201300044011,12,6,2013,18,1,94,41,1,1,1,2,PAUL ANDRIEUX (R),0.0,0.0
201300044012,25,6,2013,6,1,94,41,2,9,1,1,"14, VERDUN (AV DE)",0.0,0.0
201300044013,27,6,2013,11,1,94,41,2,1,1,3,"144, STALINGRAD (BD DE)",0.0,0.0
201300044014,28,6,2013,15,1,94,41,2,1,1,7,MARCEL CACHIN (PL),0.0,0.0
201300044015,1,12,2013,18,5,94,41,2,1,1,6,"70, GEORGES GOSNAT (AV)",0.0,0.0
201300044016,10,12,2013,2,5,94,41,2,1,1,6,"65-71, GEORGES GOSNAT (A",0.0,0.0
201300044017,29,5,2013,14,1,94,46,2,1,1,2,"08, GENERAL LECLERC (AV",0.0,0.0
201300044018,30,5,2013,19,1,94,46,2,9,1,1,"160, JEAN JAURES (R)",0.0,0.0
201300044019,4,6,2013,9,1,94,46,2,2,1,3,"., MICHELET (R)",0.0,0.0
201300044020,4,9,2013,14,1,94,46,2,1,1,6,"., GENERAL DE GAULLE (AV",0.0,0.0
201300044021,10,1,2013,21,5,94,46,2,1,2,3,"210, JEAN JAURES (R)",0.0,0.0
201300044022,14,1,2013,17,5,94,46,2,1,1,6,"05, BELLE IMAGE (R DE LA",0.0,0.0
201300044023,10,6,2013,7,1,94,46,2,1,1,6,"161, JEAN JAURES (R)",0.0,0.0
201300044024,15,1,2013,19,5,94,46,2,1,1,6,"39, GENERAL LECLERC (AV",0.0,0.0
201300044025,17,1,2013,8,2,94,46,2,1,4,7,"112, MARC SANGNIER (R)",0.0,0.0
201300044026,28,1,2013,19,1,94,46,2,2,1,3,NORMANDIE (R DE),0.0,0.0
201300044027,29,1,2013,20,5,94,46,2,1,9,6,"., GENERAL DE GAULLE (AV",0.0,0.0
201300044028,24,12,2013,18,5,94,46,2,2,3,3,"., GAMBETTA (AV)",0.0,0.0
201300044029,29,10,2013,8,1,94,46,2,3,1,3,GENERAL LECLERC (AV DU),0.0,0.0
201300044030,4,6,2013,14,1,94,46,2,3,1,3,GEORGES MEDERIC (R),0.0,0.0
201300044031,8,6,2013,11,1,94,46,2,1,1,3,"., GAMBETTA (AV)",0.0,0.0
201300044032,10,6,2013,16,1,94,46,2,1,1,3,"211, REPUBLIQUE (AV DE L",0.0,0.0
201300044033,11,6,2013,20,1,94,46,2,1,1,2,"17, GENERAL LECLERC (AV",0.0,0.0
201300044034,16,6,2013,22,5,94,46,2,1,1,6,"., GENERAL LECLERC - CAR",0.0,0.0
201300044035,11,2,2013,19,5,94,46,2,1,1,3,"70, GENERAL LECLERC (AV",0.0,0.0
201300044036,12,2,2013,8,1,94,46,2,1,2,6,"02, GEORGES GAUME (R)",0.0,0.0
201300044037,14,2,2013,19,5,94,46,2,1,2,6,"., JEAN JAURES (R)",0.0,0.0
201300044038,15,2,2013,13,1,94,46,2,1,1,6,"., PROFESSEUR RAMON (R D",0.0,0.0
201300044039,15,2,2013,11,1,94,46,2,2,1,3,"., VINCENNES (R DE)",0.0,0.0
201300044040,17,2,2013,11,1,94,46,2,2,1,3,"., REPUBLIQUE (AV DE LA)",0.0,0.0
201300044041,22,7,2013,22,5,94,46,2,2,1,3,JEAN JAURES (R),0.0,0.0
201300044042,21,2,2013,13,1,94,46,2,2,1,3,"., VINCENNES (R DE)",0.0,0.0
201300044043,28,2,2013,18,2,94,46,2,1,1,6,"79, R GEORGES MEDERIC",0.0,0.0
201300044044,4,3,2013,18,2,94,46,2,1,1,2,.. GENERAL LECLERC (AV D,0.0,0.0
201300044045,5,3,2013,13,1,94,46,2,1,1,2,"145, JEAN JAURES (R)",0.0,0.0
201300044046,11,3,2013,9,1,94,46,2,1,1,2,"., JEAN JAURES (R)",0.0,0.0
201300044047,14,3,2013,8,1,94,46,2,2,1,6,"., BOULEY (R)",0.0,0.0
201300044048,15,8,2013,19,1,94,46,2,1,1,6,"105ter, JEAN JAURES (R)",0.0,0.0
201300044049,22,3,2013,8,1,94,46,2,1,1,2,"85, VICTOR HUGO (R)",0.0,0.0
201300044050,28,3,2013,9,1,94,46,2,9,1,3,"7quater, GENERAL DE GAUL",0.0,0.0
201300044051,1,4,2013,16,1,94,46,2,2,1,3,"., FERNET (R)",0.0,0.0
201300044052,31,8,2013,21,1,94,46,2,1,1,3,"22, MESLY (R DE)",0.0,0.0
201300044053,15,11,2013,14,1,94,46,2,1,1,6,"41, GENERAL DE GAULLE (A",0.0,0.0
201300044054,1,11,2013,15,1,94,46,2,1,1,6,"15, EUGENE RENAULT (R)",0.0,0.0
201300044055,4,4,2013,10,1,94,46,2,3,1,3,REPUBLIQUE (AV DE LA),0.0,0.0
201300044056,14,9,2013,19,2,94,46,2,1,9,2,"45, GENERAL LECLERC (AV",0.0,0.0
201300044057,23,9,2013,13,1,94,46,2,1,1,6,"68, GENERAL DE GAULLE (A",0.0,0.0
201300044058,5,11,2013,18,4,94,46,2,1,2,2,"., GENERAL DE GAULLE (AV",0.0,0.0
201300044059,26,3,2013,19,2,94,46,2,1,1,6,"., GENERAL LECLERC (AV D",0.0,0.0
201300044060,1,10,2013,8,1,94,46,2,2,1,3,"., REPUBLIQUE (AV DE LA)",0.0,0.0
201300044061,7,5,2013,21,5,94,46,2,1,1,7,"73, GENERAL LECLERC (AV",0.0,0.0
201300044062,20,10,2013,10,1,94,46,2,1,1,3,"., GENERAL DE GAULLE (AV",0.0,0.0
201300044063,23,5,2013,20,1,94,46,2,1,2,6,"17, GENERAL LECLERC (AV",0.0,0.0
201300044064,16,4,2013,3,5,94,46,2,1,1,6,"., REPUBLIQUE (AV DE LA)",0.0,0.0
201300044065,5,8,2013,23,5,94,46,2,3,1,3,"129, JEAN JAURES (R)",0.0,0.0
201300044066,26,5,2013,13,1,94,46,2,1,1,3,"73, GENERAL LECLERC (AV",0.0,0.0
201300044067,27,5,2013,18,1,94,46,2,1,1,6,"., GENERAL LECLERC (AV D",0.0,0.0
201300044068,29,10,2013,6,5,94,46,2,2,1,3,"., GENERAL LECLERC (AV D",0.0,0.0
201300044069,31,10,2013,14,1,94,46,2,1,1,3,"., GENERAL LECLERC (AV D",0.0,0.0
201300044070,25,6,2013,18,1,94,46,2,1,1,6,"., REPUBLIQUE (AV DE LA)",0.0,0.0
201300044071,24,9,2013,13,1,94,46,2,1,1,6,"45, GENERAL DE GAULLE (A",0.0,0.0
201300044072,29,10,2013,18,2,94,46,2,1,1,6,"., JEAN JAURES (R)",0.0,0.0
201300044073,17,10,2013,10,1,94,46,2,1,1,6,"02, GENERAL LECLERC (AV",0.0,0.0
201300044074,9,12,2013,12,1,94,46,2,1,1,6,"6/8, DIX HUIT JUIN 1940",0.0,0.0
201300044075,24,8,2013,22,5,94,46,2,2,1,3,"., BELFORT (R DE)",0.0,0.0
201300044076,14,8,2013,22,5,94,46,2,1,1,3,"., GENERAL LECLERC (AV D",0.0,0.0
201300044077,10,6,2013,19,1,94,46,2,1,8,6,"., REPUBLIQUE (AV DE LA)",0.0,0.0
201300044078,12,9,2013,14,1,94,46,2,1,1,6,"105bis, JEAN JAURES (R)",0.0,0.0
201300044079,17,12,2013,14,1,94,46,2,1,1,3,"02, EUGENE RENAULT (R)",0.0,0.0
201300044080,24,12,2013,13,1,94,46,2,1,1,6,"., GEORGES CLEMENCEAU (A",0.0,0.0
201300044081,24,12,2013,17,5,94,46,2,1,2,6,"33, REPUBLIQUE (AV DE LA",0.0,0.0
201300044082,28,12,2013,18,5,94,46,2,2,1,3,"., REPUBLIQUE (AV DE LA)",0.0,0.0
201300044083,2,1,2013,14,1,94,52,2,1,1,2,STRASBOURG (BD DE),0.0,0.0
201300044084,8,1,2013,8,1,94,52,2,1,1,3,STRASBOURG (BD DE),0.0,0.0
201300044085,11,1,2013,8,2,94,15,2,1,1,6,FOUR (R DU),0.0,0.0
201300044086,12,1,2013,11,1,94,15,2,1,2,5,"64, GENERAL LECLERC (AV)",0.0,0.0
201300044087,29,6,2013,22,5,94,15,2,2,1,3,GEORGES CLEMENCEAU (AV),0.0,0.0
201300044088,17,1,2013,22,5,94,52,2,2,9,3,STRASBOURG (BD DE),0.0,0.0
201300044089,21,1,2013,12,1,94,52,2,1,4,6,ARMISTICE (R DE L),0.0,0.0
201300044090,26,1,2013,11,1,94,42,2,1,1,6,"8, JAMIN (AV)",0.0,0.0
201300044091,26,1,2013,21,5,94,58,2,1,1,3,"112, GENERAL DE GAULLE (",0.0,0.0
201300044092,29,1,2013,10,1,94,52,2,3,2,2,STRASBOURG/ANQUETIL,0.0,0.0
201300044093,31,1,2013,12,1,94,15,2,2,1,3,GEORGES MELIES (BD),0.0,0.0
201300044094,25,11,2013,7,2,94,58,2,1,1,3,"189, ALSACE LORRAINE (BD",0.0,0.0
201300044095,25,11,2013,14,1,94,42,2,1,1,3,PARIS (R DE),0.0,0.0
201300044096,6,2,2013,11,1,94,58,2,1,1,6,"2 bis, FONTENAY (BD DE)",0.0,0.0
201300044097,11,2,2013,15,1,94,58,2,9,1,2,"260, PIERRE BROSSOLETTE",0.0,0.0
201300044098,14,2,2013,19,5,94,58,1,3,9,2,"106 bis, PIERRE BROSSOLE",0.0,0.0
201300044099,21,2,2013,9,1,94,42,2,1,1,3,GENERAL GALLIENI - PONT,0.0,0.0
201300044100,2,3,2013,11,1,94,52,2,1,1,3,WATTEAU (AV),0.0,0.0
201300044101,6,3,2013,6,3,94,52,2,2,1,6,MARRONIERS (AV DES),0.0,0.0
201300044102,9,3,2013,14,1,94,42,2,9,1,4,GENERAL GALLIENI - PONT,0.0,0.0
201300044103,12,3,2013,6,1,94,15,1,1,4,1,FRERES LUMIERE (AV DES),0.0,0.0
201300044104,10,12,2013,14,1,94,52,2,2,7,6,JACQUES KABLE (R),0.0,0.0
201300044105,15,3,2013,12,1,94,52,2,1,1,2,"107, CHARLES DE GAULLE (",0.0,0.0
201300044106,11,12,2013,12,1,94,52,2,1,1,6,CHARLES DE GAULLE (GRAND,0.0,0.0
201300044107,11,12,2013,16,2,94,52,1,1,1,6,JOINVILLE (AV DE),0.0,0.0
201300044108,18,3,2013,10,1,94,52,2,3,1,6,"144, STRASBOURG (BD DE)",0.0,0.0
201300044109,21,3,2013,15,1,94,58,2,3,1,6,ALSACE LORRAINE (BD D),0.0,0.0
201300044110,21,3,2013,17,1,94,52,2,1,1,6,"158, CHARLES DE GAULLE (",0.0,0.0
201300044111,13,12,2013,15,1,94,42,2,2,1,3,EUROPE (BD DE L),0.0,0.0
201300044112,14,12,2013,12,1,94,52,2,1,1,3,"30, CHARLES DE GAULLE (G",0.0,0.0
201300044113,14,12,2013,15,1,94,42,2,7,1,2,VERDUN (PL DE),0.0,0.0
201300044114,29,3,2013,17,1,94,15,2,1,1,6,"27, MESANGES (R DES)",0.0,0.0
201300044115,3,4,2013,16,1,94,42,2,1,1,6,PARIS (R DE),0.0,0.0
201300044116,18,12,2013,16,1,94,42,1,1,1,6,"2, BARRAGE (QU DU)",0.0,0.0
201300044117,5,4,2013,17,1,94,15,2,1,1,5,"44, GENERAL LECLERC (AV)",0.0,0.0
201300044118,5,4,2013,18,1,94,52,2,1,1,3,"143, STRASBOURG (BD DE)",0.0,0.0
201300044119,20,12,2013,20,5,94,42,2,1,1,6,CANADIENS (AV DES),0.0,0.0
201300044120,10,4,2013,16,1,94,58,2,2,1,3,LATERALE AU VIADUC (R),0.0,0.0
201300044121,12,4,2013,16,1,94,58,2,1,3,6,"59, GENERAL DE GAULLE (A",0.0,0.0
201300044122,12,4,2013,21,5,94,42,2,2,1,1,PRESIDENT JOHN KENNEDY (,0.0,0.0
201300044123,14,4,2013,18,1,94,15,2,2,1,3,FOUR (R DU),0.0,0.0
201300044124,23,12,2013,14,1,94,52,2,1,1,2,"14, CHARLES DE GAULLE (G",0.0,0.0
201300044125,15,4,2013,20,1,94,42,2,1,1,1,BIR HAKEIM (QU DE),0.0,0.0
201300044126,18,4,2013,8,1,94,42,2,3,1,3,ELYSEE (R DE L),0.0,0.0
201300044127,20,4,2013,3,5,94,1,2,1,1,3,BD ALBERT 1ER,0.0,0.0
201300044128,22,4,2013,9,1,94,58,2,1,1,6,FOCH (BD),0.0,0.0
201300044129,27,12,2013,18,5,94,58,2,1,2,6,"32, GENERAL DE GAULLE (A",0.0,0.0
201300044130,27,4,2013,18,1,94,58,2,9,8,3,MARECHAL JOFFRE (AV DU),0.0,0.0
201300044131,30,4,2013,16,1,94,52,1,1,2,5,PONT DE NOGENT,0.0,0.0
201300044132,31,12,2013,15,1,94,58,2,1,1,6,STATION (R DE LA),0.0,0.0
201300044133,15,5,2013,18,1,94,15,2,1,1,6,GEORGES MELIES (BD),0.0,0.0
201300044134,19,5,2013,18,1,94,58,2,3,3,2,LEDRU ROLLIN (AV),0.0,0.0
201300044135,17,5,2013,14,1,94,52,2,1,1,6,"101B, THEODORE HONORE (R",0.0,0.0
201300044136,21,5,2013,9,1,94,58,2,1,2,6,NANCY (R DE),0.0,0.0
201300044137,4,6,2013,9,1,94,42,2,1,1,2,"28, GENERAL GALLIENI (AV",0.0,0.0
201300044138,5,6,2013,8,1,94,58,2,3,1,3,GENERAL DE GAULLE (AV DU,0.0,0.0
201300044139,7,6,2013,17,1,94,58,2,1,1,6,"29, JULES FERRY (R)",0.0,0.0
201300044140,7,6,2013,18,1,94,42,2,1,1,2,GENERAL GALLIENI - PONT,0.0,0.0
201300044141,10,6,2013,19,1,94,42,2,5,1,6,GALLIENI/FOCH,0.0,0.0
201300044142,11,6,2013,7,1,94,52,2,3,1,3,JACQUES KABLE (R),0.0,0.0
201300044143,13,6,2013,19,1,94,15,1,9,1,6,GEORGES MELIES (BD),0.0,0.0
201300044144,19,6,2013,15,1,94,58,2,2,1,3,LIBERTE (BD DE LA),0.0,0.0
201300044145,19,6,2013,15,1,94,58,2,2,1,3,"35, FOCH (BD)",0.0,0.0
201300044146,19,6,2013,20,1,94,52,2,1,3,2,STRASBOURG (BD DE),0.0,0.0
201300044147,21,6,2013,17,1,94,52,2,1,1,2,STRASBOURG (BD DE),0.0,0.0
201300044148,25,6,2013,15,1,94,42,2,1,1,2,"21, MARECHAL LECLERC (BD",0.0,0.0
201300044149,2,7,2013,10,1,94,42,2,2,1,3,MARCEAU (AV),0.0,0.0
201300044150,5,7,2013,19,1,94,52,2,2,1,6,LIEUTENANT OHRESSER (R D,0.0,0.0
201300044151,8,7,2013,10,1,94,42,2,1,1,3,"12, CANADIENS (AV DES)",0.0,0.0
201300044152,10,7,2013,16,1,94,58,2,1,1,3,GENERAL LECLERC (PLACE),0.0,0.0
201300044153,10,7,2013,22,5,94,52,2,1,1,3,"2, JACQUES KABLE (R)",0.0,0.0
201300044154,12,7,2013,8,1,94,58,2,2,1,3,ALSACE LORRAINE,0.0,0.0
201300044155,14,7,2013,16,1,94,15,2,1,1,1,"54, AV DE RIGNY",0.0,0.0
201300044156,15,7,2013,17,1,94,52,2,2,1,6,"95, STRASBOURG (BD DE)",0.0,0.0
201300044157,16,7,2013,11,1,94,52,2,1,1,2,"10, STRASBOURG (BD DE)",0.0,0.0
201300044158,17,7,2013,18,1,94,52,2,2,1,5,ALBERT 1ER/DE GAULLE,0.0,0.0
201300044159,18,7,2013,13,1,94,42,2,2,1,1,CHARLES FLOQUET (AV),0.0,0.0
201300044160,21,7,2013,9,1,94,58,2,1,1,1,"89, ARTOIS (QU D)",0.0,0.0
201300044161,29,7,2013,17,1,94,42,2,7,1,3,GENERAL GALLIENI (AV DU),0.0,0.0
201300044162,1,8,2013,23,5,94,42,2,2,1,2,CANADIENS/VALAIS,0.0,0.0
201300044163,3,8,2013,22,5,94,58,2,2,1,3,"106 bis, PIERRE BROSSOLE",0.0,0.0
201300044164,5,8,2013,10,1,94,58,2,6,1,3,DE GAULLE/POINCARE,0.0,0.0
201300044165,9,8,2013,18,1,94,42,2,2,1,3,KENNEDY/VALAIS,0.0,0.0
201300044166,13,8,2013,19,1,94,15,2,1,1,3,BD GEORGES MELIES,0.0,0.0
201300044167,22,8,2013,18,1,94,15,2,1,1,2,"15, R DU 2 DECEMBRE 1870",0.0,0.0
201300044168,23,8,2013,17,1,94,42,2,1,1,1,"19/21, QU DE MARNE",0.0,0.0
201300044169,28,8,2013,9,1,94,52,2,1,1,1,AV DE LA BELLE GABRIELLE,0.0,0.0
201300044170,31,8,2013,18,1,94,52,2,3,1,2,STRASBOURG/MANESSIER,0.0,0.0
201300044171,3,9,2013,17,1,94,52,2,1,7,6,"23, STRASBOURG (BD DE)",0.0,0.0
201300044172,4,9,2013,7,1,94,58,2,1,1,3,PIERRE BROSSOLETTE (AV),0.0,0.0
201300044173,4,9,2013,18,1,94,15,1,3,1,3,"1, LOUIS FERBER (QU)",0.0,0.0
201300044174,7,9,2013,9,1,94,52,2,3,1,6,PASTEUR (R),0.0,0.0
201300044175,9,9,2013,10,1,94,58,2,2,8,3,PIERRE BROSSOLETTE (AV),0.0,0.0
201300044176,11,9,2013,12,1,94,58,2,1,8,2,"12, GENERAL DE GAULLE (A",0.0,0.0
201300044177,13,9,2013,8,1,94,15,2,1,1,6,"66, PASTEUR (BD)",0.0,0.0
201300044178,13,9,2013,21,5,94,52,2,3,8,6,COULMIERS (R DE),0.0,0.0
201300044179,14,9,2013,18,1,94,52,2,1,3,6,JACQUES KABLE (R),0.0,0.0
201300044180,16,9,2013,16,1,94,52,2,1,2,3,"3, CHARLES DE GAULLE (GR",0.0,0.0