Num_Acc,jour,mois,an,hr,condition_eclairage,departement,commune,condition_agglomeration,intersection,condition_atmosphere,type_collision,adresse,lattitude,longitude
201300044181,17,9,2013,17,1,94,58,2,1,2,1,"154 bis, PIERRE BROSSOLE",0.0,0.0
201300044182,19,9,2013,13,1,94,42,2,1,1,6,VERDUN (PL DE),0.0,0.0
201300044183,21,9,2013,10,1,94,58,2,1,1,6,"38 T, STATION (R DE LA)",0.0,0.0
201300044184,21,9,2013,2,5,94,52,2,1,1,3,MARECHAL FRANCHET D ESPE,0.0,0.0
201300044185,20,9,2013,1,5,94,52,2,1,1,4,ALBERT 1ER (BD),0.0,0.0
201300044186,24,9,2013,17,1,94,15,2,1,1,6,RIGNY (AV DE),0.0,0.0
201300044187,24,9,2013,18,1,94,52,2,1,1,1,BELLE GABRIELLE (AV DE L,0.0,0.0
201300044188,1,10,2013,17,1,94,58,2,6,1,3,ALSACE LORRAINE (BD D),0.0,0.0
201300044189,4,10,2013,16,1,94,15,2,1,1,6,"11, 2 DECEMBRE 1870 (R D",0.0,0.0
201300044190,8,10,2013,7,1,94,58,2,1,1,3,"144, HUIT MAI 1945 (AV D",0.0,0.0
201300044191,11,10,2013,7,2,94,52,2,1,2,6,JOINVILLE (AV DE),0.0,0.0
201300044192,13,10,2013,12,1,94,42,2,1,1,3,GENERAL GALLIENI - PONT,0.0,0.0
201300044193,15,10,2013,8,1,94,52,2,1,1,2,"80, STRASBOURG (BD DE)",0.0,0.0
201300044194,16,10,2013,18,5,94,15,2,1,2,2,PASTEUR (BD),0.0,0.0
201300044195,27,10,2013,13,1,94,52,2,1,1,6,JOINVILLE (AV DE),0.0,0.0
201300044196,11,11,2013,12,1,94,15,2,1,1,6,"16, RIGNY (AV DE)",0.0,0.0
201300044197,12,11,2013,14,1,94,58,2,1,2,2,"217, PIERRE BROSSOLETTE",0.0,0.0
201300044198,13,11,2013,11,1,94,58,2,2,1,6,LEDRU ROLLIN (AV),0.0,0.0
201300044199,29,10,2013,23,5,94,58,2,1,1,3,"113, LEDRU ROLLIN (IMP)",0.0,0.0
201300044200,3,6,2013,18,1,94,68,2,1,1,6,"117, BAC (AV DU)",0.0,0.0
201300044201,4,6,2013,11,1,94,68,2,1,1,3,MARNE (BD DE LA),0.0,0.0
201300044202,4,6,2013,17,1,94,68,2,1,1,2,"39, GARIBALDI (R)",0.0,0.0
201300044203,5,6,2013,9,1,94,68,2,1,1,6,DIDEROT (AV),0.0,0.0
201300044204,6,6,2013,10,1,94,68,2,3,1,1,FOCH (AV),0.0,0.0
201300044205,12,6,2013,9,1,94,68,2,1,1,3,FOCH (AV),0.0,0.0
201300044206,13,6,2013,9,1,94,68,2,1,1,3,FOCH (AV),0.0,0.0
201300044207,24,6,2013,20,1,94,68,2,1,1,3,GENERAL GIRAUD (BD DU),0.0,0.0
201300044208,30,6,2013,6,1,94,68,2,1,1,6,"121, FOCH (AV)",0.0,0.0
201300044209,30,6,2013,2,5,94,68,2,1,1,3,FOCH (AV),0.0,0.0
201300044210,12,7,2013,12,1,94,68,2,1,1,6,D'ADAMVILLE KENNEDY (PL),0.0,0.0
201300044211,29,7,2013,17,1,94,68,2,1,1,2,CHARLES DE GAULLE (AV),0.0,0.0
201300044212,30,7,2013,14,1,94,68,2,1,1,6,CHEMIN VERT (R DU),0.0,0.0
201300044213,2,8,2013,0,5,94,68,2,1,1,3,FOCH (AV),0.0,0.0
201300044214,11,8,2013,12,1,94,68,2,1,1,3,CRETEIL (BD DE),0.0,0.0
201300044215,13,8,2013,15,1,94,68,2,1,1,1,GREVIN (R),0.0,0.0
201300044216,25,8,2013,21,5,94,68,2,2,1,3,LAMY (R),0.0,0.0
201300044217,26,8,2013,9,1,94,68,2,1,1,6,"59bis, FOCH (AV)",0.0,0.0
201300044218,3,9,2013,17,1,94,68,2,2,1,3,CRETEIL (BD DE),0.0,0.0
201300044219,9,9,2013,16,1,94,68,2,1,3,6,VARENNE (R DE LA),0.0,0.0
201300044220,10,9,2013,19,2,94,68,2,1,1,2,"37, NORD (AV DU)",0.0,0.0
201300044221,13,9,2013,16,1,94,68,2,1,2,6,"21, MARNE (BD DE LA)",0.0,0.0
201300044222,25,9,2013,16,1,94,68,2,1,2,6,"63, RABELAIS (BD)",0.0,0.0
201300044223,1,10,2013,7,1,94,68,2,1,8,6,FOCH (AV),0.0,0.0
201300044224,4,10,2013,7,1,94,68,2,2,8,3,LOUIS BLANC (AV),0.0,0.0
201300044225,4,10,2013,11,1,94,68,2,2,8,3,FALONNIERES (AV DES),0.0,0.0
201300044226,4,10,2013,20,5,94,68,2,1,1,6,"50, ALMA (AV DE L)",0.0,0.0
201300044227,10,10,2013,9,1,94,68,2,2,1,3,BOIS GUIMIER (AV DU),0.0,0.0
201300044228,13,10,2013,19,5,94,68,2,2,1,5,CHAMPIGNY (BD DE),0.0,0.0
201300044229,16,10,2013,17,1,94,68,2,1,3,6,MAURICE BERTEAUX (BD),0.0,0.0
201300044230,18,10,2013,19,3,94,68,2,1,1,2,"144, CRETEIL (BD DE)",0.0,0.0
201300044231,22,10,2013,18,5,94,68,2,2,2,3,FOCH (AV),0.0,0.0
201300044232,24,10,2013,13,1,94,68,2,1,1,6,"96, BAC (AV DU)",0.0,0.0
201300044233,29,10,2013,10,1,94,68,2,1,1,6,"18, FOCH (AV)",0.0,0.0
201300044234,29,10,2013,12,1,94,68,2,1,1,6,"22 bis, FOCH (AV)",0.0,0.0
201300044235,30,10,2013,9,1,94,68,2,1,1,3,SEBASTOPOL (AV DE),0.0,0.0
201300044236,4,11,2013,16,1,94,68,2,1,1,3,"14 bis, VARENNE (R DE LA",0.0,0.0
201300044237,5,11,2013,19,5,94,68,2,2,2,3,"42bis, RABELAIS (BD)",0.0,0.0
201300044238,5,11,2013,21,5,94,68,2,1,2,3,JEAN MOULIN (PL),0.0,0.0
201300044239,6,11,2013,9,1,94,68,2,1,2,5,"12, CRETEIL (BD DE)",0.0,0.0
201300044240,13,11,2013,8,1,94,68,2,1,1,3,"89, RABELAIS (BD)",0.0,0.0
201300044241,14,11,2013,10,1,94,68,2,1,2,6,"15, MARINVILLE (AV DE)",0.0,0.0
201300044242,14,11,2013,20,5,94,68,2,1,1,3,LEDRU ROLLIN (IMP),0.0,0.0
201300044243,14,11,2013,22,5,94,68,2,1,2,1,"95, FOCH (AV)",0.0,0.0
201300044244,26,11,2013,10,1,94,68,2,1,1,6,"05, MAURICE BERTEAUX (BD",0.0,0.0
201300044245,27,11,2013,14,1,94,68,2,1,1,6,RABELAIS (BD),0.0,0.0
201300044246,27,11,2013,16,1,94,68,2,1,1,6,SOLFERINO (R DE),0.0,0.0
201300044247,2,12,2013,13,1,94,68,2,2,1,3,",EST (AV DE L)",0.0,0.0
201300044248,3,12,2013,8,1,94,68,2,1,1,6,"7577, GENERAL GIRAUD (B",0.0,0.0
201300044249,4,12,2013,8,1,94,68,2,1,1,3,BOURDIGNON (R),0.0,0.0
201300044250,11,12,2013,9,1,94,68,2,1,1,2,CHAMPIGNY (BD DE),0.0,0.0
201300044251,12,12,2013,15,1,94,68,2,1,1,3,VERGNIAUD (AV),0.0,0.0
201300044252,16,12,2013,17,2,94,68,2,1,1,6,BEAUBOURG (QU),0.0,0.0
201300044253,18,12,2013,13,1,94,68,2,1,1,3,GARNIER PAGES (R),0.0,0.0
201300044254,19,12,2013,8,1,94,68,2,1,2,1,"117, BAC (AV DU)",0.0,0.0
201300044255,24,12,2013,11,1,94,68,2,1,2,6,"80, GAMBETTA (AV)",0.0,0.0
201300044256,4,1,2013,13,1,94,68,2,2,2,3,VASSAL (R),0.0,0.0
201300044257,6,1,2013,19,4,94,68,2,2,1,3,REPUBLIQUE (AV DE LA),0.0,0.0
201300044258,14,1,2013,17,5,94,68,2,2,8,3,PERDRIX (AV DES),0.0,0.0
201300044259,14,1,2013,13,1,94,68,2,1,1,3,CURTI (AV),0.0,0.0
201300044260,17,1,2013,20,5,94,68,2,1,1,2,"17, PONT DE CRETEIL (R D",0.0,0.0
201300044261,2,2,2013,15,1,94,68,2,1,2,6,VOLTAIRE (BD),0.0,0.0
201300044262,6,2,2013,9,1,94,68,2,1,1,6,MAURICE BERTEAUX (BD),0.0,0.0
201300044263,10,2,2013,17,1,94,68,2,1,4,6,"97, GENERAL GIRAUD (BD D",0.0,0.0
201300044264,8,2,2013,19,5,94,68,2,1,2,2,"2, FOCH (AV)",0.0,0.0
201300044265,3,7,2013,22,5,94,68,2,1,1,3,AV GAMBETTA,48.7959,2.49345
201300044266,10,7,2013,23,5,94,68,2,1,1,3,CRETEIL (BD DE),0.0,0.0
201300044267,22,2,2013,22,5,94,68,2,1,1,2,CHAMPIGNY - PONT DE CHAM,0.0,0.0
201300044268,21,2,2013,10,1,94,68,2,2,1,3,MARNE (BD DE LA),0.0,0.0
201300044269,2,3,2013,20,5,94,68,2,2,1,3,LIBERATION (AV DE LA),0.0,0.0
201300044270,4,3,2013,17,2,94,68,2,1,1,6,GABRIEL PERI (AV),0.0,0.0
201300044271,9,3,2013,16,1,94,68,2,2,1,3,RAYMOND POINCARE (AV),0.0,0.0
201300044272,8,3,2013,16,1,94,68,2,1,1,6,ALSACE LORRAINE (R D),0.0,0.0
201300044273,9,3,2013,20,5,94,68,2,1,1,6,"53, RABELAIS (BD)",0.0,0.0
201300044274,1,8,2013,12,1,94,68,2,1,1,6,GARIBALDI (R),0.0,0.0
201300044275,15,3,2013,18,2,94,68,2,1,1,3,8 MAI 1945 (CARR DU),0.0,0.0
201300044276,16,3,2013,15,1,94,68,2,1,1,6,"110, CRETEIL (BD DE)",0.0,0.0
201300044277,18,3,2013,8,1,94,68,2,1,1,6,"4, RASPAIL (AV)",0.0,0.0
201300044278,24,3,2013,21,5,94,68,2,1,1,6,BAC (AV DU),0.0,0.0
201300044279,26,3,2013,19,5,94,68,2,1,1,3,"108 bis, CRETEIL (BD DE)",0.0,0.0
201300044280,28,3,2013,21,5,94,68,2,1,1,6,"157, BONNEUIL (QU DE)",0.0,0.0
201300044281,2,4,2013,9,1,94,68,2,1,1,3,RABELAIS (BD),0.0,0.0
201300044282,5,4,2013,22,5,94,68,2,1,1,3,CONDE (AV DE),0.0,0.0
201300044283,9,4,2013,17,1,94,68,2,1,8,3,FOCH (AV),0.0,0.0
201300044284,17,4,2013,8,1,94,68,2,1,1,6,TILLEULS (PL DES),0.0,0.0
201300044285,19,4,2013,13,1,94,68,2,1,1,3,"14, MIDI (AV DU)",0.0,0.0
201300044286,12,9,2013,8,1,94,68,2,3,8,3,PONT DE CRETEIL (R DU),0.0,0.0
201300044287,25,4,2013,19,1,94,68,2,1,1,3,CHAMPIGNY (BD DE),0.0,0.0
201300044288,26,4,2013,13,1,94,68,2,1,1,2,"105, CHAMPIGNY (BD DE)",0.0,0.0
201300044289,29,4,2013,20,5,94,68,2,3,1,3,GEORGES CLEMENCEAU (R),0.0,0.0
201300044290,23,9,2013,19,1,94,68,2,2,1,6,BAC (AV DU),0.0,0.0
201300044291,6,5,2013,21,5,94,68,2,1,1,7,"3, VARENNE (R DE LA)",0.0,0.0
201300044292,29,9,2013,19,2,94,68,2,2,1,3,BEAUBOURG (QU),0.0,0.0
201300044293,16,5,2013,18,1,94,68,2,1,1,3,"63, CRETEIL (BD DE)",0.0,0.0
201300044294,6,10,2013,20,5,94,68,2,2,1,3,PONT DE CRETEIL (R DU),0.0,0.0
201300044295,22,5,2013,12,1,94,68,2,1,1,2,"20, PONT DE CRETEIL (R D",0.0,0.0
201300044296,15,10,2013,23,4,94,68,2,2,1,3,DOCTEUR ROUX (R DU),0.0,0.0
201300044297,29,10,2013,19,5,94,68,2,1,1,6,"58 bis, DIDEROT (AV)",0.0,0.0
201300044298,10,11,2013,11,1,94,68,2,1,8,3,CHAMPIGNY (BD DE),0.0,0.0
201300044299,12,11,2013,18,5,94,68,2,1,2,6,"123, FOCH (AV)",0.0,0.0
201300044300,17,11,2013,6,5,94,68,2,1,1,6,ALBERT 1ER (AV),0.0,0.0
201300044301,22,11,2013,17,5,94,68,2,2,1,3,MAURICE BERTEAUX (BD),0.0,0.0
201300044302,3,10,2013,8,1,94,68,2,1,1,3,"98, CARNOT (AV)",0.0,0.0
201300044303,1,1,2013,4,3,94,78,2,1,3,6,AV DU 8 MAI 1945,48.7262,2.44456
201300044304,6,1,2013,22,5,94,78,2,1,1,3,R DE PARIS,48.7295,2.44682
201300044305,9,1,2013,16,1,94,77,2,1,2,2,"77, PAUL BERT (R)",0.0,0.0
201300044306,1,1,2013,0,5,94,78,2,4,2,3,APPEL 18 JUIN/CHURCHILL,48.7552,2.44426
201300044307,12,1,2013,12,1,94,77,2,2,2,3,"9, VICTOR HUGO (AV)",0.0,0.0
201300044308,11,1,2013,16,1,94,74,2,1,8,6,"28, JULIEN DURANTON (ave",0.0,0.0
201300044309,16,1,2013,8,2,94,74,1,1,1,1,"30, FONTAINE SAINT-MARTI",0.0,0.0
201300044310,16,1,2013,8,1,94,74,2,1,4,2,"1, SALVADOR ALLENDE (AV)",0.0,0.0
201300044311,22,1,2013,19,5,94,78,1,1,1,7,"1, ANATOLE FRANCE (AV)",0.0,0.0
201300044312,24,1,2013,8,1,94,78,2,1,1,6,"111, ANATOLE FRANCE (AV)",0.0,0.0
201300044313,28,1,2013,19,5,94,78,2,3,1,3,"33, REPUBLIQUE (AV DE LA",0.0,0.0
201300044314,31,1,2013,16,1,94,74,2,1,1,2,"13, GABRIEL PERI (R)",0.0,0.0
201300044315,2,2,2013,5,5,94,77,2,3,1,3,REPUBLIQUE (AV DE LA),0.0,0.0
201300044316,29,1,2013,6,5,94,78,2,1,2,6,PL PIERRE SEMARD,48.7296,2.44685
201300044317,23,11,2013,15,1,94,78,2,1,1,6,"85, PRESIDENT JOHN FITZG",0.0,0.0
201300044318,8,2,2013,6,5,94,74,2,1,1,6,"236, DIVISION GENERAL LE",0.0,0.0
201300044319,28,1,2013,12,1,94,78,1,1,1,6,PL PIERRE SEMARD,48.7295,2.44682
201300044320,7,2,2013,18,5,94,74,2,1,1,2,"10, RU DE GIRONDE (AV DU",0.0,0.0
201300044321,11,2,2013,6,5,94,78,2,1,2,6,"5, AV CARNOT",48.733,2.44731
201300044322,6,2,2013,14,1,94,77,2,1,1,6,"26, ANATOLE FRANCE (R)",0.0,0.0
201300044323,11,2,2013,8,1,94,1,2,3,2,6,"1, RUE DU BAC",0.0,0.0
201300044324,18,2,2013,7,1,94,77,2,1,1,6,"33, LE FOLL (AV)",0.0,0.0
201300044325,5,3,2013,16,1,94,78,2,1,1,2,AV DE L'APPEL DU 18 JUIN,48.7555,2.44402
201300044326,6,3,2013,17,1,94,78,2,1,1,2,VILLENEUVE LE ROI (PONT,0.0,0.0
201300044327,7,3,2013,22,5,94,77,2,1,1,6,"1, VERDUN (COUR DE)",0.0,0.0
201300044328,11,3,2013,8,1,94,74,2,1,2,3,RU DE GIRONDE (AV DU),0.0,0.0
201300044329,9,3,2013,10,1,94,78,2,1,1,2,"213, ANATOLE FRANCE (AV)",0.0,0.0
201300044330,21,2,2013,12,1,94,74,2,1,1,6,SALVADOR ALLENDE (AV),0.0,0.0
201300044331,12,3,2013,10,1,94,74,2,1,4,5,"1, JULIEN DURANTON (aven",0.0,0.0
201300044332,17,3,2013,18,5,94,74,2,1,4,3,RU DE GIRONDE (AV DU),0.0,0.0
201300044333,20,3,2013,8,1,94,77,2,1,1,6,"21, PAUL PAINLEVE (AV)",0.0,0.0
201300044334,26,3,2013,7,1,94,78,2,1,1,6,PL PIERRE SEMARD,48.7304,2.44686
201300044335,28,3,2013,13,1,94,78,2,1,1,6,CHENES (R DES),0.0,0.0
201300044336,11,4,2013,9,1,94,74,2,1,1,6,"1, RU DE GIRONDE (AV DU)",0.0,0.0
201300044337,5,4,2013,17,1,94,74,2,1,1,6,"25, COLONEL FABIEN (R)",0.0,0.0
201300044338,12,4,2013,15,1,94,74,2,1,2,6,"173, DIVISION GENERAL LE",0.0,0.0
201300044339,16,4,2013,16,1,94,78,2,1,1,3,PRESIDENT JOHN FITZGERAL,0.0,0.0
201300044340,17,4,2013,21,5,94,77,2,1,1,7,"18, LE FOLL (AV)",0.0,0.0
201300044341,18,4,2013,17,1,94,74,2,3,1,3,"1, GUY MOQUET (AV)",0.0,0.0
201300044342,23,5,2013,11,1,94,78,2,4,1,3,8 MAI 1945/SEMARD,48.7294,2.44678
201300044343,17,5,2013,18,1,94,1,2,4,1,3,"3, FOULLON (rue)",0.0,0.0
201300044344,16,4,2013,12,1,94,77,2,1,1,3,"3, VOEUX SAINT GEORGES (",0.0,0.0
201300044345,20,4,2013,12,1,94,78,2,1,1,4,AV DE L'APPEL DU 18 JUIN,48.7562,2.44397
201300044346,23,4,2013,11,1,94,74,2,1,1,7,RU DE GIRONDE (AV DU),0.0,0.0
201300044347,19,4,2013,22,5,94,78,2,1,2,6,"14, PL PIERRE SEMARD",48.7294,2.44676
201300044348,20,4,2013,20,4,94,78,2,3,1,3,8 MAI 45/PONT VILLENEUVE,48.7276,2.44561
201300044349,25,4,2013,15,1,94,78,2,1,1,5,"47, CLEMENT ADER (R)",0.0,0.0
201300044350,7,5,2013,21,5,94,78,2,1,1,6,"1, AV DE CHOISY",48.7449,2.43818
201300044351,24,5,2013,9,1,94,78,2,5,1,2,PARIS/BERLIOZ,48.7459,2.44662
201300044352,25,5,2013,22,5,94,78,2,2,1,3,PARIS/CHOISY,48.7356,2.44665
201300044353,28,5,2013,12,1,94,78,2,1,1,3,"154, NON DENOMMEE (VOI)",0.0,0.0
201300044354,13,5,2013,23,5,94,78,2,1,1,2,WINSTON CHURCHILL (AV),0.0,0.0
201300044355,30,5,2013,9,1,94,78,2,1,2,6,"27, ANATOLE FRANCE (AV)",0.0,0.0
201300044356,2,6,2013,14,1,94,78,2,1,1,7,"24, PETIT PRE (R DU)",0.0,0.0
201300044357,5,6,2013,7,1,94,78,2,1,1,5,AV DU 8 MAI 1945.,48.7265,2.44475
201300044358,14,6,2013,14,1,94,78,2,1,1,2,R DE PARIS,48.7308,2.44685
201300044359,18,6,2013,11,1,94,78,2,1,1,6,"158, R DE PARIS",48.7359,2.44682
201300044360,20,6,2013,13,1,94,77,2,1,1,6,"1, HUIT MAI 1945 (R DU)",0.0,0.0
201300044361,18,5,2013,9,1,94,78,2,1,1,4,8 MAI 1945,48.7302,2.44687
201300044362,17,6,2013,14,1,94,78,2,1,1,6,"23, HENRI JANIN (R)",0.0,0.0
201300044363,22,6,2013,21,2,94,78,2,1,1,6,"174, R DE PARIS",48.7377,2.44682
201300044364,6,6,2013,16,1,94,78,2,2,7,1,8 MAI 1945/MELUN,48.7245,2.44508
201300044365,26,6,2013,20,1,94,78,2,1,1,1,"10, BEAUREGARD (R DE)",0.0,0.0
201300044366,24,5,2013,16,1,94,77,2,1,2,6,"1, REPUBLIQUE (AV DE LA)",0.0,0.0
201300044367,29,6,2013,10,1,94,74,2,1,1,4,"34, JULIEN DURANTON (ave",0.0,0.0
201300044368,28,6,2013,22,5,94,78,2,3,1,6,"100, PARIS/MARNE",48.7311,2.44682
201300044369,2,7,2013,10,1,94,78,2,2,1,2,"158, PARIS/CHOISY",48.7356,2.44665
201300044370,16,5,2013,17,1,94,77,2,2,1,6,PASTEUR / NICOT,0.0,0.0
201300044371,13,5,2013,23,5,94,78,2,1,1,1,"1, BRICQUEBEC (R DE)",0.0,0.0
201300044372,6,7,2013,18,1,94,74,2,1,1,6,"6, COLONEL FABIEN (R)",0.0,0.0
201300044373,28,6,2013,11,1,94,74,2,1,1,2,"116, RU DE GIRONDE (AV D",0.0,0.0
201300044374,8,7,2013,13,1,94,77,2,1,1,3,GENERAL DE GAULLE (R DU),0.0,0.0
201300044375,3,7,2013,7,1,94,74,2,1,2,6,"1, JULIEN DURANTON (aven",0.0,0.0
201300044376,13,6,2013,15,1,94,77,2,2,2,3,"1, ALEXANDRE RIBOT (R)",0.0,0.0
201300044377,24,6,2013,9,1,94,77,2,2,1,6,"30BIS, EUGENE NICOT (R)",0.0,0.0
201300044378,11,7,2013,13,1,94,74,2,1,1,2,"40, JULIEN DURANTON (ave",0.0,0.0
201300044379,3,7,2013,19,1,94,77,2,1,8,6,"11, COLONEL FABIEN(RUE)",0.0,0.0
201300044380,27,6,2013,1,5,94,78,2,3,1,3,8 MAI 45/PONT VILLENEUVE,48.7276,2.44561
201300044381,18,7,2013,20,1,94,78,2,3,2,7,PONT VILLENEUVE/8 MAI 45,48.7276,2.44561
201300044382,19,7,2013,10,1,94,78,2,1,1,6,"107, ANATOLE FRANCE (AV)",0.0,0.0
201300044383,22,7,2013,18,1,94,1,2,2,1,3,"01, VILLENEUVE (route de",0.0,0.0
201300044384,23,7,2013,14,1,94,78,2,1,2,6,"140, CHOISY (AV DE)",0.0,0.0
201300044385,28,8,2013,14,1,94,77,2,1,1,4,LE FOLL (AV),0.0,0.0
201300044386,28,6,2013,13,1,94,77,2,1,8,1,"0,  FRONT DE SEINE",0.0,0.0
201300044387,26,7,2013,19,1,94,77,2,1,1,2,VERDUN (COUR DE),0.0,0.0
201300044388,27,7,2013,14,1,94,78,2,2,1,4,"160, PARIS/CHOISY",48.7356,2.44665
201300044389,31,7,2013,13,1,94,78,2,3,1,4,MELUN/BELLE PLACE,48.7241,2.44478
201300044390,24,7,2013,18,1,94,78,2,1,1,6,R DE PARIS,48.7304,2.44686
201300044391,17,6,2013,15,1,94,74,2,1,1,6,"45, RU DE GIRONDE (AV DU",0.0,0.0
201300044392,2,8,2013,17,1,94,78,2,1,1,3,WINSTON CHURCHILL (AV),0.0,0.0
201300044393,5,8,2013,12,1,94,74,2,1,1,6,"46, COLONEL FABIEN (R)",0.0,0.0
201300044394,8,7,2013,8,1,94,74,2,1,1,3,"., JULIEN DURANTON (aven",0.0,0.0
201300044395,9,8,2013,7,1,94,78,2,1,1,3,AV DU 8 MAI 1945,48.7303,2.44687
201300044396,15,8,2013,14,1,94,78,2,3,7,3,PARIS/ORME SAINTE MARIE,48.739,2.44684
201300044397,16,8,2013,9,1,94,78,2,1,1,6,"52, CHOISY (AV DE)",0.0,0.0
201300044398,16,8,2013,19,1,94,78,2,4,1,4,PARIS/CHURCHILL,48.7551,2.44413
201300044399,27,8,2013,17,1,94,78,2,1,1,7,"08, CHENES (R DES)",0.0,0.0
201300044400,29,8,2013,15,1,94,78,2,1,1,6,AV DE L'APPEL DU 18 JUIN,48.7303,2.44686
201300044401,3,9,2013,11,1,94,77,2,1,1,6,"13, HENRI GILBERT (AV)",0.0,0.0
201300044402,5,9,2013,18,1,94,78,2,1,1,6,"11, CARNOT (AV)",0.0,0.0
201300044403,6,9,2013,16,1,94,78,2,3,1,1,PONT VILLENEUVE/8 MAI 45,48.7276,2.44561
201300044404,8,9,2013,13,1,94,78,2,1,1,6,"26, CARNOT (AV)",0.0,0.0
201300044405,29,8,2013,14,1,94,74,2,1,1,3,"9, SALVADOR ALLENDE (AV)",0.0,0.0
201300044406,9,9,2013,16,1,94,77,2,1,2,6,"24, MARECHAL FOCH (R DU)",0.0,0.0
201300044407,10,9,2013,10,1,94,77,2,1,2,3,"5, EUGENIE LE GUILLERMIC",0.0,0.0
201300044408,10,9,2013,18,1,94,78,2,3,8,3,PARIS/ORME SAINTE-MARIE,48.739,2.44684
201300044409,14,9,2013,11,1,94,77,2,1,2,7,"29, LE FOLL (AV)",0.0,0.0
201300044410,17,9,2013,19,5,94,78,2,2,2,3,"42, VOLTAIRE (R)",0.0,0.0
201300044411,24,9,2013,13,1,94,78,2,1,1,3,"22, HENRI LEDUC (R)",0.0,0.0
201300044412,24,9,2013,16,1,94,1,2,1,1,7,"25, PASTEUR( quai)",0.0,0.0
201300044413,28,9,2013,2,5,94,78,2,2,1,3,"54, TILLEULS (R DES)",0.0,0.0
201300044414,23,9,2013,19,2,94,78,2,1,1,7,"40, PRESIDENT JOHN FITZG",0.0,0.0
201300044415,3,10,2013,16,1,94,78,2,1,2,3,"43, EUROPE (AV DE L)",0.0,0.0
201300044416,4,10,2013,8,1,94,77,2,1,8,6,"62, PAUL BERT (R)",0.0,0.0
201300044417,5,10,2013,18,2,94,78,2,3,1,3,CHURCHILL/SAINT-EXUPERY,48.7541,2.44868
201300044418,6,10,2013,7,5,94,74,2,1,1,6,CHAMP SAINT-JULIEN (AV D,0.0,0.0
201300044419,6,10,2013,15,1,94,78,2,3,1,2,PARIS/BERLIOZ,48.7459,2.44662
201300044420,10,10,2013,7,2,94,1,2,1,8,6,"3, DE GAULLE (rue du G?n",0.0,0.0
201300044421,29,9,2013,21,5,94,78,1,4,9,3,8 MAI 1945/PIERRE SEMARD,48.7294,2.44678
201300044422,12,10,2013,22,5,94,74,2,1,1,5,"01, FERME (COUR DE LA)",0.0,0.0
201300044423,15,10,2013,21,5,94,78,2,1,1,6,AV DU 8 MAI 1945,48.7301,2.44688
201300044424,11,9,2013,4,5,94,74,2,1,2,3,"34, LOUIS ARMAND (R)",0.0,0.0
201300044425,18,10,2013,7,2,94,78,2,1,1,3,"09, CHOISY (AV DE)",0.0,0.0
201300044426,23,10,2013,11,1,94,74,2,1,1,7,"181, DIVISION GENERAL LE",0.0,0.0
201300044427,28,10,2013,11,1,94,74,2,1,2,3,"10, COLONEL FABIEN (R)",0.0,0.0
201300044428,30,10,2013,21,5,94,77,2,2,1,3,LE FOLL (AV),0.0,0.0
201300044429,5,11,2013,8,1,94,77,2,6,2,3,REPUBLIQUE (AV DE LA),0.0,0.0
201300044430,6,11,2013,8,1,94,78,2,3,1,3,"85, PRESIDENT JOHN FITZG",0.0,0.0
201300044431,6,11,2013,14,1,94,78,2,1,1,2,"7, GEORGES PICOT (R)",0.0,0.0
201300044432,7,11,2013,8,1,94,78,2,3,1,3,"117 bis, CHOISY (AV DE)",0.0,0.0
201300044433,7,11,2013,12,1,94,78,2,3,1,3,"85, ANATOLE FRANCE (AV)",0.0,0.0
201300044434,7,11,2013,13,1,94,77,2,1,1,6,"105, LE FOLL (AV)",0.0,0.0
201300044435,8,11,2013,5,5,94,78,2,2,2,2,PARIS/CHOISY,48.7356,2.44665
201300044436,8,11,2013,18,5,94,77,2,2,1,6,"29, PASTEUR (AV)",0.0,0.0
201300044437,10,11,2013,6,5,94,78,2,3,2,4,PARIS/MARNE,48.7311,2.44682
201300044438,11,11,2013,18,5,94,77,2,1,1,3,LAMARTINE (R),0.0,0.0
201300044439,28,11,2013,8,1,94,78,2,3,1,6,PARIS/DUNANT,48.7322,2.44684
201300044440,1,12,2013,2,5,94,1,2,1,1,6,"1 bis, QUAI MAGNE",0.0,0.0
201300044441,28,11,2013,8,5,94,78,2,1,1,7,"29, ANATOLE FRANCE (AV)",0.0,0.0
201300044442,2,12,2013,14,1,94,78,2,1,1,3,"12, HENRI JANIN (R)",0.0,0.0
201300044443,6,12,2013,23,5,94,78,2,3,1,6,PARIS/DUNANT,48.7322,2.44684
201300044444,8,12,2013,12,1,94,78,2,2,1,3,EASTLEIGH (AV DE),0.0,0.0
201300044445,9,12,2013,4,5,94,74,2,6,1,2,CHAMP SAINT-JULIEN (AV D,0.0,0.0
201300044446,9,12,2013,12,1,94,78,2,2,1,2,"04, R DE PARIS/GERVAIS",48.7253,2.44583
201300044447,10,12,2013,8,1,94,74,2,3,1,3,FERME DE L HOPITAL (CHE,0.0,0.0
201300044448,13,12,2013,13,1,94,77,2,1,1,3,"59, DOCTEUR CALMETTE (RU",0.0,0.0
201300044449,13,12,2013,19,5,94,78,2,1,2,6,"17 bis, FRANCIS MARTIN (",0.0,0.0
201300044450,15,12,2013,12,1,94,74,2,1,1,6,"1, SABLONNIERE (R DE LA)",0.0,0.0
201300044451,15,12,2013,13,1,94,78,2,1,1,3,"90, VALENTON (AV DE)",0.0,0.0
201300044452,16,12,2013,16,1,94,78,2,2,1,6,"100, PARIS/MARNE",48.7311,2.44682
201300044453,17,12,2013,17,2,94,77,2,1,1,7,"5, JEAN MARIE POULMARCH",0.0,0.0
201300044454,30,12,2013,15,1,94,78,2,1,2,7,VILLENEUVE LE ROI (PONT,0.0,0.0
201300044455,18,12,2013,16,1,94,74,2,1,1,3,"., JULIEN DURANTON (aven",0.0,0.0
201300044456,18,12,2013,17,5,94,74,2,1,1,4,JULIEN DURANTON (avenue),0.0,0.0
201300044457,20,12,2013,20,5,94,77,2,1,1,3,"., VERDUN (COUR DE)",0.0,0.0
201300044458,22,12,2013,11,1,94,78,2,1,2,5,AV DU 8 MAI 1945,48.7265,2.44474