Num_Acc,jour,mois,an,hr,condition_eclairage,departement,commune,condition_agglomeration,intersection,condition_atmosphere,type_collision,adresse,lattitude,longitude
201300044459,8,5,2013,15,1,94,77,2,1,8,6,"57, LE FOLL (AV)",0.0,0.0
201300044460,4,1,2013,21,5,94,80,2,1,1,3,".38-40, PARIS (AV DE)",0.0,0.0
201300044461,7,1,2013,17,5,94,80,2,2,1,6,"13, MONTREUIL (R DE)",0.0,0.0
201300044462,7,1,2013,18,5,94,80,2,1,1,7,"192, FONTENAY (R DE)",0.0,0.0
201300044463,11,1,2013,18,5,94,67,2,1,1,6,"93, GENERAL DE GAULLE (A",0.0,0.0
201300044464,14,1,2013,7,5,94,80,2,1,1,3,"35, PARIS (AV DE)",0.0,0.0
201300044465,24,1,2013,19,5,94,80,2,3,1,6,"213, DIDEROT (R)",0.0,0.0
201300044466,1,2,2013,8,2,94,80,2,8,2,6,"., PARIS (AV DE)",0.0,0.0
201300044467,7,2,2013,9,1,94,67,2,2,1,3,GAMBETTA (AV),0.0,0.0
201300044468,12,2,2013,15,1,94,67,2,1,1,6,"42, GENERAL DE GAULLE (A",0.0,0.0
201300044469,13,2,2013,16,1,94,67,2,1,1,6,"12, GENERAL DE GAULLE (A",0.0,0.0
201300044470,22,2,2013,14,1,94,67,2,3,1,6,PASTEUR (AV),0.0,0.0
201300044471,3,3,2013,17,1,94,67,2,1,1,6,GALLIENI (AV),0.0,0.0
201300044472,6,4,2013,17,1,94,80,2,2,1,6,"., MIRABEAU (R)",0.0,0.0
201300044473,6,4,2013,15,1,94,80,2,1,1,3,"01, LAGNY (R DE)",0.0,0.0
201300044474,8,4,2013,11,1,94,80,2,5,1,3,FELIX FAURE/POMMIERS,48.8476,2.45272
201300044475,11,4,2013,13,1,94,80,2,1,1,2,"60, MINIMES (AV DES)",0.0,0.0
201300044476,17,4,2013,15,1,94,80,2,1,1,3,"12-14, ROBERT GIRAUDINEA",0.0,0.0
201300044477,22,4,2013,18,1,94,67,2,1,1,6,"70-72, GENERAL DE GAULLE",0.0,0.0
201300044478,29,4,2013,13,1,94,80,2,1,1,3,"99, FONTENAY (R DE)",0.0,0.0
201300044479,30,4,2013,8,1,94,80,2,1,1,2,"117, PARIS (AV DE)",0.0,0.0
201300044480,3,5,2013,10,1,94,80,2,5,1,6,"144, R DEFRANCE/DIDEROT",48.8496,2.45635
201300044481,21,5,2013,10,1,94,80,2,4,1,1,"42, REPUBLIQUE (AV DE LA",0.0,0.0
201300044482,22,5,2013,15,1,94,80,2,1,1,3,"86, PARIS (AV DE)",0.0,0.0
201300044483,25,5,2013,10,1,94,80,2,4,1,1,"42, REPUBLIQUE (AV DE LA",0.0,0.0
201300044484,26,5,2013,17,1,94,67,2,3,1,6,LIEGE (AV DE),0.0,0.0
201300044485,28,5,2013,15,1,94,80,2,3,2,7,"46, FONTENAY (R DE)",0.0,0.0
201300044486,29,5,2013,10,1,94,67,2,2,1,3,GENERAL DE GAULLE (AV DU,0.0,0.0
201300044487,30,5,2013,19,1,94,67,2,1,1,3,"35, JOFFRE (AV)",0.0,0.0
201300044488,14,6,2013,10,1,94,80,2,2,1,3,PAUL DEROULEDE (AV),0.0,0.0
201300044489,15,6,2013,8,1,94,80,2,3,1,3,"30, PARIS (AV DE)",0.0,0.0
201300044490,21,6,2013,18,1,94,80,2,1,1,6,"., CONDE-SUR-NOIREAU (R",0.0,0.0
201300044491,11,7,2013,10,1,94,67,2,1,1,2,"11, LAC (R DU)",0.0,0.0
201300044492,13,7,2013,19,1,94,80,2,1,1,2,MINIMES (AV DES),0.0,0.0
201300044493,16,7,2013,12,1,94,80,2,3,1,3,GENERAL DE GAULLE (AV DU,0.0,0.0
201300044494,20,7,2013,20,2,94,80,2,1,1,1,"111, FONTENAY (R DE)",0.0,0.0
201300044495,22,7,2013,12,1,94,80,2,3,1,2,FONTENAY (R DE),0.0,0.0
201300044496,31,7,2013,7,1,94,80,2,1,1,6,"15, EGALITE (R DE L)",0.0,0.0
201300044497,10,8,2013,15,1,94,80,2,2,1,2,"150, PARIS (AV DE)",0.0,0.0
201300044498,20,8,2013,12,1,94,80,2,1,1,6,"25 bis, PETIT PARC (AV D",0.0,0.0
201300044499,25,8,2013,16,1,94,67,2,2,2,3,JOFFRE (AV),0.0,0.0
201300044500,29,8,2013,12,1,94,80,2,2,1,3,MARIGNY (COUR),0.0,0.0
201300044501,28,8,2013,19,1,94,80,2,2,1,3,"02, PARIS (AV DE)",0.0,0.0
201300044502,3,9,2013,18,1,94,80,2,1,1,6,"67, FONTENAY (R DE)",0.0,0.0
201300044503,9,9,2013,14,1,94,67,2,3,3,3,"120, LAGNY (R DE)",0.0,0.0
201300044504,22,9,2013,16,1,94,80,2,1,1,5,"32, PARIS (AV DE)",0.0,0.0
201300044505,23,9,2013,17,1,94,80,2,1,1,6,"14, MINIMES (AV DES)",0.0,0.0
201300044506,29,9,2013,0,5,94,67,2,2,2,6,"., GENERAL DE GAULLE (AV",0.0,0.0
201300044507,9,10,2013,15,1,94,80,2,1,2,6,"106, FONTENAY (R DE)",0.0,0.0
201300044508,11,10,2013,9,1,94,67,2,1,2,6,"05, GENERAL DE GAULLE (A",0.0,0.0
201300044509,20,10,2013,11,1,94,67,2,1,2,2,"14, ETANG (CHS DE L)",0.0,0.0
201300044510,23,10,2013,22,5,94,67,2,1,1,6,"2, AMIRAL COURBET (R DE",0.0,0.0
201300044511,1,11,2013,18,5,94,67,2,3,2,6,"03, GENERAL DE GAULLE (A",0.0,0.0
201300044512,13,11,2013,7,2,94,80,2,9,1,1,"., FONTENAY (R DE)",0.0,0.0
201300044513,16,11,2013,21,5,94,80,2,3,1,6,"80, FONTENAY (R DE)",0.0,0.0
201300044514,19,11,2013,9,1,94,67,2,1,2,6,"1, GENERAL DE GAULLE (AV",0.0,0.0
201300044515,19,11,2013,21,5,94,80,2,2,1,3,PARIS (AV DE),0.0,0.0
201300044516,21,11,2013,12,1,94,80,2,1,1,1,"., CARNOT (AV)",0.0,0.0
201300044517,22,11,2013,10,1,94,67,2,1,1,3,"24, GENERAL DE GAULLE (A",0.0,0.0
201300044518,13,12,2013,9,1,94,80,2,1,1,6,"98, AUBERT (AV)",0.0,0.0
201300044519,18,12,2013,11,1,94,80,2,9,1,6,"80, FONTENAY (R DE)",0.0,0.0
201300044520,22,12,2013,15,1,94,80,2,2,2,2,"., PARIS (AV DE)",0.0,0.0
201300044521,31,12,2013,18,5,94,80,2,2,2,6,CHATEAU/FONTENAY,0.0,0.0
201300044522,1,1,2013,19,5,94,81,2,2,2,6,EDOUARD TREMBLAY (R),0.0,0.0
201300044523,3,1,2013,9,1,94,81,2,1,2,2,"30, GERMAIN DEFRESNE (R)",0.0,0.0
201300044524,7,1,2013,11,1,94,81,2,2,1,3,HENRI BARBUSSE (AV),0.0,0.0
201300044525,10,1,2013,8,1,94,81,2,2,8,3,GUESDE/ALLENDE,0.0,0.0
201300044526,10,1,2013,8,1,94,81,2,2,1,3,HENRI BARBUSSE (AV),0.0,0.0
201300044527,15,1,2013,8,2,94,81,2,1,2,6,"103, JEAN JAURES (AV)",0.0,0.0
201300044528,16,1,2013,14,1,94,81,1,3,1,3,AUBER (R),0.0,0.0
201300044529,18,1,2013,14,1,94,81,2,1,1,3,HUIT MAI 1945 (AV DU),0.0,0.0
201300044530,24,1,2013,18,5,94,81,2,2,1,3,PRESIDENT SALVADOR ALLEN,0.0,0.0
201300044531,25,1,2013,16,1,94,81,2,1,8,6,"33, ANATOLE FRANCE (AV)",0.0,0.0
201300044532,26,1,2013,17,1,94,81,2,1,1,7,"123, JULES GUESDE (QU)",0.0,0.0
201300044533,28,1,2013,13,1,94,81,2,3,1,6,MARNE (R DE LA),0.0,0.0
201300044534,30,1,2013,9,1,94,81,2,1,2,6,"5, ABBE ROGER DERRY (AV",0.0,0.0
201300044535,30,1,2013,12,1,94,81,2,1,3,6,"98, BERLIOZ (R)",0.0,0.0
201300044536,30,1,2013,16,1,94,81,1,1,1,2,A86,48.7734,2.40306
201300044537,9,2,2013,2,5,94,81,2,1,2,6,"25, MAXIMILIEN ROBESPIER",0.0,0.0
201300044538,9,2,2013,11,1,94,81,2,1,8,6,STALINGRAD (BD DE),0.0,0.0
201300044539,9,2,2013,20,5,94,81,2,1,1,6,"210, JULIAN GRIMAU (R)",0.0,0.0
201300044540,10,2,2013,22,5,94,81,2,6,2,3,PRESIDENT SALVADOR ALLEN,0.0,0.0
201300044541,21,2,2013,23,5,94,81,1,6,1,3,JULES GUESDE (QU),0.0,0.0
201300044542,25,2,2013,21,5,94,81,2,1,2,6,"57, ROUGET DE L ISLE (AV",0.0,0.0
201300044543,27,2,2013,17,2,94,81,2,9,1,6,"52, STALINGRAD (BD DE)",0.0,0.0
201300044544,27,2,2013,20,5,94,81,2,3,1,3,REPUBLIQUE (AV DE LA),0.0,0.0
201300044545,28,2,2013,17,1,94,81,2,9,1,3,"25, STALINGRAD (BD DE)",0.0,0.0
201300044546,5,3,2013,17,1,94,81,2,4,1,3,", STALINGRAD (BD DE)",0.0,0.0
201300044547,5,3,2013,17,1,94,81,2,4,1,3,LOUISE AGLAE CRETTE (R),0.0,0.0
201300044548,7,3,2013,13,1,94,81,2,1,8,7,"40-62, GENERAL MALLERET",0.0,0.0
201300044549,8,3,2013,9,1,94,81,2,2,1,3,"18, LA BRUYERE (AV)",0.0,0.0
201300044550,11,3,2013,9,1,94,81,2,1,8,2,ROUGET DE L ISLE (AV),0.0,0.0
201300044551,22,3,2013,15,1,94,81,1,1,1,2,BRETELLE A86,48.7736,2.40396
201300044552,22,3,2013,21,5,94,81,2,2,1,3,GABRIEL PERI (R),0.0,0.0
201300044553,27,3,2013,16,1,94,81,2,1,8,6,"135, STALINGRAD (BD DE)",0.0,0.0
201300044554,5,4,2013,17,1,94,81,2,2,1,6,PAUL ARMANGOT (R),0.0,0.0
201300044555,9,4,2013,13,1,94,81,2,1,8,6,"12, GROUPE MANOUCHIAN (A",0.0,0.0
201300044556,12,4,2013,10,1,94,81,2,1,8,2,"137, ROUGET DE L ISLE (A",0.0,0.0
201300044557,14,4,2013,19,1,94,81,2,1,1,6,"07, MOULIN DE SAQUET (AV",0.0,0.0
201300044558,25,4,2013,12,1,94,81,2,2,1,6,"Angle, EUGENE HENAFF (R)",0.0,0.0
201300044559,25,4,2013,20,2,94,81,2,2,1,6,"Angle, PRESIDENT SALVADO",0.0,0.0
201300044560,27,4,2013,18,1,94,81,1,1,1,2,"ACCES A86, BRETELLE A86",48.7734,2.40305
201300044561,29,4,2013,11,1,94,81,2,3,1,3,"Angle, ANSELME RONDENAY",0.0,0.0
201300044562,30,4,2013,18,1,94,81,2,1,3,7,"2, EUGENE HENAFF (R)",0.0,0.0
201300044563,5,5,2013,1,5,94,81,2,1,1,6,"122, LEON GEFFROY (R)",0.0,0.0
201300044564,6,5,2013,12,1,94,81,1,1,1,4,ACCES BRETELLE A86,48.7734,2.40313
201300044565,7,5,2013,19,1,94,81,2,1,1,6,MARIO CAPRA (R),0.0,0.0
201300044566,14,5,2013,11,1,94,81,1,1,1,2,BRETELLE A86,48.7734,2.40305
201300044567,16,5,2013,15,1,94,81,2,9,2,6,"135, STALINGRAD (BD DE)",0.0,0.0
201300044568,16,5,2013,15,1,94,81,2,1,2,6,"139, P V COUTURIER",48.7927,2.39538
201300044569,17,5,2013,9,1,94,81,2,1,1,3,"41, CONCORDE (R DE LA)",0.0,0.0
201300044570,19,5,2013,13,1,94,81,2,1,1,2,LEON GEFFROY (R),0.0,0.0
201300044571,20,5,2013,13,1,94,81,2,1,2,6,"01, ABBE ROGER DERRY (AV",0.0,0.0
201300044572,20,5,2013,20,2,94,81,2,1,2,3,"172, JULIAN GRIMAU (R)",0.0,0.0
201300044573,22,5,2013,22,5,94,81,2,9,9,2,"248, GABRIEL PERI (R)",0.0,0.0
201300044574,25,5,2013,19,1,94,81,2,9,1,6,"3, ABBE ROGER DERRY (AV",0.0,0.0
201300044575,27,5,2013,20,1,94,81,2,1,1,6,"6, ANATOLE FRANCE (AV)",0.0,0.0
201300044576,28,5,2013,10,1,94,81,2,1,2,3,JULES GUESDE (QU),0.0,0.0
201300044577,6,6,2013,16,1,94,81,1,1,1,6,ACCES BRETELLE A86,48.7734,2.4031
201300044578,5,6,2013,16,1,94,81,1,1,1,2,BRETELLE A86,48.7735,2.40378
201300044579,7,6,2013,17,1,94,81,2,5,1,6,LOUISE AGLAE CRETTE (R),0.0,0.0
201300044580,11,6,2013,19,1,94,81,2,1,1,3,"26, ERNEST HAVET (AV)",0.0,0.0
201300044581,13,6,2013,16,1,94,81,2,1,2,6,"117, BALZAC (R)",0.0,0.0
201300044582,14,6,2013,8,1,94,81,2,9,1,6,CHAMPILLION (R),0.0,0.0
201300044583,17,6,2013,8,2,94,81,2,1,2,4,PRESIDENT SALVADOR ALLEN,0.0,0.0
201300044584,25,6,2013,9,1,94,81,2,1,1,6,"23, MAXIMILIEN ROBESPIER",0.0,0.0
201300044585,27,6,2013,16,1,94,81,2,1,1,3,"26, ANATOLE FRANCE (AV)",0.0,0.0
201300044586,1,7,2013,17,1,94,81,2,2,1,3,LEMERLE VETTER (AV),0.0,0.0
201300044587,2,7,2013,14,1,94,81,2,3,1,3,", ABBE ROGER DERRY (AV D",0.0,0.0
201300044588,7,7,2013,21,1,94,81,2,1,1,6,HUIT MAI 1945 (AV DU),0.0,0.0
201300044589,8,7,2013,15,1,94,81,2,1,1,2,"13, YOURI GAGARINE (AV)",0.0,0.0
201300044590,10,7,2013,19,1,94,81,2,1,1,6,"20, VERTE (R)",0.0,0.0
201300044591,13,7,2013,12,1,94,81,2,1,1,2,PORT A L ANGLAIS (R DU),0.0,0.0
201300044592,15,7,2013,14,1,94,81,2,2,1,1,LEMERLE VETTER (AV),0.0,0.0
201300044593,17,7,2013,21,2,94,81,2,9,1,6,"06, ALBERT THOMAS (AV)",0.0,0.0
201300044594,18,7,2013,17,1,94,81,2,3,1,6,MOULIN DE SAQUET (AV DU),0.0,0.0
201300044595,21,7,2013,23,5,94,81,2,2,1,3,JEAN JAURES (AV),0.0,0.0
201300044596,21,7,2013,21,2,94,81,2,1,1,3,"07, ABBE ROGER DERRY (AV",0.0,0.0
201300044597,22,7,2013,8,1,94,81,2,1,1,6,PRESIDENT SALVADOR ALLEN,0.0,0.0
201300044598,25,7,2013,8,1,94,81,2,3,1,6,AV DU 8 MAI 1945/CHOISY,48.7849,2.40015
201300044599,27,7,2013,17,1,94,81,2,1,1,4,"99, STALINGRAD (BD DE)",0.0,0.0
201300044600,27,7,2013,23,3,94,81,2,1,1,6,"48, GERMAIN DEFRESNE (R)",0.0,0.0
201300044601,30,7,2013,19,1,94,81,2,1,1,6,"14, CAMILLE BLANC (R)",0.0,0.0
201300044602,2,8,2013,19,1,94,81,2,3,1,3,"43, REPUBLIQUE (AV DE LA",0.0,0.0
201300044603,2,8,2013,23,5,94,81,2,1,1,3,"23, ANATOLE FRANCE (AV)",0.0,0.0
201300044604,3,8,2013,21,5,94,81,2,1,1,6,"03, ABBE ROGER DERRY (AV",0.0,0.0
201300044605,5,8,2013,8,1,94,81,2,1,1,6,"107, JULES GUESDE (QU)",0.0,0.0
201300044606,5,8,2013,21,1,94,81,2,2,1,3,STALINGRAD (BD DE),0.0,0.0
201300044607,6,8,2013,12,1,94,81,2,1,1,6,"62/64, PAUL VAILLANT COU",0.0,0.0
201300044608,9,8,2013,15,1,94,81,2,1,1,4,"10, PRESIDENT SALVADOR A",0.0,0.0
201300044609,17,8,2013,17,1,94,81,2,1,1,7,AV SALVADOR ALLENDE,0.0,0.0
201300044610,18,8,2013,14,1,94,81,2,1,1,6,CAMILLE GROULT (R),0.0,0.0
201300044611,19,8,2013,17,1,94,81,2,3,1,3,"9, ABBE ROGER DERRY (AV",0.0,0.0
201300044612,20,8,2013,16,1,94,81,2,1,1,6,"28, R ELSA TRIOLET",0.0,0.0
201300044613,21,8,2013,10,1,94,81,2,1,1,6,"230, GABRIEL PERI (R)",0.0,0.0
201300044614,31,8,2013,21,5,94,81,2,2,1,3,GAGARINE/ABBE DERRY,0.0,0.0
201300044615,2,9,2013,13,1,94,81,2,1,1,6,"21, GROUPE MANOUCHIAN (A",0.0,0.0
201300044616,8,9,2013,9,1,94,81,2,3,1,6,"Angle, CAMILLE BLANC (R)",0.0,0.0
201300044617,9,9,2013,17,1,94,81,1,1,1,7,A86,48.7744,2.40674
201300044618,10,9,2013,13,1,94,81,2,1,1,6,"5, GENERAL LECLERC (AV D",0.0,0.0
201300044619,11,9,2013,15,1,94,81,2,1,1,6,"40-62, GENERAL MALLERET",0.0,0.0
201300044620,15,9,2013,20,5,94,81,2,1,1,6,"112, GROUPE MANOUCHIAN (",0.0,0.0
201300044621,16,9,2013,13,1,94,81,2,2,1,3,MARGUERITES (R DES),0.0,0.0
201300044622,19,9,2013,9,1,94,81,2,2,1,3,JULES GUESDE (QU),0.0,0.0
201300044623,21,9,2013,9,1,94,81,2,3,1,3,"4, EDOUARD TIL (R)",0.0,0.0
201300044624,24,9,2013,12,1,94,81,2,4,1,1,ANATOLE FRANCE (AV),0.0,0.0
201300044625,25,9,2013,8,1,94,81,2,2,1,3,"1, YOURI GAGARINE (AV)",0.0,0.0
201300044626,27,9,2013,21,5,94,81,2,9,1,3,PAUL VAILLANT COUTURIER,0.0,0.0
201300044627,2,10,2013,12,1,94,81,2,1,1,5,"99, ROUGET DE L ISLE (AV",0.0,0.0
201300044628,3,10,2013,7,5,94,81,2,1,1,6,"161, ROUGET DE L ISLE (A",0.0,0.0
201300044629,5,10,2013,11,1,94,81,2,1,1,6,"4, PRESIDENT SALVADOR AL",0.0,0.0
201300044630,6,10,2013,13,1,94,81,2,2,1,6,PRESIDENT SALVADOR ALLEN,0.0,0.0
201300044631,7,10,2013,10,1,94,81,2,1,1,6,ALBERT EINSTEIN (R),0.0,0.0
201300044632,10,10,2013,15,1,94,81,1,1,1,4,A86,48.7734,2.40308
201300044633,15,10,2013,13,1,94,81,2,3,1,3,GROUPE MANOUCHIAN (AV DU,0.0,0.0
201300044634,16,10,2013,17,1,94,81,2,2,8,3,"Angle, GROUPE MANOUCHIAN",0.0,0.0
201300044635,18,10,2013,17,1,94,81,2,3,1,3,"150, GABRIEL PERI (R)",0.0,0.0
201300044636,23,10,2013,11,1,94,81,2,1,1,6,"60, GUY MOQUET (AV)",0.0,0.0
201300044637,31,10,2013,19,5,94,81,2,1,1,7,"71, MOULIN DE SAQUET (AV",0.0,0.0
201300044638,1,11,2013,11,1,94,81,2,1,2,3,"25, DALOU (R)",0.0,0.0
201300044639,3,11,2013,10,1,94,81,2,6,1,6,ERNEST HAVET (AV),0.0,0.0
201300044640,5,11,2013,8,1,94,81,2,1,3,6,"60, PAUL VAILLANT COUTUR",0.0,0.0
201300044641,6,11,2013,8,1,94,81,2,1,1,6,"24, ABBE ROGER DERRY (AV",0.0,0.0
201300044642,7,11,2013,13,1,94,81,2,2,1,3,JEAN JAURES (AV),0.0,0.0
201300044643,12,11,2013,14,1,94,81,1,1,3,2,"A86, BRETELLE A86",48.7735,2.4038
201300044644,17,11,2013,22,5,94,81,2,2,1,6,EDOUARD TREMBLAY (R),0.0,0.0
201300044645,18,11,2013,23,5,94,81,2,4,1,6,"157, PAUL VAILLANT COUTU",0.0,0.0
201300044646,19,11,2013,6,5,94,81,2,2,1,3,JULES GUESDE (QU),0.0,0.0
201300044647,19,11,2013,14,1,94,81,2,1,1,3,STALINGRAD (BD DE),0.0,0.0
201300044648,19,11,2013,18,5,94,81,2,2,1,6,"170, GABRIEL PERI (R)",0.0,0.0
201300044649,20,11,2013,12,1,94,81,2,3,1,2,PRESIDENT SALVADOR ALLEN,0.0,0.0
201300044650,25,11,2013,13,1,94,81,2,1,1,6,"97, PAUL VAILLANT COUTUR",0.0,0.0
201300044651,1,12,2013,17,4,94,81,2,2,1,3,JULES GUESDE (QU),0.0,0.0
201300044652,2,12,2013,18,5,94,81,2,1,1,6,"Angle, CHAMPILLION (R)",0.0,0.0
201300044653,3,12,2013,13,1,94,81,2,1,1,6,"69, MOULIN DE SAQUET (AV",0.0,0.0
201300044654,6,12,2013,13,1,94,81,2,1,1,6,"17, VOLTAIRE (R)",0.0,0.0
201300044655,11,12,2013,11,1,94,81,2,2,1,2,"Entr?e, HENRI BARBUSSE (",0.0,0.0
201300044656,18,12,2013,17,5,94,81,2,1,1,7,"14, ABBE ROGER DERRY (AV",0.0,0.0
201300044657,19,12,2013,8,3,94,81,2,1,2,6,"Angle, JEAN JAURES (AV)",0.0,0.0
201300044658,21,12,2013,18,5,94,81,2,6,1,7,"Angle, EUGENE PELLETAN -",0.0,0.0
201300044659,22,12,2013,13,1,94,81,2,1,2,6,"14,AV DU GENERAL LECLERC",0.0,0.0
201300044660,27,12,2013,7,5,94,81,2,2,8,2,"01, YOURI GAGARINE (AV)",0.0,0.0
201300044661,29,12,2013,5,5,94,81,2,3,2,2,COLONEL FABIEN (AV DU),0.0,0.0
201300044662,8,7,2013,19,1,94,81,2,1,1,6,"00, ERNEST HAVET (AV)",0.0,0.0
201300044663,2,1,2013,16,1,95,176,2,2,1,3,BD JOFFRE,48.9634,2.2009
201300044664,8,1,2013,18,5,95,18,2,2,1,3,BD DU GENERAL LECLERC,48.9399,2.2282
201300044665,10,1,2013,8,1,95,18,2,1,1,3,BD HELOISE,48.9383,2.2466
201300044666,15,1,2013,15,1,95,176,2,1,8,6,R EMY-LES-PRES,48.9719,2.2039
201300044667,18,1,2013,7,2,95,18,2,1,4,7,R P.VAILLANT COUTURIER,48.9431,2.2486
201300044668,15,1,2013,17,5,95,18,2,2,1,6,R A.G BELIN,48.9475,2.2442
201300044669,18,1,2013,11,1,95,18,2,2,1,6,R DE ROCHEFORT,48.9391,2.2164
201300044670,25,1,2013,13,1,95,18,2,2,1,6,AV GABRIEL PERI,48.9455,2.2497
201300044671,28,1,2013,9,1,95,582,2,3,1,3,BD MAURICE BERTEAUX,48.9685,2.2666
201300044672,28,1,2013,9,1,95,18,2,1,2,3,AV DE STALINGRAD,48.9549,2.2741
201300044673,28,1,2013,14,1,95,18,2,1,1,4,RTE DE PONTOISE,48.9469,2.2062
201300044674,29,1,2013,19,3,95,18,2,1,2,3,R GAMBETTA,48.9511,2.2577
201300044675,30,1,2013,14,1,95,18,2,1,1,6,R HENRI BARBUSSE,48.9383,2.2422
201300044676,29,1,2013,7,2,95,18,2,3,1,3,BD JEAN ALLEMANE,48.9524,2.2539
201300044677,30,1,2013,17,5,95,18,1,3,1,2,QU DE BEZONS,48.9368,2.2456
201300044678,4,2,2013,9,1,95,582,2,1,2,2,BD GAMBETTA,49.9748,2.2496
201300044679,11,2,2013,8,1,95,18,2,2,2,6,BD LEON FEIX,48.9482,2.2519
201300044680,14,2,2013,7,5,95,18,2,2,2,6,R DE CALAIS,48.9442,2.2451
201300044681,15,2,2013,10,1,95,18,2,2,1,3,R MICHELET,48.9482,2.2519
201300044682,16,2,2013,9,1,95,18,2,4,1,3,AV DE VERDUN,48.9516,2.2437
201300044683,17,2,2013,16,1,95,18,2,2,1,6,AV DE VERDUN,48.9548,2.2423
201300044684,20,2,2013,0,5,95,18,2,1,1,6,BD DE LA RESISTANCE,48.9502,2.2263
201300044685,23,2,2013,0,5,95,18,2,7,1,3,PL DU ONZE NOVEMBRE,48.9354,2.2387
201300044686,22,2,2013,20,5,95,18,2,1,1,3,BD JEAN ALLEMANE,48.9559,2.2557
201300044687,23,2,2013,11,1,95,18,2,1,1,6,AV JEAN JAURES,48.9404,2.2249
201300044688,22,2,2013,7,5,95,18,2,3,1,3,BD MARCEAU GUILLOT,48.9551,2.2527
201300044689,26,2,2013,23,5,95,18,2,2,2,3,R MICHELET,48.9482,2.2519
201300044690,28,2,2013,14,1,95,582,2,1,8,3,BD CHARLES DE GAULLE,48.9728,2.2546
201300044691,1,3,2013,16,1,95,18,2,2,1,3,R DES BUCHETTES,48.9503,2.2623
201300044692,2,3,2013,14,1,95,176,2,1,1,4,AV GEORGES CLEMENCEAU,48.9579,2.2394
201300044693,5,3,2013,18,5,95,18,2,1,1,6,R D'ARRAS,48.9584,2.2811
201300044694,7,3,2013,11,1,95,18,2,1,1,3,R HENRI BARBUSSE,48.9336,2.2337
201300044695,13,3,2013,16,1,95,176,2,1,1,6,AV DE LA LIBERATION,48.9734,2.1985
201300044696,20,3,2013,16,1,95,18,2,3,1,3,RTE DE PONTOISE,48.9465,2.2062
201300044697,20,3,2013,18,1,95,18,2,1,1,3,R DANIELLE CASANOVA,48.9296,2.2264
201300044698,2,4,2013,19,1,95,18,2,2,1,6,AV JEAN JAURES,48.9402,2.2258
201300044699,8,4,2013,9,1,95,18,2,1,1,2,BD MAURICE BERTEAUX,48.9482,2.2548
201300044700,9,4,2013,13,1,95,18,2,1,2,6,R DU PERREUX,48.9445,2.2258
201300044701,9,4,2013,14,1,95,18,2,1,2,2,AV JEAN JAURES,48.9407,2.2202
201300044702,6,4,2013,14,1,95,18,2,1,1,2,AV GABRIELPERI,48.9429,2.2522
201300044703,12,4,2013,21,5,95,18,2,2,2,3,BD GENERAL LECLERC,48.9457,2.2334
201300044704,8,4,2013,12,1,95,18,2,3,1,6,AV DU MARECHAL FOCH,48.9466,2.2568
201300044705,16,4,2013,14,1,95,18,2,2,1,6,PL DU ONZE NOVEMBRE,48.9361,2.2382
201300044706,20,4,2013,20,5,95,18,2,4,1,3,RTE D'ENGHIEN,48.9575,2.2877
201300044707,21,4,2013,12,1,95,18,2,2,1,2,AV GABRIEL PERI,48.9421,2.2531
201300044708,23,4,2013,13,1,95,18,2,1,1,6,R DE CHANCONNET,48.9397,2.2365
201300044709,26,4,2013,8,1,95,18,2,3,1,6,R ALFRED COLLAS,48.9416,2.2516
201300044710,1,5,2013,14,1,95,18,2,1,1,2,AV GABRIEL PERI,48.9438,2.2513
201300044711,30,4,2013,16,1,95,176,2,2,1,3,BD GEORGES CLEMENCEAU,48.9726,2.1904
201300044712,3,5,2013,15,1,95,18,2,1,1,6,R FERDINAND BERTHOUD,48.9371,2.2342
201300044713,4,5,2013,12,1,95,176,2,2,1,3,BD JOFFRE,48.9634,2.2008
201300044714,5,5,2013,19,1,95,18,2,3,1,6,R JEAN LURCAT,48.9514,2.2292
201300044715,7,5,2013,16,1,95,18,2,2,1,3,R D'EPINAY,48.9546,2.2845
201300044716,11,5,2013,11,1,95,176,2,1,1,1,RTE STRATEGIQUE,48.9841,2.1994
201300044717,7,5,2013,10,1,95,18,2,1,8,6,R DE CALAIS,48.9459,2.2427
201300044718,13,5,2013,12,1,95,18,2,1,1,3,BD DE LA RESISTANCE,48.9507,2.2312
201300044719,17,5,2013,17,1,95,582,2,1,1,3,AV MAR DELATTRE DE TASSI,48.9825,2.2383
201300044720,17,5,2013,17,1,95,176,2,1,1,6,R GUY PATIN,48.9831,2.2025
201300044721,19,5,2013,13,1,95,18,2,3,1,4,R DES ALLOBROGES,48.9543,2.2163
201300044722,20,5,2013,5,5,95,18,2,3,1,6,AV JEAN JAURES,48.9399,2.2274
201300044723,17,5,2013,12,1,95,18,2,1,1,7,R DU TROUPEAU,48.9406,2.2237
201300044724,22,5,2013,14,1,95,176,2,1,1,7,R DU CLOS GARNIER,48.9676,2.2098
201300044725,22,5,2013,19,1,95,18,2,3,1,2,RTE DE CORMEILLES,48.9526,2.2349
201300044726,25,5,2013,19,1,95,18,2,3,1,6,RTE D'ENGHIEN,48.9567,2.2835
201300044727,26,5,2013,20,1,95,582,2,1,1,3,BD CHARLES DE GAULLE,48.9725,2.2551
201300044728,27,5,2013,13,1,95,18,2,1,1,6,BD JEAN  ALLEMANE,48.9492,2.2535
201300044729,28,5,2013,16,1,95,18,2,1,1,6,R ANTONIN G.BELIN,48.9464,2.2475
201300044730,27,5,2013,16,1,95,18,2,4,1,2,AV MAURICE UTRILLO,48.9436,2.2345
201300044731,29,5,2013,21,2,95,18,2,1,2,4,AV GABRIEL PERI,48.9434,2.2518
201300044732,30,5,2013,17,1,95,18,2,3,3,3,R JOLIOT CURIE,48.9573,2.2845