Num_Acc,jour,mois,an,hr,condition_eclairage,departement,commune,condition_agglomeration,intersection,condition_atmosphere,type_collision,adresse,lattitude,longitude
201300044733,30,5,2013,16,1,95,18,2,2,1,6,R VICTOR PUISEUX,48.9517,2.2502
201300044734,2,6,2013,17,1,95,582,2,3,1,3,R DU POIRIER BARON,48.9767,2.2462
201300044735,2,6,2013,15,1,95,18,2,1,1,6,R DES RETHONDES,48.9464,2.2297
201300044736,6,6,2013,17,1,95,18,2,3,1,6,BD LEON FEIX,48.9471,2.2499
201300044737,10,6,2013,0,5,95,176,2,1,1,6,R GUY PATIN,48.9831,2.2025
201300044738,12,6,2013,18,1,95,18,2,1,1,1,R DE LA SOMME,48.9637,2.2712
201300044739,6,6,2013,21,1,95,18,2,2,1,4,AV GABRIEL PERI,48.9455,2.2496
201300044740,14,6,2013,8,1,95,18,2,3,1,3,QUAI DE BEZONS,48.9368,2.2455
201300044741,14,6,2013,10,1,95,18,2,1,1,3,PONT D'ARGENTEUIL,48.9407,2.2545
201300044742,16,6,2013,5,2,95,18,2,1,1,6,R JEAN LURCAT,48.9499,2.2309
201300044743,17,6,2013,17,1,95,18,2,1,1,6,BD DU GENERAL LECLERC,48.9466,2.2374
201300044744,18,6,2013,20,1,95,18,2,3,1,6,AV GEORGES CLEMENCEAU,48.9563,2.2338
201300044745,20,6,2013,15,1,95,176,2,1,1,1,BD GEORGES CLEMENCEAU,48.9728,2.1901
201300044746,20,6,2013,20,5,95,18,2,2,2,3,AV GABRIEL PERI,48.9442,2.2509
201300044747,21,6,2013,17,1,95,18,2,3,1,6,R HENRI BARBUSSE,48.9325,2.2317
201300044748,30,6,2013,19,1,95,18,2,1,1,6,BD DE LA RESISTANCE,48.9504,2.2244
201300044749,30,6,2013,10,1,95,18,2,3,1,3,R HOCHE,48.9461,2.2441
201300044750,2,7,2013,7,1,95,176,2,3,1,5,RTE STRATEGIQUE,48.9837,2.2009
201300044751,3,7,2013,17,1,95,18,2,2,1,2,AV GABRIEL PERI,48.9455,2.2497
201300044752,4,7,2013,18,1,95,18,1,1,1,6,QU DE BEZONS,48.9337,2.2407
201300044753,7,7,2013,22,5,95,18,2,2,1,3,AV JEAN JAURES,48.9398,2.2345
201300044754,5,7,2013,15,1,95,18,2,1,1,4,AV STALINGRAD,48.9547,2.2736
201300044755,9,7,2013,1,5,95,176,2,1,1,7,BD CLEMENCEAU,48.9729,2.1899
201300044756,11,7,2013,16,1,95,18,2,1,1,6,BD JEAN ALLEMANE,48.9627,2.2601
201300044757,12,7,2013,11,1,95,18,2,2,1,7,R DE LA VOIE DES BANS,48.9452,2.2599
201300044758,21,7,2013,17,1,95,18,2,1,1,2,BD JEAN ALLEMANE,48.9512,2.2537
201300044759,22,7,2013,14,1,95,18,2,2,1,3,AV DU MARECHAL JOFFRE,48.9579,2.2395
201300044760,24,7,2013,19,1,95,18,2,3,1,6,R DU POIRIER FOURRIER,48.9474,2.2253
201300044761,25,7,2013,13,1,95,18,1,4,1,3,RTE D'ENGHIEN,48.9559,2.2786
201300044762,28,7,2013,2,5,95,18,2,1,1,6,R DE CHAILLOIT,48.9659,2.2394
201300044763,27,7,2013,16,1,95,582,2,1,1,6,BD CHARLES DE GAULLE,48.9721,2.2565
201300044764,29,7,2013,20,1,95,18,1,1,8,6,AV DE STALINGRAD,48.9552,2.2748
201300044765,29,7,2013,19,1,95,176,2,1,1,7,R RAOUL DAUTRY,48.9638,2.1894
201300044766,1,8,2013,20,1,95,18,2,1,1,7,R HENRI BARBUSSE,48.9311,2.2291
201300044767,10,8,2013,16,1,95,18,2,1,1,2,QUAI DE BEZONS,48.9421,2.2559
201300044768,13,8,2013,16,1,95,18,2,2,1,3,AV MAURICE UTRILLO,48.9417,2.2345
201300044769,16,8,2013,15,1,95,18,2,1,1,1,AV JEAN JAURES,48.9397,2.2295
201300044770,24,8,2013,17,1,95,18,2,1,1,3,BD HELOISE,48.9392,2.2478
201300044771,2,9,2013,12,1,95,18,2,1,1,6,R DE SALONIQUE,48.9496,2.2079
201300044772,3,9,2013,21,5,95,18,2,1,1,4,AV JEAN JAURES,48.9414,2.2077
201300044773,4,9,2013,12,1,95,582,2,1,1,1,R JACQUES DESFORGES,48.9696,2.2337
201300044774,3,9,2013,19,1,95,18,2,3,1,3,R DU PERREUX,48.9461,2.2167
201300044775,6,9,2013,9,1,95,18,2,1,1,6,BD GALLIENI,48.9436,2.2442
201300044776,6,9,2013,7,1,95,582,2,2,1,2,R DU PUITS MI-VILLE,48.9677,2.2562
201300044777,6,9,2013,22,5,95,18,2,1,1,1,R DE LA NONAISE,48.9531,2.2364
201300044778,7,9,2013,14,1,95,582,2,1,1,3,BD GABRIEL PERI,48.9686,2.2628
201300044779,11,9,2013,18,1,95,18,2,1,2,3,BD DE LA RESISTANCE,48.9547,2.2157
201300044780,18,9,2013,7,1,95,18,2,3,1,2,R DE LA VOIE DES BANS,48.9478,2.2666
201300044781,18,9,2013,8,1,95,18,2,1,1,2,R DU LT COLONEL PRUDHON,48.9425,2.2434
201300044782,21,9,2013,10,1,95,18,2,2,1,3,R DE LA CAVEE,48.9635,2.2332
201300044783,22,9,2013,21,5,95,18,2,3,1,3,BD MARTYRS CHATEAUBRIANT,48.9526,2.2152
201300044784,21,9,2013,17,1,95,18,2,1,1,1,R DU PERREUX,48.9437,2.2275
201300044785,20,9,2013,16,1,95,18,2,4,1,3,RTE D'ENGHIEN,48.9575,2.2879
201300044786,27,9,2013,17,1,95,18,2,3,1,6,AV JEAN JAURES,48.9415,2.2081
201300044787,23,9,2013,8,1,95,18,2,1,1,6,PL DES VOSGES,48.9541,2.2887
201300044788,24,9,2013,13,1,95,18,2,1,1,1,BD KARL MARX,48.9451,2.2579
201300044789,27,9,2013,10,1,95,18,2,2,1,2,R DIX NEUF MARS 1962,48.9484,2.2379
201300044790,30,9,2013,11,1,95,18,2,1,1,6,BD LEON FEIX,48.9487,2.2531
201300044791,1,10,2013,8,1,95,18,2,3,1,3,RTE DE CORMEILLES,48.9601,2.2259
201300044792,1,10,2013,17,1,95,18,2,1,1,6,R HENRI BARBUSSE,48.9363,2.2386
201300044793,3,10,2013,9,1,95,18,2,1,1,2,BD JEAN ALLEMANE,48.9512,2.2537
201300044794,7,10,2013,10,1,95,176,2,3,1,3,BD JOFFRE,48.9526,2.2056
201300044795,9,10,2013,9,1,95,18,2,1,2,6,R ANTOINE GEORGES BELIN,48.9463,2.2476
201300044796,10,10,2013,7,2,95,176,2,2,1,6,BD DES EAUX,48.9645,2.2002
201300044797,15,10,2013,11,1,95,176,2,1,1,6,R DE LA REPUBLIQUE,48.9726,2.2021
201300044798,18,10,2013,6,5,95,18,2,1,1,6,R ANTONIN GEORGES BELIN,48.9472,2.2464
201300044799,22,10,2013,15,1,95,18,2,1,1,6,R P. VAILLANT COUTURIER,48.9461,2.2538
201300044800,23,10,2013,18,1,95,18,2,2,1,3,R REICHSTEINER,48.9464,2.2453
201300044801,22,10,2013,16,1,95,18,2,3,1,6,BD DE LA RESISTANCE,48.9516,2.2343
201300044802,25,10,2013,21,5,95,18,2,2,2,3,R DE LA GRANDE VOIE,48.9609,2.2356
201300044803,28,10,2013,15,1,95,176,2,1,6,1,R DE SARTROUVILLE,48.9702,2.1978
201300044804,28,10,2013,7,2,95,176,2,6,1,3,RTE D'ARGENTEUIL,48.9672,2.2063
201300044805,1,11,2013,21,5,95,18,2,1,3,6,R POIRIER FOURRIER,48.9479,2.2312
201300044806,21,10,2013,9,1,95,18,1,1,1,2,RD 311,48.9546,2.2761
201300044807,4,11,2013,8,1,95,18,2,2,1,6,R PAUL VAILLANT COUTURIE,48.9442,2.2509
201300044808,5,11,2013,7,2,95,582,2,1,2,6,AV DAMIETTE,48.9709,2.2557
201300044809,6,11,2013,7,2,95,18,2,1,2,1,RTE DE CORMEILLES,48.9524,2.2352
201300044810,5,11,2013,19,5,95,18,2,3,2,3,BLD DU GENERAL LECLERC,48.9437,2.2303
201300044811,11,11,2013,2,5,95,18,2,1,3,6,R HENRI BARBUSSE,48.9326,2.2318
201300044812,15,11,2013,16,1,95,18,2,1,1,7,R DE RETHONDES,48.9462,2.2291
201300044813,13,11,2013,12,1,95,582,2,1,1,3,BD GAMBETTA,48.9771,2.2434
201300044814,16,11,2013,7,2,95,18,2,1,1,3,AV JEAN JAURES,48.9397,2.2332
201300044815,8,11,2013,15,1,95,18,2,2,3,3,R DE CALAIS,48.9493,2.2398
201300044816,21,11,2013,18,5,95,18,2,7,1,7,PL DU ONZE NOVEMBRE,48.9358,2.2384
201300044817,21,11,2013,17,5,95,18,2,1,2,3,RTE DE PONTOISE,48.9441,2.2065
201300044818,26,11,2013,15,1,95,582,2,1,1,6,BD GAMBETTA,48.9779,2.2412
201300044819,25,11,2013,9,1,95,582,2,2,1,3,R GEORGES RISLER,48.9723,2.2532
201300044820,26,11,2013,19,5,95,18,2,1,1,6,R DU LT COLONEL PRUDHON,48.9441,2.2412
201300044821,29,11,2013,0,5,95,18,2,7,1,7,PL CAPITAINE CHAUVELOT,48.9571,2.2876
201300044822,28,11,2013,13,1,95,18,2,1,2,7,BD JEANNE D' ARC,48.9456,2.2472
201300044823,30,11,2013,16,1,95,18,2,1,1,2,R DES DESERTS,48.9515,2.2809
201300044824,6,12,2013,9,1,95,18,2,1,1,3,R DE CALAIS,48.9504,2.2389
201300044825,11,12,2013,7,4,95,18,2,2,1,6,R AMBROISE THOMAS,48.9381,2.2361
201300044826,25,11,2013,15,1,95,18,1,1,1,5,RTE DE PONTOISE,48.9564,2.2053
201300044827,12,12,2013,18,5,95,176,2,3,1,3,BD GEORGES CLEMENCEAU,48.9739,2.1886
201300044828,14,12,2013,14,1,95,582,2,2,1,3,R DE CERNAY,48.9778,2.2501
201300044829,16,12,2013,8,1,95,582,2,1,1,4,R DU PUITS MI-VILLE,48.9689,2.2565
201300044830,18,12,2013,20,5,95,18,2,2,1,3,AV GABRIEL PERI,48.9442,2.2509
201300044831,20,12,2013,16,1,95,582,2,1,1,6,R DE L'ERMITAGE,48.9785,2.2369
201300044832,22,12,2013,17,5,95,176,2,2,2,3,R JULES FERRY,48.9696,2.2009
201300044833,28,12,2013,15,1,95,18,2,1,1,6,BD DU GENERAL LECLERC,48.9434,2.2304
201300044834,4,2,2013,4,5,95,63,2,1,2,2,R EMILE ZOLA,48.9236,2.2075
201300044835,15,11,2013,9,1,95,63,2,2,1,3,R DE  VILLENEUVE,48.9261,2.2166
201300044836,19,3,2013,22,5,95,63,2,1,2,6,R  EMILE ZOLA,48.9232,2.2124
201300044837,1,2,2013,17,2,95,63,2,3,1,3,R SALVADOR ALLENDE,48.9152,2.2054
201300044838,3,4,2013,23,5,95,63,2,2,1,3,AV GABRIEL PERI,48.9342,2.2091
201300044839,17,5,2013,22,5,95,63,2,2,1,3,AV GABRIEL PERI,48.9342,2.2091
201300044840,1,4,2013,14,1,95,63,2,1,1,6,R JULIUS ROSENBERG,48.9236,2.2176
201300044841,23,11,2013,17,5,95,63,2,1,1,3,AV GABRIEL PERI,48.9334,2.2099
201300044842,13,9,2013,17,1,95,127,2,1,2,6,BD DE L'OISE,49.0455,2.0687
201300044843,29,9,2013,23,5,95,572,2,2,2,6,R DU MAIL,49.0489,2.1078
201300044844,9,10,2013,21,5,95,218,1,2,1,3,BD JACQUES DUCLOS,49.0133,2.0899
201300044845,12,10,2013,16,1,95,127,2,2,1,3,BD DU PORT,49.0374,2.0729
201300044846,16,10,2013,22,3,95,218,2,1,2,2,BD JACQUES DUCLOS,49.0164,2.09249
201300044847,20,10,2013,12,1,95,572,2,1,1,2,R DE PARIS,49.0308,2.1288
201300044848,23,10,2013,20,5,95,127,2,1,2,3,BD DES EXPLORATEURS,49.0529,2.0104
201300044849,26,10,2013,4,5,95,218,2,1,2,6,R DES PINSONS,49.0194,2.0939
201300044850,1,11,2013,23,5,95,500,2,1,3,7,CHEMIN DE LA PELOUSE,49.0409,2.0968
201300044851,13,11,2013,8,1,95,127,2,1,7,6,AV DU PARC,49.0333,2.0729
201300044852,19,11,2013,10,1,95,127,2,1,1,6,AV DU NORD,49.0431,2.0609
201300044853,4,12,2013,13,1,95,572,2,1,1,3,AV DU FOND DE VAUX,49.0545,2.1462
201300044854,6,12,2013,21,5,95,500,2,1,1,6,R DE GISORS,49.0536,2.09379
201300044855,15,12,2013,23,5,95,572,1,1,1,3,R DE PARIS,49.0364,2.1214
201300044856,19,12,2013,4,3,95,476,1,1,2,7,RN 14,49.0565,2.0472
201300044857,17,1,2013,8,1,95,476,2,1,1,6,CHE DES HAYETTES,49.0676,2.0888
201300044858,26,1,2013,23,4,95,127,2,1,1,1,R DE VAUREAL,49.0417,2.0433
201300044859,27,1,2013,21,3,95,500,1,1,2,6,BD JACQUES TETE,49.0633,2.1024
201300044860,26,1,2013,18,3,95,218,1,1,1,3,BD JACQUES DUCLOS,49.0163,2.09269
201300044861,23,2,2013,18,2,95,500,2,1,1,2,CHSEE JULES CESAR,49.0458,2.0856
201300044862,1,3,2013,3,5,95,127,2,1,8,6,R DE VAUREAL,49.0431,2.05419
201300044863,7,3,2013,21,3,95,218,1,1,1,6,BD JACQUES DUCLOS,49.0256,2.1035
201300044864,17,3,2013,0,5,95,500,2,1,2,1,QUAI DU POTHUIS,49.0489,2.1019
201300044865,11,4,2013,14,1,95,476,2,1,1,6,R DES PATIS,49.0539,2.0739
201300044866,19,5,2013,13,1,95,127,2,1,1,6,R DE LA JUSTICE MAUVE,49.0459,2.0646
201300044867,20,4,2013,12,1,95,476,2,1,1,1,AV DE BOISSY-L'AILLERIE,49.0614,2.0651
201300044868,21,4,2013,14,1,95,500,2,1,7,6,AV REDOUANE BOUGARA,49.0613,2.09019
201300044869,24,5,2013,11,1,95,476,2,6,2,6,AV DE BOISSY  L'AILLERIE,49.0611,2.0661
201300044870,26,5,2013,2,3,95,127,1,1,1,4,RN 14,0.0,0.0
201300044871,22,6,2013,21,2,95,127,2,1,8,6,R DU CAPITAINE NEMO,49.0489,2.0057
201300044872,19,7,2013,22,5,95,476,1,1,1,6,RD 915,49.0616,2.0853
201300044873,19,7,2013,20,1,95,127,2,7,1,6,PL DU HAUT DE GENCY,49.0462,2.0455
201300044874,21,7,2013,23,5,95,127,2,1,1,6,AV DE LA CONSTELLATION,49.0491,2.03129
201300044875,12,7,2013,10,1,95,127,2,1,1,3,BD DU PORT,49.0381,2.0745
201300044876,10,8,2013,20,1,95,500,2,1,1,6,AV MARECHAL DE LATTRE,49.0484,2.0823
201300044877,9,9,2013,9,1,95,572,2,6,1,3,R DU PARC,49.0418,2.1119
201300044878,8,1,2013,8,2,95,427,2,1,1,6,AV MAURICE UTRILLO,48.9739,2.3493
201300044879,14,12,2013,19,5,95,288,2,1,1,4,RTE DE CALAIS,48.9854,2.3614
201300044880,11,2,2013,9,1,95,427,2,1,1,3,AV  MAURICE UTRILLO,48.9772,2.3559
201300044881,11,2,2013,11,1,95,197,2,1,1,6,R DU MOUTIER,48.9721,2.3231
201300044882,5,2,2013,16,1,95,288,2,1,1,6,R DOCTEUR GOLDSTEIN,48.9878,2.3541
201300044883,8,3,2013,21,5,95,427,2,1,1,2,AV GENERAL DE GAULLE,48.9741,2.3477
201300044884,22,3,2013,19,2,95,427,2,1,2,6,RTE DE CALAIS,48.9774,2.3646
201300044885,24,4,2013,8,1,95,197,2,1,1,6,BD DE MONTMORENCY,48.9711,2.3166
201300044886,20,5,2013,20,5,95,288,2,1,1,2,RTE DE CALAIS,48.9848,2.3617
201300044887,21,6,2013,17,1,95,288,2,1,1,6,PL DE LA LIBERATION,48.9867,2.3445
201300044888,9,6,2013,18,1,95,197,2,1,2,2,RTE DE SAINT DENIS,48.9597,2.3275
201300044889,8,6,2013,19,1,95,197,2,1,1,6,RTE DE SAINT DENIS,48.9598,2.3273
201300044890,5,8,2013,13,1,95,288,2,1,1,2,RTE PARIS à CALAIS,48.9849,2.3617
201300044891,26,8,2013,16,1,95,197,2,1,1,3,R BOURGEOIS,48.9799,2.3277
201300044892,29,8,2013,22,1,95,427,2,2,1,3,R ROBERT FOULON,48.9724,2.3483
201300044893,7,9,2013,3,5,95,197,2,7,1,6,AV DIVISION LECLERC,48.9672,2.3173
201300044894,23,8,2013,10,1,95,197,2,1,1,6,R DU CHATEAU,48.9669,2.3177
201300044895,21,10,2013,8,1,95,427,2,1,1,3,R D'EPINAY,48.9692,2.3406
201300044896,10,10,2013,16,1,95,197,2,1,1,6,R DE LA FONTAINE DU GUE,48.9748,2.3329
201300044897,19,10,2013,8,1,95,197,2,1,1,6,AV  MARECHAL FOCH,48.9653,2.3194
201300044898,11,10,2013,8,2,95,197,2,1,1,3,AV DE LDIVISION LECLERC,48.9658,2.3189
201300044899,21,11,2013,20,5,95,197,2,2,2,6,AV DE LA GARE,48.9749,2.3391
201300044900,26,11,2013,19,5,95,427,2,1,1,1,R JULES FERRY,48.9678,2.3425
201300044901,9,11,2013,11,1,95,197,2,1,1,3,AV DIVISION LECLERC,48.9693,2.3141
201300044902,6,12,2013,16,1,95,288,2,1,1,1,R DE SARCELLES,48.9841,2.3662
201300044903,10,1,2013,9,1,95,210,2,1,2,1,R DU GENERAL DE GAULLE,48.9702,2.3064
201300044904,28,1,2013,10,1,95,369,2,1,1,1,R EUGENE  LEGENDRE,48.9983,2.2915
201300044905,4,2,2013,12,1,95,555,2,1,1,6,R DU PICOLO,48.9686,2.2791
201300044906,2,7,2013,21,1,95,14,1,2,1,3,RTE DE BERCHERE,49.0117,2.3049
201300044907,8,9,2013,19,1,95,210,2,1,1,6,R DU MARCHE,48.9695,2.3109
201300044908,14,1,2013,11,1,95,219,2,1,1,5,R DU SYNDICAT,48.9939,2.2497
201300044909,16,1,2013,11,1,95,252,2,1,1,3,AV DES MARAIS,48.9982,2.2187
201300044910,17,1,2013,0,3,95,252,1,1,1,7,CHE DE CORMEILLES,48.9768,2.2246
201300044911,25,1,2013,18,5,95,252,2,4,1,3,BD DU BEL-AIR,48.9874,2.2334
201300044912,29,1,2013,17,1,95,252,2,1,2,6,ALL JUDIC,48.9954,2.2261
201300044913,1,2,2013,12,1,95,252,2,1,2,6,BD MAURICE BERTEAUX,48.9846,2.2269
201300044914,1,2,2013,12,1,95,574,2,1,2,6,AV DU GENERAL LECLERC,49.0083,2.2566
201300044915,14,2,2013,20,5,95,219,2,6,2,3,R DU 18 JUIN,48.9925,2.2486
201300044916,16,2,2013,12,1,95,203,2,1,1,3,AV KELLERMANN,48.9775,2.2915
201300044917,18,2,2013,16,1,95,203,2,1,1,6,R JEAN JACQUES ROUSSEAU,48.9947,2.2801
201300044918,22,2,2013,12,1,95,252,2,1,1,6,R DE L'EPINE GUYON,48.9941,2.2242
201300044919,3,3,2013,18,2,95,219,2,1,1,6,R LOUIS SAVOIE,48.9913,2.2586
201300044920,12,3,2013,13,1,95,203,2,3,4,3,AV DE PARIS,48.9927,2.2838
201300044921,16,3,2013,6,2,95,219,2,1,1,6,R DU GENERAL DECAEN,48.9813,2.2511
201300044922,2,4,2013,10,1,95,426,2,4,1,1,BD ARMAND HAYEM,49.0071,2.2812
201300044923,2,4,2013,18,1,95,252,2,1,1,6,R DU CHEMIN NEUF,48.9799,2.2342
201300044924,11,4,2013,11,1,95,574,2,3,1,6,R AUGUSTE REY,49.0145,2.2706
201300044925,17,4,2013,14,1,95,252,2,1,1,6,AV DES MARAIS,48.9916,2.2225
201300044926,17,4,2013,15,1,95,219,2,1,7,6,R DU 18 JUIN,48.9921,2.2499
201300044927,19,4,2013,4,5,95,203,2,1,1,6,AV VOLTAIRE,48.9935,2.2812
201300044928,21,4,2013,20,1,95,491,2,1,1,1,R GABRIEL PERI,49.0017,2.2384
201300044929,23,4,2013,15,1,95,426,1,1,1,2,RTE DE PARIS,49.0175,2.2894
201300044930,24,4,2013,17,1,95,203,2,1,1,6,R DESIRE BERTRAND,48.9901,2.2821
201300044931,25,4,2013,7,1,95,426,2,3,1,3,BD ARMAND HAYEM,49.0067,2.2815
201300044932,25,4,2013,13,1,95,252,2,1,7,6,AV DES MARAIS,48.9887,2.2206
201300044933,27,4,2013,14,1,95,203,2,1,1,3,AV DU GENERAL LECLERC,48.9819,2.2712
201300044934,29,4,2013,19,1,95,203,2,3,1,3,R DE MONTMORENCY,49.0041,2.2795
201300044935,30,4,2013,19,1,95,252,2,1,2,7,R DU GENERAL LECLERC,48.9878,2.2095
201300044936,4,5,2013,0,5,95,203,2,1,1,6,AV KELLERMANN,48.9819,2.2929
201300044937,7,5,2013,12,1,95,252,2,1,7,2,R DU GENERAL LECLERC,48.9885,2.2076
201300044938,19,5,2013,17,1,95,426,1,1,2,6,R DE PARIS,49.0215,2.2937
201300044939,27,5,2013,17,1,95,252,1,1,1,1,R DU CHEMIN NEUF,48.9775,2.2286
201300044940,7,6,2013,0,5,95,252,2,2,1,3,R DE PARIS,48.9802,2.2351
201300044941,7,6,2013,12,1,95,203,2,1,1,3,AV VOLTAIRE,48.9934,2.2813
201300044942,10,6,2013,18,1,95,219,2,1,1,2,R DE SANNOIS,48.9849,2.2564
201300044943,16,6,2013,8,1,95,219,2,1,1,3,AV DU GENERAL LECLERC,48.9805,2.2704
201300044944,17,6,2013,12,1,95,219,2,3,1,6,R DE LA REPUBLIQUE,48.9882,2.2616
201300044945,27,6,2013,20,1,95,219,2,1,1,6,R DU STAND,48.9961,2.2529
201300044946,28,6,2013,9,1,95,203,2,1,2,3,AV DU GENERAL LECLERC,48.9912,2.2749
201300044947,2,7,2013,20,1,95,252,2,3,1,3,BD TOUSSAINT LUCAS,48.9885,2.2281
201300044948,9,7,2013,14,1,95,203,2,6,1,6,AV MATLOCK,48.9936,2.2744
201300044949,21,7,2013,1,5,95,203,2,6,1,7,AV DE PARIS,48.9933,2.2819
201300044950,21,7,2013,19,1,95,203,2,2,1,3,BD DE LA REPUBLIQUE,48.9868,2.2794
201300044951,31,7,2013,7,1,95,574,2,2,1,1,AV DU GENERAL LECLERC,49.0062,2.2585
201300044952,1,8,2013,17,1,95,426,2,1,1,2,BD ARMAND HAYEM,49.0165,2.2811
201300044953,17,8,2013,19,1,95,219,2,3,1,3,R DU STAND,48.9979,2.2475
201300044954,19,8,2013,15,1,95,252,2,3,1,3,R DU GENERAL LECLERC,48.9847,2.2256
201300044955,22,8,2013,6,2,95,203,2,6,1,3,PL DU SOUVENIR FRANCAIS,48.9934,2.2746
201300044956,27,8,2013,18,1,95,203,2,2,1,3,BD DE LA REPUBLIQUE,48.9875,2.2787
201300044957,27,8,2013,21,5,95,252,2,1,1,1,CHAUSSEE JULES CESAR,49.0017,2.2202
201300044958,30,8,2013,12,1,95,252,2,3,1,3,CHE DE LA MARE EPINEUSE,48.9913,2.2064
201300044959,2,9,2013,15,1,95,203,2,6,1,3,AV ALBERT 1er,48.9918,2.2802
201300044960,5,9,2013,12,1,95,574,2,1,1,6,R HECTOR CARLIN,48.9999,2.2602
201300044961,15,9,2013,7,2,95,219,2,1,1,4,R DU STAND,48.9947,2.2561
201300044962,20,9,2013,8,1,95,203,2,2,1,3,R DES ROBINETTES,48.9887,2.2666
201300044963,21,9,2013,2,5,95,252,2,1,1,2,BD DU BEL-AIR,48.9875,2.2333
201300044964,21,9,2013,14,1,95,219,2,1,1,2,ALL MANON DES SOURCES,48.9839,2.4545
201300044965,24,9,2013,8,1,95,252,2,1,1,6,BD DU BEL-AIR,48.9867,2.2352
201300044966,25,9,2013,18,1,95,574,2,1,1,3,RTE DE MONTMORENCY,49.0069,2.2717
201300044967,25,9,2013,17,1,95,219,2,1,1,7,AV DU GENERAL LECLERC,48.9809,2.2705
201300044968,26,9,2013,11,1,95,219,2,1,1,3,AV GEORGES POMPIDOU,48.9864,2.2475
201300044969,3,10,2013,9,1,95,252,2,1,1,6,R CHARLES BURGER,48.9938,2.2346
201300044970,4,10,2013,8,1,95,203,2,1,1,3,CARREFOUR CHARLES DE GAU,48.9946,2.2755
201300044971,7,10,2013,11,1,95,203,2,6,1,3,AV MATLOCK,48.9946,2.2753
201300044972,8,10,2013,9,1,95,252,2,1,1,6,R HENRI BARBUSSE,48.9939,2.2334
201300044973,8,10,2013,16,1,95,491,2,1,1,3,R CHARLES DE GAULLE,49.0009,2.2358
201300044974,8,10,2013,22,5,95,203,2,6,1,3,RTE DE MARGENCY,48.9934,2.2818
201300044975,13,10,2013,6,5,95,252,2,1,1,6,BD RHIN ET DANUBE,48.9908,2.2269
201300044976,15,10,2013,8,1,95,426,1,1,8,7,RTE DE PARIS,49.0179,2.2899
201300044977,17,10,2013,18,2,95,203,2,1,1,6,R DU GENERAL LECLERC,48.9868,2.2733
201300044978,18,10,2013,16,1,95,203,2,1,1,6,R DE LA PLAINE,49.0062,2.2727
201300044979,22,10,2013,18,2,95,219,2,1,2,3,R DE STALINGRAD,48.9865,2.2569
201300044980,26,10,2013,10,1,95,574,1,1,8,6,R  MAIGNAN LARIVIERE,49.0164,2.2641
201300044981,26,10,2013,19,5,95,491,2,2,1,3,R CHARLES DE GAULLE,49.0041,2.2398
201300044982,29,10,2013,19,5,95,252,2,1,1,6,R LEONCE BOURLIAGUET,48.9859,2.2387
201300044983,31,10,2013,9,1,95,252,2,1,1,6,R MARECHAL FOCH,48.9845,2.2283
201300044984,1,11,2013,12,1,95,203,2,6,2,6,RTE DE MARGENCY,48.9935,2.2819
201300044985,5,11,2013,8,1,95,582,2,2,2,3,AV DE SABERNAUDE,48.9796,2.2447
201300044986,5,11,2013,11,1,95,252,2,1,2,6,R  ANDRE CITROEN,48.9913,2.2065
201300044987,7,11,2013,7,1,95,491,2,1,1,2,R GABRIEL PERI,49.0012,2.2399
201300044988,11,11,2013,11,1,95,203,2,1,1,3,AV VOLTAIRE,48.9949,2.2761
201300044989,11,11,2013,18,5,95,203,2,3,1,1,AV DE PARIS,48.9924,2.2844
201300044990,11,11,2013,23,5,95,203,2,6,1,3,AV VOLTAIRE,48.9949,2.2754
201300044991,14,11,2013,14,1,95,203,2,1,2,6,R GABRIEL PERI,48.9924,2.2804
201300044992,14,11,2013,19,5,95,252,2,1,2,3,BD RHIN ET DANUBE,48.9928,2.2199
201300044993,23,11,2013,18,5,95,203,2,1,8,1,AV DU GENERAL LECLERC,48.9905,2.2749
201300044994,25,11,2013,18,5,95,219,2,1,1,6,R SAINT FLAIVE,48.9886,2.2598
201300044995,27,11,2013,9,1,95,252,2,1,1,6,CH JULES CESAR,48.9949,2.2412
201300044996,27,11,2013,17,5,95,219,2,3,1,6,RTE DE SAINT LEU,48.9962,2.2551
201300044997,29,11,2013,6,5,95,252,2,1,1,6,R GENERAL LECLERC,48.9839,2.2279
201300044998,1,12,2013,11,1,95,203,2,1,1,3,RTE DE MONTLIGNON,48.9994,2.2776
201300044999,4,12,2013,8,1,95,203,2,6,1,3,PL ARISTIDE BRIAND,48.9915,2.2747
201300045000,9,12,2013,9,1,95,491,2,1,1,6,R ANDRE ALEXOPOULOS,49.0004,2.2341