Num_Acc,jour,mois,an,hr,condition_eclairage,departement,commune,condition_agglomeration,intersection,condition_atmosphere,type_collision,adresse,lattitude,longitude
201300045001,11,12,2013,18,2,95,203,2,1,1,6,AV DE L'EUROPE,48.9916,2.2753
201300045002,14,12,2013,14,1,95,219,2,1,1,6,R DE SANNOIS,48.9848,2.2564
201300045003,19,12,2013,18,5,95,203,2,1,1,6,AV DU GENERAL LECLERC,48.9912,2.2749
201300045004,24,12,2013,18,3,95,203,2,1,2,6,RTE DE SAINT LEU,48.9975,2.2687
201300045005,16,1,2013,17,5,95,219,2,1,8,6,R DE LA PETITE BAPAUME,48.9925,2.2556
201300045006,7,3,2013,14,1,95,219,2,6,1,3,RTE DE SAINT LEU,48.9976,2.2538
201300045007,4,4,2013,9,1,95,574,2,1,1,6,AV GENERAL LECLERC,49.0084,2.2564
201300045008,6,8,2013,11,1,95,219,1,1,1,3,R DU STAND,48.9978,2.2483
201300045009,14,8,2013,17,1,95,252,2,1,1,3,R DU GENERAL LECLERC,48.9842,2.2268
201300045010,1,2,2013,13,1,95,426,2,2,2,3,BD ARMAND HAYEM,49.0114,2.2812
201300045011,2,9,2013,19,1,95,203,2,1,1,6,AV DE L'EUROPE,48.9915,2.2754
201300045012,5,1,2013,9,1,95,268,2,1,1,6,AV DU HUIT MAI 1945,48.9741,2.4052
201300045013,17,5,2013,10,1,95,268,2,2,1,6,AV GENERAL DE GAULLE,48.9758,2.3957
201300045014,1,3,2013,12,1,95,268,2,1,1,6,BD DE LA MUETTE,48.9745,2.4166
201300045015,7,4,2013,14,1,95,268,2,1,1,6,R PIERRE DE RONSARD,48.9716,2.3945
201300045016,7,12,2013,7,2,95,268,2,3,2,6,AV DE  STALINGRAD,48.9596,2.3989
201300045017,31,1,2013,10,1,95,268,2,1,8,6,BD DE LA MUETTE,48.9759,2.4152
201300045018,11,2,2013,13,1,95,268,2,1,8,3,BD DE LA MUETTE,48.9771,2.4128
201300045019,27,2,2013,10,1,95,268,2,2,2,6,R ANDRE LE NOTRE,48.9717,2.3991
201300045020,21,3,2013,17,1,95,268,2,4,8,3,AV DU HUIT MAI 1945,48.9744,2.4067
201300045021,19,3,2013,7,1,95,268,2,1,1,6,AV GENERAL DE GAULLE,48.9767,2.3918
201300045022,26,4,2013,9,1,95,268,2,1,1,2,BD DE LA MUETTE,48.9751,2.4158
201300045023,17,6,2013,5,3,95,268,1,1,1,6,RD 84A,48.9602,2.4037
201300045024,12,8,2013,16,1,95,268,2,2,1,3,AV FRANCOIS MITTERRAND,48.9731,2.3978
201300045025,24,11,2013,14,1,95,268,2,1,1,3,BD DE LA MUETTE,48.9742,2.4171
201300045026,9,11,2013,20,5,95,268,2,2,2,3,AV GENERAL DE GAULLE,48.9664,2.4093
201300045027,19,12,2013,5,5,95,268,2,2,2,3,R DANIELLE CASANOVA,48.9705,2.3894
201300045028,1,1,2013,1,5,95,268,2,2,2,3,AV FRANCOIS MITTERRAND,48.9731,2.3978
201300045029,15,2,2013,7,2,95,280,1,1,2,2,R AMBROISE CROIZAT,49.0227,2.4513
201300045030,9,3,2013,17,1,95,280,2,1,1,6,BD ROGER SALENGRO,49.0386,2.4672
201300045031,10,1,2013,19,5,95,277,2,1,2,6,AV GABRIEL PERI,48.9919,2.4293
201300045032,14,1,2013,13,1,95,277,2,1,1,2,NUNGESSER ET COLI,48.9807,2.4472
201300045033,4,2,2013,8,1,95,280,2,1,2,6,AV ALBERT SARRAUT,49.0312,2.4593
201300045034,6,2,2013,18,5,95,280,2,6,2,6,AV DE LA GARE,49.0194,2.4659
201300045035,23,2,2013,11,1,95,277,2,2,1,3,R D'ARSONVAL,48.9853,2.4594
201300045036,23,3,2013,23,3,95,277,1,1,1,2,RTE PARIS à SENLIS,48.9849,2.4707
201300045037,29,8,2013,18,1,95,277,2,1,1,6,AV DES BLEUETS,48.9975,2.4271
201300045038,24,11,2013,16,1,95,280,2,2,2,3,AV ALBERT SARRAUT,49.0321,2.4588
201300045039,12,12,2013,14,1,95,19,2,1,1,3,R JEAN LAUGERE,48.9956,2.4179
201300045040,10,6,2013,21,5,95,280,2,2,1,3,R ROBERT PELTIER,49.0356,2.4604
201300045041,7,7,2013,21,1,95,277,2,1,1,6,AV ARISTIDE BRIAND,49.0008,2.4248
201300045042,13,11,2013,19,2,95,277,1,1,1,6,RTE DE L'EUROPE,48.9848,2.4733
201300045043,23,4,2013,17,1,95,277,2,1,1,6,R D'ARNOUVILLE,48.9839,2.4383
201300045044,23,4,2013,19,1,95,280,2,1,1,3,R ROMY SCHNEIDER,49.0283,2.4527
201300045045,12,7,2013,20,1,95,280,2,1,1,3,AV ALBERT SARRAUT,49.0319,2.4589
201300045046,13,5,2013,10,1,95,280,2,1,1,2,AV DES DEMOISELLES,49.0259,2.4553
201300045047,26,5,2013,8,1,95,19,2,1,1,6,R DU MARCHE,48.9931,2.4132
201300045048,2,6,2013,14,1,95,280,2,1,1,3,AV ALBERT SARRAUT,49.0325,2.4586
201300045049,19,7,2013,19,1,95,280,2,1,1,6,R YVES FARGES,49.0342,2.4528
201300045050,24,7,2013,20,1,95,277,2,1,1,6,AV ALEXANDRE GASSIEN,48.9999,2.4272
201300045051,29,7,2013,16,1,95,277,1,1,1,6,RD 317,48.9729,2.4598
201300045052,3,9,2013,19,1,95,277,2,1,1,3,AV GABRIEL PERI,48.9931,2.4265
201300045053,14,9,2013,15,1,95,277,2,1,1,6,R ALBERT DROUHOT,48.9894,2.4464
201300045054,20,9,2013,18,1,95,280,2,1,1,6,R RAYMOND LAPCHIN,49.0294,2.4732
201300045055,28,9,2013,22,5,95,88,1,1,3,6,RTE DES  FLANDRES,48.9579,2.4466
201300045056,15,10,2013,21,5,95,19,2,6,1,2,PL GABRIEL PERI,48.9859,2.4194
201300045057,16,10,2013,16,1,95,280,2,1,2,7,AV ALBERT SARRAUT,49.0323,2.4586
201300045058,16,10,2013,22,5,95,277,2,1,2,2,RTE DE L'EUROPE,48.9789,2.4653
201300045059,17,10,2013,8,1,95,280,2,1,1,6,AV ALBERT SARRAUT,49.0307,2.4596
201300045060,23,11,2013,11,1,95,280,2,1,1,6,R SIMON BOLIVAR,49.0341,2.4748
201300045061,3,12,2013,9,1,95,19,2,1,1,6,AV DU COTTAGE,48.9862,2.4126
201300045062,15,12,2013,16,2,95,280,2,1,1,1,R JULIAN GRIMAU,49.0397,2.4603
201300045063,31,12,2013,12,1,95,277,2,1,1,3,R ALBERT DROUHOT,48.9895,2.4464
201300045064,3,1,2013,18,5,95,257,2,1,1,6,QUAI DE SEINE,48.9777,2.1757
201300045065,10,1,2013,8,2,95,424,2,1,2,3,CHE DE LA MARE EPINEUSE,48.9914,2.2064
201300045066,18,1,2013,14,1,95,424,2,3,1,3,R DU PANORAMA,48.9822,2.1858
201300045067,21,1,2013,19,2,95,306,2,2,1,2,R DU PORT AUX VINS,48.9881,2.1671
201300045068,14,2,2013,8,1,95,306,2,1,2,6,R DE CONFLANS,48.9989,2.1519
201300045069,11,3,2013,16,1,95,424,2,1,1,6,R VINGT QUATRE ARPENTS,48.9986,2.1991
201300045070,20,3,2013,10,1,95,306,1,1,2,6,BD DU HAVRE,49.0096,2.1655
201300045071,23,3,2013,16,1,95,424,2,1,1,3,R ALFRED DE VIGNY,48.9963,2.1971
201300045072,6,4,2013,16,1,95,306,2,1,1,6,MAIL DES COPISTES,48.9986,2.1879
201300045073,3,5,2013,14,1,95,306,2,6,1,6,BD DU HAVRE,49.0031,2.1775
201300045074,6,5,2013,6,1,95,257,2,1,1,6,BD DE PONTOISE,48.9799,2.1828
201300045075,8,6,2013,14,1,95,306,2,1,1,6,ALL DE L'ESCAPADE,49.0143,2.1281
201300045076,14,6,2013,18,1,95,306,2,1,1,3,AV DE LA LIBERATION,49.0056,2.1934
201300045077,18,6,2013,19,1,95,424,2,1,1,6,R PAUL CEZANNE,48.9974,2.1972
201300045078,24,6,2013,10,1,95,306,2,1,1,6,RTE DE CONFLANS,49.0041,2.1303
201300045079,16,7,2013,15,1,95,306,2,1,1,6,R EMILE ZOLA,48.9961,2.1529
201300045080,19,7,2013,18,1,95,424,2,1,1,3,GRANDE RUE,48.9851,2.1884
201300045081,21,7,2013,18,1,95,306,2,1,1,6,R DE PONTOISE,48.9965,2.1631
201300045082,13,9,2013,14,1,95,424,2,1,2,1,AV ARISTIDE MAILLOL,48.9957,2.1987
201300045083,20,9,2013,14,1,95,424,2,1,1,3,BD VICTOR BORDIER,48.9952,2.1927
201300045084,10,9,2013,14,1,95,424,2,1,1,2,BD VICTOR BORDIER,48.9904,2.2029
201300045085,23,9,2013,18,1,95,306,2,1,1,3,MAIL DES COPISTES,48.9991,2.1881
201300045086,28,9,2013,14,1,95,424,2,1,1,1,ALL WATTEAU,49.0001,2.2004
201300045087,2,10,2013,18,1,95,306,2,1,1,6,RTE DE PIERRELAYE,49.0027,2.1579
201300045088,6,10,2013,11,1,95,424,2,1,1,5,BD DE PONTOISE,48.9911,2.1819
201300045089,7,11,2013,18,5,95,306,2,1,2,6,BD OSCAR THEVENIN,48.9905,2.1625
201300045090,5,12,2013,16,1,95,306,2,1,1,6,R DE LA  MARNE,48.9988,2.1783
201300045091,27,12,2013,16,2,95,306,2,1,3,6,AV GENERAL LECLERC,48.9891,2.1546
201300045092,23,5,2013,16,1,95,424,2,1,1,6,AV DES FRANCES,48.9942,2.1995
201300045093,31,5,2013,12,1,95,306,1,1,1,3,AV DU GROS CHENE,49.0233,2.1219
201300045094,2,2,2013,21,5,95,52,2,1,1,6,R DE SENLIS,49.1424,2.2909
201300045095,4,2,2013,9,1,95,504,1,1,2,6,RN 184,49.1029,2.2679
201300045096,28,1,2013,12,1,95,313,2,3,1,6,R MELLET,49.1121,2.2129
201300045097,30,1,2013,15,1,95,52,2,1,1,6,R EDOUARD BOURCHY,49.1421,2.2879
201300045098,9,2,2013,12,1,95,436,1,1,1,2,RD 301,49.1289,2.2558
201300045099,13,2,2013,14,1,95,313,2,2,1,5,AV DES BONSHOMMES,49.1088,2.2224
201300045100,28,2,2013,19,5,95,487,2,2,1,1,R JEAN CATELAS,49.1548,2.2759
201300045101,17,3,2013,15,1,95,436,1,1,4,1,RD 301,49.1305,2.2559
201300045102,21,3,2013,19,5,95,313,2,1,2,3,R DE PONTOISE,49.1095,2.2231
201300045103,4,5,2013,0,3,95,504,1,1,1,6,R DE L'ISLE ADAM,49.1184,2.2675
201300045104,29,5,2013,19,1,95,487,2,3,1,6,R AMBROISE CROIZAT,49.1513,2.2726
201300045105,7,6,2013,19,1,95,487,1,1,1,3,RD 301,49.1518,2.2469
201300045106,2,7,2013,18,1,95,487,1,1,1,4,RD 301,49.1515,2.2471
201300045107,21,6,2013,15,1,95,436,1,1,1,3,RD 922,49.1291,2.2581
201300045108,20,6,2013,12,1,93,13,1,3,3,3,EUROPE (AVENUE DE L'),0.0,0.0
201300045109,7,3,2013,12,1,77,291,1,1,2,6,PARKING PJ,49.01218,2.5589
201300045110,1,4,2013,0,5,77,294,1,1,1,6,LINEAIRE 2F,49.00488,2.57714
201300045111,4,4,2013,16,1,93,73,1,1,9,6,VIGNES (RUE DES),0.0,0.0
201300045112,22,6,2013,12,1,93,73,1,1,1,6,LINEAIRE 2E,0.0,0.0
201300045113,29,3,2013,18,1,77,294,1,1,1,6,LINEAIRE 2F,49.01038,2.55349
201300045114,21,10,2013,22,3,77,294,1,1,1,3,PERIPHERIQUE SUD/RD 84 A,0.0,0.0
201300045115,13,11,2013,8,1,93,73,1,1,1,6,NEW-YORK (RUE DE),0.0,0.0
201300045116,26,7,2013,19,1,77,291,1,2,1,3,PERICHET (RUE),0.0,0.0
201300045117,13,12,2013,19,3,93,73,1,1,2,5,PERIHERIQUE SUD (ROUTE),0.0,0.0
201300045118,18,12,2013,12,1,95,585,2,1,1,6,R PIERRE BROSSOLETTE,48.9919,2.3749
201300045119,26,12,2013,15,1,95,585,2,1,1,4,AV DIVISION LECLERC,48.9861,2.3718
201300045120,9,1,2013,18,5,95,539,1,1,2,5,RD 301,49.0117,2.3523
201300045121,10,1,2013,10,1,95,585,2,1,1,2,R DU PERE HEUDE,48.9849,2.3879
201300045122,24,2,2013,21,5,95,680,2,1,1,6,AV DES ENTREPRENEURS,48.9992,2.3924
201300045123,9,3,2013,17,1,95,585,2,1,1,6,R DE CHAMPAGNE,48.9892,2.3684
201300045124,20,3,2013,17,1,95,585,2,1,1,6,R PIERRE BROSSELETTE,48.9918,2.3746
201300045125,16,3,2013,14,1,95,585,2,1,8,6,AV DU HUIT MAI 1945,48.9776,2.3711
201300045126,30,1,2013,19,5,95,680,2,1,1,6,R NUNGESSER ET COLI,48.9998,2.4181
201300045127,1,2,2013,15,1,95,680,2,1,1,3,R DE PARIS,49.0045,2.3821
201300045128,21,2,2013,14,1,95,585,2,1,1,6,BD HENRI BERGSON,48.9746,2.3762
201300045129,7,1,2013,11,1,95,680,2,3,1,6,AV PIERRE DUPONT,48.9956,2.4109
201300045130,22,4,2013,9,1,95,585,2,2,1,6,BD DU DR GALVANI,48.9961,2.3711
201300045131,24,7,2013,18,1,95,680,2,4,1,3,R GAMBETTA,49.0064,2.3981
201300045132,1,9,2013,17,1,95,680,2,1,1,6,PL DU MIDI,49.0026,2.3984
201300045133,17,9,2013,15,1,95,539,1,1,3,6,R PASTEUR,48.9996,2.3581
201300045134,26,6,2013,13,1,95,585,2,1,1,6,BD HENRI BERGSON,48.9744,2.3761
201300045135,1,10,2013,10,1,95,205,1,1,1,1,RTE DE BOUQUEVAL,49.0229,2.3867
201300045136,2,10,2013,15,1,95,585,2,1,1,6,R DE LA REPUBLIQUE,48.9988,2.3804
201300045137,21,10,2013,19,5,95,539,2,1,2,6,BD DE LA GARE,48.9949,2.36668
201300045138,4,11,2013,19,3,95,539,1,1,2,4,AV  DIVISION LECLERC,48.9949,2.3409
201300045139,31,10,2013,14,1,95,680,2,1,1,6,R JULIEN  BOURSIER,49.0093,2.3864
201300045140,13,11,2013,10,1,95,680,2,1,1,6,AV DES ERABLES,49.0007,2.3924
201300045141,18,12,2013,18,5,95,585,2,1,8,2,RTE DE GROSLAY,48.9836,2.3682
201300045142,15,12,2013,16,2,95,539,2,1,7,6,R RENE CASSIN,49.0067,2.3499
201300045143,20,12,2013,19,5,95,539,2,1,1,6,R CHARLES PERRAULT,48.9991,2.3677
201300045144,1,12,2013,20,3,95,585,1,1,1,1,AV DIVISION LECLERC,48.9801,2.3688
201300045145,15,8,2013,20,1,95,585,2,1,1,6,RD 316,48.9852,2.3748
201300045146,4,1,2013,19,5,95,563,2,1,8,2,R DE PARIS,49.0171,2.2471
201300045147,10,1,2013,18,5,95,607,2,1,2,6,AV DE LA GARE,49.0258,2.2213
201300045148,13,1,2013,20,5,95,607,2,1,2,3,AV DIVISION-LECLERC,49.0105,2.2137
201300045149,9,4,2013,8,1,95,60,2,2,2,6,AV DE PARIS,49.0344,2.2144
201300045150,13,4,2013,11,1,95,607,2,1,1,3,AV DIVISION-LECLERC,49.0164,2.2186
201300045151,3,6,2013,11,1,95,60,2,1,1,2,R DE LA GARE,49.0368,2.2112
201300045152,8,6,2013,19,1,95,60,2,2,1,3,R DE CHANZY,49.0356,2.2181
201300045153,15,6,2013,11,1,95,563,2,1,7,6,AV JEAN ROSTAND,49.0121,2.2473
201300045154,17,6,2013,15,1,95,563,2,1,1,6,R VOLTAIRE,49.0155,2.2393
201300045155,22,7,2013,14,1,95,60,2,1,1,2,AV DE PARIS,49.0329,2.2156
201300045156,31,8,2013,23,5,95,60,2,3,1,1,AV DE LA REPUBLIQUE,49.0379,2.2115
201300045157,1,10,2013,8,1,95,563,2,1,1,3,BD  ANDRE BREMONT,49.0015,2.2515
201300045158,15,10,2013,17,1,95,607,2,1,1,6,R DES PRIMEVERES,49.0063,2.2074
201300045159,16,10,2013,20,5,95,607,2,3,1,3,R DU  MARECHAL FOCH,49.0212,2.2343
201300045160,19,10,2013,20,5,95,607,2,1,1,7,R DE  PARIS,49.0267,2.2242
201300045161,14,11,2013,8,2,95,51,2,2,2,3,AV DE LA GARE,49.0088,2.1988
201300045162,19,11,2013,18,4,95,607,2,1,1,6,R FRANCOIS BROUSSAIS,49.0216,2.2198
201300045163,13,12,2013,20,5,95,607,2,3,2,3,R D' HERBLAY,49.0159,2.2089
201300045164,4,3,2013,18,1,95,607,2,1,1,4,CHSEE  JULES CESAR,49.0056,2.2084
201300045165,22,1,2013,18,5,95,563,2,3,8,6,R MICHELET,49.0124,2.2439
201300045166,10,4,2013,9,1,95,51,2,1,1,6,AV DES  PEUPLIERS,49.0135,2.2006
201300045167,5,4,2013,16,1,95,60,1,1,1,4,AV DES CHATAIGNIERS,49.0297,2.1878
201300045168,2,7,2013,18,1,95,563,2,2,1,6,AV JEAN ROSTAND,49.0113,2.2453
201300045169,8,1,2013,16,1,201,4,1,1,1,3,Rte Nationale 193,0.0,0.0
201300045170,9,1,2013,13,1,201,4,2,1,1,3,Ave de la grande armée,41.92748,8.73174
201300045171,14,1,2013,22,4,201,4,1,1,2,7,Rte de  Saint Antoine,0.0,0.0
201300045172,26,1,2013,5,5,201,4,2,1,1,6,Rte du Stiletto,41.94644,8.76748
201300045173,27,1,2013,23,5,201,4,2,1,1,3,Rte Nationale 194,0.0,0.0
201300045174,26,2,2013,13,1,201,4,2,1,1,6,R françois Pietri,41.93517,8.74565
201300045175,26,2,2013,12,1,201,4,2,1,1,3,Bd dominique Paoli,41.93045,8.73732
201300045176,3,3,2013,17,1,201,4,2,1,1,2,Cr Napoléon,0.0,0.0
201300045177,8,3,2013,14,1,201,4,2,1,1,3,Rte d'Aspretto,41.92999,8.75697
201300045178,14,3,2013,17,2,201,4,1,1,2,6,Rte du Vittulo,41.93102,8.71888
201300045179,21,3,2013,20,5,201,4,2,1,9,2,R du sergent Casalonga,41.91991,8.73686
201300045180,21,3,2013,17,1,201,4,1,1,1,7,Rte des îles sanguinaire,0.0,0.0
201300045181,9,4,2013,8,1,201,4,2,1,1,6,Bd pascal Rossini,41.91715,8.73372
201300045182,10,4,2013,13,1,201,4,2,1,1,6,67 Cr Napoléon,0.0,0.0
201300045183,16,4,2013,7,1,201,4,1,6,1,1,Bd Tino Rossi,0.0,0.0
201300045184,2,5,2013,12,1,201,4,2,1,1,3,20090,0.0,0.0
201300045185,3,5,2013,1,5,201,4,2,1,1,6,Bd madame mère,41.91621,8.72318
201300045186,17,5,2013,6,2,201,4,2,1,8,1,chm de culetta,41.95237,8.78051
201300045187,17,5,2013,7,1,201,4,1,9,1,6,Rte d'Alata,0.0,0.0
201300045188,26,5,2013,15,1,201,4,2,1,1,6,Rte du stiletto,41.94584,8.7621
201300045189,4,6,2013,8,1,201,4,2,1,1,6,Bd abbé Recco,41.93714,8.73714
201300045190,18,6,2013,15,1,201,4,2,1,1,2,Bd louis Campi,41.94461,8.75659
201300045191,21,6,2013,14,1,201,4,2,9,1,6,Bd Maglioli hauteur esc.,41.92781,8.73739
201300045192,29,6,2013,3,5,201,4,2,3,1,3,Cr Napoleon egl.St roch,41.92242,8.73748
201300045193,29,6,2013,22,5,201,4,2,1,1,5,Bd louis Campi,41.94301,8.75274
201300045194,6,7,2013,10,1,201,4,2,6,1,3,Giratoire Av Mt Thabor,0.0,0.0
201300045195,13,7,2013,0,5,201,4,2,3,1,3,angle rue candia,0.0,0.0
201300045196,18,7,2013,16,1,201,4,1,1,1,3,ht. panneau pub 0856090,41.92673,8.7788
201300045197,23,7,2013,15,1,201,4,2,3,1,3,Bd Sampiero/R coubertin,41.92422,8.73897
201300045198,25,7,2013,0,5,201,4,2,1,1,2,Cr JEAN NICOLI,41.93368,8.74411
201300045199,26,7,2013,15,1,201,4,2,1,1,3,Bd charles Bonaparte,41.92761,8.73992
201300045200,31,7,2013,8,1,201,4,2,1,1,6,Cr NAPOLEON av Beverini,41.92464,8.73799
201300045201,1,8,2013,8,1,201,4,2,1,1,5,RdPt Socordis,41.92809,8.79927
201300045202,2,8,2013,21,5,201,4,2,1,1,6,19 Bd Maglioli,41.92827,8.7375
201300045203,4,8,2013,23,5,201,4,2,1,1,6,Cit  EDF Vazzio,41.93026,8.78366
201300045204,7,8,2013,14,1,201,4,2,6,1,2,RdPt alzo di sole,41.92994,8.76137
201300045205,10,8,2013,18,1,201,4,2,1,1,4,N 194 Ranucchieto,41.9495,8.76858
201300045206,12,8,2013,9,1,201,4,2,2,1,6,Av Marechal Juin,41.93517,8.75071
201300045207,14,8,2013,20,5,201,4,2,1,1,6,Bd STEPHANOPOLI,41.90911,8.71905
201300045208,17,8,2013,0,5,201,4,2,1,1,3,Bd charles Bonaparte,41.92843,8.74014
201300045209,27,8,2013,1,5,201,4,2,1,1,6,Quai l'herminier,41.9218,8.73942
201300045210,1,9,2013,0,5,201,4,2,1,1,7,Bd Sampiero,41.92662,8.73904
201300045211,3,9,2013,12,1,201,4,2,1,1,2,feu Av N franchini,0.0,0.0
201300045212,10,9,2013,19,5,201,4,2,1,2,3,Bd Sebastianu Costa,41.94154,8.74732
201300045213,29,9,2013,2,5,201,4,2,3,1,3,Cr Prince IMPERIAL,41.93347,8.75454
201300045214,2,10,2013,18,1,201,4,2,6,1,3,Giratoire d'aspretto,41.93021,8.75732
201300045215,9,10,2013,12,1,201,4,2,1,1,3,Rte de Mezzavia,41.94726,8.76263
201300045216,10,10,2013,13,1,201,4,2,1,1,6,6 QUAI   NAPOLEON,41.91816,8.73991
201300045217,14,10,2013,23,5,201,4,2,3,1,1,Cr NAPOLEON  R FREDIANI,41.92311,8.73766
201300045218,17,10,2013,18,2,201,4,1,3,1,2,Rte de Mezzavia,41.94758,8.76342
201300045219,19,10,2013,15,1,201,4,2,1,1,3,Av de la Grande Armée,41.92694,8.72989
201300045220,21,10,2013,1,5,201,4,2,1,1,7,Chm de CANDIA,41.93621,8.74708
201300045221,24,10,2013,20,5,201,4,2,1,1,6,20000,41.92492,8.73897
201300045222,25,10,2013,19,5,201,4,2,9,1,6,Cr NAPOLEON,41.92499,8.73802
201300045223,1,11,2013,15,1,201,4,2,1,1,6,Cr NAPOLEON,41.9323,8.74069
201300045224,5,11,2013,9,1,201,4,2,1,1,7,N 194,41.94856,8.76602
201300045225,11,11,2013,5,5,201,4,2,6,1,6,Bd Sampiero,41.92674,8.73884
201300045226,15,11,2013,18,5,201,4,1,1,1,7,Chm d'APPIETO,41.95751,8.77945
201300045227,19,11,2013,8,1,201,4,2,1,1,3,Bd louis Campi,41.94331,8.75344
201300045228,19,11,2013,19,5,201,4,2,3,1,3,Av Beverini Vico,41.92644,8.73794
201300045229,21,11,2013,19,5,201,4,2,1,1,2,97 Cr NAPOLEON,41.93019,8.73926
201300045230,28,11,2013,15,1,201,4,1,6,1,3,N 193,41.92711,8.77918
201300045231,11,12,2013,15,1,201,4,2,1,1,6,Cr Prince IMPERIAL,41.93417,8.74881
201300045232,22,12,2013,0,5,201,4,2,9,1,3,Bd ALBERT 1ER,41.91269,8.72368
201300045233,27,12,2013,23,4,201,4,2,1,1,6,Cr NAPOLEON,41.93183,8.74002
201300045234,28,12,2013,0,5,201,4,2,1,1,1,Cr Napoleon,41.92329,8.73766
201300045235,31,12,2013,13,1,201,4,2,1,1,4,Rte de Mezzavia,41.95089,8.77273
201300045236,31,12,2013,18,5,201,4,2,2,1,3,Av de PARIS,41.91862,8.73692
201300045237,19,1,2013,2,5,69,381,2,1,2,6,"1, PAIX (DE LA)",0.0,0.0
201300045238,28,1,2013,9,1,69,381,2,1,8,2,"11, PECHERIE (DE LA)",0.0,0.0
201300045239,9,2,2013,15,1,69,381,2,2,4,3,"00, ALGERIE (D')",0.0,0.0
201300045240,9,2,2013,3,5,69,381,2,1,1,2,"00, ANDRE LASSAGNE",0.0,0.0
201300045241,9,3,2013,17,1,69,381,2,1,1,4,QUAI ANDRE LASSAGNE,0.0,0.0
201300045242,17,3,2013,2,5,69,381,2,2,6,3,"1, JEAN MOULIN",0.0,0.0
201300045243,25,3,2013,9,1,69,381,2,1,1,3,ANDRE LASSAGNE,0.0,0.0
201300045244,16,4,2013,19,1,69,381,2,7,1,3,PLACE DE LA COMEDIE,0.0,0.0
201300045245,27,4,2013,10,1,69,381,2,2,2,3,ROYALE,0.0,0.0
201300045246,22,4,2013,22,5,69,381,2,2,1,3,JEAN MOULIN,0.0,0.0
201300045247,27,5,2013,8,1,69,381,2,3,1,6,"112, BOULEVARD DE LA CRO",0.0,0.0
201300045248,30,5,2013,10,1,69,381,2,1,2,2,"13, RUE TERME",0.0,0.0
201300045249,5,6,2013,18,1,69,381,2,1,1,6,"11, CROIX PAQUET",0.0,0.0
201300045250,7,6,2013,9,1,69,381,2,2,1,3,"10, PRESIDENT EDOUARD HE",0.0,0.0
201300045251,11,6,2013,0,5,69,381,2,1,1,3,"26, MARTINIERE (DE LA)",0.0,0.0
201300045252,11,6,2013,17,1,69,381,2,1,1,6,"21, TOURETTE (DE LA)",0.0,0.0
201300045253,15,6,2013,1,5,69,381,2,2,1,6,"000000000, PLACE TOLOZAN",0.0,0.0
201300045254,5,8,2013,13,1,69,381,2,1,1,6,"31, RENE LEYNAUD",0.0,0.0
201300045255,29,6,2013,1,5,69,381,2,2,1,6,"29, RUE DE LA MARTINIERE",0.0,0.0
201300045256,14,7,2013,23,5,69,381,2,1,1,2,"30, MONTEE SAINT SEBASTI",0.0,0.0
201300045257,18,7,2013,21,1,69,381,2,1,2,6,"61, QUAI SAINT VINCENT",0.0,0.0
201300045258,26,8,2013,8,1,69,381,2,1,1,4,"13 Bis, JEAN MOULIN",0.0,0.0
201300045259,13,9,2013,12,1,69,381,2,1,1,6,"12, RUE DE CRIMEE",0.0,0.0
201300045260,19,9,2013,16,1,69,381,2,1,1,3,"46, QUAI SAINT VINCENT",0.0,0.0
201300045261,23,9,2013,17,1,69,381,2,2,1,6,"SANS, ROZIER",0.0,0.0
201300045262,2,10,2013,19,2,69,381,2,1,1,6,COURS GENERAL GIRAUD,0.0,0.0
201300045263,16,10,2013,7,1,69,381,2,3,1,6,TOLOZAN,0.0,0.0
201300045264,20,10,2013,1,5,69,381,2,2,1,3,"9, PLATIERE (DE LA)",0.0,0.0
201300045265,24,10,2013,22,5,69,381,2,1,1,1,"33, COURS GENERAL GIRAUD",0.0,0.0
201300045266,27,10,2013,8,1,69,381,2,1,7,7,"60, QUAI SAINT VINCENT",0.0,0.0
201300045267,31,10,2013,15,1,69,381,2,1,1,6,"14, PECHERIE (DE LA)",0.0,0.0
201300045268,1,11,2013,17,5,69,381,2,1,1,6,"13, RUE TERME",0.0,0.0
201300045269,12,11,2013,10,1,69,381,2,1,1,3,"20, ANNONCIADE (DE L')",0.0,0.0
201300045270,15,11,2013,11,1,69,381,2,1,2,6,"8, ALGERIE (D')",0.0,0.0
201300045271,20,11,2013,15,1,69,381,2,1,2,6,"12, JEAN MOULIN",0.0,0.0
201300045272,23,11,2013,15,1,69,381,2,2,1,3,"51, BON PASTEUR (DU)",0.0,0.0