Num_Acc,jour,mois,an,hr,condition_eclairage,departement,commune,condition_agglomeration,intersection,condition_atmosphere,type_collision,adresse,lattitude,longitude
201300045273,29,11,2013,23,5,69,381,2,1,2,6,"14, ANDRE LASSAGNE",0.0,0.0
201300045274,15,12,2013,3,5,69,381,2,1,5,3,"1, JEAN MOULIN",0.0,0.0
201300045275,28,12,2013,17,5,69,381,2,1,1,6,"126, BOULEVARD DE LA CRO",0.0,0.0
201300045276,28,11,2013,12,1,69,381,2,1,1,7,"12, GENERAL GIRAUD (DU)",0.0,0.0
201300045277,1,1,2013,0,3,77,294,1,1,2,6,A104,0.0,0.0
201300045278,1,1,2013,2,5,94,46,1,1,2,6,A86 INT,48.8158,2.45013
201300045279,1,1,2013,3,5,94,73,1,1,2,6,A86 INT,48.769,2.3792
201300045280,1,1,2013,9,2,94,73,1,1,1,2,A86 INT,48.7625,2.38143
201300045281,1,1,2013,10,1,77,373,1,1,8,7,RN104,0.0,0.0
201300045282,1,1,2013,20,5,94,69,1,1,1,6,A4,48.8174,2.42482
201300045283,2,1,2013,8,2,94,18,1,1,1,5,A4,48.8178,2.41389
201300045284,3,1,2013,9,1,94,17,1,1,1,3,A4,48.8279,2.50451
201300045285,3,1,2013,14,1,94,28,1,1,8,6,RN406.W,48.7762,2.4422
201300045286,3,1,2013,18,2,93,51,1,1,2,5,A4,48.8356,2.56443
201300045287,5,1,2013,2,5,94,69,1,1,1,2,A4,48.8165,2.45016
201300045288,8,1,2013,17,3,77,294,1,1,1,2,A104,0.0,0.0
201300045289,8,1,2013,18,4,94,28,1,1,1,5,A86 EXT,48.7761,2.43095
201300045290,10,1,2013,7,3,77,249,1,1,2,5,RN104,0.0,0.0
201300045291,10,1,2013,9,1,94,69,1,1,8,2,A86 EXT,48.8162,2.45238
201300045292,10,1,2013,17,2,94,44,1,1,2,6,RN406.Y,48.7577,2.47072
201300045293,10,1,2013,19,3,77,514,1,1,2,2,A104,0.0,0.0
201300045294,10,1,2013,22,3,77,337,1,1,1,5,RN104,0.0,0.0
201300045295,11,1,2013,4,4,94,79,1,1,2,6,A4,48.8358,2.53972
201300045296,14,1,2013,8,1,77,53,1,1,1,7,RN104,0.0,0.0
201300045297,14,1,2013,9,1,94,73,1,1,1,2,A86 INT,48.7536,2.37899
201300045298,16,1,2013,7,1,77,514,1,1,1,4,A104,0.0,0.0
201300045299,18,1,2013,18,2,77,237,1,1,8,6,A4,0.0,0.0
201300045300,18,1,2013,19,5,77,146,1,1,4,7,A4.Y,0.0,0.0
201300045301,20,1,2013,5,3,77,450,1,1,4,3,RN104,0.0,0.0
201300045302,21,1,2013,19,4,94,28,1,1,4,5,A86 EXT,48.7844,2.44057
201300045303,22,1,2013,8,1,94,17,1,1,9,5,A4,48.8265,2.51831
201300045304,24,1,2013,8,1,94,69,1,1,2,3,A4,48.8174,2.4293
201300045305,24,1,2013,17,1,75,112,1,1,1,2,A4,0.0,0.0
201300045306,27,1,2013,1,5,93,51,1,1,1,5,A4,48.836,2.55642
201300045307,29,1,2013,7,2,77,363,1,1,2,3,A104,0.0,0.0
201300045308,30,1,2013,10,1,94,44,1,1,2,3,RN406.Y,48.7577,2.47072
201300045309,30,1,2013,10,1,77,121,1,1,1,2,A104,0.0,0.0
201300045310,31,1,2013,7,2,77,294,1,1,1,6,A104,0.0,0.0
201300045311,31,1,2013,10,1,77,169,1,1,1,3,A4.Y,0.0,0.0
201300045312,31,1,2013,16,1,94,17,1,1,2,4,A4,48.8268,2.52359
201300045313,31,1,2013,19,3,75,112,1,1,1,7,A4,0.0,0.0
201300045314,1,2,2013,13,1,94,33,1,1,2,5,A86.INT,48.8593,2.48616
201300045315,2,2,2013,5,5,94,69,1,1,1,2,A4,48.8173,2.42928
201300045316,2,2,2013,5,5,94,69,1,1,1,2,A4,48.8173,2.42928
201300045317,2,2,2013,6,5,94,69,1,1,1,2,A4,48.8174,2.4293
201300045318,2,2,2013,6,5,94,18,1,1,1,4,A4,48.8187,2.40833
201300045319,4,2,2013,13,1,77,121,1,1,2,7,A104,0.0,0.0
201300045320,4,2,2013,14,1,94,52,1,1,2,2,A86 INT,48.8454,2.49196
201300045321,5,2,2013,17,1,77,294,1,1,8,3,A104,0.0,0.0
201300045322,6,2,2013,13,1,94,69,1,1,1,7,A4,48.817,2.4461
201300045323,7,2,2013,9,1,94,69,1,1,1,3,A4,48.8166,2.45027
201300045324,8,2,2013,10,5,94,52,1,1,1,5,A86 INT,48.8427,2.49262
201300045325,11,2,2013,15,1,77,122,1,1,1,6,A5b,0.0,0.0
201300045326,11,2,2013,18,3,77,372,1,1,8,5,A104,0.0,0.0
201300045327,12,2,2013,17,1,77,122,1,1,1,3,RN104,0.0,0.0
201300045328,13,2,2013,7,2,77,53,1,1,1,7,RN104,0.0,0.0
201300045329,15,2,2013,17,1,94,42,1,1,1,2,A4,48.8285,2.4766
201300045330,18,2,2013,9,1,77,294,1,1,1,2,A104,0.0,0.0
201300045331,19,2,2013,7,1,77,249,1,1,1,4,RN104,0.0,0.0
201300045332,21,2,2013,8,1,93,51,1,1,1,5,A4,0.0,0.0
201300045333,21,2,2013,8,1,77,373,1,1,1,4,RN104,0.0,0.0
201300045334,22,2,2013,16,1,77,258,1,1,1,5,A4.W,0.0,0.0
201300045335,25,2,2013,13,1,94,33,1,1,2,2,A86.INT,48.8489,2.49074
201300045336,26,2,2013,21,3,77,373,1,1,1,3,RN104,0.0,0.0
201300045337,27,2,2013,10,1,94,73,1,1,1,7,A86 INT,48.7592,2.38355
201300045338,27,2,2013,18,3,77,146,1,1,1,4,A4.Y,0.0,0.0
201300045339,1,3,2013,0,5,94,69,1,1,1,3,A4,48.8173,2.43928
201300045340,1,3,2013,6,3,77,249,1,1,1,7,RN104,0.0,0.0
201300045341,2,3,2013,14,1,94,17,1,1,1,2,A4,48.8297,2.49792
201300045342,3,3,2013,5,3,77,373,1,1,1,7,RN104,0.0,0.0
201300045343,3,3,2013,5,5,94,28,1,1,1,2,A86 INT,48.8011,2.44698
201300045344,3,3,2013,13,1,77,337,1,1,1,6,RN104,0.0,0.0
201300045345,5,3,2013,9,1,94,33,1,1,1,4,A86.EXT,48.8555,2.48927
201300045346,7,3,2013,16,1,94,52,1,1,1,4,A4,48.8264,2.46625
201300045347,8,3,2013,9,1,94,65,1,1,1,5,A86 EXT,48.7537,2.35009
201300045348,9,3,2013,11,1,94,33,1,1,1,4,A86.INT,48.8515,2.48977
201300045349,9,3,2013,20,3,94,46,1,1,1,2,A86 EXT,48.8116,2.44907
201300045350,10,3,2013,2,3,77,169,1,1,1,6,A4.Y,0.0,0.0
201300045351,11,3,2013,9,1,94,17,1,1,2,3,A4,48.8273,2.52468
201300045352,11,3,2013,16,1,94,74,1,1,8,5,RN406.Y,48.7663,2.45585
201300045353,12,3,2013,4,3,94,79,1,1,2,3,A4,48.8358,2.53972
201300045354,12,3,2013,9,1,77,337,1,1,4,4,RN104,0.0,0.0
201300045355,13,3,2013,10,1,94,81,1,1,2,2,A86 EXT,48.7734,2.40307
201300045356,14,3,2013,8,1,94,17,1,1,1,6,A4,48.8296,2.49778
201300045357,14,3,2013,13,1,77,372,1,1,1,7,A104,0.0,0.0
201300045358,14,3,2013,18,1,77,258,1,1,1,3,A4.Y,0.0,0.0
201300045359,15,3,2013,16,1,77,514,1,1,1,2,A104,0.0,0.0
201300045360,16,3,2013,2,4,94,69,1,1,1,4,A4,48.8174,2.43626
201300045361,16,3,2013,21,3,94,17,1,1,2,2,A4,48.8265,2.52071
201300045362,17,3,2013,12,1,94,73,1,1,2,6,A86 EXT,48.7674,2.37871
201300045363,17,3,2013,22,4,94,73,1,1,2,5,A86 INT,48.7666,2.37881
201300045364,18,3,2013,8,1,93,51,1,1,1,3,A4,0.0,0.0
201300045365,21,3,2013,19,3,77,122,1,1,1,6,A5b,0.0,0.0
201300045366,22,3,2013,8,1,77,438,1,1,1,5,A104,0.0,0.0
201300045367,22,3,2013,19,2,93,51,1,1,1,2,A4,48.8353,2.57243
201300045368,26,3,2013,7,1,77,141,1,1,1,3,A4,0.0,0.0
201300045369,26,3,2013,8,1,93,51,1,1,1,3,A4,0.0,0.0
201300045370,26,3,2013,14,1,77,169,1,1,1,2,RN104,0.0,0.0
201300045371,27,3,2013,8,1,94,73,1,1,1,5,A86 INT,48.77,2.38129
201300045372,28,3,2013,14,1,94,42,1,1,1,2,A4,48.8287,2.47661
201300045373,28,3,2013,17,1,77,294,1,1,1,5,A104,0.0,0.0
201300045374,29,3,2013,13,1,77,169,1,1,1,3,RN104,0.0,0.0
201300045375,30,3,2013,8,1,94,28,1,1,1,2,RN406.W,48.7729,2.44579
201300045376,31,3,2013,5,3,77,468,1,1,1,6,A104,0.0,0.0
201300045377,31,3,2013,7,1,94,69,1,1,1,6,A4,48.8175,2.43877
201300045378,31,3,2013,13,1,94,28,1,1,1,2,A86 EXT,48.7848,2.4405
201300045379,1,4,2013,7,2,93,51,1,1,1,6,A4,0.0,0.0
201300045380,1,4,2013,16,1,77,249,1,1,1,2,RN104,0.0,0.0
201300045381,2,4,2013,18,1,77,146,1,1,1,2,A4.Y,0.0,0.0
201300045382,4,4,2013,18,1,77,18,1,1,1,7,A4,0.0,0.0
201300045383,5,4,2013,7,1,94,17,1,1,1,2,A4,48.8268,2.52381
201300045384,6,4,2013,14,1,94,33,1,1,1,7,A86.EXT,48.8591,2.4905
201300045385,7,4,2013,16,1,77,175,1,1,1,5,RN104,0.0,0.0
201300045386,8,4,2013,10,1,77,181,1,1,1,5,A4,0.0,0.0
201300045387,9,4,2013,11,1,94,17,1,1,1,4,A4,48.8297,2.49791
201300045388,9,4,2013,18,1,77,58,1,1,1,6,A4,0.0,0.0
201300045389,10,4,2013,8,1,94,28,1,1,1,7,A86 EXT,48.7844,2.44056
201300045390,10,4,2013,16,1,77,294,1,1,2,5,A104,0.0,0.0
201300045391,11,4,2013,7,1,94,81,1,1,1,2,A86 EXT,48.7744,2.41032
201300045392,18,4,2013,7,1,94,79,1,1,1,2,A4,48.8288,2.52742
201300045393,13,4,2013,16,1,94,33,1,1,2,2,A86.INT,48.8591,2.48677
201300045394,14,4,2013,15,1,75,112,1,1,1,2,A4,0.0,0.0
201300045395,14,4,2013,17,1,94,69,1,1,1,5,A4,48.8174,2.43626
201300045396,14,4,2013,17,1,94,69,1,1,1,7,A4,48.8165,2.45149
201300045397,14,4,2013,18,1,94,18,1,1,1,2,A4,48.8213,2.39954
201300045398,15,4,2013,15,1,94,81,1,1,1,5,A86 INT,48.7741,2.40501
201300045399,15,4,2013,21,5,93,51,1,1,1,6,A4,0.0,0.0
201300045400,17,4,2013,9,1,94,69,1,1,1,2,A4,48.8172,2.44334
201300045401,17,4,2013,13,1,94,17,1,1,1,3,A4,48.8297,2.49791
201300045402,18,4,2013,8,1,94,17,1,1,1,4,A4,48.8273,2.52477
201300045403,21,4,2013,18,1,94,69,1,1,1,2,A4,48.8174,2.43348
201300045404,22,4,2013,7,1,94,33,1,1,1,3,A86.INT,48.8502,2.49025
201300045405,22,4,2013,18,1,77,337,1,1,1,6,RN104,0.0,0.0
201300045406,23,4,2013,19,1,94,18,1,1,1,6,A4,48.8248,2.39301
201300045407,24,4,2013,9,1,94,52,1,1,1,2,A86 INT,48.8409,2.49283
201300045408,23,4,2013,17,1,94,15,1,1,1,2,A4,48.8305,2.53004
201300045409,25,4,2013,19,1,94,69,1,1,1,7,A4,48.8165,2.45015
201300045410,26,4,2013,12,1,94,46,1,1,1,6,A86 INT,48.7984,2.44473
201300045411,30,4,2013,19,1,77,373,1,1,2,3,RN104,0.0,0.0
201300045412,30,4,2013,20,1,94,17,1,1,2,3,A4,48.8305,2.4911
201300045413,3,5,2013,8,1,94,69,1,1,1,7,A86 EXT,48.816,2.45161
201300045414,4,5,2013,11,1,94,18,1,1,1,6,A4,48.8213,2.39954
201300045415,5,5,2013,19,1,77,438,1,1,1,7,A104,0.0,0.0
201300045416,7,5,2013,20,1,77,237,1,1,1,3,A4,0.0,0.0
201300045417,9,5,2013,9,1,94,73,1,1,1,6,A86 EXT,48.77,2.38169
201300045418,11,5,2013,12,1,94,81,1,1,1,7,A86 EXT,48.774,2.40773
201300045419,11,5,2013,17,1,94,28,1,1,1,3,A86 EXT,48.7923,2.44128
201300045420,14,5,2013,17,1,94,69,1,1,1,3,A4,48.8171,2.44472
201300045421,15,5,2013,18,1,94,69,1,1,1,3,A4,48.8168,2.446
201300045422,16,5,2013,18,1,93,51,1,1,1,5,A4,0.0,0.0
201300045423,17,5,2013,20,1,77,146,1,1,1,5,A4.W,0.0,0.0
201300045424,17,5,2013,20,2,77,337,1,1,1,2,RN104,0.0,0.0
201300045425,18,5,2013,4,3,77,438,1,9,1,6,A104,0.0,0.0
201300045426,18,5,2013,11,1,94,69,1,1,1,5,A4,48.8167,2.44957
201300045427,19,5,2013,20,1,77,122,1,1,2,6,RN104,0.0,0.0
201300045428,20,5,2013,3,4,94,73,1,1,3,6,A86 EXT,48.7674,2.37871
201300045429,20,5,2013,12,1,94,22,1,1,2,4,A86 EXT,48.7734,2.40317
201300045430,20,5,2013,18,1,77,58,1,1,2,6,A104,0.0,0.0
201300045431,21,5,2013,8,1,94,52,1,1,2,3,A86.EXT,48.8389,2.49376
201300045432,21,5,2013,8,1,77,372,1,1,3,4,A104,0.0,0.0
201300045433,21,5,2013,9,1,94,28,1,1,2,5,A86 EXT,48.7761,2.43095
201300045434,21,5,2013,9,1,77,121,1,1,2,3,A4,0.0,0.0
201300045435,22,5,2013,10,1,94,17,1,1,1,4,A4,48.8278,2.50588
201300045436,22,5,2013,14,1,77,450,1,1,1,2,RN104,0.0,0.0
201300045437,23,5,2013,9,1,77,373,1,1,1,3,RN104,0.0,0.0
201300045438,23,5,2013,20,1,94,44,1,1,2,6,RN406.W,48.7584,2.47039
201300045439,30,5,2013,20,1,94,69,1,1,8,7,A4,48.8169,2.44322
201300045440,24,5,2013,22,3,94,44,1,1,1,6,RN406.W,48.7588,2.47013
201300045441,25,5,2013,19,1,94,18,1,1,1,7,A4,48.8173,2.41742
201300045442,27,5,2013,4,5,94,18,1,1,1,2,A4,48.8195,2.40596
201300045443,28,5,2013,12,1,94,58,1,1,2,7,A86 INT,48.8445,2.49228
201300045444,29,5,2013,9,1,94,69,1,1,1,3,A4,48.8176,2.42084
201300045445,4,6,2013,8,1,94,18,1,1,1,7,AUTOROUTE A4,48.8177,2.41525
201300045446,4,6,2013,9,1,77,363,1,1,1,5,A104,0.0,0.0
201300045447,5,6,2013,9,1,94,69,1,1,1,2,A4,48.8171,2.44323
201300045448,6,6,2013,8,1,94,28,1,1,1,2,A86 INT,48.7761,2.42825
201300045449,6,6,2013,10,1,94,69,1,1,1,3,A4,48.8173,2.42642
201300045450,6,6,2013,19,1,77,249,1,1,1,7,RN104,0.0,0.0
201300045451,7,6,2013,8,1,77,363,1,1,1,2,A104,0.0,0.0
201300045452,7,6,2013,8,1,77,373,1,1,1,3,RN104,0.0,0.0
201300045453,7,6,2013,11,1,94,33,1,1,1,3,A86.INT,48.86,2.48534
201300045454,8,6,2013,2,5,94,17,1,1,1,6,A4,48.8303,2.49096
201300045455,8,6,2013,10,1,94,17,1,1,1,2,A4,48.8279,2.50451
201300045456,8,6,2013,15,1,94,22,1,1,1,2,A86 EXT,48.7762,2.42427
201300045457,9,6,2013,15,1,77,337,1,1,2,6,RN104,0.0,0.0
201300045458,9,6,2013,20,1,94,28,1,1,1,3,A86 INT,48.7862,2.43998
201300045459,10,6,2013,7,1,93,51,1,1,1,2,A4,0.0,0.0
201300045460,10,6,2013,10,5,94,17,1,1,1,2,A4,48.8265,2.51832
201300045461,10,6,2013,11,1,94,73,1,1,1,2,A86 EXT,48.7666,2.37881
201300045462,10,6,2013,16,1,75,112,1,1,1,4,A4,0.0,0.0
201300045463,11,6,2013,11,1,94,2,1,1,1,3,A86 INT,48.7765,2.42157
201300045464,11,6,2013,12,1,94,42,1,1,1,7,A4,48.8269,2.46781
201300045465,12,6,2013,7,1,94,79,1,1,1,3,A4,48.8358,2.53972
201300045466,14,6,2013,17,1,94,73,1,1,1,3,A86 INT,48.7566,2.38355
201300045467,14,6,2013,19,1,94,73,1,1,1,2,A86 INT,48.7536,2.37899
201300045468,16,6,2013,13,1,77,294,1,1,1,3,A104,0.0,0.0
201300045469,16,6,2013,19,1,77,258,1,1,7,6,A4.W,0.0,0.0
201300045470,18,6,2013,8,1,94,18,1,1,1,3,A4,48.8177,2.41804
201300045471,18,6,2013,8,1,93,51,1,9,1,2,A4,0.0,0.0
201300045472,19,6,2013,8,1,94,46,1,1,2,3,A86 EXT,48.8081,2.44896
201300045473,21,6,2013,6,1,94,17,1,1,2,7,A4,48.83,2.48675
201300045474,21,6,2013,7,1,77,53,1,1,2,7,RN104,0.0,0.0
201300045475,23,6,2013,18,1,94,81,1,1,2,4,A86 EXT,48.774,2.40138
201300045476,25,6,2013,17,1,77,122,1,1,1,5,RN104,0.0,0.0
201300045477,26,6,2013,9,1,94,69,1,1,1,2,A4,48.8172,2.44333
201300045478,26,6,2013,9,1,77,258,1,1,1,2,A4.W,0.0,0.0
201300045479,26,6,2013,16,1,94,28,1,1,1,3,A86 INT,48.7941,2.44161
201300045480,26,6,2013,18,1,94,28,1,1,1,7,A86 EXT,48.78,2.44119
201300045481,28,6,2013,18,1,77,169,1,1,1,3,RN104,0.0,0.0
201300045482,27,6,2013,8,1,77,249,1,1,1,2,RN104,0.0,0.0
201300045483,28,6,2013,0,3,77,514,1,1,1,2,A104,0.0,0.0
201300045484,28,6,2013,15,1,94,22,1,1,1,2,A86 EXT,48.7754,2.41278
201300045485,28,6,2013,16,1,77,373,1,1,1,4,RN104,0.0,0.0
201300045486,29,6,2013,9,1,77,373,1,1,2,3,RN104,0.0,0.0
201300045487,29,6,2013,18,1,77,258,1,1,1,3,A4.W,0.0,0.0
201300045488,30,6,2013,2,3,94,15,1,1,1,6,A4,48.8313,2.53079
201300045489,30,6,2013,5,2,77,373,1,1,1,7,RN104,0.0,0.0
201300045490,1,7,2013,10,1,94,42,1,1,1,2,A4,48.8288,2.47729
201300045491,1,7,2013,10,1,94,69,1,1,1,3,A86 EXT,48.8165,2.45348
201300045492,1,7,2013,20,1,77,468,1,1,1,3,A4.W,0.0,0.0
201300045493,1,7,2013,21,5,94,58,1,1,1,3,A86.EXT,48.8475,2.49197
201300045494,1,7,2013,21,3,77,372,1,1,1,4,A104,0.0,0.0
201300045495,3,7,2013,8,1,94,69,1,1,1,2,A86 EXT,48.8159,2.45134
201300045496,3,7,2013,15,1,77,372,1,1,1,7,A104,0.0,0.0
201300045497,5,7,2013,18,1,94,46,1,1,1,5,A86 INT,48.8081,2.44878
201300045498,5,7,2013,22,3,77,122,1,1,1,6,RN104,0.0,0.0
201300045499,6,7,2013,17,1,94,52,1,1,1,2,A86 INT,48.8463,2.49165
201300045500,6,7,2013,19,1,77,258,1,1,1,6,A4.W,0.0,0.0
201300045501,6,7,2013,22,3,77,58,1,9,1,2,A4,0.0,0.0
201300045502,7,7,2013,6,2,94,52,1,1,1,6,A4,48.8266,2.46607
201300045503,7,7,2013,13,1,94,73,1,1,1,2,A86 INT,48.7557,2.38301
201300045504,7,7,2013,20,1,94,17,1,1,1,4,A4,48.8265,2.51832
201300045505,7,7,2013,21,4,77,258,1,1,1,5,A4.Y,0.0,0.0
201300045506,8,7,2013,12,1,94,73,1,1,7,4,A86 INT,48.7703,2.38298
201300045507,11,7,2013,14,1,77,363,1,1,7,5,A104,0.0,0.0
201300045508,12,7,2013,10,1,94,18,1,1,1,3,A4,48.8189,2.40856
201300045509,12,7,2013,12,1,94,17,1,1,1,2,A4,48.8301,2.49661
201300045510,12,7,2013,19,1,77,373,1,1,1,4,RN104,0.0,0.0
201300045511,12,7,2013,20,1,94,73,1,1,1,3,A86 INT,48.7707,2.3856
201300045512,12,7,2013,21,1,94,17,1,1,1,4,A4,48.8279,2.50451
201300045513,12,7,2013,22,3,77,468,1,1,1,3,A104,0.0,0.0
201300045514,15,7,2013,8,1,94,18,1,1,1,2,A4,48.8177,2.41664
201300045515,15,7,2013,8,1,94,73,1,1,1,5,A86 EXT,48.7665,2.37882
201300045516,15,7,2013,9,1,94,18,1,1,1,6,A4,48.8175,2.41476
201300045517,16,7,2013,13,1,94,65,1,1,1,2,A86 INT,48.7544,2.34971
201300045518,16,7,2013,14,1,94,11,1,1,1,7,RN406.W,48.7588,2.48214
201300045519,16,7,2013,19,1,94,52,1,1,1,3,A86 INT,48.8427,2.49262
201300045520,17,7,2013,12,1,94,17,1,1,1,4,A4,48.827,2.51136
201300045521,19,7,2013,17,1,77,169,1,1,1,5,RN104,0.0,0.0
201300045522,20,7,2013,12,1,77,438,1,1,1,2,A104,0.0,0.0
201300045523,20,7,2013,19,1,94,17,1,1,1,4,A4,48.8264,2.51811
201300045524,23,7,2013,18,1,77,373,1,1,1,7,RN104,0.0,0.0
201300045525,25,7,2013,7,1,94,22,1,1,1,3,A86 INT,48.7765,2.42023
201300045526,25,7,2013,8,1,94,79,1,1,1,3,A4,48.833,2.53379
201300045527,25,7,2013,13,1,94,17,1,1,1,2,A4,48.8286,2.50177
201300045528,25,7,2013,15,1,75,112,1,1,1,2,A4,0.0,0.0
201300045529,25,7,2013,16,1,94,28,1,1,1,3,A86 EXT,48.7788,2.44114
201300045530,25,7,2013,18,1,77,169,1,1,1,3,RN104,0.0,0.0
201300045531,26,7,2013,8,1,77,18,1,1,1,2,A4,0.0,0.0
201300045532,26,7,2013,16,1,94,17,1,1,1,7,A4,48.8279,2.50423
201300045533,1,8,2013,20,1,77,169,1,1,1,6,RN104,0.0,0.0
201300045534,2,8,2013,8,1,77,438,1,1,1,3,A104,0.0,0.0
201300045535,2,8,2013,17,1,94,33,1,1,1,5,A86.INT,48.8579,2.48727
201300045536,2,8,2013,19,2,94,52,1,1,1,5,A86 INT,48.8457,2.49187
201300045537,3,8,2013,8,1,94,18,1,1,1,5,A4,48.8175,2.41528
201300045538,5,8,2013,18,1,94,33,1,1,1,2,A86.INT,48.8572,2.48765
201300045539,7,8,2013,13,1,94,44,1,1,2,4,RN406.W,48.7582,2.4706
201300045540,8,8,2013,8,1,94,74,1,1,1,7,RN406.W,48.7692,2.45008
201300045541,12,8,2013,8,1,94,33,1,1,1,2,A86.INT,48.848,2.49106
201300045542,12,8,2013,12,1,77,122,1,1,1,2,RN104,0.0,0.0
201300045543,14,8,2013,22,5,94,28,1,1,1,4,A86 EXT,48.776,2.42818
201300045544,20,8,2013,19,1,94,81,1,1,1,7,A86 EXT,48.7739,2.40371
201300045545,25,8,2013,16,1,77,450,1,1,2,7,RN104,0.0,0.0
201300045546,26,8,2013,18,1,94,28,1,1,1,7,RN406.W,48.7722,2.44654
201300045547,27,8,2013,12,1,94,42,1,1,2,7,A4,48.8285,2.47644
201300045548,28,8,2013,9,1,77,373,1,1,1,4,RN104,0.0,0.0
201300045549,30,8,2013,9,1,94,17,1,1,1,4,A4,48.8267,2.51471
201300045550,31,8,2013,17,1,77,373,1,1,1,3,RN104,0.0,0.0
201300045551,1,9,2013,17,1,94,69,1,1,1,3,A86 EXT,48.8158,2.45117
201300045552,2,9,2013,10,1,77,373,1,1,1,7,RN104,0.0,0.0
201300045553,3,9,2013,8,1,94,65,1,1,1,3,A86 INT,48.7538,2.35499
201300045554,3,9,2013,18,1,77,169,1,1,1,7,A4.Y,0.0,0.0
201300045555,5,9,2013,19,1,77,258,1,1,7,7,A4.W,0.0,0.0
201300045556,6,9,2013,15,1,77,373,1,1,1,6,RN104,0.0,0.0
201300045557,7,9,2013,6,3,94,28,1,1,1,2,A86 EXT,48.776,2.42823
201300045558,7,9,2013,13,1,94,81,1,1,1,5,A86 EXT,48.7749,2.41148
201300045559,8,9,2013,0,3,94,42,1,1,1,5,A4,48.8284,2.47585
201300045560,9,9,2013,11,1,94,17,1,1,1,2,A4,48.827,2.51036
201300045561,9,9,2013,17,1,77,373,1,1,2,2,RN104,0.0,0.0
201300045562,11,9,2013,18,1,94,73,1,1,8,3,A86 EXT,48.7726,2.3979
201300045563,11,9,2013,18,1,94,46,1,1,1,3,A86 EXT,48.8151,2.44989
201300045564,12,9,2013,10,1,94,73,1,1,8,2,A86 INT,48.7726,2.3978
201300045565,12,9,2013,9,1,77,373,1,1,1,3,RN104,0.0,0.0
201300045566,13,9,2013,4,4,77,121,1,1,1,6,A4,0.0,0.0
201300045567,14,9,2013,4,3,75,112,1,1,2,3,A4,0.0,0.0
201300045568,14,9,2013,14,1,94,44,1,1,2,6,RN406.W,48.7582,2.47065
201300045569,15,9,2013,7,1,77,121,1,1,1,5,A104,0.0,0.0
201300045570,16,9,2013,7,1,77,373,1,1,2,6,RN104,0.0,0.0
201300045571,16,9,2013,15,1,94,28,1,1,1,7,A86 INT,48.7794,2.44092
201300045572,16,9,2013,18,1,94,81,1,1,2,2,A86 INT,48.7742,2.4083
201300045573,16,9,2013,18,1,94,73,1,1,3,7,A86 EXT,48.7538,2.36992
201300045574,16,9,2013,20,3,93,51,1,1,2,2,A4,48.8357,2.56309
201300045575,17,9,2013,7,1,94,73,1,1,1,2,A86 INT,48.7589,2.38365
201300045576,18,9,2013,10,1,94,33,1,1,1,2,A86.INT,48.8609,2.48438
201300045577,18,9,2013,18,1,94,22,1,1,2,7,A86 EXT,48.7763,2.42293
201300045578,18,9,2013,20,2,94,42,1,1,1,4,A4,48.8276,2.47043
201300045579,20,9,2013,12,1,94,28,1,1,1,5,A86 INT,48.7764,2.4318
201300045580,21,9,2013,7,2,77,146,1,1,1,2,A4.Y,0.0,0.0
201300045581,21,9,2013,14,1,77,53,1,1,1,6,RN104,0.0,0.0
201300045582,22,9,2013,11,1,94,69,1,1,1,2,A4,48.8172,2.44334
201300045583,23,9,2013,0,3,77,121,1,1,1,7,A4,0.0,0.0
201300045584,22,9,2013,7,3,77,438,1,1,1,1,A104,0.0,0.0
201300045585,23,9,2013,15,1,77,121,1,1,1,3,A104,0.0,0.0
201300045586,23,9,2013,20,3,77,258,1,1,1,4,A4.Y,0.0,0.0
201300045587,24,9,2013,7,1,77,337,1,1,1,3,A4,0.0,0.0
201300045588,24,9,2013,23,5,94,17,1,1,1,6,A4,48.8268,2.51242
201300045589,25,9,2013,13,1,94,69,1,1,1,5,A4,48.8164,2.44561
201300045590,25,9,2013,21,3,94,33,1,1,1,3,A86.EXT,48.8578,2.48833
201300045591,27,9,2013,21,5,75,112,1,1,2,5,A4,0.0,0.0
201300045592,28,9,2013,9,1,77,175,1,1,8,7,RN104,0.0,0.0
201300045593,30,9,2013,19,1,94,28,1,1,1,5,A86 EXT,48.8021,2.44786
201300045594,2,10,2013,7,3,94,46,1,1,1,4,A86 EXT,48.8099,2.44903
201300045595,2,10,2013,7,1,94,73,1,1,1,2,A86 INT,48.7596,2.38339
201300045596,3,10,2013,8,1,93,51,1,1,1,2,A4,0.0,0.0
201300045597,3,10,2013,10,1,94,22,1,1,1,3,A86 INT,48.7741,2.40501
201300045598,3,10,2013,18,1,77,372,1,1,1,4,A104,0.0,0.0
201300045599,4,10,2013,8,1,94,17,1,1,1,5,A4,48.8278,2.50588
201300045600,4,10,2013,9,1,77,294,1,1,2,3,A104,0.0,0.0
201300045601,5,10,2013,9,1,77,169,1,1,1,6,A4.Y,0.0,0.0
201300045602,6,10,2013,7,3,77,294,1,1,1,5,A104,0.0,0.0
201300045603,7,10,2013,7,1,94,17,1,1,1,3,A4,48.8279,2.50451
201300045604,7,10,2013,23,3,77,438,1,1,1,6,A104,0.0,0.0
201300045605,8,10,2013,15,1,77,373,1,1,1,4,RN104,0.0,0.0