Num_Acc,jour,mois,an,hr,condition_eclairage,departement,commune,condition_agglomeration,intersection,condition_atmosphere,type_collision,adresse,lattitude,longitude
201300045606,8,10,2013,17,1,94,28,1,1,1,6,A86 INT,48.7765,2.43609
201300045607,8,10,2013,19,5,94,46,1,1,1,2,A86 INT,48.8054,2.44854
201300045608,12,10,2013,15,1,77,146,1,1,1,3,A4.Y,0.0,0.0
201300045609,12,10,2013,18,2,77,258,1,1,1,3,A4.W,0.0,0.0
201300045610,13,10,2013,6,3,77,121,1,1,1,3,A4,0.0,0.0
201300045611,14,10,2013,21,3,77,258,1,1,2,5,A4.W,0.0,0.0
201300045612,14,10,2013,22,5,94,69,1,1,2,6,A4,48.8175,2.42088
201300045613,16,10,2013,0,3,94,52,1,1,1,3,A4,48.8266,2.46634
201300045614,16,10,2013,14,1,75,112,1,1,2,7,A4,0.0,0.0
201300045615,11,10,2013,19,5,94,17,1,1,1,2,A4,48.8278,2.50588
201300045616,16,10,2013,16,1,77,55,1,1,2,2,A104,0.0,0.0
201300045617,16,10,2013,18,1,77,438,1,1,2,6,A104,0.0,0.0
201300045618,18,10,2013,8,1,77,169,1,1,1,5,A4.Y,0.0,0.0
201300045619,19,10,2013,12,1,94,46,1,1,1,2,A86 INT,48.8045,2.44834
201300045620,20,10,2013,12,2,94,17,1,1,1,4,A4,48.8265,2.51832
201300045621,20,10,2013,19,5,94,17,1,1,3,5,A4,48.8303,2.49097
201300045622,20,10,2013,23,5,94,69,1,1,1,3,A4,48.8171,2.44323
201300045623,21,10,2013,2,5,94,28,1,1,1,6,A86 INT,48.7799,2.44089
201300045624,21,10,2013,16,1,77,373,1,1,1,4,RN104,0.0,0.0
201300045625,23,10,2013,10,1,94,17,1,1,1,3,A4,48.8274,2.50861
201300045626,23,10,2013,9,1,94,28,1,1,1,2,A86 INT,48.7761,2.42832
201300045627,23,10,2013,10,1,77,83,1,1,1,5,A4.W,0.0,0.0
201300045628,23,10,2013,18,1,94,22,1,1,1,3,A86 EXT,48.7731,2.40016
201300045629,23,10,2013,21,3,77,337,1,1,2,7,RN104,0.0,0.0
201300045630,24,10,2013,17,1,94,73,1,1,1,5,A86 EXT,48.7538,2.3694
201300045631,24,10,2013,20,3,94,28,1,1,1,2,A86 INT,48.802,2.44728
201300045632,25,10,2013,13,1,94,22,1,1,1,3,A86 EXT,48.7731,2.3999
201300045633,26,10,2013,8,2,77,258,1,1,1,2,A4.Y,0.0,0.0
201300045634,26,10,2013,10,1,77,53,1,1,1,5,RN104,0.0,0.0
201300045635,26,10,2013,14,1,77,373,1,1,1,5,RN104,0.0,0.0
201300045636,27,10,2013,2,4,94,17,1,1,2,2,A4,48.8297,2.49791
201300045637,27,10,2013,8,1,77,438,1,1,3,6,A104,0.0,0.0
201300045638,27,10,2013,13,1,94,52,1,1,1,4,A86 INT,48.8436,2.49257
201300045639,27,10,2013,19,5,94,18,1,1,3,2,A4,48.8229,2.39617
201300045640,28,10,2013,9,1,94,18,1,1,2,3,A4,48.8256,2.39234
201300045641,29,10,2013,8,2,94,46,1,1,1,3,A86 EXT,48.809,2.44899
201300045642,29,10,2013,8,1,77,517,1,1,1,2,A104.EXT,0.0,0.0
201300045643,31,10,2013,15,1,94,73,1,1,1,3,A86 EXT,48.7554,2.38285
201300045644,31,10,2013,16,1,77,337,1,1,1,3,RN104,0.0,0.0
201300045645,31,10,2013,20,3,93,51,1,1,1,2,A4,48.8348,2.57909
201300045646,1,11,2013,5,3,77,514,1,1,2,2,A104,0.0,0.0
201300045647,1,11,2013,14,1,77,121,1,1,2,5,A104,0.0,0.0
201300045648,1,11,2013,22,5,94,18,1,1,3,2,A4,48.8223,2.39722
201300045649,2,11,2013,6,5,75,112,1,1,2,4,A4,0.0,0.0
201300045650,2,11,2013,8,1,94,44,1,1,2,6,RN406.W,48.7579,2.47108
201300045651,4,11,2013,7,2,94,73,1,1,1,6,A86 EXT,48.7675,2.3787
201300045652,4,11,2013,10,1,94,18,1,1,1,7,A4,48.8218,2.39837
201300045653,4,11,2013,12,1,77,373,1,9,8,3,RN104,0.0,0.0
201300045654,4,11,2013,19,3,93,51,1,1,1,4,A4,48.8357,2.56176
201300045655,5,11,2013,2,3,77,363,1,1,1,3,A104,0.0,0.0
201300045656,5,11,2013,10,1,94,73,1,1,2,7,A86 INT,48.7549,2.38204
201300045657,5,11,2013,13,1,94,52,1,1,2,3,A86 INT,48.8469,2.49143
201300045658,6,11,2013,8,1,94,44,1,1,2,6,RN406.W,48.7579,2.4711
201300045659,6,11,2013,9,1,94,18,1,1,8,7,A4,48.8201,2.40333
201300045660,6,11,2013,9,1,77,169,1,1,1,3,A4.Y,0.0,0.0
201300045661,7,11,2013,7,1,94,73,1,1,1,4,A86 INT,48.7566,2.38355
201300045662,4,11,2013,16,1,77,373,1,1,1,3,RN104,0.0,0.0
201300045663,8,11,2013,16,2,94,44,1,1,2,5,RN406.W,48.7576,2.47174
201300045664,8,11,2013,19,3,77,514,1,1,2,4,A104,0.0,0.0
201300045665,9,11,2013,14,1,77,249,1,1,3,7,RN104,0.0,0.0
201300045666,9,11,2013,20,1,94,42,1,1,2,2,A4,48.8276,2.47042
201300045667,10,11,2013,15,1,77,337,1,1,1,2,A4,0.0,0.0
201300045668,11,11,2013,18,3,77,258,1,1,1,3,A4.W,0.0,0.0
201300045669,12,11,2013,8,1,75,112,1,1,2,7,A4,0.0,0.0
201300045670,12,11,2013,9,1,77,249,1,1,1,7,RN104,0.0,0.0
201300045671,12,11,2013,11,1,94,46,1,1,1,5,A86 INT,48.7981,2.44449
201300045672,12,11,2013,17,1,94,73,1,1,2,7,A86 EXT,48.761,2.38259
201300045673,12,11,2013,16,1,77,294,1,1,2,3,A104,0.0,0.0
201300045674,13,11,2013,9,1,77,55,1,1,1,4,A104,0.0,0.0
201300045675,13,11,2013,11,1,77,514,1,1,1,2,A104,0.0,0.0
201300045676,13,11,2013,13,1,94,81,1,1,1,2,A86 INT,48.7739,2.40153
201300045677,13,11,2013,13,1,94,17,1,1,1,3,A4,48.8295,2.48264
201300045678,13,11,2013,17,2,77,294,1,1,1,3,A104,0.0,0.0
201300045679,13,11,2013,17,2,94,46,1,1,1,4,A86 INT,48.7981,2.44415
201300045680,13,11,2013,18,3,77,169,1,1,1,5,A4.Y,0.0,0.0
201300045681,13,11,2013,19,3,94,79,1,1,1,7,A4,48.8355,2.53967
201300045682,27,11,2013,10,1,94,46,1,1,1,2,A86 EXT,48.8055,2.44882
201300045683,19,11,2013,15,1,77,372,1,1,1,2,A104,0.0,0.0
201300045684,19,11,2013,18,5,94,69,1,1,1,3,A4,48.8173,2.42365
201300045685,20,11,2013,18,3,94,28,1,1,3,6,A86 EXT,48.7888,2.44047
201300045686,22,11,2013,13,1,94,18,1,1,1,5,A4,48.8241,2.39393
201300045687,22,11,2013,19,5,94,28,1,1,1,4,A86 EXT,48.7761,2.43062
201300045688,22,11,2013,20,5,94,69,1,1,1,4,A4,48.8171,2.44323
201300045689,23,11,2013,16,1,94,28,1,1,1,5,A86,48.7928,2.44105
201300045690,24,11,2013,1,3,77,249,1,1,1,6,RN104,0.0,0.0
201300045691,24,11,2013,10,1,94,73,1,1,1,7,A86,48.7678,2.37875
201300045692,25,11,2013,17,1,75,112,1,1,1,2,A4,0.0,0.0
201300045693,26,11,2013,12,1,77,237,1,1,1,6,A4,0.0,0.0
201300045694,27,11,2013,11,1,94,15,1,1,1,7,A4,48.83,2.52899
201300045695,29,11,2013,11,1,94,18,1,1,1,3,A4,48.8177,2.41524
201300045696,29,11,2013,16,2,77,373,1,1,3,7,RN104,0.0,0.0
201300045697,29,11,2013,17,2,75,112,1,1,2,7,A4,0.0,0.0
201300045698,29,11,2013,19,4,94,69,1,1,2,7,A86 EXT,48.8162,2.4525
201300045699,1,12,2013,22,5,94,69,1,1,1,3,A4,48.8174,2.43207
201300045700,2,12,2013,8,1,94,73,1,1,1,3,A86 INT,48.7711,2.38945
201300045701,2,12,2013,9,1,94,28,1,1,1,3,A86 EXT,48.7906,2.44082
201300045702,3,12,2013,7,2,94,69,1,1,1,7,A4,48.8175,2.42225
201300045703,3,12,2013,18,3,94,28,1,1,1,2,RN406.Y,48.7733,2.44519
201300045704,4,12,2013,4,4,77,514,1,1,1,2,A104,0.0,0.0
201300045705,5,12,2013,19,3,94,65,1,1,1,7,A86 EXT,48.755,2.345
201300045706,6,12,2013,9,1,77,181,1,1,1,5,A4,0.0,0.0
201300045707,6,12,2013,13,1,94,17,1,1,1,3,A4,48.8304,2.49528
201300045708,6,12,2013,20,5,94,42,1,1,1,5,A4,48.8281,2.47312
201300045709,7,12,2013,1,3,77,372,1,1,1,2,A104,0.0,0.0
201300045710,7,12,2013,15,1,77,258,1,1,1,7,RN104,0.0,0.0
201300045711,7,12,2013,18,5,94,18,1,1,1,4,A4,48.8205,2.40201
201300045712,8,12,2013,18,3,77,373,1,1,1,2,RN104,0.0,0.0
201300045713,9,12,2013,8,2,77,450,1,1,1,4,RN104,0.0,0.0
201300045714,9,12,2013,14,1,77,294,1,1,1,5,A104,0.0,0.0
201300045715,10,12,2013,15,1,94,69,1,1,1,3,A4,48.8176,2.41974
201300045716,11,12,2013,7,2,94,28,1,1,3,3,A86 EXT,48.7763,2.43566
201300045717,11,12,2013,14,1,77,373,1,1,1,4,RN104,0.0,0.0
201300045718,11,12,2013,17,3,77,514,1,1,1,2,A104,0.0,0.0
201300045719,11,12,2013,17,3,77,169,1,1,1,3,RN104,0.0,0.0
201300045720,11,12,2013,20,3,77,258,1,1,1,3,A4.Y,0.0,0.0
201300045721,15,12,2013,14,1,77,251,1,1,1,7,RN104,0.0,0.0
201300045722,15,12,2013,18,3,77,258,1,1,1,2,A4.W,0.0,0.0
201300045723,15,12,2013,19,3,77,258,1,1,1,2,A4.W,0.0,0.0
201300045724,16,12,2013,10,1,94,52,1,1,1,2,A86 INT,48.8371,2.49398
201300045725,18,12,2013,7,3,94,28,1,1,1,3,A86 INT,48.7762,2.42884
201300045726,19,12,2013,7,3,77,175,1,1,2,2,RN104,0.0,0.0
201300045727,19,12,2013,10,1,94,17,1,1,2,3,A4,48.8298,2.48411
201300045728,19,12,2013,18,5,94,33,1,1,2,2,A86.INT,48.8485,2.49086
201300045729,19,12,2013,19,3,94,18,1,1,2,3,A4,48.8208,2.40078
201300045730,20,12,2013,4,3,77,468,1,1,1,6,A104,0.0,0.0
201300045731,20,12,2013,18,3,77,169,1,1,1,6,A4.Y,0.0,0.0
201300045732,21,12,2013,21,4,94,28,1,1,1,6,A86 EXT,48.776,2.43821
201300045733,22,12,2013,2,3,94,28,1,1,2,2,A86 INT,48.7763,2.43091
201300045734,22,12,2013,7,3,77,181,1,1,1,6,A4,0.0,0.0
201300045735,22,12,2013,21,3,77,296,1,1,2,4,A5b,0.0,0.0
201300045736,23,12,2013,9,1,94,28,1,1,1,2,RN406.Y,48.7725,2.44596
201300045737,23,12,2013,18,5,77,121,1,1,1,5,A104,0.0,0.0
201300045738,23,12,2013,23,5,94,46,1,1,1,3,A86 INT,48.7982,2.44455
201300045739,24,12,2013,17,3,94,44,1,1,3,6,RN406.W,48.758,2.47083
201300045740,26,12,2013,18,3,77,169,1,1,1,6,RN104,0.0,0.0
201300045741,27,12,2013,5,3,77,294,1,1,2,6,A104,0.0,0.0
201300045742,27,12,2013,14,1,94,44,1,1,1,6,RN406.W,48.7582,2.47064
201300045743,28,12,2013,4,5,94,52,1,1,3,7,A86.EXT,48.8413,2.4931
201300045744,29,12,2013,14,1,94,28,1,1,1,2,A86 INT,48.7962,2.44301
201300045745,31,12,2013,7,3,94,44,1,1,1,6,RN406.W,48.7583,2.47048
201300045746,1,1,2013,0,4,92,36,1,1,2,6,AUTOROUTE A15,0.0,0.0
201300045747,1,1,2013,12,1,95,491,1,1,1,3,A115,0.0,0.0
201300045748,1,1,2013,12,1,93,27,1,1,2,6,AUTOROUTE A86,48.9278,2.41018
201300045749,2,1,2013,0,3,95,18,1,1,1,6,A15,0.0,0.0
201300045750,2,1,2013,17,2,95,500,1,1,1,6,A15,0.0,0.0
201300045751,2,1,2013,20,3,93,10,1,1,1,3,AUTOROUTE A3,48.8897,2.47384
201300045752,2,1,2013,21,3,95,42,1,1,2,7,RN 104,0.0,0.0
201300045753,3,1,2013,2,3,92,36,1,1,2,6,AUTOROUTE A15,0.0,0.0
201300045754,3,1,2013,10,1,93,27,1,1,1,6,AUTOROUTE A86,48.9273,2.41954
201300045755,3,1,2013,8,1,93,48,1,1,2,7,AUTOROUTE A186-PR2+200,48.8675,2.45716
201300045756,3,1,2013,13,1,93,27,1,1,1,6,AUTOROUTE A1,48.9345,2.39758
201300045757,3,1,2013,15,1,95,394,1,1,8,6,A115,0.0,0.0
201300045758,3,1,2013,20,3,95,394,1,1,8,3,A115,0.0,0.0
201300045759,7,1,2013,10,1,95,572,1,1,1,6,A15,49.0325,2.1061
201300045760,4,1,2013,14,1,95,582,1,1,8,6,A15,0.0,0.0
201300045761,4,1,2013,18,3,93,8,1,1,1,4,AUTOROUTE A86,48.8989,2.46927
201300045762,4,1,2013,21,3,95,241,1,1,1,3,RN 104,0.0,0.0
201300045763,5,1,2013,6,3,95,572,1,1,1,6,ROUTE NATIONALE 184,0.0,0.0
201300045764,5,1,2013,17,3,92,36,1,1,2,4,AUTOROUTE A15,0.0,0.0
201300045765,6,1,2013,4,3,93,7,1,1,1,5,AUTOROUTE A1,48.9493,2.44679
201300045766,6,1,2013,17,1,93,8,1,1,1,2,AUTOROUTE A86,48.8989,2.46927
201300045767,7,1,2013,12,1,95,151,1,1,8,6,RN 104,0.0,0.0
201300045768,7,1,2013,21,3,95,641,1,1,1,7,AUTOROUTE A1,0.0,0.0
201300045769,8,1,2013,7,3,93,64,1,1,1,2,AUTOROUTE A86,48.8859,2.47311
201300045770,8,1,2013,15,1,95,256,1,1,1,5,ROUTE NATIONALE 184,0.0,0.0
201300045771,8,1,2013,16,1,93,10,1,1,1,7,AUTOROUTE A3,48.8895,2.47391
201300045772,8,1,2013,17,3,93,10,1,1,1,2,AUTOROUTE A3,48.8895,2.47391
201300045773,9,1,2013,14,1,95,277,1,1,2,3,RD 170,48.9748,2.4864
201300045774,10,1,2013,1,3,93,5,1,1,2,3,AUTOROUTE A104,48.9739,2.49094
201300045775,10,1,2013,6,3,93,66,1,1,1,6,AUTOROUTE A1,48.9339,2.3839
201300045776,10,1,2013,14,1,95,582,1,1,2,6,A115,0.0,0.0
201300045777,10,1,2013,17,3,93,5,1,1,2,5,AUTOROUTE A3,48.9498,2.47461
201300045778,10,1,2013,19,3,93,48,1,1,2,3,AUTOROUTE A3,48.8737,2.43705
201300045779,11,1,2013,6,3,95,394,1,1,2,4,A115,0.0,0.0
201300045780,11,1,2013,13,1,93,78,1,1,8,6,AUTOROUTE A104,48.9611,2.54339
201300045781,11,1,2013,16,1,92,36,1,1,1,2,AUTOROUTE A86,0.0,0.0
201300045782,12,1,2013,14,1,93,27,1,1,2,6,AUTOROUTE A86,48.9278,2.41018
201300045783,12,1,2013,14,1,92,36,1,1,8,6,AUTOROUTE A15,0.0,0.0
201300045784,12,1,2013,16,1,93,78,1,1,8,6,AUTOROUTE A104,48.958,2.53089
201300045785,12,1,2013,21,3,95,582,1,1,2,4,A15,0.0,0.0
201300045786,13,1,2013,3,3,95,42,1,1,2,6,RN 104,0.0,0.0
201300045787,13,1,2013,20,3,95,491,1,1,1,3,A115,0.0,0.0
201300045788,14,1,2013,9,1,93,78,1,1,1,3,AUTOROUTE A104,48.9701,2.5018
201300045789,14,1,2013,17,3,95,500,1,1,1,4,A15,0.0,0.0
201300045790,14,1,2013,18,3,95,488,1,1,1,4,A15,0.0,0.0
201300045791,15,1,2013,8,1,95,277,1,1,4,4,AUTOROUTE A3,48.9699,2.4825
201300045792,15,1,2013,8,1,93,27,1,4,2,7,AUTOROUTE A1,48.9299,2.36385
201300045793,15,1,2013,12,1,93,27,1,1,2,7,AUTOROUTE A1,48.9345,2.39758
201300045794,15,1,2013,18,3,95,219,1,1,2,7,A115,0.0,0.0
201300045795,16,1,2013,23,4,93,66,1,1,1,2,AUTOROUTE A1,48.9261,2.35682
201300045796,17,1,2013,7,2,95,582,1,1,1,2,A15,0.0,0.0
201300045797,17,1,2013,19,3,93,64,1,1,1,4,AUTOROUTE A86,48.8839,2.46943
201300045798,19,1,2013,10,1,93,29,1,1,4,2,AUTOROUTE A86,48.9259,2.42274
201300045799,20,1,2013,15,1,92,36,1,1,4,6,AUTOROUTE A86,0.0,0.0
201300045800,20,1,2013,16,1,95,18,1,1,4,6,A15,0.0,0.0
201300045801,21,1,2013,6,2,95,641,1,1,4,3,AUTOROUTE A1,0.0,0.0
201300045802,21,1,2013,14,1,93,1,1,1,4,2,AUTOROUTE A86,48.9208,2.37196
201300045803,22,1,2013,10,1,93,5,1,1,1,2,AUTOROUTE A3,48.9501,2.4747
201300045804,22,1,2013,17,1,93,8,1,1,1,2,AUTOROUTE A86,48.9088,2.44962
201300045805,23,1,2013,8,1,95,527,1,1,1,4,AUTOROUTE A1,0.0,0.0
201300045806,23,1,2013,14,1,95,306,1,1,1,6,A15,0.0,0.0
201300045807,23,1,2013,17,1,93,78,1,1,1,5,AUTOROUTE A104,48.9646,2.51938
201300045808,23,1,2013,18,5,93,6,1,1,2,3,AUTOROUTE A3,48.866,2.41584
201300045809,23,1,2013,19,1,93,53,1,1,2,5,AUTOROUTE A3,48.8835,2.45873
201300045810,25,1,2013,21,4,60,494,1,1,1,2,AUTOROUTE A1,0.0,0.0
201300045811,25,1,2013,22,3,95,277,1,1,1,6,AUTOROUTE A104,48.9733,2.4855
201300045812,27,1,2013,7,3,93,66,1,1,1,5,AUTOROUTE A1,48.9193,2.35757
201300045813,27,1,2013,13,1,93,27,1,1,2,7,AUTOROUTE A86,48.9278,2.41018
201300045814,27,1,2013,13,1,92,78,1,1,1,6,AUTOROUTE A86,0.0,0.0
201300045815,27,1,2013,15,1,93,66,1,1,1,4,AUTOROUTE A1,48.93,2.3641
201300045816,28,1,2013,0,4,93,78,1,1,1,7,AUTOROUTE A104,48.9622,2.52323
201300045817,28,1,2013,10,1,95,256,1,1,1,6,A115,0.0,0.0
201300045818,28,1,2013,10,1,95,256,1,1,1,6,AUTOROUTE A115,0.0,0.0
201300045819,28,1,2013,15,1,95,582,1,1,1,3,A15,0.0,0.0
201300045820,28,1,2013,19,3,93,78,1,1,1,3,AUTOROUTE A104,48.9638,2.5518
201300045821,28,1,2013,23,3,93,39,1,1,1,6,AUTOROUTE A86,48.927,2.33466
201300045822,30,1,2013,0,4,93,5,1,1,2,2,AUTOROUTE A1,48.9695,2.48134
201300045823,30,1,2013,6,2,95,18,1,1,2,3,A15,0.0,0.0
201300045824,30,1,2013,8,1,95,218,1,1,2,3,A15,0.0,0.0
201300045825,30,1,2013,11,1,93,64,1,1,2,2,AUTOROUTE A86,48.8867,2.47349
201300045826,30,1,2013,13,1,93,8,1,1,2,6,AUTOROUTE A86,48.9175,2.42915
201300045827,30,1,2013,13,1,93,27,1,1,1,7,AUTOROUTE A1,48.9345,2.39758
201300045828,31,1,2013,18,1,93,8,1,1,1,3,AUTOROUTE A86,48.9151,2.43067
201300045829,1,2,2013,6,3,93,66,1,1,3,3,AUTOROUTE A1,48.928,2.35755
201300045830,1,2,2013,6,5,95,580,1,1,2,2,AUTOROUTE A1,0.0,0.0
201300045831,1,2,2013,14,1,93,10,1,1,2,4,AUTOROUTE A3,48.8893,2.47381
201300045832,1,2,2013,17,3,93,53,1,1,2,2,AUTOROUTE A3,48.8815,2.45367
201300045833,1,2,2013,18,3,93,27,1,1,2,4,AUTOROUTE A86,48.9282,2.41686
201300045834,2,2,2013,9,1,93,27,1,1,1,3,AUTOROUTE A86,48.927,2.41981
201300045835,2,2,2013,15,1,93,27,1,1,8,7,AUTOROUTE A1,48.9372,2.40984
201300045836,2,2,2013,16,1,93,53,1,1,2,4,AUTOROUTE A86,48.8893,2.47362
201300045837,2,2,2013,20,4,93,10,1,1,2,7,AUTOROUTE A3,48.8893,2.47381
201300045838,2,2,2013,23,4,93,5,1,1,8,2,AUTOROUTE A1,48.9689,2.48037
201300045839,3,2,2013,5,3,93,27,1,1,2,6,AUTOROUTE A86,48.9279,2.40993
201300045840,4,2,2013,3,4,95,527,1,1,2,6,AUTOROUTE A3,0.0,0.0
201300045841,4,2,2013,6,3,95,306,1,1,2,3,A15,0.0,0.0
201300045842,4,2,2013,9,1,95,18,1,1,2,2,A15,0.0,0.0
201300045843,4,2,2013,16,1,93,7,1,1,1,3,AUTOROUTE A3,48.9295,2.48137
201300045844,4,2,2013,18,4,95,277,1,1,1,3,AUTOROUTE A104,48.9732,2.4893
201300045845,5,2,2013,9,1,95,18,1,1,1,3,A15,0.0,0.0
201300045846,5,2,2013,12,1,93,6,1,1,1,7,AUTOROUTE A3,48.868,2.42761
201300045847,5,2,2013,16,1,93,63,1,1,1,4,AUTOROUTE A3,48.8785,2.44717
201300045848,6,2,2013,10,1,95,394,1,1,1,6,RN 184,0.0,0.0
201300045849,6,2,2013,19,3,93,66,1,1,1,2,AUTOROUTE A1,48.9043,2.3587
201300045850,7,2,2013,17,2,93,63,1,1,1,2,AUTOROUTE A3,48.8779,2.44592
201300045851,7,2,2013,19,3,95,18,1,1,1,2,A15,0.0,0.0
201300045852,7,2,2013,20,3,95,394,1,1,1,6,RN  184,0.0,0.0
201300045853,8,2,2013,7,3,95,252,1,1,1,5,A15,0.0,0.0
201300045854,8,2,2013,8,1,93,8,1,1,1,3,AUTOROUTE A86,48.8986,2.46958
201300045855,8,2,2013,9,1,93,7,1,1,1,3,AUTOROUTE A1,48.9493,2.44679
201300045856,8,2,2013,10,1,93,78,1,1,1,6,AUTOROUTE A104,48.9656,2.51719
201300045857,8,2,2013,18,4,93,6,1,1,2,7,AUTOROUTE A3,48.8658,2.41719
201300045858,9,2,2013,18,4,93,6,1,1,1,5,AUTOROUTE A3,48.8659,2.42125
201300045859,9,2,2013,21,5,95,572,1,1,1,7,A15,0.0,0.0
201300045860,10,2,2013,2,4,92,36,1,1,1,6,AUTOROUTE A15,0.0,0.0
201300045861,10,2,2013,6,3,60,505,1,1,1,3,AUTOROUTE A1,0.0,0.0
201300045862,10,2,2013,15,1,92,36,1,1,3,2,AUTOROUTE A15,0.0,0.0
201300045863,10,2,2013,20,3,93,78,1,1,4,3,AUTOROUTE A104,48.9582,2.52845
201300045864,12,2,2013,10,1,93,64,1,1,1,2,AUTOROUTE A86,48.8772,2.47758
201300045865,12,2,2013,14,1,93,5,1,1,1,6,AUTOROUTE A3,48.9463,2.47621
201300045866,13,2,2013,8,1,95,351,1,1,1,5,RN 104,0.0,0.0
201300045867,13,2,2013,20,3,93,27,1,1,1,3,AUTOROUTE A86,48.9285,2.41392
201300045868,14,2,2013,8,1,93,66,1,1,2,7,AUTOROUTE A86,48.9221,2.35877
201300045869,14,2,2013,8,1,95,365,1,1,2,3,RN 104,0.0,0.0
201300045870,14,2,2013,9,1,93,5,1,1,2,6,AUTOROUTE A104,0.0,0.0
201300045871,14,2,2013,12,1,95,582,1,1,2,6,A15,0.0,0.0
201300045872,14,2,2013,13,1,95,572,1,1,1,2,ROUTE NATIONALE 184,0.0,0.0
201300045873,14,2,2013,17,1,95,572,1,1,1,6,A15,0.0,0.0
201300045874,15,2,2013,7,2,93,64,1,1,1,6,AUTOROUTE A3,48.8839,2.46681
201300045875,15,2,2013,9,1,93,78,1,1,1,7,AUTOROUTE A104,48.958,2.53089
201300045876,15,2,2013,9,2,95,582,1,1,1,4,A15,0.0,0.0
201300045877,15,2,2013,20,3,93,6,1,1,1,2,A3,48.8663,2.41456
201300045878,17,2,2013,21,3,95,151,1,1,1,6,RN 104,0.0,0.0
201300045879,18,2,2013,7,2,95,582,1,1,1,3,A15,0.0,0.0
201300045880,18,2,2013,21,3,60,612,1,1,1,7,,0.0,0.0
201300045881,19,2,2013,4,3,93,6,1,1,1,6,AUTOROUTE A3,48.868,2.42761
201300045882,19,2,2013,8,1,92,36,1,1,1,6,AUTOROUTE A86,0.0,0.0
201300045883,19,2,2013,10,1,93,66,1,1,1,5,AUTOROUTE A1,48.9299,2.3635
201300045884,19,2,2013,13,1,60,612,1,1,1,3,,0.0,0.0
201300045885,20,2,2013,10,1,95,582,1,1,1,2,A15,0.0,0.0
201300045886,20,2,2013,11,1,92,36,1,1,1,4,AUTOROUTE A15,0.0,0.0
201300045887,20,2,2013,17,1,93,10,1,1,1,5,AUTOROUTE A3,48.8895,2.47391
201300045888,21,2,2013,10,1,95,394,1,1,1,3,ROUTE NATIONALE 184,0.0,0.0
201300045889,22,2,2013,16,1,93,78,1,1,1,4,AUTOROUTE A104,48.9587,2.53475
201300045890,23,2,2013,7,1,95,572,1,1,1,7,AUTOROUTE A15,0.0,0.0
201300045891,23,2,2013,20,3,93,64,1,1,1,6,AUTOROUTE A86,48.8709,2.4822
201300045892,24,2,2013,6,3,95,527,1,1,4,6,AUTOROUTE A3,0.0,0.0
201300045893,24,2,2013,8,1,95,527,1,1,4,5,AUTOROUTE A3,0.0,0.0
201300045894,24,2,2013,15,1,95,488,1,1,4,2,A15,0.0,0.0
201300045895,25,2,2013,8,1,95,582,1,1,4,3,A15,0.0,0.0
201300045896,26,2,2013,23,3,93,6,1,1,2,7,AUTOROUTE A3,48.8643,2.41359
201300045897,27,2,2013,21,3,95,572,1,1,1,6,ROUTE NATIONALE 184,0.0,0.0
201300045898,28,2,2013,0,3,95,582,1,1,1,6,RD 170,48.9639,2.2681
201300045899,28,2,2013,15,1,93,5,1,1,1,2,AUTOROUTE A3,48.9498,2.47461
201300045900,28,2,2013,16,1,92,78,1,1,1,4,AUTOROUTE A86,0.0,0.0
201300045901,28,2,2013,17,1,95,42,1,1,1,6,RN 104,0.0,0.0
201300045902,28,2,2013,17,1,93,27,1,1,1,3,AUTOROUTE A86,48.9257,2.39669
201300045903,1,3,2013,9,1,93,66,1,1,1,3,AUTOROUTE A1,0.0,0.0
201300045904,1,3,2013,9,1,95,18,1,1,1,4,A15,0.0,0.0
201300045905,2,3,2013,16,1,93,1,1,1,8,3,AUTOROUTE A86,48.9213,2.37563
201300045906,3,3,2013,9,1,93,64,1,1,1,6,AUTOROUTE A3,48.8842,2.47028
201300045907,3,3,2013,18,1,93,7,1,1,1,5,AUTOROUTE A1,0.0,0.0
201300045908,4,3,2013,20,3,93,6,1,1,1,4,AUTOROUTE A3,0.0,0.0
201300045909,4,3,2013,16,1,95,241,1,1,1,4,RN 104,0.0,0.0
201300045910,5,3,2013,15,1,93,29,1,1,1,6,AUTOROUTE A86,0.0,0.0
201300045911,6,3,2013,9,1,92,36,1,1,1,4,AUTOROUTE A86,0.0,0.0
201300045912,7,3,2013,15,1,93,7,1,1,1,6,AUTOROUTE A3,0.0,0.0
201300045913,8,3,2013,12,1,93,78,1,1,2,6,AUTOROUTE A104,0.0,0.0
201300045914,8,3,2013,17,1,93,5,1,1,2,7,AUTOROUTE A3,0.0,0.0
201300045915,9,3,2013,19,2,95,277,1,1,1,7,A104,48.9727,2.4871
201300045916,9,3,2013,22,4,95,394,1,1,1,6,ROUTE NATIONALE 184,0.0,0.0
201300045917,9,3,2013,22,3,93,78,1,1,1,3,AUTOROUTE A104,0.0,0.0
201300045918,11,3,2013,21,3,95,42,1,1,4,7,RN 104,0.0,0.0
201300045919,12,3,2013,6,3,95,219,1,1,4,2,A115,0.0,0.0
201300045920,12,3,2013,14,1,95,582,1,1,4,3,A115,0.0,0.0
201300045921,12,3,2013,15,1,93,8,1,1,2,3,AUTOROUTE A86,0.0,0.0
201300045922,12,3,2013,16,1,93,64,1,1,4,6,AUTOROUTE A86,0.0,0.0