Num_Acc,jour,mois,an,hr,condition_eclairage,departement,commune,condition_agglomeration,intersection,condition_atmosphere,type_collision,adresse,lattitude,longitude
201300045923,12,3,2013,18,1,95,527,1,1,4,5,A3,0.0,0.0
201300045924,13,3,2013,10,1,95,582,1,1,2,7,A15,0.0,0.0
201300045925,14,3,2013,10,1,93,8,1,1,1,4,AUTOROUTE A86,48.9065,2.45851
201300045926,14,3,2013,10,1,93,8,1,1,1,4,AUTOROUTE A86,0.0,0.0
201300045927,14,3,2013,13,1,93,64,1,1,1,3,AUTOROUTE A86,0.0,0.0
201300045928,15,3,2013,9,1,93,66,1,1,1,3,AUTOROUTE A1,0.0,0.0
201300045929,15,3,2013,11,1,93,64,1,1,1,3,AUTOROUTE A86,0.0,0.0
201300045930,17,3,2013,16,1,93,78,1,1,2,7,AUTOROUTE A104,48.9604,2.52598
201300045931,17,3,2013,21,4,92,36,1,1,2,7,AUTOROUTE A15,0.0,0.0
201300045932,18,3,2013,7,1,95,582,1,1,1,5,RD 170,48.9649,2.2699
201300045933,18,3,2013,12,1,95,60,1,1,1,2,A115,0.0,0.0
201300045934,19,3,2013,8,1,95,219,1,1,1,2,A115,0.0,0.0
201300045935,24,3,2013,21,3,93,53,1,1,2,5,AUTOROUTE A3,48.8838,2.46682
201300045936,22,3,2013,14,1,93,6,1,1,1,2,AUTOROUTE A3,48.8701,2.4303
201300045937,22,3,2013,18,1,93,64,1,1,1,4,AUTOROUTE A86,48.8839,2.46943
201300045938,23,3,2013,20,3,92,36,1,1,1,2,AUTOROUTE A86,0.0,0.0
201300045939,24,3,2013,16,1,95,678,1,1,1,6,RN 104,0.0,0.0
201300045940,25,3,2013,16,1,93,10,1,1,1,7,AUTOROUTE A3,0.0,0.0
201300045941,25,3,2013,17,1,93,78,1,1,1,3,AUTOROUTE A104,48.9585,2.53348
201300045942,25,3,2013,17,1,95,252,1,1,1,2,A15,0.0,0.0
201300045943,26,3,2013,8,1,95,527,1,1,1,4,AUTOROUTE A3,0.0,0.0
201300045944,26,3,2013,12,1,93,64,1,1,1,3,AUTOROUTE A86,48.8747,2.47917
201300045945,26,3,2013,22,3,95,572,1,1,1,6,A15,0.0,0.0
201300045946,27,3,2013,15,1,95,277,1,1,1,6,A104,48.9736,2.4861
201300045947,28,3,2013,8,1,93,5,1,1,1,2,AUTOROUTE A3,48.9463,2.47621
201300045948,28,3,2013,8,1,93,6,1,1,1,5,AUTOROUTE A3,48.8669,2.42545
201300045949,29,3,2013,11,1,95,641,1,1,1,6,A1,0.0,0.0
201300045950,29,3,2013,8,1,95,572,1,1,1,6,A15,0.0,0.0
201300045951,29,3,2013,10,1,93,29,1,1,1,6,AUTOROUTE A86,48.9268,2.42037
201300045952,30,3,2013,14,1,95,61,1,1,1,6,RN 104,0.0,0.0
201300045953,2,4,2013,13,1,95,491,1,1,1,7,A115,0.0,0.0
201300045954,3,4,2013,16,1,95,151,1,1,1,7,RN 104,0.0,0.0
201300045955,4,4,2013,7,1,60,631,1,1,1,6,AUTOROUTE A1,0.0,0.0
201300045956,4,4,2013,9,1,93,6,1,1,1,3,AUTOROUTE A3,48.8659,2.42125
201300045957,5,4,2013,14,1,95,488,1,1,1,2,A15,0.0,0.0
201300045958,5,4,2013,15,1,93,27,1,1,1,3,AUTOROUTE A1,48.9382,2.41449
201300045959,5,4,2013,15,1,93,10,1,1,1,6,AUTOROUTE A3,48.8895,2.47391
201300045960,5,4,2013,16,1,95,678,1,1,1,2,ROUTE NATIONALE 184,0.0,0.0
201300045961,5,4,2013,18,1,95,18,1,1,1,3,A15,0.0,0.0
201300045962,6,4,2013,1,3,95,252,1,1,1,7,A15,0.0,0.0
201300045963,6,4,2013,6,3,93,66,1,1,1,3,AUTOROUTE A1,48.9338,2.38044
201300045964,6,4,2013,19,1,93,66,1,1,1,5,AUTOROUTE A1,48.9096,2.3581
201300045965,7,4,2013,16,1,93,27,1,1,1,5,AUTOROUTE A86,48.9257,2.39669
201300045966,8,4,2013,6,3,95,252,1,1,1,6,A115,0.0,0.0
201300045967,8,4,2013,17,1,95,256,1,1,1,3,A115,0.0,0.0
201300045968,8,4,2013,18,1,93,48,1,1,1,2,AUTOROUTE A3,48.8737,2.43705
201300045969,8,4,2013,20,1,95,678,1,1,1,5,ROUTE NATIONALE 184,0.0,0.0
201300045970,9,4,2013,8,1,93,66,1,1,2,5,AUTOROUTE A1,48.9339,2.3834
201300045971,9,4,2013,10,1,93,13,1,1,1,4,AUTOROUTE A1,48.9387,2.41625
201300045972,9,4,2013,15,1,93,64,1,1,2,3,AUTOROUTE A86,48.8709,2.4822
201300045973,9,4,2013,19,1,93,7,1,1,1,2,AUTOROUTE A3,48.9293,2.48119
201300045974,10,4,2013,7,2,93,64,1,1,1,3,AUTOROUTE A86,48.8809,2.47506
201300045975,10,4,2013,9,1,95,394,1,1,1,3,A115,0.0,0.0
201300045976,10,4,2013,11,1,95,572,1,1,1,3,A15,49.0304,2.1276
201300045977,11,4,2013,7,1,95,607,1,1,1,7,A115,49.0139,2.2191
201300045978,11,4,2013,11,1,93,66,1,1,1,2,AUTOROUTE A1,48.9061,2.35836
201300045979,12,4,2013,7,1,95,582,1,1,1,2,A15,0.0,0.0
201300045980,12,4,2013,19,1,93,1,1,1,2,6,AUTOROUTE A86,48.921,2.37188
201300045981,13,4,2013,20,1,93,53,1,1,2,2,AUTOROUTE A103,48.91,2.35825
201300045982,14,4,2013,7,2,95,252,1,1,1,6,A115,0.0,0.0
201300045983,14,4,2013,17,1,93,10,1,1,1,2,AUTOROUTE A3,48.8895,2.47391
201300045984,14,4,2013,20,2,95,218,1,1,1,7,A15,49.0347,2.0992
201300045985,14,4,2013,22,4,95,394,1,1,1,6,ROUTE NATIONALE 184,0.0,0.0
201300045986,15,4,2013,3,3,95,527,1,1,1,6,AUTOROUTE A3,0.0,0.0
201300045987,15,4,2013,4,5,93,66,1,1,1,3,AUTOROUTE A1,48.9096,2.3581
201300045988,15,4,2013,10,1,93,1,1,1,1,2,AUTOROUTE A86,48.921,2.37188
201300045989,15,4,2013,10,1,95,252,1,1,2,2,A15,0.0,0.0
201300045990,16,4,2013,12,1,93,64,1,1,1,3,AUTOROUTE A86,48.8681,2.48216
201300045991,15,4,2013,15,1,93,27,1,1,1,4,AUTOROUTE A86,48.9278,2.41018
201300045992,15,4,2013,19,1,93,5,1,1,1,4,AUTOROUTE A3,48.9519,2.47409
201300045993,16,4,2013,2,4,95,563,1,1,1,2,A115,0.0,0.0
201300045994,16,4,2013,6,1,60,494,1,1,1,2,,0.0,0.0
201300045995,16,4,2013,14,1,93,66,1,1,1,4,AUTOROUTE A1,48.9193,2.35757
201300045996,17,4,2013,11,1,93,66,1,1,1,2,AUTOROUTE A1,48.9174,2.35752
201300045997,17,4,2013,12,1,93,10,1,1,1,4,AUTOROUTE A3,48.8893,2.47381
201300045998,18,4,2013,12,1,92,36,1,1,1,3,AUTOROUTE A15,0.0,0.0
201300045999,18,4,2013,19,1,95,424,1,1,1,3,A15,0.0,0.0
201300046000,19,4,2013,7,1,95,256,1,1,1,6,ROUTE NATIONALE 184,0.0,0.0
201300046001,19,4,2013,17,1,92,78,1,1,2,3,AUTOROUTE A86,0.0,0.0
201300046002,19,4,2013,20,1,93,53,1,1,1,6,AUTOROUTE A3,48.8835,2.45873
201300046003,19,4,2013,23,3,95,500,1,1,1,2,A15,49.0397,2.0848
201300046004,20,4,2013,6,2,93,64,1,1,1,2,AUTOROUTE A86,48.8709,2.4822
201300046005,20,4,2013,14,1,93,10,1,1,1,2,AUTOROUTE A86,48.8928,2.47286
201300046006,21,4,2013,15,1,93,66,1,1,1,2,AUTOROUTE A1,48.9265,2.35699
201300046007,21,4,2013,19,1,95,18,1,1,1,2,AUTOROUTE A15,0.0,0.0
201300046008,21,4,2013,22,4,93,1,1,1,1,6,AUTOROUTE A86,48.9215,2.37585
201300046009,23,4,2013,9,1,93,6,1,1,1,3,AUTOROUTE A3,48.8664,2.41321
201300046010,24,4,2013,8,1,95,582,1,1,1,2,A15,0.0,0.0
201300046011,24,4,2013,10,1,95,555,1,1,1,6,RD 170,48.9709,2.2755
201300046012,24,4,2013,15,1,93,66,1,1,7,6,AUTOROUTE A1,48.93,2.3641
201300046013,24,4,2013,18,1,95,572,1,1,7,4,ROUTE NATIONALE 184,0.0,0.0
201300046014,24,4,2013,18,1,93,10,1,1,1,3,AUTOROUTE A86,48.8931,2.47228
201300046015,24,4,2013,18,1,93,78,1,1,1,6,AUTOROUTE A104,48.9582,2.5322
201300046016,25,4,2013,8,1,93,6,1,1,1,2,AUTOROUTE A3,48.8643,2.41359
201300046017,25,4,2013,8,1,92,36,1,1,1,6,AUTOROUTE A15,0.0,0.0
201300046018,25,4,2013,8,1,93,7,1,1,1,6,AUTOROUTE A1,48.9549,2.45734
201300046019,25,4,2013,8,1,93,48,1,1,1,7,AUTOROUTE A3,48.8731,2.43544
201300046020,26,4,2013,17,1,93,10,1,1,2,3,AUTOROUTE A3,48.8893,2.47381
201300046021,26,4,2013,18,1,93,10,1,1,2,3,AUTOROUTE A3,48.8865,2.4737
201300046022,27,4,2013,2,3,95,424,1,1,1,2,AUTOROUTE A15,0.0,0.0
201300046023,27,4,2013,10,1,93,29,1,1,1,6,AUTOROUTE A86,48.9261,2.4224
201300046024,29,4,2013,7,1,95,678,1,1,1,6,ROUTE NATIONALE 184,0.0,0.0
201300046025,29,4,2013,8,1,95,582,1,1,1,3,A15,0.0,0.0
201300046026,29,4,2013,18,1,93,66,1,1,1,3,AUTOROUTE A86,48.9221,2.35877
201300046027,30,4,2013,10,1,93,66,1,1,1,3,AUTOROUTE A86,48.9217,2.36558
201300046028,1,5,2013,16,1,95,582,1,1,2,3,A15,0.0,0.0
201300046029,1,5,2013,22,3,93,27,1,1,1,5,AUTOROUTE A86,48.9234,2.38362
201300046030,1,5,2013,23,3,95,555,1,1,1,6,BD INTERCOMMUNAL PARISIS,48.9717,2.2761
201300046031,2,5,2013,12,1,93,64,1,1,1,3,AUTOROUTE A3,48.8839,2.46681
201300046032,2,5,2013,16,1,93,5,1,1,1,3,AUTOROUTE A3,48.9467,2.47628
201300046033,3,5,2013,12,1,95,61,1,1,1,3,RN 104,0.0,0.0
201300046034,3,5,2013,17,1,93,10,1,1,1,7,AUTOROUTE A3,48.8865,2.4737
201300046035,3,5,2013,18,1,95,641,1,1,1,2,AUTOROUTE A1,0.0,0.0
201300046036,3,5,2013,19,1,93,64,1,1,1,4,AUTOROUTE A103,48.8868,2.47723
201300046037,4,5,2013,7,2,93,5,1,1,1,7,AUTOROUTE A3,48.9519,2.47409
201300046038,4,5,2013,7,1,93,1,1,1,1,2,AUTOROUTE A86,48.9208,2.37196
201300046039,5,5,2013,3,4,93,78,1,1,1,7,AUTOROUTE A104,48.9602,2.5259
201300046040,5,5,2013,8,1,93,78,1,1,1,7,AUTOROUTE A104,48.9637,2.55082
201300046041,5,5,2013,19,1,95,18,1,1,1,6,A15,0.0,0.0
201300046042,7,5,2013,18,1,95,394,1,1,1,4,ROUTE NATIONALE 184,0.0,0.0
201300046043,8,5,2013,7,1,95,641,1,1,1,2,AUTOROUTE A1,0.0,0.0
201300046044,8,5,2013,9,1,92,36,1,1,3,6,AUTOROUTE A15,0.0,0.0
201300046045,8,5,2013,10,1,93,27,1,1,2,6,AUTOROUTE A86,48.9257,2.39669
201300046046,8,5,2013,11,1,95,277,1,1,2,6,AUTOROUTE A104,48.9735,2.4858
201300046047,8,5,2013,14,1,93,53,1,1,1,6,AUTOROUTE A103-,48.9097,2.35828
201300046048,8,5,2013,15,1,93,53,1,1,2,7,AUTOROUTE A103-,48.9097,2.35828
201300046049,8,5,2013,22,4,95,582,1,1,1,3,AUTOROUTE A15,0.0,0.0
201300046050,10,5,2013,12,1,95,252,1,1,1,6,AUTOROUTE A15,0.0,0.0
201300046051,11,5,2013,8,1,95,18,1,1,1,7,AUTOROUTE A15,0.0,0.0
201300046052,12,5,2013,12,1,95,572,1,1,1,7,ROUTE NATIONALE 184,0.0,0.0
201300046053,11,5,2013,15,1,95,580,1,1,1,3,AUTOROUTE A1,0.0,0.0
201300046054,12,5,2013,2,4,60,241,1,1,1,6,,0.0,0.0
201300046055,12,5,2013,13,1,93,5,1,1,1,6,AUTOROUTE A3,0.0,0.0
201300046056,13,5,2013,4,3,95,488,1,1,1,5,AUTOROUTE A15,0.0,0.0
201300046057,13,5,2013,13,1,93,64,1,1,1,3,AUTOROUTE A3-,48.8839,2.46681
201300046058,13,5,2013,15,1,93,66,1,1,1,3,AUTOROUTE A86-,48.9217,2.36558
201300046059,13,5,2013,22,3,93,66,1,1,1,7,AUTOROUTE A1-,48.9337,2.38033
201300046060,14,5,2013,9,1,93,78,1,1,1,7,AUTOROUTE A104-,48.958,2.53089
201300046061,14,5,2013,18,1,93,5,1,1,1,7,AUTOROUTE A1-,48.9607,2.46789
201300046062,15,5,2013,11,1,93,63,1,1,1,3,AUTOROUTE A3-,48.8814,2.45383
201300046063,15,5,2013,15,1,95,277,1,1,1,3,AUTOROUTE A3,48.9698,2.4813
201300046064,15,5,2013,19,1,93,8,1,1,1,2,AUTOROUTE A86-,48.9086,2.45013
201300046065,16,5,2013,8,1,95,582,1,1,2,2,A15,0.0,0.0
201300046066,16,5,2013,9,1,93,63,1,1,1,2,AUTOROUTE A3-,48.8769,2.44323
201300046067,17,5,2013,21,1,93,64,1,1,1,7,AUTOROUTE A103-,48.8864,2.48366
201300046068,18,5,2013,12,1,93,5,1,1,1,4,AUTOROUTE A3-,48.9501,2.4747
201300046069,18,5,2013,12,1,93,8,1,1,1,2,AUTOROUTE A86-,48.8937,2.47243
201300046070,18,5,2013,21,3,93,64,1,1,2,5,AUTOROUTE A86-,48.8795,2.47584
201300046071,18,5,2013,21,3,93,64,1,1,1,5,AUTOROUTE A86-,48.8778,2.47693
201300046072,19,5,2013,1,3,95,394,1,1,1,6,ROUTE NATIONALE 184,0.0,0.0
201300046073,19,5,2013,7,1,93,64,1,1,2,6,AUTOROUTE A86-,48.8836,2.47155
201300046074,19,5,2013,9,1,93,8,1,1,2,6,AUTOROUTE A86-,48.9126,2.43728
201300046075,19,5,2013,10,1,93,27,1,1,1,6,AUTOROUTE A86-,48.9256,2.39692
201300046076,19,5,2013,18,1,95,582,1,1,2,3,A15,0.0,0.0
201300046077,19,5,2013,19,1,93,27,1,1,2,7,AUTOROUTE A1-,48.9345,2.39693
201300046078,19,5,2013,22,3,93,66,1,1,2,4,AUTOROUTE A86-,48.9218,2.36423
201300046079,20,5,2013,8,1,93,27,1,1,2,6,AUTOROUTE A1-,48.9345,2.39758
201300046080,20,5,2013,9,1,93,1,1,1,2,6,AUTOROUTE A86-,48.9208,2.37196
201300046081,20,5,2013,10,1,93,27,1,1,2,6,AUTOROUTE A86-,48.9234,2.38362
201300046082,20,5,2013,15,1,93,6,1,1,2,6,AUTOROUTE A3-,48.8699,2.4304
201300046083,20,5,2013,16,1,95,277,1,1,2,7,A104,48.9728,2.4872
201300046084,20,5,2013,18,1,93,66,1,1,2,3,AUTOROUTE A1-,48.919,2.35742
201300046085,20,5,2013,18,1,95,256,1,1,3,7,ROUTE NATIONALE 184,0.0,0.0
201300046086,20,5,2013,18,1,93,78,1,1,2,7,AUTOROUTE A104-,48.9582,2.52845
201300046087,20,5,2013,21,2,95,678,1,1,3,6,ROUTE NATIONALE 184,0.0,0.0
201300046088,21,5,2013,8,1,95,424,1,1,2,6,A15,0.0,0.0
201300046089,21,5,2013,10,1,95,252,1,1,2,3,A15,0.0,0.0
201300046090,21,5,2013,11,1,93,78,1,1,3,6,AUTOROUTE A104-,48.9582,2.52845
201300046091,21,5,2013,11,1,93,27,1,1,3,6,AUTOROUTE A1-,48.9345,2.39693
201300046092,21,5,2013,14,1,95,252,1,1,2,3,A15,0.0,0.0
201300046093,21,5,2013,16,1,95,256,1,1,8,6,ROUTE NATIONALE 184,0.0,0.0
201300046094,21,5,2013,17,1,95,256,1,1,8,6,ROUTE NATIONALE 184,0.0,0.0
201300046095,21,5,2013,20,1,95,151,1,1,8,6,RN 104,0.0,0.0
201300046096,21,5,2013,22,3,95,252,1,1,2,3,AUTOROUTE A15,0.0,0.0
201300046097,22,5,2013,9,1,93,66,1,1,1,5,AUTOROUTE A86-,48.9236,2.34268
201300046098,22,5,2013,16,1,95,582,1,1,8,3,A 115,0.0,0.0
201300046099,23,5,2013,7,1,93,66,1,1,1,2,AUTOROUTE A1-,48.9234,2.35708
201300046100,23,5,2013,9,1,95,582,1,1,1,5,A15,0.0,0.0
201300046101,23,5,2013,9,1,95,582,1,1,1,2,AUTOROUTE A15,0.0,0.0
201300046102,23,5,2013,15,1,93,66,1,1,1,2,AUTOROUTE A1-,48.9317,2.37055
201300046103,23,5,2013,15,1,95,527,1,1,2,6,AUTOROUTE A3,0.0,0.0
201300046104,23,5,2013,17,1,92,36,1,1,3,2,AUTOROUTE A86,0.0,0.0
201300046105,23,5,2013,18,1,93,78,1,1,2,3,AUTOROUTE A104-,48.9634,2.5506
201300046106,24,5,2013,12,1,95,572,1,1,1,3,A15,0.0,0.0
201300046107,24,5,2013,15,1,93,27,1,1,2,6,AUTOROUTE A1-,48.9345,2.39758
201300046108,24,5,2013,16,1,95,572,1,1,2,6,ROUTE NATIONALE 184,0.0,0.0
201300046109,24,5,2013,18,1,93,64,1,1,1,6,AUTOROUTE A86-,48.8822,2.47239
201300046110,25,5,2013,8,1,95,203,1,1,1,6,BD INTERCOMMUNAL PARISIS,48.9774,2.2867
201300046111,25,5,2013,12,1,93,53,1,1,1,6,AUTOROUTE A3-,48.8835,2.45834
201300046112,25,5,2013,13,1,93,10,1,1,1,3,AUTOROUTE A3-,48.8893,2.47381
201300046113,25,5,2013,16,1,93,5,1,1,1,7,AUTOROUTE A1-,48.9606,2.46797
201300046114,25,5,2013,21,2,93,7,1,1,1,2,AUTOROUTE A1-,48.948,2.44465
201300046115,26,5,2013,2,3,95,682,1,1,1,7,RN 104,0.0,0.0
201300046116,26,5,2013,4,3,93,6,1,1,1,7,AUTOROUTE A3-,48.8678,2.42772
201300046117,26,5,2013,8,1,93,78,1,1,1,6,AUTOROUTE A104-,48.9622,2.52323
201300046118,26,5,2013,19,2,93,13,1,1,1,4,AUTOROUTE A1-,48.9388,2.41706
201300046119,26,5,2013,23,3,93,66,1,1,1,5,AUTOROUTE A86-,48.9236,2.34268
201300046120,27,5,2013,6,1,92,36,1,1,1,7,AUTOROUTE A15,0.0,0.0
201300046121,27,5,2013,9,1,92,78,1,1,1,2,AUTOROUTE A86,0.0,0.0
201300046122,27,5,2013,10,1,93,39,1,1,1,2,AUTOROUTE A86-,48.9267,2.33675
201300046123,28,5,2013,0,3,93,66,1,1,1,7,AUTOROUTE A1-,48.9339,2.3844
201300046124,28,5,2013,10,1,95,582,1,1,2,7,A15,0.0,0.0
201300046125,28,5,2013,18,1,93,63,1,1,2,3,AUTOROUTE A3-,48.8758,2.44149
201300046126,29,5,2013,8,1,93,66,1,1,1,2,AUTOROUTE A86-,48.9223,2.35873
201300046127,29,5,2013,6,1,93,5,1,1,1,7,AUTOROUTE A3-,48.9655,2.47467
201300046128,29,5,2013,18,1,93,8,1,1,8,6,AUTOROUTE A86-,0.0,0.0
201300046129,29,5,2013,19,1,93,6,1,1,1,6,AUTOROUTE A3-,48.8645,2.41293
201300046130,30,5,2013,9,1,93,10,1,1,1,2,AUTOROUTE A3-,48.8893,2.47381
201300046131,30,5,2013,17,1,93,27,1,1,3,6,AUTOROUTE A86-,0.0,0.0
201300046132,30,5,2013,18,1,95,394,1,1,2,6,ROUTE NATIONALE 184,0.0,0.0
201300046133,30,5,2013,19,1,95,18,1,1,2,3,A15,0.0,0.0
201300046134,31,5,2013,9,1,93,8,1,1,1,6,AUTOROUTE A86-,0.0,0.0
201300046135,31,5,2013,17,1,93,29,1,1,1,2,AUTOROUTE A86-,48.9259,2.42274
201300046136,1,6,2013,14,1,93,78,1,1,1,7,AUTOROUTE A104,48.9664,2.51483
201300046137,2,6,2013,4,3,95,306,1,1,1,6,A15,0.0,0.0
201300046138,2,6,2013,7,1,93,66,1,1,1,5,AUTOROUTE A1,48.9166,2.35776
201300046139,2,6,2013,16,1,95,306,1,1,1,2,A15,0.0,0.0
201300046140,3,6,2013,0,3,95,527,1,1,1,2,AUTOROUTE A3,0.0,0.0
201300046141,3,6,2013,9,1,93,53,1,1,1,3,AUTOROUTE A3,48.8839,2.4664
201300046142,4,6,2013,14,1,95,241,1,1,1,7,RN 104,0.0,0.0
201300046143,4,6,2013,18,1,95,563,1,1,7,6,A115,0.0,0.0
201300046144,4,6,2013,19,1,93,27,1,1,1,2,AUTOROUTE A86,48.9234,2.38362
201300046145,4,6,2013,22,3,93,64,1,1,1,3,AUTOROUTE A86,48.8709,2.4822
201300046146,5,6,2013,8,1,95,582,1,1,1,2,BD INTERCOMMUNAL PARISIS,48.9648,2.2697
201300046147,5,6,2013,11,1,93,78,1,1,1,2,AUTOROUTE A104,48.9644,2.55317
201300046148,5,6,2013,12,1,95,424,1,1,1,7,A15,0.0,0.0
201300046149,6,6,2013,7,1,93,48,1,1,1,4,AUTOROUTE A3,48.8731,2.43544
201300046150,6,6,2013,15,1,95,241,1,1,7,5,RN 104,0.0,0.0
201300046151,7,6,2013,3,3,93,66,1,1,1,6,AUTOROUTE A1,48.9234,2.35708
201300046152,7,6,2013,8,1,93,66,1,1,1,6,AUTOROUTE A86,48.9217,2.36558
201300046153,7,6,2013,17,1,93,63,1,1,1,6,AUTOROUTE A3,48.8747,2.43926
201300046154,7,6,2013,21,1,93,53,1,1,1,6,AUTOROUTE A3,48.8839,2.46134
201300046155,8,6,2013,2,4,95,252,1,1,1,6,A115,0.0,0.0
201300046156,8,6,2013,17,1,93,78,1,1,1,4,AUTOROUTE A104,48.9613,2.54373
201300046157,8,6,2013,20,1,95,18,1,1,1,4,A15,0.0,0.0
201300046158,9,6,2013,4,5,93,5,1,1,1,2,AUTOROUTE A1,48.9606,2.46797
201300046159,9,6,2013,7,2,95,394,1,1,2,7,ROUTE NATIONALE 184,0.0,0.0
201300046160,9,6,2013,12,1,95,277,1,1,1,6,BD INTERCOMMUNAL PARISIS,48.9752,2.4848
201300046161,10,6,2013,0,3,93,5,1,1,2,6,AUTOROUTE A1,48.9607,2.46789
201300046162,10,6,2013,19,1,93,8,1,1,1,7,AUTOROUTE A86,48.8989,2.46927
201300046163,11,6,2013,7,1,93,64,1,1,1,4,AUTOROUTE A86,48.8787,2.4764
201300046164,11,6,2013,9,1,95,256,1,1,1,2,ROUTE NATIONALE 184,0.0,0.0
201300046165,11,6,2013,11,1,93,53,1,1,1,7,AUTOROUTE A103,48.91,2.35809
201300046166,11,6,2013,12,1,95,252,1,1,1,7,A15,0.0,0.0
201300046167,12,6,2013,7,1,93,29,1,1,1,3,AUTOROUTE A86,48.9261,2.4224
201300046168,12,6,2013,16,1,95,277,1,1,2,7,A104,48.9732,2.4885
201300046169,12,6,2013,18,1,95,60,1,1,1,7,A115,0.0,0.0
201300046170,13,6,2013,16,1,95,527,1,1,3,6,AUTOROUTE A1,0.0,0.0
201300046171,13,6,2013,20,1,95,572,1,1,1,6,ROUTE NATIONALE 184,0.0,0.0
201300046172,14,6,2013,7,2,95,241,1,1,1,6,RN 104,0.0,0.0
201300046173,14,6,2013,15,1,93,64,1,1,1,5,AUTOROUTE A3,48.8839,2.46681
201300046174,14,6,2013,19,1,93,27,1,1,1,3,AUTOROUTE A1,48.934,2.38476
201300046175,14,6,2013,19,1,95,582,1,1,1,2,A15,0.0,0.0
201300046176,14,6,2013,20,1,95,18,1,1,1,2,A15,0.0,0.0
201300046177,15,6,2013,0,3,93,64,1,1,1,2,AUTOROUTE A86,48.8836,2.47155
201300046178,15,6,2013,1,5,93,66,1,1,1,2,AUTOROUTE A1,48.9339,2.3839
201300046179,14,6,2013,16,1,93,7,1,1,1,6,AUTOROUTE A1,48.9474,2.44358
201300046180,15,6,2013,20,1,95,277,1,1,1,2,AUTOROUTE A104,48.9735,2.4858
201300046181,16,6,2013,6,1,93,66,1,1,1,6,AUTOROUTE A1,48.9043,2.35848
201300046182,16,6,2013,9,1,92,36,1,1,1,4,AUTOROUTE A15,0.0,0.0
201300046183,16,6,2013,11,1,95,394,1,1,1,6,ROUTE NATIONALE 184,0.0,0.0
201300046184,16,6,2013,12,1,93,66,1,1,1,6,AUTOROUTE A86,48.9221,2.35877
201300046185,16,6,2013,20,1,93,5,1,1,1,2,AUTOROUTE A3,48.9459,2.47642
201300046186,18,6,2013,6,1,95,582,1,1,1,4,A15,0.0,0.0
201300046187,18,6,2013,9,1,95,219,1,1,1,2,A115,0.0,0.0
201300046188,18,6,2013,10,1,93,27,1,1,1,6,AUTOROUTE A1,48.9345,2.39758
201300046189,18,6,2013,17,1,93,29,1,1,1,2,AUTOROUTE A86,48.9236,2.42681
201300046190,19,6,2013,9,1,93,10,1,1,2,6,AUTOROUTE A3,48.8893,2.47381
201300046191,19,6,2013,12,1,95,527,1,1,1,6,AUTOROUTE A3,0.0,0.0
201300046192,20,6,2013,5,3,95,582,1,1,2,6,A115,0.0,0.0
201300046193,20,6,2013,9,1,95,252,1,1,2,4,A15,0.0,0.0
201300046194,20,6,2013,10,1,95,491,1,1,1,3,A115,0.0,0.0
201300046195,21,6,2013,9,1,95,28,1,1,1,3,RN 104,0.0,0.0
201300046196,21,6,2013,17,1,93,66,1,1,1,6,AUTOROUTE A1,48.9317,2.37055
201300046197,22,6,2013,16,1,95,306,1,1,1,2,A15,0.0,0.0
201300046198,24,6,2013,8,1,93,27,1,1,1,2,AUTOROUTE A86,48.9281,2.41126
201300046199,25,6,2013,14,1,93,66,1,1,1,4,AUTOROUTE A1,48.9339,2.3839
201300046200,25,6,2013,17,1,95,241,1,1,1,2,RN 104,0.0,0.0
201300046201,26,6,2013,8,1,93,8,1,1,1,6,AUTOROUTE A86,48.8932,2.47265
201300046202,26,6,2013,13,1,95,604,1,1,1,4,AUTOROUTE A1,0.0,0.0
201300046203,26,6,2013,17,1,93,27,1,1,1,3,AUTOROUTE A1,48.9349,2.40025
201300046204,26,6,2013,20,1,93,78,1,1,1,3,AUTOROUTE A104,48.965,2.51808
201300046205,27,6,2013,3,4,93,78,1,1,1,7,AUTOROUTE A104,48.9604,2.52598
201300046206,27,6,2013,8,1,93,5,1,1,2,7,AUTOROUTE A1,48.9669,2.47762
201300046207,28,6,2013,7,1,93,53,1,1,2,3,AUTOROUTE A86,48.8892,2.47413
201300046208,28,6,2013,11,1,95,394,1,1,2,7,A115,0.0,0.0
201300046209,28,6,2013,15,1,93,78,1,1,1,6,AUTOROUTE A104,48.9611,2.54339
201300046210,28,6,2013,18,1,95,527,1,1,8,4,AUTOROUTE A3,0.0,0.0
201300046211,29,6,2013,7,1,95,241,1,1,2,7,RN 104,0.0,0.0
201300046212,29,6,2013,15,1,95,18,1,1,1,2,A15,0.0,0.0
201300046213,29,6,2013,19,1,93,10,1,1,1,6,AUTOROUTE A3,48.8893,2.47381
201300046214,29,6,2013,20,1,92,36,1,1,1,3,AUTOROUTE A15,0.0,0.0
201300046215,30,6,2013,12,1,93,63,1,1,1,2,AUTOROUTE A3,48.8785,2.44671
201300046216,1,7,2013,0,4,93,64,1,1,1,2,AUTOROUTE A86,0.0,0.0
201300046217,1,7,2013,7,1,93,6,1,1,1,6,AUTOROUTE A3,48.8664,2.41321
201300046218,1,7,2013,16,1,95,277,1,1,1,4,AUTOROUTE A104,48.9735,2.4858
201300046219,1,7,2013,19,1,95,500,1,1,1,4,A15,0.0,0.0
201300046220,2,7,2013,10,1,60,505,1,1,1,7,AUTOROUTE A1,0.0,0.0
201300046221,2,7,2013,12,1,95,678,1,1,1,3,RN 104,0.0,0.0
201300046222,2,7,2013,18,1,93,10,1,1,1,3,AUTOROUTE A3,48.8893,2.47381
201300046223,4,7,2013,9,1,93,6,1,1,1,3,AUTOROUTE A3,48.8694,2.42943