Num_Acc,jour,mois,an,hr,condition_eclairage,departement,commune,condition_agglomeration,intersection,condition_atmosphere,type_collision,adresse,lattitude,longitude
201300046224,4,7,2013,14,1,93,10,1,1,1,3,AUTOROUTE A86,48.8913,2.47295
201300046225,4,7,2013,17,1,93,6,1,1,1,3,AUTOROUTE A3,48.8657,2.41854
201300046226,4,7,2013,19,1,93,6,1,1,1,3,AUTOROUTE A3,48.8658,2.41719
201300046227,5,7,2013,18,1,93,27,1,1,1,2,AUTOROUTE A86,48.9273,2.41922
201300046228,6,7,2013,18,1,93,66,1,1,1,2,AUTOROUTE A1,48.9193,2.35757
201300046229,7,7,2013,1,3,95,582,1,1,1,6,A15,0.0,0.0
201300046230,5,7,2013,14,1,93,10,1,1,1,3,AUTOROUTE A3,48.8895,2.47391
201300046231,7,7,2013,14,1,93,7,1,1,1,4,AUTOROUTE A1,48.9484,2.44515
201300046232,7,7,2013,15,1,93,64,1,1,1,3,AUTOROUTE A86,48.8709,2.4822
201300046233,7,7,2013,18,1,93,73,1,1,1,2,AUTOROUTE A104,48.9702,2.57042
201300046234,7,7,2013,21,1,93,5,1,1,1,6,AUTOROUTE A1,48.967,2.4775
201300046235,8,7,2013,8,1,95,582,1,1,1,4,BD INTERCOMMUNAL PARISIS,48.9647,2.2694
201300046236,8,7,2013,11,1,93,5,1,1,1,3,AUTOROUTE A3,0.0,0.0
201300046237,8,7,2013,20,1,93,8,1,1,1,3,AUTOROUTE A86,48.8976,2.46936
201300046238,9,7,2013,12,1,95,351,1,1,1,2,RN 104,0.0,0.0
201300046239,9,7,2013,16,1,93,27,1,1,1,7,AUTOROUTE A86,48.9256,2.39692
201300046240,9,7,2013,18,1,93,8,1,1,1,2,AUTOROUTE A86,48.8939,2.47179
201300046241,10,7,2013,9,1,93,29,1,1,1,3,AUTOROUTE A86,48.9188,2.42869
201300046242,10,7,2013,11,1,93,63,1,1,1,2,AUTOROUTE A3,48.8785,2.44671
201300046243,10,7,2013,14,1,93,5,1,1,1,2,AUTOROUTE A3,48.9573,2.47324
201300046244,10,7,2013,18,1,93,64,1,1,1,6,AUTOROUTE A86,48.8839,2.46943
201300046245,11,7,2013,7,1,93,63,1,1,1,3,AUTOROUTE A3,48.8809,2.45252
201300046246,11,7,2013,11,1,93,5,1,1,1,3,AUTOROUTE A3,48.9463,2.47621
201300046247,11,7,2013,17,1,93,64,1,1,1,7,AUTOROUTE A86,48.8839,2.46943
201300046248,11,7,2013,7,1,95,582,1,1,1,6,A15,0.0,0.0
201300046249,12,7,2013,10,1,93,10,1,1,1,2,AUTOROUTE A3,48.8895,2.47391
201300046250,12,7,2013,12,1,93,6,1,1,1,5,AUTOROUTE A3,48.8657,2.41854
201300046251,13,7,2013,1,4,93,66,1,1,1,7,AUTOROUTE A1,48.9303,2.36476
201300046252,13,7,2013,9,1,95,42,1,1,1,6,RN 104,0.0,0.0
201300046253,13,7,2013,14,1,95,607,1,1,1,2,A115,0.0,0.0
201300046254,13,7,2013,23,4,95,394,1,1,1,2,RN 184,0.0,0.0
201300046255,14,7,2013,8,2,60,631,1,1,1,7,AUTOROUTE A1,0.0,0.0
201300046256,14,7,2013,21,2,93,66,1,1,1,7,AUTOROUTE A1,48.9079,2.35826
201300046257,16,7,2013,8,1,95,488,1,1,1,3,A15,0.0,0.0
201300046258,16,7,2013,17,1,95,252,1,1,1,3,A15,0.0,0.0
201300046259,16,7,2013,17,1,93,66,1,1,1,6,AUTOROUTE A1,48.928,2.35755
201300046260,17,7,2013,18,1,93,6,1,1,1,7,AUTOROUTE A3,48.8699,2.43032
201300046261,17,7,2013,10,1,93,6,1,1,1,4,AUTOROUTE A3,48.8701,2.4303
201300046262,17,7,2013,12,1,93,6,1,1,1,3,AUTOROUTE A3,48.868,2.42761
201300046263,17,7,2013,16,1,93,8,1,1,1,6,AUTOROUTE A86,48.9086,2.45013
201300046264,17,7,2013,23,3,93,53,1,1,1,4,AUTOROUTE A3,48.8814,2.45383
201300046265,18,7,2013,11,1,95,678,1,1,1,3,RN 184,0.0,0.0
201300046266,19,7,2013,7,1,95,582,1,1,1,3,A15,0.0,0.0
201300046267,19,7,2013,7,1,95,18,1,1,1,4,A15,0.0,0.0
201300046268,19,7,2013,14,1,95,277,1,1,1,3,A104,48.9728,2.4872
201300046269,19,7,2013,17,1,95,500,1,1,1,4,A15,0.0,0.0
201300046270,20,7,2013,4,4,93,53,1,1,1,7,AUTOROUTE A3,48.8839,2.46134
201300046271,22,7,2013,9,1,93,63,1,1,1,3,AUTOROUTE A3,48.8809,2.45252
201300046272,22,7,2013,18,1,93,7,1,1,1,4,AUTOROUTE A1,48.9436,2.436
201300046273,23,7,2013,9,1,93,64,1,1,1,4,AUTOROUTE A86,48.8709,2.4822
201300046274,23,7,2013,21,3,93,53,1,1,1,2,AUTOROUTE A86,48.8893,2.47362
201300046275,23,7,2013,19,1,93,27,1,1,1,6,AUTOROUTE A86,48.9236,2.38346
201300046276,23,7,2013,20,1,93,66,1,1,1,1,AUTOROUTE A86,48.9221,2.35877
201300046277,24,7,2013,8,1,95,604,1,1,1,6,AUTOROUTE A1,0.0,0.0
201300046278,24,7,2013,17,1,95,527,1,1,1,2,AUTOROUTE A1,0.0,0.0
201300046279,25,7,2013,10,1,95,394,1,1,1,7,ROUTE NATIONALE 184,0.0,0.0
201300046280,25,7,2013,12,1,95,582,1,1,1,2,A15,0.0,0.0
201300046281,25,7,2013,12,1,95,582,1,1,1,2,A15,0.0,0.0
201300046282,25,7,2013,13,1,93,66,1,1,1,4,AUTOROUTE A1,48.9303,2.36536
201300046283,26,7,2013,10,1,93,64,1,1,1,7,AUTOROUTE A86,48.8839,2.46943
201300046284,26,7,2013,10,1,95,394,1,1,1,6,A115,0.0,0.0
201300046285,27,7,2013,8,2,95,252,1,1,2,2,A115,0.0,0.0
201300046286,27,7,2013,9,1,93,27,1,1,1,7,AUTOROUTE A1,48.9345,2.39758
201300046287,27,7,2013,9,1,95,394,1,1,1,4,A115,0.0,0.0
201300046288,27,7,2013,10,1,95,394,1,1,1,6,A 115,0.0,0.0
201300046289,27,7,2013,14,1,95,60,1,1,1,6,A115,0.0,0.0
201300046290,29,7,2013,8,1,93,66,1,1,1,6,AUTOROUTE A1,48.9281,2.35794
201300046291,29,7,2013,18,1,95,572,1,1,1,2,A15,0.0,0.0
201300046292,30,7,2013,0,4,95,488,1,1,2,6,A 15,0.0,0.0
201300046293,30,7,2013,12,1,95,277,1,1,1,6,A 104,48.9728,2.4872
201300046294,30,7,2013,16,1,95,488,1,1,2,7,A15,0.0,0.0
201300046295,30,7,2013,17,1,93,8,1,1,1,3,AUTOROUTE A86,48.9123,2.43767
201300046296,30,7,2013,21,2,93,5,1,1,1,2,AUTOROUTE A3,48.9519,2.47409
201300046297,31,7,2013,15,1,95,252,1,1,1,5,A15,0.0,0.0
201300046298,31,7,2013,18,1,93,63,1,1,1,2,AUTOROUTE A3,48.8785,2.44671
201300046299,31,7,2013,18,1,93,13,1,1,1,4,AUTOROUTE A1,48.9388,2.41706
201300046300,20,12,2013,23,4,93,27,1,1,1,6,AUTOROUTE A1,48.9339,2.38445
201300046301,1,8,2013,10,1,92,36,1,1,1,3,AUTOROUTE A86,0.0,0.0
201300046302,1,8,2013,15,1,93,5,1,1,1,2,AUTOROUTE A3,48.951,2.47438
201300046303,2,8,2013,14,1,95,241,1,1,1,6,RN 104,0.0,0.0
201300046304,2,8,2013,16,1,93,63,1,1,1,4,AUTOROUTE A3,48.8747,2.43926
201300046305,2,8,2013,17,1,93,53,1,1,1,6,AUTOROUTE A3,48.8837,2.46726
201300046306,2,8,2013,19,1,93,66,1,1,1,7,AUTOROUTE A1,48.9293,2.36153
201300046307,3,8,2013,17,1,95,277,1,1,1,6,A1,0.0,0.0
201300046308,5,8,2013,11,1,92,78,1,1,1,6,AUTOROUTE A86,0.0,0.0
201300046309,6,8,2013,4,3,93,78,1,1,1,6,AUTOROUTE A104,48.9621,2.54609
201300046310,6,8,2013,16,1,95,527,1,1,1,6,A3,0.0,0.0
201300046311,6,8,2013,19,1,93,1,1,1,1,3,AUTOROUTE A86,48.9219,2.37785
201300046312,7,8,2013,4,3,93,5,1,1,1,7,AUTOROUTE A1,48.9651,2.47467
201300046313,7,8,2013,13,1,95,256,1,1,1,3,A115,0.0,0.0
201300046314,7,8,2013,21,3,93,64,1,1,1,7,AUTOROUTE A103,0.0,0.0
201300046315,10,8,2013,4,3,95,607,1,1,1,6,A115,0.0,0.0
201300046316,10,8,2013,23,4,95,252,1,1,1,3,A115,0.0,0.0
201300046317,12,8,2013,12,1,93,1,1,1,1,2,AUTOROUTE A86,48.9208,2.37196
201300046318,13,8,2013,16,1,93,53,1,1,1,7,AUTOROUTE A86,48.8875,2.47427
201300046319,14,8,2013,10,1,93,27,1,1,1,3,AUTOROUTE A86,48.9236,2.38346
201300046320,17,8,2013,14,1,92,36,1,1,1,6,AUTOROUTE A15,0.0,0.0
201300046321,18,8,2013,3,4,95,277,1,1,2,6,AUTOROUTE A104,48.9732,2.4901
201300046322,18,8,2013,21,4,92,36,1,1,3,6,AUTOROUTE A15,0.0,0.0
201300046323,19,8,2013,7,1,93,5,1,1,1,2,AUTOROUTE A1,48.9606,2.46797
201300046324,25,8,2013,8,1,93,73,1,1,1,2,AUTOROUTE A104,48.9677,2.56311
201300046325,20,8,2013,10,1,92,36,1,1,1,3,AUTOROUTE A15,0.0,0.0
201300046326,20,8,2013,10,1,95,572,1,1,1,7,A15,0.0,0.0
201300046327,20,8,2013,13,1,95,252,1,1,1,6,A15,0.0,0.0
201300046328,23,8,2013,18,1,93,78,1,1,1,6,AUTOROUTE A104,48.9611,2.52518
201300046329,24,8,2013,11,1,93,10,1,1,2,6,AUTOROUTE A3,0.0,0.0
201300046330,25,8,2013,3,3,95,306,1,1,3,2,A15,0.0,0.0
201300046331,25,8,2013,10,1,92,36,1,1,2,6,AUTOROUTE A15,0.0,0.0
201300046332,25,8,2013,12,1,93,10,1,1,3,4,AUTOROUTE A3,48.8895,2.47391
201300046333,25,8,2013,13,1,95,582,1,1,2,7,A15,0.0,0.0
201300046334,25,8,2013,13,1,93,1,1,1,3,2,AUTOROUTE A86,48.9209,2.37332
201300046335,25,8,2013,13,1,95,582,1,1,2,2,A15,0.0,0.0
201300046336,25,8,2013,14,1,95,582,1,1,2,2,A15,0.0,0.0
201300046337,25,8,2013,16,1,93,1,1,1,3,7,AUTOROUTE A86,48.9208,2.37196
201300046338,25,8,2013,16,1,95,212,1,1,2,6,AUTOROUTE A1,0.0,0.0
201300046339,25,8,2013,17,1,92,78,1,1,2,2,AUTOROUTE A86,0.0,0.0
201300046340,25,8,2013,17,1,95,18,1,1,2,6,AUTOROUTE A15,0.0,0.0
201300046341,25,8,2013,18,1,92,78,1,1,2,7,AUTOROUTE A86,0.0,0.0
201300046342,25,8,2013,18,1,95,394,1,1,2,3,A115,0.0,0.0
201300046343,25,8,2013,19,1,95,582,1,1,2,7,A15,0.0,0.0
201300046344,25,8,2013,20,1,95,394,1,1,2,6,A115,0.0,0.0
201300046345,25,8,2013,20,3,93,27,1,1,1,6,AUTOROUTE A1,48.9372,2.40984
201300046346,26,8,2013,13,1,93,7,1,1,1,7,AUTOROUTE A1,48.9467,2.44198
201300046347,28,8,2013,13,1,93,78,1,1,1,7,AUTOROUTE A104,48.959,2.53523
201300046348,29,8,2013,18,1,93,66,1,1,1,6,AUTOROUTE A86,48.922,2.36417
201300046349,30,8,2013,10,1,95,252,1,1,1,4,AUTOROUTE A15,0.0,0.0
201300046350,30,8,2013,14,1,93,64,1,1,1,4,AUTOROUTE A86,48.8839,2.46943
201300046351,31,8,2013,2,3,93,66,1,1,1,7,AUTOROUTE A1,48.93,2.3641
201300046352,31,8,2013,19,1,93,27,1,1,1,2,AUTOROUTE A86,48.8723,2.48106
201300046353,1,9,2013,17,1,93,6,1,1,1,4,AUTOROUTE A3,48.8669,2.42545
201300046354,1,9,2013,20,3,95,424,1,1,1,6,AUTOROUTE A15,0.0,0.0
201300046355,2,9,2013,7,2,93,66,1,1,1,4,AUTOROUTE A1,48.9103,2.35806
201300046356,2,9,2013,7,2,95,678,1,1,1,2,ROUTE NATIONALE 184,0.0,0.0
201300046357,2,9,2013,12,1,93,8,1,1,1,2,AUTOROUTE A86,48.8986,2.46958
201300046358,2,9,2013,12,1,93,63,1,1,1,2,AUTOROUTE A3,48.88,2.4502
201300046359,3,9,2013,3,4,93,5,1,1,1,6,AUTOROUTE A1,48.9606,2.46797
201300046360,3,9,2013,8,1,95,18,1,1,1,7,AUTOROUTE A15,0.0,0.0
201300046361,3,9,2013,16,1,93,53,1,1,1,6,AUTOROUTE A3,48.8815,2.45406
201300046362,3,9,2013,18,1,93,10,1,1,1,4,AUTOROUTE A3,48.8893,2.47381
201300046363,4,9,2013,1,3,93,5,1,1,1,7,AUTOROUTE A3,0.0,0.0
201300046364,4,9,2013,9,1,60,494,1,1,1,7,AUTOROUTE A1,0.0,0.0
201300046365,4,9,2013,8,1,95,42,1,1,1,6,RN 104,0.0,0.0
201300046366,4,9,2013,18,1,95,218,1,1,1,2,AUTOROUTE A15,0.0,0.0
201300046367,5,9,2013,15,1,93,66,1,1,1,4,AUTOROUTE A1,48.9193,2.35757
201300046368,5,9,2013,17,1,93,8,1,1,1,3,AUTOROUTE A86,48.8989,2.46927
201300046369,6,9,2013,11,1,93,27,1,1,1,6,AUTOROUTE A1,48.9345,2.39758
201300046370,6,9,2013,11,1,95,18,1,1,3,7,AUTOROUTE A15,0.0,0.0
201300046371,6,9,2013,12,1,95,527,1,1,3,6,AUTOROUTE A3,0.0,0.0
201300046372,6,9,2013,12,1,95,527,1,1,3,6,AUTOROUTE A3,0.0,0.0
201300046373,6,9,2013,16,1,93,8,1,1,1,5,AUTOROUTE A86,48.9086,2.45013
201300046374,7,9,2013,5,2,95,351,1,1,1,4,RN 104,0.0,0.0
201300046375,7,9,2013,6,3,93,27,1,1,1,6,AUTOROUTE A1,48.9345,2.39693
201300046376,8,9,2013,16,1,93,5,1,1,1,6,AUTOROUTE A3,48.9472,2.47579
201300046377,8,9,2013,16,1,93,66,1,1,1,4,AUTOROUTE A1,48.9238,2.35723
201300046378,8,9,2013,19,1,95,277,1,1,1,2,AUTOROUTE A1,0.0,0.0
201300046379,8,9,2013,21,4,95,252,1,1,1,2,AUTOROUTE A15,0.0,0.0
201300046380,19,9,2013,12,1,95,572,1,1,1,6,ROUTE NATIONALE 184,0.0,0.0
201300046381,9,9,2013,10,1,95,256,1,1,2,6,ROUTE NATIONALE 184,0.0,0.0
201300046382,9,9,2013,18,1,95,218,1,1,2,7,AUTOROUTE A15,0.0,0.0
201300046383,9,9,2013,20,5,93,53,1,1,2,6,AUTOROUTE A103,48.9088,2.35836
201300046384,10,9,2013,17,1,93,27,1,1,1,4,AUTOROUTE A1,48.9385,2.41576
201300046385,10,9,2013,18,1,93,27,1,1,1,5,AUTOROUTE A86,48.9256,2.39692
201300046386,11,9,2013,0,4,95,277,1,1,1,6,AUTOROUTE A1,0.0,0.0
201300046387,11,9,2013,5,3,92,36,1,1,2,6,AUTOROUTE A15,0.0,0.0
201300046388,11,9,2013,20,2,93,48,1,1,1,6,AUTOROUTE A186-PR2+200,48.8676,2.45714
201300046389,12,9,2013,17,1,93,66,1,1,1,3,AUTOROUTE A1,48.9034,2.35856
201300046390,12,9,2013,15,1,93,78,1,1,1,4,AUTOROUTE A104,48.965,2.51808
201300046391,12,9,2013,18,1,60,612,1,1,1,2,AUTOROUTE A1,0.0,0.0
201300046392,13,9,2013,9,1,92,78,1,1,1,3,AUTOROUTE A86,0.0,0.0
201300046393,13,9,2013,15,1,93,66,1,1,2,4,AUTOROUTE A86,48.923,2.34515
201300046394,13,9,2013,17,1,95,582,1,1,1,2,AUTOROUTE A15,0.0,0.0
201300046395,13,9,2013,17,1,95,18,1,1,2,6,AUTOROUTE A15,0.0,0.0
201300046396,13,9,2013,18,1,93,66,1,1,1,3,AUTOROUTE A1,48.919,2.35742
201300046397,13,9,2013,22,4,92,36,1,1,2,2,AUTOROUTE A86,0.0,0.0
201300046398,14,9,2013,10,1,92,36,1,1,1,7,AUTOROUTE A86,0.0,0.0
201300046399,14,9,2013,10,1,93,1,1,1,3,7,AUTOROUTE A86,48.9209,2.37332
201300046400,14,9,2013,11,1,95,527,1,1,2,7,AUTOROUTE A3,0.0,0.0
201300046401,14,9,2013,14,1,93,8,1,1,2,6,AUTOROUTE A86,48.8989,2.46927
201300046402,14,9,2013,17,1,95,18,1,1,3,6,AUTOROUTE A15,0.0,0.0
201300046403,14,9,2013,17,1,93,48,1,1,3,4,AUTOROUTE A3,48.8737,2.43705
201300046404,15,9,2013,1,3,93,66,1,1,2,6,AUTOROUTE A1,48.9238,2.35723
201300046405,15,9,2013,1,4,92,36,1,1,2,7,AUTOROUTE A86,0.0,0.0
201300046406,15,9,2013,1,3,93,27,1,1,2,2,AUTOROUTE A86,48.9278,2.41018
201300046407,15,9,2013,2,3,92,78,1,1,1,7,AUTOROUTE A86,0.0,0.0
201300046408,15,9,2013,2,3,95,572,1,1,1,7,AUTOROUTE A15,0.0,0.0
201300046409,15,9,2013,7,2,92,36,1,1,1,7,AUTOROUTE A15,0.0,0.0
201300046410,15,9,2013,14,1,93,5,1,1,1,3,AUTOROUTE A3,48.9573,2.47324
201300046411,15,9,2013,16,1,92,36,1,1,1,5,AUTOROUTE A86,0.0,0.0
201300046412,15,9,2013,18,2,95,306,1,1,1,4,AUTOROUTE A15,0.0,0.0
201300046413,16,9,2013,6,2,92,36,1,1,1,6,AUTOROUTE A15,0.0,0.0
201300046414,16,9,2013,6,2,92,36,1,1,1,6,AUTOROUTE A15,0.0,0.0
201300046415,16,9,2013,8,1,95,18,1,1,1,6,AUTOROUTE A15,0.0,0.0
201300046416,16,9,2013,14,1,95,394,1,1,1,6,AUTOROUTE A115,0.0,0.0
201300046417,16,9,2013,14,1,93,27,1,1,2,6,AUTOROUTE A86,48.9221,2.37848
201300046418,16,9,2013,15,1,93,48,1,1,1,2,AUTOROUTE A3,48.8737,2.43705
201300046419,16,9,2013,16,1,93,63,1,1,1,6,AUTOROUTE A3,48.8809,2.45252
201300046420,17,9,2013,15,1,93,53,1,1,1,3,AUTOROUTE A86,48.8893,2.47362
201300046421,17,9,2013,19,2,93,8,1,1,2,3,AUTOROUTE A86,48.9106,2.44338
201300046422,17,9,2013,18,1,95,394,1,1,3,7,ROUTE NATIONALE 184,0.0,0.0
201300046423,17,9,2013,19,3,93,27,1,1,2,7,AUTOROUTE A1,48.9372,2.40984
201300046424,18,9,2013,5,3,93,6,1,1,2,7,AUTOROUTE A3,48.8646,2.41489
201300046425,17,9,2013,19,2,95,527,1,1,2,5,AUTOROUTE A1,0.0,0.0
201300046426,18,9,2013,14,1,95,277,1,1,2,6,AUTOROUTE A104,48.9732,2.4901
201300046427,18,9,2013,15,1,93,27,1,1,2,2,AUTOROUTE A86..,48.9283,2.41258
201300046428,18,9,2013,15,1,93,27,1,1,1,7,AUTOROUTE A86.,48.9279,2.40993
201300046429,18,9,2013,17,1,95,582,1,1,2,6,BD INTERCOMMUNAL PARISIS,48.9625,2.2641
201300046430,18,9,2013,18,1,95,394,1,1,1,6,AUTOROUTE A115,0.0,0.0
201300046431,19,9,2013,8,1,93,6,1,1,1,3,AUTOROUTE A3,48.8669,2.42545
201300046432,20,9,2013,10,1,93,39,1,1,1,2,AUTOROUTE A86,48.9266,2.33608
201300046433,20,9,2013,16,1,95,572,1,1,1,6,ROUTE NATIONALE 184,0.0,0.0
201300046434,21,9,2013,15,1,95,151,1,1,1,6,RN 104,0.0,0.0
201300046435,22,9,2013,7,1,95,572,1,1,1,6,ROUTE NATIONALE 184,0.0,0.0
201300046436,22,9,2013,19,2,95,491,1,1,1,3,AUTOROUTE A115,0.0,0.0
201300046437,23,9,2013,15,1,93,66,1,1,1,5,AUTOROUTE A1,48.9193,2.35757
201300046438,23,9,2013,17,1,92,36,1,1,1,6,AUTOROUTE A15,0.0,0.0
201300046439,23,9,2013,17,1,93,5,1,1,1,4,AUTOROUTE A3,0.0,0.0
201300046440,23,9,2013,20,3,60,241,1,1,1,6,AUTOROUTE A1,0.0,0.0
201300046441,24,9,2013,10,1,95,252,1,1,1,3,AUTOROUTE A15,0.0,0.0
201300046442,25,9,2013,7,1,93,10,1,1,1,2,AUTOROUTE A3,48.8893,2.47381
201300046443,25,9,2013,15,1,93,66,1,1,1,7,AUTOROUTE A86,48.9217,2.36558
201300046444,24,9,2013,15,1,93,5,1,1,1,5,AUTOROUTE A1,48.96,2.46705
201300046445,26,9,2013,10,1,95,394,1,1,1,6,AUTOROUTE A115,0.0,0.0
201300046446,26,9,2013,18,1,95,607,1,1,1,4,AUTOROUTE A115,0.0,0.0
201300046447,27,9,2013,7,1,92,36,1,1,1,7,AUTOROUTE A15,0.0,0.0
201300046448,27,9,2013,20,3,93,13,1,1,1,2,AUTOROUTE A1,48.9387,2.41625
201300046449,28,9,2013,2,3,60,612,1,1,1,2,AUTOROUTE A1,0.0,0.0
201300046450,28,9,2013,16,1,93,64,1,1,1,2,AUTOROUTE A86,48.8707,2.48247
201300046451,28,9,2013,19,1,95,604,1,1,1,6,AUTOROUTE A1,0.0,0.0
201300046452,28,9,2013,19,1,95,277,1,1,1,6,AUTOROUTE A104,48.9731,2.4883
201300046453,29,9,2013,18,1,95,582,1,1,3,4,AUTOROUTE A15,0.0,0.0
201300046454,29,9,2013,18,1,95,42,1,1,1,6,RN 104,0.0,0.0
201300046455,29,9,2013,19,2,60,612,1,1,1,6,AUTOROUTE A1,0.0,0.0
201300046456,29,9,2013,20,3,95,212,1,1,1,7,RN 104,0.0,0.0
201300046457,30,9,2013,12,1,93,10,1,1,1,3,AUTOROUTE A3,48.8895,2.47391
201300046458,30,9,2013,14,1,93,63,1,1,1,2,AUTOROUTE A3,48.8809,2.45252
201300046459,1,10,2013,7,3,95,252,1,1,1,5,AUTOROUTE A15,0.0,0.0
201300046460,1,10,2013,9,1,93,53,1,1,1,6,AUTOROUTE A86,48.8893,2.47362
201300046461,1,10,2013,16,1,92,36,1,1,1,6,AUTOROUTE A86,0.0,0.0
201300046462,1,10,2013,18,1,95,582,1,1,1,4,AUTOROUTE A15,0.0,0.0
201300046463,2,10,2013,7,2,95,306,1,1,1,6,AUTOROUTE A15,0.0,0.0
201300046464,3,10,2013,8,1,95,219,1,1,1,3,AUTOROUTE A115,0.0,0.0
201300046465,4,10,2013,7,3,93,78,1,1,8,6,AUTOROUTE A104,48.9584,2.52849
201300046466,4,10,2013,8,2,92,36,1,1,2,2,AUTOROUTE A15,0.0,0.0
201300046467,4,10,2013,15,1,95,582,1,1,1,6,AUTOROUTE A15,0.0,0.0
201300046468,4,10,2013,17,1,95,277,1,1,1,3,A104,48.9735,2.4859
201300046469,4,10,2013,20,3,93,78,1,1,1,2,AUTOROUTE A104,48.958,2.53089
201300046470,7,10,2013,8,1,93,6,1,1,1,7,AUTOROUTE A3,48.8643,2.41359
201300046471,7,10,2013,8,1,95,365,1,1,1,3,RN 104,0.0,0.0
201300046472,7,10,2013,12,1,93,66,1,1,1,4,AUTOROUTE A1,48.922,2.35734
201300046473,7,10,2013,12,1,93,66,1,1,1,7,AUTOROUTE A1,48.922,2.35734
201300046474,8,10,2013,9,1,93,6,1,1,1,2,AUTOROUTE A3,48.8657,2.41854
201300046475,8,10,2013,13,1,93,66,1,1,1,4,AUTOROUTE A1,48.922,2.35734
201300046476,8,10,2013,17,1,95,582,1,1,1,3,AUTOROUTE A15,0.0,0.0
201300046477,9,10,2013,7,3,95,678,1,1,1,3,ROUTE NATIONALE 184,0.0,0.0
201300046478,9,10,2013,9,1,93,66,1,1,1,3,AUTOROUTE A1,48.9061,2.35836
201300046479,9,10,2013,10,1,92,36,1,1,1,3,AUTOROUTE A86,0.0,0.0
201300046480,9,10,2013,13,1,93,64,1,1,1,6,AUTOROUTE A103,48.8868,2.47723
201300046481,9,10,2013,17,1,95,572,1,1,2,3,ROUTE NATIONALE 184,0.0,0.0
201300046482,9,10,2013,18,5,95,555,1,1,2,2,RD 170,48.9764,2.2812
201300046483,9,10,2013,20,3,93,27,1,1,1,6,AUTOROUTE A1,48.9345,2.39693
201300046484,10,10,2013,6,3,95,682,1,1,1,2,RN 104,0.0,0.0
201300046485,10,10,2013,8,1,95,527,1,1,1,3,AUTOROUTE A3,0.0,0.0
201300046486,10,10,2013,14,1,95,394,1,1,2,6,AUTOROUTE A115,0.0,0.0
201300046487,10,10,2013,15,1,93,64,1,1,1,6,AUTOROUTE A103,0.0,0.0
201300046488,11,10,2013,6,3,95,252,1,1,2,3,AUTOROUTE A15,0.0,0.0
201300046489,11,10,2013,11,1,92,36,1,1,2,6,AUTOROUTE A86,0.0,0.0
201300046490,11,10,2013,15,1,92,36,1,1,1,2,AUTOROUTE A86,0.0,0.0
201300046491,11,10,2013,18,1,92,78,1,1,1,6,AUTOROUTE A86,0.0,0.0
201300046492,11,10,2013,21,3,93,6,1,1,1,4,AUTOROUTE A3,48.8659,2.42125
201300046493,12,10,2013,8,1,95,256,1,1,1,4,ROUTE NATIONALE 184,0.0,0.0
201300046494,13,10,2013,7,3,93,27,1,1,1,6,AUTOROUTE A1,48.9341,2.39072
201300046495,13,10,2013,7,4,93,13,1,1,1,6,AUTOROUTE A1,48.939,2.41808
201300046496,13,10,2013,8,1,95,241,1,1,1,7,RN 104,0.0,0.0
201300046497,13,10,2013,19,3,95,18,1,1,1,2,AUTOROUTE A15,0.0,0.0
201300046498,13,10,2013,22,4,93,10,1,1,1,2,AUTOROUTE A3,48.8895,2.47391
201300046499,14,10,2013,7,1,93,7,1,1,1,2,AUTOROUTE A1,48.9521,2.45207
201300046500,14,10,2013,12,1,60,612,1,1,1,7,AUTOROUTE A1,0.0,0.0
201300046501,15,10,2013,6,3,95,394,1,1,2,6,AUTOROUTE A115,0.0,0.0
201300046502,15,10,2013,9,1,93,8,1,1,1,5,AUTOROUTE A86,48.8986,2.46958
201300046503,15,10,2013,17,1,95,394,1,1,1,6,AUTOROUTE A115,0.0,0.0
201300046504,15,10,2013,22,4,93,53,1,1,1,5,AUTOROUTE A86,48.8893,2.47362
201300046505,16,10,2013,7,2,93,7,1,1,1,3,AUTOROUTE A1,48.9549,2.45734
201300046506,16,10,2013,7,2,95,252,1,1,1,3,AUTOROUTE A15,0.0,0.0
201300046507,16,10,2013,14,1,95,18,1,1,3,6,AUTOROUTE A15,0.0,0.0
201300046508,16,10,2013,15,1,93,66,1,1,3,6,AUTOROUTE A86,48.9223,2.35873
201300046509,16,10,2013,18,1,93,53,1,1,2,4,AUTOROUTE A103,48.9061,2.35836
201300046510,16,10,2013,19,2,93,66,1,1,2,7,AUTOROUTE A1,48.9334,2.37832
201300046511,16,10,2013,19,2,95,582,1,1,2,4,AUTOROUTE A15,0.0,0.0
201300046512,16,10,2013,21,4,93,27,1,1,1,3,AUTOROUTE A86,48.9279,2.40993
201300046513,16,10,2013,23,4,93,27,1,1,1,7,AUTOROUTE A1,48.9372,2.40984
201300046514,16,10,2013,23,4,95,582,1,1,2,6,RD 170,0.0,0.0
201300046515,17,10,2013,7,3,93,5,1,1,1,6,AUTOROUTE A3,48.9647,2.47429
201300046516,17,10,2013,7,2,95,18,1,1,8,6,AUTOROUTE A15,0.0,0.0
201300046517,17,10,2013,8,1,92,36,1,1,1,6,AUTOROUTE A15,0.0,0.0
201300046518,17,10,2013,8,1,95,18,1,1,1,7,AUTOROUTE A15,0.0,0.0
201300046519,18,10,2013,6,3,95,572,1,1,5,6,ROUTE NATIONALE 184,0.0,0.0
201300046520,18,10,2013,15,1,95,563,1,1,1,7,AUTOROUTE A115,0.0,0.0
201300046521,18,10,2013,20,3,93,63,1,1,1,7,AUTOROUTE A3,48.88,2.4502
201300046522,19,10,2013,14,1,95,18,1,1,1,2,AUTOROUTE A15,0.0,0.0
201300046523,19,10,2013,16,1,93,53,1,1,1,2,AUTOROUTE A103,48.9043,2.35848