Num_Acc,jour,mois,an,hr,condition_eclairage,departement,commune,condition_agglomeration,intersection,condition_atmosphere,type_collision,adresse,lattitude,longitude
201300046524,20,10,2013,20,1,93,27,1,1,1,2,AUTOROUTE A86,48.9278,2.41018
201300046525,20,10,2013,12,1,95,394,1,1,1,6,AUTOROUTE A115,0.0,0.0
201300046526,20,10,2013,13,1,93,8,1,1,1,5,AUTOROUTE A86,48.8989,2.46927
201300046527,20,10,2013,19,5,95,527,1,1,2,2,AUTOROUTE A3,0.0,0.0
201300046528,20,10,2013,22,3,95,424,1,1,1,6,AUTOROUTE A15,0.0,0.0
201300046529,20,10,2013,23,3,95,394,1,1,1,6,AUTOROUTE A115,0.0,0.0
201300046530,21,10,2013,7,2,93,1,1,1,1,2,AUTOROUTE A86,48.9208,2.37196
201300046531,21,10,2013,8,1,95,582,1,1,1,4,BD INTERCOMMUNAL PARISIS,0.0,0.0
201300046532,21,10,2013,22,3,93,10,1,1,1,2,AUTOROUTE A3,48.8895,2.47391
201300046533,22,10,2013,5,4,95,60,1,1,1,7,AUTOROUTE A115,0.0,0.0
201300046534,22,10,2013,7,3,95,18,1,1,1,3,AUTOROUTE A15,0.0,0.0
201300046535,22,10,2013,13,1,93,66,1,1,1,4,AUTOROUTE A1,48.9339,2.3834
201300046536,22,10,2013,15,1,93,78,1,1,1,4,AUTOROUTE A104,48.9712,2.49814
201300046537,23,10,2013,7,2,95,18,1,1,1,3,AUTOROUTE A15,0.0,0.0
201300046538,23,10,2013,9,1,93,5,1,1,1,3,AUTOROUTE A3,48.9613,2.47372
201300046539,23,10,2013,15,1,93,6,1,1,1,2,AUTOROUTE A3,48.8664,2.41321
201300046540,23,10,2013,17,1,93,66,1,1,1,4,AUTOROUTE A1,48.9339,2.3834
201300046541,23,10,2013,17,1,93,27,1,1,2,2,AUTOROUTE A86,48.9221,2.37848
201300046542,23,10,2013,17,1,93,66,1,1,1,6,AUTOROUTE A1,48.9193,2.35757
201300046543,24,10,2013,13,1,93,73,1,1,1,4,AUTOROUTE A104,0.0,0.0
201300046544,24,10,2013,20,3,92,78,1,1,1,2,AUTOROUTE A86,0.0,0.0
201300046545,25,10,2013,3,4,93,5,1,1,2,6,AUTOROUTE A1,48.9588,2.46498
201300046546,25,10,2013,6,2,93,5,1,1,2,7,AUTOROUTE A3,48.9516,2.47401
201300046547,25,10,2013,7,2,93,66,1,1,2,2,AUTOROUTE A1,48.9339,2.3834
201300046548,25,10,2013,9,1,95,60,1,1,1,4,AUTOROUTE A115,0.0,0.0
201300046549,25,10,2013,16,1,95,394,1,1,2,6,AUTOROUTE A115,0.0,0.0
201300046550,25,10,2013,18,1,95,277,1,1,2,3,AUTOROUTE A104,48.9728,2.4872
201300046551,25,10,2013,20,3,93,66,1,1,2,2,AUTOROUTE A1,48.9281,2.35794
201300046552,25,10,2013,23,3,93,27,1,1,9,7,AUTOROUTE A86,48.9278,2.41018
201300046553,26,10,2013,21,3,95,527,1,1,2,2,AUTOROUTE A3,0.0,0.0
201300046554,27,10,2013,12,1,92,36,1,1,1,7,AUTOROUTE A86,0.0,0.0
201300046555,28,10,2013,0,3,92,36,1,1,2,7,AUTOROUTE A86,0.0,0.0
201300046556,28,10,2013,9,1,95,527,1,1,2,2,AUTOROUTE A3,0.0,0.0
201300046557,28,10,2013,9,1,95,582,1,1,2,2,AUTOROUTE A15,0.0,0.0
201300046558,28,10,2013,16,1,93,66,1,1,1,4,AUTOROUTE A1,48.9193,2.35757
201300046559,28,10,2013,19,3,95,488,1,1,1,2,AUTOROUTE A15,0.0,0.0
201300046560,28,10,2013,20,5,93,66,1,1,1,2,AUTOROUTE A1,48.9121,2.35809
201300046561,30,10,2013,6,3,95,678,1,1,1,6,ROUTE NATIONALE 184,0.0,0.0
201300046562,30,10,2013,9,1,95,42,1,1,1,4,RN 104,0.0,0.0
201300046563,30,10,2013,11,1,95,18,1,1,1,3,AUTOROUTE A15,0.0,0.0
201300046564,30,10,2013,15,1,95,572,1,1,1,6,AUTOROUTE A15,0.0,0.0
201300046565,30,10,2013,16,1,93,53,1,1,1,4,AUTOROUTE A3,48.8838,2.46682
201300046566,30,10,2013,18,1,93,8,1,1,1,3,AUTOROUTE A86,48.8986,2.46958
201300046567,30,10,2013,19,3,92,78,1,1,1,3,AUTOROUTE A86,0.0,0.0
201300046568,31,10,2013,9,1,95,351,1,1,1,6,RN 104,0.0,0.0
201300046569,31,10,2013,14,1,95,218,1,1,1,7,AUTOROUTE A15,0.0,0.0
201300046570,31,10,2013,17,1,95,527,1,1,1,6,AUTOROUTE A1,0.0,0.0
201300046571,1,11,2013,13,1,95,351,1,1,2,7,RN 104,0.0,0.0
201300046572,1,11,2013,14,1,93,27,1,1,8,2,AUTOROUTE A86,48.9273,2.41922
201300046573,1,11,2013,14,1,93,53,1,1,2,5,AUTOROUTE A103,48.91,2.35825
201300046574,1,11,2013,14,1,93,66,1,1,3,7,AUTOROUTE A86,48.9221,2.35877
201300046575,1,11,2013,15,1,93,27,1,1,2,6,AUTOROUTE A1,48.9372,2.41063
201300046576,1,11,2013,23,4,95,394,1,1,2,7,AUTOROUTE A115,0.0,0.0
201300046577,2,11,2013,1,1,93,27,1,1,1,6,AUTOROUTE A86,48.9285,2.41392
201300046578,2,11,2013,1,1,92,36,1,1,2,6,AUTOROUTE A15,0.0,0.0
201300046579,2,11,2013,3,3,93,5,1,1,2,5,AUTOROUTE A3,48.9308,2.48119
201300046580,2,11,2013,8,1,92,36,1,1,1,7,AUTOROUTE A15,0.0,0.0
201300046581,2,11,2013,8,2,93,64,1,1,2,6,AUTOROUTE A86,48.8707,2.48247
201300046582,2,11,2013,11,1,93,64,1,1,1,7,AUTOROUTE A103,0.0,0.0
201300046583,2,11,2013,16,1,95,394,1,1,1,6,ROUTE NATIONALE 184,0.0,0.0
201300046584,3,11,2013,22,3,92,36,1,1,8,2,AUTOROUTE A86,0.0,0.0
201300046585,3,11,2013,0,3,95,151,1,1,1,7,RN 104,0.0,0.0
201300046586,3,11,2013,3,4,93,53,1,1,2,7,AUTOROUTE A3,48.8835,2.45873
201300046587,3,11,2013,4,4,93,13,1,1,2,7,AUTOROUTE A1,48.9432,2.43495
201300046588,3,11,2013,9,1,95,582,1,1,1,7,AUTOROUTE A15,0.0,0.0
201300046589,7,11,2013,5,2,93,5,1,1,2,6,AUTOROUTE A1,48.9606,2.46797
201300046590,4,11,2013,6,2,93,78,1,1,2,6,AUTOROUTE A104,48.9646,2.51938
201300046591,4,11,2013,8,1,95,277,1,1,8,6,AUTOROUTE A104,48.9735,2.4858
201300046592,4,11,2013,8,1,95,241,1,1,1,6,RN 104,0.0,0.0
201300046593,4,11,2013,9,1,95,252,1,1,1,6,AUTOROUTE A15,0.0,0.0
201300046594,4,11,2013,7,1,93,10,1,1,8,2,AUTOROUTE A3,48.8895,2.47391
201300046595,4,11,2013,11,1,93,27,1,1,1,2,AUTOROUTE A86,48.9273,2.41954
201300046596,5,11,2013,15,1,92,78,1,1,2,6,AUTOROUTE A86,0.0,0.0
201300046597,5,11,2013,17,1,93,53,1,1,2,6,AUTOROUTE A103,48.9061,2.35855
201300046598,5,11,2013,19,3,95,351,1,1,2,7,RN 104,0.0,0.0
201300046599,9,11,2013,8,1,95,252,1,1,1,3,AUTOROUTE A15,0.0,0.0
201300046600,6,11,2013,9,1,95,277,1,1,1,2,AUTOROUTE A3,0.0,0.0
201300046601,6,11,2013,9,1,93,1,1,1,1,6,AUTOROUTE A86,48.9217,2.36558
201300046602,6,11,2013,10,1,93,78,1,1,8,7,AUTOROUTE A104,48.9651,2.51829
201300046603,6,11,2013,11,1,95,28,1,1,2,6,RN 104,0.0,0.0
201300046604,6,11,2013,11,1,92,36,1,1,1,6,AUTOROUTE A15,0.0,0.0
201300046605,6,11,2013,13,1,93,53,1,1,1,4,AUTOROUTE A103,48.9061,2.35855
201300046606,7,11,2013,18,3,93,78,1,1,3,4,AUTOROUTE A104,48.9582,2.5322
201300046607,7,11,2013,19,3,93,66,1,1,2,6,AUTOROUTE A86,48.9228,2.34512
201300046608,7,11,2013,22,4,93,66,1,1,3,2,AUTOROUTE A86,48.9224,2.35468
201300046609,8,11,2013,8,1,93,63,1,1,6,6,AUTOROUTE A3,48.8805,2.45176
201300046610,8,11,2013,9,1,95,491,1,1,2,7,AUTOROUTE A115,0.0,0.0
201300046611,8,11,2013,9,1,93,63,1,1,1,2,AUTOROUTE A3,48.8753,2.44037
201300046612,8,11,2013,15,1,93,27,1,1,2,6,AUTOROUTE A86,48.9256,2.39692
201300046613,8,11,2013,18,3,93,1,1,1,2,7,AUTOROUTE A86,48.8839,2.46943
201300046614,8,11,2013,19,3,93,6,1,1,2,7,AUTOROUTE A3,48.8731,2.43592
201300046615,9,11,2013,13,1,95,582,1,1,2,6,AUTOROUTE A115,0.0,0.0
201300046616,9,11,2013,1,4,95,277,1,1,1,6,AUTOROUTE A1,0.0,0.0
201300046617,9,11,2013,14,1,93,27,1,1,2,6,AUTOROUTE A1,48.9345,2.39693
201300046618,9,11,2013,18,4,95,277,1,1,1,6,AUTOROUTE A3,0.0,0.0
201300046619,10,11,2013,5,3,93,27,1,1,2,6,AUTOROUTE A86,48.9257,2.39669
201300046620,10,11,2013,21,3,93,6,1,1,1,3,AUTOROUTE A3,48.8663,2.41456
201300046621,11,11,2013,14,1,93,66,1,1,1,6,AUTOROUTE A1,48.9339,2.38179
201300046622,12,11,2013,4,3,95,527,1,1,1,6,AUTOROUTE A3,0.0,0.0
201300046623,12,11,2013,17,3,93,10,1,1,2,3,AUTOROUTE A3,48.8866,2.47348
201300046624,12,11,2013,18,3,93,66,1,1,1,5,AUTOROUTE A1,48.9238,2.35723
201300046625,13,11,2013,1,4,93,1,1,1,1,4,AUTOROUTE A86,48.9214,2.37594
201300046626,13,11,2013,17,1,93,13,1,1,1,5,AUTOROUTE A1,48.9388,2.41706
201300046627,14,11,2013,9,1,92,78,1,1,2,7,AUTOROUTE A86,0.0,0.0
201300046628,14,11,2013,9,1,92,36,1,1,2,3,AUTOROUTE A86,0.0,0.0
201300046629,15,11,2013,16,1,93,66,1,1,1,6,AUTOROUTE A1,48.9277,2.35745
201300046630,15,11,2013,17,3,95,582,1,1,1,3,AUTOROUTE A15,0.0,0.0
201300046631,17,11,2013,17,2,93,10,1,1,1,2,AUTOROUTE A3,48.8893,2.47381
201300046632,14,11,2013,16,1,60,631,1,1,8,6,AUTOROUTE A1,0.0,0.0
201300046633,14,11,2013,22,3,92,36,1,1,1,6,AUTOROUTE A15,0.0,0.0
201300046634,15,11,2013,8,1,95,491,1,1,2,7,AUTOROUTE A115,0.0,0.0
201300046635,18,11,2013,9,1,95,678,1,1,1,4,ROUTE NATIONALE 184,0.0,0.0
201300046636,18,11,2013,10,1,92,36,1,1,1,3,AUTOROUTE A15,0.0,0.0
201300046637,19,11,2013,6,3,95,18,1,1,1,3,AUTOROUTE A15,0.0,0.0
201300046638,19,11,2013,8,1,93,64,1,1,2,6,AUTOROUTE A86,48.8866,2.47381
201300046639,20,11,2013,8,2,93,64,1,1,1,3,AUTOROUTE A86,48.8682,2.482
201300046640,20,11,2013,8,1,95,306,1,1,1,6,AUTOROUTE A15,0.0,0.0
201300046641,20,11,2013,10,1,93,66,1,1,1,6,AUTOROUTE A1,48.9287,2.35897
201300046642,20,11,2013,18,1,93,13,1,1,3,6,AUTOROUTE A1,48.9428,2.43374
201300046643,21,11,2013,6,1,95,42,1,1,1,2,RN 104,0.0,0.0
201300046644,21,11,2013,6,3,93,78,1,1,8,2,AUTOROUTE A104,48.9582,2.53141
201300046645,21,11,2013,17,1,95,365,1,1,1,2,RN 104,0.0,0.0
201300046646,21,11,2013,21,3,95,18,1,1,1,7,AUTOROUTE A15,0.0,0.0
201300046647,22,11,2013,14,1,93,8,1,1,1,5,AUTOROUTE A86,48.8989,2.46927
201300046648,23,11,2013,23,3,93,66,1,1,1,5,AUTOROUTE A1,48.93,2.3641
201300046649,24,11,2013,0,5,93,66,1,1,1,2,AUTOROUTE A1,48.9175,2.35768
201300046650,24,11,2013,3,4,93,63,1,1,1,2,AUTOROUTE A3,48.881,2.45292
201300046651,24,11,2013,11,1,95,18,1,1,1,7,AUTOROUTE A15,0.0,0.0
201300046652,24,11,2013,16,1,93,53,1,1,1,5,AUTOROUTE A3,48.8839,2.46502
201300046653,24,11,2013,18,3,93,10,1,1,1,2,AUTOROUTE A3,48.8866,2.47348
201300046654,24,11,2013,22,4,93,27,1,9,1,2,AUTOROUTE A1,48.9346,2.3973
201300046655,26,11,2013,10,1,92,36,1,1,1,2,AUTOROUTE A15,0.0,0.0
201300046656,26,11,2013,14,1,95,527,1,1,1,3,AUTOROUTE A3,0.0,0.0
201300046657,27,11,2013,7,2,93,6,1,1,1,2,AUTOROUTE A3,48.866,2.41584
201300046658,27,11,2013,16,1,93,53,1,1,1,3,AUTOROUTE A3,48.8838,2.46682
201300046659,28,11,2013,9,1,95,394,1,1,1,2,AUTOROUTE A115,0.0,0.0
201300046660,28,11,2013,9,1,95,18,1,1,1,7,AUTOROUTE A15,0.0,0.0
201300046661,28,11,2013,15,1,95,527,1,1,1,6,AUTOROUTE A1,0.0,0.0
201300046662,28,11,2013,15,1,93,53,1,1,1,6,AUTOROUTE A3,48.8838,2.46682
201300046663,28,11,2013,18,3,93,1,1,1,2,2,AUTOROUTE A86,48.9217,2.36558
201300046664,20,11,2013,18,3,95,527,1,1,1,3,AUTOROUTE A3,0.0,0.0
201300046665,28,11,2013,19,3,93,66,1,1,1,3,AUTOROUTE A1,48.9225,2.35711
201300046666,28,11,2013,19,3,93,10,1,1,1,7,AUTOROUTE A3,48.8897,2.47385
201300046667,28,11,2013,20,3,95,582,1,1,1,2,AUTOROUTE A15,0.0,0.0
201300046668,29,11,2013,7,4,93,10,1,1,1,3,AUTOROUTE A86,48.8955,2.47053
201300046669,29,11,2013,16,2,93,53,1,1,2,6,AUTOROUTE A3,48.8835,2.45834
201300046670,29,11,2013,21,4,95,18,1,1,1,2,AUTOROUTE A15,0.0,0.0
201300046671,29,11,2013,23,4,93,66,1,1,1,7,AUTOROUTE A1,48.9238,2.35723
201300046672,30,11,2013,5,5,93,66,1,1,1,2,AUTOROUTE A1,48.9157,2.35783
201300046673,2,12,2013,12,1,93,64,1,1,1,5,AUTOROUTE A86,48.8784,2.47678
201300046674,3,12,2013,6,3,93,66,1,1,1,4,AUTOROUTE A1,48.9061,2.35836
201300046675,3,12,2013,21,3,93,10,1,1,1,6,AUTOROUTE A86,48.8922,2.47263
201300046676,4,12,2013,7,2,93,53,1,1,1,3,AUTOROUTE A3,48.8838,2.46682
201300046677,4,12,2013,9,1,95,582,1,1,1,3,AUTOROUTE A15,0.0,0.0
201300046678,5,12,2013,14,1,95,277,1,1,1,3,AUTOROUTE A1,0.0,0.0
201300046679,5,12,2013,18,1,93,64,1,1,1,4,AUTOROUTE A86,48.8867,2.47349
201300046680,7,12,2013,9,1,95,394,1,1,2,6,AUTOROUTE A115,0.0,0.0
201300046681,7,12,2013,18,3,93,13,1,1,1,2,AUTOROUTE A1,48.939,2.4174
201300046682,7,12,2013,20,3,95,394,1,1,1,6,ROUTE NATIONALE 184,0.0,0.0
201300046683,7,12,2013,20,3,95,60,1,1,1,7,AUTOROUTE A115,0.0,0.0
201300046684,9,12,2013,7,2,95,18,1,1,1,6,AUTOROUTE A15,0.0,0.0
201300046685,6,12,2013,20,3,93,6,1,1,1,2,AUTOROUTE A3,48.865,2.41607
201300046686,9,12,2013,11,1,95,572,1,1,1,3,ROUTE NATIONALE 184,0.0,0.0
201300046687,9,12,2013,12,1,93,66,1,1,1,2,AUTOROUTE A1,48.9238,2.35723
201300046688,9,12,2013,13,1,93,66,1,1,1,5,AUTOROUTE A1,48.9103,2.35824
201300046689,10,12,2013,6,2,92,36,1,1,1,3,AUTOROUTE A15,0.0,0.0
201300046690,10,12,2013,7,1,95,219,1,1,1,3,AUTOROUTE A115,0.0,0.0
201300046691,10,12,2013,9,1,95,488,1,1,1,2,AUTOROUTE A15,0.0,0.0
201300046692,11,12,2013,6,3,92,36,1,1,1,4,AUTOROUTE A15,0.0,0.0
201300046693,11,12,2013,8,2,93,5,1,1,1,3,AUTOROUTE A3,48.9591,2.47329
201300046694,11,12,2013,12,1,95,277,1,1,1,4,AUTOROUTE A3,0.0,0.0
201300046695,12,12,2013,9,1,95,277,1,1,1,2,AUTOROUTE A104,48.9739,2.4877
201300046696,12,12,2013,10,1,93,64,1,1,1,5,AUTOROUTE A86,48.8809,2.47506
201300046697,12,12,2013,18,3,92,36,1,1,1,3,AUTOROUTE A86,0.0,0.0
201300046698,12,12,2013,20,4,93,53,1,1,1,2,AUTOROUTE A103,48.91,2.35825
201300046699,13,12,2013,11,1,92,36,1,1,1,2,AUTOROUTE A15,0.0,0.0
201300046700,14,12,2013,1,3,95,42,1,1,2,6,RN 104,0.0,0.0
201300046701,14,12,2013,11,1,93,66,1,1,1,6,AUTOROUTE A1,48.9317,2.37055
201300046702,14,12,2013,12,1,93,64,1,1,1,7,AUTOROUTE A103,48.8867,2.47932
201300046703,14,12,2013,16,1,93,48,1,1,1,2,AUTOROUTE A3,48.872,2.43323
201300046704,14,12,2013,21,2,95,203,1,1,1,6,BD INTERCOMUNAL PARISIS,48.9773,2.2866
201300046705,16,12,2013,8,1,93,64,1,1,1,6,AUTOROUTE A86,48.8723,2.48106
201300046706,16,12,2013,20,3,93,78,1,1,1,6,AUTOROUTE A104,48.9604,2.52598
201300046707,16,12,2013,22,3,92,78,1,1,1,6,AUTOROUTE A86,0.0,0.0
201300046708,18,12,2013,11,1,93,66,1,1,1,3,AUTOROUTE A1,48.9256,2.35703
201300046709,18,12,2013,13,1,93,27,1,1,1,3,AUTOROUTE A86,48.9282,2.41686
201300046710,18,12,2013,18,3,95,675,1,1,1,4,AUTOROUTE A1,0.0,0.0
201300046711,18,12,2013,20,4,93,66,1,1,1,4,AUTOROUTE A1,48.919,2.35742
201300046712,19,12,2013,8,2,95,488,1,1,2,4,AUTOROUTE A15,0.0,0.0
201300046713,19,12,2013,8,1,95,212,1,1,1,4,RN 104,0.0,0.0
201300046714,19,12,2013,8,1,95,176,1,1,1,2,AUTOROUTE A15,0.0,0.0
201300046715,19,12,2013,15,1,93,64,1,1,1,7,AUTOROUTE A103,48.8868,2.47723
201300046716,19,12,2013,19,3,93,7,1,1,1,7,AUTOROUTE A3,48.9319,2.48086
201300046717,20,12,2013,12,1,93,64,1,1,1,4,AUTOROUTE A3,48.8839,2.46681
201300046718,22,12,2013,5,5,93,1,1,1,2,2,AUTOROUTE A86,48.9217,2.37721
201300046719,22,12,2013,10,1,95,527,1,1,2,6,AUTOROUTE A1,0.0,0.0
201300046720,22,12,2013,12,1,95,394,1,1,2,6,AUTOROUTE A115,0.0,0.0
201300046721,22,12,2013,14,1,95,277,1,1,1,6,AUTOROUTE A104,48.9731,2.4879
201300046722,22,12,2013,16,1,95,394,1,1,1,7,ROUTE NATIONALE 184,0.0,0.0
201300046723,22,12,2013,19,3,95,527,1,1,1,2,AUTOROUTE A3,0.0,0.0
201300046724,23,12,2013,22,4,93,78,1,1,1,6,AUTOROUTE A104,48.9644,2.51991
201300046725,22,12,2013,22,3,93,5,1,1,1,6,AUTOROUTE A3,48.9647,2.47429
201300046726,23,12,2013,23,4,93,27,1,1,1,6,AUTOROUTE A1,48.9345,2.39758
201300046727,23,12,2013,1,3,95,527,1,1,1,2,AUTOROUTE A3,0.0,0.0
201300046728,24,12,2013,8,2,95,394,1,1,2,2,AUTOROUTE A115,0.0,0.0
201300046729,24,12,2013,12,1,93,66,1,1,2,6,AUTOROUTE A1,48.9317,2.37055
201300046730,24,12,2013,13,1,93,27,1,1,2,6,AUTOROUTE A86,48.9283,2.41258
201300046731,24,12,2013,22,3,93,27,1,1,3,7,AUTOROUTE A86,48.9234,2.38362
201300046732,25,12,2013,4,3,93,64,1,1,1,2,AUTOROUTE A86,48.8836,2.47155
201300046733,25,12,2013,20,3,93,10,1,1,2,4,AUTOROUTE A3,48.8893,2.47381
201300046734,26,12,2013,15,1,93,27,1,1,1,2,AUTOROUTE A86,48.9284,2.41555
201300046735,26,12,2013,18,5,93,27,1,1,1,2,AUTOROUTE A86,48.9263,2.4215
201300046736,26,12,2013,23,4,95,277,1,1,1,2,AUTOROUTE A104,48.9733,2.4854
201300046737,27,12,2013,2,3,95,252,1,1,2,6,AUTOROUTE A15,0.0,0.0
201300046738,27,12,2013,12,1,95,18,1,1,1,6,AUTOROUTE A15,0.0,0.0
201300046739,27,12,2013,20,3,93,66,1,1,2,5,AUTOROUTE A1,48.9079,2.35826
201300046740,28,12,2013,9,1,95,582,1,1,2,2,AUTOROUTE A115,0.0,0.0
201300046741,28,12,2013,9,1,95,394,1,1,1,6,AUTOROUTE A115,0.0,0.0
201300046742,28,12,2013,10,1,93,53,1,1,2,6,AUTOROUTE A103,48.9061,2.35855
201300046743,28,12,2013,13,1,93,27,1,1,2,6,AUTOROUTE A86,48.9285,2.41392
201300046744,29,12,2013,6,3,95,678,1,1,2,6,ROUTE NATIONALE 184,0.0,0.0
201300046745,27,12,2013,14,1,95,678,1,1,1,5,ROUTE NATIONALE 184,0.0,0.0
201300046746,30,12,2013,19,3,93,1,1,1,1,7,AUTOROUTE A86,48.9208,2.37196
201300046747,31,12,2013,16,1,93,5,1,1,1,4,AUTOROUTE A1,48.9607,2.46789
201300046748,31,12,2013,22,4,93,78,1,1,1,5,AUTOROUTE A104,48.9651,2.51829
201300046749,31,12,2013,23,5,95,582,1,1,1,6,BD INTERCOMUNAL PARISIS,48.9679,2.2744
201300046750,5,12,2013,21,3,93,10,1,1,1,3,"07.300, AUTOROUTE A3",0.0,0.0
201300046751,6,1,2013,7,3,93,8,1,1,2,6,A86 - BOBIGNY_CREATION,48.9132,2.43525
201300046752,2,1,2013,14,1,78,291,1,1,1,6,A13,0.0,0.0
201300046753,4,1,2013,6,2,92,48,1,1,2,6,N118,0.0,0.0
201300046754,5,1,2013,8,2,78,545,1,1,8,6,RN12,0.0,0.0
201300046755,8,1,2013,9,1,92,50,1,1,1,3,A14,0.0,0.0
201300046756,8,1,2013,13,1,78,646,1,1,8,6,RN12,0.0,0.0
201300046757,10,1,2013,8,4,92,72,1,1,2,4,N118,0.0,0.0
201300046758,11,1,2013,20,3,78,490,1,1,2,7,RN12 INT,0.0,0.0
201300046759,12,1,2013,13,1,78,571,1,1,2,7,A13,0.0,0.0
201300046760,12,1,2013,14,1,78,43,1,1,2,6,A12 Y,0.0,0.0
201300046761,12,1,2013,16,1,78,73,1,1,2,7,RN12 INT,0.0,0.0
201300046762,13,1,2013,5,3,78,545,1,1,8,5,A12 Y,0.0,0.0
201300046763,13,1,2013,13,1,78,90,1,1,8,6,A13,0.0,0.0
201300046764,13,1,2013,20,3,92,25,1,1,2,6,A86,0.0,0.0
201300046765,15,1,2013,9,1,92,12,1,1,2,2,A13,0.0,0.0
201300046766,16,1,2013,14,1,78,140,1,1,1,3,A13,0.0,0.0
201300046767,16,1,2013,17,1,92,23,1,1,1,4,RN186,0.0,0.0
201300046768,17,1,2013,6,5,92,62,1,1,1,2,RN1013,0.0,0.0
201300046769,17,1,2013,18,3,78,126,1,1,1,2,A13,0.0,0.0
201300046770,18,1,2013,1,3,78,322,1,1,1,6,RN12,0.0,0.0
201300046771,18,1,2013,5,3,78,238,1,1,1,2,A13,0.0,0.0
201300046772,18,1,2013,13,1,92,50,1,1,1,5,A86,0.0,0.0
201300046773,18,1,2013,19,3,78,217,1,1,4,2,A13,0.0,0.0
201300046774,19,1,2013,3,4,78,43,1,1,4,3,A13Y,0.0,0.0
201300046775,19,1,2013,21,3,78,126,1,1,4,6,A13,0.0,0.0
201300046776,24,1,2013,16,1,78,571,1,1,8,2,A13,0.0,0.0
201300046777,25,1,2013,22,3,78,43,1,1,1,4,A12 W,0.0,0.0
201300046778,27,1,2013,20,5,92,23,1,1,1,6,RN385,0.0,0.0
201300046779,30,1,2013,8,1,92,36,1,1,2,5,A86,0.0,0.0
201300046780,30,1,2013,9,1,92,36,1,1,2,2,A86,0.0,0.0
201300046781,31,1,2013,18,4,78,43,1,1,1,2,A12 W,0.0,0.0
201300046782,1,2,2013,8,4,78,158,1,1,2,2,A13,0.0,0.0
201300046783,1,2,2013,14,1,92,36,1,1,2,3,A86,0.0,0.0
201300046784,3,2,2013,16,1,92,76,1,1,1,5,A13,0.0,0.0
201300046785,3,2,2013,19,2,92,36,1,1,1,5,A86,0.0,0.0
201300046786,4,2,2013,18,3,78,640,1,1,1,3,A86 INT,0.0,0.0
201300046787,5,2,2013,12,1,92,25,1,1,1,7,A86,0.0,0.0
201300046788,6,2,2013,9,1,78,117,1,1,2,3,RN12,0.0,0.0
201300046789,9,2,2013,16,1,92,25,1,1,1,7,A86,0.0,0.0
201300046790,10,2,2013,15,1,78,640,1,1,4,6,N118,0.0,0.0
201300046791,11,2,2013,9,1,92,47,1,1,2,5,A13,0.0,0.0
201300046792,12,2,2013,8,2,92,64,1,1,8,4,A13,0.0,0.0
201300046793,13,2,2013,18,5,78,362,1,1,1,5,A13,0.0,0.0
201300046794,14,2,2013,8,1,92,64,1,1,2,2,A13,0.0,0.0
201300046795,14,2,2013,23,4,92,36,1,9,1,7,A86,0.0,0.0
201300046796,18,2,2013,7,1,92,48,1,1,1,3,N118,0.0,0.0
201300046797,18,2,2013,10,1,78,217,1,1,1,2,A13,0.0,0.0
201300046798,18,2,2013,18,2,92,62,1,1,1,2,A14,0.0,0.0
201300046799,20,2,2013,9,1,92,64,1,1,1,4,A13,0.0,0.0
201300046800,21,2,2013,10,1,92,50,1,1,1,6,A86,0.0,0.0
201300046801,21,2,2013,12,1,78,117,1,1,1,4,RN12,0.0,0.0
201300046802,22,2,2013,5,3,92,72,1,1,1,2,N118,0.0,0.0
201300046803,22,2,2013,10,1,92,48,1,1,1,3,N118,0.0,0.0
201300046804,24,2,2013,5,3,78,431,1,1,4,6,A13,0.0,0.0
201300046805,24,2,2013,6,3,78,490,1,1,4,3,RN12 INT,0.0,0.0
201300046806,25,2,2013,9,1,92,60,1,1,4,7,RN385,0.0,0.0
201300046807,25,2,2013,19,5,92,36,1,1,2,7,A86,0.0,0.0
201300046808,26,2,2013,7,2,78,423,1,1,8,6,RN12,0.0,0.0
201300046809,26,2,2013,9,1,78,646,1,1,8,4,RN12,0.0,0.0
201300046810,27,2,2013,17,1,78,362,1,9,1,4,A13,0.0,0.0
201300046811,27,2,2013,8,1,92,36,1,1,8,3,A86,0.0,0.0
201300046812,28,2,2013,7,1,78,640,1,1,1,3,A86 INT,0.0,0.0
201300046813,28,2,2013,21,5,92,62,1,4,1,3,RN1014 W,0.0,0.0
201300046814,2,3,2013,12,1,78,423,1,1,1,7,RN12,0.0,0.0
201300046815,2,3,2013,20,5,92,50,1,1,1,7,A86,0.0,0.0
201300046816,5,3,2013,14,1,78,490,1,1,1,7,RN12 EXT,0.0,0.0
201300046817,5,3,2013,14,1,92,50,1,1,1,7,A86,0.0,0.0
201300046818,5,3,2013,16,1,92,50,1,1,1,7,A14,0.0,0.0
201300046819,8,3,2013,7,1,78,322,1,1,2,2,RN12 EXT,0.0,0.0
201300046820,9,3,2013,6,3,78,90,1,1,1,5,A13,0.0,0.0
201300046821,9,3,2013,7,2,78,291,1,1,1,4,A13,0.0,0.0
201300046822,9,3,2013,15,1,92,36,1,1,1,2,A86,0.0,0.0
201300046823,10,3,2013,13,1,78,423,1,1,1,6,A12 Y,0.0,0.0
201300046824,11,3,2013,5,5,78,498,1,1,4,6,A13,0.0,0.0
201300046825,11,3,2013,21,5,78,431,1,1,4,7,A13,0.0,0.0
201300046826,12,3,2013,5,5,92,12,1,1,4,7,A13,0.0,0.0
201300046827,12,3,2013,5,3,78,73,1,1,4,6,NON UTILISEE,0.0,0.0
201300046828,12,3,2013,8,1,78,423,1,1,4,6,RN12,0.0,0.0
201300046829,13,3,2013,8,1,78,431,1,1,4,6,A13,0.0,0.0