Num_Acc,jour,mois,an,hr,condition_eclairage,departement,commune,condition_agglomeration,intersection,condition_atmosphere,type_collision,adresse,lattitude,longitude
201300046830,13,3,2013,23,3,78,165,1,1,1,3,RN12 INT,0.0,0.0
201300046831,16,3,2013,17,1,92,25,1,1,1,4,A86,0.0,0.0
201300046832,17,3,2013,17,1,78,321,1,1,3,6,RN12 INT,0.0,0.0
201300046833,17,3,2013,17,1,92,64,1,1,3,4,A13,0.0,0.0
201300046834,20,3,2013,8,1,78,640,1,1,1,2,A86 EXT,0.0,0.0
201300046835,20,3,2013,18,1,78,117,1,1,1,2,RN12,0.0,0.0
201300046836,21,3,2013,7,1,78,423,1,1,1,2,RN12,0.0,0.0
201300046837,21,3,2013,16,1,78,133,1,1,8,5,A13,0.0,0.0
201300046838,25,3,2013,9,1,75,116,1,1,1,4,A13W,0.0,0.0
201300046839,25,3,2013,9,1,78,672,1,1,1,5,A13,0.0,0.0
201300046840,25,3,2013,14,1,92,63,1,1,1,7,A86,0.0,0.0
201300046841,26,3,2013,9,1,92,76,1,1,1,2,A13,0.0,0.0
201300046842,27,3,2013,15,1,92,50,1,1,1,6,A86,0.0,0.0
201300046843,28,3,2013,10,1,78,90,1,1,8,6,A13,0.0,0.0
201300046844,29,3,2013,7,1,78,646,1,1,1,2,RN12,0.0,0.0
201300046845,29,3,2013,16,1,92,64,1,1,1,5,A13,0.0,0.0
201300046846,1,4,2013,12,1,92,64,1,1,1,5,A13,0.0,0.0
201300046847,1,4,2013,13,1,92,47,1,1,1,2,A13,0.0,0.0
201300046848,1,4,2013,14,1,78,133,1,1,1,4,A13,0.0,0.0
201300046849,4,4,2013,9,1,92,50,1,1,1,3,A86,0.0,0.0
201300046850,4,4,2013,20,3,78,672,1,1,2,7,A13,0.0,0.0
201300046851,6,4,2013,5,4,92,47,1,1,1,5,A13,0.0,0.0
201300046852,6,4,2013,23,4,78,297,1,1,1,7,RN12,0.0,0.0
201300046853,7,4,2013,3,4,78,322,1,1,1,6,RN12,0.0,0.0
201300046854,8,4,2013,6,3,78,646,1,1,1,6,RN12,0.0,0.0
201300046855,8,4,2013,17,1,78,571,1,1,8,5,A13,0.0,0.0
201300046856,8,4,2013,19,1,78,423,1,1,1,3,RN12,0.0,0.0
201300046857,9,4,2013,15,1,78,140,1,1,3,5,A13,0.0,0.0
201300046858,9,4,2013,17,1,92,36,1,1,1,7,A86,0.0,0.0
201300046859,9,4,2013,19,2,78,524,1,1,2,4,A13,0.0,0.0
201300046860,9,4,2013,19,1,92,64,1,1,1,2,A13,0.0,0.0
201300046861,10,4,2013,16,1,92,50,1,1,8,5,A86,0.0,0.0
201300046862,10,4,2013,17,1,78,498,1,1,2,3,A13,0.0,0.0
201300046863,11,4,2013,10,1,78,423,1,1,8,5,RN12 EXT,0.0,0.0
201300046864,11,4,2013,17,1,75,116,1,1,1,7,A13Y,0.0,0.0
201300046865,12,4,2013,7,2,92,47,1,1,1,3,A13,0.0,0.0
201300046866,12,4,2013,7,1,92,48,1,1,1,3,N118,0.0,0.0
201300046867,12,4,2013,10,1,92,51,1,1,2,2,RN13,0.0,0.0
201300046868,12,4,2013,17,1,78,297,1,1,1,2,RN12,0.0,0.0
201300046869,14,4,2013,17,1,78,545,1,1,1,2,A12 Y,0.0,0.0
201300046870,15,4,2013,8,1,78,117,1,1,1,3,RN12,0.0,0.0
201300046871,15,4,2013,9,1,92,51,1,1,2,2,RN13,0.0,0.0
201300046872,15,4,2013,9,1,78,646,1,1,2,4,RN12,0.0,0.0
201300046873,15,4,2013,12,1,78,402,1,1,1,7,A13,0.0,0.0
201300046874,15,4,2013,17,1,92,36,1,1,1,3,A86,0.0,0.0
201300046875,16,4,2013,8,1,78,43,1,1,1,3,A13W,0.0,0.0
201300046876,13,4,2013,21,3,78,242,1,1,1,7,A12 Y,0.0,0.0
201300046877,17,4,2013,8,1,78,640,1,1,1,6,A86 EXT,0.0,0.0
201300046878,17,4,2013,9,1,78,640,1,1,1,2,N118,0.0,0.0
201300046879,18,4,2013,21,3,78,423,1,1,1,3,RN12,0.0,0.0
201300046880,18,4,2013,8,1,78,524,1,1,1,2,A13,0.0,0.0
201300046881,18,4,2013,9,1,92,12,1,1,1,1,A13,0.0,0.0
201300046882,18,4,2013,11,1,78,431,1,1,1,7,A13,0.0,0.0
201300046883,18,4,2013,14,1,78,29,1,1,1,7,A13W,0.0,0.0
201300046884,18,4,2013,18,1,78,571,1,1,1,6,A13,0.0,0.0
201300046885,19,4,2013,15,1,78,217,1,1,2,7,A13,0.0,0.0
201300046886,21,4,2013,6,1,92,25,1,1,1,6,A86,0.0,0.0
201300046887,21,4,2013,13,1,78,646,1,1,7,7,RN12,0.0,0.0
201300046888,22,4,2013,1,5,78,362,1,1,1,6,A13,0.0,0.0
201300046889,23,4,2013,9,1,92,50,1,1,1,2,A86,0.0,0.0
201300046890,23,4,2013,16,1,78,640,1,1,1,7,N118,0.0,0.0
201300046891,23,4,2013,18,1,92,36,1,1,1,2,A86,0.0,0.0
201300046892,24,4,2013,17,5,92,50,1,1,1,2,A14,0.0,0.0
201300046893,24,4,2013,17,1,92,36,1,1,1,3,A86,0.0,0.0
201300046894,24,4,2013,19,1,92,36,1,1,1,4,A86,0.0,0.0
201300046895,25,4,2013,1,4,92,25,1,1,1,3,A86,0.0,0.0
201300046896,25,4,2013,8,1,92,72,1,1,1,3,N118,0.0,0.0
201300046897,25,4,2013,9,1,92,36,1,1,1,3,A86,0.0,0.0
201300046898,25,4,2013,11,1,92,47,1,1,1,3,A13,0.0,0.0
201300046899,26,4,2013,8,1,78,73,1,1,1,6,RN12 INT,0.0,0.0
201300046900,26,4,2013,17,1,92,48,1,1,2,5,N118,0.0,0.0
201300046901,28,4,2013,7,2,78,133,1,1,1,7,A13,0.0,0.0
201300046902,28,4,2013,21,3,92,50,1,1,9,2,A14,0.0,0.0
201300046903,28,4,2013,23,3,78,466,1,1,1,5,A13,0.0,0.0
201300046904,30,4,2013,2,3,78,423,1,1,1,7,NON UTILISEE,0.0,0.0
201300046905,1,5,2013,2,3,78,291,1,1,1,6,A13,0.0,0.0
201300046906,1,5,2013,23,3,78,640,1,1,3,7,A86 INT,0.0,0.0
201300046907,2,5,2013,3,4,78,140,1,1,1,6,A13,0.0,0.0
201300046908,3,5,2013,17,1,78,498,1,1,1,2,A13,0.0,0.0
201300046909,4,5,2013,16,1,92,51,1,1,1,7,N13,0.0,0.0
201300046910,5,5,2013,18,1,78,322,1,1,1,7,RN12 EXT,0.0,0.0
201300046911,4,5,2013,23,3,78,238,1,1,1,2,A13,0.0,0.0
201300046912,5,5,2013,7,2,78,431,1,1,1,2,A13,0.0,0.0
201300046913,6,5,2013,15,1,78,362,1,1,1,7,A13,0.0,0.0
201300046914,7,5,2013,8,1,78,73,1,1,1,7,RN12 INT,0.0,0.0
201300046915,7,5,2013,12,1,78,126,1,1,1,2,A13,0.0,0.0
201300046916,4,5,2013,16,1,78,431,1,1,1,7,A13,0.0,0.0
201300046917,6,5,2013,12,1,92,36,1,1,2,4,A86,0.0,0.0
201300046918,9,5,2013,8,1,78,490,1,1,1,3,RN12 INT,0.0,0.0
201300046919,9,5,2013,20,2,92,62,1,1,1,6,RN1014 Y,0.0,0.0
201300046920,9,5,2013,21,1,78,321,1,1,1,7,RN12 INT,0.0,0.0
201300046921,10,5,2013,5,5,78,242,1,1,1,6,A12 W,0.0,0.0
201300046922,12,5,2013,19,1,92,50,1,1,1,2,A86,0.0,0.0
201300046923,13,5,2013,8,1,92,50,1,1,1,2,A14,0.0,0.0
201300046924,13,5,2013,15,1,92,25,1,1,1,3,A86,0.0,0.0
201300046925,13,5,2013,18,1,78,640,1,1,1,3,N118,0.0,0.0
201300046926,14,5,2013,17,1,78,29,1,1,1,6,A13Y,0.0,0.0
201300046927,15,5,2013,15,1,78,672,1,1,1,6,A13,0.0,0.0
201300046928,15,5,2013,2,4,78,672,1,1,1,6,A13,0.0,0.0
201300046929,15,5,2013,18,1,92,36,1,1,1,4,A86,0.0,0.0
201300046930,16,5,2013,1,3,92,64,1,1,8,6,N118,0.0,0.0
201300046931,16,5,2013,8,1,92,64,1,1,2,3,A13,0.0,0.0
201300046932,16,5,2013,9,1,92,50,1,1,1,2,A86,0.0,0.0
201300046933,17,5,2013,15,1,92,36,1,1,1,2,A86,0.0,0.0
201300046934,17,5,2013,16,1,92,25,1,1,1,3,A86,0.0,0.0
201300046935,19,5,2013,18,1,78,291,1,1,2,3,A13,0.0,0.0
201300046936,21,5,2013,8,1,78,646,1,1,2,7,RN12,0.0,0.0
201300046937,21,5,2013,9,1,92,51,1,1,2,6,RN13,0.0,0.0
201300046938,21,5,2013,10,1,92,50,1,1,2,6,A14,0.0,0.0
201300046939,22,5,2013,8,1,92,25,1,1,1,2,A86,0.0,0.0
201300046940,22,5,2013,10,1,92,48,1,1,1,2,N118,0.0,0.0
201300046941,22,5,2013,10,1,78,7,1,1,1,7,A13 Y,0.0,0.0
201300046942,22,5,2013,15,1,92,36,1,1,1,4,A86,0.0,0.0
201300046943,22,5,2013,19,1,78,73,1,1,1,3,A12 W,0.0,0.0
201300046944,23,5,2013,2,3,78,646,1,1,1,1,RN12,0.0,0.0
201300046945,23,5,2013,7,1,92,26,1,1,1,3,RN192,0.0,0.0
201300046946,23,5,2013,13,1,78,73,1,1,1,2,A12 Y,0.0,0.0
201300046947,24,5,2013,23,3,78,466,1,1,2,6,A13,0.0,0.0
201300046948,25,5,2013,2,5,92,76,1,1,5,6,A86 DUPLEX,0.0,0.0
201300046949,25,5,2013,11,1,78,43,1,1,1,7,A12 Y,0.0,0.0
201300046950,26,5,2013,2,3,92,36,1,1,1,7,A86,0.0,0.0
201300046951,26,5,2013,5,3,78,640,1,1,1,3,A86 INT,0.0,0.0
201300046952,26,5,2013,20,5,92,50,1,1,1,6,A14,0.0,0.0
201300046953,26,5,2013,23,3,78,455,1,1,1,3,A13,0.0,0.0
201300046954,27,5,2013,7,1,92,50,1,1,1,7,A86,0.0,0.0
201300046955,28,5,2013,8,1,75,116,1,1,3,7,A13Y,0.0,0.0
201300046956,28,5,2013,13,1,92,64,1,1,2,7,N118,0.0,0.0
201300046957,28,5,2013,14,1,92,23,1,1,3,7,RN385,0.0,0.0
201300046958,28,5,2013,18,1,92,51,1,1,1,7,RN13,0.0,0.0
201300046959,13,5,2013,9,1,78,43,1,1,1,2,A12 W,0.0,0.0
201300046960,29,5,2013,10,1,78,238,1,1,1,6,A13,0.0,0.0
201300046961,29,5,2013,13,1,78,423,1,1,1,7,A12 W,0.0,0.0
201300046962,30,5,2013,7,1,78,466,1,1,2,4,A13,0.0,0.0
201300046963,30,5,2013,20,1,78,43,1,1,3,7,A12 Y,0.0,0.0
201300046964,30,5,2013,21,2,78,524,1,1,2,7,A13,0.0,0.0
201300046965,1,6,2013,2,4,78,640,1,1,1,3,A86 INT,0.0,0.0
201300046966,1,6,2013,20,1,92,64,1,1,1,6,A13,0.0,0.0
201300046967,2,6,2013,3,3,78,466,1,1,1,2,A13,0.0,0.0
201300046968,2,6,2013,18,1,92,50,1,1,1,3,A86,0.0,0.0
201300046969,3,6,2013,13,1,78,362,1,1,1,5,A13,0.0,0.0
201300046970,3,6,2013,16,1,92,50,1,1,1,7,A86,0.0,0.0
201300046971,4,6,2013,18,1,92,51,1,1,1,3,RN13,0.0,0.0
201300046972,5,6,2013,16,1,92,50,1,1,1,6,A86,0.0,0.0
201300046973,6,6,2013,11,1,78,362,1,1,1,7,A13,0.0,0.0
201300046974,6,6,2013,16,1,78,29,1,1,1,5,A13Y,0.0,0.0
201300046975,7,6,2013,8,1,92,36,1,1,1,2,RN315 W,0.0,0.0
201300046976,7,6,2013,19,1,78,455,1,1,1,3,A13,0.0,0.0
201300046977,8,6,2013,16,1,78,640,1,1,1,3,A86 EXT,0.0,0.0
201300046978,8,6,2013,19,1,78,466,1,1,1,6,A13,0.0,0.0
201300046979,9,6,2013,12,1,78,640,1,1,1,5,A86 EXT,0.0,0.0
201300046980,10,6,2013,19,1,92,36,1,1,1,5,RN315 Y,0.0,0.0
201300046981,11,6,2013,7,1,92,36,1,1,1,6,A86,0.0,0.0
201300046982,11,6,2013,8,1,92,50,1,1,1,2,A86,0.0,0.0
201300046983,13,6,2013,6,1,92,25,1,1,8,2,A86,0.0,0.0
201300046984,13,6,2013,8,1,78,498,1,1,1,6,A14,0.0,0.0
201300046985,13,6,2013,9,1,78,396,1,1,1,6,A14,0.0,0.0
201300046986,13,6,2013,15,1,78,640,1,1,2,7,N118,0.0,0.0
201300046987,14,6,2013,9,1,92,47,1,1,1,2,A13,0.0,0.0
201300046988,15,6,2013,18,1,78,238,1,1,1,4,A13,0.0,0.0
201300046989,15,6,2013,23,5,78,545,1,1,1,7,A12 W,0.0,0.0
201300046990,16,6,2013,6,2,78,490,1,1,1,7,RN12 INT,0.0,0.0
201300046991,16,6,2013,16,1,92,47,1,1,1,7,A13,0.0,0.0
201300046992,18,6,2013,6,1,78,423,1,1,1,7,RN12 EXT,0.0,0.0
201300046993,18,6,2013,9,1,78,466,1,1,1,2,A13,0.0,0.0
201300046994,19,6,2013,20,1,78,43,1,1,8,7,A12 Y,0.0,0.0
201300046995,20,6,2013,5,2,78,29,1,1,1,6,A13Y,0.0,0.0
201300046996,20,6,2013,8,1,75,116,1,1,2,3,A13Y,0.0,0.0
201300046997,21,6,2013,10,1,92,36,1,1,2,4,A86,0.0,0.0
201300046998,21,6,2013,13,1,78,646,1,1,1,3,RN12,0.0,0.0
201300046999,21,6,2013,17,1,78,646,1,1,1,6,RN12,0.0,0.0
201300047000,23,6,2013,17,1,92,47,1,1,1,5,A13,0.0,0.0
201300047001,24,6,2013,22,5,78,466,1,1,1,6,A14,0.0,0.0
201300047002,24,6,2013,14,1,78,29,1,1,1,6,A13Y,0.0,0.0
201300047003,25,6,2013,9,1,92,50,1,1,1,1,A14,0.0,0.0
201300047004,25,6,2013,15,1,92,76,1,1,1,5,A13,0.0,0.0
201300047005,25,6,2013,20,1,92,12,1,1,1,5,A13,0.0,0.0
201300047006,26,6,2013,21,2,78,140,1,1,1,7,A13,0.0,0.0
201300047007,27,6,2013,8,5,92,50,1,1,1,2,A86,0.0,0.0
201300047008,27,6,2013,8,1,92,64,1,1,8,6,A13,0.0,0.0
201300047009,27,6,2013,9,1,92,25,1,1,2,6,A86,0.0,0.0
201300047010,27,6,2013,9,1,78,126,1,1,2,6,A13,0.0,0.0
201300047011,27,6,2013,9,1,92,36,1,1,8,6,RN315 W,0.0,0.0
201300047012,27,6,2013,9,1,92,47,1,1,2,2,A13,0.0,0.0
201300047013,27,6,2013,10,1,92,47,1,1,8,2,A13,0.0,0.0
201300047014,28,6,2013,1,5,92,36,1,1,2,6,RN315 Y,0.0,0.0
201300047015,28,6,2013,10,1,92,36,1,1,2,2,RN315 W,0.0,0.0
201300047016,29,6,2013,11,1,78,7,1,1,1,3,A13W,0.0,0.0
201300047017,29,6,2013,13,1,92,25,1,1,1,4,A86,0.0,0.0
201300047018,22,6,2013,19,1,78,640,1,1,1,2,N118,0.0,0.0
201300047019,30,6,2013,5,2,78,545,1,1,1,7,A12 Y,0.0,0.0
201300047020,30,6,2013,13,1,92,36,1,1,1,2,A86,0.0,0.0
201300047021,1,7,2013,11,1,78,362,1,1,1,6,A13,0.0,0.0
201300047022,2,7,2013,6,1,78,217,1,1,1,6,A13,0.0,0.0
201300047023,3,7,2013,5,2,78,672,1,1,1,5,A13,0.0,0.0
201300047024,4,7,2013,18,1,92,26,1,1,8,5,RN1014 Y,0.0,0.0
201300047025,4,7,2013,21,1,92,50,1,1,1,3,A14,0.0,0.0
201300047026,5,7,2013,9,1,78,43,1,1,1,3,A12 Y,0.0,0.0
201300047027,5,7,2013,13,1,92,36,1,1,1,4,RN315 W,0.0,0.0
201300047028,5,7,2013,16,1,92,63,1,1,1,2,A86,0.0,0.0
201300047029,5,7,2013,18,1,78,672,1,1,1,2,A13,0.0,0.0
201300047030,5,7,2013,20,2,92,72,1,1,1,6,N118,0.0,0.0
201300047031,6,7,2013,6,2,78,431,1,1,1,6,A13,0.0,0.0
201300047032,8,7,2013,12,1,92,25,1,1,1,3,A86,0.0,0.0
201300047033,7,7,2013,6,1,78,217,1,1,1,7,A13,0.0,0.0
201300047034,7,7,2013,18,1,92,64,1,1,1,7,A13,0.0,0.0
201300047035,8,7,2013,20,1,78,126,1,1,1,3,A13,0.0,0.0
201300047036,7,7,2013,22,3,78,402,1,1,1,5,A13,0.0,0.0
201300047037,8,7,2013,8,1,78,233,1,1,1,2,A13,0.0,0.0
201300047038,9,7,2013,18,1,92,36,1,1,1,2,A86,0.0,0.0
201300047039,10,7,2013,17,1,92,50,1,1,1,2,A86,0.0,0.0
201300047040,11,7,2013,8,1,92,36,1,1,1,5,A86,0.0,0.0
201300047041,11,7,2013,8,1,92,47,1,1,1,7,A13,0.0,0.0
201300047042,12,7,2013,15,1,92,36,1,1,1,5,A86,0.0,0.0
201300047043,13,7,2013,14,1,78,140,1,1,1,5,A13,0.0,0.0
201300047044,14,7,2013,20,1,78,73,1,1,1,2,RN12 INT,0.0,0.0
201300047045,15,7,2013,5,2,78,43,1,1,1,5,A12 Y,0.0,0.0
201300047046,16,7,2013,8,1,78,291,1,1,1,3,A13,0.0,0.0
201300047047,16,7,2013,11,1,92,64,1,1,1,2,A13,0.0,0.0
201300047048,16,7,2013,18,1,78,73,1,1,1,2,RN12 INT,0.0,0.0
201300047049,16,7,2013,18,1,92,64,1,1,1,2,A13,0.0,0.0
201300047050,17,7,2013,16,1,92,50,1,1,1,5,A86,0.0,0.0
201300047051,17,7,2013,19,1,78,423,1,1,7,2,RN12 EXT,0.0,0.0
201300047052,18,7,2013,8,1,78,206,1,1,1,3,A13,0.0,0.0
201300047053,18,7,2013,8,1,78,133,1,1,1,2,A13,0.0,0.0
201300047054,18,7,2013,10,1,78,466,1,1,1,5,A13,0.0,0.0
201300047055,18,7,2013,18,1,92,25,1,1,1,3,A86,0.0,0.0
201300047056,19,7,2013,18,1,92,25,1,1,1,2,A86,0.0,0.0
201300047057,21,7,2013,10,1,78,362,1,1,1,2,A13,0.0,0.0
201300047058,22,7,2013,8,1,92,47,1,1,1,3,A13,0.0,0.0
201300047059,23,7,2013,14,1,92,63,1,1,1,6,A86,0.0,0.0
201300047060,23,7,2013,16,1,92,72,1,1,1,3,N118,0.0,0.0
201300047061,25,7,2013,7,1,78,29,1,1,1,2,A13Y,0.0,0.0
201300047062,26,7,2013,9,1,78,297,1,1,1,7,RN12,0.0,0.0
201300047063,27,7,2013,17,1,78,490,1,1,2,1,RN12 INT,0.0,0.0
201300047064,27,7,2013,17,1,92,47,1,1,1,7,A13,0.0,0.0
201300047065,28,7,2013,11,1,92,36,1,1,1,3,RN315 W,0.0,0.0
201300047066,28,7,2013,18,1,78,423,1,1,1,6,A12 W,0.0,0.0
201300047067,28,7,2013,19,1,78,571,1,1,1,7,A13,0.0,0.0
201300047068,28,7,2013,21,2,78,431,1,1,2,6,A13,0.0,0.0
201300047069,28,7,2013,22,3,78,466,1,1,9,6,A13,0.0,0.0
201300047070,29,7,2013,13,1,92,36,1,1,1,6,A86,0.0,0.0
201300047071,29,7,2013,17,1,92,50,1,1,1,5,A86,0.0,0.0
201300047072,29,7,2013,17,1,92,12,1,1,1,2,A13,0.0,0.0
201300047073,29,7,2013,18,1,78,640,1,1,1,5,N118,0.0,0.0
201300047074,31,7,2013,16,1,92,25,1,1,1,2,A86,0.0,0.0
201300047075,31,7,2013,19,1,78,524,1,1,1,2,A13,0.0,0.0
201300047076,31,7,2013,20,1,92,26,1,1,1,7,RN1014 Y,0.0,0.0
201300047077,1,8,2013,0,4,78,73,1,1,1,6,RN12 INT,0.0,0.0
201300047078,1,8,2013,11,1,78,43,1,1,1,3,A12 Y,0.0,0.0
201300047079,1,8,2013,14,1,78,466,1,1,1,2,A13,0.0,0.0
201300047080,3,8,2013,13,1,92,36,1,1,1,6,RN315 W,0.0,0.0
201300047081,3,8,2013,20,1,92,50,1,1,1,3,A14,0.0,0.0
201300047082,7,8,2013,8,1,78,466,1,1,3,3,A13,0.0,0.0
201300047083,7,8,2013,11,1,92,72,1,1,2,6,N118,0.0,0.0
201300047084,8,8,2013,8,1,92,25,1,1,1,3,A86,0.0,0.0
201300047085,10,8,2013,22,4,78,140,1,9,1,7,A13,0.0,0.0
201300047086,12,8,2013,17,1,78,571,1,1,1,4,A13,0.0,0.0
201300047087,12,8,2013,18,1,92,50,1,1,1,6,RD914 Y,0.0,0.0
201300047088,13,8,2013,10,1,92,4,1,1,1,3,RN315 Y,0.0,0.0
201300047089,15,8,2013,10,1,78,362,1,1,1,5,A13,0.0,0.0
201300047090,15,8,2013,11,1,78,291,1,1,1,3,A13,0.0,0.0
201300047091,17,8,2013,11,1,78,402,1,1,1,6,A13,0.0,0.0
201300047092,17,8,2013,23,4,92,25,1,1,2,2,A86,0.0,0.0
201300047093,18,8,2013,0,4,78,431,1,1,1,4,A13,0.0,0.0
201300047094,19,8,2013,23,3,78,322,1,1,1,2,RN12,0.0,0.0
201300047095,21,8,2013,15,1,78,29,1,1,1,2,A13W,0.0,0.0
201300047096,22,8,2013,5,3,78,498,1,1,1,7,A13,0.0,0.0
201300047097,23,8,2013,10,1,78,291,1,1,1,5,A13,0.0,0.0
201300047098,25,8,2013,17,1,92,36,1,1,2,6,A86,0.0,0.0
201300047099,26,8,2013,21,5,78,362,1,1,2,6,A13,0.0,0.0
201300047100,27,8,2013,8,1,92,25,1,1,1,3,A86,0.0,0.0
201300047101,27,8,2013,15,1,78,73,1,1,1,2,N12Y,0.0,0.0
201300047102,28,8,2013,18,1,78,640,1,1,1,3,A86 EXT,0.0,0.0
201300047103,28,8,2013,19,1,92,51,1,1,1,2,RN13,0.0,0.0
201300047104,31,8,2013,2,5,78,551,1,1,1,2,SE A14,0.0,0.0
201300047105,31,8,2013,20,1,78,402,1,1,1,2,A13,0.0,0.0
201300047106,1,9,2013,7,2,78,646,1,1,1,2,RN12,0.0,0.0
201300047107,1,9,2013,17,1,92,64,1,1,1,5,A13,0.0,0.0
201300047108,2,9,2013,9,1,92,63,1,1,1,6,A86,0.0,0.0
201300047109,2,9,2013,14,1,78,217,1,1,7,6,A13,0.0,0.0
201300047110,2,9,2013,16,1,78,545,1,1,1,2,A12 Y,0.0,0.0
201300047111,2,9,2013,19,1,78,402,1,1,1,2,A13,0.0,0.0
201300047112,3,9,2013,9,1,78,423,1,1,1,5,RN12 EXT,0.0,0.0
201300047113,3,9,2013,18,1,78,640,1,1,1,3,RN12 INT,0.0,0.0
201300047114,4,9,2013,17,1,92,63,1,1,1,2,A86,0.0,0.0
201300047115,4,9,2013,21,4,78,640,1,1,1,2,A86 INT,0.0,0.0
201300047116,5,9,2013,9,1,78,423,1,1,7,6,RN12,0.0,0.0
201300047117,5,9,2013,10,1,92,25,1,1,1,4,A86,0.0,0.0
201300047118,5,9,2013,18,1,92,47,1,1,1,4,A13,0.0,0.0
201300047119,6,9,2013,7,2,92,50,1,1,1,3,A86,0.0,0.0
201300047120,6,9,2013,9,1,92,36,1,1,1,7,A86,0.0,0.0
201300047121,7,9,2013,9,1,78,206,1,1,1,6,A13,0.0,0.0
201300047122,8,9,2013,22,3,78,490,1,1,8,6,RN12 EXT,0.0,0.0
201300047123,8,9,2013,16,1,92,47,1,1,1,2,A13,0.0,0.0
201300047124,9,9,2013,9,1,92,50,1,1,1,2,A86,0.0,0.0
201300047125,9,9,2013,13,1,78,362,1,1,2,6,A13,0.0,0.0
201300047126,9,9,2013,19,1,92,36,1,1,9,6,RN315 Y,0.0,0.0
201300047127,10,9,2013,7,1,78,133,1,1,1,6,A13,0.0,0.0
201300047128,10,9,2013,8,1,78,90,1,1,1,5,A13,0.0,0.0
201300047129,10,9,2013,9,1,92,12,1,1,1,7,A13,0.0,0.0
201300047130,10,9,2013,14,1,78,362,1,1,1,6,A13,0.0,0.0
201300047131,11,9,2013,5,4,92,36,1,1,1,7,A86,0.0,0.0
201300047132,11,9,2013,8,1,78,297,1,1,1,2,RN12,0.0,0.0
201300047133,12,9,2013,2,3,92,72,1,1,1,7,N118,0.0,0.0
201300047134,12,9,2013,9,1,92,50,1,1,1,5,A14,0.0,0.0
201300047135,12,9,2013,17,1,92,50,1,1,8,5,A86,0.0,0.0
201300047136,14,9,2013,20,4,78,640,1,1,3,7,A86 EXT,0.0,0.0
201300047137,15,9,2013,9,1,92,36,1,1,1,4,A86,0.0,0.0
201300047138,16,9,2013,7,2,92,60,1,1,2,7,RN385,0.0,0.0
201300047139,16,9,2013,7,1,78,133,1,1,1,6,A13,0.0,0.0
201300047140,16,9,2013,9,5,92,50,1,1,1,3,A86,0.0,0.0
201300047141,2,9,2013,8,1,78,140,1,1,1,6,A13,0.0,0.0
201300047142,16,9,2013,12,1,78,545,1,1,1,7,A12 W,0.0,0.0
201300047143,17,9,2013,12,1,92,47,1,1,1,5,A13,0.0,0.0
201300047144,16,9,2013,19,1,92,64,1,1,2,2,A13,0.0,0.0
201300047145,16,9,2013,21,5,78,640,1,1,2,7,N118,0.0,0.0
201300047146,17,9,2013,7,1,92,25,1,1,8,5,A86,0.0,0.0
201300047147,17,9,2013,14,1,78,297,1,1,1,6,NON UTILISEE,0.0,0.0
201300047148,17,9,2013,19,2,92,25,1,1,2,7,A86,0.0,0.0
201300047149,18,9,2013,7,1,92,76,1,1,1,6,A13,0.0,0.0
201300047150,18,9,2013,19,2,75,116,1,1,2,2,A13Y,0.0,0.0
201300047151,19,9,2013,15,1,92,12,1,1,1,7,A13,0.0,0.0
201300047152,20,9,2013,16,1,92,25,1,1,1,4,A86,0.0,0.0
201300047153,20,9,2013,16,1,92,50,1,1,1,7,A86,0.0,0.0
201300047154,20,9,2013,17,1,78,640,1,1,1,4,A86 EXT,0.0,0.0
201300047155,21,9,2013,8,1,92,72,1,1,1,7,N118,0.0,0.0
201300047156,21,9,2013,17,1,92,25,1,1,1,3,A86,0.0,0.0
201300047157,21,9,2013,18,1,92,64,1,1,1,4,A13,0.0,0.0
201300047158,21,9,2013,19,1,92,50,1,1,1,2,A14,0.0,0.0
201300047159,22,9,2013,17,1,92,12,1,1,1,4,A13,0.0,0.0
201300047160,23,9,2013,8,1,78,322,1,1,1,3,RN12,0.0,0.0
201300047161,23,9,2013,8,1,78,646,1,1,1,2,RN12,0.0,0.0
201300047162,24,9,2013,9,1,92,36,1,1,1,2,A86,0.0,0.0
201300047163,24,9,2013,10,1,78,640,1,1,1,2,A86 EXT,0.0,0.0
201300047164,24,9,2013,11,1,92,62,1,1,1,7,RN1014 W,0.0,0.0
201300047165,13,9,2013,17,1,92,36,1,1,1,3,A86,0.0,0.0
201300047166,24,9,2013,15,1,92,36,1,1,1,3,A86,0.0,0.0
201300047167,25,9,2013,18,1,92,72,1,1,1,2,N118,0.0,0.0
201300047168,27,9,2013,0,5,92,50,1,1,1,2,A14,0.0,0.0
201300047169,27,9,2013,17,1,78,43,1,1,1,7,A12 Y,0.0,0.0
201300047170,28,9,2013,2,5,78,646,1,1,8,2,RN12,0.0,0.0
201300047171,28,9,2013,5,5,92,51,1,1,2,5,RN13,0.0,0.0
201300047172,28,9,2013,15,1,92,25,1,1,1,2,A86,0.0,0.0
201300047173,30,9,2013,8,1,92,36,1,1,8,6,A86,0.0,0.0
201300047174,30,9,2013,19,5,78,640,1,1,1,7,A86 EXT,0.0,0.0
201300047175,1,10,2013,8,1,92,50,1,1,1,2,A14,0.0,0.0
201300047176,1,10,2013,8,1,92,50,1,1,1,2,A14,0.0,0.0
201300047177,1,10,2013,9,1,92,25,1,1,1,2,A86,0.0,0.0
201300047178,1,10,2013,17,1,78,217,1,1,1,6,A13,0.0,0.0
201300047179,2,10,2013,8,1,92,47,1,1,1,3,A13,0.0,0.0
201300047180,2,10,2013,17,1,78,242,1,1,1,3,A12 W,0.0,0.0
201300047181,2,10,2013,20,3,78,90,1,1,1,7,A13,0.0,0.0
201300047182,3,10,2013,17,1,92,50,1,1,1,3,A86,0.0,0.0
201300047183,3,10,2013,22,5,92,51,1,1,2,7,RN13,0.0,0.0
201300047184,4,10,2013,9,1,78,640,1,1,1,5,A86 EXT,0.0,0.0
201300047185,4,10,2013,9,1,92,50,1,1,1,4,A86,0.0,0.0
201300047186,4,10,2013,15,1,78,423,1,1,1,4,RN12,0.0,0.0
201300047187,5,10,2013,20,5,92,36,1,1,1,5,A86,0.0,0.0
201300047188,6,10,2013,19,2,78,362,1,1,1,2,A13,0.0,0.0
201300047189,7,10,2013,6,3,78,646,1,1,1,6,RN12,0.0,0.0
201300047190,7,10,2013,9,1,92,72,1,1,1,2,N118,0.0,0.0
201300047191,7,10,2013,10,1,92,51,1,1,1,3,N13,0.0,0.0
201300047192,7,10,2013,14,1,78,466,1,1,1,7,A13,0.0,0.0