Num_Acc,jour,mois,an,hr,condition_eclairage,departement,commune,condition_agglomeration,intersection,condition_atmosphere,type_collision,adresse,lattitude,longitude
201300047193,7,10,2013,15,1,78,646,1,1,1,3,RN12,0.0,0.0
201300047194,7,10,2013,15,1,78,490,1,1,1,2,RN12 INT,0.0,0.0
201300047195,9,10,2013,18,1,78,73,1,1,1,4,A12 W,0.0,0.0
201300047196,9,10,2013,22,5,78,321,1,1,1,7,RN12 INT,0.0,0.0
201300047197,10,10,2013,7,3,92,48,1,1,8,3,N118,0.0,0.0
201300047198,10,10,2013,9,1,92,47,1,1,1,6,A13,0.0,0.0
201300047199,11,10,2013,9,2,92,48,1,1,2,7,N118,0.0,0.0
201300047200,12,10,2013,0,3,92,48,1,1,2,6,N118,0.0,0.0
201300047201,12,10,2013,1,4,78,291,1,1,1,6,A13,0.0,0.0
201300047202,12,10,2013,14,1,92,62,1,1,1,2,RN1014 W,0.0,0.0
201300047203,14,10,2013,20,3,78,362,1,1,1,4,A13,0.0,0.0
201300047204,14,10,2013,5,3,92,63,1,1,1,7,A86,0.0,0.0
201300047205,14,10,2013,7,2,92,64,1,1,1,2,A13,0.0,0.0
201300047206,15,10,2013,9,1,92,36,1,1,1,5,A86,0.0,0.0
201300047207,15,10,2013,23,3,78,140,1,1,1,3,A13,0.0,0.0
201300047208,16,10,2013,15,1,78,118,1,1,2,5,A13,0.0,0.0
201300047209,16,10,2013,15,1,78,498,1,1,3,6,A13,0.0,0.0
201300047210,16,10,2013,17,1,92,25,1,1,2,2,A86,0.0,0.0
201300047211,16,10,2013,18,5,92,36,1,1,2,3,A86,0.0,0.0
201300047212,17,10,2013,7,3,78,423,1,1,1,5,RN12 EXT,0.0,0.0
201300047213,17,10,2013,7,3,78,322,1,1,8,2,RN12 EXT,0.0,0.0
201300047214,17,10,2013,18,2,92,50,1,1,1,2,A86,0.0,0.0
201300047215,18,10,2013,18,2,78,498,1,1,1,2,A13,0.0,0.0
201300047216,19,10,2013,23,3,78,238,1,1,1,5,A13,0.0,0.0
201300047217,19,10,2013,3,3,78,206,1,1,1,6,A13,0.0,0.0
201300047218,20,10,2013,7,3,78,466,1,1,3,4,A13,0.0,0.0
201300047219,20,10,2013,9,1,78,646,1,1,1,4,RN12,0.0,0.0
201300047220,21,10,2013,8,1,92,48,1,1,1,3,N118,0.0,0.0
201300047221,21,10,2013,18,5,92,63,1,1,1,3,A86,0.0,0.0
201300047222,22,10,2013,20,3,78,455,1,1,1,6,A13,0.0,0.0
201300047223,23,10,2013,6,3,78,43,1,1,1,5,A12 Y,0.0,0.0
201300047224,23,10,2013,8,1,92,50,1,1,1,3,A86,0.0,0.0
201300047225,23,10,2013,17,1,92,50,1,1,2,3,A86,0.0,0.0
201300047226,24,10,2013,15,1,92,47,1,1,1,5,A13,0.0,0.0
201300047227,25,10,2013,7,2,78,43,1,1,2,5,A12 W,0.0,0.0
201300047228,26,10,2013,16,1,78,321,1,1,1,7,RN12 INT,0.0,0.0
201300047229,27,10,2013,17,2,78,640,1,1,3,2,A86 EXT,0.0,0.0
201300047230,27,10,2013,17,5,78,362,1,1,1,5,A13,0.0,0.0
201300047231,27,10,2013,19,3,78,238,1,9,2,2,A13,0.0,0.0
201300047232,27,10,2013,22,5,78,124,1,1,3,6,SE A14,0.0,0.0
201300047233,28,10,2013,8,2,78,423,1,1,2,5,RN12 EXT,0.0,0.0
201300047234,28,10,2013,8,2,78,640,1,1,3,2,A86 EXT,0.0,0.0
201300047235,28,10,2013,17,1,78,423,1,1,1,7,RN12,0.0,0.0
201300047236,29,10,2013,7,1,92,36,1,1,1,3,A86,0.0,0.0
201300047237,29,10,2013,14,1,78,217,1,1,1,2,A13,0.0,0.0
201300047238,29,10,2013,20,5,92,48,1,1,1,1,N118,0.0,0.0
201300047239,30,10,2013,7,2,78,524,1,1,1,3,A13,0.0,0.0
201300047240,30,10,2013,18,2,92,36,1,1,1,2,A86,0.0,0.0
201300047241,1,11,2013,11,1,78,402,1,1,2,4,A13,0.0,0.0
201300047242,1,11,2013,16,1,78,423,1,1,2,6,RN12,0.0,0.0
201300047243,2,11,2013,7,2,92,72,1,1,2,6,N118,0.0,0.0
201300047244,2,11,2013,8,1,92,72,1,1,2,6,N118,0.0,0.0
201300047245,3,11,2013,20,3,78,238,1,1,2,2,A13,0.0,0.0
201300047246,4,11,2013,9,1,78,646,1,1,1,2,RN12,0.0,0.0
201300047247,4,11,2013,10,1,92,25,1,1,1,7,A86,0.0,0.0
201300047248,5,11,2013,12,1,78,43,1,1,2,6,A12 Y,0.0,0.0
201300047249,6,11,2013,5,3,78,158,1,1,3,7,A13,0.0,0.0
201300047250,6,11,2013,8,1,92,36,1,1,8,7,A86,0.0,0.0
201300047251,6,11,2013,15,1,92,64,1,1,1,3,A13,0.0,0.0
201300047252,7,11,2013,7,3,92,25,1,1,3,6,A86,0.0,0.0
201300047253,7,11,2013,14,1,92,63,1,1,1,7,A86,0.0,0.0
201300047254,7,11,2013,17,3,78,646,1,1,2,1,RN12,0.0,0.0
201300047255,7,11,2013,17,5,78,402,1,1,2,6,A13,0.0,0.0
201300047256,8,11,2013,13,1,92,36,1,1,2,3,A86,0.0,0.0
201300047257,8,11,2013,13,1,78,490,1,1,2,6,RN12 EXT,0.0,0.0
201300047258,8,11,2013,15,1,78,640,1,1,2,2,A86 INT,0.0,0.0
201300047259,9,11,2013,10,1,78,524,1,1,1,7,A13,0.0,0.0
201300047260,11,11,2013,20,5,78,117,1,1,1,6,RN12,0.0,0.0
201300047261,12,11,2013,6,3,78,291,1,1,2,3,A13,0.0,0.0
201300047262,12,11,2013,9,1,92,50,1,1,1,3,A86,0.0,0.0
201300047263,12,11,2013,11,1,92,26,1,1,2,2,RN1014 Y,0.0,0.0
201300047264,12,11,2013,18,5,78,362,1,1,2,5,A13,0.0,0.0
201300047265,13,11,2013,7,2,92,36,1,1,1,6,A86,0.0,0.0
201300047266,14,11,2013,13,1,78,524,1,1,2,6,A13,0.0,0.0
201300047267,14,11,2013,14,1,92,26,1,1,2,7,RN1014 Y,0.0,0.0
201300047268,14,11,2013,18,5,78,418,1,1,1,3,A14,0.0,0.0
201300047269,14,11,2013,19,3,92,64,1,1,1,4,A13,0.0,0.0
201300047270,15,11,2013,9,1,78,545,1,1,2,4,A12 Y,0.0,0.0
201300047271,15,11,2013,19,5,92,50,1,1,1,3,A86,0.0,0.0
201300047272,17,11,2013,19,3,78,646,1,1,1,6,RN12,0.0,0.0
201300047273,18,11,2013,8,1,78,640,1,1,1,5,A86 EXT,0.0,0.0
201300047274,19,11,2013,8,1,92,36,1,1,2,3,A86,0.0,0.0
201300047275,19,11,2013,17,1,92,48,1,1,1,2,N118,0.0,0.0
201300047276,19,11,2013,18,3,78,640,1,1,1,2,A86 EXT,0.0,0.0
201300047277,21,11,2013,12,1,78,640,1,9,8,7,N118,0.0,0.0
201300047278,21,11,2013,14,1,92,63,1,1,1,7,A86,0.0,0.0
201300047279,21,11,2013,14,1,92,36,1,1,8,7,A86,0.0,0.0
201300047280,21,11,2013,17,3,92,50,1,1,2,3,A86,0.0,0.0
201300047281,21,11,2013,20,5,78,238,1,1,1,6,A13,0.0,0.0
201300047282,22,11,2013,8,1,78,291,1,1,1,2,A13,0.0,0.0
201300047283,22,11,2013,13,1,92,63,1,1,8,2,A86,0.0,0.0
201300047284,22,11,2013,16,3,78,206,1,1,1,6,A13,0.0,0.0
201300047285,22,11,2013,17,3,92,36,1,1,1,3,A86,0.0,0.0
201300047286,22,11,2013,18,3,78,571,1,1,1,2,A13,0.0,0.0
201300047287,25,11,2013,9,1,92,63,1,1,8,2,A86,0.0,0.0
201300047288,26,11,2013,5,5,78,466,1,1,1,6,A13,0.0,0.0
201300047289,26,11,2013,9,1,78,640,1,1,1,6,N118,0.0,0.0
201300047290,27,11,2013,14,1,78,545,1,1,1,2,NON UTILISEE,0.0,0.0
201300047291,28,11,2013,1,3,92,47,1,1,1,1,A13,0.0,0.0
201300047292,28,11,2013,7,4,78,43,1,1,1,3,A12 W,0.0,0.0
201300047293,28,11,2013,8,1,92,50,1,1,1,5,A86,0.0,0.0
201300047294,28,11,2013,8,1,78,431,1,1,1,6,A13,0.0,0.0
201300047295,29,11,2013,10,1,92,64,1,1,1,3,A13,0.0,0.0
201300047296,29,11,2013,21,3,78,640,1,1,2,3,A86 EXT,0.0,0.0
201300047297,30,11,2013,15,1,78,43,1,9,1,6,A12 W,0.0,0.0
201300047298,1,12,2013,9,1,78,466,1,1,1,7,A13,0.0,0.0
201300047299,3,12,2013,18,5,78,321,1,1,5,2,RN12 INT,0.0,0.0
201300047300,4,12,2013,9,1,92,48,1,1,1,7,N118,0.0,0.0
201300047301,5,12,2013,8,5,92,36,1,1,9,4,A86,0.0,0.0
201300047302,5,12,2013,17,3,92,36,1,1,1,2,A86,0.0,0.0
201300047303,5,12,2013,17,4,78,640,1,1,1,3,RN12 INT,0.0,0.0
201300047304,6,12,2013,18,5,78,73,1,1,1,2,NON UTILISEE,0.0,0.0
201300047305,6,12,2013,19,5,78,362,1,1,1,2,A13,0.0,0.0
201300047306,6,12,2013,20,5,92,50,1,1,1,2,A86,0.0,0.0
201300047307,7,12,2013,10,1,92,12,1,1,1,2,A13,0.0,0.0
201300047308,7,12,2013,13,1,78,423,1,1,1,7,RN12 EXT,0.0,0.0
201300047309,7,12,2013,16,5,78,362,1,1,1,6,A13,0.0,0.0
201300047310,8,12,2013,16,1,92,62,1,1,1,2,RN1014 W,0.0,0.0
201300047311,9,12,2013,3,4,92,36,1,1,1,6,A86,0.0,0.0
201300047312,9,12,2013,6,3,78,545,1,1,1,3,A12 W,0.0,0.0
201300047313,9,12,2013,6,3,78,297,1,1,1,2,RN12,0.0,0.0
201300047314,9,12,2013,9,1,78,238,1,1,1,5,A13,0.0,0.0
201300047315,10,12,2013,4,3,78,571,1,1,1,5,A13,0.0,0.0
201300047316,10,12,2013,8,1,78,206,1,1,5,2,A13,0.0,0.0
201300047317,12,12,2013,23,3,92,36,1,1,8,6,A86,0.0,0.0
201300047318,12,12,2013,23,3,78,402,1,1,1,6,A13,0.0,0.0
201300047319,13,12,2013,18,3,92,36,1,1,1,5,A86,0.0,0.0
201300047320,14,12,2013,1,4,78,455,1,1,2,7,A13,0.0,0.0
201300047321,14,12,2013,6,3,78,423,1,1,9,6,A12 Y,0.0,0.0
201300047322,14,12,2013,13,1,78,490,1,1,1,5,RN12 EXT,0.0,0.0
201300047323,14,12,2013,15,1,92,64,1,1,1,2,A13,0.0,0.0
201300047324,15,12,2013,1,5,92,64,1,9,1,2,A13,0.0,0.0
201300047325,15,12,2013,16,1,78,43,1,1,1,6,A12 Y,0.0,0.0
201300047326,16,12,2013,14,1,92,64,1,1,7,6,A13,0.0,0.0
201300047327,16,12,2013,18,5,78,362,1,1,1,4,A13,0.0,0.0
201300047328,16,12,2013,19,3,78,640,1,1,1,4,A86 EXT,0.0,0.0
201300047329,17,12,2013,11,1,92,36,1,1,1,4,A86,0.0,0.0
201300047330,19,12,2013,8,2,92,36,1,1,2,3,A86,0.0,0.0
201300047331,19,12,2013,7,4,92,47,1,1,1,5,A13,0.0,0.0
201300047332,19,12,2013,10,1,92,47,1,1,1,2,A13,0.0,0.0
201300047333,16,12,2013,16,1,78,362,1,1,1,6,A13,0.0,0.0
201300047334,19,12,2013,18,3,78,640,1,1,1,3,N118,0.0,0.0
201300047335,20,12,2013,12,1,78,133,1,1,1,5,A13,0.0,0.0
201300047336,20,12,2013,15,1,92,25,1,1,1,2,A86,0.0,0.0
201300047337,23,12,2013,19,3,78,158,1,1,1,1,A13,0.0,0.0
201300047338,24,12,2013,19,3,92,63,1,1,2,6,A86,0.0,0.0
201300047339,27,12,2013,9,1,92,72,1,1,2,6,N118,0.0,0.0
201300047340,28,12,2013,3,5,78,291,1,1,3,6,A13,0.0,0.0
201300047341,28,12,2013,5,5,78,158,1,1,2,6,A13,0.0,0.0
201300047342,31,12,2013,10,1,92,50,1,1,2,6,A86,0.0,0.0
201300047343,31,12,2013,18,3,78,455,1,1,2,2,A13,0.0,0.0
201300047344,31,12,2013,22,3,92,50,1,1,2,7,A14,0.0,0.0
201300047345,1,1,2013,5,4,91,161,1,1,3,2,AUTOROUTE A126,0.0,0.0
201300047346,1,1,2013,11,1,94,43,1,1,2,7,A6B,48.8131,2.35383
201300047347,2,1,2013,3,3,91,347,1,1,8,7,RN 104,0.0,0.0
201300047348,3,1,2013,11,1,91,521,1,1,2,7,RN 104,0.0,0.0
201300047349,3,1,2013,14,1,91,689,1,1,2,2,AUTOROUTE A6,0.0,0.0
201300047350,3,1,2013,14,1,91,468,1,1,2,6,AUTOROUTE A6,0.0,0.0
201300047351,3,1,2013,21,3,91,64,1,1,2,4,RN 118,0.0,0.0
201300047352,4,1,2013,16,2,91,617,1,1,2,4,RN 104,0.0,0.0
201300047353,6,1,2013,15,1,91,434,1,1,1,4,AUTOROUTE A6,0.0,0.0
201300047354,6,1,2013,15,1,91,434,1,1,1,5,AUTOROUTE A6,0.0,0.0
201300047355,7,1,2013,14,1,91,235,1,1,1,4,RN 104,0.0,0.0
201300047356,7,1,2013,18,3,91,340,1,1,1,7,AUTOROUTE A6,0.0,0.0
201300047357,9,1,2013,16,1,91,161,1,1,1,7,AUTOROUTE A6,0.0,0.0
201300047358,9,1,2013,18,3,91,174,1,1,2,4,RN 104,0.0,0.0
201300047359,9,1,2013,18,3,91,549,1,1,2,4,RN 104,0.0,0.0
201300047360,10,1,2013,8,1,91,589,1,1,2,3,AUTOROUTE A6,0.0,0.0
201300047361,10,1,2013,15,1,91,182,1,1,2,7,RN 104,0.0,0.0
201300047362,10,1,2013,16,1,91,363,1,1,2,3,RN 104,0.0,0.0
201300047363,11,1,2013,9,1,91,345,1,1,1,4,AUTOROUTE A6,0.0,0.0
201300047364,11,1,2013,20,5,94,34,1,1,1,2,A86,48.7555,2.34092
201300047365,1,5,2013,19,1,91,521,1,1,8,3,RN 104,0.0,0.0
201300047366,14,1,2013,10,1,91,363,1,1,1,2,RN 104,0.0,0.0
201300047367,14,1,2013,12,1,91,553,1,1,1,5,RN 104,0.0,0.0
201300047368,15,1,2013,8,2,77,251,1,1,4,5,AUTOROUTE A5A,0.0,0.0
201300047369,17,1,2013,10,1,91,216,1,1,1,4,AUTOROUTE A6,0.0,0.0
201300047370,18,1,2013,2,5,94,38,1,1,1,7,A6A,48.787,2.34524
201300047371,18,1,2013,17,1,91,689,1,1,4,3,AUTOROUTE A6A,0.0,0.0
201300047372,19,1,2013,11,1,91,521,1,1,4,6,RN 449,0.0,0.0
201300047373,22,1,2013,9,1,94,3,1,1,2,2,A6A,48.7985,2.34312
201300047374,22,1,2013,13,1,91,174,1,1,2,6,RN 104,0.0,0.0
201300047375,22,1,2013,17,1,91,521,1,1,1,6,RN 104,0.0,0.0
201300047376,25,1,2013,8,1,91,534,1,1,1,6,RN 118,0.0,0.0
201300047377,25,1,2013,15,1,92,2,1,1,1,6,AUTOROUTE A86,0.0,0.0
201300047378,25,1,2013,19,3,91,64,1,1,1,3,RN 118,0.0,0.0
201300047379,26,1,2013,8,1,91,521,1,1,8,7,RN 449,0.0,0.0
201300047380,27,1,2013,7,3,91,589,1,1,2,2,AUTOROUTE A6,0.0,0.0
201300047381,27,1,2013,7,1,94,21,1,1,2,2,A106,48.7611,2.34514
201300047382,28,1,2013,9,1,91,64,1,1,1,7,RD 444,0.0,0.0
201300047383,29,1,2013,12,1,91,235,1,1,3,7,RN 104,0.0,0.0
201300047384,29,1,2013,18,3,91,689,1,1,2,3,AUTOROUTE A6,0.0,0.0
201300047385,29,1,2013,19,3,94,43,1,1,1,3,A6B,48.8123,2.35259
201300047386,30,1,2013,8,2,91,174,1,1,2,4,RN 104,0.0,0.0
201300047387,1,2,2013,11,1,91,521,1,1,1,6,RN 104,0.0,0.0
201300047388,2,2,2013,8,2,91,136,1,1,2,7,AUTOROUTE A10,0.0,0.0
201300047389,2,2,2013,15,1,94,3,1,1,2,5,A6B,48.8029,2.34377
201300047390,2,2,2013,20,3,91,477,1,1,1,6,AUTOROUTE A10,0.0,0.0
201300047391,3,2,2013,16,1,91,161,1,1,1,3,CARREFOUR RN20 / CD120,0.0,0.0
201300047392,3,2,2013,21,3,91,136,1,1,2,3,AUTOROUTE A126,0.0,0.0
201300047393,3,2,2013,21,5,94,34,1,1,2,3,A86,48.7556,2.34326
201300047394,4,2,2013,7,3,94,34,1,1,1,3,A86,48.7619,2.31452
201300047395,4,2,2013,17,1,91,174,1,1,1,4,RN 104,0.0,0.0
201300047396,6,2,2013,7,2,91,689,1,1,2,7,AUTOROUTE A6A,0.0,0.0
201300047397,6,2,2013,8,1,94,38,1,1,2,7,A6A,48.7872,2.34533
201300047398,6,2,2013,10,1,91,617,1,1,2,3,RN 104,0.0,0.0
201300047399,6,2,2013,11,1,91,235,1,1,2,6,RD 445,0.0,0.0
201300047400,7,2,2013,8,1,91,161,1,1,1,2,AUTOROUTE A6,0.0,0.0
201300047401,7,2,2013,10,1,91,534,1,1,1,3,RN 118,0.0,0.0
201300047402,8,2,2013,7,5,94,3,1,1,1,6,A6B,48.8023,2.34351
201300047403,8,2,2013,8,2,91,589,1,1,1,3,AUTOROUTE A6,0.0,0.0
201300047404,9,2,2013,10,1,77,384,1,1,8,7,AUTOROUTE A5A,0.0,0.0
201300047405,9,2,2013,18,3,91,434,1,1,1,3,AUTOROUTE A6,0.0,0.0
201300047406,10,2,2013,5,3,94,34,1,1,1,2,A6A,48.7522,2.3305
201300047407,11,2,2013,21,3,91,377,1,1,1,7,RD188,0.0,0.0
201300047408,12,2,2013,7,2,91,521,1,1,2,3,AUTOROUTE A6,0.0,0.0
201300047409,12,2,2013,8,2,94,38,1,1,1,3,A6B,48.7906,2.34389
201300047410,12,2,2013,8,2,91,434,1,1,1,7,AUTOROUTE A6,0.0,0.0
201300047411,12,2,2013,9,1,91,521,1,1,1,5,AUTOROUTE A6,0.0,0.0
201300047412,13,2,2013,8,2,94,21,1,1,1,4,A6B,48.7599,2.33844
201300047413,13,2,2013,8,2,91,521,1,1,1,3,AUTOROUTE A6,0.0,0.0
201300047414,13,2,2013,17,1,91,136,1,1,1,4,AUTOROUTE A10,0.0,0.0
201300047415,14,2,2013,8,1,91,182,1,1,1,2,AUTOROUTE A6,0.0,0.0
201300047416,14,2,2013,23,5,94,21,1,1,1,6,A6B,48.7713,2.34497
201300047417,15,2,2013,23,3,91,136,1,1,8,7,AUTOROUTE A10,0.0,0.0
201300047418,15,2,2013,7,3,91,659,1,1,1,6,AUTOROUTE A6,0.0,0.0
201300047419,18,2,2013,9,1,94,65,1,1,1,3,A106,48.7506,2.35539
201300047420,15,2,2013,12,1,94,34,1,1,1,2,A86,48.7601,2.32034
201300047421,15,2,2013,15,1,91,363,1,1,1,6,RN 104,0.0,0.0
201300047422,17,2,2013,3,3,91,179,1,1,1,6,AUTOROUTE A6,0.0,0.0
201300047423,17,2,2013,5,5,94,3,1,1,1,6,A6A,48.7998,2.34228
201300047424,18,2,2013,7,2,91,534,1,1,1,2,RN 118,0.0,0.0
201300047425,18,2,2013,11,1,94,65,1,1,1,4,A106,48.7506,2.35562
201300047426,19,2,2013,16,1,92,2,1,1,1,2,RN 385,0.0,0.0
201300047427,21,2,2013,19,3,91,339,1,1,1,2,RN 104,0.0,0.0
201300047428,22,2,2013,13,1,91,570,1,1,1,3,RN 104,0.0,0.0
201300047429,24,2,2013,0,3,91,37,1,1,8,7,AUTOROUTE A6,0.0,0.0
201300047430,24,2,2013,3,3,91,216,1,1,4,4,AUTOROUTE A6,0.0,0.0
201300047431,24,2,2013,5,3,91,471,1,1,4,7,RD 188 CHEVREUSE,0.0,0.0
201300047432,24,2,2013,8,1,91,689,1,1,1,7,AUTOROUTE A6,0.0,0.0
201300047433,26,2,2013,19,3,91,687,1,1,1,2,AUTOROUTE A6,0.0,0.0
201300047434,28,2,2013,9,1,94,21,1,1,8,6,A6A,48.7613,2.33976
201300047435,2,3,2013,11,1,94,38,1,1,1,2,A6A,48.7881,2.34491
201300047436,3,3,2013,6,3,92,2,1,1,1,7,AUTOROUTE A86,0.0,0.0
201300047437,4,3,2013,4,3,91,347,1,1,1,6,RN 104,0.0,0.0
201300047438,8,3,2013,7,2,91,86,1,1,2,7,RN 104,0.0,0.0
201300047439,8,3,2013,17,1,94,21,1,1,2,5,A6A,48.7643,2.3422
201300047440,8,3,2013,18,2,91,340,1,1,2,2,RN 104,0.0,0.0
201300047441,11,3,2013,11,1,91,216,1,1,2,2,AUTOROUTE A6,0.0,0.0
201300047442,11,3,2013,12,1,94,37,1,1,1,6,A6B,48.814,2.35493
201300047443,11,3,2013,13,1,91,161,1,1,1,3,AUTOROUTE A126,0.0,0.0
201300047444,11,3,2013,15,1,91,692,1,1,8,2,AUTOROUTE A10,0.0,0.0
201300047445,11,3,2013,18,2,77,251,1,1,2,2,AUTOROUTE A5A,0.0,0.0
201300047446,12,3,2013,13,1,91,136,1,1,4,4,AUTOROUTE A10,0.0,0.0
201300047447,12,3,2013,15,1,91,661,1,1,4,2,AUTOROUTE A10,0.0,0.0
201300047448,14,3,2013,11,1,91,689,1,1,1,7,AUTOROUTE A6A,0.0,0.0
201300047449,17,3,2013,14,1,94,43,1,1,2,6,A6B,48.8158,2.3563
201300047450,17,3,2013,18,2,92,2,1,1,2,2,AUTOROUTE A10,0.0,0.0
201300047451,19,3,2013,22,5,94,43,1,1,2,6,A6B,48.8135,2.35448
201300047452,20,3,2013,7,1,91,589,1,1,8,3,AUTOROUTE A6,0.0,0.0
201300047453,20,3,2013,8,1,94,34,1,1,1,4,A86,48.7598,2.3217
201300047454,21,3,2013,7,1,91,521,1,1,1,7,AUTOROUTE A6,0.0,0.0
201300047455,21,3,2013,8,1,91,534,1,1,1,2,RN 118,0.0,0.0
201300047456,22,3,2013,20,5,94,21,1,1,1,2,A6B,48.767,2.34266
201300047457,23,3,2013,6,2,91,161,1,1,1,7,AUTOROUTE A6,0.0,0.0
201300047458,25,3,2013,5,3,91,363,1,1,1,7,RN 118,0.0,0.0
201300047459,25,3,2013,16,1,91,340,1,1,1,4,AUTOROUTE A6,0.0,0.0
201300047460,25,3,2013,21,3,91,377,1,1,1,5,AUTOROUTE A10,0.0,0.0
201300047461,30,3,2013,16,1,91,161,1,1,1,6,AUTOROUTE A6,0.0,0.0
201300047462,1,4,2013,11,1,91,589,1,1,1,4,AUTOROUTE A6,0.0,0.0
201300047463,1,4,2013,16,1,91,64,1,1,1,7,RN 118,0.0,0.0
201300047464,2,4,2013,9,1,91,534,1,1,1,3,RN 118,0.0,0.0
201300047465,2,4,2013,19,1,91,235,1,1,1,3,RN 104,0.0,0.0
201300047466,3,4,2013,5,1,92,2,1,1,1,3,AUTOROUTE A10,0.0,0.0
201300047467,4,4,2013,16,1,91,161,1,1,2,3,AUTOROUTE A126,0.0,0.0
201300047468,5,4,2013,8,1,91,434,1,1,2,2,AUTOROUTE A6,0.0,0.0
201300047469,5,4,2013,9,1,91,339,1,1,2,4,RN 104,0.0,0.0
201300047470,5,4,2013,17,1,91,434,1,1,1,3,AUTOROUTE A6,0.0,0.0
201300047471,7,4,2013,18,1,91,589,1,1,1,4,AUTOROUTE A6,0.0,0.0
201300047472,8,4,2013,8,1,94,43,1,1,1,5,A6B,48.8086,2.34824
201300047473,8,4,2013,9,1,94,34,1,1,1,2,A86,48.7571,2.33022
201300047474,8,4,2013,17,1,91,216,1,1,1,6,AUTOROUTE A6,0.0,0.0
201300047475,9,4,2013,6,5,94,38,1,1,3,7,A6A,48.7872,2.34534
201300047476,9,4,2013,12,1,91,689,1,1,8,4,AUTOROUTE A10,0.0,0.0
201300047477,9,4,2013,19,1,91,182,1,1,2,5,RN 104,0.0,0.0
201300047478,9,4,2013,20,2,91,521,1,1,8,2,RN 104,0.0,0.0
201300047479,10,4,2013,8,1,91,64,1,1,8,3,RN 118,0.0,0.0
201300047480,10,4,2013,8,1,94,38,1,1,1,3,A6B,48.7909,2.34394
201300047481,11,4,2013,11,1,77,251,1,1,1,7,AUTOROUTE A5A,0.0,0.0
201300047482,12,4,2013,9,1,92,2,1,1,2,2,AUTOROUTE A86,0.0,0.0
201300047483,12,4,2013,15,1,94,34,1,1,2,4,A86,48.7582,2.32649
201300047484,12,4,2013,16,1,94,34,1,1,3,3,A86,48.7563,2.33269
201300047485,15,4,2013,7,1,94,76,1,1,2,3,A6B,48.7875,2.34579
201300047486,15,4,2013,19,1,94,43,1,1,1,7,A6B,48.8134,2.35431
201300047487,16,4,2013,13,1,94,76,1,1,1,3,A6B,48.7915,2.3446
201300047488,16,4,2013,19,1,91,161,1,1,1,3,AUTOROUTE A6,0.0,0.0
201300047489,17,4,2013,11,1,91,312,1,1,1,2,RD 444,0.0,0.0
201300047490,17,4,2013,11,1,91,182,1,1,1,7,RN 104,0.0,0.0
201300047491,17,4,2013,18,1,91,182,1,1,1,4,AUTOROUTE A6,0.0,0.0
201300047492,19,4,2013,16,1,91,161,1,1,8,3,AUTOROUTE A126,0.0,0.0
201300047493,19,4,2013,17,1,91,659,1,1,1,5,AUTOROUTE A6,0.0,0.0
201300047494,20,4,2013,3,5,91,377,1,1,1,4,RN20,0.0,0.0
201300047495,21,4,2013,12,1,92,2,1,1,1,4,AUTOROUTE A86,0.0,0.0
201300047496,21,4,2013,15,1,91,521,1,1,1,3,AUTOROUTE A6,0.0,0.0
201300047497,22,4,2013,8,1,91,216,1,1,1,2,AUTOROUTE A6,0.0,0.0
201300047498,23,4,2013,11,1,91,477,1,1,1,7,AUTOROUTE A126,0.0,0.0
201300047499,23,4,2013,17,1,94,16,1,1,1,2,A6A,48.7977,2.34367
201300047500,24,4,2013,1,3,91,136,1,1,1,7,AUTOROUTE A10,0.0,0.0
201300047501,24,4,2013,7,1,91,661,1,1,1,3,AUTOROUTE A10,0.0,0.0
201300047502,24,4,2013,7,1,91,549,1,1,1,2,RN 104,0.0,0.0
201300047503,24,4,2013,16,1,91,161,1,1,1,4,AUTOROUTE A6,0.0,0.0
201300047504,25,4,2013,8,1,92,2,1,1,1,2,AUTOROUTE A10,0.0,0.0
201300047505,25,4,2013,8,1,94,38,1,1,1,2,A6A,48.7872,2.34533
201300047506,25,4,2013,13,1,91,687,1,1,1,5,AUTOROUTE A6,0.0,0.0
201300047507,25,4,2013,18,1,91,174,1,1,1,6,RN 104,0.0,0.0
201300047508,29,4,2013,9,1,91,161,1,1,1,2,AUTOROUTE A6,0.0,0.0
201300047509,30,4,2013,9,1,94,65,1,1,1,7,A86,48.7555,2.34389
201300047510,1,5,2013,16,1,94,37,1,1,2,2,A6B,48.8065,2.34597
201300047511,1,5,2013,18,1,91,174,1,1,2,3,RN 104,0.0,0.0
201300047512,2,5,2013,9,1,77,251,1,1,1,7,AUTOROUTE A5A,0.0,0.0
201300047513,3,5,2013,7,1,91,553,1,1,1,6,RN 104,0.0,0.0
201300047514,3,5,2013,21,3,94,21,1,1,1,3,A6A,48.7663,2.34366
201300047515,7,5,2013,17,1,94,21,1,1,1,6,A6A,48.7643,2.34239
201300047516,9,5,2013,19,1,92,2,1,1,1,2,AUTOROUTE A10,0.0,0.0
201300047517,10,5,2013,9,1,94,65,1,1,1,3,A106,48.7536,2.35263
201300047518,12,5,2013,14,1,91,689,1,1,1,7,AUTOROUTE A6A,0.0,0.0
201300047519,12,5,2013,17,1,91,689,1,1,1,4,AUTOROUTE A6B,0.0,0.0
201300047520,12,5,2013,17,1,91,37,1,1,1,3,AUTOROUTE A6,0.0,0.0
201300047521,12,5,2013,22,3,77,495,1,1,2,7,AUTOROUTE A5A,0.0,0.0
201300047522,14,5,2013,8,1,91,161,1,1,1,4,AUTOROUTE A6,0.0,0.0
201300047523,14,5,2013,19,1,91,340,1,1,1,2,AUTOROUTE A6,0.0,0.0
201300047524,15,5,2013,5,2,94,34,1,1,1,2,A86,48.7563,2.33941
201300047525,15,5,2013,8,1,91,345,1,1,1,4,AUTOROUTE A6,0.0,0.0
201300047526,16,5,2013,15,1,91,689,1,1,2,4,AUTOROUTE A6,0.0,0.0
201300047527,16,5,2013,16,1,92,2,1,1,1,2,AUTOROUTE A6,0.0,0.0
201300047528,16,5,2013,17,1,91,64,1,1,1,2,RN 118,0.0,0.0
201300047529,18,5,2013,21,2,92,2,1,1,2,7,AUTOROUTE A86,0.0,0.0
201300047530,18,5,2013,21,5,94,34,1,1,8,6,A86,48.7563,2.3394
201300047531,19,5,2013,4,3,91,216,1,1,1,6,AUTOROUTE A6,0.0,0.0