Num_Acc,jour,mois,an,hr,condition_eclairage,departement,commune,condition_agglomeration,intersection,condition_atmosphere,type_collision,adresse,lattitude,longitude
201300047532,19,5,2013,7,1,94,38,1,1,1,3,A6A,48.7898,2.34403
201300047533,20,5,2013,8,1,91,174,1,1,8,7,RN 104,0.0,0.0
201300047534,20,5,2013,14,1,91,235,1,1,2,2,RN 104,0.0,0.0
201300047535,20,5,2013,15,1,91,161,1,1,1,3,AUTOROUTE A126,0.0,0.0
201300047536,20,5,2013,20,2,91,363,1,1,2,7,RN 104,0.0,0.0
201300047537,21,5,2013,11,1,91,136,1,1,1,4,A10 PARIS / RN188 PROVIN,0.0,0.0
201300047538,21,5,2013,17,1,94,38,1,1,1,5,A6B,48.7901,2.34388
201300047539,23,5,2013,6,1,91,179,1,1,1,7,RN 337,0.0,0.0
201300047540,23,5,2013,18,1,94,34,1,1,8,2,A86,48.7556,2.33654
201300047541,24,5,2013,10,1,94,43,1,1,2,2,A6B,48.8146,2.35565
201300047542,27,5,2013,6,1,91,659,1,1,1,2,AUTOROUTE A6,0.0,0.0
201300047543,27,5,2013,9,1,91,347,1,1,1,2,RN 104,0.0,0.0
201300047544,27,5,2013,11,1,91,468,1,1,1,4,AUTOROUTE A6,0.0,0.0
201300047545,27,5,2013,13,1,94,3,1,1,1,7,A6A,48.8128,2.33637
201300047546,28,5,2013,8,1,91,363,1,1,1,2,RN 104,0.0,0.0
201300047547,29,5,2013,7,1,94,34,1,1,1,3,A6A,48.7501,2.32874
201300047548,29,5,2013,8,1,94,34,1,1,1,3,A86,48.7614,2.31621
201300047549,29,5,2013,9,1,94,38,1,1,1,3,A6B,48.7881,2.34546
201300047550,29,5,2013,19,1,92,19,1,1,1,2,RN 385,0.0,0.0
201300047551,30,5,2013,7,1,91,103,1,1,2,3,RN 104,0.0,0.0
201300047552,30,5,2013,20,1,91,689,1,1,8,2,AUTOROUTE A6A,0.0,0.0
201300047553,31,5,2013,17,1,91,339,1,1,1,6,RN 104,0.0,0.0
201300047554,31,5,2013,19,1,91,589,1,1,1,2,AUTOROUTE A6,0.0,0.0
201300047555,2,6,2013,18,1,91,179,1,1,1,6,RN 337,0.0,0.0
201300047556,3,6,2013,16,1,94,3,1,1,1,7,AUTOROUTE A6B,48.8004,2.34377
201300047557,4,6,2013,7,1,91,347,1,1,1,2,RN 104,0.0,0.0
201300047558,4,6,2013,14,1,91,377,1,1,1,2,AUTOROUTE A10,0.0,0.0
201300047559,4,6,2013,15,1,91,689,1,1,1,3,AUTOROUTE A6B,0.0,0.0
201300047560,5,6,2013,10,1,91,687,1,1,1,4,AUTOROUTE A6,0.0,0.0
201300047561,5,6,2013,17,1,77,251,1,1,1,7,AUTOROUTE A5A,0.0,0.0
201300047562,6,6,2013,7,1,94,21,1,1,1,5,AUTOROUTE A6A,0.0,0.0
201300047563,6,6,2013,9,1,91,312,1,1,1,3,RD 444,0.0,0.0
201300047564,7,6,2013,12,1,94,3,1,1,1,7,AUTOROUTE A6A,48.802,2.34196
201300047565,7,6,2013,18,1,94,38,1,1,1,5,AUTOROUTE A6B,48.788,2.34554
201300047566,9,6,2013,11,1,91,339,1,1,1,3,RN 104,0.0,0.0
201300047567,10,6,2013,8,1,92,2,1,1,1,5,AUTOROUTE A86,0.0,0.0
201300047568,10,6,2013,8,1,91,589,1,1,1,2,AUTOROUTE A6,0.0,0.0
201300047569,10,6,2013,9,1,91,377,1,1,1,7,AUTOROUTE A10,0.0,0.0
201300047570,11,6,2013,7,1,92,2,1,1,1,3,AUTOROUTE A86,0.0,0.0
201300047571,11,6,2013,19,1,94,21,1,1,2,7,AUTOROUTE A6A,48.7597,2.33811
201300047572,12,6,2013,16,1,91,161,1,1,8,2,AUTOROUTE A6,0.0,0.0
201300047573,12,6,2013,19,1,91,549,1,1,1,3,RN 104,0.0,0.0
201300047574,13,6,2013,15,1,91,339,1,1,3,4,RN 104,0.0,0.0
201300047575,14,6,2013,6,1,91,570,1,1,1,6,RN 104,0.0,0.0
201300047576,14,6,2013,8,1,94,34,1,1,1,2,AUTOROUTE A86,48.7582,2.3265
201300047577,14,6,2013,19,1,91,434,1,1,1,2,AUTOROUTE A6,0.0,0.0
201300047578,17,6,2013,9,1,91,174,1,1,3,4,AUTOROUTE A6,0.0,0.0
201300047579,17,6,2013,11,1,94,65,1,1,1,4,AUTOROUTE A106,48.7462,2.36
201300047580,17,6,2013,16,1,94,3,1,1,1,7,AUTOROUTE A6A,48.808,2.34026
201300047581,17,6,2013,20,1,91,477,1,1,8,6,AUTOROUTE A10,0.0,0.0
201300047582,19,6,2013,7,2,91,689,1,1,2,2,AUTOROUTE A6B,0.0,0.0
201300047583,19,6,2013,9,1,91,377,1,1,2,7,AUTOROUTE A10,0.0,0.0
201300047584,19,6,2013,16,1,91,235,1,1,1,3,RN 104,0.0,0.0
201300047585,20,6,2013,12,1,91,521,1,1,8,7,RN 104,0.0,0.0
201300047586,21,6,2013,7,1,94,21,1,1,1,3,AUTOROUTE A6A,48.7712,2.34553
201300047587,21,6,2013,14,1,94,43,1,1,1,7,AUTOROUTE A6B,48.8117,2.35154
201300047588,21,6,2013,19,1,91,377,1,1,1,7,RD 188,0.0,0.0
201300047589,22,6,2013,2,5,94,65,1,1,1,2,AUTOROUTE A106,48.7491,2.35688
201300047590,22,6,2013,8,1,91,377,1,1,8,2,AUTOROUTE A10,0.0,0.0
201300047591,22,6,2013,11,1,91,345,1,1,1,5,AUTOROUTE A6,0.0,0.0
201300047592,25,6,2013,8,1,91,363,1,1,1,3,RN 104,0.0,0.0
201300047593,25,6,2013,11,1,91,86,1,1,1,5,RN 104,0.0,0.0
201300047594,25,6,2013,15,1,91,471,1,1,1,6,RN 118,0.0,0.0
201300047595,26,6,2013,17,1,94,34,1,1,1,3,AUTOROUTE A86,48.7616,2.31562
201300047596,27,6,2013,8,1,91,689,1,1,2,3,AUTOROUTE A6A,0.0,0.0
201300047597,27,6,2013,15,1,91,477,1,1,1,4,AUTOROUTE A126,0.0,0.0
201300047598,28,6,2013,17,1,91,161,1,1,1,2,AUTOROUTE A6,0.0,0.0
201300047599,28,6,2013,18,1,94,34,1,1,1,3,AUTOROUTE A86,48.7619,2.31496
201300047600,28,6,2013,19,1,92,2,1,1,1,6,AUTOROUTE A10,0.0,0.0
201300047601,29,6,2013,5,1,91,689,1,1,1,7,AUTOROUTE A6A,0.0,0.0
201300047602,29,6,2013,13,1,92,2,1,1,1,3,AUTOROUTE A10,0.0,0.0
201300047603,29,6,2013,15,1,94,38,1,1,1,2,AUTOROUTE A6A,48.7871,2.3454
201300047604,30,6,2013,6,1,91,340,1,1,1,3,RN 104,0.0,0.0
201300047605,2,7,2013,0,3,94,34,1,1,1,6,AUTOROUTE A86,48.7563,2.3394
201300047606,3,7,2013,10,1,91,347,1,1,1,3,RN 104,0.0,0.0
201300047607,2,7,2013,11,1,91,553,1,1,1,6,RN 104,0.0,0.0
201300047608,2,7,2013,19,1,94,21,1,1,1,4,AUTOROUTE A106,48.7645,2.34355
201300047609,3,7,2013,2,3,91,689,1,1,1,2,AUTOROUTE A6,0.0,0.0
201300047610,3,7,2013,9,1,94,34,1,1,1,3,AUTOROUTE A6A,48.7529,2.3314
201300047611,4,7,2013,13,1,91,377,1,1,1,3,RN20,0.0,0.0
201300047612,5,7,2013,9,1,91,347,1,1,1,4,RN 104,0.0,0.0
201300047613,5,7,2013,19,1,92,2,1,1,1,3,AUTOROUTE A10,0.0,0.0
201300047614,5,7,2013,22,3,91,286,1,1,1,2,AUTOROUTE A6,0.0,0.0
201300047615,6,7,2013,14,1,94,43,1,1,1,2,AUTOROUTE A6B,48.8151,2.35595
201300047616,7,7,2013,15,1,91,363,1,1,1,7,RN 104,0.0,0.0
201300047617,8,7,2013,8,1,91,617,1,1,1,3,RN 104,0.0,0.0
201300047618,8,7,2013,17,1,91,659,1,1,1,7,AUTOROUTE A6,0.0,0.0
201300047619,8,7,2013,18,1,91,182,1,1,1,4,RN 104,0.0,0.0
201300047620,9,7,2013,14,1,91,689,1,1,1,2,AUTOROUTE A6B,0.0,0.0
201300047621,9,7,2013,14,1,91,161,1,1,1,2,AUTOROUTE A6,0.0,0.0
201300047622,9,7,2013,16,1,91,689,1,1,1,4,AUTOROUTE A6A,0.0,0.0
201300047623,10,7,2013,16,1,91,471,1,1,1,5,RD 188 CHEVREUSE,0.0,0.0
201300047624,11,7,2013,9,1,94,38,1,1,1,3,AUTOROUTE A6A,48.7909,2.34429
201300047625,11,7,2013,18,1,91,286,1,1,1,7,AUTOROUTE A6,0.0,0.0
201300047626,11,7,2013,18,1,91,689,1,1,1,7,AUTOROUTE A6B,0.0,0.0
201300047627,12,7,2013,13,1,91,136,1,1,1,2,AUTOROUTE A126,0.0,0.0
201300047628,12,7,2013,20,1,91,136,1,9,1,6,A10 PROVINCE / RN188 PRO,0.0,0.0
201300047629,13,7,2013,16,1,92,2,1,1,1,4,AUTOROUTE A6,0.0,0.0
201300047630,13,7,2013,18,1,94,38,1,1,1,5,AUTOROUTE A6B,48.7903,2.34454
201300047631,14,7,2013,19,1,94,34,1,1,1,3,AUTOROUTE A6A,48.7582,2.3364
201300047632,16,7,2013,9,1,92,2,1,1,1,2,AUTOROUTE A86,0.0,0.0
201300047633,16,7,2013,10,1,91,661,1,1,1,3,AUTOROUTE A10,0.0,0.0
201300047634,16,7,2013,17,1,94,65,1,1,1,3,AUTOROUTE A106,48.7498,2.35614
201300047635,16,7,2013,18,1,91,64,1,1,1,2,RN 118,0.0,0.0
201300047636,16,7,2013,19,1,91,182,1,1,1,4,AUTOROUTE A6,0.0,0.0
201300047637,17,7,2013,10,1,91,347,1,1,1,4,RN 104,0.0,0.0
201300047638,17,7,2013,15,1,94,43,1,1,1,4,AUTOROUTE A6B,48.8117,2.35155
201300047639,18,7,2013,10,1,94,3,1,1,1,3,AUTOROUTE A6A,48.8078,2.34065
201300047640,19,7,2013,9,1,91,689,1,1,1,3,AUTOROUTE A6B,0.0,0.0
201300047641,21,7,2013,7,1,91,64,1,1,1,6,RN 118,0.0,0.0
201300047642,21,7,2013,7,2,91,345,1,1,1,6,AUTOROUTE A6,0.0,0.0
201300047643,21,7,2013,13,1,91,521,1,1,1,2,RN 104,0.0,0.0
201300047644,21,7,2013,18,1,91,434,1,1,1,4,AUTOROUTE A6,0.0,0.0
201300047645,22,7,2013,21,2,91,174,1,1,1,6,RN 104,0.0,0.0
201300047646,23,7,2013,9,1,91,549,1,1,1,3,RN 104,0.0,0.0
201300047647,24,7,2013,18,1,91,235,1,1,2,6,RN 104,0.0,0.0
201300047648,25,7,2013,6,1,91,179,1,1,1,6,AUTOROUTE A6,0.0,0.0
201300047649,25,7,2013,10,1,94,38,1,1,1,3,AUTOROUTE A6B,48.7875,2.34579
201300047650,25,7,2013,12,1,91,363,1,1,1,3,RN 104,0.0,0.0
201300047651,25,7,2013,13,1,94,37,1,1,1,3,AUTOROUTE A6B,48.8123,2.35259
201300047652,26,7,2013,8,1,91,339,1,1,1,3,RN 104,0.0,0.0
201300047653,26,7,2013,13,1,94,37,1,1,1,4,AUTOROUTE A6A,48.8147,2.33635
201300047654,27,7,2013,8,1,91,659,1,1,1,6,AUTOROUTE A6,0.0,0.0
201300047655,28,7,2013,7,1,91,363,1,1,1,6,AUTOROUTE A10,0.0,0.0
201300047656,28,7,2013,20,1,91,64,1,1,1,2,RN 118,0.0,0.0
201300047657,29,7,2013,15,1,92,2,1,1,1,2,AUTOROUTE A10,0.0,0.0
201300047658,29,7,2013,18,1,94,34,1,1,1,7,AUTOROUTE A86,48.7617,2.31566
201300047659,30,7,2013,9,1,94,34,1,1,1,3,AUTOROUTE A86,48.7618,2.31483
201300047660,31,7,2013,7,1,91,434,1,1,1,4,AUTOROUTE A6,0.0,0.0
201300047661,4,8,2013,16,1,91,661,1,1,1,2,AUTOROUTE A10,0.0,0.0
201300047662,6,8,2013,18,1,94,43,1,1,1,3,AUTOROUTE A6B,48.8034,2.34394
201300047663,7,8,2013,18,1,91,312,1,1,1,6,RD 444,0.0,0.0
201300047664,9,8,2013,17,1,94,65,1,1,1,7,AUTOROUTE A86 INT,48.755,2.34865
201300047665,11,8,2013,18,1,92,2,1,1,1,4,AUTOROUTE A10,0.0,0.0
201300047666,12,8,2013,13,1,94,76,1,1,1,2,AUTOROUTE A6B,48.7915,2.3446
201300047667,12,8,2013,15,1,94,16,1,1,1,3,AUTOROUTE A6B,48.7968,2.3447
201300047668,13,8,2013,7,1,94,38,1,1,1,3,AUTOROUTE A6B,48.7897,2.3447
201300047669,15,8,2013,18,1,94,3,1,1,1,3,AUTOROUTE A6A,48.8089,2.33976
201300047670,19,8,2013,4,1,94,38,1,1,1,2,AUTOROUTE A6B,48.7875,2.34477
201300047671,19,8,2013,20,1,91,161,1,1,1,3,AUTOROUTE A6,0.0,0.0
201300047672,21,8,2013,21,3,91,174,1,1,1,7,RN 104,0.0,0.0
201300047673,22,8,2013,15,1,94,76,1,1,1,7,AUTOROUTE A6B,48.7961,2.34497
201300047674,22,8,2013,16,1,94,43,1,1,1,2,AUTOROUTE A6B,48.8087,2.34825
201300047675,22,8,2013,16,1,91,689,1,1,1,5,AUTOROUTE A6B,0.0,0.0
201300047676,24,8,2013,8,1,91,179,1,1,1,6,AUTOROUTE A6,0.0,0.0
201300047677,24,8,2013,10,1,91,363,1,1,1,7,RN 104,0.0,0.0
201300047678,25,8,2013,1,3,91,471,1,1,1,3,RN 118,0.0,0.0
201300047679,25,8,2013,12,1,91,347,1,9,3,6,RN 104,0.0,0.0
201300047680,25,8,2013,15,1,94,37,1,1,2,6,AUTOROUTE A6B,48.8117,2.35138
201300047681,25,8,2013,16,1,91,174,1,1,2,3,RN 104,0.0,0.0
201300047682,25,8,2013,16,1,91,216,1,1,2,7,AUTOROUTE A6,0.0,0.0
201300047683,25,8,2013,17,1,91,377,1,1,2,7,AUTOROUTE A10,0.0,0.0
201300047684,25,8,2013,17,1,94,34,1,1,2,6,AUTOROUTE A6B,48.7596,2.33748
201300047685,25,8,2013,19,1,91,521,1,1,2,7,RN 449,0.0,0.0
201300047686,25,8,2013,20,2,91,161,1,1,2,6,AUTOROUTE A6,0.0,0.0
201300047687,26,8,2013,7,1,94,21,1,1,1,2,AUTOROUTE A6B,48.7643,2.34312
201300047688,26,8,2013,7,1,91,161,1,1,1,3,AUTOROUTE A6,0.0,0.0
201300047689,26,8,2013,13,1,91,179,1,1,1,3,AUTOROUTE A6,0.0,0.0
201300047690,26,8,2013,15,1,91,666,1,1,1,4,AUTOROUTE A10,0.0,0.0
201300047691,26,8,2013,17,1,91,174,1,1,1,4,RN 104,0.0,0.0
201300047692,27,8,2013,11,1,91,687,1,1,1,2,AUTOROUTE A6,0.0,0.0
201300047693,27,8,2013,13,1,91,521,1,1,1,7,AUTOROUTE A6,0.0,0.0
201300047694,27,8,2013,16,1,94,21,1,1,1,2,AUTOROUTE A6B,48.7643,2.34312
201300047695,28,8,2013,9,1,91,377,1,1,1,2,AUTOROUTE A10,0.0,0.0
201300047696,28,8,2013,11,1,91,312,1,1,1,1,RD 444,0.0,0.0
201300047697,29,8,2013,11,1,94,34,1,1,1,4,AUTOROUTE A86,48.7585,2.32528
201300047698,29,8,2013,22,5,94,38,1,1,1,3,AUTOROUTE A6A,48.7871,2.34519
201300047699,31,8,2013,8,1,91,659,1,1,1,6,AUTOROUTE A6,0.0,0.0
201300047700,31,8,2013,19,1,91,228,1,1,1,2,RN 104,0.0,0.0
201300047701,1,9,2013,8,1,94,37,1,1,1,7,AUTOROUTE A6B,48.8155,2.35612
201300047702,3,9,2013,1,3,91,216,1,1,1,6,AUTOROUTE A6,0.0,0.0
201300047703,2,9,2013,15,1,91,689,1,1,1,2,AUTOROUTE A6B,0.0,0.0
201300047704,2,9,2013,16,1,91,661,1,1,1,3,AUTOROUTE A10,0.0,0.0
201300047705,2,9,2013,19,1,91,521,1,1,1,2,AUTOROUTE A6,0.0,0.0
201300047706,2,9,2013,20,1,91,617,1,1,1,4,RN 104,0.0,0.0
201300047707,4,9,2013,8,1,92,2,1,1,1,2,AUTOROUTE A86,0.0,0.0
201300047708,4,9,2013,21,3,91,64,1,1,1,3,RN 118,0.0,0.0
201300047709,5,9,2013,13,1,91,471,1,1,1,2,RN 118,0.0,0.0
201300047710,6,9,2013,9,1,94,37,1,1,2,7,AUTOROUTE A6B,48.8135,2.35448
201300047711,6,9,2013,16,1,91,377,1,1,8,4,RD 120,0.0,0.0
201300047712,7,9,2013,0,5,91,377,1,1,1,7,RD 188,0.0,0.0
201300047713,7,9,2013,20,3,91,216,1,1,1,3,AUTOROUTE A6,0.0,0.0
201300047714,9,9,2013,7,1,92,2,1,1,1,2,AUTOROUTE A10,0.0,0.0
201300047715,9,9,2013,15,1,92,2,1,1,2,3,AUTOROUTE A10,0.0,0.0
201300047716,9,9,2013,16,1,94,21,1,1,2,1,AUTOROUTE A6B,48.7599,2.33844
201300047717,10,9,2013,7,1,91,161,1,1,1,7,AUTOROUTE A6,0.0,0.0
201300047718,10,9,2013,13,1,91,161,1,1,1,7,AUTOROUTE A6,0.0,0.0
201300047719,10,9,2013,17,1,91,136,1,1,1,3,AUTOROUTE A126,0.0,0.0
201300047720,11,9,2013,7,1,94,76,1,1,1,3,AUTOROUTE A6B,48.7875,2.34579
201300047721,12,9,2013,7,1,91,521,1,1,2,3,AUTOROUTE A6,0.0,0.0
201300047722,13,9,2013,20,5,94,38,1,1,2,6,AUTOROUTE A6A,48.7885,2.34453
201300047723,14,9,2013,14,1,91,136,1,1,2,4,AUTOROUTE A10,0.0,0.0
201300047724,14,9,2013,23,3,94,34,1,1,2,3,AUTOROUTE A86,48.762,2.31445
201300047725,15,9,2013,7,1,91,64,1,1,1,6,RN 118,0.0,0.0
201300047726,15,9,2013,9,1,91,340,1,1,1,5,RN 104,0.0,0.0
201300047727,15,9,2013,21,5,94,43,1,1,1,5,AUTOROUTE A6B,48.8046,2.34451
201300047728,15,9,2013,21,5,91,174,1,1,1,7,RN 104,0.0,0.0
201300047729,17,9,2013,7,1,94,76,1,1,1,3,AUTOROUTE A6B,48.7876,2.34575
201300047730,17,9,2013,9,1,91,136,1,1,1,3,AUTOROUTE A10,0.0,0.0
201300047731,17,9,2013,8,1,91,340,1,1,1,2,RN 104,0.0,0.0
201300047732,18,9,2013,10,1,94,43,1,1,1,3,AUTOROUTE A6B,48.807,2.34672
201300047733,19,9,2013,10,1,91,689,1,1,1,3,AUTOROUTE A6A,0.0,0.0
201300047734,18,9,2013,19,1,94,38,1,1,1,7,AUTOROUTE A6A,48.7871,2.34538
201300047735,18,9,2013,20,1,94,21,1,1,1,2,AUTOROUTE A6B,48.7611,2.33902
201300047736,19,9,2013,17,1,94,76,1,1,1,3,AUTOROUTE A6B,48.7912,2.34455
201300047737,19,9,2013,17,1,91,161,1,1,1,3,AUTOROUTE A6,0.0,0.0
201300047738,20,9,2013,10,1,94,38,1,1,1,7,AUTOROUTE A6B,48.7874,2.34482
201300047739,20,9,2013,12,1,94,38,1,1,1,4,AUTOROUTE A6B,48.7873,2.34487
201300047740,20,9,2013,18,1,91,64,1,1,1,3,RN 118,0.0,0.0
201300047741,21,9,2013,15,1,94,34,1,1,1,2,AUTOROUTE A86,48.761,2.31808
201300047742,21,9,2013,19,1,91,182,1,1,1,7,RN 104,0.0,0.0
201300047743,22,9,2013,9,1,91,434,1,1,1,7,AUTOROUTE A6,0.0,0.0
201300047744,23,9,2013,7,1,91,534,1,1,1,3,RN 118,0.0,0.0
201300047745,23,9,2013,18,1,91,589,1,1,1,2,AUTOROUTE A6,0.0,0.0
201300047746,23,9,2013,19,2,91,312,1,1,1,3,RD 444,0.0,0.0
201300047747,24,9,2013,19,1,91,64,1,1,1,2,RN 118,0.0,0.0
201300047748,25,9,2013,11,1,94,34,1,1,1,2,AUTOROUTE A6B,48.753,2.33159
201300047749,26,9,2013,18,1,92,2,1,1,1,5,AUTOROUTE A86,0.0,0.0
201300047750,26,9,2013,18,1,92,2,1,1,1,3,AUTOROUTE A86,0.0,0.0
201300047751,26,9,2013,18,1,91,521,1,1,1,2,AUTOROUTE A6,0.0,0.0
201300047752,26,9,2013,23,3,91,689,1,1,1,2,AUTOROUTE A6B,0.0,0.0
201300047753,28,9,2013,7,1,94,43,1,1,1,7,AUTOROUTE A6B,48.8103,2.34982
201300047754,29,9,2013,2,3,91,340,1,1,2,3,AUTOROUTE A6,0.0,0.0
201300047755,29,9,2013,18,1,94,34,1,1,2,4,AUTOROUTE A86,48.7616,2.31562
201300047756,29,9,2013,23,3,91,64,1,1,2,7,RN 118,0.0,0.0
201300047757,30,9,2013,7,1,94,38,1,1,1,5,AUTOROUTE A6A,48.7907,2.34425
201300047758,30,9,2013,9,1,91,286,1,1,1,3,AUTOROUTE A6,0.0,0.0
201300047759,30,9,2013,14,1,91,136,1,1,1,4,RD 188,0.0,0.0
201300047760,1,10,2013,7,1,91,161,1,1,1,7,AUTOROUTE A6,0.0,0.0
201300047761,2,10,2013,17,1,91,549,1,1,1,6,RN 104,0.0,0.0
201300047762,2,10,2013,23,3,91,434,1,1,1,7,AUTOROUTE A6,0.0,0.0
201300047763,4,10,2013,1,3,94,34,1,1,1,2,AUTOROUTE A6B,48.7569,2.33512
201300047764,4,10,2013,8,1,91,363,1,1,1,3,RN 104,0.0,0.0
201300047765,4,10,2013,9,1,91,521,1,1,1,2,AUTOROUTE A6,0.0,0.0
201300047766,4,10,2013,16,1,91,659,1,1,1,3,AUTOROUTE A6,0.0,0.0
201300047767,4,10,2013,20,3,91,666,1,1,1,4,RD 118,0.0,0.0
201300047768,5,10,2013,12,1,91,64,1,1,1,4,RN 118,0.0,0.0
201300047769,5,10,2013,17,1,91,363,1,1,1,7,RN 104,0.0,0.0
201300047770,7,10,2013,8,1,91,228,1,1,1,2,AUTOROUTE A6,0.0,0.0
201300047771,7,10,2013,8,1,91,432,1,1,1,6,AUTOROUTE A6,0.0,0.0
201300047772,7,10,2013,17,1,91,235,1,1,1,2,RN 104,0.0,0.0
201300047773,8,10,2013,8,1,91,521,1,1,1,3,AUTOROUTE A6,0.0,0.0
201300047774,10,10,2013,8,1,91,377,1,1,2,7,AUTOROUTE A10,0.0,0.0
201300047775,10,10,2013,8,1,91,521,1,1,2,4,AUTOROUTE A6,0.0,0.0
201300047776,10,10,2013,8,1,91,377,1,1,2,2,AUTOROUTE A10,0.0,0.0
201300047777,10,10,2013,8,1,91,174,1,1,2,4,RN 104,0.0,0.0
201300047778,11,10,2013,0,3,91,659,1,1,2,7,AUTOROUTE A6,0.0,0.0
201300047779,11,10,2013,7,1,91,689,1,1,2,5,AUTOROUTE A6A,0.0,0.0
201300047780,11,10,2013,8,2,94,65,1,1,2,5,AUTOROUTE A86,48.7555,2.34366
201300047781,11,10,2013,9,1,91,661,1,1,2,5,AUTOROUTE A10,0.0,0.0
201300047782,11,10,2013,13,1,91,689,1,1,2,7,AUTOROUTE A6A,0.0,0.0
201300047783,12,10,2013,7,2,91,589,1,1,2,2,AUTOROUTE A6,0.0,0.0
201300047784,13,10,2013,8,1,91,37,1,1,1,3,AUTOROUTE A6,0.0,0.0
201300047785,14,10,2013,7,2,91,161,1,1,1,3,AUTOROUTE A6,0.0,0.0
201300047786,14,10,2013,8,1,91,345,1,1,1,3,AUTOROUTE A6,0.0,0.0
201300047787,15,10,2013,6,2,91,286,1,1,1,3,AUTOROUTE A6,0.0,0.0
201300047788,15,10,2013,9,1,91,161,1,1,2,4,AUTOROUTE A6,0.0,0.0
201300047789,15,10,2013,14,1,91,692,1,1,2,6,RN 118,0.0,0.0
201300047790,17,10,2013,18,1,91,161,1,1,2,3,AUTOROUTE A126,0.0,0.0
201300047791,15,10,2013,15,1,91,363,1,1,2,2,RN 104,0.0,0.0
201300047792,16,10,2013,5,1,94,34,1,1,2,3,AUTOROUTE A86,48.7565,2.33408
201300047793,16,10,2013,8,1,91,339,1,1,2,4,RN 104,0.0,0.0
201300047794,16,10,2013,16,1,91,64,1,1,2,5,RN 118,0.0,0.0
201300047795,16,10,2013,17,1,91,179,1,1,2,6,AUTOROUTE A6,0.0,0.0
201300047796,16,10,2013,18,2,91,589,1,1,2,4,AUTOROUTE A6,0.0,0.0
201300047797,19,10,2013,7,3,91,216,1,1,1,6,AUTOROUTE A6,0.0,0.0
201300047798,20,10,2013,6,4,91,377,1,1,8,2,RN20,0.0,0.0
201300047799,20,10,2013,14,1,91,363,1,1,8,3,AUTOROUTE A10,0.0,0.0
201300047800,21,10,2013,8,1,91,363,1,1,1,3,RN 104,0.0,0.0
201300047801,21,10,2013,10,1,91,377,1,1,1,3,AUTOROUTE A10,0.0,0.0
201300047802,21,10,2013,17,1,91,286,1,1,1,2,RD 310,0.0,0.0
201300047803,21,10,2013,18,1,91,345,1,1,1,5,AUTOROUTE A6,0.0,0.0
201300047804,21,10,2013,22,3,91,182,1,1,9,2,RN 104,0.0,0.0
201300047805,22,10,2013,7,1,91,689,1,1,1,3,AUTOROUTE A6A,0.0,0.0
201300047806,23,10,2013,8,1,92,2,1,1,1,5,AUTOROUTE A86,0.0,0.0
201300047807,23,10,2013,11,1,91,687,1,1,1,4,AUTOROUTE A6,0.0,0.0
201300047808,24,10,2013,16,1,92,2,1,1,1,5,AUTOROUTE A86,0.0,0.0
201300047809,23,10,2013,18,1,91,161,1,1,1,4,AUTOROUTE A6,0.0,0.0
201300047810,23,10,2013,18,1,94,38,1,1,1,5,AUTOROUTE A6B,48.7875,2.34579
201300047811,23,10,2013,21,3,91,570,1,1,1,6,RN 104,0.0,0.0
201300047812,24,10,2013,17,1,91,689,1,1,1,3,AUTOROUTE A10,0.0,0.0
201300047813,24,10,2013,18,3,91,340,1,1,1,5,AUTOROUTE A6,0.0,0.0
201300047814,24,10,2013,20,5,91,174,1,1,1,2,RN 104,0.0,0.0
201300047815,24,10,2013,23,5,94,38,1,1,1,2,AUTOROUTE A6B,48.7724,2.34594
201300047816,25,10,2013,7,1,91,521,1,1,2,7,RN 104,0.0,0.0
201300047817,25,10,2013,8,1,91,553,1,1,2,2,RN 104,0.0,0.0
201300047818,25,10,2013,18,1,91,64,1,1,2,2,RN 118,0.0,0.0
201300047819,26,10,2013,9,1,91,617,1,1,2,7,RN 104 INT / A5A PROVINC,0.0,0.0
201300047820,27,10,2013,11,1,91,521,1,1,2,7,RN 440,0.0,0.0
201300047821,27,10,2013,20,5,91,103,1,1,2,2,RN 104,0.0,0.0
201300047822,27,10,2013,22,5,91,471,1,1,3,6,RN 118,0.0,0.0
201300047823,28,10,2013,10,1,77,251,1,1,2,2,AUTOROUTE A5A,0.0,0.0
201300047824,27,10,2013,10,1,91,521,1,1,2,3,RN 104,0.0,0.0
201300047825,28,10,2013,11,1,92,2,1,1,2,4,AUTOROUTE A10,0.0,0.0
201300047826,29,10,2013,8,1,94,34,1,1,1,3,AUTOROUTE A6A,48.7567,2.3349
201300047827,29,10,2013,15,1,94,43,1,1,1,7,AUTOROUTE A6B,48.8151,2.35595
201300047828,30,10,2013,15,1,91,363,1,1,1,3,RN 104,0.0,0.0
201300047829,31,10,2013,19,3,91,521,1,1,1,2,AUTOROUTE A6,0.0,0.0
201300047830,31,10,2013,11,1,94,3,1,1,1,4,AUTOROUTE A6A,48.8064,2.34154
201300047831,31,10,2013,19,3,94,38,1,1,1,5,AUTOROUTE A6B,48.7874,2.34482
201300047832,31,10,2013,19,3,91,136,1,1,2,4,AUTOROUTE A10,0.0,0.0
201300047833,1,11,2013,15,1,91,64,1,1,2,6,RN 118,0.0,0.0
201300047834,2,11,2013,6,5,94,34,1,1,2,6,AUTOROUTE A86,48.7558,2.33785
201300047835,2,11,2013,7,2,94,34,1,1,2,5,AUTOROUTE A86,48.7557,2.33722
201300047836,2,11,2013,10,1,94,34,1,1,1,6,AUTOROUTE A86,48.7602,2.32049
201300047837,2,11,2013,15,1,94,65,1,1,1,7,AUTOROUTE A86,48.7553,2.34453
201300047838,3,11,2013,2,3,94,34,1,1,8,6,AUTOROUTE A86,48.7601,2.32074
201300047839,3,11,2013,12,1,94,3,1,1,1,4,AUTOROUTE A6B,48.8008,2.34372
201300047840,4,11,2013,9,1,91,432,1,1,3,3,AUTOROUTE A6,0.0,0.0
201300047841,4,11,2013,9,1,91,661,1,1,1,4,AUTOROUTE A10,0.0,0.0
201300047842,5,11,2013,11,1,91,136,1,1,1,3,AUTOROUTE A10,0.0,0.0