Num_Acc,jour,mois,an,hr,condition_eclairage,departement,commune,condition_agglomeration,intersection,condition_atmosphere,type_collision,adresse,lattitude,longitude
201300047843,6,11,2013,8,1,91,377,1,1,1,3,AUTOROUTE A10,0.0,0.0
201300047844,6,11,2013,8,1,91,182,1,1,1,2,AUTOROUTE A6,0.0,0.0
201300047845,6,11,2013,9,1,94,21,1,1,2,3,AUTOROUTE A6B,48.7643,2.34312
201300047846,7,11,2013,7,2,91,521,1,1,1,6,RN 449,0.0,0.0
201300047847,7,11,2013,12,1,91,471,1,1,1,6,RN 118,0.0,0.0
201300047848,7,11,2013,17,1,91,617,1,1,1,5,RN 104,0.0,0.0
201300047849,7,11,2013,19,2,94,34,1,1,1,2,AUTOROUTE A6A,48.7567,2.3349
201300047850,8,11,2013,5,3,91,182,1,1,1,5,AUTOROUTE A6,0.0,0.0
201300047851,8,11,2013,5,2,94,38,1,1,2,2,AUTOROUTE A6B,48.7888,2.34508
201300047852,8,11,2013,7,2,94,38,1,1,1,5,AUTOROUTE A6A,48.7874,2.34525
201300047853,8,11,2013,7,2,91,521,1,1,2,7,AUTOROUTE A6,0.0,0.0
201300047854,8,11,2013,16,1,94,34,1,1,2,4,AUTOROUTE A86,48.7558,2.34213
201300047855,8,11,2013,16,1,94,76,1,1,2,3,AUTOROUTE A6A,48.7952,2.34507
201300047856,8,11,2013,18,2,91,553,1,1,1,2,RN 104,0.0,0.0
201300047857,10,11,2013,6,3,94,65,1,1,2,2,AUTOROUTE A106,48.744,2.36161
201300047858,11,11,2013,14,1,94,43,1,1,1,2,AUTOROUTE A6B,48.8157,2.35625
201300047859,11,11,2013,20,3,91,549,1,1,1,6,RN 104,0.0,0.0
201300047860,12,11,2013,10,1,91,64,1,1,2,2,RN 118,0.0,0.0
201300047861,12,11,2013,18,2,91,589,1,1,2,2,AUTOROUTE A6,0.0,0.0
201300047862,14,11,2013,12,1,91,521,1,1,1,6,RN 104,0.0,0.0
201300047863,14,11,2013,16,1,94,43,1,1,2,2,AUTOROUTE A6B,48.8158,2.35639
201300047864,15,11,2013,8,1,91,521,1,1,8,2,AUTOROUTE A6,0.0,0.0
201300047865,17,11,2013,17,1,92,2,1,1,1,7,AUTOROUTE A86,0.0,0.0
201300047866,18,11,2013,18,2,91,617,1,1,2,2,RN 104,0.0,0.0
201300047867,19,11,2013,10,1,92,19,1,1,1,6,RN 385,0.0,0.0
201300047868,20,11,2013,6,3,91,363,1,1,1,3,RN 104,0.0,0.0
201300047869,21,11,2013,7,2,91,689,1,1,2,3,AUTOROUTE A6A,0.0,0.0
201300047870,21,11,2013,7,3,91,689,1,1,2,4,AUTOROUTE A6B,0.0,0.0
201300047871,22,11,2013,6,3,91,161,1,1,1,3,AUTOROUTE A6,0.0,0.0
201300047872,22,11,2013,9,1,91,345,1,1,1,3,AUTOROUTE A6,0.0,0.0
201300047873,22,11,2013,18,2,94,34,1,1,1,3,AUTOROUTE A6A,48.759,2.33713
201300047874,24,11,2013,6,3,92,2,1,1,1,7,AUTOROUTE A10,0.0,0.0
201300047875,25,11,2013,8,1,91,432,1,1,1,2,AUTOROUTE A6,0.0,0.0
201300047876,26,11,2013,6,3,91,174,1,1,1,6,RN 104,0.0,0.0
201300047877,26,11,2013,19,4,91,174,1,1,1,3,RN 104,0.0,0.0
201300047878,26,11,2013,21,3,91,363,1,1,1,3,RN 104,0.0,0.0
201300047879,28,11,2013,9,1,77,251,1,1,1,3,AUTOROUTE A5A,0.0,0.0
201300047880,29,11,2013,6,3,91,471,1,1,1,4,RN 118,0.0,0.0
201300047881,30,11,2013,3,3,91,689,1,1,1,2,AUTOROUTE A6,0.0,0.0
201300047882,30,11,2013,18,2,91,434,1,1,1,4,AUTOROUTE A6,0.0,0.0
201300047883,30,11,2013,20,3,91,174,1,1,1,6,RN 104,0.0,0.0
201300047884,1,12,2013,16,1,94,3,1,1,1,2,AUTOROUTE A6A,48.8089,2.33976
201300047885,2,12,2013,19,3,91,377,1,1,1,3,AUTOROUTE A10,0.0,0.0
201300047886,3,12,2013,7,2,91,687,1,1,1,2,AUTOROUTE A6,0.0,0.0
201300047887,4,12,2013,6,3,91,689,1,1,1,2,AUTOROUTE A6,0.0,0.0
201300047888,4,12,2013,5,3,92,2,1,1,1,2,AUTOROUTE A6,0.0,0.0
201300047889,4,12,2013,8,1,94,38,1,1,1,5,AUTOROUTE A6A,48.7873,2.34529
201300047890,5,12,2013,10,1,94,34,1,1,1,5,AUTOROUTE A86,48.7613,2.3167
201300047891,5,12,2013,19,3,91,339,1,1,1,4,RN 104,0.0,0.0
201300047892,6,12,2013,16,1,91,617,1,1,1,2,RN 104,0.0,0.0
201300047893,6,12,2013,17,3,91,570,1,1,1,4,RN 104,0.0,0.0
201300047894,7,12,2013,11,1,91,471,1,1,1,4,RN 118,0.0,0.0
201300047895,8,12,2013,4,3,92,2,1,1,1,5,AUTOROUTE A10,0.0,0.0
201300047896,9,12,2013,18,3,91,161,1,1,1,3,AUTOROUTE A6,0.0,0.0
201300047897,10,12,2013,11,1,91,363,1,1,1,2,RN 104,0.0,0.0
201300047898,12,12,2013,7,2,91,689,1,1,1,5,AUTOROUTE A6,0.0,0.0
201300047899,12,12,2013,12,1,91,161,1,1,1,2,AUTOROUTE A6,0.0,0.0
201300047900,12,12,2013,17,2,91,661,1,1,1,5,AUTOROUTE A10,0.0,0.0
201300047901,12,12,2013,19,1,92,2,1,1,1,3,AUTOROUTE A10,0.0,0.0
201300047902,12,12,2013,21,3,91,161,1,1,1,5,AUTOROUTE A6,0.0,0.0
201300047903,14,12,2013,1,3,91,471,1,1,1,4,RN 118,0.0,0.0
201300047904,14,12,2013,21,3,91,340,1,1,1,6,RN 104,0.0,0.0
201300047905,15,12,2013,7,1,91,286,1,1,1,2,AUTOROUTE A6,0.0,0.0
201300047906,16,12,2013,16,1,92,2,1,1,1,4,AUTOROUTE A10,0.0,0.0
201300047907,16,12,2013,21,3,91,347,1,1,1,6,RN 104,0.0,0.0
201300047908,18,12,2013,5,3,94,76,1,1,1,2,AUTOROUTE A6B,48.7924,2.34422
201300047909,19,12,2013,12,1,94,76,1,1,1,5,AUTOROUTE A6B,48.7925,2.34482
201300047910,19,12,2013,13,1,94,34,1,1,2,3,AUTOROUTE A6A,48.7537,2.33211
201300047911,20,12,2013,4,3,91,689,1,1,1,2,AUTOROUTE A6A,0.0,0.0
201300047912,21,12,2013,1,3,91,312,1,1,1,1,RD 444,0.0,0.0
201300047913,22,12,2013,15,1,91,286,1,1,1,3,RD 310,0.0,0.0
201300047914,22,12,2013,21,3,91,64,1,1,1,6,RN 118,0.0,0.0
201300047915,22,12,2013,23,4,91,161,1,1,1,2,AUTOROUTE A6,0.0,0.0
201300047916,23,12,2013,9,1,91,521,1,1,2,5,RN 104,0.0,0.0
201300047917,26,12,2013,1,3,91,521,1,1,1,7,RN 449,0.0,0.0
201300047918,26,12,2013,9,1,94,21,1,1,1,3,AUTOROUTE A6B,48.7708,2.34568
201300047919,26,12,2013,14,1,94,38,1,1,1,2,AUTOROUTE A6B,48.7883,2.34536
201300047920,26,12,2013,14,1,94,34,1,1,1,2,AUTOROUTE A6B,48.75,2.32901
201300047921,26,12,2013,15,1,91,589,1,1,1,4,AUTOROUTE A6,0.0,0.0
201300047922,28,12,2013,0,5,91,182,1,1,3,6,RN 104,0.0,0.0
201300047923,28,12,2013,1,3,94,43,1,1,2,7,AUTOROUTE A6B,48.8135,2.35448
201300047924,29,12,2013,4,5,91,182,1,1,2,5,AUTOROUTE A6,0.0,0.0
201300047925,30,12,2013,6,3,94,76,1,1,1,6,AUTOROUTE A6B,48.796,2.34414
201300047926,30,12,2013,15,1,91,161,1,1,2,7,AUTOROUTE A6,0.0,0.0
201300047927,31,12,2013,18,3,94,3,1,1,2,2,AUTOROUTE A6A,48.7993,2.34236
201300047928,2,1,2013,8,1,202,33,2,1,3,6,193 - RN,0.0,0.0
201300047929,2,1,2013,15,1,202,33,2,1,1,6,PAOLI DU NR 21 AU 45 -BL,0.0,0.0
201300047930,2,1,2013,12,1,202,33,2,1,2,6,CHANOINE LESCHI - RUE,0.0,0.0
201300047931,5,1,2013,17,2,202,33,2,1,1,4,193 - RN,0.0,0.0
201300047932,5,1,2013,18,5,202,33,2,1,1,2,193 - RN,0.0,0.0
201300047933,6,1,2013,7,1,202,33,2,1,1,4,FRONT DE MER - ROUTE DU,0.0,0.0
201300047934,8,1,2013,5,5,202,33,2,1,3,6,AV DE LA LIBERATION,0.0,0.0
201300047935,9,1,2013,12,1,202,37,2,1,1,4,TOUTES RUES,0.0,0.0
201300047936,15,1,2013,7,1,202,37,2,1,1,2,TOUTES RUES,0.0,0.0
201300047937,18,1,2013,16,1,202,33,2,3,1,3,TOUTES RUES,0.0,0.0
201300047938,18,1,2013,23,5,202,33,2,1,1,6,193 - RN,0.0,0.0
201300047939,20,1,2013,18,5,202,33,2,1,2,6,MARTYRS - QUAI DES,0.0,0.0
201300047940,21,1,2013,8,1,202,33,2,1,1,6,ROUTE ROYALE,0.0,0.0
201300047941,23,1,2013,12,1,202,33,2,1,1,3,193 - RN,0.0,0.0
201300047942,23,1,2013,19,3,202,120,1,1,1,4,TOUTES RUES,0.0,0.0
201300047943,24,1,2013,12,1,202,33,1,1,2,6,ST FLORENT-ANCIENNE RT D,0.0,0.0
201300047944,30,1,2013,10,1,202,33,2,3,1,3,VEZZANI - RUE CESAR,0.0,0.0
201300047945,1,2,2013,7,2,202,37,1,1,1,2,TOUTES RUES,0.0,0.0
201300047946,1,2,2013,18,5,202,37,2,1,1,2,TOUTES RUES,0.0,0.0
201300047947,4,2,2013,18,5,202,120,1,1,1,2,TOUTES RUES,0.0,0.0
201300047948,5,2,2013,19,5,202,37,2,1,1,1,TOUTES RUES,0.0,0.0
201300047949,8,2,2013,19,5,202,120,1,1,1,6,TOUTES RUES,0.0,0.0
201300047950,12,2,2013,10,1,202,33,2,1,1,6,"sans, MIOT - RUE",0.0,0.0
201300047951,13,2,2013,14,1,202,37,2,1,1,2,"sans, TOUTES RUES",0.0,0.0
201300047952,13,2,2013,15,1,202,120,1,1,1,1,"sans, TOUTES RUES",0.0,0.0
201300047953,23,2,2013,13,1,202,120,2,1,3,2,TOUTES RUES,0.0,0.0
201300047954,27,2,2013,21,5,202,33,2,1,1,1,TOUTES RUES,0.0,0.0
201300047955,12,3,2013,19,2,202,33,2,3,1,3,"sans, VEZZANI - RUE CESA",0.0,0.0
201300047956,15,3,2013,19,5,202,37,1,1,1,2,"SANS, TOUTES RUES",0.0,0.0
201300047957,16,3,2013,7,1,202,33,2,1,1,4,"SANS, FRONT DE MER - ROU",0.0,0.0
201300047958,16,3,2013,11,1,202,33,2,1,1,7,"SANS, GENERAL DE GAULLE",0.0,0.0
201300047959,18,3,2013,9,1,202,33,2,1,3,4,"sans, TOUTES RUES",0.0,0.0
201300047960,24,3,2013,17,1,202,33,2,6,2,3,193 - RN,0.0,0.0
201300047961,27,3,2013,17,1,202,33,2,1,1,4,"SANS, TUNNEL - PASSERELL",0.0,0.0
201300047962,30,3,2013,19,2,202,33,2,6,1,3,"SANS, TOUTES RUES",0.0,0.0
201300047963,1,4,2013,16,1,202,33,2,1,1,1,VEZZANI - RUE CESAR,0.0,0.0
201300047964,1,4,2013,21,5,202,37,1,1,3,2,TOUTES RUES,0.0,0.0
201300047965,10,4,2013,11,1,202,37,1,1,1,3,"SANS, TOUTES RUES",0.0,0.0
201300047966,10,4,2013,17,1,202,120,2,1,1,2,"SANS, TOUTES RUES",0.0,0.0
201300047967,10,4,2013,20,5,202,33,2,1,1,6,"SANS, VEZZANI - RUE CESA",0.0,0.0
201300047968,15,4,2013,17,1,202,37,2,1,1,3,"SANS, TOUTES RUES",0.0,0.0
201300047969,12,4,2013,12,1,202,33,2,1,1,5,"SANS, FAVALE - COURS",0.0,0.0
201300047970,18,4,2013,12,1,202,120,2,1,1,2,TOUTES RUES,0.0,0.0
201300047971,23,4,2013,10,1,202,33,2,1,1,1,"SANS, TOUTES RUES",0.0,0.0
201300047972,25,4,2013,1,5,202,33,2,1,1,6,"SANS, VINCETTI - PLACE",0.0,0.0
201300047973,30,4,2013,7,1,202,33,2,1,1,3,GAUDIN - BLD AUGUSTE,0.0,0.0
201300047974,1,5,2013,5,5,202,33,2,1,1,6,"10, VEZZANI - RUE CESAR",0.0,0.0
201300047975,2,5,2013,2,5,202,33,2,1,1,6,FRONT DE MER - ROUTE DU,0.0,0.0
201300047976,4,5,2013,22,5,202,33,2,3,1,3,"SANS, AV DE LA LIBERATIO",0.0,0.0
201300047977,6,5,2013,15,1,202,33,2,1,1,6,"SANS, FAVALE - COURS",0.0,0.0
201300047978,8,5,2013,13,1,202,33,2,1,1,6,"SANS, 193 - RN",0.0,0.0
201300047979,11,5,2013,11,1,202,120,2,1,1,2,"SANS, TOUTES RUES",0.0,0.0
201300047980,12,5,2013,6,2,202,33,2,1,1,6,"SANS, AV DE LA LIBERATIO",0.0,0.0
201300047981,13,5,2013,14,1,202,37,2,1,1,4,"SANS, TOUTES RUES",0.0,0.0
201300047982,17,5,2013,12,1,202,120,2,1,1,2,"sans, TOUTES RUES",0.0,0.0
201300047983,16,5,2013,9,1,202,33,2,4,1,3,"SANS, FRANCOIS VITTORI",0.0,0.0
201300047984,18,5,2013,8,1,202,33,2,6,1,3,"SANS, GIACCOBBI - AV PAU",0.0,0.0
201300047985,18,5,2013,11,1,202,33,2,1,1,2,"3, GIRAUD - BD GENERAL",0.0,0.0
201300047986,18,5,2013,14,1,202,37,1,1,1,5,"SANS, TOUTES RUES",0.0,0.0
201300047987,23,5,2013,17,1,202,33,2,1,1,6,"sans, 193 - RN",0.0,0.0
201300047988,28,5,2013,12,1,202,33,2,1,1,6,"9, GAUDIN - BLD AUGUSTE",0.0,0.0
201300047989,2,6,2013,20,5,202,33,2,1,1,6,"SANS, 193 - RN",0.0,0.0
201300047990,4,6,2013,15,1,202,33,2,1,1,2,"193, 193 - RN",0.0,0.0
201300047991,7,6,2013,11,1,202,37,1,1,1,6,"SANS, TOUTES RUES",0.0,0.0
201300047992,11,6,2013,9,1,202,33,2,1,1,2,193 - RN,0.0,0.0
201300047993,10,6,2013,17,1,202,120,2,1,1,3,"sans, TOUTES RUES",0.0,0.0
201300047994,15,6,2013,19,1,202,37,1,3,1,3,"SANS, TOUTES RUES",0.0,0.0
201300047995,17,6,2013,13,1,202,37,1,2,1,3,"SANS, TOUTES RUES",0.0,0.0
201300047996,17,6,2013,13,1,202,33,2,1,2,6,"sans, GIRAUD - BD GENERA",0.0,0.0
201300047997,18,6,2013,8,1,202,33,2,1,1,3,"SANS, TOUTES RUES",0.0,0.0
201300047998,25,6,2013,9,1,202,33,2,1,1,4,"SANS, TOUTES RUES",0.0,0.0
201300047999,26,6,2013,14,1,202,37,2,3,1,3,"sans, TOUTES RUES",0.0,0.0
201300048000,26,6,2013,19,1,202,33,2,1,1,2,"SANS, FRONT DE MER - ROU",0.0,0.0
201300048001,27,6,2013,7,1,202,33,2,1,1,6,"sans, 193 - RN",0.0,0.0
201300048002,27,6,2013,11,1,202,33,2,1,1,6,"SANS, FORCONE - CHEMIN D",0.0,0.0
201300048003,29,6,2013,13,1,202,33,2,1,1,3,"SANS, FRONT DE MER - ROU",0.0,0.0
201300048004,1,7,2013,20,1,202,120,1,1,1,3,"SANS, TOUTES RUES",0.0,0.0
201300048005,2,7,2013,12,1,202,33,1,1,1,6,"SANS, VEZZANI - RUE CESA",0.0,0.0
201300048006,3,7,2013,11,1,202,120,2,1,1,2,"SANS, TOUTES RUES",0.0,0.0
201300048007,3,7,2013,14,1,202,120,1,1,1,2,"sans, TOUTES RUES",0.0,0.0
201300048008,4,7,2013,18,1,202,120,1,1,2,3,"SANS, TOUTES RUES",0.0,0.0
201300048009,6,7,2013,9,1,202,33,2,1,1,3,"sans, AV DE LA LIBERATIO",0.0,0.0
201300048010,8,7,2013,13,1,202,33,2,1,1,2,"sans, ERBAJOLO",0.0,0.0
201300048011,10,7,2013,17,1,202,33,2,1,1,2,"sans, VEZZANI - RUE CESA",0.0,0.0
201300048012,11,7,2013,11,1,202,33,2,1,1,3,"sans, TOUTES RUES",0.0,0.0
201300048013,11,7,2013,13,1,202,120,2,1,1,1,"sans, TOUTES RUES",0.0,0.0
201300048014,11,7,2013,19,1,202,33,2,1,1,2,"sans, VEZZANI - RUE CESA",0.0,0.0
201300048015,11,7,2013,22,5,202,33,2,1,1,6,TOUTES RUES,0.0,0.0
201300048016,17,7,2013,11,1,202,33,2,1,1,2,"sans, 193 - RN",0.0,0.0
201300048017,17,7,2013,23,5,202,33,2,1,1,5,"115, AV DE LA LIBERATION",0.0,0.0
201300048018,20,7,2013,0,5,202,33,2,1,1,2,"sans, 193 - RN",0.0,0.0
201300048019,21,7,2013,11,1,202,120,1,1,1,6,"sans, TOUTES RUES",0.0,0.0
201300048020,22,7,2013,7,1,202,120,2,1,1,2,"sans, TOUTES RUES",0.0,0.0
201300048021,24,7,2013,18,1,202,120,2,1,1,3,"sans, TOUTES RUES",0.0,0.0
201300048022,25,7,2013,18,1,202,33,2,1,1,2,"sans, FRONT DE MER - ROU",0.0,0.0
201300048023,30,7,2013,12,1,202,33,2,1,1,2,"sans, 193 - RN",0.0,0.0
201300048024,1,8,2013,8,1,202,33,2,1,1,3,"sans, AV DE LA LIBERATIO",0.0,0.0
201300048025,1,8,2013,8,1,202,33,2,1,1,2,"SANS, FRONT DE MER - ROU",0.0,0.0
201300048026,1,8,2013,17,1,202,33,2,1,1,6,"SANS, GIACCOBBI - AV PAU",0.0,0.0
201300048027,2,8,2013,9,1,202,33,2,1,1,6,"SANS, MIOT - RUE",0.0,0.0
201300048028,2,8,2013,12,2,202,33,2,1,1,6,"SANS, CHANOINE LESCHI -",0.0,0.0
201300048029,6,8,2013,14,1,202,33,2,2,1,3,"sans, TOUTES RUES",0.0,0.0
201300048030,7,8,2013,22,5,202,120,2,1,1,6,"SANS, TOUTES RUES",0.0,0.0
201300048031,15,8,2013,0,5,202,120,2,1,1,6,"SANS, TOUTES RUES",0.0,0.0
201300048032,13,8,2013,18,1,202,33,2,1,1,1,"SANS, CAPITAINE THEN",0.0,0.0
201300048033,13,8,2013,17,1,202,33,2,3,1,3,"SANS, GIACCOBBI - AV PAU",0.0,0.0
201300048034,18,8,2013,6,1,202,37,2,1,1,6,"SANS, TOUTES RUES",0.0,0.0
201300048035,18,8,2013,10,1,202,33,2,1,1,1,"SANS, ROUTE ROYALE",0.0,0.0
201300048036,19,8,2013,21,5,202,33,2,1,1,6,"SANS, TOUTES RUES",0.0,0.0
201300048037,25,8,2013,23,3,202,37,1,1,1,6,"SANS, TOUTES RUES",0.0,0.0
201300048038,27,8,2013,16,1,202,33,2,1,1,6,"SANS, TOUTES RUES",0.0,0.0
201300048039,2,9,2013,11,1,202,33,2,1,1,6,"SANS, LUCE DE CASABIANCA",0.0,0.0
201300048040,2,9,2013,21,5,202,120,1,1,1,6,"SANS, TOUTES RUES",0.0,0.0
201300048041,2,9,2013,14,1,202,120,2,1,1,4,"SANS, TOUTES RUES",0.0,0.0
201300048042,9,9,2013,16,1,202,37,2,1,1,6,"sans, TOUTES RUES",0.0,0.0
201300048043,10,9,2013,9,1,202,120,2,1,1,6,"sans, TOUTES RUES",0.0,0.0
201300048044,11,9,2013,14,1,202,33,2,1,1,6,"sans, AV DE LA LIBERATIO",0.0,0.0
201300048045,12,9,2013,8,1,202,33,2,1,1,6,"sans, TOUTES RUES",0.0,0.0
201300048046,13,9,2013,8,1,202,120,2,1,1,2,"SANS, TOUTES RUES",0.0,0.0
201300048047,18,9,2013,8,1,202,33,1,1,1,3,"SANS, TOUTES RUES",0.0,0.0
201300048048,18,9,2013,22,5,202,353,2,1,1,3,"51, TOUTES RUES",0.0,0.0
201300048049,19,9,2013,8,1,202,33,2,1,1,6,"SANS, ANNONCIADE - CHEMI",0.0,0.0
201300048050,22,9,2013,18,1,202,33,2,1,1,3,"SANS, ROUTE ROYALE",0.0,0.0
201300048051,23,9,2013,18,1,202,33,2,1,1,2,"12, GIACCOBBI - AV PAUL",0.0,0.0
201300048052,25,9,2013,8,1,202,37,1,1,1,3,"sans, TOUTES RUES",0.0,0.0
201300048053,25,9,2013,22,5,202,33,2,1,1,1,"9, VEZZANI - RUE CESAR",0.0,0.0
201300048054,28,9,2013,10,1,202,33,2,1,1,6,"SANS, TOUTES RUES",0.0,0.0
201300048055,1,10,2013,15,1,202,33,2,1,1,3,"SANS, MARTYRS - QUAI DES",0.0,0.0
201300048056,3,10,2013,16,1,202,120,2,1,1,1,"SANS, TOUTES RUES",0.0,0.0
201300048057,9,10,2013,7,1,202,37,2,1,1,2,"sans, TOUTES RUES",0.0,0.0
201300048058,12,10,2013,9,1,202,33,2,2,1,3,"SANS, GIACCOBBI - AV PAU",0.0,0.0
201300048059,12,10,2013,18,1,202,33,2,1,1,6,"SANS, VIEUX PORT",0.0,0.0
201300048060,15,10,2013,11,1,202,33,2,1,1,6,"SANS, CAPITAINE THEN",0.0,0.0
201300048061,16,10,2013,13,1,202,37,2,1,1,3,"SANS, TOUTES RUES",0.0,0.0
201300048062,16,10,2013,17,1,202,33,2,1,1,4,"SANS, 193 - RN",0.0,0.0
201300048063,17,10,2013,14,1,202,37,2,1,1,2,"SANS, TOUTES RUES",0.0,0.0
201300048064,19,10,2013,18,5,202,33,2,1,1,1,"SANS, TOUTES RUES",0.0,0.0
201300048065,18,10,2013,19,5,202,120,2,1,2,3,"sans, TOUTES RUES",0.0,0.0
201300048066,21,10,2013,11,1,202,37,2,1,1,6,"SANS, TOUTES RUES",0.0,0.0
201300048067,23,10,2013,18,5,202,120,2,1,1,1,"SANS, TOUTES RUES",0.0,0.0
201300048068,22,10,2013,16,1,202,33,2,1,1,2,"SANS, 193 - RN",0.0,0.0
201300048069,24,10,2013,15,1,202,33,2,1,1,2,"SANS, 193 - RN",0.0,0.0
201300048070,29,10,2013,17,1,202,33,2,1,1,1,"516, ST FLORENT-ANCIENNE",0.0,0.0
201300048071,3,11,2013,12,1,202,33,2,1,1,2,"SANS, AV DE LA LIBERATIO",0.0,0.0
201300048072,4,11,2013,9,1,202,33,2,1,1,6,"4, GAUDIN - BLD AUGUSTE",0.0,0.0
201300048073,4,11,2013,18,3,202,33,1,1,3,1,"SANS, COL DE TEGHIME",0.0,0.0
201300048074,6,11,2013,18,5,202,33,2,2,1,1,"SANS, ROUTE ROYALE",0.0,0.0
201300048075,7,11,2013,19,5,202,37,1,1,2,2,"SANS, TOUTES RUES",0.0,0.0
201300048076,9,11,2013,21,5,202,33,2,1,1,6,"SANS, AV DE LA LIBERATIO",0.0,0.0
201300048077,13,11,2013,11,1,202,33,2,1,1,2,"SANS, TUNNEL",0.0,0.0
201300048078,12,11,2013,18,5,202,33,2,1,1,6,TOUTES RUES,0.0,0.0
201300048079,14,11,2013,15,1,202,33,2,1,1,6,"SANS, VEZZANI - RUE CESA",0.0,0.0
201300048080,17,11,2013,10,1,202,33,2,1,1,6,"SANS, 193 - RN",0.0,0.0
201300048081,17,11,2013,22,3,202,33,1,1,3,6,"SANS, COL DE TEGHIME",0.0,0.0
201300048082,16,11,2013,6,5,202,37,2,1,1,1,"SANS, TOUTES RUES",0.0,0.0
201300048083,18,11,2013,16,2,202,33,2,1,3,3,"516, ST FLORENT-ANCIENNE",0.0,0.0
201300048084,19,11,2013,14,1,202,33,2,1,1,2,"SANS, VEZZANI - RUE CESA",0.0,0.0
201300048085,19,11,2013,22,5,202,33,2,1,1,3,"SANS, 193 - RN",0.0,0.0
201300048086,21,11,2013,9,1,202,33,2,1,3,1,"SANS, TUNNEL",0.0,0.0
201300048087,21,11,2013,18,5,202,33,2,1,2,6,"SANS, TOUTES RUES",0.0,0.0
201300048088,27,11,2013,17,5,202,120,2,1,1,4,"sans, TOUTES RUES",0.0,0.0
201300048089,30,11,2013,20,5,202,120,1,3,3,1,"sans, TOUTES RUES",0.0,0.0
201300048090,1,12,2013,0,5,202,33,2,1,2,6,"sans, TUNNEL - PASSERELL",0.0,0.0
201300048091,8,12,2013,19,5,202,37,2,1,1,6,"sans, TOUTES RUES",0.0,0.0
201300048092,12,12,2013,9,1,202,120,1,1,1,2,"sans, TOUTES RUES",0.0,0.0
201300048093,12,12,2013,13,1,202,120,2,1,1,3,"sans, TOUTES RUES",0.0,0.0
201300048094,12,12,2013,18,5,202,33,2,1,1,6,"SANS, 193 - RN",0.0,0.0
201300048095,12,12,2013,18,5,202,33,2,1,1,4,"sans, 193 - RN",0.0,0.0
201300048096,11,12,2013,18,5,202,37,1,1,1,2,"sans, TOUTES RUES",0.0,0.0
201300048097,11,12,2013,19,5,202,33,2,1,1,3,", PAOLI DU NR 21 AU 45 -",0.0,0.0
201300048098,13,12,2013,7,5,202,37,2,1,1,2,"SANS, TOUTES RUES",0.0,0.0
201300048099,16,12,2013,15,5,202,37,1,1,1,1,"SANS, TOUTES RUES",0.0,0.0
201300048100,17,12,2013,10,1,202,33,2,1,1,2,"SANS, FRONT DE MER - ROU",0.0,0.0
201300048101,17,12,2013,9,1,202,33,2,1,1,6,"SANS, ROUTE ROYALE",0.0,0.0
201300048102,17,12,2013,9,1,202,33,2,1,1,2,"12, VEZZANI - RUE CESAR",0.0,0.0
201300048103,27,12,2013,10,1,202,33,1,1,1,2,"SANS, FRONT DE MER - ROU",0.0,0.0
201300048104,27,12,2013,14,1,202,33,2,1,1,6,"SANS, ROUTE ROYALE",0.0,0.0
201300048105,28,12,2013,17,1,202,33,2,1,1,6,"SANS, VEZZANI - RUE CESA",0.0,0.0
201300048106,28,12,2013,15,1,202,33,2,1,1,3,"5, SARI - AV EMILE",0.0,0.0
201300048107,31,12,2013,21,5,202,33,2,1,1,6,"sans, MIOT - RUE",0.0,0.0
201300048108,9,1,2013,23,5,69,382,2,1,1,3,"27, COURS SUCHET",0.0,0.0
201300048109,11,1,2013,14,1,69,382,2,1,1,6,"14, COURS DE VERDUN PERR",0.0,0.0
201300048110,18,1,2013,2,5,69,382,1,1,1,6,TREMIE 2 DU CENTRE D ECH,0.0,0.0
201300048111,19,1,2013,1,5,69,382,2,1,2,4,"85, CHARLEMAGNE",0.0,0.0
201300048112,9,1,2013,7,2,69,382,2,1,1,6,GRENETTE,0.0,0.0
201300048113,14,2,2013,14,1,69,382,2,2,1,6,GRENETTE,0.0,0.0
201300048114,1,2,2013,15,1,69,382,2,1,1,7,"59, RUE PRESIDENT EDOUAR",0.0,0.0
201300048115,13,2,2013,10,1,69,382,2,1,1,7,"3, RUE PAUL MONTROCHET",0.0,0.0
201300048116,14,2,2013,17,1,69,382,2,3,2,6,RUE PAUL MONTROCHET,0.0,0.0
201300048117,17,2,2013,2,5,69,382,2,1,1,6,"12, QUAI JULES COURMONT",0.0,0.0
201300048118,19,2,2013,10,1,69,382,2,1,1,6,"58, COURS CHARLEMAGNE",0.0,0.0
201300048119,20,2,2013,13,1,69,382,2,1,1,5,RUE PAUL MONTROCHET,0.0,0.0
201300048120,26,2,2013,14,1,69,382,2,1,1,2,"11, QUAI DES CELESTINS",0.0,0.0
201300048121,28,2,2013,18,5,69,382,2,1,1,2,LAFAYETTE,0.0,0.0
201300048122,16,3,2013,16,1,69,382,2,1,1,6,"12, JULES COURMONT",0.0,0.0
201300048123,1,4,2013,23,5,69,382,2,1,1,6,"32, PERRACHE",0.0,0.0
201300048124,3,4,2013,22,5,69,382,2,1,1,6,"20, REPUBLIQUE (DE LA)",0.0,0.0
201300048125,5,4,2013,17,1,69,382,2,1,2,4,"44, DOCTEUR GAILLETON (D",0.0,0.0
201300048126,13,4,2013,19,1,69,382,2,2,1,6,DELANDINE,0.0,0.0
201300048127,12,4,2013,0,5,69,382,2,2,2,3,"13, JULES COURMONT",0.0,0.0
201300048128,23,4,2013,15,1,69,382,2,1,1,6,"38, RUE DES REMPARTS D A",0.0,0.0
201300048129,23,4,2013,15,1,69,382,2,1,1,4,"190, CHARLEMAGNE",0.0,0.0