Num_Acc,jour,mois,an,hr,condition_eclairage,departement,commune,condition_agglomeration,intersection,condition_atmosphere,type_collision,adresse,lattitude,longitude
201300048130,21,4,2013,2,5,69,382,2,1,1,7,"40, RAMBAUD",0.0,0.0
201300048131,17,5,2013,18,1,69,382,2,1,2,6,"face 12, QUAI JULES COUR",0.0,0.0
201300048132,19,5,2013,4,5,69,382,2,2,1,6,COURS SUCHET,0.0,0.0
201300048133,6,5,2013,9,1,69,382,2,9,1,2,"01, QUAI JULES COURMONT",0.0,0.0
201300048134,9,5,2013,21,5,69,382,2,1,1,6,DOCTEUR GAILLETON (DU),0.0,0.0
201300048135,8,5,2013,18,1,69,382,2,1,2,6,"11, QUAI DES CELESTINS",0.0,0.0
201300048136,16,5,2013,18,1,69,382,2,1,2,4,PERRACHE,0.0,0.0
201300048137,18,5,2013,3,5,69,382,2,1,1,6,"45, DOCTEUR GAILLETON (D",0.0,0.0
201300048138,22,5,2013,15,1,69,382,2,1,1,3,"10, MARECHAL JOFFRE (DU)",0.0,0.0
201300048139,25,5,2013,23,5,69,382,2,1,1,6,RUE VUILLERME,0.0,0.0
201300048140,29,5,2013,17,1,69,382,2,1,3,3,"1, JULES COURMONT",0.0,0.0
201300048141,31,5,2013,8,1,69,382,2,3,1,3,"16, RUE THOMASSIN",0.0,0.0
201300048142,1,6,2013,14,1,69,382,2,2,1,6,"27, JEAN MOULIN",0.0,0.0
201300048143,5,6,2013,9,1,69,382,2,2,1,3,"81, CHARLEMAGNE",0.0,0.0
201300048144,23,6,2013,16,1,69,382,2,1,1,7,"00, tr?mie n?2",0.0,0.0
201300048145,25,6,2013,20,1,69,382,2,1,1,3,"27, JEAN MOULIN",0.0,0.0
201300048146,29,6,2013,0,5,69,382,2,2,1,2,"00, QUAI JULES COURMONT",0.0,0.0
201300048147,30,6,2013,12,1,69,382,2,3,1,2,"12, QUAI PERRACHE",0.0,0.0
201300048148,30,6,2013,18,1,69,382,2,1,1,5,"04, PLACE CARNOT",0.0,0.0
201300048149,29,6,2013,11,1,69,382,2,3,2,3,"face au 2, PLACE DES COR",0.0,0.0
201300048150,2,7,2013,18,1,69,382,2,1,1,6,"22, GRENETTE",0.0,0.0
201300048151,3,7,2013,17,1,69,382,2,1,1,6,"11, BELLECOUR",0.0,0.0
201300048152,5,7,2013,18,1,69,382,2,1,1,6,"2, QUAI SAINT ANTOINE",0.0,0.0
201300048153,20,7,2013,23,5,69,382,2,1,1,6,"13, JULES COURMONT",0.0,0.0
201300048154,21,7,2013,18,1,69,382,2,3,1,3,REPUBLIQUE (DE LA),0.0,0.0
201300048155,12,7,2013,3,5,69,382,2,1,1,6,PERRACHE,0.0,0.0
201300048156,24,7,2013,10,1,69,382,2,3,1,1,QUAI PERRACHE,0.0,0.0
201300048157,24,7,2013,16,1,69,382,2,1,1,6,QUAI RAMBAUD,0.0,0.0
201300048158,30,7,2013,12,1,69,382,2,1,1,6,"27, JEAN MOULIN",0.0,0.0
201300048159,24,7,2013,13,1,69,382,2,1,1,6,"16, RUE VICTOR HUGO",0.0,0.0
201300048160,1,8,2013,17,1,69,382,2,2,1,3,RUE DELANDINE,0.0,0.0
201300048161,1,8,2013,23,5,69,382,2,1,1,6,"27, TILSITT",0.0,0.0
201300048162,3,8,2013,11,1,69,382,2,1,1,3,JULES COURMONT,0.0,0.0
201300048163,3,8,2013,11,1,69,382,2,1,1,6,"8, RAMBAUD",0.0,0.0
201300048164,4,8,2013,11,1,69,382,2,1,1,6,"9, PERRACHE",0.0,0.0
201300048165,30,8,2013,15,1,69,382,2,5,1,3,JULES COURMONT,0.0,0.0
201300048166,5,9,2013,12,1,69,382,2,1,1,4,JULES COURMONT,0.0,0.0
201300048167,6,9,2013,18,1,69,382,2,1,1,6,"73, PRESIDENT EDOUARD HE",0.0,0.0
201300048168,12,9,2013,18,1,69,382,2,2,1,3,CASIMIR PERIER,0.0,0.0
201300048169,1,9,2013,4,5,69,382,2,2,1,3,"1, TILSITT",0.0,0.0
201300048170,20,9,2013,21,5,69,382,2,1,1,3,GALLIENI,0.0,0.0
201300048171,21,9,2013,22,5,69,382,2,1,1,6,"34, RUE VAUBECOUR",0.0,0.0
201300048172,10,10,2013,15,1,69,382,2,2,1,3,"10, CONDE (DE)",0.0,0.0
201300048173,25,9,2013,7,1,69,382,2,1,1,6,PONT GALLIENI,0.0,0.0
201300048174,18,10,2013,3,5,69,382,2,1,1,6,"60, JULES COURMONT",0.0,0.0
201300048175,16,11,2013,20,5,69,382,2,1,1,6,"12, MARECHAL JOFFRE (DU)",0.0,0.0
201300048176,28,11,2013,1,5,69,382,2,1,1,6,QUAI DOCTEUR GAILLETON,0.0,0.0
201300048177,30,11,2013,13,1,69,382,2,1,1,6,"3, RUE ANTOINE DE SAINT",0.0,0.0
201300048178,1,12,2013,8,1,69,382,2,2,1,3,"22, BAYARD",0.0,0.0
201300048179,10,12,2013,7,1,69,382,2,1,5,2,"21, JEAN MOULIN",0.0,0.0
201300048180,13,12,2013,1,5,69,382,2,1,1,6,"1, QUAI JULES COURMONT",0.0,0.0
201300048181,17,12,2013,15,1,69,382,2,1,7,6,QUAI DOCTEUR GAILLETON,0.0,0.0
201300048182,19,12,2013,7,5,69,382,2,1,2,6,QUAI DOCTEUR GAILLETON,0.0,0.0
201300048183,20,12,2013,0,5,69,382,2,1,2,6,"40, RAMBAUD",0.0,0.0
201300048184,22,12,2013,18,5,69,382,2,1,1,2,QUAI DOCTEUR GAILLETON,0.0,0.0
201300048185,1,1,2013,6,4,62,274,1,1,2,6,AUTOROUTE A1,0.0,0.0
201300048186,2,1,2013,13,1,59,507,1,1,1,7,AUTOROUTE A1,0.0,0.0
201300048187,3,1,2013,14,1,62,587,1,1,1,7,AUTOROUTE A21,0.0,0.0
201300048188,3,1,2013,19,3,59,532,1,1,2,5,AUTOROUTE A16,50.95861,2.15931
201300048189,13,1,2013,5,5,62,498,1,1,2,6,AUTOROUTE A21,0.0,0.0
201300048190,16,1,2013,12,1,59,43,1,1,2,4,AUTOROUTE A25,0.0,0.0
201300048191,2,2,2013,11,1,62,427,1,1,1,7,AUTOROUTE A21,0.0,0.0
201300048192,9,2,2013,18,3,62,748,1,1,2,7,AUTOROUTE A16,0.0,0.0
201300048193,11,2,2013,7,1,62,510,1,1,1,3,AUTOROUTE A21,0.0,0.0
201300048194,12,2,2013,6,3,62,186,1,1,8,3,AUTOROUTE A21,0.0,0.0
201300048195,12,2,2013,14,1,59,646,1,1,1,5,ROUTE NATIONALE 356,0.0,0.0
201300048196,15,2,2013,3,5,59,343,1,1,8,7,AUTOROUTE A1,0.0,0.0
201300048197,15,2,2013,20,5,59,350,1,1,1,2,ROUTE NATIONALE 356,0.0,0.0
201300048198,1,3,2013,12,1,59,82,1,1,1,2,ROUTE NATIONALE 225,0.0,0.0
201300048199,1,3,2013,19,2,59,462,1,1,1,2,AUTOROUTE A1,0.0,0.0
201300048200,11,3,2013,20,3,59,146,1,1,4,5,AUTOROUTE A27,0.0,0.0
201300048201,12,3,2013,14,1,59,124,1,1,4,2,AUTOROUTE A27,0.0,0.0
201300048202,17,3,2013,18,1,59,350,1,1,2,7,AUTOROUTE A25,0.0,0.0
201300048203,22,3,2013,12,1,59,196,1,1,1,2,AUTOROUTE A25,0.0,0.0
201300048204,22,3,2013,21,3,59,234,1,1,8,2,AUTOROUTE A21,0.0,0.0
201300048205,27,3,2013,14,1,59,378,1,1,1,4,ROUTE NATIONALE 356,0.0,0.0
201300048206,2,4,2013,9,1,59,278,1,1,7,7,ROUTE NATIONALE 41,0.0,0.0
201300048207,5,4,2013,16,1,59,155,1,1,1,3,AUTOROUTE A16,0.0,0.0
201300048208,8,4,2013,4,3,59,260,1,1,1,1,AUTOROUTE A16,0.0,0.0
201300048209,10,4,2013,13,1,59,179,1,1,2,7,AUTOROUTE A 21,0.0,0.0
201300048210,13,4,2013,17,1,59,82,1,1,2,4,ROUTE NATIONALE 225,0.0,0.0
201300048211,14,4,2013,1,5,59,585,1,1,2,4,AUTOROUTE A1,0.0,0.0
201300048212,25,4,2013,14,1,59,205,1,1,1,6,AUTOROUTE A 21,0.0,0.0
201300048213,1,5,2013,0,3,62,528,1,1,1,6,AUTOROUTE A21,0.0,0.0
201300048214,1,5,2013,20,1,59,350,1,1,1,6,ROUTE NATIONALE 356,0.0,0.0
201300048215,7,5,2013,12,1,62,193,1,1,1,7,AUTOROUTE A16,0.0,0.0
201300048216,16,5,2013,9,1,59,343,1,1,2,6,ROUTE NATIONALE 227,0.0,0.0
201300048217,16,5,2013,17,1,59,507,1,1,2,3,AUTOROUTE A1,0.0,0.0
201300048218,16,5,2013,19,3,62,193,1,1,1,5,AUTOROUTE A16,50.93665,1.85233
201300048219,19,5,2013,4,3,59,491,1,1,1,2,AUTOROUTE A23,0.0,0.0
201300048220,23,5,2013,9,1,62,637,1,9,1,2,AUTOROUTE A1,0.0,0.0
201300048221,25,5,2013,19,1,59,9,1,1,1,3,AUTOROUTE A22,0.0,0.0
201300048222,23,5,2013,9,1,62,637,1,1,2,2,AUTOROUTE A1,0.0,0.0
201300048223,7,6,2013,10,1,59,288,1,1,1,6,AUTOROUTE A2,0.0,0.0
201300048224,19,6,2013,11,1,59,143,1,1,2,6,AUTOROUTE A25,0.0,0.0
201300048225,24,6,2013,5,2,59,479,1,1,8,7,AUTOROUTE A2,0.0,0.0
201300048226,5,7,2013,10,1,59,350,1,1,1,2,ROUTE NATIONALE 356,0.0,0.0
201300048227,6,7,2013,11,1,62,274,1,1,1,6,AUTOROUTE A21,0.0,0.0
201300048228,8,7,2013,8,1,59,350,1,1,1,2,AUTOROUTE A25,0.0,0.0
201300048229,12,7,2013,23,3,62,193,1,1,1,2,AUTOROUTE A16,0.0,0.0
201300048230,18,7,2013,14,1,59,350,1,1,7,6,ROUTE NATIONALE 356,50.62744,3.08324
201300048231,20,7,2013,3,5,62,351,1,1,1,6,AUTOROUTE A21,0.0,0.0
201300048232,25,7,2013,20,3,59,350,1,1,1,7,ROUTE NATIONALE 356,0.0,0.0
201300048233,28,7,2013,17,1,59,646,1,1,1,7,ROUTE DEPARTEMENTALE 656,0.0,0.0
201300048234,1,8,2013,21,1,59,456,1,1,1,7,AUTOROUTE A 21,50.38083,3.22936
201300048235,2,8,2013,19,1,59,350,1,1,1,3,AUTOROUTE A1,0.0,0.0
201300048236,3,8,2013,5,5,62,628,1,1,1,2,AUTOROUTE A21,0.0,0.0
201300048237,7,8,2013,0,3,62,852,1,1,1,6,AUTOROUTE A16,0.0,0.0
201300048238,16,8,2013,9,1,59,599,1,1,1,7,ROUTE DEPARTEMENTALE 656,0.0,0.0
201300048239,20,8,2013,18,1,59,508,1,1,1,6,AUTOROUTE A22,0.0,0.0
201300048240,21,8,2013,20,2,59,410,1,1,1,6,ROUTE NATIONALE 356,0.0,0.0
201300048241,22,8,2013,12,2,59,491,1,1,1,6,AUTOROUTE A23,0.0,0.0
201300048242,23,8,2013,18,1,62,748,1,1,1,7,AUTOROUTE A16,0.0,0.0
201300048243,27,8,2013,18,1,59,378,1,1,1,3,AUTOROUTE A22,0.0,0.0
201300048244,28,8,2013,12,1,59,507,1,1,1,6,AUTOROUTE A1,0.0,0.0
201300048245,28,8,2013,18,1,59,155,1,1,1,6,AUTOROUTE A16,0.0,0.0
201300048246,30,8,2013,10,1,59,508,1,1,1,7,AUTOROUTE A22,0.0,0.0
201300048247,2,9,2013,13,1,59,360,1,1,1,6,AUTOROUTE A25,0.0,0.0
201300048248,2,9,2013,14,1,59,90,1,1,1,6,AUTOROUTE A22,0.0,0.0
201300048249,3,9,2013,13,1,62,528,1,1,1,3,AUTOROUTE A21,0.0,0.0
201300048250,5,9,2013,17,1,59,9,1,1,1,6,AUTOROUTE A22,0.0,0.0
201300048251,7,9,2013,10,1,59,343,1,1,1,6,AUTOROUTE A1,0.0,0.0
201300048252,8,9,2013,7,1,59,9,1,1,1,7,AUTOROUTE A22,0.0,0.0
201300048253,9,9,2013,16,1,59,179,1,1,2,7,AUTOROUTE A2,0.0,0.0
201300048254,11,9,2013,14,1,59,9,1,1,2,6,ROUTE NATIONALE 227,0.0,0.0
201300048255,14,9,2013,20,3,59,195,1,1,9,6,ROUTE DEPARTEMENTALE 652,0.0,0.0
201300048256,17,9,2013,21,5,59,646,1,1,2,6,ROUTE DEPARTEMENTALE 656,0.0,0.0
201300048257,18,9,2013,13,1,59,350,1,1,1,3,ROUTE NATIONALE 356,0.0,0.0
201300048258,20,9,2013,7,1,59,43,1,1,1,2,AUTOROUTE A25,0.0,0.0
201300048259,20,9,2013,9,1,59,90,1,1,9,3,ROUTE DEPARTEMENTALE 652,0.0,0.0
201300048260,24,9,2013,7,2,59,196,1,1,1,4,AUTOROUTE A25,0.0,0.0
201300048261,28,9,2013,19,1,59,32,1,1,1,6,AUTOROUTE A2,0.0,0.0
201300048262,30,9,2013,1,4,59,507,1,1,1,6,AUTOROUTE A1,0.0,0.0
201300048263,30,9,2013,15,1,59,378,1,1,1,6,AUTOROUTE A22,0.0,0.0
201300048264,2,10,2013,7,2,59,123,1,1,1,6,AUTOROUTE A1,0.0,0.0
201300048265,3,10,2013,21,5,59,256,1,1,1,2,AUTOROUTE A23,0.0,0.0
201300048266,7,10,2013,2,4,59,378,1,1,1,1,AUTOROUTE A22,0.0,0.0
201300048267,9,10,2013,2,3,59,313,1,1,1,6,AUTOROUTE A2,0.0,0.0
201300048268,11,10,2013,5,5,62,771,1,1,8,6,AUTOROUTE A21,0.0,0.0
201300048269,11,10,2013,10,1,59,215,1,1,1,3,AUTOROUTE A2,0.0,0.0
201300048270,11,10,2013,17,1,59,80,1,1,1,6,AUTOROUTE A23,0.0,0.0
201300048271,16,10,2013,13,1,62,907,1,1,1,3,AUTOROUTE A1,0.0,0.0
201300048272,16,10,2013,18,1,59,574,1,1,3,6,AUTOROUTE A 21,0.0,0.0
201300048273,17,10,2013,18,1,59,340,1,1,1,2,AUTOROUTE A16,0.0,0.0
201300048274,25,10,2013,17,1,59,564,1,1,2,4,AUTOROUTE A2,0.0,0.0
201300048275,26,10,2013,1,3,59,179,1,1,8,2,AUTOROUTE A2,0.0,0.0
201300048276,26,10,2013,17,1,59,566,1,1,1,7,AUTOROUTE A25,0.0,0.0
201300048277,27,10,2013,0,3,59,462,1,1,1,2,AUTOROUTE A1,0.0,0.0
201300048278,1,11,2013,13,1,59,378,1,1,1,2,AUTOROUTE A22,0.0,0.0
201300048279,2,11,2013,17,1,59,350,1,1,1,2,AUTOROUTE A25,0.0,0.0
201300048280,3,11,2013,12,1,62,498,1,1,6,6,AUTOROUTE A21,0.0,0.0
201300048281,3,11,2013,23,5,62,498,1,1,3,6,AUTOROUTE A21,0.0,0.0
201300048282,12,11,2013,22,3,59,401,1,1,1,4,AUTOROUTE A25,0.0,0.0
201300048283,13,11,2013,8,1,59,401,1,1,1,4,AUTOROUTE A25,0.0,0.0
201300048284,13,11,2013,17,2,62,274,1,1,1,4,AUTOROUTE A21,0.0,0.0
201300048285,13,11,2013,18,3,59,350,1,1,1,4,ROUTE NATIONALE 356,0.0,0.0
201300048286,14,11,2013,13,1,62,274,1,1,1,2,AUTOROUTE A21,50.43183,2.98135
201300048287,19,11,2013,18,4,62,274,1,1,8,5,AUTOROUTE A1,0.0,0.0
201300048288,21,11,2013,1,3,59,574,1,1,5,2,AUTOROUTE A 21,0.0,0.0
201300048289,21,11,2013,11,1,62,498,1,1,1,6,AUTOROUTE A211,0.0,0.0
201300048290,24,11,2013,4,5,59,195,1,1,1,6,AUTOROUTE A25,0.0,0.0
201300048291,24,11,2013,19,3,59,260,1,1,2,6,AUTOROUTE A16,0.0,0.0
201300048292,29,11,2013,15,1,59,155,1,1,1,3,AUTOROUTE A16,0.0,0.0
201300048293,30,11,2013,8,1,59,401,1,1,1,6,AUTOROUTE A25,0.0,0.0
201300048294,30,11,2013,19,3,59,606,1,1,2,3,AUTOROUTE A23,0.0,0.0
201300048295,4,12,2013,18,5,59,646,1,1,2,5,AUTOROUTE A22,0.0,0.0
201300048296,9,12,2013,0,3,59,636,1,1,1,6,ROUTE DEPARTEMENTALE 652,0.0,0.0
201300048297,9,12,2013,17,5,59,9,1,1,1,7,ROUTE NATIONALE 227,0.0,0.0
201300048298,9,12,2013,21,3,59,378,1,1,1,4,AUTOROUTE A22,0.0,0.0
201300048299,19,12,2013,10,1,59,258,1,1,1,2,AUTOROUTE A23,0.0,0.0
201300048300,19,12,2013,14,1,59,143,1,1,1,6,AUTOROUTE A25,0.0,0.0
201300048301,19,12,2013,19,3,59,359,1,1,1,6,AUTOROUTE A16,0.0,0.0
201300048302,20,12,2013,16,1,59,646,1,1,1,6,ROUTE NATIONALE 356,0.0,0.0
201300048303,22,12,2013,10,1,62,766,1,1,6,6,AUTOROUTE A16,0.0,0.0
201300048304,24,12,2013,17,3,59,586,1,1,3,6,AUTOROUTE A23,0.0,0.0
201300048305,26,12,2013,9,1,59,234,1,1,1,6,AUTOROUTE A21,0.0,0.0
201300048306,26,12,2013,14,1,59,350,1,1,1,3,AUTOROUTE A25,0.0,0.0
201300048307,28,12,2013,11,1,59,646,1,1,1,2,ROUTE DEPARTEMENTALE 656,0.0,0.0
201300048308,29,12,2013,4,3,59,195,1,1,1,6,ROUTE DEPARTEMENTALE 652,0.0,0.0
201300048309,4,1,2013,10,1,69,386,2,1,2,6,"41, AVENUE MARECHAL FOCH",0.0,0.0
201300048310,5,1,2013,19,4,69,383,2,2,1,1,"ignore, RUE DE LA VILLET",0.0,0.0
201300048311,9,1,2013,8,1,69,386,2,1,1,2,"1, QUAI CHARLES DE GAULL",0.0,0.0
201300048312,9,1,2013,17,5,69,383,2,2,1,3,"1, COURS GAMBETTA",0.0,0.0
201300048313,5,2,2013,17,2,69,385,2,3,3,6,"62, AVENUE DU POINT DU J",0.0,0.0
201300048314,14,1,2013,20,5,69,383,2,2,1,1,RUE PAUL BERT,0.0,0.0
201300048315,12,2,2013,12,1,69,385,2,1,2,6,"153, AVENUE BARTHELEMY B",0.0,0.0
201300048316,16,1,2013,12,1,69,386,2,1,1,6,"31, COURS VITTON",0.0,0.0
201300048317,13,2,2013,16,1,69,385,2,1,1,6,"15, QUAI FULCHIRON",0.0,0.0
201300048318,18,1,2013,7,5,69,383,2,2,1,6,"0, BOULEVARD MARIUS VIVI",0.0,0.0
201300048319,18,1,2013,7,2,69,383,2,2,1,3,"0, COURS EUGENIE",0.0,0.0
201300048320,22,1,2013,16,1,69,386,2,2,1,3,"IGNORE, COURS LAFAYETTE",0.0,0.0
201300048321,24,1,2013,22,5,69,386,2,2,1,3,"0, RUE CURTELIN",0.0,0.0
201300048322,23,1,2013,14,1,69,386,2,3,1,3,"00, RUE BERANGER",0.0,0.0
201300048323,26,1,2013,19,5,69,383,2,1,1,6,"236, COURS LAFAYETTE",0.0,0.0
201300048324,28,1,2013,12,1,69,383,2,2,2,3,RUE JULIEN,0.0,0.0
201300048325,1,2,2013,8,1,69,383,2,1,1,6,"02, ROUTE DE GENAS",0.0,0.0
201300048326,2,2,2013,13,1,69,383,2,2,1,3,"IGNORE, COURS GAMBETTA",0.0,0.0
201300048327,4,2,2013,12,1,69,386,2,1,8,6,"152, RUE DUGUESCLIN",0.0,0.0
201300048328,4,2,2013,19,5,69,383,2,1,2,6,"290, RUE GARIBALDI",0.0,0.0
201300048329,1,2,2013,12,1,69,383,2,1,8,6,"56, AVENUE ROCKEFELLER",0.0,0.0
201300048330,2,2,2013,12,1,69,386,2,2,1,3,RUE DUGUESCLIN,0.0,0.0
201300048331,6,2,2013,18,5,69,383,2,2,2,6,"0, BOULEVARD MARIUS VIVI",0.0,0.0
201300048332,8,2,2013,8,1,69,386,2,1,1,6,"119, COURS LAFAYETTE",0.0,0.0
201300048333,12,2,2013,17,5,69,383,2,2,2,3,"0, COURS DE LA LIBERTE",0.0,0.0
201300048334,15,2,2013,8,1,69,386,2,3,1,3,"ignore, BOULEVARD DES BR",0.0,0.0
201300048335,15,2,2013,10,1,69,386,2,1,1,2,"42, COURS VITTON",0.0,0.0
201300048336,20,2,2013,13,1,69,383,2,1,1,1,"22, AVENUE GEORGES POMPI",0.0,0.0
201300048337,23,2,2013,0,5,69,383,2,2,1,6,RUE DUGUESCLIN,0.0,0.0
201300048338,26,2,2013,19,5,69,386,2,2,1,3,RUE CUVIER,0.0,0.0
201300048339,27,2,2013,16,1,69,386,2,2,1,6,"0, COURS LAFAYETTE",0.0,0.0
201300048340,27,2,2013,12,1,69,383,2,1,1,4,"01, COURS RICHARD VITTON",0.0,0.0
201300048341,3,3,2013,9,1,69,386,2,2,1,6,"0, COURS LAFAYETTE",0.0,0.0
201300048342,5,3,2013,17,1,69,383,2,2,1,3,"IGNORE, RUE DU LAC",0.0,0.0
201300048343,5,3,2013,20,5,69,383,2,4,1,6,"0, PLACE DE LA FERRANDIE",0.0,0.0
201300048344,8,3,2013,10,1,69,383,2,3,1,6,RUE DU DAUPHINE,0.0,0.0
201300048345,7,3,2013,15,1,69,383,2,1,1,6,AVENUE GEORGES POMPIDOU,0.0,0.0
201300048346,9,3,2013,16,1,69,383,2,2,1,3,"0, RUE DE LA PART DIEU",0.0,0.0
201300048347,9,3,2013,19,5,69,383,2,2,1,3,COURS GAMBETTA,0.0,0.0
201300048348,11,3,2013,13,1,69,383,2,2,1,3,"0, RUE SAINT MAXIMIN",0.0,0.0
201300048349,11,3,2013,13,1,69,383,2,2,1,3,"IGNORE, RUE DE BONNEL",0.0,0.0
201300048350,11,3,2013,18,1,69,383,2,1,1,3,"79, RUE BARABAN",0.0,0.0
201300048351,12,3,2013,15,1,69,386,2,1,1,6,COURS VITTON,0.0,0.0
201300048352,14,3,2013,13,1,69,383,2,1,1,4,RUE BONNAND,0.0,0.0
201300048353,15,3,2013,17,1,69,383,2,2,1,3,"0, AVENUE FELIX FAURE",0.0,0.0
201300048354,18,3,2013,14,1,69,383,2,1,8,2,"68, RUE FERDINAND BUISSO",0.0,0.0
201300048355,29,3,2013,4,5,69,386,2,1,8,3,"6, PLACE JULES FERRY",0.0,0.0
201300048356,30,3,2013,20,5,69,386,2,3,3,3,"ignor?, COURS VITTON",0.0,0.0
201300048357,6,4,2013,13,1,69,383,2,1,1,6,"8, RUE AIME COLLOMB",0.0,0.0
201300048358,4,4,2013,16,1,69,383,2,3,1,1,"0, BOULEVARD MARIUS VIVI",0.0,0.0
201300048359,8,4,2013,11,1,69,386,2,3,2,3,"ignore, RUE GERMAIN",0.0,0.0
201300048360,10,4,2013,21,5,69,383,2,2,2,1,RUE DU DAUPHINE,0.0,0.0
201300048361,12,4,2013,17,1,69,383,2,1,2,7,"37, AVENUE FELIX FAURE",0.0,0.0
201300048362,13,4,2013,0,5,69,386,2,3,1,6,"0, QUAI GENERAL SARRAIL",0.0,0.0
201300048363,13,4,2013,4,5,69,383,2,2,1,3,"0, RUE VENDOME",0.0,0.0
201300048364,16,4,2013,16,1,69,386,2,2,1,3,"0, RUE GARIBALDI",0.0,0.0
201300048365,16,4,2013,19,1,69,383,2,1,1,6,"8, RUE OMER LOUIS",0.0,0.0
201300048366,3,4,2013,20,5,69,386,2,1,1,6,"30, QUAI CHARLES DE GAUL",0.0,0.0
201300048367,13,4,2013,15,1,69,383,2,1,1,6,"26, RUE BONNAND",0.0,0.0
201300048368,17,4,2013,12,1,69,383,2,1,1,3,"83, COURS ALBERT THOMAS",0.0,0.0
201300048369,18,4,2013,16,1,69,386,2,2,1,6,"00, AVENUE MARECHAL DE S",0.0,0.0
201300048370,19,4,2013,9,1,69,383,2,1,2,2,"05, COURS ALBERT THOMAS",0.0,0.0
201300048371,9,4,2013,22,5,69,383,2,1,1,3,"IGNORE, PLACE ANTONIN JU",0.0,0.0
201300048372,25,4,2013,12,1,69,383,2,1,1,2,"49, AVENUE LACASSAGNE",0.0,0.0
201300048373,25,4,2013,22,5,69,386,2,2,1,6,"0, RUE TETE D OR",0.0,0.0
201300048374,28,4,2013,22,5,69,386,2,1,2,6,"184, COURS LAFAYETTE",0.0,0.0
201300048375,29,4,2013,8,1,69,386,2,2,2,6,RUE NOTRE DAME,0.0,0.0
201300048376,2,5,2013,9,1,69,383,2,1,8,6,RUE DOCTEUR PAUL DIDAY,0.0,0.0
201300048377,2,5,2013,15,1,69,386,2,1,1,2,"1, AVENUE DE GRANDE BRET",0.0,0.0
201300048378,7,5,2013,16,1,69,386,2,2,1,6,"0, RUE FENELON",0.0,0.0
201300048379,11,5,2013,18,1,69,386,2,2,1,1,"ignore, RUE TETE D OR",0.0,0.0
201300048380,14,5,2013,13,1,69,383,2,1,1,4,"83, BOULEVARD MARIUS VIV",0.0,0.0
201300048381,16,5,2013,15,1,69,383,2,2,2,3,AVENUE GEORGES POMPIDOU,0.0,0.0
201300048382,21,5,2013,12,1,69,386,2,2,1,6,"89, RUE DE CREQUI",0.0,0.0
201300048383,24,5,2013,13,1,69,386,2,1,1,6,"07, COURS FRANKLIN ROOSE",0.0,0.0
201300048384,24,5,2013,15,1,69,383,2,3,1,3,BOULEVARD MARIUS VIVIER,0.0,0.0
201300048385,24,5,2013,18,1,69,383,2,1,1,3,"IGNORE, RUE PAUL BERT",0.0,0.0
201300048386,27,5,2013,14,1,69,383,2,1,1,3,AVENUE LACASSAGNE,0.0,0.0
201300048387,28,5,2013,10,1,69,383,2,3,8,6,"0, RUE GUY",0.0,0.0
201300048388,30,5,2013,13,1,69,383,2,3,2,6,"00, BOULEVARD MARIUS VIV",0.0,0.0
201300048389,30,5,2013,15,1,69,386,2,1,2,6,"143, AVENUE THIERS",0.0,0.0
201300048390,30,5,2013,16,1,69,383,2,1,1,6,RUE DE LA VILLETTE,0.0,0.0
201300048391,31,5,2013,17,1,69,383,2,2,2,6,"0, RUE BELLECOMBE",0.0,0.0
201300048392,3,6,2013,10,1,69,386,2,1,1,4,"81, BOULEVARD STALINGRAD",0.0,0.0
201300048393,3,6,2013,11,1,69,383,2,2,1,3,"0, AVENUE LACASSAGNE",0.0,0.0
201300048394,3,6,2013,21,5,69,386,2,9,1,6,"8, PLACE MARECHAL LYAUTE",0.0,0.0
201300048395,5,6,2013,16,1,69,383,2,1,1,6,"186, COURS LAFAYETTE",0.0,0.0
201300048396,5,6,2013,19,1,69,386,2,1,1,4,"24, BOULEVARD DES BELGES",0.0,0.0
201300048397,5,6,2013,22,5,69,383,2,1,1,3,"196, AVENUE FELIX FAURE",0.0,0.0
201300048398,7,6,2013,0,5,69,383,2,1,1,2,"165, AVENUE FELIX FAURE",0.0,0.0
201300048399,11,6,2013,11,1,69,386,2,2,1,3,"0, RUE CUVIER",0.0,0.0
201300048400,11,6,2013,18,1,69,383,2,2,1,6,RUE DUGUESCLIN,0.0,0.0
201300048401,13,6,2013,11,1,69,386,2,2,1,3,"0, AVENUE THIERS",0.0,0.0
201300048402,13,6,2013,18,1,69,383,2,1,2,6,"56, COURS GAMBETTA",0.0,0.0
201300048403,13,6,2013,19,1,69,383,2,2,3,6,"246, COURS LAFAYETTE",0.0,0.0
201300048404,14,6,2013,15,1,69,383,2,1,1,6,"49, AVENUE MARECHAL DE S",0.0,0.0
201300048405,18,6,2013,16,1,69,383,2,1,1,4,"86, COURS EUGENIE",0.0,0.0
201300048406,19,6,2013,14,1,69,386,2,1,1,7,"30, QUAI CHARLES DE GAUL",0.0,0.0
201300048407,18,6,2013,19,1,69,386,2,2,1,6,"288, COURS LAFAYETTE",0.0,0.0
201300048408,26,6,2013,15,1,69,383,2,1,1,6,"290, RUE GARIBALDI",0.0,0.0
201300048409,26,6,2013,16,1,69,386,2,2,7,3,"0, RUE TETE D OR",0.0,0.0
201300048410,19,6,2013,10,1,69,386,2,1,1,6,"10, QUAI GENERAL SARRAIL",0.0,0.0
201300048411,30,6,2013,3,5,69,383,2,2,1,3,RUE SERVIENT,0.0,0.0
201300048412,1,7,2013,18,1,69,383,2,2,1,6,"0, RUE PAUL BERT",0.0,0.0
201300048413,2,7,2013,13,1,69,386,2,2,1,3,"00, COURS VITTON",0.0,0.0
201300048414,4,7,2013,19,1,69,386,2,1,1,5,"2, PLACE MARECHAL LYAUTE",0.0,0.0
201300048415,1,7,2013,9,1,69,386,2,1,1,3,AVENUE DE GRANDE BRETAGN,0.0,0.0
201300048416,2,7,2013,15,1,69,383,2,2,1,6,"0, RUE DE LA VILLETTE",0.0,0.0
201300048417,4,7,2013,19,1,69,386,2,2,1,3,"00, RUE VAUBAN",0.0,0.0