Num_Acc,jour,mois,an,hr,condition_eclairage,departement,commune,condition_agglomeration,intersection,condition_atmosphere,type_collision,adresse,lattitude,longitude
201300048418,5,7,2013,13,1,69,383,2,2,1,3,"0, RUE CHAPONNAY",0.0,0.0
201300048419,6,7,2013,3,5,69,386,2,1,1,6,"122, RUE VAUBAN",0.0,0.0
201300048420,10,7,2013,12,1,69,383,2,2,1,6,"0, RUE DE CREQUI",0.0,0.0
201300048421,12,7,2013,2,5,69,386,2,1,1,2,"00, PONT WINSTON CHURCHI",0.0,0.0
201300048422,12,7,2013,9,1,69,386,2,2,1,6,"0, AVENUE MARECHAL DE SA",0.0,0.0
201300048423,12,7,2013,12,1,69,383,2,5,1,2,QUAI VICTOR AUGAGNEUR,0.0,0.0
201300048424,15,7,2013,19,1,69,383,2,2,1,3,"0, RUE CHAPONNAY",0.0,0.0
201300048425,15,7,2013,16,1,69,386,2,3,1,3,"00, RUE DE GENEVE",0.0,0.0
201300048426,16,7,2013,18,1,69,383,2,1,1,3,"72, AVENUE MARECHAL DE S",0.0,0.0
201300048427,16,7,2013,18,1,69,383,2,2,1,1,RUE DE LA PART DIEU,0.0,0.0
201300048428,22,7,2013,17,1,69,386,2,1,1,2,"25, BOULEVARD DES BROTTE",0.0,0.0
201300048429,23,7,2013,12,1,69,383,2,2,1,3,"00, RUE PASCAL",0.0,0.0
201300048430,23,7,2013,12,1,69,386,2,1,1,6,"0, COURS VITTON",0.0,0.0
201300048431,25,7,2013,10,1,69,386,2,1,1,6,"4, AVENUE MARECHAL DE SA",0.0,0.0
201300048432,26,7,2013,10,1,69,383,2,2,1,3,"0, AVENUE MARECHAL DE SA",0.0,0.0
201300048433,26,7,2013,17,1,69,383,2,1,1,3,"64, RUE DE BONNEL",0.0,0.0
201300048434,29,7,2013,15,1,69,386,2,2,1,3,"0, COURS LAFAYETTE",0.0,0.0
201300048435,31,7,2013,14,1,69,386,2,2,1,3,COURS LAFAYETTE,0.0,0.0
201300048436,30,7,2013,12,1,69,383,2,2,1,3,"0, AVENUE GEORGES POMPID",0.0,0.0
201300048437,28,6,2013,14,1,69,383,2,1,2,3,"00, AVENUE FELIX FAURE",0.0,0.0
201300048438,5,8,2013,1,5,69,383,2,2,1,3,"0, COURS GAMBETTA",0.0,0.0
201300048439,29,7,2013,10,1,69,383,2,1,1,4,AVENUE FELIX FAURE,0.0,0.0
201300048440,8,8,2013,12,1,69,383,2,2,3,3,"0, RUE DES TUILIERS",0.0,0.0
201300048441,4,8,2013,12,1,69,383,2,2,1,3,"00, COURS GAMBETTA",0.0,0.0
201300048442,8,8,2013,16,1,69,383,2,1,2,7,"47, AVENUE FELIX FAURE",0.0,0.0
201300048443,20,8,2013,8,1,69,386,2,2,1,3,"42, RUE DE SEZE",0.0,0.0
201300048444,20,8,2013,14,1,69,383,2,1,1,6,AVENUE LACASSAGNE,0.0,0.0
201300048445,12,8,2013,12,1,69,386,2,1,1,6,"66, RUE TRONCHET",0.0,0.0
201300048446,24,8,2013,2,5,69,386,2,1,1,6,"39, BOULEVARD DES BELGES",0.0,0.0
201300048447,26,8,2013,19,1,69,383,2,1,1,5,"0, AVENUE ROCKEFELLER",0.0,0.0
201300048448,27,8,2013,13,1,69,386,2,2,2,6,COURS VITTON,0.0,0.0
201300048449,27,8,2013,17,1,69,383,2,1,1,6,"26, COURS ALBERT THOMAS",0.0,0.0
201300048450,27,8,2013,12,1,69,386,2,2,2,3,"0, RUE DUQUESNE",0.0,0.0
201300048451,30,8,2013,15,1,69,386,2,1,1,6,"126, RUE VAUBAN",0.0,0.0
201300048452,2,9,2013,10,1,69,383,2,1,1,6,"15, RUE DU DAUPHINE",0.0,0.0
201300048453,2,9,2013,17,1,69,383,2,1,1,3,"17, AVENUE MARECHAL DE S",0.0,0.0
201300048454,5,9,2013,15,1,69,383,2,1,1,2,"65, BOULEVARD MARIUS VIV",0.0,0.0
201300048455,6,9,2013,13,1,69,383,2,1,1,6,"18, BOULEVARD PINEL",0.0,0.0
201300048456,7,9,2013,16,1,69,383,2,1,1,6,"0, QUAI VICTOR AUGAGNEUR",0.0,0.0
201300048457,9,9,2013,12,1,69,383,2,1,1,2,"85, BOULEVARD MARIUS VIV",0.0,0.0
201300048458,4,9,2013,6,2,69,386,2,2,1,3,RUE DUQUESNE,0.0,0.0
201300048459,4,9,2013,18,1,69,383,2,3,1,6,"0, RUE FIOL",0.0,0.0
201300048460,9,9,2013,10,1,69,386,2,2,1,6,"00, RUE CUVIER",0.0,0.0
201300048461,9,9,2013,15,1,69,383,2,1,1,4,"35, AVENUE FELIX FAURE",0.0,0.0
201300048462,10,9,2013,9,1,69,383,2,1,1,7,"200, AVENUE LACASSAGNE",0.0,0.0
201300048463,11,9,2013,13,1,69,383,2,1,1,3,"222, RUE DE CREQUI",0.0,0.0
201300048464,11,9,2013,9,1,69,383,2,1,1,6,"16, QUAI VICTOR AUGAGNEU",0.0,0.0
201300048465,11,9,2013,10,1,69,383,2,1,1,7,"199, RUE DE BONNEL",0.0,0.0
201300048466,12,9,2013,15,1,69,386,2,1,1,6,"0, COURS LAFAYETTE",0.0,0.0
201300048467,9,9,2013,15,1,69,386,2,2,1,3,"18, AVENUE VERGUIN",0.0,0.0
201300048468,13,9,2013,18,1,69,386,2,3,1,3,RUE DE SEZE,0.0,0.0
201300048469,15,9,2013,11,1,69,383,2,2,1,3,COURS LAFAYETTE,0.0,0.0
201300048470,19,9,2013,17,1,69,386,2,3,1,3,"10, QUAI CHARLES DE GAUL",0.0,0.0
201300048471,19,9,2013,18,1,69,386,2,1,1,6,"110, COURS VITTON",0.0,0.0
201300048472,22,9,2013,20,5,69,383,2,1,1,6,"22, QUAI VICTOR AUGAGNEU",0.0,0.0
201300048473,23,9,2013,12,1,69,386,2,1,1,6,AVENUE VERGUIN,0.0,0.0
201300048474,25,9,2013,14,1,69,383,2,1,1,2,"132, AVENUE MARECHAL DE",0.0,0.0
201300048475,24,9,2013,19,2,69,383,2,2,1,3,"00, AVENUE MARECHAL DE S",0.0,0.0
201300048476,29,7,2013,15,1,69,383,2,2,1,3,"0, RUE DE LA VILLETTE",0.0,0.0
201300048477,1,9,2013,20,5,69,386,2,1,1,2,"10, QUAI CHARLES DE GAUL",0.0,0.0
201300048478,26,9,2013,14,1,69,386,2,2,1,3,"141, RUE VAUBAN",0.0,0.0
201300048479,28,9,2013,19,1,69,383,2,1,1,5,"168-170, AVENUE FELIX FA",0.0,0.0
201300048480,28,9,2013,21,5,69,386,2,2,1,3,"0, RUE CUVIER",0.0,0.0
201300048481,29,9,2013,12,1,69,383,2,1,2,2,"00, AVENUE GEORGES POMPI",0.0,0.0
201300048482,30,9,2013,22,5,69,386,2,1,1,2,"71, RUE BUGEAUD",0.0,0.0
201300048483,24,9,2013,7,1,69,383,2,1,1,2,"43, COURS GAMBETTA",0.0,0.0
201300048484,3,10,2013,9,1,69,383,2,1,1,2,"119, COURS LAFAYETTE",0.0,0.0
201300048485,4,10,2013,11,1,69,383,2,2,1,6,"0, COURS DE LA LIBERTE",0.0,0.0
201300048486,7,10,2013,14,1,69,383,2,2,1,3,"0, COURS EUGENIE",0.0,0.0
201300048487,8,10,2013,18,2,69,386,2,1,1,3,"0, COURS FRANKLIN ROOSEV",0.0,0.0
201300048488,9,10,2013,21,5,69,383,2,2,1,3,RUE DUGUESCLIN,0.0,0.0
201300048489,9,10,2013,19,5,69,386,2,1,1,6,"125, RUE DES CHARMETTES",0.0,0.0
201300048490,9,10,2013,19,5,69,386,2,2,1,6,"0, BOULEVARD DES BELGES",0.0,0.0
201300048491,2,10,2013,20,5,69,386,1,2,1,3,COURS LAFAYETTE,0.0,0.0
201300048492,16,10,2013,17,1,69,386,2,2,1,3,"0, RUE SAINTE GENEVIEVE",0.0,0.0
201300048493,17,10,2013,8,1,69,386,2,2,1,3,"0, RUE DUGUESCLIN",0.0,0.0
201300048494,11,10,2013,19,5,69,386,2,3,1,3,"1, RUE DUQUESNE",0.0,0.0
201300048495,20,10,2013,9,1,69,383,2,5,8,3,COURS RICHARD VITTON,0.0,0.0
201300048496,21,10,2013,18,2,69,383,2,1,2,6,"303, RUE DUGUESCLIN",0.0,0.0
201300048497,18,10,2013,8,1,69,383,2,1,1,6,"4, RUE JULIE",0.0,0.0
201300048498,21,10,2013,16,1,69,386,2,2,1,3,"79, RUE DUGUESCLIN",0.0,0.0
201300048499,22,10,2013,16,1,69,383,2,1,1,6,"120, BOULEVARD MARIUS VI",0.0,0.0
201300048500,23,10,2013,20,5,69,383,2,2,1,6,"0, RUE SERVIENT",0.0,0.0
201300048501,25,10,2013,9,1,69,383,2,1,1,2,"99, AVENUE FELIX FAURE",0.0,0.0
201300048502,25,10,2013,21,5,69,383,2,2,1,3,"0, AVENUE MARECHAL DE SA",0.0,0.0
201300048503,30,10,2013,18,5,69,383,2,2,1,6,"0, ROUTE DE GENAS",0.0,0.0
201300048504,22,10,2013,10,1,69,383,2,2,1,3,RUE SAINT ANTOINE,0.0,0.0
201300048505,6,11,2013,20,5,69,386,2,2,1,3,"0, RUE VAUBAN",0.0,0.0
201300048506,8,11,2013,10,1,69,386,2,1,1,6,"105-107, RUE BOSSUET",0.0,0.0
201300048507,8,11,2013,19,5,69,383,2,5,2,6,COURS RICHARD VITTON,0.0,0.0
201300048508,9,11,2013,19,4,69,383,2,2,3,5,"141, RUE GARIBALDI",0.0,0.0
201300048509,12,11,2013,19,5,69,383,2,2,1,3,RUE DE LA PART DIEU,0.0,0.0
201300048510,13,11,2013,15,1,69,386,2,2,1,3,RUE DE CREQUI,0.0,0.0
201300048511,15,11,2013,23,5,69,383,2,1,1,2,"314, COURS LAFAYETTE",0.0,0.0
201300048512,19,11,2013,11,1,69,383,2,2,2,2,"0, COURS LAFAYETTE",0.0,0.0
201300048513,19,11,2013,17,5,69,383,2,2,2,6,"0, RUE DU LAC",0.0,0.0
201300048514,20,11,2013,7,2,69,383,2,2,2,6,RUE RABELAIS,0.0,0.0
201300048515,21,11,2013,17,3,69,386,2,2,2,3,"1, AVENUE THIERS",0.0,0.0
201300048516,23,11,2013,20,5,69,383,2,2,1,3,"0, RUE PAUL BERT",0.0,0.0
201300048517,27,11,2013,18,5,69,383,2,1,1,6,"9, RUE DE LA PART DIEU",0.0,0.0
201300048518,27,11,2013,23,5,69,386,2,2,1,3,"0, RUE JULIETTE RECAMIER",0.0,0.0
201300048519,4,11,2013,10,1,69,383,2,1,1,6,"20-22, AVENUE GEORGES PO",0.0,0.0
201300048520,9,11,2013,16,1,69,383,2,2,1,3,"30, COURS ALBERT THOMAS",0.0,0.0
201300048521,27,11,2013,19,5,69,383,2,2,1,3,RUE MAURICE FLANDIN,0.0,0.0
201300048522,28,11,2013,19,5,69,386,2,2,1,6,"0, COURS LAFAYETTE",0.0,0.0
201300048523,28,11,2013,0,5,69,386,2,3,1,7,"1, AVENUE DE GRANDE BRET",0.0,0.0
201300048524,28,11,2013,10,1,69,386,2,1,1,6,"34, RUE TETE D OR",0.0,0.0
201300048525,3,12,2013,12,1,69,386,2,2,1,6,"1, BOULEVARD STALINGRAD",0.0,0.0
201300048526,4,12,2013,8,1,69,383,2,3,1,3,"41, RUE DU DAUPHINE",0.0,0.0
201300048527,23,12,2013,18,5,69,386,2,1,1,6,"34, QUAI CHARLES DE GAUL",0.0,0.0
201300048528,10,12,2013,9,1,69,386,2,1,1,2,"129, RUE DE CREQUI",0.0,0.0
201300048529,16,12,2013,11,1,69,386,2,2,1,3,RUE MASSENA,0.0,0.0
201300048530,19,12,2013,13,1,69,383,2,1,3,6,"11, COURS ALBERT THOMAS",0.0,0.0
201300048531,18,12,2013,18,5,69,383,2,1,1,6,"3, AVENUE LACASSAGNE",0.0,0.0
201300048532,17,12,2013,10,1,69,386,2,2,1,6,"148, RUE DUGUESCLIN",0.0,0.0
201300048533,22,12,2013,19,5,69,383,2,1,1,6,"87, COURS GAMBETTA",0.0,0.0
201300048534,22,12,2013,17,5,69,386,2,4,1,6,"1, RUE JULIETTE RECAMIER",0.0,0.0
201300048535,25,12,2013,21,5,69,383,2,2,3,3,"1, RUE FERDINAND BUISSON",0.0,0.0
201300048536,5,1,2013,7,5,69,384,2,2,1,3,RUE DUMONT D URVILLE,0.0,0.0
201300048537,13,1,2013,19,5,69,384,2,2,8,3,"41, RUE DE BELFORT",0.0,0.0
201300048538,30,1,2013,7,5,69,384,2,1,1,2,"1, QUAI JOSEPH GILLET",0.0,0.0
201300048539,16,2,2013,18,5,69,384,2,1,1,6,"4, BOULEVARD DES CANUTS",0.0,0.0
201300048540,27,2,2013,16,1,69,384,2,1,1,6,"120, BOULEVARD DE LA CRO",0.0,0.0
201300048541,4,3,2013,16,1,69,384,2,1,1,6,"56, BOULEVARD DES CANUTS",0.0,0.0
201300048542,5,3,2013,8,1,69,384,2,1,1,2,"56, RUE EUGENE PONS",0.0,0.0
201300048543,26,4,2013,13,1,69,384,2,1,2,7,"18, MONTEE DE LA BOUCLE",0.0,0.0
201300048544,27,4,2013,10,1,69,384,2,1,3,6,"44 bis, QUAI JOSEPH GILL",0.0,0.0
201300048545,4,5,2013,20,2,69,384,2,1,1,1,"74, RUE D YPRES",0.0,0.0
201300048546,18,5,2013,15,1,69,384,2,1,2,7,"27, COURS D HERBOUVILLE",0.0,0.0
201300048547,23,5,2013,8,1,69,384,2,1,1,3,"55, QUAI JOSEPH GILLET",0.0,0.0
201300048548,27,5,2013,18,1,69,384,2,1,1,6,"37, BOULEVARD DE LA CROI",0.0,0.0
201300048549,29,5,2013,7,1,69,384,2,1,1,1,CHEMIN DE SERIN A LA CRO,0.0,0.0
201300048550,30,5,2013,9,1,69,384,2,1,8,6,PONT MASARYK,0.0,0.0
201300048551,25,6,2013,9,1,69,384,2,2,1,3,"00, RUE HENON",0.0,0.0
201300048552,26,6,2013,9,1,69,384,2,1,1,3,"22, COURS D HERBOUVILLE",0.0,0.0
201300048553,16,7,2013,8,1,69,384,2,2,1,3,RUE HENON,0.0,0.0
201300048554,18,7,2013,9,1,69,384,2,1,2,2,CHEMIN DE SERIN A LA CRO,0.0,0.0
201300048555,23,7,2013,20,2,69,384,2,1,1,2,"25, RUE CHAZIERE",0.0,0.0
201300048556,28,7,2013,22,5,69,384,2,2,3,3,RUE DE NUITS,0.0,0.0
201300048557,29,8,2013,17,1,69,384,2,1,1,3,"42, RUE CHAZIERE",0.0,0.0
201300048558,17,9,2013,18,2,69,384,2,1,1,6,AVENUE DE BIRMINGHAM,0.0,0.0
201300048559,25,9,2013,12,1,69,384,2,2,1,6,"126, BOULEVARD DE LA CRO",0.0,0.0
201300048560,25,9,2013,16,1,69,384,2,1,1,6,"31, RUE HENON",0.0,0.0
201300048561,30,9,2013,8,1,69,384,2,3,1,3,RUE PHILIPPE DE LASSALLE,0.0,0.0
201300048562,5,11,2013,21,5,69,384,2,2,2,3,MONTEE DE LA BOUCLE,0.0,0.0
201300048563,15,11,2013,23,5,69,384,2,2,1,3,"23, RUE DE BELFORT",0.0,0.0
201300048564,17,11,2013,18,5,69,384,2,6,1,3,RUE EUGENE PONS,0.0,0.0
201300048565,18,11,2013,10,1,69,384,1,1,8,6,"22, RUE DE CUIRE",0.0,0.0
201300048566,19,11,2013,7,5,69,384,2,1,1,3,"25, RUE BONY",0.0,0.0
201300048567,3,12,2013,7,1,69,384,2,1,1,6,"10, RUE D AUSTERLITZ",0.0,0.0
201300048568,14,12,2013,1,5,69,384,2,1,5,4,"23, BOULEVARD DE LA CROI",0.0,0.0
201300048569,26,12,2013,19,5,69,384,2,1,1,3,"61, BOULEVARD DES CANUTS",0.0,0.0
201300048570,1,1,2013,5,5,33,167,1,1,2,6,ROUTE NATIONALE 230,0.0,0.0
201300048571,2,1,2013,7,5,33,249,1,1,1,6,ROCADE A 630,0.0,0.0
201300048572,7,1,2013,6,5,33,143,1,1,2,5,AUTOROUTE A 10,0.0,0.0
201300048573,7,1,2013,16,1,33,448,1,1,1,6,AUTOROUTE A 62,0.0,0.0
201300048574,11,1,2013,10,1,33,249,1,1,1,4,ROUTE NATIONALE 230,0.0,0.0
201300048575,11,1,2013,17,1,33,550,1,1,1,4,ROCADE A 630,0.0,0.0
201300048576,12,1,2013,14,1,33,63,1,1,2,4,ROCADE A 630,0.0,0.0
201300048577,15,1,2013,8,1,33,162,1,1,9,6,ROCADE A 630,0.0,0.0
201300048578,18,1,2013,5,5,33,167,1,1,4,6,ROUTE NATIONALE 230,0.0,0.0
201300048579,18,1,2013,17,1,33,65,1,1,2,6,ROUTE NATIONALE 230,0.0,0.0
201300048580,18,1,2013,18,5,33,39,1,1,2,6,ROCADE A 630,0.0,0.0
201300048581,19,1,2013,12,1,33,65,1,1,2,6,ROUTE NATIONALE 230,0.0,0.0
201300048582,19,1,2013,17,5,33,3,1,1,2,3,AUTOROUTE A 10,0.0,0.0
201300048583,24,1,2013,9,1,33,318,1,1,1,4,ROCADE A 630,0.0,0.0
201300048584,25,1,2013,7,5,33,192,1,1,1,5,ROCADE A 630,0.0,0.0
201300048585,27,1,2013,20,5,33,249,1,1,2,6,ROCADE A 630,0.0,0.0
201300048586,28,1,2013,8,1,33,318,1,1,2,2,ROCADE A 630,0.0,0.0
201300048587,29,1,2013,10,1,33,192,1,1,1,5,AUTOROUTE A 63,0.0,0.0
201300048588,4,2,2013,10,1,33,3,1,1,2,2,AUTOROUTE A 10,0.0,0.0
201300048589,6,2,2013,9,1,33,249,1,1,2,6,ROCADE A 630,0.0,0.0
201300048590,6,2,2013,17,1,33,80,1,1,2,2,AUTOROUTE A 62,0.0,0.0
201300048591,9,2,2013,17,1,33,249,1,1,2,6,ROCADE A 630,0.0,0.0
201300048592,10,2,2013,11,1,33,249,1,1,2,6,ROCADE A 630,0.0,0.0
201300048593,11,2,2013,5,5,33,249,1,1,2,6,ROUTE NATIONALE 230,0.0,0.0
201300048594,11,2,2013,18,5,33,249,1,1,2,6,ROCADE A 630,0.0,0.0
201300048595,12,2,2013,16,1,33,249,1,1,1,6,ROUTE NATIONALE 230,0.0,0.0
201300048596,13,2,2013,7,1,33,249,1,1,1,2,ROCADE A 630,0.0,0.0
201300048597,20,2,2013,15,1,33,63,1,1,1,2,ROCADE A 630,0.0,0.0
201300048598,21,2,2013,15,1,33,249,1,1,1,6,ROUTE NATIONALE 230,0.0,0.0
201300048599,21,2,2013,17,1,33,249,1,1,1,1,ROCADE A 630,0.0,0.0
201300048600,3,3,2013,8,2,33,192,1,1,1,6,ROCADE A 630,0.0,0.0
201300048601,4,3,2013,12,1,33,167,1,1,1,3,ROUTE NATIONALE 230,0.0,0.0
201300048602,7,3,2013,5,3,33,122,1,1,1,3,AUTOROUTE A 63,0.0,0.0
201300048603,8,3,2013,7,1,33,162,1,1,2,3,ROCADE A 630,0.0,0.0
201300048604,10,3,2013,16,1,33,162,1,1,1,7,ROCADE A 630,0.0,0.0
201300048605,15,3,2013,8,1,33,63,1,1,1,2,ROCADE A 630,0.0,0.0
201300048606,16,3,2013,11,1,33,3,1,1,1,6,AUTOROUTE A 10,0.0,0.0
201300048607,17,3,2013,23,4,33,318,1,1,1,6,ROCADE A 630,0.0,0.0
201300048608,18,3,2013,9,1,33,96,1,1,2,4,AUTOROUTE A 10,0.0,0.0
201300048609,18,3,2013,17,1,33,65,1,1,2,6,ROUTE NATIONALE 230,0.0,0.0
201300048610,19,3,2013,19,2,33,550,1,1,1,3,ROCADE A 630,0.0,0.0
201300048611,22,3,2013,7,1,33,281,1,1,1,2,ROCADE A 630,0.0,0.0
201300048612,27,3,2013,18,1,33,249,1,1,1,2,ROCADE A 630,0.0,0.0
201300048613,28,3,2013,20,3,33,122,1,1,1,2,AUTOROUTE A 63,0.0,0.0
201300048614,5,4,2013,11,1,33,249,1,1,1,6,ROUTE NATIONALE 230,0.0,0.0
201300048615,7,4,2013,16,1,33,192,1,1,8,4,ROCADE A 630,0.0,0.0
201300048616,8,4,2013,16,1,33,96,1,1,2,2,AUTOROUTE A 10,0.0,0.0
201300048617,9,4,2013,9,1,33,90,1,1,2,5,AUTOROUTE A 63,0.0,0.0
201300048618,11,4,2013,15,1,33,39,1,1,2,6,ROUTE NATIONALE 230,0.0,0.0
201300048619,11,4,2013,22,5,33,63,1,1,1,2,ROCADE A 630,0.0,0.0
201300048620,16,4,2013,6,5,33,397,1,1,1,6,AUTOROUTE A 10,0.0,0.0
201300048621,16,4,2013,19,1,33,75,1,1,1,4,ROCADE A 630,0.0,0.0
201300048622,17,4,2013,9,1,33,162,1,1,1,5,ROCADE A 630,0.0,0.0
201300048623,21,4,2013,22,5,33,63,1,1,1,6,ROCADE A 630,0.0,0.0
201300048624,24,4,2013,11,1,33,119,1,1,1,5,ROUTE NATIONALE 230,0.0,0.0
201300048625,24,4,2013,16,1,33,281,1,1,1,6,ROCADE A 630,0.0,0.0
201300048626,24,4,2013,16,1,33,550,1,1,1,6,ROCADE A 630,0.0,0.0
201300048627,25,4,2013,10,1,33,75,1,1,1,4,ROCADE A 630,0.0,0.0
201300048628,25,4,2013,18,1,33,281,1,1,1,7,ROCADE A 630,0.0,0.0
201300048629,26,4,2013,15,1,33,192,1,1,2,5,ROCADE A 630,0.0,0.0
201300048630,26,4,2013,19,1,33,487,1,1,2,6,AUTOROUTE A 10,0.0,0.0
201300048631,30,4,2013,7,1,33,249,1,1,2,6,ROCADE A 630,0.0,0.0
201300048632,1,5,2013,7,2,33,249,1,1,1,6,ROUTE NATIONALE 230,0.0,0.0
201300048633,1,5,2013,15,1,33,63,1,1,2,6,ROCADE A 630,0.0,0.0
201300048634,1,5,2013,22,5,33,249,1,1,2,5,ROUTE NATIONALE 230,0.0,0.0
201300048635,2,5,2013,17,1,33,39,1,1,2,4,ROCADE A 630,0.0,0.0
201300048636,2,5,2013,17,1,33,318,1,1,2,6,ROCADE A 630,0.0,0.0
201300048637,3,5,2013,0,5,33,39,1,1,2,6,ROCADE A 631,0.0,0.0
201300048638,9,5,2013,12,1,33,80,1,1,2,6,AUTOROUTE A 62,0.0,0.0
201300048639,9,5,2013,16,1,33,39,1,1,2,5,ROCADE A 630,0.0,0.0
201300048640,9,5,2013,19,1,33,119,1,1,2,5,ROUTE NATIONALE 230,0.0,0.0
201300048641,9,5,2013,20,1,33,39,1,1,2,6,ROCADE A 630,0.0,0.0
201300048642,11,5,2013,17,1,33,192,1,1,1,6,ROCADE A 630,0.0,0.0
201300048643,12,5,2013,10,1,33,39,1,1,2,6,ROCADE A 630,0.0,0.0
201300048644,14,5,2013,19,1,33,249,1,1,1,3,ROCADE A 630,0.0,0.0
201300048645,15,5,2013,17,1,33,318,1,1,1,2,ROCADE A 630,0.0,0.0
201300048646,15,5,2013,19,1,33,281,1,1,8,6,ROCADE A 630,0.0,0.0
201300048647,16,5,2013,9,1,33,75,1,1,1,6,ROCADE A 630,0.0,0.0
201300048648,18,5,2013,21,2,33,39,1,1,2,3,ROCADE A 630,0.0,0.0
201300048649,21,5,2013,7,1,33,23,1,1,2,4,AUTOROUTE A 62,0.0,0.0
201300048650,21,5,2013,10,1,33,249,1,1,2,6,ROCADE A 630,0.0,0.0
201300048651,24,5,2013,17,1,33,192,1,1,1,2,ROCADE A 630,0.0,0.0
201300048652,26,5,2013,19,1,33,167,1,1,1,6,ROUTE NATIONALE 230,0.0,0.0
201300048653,30,5,2013,8,1,33,167,1,1,2,6,ROUTE NATIONALE 230,0.0,0.0
201300048654,2,6,2013,19,1,33,90,1,1,1,4,AUTOROUTE A 63,0.0,0.0
201300048655,10,6,2013,7,1,33,550,1,1,1,4,ROCADE A 630,0.0,0.0
201300048656,15,6,2013,15,1,33,318,1,1,1,7,ROCADE A 630,0.0,0.0
201300048657,19,6,2013,15,1,33,65,1,1,3,3,ROUTE NATIONALE 230,0.0,0.0
201300048658,20,6,2013,12,1,33,318,1,1,2,5,ROCADE A 630,0.0,0.0
201300048659,21,6,2013,2,5,33,119,1,1,2,6,ROUTE NATIONALE 230,0.0,0.0
201300048660,21,6,2013,16,1,33,96,1,1,2,4,AUTOROUTE A 10,0.0,0.0
201300048661,21,6,2013,18,1,33,249,1,1,2,2,ROUTE NATIONALE 230,0.0,0.0
201300048662,25,6,2013,7,1,33,397,1,1,1,2,AUTOROUTE A 10,0.0,0.0
201300048663,27,6,2013,9,1,33,249,1,1,1,6,ROUTE NATIONALE 230,0.0,0.0
201300048664,27,6,2013,19,1,33,80,1,1,1,6,AUTOROUTE A 62,0.0,0.0
201300048665,27,6,2013,20,5,33,162,1,1,1,2,ROCADE A 630,0.0,0.0
201300048666,28,6,2013,17,1,33,63,1,1,1,2,ROCADE A 630,0.0,0.0
201300048667,28,6,2013,17,1,33,550,1,1,1,2,ROCADE A 630,0.0,0.0
201300048668,28,6,2013,18,1,33,162,1,1,1,5,ROCADE A 630,0.0,0.0
201300048669,28,6,2013,20,1,33,39,1,1,1,6,ROCADE A 630,0.0,0.0
201300048670,28,6,2013,23,3,33,249,1,1,1,6,ROUTE NATIONALE 230,0.0,0.0
201300048671,29,6,2013,19,1,33,550,1,1,2,7,ROCADE A 630,0.0,0.0
201300048672,4,7,2013,20,1,33,318,1,1,1,6,ROCADE A 630,0.0,0.0
201300048673,6,7,2013,12,1,33,366,1,1,1,4,AUTOROUTE A 10,0.0,0.0
201300048674,6,7,2013,19,1,33,318,1,1,1,6,ROCADE A 630,0.0,0.0
201300048675,7,7,2013,6,1,33,75,1,1,1,6,ROCADE A 630,0.0,0.0
201300048676,8,7,2013,10,1,33,318,1,1,1,7,ROCADE A 630,0.0,0.0
201300048677,8,7,2013,14,1,33,249,1,1,1,4,ROCADE A 630,0.0,0.0
201300048678,12,7,2013,8,1,33,63,1,1,1,3,ROCADE A 630,0.0,0.0
201300048679,12,7,2013,16,1,33,192,1,1,1,2,AUTOROUTE A 63,0.0,0.0
201300048680,16,7,2013,17,1,33,75,1,1,1,3,ROCADE A 630,0.0,0.0
201300048681,18,7,2013,17,1,33,550,1,1,1,6,ROCADE A 630,0.0,0.0
201300048682,23,7,2013,13,1,33,192,1,1,1,3,AUTOROUTE A 63,0.0,0.0
201300048683,26,7,2013,15,1,33,249,1,1,1,6,ROCADE A 630,0.0,0.0
201300048684,27,7,2013,6,1,33,96,1,1,1,6,AUTOROUTE A 10,0.0,0.0
201300048685,27,7,2013,10,1,33,122,1,1,1,6,AUTOROUTE A 63,0.0,0.0
201300048686,28,7,2013,10,1,33,397,1,1,1,2,AUTOROUTE A 10,0.0,0.0
201300048687,28,7,2013,17,1,33,192,1,1,1,6,AUTOROUTE A 63,0.0,0.0
201300048688,30,7,2013,10,1,33,366,1,1,1,6,AUTOROUTE A 10,0.0,0.0
201300048689,30,7,2013,19,1,33,550,1,1,1,6,ROCADE A 630,0.0,0.0
201300048690,3,8,2013,0,5,33,550,1,1,2,6,ROCADE A 630,0.0,0.0
201300048691,3,8,2013,16,1,33,553,1,1,1,6,AUTOROUTE A 10,0.0,0.0
201300048692,5,8,2013,12,1,33,553,1,1,1,6,AUTOROUTE A 10,0.0,0.0
201300048693,7,8,2013,14,1,33,122,1,1,2,6,AUTOROUTE A 63,0.0,0.0
201300048694,7,8,2013,17,1,33,366,1,1,2,6,AUTOROUTE A 10,0.0,0.0
201300048695,10,8,2013,19,1,33,122,1,1,1,7,AUTOROUTE A 63,0.0,0.0
201300048696,16,8,2013,20,1,33,281,1,1,1,3,ROCADE A 630,0.0,0.0
201300048697,17,8,2013,13,1,33,119,1,1,1,4,ROUTE NATIONALE 230,0.0,0.0
201300048698,22,8,2013,15,1,33,122,1,1,1,2,AUTOROUTE A 63,0.0,0.0
201300048699,24,8,2013,4,3,33,39,1,1,1,7,ROCADE A 630,0.0,0.0
201300048700,24,8,2013,13,1,33,162,1,1,1,2,ROCADE A 630,0.0,0.0
201300048701,30,8,2013,14,1,33,80,1,1,1,2,AUTOROUTE A 62,0.0,0.0
201300048702,31,8,2013,17,1,33,143,1,1,1,6,AUTOROUTE A 10,0.0,0.0
201300048703,2,9,2013,13,1,33,192,1,1,1,6,ROCADE A 630,0.0,0.0
201300048704,3,9,2013,14,1,33,318,1,1,1,6,ROCADE A 630,0.0,0.0
201300048705,5,9,2013,23,3,33,119,1,1,1,6,ROUTE NATIONALE 230,0.0,0.0