Num_Acc,jour,mois,an,hr,condition_eclairage,departement,commune,condition_agglomeration,intersection,condition_atmosphere,type_collision,adresse,lattitude,longitude
201300048706,7,9,2013,13,1,33,249,1,1,2,6,ROCADE A 630,0.0,0.0
201300048707,8,9,2013,21,5,33,96,1,1,1,6,AUTOROUTE A 10,0.0,0.0
201300048708,9,9,2013,17,1,33,397,1,1,2,2,AUTOROUTE A 10,0.0,0.0
201300048709,11,9,2013,18,1,33,281,1,1,1,6,ROCADE A 630,0.0,0.0
201300048710,13,9,2013,16,1,33,65,1,1,1,6,ROUTE NATIONALE 230,0.0,0.0
201300048711,16,9,2013,9,1,33,162,1,1,2,6,ROCADE A 630,0.0,0.0
201300048712,16,9,2013,9,1,33,65,1,1,2,6,ROUTE NATIONALE 230,0.0,0.0
201300048713,16,9,2013,11,1,33,249,1,1,2,6,ROCADE A 630,0.0,0.0
201300048714,16,9,2013,13,1,33,249,1,1,2,6,ROCADE A 630,0.0,0.0
201300048715,18,9,2013,16,1,33,249,1,1,3,6,ROCADE A 630,0.0,0.0
201300048716,18,9,2013,16,1,33,249,1,1,2,6,ROCADE A 630,0.0,0.0
201300048717,18,9,2013,19,1,33,249,1,1,2,6,ROCADE A 630,0.0,0.0
201300048718,19,9,2013,9,1,33,162,1,1,1,3,ROCADE A 630,0.0,0.0
201300048719,20,9,2013,16,1,33,318,1,1,1,6,ROCADE A 630,0.0,0.0
201300048720,21,9,2013,17,1,33,96,1,1,1,6,AUTOROUTE A 10,0.0,0.0
201300048721,23,9,2013,7,1,33,167,1,1,1,6,ROUTE NATIONALE 230,0.0,0.0
201300048722,23,9,2013,9,1,33,80,1,1,1,6,AUTOROUTE A 62,0.0,0.0
201300048723,14,9,2013,21,5,33,318,1,1,1,6,ROCADE A 630,0.0,0.0
201300048724,26,9,2013,7,5,33,75,1,1,1,6,ROCADE A 630,0.0,0.0
201300048725,26,9,2013,9,1,33,162,1,1,1,4,ROCADE A 630,0.0,0.0
201300048726,27,9,2013,7,2,33,318,1,1,1,6,ROCADE A 630,0.0,0.0
201300048727,30,9,2013,18,1,33,63,1,1,2,6,ROCADE A 630,0.0,0.0
201300048728,4,10,2013,18,1,33,318,1,1,3,7,ROCADE A 630,0.0,0.0
201300048729,4,10,2013,18,1,33,318,1,1,3,7,ROCADE A 630,0.0,0.0
201300048730,7,10,2013,17,1,33,249,1,1,1,2,ROCADE A 630,0.0,0.0
201300048731,7,10,2013,18,1,33,318,1,1,1,6,ROCADE A 630,0.0,0.0
201300048732,8,10,2013,10,1,33,96,1,1,1,3,AUTOROUTE A 10,0.0,0.0
201300048733,12,10,2013,1,3,33,23,1,1,8,6,AUTOROUTE A 62,0.0,0.0
201300048734,12,10,2013,8,1,33,249,1,1,2,2,ROCADE A 630,0.0,0.0
201300048735,15,10,2013,8,1,33,487,1,1,2,6,AUTOROUTE A 10,0.0,0.0
201300048736,14,10,2013,8,1,33,39,1,1,1,6,ROCADE A 630,0.0,0.0
201300048737,18,10,2013,15,1,33,65,1,1,1,5,ROUTE NATIONALE 230,0.0,0.0
201300048738,18,10,2013,16,1,33,550,1,1,1,2,ROCADE A 630,0.0,0.0
201300048739,18,10,2013,22,4,33,75,1,1,1,6,ROCADE A 630,0.0,0.0
201300048740,25,10,2013,5,4,33,448,1,1,2,6,AUTOROUTE A 62,0.0,0.0
201300048741,25,10,2013,8,2,33,39,1,1,2,4,ROCADE A 631,0.0,0.0
201300048742,25,10,2013,16,1,33,249,1,1,2,6,ROCADE A 630,0.0,0.0
201300048743,25,10,2013,16,1,33,249,1,1,2,6,ROCADE A 630,0.0,0.0
201300048744,25,10,2013,19,3,33,80,1,1,2,6,AUTOROUTE A 62,0.0,0.0
201300048745,30,10,2013,11,1,33,162,1,1,1,6,ROCADE A 630,0.0,0.0
201300048746,31,10,2013,6,5,33,318,1,1,1,6,AUTOROUTE A 63,0.0,0.0
201300048747,31,10,2013,18,5,33,550,1,1,1,6,ROCADE A 630,0.0,0.0
201300048748,31,10,2013,19,5,33,550,1,1,1,4,ROCADE A 630,0.0,0.0
201300048749,1,11,2013,21,5,33,90,1,1,2,6,AUTOROUTE A 63,0.0,0.0
201300048750,2,11,2013,18,5,33,39,1,1,2,6,ROCADE A 631,0.0,0.0
201300048751,2,11,2013,19,5,33,63,1,1,2,6,ROCADE A 630,0.0,0.0
201300048752,7,11,2013,7,1,33,397,1,1,2,6,AUTOROUTE A 10,0.0,0.0
201300048753,7,11,2013,9,1,33,90,1,1,9,6,AUTOROUTE A 63,0.0,0.0
201300048754,7,11,2013,10,1,33,192,1,1,2,2,ROCADE A 630,0.0,0.0
201300048755,8,11,2013,16,1,33,249,1,1,2,6,ROCADE A 630,0.0,0.0
201300048756,8,11,2013,19,5,33,249,1,1,2,6,ROCADE A 630,0.0,0.0
201300048757,10,11,2013,11,1,33,249,1,1,2,6,ROCADE A 630,0.0,0.0
201300048758,10,11,2013,11,1,33,39,1,1,2,6,ROCADE A 631,0.0,0.0
201300048759,10,11,2013,14,1,33,65,1,1,2,3,ROUTE NATIONALE 230,0.0,0.0
201300048760,11,11,2013,11,1,33,39,1,1,1,6,ROCADE A 630,0.0,0.0
201300048761,11,11,2013,17,5,33,39,1,1,2,6,ROCADE A 631,0.0,0.0
201300048762,12,11,2013,10,1,33,75,1,1,2,6,ROCADE A 630,0.0,0.0
201300048763,12,11,2013,10,1,33,75,1,1,2,6,ROCADE A 630,0.0,0.0
201300048764,12,11,2013,13,1,33,80,1,1,2,6,AUTOROUTE A 62,0.0,0.0
201300048765,14,11,2013,7,4,33,192,1,1,1,6,ROCADE A 630,0.0,0.0
201300048766,14,11,2013,14,1,33,65,1,1,1,3,ROUTE NATIONALE 230,0.0,0.0
201300048767,14,11,2013,14,1,33,318,1,1,1,6,ROCADE A 630,0.0,0.0
201300048768,15,11,2013,7,2,33,65,1,1,1,6,ROUTE NATIONALE 230,0.0,0.0
201300048769,18,11,2013,8,1,33,119,1,1,1,6,ROUTE NATIONALE 230,0.0,0.0
201300048770,19,11,2013,17,2,33,318,1,1,2,6,ROCADE A 630,0.0,0.0
201300048771,19,11,2013,7,2,33,397,1,1,1,6,AUTOROUTE A 10,0.0,0.0
201300048772,20,11,2013,7,5,33,167,1,1,1,6,ROUTE NATIONALE 230,0.0,0.0
201300048773,20,11,2013,7,5,33,162,1,1,1,4,ROCADE A 630,0.0,0.0
201300048774,21,11,2013,13,1,33,249,1,1,2,6,ROCADE A 630,0.0,0.0
201300048775,22,11,2013,7,3,33,249,1,1,1,2,AUTOROUTE A 10,0.0,0.0
201300048776,24,11,2013,15,1,33,249,1,1,1,6,ROUTE NATIONALE 230,0.0,0.0
201300048777,24,11,2013,17,2,33,96,1,1,1,6,AUTOROUTE A 10,0.0,0.0
201300048778,25,11,2013,7,4,33,550,1,1,1,6,AUTOROUTE A 62,0.0,0.0
201300048779,25,11,2013,16,1,33,39,1,1,1,6,ROCADE A 630,0.0,0.0
201300048780,27,11,2013,8,1,33,281,1,1,1,6,ROCADE A 630,0.0,0.0
201300048781,28,11,2013,9,1,33,80,1,1,1,6,AUTOROUTE A 62,0.0,0.0
201300048782,30,11,2013,19,5,33,63,1,1,1,6,ROCADE A 630,0.0,0.0
201300048783,4,12,2013,8,1,33,550,1,1,1,6,ROCADE A 630,0.0,0.0
201300048784,4,12,2013,8,1,33,65,1,1,1,6,ROUTE NATIONALE 230,0.0,0.0
201300048785,5,12,2013,6,2,33,80,1,1,1,6,AUTOROUTE A 62,0.0,0.0
201300048786,5,12,2013,9,1,33,90,1,1,1,2,AUTOROUTE A 63,0.0,0.0
201300048787,9,12,2013,16,1,33,249,1,1,1,2,ROCADE A 630,0.0,0.0
201300048788,10,12,2013,7,3,33,366,1,1,1,7,AUTOROUTE A 10,0.0,0.0
201300048789,12,12,2013,10,1,33,143,1,1,1,6,AUTOROUTE A 10,0.0,0.0
201300048790,13,12,2013,8,2,33,167,1,1,1,6,ROUTE NATIONALE 230,0.0,0.0
201300048791,14,12,2013,9,1,33,63,1,1,5,6,ROCADE A 630,0.0,0.0
201300048792,15,12,2013,19,5,33,249,1,1,1,6,ROCADE A 630,0.0,0.0
201300048793,16,12,2013,15,1,33,122,1,1,1,6,AUTOROUTE A 63,0.0,0.0
201300048794,16,12,2013,18,5,33,366,1,1,1,4,AUTOROUTE A 10,0.0,0.0
201300048795,14,12,2013,17,1,33,192,1,1,2,6,ROCADE A 630,0.0,0.0
201300048796,20,12,2013,7,4,33,448,1,1,1,6,AUTOROUTE A 62,0.0,0.0
201300048797,21,12,2013,15,1,33,249,1,1,1,6,ROUTE NATIONALE 230,0.0,0.0
201300048798,21,12,2013,19,3,33,80,1,1,1,3,AUTOROUTE A 62,0.0,0.0
201300048799,21,12,2013,20,5,33,39,1,1,1,6,ROCADE A 630,0.0,0.0
201300048800,23,12,2013,14,1,33,550,1,1,1,2,ROCADE A 630,0.0,0.0
201300048801,26,12,2013,3,4,33,366,1,1,3,2,AUTOROUTE A 10,0.0,0.0
201300048802,31,12,2013,20,3,33,80,1,1,2,6,AUTOROUTE A 62,0.0,0.0
201300048803,10,1,2013,10,1,69,385,2,1,2,7,"45, CHEMIN DE CHOULANS",0.0,0.0
201300048804,16,1,2013,12,1,69,385,2,1,9,7,"101, CHEMIN DE CHOULANS",0.0,0.0
201300048805,23,1,2013,15,1,69,385,2,1,1,6,"18, RUE DE TOURVIELLE",0.0,0.0
201300048806,16,2,2013,11,1,69,385,2,1,1,2,RUE COMMANDANT CHARCOT,0.0,0.0
201300048807,24,3,2013,0,5,69,385,2,1,2,6,"23, AVENUE DU POINT DU J",0.0,0.0
201300048808,26,3,2013,10,1,69,385,2,1,1,6,"38, MONTEE SAINT BARTHEL",0.0,0.0
201300048809,1,4,2013,16,1,69,385,2,1,1,5,MONTEE DU CHEMIN NEUF,0.0,0.0
201300048810,10,4,2013,12,1,69,385,2,1,1,3,"81, AVENUE DU POINT DU J",0.0,0.0
201300048811,14,4,2013,12,1,69,385,2,1,1,6,"39, RUE DE LA GARDE",0.0,0.0
201300048812,29,4,2013,16,1,69,385,2,2,3,6,"2, RUE OCTAVIO MEY",0.0,0.0
201300048813,7,5,2013,16,1,69,385,2,1,1,3,"8, QUAI DES ETROITS",0.0,0.0
201300048814,12,5,2013,11,1,69,385,2,1,1,6,"10, AVENUE DE MENIVAL",0.0,0.0
201300048815,16,5,2013,15,1,69,385,2,1,3,7,"50, RUE JOLIOT CURIE",0.0,0.0
201300048816,17,5,2013,7,1,69,385,2,2,8,6,"13, RUE DE LA BOMBARDE",0.0,0.0
201300048817,28,5,2013,12,1,69,385,2,1,2,3,"177, RUE JOLIOT CURIE",0.0,0.0
201300048818,9,7,2013,18,1,69,385,2,1,1,1,"58, QUAI PIERRE SCIZE",0.0,0.0
201300048819,7,6,2013,8,1,69,385,1,1,1,3,"43, RUE COMMANDANT CHARC",0.0,0.0
201300048820,11,6,2013,12,1,69,385,2,1,1,6,"191, CHEMIN DE CHOULANS",0.0,0.0
201300048821,17,6,2013,8,1,69,385,2,4,1,6,"3, RUE JEAN PREVOST",0.0,0.0
201300048822,19,6,2013,8,1,69,385,2,1,1,6,"13, QUAI ROMAIN ROLLAND",0.0,0.0
201300048823,2,7,2013,23,5,69,385,2,1,8,2,"162, CHEMIN DE CHOULANS",0.0,0.0
201300048824,3,7,2013,20,2,69,385,2,1,3,3,"173, AVENUE BARTHELEMY B",0.0,0.0
201300048825,24,7,2013,18,1,69,385,2,1,1,1,"77, QUAI PIERRE SCIZE",0.0,0.0
201300048826,25,7,2013,18,1,69,385,2,1,1,4,"1, AVENUE DE LA PREMIERE",0.0,0.0
201300048827,26,7,2013,16,1,69,385,2,1,1,1,"77, QUAI PIERRE SCIZE",0.0,0.0
201300048828,2,8,2013,15,1,69,385,2,1,7,3,"28-36, RUE ROGER RADISSO",0.0,0.0
201300048829,3,8,2013,18,1,69,385,2,4,1,3,PONT KITCHENER MARCHAND,0.0,0.0
201300048830,15,8,2013,19,1,69,385,2,1,1,3,"215, AVENUE BARTHELEMY B",0.0,0.0
201300048831,3,9,2013,22,5,69,385,2,1,1,6,"27, AVENUE DU POINT DU J",0.0,0.0
201300048832,4,9,2013,7,1,69,385,2,3,1,6,"160, RUE COMMANDANT CHAR",0.0,0.0
201300048833,10,9,2013,9,1,69,385,2,1,1,3,"6, AVENUE GENERAL EISENH",0.0,0.0
201300048834,10,9,2013,18,1,69,385,2,1,1,6,"192, AVENUE BARTHELEMY B",0.0,0.0
201300048835,11,10,2013,11,1,69,385,2,1,1,6,"21, AVENUE DU POINT DU J",0.0,0.0
201300048836,21,9,2013,19,2,69,385,2,1,1,6,"5, PLACE ABBE LARUE",0.0,0.0
201300048837,22,9,2013,16,1,69,385,2,1,1,3,"60, CHEMIN DE CHOULANS",0.0,0.0
201300048838,25,9,2013,14,1,69,385,2,1,1,3,"84, RUE COMMANDANT CHARC",0.0,0.0
201300048839,26,9,2013,20,5,69,385,2,1,1,6,"86, RUE COMMANDANT CHARC",0.0,0.0
201300048840,12,10,2013,9,1,69,385,2,1,1,6,"2, RUE DE LA QUARANTAINE",0.0,0.0
201300048841,18,10,2013,18,2,69,385,2,1,1,6,"6, RUE DE L ANTIQUAILLE",0.0,0.0
201300048842,29,10,2013,17,5,69,385,2,1,1,6,"4, MONTEE DES EPIES",0.0,0.0
201300048843,7,11,2013,13,1,69,385,2,1,1,6,"33, CHEMIN DE CHOULANS",0.0,0.0
201300048844,20,11,2013,18,5,69,385,2,1,9,6,"191, CHEMIN DE CHOULANS",0.0,0.0
201300048845,29,11,2013,14,1,69,385,2,1,1,6,"42, AVENUE GENERAL EISEN",0.0,0.0
201300048846,22,11,2013,10,1,69,385,2,2,2,6,RUE MAURICE BELLEMAIN,0.0,0.0
201300048847,5,12,2013,7,2,69,385,2,1,1,3,"1, RUE DE L ANTIQUAILLE",0.0,0.0
201300048848,21,12,2013,21,5,69,385,2,1,1,6,"85, QUAI PIERRE SCIZE",0.0,0.0
201300048849,8,1,2013,18,3,67,118,1,1,1,2,Autoroute A.351,0.0,0.0
201300048850,12,1,2013,17,3,67,309,1,1,1,5,Autoroute A.4,0.0,0.0
201300048851,26,1,2013,6,3,67,482,1,1,1,2,Autoroute A.351,0.0,0.0
201300048852,25,2,2013,14,1,67,389,1,1,8,7,Autoroute A.4,0.0,0.0
201300048853,20,3,2013,19,4,67,365,1,1,8,3,Autoroute A.35,0.0,0.0
201300048854,4,4,2013,12,1,67,447,1,1,1,5,Autoroute A.4,0.0,0.0
201300048855,12,4,2013,17,1,67,365,1,1,1,4,Autoroute A.35,0.0,0.0
201300048856,17,4,2013,0,3,67,482,1,1,1,3,Autoroute A.351,0.0,0.0
201300048857,10,5,2013,12,1,67,49,1,1,1,5,Autoroute A.35,0.0,0.0
201300048858,6,6,2013,13,1,67,447,1,1,1,3,Autoroute A.4,0.0,0.0
201300048859,19,6,2013,14,1,67,482,1,1,1,6,Autoroute A.35,0.0,0.0
201300048860,2,7,2013,16,1,67,482,1,1,1,3,Autoroute A.35,0.0,0.0
201300048861,3,7,2013,20,2,67,218,1,1,1,6,Nationale 353,0.0,0.0
201300048862,7,7,2013,19,1,67,482,1,1,1,7,Autoroute A.351,0.0,0.0
201300048863,17,7,2013,18,1,67,152,1,1,1,2,Autoroute A.35,0.0,0.0
201300048864,30,8,2013,16,1,67,389,1,1,1,2,Autoroute A.4,0.0,0.0
201300048865,27,9,2013,15,1,67,365,1,1,1,3,Autoroute A.35,0.0,0.0
201300048866,1,10,2013,22,3,67,482,1,1,1,7,Autoroute A.35,0.0,0.0
201300048867,6,10,2013,11,1,67,152,1,1,2,2,Route Nationale 83,0.0,0.0
201300048868,25,10,2013,8,1,67,365,1,1,1,3,Autoroute A.35,0.0,0.0
201300048869,4,11,2013,16,1,67,447,1,1,1,3,Autoroute A.4,0.0,0.0
201300048870,20,12,2013,15,1,67,482,1,1,1,2,Autoroute A.35,0.0,0.0
201300048871,3,2,2013,3,5,54,462,1,1,1,6,Autoroute A 33,48.60296,6.33348
201300048872,15,2,2013,15,1,54,462,1,1,1,2,Autoroute A 33,48.61723,6.3171
201300048873,18,2,2013,12,1,54,528,1,1,1,3,Autoroute A 31,48.65617,5.89666
201300048874,30,3,2013,16,1,54,304,1,1,1,3,Autoroute A 33,48.6809,6.11907
201300048875,28,6,2013,5,2,54,27,1,1,1,7,Autoroute A 31,48.88835,6.09848
201300048876,9,5,2013,20,3,54,462,1,1,1,3,Autoroute A 33,0.0,0.0
201300048877,12,3,2013,6,2,54,357,1,1,2,3,Autoroute A 31,48.72049,6.1675
201300048878,29,5,2013,4,2,54,328,1,1,1,7,Autoroute A 330,48.60994,6.17593
201300048879,17,6,2013,7,1,54,571,1,1,1,4,Autoroute A 33,48.61859,6.25017
201300048880,20,6,2013,9,1,54,571,1,1,2,2,Autoroute A 33,48.61851,6.27175
201300048881,10,8,2013,21,3,54,150,1,1,1,2,Autoroute A 31,48.77252,6.14348
201300048882,9,9,2013,8,1,54,571,1,1,1,4,Autoroute A 33,48.61854,6.25669
201300048883,24,9,2013,8,1,54,232,1,1,5,6,Autoroute A 31,48.68856,5.99516
201300048884,20,10,2013,21,3,54,431,1,1,1,3,Autoroute  A 313,48.8962,6.07257
201300048885,23,10,2013,15,1,54,115,1,1,1,3,Autoroute A 31,48.69407,6.09782
201300048886,11,12,2013,17,1,54,304,1,1,1,2,Autoroute A 31,48.70064,6.1246
201300048887,16,12,2013,14,1,54,91,1,1,1,7,Autoroute A 31,48.94834,6.11199
201300048888,20,12,2013,6,3,54,232,1,1,1,3,Autoroute A 31,48.6819,5.94326
201300048889,6,1,2013,8,1,57,663,1,1,8,6,Autoroute A31,0.0,0.0
201300048890,7,1,2013,8,2,57,283,1,1,1,2,Autoroute A31,0.0,0.0
201300048891,10,1,2013,19,3,57,447,1,1,8,6,RN 431,0.0,0.0
201300048892,15,1,2013,5,3,57,445,1,1,4,7,Autoroute A31,0.0,0.0
201300048893,8,2,2013,8,1,57,463,1,1,8,4,RN 431,0.0,0.0
201300048894,19,2,2013,23,3,57,534,1,1,1,7,RN 431,0.0,0.0
201300048895,23,3,2013,15,1,57,39,1,1,1,6,RN 431,0.0,0.0
201300048896,24,3,2013,9,1,57,194,1,1,8,6,Autoroute A31,0.0,0.0
201300048897,30,3,2013,1,3,57,463,1,1,1,3,Autoroute A31,0.0,0.0
201300048898,27,5,2013,12,1,57,751,1,1,1,6,Autoroute A31,0.0,0.0
201300048899,29,5,2013,10,1,57,303,1,1,1,6,Autoroute A31,0.0,0.0
201300048900,18,6,2013,17,1,57,672,1,1,1,2,Autoroute A31,0.0,0.0
201300048901,23,6,2013,15,1,57,474,1,1,1,6,Autoroute A31,0.0,0.0
201300048902,4,7,2013,19,1,57,452,1,1,1,2,Autoroute A31,0.0,0.0
201300048903,20,7,2013,13,1,57,303,1,1,1,4,Autoroute A31,0.0,0.0
201300048904,6,9,2013,2,3,57,474,1,1,1,7,Autoroute A31,0.0,0.0
201300048905,23,9,2013,15,1,57,663,1,1,1,1,Autoroute A31,0.0,0.0
201300048906,5,10,2013,20,3,57,666,1,1,3,3,Autoroute A31,0.0,0.0
201300048907,2,11,2013,14,1,57,666,1,1,3,3,Autoroute A31,0.0,0.0
201300048908,9,11,2013,4,3,57,269,1,1,1,6,Autoroute A31,0.0,0.0
201300048909,10,11,2013,4,3,57,96,1,1,1,7,Autoroute A30,0.0,0.0
201300048910,30,11,2013,15,1,57,463,1,1,1,3,Autoroute A31,0.0,0.0
201300048911,4,12,2013,17,3,57,269,1,1,1,7,Autoroute  A31,0.0,0.0
201300048912,12,12,2013,1,3,57,463,1,1,1,6,RN  431,0.0,0.0
201300048913,22,12,2013,6,3,57,552,1,1,1,2,RN  431,0.0,0.0
201300048914,27,12,2013,18,3,57,356,1,1,1,7,Autoroute  A31,0.0,0.0
201300048915,8,1,2013,7,2,69,387,2,2,1,2,RUE LAMOTHE,0.0,0.0
201300048916,12,1,2013,14,1,69,387,2,1,1,2,"7, AVENUE JEAN JAURES",0.0,0.0
201300048917,22,1,2013,8,1,69,387,2,1,1,2,"302-304, RUE GARIBALDI",0.0,0.0
201300048918,22,1,2013,12,1,69,387,2,2,1,3,"24, RUE DE GERLAND",0.0,0.0
201300048919,31,1,2013,5,5,69,387,2,2,1,3,"43, RUE CHEVREUL",0.0,0.0
201300048920,29,1,2013,8,1,69,387,2,9,1,6,"0, RUE DE LA MADELEINE",0.0,0.0
201300048921,10,1,2013,8,1,69,387,2,1,2,6,RUE DE GERLAND,0.0,0.0
201300048922,24,1,2013,14,1,69,387,2,3,1,3,"IGNORE, RUE RENAN",0.0,0.0
201300048923,1,2,2013,7,5,69,387,2,1,2,6,"152, BOULEVARD YVES FARG",0.0,0.0
201300048924,4,2,2013,10,1,69,387,2,2,2,1,"0, RUE BANCEL",0.0,0.0
201300048925,11,2,2013,12,1,69,387,2,2,2,6,"0, AVENUE JEAN JAURES",0.0,0.0
201300048926,19,2,2013,19,5,69,387,2,2,1,3,"ignore, AVENUE JEAN JAUR",0.0,0.0
201300048927,21,2,2013,15,1,69,387,2,2,1,2,"0, RUE CREUZET",0.0,0.0
201300048928,23,2,2013,2,5,69,387,2,1,1,7,"25, RUE BECHEVELIN",0.0,0.0
201300048929,2,3,2013,13,1,69,387,2,2,8,3,RUE RAULIN,0.0,0.0
201300048930,26,2,2013,5,5,69,387,2,2,1,6,RUE SEBASTIEN GRYPHE,0.0,0.0
201300048931,5,3,2013,0,5,69,387,2,1,1,6,"02, RUE DE GERLAND",0.0,0.0
201300048932,11,3,2013,21,5,69,387,2,2,1,3,"0, RUE DE L UNIVERSITE",0.0,0.0
201300048933,27,1,2013,20,5,69,387,2,1,3,6,AVENUE TONY GARNIER,0.0,0.0
201300048934,12,3,2013,0,5,69,387,2,2,1,3,"ignore, AVENUE LECLERC",0.0,0.0
201300048935,14,3,2013,14,1,69,387,2,2,1,2,"0, AVENUE JEAN JAURES",0.0,0.0
201300048936,17,3,2013,0,5,69,387,2,1,6,6,COURS GAMBETTA,0.0,0.0
201300048937,14,3,2013,20,5,69,387,2,3,1,6,"2, RUE CHALLEMEL LACOUR",0.0,0.0
201300048938,15,3,2013,0,5,69,387,2,1,8,7,"1, RUE DE L UNIVERSITE",0.0,0.0
201300048939,20,3,2013,18,1,69,387,2,3,1,6,PLACE RASPAIL,0.0,0.0
201300048940,22,3,2013,18,1,69,387,2,2,1,3,"0, RUE DE GERLAND",0.0,0.0
201300048941,3,4,2013,20,5,69,387,2,2,1,3,"0, AVENUE JEAN JAURES",0.0,0.0
201300048942,7,4,2013,19,5,69,387,2,1,1,6,"5, COURS GAMBETTA",0.0,0.0
201300048943,7,4,2013,20,2,69,387,2,1,1,6,RUE ANDRE BOLLIER,0.0,0.0
201300048944,16,4,2013,16,1,69,387,2,2,1,3,"0, RUE CHEVREUL",0.0,0.0
201300048945,10,4,2013,19,5,69,387,1,2,1,3,RUE SAINT MICHEL,0.0,0.0
201300048946,13,4,2013,23,5,69,387,2,1,1,7,"35, AVENUE DEBOURG",0.0,0.0
201300048947,16,4,2013,7,1,69,387,2,1,1,6,"191, AVENUE BERTHELOT",0.0,0.0
201300048948,14,4,2013,13,1,69,387,2,1,1,1,"47, RUE DE GERLAND",0.0,0.0
201300048949,9,4,2013,22,5,69,387,2,2,1,6,"0, AVENUE JEAN JAURES",0.0,0.0
201300048950,12,4,2013,12,1,69,387,2,1,1,6,"6, RUE DE L UNIVERSITE",0.0,0.0
201300048951,12,4,2013,17,1,69,387,2,3,1,3,RUE RAOUL SERVANT,0.0,0.0
201300048952,16,4,2013,17,1,69,387,2,3,1,3,"2, QUAI CLAUDE BERNARD",0.0,0.0
201300048953,18,4,2013,7,1,69,387,2,1,1,3,"10, RUE DE LA MADELEINE",0.0,0.0
201300048954,15,4,2013,9,1,69,387,2,1,1,3,"103, RUE SEBASTIEN GRYPH",0.0,0.0
201300048955,23,4,2013,21,5,69,387,2,2,1,3,"ignore, RUE RAULIN",0.0,0.0
201300048956,24,4,2013,19,1,69,387,2,1,1,2,"52, RUE CHALLEMEL LACOUR",0.0,0.0
201300048957,1,5,2013,14,1,69,387,2,2,1,3,"IGNORE, RUE CREUZET",0.0,0.0
201300048958,3,5,2013,15,1,69,387,2,1,1,2,AVENUE LECLERC,0.0,0.0
201300048959,5,5,2013,3,5,69,387,2,2,1,2,"174, RUE DE GERLAND",0.0,0.0
201300048960,5,5,2013,16,1,69,387,2,1,1,2,"0, AVENUE LECLERC",0.0,0.0
201300048961,16,5,2013,16,1,69,387,2,2,2,3,"205, AVENUE JEAN JAURES",0.0,0.0
201300048962,18,5,2013,15,1,69,387,2,2,1,5,"ignore, AVENUE JEAN JAUR",0.0,0.0
201300048963,26,5,2013,6,1,69,387,2,1,1,6,"50, AVENUE TONY GARNIER",0.0,0.0
201300048964,16,5,2013,17,1,69,387,2,2,1,3,RUE DE LA THIBAUDIERE,0.0,0.0
201300048965,24,5,2013,8,1,69,387,2,1,1,2,"20, RUE CROIX BARRET",0.0,0.0
201300048966,31,5,2013,12,1,69,387,2,1,2,7,"04, RUE MATHIEU VARILLE",0.0,0.0
201300048967,28,5,2013,8,1,69,387,2,2,1,3,"0, AVENUE TONY GARNIER",0.0,0.0
201300048968,31,5,2013,15,1,69,387,2,2,2,3,RUE DE L UNIVERSITE,0.0,0.0
201300048969,6,6,2013,11,1,69,387,2,2,1,3,"0, AVENUE JEAN JAURES",0.0,0.0
201300048970,7,6,2013,13,1,69,387,2,2,7,3,"0, RUE DE GERLAND",0.0,0.0
201300048971,11,6,2013,9,1,69,387,2,2,1,2,"00, RUE MARC BLOCH",0.0,0.0
201300048972,12,6,2013,13,1,69,387,2,1,1,6,"312, RUE GARIBALDI",0.0,0.0
201300048973,14,6,2013,8,1,69,387,2,1,1,3,"51, RUE DOMER",0.0,0.0
201300048974,15,6,2013,16,1,69,387,2,2,1,2,"38, AVENUE JEAN JAURES",0.0,0.0
201300048975,14,6,2013,11,1,69,387,2,1,1,7,"76, BOULEVARD DES TCHECO",0.0,0.0
201300048976,16,6,2013,20,2,69,387,2,2,6,3,"0, RUE DE MARSEILLE",0.0,0.0
201300048977,19,6,2013,14,1,69,387,2,5,1,3,PONT GALLIENI,0.0,0.0
201300048978,20,6,2013,17,1,69,387,2,2,1,3,RUE D ANVERS,0.0,0.0
201300048979,21,6,2013,6,2,69,387,2,1,1,2,"20, AVENUE LECLERC",0.0,0.0
201300048980,28,5,2013,8,1,69,387,2,1,1,3,"106, AVENUE JEAN JAURES",0.0,0.0
201300048981,27,6,2013,9,1,69,387,2,1,8,3,RUE GARIBALDI,0.0,0.0
201300048982,27,6,2013,11,1,69,387,2,2,1,7,"0, RUE DE LA THIBAUDIERE",0.0,0.0
201300048983,30,6,2013,19,1,69,387,2,3,1,3,"00, AVENUE DU CHATEAU DE",0.0,0.0
201300048984,11,7,2013,17,1,69,387,2,1,1,6,"0, QUAI CLAUDE BERNARD",0.0,0.0
201300048985,12,7,2013,11,1,69,387,2,1,1,7,"12, COURS GAMBETTA",0.0,0.0
201300048986,13,7,2013,9,1,69,387,2,1,1,6,"118, COURS GAMBETTA",0.0,0.0
201300048987,15,7,2013,17,1,69,387,2,1,1,2,"10, AVENUE LECLERC",0.0,0.0
201300048988,17,7,2013,8,1,69,387,2,4,1,3,"0, BOULEVARD YVES FARGE",0.0,0.0
201300048989,18,7,2013,9,1,69,387,2,2,3,6,PONT PASTEUR,0.0,0.0
201300048990,19,7,2013,3,5,69,387,2,2,1,6,"0, RUE DU VERCORS",0.0,0.0
201300048991,24,7,2013,17,1,69,387,2,3,1,3,"00, RUE LORTET",0.0,0.0
201300048992,20,7,2013,16,1,69,387,2,1,1,6,"0, QUAI CLAUDE BERNARD",0.0,0.0
201300048993,31,7,2013,20,1,69,387,2,1,1,3,"1, AVENUE BERTHELOT",0.0,0.0