Num_Acc,jour,mois,an,hr,condition_eclairage,departement,commune,condition_agglomeration,intersection,condition_atmosphere,type_collision,adresse,lattitude,longitude
201300048994,11,8,2013,21,2,69,387,2,1,1,6,"176, RUE DE GERLAND",0.0,0.0
201300048995,10,8,2013,0,5,69,387,2,1,1,6,"0, AVENUE TONY GARNIER",0.0,0.0
201300048996,10,8,2013,7,1,69,387,2,2,1,3,"00, AVENUE DEBOURG",0.0,0.0
201300048997,11,8,2013,14,1,69,387,2,1,1,7,"0, ALLEE PIERRE DE COUBE",0.0,0.0
201300048998,18,8,2013,4,5,69,387,2,1,1,6,"52, RUE DE L EPARGNE",0.0,0.0
201300048999,22,8,2013,20,1,69,387,2,3,1,6,ROUTE DE VIENNE,0.0,0.0
201300049000,1,9,2013,17,1,69,387,2,1,1,6,"169, AVENUE BERTHELOT",0.0,0.0
201300049001,9,9,2013,16,1,69,387,2,2,1,3,"0, RUE MONTESQUIEU",0.0,0.0
201300049002,9,9,2013,18,1,69,387,2,1,1,4,"61, AVENUE TONY GARNIER",0.0,0.0
201300049003,15,9,2013,17,1,69,387,2,2,1,3,"0, RUE DE LA THIBAUDIERE",0.0,0.0
201300049004,23,9,2013,12,1,69,387,2,1,1,6,"190, AVENUE JEAN JAURES",0.0,0.0
201300049005,15,9,2013,7,1,69,387,2,1,2,2,BOULEVARD CHAMBAUD DE LA,0.0,0.0
201300049006,20,9,2013,16,1,69,387,2,2,1,3,"0, RUE DE GERLAND",0.0,0.0
201300049007,17,9,2013,18,1,69,387,2,5,1,3,RUE SAINT LAZARE,0.0,0.0
201300049008,23,9,2013,15,1,69,387,2,1,1,3,"0, AVENUE DU PONT PASTEU",0.0,0.0
201300049009,26,9,2013,10,1,69,387,2,1,1,2,"4, RUE ALPHONSE DAUDET",0.0,0.0
201300049010,25,9,2013,22,5,69,387,2,3,1,3,RUE JABOULAY,0.0,0.0
201300049011,26,9,2013,11,1,69,387,2,2,1,3,"0, RUE MONTESQUIEU",0.0,0.0
201300049012,25,9,2013,15,1,69,387,2,2,1,3,"0, RUE DE GERLAND",0.0,0.0
201300049013,30,9,2013,17,1,69,387,2,1,1,3,"0, RUE GUSTAVE NADAUD",0.0,0.0
201300049014,4,10,2013,20,4,69,387,2,2,1,3,AVENUE TONY GARNIER,0.0,0.0
201300049015,4,10,2013,23,5,69,387,2,2,2,3,"1, RUE SALOMON REINACH",0.0,0.0
201300049016,3,10,2013,7,1,69,387,2,1,1,2,"0, BOULEVARD DES TCHECOS",0.0,0.0
201300049017,10,10,2013,7,2,69,387,2,3,1,2,"0, RUE SAINT JEAN DE DIE",0.0,0.0
201300049018,10,10,2013,21,5,69,387,2,1,2,6,"74, RUE CHALLEMEL LACOUR",0.0,0.0
201300049019,15,10,2013,19,5,69,387,2,1,3,2,"37, RUE DE L UNIVERSITE",0.0,0.0
201300049020,15,10,2013,18,5,69,387,2,2,2,6,"1, COURS GAMBETTA",0.0,0.0
201300049021,22,10,2013,16,1,69,387,2,1,1,1,"15, QUAI CLAUDE BERNARD",0.0,0.0
201300049022,30,10,2013,8,1,69,387,2,1,1,6,"23, RUE CHEVREUL",0.0,0.0
201300049023,24,10,2013,14,1,69,387,2,1,1,6,"259, AVENUE JEAN JAURES",0.0,0.0
201300049024,25,10,2013,4,5,69,387,2,1,1,2,PONT PASTEUR,0.0,0.0
201300049025,31,10,2013,15,1,69,387,2,3,1,6,"2, GRANDE RUE DE LA GUIL",0.0,0.0
201300049026,5,11,2013,12,1,69,387,2,1,2,6,"94, GRANDE RUE DE LA GUI",0.0,0.0
201300049027,9,11,2013,19,5,69,387,2,1,2,6,"86, GRANDE RUE DE LA GUI",0.0,0.0
201300049028,12,11,2013,7,1,69,387,2,1,1,6,"178, BOULEVARD YVES FARG",0.0,0.0
201300049029,10,11,2013,22,5,69,387,2,1,1,2,AVENUE DEBOURG,0.0,0.0
201300049030,18,11,2013,21,5,69,387,2,1,1,6,"86, AVENUE JEAN JAURES",0.0,0.0
201300049031,19,11,2013,17,2,69,387,2,2,2,6,"0, AVENUE JEAN JAURES",0.0,0.0
201300049032,24,11,2013,23,5,69,387,2,2,1,1,"0, AVENUE JEAN JAURES",0.0,0.0
201300049033,24,11,2013,16,1,69,387,2,1,1,6,AVENUE LECLERC,0.0,0.0
201300049034,21,11,2013,17,5,69,387,2,1,2,2,"26, AVENUE LECLERC",0.0,0.0
201300049035,16,11,2013,14,1,69,387,2,1,1,6,"76, RUE CHALLEMEL LACOUR",0.0,0.0
201300049036,20,11,2013,8,1,69,387,2,2,4,3,"0, AVENUE BERTHELOT",0.0,0.0
201300049037,26,11,2013,12,1,69,387,2,3,1,3,PROFESSEUR BERNARD,0.0,0.0
201300049038,1,12,2013,18,5,69,387,2,2,1,3,"1, RUE DE GERLAND",0.0,0.0
201300049039,9,12,2013,12,1,69,387,2,1,1,6,"0, AVENUE BERTHELOT",0.0,0.0
201300049040,5,12,2013,20,5,69,387,2,3,1,2,"0, AVENUE JEAN JAURES",0.0,0.0
201300049041,7,12,2013,16,1,69,387,2,2,1,3,"0, RUE MARC BLOCH",0.0,0.0
201300049042,7,12,2013,22,5,69,387,2,2,1,6,RUE PRE GAUDRY,0.0,0.0
201300049043,12,12,2013,8,2,69,387,2,1,5,6,"23, RUE LORTET",0.0,0.0
201300049044,13,12,2013,14,1,69,387,2,2,1,3,"0, RUE BECHEVELIN",0.0,0.0
201300049045,14,12,2013,17,3,69,387,2,2,1,3,"0, PLACE RASPAIL",0.0,0.0
201300049046,20,12,2013,14,1,69,387,2,2,1,4,"46, AVENUE JEAN JAURES",0.0,0.0
201300049047,25,12,2013,1,5,69,387,2,2,6,3,"1, AVENUE TONY GARNIER",0.0,0.0
201300049048,29,12,2013,6,5,69,387,2,2,1,3,"0, GRANDE RUE DE LA GUIL",0.0,0.0
201300049049,8,1,2013,19,5,69,388,2,1,1,2,"164, RUE CHALLEMEL LACOU",0.0,0.0
201300049050,11,1,2013,14,1,69,388,2,1,2,6,"2, AVENUE PAUL SANTY",0.0,0.0
201300049051,5,1,2013,12,1,69,388,2,2,1,5,"0, RUE JEAN SARRAZIN",0.0,0.0
201300049052,2,1,2013,17,2,69,388,2,3,1,6,"ignore, PLACE ANDRE LATA",0.0,0.0
201300049053,18,1,2013,7,2,69,388,2,2,1,3,"0, BOULEVARD JEAN XXIII",0.0,0.0
201300049054,19,1,2013,15,1,69,388,2,1,2,6,"93, BOULEVARD DES ETATS",0.0,0.0
201300049055,18,1,2013,17,5,69,388,2,1,1,3,"73, BOULEVARD JEAN XXIII",0.0,0.0
201300049056,23,1,2013,9,1,69,388,2,1,1,3,"47, AVENUE PAUL SANTY",0.0,0.0
201300049057,25,1,2013,11,1,69,388,2,3,1,3,"0, RUE HENRI BARBUSSE",0.0,0.0
201300049058,31,1,2013,6,2,69,388,2,1,1,6,"3, AVENUE DES FRERES LUM",0.0,0.0
201300049059,1,2,2013,18,5,69,388,2,1,1,6,"105, AVENUE JEAN MERMOZ",0.0,0.0
201300049060,25,2,2013,12,1,69,388,2,1,1,6,"128, RUE BATAILLE",0.0,0.0
201300049061,8,2,2013,18,5,69,388,2,2,1,3,"30, RUE HENRI BARBUSSE",0.0,0.0
201300049062,23,2,2013,13,1,69,388,2,1,1,6,BOULEVARD PINEL,0.0,0.0
201300049063,1,3,2013,13,1,69,388,2,2,1,1,BOULEVARD AMBROISE PARE,0.0,0.0
201300049064,22,3,2013,10,1,69,388,2,1,1,6,"42, RUE HENRI BARBUSSE",0.0,0.0
201300049065,21,3,2013,14,1,69,388,2,1,1,4,"209, AVENUE GENERAL FRER",0.0,0.0
201300049066,22,3,2013,18,2,69,388,2,1,1,6,"14, RUE DES ALOUETTES",0.0,0.0
201300049067,27,3,2013,8,1,69,388,2,3,1,5,"ignore, AVENUE GENERAL F",0.0,0.0
201300049068,27,3,2013,13,1,69,388,2,1,1,6,"62, BOULEVARD DES ETATS",0.0,0.0
201300049069,27,3,2013,17,1,69,388,2,1,1,6,"84, BOULEVARD DES ETATS",0.0,0.0
201300049070,3,4,2013,12,1,69,388,2,1,1,3,"56, RUE PAUL CAZENEUVE",0.0,0.0
201300049071,6,4,2013,7,1,69,388,2,2,1,3,"28, RUE HENRI BARBUSSE",0.0,0.0
201300049072,10,4,2013,12,1,69,388,2,2,1,3,"0, BOULEVARD DES ETATS U",0.0,0.0
201300049073,11,4,2013,16,1,69,388,2,1,1,6,"4, PLACE D ARSONVAL",0.0,0.0
201300049074,15,4,2013,13,1,69,388,2,3,1,3,"ignore, AVENUE GENERAL F",0.0,0.0
201300049075,15,4,2013,17,1,69,388,2,1,1,3,"0, RUE PAUL CAZENEUVE",0.0,0.0
201300049076,24,4,2013,18,1,69,388,2,3,1,5,"ignore, PLACE ANDRE LATA",0.0,0.0
201300049077,29,4,2013,7,1,69,388,2,3,1,3,RUE VILLON,0.0,0.0
201300049078,30,4,2013,19,1,69,388,2,1,1,6,"10, RUE PROFESSEUR TAVER",0.0,0.0
201300049079,8,5,2013,1,5,69,388,2,1,1,6,"face 6, RUE HENRI BARBUS",0.0,0.0
201300049080,14,5,2013,19,1,69,388,2,1,1,5,"0, AVENUE JEAN MERMOZ",0.0,0.0
201300049081,23,5,2013,19,1,69,388,2,1,1,2,"63, RUE AUDIBERT ET LAVI",0.0,0.0
201300049082,14,5,2013,8,1,69,388,2,2,1,3,"28, RUE HENRI BARBUSSE",0.0,0.0
201300049083,16,5,2013,13,1,69,388,2,1,2,3,RUE FEUILLAT,0.0,0.0
201300049084,20,5,2013,19,1,69,388,2,2,1,3,"0, BOULEVARD DES ETATS U",0.0,0.0
201300049085,14,5,2013,17,1,69,388,2,1,1,6,"79, BOULEVARD DES ETATS",0.0,0.0
201300049086,24,5,2013,21,5,69,388,2,4,1,7,"0, AVENUE DE PRESSENSE",0.0,0.0
201300049087,20,5,2013,16,1,69,388,2,1,1,6,RUE PROFESSEUR JOSEPH NI,0.0,0.0
201300049088,20,5,2013,20,2,69,388,2,2,1,3,"0, BOULEVARD AMBROISE PA",0.0,0.0
201300049089,7,6,2013,9,1,69,388,2,1,1,2,"26, COURS ALBERT THOMAS",0.0,0.0
201300049090,14,6,2013,7,1,69,388,2,1,1,5,"145, AVENUE DES FRERES L",0.0,0.0
201300049091,27,6,2013,15,1,69,388,2,1,1,4,"334, AVENUE BERTHELOT",0.0,0.0
201300049092,1,7,2013,15,1,69,388,2,1,1,7,"146, BOULEVARD PINEL",0.0,0.0
201300049093,10,7,2013,15,1,69,388,2,1,1,6,"89, AVENUE PAUL SANTY",0.0,0.0
201300049094,4,7,2013,16,1,69,388,2,1,1,6,"70, AVENUE JEAN MERMOZ",0.0,0.0
201300049095,3,7,2013,20,1,69,388,2,2,2,3,"0, RUE XAVIER PRIVAS",0.0,0.0
201300049096,10,7,2013,17,1,69,388,2,2,1,3,"0, RUE VILLON",0.0,0.0
201300049097,12,7,2013,22,5,69,388,2,2,1,3,AVENUE PAUL SANTY,0.0,0.0
201300049098,14,7,2013,3,5,69,388,2,2,1,3,"0, RUE SAINT ROMAIN",0.0,0.0
201300049099,16,7,2013,10,1,69,388,2,1,1,6,"00, PLACE DU 11 NOVEMBRE",0.0,0.0
201300049100,26,8,2013,10,1,69,388,2,2,3,3,"0, RUE SAINT MAURICE",0.0,0.0
201300049101,21,7,2013,13,1,69,388,2,5,1,3,AVENUE JEAN MERMOZ,0.0,0.0
201300049102,23,7,2013,17,1,69,388,2,1,1,6,"151, BOULEVARD DES ETATS",0.0,0.0
201300049103,12,7,2013,15,1,69,388,2,1,1,2,"288, ROUTE DE VIENNE",0.0,0.0
201300049104,6,8,2013,17,1,69,388,2,2,1,3,"0, AVENUE DES FRERES LUM",0.0,0.0
201300049105,2,8,2013,11,1,69,388,2,1,1,3,RUE DE LA MOSELLE,0.0,0.0
201300049106,2,8,2013,12,1,69,388,2,2,1,3,"71, BOULEVARD DES ETATS",0.0,0.0
201300049107,25,7,2013,18,1,69,388,2,3,1,3,"00, RUE JULES FROMENT",0.0,0.0
201300049108,2,8,2013,18,1,69,388,2,1,1,2,"174, AVENUE DES FRERES L",0.0,0.0
201300049109,5,8,2013,20,1,69,388,2,2,1,3,"00, RUE PROFESSEUR BEAUV",0.0,0.0
201300049110,1,8,2013,17,1,69,388,2,1,1,3,"26, BOULEVARD DES ETATS",0.0,0.0
201300049111,10,8,2013,13,1,69,388,2,2,1,3,"39, AVENUE DES FRERES LU",0.0,0.0
201300049112,12,8,2013,20,2,69,388,2,1,1,2,AVENUE JEAN MERMOZ,0.0,0.0
201300049113,16,8,2013,16,1,69,388,2,3,1,3,"0, RUE MARIUS BERLIET",0.0,0.0
201300049114,22,8,2013,10,1,69,388,2,3,1,6,"00, RUE LUDOVIC ARRACHAR",0.0,0.0
201300049115,24,8,2013,11,1,69,388,2,1,1,6,"103, BOULEVARD DES ETATS",0.0,0.0
201300049116,30,8,2013,15,1,69,388,2,1,1,6,"77, BOULEVARD DES ETATS",0.0,0.0
201300049117,14,8,2013,11,1,69,388,2,3,1,3,AVENUE BERTHELOT,0.0,0.0
201300049118,3,9,2013,14,1,69,388,2,2,1,6,"0, PASSAGE DES ALOUETTES",0.0,0.0
201300049119,5,9,2013,11,1,69,388,2,2,1,3,"00, RUE VILLON",0.0,0.0
201300049120,10,9,2013,18,1,69,388,2,2,1,6,"0, BOULEVARD AMBROISE PA",0.0,0.0
201300049121,14,9,2013,20,5,69,388,2,1,3,2,"172, AVENUE DES FRERES L",0.0,0.0
201300049122,19,9,2013,9,1,69,388,2,1,1,3,RUE PIERRE DELORE,0.0,0.0
201300049123,13,9,2013,8,1,69,388,2,2,1,3,"0, RUE MARYSE BASTIE",0.0,0.0
201300049124,20,9,2013,20,4,69,388,2,3,1,3,"00, AVENUE DES FRERES LU",0.0,0.0
201300049125,23,9,2013,18,1,69,388,2,1,1,6,"180, AVENUE PAUL SANTY",0.0,0.0
201300049126,27,9,2013,18,1,69,388,2,1,1,4,"69, RUE VILLON",0.0,0.0
201300049127,30,9,2013,7,1,69,388,2,1,8,3,"60, AVENUE ROCKEFELLER",0.0,0.0
201300049128,30,9,2013,9,1,69,388,2,1,8,6,"164, BOULEVARD DES ETATS",0.0,0.0
201300049129,7,10,2013,14,1,69,388,2,3,1,3,"0, RUE MARIUS BERLIET",0.0,0.0
201300049130,5,10,2013,22,5,69,388,2,1,2,6,"90, RUE PIERRE DELORE",0.0,0.0
201300049131,10,10,2013,8,1,69,388,2,1,8,3,AVENUE DES FRERES LUMIER,0.0,0.0
201300049132,17,10,2013,17,1,69,388,2,2,1,3,RUE VILLON,0.0,0.0
201300049133,16,10,2013,18,1,69,388,2,1,1,6,RUE CLAUDE VIOLET,0.0,0.0
201300049134,17,10,2013,9,1,69,388,2,1,1,6,"60, AVENUE ROCKEFELLER",0.0,0.0
201300049135,17,10,2013,21,5,69,388,2,1,1,6,"85, RUE AUDIBERT ET LAVI",0.0,0.0
201300049136,18,10,2013,8,1,69,388,2,1,1,5,"7, RUE PROFESSEUR JOSEPH",0.0,0.0
201300049137,26,10,2013,0,5,69,388,2,3,6,3,"229, AVENUE GENERAL FRER",0.0,0.0
201300049138,12,11,2013,16,1,69,388,2,2,1,6,"0, RUE ANTOINE LUMIERE",0.0,0.0
201300049139,12,10,2013,2,5,69,388,2,1,1,7,"0, RUE PHILIPPE FABIA",0.0,0.0
201300049140,26,10,2013,18,2,69,388,2,1,1,6,"134, ROUTE DE VIENNE",0.0,0.0
201300049141,28,10,2013,13,1,69,388,2,1,1,3,"6, RUE HUGUES GUERIN",0.0,0.0
201300049142,30,10,2013,18,1,69,388,2,2,1,3,AVENUE JEAN MERMOZ,0.0,0.0
201300049143,24,10,2013,18,5,69,388,2,3,1,3,AVENUE JEAN MERMOZ,0.0,0.0
201300049144,4,11,2013,18,5,69,388,2,2,1,3,"0, AVENUE PAUL SANTY",0.0,0.0
201300049145,25,10,2013,10,1,69,388,2,1,1,6,"7, RUE PAUL CAZENEUVE",0.0,0.0
201300049146,5,11,2013,20,5,69,388,2,1,1,3,"34, RUE PIERRE DELORE",0.0,0.0
201300049147,18,11,2013,9,1,69,388,2,1,1,3,BOULEVARD JEAN XXIII,0.0,0.0
201300049148,12,11,2013,14,1,69,388,2,2,1,3,"0, AVENUE JEAN MERMOZ",0.0,0.0
201300049149,14,11,2013,16,1,69,388,2,3,2,6,"0, RUE VILLON",0.0,0.0
201300049150,14,11,2013,17,5,69,388,2,1,2,6,"67, BOULEVARD DES ETATS",0.0,0.0
201300049151,14,11,2013,17,5,69,388,2,1,2,6,"58, BOULEVARD JEAN XXIII",0.0,0.0
201300049152,19,11,2013,14,1,69,388,2,1,2,3,"105, AVENUE PAUL SANTY",0.0,0.0
201300049153,22,11,2013,7,2,69,388,2,1,1,6,"49, RUE JEAN SARRAZIN",0.0,0.0
201300049154,27,11,2013,15,1,69,388,2,1,1,3,"76, RUE PIERRE DELORE",0.0,0.0
201300049155,1,12,2013,21,5,69,388,2,2,1,3,"0, RUE MARYSE BASTIE",0.0,0.0
201300049156,2,12,2013,7,2,69,388,2,1,1,6,"09, RUE PIERRE VERGER",0.0,0.0
201300049157,3,12,2013,14,1,69,388,2,1,1,6,RUE DENIS,0.0,0.0
201300049158,4,12,2013,15,1,69,388,2,1,1,6,"136, RUE CHALLEMEL LACOU",0.0,0.0
201300049159,15,12,2013,6,5,69,388,2,2,5,3,"0, RUE MARIUS BERLIET",0.0,0.0
201300049160,9,9,2013,18,1,69,388,2,2,1,6,RUE DES HERIDEAUX,0.0,0.0
201300049161,19,12,2013,9,1,69,387,2,2,1,3,"0, AVENUE BERTHELOT",0.0,0.0
201300049162,18,12,2013,17,5,69,388,2,1,1,6,"32, AVENUE JEAN MERMOZ",0.0,0.0
201300049163,22,12,2013,15,1,69,388,2,1,1,6,"8, AVENUE DES FRERES LUM",0.0,0.0
201300049164,31,12,2013,10,1,69,388,2,1,1,7,BOULEVARD JEAN XXIII,0.0,0.0
201300049165,1,1,2013,20,4,42,218,1,1,1,7,RN488,45.44172,4.43522
201300049166,8,1,2013,9,1,42,218,1,1,1,2,RN88,45.43363,4.42322
201300049167,27,1,2013,4,3,42,110,1,1,1,6,A47,45.49503,4.55473
201300049168,31,1,2013,13,1,42,218,1,1,1,4,RN88,45.41986,4.40986
201300049169,21,2,2013,15,1,42,218,1,1,1,5,RN88,45.41546,4.40459
201300049170,26,2,2013,2,3,69,236,1,1,1,6,A47,0.0,0.0
201300049171,10,3,2013,2,3,69,91,1,1,1,6,A47,0.0,0.0
201300049172,28,3,2013,17,1,42,110,1,1,2,7,A47,45.4941,4.5475
201300049173,9,4,2013,14,1,42,207,1,1,1,6,A47,45.48966,4.51094
201300049174,14,4,2013,23,3,42,218,1,1,1,6,RN88,45.43648,4.44016
201300049175,15,4,2013,7,1,42,103,1,1,1,2,A47,45.50644,4.5684
201300049176,2,5,2013,10,1,42,218,1,1,1,2,A72,45.43736,4.43346
201300049177,9,5,2013,1,3,69,91,1,1,2,5,A47,0.0,0.0
201300049178,23,5,2013,8,1,42,218,1,1,1,2,RN88,45.41986,4.4098
201300049179,7,6,2013,23,3,42,186,1,1,1,1,A47,45.53854,4.63934
201300049180,2,7,2013,13,1,69,91,1,1,1,2,A47,0.0,0.0
201300049181,7,7,2013,3,3,42,44,1,1,1,7,RN88,45.39598,4.34474
201300049182,12,7,2013,19,1,42,183,1,1,1,6,RN88,45.40147,4.3704
201300049183,14,7,2013,4,3,42,307,1,1,1,2,A47,45.55119,4.68081
201300049184,8,7,2013,19,1,42,110,1,1,1,3,A47,45.49438,4.55364
201300049185,19,7,2013,8,1,42,123,1,1,1,6,A47,45.517,4.58705
201300049186,19,7,2013,10,1,42,330,1,1,1,2,A72,45.47379,4.36184
201300049187,20,7,2013,14,1,42,225,1,1,1,2,A47,45.51803,4.59039
201300049188,26,7,2013,13,1,42,103,1,1,1,6,A47,45.49601,4.55671
201300049189,8,8,2013,14,1,42,207,1,1,3,6,RN88 DECROISSANT,45.43634,4.49343
201300049190,8,8,2013,17,1,42,186,1,1,1,7,A47,45.54006,4.64239
201300049191,22,8,2013,16,1,42,218,1,1,1,3,RN88,45.41092,4.39815
201300049192,28,8,2013,15,1,42,207,1,2,1,3,A47,45.49163,4.51786
201300049193,12,9,2013,22,3,42,218,1,1,1,1,RN88,45.40774,4.3885
201300049194,24,9,2013,8,1,42,186,1,1,1,3,A47,45.54066,4.6435
201300049195,6,10,2013,14,1,42,218,1,1,1,6,A72,45.46404,4.38334
201300049196,7,10,2013,17,1,42,218,1,1,1,2,RN88,45.4148,4.40362
201300049197,14,10,2013,19,2,42,218,1,1,1,3,RN88,45.434,4.4288
201300049198,17,10,2013,8,1,42,44,1,1,1,2,RN88,45.39705,4.35352
201300049199,18,10,2013,16,1,42,5,1,1,1,2,A72,45.52957,4.28561
201300049200,13,10,2013,3,3,42,237,1,1,8,7,A72,45.4351,4.43163
201300049201,19,10,2013,20,3,42,97,1,1,1,5,A72,45.49758,4.31356
201300049202,28,10,2013,13,1,42,103,1,1,1,6,A47,45.50255,4.56479
201300049203,30,10,2013,18,3,42,218,1,1,1,6,RN88,45.41607,4.40541
201300049204,31,10,2013,4,3,42,218,1,1,1,7,A72,45.45528,4.41235
201300049205,30,10,2013,14,1,42,218,1,1,1,3,RN88,45.42193,4.41211
201300049206,31,10,2013,17,1,42,218,1,1,1,7,A72,45.45572,4.41156
201300049207,2,11,2013,12,1,42,97,1,1,1,4,A72,45.48393,4.33465
201300049208,6,11,2013,14,1,42,218,1,1,1,2,RN88,45.43434,4.42956
201300049209,11,11,2013,0,3,42,110,1,1,1,6,A47,45.4942,4.54433
201300049210,11,11,2013,16,1,42,44,1,1,1,5,RN88,45.39562,4.34297
201300049211,13,11,2013,18,5,42,218,1,1,1,4,A72,45.46004,4.40453
201300049212,9,12,2013,20,3,42,95,1,1,1,7,RN88,45.37737,4.27188
201300049213,14,12,2013,17,3,42,110,1,1,1,3,A47,45.49402,4.54814
201300049214,17,12,2013,17,3,42,218,1,1,1,2,RN88,45.43689,4.44747
201300049215,25,12,2013,19,3,69,91,1,1,1,2,A47,0.0,0.0
201300049216,28,12,2013,3,3,42,97,1,1,1,6,A72,45.52235,4.29127
201300049217,1,1,2013,3,5,38,544,1,3,1,2,D10407  PR 0001+1810,45.5362,4.86981
201300049218,2,1,2013,16,1,69,266,1,1,1,7,RD383   3.750 A 7.640,0.0,0.0
201300049219,4,1,2013,7,2,69,296,1,1,2,7,A7   10.992 A 13.970,0.0,0.0
201300049220,5,1,2013,11,1,69,29,1,1,2,7,RD383   7.640 A 11.044,0.0,0.0
201300049221,4,1,2013,13,1,69,290,1,1,2,4,RN346   38.960 A 40.883,0.0,0.0
201300049222,4,1,2013,18,5,69,29,1,1,1,4,A43   0.550 A 3.353,0.0,0.0
201300049223,4,1,2013,12,1,69,271,1,1,2,6,RN346   34.850 A 36.215,0.0,0.0
201300049224,5,1,2013,12,1,69,266,1,1,1,4,RD383   3.750 A 7.640,0.0,0.0
201300049225,8,1,2013,17,2,69,286,1,1,1,7,A46N   19.955 A 25.180,0.0,0.0
201300049226,9,1,2013,7,3,69,29,1,1,1,7,RD383   7.640 A 11.044,0.0,0.0
201300049227,9,1,2013,8,1,69,388,1,1,1,2,RD383   11.460 A 11.750,0.0,0.0
201300049228,9,1,2013,18,3,69,152,1,1,1,2,A7   4.270 A 7.000,0.0,0.0
201300049229,10,1,2013,11,1,69,382,1,1,2,2,A7   0.000 A 2.278,0.0,0.0
201300049230,10,1,2013,13,1,69,256,1,1,2,7,A42     0.560 A 4.020,0.0,0.0
201300049231,10,1,2013,14,1,69,382,1,1,3,6,A7   0.000 A 2.278,0.0,0.0
201300049232,11,1,2013,12,1,69,29,1,1,2,7,A43   0.550 A 3.353,0.0,0.0
201300049233,11,1,2013,13,1,38,87,1,1,1,3,A7 PK0020+0600,45.5753,4.80662
201300049234,12,1,2013,13,1,38,544,1,3,1,2,N407   0.000 A 2.331,45.5415,4.85285
201300049235,12,1,2013,18,3,69,117,1,1,1,3,A6   439.400 A 442.500,0.0,0.0
201300049236,14,1,2013,8,1,69,149,1,1,8,3,A7   3.690 A 4.270,0.0,0.0
201300049237,15,1,2013,6,4,69,290,1,1,4,5,A43   3.865 A 9.894,0.0,0.0
201300049238,15,1,2013,19,4,69,29,1,1,2,3,RD383   7.640 A 11.044,0.0,0.0
201300049239,18,1,2013,22,3,69,117,1,1,4,2,A6   439.400 A 442.500,0.0,0.0
201300049240,18,1,2013,23,4,69,297,1,1,9,3,A7   15.770 A 20.110,0.0,0.0
201300049241,19,1,2013,21,5,69,142,1,1,8,7,A7   2.278 A 3.690,0.0,0.0
201300049242,20,1,2013,2,5,69,199,1,1,2,7,A7   7.000 A 8.630,0.0,0.0
201300049243,20,1,2013,8,1,69,152,1,1,1,6,A7   4.270 A 7.000,0.0,0.0
201300049244,20,1,2013,22,3,69,277,1,1,2,7,RN346   36.215 A 38.000,0.0,0.0
201300049245,21,1,2013,18,3,38,544,1,4,1,2,A7N PK 0026+0300,45.5438,4.84387
201300049246,21,1,2013,20,5,69,259,1,1,1,6,RD383   11.750 A 14.250,0.0,0.0
201300049247,22,1,2013,17,2,01,376,1,1,1,1,A42   8.310 A 9.500,45.8178,4.98518
201300049248,23,1,2013,8,1,69,199,1,1,1,2,RD383   14.250 A 18.000,0.0,0.0
201300049249,24,1,2013,7,3,69,271,1,1,8,6,RN346   34.850 A 36.215,0.0,0.0
201300049250,27,1,2013,19,5,69,152,1,1,2,6,A450   0.000 A 1.090,0.0,0.0
201300049251,28,1,2013,7,2,38,544,1,1,5,6,"29, RN7   5.180 A 10.000",45.5193,4.86552
201300049252,29,1,2013,8,1,69,288,1,1,1,4,A432,0.0,0.0
201300049253,29,1,2013,8,1,69,288,1,1,1,6,A432,0.0,0.0
201300049254,29,1,2013,19,5,69,290,1,1,1,3,RN346   38.960 A 40.883,0.0,0.0
201300049255,3,2,2013,2,3,38,336,1,1,6,7,A7N PK 0035+0600,45.4798,4.83317
201300049256,3,2,2013,6,3,69,72,1,1,1,2,A6   445.323 A 447.390,0.0,0.0
201300049257,10,2,2013,6,4,69,266,1,1,1,7,RD383   3.750 A 7.640,0.0,0.0
201300049258,10,2,2013,17,1,38,544,1,1,2,2,N407   0.000 A 2.331,45.5395,4.86051
201300049259,12,2,2013,9,1,69,297,1,1,2,3,A47   0.000  A 1.657,0.0,0.0
201300049260,15,2,2013,5,3,01,105,1,1,1,7,A46N 13.378 A 14.305,45.9018,4.87495
201300049261,15,2,2013,6,5,01,43,1,1,9,6,A42 9.900 A 11.118,45.825,5.00878
201300049262,15,2,2013,17,1,69,199,1,1,1,2,RD383   14.250 A 18.000,0.0,0.0
201300049263,15,2,2013,18,5,69,388,1,1,1,4,RD383   11.460 A 11.750,0.0,0.0
201300049264,18,2,2013,7,3,69,276,1,1,1,4,A7   8.630 A 10.992,0.0,0.0
201300049265,19,2,2013,4,3,69,272,1,1,5,3,A46S   57.400 A 61.010,0.0,0.0
201300049266,20,2,2013,17,1,69,72,1,1,1,4,A6   445.323 A 447.390,0.0,0.0
201300049267,21,2,2013,8,1,69,142,1,1,1,2,A7   2.278 A 3.690,0.0,0.0
201300049268,24,2,2013,6,3,38,87,1,1,4,6,A7N PK-0022+0900,45.5688,4.81572
201300049269,24,2,2013,16,1,38,544,1,4,4,2,RN7   PK0005+0600,45.5311,4.8736
201300049270,26,2,2013,13,1,69,283,1,1,1,2,A46S   43.680 A 47.880,0.0,0.0