Num_Acc,jour,mois,an,hr,condition_eclairage,departement,commune,condition_agglomeration,intersection,condition_atmosphere,type_collision,adresse,lattitude,longitude
201300049271,27,2,2013,13,1,69,72,1,1,1,2,A6   445.323 A 447.390,0.0,0.0
201300049272,28,2,2013,21,3,69,297,1,1,1,3,A7   15.770 A 20.110,0.0,0.0
201300049273,1,3,2013,19,3,69,279,1,1,1,4,RD302   5.000 A 6.350,0.0,0.0
201300049274,2,3,2013,20,3,69,278,1,1,1,7,A46N   9.020 A 11.650,0.0,0.0
201300049275,2,3,2013,22,3,38,544,1,1,1,7,A7   25.770 A 27.460,0.0,0.0
201300049276,3,3,2013,20,5,69,29,1,1,1,2,RD383   7.640 A 11.044,0.0,0.0
201300049277,4,3,2013,6,4,69,81,1,1,1,6,A6   449.510 A 451.640,0.0,0.0
201300049278,4,3,2013,17,1,69,256,1,1,1,5,RD383   1.893 A 2.321,0.0,0.0
201300049279,5,3,2013,8,1,69,266,1,1,1,5,RD383   3.750 A 7.640,0.0,0.0
201300049280,6,3,2013,17,1,69,199,1,1,8,6,RD383   14.250 A 18.000,0.0,0.0
201300049281,7,3,2013,17,1,69,152,1,1,1,4,A450   0.000 A 1.090,0.0,0.0
201300049282,9,3,2013,1,5,69,204,1,1,1,2,A450   1.740 A 5.100,0.0,0.0
201300049283,10,3,2013,2,5,69,266,1,1,1,6,RD383   3.750 A 7.640,0.0,0.0
201300049284,12,3,2013,16,1,69,152,1,1,1,6,A450   0.000 A 1.090,0.0,0.0
201300049285,12,3,2013,17,1,01,376,1,1,1,5,A42   8.310 A 9.500,45.8169,4.97879
201300049286,15,3,2013,13,1,69,297,1,1,1,3,A47,0.0,0.0
201300049287,16,3,2013,8,1,38,87,1,1,1,6,A7   20.110 A 22.950,0.0,0.0
201300049288,17,3,2013,4,5,69,382,1,1,2,5,A6   455.000 A 455.875,0.0,0.0
201300049289,17,3,2013,18,2,69,266,1,1,1,3,RD383   3.750 A 7.640,0.0,0.0
201300049290,20,3,2013,18,2,69,276,1,1,2,2,BUS (RD301)   0 000 A 2.,0.0,0.0
201300049291,21,3,2013,8,1,69,91,1,1,1,7,A47,0.0,0.0
201300049292,21,3,2013,21,5,69,389,1,1,1,2,A6   451.790 A 453.400,0.0,0.0
201300049293,22,3,2013,3,3,69,116,1,1,1,2,A6   442.500 A 445.030,0.0,0.0
201300049294,22,3,2013,16,1,69,81,1,1,1,3,A6   449.510 A 451.640,0.0,0.0
201300049295,23,3,2013,16,1,69,72,1,1,1,7,A6   445.323 A 447.390,0.0,0.0
201300049296,24,3,2013,5,5,69,382,1,1,2,2,A6   455.000 A 455.875,0.0,0.0
201300049297,24,3,2013,11,1,38,544,1,1,1,7,N407   0.000 A 2.331,0.0,0.0
201300049298,24,3,2013,21,3,69,29,1,1,2,5,RD383   7.640 A 11.044,0.0,0.0
201300049299,25,3,2013,17,1,69,388,1,1,1,2,RD383   11.460 A 11.750,0.0,0.0
201300049300,26,3,2013,11,1,69,142,1,1,1,2,A7   2.278 A 3.690,0.0,0.0
201300049301,27,3,2013,12,1,69,382,1,1,1,5,A6   455.000 A 455.875,0.0,0.0
201300049302,29,3,2013,6,2,69,29,1,1,2,3,RD383   7.640 A 11.044,0.0,0.0
201300049303,30,3,2013,0,5,69,29,1,1,2,3,RD383   7.640 A 11.044,0.0,0.0
201300049304,30,3,2013,10,1,69,282,1,1,2,7,RD302   0.400 A 4.620,0.0,0.0
201300049305,1,4,2013,9,1,69,152,1,1,1,6,A450   0.000 A 1.090,0.0,0.0
201300049306,3,4,2013,17,1,69,152,1,1,1,7,A450   0.000 A 1.090,0.0,0.0
201300049307,4,4,2013,4,3,69,117,1,1,1,6,A6   439.400 A 442.500,0.0,0.0
201300049308,5,4,2013,17,1,69,277,1,1,2,4,RN346   36.215 A 38.000,0.0,0.0
201300049309,6,4,2013,20,3,69,256,1,1,1,6,A42     0.560 A 4.020,0.0,0.0
201300049310,8,4,2013,8,1,69,290,1,1,1,2,A46S   40.883 A 43.680,0.0,0.0
201300049311,9,4,2013,11,1,69,244,1,1,2,7,A6   451.640 A 451.790,0.0,0.0
201300049312,9,4,2013,15,1,69,385,1,1,1,4,A6   453.400 A 455.000,0.0,0.0
201300049313,10,4,2013,16,1,69,277,1,1,1,4,RN346   36.215 A 38.000,0.0,0.0
201300049314,12,4,2013,12,1,69,55,1,1,1,7,A6   435.100 A 437.840,0.0,0.0
201300049315,13,4,2013,7,1,38,87,1,1,1,2,A7   20.110 A 22.950,0.0,0.0
201300049316,16,4,2013,8,1,69,204,1,1,1,3,A450   1.740 A 5.100,0.0,0.0
201300049317,16,4,2013,17,1,69,29,1,1,1,2,RD383   7.640 A 11.044,0.0,0.0
201300049318,7,3,2013,18,2,69,382,1,1,1,3,A7   0.000 A 2.278,0.0,0.0
201300049319,17,4,2013,17,1,69,297,1,1,1,3,A47   0.000  A 1.657,0.0,0.0
201300049320,18,4,2013,20,5,69,149,1,1,1,3,A7   3.690 A 4.270,0.0,0.0
201300049321,19,4,2013,11,1,69,199,1,9,1,6,RD383   14.250 A 18.000,0.0,0.0
201300049322,19,4,2013,13,1,69,272,1,1,2,2,A46S   57.400 A 61.010,0.0,0.0
201300049323,21,4,2013,18,1,69,193,1,1,1,7,A7   29.920 A 31.960,0.0,0.0
201300049324,22,4,2013,13,1,69,199,1,1,1,5,A7   7.000 A 8.630,0.0,0.0
201300049325,22,4,2013,13,1,69,199,1,1,1,2,A7   7.000 A 8.630,0.0,0.0
201300049326,25,4,2013,5,3,69,282,1,1,1,2,RD302   0.400 A 4.620,0.0,0.0
201300049327,13,4,2013,15,1,69,199,1,1,1,4,RD383   14.250 A 18.000,0.0,0.0
201300049328,25,4,2013,15,1,69,199,1,1,1,1,RD383   14.250 A 18.000,0.0,0.0
201300049329,27,4,2013,11,1,69,199,1,1,2,6,RD383   14.250 A 18.000,0.0,0.0
201300049330,27,4,2013,23,3,38,336,1,1,2,7,A7   32.870 A 35.680,0.0,0.0
201300049331,28,4,2013,5,5,69,29,1,1,2,7,RD383   7.640 A 11.044,0.0,0.0
201300049332,28,4,2013,9,1,69,297,1,1,1,6,A7   15.770 A 20.110,0.0,0.0
201300049333,29,4,2013,19,1,69,297,1,1,2,3,A47   0 000  A 1.657,0.0,0.0
201300049334,1,5,2013,1,3,38,487,1,1,1,2,A7   23+841,45.56,4.82207
201300049335,1,5,2013,5,3,69,81,1,1,2,2,A6   448.490 A 449.450,0.0,0.0
201300049336,3,5,2013,12,1,38,336,1,1,2,7,A7   32.870 A 35.680,0.0,0.0
201300049337,27,4,2013,23,5,69,29,1,1,2,3,RD383   7.640 A 11.044,0.0,0.0
201300049338,5,5,2013,15,1,69,382,1,1,1,4,A7   0.000 A 2.278,0.0,0.0
201300049339,5,5,2013,22,5,69,259,1,1,1,7,RD383   11.750 A 14.250,0.0,0.0
201300049340,8,5,2013,5,3,69,81,1,1,1,6,A6   449.510 A 451.640,0.0,0.0
201300049341,9,5,2013,0,4,69,29,1,1,9,2,A43   0.550 A 3.353,0.0,0.0
201300049342,9,5,2013,18,1,69,7,1,1,3,6,A7   31.960 A 32.870,0.0,0.0
201300049343,10,5,2013,8,1,69,259,1,9,1,3,RD383   11.750 A 14.250,0.0,0.0
201300049344,12,5,2013,5,3,01,275,1,1,1,5,A46 25.180 A 25.680,0.0,0.0
201300049345,12,5,2013,7,1,69,290,1,1,1,2,A43   3.865 A 9.894,0.0,0.0
201300049346,13,5,2013,7,1,69,385,1,1,1,3,A6   453.400 A 455.000,0.0,0.0
201300049347,13,5,2013,7,1,38,449,1,1,1,2,A43   18.875 A 21.100,0.0,0.0
201300049348,15,5,2013,21,3,69,288,1,1,1,2,A43   13.029 A 15.971,0.0,0.0
201300049349,14,5,2013,16,1,69,266,1,1,1,2,RD383   3.750 A 7.640,0.0,0.0
201300049350,14,5,2013,17,1,69,29,1,1,1,3,RD383   7.640 A 11.044,0.0,0.0
201300049351,15,5,2013,0,4,69,199,1,5,1,7,A7   7.000 A 8.630,0.0,0.0
201300049352,15,5,2013,13,1,69,27,1,1,2,7,A450   5.100 A 7.285,0.0,0.0
201300049353,16,5,2013,11,1,69,142,1,1,2,7,A7   2.278 A 3.690,0.0,0.0
201300049354,16,5,2013,17,1,69,81,1,1,1,2,A6   448.490 A 449.450,0.0,0.0
201300049355,20,5,2013,6,1,69,259,1,9,1,6,BUS (RD301)  2 800 A 4.4,0.0,0.0
201300049356,21,5,2013,11,1,69,389,1,1,3,3,A6   451.790 A 453.400,0.0,0.0
201300049357,21,5,2013,17,1,69,81,1,1,2,2,BPNL   34.000 A 34.614,0.0,0.0
201300049358,22,5,2013,6,1,69,290,1,1,1,7,A46S   40.883 A 43.680,0.0,0.0
201300049359,24,5,2013,6,2,69,389,1,1,1,3,BPNL   34.614 A 36.285,0.0,0.0
201300049360,24,5,2013,12,1,38,487,1,1,1,2,A7   22.950 A 25.770,0.0,0.0
201300049361,24,5,2013,19,1,69,27,1,1,1,3,A450   5.100 A 7.285,0.0,0.0
201300049362,25,5,2013,7,1,38,544,1,1,1,6,A7   25.770 A 27.460,0.0,0.0
201300049363,27,5,2013,17,1,69,72,1,1,1,2,A6   445.323 A 447.390,0.0,0.0
201300049364,27,5,2013,20,4,69,199,1,1,-1,5,69190,0.0,0.0
201300049365,29,5,2013,20,2,69,199,1,1,1,4,RD383   14.250 A 18.000,0.0,0.0
201300049366,28,5,2013,16,1,69,256,1,1,2,6,A42     0.560 A 4.020,0.0,0.0
201300049367,28,5,2013,17,1,69,268,1,1,3,4,A450   7.285 A 7.347,0.0,0.0
201300049368,29,5,2013,18,1,69,277,1,1,2,4,RN346   36.215 A 38.000,0.0,0.0
201300049369,29,5,2013,10,1,69,275,1,1,1,2,RN346   29.300 A 34.350,0.0,0.0
201300049370,29,5,2013,22,5,69,389,1,1,1,3,BPNL   36.318 A 37.781,0.0,0.0
201300049371,30,5,2013,9,1,69,266,1,1,1,2,RD383   3.750 A 7.640,0.0,0.0
201300049372,30,5,2013,18,1,69,297,1,1,1,3,A47,0.0,0.0
201300049373,31,5,2013,5,2,38,544,1,1,8,6,A7   25.770 A 27.460,0.0,0.0
201300049374,31,5,2013,20,2,69,29,1,1,2,7,A43   0.550 A 3.353,0.0,0.0
201300049375,3,6,2013,17,5,69,389,1,1,1,2,BPNL   34.614 A 36.285,0.0,0.0
201300049376,6,6,2013,8,1,69,81,1,1,1,2,BPNL   34.000 A 34.614,0.0,0.0
201300049377,6,6,2013,12,1,69,199,1,1,1,3,A7   7.000 A 8.630,0.0,0.0
201300049378,6,6,2013,18,1,69,81,1,1,1,7,A6   449.510 A 451.640,0.0,0.0
201300049379,8,6,2013,18,1,38,544,1,1,3,3,A7   25.770 A 27.460,0.0,0.0
201300049380,9,6,2013,3,5,38,544,1,1,1,7,A7   25.770 A 27.460,0.0,0.0
201300049381,11,6,2013,21,5,69,34,1,1,1,7,RD383   0.000 A 1.165,0.0,0.0
201300049382,13,6,2013,15,1,69,29,1,9,1,5,69500,0.0,0.0
201300049383,14,6,2013,1,4,69,29,1,1,2,2,A43   3.353 A 3.865,0.0,0.0
201300049384,14,6,2013,8,1,69,152,1,1,1,5,A7   4.270 A 7.000,0.0,0.0
201300049385,16,6,2013,5,3,69,295,1,1,1,7,A46S   53.980 A 57.400,0.0,0.0
201300049386,17,6,2013,0,5,69,382,1,1,1,7,A7   0.000 A 2.278,0.0,0.0
201300049387,17,6,2013,18,1,69,256,1,1,1,6,A42     0.560 A 4.020,0.0,0.0
201300049388,20,6,2013,17,1,69,29,1,1,1,2,RD383   7.640 A 11.044,0.0,0.0
201300049389,21,6,2013,6,1,69,277,1,1,1,5,RN346   36.215 A 38.000,0.0,0.0
201300049390,21,6,2013,9,1,69,297,1,1,1,5,A47,0.0,0.0
201300049391,24,6,2013,6,1,69,152,1,1,1,3,A7   4.270 A 7.000,0.0,0.0
201300049392,24,6,2013,9,4,69,81,1,1,1,3,BPNL   34.000 A 34.614,0.0,0.0
201300049393,27,6,2013,13,1,38,87,1,1,1,2,A7   20.110 A 22.950,0.0,0.0
201300049394,28,6,2013,7,1,69,266,1,9,2,4,RD383   3.750 A 7.640,0.0,0.0
201300049395,28,6,2013,8,1,69,256,1,1,2,2,A42     0.560 A 4.020,0.0,0.0
201300049396,29,6,2013,11,1,69,275,1,1,3,4,RN346   29.300 A 34.350,0.0,0.0
201300049397,29,6,2013,15,1,69,199,1,1,2,7,RD383   14.250 A 18.000,0.0,0.0
201300049398,29,6,2013,15,1,69,290,1,1,1,4,A43   3.865 A 9.894,0.0,0.0
201300049399,29,6,2013,17,1,69,199,1,1,1,7,RD383   14.250 A 18.000,0.0,0.0
201300049400,30,6,2013,3,5,38,544,1,1,1,7,N407   0.000 A 2.331,0.0,0.0
201300049401,1,7,2013,12,1,69,81,1,1,1,7,A6   449.510 A 451.640,0.0,0.0
201300049402,2,7,2013,16,1,69,29,1,1,1,4,A43   0.550 A 3.353,0.0,0.0
201300049403,3,7,2013,8,1,69,29,1,1,2,7,RD383   7.640 A 11.044,0.0,0.0
201300049404,3,7,2013,8,1,38,544,1,1,1,7,A7   25.770 A 27.460,0.0,0.0
201300049405,5,7,2013,18,1,69,256,1,1,1,4,A42     0.560 A 4.020,0.0,0.0
201300049406,6,7,2013,17,1,69,382,1,1,1,6,A7   0.000 A 2.278,0.0,0.0
201300049407,1,7,2013,10,1,69,290,1,1,1,2,RN346   38.960 A 40.883,0.0,0.0
201300049408,9,7,2013,16,1,69,72,1,1,1,4,A6   445.323 A 447.390,0.0,0.0
201300049409,11,7,2013,2,3,69,275,1,1,1,4,RN346   29.300 A 34.350,0.0,0.0
201300049410,5,7,2013,15,1,69,116,1,1,1,2,A6   442.500 A 445.030,0.0,0.0
201300049411,11,7,2013,17,1,69,277,1,1,1,2,RN346   36.215 A 38.000,0.0,0.0
201300049412,12,7,2013,12,1,69,256,1,1,1,7,BPNL  1.893 A 2.321,0.0,0.0
201300049413,13,7,2013,6,1,69,296,1,1,1,2,A7   10.992 A 13.970,0.0,0.0
201300049414,14,7,2013,19,1,38,449,1,1,1,2,A43   18.875 A 21.100,0.0,0.0
201300049415,7,7,2013,15,1,01,249,1,1,1,2,A42   6.290 A 8.310,45.8164,4.97492
201300049416,16,7,2013,10,1,69,272,1,1,1,4,A46S   57.400 A 61.010,0.0,0.0
201300049417,17,7,2013,14,1,69,115,1,1,1,6,A6   427.300 A 428.640,0.0,0.0
201300049418,19,7,2013,9,1,01,248,1,1,1,2,A46N   14.305 A 17.210,45.8914,4.89138
201300049419,19,7,2013,10,1,69,199,1,9,1,6,RD383   14.250 A 18.000,0.0,0.0
201300049420,20,7,2013,4,4,69,204,1,1,1,2,A450   1.740 A 5.100,0.0,0.0
201300049421,20,7,2013,12,1,69,295,1,1,1,6,A46S   53.980 A 57.400,0.0,0.0
201300049422,27,6,2013,19,1,69,142,1,1,1,2,A7   2.278 A 3.690,0.0,0.0
201300049423,21,7,2013,20,1,69,199,1,1,1,7,RD383   14.250 A 18.000,0.0,0.0
201300049424,24,7,2013,18,1,69,270,1,1,7,3,A46S   47.880 A 49.160,0.0,0.0
201300049425,25,7,2013,12,1,69,288,1,1,1,5,A43   13.029 A 15.971,0.0,0.0
201300049426,25,7,2013,17,1,69,29,1,1,1,2,RD383   7.640 A 11.044,0.0,0.0
201300049427,26,7,2013,16,1,69,81,1,1,1,7,A6   449.510 A 451.640,0.0,0.0
201300049428,28,7,2013,16,1,69,189,1,1,3,7,A7   28.860 A 29.920,0.0,0.0
201300049429,28,7,2013,17,1,69,199,1,1,2,6,RD383   14.250 A 18.000,0.0,0.0
201300049430,30,7,2013,17,1,69,283,1,1,1,2,A46S   43.680 A 47.880,0.0,0.0
201300049431,1,8,2013,15,1,69,27,1,1,1,1,A450   5.100 A 7.285,0.0,0.0
201300049432,2,8,2013,17,1,69,382,1,1,1,5,A7   0.000 A 2.278,0.0,0.0
201300049433,2,8,2013,20,1,38,544,1,3,1,7,N407   0.000 A 2.331,0.0,0.0
201300049434,7,8,2013,12,1,69,277,1,1,1,6,RN346   36.215 A 38.000,0.0,0.0
201300049435,8,8,2013,15,1,69,297,1,1,3,7,A47,0.0,0.0
201300049436,9,8,2013,8,1,69,297,1,1,1,3,A47,0.0,0.0
201300049437,14,8,2013,10,1,69,389,1,1,1,4,BPNL   34.614 A 36.285,0.0,0.0
201300049438,14,8,2013,19,1,69,389,1,1,1,7,BPNL   34.614 A 36.285,0.0,0.0
201300049439,14,8,2013,23,3,38,184,1,1,1,2,A43   15.971 A 18.875,0.0,0.0
201300049440,15,8,2013,14,1,38,544,1,1,1,6,A7   25.770 A 27.460,0.0,0.0
201300049441,15,8,2013,22,5,69,266,1,1,1,2,BPNL   1.165 A 1.893,0.0,0.0
201300049442,15,8,2013,20,1,69,149,1,1,1,2,A7   3.690 A 4.270,0.0,0.0
201300049443,22,8,2013,18,1,69,272,1,1,1,3,A46S   57.400 A 61.010,0.0,0.0
201300049444,24,8,2013,20,2,69,282,1,1,3,7,RD302   0.000 A 4.000,0.0,0.0
201300049445,24,8,2013,21,3,69,290,1,1,3,6,A46S   40.883 A 43.680,0.0,0.0
201300049446,26,8,2013,18,1,69,272,1,9,1,3,A46S   57.400 A 61.010,0.0,0.0
201300049447,27,8,2013,8,1,69,266,1,1,2,6,RD383   3.750 A 7.640,0.0,0.0
201300049448,26,8,2013,8,1,69,266,1,1,1,6,BPNL   1.165 A 1.893,0.0,0.0
201300049449,27,8,2013,19,1,69,29,1,1,2,7,RD383   7.640 A 11.044,0.0,0.0
201300049450,29,8,2013,5,5,69,388,1,1,1,6,RD383   11.460 A 11.750,0.0,0.0
201300049451,29,8,2013,23,3,69,297,1,1,1,2,A47,0.0,0.0
201300049452,11,7,2013,23,3,69,273,1,1,1,2,BUS (RD301)   4.470 A 7.,0.0,0.0
201300049453,31,8,2013,1,3,69,81,1,1,1,2,A6   448.490 A 449.450,0.0,0.0
201300049454,31,8,2013,19,1,69,295,1,1,1,7,A46S   53.980 A 57.400,0.0,0.0
201300049455,2,9,2013,11,2,69,72,1,1,1,4,A6   445.030 A 445.323,0.0,0.0
201300049456,6,9,2013,0,3,69,290,1,1,1,2,A43   3.865 A 9.894,0.0,0.0
201300049457,7,9,2013,10,1,69,259,1,1,2,7,RD383   11.750 A 14.250,0.0,0.0
201300049458,8,9,2013,5,3,69,275,1,1,2,4,RN346   29.300 A 34.350,0.0,0.0
201300049459,8,9,2013,18,1,69,199,1,1,2,5,A7   7.000 A 8.630,0.0,0.0
201300049460,8,9,2013,18,1,01,43,1,1,2,7,A42   9.500 A 9.720,0.0,0.0
201300049461,8,9,2013,20,3,69,282,1,9,1,7,RD302   0.400 A 4.620,0.0,0.0
201300049462,9,9,2013,21,5,69,29,1,1,1,2,A43   0.550 A 3.353,0.0,0.0
201300049463,10,9,2013,16,1,69,290,1,1,1,6,A43   3.865 A 9.894,0.0,0.0
201300049464,11,9,2013,18,1,01,376,1,1,8,7,A42   8.310 A 9.500,0.0,0.0
201300049465,12,9,2013,18,1,69,256,1,1,1,2,A42     0.560 A 4.020,0.0,0.0
201300049466,13,9,2013,16,1,69,288,1,1,1,7,A43   13.029 A 15.971,0.0,0.0
201300049467,13,9,2013,18,1,69,29,1,1,1,4,RD383,0.0,0.0
201300049468,14,9,2013,14,1,69,81,1,1,1,7,A6   449.510 A 451.640,0.0,0.0
201300049469,14,9,2013,17,1,69,266,1,1,1,2,RD383   3.750 A 7.640,0.0,0.0
201300049470,14,9,2013,18,1,69,266,1,1,1,2,RD383   1.165 A 1.893,0.0,0.0
201300049471,15,9,2013,2,4,38,336,1,1,2,5,A7   32.870 A 35.680,0.0,0.0
201300049472,16,9,2013,19,2,69,256,1,1,1,7,A42     0.560 A 4.020,0.0,0.0
201300049473,18,9,2013,17,1,69,297,1,1,1,4,A7   15.770 A 20.110,0.0,0.0
201300049474,19,9,2013,9,1,69,297,1,1,1,2,A47   0.000  A 1.657,0.0,0.0
201300049475,19,9,2013,17,1,69,256,1,1,1,5,A42     0.560 A 4.020,0.0,0.0
201300049476,20,9,2013,17,1,69,72,1,1,1,2,A6   445.323 A 447.390,0.0,0.0
201300049477,24,9,2013,8,1,69,290,1,1,1,4,A43   3.865 A 9.894,0.0,0.0
201300049478,26,9,2013,14,1,38,544,1,1,1,2,RN7   5.180 A 10.000,0.0,0.0
201300049479,27,9,2013,6,5,69,199,1,1,1,2,RD383   14.250 A 18.000,0.0,0.0
201300049480,27,9,2013,4,3,69,72,1,1,1,6,A6   445.323 A 447.390,0.0,0.0
201300049481,27,9,2013,10,1,69,278,1,1,1,5,A46N   12.680 A 13.378,0.0,0.0
201300049482,27,9,2013,18,1,69,266,1,1,1,4,RD383   3.750 A 7.640,0.0,0.0
201300049483,28,9,2013,23,3,69,295,1,1,1,1,A46S   53.980 A 57.400,0.0,0.0
201300049484,29,9,2013,5,4,69,256,1,1,3,3,RN346  S/N   25.686 A 29,0.0,0.0
201300049485,29,9,2013,14,1,38,336,1,1,1,4,A7   32.870 A 35.680,0.0,0.0
201300049486,29,9,2013,16,1,69,199,1,1,2,7,RD383   14.250 A 18.000,0.0,0.0
201300049487,30,9,2013,9,1,69,296,1,1,8,4,A7   10.992 A 13.970,0.0,0.0
201300049488,30,9,2013,12,1,38,544,1,1,1,2,"17, RN7   5.180 A 10.000",0.0,0.0
201300049489,2,10,2013,16,1,69,199,1,1,1,2,RD383   14.250 A 18.000,0.0,0.0
201300049490,2,10,2013,21,5,69,266,1,1,1,2,RD383   3.750 A 7.640,0.0,0.0
201300049491,3,10,2013,14,1,69,72,1,1,1,2,A6   445.323 A 447.390,0.0,0.0
201300049492,4,10,2013,20,3,69,125,1,1,2,5,A6   437.840 A 439.400,0.0,0.0
201300049493,5,10,2013,1,3,69,256,1,1,2,2,A42     0.560 A 4.020,0.0,0.0
201300049494,5,10,2013,8,1,69,266,1,1,1,7,RD383   3.750 A 7.640,0.0,0.0
201300049495,6,10,2013,15,1,69,29,1,1,1,2,RD383   7.640 A 11.044,0.0,0.0
201300049496,9,10,2013,13,1,69,125,1,1,1,3,A6   437.840 A 439.400,0.0,0.0
201300049497,10,10,2013,17,1,69,199,1,1,1,3,RD383   14.250 A 18.000,0.0,0.0
201300049498,11,10,2013,0,5,69,199,1,1,2,7,RD383   14.250 A 18.000,0.0,0.0
201300049499,11,10,2013,15,1,69,389,1,1,1,6,A6   451.790 A 453.400,0.0,0.0
201300049500,14,10,2013,17,1,69,266,1,1,1,4,RD383   3.750 A 7.640,0.0,0.0
201300049501,11,10,2013,16,1,69,389,1,1,1,4,BPNL   34.614 A 36.285,0.0,0.0
201300049502,15,10,2013,7,2,69,272,1,1,1,3,A46S   57.400 A 61.010,0.0,0.0
201300049503,15,10,2013,23,5,69,34,1,1,2,6,RD383   0.000 A 1.165,0.0,0.0
201300049504,16,10,2013,16,1,69,9,1,1,1,6,", A6   428.880 A 431.800",0.0,0.0
201300049505,17,10,2013,20,5,69,266,1,1,1,4,RD383   1.165 A 1.893,0.0,0.0
201300049506,18,10,2013,8,1,69,287,1,1,1,4,A43   9.894 A 13.029,0.0,0.0
201300049507,18,10,2013,16,1,69,27,1,1,1,3,A450   5.100 A 7.285,0.0,0.0
201300049508,18,10,2013,19,3,69,163,1,1,1,2,A46N   2.930 A 7.065,0.0,0.0
201300049509,20,10,2013,16,1,69,256,1,1,1,6,A42     0.560 A 4.020,0.0,0.0
201300049510,20,10,2013,17,1,38,336,1,1,1,7,A7   32.870 A 35.680,0.0,0.0
201300049511,21,10,2013,11,1,69,286,1,1,1,2,A46N   S/N   25.680 A 25,0.0,0.0
201300049512,21,10,2013,19,3,01,249,1,1,1,4,A42   6.290 A 8.310,0.0,0.0
201300049513,22,10,2013,10,1,69,266,1,1,1,2,RD383   1.165 A 1.893,0.0,0.0
201300049514,22,10,2013,11,1,69,199,1,1,1,7,RD383   14.250 A 18.000,0.0,0.0
201300049515,24,10,2013,17,1,69,34,1,1,1,5,RD383   0.000 A 1.165,0.0,0.0
201300049516,25,10,2013,21,5,69,29,1,1,1,3,RD383   7.640 A 11.044,0.0,0.0
201300049517,28,10,2013,6,3,69,286,1,1,1,5,A46N   19.955 A 25.180,0.0,0.0
201300049518,29,10,2013,8,1,69,290,1,1,1,4,A46S   40.883 A 43.680,0.0,0.0
201300049519,29,10,2013,19,5,38,544,1,1,1,3,RN7   5.180 A 10.000,0.0,0.0
201300049520,3,11,2013,2,5,69,152,1,1,2,6,A7   4.270 A 7.000,0.0,0.0
201300049521,23,10,2013,17,1,69,199,1,1,1,7,RD383   14.250 A 18.000,0.0,0.0
201300049522,4,11,2013,15,1,69,276,1,1,2,2,BUS (RD301)   0 000 A 2,0.0,0.0
201300049523,4,11,2013,20,5,69,199,1,1,1,7,69190,0.0,0.0
201300049524,5,11,2013,21,5,69,29,1,1,2,6,RD383   7.640 A 11.044,0.0,0.0
201300049525,6,11,2013,7,1,38,184,1,1,2,5,A43   15.971 A 18.875,0.0,0.0
201300049526,6,11,2013,12,1,69,115,1,1,1,6,A6   427.300 A 428.640,0.0,0.0
201300049527,6,11,2013,17,3,38,544,1,1,1,4,RN7   5.180 A 10.000,0.0,0.0
201300049528,6,11,2013,9,1,69,81,1,1,1,6,A6   449.510 A 451.640,0.0,0.0
201300049529,8,11,2013,16,1,69,81,1,1,2,6,A6   449.510 A 451.640,0.0,0.0
201300049530,9,11,2013,12,1,69,72,1,1,1,2,A6   445.323 A 447.390,0.0,0.0
201300049531,10,11,2013,9,1,69,271,1,1,2,6,RN346   38.000 A 38.960,0.0,0.0
201300049532,11,11,2013,18,5,69,382,1,1,1,4,A6   455.000 A 455.875,0.0,0.0
201300049533,12,11,2013,17,1,69,34,1,1,1,3,RD383   0.000 A 1.165,0.0,0.0
201300049534,13,11,2013,3,3,38,544,1,1,1,2,A7   25.770 A 27.460,0.0,0.0
201300049535,14,11,2013,13,1,69,55,1,1,1,7,A6   435.100 A 437.840,0.0,0.0
201300049536,15,11,2013,9,1,69,295,1,1,8,6,A46S   53.980 A 57.400,0.0,0.0
201300049537,15,11,2013,15,1,69,382,1,1,1,4,A6   455.000 A 455.875,0.0,0.0
201300049538,19,11,2013,12,1,69,29,1,1,2,3,RD383   7.640 A 11.044,0.0,0.0
201300049539,21,11,2013,18,5,69,27,1,1,2,3,A450   5.100 A 7.285,0.0,0.0
201300049540,22,11,2013,9,1,69,256,1,1,2,2,A42     0.560 A 4.020,0.0,0.0
201300049541,23,11,2013,7,2,69,273,1,1,1,2,BUS (RD301)   4.470 A 7.,0.0,0.0
201300049542,25,11,2013,8,1,69,100,1,1,1,3,A450   1.090 A 1.740,0.0,0.0
201300049543,25,11,2013,17,1,38,544,1,1,1,3,N407   0.000 A 2.331,0.0,0.0
201300049544,25,11,2013,20,3,69,272,1,1,1,4,A46S   57.400 A 61.010,0.0,0.0
201300049545,22,11,2013,8,2,69,385,1,1,2,6,A6,0.0,0.0
201300049546,29,11,2013,20,5,38,449,1,1,1,4,A43   18.875 A 21.100,0.0,0.0
201300049547,30,11,2013,9,1,69,29,1,1,1,7,RD383   7.640 A 11.044,0.0,0.0