Num_Acc,jour,mois,an,hr,condition_eclairage,departement,commune,condition_agglomeration,intersection,condition_atmosphere,type_collision,adresse,lattitude,longitude
201300049548,1,12,2013,2,4,69,259,1,1,1,6,BUS (RD301)  2 800 A 4.4,0.0,0.0
201300049549,2,12,2013,8,1,69,277,1,1,1,4,RN346   36.215 A 38.000,0.0,0.0
201300049550,2,12,2013,12,1,69,297,1,1,1,3,A47   0.000  A 1.657,0.0,0.0
201300049551,2,12,2013,17,3,69,297,1,1,1,5,A7   15.770 A 20.110,0.0,0.0
201300049552,3,12,2013,8,1,69,29,1,1,1,4,A43   0.550 A 3.353,0.0,0.0
201300049553,5,12,2013,22,3,69,156,1,1,1,2,A6   428.640 A 428.880,0.0,0.0
201300049554,10,12,2013,7,2,69,204,1,1,5,2,A450   1.740 A 5.100,0.0,0.0
201300049555,12,12,2013,6,5,69,290,1,1,5,7,A43   3.865 A 9.894,0.0,0.0
201300049556,13,12,2013,22,5,69,272,1,6,2,7,A46S   57.400 A 61.010,0.0,0.0
201300049557,14,12,2013,1,3,69,275,1,1,1,7,,0.0,0.0
201300049558,20,12,2013,11,1,69,199,1,1,2,3,A7   7.000 A 8.630,0.0,0.0
201300049559,27,12,2013,7,1,69,29,1,1,1,6,A43   0.550 A 3.353,0.0,0.0
201300049560,23,12,2013,6,5,69,266,1,1,1,6,RD383   3.750 A 7.640,0.0,0.0
201300049561,23,12,2013,11,1,69,287,1,1,1,2,A43   9.894 A 13.029,0.0,0.0
201300049562,25,12,2013,13,1,69,276,1,1,1,7,BUS (RD301)   0 000 A 2.,0.0,0.0
201300049563,25,12,2013,17,2,69,29,1,1,3,7,A43   0 550 A 3.353,0.0,0.0
201300049564,26,12,2013,15,1,69,266,1,1,1,7,RD383   3.750 A 7.640,0.0,0.0
201300049565,28,12,2013,17,5,69,199,1,1,8,3,RD383   14.250 A 18.000,0.0,0.0
201300049566,29,12,2013,9,1,69,288,1,1,1,6,A43   13.029 A 15.971,0.0,0.0
201300049567,29,12,2013,20,3,69,152,1,1,1,6,A7   4.270 A 7.000,0.0,0.0
201300049568,2,1,2013,15,1,69,389,2,1,1,6,"2, PLACE DE PARIS",0.0,0.0
201300049569,4,1,2013,16,2,69,389,2,1,1,5,"165, RUE DE SAINT CYR",0.0,0.0
201300049570,5,1,2013,18,5,69,81,2,1,1,6,"80, CHEMIN DU TRONCHON",0.0,0.0
201300049571,15,1,2013,17,1,69,81,2,1,1,3,"61, AVENUE DU PROFESSEUR",0.0,0.0
201300049572,19,1,2013,18,5,69,389,2,1,2,6,"16, QUAI PAUL SEDALLIAN",0.0,0.0
201300049573,19,1,2013,23,5,69,389,2,1,2,6,PONT GEORGES CLEMENCEAU,0.0,0.0
201300049574,20,1,2013,15,1,69,81,2,1,8,6,CHEMIN JEAN MARIE VIANNE,0.0,0.0
201300049575,1,2,2013,9,1,69,389,2,1,2,3,"65, RUE PIERRE AUDRY",0.0,0.0
201300049576,14,2,2013,10,1,69,81,2,1,1,6,"SANS N?, CHEMIN DES CERI",0.0,0.0
201300049577,22,2,2013,7,1,69,389,2,1,1,3,PONT GEORGES CLEMENCEAU,0.0,0.0
201300049578,2,3,2013,0,5,69,389,2,1,1,6,BOULEVARD PERIPHERIQUE N,0.0,0.0
201300049579,4,3,2013,10,1,69,389,2,3,9,3,"240, BOULEVARD DE LA DUC",0.0,0.0
201300049580,4,3,2013,17,1,69,389,2,3,1,6,"8, RUE SAINT DIDIER",0.0,0.0
201300049581,9,3,2013,18,1,69,389,2,1,1,7,"8, RUE COTTIN",0.0,0.0
201300049582,12,3,2013,18,2,69,389,2,3,1,3,"65, RUE DU SOUVENIR",0.0,0.0
201300049583,19,3,2013,18,1,69,389,2,1,1,6,"316, AVENUE ANDREI SAKHA",0.0,0.0
201300049584,21,3,2013,8,1,69,389,2,1,1,6,"1, RUE DU 24 MARS 1852",0.0,0.0
201300049585,22,3,2013,20,5,69,389,2,2,1,3,"135, AVENUE SIDOINE APOL",0.0,0.0
201300049586,29,3,2013,7,2,69,389,2,1,2,6,"74, RUE DE SAINT CYR",0.0,0.0
201300049587,4,4,2013,15,1,69,389,2,3,1,3,"2, RUE DU 24 MARS 1852",0.0,0.0
201300049588,4,4,2013,20,5,69,81,2,1,1,3,"128, RUE MARIETTON",0.0,0.0
201300049589,12,4,2013,19,1,69,389,2,2,1,3,RUE PIERRE TERMIER,0.0,0.0
201300049590,19,4,2013,19,2,69,81,2,1,2,6,"6, ROUTE DE CHAMPAGNE",0.0,0.0
201300049591,21,4,2013,4,5,69,389,2,1,1,7,"95, AVENUE DU 25E REGIME",0.0,0.0
201300049592,21,4,2013,7,2,69,389,2,1,8,6,"95, AVENUE DU 25E REGIME",0.0,0.0
201300049593,26,4,2013,12,1,69,389,2,4,2,3,"51, RUE MARIETTON",0.0,0.0
201300049594,27,4,2013,12,1,69,389,2,3,2,3,"1, RUE EMILE DUPORT",0.0,0.0
201300049595,24,4,2013,0,5,69,389,2,1,1,6,"PONT SNCF, QUAI RAOUL CA",0.0,0.0
201300049596,2,5,2013,8,1,69,389,2,1,1,3,"01, QUAI PAUL SEDALLIAN",0.0,0.0
201300049597,2,5,2013,16,1,69,389,2,1,1,6,"59, QUAI PAUL SEDALLIAN",0.0,0.0
201300049598,7,5,2013,8,1,69,81,2,1,1,2,BRETELLE 1 PORTE DU VALV,0.0,0.0
201300049599,8,5,2013,4,5,69,389,2,1,1,2,"33, RUE DU BOURBONNAIS",0.0,0.0
201300049600,13,5,2013,10,1,69,389,2,1,1,6,"45, RUE MARIETTON",0.0,0.0
201300049601,14,5,2013,15,1,69,389,2,2,1,3,"48, RUE DE BOURGOGNE",0.0,0.0
201300049602,22,5,2013,16,1,69,389,2,2,1,1,"37, RUE DE BOURGOGNE",0.0,0.0
201300049603,26,5,2013,9,1,69,389,2,1,1,3,"128, AVENUE SIDOINE APOL",0.0,0.0
201300049604,31,5,2013,12,1,69,389,2,1,2,3,"36, QUAI ARLOING",0.0,0.0
201300049605,1,6,2013,18,1,69,389,2,1,1,6,"14, RUE DU 24 MARS 1852",0.0,0.0
201300049606,5,6,2013,17,1,69,81,2,6,1,3,"00, BRETELLE 1 PORTE DU",0.0,0.0
201300049607,11,6,2013,17,1,69,389,2,1,1,2,"4, QUAI PAUL SEDALLIAN",0.0,0.0
201300049608,11,6,2013,20,2,69,389,2,1,1,6,"84-88, AVENUE SIDOINE AP",0.0,0.0
201300049609,12,6,2013,19,1,69,389,2,1,1,3,"00, BOULEVARD ANTOINE DE",0.0,0.0
201300049610,13,6,2013,8,1,69,81,2,2,1,3,"00, CHEMIN DU RANDIN",0.0,0.0
201300049611,14,6,2013,21,2,69,389,2,1,1,6,"02, RUE PIERRE AUDRY",0.0,0.0
201300049612,15,6,2013,10,1,69,389,2,1,1,6,"17, RUE LOUIS LOUCHEUR",0.0,0.0
201300049613,21,6,2013,8,1,69,389,2,1,1,6,"7, AVENUE DU PLATEAU",0.0,0.0
201300049614,21,6,2013,8,1,69,389,2,1,1,6,"26, AVENUE ROSA PARKS",0.0,0.0
201300049615,24,6,2013,8,1,69,389,2,3,1,6,"00, RUE DE SAINT CYR",0.0,0.0
201300049616,24,6,2013,8,1,69,389,2,1,1,3,RUE DE SAINT CYR,0.0,0.0
201300049617,24,6,2013,20,2,69,389,2,1,1,6,"26, AVENUE ROSA PARKS",0.0,0.0
201300049618,26,6,2013,8,1,69,81,2,6,1,3,"00, CHEMIN DE LA SAUVEGA",0.0,0.0
201300049619,28,6,2013,11,1,69,389,2,1,2,7,"face au 6, GRANDE RUE DE",0.0,0.0
201300049620,1,7,2013,11,1,69,389,2,1,1,6,"35, AVENUE SIDOINE APOLL",0.0,0.0
201300049621,1,7,2013,12,1,69,389,1,1,1,6,"43, QUAI PIERRE SCIZE",0.0,0.0
201300049622,2,7,2013,18,1,69,389,1,3,8,3,"2, PLACE DE PARIS",0.0,0.0
201300049623,6,7,2013,16,1,69,81,2,1,1,2,"8, CHEMIN LOUIS CHIRPAZ",0.0,0.0
201300049624,10,7,2013,1,5,69,389,2,1,1,6,"11-21, MONTEE DE L OBSER",0.0,0.0
201300049625,15,7,2013,17,1,69,81,2,3,1,3,AVENUE DU PROFESSEUR PAU,0.0,0.0
201300049626,17,7,2013,10,1,69,389,2,1,8,6,"119, AVENUE SIDOINE APOL",0.0,0.0
201300049627,17,7,2013,14,1,69,389,2,1,1,3,"113 BIS, RUE MARIETTON",0.0,0.0
201300049628,20,7,2013,22,5,69,81,2,6,1,7,"5, CHEMIN DU PLAT",0.0,0.0
201300049629,18,7,2013,11,1,69,389,2,1,2,2,"55, RUE DU BOURBONNAIS",0.0,0.0
201300049630,1,8,2013,1,5,69,389,2,3,1,3,AVENUE DE LA SAUVEGARDE,0.0,0.0
201300049631,1,8,2013,13,1,69,389,2,2,1,3,GRANDE RUE DE VAISE,0.0,0.0
201300049632,1,8,2013,20,1,69,389,2,1,1,1,"12, RUE PIERRE TERMIER",0.0,0.0
201300049633,6,8,2013,17,1,69,389,2,1,1,3,"20, RUE DES DOCTEURS COR",0.0,0.0
201300049634,12,8,2013,17,1,69,389,2,1,1,6,"26, AVENUE RENE CASSIN",0.0,0.0
201300049635,14,8,2013,13,1,69,389,2,1,1,2,RUE JOANNES CARRET,0.0,0.0
201300049636,22,8,2013,19,1,69,389,2,1,8,6,"61 BIS, MONTEE DE L OBSE",0.0,0.0
201300049637,24,8,2013,17,1,69,389,2,1,1,6,AVENUE ROSA PARKS,0.0,0.0
201300049638,31,8,2013,17,1,69,389,2,2,1,6,QUAI JAYR,0.0,0.0
201300049639,5,9,2013,5,5,69,389,2,1,1,6,"80, AVENUE BARTHELEMY BU",0.0,0.0
201300049640,5,9,2013,8,1,69,81,2,1,1,6,"20, CHEMIN JEAN MARIE VI",0.0,0.0
201300049641,6,9,2013,11,1,69,389,2,1,1,3,"SANS, PONT GEORGES CLEME",0.0,0.0
201300049642,18,9,2013,15,1,69,389,2,1,9,7,"120, AVENUE DU 25E REGIM",0.0,0.0
201300049643,22,11,2013,21,5,69,389,2,1,1,6,"24, QUAI ARLOING",0.0,0.0
201300049644,24,9,2013,16,1,69,389,2,1,1,2,"SANS, PORTE DE VAISE",0.0,0.0
201300049645,27,9,2013,14,1,69,389,2,3,1,5,"88, RUE MARIETTON",0.0,0.0
201300049646,28,9,2013,16,1,69,389,2,1,1,6,"1, Rue Pere louis de Gal",0.0,0.0
201300049647,29,9,2013,5,5,69,389,2,1,2,6,"34, RUE ROGER SALENGRO",0.0,0.0
201300049648,3,10,2013,14,1,69,81,2,1,1,3,"24, AVENUE GUY DE COLLON",0.0,0.0
201300049649,11,10,2013,7,5,69,389,2,1,2,2,"8, RUE JOANNES CARRET",0.0,0.0
201300049650,11,10,2013,14,1,69,81,2,1,1,6,AVENUE DU PROFESSEUR PAU,0.0,0.0
201300049651,15,10,2013,8,1,69,389,2,1,2,6,"14, RUE LOUIS BOUQUET",0.0,0.0
201300049652,17,10,2013,16,1,69,389,2,3,1,3,"110, RUE MARIETTON",0.0,0.0
201300049653,19,10,2013,20,3,69,389,2,1,1,6,RUE DE SAINT CYR,0.0,0.0
201300049654,21,10,2013,18,4,69,389,2,1,1,6,"7, RUE DU 24 MARS 1852",0.0,0.0
201300049655,23,10,2013,13,1,69,389,2,1,1,2,"34, RUE DES DOCKS",0.0,0.0
201300049656,28,10,2013,14,1,69,81,2,1,1,6,"126, RUE MARIETTON",0.0,0.0
201300049657,20,10,2013,5,5,69,389,2,1,1,3,PONT GEORGES CLEMENCEAU,0.0,0.0
201300049658,29,10,2013,17,5,69,389,2,1,1,6,"3, RUE FRERE BENOIT",0.0,0.0
201300049659,27,11,2013,18,5,69,389,2,2,1,6,"24, RUE SAINT SIMON",0.0,0.0
201300049660,29,11,2013,17,3,69,389,2,1,1,6,AVENUE SIDOINE APOLLINAI,0.0,0.0
201300049661,30,11,2013,20,5,69,81,2,1,1,6,CHEMIN JEAN MARIE VIANNE,0.0,0.0
201300049662,6,12,2013,13,1,69,389,2,1,1,1,"21, RUE SAINT SIMON",0.0,0.0
201300049663,12,12,2013,9,1,69,389,2,3,5,3,RUE EMILE DUPORT,0.0,0.0
201300049664,14,12,2013,2,5,69,389,2,1,5,6,"40/41, QUAI PIERRE SCIZE",0.0,0.0
201300049665,17,12,2013,7,2,69,81,2,1,1,6,"2, AVENUE EDOUARD PAYEN",0.0,0.0
201300049666,21,12,2013,16,5,69,81,2,6,1,1,CHEMIN DU PLAT,0.0,0.0
201300049667,5,1,2013,15,1,83,144,1,1,1,4,A57,0.0,0.0
201300049668,15,1,2013,9,1,83,144,1,1,2,7,A57,0.0,0.0
201300049669,25,1,2013,6,5,83,137,1,1,1,5,A57,0.0,0.0
201300049670,28,1,2013,12,1,83,126,1,1,1,5,A50,0.0,0.0
201300049671,29,1,2013,9,1,83,126,1,1,1,4,A50,0.0,0.0
201300049672,30,1,2013,17,1,83,144,1,1,1,3,A57,0.0,0.0
201300049673,1,2,2013,16,1,83,137,1,1,1,4,A57,0.0,0.0
201300049674,5,2,2013,20,3,83,62,1,1,1,2,A57,0.0,0.0
201300049675,8,2,2013,18,5,83,137,1,1,1,5,A50,0.0,0.0
201300049676,18,2,2013,14,1,83,123,1,1,1,6,A50,0.0,0.0
201300049677,27,2,2013,14,1,83,137,1,1,1,2,A57,0.0,0.0
201300049678,28,2,2013,8,1,83,123,1,1,1,6,A50,0.0,0.0
201300049679,28,2,2013,20,5,83,144,1,1,1,2,A57,0.0,0.0
201300049680,5,3,2013,15,1,83,126,1,1,1,2,A50,0.0,0.0
201300049681,9,3,2013,15,1,83,137,1,1,1,5,A57,0.0,0.0
201300049682,18,3,2013,9,1,83,144,1,1,2,4,A57,0.0,0.0
201300049683,21,3,2013,23,3,83,27,1,1,1,6,A50,0.0,0.0
201300049684,26,3,2013,8,1,83,62,1,1,1,4,A570,0.0,0.0
201300049685,5,4,2013,8,1,83,62,1,1,1,2,A570,0.0,0.0
201300049686,6,4,2013,5,5,83,62,1,1,1,1,A57,0.0,0.0
201300049687,9,4,2013,18,1,83,137,1,1,1,2,A57,0.0,0.0
201300049688,16,4,2013,19,4,83,144,1,1,1,7,A57,0.0,0.0
201300049689,26,4,2013,12,1,13,28,1,1,1,2,A50*,0.0,0.0
201300049690,28,4,2013,3,5,83,137,1,1,1,6,A57,0.0,0.0
201300049691,15,5,2013,14,1,83,137,1,1,1,2,A50,0.0,0.0
201300049692,22,5,2013,19,1,83,137,1,1,1,4,A50,0.0,0.0
201300049693,22,5,2013,19,1,83,137,1,1,1,4,RN1050,0.0,0.0
201300049694,30,5,2013,15,1,83,137,1,1,1,2,A57,0.0,0.0
201300049695,10,6,2013,0,4,83,90,1,1,1,6,A50,0.0,0.0
201300049696,13,6,2013,8,1,83,137,1,1,1,2,A57,0.0,0.0
201300049697,24,6,2013,7,1,83,144,1,1,1,4,A57,0.0,0.0
201300049698,24,6,2013,18,1,83,35,1,1,1,3,A50,0.0,0.0
201300049699,7,7,2013,18,1,83,137,1,1,1,7,A50,0.0,0.0
201300049700,14,7,2013,23,5,83,137,1,9,1,3,A50,0.0,0.0
201300049701,15,7,2013,0,4,83,137,1,1,1,6,A50,0.0,0.0
201300049702,19,7,2013,16,1,83,137,1,1,1,2,A57,0.0,0.0
201300049703,2,8,2013,18,1,83,69,1,1,1,4,RN98,0.0,0.0
201300049704,4,8,2013,20,1,83,35,1,1,1,7,A50,0.0,0.0
201300049705,7,9,2013,5,5,83,137,1,1,1,2,A50,0.0,0.0
201300049706,7,9,2013,23,3,83,35,1,1,2,6,A50,0.0,0.0
201300049707,11,9,2013,7,1,83,69,1,1,1,7,RN98,0.0,0.0
201300049708,11,9,2013,7,1,83,137,1,1,1,3,A57,0.0,0.0
201300049709,17,9,2013,17,1,83,137,1,1,1,5,A57,0.0,0.0
201300049710,21,9,2013,23,3,83,27,1,1,1,6,A50,0.0,0.0
201300049711,22,9,2013,0,5,83,137,1,1,1,2,A50,0.0,0.0
201300049712,25,9,2013,16,1,83,126,1,1,1,2,A50,0.0,0.0
201300049713,29,9,2013,1,3,83,69,1,1,1,6,A570,0.0,0.0
201300049714,30,9,2013,21,3,83,90,1,1,1,5,A50,0.0,0.0
201300049715,4,10,2013,13,1,83,137,1,1,1,3,A50,0.0,0.0
201300049716,6,10,2013,18,1,13,23,1,1,1,3,A50,0.0,0.0
201300049717,12,10,2013,15,1,83,137,1,1,1,4,A50,0.0,0.0
201300049718,12,10,2013,19,5,83,137,1,1,1,2,A50,0.0,0.0
201300049719,18,10,2013,6,5,83,144,1,1,1,6,A57,0.0,0.0
201300049720,29,10,2013,17,1,83,137,1,1,2,2,A57,0.0,0.0
201300049721,30,10,2013,18,3,83,144,1,1,1,5,A57,0.0,0.0
201300049722,31,10,2013,18,2,83,144,1,1,1,4,A57,0.0,0.0
201300049723,1,11,2013,1,5,83,137,1,1,1,3,A57,0.0,0.0
201300049724,2,11,2013,8,1,83,27,1,1,1,2,A50,0.0,0.0
201300049725,2,11,2013,17,2,83,27,1,1,1,6,A50,0.0,0.0
201300049726,4,11,2013,7,1,83,137,1,1,2,2,A50 Voies d'accs au tun,0.0,0.0
201300049727,15,11,2013,14,1,83,137,1,1,1,4,A57,0.0,0.0
201300049728,16,11,2013,7,3,83,62,1,4,1,6,A570,0.0,0.0
201300049729,18,11,2013,6,3,13,28,1,1,3,7,A50,0.0,0.0
201300049730,18,11,2013,8,1,83,144,1,1,2,7,A57,0.0,0.0
201300049731,20,11,2013,19,3,83,137,1,1,8,5,A50,0.0,0.0
201300049732,27,11,2013,17,3,83,126,1,1,1,3,A50,0.0,0.0
201300049733,13,12,2013,22,3,83,137,1,1,1,2,A50,0.0,0.0
201300049734,19,12,2013,17,1,83,144,1,1,2,4,A57,0.0,0.0
201300049735,23,12,2013,20,4,83,144,1,1,8,5,A57,0.0,0.0
201300049736,26,12,2013,18,5,83,137,1,1,6,2,A50,0.0,0.0
201300049737,30,12,2013,16,1,83,137,1,1,1,4,A57,0.0,0.0
201300049738,5,1,2013,9,1,13,117,1,1,1,6,A7-Sens Marseille vers L,0.0,0.0
201300049739,6,1,2013,8,1,13,211,1,1,1,6,A50-Sens Aubagne vers Ma,0.0,0.0
201300049740,8,1,2013,9,1,13,1,1,1,1,2,A51-Sens Aix en Provence,0.0,0.0
201300049741,8,1,2013,12,1,13,81,1,1,1,6,A7-Sens*Marseille vers L,0.0,0.0
201300049742,8,1,2013,18,3,13,56,1,1,1,4,A55-Sens Marseille vers,0.0,0.0
201300049743,9,1,2013,15,1,13,26,1,1,1,2,A55-Sens Martigues vers,0.0,0.0
201300049744,10,1,2013,16,1,13,215,1,1,1,6,A7-Sens Lyon vers Marsei,0.0,0.0
201300049745,11,1,2013,11,1,13,211,1,1,1,2,A50-Sens Aubagne vers Ma,0.0,0.0
201300049746,13,1,2013,0,5,13,202,1,1,2,7,TVPCM-Sens Saint Victor,0.0,0.0
201300049747,8,1,2013,12,1,13,81,1,1,1,2,A7-Sens Marseille vers L,0.0,0.0
201300049748,14,1,2013,12,1,13,56,1,1,1,6,A55-Sens Marseille vers,0.0,0.0
201300049749,14,1,2013,16,1,13,202,1,1,1,6,A55-Sens Marseille vers,0.0,0.0
201300049750,15,1,2013,13,1,13,215,1,1,1,4,A7-Sens Lyon vers Marsei,0.0,0.0
201300049751,17,1,2013,19,3,13,71,1,1,1,5,A7-Sens Lyon vers Marsei,0.0,0.0
201300049752,19,1,2013,12,1,13,211,1,1,1,2,A50-Sens Aubagne vers Ma,0.0,0.0
201300049753,20,1,2013,9,1,13,215,1,1,4,2,A7-Sens Lyon vers Marsei,0.0,0.0
201300049754,20,1,2013,14,1,13,71,1,1,1,2,A51-Sens Marseille vers,0.0,0.0
201300049755,21,1,2013,17,1,13,210,1,1,1,2,S10CM-Sens Marseille ver,0.0,0.0
201300049756,21,1,2013,19,3,13,202,1,1,1,2,A55-Sens Marseille vers,0.0,0.0
201300049757,27,12,2013,14,1,13,71,1,1,1,6,A55-Sens Martigues vers,0.0,0.0
201300049758,23,1,2013,14,1,13,106,1,1,2,6,A7-Sens Marseille vers L,0.0,0.0
201300049759,25,1,2013,16,1,13,71,1,1,1,6,A7-Sens Marseille vers L,0.0,0.0
201300049760,25,1,2013,8,3,13,15,1,1,1,2,A51-Sens Marseille vers,0.0,0.0
201300049761,26,1,2013,19,3,13,210,1,1,1,2,A50-Sens Marseille vers,0.0,0.0
201300049762,27,1,2013,0,3,13,71,1,1,1,4,A55 - Sens Marseille ver,0.0,0.0
201300049763,27,1,2013,17,4,13,203,1,1,1,4,A7-Sens Lyon vers Marsei,0.0,0.0
201300049764,28,1,2013,19,3,13,215,1,1,1,2,A7-Sens Marseille vers L,0.0,0.0
201300049765,31,1,2013,7,2,13,215,1,1,1,2,A7-Sens Marseille vers L,0.0,0.0
201300049766,3,2,2013,22,3,13,216,1,1,1,7,A55-Sens Martigues vers,0.0,0.0
201300049767,29,1,2013,14,1,13,214,1,1,1,7,A7-Sens Marseille vers L,0.0,0.0
201300049768,5,2,2013,9,1,13,214,1,1,1,6,A7-Sens Marseille*vers L,0.0,0.0
201300049769,6,2,2013,16,1,13,33,1,1,1,7,A55-Sens Martigues vers,0.0,0.0
201300049770,7,2,2013,6,3,13,215,1,1,1,2,A55-Sens Martigues vers,0.0,0.0
201300049771,7,2,2013,14,1,13,71,1,1,1,2,A55 - Sens Marseille ver,0.0,0.0
201300049772,8,2,2013,10,1,13,5,1,1,1,3,A50 - Sens Aubagne *vers,0.0,0.0
201300049773,9,2,2013,13,1,13,5,1,1,1,3,A50-Sens Marseille vers,0.0,0.0
201300049774,12,2,2013,8,1,13,210,1,1,1,4,A50-Sens Aubagne vers Ma,0.0,0.0
201300049775,10,2,2013,4,3,13,215,1,1,1,5,A7-Sens Marseille vers L,0.0,0.0
201300049776,12,2,2013,14,1,13,202,1,1,1,6,A55-Sens Marseille vers,0.0,0.0
201300049777,15,2,2013,12,1,13,210,1,1,1,6,S10CM-Sens Marseille ver,0.0,0.0
201300049778,15,2,2013,13,1,13,202,1,1,1,2,Tunnel Joliette vers A.5,0.0,0.0
201300049779,19,2,2013,14,1,13,215,1,1,1,5,A7-Sens Marseille vers L,0.0,0.0
201300049780,19,2,2013,14,1,13,215,1,1,1,2,A7-Sens Marseille*vers L,0.0,0.0
201300049781,20,2,2013,17,1,13,56,1,1,1,2,A55-Sens Marseille vers,0.0,0.0
201300049782,20,2,2013,18,1,13,56,1,1,1,5,A55-Sens Marseille*vers,0.0,0.0
201300049783,22,2,2013,22,3,13,211,1,1,1,7,A50-Sens Marseille*vers,0.0,0.0
201300049784,25,2,2013,7,1,13,5,1,1,1,7,A52-Sens Toulon vers Pon,0.0,0.0
201300049785,26,2,2013,2,3,13,26,1,1,1,6,A55-Sens Marseille vers,0.0,0.0
201300049786,26,2,2013,8,1,13,5,1,1,1,5,A50 - Sens Aubagne vers,0.0,0.0
201300049787,26,2,2013,23,3,13,71,1,1,1,5,A51-Sens*Aix en Provence,0.0,0.0
201300049788,27,2,2013,18,5,13,211,1,1,1,4,A50-Sens Aubagne vers Ma,0.0,0.0
201300049789,28,2,2013,0,3,13,5,1,1,1,2,A50-Sens Marseille*vers,0.0,0.0
201300049790,2,3,2013,3,5,13,207,1,1,1,7,Tunnel Prado Car?nage,0.0,0.0
201300049791,3,3,2013,23,3,13,15,1,1,1,2,A51-Sens Aix en*Provence,0.0,0.0
201300049792,7,3,2013,9,1,13,56,1,1,2,2,A55-Sens Martigues*vers,0.0,0.0
201300049793,7,3,2013,8,1,13,215,1,1,2,7,A55-Sens*Marseille vers,0.0,0.0
201300049794,9,3,2013,5,3,13,22,1,1,2,6,A50-Sens Aubagne*vers To,0.0,0.0
201300049795,10,3,2013,6,2,13,117,1,1,1,2,A7-Sens Lyon vers*Marsei,0.0,0.0
201300049796,13,3,2013,7,1,13,71,1,1,1,4,A7-Sens Marseille vers L,0.0,0.0
201300049797,13,3,2013,7,1,13,202,1,1,1,2,A55-Sens Martigues vers,0.0,0.0
201300049798,14,3,2013,8,1,13,215,1,1,1,6,A7-Sens Lyon versMarsei,0.0,0.0
201300049799,15,3,2013,9,1,13,22,1,1,6,6,A50-Sens Toulon vers Aub,0.0,0.0
201300049800,15,3,2013,9,5,13,207,1,1,1,2,Tunnel Prado Car?nage,0.0,0.0
201300049801,16,3,2013,21,3,13,19,1,1,2,5,A51-SensMarseille vers,0.0,0.0
201300049802,18,3,2013,9,1,13,5,1,1,1,6,A502-Sens Aubagne*vers T,0.0,0.0
201300049803,20,3,2013,17,1,13,56,1,1,1,6,A55-Sens Martigues*vers,0.0,0.0
201300049804,21,3,2013,14,1,13,71,1,1,1,4,A7-Sens Lyon vers*Marsei,0.0,0.0
201300049805,22,3,2013,17,1,13,210,1,1,1,2,Sens Marseille vers Auba,0.0,0.0
201300049806,25,3,2013,2,3,13,215,1,1,2,6,A55-Sens Marseille*vers,0.0,0.0
201300049807,29,3,2013,10,1,13,5,1,1,1,6,A52-Sens Pont de l'Etoil,0.0,0.0
201300049808,2,4,2013,8,1,13,211,1,1,8,4,A50-Sens Aubagne*vers Ma,0.0,0.0
201300049809,1,4,2013,22,3,13,5,1,1,2,2,A50-Sens Aubagne*vers Ma,0.0,0.0
201300049810,2,4,2013,17,1,13,5,1,1,1,2,A50-Sens Marseille*vers,0.0,0.0
201300049811,29,3,2013,10,1,13,215,1,1,2,2,A7-Sens Lyon vers Marsei,0.0,0.0
201300049812,5,4,2013,19,1,13,211,1,1,1,2,A50-Sens Aubagne*vers Ma,0.0,0.0
201300049813,10,4,2013,1,3,13,210,1,1,1,6,A50-Sens Aubagne vers Ma,0.0,0.0
201300049814,11,4,2013,18,1,13,211,1,1,1,4,A50-Sens Aubagne vers Ma,0.0,0.0
201300049815,12,4,2013,18,1,13,70,1,1,1,6,A50-Sens Marseille vers,0.0,0.0
201300049816,14,4,2013,9,1,13,117,1,1,1,6,A7-Sens Marseille vers L,0.0,0.0
201300049817,14,4,2013,18,1,13,85,1,1,1,4,A50-Sens Toulon vers Aub,0.0,0.0
201300049818,15,4,2013,17,1,13,71,1,1,1,4,A7-Sens Marseille vers L,0.0,0.0
201300049819,16,4,2013,20,2,13,202,1,1,1,2,TVPCD-Sens Les Ports ver,0.0,0.0
201300049820,23,4,2013,19,1,13,214,1,1,1,4,A7-Sens Lyon*vers Marsei,0.0,0.0
201300049821,2,5,2013,13,1,13,5,1,1,1,2,A50 - Sens Aubagne*vers,0.0,0.0
201300049822,6,5,2013,21,1,13,106,1,1,1,2,A51-SensAix en*Provence,0.0,0.0
201300049823,7,5,2013,12,1,13,211,1,1,1,2,A50-Sens Aubagne vers*Ma,0.0,0.0
201300049824,6,5,2013,16,1,13,211,1,1,1,4,A50-Sens*Aubagne vers Ma,0.0,0.0
201300049825,8,5,2013,5,3,13,117,1,1,1,7,A7-Sens Marseille*vers L,0.0,0.0
201300049826,7,5,2013,10,1,13,56,1,1,1,2,A55-Sens Martigues*vers,0.0,0.0
201300049827,9,5,2013,19,1,13,88,1,1,1,7,A55-SensMartigues*vers,0.0,0.0
201300049828,12,5,2013,2,3,13,202,1,1,1,6,A55-Sens Marseille*vers,0.0,0.0
201300049829,12,5,2013,5,3,13,117,1,1,1,2,A7-Sens Marseille vers*L,0.0,0.0
201300049830,12,5,2013,17,1,13,19,1,1,1,2,A51-Sens Aix en*Provence,0.0,0.0
201300049831,14,5,2013,8,1,13,15,1,1,1,3,A51-Sens Aix en Provence,0.0,0.0
201300049832,14,5,2013,9,1,13,214,1,1,1,7,A7-Sens Lyon vers Marsei,0.0,0.0
201300049833,15,5,2013,3,3,13,15,1,1,2,3,A51-Sens Marseille vers,0.0,0.0
201300049834,15,5,2013,13,1,13,33,1,1,1,2,A55-SENS MARTIGUES/MARSE,0.0,0.0
201300049835,15,5,2013,20,2,13,216,1,1,2,6,A55-Sens Marseille vers,0.0,0.0