Num_Acc,jour,mois,an,hr,condition_eclairage,departement,commune,condition_agglomeration,intersection,condition_atmosphere,type_collision,adresse,lattitude,longitude
201300049836,16,5,2013,7,1,13,215,1,1,2,2,A7-Sens Marseille vers L,0.0,0.0
201300049837,16,5,2013,17,1,13,5,1,1,2,7,A52-Sens Toulon vers*Pon,0.0,0.0
201300049838,17,5,2013,16,1,13,117,1,1,1,2,A7-Sens Marseille*vers L,0.0,0.0
201300049839,17,5,2013,19,1,13,71,1,1,1,2,A7-Sens Marseille vers L,0.0,0.0
201300049840,22,5,2013,16,1,13,202,1,1,1,6,TVPCD-Sens Les Ports ver,0.0,0.0
201300049841,23,5,2013,8,1,13,117,1,1,1,5,A7-Sens Lyon vers Marsei,0.0,0.0
201300049842,24,5,2013,18,1,13,214,1,1,1,2,A7-Sens Lyon vers Marsei,0.0,0.0
201300049843,5,3,2013,0,3,13,216,1,1,1,4,A55-Sens*Martigues vers,0.0,0.0
201300049844,28,5,2013,16,1,13,56,1,1,1,6,A55-Sens Martigues vers,0.0,0.0
201300049845,29,5,2013,13,1,13,214,1,1,1,3,A7-Sens Lyon vers Marsei,0.0,0.0
201300049846,29,5,2013,15,1,13,43,1,1,1,7,A55-SensMarseille vers,0.0,0.0
201300049847,29,5,2013,17,1,13,71,1,1,1,2,A7-Sens Lyon vers Marsei,0.0,0.0
201300049848,29,5,2013,4,2,13,215,1,1,1,3,A7-Sens Marseille vers L,0.0,0.0
201300049849,31,5,2013,7,2,13,71,1,1,1,6,A7-Sens Lyon versMarsei,0.0,0.0
201300049850,2,6,2013,19,1,13,5,1,1,1,3,A50-Sens Aubagne vers*Ma,0.0,0.0
201300049851,3,6,2013,8,1,13,202,1,1,1,2,TVPCM-Sens Saint Victor,0.0,0.0
201300049852,4,6,2013,12,1,13,211,1,1,1,6,A50-Sens Marseille*vers,0.0,0.0
201300049853,5,6,2013,17,1,13,211,1,1,1,2,A50-Sens Aubagne vers*Ma,0.0,0.0
201300049854,7,6,2013,9,1,13,210,1,1,1,2,A50-Sens Aubagne vers*Ma,0.0,0.0
201300049855,9,6,2013,0,3,13,15,1,1,1,2,A51-Sens Marseille*vers,0.0,0.0
201300049856,10,6,2013,14,1,13,215,1,1,1,4,A7-Sens Lyon vers*Marsei,0.0,0.0
201300049857,12,6,2013,13,1,13,19,1,1,1,5,A51-Sens Aix en$Provence,0.0,0.0
201300049858,12,6,2013,19,1,13,71,1,1,1,4,A7-Sens Lyon vers*Marsei,0.0,0.0
201300049859,14,6,2013,15,1,13,85,1,1,1,7,A50-Sens Toulon vers*Aub,0.0,0.0
201300049860,15,6,2013,1,3,13,5,1,1,1,6,A502-Sens Aubagne*vers T,0.0,0.0
201300049861,27,5,2013,8,1,13,1,1,1,1,2,A51-Sens Aix en Provence,0.0,0.0
201300049862,15,6,2013,18,1,13,71,1,1,1,5,A7-Sens Lyon vers*Marsei,0.0,0.0
201300049863,11,6,2013,18,1,13,211,1,1,1,2,A50-Sens Marseille*vers,0.0,0.0
201300049864,15,6,2013,21,3,13,71,1,1,1,2,A7-Sens Lyon vers*Marsei,0.0,0.0
201300049865,15,6,2013,23,3,13,5,1,1,1,3,A50 - Sens Aubagne*vers,0.0,0.0
201300049866,17,6,2013,8,1,13,203,1,1,1,4,A7-Sens Lyon vers*Marsei,0.0,0.0
201300049867,17,6,2013,19,1,13,71,1,1,1,6,A55-Sens*Martigues vers,0.0,0.0
201300049868,18,6,2013,8,1,13,71,1,1,1,4,A7-Sens Marseille vers*L,0.0,0.0
201300049869,18,6,2013,9,1,13,214,1,1,1,1,A7-Sens Marseille*vers L,0.0,0.0
201300049870,20,6,2013,12,1,13,71,1,1,1,6,A7-Sens Lyon vers*Marsei,0.0,0.0
201300049871,21,6,2013,8,1,13,15,1,1,1,7,A51-Sens Aix en*Provence,0.0,0.0
201300049872,22,6,2013,1,3,13,5,1,1,1,2,A50-Sens Marseille*vers,0.0,0.0
201300049873,22,6,2013,19,1,13,207,1,1,1,2,Tunnel Prado Car?nage,0.0,0.0
201300049874,18,6,2013,13,1,13,202,1,1,1,3,Tunnel Joliette vers A.5,0.0,0.0
201300049875,24,6,2013,19,1,13,85,1,1,1,3,A50-Sens Aubagne vers*To,0.0,0.0
201300049876,25,6,2013,8,1,13,215,1,1,1,2,A7-Sens Marseille vers*L,0.0,0.0
201300049877,25,6,2013,7,1,13,210,1,1,1,4,S10CD-Sens Aubagne vers,0.0,0.0
201300049878,26,6,2013,15,1,13,211,1,1,1,2,A50-Sens Aubagne vers Ma,0.0,0.0
201300049879,27,6,2013,16,1,13,71,1,1,1,2,A7-Sens Marseille vers*L,0.0,0.0
201300049880,28,6,2013,16,1,13,5,1,1,1,2,A50-Sens*Marseille vers,0.0,0.0
201300049881,29,6,2013,3,3,13,215,1,1,1,4,A7-Sens*Marseille vers L,0.0,0.0
201300049882,30,6,2013,1,3,13,216,1,1,1,6,A55-Sens*Marseille vers,0.0,0.0
201300049883,1,7,2013,9,1,13,71,1,1,1,2,A7-Sens Lyon*vers Marsei,0.0,0.0
201300049884,1,7,2013,17,1,13,211,1,1,1,7,A50- Sens Marseille vers,0.0,0.0
201300049885,2,7,2013,4,3,13,71,1,1,1,3,A7-Sens Lyon vers*Marsei,0.0,0.0
201300049886,2,7,2013,8,1,13,71,1,1,1,4,A7-Sens Lyon vers*Marsei,0.0,0.0
201300049887,3,7,2013,15,1,13,19,1,1,1,4,A51-Sens Aix en*Provence,0.0,0.0
201300049888,4,7,2013,16,1,13,22,1,1,1,3,A50-Sens Aubagne vers*To,0.0,0.0
201300049889,4,7,2013,17,1,13,215,1,1,1,4,A55- Sens Martigues vers,0.0,0.0
201300049890,6,7,2013,9,1,13,26,1,1,1,7,A55- Sens Martigues vers,0.0,0.0
201300049891,6,7,2013,11,1,13,215,1,1,1,2,A7-Sens Marseille vers L,0.0,0.0
201300049892,4,7,2013,19,1,13,214,1,1,1,4,A7-Sens Lyon vers*Marsei,0.0,0.0
201300049893,7,7,2013,11,1,13,56,1,1,1,7,A55-Sens Martigues vers,0.0,0.0
201300049894,8,7,2013,8,1,13,214,1,1,1,4,A7-Sens Lyon vers Marsei,0.0,0.0
201300049895,12,7,2013,6,2,13,1,1,1,1,7,A51-Sens*Marseille vers,0.0,0.0
201300049896,12,7,2013,17,1,13,71,1,1,1,6,A7-Sens Lyon vers*Marsei,0.0,0.0
201300049897,13,7,2013,13,1,13,5,1,1,1,4,A50-Sens*Aubagne vers Ma,0.0,0.0
201300049898,13,7,2013,22,5,13,211,1,1,1,2,A50-Sens Marseille vers,0.0,0.0
201300049899,15,7,2013,14,1,13,71,1,1,1,2,A55 - Sens Marseille*ver,0.0,0.0
201300049900,16,7,2013,23,3,13,117,1,1,1,7,A7-Sens Lyon vers*Marsei,0.0,0.0
201300049901,16,7,2013,20,1,13,71,1,1,1,7,A55-Sens Martigues*vers,0.0,0.0
201300049902,19,7,2013,15,1,13,1,1,1,1,7,A51-Sens Aix en*Provence,0.0,0.0
201300049903,19,7,2013,17,1,13,106,1,1,1,7,A7-Sens Marseille ver* L,0.0,0.0
201300049904,19,7,2013,17,1,13,214,1,1,1,5,A7-Sens Lyon vers$Marsei,0.0,0.0
201300049905,22,7,2013,5,3,13,81,1,1,1,7,A7-Sens Marseillevers L,0.0,0.0
201300049906,22,7,2013,9,1,13,106,1,1,1,6,A7-Sens Lyon versMarsei,0.0,0.0
201300049907,22,7,2013,18,1,13,106,1,1,1,2,A7-Sens Marseillevers L,0.0,0.0
201300049908,23,7,2013,9,1,13,1,1,1,1,2,A51- Sens Marseille vers,0.0,0.0
201300049909,25,7,2013,15,1,13,5,1,1,1,5,A50-Sens Marseille*vers,0.0,0.0
201300049910,24,7,2013,18,1,13,214,1,1,1,4,A7-Sens Lyon vers*Marsei,0.0,0.0
201300049911,29,7,2013,5,3,13,117,1,1,3,6,A7-Sens Lyon versMarsei,0.0,0.0
201300049912,28,7,2013,1,3,13,211,1,1,1,7,A50-Sens Aubagne vers Ma,0.0,0.0
201300049913,29,7,2013,19,1,13,211,1,1,1,2,A50-Sens Aubagne vers*Ma,0.0,0.0
201300049914,31,7,2013,4,5,13,215,1,1,1,2,A7-Sens Marseillevers L,0.0,0.0
201300049915,1,8,2013,15,1,13,210,1,1,1,2,A50-Sens Marseille*vers,0.0,0.0
201300049916,2,8,2013,21,3,13,216,1,1,1,7,A55-Sens Martigues*vers,0.0,0.0
201300049917,3,8,2013,5,3,13,71,1,1,1,7,A7-Sens Lyon vers*Marsei,0.0,0.0
201300049918,5,8,2013,10,1,13,106,1,1,1,7,A51-Sens Aix en*Provence,0.0,0.0
201300049919,5,8,2013,18,1,13,71,1,1,1,4,A7-Sens Lyon vers*Marsei,0.0,0.0
201300049920,6,8,2013,18,1,13,85,1,1,1,3,A50-Sens Toulon vers*Aub,0.0,0.0
201300049921,7,8,2013,0,3,13,214,1,1,1,2,A7-Sens Marseille vers*L,0.0,0.0
201300049922,31,7,2013,18,1,13,71,1,1,1,2,A7-Sens Lyon vers*Marsei,0.0,0.0
201300049923,8,8,2013,15,1,13,202,1,1,1,3,TVPCM-Sens Saint Victor,0.0,0.0
201300049924,8,8,2013,15,1,13,71,1,1,1,4,A7-Sens Marseille vers*L,0.0,0.0
201300049925,8,8,2013,17,1,13,71,1,1,1,2,A55-Sens Martigues*vers,0.0,0.0
201300049926,10,8,2013,7,1,13,211,1,1,1,7,A50-Sens Aubagne vers*Ma,0.0,0.0
201300049927,10,8,2013,17,1,13,70,1,1,1,7,A50-Sens Aubagne vers*Ma,0.0,0.0
201300049928,11,8,2013,19,1,13,215,1,1,1,6,A7-Sens Lyon vers*Marsei,0.0,0.0
201300049929,14,8,2013,7,1,13,210,1,1,1,2,A50-Sens Aubagne vers*Ma,0.0,0.0
201300049930,14,8,2013,12,1,13,71,1,1,1,5,A7-Sens Marseille vers*L,0.0,0.0
201300049931,15,8,2013,1,3,13,33,1,1,1,5,A55-Sens Martigues*vers,0.0,0.0
201300049932,16,8,2013,12,1,13,106,1,1,1,2,A7-Sens Marseille vers*L,0.0,0.0
201300049933,18,8,2013,12,1,13,33,1,1,1,7,A55-Sens Martigues*vers,0.0,0.0
201300049934,19,8,2013,13,1,13,207,1,1,1,7,Tunnel Prado Carnage,0.0,0.0
201300049935,20,8,2013,10,1,13,202,1,1,1,2,A55-Sens Martigues*vers,0.0,0.0
201300049936,21,8,2013,19,1,13,56,1,1,1,2,A55-Sens*Marseille vers,0.0,0.0
201300049937,23,8,2013,21,3,13,70,1,1,1,7,A50-Sens Marseille*vers,0.0,0.0
201300049938,26,8,2013,7,1,13,22,1,1,1,2,A50-Sens Toulon vers*Aub,0.0,0.0
201300049939,7,7,2013,14,1,13,33,1,1,1,2,A55-Sens Marseille vers,0.0,0.0
201300049940,23,8,2013,17,3,13,202,1,1,1,3,TVPCD-Sens Les Ports ver,0.0,0.0
201300049941,27,8,2013,19,1,13,203,1,1,1,6,A557-Liaison A7*Marseill,0.0,0.0
201300049942,28,8,2013,19,1,13,5,1,1,1,2,A50-Sens Aubagnevers Ma,0.0,0.0
201300049943,28,8,2013,16,1,13,211,1,1,1,4,A50-Sens Marseille*vers,0.0,0.0
201300049944,29,8,2013,22,3,13,206,1,1,1,7,Tunnel Prado Carnage,0.0,0.0
201300049945,30,8,2013,11,1,13,5,1,1,1,5,A50 - Sens Aubagne*vers,0.0,0.0
201300049946,3,9,2013,21,5,13,211,1,1,1,7,A50-Sens Aubagne vers Ma,0.0,0.0
201300049947,4,9,2013,11,1,13,22,1,1,1,6,A50-Sens Toulon vers Aub,0.0,0.0
201300049948,5,9,2013,7,1,13,214,1,1,1,4,A7-Sens Lyon vers Marsei,0.0,0.0
201300049949,8,9,2013,7,1,13,19,1,1,1,6,A51-Sens Aix en Provence,0.0,0.0
201300049950,10,9,2013,8,1,13,203,1,1,1,6,A7-Sens Lyon vers Marsei,0.0,0.0
201300049951,10,9,2013,17,1,13,211,1,1,1,4,A50-Sens Marseille vers,0.0,0.0
201300049952,12,9,2013,13,1,13,215,1,1,1,2,A7-Sens Marseille vers L,0.0,0.0
201300049953,12,9,2013,18,1,13,215,1,1,1,2,A7-Sens Lyon vers Marsei,0.0,0.0
201300049954,13,9,2013,6,5,13,211,1,1,1,7,A50-Sens Aubagne vers Ma,0.0,0.0
201300049955,13,9,2013,6,2,13,71,1,1,1,6,F4-Sens Vieux Port vers,0.0,0.0
201300049956,15,9,2013,15,1,13,19,1,1,1,2,A51-Sens Aix en Provence,0.0,0.0
201300049957,15,9,2013,20,3,13,26,1,1,1,7,A55-Sens Marseille vers,0.0,0.0
201300049958,16,9,2013,7,1,13,71,1,1,1,3,A55 - Sens Marseille ver,0.0,0.0
201300049959,16,9,2013,7,1,13,117,1,1,1,5,A7-Sens Lyon vers Marsei,0.0,0.0
201300049960,16,9,2013,23,3,13,85,1,1,1,7,A50-Sens Aubagne vers To,0.0,0.0
201300049961,17,9,2013,12,1,13,210,1,1,1,2,A50-Sens Marseille vers,0.0,0.0
201300049962,17,9,2013,19,2,13,5,1,1,1,6,A52-Sens Toulon vers Pon,0.0,0.0
201300049963,18,9,2013,11,1,13,1,1,1,1,5,A51-Sens Marseille vers,0.0,0.0
201300049964,19,9,2013,7,1,13,211,1,1,1,5,A50-Sens Aubagne vers Ma,0.0,0.0
201300049965,20,9,2013,11,1,13,211,1,1,1,6,A50-Sens Aubagne vers Ma,0.0,0.0
201300049966,20,9,2013,16,1,13,5,1,1,1,6,A50-Sens Aubagne vers Ma,0.0,0.0
201300049967,21,9,2013,6,3,13,33,1,1,1,5,A55-SENS MARTIGUES/MARSE,0.0,0.0
201300049968,16,9,2013,14,1,13,211,1,1,1,2,A50-Sens Aubagne vers Ma,0.0,0.0
201300049969,21,9,2013,2,3,13,5,1,1,1,2,A52-Sens Toulon vers Pon,0.0,0.0
201300049970,22,9,2013,19,1,13,28,1,1,1,2,A50-Sens Toulon vers Aub,0.0,0.0
201300049971,23,9,2013,23,3,13,117,1,1,1,7,A7-Sens Lyon vers Marsei,0.0,0.0
201300049972,24,9,2013,19,1,13,71,1,1,1,2,A51-Sens Aix en Provence,0.0,0.0
201300049973,26,9,2013,12,1,13,202,1,1,1,2,TVPCD-Sens Les Ports ver,0.0,0.0
201300049974,26,9,2013,21,2,13,71,1,1,1,6,A51-Sens Marseille vers,0.0,0.0
201300049975,27,9,2013,23,3,13,56,1,1,1,7,A55-Sens Marseille vers,0.0,0.0
201300049976,27,9,2013,8,1,13,117,1,1,8,4,A7-Sens Lyon vers Marsei,0.0,0.0
201300049977,29,9,2013,11,1,13,5,1,1,3,7,A50 - Sens Aubagne vers,0.0,0.0
201300049978,30,9,2013,19,1,13,211,1,1,1,4,A50-Sens Marseille vers,0.0,0.0
201300049979,26,9,2013,8,1,13,15,1,1,1,4,A51-Sens Marseille vers,0.0,0.0
201300049980,1,10,2013,16,1,13,214,1,1,1,4,A7-Sens Lyon vers Marsei,0.0,0.0
201300049981,19,9,2013,11,1,13,5,1,1,1,6,A52-Sens Pont de l'Etoil,0.0,0.0
201300049982,4,10,2013,20,3,13,81,1,1,1,7,A7-Sens Marseille vers L,0.0,0.0
201300049983,4,10,2013,23,3,13,28,1,1,2,7,A50-Sens Toulon vers Aub,0.0,0.0
201300049984,5,10,2013,15,1,13,19,1,1,1,2,A51-Sens Aix en Provence,0.0,0.0
201300049985,5,10,2013,9,1,13,202,1,1,8,6,Axe Littoral Sens Nord -,0.0,0.0
201300049986,6,10,2013,16,1,13,203,1,1,1,2,A7-Sens Lyon vers Marsei,0.0,0.0
201300049987,6,10,2013,18,1,13,33,1,1,1,7,A55-Sens Martigues vers,0.0,0.0
201300049988,4,10,2013,16,1,13,71,1,1,1,2,A7-Sens Marseille vers L,0.0,0.0
201300049989,8,10,2013,10,1,13,215,1,1,1,6,A7-Sens Lyon vers Marsei,0.0,0.0
201300049990,10,10,2013,7,2,13,22,1,1,1,2,A50-Sens Aubagne vers To,0.0,0.0
201300049991,10,10,2013,18,1,13,71,1,1,1,2,A7-Sens Marseille vers L,0.0,0.0
201300049992,11,10,2013,21,3,13,106,1,1,1,2,A7-Sens Lyon vers Marsei,0.0,0.0
201300049993,12,10,2013,16,1,13,71,1,1,1,2,A7-Sens Marseille vers L,0.0,0.0
201300049994,13,10,2013,6,3,13,117,1,1,1,6,A7-Sens Lyon vers Marsei,0.0,0.0
201300049995,16,10,2013,11,1,13,215,1,1,1,2,A7-Sens Marseille vers L,0.0,0.0
201300049996,18,10,2013,8,1,13,211,1,1,1,3,A50-Sens Marseille vers,0.0,0.0
201300049997,18,10,2013,10,1,13,1,1,1,1,5,A51-Sens Marseille vers,0.0,0.0
201300049998,18,10,2013,15,1,13,5,1,1,1,3,A501-Sens Aubagne vers P,0.0,0.0
201300049999,19,10,2013,18,4,13,211,1,1,1,4,A50-Sens Aubagne vers Ma,0.0,0.0
201300050000,20,10,2013,17,1,13,15,1,1,1,7,A51-Sens Marseille vers,0.0,0.0
201300050001,21,10,2013,9,1,13,215,1,1,1,2,A7-Sens Lyon vers Marsei,0.0,0.0
201300050002,22,10,2013,12,1,13,202,1,1,1,2,Tunnel Joliette vers A.5,0.0,0.0
201300050003,22,10,2013,12,1,13,1,1,1,1,4,A51-Sens Aix en Provence,0.0,0.0
201300050004,23,10,2013,19,3,13,85,1,1,8,7,A50-Sens Toulon vers Aub,0.0,0.0
201300050005,24,10,2013,21,3,13,211,1,1,1,2,A50-Sens Aubagne vers Ma,0.0,0.0
201300050006,26,10,2013,6,4,13,211,1,1,1,5,A50-Sens Aubagne vers Ma,0.0,0.0
201300050007,28,10,2013,10,1,13,15,1,1,1,7,A515CD-Gardanne vers A51,0.0,0.0
201300050008,29,10,2013,12,1,13,85,1,1,2,6,A50-Sens Aubagne vers To,0.0,0.0
201300050009,29,10,2013,18,3,13,117,1,1,1,7,A7-Sens Marseille vers L,0.0,0.0
201300050010,31,10,2013,11,1,13,56,1,1,1,6,A55-Sens Martigues vers,0.0,0.0
201300050011,3,11,2013,22,5,13,214,1,1,1,7,A7-Sens Lyon vers*Marsei,0.0,0.0
201300050012,4,11,2013,9,1,13,215,1,1,2,6,A55-Sens Marseille*vers,0.0,0.0
201300050013,4,11,2013,9,1,13,206,1,1,2,7,Tunnel Prado Carenage,0.0,0.0
201300050014,5,11,2013,5,3,13,85,1,1,1,6,A50-Sens Toulon vers*Aub,0.0,0.0
201300050015,8,11,2013,15,1,13,214,1,1,1,3,A7-Sens Marseille vers*L,0.0,0.0
201300050016,9,11,2013,20,3,13,214,1,1,1,2,A7-Sens Lyon vers*Marsei,0.0,0.0
201300050017,10,11,2013,12,1,13,33,1,1,2,1,A55-Sens Marseille*vers,0.0,0.0
201300050018,10,11,2013,4,3,13,43,1,1,1,2,A55-Sens Marseille*vers,0.0,0.0
201300050019,12,11,2013,11,1,13,56,1,1,1,4,A55-Sens Martigues*vers,0.0,0.0
201300050020,13,11,2013,10,1,13,5,1,1,1,2,A50-Sens Aubagne vers Ma,0.0,0.0
201300050021,13,11,2013,11,1,13,5,1,1,1,2,A502-Sens Aubagne vers T,0.0,0.0
201300050022,15,11,2013,10,1,13,85,1,1,1,6,A50-Sens Toulon vers Aub,0.0,0.0
201300050023,16,11,2013,22,3,13,117,1,1,1,2,A7-Sens Lyon vers Marsei,0.0,0.0
201300050024,17,11,2013,6,3,13,5,1,1,2,2,A50-Sens Marseille vers,0.0,0.0
201300050025,17,11,2013,14,1,13,71,1,1,1,2,A55 - Sens Marseille ver,0.0,0.0
201300050026,18,11,2013,5,3,13,211,1,1,1,6,A50-Sens Aubagne vers Ma,0.0,0.0
201300050027,18,11,2013,18,3,13,215,1,1,8,6,A7-Sens Lyon vers Marsei,0.0,0.0
201300050028,18,11,2013,19,3,13,1,1,1,8,4,A51-Sens Aix en Provence,0.0,0.0
201300050029,19,11,2013,7,1,13,216,1,1,8,5,A55-Sens Marseille vers,0.0,0.0
201300050030,20,11,2013,23,5,13,71,1,1,1,2,A55-Sens Martigues vers,0.0,0.0
201300050031,24,11,2013,7,3,13,211,1,1,1,3,A50-Sens Marseille vers,0.0,0.0
201300050032,18,11,2013,13,1,13,56,1,1,2,6,A55-Sens Martigues vers,0.0,0.0
201300050033,25,11,2013,8,1,13,215,1,1,1,2,A7-Sens Lyon vers Marsei,0.0,0.0
201300050034,21,11,2013,16,1,13,81,1,1,1,2,A7-Sens Marseille vers L,0.0,0.0
201300050035,28,11,2013,9,1,13,70,1,1,1,4,A50-Sens Aubagne vers Ma,0.0,0.0
201300050036,1,12,2013,15,1,13,106,1,1,1,3,A7-Sens Marseille vers L,0.0,0.0
201300050037,4,12,2013,11,1,13,211,1,1,1,4,A50-Sens Aubagne vers Ma,0.0,0.0
201300050038,5,12,2013,6,3,13,26,1,1,1,2,A55-Sens Marseille vers,0.0,0.0
201300050039,5,12,2013,6,3,13,26,1,1,1,5,A55-Sens Marseille vers,0.0,0.0
201300050040,5,12,2013,11,1,13,5,1,1,1,2,A50-Sens Aubagne vers Ma,0.0,0.0
201300050041,6,12,2013,10,1,13,85,1,1,1,2,A50-Sens Toulon vers Aub,0.0,0.0
201300050042,7,12,2013,7,2,13,5,1,1,1,6,A50 - Sens Aubagne vers,0.0,0.0
201300050043,8,12,2013,13,1,13,15,1,1,1,2,A51-Sens Marseille vers,0.0,0.0
201300050044,6,12,2013,13,1,13,211,1,1,1,3,A50-Sens Marseille vers,0.0,0.0
201300050045,9,12,2013,12,1,13,202,1,1,1,4,TVPCD-Sens Les Ports ver,0.0,0.0
201300050046,8,12,2013,23,3,13,117,1,1,1,2,A7-Sens Marseille vers L,0.0,0.0
201300050047,11,12,2013,8,1,13,56,1,1,1,2,A55-Sens Martigues vers,0.0,0.0
201300050048,11,12,2013,19,3,13,5,1,1,1,4,A501-Sens Pont de l'Etoi,0.0,0.0
201300050049,13,12,2013,7,1,13,106,1,1,1,3,A51-Sens Aix en Provence,0.0,0.0
201300050050,13,12,2013,8,1,13,210,1,1,8,2,A50-Sens Marseille vers,0.0,0.0
201300050051,14,12,2013,10,1,13,71,1,1,1,6,A7-Sens Lyon vers Marsei,0.0,0.0
201300050052,14,12,2013,17,2,13,202,1,1,1,6,TVPCD-Sens Les Ports ver,0.0,0.0
201300050053,16,12,2013,12,1,13,70,1,1,1,4,A50-Sens Aubagne vers Ma,0.0,0.0
201300050054,16,12,2013,6,3,13,71,1,1,1,3,A7-Sens Lyon vers Marsei,0.0,0.0
201300050055,17,12,2013,11,1,13,211,1,1,1,2,A50-Sens Aubagne vers Ma,0.0,0.0
201300050056,18,12,2013,8,1,13,215,1,1,1,2,A7-Sens Lyon vers Marsei,0.0,0.0
201300050057,18,12,2013,9,1,13,71,1,1,1,4,A7-Sens Marseille vers L,0.0,0.0
201300050058,18,12,2013,18,3,13,215,1,1,1,2,A7-Sens Marseille vers L,0.0,0.0
201300050059,19,12,2013,8,1,13,56,1,1,1,6,A55-Sens Marseille vers,0.0,0.0
201300050060,19,12,2013,13,1,13,81,1,1,2,2,A7-Sens Lyon vers Marsei,0.0,0.0
201300050061,18,12,2013,20,3,13,5,1,1,1,5,A502-Sens Aubagne vers T,0.0,0.0
201300050062,20,12,2013,8,1,13,216,1,1,2,7,A55-Sens Marseille vers,0.0,0.0
201300050063,20,12,2013,13,1,13,71,1,1,2,4,A7-Sens Marseille vers L,0.0,0.0
201300050064,21,12,2013,5,3,13,216,1,1,8,7,A55-Sens Martigues vers,0.0,0.0
201300050065,21,12,2013,10,1,13,19,1,1,1,2,A51-Sens Marseille vers,0.0,0.0
201300050066,18,12,2013,20,3,13,5,1,1,1,7,A52-Sens Pont de l'Etoil,0.0,0.0
201300050067,21,12,2013,16,1,13,211,1,1,1,7,A50-Sens Aubagne vers Ma,0.0,0.0
201300050068,21,12,2013,1,3,13,85,1,1,1,7,A50-Sens Toulon vers Aub,0.0,0.0
201300050069,22,12,2013,6,4,13,33,1,1,8,6,A55-Sens Marseille vers,0.0,0.0
201300050070,23,12,2013,14,1,13,71,1,1,1,4,A7-Sens Lyon vers Marsei,0.0,0.0
201300050071,23,12,2013,13,1,13,117,1,1,1,7,A7-Sens Marseille vers L,0.0,0.0
201300050072,25,12,2013,9,1,13,15,1,1,1,6,A515CD-Gardanne vers A51,0.0,0.0
201300050073,25,12,2013,13,1,13,71,1,1,1,6,A55 - Sens Marseille ver,0.0,0.0
201300050074,28,12,2013,11,1,13,43,1,1,1,7,A55-Sens Martigues vers,0.0,0.0
201300050075,28,12,2013,21,3,13,203,1,1,2,7,A557-Liaison A7 Marseill,0.0,0.0
201300050076,3,1,2013,22,5,13,207,1,1,1,2,Tunnel Prado Car?nage,0.0,0.0
201300050077,4,1,2013,15,1,13,71,1,1,1,2,A7-Sens Marseille vers L,0.0,0.0
201300050078,6,1,2013,10,1,13,106,1,1,1,6,A7-Sens Marseille vers L,0.0,0.0
201300050079,26,1,2013,21,3,13,81,1,1,1,6,A7-Sens Marseille vers L,0.0,0.0
201300050080,20,8,2013,10,1,13,202,1,1,1,3,A55-Sens Marseille*vers,0.0,0.0
201300050081,11,2,2013,9,1,13,71,1,1,8,6,A55-Sens Martigues vers,0.0,0.0
201300050082,13,2,2013,23,3,13,5,1,1,1,6,A50 - Sens Aubagne vers,0.0,0.0
201300050083,27,2,2013,16,1,13,207,1,1,1,2,Tunnel Prado Car?nage,0.0,0.0
201300050084,26,8,2013,7,1,13,1,1,1,1,5,A51-Sens Aix en*Provence,0.0,0.0
201300050085,4,3,2013,19,3,13,214,1,1,1,4,A7-Sens*Lyon vers Marsei,0.0,0.0
201300050086,23,3,2013,15,1,13,71,1,1,1,4,A51-Sens Aix en*Provence,0.0,0.0
201300050087,2,4,2013,20,5,13,211,1,1,1,6,A50-Sens Marseille*vers,0.0,0.0
201300050088,13,4,2013,1,3,13,215,1,1,1,2,A7-Sens Marseille vers L,0.0,0.0
201300050089,17,4,2013,14,1,13,56,1,1,1,6,A55-Sens Martigues vers,0.0,0.0
201300050090,17,4,2013,16,1,13,202,1,1,1,6,TVPCD-Sens Les Ports ver,0.0,0.0
201300050091,18,4,2013,18,1,13,5,1,1,1,2,A50-Sens AubagneversMars,0.0,0.0
201300050092,18,4,2013,18,1,13,210,1,1,1,4,S10CD-Sens Aubagne vers,0.0,0.0
201300050093,22,4,2013,16,1,13,71,1,1,1,6,F5-Sens Aix en Pce*vers,0.0,0.0
201300050094,19,4,2013,17,1,13,5,1,1,1,6,A50-Sens Marseille vers,0.0,0.0
201300050095,24,4,2013,17,1,13,211,1,1,1,4,A50-Sens Aubagne*vers Ma,0.0,0.0
201300050096,27,4,2013,16,1,13,56,1,1,1,2,A55-Sens Marseille ver*,0.0,0.0
201300050097,27,4,2013,19,1,13,215,1,1,1,6,A7-Sens Marseille*vers L,0.0,0.0
201300050098,29,4,2013,9,1,13,56,1,1,2,7,A55-Sens*Marseille vers,0.0,0.0
201300050099,30,4,2013,4,3,13,19,1,1,2,2,A51-Sens Aix en*Provence,0.0,0.0
201300050100,1,5,2013,7,1,13,203,1,1,8,7,A557-Liaison A7*Marseill,0.0,0.0
201300050101,30,4,2013,17,1,13,56,1,1,1,2,A55-Sens*Marseille vers,0.0,0.0