Num_Acc,jour,mois,an,hr,condition_eclairage,departement,commune,condition_agglomeration,intersection,condition_atmosphere,type_collision,adresse,lattitude,longitude
201300050102,30,4,2013,18,1,13,215,1,1,1,6,A55-Sens*Martigues vers,0.0,0.0
201300050103,2,5,2013,13,1,13,202,1,1,1,4,TVPCD-Sens Les Ports ver,0.0,0.0
201300050104,2,5,2013,18,1,13,1,1,1,1,4,A51-Sens Marseille*vers,0.0,0.0
201300050105,29,4,2013,11,1,13,202,1,1,3,6,Axe Littoral*Sens Nord -,0.0,0.0
201300050106,27,4,2013,11,1,13,202,1,1,2,6,A55-Sens Martigues ver*,0.0,0.0
201300050107,2,5,2013,20,1,13,71,1,1,1,6,A55-Sens Martigues*vers,0.0,0.0
201300050108,18,5,2013,5,3,13,19,1,1,3,2,A51-Sens Aix en*Provence,0.0,0.0
201300050109,22,5,2013,17,1,13,56,1,1,1,2,A55-Sens Marseille vers,0.0,0.0
201300050110,25,5,2013,19,1,13,216,1,1,1,6,A55-Sens Martigues vers,0.0,0.0
201300050111,2,6,2013,18,1,13,81,1,1,1,2,A7-Sens Marseille vers*L,0.0,0.0
201300050112,9,6,2013,17,1,13,1,1,1,1,6,A51-Sens Aix en*Provence,0.0,0.0
201300050113,11,6,2013,11,1,13,202,1,1,1,4,TVPCD-Sens Les Ports ver,0.0,0.0
201300050114,11,6,2013,12,1,13,215,1,1,1,7,A7-Sens Lyon vers*Marsei,0.0,0.0
201300050115,17,6,2013,8,1,13,117,1,1,1,2,A7-Sens Lyon vers*Marsei,0.0,0.0
201300050116,17,6,2013,10,1,13,88,1,1,1,2,A55-Sens Marseille*vers,0.0,0.0
201300050117,21,6,2013,4,3,13,71,1,1,1,1,A7-Sens Marseille*vers L,0.0,0.0
201300050118,21,6,2013,7,1,13,215,1,1,1,2,A7-Sens Marseille*vers L,0.0,0.0
201300050119,23,6,2013,6,1,13,88,1,1,1,6,A55-Sens Martigues*vers,0.0,0.0
201300050120,26,6,2013,23,3,13,81,1,1,1,6,A7-Sens Lyon vers*Marsei,0.0,0.0
201300050121,29,6,2013,10,1,13,71,1,1,1,2,A55-Sens*Martigues vers,0.0,0.0
201300050122,7,7,2013,5,2,13,81,1,1,1,6,A7-Sens Lyon vers Marsei,0.0,0.0
201300050123,8,7,2013,16,1,13,28,1,1,1,2,A50-Sens Toulon vers Aub,0.0,0.0
201300050124,10,7,2013,14,1,13,33,1,1,1,6,A55-Sens Martigues vers,0.0,0.0
201300050125,12,7,2013,8,1,13,71,1,1,1,2,A7-Sens Marseille versL,0.0,0.0
201300050126,14,7,2013,1,3,13,215,1,1,1,6,A7-Sens Marseille vers*L,0.0,0.0
201300050127,20,7,2013,23,3,13,117,1,1,1,2,A7-Sens Marseille ver* L,0.0,0.0
201300050128,28,7,2013,11,1,13,56,1,1,1,6,A55- Sens Marseille vers,0.0,0.0
201300050129,6,9,2013,9,1,13,211,1,1,1,4,A50-Sens Aubagne vers Ma,0.0,0.0
201300050130,8,9,2013,18,1,13,214,1,1,1,4,A7-Sens Lyon vers Marsei,0.0,0.0
201300050131,10,9,2013,17,1,13,202,1,1,1,4,Axe Littoral Sens Nord -,0.0,0.0
201300050132,14,9,2013,15,1,13,206,1,1,1,2,Tunnel Prado Carnage,0.0,0.0
201300050133,15,9,2013,4,3,13,19,1,1,2,5,A51-Sens Aix en Provence,0.0,0.0
201300050134,24,9,2013,9,1,13,215,1,1,1,2,A7-Sens Lyon vers Marsei,0.0,0.0
201300050135,24,9,2013,19,1,13,5,1,1,1,2,A502-Sens Toulon par R.N,0.0,0.0
201300050136,12,11,2013,8,1,13,19,1,1,1,2,A51-Sens Aix en*Provence,0.0,0.0
201300050137,3,10,2013,18,2,13,215,1,1,1,6,A55-Sens Martigues vers,0.0,0.0
201300050138,6,10,2013,21,3,13,5,1,1,8,3,A50-Sens Marseille vers,0.0,0.0
201300050139,13,10,2013,6,3,13,15,1,1,1,5,A51-Sens Aix en Provence,0.0,0.0
201300050140,15,10,2013,4,3,13,211,1,1,8,7,A50-Sens Marseille vers,0.0,0.0
201300050141,15,10,2013,16,1,13,22,1,1,2,7,A50-Sens Aubagne vers To,0.0,0.0
201300050142,15,10,2013,17,1,13,85,1,1,2,2,A50-Sens Toulon vers Aub,0.0,0.0
201300050143,20,10,2013,5,3,13,117,1,1,1,7,A7-Sens Marseille vers L,0.0,0.0
201300050144,1,11,2013,1,3,13,211,1,1,1,7,A50-Sens Aubagne vers*Ma,0.0,0.0
201300050145,2,11,2013,3,3,13,56,1,1,1,6,A55-Sens Marseille*vers,0.0,0.0
201300050146,3,11,2013,15,1,13,5,1,1,1,3,A50-Sens Aubagne vers*Ma,0.0,0.0
201300050147,4,11,2013,13,1,13,215,1,1,2,6,A55-Sens Marseille*vers,0.0,0.0
201300050148,6,11,2013,10,1,13,33,1,1,1,3,A55-Sens Marseille*vers,0.0,0.0
201300050149,10,11,2013,5,3,13,5,1,1,2,2,A50-Sens Marseille*vers,0.0,0.0
201300050150,27,11,2013,17,2,13,202,1,1,1,2,A55-Sens Martigues vers,0.0,0.0
201300050151,30,11,2013,15,1,13,215,1,1,1,2,A7-Sens Marseille vers L,0.0,0.0
201300050152,30,11,2013,17,3,13,214,1,1,2,4,A7-Sens Lyon vers Marsei,0.0,0.0
201300050153,3,12,2013,14,1,13,1,1,1,1,4,A51-Sens Aix en Provence,0.0,0.0
201300050154,10,12,2013,8,1,13,207,1,1,1,6,Tunnel Prado Car?nage,0.0,0.0
201300050155,13,12,2013,20,3,13,1,1,1,1,2,A51-Sens Marseille vers,0.0,0.0
201300050156,18,12,2013,21,3,13,215,1,1,1,4,A7-Sens Lyon vers Marsei,0.0,0.0
201300050157,21,12,2013,16,1,13,55,1,1,1,7,A50-Sens Aubagne vers Ma,0.0,0.0
201300050158,24,12,2013,16,1,13,56,1,1,1,4,A55-Sens Martigues vers,0.0,0.0
201300050159,25,12,2013,16,1,13,202,1,1,3,6,A55-Sens Martigues vers,0.0,0.0
201300050160,5,1,2013,15,1,75,101,2,1,1,2,"26, SOUTERRAIN TUILERIES",0.0,0.0
201300050161,15,1,2013,15,1,75,101,2,3,2,2,"12, QUAI FRANCOIS MITTER",0.0,0.0
201300050162,18,1,2013,17,5,75,101,2,1,4,2,QUAI DES TUILERIES,0.0,0.0
201300050163,19,1,2013,15,1,75,101,2,3,4,2,"47, RUE BERGER",0.0,0.0
201300050164,21,1,2013,14,1,75,101,2,7,4,2,"2, QUAI DE LA MEGISSERIE",0.0,0.0
201300050165,24,1,2013,18,5,75,101,2,2,1,3,QUAI DES ORFEVRES,0.0,0.0
201300050166,25,1,2013,7,2,75,101,2,2,1,6,"2, RUE DE ROHAN",0.0,0.0
201300050167,28,1,2013,8,1,75,101,2,5,1,3,BOULEVARD DE SEBASTOPOL,0.0,0.0
201300050168,31,1,2013,14,1,75,101,2,2,2,3,"334, RUE SAINT HONORE",0.0,0.0
201300050169,4,2,2013,12,1,75,101,2,3,2,6,"9, RUE DU LOUVRE",0.0,0.0
201300050170,6,2,2013,9,1,75,101,2,3,1,2,"01, QUAI FRANCOIS MITTER",0.0,0.0
201300050171,6,2,2013,22,5,75,101,2,1,2,3,"146, RUE DE RIVOLI",0.0,0.0
201300050172,7,2,2013,7,1,75,101,2,2,1,2,"1, QUAI DES TUILERIES",0.0,0.0
201300050173,7,2,2013,14,1,75,101,2,2,8,6,"192, RUE DE RIVOLI",0.0,0.0
201300050174,7,2,2013,13,1,75,101,2,2,1,3,"2, BOULEVARD DU PALAIS",0.0,0.0
201300050175,11,2,2013,2,5,75,101,2,3,2,6,"0, RUE DE RIVOLI",0.0,0.0
201300050176,11,2,2013,19,5,75,101,2,3,1,3,"12, QUAI DE LA MEGISSERI",0.0,0.0
201300050177,14,2,2013,5,5,75,101,2,2,8,3,"128, RUE DE RIVOLI",0.0,0.0
201300050178,15,2,2013,20,5,75,101,2,2,1,3,"23, BOULEVARD DE SEBASTO",0.0,0.0
201300050179,17,2,2013,17,1,75,101,2,1,1,2,"10, QUAI FRANCOIS MITTER",0.0,0.0
201300050180,19,2,2013,9,1,75,101,2,3,1,2,"248, RUE DE RIVOLI",0.0,0.0
201300050181,25,2,2013,11,1,75,101,2,2,4,6,"12, QUAI FRANCOIS MITTER",0.0,0.0
201300050182,28,2,2013,17,1,75,101,2,1,1,2,SOUTERRAIN TUILERIES,0.0,0.0
201300050183,1,3,2013,17,1,75,101,2,2,1,2,"0, RUE ETIENNE MARCEL",0.0,0.0
201300050184,5,3,2013,17,1,75,101,2,1,1,2,"10, QUAI FRANCOIS MITTER",0.0,0.0
201300050185,8,3,2013,13,1,75,101,2,7,2,6,PLACE DU CHATELET,0.0,0.0
201300050186,14,3,2013,15,1,75,101,2,2,1,3,"12, AVENUE VICTORIA",0.0,0.0
201300050187,15,3,2013,10,1,75,101,2,1,1,3,"1, QUAI DES TUILERIES",0.0,0.0
201300050188,16,3,2013,14,1,75,101,2,3,1,3,"210, RUE DE RIVOLI",0.0,0.0
201300050189,21,3,2013,19,5,75,101,2,3,1,6,"216, RUE DE RIVOLI",0.0,0.0
201300050190,25,3,2013,20,5,75,101,2,1,1,6,SOUTERRAIN BOUCLE SAINT,0.0,0.0
201300050191,26,3,2013,0,5,75,101,2,5,1,3,AVENUE DE L OPERA,0.0,0.0
201300050192,27,3,2013,12,1,75,101,2,1,1,7,"26, PLACE VENDOME",0.0,0.0
201300050193,30,3,2013,16,1,75,101,2,1,1,3,"55, RUE DE RIVOLI",0.0,0.0
201300050194,2,4,2013,10,1,75,101,2,7,1,4,"172, RUE DE RIVOLI",0.0,0.0
201300050195,16,4,2013,11,1,75,101,2,1,1,6,SOUTERRAIN TRANSIT HALLE,0.0,0.0
201300050196,16,4,2013,12,1,75,101,2,7,1,2,"02, RUE DE L AMIRAL DE C",0.0,0.0
201300050197,18,4,2013,18,1,75,101,2,2,1,2,QUAI DES TUILERIES,0.0,0.0
201300050198,19,4,2013,12,1,75,111,2,2,1,2,"94, BOULEVARD BEAUMARCHA",0.0,0.0
201300050199,20,4,2013,15,1,75,101,2,3,1,6,"194 bis, RUE DE RIVOLI",0.0,0.0
201300050200,22,4,2013,18,1,75,101,2,3,1,2,"59, BOULEVARD DE SEBASTO",0.0,0.0
201300050201,23,4,2013,10,1,75,101,2,5,1,6,"45, RUE DE RIVOLI",0.0,0.0
201300050202,30,4,2013,16,1,75,101,2,2,1,6,RUE CAMBON,0.0,0.0
201300050203,1,5,2013,0,5,75,101,2,1,1,6,QUAI DES TUILERIES,0.0,0.0
201300050204,2,5,2013,20,1,75,101,2,2,1,3,"174, RUE DE RIVOLI",0.0,0.0
201300050205,8,5,2013,2,3,75,101,2,2,1,6,"65, BOULEVARD DE SEBASTO",0.0,0.0
201300050206,11,5,2013,23,5,75,101,2,1,2,2,RUE SAINT HONORE,0.0,0.0
201300050207,15,5,2013,9,1,75,101,2,5,1,6,"1, BOULEVARD DE SEBASTOP",0.0,0.0
201300050208,15,5,2013,18,1,75,109,2,5,1,6,"53, RUE RICHER",0.0,0.0
201300050209,17,5,2013,3,5,75,101,2,5,1,6,"1, BOULEVARD DE SEBASTOP",0.0,0.0
201300050210,17,5,2013,16,1,75,101,2,2,1,6,"16, RUE DU LOUVRE",0.0,0.0
201300050211,21,5,2013,16,1,75,101,2,2,8,6,"09, RUE DES PYRAMIDES",0.0,0.0
201300050212,28,5,2013,13,1,75,101,2,7,2,2,RUE DU LOUVRE,0.0,0.0
201300050213,30,5,2013,17,1,75,101,2,2,1,2,"1, QUAI FRANCOIS MITTERR",0.0,0.0
201300050214,30,5,2013,16,1,75,101,2,3,2,6,"3, RUE DE VALOIS",0.0,0.0
201300050215,1,6,2013,15,1,75,101,2,2,1,7,"10, QUAI FRANCOIS MITTER",0.0,0.0
201300050216,3,6,2013,21,1,75,101,2,1,1,6,QUAI DU LOUVRE,0.0,0.0
201300050217,6,6,2013,18,1,75,101,2,7,1,2,RUE DE RIVOLI,0.0,0.0
201300050218,7,6,2013,7,1,75,101,2,2,1,2,"10, QUAI FRANCOIS MITTER",0.0,0.0
201300050219,8,6,2013,2,5,75,101,2,3,1,6,"10, RUE BAILLEUL",0.0,0.0
201300050220,8,6,2013,15,1,75,101,2,2,1,3,"269, RUE SAINT HONORE",0.0,0.0
201300050221,9,6,2013,16,1,75,101,2,2,2,5,"61, BOULEVARD DE SEBASTO",0.0,0.0
201300050222,12,6,2013,14,1,75,101,2,2,8,6,"202, RUE SAINT HONORE",0.0,0.0
201300050223,12,6,2013,16,1,75,101,2,1,1,6,BOULEVARD DU PALAIS,0.0,0.0
201300050224,13,6,2013,10,1,75,101,2,5,2,3,"99, RUE DE RIVOLI",0.0,0.0
201300050225,14,6,2013,19,1,75,101,2,2,1,6,"4, BOULEVARD DU PALAIS",0.0,0.0
201300050226,15,6,2013,1,5,75,102,2,5,1,3,"13, RUE ETIENNE MARCEL",0.0,0.0
201300050227,20,6,2013,14,1,75,101,2,2,1,2,"271, RUE SAINT HONORE",0.0,0.0
201300050228,24,6,2013,16,1,75,101,2,2,1,6,"189, RUE SAINT HONORE",0.0,0.0
201300050229,2,7,2013,14,1,75,101,2,3,1,2,"194, RUE DE RIVOLI",0.0,0.0
201300050230,6,7,2013,16,1,75,101,2,2,1,6,"25, BOULEVARD DE SEBASTO",0.0,0.0
201300050231,7,7,2013,17,1,75,101,2,1,1,7,QUAI DES TUILERIES,0.0,0.0
201300050232,11,7,2013,18,1,75,109,2,2,1,6,"47, BOULEVARD DE ROCHECH",0.0,0.0
201300050233,15,7,2013,8,1,75,101,2,7,1,4,"1, QUAI DE LA MEGISSERIE",0.0,0.0
201300050234,16,7,2013,13,1,75,101,2,5,1,6,RUE DE RIVOLI,0.0,0.0
201300050235,16,7,2013,13,1,75,101,2,1,1,6,"8, BOULEVARD DU PALAIS",0.0,0.0
201300050236,17,7,2013,10,1,75,101,2,1,1,6,QUAI FRANCOIS MITTERRAND,0.0,0.0
201300050237,19,7,2013,15,1,75,101,2,3,1,3,QUAI FRANCOIS MITTERRAND,0.0,0.0
201300050238,19,7,2013,18,1,75,101,2,2,1,6,"9, AVENUE DE L OPERA",0.0,0.0
201300050239,22,7,2013,19,1,75,101,2,1,1,6,"10, BOULEVARD DU PALAIS",0.0,0.0
201300050240,23,7,2013,17,1,75,101,2,1,1,2,"70, RUE JEAN JACQUES ROU",0.0,0.0
201300050241,26,7,2013,10,1,75,101,2,7,1,2,"172, RUE DE RIVOLI",0.0,0.0
201300050242,29,7,2013,10,1,75,101,2,5,1,3,"9, BOULEVARD DE SEBASTOP",0.0,0.0
201300050243,30,7,2013,9,1,75,101,2,3,1,4,"184, RUE DE RIVOLI",0.0,0.0
201300050244,31,7,2013,14,1,75,101,2,2,1,3,"48, RUE CROIX DES PETITS",0.0,0.0
201300050245,31,7,2013,14,1,75,101,2,1,1,6,"4, BOULEVARD DU PALAIS",0.0,0.0
201300050246,31,7,2013,19,1,75,101,2,1,1,6,"112, RUE SAINT HONORE",0.0,0.0
201300050247,3,8,2013,2,5,75,101,2,5,1,3,"1, BOULEVARD DE SEBASTOP",0.0,0.0
201300050248,3,8,2013,17,1,75,101,2,2,1,3,"5, RUE DE CASTIGLIONE",0.0,0.0
201300050249,5,8,2013,1,5,75,101,2,2,1,3,RUE DU PONT NEUF,0.0,0.0
201300050250,11,8,2013,0,5,75,101,2,3,1,2,"63, RUE DE RIVOLI",0.0,0.0
201300050251,12,8,2013,12,1,75,101,2,3,1,7,"232, RUE DE RIVOLI",0.0,0.0
201300050252,16,8,2013,15,1,75,101,2,3,1,4,"8, QUAI DE LA MEGISSERIE",0.0,0.0
201300050253,20,8,2013,22,5,75,101,2,1,1,6,"5, RUE SAINT ROCH",0.0,0.0
201300050254,22,8,2013,18,1,75,101,2,3,1,4,"12, QUAI DE LA MEGISSERI",0.0,0.0
201300050255,23,8,2013,10,1,75,101,2,1,1,6,"1, PLACE DU CARROUSEL",0.0,0.0
201300050256,26,8,2013,13,1,75,101,2,2,1,3,"99, RUE DE RIVOLI",0.0,0.0
201300050257,27,8,2013,14,2,75,101,2,3,1,3,RUE SAINT HONORE,0.0,0.0
201300050258,27,8,2013,14,1,75,101,2,5,1,6,"41, RUE ETIENNE MARCEL",0.0,0.0
201300050259,27,8,2013,22,5,75,101,2,1,1,2,VOIE GEORGES POMPIDOU,0.0,0.0
201300050260,28,8,2013,12,1,75,101,2,3,1,3,"2, RUE DE L AMIRAL DE CO",0.0,0.0
201300050261,31,8,2013,19,1,75,101,2,5,1,6,"1, BOULEVARD DE LA MADEL",0.0,0.0
201300050262,1,9,2013,5,2,75,101,2,1,1,6,VOIE GEORGES POMPIDOU,0.0,0.0
201300050263,1,9,2013,13,1,75,101,2,2,1,3,"40, RUE DU LOUVRE",0.0,0.0
201300050264,2,9,2013,11,1,75,101,2,1,1,6,"00, SOUTERRAIN TUILERIES",0.0,0.0
201300050265,2,9,2013,15,1,75,101,2,5,1,3,"194, RUE DE RIVOLI",0.0,0.0
201300050266,4,9,2013,10,1,75,101,2,2,1,2,"192, RUE DE RIVOLI",0.0,0.0
201300050267,4,9,2013,11,1,75,101,2,1,1,2,"0, QUAI FRANCOIS MITTERR",0.0,0.0
201300050268,6,9,2013,15,1,75,101,2,2,1,6,"154, RUE DE RIVOLI",0.0,0.0
201300050269,9,9,2013,18,1,75,101,2,7,8,2,"1, PLACE DU CHATELET",0.0,0.0
201300050270,10,9,2013,9,1,75,101,2,3,1,6,"10, RUE DU LOUVRE",0.0,0.0
201300050271,10,9,2013,15,1,75,101,2,3,1,3,"162, RUE DE RIVOLI",0.0,0.0
201300050272,18,9,2013,15,1,75,101,2,1,3,3,QUAI FRANCOIS MITTERRAND,0.0,0.0
201300050273,24,9,2013,11,1,75,101,2,1,1,6,"194, RUE DE RIVOLI",0.0,0.0
201300050274,25,9,2013,18,1,75,101,2,1,1,6,"19, RUE SAINT GERMAIN L",0.0,0.0
201300050275,25,9,2013,17,5,75,101,2,1,1,6,SOUTERRAIN LEMONNIER,0.0,0.0
201300050276,28,9,2013,10,1,75,101,2,1,2,7,"1, PLACE DU CARROUSEL",0.0,0.0
201300050277,28,9,2013,18,2,75,101,2,1,1,1,"15, BOULEVARD DE LA MADE",0.0,0.0
201300050278,29,9,2013,4,5,75,101,2,1,1,2,"22, AVENUE DE L OPERA",0.0,0.0
201300050279,4,10,2013,7,2,75,101,2,3,1,2,"252, RUE DE RIVOLI",0.0,0.0
201300050280,7,10,2013,11,1,75,101,2,3,1,7,"252, RUE DE RIVOLI",0.0,0.0
201300050281,9,10,2013,9,1,75,101,2,1,2,3,"251, RUE SAINT HONORE",0.0,0.0
201300050282,11,10,2013,11,1,75,101,2,7,2,3,"04, AVENUE DE L OPERA",0.0,0.0
201300050283,11,10,2013,18,1,75,101,2,4,1,6,"1, QUAI DES TUILERIES",0.0,0.0
201300050284,12,10,2013,16,1,75,101,2,4,8,6,SOUTERRAIN TUILERIES,0.0,0.0
201300050285,13,10,2013,16,1,75,101,2,2,1,2,"17, RUE ETIENNE MARCEL",0.0,0.0
201300050286,15,10,2013,18,5,75,101,2,1,1,2,QUAI DES TUILERIES,0.0,0.0
201300050287,15,10,2013,19,2,75,101,2,1,6,7,QUAI FRANCOIS MITTERRAND,0.0,0.0
201300050288,15,10,2013,22,5,75,101,2,2,1,3,RUE DE CASTIGLIONE,0.0,0.0
201300050289,16,10,2013,19,2,75,101,2,7,2,7,PLACE VENDOME,0.0,0.0
201300050290,17,10,2013,9,1,75,101,2,1,1,3,QUAI DES TUILERIES,0.0,0.0
201300050291,21,10,2013,14,1,75,101,2,1,1,7,"253, RUE SAINT HONORE",0.0,0.0
201300050292,22,10,2013,23,5,75,101,2,1,1,7,VOIE GEORGES POMPIDOU,0.0,0.0
201300050293,24,10,2013,14,1,75,101,2,2,1,6,"146, RUE DE RIVOLI",0.0,0.0
201300050294,25,10,2013,8,1,75,101,2,2,2,7,"85, RUE DE RIVOLI",0.0,0.0
201300050295,25,10,2013,15,1,75,101,2,7,1,6,"93, RUE DE RIVOLI",0.0,0.0
201300050296,26,10,2013,14,1,75,101,2,3,1,3,"158, RUE DE RIVOLI",0.0,0.0
201300050297,27,10,2013,11,1,75,101,2,3,1,7,"65, RUE DE RIVOLI",0.0,0.0
201300050298,28,10,2013,18,5,75,101,2,2,1,6,"20, RUE DU LOUVRE",0.0,0.0
201300050299,29,10,2013,1,5,75,101,2,3,1,2,"29, BOULEVARD DE SEBASTO",0.0,0.0
201300050300,29,10,2013,23,5,75,101,2,5,1,6,"22, AVENUE DE L OPERA",0.0,0.0
201300050301,31,10,2013,12,1,75,101,2,7,1,2,RUE DE L AMIRAL DE COLIG,0.0,0.0
201300050302,1,11,2013,17,5,75,101,2,3,2,6,"5, RUE DE VALOIS",0.0,0.0
201300050303,2,11,2013,19,5,75,101,2,3,1,6,"04, QUAI FRANCOIS MITTER",0.0,0.0
201300050304,3,11,2013,11,1,75,101,2,3,1,3,QUAI FRANCOIS MITTERRAND,0.0,0.0
201300050305,6,11,2013,8,1,75,101,2,3,2,6,"33, RUE SAINT HONORE",0.0,0.0
201300050306,6,11,2013,18,5,75,101,2,7,1,2,"2, RUE DE L AMIRAL DE CO",0.0,0.0
201300050307,6,11,2013,21,5,75,101,2,2,9,6,"158, RUE DE RIVOLI",0.0,0.0
201300050308,9,11,2013,1,5,75,101,2,4,1,6,RUE BERGER,0.0,0.0
201300050309,9,11,2013,12,1,75,101,2,1,1,7,"1, PLACE DU CARROUSEL",0.0,0.0
201300050310,11,11,2013,15,1,75,101,2,3,1,3,", QUAI DE LA MEGISSERIE",0.0,0.0
201300050311,12,11,2013,11,1,75,101,2,2,2,3,"40, RUE DU LOUVRE",0.0,0.0
201300050312,12,11,2013,16,1,75,101,2,3,2,6,AVENUE GENERAL LEMONNIER,0.0,0.0
201300050313,14,11,2013,13,1,75,101,2,1,3,7,"06, BOULEVARD DU PALAIS",0.0,0.0
201300050314,15,11,2013,10,1,75,101,2,1,1,3,"29, BOULEVARD DE SEBASTO",0.0,0.0
201300050315,15,11,2013,17,5,75,101,2,7,1,6,"3, AVENUE DE L OPERA",0.0,0.0
201300050316,20,11,2013,15,1,75,101,2,1,2,3,"21, BOULEVARD DE LA MADE",0.0,0.0
201300050317,21,11,2013,19,5,75,104,2,2,2,2,"21, RUE DE RIVOLI",0.0,0.0
201300050318,22,11,2013,19,5,75,101,2,1,1,2,"20, AVENUE VICTORIA",0.0,0.0
201300050319,23,11,2013,15,2,75,101,2,1,1,4,"168, RUE DE RIVOLI",0.0,0.0
201300050320,28,11,2013,9,1,75,101,2,2,1,3,"25, RUE MOLIERE",0.0,0.0
201300050321,29,11,2013,7,2,75,101,2,3,1,4,"162, RUE DE RIVOLI",0.0,0.0
201300050322,1,12,2013,20,5,75,101,2,2,1,6,"1, PONT DU CARROUSEL",0.0,0.0
201300050323,2,12,2013,16,1,75,101,2,3,1,6,"57, RUE DE RIVOLI",0.0,0.0
201300050324,3,12,2013,15,1,75,101,2,2,1,3,"47, RUE DES PETITS CHAMP",0.0,0.0
201300050325,9,12,2013,9,1,75,101,2,1,1,7,"11, RUE DE L ECHELLE",0.0,0.0
201300050326,10,12,2013,12,1,75,101,2,7,1,6,"169, RUE SAINT HONORE",0.0,0.0
201300050327,10,12,2013,15,1,75,101,2,7,1,2,"2, RUE DE RICHELIEU",0.0,0.0
201300050328,13,12,2013,13,1,75,101,2,5,1,6,QUAI DE LA MEGISSERIE,0.0,0.0
201300050329,13,12,2013,18,5,75,101,2,1,8,6,QUAI DES TUILERIES,0.0,0.0
201300050330,15,12,2013,13,1,75,109,2,1,1,6,"86, RUE SAINT LAZARE",0.0,0.0
201300050331,19,12,2013,14,1,75,101,2,2,1,6,"01, PLACE DU CARROUSEL",0.0,0.0
201300050332,20,12,2013,15,1,75,101,2,1,1,3,"3, RUE DES PYRAMIDES",0.0,0.0
201300050333,21,12,2013,0,5,75,101,2,1,1,7,SOUTERRAIN PONT NEUF,0.0,0.0
201300050334,21,12,2013,0,5,75,101,2,1,1,2,"174, RUE DE RIVOLI",0.0,0.0
201300050335,21,12,2013,17,5,75,101,2,3,1,4,"91, RUE DE RIVOLI",0.0,0.0
201300050336,22,12,2013,20,5,75,109,2,2,2,7,"66, RUE LA FAYETTE",0.0,0.0
201300050337,23,12,2013,11,1,75,101,2,1,1,7,QUAI DES TUILERIES,0.0,0.0
201300050338,23,12,2013,13,1,75,101,2,2,8,3,"16, RUE SAINT GERMAIN L",0.0,0.0
201300050339,24,12,2013,16,5,75,101,2,2,2,6,"33, RUE BERGER",0.0,0.0
201300050340,1,1,2013,2,5,75,102,2,5,3,6,"41, AVENUE DE L OPERA",0.0,0.0
201300050341,5,1,2013,1,5,75,102,2,2,1,3,"01, BOULEVARD SAINT DENI",0.0,0.0
201300050342,11,1,2013,20,5,75,102,2,2,2,6,"134, RUE REAUMUR",0.0,0.0
201300050343,14,1,2013,15,1,75,102,2,2,1,3,RUE DES FILLES SAINT THO,0.0,0.0
201300050344,12,1,2013,22,5,75,101,2,7,1,3,"1, PLACE DU LOUVRE",0.0,0.0
201300050345,15,1,2013,22,5,75,102,2,1,2,3,"8, RUE DE LA PAIX",0.0,0.0
201300050346,17,1,2013,9,1,75,102,2,2,1,6,"54, RUE DU LOUVRE",0.0,0.0
201300050347,28,1,2013,11,1,75,102,2,2,1,6,"132, RUE MONTMARTRE",0.0,0.0
201300050348,31,1,2013,9,1,75,102,2,4,1,6,"151, RUE MONTMARTRE",0.0,0.0
201300050349,31,1,2013,19,5,75,102,2,5,1,3,"59, RUE REAUMUR",0.0,0.0
201300050350,2,2,2013,12,1,75,102,2,2,1,3,BOULEVARD DE SEBASTOPOL,0.0,0.0
201300050351,6,2,2013,14,1,75,102,2,2,1,2,"38, AVENUE DE L OPERA",0.0,0.0
201300050352,7,2,2013,15,1,75,102,2,2,1,3,"16, RUE DU SENTIER",0.0,0.0
201300050353,7,2,2013,18,5,75,102,2,3,1,6,"127, RUE MONTMARTRE",0.0,0.0
201300050354,10,2,2013,11,1,75,102,2,2,1,3,RUE DE HANOVRE,0.0,0.0
201300050355,11,2,2013,14,1,75,102,2,2,1,6,"132, RUE REAUMUR",0.0,0.0
201300050356,11,2,2013,23,5,75,102,2,7,1,3,"34, RUE DU QUATRE SEPTEM",0.0,0.0
201300050357,18,2,2013,12,1,75,102,2,1,1,6,"3, RUE VIVIENNE",0.0,0.0
201300050358,20,2,2013,8,1,75,102,2,2,1,6,"62, RUE DE RICHELIEU",0.0,0.0
201300050359,22,2,2013,20,5,75,102,2,1,4,2,"24, RUE DANIELLE CASANOV",0.0,0.0
201300050360,23,2,2013,2,5,75,102,2,2,1,2,BOULEVARD DE SEBASTOPOL,0.0,0.0
201300050361,25,2,2013,9,1,75,102,2,1,2,2,"39, AVENUE DE L OPERA",0.0,0.0
201300050362,28,2,2013,19,5,75,102,2,2,2,2,"33, RUE DU QUATRE SEPTEM",0.0,0.0
201300050363,4,3,2013,20,5,75,102,2,2,1,2,"80, RUE REAUMUR",0.0,0.0
201300050364,8,3,2013,17,1,75,109,2,7,8,6,"03, PLACE DE L OPERA",0.0,0.0
201300050365,11,3,2013,20,5,75,102,2,1,3,6,"1, BOULEVARD DE BONNE NO",0.0,0.0
201300050366,24,3,2013,0,5,75,102,2,7,1,3,PLACE DE L OPERA,0.0,0.0
201300050367,26,3,2013,10,1,75,102,2,1,1,6,"17, RUE D ANTIN",0.0,0.0
201300050368,27,3,2013,13,1,75,102,2,7,1,3,"11, BOULEVARD DES CAPUCI",0.0,0.0
201300050369,27,3,2013,13,1,75,110,2,3,1,3,"14, BOULEVARD DE BONNE N",0.0,0.0
201300050370,29,3,2013,23,5,75,102,2,2,1,3,RUE MONTMARTRE,0.0,0.0
201300050371,1,4,2013,9,1,75,102,2,7,7,7,"01, PLACE DE LA BOURSE",0.0,0.0
201300050372,2,4,2013,17,1,75,102,2,1,1,6,RUE DAUNOU,0.0,0.0