Num_Acc,jour,mois,an,hr,condition_eclairage,departement,commune,condition_agglomeration,intersection,condition_atmosphere,type_collision,adresse,lattitude,longitude
201300050373,6,4,2013,6,5,75,102,2,7,1,2,"17, BOULEVARD DES CAPUCI",0.0,0.0
201300050374,10,4,2013,2,5,75,102,2,7,2,2,"19, BOULEVARD DES CAPUCI",0.0,0.0
201300050375,11,4,2013,11,1,75,102,2,2,1,3,"37, RUE DU LOUVRE",0.0,0.0
201300050376,12,4,2013,3,5,75,102,2,1,1,7,RUE MONTMARTRE,0.0,0.0
201300050377,16,4,2013,15,1,75,102,2,1,1,5,"11, BOULEVARD MONTMARTRE",0.0,0.0
201300050378,23,4,2013,18,1,75,102,2,1,1,2,"15, RUE VIVIENNE",0.0,0.0
201300050379,26,4,2013,15,1,75,102,2,1,1,3,"44, RUE NOTRE DAME DES V",0.0,0.0
201300050380,29,4,2013,9,1,75,102,2,1,1,6,"44, RUE NOTRE DAME DES V",0.0,0.0
201300050381,3,5,2013,18,1,75,102,2,1,1,6,"21, RUE DE LA PAIX",0.0,0.0
201300050382,6,5,2013,16,1,75,102,2,7,8,3,"04, PLACE DE L OPERA",0.0,0.0
201300050383,7,5,2013,9,1,75,102,2,5,1,6,"29, BOULEVARD DES ITALIE",0.0,0.0
201300050384,12,5,2013,20,1,75,102,2,2,2,3,RUE ETIENNE MARCEL,0.0,0.0
201300050385,14,5,2013,15,1,75,102,2,2,1,6,"110, RUE REAUMUR",0.0,0.0
201300050386,16,5,2013,14,1,75,102,2,3,8,6,"41, RUE DE PALESTRO",0.0,0.0
201300050387,23,5,2013,13,1,75,102,2,1,8,6,"19, BOULEVARD DES ITALIE",0.0,0.0
201300050388,28,5,2013,9,1,75,102,2,3,2,6,"29, RUE VIVIENNE",0.0,0.0
201300050389,28,5,2013,13,1,75,102,2,7,2,3,"2, PLACE DE L OPERA",0.0,0.0
201300050390,29,5,2013,10,1,75,102,2,3,1,6,"55, RUE MONTMARTRE",0.0,0.0
201300050391,31,5,2013,10,1,75,102,2,2,8,2,"44, RUE ETIENNE MARCEL",0.0,0.0
201300050392,3,6,2013,6,1,75,102,2,3,1,6,"06, RUE DES PETITS CHAMP",0.0,0.0
201300050393,5,6,2013,16,1,75,102,2,2,1,6,"202, RUE SAINT DENIS",0.0,0.0
201300050394,6,6,2013,15,1,75,102,2,2,1,6,"71, BOULEVARD DE SEBASTO",0.0,0.0
201300050395,8,6,2013,12,1,75,102,2,5,1,3,"31, BOULEVARD DES ITALIE",0.0,0.0
201300050396,9,6,2013,7,2,75,103,2,7,2,6,"21, PLACE DES VOSGES",0.0,0.0
201300050397,16,6,2013,17,1,75,102,2,3,1,6,"38, RUE DES PETITS CHAMP",0.0,0.0
201300050398,16,6,2013,20,1,75,102,2,2,1,2,"61-63, RUE REAUMUR",0.0,0.0
201300050399,20,6,2013,10,1,75,102,2,1,1,6,"132, RUE MONTMARTRE",0.0,0.0
201300050400,1,7,2013,18,1,75,102,2,3,1,3,"31, BOULEVARD DE BONNE N",0.0,0.0
201300050401,3,7,2013,19,2,75,102,2,1,8,3,"176, RUE MONTMARTRE",0.0,0.0
201300050402,4,7,2013,11,1,75,109,2,1,1,6,"30, BOULEVARD POISSONNIE",0.0,0.0
201300050403,7,7,2013,1,5,75,102,2,2,1,6,BOULEVARD DES ITALIENS,0.0,0.0
201300050404,10,7,2013,10,1,75,104,2,3,1,3,"21, BOULEVARD BOURDON",0.0,0.0
201300050405,10,7,2013,15,1,75,108,2,1,1,6,PLACE DE LA CONCORDE,0.0,0.0
201300050406,14,7,2013,3,4,75,102,2,7,1,3,"42, AVENUE DE L OPERA",0.0,0.0
201300050407,22,7,2013,4,5,75,102,2,1,1,6,"144, RUE MONTMARTRE",0.0,0.0
201300050408,28,7,2013,12,1,75,102,2,1,1,3,"43, BD DES CAPUCINES",0.0,0.0
201300050409,8,8,2013,9,1,75,102,2,2,1,6,"75, RUE DE RICHELIEU",0.0,0.0
201300050410,11,8,2013,1,5,75,102,2,1,1,3,BOULEVARD SAINT DENIS,0.0,0.0
201300050411,14,8,2013,13,1,75,102,2,2,1,7,"44, RUE ETIENNE MARCEL",0.0,0.0
201300050412,19,8,2013,8,1,75,102,2,2,1,3,"73, RUE DE RICHELIEU",0.0,0.0
201300050413,21,8,2013,11,1,75,102,2,1,1,6,"27, RUE SAINT SAUVEUR",0.0,0.0
201300050414,23,8,2013,10,1,75,102,2,2,1,3,"81, BOULEVARD DE SEBASTO",0.0,0.0
201300050415,23,8,2013,16,1,75,110,2,1,1,4,"38, BOULEVARD DE BONNE N",0.0,0.0
201300050416,29,8,2013,8,1,75,102,2,2,1,7,"101, BOULEVARD DE SEBAST",0.0,0.0
201300050417,29,8,2013,18,1,75,102,2,2,1,6,BOULEVARD POISSONNIERE,0.0,0.0
201300050418,30,8,2013,1,5,75,102,2,2,1,6,RUE ETIENNE MARCEL,0.0,0.0
201300050419,30,8,2013,11,1,75,103,2,1,1,6,"114, RUE DE TURBIGO",0.0,0.0
201300050420,30,8,2013,16,1,75,102,2,1,1,6,"101, RUE D ABOUKIR",0.0,0.0
201300050421,1,9,2013,7,1,75,102,2,2,1,7,"37, RUE DU MAIL",0.0,0.0
201300050422,2,9,2013,13,1,75,102,2,2,6,6,"42, RUE DE TURBIGO",0.0,0.0
201300050423,9,9,2013,13,1,75,102,2,2,3,2,"76, RUE REAUMUR",0.0,0.0
201300050424,16,9,2013,16,1,75,102,2,1,2,3,"27, BOULEVARD POISSONNIE",0.0,0.0
201300050425,17,9,2013,17,1,75,103,2,2,2,2,"207, RUE DU TEMPLE",0.0,0.0
201300050426,18,9,2013,19,2,75,102,2,5,1,2,"160, RUE MONTMARTRE",0.0,0.0
201300050427,19,9,2013,17,1,75,102,2,2,1,6,"95, BOULEVARD DE SEBASTO",0.0,0.0
201300050428,20,9,2013,16,1,75,102,2,1,1,6,"139, BOULEVARD DE SEBAST",0.0,0.0
201300050429,21,9,2013,17,1,75,102,2,2,1,6,RUE DE TURBIGO,0.0,0.0
201300050430,23,9,2013,13,1,75,102,2,2,1,3,"13, RUE DE PALESTRO",0.0,0.0
201300050431,23,9,2013,16,1,75,102,2,1,1,6,"75, BOULEVARD DE SEBASTO",0.0,0.0
201300050432,24,9,2013,9,1,75,102,2,2,1,3,BOULEVARD DE BONNE NOUVE,0.0,0.0
201300050433,30,9,2013,21,5,75,102,2,1,1,2,"11, PLACE DE LA BOURSE",0.0,0.0
201300050434,4,10,2013,16,1,75,102,2,1,1,6,"23, BOULEVARD POISSONNIE",0.0,0.0
201300050435,4,10,2013,17,1,75,102,2,7,1,6,"1, RUE DE PORT MAHON",0.0,0.0
201300050436,6,10,2013,2,5,75,102,2,1,1,6,"9, BOULEVARD DE BONNE NO",0.0,0.0
201300050437,8,10,2013,13,1,75,102,2,5,1,3,"114, RUE REAUMUR",0.0,0.0
201300050438,8,10,2013,17,1,75,102,2,1,1,4,"124, RUE D ABOUKIR",0.0,0.0
201300050439,10,10,2013,15,1,75,102,2,2,1,6,"107, RUE REAUMUR",0.0,0.0
201300050440,10,10,2013,19,5,75,102,2,2,2,3,"5, RUE DU QUATRE SEPTEMB",0.0,0.0
201300050441,11,10,2013,17,1,75,102,2,5,1,6,"37, RUE DU LOUVRE",0.0,0.0
201300050442,11,10,2013,19,5,75,102,2,1,1,6,"23, RUE DE TURBIGO",0.0,0.0
201300050443,13,10,2013,13,1,75,109,2,2,1,5,"43, RUE DE LA CHAUSSEE D",0.0,0.0
201300050444,16,10,2013,17,1,75,102,2,2,2,6,"121, RUE REAUMUR",0.0,0.0
201300050445,31,10,2013,21,5,75,101,2,1,1,6,"26, AVENUE DE L OPERA",0.0,0.0
201300050446,7,11,2013,12,1,75,103,2,1,1,6,"2, RUE EUGENE SPULLER",0.0,0.0
201300050447,8,11,2013,20,5,75,102,2,2,1,2,"29, BOULEVARD POISSONNIE",0.0,0.0
201300050448,15,11,2013,15,1,75,102,2,1,1,6,"23, BOULEVARD POISSONNIE",0.0,0.0
201300050449,21,11,2013,20,5,75,109,2,1,1,6,"03, BOULEVARD MONTMARTRE",0.0,0.0
201300050450,26,11,2013,17,5,75,102,2,1,1,3,"06, RUE DE LA PAIX",0.0,0.0
201300050451,27,11,2013,8,1,75,102,2,3,1,6,"22, RUE DE TURBIGO",0.0,0.0
201300050452,5,12,2013,12,1,75,109,2,1,1,6,"60, RUE RICHER",0.0,0.0
201300050453,6,12,2013,9,1,75,102,2,7,1,3,"2, PLACE DE L OPERA",0.0,0.0
201300050454,12,12,2013,17,5,75,102,2,5,9,6,BOULEVARD DES ITALIENS,0.0,0.0
201300050455,13,12,2013,14,1,75,102,2,2,1,6,"283, RUE SAINT DENIS",0.0,0.0
201300050456,13,12,2013,16,1,75,102,2,1,1,6,"22, RUE DE LA PAIX",0.0,0.0
201300050457,13,12,2013,19,3,75,102,2,1,2,6,"19, BOULEVARD SAINT DENI",0.0,0.0
201300050458,14,12,2013,13,1,75,102,2,1,1,3,"63, RUE REAUMUR",0.0,0.0
201300050459,23,12,2013,21,5,75,102,2,1,1,3,"23, BOULEVARD DES CAPUCI",0.0,0.0
201300050460,26,12,2013,17,2,75,102,2,1,1,6,"15, BOULEVARD SAINT DENI",0.0,0.0
201300050461,30,12,2013,20,5,75,109,2,1,1,7,"3, PLACE DE L OPERA",0.0,0.0
201300050462,10,1,2013,19,5,75,103,2,2,2,7,"98, BOULEVARD DE SEBASTO",0.0,0.0
201300050463,14,1,2013,19,5,75,104,2,5,4,3,QUAI DE L HOTEL DE VILLE,0.0,0.0
201300050464,24,1,2013,15,1,75,103,2,1,1,2,"13, PLACE DE LA REPUBLIQ",0.0,0.0
201300050465,29,1,2013,16,1,75,103,2,2,2,6,"86, RUE VIEILLE DU TEMPL",0.0,0.0
201300050466,30,1,2013,8,1,75,103,2,2,2,2,"43, RUE REAUMUR",0.0,0.0
201300050467,30,1,2013,12,1,75,103,2,3,3,7,"185, RUE DU TEMPLE",0.0,0.0
201300050468,4,2,2013,17,5,75,103,2,2,8,6,"90, BOULEVARD DE SEBASTO",0.0,0.0
201300050469,7,2,2013,8,1,75,103,2,2,2,2,"42, RUE REAUMUR",0.0,0.0
201300050470,9,2,2013,18,2,75,103,2,5,1,6,"92, RUE DE TURENNE",0.0,0.0
201300050471,19,2,2013,6,5,75,103,2,1,1,3,BOULEVARD SAINT MARTIN,0.0,0.0
201300050472,26,2,2013,23,5,75,103,2,7,2,7,"1, BOULEVARD SAINT MARTI",0.0,0.0
201300050473,1,3,2013,4,5,75,101,2,2,1,3,"192, RUE DE RIVOLI",0.0,0.0
201300050474,5,3,2013,11,1,75,103,2,2,1,6,"67, BOULEVARD BEAUMARCHA",0.0,0.0
201300050475,13,3,2013,9,1,75,103,2,5,9,7,"45, RUE DE TURBIGO",0.0,0.0
201300050476,14,3,2013,11,1,75,103,2,3,1,2,"93, BOULEVARD BEAUMARCHA",0.0,0.0
201300050477,22,3,2013,20,5,75,109,2,3,1,2,"14, RUE DE MAUBEUGE",0.0,0.0
201300050478,23,3,2013,12,1,75,101,2,2,1,6,BOULEVARD DE SEBASTOPOL,0.0,0.0
201300050479,25,3,2013,6,1,75,103,2,2,1,3,"141, BOULEVARD DE SEBAST",0.0,0.0
201300050480,27,3,2013,13,1,75,101,2,2,1,2,"15, RUE DU LOUVRE",0.0,0.0
201300050481,27,3,2013,17,1,75,103,2,3,1,2,"100, BOULEVARD DE SEBAST",0.0,0.0
201300050482,1,4,2013,17,1,75,103,2,2,1,6,"2, RUE PAYENNE",0.0,0.0
201300050483,4,4,2013,11,1,75,103,2,2,1,6,"67, RUE BEAUBOURG",0.0,0.0
201300050484,5,4,2013,10,1,75,103,2,2,1,7,"4, RUE SAINT GILLES",0.0,0.0
201300050485,9,4,2013,11,1,75,103,2,5,8,7,"45, RUE DE TURBIGO",0.0,0.0
201300050486,10,4,2013,1,5,75,101,2,5,2,2,"7, BOULEVARD DE SEBASTOP",0.0,0.0
201300050487,13,4,2013,10,1,75,103,2,1,1,7,"25, RUE AUX OURS",0.0,0.0
201300050488,15,4,2013,13,1,75,103,2,2,1,2,"91, RUE BEAUBOURG",0.0,0.0
201300050489,17,4,2013,10,1,75,103,2,3,1,7,"67, BOULEVARD BEAUMARCHA",0.0,0.0
201300050490,17,4,2013,14,1,75,103,2,1,1,6,"3, BOULEVARD SAINT DENIS",0.0,0.0
201300050491,18,4,2013,8,1,75,103,2,1,1,6,"19, BOULEVARD SAINT MART",0.0,0.0
201300050492,19,4,2013,8,1,75,103,2,2,1,3,"162, RUE DU TEMPLE",0.0,0.0
201300050493,19,4,2013,11,1,75,101,2,5,1,6,"41, RUE DE RIVOLI",0.0,0.0
201300050494,19,4,2013,15,1,75,103,2,2,1,3,"64, RUE REAUMUR",0.0,0.0
201300050495,21,4,2013,13,1,75,103,2,5,1,6,"359, RUE SAINT MARTIN",0.0,0.0
201300050496,24,4,2013,17,1,75,103,2,2,1,3,"43, RUE REAUMUR",0.0,0.0
201300050497,27,4,2013,22,5,75,104,2,1,1,6,VOIE GEORGES POMPIDOU,0.0,0.0
201300050498,29,4,2013,10,1,75,103,2,3,1,3,"05, BOULEVARD DES FILLES",0.0,0.0
201300050499,29,4,2013,18,1,75,103,2,2,1,3,"19, RUE DE BRETAGNE",0.0,0.0
201300050500,30,4,2013,18,1,75,103,2,1,2,6,"50, RUE RAMBUTEAU",0.0,0.0
201300050501,5,5,2013,22,5,75,103,2,4,1,3,"70b, RUE DE TURBIGO",0.0,0.0
201300050502,7,5,2013,10,1,75,103,2,1,1,3,"37, BOULEVARD DU TEMPLE",0.0,0.0
201300050503,7,5,2013,13,1,75,103,2,2,1,3,"28, RUE DE TURBIGO",0.0,0.0
201300050504,9,5,2013,20,1,75,103,2,1,1,3,"9, PLACE DE LA REPUBLIQU",0.0,0.0
201300050505,20,5,2013,16,1,75,103,2,2,2,6,"41, RUE REAUMUR",0.0,0.0
201300050506,20,5,2013,18,1,75,103,2,1,2,6,"5, BOULEVARD SAINT MARTI",0.0,0.0
201300050507,21,5,2013,19,1,75,103,2,2,8,2,"254, RUE SAINT MARTIN",0.0,0.0
201300050508,24,5,2013,10,1,75,103,2,2,3,3,"58, BOULEVARD DE SEBASTO",0.0,0.0
201300050509,29,5,2013,23,5,75,103,2,2,2,3,"58, RUE DE TURBIGO",0.0,0.0
201300050510,31,5,2013,9,1,75,103,2,2,1,4,"205, RUE DU TEMPLE",0.0,0.0
201300050511,3,6,2013,14,1,75,103,2,3,1,6,"04, RUE CHAPON",0.0,0.0
201300050512,3,6,2013,22,5,75,103,2,5,1,6,BOULEVARD SAINT MARTIN,0.0,0.0
201300050513,7,6,2013,13,1,75,103,2,2,1,2,"67, BOULEVARD BEAUMARCHA",0.0,0.0
201300050514,8,6,2013,9,1,75,103,2,2,1,3,"09, BOULEVARD SAINT DENI",0.0,0.0
201300050515,9,6,2013,14,1,75,103,2,2,1,3,"56, RUE DES ARCHIVES",0.0,0.0
201300050516,13,6,2013,14,1,75,103,2,2,2,6,"55, RUE DE BRETAGNE",0.0,0.0
201300050517,14,6,2013,18,1,75,104,2,2,1,2,"22, RUE DU RENARD",0.0,0.0
201300050518,15,6,2013,0,5,75,101,2,2,1,6,"134, RUE DE RIVOLI",0.0,0.0
201300050519,20,6,2013,9,1,75,103,2,1,2,7,"36, RUE DE TURBIGO",0.0,0.0
201300050520,21,6,2013,9,1,75,103,2,1,1,7,"43, RUE MESLAY",0.0,0.0
201300050521,26,6,2013,8,1,75,103,2,7,1,2,"15, PLACE DE LA REPUBLIQ",0.0,0.0
201300050522,28,6,2013,16,1,75,103,2,1,1,2,"25, RUE DE SAINTONGE",0.0,0.0
201300050523,29,6,2013,13,1,75,103,2,2,1,2,"62, RUE DES ARCHIVES",0.0,0.0
201300050524,30,6,2013,11,1,75,103,2,2,1,1,"94, RUE DE TURENNE",0.0,0.0
201300050525,14,7,2013,2,5,75,103,2,3,1,6,"83, BOULEVARD BEAUMARCHA",0.0,0.0
201300050526,26,7,2013,8,1,75,103,2,1,1,7,"35, BOULEVARD SAINT MART",0.0,0.0
201300050527,30,7,2013,21,3,75,103,2,2,1,3,"247, RUE SAINT MARTIN",0.0,0.0
201300050528,12,8,2013,9,1,75,103,2,2,1,3,"70, BOULEVARD DE SEBASTO",0.0,0.0
201300050529,16,8,2013,16,1,75,103,2,7,1,7,"23, PLACE DE LA REPUBLIQ",0.0,0.0
201300050530,23,8,2013,17,1,75,103,2,2,1,2,"339, RUE SAINT MARTIN",0.0,0.0
201300050531,24,8,2013,12,1,75,103,2,2,1,7,"324, RUE SAINT MARTIN",0.0,0.0
201300050532,27,8,2013,19,1,75,103,2,7,1,6,"205, RUE DU TEMPLE",0.0,0.0
201300050533,2,9,2013,14,1,75,103,2,2,1,6,"57, RUE DE TURBIGO",0.0,0.0
201300050534,5,9,2013,10,1,75,103,2,1,1,2,"65, RUE DES ARCHIVES",0.0,0.0
201300050535,7,9,2013,14,1,75,103,2,1,1,2,"37, BOULEVARD DU TEMPLE",0.0,0.0
201300050536,8,9,2013,4,5,75,103,2,2,1,2,"110, BOULEVARD DE SEBAST",0.0,0.0
201300050537,8,9,2013,9,1,75,103,2,2,1,6,"58, RUE RAMBUTEAU",0.0,0.0
201300050538,9,9,2013,20,5,75,103,2,3,2,2,"83, RUE DE TURENNE",0.0,0.0
201300050539,10,9,2013,16,1,75,103,2,3,2,6,"22, RUE SAINT GILLES",0.0,0.0
201300050540,13,9,2013,14,1,75,103,2,5,2,7,"94, RUE DE TURENNE",0.0,0.0
201300050541,13,9,2013,16,1,75,103,2,2,2,2,"12, RUE DE BRETAGNE",0.0,0.0
201300050542,17,9,2013,15,1,75,103,2,1,1,7,"95, RUE VIEILLE DU TEMPL",0.0,0.0
201300050543,19,9,2013,14,1,75,103,2,1,1,4,"11, BOULEVARD DU TEMPLE",0.0,0.0
201300050544,19,9,2013,22,5,75,103,2,1,1,2,"12, RUE COMMINES",0.0,0.0
201300050545,22,9,2013,9,1,75,103,2,3,1,7,"10, RUE DES QUATRE FILS",0.0,0.0
201300050546,22,9,2013,21,5,75,103,2,2,1,6,"11, BOULEVARD DES FILLES",0.0,0.0
201300050547,26,9,2013,13,1,75,103,2,1,1,6,"6, RUE DE THORIGNY",0.0,0.0
201300050548,27,9,2013,2,5,75,111,2,3,1,6,"47, BOULEVARD BEAUMARCHA",0.0,0.0
201300050549,27,9,2013,17,1,75,103,2,1,1,3,"34, RUE DE TURENNE",0.0,0.0
201300050550,29,9,2013,19,1,75,103,2,1,8,6,"37, BOULEVARD SAINT MART",0.0,0.0
201300050551,30,9,2013,2,5,75,103,2,2,1,2,"72, RUE DE TURBIGO",0.0,0.0
201300050552,3,10,2013,8,1,75,103,2,1,1,6,"09, BOULEVARD SAINT DENI",0.0,0.0
201300050553,3,10,2013,20,5,75,104,2,2,2,6,"20, RUE BEAUBOURG",0.0,0.0
201300050554,4,10,2013,12,1,75,103,2,2,1,6,"43, RUE REAUMUR",0.0,0.0
201300050555,5,10,2013,18,1,75,103,2,2,2,7,"78, RUE DES ARCHIVES",0.0,0.0
201300050556,9,10,2013,8,1,75,103,2,7,1,3,"15, PLACE DE LA REPUBLIQ",0.0,0.0
201300050557,19,10,2013,21,5,75,103,2,5,1,3,RUE REAUMUR,0.0,0.0
201300050558,29,10,2013,12,1,75,103,2,1,1,3,"5, RUE DU GRENIER SAINT",0.0,0.0
201300050559,30,10,2013,13,1,75,103,2,2,1,2,"13, BOULEVARD DES FILLES",0.0,0.0
201300050560,1,11,2013,4,5,75,103,2,1,2,7,"03, BOULEVARD SAINT MART",0.0,0.0
201300050561,4,11,2013,17,5,75,103,2,1,1,7,"117, RUE DU TEMPLE",0.0,0.0
201300050562,9,11,2013,12,1,75,103,2,1,2,3,"23, BOULEVARD DU TEMPLE",0.0,0.0
201300050563,9,11,2013,20,5,75,103,2,2,1,7,"67, RUE BEAUBOURG",0.0,0.0
201300050564,12,11,2013,12,1,75,102,2,3,2,3,"29, RUE DE TURBIGO",0.0,0.0
201300050565,13,11,2013,1,5,75,103,2,2,2,3,"1, RUE PAYENNE",0.0,0.0
201300050566,13,11,2013,20,5,75,103,2,3,1,3,"230, RUE SAINT MARTIN",0.0,0.0
201300050567,14,11,2013,15,1,75,103,2,1,2,7,"03, BOULEVARD SAINT MART",0.0,0.0
201300050568,16,11,2013,2,5,75,103,2,2,1,3,"90, BOULEVARD DE SEBASTO",0.0,0.0
201300050569,20,11,2013,11,1,75,109,2,3,8,6,"17, RUE D AUMALE",0.0,0.0
201300050570,20,11,2013,16,2,75,109,2,2,3,3,"52, RUE DE DOUAI",0.0,0.0
201300050571,21,11,2013,14,1,75,103,2,2,1,3,"1bis, RUE SAINT GILLES",0.0,0.0
201300050572,23,11,2013,0,5,75,103,2,7,1,1,"21, PLACE DE LA REPUBLIQ",0.0,0.0
201300050573,26,11,2013,11,1,75,102,2,3,8,3,"8, RUE ETIENNE MARCEL",0.0,0.0
201300050574,30,11,2013,0,5,75,104,2,1,8,6,"41, RUE FRANCOIS MIRON",0.0,0.0
201300050575,30,11,2013,2,5,75,103,2,1,8,6,"109, RUE QUINCAMPOIX",0.0,0.0
201300050576,4,12,2013,10,1,75,103,2,2,1,6,"1, RUE DU PARC ROYAL",0.0,0.0
201300050577,6,12,2013,19,5,75,103,2,7,1,6,"3, PLACE DE LA REPUBLIQU",0.0,0.0
201300050578,11,12,2013,15,1,75,103,2,3,1,6,"34, RUE DE TURENNE",0.0,0.0
201300050579,14,12,2013,17,5,75,103,2,1,1,6,"58, RUE RAMBUTEAU",0.0,0.0
201300050580,16,12,2013,9,1,75,103,2,7,1,2,"03, PLACE DE LA REPUBLIQ",0.0,0.0
201300050581,16,12,2013,12,1,75,103,2,2,1,6,"17, BOULEVARD DU TEMPLE",0.0,0.0
201300050582,16,12,2013,19,5,75,103,2,3,1,6,"106, RUE DU TEMPLE",0.0,0.0
201300050583,17,12,2013,12,1,75,103,2,5,1,6,"57, RUE DE TURBIGO",0.0,0.0
201300050584,17,12,2013,19,5,75,103,2,1,1,6,"43, RUE DE TURENNE",0.0,0.0
201300050585,19,12,2013,18,5,75,103,2,2,1,3,"93, RUE DE TURENNE",0.0,0.0
201300050586,21,12,2013,22,5,75,103,2,2,2,3,"64, RUE REAUMUR",0.0,0.0
201300050587,22,12,2013,16,5,75,103,2,1,2,6,"105, BOULEVARD BEAUMARCH",0.0,0.0
201300050588,5,1,2013,5,5,75,104,2,5,1,6,RUE DE LOBAU,0.0,0.0
201300050589,6,1,2013,15,1,75,104,2,7,8,3,"2, PLACE DU CHATELET",0.0,0.0
201300050590,10,1,2013,17,5,75,104,2,2,2,6,"39, RUE SAINT ANTOINE",0.0,0.0
201300050591,11,1,2013,17,5,75,104,2,1,1,6,"29 bis, RUE DES FRANCS B",0.0,0.0
201300050592,16,1,2013,15,1,75,104,2,3,8,3,"45, RUE FRANCOIS MIRON",0.0,0.0
201300050593,26,1,2013,7,5,75,104,2,3,1,6,"39, BOULEVARD BOURDON",0.0,0.0
201300050594,28,1,2013,19,5,75,104,2,4,1,6,VOIE GEORGES POMPIDOU,0.0,0.0
201300050595,29,1,2013,8,2,75,104,2,7,2,3,"03, PLACE DE LA BASTILLE",0.0,0.0
201300050596,1,2,2013,3,5,75,104,2,3,2,6,"4, BOULEVARD DE SEBASTOP",0.0,0.0
201300050597,3,2,2013,20,5,75,104,2,1,2,6,QUAI DE L HOTEL DE VILLE,0.0,0.0
201300050598,4,2,2013,11,1,75,104,2,2,2,7,"29, RUE DES ARCHIVES",0.0,0.0
201300050599,5,2,2013,11,1,75,104,2,5,1,2,"96, RUE DE RIVOLI",0.0,0.0
201300050600,7,2,2013,12,1,75,104,2,2,1,7,QUAI DE L HOTEL DE VILLE,0.0,0.0
201300050601,10,2,2013,5,5,75,104,2,4,1,6,RUE DU RENARD,0.0,0.0
201300050602,13,2,2013,10,1,75,104,2,1,1,6,"33, RUE DE RIVOLI",0.0,0.0
201300050603,15,2,2013,9,1,75,104,2,7,1,7,PLACE DE LA BASTILLE,0.0,0.0
201300050604,15,2,2013,12,1,75,104,2,1,1,6,"40, QUAI DES CELESTINS",0.0,0.0
201300050605,19,2,2013,10,1,75,103,2,1,1,7,"7, PLACE DE LA REPUBLIQU",0.0,0.0
201300050606,20,2,2013,17,1,75,104,2,2,1,2,"24, RUE SAINT ANTOINE",0.0,0.0
201300050607,26,2,2013,20,5,75,104,2,2,1,6,"20, RUE BEAUBOURG",0.0,0.0
201300050608,27,2,2013,17,1,75,104,2,1,1,6,"20, RUE DE TURENNE",0.0,0.0
201300050609,3,3,2013,16,1,75,104,2,7,1,6,"1, RUE SAINT ANTOINE",0.0,0.0
201300050610,3,3,2013,18,5,75,104,2,3,1,2,RUE DE RIVOLI,0.0,0.0
201300050611,4,3,2013,16,1,75,104,2,2,1,3,"86, RUE SAINT ANTOINE",0.0,0.0
201300050612,9,3,2013,2,5,75,104,2,4,1,6,"23, RUE DU RENARD",0.0,0.0
201300050613,11,3,2013,20,5,75,104,2,1,3,2,"4, RUE DE LOBAU",0.0,0.0
201300050614,12,3,2013,15,1,75,104,2,1,4,6,"4, QUAI DES CELESTINS",0.0,0.0
201300050615,12,3,2013,20,5,75,104,2,3,4,6,"113, RUE SAINT ANTOINE",0.0,0.0
201300050616,14,3,2013,3,5,75,104,2,2,1,6,"2, RUE DE RIVOLI",0.0,0.0
201300050617,14,3,2013,8,1,75,104,2,3,1,6,"2, RUE BEAUBOURG",0.0,0.0
201300050618,15,3,2013,16,1,75,104,2,2,1,3,"02, BOULEVARD MORLAND",0.0,0.0
201300050619,20,3,2013,9,1,75,104,2,2,1,2,"21, BOULEVARD MORLAND",0.0,0.0
201300050620,23,3,2013,23,5,75,104,2,5,1,3,BOULEVARD DE SEBASTOPOL,0.0,0.0
201300050621,28,3,2013,9,1,75,104,2,3,1,7,"6, RUE SAINT ANTOINE",0.0,0.0
201300050622,2,4,2013,15,1,75,104,2,3,1,3,"33, BOULEVARD BOURDON",0.0,0.0
201300050623,6,4,2013,0,5,75,101,2,3,1,2,"59, BOULEVARD DE SEBASTO",0.0,0.0
201300050624,7,4,2013,2,5,75,104,2,3,1,6,RUE DE RIVOLI,0.0,0.0
201300050625,8,4,2013,21,5,75,104,2,1,9,6,VOIE GEORGES POMPIDOU,0.0,0.0
201300050626,10,4,2013,8,1,75,104,2,2,2,6,"25, RUE DE RIVOLI",0.0,0.0
201300050627,11,4,2013,16,1,75,104,2,1,2,4,"40, RUE DE RIVOLI",0.0,0.0
201300050628,12,4,2013,15,1,75,104,2,5,1,6,"05, BOULEVARD HENRI IV",0.0,0.0
201300050629,13,4,2013,0,5,75,104,2,2,1,3,RUE PAVEE,0.0,0.0
201300050630,13,4,2013,1,5,75,104,2,5,1,6,QUAI DE L HOTEL DE VILLE,0.0,0.0
201300050631,19,4,2013,9,1,75,104,2,7,1,4,"3, PLACE DE LA BASTILLE",0.0,0.0
201300050632,25,4,2013,7,1,75,104,2,7,1,3,PLACE DE LA BASTILLE,0.0,0.0
201300050633,27,4,2013,13,1,75,101,2,2,1,6,"65, RUE SAINT HONORE",0.0,0.0
201300050634,28,4,2013,19,1,75,104,2,1,1,3,"04, RUE DE RIVOLI",0.0,0.0
201300050635,29,4,2013,15,1,75,104,2,2,1,2,"34, BOULEVARD HENRI IV",0.0,0.0
201300050636,2,5,2013,15,1,75,101,2,3,1,6,"9, BOULEVARD DE SEBASTOP",0.0,0.0
201300050637,15,5,2013,10,1,75,104,2,3,1,3,"15, AVENUE VICTORIA",0.0,0.0
201300050638,15,5,2013,17,1,75,104,2,2,1,3,RUE MORNAY,0.0,0.0
201300050639,22,5,2013,9,1,75,104,2,1,1,2,QUAI DE L HOTEL DE VILLE,0.0,0.0
201300050640,22,5,2013,14,1,75,104,2,1,1,3,"66, RUE SAINT ANTOINE",0.0,0.0
201300050641,31,5,2013,0,5,75,104,2,7,2,7,"16, QUAI DE GESVRES",0.0,0.0
201300050642,1,6,2013,14,1,75,104,2,3,1,6,PONT PETIT PONT,0.0,0.0