Num_Acc,jour,mois,an,hr,condition_eclairage,departement,commune,condition_agglomeration,intersection,condition_atmosphere,type_collision,adresse,lattitude,longitude
201300050643,2,6,2013,8,1,75,104,2,1,1,6,"02, VOIE GEORGES POMPIDO",0.0,0.0
201300050644,4,6,2013,12,1,75,104,2,2,1,6,"35, RUE DE RIVOLI",0.0,0.0
201300050645,4,6,2013,15,1,75,104,2,3,1,2,"03, RUE DE TURENNE",0.0,0.0
201300050646,4,6,2013,19,1,75,104,2,2,1,3,"11, RUE DU TEMPLE",0.0,0.0
201300050647,5,6,2013,22,5,75,104,2,1,1,3,"21, RUE DES TOURNELLES",0.0,0.0
201300050648,7,6,2013,16,1,75,104,2,1,1,3,"11, BOULEVARD BOURDON",0.0,0.0
201300050649,7,6,2013,20,1,75,104,2,2,1,6,"11, BOULEVARD DU PALAIS",0.0,0.0
201300050650,8,6,2013,15,1,75,104,2,1,1,2,"16, BOULEVARD DE SEBASTO",0.0,0.0
201300050651,9,6,2013,16,1,75,104,2,2,1,6,"5, RUE DE LA CERISAIE",0.0,0.0
201300050652,12,6,2013,11,1,75,104,2,2,1,6,"15, RUE DU RENARD",0.0,0.0
201300050653,12,6,2013,14,1,75,104,2,1,8,3,"6, QUAI DES CELESTINS",0.0,0.0
201300050654,13,6,2013,10,1,75,104,2,1,8,3,"25, BOULEVARD BEAUMARCHA",0.0,0.0
201300050655,14,6,2013,21,5,75,104,2,3,1,3,BOULEVARD DE SEBASTOPOL,0.0,0.0
201300050656,17,6,2013,18,1,75,104,2,2,3,2,"/, QUAI DE GESVRES",0.0,0.0
201300050657,25,6,2013,20,1,75,104,2,3,1,2,"20, RUE DU RENARD",0.0,0.0
201300050658,25,6,2013,20,1,75,104,2,7,1,6,"2, QUAI DE GESVRES",0.0,0.0
201300050659,26,6,2013,23,5,75,104,2,2,1,6,"42, BOULEVARD HENRI IV",0.0,0.0
201300050660,29,6,2013,5,4,75,104,2,3,1,6,"27, BOULEVARD BOURDON",0.0,0.0
201300050661,26,6,2013,13,1,75,103,2,2,1,2,"33, BOULEVARD BEAUMARCHA",0.0,0.0
201300050662,5,7,2013,1,5,75,104,2,2,1,3,PONT DE SULLY,0.0,0.0
201300050663,8,7,2013,21,2,75,104,2,1,1,3,PONT NOTRE DAME,0.0,0.0
201300050664,14,7,2013,2,5,75,104,2,2,1,6,"74, RUE DE RIVOLI",0.0,0.0
201300050665,16,7,2013,13,1,75,104,2,1,1,6,"16, RUE CHANOINESSE",0.0,0.0
201300050666,18,7,2013,15,1,75,104,2,2,1,6,RUE DE RIVOLI,0.0,0.0
201300050667,18,7,2013,22,5,75,104,2,3,1,3,RUE MALHER,0.0,0.0
201300050668,20,7,2013,15,1,75,104,2,3,1,2,"29, BOULEVARD BEAUMARCHA",0.0,0.0
201300050669,22,7,2013,18,1,75,104,2,3,1,7,"04, BOULEVARD DE SEBASTO",0.0,0.0
201300050670,28,7,2013,9,1,75,104,2,1,1,6,"14, BOULEVARD HENRI IV",0.0,0.0
201300050671,31,7,2013,9,1,75,104,2,2,1,2,"1, QUAI AUX FLEURS",0.0,0.0
201300050672,4,8,2013,23,5,75,101,2,1,1,7,SOUTERRAIN TRANSIT HALLE,0.0,0.0
201300050673,7,8,2013,18,1,75,104,2,5,1,7,"2, QUAI DES CELESTINS",0.0,0.0
201300050674,13,8,2013,5,5,75,104,2,3,1,6,QUAI DE L HOTEL DE VILLE,0.0,0.0
201300050675,13,8,2013,14,1,75,104,2,1,1,6,"76, RUE DE RIVOLI",0.0,0.0
201300050676,20,8,2013,13,1,75,104,2,2,1,3,"11, AVENUE VICTORIA",0.0,0.0
201300050677,21,8,2013,19,1,75,104,2,3,1,3,"44, RUE DE RIVOLI",0.0,0.0
201300050678,22,8,2013,8,1,75,104,2,7,1,6,"03, BOULEVARD BEAUMARCHA",0.0,0.0
201300050679,24,8,2013,8,1,75,104,2,3,1,3,"66, RUE DE RIVOLI",0.0,0.0
201300050680,25,8,2013,2,5,75,104,2,1,3,6,QUAI DE L HOTEL DE VILLE,0.0,0.0
201300050681,30,8,2013,14,1,75,104,2,2,1,3,"51, RUE VIEILLE DU TEMPL",0.0,0.0
201300050682,1,9,2013,0,5,75,104,2,2,1,3,"52, RUE DE RIVOLI",0.0,0.0
201300050683,4,9,2013,12,1,75,104,2,2,1,3,"15, RUE D ARCOLE",0.0,0.0
201300050684,5,9,2013,11,1,75,104,2,5,1,2,"1, QUAI DE L HOTEL DE VI",0.0,0.0
201300050685,9,9,2013,16,1,75,104,2,1,2,6,"4, RUE DE LOBAU",0.0,0.0
201300050686,10,9,2013,1,3,75,104,2,5,1,3,"10, BOULEVARD DE SEBASTO",0.0,0.0
201300050687,12,9,2013,20,5,75,104,2,1,1,6,"44, RUE DE RIVOLI",0.0,0.0
201300050688,13,9,2013,17,1,75,104,2,1,2,3,"16, QUAI DE GESVRES",0.0,0.0
201300050689,16,9,2013,19,1,75,104,2,3,3,2,"33, BOULEVARD BOURDON",0.0,0.0
201300050690,20,9,2013,15,1,75,104,2,1,1,7,"23, BOULEVARD BEAUMARCHA",0.0,0.0
201300050691,21,9,2013,2,5,75,104,2,2,1,7,"88, RUE DE RIVOLI",0.0,0.0
201300050692,21,9,2013,14,1,75,104,2,1,1,2,"2, RUE DES TOURNELLES",0.0,0.0
201300050693,21,9,2013,16,1,75,101,2,2,1,6,BOULEVARD DE SEBASTOPOL,0.0,0.0
201300050694,30,9,2013,13,1,75,104,2,2,1,3,"2, BOULEVARD HENRI IV",0.0,0.0
201300050695,2,10,2013,8,1,75,104,2,2,1,6,"40, RUE VIEILLE DU TEMPL",0.0,0.0
201300050696,6,10,2013,19,2,75,104,2,1,1,3,"23, BOULEVARD BEAUMARCHA",0.0,0.0
201300050697,11,10,2013,12,1,75,104,2,1,2,3,"4 bis, BOULEVARD MORLAND",0.0,0.0
201300050698,13,10,2013,9,1,75,104,2,2,1,2,"7, BOULEVARD DE SEBASTOP",0.0,0.0
201300050699,14,10,2013,0,5,75,104,2,1,1,6,"5, RUE DE LOBAU",0.0,0.0
201300050700,15,10,2013,7,2,75,104,2,2,1,3,RUE AUBRY LE BOUCHER,0.0,0.0
201300050701,15,10,2013,18,5,75,104,2,3,1,3,"25, PLACE DES VOSGES",0.0,0.0
201300050702,16,10,2013,8,2,75,104,2,1,1,6,"17, BOULEVARD MORLAND",0.0,0.0
201300050703,21,10,2013,14,1,75,104,2,2,2,7,"60, QUAI DE L HOTEL DE V",0.0,0.0
201300050704,21,10,2013,16,1,75,104,2,2,1,3,"33, BOULEVARD BOURDON",0.0,0.0
201300050705,22,10,2013,16,1,75,104,2,2,1,3,"4, BOULEVARD DE SEBASTOP",0.0,0.0
201300050706,25,10,2013,19,5,75,104,2,2,2,6,"1, RUE DE RIVOLI",0.0,0.0
201300050707,26,10,2013,10,1,75,104,2,1,1,6,"76, RUE DE RIVOLI",0.0,0.0
201300050708,26,10,2013,18,1,75,104,2,7,1,6,"16, QUAI DE GESVRES",0.0,0.0
201300050709,27,10,2013,2,5,75,104,2,2,1,6,"14, BOULEVARD DE SEBASTO",0.0,0.0
201300050710,30,10,2013,11,1,75,104,2,3,1,3,"22, QUAI DES CELESTINS",0.0,0.0
201300050711,30,10,2013,12,1,75,104,2,1,1,3,"28, BOULEVARD DE SEBASTO",0.0,0.0
201300050712,31,10,2013,9,1,75,104,2,2,1,3,QUAI DE L HOTEL DE VILLE,0.0,0.0
201300050713,2,11,2013,14,1,75,104,2,1,2,2,"08, QUAI DE GESVRES",0.0,0.0
201300050714,8,11,2013,16,1,75,104,2,3,1,2,"64, RUE DE RIVOLI",0.0,0.0
201300050715,8,11,2013,21,5,75,104,2,7,2,3,PLACE DE LA BASTILLE,0.0,0.0
201300050716,9,11,2013,18,5,75,104,2,1,1,2,"8, RUE DE RIVOLI",0.0,0.0
201300050717,11,11,2013,14,1,75,104,2,2,1,2,RUE SAINT ANTOINE,0.0,0.0
201300050718,18,11,2013,11,1,75,109,2,2,8,3,RUE DE ROCHECHOUART,0.0,0.0
201300050719,18,11,2013,20,5,75,104,2,2,1,3,BOULEVARD HENRI IV,0.0,0.0
201300050720,21,11,2013,8,1,75,104,2,2,2,6,QUAI AUX FLEURS,0.0,0.0
201300050721,26,11,2013,15,1,75,104,2,2,8,2,"21, RUE DES ARCHIVES",0.0,0.0
201300050722,27,11,2013,7,5,75,104,2,3,1,6,"05, BOULEVARD HENRI IV",0.0,0.0
201300050723,28,11,2013,10,1,75,104,2,1,1,6,"4, RUE DES BARRES",0.0,0.0
201300050724,28,11,2013,15,1,75,104,2,3,8,3,"02, RUE BEAUBOURG",0.0,0.0
201300050725,28,11,2013,16,1,75,104,2,1,8,6,"28, RUE DE RIVOLI",0.0,0.0
201300050726,1,12,2013,21,5,75,104,2,2,1,3,"9, RUE DES ARCHIVES",0.0,0.0
201300050727,4,12,2013,8,1,75,104,2,2,1,6,"40, BOULEVARD DE SEBASTO",0.0,0.0
201300050728,4,12,2013,14,1,75,104,2,7,1,3,PLACE DE LA BASTILLE,0.0,0.0
201300050729,5,12,2013,11,1,75,104,2,2,1,6,"82, RUE SAINT ANTOINE",0.0,0.0
201300050730,6,12,2013,23,5,75,104,2,2,1,3,"29, BOULEVARD BEAUMARCHA",0.0,0.0
201300050731,11,12,2013,9,1,75,104,2,2,1,3,"2, QUAI DES CELESTINS",0.0,0.0
201300050732,12,12,2013,15,1,75,104,2,2,1,6,PONT DE LA TOURNELLE,0.0,0.0
201300050733,12,12,2013,22,5,75,104,2,3,1,6,"10, RUE DU RENARD",0.0,0.0
201300050734,12,12,2013,13,1,75,104,2,1,1,3,"52, RUE DES ARCHIVES",0.0,0.0
201300050735,19,12,2013,19,5,75,104,2,2,1,3,RUE DE RIVOLI,0.0,0.0
201300050736,21,12,2013,17,5,75,104,2,2,1,1,"46, QUAI DES CELESTINS",0.0,0.0
201300050737,26,12,2013,20,5,75,103,2,2,1,6,"28, RUE DE TURBIGO",0.0,0.0
201300050738,30,12,2013,17,2,75,104,2,2,2,6,"2, RUE DE LOBAU",0.0,0.0
201300050739,30,12,2013,21,5,75,104,2,2,1,3,RUE SAINT MARTIN,0.0,0.0
201300050740,31,12,2013,18,5,75,109,2,2,2,6,"1, RUE LAFFITTE",0.0,0.0
201300050741,1,1,2013,2,5,75,105,2,2,2,6,"14, BOULEVARD DE PORT RO",0.0,0.0
201300050742,10,1,2013,9,1,75,105,2,2,1,7,"22, BOULEVARD SAINT MICH",0.0,0.0
201300050743,10,1,2013,15,1,75,105,2,1,2,3,"12, PLACE DU PANTHEON",0.0,0.0
201300050744,10,1,2013,16,1,75,105,2,2,2,2,"26, BOULEVARD SAINT GERM",0.0,0.0
201300050745,14,1,2013,13,1,75,105,2,5,1,3,"1, QUAI SAINT MICHEL",0.0,0.0
201300050746,17,1,2013,10,1,75,105,2,2,1,6,"20, RUE DE L ESTRAPADE",0.0,0.0
201300050747,23,1,2013,15,1,75,105,2,1,1,3,"74, BOULEVARD DE PORT RO",0.0,0.0
201300050748,28,1,2013,11,1,75,105,2,5,1,6,"14, RUE MONGE",0.0,0.0
201300050749,29,1,2013,2,5,75,105,2,4,2,7,"07, RUE LAGRANGE",0.0,0.0
201300050750,30,1,2013,14,1,75,105,2,1,2,6,"20, RUE MONGE",0.0,0.0
201300050751,30,1,2013,16,1,75,105,2,3,1,6,"70, BOULEVARD SAINT MARC",0.0,0.0
201300050752,31,1,2013,4,4,75,105,2,2,1,3,"38, RUE SAINT JACQUES",0.0,0.0
201300050753,31,1,2013,15,1,75,105,2,2,2,6,"9, RUE SOUFFLOT",0.0,0.0
201300050754,2,2,2013,20,5,75,105,2,1,2,7,"87, BOULEVARD DE PORT RO",0.0,0.0
201300050755,3,2,2013,20,5,75,105,2,1,2,2,"66, BOULEVARD DE PORT RO",0.0,0.0
201300050756,4,2,2013,17,1,75,105,2,1,1,3,PONT DE SULLY,0.0,0.0
201300050757,5,2,2013,16,1,75,105,2,2,1,3,"20, BOULEVARD DE PORT RO",0.0,0.0
201300050758,6,2,2013,22,5,75,105,2,1,2,3,"23, QUAI SAINT BERNARD",0.0,0.0
201300050759,7,2,2013,12,1,75,105,2,1,1,6,"89, BOULEVARD SAINT MICH",0.0,0.0
201300050760,12,2,2013,23,5,75,105,2,2,1,3,"96, BOULEVARD DE PORT RO",0.0,0.0
201300050761,13,2,2013,15,1,75,105,2,2,1,6,"133, BOULEVARD SAINT MIC",0.0,0.0
201300050762,16,2,2013,14,1,75,105,2,1,1,7,"221, RUE SAINT JACQUES",0.0,0.0
201300050763,17,2,2013,2,5,75,105,2,2,1,3,"33, BOULEVARD SAINT GERM",0.0,0.0
201300050764,18,2,2013,8,1,75,105,2,2,1,2,"23, RUE SOUFFLOT",0.0,0.0
201300050765,18,2,2013,12,1,75,105,2,1,1,3,"12bis, AVENUE DES GOBELI",0.0,0.0
201300050766,19,2,2013,10,1,75,105,2,1,1,6,"55, RUE SAINT JACQUES",0.0,0.0
201300050767,21,2,2013,9,1,75,105,2,4,1,7,"2, RUE BUFFON",0.0,0.0
201300050768,22,2,2013,13,1,75,105,2,2,1,3,AVENUE DES GOBELINS,0.0,0.0
201300050769,23,2,2013,16,1,75,105,2,1,4,6,"72, RUE MOUFFETARD",0.0,0.0
201300050770,23,2,2013,13,1,75,105,2,1,1,2,"63, RUE CLAUDE BERNARD",0.0,0.0
201300050771,24,2,2013,12,1,75,105,2,2,4,6,"19, QUAI DE LA TOURNELLE",0.0,0.0
201300050772,6,3,2013,19,5,75,105,2,2,2,6,"137, BOULEVARD SAINT MIC",0.0,0.0
201300050773,9,3,2013,22,5,75,105,2,1,1,6,"36, RUE DES ECOLES",0.0,0.0
201300050774,8,3,2013,18,5,75,105,2,5,5,7,"702, RUE MONGE",0.0,0.0
201300050775,22,3,2013,0,5,75,105,2,1,1,6,"25, QUAI DE LA TOURNELLE",0.0,0.0
201300050776,23,3,2013,17,1,75,105,2,7,1,2,"47 ter, BOULEVARD SAINT",0.0,0.0
201300050777,25,3,2013,12,1,75,105,2,2,1,6,"53, RUE HENRI BARBUSSE",0.0,0.0
201300050778,29,3,2013,19,5,75,105,2,4,1,3,"2, BOULEVARD DE L HOPITA",0.0,0.0
201300050779,2,4,2013,19,2,75,105,2,2,1,2,"125, RUE SAINT JACQUES",0.0,0.0
201300050780,6,4,2013,0,5,75,105,2,3,1,6,"7, AVENUE DES GOBELINS",0.0,0.0
201300050781,6,4,2013,15,1,75,105,2,1,1,6,"4, RUE DES FOSSES SAINT",0.0,0.0
201300050782,7,4,2013,22,5,75,105,2,4,1,6,"61, BOULEVARD SAINT MICH",0.0,0.0
201300050783,9,4,2013,12,1,75,106,2,5,2,1,BOULEVARD SAINT MICHEL,0.0,0.0
201300050784,9,4,2013,17,1,75,105,2,1,2,2,"3, PLACE DU PUITS DE L E",0.0,0.0
201300050785,9,4,2013,21,5,75,105,2,2,1,1,RUE CLAUDE BERNARD,0.0,0.0
201300050786,10,4,2013,16,1,75,105,2,2,2,3,QUAI SAINT BERNARD,0.0,0.0
201300050787,12,4,2013,20,2,75,113,2,1,2,2,"0, BOULEVARD PERIPHERIQU",0.0,0.0
201300050788,13,4,2013,17,1,75,105,2,2,2,6,"21, BOULEVARD SAINT GERM",0.0,0.0
201300050789,14,4,2013,13,1,75,105,2,4,7,6,"7, RUE LAGRANGE",0.0,0.0
201300050790,17,4,2013,20,1,75,105,2,5,1,7,"73, BOULEVARD SAINT GERM",0.0,0.0
201300050791,20,4,2013,13,1,75,105,2,2,1,6,RUE GAY LUSSAC,0.0,0.0
201300050792,20,4,2013,14,1,75,105,2,2,1,6,"77 bis, RUE MONGE",0.0,0.0
201300050793,22,4,2013,14,1,75,105,2,1,1,3,"74, BOULEVARD DE PORT RO",0.0,0.0
201300050794,22,4,2013,18,1,75,105,2,4,1,7,"24, BOULEVARD DE L HOPIT",0.0,0.0
201300050795,25,4,2013,18,1,75,105,2,1,1,6,"4, RUE DU PETIT PONT",0.0,0.0
201300050796,25,4,2013,22,5,75,113,2,5,1,3,RUE DE TOLBIAC,0.0,0.0
201300050797,26,4,2013,15,1,75,105,2,1,1,3,RUE BUFFON,0.0,0.0
201300050798,26,4,2013,16,1,75,105,2,1,2,7,"30, RUE SAINT JACQUES",0.0,0.0
201300050799,26,4,2013,19,1,75,105,2,2,2,6,"82, RUE MONGE",0.0,0.0
201300050800,26,4,2013,19,1,75,105,2,7,2,6,"1, RUE SOUFFLOT",0.0,0.0
201300050801,28,4,2013,11,1,75,105,2,3,1,3,"45, RUE JUSSIEU",0.0,0.0
201300050802,30,4,2013,17,1,75,105,2,2,2,7,"46, BOULEVARD SAINT GERM",0.0,0.0
201300050803,3,5,2013,10,1,75,105,2,1,1,3,BOULEVARD SAINT MARCEL,0.0,0.0
201300050804,5,5,2013,2,5,75,105,2,5,1,6,"67, BOULEVARD SAINT GERM",0.0,0.0
201300050805,6,5,2013,12,1,75,105,2,2,2,3,"34, RUE LHOMOND",0.0,0.0
201300050806,6,5,2013,12,1,75,105,2,7,1,3,"01, RUE SOUFFLOT",0.0,0.0
201300050807,7,5,2013,14,1,75,105,2,5,1,6,"69, BOULEVARD SAINT GERM",0.0,0.0
201300050808,7,5,2013,15,1,75,105,2,3,1,6,"93, RUE MONGE",0.0,0.0
201300050809,16,5,2013,9,1,75,105,2,2,2,6,"02, RUE DES ECOLES",0.0,0.0
201300050810,19,5,2013,14,1,75,105,2,5,1,3,"104, RUE MONGE",0.0,0.0
201300050811,19,5,2013,13,1,75,105,2,1,1,6,"55, RUE GEOFFROY SAINT H",0.0,0.0
201300050812,22,5,2013,21,3,75,105,2,2,8,3,RUE SAINT JACQUES,0.0,0.0
201300050813,27,5,2013,19,1,75,105,2,7,1,6,"74, RUE MONGE",0.0,0.0
201300050814,28,5,2013,13,1,75,105,2,1,2,3,"22bis, BOULEVARD SAINT M",0.0,0.0
201300050815,28,5,2013,13,1,75,105,2,2,2,3,"79, RUE MONGE",0.0,0.0
201300050816,30,5,2013,18,1,75,105,2,7,3,6,"7, PLACE VALHUBERT",0.0,0.0
201300050817,31,5,2013,18,1,75,105,2,1,1,5,"82, BOULEVARD SAINT MARC",0.0,0.0
201300050818,1,6,2013,1,5,75,105,2,1,1,1,"42, RUE DES FOSSES SAINT",0.0,0.0
201300050819,3,6,2013,14,1,75,105,2,1,1,6,"25, RUE D ULM",0.0,0.0
201300050820,4,6,2013,19,1,75,105,2,5,1,6,"31, RUE MONGE",0.0,0.0
201300050821,6,6,2013,16,1,75,105,2,2,1,6,"26, BOULEVARD SAINT GERM",0.0,0.0
201300050822,12,6,2013,19,1,75,105,2,3,1,3,"212, RUE SAINT JACQUES",0.0,0.0
201300050823,14,6,2013,7,1,75,105,2,5,1,6,"53, RUE DU CARDINAL LEMO",0.0,0.0
201300050824,19,6,2013,22,5,75,105,2,3,1,6,"179, RUE SAINT JACQUES",0.0,0.0
201300050825,21,6,2013,2,5,75,105,2,2,3,6,"12, BOULEVARD DE L HOPIT",0.0,0.0
201300050826,23,6,2013,19,1,75,105,2,1,2,6,"7, RUE DE LA SORBONNE",0.0,0.0
201300050827,24,6,2013,15,1,75,105,2,7,1,2,"33, PLACE MAUBERT",0.0,0.0
201300050828,24,6,2013,20,2,75,105,2,1,1,1,"61, RUE CLAUDE BERNARD",0.0,0.0
201300050829,25,6,2013,22,5,75,106,2,2,1,6,"147, BOULEVARD RASPAIL",0.0,0.0
201300050830,25,6,2013,9,1,75,105,2,1,8,6,"32, RUE DE L ARBALETE",0.0,0.0
201300050831,25,6,2013,10,1,75,105,2,1,1,2,"12, RUE DU CARDINAL LEMO",0.0,0.0
201300050832,26,6,2013,12,1,75,105,2,1,1,2,"314, RUE SAINT JACQUES",0.0,0.0
201300050833,1,7,2013,6,1,75,105,2,3,1,6,RUE DES CARMES,0.0,0.0
201300050834,1,7,2013,18,1,75,105,2,1,1,6,"36, BOULEVARD SAINT MARC",0.0,0.0
201300050835,2,7,2013,16,1,75,105,2,2,1,3,"14, BOULEVARD SAINT GERM",0.0,0.0
201300050836,7,7,2013,14,1,75,105,2,2,1,3,RUE MONGE,0.0,0.0
201300050837,7,7,2013,20,1,75,105,2,7,1,3,RUE SAINT JACQUES,0.0,0.0
201300050838,8,7,2013,18,1,75,105,2,1,1,3,"30, RUE BERTHOLLET",0.0,0.0
201300050839,10,7,2013,11,1,75,105,2,1,1,6,"9, QUAI SAINT BERNARD",0.0,0.0
201300050840,13,7,2013,17,1,75,105,2,5,1,7,"101, RUE MONGE",0.0,0.0
201300050841,17,7,2013,23,5,75,105,2,1,1,6,"33, RUE DES ECOLES",0.0,0.0
201300050842,18,7,2013,14,1,75,105,2,2,1,3,"107, BOULEVARD SAINT MIC",0.0,0.0
201300050843,19,7,2013,18,1,75,105,2,2,1,6,"3, QUAI SAINT MICHEL",0.0,0.0
201300050844,21,7,2013,16,1,75,105,2,2,1,2,BOULEVARD SAINT MICHEL,0.0,0.0
201300050845,23,7,2013,10,1,75,105,2,1,1,2,"64, BOULEVARD DE PORT RO",0.0,0.0
201300050846,25,7,2013,17,1,75,105,2,5,1,2,"14 bis, BOULEVARD DE L H",0.0,0.0
201300050847,29,7,2013,6,1,75,105,2,2,1,6,"18, BOULEVARD DE L HOPIT",0.0,0.0
201300050848,31,7,2013,9,1,75,105,2,1,1,2,"35, RUE JUSSIEU",0.0,0.0
201300050849,1,8,2013,12,1,75,105,2,2,1,3,"37, RUE CLAUDE BERNARD.",0.0,0.0
201300050850,1,8,2013,19,1,75,105,2,5,1,6,"17, RUE MONGE",0.0,0.0
201300050851,3,8,2013,11,1,75,105,2,2,1,3,BOULEVARD SAINT MICHEL,0.0,0.0
201300050852,4,8,2013,10,1,75,105,2,2,1,4,"63, BOULEVARD SAINT MICH",0.0,0.0
201300050853,22,8,2013,13,1,75,105,2,2,1,3,"263, RUE SAINT JACQUES",0.0,0.0
201300050854,30,8,2013,9,1,75,105,2,1,1,3,"37, QUAI DE LA TOURNELLE",0.0,0.0
201300050855,31,8,2013,20,3,75,105,2,2,1,2,"100, BOULEVARD SAINT GER",0.0,0.0
201300050856,9,9,2013,7,2,75,105,2,2,1,6,"1, QUAI SAINT MICHEL",0.0,0.0
201300050857,14,9,2013,6,5,75,105,2,3,2,7,"296, RUE SAINT JACQUES",0.0,0.0
201300050858,16,9,2013,9,1,75,105,2,2,1,6,"1, RUE SAINT JACQUES",0.0,0.0
201300050859,16,9,2013,13,1,75,105,2,1,1,2,"14, RUE DU CARDINAL LEMO",0.0,0.0
201300050860,16,9,2013,17,1,75,105,2,3,2,3,BOULEVARD SAINT MARCEL,0.0,0.0
201300050861,19,9,2013,20,5,75,105,2,2,1,3,"15, RUE DES FEUILLANTINE",0.0,0.0
201300050862,21,9,2013,2,5,75,105,2,1,1,6,"01, RUE MONGE",0.0,0.0
201300050863,22,9,2013,22,5,75,105,2,5,1,6,"92, BOULEVARD SAINT MARC",0.0,0.0
201300050864,23,9,2013,13,1,75,105,2,5,1,3,"113, RUE MONGE",0.0,0.0
201300050865,26,9,2013,18,1,75,105,2,3,1,6,"36, RUE GEOFFROY SAINT H",0.0,0.0
201300050866,27,9,2013,3,5,75,106,2,1,1,6,"95, BOULEVARD SAINT GERM",0.0,0.0
201300050867,27,9,2013,23,5,75,105,2,7,1,7,"2, PLACE MONGE",0.0,0.0
201300050868,28,9,2013,1,5,75,105,2,2,8,6,"139, BOULEVARD SAINT MIC",0.0,0.0
201300050869,28,9,2013,21,5,75,105,2,2,1,6,BOULEVARD SAINT GERMAIN,0.0,0.0
201300050870,29,9,2013,18,2,75,105,2,5,2,7,"14 bis, BOULEVARD DE L H",0.0,0.0
201300050871,30,9,2013,11,1,75,105,2,1,1,6,BOULEVARD DE PORT ROYAL,0.0,0.0
201300050872,30,9,2013,16,1,75,105,2,1,1,6,"137, BOULEVARD SAINT MIC",0.0,0.0
201300050873,1,10,2013,15,1,75,105,2,1,1,6,"17, RUE HENRI BARBUSSE",0.0,0.0
201300050874,5,10,2013,1,5,75,105,2,1,1,6,"74, BOULEVARD SAINT MARC",0.0,0.0
201300050875,6,10,2013,5,5,75,105,2,2,1,3,"2, PLACE DU PETIT PONT",0.0,0.0
201300050876,8,10,2013,8,1,75,105,2,1,1,3,"03, RUE DU FER A MOULIN",0.0,0.0
201300050877,9,10,2013,17,2,75,105,2,3,2,6,"4, RUE DES FOSSES SAINT",0.0,0.0
201300050878,9,10,2013,20,5,75,105,2,7,2,6,"47, BOULEVARD SAINT MICH",0.0,0.0
201300050879,11,10,2013,19,2,75,105,2,2,8,3,"56, RUE SAINT JACQUES",0.0,0.0
201300050880,12,10,2013,11,1,75,105,2,1,1,3,"37, RUE MONGE",0.0,0.0
201300050881,14,10,2013,18,2,75,105,2,4,1,6,"39, RUE LINNE",0.0,0.0
201300050882,18,10,2013,15,1,75,105,2,2,1,3,"24, RUE MONGE",0.0,0.0
201300050883,19,10,2013,22,5,75,105,2,2,1,3,BOULEVARD SAINT MICHEL,0.0,0.0
201300050884,21,10,2013,15,1,75,105,2,2,8,2,"84, BOULEVARD DE PORT RO",0.0,0.0
201300050885,23,10,2013,19,2,75,105,2,1,1,2,"18, RUE DES FOSSES SAINT",0.0,0.0
201300050886,25,10,2013,14,1,75,105,2,2,8,6,"09, QUAI SAINT BERNARD",0.0,0.0
201300050887,26,10,2013,13,1,75,105,2,3,1,6,"71, BOULEVARD SAINT MICH",0.0,0.0
201300050888,26,10,2013,16,1,75,105,2,3,1,5,"43, QUAI DE LA TOURNELLE",0.0,0.0
201300050889,28,10,2013,19,5,75,105,2,2,1,3,"79, RUE MONGE",0.0,0.0
201300050890,29,10,2013,18,5,75,105,2,2,1,1,"86, BOULEVARD DE PORT RO",0.0,0.0
201300050891,31,10,2013,12,1,75,105,2,2,1,3,"19, QUAI DE LA TOURNELLE",0.0,0.0
201300050892,2,11,2013,19,5,75,106,2,3,2,6,"79, RUE DE RENNES",0.0,0.0
201300050893,2,11,2013,20,5,75,105,2,5,2,6,"23, AVENUE DES GOBELINS",0.0,0.0
201300050894,9,11,2013,21,5,75,105,2,2,1,6,"137, BOULEVARD SAINT MIC",0.0,0.0
201300050895,12,11,2013,11,1,75,105,2,7,2,2,"77bis, RUE MONGE",0.0,0.0
201300050896,13,11,2013,19,5,75,105,2,1,1,6,"93, BOULEVARD DE PORT RO",0.0,0.0
201300050897,14,11,2013,13,1,75,105,2,3,2,6,"46, RUE DES FOSSES SAINT",0.0,0.0
201300050898,18,11,2013,12,1,75,105,2,2,1,6,"66, RUE MONGE",0.0,0.0
201300050899,20,11,2013,19,5,75,105,2,5,2,6,"31, AVENUE GEORGES BERNA",0.0,0.0
201300050900,21,11,2013,15,1,75,105,2,1,8,2,"3, QUAI SAINT MICHEL",0.0,0.0
201300050901,21,11,2013,17,5,75,105,2,1,2,6,"93, BOULEVARD DE PORT RO",0.0,0.0
201300050902,21,11,2013,18,5,75,105,2,1,2,3,"9, BOULEVARD SAINT MICHE",0.0,0.0
201300050903,22,11,2013,0,5,75,105,2,5,1,3,BOULEVARD DE PORT ROYAL,0.0,0.0
201300050904,22,11,2013,20,5,75,113,2,4,1,7,RUE DU JAVELOT,0.0,0.0
201300050905,24,11,2013,18,5,75,105,2,1,1,3,"17, RUE GAY LUSSAC",0.0,0.0
201300050906,26,11,2013,20,5,75,113,2,1,1,7,"13, RUE BAUDRICOURT",0.0,0.0
201300050907,30,11,2013,17,5,75,105,2,3,1,2,"63, BOULEVARD SAINT GERM",0.0,0.0
201300050908,2,12,2013,16,1,75,105,2,2,1,5,"0, RUE MONGE",0.0,0.0
201300050909,3,12,2013,8,1,75,105,2,2,1,6,"69, BOULEVARD SAINT MICH",0.0,0.0
201300050910,6,12,2013,9,1,75,105,2,7,1,2,"1, PLACE SAINT MICHEL",0.0,0.0
201300050911,8,12,2013,20,5,75,113,2,5,1,6,"33, BOULEVARD KELLERMANN",0.0,0.0
201300050912,19,12,2013,15,1,75,105,2,3,1,6,"82, BOULEVARD SAINT MARC",0.0,0.0