Num_Acc,jour,mois,an,hr,condition_eclairage,departement,commune,condition_agglomeration,intersection,condition_atmosphere,type_collision,adresse,lattitude,longitude
201300050913,20,12,2013,19,5,75,106,2,1,1,3,"86, BOULEVARD SAINT MICH",0.0,0.0
201300050914,22,12,2013,15,1,75,113,2,1,2,7,BOULEVARD PERIPHERIQUE I,0.0,0.0
201300050915,27,12,2013,11,1,75,105,2,2,2,7,"15, RUE MONGE",0.0,0.0
201300050916,28,12,2013,2,5,75,105,2,5,2,1,"32, RUE SAINT JACQUES",0.0,0.0
201300050917,1,1,2013,5,5,75,113,2,3,3,6,"5, BOULEVARD DE L HOPITA",0.0,0.0
201300050918,1,1,2013,9,1,75,106,2,2,2,3,"175, BOULEVARD SAINT GER",0.0,0.0
201300050919,1,1,2013,21,5,75,106,2,2,9,3,"97, RUE DE SEINE",0.0,0.0
201300050920,2,1,2013,22,5,75,106,2,1,1,6,"155 bis, RUE DE RENNES",0.0,0.0
201300050921,9,1,2013,10,1,75,106,2,4,1,6,"87, RUE DE RENNES",0.0,0.0
201300050922,11,1,2013,2,5,75,106,2,1,2,7,"08, RUE SAINT PLACIDE",0.0,0.0
201300050923,12,1,2013,12,1,75,106,2,2,2,6,"43, RUE DE VAUGIRARD",0.0,0.0
201300050924,17,1,2013,15,1,75,106,2,5,1,7,"120, BOULEVARD SAINT GER",0.0,0.0
201300050925,18,1,2013,8,1,75,106,2,2,8,7,"121, BOULEVARD RASPAIL",0.0,0.0
201300050926,25,1,2013,10,1,75,106,2,1,1,6,"17, RUE SEGUIER",0.0,0.0
201300050927,27,1,2013,16,1,75,106,2,2,8,3,"139, BOULEVARD RASPAIL",0.0,0.0
201300050928,28,1,2013,7,2,75,106,2,5,1,7,"11, QUAI DE CONTI",0.0,0.0
201300050929,2,2,2013,16,1,75,106,2,3,1,7,"53 bis, QUAI DES GRANDS",0.0,0.0
201300050930,8,2,2013,19,5,75,106,2,4,6,6,"4, CARREFOUR ODEON",0.0,0.0
201300050931,17,2,2013,0,5,75,106,2,4,1,6,"156, BOULEVARD SAINT GER",0.0,0.0
201300050932,28,2,2013,2,5,75,106,2,1,1,7,"71, BOULEVARD RASPAIL",0.0,0.0
201300050933,8,3,2013,18,2,75,106,2,5,2,3,"112, RUE DE RENNES",0.0,0.0
201300050934,15,3,2013,12,1,75,106,2,1,1,6,"86, RUE DE SEVRES",0.0,0.0
201300050935,18,3,2013,12,1,75,106,2,1,2,7,"19, RUE DE VAUGIRARD",0.0,0.0
201300050936,19,3,2013,18,1,75,106,2,5,1,3,"2, PLACE MICHEL DEBRE",0.0,0.0
201300050937,21,3,2013,13,1,75,106,2,3,2,6,"30, RUE SAINT BENOIT",0.0,0.0
201300050938,21,3,2013,17,1,75,106,2,3,1,6,"03 bis, RUE DE L EPERON",0.0,0.0
201300050939,28,3,2013,21,5,75,106,2,3,1,7,"17, RUE DE VAUGIRARD",0.0,0.0
201300050940,29,3,2013,14,1,75,106,2,3,1,3,"69, RUE DE VAUGIRARD",0.0,0.0
201300050941,5,4,2013,13,1,75,106,2,2,1,3,"83, BOULEVARD SAINT GERM",0.0,0.0
201300050942,5,4,2013,15,1,75,106,2,7,1,2,"9, PLACE SAINT ANDRE DES",0.0,0.0
201300050943,7,4,2013,5,5,75,113,2,5,1,3,BOULEVARD VINCENT AURIOL,0.0,0.0
201300050944,11,4,2013,21,5,75,106,2,1,2,6,"15Bis, RUE DE VAUGIRARD",0.0,0.0
201300050945,12,4,2013,20,5,75,106,2,5,1,7,"27, BOULEVARD DU MONTPAR",0.0,0.0
201300050946,15,4,2013,10,1,75,106,2,2,8,6,"8, BOULEVARD SAINT MICHE",0.0,0.0
201300050947,15,4,2013,17,1,75,106,2,5,1,6,"30, BOULEVARD SAINT MICH",0.0,0.0
201300050948,20,4,2013,14,1,75,106,2,1,1,6,"64, BOULEVARD SAINT MICH",0.0,0.0
201300050949,20,4,2013,17,1,75,106,2,1,1,6,"128, RUE DE RENNES",0.0,0.0
201300050950,22,4,2013,9,1,75,106,2,5,1,3,"25, BOULEVARD DU MONTPAR",0.0,0.0
201300050951,25,4,2013,16,1,75,106,2,1,1,3,"90, RUE D ASSAS",0.0,0.0
201300050952,25,4,2013,22,5,75,106,2,5,1,7,"18, RUE VAVIN",0.0,0.0
201300050953,29,4,2013,7,1,75,106,2,3,1,2,"23, QUAI DE CONTI",0.0,0.0
201300050954,2,5,2013,16,1,75,106,2,7,1,7,"35, RUE NOTRE DAME DES C",0.0,0.0
201300050955,3,5,2013,9,1,75,106,2,3,1,3,"7, QUAI DE CONTI",0.0,0.0
201300050956,3,5,2013,18,1,75,106,2,3,1,6,"4, RUE DE BUCI",0.0,0.0
201300050957,3,5,2013,13,1,75,106,2,2,1,6,"85, BOULEVARD SAINT GERM",0.0,0.0
201300050958,4,5,2013,21,5,75,106,2,5,1,3,RUE VAVIN,0.0,0.0
201300050959,6,5,2013,17,1,75,106,2,7,1,6,"171, RUE DE RENNES",0.0,0.0
201300050960,13,5,2013,20,1,75,106,2,7,1,6,"156, BOULEVARD SAINT GER",0.0,0.0
201300050961,15,5,2013,9,1,75,106,2,3,1,3,"18, BOULEVARD SAINT MICH",0.0,0.0
201300050962,16,5,2013,8,1,75,106,2,3,2,7,"19, RUE DE VAUGIRARD",0.0,0.0
201300050963,20,5,2013,10,1,75,106,2,3,2,6,RUE GARANCIERE,0.0,0.0
201300050964,22,5,2013,11,1,75,106,2,3,1,6,"15, RUE DU FOUR",0.0,0.0
201300050965,25,5,2013,15,1,75,106,2,2,3,1,"68, RUE DE VAUGIRARD",0.0,0.0
201300050966,29,5,2013,11,1,75,106,2,3,1,3,QUAI DES GRANDS AUGUSTIN,0.0,0.0
201300050967,3,6,2013,14,1,75,106,2,1,1,3,"16, RUE SAINT PLACIDE",0.0,0.0
201300050968,3,6,2013,16,1,75,106,2,5,1,3,"09, QUAI MALAQUAIS",0.0,0.0
201300050969,4,6,2013,20,1,75,106,2,4,1,3,RUE DE RENNES,0.0,0.0
201300050970,5,6,2013,18,1,75,106,2,1,1,6,"68, RUE DE RENNES",0.0,0.0
201300050971,9,6,2013,2,5,75,106,2,2,1,3,"89, BOULEVARD DU MONTPAR",0.0,0.0
201300050972,14,6,2013,15,1,75,106,2,7,1,2,BOULEVARD SAINT GERMAIN,0.0,0.0
201300050973,19,6,2013,9,1,75,105,2,2,1,2,"2, BOULEVARD SAINT MICHE",0.0,0.0
201300050974,20,6,2013,11,1,75,106,2,2,2,2,"1, RUE DE TOURNON",0.0,0.0
201300050975,23,6,2013,16,1,75,106,2,3,1,6,"13, QUAI DE CONTI",0.0,0.0
201300050976,24,6,2013,15,1,75,106,2,3,1,6,"24, RUE DAUPHINE",0.0,0.0
201300050977,25,6,2013,19,1,75,106,2,3,1,2,"20, BOULEVARD SAINT MICH",0.0,0.0
201300050978,26,6,2013,15,1,75,106,2,1,1,6,"53, RUE DU FOUR",0.0,0.0
201300050979,27,6,2013,13,1,75,106,2,7,1,2,"145, BOULEVARD SAINT GER",0.0,0.0
201300050980,27,6,2013,15,1,75,106,2,2,1,1,"28, RUE DE VAUGIRARD",0.0,0.0
201300050981,28,6,2013,16,1,75,106,2,7,1,2,"2, PLACE SAINT MICHEL",0.0,0.0
201300050982,29,6,2013,17,1,75,106,2,2,1,3,"53, RUE DE RENNES",0.0,0.0
201300050983,1,7,2013,1,5,75,106,2,1,1,3,"25, RUE DES GRANDS AUGUS",0.0,0.0
201300050984,1,7,2013,12,1,75,106,2,5,1,6,"57, RUE DE RENNES",0.0,0.0
201300050985,13,7,2013,0,5,75,106,2,2,1,3,"87, BOULEVARD DU MONTPAR",0.0,0.0
201300050986,14,7,2013,17,1,75,106,2,1,1,6,"9, RUE DE MEDICIS",0.0,0.0
201300050987,15,7,2013,0,5,75,106,2,4,1,7,"150, RUE DE RENNES",0.0,0.0
201300050988,16,7,2013,12,1,75,106,2,5,1,6,"63, RUE DE VAUGIRARD",0.0,0.0
201300050989,16,7,2013,18,1,75,106,2,5,1,6,"51, RUE MAZARINE",0.0,0.0
201300050990,18,7,2013,23,5,75,113,2,2,1,2,"17, AVENUE CLAUDE REGAUD",0.0,0.0
201300050991,19,7,2013,16,1,75,106,2,3,1,3,BOULEVARD RASPAIL,0.0,0.0
201300050992,20,7,2013,0,4,75,106,2,1,1,6,"172, BOULEVARD SAINT GER",0.0,0.0
201300050993,22,7,2013,13,1,75,106,2,1,1,6,"11, RUE DE BUCI",0.0,0.0
201300050994,26,7,2013,17,1,75,106,2,1,1,2,"145, RUE DE RENNES",0.0,0.0
201300050995,26,7,2013,20,1,75,106,2,2,1,3,"112, RUE DE RENNES",0.0,0.0
201300050996,2,8,2013,10,1,75,106,2,7,1,3,"149, BOULEVARD SAINT GER",0.0,0.0
201300050997,5,8,2013,14,1,75,106,2,3,8,6,"11, QUAI DE CONTI",0.0,0.0
201300050998,5,8,2013,16,1,75,106,2,2,8,6,"19, BOULEVARD DU MONTPAR",0.0,0.0
201300050999,7,8,2013,20,2,75,106,2,5,1,3,"117, RUE DE RENNES",0.0,0.0
201300051000,8,8,2013,12,1,75,106,2,7,1,6,"71, BOULEVARD DU MONTPAR",0.0,0.0
201300051001,8,8,2013,15,1,75,106,2,1,1,6,"126, BOULEVARD RASPAIL",0.0,0.0
201300051002,11,8,2013,17,1,75,106,2,7,1,6,"91, BOULEVARD SAINT GERM",0.0,0.0
201300051003,22,8,2013,19,1,75,106,2,5,1,6,"132, RUE DE VAUGIRARD",0.0,0.0
201300051004,25,8,2013,1,5,75,105,2,5,2,3,"2, BOULEVARD SAINT MICHE",0.0,0.0
201300051005,27,8,2013,14,1,75,106,2,1,1,7,"138, BOULEVARD RASPAIL",0.0,0.0
201300051006,1,9,2013,14,1,75,106,2,1,1,6,"53, RUE DES SAINTS PERES",0.0,0.0
201300051007,4,9,2013,10,1,75,106,2,5,1,6,"27, BOULEVARD DU MONTPAR",0.0,0.0
201300051008,8,9,2013,6,5,75,106,2,1,1,6,"151B, RUE DE RENNES",0.0,0.0
201300051009,8,9,2013,16,1,75,106,2,1,2,2,"13, QUAI MALAQUAIS",0.0,0.0
201300051010,13,9,2013,18,5,75,106,2,4,1,3,"76, RUE D ASSAS",0.0,0.0
201300051011,17,9,2013,23,5,75,106,2,2,2,7,"122, BOULEVARD SAINT GER",0.0,0.0
201300051012,18,9,2013,2,5,75,106,2,2,2,3,"146, BOULEVARD SAINT GER",0.0,0.0
201300051013,20,9,2013,14,1,75,106,2,2,1,2,"6, BOULEVARD SAINT MICHE",0.0,0.0
201300051014,20,9,2013,17,1,75,106,2,2,1,3,"55, RUE DE SEVRES",0.0,0.0
201300051015,22,9,2013,18,1,75,106,2,7,8,3,"4, PLACE DE L ODEON",0.0,0.0
201300051016,24,9,2013,13,1,75,106,2,1,1,4,"24, RUE DE VAUGIRARD",0.0,0.0
201300051017,25,9,2013,6,2,75,106,2,2,1,2,"19, BOULEVARD DU MONTPAR",0.0,0.0
201300051018,25,9,2013,13,1,75,106,2,2,1,2,"102, RUE DE VAUGIRARD",0.0,0.0
201300051019,26,9,2013,12,1,75,106,2,3,1,6,"101, BOULEVARD DU MONTPA",0.0,0.0
201300051020,27,9,2013,20,5,75,106,2,1,1,7,"9, RUE DES QUATRE VENTS",0.0,0.0
201300051021,1,10,2013,12,1,75,106,2,7,1,3,BOULEVARD SAINT GERMAIN,0.0,0.0
201300051022,3,10,2013,14,1,75,106,2,3,1,7,"05, QUAI DE CONTI",0.0,0.0
201300051023,3,10,2013,21,5,75,105,2,1,2,6,"49, RUE MONGE",0.0,0.0
201300051024,4,10,2013,8,1,75,106,2,3,8,7,"135, BOULEVARD DU MONTPA",0.0,0.0
201300051025,4,10,2013,21,5,75,106,2,5,1,6,"1, PONT SAINT MICHEL",0.0,0.0
201300051026,11,10,2013,19,5,75,106,2,1,1,3,RUE DE RENNES,0.0,0.0
201300051027,12,10,2013,4,5,75,106,2,2,1,6,"47, RUE DE VAUGIRARD",0.0,0.0
201300051028,14,10,2013,6,1,75,106,2,3,1,1,"73, RUE DE SEVRES",0.0,0.0
201300051029,16,10,2013,12,1,75,106,2,2,2,6,"122, BOULEVARD SAINT GER",0.0,0.0
201300051030,16,10,2013,15,1,75,106,2,2,3,3,"82, BOULEVARD RASPAIL",0.0,0.0
201300051031,18,10,2013,18,2,75,106,2,1,1,3,"133, BOULEVARD DU MONTPA",0.0,0.0
201300051032,19,10,2013,19,5,75,106,2,1,1,6,"20, BOULEVARD SAINT MICH",0.0,0.0
201300051033,21,10,2013,15,1,75,106,2,1,1,7,"8, RUE DE L ECOLE DE MED",0.0,0.0
201300051034,23,10,2013,10,1,75,106,2,5,1,6,"117, BOULEVARD DU MONTPA",0.0,0.0
201300051035,24,10,2013,1,5,75,106,2,4,1,3,"1, QUAI DE CONTI",0.0,0.0
201300051036,25,10,2013,8,1,75,106,2,2,8,2,BOULEVARD DU MONTPARNASS,0.0,0.0
201300051037,25,10,2013,19,5,75,106,2,3,2,6,"33, QUAI DES GRANDS AUGU",0.0,0.0
201300051038,25,10,2013,18,5,75,106,2,7,2,3,"4, PLACE EDMOND ROSTAND",0.0,0.0
201300051039,25,10,2013,18,2,75,106,2,3,2,3,"25, QUAI DES GRANDS AUGU",0.0,0.0
201300051040,26,10,2013,18,2,75,106,2,1,2,7,"22, BOULEVARD SAINT MICH",0.0,0.0
201300051041,27,10,2013,22,5,75,106,2,2,2,2,"108, BOULEVARD SAINT GER",0.0,0.0
201300051042,31,10,2013,8,1,75,106,2,1,1,2,"83, RUE DE SEVRES",0.0,0.0
201300051043,2,11,2013,16,1,75,106,2,5,1,6,"41, RUE DU FOUR",0.0,0.0
201300051044,2,11,2013,18,5,75,106,2,7,1,6,"3, PLACE SAINT GERMAIN D",0.0,0.0
201300051045,4,11,2013,16,1,75,106,2,1,1,3,"155, RUE DE RENNES",0.0,0.0
201300051046,6,11,2013,13,1,75,106,2,3,1,1,"25, BOULEVARD DU MONTPAR",0.0,0.0
201300051047,7,11,2013,20,5,75,106,2,1,3,7,"5, QUAI DE CONTI",0.0,0.0
201300051048,12,11,2013,10,1,75,106,2,1,2,2,"57, QUAI DES GRANDS AUGU",0.0,0.0
201300051049,13,11,2013,17,5,75,106,2,2,1,2,BOULEVARD RASPAIL,0.0,0.0
201300051050,14,11,2013,20,5,75,106,2,7,8,3,"2, PLACE SAINT MICHEL",0.0,0.0
201300051051,15,11,2013,14,1,75,106,2,2,1,6,"19, BOULEVARD DU MONTPAR",0.0,0.0
201300051052,15,11,2013,16,1,75,106,2,1,1,6,"11, RUE DE MEDICIS",0.0,0.0
201300051053,20,11,2013,3,5,75,105,2,5,1,3,"67, BOULEVARD SAINT GERM",0.0,0.0
201300051054,20,11,2013,18,5,75,106,2,2,3,3,"21, BOULEVARD DU MONTPAR",0.0,0.0
201300051055,20,11,2013,16,2,75,106,2,3,2,6,"147, RUE DE RENNES",0.0,0.0
201300051056,21,11,2013,8,1,75,106,2,1,2,3,"133/135, RUE DE RENNES",0.0,0.0
201300051057,21,11,2013,8,1,75,106,2,2,2,1,RUE DE RENNES,0.0,0.0
201300051058,20,11,2013,21,3,75,106,2,1,1,3,"136, BOULEVARD RASPAIL",0.0,0.0
201300051059,21,11,2013,19,5,75,106,2,5,2,6,"4, RUE DE SEVRES",0.0,0.0
201300051060,26,11,2013,15,1,75,106,2,2,8,6,"89, BOULEVARD DU MONTPAR",0.0,0.0
201300051061,28,11,2013,17,2,75,106,2,2,2,6,"06, BOULEVARD SAINT MICH",0.0,0.0
201300051062,1,12,2013,23,5,75,106,2,2,1,3,"102, BOULEVARD SAINT MIC",0.0,0.0
201300051063,2,12,2013,8,1,75,106,2,2,1,6,"59, RUE DU CHERCHE MIDI",0.0,0.0
201300051064,3,12,2013,10,1,75,106,2,7,1,2,"18, RUE DE VAUGIRARD",0.0,0.0
201300051065,3,12,2013,18,5,75,106,2,5,1,6,"53, RUE DE RENNES",0.0,0.0
201300051066,5,12,2013,11,1,75,106,2,5,1,2,"35, RUE D ASSAS",0.0,0.0
201300051067,5,12,2013,18,5,75,106,2,3,1,2,"40, RUE DU CHERCHE MIDI",0.0,0.0
201300051068,6,12,2013,19,5,75,106,2,1,1,6,"80, BOULEVARD SAINT MICH",0.0,0.0
201300051069,7,12,2013,8,2,75,114,2,1,2,7,"15, AVENUE DU GENERAL LE",0.0,0.0
201300051070,10,12,2013,9,1,75,106,2,1,8,7,"11, QUAI DE CONTI",0.0,0.0
201300051071,10,12,2013,14,1,75,106,2,3,1,6,"95, BOULEVARD DU MONTPAR",0.0,0.0
201300051072,12,12,2013,13,1,75,106,2,2,1,6,"79, RUE DE VAUGIRARD",0.0,0.0
201300051073,12,12,2013,13,1,75,106,2,5,1,6,"57, QUAI DES GRANDS AUGU",0.0,0.0
201300051074,13,12,2013,13,1,75,106,2,1,1,6,"100, RUE DE RENNES",0.0,0.0
201300051075,15,12,2013,15,1,75,106,2,3,1,6,"25, QUAI DE CONTI",0.0,0.0
201300051076,17,12,2013,18,2,75,106,2,1,1,6,"36, BOULEVARD SAINT MICH",0.0,0.0
201300051077,19,12,2013,0,5,75,106,2,5,2,6,"23, BOULEVARD DU MONTPAR",0.0,0.0
201300051078,20,12,2013,19,2,75,106,2,5,1,3,"118, BOULEVARD RASPAIL",0.0,0.0
201300051079,21,12,2013,2,5,75,106,2,2,1,6,"6, BOULEVARD SAINT MICHE",0.0,0.0
201300051080,22,12,2013,18,5,75,113,2,7,2,2,PLACE D ITALIE,0.0,0.0
201300051081,24,12,2013,17,5,75,106,2,7,2,6,"74, RUE BONAPARTE",0.0,0.0
201300051082,27,12,2013,15,1,75,106,2,1,2,7,"98, RUE DE VAUGIRARD",0.0,0.0
201300051083,30,12,2013,13,1,75,106,2,1,1,6,"59bis, RUE BONAPARTE",0.0,0.0
201300051084,3,1,2013,6,5,75,107,2,2,2,3,AVENUE DU MARECHAL GALLI,0.0,0.0
201300051085,8,1,2013,7,2,75,107,2,1,1,6,"38, RUE DE SEVRES",0.0,0.0
201300051086,8,1,2013,13,1,75,107,2,1,1,3,"37, QUAI D ORSAY",0.0,0.0
201300051087,11,1,2013,1,5,75,107,2,5,2,3,AVENUE DU MARECHAL GALLI,0.0,0.0
201300051088,11,1,2013,21,5,75,107,2,2,2,6,"26, RUE DE SEVRES",0.0,0.0
201300051089,12,1,2013,15,1,75,107,2,2,1,6,"258, BOULEVARD SAINT GER",0.0,0.0
201300051090,14,1,2013,14,1,75,107,2,5,1,2,"35, QUAI VOLTAIRE",0.0,0.0
201300051091,14,1,2013,16,1,75,107,2,1,1,3,"31, AVENUE DE LA MOTTE P",0.0,0.0
201300051092,14,1,2013,18,5,75,107,2,3,1,6,"38, RUE DE SEVRES",0.0,0.0
201300051093,15,1,2013,9,1,75,107,2,4,2,3,"35, RUE DE SEVRES",0.0,0.0
201300051094,16,1,2013,9,1,75,107,2,7,1,2,"2, AVENUE BOSQUET",0.0,0.0
201300051095,16,1,2013,9,1,75,107,2,1,1,3,"20, BOULEVARD DES INVALI",0.0,0.0
201300051096,17,1,2013,14,1,75,107,2,7,1,7,"3, PLACE VAUBAN",0.0,0.0
201300051097,23,1,2013,15,1,75,107,2,2,1,6,"23, RUE DU CHAMP DE MARS",0.0,0.0
201300051098,23,1,2013,18,5,75,107,2,3,1,6,"59, QUAI D ORSAY",0.0,0.0
201300051099,28,1,2013,10,1,75,107,2,2,1,3,"15, AVENUE DE LA BOURDON",0.0,0.0
201300051100,28,1,2013,19,5,75,107,2,1,1,2,QUAI ANATOLE FRANCE,0.0,0.0
201300051101,2,2,2013,18,5,75,107,2,2,2,3,"136, RUE DE GRENELLE",0.0,0.0
201300051102,3,2,2013,22,5,75,107,2,7,2,2,"1, PLACE DE LA RESISTANC",0.0,0.0
201300051103,7,2,2013,20,5,75,107,2,7,1,2,"67, BOULEVARD DES INVALI",0.0,0.0
201300051104,9,2,2013,11,1,75,107,2,3,8,7,"90, RUE DE SEVRES",0.0,0.0
201300051105,11,2,2013,10,1,75,107,2,2,2,7,"43, QUAI D ORSAY",0.0,0.0
201300051106,13,2,2013,9,1,75,107,2,2,1,3,RUE DE VARENNE,0.0,0.0
201300051107,13,2,2013,15,1,75,107,2,3,1,3,"52, RUE DE SEVRES",0.0,0.0
201300051108,14,2,2013,3,5,75,107,2,3,1,6,"23, AVENUE BOSQUET",0.0,0.0
201300051109,14,2,2013,16,1,75,107,2,1,1,6,"09, RUE BARBET DE JOUY",0.0,0.0
201300051110,16,2,2013,20,5,75,107,2,2,1,3,"42, RUE DE BEAUNE",0.0,0.0
201300051111,20,2,2013,14,1,75,107,2,3,1,2,QUAI D ORSAY,0.0,0.0
201300051112,23,2,2013,3,5,75,107,2,1,1,6,"48, BOULEVARD DES INVALI",0.0,0.0
201300051113,2,3,2013,3,5,75,107,2,1,1,2,"15, QUAI ANATOLE FRANCE",0.0,0.0
201300051114,4,3,2013,14,1,75,107,2,3,1,6,"116, RUE DU BAC",0.0,0.0
201300051115,5,3,2013,8,1,75,107,2,3,1,7,QUAI BRANLY,0.0,0.0
201300051116,5,3,2013,17,2,75,107,2,1,1,6,"75, RUE DE LILLE",0.0,0.0
201300051117,7,3,2013,8,1,75,107,2,5,2,3,BOULEVARD DES INVALIDES,0.0,0.0
201300051118,9,3,2013,0,5,75,107,2,1,1,3,", SQUARE BOUCICAUT",0.0,0.0
201300051119,25,3,2013,8,1,75,107,2,2,1,3,"235, BOULEVARD SAINT GER",0.0,0.0
201300051120,26,3,2013,14,1,75,107,2,2,1,6,AVENUE DE LA MOTTE PICQU,0.0,0.0
201300051121,26,3,2013,19,5,75,107,2,3,1,6,"16, RUE DE VARENNE",0.0,0.0
201300051122,26,3,2013,22,5,75,107,2,3,1,7,"90, RUE DE GRENELLE",0.0,0.0
201300051123,27,3,2013,17,1,75,107,2,2,1,6,"10, AVENUE BOSQUET",0.0,0.0
201300051124,28,3,2013,17,1,75,107,2,2,1,3,RUE SAINT DOMINIQUE,0.0,0.0
201300051125,28,3,2013,19,5,75,107,2,5,1,3,"33, QUAI D ORSAY",0.0,0.0
201300051126,29,3,2013,17,1,75,107,2,7,1,3,"63, BOULEVARD DES INVALI",0.0,0.0
201300051127,1,4,2013,16,1,75,107,2,3,1,3,"170 bis, RUE DE GRENELLE",0.0,0.0
201300051128,3,4,2013,0,5,75,107,2,5,1,3,QUAI D ORSAY,0.0,0.0
201300051129,6,4,2013,0,5,75,107,2,2,1,3,AVENUE DUQUESNE,0.0,0.0
201300051130,6,4,2013,2,5,75,107,2,5,1,3,QUAI D ORSAY,0.0,0.0
201300051131,6,4,2013,16,1,75,107,2,1,1,6,"24, RUE DE SEVRES",0.0,0.0
201300051132,9,4,2013,14,1,75,107,2,3,2,6,"45, AVENUE DE SUFFREN",0.0,0.0
201300051133,9,4,2013,15,1,75,107,2,1,2,2,"85, AVENUE BOSQUET",0.0,0.0
201300051134,13,4,2013,0,5,75,107,2,3,1,4,QUAI D ORSAY,0.0,0.0
201300051135,15,4,2013,21,1,75,107,2,2,1,5,"VII-7762, AVENUE DU MARE",0.0,0.0
201300051136,17,4,2013,9,1,75,107,2,7,1,1,"1, PLACE LE CORBUSIER",0.0,0.0
201300051137,18,4,2013,9,1,75,107,2,1,1,7,"29, AVENUE DE SUFFREN",0.0,0.0
201300051138,18,4,2013,15,1,75,107,2,4,1,2,"01, PLACE DENYS COCHIN",0.0,0.0
201300051139,20,4,2013,2,5,75,107,2,2,1,3,RUE SAINT DOMINIQUE,0.0,0.0
201300051140,24,4,2013,0,5,75,107,2,2,1,3,AVENUE DE VILLARS,0.0,0.0
201300051141,24,4,2013,23,5,75,107,2,2,1,3,RUE DE BOURGOGNE,0.0,0.0
201300051142,10,5,2013,18,1,75,107,2,7,1,6,"1, AVENUE DE VILLARS",0.0,0.0
201300051143,13,5,2013,10,1,75,107,2,7,1,3,AVENUE DE LA MOTTE PICQU,0.0,0.0
201300051144,15,5,2013,19,1,75,107,2,2,1,3,AVENUE DUQUESNE,0.0,0.0
201300051145,18,5,2013,18,2,75,107,2,2,2,7,"18, RUE DES SAINTS PERES",0.0,0.0
201300051146,19,5,2013,3,5,75,107,2,5,2,2,"1, BOULEVARD RASPAIL",0.0,0.0
201300051147,20,5,2013,14,1,75,107,2,2,2,6,"130, RUE DU BAC",0.0,0.0
201300051148,20,5,2013,15,1,75,107,2,7,3,6,"3, AVENUE DUQUESNE",0.0,0.0
201300051149,22,5,2013,19,2,75,107,2,2,8,3,"18, BOULEVARD DE LA TOUR",0.0,0.0
201300051150,22,5,2013,20,1,75,107,2,2,1,3,"143, AVENUE DE SUFFREN",0.0,0.0
201300051151,23,5,2013,13,1,75,107,2,1,8,3,"34, RUE DE LILLE",0.0,0.0
201300051152,25,5,2013,0,5,75,107,2,3,1,1,QUAI BRANLY,0.0,0.0
201300051153,29,5,2013,16,1,75,107,2,1,1,3,"26, AVENUE BOSQUET",0.0,0.0
201300051154,30,5,2013,0,4,75,107,2,5,2,3,QUAI D ORSAY,0.0,0.0
201300051155,31,5,2013,21,5,75,107,2,3,1,6,"67, QUAI BRANLY",0.0,0.0
201300051156,3,6,2013,3,5,75,107,2,3,1,4,"1, PLACE HENRY DE MONTHE",0.0,0.0
201300051157,5,6,2013,19,1,75,107,2,5,1,3,"33, QUAI D ORSAY",0.0,0.0
201300051158,7,6,2013,8,1,75,107,2,2,1,3,AVENUE DU MARECHAL GALLI,0.0,0.0
201300051159,8,6,2013,11,1,75,107,2,1,1,6,"29, QUAI ANATOLE FRANCE",0.0,0.0
201300051160,10,6,2013,20,1,75,107,2,2,1,2,"3, RUE DU MARECHAL HARIS",0.0,0.0
201300051161,17,6,2013,9,1,75,107,2,3,3,2,QUAI BRANLY,0.0,0.0
201300051162,17,6,2013,9,1,75,107,2,2,3,2,"31, QUAI VOLTAIRE",0.0,0.0
201300051163,17,6,2013,14,1,75,107,2,2,1,1,"21, AVENUE DUQUESNE",0.0,0.0
201300051164,20,6,2013,13,1,75,107,2,1,8,6,"40, RUE DE VERNEUIL",0.0,0.0
201300051165,25,6,2013,15,1,75,107,2,1,1,2,"3, PLACE HENRY DE MONTHE",0.0,0.0
201300051166,26,6,2013,8,1,75,107,2,2,1,2,"01, PLACE DE L ECOLE MIL",0.0,0.0
201300051167,27,6,2013,0,5,75,107,2,2,1,1,QUAI D ORSAY,0.0,0.0
201300051168,27,6,2013,11,1,75,107,2,1,1,2,"41, RUE DE LILLE",0.0,0.0
201300051169,28,6,2013,9,1,75,107,2,2,2,2,"29, RUE DU BAC",0.0,0.0
201300051170,30,6,2013,7,1,75,107,2,4,1,7,"05, QUAI ANATOLE FRANCE",0.0,0.0
201300051171,7,7,2013,1,3,75,107,2,5,1,6,"33, QUAI D ORSAY",0.0,0.0
201300051172,7,7,2013,13,1,75,107,2,7,7,3,"39, QUAI D ORSAY",0.0,0.0
201300051173,7,7,2013,19,1,75,107,2,1,1,7,"128, RUE DE L UNIVERSITE",0.0,0.0
201300051174,8,7,2013,9,1,75,107,2,5,1,7,QUAI BRANLY,0.0,0.0
201300051175,9,7,2013,12,1,75,107,2,3,1,3,"5, QUAI VOLTAIRE",0.0,0.0
201300051176,10,7,2013,9,1,75,107,2,3,1,6,"75, RUE DE VARENNE",0.0,0.0
201300051177,10,7,2013,15,1,75,107,2,1,1,6,"40, RUE DE SEVRES",0.0,0.0
201300051178,11,7,2013,16,1,75,107,2,3,1,6,"135, RUE DE GRENELLE",0.0,0.0
201300051179,13,7,2013,5,5,75,107,2,2,1,6,"35, RUE DU BAC",0.0,0.0
201300051180,14,7,2013,6,1,75,107,2,3,1,3,"57, QUAI D ORSAY",0.0,0.0
201300051181,18,7,2013,16,1,75,107,2,2,1,2,"34, BOULEVARD DES INVALI",0.0,0.0
201300051182,18,7,2013,19,1,75,107,2,2,1,3,AVENUE DU MARECHAL GALLI,0.0,0.0
201300051183,25,7,2013,4,5,75,107,2,3,1,7,"1, PLACE JOFFRE",0.0,0.0
201300051184,26,7,2013,19,1,75,107,2,1,1,2,"37, QUAI D ORSAY",0.0,0.0