Num_Acc,jour,mois,an,hr,condition_eclairage,departement,commune,condition_agglomeration,intersection,condition_atmosphere,type_collision,adresse,lattitude,longitude
201300051185,28,7,2013,14,1,75,107,2,2,1,3,RUE DE BOURGOGNE,0.0,0.0
201300051186,30,7,2013,17,1,75,107,2,5,1,3,"13, BOULEVARD RASPAIL",0.0,0.0
201300051187,1,8,2013,11,1,75,107,2,2,1,7,"131, AVENUE DE SUFFREN",0.0,0.0
201300051188,13,8,2013,13,1,75,107,2,1,1,4,QUAI BRANLY,0.0,0.0
201300051189,19,8,2013,15,1,75,107,2,2,1,3,RUE DE VARENNE,0.0,0.0
201300051190,23,8,2013,16,1,75,107,2,2,1,2,QUAI D ORSAY,0.0,0.0
201300051191,25,8,2013,15,1,75,107,2,3,2,3,"7, AVENUE DE LA BOURDONN",0.0,0.0
201300051192,27,8,2013,17,1,75,107,2,2,1,6,BOULEVARD RASPAIL,0.0,0.0
201300051193,31,8,2013,17,1,75,107,2,1,1,2,"241, BOULEVARD SAINT GER",0.0,0.0
201300051194,4,9,2013,12,1,75,107,2,1,1,7,"79, QUAI D ORSAY",0.0,0.0
201300051195,6,9,2013,1,5,75,107,2,5,1,6,QUAI BRANLY,0.0,0.0
201300051196,6,9,2013,12,1,75,107,2,5,2,3,"71, QUAI BRANLY",0.0,0.0
201300051197,7,9,2013,9,1,75,107,2,1,1,2,"70, RUE DU BAC",0.0,0.0
201300051198,9,9,2013,9,1,75,107,2,2,1,3,"256, BOULEVARD SAINT GER",0.0,0.0
201300051199,10,9,2013,12,1,75,107,2,2,1,3,"32, RUE FABERT",0.0,0.0
201300051200,11,9,2013,18,1,75,107,2,7,1,6,"01, PLACE DU PRESIDENT M",0.0,0.0
201300051201,12,9,2013,11,1,75,107,2,1,1,2,"27, RUE DU CHAMP DE MARS",0.0,0.0
201300051202,17,9,2013,17,1,75,107,2,2,2,1,"XVII7747, AVENUE DU MARE",0.0,0.0
201300051203,19,9,2013,8,1,75,107,2,2,1,3,"117, RUE DE L UNIVERSITE",0.0,0.0
201300051204,19,9,2013,17,1,75,107,2,1,1,7,ROND POINT DU BLEUET DE,0.0,0.0
201300051205,20,9,2013,0,5,75,107,2,2,8,6,"46, BOULEVARD RASPAIL",0.0,0.0
201300051206,22,9,2013,4,5,75,107,2,2,1,6,"288, BOULEVARD SAINT GER",0.0,0.0
201300051207,23,9,2013,9,1,75,107,2,3,1,3,"78, RUE DE VARENNE",0.0,0.0
201300051208,23,9,2013,23,5,75,107,2,5,1,2,QUAI D ORSAY,0.0,0.0
201300051209,25,9,2013,19,5,75,107,2,1,1,2,"32, RUE DE VARENNE",0.0,0.0
201300051210,28,9,2013,9,1,75,107,2,3,8,6,AVENUE DE TOURVILLE,0.0,0.0
201300051211,29,9,2013,20,5,75,107,2,5,2,6,"42, QUAI BRANLY",0.0,0.0
201300051212,30,9,2013,10,1,75,107,2,3,1,7,"103 bis, RUE DE GRENELLE",0.0,0.0
201300051213,30,9,2013,15,1,75,107,2,1,1,2,"45, AVENUE BOSQUET",0.0,0.0
201300051214,30,9,2013,22,5,75,107,2,3,1,7,"01, QUAI VOLTAIRE",0.0,0.0
201300051215,3,10,2013,15,1,75,107,2,2,2,1,AVENUE DU MARECHAL GALLI,0.0,0.0
201300051216,6,10,2013,4,3,75,107,2,7,1,6,PLACE HENRY DE MONTHERLA,0.0,0.0
201300051217,8,10,2013,10,1,75,107,2,1,1,6,"55, AVENUE BOSQUET",0.0,0.0
201300051218,11,10,2013,7,5,75,107,2,2,2,6,QUAI BRANLY,0.0,0.0
201300051219,11,10,2013,9,1,75,108,2,2,8,2,PONT DE LA CONCORDE,0.0,0.0
201300051220,13,10,2013,11,1,75,107,2,1,1,1,"27, AVENUE DE LA MOTTE P",0.0,0.0
201300051221,14,10,2013,9,1,75,107,2,2,1,2,"01, QUAI VOLTAIRE",0.0,0.0
201300051222,20,10,2013,2,5,75,107,2,5,1,6,"50, RUE FABERT",0.0,0.0
201300051223,20,10,2013,3,5,75,107,2,2,1,6,"280, BOULEVARD SAINT GER",0.0,0.0
201300051224,20,10,2013,9,1,75,107,2,7,2,6,"11, AVENUE DE LOWENDAL",0.0,0.0
201300051225,22,10,2013,18,5,75,107,2,1,8,7,"13, PLACE JOFFRE",0.0,0.0
201300051226,23,10,2013,18,5,75,107,2,1,1,6,"77, RUE DE VARENNE",0.0,0.0
201300051227,24,10,2013,16,1,75,107,2,5,1,3,"33, QUAI D ORSAY",0.0,0.0
201300051228,24,10,2013,19,2,75,107,2,7,1,6,"2, PLACE JOFFRE",0.0,0.0
201300051229,27,10,2013,22,5,75,107,2,2,1,6,PLACE PIERRE LAROQUE,0.0,0.0
201300051230,27,10,2013,2,5,75,107,2,3,1,6,"14 bis, RUE OUDINOT",0.0,0.0
201300051231,4,11,2013,17,5,75,107,2,7,1,3,"01, PLACE EL SALVADOR",0.0,0.0
201300051232,6,11,2013,9,1,75,107,2,1,8,7,"88 BIS, BOULEVARD DE LA",0.0,0.0
201300051233,12,11,2013,8,1,75,107,2,2,2,6,"18, AVENUE DE VILLARS",0.0,0.0
201300051234,12,11,2013,9,1,75,107,2,5,2,2,BOULEVARD DES INVALIDES,0.0,0.0
201300051235,12,11,2013,20,5,75,107,2,1,2,6,QUAI BRANLY,0.0,0.0
201300051236,13,11,2013,15,1,75,107,2,1,1,4,"47, QUAI BRANLY",0.0,0.0
201300051237,13,11,2013,22,3,75,107,2,3,1,2,"1bis, AVENUE DE LOWENDAL",0.0,0.0
201300051238,15,11,2013,9,1,75,107,2,4,8,3,"5, QUAI ANATOLE FRANCE",0.0,0.0
201300051239,15,11,2013,22,5,75,107,2,3,1,3,"47, AVENUE DE SUFFREN",0.0,0.0
201300051240,18,11,2013,15,1,75,107,2,7,1,3,PLACE LE CORBUSIER,0.0,0.0
201300051241,20,11,2013,9,1,75,107,2,7,1,3,PLACE VAUBAN,0.0,0.0
201300051242,20,11,2013,11,1,75,107,2,1,1,2,"36, RUE DU BAC",0.0,0.0
201300051243,20,11,2013,12,1,75,107,2,1,1,6,"27, QUAI BRANLY",0.0,0.0
201300051244,20,11,2013,14,1,75,107,2,7,2,6,ROND POINT DU BLEUET DE,0.0,0.0
201300051245,20,11,2013,17,5,75,107,2,3,2,6,"1, AVENUE SULLY PRUDHOMM",0.0,0.0
201300051246,21,11,2013,16,1,75,107,2,1,2,6,"142, RUE DU BAC",0.0,0.0
201300051247,22,11,2013,17,3,75,107,2,1,1,7,"3, AVENUE DE LOWENDAL",0.0,0.0
201300051248,25,11,2013,9,1,75,107,2,3,1,7,RUE DE SEVRES,0.0,0.0
201300051249,27,11,2013,8,1,75,107,2,3,1,2,"53, QUAI D ORSAY",0.0,0.0
201300051250,27,11,2013,8,1,75,107,2,2,1,6,"9, BOULEVARD RASPAIL",0.0,0.0
201300051251,28,11,2013,0,5,75,107,2,3,1,3,QUAI D ORSAY,0.0,0.0
201300051252,29,11,2013,19,5,75,107,2,2,2,3,QUAI D ORSAY,0.0,0.0
201300051253,2,12,2013,12,1,75,107,2,2,1,3,"58, BOULEVARD DE LA TOUR",0.0,0.0
201300051254,4,12,2013,10,1,75,107,2,4,1,3,"11, AVENUE DE SEGUR",0.0,0.0
201300051255,14,12,2013,17,5,75,107,2,3,1,2,QUAI D ORSAY,0.0,0.0
201300051256,15,12,2013,1,5,75,107,2,1,1,7,QUAI D ORSAY,0.0,0.0
201300051257,16,12,2013,12,1,75,107,2,7,1,2,RUE DE SEVRES,0.0,0.0
201300051258,16,12,2013,15,1,75,107,2,1,1,2,"34, RUE VANEAU",0.0,0.0
201300051259,16,12,2013,16,1,75,107,2,2,1,3,RUE DES SAINTS PERES,0.0,0.0
201300051260,18,12,2013,13,1,75,107,2,2,1,6,"2, RUE SEDILLOT",0.0,0.0
201300051261,18,12,2013,14,1,75,107,2,2,1,6,"152, RUE DE GRENELLE",0.0,0.0
201300051262,20,12,2013,16,1,75,107,2,7,1,3,"01, PLACE DE L ECOLE MIL",0.0,0.0
201300051263,20,12,2013,16,1,75,107,2,7,1,3,"129, RUE DE GRENELLE",0.0,0.0
201300051264,24,12,2013,1,5,75,107,2,5,2,3,"1, QUAI D ORSAY",0.0,0.0
201300051265,24,12,2013,11,1,75,107,2,1,3,6,"95, RUE DU BAC",0.0,0.0
201300051266,28,12,2013,4,5,75,107,2,2,2,3,"12, AVENUE DE LOWENDAL",0.0,0.0
201300051267,28,12,2013,16,2,75,107,2,3,1,3,RUE DE VARENNE,0.0,0.0
201300051268,1,1,2013,4,5,75,108,2,3,3,3,"142, BOULEVARD HAUSSMANN",0.0,0.0
201300051269,1,1,2013,3,5,75,108,2,7,2,6,PLACE DE LA CONCORDE,0.0,0.0
201300051270,2,1,2013,23,5,75,108,2,1,2,7,AVENUE DES CHAMPS ELYSEE,0.0,0.0
201300051271,3,1,2013,0,5,75,108,2,1,2,3,"64, RUE DE COURCELLES",0.0,0.0
201300051272,4,1,2013,19,5,75,108,2,1,1,2,"122, RUE DU FAUBOURG SAI",0.0,0.0
201300051273,9,1,2013,19,5,75,108,2,1,2,7,"122, BOULEVARD HAUSSMANN",0.0,0.0
201300051274,10,1,2013,7,1,75,108,2,7,2,6,"34, AVENUE MARCEAU",0.0,0.0
201300051275,10,1,2013,18,5,75,108,2,4,2,6,COURS LA REINE,0.0,0.0
201300051276,11,1,2013,0,5,75,108,2,7,2,7,"4, PLACE DE LA CONCORDE",0.0,0.0
201300051277,11,1,2013,12,1,75,108,2,2,1,2,"101, AVENUE DES CHAMPS E",0.0,0.0
201300051278,12,1,2013,18,5,75,108,2,5,1,6,"1, RUE DU HAVRE",0.0,0.0
201300051279,13,1,2013,18,5,75,108,2,7,2,6,"133, AVENUE DES CHAMPS E",0.0,0.0
201300051280,14,1,2013,11,1,75,108,2,3,1,7,"17, BOULEVARD DES BATIGN",0.0,0.0
201300051281,15,1,2013,21,5,75,108,2,2,4,2,"166, BOULEVARD HAUSSMANN",0.0,0.0
201300051282,19,1,2013,21,5,75,108,2,5,1,7,PLACE SAINT AUGUSTIN,0.0,0.0
201300051283,20,1,2013,2,5,75,108,2,1,4,1,AVENUE DES CHAMPS ELYSEE,0.0,0.0
201300051284,19,1,2013,23,5,75,108,2,2,4,6,"51, AVENUE GEORGE V",0.0,0.0
201300051285,23,1,2013,7,5,75,108,2,2,2,2,"39, AVENUE DES CHAMPS EL",0.0,0.0
201300051286,23,1,2013,8,1,75,108,2,2,1,3,"33, BOULEVARD DE COURCEL",0.0,0.0
201300051287,25,1,2013,15,1,75,108,2,7,1,3,PLACE CHARLES DE GAULLE,0.0,0.0
201300051288,26,1,2013,18,5,75,116,2,1,1,3,"31, BOULEVARD SUCHET",0.0,0.0
201300051289,26,1,2013,19,5,75,108,2,1,1,3,"5, BOULEVARD MALESHERBES",0.0,0.0
201300051290,26,1,2013,21,5,75,108,2,3,1,4,AVENUE DES CHAMPS ELYSEE,0.0,0.0
201300051291,29,1,2013,12,1,75,108,2,2,2,4,"11, RUE DE LA PEPINIERE",0.0,0.0
201300051292,29,1,2013,19,5,75,108,2,2,1,6,RUE D ASTORG,0.0,0.0
201300051293,30,1,2013,13,1,75,108,2,2,2,2,"47, AVENUE DE FRIEDLAND",0.0,0.0
201300051294,3,2,2013,20,5,75,108,2,1,2,3,AVENUE MATIGNON,0.0,0.0
201300051295,3,2,2013,21,5,75,108,2,2,2,2,"2, AVENUE DE MARIGNY",0.0,0.0
201300051296,4,2,2013,14,1,75,108,2,1,1,2,VOIE GEORGES POMPIDOU,0.0,0.0
201300051297,4,2,2013,21,5,75,108,2,7,1,6,"02, RUE LA BOETIE",0.0,0.0
201300051298,5,2,2013,21,5,75,108,2,1,1,6,"6, AVENUE DELCASSE",0.0,0.0
201300051299,6,2,2013,9,1,75,108,2,2,1,7,"27, AVENUE DE FRIEDLAND",0.0,0.0
201300051300,7,2,2013,10,1,75,108,2,1,1,6,"1, AVENUE CESAR CAIRE",0.0,0.0
201300051301,7,2,2013,10,1,75,108,2,3,9,3,"6, RUE ARSENE HOUSSAYE",0.0,0.0
201300051302,7,2,2013,13,1,75,108,2,2,8,3,PONT ALEXANDRE III,0.0,0.0
201300051303,9,2,2013,0,5,75,108,2,7,1,3,PLACE DE LA CONCORDE,0.0,0.0
201300051304,9,2,2013,19,5,75,108,2,1,1,6,"418, RUE SAINT HONORE",0.0,0.0
201300051305,11,2,2013,5,5,75,108,2,5,2,3,"113, BOULEVARD HAUSSMANN",0.0,0.0
201300051306,11,2,2013,6,5,75,108,2,7,2,3,PLACE DE LA CONCORDE,0.0,0.0
201300051307,11,2,2013,14,1,75,108,2,3,1,6,AVENUE DES CHAMPS ELYSEE,0.0,0.0
201300051308,11,2,2013,17,1,75,108,2,5,1,3,RUE DE MIROMESNIL,0.0,0.0
201300051309,12,2,2013,1,5,75,108,2,2,1,3,"116, AVENUE DES CHAMPS E",0.0,0.0
201300051310,14,2,2013,12,1,75,108,2,1,2,6,"08, AVENUE MONTAIGNE",0.0,0.0
201300051311,14,2,2013,13,1,75,108,2,5,2,6,"20, AVENUE DES CHAMPS EL",0.0,0.0
201300051312,14,2,2013,14,1,75,108,2,5,2,2,BOULEVARD DE COURCELLES,0.0,0.0
201300051313,14,2,2013,16,1,75,108,2,1,2,3,"63, BOULEVARD MALESHERBE",0.0,0.0
201300051314,17,2,2013,2,5,75,108,2,1,1,6,"122, AVENUE DES CHAMPS E",0.0,0.0
201300051315,19,2,2013,12,1,75,108,2,2,1,6,"102, AVENUE DES CHAMPS E",0.0,0.0
201300051316,19,2,2013,13,1,75,108,2,1,1,3,COURS ALBERT 1ER,0.0,0.0
201300051317,21,2,2013,9,1,75,108,2,1,1,2,"26, AVENUE DES CHAMPS EL",0.0,0.0
201300051318,21,2,2013,13,1,75,108,2,1,1,4,VOIE GEORGES POMPIDOU,0.0,0.0
201300051319,21,2,2013,14,1,75,108,2,1,1,6,"4TER, AVENUE HOCHE",0.0,0.0
201300051320,21,2,2013,16,1,75,108,2,1,1,2,"0, VOIE GEORGES POMPIDOU",0.0,0.0
201300051321,22,2,2013,22,5,75,108,2,1,1,2,"20, AVENUE DE MESSINE",0.0,0.0
201300051322,25,2,2013,19,5,75,108,2,1,2,7,COURS ALBERT 1ER,0.0,0.0
201300051323,26,2,2013,9,1,75,108,2,2,1,6,"39, RUE FRANCOIS 1ER",0.0,0.0
201300051324,26,2,2013,10,1,75,108,2,1,1,6,"16, RUE MONTALIVET",0.0,0.0
201300051325,27,2,2013,18,1,75,108,2,2,1,7,"133, AVENUE DES CHAMPS E",0.0,0.0
201300051326,5,3,2013,19,5,75,108,2,1,1,3,"40, RUE DE COURCELLES",0.0,0.0
201300051327,6,3,2013,8,1,75,108,2,4,1,3,RUE DE COURCELLES,0.0,0.0
201300051328,7,3,2013,12,1,75,108,2,2,1,2,"75, RUE DU FAUBOURG SAIN",0.0,0.0
201300051329,7,3,2013,19,1,75,108,2,1,1,3,RUE DE LA PEPINIERE,0.0,0.0
201300051330,8,3,2013,15,1,75,108,2,1,2,7,"27, AVENUE DES CHAMPS EL",0.0,0.0
201300051331,9,3,2013,1,5,75,108,2,7,1,6,PLACE CHARLES DE GAULLE,0.0,0.0
201300051332,8,3,2013,14,1,75,108,2,7,2,6,AVENUE DE FRIEDLAND,0.0,0.0
201300051333,9,3,2013,21,5,75,116,2,1,1,6,"21, RUE MICHEL ANGE",0.0,0.0
201300051334,13,3,2013,21,5,75,108,2,3,1,3,"8, AVENUE MONTAIGNE",0.0,0.0
201300051335,14,3,2013,11,1,75,108,2,2,1,6,"56, RUE DE MIROMESNIL",0.0,0.0
201300051336,15,3,2013,14,1,75,108,2,2,1,1,"25, AVENUE HOCHE",0.0,0.0
201300051337,15,3,2013,21,5,75,108,2,1,1,3,"29, RUE DE COURCELLES",0.0,0.0
201300051338,16,3,2013,19,5,75,108,2,7,2,6,PLACE DE LA CONCORDE,0.0,0.0
201300051339,17,3,2013,12,1,75,117,2,2,1,3,BOULEVARD MALESHERBES,0.0,0.0
201300051340,18,3,2013,11,1,75,108,2,5,1,6,"59, RUE DE ROME",0.0,0.0
201300051341,19,3,2013,11,1,75,108,2,2,1,2,"108, AVENUE DES CHAMPS E",0.0,0.0
201300051342,20,3,2013,17,1,75,108,2,7,1,2,AVENUE DES CHAMPS ELYSEE,0.0,0.0
201300051343,21,3,2013,4,5,75,108,2,1,1,1,"126, BOULEVARD HAUSSMANN",0.0,0.0
201300051344,21,3,2013,12,1,75,108,2,3,1,7,"19, AVENUE DE FRIEDLAND",0.0,0.0
201300051345,21,3,2013,20,5,75,116,2,1,2,3,ALLEE DE LONGCHAMP,0.0,0.0
201300051346,22,3,2013,23,5,75,108,2,2,1,2,AVENUE WINSTON CHURCHILL,0.0,0.0
201300051347,23,3,2013,11,1,75,108,2,4,1,3,"132, BOULEVARD HAUSSMANN",0.0,0.0
201300051348,25,3,2013,17,1,75,108,2,5,1,6,"01, RUE DE MOSCOU",0.0,0.0
201300051349,27,3,2013,19,5,75,108,2,1,1,6,"2, PLACE DES TERNES",0.0,0.0
201300051350,27,3,2013,20,5,75,108,2,7,1,3,PLACE CHARLES DE GAULLE,0.0,0.0
201300051351,28,3,2013,16,1,75,108,2,5,1,6,"29, RUE DU ROCHER",0.0,0.0
201300051352,28,3,2013,23,5,75,108,2,5,1,3,"77, RUE DE COURCELLES",0.0,0.0
201300051353,30,3,2013,0,5,75,108,2,1,1,7,"12, AVENUE GEORGE V",0.0,0.0
201300051354,30,3,2013,8,1,75,108,2,2,8,2,"41, AVENUE MONTAIGNE",0.0,0.0
201300051355,30,3,2013,13,1,75,108,2,2,8,3,"29, RUE LA BOETIE",0.0,0.0
201300051356,1,4,2013,18,1,75,108,2,2,1,3,"10, RUE VERNET",0.0,0.0
201300051357,2,4,2013,18,1,75,108,2,1,1,3,AVENUE HOCHE,0.0,0.0
201300051358,3,4,2013,23,5,75,108,2,5,1,6,"113, BOULEVARD HAUSSMANN",0.0,0.0
201300051359,4,4,2013,9,1,75,108,2,7,1,5,PLACE DE LA CONCORDE,0.0,0.0
201300051360,3,4,2013,21,5,75,108,2,2,1,3,"1, RUE DE LISBONNE",0.0,0.0
201300051361,4,4,2013,18,1,75,108,2,3,1,6,"4, RUE DE ROME",0.0,0.0
201300051362,7,4,2013,3,4,75,108,2,1,1,6,RUE DE LA PEPINIERE,0.0,0.0
201300051363,7,4,2013,8,1,75,108,2,7,1,2,"12, PLACE DE LA MADELEIN",0.0,0.0
201300051364,7,4,2013,15,1,75,108,2,7,1,3,PLACE DE LA CONCORDE,0.0,0.0
201300051365,8,4,2013,9,1,75,108,2,1,1,2,AVENUE WINSTON CHURCHILL,0.0,0.0
201300051366,9,4,2013,18,1,75,116,2,1,2,7,VOIE GEORGES POMPIDOU,0.0,0.0
201300051367,9,4,2013,19,1,75,108,2,7,1,7,PLACE DE LA CONCORDE,0.0,0.0
201300051368,9,4,2013,19,1,75,108,2,2,8,3,"0, RUE DE NAPLES",0.0,0.0
201300051369,10,4,2013,14,1,75,108,2,7,8,3,PLACE DE LA CONCORDE,0.0,0.0
201300051370,10,4,2013,18,1,75,108,2,5,2,6,"91, RUE DU FAUBOURG SAIN",0.0,0.0
201300051371,10,4,2013,21,5,75,108,2,3,2,7,"12, AVENUE PERCIER",0.0,0.0
201300051372,11,4,2013,16,1,75,108,2,7,2,2,RUE ROYALE,0.0,0.0
201300051373,12,4,2013,1,5,75,108,2,5,1,6,RUE DE ROME,0.0,0.0
201300051374,12,4,2013,16,1,75,108,2,5,8,6,"55, BOULEVARD HAUSSMANN",0.0,0.0
201300051375,13,4,2013,2,5,75,108,2,1,1,6,VOIE GEORGES POMPIDOU,0.0,0.0
201300051376,13,4,2013,21,5,75,108,2,4,3,7,"59, BOULEVARD HAUSSMANN",0.0,0.0
201300051377,14,4,2013,10,1,75,108,2,1,1,6,"75, AVENUE DES CHAMPS EL",0.0,0.0
201300051378,14,4,2013,16,1,75,108,2,4,1,2,VOIE GEORGES POMPIDOU,0.0,0.0
201300051379,15,4,2013,1,5,75,108,2,4,1,6,COURS LA REINE,0.0,0.0
201300051380,15,4,2013,6,5,75,108,2,2,1,6,"159, BOULEVARD HAUSSMANN",0.0,0.0
201300051381,15,4,2013,15,1,75,108,2,2,1,3,"34, RUE PASQUIER",0.0,0.0
201300051382,15,4,2013,21,5,75,108,2,5,1,3,"18, AVENUE HOCHE",0.0,0.0
201300051383,16,4,2013,21,2,75,108,2,7,1,6,"1, PLACE CLEMENCEAU",0.0,0.0
201300051384,18,4,2013,13,1,75,108,2,2,1,6,RUE DU FAUBOURG SAINT HO,0.0,0.0
201300051385,19,4,2013,11,1,75,108,2,1,1,6,"82, RUE DE ROME",0.0,0.0
201300051386,19,4,2013,17,1,75,108,2,1,1,4,VOIE GEORGES POMPIDOU,0.0,0.0
201300051387,21,4,2013,1,5,75,108,2,7,1,3,PLACE DE LA CONCORDE,0.0,0.0
201300051388,21,4,2013,16,1,75,108,2,5,1,6,"18, AVENUE HOCHE",0.0,0.0
201300051389,22,4,2013,10,1,75,108,2,7,1,2,AVENUE DES CHAMPS ELYSEE,0.0,0.0
201300051390,22,4,2013,15,1,75,108,2,3,1,6,"19, RUE TRONCHET",0.0,0.0
201300051391,22,4,2013,15,1,75,108,2,1,1,3,"158, BOULEVARD HAUSSMANN",0.0,0.0
201300051392,22,4,2013,13,1,75,108,2,1,1,6,"36, AVENUE MARCEAU",0.0,0.0
201300051393,25,4,2013,14,1,75,108,2,2,1,3,"11, RUE DE ROME",0.0,0.0
201300051394,26,4,2013,3,5,75,108,2,7,1,3,"4, PLACE DE LA CONCORDE",0.0,0.0
201300051395,30,4,2013,11,1,75,108,2,3,1,2,"36, RUE DE COURCELLES",0.0,0.0
201300051396,30,4,2013,20,1,75,108,2,1,2,3,VOIE GEORGES POMPIDOU,0.0,0.0
201300051397,1,5,2013,4,5,75,108,2,5,1,6,"130, RUE DU FAUBOURG SAI",0.0,0.0
201300051398,2,5,2013,8,1,75,108,2,7,8,3,PLACE DE LA CONCORDE,0.0,0.0
201300051399,4,5,2013,20,1,75,108,2,5,1,6,"54, RUE DE ROME",0.0,0.0
201300051400,6,5,2013,10,1,75,108,2,1,3,7,AVENUE DES CHAMPS ELYSEE,0.0,0.0
201300051401,7,5,2013,14,1,75,108,2,7,1,6,"106, RUE D AMSTERDAM",0.0,0.0
201300051402,10,5,2013,0,5,75,108,2,3,1,3,"7, RUE DU HAVRE",0.0,0.0
201300051403,11,5,2013,3,5,75,108,2,1,1,6,AVENUE DES CHAMPS ELYSEE,0.0,0.0
201300051404,11,5,2013,21,5,75,108,2,3,2,1,AVENUE DE MARIGNY,0.0,0.0
201300051405,12,5,2013,5,4,75,108,2,7,1,6,"43, AVENUE FRANKLIN D RO",0.0,0.0
201300051406,12,5,2013,17,1,75,108,2,2,1,3,"52, AVENUE HOCHE",0.0,0.0
201300051407,13,5,2013,8,1,75,117,2,1,1,3,"17, PLACE DE LA PORTE DE",0.0,0.0
201300051408,13,5,2013,20,1,75,108,2,1,1,6,"27, AVENUE DES CHAMPS EL",0.0,0.0
201300051409,14,5,2013,10,1,75,108,2,2,1,3,AVENUE DE MARIGNY,0.0,0.0
201300051410,14,5,2013,12,1,75,108,2,1,1,4,"71, RUE DE COURCELLES",0.0,0.0
201300051411,14,5,2013,13,1,75,108,2,1,1,4,"41, AVENUE FRANKLIN D RO",0.0,0.0
201300051412,15,5,2013,12,1,75,108,2,2,1,7,"93, AVENUE DES CHAMPS EL",0.0,0.0
201300051413,15,5,2013,14,1,75,108,2,4,1,2,"28, AVENUE DE FRIEDLAND",0.0,0.0
201300051414,15,5,2013,17,1,75,108,2,1,1,6,"38, AVENUE DE WAGRAM",0.0,0.0
201300051415,16,5,2013,15,1,75,108,2,1,1,3,"33, BOULEVARD DE COURCEL",0.0,0.0
201300051416,16,5,2013,16,1,75,108,2,1,3,3,"22, RUE FRANCOIS 1ER",0.0,0.0
201300051417,16,5,2013,16,1,75,108,2,5,3,3,"15, RUE DE MADRID",0.0,0.0
201300051418,16,5,2013,18,1,75,108,2,2,1,6,"37, AVENUE DES CHAMPS EL",0.0,0.0
201300051419,16,5,2013,13,1,75,108,2,5,2,3,"01, RUE DE LA PEPINIERE",0.0,0.0
201300051420,17,5,2013,9,1,75,108,2,4,1,6,"9, AVENUE GEORGE V",0.0,0.0
201300051421,18,5,2013,19,2,75,108,2,4,3,2,"21, RUE DE CONSTANTINOPL",0.0,0.0
201300051422,20,5,2013,0,5,75,117,2,4,3,3,"22, AVENUE DE WAGRAM",0.0,0.0
201300051423,20,5,2013,16,2,75,108,2,7,3,3,AVENUE DES CHAMPS ELYSEE,0.0,0.0
201300051424,21,5,2013,9,1,75,108,2,7,3,7,PLACE CLEMENCEAU,0.0,0.0
201300051425,21,5,2013,9,1,75,108,2,1,2,6,"07, AVENUE DELCASSE",0.0,0.0
201300051426,22,5,2013,4,5,75,108,2,2,1,6,"41, AVENUE PIERRE 1ER DE",0.0,0.0
201300051427,22,5,2013,11,1,75,108,2,4,1,3,"17, AVENUE GEORGE V",0.0,0.0
201300051428,22,5,2013,17,1,75,108,2,2,1,6,"101, BOULEVARD MALESHERB",0.0,0.0
201300051429,24,5,2013,12,1,75,108,2,1,2,6,RUE DE LONDRES,0.0,0.0
201300051430,24,5,2013,15,1,75,108,2,2,2,6,"55, BOULEVARD MALESHERBE",0.0,0.0
201300051431,25,5,2013,16,1,75,108,2,1,1,2,"42, AVENUE DE FRIEDLAND",0.0,0.0
201300051432,27,5,2013,9,1,75,108,2,1,1,2,"24, AVENUE DES CHAMPS EL",0.0,0.0
201300051433,28,5,2013,0,5,75,108,2,2,1,4,AVENUE DES CHAMPS ELYSEE,0.0,0.0
201300051434,28,5,2013,11,1,75,108,2,1,2,6,"41, AVENUE HOCHE",0.0,0.0
201300051435,28,5,2013,19,1,75,108,2,7,1,2,"3, PLACE DE LA MADELEINE",0.0,0.0
201300051436,29,5,2013,18,1,75,108,2,2,1,3,"40, AVENUE DE FRIEDLAND",0.0,0.0
201300051437,30,5,2013,6,1,75,108,2,7,3,2,PLACE CHARLES DE GAULLE,0.0,0.0
201300051438,30,5,2013,19,1,75,108,2,7,2,7,"1, PLACE DU GENERAL BROC",0.0,0.0
201300051439,3,6,2013,13,1,75,108,2,1,1,2,RUE ROYALE,0.0,0.0
201300051440,3,6,2013,17,1,75,108,2,5,1,6,"34, AVENUE MARCEAU",0.0,0.0
201300051441,4,6,2013,10,1,75,108,2,1,1,3,"11, RUE CLAPEYRON",0.0,0.0
201300051442,4,6,2013,17,1,75,108,2,4,1,3,"11, AVENUE GEORGE V",0.0,0.0
201300051443,5,6,2013,9,1,75,108,2,7,1,6,"1, PLACE CHARLES DE GAUL",0.0,0.0
201300051444,5,6,2013,11,1,75,101,2,7,1,6,PLACE DE LA CONCORDE,0.0,0.0
201300051445,7,6,2013,14,1,75,108,2,2,1,6,"5, RUE DE NAPLES",0.0,0.0
201300051446,9,6,2013,7,1,75,108,2,1,2,6,PLACE DE LA CONCORDE,0.0,0.0
201300051447,10,6,2013,17,1,75,108,2,1,1,2,"184, BOULEVARD HAUSSMANN",0.0,0.0
201300051448,11,6,2013,12,1,75,108,2,1,1,3,"35, RUE D AMSTERDAM",0.0,0.0
201300051449,12,6,2013,15,1,75,108,2,2,1,6,"50, RUE DE ROME",0.0,0.0
201300051450,12,6,2013,21,2,75,108,2,2,1,3,"29, AVENUE DE FRIEDLAND",0.0,0.0
201300051451,14,6,2013,19,1,75,108,2,7,1,5,PLACE DE LA CONCORDE,0.0,0.0
201300051452,17,6,2013,15,1,75,108,2,7,1,1,"2, PLACE DE RIO DE JANEI",0.0,0.0
201300051453,15,6,2013,21,1,75,108,2,2,1,6,"45, RUE LA BOETIE",0.0,0.0
201300051454,19,6,2013,16,1,75,108,2,3,1,2,AVENUE DES CHAMPS ELYSEE,0.0,0.0
201300051455,20,6,2013,8,1,75,108,2,2,8,7,"121, BOULEVARD MALESHERB",0.0,0.0
201300051456,20,6,2013,7,1,75,108,2,2,2,1,"62, BOULEVARD MALESHERBE",0.0,0.0
201300051457,20,6,2013,11,1,75,108,2,2,8,3,AVENUE DES CHAMPS ELYSEE,0.0,0.0