Num_Acc,jour,mois,an,hr,condition_eclairage,departement,commune,condition_agglomeration,intersection,condition_atmosphere,type_collision,adresse,lattitude,longitude
201300051458,20,6,2013,13,1,75,108,2,7,1,7,"29, RUE DE LA PEPINIERE",0.0,0.0
201300051459,20,6,2013,15,1,75,108,2,3,1,6,"34, RUE DE ROME",0.0,0.0
201300051460,21,6,2013,8,1,75,108,2,1,1,6,"27, AVENUE DES CHAMPS EL",0.0,0.0
201300051461,21,6,2013,18,1,75,108,2,7,1,2,AVENUE WINSTON CHURCHILL,0.0,0.0
201300051462,24,6,2013,11,1,75,108,2,2,1,2,RUE DE ROME,0.0,0.0
201300051463,25,6,2013,1,5,75,108,2,3,1,2,"71/73, AVENUE DES CHAMPS",0.0,0.0
201300051464,25,6,2013,16,1,75,108,2,5,3,6,"9, RUE DE VIENNE",0.0,0.0
201300051465,26,6,2013,14,1,75,108,2,7,1,3,"4, PLACE DE LA CONCORDE",0.0,0.0
201300051466,27,6,2013,8,1,75,108,2,4,2,1,"21, AVENUE DE FRIEDLAND",0.0,0.0
201300051467,27,6,2013,16,1,75,108,2,7,1,2,PLACE DE LA CONCORDE,0.0,0.0
201300051468,27,6,2013,20,1,75,108,2,7,1,7,AVENUE DES CHAMPS ELYSEE,0.0,0.0
201300051469,28,6,2013,7,1,75,108,2,3,2,2,"123, BOULEVARD HAUSSMANN",0.0,0.0
201300051470,28,6,2013,23,5,75,108,2,7,2,6,"2, PLACE DE LA CONCORDE",0.0,0.0
201300051471,29,6,2013,8,1,75,108,2,1,2,6,AVENUE DES CHAMPS ELYSEE,0.0,0.0
201300051472,29,6,2013,18,1,75,108,2,7,1,6,AVENUE DES CHAMPS ELYSEE,0.0,0.0
201300051473,30,6,2013,8,1,75,108,2,1,1,2,PLACE DE LA CONCORDE,0.0,0.0
201300051474,30,6,2013,21,1,75,101,2,2,1,6,"1, RUE SAINT FLORENTIN",0.0,0.0
201300051475,1,7,2013,10,1,75,108,2,5,1,3,"1, AVENUE HOCHE",0.0,0.0
201300051476,2,7,2013,11,1,75,108,2,1,1,3,AVENUE WINSTON CHURCHILL,0.0,0.0
201300051477,1,7,2013,21,2,75,108,2,2,1,3,"5, RUE CHAUVEAU LAGARDE",0.0,0.0
201300051478,2,7,2013,19,1,75,108,2,5,1,3,"63, BOULEVARD DES BATIGN",0.0,0.0
201300051479,3,7,2013,13,1,75,108,2,2,1,3,"16, AVENUE DE FRIEDLAND",0.0,0.0
201300051480,3,7,2013,15,1,75,108,2,7,1,3,PONT DES INVALIDES,0.0,0.0
201300051481,4,7,2013,9,1,75,108,2,3,1,3,"92, BOULEVARD MALESHERBE",0.0,0.0
201300051482,5,7,2013,10,1,75,108,2,2,1,2,"21, RUE ROYALE",0.0,0.0
201300051483,5,7,2013,15,1,75,108,2,7,1,6,PLACE DE LA CONCORDE,0.0,0.0
201300051484,6,7,2013,13,1,75,108,2,2,1,2,"24, RUE DE VIENNE",0.0,0.0
201300051485,6,7,2013,16,1,75,108,2,7,1,6,"16, PLACE DE LA MADELEIN",0.0,0.0
201300051486,8,7,2013,9,1,75,108,2,2,1,3,"8, BOULEVARD MALESHERBES",0.0,0.0
201300051487,8,7,2013,17,1,75,108,2,3,1,6,"68, RUE DE ROME",0.0,0.0
201300051488,8,7,2013,20,1,75,108,2,7,1,6,RUE DE VIENNE,0.0,0.0
201300051489,9,7,2013,9,1,75,108,2,1,1,6,"51-57, RUE DE COURCELLES",0.0,0.0
201300051490,9,7,2013,16,1,75,108,2,2,1,3,"6, RUE MARBEUF",0.0,0.0
201300051491,9,7,2013,20,1,75,108,2,2,1,3,"64, AVENUE HOCHE",0.0,0.0
201300051492,10,7,2013,9,1,75,108,2,7,1,3,"3, ROND POINT CHAMPS ELY",0.0,0.0
201300051493,10,7,2013,15,1,75,108,2,4,1,3,"9, AVENUE GEORGE V",0.0,0.0
201300051494,10,7,2013,15,1,75,108,2,3,1,6,"29, RUE FRANCOIS 1ER",0.0,0.0
201300051495,10,7,2013,15,1,75,108,2,3,1,2,"67, RUE DU ROCHER",0.0,0.0
201300051496,11,7,2013,8,1,75,108,2,3,1,3,"23, AVENUE DE MESSINE",0.0,0.0
201300051497,11,7,2013,13,1,75,108,2,7,1,2,"3, PLACE DE LA CONCORDE",0.0,0.0
201300051498,11,7,2013,17,1,75,108,2,1,1,2,"11, RUE ROYALE",0.0,0.0
201300051499,12,7,2013,8,1,75,108,2,4,1,6,"1, RUE DE ROME",0.0,0.0
201300051500,12,7,2013,13,1,75,108,2,1,1,3,"46, RUE LA BOETIE",0.0,0.0
201300051501,11,7,2013,20,1,75,108,2,1,1,2,"26, AVENUE DES CHAMPS EL",0.0,0.0
201300051502,14,7,2013,13,1,75,108,2,7,1,6,ROND POINT CHAMPS ELYSEE,0.0,0.0
201300051503,14,7,2013,23,5,75,108,2,1,1,6,"109, AVENUE DES CHAMPS E",0.0,0.0
201300051504,15,7,2013,12,1,75,108,2,5,1,3,PLACE DE LA CONCORDE,0.0,0.0
201300051505,15,7,2013,18,1,75,108,2,2,1,3,RUE DE ROME,0.0,0.0
201300051506,16,7,2013,9,1,75,108,2,3,1,6,"09, RUE DE LA TREMOILLE",0.0,0.0
201300051507,16,7,2013,18,1,75,108,2,4,1,6,"10, RUE DE VIENNE",0.0,0.0
201300051508,17,7,2013,17,1,75,108,2,7,1,2,AVENUE WINSTON CHURCHILL,0.0,0.0
201300051509,19,7,2013,13,1,75,108,2,2,1,1,"48, BOULEVARD MALESHERBE",0.0,0.0
201300051510,20,7,2013,9,1,75,108,2,3,1,2,RUE ROYALE,0.0,0.0
201300051511,21,7,2013,17,1,75,108,2,5,1,6,"37, RUE TRONCHET",0.0,0.0
201300051512,22,7,2013,16,1,75,108,2,1,1,2,"34, AVENUE DE MESSINE",0.0,0.0
201300051513,23,7,2013,14,1,75,108,2,1,3,6,"43 bis, BOULEVARD DES BA",0.0,0.0
201300051514,25,7,2013,17,1,75,108,2,1,2,3,"153, BOULEVARD HAUSSMANN",0.0,0.0
201300051515,26,7,2013,2,5,75,108,2,2,1,3,"41, RUE DES MATHURINS",0.0,0.0
201300051516,29,7,2013,12,1,75,108,2,2,1,4,"101, AVENUE DES CHAMPS E",0.0,0.0
201300051517,29,7,2013,15,1,75,108,2,7,1,3,PLACE DE CLICHY,0.0,0.0
201300051518,29,7,2013,13,1,75,108,2,7,1,2,ROND POINT CHAMPS ELYSEE,0.0,0.0
201300051519,1,8,2013,14,1,75,108,2,1,1,7,AVENUE DES CHAMPS ELYSEE,0.0,0.0
201300051520,1,8,2013,21,2,75,108,2,7,1,3,PLACE DU CANADA,0.0,0.0
201300051521,2,8,2013,15,1,75,108,2,1,1,6,"140, RUE DU FAUBOURG SAI",0.0,0.0
201300051522,2,8,2013,17,1,75,108,2,7,1,6,"60, AVENUE MONTAIGNE",0.0,0.0
201300051523,6,8,2013,17,1,75,108,2,5,1,6,"15, RUE DE ROME",0.0,0.0
201300051524,6,8,2013,23,5,75,108,2,1,1,2,AVENUE DES CHAMPS ELYSEE,0.0,0.0
201300051525,7,8,2013,2,5,75,108,2,1,1,6,AVENUE WINSTON CHURCHILL,0.0,0.0
201300051526,8,8,2013,9,1,75,108,2,7,1,3,"4, PLACE DE LA CONCORDE",0.0,0.0
201300051527,10,8,2013,1,5,75,108,2,3,1,3,"76, AVENUE DES CHAMPS EL",0.0,0.0
201300051528,10,8,2013,14,1,75,108,2,2,1,6,"117, AVENUE DES CHAMPS E",0.0,0.0
201300051529,12,8,2013,9,1,75,108,2,7,1,2,"5, PLACE SAINT AUGUSTIN",0.0,0.0
201300051530,12,8,2013,16,1,75,101,2,1,1,2,"02, PLACE DE LA CONCORDE",0.0,0.0
201300051531,14,8,2013,15,1,75,108,2,5,1,3,COURS LA REINE,0.0,0.0
201300051532,15,8,2013,19,1,75,108,2,1,1,4,"119, AVENUE DES CHAMPS E",0.0,0.0
201300051533,16,8,2013,10,1,75,108,2,2,1,3,"32, AVENUE MONTAIGNE",0.0,0.0
201300051534,18,8,2013,19,1,75,116,2,1,1,2,AVENUE DE NEW YORK,0.0,0.0
201300051535,19,8,2013,4,5,75,108,2,7,1,3,ROND POINT CHAMPS ELYSEE,0.0,0.0
201300051536,20,8,2013,10,1,75,108,2,7,1,7,PLACE DE L EUROPE,0.0,0.0
201300051537,20,8,2013,15,1,75,108,2,7,1,2,PLACE DES TERNES,0.0,0.0
201300051538,21,8,2013,12,1,75,108,2,2,1,1,"113, RUE DU FAUBOURG SAI",0.0,0.0
201300051539,23,8,2013,16,1,75,108,2,2,1,2,"116, AVENUE DES CHAMPS E",0.0,0.0
201300051540,23,8,2013,17,1,75,108,2,2,1,2,"32, AVENUE DE FRIEDLAND",0.0,0.0
201300051541,23,8,2013,20,1,75,108,2,7,1,2,PLACE CHARLES DE GAULLE,0.0,0.0
201300051542,25,8,2013,1,5,75,108,2,3,2,1,RUE DE ROME,0.0,0.0
201300051543,25,8,2013,2,5,75,108,2,5,3,5,BOULEVARD DE COURCELLES,0.0,0.0
201300051544,25,8,2013,17,2,75,108,2,7,2,3,PLACE DE LA CONCORDE,0.0,0.0
201300051545,27,8,2013,0,5,75,108,2,1,1,7,"40, AVENUE DES CHAMPS EL",0.0,0.0
201300051546,28,8,2013,9,1,75,108,2,7,1,3,"11, PLACE SAINT AUGUSTIN",0.0,0.0
201300051547,29,8,2013,15,1,75,108,2,1,1,6,"133, AVENUE DES CHAMPS E",0.0,0.0
201300051548,30,8,2013,23,5,75,108,2,1,1,6,"41, AVENUE DES CHAMPS EL",0.0,0.0
201300051549,31,8,2013,1,5,75,108,2,7,1,3,PLACE DE LA CONCORDE,0.0,0.0
201300051550,31,8,2013,13,1,75,108,2,7,1,3,PLACE DES TERNES,0.0,0.0
201300051551,1,9,2013,6,5,75,108,2,1,1,6,"44, AVENUE DES CHAMPS EL",0.0,0.0
201300051552,2,9,2013,21,5,75,108,2,3,1,6,"84, AVENUE DES CHAMPS EL",0.0,0.0
201300051553,3,9,2013,22,5,75,108,2,2,1,3,"28, RUE DE PONTHIEU",0.0,0.0
201300051554,4,9,2013,18,1,75,108,2,2,7,4,"52, RUE FRANCOIS 1ER",0.0,0.0
201300051555,4,9,2013,19,1,75,108,2,7,1,3,"5, PLACE DE L ALMA",0.0,0.0
201300051556,5,9,2013,10,1,75,108,2,2,1,3,"81, RUE DE MIROMESNIL",0.0,0.0
201300051557,5,9,2013,23,5,75,108,2,1,1,3,"22, RUE ROYALE",0.0,0.0
201300051558,6,9,2013,6,2,75,108,2,1,1,7,VOIE GEORGES POMPIDOU,0.0,0.0
201300051559,6,9,2013,11,1,75,108,2,7,2,2,"11, PLACE DE LA MADELEIN",0.0,0.0
201300051560,7,9,2013,5,5,75,108,2,2,1,6,"94, BOULEVARD HAUSSMANN",0.0,0.0
201300051561,8,9,2013,21,5,75,108,2,7,1,6,"125, RUE SAINT LAZARE",0.0,0.0
201300051562,9,9,2013,9,1,75,108,2,2,1,2,"31, AVENUE GEORGE V",0.0,0.0
201300051563,10,9,2013,9,1,75,108,2,7,1,2,", AVENUE DES CHAMPS ELYS",0.0,0.0
201300051564,10,9,2013,19,1,75,108,2,1,1,6,"163, RUE DU FAUBOURG SAI",0.0,0.0
201300051565,12,9,2013,9,1,75,108,2,1,1,6,"20, RUE DE ROME",0.0,0.0
201300051566,12,9,2013,17,1,75,108,2,1,1,2,"119, AVENUE DES CHAMPS E",0.0,0.0
201300051567,13,9,2013,16,1,75,108,2,1,1,5,"8, AVENUE DE FRIEDLAND",0.0,0.0
201300051568,14,9,2013,19,2,75,108,2,1,2,2,AVENUE DES CHAMPS ELYSEE,0.0,0.0
201300051569,16,9,2013,11,1,75,108,2,1,1,6,"55, RUE DU FAUBOURG SAIN",0.0,0.0
201300051570,16,9,2013,21,5,75,108,2,1,2,7,BOULEVARD DE COURCELLES,0.0,0.0
201300051571,18,9,2013,10,1,75,108,2,2,1,2,COURS LA REINE,0.0,0.0
201300051572,19,9,2013,7,2,75,108,2,2,1,1,AVENUE DES CHAMPS ELYSEE,0.0,0.0
201300051573,18,9,2013,15,1,75,108,2,3,2,7,"21, AVENUE DES CHAMPS EL",0.0,0.0
201300051574,21,9,2013,0,5,75,108,2,7,1,5,PLACE DE LA CONCORDE,0.0,0.0
201300051575,24,9,2013,20,5,75,108,2,5,1,6,"38, RUE DE PENTHIEVRE",0.0,0.0
201300051576,25,9,2013,9,1,75,108,2,3,1,2,"113, BOULEVARD MALESHERB",0.0,0.0
201300051577,25,9,2013,10,1,75,108,2,1,1,6,"128, RUE LA BOETIE",0.0,0.0
201300051578,25,9,2013,10,1,75,108,2,1,1,2,"20, COURS LA REINE",0.0,0.0
201300051579,26,9,2013,8,1,75,108,2,2,1,3,"101, BOULEVARD MALESHERB",0.0,0.0
201300051580,26,9,2013,10,1,75,108,2,7,1,2,PLACE DE LA CONCORDE,0.0,0.0
201300051581,26,9,2013,14,1,75,108,2,2,1,2,"63, AVENUE DES CHAMPS EL",0.0,0.0
201300051582,26,9,2013,17,1,75,108,2,2,1,2,AVENUE GABRIEL,0.0,0.0
201300051583,27,9,2013,20,2,75,108,2,4,1,7,"156, AVENUE DES CHAMPS E",0.0,0.0
201300051584,27,9,2013,20,2,75,108,2,1,1,3,AVENUE WINSTON CHURCHILL,0.0,0.0
201300051585,29,9,2013,0,5,75,108,2,3,3,6,"142, BOULEVARD HAUSSMANN",0.0,0.0
201300051586,1,10,2013,6,5,75,108,2,2,1,3,"2, RUE DE PENTHIEVRE",0.0,0.0
201300051587,2,10,2013,14,1,75,108,2,3,1,3,"61, RUE D AMSTERDAM",0.0,0.0
201300051588,2,10,2013,18,1,75,108,2,1,1,2,AVENUE DES CHAMPS ELYSEE,0.0,0.0
201300051589,3,10,2013,18,1,75,108,2,2,8,6,"3, AVENUE GENERAL EISENH",0.0,0.0
201300051590,3,10,2013,23,5,75,108,2,2,3,6,"24, RUE DE VIENNE",0.0,0.0
201300051591,4,10,2013,22,5,75,108,2,7,1,3,AVENUE WINSTON CHURCHILL,0.0,0.0
201300051592,5,10,2013,18,1,75,108,2,7,1,1,PLACE DE LA CONCORDE,0.0,0.0
201300051593,6,10,2013,0,5,75,108,2,7,1,3,PLACE DE LA CONCORDE,0.0,0.0
201300051594,6,10,2013,19,5,75,108,2,1,1,6,"12, RUE CHRISTOPHE COLOM",0.0,0.0
201300051595,7,10,2013,21,5,75,108,2,2,1,3,RUE DES MATHURINS,0.0,0.0
201300051596,11,10,2013,11,1,75,108,2,7,2,3,PLACE SAINT AUGUSTIN,0.0,0.0
201300051597,11,10,2013,18,2,75,108,2,1,8,3,"13, AVENUE HOCHE",0.0,0.0
201300051598,12,10,2013,20,5,75,108,2,1,8,2,"33, RUE D AMSTERDAM",0.0,0.0
201300051599,13,10,2013,13,1,75,108,2,7,1,6,"1, AVENUE DES CHAMPS ELY",0.0,0.0
201300051600,14,10,2013,19,5,75,108,2,7,2,3,"2, BOULEVARD MALESHERBES",0.0,0.0
201300051601,15,10,2013,8,1,75,108,2,7,1,3,PLACE CHARLES DE GAULLE,0.0,0.0
201300051602,16,10,2013,8,1,75,108,2,2,1,6,"23, AVENUE FRANKLIN D RO",0.0,0.0
201300051603,16,10,2013,19,5,75,108,2,7,2,3,"1, PLACE BEAUVAU",0.0,0.0
201300051604,17,10,2013,19,5,75,108,2,7,1,6,"26, PLACE DE LA MADELEIN",0.0,0.0
201300051605,17,10,2013,22,5,75,108,2,3,1,6,"81, RUE LA BOETIE",0.0,0.0
201300051606,21,10,2013,18,1,75,108,2,2,1,3,"13, RUE DE LISBONNE",0.0,0.0
201300051607,23,10,2013,15,1,75,108,2,1,1,2,"01, RUE DES SAUSSAIES",0.0,0.0
201300051608,23,10,2013,19,5,75,108,2,1,8,2,COURS ALBERT 1ER,0.0,0.0
201300051609,24,10,2013,17,1,75,108,2,5,1,1,"126, RUE DU FAUBOURG SAI",0.0,0.0
201300051610,24,10,2013,23,5,75,108,2,2,1,3,"422, RUE SAINT HONORE",0.0,0.0
201300051611,26,10,2013,14,1,75,108,2,1,1,2,AVENUE WINSTON CHURCHILL,0.0,0.0
201300051612,29,10,2013,14,1,75,108,2,1,1,3,AVENUE WINSTON CHURCHILL,0.0,0.0
201300051613,29,10,2013,17,1,75,108,2,1,2,6,"24, AVENUE DE WAGRAM",0.0,0.0
201300051614,30,10,2013,9,1,75,108,2,2,1,3,"39, AVENUE GEORGE V",0.0,0.0
201300051615,31,10,2013,12,1,75,108,2,7,1,7,PLACE CLEMENCEAU,0.0,0.0
201300051616,31,10,2013,20,5,75,108,2,7,2,3,"1, PLACE DE LA CONCORDE",0.0,0.0
201300051617,1,11,2013,22,5,75,108,2,7,2,3,PLACE DE LA CONCORDE,0.0,0.0
201300051618,2,11,2013,18,5,75,108,2,7,1,3,"21, ROND POINT CHAMPS EL",0.0,0.0
201300051619,4,11,2013,10,1,75,108,2,4,1,3,COURS ALBERT 1ER,0.0,0.0
201300051620,4,11,2013,12,1,75,108,2,1,1,3,"80, BOULEVARD HAUSSMANN",0.0,0.0
201300051621,4,11,2013,18,5,75,108,2,2,1,6,"039, RUE FRANCOIS 1ER",0.0,0.0
201300051622,5,11,2013,8,1,75,108,2,4,2,2,COURS ALBERT 1ER,0.0,0.0
201300051623,7,11,2013,0,5,75,108,2,2,2,3,"102, AVENUE DES CHAMPS E",0.0,0.0
201300051624,7,11,2013,10,1,75,108,2,7,8,4,"1, ROND POINT CHAMPS ELY",0.0,0.0
201300051625,8,11,2013,18,5,75,116,2,1,2,7,BOULEVARD PERIPHERIQUE,0.0,0.0
201300051626,11,11,2013,0,5,75,108,2,7,1,3,PLACE DU CANADA,0.0,0.0
201300051627,12,11,2013,9,1,75,108,2,2,2,7,"14, AVENUE DE FRIEDLAND",0.0,0.0
201300051628,12,11,2013,23,5,75,108,2,2,2,6,BOULEVARD DE COURCELLES,0.0,0.0
201300051629,13,11,2013,9,1,75,108,2,1,1,2,"04, AVENUE HOCHE",0.0,0.0
201300051630,13,11,2013,12,1,75,108,2,4,1,6,"226, RUE DU FAUBOURG SAI",0.0,0.0
201300051631,14,11,2013,8,1,75,108,2,1,2,2,COURS LA REINE,0.0,0.0
201300051632,15,11,2013,23,5,75,108,2,7,1,4,"10, AVENUE DE FRIEDLAND",0.0,0.0
201300051633,15,11,2013,19,2,75,108,2,2,1,3,"52, AVENUE DES CHAMPS EL",0.0,0.0
201300051634,16,11,2013,0,5,75,108,2,1,1,2,AVENUE DES CHAMPS ELYSEE,0.0,0.0
201300051635,16,11,2013,3,5,75,108,2,2,1,3,"112, AVENUE DES CHAMPS E",0.0,0.0
201300051636,17,11,2013,3,5,75,108,2,1,1,6,BOULEVARD DE COURCELLES,0.0,0.0
201300051637,18,11,2013,10,1,75,108,2,1,1,7,VOIE GEORGES POMPIDOU,0.0,0.0
201300051638,21,11,2013,10,1,75,117,2,1,2,7,"17, BOULEVARD DE COURCEL",0.0,0.0
201300051639,21,11,2013,20,5,75,108,2,7,2,2,PLACE DE LA CONCORDE,0.0,0.0
201300051640,21,11,2013,22,5,75,108,2,7,2,6,"59, RUE DU FAUBOURG SAIN",0.0,0.0
201300051641,22,11,2013,20,5,75,108,2,3,1,6,"35, RUE DE ROME",0.0,0.0
201300051642,25,11,2013,18,5,75,108,2,1,1,2,VOIE GEORGES POMPIDOU,0.0,0.0
201300051643,25,11,2013,21,5,75,108,2,3,1,6,"34, RUE FRANCOIS 1ER",0.0,0.0
201300051644,26,11,2013,10,1,75,108,2,1,1,6,"72, AVENUE MARCEAU",0.0,0.0
201300051645,26,11,2013,17,5,75,116,2,7,1,3,PLACE CLEMENT ADER,0.0,0.0
201300051646,26,11,2013,19,3,75,108,2,1,1,2,"67, AVENUE DES CHAMPS EL",0.0,0.0
201300051647,27,11,2013,9,1,75,108,2,7,1,2,"4, PLACE DE LA CONCORDE",0.0,0.0
201300051648,27,11,2013,12,1,75,108,2,1,1,6,"5, RUE DE BERRI",0.0,0.0
201300051649,28,11,2013,12,1,75,108,2,1,1,6,"21, RUE DU FAUBOURG SAIN",0.0,0.0
201300051650,28,11,2013,19,5,75,108,2,2,2,7,"131, AVENUE DES CHAMPS E",0.0,0.0
201300051651,28,11,2013,23,5,75,108,2,7,1,3,PLACE DE LA CONCORDE,0.0,0.0
201300051652,29,11,2013,8,1,75,108,2,2,1,6,RUE D ARGENSON,0.0,0.0
201300051653,29,11,2013,18,5,75,108,2,2,2,3,"38, AVENUE DE FRIEDLAND",0.0,0.0
201300051654,30,11,2013,23,5,75,108,2,2,2,2,"52, BOULEVARD MALESHERBE",0.0,0.0
201300051655,30,11,2013,17,5,75,108,2,1,1,7,"24, RUE FRANCOIS 1ER",0.0,0.0
201300051656,1,12,2013,7,5,75,108,2,2,1,3,"52, AVENUE DES CHAMPS EL",0.0,0.0
201300051657,2,12,2013,11,1,75,108,2,1,1,2,AVENUE DES CHAMPS ELYSEE,0.0,0.0
201300051658,2,12,2013,12,1,75,108,2,1,1,6,AVENUE WINSTON CHURCHILL,0.0,0.0
201300051659,3,12,2013,13,1,75,108,2,1,1,6,"129, AVENUE DES CHAMPS E",0.0,0.0
201300051660,3,12,2013,18,5,75,108,2,2,1,6,"29, AVENUE DE FRIEDLAND",0.0,0.0
201300051661,5,12,2013,16,1,75,108,2,2,1,3,"127, AVENUE DES CHAMPS E",0.0,0.0
201300051662,6,12,2013,10,1,75,108,2,5,1,6,"6, PLACE SAINT AUGUSTIN",0.0,0.0
201300051663,6,12,2013,13,1,75,108,2,1,1,6,"4, RUE ROYALE",0.0,0.0
201300051664,7,12,2013,12,1,75,108,2,1,1,3,"95, RUE D AMSTERDAM",0.0,0.0
201300051665,7,12,2013,16,2,75,108,2,1,1,3,"12, BOULEVARD DE COURCEL",0.0,0.0
201300051666,8,12,2013,5,5,75,108,2,1,1,6,"146, AVENUE DES CHAMPS E",0.0,0.0
201300051667,9,12,2013,13,1,75,108,2,7,1,6,"43, AVENUE FRANKLIN D RO",0.0,0.0
201300051668,9,12,2013,19,5,75,108,2,1,1,6,"12, AVENUE DE WAGRAM",0.0,0.0
201300051669,10,12,2013,11,1,75,108,2,2,1,3,"49, RUE DE ROME",0.0,0.0
201300051670,12,12,2013,15,1,75,108,2,2,1,5,"12, RUE BEAUJON",0.0,0.0
201300051671,13,12,2013,18,5,75,108,2,7,2,7,PLACE DE LA CONCORDE,0.0,0.0
201300051672,14,12,2013,3,5,75,108,2,7,1,3,AVENUE DES CHAMPS ELYSEE,0.0,0.0
201300051673,14,12,2013,9,1,75,108,2,1,1,7,"1, AVENUE DES CHAMPS ELY",0.0,0.0
201300051674,14,12,2013,12,1,75,108,2,7,1,6,PLACE DE LA MADELEINE,0.0,0.0
201300051675,17,12,2013,11,1,75,108,2,3,1,2,"38, RUE DES MATHURINS",0.0,0.0
201300051676,17,12,2013,17,5,75,108,2,3,1,3,"08, BOULEVARD MALESHERBE",0.0,0.0
201300051677,17,12,2013,19,5,75,108,2,7,1,2,PLACE DE LA CONCORDE,0.0,0.0
201300051678,18,12,2013,17,5,75,108,2,2,1,3,AVENUE DES CHAMPS ELYSEE,0.0,0.0
201300051679,20,12,2013,9,1,75,108,2,4,1,3,"61, BOULEVARD HAUSSMANN",0.0,0.0
201300051680,20,12,2013,12,1,75,108,2,1,1,5,AVENUE DES CHAMPS ELYSEE,0.0,0.0
201300051681,21,12,2013,14,1,75,108,2,1,1,2,RUE DE LONDRES,0.0,0.0
201300051682,22,12,2013,1,5,75,108,2,7,9,3,"1, PLACE CHARLES DE GAUL",0.0,0.0
201300051683,22,12,2013,1,5,75,108,2,7,1,4,ROND POINT CHAMPS ELYSEE,0.0,0.0
201300051684,22,12,2013,17,5,75,108,2,2,2,6,"33, AVENUE DES CHAMPS EL",0.0,0.0
201300051685,24,12,2013,9,1,75,116,2,2,6,7,"39, AVENUE MARCEAU",0.0,0.0
201300051686,24,12,2013,16,2,75,108,2,1,3,6,"45, RUE DE LONDRES",0.0,0.0
201300051687,26,12,2013,15,1,75,108,2,3,1,3,"134, BOULEVARD HAUSSMANN",0.0,0.0
201300051688,28,12,2013,1,5,75,108,2,5,3,3,COURS LA REINE,0.0,0.0
201300051689,28,12,2013,4,5,75,108,2,1,3,6,COURS ALBERT 1ER,0.0,0.0
201300051690,28,12,2013,12,1,75,108,2,7,1,3,"3, PLACE DE LA CONCORDE",0.0,0.0
201300051691,29,12,2013,20,5,75,108,2,1,1,7,"48, RUE DE LONDRES",0.0,0.0
201300051692,30,12,2013,12,1,75,108,2,1,1,3,"11, RUE TRONCHET",0.0,0.0
201300051693,30,12,2013,18,5,75,108,2,2,2,2,"121, BOULEVARD MALESHERB",0.0,0.0
201300051694,31,12,2013,10,1,75,108,2,2,1,3,"07, RUE ROQUEPINE",0.0,0.0
201300051695,31,12,2013,14,1,75,108,2,2,1,3,"24, RUE DU FAUBOURG SAIN",0.0,0.0
201300051696,2,1,2013,6,5,75,109,2,2,1,3,BOULEVARD POISSONNIERE,0.0,0.0
201300051697,7,1,2013,8,1,75,109,2,3,1,6,BOULEVARD DE CLICHY,0.0,0.0
201300051698,8,1,2013,9,1,75,109,2,2,1,6,"2, RUE DE MOGADOR",0.0,0.0
201300051699,9,1,2013,0,5,75,109,2,2,1,6,"76, RUE DE DUNKERQUE",0.0,0.0
201300051700,9,1,2013,11,1,75,109,2,2,1,3,"43, RUE DE PROVENCE",0.0,0.0
201300051701,10,1,2013,14,1,75,109,2,5,2,6,"76, RUE DE ROCHECHOUART",0.0,0.0
201300051702,17,1,2013,16,1,75,109,2,1,1,6,"5, RUE ROUGEMONT",0.0,0.0
201300051703,16,1,2013,23,5,75,109,2,1,1,7,"14, RUE CLAUZEL",0.0,0.0
201300051704,18,1,2013,1,5,75,109,2,5,1,7,"02, BOULEVARD HAUSSMANN",0.0,0.0
201300051705,18,1,2013,14,1,75,109,2,7,1,6,PLACE PIGALLE,0.0,0.0
201300051706,24,1,2013,20,5,75,109,2,1,1,6,"17, BOULEVARD DE ROCHECH",0.0,0.0
201300051707,25,1,2013,15,1,75,109,2,2,1,6,"16, RUE DE MOGADOR",0.0,0.0
201300051708,25,1,2013,21,5,75,102,2,7,1,5,BOULEVARD DES CAPUCINES,0.0,0.0
201300051709,26,1,2013,20,5,75,109,2,1,1,6,"20, RUE D AMSTERDAM",0.0,0.0
201300051710,29,1,2013,21,5,75,109,2,7,8,7,BOULEVARD DE ROCHECHOUAR,0.0,0.0
201300051711,30,1,2013,18,2,75,109,2,2,1,6,"02, RUE BERGERE",0.0,0.0
201300051712,31,1,2013,19,5,75,109,2,4,1,6,"40, RUE BALLU",0.0,0.0
201300051713,1,2,2013,19,5,75,116,2,2,1,6,AVENUE HENRI MARTIN,0.0,0.0
201300051714,7,2,2013,7,2,75,109,2,2,2,3,"61, RUE LA FAYETTE",0.0,0.0
201300051715,7,2,2013,9,1,75,102,2,1,1,2,"05, BOULEVARD DES ITALIE",0.0,0.0
201300051716,8,2,2013,9,1,75,109,2,5,1,6,"40, BOULEVARD HAUSSMANN",0.0,0.0
201300051717,9,2,2013,10,1,75,109,2,7,1,6,"1, RUE DE MAUBEUGE",0.0,0.0
201300051718,12,2,2013,12,1,75,109,2,3,1,3,"92, RUE SAINT LAZARE",0.0,0.0
201300051719,12,2,2013,19,5,75,109,2,1,1,6,"4, RUE DU FAUBOURG MONTM",0.0,0.0
201300051720,13,2,2013,11,1,75,109,2,1,1,7,"28, RUE BLANCHE",0.0,0.0
201300051721,21,2,2013,14,1,75,109,2,7,1,6,"2, RUE HALEVY",0.0,0.0
201300051722,26,2,2013,14,1,75,109,2,1,1,2,"14, RUE BERGERE",0.0,0.0
201300051723,26,2,2013,22,5,75,109,2,2,1,3,"41, RUE DE ROCHECHOUART",0.0,0.0
201300051724,23,2,2013,20,2,75,109,2,3,8,3,"75 bis, BOULEVARD DE CLI",0.0,0.0
201300051725,28,2,2013,19,5,75,109,2,4,1,2,"12, BOULEVARD DE LA MADE",0.0,0.0
201300051726,1,3,2013,6,5,75,109,2,3,1,2,"54 bis, RUE DE CLICHY",0.0,0.0
201300051727,9,3,2013,17,1,75,109,2,1,1,6,"107, RUE SAINT LAZARE",0.0,0.0