Num_Acc,jour,mois,an,hr,condition_eclairage,departement,commune,condition_agglomeration,intersection,condition_atmosphere,type_collision,adresse,lattitude,longitude
201300051728,9,3,2013,22,5,75,109,2,5,1,7,"38, RUE NOTRE DAME DE LO",0.0,0.0
201300051729,11,3,2013,10,1,75,109,2,1,2,3,"16, BOULEVARD MONTMARTRE",0.0,0.0
201300051730,13,3,2013,18,1,75,109,2,1,8,6,"13, RUE DE MONTYON",0.0,0.0
201300051731,14,3,2013,20,5,75,109,2,7,1,4,"19, BOULEVARD DE CLICHY",0.0,0.0
201300051732,15,3,2013,8,1,75,109,2,2,1,7,"24, RUE SAINT LAZARE",0.0,0.0
201300051733,15,3,2013,10,1,75,109,2,5,1,2,BOULEVARD HAUSSMANN,0.0,0.0
201300051734,15,3,2013,13,1,75,109,2,7,1,6,"12, BOULEVARD DES CAPUCI",0.0,0.0
201300051735,22,3,2013,16,1,75,109,2,5,1,2,"40, BOULEVARD HAUSSMANN",0.0,0.0
201300051736,25,3,2013,14,1,75,109,2,2,1,6,"40, RUE DE CHATEAUDUN",0.0,0.0
201300051737,26,3,2013,10,1,75,109,2,1,1,6,"52, RUE DE CHATEAUDUN",0.0,0.0
201300051738,26,3,2013,17,1,75,109,2,1,8,6,"45, BOULEVARD DE ROCHECH",0.0,0.0
201300051739,29,3,2013,1,5,75,109,2,3,1,6,"57, BOULEVARD DE ROCHECH",0.0,0.0
201300051740,30,3,2013,23,5,75,109,2,1,1,7,"18, RUE CLAUZEL",0.0,0.0
201300051741,2,4,2013,17,1,75,109,2,5,1,3,"23, BOULEVARD HAUSSMANN",0.0,0.0
201300051742,4,4,2013,18,1,75,109,2,5,2,3,"1, RUE DE PROVENCE",0.0,0.0
201300051743,6,4,2013,10,1,75,109,2,2,1,3,"8, BOULEVARD HAUSSMANN",0.0,0.0
201300051744,8,4,2013,17,1,75,109,2,1,1,6,"39, BOULEVARD DE CLICHY",0.0,0.0
201300051745,10,4,2013,19,5,75,109,2,3,2,7,"16, BOULEVARD POISSONNIE",0.0,0.0
201300051746,12,4,2013,17,1,75,109,2,7,3,2,"02, PLACE CHARLES GARNIE",0.0,0.0
201300051747,15,4,2013,8,1,75,109,2,5,2,6,"21, RUE DU FAUBOURG MONT",0.0,0.0
201300051748,17,4,2013,12,1,75,109,2,7,1,6,"1, RUE AUBER",0.0,0.0
201300051749,17,4,2013,15,1,75,109,2,2,1,6,"24, RUE DE TREVISE",0.0,0.0
201300051750,17,4,2013,15,1,75,109,2,5,1,3,RUE AUBER,0.0,0.0
201300051751,22,4,2013,19,1,75,109,2,1,1,4,"22, RUE DE LONDRES",0.0,0.0
201300051752,24,4,2013,17,1,75,109,2,3,1,6,"17, RUE DE ROCHECHOUART",0.0,0.0
201300051753,26,4,2013,17,1,75,109,2,7,2,6,"19, RUE SCRIBE",0.0,0.0
201300051754,29,4,2013,15,1,75,109,2,3,1,6,"16, RUE HENRY MONNIER",0.0,0.0
201300051755,1,5,2013,16,1,75,109,2,3,8,3,RUE LA FAYETTE,0.0,0.0
201300051756,2,5,2013,10,1,75,109,2,2,1,3,"3, BOULEVARD HAUSSMANN",0.0,0.0
201300051757,2,5,2013,18,1,75,109,2,1,1,6,RUE CHORON,0.0,0.0
201300051758,6,5,2013,16,1,75,109,2,5,1,3,"63, BOULEVARD DE ROCHECH",0.0,0.0
201300051759,12,5,2013,0,5,75,109,2,4,1,3,"08, RUE DE LA CHAUSSEE D",0.0,0.0
201300051760,13,5,2013,19,1,75,109,2,5,1,3,"27, RUE DE ROCHECHOUART",0.0,0.0
201300051761,14,5,2013,15,1,75,109,2,7,1,6,"57, RUE DE LA CHAUSSEE D",0.0,0.0
201300051762,15,5,2013,0,5,75,102,2,2,8,7,"3, BOULEVARD MONTMARTRE",0.0,0.0
201300051763,16,5,2013,6,2,75,109,2,2,1,3,"32, RUE DE LA ROCHEFOUCA",0.0,0.0
201300051764,16,5,2013,12,1,75,109,2,2,1,3,"43, RUE LE PELETIER",0.0,0.0
201300051765,17,5,2013,18,1,75,109,2,5,1,6,"4, RUE TURGOT",0.0,0.0
201300051766,20,5,2013,23,5,75,109,2,5,2,6,"01, RUE MAYRAN",0.0,0.0
201300051767,21,5,2013,18,1,75,102,2,5,1,3,"28, AVENUE DE L OPERA",0.0,0.0
201300051768,23,5,2013,14,1,75,109,2,5,1,3,"29, RUE DROUOT",0.0,0.0
201300051769,24,5,2013,3,5,75,109,2,1,1,5,"8, BOULEVARD MONTMARTRE",0.0,0.0
201300051770,25,5,2013,11,1,75,109,2,1,1,5,"36, RUE VICTOR MASSE",0.0,0.0
201300051771,24,5,2013,22,5,75,109,2,7,2,6,"15, BOULEVARD DE CLICHY",0.0,0.0
201300051772,25,5,2013,20,1,75,109,2,2,2,6,"127, RUE DU FAUBOURG POI",0.0,0.0
201300051773,26,5,2013,9,1,75,109,2,7,1,2,PLACE DE CLICHY,0.0,0.0
201300051774,27,5,2013,12,1,75,109,2,1,1,2,"53, RUE DE CHATEAUDUN",0.0,0.0
201300051775,27,5,2013,16,1,75,109,2,5,1,6,RUE LA FAYETTE,0.0,0.0
201300051776,29,5,2013,14,1,75,109,2,7,1,6,"75, RUE SAINT LAZARE",0.0,0.0
201300051777,29,5,2013,17,1,75,109,2,2,1,3,"14, BOULEVARD HAUSSMANN",0.0,0.0
201300051778,3,6,2013,11,1,75,101,2,2,1,3,"52, RUE DU LOUVRE",0.0,0.0
201300051779,9,6,2013,16,1,75,109,2,5,2,7,"46, RUE DE ROCHECHOUART",0.0,0.0
201300051780,10,6,2013,11,1,75,109,2,2,1,6,"20, RUE LAMARTINE",0.0,0.0
201300051781,13,6,2013,20,1,75,109,2,5,1,3,RUE DE ROCHECHOUART,0.0,0.0
201300051782,14,6,2013,20,2,75,109,2,2,1,3,"46, RUE DE TREVISE",0.0,0.0
201300051783,15,6,2013,5,5,75,109,2,2,1,3,"41, RUE DE CHATEAUDUN",0.0,0.0
201300051784,15,6,2013,16,1,75,109,2,1,1,6,"42, RUE DE LA CHAUSSEE D",0.0,0.0
201300051785,17,6,2013,9,1,75,109,2,5,3,1,"30, BOULEVARD DES CAPUCI",0.0,0.0
201300051786,18,6,2013,15,1,75,109,2,2,1,6,"20, RUE DE MOGADOR",0.0,0.0
201300051787,21,6,2013,13,1,75,109,2,3,1,6,"21, RUE DE CLICHY",0.0,0.0
201300051788,21,6,2013,19,1,75,109,2,2,1,3,"13, RUE DE CHATEAUDUN",0.0,0.0
201300051789,23,6,2013,12,1,75,101,2,3,1,3,RUE THERESE,0.0,0.0
201300051790,25,6,2013,23,5,75,109,2,5,1,3,"2, RUE HENRY MONNIER",0.0,0.0
201300051791,26,6,2013,8,1,75,109,2,7,1,3,"15, BOULEVARD DE CLICHY",0.0,0.0
201300051792,26,6,2013,9,1,75,109,2,3,1,6,"8, BOULEVARD DE LA MADEL",0.0,0.0
201300051793,27,6,2013,21,1,75,109,2,3,1,2,"47, RUE SAINT GEORGES",0.0,0.0
201300051794,30,6,2013,15,1,75,109,2,5,1,6,"10, PLACE D ANVERS",0.0,0.0
201300051795,1,7,2013,17,1,75,109,2,2,1,7,"43, RUE LE PELETIER",0.0,0.0
201300051796,3,7,2013,9,1,75,109,2,3,2,2,"75, BOULEVARD DE CLICHY",0.0,0.0
201300051797,3,7,2013,21,1,75,109,2,7,1,6,"12, BOULEVARD DES CAPUCI",0.0,0.0
201300051798,6,7,2013,9,1,75,109,2,2,1,3,"02, BOULEVARD MONTMARTRE",0.0,0.0
201300051799,9,7,2013,16,1,75,109,2,3,1,6,"54, RUE DE CLICHY",0.0,0.0
201300051800,9,7,2013,13,1,75,109,2,5,1,6,"73, RUE SAINT LAZARE",0.0,0.0
201300051801,9,7,2013,21,5,75,109,2,5,1,2,"2, BOULEVARD DE LA MADEL",0.0,0.0
201300051802,12,7,2013,10,1,75,109,2,7,1,6,"57, RUE DE LA CHAUSSEE D",0.0,0.0
201300051803,15,7,2013,16,1,75,109,2,7,1,3,"3, RUE AUBER",0.0,0.0
201300051804,11,7,2013,5,5,75,109,2,2,1,3,"20, RUE DE MOGADOR",0.0,0.0
201300051805,19,7,2013,15,1,75,109,2,7,1,6,"12, BOULEVARD DES CAPUCI",0.0,0.0
201300051806,19,7,2013,21,2,75,109,2,7,1,6,"1, PLACE D ESTIENNE D OR",0.0,0.0
201300051807,22,7,2013,16,1,75,109,2,1,1,2,"49, RUE BLANCHE",0.0,0.0
201300051808,22,7,2013,15,1,75,109,2,7,1,2,PLACE BLANCHE,0.0,0.0
201300051809,23,7,2013,2,5,75,109,2,1,1,6,"73, BOULEVARD DE CLICHY",0.0,0.0
201300051810,25,7,2013,14,1,75,109,2,7,1,6,"8, PLACE DE L OPERA",0.0,0.0
201300051811,29,7,2013,1,5,75,109,2,3,1,6,"11, BOULEVARD DE CLICHY",0.0,0.0
201300051812,29,7,2013,20,1,75,109,2,7,1,6,"2, RUE AUBER",0.0,0.0
201300051813,6,8,2013,9,1,75,109,2,7,1,3,PLACE DE L OPERA,0.0,0.0
201300051814,8,8,2013,2,5,75,109,2,5,1,3,"65, RUE JEAN BAPTISTE PI",0.0,0.0
201300051815,13,8,2013,8,1,75,109,2,3,1,3,"15, RUE LA FAYETTE",0.0,0.0
201300051816,17,8,2013,18,1,75,109,2,3,1,3,"35, RUE LAMARTINE",0.0,0.0
201300051817,19,8,2013,18,1,75,109,2,1,1,3,"92, RUE LA FAYETTE",0.0,0.0
201300051818,22,8,2013,13,1,75,109,2,7,1,6,"73, RUE SAINT LAZARE",0.0,0.0
201300051819,23,8,2013,15,1,75,109,2,1,1,6,"8, RUE HALEVY",0.0,0.0
201300051820,30,8,2013,10,1,75,109,2,2,1,5,"13, RUE DE MOGADOR",0.0,0.0
201300051821,3,9,2013,8,1,75,109,2,7,1,3,"8, PLACE DE L OPERA",0.0,0.0
201300051822,4,9,2013,18,1,75,109,2,5,1,7,"2, BOULEVARD DES ITALIEN",0.0,0.0
201300051823,4,9,2013,13,1,75,109,2,7,1,6,"6, RUE BLANCHE",0.0,0.0
201300051824,10,9,2013,15,1,75,109,2,3,2,6,"1, RUE BALLU",0.0,0.0
201300051825,11,9,2013,21,5,75,109,2,4,1,6,"46, RUE DU FAUBOURG MONT",0.0,0.0
201300051826,12,9,2013,21,5,75,109,2,1,8,7,"14, RUE CLAUZEL",0.0,0.0
201300051827,14,9,2013,20,5,75,109,2,2,3,6,"5, RUE DU CONSERVATOIRE",0.0,0.0
201300051828,19,9,2013,14,1,75,109,2,1,1,2,"7, RUE DE LA TOUR D AUVE",0.0,0.0
201300051829,19,9,2013,20,5,75,109,2,2,8,3,"88, RUE LA FAYETTE",0.0,0.0
201300051830,19,9,2013,21,5,75,109,2,2,1,3,BOULEVARD HAUSSMANN,0.0,0.0
201300051831,22,9,2013,22,5,75,109,2,3,1,6,"75bis, BOULEVARD DE CLIC",0.0,0.0
201300051832,24,9,2013,9,1,75,109,2,2,1,3,"38, RUE DE CHATEAUDUN",0.0,0.0
201300051833,24,9,2013,12,1,75,109,2,2,1,7,"7, RUE DE MAUBEUGE",0.0,0.0
201300051834,27,9,2013,10,1,75,109,2,1,1,3,"20, BOULEVARD MONTMARTRE",0.0,0.0
201300051835,27,9,2013,21,5,75,109,2,1,1,6,"31 bis, RUE BERGERE",0.0,0.0
201300051836,28,9,2013,21,5,75,109,2,7,1,6,"8, PLACE DE L OPERA",0.0,0.0
201300051837,30,9,2013,18,1,75,109,2,5,1,3,AVENUE TRUDAINE,0.0,0.0
201300051838,3,10,2013,9,1,75,102,2,1,1,2,"17, BOULEVARD POISSONNIE",0.0,0.0
201300051839,6,10,2013,10,1,75,109,2,3,1,3,"17, RUE LAFFITTE",0.0,0.0
201300051840,7,10,2013,6,5,75,109,2,1,1,6,"88, RUE LA FAYETTE",0.0,0.0
201300051841,7,10,2013,9,1,75,109,2,1,1,2,"43, RUE RICHER",0.0,0.0
201300051842,10,10,2013,12,1,75,109,2,3,1,4,"43, RUE DE LIEGE",0.0,0.0
201300051843,11,10,2013,10,1,75,109,2,1,2,3,"29, BOULEVARD HAUSSMANN",0.0,0.0
201300051844,11,10,2013,14,1,75,109,2,1,1,2,"28, BOULEVARD POISSONNIE",0.0,0.0
201300051845,11,10,2013,21,5,75,109,2,7,1,6,"39, BOULEVARD DE ROCHECH",0.0,0.0
201300051846,12,10,2013,1,5,75,109,2,7,1,6,"17, BOULEVARD HAUSSMANN",0.0,0.0
201300051847,16,10,2013,8,1,75,109,2,1,1,2,"99, RUE SAINT LAZARE",0.0,0.0
201300051848,17,10,2013,9,1,75,109,2,2,1,3,BOULEVARD MONTMARTRE,0.0,0.0
201300051849,17,10,2013,15,1,75,109,2,1,1,7,"21, RUE GERANDO",0.0,0.0
201300051850,22,10,2013,20,5,75,109,2,3,8,6,"36, RUE LA FAYETTE",0.0,0.0
201300051851,23,10,2013,15,1,75,109,2,1,1,6,BOULEVARD HAUSSMANN,0.0,0.0
201300051852,24,10,2013,8,1,75,109,2,2,1,3,"15, RUE SAINT LAZARE",0.0,0.0
201300051853,28,10,2013,9,1,75,109,2,5,8,2,"20, BOULEVARD MONTMARTRE",0.0,0.0
201300051854,29,10,2013,9,1,75,109,2,7,1,2,"15, RUE DE CHATEAUDUN",0.0,0.0
201300051855,30,10,2013,12,1,75,109,2,1,1,6,"23, RUE SAULNIER",0.0,0.0
201300051856,31,10,2013,7,2,75,109,2,7,1,6,"6, BOULEVARD DES CAPUCIN",0.0,0.0
201300051857,2,11,2013,14,1,75,109,2,5,1,2,"61, RUE DE MAUBEUGE",0.0,0.0
201300051858,4,11,2013,7,1,75,109,2,1,1,6,"5, BOULEVARD DE CLICHY",0.0,0.0
201300051859,7,11,2013,12,1,75,109,2,7,8,6,"02, RUE AUBER",0.0,0.0
201300051860,8,11,2013,16,5,75,109,2,3,2,6,"41, BOULEVARD HAUSSMANN",0.0,0.0
201300051861,9,11,2013,1,5,75,109,2,1,1,6,"77, BOULEVARD DE CLICHY",0.0,0.0
201300051862,11,11,2013,4,5,75,109,2,2,1,3,RUE DE CHATEAUDUN,0.0,0.0
201300051863,10,11,2013,20,5,75,117,2,2,1,2,"113, AVENUE DE LA PORTE",0.0,0.0
201300051864,12,11,2013,9,1,75,109,2,1,2,2,"54, RUE D AMSTERDAM",0.0,0.0
201300051865,13,11,2013,11,1,75,109,2,3,1,6,"17, RUE CADET",0.0,0.0
201300051866,13,11,2013,21,5,75,109,2,3,1,7,"15, RUE DE CHATEAUDUN",0.0,0.0
201300051867,15,11,2013,13,1,75,109,2,5,1,6,"1, RUE JEAN BAPTISTE PIG",0.0,0.0
201300051868,16,11,2013,3,5,75,104,2,2,1,6,"3, RUE DU RENARD",0.0,0.0
201300051869,16,11,2013,10,1,75,109,2,1,1,3,"12, BOULEVARD POISSONNIE",0.0,0.0
201300051870,16,11,2013,19,5,75,109,2,2,1,6,"0, RUE DE ROCHECHOUART",0.0,0.0
201300051871,19,11,2013,2,5,75,109,2,1,1,6,"6, PLACE DE CLICHY",0.0,0.0
201300051872,21,11,2013,8,1,75,109,2,7,2,6,"1, RUE AUBER",0.0,0.0
201300051873,22,11,2013,23,5,75,109,2,2,1,3,RUE DE ROCHECHOUART,0.0,0.0
201300051874,21,11,2013,17,2,75,109,2,2,2,6,"53, AVENUE TRUDAINE",0.0,0.0
201300051875,25,11,2013,11,1,75,108,2,2,1,3,"2, AVENUE DE MARIGNY",0.0,0.0
201300051876,26,11,2013,18,5,75,109,2,1,1,7,"23, BOULEVARD DE CLICHY",0.0,0.0
201300051877,29,11,2013,0,5,75,109,2,2,1,3,"3, PLACE LILI BOULANGER",0.0,0.0
201300051878,30,11,2013,13,1,75,109,2,2,1,3,"91, RUE LA FAYETTE",0.0,0.0
201300051879,2,12,2013,14,1,75,109,2,5,1,6,"40, BOULEVARD HAUSSMANN",0.0,0.0
201300051880,4,12,2013,20,5,75,109,2,2,1,7,"35, RUE BLANCHE",0.0,0.0
201300051881,4,12,2013,23,5,75,109,2,7,2,3,"82, RUE DE CLICHY",0.0,0.0
201300051882,6,12,2013,15,1,75,109,2,2,1,6,"49, BOULEVARD HAUSSMANN",0.0,0.0
201300051883,10,12,2013,14,1,75,109,2,2,1,3,"13, RUE RICHER",0.0,0.0
201300051884,11,12,2013,9,1,75,109,2,1,1,2,"4, RUE HALEVY",0.0,0.0
201300051885,12,12,2013,15,1,75,109,2,1,1,6,"121, RUE DU FAUBOURG POI",0.0,0.0
201300051886,14,12,2013,15,1,75,109,2,1,1,3,"10, RUE DE CAUMARTIN",0.0,0.0
201300051887,16,12,2013,22,5,75,109,2,2,1,2,"46, BOULEVARD HAUSSMANN",0.0,0.0
201300051888,17,12,2013,14,1,75,109,2,1,1,3,"14, RUE D AMSTERDAM",0.0,0.0
201300051889,20,12,2013,2,5,75,109,2,1,1,7,"41, RUE PIERRE FONTAINE",0.0,0.0
201300051890,21,12,2013,18,5,75,109,2,2,1,2,BOULEVARD HAUSSMANN,0.0,0.0
201300051891,23,12,2013,11,1,75,109,2,5,1,3,"86, RUE DE DUNKERQUE",0.0,0.0
201300051892,29,12,2013,16,1,75,109,2,1,1,2,"10, BOULEVARD POISSONNIE",0.0,0.0
201300051893,30,12,2013,7,2,75,109,2,2,1,6,"15, RUE SAINT LAZARE",0.0,0.0
201300051894,1,1,2013,1,5,75,110,2,1,2,6,"13, BOULEVARD DE MAGENTA",0.0,0.0
201300051895,2,1,2013,19,5,75,110,2,2,1,6,"70, RUE DU FAUBOURG SAIN",0.0,0.0
201300051896,9,1,2013,11,1,75,110,2,5,1,7,"72, BOULEVARD DE STRASBO",0.0,0.0
201300051897,9,1,2013,17,5,75,110,2,4,2,6,"37, AVENUE CLAUDE VELLEF",0.0,0.0
201300051898,10,1,2013,18,5,75,110,2,1,2,6,"10, BOULEVARD DE MAGENTA",0.0,0.0
201300051899,10,1,2013,21,5,75,110,2,5,8,3,"2, BOULEVARD SAINT DENIS",0.0,0.0
201300051900,11,1,2013,20,5,75,110,2,5,1,6,"51, BOULEVARD DE MAGENTA",0.0,0.0
201300051901,12,1,2013,16,1,75,110,2,7,8,6,"127, BOULEVARD DE MAGENT",0.0,0.0
201300051902,13,1,2013,14,1,75,110,2,2,8,3,"15, AVENUE CLAUDE VELLEF",0.0,0.0
201300051903,14,1,2013,11,1,75,110,2,3,1,2,"38, RUE DE LA GRANGE AUX",0.0,0.0
201300051904,15,1,2013,8,5,75,110,2,4,2,3,"78, BOULEVARD DE MAGENTA",0.0,0.0
201300051905,15,1,2013,10,1,75,110,2,3,2,3,"8, AVENUE RICHERAND",0.0,0.0
201300051906,15,1,2013,12,1,75,110,2,3,2,6,"14, BOULEVARD DE BONNE N",0.0,0.0
201300051907,15,1,2013,14,1,75,110,2,1,2,3,"20, RUE DES ECLUSES SAIN",0.0,0.0
201300051908,15,1,2013,20,5,75,110,2,5,4,6,"1, RUE DU FAUBOURG SAINT",0.0,0.0
201300051909,17,1,2013,11,1,75,110,2,2,1,3,RUE EUGENE VARLIN,0.0,0.0
201300051910,17,1,2013,14,1,75,110,2,1,1,6,"05, RUE D HAUTEVILLE",0.0,0.0
201300051911,17,1,2013,2,5,75,110,2,1,1,6,"80, QUAI DE JEMMAPES",0.0,0.0
201300051912,19,1,2013,2,5,75,110,2,2,4,7,"206, RUE LA FAYETTE",0.0,0.0
201300051913,21,1,2013,18,3,75,110,2,2,4,6,"204, RUE LA FAYETTE",0.0,0.0
201300051914,22,1,2013,21,5,75,110,2,2,2,7,"92, BOULEVARD DE MAGENTA",0.0,0.0
201300051915,23,1,2013,10,1,75,110,2,1,1,3,"164, BOULEVARD DE MAGENT",0.0,0.0
201300051916,25,1,2013,16,1,75,110,2,4,8,3,"21, BOULEVARD DE MAGENTA",0.0,0.0
201300051917,28,1,2013,16,1,75,110,2,1,1,6,"99, BOULEVARD DE MAGENTA",0.0,0.0
201300051918,29,1,2013,6,5,75,110,2,1,2,6,"114, BOULEVARD DE MAGENT",0.0,0.0
201300051919,29,1,2013,10,1,75,110,2,5,2,6,"245, RUE LA FAYETTE",0.0,0.0
201300051920,30,1,2013,8,1,75,110,2,1,2,3,"233, RUE DU FAUBOURG SAI",0.0,0.0
201300051921,30,1,2013,14,1,75,110,2,2,1,3,"93, RUE SAINT MAUR",0.0,0.0
201300051922,1,2,2013,7,5,75,110,2,1,2,6,"119, RUE LA FAYETTE",0.0,0.0
201300051923,2,2,2013,18,5,75,110,2,3,8,3,"131, BOULEVARD DE LA VIL",0.0,0.0
201300051924,2,2,2013,21,5,75,110,2,2,1,6,"38, QUAI DE JEMMAPES",0.0,0.0
201300051925,3,2,2013,13,1,75,110,2,1,1,2,"147, RUE DU FAUBOURG SAI",0.0,0.0
201300051926,3,2,2013,22,5,75,110,2,1,2,6,"114, BOULEVARD DE MAGENT",0.0,0.0
201300051927,4,2,2013,9,1,75,110,2,1,2,6,"26, AVENUE CLAUDE VELLEF",0.0,0.0
201300051928,28,1,2013,11,1,75,110,2,1,1,7,"37, RUE DE LA GRANGE AUX",0.0,0.0
201300051929,5,2,2013,20,5,75,110,2,1,1,3,"28, BOULEVARD DE BONNE N",0.0,0.0
201300051930,7,2,2013,14,1,75,110,2,2,1,6,"5, RUE DE ROCROY",0.0,0.0
201300051931,7,2,2013,23,5,75,110,2,1,2,6,"151, BOULEVARD DE MAGENT",0.0,0.0
201300051932,10,2,2013,19,5,75,110,2,1,4,6,"151, BOULEVARD DE MAGENT",0.0,0.0
201300051933,12,2,2013,15,1,75,110,2,1,1,6,"226, RUE DU FAUBOURG SAI",0.0,0.0
201300051934,13,2,2013,15,1,75,110,2,5,1,6,"63, BOULEVARD DE MAGENTA",0.0,0.0
201300051935,14,2,2013,17,1,75,110,2,7,1,3,"127, RUE LA FAYETTE",0.0,0.0
201300051936,18,2,2013,13,1,75,110,2,2,1,6,"18, CITE D HAUTEVILLE",0.0,0.0
201300051937,19,2,2013,9,1,75,110,2,5,1,2,"13, RUE YVES TOUDIC",0.0,0.0
201300051938,21,2,2013,6,5,75,118,2,1,1,2,"15, BOULEVARD NEY",0.0,0.0
201300051939,21,2,2013,8,1,75,110,2,1,1,7,"117, QUAI DE VALMY",0.0,0.0
201300051940,21,2,2013,14,1,75,110,2,5,1,3,"148, RUE DU FAUBOURG SAI",0.0,0.0
201300051941,22,2,2013,8,1,75,110,2,1,4,7,"125, QUAI DE VALMY",0.0,0.0
201300051942,26,2,2013,16,1,75,110,2,1,8,6,"172, BOULEVARD SAINT MAR",0.0,0.0
201300051943,1,3,2013,1,5,75,110,2,1,1,6,"124, BOULEVARD DE MAGENT",0.0,0.0
201300051944,1,3,2013,20,5,75,110,2,1,1,6,"16, RUE PERDONNET",0.0,0.0
201300051945,3,3,2013,11,1,75,110,2,1,1,2,"77, RUE DU FAUBOURG SAIN",0.0,0.0
201300051946,3,3,2013,11,1,75,110,2,2,1,6,"151, RUE LA FAYETTE",0.0,0.0
201300051947,3,3,2013,12,1,75,110,2,2,1,1,"35, BOULEVARD DE LA CHAP",0.0,0.0
201300051948,4,3,2013,13,1,75,110,2,2,1,2,RUE DU FAUBOURG POISSONN,0.0,0.0
201300051949,6,3,2013,22,5,75,110,2,5,1,3,"126, BOULEVARD DE MAGENT",0.0,0.0
201300051950,8,3,2013,15,1,75,110,2,7,2,3,"7, PLACE FRANZ LISZT",0.0,0.0
201300051951,8,3,2013,19,5,75,110,2,4,2,7,"10, BOULEVARD DE BONNE N",0.0,0.0
201300051952,10,3,2013,8,1,75,110,2,1,8,6,"43, BOULEVARD DE LA CHAP",0.0,0.0
201300051953,11,3,2013,22,4,75,110,2,1,2,6,"119, BOULEVARD DE MAGENT",0.0,0.0
201300051954,5,3,2013,23,5,75,110,2,3,1,3,"40, RUE DU CHATEAU D EAU",0.0,0.0
201300051955,16,3,2013,1,5,75,110,2,1,1,6,"226, RUE LA FAYETTE",0.0,0.0
201300051956,16,3,2013,3,5,75,110,2,1,1,6,"112, QUAI DE JEMMAPES",0.0,0.0
201300051957,16,3,2013,18,5,75,110,2,1,2,7,"83, QUAI DE VALMY",0.0,0.0
201300051958,20,3,2013,9,1,75,110,2,2,2,3,"85, QUAI DE VALMY",0.0,0.0
201300051959,20,3,2013,14,1,75,110,2,2,1,6,"46, RUE DU FAUBOURG SAIN",0.0,0.0
201300051960,20,3,2013,20,4,75,110,2,2,1,3,"70, BOULEVARD DE MAGENTA",0.0,0.0
201300051961,21,3,2013,0,5,75,110,2,5,1,6,"72, BOULEVARD DE STRASBO",0.0,0.0
201300051962,21,3,2013,2,5,75,110,2,1,1,7,", BOULEVARD DE LA VILLET",0.0,0.0
201300051963,21,3,2013,18,2,75,110,2,2,1,6,"64, BOULEVARD DE MAGENTA",0.0,0.0
201300051964,22,3,2013,1,5,75,110,2,3,1,6,"01, RUE DE METZ",0.0,0.0
201300051965,24,3,2013,0,5,75,110,2,2,1,6,"153, RUE LA FAYETTE",0.0,0.0
201300051966,27,3,2013,17,1,75,110,2,3,1,3,"43, RUE DU FAUBOURG SAIN",0.0,0.0
201300051967,27,3,2013,23,5,75,110,2,2,1,1,"158, RUE LA FAYETTE",0.0,0.0
201300051968,29,3,2013,9,1,75,110,2,2,1,3,"1, BOULEVARD DE STRASBOU",0.0,0.0
201300051969,29,3,2013,17,1,75,110,2,3,1,6,"106, QUAI DE JEMMAPES",0.0,0.0
201300051970,30,3,2013,23,5,75,110,2,2,1,1,"202, RUE LA FAYETTE",0.0,0.0
201300051971,5,4,2013,12,1,75,110,2,5,1,3,"03, AVENUE CLAUDE VELLEF",0.0,0.0
201300051972,5,4,2013,15,1,75,110,2,1,1,3,RUE BEAUREPAIRE,0.0,0.0
201300051973,6,4,2013,14,1,75,110,2,1,1,3,"61, BOULEVARD DE MAGENTA",0.0,0.0
201300051974,6,4,2013,19,3,75,110,2,5,1,6,"43, BOULEVARD DE LA CHAP",0.0,0.0
201300051975,7,4,2013,1,5,75,110,2,4,1,6,"17, BOULEVARD DE LA VILL",0.0,0.0
201300051976,11,4,2013,12,1,75,110,2,1,8,6,"11bis, RUE LEON JOUHAUX",0.0,0.0
201300051977,11,4,2013,15,1,75,110,2,1,1,6,"26, RUE LOUIS BLANC",0.0,0.0
201300051978,13,4,2013,23,5,75,110,2,3,1,2,"28, BOULEVARD DE BONNE N",0.0,0.0
201300051979,14,4,2013,2,5,75,110,2,1,1,6,"16, BOULEVARD DE MAGENTA",0.0,0.0
201300051980,14,4,2013,15,1,75,110,2,1,1,6,"155, BOULEVARD DE LA VIL",0.0,0.0
201300051981,15,4,2013,10,1,75,110,2,2,2,7,"225, RUE LA FAYETTE",0.0,0.0
201300051982,15,4,2013,19,1,75,110,2,5,1,2,"45, BOULEVARD DE LA CHAP",0.0,0.0
201300051983,17,4,2013,15,1,75,110,2,1,1,4,RUE LA FAYETTE,0.0,0.0
201300051984,17,4,2013,17,1,75,110,2,3,1,3,"138, RUE DU FAUBOURG SAI",0.0,0.0
201300051985,18,4,2013,0,5,75,110,2,1,1,7,"34, RUE DU FAUBOURG DU T",0.0,0.0
201300051986,18,4,2013,17,1,75,110,2,2,1,3,"1, BOULEVARD DE STRASBOU",0.0,0.0
201300051987,18,4,2013,20,2,75,110,2,5,1,2,"29, AVENUE CLAUDE VELLEF",0.0,0.0
201300051988,20,4,2013,17,1,75,110,2,3,1,6,"42, RUE DE LANCRY",0.0,0.0
201300051989,24,4,2013,14,1,75,110,2,1,1,3,"59, QUAI DE VALMY",0.0,0.0
201300051990,25,4,2013,14,1,75,110,2,1,1,6,"44, RUE DES VINAIGRIERS",0.0,0.0
201300051991,25,4,2013,16,1,75,110,2,7,1,6,"16, PLACE DE LA REPUBLIQ",0.0,0.0
201300051992,27,4,2013,0,5,75,110,2,1,1,6,"149, RUE LA FAYETTE",0.0,0.0
201300051993,27,4,2013,23,5,75,110,2,2,1,3,"14, BOULEVARD SAINT DENI",0.0,0.0
201300051994,30,4,2013,9,1,75,110,2,1,1,2,"45, RUE DU CHATEAU D EAU",0.0,0.0
201300051995,30,4,2013,13,1,75,110,2,3,1,7,"209, RUE DU FAUBOURG SAI",0.0,0.0