Num_Acc,jour,mois,an,hr,condition_eclairage,departement,commune,condition_agglomeration,intersection,condition_atmosphere,type_collision,adresse,lattitude,longitude
201300051996,1,5,2013,7,1,75,110,2,2,1,2,"659, RUE DU FAUBOURG SAI",0.0,0.0
201300051997,1,5,2013,19,1,75,110,2,3,2,1,"18, BOULEVARD SAINT DENI",0.0,0.0
201300051998,1,5,2013,19,2,75,110,2,7,2,6,"30, BOULEVARD DE MAGENTA",0.0,0.0
201300051999,2,5,2013,19,1,75,110,2,1,1,3,"165, BOULEVARD DE LA VIL",0.0,0.0
201300052000,2,5,2013,20,5,75,110,2,2,1,3,"62, BOULEVARD DE MAGENTA",0.0,0.0
201300052001,3,5,2013,21,5,75,110,2,2,1,3,"4, RUE DU HUIT MAI 1945",0.0,0.0
201300052002,6,5,2013,7,1,75,110,2,2,1,6,"148, RUE LA FAYETTE",0.0,0.0
201300052003,6,5,2013,17,1,75,110,2,1,1,6,"63, QUAI DE VALMY",0.0,0.0
201300052004,8,5,2013,1,5,75,110,2,5,1,6,"29 bis, BOULEVARD DE MAG",0.0,0.0
201300052005,8,5,2013,23,5,75,110,2,3,1,3,RUE DU FAUBOURG SAINT MA,0.0,0.0
201300052006,9,5,2013,3,5,75,110,2,2,1,6,"90, BOULEVARD DE MAGENTA",0.0,0.0
201300052007,10,5,2013,19,1,75,110,2,1,1,3,"4, BOULEVARD SAINT MARTI",0.0,0.0
201300052008,11,5,2013,10,1,75,110,2,1,1,6,"25, BOULEVARD DE LA VILL",0.0,0.0
201300052009,11,5,2013,18,1,75,110,2,1,1,6,"203, RUE LA FAYETTE",0.0,0.0
201300052010,11,5,2013,20,1,75,110,2,1,1,1,"181, RUE LA FAYETTE",0.0,0.0
201300052011,11,5,2013,22,5,75,110,2,2,1,3,"48, RUE D HAUTEVILLE",0.0,0.0
201300052012,14,5,2013,17,2,75,110,2,1,1,3,"139, AVENUE PARMENTIER",0.0,0.0
201300052013,16,5,2013,20,1,75,110,2,3,1,3,"21, BOULEVARD DE MAGENTA",0.0,0.0
201300052014,17,5,2013,15,1,75,111,2,4,1,6,"0, BOULEVARD DE BELLEVIL",0.0,0.0
201300052015,19,5,2013,20,5,75,118,2,5,3,7,"28, BOULEVARD DE LA CHAP",0.0,0.0
201300052016,21,5,2013,10,1,75,110,2,1,2,6,"187, QUAI DE VALMY",0.0,0.0
201300052017,21,5,2013,13,1,75,110,2,4,2,5,"02, RUE DU CHATEAU LANDO",0.0,0.0
201300052018,20,5,2013,21,5,75,110,2,1,3,7,"158, RUE LA FAYETTE",0.0,0.0
201300052019,21,5,2013,14,1,75,110,2,2,1,3,"31, QUAI DE VALMY",0.0,0.0
201300052020,21,5,2013,15,1,75,110,2,4,2,3,"21, BOULEVARD DE MAGENTA",0.0,0.0
201300052021,21,5,2013,16,1,75,110,2,2,1,6,"61, BOULEVARD DE STRASBO",0.0,0.0
201300052022,22,5,2013,14,1,75,110,2,2,1,6,"11, AVENUE CLAUDE VELLEF",0.0,0.0
201300052023,24,5,2013,13,1,75,110,2,1,2,6,"29, BOULEVARD DE LA VILL",0.0,0.0
201300052024,24,5,2013,17,1,75,110,2,2,3,6,"40, RUE DE PARADIS",0.0,0.0
201300052025,25,5,2013,15,1,75,110,2,7,8,2,"97, BOULEVARD DE LA VILL",0.0,0.0
201300052026,26,5,2013,20,1,75,110,2,3,1,6,"199, RUE SAINT MAUR",0.0,0.0
201300052027,27,5,2013,17,1,75,110,2,1,1,6,"226, RUE LA FAYETTE",0.0,0.0
201300052028,28,5,2013,17,1,75,110,2,2,1,4,"63, BOULEVARD DE STRASBO",0.0,0.0
201300052029,29,5,2013,11,1,75,110,2,2,1,7,"2, RUE DES PETITES ECURI",0.0,0.0
201300052030,29,5,2013,14,1,75,110,2,7,1,6,"25, BOULEVARD DE MAGENTA",0.0,0.0
201300052031,30,5,2013,10,1,75,110,2,3,2,6,"221, RUE DU FAUBOURG SAI",0.0,0.0
201300052032,30,5,2013,14,1,75,110,2,1,2,6,"184 bis, RUE DU FAUBOURG",0.0,0.0
201300052033,31,5,2013,19,1,75,110,2,1,1,6,"5, RUE BOY ZELENSKI",0.0,0.0
201300052034,1,6,2013,12,1,75,110,2,2,1,6,"83, QUAI DE VALMY",0.0,0.0
201300052035,2,6,2013,4,5,75,110,2,1,1,6,"09, BOULEVARD DE MAGENTA",0.0,0.0
201300052036,4,6,2013,14,1,75,110,2,5,1,3,"37, BOULEVARD DE LA CHAP",0.0,0.0
201300052037,4,6,2013,20,1,75,110,2,1,1,6,"13, BOULEVARD DE STRASBO",0.0,0.0
201300052038,4,6,2013,20,1,75,110,2,1,1,6,"88, RUE DU FAUBOURG SAIN",0.0,0.0
201300052039,6,6,2013,8,1,75,110,2,1,1,2,"145, RUE DU FAUBOURG SAI",0.0,0.0
201300052040,6,6,2013,15,1,75,110,2,4,1,6,"10, RUE DE LA FIDELITE",0.0,0.0
201300052041,6,6,2013,20,1,75,110,2,2,1,6,"51, BOULEVARD DE STRASBO",0.0,0.0
201300052042,7,6,2013,14,1,75,110,2,2,1,3,"151, AVENUE PARMENTIER",0.0,0.0
201300052043,9,6,2013,22,5,75,110,2,2,2,3,"153, RUE LA FAYETTE",0.0,0.0
201300052044,11,6,2013,0,5,75,110,2,5,1,6,"1, RUE DU FAUBOURG SAINT",0.0,0.0
201300052045,11,6,2013,11,1,75,110,2,5,1,6,"11, RUE BEAUREPAIRE",0.0,0.0
201300052046,12,6,2013,3,5,75,110,2,1,1,6,"192, QUAI DE JEMMAPES",0.0,0.0
201300052047,13,6,2013,10,1,75,110,2,1,2,6,"123, RUE LA FAYETTE",0.0,0.0
201300052048,14,6,2013,13,1,75,110,2,4,1,3,"172, AVENUE PARMENTIER",0.0,0.0
201300052049,15,6,2013,18,1,75,110,2,5,1,2,"218, RUE SAINT MAUR",0.0,0.0
201300052050,16,6,2013,5,2,75,110,2,7,1,6,RUE LA FAYETTE,0.0,0.0
201300052051,17,6,2013,23,5,75,110,2,5,8,6,"1, RUE VICQ D AZIR",0.0,0.0
201300052052,18,6,2013,8,1,75,110,2,1,1,7,"125, QUAI DE VALMY",0.0,0.0
201300052053,19,6,2013,17,1,75,110,2,2,3,6,"150, RUE LA FAYETTE",0.0,0.0
201300052054,20,6,2013,7,1,75,110,2,2,2,6,"219, RUE DU FAUBOURG SAI",0.0,0.0
201300052055,20,6,2013,17,1,75,110,2,1,1,7,"149, BOULEVARD DE MAGENT",0.0,0.0
201300052056,20,6,2013,16,1,75,110,2,1,1,1,"99, BOULEVARD DE MAGENTA",0.0,0.0
201300052057,23,6,2013,15,1,75,110,2,2,2,7,"2, BOULEVARD DE BONNE NO",0.0,0.0
201300052058,24,6,2013,10,1,75,110,2,1,1,2,"145, RUE DU FAUBOURG SAI",0.0,0.0
201300052059,26,6,2013,12,1,75,110,2,1,1,6,"190, RUE LA FAYETTE",0.0,0.0
201300052060,26,6,2013,14,1,75,110,2,2,1,2,"28, RUE LOUIS BLANC",0.0,0.0
201300052061,26,6,2013,23,5,75,110,2,2,1,4,"63, RUE DU FAUBOURG SAIN",0.0,0.0
201300052062,29,6,2013,15,1,75,110,2,5,1,2,"19, BOULEVARD DE LA CHAP",0.0,0.0
201300052063,3,7,2013,1,5,75,110,2,1,2,6,"158, RUE LA FAYETTE",0.0,0.0
201300052064,2,7,2013,22,5,75,110,2,1,1,6,"97, RUE LA FAYETTE",0.0,0.0
201300052065,3,7,2013,11,1,75,110,2,2,2,6,"1 Bis, BOULEVARD DE MAGE",0.0,0.0
201300052066,4,7,2013,17,1,75,110,2,1,1,6,"95, BOULEVARD DE MAGENTA",0.0,0.0
201300052067,4,7,2013,19,1,75,110,2,1,1,3,"04, AVENUE CLAUDE VELLEF",0.0,0.0
201300052068,5,7,2013,20,1,75,110,2,1,1,3,"123, RUE LA FAYETTE",0.0,0.0
201300052069,6,7,2013,1,5,75,110,2,7,1,3,"123, BOULEVARD DE MAGENT",0.0,0.0
201300052070,10,7,2013,8,1,75,110,2,2,1,3,"87, QUAI DE VALMY",0.0,0.0
201300052071,8,7,2013,21,2,75,110,2,3,1,6,"69, BOULEVARD DE STRASBO",0.0,0.0
201300052072,11,7,2013,7,1,75,110,2,1,1,6,"08, BOULEVARD SAINT DENI",0.0,0.0
201300052073,13,7,2013,0,5,75,110,2,2,1,6,RUE LA FAYETTE,0.0,0.0
201300052074,15,7,2013,14,1,75,110,2,3,1,6,"21, BOULEVARD DE MAGENTA",0.0,0.0
201300052075,16,7,2013,9,1,75,110,2,4,1,6,"23, BOULEVARD DE MAGENTA",0.0,0.0
201300052076,18,7,2013,15,1,75,110,2,2,7,4,"46, AVENUE CLAUDE VELLEF",0.0,0.0
201300052077,19,7,2013,18,1,75,110,2,1,1,7,"3, AVENUE CLAUDE VELLEFA",0.0,0.0
201300052078,20,7,2013,0,5,75,110,2,2,1,3,RUE LOUIS BLANC,0.0,0.0
201300052079,20,7,2013,18,1,75,110,2,1,1,2,"30, BOULEVARD DE BONNE N",0.0,0.0
201300052080,22,7,2013,15,1,75,110,2,1,1,6,"147, BOULEVARD DE LA VIL",0.0,0.0
201300052081,23,7,2013,11,1,75,110,2,2,1,3,"54, BOULEVARD DE MAGENTA",0.0,0.0
201300052082,23,7,2013,12,1,75,110,2,2,1,3,"39, RUE DES VINAIGRIERS",0.0,0.0
201300052083,24,7,2013,2,5,75,110,2,1,1,6,"114, BOULEVARD DE MAGENT",0.0,0.0
201300052084,24,7,2013,18,1,75,110,2,2,1,3,"135, BOULEVARD DE MAGENT",0.0,0.0
201300052085,25,7,2013,22,5,75,110,2,5,1,3,"71, QUAI DE VALMY",0.0,0.0
201300052086,26,7,2013,16,1,75,110,2,3,1,2,"155, AVENUE PARMENTIER",0.0,0.0
201300052087,27,7,2013,4,5,75,110,2,2,1,3,"62, BOULEVARD DE MAGENTA",0.0,0.0
201300052088,27,7,2013,17,1,75,110,2,2,9,3,"116, RUE DE MAUBEUGE",0.0,0.0
201300052089,28,7,2013,1,5,75,110,2,1,1,6,"181, RUE LA FAYETTE",0.0,0.0
201300052090,29,7,2013,18,1,75,110,2,2,1,3,"149, BOULEVARD DE LA VIL",0.0,0.0
201300052091,30,7,2013,11,1,75,110,2,7,1,6,"22, RUE RENE BOULANGER",0.0,0.0
201300052092,31,7,2013,13,1,75,110,2,1,1,6,"208, RUE LA FAYETTE",0.0,0.0
201300052093,1,8,2013,9,1,75,110,2,1,1,6,"16, PLACE JACQUES BONSER",0.0,0.0
201300052094,1,8,2013,18,1,75,110,2,3,1,3,"150, RUE DU FAUBOURG SAI",0.0,0.0
201300052095,2,8,2013,21,2,75,110,2,1,1,6,"191, RUE SAINT MAUR",0.0,0.0
201300052096,6,8,2013,8,1,75,110,2,5,1,3,"68, BOULEVARD DE STRASBO",0.0,0.0
201300052097,9,8,2013,23,5,75,110,2,2,1,3,"115, RUE DU FAUBOURG SAI",0.0,0.0
201300052098,10,8,2013,20,1,75,110,2,2,1,3,"18, BOULEVARD DE STRASBO",0.0,0.0
201300052099,11,8,2013,10,1,75,110,2,1,1,6,"29, RUE DE LA GRANGE AUX",0.0,0.0
201300052100,14,8,2013,14,1,75,110,2,1,1,6,"46, RUE RENE BOULANGER",0.0,0.0
201300052101,18,8,2013,10,1,75,110,2,1,8,7,"110, QUAI DE JEMMAPES",0.0,0.0
201300052102,19,8,2013,17,1,75,110,2,4,1,2,"36, BOULEVARD DE MAGENTA",0.0,0.0
201300052103,23,8,2013,5,5,75,110,2,1,1,7,"64, AVENUE CLAUDE VELLEF",0.0,0.0
201300052104,24,8,2013,17,1,75,110,2,2,8,2,"143, QUAI DE VALMY",0.0,0.0
201300052105,25,8,2013,23,5,75,110,2,1,8,2,"125, BOULEVARD DE LA VIL",0.0,0.0
201300052106,26,8,2013,23,5,75,110,2,7,1,3,"230, RUE LA FAYETTE",0.0,0.0
201300052107,26,8,2013,23,5,75,110,2,1,1,6,"8, BOULEVARD DE MAGENTA",0.0,0.0
201300052108,27,8,2013,14,1,75,110,2,1,1,6,"21, RUE DE DUNKERQUE",0.0,0.0
201300052109,28,8,2013,5,2,75,110,2,1,1,6,"96, BOULEVARD DE MAGENTA",0.0,0.0
201300052110,29,8,2013,13,1,75,110,2,1,1,6,"74, QUAI DE JEMMAPES",0.0,0.0
201300052111,29,8,2013,18,1,75,110,2,1,1,6,RUE DES ECLUSES SAINT MA,0.0,0.0
201300052112,3,9,2013,19,1,75,110,2,1,1,3,"25, RUE DE PARADIS",0.0,0.0
201300052113,4,9,2013,9,1,75,110,2,3,1,7,"169, QUAI DE VALMY",0.0,0.0
201300052114,4,9,2013,16,1,75,110,2,1,1,6,"25, RUE DE LANCRY",0.0,0.0
201300052115,5,9,2013,22,5,75,110,2,1,1,6,"162, RUE DU FAUBOURG SAI",0.0,0.0
201300052116,6,9,2013,20,5,75,110,2,2,2,6,"16, BOULEVARD SAINT DENI",0.0,0.0
201300052117,7,9,2013,16,1,75,110,2,1,1,6,"71, QUAI DE VALMY",0.0,0.0
201300052118,12,9,2013,2,5,75,110,2,1,1,6,"18, BOULEVARD DE MAGENTA",0.0,0.0
201300052119,12,9,2013,12,1,75,110,2,1,8,6,"6, RUE DE LA GRANGE AUX",0.0,0.0
201300052120,12,9,2013,22,5,75,110,2,1,1,2,"51, BOULEVARD DE MAGENTA",0.0,0.0
201300052121,15,9,2013,7,1,75,110,2,5,1,3,"138, RUE LA FAYETTE",0.0,0.0
201300052122,15,9,2013,12,1,75,110,2,2,1,6,"232, RUE DU FAUBOURG SAI",0.0,0.0
201300052123,17,9,2013,21,5,75,110,2,3,2,2,RUE DU FAUBOURG SAINT MA,0.0,0.0
201300052124,17,9,2013,22,5,75,110,2,1,2,6,"119, BOULEVARD DE MAGENT",0.0,0.0
201300052125,18,9,2013,6,2,75,110,2,2,1,1,"193, RUE LA FAYETTE",0.0,0.0
201300052126,19,9,2013,21,3,75,110,2,2,2,6,"166, AVENUE PARMENTIER",0.0,0.0
201300052127,19,9,2013,23,5,75,110,2,1,1,6,"45, BOULEVARD DE MAGENTA",0.0,0.0
201300052128,20,9,2013,1,5,75,110,2,5,1,3,RUE BICHAT,0.0,0.0
201300052129,20,9,2013,16,1,75,110,2,1,1,3,"90, QUAI DE JEMMAPES",0.0,0.0
201300052130,21,9,2013,7,2,75,110,2,1,1,7,"90, BOULEVARD DE MAGENTA",0.0,0.0
201300052131,21,9,2013,15,1,75,110,2,2,1,6,"164, AVENUE PARMENTIER",0.0,0.0
201300052132,22,9,2013,16,1,75,110,2,1,1,3,"13, RUE DES RECOLLETS",0.0,0.0
201300052133,23,9,2013,11,1,75,110,2,2,1,6,"36, BOULEVARD DE STRASBO",0.0,0.0
201300052134,23,9,2013,15,1,75,110,2,3,1,2,"169, QUAI DE VALMY",0.0,0.0
201300052135,25,9,2013,8,1,75,110,2,1,1,7,"64, QUAI DE JEMMAPES",0.0,0.0
201300052136,26,9,2013,2,5,75,110,2,2,2,7,"4, BOULEVARD SAINT DENIS",0.0,0.0
201300052137,26,9,2013,12,1,75,110,2,2,1,3,"28, BOULEVARD DE BONNE N",0.0,0.0
201300052138,29,9,2013,1,5,75,110,2,3,1,6,"167, QUAI DE VALMY",0.0,0.0
201300052139,29,9,2013,17,1,75,110,2,1,1,3,"147, RUE DU FAUBOURG SAI",0.0,0.0
201300052140,3,10,2013,2,5,75,110,2,5,1,2,"20, BOULEVARD SAINT MART",0.0,0.0
201300052141,3,10,2013,14,1,75,110,2,2,1,2,"32, BOULEVARD DE STRASBO",0.0,0.0
201300052142,4,10,2013,20,5,75,110,2,2,1,3,"1, RUE DU CHATEAU D EAU",0.0,0.0
201300052143,6,10,2013,12,1,75,110,2,1,1,6,"33, BOULEVARD DE LA CHAP",0.0,0.0
201300052144,7,10,2013,18,2,75,110,2,2,1,6,"153, RUE LA FAYETTE",0.0,0.0
201300052145,7,10,2013,18,2,75,110,2,5,1,6,"71, QUAI DE VALMY",0.0,0.0
201300052146,8,10,2013,0,5,75,110,2,4,8,6,"42, BOULEVARD DE MAGENTA",0.0,0.0
201300052147,10,10,2013,3,5,75,110,2,1,2,6,"151, BOULEVARD DE MAGENT",0.0,0.0
201300052148,10,10,2013,9,1,75,110,2,3,1,2,"30, BOULEVARD DE BONNE N",0.0,0.0
201300052149,11,10,2013,23,5,75,110,2,2,1,3,"85, QUAI DE VALMY",0.0,0.0
201300052150,12,10,2013,12,1,75,110,2,5,8,3,"247, RUE LA FAYETTE",0.0,0.0
201300052151,13,10,2013,15,1,75,110,2,3,1,6,"245, RUE LA FAYETTE",0.0,0.0
201300052152,14,10,2013,9,1,75,110,2,5,1,3,"173, BOULEVARD DE LA VIL",0.0,0.0
201300052153,17,10,2013,14,1,75,110,2,2,1,3,"30, BOULEVARD DE MAGENTA",0.0,0.0
201300052154,17,10,2013,17,1,75,110,2,1,1,6,"92, RUE DE MAUBEUGE",0.0,0.0
201300052155,18,10,2013,21,5,75,110,2,3,1,7,"222, RUE DU FAUBOURG SAI",0.0,0.0
201300052156,19,10,2013,5,5,75,110,2,1,1,6,"139, BOULEVARD DE MAGENT",0.0,0.0
201300052157,20,10,2013,5,5,75,110,2,1,1,6,"38, QUAI DE JEMMAPES",0.0,0.0
201300052158,22,10,2013,10,1,75,110,2,1,1,6,"28, RUE DU FAUBOURG SAIN",0.0,0.0
201300052159,22,10,2013,20,5,75,110,2,5,1,6,"2, RUE BEAUREPAIRE",0.0,0.0
201300052160,23,10,2013,10,1,75,110,2,1,1,4,"103, BOULEVARD DE LA VIL",0.0,0.0
201300052161,23,10,2013,14,1,75,110,2,2,1,6,"3, BOULEVARD DE LA VILLE",0.0,0.0
201300052162,26,10,2013,16,1,75,110,2,2,8,3,"53, RUE LOUIS BLANC",0.0,0.0
201300052163,28,10,2013,7,2,75,110,2,1,2,6,"53, BOULEVARD DE MAGENTA",0.0,0.0
201300052164,28,10,2013,17,5,75,110,2,1,1,1,"61, RUE LOUIS BLANC",0.0,0.0
201300052165,29,10,2013,9,1,75,110,2,2,1,3,"180, RUE LA FAYETTE",0.0,0.0
201300052166,30,10,2013,21,5,75,110,2,1,1,6,"32, BOULEVARD DE MAGENTA",0.0,0.0
201300052167,31,10,2013,20,5,75,110,2,2,2,2,"160, RUE LA FAYETTE",0.0,0.0
201300052168,1,11,2013,21,5,75,110,2,1,3,6,"18, BOULEVARD DE MAGENTA",0.0,0.0
201300052169,3,11,2013,10,1,75,110,2,2,1,6,"19, BOULEVARD DE MAGENTA",0.0,0.0
201300052170,3,11,2013,22,5,75,110,2,1,3,6,"45, BOULEVARD DE MAGENTA",0.0,0.0
201300052171,3,11,2013,22,5,75,110,2,1,3,6,"114, BOULEVARD DE MAGENT",0.0,0.0
201300052172,5,11,2013,13,1,75,110,2,5,2,3,"125, BOULEVARD DE MAGENT",0.0,0.0
201300052173,7,11,2013,14,1,75,110,2,1,1,3,"26, BOULEVARD DE BONNE N",0.0,0.0
201300052174,7,11,2013,18,5,75,110,2,4,2,6,"37, AVENUE CLAUDE VELLEF",0.0,0.0
201300052175,8,11,2013,3,5,75,110,2,2,2,6,"8, BOULEVARD DE MAGENTA",0.0,0.0
201300052176,8,11,2013,18,5,75,110,2,2,2,3,"63, RUE DU FAUBOURG SAIN",0.0,0.0
201300052177,9,11,2013,1,5,75,119,2,5,1,7,"2, BOULEVARD DE LA VILLE",0.0,0.0
201300052178,9,11,2013,16,2,75,110,2,5,2,3,"30, BOULEVARD DE MAGENTA",0.0,0.0
201300052179,9,11,2013,17,5,75,110,2,1,2,6,"53, BOULEVARD DE MAGENTA",0.0,0.0
201300052180,10,11,2013,4,5,75,110,2,1,3,6,"105, BOULEVARD DE MAGENT",0.0,0.0
201300052181,11,11,2013,22,5,75,110,2,1,1,6,"56, BOULEVARD DE MAGENTA",0.0,0.0
201300052182,12,11,2013,10,1,75,110,2,2,2,7,"154, RUE LA FAYETTE",0.0,0.0
201300052183,12,11,2013,19,5,75,110,2,1,2,6,"110, BOULEVARD DE MAGENT",0.0,0.0
201300052184,14,11,2013,12,1,75,110,2,3,2,2,"222, RUE DU FAUBOURG SAI",0.0,0.0
201300052185,15,11,2013,18,5,75,110,2,5,1,3,"191, RUE LA FAYETTE",0.0,0.0
201300052186,17,11,2013,13,1,75,110,2,1,1,2,"25, BOULEVARD SAINT MART",0.0,0.0
201300052187,21,11,2013,2,5,75,110,2,1,2,6,"90, BOULEVARD DE MAGENTA",0.0,0.0
201300052188,23,11,2013,17,5,75,110,2,2,1,6,"160, RUE LA FAYETTE",0.0,0.0
201300052189,24,11,2013,2,5,75,110,2,1,1,6,"147, RUE LA FAYETTE",0.0,0.0
201300052190,26,11,2013,2,5,75,110,2,1,1,7,"69, BOULEVARD DE MAGENTA",0.0,0.0
201300052191,26,11,2013,17,5,75,110,2,1,1,6,"6, RUE EUGENE VARLIN",0.0,0.0
201300052192,29,11,2013,8,1,75,110,2,5,8,1,"18, RUE YVES TOUDIC",0.0,0.0
201300052193,29,11,2013,16,2,75,110,2,1,2,6,"53, BOULEVARD DE MAGENTA",0.0,0.0
201300052194,30,11,2013,10,1,75,110,2,1,1,2,"80, QUAI DE JEMMAPES",0.0,0.0
201300052195,1,12,2013,10,1,75,119,2,1,1,2,"09, PLACE DE STALINGRAD",0.0,0.0
201300052196,4,12,2013,17,5,75,110,2,1,1,6,"53, BOULEVARD DE MAGENTA",0.0,0.0
201300052197,6,12,2013,18,5,75,110,2,1,1,6,"156, BOULEVARD DE MAGENT",0.0,0.0
201300052198,9,12,2013,9,1,75,110,2,1,1,6,"130, RUE DU FAUBOURG SAI",0.0,0.0
201300052199,10,12,2013,22,5,75,110,2,1,1,7,"16, BOULEVARD DE MAGENTA",0.0,0.0
201300052200,11,12,2013,14,1,75,110,2,1,1,6,"17, RUE DU FAUBOURG DU T",0.0,0.0
201300052201,12,12,2013,12,1,75,110,2,1,1,6,"181, RUE DU FAUBOURG SAI",0.0,0.0
201300052202,12,12,2013,14,1,75,110,2,1,1,6,"59, RUE DU FAUBOURG SAIN",0.0,0.0
201300052203,12,12,2013,17,5,75,110,2,1,1,6,"21, RUE DES PETITS HOTEL",0.0,0.0
201300052204,13,12,2013,10,1,75,110,2,2,1,6,"157, AVENUE PARMENTIER",0.0,0.0
201300052205,13,12,2013,11,1,75,110,2,2,1,6,"5, RUE BEAUREPAIRE",0.0,0.0
201300052206,14,12,2013,0,5,75,110,2,2,2,6,"60, RUE DE LANCRY",0.0,0.0
201300052207,24,12,2013,9,1,75,110,2,1,2,6,"130, RUE DU FAUBOURG SAI",0.0,0.0
201300052208,24,12,2013,13,1,75,110,2,3,2,2,"162, AVENUE PARMENTIER",0.0,0.0
201300052209,24,12,2013,11,1,75,110,2,1,2,2,"58, BOULEVARD DE STRASBO",0.0,0.0
201300052210,27,12,2013,20,5,75,110,2,2,2,6,"81, BOULEVARD DE MAGENTA",0.0,0.0
201300052211,28,12,2013,15,1,75,110,2,1,8,6,"25, RUE DE DUNKERQUE",0.0,0.0
201300052212,29,12,2013,0,5,75,110,2,2,1,3,"9, BOULEVARD SAINT DENIS",0.0,0.0
201300052213,30,12,2013,21,5,75,110,2,1,8,6,"16, BOULEVARD DE MAGENTA",0.0,0.0
201300052214,1,1,2013,20,3,75,111,2,7,2,3,PLACE DE LA NATION,0.0,0.0
201300052215,2,1,2013,15,1,75,111,2,2,1,6,"117, RUE DE LA ROQUETTE",0.0,0.0
201300052216,4,1,2013,2,5,75,111,2,2,1,3,"88 bis, AVENUE PARMENTIE",0.0,0.0
201300052217,7,1,2013,15,1,75,111,2,2,1,6,"88, AVENUE PARMENTIER",0.0,0.0
201300052218,9,1,2013,9,1,75,111,2,2,8,3,"4, RUE JEAN PIERRE TIMBA",0.0,0.0
201300052219,9,1,2013,15,1,75,111,2,2,2,6,"33, BOULEVARD VOLTAIRE",0.0,0.0
201300052220,10,1,2013,23,5,75,111,2,1,2,6,"63, RUE DE MALTE",0.0,0.0
201300052221,10,1,2013,12,1,75,111,2,2,2,3,"118, RUE AMELOT",0.0,0.0
201300052222,10,1,2013,14,1,75,111,2,3,2,7,"34, RUE DU CHEMIN VERT",0.0,0.0
201300052223,10,1,2013,15,1,75,111,2,3,2,2,"163, RUE DE CHARONNE",0.0,0.0
201300052224,11,1,2013,21,5,75,111,2,7,1,6,"5, PLACE DE LA NATION",0.0,0.0
201300052225,12,1,2013,19,3,75,111,2,1,1,6,"6, BOULEVARD BEAUMARCHAI",0.0,0.0
201300052226,12,1,2013,1,5,75,111,2,2,2,3,"102, BOULEVARD VOLTAIRE",0.0,0.0
201300052227,16,1,2013,19,5,75,111,2,1,1,6,"130, RUE DU CHEMIN VERT",0.0,0.0
201300052228,19,1,2013,10,1,75,111,2,7,4,6,"1, AVENUE DE TAILLEBOURG",0.0,0.0
201300052229,22,1,2013,16,1,75,111,2,1,8,6,"31, BOULEVARD DE MENILMO",0.0,0.0
201300052230,23,1,2013,14,1,75,111,2,2,1,3,"103, AVENUE LEDRU ROLLIN",0.0,0.0
201300052231,24,1,2013,23,5,75,111,2,7,1,6,"107, AVENUE DE LA REPUBL",0.0,0.0
201300052232,25,1,2013,1,5,75,111,2,1,1,6,"27, AVENUE PARMENTIER",0.0,0.0
201300052233,25,1,2013,17,1,75,111,2,2,1,3,"31, RUE SAINT MAUR",0.0,0.0
201300052234,26,1,2013,21,5,75,111,2,2,1,3,"27, RUE FAIDHERBE",0.0,0.0
201300052235,28,1,2013,13,1,75,111,2,1,1,3,"254, BOULEVARD VOLTAIRE",0.0,0.0
201300052236,29,1,2013,20,5,75,111,2,3,1,3,"164, RUE DE LA ROQUETTE",0.0,0.0
201300052237,1,2,2013,18,5,75,112,2,1,2,6,"60, RUE DU FAUBOURG SAIN",0.0,0.0
201300052238,3,2,2013,18,5,75,111,2,5,1,6,"41, AVENUE DE LA REPUBLI",0.0,0.0
201300052239,3,2,2013,21,5,75,111,2,2,2,2,"46, RUE DE LA FONTAINE A",0.0,0.0
201300052240,6,2,2013,8,1,75,111,2,1,2,3,"184, RUE DE LA ROQUETTE",0.0,0.0
201300052241,6,2,2013,16,1,75,111,2,7,1,3,"5, PLACE DE LA NATION",0.0,0.0
201300052242,7,2,2013,18,5,75,112,2,2,1,6,"89, RUE DU FAUBOURG SAIN",0.0,0.0
201300052243,8,2,2013,10,1,75,111,2,2,1,6,"26, BOULEVARD VOLTAIRE",0.0,0.0
201300052244,8,2,2013,12,1,75,111,2,3,1,6,"59, RUE DE CHARONNE",0.0,0.0
201300052245,10,2,2013,11,1,75,111,2,4,1,2,"13, AVENUE DE LA REPUBLI",0.0,0.0
201300052246,12,2,2013,12,1,75,111,2,1,1,3,"255, RUE DU FAUBOURG SAI",0.0,0.0
201300052247,13,2,2013,16,1,75,111,2,2,1,3,"10, RUE DE MALTE",0.0,0.0
201300052248,14,2,2013,17,1,75,111,2,2,8,6,"151 bis, RUE DE LA ROQUE",0.0,0.0
201300052249,15,2,2013,19,5,75,111,2,1,1,3,"18, BOULEVARD JULES FERR",0.0,0.0
201300052250,15,2,2013,23,5,75,111,2,3,1,6,"20, RUE DE LAPPE",0.0,0.0
201300052251,16,2,2013,18,5,75,111,2,3,1,2,"115, RUE DE LA ROQUETTE",0.0,0.0
201300052252,17,2,2013,2,5,75,111,2,2,1,6,AVENUE DE LA REPUBLIQUE,0.0,0.0
201300052253,20,2,2013,8,1,75,111,2,2,1,2,"81, BOULEVARD DE MENILMO",0.0,0.0
201300052254,20,2,2013,11,1,75,111,2,3,1,3,"159, RUE DE CHARONNE",0.0,0.0
201300052255,21,2,2013,16,1,75,111,2,2,1,1,"26, AVENUE DE LA REPUBLI",0.0,0.0
201300052256,22,2,2013,19,5,75,111,2,3,1,7,"119, AVENUE PARMENTIER",0.0,0.0
201300052257,27,2,2013,9,1,75,111,2,3,8,6,"30, RUE DE CHARONNE",0.0,0.0
201300052258,27,2,2013,16,1,75,111,2,3,1,6,"18, RUE OBERKAMPF",0.0,0.0
201300052259,28,2,2013,2,5,75,111,2,7,2,6,"2, BOULEVARD BEAUMARCHAI",0.0,0.0