Num_Acc,jour,mois,an,hr,condition_eclairage,departement,commune,condition_agglomeration,intersection,condition_atmosphere,type_collision,adresse,lattitude,longitude
201300052260,28,2,2013,8,1,75,111,2,3,1,1,"159, RUE DE CHARONNE",0.0,0.0
201300052261,28,2,2013,13,1,75,111,2,1,1,6,"64, RUE DE MONTREUIL",0.0,0.0
201300052262,1,3,2013,9,1,75,111,2,7,1,2,"1, PLACE LEON BLUM",0.0,0.0
201300052263,2,3,2013,16,1,75,111,2,1,1,2,"122, AVENUE DE LA REPUBL",0.0,0.0
201300052264,2,3,2013,17,1,75,111,2,1,1,7,"121, RUE DE LA ROQUETTE",0.0,0.0
201300052265,3,3,2013,9,1,75,111,2,2,1,3,"101, BOULEVARD RICHARD L",0.0,0.0
201300052266,4,3,2013,18,1,75,111,2,2,1,2,"103, RUE DU CHEMIN VERT",0.0,0.0
201300052267,7,3,2013,16,1,75,111,2,2,1,7,"70, AVENUE DE LA REPUBLI",0.0,0.0
201300052268,9,3,2013,11,1,75,111,2,3,1,6,"94, RUE DE CHARONNE",0.0,0.0
201300052269,15,3,2013,22,5,75,111,2,1,1,2,"29, AVENUE PHILIPPE AUGU",0.0,0.0
201300052270,16,3,2013,18,5,75,111,2,3,2,3,"132, AVENUE PARMENTIER",0.0,0.0
201300052271,17,3,2013,16,1,75,111,2,2,2,6,"56, RUE DU CHEMIN VERT",0.0,0.0
201300052272,19,3,2013,8,1,75,111,2,3,1,3,"57, BOULEVARD RICHARD LE",0.0,0.0
201300052273,19,3,2013,21,5,75,110,2,2,2,1,"106, AVENUE PARMENTIER",0.0,0.0
201300052274,20,3,2013,15,1,75,111,2,3,1,7,"19, AVENUE PARMENTIER",0.0,0.0
201300052275,20,3,2013,17,1,75,111,2,2,1,1,"2, RUE RAMPON",0.0,0.0
201300052276,23,3,2013,14,1,75,111,2,1,1,6,"101, RUE DE CHARONNE",0.0,0.0
201300052277,24,3,2013,1,5,75,111,2,2,1,3,BOULEVARD DE BELLEVILLE,0.0,0.0
201300052278,25,3,2013,19,5,75,111,2,5,1,3,"27, BOULEVARD DE MENILMO",0.0,0.0
201300052279,25,3,2013,20,5,75,112,2,1,8,4,"220, RUE DU FAUBOURG SAI",0.0,0.0
201300052280,27,3,2013,10,1,75,111,2,7,1,7,"1, AVENUE DE BOUVINES",0.0,0.0
201300052281,29,3,2013,6,1,75,111,2,1,1,6,"127, AVENUE PHILIPPE AUG",0.0,0.0
201300052282,31,3,2013,9,1,75,111,2,2,1,3,"70, AVENUE DE LA REPUBLI",0.0,0.0
201300052283,6,4,2013,13,1,75,111,2,1,1,3,"67, BOULEVARD DE BELLEVI",0.0,0.0
201300052284,7,4,2013,10,1,75,111,2,1,1,3,"50, BOULEVARD DU TEMPLE",0.0,0.0
201300052285,7,4,2013,13,1,75,111,2,2,1,6,"57, RUE DE MALTE",0.0,0.0
201300052286,9,4,2013,8,1,75,111,2,3,3,6,"1, RUE BOUVIER",0.0,0.0
201300052287,9,4,2013,13,1,75,111,2,1,2,6,"269, RUE DU FAUBOURG SAI",0.0,0.0
201300052288,10,4,2013,10,1,75,111,2,7,2,6,"5, PLACE DE LA NATION",0.0,0.0
201300052289,10,4,2013,12,1,75,111,2,4,1,2,"46, BOULEVARD BEAUMARCHA",0.0,0.0
201300052290,11,4,2013,20,5,75,111,2,4,2,6,"79, BOULEVARD DE BELLEVI",0.0,0.0
201300052291,12,4,2013,15,1,75,111,2,7,3,7,"3, AVENUE DU TRONE",0.0,0.0
201300052292,13,4,2013,1,5,75,111,2,2,1,3,"101, BOULEVARD RICHARD L",0.0,0.0
201300052293,13,4,2013,22,5,75,111,2,1,2,1,"80, RUE DE CHARONNE",0.0,0.0
201300052294,14,4,2013,1,5,75,111,2,1,1,2,"95, RUE DU FAUBOURG SAIN",0.0,0.0
201300052295,15,4,2013,15,1,75,111,2,3,1,3,"247, BOULEVARD VOLTAIRE",0.0,0.0
201300052296,15,4,2013,20,2,75,111,2,7,1,2,"04, PLACE DE LA REPUBLIQ",0.0,0.0
201300052297,17,4,2013,14,1,75,111,2,1,1,4,"135, RUE OBERKAMPF",0.0,0.0
201300052298,18,4,2013,22,5,75,111,2,1,2,2,"90, AVENUE DE LA REPUBLI",0.0,0.0
201300052299,20,4,2013,16,1,75,111,2,1,1,6,"137, BOULEVARD VOLTAIRE",0.0,0.0
201300052300,20,4,2013,17,1,75,111,2,1,1,3,"121, RUE DE MONTREUIL",0.0,0.0
201300052301,22,4,2013,10,1,75,111,2,2,1,6,"140, RUE SAINT MAUR",0.0,0.0
201300052302,23,4,2013,16,1,75,111,2,3,1,6,"213, BOULEVARD VOLTAIRE",0.0,0.0
201300052303,24,4,2013,20,1,75,111,2,1,1,3,"183, BOULEVARD VOLTAIRE",0.0,0.0
201300052304,25,4,2013,16,1,75,111,2,2,7,6,"158, RUE DE LA ROQUETTE",0.0,0.0
201300052305,26,4,2013,14,1,75,111,2,1,1,6,"273, RUE DU FAUBOURG SAI",0.0,0.0
201300052306,27,4,2013,11,1,75,111,2,2,1,3,"102, BOULEVARD VOLTAIRE",0.0,0.0
201300052307,27,4,2013,14,1,75,111,2,1,1,6,"110/114, RUE JEAN PIERRE",0.0,0.0
201300052308,28,4,2013,13,1,75,111,2,1,8,6,"13, RUE PELEE",0.0,0.0
201300052309,1,5,2013,10,1,75,111,2,2,8,6,"94, AVENUE PHILIPPE AUGU",0.0,0.0
201300052310,2,5,2013,19,1,75,111,2,2,1,6,"88, AVENUE PARMENTIER",0.0,0.0
201300052311,2,5,2013,19,1,75,111,2,7,1,2,"01, AVENUE PARMENTIER",0.0,0.0
201300052312,3,5,2013,15,1,75,111,2,1,8,6,"41, BOULEVARD DE BELLEVI",0.0,0.0
201300052313,3,5,2013,20,1,75,111,2,1,1,6,"97, RUE DE CHARONNE",0.0,0.0
201300052314,6,5,2013,13,1,75,111,2,2,8,6,"66, RUE DE LA ROQUETTE",0.0,0.0
201300052315,10,5,2013,11,1,75,111,2,1,1,6,"170 BIS, RUE DE CHARONNE",0.0,0.0
201300052316,10,5,2013,17,1,75,111,2,1,1,6,"50 Bis, BOULEVARD RICHAR",0.0,0.0
201300052317,12,5,2013,7,1,75,111,2,2,1,6,"94, AVENUE PHILIPPE AUGU",0.0,0.0
201300052318,15,5,2013,8,1,75,111,2,5,1,3,"131, BOULEVARD RICHARD L",0.0,0.0
201300052319,15,5,2013,9,1,75,111,2,1,1,2,"25, RUE LEON FROT",0.0,0.0
201300052320,15,5,2013,14,1,75,111,2,1,1,3,"62, BOULEVARD BEAUMARCHA",0.0,0.0
201300052321,16,5,2013,20,1,75,111,2,3,1,3,"43, RUE FAIDHERBE",0.0,0.0
201300052322,17,5,2013,0,5,75,111,2,4,1,6,AVENUE DE LA REPUBLIQUE,0.0,0.0
201300052323,17,5,2013,14,1,75,111,2,1,1,3,"159, BOULEVARD VOLTAIRE",0.0,0.0
201300052324,18,5,2013,11,1,75,111,2,2,1,2,"138, BOULEVARD RICHARD L",0.0,0.0
201300052325,18,5,2013,21,5,75,111,2,1,1,2,"175, RUE DU FAUBOURG SAI",0.0,0.0
201300052326,19,5,2013,21,5,75,111,2,2,3,6,"160, RUE DE CHARONNE",0.0,0.0
201300052327,20,5,2013,17,1,75,111,2,2,2,3,"174 bis, BOULEVARD VOLTA",0.0,0.0
201300052328,20,5,2013,23,5,75,111,2,7,2,6,"2, AVENUE PHILIPPE AUGUS",0.0,0.0
201300052329,21,5,2013,8,1,75,111,2,2,2,3,"4, RUE JEAN PIERRE TIMBA",0.0,0.0
201300052330,21,5,2013,18,1,75,111,2,2,1,6,"103, AVENUE LEDRU ROLLIN",0.0,0.0
201300052331,21,5,2013,20,2,75,111,2,3,1,6,"3, RUE SERVAN",0.0,0.0
201300052332,22,5,2013,18,1,75,111,2,1,1,4,"51, BOULEVARD DE MENILMO",0.0,0.0
201300052333,22,5,2013,23,5,75,111,2,5,1,3,"45, BOULEVARD VOLTAIRE",0.0,0.0
201300052334,23,5,2013,23,5,75,111,2,2,1,3,"28, RUE OBERKAMPF",0.0,0.0
201300052335,24,5,2013,14,1,75,111,2,5,3,3,"42Bis, BOULEVARD RICHARD",0.0,0.0
201300052336,24,5,2013,19,1,75,111,2,5,2,6,"41, AVENUE DE LA REPUBLI",0.0,0.0
201300052337,25,5,2013,0,5,75,111,2,2,1,6,"163, RUE SAINT MAUR",0.0,0.0
201300052338,25,5,2013,2,5,75,111,2,1,1,1,"81, RUE DU FAUBOURG SAIN",0.0,0.0
201300052339,25,5,2013,10,1,75,111,2,2,1,2,"102, BOULEVARD VOLTAIRE",0.0,0.0
201300052340,27,5,2013,11,1,75,111,2,1,1,6,"10, RUE DU COMMANDANT LA",0.0,0.0
201300052341,28,5,2013,16,1,75,111,2,1,1,2,"179, BOULEVARD VOLTAIRE",0.0,0.0
201300052342,29,5,2013,17,1,75,111,2,2,1,6,"67, RUE SAINT MAUR",0.0,0.0
201300052343,29,5,2013,20,2,75,111,2,1,3,6,"60, BOULEVARD RICHARD LE",0.0,0.0
201300052344,31,5,2013,14,1,75,111,2,1,1,7,"170, RUE DE CHARONNE",0.0,0.0
201300052345,31,5,2013,14,1,75,111,2,2,1,3,"78, RUE SAINT MAUR",0.0,0.0
201300052346,31,5,2013,16,1,75,111,2,7,1,6,"14, PLACE DE LA BASTILLE",0.0,0.0
201300052347,1,6,2013,1,5,75,111,2,1,1,6,"90, BOULEVARD VOLTAIRE",0.0,0.0
201300052348,3,6,2013,9,1,75,111,2,3,1,3,"136, AVENUE PARMENTIER",0.0,0.0
201300052349,4,6,2013,13,1,75,111,2,3,1,6,"86, BOULEVARD VOLTAIRE",0.0,0.0
201300052350,5,6,2013,8,1,75,111,2,1,1,6,"56, RUE DE LA FONTAINE A",0.0,0.0
201300052351,5,6,2013,9,1,75,111,2,2,1,3,"46, RUE JEAN PIERRE TIMB",0.0,0.0
201300052352,5,6,2013,8,1,75,111,2,1,1,7,"12, BOULEVARD RICHARD LE",0.0,0.0
201300052353,6,6,2013,14,1,75,111,2,2,1,6,"68, RUE DE LA FOLIE REGN",0.0,0.0
201300052354,8,6,2013,17,1,75,111,2,1,1,3,"123-125, AVENUE PHILIPPE",0.0,0.0
201300052355,9,6,2013,18,1,75,111,2,1,2,3,"8, RUE BREGUET",0.0,0.0
201300052356,10,6,2013,8,1,75,111,2,2,1,2,"133, RUE DU FAUBOURG SAI",0.0,0.0
201300052357,10,6,2013,11,1,75,111,2,5,1,6,"71, RUE SERVAN",0.0,0.0
201300052358,10,6,2013,14,1,75,111,2,7,1,3,"13, AVENUE DE TAILLEBOUR",0.0,0.0
201300052359,11,6,2013,20,1,75,111,2,3,1,3,"83, BOULEVARD DE MENILMO",0.0,0.0
201300052360,11,6,2013,23,5,75,111,2,3,1,6,"183, RUE DE CHARONNE",0.0,0.0
201300052361,12,6,2013,11,1,75,111,2,3,2,6,"125bis, AVENUE PARMENTIE",0.0,0.0
201300052362,12,6,2013,20,1,75,111,2,3,1,6,"10, AVENUE PARMENTIER",0.0,0.0
201300052363,12,6,2013,18,1,75,111,2,2,1,3,"3, RUE RAMPON",0.0,0.0
201300052364,13,6,2013,17,1,75,111,2,1,8,6,"180, RUE DE CHARONNE",0.0,0.0
201300052365,13,6,2013,17,1,75,111,2,2,1,2,"122, BOULEVARD VOLTAIRE",0.0,0.0
201300052366,13,6,2013,20,1,75,111,2,7,1,3,"130, BOULEVARD VOLTAIRE",0.0,0.0
201300052367,14,6,2013,15,1,75,111,2,2,1,3,"62, AVENUE PHILIPPE AUGU",0.0,0.0
201300052368,14,6,2013,17,1,75,111,2,3,1,6,"08, AVENUE PARMENTIER",0.0,0.0
201300052369,15,6,2013,22,5,75,111,2,2,1,3,"184, BOULEVARD VOLTAIRE",0.0,0.0
201300052370,16,6,2013,0,5,75,111,2,2,1,3,AVENUE PHILIPPE AUGUSTE,0.0,0.0
201300052371,17,6,2013,9,1,75,111,2,3,3,2,"67, AVENUE PARMENTIER",0.0,0.0
201300052372,17,6,2013,12,1,75,111,2,2,1,6,"43, BOULEVARD VOLTAIRE",0.0,0.0
201300052373,18,6,2013,9,2,75,111,2,1,1,2,"16, RUE LEON FROT",0.0,0.0
201300052374,18,6,2013,17,1,75,111,2,2,1,6,"15, RUE LOUIS BONNET",0.0,0.0
201300052375,20,6,2013,13,1,75,111,2,1,1,2,"35, AVENUE PARMENTIER",0.0,0.0
201300052376,20,6,2013,20,2,75,111,2,2,1,3,"7, PLACE DE LA NATION",0.0,0.0
201300052377,21,6,2013,15,1,75,111,2,7,1,4,"1, AVENUE PARMENTIER",0.0,0.0
201300052378,22,6,2013,2,5,75,111,2,3,1,2,"14, RUE FAIDHERBE",0.0,0.0
201300052379,22,6,2013,21,1,75,111,2,1,1,6,"133, AVENUE PARMENTIER",0.0,0.0
201300052380,24,6,2013,12,1,75,111,2,1,1,2,"92, AVENUE PHILIPPE AUGU",0.0,0.0
201300052381,25,6,2013,16,1,75,111,2,1,1,6,"89, RUE DU FAUBOURG SAIN",0.0,0.0
201300052382,26,6,2013,12,1,75,111,2,1,1,6,"121, RUE DU FAUBOURG SAI",0.0,0.0
201300052383,26,6,2013,10,1,75,111,2,3,1,2,BOULEVARD VOLTAIRE,0.0,0.0
201300052384,26,6,2013,19,1,75,111,2,1,1,3,"95, RUE DU FAUBOURG SAIN",0.0,0.0
201300052385,27,6,2013,7,1,75,111,2,1,2,7,"59, BOULEVARD DE CHARONN",0.0,0.0
201300052386,27,6,2013,12,1,75,111,2,1,1,6,"89, RUE DE LA ROQUETTE",0.0,0.0
201300052387,28,6,2013,0,5,75,111,2,3,1,2,RUE DU FAUBOURG SAINT AN,0.0,0.0
201300052388,28,6,2013,8,1,75,111,2,2,2,7,"15, AVENUE DE LA REPUBLI",0.0,0.0
201300052389,28,6,2013,13,1,75,111,2,1,1,2,"277, RUE DU FAUBOURG SAI",0.0,0.0
201300052390,28,6,2013,17,1,75,111,2,2,1,3,"85, BOULEVARD RICHARD LE",0.0,0.0
201300052391,29,6,2013,17,1,75,111,2,1,1,6,"23, BOULEVARD RICHARD LE",0.0,0.0
201300052392,29,6,2013,21,1,75,111,2,1,1,6,"50, AVENUE DE LA REPUBLI",0.0,0.0
201300052393,29,6,2013,21,1,75,111,2,2,1,6,"1, RUE RAMPON",0.0,0.0
201300052394,30,6,2013,20,1,75,111,2,3,1,6,"38, RUE SAINT MAUR",0.0,0.0
201300052395,1,7,2013,8,1,75,111,2,2,1,3,"0, RUE DE CHARONNE",0.0,0.0
201300052396,1,7,2013,9,1,75,111,2,2,1,6,"32, RUE FAIDHERBE",0.0,0.0
201300052397,1,7,2013,22,5,75,111,2,2,1,6,"149, BOULEVARD DE CHARON",0.0,0.0
201300052398,2,7,2013,14,1,75,111,2,2,1,3,"89, BOULEVARD VOLTAIRE",0.0,0.0
201300052399,3,7,2013,9,1,75,111,2,1,1,6,"5, RUE LEON FROT",0.0,0.0
201300052400,3,7,2013,18,1,75,111,2,1,1,6,"16, RUE MORET",0.0,0.0
201300052401,4,7,2013,9,1,75,111,2,2,1,6,"60, BOULEVARD BEAUMARCHA",0.0,0.0
201300052402,4,7,2013,12,1,75,111,2,7,1,3,"11, PLACE DE LA NATION",0.0,0.0
201300052403,5,7,2013,13,1,75,120,2,3,1,6,"93, COURS DE VINCENNES",0.0,0.0
201300052404,5,7,2013,21,1,75,111,2,2,1,3,"153, RUE SAINT MAUR",0.0,0.0
201300052405,7,7,2013,20,1,75,120,2,2,1,3,"612, BOULEVARD DE BELLEV",0.0,0.0
201300052406,8,7,2013,0,5,75,111,2,2,1,3,"2, RUE DE LA PRESENTATIO",0.0,0.0
201300052407,8,7,2013,11,1,75,111,2,1,1,2,"40, AVENUE DE LA REPUBLI",0.0,0.0
201300052408,8,7,2013,21,1,75,111,2,2,1,3,"54, BOULEVARD BEAUMARCHA",0.0,0.0
201300052409,9,7,2013,10,1,75,111,2,2,1,3,"205, BOULEVARD VOLTAIRE",0.0,0.0
201300052410,10,7,2013,6,1,75,111,2,4,1,6,"113, BOULEVARD VOLTAIRE",0.0,0.0
201300052411,10,7,2013,13,1,75,111,2,2,1,3,"10, RUE RAMPON",0.0,0.0
201300052412,10,7,2013,20,1,75,111,2,3,1,3,"79, AVENUE DE LA REPUBLI",0.0,0.0
201300052413,11,7,2013,11,1,75,111,2,3,1,5,"127, RUE DU FAUBOURG SAI",0.0,0.0
201300052414,11,7,2013,12,1,75,111,2,1,1,7,"156, RUE DE CHARONNE",0.0,0.0
201300052415,11,7,2013,17,1,75,111,2,1,1,6,"134, BOULEVARD VOLTAIRE",0.0,0.0
201300052416,12,7,2013,3,5,75,111,2,1,1,2,"67, BOULEVARD DE BELLEVI",0.0,0.0
201300052417,12,7,2013,17,1,75,111,2,2,1,3,"50, AVENUE PARMENTIER",0.0,0.0
201300052418,13,7,2013,14,1,75,120,2,5,1,3,"1, BOULEVARD DE MENILMON",0.0,0.0
201300052419,13,7,2013,16,1,75,111,2,7,1,6,"136, RUE DE LA ROQUETTE",0.0,0.0
201300052420,13,7,2013,19,1,75,111,2,1,1,6,"8, AVENUE DE LA REPUBLIQ",0.0,0.0
201300052421,14,7,2013,20,1,75,111,2,1,1,6,"101, RUE JEAN PIERRE TIM",0.0,0.0
201300052422,15,7,2013,17,1,75,111,2,2,1,6,"1540, BOULEVARD VOLTAIRE",0.0,0.0
201300052423,15,7,2013,16,1,75,111,2,5,1,6,"264, BOULEVARD VOLTAIRE",0.0,0.0
201300052424,16,7,2013,3,5,75,111,2,5,1,3,"101, BOULEVARD RICHARD L",0.0,0.0
201300052425,16,7,2013,11,1,75,111,2,1,1,7,"39, BOULEVARD DE BELLEVI",0.0,0.0
201300052426,17,7,2013,0,5,75,111,2,2,1,3,BOULEVARD VOLTAIRE,0.0,0.0
201300052427,18,7,2013,3,5,75,111,2,2,1,3,RUE DU MOULIN JOLY,0.0,0.0
201300052428,18,7,2013,11,1,75,111,2,2,1,6,"48, RUE DE MALTE",0.0,0.0
201300052429,18,7,2013,14,1,75,111,2,2,1,6,"133, RUE DE LA ROQUETTE",0.0,0.0
201300052430,19,7,2013,8,1,75,111,2,7,1,2,"138, RUE DE LA ROQUETTE",0.0,0.0
201300052431,19,7,2013,10,1,75,111,2,3,1,2,"243, BOULEVARD VOLTAIRE",0.0,0.0
201300052432,19,7,2013,11,1,75,111,2,1,1,6,"96, RUE SAINT MAUR",0.0,0.0
201300052433,20,7,2013,1,5,75,111,2,2,1,3,"161, BOULEVARD VOLTAIRE",0.0,0.0
201300052434,20,7,2013,19,1,75,111,2,2,1,3,"180, RUE DE CHARONNE",0.0,0.0
201300052435,20,7,2013,22,5,75,111,2,5,1,6,"90bis, AVENUE DE LA REPU",0.0,0.0
201300052436,23,7,2013,16,2,75,111,2,1,1,7,"40, AVENUE DE LA REPUBLI",0.0,0.0
201300052437,26,7,2013,14,1,75,112,2,1,1,6,"19, RUE DU FAUBOURG SAIN",0.0,0.0
201300052438,29,7,2013,18,1,75,111,2,3,1,3,"43, AVENUE PHILIPPE AUGU",0.0,0.0
201300052439,30,7,2013,12,1,75,111,2,1,1,2,"19, RUE TROUSSEAU",0.0,0.0
201300052440,30,7,2013,14,1,75,111,2,1,1,6,"125, BOULEVARD DE MENILM",0.0,0.0
201300052441,31,7,2013,11,1,75,111,2,1,1,2,"20, RUE PAUL BERT",0.0,0.0
201300052442,31,7,2013,19,1,75,120,2,1,1,6,"8, BOULEVARD DE CHARONNE",0.0,0.0
201300052443,4,8,2013,18,1,75,112,2,7,1,3,"280, RUE DU FAUBOURG SAI",0.0,0.0
201300052444,9,8,2013,7,1,75,111,2,1,1,3,"189, BOULEVARD VOLTAIRE",0.0,0.0
201300052445,10,8,2013,0,5,75,110,2,2,1,6,"27, RUE DU FAUBOURG DU T",0.0,0.0
201300052446,11,8,2013,0,5,75,111,2,3,1,6,"34, RUE DE LA FOLIE REGN",0.0,0.0
201300052447,11,8,2013,18,1,75,111,2,1,1,6,"161, RUE DE CHARONNE",0.0,0.0
201300052448,13,8,2013,20,2,75,111,2,7,1,3,"06, PLACE DE LA BASTILLE",0.0,0.0
201300052449,14,8,2013,19,1,75,111,2,2,1,6,"127, RUE DE CHARONNE",0.0,0.0
201300052450,16,8,2013,13,1,75,111,2,2,1,6,"118, RUE DE MONTREUIL",0.0,0.0
201300052451,19,8,2013,0,5,75,111,2,7,2,3,"17, PLACE DE LA NATION",0.0,0.0
201300052452,18,8,2013,23,5,75,111,2,2,1,2,"23, BOULEVARD VOLTAIRE",0.0,0.0
201300052453,18,8,2013,23,5,75,111,2,7,2,7,"4, PLACE LEON BLUM",0.0,0.0
201300052454,19,8,2013,2,5,75,111,2,4,8,7,"65, BOULEVARD RICHARD LE",0.0,0.0
201300052455,23,8,2013,11,1,75,111,2,1,1,2,"37, AVENUE DE LA REPUBLI",0.0,0.0
201300052456,24,8,2013,3,5,75,111,2,5,1,2,"112, BOULEVARD RICHARD L",0.0,0.0
201300052457,27,8,2013,16,1,75,111,2,2,8,6,"63, AVENUE PHILIPPE AUGU",0.0,0.0
201300052458,29,8,2013,17,1,75,111,2,5,1,3,"154, RUE DU CHEMIN VERT",0.0,0.0
201300052459,2,9,2013,23,5,75,111,2,1,1,7,"129, BOULEVARD DE MENILM",0.0,0.0
201300052460,2,9,2013,13,1,75,111,2,7,1,6,"2, AVENUE DE TAILLEBOURG",0.0,0.0
201300052461,2,9,2013,14,1,75,111,2,1,1,3,"29, AVENUE PHILIPPE AUGU",0.0,0.0
201300052462,3,9,2013,22,5,75,111,2,2,1,6,"102, BOULEVARD VOLTAIRE",0.0,0.0
201300052463,3,9,2013,7,1,75,111,2,2,1,3,"287, RUE DU FAUBOURG SAI",0.0,0.0
201300052464,4,9,2013,19,1,75,111,2,1,1,6,"93, AVENUE LEDRU ROLLIN",0.0,0.0
201300052465,5,9,2013,14,1,75,111,2,2,7,3,"11, RUE DARBOY",0.0,0.0
201300052466,5,9,2013,20,5,75,111,2,7,1,3,"7, PLACE DE LA NATION",0.0,0.0
201300052467,6,9,2013,12,1,75,111,2,3,3,2,"73, BOULEVARD VOLTAIRE",0.0,0.0
201300052468,7,9,2013,2,5,75,111,2,2,1,7,AVENUE DE LA REPUBLIQUE,0.0,0.0
201300052469,7,9,2013,13,1,75,111,2,5,1,2,"48, AVENUE DE LA REPUBLI",0.0,0.0
201300052470,8,9,2013,2,5,75,111,2,1,1,6,"12, BOULEVARD VOLTAIRE",0.0,0.0
201300052471,9,9,2013,15,1,75,111,2,2,2,6,"96, AVENUE PHILIPPE AUGU",0.0,0.0
201300052472,9,9,2013,22,5,75,111,2,2,1,3,"/, RUE OBERKAMPF",0.0,0.0
201300052473,10,9,2013,11,1,75,111,2,5,1,6,"71-73, BOULEVARD VOLTAIR",0.0,0.0
201300052474,10,9,2013,18,1,75,111,2,1,1,6,"38 BIS, AVENUE DE LA REP",0.0,0.0
201300052475,11,9,2013,9,1,75,111,2,1,1,3,"54, BOULEVARD DU TEMPLE",0.0,0.0
201300052476,12,9,2013,14,1,75,111,2,5,1,1,"53, BOULEVARD VOLTAIRE",0.0,0.0
201300052477,12,9,2013,14,1,75,111,2,3,1,2,"122, AVENUE DE LA REPUBL",0.0,0.0
201300052478,13,9,2013,8,1,75,111,2,2,1,3,"42, RUE DE MALTE",0.0,0.0
201300052479,13,9,2013,14,1,75,111,2,2,2,2,"158, RUE DE LA ROQUETTE",0.0,0.0
201300052480,14,9,2013,1,5,75,111,2,1,2,7,"52, RUE GODEFROY CAVAIGN",0.0,0.0
201300052481,14,9,2013,17,1,75,111,2,5,2,3,"99, RUE DU FAUBOURG SAIN",0.0,0.0
201300052482,16,9,2013,9,1,75,111,2,2,1,3,"27, PASSAGE SAINT AMBROI",0.0,0.0
201300052483,16,9,2013,17,1,75,111,2,1,1,2,"61 bis, RUE DE LA ROQUET",0.0,0.0
201300052484,17,9,2013,11,1,75,111,2,3,1,6,"45, RUE DU CHEMIN VERT",0.0,0.0
201300052485,19,9,2013,19,5,75,111,2,1,1,6,"55, BOULEVARD DE MENILMO",0.0,0.0
201300052486,20,9,2013,6,2,75,111,2,2,1,3,AVENUE DE LA REPUBLIQUE,0.0,0.0
201300052487,19,9,2013,17,1,75,111,2,1,1,2,"81, RUE DU FAUBOURG SAIN",0.0,0.0
201300052488,21,9,2013,1,5,75,111,2,1,1,6,RUE DE LAPPE,0.0,0.0
201300052489,21,9,2013,9,1,75,111,2,1,1,3,"235, BOULEVARD VOLTAIRE",0.0,0.0
201300052490,24,9,2013,8,1,75,111,2,3,1,3,"23, RUE DU FAUBOURG SAIN",0.0,0.0
201300052491,24,9,2013,9,1,75,111,2,3,1,2,"91, AVENUE DE LA REPUBLI",0.0,0.0
201300052492,24,9,2013,15,1,75,111,2,1,1,6,"1, CITE GRISET",0.0,0.0
201300052493,26,9,2013,12,1,75,111,2,2,1,3,"88, AVENUE PARMENTIER",0.0,0.0
201300052494,27,9,2013,9,1,75,111,2,1,1,6,"8, BOULEVARD DU TEMPLE",0.0,0.0
201300052495,27,9,2013,10,1,75,111,2,1,1,3,"11, AVENUE PHILIPPE AUGU",0.0,0.0
201300052496,27,9,2013,13,1,75,111,2,5,1,3,"101, BOULEVARD RICHARD L",0.0,0.0
201300052497,27,9,2013,14,1,75,111,2,7,1,2,"3, PLACE DE LA NATION",0.0,0.0
201300052498,27,9,2013,20,5,75,111,2,2,1,3,"37, BOULEVARD VOLTAIRE",0.0,0.0
201300052499,28,9,2013,16,1,75,111,2,1,1,7,"180, RUE DE CHARONNE",0.0,0.0
201300052500,29,9,2013,20,5,75,111,2,2,8,3,"33, RUE LEON FROT",0.0,0.0
201300052501,29,9,2013,22,5,75,111,2,3,1,3,"170, RUE DE LA ROQUETTE",0.0,0.0
201300052502,29,9,2013,22,5,75,111,2,7,1,3,"0, AVENUE PHILIPPE AUGUS",0.0,0.0
201300052503,1,10,2013,10,1,75,111,2,3,1,3,"59, RUE DU FAUBOURG SAIN",0.0,0.0
201300052504,1,10,2013,15,1,75,111,2,7,2,3,"12, PLACE DE LA BASTILLE",0.0,0.0
201300052505,3,10,2013,16,1,75,111,2,1,2,7,"71, RUE DU CHEMIN VERT",0.0,0.0
201300052506,3,10,2013,14,1,75,111,2,3,3,2,"11, AVENUE DE BOUVINES",0.0,0.0
201300052507,3,10,2013,19,2,75,111,2,2,1,4,"108, AVENUE LEDRU ROLLIN",0.0,0.0
201300052508,7,10,2013,0,5,75,111,2,7,1,6,"130, BOULEVARD VOLTAIRE",0.0,0.0
201300052509,8,10,2013,13,1,75,111,2,2,1,3,"42, RUE DE MALTE",0.0,0.0
201300052510,9,10,2013,10,1,75,111,2,3,1,6,"232, BOULEVARD VOLTAIRE",0.0,0.0
201300052511,9,10,2013,10,1,75,111,2,1,1,6,"125, RUE DU CHEMIN VERT",0.0,0.0
201300052512,10,10,2013,3,5,75,111,2,1,2,6,"34, AVENUE PHILIPPE AUGU",0.0,0.0
201300052513,10,10,2013,15,1,75,111,2,4,1,6,"39, RUE FAIDHERBE",0.0,0.0
201300052514,10,10,2013,17,1,75,111,2,2,1,6,"46, METRO ALEXANDRE DUMA",0.0,0.0
201300052515,10,10,2013,17,1,75,111,2,7,1,6,"8, PLACE LEON BLUM",0.0,0.0
201300052516,11,10,2013,20,5,75,111,2,1,1,6,BOULEVARD VOLTAIRE,0.0,0.0
201300052517,12,10,2013,0,5,75,111,2,2,2,3,RUE SAINT MAUR,0.0,0.0
201300052518,12,10,2013,5,5,75,111,2,1,1,6,"101, RUE DE CHARONNE",0.0,0.0
201300052519,13,10,2013,4,5,75,111,2,1,1,2,"48, BOULEVARD VOLTAIRE",0.0,0.0
201300052520,13,10,2013,5,5,75,111,2,1,1,6,"15, BOULEVARD RICHARD LE",0.0,0.0
201300052521,15,10,2013,3,5,75,111,2,2,1,6,"26, RUE SEDAINE",0.0,0.0
201300052522,15,10,2013,7,1,75,111,2,1,1,2,"20, RUE MORET",0.0,0.0
201300052523,15,10,2013,19,3,75,111,2,2,1,3,"16, RUE BREGUET",0.0,0.0