Num_Acc,jour,mois,an,hr,condition_eclairage,departement,commune,condition_agglomeration,intersection,condition_atmosphere,type_collision,adresse,lattitude,longitude
201300052524,16,10,2013,16,1,75,111,2,1,2,5,"3, BOULEVARD VOLTAIRE",0.0,0.0
201300052525,16,10,2013,17,1,75,111,2,2,2,7,"48, AVENUE PARMENTIER",0.0,0.0
201300052526,17,10,2013,10,1,75,111,2,7,1,3,"2, BOULEVARD BEAUMARCHAI",0.0,0.0
201300052527,19,10,2013,12,1,75,111,2,3,1,6,"94, BOULEVARD BEAUMARCHA",0.0,0.0
201300052528,19,10,2013,15,1,75,111,2,2,1,3,"17, BOULEVARD DES FILLES",0.0,0.0
201300052529,19,10,2013,15,1,75,111,2,1,1,2,"175, RUE DE CHARONNE",0.0,0.0
201300052530,20,10,2013,6,5,75,111,2,2,8,6,"76, RUE DU CHEMIN VERT",0.0,0.0
201300052531,21,10,2013,15,1,75,111,2,1,1,6,"254, BOULEVARD VOLTAIRE",0.0,0.0
201300052532,21,10,2013,17,1,75,111,2,2,1,3,"228, BOULEVARD VOLTAIRE",0.0,0.0
201300052533,22,10,2013,3,5,75,111,2,2,1,6,"101, BOULEVARD RICHARD L",0.0,0.0
201300052534,22,10,2013,15,1,75,111,2,1,1,7,"064, BOULEVARD VOLTAIRE",0.0,0.0
201300052535,23,10,2013,11,1,75,111,2,3,1,3,"230, BOULEVARD VOLTAIRE",0.0,0.0
201300052536,23,10,2013,19,5,75,111,2,1,1,2,"46, AVENUE LEDRU ROLLIN",0.0,0.0
201300052537,25,10,2013,23,5,75,111,2,2,2,7,"124, BOULEVARD VOLTAIRE",0.0,0.0
201300052538,28,10,2013,9,1,75,111,2,7,2,6,"12, PLACE DE LA BASTILLE",0.0,0.0
201300052539,28,10,2013,15,1,75,111,2,3,1,3,"10, PLACE DE LA REPUBLIQ",0.0,0.0
201300052540,29,10,2013,14,1,75,111,2,7,1,6,"1, PLACE DE LA NATION",0.0,0.0
201300052541,29,10,2013,15,1,75,111,2,3,1,1,"0, BOULEVARD VOLTAIRE",0.0,0.0
201300052542,29,10,2013,19,5,75,111,2,1,1,6,"90, BOULEVARD VOLTAIRE",0.0,0.0
201300052543,30,10,2013,9,1,75,111,2,1,7,6,"130, BOULEVARD VOLTAIRE",0.0,0.0
201300052544,2,11,2013,23,5,75,112,2,7,2,3,PLACE DE LA NATION,0.0,0.0
201300052545,5,11,2013,9,1,75,111,2,3,3,3,"167, RUE DU FAUBOURG SAI",0.0,0.0
201300052546,6,11,2013,15,1,75,111,2,2,1,3,"24, AVENUE DE LA REPUBLI",0.0,0.0
201300052547,6,11,2013,19,5,75,111,2,2,1,6,"85, BOULEVARD RICHARD LE",0.0,0.0
201300052548,8,11,2013,0,5,75,111,2,2,2,6,"20, BOULEVARD RICHARD LE",0.0,0.0
201300052549,9,11,2013,10,1,75,111,2,2,1,3,"41, RUE OBERKAMPF",0.0,0.0
201300052550,9,11,2013,22,5,75,111,2,7,1,3,"12, BOULEVARD RICHARD LE",0.0,0.0
201300052551,12,11,2013,16,2,75,111,2,3,2,2,"87, RUE DE CHARONNE",0.0,0.0
201300052552,12,11,2013,23,5,75,111,2,3,2,3,RUE DE LA ROQUETTE,0.0,0.0
201300052553,13,11,2013,14,1,75,111,2,1,1,2,"80, RUE OBERKAMPF",0.0,0.0
201300052554,14,11,2013,8,1,75,111,2,1,2,2,"69, BOULEVARD VOLTAIRE",0.0,0.0
201300052555,19,11,2013,0,5,75,111,2,2,1,2,"73, BOULEVARD DE BELLEVI",0.0,0.0
201300052556,19,11,2013,8,2,75,111,2,3,2,3,"73, BOULEVARD VOLTAIRE",0.0,0.0
201300052557,19,11,2013,17,5,75,111,2,1,1,2,"70, RUE DU CHEMIN VERT",0.0,0.0
201300052558,23,11,2013,1,5,75,111,2,2,1,2,"83, RUE DU FAUBOURG SAIN",0.0,0.0
201300052559,26,11,2013,8,1,75,111,2,2,1,6,"21, RUE POPINCOURT",0.0,0.0
201300052560,26,11,2013,12,1,75,111,2,1,1,2,BOULEVARD BEAUMARCHAIS,0.0,0.0
201300052561,28,11,2013,9,1,75,111,2,7,1,7,PLACE DE LA BASTILLE,0.0,0.0
201300052562,28,11,2013,17,5,75,111,2,2,1,2,"48, AVENUE DE LA REPUBLI",0.0,0.0
201300052563,2,12,2013,18,5,75,111,2,7,1,6,"4, PLACE DE LA REPUBLIQU",0.0,0.0
201300052564,2,12,2013,22,5,75,111,2,2,1,1,BOULEVARD VOLTAIRE,0.0,0.0
201300052565,4,12,2013,14,1,75,111,2,2,1,6,"124, BOULEVARD VOLTAIRE",0.0,0.0
201300052566,5,12,2013,9,1,75,111,2,3,1,2,"49, AVENUE PARMENTIER",0.0,0.0
201300052567,5,12,2013,23,5,75,111,2,5,2,2,"237, RUE DU FAUBOURG SAI",0.0,0.0
201300052568,6,12,2013,0,5,75,111,2,5,2,6,"130, RUE DE LA ROQUETTE",0.0,0.0
201300052569,6,12,2013,8,1,75,111,2,1,1,3,"49, AVENUE DE LA REPUBLI",0.0,0.0
201300052570,7,12,2013,4,5,75,111,2,3,2,6,"79, AVENUE DE LA REPUBLI",0.0,0.0
201300052571,7,12,2013,15,1,75,112,2,7,1,3,"4, PLACE DE LA NATION",0.0,0.0
201300052572,7,12,2013,20,5,75,111,2,3,1,3,"74, BOULEVARD VOLTAIRE",0.0,0.0
201300052573,10,12,2013,20,5,75,111,2,2,1,1,"43, BOULEVARD VOLTAIRE",0.0,0.0
201300052574,12,12,2013,18,5,75,111,2,4,1,1,"197, BOULEVARD VOLTAIRE",0.0,0.0
201300052575,13,12,2013,9,1,75,111,2,2,8,7,"59, BOULEVARD DE BELLEVI",0.0,0.0
201300052576,13,12,2013,11,1,75,111,2,3,1,3,"63, RUE SAINT MAUR",0.0,0.0
201300052577,14,12,2013,0,3,75,111,2,7,2,6,PLACE DE LA NATION,0.0,0.0
201300052578,15,12,2013,15,2,75,111,2,2,1,2,"15, AVENUE DE LA REPUBLI",0.0,0.0
201300052579,17,12,2013,11,1,75,111,2,3,1,7,"66, RUE DE LA ROQUETTE",0.0,0.0
201300052580,19,12,2013,7,2,75,111,2,2,1,3,"101, BOULEVARD RICHARD L",0.0,0.0
201300052581,20,12,2013,10,1,75,111,2,1,1,3,"149, RUE DE CHARONNE",0.0,0.0
201300052582,20,12,2013,16,1,75,111,2,2,1,3,"2, RUE DE LA PRESENTATIO",0.0,0.0
201300052583,22,12,2013,17,5,75,111,2,5,2,6,"208, RUE DE LA ROQUETTE",0.0,0.0
201300052584,23,12,2013,13,1,75,111,2,3,1,3,"142, AVENUE PARMENTIER",0.0,0.0
201300052585,25,12,2013,20,5,75,111,2,7,3,4,"2, BOULEVARD BEAUMARCHAI",0.0,0.0
201300052586,1,1,2013,0,5,75,112,2,7,2,6,PLACE DE LA BASTILLE,0.0,0.0
201300052587,2,1,2013,16,2,75,112,2,4,1,3,BOULEVARD PONIATOWSKI,0.0,0.0
201300052588,1,1,2013,3,5,75,112,2,1,3,6,AVENUE DES CANADIENS,0.0,0.0
201300052589,3,1,2013,23,5,75,112,2,1,2,3,"162, BOULEVARD DIDEROT",0.0,0.0
201300052590,4,1,2013,20,5,75,112,2,3,1,6,"89 ter, RUE DE CHARENTON",0.0,0.0
201300052591,5,1,2013,18,5,75,112,2,1,1,3,"128, BOULEVARD DIDEROT",0.0,0.0
201300052592,7,1,2013,12,1,75,112,2,2,1,6,"14, RUE ROTTEMBOURG",0.0,0.0
201300052593,9,1,2013,9,1,75,112,2,4,2,3,"86, AVENUE DE SAINT MAND",0.0,0.0
201300052594,10,1,2013,16,1,75,112,2,5,2,3,AVENUE DAUMESNIL,0.0,0.0
201300052595,11,1,2013,8,1,75,112,2,3,1,6,"118, RUE DE LYON",0.0,0.0
201300052596,11,1,2013,11,1,75,112,2,1,1,6,"241, QUAI DE BERCY",0.0,0.0
201300052597,12,1,2013,11,1,75,112,2,2,1,6,"35, RUE DE REUILLY",0.0,0.0
201300052598,12,1,2013,10,1,75,112,2,4,2,3,RUE DU GENERAL DE LANGLE,0.0,0.0
201300052599,13,1,2013,5,5,75,112,2,1,1,6,"face  163, RUE DU FAUBOU",0.0,0.0
201300052600,12,1,2013,11,1,75,112,2,5,2,3,"20, BOULEVARD PONIATOWSK",0.0,0.0
201300052601,13,1,2013,19,5,75,112,2,3,2,6,RUE LEGRAVEREND,0.0,0.0
201300052602,14,1,2013,20,5,75,112,2,5,4,7,"198, RUE DU FAUBOURG SAI",0.0,0.0
201300052603,16,1,2013,9,1,75,112,2,3,9,2,"101, AVENUE DE SAINT MAN",0.0,0.0
201300052604,14,1,2013,22,5,75,112,2,1,2,6,AVENUE DAUMESNIL,0.0,0.0
201300052605,22,1,2013,19,5,75,112,2,5,8,6,"1, RUE DE PICPUS",0.0,0.0
201300052606,22,1,2013,19,5,75,112,2,7,1,6,"127, RUE DE REUILLY",0.0,0.0
201300052607,23,1,2013,22,5,75,112,2,3,1,3,"192, AVENUE DAUMESNIL",0.0,0.0
201300052608,26,1,2013,12,1,75,112,2,2,8,3,"77, AVENUE DAUMESNIL",0.0,0.0
201300052609,28,1,2013,18,5,75,112,2,5,1,2,RUE JOSEPH KESSEL,0.0,0.0
201300052610,28,1,2013,19,5,75,112,2,1,1,2,"0, QUAI DE BERCY",0.0,0.0
201300052611,29,1,2013,11,1,75,112,2,5,1,2,BOULEVARD DE BERCY,0.0,0.0
201300052612,30,1,2013,7,2,75,112,2,1,2,6,"108, COURS DE VINCENNES",0.0,0.0
201300052613,30,1,2013,11,1,75,112,2,1,2,6,"82, AVENUE LEDRU ROLLIN",0.0,0.0
201300052614,30,1,2013,18,5,75,112,2,1,1,3,"272, AVENUE DAUMESNIL",0.0,0.0
201300052615,31,1,2013,7,2,75,112,2,2,1,2,AVENUE DU GENERAL MICHEL,0.0,0.0
201300052616,31,1,2013,16,2,75,112,2,7,1,7,"1, PLACE EDOUARD RENARD",0.0,0.0
201300052617,2,2,2013,5,5,75,112,2,2,1,6,RUE JOSEPH KESSEL,0.0,0.0
201300052618,2,2,2013,17,4,75,112,2,1,4,2,QUAI DE BERCY,0.0,0.0
201300052619,2,2,2013,19,5,75,112,2,2,2,6,"93, RUE DE REUILLY",0.0,0.0
201300052620,2,2,2013,19,5,75,112,2,1,2,6,"69, RUE DE LYON",0.0,0.0
201300052621,3,2,2013,16,1,75,112,2,1,8,6,"8, BOULEVARD DE LA BASTI",0.0,0.0
201300052622,3,2,2013,22,5,75,112,2,3,3,6,RUE DU FAUBOURG SAINT AN,0.0,0.0
201300052623,31,1,2013,18,2,75,112,2,1,2,5,"0, AVENUE DE GRAVELLE",0.0,0.0
201300052624,5,2,2013,9,1,75,112,2,7,2,7,"1, PLACE FELIX EBOUE",0.0,0.0
201300052625,5,2,2013,9,1,75,112,2,1,2,3,AVENUE DU TREMBLAY,0.0,0.0
201300052626,6,2,2013,7,2,75,112,2,2,2,6,"58, AVENUE LEDRU ROLLIN",0.0,0.0
201300052627,6,2,2013,7,1,75,112,2,3,2,6,"35, AVENUE COURTELINE",0.0,0.0
201300052628,6,2,2013,19,5,75,112,2,3,1,3,"80, AVENUE DE SAINT MAND",0.0,0.0
201300052629,8,2,2013,19,5,75,112,2,3,2,6,"148, RUE DU FAUBOURG SAI",0.0,0.0
201300052630,9,2,2013,6,5,75,112,2,2,4,5,RUE JOSEPH KESSEL,0.0,0.0
201300052631,10,2,2013,20,5,75,112,2,2,2,7,RUE DE CHARENTON,0.0,0.0
201300052632,12,2,2013,9,1,75,112,2,5,2,6,"84, BOULEVARD DE REUILLY",0.0,0.0
201300052633,12,2,2013,12,1,75,112,2,5,2,2,"13, BOULEVARD DIDEROT",0.0,0.0
201300052634,13,2,2013,9,1,75,112,2,2,1,6,RUE DE CHARENTON,0.0,0.0
201300052635,13,2,2013,11,1,75,112,2,4,1,6,"1, ROUTE DU PESAGE",0.0,0.0
201300052636,15,2,2013,0,5,75,112,2,1,2,6,"58, RUE DU FAUBOURG SAIN",0.0,0.0
201300052637,15,2,2013,19,3,75,112,2,4,1,2,AVENUE DAUMESNIL,0.0,0.0
201300052638,15,2,2013,19,5,75,112,2,2,1,6,"70, RUE DE PICPUS",0.0,0.0
201300052639,15,2,2013,5,5,75,112,2,1,1,6,AUTOROUTE A4,0.0,0.0
201300052640,17,2,2013,0,5,75,112,2,1,1,6,"110, COURS DE VINCENNES",0.0,0.0
201300052641,17,2,2013,13,1,75,112,2,4,1,3,"52, BOULEVARD DIDEROT",0.0,0.0
201300052642,17,2,2013,21,5,75,112,2,2,1,6,"248, RUE DU FAUBOURG SAI",0.0,0.0
201300052643,16,2,2013,21,5,75,112,2,2,1,7,QUAI DE BERCY,0.0,0.0
201300052644,21,2,2013,7,1,75,112,2,2,1,7,AVENUE DAUMESNIL,0.0,0.0
201300052645,22,2,2013,19,5,75,112,2,1,1,6,"282, AVENUE DAUMESNIL",0.0,0.0
201300052646,23,2,2013,5,5,75,120,2,1,1,6,"6, AVENUE DE LA PORTE DE",0.0,0.0
201300052647,26,2,2013,14,1,75,112,2,7,1,6,PLACE DE LA BASTILLE,0.0,0.0
201300052648,27,2,2013,8,1,75,112,2,1,2,2,AVENUE DE LA PORTE DE CH,0.0,0.0
201300052649,28,2,2013,18,5,75,112,2,1,1,1,"35, RUE PROUDHON",0.0,0.0
201300052650,28,2,2013,19,5,75,112,2,1,2,4,"123, AVENUE DU GENERAL M",0.0,0.0
201300052651,1,3,2013,9,1,75,112,2,5,1,2,"86, QUAI DE LA RAPEE",0.0,0.0
201300052652,2,3,2013,16,1,75,112,2,1,1,6,AVENUE DE NOGENT,0.0,0.0
201300052653,3,3,2013,9,1,75,112,2,1,1,2,"122, AVENUE DE GRAVELLE",0.0,0.0
201300052654,3,3,2013,15,1,75,112,2,3,1,1,AVENUE DE GRAVELLE,0.0,0.0
201300052655,4,3,2013,6,2,75,112,2,2,1,6,"190, RUE DE BERCY",0.0,0.0
201300052656,4,3,2013,12,1,75,112,2,2,1,6,"256, AVENUE DAUMESNIL",0.0,0.0
201300052657,4,3,2013,19,5,75,112,2,1,1,6,"61, AVENUE DAUMESNIL",0.0,0.0
201300052658,4,3,2013,22,5,75,112,2,1,1,6,"0, AVENUE DAUMESNIL",0.0,0.0
201300052659,5,3,2013,12,1,75,112,2,4,1,3,QUAI DE BERCY,0.0,0.0
201300052660,6,3,2013,17,1,75,112,2,2,1,6,"120, COURS DE VINCENNES",0.0,0.0
201300052661,7,3,2013,10,1,75,112,2,1,1,6,"6, RUE LOUIS BRAILLE",0.0,0.0
201300052662,7,3,2013,15,1,75,112,2,1,1,3,"98bis, COURS DE VINCENNE",0.0,0.0
201300052663,7,3,2013,19,5,75,112,2,2,1,3,"80, COURS DE VINCENNES",0.0,0.0
201300052664,8,3,2013,15,1,75,112,2,7,1,3,"22, PLACE DE LA NATION",0.0,0.0
201300052665,8,3,2013,22,5,75,112,2,1,1,6,RUE ROBERT ETLIN,0.0,0.0
201300052666,9,3,2013,14,1,75,112,2,6,1,7,", RUE ROBERT ETLIN",0.0,0.0
201300052667,11,3,2013,15,1,75,112,2,3,2,6,"2, AVENUE DE CORBERA",0.0,0.0
201300052668,14,3,2013,7,1,75,112,2,1,1,2,"28, RUE TAINE",0.0,0.0
201300052669,16,3,2013,7,2,75,112,2,1,1,6,"00, AVENUE DE GRAVELLE",0.0,0.0
201300052670,17,3,2013,10,1,75,112,2,1,1,3,"263, AVENUE DAUMESNIL",0.0,0.0
201300052671,18,3,2013,18,1,75,112,2,1,2,6,"55, GARE DE LYON",0.0,0.0
201300052672,19,3,2013,22,5,75,112,2,4,2,4,QUAI DE BERCY,0.0,0.0
201300052673,20,3,2013,18,1,75,112,2,2,1,6,"21, RUE LOUIS BRAILLE",0.0,0.0
201300052674,21,3,2013,18,1,75,112,2,2,1,6,"237, RUE DE CHARENTON",0.0,0.0
201300052675,22,3,2013,19,5,75,112,2,1,1,2,AUTOROUTE A4,0.0,0.0
201300052676,22,3,2013,21,5,75,112,2,1,1,6,"102, AVENUE DE SAINT MAN",0.0,0.0
201300052677,25,3,2013,21,5,75,112,2,1,1,6,"75, BOULEVARD SOULT",0.0,0.0
201300052678,26,3,2013,20,5,75,112,2,1,1,3,ESPLANADE SAINT LOUIS,0.0,0.0
201300052679,27,3,2013,11,1,75,112,2,2,1,3,"10, RUE DE PICPUS",0.0,0.0
201300052680,29,3,2013,8,1,75,112,2,2,1,3,AVENUE DU TREMBLAY,0.0,0.0
201300052681,29,3,2013,18,1,75,112,2,4,1,2,"22, BOULEVARD DE LA BAST",0.0,0.0
201300052682,31,3,2013,6,2,75,112,2,4,1,6,QUAI DE BERCY,0.0,0.0
201300052683,3,4,2013,14,1,75,112,2,5,1,6,AVENUE DE NOGENT,0.0,0.0
201300052684,3,4,2013,14,2,75,112,2,1,1,2,"70, BOULEVARD DE REUILLY",0.0,0.0
201300052685,3,4,2013,18,1,75,112,2,2,1,3,AVENUE DAUMESNIL,0.0,0.0
201300052686,9,4,2013,11,1,75,112,2,2,8,2,"2, AVENUE LEDRU ROLLIN",0.0,0.0
201300052687,9,4,2013,20,1,75,112,2,1,1,2,"/, ROUTE DE CEINTURE DU",0.0,0.0
201300052688,11,4,2013,1,5,75,112,2,7,2,6,"157, RUE DE CHARENTON",0.0,0.0
201300052689,12,4,2013,13,1,75,112,2,5,1,3,"190, RUE DE BERCY",0.0,0.0
201300052690,12,4,2013,19,1,75,112,2,2,2,6,AVENUE LEDRU ROLLIN,0.0,0.0
201300052691,14,4,2013,19,1,75,112,2,1,1,3,ROUTE DE LA PYRAMIDE,0.0,0.0
201300052692,15,4,2013,18,1,75,112,2,5,1,2,"90, AVENUE DE SAINT MAND",0.0,0.0
201300052693,17,4,2013,9,1,75,112,2,7,1,2,"1, ROUTE ROYALE DE BEAUT",0.0,0.0
201300052694,17,4,2013,9,1,75,112,2,1,1,2,"63, AVENUE LEDRU ROLLIN",0.0,0.0
201300052695,17,4,2013,16,1,75,112,2,1,1,2,"203, AVENUE DAUMESNIL",0.0,0.0
201300052696,18,4,2013,9,1,75,112,2,1,1,6,"52, RUE DE WATTIGNIES",0.0,0.0
201300052697,18,4,2013,17,1,75,112,2,1,1,2,ROUTE DE CEINTURE DU LAC,0.0,0.0
201300052698,18,4,2013,23,5,75,112,2,3,1,1,RUE DE RAMBOUILLET,0.0,0.0
201300052699,19,4,2013,10,1,75,112,2,2,1,3,AVENUE DE NOGENT,0.0,0.0
201300052700,19,4,2013,12,1,75,112,2,3,1,6,"91, RUE DE CHARENTON",0.0,0.0
201300052701,20,4,2013,2,5,75,112,2,1,1,3,ROUTE DE LA PYRAMIDE,0.0,0.0
201300052702,20,4,2013,9,1,75,112,2,5,1,3,"69, AVENUE DE SAINT MAND",0.0,0.0
201300052703,21,4,2013,11,1,75,112,2,3,1,7,ROUTE DU PESAGE,0.0,0.0
201300052704,22,4,2013,17,1,75,112,2,1,1,3,"17, RUE DU SAHEL",0.0,0.0
201300052705,22,4,2013,17,1,75,112,2,1,1,6,QUAI DE LA RAPEE,0.0,0.0
201300052706,24,4,2013,18,1,75,112,2,1,1,6,"61, RUE DE BERCY",0.0,0.0
201300052707,25,4,2013,10,1,75,112,2,1,1,6,"189, RUE DE CHARENTON",0.0,0.0
201300052708,26,4,2013,15,1,75,112,2,1,1,2,"22, AVENUE DAUMESNIL",0.0,0.0
201300052709,27,4,2013,18,1,75,112,2,1,1,3,AVENUE DE SAINT MAURICE,0.0,0.0
201300052710,29,4,2013,10,1,75,112,2,4,1,6,"28, RUE BISCORNET",0.0,0.0
201300052711,30,4,2013,6,1,75,112,2,2,1,3,"43, AVENUE DAUMESNIL   S",0.0,0.0
201300052712,30,4,2013,8,1,75,112,2,3,1,7,AVENUE DAUMESNIL,0.0,0.0
201300052713,30,4,2013,11,1,75,112,2,1,1,2,"50, QUAI DE LA RAPEE",0.0,0.0
201300052714,1,5,2013,8,1,75,112,2,1,1,6,QUAI DE LA RAPEE,0.0,0.0
201300052715,1,5,2013,22,5,75,112,2,3,2,7,BOULEVARD DE BERCY,0.0,0.0
201300052716,2,5,2013,8,1,75,112,2,1,1,2,"88, QUAI DE LA RAPEE",0.0,0.0
201300052717,5,5,2013,12,1,75,112,2,2,1,3,BOULEVARD DIDEROT,0.0,0.0
201300052718,7,5,2013,15,1,75,112,2,1,1,6,"82, RUE DU FAUBOURG SAIN",0.0,0.0
201300052719,7,5,2013,12,1,75,112,2,4,1,6,"12, RUE ABEL",0.0,0.0
201300052720,9,5,2013,13,1,75,112,2,2,1,6,"40, AVENUE DAUMESNIL",0.0,0.0
201300052721,10,5,2013,17,1,75,112,2,7,1,6,AVENUE DAUMESNIL,0.0,0.0
201300052722,10,5,2013,23,5,75,112,2,1,1,6,"135, AVENUE DAUMESNIL",0.0,0.0
201300052723,12,5,2013,16,1,75,112,2,7,1,2,"1, ROUTE DE BOURDON",0.0,0.0
201300052724,13,5,2013,16,1,75,112,2,7,1,6,"280, RUE DU FAUBOURG SAI",0.0,0.0
201300052725,14,5,2013,1,5,75,104,2,7,1,3,PLACE DE LA BASTILLE,0.0,0.0
201300052726,14,5,2013,21,2,75,112,2,2,1,2,AVENUE DAUMESNIL,0.0,0.0
201300052727,15,5,2013,7,1,75,104,2,7,2,6,PLACE DE LA BASTILLE,0.0,0.0
201300052728,16,5,2013,6,2,75,112,2,2,2,3,"10, RUE DE DIJON",0.0,0.0
201300052729,16,5,2013,19,1,75,112,2,1,1,6,PONT D AUSTERLITZ,0.0,0.0
201300052730,18,5,2013,7,1,75,112,2,1,1,6,"78, QUAI DE LA RAPEE",0.0,0.0
201300052731,19,5,2013,2,5,75,112,2,5,1,3,BOULEVARD PONIATOWSKI,0.0,0.0
201300052732,22,5,2013,11,1,75,112,2,5,7,6,"4bis, RUE DE LYON",0.0,0.0
201300052733,22,5,2013,13,1,75,112,2,3,1,6,"55, AVENUE DAUMESNIL",0.0,0.0
201300052734,23,5,2013,7,1,75,112,2,3,1,3,"31, RUE BARON LE ROY",0.0,0.0
201300052735,24,5,2013,8,1,75,112,2,7,1,3,ROUTE DE LA PYRAMIDE,0.0,0.0
201300052736,25,5,2013,1,5,75,112,2,7,1,7,"4, PLACE DE LA NATION",0.0,0.0
201300052737,25,5,2013,23,5,75,112,2,1,1,3,"8, AVENUE DORIAN",0.0,0.0
201300052738,26,5,2013,9,1,75,112,2,4,1,3,"102, QUAI DE LA RAPEE",0.0,0.0
201300052739,27,5,2013,1,5,75,112,2,1,1,6,AVENUE DAUMESNIL,0.0,0.0
201300052740,27,5,2013,11,1,75,111,2,2,1,3,"6, RUE RAMPON",0.0,0.0
201300052741,29,5,2013,13,1,75,112,2,1,1,6,"60, COURS DE VINCENNES",0.0,0.0
201300052742,29,5,2013,22,5,75,112,2,1,1,6,"124, AVENUE DAUMESNIL",0.0,0.0
201300052743,27,5,2013,21,5,75,112,2,1,1,6,"17, RUE TAINE",0.0,0.0
201300052744,31,5,2013,11,1,75,112,2,1,1,3,PLACE DE LA BASTILLE,0.0,0.0
201300052745,1,6,2013,10,1,75,112,2,1,1,3,ROUTE ROYALE DE BEAUTE,0.0,0.0
201300052746,2,6,2013,18,1,75,112,2,1,1,1,ROUTE DE LA DEMI LUNE,0.0,0.0
201300052747,3,6,2013,7,1,75,112,2,7,1,6,"02, PLACE DE LA NATION",0.0,0.0
201300052748,3,6,2013,10,1,75,112,2,4,1,3,AVENUE DAUMESNIL,0.0,0.0
201300052749,4,6,2013,7,2,75,112,2,1,1,1,ROUTE DE LA PYRAMIDE,0.0,0.0
201300052750,4,6,2013,11,1,75,112,2,2,1,6,"20, RUE CHARLES BAUDELAI",0.0,0.0
201300052751,5,6,2013,12,1,75,112,2,7,1,6,"20, PLACE DE LA NATION",0.0,0.0
201300052752,6,6,2013,10,1,75,112,2,7,1,3,ROUTE DE CEINTURE DU LAC,0.0,0.0
201300052753,6,6,2013,17,1,75,112,2,1,1,6,AVENUE DE GRAVELLE,0.0,0.0
201300052754,8,6,2013,1,5,75,112,2,2,1,6,"26, RUE CHALIGNY",0.0,0.0
201300052755,8,6,2013,21,5,75,112,2,2,1,3,"132, BOULEVARD DIDEROT",0.0,0.0
201300052756,10,6,2013,8,1,75,112,2,1,8,3,BOULEVARD DE LA GUYANE,0.0,0.0
201300052757,12,6,2013,11,1,75,112,2,2,1,3,"51, BOULEVARD DIDEROT",0.0,0.0
201300052758,12,6,2013,19,2,75,112,2,1,1,3,BOULEVARD PERIPHERIQUE,0.0,0.0
201300052759,13,6,2013,11,1,75,112,2,1,1,3,"85, BOULEVARD DIDEROT",0.0,0.0
201300052760,13,6,2013,20,2,75,112,2,2,1,3,BOULEVARD DIDEROT,0.0,0.0
201300052761,14,6,2013,13,1,75,112,2,1,1,6,"30, RUE CLAUDE DECAEN",0.0,0.0
201300052762,15,6,2013,12,1,75,112,2,1,1,7,AVENUE DAUMESNIL,0.0,0.0
201300052763,16,6,2013,16,1,75,112,2,1,1,6,"3, RUE RONDELET",0.0,0.0
201300052764,18,6,2013,9,1,75,112,2,1,1,6,"125, RUE DE REUILLY",0.0,0.0
201300052765,18,6,2013,17,1,75,112,2,1,1,1,QUAI DE BERCY,0.0,0.0
201300052766,19,6,2013,9,1,75,112,2,3,2,6,"52, RUE DE WATTIGNIES",0.0,0.0
201300052767,19,6,2013,9,1,75,112,2,2,1,1,AVENUE DE SAINT MANDE,0.0,0.0
201300052768,19,6,2013,14,1,75,112,2,1,1,2,PONT D AUSTERLITZ,0.0,0.0
201300052769,19,6,2013,21,1,75,112,2,2,1,6,"92, QUAI DE BERCY",0.0,0.0
201300052770,19,6,2013,23,5,75,112,2,3,1,1,RUE DE CHARENTON,0.0,0.0
201300052771,20,6,2013,9,1,75,112,2,1,1,7,"11, RUE DE WATTIGNIES",0.0,0.0
201300052772,21,6,2013,17,1,75,112,2,1,1,5,RUE VAN GOGH,0.0,0.0
201300052773,24,6,2013,16,1,75,112,2,1,1,6,RUE DE LYON,0.0,0.0
201300052774,26,6,2013,11,1,75,112,2,2,1,2,"13, AVENUE DAUMESNIL",0.0,0.0
201300052775,27,6,2013,14,1,75,112,2,1,1,6,"82, COURS DE VINCENNES",0.0,0.0
201300052776,27,6,2013,21,2,75,112,2,5,1,2,RUE DU FAUBOURG SAINT AN,0.0,0.0
201300052777,28,6,2013,11,1,75,112,2,1,2,7,"., RUE DE RAMBOUILLET",0.0,0.0
201300052778,2,7,2013,11,2,75,112,2,3,1,3,"37, RUE DE REUILLY",0.0,0.0
201300052779,3,7,2013,8,1,75,112,2,3,1,6,"101, AVENUE DE SAINT MAN",0.0,0.0
201300052780,3,7,2013,20,2,75,112,2,2,2,6,"128, AVENUE DAUMESNIL",0.0,0.0
201300052781,5,7,2013,19,1,75,112,2,5,1,3,RUE JOSEPH KESSEL,0.0,0.0
201300052782,6,7,2013,5,5,75,112,2,1,1,6,QUAI DE BERCY,0.0,0.0
201300052783,7,7,2013,12,1,75,112,2,1,1,3,QUAI DE LA RAPEE,0.0,0.0
201300052784,8,7,2013,16,1,75,112,2,1,1,7,BOULEVARD PERIPHERIQUE,0.0,0.0
201300052785,9,7,2013,4,5,75,112,2,1,1,6,RUE PAUL HENRI GRAUWIN,0.0,0.0
201300052786,9,7,2013,6,1,75,112,2,3,1,4,AVENUE DES CANADIENS,0.0,0.0
201300052787,10,7,2013,17,1,75,112,2,1,1,7,"72-74, QUAI DE LA RAPEE",0.0,0.0
201300052788,10,7,2013,19,1,75,112,2,1,1,3,ROUTE DES FORTIFICATIONS,0.0,0.0
201300052789,12,7,2013,9,1,75,112,2,1,1,3,QUAI DE BERCY,0.0,0.0
201300052790,12,7,2013,18,1,75,112,2,3,1,6,"68, AVENUE DAUMESNIL",0.0,0.0
201300052791,13,7,2013,8,1,75,112,2,4,1,3,ROUTE DE LA TOURELLE,0.0,0.0
201300052792,15,7,2013,16,1,75,112,2,4,1,1,"., AVENUE DE GRAVELLE",0.0,0.0
201300052793,16,7,2013,13,1,75,112,2,5,1,6,"40, BOULEVARD DE BERCY",0.0,0.0
201300052794,16,7,2013,23,3,75,112,2,2,1,3,BOULEVARD SOULT,0.0,0.0
201300052795,17,7,2013,16,1,75,112,2,7,1,7,"182, RUE DU FAUBOURG SAI",0.0,0.0
201300052796,18,7,2013,20,1,75,112,2,7,1,3,PLACE DE LA NATION,0.0,0.0