Num_Acc,jour,mois,an,hr,condition_eclairage,departement,commune,condition_agglomeration,intersection,condition_atmosphere,type_collision,adresse,lattitude,longitude
201300052797,20,7,2013,17,1,75,112,2,1,1,7,"267, AVENUE DAUMESNIL",0.0,0.0
201300052798,20,7,2013,22,5,75,112,2,2,1,3,RUE DU FAUBOURG SAINT AN,0.0,0.0
201300052799,22,7,2013,20,1,75,112,2,1,1,2,"11, RUE TAINE",0.0,0.0
201300052800,23,7,2013,18,1,75,112,2,1,1,7,"275, RUE DE CHARENTON",0.0,0.0
201300052801,24,7,2013,17,1,75,112,2,1,1,7,"254, AVENUE DAUMESNIL",0.0,0.0
201300052802,24,7,2013,22,5,75,112,2,3,1,2,"210, RUE DE CHARENTON",0.0,0.0
201300052803,25,7,2013,18,1,75,112,2,1,1,6,"68, RUE DU FAUBOURG SAIN",0.0,0.0
201300052804,25,7,2013,20,1,75,112,2,1,1,6,"27, RUE CHALIGNY",0.0,0.0
201300052805,27,7,2013,17,1,75,112,2,7,1,6,PLACE DE LA NATION,0.0,0.0
201300052806,28,7,2013,3,5,75,112,2,7,1,6,ROUTE DE LA PYRAMIDE,0.0,0.0
201300052807,28,7,2013,20,1,75,112,2,1,1,2,PONT D AUSTERLITZ,0.0,0.0
201300052808,29,7,2013,8,1,75,112,2,4,1,2,RUE DU GENERAL DE LANGLE,0.0,0.0
201300052809,31,7,2013,18,1,75,112,2,3,1,1,"48, GARE DE BERCY",0.0,0.0
201300052810,31,7,2013,19,1,75,112,2,1,1,3,"242, AVENUE DAUMESNIL",0.0,0.0
201300052811,31,7,2013,23,5,75,112,2,1,1,6,PLACE EDOUARD RENARD,0.0,0.0
201300052812,3,8,2013,13,1,75,112,2,7,1,3,"26, PLACE DE LA NATION",0.0,0.0
201300052813,5,8,2013,12,1,75,112,2,3,1,3,"12, RUE SIBUET",0.0,0.0
201300052814,4,8,2013,19,1,75,112,2,2,1,7,AVENUE LEDRU ROLLIN,0.0,0.0
201300052815,6,8,2013,13,1,75,112,2,5,1,6,"15, BOULEVARD CARNOT",0.0,0.0
201300052816,6,8,2013,15,1,75,112,2,5,1,3,RUE DE CHARENTON,0.0,0.0
201300052817,8,8,2013,15,1,75,112,2,3,1,3,"218, AVENUE DAUMESNIL",0.0,0.0
201300052818,8,8,2013,16,1,75,112,2,7,1,3,PLACE DE LA BASTILLE,0.0,0.0
201300052819,8,8,2013,22,5,75,112,2,3,1,6,"172, RUE DE CHARENTON",0.0,0.0
201300052820,10,8,2013,12,1,75,112,2,1,1,3,"59, AVENUE LEDRU ROLLIN",0.0,0.0
201300052821,11,8,2013,1,5,75,112,2,1,1,6,"74, RUE DU FAUBOURG SAIN",0.0,0.0
201300052822,12,8,2013,6,2,75,112,2,1,1,2,ROUTE DE LA FERME,0.0,0.0
201300052823,12,8,2013,20,1,75,112,2,7,1,3,"01, PLACE EDOUARD RENARD",0.0,0.0
201300052824,14,8,2013,16,1,75,112,2,5,1,3,"210, RUE DE BERCY",0.0,0.0
201300052825,15,8,2013,16,1,75,112,2,7,1,6,"16, PLACE DE LA NATION",0.0,0.0
201300052826,17,8,2013,8,1,75,112,2,5,1,6,"6, RUE DE LYON",0.0,0.0
201300052827,18,8,2013,22,5,75,112,2,3,1,6,"21 ter, BOULEVARD DIDERO",0.0,0.0
201300052828,19,8,2013,17,1,75,112,2,4,1,2,"295, AVENUE DAUMESNIL",0.0,0.0
201300052829,21,8,2013,20,1,75,112,2,2,1,2,RUE DU RENDEZ VOUS,0.0,0.0
201300052830,22,8,2013,15,1,75,112,2,1,1,1,"307, RUE DE CHARENTON",0.0,0.0
201300052831,23,8,2013,16,1,75,112,2,1,1,6,RUE CHRISTIAN DEWET,0.0,0.0
201300052832,25,8,2013,0,5,75,112,2,7,2,2,AVENUE DAUMESNIL,0.0,0.0
201300052833,27,8,2013,10,1,75,112,2,3,1,6,"80, RUE DE REUILLY",0.0,0.0
201300052834,27,8,2013,17,1,75,112,2,1,2,2,"104, QUAI DE BERCY",0.0,0.0
201300052835,27,8,2013,18,1,75,112,2,1,2,2,"18, RUE TAINE",0.0,0.0
201300052836,28,8,2013,18,1,75,112,2,1,1,7,BOULEVARD DE LA GUYANE,0.0,0.0
201300052837,29,8,2013,9,2,75,112,2,1,1,2,QUAI DE LA RAPEE,0.0,0.0
201300052838,29,8,2013,13,1,75,112,2,2,1,1,"72, BOULEVARD SOULT",0.0,0.0
201300052839,31,8,2013,3,5,75,112,2,6,1,6,QUAI DE LA RAPEE,0.0,0.0
201300052840,1,9,2013,1,5,75,112,2,2,1,3,QUAI DE BERCY,0.0,0.0
201300052841,3,9,2013,10,1,75,112,2,7,1,3,PLACE DE LA NATION,0.0,0.0
201300052842,3,9,2013,18,1,75,112,2,1,1,3,"209, RUE DE BERCY",0.0,0.0
201300052843,4,9,2013,14,1,75,112,2,1,1,4,BOULEVARD PERIPHERIQUE,0.0,0.0
201300052844,5,9,2013,7,1,75,112,2,5,1,2,"/, QUAI DE BERCY",0.0,0.0
201300052845,8,9,2013,22,5,75,111,2,7,1,2,PLACE DE LA BASTILLE,0.0,0.0
201300052846,12,9,2013,16,1,75,112,2,2,2,6,"35, BOULEVARD DIDEROT",0.0,0.0
201300052847,13,9,2013,0,5,75,112,2,2,1,3,BOULEVARD SOULT,0.0,0.0
201300052848,13,9,2013,11,1,75,112,2,2,2,6,"82, RUE DU FAUBOURG SAIN",0.0,0.0
201300052849,14,9,2013,8,1,75,112,2,7,2,3,"4, PLACE DE LA NATION",0.0,0.0
201300052850,14,9,2013,23,5,75,112,2,1,2,6,ROUTE DE LA PYRAMIDE,0.0,0.0
201300052851,15,9,2013,3,5,75,112,2,2,1,6,AVENUE DE NOGENT,0.0,0.0
201300052852,15,9,2013,3,5,75,112,2,1,2,6,QUAI DE BERCY,0.0,0.0
201300052853,17,9,2013,9,1,75,112,2,1,1,2,ROUTE DE CEINTURE DU LAC,0.0,0.0
201300052854,18,9,2013,7,1,75,112,2,1,1,7,"/, ROUTE DE LA TOURELLE",0.0,0.0
201300052855,8,9,2013,8,1,75,112,2,1,1,2,BOULEVARD PERIPHERIQUE,0.0,0.0
201300052856,20,9,2013,7,1,75,111,2,3,1,3,"70, RUE DU FAUBOURG SAIN",0.0,0.0
201300052857,20,9,2013,21,5,75,112,2,2,1,3,"97, BOULEVARD DIDEROT",0.0,0.0
201300052858,21,9,2013,11,1,75,112,2,1,1,2,QUAI DE BERCY,0.0,0.0
201300052859,21,9,2013,14,1,75,112,2,3,1,3,AVENUE DE NOGENT   VINCE,0.0,0.0
201300052860,21,9,2013,17,1,75,112,2,3,1,6,AVENUE DE GRAVELLE   ST,0.0,0.0
201300052861,21,9,2013,18,1,75,112,2,1,1,3,"2, METRO QUAI DE LA RAPE",0.0,0.0
201300052862,22,9,2013,2,5,75,111,2,5,1,6,"303, RUE DU FAUBOURG SAI",0.0,0.0
201300052863,22,9,2013,14,1,75,112,2,2,1,3,AVENUE DAUMESNIL,0.0,0.0
201300052864,23,9,2013,11,1,75,112,2,3,1,3,"65, BOULEVARD DE PICPUS",0.0,0.0
201300052865,23,9,2013,14,1,75,112,2,2,1,3,QUAI DE BERCY,0.0,0.0
201300052866,24,9,2013,10,1,75,112,2,1,1,6,"70, RUE DU FAUBOURG SAIN",0.0,0.0
201300052867,26,9,2013,10,1,75,112,2,1,1,6,COURS DES MARECHAUX,0.0,0.0
201300052868,26,9,2013,12,1,75,112,2,1,1,2,"39, RUE DE WATTIGNIES",0.0,0.0
201300052869,26,9,2013,19,5,75,112,2,1,1,1,"38, BOULEVARD DE BERCY",0.0,0.0
201300052870,27,9,2013,9,1,75,112,2,5,1,3,BOULEVARD SOULT,0.0,0.0
201300052871,28,9,2013,0,5,75,112,2,2,1,6,RUE DE LYON,0.0,0.0
201300052872,29,9,2013,2,5,75,112,2,5,8,6,"80, AVENUE DAUMESNIL",0.0,0.0
201300052873,30,9,2013,8,1,75,112,2,1,1,2,"51, AVENUE DU GENERAL MI",0.0,0.0
201300052874,30,9,2013,12,1,75,112,2,3,1,6,"101, RUE DE REUILLY",0.0,0.0
201300052875,1,10,2013,9,1,75,112,2,1,1,3,"11, AVENUE DU TREMBLAY",0.0,0.0
201300052876,1,10,2013,18,1,75,112,2,1,1,3,"4 bis, BOULEVARD DIDEROT",0.0,0.0
201300052877,2,10,2013,12,1,75,112,2,1,1,6,"19, BOULEVARD DE REUILLY",0.0,0.0
201300052878,2,10,2013,12,1,75,112,2,6,1,3,"66, BOULEVARD DE PICPUS",0.0,0.0
201300052879,3,10,2013,10,1,75,112,2,7,1,3,PLACE DE LA NATION,0.0,0.0
201300052880,4,10,2013,11,1,75,112,2,7,1,3,"180, RUE DU FAUBOURG SAI",0.0,0.0
201300052881,8,10,2013,6,3,75,112,2,7,1,7,"1, PONT D AUSTERLITZ",0.0,0.0
201300052882,8,10,2013,22,5,75,112,2,2,1,6,QUAI DE LA RAPEE,0.0,0.0
201300052883,9,10,2013,20,5,75,111,2,3,2,6,"238b, RUE DU FAUBOURG SA",0.0,0.0
201300052884,11,10,2013,8,1,75,112,2,1,2,7,PONT D AUSTERLITZ,0.0,0.0
201300052885,11,10,2013,17,1,75,112,2,1,8,4,QUAI DE BERCY,0.0,0.0
201300052886,11,10,2013,17,1,75,112,2,5,1,6,"115, RUE DE REUILLY",0.0,0.0
201300052887,12,10,2013,17,1,75,112,2,1,1,3,"26, BOULEVARD DE LA BAST",0.0,0.0
201300052888,13,10,2013,12,1,75,112,2,1,1,3,"238, RUE DE CHARENTON",0.0,0.0
201300052889,13,10,2013,23,5,75,112,2,1,1,6,QUAI DE BERCY,0.0,0.0
201300052890,14,10,2013,19,5,75,112,2,1,2,3,"28, RUE DU FAUBOURG SAIN",0.0,0.0
201300052891,15,10,2013,9,1,75,112,2,1,1,6,ROUTE CIRCULAIRE,0.0,0.0
201300052892,16,10,2013,19,5,75,111,2,1,2,6,"133, RUE DU FAUBOURG SAI",0.0,0.0
201300052893,16,10,2013,20,5,75,112,2,1,2,2,AVENUE DE LA PEPINIERE,0.0,0.0
201300052894,19,10,2013,2,5,75,112,2,1,1,6,QUAI DE BERCY,0.0,0.0
201300052895,19,10,2013,21,5,75,112,2,4,1,3,"12, RUE DE LYON",0.0,0.0
201300052896,20,10,2013,1,5,75,112,2,2,1,5,"29, RUE CHALIGNY",0.0,0.0
201300052897,20,10,2013,18,1,75,112,2,1,3,6,"45, RUE DE FECAMP",0.0,0.0
201300052898,21,10,2013,16,1,75,112,2,3,1,3,BOULEVARD DIDEROT,0.0,0.0
201300052899,21,10,2013,17,1,75,112,2,1,1,7,"18, BOULEVARD PONIATOWSK",0.0,0.0
201300052900,23,10,2013,21,5,75,112,2,1,1,6,PLACE DE LA NATION,0.0,0.0
201300052901,24,10,2013,21,5,75,112,2,7,1,6,"24bis, PLACE DE LA NATIO",0.0,0.0
201300052902,25,10,2013,12,1,75,112,2,1,1,3,"248, RUE DE CHARENTON",0.0,0.0
201300052903,26,10,2013,18,5,75,112,2,6,1,7,"45, AVENUE DE SAINT MAND",0.0,0.0
201300052904,31,10,2013,8,1,75,112,2,1,1,7,AVENUE DE LA PORTE DE CH,0.0,0.0
201300052905,30,10,2013,13,1,75,112,2,1,1,7,"234, RUE DU FAUBOURG SAI",0.0,0.0
201300052906,31,10,2013,10,1,75,112,2,1,1,2,"77, RUE DE BERCY",0.0,0.0
201300052907,31,10,2013,13,1,75,112,2,1,1,2,QUAI DE BERCY,0.0,0.0
201300052908,31,10,2013,14,1,75,112,2,1,1,2,"42, BOULEVARD DE BERCY",0.0,0.0
201300052909,31,10,2013,20,5,75,112,2,1,2,2,"21, RUE TAINE",0.0,0.0
201300052910,1,11,2013,10,1,75,112,2,1,2,3,"103 bis, RUE DE REUILLY",0.0,0.0
201300052911,1,11,2013,12,1,75,112,2,1,2,3,"11, AVENUE DE SAINT MAND",0.0,0.0
201300052912,1,11,2013,15,1,75,112,2,5,2,3,BOULEVARD SOULT,0.0,0.0
201300052913,1,11,2013,15,1,75,112,2,7,2,3,PLACE DE LA BASTILLE,0.0,0.0
201300052914,1,11,2013,22,5,75,112,2,2,2,6,"42, AVENUE DAUMESNIL",0.0,0.0
201300052915,4,11,2013,12,1,75,112,2,1,8,3,"71, RUE DE PICPUS",0.0,0.0
201300052916,4,11,2013,14,1,75,112,2,3,9,6,RUE DE RAMBOUILLET,0.0,0.0
201300052917,4,11,2013,19,5,75,112,2,1,1,3,"2, AVENUE DE SAINT MANDE",0.0,0.0
201300052918,5,11,2013,8,1,75,112,2,3,2,6,"152, BOULEVARD DIDEROT",0.0,0.0
201300052919,5,11,2013,21,5,75,112,2,1,1,3,"40, BOULEVARD DE BERCY",0.0,0.0
201300052920,6,11,2013,14,1,75,112,2,5,1,6,"80, AVENUE DAUMESNIL",0.0,0.0
201300052921,7,11,2013,21,5,75,112,2,3,2,3,"204, RUE DE CHARENTON",0.0,0.0
201300052922,7,11,2013,20,5,75,112,2,5,2,7,COURS DE VINCENNES,0.0,0.0
201300052923,8,11,2013,7,2,75,112,2,2,2,6,"58, AVENUE LEDRU ROLLIN",0.0,0.0
201300052924,8,11,2013,20,5,75,112,2,1,2,7,"52, QUAI DE LA RAPEE",0.0,0.0
201300052925,9,11,2013,15,1,75,112,2,3,2,3,"21, AVENUE DU DOCTEUR AR",0.0,0.0
201300052926,10,11,2013,19,5,75,112,2,3,1,2,"203, RUE DE CHARENTON",0.0,0.0
201300052927,11,11,2013,16,1,75,112,2,2,1,3,RUE DE LYON,0.0,0.0
201300052928,12,11,2013,11,1,75,112,2,1,2,6,AVENUE DE NOGENT,0.0,0.0
201300052929,12,11,2013,19,5,75,112,2,1,2,7,"28, RUE DE LYON",0.0,0.0
201300052930,13,11,2013,19,5,75,112,2,1,1,7,"51, AVENUE DU GENERAL MI",0.0,0.0
201300052931,14,11,2013,7,5,75,112,2,1,2,7,"-, AVENUE DES MINIMES",0.0,0.0
201300052932,14,11,2013,9,1,75,112,2,2,2,2,"168, BOULEVARD DIDEROT",0.0,0.0
201300052933,14,11,2013,18,5,75,112,2,1,2,6,"130, RUE DE LYON",0.0,0.0
201300052934,15,11,2013,7,2,75,112,2,2,1,6,"/, PONT CHARLES DE GAULL",0.0,0.0
201300052935,14,11,2013,10,1,75,112,2,5,3,3,"1, AVENUE DE NOGENT",0.0,0.0
201300052936,15,11,2013,10,1,75,112,2,1,1,3,"226, RUE DE CHARENTON",0.0,0.0
201300052937,15,11,2013,17,5,75,112,2,2,1,7,"15, RUE DE WATTIGNIES",0.0,0.0
201300052938,15,11,2013,18,5,75,112,2,1,1,3,"266, AVENUE DAUMESNIL",0.0,0.0
201300052939,17,11,2013,20,5,75,112,2,1,1,6,"3, PLACE LOUIS ARMAND",0.0,0.0
201300052940,18,11,2013,12,1,75,112,2,2,1,3,BOULEVARD DE BERCY,0.0,0.0
201300052941,18,11,2013,18,5,75,112,2,3,1,3,"70, BOULEVARD DE LA GUYA",0.0,0.0
201300052942,19,11,2013,9,1,75,112,2,2,1,6,"38, AVENUE DAUMESNIL",0.0,0.0
201300052943,19,11,2013,13,1,75,112,2,1,1,6,"40, RUE TAINE",0.0,0.0
201300052944,20,11,2013,14,1,75,112,2,1,2,3,"13, PLACE LACHAMBEAUDIE",0.0,0.0
201300052945,20,11,2013,19,5,75,112,2,5,3,6,"/, RUE DE RAMBOUILLET",0.0,0.0
201300052946,20,11,2013,20,5,75,112,2,7,3,3,"7, PLACE FELIX EBOUE",0.0,0.0
201300052947,21,11,2013,9,1,75,112,2,2,2,1,"15, BOULEVARD DIDEROT",0.0,0.0
201300052948,21,11,2013,14,1,75,112,2,2,1,6,"239, RUE DE CHARENTON",0.0,0.0
201300052949,22,11,2013,8,1,75,112,2,1,8,6,"64-66, BOULEVARD DE REUI",0.0,0.0
201300052950,22,11,2013,9,1,75,112,2,1,1,2,AVENUE DE GRAVELLE,0.0,0.0
201300052951,22,11,2013,11,1,75,112,2,2,1,3,AVENUE DAUMESNIL,0.0,0.0
201300052952,22,11,2013,19,5,75,112,2,3,1,3,"53, AVENUE DAUMESNIL",0.0,0.0
201300052953,23,11,2013,9,1,75,112,2,1,1,3,"35, RUE DE PICPUS",0.0,0.0
201300052954,23,11,2013,17,5,75,112,2,3,1,6,"92, AVENUE DE SAINT MAND",0.0,0.0
201300052955,24,11,2013,9,1,75,112,2,1,1,6,BOULEVARD DE LA GUYANE,0.0,0.0
201300052956,25,11,2013,1,5,75,112,2,1,1,2,"280, AVENUE DAUMESNIL",0.0,0.0
201300052957,25,11,2013,16,1,75,112,2,1,1,5,"20, BOULEVARD DE LA GUYA",0.0,0.0
201300052958,25,11,2013,23,5,75,112,2,1,1,4,"12, QUAI DE BERCY",0.0,0.0
201300052959,27,11,2013,5,2,75,112,2,2,1,3,"157, RUE DE BERCY",0.0,0.0
201300052960,28,11,2013,4,5,75,112,2,1,1,6,BOULEVARD DE BERCY,0.0,0.0
201300052961,28,11,2013,9,1,75,112,2,3,1,2,AVENUE DAUMESNIL,0.0,0.0
201300052962,29,11,2013,0,5,75,112,2,3,1,6,"190, RUE DE BERCY",0.0,0.0
201300052963,29,11,2013,19,5,75,112,2,3,1,6,"24, BOULEVARD DE LA BAST",0.0,0.0
201300052964,29,11,2013,19,5,75,112,2,2,1,6,BOULEVARD DIDEROT,0.0,0.0
201300052965,30,11,2013,9,1,75,112,2,1,1,6,"18, AVENUE DE LA PORTE D",0.0,0.0
201300052966,1,12,2013,19,5,75,112,2,4,1,6,"92, AVENUE DU GENERAL MI",0.0,0.0
201300052967,2,12,2013,12,1,75,112,2,6,1,3,AVENUE DE JOINVILLE,0.0,0.0
201300052968,2,12,2013,18,5,75,112,2,1,1,6,"46, AVENUE DAUMESNIL",0.0,0.0
201300052969,3,12,2013,19,5,75,112,2,1,1,6,AVENUE DE NOGENT,0.0,0.0
201300052970,3,12,2013,22,5,75,112,2,5,1,3,BOULEVARD PONIATOWSKI,0.0,0.0
201300052971,4,12,2013,6,5,75,112,2,2,1,3,"82, RUE DU FAUBOURG SAIN",0.0,0.0
201300052972,5,12,2013,12,1,75,112,2,1,1,2,"13, RUE CHALIGNY",0.0,0.0
201300052973,5,12,2013,15,1,75,112,2,7,1,3,ESPLANADE SAINT LOUIS,0.0,0.0
201300052974,6,12,2013,10,1,75,112,2,4,1,3,"88, QUAI DE LA RAPEE",0.0,0.0
201300052975,7,12,2013,0,5,75,112,2,3,1,2,AVENUE DES MINIMES,0.0,0.0
201300052976,7,12,2013,14,1,75,112,2,2,1,3,"278, AVENUE DAUMESNIL",0.0,0.0
201300052977,7,12,2013,14,1,75,112,2,5,1,7,"2, AVENUE COURTELINE",0.0,0.0
201300052978,8,12,2013,1,5,75,112,2,3,1,2,"50, RUE DE CHARENTON",0.0,0.0
201300052979,11,12,2013,18,5,75,112,2,2,1,6,"2, RUE DE RAMBOUILLET",0.0,0.0
201300052980,13,12,2013,14,1,75,112,2,1,1,6,"31, AVENUE DAUMESNIL",0.0,0.0
201300052981,13,12,2013,20,5,75,112,2,2,2,3,"6, RUE DE LYON",0.0,0.0
201300052982,14,12,2013,17,5,75,112,2,1,1,3,"42, AVENUE DE SAINT MAND",0.0,0.0
201300052983,17,12,2013,15,1,75,112,2,2,1,3,"20, PLACE DE LA NATION",0.0,0.0
201300052984,20,12,2013,4,5,75,112,2,1,2,7,AVENUE DE GRAVELLE,0.0,0.0
201300052985,20,12,2013,17,5,75,112,2,1,1,3,"88, RUE DE REUILLY",0.0,0.0
201300052986,21,12,2013,18,5,75,112,2,1,1,6,"1, RUE DU RENDEZ VOUS",0.0,0.0
201300052987,25,12,2013,2,5,75,112,2,1,1,7,AVENUE DE NOGENT,0.0,0.0
201300052988,27,12,2013,23,5,75,112,2,2,2,7,"1, RUE DE DIJON",0.0,0.0
201300052989,28,12,2013,1,5,75,112,2,7,2,3,PLACE DE LA NATION,0.0,0.0
201300052990,30,12,2013,16,5,75,112,2,7,2,6,ROUTE DE LA PYRAMIDE,0.0,0.0
201300052991,2,1,2013,8,1,75,113,2,5,1,3,"2, BOULEVARD KELLERMANN",0.0,0.0
201300052992,2,1,2013,14,1,75,113,2,7,1,2,"30, PLACE D ITALIE",0.0,0.0
201300052993,2,1,2013,19,1,75,113,2,7,1,3,PORTE D ITALIE,0.0,0.0
201300052994,3,1,2013,18,5,75,113,2,3,1,6,"104, AVENUE D ITALIE",0.0,0.0
201300052995,5,1,2013,8,1,75,113,2,2,1,3,"80, AVENUE D ITALIE",0.0,0.0
201300052996,5,1,2013,15,1,75,113,2,3,1,6,"37-39, RUE DES PEUPLIERS",0.0,0.0
201300052997,6,1,2013,18,5,75,113,2,5,1,7,BOULEVARD MASSENA,0.0,0.0
201300052998,8,1,2013,17,5,75,113,2,7,1,6,"1, PLACE PORT AU PRINCE",0.0,0.0
201300052999,9,1,2013,13,1,75,113,2,1,1,6,"72, AVENUE DES GOBELINS",0.0,0.0
201300053000,10,1,2013,15,1,75,113,2,2,2,6,"63, BOULEVARD KELLERMANN",0.0,0.0
201300053001,10,1,2013,18,5,75,113,2,1,2,2,"77, AVENUE D ITALIE",0.0,0.0
201300053002,10,1,2013,19,5,75,113,2,5,2,3,"8, BOULEVARD AUGUSTE BLA",0.0,0.0
201300053003,11,1,2013,11,1,75,113,2,2,1,6,"10, RUE DE TOLBIAC",0.0,0.0
201300053004,13,1,2013,18,5,75,113,2,5,3,6,"47, RUE DE TOLBIAC",0.0,0.0
201300053005,15,1,2013,6,5,75,113,2,5,1,3,BOULEVARD SAINT MARCEL,0.0,0.0
201300053006,15,1,2013,21,5,75,113,2,2,2,6,"36, RUE DU MOULIN DE LA",0.0,0.0
201300053007,16,1,2013,14,1,75,113,2,2,1,6,QUAI FRANCOIS MAURIAC,0.0,0.0
201300053008,16,1,2013,18,5,75,113,2,4,1,6,BOULEVARD MASSENA,0.0,0.0
201300053009,17,1,2013,15,1,75,113,2,5,1,3,"100, BOULEVARD AUGUSTE B",0.0,0.0
201300053010,17,1,2013,16,2,75,113,2,4,1,6,"42, RUE DES PEUPLIERS",0.0,0.0
201300053011,23,1,2013,13,1,75,113,2,1,1,2,"24, RUE HENRI PAPE",0.0,0.0
201300053012,23,1,2013,18,5,75,113,2,3,9,6,RUE JEANNE D ARC,0.0,0.0
201300053013,25,1,2013,9,1,75,113,2,1,1,3,"91, RUE BARRAULT",0.0,0.0
201300053014,28,1,2013,8,1,75,113,2,3,1,3,"61, BOULEVARD VINCENT AU",0.0,0.0
201300053015,28,1,2013,8,1,75,113,2,1,1,4,"135, AVENUE D ITALIE",0.0,0.0
201300053016,29,1,2013,16,1,75,113,2,3,2,2,"61, BOULEVARD VINCENT AU",0.0,0.0
201300053017,30,1,2013,16,1,75,113,2,2,1,6,"161, RUE DE TOLBIAC",0.0,0.0
201300053018,31,1,2013,7,2,75,113,2,2,1,6,"140, RUE DE TOLBIAC",0.0,0.0
201300053019,31,1,2013,19,5,75,113,2,5,1,7,"65, RUE DE L AMIRAL MOUC",0.0,0.0
201300053020,1,2,2013,7,5,75,113,2,1,2,6,"68, BOULEVARD ARAGO",0.0,0.0
201300053021,1,2,2013,10,1,75,113,2,1,2,6,"169, BOULEVARD DE L HOPI",0.0,0.0
201300053022,2,2,2013,19,5,75,113,2,2,2,6,RUE REGNAULT,0.0,0.0
201300053023,3,2,2013,13,1,75,113,2,1,1,3,"110, RUE JEANNE D ARC",0.0,0.0
201300053024,4,2,2013,13,1,75,113,2,1,8,6,"26, RUE REGNAULT",0.0,0.0
201300053025,4,2,2013,14,1,75,113,2,3,1,6,"7 bis, BOULEVARD DE L HO",0.0,0.0
201300053026,5,2,2013,8,1,75,113,2,1,1,3,"35, RUE LOUISE WEISS",0.0,0.0
201300053027,5,2,2013,12,1,75,113,2,5,1,6,"28, RUE DU DESSOUS DES B",0.0,0.0
201300053028,6,2,2013,9,1,75,113,2,7,2,6,"01, BOULEVARD DE L HOPIT",0.0,0.0
201300053029,7,2,2013,8,1,75,113,2,1,1,6,"55, RUE BAUDRICOURT",0.0,0.0
201300053030,7,2,2013,19,5,75,113,2,2,1,1,RUE DE LA POTERNE DES PE,0.0,0.0
201300053031,8,2,2013,13,1,75,113,2,2,1,6,BOULEVARD DE L HOPITAL,0.0,0.0
201300053032,9,2,2013,7,5,75,113,2,1,2,6,"36, QUAI D AUSTERLITZ",0.0,0.0
201300053033,10,2,2013,0,5,75,113,2,1,1,7,"100, BOULEVARD MASSENA",0.0,0.0
201300053034,11,2,2013,17,1,75,113,2,1,1,6,"117, RUE DU CHEVALERET",0.0,0.0
201300053035,13,2,2013,17,1,75,113,2,4,1,6,"27, AVENUE DE LA PORTE D",0.0,0.0
201300053036,13,2,2013,18,5,75,113,2,2,1,6,"6, RUE DE LA POTERNE DES",0.0,0.0
201300053037,14,2,2013,10,1,75,113,2,1,2,2,"73, BOULEVARD MASSENA",0.0,0.0
201300053038,15,2,2013,13,1,75,113,2,5,1,3,"163, AVENUE D ITALIE",0.0,0.0
201300053039,16,2,2013,2,5,75,113,2,1,1,5,"9, BOULEVARD DE L HOPITA",0.0,0.0
201300053040,16,2,2013,21,5,75,113,2,1,1,6,"64, AVENUE DES GOBELINS",0.0,0.0
201300053041,17,2,2013,6,5,75,113,2,1,1,6,"50, AVENUE PIERRE MENDES",0.0,0.0
201300053042,18,2,2013,21,5,75,113,2,3,1,6,BOULEVARD KELLERMANN,0.0,0.0
201300053043,22,2,2013,10,1,75,113,2,1,1,2,"42, RUE PASCAL",0.0,0.0
201300053044,23,2,2013,17,1,75,113,2,1,4,2,"137, AVENUE DE CHOISY",0.0,0.0
201300053045,23,2,2013,16,1,75,113,2,1,4,1,"114, BOULEVARD DE L HOPI",0.0,0.0
201300053046,23,2,2013,23,5,75,113,2,1,4,7,"185, BOULEVARD VINCENT A",0.0,0.0
201300053047,24,2,2013,20,5,75,113,2,3,4,1,"100, AVENUE D ITALIE",0.0,0.0
201300053048,26,2,2013,13,1,75,113,2,2,1,2,"7, BOULEVARD MASSENA",0.0,0.0
201300053049,27,2,2013,11,1,75,113,2,3,1,3,"12, RUE NEUVE TOLBIAC",0.0,0.0
201300053050,27,2,2013,16,1,75,113,2,1,1,6,"33, RUE VERGNIAUD",0.0,0.0
201300053051,1,3,2013,21,5,75,113,2,1,1,3,BOULEVARD PERIPHERIQUE,0.0,0.0
201300053052,3,3,2013,10,1,75,113,2,7,1,3,"3, PLACE D ITALIE",0.0,0.0
201300053053,8,3,2013,13,1,75,113,2,1,2,6,"90, RUE DE TOLBIAC",0.0,0.0
201300053054,15,3,2013,17,1,75,113,2,2,1,6,"81, BOULEVARD VINCENT AU",0.0,0.0
201300053055,17,3,2013,12,1,75,113,2,4,1,6,"52, BOULEVARD AUGUSTE BL",0.0,0.0
201300053056,19,3,2013,15,1,75,113,2,1,1,7,"120, BOULEVARD VINCENT A",0.0,0.0
201300053057,23,3,2013,13,1,75,113,2,1,8,7,BOULEVARD PERIPHERIQUE,0.0,0.0
201300053058,24,3,2013,15,1,75,113,2,1,1,2,"1, RUE DE LA FONTAINE A",0.0,0.0
201300053059,25,3,2013,9,1,75,113,2,3,1,2,QUAI FRANCOIS MAURIAC,0.0,0.0
201300053060,25,3,2013,16,1,75,113,2,2,1,6,BOULEVARD SAINT MARCEL,0.0,0.0
201300053061,28,3,2013,15,1,75,113,2,5,1,6,QUAI D AUSTERLITZ,0.0,0.0
201300053062,29,3,2013,12,1,75,113,2,1,1,6,"3, BOULEVARD SAINT MARCE",0.0,0.0
201300053063,30,3,2013,14,1,75,113,2,1,1,2,"88, RUE JEANNE D ARC",0.0,0.0
201300053064,2,4,2013,1,5,75,113,2,1,1,6,BOULEVARD PERIPHERIQUE,0.0,0.0
201300053065,6,4,2013,3,5,75,113,2,2,1,6,QUAI D IVRY,0.0,0.0
201300053066,6,4,2013,11,1,75,113,2,2,1,6,"55, AVENUE D ITALIE",0.0,0.0
201300053067,7,4,2013,0,5,75,113,2,1,1,2,"38, BOULEVARD VINCENT AU",0.0,0.0
201300053068,7,4,2013,3,5,75,113,2,1,1,6,QUAI D AUSTERLITZ,0.0,0.0