Num_Acc,jour,mois,an,hr,condition_eclairage,departement,commune,condition_agglomeration,intersection,condition_atmosphere,type_collision,adresse,lattitude,longitude
201300053069,9,4,2013,10,1,75,113,2,1,1,6,"207, AVENUE DE CHOISY",0.0,0.0
201300053070,9,4,2013,11,1,75,113,2,1,2,6,"15, RUE RENE GOSCINNY",0.0,0.0
201300053071,11,4,2013,16,1,75,113,2,5,2,6,PLACE COLUCHE,0.0,0.0
201300053072,12,4,2013,15,1,75,113,2,4,3,3,"2, RUE JEAN BAPTISTE BER",0.0,0.0
201300053073,12,4,2013,15,1,75,113,2,2,2,3,AVENUE DE LA PORTE D ITA,0.0,0.0
201300053074,13,4,2013,19,1,75,113,2,1,3,6,"60, RUE JEANNE D ARC",0.0,0.0
201300053075,16,4,2013,9,1,75,113,2,5,1,6,AVENUE DE LA PORTE D ITA,0.0,0.0
201300053076,16,4,2013,16,1,75,113,2,1,1,7,"24, RUE HENRI PAPE",0.0,0.0
201300053077,17,4,2013,20,5,75,113,2,1,1,3,"., PORTE D IVRY",0.0,0.0
201300053078,18,4,2013,11,1,75,113,2,1,1,2,"116, BOULEVARD DE L HOPI",0.0,0.0
201300053079,18,4,2013,16,1,75,113,2,2,1,1,"01, QUAI FRANCOIS MAURIA",0.0,0.0
201300053080,19,4,2013,5,5,75,113,2,2,1,6,"66, AVENUE DES GOBELINS",0.0,0.0
201300053081,19,4,2013,7,1,75,113,2,2,1,6,"42, BOULEVARD MASSENA",0.0,0.0
201300053082,19,4,2013,17,1,75,113,2,5,1,3,"87, QUAI DE LA GARE",0.0,0.0
201300053083,21,4,2013,22,5,75,113,2,5,1,3,"90, BOULEVARD VINCENT AU",0.0,0.0
201300053084,22,4,2013,17,1,75,113,2,1,1,3,"85, RUE BOBILLOT",0.0,0.0
201300053085,25,4,2013,23,5,75,113,2,1,1,6,"14, RUE DU VAL DE MARNE",0.0,0.0
201300053086,26,4,2013,15,1,75,113,2,4,8,3,"39, RUE BRUNESEAU",0.0,0.0
201300053087,28,4,2013,10,1,75,113,2,3,1,6,"73, AVENUE D ITALIE",0.0,0.0
201300053088,30,4,2013,8,1,75,113,2,2,1,6,AVENUE DE LA PORTE D IVR,0.0,0.0
201300053089,1,5,2013,16,1,75,113,2,4,3,6,"33, RUE DES PEUPLIERS",0.0,0.0
201300053090,5,5,2013,13,1,75,113,2,3,1,3,RUE JACQUES DESTREE,0.0,0.0
201300053091,7,5,2013,15,1,75,113,2,1,1,6,"43, BOULEVARD VINCENT AU",0.0,0.0
201300053092,8,5,2013,22,5,75,113,2,2,1,3,RUE DE TOLBIAC,0.0,0.0
201300053093,12,5,2013,6,1,75,113,2,2,1,6,"1, AVENUE DE LA PORTE DE",0.0,0.0
201300053094,14,5,2013,17,1,75,113,2,2,1,6,"41, RUE DU MOULIN DE LA",0.0,0.0
201300053095,15,5,2013,9,1,75,113,2,2,1,3,"46, BOULEVARD ARAGO",0.0,0.0
201300053096,15,5,2013,12,1,75,113,2,1,1,3,"83, BOULEVARD DE L HOPIT",0.0,0.0
201300053097,16,5,2013,10,1,75,113,2,5,1,3,"2, RUE JENNER",0.0,0.0
201300053098,18,5,2013,11,1,75,113,2,2,1,3,"13, AVENUE DE LA PORTE D",0.0,0.0
201300053099,19,5,2013,20,2,75,113,2,1,3,6,"25, RUE EMILE DURKHEIM",0.0,0.0
201300053100,21,5,2013,1,5,75,113,2,1,2,6,"164, RUE DU CHATEAU DES",0.0,0.0
201300053101,21,5,2013,12,1,75,113,2,4,2,6,"20, AVENUE D IVRY",0.0,0.0
201300053102,22,5,2013,8,1,75,113,2,2,1,7,"32, RUE DE TOLBIAC",0.0,0.0
201300053103,21,5,2013,16,1,75,113,2,4,8,2,"134, RUE DE TOLBIAC",0.0,0.0
201300053104,23,5,2013,19,1,75,113,2,3,2,6,"33, AVENUE DE CHOISY",0.0,0.0
201300053105,29,5,2013,2,5,75,113,2,5,1,3,"5, RUE DU CHEVALERET",0.0,0.0
201300053106,29,5,2013,18,1,75,113,2,2,1,3,"46, AVENUE DE LA PORTE D",0.0,0.0
201300053107,30,5,2013,12,1,75,113,2,3,2,7,"154, RUE DE TOLBIAC",0.0,0.0
201300053108,30,5,2013,20,1,75,113,2,2,2,6,"66, AVENUE DES GOBELINS",0.0,0.0
201300053109,1,6,2013,19,1,75,113,2,2,1,3,"39, AVENUE DES GOBELINS",0.0,0.0
201300053110,3,6,2013,9,1,75,113,2,2,1,3,RUE PRIMO LEVI,0.0,0.0
201300053111,4,6,2013,13,1,75,113,2,2,1,3,BOULEVARD VINCENT AURIOL,0.0,0.0
201300053112,5,6,2013,18,1,75,113,2,1,1,2,"67, RUE PASCAL",0.0,0.0
201300053113,7,6,2013,2,5,75,106,2,3,1,2,"86, RUE DE RENNES",0.0,0.0
201300053114,7,6,2013,14,1,75,113,2,7,1,6,"12 bis, PLACE D ITALIE",0.0,0.0
201300053115,8,6,2013,8,1,75,113,2,5,1,6,"80, BOULEVARD VINCENT AU",0.0,0.0
201300053116,8,6,2013,16,1,75,113,2,2,1,6,"82, AVENUE D IVRY",0.0,0.0
201300053117,8,6,2013,20,2,75,113,2,5,8,6,"98, RUE DE TOLBIAC",0.0,0.0
201300053118,8,6,2013,21,2,75,113,2,3,3,7,"81, AVENUE D IVRY",0.0,0.0
201300053119,11,6,2013,8,1,75,113,2,1,1,3,"19, RUE VERGNIAUD",0.0,0.0
201300053120,11,6,2013,21,2,75,113,2,7,1,3,"30, PLACE D ITALIE",0.0,0.0
201300053121,12,6,2013,16,1,75,113,2,1,1,6,"107, BOULEVARD MASSENA",0.0,0.0
201300053122,12,6,2013,18,1,75,113,2,3,1,3,"22, BOULEVARD VINCENT AU",0.0,0.0
201300053123,16,6,2013,15,1,75,113,2,2,1,4,AVENUE D ITALIE,0.0,0.0
201300053124,17,6,2013,8,1,75,113,2,7,1,2,"1, AVENUE DE LA PORTE D",0.0,0.0
201300053125,17,6,2013,14,1,75,113,2,1,1,1,"7bis, RUE ABEL HOVELACQU",0.0,0.0
201300053126,18,6,2013,23,5,75,113,2,1,1,4,"42, AVENUE DES GOBELINS",0.0,0.0
201300053127,19,6,2013,18,1,75,113,2,1,3,6,"33, AVENUE DE LA PORTE D",0.0,0.0
201300053128,20,6,2013,5,2,75,113,2,2,3,3,"1, RUE DE LA POTERNE DES",0.0,0.0
201300053129,21,6,2013,13,1,75,113,2,2,1,2,QUAI D AUSTERLITZ,0.0,0.0
201300053130,21,6,2013,21,3,75,113,2,3,1,1,QUAI PANHARD ET LEVASSOR,0.0,0.0
201300053131,22,6,2013,2,5,75,113,2,5,1,2,"98, RUE DE TOLBIAC",0.0,0.0
201300053132,22,6,2013,18,1,75,113,2,3,1,3,"83, AVENUE D ITALIE",0.0,0.0
201300053133,23,6,2013,12,1,75,113,2,2,1,6,"205, RUE DE TOLBIAC",0.0,0.0
201300053134,25,6,2013,12,1,75,113,2,5,1,2,"2, AVENUE DE LA PORTE D",0.0,0.0
201300053135,26,6,2013,13,1,75,113,2,3,1,1,"101, RUE DE TOLBIAC",0.0,0.0
201300053136,27,6,2013,12,1,75,113,2,2,1,2,"30, RUE NEUVE TOLBIAC",0.0,0.0
201300053137,28,6,2013,11,1,75,113,2,2,8,6,"185, BOULEVARD VINCENT A",0.0,0.0
201300053138,29,6,2013,15,1,75,113,2,1,1,2,"32, PLACE JEANNE D ARC",0.0,0.0
201300053139,30,6,2013,13,1,75,113,2,2,1,6,"78-80, RUE DE TOLBIAC",0.0,0.0
201300053140,30,6,2013,17,1,75,113,2,3,1,2,AVENUE DE LA PORTE D IVR,0.0,0.0
201300053141,2,7,2013,13,1,75,113,2,2,1,2,AVENUE PIERRE DE COUBERT,0.0,0.0
201300053142,3,7,2013,14,1,75,113,2,2,1,6,"1-7, RUE OLIVIER MESSIAE",0.0,0.0
201300053143,3,7,2013,14,1,75,113,2,1,1,3,"135, AVENUE DE CHOISY",0.0,0.0
201300053144,4,7,2013,8,1,75,113,2,3,1,3,"03, RUE MICHAL",0.0,0.0
201300053145,4,7,2013,16,1,75,113,2,2,1,3,"18, BOULEVARD AUGUSTE BL",0.0,0.0
201300053146,5,7,2013,7,1,75,113,2,2,1,2,"213, RUE DE TOLBIAC",0.0,0.0
201300053147,5,7,2013,13,1,75,113,2,3,1,3,"42, RUE DES PEUPLIERS",0.0,0.0
201300053148,5,7,2013,19,1,75,113,2,3,1,3,"18, QUAI D AUSTERLITZ",0.0,0.0
201300053149,6,7,2013,18,1,75,113,2,3,1,6,"52, AVENUE D ITALIE",0.0,0.0
201300053150,8,7,2013,22,5,75,113,2,1,1,6,"14, RUE PHILIBERT LUCOT",0.0,0.0
201300053151,8,7,2013,17,1,75,113,2,1,1,6,"18, QUAI D AUSTERLITZ",0.0,0.0
201300053152,9,7,2013,10,1,75,113,2,1,1,6,"41, RUE JENNER",0.0,0.0
201300053153,9,7,2013,16,1,75,113,2,2,1,3,"107, RUE REGNAULT",0.0,0.0
201300053154,10,7,2013,17,1,75,113,2,4,1,6,"1, RUE EUGENE OUDINE",0.0,0.0
201300053155,10,7,2013,23,5,75,113,2,4,1,6,QUAI D IVRY,0.0,0.0
201300053156,11,7,2013,7,1,75,113,2,2,1,6,AVENUE D ITALIE,0.0,0.0
201300053157,13,7,2013,7,1,75,113,2,2,1,7,"113, BOULEVARD MASSENA",0.0,0.0
201300053158,14,7,2013,18,1,75,113,2,5,1,3,"12, BOULEVARD MASSENA",0.0,0.0
201300053159,15,7,2013,10,1,75,113,2,2,1,6,PONT DE TOLBIAC,0.0,0.0
201300053160,15,7,2013,16,1,75,113,2,3,1,3,QUAI PANHARD ET LEVASSOR,0.0,0.0
201300053161,15,7,2013,17,1,75,113,2,1,1,3,"10, RUE JEAN BAPTISTE BE",0.0,0.0
201300053162,15,7,2013,17,1,75,113,2,4,1,3,"134, RUE DE TOLBIAC",0.0,0.0
201300053163,17,7,2013,0,5,75,113,2,1,1,6,"21, QUAI D AUSTERLITZ",0.0,0.0
201300053164,20,7,2013,2,5,75,113,2,1,1,6,"24, QUAI D AUSTERLITZ",0.0,0.0
201300053165,20,7,2013,11,1,75,113,2,3,1,6,"23, AVENUE D ITALIE",0.0,0.0
201300053166,20,7,2013,13,1,75,113,2,1,1,6,"44, AVENUE DE LA PORTE D",0.0,0.0
201300053167,21,7,2013,3,5,75,113,2,1,1,6,"26, QUAI D AUSTERLITZ",0.0,0.0
201300053168,23,7,2013,18,1,75,113,2,1,1,2,"108, RUE DE TOLBIAC",0.0,0.0
201300053169,24,7,2013,20,1,75,113,2,2,1,6,"99, BOULEVARD AUGUSTE BL",0.0,0.0
201300053170,27,7,2013,13,1,75,113,2,1,1,7,"30, AVENUE D ITALIE",0.0,0.0
201300053171,29,7,2013,12,1,75,113,2,5,1,4,"1, ESPLANADE LEO HAMON",0.0,0.0
201300053172,29,7,2013,22,5,75,113,2,5,1,3,AVENUE DE LA PORTE D ITA,0.0,0.0
201300053173,30,7,2013,19,1,75,113,2,1,1,3,"11, RUE DE L ESPERANCE",0.0,0.0
201300053174,31,7,2013,13,1,75,113,2,2,1,6,AVENUE DE LA PORTE D IVR,0.0,0.0
201300053175,31,7,2013,16,1,75,113,2,5,1,2,QUAI D IVRY,0.0,0.0
201300053176,2,8,2013,8,1,75,113,2,5,1,3,QUAI D AUSTERLITZ,0.0,0.0
201300053177,2,8,2013,20,1,75,113,2,5,1,2,RUE DE TOLBIAC,0.0,0.0
201300053178,4,8,2013,6,2,75,113,2,1,1,3,"40, BOULEVARD AUGUSTE BL",0.0,0.0
201300053179,4,8,2013,18,1,75,113,2,1,1,6,"94, BOULEVARD AUGUSTE BL",0.0,0.0
201300053180,6,8,2013,9,1,75,113,2,1,1,3,"5, RUE DE TOLBIAC",0.0,0.0
201300053181,7,8,2013,7,1,75,113,2,7,3,3,"1, PLACE VALHUBERT",0.0,0.0
201300053182,9,8,2013,21,5,75,113,2,3,1,3,"199, AVENUE DE CHOISY",0.0,0.0
201300053183,11,8,2013,19,2,75,113,2,5,1,7,"63, BOULEVARD KELLERMANN",0.0,0.0
201300053184,13,8,2013,7,1,75,113,2,4,1,3,"83, BOULEVARD DE L HOPIT",0.0,0.0
201300053185,14,8,2013,20,1,75,113,2,3,1,6,PONT CHARLES DE GAULLE,0.0,0.0
201300053186,18,8,2013,20,2,75,113,2,1,2,6,"100, RUE DU CHATEAU DES",0.0,0.0
201300053187,19,8,2013,15,1,75,113,2,2,1,3,BOULEVARD MASSENA,0.0,0.0
201300053188,20,8,2013,13,1,75,113,2,2,1,7,"93, AVENUE D IVRY",0.0,0.0
201300053189,20,8,2013,14,1,75,113,2,5,1,7,"135, RUE DE TOLBIAC",0.0,0.0
201300053190,23,8,2013,5,2,75,113,2,3,1,6,BOULEVARD AUGUSTE BLANQU,0.0,0.0
201300053191,24,8,2013,17,1,75,113,2,1,1,6,"15, RUE VERGNIAUD",0.0,0.0
201300053192,25,8,2013,15,1,75,113,2,3,2,2,QUAI FRANCOIS MAURIAC,0.0,0.0
201300053193,25,8,2013,21,5,75,113,2,3,1,1,AVENUE DE LA SOEUR ROSAL,0.0,0.0
201300053194,27,8,2013,16,1,75,113,2,1,1,6,"75, AVENUE D IVRY",0.0,0.0
201300053195,29,8,2013,19,1,75,113,2,1,1,3,"40, BOULEVARD AUGUSTE BL",0.0,0.0
201300053196,30,8,2013,13,1,75,113,2,5,1,3,"111, RUE DE TOLBIAC",0.0,0.0
201300053197,3,9,2013,10,1,75,113,2,2,1,6,"69, AVENUE DES GOBELINS",0.0,0.0
201300053198,6,9,2013,8,1,75,105,2,2,2,3,"21, BOULEVARD SAINT MICH",0.0,0.0
201300053199,6,9,2013,17,1,75,113,2,3,1,6,"29, BOULEVARD MASSENA",0.0,0.0
201300053200,8,9,2013,19,1,75,113,2,2,1,1,RUE JEANNE D ARC,0.0,0.0
201300053201,10,9,2013,8,1,75,113,2,1,1,6,"134, BOULEVARD MASSENA",0.0,0.0
201300053202,9,9,2013,20,2,75,113,2,5,2,6,"3, RUE NATIONALE",0.0,0.0
201300053203,10,9,2013,23,5,75,113,2,2,1,7,"39, RUE DE L ESPERANCE",0.0,0.0
201300053204,12,9,2013,7,1,75,113,2,1,2,7,"208, RUE DE TOLBIAC",0.0,0.0
201300053205,12,9,2013,13,1,75,113,2,2,1,7,"21, RUE NEUVE TOLBIAC",0.0,0.0
201300053206,13,9,2013,11,1,75,113,2,1,2,3,"20, AVENUE D IVRY",0.0,0.0
201300053207,13,9,2013,16,1,75,113,2,2,2,6,"132, BOULEVARD VINCENT A",0.0,0.0
201300053208,13,9,2013,16,1,75,113,2,7,1,3,"S-8791, PLACE D ITALIE",0.0,0.0
201300053209,13,9,2013,17,1,75,113,2,3,2,6,"21, QUAI D AUSTERLITZ",0.0,0.0
201300053210,14,9,2013,7,5,75,113,2,3,2,6,"33, BOULEVARD KELLERMANN",0.0,0.0
201300053211,14,9,2013,23,5,75,113,2,1,3,3,"47, QUAI D AUSTERLITZ",0.0,0.0
201300053212,15,9,2013,16,1,75,113,2,2,1,3,"25-27, BOULEVARD ARAGO",0.0,0.0
201300053213,16,9,2013,8,1,75,113,2,2,1,7,"34, RUE DE LA GLACIERE",0.0,0.0
201300053214,16,9,2013,18,1,75,113,2,1,2,3,"63, BOULEVARD KELLERMANN",0.0,0.0
201300053215,19,9,2013,14,1,75,113,2,2,1,1,"14, RUE MAX JACOB",0.0,0.0
201300053216,20,9,2013,6,5,75,113,2,2,1,3,"9, RUE DE TOLBIAC",0.0,0.0
201300053217,20,9,2013,14,1,75,113,2,1,1,3,"83, BOULEVARD DE L HOPIT",0.0,0.0
201300053218,20,9,2013,16,1,75,113,2,3,1,3,"59, RUE DE L AMIRAL MOUC",0.0,0.0
201300053219,20,9,2013,22,5,75,113,2,1,1,7,"122, RUE DE TOLBIAC",0.0,0.0
201300053220,22,9,2013,17,1,75,113,2,1,1,3,"134, AVENUE D ITALIE",0.0,0.0
201300053221,23,9,2013,9,1,75,113,2,3,1,6,"110, AVENUE D ITALIE",0.0,0.0
201300053222,24,9,2013,9,1,75,113,2,5,1,3,"1, AVENUE PIERRE MENDES",0.0,0.0
201300053223,25,9,2013,9,1,75,113,2,2,1,2,"55, AVENUE D ITALIE",0.0,0.0
201300053224,25,9,2013,13,1,75,113,2,1,1,6,"100, RUE DE LA GLACIERE",0.0,0.0
201300053225,25,9,2013,14,1,75,113,2,1,1,2,"93, RUE JEANNE D ARC",0.0,0.0
201300053226,25,9,2013,13,1,75,113,2,3,1,6,RUE DE PATAY,0.0,0.0
201300053227,25,9,2013,18,1,75,113,2,3,1,1,QUAI FRANCOIS MAURIAC,0.0,0.0
201300053228,26,9,2013,14,1,75,113,2,3,1,2,RUE CHARLES LEROY,0.0,0.0
201300053229,27,9,2013,12,1,75,113,2,5,1,6,"43, BOULEVARD SAINT MARC",0.0,0.0
201300053230,27,9,2013,14,1,75,113,2,4,1,6,"14, RUE DE LA MAISON BLA",0.0,0.0
201300053231,28,9,2013,0,5,75,113,2,2,1,1,RUE DE TOLBIAC,0.0,0.0
201300053232,28,9,2013,4,5,75,113,2,2,2,6,"86, AVENUE D ITALIE",0.0,0.0
201300053233,29,9,2013,5,5,75,113,2,2,2,7,BOULEVARD MASSENA,0.0,0.0
201300053234,30,9,2013,10,1,75,113,2,3,1,2,"1, AVENUE DE LA PORTE DE",0.0,0.0
201300053235,1,10,2013,15,1,75,113,2,3,1,6,"22, BOULEVARD VINCENT AU",0.0,0.0
201300053236,2,10,2013,20,5,75,113,2,2,1,2,"61, AVENUE D ITALIE",0.0,0.0
201300053237,3,10,2013,7,1,75,113,2,2,1,1,"64, RUE DE TOLBIAC",0.0,0.0
201300053238,3,10,2013,13,1,75,113,2,7,1,3,PLACE D ITALIE,0.0,0.0
201300053239,3,10,2013,14,1,75,113,2,1,1,2,"28, AVENUE DES GOBELINS",0.0,0.0
201300053240,4,10,2013,7,2,75,113,2,4,1,6,"61, RUE DE LA GLACIERE",0.0,0.0
201300053241,4,10,2013,12,1,75,113,2,3,1,6,"55, RUE DE TOLBIAC",0.0,0.0
201300053242,4,10,2013,22,5,75,113,2,1,1,7,BOULEVARD PERIPHERIQUE,0.0,0.0
201300053243,6,10,2013,23,5,75,113,2,2,1,6,"0, AVENUE PIERRE DE COUB",0.0,0.0
201300053244,7,10,2013,8,1,75,113,2,2,1,1,"115, AVENUE DE FRANCE",0.0,0.0
201300053245,7,10,2013,20,5,75,113,2,2,1,6,"1, BOULEVARD VINCENT AUR",0.0,0.0
201300053246,7,10,2013,22,5,75,113,2,2,1,6,BOULEVARD MASSENA,0.0,0.0
201300053247,9,10,2013,23,5,75,113,2,7,1,3,"1, PLACE VALHUBERT",0.0,0.0
201300053248,10,10,2013,12,1,75,113,2,1,1,6,BOULEVARD MASSENA,0.0,0.0
201300053249,10,10,2013,12,1,75,113,2,1,2,3,"5 bis, AVENUE D ITALIE",0.0,0.0
201300053250,11,10,2013,7,1,75,113,2,1,2,6,"25, QUAI PANHARD ET LEVA",0.0,0.0
201300053251,11,10,2013,11,1,75,113,2,2,3,2,"115, BOULEVARD VINCENT A",0.0,0.0
201300053252,11,10,2013,16,1,75,113,2,5,1,3,BOULEVARD MASSENA,0.0,0.0
201300053253,12,10,2013,1,5,75,113,2,1,2,6,BOULEVARD AUGUSTE BLANQU,0.0,0.0
201300053254,12,10,2013,15,1,75,113,2,3,1,3,"178 bis, AVENUE D ITALIE",0.0,0.0
201300053255,14,10,2013,3,5,75,113,2,3,1,6,"56, BOULEVARD AUGUSTE BL",0.0,0.0
201300053256,15,10,2013,20,5,75,113,2,1,1,6,"12, BOULEVARD ARAGO",0.0,0.0
201300053257,15,10,2013,21,5,75,113,2,1,1,7,BOULEVARD PERIPHERIQUE I,0.0,0.0
201300053258,18,10,2013,9,1,75,113,2,1,1,7,"21, AVENUE DE LA PORTE D",0.0,0.0
201300053259,19,10,2013,18,5,75,113,2,4,1,2,"1, RUE CHARLES LEROY",0.0,0.0
201300053260,20,10,2013,23,5,75,113,2,3,1,7,"56, BOULEVARD AUGUSTE BL",0.0,0.0
201300053261,21,10,2013,16,2,75,113,2,1,1,6,"77, AVENUE D ITALIE",0.0,0.0
201300053262,22,10,2013,8,1,75,113,2,2,1,3,"48, BOULEVARD ARAGO",0.0,0.0
201300053263,22,10,2013,11,1,75,113,2,2,1,3,BOULEVARD MASSENA,0.0,0.0
201300053264,22,10,2013,16,1,75,113,2,2,1,3,"77, RUE BOBILLOT",0.0,0.0
201300053265,9,10,2013,11,1,75,113,2,1,1,3,"66, BOULEVARD DE L HOPIT",0.0,0.0
201300053266,25,10,2013,13,1,75,113,2,2,1,3,"1, RUE NEUVE TOLBIAC",0.0,0.0
201300053267,25,10,2013,19,5,75,113,2,1,2,6,BOULEVARD DE L HOPITAL,0.0,0.0
201300053268,25,10,2013,19,5,75,113,2,3,2,6,"174, AVENUE DE FRANCE",0.0,0.0
201300053269,26,10,2013,17,1,75,113,2,2,2,1,"160, RUE DE TOLBIAC",0.0,0.0
201300053270,28,10,2013,9,1,75,113,2,1,1,6,"166, RUE DE TOLBIAC",0.0,0.0
201300053271,30,10,2013,8,1,75,113,2,1,1,2,"32, AVENUE DES GOBELINS",0.0,0.0
201300053272,30,10,2013,12,1,75,113,2,1,1,2,"99-101, AVENUE D IVRY",0.0,0.0
201300053273,30,10,2013,20,5,75,113,2,7,1,3,"30, PLACE D ITALIE",0.0,0.0
201300053274,31,10,2013,8,1,75,113,2,1,1,7,"20, BOULEVARD MASSENA",0.0,0.0
201300053275,31,10,2013,14,1,75,113,2,2,1,3,"34, AVENUE DES GOBELINS",0.0,0.0
201300053276,31,10,2013,14,1,75,113,2,2,1,6,"55, RUE BARRAULT",0.0,0.0
201300053277,1,11,2013,2,5,75,113,2,2,2,6,"5, BOULEVARD DE L HOPITA",0.0,0.0
201300053278,1,11,2013,13,1,75,113,2,2,2,3,"213, RUE DE TOLBIAC",0.0,0.0
201300053279,1,11,2013,17,5,75,113,2,7,2,6,"1, RUE LACHELIER",0.0,0.0
201300053280,2,11,2013,8,1,75,113,2,3,2,3,"74, RUE JEANNE D ARC",0.0,0.0
201300053281,4,11,2013,6,5,75,113,2,1,2,7,"83, BOULEVARD DE L HOPIT",0.0,0.0
201300053282,5,11,2013,8,1,75,113,2,1,2,6,"40, RUE VERGNIAUD",0.0,0.0
201300053283,5,11,2013,15,1,75,113,2,3,2,7,"57, AVENUE DES GOBELINS",0.0,0.0
201300053284,5,11,2013,18,5,75,113,2,4,1,6,BOULEVARD PERIPHERIQUE,0.0,0.0
201300053285,6,11,2013,8,1,75,113,2,5,1,3,"2, RUE DE LA BUTTE AUX C",0.0,0.0
201300053286,6,11,2013,8,1,75,113,2,1,1,3,"16, BOULEVARD KELLERMANN",0.0,0.0
201300053287,8,11,2013,9,1,75,113,2,2,2,6,"156, AVENUE D ITALIE",0.0,0.0
201300053288,9,11,2013,11,1,75,113,2,1,1,6,"19, RUE CHARCOT",0.0,0.0
201300053289,9,11,2013,15,1,75,113,2,2,2,7,"56, BOULEVARD KELLERMANN",0.0,0.0
201300053290,9,11,2013,18,5,75,113,2,4,3,6,"14, RUE DE LA MAISON BLA",0.0,0.0
201300053291,10,11,2013,3,5,75,113,2,3,3,6,"50, AVENUE PIERRE MENDES",0.0,0.0
201300053292,12,11,2013,21,5,75,113,2,1,2,6,"4, BOULEVARD VINCENT AUR",0.0,0.0
201300053293,13,11,2013,10,1,75,113,2,1,1,2,"40, BOULEVARD ARAGO",0.0,0.0
201300053294,13,11,2013,14,1,75,113,2,3,1,2,BOULEVARD KELLERMANN,0.0,0.0
201300053295,13,11,2013,15,1,75,113,2,1,1,3,"21, AVENUE PIERRE DE COU",0.0,0.0
201300053296,14,11,2013,16,1,75,113,2,3,1,3,"106, RUE NATIONALE",0.0,0.0
201300053297,14,11,2013,18,5,75,113,2,1,2,7,BOULEVARD PERIPHERIQUE,0.0,0.0
201300053298,15,11,2013,15,1,75,113,2,3,1,6,"61, AVENUE DE CHOISY",0.0,0.0
201300053299,16,11,2013,14,1,75,113,2,2,1,2,"2, RUE VERGNIAUD",0.0,0.0
201300053300,17,11,2013,10,1,75,113,2,1,1,7,"15, RUE BARRAULT",0.0,0.0
201300053301,17,11,2013,20,5,75,113,2,1,1,6,"42, RUE DE TOLBIAC",0.0,0.0
201300053302,19,11,2013,10,1,75,113,2,2,1,3,"77, RUE BOBILLOT",0.0,0.0
201300053303,20,11,2013,13,1,75,113,2,1,1,6,"6, BOULEVARD AUGUSTE BLA",0.0,0.0
201300053304,20,11,2013,17,3,75,113,2,5,2,6,BOULEVARD MASSENA,0.0,0.0
201300053305,21,11,2013,6,5,75,113,2,3,2,2,"21, QUAI D AUSTERLITZ",0.0,0.0
201300053306,21,11,2013,8,1,75,113,2,2,1,3,"123, AVENUE DE CHOISY",0.0,0.0
201300053307,23,11,2013,17,5,75,113,2,2,1,2,"75, BOULEVARD MASSENA",0.0,0.0
201300053308,25,11,2013,19,5,75,113,2,2,1,2,"2, BOULEVARD VINCENT AUR",0.0,0.0
201300053309,27,11,2013,14,1,75,113,2,2,1,7,"233, RUE DE TOLBIAC",0.0,0.0
201300053310,28,11,2013,15,1,75,113,2,3,1,6,"5, BOULEVARD DE L HOPITA",0.0,0.0
201300053311,28,11,2013,17,2,75,113,2,1,8,4,"23, QUAI D AUSTERLITZ",0.0,0.0
201300053312,29,11,2013,17,5,75,113,2,2,2,6,BOULEVARD DU GENERAL JEA,0.0,0.0
201300053313,30,11,2013,17,2,75,113,2,2,8,6,"98, BOULEVARD DE L HOPIT",0.0,0.0
201300053314,1,12,2013,16,1,75,113,2,4,1,3,PORTE D ITALIE,0.0,0.0
201300053315,3,12,2013,8,1,75,113,2,2,1,6,"173, RUE DE TOLBIAC",0.0,0.0
201300053316,3,12,2013,19,3,75,113,2,2,1,2,"93, AVENUE DE FRANCE",0.0,0.0
201300053317,5,12,2013,16,1,75,113,2,2,1,6,"44, AVENUE DE LA PORTE D",0.0,0.0
201300053318,6,12,2013,20,5,75,113,2,1,1,2,BOULEVARD PERIPHERIQUE,0.0,0.0
201300053319,7,12,2013,2,5,75,113,2,5,1,3,QUAI D IVRY,0.0,0.0
201300053320,8,12,2013,19,5,75,113,2,1,1,6,"56, BOULEVARD KELLERMANN",0.0,0.0
201300053321,8,12,2013,20,5,75,113,2,2,1,1,"23, AVENUE DE LA PORTE D",0.0,0.0
201300053322,13,12,2013,12,1,75,113,2,5,1,6,"49, RUE AUGUSTE LANCON",0.0,0.0
201300053323,13,12,2013,19,5,75,113,2,3,2,7,"72, RUE DE TOLBIAC",0.0,0.0
201300053324,14,12,2013,10,1,75,113,2,7,1,3,"15, AVENUE DE LA PORTE D",0.0,0.0
201300053325,14,12,2013,13,1,75,113,2,2,1,6,"7, BOULEVARD DU GENERAL",0.0,0.0
201300053326,14,12,2013,15,1,75,113,2,3,1,3,"33, AVENUE DE CHOISY",0.0,0.0
201300053327,14,12,2013,21,5,75,113,2,2,1,3,"7, RUE ELSA MORANTE",0.0,0.0
201300053328,15,12,2013,19,5,75,113,2,1,1,2,BOULEVARD PERIPHERIQUE,0.0,0.0
201300053329,16,12,2013,9,1,75,113,2,1,1,6,"103, AVENUE DE FRANCE",0.0,0.0
201300053330,16,12,2013,12,1,75,113,2,2,1,3,RUE DE TOLBIAC,0.0,0.0
201300053331,17,12,2013,12,1,75,113,2,2,1,3,"118, BOULEVARD MASSENA",0.0,0.0
201300053332,17,12,2013,19,5,75,113,2,2,1,6,"17, BOULEVARD VINCENT AU",0.0,0.0
201300053333,19,12,2013,15,1,75,113,2,2,1,1,"53, BOULEVARD ARAGO",0.0,0.0
201300053334,20,12,2013,1,5,75,113,2,4,1,7,QUAI D IVRY,0.0,0.0
201300053335,20,12,2013,13,1,75,113,2,2,1,3,"2, RUE NEUVE TOLBIAC",0.0,0.0
201300053336,20,12,2013,18,5,75,113,2,5,1,6,"51, AVENUE DE LA PORTE D",0.0,0.0
201300053337,20,12,2013,18,4,75,113,2,1,1,3,"195, AVENUE DE CHOISY",0.0,0.0