Num_Acc,jour,mois,an,hr,condition_eclairage,departement,commune,condition_agglomeration,intersection,condition_atmosphere,type_collision,adresse,lattitude,longitude
201300053338,20,12,2013,20,5,75,113,2,3,1,3,"15, AVENUE DE LA PORTE D",0.0,0.0
201300053339,22,12,2013,1,5,75,113,2,3,1,6,"77, BOULEVARD SAINT MARC",0.0,0.0
201300053340,23,12,2013,12,1,75,113,2,2,1,3,"15, BOULEVARD MASSENA",0.0,0.0
201300053341,23,12,2013,16,1,75,113,2,1,2,6,PLACE JEANNE D ARC,0.0,0.0
201300053342,25,12,2013,20,5,75,113,2,3,3,4,"88, AVENUE D ITALIE",0.0,0.0
201300053343,27,12,2013,17,5,75,113,2,2,2,1,BOULEVARD MASSENA,0.0,0.0
201300053344,29,12,2013,7,5,75,113,2,3,1,3,"83, BOULEVARD DE L HOPIT",0.0,0.0
201300053345,29,12,2013,13,1,75,113,2,1,2,2,"55, AVENUE D IVRY",0.0,0.0
201300053346,30,12,2013,11,1,75,113,2,2,1,6,BOULEVARD KELLERMANN,0.0,0.0
201300053347,3,1,2013,9,1,75,114,2,1,2,6,"11, RUE DES ARBUSTES",0.0,0.0
201300053348,6,1,2013,13,1,75,115,2,3,1,3,RUE DE VAUGIRARD,0.0,0.0
201300053349,7,1,2013,10,1,75,114,2,3,1,3,"11bis, RUE D ALESIA",0.0,0.0
201300053350,7,1,2013,14,1,75,114,2,7,1,6,PLACE DU VINGT CINQ AOUT,0.0,0.0
201300053351,9,1,2013,13,1,75,114,2,5,2,3,"INC, BOULEVARD DU MONTPA",0.0,0.0
201300053352,4,1,2013,2,5,75,114,2,1,1,2,PLACE DU VINGT CINQ AOUT,0.0,0.0
201300053353,11,1,2013,7,2,75,114,2,5,1,3,"54, AVENUE DU MAINE",0.0,0.0
201300053354,11,1,2013,10,1,75,114,2,2,1,3,RUE GASSENDI,0.0,0.0
201300053355,12,1,2013,17,5,75,114,2,1,1,4,"6, PLACE DU VINGT CINQ A",0.0,0.0
201300053356,14,1,2013,19,5,75,114,2,3,4,3,"212, RUE RAYMOND LOSSERA",0.0,0.0
201300053357,17,1,2013,14,1,75,114,2,2,1,3,RUE GASSENDI,0.0,0.0
201300053358,18,1,2013,16,1,75,114,2,4,1,2,BOULEVARD PERIPHERIQUE,0.0,0.0
201300053359,18,1,2013,19,3,75,114,2,1,4,6,"125, BOULEVARD ROMAIN RO",0.0,0.0
201300053360,21,1,2013,18,5,75,114,2,5,4,3,AVENUE DE L OBSERVATOIRE,0.0,0.0
201300053361,22,1,2013,14,1,75,114,2,3,4,3,RUE EMILE FAGUET,0.0,0.0
201300053362,23,1,2013,12,1,75,114,2,1,1,4,BOULEVARD PERIPHERIQUE,0.0,0.0
201300053363,30,1,2013,19,5,75,107,2,2,1,3,"252, BOULEVARD SAINT GER",0.0,0.0
201300053364,1,2,2013,15,1,75,114,2,7,2,6,"3, PLACE DENFERT ROCHERE",0.0,0.0
201300053365,1,2,2013,18,2,75,114,2,7,2,6,"0, AVENUE DENFERT ROCHER",0.0,0.0
201300053366,3,2,2013,10,1,75,114,2,1,1,3,"63 BIS, RUE DE LA TOMBE",0.0,0.0
201300053367,3,2,2013,17,1,75,114,2,1,8,4,"1, AVENUE DE LA PORTE DE",0.0,0.0
201300053368,3,2,2013,21,5,75,114,2,3,2,6,"10, BOULEVARD JOURDAN",0.0,0.0
201300053369,4,2,2013,6,5,75,114,2,3,1,6,RUE JULIA BARTET,0.0,0.0
201300053370,4,2,2013,8,1,75,114,2,2,2,7,"37, RUE FROIDEVAUX",0.0,0.0
201300053371,5,2,2013,17,1,75,114,2,1,1,6,"9, RUE THIBAUD",0.0,0.0
201300053372,7,2,2013,0,3,75,114,2,3,2,6,AVENUE DU MAINE,0.0,0.0
201300053373,7,2,2013,8,1,75,114,2,3,2,6,"15, AVENUE DU GENERAL LE",0.0,0.0
201300053374,7,2,2013,12,1,75,114,2,1,1,3,"8, RUE EMILE DEUTSCH DE",0.0,0.0
201300053375,8,2,2013,19,4,75,114,2,3,2,6,AVENUE REILLE,0.0,0.0
201300053376,9,2,2013,6,5,75,114,2,2,2,6,"119, AVENUE DU GENERAL L",0.0,0.0
201300053377,9,2,2013,10,1,75,114,2,1,8,3,"80, AVENUE DU GENERAL LE",0.0,0.0
201300053378,10,2,2013,12,1,75,114,2,3,4,2,"70, AVENUE DENFERT ROCHE",0.0,0.0
201300053379,13,2,2013,15,1,75,114,2,4,1,6,AVENUE DE LA PORTE D ORL,0.0,0.0
201300053380,15,2,2013,16,1,75,114,2,1,1,7,"14, BOULEVARD ADOLPHE PI",0.0,0.0
201300053381,16,2,2013,9,1,75,114,2,2,1,3,"0, BOULEVARD BRUNE",0.0,0.0
201300053382,18,2,2013,9,1,75,114,2,5,1,6,"77 ter, RUE DE LA TOMBE",0.0,0.0
201300053383,20,2,2013,18,5,75,114,2,1,1,6,"64, RUE DU DEPART",0.0,0.0
201300053384,21,2,2013,9,1,75,114,2,3,1,2,"132, AVENUE DU GENERAL L",0.0,0.0
201300053385,22,2,2013,10,1,75,114,2,3,1,6,"01, RUE CAMPAGNE PREMIER",0.0,0.0
201300053386,23,2,2013,7,5,75,114,2,1,1,6,"71, AVENUE DU GENERAL LE",0.0,0.0
201300053387,26,2,2013,11,1,75,114,2,2,1,2,"15, AVENUE RENE COTY",0.0,0.0
201300053388,28,2,2013,17,1,75,114,2,3,8,6,"134, RUE D ALESIA",0.0,0.0
201300053389,28,2,2013,19,5,75,114,2,3,1,2,"2, AVENUE DE LA PORTE DE",0.0,0.0
201300053390,28,2,2013,21,3,75,114,2,1,1,7,"34, RUE DU COMMANDANT RE",0.0,0.0
201300053391,1,3,2013,2,5,75,114,2,2,1,2,"19, RUE FROIDEVAUX",0.0,0.0
201300053392,3,3,2013,10,1,75,114,2,5,1,2,"1, AVENUE DE LA PORTE D",0.0,0.0
201300053393,8,3,2013,12,1,75,114,2,2,2,7,"32, RUE GASSENDI",0.0,0.0
201300053394,8,3,2013,15,1,75,115,2,2,2,6,"71, BOULEVARD DU MONTPAR",0.0,0.0
201300053395,12,3,2013,6,2,75,114,2,1,4,7,"94, RUE DE LA TOMBE ISSO",0.0,0.0
201300053396,12,3,2013,16,1,75,114,2,3,4,6,"56, AVENUE DU MAINE",0.0,0.0
201300053397,14,3,2013,4,5,75,114,2,1,1,6,"118, AVENUE DU MAINE",0.0,0.0
201300053398,14,3,2013,14,1,75,114,2,2,1,3,RUE D ALESIA,0.0,0.0
201300053399,17,3,2013,0,5,75,114,2,4,1,6,RUE DE LA LEGION ETRANGE,0.0,0.0
201300053400,19,3,2013,18,1,75,114,2,2,2,5,AVENUE DE L OBSERVATOIRE,0.0,0.0
201300053401,21,3,2013,6,2,75,114,2,1,1,6,"66, RUE DE LA TOMBE ISSO",0.0,0.0
201300053402,21,3,2013,7,1,75,114,2,4,1,2,"171, AVENUE DU MAINE",0.0,0.0
201300053403,21,3,2013,21,5,75,114,2,5,2,6,"1, PLACE DENFERT ROCHERE",0.0,0.0
201300053404,23,3,2013,21,3,75,114,2,7,1,6,PLACE DENFERT ROCHEREAU,0.0,0.0
201300053405,24,3,2013,7,1,75,114,2,2,1,3,AVENUE DE LA PORTE DE CH,0.0,0.0
201300053406,25,3,2013,9,1,75,114,2,1,1,3,"21, RUE EDOUARD JACQUES",0.0,0.0
201300053407,25,3,2013,14,1,75,114,2,2,1,3,"84, BOULEVARD DU MONTPAR",0.0,0.0
201300053408,28,3,2013,19,5,75,114,2,1,1,3,"86, BOULEVARD ARAGO",0.0,0.0
201300053409,30,3,2013,13,1,75,114,2,7,1,2,PLACE DENFERT ROCHEREAU,0.0,0.0
201300053410,30,3,2013,16,1,75,114,2,3,8,2,"55, RUE DE LA TOMBE ISSO",0.0,0.0
201300053411,2,4,2013,20,5,75,114,2,1,1,6,"100, AVENUE DU GENERAL L",0.0,0.0
201300053412,4,4,2013,8,1,75,114,2,4,1,7,"245, BOULEVARD RASPAIL",0.0,0.0
201300053413,4,4,2013,15,1,75,114,2,3,2,6,"2, RUE DU GENERAL HUMBER",0.0,0.0
201300053414,5,4,2013,8,1,75,114,2,2,1,7,"131, BOULEVARD BRUNE",0.0,0.0
201300053415,7,4,2013,20,5,75,114,2,7,1,3,"2, RUE FROIDEVAUX",0.0,0.0
201300053416,12,4,2013,13,1,75,114,2,1,1,3,"27, RUE DAREAU",0.0,0.0
201300053417,15,4,2013,4,5,75,114,2,1,1,6,"102, BOULEVARD DU MONTPA",0.0,0.0
201300053418,15,4,2013,9,1,75,114,2,4,2,6,"52, BOULEVARD SAINT JACQ",0.0,0.0
201300053419,15,4,2013,18,1,75,114,2,2,1,3,"178, AVENUE DU MAINE",0.0,0.0
201300053420,17,4,2013,15,1,75,114,2,5,1,6,"2, BOULEVARD EDGAR QUINE",0.0,0.0
201300053421,17,4,2013,16,1,75,114,2,2,1,6,"38, RUE D ALESIA",0.0,0.0
201300053422,19,4,2013,15,1,75,114,2,4,2,6,"141, AVENUE DU MAINE",0.0,0.0
201300053423,19,4,2013,16,1,75,114,2,1,1,6,"3, RUE THIBAUD",0.0,0.0
201300053424,19,4,2013,23,5,75,114,2,5,1,3,"235, RUE D ALESIA",0.0,0.0
201300053425,20,4,2013,17,1,75,114,2,3,1,6,"156, RUE RAYMOND LOSSERA",0.0,0.0
201300053426,23,4,2013,12,1,75,114,2,1,1,6,"9, RUE JEAN ZAY",0.0,0.0
201300053427,23,4,2013,13,1,75,114,2,4,1,6,"136, AVENUE DU MAINE",0.0,0.0
201300053428,23,4,2013,14,1,75,114,2,3,1,2,"100, RUE DE LA SANTE",0.0,0.0
201300053429,24,4,2013,13,1,75,114,2,5,1,6,"194, RUE D ALESIA",0.0,0.0
201300053430,25,4,2013,13,1,75,114,2,7,1,3,PLACE DE CATALOGNE,0.0,0.0
201300053431,9,5,2013,19,1,75,114,2,2,1,6,"139, BOULEVARD BRUNE",0.0,0.0
201300053432,10,5,2013,17,1,75,114,2,1,1,6,"7, AVENUE DE LA PORTE DE",0.0,0.0
201300053433,11,5,2013,12,1,75,114,2,4,1,6,"118, AVENUE DU MAINE",0.0,0.0
201300053434,13,5,2013,10,1,75,114,2,5,1,3,"16, RUE RAYMOND LOSSERAN",0.0,0.0
201300053435,14,5,2013,12,1,75,114,2,1,1,3,"185, AVENUE DU MAINE",0.0,0.0
201300053436,17,5,2013,0,5,75,114,2,5,1,6,"61, RUE D ALESIA",0.0,0.0
201300053437,16,5,2013,17,1,75,114,2,7,2,7,PLACE VICTOR BASCH,0.0,0.0
201300053438,19,5,2013,21,5,75,114,2,3,2,6,"44, RUE DAGUERRE",0.0,0.0
201300053439,18,5,2013,22,5,75,114,2,7,2,6,"8, PLACE DE LA PORTE DE",0.0,0.0
201300053440,21,5,2013,9,1,75,114,2,4,2,3,"206, BOULEVARD RASPAIL",0.0,0.0
201300053441,21,5,2013,18,1,75,114,2,4,2,2,"1, AVENUE DE LA PORTE DE",0.0,0.0
201300053442,22,5,2013,19,1,75,114,2,7,2,6,"85, AVENUE DENFERT ROCHE",0.0,0.0
201300053443,23,5,2013,9,1,75,114,2,4,1,4,"52, BOULEVARD SAINT JACQ",0.0,0.0
201300053444,24,5,2013,15,1,75,114,2,2,2,3,"207, RUE D ALESIA",0.0,0.0
201300053445,25,5,2013,10,1,75,114,2,1,1,2,"114, AVENUE DU GENERAL L",0.0,0.0
201300053446,27,5,2013,16,1,75,114,2,1,1,5,"12, BOULEVARD SAINT JACQ",0.0,0.0
201300053447,28,5,2013,17,1,75,114,2,3,1,3,", AVENUE DU GENERAL LECL",0.0,0.0
201300053448,29,5,2013,0,5,75,114,2,2,1,6,"38 bis, RUE GASSENDI",0.0,0.0
201300053449,30,5,2013,10,1,75,114,2,5,1,1,"30, RUE D ALESIA",0.0,0.0
201300053450,2,6,2013,13,1,75,114,2,4,1,3,AVENUE DE LA PORTE D ORL,0.0,0.0
201300053451,3,6,2013,18,1,75,114,2,7,1,2,PLACE DENFERT ROCHEREAU,0.0,0.0
201300053452,4,6,2013,8,1,75,114,2,1,1,3,"31, RUE D ALESIA",0.0,0.0
201300053453,4,6,2013,7,1,75,114,2,2,1,3,"1, AVENUE DU DOCTEUR LAN",0.0,0.0
201300053454,4,6,2013,15,1,75,114,2,4,1,6,"69, RUE D ALESIA",0.0,0.0
201300053455,5,6,2013,10,1,75,114,2,2,1,6,"31, AVENUE ERNEST REYER",0.0,0.0
201300053456,5,6,2013,13,1,75,114,2,2,7,6,"41, RUE PAUL FORT",0.0,0.0
201300053457,5,6,2013,16,1,75,114,2,7,1,7,"0, PLACE DE CATALOGNE",0.0,0.0
201300053458,5,6,2013,19,1,75,114,2,3,1,6,"01, RUE HIPPOLYTE MAINDR",0.0,0.0
201300053459,5,6,2013,13,1,75,114,2,2,1,6,"121, AVENUE DU GENERAL L",0.0,0.0
201300053460,6,6,2013,9,1,75,114,2,1,1,5,"291, BOULEVARD RASPAIL",0.0,0.0
201300053461,6,6,2013,7,1,75,115,2,5,1,3,"53, AVENUE DU MAINE",0.0,0.0
201300053462,7,6,2013,10,1,75,114,2,3,1,3,"1, BOULEVARD ADOLPHE PIN",0.0,0.0
201300053463,7,6,2013,16,1,75,114,2,4,1,3,"1, AVENUE PIERRE MASSE",0.0,0.0
201300053464,12,6,2013,19,1,75,114,2,3,8,6,"5, RUE JACQUIER",0.0,0.0
201300053465,13,6,2013,22,5,75,114,2,4,1,6,"188, AVENUE DU MAINE",0.0,0.0
201300053466,14,6,2013,16,1,75,114,2,1,1,6,"37, RUE DU DEPART",0.0,0.0
201300053467,15,6,2013,16,1,75,114,2,2,1,3,"170, RUE D ALESIA",0.0,0.0
201300053468,15,6,2013,17,1,75,114,2,1,1,6,"158, AVENUE DU MAINE",0.0,0.0
201300053469,18,6,2013,18,1,75,114,2,2,1,7,"145, BOULEVARD BRUNE",0.0,0.0
201300053470,19,6,2013,22,5,75,114,2,2,1,6,"170, RUE D ALESIA",0.0,0.0
201300053471,20,6,2013,8,1,75,114,2,7,3,3,"1, PLACE DU VINGT CINQ A",0.0,0.0
201300053472,20,6,2013,8,1,75,114,2,3,2,6,"213, BOULEVARD RASPAIL",0.0,0.0
201300053473,20,6,2013,10,1,75,114,2,2,2,1,"60, BOULEVARD BRUNE",0.0,0.0
201300053474,20,6,2013,18,1,75,114,2,1,1,6,"61, RUE VERCINGETORIX",0.0,0.0
201300053475,21,6,2013,10,1,75,114,2,2,1,3,"143, BOULEVARD ROMAIN RO",0.0,0.0
201300053476,23,6,2013,13,1,75,114,2,2,1,3,"174, AVENUE DU MAINE",0.0,0.0
201300053477,26,6,2013,18,1,75,114,2,1,1,6,"54, RUE D ALESIA",0.0,0.0
201300053478,27,6,2013,8,1,75,114,2,3,2,3,"136, AVENUE DU MAINE",0.0,0.0
201300053479,28,6,2013,15,1,75,114,2,2,1,2,"1, AVENUE DE LA PORTE D",0.0,0.0
201300053480,30,6,2013,18,1,75,114,2,2,1,1,"115, BOULEVARD JOURDAN",0.0,0.0
201300053481,1,7,2013,10,1,75,114,2,1,1,3,BOULEVARD PERIPHERIQUE,0.0,0.0
201300053482,3,7,2013,15,1,75,114,2,5,1,3,"1, BOULEVARD BRUNE",0.0,0.0
201300053483,5,7,2013,9,1,75,114,2,1,1,3,"78, AVENUE DU MAINE",0.0,0.0
201300053484,5,7,2013,10,1,75,114,2,2,1,3,"1, BOULEVARD JOURDAN",0.0,0.0
201300053485,6,7,2013,19,1,75,114,2,1,1,3,"105, AVENUE DU GENERAL L",0.0,0.0
201300053486,9,7,2013,10,1,75,114,2,1,1,6,"3, AVENUE DE LA PORTE D",0.0,0.0
201300053487,12,7,2013,3,5,75,114,2,1,1,7,"86, BOULEVARD ARAGO",0.0,0.0
201300053488,12,7,2013,9,1,75,114,2,3,1,2,"5ter, RUE D ALESIA",0.0,0.0
201300053489,12,7,2013,7,1,75,114,2,4,1,6,"218, AVENUE DU MAINE",0.0,0.0
201300053490,12,7,2013,11,1,75,114,2,1,1,6,"44, AVENUE RENE COTY",0.0,0.0
201300053491,14,7,2013,7,2,75,114,2,3,1,6,"26, BOULEVARD BRUNE",0.0,0.0
201300053492,14,7,2013,16,1,75,114,2,2,1,2,AVENUE DU GENERAL LECLER,0.0,0.0
201300053493,15,7,2013,7,1,75,114,2,3,1,6,"51, RUE FROIDEVAUX",0.0,0.0
201300053494,15,7,2013,8,1,75,114,2,1,1,6,"26, AVENUE DE L OBSERVAT",0.0,0.0
201300053495,16,7,2013,14,1,75,114,2,4,1,3,AVENUE DE LA PORTE DE CH,0.0,0.0
201300053496,16,7,2013,19,1,75,114,2,1,1,6,BOULEVARD PERIPHERIQUE E,0.0,0.0
201300053497,17,7,2013,14,1,75,114,2,2,1,3,"98bis, BOULEVARD ARAGO",0.0,0.0
201300053498,17,7,2013,14,1,75,114,2,4,1,2,"266, BOULEVARD RASPAIL",0.0,0.0
201300053499,22,7,2013,14,1,75,114,2,3,1,3,"191, AVENUE DU MAINE",0.0,0.0
201300053500,24,7,2013,23,5,75,114,2,7,1,3,"201, BOULEVARD BRUNE",0.0,0.0
201300053501,28,7,2013,21,5,75,114,2,2,1,3,"41-45, BOULEVARD ROMAIN",0.0,0.0
201300053502,29,7,2013,19,1,75,114,2,3,3,6,RUE D ALESIA,0.0,0.0
201300053503,29,7,2013,22,5,75,114,2,5,2,6,"112, BOULEVARD DU MONTPA",0.0,0.0
201300053504,31,7,2013,8,1,75,114,2,3,1,7,"120bis, AVENUE DU GENERA",0.0,0.0
201300053505,4,8,2013,22,5,75,114,2,4,1,3,"82, AVENUE DU GENERAL LE",0.0,0.0
201300053506,10,8,2013,11,1,75,114,2,7,1,6,"2, PLACE DU VINGT CINQ A",0.0,0.0
201300053507,10,8,2013,17,1,75,114,2,1,1,7,"6, RUE NANSOUTY",0.0,0.0
201300053508,13,8,2013,10,1,75,114,2,1,1,7,"38, AVENUE JEAN MOULIN",0.0,0.0
201300053509,17,8,2013,18,1,75,114,2,1,1,6,"02, AVENUE DE LA SIBELLE",0.0,0.0
201300053510,19,8,2013,2,5,75,114,2,1,1,6,"47, BOULEVARD JOURDAN",0.0,0.0
201300053511,19,8,2013,14,1,75,114,2,4,1,3,"199, AVENUE DU MAINE",0.0,0.0
201300053512,20,8,2013,0,5,75,114,2,2,1,6,AVENUE DU GENERAL LECLER,0.0,0.0
201300053513,21,8,2013,23,5,75,114,2,1,1,6,"110, AVENUE DENFERT ROCH",0.0,0.0
201300053514,22,8,2013,17,1,75,114,2,2,1,3,"0, RUE D ALESIA",0.0,0.0
201300053515,22,8,2013,19,1,75,114,2,3,1,3,"15, AVENUE PAUL APPELL",0.0,0.0
201300053516,25,8,2013,6,3,75,114,2,1,2,6,"83, AVENUE DENFERT ROCHE",0.0,0.0
201300053517,27,8,2013,8,1,75,114,2,5,1,2,"11, RUE DE L OUEST",0.0,0.0
201300053518,28,8,2013,9,1,75,114,2,2,1,6,"135, BOULEVARD BRUNE",0.0,0.0
201300053519,29,8,2013,9,1,75,114,2,7,1,7,"11, AVENUE DU COLONEL HE",0.0,0.0
201300053520,29,8,2013,9,1,75,116,2,1,1,2,BOULEVARD PERIPHERIQUE I,0.0,0.0
201300053521,30,8,2013,15,1,75,114,2,2,1,3,"15, BOULEVARD ROMAIN ROL",0.0,0.0
201300053522,31,8,2013,9,1,75,114,2,1,8,2,"29, AVENUE JEAN MOULIN",0.0,0.0
201300053523,1,9,2013,10,1,75,114,2,1,1,6,"16, RUE CHARLES DIVRY",0.0,0.0
201300053524,4,9,2013,9,1,75,114,2,1,1,4,BOULEVARD PERIPHERIQUE E,0.0,0.0
201300053525,6,9,2013,11,1,75,114,2,1,3,3,"33, RUE DU COMMANDANT RE",0.0,0.0
201300053526,6,9,2013,21,5,75,114,2,5,1,4,BOULEVARD ROMAIN ROLLAND,0.0,0.0
201300053527,7,9,2013,11,1,75,115,2,5,1,1,AVENUE DE LA PORTE BRANC,0.0,0.0
201300053528,7,9,2013,19,2,75,114,2,5,1,6,"203, RUE RAYMOND LOSSERA",0.0,0.0
201300053529,7,9,2013,22,5,75,114,2,2,1,2,BOULEVARD ARAGO,0.0,0.0
201300053530,9,9,2013,16,1,75,114,2,1,3,7,"3, RUE D ALESIA",0.0,0.0
201300053531,12,9,2013,21,5,75,114,2,1,1,6,"9, RUE DE LA LEGION ETRA",0.0,0.0
201300053532,16,9,2013,14,1,75,114,2,1,2,6,"194, AVENUE DU MAINE",0.0,0.0
201300053533,16,9,2013,15,1,75,114,2,3,2,7,"70 bis, AVENUE DENFERT R",0.0,0.0
201300053534,16,9,2013,16,1,75,114,2,1,1,3,"98 bis, BOULEVARD ARAGO",0.0,0.0
201300053535,17,9,2013,18,1,75,114,2,1,2,3,"37, RUE DU DEPART",0.0,0.0
201300053536,20,9,2013,9,1,75,114,2,1,1,3,"65 bis, AVENUE PAUL VAIL",0.0,0.0
201300053537,22,9,2013,2,5,75,114,2,1,1,6,"68, BOULEVARD DU MONTPAR",0.0,0.0
201300053538,23,9,2013,15,1,75,114,2,1,1,6,"92, AVENUE DENFERT ROCHE",0.0,0.0
201300053539,23,9,2013,19,1,75,114,2,1,1,3,"87, BOULEVARD ROMAIN ROL",0.0,0.0
201300053540,24,9,2013,17,1,75,114,2,7,1,6,AVENUE DU GENERAL LECLER,0.0,0.0
201300053541,26,9,2013,4,5,75,114,2,3,1,6,"33, BOULEVARD ROMAIN ROL",0.0,0.0
201300053542,26,9,2013,9,1,75,114,2,1,1,6,SQUARE DE L ASPIRANT DUN,0.0,0.0
201300053543,26,9,2013,18,1,75,114,2,2,1,2,"233, RUE D ALESIA",0.0,0.0
201300053544,27,9,2013,10,1,75,114,2,2,1,3,"95, AVENUE DU MAINE",0.0,0.0
201300053545,27,9,2013,23,5,75,114,2,5,1,3,"27, RUE DU DEPART",0.0,0.0
201300053546,28,9,2013,20,5,75,115,2,1,1,7,BOULEVARD LEFEBVRE,0.0,0.0
201300053547,29,9,2013,0,5,75,114,2,5,2,3,"1, AVENUE DE LA PORTE D",0.0,0.0
201300053548,29,9,2013,18,1,75,114,2,2,2,3,"79, BOULEVARD BRUNE",0.0,0.0
201300053549,30,9,2013,16,1,75,114,2,3,1,2,"4, AVENUE REILLE",0.0,0.0
201300053550,1,10,2013,13,1,75,114,2,7,1,6,"134, BOULEVARD BRUNE",0.0,0.0
201300053551,2,10,2013,14,1,75,114,2,1,1,6,"27, RUE DES PLANTES",0.0,0.0
201300053552,3,10,2013,9,1,75,114,2,1,1,1,"283, BOULEVARD RASPAIL",0.0,0.0
201300053553,4,10,2013,22,5,75,113,2,2,3,6,"48, BOULEVARD ARAGO",0.0,0.0
201300053554,4,10,2013,6,2,75,114,2,3,8,6,"67, AVENUE DU GENERAL LE",0.0,0.0
201300053555,4,10,2013,19,5,75,114,2,4,1,6,"40, RUE D ALESIA",0.0,0.0
201300053556,6,10,2013,17,1,75,114,2,1,1,6,"92, AVENUE DENFERT ROCHE",0.0,0.0
201300053557,7,10,2013,15,1,75,114,2,1,1,2,"198, RUE D ALESIA",0.0,0.0
201300053558,8,10,2013,10,1,75,114,2,1,1,6,"41, RUE DE GERGOVIE",0.0,0.0
201300053559,8,10,2013,12,1,75,114,2,1,1,3,"21-23, RUE FROIDEVAUX",0.0,0.0
201300053560,9,10,2013,19,2,75,114,2,3,2,1,"7, RUE D ALESIA",0.0,0.0
201300053561,10,10,2013,19,2,75,114,2,7,8,6,"87, RUE D ALESIA",0.0,0.0
201300053562,11,10,2013,0,5,75,114,2,7,9,3,"77, AVENUE DU GENERAL LE",0.0,0.0
201300053563,11,10,2013,8,1,75,114,2,7,2,3,AVENUE DU GENERAL LECLER,0.0,0.0
201300053564,15,10,2013,9,1,75,114,2,3,1,6,"12, AVENUE DE LA PORTE D",0.0,0.0
201300053565,15,10,2013,10,1,75,114,2,5,1,3,AVENUE RENE COTY,0.0,0.0
201300053566,16,10,2013,13,1,75,114,2,2,2,7,"2, RUE NANSOUTY",0.0,0.0
201300053567,17,10,2013,18,1,75,114,2,1,1,1,"201, RUE RAYMOND LOSSERA",0.0,0.0
201300053568,17,10,2013,20,5,75,114,2,1,1,6,"28, RUE DU FAUBOURG SAIN",0.0,0.0
201300053569,18,10,2013,10,1,75,114,2,3,8,6,"65, RUE DE L OUEST",0.0,0.0
201300053570,18,10,2013,11,1,75,114,2,1,1,2,"18, AVENUE DE LA PORTE D",0.0,0.0
201300053571,19,10,2013,12,1,75,114,2,7,1,3,AVENUE DU COLONEL HENRI,0.0,0.0
201300053572,21,10,2013,15,1,75,114,2,1,1,6,"94, BOULEVARD DE PORT RO",0.0,0.0
201300053573,22,10,2013,8,1,75,114,2,7,1,3,"201, BOULEVARD BRUNE",0.0,0.0
201300053574,24,10,2013,9,1,75,114,2,3,8,6,"73, RUE D ALESIA",0.0,0.0
201300053575,25,10,2013,1,5,75,114,2,1,2,3,"104, AVENUE DU GENERAL L",0.0,0.0
201300053576,25,10,2013,9,1,75,114,2,3,2,2,"08, RUE NANSOUTY",0.0,0.0
201300053577,25,10,2013,6,2,75,114,2,1,1,6,"92, AVENUE DENFERT ROCHE",0.0,0.0
201300053578,26,10,2013,17,1,75,114,2,7,2,6,"3, PLACE DENFERT ROCHERE",0.0,0.0
201300053579,26,10,2013,20,5,75,114,2,1,1,2,"99, AVENUE DU GENERAL LE",0.0,0.0
201300053580,28,10,2013,9,1,75,114,2,3,2,6,"215, BOULEVARD RASPAIL",0.0,0.0
201300053581,1,11,2013,7,2,75,114,2,1,2,6,"19 bis, RUE MECHAIN",0.0,0.0
201300053582,1,11,2013,16,3,75,114,2,5,2,3,AVENUE DU MAINE,0.0,0.0
201300053583,2,11,2013,14,1,75,114,2,5,8,3,AVENUE DU MAINE,0.0,0.0
201300053584,2,11,2013,19,5,75,114,2,7,2,6,"12, PLACE DENFERT ROCHER",0.0,0.0
201300053585,3,11,2013,11,1,75,114,2,2,7,4,AVENUE DE LA PORTE D ORL,0.0,0.0
201300053586,3,11,2013,13,1,75,114,2,5,1,2,"4, BOULEVARD BRUNE",0.0,0.0
201300053587,3,11,2013,20,5,75,114,2,3,1,6,"16, RUE DE LA TOMBE ISSO",0.0,0.0
201300053588,3,11,2013,23,5,75,114,2,3,3,6,"188, AVENUE DU MAINE",0.0,0.0
201300053589,5,11,2013,8,1,75,114,2,1,3,6,"70, RUE D ALESIA",0.0,0.0
201300053590,7,11,2013,15,1,75,114,2,4,1,3,"213, BOULEVARD RASPAIL",0.0,0.0
201300053591,7,11,2013,19,5,75,114,2,5,2,6,"80, RUE DE L AMIRAL MOUC",0.0,0.0
201300053592,8,11,2013,17,5,75,114,2,1,1,6,"112, BOULEVARD DU MONTPA",0.0,0.0
201300053593,13,11,2013,8,1,75,114,2,4,1,7,BOULEVARD PERIPHERIQUE,0.0,0.0
201300053594,14,11,2013,13,1,75,114,2,2,1,6,"75, RUE DU FAUBOURG SAIN",0.0,0.0
201300053595,14,11,2013,15,2,75,114,2,1,1,6,"36, RUE DES PLANTES",0.0,0.0
201300053596,14,11,2013,16,1,75,114,2,1,2,7,"214, BOULEVARD RASPAIL",0.0,0.0
201300053597,14,11,2013,20,5,75,114,2,2,1,3,BOULEVARD SAINT JACQUES,0.0,0.0
201300053598,17,11,2013,21,5,75,114,2,1,1,6,"9, RUE GAZAN",0.0,0.0
201300053599,18,11,2013,17,5,75,114,2,4,1,3,AVENUE DE LA PORTE DE CH,0.0,0.0
201300053600,19,11,2013,22,5,75,114,2,2,2,2,"25, RUE JEAN ZAY",0.0,0.0
201300053601,22,11,2013,9,1,75,114,2,1,1,3,"100, BOULEVARD ARAGO",0.0,0.0
201300053602,25,11,2013,19,5,75,115,2,7,1,6,"70, BOULEVARD DU MONTPAR",0.0,0.0
201300053603,26,11,2013,12,1,75,114,2,1,1,6,"63, RUE DES PLANTES",0.0,0.0
201300053604,27,11,2013,20,4,75,114,2,3,1,3,"84, RUE DIDOT",0.0,0.0
201300053605,28,11,2013,15,1,75,112,2,1,1,7,"13, BOULEVARD PONIATOWSK",0.0,0.0
201300053606,28,11,2013,16,2,75,114,2,1,2,6,"224, AVENUE DU MAINE",0.0,0.0