Num_Acc,jour,mois,an,hr,condition_eclairage,departement,commune,condition_agglomeration,intersection,condition_atmosphere,type_collision,adresse,lattitude,longitude
201300053607,29,11,2013,20,5,75,114,2,3,2,6,"113, RUE D ALESIA",0.0,0.0
201300053608,30,11,2013,21,4,75,114,2,3,1,6,"15, AVENUE DU GENERAL LE",0.0,0.0
201300053609,2,12,2013,17,5,75,114,2,2,1,6,"61, BOULEVARD SAINT JACQ",0.0,0.0
201300053610,3,12,2013,15,1,75,114,2,2,1,6,"170, RUE D ALESIA",0.0,0.0
201300053611,5,12,2013,10,1,75,114,2,3,1,2,"63, AVENUE DENFERT ROCHE",0.0,0.0
201300053612,6,12,2013,17,5,75,114,2,1,1,6,"79, AVENUE DENFERT ROCHE",0.0,0.0
201300053613,7,12,2013,13,1,75,114,2,1,1,6,"134, AVENUE DU GENERAL L",0.0,0.0
201300053614,7,12,2013,23,5,75,114,2,2,1,7,"7, RUE DESPREZ",0.0,0.0
201300053615,8,12,2013,13,1,75,114,2,1,1,6,BOULEVARD PERIPHERIQUE,0.0,0.0
201300053616,10,12,2013,12,1,75,106,2,3,1,2,"3, QUAI VOLTAIRE",0.0,0.0
201300053617,12,12,2013,9,1,75,114,2,1,1,2,"19, RUE D ODESSA",0.0,0.0
201300053618,12,12,2013,11,1,75,114,2,1,1,7,"102, BOULEVARD ARAGO",0.0,0.0
201300053619,12,12,2013,12,1,75,114,2,2,1,3,RUE JULIA BARTET,0.0,0.0
201300053620,14,12,2013,15,1,75,114,2,1,8,6,"189, AVENUE DU MAINE",0.0,0.0
201300053621,16,12,2013,20,5,75,114,2,1,1,7,"25, AVENUE DE LA PORTE D",0.0,0.0
201300053622,20,12,2013,16,2,75,114,2,3,7,6,"1bis, BOULEVARD EDGAR QU",0.0,0.0
201300053623,23,12,2013,14,1,75,114,2,4,1,6,"2, RUE POINSOT",0.0,0.0
201300053624,24,12,2013,8,1,75,114,2,1,2,6,"8, AVENUE RENE COTY",0.0,0.0
201300053625,24,12,2013,16,1,75,114,2,5,3,6,"25, RUE DU DEPART",0.0,0.0
201300053626,24,12,2013,17,5,75,114,2,3,2,3,"141, AVENUE DU MAINE",0.0,0.0
201300053627,25,12,2013,2,5,75,114,2,1,2,6,"133, RUE DE LA SANTE",0.0,0.0
201300053628,25,12,2013,20,4,75,114,2,1,2,3,"121, AVENUE DU GENERAL L",0.0,0.0
201300053629,31,12,2013,12,1,75,114,2,4,2,3,"139, AVENUE DU MAINE",0.0,0.0
201300053630,2,1,2013,16,1,75,115,2,3,1,3,"35, RUE DE LA CROIX NIVE",0.0,0.0
201300053631,4,1,2013,8,5,75,115,2,2,1,6,"33, RUE LINOIS",0.0,0.0
201300053632,10,1,2013,14,1,75,115,2,4,2,7,"11, AVENUE DU MAINE",0.0,0.0
201300053633,10,1,2013,15,1,75,115,2,7,2,2,"3, RUE BALARD",0.0,0.0
201300053634,11,1,2013,18,5,75,115,2,1,2,7,"24-26, RUE LOUIS ARMAND",0.0,0.0
201300053635,11,1,2013,19,5,75,115,2,3,2,3,"21, AVENUE DU MAINE",0.0,0.0
201300053636,13,1,2013,19,3,75,115,2,1,2,6,"15, RUE DE LA CONVENTION",0.0,0.0
201300053637,16,1,2013,9,1,75,115,2,5,4,7,AVENUE DE LA PORTE DE LA,0.0,0.0
201300053638,16,1,2013,15,1,75,115,2,3,1,6,"176, RUE DE LA CONVENTIO",0.0,0.0
201300053639,19,1,2013,7,5,75,115,2,1,4,7,"230, RUE LECOURBE",0.0,0.0
201300053640,22,1,2013,22,5,75,115,2,5,2,6,"1, AVENUE DE LA PORTE BR",0.0,0.0
201300053641,23,1,2013,7,2,75,115,2,2,1,6,"25, RUE DE VOUILLE",0.0,0.0
201300053642,24,1,2013,9,1,75,115,2,2,1,3,"45, AVENUE FELIX FAURE",0.0,0.0
201300053643,24,1,2013,15,1,75,115,2,1,1,6,"35, BOULEVARD DE VAUGIRA",0.0,0.0
201300053644,24,1,2013,18,5,75,115,2,3,1,6,"165, RUE DE LA CONVENTIO",0.0,0.0
201300053645,26,1,2013,5,5,75,115,2,2,1,3,AVENUE DE SUFFREN,0.0,0.0
201300053646,26,1,2013,17,5,75,115,2,1,1,7,"52, AVENUE DE LA MOTTE P",0.0,0.0
201300053647,27,1,2013,2,5,75,115,2,1,1,6,"52, BOULEVARD DE VAUGIRA",0.0,0.0
201300053648,27,1,2013,19,5,75,115,2,2,1,3,"30, RUE DE L EGLISE",0.0,0.0
201300053649,28,1,2013,15,1,75,115,2,2,1,3,RUE LACORDAIRE,0.0,0.0
201300053650,30,1,2013,1,5,75,115,2,5,2,6,BOULEVARD GENERAL MARTIA,0.0,0.0
201300053651,30,1,2013,11,1,75,115,2,1,3,6,RUE LOUIS ARMAND,0.0,0.0
201300053652,30,1,2013,14,1,75,115,2,5,8,7,"152, RUE DE LA CONVENTIO",0.0,0.0
201300053653,31,1,2013,12,1,75,115,2,2,1,6,"14, RUE OLIVIER DE SERRE",0.0,0.0
201300053654,2,2,2013,17,3,75,115,2,2,3,3,RUE PETEL,0.0,0.0
201300053655,4,2,2013,15,1,75,115,2,7,8,3,"1, RUE BALARD",0.0,0.0
201300053656,4,2,2013,19,5,75,116,2,1,1,3,BOULEVARD PERIPHERIQUE I,0.0,0.0
201300053657,7,2,2013,9,1,75,115,2,1,1,6,"81, RUE FALGUIERE",0.0,0.0
201300053658,10,2,2013,0,5,75,115,2,2,1,6,RUE DE VAUGIRARD,0.0,0.0
201300053659,12,2,2013,10,1,75,115,2,1,8,6,"165, RUE DE LA CONVENTIO",0.0,0.0
201300053660,13,2,2013,10,1,75,115,2,2,1,6,"182, RUE DE LA CONVENTIO",0.0,0.0
201300053661,14,2,2013,19,5,75,115,2,2,2,3,"352, RUE DE VAUGIRARD",0.0,0.0
201300053662,15,2,2013,12,1,75,115,2,2,1,3,"200, RUE LECOURBE",0.0,0.0
201300053663,15,2,2013,16,1,75,115,2,1,1,6,"2, BOULEVARD DE GRENELLE",0.0,0.0
201300053664,15,2,2013,15,1,75,115,2,1,1,3,"27, AVENUE FELIX FAURE",0.0,0.0
201300053665,15,2,2013,14,1,75,115,2,2,1,6,"32, BOULEVARD DU MONTPAR",0.0,0.0
201300053666,18,2,2013,9,1,75,115,2,1,1,6,"132, RUE SAINT CHARLES",0.0,0.0
201300053667,18,2,2013,12,1,75,115,2,2,1,6,RUE DE L AMIRAL ROUSSIN,0.0,0.0
201300053668,19,2,2013,10,1,75,115,2,5,1,6,"252, RUE DE LA CONVENTIO",0.0,0.0
201300053669,19,2,2013,15,1,75,115,2,2,1,6,"154, RUE LECOURBE",0.0,0.0
201300053670,21,2,2013,13,1,75,115,2,1,1,3,"250, RUE DE VAUGIRARD",0.0,0.0
201300053671,25,2,2013,11,1,75,115,2,2,1,6,"32, RUE DU DOCTEUR FINLA",0.0,0.0
201300053672,25,2,2013,13,1,75,115,2,2,8,1,"27, BOULEVARD VICTOR",0.0,0.0
201300053673,25,2,2013,19,5,75,115,2,2,2,6,"347, RUE LECOURBE",0.0,0.0
201300053674,1,3,2013,20,5,75,115,2,1,1,3,"355, RUE LECOURBE",0.0,0.0
201300053675,3,3,2013,2,5,75,115,2,2,1,3,RUE DE VOUILLE,0.0,0.0
201300053676,4,3,2013,8,1,75,115,2,2,1,7,"33, BOULEVARD DE GRENELL",0.0,0.0
201300053677,4,3,2013,11,1,75,115,2,2,1,1,BOULEVARD LEFEBVRE,0.0,0.0
201300053678,4,3,2013,13,1,75,115,2,2,1,2,BOULEVARD DE GRENELLE,0.0,0.0
201300053679,5,3,2013,8,1,75,115,2,1,1,6,"15, RUE VALENTIN HAUY",0.0,0.0
201300053680,5,3,2013,8,1,75,115,2,7,1,6,"1, BOULEVARD LEFEBVRE",0.0,0.0
201300053681,6,3,2013,17,1,75,115,2,3,1,6,"195, RUE DE VAUGIRARD",0.0,0.0
201300053682,8,3,2013,12,1,75,115,2,3,2,6,"51, RUE DU THEATRE",0.0,0.0
201300053683,8,3,2013,19,5,75,115,2,3,2,6,"68, RUE LECOURBE",0.0,0.0
201300053684,13,3,2013,14,1,75,115,2,1,1,6,"239, RUE SAINT CHARLES",0.0,0.0
201300053685,20,3,2013,11,1,75,115,2,3,1,7,PLACE DES INSURGES DE VA,0.0,0.0
201300053686,21,3,2013,10,1,75,115,2,4,1,3,"241, RUE DE LA CROIX NIV",0.0,0.0
201300053687,23,3,2013,21,4,75,115,2,3,1,2,"1, RUE DE JAVEL",0.0,0.0
201300053688,24,3,2013,0,5,75,115,2,2,1,6,"232, RUE DE VAUGIRARD",0.0,0.0
201300053689,25,3,2013,10,1,75,115,2,2,1,2,"19, RUE DE L ABBE GROULT",0.0,0.0
201300053690,27,3,2013,11,1,75,115,2,1,1,6,"08., AVENUE DU MAINE",0.0,0.0
201300053691,28,3,2013,11,1,75,107,2,5,8,3,"33, QUAI D ORSAY",0.0,0.0
201300053692,31,3,2013,12,1,75,115,2,5,1,3,"1, RUE LECOURBE",0.0,0.0
201300053693,2,4,2013,18,1,75,107,2,2,1,6,"36, AVENUE BOSQUET",0.0,0.0
201300053694,6,4,2013,10,1,75,115,2,5,1,6,"81, RUE DE LA CROIX NIVE",0.0,0.0
201300053695,7,4,2013,12,1,75,115,2,2,1,6,"319, RUE DE VAUGIRARD",0.0,0.0
201300053696,10,4,2013,12,1,75,115,2,1,1,6,"12, RUE PETEL",0.0,0.0
201300053697,10,4,2013,19,2,75,115,2,2,2,3,RUE DE LA CONVENTION,0.0,0.0
201300053698,11,4,2013,8,1,75,115,2,1,1,6,"285, RUE DE VAUGIRARD",0.0,0.0
201300053699,11,4,2013,10,1,75,115,2,1,1,2,"74, RUE DU THEATRE",0.0,0.0
201300053700,12,4,2013,21,3,75,115,2,2,1,3,"47, RUE DE LA CONVENTION",0.0,0.0
201300053701,16,4,2013,10,1,75,115,2,1,1,6,"4, RUE ERNEST HEMINGWAY",0.0,0.0
201300053702,16,4,2013,17,1,75,115,2,1,1,3,"30, BOULEVARD DE VAUGIRA",0.0,0.0
201300053703,16,4,2013,22,5,75,115,2,1,1,6,"87, QUAI ANDRE CITROEN",0.0,0.0
201300053704,17,4,2013,17,1,75,115,2,1,1,6,"02, RUE JACQUES BAUDRY",0.0,0.0
201300053705,20,4,2013,11,1,75,115,2,1,1,3,"18, BOULEVARD DE GRENELL",0.0,0.0
201300053706,20,4,2013,12,1,75,115,2,1,1,3,"19, AVENUE DU MAINE",0.0,0.0
201300053707,20,4,2013,11,1,75,115,2,2,1,6,"52, AVENUE EMILE ZOLA",0.0,0.0
201300053708,21,4,2013,23,5,75,115,2,1,1,2,AVENUE DE LA PORTE DE SE,0.0,0.0
201300053709,22,4,2013,16,1,75,115,2,2,1,3,"19, RUE PLUMET",0.0,0.0
201300053710,22,4,2013,21,5,75,115,2,1,1,6,"08, RUE PERIGNON",0.0,0.0
201300053711,20,4,2013,22,5,75,115,2,2,1,3,"50, RUE DE LA CONVENTION",0.0,0.0
201300053712,25,4,2013,8,1,75,115,2,2,1,6,"21, RUE LEON LHERMITTE",0.0,0.0
201300053713,25,4,2013,14,1,75,115,2,1,1,6,"53, QUAI DE GRENELLE",0.0,0.0
201300053714,26,4,2013,12,1,75,115,2,7,1,2,PLACE CHARLES VALLIN,0.0,0.0
201300053715,26,4,2013,17,1,75,115,2,2,2,2,"197, RUE DE LA CROIX NIV",0.0,0.0
201300053716,3,5,2013,12,1,75,115,2,1,1,6,"13, RUE NELATON",0.0,0.0
201300053717,2,5,2013,20,1,75,115,2,3,1,2,"321, RUE LECOURBE",0.0,0.0
201300053718,4,5,2013,13,1,75,115,2,5,1,2,"105, RUE LECOURBE",0.0,0.0
201300053719,4,5,2013,22,5,75,115,2,1,1,3,"50, AVENUE DE LA MOTTE P",0.0,0.0
201300053720,5,5,2013,12,1,75,115,2,3,1,6,QUAI ANDRE CITROEN,0.0,0.0
201300053721,6,5,2013,13,1,75,115,2,1,2,6,"116, BOULEVARD DE GRENEL",0.0,0.0
201300053722,7,5,2013,7,1,75,115,2,4,1,6,"88, AVENUE DE SUFFREN",0.0,0.0
201300053723,14,5,2013,11,1,75,115,2,1,1,4,PLACE DE LA REPUBLIQUE D,0.0,0.0
201300053724,17,5,2013,16,1,75,115,2,1,1,2,"320, RUE LECOURBE",0.0,0.0
201300053725,19,5,2013,0,5,75,115,2,3,8,3,"94, AVENUE DE SUFFREN",0.0,0.0
201300053726,20,5,2013,20,5,75,115,2,2,3,6,"36, RUE DE DANTZIG",0.0,0.0
201300053727,21,5,2013,14,1,75,115,2,1,1,6,"28, RUE LABROUSTE",0.0,0.0
201300053728,21,5,2013,23,5,75,115,2,2,1,3,"22, RUE DE L ABBE GROULT",0.0,0.0
201300053729,22,5,2013,11,1,75,115,2,1,1,7,"17, BOULEVARD GARIBALDI",0.0,0.0
201300053730,23,5,2013,19,2,75,115,2,1,2,6,QUAI BRANLY,0.0,0.0
201300053731,24,5,2013,12,1,75,115,2,1,2,6,"47, RUE DE LOURMEL",0.0,0.0
201300053732,24,5,2013,19,1,75,115,2,1,2,6,"79, RUE CAMBRONNE",0.0,0.0
201300053733,25,5,2013,20,1,75,115,2,1,1,3,"136, AVENUE DE SUFFREN",0.0,0.0
201300053734,26,5,2013,18,1,75,115,2,4,1,3,AVENUE DE LA PORTE BRANC,0.0,0.0
201300053735,26,5,2013,19,1,75,115,2,2,1,6,"15, RUE DE LA CONVENTION",0.0,0.0
201300053736,27,5,2013,10,1,75,115,2,1,1,2,"55, AVENUE EMILE ZOLA",0.0,0.0
201300053737,29,5,2013,12,1,75,115,2,4,1,3,AVENUE DE LA PORTE BRANC,0.0,0.0
201300053738,30,5,2013,13,1,75,115,2,1,2,3,"23, RUE DE CRONSTADT",0.0,0.0
201300053739,30,5,2013,21,5,75,115,2,1,3,2,"149, RUE DE SEVRES",0.0,0.0
201300053740,31,5,2013,16,1,75,115,2,1,1,6,"9, BOULEVARD DE GRENELLE",0.0,0.0
201300053741,31,5,2013,19,1,75,114,2,1,1,6,BOULEVARD PERIPHERIQUE E,0.0,0.0
201300053742,31,5,2013,20,1,75,115,2,3,1,1,"146, RUE DE LA CROIX NIV",0.0,0.0
201300053743,31,5,2013,23,3,75,115,2,7,1,6,"1, RUE CAMBRONNE",0.0,0.0
201300053744,1,6,2013,16,1,75,115,2,1,1,6,"61, RUE DES MORILLONS",0.0,0.0
201300053745,3,6,2013,9,1,75,115,2,1,1,3,"103, QUAI BRANLY",0.0,0.0
201300053746,3,6,2013,11,1,75,115,2,2,1,3,"XV-14868, QUAI D ISSY LE",0.0,0.0
201300053747,3,6,2013,14,1,75,115,2,2,1,6,RUE DU THEATRE,0.0,0.0
201300053748,4,6,2013,11,1,75,115,2,2,1,6,"83, RUE DE LA CONVENTION",0.0,0.0
201300053749,4,6,2013,19,1,75,115,2,7,1,6,"2, RUE DE LA CROIX NIVER",0.0,0.0
201300053750,5,6,2013,15,1,75,115,2,1,1,4,"11, BOULEVARD DE GRENELL",0.0,0.0
201300053751,5,6,2013,16,1,75,115,2,1,1,2,"25, RUE DE L ARRIVEE",0.0,0.0
201300053752,7,6,2013,14,1,75,115,2,7,1,3,"7, ROND POINT DU PONT MI",0.0,0.0
201300053753,9,6,2013,5,2,75,115,2,2,2,6,BOULEVARD GENERAL MARTIA,0.0,0.0
201300053754,9,6,2013,13,1,75,115,2,3,8,3,"401, RUE DE VAUGIRARD",0.0,0.0
201300053755,10,6,2013,13,1,75,115,2,1,1,3,"13, BOULEVARD GARIBALDI",0.0,0.0
201300053756,10,6,2013,17,1,75,115,2,2,1,1,"01, AVENUE DE SUFFREN",0.0,0.0
201300053757,12,6,2013,21,5,75,115,2,3,1,6,"37, RUE CAMBRONNE",0.0,0.0
201300053758,13,6,2013,11,1,75,115,2,1,2,6,"22, RUE BLOMET",0.0,0.0
201300053759,13,6,2013,18,1,75,115,2,1,1,3,"202, RUE DE LA CONVENTIO",0.0,0.0
201300053760,14,6,2013,18,1,75,115,2,1,1,6,"14, RUE DU COMMERCE",0.0,0.0
201300053761,15,6,2013,3,5,75,115,2,2,1,6,"316, RUE DE VAUGIRARD",0.0,0.0
201300053762,17,6,2013,9,1,75,115,2,1,3,6,"12, RUE DU HAMEAU",0.0,0.0
201300053763,17,6,2013,15,1,75,115,2,3,1,6,"27, RUE CAUCHY",0.0,0.0
201300053764,18,6,2013,11,1,75,115,2,5,1,6,"61, BOULEVARD DE GRENELL",0.0,0.0
201300053765,18,6,2013,20,1,75,115,2,3,1,3,"21, RUE DU HAMEAU",0.0,0.0
201300053766,20,6,2013,16,1,75,115,2,3,1,6,"79, RUE SAINT CHARLES",0.0,0.0
201300053767,21,6,2013,19,1,75,115,2,2,1,1,AVENUE DE LA PORTE BRANC,0.0,0.0
201300053768,22,6,2013,13,1,75,115,2,1,1,7,AVENUE DE LA PORTE DE SE,0.0,0.0
201300053769,22,6,2013,16,1,75,115,2,7,1,2,"10, RUE LOUIS VICAT",0.0,0.0
201300053770,24,6,2013,19,1,75,115,2,1,1,7,"34, BOULEVARD DE VAUGIRA",0.0,0.0
201300053771,25,6,2013,0,5,75,115,2,2,1,2,QUAI ANDRE CITROEN,0.0,0.0
201300053772,25,6,2013,17,1,75,115,2,1,1,6,"74, RUE BALARD",0.0,0.0
201300053773,25,6,2013,19,1,75,115,2,1,1,6,"52, RUE D ORADOUR SUR GL",0.0,0.0
201300053774,26,6,2013,18,1,75,115,2,3,1,6,"82, RUE DESNOUETTES",0.0,0.0
201300053775,27,6,2013,9,1,75,115,2,1,2,6,"181, RUE SAINT CHARLES",0.0,0.0
201300053776,27,6,2013,10,1,75,115,2,1,1,6,"196, RUE DE LA CONVENTIO",0.0,0.0
201300053777,28,6,2013,13,1,75,115,2,5,1,6,RUE LOUIS VICAT,0.0,0.0
201300053778,29,6,2013,3,5,75,115,2,1,8,6,PLACE RAOUL DAUTRY,0.0,0.0
201300053779,30,6,2013,18,1,75,115,2,2,1,3,"2, AVENUE DE LA PORTE BR",0.0,0.0
201300053780,2,7,2013,9,1,75,115,2,2,1,6,"28/32, BOULEVARD DE GREN",0.0,0.0
201300053781,2,7,2013,16,1,75,115,2,4,1,3,PLACE DES INSURGES DE VA,0.0,0.0
201300053782,3,7,2013,10,1,75,115,2,1,1,6,"29, RUE MATHURIN REGNIER",0.0,0.0
201300053783,7,7,2013,12,1,75,115,2,1,1,3,"11, BOULEVARD GARIBALDI",0.0,0.0
201300053784,8,7,2013,3,5,75,115,2,1,1,2,"12, RUE D ORADOUR SUR GL",0.0,0.0
201300053785,8,7,2013,9,1,75,115,2,5,1,3,BOULEVARD GENERAL MARTIA,0.0,0.0
201300053786,9,7,2013,19,1,75,115,2,2,1,3,"151, RUE DE JAVEL",0.0,0.0
201300053787,10,7,2013,17,1,75,115,2,5,1,3,"1, QUAI DE GRENELLE",0.0,0.0
201300053788,10,7,2013,19,1,75,115,2,1,1,3,"88, AVENUE DE SUFFREN",0.0,0.0
201300053789,12,7,2013,11,1,75,115,2,2,1,6,"115, RUE DE LA CROIX NIV",0.0,0.0
201300053790,12,7,2013,16,1,75,115,2,2,1,6,"32, BOULEVARD DU MONTPAR",0.0,0.0
201300053791,12,7,2013,18,1,75,115,2,3,1,7,"46, RUE DE DANTZIG",0.0,0.0
201300053792,12,7,2013,21,1,75,115,2,3,1,6,"70, RUE LECOURBE",0.0,0.0
201300053793,15,7,2013,16,1,75,115,2,4,1,6,"23, RUE JUGE",0.0,0.0
201300053794,25,6,2013,14,1,75,115,2,1,1,6,"84, RUE DES ENTREPRENEUR",0.0,0.0
201300053795,16,7,2013,15,1,75,115,2,2,1,6,"18, RUE DOMBASLE",0.0,0.0
201300053796,19,7,2013,16,1,75,115,2,1,1,3,"250, RUE DE LA CONVENTIO",0.0,0.0
201300053797,19,7,2013,17,1,75,115,2,1,1,6,"6, RUE DE LA CROIX NIVER",0.0,0.0
201300053798,23,7,2013,14,1,75,115,2,2,2,6,"83, RUE DE LA CONVENTION",0.0,0.0
201300053799,23,7,2013,15,1,75,115,2,1,2,2,"41, RUE DES MORILLONS",0.0,0.0
201300053800,24,7,2013,19,1,75,115,2,1,1,6,"19, RUE ANDRE GIDE",0.0,0.0
201300053801,25,7,2013,12,1,75,115,2,5,1,6,"89, BOULEVARD PASTEUR",0.0,0.0
201300053802,25,7,2013,20,1,75,115,2,1,1,6,"340, RUE DE VAUGIRARD",0.0,0.0
201300053803,26,7,2013,21,2,75,115,2,3,1,6,"22, RUE JEAN DAUDIN",0.0,0.0
201300053804,27,7,2013,13,1,75,115,2,7,1,3,"01, RUE DE LA CONVENTION",0.0,0.0
201300053805,29,7,2013,3,5,75,115,2,2,1,2,"32, BOULEVARD VICTOR",0.0,0.0
201300053806,29,7,2013,17,1,75,115,1,7,1,3,QUAI BRANLY,0.0,0.0
201300053807,30,7,2013,7,1,75,115,2,4,1,7,QUAI D ISSY LES MOULINEA,0.0,0.0
201300053808,31,7,2013,21,3,75,115,2,1,1,6,"75, RUE DE LA CONVENTION",0.0,0.0
201300053809,31,7,2013,21,5,75,115,2,4,1,3,"58, BOULEVARD GARIBALDI",0.0,0.0
201300053810,1,8,2013,14,1,75,115,2,1,1,6,"9, PLACE ADOLPHE CHERIOU",0.0,0.0
201300053811,1,8,2013,20,1,75,115,2,1,1,2,"50, BOULEVARD LEFEBVRE",0.0,0.0
201300053812,2,8,2013,9,1,75,115,2,2,1,6,"28, BOULEVARD DE GRENELL",0.0,0.0
201300053813,2,8,2013,20,1,75,115,2,5,1,6,"51, BOULEVARD LEFEBVRE",0.0,0.0
201300053814,7,8,2013,10,1,75,115,2,3,3,3,"121, RUE DE LA CONVENTIO",0.0,0.0
201300053815,8,8,2013,9,1,75,115,2,3,1,3,"195, RUE DE VAUGIRARD",0.0,0.0
201300053816,9,8,2013,20,1,75,115,2,4,1,3,"1, SOUS STATION SNCF QUA",0.0,0.0
201300053817,11,8,2013,12,1,75,115,2,1,1,2,"219, RUE DE LA CROIX NIV",0.0,0.0
201300053818,17,8,2013,13,1,75,115,2,2,1,3,"111, RUE DE LA CROIX NIV",0.0,0.0
201300053819,17,8,2013,15,1,75,115,2,4,1,3,"48, BOULEVARD GARIBALDI",0.0,0.0
201300053820,17,8,2013,19,1,75,115,2,1,1,6,PORT DE JAVEL,0.0,0.0
201300053821,19,8,2013,18,1,75,115,2,1,1,6,"115, RUE DE VAUGIRARD",0.0,0.0
201300053822,20,8,2013,18,1,75,115,2,2,1,1,"38, RUE LINOIS",0.0,0.0
201300053823,21,8,2013,17,1,75,115,2,2,7,6,RUE FERDINAND FABRE,0.0,0.0
201300053824,21,8,2013,18,1,75,114,2,1,1,3,BOULEVARD PERIPHERIQUE,0.0,0.0
201300053825,23,8,2013,12,1,75,115,2,2,1,6,"103, RUE CAMBRONNE",0.0,0.0
201300053826,23,8,2013,19,2,75,115,2,1,1,4,BOULEVARD PERIPHERIQUE I,0.0,0.0
201300053827,25,8,2013,10,1,75,115,2,1,3,3,"272, RUE LECOURBE",0.0,0.0
201300053828,28,8,2013,15,1,75,115,2,1,1,4,"19, RUE LOUIS VICAT",0.0,0.0
201300053829,28,8,2013,20,2,75,115,2,1,1,3,"33, BOULEVARD GENERAL MA",0.0,0.0
201300053830,31,8,2013,10,1,75,115,2,1,1,6,QUAI BRANLY,0.0,0.0
201300053831,31,8,2013,5,5,75,115,2,1,1,6,"18, BOULEVARD DE GRENELL",0.0,0.0
201300053832,1,9,2013,4,5,75,115,2,3,1,7,RUE DE VAUGIRARD,0.0,0.0
201300053833,31,8,2013,22,5,75,115,2,2,1,3,"115, RUE SAINT CHARLES",0.0,0.0
201300053834,2,9,2013,8,1,75,115,2,7,1,3,PLACE DES INSURGES DE VA,0.0,0.0
201300053835,3,9,2013,6,1,75,115,2,1,1,6,"4, RUE LOUIS ARMAND",0.0,0.0
201300053836,3,9,2013,9,1,75,115,2,1,1,6,"69, BOULEVARD DE GRENELL",0.0,0.0
201300053837,4,9,2013,14,1,75,115,2,2,1,3,"8, RUE DE LOURMEL",0.0,0.0
201300053838,4,9,2013,16,1,75,115,2,3,1,6,"119, RUE DE LA CONVENTIO",0.0,0.0
201300053839,5,9,2013,20,5,75,115,2,2,1,6,"298, RUE DE VAUGIRARD",0.0,0.0
201300053840,6,9,2013,8,1,75,115,2,1,1,6,"30, RUE DU DEPART",0.0,0.0
201300053841,6,9,2013,10,1,75,115,2,2,2,3,"44, AVENUE FELIX FAURE",0.0,0.0
201300053842,7,9,2013,18,2,75,115,2,1,1,2,"32, BOULEVARD DE VAUGIRA",0.0,0.0
201300053843,9,9,2013,18,1,75,115,2,1,2,6,"23, RUE DE VOUILLE",0.0,0.0
201300053844,9,9,2013,19,1,75,115,2,1,1,2,"24, RUE DES VOLONTAIRES",0.0,0.0
201300053845,10,9,2013,1,5,75,115,2,2,2,6,"92,94, BOULEVARD LEFEBVR",0.0,0.0
201300053846,10,9,2013,16,1,75,115,2,1,1,6,"190, RUE DE LA CONVENTIO",0.0,0.0
201300053847,10,9,2013,18,1,75,115,2,3,1,3,"29, RUE CAMBRONNE",0.0,0.0
201300053848,11,9,2013,9,1,75,115,2,1,1,7,QUAI D ISSY LES MOULINEA,0.0,0.0
201300053849,11,9,2013,19,2,75,115,2,7,1,3,PLACE CAMBRONNE,0.0,0.0
201300053850,13,9,2013,18,1,75,115,2,5,2,3,"38, BOULEVARD DU MONTPAR",0.0,0.0
201300053851,14,9,2013,17,1,75,115,2,2,2,6,"1, RUE DE L AMIRAL ROUSS",0.0,0.0
201300053852,16,9,2013,6,2,75,115,2,2,2,3,"85, RUE DE LA CONVENTION",0.0,0.0
201300053853,16,9,2013,10,1,75,115,2,1,1,2,QUAI ANDRE CITROEN,0.0,0.0
201300053854,16,9,2013,22,3,75,115,2,2,8,6,"55, QUAI DE GRENELLE",0.0,0.0
201300053855,17,9,2013,19,5,75,115,2,3,2,6,"262, RUE DE VAUGIRARD",0.0,0.0
201300053856,18,9,2013,14,1,75,115,2,3,2,6,"10, PLACE DES CINQ MARTY",0.0,0.0
201300053857,18,9,2013,17,1,75,115,2,2,3,3,QUAI D ISSY LES MOULINEA,0.0,0.0
201300053858,21,9,2013,2,5,75,115,2,1,1,2,"37, BOULEVARD DE GRENELL",0.0,0.0
201300053859,21,9,2013,18,1,75,115,2,2,1,3,"54, RUE DE VOUILLE",0.0,0.0
201300053860,22,9,2013,17,1,75,115,2,3,1,3,QUAI DE GRENELLE,0.0,0.0
201300053861,23,9,2013,17,1,75,115,2,2,1,6,"115, RUE DE LOURMEL",0.0,0.0
201300053862,24,9,2013,20,5,75,114,2,2,1,3,AVENUE DE LA PORTE DE CH,0.0,0.0
201300053863,25,9,2013,8,1,75,115,2,3,1,2,"1 bis, RUE EMILE DUCLAUX",0.0,0.0
201300053864,25,9,2013,15,1,75,115,2,2,1,3,"129, RUE BLOMET",0.0,0.0
201300053865,25,9,2013,19,2,75,115,2,5,1,7,"88, AVENUE DE SUFFREN",0.0,0.0
201300053866,26,9,2013,18,1,75,115,2,1,1,2,"17, BOULEVARD DE GRENELL",0.0,0.0
201300053867,27,9,2013,9,1,75,115,2,1,1,3,"76, RUE MADEMOISELLE",0.0,0.0
201300053868,27,9,2013,17,1,75,115,2,3,1,3,"399, RUE DE VAUGIRARD",0.0,0.0
201300053869,27,9,2013,18,1,75,115,2,1,1,6,"55, RUE DE L ABBE GROULT",0.0,0.0
201300053870,28,9,2013,20,5,75,115,2,1,1,7,"324, RUE LECOURBE",0.0,0.0
201300053871,29,9,2013,14,1,75,115,2,2,1,3,PONT DU GARIGLIANO,0.0,0.0
201300053872,1,10,2013,13,1,75,115,2,2,1,3,"2, PONT MIRABEAU",0.0,0.0
201300053873,2,10,2013,15,1,75,115,2,3,1,6,"11, RUE PECLET",0.0,0.0
201300053874,3,10,2013,10,1,75,115,2,1,1,4,BOULEVARD PERIPHERIQUE,0.0,0.0
201300053875,3,10,2013,21,5,75,115,2,1,2,6,BOULEVARD GENERAL MARTIA,0.0,0.0