Num_Acc,jour,mois,an,hr,condition_eclairage,departement,commune,condition_agglomeration,intersection,condition_atmosphere,type_collision,adresse,lattitude,longitude
201300053876,4,10,2013,12,1,75,115,2,3,1,3,"7, BOULEVARD GENERAL MAR",0.0,0.0
201300053877,4,10,2013,13,1,75,115,2,1,1,6,"112, RUE DE LOURMEL",0.0,0.0
201300053878,5,10,2013,3,5,75,114,2,3,1,3,RUE DE LA LEGION ETRANGE,0.0,0.0
201300053879,5,10,2013,17,1,75,115,2,3,1,6,"121, AVENUE FELIX FAURE",0.0,0.0
201300053880,8,10,2013,18,1,75,115,2,1,1,4,PONT DE GRENELLE,0.0,0.0
201300053881,9,10,2013,13,1,75,115,2,5,1,7,"183, RUE DE VAUGIRARD",0.0,0.0
201300053882,10,10,2013,20,5,75,115,2,5,2,6,RUE DE VAUGIRARD,0.0,0.0
201300053883,11,10,2013,7,1,75,115,2,3,2,7,"25, QUAI ANDRE CITROEN",0.0,0.0
201300053884,8,10,2013,12,1,75,115,2,1,1,3,"57, RUE CAMBRONNE",0.0,0.0
201300053885,11,10,2013,14,1,75,115,2,1,2,7,"19, RUE DE VOUILLE",0.0,0.0
201300053886,12,10,2013,10,1,75,115,2,2,1,3,BOULEVARD VICTOR,0.0,0.0
201300053887,12,10,2013,12,1,75,115,2,2,1,3,"94, BOULEVARD LEFEBVRE",0.0,0.0
201300053888,12,10,2013,14,1,75,115,2,1,1,3,"123, RUE FALGUIERE",0.0,0.0
201300053889,16,10,2013,19,5,75,115,2,3,2,6,"120, AVENUE FELIX FAURE",0.0,0.0
201300053890,18,10,2013,13,1,75,115,2,1,1,6,"72, AVENUE DE SUFFREN",0.0,0.0
201300053891,18,10,2013,12,1,75,115,2,1,1,3,"128, AVENUE FELIX FAURE",0.0,0.0
201300053892,20,10,2013,1,5,75,115,2,2,8,3,"105, RUE DE JAVEL",0.0,0.0
201300053893,20,10,2013,18,2,75,115,2,1,3,6,"340, RUE DE VAUGIRARD",0.0,0.0
201300053894,21,10,2013,22,5,75,115,2,7,1,6,"57, RUE DE LA PROCESSION",0.0,0.0
201300053895,22,10,2013,9,1,75,115,2,2,1,6,"15, RUE DE LA CONVENTION",0.0,0.0
201300053896,24,10,2013,15,1,75,115,2,1,1,3,RUE DE VAUGIRARD,0.0,0.0
201300053897,24,10,2013,23,5,75,115,2,5,1,7,"244, RUE LECOURBE",0.0,0.0
201300053898,25,10,2013,12,1,75,115,2,2,1,7,"24, RUE DE VOUILLE",0.0,0.0
201300053899,26,10,2013,12,1,75,115,2,1,1,6,"81, RUE LECOURBE",0.0,0.0
201300053900,26,10,2013,15,1,75,115,2,2,1,3,"108, RUE FALGUIERE",0.0,0.0
201300053901,28,10,2013,19,5,75,115,2,1,1,2,"58, BOULEVARD DU MONTPAR",0.0,0.0
201300053902,29,10,2013,10,1,75,115,2,5,1,3,"33, RUE DE VOUILLE",0.0,0.0
201300053903,29,10,2013,10,1,75,115,2,2,1,6,RUE DE LA CONVENTION,0.0,0.0
201300053904,29,10,2013,18,5,75,115,2,1,1,7,"91, QUAI BRANLY",0.0,0.0
201300053905,31,10,2013,10,1,75,115,2,1,1,2,"29, RUE FREMICOURT",0.0,0.0
201300053906,2,11,2013,12,1,75,115,2,5,2,7,"84, RUE CAMBRONNE",0.0,0.0
201300053907,2,11,2013,20,5,75,115,2,2,2,6,"1, BOULEVARD VICTOR",0.0,0.0
201300053908,2,11,2013,22,5,75,115,2,1,2,5,"33, AVENUE DE LA PORTE B",0.0,0.0
201300053909,3,11,2013,18,5,75,115,2,5,1,6,"1, QUAI DE GRENELLE",0.0,0.0
201300053910,5,11,2013,1,5,75,115,2,7,1,7,"13, PLACE ETIENNE PERNET",0.0,0.0
201300053911,5,11,2013,22,5,75,115,2,5,1,3,"1, QUAI DE GRENELLE",0.0,0.0
201300053912,6,11,2013,7,2,75,115,2,1,9,6,"31, RUE ALPHONSE BERTILL",0.0,0.0
201300053913,6,11,2013,10,1,75,115,2,3,1,3,"12, RUE LINOIS",0.0,0.0
201300053914,7,11,2013,16,1,75,115,2,3,2,6,"71, RUE DESNOUETTES",0.0,0.0
201300053915,7,11,2013,17,5,75,115,2,2,2,6,"42, RUE DE LA CROIX NIVE",0.0,0.0
201300053916,9,11,2013,4,5,75,115,2,2,1,6,"49, BOULEVARD GENERAL MA",0.0,0.0
201300053917,10,11,2013,4,5,75,115,2,4,2,6,"20, AVENUE DU MAINE",0.0,0.0
201300053918,10,11,2013,12,1,75,115,2,4,1,6,"395, RUE DE VAUGIRARD",0.0,0.0
201300053919,13,11,2013,21,5,75,115,2,1,1,6,RUE DE LA ROSIERE,0.0,0.0
201300053920,14,11,2013,19,5,75,115,2,1,2,3,"63, RUE CAMBRONNE",0.0,0.0
201300053921,15,11,2013,8,1,75,115,2,5,1,3,RUE CAMBRONNE,0.0,0.0
201300053922,15,11,2013,8,1,75,115,2,1,1,3,"53, BOULEVARD GENERAL MA",0.0,0.0
201300053923,16,11,2013,2,5,75,115,2,3,1,6,"1, RUE MIZON",0.0,0.0
201300053924,16,11,2013,11,1,75,115,2,1,1,2,"20, BOULEVARD DU MONTPAR",0.0,0.0
201300053925,16,11,2013,11,1,75,115,2,1,1,6,"15, RUE DU HAMEAU",0.0,0.0
201300053926,17,11,2013,8,1,75,115,2,1,1,2,"110, RUE DE SEVRES",0.0,0.0
201300053927,19,11,2013,9,1,75,115,2,2,2,3,RUE DE VAUGIRARD,0.0,0.0
201300053928,19,11,2013,18,5,75,115,2,5,1,6,"4, RUE DU DEPART",0.0,0.0
201300053929,19,11,2013,18,5,75,115,2,2,2,6,RUE DE LA CONVENTION,0.0,0.0
201300053930,20,11,2013,7,1,75,115,2,5,1,7,"103, QUAI BRANLY",0.0,0.0
201300053931,22,11,2013,14,1,75,115,2,1,1,6,"20-22, RUE OLIVIER DE SE",0.0,0.0
201300053932,22,11,2013,17,5,75,115,2,1,1,6,BOULEVARD DE GRENELLE,0.0,0.0
201300053933,23,11,2013,13,1,75,115,2,5,1,7,"84, AVENUE DE SUFFREN",0.0,0.0
201300053934,24,11,2013,13,1,75,115,2,2,1,6,"198, RUE DE LA CONVENTIO",0.0,0.0
201300053935,25,11,2013,17,5,75,115,2,1,1,7,"203, RUE DE LOURMEL",0.0,0.0
201300053936,26,11,2013,17,5,75,115,2,2,1,7,"72, RUE DUTOT",0.0,0.0
201300053937,26,11,2013,23,5,75,115,2,3,1,6,"397, RUE DE VAUGIRARD",0.0,0.0
201300053938,29,11,2013,8,1,75,115,2,1,1,3,BOULEVARD PERIPHERIQUE I,0.0,0.0
201300053939,29,11,2013,14,1,75,115,2,3,2,6,"393, RUE DE VAUGIRARD",0.0,0.0
201300053940,2,12,2013,22,5,75,115,2,1,1,6,"45, RUE DES MORILLONS",0.0,0.0
201300053941,3,12,2013,19,3,75,115,2,4,1,3,"35, AVENUE DE LA PORTE B",0.0,0.0
201300053942,4,12,2013,10,1,75,115,2,5,1,6,"147, RUE DE LA CONVENTIO",0.0,0.0
201300053943,6,12,2013,9,1,75,115,2,1,1,3,"107, BOULEVARD DE GRENEL",0.0,0.0
201300053944,6,12,2013,13,1,75,115,2,5,1,2,"72, BOULEVARD PASTEUR",0.0,0.0
201300053945,6,12,2013,16,1,75,115,2,1,1,6,"21, RUE AUGUSTE VITU",0.0,0.0
201300053946,6,12,2013,16,1,75,115,2,2,1,6,RUE LECOURBE,0.0,0.0
201300053947,8,12,2013,19,5,75,107,2,3,1,1,"01, AVENUE DE SUFFREN",0.0,0.0
201300053948,9,12,2013,7,1,75,115,2,2,1,6,"2, BOULEVARD PASTEUR",0.0,0.0
201300053949,9,12,2013,12,1,75,115,2,1,1,3,"34, BOULEVARD DE GRENELL",0.0,0.0
201300053950,9,12,2013,15,1,75,115,2,2,1,6,"63, RUE DE LA CONVENTION",0.0,0.0
201300053951,9,12,2013,17,5,75,115,2,2,1,6,"49, AVENUE EMILE ZOLA",0.0,0.0
201300053952,10,12,2013,11,1,75,115,2,2,1,6,"87, RUE DE LOURMEL",0.0,0.0
201300053953,13,12,2013,1,5,75,115,2,3,1,6,"94, RUE DE LA CONVENTION",0.0,0.0
201300053954,14,12,2013,23,5,75,114,2,1,2,6,BOULEVARD BRUNE,0.0,0.0
201300053955,16,12,2013,16,1,75,115,2,3,1,7,"103, QUAI BRANLY",0.0,0.0
201300053956,16,12,2013,17,5,75,115,2,1,1,6,"59, RUE FONDARY",0.0,0.0
201300053957,17,12,2013,12,1,75,115,2,7,1,6,"35, QUAI ANDRE CITROEN",0.0,0.0
201300053958,19,12,2013,9,1,75,115,2,2,1,6,"12, RUE MARMONTEL",0.0,0.0
201300053959,20,12,2013,13,1,75,115,2,1,1,7,"140, RUE SAINT CHARLES",0.0,0.0
201300053960,20,12,2013,17,5,75,115,2,3,1,7,"58, RUE DE LA CROIX NIVE",0.0,0.0
201300053961,20,12,2013,19,5,75,115,2,2,1,7,"26, AVENUE EMILE ZOLA",0.0,0.0
201300053962,22,12,2013,18,5,75,115,2,5,2,6,"238, RUE DE LA CONVENTIO",0.0,0.0
201300053963,23,12,2013,9,1,75,115,2,7,2,3,PLACE DES INSURGES DE VA,0.0,0.0
201300053964,23,12,2013,10,1,75,115,2,7,1,3,"56B, PLACE SAINT CHARLES",0.0,0.0
201300053965,23,12,2013,20,5,75,115,2,1,2,6,"41, RUE DE VOUILLE",0.0,0.0
201300053966,24,12,2013,12,1,75,115,2,2,2,6,"44, RUE DE LA CONVENTION",0.0,0.0
201300053967,30,12,2013,17,5,75,115,2,2,2,6,PONT MIRABEAU,0.0,0.0
201300053968,31,12,2013,16,2,75,115,2,1,2,3,"96, RUE FALGUIERE",0.0,0.0
201300053969,31,12,2013,18,5,75,115,2,5,2,6,"225, RUE DE LA CONVENTIO",0.0,0.0
201300053970,1,1,2013,2,3,75,116,2,7,1,3,PLACE DE VARSOVIE,0.0,0.0
201300053971,5,1,2013,23,5,75,116,2,1,2,6,AVENUE KLEBER,0.0,0.0
201300053972,31,12,2013,11,1,75,116,2,7,1,3,PLACE DU MARECHAL DE LAT,0.0,0.0
201300053973,6,1,2013,18,4,75,116,2,1,1,6,"36, QUAI LOUIS BLERIOT",0.0,0.0
201300053974,8,1,2013,12,1,75,116,2,7,1,7,PLACE DE VARSOVIE,0.0,0.0
201300053975,8,1,2013,14,1,75,116,2,1,1,6,"20, RUE LEONARD DE VINCI",0.0,0.0
201300053976,9,1,2013,7,2,75,116,2,1,8,3,AVENUE DU PRESIDENT WILS,0.0,0.0
201300053977,9,1,2013,13,1,75,116,2,1,8,6,"7, AVENUE DE LA GRANDE A",0.0,0.0
201300053978,10,1,2013,18,5,75,116,2,2,8,6,RUE D AUTEUIL,0.0,0.0
201300053979,11,1,2013,17,5,75,116,2,4,1,6,"14, RUE DE BOULAINVILLIE",0.0,0.0
201300053980,11,1,2013,19,5,75,116,2,3,8,3,"144, AVENUE DE VERSAILLE",0.0,0.0
201300053981,11,1,2013,20,3,75,116,2,1,1,4,"21, AVENUE MARCEAU",0.0,0.0
201300053982,13,1,2013,14,1,75,108,2,5,1,6,"04, AVENUE DU PRESIDENT",0.0,0.0
201300053983,13,1,2013,17,5,75,116,2,7,2,7,BOULEVARD DE L AMIRAL BR,0.0,0.0
201300053984,13,1,2013,19,5,75,116,2,7,2,6,AVENUE DE VERSAILLES,0.0,0.0
201300053985,14,1,2013,1,5,75,116,2,2,1,7,"45, AVENUE GEORGES MANDE",0.0,0.0
201300053986,14,1,2013,19,5,75,116,2,1,4,6,"19, RUE BOISSIERE",0.0,0.0
201300053987,16,1,2013,8,1,75,116,2,7,9,6,"5118, AVENUE KLEBER",0.0,0.0
201300053988,16,1,2013,19,5,75,116,2,1,1,7,AVENUE KLEBER,0.0,0.0
201300053989,17,1,2013,15,1,75,116,2,1,1,2,"inconnue, BOULEVARD PERI",0.0,0.0
201300053990,18,1,2013,1,5,75,116,2,2,1,4,PORTE DE SAINT CLOUD,0.0,0.0
201300053991,19,1,2013,2,3,75,116,2,2,4,6,ECHANGEUR MUETTE,0.0,0.0
201300053992,18,1,2013,20,5,75,116,2,1,4,2,ALLEE DE LONGCHAMP,0.0,0.0
201300053993,16,1,2013,13,1,75,116,2,7,1,6,"01, PLACE DU TROCADERO",0.0,0.0
201300053994,23,1,2013,10,1,75,116,2,5,1,6,"62, AVENUE THEOPHILE GAU",0.0,0.0
201300053995,23,1,2013,23,5,75,117,2,4,2,6,RUE DU CAPORAL PEUGEOT,0.0,0.0
201300053996,25,1,2013,8,1,75,116,2,7,1,2,"1, AVENUE RAYMOND POINCA",0.0,0.0
201300053997,25,1,2013,16,1,75,116,2,7,1,3,PLACE DU TROCADERO,0.0,0.0
201300053998,27,1,2013,11,1,75,116,2,2,2,6,RUE LARGILLIERE,0.0,0.0
201300053999,27,1,2013,11,1,75,116,2,7,8,6,PLACE TATTEGRAIN,0.0,0.0
201300054000,28,1,2013,15,1,75,116,2,3,1,7,"44, AVENUE VICTOR HUGO",0.0,0.0
201300054001,28,1,2013,22,5,75,116,2,7,2,6,"43, AVENUE DE LA GRANDE",0.0,0.0
201300054002,29,1,2013,9,1,75,116,2,1,2,3,QUAI SAINT EXUPERY,0.0,0.0
201300054003,29,1,2013,18,5,75,116,2,1,2,7,"65, AVENUE DE LA GRANDE",0.0,0.0
201300054004,29,1,2013,21,5,75,116,2,7,1,3,PLACE CHARLES DE GAULLE,0.0,0.0
201300054005,1,2,2013,9,1,75,116,2,1,1,2,AVENUE EDOUARD VAILLANT,0.0,0.0
201300054006,1,2,2013,13,1,75,116,2,7,8,3,PLACE DU MARECHAL DE LAT,0.0,0.0
201300054007,2,2,2013,17,1,75,116,2,1,2,3,ROUTE DE LA PTE DES SABL,0.0,0.0
201300054008,2,2,2013,5,5,75,116,2,4,1,6,AVENUE EDOUARD VAILLANT,0.0,0.0
201300054009,3,2,2013,21,5,75,116,2,3,3,6,BOULEVARD DE BEAUSEJOUR,0.0,0.0
201300054010,3,2,2013,21,5,75,116,2,1,3,3,ALLEE DE LA REINE MARGUE,0.0,0.0
201300054011,5,2,2013,13,1,75,116,2,4,1,6,ROUTE DES MOULINS,0.0,0.0
201300054012,6,2,2013,10,1,75,116,2,7,1,2,"2, AVENUE VICTOR HUGO",0.0,0.0
201300054013,7,2,2013,19,3,75,116,2,1,1,6,"49, BOULEVARD DE BEAUSEJ",0.0,0.0
201300054014,8,2,2013,1,5,75,116,2,1,2,1,AVENUE KLEBER,0.0,0.0
201300054015,8,2,2013,11,1,75,116,2,7,1,3,"6, PLACE D IENA",0.0,0.0
201300054016,9,2,2013,12,1,75,116,2,7,2,6,"2, RUE BOIS LE VENT",0.0,0.0
201300054017,9,2,2013,17,1,75,116,2,1,1,3,"119, AVENUE DE VERSAILLE",0.0,0.0
201300054018,14,2,2013,18,5,75,116,2,1,2,6,"23, BOULEVARD SUCHET",0.0,0.0
201300054019,14,2,2013,19,5,75,116,2,2,8,3,BOULEVARD MURAT,0.0,0.0
201300054020,15,2,2013,14,1,75,116,2,7,1,6,ROUTE DE LA MUETTE A NEU,0.0,0.0
201300054021,18,2,2013,22,5,75,116,2,2,1,2,AVENUE RAYMOND POINCARE,0.0,0.0
201300054022,20,2,2013,10,1,75,116,2,1,1,2,"132, AVENUE VICTOR HUGO",0.0,0.0
201300054023,20,2,2013,17,2,75,116,2,1,1,6,PLACE DE LA PORTE MAILLO,0.0,0.0
201300054024,20,2,2013,18,5,75,116,2,1,1,2,PLACE D AUTEUIL,0.0,0.0
201300054025,21,2,2013,12,1,75,116,2,1,1,2,"36, AVENUE RAYMOND POINC",0.0,0.0
201300054026,18,2,2013,23,5,75,116,2,7,1,3,PLACE CHARLES DE GAULLE,0.0,0.0
201300054027,22,2,2013,9,1,75,116,2,1,4,7,ROUTE DE LA PTE DES SABL,0.0,0.0
201300054028,22,2,2013,18,5,75,116,2,2,1,6,"25, AVENUE PAUL DOUMER",0.0,0.0
201300054029,25,2,2013,18,5,75,116,2,4,4,6,"61, AVENUE GEORGES MANDE",0.0,0.0
201300054030,27,2,2013,8,1,75,116,2,2,1,6,AVENUE FOCH,0.0,0.0
201300054031,27,2,2013,19,5,75,116,2,1,2,7,RUE HENRY DE LA VAULX,0.0,0.0
201300054032,27,2,2013,20,5,75,116,2,2,2,6,ALLEE DE LONGCHAMP,0.0,0.0
201300054033,28,2,2013,18,5,75,116,2,1,1,6,ALLEE DU BORD DE L EAU,0.0,0.0
201300054034,1,3,2013,17,1,75,116,2,1,1,6,"13, RUE DES BELLES FEUIL",0.0,0.0
201300054035,4,3,2013,15,1,75,116,2,3,1,2,RUE POUSSIN,0.0,0.0
201300054036,6,3,2013,2,5,75,116,2,1,1,6,ROUTE DE LA PTE DAUPHINE,0.0,0.0
201300054037,6,3,2013,18,5,75,116,2,1,2,6,"38, AVENUE DE VERSAILLES",0.0,0.0
201300054038,6,3,2013,21,5,75,116,2,2,1,2,"50, AVENUE FOCH",0.0,0.0
201300054039,6,3,2013,22,5,75,116,2,2,1,6,"39, RUE MOLITOR",0.0,0.0
201300054040,7,3,2013,17,1,75,116,2,1,1,6,"9 bis, BOULEVARD MURAT",0.0,0.0
201300054041,8,3,2013,9,1,75,116,2,4,1,3,"190, AVENUE DE VERSAILLE",0.0,0.0
201300054042,9,3,2013,19,5,75,116,2,2,1,2,AVENUE FERDINAND BUISSON,0.0,0.0
201300054043,9,3,2013,20,5,75,116,2,1,1,6,"50, QUAI LOUIS BLERIOT",0.0,0.0
201300054044,10,3,2013,19,3,75,116,2,1,1,7,"32, RUE AMIRAL HAMELIN",0.0,0.0
201300054045,11,3,2013,11,1,75,116,2,1,1,2,"173, AVENUE VICTOR HUGO",0.0,0.0
201300054046,13,3,2013,18,2,75,116,2,4,1,6,"61, RUE D AUTEUIL",0.0,0.0
201300054047,14,3,2013,9,1,75,116,2,3,1,7,AVENUE DE LA PORTE D AUT,0.0,0.0
201300054048,14,3,2013,14,1,75,116,2,2,1,3,"39, AVENUE MARCEAU",0.0,0.0
201300054049,15,3,2013,13,1,75,116,2,1,1,6,"48, AVENUE RAYMOND POINC",0.0,0.0
201300054050,15,3,2013,19,2,75,116,2,7,1,1,PLACE DE VARSOVIE,0.0,0.0
201300054051,16,3,2013,2,5,75,116,2,2,1,6,BOULEVARD SUCHET,0.0,0.0
201300054052,18,3,2013,11,1,75,108,2,2,1,3,PLACE DE L ALMA,0.0,0.0
201300054053,18,3,2013,17,1,75,116,2,1,1,6,AVENUE DE NEW YORK,0.0,0.0
201300054054,18,3,2013,17,1,75,116,2,1,1,3,ALLEE DU BORD DE L EAU,0.0,0.0
201300054055,18,3,2013,22,5,75,116,2,7,3,6,AVENUE RAYMOND POINCARE,0.0,0.0
201300054056,19,3,2013,19,2,75,116,2,1,3,7,"43, AVENUE BUGEAUD",0.0,0.0
201300054057,20,3,2013,20,5,75,116,2,7,1,3,PLACE DU MARECHAL DE LAT,0.0,0.0
201300054058,21,3,2013,20,5,75,116,2,1,2,6,BOULEVARD PERIPHERIQUE,0.0,0.0
201300054059,21,3,2013,21,5,75,116,2,7,2,5,"1, AVENUE DE LA GRANDE A",0.0,0.0
201300054060,23,3,2013,10,1,75,116,2,1,1,1,"15, RUE BOISSIERE",0.0,0.0
201300054061,24,3,2013,13,1,75,116,2,3,1,2,AVENUE GEORGES MANDEL,0.0,0.0
201300054062,25,3,2013,9,1,75,116,2,1,1,6,"15, AVENUE D IENA",0.0,0.0
201300054063,26,3,2013,17,1,75,116,2,1,8,2,PLACE DE LA PORTE MAILLO,0.0,0.0
201300054064,27,3,2013,8,1,75,116,2,1,1,6,"4, RUE ALFRED BRUNEAU",0.0,0.0
201300054065,27,3,2013,15,1,75,116,2,1,1,3,"110, AVENUE KLEBER",0.0,0.0
201300054066,28,3,2013,8,1,75,116,2,3,8,3,"35, RUE JEAN DE LA FONTA",0.0,0.0
201300054067,29,3,2013,22,5,75,116,2,2,1,6,AVENUE EDOUARD VAILLANT,0.0,0.0
201300054068,30,3,2013,13,1,75,116,2,1,1,6,"88, RUE DE LONGCHAMP",0.0,0.0
201300054069,2,4,2013,9,1,75,116,2,1,1,3,"71, AVENUE KLEBER",0.0,0.0
201300054070,2,4,2013,20,1,75,116,2,1,1,7,ROUTE DE SEVRES A NEUILL,0.0,0.0
201300054071,4,4,2013,22,5,75,116,2,4,1,3,ALLEE DE LONGCHAMP,0.0,0.0
201300054072,5,4,2013,15,1,75,116,2,4,1,6,"61, BOULEVARD DE BEAUSEJ",0.0,0.0
201300054073,7,4,2013,11,1,75,116,2,3,1,6,"25, RUE RAYNOUARD",0.0,0.0
201300054074,5,4,2013,21,5,75,116,2,2,1,3,RUE DE BOULAINVILLIERS,0.0,0.0
201300054075,9,4,2013,9,1,75,116,2,3,2,1,ALLEE DE LA REINE MARGUE,0.0,0.0
201300054076,10,4,2013,13,1,75,116,2,1,3,4,BOULEVARD PERIPHERIQUE I,0.0,0.0
201300054077,10,4,2013,22,5,75,116,2,7,3,3,PLACE DE LA PORTE DE SAI,0.0,0.0
201300054078,11,4,2013,10,1,75,116,2,7,1,2,"21, AVENUE DU PRESIDENT",0.0,0.0
201300054079,14,4,2013,18,1,75,116,2,1,1,2,AVENUE DE L HIPPODROME,0.0,0.0
201300054080,15,4,2013,11,1,75,116,2,2,1,4,AVENUE DU MAHATMA GANDHI,0.0,0.0
201300054081,18,4,2013,18,1,75,116,2,7,1,6,"56, AVENUE D IENA",0.0,0.0
201300054082,19,4,2013,18,1,75,116,2,4,2,3,"17, CHAUSSEE LA MUETTE",0.0,0.0
201300054083,21,4,2013,17,1,75,116,2,1,1,6,ROUTE DE LA MUETTE A NEU,0.0,0.0
201300054084,21,4,2013,20,2,75,116,2,4,1,6,ALLEE DU BORD DE L EAU,0.0,0.0
201300054085,22,4,2013,2,5,75,116,2,1,1,6,ALLEE DE LA REINE MARGUE,0.0,0.0
201300054086,22,4,2013,19,1,75,116,2,1,1,3,ROUTE DE SURESNES,0.0,0.0
201300054087,24,4,2013,23,5,75,116,2,1,1,6,"125, AVENUE DE VERSAILLE",0.0,0.0
201300054088,25,4,2013,17,1,75,116,2,1,1,3,ALLEE DE LA REINE MARGUE,0.0,0.0
201300054089,25,4,2013,20,1,75,116,2,1,1,3,ROUTE DES TRIBUNES,0.0,0.0
201300054090,26,4,2013,6,2,75,116,2,5,1,3,ROUTE DES LACS A PASSY,0.0,0.0
201300054091,26,4,2013,11,1,75,116,2,1,1,3,"101, BOULEVARD MURAT",0.0,0.0
201300054092,26,4,2013,12,1,75,116,2,4,1,6,"97, AVENUE RAYMOND POINC",0.0,0.0
201300054093,27,4,2013,10,1,75,116,2,1,1,6,"88, AVENUE PAUL DOUMER",0.0,0.0
201300054094,27,4,2013,20,2,75,116,2,1,1,6,"7bis, RUE DE BOULAINVILL",0.0,0.0
201300054095,28,4,2013,0,5,75,116,2,1,1,3,ALLEE DE LA REINE MARGUE,0.0,0.0
201300054096,29,4,2013,15,1,75,116,2,2,1,6,"55, RUE MOLITOR",0.0,0.0
201300054097,30,4,2013,23,5,75,116,2,5,2,7,CHAUSSEE LA MUETTE,0.0,0.0
201300054098,2,5,2013,7,1,75,116,2,1,1,6,"16, AVENUE DU PRESIDENT",0.0,0.0
201300054099,4,5,2013,15,1,75,116,2,7,1,2,"09, PLACE VICTOR HUGO",0.0,0.0
201300054100,4,5,2013,18,1,75,116,2,1,1,6,"13, RUE GROS",0.0,0.0
201300054101,5,5,2013,3,5,75,116,2,7,1,3,PLACE CLEMENT ADER,0.0,0.0
201300054102,6,5,2013,13,1,75,116,2,5,2,6,"36, AVENUE DU PRESIDENT",0.0,0.0
201300054103,6,5,2013,15,1,75,116,2,2,1,3,ROUTE DE LA PTE DES SABL,0.0,0.0
201300054104,6,5,2013,17,1,75,116,2,2,1,3,RUE FELICIEN DAVID,0.0,0.0
201300054105,8,5,2013,18,1,75,116,2,1,1,6,AVENUE DE L HIPPODROME,0.0,0.0
201300054106,9,5,2013,2,5,75,116,2,1,1,6,"131, RUE MICHEL ANGE",0.0,0.0
201300054107,11,5,2013,12,1,75,116,2,1,1,3,"11/13, RUE DE BOULAINVIL",0.0,0.0
201300054108,12,5,2013,4,5,75,116,2,1,1,3,ALLEE DE LONGCHAMP,0.0,0.0
201300054109,13,5,2013,9,1,75,116,2,3,1,6,"25, RUE DE LONGCHAMP",0.0,0.0
201300054110,14,5,2013,13,1,75,116,2,1,1,3,"60, BOULEVARD EMILE AUGI",0.0,0.0
201300054111,15,5,2013,10,1,75,116,2,1,1,2,"2, ROUTE DES TRIBUNES",0.0,0.0
201300054112,15,5,2013,18,1,75,116,2,1,1,4,"213, AVENUE DE VERSAILLE",0.0,0.0
201300054113,16,5,2013,8,1,75,116,2,3,8,2,"02, BOULEVARD DELESSERT",0.0,0.0
201300054114,17,5,2013,9,1,75,116,2,3,1,5,RUE LARGILLIERE,0.0,0.0
201300054115,17,5,2013,8,1,75,116,2,7,1,3,"4, AVENUE DE VERSAILLES",0.0,0.0
201300054116,17,5,2013,13,1,75,116,2,1,1,4,BOULEVARD PERIPHERIQUE,0.0,0.0
201300054117,17,5,2013,15,1,75,116,2,1,1,4,"76, RUE DE LA POMPE",0.0,0.0
201300054118,17,5,2013,19,1,75,116,2,1,1,7,"74, AVENUE FOCH",0.0,0.0
201300054119,18,5,2013,15,1,75,116,2,1,1,6,ALLEE DES FORTIFICATIONS,0.0,0.0
201300054120,21,5,2013,0,5,75,116,2,3,2,3,"9, BOULEVARD LANNES",0.0,0.0
201300054121,21,5,2013,9,1,75,116,2,3,2,2,"65, BOULEVARD LANNES",0.0,0.0
201300054122,22,5,2013,11,1,75,116,2,4,1,3,"6, AVENUE GEORGES MANDEL",0.0,0.0
201300054123,23,5,2013,18,1,75,116,2,2,8,6,"59, AVENUE KLEBER",0.0,0.0
201300054124,23,5,2013,17,1,75,116,2,1,2,3,ALLEE DE LA REINE MARGUE,0.0,0.0
201300054125,23,5,2013,20,1,75,116,2,7,2,2,PLACE DE LA PORTE DE SAI,0.0,0.0
201300054126,24,5,2013,18,1,75,116,2,1,1,2,BOULEVARD DE L AMIRAL BR,0.0,0.0
201300054127,27,5,2013,10,1,75,116,2,2,1,1,ALLEE DE LA REINE MARGUE,0.0,0.0
201300054128,27,5,2013,12,1,75,116,2,1,1,2,"8, AVENUE DU PRESIDENT W",0.0,0.0
201300054129,27,5,2013,14,1,75,116,2,1,1,6,"21, AVENUE DU PRESIDENT",0.0,0.0
201300054130,28,5,2013,8,1,75,116,2,4,8,7,"37, BOULEVARD MURAT",0.0,0.0
201300054131,28,5,2013,13,1,75,116,2,7,2,2,"980, AVENUE D IENA",0.0,0.0
201300054132,29,5,2013,13,1,75,116,2,1,1,6,AVENUE DES NATIONS UNIES,0.0,0.0
201300054133,30,5,2013,5,2,75,116,2,2,3,6,BOULEVARD MURAT,0.0,0.0
201300054134,30,5,2013,12,1,75,116,2,1,2,6,"88, AVENUE KLEBER",0.0,0.0
201300054135,31,5,2013,9,1,75,116,2,2,1,1,"1, RUE LARGILLIERE",0.0,0.0
201300054136,31,5,2013,10,1,75,116,2,2,8,6,RUE RAFFET,0.0,0.0
201300054137,2,6,2013,15,1,75,116,2,4,1,2,"32, AVENUE RAYMOND POINC",0.0,0.0
201300054138,3,6,2013,9,1,75,116,2,1,1,2,"83, AVENUE MARCEAU",0.0,0.0
201300054139,3,6,2013,14,1,75,116,2,7,1,3,PLACE DU MARECHAL DE LAT,0.0,0.0
201300054140,4,6,2013,13,1,75,116,2,5,1,3,"32, BOULEVARD EMILE AUGI",0.0,0.0
201300054141,5,6,2013,16,1,75,116,2,2,7,6,ALLEE DE LONGCHAMP,0.0,0.0
201300054142,5,6,2013,17,1,75,116,2,7,1,3,PLACE CHARLES DE GAULLE,0.0,0.0
201300054143,5,6,2013,13,1,75,116,2,3,1,3,"55, BOULEVARD SUCHET",0.0,0.0
201300054144,6,6,2013,14,1,75,116,2,4,1,3,"4, AVENUE DU PRESIDENT K",0.0,0.0
201300054145,6,6,2013,17,1,75,116,2,1,1,3,"100, AVENUE RAYMOND POIN",0.0,0.0
201300054146,6,6,2013,22,5,75,116,2,3,1,3,ALLEE DU BORD DE L EAU,0.0,0.0