Num_Acc,jour,mois,an,hr,condition_eclairage,departement,commune,condition_agglomeration,intersection,condition_atmosphere,type_collision,adresse,lattitude,longitude
201300054147,7,6,2013,9,1,75,116,2,1,1,6,"XVI-9497, ROUTE DE SURES",0.0,0.0
201300054148,7,6,2013,16,1,75,116,2,2,1,6,"44, BOULEVARD SUCHET",0.0,0.0
201300054149,7,6,2013,19,1,75,116,2,5,1,3,"21, BOULEVARD EXELMANS",0.0,0.0
201300054150,7,6,2013,19,1,75,116,2,1,1,2,"47, RUE D AUTEUIL",0.0,0.0
201300054151,8,6,2013,15,1,75,116,2,1,1,3,"12, QUAI SAINT EXUPERY",0.0,0.0
201300054152,8,6,2013,18,1,75,116,2,4,1,3,"XVI-9466, ROUTE DES TRIB",0.0,0.0
201300054153,8,6,2013,19,1,75,116,2,2,1,6,"67, RUE LAURISTON",0.0,0.0
201300054154,10,6,2013,15,1,75,117,2,7,1,6,"23, AVENUE DE NEUILLY",0.0,0.0
201300054155,10,6,2013,18,1,75,116,2,1,1,3,"4, AVENUE RAYMOND POINCA",0.0,0.0
201300054156,10,6,2013,20,1,75,116,2,5,1,3,"1, AVENUE MOZART",0.0,0.0
201300054157,13,6,2013,12,1,75,116,2,7,2,7,RUE DE BOULAINVILLIERS,0.0,0.0
201300054158,13,6,2013,17,1,75,116,2,7,1,6,"182, AVENUE DE VERSAILLE",0.0,0.0
201300054159,14,6,2013,0,5,75,107,2,1,1,3,PONT D IENA,0.0,0.0
201300054160,13,6,2013,13,1,75,116,2,1,2,6,CHEMIN DE CEINTURE DU LA,0.0,0.0
201300054161,14,6,2013,18,1,75,116,2,7,1,3,"89, AVENUE DE LA GRANDE",0.0,0.0
201300054162,16,6,2013,0,5,75,116,2,1,1,7,ALLEE DU BORD DE L EAU,0.0,0.0
201300054163,16,6,2013,5,1,75,116,2,2,1,6,AVENUE RAYMOND POINCARE,0.0,0.0
201300054164,17,6,2013,12,1,75,116,2,1,1,6,"9, AVENUE DE LA GRANDE A",0.0,0.0
201300054165,17,6,2013,14,1,75,116,2,2,1,6,"76, RUE D AUTEUIL",0.0,0.0
201300054166,18,6,2013,16,1,75,116,2,5,1,6,"02, RUE POUSSIN",0.0,0.0
201300054167,19,6,2013,18,1,75,116,2,1,8,6,"28, RUE MOLITOR",0.0,0.0
201300054168,19,6,2013,17,1,75,116,2,7,3,7,PLACE DE VARSOVIE,0.0,0.0
201300054169,19,6,2013,17,1,75,116,2,1,2,7,ALLEE DE LA REINE MARGUE,0.0,0.0
201300054170,20,6,2013,21,2,75,116,2,1,8,2,"1, RUE PERGOLESE",0.0,0.0
201300054171,21,6,2013,3,5,75,116,2,1,2,7,"01, PLACE CLAUDE FRANCOI",0.0,0.0
201300054172,20,6,2013,13,1,75,116,2,5,1,6,"21, AVENUE DU PRESIDENT",0.0,0.0
201300054173,21,6,2013,17,1,75,116,2,7,1,2,"3, PLACE VICTOR HUGO",0.0,0.0
201300054174,22,6,2013,4,5,75,116,2,1,1,6,"4, AVENUE RAPHAEL",0.0,0.0
201300054175,23,6,2013,13,1,75,116,2,7,8,6,"1, PLACE DE MEXICO",0.0,0.0
201300054176,24,6,2013,15,1,75,116,2,1,1,2,AVENUE DU MAHATMA GANDHI,0.0,0.0
201300054177,25,6,2013,10,1,75,116,2,7,1,2,"61, AVENUE DE LA GRANDE",0.0,0.0
201300054178,26,6,2013,13,1,75,116,2,1,1,2,ROUTE D AUTEUIL AUX LACS,0.0,0.0
201300054179,26,6,2013,19,1,75,116,2,1,1,7,"12, QUAI SAINT EXUPERY",0.0,0.0
201300054180,27,6,2013,9,1,75,116,2,1,2,7,BOULEVARD LANNES,0.0,0.0
201300054181,27,6,2013,13,1,75,116,2,1,1,4,AVENUE DE NEW YORK,0.0,0.0
201300054182,27,6,2013,17,1,75,116,2,1,1,2,ROUTE DE SEVRES A NEUILL,0.0,0.0
201300054183,27,6,2013,20,2,75,116,2,3,1,2,"50, RUE D AUTEUIL",0.0,0.0
201300054184,29,6,2013,18,1,75,116,2,1,1,5,ROUTE DE SEVRES A NEUILL,0.0,0.0
201300054185,30,6,2013,10,1,75,116,2,4,1,6,ROUTE DE SEVRES A NEUILL,0.0,0.0
201300054186,30,6,2013,16,1,75,116,2,1,1,6,"60, AVENUE DE NEW YORK",0.0,0.0
201300054187,1,7,2013,9,1,75,116,2,1,1,6,ROUTE DES TRIBUNES,0.0,0.0
201300054188,2,7,2013,15,1,75,116,2,1,1,3,"9, AVENUE DE LA GRANDE A",0.0,0.0
201300054189,2,7,2013,19,1,75,116,2,5,1,3,ALLEE DE LA REINE MARGUE,0.0,0.0
201300054190,4,7,2013,1,5,75,116,2,1,1,6,ALLEE DE LONGCHAMP,0.0,0.0
201300054191,4,7,2013,9,1,75,117,2,7,1,3,PLACE DE LA PORTE MAILLO,0.0,0.0
201300054192,4,7,2013,19,1,75,116,2,4,1,3,ROUTE DE SURESNES,0.0,0.0
201300054193,5,7,2013,17,1,75,116,2,1,1,2,"44, AVENUE DU PRESIDENT",0.0,0.0
201300054194,6,7,2013,14,1,75,116,2,3,1,6,"52, RUE SAINT DIDIER",0.0,0.0
201300054195,8,7,2013,16,1,75,116,2,5,1,2,"54, AVENUE KLEBER",0.0,0.0
201300054196,10,7,2013,14,1,75,116,2,5,1,6,ROUTE DE SURESNES,0.0,0.0
201300054197,10,7,2013,23,5,75,116,2,4,1,3,"97, AVENUE RAYMOND POINC",0.0,0.0
201300054198,11,7,2013,6,1,75,116,2,1,1,3,ROUTE DE SURESNES,0.0,0.0
201300054199,11,7,2013,13,1,75,116,2,3,1,2,"152, AVENUE DE MALAKOFF",0.0,0.0
201300054200,11,7,2013,16,1,75,116,2,5,1,6,"23, RUE DE LUBECK",0.0,0.0
201300054201,11,7,2013,17,1,75,116,2,1,1,6,BOULEVARD PERIPHERIQUE,0.0,0.0
201300054202,12,7,2013,15,1,75,116,2,2,1,3,ROUTE DE SEVRES A NEUILL,0.0,0.0
201300054203,13,7,2013,23,5,75,116,2,2,1,3,ALLEE DE LONGCHAMP,0.0,0.0
201300054204,10,7,2013,20,1,75,116,2,1,1,6,ROUTE DE SEVRES A NEUILL,0.0,0.0
201300054205,13,7,2013,7,1,75,116,2,2,1,6,"5, AVENUE THEOPHILE GAUT",0.0,0.0
201300054206,13,7,2013,20,2,75,117,2,1,1,4,"32, AVENUE DE LA GRANDE",0.0,0.0
201300054207,14,7,2013,1,5,75,116,2,1,1,4,PORTE MAILLOT,0.0,0.0
201300054208,14,7,2013,12,1,75,116,2,1,1,3,ROUTE D AUTEUIL AUX LACS,0.0,0.0
201300054209,15,7,2013,1,5,75,116,2,1,1,3,ALLEE DE LA REINE MARGUE,0.0,0.0
201300054210,15,7,2013,2,5,75,116,2,2,1,6,ROUTE DE SEVRES A NEUILL,0.0,0.0
201300054211,16,7,2013,18,1,75,116,2,7,1,3,PLACE DE LA PORTE DE SAI,0.0,0.0
201300054212,18,7,2013,0,5,75,116,2,7,1,3,PLACE CHOPIN,0.0,0.0
201300054213,18,7,2013,11,1,75,116,2,2,1,3,ALLEE DE LONGCHAMP,0.0,0.0
201300054214,18,7,2013,14,1,75,116,2,5,1,3,"46, AVENUE DU PRESIDENT",0.0,0.0
201300054215,18,7,2013,23,5,75,116,2,5,1,3,ALLEE DES FORTIFICATIONS,0.0,0.0
201300054216,19,7,2013,12,1,75,116,2,4,1,2,ROUTE DES TRIBUNES,0.0,0.0
201300054217,20,7,2013,2,5,75,116,2,1,1,6,ALLEE DE LA REINE MARGUE,0.0,0.0
201300054218,20,7,2013,14,1,75,116,2,1,1,6,CHEMIN DE CEINTURE DU LA,0.0,0.0
201300054219,20,7,2013,17,1,75,116,2,2,1,6,"31, RUE JEAN DE LA FONTA",0.0,0.0
201300054220,20,7,2013,19,1,75,116,2,1,1,7,"2, AVENUE DE LA PORTE DE",0.0,0.0
201300054221,21,7,2013,16,1,75,116,2,5,1,3,AVENUE DU PRESIDENT WILS,0.0,0.0
201300054222,22,7,2013,12,1,75,116,2,7,1,2,"80, AVENUE VICTOR HUGO",0.0,0.0
201300054223,22,7,2013,21,1,75,116,2,1,1,6,"23, AVENUE DU PARC DES P",0.0,0.0
201300054224,24,7,2013,7,1,75,116,2,1,1,2,AVENUE DE L HIPPODROME,0.0,0.0
201300054225,24,7,2013,21,2,75,116,2,1,1,6,"17, RUE BOISSIERE",0.0,0.0
201300054226,25,7,2013,22,5,75,116,2,1,1,6,"67, RUE NICOLO",0.0,0.0
201300054227,26,7,2013,14,1,75,116,2,1,1,7,AVENUE DU PRESIDENT WILS,0.0,0.0
201300054228,31,7,2013,18,1,75,116,2,3,1,3,BOULEVARD MURAT,0.0,0.0
201300054229,31,7,2013,20,1,75,116,2,1,1,3,PORTE DE PASSY,0.0,0.0
201300054230,2,8,2013,5,5,75,116,2,5,1,6,"104, AVENUE DU PRESIDENT",0.0,0.0
201300054231,30,7,2013,21,2,75,116,2,2,1,6,"36, METRO MICHEL ANGE MO",0.0,0.0
201300054232,1,8,2013,17,1,75,116,2,1,1,6,"47, AVENUE GEORGES MANDE",0.0,0.0
201300054233,4,8,2013,16,1,75,116,2,2,1,3,"3, AVENUE KLEBER",0.0,0.0
201300054234,5,8,2013,10,1,75,116,2,1,1,2,"100, AVENUE DU PRESIDENT",0.0,0.0
201300054235,5,8,2013,22,5,75,116,2,7,1,2,PLACE CHARLES DE GAULLE,0.0,0.0
201300054236,7,8,2013,14,1,75,116,2,5,1,3,AVENUE MOZART,0.0,0.0
201300054237,8,8,2013,9,1,75,116,2,2,1,3,ALLEE DE LA REINE MARGUE,0.0,0.0
201300054238,10,8,2013,11,1,75,116,2,3,1,2,AVENUE FOCH,0.0,0.0
201300054239,10,8,2013,17,1,75,116,2,1,1,7,AVENUE DU PRESIDENT KENN,0.0,0.0
201300054240,10,8,2013,19,1,75,116,2,3,1,3,"59, AVENUE DE VERSAILLES",0.0,0.0
201300054241,12,8,2013,18,1,75,116,2,1,7,4,ROUTE DE SEVRES A NEUILL,0.0,0.0
201300054242,13,8,2013,14,1,75,116,2,1,1,6,RUE HENRY DE LA VAULX,0.0,0.0
201300054243,16,8,2013,1,5,75,116,2,1,1,6,ALLEE DE LA REINE MARGUE,0.0,0.0
201300054244,18,8,2013,17,1,75,116,2,1,1,6,ALLEE DU BORD DE L EAU,0.0,0.0
201300054245,20,8,2013,17,1,75,116,2,4,1,2,ALLEE DE LONGCHAMP,0.0,0.0
201300054246,22,8,2013,17,1,75,116,2,7,1,7,PLACE DU MARECHAL DE LAT,0.0,0.0
201300054247,23,8,2013,12,1,75,116,2,1,1,7,ROUTE DES TRIBUNES,0.0,0.0
201300054248,26,8,2013,9,1,75,116,2,7,8,2,AVENUE FOCH,0.0,0.0
201300054249,26,8,2013,18,1,75,116,2,3,1,6,"1, RUE DE L AMIRAL CLOUE",0.0,0.0
201300054250,27,8,2013,0,5,75,116,2,1,1,7,"18, RUE CORTAMBERT",0.0,0.0
201300054251,27,8,2013,18,1,75,116,2,1,1,6,ROUTE DES TRIBUNES,0.0,0.0
201300054252,29,8,2013,10,1,75,116,2,5,1,3,"39, AVENUE KLEBER",0.0,0.0
201300054253,29,8,2013,9,1,75,116,2,1,1,3,BOULEVARD PERIPHERIQUE,0.0,0.0
201300054254,30,8,2013,17,1,75,116,2,5,1,6,"31, RUE DE L ASSOMPTION",0.0,0.0
201300054255,31,8,2013,16,1,75,116,2,3,1,1,"142, AVENUE DE VERSAILLE",0.0,0.0
201300054256,31,8,2013,12,1,75,116,2,3,1,2,AVENUE GEORGES MANDEL,0.0,0.0
201300054257,2,9,2013,9,1,75,116,2,7,1,7,"59, PLACE DE BARCELONE",0.0,0.0
201300054258,2,9,2013,6,2,75,116,2,1,1,6,ROUTE DE LA PTE DAUPHINE,0.0,0.0
201300054259,2,9,2013,10,1,75,116,2,2,1,6,"56, AVENUE MOZART",0.0,0.0
201300054260,2,9,2013,10,1,75,116,2,1,1,6,"110, AVENUE RAYMOND POIN",0.0,0.0
201300054261,2,9,2013,14,1,75,116,2,1,1,3,"80, RUE DE LA TOUR",0.0,0.0
201300054262,2,9,2013,16,1,75,116,2,7,1,6,PLACE DE LA PORTE DE SAI,0.0,0.0
201300054263,2,9,2013,19,1,75,116,2,1,1,7,AVENUE DU PRESIDENT KENN,0.0,0.0
201300054264,2,9,2013,18,1,75,116,2,1,1,6,"90, AVENUE D IENA",0.0,0.0
201300054265,3,9,2013,15,1,75,116,2,1,1,6,"15, AVENUE PAUL DOUMER",0.0,0.0
201300054266,4,9,2013,11,1,75,117,2,1,1,3,"98, AVENUE DE VILLIERS",0.0,0.0
201300054267,4,9,2013,16,1,75,116,2,2,1,6,"24, AVENUE DE NEW YORK",0.0,0.0
201300054268,5,9,2013,12,1,75,116,2,1,1,2,"32, AVENUE GEORGES MANDE",0.0,0.0
201300054269,5,9,2013,19,1,75,116,2,5,1,3,AVENUE DE NEUILLY,0.0,0.0
201300054270,6,9,2013,9,1,75,116,2,1,8,7,"57, AVENUE DE LA GRANDE",0.0,0.0
201300054271,6,9,2013,10,1,75,116,2,5,3,7,ALLEE DE LA REINE MARGUE,0.0,0.0
201300054272,6,9,2013,11,1,75,116,2,2,3,6,"59, AVENUE THEOPHILE GAU",0.0,0.0
201300054273,6,9,2013,12,1,75,116,2,3,1,3,"152, AVENUE DE MALAKOFF",0.0,0.0
201300054274,6,9,2013,13,1,75,116,2,7,2,7,"89, AVENUE DE LA GRANDE",0.0,0.0
201300054275,9,9,2013,8,1,75,116,2,2,1,3,AVENUE DE VERSAILLES,0.0,0.0
201300054276,9,9,2013,14,1,75,116,2,1,2,7,"32, RUE POUSSIN",0.0,0.0
201300054277,9,9,2013,17,1,75,116,2,2,2,7,ALLEE DE LA REINE MARGUE,0.0,0.0
201300054278,10,9,2013,9,1,75,116,2,2,1,6,RUE DES VIGNES,0.0,0.0
201300054279,10,9,2013,15,1,75,116,2,1,2,6,"420, AVENUE DE NEW YORK",0.0,0.0
201300054280,11,9,2013,23,5,75,116,2,4,1,6,"55, AVENUE KLEBER",0.0,0.0
201300054281,12,9,2013,8,1,75,116,2,5,1,6,AVENUE FOCH,0.0,0.0
201300054282,12,9,2013,18,1,75,116,2,5,8,2,"193, AVENUE DE VERSAILLE",0.0,0.0
201300054283,13,9,2013,13,1,75,116,2,2,1,6,BOULEVARD EXELMANS,0.0,0.0
201300054284,13,9,2013,17,1,75,116,2,3,2,7,ALLEE DU BORD DE L EAU,0.0,0.0
201300054285,14,9,2013,4,5,75,116,2,2,1,6,ALLEE DE LA REINE MARGUE,0.0,0.0
201300054286,14,9,2013,11,1,75,116,2,1,2,6,"65, AVENUE FOCH",0.0,0.0
201300054287,14,9,2013,5,5,75,117,2,5,2,7,"223, RUE DE COURCELLES",0.0,0.0
201300054288,15,9,2013,11,1,75,116,2,3,1,3,"23, RUE BENJAMIN FRANKLI",0.0,0.0
201300054289,15,9,2013,11,1,75,116,2,1,1,6,ROUTE DES TRIBUNES,0.0,0.0
201300054290,15,9,2013,11,1,75,116,2,1,1,6,ROUTE DE LA MUETTE A NEU,0.0,0.0
201300054291,16,9,2013,18,1,75,116,2,1,2,4,BOULEVARD PERIPHERIQUE I,0.0,0.0
201300054292,16,9,2013,13,1,75,116,2,3,8,6,"17, AVENUE KLEBER",0.0,0.0
201300054293,17,9,2013,7,1,75,116,2,1,2,2,"13, BOULEVARD LANNES",0.0,0.0
201300054294,13,9,2013,13,1,75,116,2,2,2,7,RUE WILHEM,0.0,0.0
201300054295,17,9,2013,15,1,75,116,2,1,1,6,AVENUE DE NEW YORK,0.0,0.0
201300054296,17,9,2013,22,5,75,116,2,5,2,2,BOULEVARD DE L AMIRAL BR,0.0,0.0
201300054297,19,9,2013,9,1,75,116,2,1,1,4,AVENUE EDOUARD VAILLANT,0.0,0.0
201300054298,19,9,2013,13,1,75,116,2,1,1,6,ALLEE JEAN SABLON,0.0,0.0
201300054299,20,9,2013,10,1,75,116,2,5,1,3,"1, ROUTE DES TRIBUNES",0.0,0.0
201300054300,20,9,2013,13,1,75,116,2,7,1,3,AVENUE D IENA,0.0,0.0
201300054301,18,9,2013,16,1,75,116,2,2,1,7,AVENUE DU PRESIDENT KENN,0.0,0.0
201300054302,22,9,2013,10,1,75,116,2,1,1,3,"50, RUE JEAN DE LA FONTA",0.0,0.0
201300054303,22,9,2013,23,5,75,116,2,3,1,3,BOULEVARD SUCHET,0.0,0.0
201300054304,20,9,2013,21,5,75,116,2,1,1,3,ALLEE DE LA REINE MARGUE,0.0,0.0
201300054305,23,9,2013,10,1,75,116,2,1,1,4,"1, PORTE D AUTEUIL",0.0,0.0
201300054306,23,9,2013,15,1,75,116,2,7,1,3,"1, AVENUE DE L HIPPODROM",0.0,0.0
201300054307,23,9,2013,19,2,75,116,2,4,1,3,"42, RUE DE BOULAINVILLIE",0.0,0.0
201300054308,23,9,2013,8,1,75,116,2,2,1,3,BOULEVARD SUCHET,0.0,0.0
201300054309,23,9,2013,13,1,75,116,2,1,1,6,"88, AVENUE KLEBER",0.0,0.0
201300054310,23,9,2013,13,1,75,116,2,7,1,6,"3, AVENUE DU GENERAL SAR",0.0,0.0
201300054311,24,9,2013,17,1,75,116,2,7,1,6,"4, PLACE DU TROCADERO",0.0,0.0
201300054312,25,9,2013,15,1,75,116,2,1,1,7,"35, RUE MIRABEAU",0.0,0.0
201300054313,25,9,2013,20,5,75,116,2,1,1,2,"58, AVENUE DE VERSAILLES",0.0,0.0
201300054314,26,9,2013,0,5,75,116,2,3,2,6,"18, AVENUE DU PRESIDENT",0.0,0.0
201300054315,27,9,2013,10,1,75,116,2,1,1,2,ROUTE DE SURESNES,0.0,0.0
201300054316,27,9,2013,15,1,75,116,2,3,1,6,BOULEVARD LANNES,0.0,0.0
201300054317,27,9,2013,18,1,75,116,2,1,1,2,"110, AVENUE RAYMOND POIN",0.0,0.0
201300054318,27,9,2013,16,1,75,116,2,4,1,3,AVENUE DE LA PORTE MOLIT,0.0,0.0
201300054319,28,9,2013,9,1,75,116,2,1,1,7,AVENUE DE SAINT CLOUD,0.0,0.0
201300054320,29,9,2013,0,5,75,116,2,3,2,3,"87, BOULEVARD EXELMANS",0.0,0.0
201300054321,29,9,2013,0,5,75,116,2,1,2,6,ALLEE DE LONGCHAMP,0.0,0.0
201300054322,29,9,2013,17,1,75,116,2,7,1,3,PLACE DU TROCADERO,0.0,0.0
201300054323,30,9,2013,3,5,75,116,2,1,1,2,AVENUE DE SAINT CLOUD,0.0,0.0
201300054324,30,9,2013,13,1,75,116,2,3,1,6,"11, RUE GERICAULT",0.0,0.0
201300054325,1,10,2013,0,5,75,116,2,4,1,7,ALLEE DE LONGCHAMP,0.0,0.0
201300054326,1,10,2013,17,1,75,116,2,7,1,2,AVENUE MARCEAU,0.0,0.0
201300054327,2,10,2013,14,1,75,116,2,1,1,2,"83, AVENUE VICTOR HUGO",0.0,0.0
201300054328,2,10,2013,16,1,75,116,2,1,1,3,"69, AVENUE RAYMOND POINC",0.0,0.0
201300054329,2,10,2013,17,1,75,116,2,1,1,2,"146, RUE DE LONGCHAMP",0.0,0.0
201300054330,2,10,2013,23,5,75,116,2,1,1,2,ALLEE DES FORTIFICATIONS,0.0,0.0
201300054331,2,10,2013,23,5,75,116,2,1,1,1,ALLEE DE LA REINE MARGUE,0.0,0.0
201300054332,3,10,2013,8,1,75,117,2,2,1,6,AVENUE DE VILLIERS,0.0,0.0
201300054333,3,10,2013,9,1,75,116,2,1,1,3,BOULEVARD PERIPHERIQUE I,0.0,0.0
201300054334,4,10,2013,10,1,75,116,2,1,1,6,"228, AVENUE DE VERSAILLE",0.0,0.0
201300054335,4,10,2013,9,1,75,116,2,4,1,4,ROUTE DE LA MUETTE A NEU,0.0,0.0
201300054336,4,10,2013,16,1,75,116,2,1,1,6,ROUTE DE SEVRES A NEUILL,0.0,0.0
201300054337,4,10,2013,16,1,75,116,2,1,1,7,"55, AVENUE DE LA GRANDE",0.0,0.0
201300054338,5,10,2013,16,1,75,116,2,1,1,2,"77, RUE DE L ASSOMPTION",0.0,0.0
201300054339,5,10,2013,13,1,75,116,2,3,1,3,"0, RUE SPONTINI",0.0,0.0
201300054340,9,10,2013,15,1,75,116,2,1,2,2,"7, AVENUE FOCH",0.0,0.0
201300054341,9,10,2013,15,1,75,116,2,2,2,6,RUE PIERRE GUERIN,0.0,0.0
201300054342,9,10,2013,17,1,75,116,2,5,2,6,"120, RUE JEAN DE LA FONT",0.0,0.0
201300054343,9,10,2013,20,5,75,116,2,7,9,3,"3, PLACE D IENA",0.0,0.0
201300054344,10,10,2013,11,1,75,116,2,1,8,7,ROUTE DES TRIBUNES,0.0,0.0
201300054345,9,10,2013,19,2,75,116,2,7,1,6,"44, AVENUE BUGEAUD",0.0,0.0
201300054346,10,10,2013,17,1,75,116,2,3,1,6,"25, BOULEVARD DE L AMIRA",0.0,0.0
201300054347,11,10,2013,0,5,75,116,2,5,1,3,"10, RUE DE LA POMPE",0.0,0.0
201300054348,12,10,2013,16,1,75,116,2,2,1,5,AVENUE PAUL DOUMER,0.0,0.0
201300054349,15,10,2013,14,1,75,116,2,7,1,3,"89, AVENUE DE LA GRANDE",0.0,0.0
201300054350,15,10,2013,21,5,75,116,2,2,1,6,"36, RUE MICHEL ANGE",0.0,0.0
201300054351,16,10,2013,9,1,75,116,2,1,1,2,ROUTE DE SEVRES A NEUILL,0.0,0.0
201300054352,16,10,2013,20,5,75,116,2,2,2,3,BOULEVARD EXELMANS,0.0,0.0
201300054353,18,10,2013,0,5,75,116,2,7,1,3,PLACE CHARLES DE GAULLE,0.0,0.0
201300054354,18,10,2013,13,1,75,116,2,2,1,3,PLACE DE COLOMBIE,0.0,0.0
201300054355,19,10,2013,10,1,75,116,2,1,1,4,"0, ROUTE DES TRIBUNES",0.0,0.0
201300054356,20,10,2013,11,1,75,116,2,3,1,3,"116, AVENUE DU PRESIDENT",0.0,0.0
201300054357,20,10,2013,17,1,75,116,2,5,3,6,"110, BOULEVARD EXELMANS",0.0,0.0
201300054358,21,10,2013,13,1,75,116,2,3,1,2,"182, QUAI LOUIS BLERIOT",0.0,0.0
201300054359,21,10,2013,18,1,75,116,2,1,1,6,AVENUE PRUDHON,0.0,0.0
201300054360,23,10,2013,12,1,75,116,2,3,1,6,"65, AVENUE VICTOR HUGO",0.0,0.0
201300054361,23,10,2013,10,1,75,116,2,2,1,2,"27, AVENUE PIERRE 1ER DE",0.0,0.0
201300054362,23,10,2013,12,1,75,116,2,7,1,3,PLACE DE LA PORTE DE SAI,0.0,0.0
201300054363,24,10,2013,9,1,75,116,2,2,1,3,BOULEVARD SUCHET,0.0,0.0
201300054364,24,10,2013,11,1,75,116,2,7,1,6,"4, PLACE DU TROCADERO ET",0.0,0.0
201300054365,24,10,2013,17,1,75,116,2,1,1,4,ALLEE DU BORD DE L EAU,0.0,0.0
201300054366,24,10,2013,16,1,75,116,2,3,1,3,"21, AVENUE DE VERSAILLES",0.0,0.0
201300054367,24,10,2013,23,5,75,116,2,2,1,6,ALLEE DE LONGCHAMP,0.0,0.0
201300054368,25,10,2013,17,1,75,116,2,2,2,6,"32, BOULEVARD DE L AMIRA",0.0,0.0
201300054369,27,10,2013,0,5,75,116,2,1,1,3,ROUTE DE LA PTE DES SABL,0.0,0.0
201300054370,27,10,2013,22,5,75,116,2,2,3,6,"37, BOULEVARD SUCHET",0.0,0.0
201300054371,28,10,2013,7,2,75,116,2,7,2,3,"1, PLACE CHARLES DE GAUL",0.0,0.0
201300054372,28,10,2013,6,2,75,116,2,7,2,2,PLACE CHARLES DE GAULLE,0.0,0.0
201300054373,28,10,2013,8,1,75,116,2,1,2,7,"68, AVENUE D IENA",0.0,0.0
201300054374,28,10,2013,11,1,75,116,2,1,1,6,"205, AVENUE DE VERSAILLE",0.0,0.0
201300054375,29,10,2013,18,2,75,116,2,4,1,2,BOULEVARD PERIPHERIQUE I,0.0,0.0
201300054376,31,10,2013,6,5,75,116,2,3,1,6,AVENUE DE LA PORTE DE SA,0.0,0.0
201300054377,31,10,2013,10,1,75,116,2,1,1,6,"49, AVENUE DE LA GRANDE",0.0,0.0
201300054378,31,10,2013,19,5,75,116,2,1,2,6,"13, AVENUE D EYLAU",0.0,0.0
201300054379,1,11,2013,3,5,75,116,2,7,2,6,"2, PLACE VICTOR HUGO",0.0,0.0
201300054380,1,11,2013,13,1,75,116,2,3,2,3,"57 bis, AVENUE THEOPHILE",0.0,0.0
201300054381,2,11,2013,6,1,75,116,2,2,2,6,PONT DE BIR HAKEIM,0.0,0.0
201300054382,4,11,2013,8,1,75,116,2,1,8,7,VOIE GEORGES POMPIDOU,0.0,0.0
201300054383,4,11,2013,15,1,75,116,2,1,1,3,"81, BOULEVARD SUCHET",0.0,0.0
201300054384,4,11,2013,17,2,75,116,2,3,1,3,"107, AVENUE VICTOR HUGO",0.0,0.0
201300054385,5,11,2013,10,1,75,117,2,1,2,2,"26, AVENUE DE LA GRANDE",0.0,0.0
201300054386,5,11,2013,11,1,75,116,2,7,2,7,AVENUE D IENA,0.0,0.0
201300054387,5,11,2013,14,1,75,116,2,2,2,6,AVENUE DE NEW YORK,0.0,0.0
201300054388,5,11,2013,16,1,75,116,2,1,2,4,VOIE GEORGES POMPIDOU,0.0,0.0
201300054389,5,11,2013,14,1,75,116,2,1,2,3,"6, AVENUE KLEBER",0.0,0.0
201300054390,6,11,2013,11,1,75,116,2,1,1,3,"32, AVENUE VICTOR HUGO",0.0,0.0
201300054391,7,11,2013,16,1,75,116,2,2,2,2,"51, AVENUE MARCEAU",0.0,0.0
201300054392,7,11,2013,18,5,75,116,2,1,2,4,BOULEVARD PERIPHERIQUE E,0.0,0.0
201300054393,8,11,2013,8,1,75,116,2,1,2,7,"45, BOULEVARD SUCHET",0.0,0.0
201300054394,8,11,2013,12,1,75,116,2,2,2,7,RUE LECONTE DE LISLE,0.0,0.0
201300054395,8,11,2013,15,1,75,116,2,2,2,2,"82, AVENUE KLEBER",0.0,0.0
201300054396,8,11,2013,18,5,75,116,2,2,2,7,"33, BOULEVARD LANNES",0.0,0.0
201300054397,8,11,2013,20,5,75,116,2,3,1,3,ALLEE DE LA REINE MARGUE,0.0,0.0
201300054398,9,11,2013,0,5,75,116,2,2,1,6,BOULEVARD SUCHET,0.0,0.0
201300054399,9,11,2013,11,1,75,116,2,1,1,6,"102, AVENUE DU PRESIDENT",0.0,0.0
201300054400,10,11,2013,14,1,75,116,2,2,1,1,AVENUE DU MAHATMA GANDHI,0.0,0.0
201300054401,11,11,2013,11,1,75,116,2,2,1,3,"10, AVENUE DU PRESIDENT",0.0,0.0
201300054402,11,11,2013,16,1,75,116,2,2,1,2,"46, AVENUE D IENA",0.0,0.0
201300054403,11,11,2013,17,3,75,116,2,1,1,3,ROUTE DES TRIBUNES,0.0,0.0
201300054404,12,11,2013,9,1,75,116,2,1,2,3,"75 bis, AVENUE MARCEAU",0.0,0.0
201300054405,12,11,2013,15,1,75,116,2,3,2,6,"191, BOULEVARD MURAT",0.0,0.0
201300054406,14,11,2013,9,1,75,117,2,1,2,6,"139, AVENUE DE VILLIERS",0.0,0.0
201300054407,13,11,2013,19,5,75,116,2,7,1,6,AVENUE DE LA PORTE DE SA,0.0,0.0
201300054408,14,11,2013,17,5,75,116,2,1,2,2,BOULEVARD PERIPHERIQUE,0.0,0.0
201300054409,15,11,2013,18,5,75,108,2,5,1,6,AVENUE GABRIEL,0.0,0.0
201300054410,16,11,2013,14,1,75,116,2,2,1,6,"48, AVENUE VICTOR HUGO",0.0,0.0
201300054411,17,11,2013,13,1,75,116,2,2,8,7,"39 bis, BOULEVARD EXELMA",0.0,0.0
201300054412,17,11,2013,20,5,75,116,2,1,1,7,"64, RUE DE LA FAISANDERI",0.0,0.0
201300054413,18,11,2013,10,1,75,116,2,3,1,6,"26, RUE DE L ANNONCIATIO",0.0,0.0
201300054414,18,11,2013,8,1,75,116,2,1,1,1,"8, AVENUE GORDON BENNETT",0.0,0.0
201300054415,19,11,2013,16,4,75,116,2,3,8,6,"35, BOULEVARD DE BEAUSEJ",0.0,0.0
201300054416,19,11,2013,23,5,75,116,2,2,1,2,CHEMIN DE CEINTURE DU LA,0.0,0.0
201300054417,20,11,2013,17,5,75,116,2,3,2,6,"21, AVENUE DE VERSAILLES",0.0,0.0