Num_Acc,jour,mois,an,hr,condition_eclairage,departement,commune,condition_agglomeration,intersection,condition_atmosphere,type_collision,adresse,lattitude,longitude
201300054418,20,11,2013,18,5,75,116,2,2,3,6,"039, AVENUE MARCEAU",0.0,0.0
201300054419,20,11,2013,21,5,75,116,2,1,8,7,"8, BOULEVARD ANDRE MAURO",0.0,0.0
201300054420,22,11,2013,8,1,75,116,2,1,1,3,AVENUE DE L HIPPODROME,0.0,0.0
201300054421,22,11,2013,12,1,75,116,2,1,1,6,"195, AVENUE DE VERSAILLE",0.0,0.0
201300054422,25,11,2013,17,5,75,116,2,1,1,3,BOULEVARD PERIPHERIQUE E,0.0,0.0
201300054423,27,11,2013,8,1,75,116,2,2,1,3,BOULEVARD DE MONTMORENCY,0.0,0.0
201300054424,27,11,2013,22,5,75,116,2,3,1,1,"88, AVENUE KLEBER",0.0,0.0
201300054425,29,11,2013,7,2,75,116,2,1,1,3,"50, RUE MOLITOR",0.0,0.0
201300054426,29,11,2013,22,5,75,116,2,1,2,2,"114, AVENUE DE VERSAILLE",0.0,0.0
201300054427,30,11,2013,15,1,75,116,2,1,1,6,"41, BOULEVARD LANNES",0.0,0.0
201300054428,30,11,2013,17,5,75,117,2,7,1,3,PLACE CHARLES DE GAULLE,0.0,0.0
201300054429,1,12,2013,3,5,75,116,2,1,1,7,CARREFOUR DE NORVEGE,0.0,0.0
201300054430,2,12,2013,8,1,75,116,2,1,1,6,"47, AVENUE D IENA",0.0,0.0
201300054431,2,12,2013,9,1,75,116,2,5,1,3,RUE JOSEPH ET MARIE HACK,0.0,0.0
201300054432,2,12,2013,18,5,75,116,2,7,1,1,AVENUE DES NATIONS UNIES,0.0,0.0
201300054433,3,12,2013,9,1,75,116,2,7,1,3,PLACE DU MARECHAL DE LAT,0.0,0.0
201300054434,3,12,2013,13,1,75,116,2,3,1,3,"191, BOULEVARD MURAT",0.0,0.0
201300054435,4,12,2013,9,1,75,116,2,2,1,2,RUE WILHEM,0.0,0.0
201300054436,4,12,2013,19,5,75,116,2,5,1,3,"62, RUE MICHEL ANGE",0.0,0.0
201300054437,4,12,2013,21,5,75,116,2,1,1,3,VOIE GEORGES POMPIDOU,0.0,0.0
201300054438,4,12,2013,22,5,75,116,2,1,2,7,AVENUE FOCH,0.0,0.0
201300054439,5,12,2013,16,2,75,116,2,7,1,2,AVENUE D EYLAU,0.0,0.0
201300054440,5,12,2013,20,5,75,116,2,2,1,6,"22, AVENUE RAYMOND POINC",0.0,0.0
201300054441,6,12,2013,15,1,75,116,2,5,1,3,ROUTE DE SURESNES,0.0,0.0
201300054442,6,12,2013,20,5,75,116,2,1,1,3,"9, RUE DE BOULAINVILLIER",0.0,0.0
201300054443,7,12,2013,16,1,75,116,2,1,1,6,"38, AVENUE VICTOR HUGO",0.0,0.0
201300054444,7,12,2013,22,5,75,116,2,1,1,3,ALLEE DE LONGCHAMP,0.0,0.0
201300054445,8,12,2013,13,1,75,116,2,5,1,6,ROUTE DE SEVRES A NEUILL,0.0,0.0
201300054446,8,12,2013,22,5,75,116,2,2,1,6,"48, RUE RAFFET",0.0,0.0
201300054447,9,12,2013,21,5,75,116,2,7,1,6,PLACE DE LA PORTE MAILLO,0.0,0.0
201300054448,10,12,2013,12,1,75,116,2,2,1,3,"82, AVENUE D IENA",0.0,0.0
201300054449,11,12,2013,23,5,75,116,2,4,1,3,"1, RUE DE BOULAINVILLIER",0.0,0.0
201300054450,12,12,2013,10,1,75,116,2,5,1,3,"17, RUE DE LA POMPE",0.0,0.0
201300054451,12,12,2013,12,1,75,116,2,3,1,6,"4, AVENUE ALBERT DE MUN",0.0,0.0
201300054452,12,12,2013,15,1,75,116,2,3,1,2,"66, AVENUE KLEBER",0.0,0.0
201300054453,12,12,2013,17,2,75,116,2,7,1,3,AVENUE DE LA GRANDE ARME,0.0,0.0
201300054454,12,12,2013,19,5,75,116,2,1,1,3,"131, AVENUE DE VERSAILLE",0.0,0.0
201300054455,13,12,2013,18,5,75,116,2,1,2,6,"116, RUE MICHEL ANGE",0.0,0.0
201300054456,13,12,2013,19,2,75,116,2,3,2,3,"102, AVENUE RAYMOND POIN",0.0,0.0
201300054457,13,12,2013,21,5,75,116,2,1,3,6,"16, AVENUE THEOPHILE GAU",0.0,0.0
201300054458,13,12,2013,22,5,75,116,2,5,2,6,"79, AVENUE KLEBER",0.0,0.0
201300054459,14,12,2013,2,5,75,116,2,1,2,6,AVENUE DE L HIPPODROME,0.0,0.0
201300054460,14,12,2013,3,5,75,116,2,7,2,3,"0, PLACE CHARLES DE GAUL",0.0,0.0
201300054461,14,12,2013,16,2,75,116,2,1,1,6,AVENUE DE NEW YORK,0.0,0.0
201300054462,13,12,2013,20,5,75,116,2,3,2,6,"67, AVENUE KLEBER",0.0,0.0
201300054463,16,12,2013,12,1,75,116,2,1,1,2,"09bis, RUE DE BOULAINVIL",0.0,0.0
201300054464,16,12,2013,19,5,75,116,2,1,1,2,ALLEE DE LA REINE MARGUE,0.0,0.0
201300054465,17,12,2013,16,1,75,116,2,7,1,6,PLACE DE MEXICO,0.0,0.0
201300054466,17,12,2013,19,5,75,116,2,2,1,2,"XVI-10312, AVENUE DE LA",0.0,0.0
201300054467,19,12,2013,11,1,75,116,2,5,1,1,"78, AVENUE HENRI MARTIN",0.0,0.0
201300054468,19,12,2013,19,5,75,116,2,1,1,6,"27, AVENUE D EYLAU",0.0,0.0
201300054469,20,12,2013,14,1,75,108,2,1,1,6,"02, AVENUE MARCEAU",0.0,0.0
201300054470,22,12,2013,20,5,75,117,2,2,2,6,"192, RUE CARDINET",0.0,0.0
201300054471,25,12,2013,22,5,75,116,2,2,1,7,"16, RUE CHARDON LAGACHE",0.0,0.0
201300054472,26,12,2013,13,1,75,116,2,1,7,6,"15, RUE DE LA POMPE",0.0,0.0
201300054473,26,12,2013,18,2,75,116,2,5,1,3,"10, AVENUE DU PRESIDENT",0.0,0.0
201300054474,27,12,2013,19,5,75,116,2,2,2,7,PLACE DE LA PORTE D AUTE,0.0,0.0
201300054475,27,12,2013,18,5,75,116,2,1,2,7,PLACE DE LA PORTE MAILLO,0.0,0.0
201300054476,29,12,2013,4,5,75,116,2,1,1,2,ALLEE DE LONGCHAMP,0.0,0.0
201300054477,4,2,2013,13,1,75,116,2,1,2,7,BOULEVARD SUCHET,0.0,0.0
201300054478,1,1,2013,18,5,75,117,2,2,2,3,"77, AVENUE DE VILLIERS",0.0,0.0
201300054479,31,12,2013,22,5,75,117,2,7,1,3,", PLACE DU BRESIL",0.0,0.0
201300054480,1,1,2013,21,5,75,116,2,7,1,6,"25, AVENUE DE NEUILLY",0.0,0.0
201300054481,2,1,2013,20,5,75,117,2,7,1,3,"2, PLACE DE LA PORTE MAI",0.0,0.0
201300054482,3,1,2013,11,1,75,117,2,5,2,6,"138, BOULEVARD PEREIRE",0.0,0.0
201300054483,3,1,2013,16,2,75,117,2,2,2,7,"71, AVENUE DE VILLIERS",0.0,0.0
201300054484,3,1,2013,18,5,75,117,2,1,2,3,"67, BOULEVARD BERTHIER",0.0,0.0
201300054485,3,1,2013,20,5,75,117,2,1,1,6,"19, AVENUE DE LA PORTE D",0.0,0.0
201300054486,6,1,2013,0,5,75,117,2,1,2,3,"190, AVENUE DE CLICHY",0.0,0.0
201300054487,7,1,2013,10,1,75,117,2,1,1,6,"14, RUE THEODULE RIBOT",0.0,0.0
201300054488,3,1,2013,19,2,75,117,2,1,2,6,"2, AVENUE PAUL ADAM",0.0,0.0
201300054489,8,1,2013,10,1,75,117,2,2,1,6,"32, RUE JACQUES KELLNER",0.0,0.0
201300054490,9,1,2013,7,2,75,117,2,4,1,6,"55, RUE DES ACACIAS",0.0,0.0
201300054491,9,1,2013,14,1,75,117,2,1,8,3,"190, AVENUE DE CLICHY",0.0,0.0
201300054492,9,1,2013,17,5,75,117,2,3,2,6,"148, BOULEVARD MALESHERB",0.0,0.0
201300054493,10,1,2013,8,1,75,117,2,3,2,6,"104, BOULEVARD BESSIERES",0.0,0.0
201300054494,10,1,2013,8,2,75,117,2,7,2,7,BOULEVARD DE COURCELLES,0.0,0.0
201300054495,10,1,2013,13,1,75,117,2,3,2,3,"110, RUE DE COURCELLES",0.0,0.0
201300054496,9,1,2013,21,5,75,117,2,4,2,3,AVENUE DE LA PORTE D ASN,0.0,0.0
201300054497,11,1,2013,11,1,75,117,2,4,1,3,"76, AVENUE DES TERNES",0.0,0.0
201300054498,11,1,2013,15,1,75,117,2,3,1,3,"43, RUE DES ACACIAS",0.0,0.0
201300054499,11,1,2013,19,5,75,117,2,3,2,6,"141, AVENUE DE CLICHY",0.0,0.0
201300054500,11,1,2013,13,1,75,117,2,1,1,6,"24, AVENUE DE LA GRANDE",0.0,0.0
201300054501,12,1,2013,11,1,75,117,2,1,2,3,"98, AVENUE DE VILLIERS",0.0,0.0
201300054502,14,1,2013,20,5,75,117,2,3,4,6,"180, AVENUE DE CLICHY",0.0,0.0
201300054503,15,1,2013,9,1,75,117,2,2,2,3,"40, RUE DES BATIGNOLLES",0.0,0.0
201300054504,16,1,2013,11,1,75,116,2,7,1,3,"2, PLACE DE LA PORTE MAI",0.0,0.0
201300054505,16,1,2013,20,5,75,117,2,4,1,6,BOULEVARD DE LA SOMME,0.0,0.0
201300054506,22,1,2013,14,1,75,117,2,3,2,7,"95, RUE TRUFFAUT",0.0,0.0
201300054507,23,1,2013,18,5,75,117,2,1,1,6,"145, AVENUE DE VILLIERS",0.0,0.0
201300054508,25,1,2013,17,4,75,117,2,7,1,3,"16, PLACE CHARLES FILLIO",0.0,0.0
201300054509,27,1,2013,6,5,75,117,2,2,1,6,"160, AVENUE DE CLICHY",0.0,0.0
201300054510,29,1,2013,18,5,75,117,2,4,1,3,AVENUE DE LA PORTE DE CL,0.0,0.0
201300054511,31,1,2013,10,1,75,117,2,1,1,7,"160/162, RUE CARDINET",0.0,0.0
201300054512,31,1,2013,9,1,75,117,2,2,1,3,"18, AVENUE MAC MAHON",0.0,0.0
201300054513,2,2,2013,19,5,75,117,2,1,2,6,"142, BOULEVARD BERTHIER",0.0,0.0
201300054514,4,2,2013,11,1,75,117,2,1,2,3,"56, BOULEVARD BERTHIER",0.0,0.0
201300054515,4,2,2013,14,1,75,117,2,2,1,6,RUE LA CONDAMINE,0.0,0.0
201300054516,4,2,2013,17,1,75,117,2,2,1,6,"190, RUE CARDINET",0.0,0.0
201300054517,5,2,2013,9,1,75,117,2,1,2,7,"07, RUE POUCHET",0.0,0.0
201300054518,5,2,2013,20,5,75,117,2,2,1,7,"8, RUE JULES BOURDAIS",0.0,0.0
201300054519,6,2,2013,12,1,75,117,2,5,1,6,AVENUE DE SAINT OUEN,0.0,0.0
201300054520,6,2,2013,15,1,75,117,2,7,1,3,"1, PLACE PAUL LEAUTAUD",0.0,0.0
201300054521,7,2,2013,19,2,75,117,2,2,1,6,"2, BOULEVARD BESSIERES",0.0,0.0
201300054522,7,2,2013,20,5,75,117,2,5,1,3,PLACE DE LA PORTE MAILLO,0.0,0.0
201300054523,10,2,2013,0,5,75,117,2,2,1,3,"25, RUE LA CONDAMINE",0.0,0.0
201300054524,10,2,2013,5,5,75,117,2,2,2,6,"6, AVENUE DE LA GRANDE A",0.0,0.0
201300054525,15,2,2013,14,1,75,117,2,4,1,2,"24, RUE GUSTAVE CHARPENT",0.0,0.0
201300054526,15,2,2013,21,5,75,117,2,1,1,4,"188, BOULEVARD MALESHERB",0.0,0.0
201300054527,16,2,2013,2,5,75,117,2,1,1,2,"2, PLACE DE LA PORTE MAI",0.0,0.0
201300054528,16,2,2013,9,1,75,117,2,3,1,6,"10, RUE FRAGONARD",0.0,0.0
201300054529,16,2,2013,10,1,75,117,2,2,1,3,"34, AVENUE DE LA PORTE D",0.0,0.0
201300054530,20,2,2013,15,1,75,117,2,2,1,1,"1, AVENUE STEPHANE MALLA",0.0,0.0
201300054531,21,2,2013,9,1,75,117,2,2,1,6,"174, AVENUE DE CLICHY",0.0,0.0
201300054532,22,2,2013,15,1,75,117,2,3,1,1,"101, AVENUE DE CLICHY",0.0,0.0
201300054533,22,2,2013,17,1,75,117,2,3,8,3,"75, AVENUE DE CLICHY",0.0,0.0
201300054534,22,2,2013,17,5,75,117,2,1,8,3,"107, AVENUE DE SAINT OUE",0.0,0.0
201300054535,24,2,2013,18,5,75,117,2,2,4,6,"14, AVENUE MAC MAHON",0.0,0.0
201300054536,25,2,2013,19,5,75,117,2,7,2,1,"6, PLACE GENERAL CATROUX",0.0,0.0
201300054537,27,2,2013,14,1,75,117,2,2,1,6,"1, RUE JEAN LECLAIRE",0.0,0.0
201300054538,27,2,2013,16,1,75,117,2,2,1,1,"05, AVENUE DE LA PORTE D",0.0,0.0
201300054539,1,3,2013,7,2,75,117,2,2,1,2,"135, RUE DE ROME",0.0,0.0
201300054540,1,3,2013,17,1,75,117,2,1,1,6,"14, RUE GUSTAVE CHARPENT",0.0,0.0
201300054541,1,3,2013,19,5,75,117,2,1,1,2,"62, AVENUE DES TERNES",0.0,0.0
201300054542,2,3,2013,6,2,75,117,2,2,1,3,"04, AVENUE DE LA GRANDE",0.0,0.0
201300054543,4,3,2013,12,1,75,117,2,5,1,3,"1, BOULEVARD PERSHING",0.0,0.0
201300054544,6,3,2013,11,1,75,117,2,1,1,3,"26, AVENUE DE LA GRANDE",0.0,0.0
201300054545,6,3,2013,18,5,75,117,2,2,2,2,"02, AVENUE DE LA GRANDE",0.0,0.0
201300054546,6,3,2013,23,5,75,117,2,1,1,3,AVENUE DE LA PORTE DES T,0.0,0.0
201300054547,11,3,2013,22,5,75,117,2,1,4,7,"275, BOULEVARD PEREIRE",0.0,0.0
201300054548,18,3,2013,9,1,75,117,2,3,1,2,"148, BOULEVARD MALESHERB",0.0,0.0
201300054549,18,3,2013,19,1,75,117,2,7,1,7,"/, PLACE CHARLES DE GAUL",0.0,0.0
201300054550,18,3,2013,19,5,75,117,2,7,2,6,BOULEVARD MALESHERBES,0.0,0.0
201300054551,19,3,2013,12,1,75,117,2,1,1,6,"178, RUE DE COURCELLES",0.0,0.0
201300054552,21,3,2013,14,1,75,117,2,7,1,3,"4-10, PLACE DE LA PORTE",0.0,0.0
201300054553,22,3,2013,9,1,75,117,2,4,1,3,"27, AVENUE MAC MAHON",0.0,0.0
201300054554,24,3,2013,20,5,75,117,2,2,1,7,"165, RUE DE ROME",0.0,0.0
201300054555,26,3,2013,11,1,75,117,2,1,1,7,"16, PLACE DE VERDUN",0.0,0.0
201300054556,26,3,2013,15,1,75,117,2,2,1,3,RUE DE ROME,0.0,0.0
201300054557,26,3,2013,16,1,75,117,2,1,1,6,"145, BOULEVARD MALESHERB",0.0,0.0
201300054558,28,3,2013,15,1,75,117,2,3,1,3,"74, AVENUE DE CLICHY",0.0,0.0
201300054559,28,3,2013,20,5,75,117,2,3,1,3,"14, RUE D HELIOPOLIS",0.0,0.0
201300054560,29,3,2013,13,1,75,117,2,3,1,3,"173, AVENUE DE CLICHY",0.0,0.0
201300054561,29,3,2013,14,1,75,117,2,3,1,7,"30, RUE MARGUERITE LONG",0.0,0.0
201300054562,29,3,2013,18,1,75,117,2,7,1,6,"69, AVENUE DES TERNES",0.0,0.0
201300054563,31,3,2013,13,1,75,117,2,1,1,2,"205, BOULEVARD MALESHERB",0.0,0.0
201300054564,3,4,2013,18,1,75,117,2,5,1,6,"7, AVENUE NIEL",0.0,0.0
201300054565,6,4,2013,13,1,75,117,2,5,1,3,"1, BOULEVARD PERSHING",0.0,0.0
201300054566,7,4,2013,18,1,75,117,2,5,1,6,"141, BOULEVARD PEREIRE",0.0,0.0
201300054567,8,4,2013,9,1,75,117,2,2,2,3,"19, RUE BROCHANT",0.0,0.0
201300054568,8,4,2013,20,2,75,117,2,3,1,7,"75, AVENUE DE CLICHY",0.0,0.0
201300054569,9,4,2013,15,1,75,117,2,3,2,2,"1, BOULEVARD DU BOIS LE",0.0,0.0
201300054570,9,4,2013,18,1,75,117,2,1,1,1,"85, AVENUE DE CLICHY",0.0,0.0
201300054571,10,4,2013,11,1,75,117,2,1,2,3,"124, AVENUE DE VILLIERS",0.0,0.0
201300054572,11,4,2013,1,5,75,117,2,4,2,6,"5, RUE GUTTIN",0.0,0.0
201300054573,11,4,2013,16,1,75,117,2,3,2,6,"121, AVENUE DE CLICHY",0.0,0.0
201300054574,11,4,2013,16,1,75,117,2,4,2,3,"62, RUE LAUGIER",0.0,0.0
201300054575,12,4,2013,11,1,75,117,2,1,1,3,BOULEVARD PERIPHERIQUE,0.0,0.0
201300054576,12,4,2013,17,1,75,117,2,4,2,2,"06, BOULEVARD PERSHING",0.0,0.0
201300054577,14,4,2013,22,5,75,117,2,2,1,7,"44, RUE LA CONDAMINE",0.0,0.0
201300054578,16,4,2013,9,1,75,117,2,1,1,6,"3, RUE LEON JOST",0.0,0.0
201300054579,16,4,2013,17,1,75,117,2,2,1,2,"75 ter, AVENUE DE WAGRAM",0.0,0.0
201300054580,18,4,2013,20,5,75,117,2,1,1,2,"30 BIS, AVENUE NIEL",0.0,0.0
201300054581,19,4,2013,9,1,75,117,2,7,1,3,"5, PLACE DE WAGRAM",0.0,0.0
201300054582,19,4,2013,9,1,75,117,2,1,1,2,"139, AVENUE DE VILLIERS",0.0,0.0
201300054583,20,4,2013,15,1,75,117,2,2,1,3,"17, RUE GUY MOQUET",0.0,0.0
201300054584,20,4,2013,17,1,75,117,2,1,1,6,"38, BOULEVARD BERTHIER",0.0,0.0
201300054585,22,4,2013,10,1,75,117,2,1,1,7,"145, RUE DE SAUSSURE",0.0,0.0
201300054586,25,4,2013,9,1,75,117,2,5,1,3,"9, AVENUE NIEL",0.0,0.0
201300054587,25,4,2013,18,1,75,117,2,1,1,6,"60, BOULEVARD GOUVION SA",0.0,0.0
201300054588,26,4,2013,13,1,75,117,2,1,1,2,BOULEVARD PERIPHERIQUE,0.0,0.0
201300054589,27,4,2013,22,5,75,116,2,7,1,3,PLACE DE LA PORTE MAILLO,0.0,0.0
201300054590,29,4,2013,2,5,75,117,2,3,1,6,"83, AVENUE NIEL",0.0,0.0
201300054591,29,4,2013,14,1,75,117,2,3,1,6,"2, RUE AUMONT THIEVILLE",0.0,0.0
201300054592,29,4,2013,17,1,75,117,2,7,1,2,PLACE DE LA REPUBLIQUE D,0.0,0.0
201300054593,29,4,2013,20,5,75,117,2,5,1,5,AVENUE DE LA PORTE D ASN,0.0,0.0
201300054594,2,5,2013,21,5,75,117,2,3,1,2,"22, AVENUE DE LA GRANDE",0.0,0.0
201300054595,3,5,2013,17,1,75,117,2,1,1,6,"4, BOULEVARD DE REIMS",0.0,0.0
201300054596,6,5,2013,13,1,75,117,2,5,2,6,"143, AVENUE DE VILLIERS",0.0,0.0
201300054597,6,5,2013,19,1,75,117,2,2,1,3,"47, RUE DES BATIGNOLLES",0.0,0.0
201300054598,7,5,2013,9,1,75,117,2,3,1,6,"161, BOULEVARD MALESHERB",0.0,0.0
201300054599,9,5,2013,1,5,75,117,2,2,1,2,"129, AVENUE DE CLICHY",0.0,0.0
201300054600,9,5,2013,13,1,75,117,2,3,1,7,"16, RUE GUILLAUME TELL",0.0,0.0
201300054601,9,5,2013,17,1,75,117,2,2,1,3,"32, RUE JACQUES KELLNER",0.0,0.0
201300054602,10,5,2013,20,1,75,117,2,1,1,3,"89, RUE DE ROME",0.0,0.0
201300054603,11,5,2013,16,1,75,117,2,2,1,3,"90, RUE LEGENDRE",0.0,0.0
201300054604,14,5,2013,19,1,75,117,2,4,1,6,"12, AVENUE DE LA PORTE D",0.0,0.0
201300054605,15,5,2013,12,1,75,117,2,4,1,3,"79, AVENUE DES TERNES",0.0,0.0
201300054606,15,5,2013,18,1,75,117,2,2,1,6,"113, AVENUE DE CLICHY",0.0,0.0
201300054607,17,5,2013,19,1,75,117,2,1,1,2,"22 bis, RUE JOUFFROY D A",0.0,0.0
201300054608,19,5,2013,19,1,75,117,2,1,2,6,"6, RUE LA CONDAMINE",0.0,0.0
201300054609,20,5,2013,0,5,75,117,2,5,3,3,AVENUE DE LA PORTE D ASN,0.0,0.0
201300054610,21,5,2013,11,1,75,117,2,3,8,6,"224, RUE DE COURCELLES",0.0,0.0
201300054611,21,5,2013,14,1,75,117,2,4,2,3,BOULEVARD PERSHING,0.0,0.0
201300054612,21,5,2013,15,1,75,117,2,1,1,6,"101, RUE DE TOCQUEVILLE",0.0,0.0
201300054613,22,5,2013,22,5,75,117,2,3,1,2,"168, BOULEVARD MALESHERB",0.0,0.0
201300054614,23,5,2013,14,1,75,117,2,7,1,3,"82, AVENUE DE LA GRANDE",0.0,0.0
201300054615,23,5,2013,17,1,75,117,2,2,2,2,"91, RUE DE ROME",0.0,0.0
201300054616,23,5,2013,19,2,75,117,2,5,1,3,"133, AVENUE DE VILLIERS",0.0,0.0
201300054617,24,5,2013,14,1,75,117,2,1,2,2,"126, BOULEVARD BERTHIER",0.0,0.0
201300054618,24,5,2013,15,1,75,117,2,1,3,3,"90, BOULEVARD DE COURCEL",0.0,0.0
201300054619,24,5,2013,16,1,75,117,2,3,2,3,"11, AVENUE DE SAINT OUEN",0.0,0.0
201300054620,24,5,2013,19,1,75,117,2,3,2,7,"7, AVENUE DE LA PORTE D",0.0,0.0
201300054621,25,5,2013,3,5,75,117,2,6,2,6,BOULEVARD BERTHIER,0.0,0.0
201300054622,25,5,2013,2,5,75,117,2,1,1,7,"60, RUE DE PRONY",0.0,0.0
201300054623,26,5,2013,15,1,75,117,2,7,1,4,"1 bis, AVENUE MAC MAHON",0.0,0.0
201300054624,26,5,2013,17,1,75,117,2,1,1,6,"142, BOULEVARD BERTHIER",0.0,0.0
201300054625,28,5,2013,23,5,75,117,2,7,1,6,"5, PLACE DE WAGRAM",0.0,0.0
201300054626,29,5,2013,14,1,75,117,2,5,1,2,"36, AVENUE NIEL",0.0,0.0
201300054627,30,5,2013,7,1,75,117,2,2,8,6,"3, RUE FARADAY",0.0,0.0
201300054628,30,5,2013,8,1,75,117,2,1,2,2,"86, AVENUE DE VILLIERS",0.0,0.0
201300054629,30,5,2013,9,1,75,116,2,1,1,4,BOULEVARD PERIPHERIQUE I,0.0,0.0
201300054630,30,5,2013,17,1,75,117,2,3,2,6,"92, AVENUE DE VILLIERS",0.0,0.0
201300054631,30,5,2013,20,1,75,117,2,1,2,2,"89, BOULEVARD BESSIERES",0.0,0.0
201300054632,1,6,2013,10,1,75,117,2,2,1,3,"32, RUE JOUFFROY D ABBAN",0.0,0.0
201300054633,1,6,2013,15,1,75,117,2,1,1,4,"196, BOULEVARD MALESHERB",0.0,0.0
201300054634,2,6,2013,11,1,75,117,2,7,1,3,"4, PLACE DE LA PORTE DE",0.0,0.0
201300054635,3,6,2013,17,1,75,117,2,1,1,6,"26, RUE JOUFFROY D ABBAN",0.0,0.0
201300054636,4,6,2013,3,5,75,117,2,4,1,6,"107, BOULEVARD BESSIERES",0.0,0.0
201300054637,4,6,2013,11,1,75,117,2,3,1,3,"05, RUE DU DOCTEUR PAUL",0.0,0.0
201300054638,5,6,2013,8,1,75,117,2,5,1,3,"70, BOULEVARD DES BATIGN",0.0,0.0
201300054639,5,6,2013,11,1,75,117,2,1,1,3,"56, BOULEVARD BERTHIER",0.0,0.0
201300054640,5,6,2013,12,1,75,117,2,4,1,3,"5, AVENUE DE VILLIERS",0.0,0.0
201300054641,6,6,2013,7,1,75,117,2,1,1,3,"150, AVENUE DE CLICHY",0.0,0.0
201300054642,6,6,2013,13,1,75,117,2,7,1,3,AVENUE DE VILLIERS,0.0,0.0
201300054643,7,6,2013,13,1,75,117,2,7,1,3,"63, AVENUE DE WAGRAM",0.0,0.0
201300054644,7,6,2013,15,1,75,117,2,1,1,6,"210 ter, BOULEVARD PEREI",0.0,0.0
201300054645,7,6,2013,15,1,75,117,2,7,1,2,"10, BOULEVARD PERSHING",0.0,0.0
201300054646,10,6,2013,9,1,75,117,2,2,1,6,"111, AVENUE DE CLICHY",0.0,0.0
201300054647,10,6,2013,9,1,75,117,2,3,1,3,"9, AVENUE DE LA PORTE D",0.0,0.0
201300054648,10,6,2013,11,1,75,117,2,2,1,6,"10, AVENUE DES TERNES",0.0,0.0
201300054649,10,6,2013,15,1,75,117,2,1,1,6,"41, AVENUE DES TERNES",0.0,0.0
201300054650,12,6,2013,4,5,75,117,2,2,1,6,AVENUE DE WAGRAM,0.0,0.0
201300054651,12,6,2013,9,1,75,117,2,5,1,6,"1, AVENUE DE LA PORTE D",0.0,0.0
201300054652,13,6,2013,15,1,75,117,2,5,2,3,"0, RUE GUY MOQUET",0.0,0.0
201300054653,13,6,2013,18,1,75,117,2,1,1,3,"2, PLACE DU GENERAL KOEN",0.0,0.0
201300054654,13,6,2013,19,1,75,117,2,3,1,6,"100, AVENUE DE CLICHY",0.0,0.0
201300054655,13,6,2013,21,2,75,117,2,2,1,6,"186, RUE CARDINET",0.0,0.0
201300054656,14,6,2013,0,5,75,117,2,2,1,3,RUE POUCHET,0.0,0.0
201300054657,14,6,2013,12,1,75,117,2,1,1,6,"88, RUE PIERRE DEMOURS",0.0,0.0
201300054658,15,6,2013,4,3,75,117,2,5,1,2,"78, AVENUE DE WAGRAM",0.0,0.0
201300054659,17,6,2013,18,1,75,117,2,1,2,6,"75, RUE DE SAUSSURE",0.0,0.0
201300054660,17,6,2013,19,1,75,117,2,1,2,2,"127, AVENUE DE CLICHY",0.0,0.0
201300054661,17,6,2013,5,2,75,117,2,1,1,2,BOULEVARD PERIPHERIQUE E,0.0,0.0
201300054662,18,6,2013,15,1,75,117,2,7,1,3,"02, PLACE DE LA PORTE MA",0.0,0.0
201300054663,19,6,2013,16,1,75,117,2,5,1,6,"1, AVENUE DE VILLIERS",0.0,0.0
201300054664,20,6,2013,14,1,75,117,2,5,8,7,AVENUE DE LA PORTE DE CL,0.0,0.0
201300054665,20,6,2013,14,1,75,117,2,5,1,6,"02, BOULEVARD DE REIMS",0.0,0.0
201300054666,20,6,2013,18,1,75,117,2,2,1,6,"2, PLACE DU GENERAL KOEN",0.0,0.0
201300054667,21,6,2013,9,1,75,117,2,2,1,3,BOULEVARD DE DOUAUMONT,0.0,0.0
201300054668,23,6,2013,6,1,75,117,2,2,1,3,RUE DE ROME,0.0,0.0
201300054669,24,6,2013,9,1,75,117,2,2,1,1,"07, AVENUE DE WAGRAM",0.0,0.0
201300054670,24,6,2013,14,1,75,117,2,1,1,7,"77 bis, RUE LEGENDRE",0.0,0.0
201300054671,24,6,2013,19,1,75,117,2,3,1,6,"73, AVENUE DE CLICHY",0.0,0.0
201300054672,25,6,2013,17,1,75,117,2,1,1,6,"25, AVENUE DE SAINT OUEN",0.0,0.0
201300054673,25,6,2013,22,5,75,117,2,1,1,3,"16, BOULEVARD DES BATIGN",0.0,0.0
201300054674,26,6,2013,0,5,75,117,2,2,1,2,"145, RUE CARDINET",0.0,0.0
201300054675,26,6,2013,18,1,75,117,2,2,1,6,"36, RUE LEMERCIER",0.0,0.0
201300054676,29,6,2013,2,5,75,117,2,7,1,3,"16, PLACE GENERAL CATROU",0.0,0.0
201300054677,1,7,2013,14,1,75,117,2,1,1,3,"95, RUE DE TOCQUEVILLE",0.0,0.0
201300054678,2,7,2013,13,1,75,117,2,5,1,2,"160, BOULEVARD BERTHIER",0.0,0.0
201300054679,4,7,2013,11,1,75,117,2,4,1,3,"08, AVENUE DE LA PORTE D",0.0,0.0
201300054680,4,7,2013,18,1,75,117,2,1,1,6,"190, AVENUE DE CLICHY",0.0,0.0
201300054681,8,7,2013,19,1,75,117,2,5,1,3,AVENUE DE WAGRAM,0.0,0.0
201300054682,10,7,2013,11,1,75,117,2,3,1,6,"8 bis, RUE BARON",0.0,0.0
201300054683,10,7,2013,18,1,75,108,2,1,1,6,"38, BOULEVARD DE COURCEL",0.0,0.0
201300054684,12,7,2013,17,1,75,117,2,2,1,5,"89, RUE DE ROME",0.0,0.0
201300054685,13,7,2013,18,1,75,117,2,5,1,6,"145, AVENUE DE VILLIERS",0.0,0.0