Num_Acc,jour,mois,an,hr,condition_eclairage,departement,commune,condition_agglomeration,intersection,condition_atmosphere,type_collision,adresse,lattitude,longitude
201300054686,13,7,2013,17,1,75,117,2,4,1,2,"4 et 6, BOULEVARD PERSHI",0.0,0.0
201300054687,13,7,2013,22,5,75,117,2,1,1,3,"161, RUE DE COURCELLES",0.0,0.0
201300054688,19,7,2013,14,1,75,117,2,2,1,3,"33, RUE BOURSAULT",0.0,0.0
201300054689,20,7,2013,12,1,75,117,2,1,1,2,"195, BOULEVARD MALESHERB",0.0,0.0
201300054690,21,7,2013,2,5,75,117,2,3,1,3,"170, RUE CARDINET",0.0,0.0
201300054691,21,7,2013,12,1,75,117,2,5,1,2,"02, AVENUE DE VILLIERS",0.0,0.0
201300054692,23,7,2013,17,1,75,117,2,1,1,6,"145, BOULEVARD MALESHERB",0.0,0.0
201300054693,24,7,2013,11,1,75,117,2,2,1,6,"16, RUE BAYEN",0.0,0.0
201300054694,25,7,2013,9,1,75,117,2,1,1,6,"1, BOULEVARD DU FORT DE",0.0,0.0
201300054695,27,7,2013,9,1,75,117,2,5,1,2,"11, PLACE DE LA PORTE DE",0.0,0.0
201300054696,1,8,2013,11,1,75,117,2,3,1,6,RUE BROCHANT,0.0,0.0
201300054697,1,8,2013,22,5,75,117,2,1,1,6,"9, RUE ANDRE BRECHET",0.0,0.0
201300054698,2,8,2013,15,1,75,117,2,7,1,2,"1, PLACE CHARLES DE GAUL",0.0,0.0
201300054699,2,8,2013,16,1,75,117,2,5,1,3,"2, BOULEVARD GOUVION SAI",0.0,0.0
201300054700,8,8,2013,8,1,75,117,2,7,1,6,"11, PLACE GENERAL CATROU",0.0,0.0
201300054701,9,8,2013,15,1,75,118,2,3,1,3,"68, AVENUE DE SAINT OUEN",0.0,0.0
201300054702,9,8,2013,16,1,75,117,2,3,1,6,"81, AVENUE DE CLICHY",0.0,0.0
201300054703,13,8,2013,17,1,75,117,2,3,1,6,"8-10, RUE SAINT JUST",0.0,0.0
201300054704,14,8,2013,0,5,75,117,2,1,1,6,"5, AVENUE DE LA PORTE DE",0.0,0.0
201300054705,14,8,2013,19,1,75,117,2,2,1,3,"62, RUE DE PRONY",0.0,0.0
201300054706,20,8,2013,9,1,75,117,2,1,1,6,"17-23, AVENUE DE LA PORT",0.0,0.0
201300054707,21,8,2013,9,1,75,117,2,1,1,1,"99, AVENUE DE VILLIERS",0.0,0.0
201300054708,21,8,2013,12,1,75,117,2,2,1,7,RUE JEAN OESTREICHER,0.0,0.0
201300054709,22,8,2013,0,5,75,117,2,2,1,3,RUE LA CONDAMINE,0.0,0.0
201300054710,22,8,2013,15,1,75,117,2,5,1,3,"90, RUE DE PRONY",0.0,0.0
201300054711,25,8,2013,1,5,75,117,2,1,3,6,"10, BOULEVARD DES BATIGN",0.0,0.0
201300054712,26,8,2013,9,1,75,117,2,1,1,7,"66, BOULEVARD DE COURCEL",0.0,0.0
201300054713,27,8,2013,7,2,75,117,2,2,1,2,"27, AVENUE DE CLICHY",0.0,0.0
201300054714,29,8,2013,6,2,75,117,2,1,1,7,"07, PLACE DES TERNES",0.0,0.0
201300054715,29,8,2013,9,1,75,117,2,4,1,2,"17, BOULEVARD BESSIERES",0.0,0.0
201300054716,30,8,2013,12,1,75,117,2,4,1,3,AVENUE DE LA PORTE D ASN,0.0,0.0
201300054717,4,9,2013,4,5,75,117,2,3,1,6,"127, RUE DE SAUSSURE",0.0,0.0
201300054718,4,9,2013,11,1,75,117,2,1,1,3,"26, AVENUE DE LA PORTE D",0.0,0.0
201300054719,4,9,2013,12,1,75,117,2,2,1,6,"19, BOULEVARD PEREIRE",0.0,0.0
201300054720,4,9,2013,23,5,75,117,2,1,1,6,"3, AVENUE DE CLICHY",0.0,0.0
201300054721,8,9,2013,3,5,75,117,2,3,1,3,AVENUE DE CLICHY,0.0,0.0
201300054722,10,9,2013,12,1,75,117,2,4,1,7,"21, AVENUE DE WAGRAM",0.0,0.0
201300054723,11,9,2013,8,1,75,117,2,2,1,3,BOULEVARD DU BOIS LE PRE,0.0,0.0
201300054724,11,9,2013,12,1,75,117,2,1,1,4,"38, BOULEVARD DE COURCEL",0.0,0.0
201300054725,11,9,2013,16,1,75,117,2,2,1,3,"0, RUE NOLLET",0.0,0.0
201300054726,11,9,2013,15,1,75,117,2,1,1,3,"22, AVENUE DE LA GRANDE",0.0,0.0
201300054727,11,9,2013,20,5,75,117,2,5,1,3,"1, BOULEVARD PEREIRE",0.0,0.0
201300054728,13,9,2013,11,1,75,117,2,1,2,7,"48, BOULEVARD DES BATIGN",0.0,0.0
201300054729,13,9,2013,20,5,75,117,2,3,8,2,"107, BOULEVARD BESSIERES",0.0,0.0
201300054730,16,9,2013,13,1,75,117,2,1,1,4,"118, RUE DE COURCELLES",0.0,0.0
201300054731,17,9,2013,9,1,75,117,2,2,1,2,"125, BOULEVARD MALESHERB",0.0,0.0
201300054732,17,9,2013,18,1,75,117,2,2,2,3,"50, AVENUE DE LA GRANDE",0.0,0.0
201300054733,17,9,2013,19,5,75,117,2,1,2,7,"120, BOULEVARD DE COURCE",0.0,0.0
201300054734,17,9,2013,23,5,75,117,2,4,2,6,"34, BOULEVARD BESSIERES",0.0,0.0
201300054735,19,9,2013,9,1,75,117,2,2,1,3,"5/7, AVENUE DE LA PORTE",0.0,0.0
201300054736,19,9,2013,17,1,75,117,2,1,1,1,"32, BOULEVARD BERTHIER",0.0,0.0
201300054737,19,9,2013,16,1,75,117,2,2,1,3,"16, AVENUE DE LA GRANDE",0.0,0.0
201300054738,20,9,2013,0,5,75,117,2,3,1,6,"38, AVENUE DE LA GRANDE",0.0,0.0
201300054739,20,9,2013,8,1,75,117,2,7,2,6,PLACE DU GENERAL KOENIG,0.0,0.0
201300054740,20,9,2013,17,1,75,117,2,7,1,6,RUE DE PRONY,0.0,0.0
201300054741,21,9,2013,16,1,75,117,2,3,1,6,"4BIS, RUE GUSTAVE DORE",0.0,0.0
201300054742,24,9,2013,10,1,75,117,2,5,1,3,"48, RUE DE PRONY",0.0,0.0
201300054743,24,9,2013,13,1,75,117,2,7,1,3,"67, AVENUE DES TERNES",0.0,0.0
201300054744,24,9,2013,20,5,75,117,2,5,1,3,RUE DE ROME,0.0,0.0
201300054745,26,9,2013,20,5,75,117,2,1,1,2,"2, BOULEVARD DU FORT DE",0.0,0.0
201300054746,27,9,2013,17,1,75,117,2,1,1,7,"145, AVENUE DE VILLIERS",0.0,0.0
201300054747,27,9,2013,19,2,75,117,2,1,1,7,"75, RUE POUCHET",0.0,0.0
201300054748,29,9,2013,7,3,75,117,2,3,1,6,"41, AVENUE DE CLICHY",0.0,0.0
201300054749,29,9,2013,6,5,75,118,2,3,1,6,"4, AVENUE DE CLICHY",0.0,0.0
201300054750,1,10,2013,9,1,75,117,2,2,1,6,"17, RUE FREDERIC BRUNET",0.0,0.0
201300054751,1,10,2013,9,1,75,117,2,3,1,6,"145, BOULEVARD MALESHERB",0.0,0.0
201300054752,1,10,2013,9,1,75,117,1,4,8,3,"14, AVENUE DE VILLIERS",0.0,0.0
201300054753,1,10,2013,12,1,75,117,2,1,1,3,"125, RUE DE ROME",0.0,0.0
201300054754,1,10,2013,12,1,75,117,2,1,1,6,"98, AVENUE DE VILLIERS",0.0,0.0
201300054755,2,10,2013,9,1,75,117,2,1,1,2,"04, BOULEVARD DE REIMS",0.0,0.0
201300054756,2,10,2013,15,1,75,117,2,3,1,6,"103 bis, RUE NOLLET",0.0,0.0
201300054757,4,10,2013,10,1,75,117,2,7,1,3,PLACE CHARLES DE GAULLE,0.0,0.0
201300054758,5,10,2013,15,1,75,117,2,1,1,6,"8, AVENUE DES TERNES",0.0,0.0
201300054759,7,10,2013,13,1,75,117,2,5,1,1,BOULEVARD MALESHERBES,0.0,0.0
201300054760,7,10,2013,15,1,75,117,2,1,1,3,"43, AVENUE DE WAGRAM",0.0,0.0
201300054761,7,10,2013,17,1,75,117,2,5,1,3,"04, AVENUE DE LA PORTE D",0.0,0.0
201300054762,9,10,2013,16,1,75,117,2,7,1,7,"6, PLACE DU MARECHAL JUI",0.0,0.0
201300054763,9,10,2013,17,1,75,117,2,5,2,6,"2, BOULEVARD PEREIRE",0.0,0.0
201300054764,9,10,2013,19,5,75,117,2,5,2,3,"160, BOULEVARD BERTHIER",0.0,0.0
201300054765,10,10,2013,10,1,75,117,2,3,1,3,"143, AVENUE DE SAINT OUE",0.0,0.0
201300054766,11,10,2013,15,1,75,117,2,1,1,6,"104-106, BOULEVARD BESSI",0.0,0.0
201300054767,13,10,2013,10,1,75,117,2,3,1,2,"162, AVENUE DE CLICHY",0.0,0.0
201300054768,16,10,2013,20,5,75,117,2,1,2,5,BOULEVARD PERIPHERIQUE,0.0,0.0
201300054769,17,10,2013,8,1,75,117,2,4,1,6,"9, BOULEVARD DE DIXMUDE",0.0,0.0
201300054770,17,10,2013,12,1,75,117,2,1,1,6,"390, AVENUE DE CLICHY",0.0,0.0
201300054771,17,10,2013,21,5,75,117,2,7,1,2,"116, AVENUE DE VILLIERS",0.0,0.0
201300054772,20,10,2013,1,5,75,117,2,5,1,3,BOULEVARD BERTHIER,0.0,0.0
201300054773,21,10,2013,8,2,75,117,2,1,1,6,"5, RUE POUCHET",0.0,0.0
201300054774,22,10,2013,11,1,75,117,2,1,1,6,"95, RUE DE TOCQUEVILLE",0.0,0.0
201300054775,22,10,2013,14,1,75,117,2,2,1,2,BOULEVARD DE REIMS,0.0,0.0
201300054776,22,10,2013,19,5,75,117,2,1,1,4,"25, BOULEVARD GOUVION SA",0.0,0.0
201300054777,23,10,2013,19,5,75,117,2,1,1,7,BOULEVARD BERTHIER,0.0,0.0
201300054778,24,10,2013,8,1,75,117,2,1,1,3,"32, BOULEVARD BERTHIER",0.0,0.0
201300054779,24,10,2013,14,1,75,117,2,1,1,6,"106, AVENUE DE VILLIERS",0.0,0.0
201300054780,24,10,2013,16,1,75,117,2,2,1,6,"156, RUE CARDINET",0.0,0.0
201300054781,24,10,2013,16,1,75,117,2,3,1,6,"41, AVENUE DE CLICHY",0.0,0.0
201300054782,24,10,2013,21,5,75,117,2,5,1,6,"02, AVENUE DE VILLIERS",0.0,0.0
201300054783,23,10,2013,22,5,75,117,2,1,1,6,"5, AVENUE DE LA PORTE DE",0.0,0.0
201300054784,25,10,2013,2,5,75,117,2,2,1,6,"118, BOULEVARD MALESHERB",0.0,0.0
201300054785,25,10,2013,8,1,75,117,2,2,1,6,"46, BOULEVARD BESSIERES",0.0,0.0
201300054786,26,10,2013,12,1,75,117,2,2,1,3,"73, RUE DE PRONY",0.0,0.0
201300054787,26,10,2013,18,5,75,117,2,2,1,2,AVENUE DE LA GRANDE ARME,0.0,0.0
201300054788,27,10,2013,2,5,75,117,2,7,1,6,PLACE DU BRESIL,0.0,0.0
201300054789,27,10,2013,5,5,75,117,2,4,6,2,"0, AVENUE DE LA PORTE DE",0.0,0.0
201300054790,28,10,2013,9,1,75,117,2,2,2,2,"132, RUE DE COURCELLES",0.0,0.0
201300054791,29,10,2013,18,5,75,117,2,2,1,6,"43, RUE JOUFFROY D ABBAN",0.0,0.0
201300054792,29,10,2013,18,5,75,117,2,1,2,7,"26, AVENUE DE VILLIERS",0.0,0.0
201300054793,29,10,2013,19,3,75,117,2,4,1,6,"/, BOULEVARD PERIPHERIQU",0.0,0.0
201300054794,31,10,2013,8,1,75,117,2,7,1,6,"6, PLACE DU GENERAL KOEN",0.0,0.0
201300054795,31,10,2013,14,1,75,117,2,3,1,3,"6, AVENUE DE LA PORTE DE",0.0,0.0
201300054796,2,11,2013,19,5,75,117,2,1,1,6,BOULEVARD PERIPHERIQUE,0.0,0.0
201300054797,3,11,2013,0,5,75,117,2,2,1,6,AVENUE DE VILLIERS,0.0,0.0
201300054798,4,11,2013,8,1,75,117,2,5,1,6,BOULEVARD BERTHIER,0.0,0.0
201300054799,4,11,2013,9,1,75,117,2,4,1,6,"7, AVENUE DE VILLIERS",0.0,0.0
201300054800,4,11,2013,21,3,75,117,2,7,1,2,"31, AVENUE DE VILLIERS",0.0,0.0
201300054801,7,11,2013,9,1,75,117,2,3,1,3,"66, BOULEVARD BERTHIER",0.0,0.0
201300054802,7,11,2013,9,1,75,117,2,3,8,3,"56, RUE DE TOCQUEVILLE",0.0,0.0
201300054803,7,11,2013,13,1,75,117,2,1,1,4,"32, BOULEVARD BERTHIER",0.0,0.0
201300054804,7,11,2013,17,5,75,117,2,1,2,6,"32, RUE BROCHANT",0.0,0.0
201300054805,8,11,2013,17,5,75,117,2,4,2,3,"14, AVENUE DE VILLIERS",0.0,0.0
201300054806,8,11,2013,17,5,75,117,2,1,2,6,"198, RUE LEGENDRE",0.0,0.0
201300054807,8,11,2013,18,3,75,117,2,4,2,7,"143, RUE DE COURCELLES",0.0,0.0
201300054808,10,11,2013,18,5,75,108,2,1,1,6,"11, BOULEVARD DE COURCEL",0.0,0.0
201300054809,11,11,2013,3,5,75,117,2,1,1,6,"149, AVENUE DE CLICHY",0.0,0.0
201300054810,12,11,2013,18,5,75,117,2,2,2,3,"103, RUE DE ROME",0.0,0.0
201300054811,12,11,2013,19,5,75,117,2,2,2,6,"66, AVENUE DE VILLIERS",0.0,0.0
201300054812,13,11,2013,3,5,75,117,2,2,1,3,"73, RUE NOLLET",0.0,0.0
201300054813,13,11,2013,8,1,75,117,2,1,1,6,BOULEVARD PERIPHERIQUE I,0.0,0.0
201300054814,13,11,2013,11,1,75,117,2,1,1,6,"20, RUE GUERSANT",0.0,0.0
201300054815,13,11,2013,17,5,75,117,2,5,2,6,"138, BOULEVARD MALESHERB",0.0,0.0
201300054816,14,11,2013,19,5,75,117,2,2,2,6,"34, BOULEVARD DES BATIGN",0.0,0.0
201300054817,15,11,2013,8,1,75,117,2,1,2,3,"93, BOULEVARD GOUVION SA",0.0,0.0
201300054818,15,11,2013,11,1,75,117,2,7,1,6,"2, PLACE DE LA PORTE MAI",0.0,0.0
201300054819,15,11,2013,18,5,75,117,2,1,1,6,"07, AVENUE DE CLICHY",0.0,0.0
201300054820,18,11,2013,12,1,75,117,2,2,1,6,"51, RUE GUY MOQUET",0.0,0.0
201300054821,18,11,2013,17,5,75,117,2,1,1,6,"188, BOULEVARD MALESHERB",0.0,0.0
201300054822,19,11,2013,7,5,75,117,2,2,8,6,"09, RUE DU CAPORAL PEUGE",0.0,0.0
201300054823,19,11,2013,15,1,75,117,2,3,1,6,"54, BOULEVARD DES BATIGN",0.0,0.0
201300054824,19,11,2013,17,5,75,117,2,4,1,6,"14, AVENUE DE VILLIERS",0.0,0.0
201300054825,19,11,2013,21,5,75,117,2,3,1,6,"78, RUE JOUFFROY D ABBAN",0.0,0.0
201300054826,20,11,2013,10,1,75,117,2,2,1,6,"122, RUE NOLLET",0.0,0.0
201300054827,20,11,2013,12,1,75,117,2,1,1,3,"123, BOULEVARD PEREIRE",0.0,0.0
201300054828,20,11,2013,21,5,75,117,2,2,2,6,"160, AVENUE DE CLICHY",0.0,0.0
201300054829,21,11,2013,19,5,75,117,2,7,2,2,"1, AVENUE DES TERNES",0.0,0.0
201300054830,21,11,2013,20,5,75,117,2,1,2,7,"96, AVENUE DES TERNES",0.0,0.0
201300054831,21,11,2013,17,5,75,108,2,7,2,6,"14, RUE FRANCOIS 1ER",0.0,0.0
201300054832,21,11,2013,21,5,75,117,2,1,1,6,"72, AVENUE DE VILLIERS",0.0,0.0
201300054833,24,11,2013,23,5,75,117,2,1,1,2,"78, AVENUE DE LA GRANDE",0.0,0.0
201300054834,25,11,2013,9,1,75,117,2,2,1,6,"138, BOULEVARD PEREIRE",0.0,0.0
201300054835,27,11,2013,12,1,75,118,2,1,8,6,"48, AVENUE DE SAINT OUEN",0.0,0.0
201300054836,28,11,2013,9,1,75,117,2,1,1,6,"35, AVENUE DE SAINT OUEN",0.0,0.0
201300054837,28,11,2013,20,5,75,117,2,1,1,1,"1, RUE FLOREAL",0.0,0.0
201300054838,29,11,2013,9,1,75,117,2,1,1,3,"168, AVENUE DE CLICHY",0.0,0.0
201300054839,29,11,2013,13,1,75,116,2,1,1,3,"2, PORTE MAILLOT",0.0,0.0
201300054840,29,11,2013,16,1,75,117,2,3,2,6,"26, RUE BROCHANT",0.0,0.0
201300054841,30,11,2013,6,5,75,117,2,2,1,2,PORTE DE CLICHY,0.0,0.0
201300054842,1,12,2013,19,5,75,117,2,5,1,3,"33, BOULEVARD PERSHING",0.0,0.0
201300054843,2,12,2013,18,5,75,117,2,3,1,6,"70, AVENUE DE LA GRANDE",0.0,0.0
201300054844,2,12,2013,18,5,75,117,2,1,1,6,"8, AVENUE DE VILLIERS",0.0,0.0
201300054845,3,12,2013,0,5,75,117,2,1,1,4,AVENUE DE LA GRANDE ARME,0.0,0.0
201300054846,3,12,2013,13,1,75,117,2,5,1,3,RUE LEGENDRE,0.0,0.0
201300054847,3,12,2013,17,5,75,117,2,5,1,6,"1, AVENUE DE VILLIERS",0.0,0.0
201300054848,4,12,2013,9,1,75,117,2,3,1,3,"170, AVENUE DE CLICHY",0.0,0.0
201300054849,4,12,2013,13,1,75,117,2,4,1,3,"133, AVENUE DE VILLIERS",0.0,0.0
201300054850,5,12,2013,20,5,75,117,2,1,1,6,"41, RUE BROCHANT",0.0,0.0
201300054851,6,12,2013,0,5,75,117,2,1,1,3,"1, SOUTERRAIN CHAMPERRET",0.0,0.0
201300054852,9,12,2013,8,1,75,117,2,3,1,6,"68, BOULEVARD DE COURCEL",0.0,0.0
201300054853,9,12,2013,9,1,75,117,2,1,1,3,"11, AVENUE GOURGAUD",0.0,0.0
201300054854,7,12,2013,13,5,75,117,2,1,1,6,BOULEVARD PERIPHERIQUE,0.0,0.0
201300054855,12,12,2013,8,1,75,117,2,3,1,2,"31, BOULEVARD BESSIERES",0.0,0.0
201300054856,12,12,2013,10,1,75,117,2,2,1,2,BOULEVARD PERIPHERIQUE I,0.0,0.0
201300054857,14,12,2013,19,5,75,117,2,2,1,6,RUE TOULOUSE LAUTREC,0.0,0.0
201300054858,15,12,2013,18,5,75,117,2,4,1,6,"24, AVENUE CARNOT",0.0,0.0
201300054859,15,12,2013,19,5,75,117,2,2,1,5,"103, RUE DE ROME",0.0,0.0
201300054860,16,12,2013,10,1,75,117,2,7,1,3,PLACE PAUL LEAUTAUD,0.0,0.0
201300054861,18,12,2013,7,5,75,117,2,5,1,1,"60, BOULEVARD DE COURCEL",0.0,0.0
201300054862,18,12,2013,11,1,75,117,2,3,1,6,BOULEVARD DE REIMS,0.0,0.0
201300054863,18,12,2013,21,5,75,117,2,2,1,3,"154, BOULEVARD PEREIRE",0.0,0.0
201300054864,20,12,2013,16,1,75,117,2,1,1,3,"118, BOULEVARD BESSIERES",0.0,0.0
201300054865,20,12,2013,17,5,75,117,2,1,1,6,"89, AVENUE DE SAINT OUEN",0.0,0.0
201300054866,21,12,2013,15,1,75,117,2,1,1,2,"210 ter, BOULEVARD PEREI",0.0,0.0
201300054867,23,12,2013,11,1,75,117,2,3,8,2,"52, RUE GUY MOQUET",0.0,0.0
201300054868,23,12,2013,20,5,75,117,2,2,6,6,"06, AVENUE DE LA GRANDE",0.0,0.0
201300054869,23,12,2013,21,5,75,117,2,1,6,6,"12, AVENUE DE LA GRANDE",0.0,0.0
201300054870,29,12,2013,20,5,75,117,2,7,1,6,"3, PLACE DES TERNES",0.0,0.0
201300054871,31,12,2013,7,2,75,108,2,2,1,6,"51, AVENUE GEORGE V",0.0,0.0
201300054872,31,12,2013,14,1,75,117,2,5,1,3,"80, AVENUE DE LA GRANDE",0.0,0.0
201300054873,31,12,2013,18,5,75,117,2,1,2,7,AVENUE DE LA PORTE D ASN,0.0,0.0
201300054874,1,1,2013,4,5,75,118,2,4,2,6,"80, BOULEVARD ORNANO",0.0,0.0
201300054875,1,1,2013,6,5,75,118,2,1,1,6,"62, RUE DE LA CHAPELLE",0.0,0.0
201300054876,1,1,2013,19,5,75,118,2,4,2,6,"77, BOULEVARD ORNANO",0.0,0.0
201300054877,2,1,2013,9,1,75,118,2,5,1,3,"111, RUE CAULAINCOURT",0.0,0.0
201300054878,2,1,2013,16,2,75,118,2,1,1,7,"21, RUE DE LA CHAPELLE",0.0,0.0
201300054879,5,1,2013,1,5,75,118,2,7,1,6,"66, BOULEVARD ORNANO",0.0,0.0
201300054880,7,1,2013,15,1,75,118,2,4,8,4,"2, RUE DU PROFESSEUR GOS",0.0,0.0
201300054881,9,1,2013,7,2,75,118,2,5,1,3,"113, BOULEVARD NEY",0.0,0.0
201300054882,10,1,2013,15,1,75,118,2,1,2,6,"62, RUE DE LA CHAPELLE",0.0,0.0
201300054883,10,1,2013,17,2,75,118,2,5,1,6,RUE ETEX,0.0,0.0
201300054884,11,1,2013,19,5,75,118,2,4,2,6,"221, RUE CHAMPIONNET",0.0,0.0
201300054885,13,1,2013,0,5,75,118,2,1,2,6,RUE DES POISSONNIERS,0.0,0.0
201300054886,15,1,2013,7,5,75,118,2,5,4,7,RUE CAULAINCOURT,0.0,0.0
201300054887,18,1,2013,9,1,75,118,2,5,1,3,"158, RUE DAMREMONT",0.0,0.0
201300054888,18,1,2013,10,1,75,118,2,2,8,6,"42, BOULEVARD DE ROCHECH",0.0,0.0
201300054889,18,1,2013,19,5,75,118,2,1,4,6,"108, BOULEVARD DE CLICHY",0.0,0.0
201300054890,22,1,2013,19,5,75,118,2,5,8,5,RUE FERDINAND FLOCON,0.0,0.0
201300054891,24,1,2013,12,1,75,118,2,5,1,3,"25, RUE CUSTINE",0.0,0.0
201300054892,27,1,2013,2,5,75,118,2,5,1,6,"09, BOULEVARD ORNANO",0.0,0.0
201300054893,27,1,2013,20,5,75,118,2,2,2,6,"angle, RUE MARX DORMOY",0.0,0.0
201300054894,28,1,2013,8,1,75,118,2,1,1,6,"6, RUE DU PRE",0.0,0.0
201300054895,29,1,2013,16,1,75,118,2,3,1,6,"13, RUE DE CLIGNANCOURT",0.0,0.0
201300054896,29,1,2013,18,5,75,118,2,1,2,6,"5, RUE DE L EVANGILE",0.0,0.0
201300054897,31,1,2013,5,5,75,118,2,1,1,6,"68, BOULEVARD BARBES",0.0,0.0
201300054898,1,2,2013,18,5,75,118,2,1,2,6,"39, BOULEVARD BARBES",0.0,0.0
201300054899,2,2,2013,7,5,75,118,2,1,1,6,AVENUE DE LA PORTE DE CL,0.0,0.0
201300054900,2,2,2013,11,1,75,118,2,5,1,2,"27, RUE CUSTINE",0.0,0.0
201300054901,2,2,2013,18,5,75,118,2,3,1,3,"3, BOULEVARD BARBES",0.0,0.0
201300054902,4,2,2013,18,5,75,118,2,1,1,6,"117, RUE BELLIARD",0.0,0.0
201300054903,6,2,2013,22,5,75,118,2,3,2,6,"46, AVENUE DE CLICHY",0.0,0.0
201300054904,8,2,2013,12,1,75,118,2,3,1,6,"1, RUE DE LA MADONE",0.0,0.0
201300054905,8,2,2013,16,1,75,118,2,1,1,2,"94, BOULEVARD BARBES",0.0,0.0
201300054906,9,2,2013,13,1,75,118,2,5,1,3,"33, BOULEVARD BARBES",0.0,0.0
201300054907,13,2,2013,2,5,75,118,2,5,1,2,RUE VAUVENARGUES,0.0,0.0
201300054908,13,2,2013,19,5,75,118,2,3,1,3,"30, AVENUE DE LA PORTE D",0.0,0.0
201300054909,14,2,2013,18,5,75,118,2,7,1,6,"2, RUE MARX DORMOY",0.0,0.0
201300054910,17,2,2013,5,5,75,118,2,4,1,6,BOULEVARD DE CLICHY,0.0,0.0
201300054911,19,2,2013,8,1,75,118,2,2,1,6,RUE DES POISSONNIERS,0.0,0.0
201300054912,19,2,2013,11,1,75,118,2,3,1,1,"124, AVENUE DE SAINT OUE",0.0,0.0
201300054913,19,2,2013,14,1,75,118,2,3,1,6,AVENUE DE LA PORTE DE MO,0.0,0.0
201300054914,19,2,2013,17,1,75,118,2,1,1,6,"face au 83, RUE DE LA CH",0.0,0.0
201300054915,23,2,2013,8,1,75,118,2,1,1,6,"100, RUE ORDENER",0.0,0.0
201300054916,23,2,2013,13,1,75,118,2,1,1,6,"74, RUE ORDENER",0.0,0.0
201300054917,23,2,2013,21,5,75,118,2,5,1,6,ECHANGEUR CLIGNANCOURT,0.0,0.0
201300054918,23,2,2013,21,5,75,118,2,1,1,6,"10, RUE DE LA CHAPELLE",0.0,0.0
201300054919,24,2,2013,14,1,75,118,2,1,2,6,"69, RUE ORDENER",0.0,0.0
201300054920,24,2,2013,19,5,75,118,2,3,4,6,RUE DE L EVANGILE,0.0,0.0
201300054921,26,2,2013,21,5,75,118,2,2,1,3,"57, RUE DES TROIS FRERES",0.0,0.0
201300054922,27,2,2013,10,1,75,118,2,2,1,2,"77, RUE CAULAINCOURT",0.0,0.0
201300054923,27,2,2013,22,5,75,110,2,2,2,2,"37, BOULEVARD DE LA CHAP",0.0,0.0
201300054924,28,2,2013,15,1,75,118,2,5,1,6,"79, RUE DU MONT CENIS",0.0,0.0
201300054925,28,2,2013,15,1,75,118,2,1,1,6,"14, RUE ORDENER",0.0,0.0
201300054926,28,2,2013,18,5,75,118,2,1,1,7,"56, AVENUE DE CLICHY",0.0,0.0
201300054927,2,3,2013,11,1,75,118,2,2,1,5,BOULEVARD NEY,0.0,0.0
201300054928,6,3,2013,11,1,75,118,2,1,1,6,"51, BOULEVARD BARBES",0.0,0.0
201300054929,8,3,2013,13,1,75,118,2,1,3,6,"70, BOULEVARD NEY",0.0,0.0
201300054930,10,3,2013,8,1,75,118,2,1,1,3,"26, AVENUE DE LA PORTE D",0.0,0.0
201300054931,11,3,2013,20,5,75,118,2,3,4,6,"2, RUE LEIBNIZ",0.0,0.0
201300054932,13,3,2013,15,1,75,118,2,5,8,7,"83, RUE DAMREMONT",0.0,0.0
201300054933,16,3,2013,15,1,75,118,2,2,1,6,RUE ORDENER,0.0,0.0
201300054934,17,3,2013,15,1,75,118,2,2,2,2,"129, RUE CHAMPIONNET",0.0,0.0
201300054935,17,3,2013,16,1,75,118,2,1,2,3,"201, RUE CHAMPIONNET",0.0,0.0
201300054936,19,3,2013,19,5,75,118,2,1,2,2,BOULEVARD PERIPHERIQUE E,0.0,0.0
201300054937,20,3,2013,11,1,75,118,2,2,1,3,"46, RUE PAJOL",0.0,0.0
201300054938,22,3,2013,16,1,75,118,2,1,1,2,"122, BOULEVARD DE LA CHA",0.0,0.0
201300054939,23,3,2013,0,5,75,118,2,7,1,3,RUE DE LA CHAPELLE,0.0,0.0
201300054940,23,3,2013,20,5,75,117,2,1,1,3,BOULEVARD PERIPHERIQUE,0.0,0.0
201300054941,26,3,2013,17,1,75,118,2,1,1,6,"17, RUE CHRISTIANI",0.0,0.0
201300054942,26,3,2013,23,5,75,118,2,1,1,7,"16, BOULEVARD DE CLICHY",0.0,0.0
201300054943,28,3,2013,23,5,75,118,2,1,1,6,"75, RUE DAMREMONT",0.0,0.0
201300054944,30,3,2013,19,2,75,118,2,2,1,3,"58, RUE HERMEL",0.0,0.0
201300054945,30,3,2013,23,5,75,118,2,3,1,6,"58, BOULEVARD DE LA CHAP",0.0,0.0
201300054946,31,3,2013,14,1,75,118,2,2,1,3,AVENUE DE LA PORTE DE CL,0.0,0.0
201300054947,1,4,2013,14,1,75,118,2,5,1,6,BOULEVARD ORNANO,0.0,0.0
201300054948,1,4,2013,16,1,75,118,2,5,1,7,"49, RUE BOINOD",0.0,0.0
201300054949,2,4,2013,2,5,75,118,2,1,1,3,"67, BOULEVARD NEY",0.0,0.0
201300054950,2,4,2013,11,1,75,118,2,7,1,6,"113, RUE ORDENER",0.0,0.0
201300054951,4,4,2013,9,1,75,118,2,5,8,3,"6, RUE TARDIEU",0.0,0.0
201300054952,4,4,2013,1,5,75,118,2,1,1,6,"51, BOULEVARD BARBES",0.0,0.0
201300054953,5,4,2013,11,1,75,118,2,1,1,6,"58 bis, RUE RAMEY",0.0,0.0
201300054954,5,4,2013,13,1,75,118,2,2,1,3,", RUE DE CLIGNANCOURT",0.0,0.0