Num_Acc,jour,mois,an,hr,condition_eclairage,departement,commune,condition_agglomeration,intersection,condition_atmosphere,type_collision,adresse,lattitude,longitude
201300054955,6,4,2013,8,1,75,118,2,5,1,3,"50, RUE ORDENER",0.0,0.0
201300054956,6,4,2013,11,1,75,118,2,5,1,6,"84, RUE DUHESME",0.0,0.0
201300054957,7,4,2013,17,1,75,118,2,1,1,3,"60, RUE DE LA CHAPELLE",0.0,0.0
201300054958,11,4,2013,10,1,75,118,2,2,1,2,"2, RUE ORDENER",0.0,0.0
201300054959,11,4,2013,11,1,75,118,2,1,1,6,"92, BOULEVARD NEY",0.0,0.0
201300054960,12,4,2013,13,1,75,118,2,1,1,6,"83, RUE DE LA CHAPELLE",0.0,0.0
201300054961,12,4,2013,22,5,75,118,2,1,1,6,BOULEVARD BARBES,0.0,0.0
201300054962,13,4,2013,9,1,75,118,2,2,1,6,"87, BOULEVARD NEY",0.0,0.0
201300054963,16,4,2013,23,5,75,118,2,1,1,2,"29, AVENUE DE LA PORTE D",0.0,0.0
201300054964,18,4,2013,18,1,75,118,2,2,1,6,"18, RUE BOUCRY",0.0,0.0
201300054965,19,4,2013,8,1,75,118,2,1,1,3,"6, RUE ESCLANGON",0.0,0.0
201300054966,19,4,2013,16,1,75,118,2,5,2,6,RUE LETORT,0.0,0.0
201300054967,19,4,2013,4,5,75,118,2,5,1,3,RUE CUSTINE,0.0,0.0
201300054968,20,4,2013,12,1,75,118,2,1,1,6,"148, RUE DES POISSONNIER",0.0,0.0
201300054969,20,4,2013,19,1,75,118,2,1,1,3,"57, BOULEVARD ORNANO",0.0,0.0
201300054970,21,4,2013,2,5,75,118,2,5,1,6,"124, RUE DES POISSONNIER",0.0,0.0
201300054971,22,4,2013,12,1,75,118,2,1,1,6,"17, RUE DE SOFIA",0.0,0.0
201300054972,22,4,2013,15,1,75,118,2,5,1,3,"50, RUE ORDENER",0.0,0.0
201300054973,24,4,2013,18,1,75,118,2,4,1,3,"2, AVENUE DE SAINT OUEN",0.0,0.0
201300054974,25,4,2013,8,1,75,118,2,5,1,3,"244, RUE MARCADET",0.0,0.0
201300054975,25,4,2013,4,2,75,118,2,1,1,4,AVENUE DE LA PORTE DE LA,0.0,0.0
201300054976,27,4,2013,15,1,75,118,2,1,1,6,"16, RUE DE STEINKERQUE",0.0,0.0
201300054977,28,4,2013,19,1,75,118,2,1,1,6,"169, RUE MARCADET",0.0,0.0
201300054978,30,4,2013,9,1,75,118,2,3,1,2,"9, RUE ORDENER",0.0,0.0
201300054979,1,5,2013,4,5,75,118,2,4,2,2,"5, RUE DE LA CHAPELLE",0.0,0.0
201300054980,1,5,2013,14,1,75,118,2,2,1,3,"43, BOULEVARD BARBES",0.0,0.0
201300054981,1,5,2013,18,1,75,118,2,1,3,6,BOULEVARD DE LA CHAPELLE,0.0,0.0
201300054982,1,5,2013,18,1,75,118,2,2,3,3,"1, RUE HERMEL",0.0,0.0
201300054983,3,5,2013,20,2,75,118,2,4,1,7,"105, BOULEVARD NEY",0.0,0.0
201300054984,6,5,2013,1,5,75,118,2,5,1,3,AVENUE DE LA PORTE DE CL,0.0,0.0
201300054985,6,5,2013,10,1,75,118,2,3,2,6,"12, RUE DE CLIGNANCOURT",0.0,0.0
201300054986,6,5,2013,18,1,75,118,2,5,2,3,"36, BOULEVARD DE ROCHECH",0.0,0.0
201300054987,7,5,2013,11,1,75,118,2,1,1,6,"16, RUE MARX DORMOY",0.0,0.0
201300054988,8,5,2013,18,1,75,118,2,5,1,7,"61, RUE ORDENER",0.0,0.0
201300054989,9,5,2013,17,1,75,118,2,1,1,6,"27, BOULEVARD ORNANO",0.0,0.0
201300054990,11,5,2013,7,1,75,118,2,2,1,2,"72, BOULEVARD DE ROCHECH",0.0,0.0
201300054991,11,5,2013,18,1,75,118,2,3,1,6,RUE DU DOCTEUR BABINSKI,0.0,0.0
201300054992,11,5,2013,21,2,75,118,2,1,1,6,"4, RUE CAULAINCOURT",0.0,0.0
201300054993,11,5,2013,13,1,75,118,2,2,1,3,"3, RUE DUC",0.0,0.0
201300054994,15,5,2013,7,2,75,118,2,4,1,6,"55, RUE RAMEY",0.0,0.0
201300054995,15,5,2013,9,1,75,118,2,2,1,6,"02, BOULEVARD NEY",0.0,0.0
201300054996,19,5,2013,22,5,75,118,2,4,2,1,"34, RUE DE CLIGNANCOURT",0.0,0.0
201300054997,22,5,2013,12,1,75,118,2,2,1,6,"103 bis, RUE LAMARCK",0.0,0.0
201300054998,24,5,2013,20,2,75,118,2,1,2,6,"88, RUE DAMREMONT",0.0,0.0
201300054999,25,5,2013,16,1,75,118,2,3,2,6,"34, RUE DU CHEVALIER DE",0.0,0.0
201300055000,26,5,2013,11,1,75,118,2,5,1,3,RUE ORDENER,0.0,0.0
201300055001,26,5,2013,20,1,75,118,2,1,1,6,"47, BOULEVARD ORNANO",0.0,0.0
201300055002,28,5,2013,8,1,75,118,2,5,1,6,"71, RUE ORDENER",0.0,0.0
201300055003,28,5,2013,17,1,75,118,2,2,1,3,"148, RUE DAMREMONT",0.0,0.0
201300055004,30,5,2013,2,5,75,118,2,5,2,6,"6, BOULEVARD ORNANO",0.0,0.0
201300055005,30,5,2013,2,5,75,118,2,1,3,6,"114, BOULEVARD NEY",0.0,0.0
201300055006,1,6,2013,2,5,75,118,2,4,1,2,"80, BOULEVARD ORNANO",0.0,0.0
201300055007,2,6,2013,10,1,75,118,2,7,1,6,"24, BOULEVARD DE LA CHAP",0.0,0.0
201300055008,2,6,2013,16,1,75,118,2,2,1,2,"81, RUE DE LA CHAPELLE",0.0,0.0
201300055009,2,6,2013,18,1,75,118,2,4,1,3,"41, BOULEVARD ORNANO",0.0,0.0
201300055010,2,6,2013,20,1,75,118,2,5,1,6,"2, AVENUE DE LA PORTE DE",0.0,0.0
201300055011,4,6,2013,18,1,75,118,2,5,1,3,RUE LOUIS PASTEUR VALERY,0.0,0.0
201300055012,6,6,2013,16,1,75,118,2,1,1,6,"5, RUE DE L EVANGILE",0.0,0.0
201300055013,7,6,2013,11,1,75,118,2,3,1,6,"156, RUE DES POISSONNIER",0.0,0.0
201300055014,8,6,2013,20,1,75,118,2,3,1,6,RUE CHARLES HERMITE,0.0,0.0
201300055015,9,6,2013,6,1,75,118,2,2,2,3,"9, BOULEVARD ORNANO",0.0,0.0
201300055016,10,6,2013,11,1,75,118,2,3,1,3,"67, RUE RIQUET",0.0,0.0
201300055017,12,6,2013,13,1,75,118,2,7,1,6,"22, PLACE DE LA CHAPELLE",0.0,0.0
201300055018,12,6,2013,17,1,75,118,2,7,1,2,"5, RUE MARX DORMOY",0.0,0.0
201300055019,13,6,2013,9,1,75,118,2,4,2,3,"NC, BOULEVARD PERIPHERIQ",0.0,0.0
201300055020,13,6,2013,18,1,75,118,2,5,1,6,"28, RUE RAMEY",0.0,0.0
201300055021,15,6,2013,19,1,75,118,2,3,1,6,"22, RUE HOUDON",0.0,0.0
201300055022,17,6,2013,4,5,75,118,2,1,1,6,"50, BOULEVARD NEY",0.0,0.0
201300055023,17,6,2013,9,1,75,118,2,3,3,6,"37, RUE MARX DORMOY",0.0,0.0
201300055024,19,6,2013,7,2,75,118,2,5,3,2,"33, BOULEVARD BARBES",0.0,0.0
201300055025,21,6,2013,20,1,75,118,2,3,1,2,"119, BOULEVARD NEY",0.0,0.0
201300055026,25,6,2013,18,1,75,118,2,2,1,6,AVENUE DE LA PORTE DE CL,0.0,0.0
201300055027,27,6,2013,8,1,75,118,2,2,2,1,"43, BOULEVARD BARBES",0.0,0.0
201300055028,27,6,2013,16,1,75,118,2,2,1,6,RUE MULLER,0.0,0.0
201300055029,28,6,2013,10,1,75,118,2,2,2,3,BOULEVARD DE LA CHAPELLE,0.0,0.0
201300055030,28,6,2013,20,2,75,118,2,4,1,6,RUE DU DEPARTEMENT,0.0,0.0
201300055031,29,6,2013,20,1,75,118,2,3,1,1,"86, AVENUE DE SAINT OUEN",0.0,0.0
201300055032,1,7,2013,9,1,75,118,2,1,1,3,"56 bis, BOULEVARD NEY",0.0,0.0
201300055033,2,7,2013,20,1,75,118,2,3,1,6,"22, RUE BERNARD DIMEY",0.0,0.0
201300055034,2,7,2013,18,1,75,118,2,1,1,6,"5, RUE SEVESTE",0.0,0.0
201300055035,3,7,2013,8,1,75,118,2,2,2,3,"103, RUE DU POTEAU",0.0,0.0
201300055036,3,7,2013,17,1,75,118,2,3,8,3,"86, RUE RIQUET",0.0,0.0
201300055037,4,7,2013,17,1,75,118,2,5,1,7,"124, BOULEVARD DE LA CHA",0.0,0.0
201300055038,6,7,2013,17,1,75,118,2,1,1,6,"74, BOULEVARD DE CLICHY",0.0,0.0
201300055039,8,7,2013,14,1,75,118,2,3,1,3,"24, RUE D ORSEL",0.0,0.0
201300055040,9,7,2013,13,1,75,118,2,4,1,6,"17, RUE VAUVENARGUES",0.0,0.0
201300055041,9,7,2013,20,2,75,118,2,1,1,6,"84, BOULEVARD DE ROCHECH",0.0,0.0
201300055042,12,7,2013,10,1,75,118,2,5,1,6,"79, RUE DU MONT CENIS",0.0,0.0
201300055043,12,7,2013,12,1,75,118,2,2,1,3,", RUE DES ROSES",0.0,0.0
201300055044,12,7,2013,19,1,75,118,2,5,1,3,"1, AVENUE DE LA PORTE DE",0.0,0.0
201300055045,13,7,2013,18,1,75,118,2,5,1,6,"02, BOULEVARD DE ROCHECH",0.0,0.0
201300055046,14,7,2013,16,1,75,118,2,1,1,2,BOULEVARD ORNANO,0.0,0.0
201300055047,16,7,2013,17,1,75,118,2,2,1,6,RUE DE STEINKERQUE,0.0,0.0
201300055048,16,7,2013,18,1,75,118,2,4,1,2,BOULEVARD PERIPHERIQUE I,0.0,0.0
201300055049,17,7,2013,22,5,75,118,2,5,1,3,RUE ORDENER,0.0,0.0
201300055050,18,7,2013,17,1,75,118,2,2,1,6,"1, RUE DE LA CHAPELLE",0.0,0.0
201300055051,19,7,2013,8,1,75,118,2,2,1,2,"36, BOULEVARD DE ROCHECH",0.0,0.0
201300055052,20,7,2013,18,1,75,118,2,5,1,6,"99, RUE CHAMPIONNET",0.0,0.0
201300055053,21,7,2013,19,1,75,118,2,1,1,6,"79, RUE MARCADET",0.0,0.0
201300055054,22,7,2013,16,1,75,118,2,1,1,3,"30, AVENUE DE LA PORTE D",0.0,0.0
201300055055,22,7,2013,18,1,75,118,2,1,1,6,"11/13, RUE DE LA CHAPELL",0.0,0.0
201300055056,23,7,2013,10,1,75,118,2,3,1,3,"85, RUE VAUVENARGUES",0.0,0.0
201300055057,24,7,2013,8,1,75,118,2,1,1,6,"33, RUE ORDENER",0.0,0.0
201300055058,24,7,2013,9,1,75,118,2,7,1,6,"01, PLACE JACQUES FROMEN",0.0,0.0
201300055059,25,7,2013,1,5,75,118,2,4,1,3,"30, AVENUE DE LA PORTE D",0.0,0.0
201300055060,25,7,2013,15,1,75,118,2,2,1,3,"43, BOULEVARD BARBES",0.0,0.0
201300055061,26,7,2013,10,1,75,118,2,1,1,7,"43, BOULEVARD BARBES",0.0,0.0
201300055062,25,7,2013,20,1,75,118,2,4,1,2,"160, RUE CHAMPIONNET",0.0,0.0
201300055063,26,7,2013,16,1,75,118,2,1,1,6,"50, RUE MARX DORMOY",0.0,0.0
201300055064,29,7,2013,6,1,75,118,2,1,1,3,"215, RUE D AUBERVILLIERS",0.0,0.0
201300055065,29,7,2013,9,1,75,118,2,7,1,3,RUE DE LA CHAPELLE,0.0,0.0
201300055066,29,7,2013,18,1,75,118,2,3,1,6,"09, RUE ORDENER",0.0,0.0
201300055067,1,8,2013,16,1,75,118,2,3,1,3,"136, BOULEVARD NEY",0.0,0.0
201300055068,1,8,2013,21,2,75,118,2,1,1,6,"71, RUE RIQUET",0.0,0.0
201300055069,3,8,2013,18,1,75,118,2,3,1,6,"12, AVENUE DE SAINT OUEN",0.0,0.0
201300055070,3,8,2013,21,2,75,118,2,1,1,5,"84, RUE DE LA CHAPELLE",0.0,0.0
201300055071,6,8,2013,18,2,75,118,2,5,1,3,"02, RUE EUGENE CARRIERE",0.0,0.0
201300055072,6,8,2013,21,5,75,118,2,1,1,6,"60, BOULEVARD DE CLICHY",0.0,0.0
201300055073,9,8,2013,1,5,75,118,2,7,1,3,PLACE PAUL ELUARD,0.0,0.0
201300055074,9,8,2013,10,1,75,118,2,1,1,3,"10, RUE CAULAINCOURT",0.0,0.0
201300055075,10,8,2013,12,1,75,118,2,2,1,3,"130, RUE ORDENER",0.0,0.0
201300055076,12,8,2013,2,5,75,118,2,1,1,6,"24, RUE SAINT VINCENT",0.0,0.0
201300055077,12,8,2013,15,1,75,118,2,3,1,2,"37, RUE MARX DORMOY",0.0,0.0
201300055078,13,8,2013,12,1,75,118,2,2,1,3,"43, BOULEVARD BARBES",0.0,0.0
201300055079,13,8,2013,21,5,75,118,2,1,2,3,"45, RUE MARX DORMOY",0.0,0.0
201300055080,15,8,2013,18,1,75,118,2,1,1,4,"21 bis, BOULEVARD BARBES",0.0,0.0
201300055081,16,8,2013,8,1,75,118,2,1,1,3,"4, RUE PAJOL",0.0,0.0
201300055082,16,8,2013,17,1,75,118,2,2,1,3,"21, RUE JOSEPH DIJON",0.0,0.0
201300055083,17,8,2013,16,1,75,118,2,1,1,6,"32, AVENUE DE LA PORTE D",0.0,0.0
201300055084,19,8,2013,21,5,75,118,2,2,1,6,"79, RUE DE LA CHAPELLE",0.0,0.0
201300055085,20,8,2013,1,5,75,118,2,2,1,6,"39, RUE LEON",0.0,0.0
201300055086,21,8,2013,23,5,75,118,2,2,1,3,AVENUE DE LA PORTE DE CL,0.0,0.0
201300055087,22,8,2013,16,1,75,118,2,7,1,6,"1, RUE MARX DORMOY",0.0,0.0
201300055088,24,8,2013,17,1,75,118,2,1,1,3,"21 Bis, BOULEVARD BARBES",0.0,0.0
201300055089,28,8,2013,14,1,75,118,2,1,1,6,"05, RUE DE TOMBOUCTOU",0.0,0.0
201300055090,28,8,2013,19,1,75,118,2,2,1,7,"40, RUE DU PROFESSEUR GO",0.0,0.0
201300055091,2,9,2013,2,5,75,118,2,2,1,3,RUE DU MONT CENIS,0.0,0.0
201300055092,2,9,2013,23,5,75,118,2,1,1,3,AVENUE DE LA PORTE DE LA,0.0,0.0
201300055093,3,9,2013,1,5,75,118,2,4,1,2,"32, BOULEVARD ORNANO",0.0,0.0
201300055094,4,9,2013,22,5,75,118,2,1,1,6,"222, RUE CHAMPIONNET",0.0,0.0
201300055095,6,9,2013,9,1,75,118,2,5,2,6,"3, BOULEVARD ORNANO",0.0,0.0
201300055096,6,9,2013,20,5,75,118,2,1,1,6,"18, BOULEVARD DE LA CHAP",0.0,0.0
201300055097,8,9,2013,14,1,75,118,2,1,1,6,"15, RUE CUSTINE",0.0,0.0
201300055098,11,9,2013,2,5,75,118,2,4,2,3,"1, AVENUE DE LA PORTE DE",0.0,0.0
201300055099,12,9,2013,9,1,75,118,2,5,1,6,RUE CHAMPIONNET,0.0,0.0
201300055100,13,9,2013,12,1,75,118,2,2,2,3,"1, RUE DE LA CHAPELLE",0.0,0.0
201300055101,13,9,2013,13,1,75,118,2,2,2,6,"71, RUE MARX DORMOY",0.0,0.0
201300055102,13,9,2013,21,5,75,118,2,2,2,6,"149, RUE BELLIARD",0.0,0.0
201300055103,14,9,2013,1,5,75,118,2,1,2,6,"73, BOULEVARD BARBES",0.0,0.0
201300055104,14,9,2013,13,1,75,118,2,1,2,6,"50, METRO MARX DORMOY",0.0,0.0
201300055105,18,9,2013,16,1,75,118,2,1,2,6,"106, RUE DU POTEAU",0.0,0.0
201300055106,20,9,2013,4,5,75,118,2,1,1,6,RUE DE LA CHAPELLE,0.0,0.0
201300055107,22,9,2013,19,2,75,118,2,1,1,6,"152, RUE ORDENER",0.0,0.0
201300055108,23,9,2013,16,1,75,118,2,3,1,1,"50, AVENUE DE CLICHY",0.0,0.0
201300055109,23,9,2013,17,1,75,118,2,3,1,2,"12, PORTE DES POISSONNIE",0.0,0.0
201300055110,24,9,2013,18,1,75,118,2,3,1,6,"02, RUE JOSEPH DIJON",0.0,0.0
201300055111,25,9,2013,6,5,75,118,2,2,1,2,"142, BOULEVARD NEY",0.0,0.0
201300055112,25,9,2013,17,1,75,118,2,1,1,2,"86, RUE DE LA CHAPELLE",0.0,0.0
201300055113,28,9,2013,11,1,75,118,2,2,2,2,"118, RUE LAGILLE",0.0,0.0
201300055114,28,9,2013,15,1,75,118,2,2,1,6,"2, AVENUE DE LA PORTE DE",0.0,0.0
201300055115,29,9,2013,9,1,75,118,2,5,1,7,"109, RUE CAULAINCOURT",0.0,0.0
201300055116,29,9,2013,22,5,75,118,2,7,1,6,"113, RUE ORDENER",0.0,0.0
201300055117,30,9,2013,0,5,75,118,2,3,2,1,"80, RUE DE LA CHAPELLE",0.0,0.0
201300055118,30,9,2013,17,1,75,118,2,2,1,6,BOULEVARD BARBES,0.0,0.0
201300055119,2,10,2013,11,1,75,118,2,2,1,6,"96, RUE ORDENER",0.0,0.0
201300055120,2,10,2013,13,1,75,118,2,1,1,6,"31, RUE CAULAINCOURT",0.0,0.0
201300055121,2,10,2013,15,1,75,118,2,4,1,2,"27, BOULEVARD ORNANO",0.0,0.0
201300055122,2,10,2013,23,5,75,118,2,1,1,3,"72, BOULEVARD NEY",0.0,0.0
201300055123,3,10,2013,21,5,75,118,2,5,2,2,"100, RUE DE CLIGNANCOURT",0.0,0.0
201300055124,4,10,2013,19,1,75,118,2,4,1,6,"62, RUE DU RUISSEAU",0.0,0.0
201300055125,4,10,2013,21,5,75,118,2,1,1,6,BOULEVARD BARBES,0.0,0.0
201300055126,4,10,2013,23,5,75,118,2,5,1,6,AVENUE DE LA PORTE DE CL,0.0,0.0
201300055127,4,10,2013,4,5,75,118,2,5,1,6,"10, RUE CAULAINCOURT",0.0,0.0
201300055128,5,10,2013,3,5,75,118,2,1,1,6,"73, BOULEVARD BARBES",0.0,0.0
201300055129,7,10,2013,13,1,75,118,2,2,1,3,"4, AVENUE DE LA PORTE DE",0.0,0.0
201300055130,11,10,2013,13,1,75,118,2,1,1,2,BOULEVARD NEY,0.0,0.0
201300055131,11,10,2013,20,5,75,118,2,3,1,3,"42, RUE MARX DORMOY",0.0,0.0
201300055132,11,10,2013,21,5,75,118,2,1,1,3,"44, RUE MARX DORMOY",0.0,0.0
201300055133,13,10,2013,1,5,75,118,2,3,1,3,RUE PAJOL,0.0,0.0
201300055134,13,10,2013,9,1,75,118,2,2,1,6,"83, BOULEVARD ORNANO",0.0,0.0
201300055135,13,10,2013,5,5,75,118,2,1,1,6,"84, RUE DE LA CHAPELLE",0.0,0.0
201300055136,14,10,2013,8,1,75,118,2,1,1,3,"90, BOULEVARD NEY",0.0,0.0
201300055137,15,10,2013,13,1,75,118,2,1,1,6,"100, BOULEVARD DE LA CHA",0.0,0.0
201300055138,15,10,2013,17,1,75,118,2,3,1,3,"58, BOULEVARD DE ROCHECH",0.0,0.0
201300055139,10,10,2013,15,1,75,118,2,2,1,7,"59, RUE ORDENER",0.0,0.0
201300055140,16,10,2013,11,1,75,118,2,2,1,2,"1, PLACE PAUL ELUARD",0.0,0.0
201300055141,16,10,2013,12,1,75,118,2,1,2,6,"27, BOULEVARD BARBES",0.0,0.0
201300055142,16,10,2013,18,1,75,118,2,1,3,2,AVENUE DE LA PORTE DE LA,0.0,0.0
201300055143,19,10,2013,19,5,75,118,2,7,2,6,"62, RUE DE LA CHAPELLE",0.0,0.0
201300055144,20,10,2013,7,2,75,118,2,2,2,3,"43, BOULEVARD BARBES",0.0,0.0
201300055145,20,10,2013,19,5,75,118,2,1,8,6,"75, BOULEVARD BARBES",0.0,0.0
201300055146,22,10,2013,12,1,75,118,2,2,1,6,"43, BOULEVARD BARBES",0.0,0.0
201300055147,23,10,2013,8,1,75,118,2,3,1,2,"25, RUE CUSTINE",0.0,0.0
201300055148,23,10,2013,9,1,75,118,2,1,1,4,"63, RUE DE LA CHAPELLE",0.0,0.0
201300055149,24,10,2013,21,4,75,118,2,5,1,6,"02, AVENUE DE LA PORTE D",0.0,0.0
201300055150,25,10,2013,19,5,75,118,2,1,2,3,"120, AVENUE DE SAINT OUE",0.0,0.0
201300055151,27,10,2013,11,1,75,117,2,3,1,6,"94, AVENUE DE LA PORTE D",0.0,0.0
201300055152,27,10,2013,19,5,75,118,2,1,2,3,"88, RUE DAMREMONT",0.0,0.0
201300055153,28,10,2013,13,1,75,118,2,2,1,3,RUE CHAMPIONNET,0.0,0.0
201300055154,28,10,2013,21,5,75,118,2,5,1,6,"25, BOULEVARD ORNANO",0.0,0.0
201300055155,29,10,2013,15,1,75,118,2,4,1,3,AVENUE DE LA PORTE DE LA,0.0,0.0
201300055156,30,10,2013,20,5,75,118,2,2,1,6,"20, RUE EUGENE SUE",0.0,0.0
201300055157,1,11,2013,4,5,75,118,2,1,3,6,AVENUE DE LA PORTE DE CL,0.0,0.0
201300055158,2,11,2013,13,1,75,109,2,2,1,6,"66, BOULEVARD DE ROCHECH",0.0,0.0
201300055159,3,11,2013,2,5,75,118,2,4,1,3,"52, BOULEVARD NEY",0.0,0.0
201300055160,4,11,2013,14,1,75,118,2,1,1,6,"16, RUE DE L EVANGILE",0.0,0.0
201300055161,4,11,2013,15,1,75,118,2,5,2,6,"133, RUE DAMREMONT",0.0,0.0
201300055162,5,11,2013,13,1,75,118,2,2,2,3,"19, RUE LEPIC",0.0,0.0
201300055163,6,11,2013,0,5,75,118,2,2,2,2,"02, AVENUE DE LA PORTE D",0.0,0.0
201300055164,6,11,2013,18,5,75,118,2,1,1,6,"68, BOULEVARD BARBES",0.0,0.0
201300055165,6,11,2013,20,5,75,118,2,1,1,6,BOULEVARD PERIPHERIQUE,0.0,0.0
201300055166,7,11,2013,6,5,75,118,2,5,2,6,BOULEVARD ORNANO,0.0,0.0
201300055167,7,11,2013,13,1,75,118,2,1,1,6,"186, RUE ORDENER",0.0,0.0
201300055168,7,11,2013,13,1,75,118,2,3,1,3,"39, RUE STEPHENSON",0.0,0.0
201300055169,9,11,2013,4,5,75,118,2,2,1,6,"16, BOULEVARD DE CLICHY",0.0,0.0
201300055170,9,11,2013,12,1,75,118,2,2,2,6,"62, RUE DU RUISSEAU",0.0,0.0
201300055171,12,11,2013,13,1,75,118,2,1,2,3,"179, RUE MARCADET",0.0,0.0
201300055172,12,11,2013,18,5,75,118,2,3,2,2,"84, BOULEVARD NEY",0.0,0.0
201300055173,12,11,2013,20,5,75,118,2,1,2,2,BOULEVARD PERIPHERIQUE,0.0,0.0
201300055174,13,11,2013,8,1,75,118,2,3,1,2,BOULEVARD NEY,0.0,0.0
201300055175,13,11,2013,19,5,75,118,2,2,1,6,"36, BOULEVARD BARBES",0.0,0.0
201300055176,13,11,2013,20,5,75,118,2,3,1,6,"39, RUE DE LA CHAPELLE",0.0,0.0
201300055177,16,11,2013,22,5,75,118,2,3,1,2,RUE DUC,0.0,0.0
201300055178,16,11,2013,13,1,75,118,2,2,1,3,"105, RUE LAMARCK",0.0,0.0
201300055179,17,11,2013,6,5,75,118,2,2,1,3,"142, BOULEVARD NEY",0.0,0.0
201300055180,19,11,2013,7,2,75,118,2,1,2,6,"64, BOULEVARD DE CLICHY",0.0,0.0
201300055181,21,11,2013,22,5,75,118,2,2,2,3,"29, RUE HERMEL",0.0,0.0
201300055182,21,11,2013,21,5,75,118,2,3,1,6,"4, BOULEVARD BARBES",0.0,0.0
201300055183,22,11,2013,12,1,75,118,2,2,1,6,"86, RUE JOSEPH DE MAISTR",0.0,0.0
201300055184,22,11,2013,14,1,75,118,2,1,1,6,"02, BOULEVARD ORNANO",0.0,0.0
201300055185,23,11,2013,14,1,75,118,2,3,1,6,"110 ter, RUE MARCADET",0.0,0.0
201300055186,23,11,2013,14,1,75,118,2,2,1,3,BOULEVARD BARBES,0.0,0.0
201300055187,23,11,2013,13,1,75,118,2,3,8,7,"4, RUE BAUDELIQUE",0.0,0.0
201300055188,24,11,2013,8,1,75,118,2,3,1,2,"12, RUE DE LA CHAPELLE",0.0,0.0
201300055189,25,11,2013,19,5,75,110,2,1,1,6,"51, BOULEVARD DE LA CHAP",0.0,0.0
201300055190,28,11,2013,19,5,75,118,2,3,1,6,"16, RUE DE CLIGNANCOURT",0.0,0.0
201300055191,19,11,2013,21,5,75,118,2,1,9,6,"18, AVENUE DE CLICHY",0.0,0.0
201300055192,29,11,2013,17,5,75,118,2,1,2,6,"10, RUE STEPHENSON",0.0,0.0
201300055193,30,11,2013,14,1,75,118,2,1,1,7,"14, RUE ORDENER",0.0,0.0
201300055194,1,12,2013,2,5,75,118,2,1,1,2,"50 BIS, RUE MARX DORMOY",0.0,0.0
201300055195,3,12,2013,18,5,75,118,2,2,1,6,"48, RUE DU POTEAU",0.0,0.0
201300055196,3,12,2013,18,5,75,118,2,3,1,3,"227, RUE CHAMPIONNET",0.0,0.0
201300055197,3,12,2013,21,5,75,118,2,7,1,6,"10, PLACE JEAN BAPTISTE",0.0,0.0
201300055198,5,12,2013,8,1,75,118,2,2,8,6,RUE EUGENE CARRIERE,0.0,0.0
201300055199,6,12,2013,23,5,75,118,2,1,2,6,"88, BOULEVARD NEY",0.0,0.0
201300055200,7,12,2013,4,5,75,118,2,3,2,6,"4, BOULEVARD BARBES",0.0,0.0
201300055201,7,12,2013,6,5,75,118,2,3,2,6,"42, RUE MARX DORMOY",0.0,0.0
201300055202,30,11,2013,17,1,75,118,2,2,3,7,"15, RUE DAMREMONT",0.0,0.0
201300055203,9,12,2013,16,1,75,118,2,1,1,6,"09, RUE CAPLAT",0.0,0.0
201300055204,10,12,2013,13,1,75,118,2,3,1,7,"4, BOULEVARD BARBES",0.0,0.0
201300055205,12,12,2013,0,5,75,118,2,3,1,1,"126, AVENUE DE SAINT OUE",0.0,0.0
201300055206,12,12,2013,11,1,75,118,2,3,1,6,"31, RUE DES ABBESSES",0.0,0.0
201300055207,13,12,2013,8,1,75,118,2,1,4,7,RUE DE JESSAINT,0.0,0.0
201300055208,13,12,2013,17,5,75,118,2,1,2,3,"130, RUE DES POISSONNIER",0.0,0.0
201300055209,13,12,2013,19,5,75,118,2,1,2,6,"152-160, RUE CHAMPIONNET",0.0,0.0
201300055210,14,12,2013,10,1,75,118,2,3,1,3,"32, AVENUE DE LA PORTE D",0.0,0.0
201300055211,14,12,2013,23,5,75,118,2,1,1,6,"80, BOULEVARD DE ROCHECH",0.0,0.0
201300055212,18,12,2013,23,5,75,118,2,2,1,3,"43, RUE LAMARCK",0.0,0.0
201300055213,19,12,2013,2,5,75,118,2,5,2,6,"1, RUE FOREST",0.0,0.0
201300055214,19,12,2013,19,5,75,118,2,7,1,2,"60, BOULEVARD ORNANO",0.0,0.0
201300055215,20,12,2013,3,5,75,118,2,1,1,7,"4, RUE CAULAINCOURT",0.0,0.0
201300055216,20,12,2013,17,1,75,118,2,1,1,6,"66, BOULEVARD ORNANO",0.0,0.0
201300055217,23,12,2013,18,5,75,118,2,4,1,6,"41, RUE ORDENER",0.0,0.0
201300055218,24,12,2013,19,5,75,118,2,1,2,2,"64, RUE MARX DORMOY",0.0,0.0
201300055219,25,12,2013,10,1,75,118,2,1,1,6,"122, BOULEVARD DE CLICHY",0.0,0.0
201300055220,26,12,2013,13,1,75,118,2,2,1,6,"16, BOULEVARD ORNANO",0.0,0.0
201300055221,26,12,2013,22,5,75,118,2,2,1,6,"01, RUE DES ROSES",0.0,0.0
201300055222,27,12,2013,6,2,75,118,2,2,2,5,"1, BOULEVARD NEY",0.0,0.0
201300055223,27,12,2013,15,1,75,118,2,2,1,1,BOULEVARD BARBES,0.0,0.0
201300055224,28,12,2013,1,5,75,118,2,3,2,6,"98, AVENUE DE SAINT OUEN",0.0,0.0
201300055225,28,12,2013,8,1,75,118,2,1,1,2,"35, RUE MARX DORMOY",0.0,0.0
201300055226,28,12,2013,18,5,75,118,2,1,1,2,BOULEVARD PERIPHERIQUE,0.0,0.0
201300055227,30,12,2013,11,1,75,118,2,1,1,6,"247, RUE MARCADET",0.0,0.0