Num_Acc,jour,mois,an,hr,condition_eclairage,departement,commune,condition_agglomeration,intersection,condition_atmosphere,type_collision,adresse,lattitude,longitude
201300055228,31,12,2013,17,5,75,118,2,5,2,6,"193, RUE CHAMPIONNET",0.0,0.0
201300055229,1,1,2013,4,5,75,119,2,1,3,6,"15, RUE DU DOCTEUR POTAI",0.0,0.0
201300055230,1,1,2013,15,1,75,119,2,1,2,3,"42, RUE ARCHEREAU",0.0,0.0
201300055231,2,1,2013,16,1,75,119,2,7,1,6,RUE DE TANGER,0.0,0.0
201300055232,3,1,2013,8,5,75,119,2,7,2,7,PLACE ARMAND CARREL,0.0,0.0
201300055233,6,1,2013,19,5,75,119,2,2,1,7,RUE MANIN,0.0,0.0
201300055234,10,1,2013,11,1,75,119,2,4,2,3,"202, BOULEVARD DE LA VIL",0.0,0.0
201300055235,10,1,2013,18,4,75,119,2,3,2,3,BOULEVARD MACDONALD,0.0,0.0
201300055236,11,1,2013,19,5,75,119,2,1,2,7,"05, AVENUE SIMON BOLIVAR",0.0,0.0
201300055237,12,1,2013,11,1,75,119,2,1,2,6,"46, AVENUE DE FLANDRE",0.0,0.0
201300055238,15,1,2013,21,5,75,119,2,3,4,3,"54, AVENUE DE FLANDRE",0.0,0.0
201300055239,16,1,2013,6,5,75,119,2,7,1,3,AVENUE DE LA PORTE DE LA,0.0,0.0
201300055240,16,1,2013,13,1,75,119,2,1,1,6,"212, BOULEVARD DE LA VIL",0.0,0.0
201300055241,16,1,2013,18,4,75,119,2,2,1,6,"127, AVENUE SIMON BOLIVA",0.0,0.0
201300055242,22,1,2013,7,2,75,119,2,3,8,3,"58, BOULEVARD DE LA VILL",0.0,0.0
201300055243,22,1,2013,9,1,75,119,2,1,8,6,"07, AVENUE DU NOUVEAU CO",0.0,0.0
201300055244,30,1,2013,11,1,75,119,2,1,2,3,"15, RUE DE LA MARSEILLAI",0.0,0.0
201300055245,31,1,2013,12,1,75,119,2,2,1,6,"200, AVENUE JEAN JAURES",0.0,0.0
201300055246,2,2,2013,18,5,75,119,2,1,2,3,AVENUE RENE FONCK,0.0,0.0
201300055247,2,2,2013,20,5,75,119,2,3,2,3,"60, AVENUE JEAN JAURES",0.0,0.0
201300055248,5,2,2013,17,1,75,119,2,4,2,3,"02, RUE MATHIS",0.0,0.0
201300055249,5,2,2013,13,1,75,119,2,1,8,2,"47, RUE D AUBERVILLIERS",0.0,0.0
201300055250,6,2,2013,9,1,75,119,2,2,1,6,"100, AVENUE SIMON BOLIVA",0.0,0.0
201300055251,6,2,2013,19,5,75,119,2,2,1,6,AVENUE SIMON BOLIVAR,0.0,0.0
201300055252,7,2,2013,7,2,75,119,2,1,2,1,"221, AVENUE JEAN JAURES",0.0,0.0
201300055253,7,2,2013,13,1,75,119,2,1,1,2,ROUTE DES PETITS PONTS,0.0,0.0
201300055254,7,2,2013,20,5,75,119,2,1,1,2,"47, RUE DE MEAUX",0.0,0.0
201300055255,8,2,2013,16,1,75,119,2,1,1,3,"1, PLACE DES FETES",0.0,0.0
201300055256,10,2,2013,5,5,75,119,2,1,1,6,"206, AVENUE JEAN JAURES",0.0,0.0
201300055257,11,2,2013,9,1,75,119,2,3,2,3,"57, AVENUE JEAN JAURES",0.0,0.0
201300055258,11,2,2013,18,5,75,119,2,3,1,3,"9, BOULEVARD D ALGERIE",0.0,0.0
201300055259,12,2,2013,11,1,75,119,2,1,2,3,"167, AVENUE JEAN JAURES",0.0,0.0
201300055260,12,2,2013,17,1,75,119,2,2,8,7,"1, RUE EDGAR VARESE",0.0,0.0
201300055261,13,2,2013,17,1,75,119,2,1,1,6,"29, RUE DE NANTES",0.0,0.0
201300055262,15,2,2013,22,5,75,119,2,3,1,6,"140, AVENUE JEAN JAURES",0.0,0.0
201300055263,17,2,2013,7,1,75,119,2,3,1,2,"94, AVENUE JEAN JAURES",0.0,0.0
201300055264,20,2,2013,10,1,75,119,2,1,1,7,"93 bis, RUE MANIN",0.0,0.0
201300055265,20,2,2013,17,1,75,119,2,1,1,2,"59, RUE MANIN",0.0,0.0
201300055266,23,2,2013,18,5,75,119,2,2,8,2,"92, AVENUE DE FLANDRE",0.0,0.0
201300055267,28,2,2013,10,1,75,119,2,1,8,6,"17/19, AVENUE DE FLANDRE",0.0,0.0
201300055268,4,3,2013,5,5,75,119,2,2,1,6,"185, AVENUE JEAN JAURES",0.0,0.0
201300055269,4,3,2013,13,1,75,119,2,4,1,6,"44, RUE DES ALOUETTES",0.0,0.0
201300055270,5,3,2013,7,1,75,119,2,3,1,3,"1, RUE RAYMOND RADIGUET",0.0,0.0
201300055271,7,3,2013,11,1,75,119,2,1,8,2,"22ter, RUE ARMAND CARREL",0.0,0.0
201300055272,7,3,2013,19,5,75,119,2,4,1,2,PLACE AUGUSTE BARON,0.0,0.0
201300055273,9,3,2013,17,1,75,119,2,1,1,7,BOULEVARD MACDONALD,0.0,0.0
201300055274,11,3,2013,20,5,75,119,2,1,3,1,"150, BOULEVARD MACDONALD",0.0,0.0
201300055275,17,3,2013,19,5,75,119,2,1,1,6,"145, AVENUE DE FLANDRE",0.0,0.0
201300055276,21,3,2013,10,1,75,119,2,4,1,3,"126, AVENUE SIMON BOLIVA",0.0,0.0
201300055277,21,3,2013,15,1,75,119,2,1,1,6,BOULEVARD PERIPHERIQUE,0.0,0.0
201300055278,23,3,2013,8,1,75,119,2,3,1,6,RUE D AUBERVILLIERS,0.0,0.0
201300055279,24,3,2013,12,1,75,119,2,1,1,6,"147, RUE DE CRIMEE",0.0,0.0
201300055280,24,3,2013,17,1,75,119,2,2,1,1,"120, AVENUE DE FLANDRE",0.0,0.0
201300055281,28,3,2013,0,5,75,119,2,4,1,6,"2, AVENUE SECRETAN",0.0,0.0
201300055282,28,3,2013,19,5,75,119,2,4,1,3,"1, PLACE AUGUSTE BARON",0.0,0.0
201300055283,29,3,2013,14,1,75,119,2,1,1,6,"210, AVENUE DE FLANDRE",0.0,0.0
201300055284,31,3,2013,16,1,75,119,2,2,1,6,"58, RUE DE L OURCQ",0.0,0.0
201300055285,2,4,2013,18,1,75,119,2,1,1,4,BOULEVARD PERIPHERIQUE,0.0,0.0
201300055286,4,4,2013,8,1,75,119,2,1,1,3,"147, AVENUE JEAN JAURES",0.0,0.0
201300055287,9,4,2013,9,1,75,119,2,3,2,6,"14, RUE DE LA MARSEILLAI",0.0,0.0
201300055288,8,4,2013,22,4,75,119,2,1,1,6,"27, RUE DE TANGER",0.0,0.0
201300055289,11,4,2013,20,5,75,119,2,4,2,6,AVENUE DE FLANDRE,0.0,0.0
201300055290,12,4,2013,15,1,75,119,2,1,8,6,"16, AVENUE DE FLANDRE",0.0,0.0
201300055291,15,4,2013,8,1,75,119,2,1,1,3,"5, RUE DE BELLEVILLE",0.0,0.0
201300055292,17,4,2013,16,1,75,119,2,1,1,2,BOULEVARD PERIPHERIQUE,0.0,0.0
201300055293,17,4,2013,22,5,75,119,2,1,1,6,"40, QUAI DE LA LOIRE",0.0,0.0
201300055294,18,4,2013,13,1,75,119,2,1,1,2,"11, RUE DE BELLEVILLE",0.0,0.0
201300055295,19,4,2013,8,1,75,119,2,3,1,6,"32, RUE DE CAMBRAI",0.0,0.0
201300055296,21,4,2013,11,1,75,119,2,3,1,6,"80 bis, RUE DE MEAUX",0.0,0.0
201300055297,22,4,2013,15,1,75,119,2,3,1,7,"65, RUE MANIN",0.0,0.0
201300055298,24,4,2013,9,1,75,119,2,3,1,3,"1, AVENUE DU BELVEDERE",0.0,0.0
201300055299,24,4,2013,18,1,75,119,2,3,1,1,QUAI DE LA MARNE,0.0,0.0
201300055300,26,4,2013,20,5,75,119,2,3,1,6,RUE D AUBERVILLIERS,0.0,0.0
201300055301,28,4,2013,15,1,75,119,2,2,1,3,"27, RUE DES BOIS",0.0,0.0
201300055302,28,4,2013,12,1,75,119,2,1,1,6,"55, RUE PETIT",0.0,0.0
201300055303,2,5,2013,8,1,75,119,2,2,8,2,AVENUE SIMON BOLIVAR,0.0,0.0
201300055304,2,5,2013,13,1,75,119,2,1,1,2,"41, AVENUE CORENTIN CARI",0.0,0.0
201300055305,2,5,2013,13,1,75,119,2,1,1,3,"20, AVENUE SIMON BOLIVAR",0.0,0.0
201300055306,4,5,2013,17,1,75,119,2,1,1,6,"59, AVENUE DE FLANDRE",0.0,0.0
201300055307,5,5,2013,14,1,75,119,2,5,1,6,"43, AVENUE SIMON BOLIVAR",0.0,0.0
201300055308,6,5,2013,19,1,75,119,2,2,1,3,"211, RUE DE BELLEVILLE",0.0,0.0
201300055309,7,5,2013,17,1,75,119,2,2,1,6,"33, AVENUE SECRETAN",0.0,0.0
201300055310,12,5,2013,0,5,75,119,2,1,1,6,"4, BOULEVARD DE LA VILLE",0.0,0.0
201300055311,12,5,2013,13,1,75,119,2,5,1,3,"91, RUE MANIN",0.0,0.0
201300055312,13,5,2013,8,1,75,119,2,5,1,3,AVENUE DE LA PORTE CHAUM,0.0,0.0
201300055313,13,5,2013,15,1,75,119,2,2,1,6,"49, RUE PETIT",0.0,0.0
201300055314,13,5,2013,17,1,75,119,2,1,1,6,"2, AVENUE DE LA PORTE D",0.0,0.0
201300055315,14,5,2013,15,1,75,119,2,2,8,1,"98, RUE DE LA VILLETTE",0.0,0.0
201300055316,20,5,2013,19,1,75,119,2,3,3,3,"90, BOULEVARD DE LA VILL",0.0,0.0
201300055317,24,5,2013,13,1,75,119,2,2,3,6,"72, AVENUE DE FLANDRE",0.0,0.0
201300055318,24,5,2013,13,1,75,119,2,1,2,6,"249, RUE DE CRIMEE",0.0,0.0
201300055319,26,5,2013,0,5,75,119,2,3,1,6,AVENUE JEAN JAURES,0.0,0.0
201300055320,27,5,2013,16,1,75,119,2,1,1,2,"101, RUE DE L OURCQ",0.0,0.0
201300055321,2,6,2013,13,1,75,119,2,7,1,6,"7, PLACE DES FETES",0.0,0.0
201300055322,3,6,2013,13,1,75,119,2,5,1,3,AVENUE JEAN JAURES,0.0,0.0
201300055323,5,6,2013,13,1,75,119,2,2,1,6,"52, AVENUE SIMON BOLIVAR",0.0,0.0
201300055324,5,6,2013,17,1,75,119,2,3,1,6,"105, RUE DE MEAUX",0.0,0.0
201300055325,6,6,2013,10,1,75,119,2,4,1,6,"40, AVENUE MATHURIN MORE",0.0,0.0
201300055326,7,6,2013,9,1,75,119,2,3,1,3,"07, AVENUE CORENTIN CARI",0.0,0.0
201300055327,6,6,2013,19,1,75,119,2,2,1,6,"145, AVENUE JEAN JAURES",0.0,0.0
201300055328,10,6,2013,0,5,75,119,2,4,1,6,PLACE AUGUSTE BARON,0.0,0.0
201300055329,10,6,2013,16,1,75,119,2,1,1,3,"15, RUE MANIN",0.0,0.0
201300055330,11,6,2013,19,1,75,119,2,7,1,6,"3/5, RUE DE MEAUX",0.0,0.0
201300055331,12,6,2013,14,1,75,119,2,2,1,6,"40, AVENUE SECRETAN",0.0,0.0
201300055332,13,6,2013,8,1,75,119,2,5,1,2,RUE MANIN,0.0,0.0
201300055333,16,6,2013,0,5,75,119,2,7,1,2,AVENUE DE LA PORTE DES L,0.0,0.0
201300055334,16,6,2013,14,1,75,119,2,7,1,3,"204, BOULEVARD DE LA VIL",0.0,0.0
201300055335,17,6,2013,16,1,75,119,2,3,1,3,"21, RUE DE BELLEVILLE",0.0,0.0
201300055336,17,6,2013,16,1,75,119,2,3,2,2,AVENUE RENE FONCK,0.0,0.0
201300055337,18,6,2013,9,1,75,119,2,2,1,3,"216, BOULEVARD DE LA VIL",0.0,0.0
201300055338,18,6,2013,18,1,75,119,2,1,1,1,"223, AVENUE JEAN JAURES",0.0,0.0
201300055339,18,6,2013,17,1,75,119,2,2,1,3,RUE DES BOIS,0.0,0.0
201300055340,21,6,2013,18,1,75,119,2,1,1,1,"74, BOULEVARD SERURIER",0.0,0.0
201300055341,23,6,2013,1,5,75,119,2,3,1,4,AVENUE DE FLANDRE,0.0,0.0
201300055342,25,6,2013,23,5,75,119,2,3,1,6,"76-78 bis, RUE DE MEAUX",0.0,0.0
201300055343,27,6,2013,20,1,75,119,2,2,1,6,"109, AVENUE SIMON BOLIVA",0.0,0.0
201300055344,30,6,2013,2,5,75,119,2,3,1,2,AVENUE JEAN JAURES,0.0,0.0
201300055345,30,6,2013,16,1,75,119,2,2,1,5,"22, AVENUE MATHURIN MORE",0.0,0.0
201300055346,1,7,2013,17,1,75,119,2,7,1,6,"10, BOULEVARD DE LA VILL",0.0,0.0
201300055347,1,7,2013,18,1,75,119,2,1,1,2,"05, BOULEVARD MACDONALD",0.0,0.0
201300055348,2,7,2013,20,1,75,119,2,1,1,3,"18, AVENUE CORENTIN CARI",0.0,0.0
201300055349,4,7,2013,2,5,75,119,2,4,1,3,"88, AVENUE SIMON BOLIVAR",0.0,0.0
201300055350,4,7,2013,10,1,75,119,2,1,1,6,"64, RUE ARCHEREAU",0.0,0.0
201300055351,5,7,2013,8,1,75,119,2,1,1,6,"195, RUE DE CRIMEE",0.0,0.0
201300055352,5,7,2013,16,1,75,119,2,2,1,6,RUE DE L OURCQ,0.0,0.0
201300055353,6,7,2013,8,2,75,119,2,1,1,3,"277, RUE DE BELLEVILLE",0.0,0.0
201300055354,8,7,2013,8,1,75,119,2,1,1,3,BOULEVARD MACDONALD,0.0,0.0
201300055355,8,7,2013,14,1,75,119,2,7,1,6,"209, AVENUE JEAN JAURES",0.0,0.0
201300055356,8,7,2013,14,1,75,119,2,3,1,5,"64, AVENUE SIMON BOLIVAR",0.0,0.0
201300055357,10,7,2013,5,2,75,119,2,5,1,7,AVENUE CORENTIN CARIOU,0.0,0.0
201300055358,10,7,2013,14,1,75,119,2,3,1,3,"66, BOULEVARD DE LA VILL",0.0,0.0
201300055359,10,7,2013,17,1,75,119,2,1,1,3,"234 bis, BOULEVARD DE LA",0.0,0.0
201300055360,10,7,2013,17,1,75,119,2,3,1,2,"95 bis, RUE DE CRIMEE",0.0,0.0
201300055361,12,7,2013,0,3,75,110,2,2,1,3,"19, BOULEVARD DE STRASBO",0.0,0.0
201300055362,12,7,2013,18,1,75,119,2,3,1,3,"17, RUE DE LA MOSELLE",0.0,0.0
201300055363,12,7,2013,19,1,75,119,2,3,1,6,RUE COMPANS,0.0,0.0
201300055364,14,7,2013,6,2,75,119,2,1,1,6,"32, RUE DE MOUZAIA",0.0,0.0
201300055365,16,7,2013,23,5,75,119,2,1,1,6,"30, RUE MANIN",0.0,0.0
201300055366,18,7,2013,12,1,75,119,2,1,1,3,"49, RUE PETIT",0.0,0.0
201300055367,18,7,2013,19,1,75,119,2,1,1,4,BOULEVARD PERIPHERIQUE,0.0,0.0
201300055368,18,7,2013,20,1,75,119,2,2,1,6,"24, AVENUE MATHURIN MORE",0.0,0.0
201300055369,19,7,2013,9,1,75,119,2,4,1,2,"47, RUE MANIN",0.0,0.0
201300055370,19,7,2013,11,1,75,119,2,1,1,3,"16, AVENUE CORENTIN CARI",0.0,0.0
201300055371,19,7,2013,18,1,75,119,2,1,1,7,"78, BOULEVARD DE LA VILL",0.0,0.0
201300055372,23,7,2013,16,1,75,119,2,1,1,2,"221, AVENUE JEAN JAURES",0.0,0.0
201300055373,24,7,2013,18,1,75,119,2,1,1,5,"145, AVENUE DE FLANDRE",0.0,0.0
201300055374,25,7,2013,15,1,75,119,2,5,1,6,RUE DE CRIMEE,0.0,0.0
201300055375,25,7,2013,20,1,75,119,2,1,1,3,AVENUE DE LA PORTE DE PA,0.0,0.0
201300055376,26,7,2013,20,1,75,119,2,1,1,6,"63, RUE DE L OURCQ",0.0,0.0
201300055377,28,7,2013,11,1,75,119,2,3,1,6,"92, RUE DE MEAUX",0.0,0.0
201300055378,29,7,2013,23,3,75,119,2,3,2,6,"99, AVENUE DE FLANDRE",0.0,0.0
201300055379,31,7,2013,10,1,75,119,2,1,1,2,"71, QUAI DE LA SEINE",0.0,0.0
201300055380,31,7,2013,21,2,75,119,2,3,1,3,"41, QUAI DE L OISE",0.0,0.0
201300055381,9,8,2013,18,1,75,119,2,3,1,3,BOULEVARD MACDONALD,0.0,0.0
201300055382,14,8,2013,11,1,75,119,2,3,1,6,RUE DE CHAUMONT,0.0,0.0
201300055383,17,8,2013,16,1,75,119,2,7,1,3,"1, PLACE DE LA PORTE DE",0.0,0.0
201300055384,19,8,2013,20,2,75,119,2,5,1,3,"1, BOULEVARD DE LA VILLE",0.0,0.0
201300055385,21,8,2013,23,5,75,119,2,3,1,6,"12, RUE BOTZARIS",0.0,0.0
201300055386,25,8,2013,4,5,75,119,2,1,2,3,"30, AVENUE DE FLANDRE",0.0,0.0
201300055387,27,8,2013,19,1,75,119,2,7,1,2,"1, PLACE AUGUSTE BARON",0.0,0.0
201300055388,28,8,2013,16,1,75,119,2,2,1,3,"258, RUE DE CRIMEE",0.0,0.0
201300055389,30,8,2013,7,1,75,119,2,5,1,3,AVENUE SIMON BOLIVAR,0.0,0.0
201300055390,30,8,2013,16,1,75,119,2,5,1,3,BOULEVARD D INDOCHINE,0.0,0.0
201300055391,30,8,2013,19,1,75,119,2,3,1,6,"19, RUE DE TANGER",0.0,0.0
201300055392,31,8,2013,0,5,75,119,2,1,1,6,QUAI DE LA LOIRE,0.0,0.0
201300055393,31,8,2013,7,2,75,119,2,1,1,7,BOULEVARD MACDONALD,0.0,0.0
201300055394,1,9,2013,18,1,75,119,2,2,1,3,BOULEVARD MACDONALD,0.0,0.0
201300055395,2,9,2013,9,1,75,119,2,1,1,6,"207, RUE DE BELLEVILLE",0.0,0.0
201300055396,2,9,2013,13,1,75,119,2,1,1,6,"15, AVENUE SIMON BOLIVAR",0.0,0.0
201300055397,2,9,2013,20,1,75,119,2,3,1,3,"14, RUE DE THIONVILLE",0.0,0.0
201300055398,3,9,2013,17,1,75,119,2,4,1,3,PORTE DE PANTIN,0.0,0.0
201300055399,3,9,2013,13,1,75,119,2,3,1,6,"14, PASSAGE DU SUD",0.0,0.0
201300055400,4,9,2013,13,1,75,119,2,1,1,3,"21, AVENUE CORENTIN CARI",0.0,0.0
201300055401,4,9,2013,19,1,75,119,2,2,1,6,AVENUE MATHURIN MOREAU,0.0,0.0
201300055402,7,9,2013,9,1,75,119,2,1,1,6,"162, AVENUE JEAN JAURES",0.0,0.0
201300055403,8,9,2013,0,5,75,119,2,7,1,3,PLACE AUGUSTE BARON,0.0,0.0
201300055404,10,9,2013,8,1,75,119,2,3,8,6,"76, AVENUE DE FLANDRE",0.0,0.0
201300055405,11,9,2013,6,1,75,119,2,2,1,2,"5, AVENUE CORENTIN CARIO",0.0,0.0
201300055406,13,9,2013,10,1,75,119,2,2,2,6,RUE MANIN,0.0,0.0
201300055407,15,9,2013,14,1,75,119,2,4,1,6,"113, AVENUE SIMON BOLIVA",0.0,0.0
201300055408,15,9,2013,20,5,75,119,2,5,1,6,RUE DE CRIMEE,0.0,0.0
201300055409,18,9,2013,20,5,75,119,2,1,1,3,BOULEVARD MACDONALD,0.0,0.0
201300055410,19,9,2013,13,1,75,119,2,3,1,7,"51, QUAI DE LA SEINE",0.0,0.0
201300055411,19,9,2013,21,5,75,119,2,1,2,6,"6, BOULEVARD DE LA VILLE",0.0,0.0
201300055412,20,9,2013,11,1,75,119,2,3,1,3,"210, AVENUE JEAN JAURES",0.0,0.0
201300055413,20,9,2013,12,1,75,119,2,2,1,3,RUE ARMAND CARREL,0.0,0.0
201300055414,20,9,2013,19,2,75,119,2,1,1,6,"15, RUE MATHIS",0.0,0.0
201300055415,21,9,2013,7,1,75,110,2,1,1,3,"46, BOULEVARD DE MAGENTA",0.0,0.0
201300055416,21,9,2013,17,1,75,119,2,3,1,3,"66, BOULEVARD DE LA VILL",0.0,0.0
201300055417,23,9,2013,18,1,75,119,2,1,1,3,"16, AVENUE DE LA PORTE D",0.0,0.0
201300055418,26,9,2013,21,3,75,119,2,3,1,7,"27, AVENUE SIMON BOLIVAR",0.0,0.0
201300055419,27,9,2013,7,1,75,119,2,2,1,3,"176, AVENUE JEAN JAURES",0.0,0.0
201300055420,27,9,2013,17,1,75,119,2,4,1,3,BOULEVARD PERIPHERIQUE,0.0,0.0
201300055421,28,9,2013,2,5,75,119,2,1,1,2,"40, RUE ARMAND CARREL",0.0,0.0
201300055422,3,10,2013,9,1,75,119,2,1,1,4,BOULEVARD PERIPHERIQUE,0.0,0.0
201300055423,4,10,2013,12,1,75,119,2,1,1,3,"104, RUE D AUBERVILLIERS",0.0,0.0
201300055424,5,10,2013,22,5,75,119,2,1,1,4,"89, RUE MANIN",0.0,0.0
201300055425,7,10,2013,12,1,75,119,2,1,1,7,BOULEVARD MACDONALD,0.0,0.0
201300055426,8,10,2013,19,3,75,119,2,3,1,3,"47, AVENUE JEAN JAURES",0.0,0.0
201300055427,10,10,2013,12,1,75,119,2,1,1,2,"221, AVENUE JEAN JAURES",0.0,0.0
201300055428,11,10,2013,14,1,75,119,2,3,1,6,"64, RUE BOTZARIS",0.0,0.0
201300055429,12,10,2013,11,1,75,119,2,1,1,6,"12, RUE DE ROUEN",0.0,0.0
201300055430,12,10,2013,17,1,75,119,2,1,1,6,"43bis, AVENUE SIMON BOLI",0.0,0.0
201300055431,12,10,2013,17,1,75,119,2,1,1,3,"119, RUE MANIN",0.0,0.0
201300055432,13,10,2013,6,5,75,119,2,7,1,6,"23, AVENUE DE LA PORTE D",0.0,0.0
201300055433,13,10,2013,16,1,75,119,2,1,1,7,"81, RUE DE CRIMEE",0.0,0.0
201300055434,13,10,2013,17,1,75,119,2,1,1,2,"49 ter, AVENUE DE FLANDR",0.0,0.0
201300055435,13,10,2013,20,5,75,119,2,7,1,3,"4, PLACE DE LA BATAILLE",0.0,0.0
201300055436,14,10,2013,9,1,75,119,2,5,1,6,"03, AVENUE JEAN JAURES",0.0,0.0
201300055437,15,10,2013,16,1,75,119,2,1,1,2,"13, AVENUE DE FLANDRE",0.0,0.0
201300055438,18,10,2013,8,1,75,119,2,5,1,6,"26, RUE MANIN",0.0,0.0
201300055439,18,10,2013,15,1,75,119,2,1,1,2,"5, AVENUE CORENTIN CARIO",0.0,0.0
201300055440,18,10,2013,16,2,75,119,2,2,1,6,"22, RUE DES BOIS",0.0,0.0
201300055441,18,10,2013,18,2,75,119,2,2,1,6,"109, AVENUE SIMON BOLIVA",0.0,0.0
201300055442,18,10,2013,23,5,75,119,2,1,1,2,"6, RUE ARMAND CARREL",0.0,0.0
201300055443,20,10,2013,19,5,75,119,2,1,1,6,"53, RUE DE BELLEVILLE",0.0,0.0
201300055444,21,10,2013,23,3,75,119,2,1,1,5,AVENUE JEAN JAURES,0.0,0.0
201300055445,22,10,2013,12,1,75,119,2,1,1,6,"63, RUE MANIN",0.0,0.0
201300055446,23,10,2013,17,1,75,119,2,2,1,2,AVENUE DE FLANDRE,0.0,0.0
201300055447,23,10,2013,16,1,75,119,2,1,1,7,AVENUE DE LA PORTE DE LA,0.0,0.0
201300055448,26,10,2013,15,1,75,119,2,3,1,2,"40, RUE MANIN",0.0,0.0
201300055449,26,10,2013,17,1,75,119,2,4,8,6,"93, RUE REBEVAL",0.0,0.0
201300055450,28,10,2013,9,1,75,119,2,1,1,6,AVENUE SIMON BOLIVAR,0.0,0.0
201300055451,30,10,2013,9,1,75,119,2,2,7,6,RUE BOURET,0.0,0.0
201300055452,30,10,2013,9,1,75,119,2,1,1,6,"202, AVENUE JEAN JAURES",0.0,0.0
201300055453,30,10,2013,22,5,75,119,2,4,1,2,PORTE DE LA VILLETTE,0.0,0.0
201300055454,1,11,2013,17,5,75,119,2,7,2,6,PLACE DU MAQUIS DU VERCO,0.0,0.0
201300055455,2,11,2013,9,1,75,119,2,4,1,6,"220, RUE DE CRIMEE",0.0,0.0
201300055456,2,11,2013,22,5,75,119,2,2,1,6,RUE DE BELLEVILLE,0.0,0.0
201300055457,4,11,2013,19,5,75,119,2,1,1,3,"18, AVENUE DE FLANDRE",0.0,0.0
201300055458,5,11,2013,8,1,75,119,2,1,3,3,"111, AVENUE SIMON BOLIVA",0.0,0.0
201300055459,5,11,2013,13,1,75,119,2,2,2,6,"251, RUE DE CRIMEE",0.0,0.0
201300055460,5,11,2013,22,5,75,119,2,1,1,3,BOULEVARD MACDONALD,0.0,0.0
201300055461,6,11,2013,9,1,75,119,2,1,1,4,"13, AVENUE DE FLANDRE",0.0,0.0
201300055462,8,11,2013,20,5,75,119,2,1,1,2,"57, AVENUE JEAN JAURES",0.0,0.0
201300055463,10,11,2013,6,2,75,119,2,1,2,6,"98, AVENUE DE FLANDRE",0.0,0.0
201300055464,10,11,2013,9,1,75,119,2,1,2,3,"48, AVENUE JEAN JAURES",0.0,0.0
201300055465,12,11,2013,17,4,75,119,2,1,2,2,"16, RUE SIGMUND FREUD",0.0,0.0
201300055466,13,11,2013,18,2,75,119,2,3,1,7,"140, RUE D AUBERVILLIERS",0.0,0.0
201300055467,14,11,2013,1,5,75,119,2,3,1,6,"28, AVENUE DE FLANDRE",0.0,0.0
201300055468,14,11,2013,17,5,75,119,2,1,2,6,"28, RUE DE L OURCQ",0.0,0.0
201300055469,14,11,2013,13,1,75,119,2,1,2,3,"242, BOULEVARD DE LA VIL",0.0,0.0
201300055470,15,11,2013,9,1,75,119,2,2,1,3,"141, AVENUE JEAN JAURES",0.0,0.0
201300055471,19,11,2013,16,2,75,119,2,2,1,6,"28, AVENUE DE FLANDRE",0.0,0.0
201300055472,19,11,2013,13,1,75,119,2,3,8,2,"31, RUE DES BOIS",0.0,0.0
201300055473,20,11,2013,13,1,75,119,2,1,1,3,"41, BOULEVARD D INDOCHIN",0.0,0.0
201300055474,21,11,2013,19,5,75,119,2,3,1,2,"130, AVENUE DE FLANDRE",0.0,0.0
201300055475,25,11,2013,10,1,75,119,2,2,1,3,"32, AVENUE MATHURIN MORE",0.0,0.0
201300055476,25,11,2013,13,1,75,119,2,3,1,2,AVENUE DE LA PORTE DES L,0.0,0.0
201300055477,29,11,2013,11,1,75,119,2,2,1,6,"8, AVENUE DE LA PORTE D",0.0,0.0
201300055478,2,12,2013,14,1,75,119,2,1,1,5,"16, AVENUE CORENTIN CARI",0.0,0.0
201300055479,3,12,2013,9,1,75,119,2,3,1,3,AVENUE DE LA PORTE DES L,0.0,0.0
201300055480,4,12,2013,7,2,75,119,2,5,1,3,RUE DE CRIMEE,0.0,0.0
201300055481,5,12,2013,18,5,75,119,2,3,1,6,"36, AVENUE JEAN JAURES",0.0,0.0
201300055482,6,12,2013,16,1,75,119,2,3,1,7,"76, AVENUE DE FLANDRE",0.0,0.0
201300055483,7,12,2013,9,1,75,119,2,1,2,6,"151, AVENUE DE FLANDRE",0.0,0.0
201300055484,9,12,2013,16,5,75,119,2,2,1,3,"30, AVENUE MATHURIN MORE",0.0,0.0
201300055485,12,12,2013,11,1,75,119,2,3,1,2,RUE BOTZARIS,0.0,0.0
201300055486,13,12,2013,13,1,75,119,2,2,1,1,"64, RUE RIQUET",0.0,0.0
201300055487,16,12,2013,8,1,75,119,2,3,1,3,AVENUE DE LA PORTE DE LA,0.0,0.0
201300055488,15,12,2013,20,5,75,119,2,1,1,2,"08, AVENUE JEAN JAURES",0.0,0.0
201300055489,16,12,2013,18,5,75,119,2,1,1,6,"70, RUE D AUBERVILLIERS",0.0,0.0
201300055490,18,12,2013,7,2,75,119,2,1,1,3,BOULEVARD MACDONALD,0.0,0.0
201300055491,18,12,2013,9,1,75,119,2,1,1,3,"27, RUE DU DOCTEUR POTAI",0.0,0.0
201300055492,19,12,2013,1,5,75,119,2,7,3,2,AVENUE DE LA PORTE DE PA,0.0,0.0
201300055493,19,12,2013,8,2,75,119,2,1,9,7,"90, AVENUE DE FLANDRE",0.0,0.0
201300055494,19,12,2013,9,1,75,119,2,7,1,4,PLACE AUGUSTE BARON,0.0,0.0
201300055495,23,12,2013,16,5,75,119,2,1,1,3,"236, BOULEVARD DE LA VIL",0.0,0.0
201300055496,24,12,2013,10,1,75,119,2,3,2,3,"106, RUE PETIT",0.0,0.0
201300055497,24,12,2013,15,1,75,119,2,2,2,6,"86, RUE BOTZARIS",0.0,0.0
201300055498,26,12,2013,0,5,75,119,2,1,1,6,"18, AVENUE CORENTIN CARI",0.0,0.0