Num_Acc,jour,mois,an,hr,condition_eclairage,departement,commune,condition_agglomeration,intersection,condition_atmosphere,type_collision,adresse,lattitude,longitude
201300055499,28,12,2013,18,5,75,119,2,2,1,6,"19, RUE DES CHAUFOURNIER",0.0,0.0
201300055500,29,12,2013,0,5,75,119,2,5,1,2,"2, RUE MATHIS",0.0,0.0
201300055501,29,12,2013,1,5,75,119,2,1,1,2,"45, RUE RIQUET",0.0,0.0
201300055502,29,12,2013,4,5,75,120,2,2,2,2,"210, RUE DE BELLEVILLE",0.0,0.0
201300055503,30,12,2013,15,1,75,119,2,4,2,2,AVENUE DE LA PORTE DE PA,0.0,0.0
201300055504,7,1,2013,12,1,75,120,2,2,1,3,RUE BELGRAND,0.0,0.0
201300055505,8,1,2013,0,5,75,120,2,2,1,6,"0, RUE DE LAGNY",0.0,0.0
201300055506,10,1,2013,14,1,75,120,2,3,2,6,"135 bis, AVENUE GAMBETTA",0.0,0.0
201300055507,10,1,2013,18,5,75,120,2,5,2,6,"18, RUE DEVERIA",0.0,0.0
201300055508,10,1,2013,21,5,75,120,2,2,2,3,"54, RUE BELGRAND",0.0,0.0
201300055509,11,1,2013,17,5,75,120,2,1,1,3,"96, RUE DE MENILMONTANT",0.0,0.0
201300055510,12,1,2013,5,5,75,120,2,1,2,6,"89, RUE PELLEPORT",0.0,0.0
201300055511,1,1,2013,3,5,75,120,2,1,2,6,"239, RUE DES PYRENEES",0.0,0.0
201300055512,17,1,2013,17,5,75,120,2,3,8,7,"9, AVENUE GAMBETTA",0.0,0.0
201300055513,17,1,2013,21,5,75,120,2,5,1,6,"90, RUE DE BUZENVAL",0.0,0.0
201300055514,18,1,2013,18,5,75,120,2,3,4,6,"0, RUE DE MENILMONTANT",0.0,0.0
201300055515,22,1,2013,9,1,75,120,2,3,1,6,"15, CITE CHAMPAGNE",0.0,0.0
201300055516,26,1,2013,21,5,75,120,2,1,1,6,"50, RUE D AVRON",0.0,0.0
201300055517,26,1,2013,2,5,75,120,2,2,8,6,"0, AVENUE DE LA PORTE DE",0.0,0.0
201300055518,27,1,2013,2,5,75,120,2,2,1,3,"0, RUE D AVRON",0.0,0.0
201300055519,28,1,2013,17,5,75,120,2,1,1,6,BOULEVARD PERIPHERIQUE,0.0,0.0
201300055520,28,1,2013,10,1,75,120,2,1,1,6,"0, AVENUE LEON GAUMONT",0.0,0.0
201300055521,30,1,2013,8,2,75,120,2,3,2,1,"21, AVENUE GAMBETTA",0.0,0.0
201300055522,30,1,2013,18,2,75,120,2,1,2,6,"16bis, RUE DE LA CROIX S",0.0,0.0
201300055523,31,1,2013,10,1,75,120,2,1,8,4,"0, AVENUE IBSEN",0.0,0.0
201300055524,1,2,2013,22,5,75,120,2,2,1,6,"16, RUE BELGRAND",0.0,0.0
201300055525,2,2,2013,15,1,75,120,2,2,1,3,"2, RUE DU COMMANDANT L H",0.0,0.0
201300055526,2,2,2013,17,1,75,120,2,2,4,3,"44, RUE DES PYRENEES",0.0,0.0
201300055527,2,2,2013,20,3,75,120,2,2,1,6,"32, BOULEVARD DE MENILMO",0.0,0.0
201300055528,4,2,2013,10,1,75,120,2,3,2,3,"168, RUE DE BAGNOLET",0.0,0.0
201300055529,4,2,2013,18,5,75,120,2,1,1,2,"0, BOULEVARD PERIPHERIQU",0.0,0.0
201300055530,5,2,2013,19,5,75,120,2,2,1,6,"16, AVENUE DU PERE LACHA",0.0,0.0
201300055531,6,2,2013,18,5,75,120,2,2,1,3,"02, AVENUE DU PROFESSEUR",0.0,0.0
201300055532,7,2,2013,12,1,75,120,2,7,8,2,"6, PLACE GAMBETTA",0.0,0.0
201300055533,12,2,2013,14,1,75,120,2,2,1,2,"92, RUE DE MENILMONTANT",0.0,0.0
201300055534,12,2,2013,16,1,75,120,2,7,1,3,"49, RUE BELGRAND",0.0,0.0
201300055535,13,2,2013,17,1,75,120,2,1,1,6,"168, BOULEVARD MORTIER",0.0,0.0
201300055536,13,2,2013,19,5,75,120,2,7,1,3,"1, AVENUE DU DOCTEUR GLE",0.0,0.0
201300055537,16,2,2013,9,1,75,120,2,2,1,6,"212, BOULEVARD DE CHARON",0.0,0.0
201300055538,16,2,2013,14,1,75,120,2,2,1,6,"118, RUE DES PYRENEES",0.0,0.0
201300055539,17,2,2013,13,1,75,120,2,4,1,2,"ANGL A3, AVENUE CARTELLI",0.0,0.0
201300055540,18,2,2013,11,1,75,120,2,2,1,3,"3, RUE ORFILA",0.0,0.0
201300055541,19,2,2013,20,5,75,120,2,1,1,1,"268, RUE DE BELLEVILLE",0.0,0.0
201300055542,22,2,2013,19,5,75,120,2,7,1,6,"243, RUE DES PYRENEES",0.0,0.0
201300055543,23,2,2013,18,2,75,120,2,1,4,2,"32, RUE BELGRAND",0.0,0.0
201300055544,24,2,2013,13,1,75,120,2,4,4,2,"0, AVENUE IBSEN",0.0,0.0
201300055545,25,2,2013,21,5,75,120,2,1,4,7,"191, RUE DES PYRENEES",0.0,0.0
201300055546,2,3,2013,12,1,75,120,2,1,1,6,"84, BOULEVARD DE BELLEVI",0.0,0.0
201300055547,2,3,2013,13,1,75,120,2,2,1,4,"154, BOULEVARD DE CHARON",0.0,0.0
201300055548,2,3,2013,15,1,75,120,2,7,1,2,"250, PORTE DE MONTREUIL",0.0,0.0
201300055549,5,3,2013,19,5,75,120,2,2,1,6,"28, RUE D AVRON",0.0,0.0
201300055550,6,3,2013,21,5,75,120,2,1,2,6,"30, BOULEVARD DE MENILMO",0.0,0.0
201300055551,7,3,2013,7,1,75,120,2,4,2,3,"0, ECHANGEUR BAGNOLET",0.0,0.0
201300055552,7,3,2013,17,1,75,120,2,1,1,2,"16, AVENUE GAMBETTA",0.0,0.0
201300055553,8,3,2013,16,1,75,120,2,2,1,3,RUE BELGRAND,0.0,0.0
201300055554,14,3,2013,8,1,75,120,2,1,1,3,BOULEVARD PERIPHERIQUE I,0.0,0.0
201300055555,18,3,2013,14,1,75,120,2,5,2,6,"115, RUE DES PYRENEES",0.0,0.0
201300055556,18,3,2013,19,5,75,120,2,1,2,6,"44, AVENUE GAMBETTA",0.0,0.0
201300055557,21,3,2013,17,1,75,120,2,3,1,3,"62, BOULEVARD DE BELLEVI",0.0,0.0
201300055558,18,3,2013,13,1,75,120,2,5,3,6,", AVENUE GAMBETTA",0.0,0.0
201300055559,22,3,2013,14,1,75,120,2,5,1,3,"39, RUE DU CAPITAINE FER",0.0,0.0
201300055560,25,3,2013,14,1,75,120,2,1,1,3,"15 bis, RUE SORBIER",0.0,0.0
201300055561,25,3,2013,16,2,75,120,2,5,1,6,"40, RUE SORBIER",0.0,0.0
201300055562,27,3,2013,16,1,75,120,2,2,1,3,"104, BOULEVARD DE MENILM",0.0,0.0
201300055563,28,3,2013,9,1,75,120,2,2,1,7,"0, AVENUE GAMBETTA",0.0,0.0
201300055564,28,3,2013,12,1,75,120,2,2,1,7,"23, RUE BELGRAND",0.0,0.0
201300055565,28,3,2013,20,5,75,120,2,3,1,3,BOULEVARD DE MENILMONTAN,0.0,0.0
201300055566,30,3,2013,14,1,75,120,2,2,1,6,"274, RUE DES PYRENEES",0.0,0.0
201300055567,30,3,2013,15,1,75,120,2,2,1,2,"XX-5125, AVENUE CARTELLI",0.0,0.0
201300055568,30,3,2013,17,1,75,120,2,1,1,3,"54, RUE DE LA REUNION",0.0,0.0
201300055569,1,4,2013,15,1,75,120,2,4,1,3,PLACE DE LA PORTE DE MON,0.0,0.0
201300055570,2,4,2013,0,5,75,120,2,4,1,6,"XX-4934, ECHANGEUR BAGNO",0.0,0.0
201300055571,3,4,2013,14,1,75,120,2,1,1,6,"49, RUE D AVRON",0.0,0.0
201300055572,5,4,2013,8,1,75,120,2,1,8,6,"119, RUE PELLEPORT",0.0,0.0
201300055573,6,4,2013,22,5,75,120,2,2,1,6,"19, BOULEVARD DAVOUT",0.0,0.0
201300055574,7,4,2013,0,5,75,120,2,7,1,3,"0, PLACE GAMBETTA",0.0,0.0
201300055575,7,4,2013,21,5,75,120,2,3,1,6,"169, RUE DE BAGNOLET",0.0,0.0
201300055576,8,4,2013,8,1,75,120,2,1,1,6,"185, AVENUE GAMBETTA",0.0,0.0
201300055577,8,4,2013,11,1,75,120,2,2,1,7,PORTE DE VINCENNES,0.0,0.0
201300055578,8,4,2013,20,2,75,120,2,2,1,3,"25, RUE DE BUZENVAL",0.0,0.0
201300055579,8,4,2013,19,2,75,120,2,1,1,6,"261, AVENUE GAMBETTA",0.0,0.0
201300055580,9,4,2013,8,1,75,120,2,3,2,6,"44, AVENUE GAMBETTA",0.0,0.0
201300055581,11,4,2013,8,1,75,120,2,3,1,2,"135, RUE DES PYRENEES",0.0,0.0
201300055582,10,4,2013,22,5,75,120,2,7,2,3,"9, PLACE GAMBETTA",0.0,0.0
201300055583,13,4,2013,8,1,75,120,2,1,1,3,"166, BOULEVARD DE CHARON",0.0,0.0
201300055584,13,4,2013,13,1,75,120,2,1,1,3,BOULEVARD PERIPHERIQUE,0.0,0.0
201300055585,15,4,2013,9,1,75,120,2,1,8,6,"6, RUE JULES DUMIEN",0.0,0.0
201300055586,16,4,2013,8,1,75,120,2,1,1,2,"35, RUE DURIS",0.0,0.0
201300055587,21,4,2013,0,5,75,120,2,3,1,6,"1, RUE DU GENERAL NIESSE",0.0,0.0
201300055588,22,4,2013,20,2,75,120,2,1,1,6,"39, BOULEVARD DAVOUT",0.0,0.0
201300055589,23,4,2013,16,1,75,120,2,1,1,6,"64, RUE HAXO",0.0,0.0
201300055590,25,4,2013,18,1,75,120,2,1,1,7,"126, BOULEVARD DE CHARON",0.0,0.0
201300055591,26,4,2013,23,5,75,120,2,2,1,6,"3, RUE DE LA BIDASSOA",0.0,0.0
201300055592,29,4,2013,7,1,75,120,2,1,1,7,"1, SENTIER DE LA POINTE",0.0,0.0
201300055593,30,4,2013,14,1,75,120,2,1,8,2,BOULEVARD PERIPHERIQUE E,0.0,0.0
201300055594,2,5,2013,13,1,75,119,2,3,1,6,"79, RUE DE BELLEVILLE",0.0,0.0
201300055595,4,5,2013,15,1,75,120,2,1,1,6,"17, RUE SORBIER",0.0,0.0
201300055596,4,5,2013,17,1,75,120,2,1,1,6,"45, RUE DE MENILMONTANT",0.0,0.0
201300055597,6,5,2013,13,1,75,120,2,5,1,2,"331, RUE DES PYRENEES",0.0,0.0
201300055598,7,5,2013,12,1,75,120,2,5,1,6,AVENUE GAMBETTA,0.0,0.0
201300055599,7,5,2013,23,5,75,120,2,3,1,3,"71, RUE D AVRON",0.0,0.0
201300055600,8,5,2013,22,5,75,120,2,5,1,3,"0, RUE PELLEPORT",0.0,0.0
201300055601,9,5,2013,2,5,75,120,2,6,1,7,"111, COURS DE VINCENNES",0.0,0.0
201300055602,11,5,2013,13,1,75,120,2,1,1,3,"256, RUE DES PYRENEES",0.0,0.0
201300055603,14,5,2013,12,1,75,120,2,7,1,6,"100, AVENUE GAMBETTA",0.0,0.0
201300055604,14,5,2013,17,1,75,120,2,3,1,6,"3, RUE MAURICE BERTEAUX",0.0,0.0
201300055605,15,5,2013,13,1,75,120,2,1,1,6,"332, RUE DES PYRENEES",0.0,0.0
201300055606,17,5,2013,15,1,75,120,2,3,1,6,"7 - 9, BOULEVARD DAVOUT",0.0,0.0
201300055607,24,5,2013,17,1,75,120,2,1,2,3,"35, RUE SAINT FARGEAU",0.0,0.0
201300055608,27,5,2013,9,1,75,120,2,1,1,6,"16, RUE RAMPONEAU",0.0,0.0
201300055609,27,5,2013,18,1,75,120,2,1,1,6,"259, AVENUE GAMBETTA",0.0,0.0
201300055610,28,5,2013,10,1,75,120,2,2,2,3,"129, RUE DES PYRENEES",0.0,0.0
201300055611,28,5,2013,14,1,75,119,2,2,2,3,"93, RUE DE BELLEVILLE",0.0,0.0
201300055612,28,5,2013,17,1,75,120,2,3,1,3,RUE FLORIAN,0.0,0.0
201300055613,29,5,2013,8,1,75,120,2,1,1,6,"10-12, RUE DE LA PLAINE",0.0,0.0
201300055614,30,5,2013,13,1,75,120,2,4,2,1,"177, AVENUE GAMBETTA",0.0,0.0
201300055615,30,5,2013,21,2,75,120,2,4,3,6,"0, AVENUE CARTELLIER",0.0,0.0
201300055616,30,5,2013,21,2,75,120,2,3,2,3,"117, RUE D AVRON",0.0,0.0
201300055617,31,5,2013,9,1,75,120,2,1,6,6,"2, AVENUE BENOIT FRACHON",0.0,0.0
201300055618,2,6,2013,10,1,75,120,2,5,1,3,"0, AVENUE DE LA PORTE DE",0.0,0.0
201300055619,2,6,2013,13,1,75,120,2,1,1,6,"0, RUE MARYSE HILSZ",0.0,0.0
201300055620,3,6,2013,19,1,75,120,2,1,1,6,"0, AVENUE BENOIT FRACHON",0.0,0.0
201300055621,4,6,2013,9,1,75,120,2,5,1,6,"115, RUE DES PYRENEES",0.0,0.0
201300055622,5,6,2013,8,1,75,120,2,2,1,6,"17, RUE BELGRAND",0.0,0.0
201300055623,5,6,2013,20,1,75,120,2,1,1,3,BOULEVARD PERIPHERIQUE,0.0,0.0
201300055624,6,6,2013,7,1,75,120,2,1,7,6,PLACE DE LA PORTE DE MON,0.0,0.0
201300055625,6,6,2013,20,1,75,120,2,1,1,2,"147, RUE D AVRON",0.0,0.0
201300055626,7,6,2013,11,1,75,120,2,1,1,6,"69, RUE DES PYRENEES",0.0,0.0
201300055627,7,6,2013,17,1,75,120,2,7,1,3,"1, PLACE AUGUSTE METIVIE",0.0,0.0
201300055628,9,6,2013,16,1,75,119,2,3,2,6,"14, RUE DE BELLEVILLE",0.0,0.0
201300055629,10,6,2013,19,1,75,120,2,2,1,6,"81, RUE ALEXANDRE DUMAS",0.0,0.0
201300055630,11,6,2013,11,1,75,120,2,3,1,6,"18, RUE DU CLOS",0.0,0.0
201300055631,11,6,2013,18,1,75,120,2,2,1,6,"72, BOULEVARD DAVOUT",0.0,0.0
201300055632,12,6,2013,19,1,75,120,2,5,1,7,"44, RUE SAINT BLAISE",0.0,0.0
201300055633,13,6,2013,17,1,75,120,2,7,2,6,"50, BOULEVARD DE MENILMO",0.0,0.0
201300055634,14,6,2013,4,5,75,120,2,1,1,6,"373, RUE DES PYRENEES",0.0,0.0
201300055635,14,6,2013,17,1,75,120,2,3,1,3,"0, BOULEVARD MORTIER",0.0,0.0
201300055636,16,6,2013,14,1,75,120,2,2,1,3,"0, RUE VITRUVE",0.0,0.0
201300055637,18,6,2013,9,1,75,120,2,1,1,6,"69, RUE DES GRANDS CHAMP",0.0,0.0
201300055638,19,6,2013,17,1,75,120,2,1,8,6,"133, RUE D AVRON",0.0,0.0
201300055639,19,6,2013,18,1,75,120,2,2,2,3,RUE DES GATINES,0.0,0.0
201300055640,19,6,2013,18,1,75,120,2,2,1,3,"0, RUE DU CHER",0.0,0.0
201300055641,20,6,2013,19,1,75,120,2,1,1,6,"5, RUE DE NOISY LE SEC",0.0,0.0
201300055642,22,6,2013,2,5,75,120,2,2,1,6,"111, COURS DE VINCENNES",0.0,0.0
201300055643,22,6,2013,2,5,75,120,2,2,1,6,"0, RUE BISSON",0.0,0.0
201300055644,24,6,2013,11,1,75,120,2,3,1,2,"142, RUE D AVRON",0.0,0.0
201300055645,25,6,2013,14,1,75,120,2,3,1,7,"23 bis, RUE DU SURMELIN",0.0,0.0
201300055646,28,6,2013,9,1,75,120,2,2,2,6,"4, BOULEVARD DE BELLEVIL",0.0,0.0
201300055647,28,6,2013,17,1,75,120,2,2,1,3,"8, BOULEVARD DE CHARONNE",0.0,0.0
201300055648,28,6,2013,18,1,75,120,2,1,1,3,"40, RUE DES PYRENEES",0.0,0.0
201300055649,29,6,2013,10,1,75,120,2,1,2,7,"271, RUE DE BELLEVILLE",0.0,0.0
201300055650,1,7,2013,16,1,75,120,2,1,1,6,"62, RUE HAXO",0.0,0.0
201300055651,1,7,2013,17,1,75,120,2,3,1,7,"10, RUE LEON FRAPIE",0.0,0.0
201300055652,2,7,2013,0,5,75,120,2,1,1,6,"10, AVENUE GAMBETTA",0.0,0.0
201300055653,3,7,2013,20,2,75,120,2,2,2,2,"46, RUE VITRUVE",0.0,0.0
201300055654,4,7,2013,14,1,75,120,2,3,1,6,"21, RUE SAINT FARGEAU",0.0,0.0
201300055655,5,7,2013,12,1,75,120,2,5,1,3,"0, RUE DU CAPITAINE FERB",0.0,0.0
201300055656,7,7,2013,0,5,75,120,2,2,1,3,RUE DES GATINES,0.0,0.0
201300055657,8,7,2013,0,5,75,120,2,3,1,3,"0, RUE DE MENILMONTANT",0.0,0.0
201300055658,8,7,2013,14,1,75,120,2,1,1,3,"20, AVENUE BENOIT FRACHO",0.0,0.0
201300055659,8,7,2013,16,1,75,120,2,3,1,6,"0, RUE SAINT BLAISE",0.0,0.0
201300055660,9,7,2013,10,1,75,120,2,5,1,3,"0, AVENUE DE LA PORTE DE",0.0,0.0
201300055661,9,7,2013,12,1,75,120,2,2,1,6,"141 TER, AVENUE GAMBETTA",0.0,0.0
201300055662,10,7,2013,9,1,75,120,2,1,1,7,"16, AVENUE GAMBETTA",0.0,0.0
201300055663,11,7,2013,16,1,75,120,2,1,1,6,"14, BOULEVARD DE CHARONN",0.0,0.0
201300055664,12,7,2013,1,5,75,120,2,1,1,2,AVENUE DE LA PORTE DE MO,0.0,0.0
201300055665,13,7,2013,18,1,75,120,2,3,1,3,"93, RUE PELLEPORT",0.0,0.0
201300055666,13,7,2013,20,1,75,120,2,1,1,6,"3, RUE ROGER BISSIERE",0.0,0.0
201300055667,13,7,2013,20,1,75,120,2,1,1,6,"40, RUE DE TOURTILLE",0.0,0.0
201300055668,14,7,2013,12,1,75,120,2,1,1,6,"45, BOULEVARD DAVOUT",0.0,0.0
201300055669,14,7,2013,19,1,75,120,2,2,1,2,AVENUE IBSEN,0.0,0.0
201300055670,15,7,2013,12,1,75,120,2,3,1,2,"27, AVENUE GAMBETTA",0.0,0.0
201300055671,15,7,2013,17,1,75,120,2,2,1,6,"1, RUE HARPIGNIES",0.0,0.0
201300055672,16,7,2013,14,1,75,120,2,1,1,6,"5, AVENUE DE LA PORTE DE",0.0,0.0
201300055673,17,7,2013,18,1,75,120,2,1,1,2,"177, BOULEVARD DAVOUT",0.0,0.0
201300055674,18,7,2013,15,1,75,120,2,4,1,6,"6, RUE BELGRAND",0.0,0.0
201300055675,19,7,2013,12,1,75,120,2,7,1,3,PLACE DE LA PORTE DE MON,0.0,0.0
201300055676,22,7,2013,12,1,75,120,2,3,1,3,"ANGLE, RUE LE BUA",0.0,0.0
201300055677,22,7,2013,20,1,75,120,2,1,1,6,"64, RUE DE BELLEVILLE",0.0,0.0
201300055678,23,7,2013,18,1,75,120,2,2,1,3,RUE DE LAGNY,0.0,0.0
201300055679,24,7,2013,19,1,75,120,2,7,1,7,"2, AVENUE DE LA PORTE DE",0.0,0.0
201300055680,25,7,2013,16,1,75,120,2,1,1,7,BOULEVARD PERIPHERIQUE E,0.0,0.0
201300055681,26,7,2013,20,1,75,120,2,2,1,1,"72, BOULEVARD DAVOUT",0.0,0.0
201300055682,28,7,2013,1,5,75,120,2,2,1,3,"38, AVENUE GAMBETTA",0.0,0.0
201300055683,29,7,2013,9,1,75,120,2,1,1,6,BOULEVARD PERIPHERIQUE I,0.0,0.0
201300055684,30,7,2013,8,1,75,120,2,1,1,2,"LPXX4943, AVENUE CARTELL",0.0,0.0
201300055685,31,7,2013,12,1,75,120,2,2,1,3,"0, RUE BELGRAND",0.0,0.0
201300055686,31,7,2013,18,1,75,120,2,2,1,3,"25, BOULEVARD DAVOUT",0.0,0.0
201300055687,1,8,2013,15,1,75,120,2,2,1,3,"0, BOULEVARD DAVOUT",0.0,0.0
201300055688,2,8,2013,10,1,75,120,2,2,1,6,"1, AVENUE DE LA PORTE DE",0.0,0.0
201300055689,2,8,2013,17,1,75,120,2,1,1,6,"229, RUE DES PYRENEES",0.0,0.0
201300055690,2,8,2013,19,1,75,120,2,1,1,3,"161, AVENUE GAMBETTA",0.0,0.0
201300055691,3,8,2013,20,1,75,120,2,4,1,3,AVENUE GAMBETTA,0.0,0.0
201300055692,4,8,2013,19,1,75,120,2,2,1,6,"227, RUE DES PYRENEES",0.0,0.0
201300055693,5,8,2013,18,1,75,120,2,3,1,2,"10, RUE LEON FRAPIE",0.0,0.0
201300055694,5,8,2013,18,1,75,120,2,3,1,3,"13, RUE MARYSE HILSZ",0.0,0.0
201300055695,8,8,2013,19,1,75,120,2,7,1,6,"1, PLACE DU MAQUIS DU VE",0.0,0.0
201300055696,12,8,2013,7,1,75,120,2,3,1,6,"0, RUE D AVRON",0.0,0.0
201300055697,14,8,2013,10,1,75,120,2,3,1,6,"81, RUE DE BAGNOLET",0.0,0.0
201300055698,14,8,2013,14,1,75,120,2,3,1,3,"140, RUE D AVRON",0.0,0.0
201300055699,15,8,2013,18,1,75,120,2,2,1,3,"0, RUE BELGRAND",0.0,0.0
201300055700,16,8,2013,17,1,75,120,2,3,1,7,"76, RUE DES PYRENEES",0.0,0.0
201300055701,18,8,2013,18,1,75,120,2,4,1,3,AVENUE CARTELLIER,0.0,0.0
201300055702,21,8,2013,0,5,75,120,2,2,1,3,"134, RUE DE BELLEVILLE",0.0,0.0
201300055703,21,8,2013,8,1,75,120,2,2,1,1,"18, RUE BELGRAND",0.0,0.0
201300055704,21,8,2013,17,1,75,120,2,5,1,7,"0, AVENUE DE LA PORTE DE",0.0,0.0
201300055705,23,8,2013,13,1,75,120,2,5,1,6,"84, RUE DES CASCADES",0.0,0.0
201300055706,26,8,2013,13,1,75,120,2,1,1,3,"20, AVENUE BENOIT FRACHO",0.0,0.0
201300055707,29,8,2013,11,1,75,120,2,7,1,3,"4, PLACE GAMBETTA",0.0,0.0
201300055708,30,8,2013,11,1,75,120,2,3,1,3,"21, RUE DE BAGNOLET",0.0,0.0
201300055709,31,8,2013,7,1,75,120,2,6,1,1,PLACE DE LA PORTE DE BAG,0.0,0.0
201300055710,31,8,2013,10,1,75,112,2,2,1,1,"0, BOULEVARD SOULT",0.0,0.0
201300055711,31,8,2013,16,1,75,120,2,1,1,6,", RUE MARYSE HILSZ",0.0,0.0
201300055712,1,9,2013,15,1,75,120,2,1,1,6,"55, BOULEVARD MORTIER",0.0,0.0
201300055713,2,9,2013,9,1,75,112,2,1,1,3,"0, BOULEVARD PERIPHERIQU",0.0,0.0
201300055714,3,9,2013,12,1,75,120,2,1,1,6,"32, BOULEVARD DE BELLEVI",0.0,0.0
201300055715,4,9,2013,18,1,75,120,2,2,1,6,"74, RUE BELGRAND",0.0,0.0
201300055716,7,9,2013,14,1,75,120,2,3,1,6,RUE MOURAUD,0.0,0.0
201300055717,9,9,2013,15,1,75,120,2,1,2,6,"146, BOULEVARD DE MENILM",0.0,0.0
201300055718,10,9,2013,14,1,75,120,2,3,1,6,"4, AVENUE DE LA PORTE DE",0.0,0.0
201300055719,11,9,2013,21,3,75,120,2,3,1,3,"147, RUE DE BAGNOLET",0.0,0.0
201300055720,11,9,2013,5,5,75,120,2,2,2,7,"50, RUE BELGRAND",0.0,0.0
201300055721,14,9,2013,3,5,75,120,2,1,2,3,"66, RUE DES PYRENEES",0.0,0.0
201300055722,14,9,2013,11,1,75,120,2,2,2,7,"15, RUE BELGRAND",0.0,0.0
201300055723,15,9,2013,3,5,75,120,2,2,2,6,"104, RUE D AVRON",0.0,0.0
201300055724,15,9,2013,10,1,75,120,2,1,1,6,"337, RUE DES PYRENEES",0.0,0.0
201300055725,15,9,2013,13,1,75,120,2,1,1,6,"41, COURS DE VINCENNES",0.0,0.0
201300055726,17,9,2013,9,1,75,120,2,1,1,2,"20, AVENUE BENOIT FRACHO",0.0,0.0
201300055727,17,9,2013,23,5,75,120,2,2,2,1,"49, RUE DES PYRENEES",0.0,0.0
201300055728,18,9,2013,23,5,75,120,2,2,1,2,"0, RUE DES PYRENEES",0.0,0.0
201300055729,19,9,2013,10,1,75,120,2,1,1,6,"145, BOULEVARD DAVOUT",0.0,0.0
201300055730,20,9,2013,16,1,75,120,2,4,1,7,"0, BOULEVARD PERIPHERIQU",0.0,0.0
201300055731,21,9,2013,16,1,75,120,2,1,1,6,"4789, RUE SORBIER",0.0,0.0
201300055732,24,9,2013,16,1,75,112,2,5,1,6,COURS DE VINCENNES,0.0,0.0
201300055733,25,9,2013,8,2,75,120,2,2,1,6,"0, RUE DES GATINES",0.0,0.0
201300055734,25,9,2013,13,1,75,120,2,7,1,6,"1, PLACE OCTAVE CHANUTE",0.0,0.0
201300055735,25,9,2013,16,1,75,120,2,2,1,6,"75, AVENUE GAMBETTA",0.0,0.0
201300055736,26,9,2013,16,1,75,120,2,1,1,6,"6, RUE EUGENE REISZ",0.0,0.0
201300055737,26,9,2013,23,5,75,120,2,1,1,6,"47, RUE OLIVIER METRA",0.0,0.0
201300055738,27,9,2013,22,1,75,120,2,2,1,3,"0, RUE DES GRANDS CHAMPS",0.0,0.0
201300055739,1,10,2013,0,5,75,120,2,5,1,6,"168, BOULEVARD MORTIER",0.0,0.0
201300055740,3,10,2013,8,1,75,120,2,1,1,2,BOULEVARD PERIPHERIQUE,0.0,0.0
201300055741,4,10,2013,13,1,75,120,2,7,1,6,"0, AVENUE GAMBETTA",0.0,0.0
201300055742,4,10,2013,15,1,75,111,2,7,1,3,"11 bis, PLACE DE LA NATI",0.0,0.0
201300055743,5,10,2013,3,5,75,120,2,2,1,6,"95, RUE DE LA CHINE",0.0,0.0
201300055744,5,10,2013,21,5,75,120,2,1,1,6,"6, RUE DE BELLEVILLE",0.0,0.0
201300055745,5,10,2013,21,5,75,120,2,2,1,1,"280, RUE DE BELLEVILLE",0.0,0.0
201300055746,6,10,2013,3,5,75,120,2,2,1,6,"97, RUE DE BAGNOLET",0.0,0.0
201300055747,8,10,2013,17,1,75,120,2,1,1,6,"50, AVENUE DU PROFESSEUR",0.0,0.0
201300055748,8,10,2013,13,1,75,120,2,5,1,6,"117, RUE DES AMANDIERS",0.0,0.0
201300055749,11,10,2013,15,1,75,120,2,7,1,3,"1, PLACE GAMBETTA",0.0,0.0
201300055750,12,10,2013,11,1,75,120,2,1,1,6,"156, BOULEVARD DE CHARON",0.0,0.0
201300055751,13,10,2013,17,1,75,120,2,1,1,2,"17, AVENUE GAMBETTA",0.0,0.0
201300055752,14,10,2013,8,1,75,120,2,1,1,3,"47, AVENUE GAMBETTA",0.0,0.0
201300055753,15,10,2013,17,1,75,120,2,1,1,6,"395, RUE DES PYRENEES",0.0,0.0
201300055754,15,10,2013,19,3,75,120,2,2,1,3,RUE DE LA BIDASSOA,0.0,0.0
201300055755,15,10,2013,19,5,75,120,2,2,6,4,"11, RUE DES AMANDIERS",0.0,0.0
201300055756,15,10,2013,20,5,75,120,2,1,1,6,"112, RUE DE BELLEVILLE",0.0,0.0
201300055757,16,10,2013,6,1,75,120,2,1,8,2,"0, BOULEVARD PERIPHERIQU",0.0,0.0
201300055758,16,10,2013,13,1,75,120,2,2,2,3,"60, RUE DE BAGNOLET",0.0,0.0
201300055759,17,10,2013,15,1,75,120,2,3,1,6,"8, RUE DE BELLEVILLE",0.0,0.0
201300055760,17,10,2013,17,1,75,120,2,2,1,6,"54, RUE BELGRAND",0.0,0.0
201300055761,20,10,2013,2,5,75,120,2,5,1,6,"15, COURS DE VINCENNES",0.0,0.0
201300055762,21,10,2013,17,1,75,120,2,1,2,6,"29, RUE HELENE JAKUBOWIC",0.0,0.0
201300055763,25,10,2013,14,1,75,120,2,3,1,3,"203, AVENUE GAMBETTA",0.0,0.0
201300055764,26,10,2013,9,1,75,120,2,1,8,6,"64, RUE DES ORTEAUX",0.0,0.0
201300055765,27,10,2013,15,1,75,120,2,5,1,3,"240, RUE DES PYRENEES",0.0,0.0
201300055766,27,10,2013,21,5,75,120,2,5,3,6,"360, RUE DES PYRENEES",0.0,0.0
201300055767,28,10,2013,9,1,75,120,2,7,3,7,"0, PLACE DE LA PORTE DE",0.0,0.0
201300055768,28,10,2013,11,1,75,120,2,2,1,2,"S8540, AVENUE DE LA PORT",0.0,0.0
201300055769,29,10,2013,19,3,75,120,2,4,1,2,BOULEVARD PERIPHERIQUE,0.0,0.0