Num_Acc,jour,mois,an,hr,condition_eclairage,departement,commune,condition_agglomeration,intersection,condition_atmosphere,type_collision,adresse,lattitude,longitude
201300055770,30,10,2013,8,1,75,120,2,3,1,6,"19, RUE D AVRON",0.0,0.0
201300055771,30,10,2013,20,5,75,120,2,1,1,7,BOULEVARD PERIPHERIQUE E,0.0,0.0
201300055772,31,10,2013,16,1,75,120,2,2,1,3,"72, BOULEVARD DAVOUT",0.0,0.0
201300055773,1,11,2013,18,5,75,120,2,4,2,6,PLACE DE LA PORTE DE MON,0.0,0.0
201300055774,2,11,2013,17,1,75,119,2,3,2,6,"51, RUE DE BELLEVILLE",0.0,0.0
201300055775,3,11,2013,13,1,75,120,2,1,1,6,"22, AVENUE DU PROFESSEUR",0.0,0.0
201300055776,3,11,2013,23,5,75,120,2,3,3,6,"0, RUE TOLAIN",0.0,0.0
201300055777,4,11,2013,0,5,75,120,2,5,3,3,"261, BOULEVARD MORTIER",0.0,0.0
201300055778,4,11,2013,16,1,75,120,1,1,1,3,"0, BOULEVARD PERIPHERIQU",0.0,0.0
201300055779,7,11,2013,5,5,75,120,2,7,1,2,"49, RUE BELGRAND",0.0,0.0
201300055780,8,11,2013,15,1,75,120,2,7,2,6,"79, AVENUE GAMBETTA",0.0,0.0
201300055781,8,11,2013,16,2,75,120,2,1,2,6,"88, RUE PELLEPORT",0.0,0.0
201300055782,10,11,2013,2,5,75,120,2,2,3,1,"360, RUE DES PYRENEES",0.0,0.0
201300055783,10,11,2013,9,1,75,120,2,2,1,6,BOULEVARD DAVOUT,0.0,0.0
201300055784,10,11,2013,22,5,75,120,2,7,1,3,"0, PORTE DE MONTREUIL",0.0,0.0
201300055785,13,11,2013,16,1,75,120,2,3,1,6,"106, RUE DE BAGNOLET",0.0,0.0
201300055786,14,11,2013,8,1,75,120,2,3,2,3,"104, BOULEVARD DE MENILM",0.0,0.0
201300055787,15,11,2013,23,5,75,120,2,2,1,3,"0, AVENUE IBSEN",0.0,0.0
201300055788,19,11,2013,21,5,75,120,2,1,1,5,"64, RUE BELGRAND",0.0,0.0
201300055789,20,11,2013,9,1,75,120,2,2,1,3,"0, RUE BELGRAND",0.0,0.0
201300055790,20,11,2013,9,1,75,120,2,1,1,6,"22, AVENUE DU PROFESSEUR",0.0,0.0
201300055791,20,11,2013,14,1,75,120,2,7,3,4,"109, COURS DE VINCENNES",0.0,0.0
201300055792,20,11,2013,20,5,75,120,2,2,3,6,"16, RUE DES PYRENEES",0.0,0.0
201300055793,21,11,2013,9,1,75,120,2,1,8,6,"17, AVENUE GAMBETTA",0.0,0.0
201300055794,22,11,2013,8,1,75,120,2,2,8,6,"8, RUE DE NOISY LE SEC",0.0,0.0
201300055795,22,11,2013,15,1,75,120,2,1,1,6,"167, AVENUE GAMBETTA",0.0,0.0
201300055796,22,11,2013,23,5,75,120,2,2,1,3,"0, AVENUE DE LA PORTE DE",0.0,0.0
201300055797,19,11,2013,21,5,75,120,2,1,1,7,"48, RUE DE LA BIDASSOA",0.0,0.0
201300055798,28,11,2013,19,5,75,120,2,2,2,1,"351, RUE DES PYRENEES",0.0,0.0
201300055799,29,11,2013,22,5,75,120,2,2,2,6,"60, RUE DES PYRENEES",0.0,0.0
201300055800,1,12,2013,13,1,75,120,2,1,1,4,"0, BOULEVARD PERIPHERIQU",0.0,0.0
201300055801,3,12,2013,11,1,75,120,2,1,8,6,"66, AVENUE GAMBETTA",0.0,0.0
201300055802,3,12,2013,20,5,75,120,2,5,1,3,"240, RUE DES PYRENEES",0.0,0.0
201300055803,4,12,2013,23,4,75,120,2,5,1,3,"168, BOULEVARD MORTIER",0.0,0.0
201300055804,7,12,2013,13,1,75,120,2,3,1,6,"249bis, RUE DES PYRENEES",0.0,0.0
201300055805,8,12,2013,4,5,75,120,2,2,1,3,RUE LOUIS LUMIERE,0.0,0.0
201300055806,8,12,2013,13,1,75,120,2,1,1,3,PORTE DE BAGNOLET,0.0,0.0
201300055807,9,12,2013,12,1,75,120,2,1,1,6,"6, AVENUE GAMBETTA",0.0,0.0
201300055808,9,12,2013,18,5,75,120,2,1,1,6,"4, RUE BELGRAND",0.0,0.0
201300055809,12,12,2013,17,5,75,120,2,1,1,6,"37, RUE DE LA CHINE",0.0,0.0
201300055810,13,12,2013,9,1,75,120,2,3,1,7,"84, RUE HAXO",0.0,0.0
201300055811,12,12,2013,18,5,75,120,2,1,1,6,"137, BOULEVARD DAVOUT",0.0,0.0
201300055812,14,12,2013,14,1,75,120,2,2,2,7,"0, RUE DE MENILMONTANT",0.0,0.0
201300055813,15,12,2013,12,1,75,120,2,1,1,2,"59, RUE SAINT BLAISE",0.0,0.0
201300055814,16,12,2013,17,3,75,120,2,1,1,2,"20, AVENUE BENOIT FRACHO",0.0,0.0
201300055815,16,12,2013,20,5,75,120,2,2,1,6,"13, RUE DES GATINES",0.0,0.0
201300055816,17,12,2013,16,1,75,120,2,2,1,7,"42, RUE BELGRAND",0.0,0.0
201300055817,18,12,2013,7,2,75,120,2,2,1,6,"06, RUE PAGANINI",0.0,0.0
201300055818,17,12,2013,16,5,75,120,2,2,1,6,"195, RUE DES PYRENEES",0.0,0.0
201300055819,19,12,2013,17,5,75,120,2,3,1,6,"ANGLE, BOULEVARD DE BELL",0.0,0.0
201300055820,19,12,2013,20,5,75,120,2,2,1,5,"ANGLE, RUE DES PYRENEES",0.0,0.0
201300055821,20,12,2013,3,5,75,120,2,1,2,6,"47, RUE BELGRAND",0.0,0.0
201300055822,20,12,2013,18,3,75,120,2,2,1,6,"ANGLE, RUE JULIEN LACROI",0.0,0.0
201300055823,20,12,2013,22,5,75,120,2,2,1,6,"95, RUE D AVRON",0.0,0.0
201300055824,20,12,2013,23,5,75,120,2,2,1,3,"2, RUE DU CAPITAINE FERB",0.0,0.0
201300055825,22,12,2013,2,5,75,120,2,7,1,2,"0, AVENUE DU DOCTEUR GLE",0.0,0.0
201300055826,22,12,2013,13,1,75,120,2,1,8,3,"74, RUE DES ORTEAUX",0.0,0.0
201300055827,28,12,2013,8,1,75,120,2,1,2,6,"0, BOULEVARD PERIPHERIQU",0.0,0.0
201300055828,31,12,2013,21,5,75,120,2,1,2,2,"4, AVENUE DE LA PORTE DE",0.0,0.0
201300055829,3,1,2013,11,1,75,112,2,3,2,6,"78, RUE DE REUILLY",0.0,0.0
201300055830,6,1,2013,11,1,75,119,2,5,1,6,"244, BOULEVARD DE LA VIL",0.0,0.0
201300055831,8,1,2013,13,1,75,114,2,3,2,7,"32, RUE REMY DUMONCEL",0.0,0.0
201300055832,8,1,2013,17,5,75,119,2,1,1,4,BOULEVARD PERIPHERIQUE I,0.0,0.0
201300055833,9,1,2013,21,5,75,112,2,2,2,6,"256, AVENUE DAUMESNIL",0.0,0.0
201300055834,10,1,2013,12,1,75,104,2,5,2,3,"96, RUE DE RIVOLI",0.0,0.0
201300055835,11,1,2013,17,5,75,117,2,1,1,2,BOULEVARD DU FORT DE VAU,0.0,0.0
201300055836,12,1,2013,20,5,75,107,2,2,1,6,"25, BOULEVARD DE LA TOUR",0.0,0.0
201300055837,14,1,2013,19,5,75,110,2,1,4,6,"23, AVENUE CLAUDE VELLEF",0.0,0.0
201300055838,17,1,2013,13,1,75,106,2,1,1,3,"27, QUAI DES GRANDS AUGU",0.0,0.0
201300055839,18,1,2013,19,5,75,101,2,1,4,2,PONT AU CHANGE,0.0,0.0
201300055840,22,1,2013,15,1,75,114,2,7,1,2,PLACE DENFERT ROCHEREAU,0.0,0.0
201300055841,24,1,2013,9,1,75,110,2,1,1,2,"123, RUE DU FAUBOURG SAI",0.0,0.0
201300055842,26,1,2013,7,2,75,108,2,5,1,3,COURS ALBERT 1ER,0.0,0.0
201300055843,26,1,2013,18,5,75,103,2,1,1,6,"33, BOULEVARD BEAUMARCHA",0.0,0.0
201300055844,27,1,2013,22,5,75,116,2,1,1,3,ALLEE DE LA REINE MARGUE,0.0,0.0
201300055845,29,1,2013,11,1,75,110,2,5,2,3,BOULEVARD DE STRASBOURG,0.0,0.0
201300055846,30,1,2013,11,1,75,107,2,1,3,2,"71, QUAI BRANLY",0.0,0.0
201300055847,30,1,2013,12,1,75,108,2,7,2,6,"04, PLACE DE LA CONCORDE",0.0,0.0
201300055848,31,1,2013,8,1,75,111,2,5,1,3,RUE DU CHEMIN VERT,0.0,0.0
201300055849,1,2,2013,11,1,75,108,2,1,2,4,"63, RUE DE COURCELLES",0.0,0.0
201300055850,1,2,2013,16,1,75,116,2,7,1,2,PLACE DE LA PORTE MAILLO,0.0,0.0
201300055851,1,2,2013,18,5,75,116,2,2,2,3,ROUTE DE SURESNES,0.0,0.0
201300055852,3,2,2013,10,1,75,116,2,4,1,6,AVENUE DU PRESIDENT KENN,0.0,0.0
201300055853,5,2,2013,7,5,75,106,2,2,3,7,"17, BOULEVARD DU MONTPAR",0.0,0.0
201300055854,5,2,2013,11,1,75,116,2,3,1,6,"90, AVENUE KLEBER",0.0,0.0
201300055855,6,2,2013,1,5,75,117,2,5,3,7,BOULEVARD BERTHIER,0.0,0.0
201300055856,6,2,2013,20,5,75,118,2,2,1,6,"02, AVENUE DE LA PORTE D",0.0,0.0
201300055857,7,2,2013,18,5,75,113,2,3,1,2,"108, AVENUE D IVRY",0.0,0.0
201300055858,9,2,2013,10,1,75,116,2,3,8,6,"77, AVENUE DE VERSAILLES",0.0,0.0
201300055859,10,2,2013,4,5,75,113,2,7,5,6,PLACE D ITALIE,0.0,0.0
201300055860,10,2,2013,4,5,75,107,2,7,1,2,PLACE VAUBAN,0.0,0.0
201300055861,11,2,2013,13,1,75,112,2,3,1,3,BOULEVARD DIDEROT,0.0,0.0
201300055862,15,2,2013,16,1,75,105,2,1,1,6,QUAI SAINT BERNARD,0.0,0.0
201300055863,15,2,2013,16,1,75,102,2,2,1,1,"29, BOULEVARD POISSONNIE",0.0,0.0
201300055864,15,2,2013,21,5,75,117,2,5,1,7,"85, AVENUE DE WAGRAM",0.0,0.0
201300055865,16,2,2013,13,1,75,117,2,2,1,1,BOULEVARD GOUVION SAINT,0.0,0.0
201300055866,19,2,2013,0,3,75,116,2,1,1,7,ROUTE DE L ETOILE,0.0,0.0
201300055867,20,2,2013,16,1,75,119,2,7,1,3,PLACE DE LA PORTE DE PAN,0.0,0.0
201300055868,22,2,2013,9,1,75,104,2,1,1,2,"1, RUE DES NONNAINS D HY",0.0,0.0
201300055869,22,2,2013,14,1,75,116,2,1,1,2,ALLEE DU BORD DE L EAU,0.0,0.0
201300055870,22,2,2013,17,1,75,117,2,7,1,3,PLACE DE LA PORTE MAILLO,0.0,0.0
201300055871,25,2,2013,18,5,75,104,2,2,2,2,"16, PONT AU CHANGE",0.0,0.0
201300055872,26,2,2013,23,5,75,115,2,2,2,1,RUE LECOURBE,0.0,0.0
201300055873,27,2,2013,17,2,75,106,2,5,1,2,BOULEVARD RASPAIL,0.0,0.0
201300055874,28,2,2013,5,5,75,116,2,4,1,6,BOULEVARD LANNES,0.0,0.0
201300055875,28,2,2013,13,1,75,102,2,2,1,3,RUE DU QUATRE SEPTEMBRE,0.0,0.0
201300055876,1,3,2013,17,2,75,112,2,1,1,3,QUAI DE BERCY,0.0,0.0
201300055877,5,3,2013,11,1,75,116,2,1,1,6,"58, AVENUE DE VERSAILLES",0.0,0.0
201300055878,5,3,2013,12,1,75,112,2,2,1,3,"02, AVENUE LEDRU ROLLIN",0.0,0.0
201300055879,5,3,2013,13,1,75,114,2,4,1,5,BOULEVARD PERIPHERIQUE E,0.0,0.0
201300055880,6,3,2013,17,1,75,119,2,4,1,6,"96, BOULEVARD SERURIER",0.0,0.0
201300055881,7,3,2013,12,1,75,106,2,3,1,6,"7 BIS, RUE DES SAINTS PE",0.0,0.0
201300055882,9,3,2013,6,2,75,117,2,7,1,3,PLACE DU BRESIL,0.0,0.0
201300055883,9,3,2013,10,1,75,110,2,2,1,1,"141, RUE LA FAYETTE",0.0,0.0
201300055884,10,3,2013,6,2,75,118,2,7,1,6,"20, BOULEVARD DE CLICHY",0.0,0.0
201300055885,10,3,2013,15,1,75,113,2,1,1,6,"53, AVENUE D ITALIE",0.0,0.0
201300055886,14,3,2013,12,1,75,116,2,1,1,4,BOULEVARD PERIPHERIQUE E,0.0,0.0
201300055887,15,3,2013,0,5,75,113,2,1,1,5,AVENUE PIERRE DE COUBERT,0.0,0.0
201300055888,16,3,2013,15,1,75,110,2,3,1,2,"145, AVENUE PARMENTIER",0.0,0.0
201300055889,17,3,2013,5,5,75,118,2,2,1,6,"43, BOULEVARD BARBES",0.0,0.0
201300055890,19,3,2013,17,1,75,115,2,1,1,6,"173, RUE DE VAUGIRARD",0.0,0.0
201300055891,19,3,2013,19,5,75,116,2,1,2,3,ALLEE DE LA REINE MARGUE,0.0,0.0
201300055892,20,3,2013,4,5,75,116,2,1,1,6,VOIE GEORGES POMPIDOU,0.0,0.0
201300055893,21,3,2013,7,1,75,105,2,2,1,3,"0, BOULEVARD SAINT MICHE",0.0,0.0
201300055894,21,3,2013,15,1,75,115,2,1,1,6,QUAI D ISSY LES MOULINEA,0.0,0.0
201300055895,23,3,2013,15,1,75,101,2,1,1,3,"350, RUE SAINT HONORE",0.0,0.0
201300055896,27,3,2013,0,5,75,103,2,1,1,2,RUE DES ARCHIVES,0.0,0.0
201300055897,27,3,2013,14,1,75,118,2,1,1,2,PORTE D AUBERVILLIERS,0.0,0.0
201300055898,27,3,2013,20,5,75,108,2,2,1,7,"37, AVENUE DES CHAMPS EL",0.0,0.0
201300055899,28,3,2013,8,1,75,112,2,4,1,3,RUE DU GENERAL DE LANGLE,0.0,0.0
201300055900,28,3,2013,13,1,75,113,2,3,1,6,"48, RUE DE TOLBIAC",0.0,0.0
201300055901,28,3,2013,17,1,75,107,2,4,1,6,"89, AVENUE DE LA BOURDON",0.0,0.0
201300055902,29,3,2013,8,1,75,119,2,1,1,3,"119, AVENUE DE FLANDRE",0.0,0.0
201300055903,29,3,2013,10,1,75,104,2,1,1,7,"9, RUE DU RENARD",0.0,0.0
201300055904,29,3,2013,18,1,75,116,2,1,1,2,BOULEVARD PERIPHERIQUE I,0.0,0.0
201300055905,31,3,2013,6,1,75,104,2,2,1,3,RUE DE LA CITE,0.0,0.0
201300055906,31,3,2013,7,1,75,116,2,3,1,6,"0, BOULEVARD FLANDRIN",0.0,0.0
201300055907,1,4,2013,21,5,75,117,2,3,1,6,"168 bis, RUE CARDINET",0.0,0.0
201300055908,2,4,2013,14,1,75,101,2,7,1,4,"12, QUAI FRANCOIS MITTER",0.0,0.0
201300055909,3,4,2013,11,1,75,118,2,5,1,6,RUE ORDENER,0.0,0.0
201300055910,6,4,2013,2,5,75,114,2,1,1,6,"49, AVENUE DE L OBSERVAT",0.0,0.0
201300055911,6,4,2013,13,1,75,107,2,1,1,3,"07, RUE DE CONSTANTINE",0.0,0.0
201300055912,7,4,2013,1,5,75,114,2,3,1,3,"67, RUE D ALESIA",0.0,0.0
201300055913,7,4,2013,2,5,75,116,2,1,1,3,ALLEE DE LONGCHAMP,0.0,0.0
201300055914,8,4,2013,6,1,75,104,2,2,1,3,"50, RUE DE RIVOLI",0.0,0.0
201300055915,10,4,2013,10,1,75,120,2,2,1,6,RUE HAXO,0.0,0.0
201300055916,10,4,2013,15,1,75,119,2,1,1,6,BOULEVARD PERIPHERIQUE I,0.0,0.0
201300055917,12,4,2013,9,1,75,106,2,3,2,6,"8, BOULEVARD SAINT MICHE",0.0,0.0
201300055918,12,4,2013,12,1,75,105,2,1,1,6,"5, BOULEVARD SAINT GERMA",0.0,0.0
201300055919,12,4,2013,15,1,75,116,2,1,8,6,"4, RUE POUSSIN",0.0,0.0
201300055920,12,4,2013,20,2,75,113,2,3,2,1,"54, RUE DE TOLBIAC",0.0,0.0
201300055921,13,4,2013,14,1,75,115,2,3,1,2,"03, AVENUE DE LA PORTE B",0.0,0.0
201300055922,8,3,2013,22,2,75,120,2,1,1,6,ECHANGEUR BAGNOLET,0.0,0.0
201300055923,17,4,2013,16,1,75,118,2,3,1,6,"121, RUE DES POISSONNIER",0.0,0.0
201300055924,19,4,2013,0,5,75,110,2,3,1,6,"23, RUE DE LA GRANGE AUX",0.0,0.0
201300055925,19,4,2013,0,5,75,116,2,4,1,3,VOIE GEORGES POMPIDOU,0.0,0.0
201300055926,19,4,2013,20,5,75,119,2,4,1,5,"18, RUE GASTON TESSIER",0.0,0.0
201300055927,20,4,2013,14,1,75,106,2,5,1,4,"112, RUE DE RENNES",0.0,0.0
201300055928,20,4,2013,16,1,75,117,2,1,1,6,"20, BOULEVARD GOUVION SA",0.0,0.0
201300055929,21,4,2013,13,1,75,118,2,2,1,3,RUE MARCADET,0.0,0.0
201300055930,21,4,2013,19,1,75,120,2,5,1,6,"82, BOULEVARD DE MENILMO",0.0,0.0
201300055931,22,4,2013,10,1,75,111,2,1,1,6,"177 bis, BOULEVARD VOLTA",0.0,0.0
201300055932,23,4,2013,9,1,75,114,2,1,1,6,"29, RUE DELAMBRE",0.0,0.0
201300055933,23,4,2013,16,1,75,119,2,1,1,6,"28, RUE DU MAROC",0.0,0.0
201300055934,23,4,2013,19,1,75,106,2,1,1,3,"6, QUAI MALAQUAIS",0.0,0.0
201300055935,24,4,2013,10,1,75,105,2,2,1,3,"11, BOULEVARD SAINT GERM",0.0,0.0
201300055936,24,4,2013,14,1,75,119,2,3,1,6,"138, RUE DE BELLEVILLE",0.0,0.0
201300055937,25,4,2013,11,1,75,110,2,3,1,6,"187, RUE DU FAUBOURG SAI",0.0,0.0
201300055938,25,4,2013,20,2,75,112,2,1,1,6,AVENUE DE SAINT MAURICE,0.0,0.0
201300055939,27,4,2013,20,5,75,117,2,3,1,3,"87, AVENUE DE CLICHY",0.0,0.0
201300055940,28,4,2013,13,1,75,108,2,1,1,7,VOIE GEORGES POMPIDOU,0.0,0.0
201300055941,29,4,2013,15,1,75,111,2,1,1,6,"157, RUE SAINT MAUR",0.0,0.0
201300055942,29,4,2013,20,2,75,119,2,1,1,3,"132, BOULEVARD DE LA VIL",0.0,0.0
201300055943,29,4,2013,23,5,75,117,2,1,1,3,"75, AVENUE DE SAINT OUEN",0.0,0.0
201300055944,30,4,2013,22,5,75,116,2,1,8,6,"36, AVENUE RAYMOND POINC",0.0,0.0
201300055945,1,5,2013,17,1,75,104,2,2,3,6,RUE DES FRANCS BOURGEOIS,0.0,0.0
201300055946,3,5,2013,11,1,75,119,2,2,1,6,RUE DES CHAUFOURNIERS,0.0,0.0
201300055947,3,5,2013,14,1,75,114,2,7,1,6,"01, PLACE DU VINGT CINQ",0.0,0.0
201300055948,4,5,2013,3,5,75,117,2,4,1,1,"23, RUE FRAGONARD",0.0,0.0
201300055949,4,5,2013,7,1,75,114,2,1,1,6,BOULEVARD PERIPHERIQUE,0.0,0.0
201300055950,5,5,2013,15,1,75,101,2,7,1,2,"168, RUE DE RIVOLI",0.0,0.0
201300055951,6,5,2013,15,1,75,115,2,2,1,6,"0, RUE DE VOUILLE",0.0,0.0
201300055952,8,5,2013,12,1,75,108,2,1,1,6,"128, RUE LA BOETIE",0.0,0.0
201300055953,11,5,2013,18,1,75,120,2,1,1,6,"42, BOULEVARD MORTIER",0.0,0.0
201300055954,13,5,2013,16,1,75,115,2,5,1,6,"12, RUE PECLET",0.0,0.0
201300055955,14,5,2013,4,5,75,106,2,5,1,3,"87, BOULEVARD RASPAIL",0.0,0.0
201300055956,16,5,2013,23,5,75,117,2,3,1,3,"16, AVENUE DE LA GRANDE",0.0,0.0
201300055957,17,5,2013,2,5,75,114,2,1,1,6,BOULEVARD PERIPHERIQUE E,0.0,0.0
201300055958,17,5,2013,18,1,75,106,2,1,1,6,"141, RUE DE RENNES",0.0,0.0
201300055959,18,5,2013,7,1,75,109,2,2,1,3,"85, RUE DE DUNKERQUE",0.0,0.0
201300055960,18,5,2013,15,1,75,118,2,1,1,6,"25, RUE CHAMPIONNET",0.0,0.0
201300055961,18,5,2013,16,1,75,117,2,2,2,2,"87, AVENUE DES TERNES",0.0,0.0
201300055962,19,5,2013,2,5,75,117,2,2,2,6,"25, RUE LEMERCIER",0.0,0.0
201300055963,19,5,2013,16,1,75,107,2,2,2,3,RUE DUROC,0.0,0.0
201300055964,19,5,2013,17,1,75,117,2,1,3,7,AVENUE PAUL ADAM,0.0,0.0
201300055965,21,5,2013,13,1,75,115,2,2,2,3,RUE LINOIS,0.0,0.0
201300055966,21,5,2013,19,1,75,102,2,5,2,2,"28, AVENUE DE L OPERA",0.0,0.0
201300055967,21,5,2013,21,2,75,115,2,1,2,1,"19, RUE LINOIS",0.0,0.0
201300055968,22,5,2013,15,1,75,116,2,4,1,6,BOULEVARD PERIPHERIQUE E,0.0,0.0
201300055969,23,5,2013,10,1,75,104,2,1,1,2,VOIE GEORGES POMPIDOU,0.0,0.0
201300055970,23,5,2013,10,1,75,103,2,1,1,2,"22, RUE BEAUBOURG",0.0,0.0
201300055971,23,5,2013,22,5,75,107,2,7,2,3,PLACE DE LA RESISTANCE,0.0,0.0
201300055972,24,5,2013,17,1,75,116,2,1,2,6,"05/07, RUE ABEL FERRY",0.0,0.0
201300055973,25,5,2013,2,5,75,113,2,1,1,6,"66, RUE DE PATAY",0.0,0.0
201300055974,25,5,2013,9,1,75,106,2,5,1,3,"113, BOULEVARD DU MONTPA",0.0,0.0
201300055975,25,5,2013,20,2,75,114,2,7,1,3,PLACE DENFERT ROCHEREAU,0.0,0.0
201300055976,26,5,2013,11,1,75,116,2,7,1,6,AVENUE DE LA PORTE DE SA,0.0,0.0
201300055977,27,5,2013,16,1,75,113,2,1,1,2,BOULEVARD PERIPHERIQUE I,0.0,0.0
201300055978,27,5,2013,16,1,75,116,2,1,1,2,ALLEE DE LA REINE MARGUE,0.0,0.0
201300055979,30,5,2013,14,1,75,118,2,1,2,2,"50, BOULEVARD ORNANO",0.0,0.0
201300055980,1,6,2013,9,1,75,116,2,5,1,3,AVENUE DE MALAKOFF,0.0,0.0
201300055981,2,6,2013,12,1,75,113,2,2,1,6,"64, RUE DE TOLBIAC",0.0,0.0
201300055982,4,6,2013,14,1,75,103,2,5,1,6,"38, RUE DE TURBIGO",0.0,0.0
201300055983,5,6,2013,0,5,75,112,2,1,1,2,BOULEVARD PERIPHERIQUE,0.0,0.0
201300055984,5,6,2013,18,1,75,119,2,1,1,6,PORTE DE PANTIN,0.0,0.0
201300055985,6,6,2013,8,1,75,115,2,1,1,3,BOULEVARD PERIPHERIQUE I,0.0,0.0
201300055986,6,6,2013,11,1,75,112,2,5,1,3,BOULEVARD SOULT,0.0,0.0
201300055987,6,6,2013,17,1,75,112,2,4,1,6,"75, RUE CROZATIER",0.0,0.0
201300055988,7,6,2013,12,1,75,113,2,1,1,6,"15, RUE DU DESSOUS DES B",0.0,0.0
201300055989,10,6,2013,12,1,75,117,2,2,1,6,RUE JOUFFROY D ABBANS,0.0,0.0
201300055990,11,6,2013,9,1,75,112,2,1,1,4,PORTE DOREE,0.0,0.0
201300055991,11,6,2013,17,1,75,114,2,1,1,6,"150, AVENUE DU MAINE",0.0,0.0
201300055992,12,6,2013,1,5,75,111,2,1,1,6,"122, BOULEVARD RICHARD L",0.0,0.0
201300055993,13,6,2013,8,1,75,115,2,1,1,6,"149, PORTE DE SEVRES",0.0,0.0
201300055994,13,6,2013,9,1,75,115,2,2,1,3,"1, QUAI DE GRENELLE",0.0,0.0
201300055995,16,6,2013,22,5,75,104,2,7,1,2,PLACE DU CHATELET,0.0,0.0
201300055996,17,6,2013,19,1,75,119,2,1,1,2,BOULEVARD PERIPHERIQUE E,0.0,0.0
201300055997,18,6,2013,15,1,75,102,2,5,1,2,"84, BOULEVARD MONTMARTRE",0.0,0.0
201300055998,18,6,2013,15,1,75,109,2,5,1,3,"0, RUE DU FAUBOURG MONTM",0.0,0.0
201300055999,20,6,2013,3,5,75,114,2,1,1,6,BOULEVARD PERIPHERIQUE,0.0,0.0
201300056000,20,6,2013,13,1,75,110,2,1,1,7,"22, PASSAGE HEBRARD",0.0,0.0
201300056001,20,6,2013,23,5,75,112,2,1,1,4,BOULEVARD PERIPHERIQUE,0.0,0.0
201300056002,21,6,2013,11,1,75,114,2,5,1,1,BOULEVARD ROMAIN ROLLAND,0.0,0.0
201300056003,21,6,2013,11,1,75,119,2,3,1,6,"12, RUE DE TANGER",0.0,0.0
201300056004,21,6,2013,22,5,75,115,2,2,1,6,"13, BOULEVARD GENERAL MA",0.0,0.0
201300056005,23,6,2013,8,1,75,113,2,3,1,2,"51-55, BOULEVARD MASSENA",0.0,0.0
201300056006,23,6,2013,12,1,75,111,2,1,1,6,"54, RUE DE LA ROQUETTE",0.0,0.0
201300056007,23,6,2013,19,1,75,105,2,2,2,6,RUE DES ECOLES,0.0,0.0
201300056008,23,6,2013,22,5,75,114,2,2,2,6,"170, RUE D ALESIA",0.0,0.0
201300056009,24,6,2013,14,1,75,116,2,1,1,6,"13, BOULEVARD EXELMANS",0.0,0.0
201300056010,24,6,2013,20,1,75,117,2,5,1,3,"112, BOULEVARD BERTHIER",0.0,0.0
201300056011,25,6,2013,12,1,75,107,2,2,1,5,BOULEVARD DE LA TOUR MAU,0.0,0.0
201300056012,25,6,2013,16,1,75,119,2,1,1,6,"92, RUE DE CRIMEE",0.0,0.0
201300056013,25,6,2013,19,1,75,116,2,1,1,2,BOULEVARD PERIPHERIQUE,0.0,0.0
201300056014,29,6,2013,4,5,75,110,2,1,2,7,"16, BOULEVARD DE MAGENTA",0.0,0.0
201300056015,29,6,2013,5,2,75,106,2,1,1,6,"44, BOULEVARD SAINT MICH",0.0,0.0
201300056016,29,6,2013,21,2,75,114,2,1,1,2,BOULEVARD PERIPHERIQUE E,0.0,0.0
201300056017,1,7,2013,21,2,75,110,2,3,1,2,"209, RUE DU FAUBOURG SAI",0.0,0.0
201300056018,2,7,2013,11,1,75,118,2,2,1,3,"25, RUE FRANCOEUR",0.0,0.0
201300056019,4,7,2013,17,1,75,118,2,7,1,6,BOULEVARD DE LA CHAPELLE,0.0,0.0
201300056020,5,7,2013,17,1,75,113,2,4,1,6,"74, RUE NATIONALE",0.0,0.0
201300056021,6,7,2013,5,5,75,116,2,1,1,6,AVENUE DU MAHATMA GANDHI,0.0,0.0
201300056022,6,7,2013,16,1,75,114,2,1,1,2,BOULEVARD PERIPHERIQUE E,0.0,0.0
201300056023,7,7,2013,17,1,75,107,2,3,1,3,"5, PLACE HENRY DE MONTHE",0.0,0.0
201300056024,8,7,2013,13,1,75,118,2,5,1,6,"2, AVENUE DE LA PORTE DE",0.0,0.0
201300056025,9,7,2013,18,1,75,120,2,3,1,6,"28, RUE HELENE JAKUBOWIC",0.0,0.0
201300056026,10,7,2013,19,1,75,118,2,2,1,3,RUE HERMEL,0.0,0.0
201300056027,11,7,2013,0,5,75,116,2,4,1,6,ALLEE DE LONGCHAMP,0.0,0.0
201300056028,12,7,2013,11,1,75,110,2,3,1,6,"50, RUE DU CHATEAU D EAU",0.0,0.0
201300056029,12,7,2013,14,1,75,119,2,1,1,6,"3, RUE DE LA PREVOYANCE",0.0,0.0
201300056030,12,7,2013,19,1,75,114,2,1,1,6,"87, AVENUE PAUL VAILLANT",0.0,0.0
201300056031,13,7,2013,18,1,75,118,2,4,1,6,PORTE DE LA CHAPELLE,0.0,0.0
201300056032,14,7,2013,5,2,75,112,2,7,1,6,ROUTE DE LA PYRAMIDE,0.0,0.0
201300056033,14,7,2013,16,1,75,107,2,7,1,3,QUAI D ORSAY,0.0,0.0
201300056034,16,7,2013,12,1,75,113,2,1,1,4,QUAI D IVRY,0.0,0.0
201300056035,16,7,2013,17,1,75,117,2,5,1,6,"95, BOULEVARD BESSIERES",0.0,0.0
201300056036,18,7,2013,22,5,75,116,2,1,1,7,"44, AVENUE DE NEW YORK",0.0,0.0
201300056037,20,7,2013,1,5,75,111,2,2,1,2,"28, BOULEVARD VOLTAIRE",0.0,0.0
201300056038,20,7,2013,16,1,75,118,2,1,1,6,"19, RUE EUGENE CARRIERE",0.0,0.0
201300056039,21,7,2013,17,1,75,101,2,7,1,3,"2, RUE DE L AMIRAL DE CO",0.0,0.0
201300056040,24,7,2013,1,5,75,115,2,2,1,3,QUAI ANDRE CITROEN,0.0,0.0
201300056041,24,7,2013,12,1,75,113,2,1,1,4,"92, RUE JEANNE D ARC",0.0,0.0