Num_Acc,jour,mois,an,hr,condition_eclairage,departement,commune,condition_agglomeration,intersection,condition_atmosphere,type_collision,adresse,lattitude,longitude
201300056042,24,7,2013,18,1,75,114,2,1,1,4,BOULEVARD PERIPHERIQUE,0.0,0.0
201300056043,25,7,2013,18,1,75,116,2,1,1,3,AVENUE DU MAHATMA GANDHI,0.0,0.0
201300056044,30,7,2013,8,1,75,112,2,1,1,6,"124, AVENUE DAUMESNIL",0.0,0.0
201300056045,28,7,2013,20,1,75,110,2,1,1,6,"16, RUE DE LA FIDELITE",0.0,0.0
201300056046,30,7,2013,12,1,75,111,2,2,1,3,"/, BOULEVARD VOLTAIRE",0.0,0.0
201300056047,31,7,2013,19,1,75,105,2,2,1,6,QUAI SAINT BERNARD,0.0,0.0
201300056048,1,8,2013,2,5,75,108,2,2,1,6,RUE PASQUIER,0.0,0.0
201300056049,8,8,2013,8,1,75,113,2,2,1,3,"173, RUE DE TOLBIAC",0.0,0.0
201300056050,10,8,2013,4,5,75,117,2,1,1,6,"84, AVENUE DE CLICHY",0.0,0.0
201300056051,10,8,2013,13,1,75,118,2,5,1,6,RUE DES TROIS FRERES,0.0,0.0
201300056052,10,8,2013,18,1,75,114,2,2,7,3,"79, BOULEVARD BRUNE",0.0,0.0
201300056053,13,8,2013,12,1,75,108,2,7,1,2,ROND POINT CHAMPS ELYSEE,0.0,0.0
201300056054,14,8,2013,18,1,75,118,2,1,1,3,"110, BOULEVARD DE ROCHEC",0.0,0.0
201300056055,14,8,2013,13,1,75,116,2,7,1,6,"59, AVENUE DE VERSAILLES",0.0,0.0
201300056056,14,8,2013,19,1,75,117,2,1,1,6,AVENUE PAUL ADAM,0.0,0.0
201300056057,16,8,2013,13,1,75,101,2,3,1,3,"8, QUAI DE LA MEGISSERIE",0.0,0.0
201300056058,17,8,2013,2,5,75,104,2,1,1,6,QUAI DES CELESTINS,0.0,0.0
201300056059,18,8,2013,6,1,75,110,2,5,1,1,"77, BOULEVARD DE MAGENTA",0.0,0.0
201300056060,18,8,2013,7,1,75,112,2,4,1,3,BOULEVARD PERIPHERIQUE,0.0,0.0
201300056061,19,8,2013,14,1,75,115,2,3,1,6,BOULEVARD DU MONTPARNASS,0.0,0.0
201300056062,19,8,2013,23,5,75,111,2,2,1,3,"74, RUE DU CHEMIN VERT",0.0,0.0
201300056063,22,8,2013,0,5,75,117,2,1,1,2,BOULEVARD PERIPHERIQUE E,0.0,0.0
201300056064,22,8,2013,3,5,75,113,2,7,1,6,PLACE D ITALIE,0.0,0.0
201300056065,22,8,2013,10,1,75,113,2,1,1,6,"41, RUE DE DOMREMY",0.0,0.0
201300056066,23,8,2013,14,1,75,119,2,2,1,6,"131, AVENUE SIMON BOLIVA",0.0,0.0
201300056067,27,8,2013,14,1,75,112,2,1,1,6,AVENUE DU DOCTEUR ARNOLD,0.0,0.0
201300056068,28,8,2013,13,1,75,116,2,1,1,7,BOULEVARD PERIPHERIQUE I,0.0,0.0
201300056069,29,8,2013,1,5,75,101,2,1,1,6,METRO TUILERIES,0.0,0.0
201300056070,29,8,2013,16,1,75,102,2,7,1,2,"0, PLACE DE L OPERA",0.0,0.0
201300056071,29,8,2013,18,1,75,112,2,2,1,2,"0, BOULEVARD DE PICPUS",0.0,0.0
201300056072,30,8,2013,19,2,75,111,2,2,1,3,RUE DURANTI,0.0,0.0
201300056073,1,9,2013,8,2,75,106,2,2,1,6,"79, RUE DES SAINTS PERES",0.0,0.0
201300056074,1,9,2013,14,1,75,101,2,2,1,3,RUE DE RIVOLI,0.0,0.0
201300056075,1,9,2013,16,1,75,103,2,4,1,6,"89, RUE DE TURBIGO",0.0,0.0
201300056076,1,9,2013,20,2,75,113,2,1,1,6,"133, RUE DE LA SANTE",0.0,0.0
201300056077,2,9,2013,22,5,75,116,2,5,1,3,ROUTE DE SURESNES,0.0,0.0
201300056078,3,9,2013,22,5,75,111,2,1,1,6,"02, AVENUE PARMENTIER",0.0,0.0
201300056079,4,9,2013,18,1,75,107,2,2,1,5,"12, AVENUE DE VILLARS",0.0,0.0
201300056080,5,9,2013,8,1,75,114,2,3,1,6,"/, RUE RAYMOND LOSSERAND",0.0,0.0
201300056081,5,9,2013,14,1,75,111,2,2,1,3,BOULEVARD JULES FERRY,0.0,0.0
201300056082,5,9,2013,0,5,75,114,2,4,1,5,BOULEVARD PERIPHERIQUE,0.0,0.0
201300056083,7,9,2013,18,1,75,118,2,1,1,6,"84, BOULEVARD NEY",0.0,0.0
201300056084,8,9,2013,4,5,75,119,2,2,1,5,"/, PLACE AUGUSTE BARON",0.0,0.0
201300056085,8,9,2013,5,5,75,103,2,3,1,3,BOULEVARD DE SEBASTOPOL,0.0,0.0
201300056086,11,9,2013,8,1,75,112,2,2,1,3,"/, BOULEVARD PONIATOWSKI",0.0,0.0
201300056087,13,9,2013,9,1,75,112,2,1,2,2,QUAI DE BERCY,0.0,0.0
201300056088,14,9,2013,8,1,75,120,2,1,2,6,ECHANGEUR BAGNOLET,0.0,0.0
201300056089,14,9,2013,11,1,75,105,2,7,2,3,PLACE PAUL PAINLEVE,0.0,0.0
201300056090,14,9,2013,19,2,75,115,2,4,3,7,"63, BOULEVARD GARIBALDI",0.0,0.0
201300056091,16,9,2013,21,5,75,112,2,1,1,5,"11, AVENUE DU TREMBLAY",0.0,0.0
201300056092,17,9,2013,0,5,75,107,2,2,1,1,QUAI D ORSAY,0.0,0.0
201300056093,18,9,2013,23,5,75,102,2,2,1,6,"36, AVENUE DE L OPERA",0.0,0.0
201300056094,19,9,2013,18,1,75,117,2,2,1,6,"0, BOULEVARD BERTHIER",0.0,0.0
201300056095,20,9,2013,14,1,75,117,2,1,1,6,"7, RUE D HELIOPOLIS",0.0,0.0
201300056096,21,9,2013,16,1,75,114,2,1,1,3,BOULEVARD PERIPHERIQUE I,0.0,0.0
201300056097,22,9,2013,5,5,75,109,2,3,1,6,"75 bis, BOULEVARD DE CLI",0.0,0.0
201300056098,22,9,2013,15,1,75,117,2,1,1,3,AVENUE DE LA PORTE DE SA,0.0,0.0
201300056099,23,9,2013,10,1,75,117,2,7,1,3,"2, PLACE DU MARECHAL JUI",0.0,0.0
201300056100,24,9,2013,18,1,75,116,2,1,1,2,BOULEVARD PERIPHERIQUE I,0.0,0.0
201300056101,26,9,2013,2,5,75,118,2,1,1,6,BOULEVARD PERIPHERIQUE,0.0,0.0
201300056102,26,9,2013,17,1,75,115,2,3,1,2,"208, RUE DE VAUGIRARD",0.0,0.0
201300056103,26,9,2013,19,2,75,109,2,1,1,2,"30, RUE DE MONTHOLON",0.0,0.0
201300056104,27,9,2013,9,1,75,108,2,1,1,2,"11, RUE DES SAUSSAIES",0.0,0.0
201300056105,27,9,2013,13,1,75,117,2,3,1,6,"6, RUE MARIA DERAISMES",0.0,0.0
201300056106,27,9,2013,20,5,75,101,2,2,1,6,"15, RUE DU LOUVRE",0.0,0.0
201300056107,28,9,2013,9,1,75,120,2,2,1,1,BOULEVARD DAVOUT,0.0,0.0
201300056108,28,9,2013,18,2,75,112,2,1,1,2,BOULEVARD DE BERCY,0.0,0.0
201300056109,1,10,2013,2,5,75,120,2,7,1,6,"2, PLACE MARTIN NADAUD",0.0,0.0
201300056110,2,10,2013,9,1,75,103,2,2,1,4,"63, RUE DE TURBIGO",0.0,0.0
201300056111,2,10,2013,10,1,75,108,2,1,1,6,"36, AVENUE MARCEAU",0.0,0.0
201300056112,2,10,2013,20,5,75,101,2,2,1,3,QUAI FRANCOIS MITTERRAND,0.0,0.0
201300056113,3,10,2013,9,1,75,114,2,1,1,3,PORTE DE GENTILLY,0.0,0.0
201300056114,4,10,2013,1,5,75,113,2,1,2,2,BOULEVARD PERIPHERIQUE,0.0,0.0
201300056115,5,10,2013,5,5,75,104,2,1,1,6,VOIE GEORGES POMPIDOU,0.0,0.0
201300056116,7,10,2013,17,1,75,103,2,1,1,6,"04, RUE DE BRAQUE",0.0,0.0
201300056117,9,10,2013,13,1,75,106,2,5,2,6,"30, BOULEVARD SAINT MICH",0.0,0.0
201300056118,9,10,2013,15,1,75,102,2,2,2,6,"2, RUE DE LA PAIX",0.0,0.0
201300056119,9,10,2013,16,1,75,107,2,2,8,3,RUE SAINT DOMINIQUE,0.0,0.0
201300056120,10,10,2013,22,5,75,111,2,1,1,6,"135, AVENUE PARMENTIER",0.0,0.0
201300056121,11,10,2013,4,5,75,107,2,1,1,6,"51, QUAI BRANLY",0.0,0.0
201300056122,11,10,2013,20,3,75,113,2,3,1,3,RUE DE LA POTERNE DES PE,0.0,0.0
201300056123,13,10,2013,11,1,75,108,2,2,1,6,"39, BOULEVARD MALESHERBE",0.0,0.0
201300056124,17,10,2013,10,1,75,117,2,1,1,3,BOULEVARD PERIPHERIQUE E,0.0,0.0
201300056125,17,10,2013,18,1,75,108,2,7,1,5,PLACE DE LA CONCORDE,0.0,0.0
201300056126,18,10,2013,0,5,75,114,2,1,1,2,PORTE D ORLEANS,0.0,0.0
201300056127,18,10,2013,14,1,75,112,2,1,1,7,"104, BOULEVARD PONIATOWS",0.0,0.0
201300056128,18,10,2013,19,5,75,117,2,1,1,2,"131, AVENUE DE SAINT OUE",0.0,0.0
201300056129,19,10,2013,0,5,75,116,2,4,1,6,PORTE DAUPHINE,0.0,0.0
201300056130,19,10,2013,15,1,75,114,2,3,1,6,"26, RUE DE L AMIRAL MOUC",0.0,0.0
201300056131,20,10,2013,10,1,75,108,2,2,2,6,"20, RUE DE PONTHIEU",0.0,0.0
201300056132,21,10,2013,18,1,75,118,2,1,1,6,"40, AVENUE DE SAINT OUEN",0.0,0.0
201300056133,21,10,2013,22,5,75,104,2,2,1,6,RUE DU RENARD,0.0,0.0
201300056134,22,10,2013,20,5,75,102,2,2,1,6,"24, RUE DE TURBIGO",0.0,0.0
201300056135,23,10,2013,9,1,75,106,2,1,1,6,"164, BOULEVARD SAINT GER",0.0,0.0
201300056136,24,10,2013,1,5,75,109,2,7,1,6,"3bis, PLACE DE L OPERA",0.0,0.0
201300056137,24,10,2013,9,1,75,113,2,1,1,6,"97, RUE NATIONALE",0.0,0.0
201300056138,25,10,2013,7,1,75,118,2,1,8,6,BOULEVARD PERIPHERIQUE,0.0,0.0
201300056139,25,10,2013,7,1,75,116,2,1,2,6,ALLEE DE LA REINE MARGUE,0.0,0.0
201300056140,26,10,2013,0,5,75,104,2,1,1,7,"37, BOULEVARD BOURDON",0.0,0.0
201300056141,26,10,2013,18,2,75,118,2,1,2,6,"71, RUE DUHESME",0.0,0.0
201300056142,27,10,2013,0,5,75,116,2,5,1,1,AVENUE MARCEAU,0.0,0.0
201300056143,29,10,2013,20,5,75,117,2,1,1,2,PORTE DE CHAMPERRET,0.0,0.0
201300056144,31,10,2013,22,5,75,117,2,1,1,6,PLACE DE LA PORTE MAILLO,0.0,0.0
201300056145,1,11,2013,4,5,75,102,2,1,1,6,"20, RUE ETIENNE MARCEL",0.0,0.0
201300056146,1,11,2013,6,5,75,115,2,1,2,6,"24, RUE DE L ARRIVEE",0.0,0.0
201300056147,2,11,2013,0,5,75,120,2,2,2,6,"139, RUE D AVRON",0.0,0.0
201300056148,2,11,2013,16,1,75,112,2,3,1,6,"225, AVENUE DAUMESNIL",0.0,0.0
201300056149,3,11,2013,16,1,75,113,2,2,1,3,"113, BOULEVARD MASSENA",0.0,0.0
201300056150,5,11,2013,18,5,75,113,2,1,8,4,BOULEVARD PERIPHERIQUE,0.0,0.0
201300056151,6,11,2013,20,5,75,112,2,2,1,4,ROUTE DE LA PYRAMIDE,0.0,0.0
201300056152,7,11,2013,17,2,75,118,2,1,2,6,"72, BOULEVARD ORNANO",0.0,0.0
201300056153,8,11,2013,14,1,75,114,2,5,8,2,"16, RUE D ALESIA",0.0,0.0
201300056154,8,11,2013,17,1,75,113,2,1,2,2,"99, BOULEVARD DE L HOPIT",0.0,0.0
201300056155,9,11,2013,4,5,75,112,2,1,1,3,"34 (face), QUAI DE LA RA",0.0,0.0
201300056156,12,11,2013,18,5,75,116,2,1,2,3,"87, AVENUE DE LA GRANDE",0.0,0.0
201300056157,12,11,2013,20,5,75,106,2,2,2,6,"72 BIS, RUE BONAPARTE",0.0,0.0
201300056158,13,11,2013,11,1,75,118,2,3,1,2,RUE ORDENER,0.0,0.0
201300056159,16,11,2013,7,1,75,120,2,1,1,6,"31, BOULEVARD DE MENILMO",0.0,0.0
201300056160,17,11,2013,3,5,75,119,2,5,1,2,"107, AVENUE DE FLANDRE",0.0,0.0
201300056161,19,11,2013,11,1,75,117,2,2,1,6,"204, BOULEVARD MALESHERB",0.0,0.0
201300056162,20,11,2013,11,1,75,112,2,4,1,4,AVENUE DE SAINT MAURICE,0.0,0.0
201300056163,21,11,2013,17,2,75,108,2,3,2,6,"228, RUE DU FAUBOURG SAI",0.0,0.0
201300056164,22,11,2013,13,1,75,120,2,2,1,6,"39, RUE HAXO",0.0,0.0
201300056165,22,11,2013,20,5,75,115,2,5,1,6,"85, RUE DE LA CROIX NIVE",0.0,0.0
201300056166,25,11,2013,0,5,75,107,2,2,1,3,"/, PONT DE LA CONCORDE",0.0,0.0
201300056167,25,11,2013,13,1,75,113,2,4,1,3,"31, AVENUE PIERRE DE COU",0.0,0.0
201300056168,25,11,2013,14,1,75,116,2,4,1,2,BOULEVARD PERIPHERIQUE,0.0,0.0
201300056169,27,11,2013,9,1,75,118,2,1,1,2,"7, BOULEVARD BARBES",0.0,0.0
201300056170,27,11,2013,18,5,75,120,2,2,1,2,"34, RUE LEVERT",0.0,0.0
201300056171,28,11,2013,22,5,75,108,2,2,1,3,RUE DE TILSITT,0.0,0.0
201300056172,30,11,2013,16,5,75,114,2,3,1,2,"26, RUE VERCINGETORIX",0.0,0.0
201300056173,4,12,2013,17,5,75,117,2,1,1,3,"46, BOULEVARD BESSIERES",0.0,0.0
201300056174,5,12,2013,3,5,75,109,2,1,1,6,"80, RUE LA FAYETTE",0.0,0.0
201300056175,5,12,2013,23,5,75,112,2,1,2,3,PORTE DOREE,0.0,0.0
201300056176,6,12,2013,8,1,75,117,2,7,1,3,AVENUE DE LA GRANDE ARME,0.0,0.0
201300056177,6,12,2013,21,5,75,107,2,7,1,6,"/, PLACE DE L ECOLE MILI",0.0,0.0
201300056178,7,12,2013,5,5,75,118,2,1,2,6,BOULEVARD PERIPHERIQUE E,0.0,0.0
201300056179,7,12,2013,5,5,75,115,2,1,1,7,"19, RUE ANDRE GIDE",0.0,0.0
201300056180,7,12,2013,6,5,75,114,2,1,1,7,"19/21, AVENUE DE LA PORT",0.0,0.0
201300056181,7,12,2013,12,1,75,112,2,1,1,6,"127, RUE DE REUILLY",0.0,0.0
201300056182,7,12,2013,21,5,75,118,2,5,1,6,RUE LEIBNIZ,0.0,0.0
201300056183,8,12,2013,18,5,75,114,2,1,1,2,BOULEVARD PERIPHERIQUE E,0.0,0.0
201300056184,9,12,2013,16,1,75,115,2,2,1,3,RUE LEONTINE,0.0,0.0
201300056185,9,12,2013,19,5,75,116,2,1,1,3,BOULEVARD PERIPHERIQUE E,0.0,0.0
201300056186,9,12,2013,23,5,75,116,2,1,1,6,"4, AVENUE DE VERSAILLES",0.0,0.0
201300056187,10,12,2013,15,2,75,117,2,2,1,6,"29, RUE JOUFFROY D ABBAN",0.0,0.0
201300056188,10,12,2013,20,5,75,116,2,1,1,6,PORTE DAUPHINE,0.0,0.0
201300056189,11,12,2013,19,5,75,117,2,7,1,3,PLACE DE LA REPUBLIQUE D,0.0,0.0
201300056190,11,12,2013,20,5,75,113,2,2,1,3,"1, QUAI D AUSTERLITZ",0.0,0.0
201300056191,12,12,2013,15,1,75,107,2,1,1,6,"34, BOULEVARD DES INVALI",0.0,0.0
201300056192,14,12,2013,3,5,75,107,2,2,1,6,BOULEVARD DES INVALIDES,0.0,0.0
201300056193,16,12,2013,2,5,75,108,2,1,1,3,AVENUE DE SELVES,0.0,0.0
201300056194,16,12,2013,20,5,75,105,2,2,1,2,"11, BOULEVARD SAINT GERM",0.0,0.0
201300056195,18,12,2013,10,1,75,118,2,2,1,3,BOULEVARD DE LA CHAPELLE,0.0,0.0
201300056196,18,12,2013,18,5,75,114,2,1,1,2,BOULEVARD PERIPHERIQUE E,0.0,0.0
201300056197,19,12,2013,1,5,75,114,2,3,2,6,"29, RUE DE LA TOMBE ISSO",0.0,0.0
201300056198,19,12,2013,21,5,75,110,2,3,1,6,"168, RUE LA FAYETTE",0.0,0.0
201300056199,20,12,2013,19,5,75,104,2,1,1,6,PONT DE SULLY,0.0,0.0
201300056200,21,12,2013,17,5,75,105,2,2,1,6,RUE DAUBENTON,0.0,0.0
201300056201,21,12,2013,16,5,75,120,2,1,1,6,"168, BOULEVARD MORTIER",0.0,0.0
201300056202,23,12,2013,21,5,75,109,2,1,1,6,"21, RUE AUBER",0.0,0.0
201300056203,24,12,2013,15,2,75,118,2,5,1,3,BOULEVARD NEY,0.0,0.0
201300056204,25,12,2013,6,5,75,112,2,1,1,7,RUE DE CHARENTON,0.0,0.0
201300056205,28,12,2013,21,5,75,108,2,1,1,7,PLACE DE LA CONCORDE,0.0,0.0
201300056206,31,12,2013,0,5,75,111,2,2,1,3,RUE DE LA ROQUETTE,0.0,0.0
201300056207,1,1,2013,8,2,75,118,2,1,1,4,PORTE DE CLIGNANCOURT,0.0,0.0
201300056208,2,1,2013,19,1,75,117,2,1,1,2,PORTE DE CLICHY,0.0,0.0
201300056209,3,1,2013,9,1,75,116,2,1,2,7,PORTE MAILLOT,0.0,0.0
201300056210,3,1,2013,16,5,75,113,2,1,1,3,PORTE D ITALIE,0.0,0.0
201300056211,3,1,2013,20,5,75,115,2,1,2,2,PORTE DE LA PLAINE,0.0,0.0
201300056212,4,1,2013,10,1,75,114,2,1,1,2,PORTE DE CHATILLON,0.0,0.0
201300056213,6,1,2013,6,5,75,112,2,1,1,6,PORTE DE SAINT MANDE,0.0,0.0
201300056214,7,1,2013,18,5,75,116,2,1,1,7,PORTE DAUPHINE,0.0,0.0
201300056215,8,1,2013,7,2,75,116,2,1,1,4,PORTE D AUTEUIL,0.0,0.0
201300056216,8,1,2013,16,1,75,120,2,1,1,3,PORTE DE BAGNOLET,0.0,0.0
201300056217,9,1,2013,8,1,75,117,2,1,1,2,PORTE DE CHAMPERRET,0.0,0.0
201300056218,9,1,2013,14,5,75,120,2,1,1,6,PORTE DES LILAS,0.0,0.0
201300056219,9,1,2013,19,5,75,117,2,1,2,3,PORTE DE SAINT OUEN,0.0,0.0
201300056220,9,1,2013,20,5,75,117,2,1,3,4,PORTE DE SAINT OUEN,0.0,0.0
201300056221,10,1,2013,7,5,75,112,2,4,9,3,ECHANGEUR BERCY,0.0,0.0
201300056222,10,1,2013,6,5,75,117,2,1,1,4,PORTE DE CHAMPERRET,0.0,0.0
201300056223,10,1,2013,8,1,75,114,2,1,1,7,PORTE DE CHATILLON,0.0,0.0
201300056224,11,1,2013,10,1,75,113,2,1,1,6,QUAI D IVRY,0.0,0.0
201300056225,11,1,2013,13,1,75,119,2,1,1,2,PORTE DE PANTIN,0.0,0.0
201300056226,14,1,2013,9,1,75,118,2,4,1,2,ECHANGEUR CHAPELLE,0.0,0.0
201300056227,15,1,2013,9,1,75,115,2,1,2,7,QUAI D ISSY LES MOULINEA,0.0,0.0
201300056228,15,1,2013,9,1,75,114,2,1,2,2,PORTE DE VANVES,0.0,0.0
201300056229,16,1,2013,12,1,75,116,2,4,1,7,ECHANGEUR SAINT CLOUD,0.0,0.0
201300056230,16,1,2013,19,5,75,114,2,1,1,4,PORTE DE GENTILLY,0.0,0.0
201300056231,17,1,2013,19,5,75,114,2,1,1,7,PORTE DE CHATILLON,0.0,0.0
201300056232,17,1,2013,18,5,75,117,2,1,1,3,PORTE DE CHAMPERRET,0.0,0.0
201300056233,18,1,2013,2,5,75,112,2,4,1,6,ECHANGEUR BERCY,0.0,0.0
201300056234,18,1,2013,7,2,75,112,2,4,1,3,ECHANGEUR BERCY,0.0,0.0
201300056235,22,1,2013,13,1,75,117,2,1,2,3,PORTE DE CHAMPERRET,0.0,0.0
201300056236,23,1,2013,8,1,75,114,2,1,1,7,PORTE DE CHATILLON,0.0,0.0
201300056237,23,1,2013,20,5,75,118,2,1,1,6,PORTE DE LA CHAPELLE,0.0,0.0
201300056238,24,1,2013,22,5,75,113,2,4,1,6,PORTE DE GENTILLY,0.0,0.0
201300056239,25,1,2013,18,5,75,116,2,1,1,3,ECHANGEUR AUTEUIL,0.0,0.0
201300056240,26,1,2013,17,5,75,116,2,1,1,2,PORTE D AUTEUIL,0.0,0.0
201300056241,27,1,2013,14,1,75,120,2,1,1,6,ECHANGEUR BAGNOLET,0.0,0.0
201300056242,28,1,2013,8,1,75,117,2,1,1,7,PORTE D ASNIERES,0.0,0.0
201300056243,28,1,2013,9,1,75,114,2,1,1,2,PORTE D ORLEANS,0.0,0.0
201300056244,28,1,2013,11,1,75,119,2,1,1,6,PORTE D AUBERVILLIERS,0.0,0.0
201300056245,30,1,2013,11,1,75,120,2,1,1,7,ECHANGEUR BAGNOLET,0.0,0.0
201300056246,30,1,2013,13,1,75,118,2,1,2,2,PORTE D AUBERVILLIERS,0.0,0.0
201300056247,30,1,2013,23,5,75,117,2,1,1,7,PORTE MAILLOT,0.0,0.0
201300056248,31,1,2013,7,1,75,113,2,1,1,2,PORTE D IVRY,0.0,0.0
201300056249,31,1,2013,16,1,75,119,2,1,1,6,PORTE DE LA VILLETTE,0.0,0.0
201300056250,4,2,2013,0,5,75,119,2,1,2,6,PORTE DES LILAS,0.0,0.0
201300056251,4,2,2013,8,1,75,112,2,1,2,7,PORTE DE VINCENNES,0.0,0.0
201300056252,4,2,2013,10,1,75,113,2,1,1,6,PORTE D ITALIE,0.0,0.0
201300056253,4,2,2013,14,1,75,119,2,1,1,7,PORTE DES LILAS,0.0,0.0
201300056254,4,2,2013,18,5,75,117,2,1,1,6,PORTE D ASNIERES,0.0,0.0
201300056255,5,2,2013,10,1,75,117,2,1,1,3,PORTE DE CHAMPERRET,0.0,0.0
201300056256,5,2,2013,10,1,75,119,2,1,1,2,PORTE DES LILAS,0.0,0.0
201300056257,5,2,2013,17,1,75,114,2,4,1,6,PORTE D ORLEANS,0.0,0.0
201300056258,7,2,2013,13,1,75,120,2,4,1,6,PORTE DE BAGNOLET,0.0,0.0
201300056259,8,2,2013,6,5,75,117,2,1,2,2,PORTE DE SAINT OUEN,0.0,0.0
201300056260,8,2,2013,8,1,75,113,2,1,1,2,QUAI D IVRY,0.0,0.0
201300056261,8,2,2013,8,1,75,120,2,1,1,4,PORTE DE BAGNOLET,0.0,0.0
201300056262,8,2,2013,17,1,75,119,2,1,1,3,PORTE DE LA VILLETTE,0.0,0.0
201300056263,9,2,2013,11,1,75,114,2,1,1,4,PORTE DE CHATILLON,0.0,0.0
201300056264,10,2,2013,15,1,75,119,2,1,4,6,ECHANGEUR AUBERVILLIERS,0.0,0.0
201300056265,11,2,2013,15,1,75,117,2,1,1,3,PORTE DE SAINT OUEN,0.0,0.0
201300056266,11,2,2013,22,5,75,116,2,1,1,6,BOULEVARD PERIPHERIQUE I,0.0,0.0
201300056267,12,2,2013,8,1,75,112,2,1,2,2,PORTE DE SAINT MANDE,0.0,0.0
201300056268,12,2,2013,9,1,75,112,2,1,1,2,PORTE DOREE,0.0,0.0
201300056269,14,2,2013,7,1,75,116,2,1,2,2,PORTE D AUTEUIL,0.0,0.0
201300056270,14,2,2013,8,1,75,112,2,1,2,7,PORTE DE VINCENNES,0.0,0.0
201300056271,14,2,2013,18,5,75,113,2,1,1,4,PORTE D ITALIE,0.0,0.0
201300056272,15,2,2013,1,5,75,116,2,1,1,2,BOULEVARD PERIPHERIQUE E,0.0,0.0
201300056273,15,2,2013,18,5,75,115,2,1,1,2,PORTE DE VERSAILLES,0.0,0.0
201300056274,16,2,2013,14,1,75,113,2,1,1,4,QUAI D IVRY,0.0,0.0
201300056275,16,2,2013,20,5,75,115,2,1,1,2,PORTE DE SEVRES,0.0,0.0
201300056276,17,2,2013,1,4,75,119,2,1,1,4,BOULEVARD PERIPHERIQUE I,0.0,0.0
201300056277,20,2,2013,1,5,75,118,2,1,1,6,ECHANGEUR CHAPELLE,0.0,0.0
201300056278,20,2,2013,2,5,75,112,2,1,1,2,ECHANGEUR BERCY,0.0,0.0
201300056279,20,2,2013,9,1,75,114,2,1,1,3,PORTE DE CHATILLON,0.0,0.0
201300056280,20,2,2013,10,1,75,118,2,1,1,2,PORTE DE LA CHAPELLE,0.0,0.0
201300056281,20,2,2013,17,2,75,113,2,1,1,3,PORTE D ITALIE,0.0,0.0
201300056282,21,2,2013,0,5,75,113,2,1,1,6,BOULEVARD PERIPHERIQUE I,0.0,0.0
201300056283,22,2,2013,5,5,75,114,2,4,1,3,PORTE D ORLEANS,0.0,0.0
201300056284,22,2,2013,18,5,75,113,2,1,1,2,PORTE D ITALIE,0.0,0.0
201300056285,23,2,2013,1,5,75,112,2,1,1,6,PORTE DE CHARENTON,0.0,0.0
201300056286,23,2,2013,17,2,75,116,2,1,4,2,PORTE DE SAINT CLOUD,0.0,0.0
201300056287,25,2,2013,7,5,75,118,2,1,4,2,PORTE DE LA CHAPELLE,0.0,0.0
201300056288,26,2,2013,8,1,75,112,2,1,1,4,PORTE DOREE,0.0,0.0
201300056289,26,2,2013,10,1,75,116,2,1,1,3,PORTE D AUTEUIL,0.0,0.0
201300056290,27,2,2013,16,1,75,119,2,1,1,2,ECHANGEUR PANTIN,0.0,0.0
201300056291,28,2,2013,9,1,75,118,2,1,1,4,PORTE DE LA CHAPELLE,0.0,0.0
201300056292,28,2,2013,13,1,75,118,2,1,1,4,PORTE DE CLIGNANCOURT,0.0,0.0
201300056293,28,2,2013,17,5,75,116,2,1,1,4,ECHANGEUR MUETTE,0.0,0.0
201300056294,1,3,2013,21,5,75,120,2,4,1,2,ECHANGEUR VINCENNES,0.0,0.0
201300056295,2,3,2013,20,5,75,113,2,1,1,4,PORTE D IVRY,0.0,0.0
201300056296,3,3,2013,17,1,75,112,2,1,1,4,PORTE DE CHARENTON,0.0,0.0
201300056297,3,3,2013,20,5,75,118,2,1,1,6,PORTE DE LA CHAPELLE,0.0,0.0
201300056298,4,3,2013,9,1,75,115,2,1,1,2,PORTE DE VANVES,0.0,0.0
201300056299,4,3,2013,16,1,75,112,2,1,1,2,PORTE DE CHARENTON,0.0,0.0
201300056300,4,3,2013,20,5,75,118,2,1,1,6,PORTE DE LA CHAPELLE,0.0,0.0
201300056301,5,3,2013,16,1,75,113,2,1,1,2,PORTE D ITALIE,0.0,0.0
201300056302,6,3,2013,9,1,75,113,2,1,1,2,PORTE D ITALIE,0.0,0.0
201300056303,6,3,2013,10,1,75,117,2,1,1,3,ECHANGEUR MAILLOT,0.0,0.0
201300056304,6,3,2013,13,1,75,118,2,1,1,5,PORTE DE CLIGNANCOURT,0.0,0.0
201300056305,8,3,2013,10,1,75,120,2,1,1,7,PORTE DES LILAS,0.0,0.0
201300056306,8,3,2013,17,1,75,120,2,1,2,3,PORTE DES LILAS,0.0,0.0
201300056307,9,3,2013,20,5,75,113,2,1,1,3,PORTE D IVRY,0.0,0.0
201300056308,11,3,2013,16,1,75,114,2,1,2,4,PORTE DE GENTILLY,0.0,0.0
201300056309,11,3,2013,20,5,75,113,2,1,3,2,PORTE D ITALIE,0.0,0.0
201300056310,11,3,2013,22,5,75,119,2,1,4,6,BOULEVARD PERIPHERIQUE E,0.0,0.0
201300056311,14,3,2013,8,1,75,120,2,1,1,7,PORTE DE MONTREUIL,0.0,0.0
201300056312,14,3,2013,17,1,75,112,2,1,1,3,PORTE DOREE,0.0,0.0
201300056313,15,3,2013,0,5,75,120,2,1,1,2,PORTE DES LILAS,0.0,0.0
201300056314,16,3,2013,6,5,75,113,2,1,1,6,QUAI D IVRY,0.0,0.0
201300056315,17,3,2013,2,5,75,118,2,1,1,6,ECHANGEUR CHAPELLE,0.0,0.0
201300056316,18,3,2013,0,5,75,120,2,4,1,4,PORTE DE MONTREUIL,0.0,0.0
201300056317,18,3,2013,8,1,75,117,2,1,1,4,PORTE DE CLICHY,0.0,0.0
201300056318,18,3,2013,9,1,75,119,2,1,1,3,PORTE DE LA VILLETTE,0.0,0.0
201300056319,18,3,2013,21,5,75,119,2,1,2,4,PORTE DE LA VILLETTE,0.0,0.0
201300056320,18,3,2013,23,5,75,113,2,1,1,2,BOULEVARD PERIPHERIQUE E,0.0,0.0