Num_Acc,jour,mois,an,hr,condition_eclairage,departement,commune,condition_agglomeration,intersection,condition_atmosphere,type_collision,adresse,lattitude,longitude
201300056321,20,3,2013,9,1,75,116,2,1,1,3,PORT DE PASSY,0.0,0.0
201300056322,21,3,2013,8,1,75,112,2,4,1,3,ECHANGEUR BERCY,0.0,0.0
201300056323,21,3,2013,9,1,75,118,2,1,1,7,PORTE DE SAINT OUEN,0.0,0.0
201300056324,21,3,2013,8,1,75,116,2,1,1,2,ECHANGEUR MUETTE,0.0,0.0
201300056325,21,3,2013,17,1,75,117,2,1,1,3,ECHANGEUR TERNES,0.0,0.0
201300056326,23,3,2013,12,1,75,120,2,1,1,3,PORTE DE VINCENNES,0.0,0.0
201300056327,23,3,2013,18,2,75,117,2,1,1,6,PORTE MAILLOT,0.0,0.0
201300056328,23,3,2013,20,5,75,114,2,1,2,3,PORTE DE CHATILLON,0.0,0.0
201300056329,25,3,2013,8,1,75,117,2,1,1,6,ECHANGEUR MAILLOT,0.0,0.0
201300056330,25,3,2013,9,1,75,118,2,1,1,2,PORTE DE CLIGNANCOURT,0.0,0.0
201300056331,25,3,2013,20,5,75,115,2,1,1,2,PORTE DE SEVRES,0.0,0.0
201300056332,26,3,2013,11,1,75,113,2,4,1,3,PORTE D ITALIE,0.0,0.0
201300056333,28,3,2013,8,1,75,118,2,1,1,4,PORTE D AUBERVILLIERS,0.0,0.0
201300056334,30,3,2013,11,1,75,113,2,1,1,4,PORTE D ITALIE,0.0,0.0
201300056335,1,4,2013,1,5,75,112,2,1,1,3,BOULEVARD PERIPHERIQUE I,0.0,0.0
201300056336,2,4,2013,7,1,75,116,2,1,1,6,ECHANGEUR MUETTE,0.0,0.0
201300056337,2,4,2013,10,1,75,117,2,1,1,3,PORTE D ASNIERES,0.0,0.0
201300056338,2,4,2013,16,1,75,116,2,1,1,4,PORT DE PASSY,0.0,0.0
201300056339,3,4,2013,12,1,75,113,2,1,1,4,PORTE DE GENTILLY,0.0,0.0
201300056340,3,4,2013,15,1,75,116,2,1,1,4,ECHANGEUR SAINT CLOUD,0.0,0.0
201300056341,4,4,2013,15,1,75,117,2,1,1,3,PORTE DE CLICHY,0.0,0.0
201300056342,4,4,2013,18,1,75,119,2,1,2,3,PORTE D AUBERVILLIERS,0.0,0.0
201300056343,5,4,2013,19,1,75,119,2,1,1,3,PORTE DE PANTIN,0.0,0.0
201300056344,5,4,2013,21,5,75,120,2,1,1,2,PORTE DE MONTREUIL,0.0,0.0
201300056345,6,4,2013,16,1,75,116,2,1,1,4,PORTE DE SAINT CLOUD,0.0,0.0
201300056346,6,4,2013,18,2,75,112,2,1,1,4,ECHANGEUR BERCY,0.0,0.0
201300056347,7,4,2013,7,1,75,120,2,1,1,6,PORTE DE VINCENNES,0.0,0.0
201300056348,7,4,2013,17,1,75,114,2,1,1,4,PORTE D ORLEANS,0.0,0.0
201300056349,9,4,2013,8,1,75,112,2,1,3,4,PORTE DE CHARENTON,0.0,0.0
201300056350,9,4,2013,11,1,75,120,2,1,1,2,PORTE DE BAGNOLET,0.0,0.0
201300056351,9,4,2013,20,5,75,113,2,1,1,2,PORTE D IVRY,0.0,0.0
201300056352,10,4,2013,9,1,75,119,2,1,1,3,PORTE DE PANTIN,0.0,0.0
201300056353,10,4,2013,16,1,75,116,2,1,1,3,ECHANGEUR MUETTE,0.0,0.0
201300056354,11,4,2013,10,1,75,114,2,1,1,3,PORTE DE GENTILLY,0.0,0.0
201300056355,11,4,2013,18,1,75,116,2,1,1,4,PORTE DAUPHINE,0.0,0.0
201300056356,12,4,2013,9,1,75,117,2,1,2,4,PORTE MAILLOT,0.0,0.0
201300056357,12,4,2013,14,1,75,112,2,1,1,3,PORTE DE CHARENTON,0.0,0.0
201300056358,12,4,2013,16,1,75,116,2,1,1,4,PORTE D AUTEUIL,0.0,0.0
201300056359,12,4,2013,17,1,75,113,2,1,1,4,PORTE D IVRY,0.0,0.0
201300056360,12,4,2013,16,1,75,113,2,1,2,3,QUAI D IVRY,0.0,0.0
201300056361,13,4,2013,15,1,75,113,2,1,1,2,QUAI D IVRY,0.0,0.0
201300056362,14,4,2013,11,1,75,118,2,1,1,2,PORTE DE CLIGNANCOURT,0.0,0.0
201300056363,14,4,2013,12,1,75,118,2,1,1,2,PORTE DE CLIGNANCOURT,0.0,0.0
201300056364,14,4,2013,22,5,75,120,2,1,1,2,PORTE DE BAGNOLET,0.0,0.0
201300056365,15,4,2013,9,1,75,120,2,1,2,2,PORTE DE BAGNOLET,0.0,0.0
201300056366,17,4,2013,15,1,75,116,2,1,1,4,PORTE DE SAINT CLOUD,0.0,0.0
201300056367,17,4,2013,16,1,75,115,2,1,1,6,PORTE D ISSY,0.0,0.0
201300056368,18,4,2013,4,5,75,120,2,1,1,6,BOULEVARD PERIPHERIQUE I,0.0,0.0
201300056369,18,4,2013,16,1,75,118,2,4,1,4,ECHANGEUR CHAPELLE,0.0,0.0
201300056370,18,4,2013,19,1,75,117,2,1,1,4,PORTE DE CHAMPERRET,0.0,0.0
201300056371,18,4,2013,23,5,75,112,2,1,1,7,BOULEVARD PERIPHERIQUE I,0.0,0.0
201300056372,18,4,2013,23,5,75,115,2,1,1,2,BOULEVARD PERIPHERIQUE E,0.0,0.0
201300056373,19,4,2013,10,1,75,118,2,1,1,6,PORTE DE LA CHAPELLE,0.0,0.0
201300056374,19,4,2013,12,1,75,116,2,1,1,2,PORTE DE PASSY,0.0,0.0
201300056375,20,4,2013,22,5,75,119,2,1,1,6,PORTE DE LA VILLETTE,0.0,0.0
201300056376,20,4,2013,22,5,75,114,2,4,1,7,BOULEVARD PERIPHERIQUE E,0.0,0.0
201300056377,22,4,2013,19,1,75,119,2,1,1,6,PORTE D AUBERVILLIERS,0.0,0.0
201300056378,23,4,2013,9,1,75,117,2,1,1,3,PORTE DE CHAMPERRET,0.0,0.0
201300056379,23,4,2013,12,1,75,112,2,4,1,2,ECHANGEUR BERCY,0.0,0.0
201300056380,24,4,2013,10,1,75,116,2,1,1,2,PORTE D AUTEUIL,0.0,0.0
201300056381,25,4,2013,19,1,75,118,2,1,1,3,PORTE DE CLIGNANCOURT,0.0,0.0
201300056382,25,4,2013,19,1,75,112,2,1,1,2,ECHANGEUR BERCY,0.0,0.0
201300056383,26,4,2013,8,1,75,115,2,1,1,2,PORTE DE SEVRES,0.0,0.0
201300056384,27,4,2013,5,5,75,112,2,1,1,3,ECHANGEUR PORTE DOREE,0.0,0.0
201300056385,27,4,2013,16,1,75,113,2,1,1,6,PORTE D ITALIE,0.0,0.0
201300056386,30,4,2013,12,1,75,118,2,1,1,6,PORTE DE LA CHAPELLE,0.0,0.0
201300056387,30,4,2013,13,1,75,120,2,4,1,4,ECHANGEUR LILAS,0.0,0.0
201300056388,2,5,2013,9,1,75,117,2,1,1,6,PORTE DE CLICHY,0.0,0.0
201300056389,2,5,2013,19,1,75,114,2,1,1,4,PORTE D ORLEANS,0.0,0.0
201300056390,2,5,2013,19,5,75,116,2,1,1,4,PORT D AUTEUIL,0.0,0.0
201300056391,4,5,2013,17,1,75,112,2,4,1,5,ECHANGEUR BERCY,0.0,0.0
201300056392,5,5,2013,10,1,75,114,2,1,1,4,PORTE DE CHATILLON,0.0,0.0
201300056393,5,5,2013,16,1,75,113,2,1,1,4,PORTE DE GENTILLY,0.0,0.0
201300056394,6,5,2013,11,1,75,116,2,1,2,6,ECHANGEUR MUETTE,0.0,0.0
201300056395,6,5,2013,16,1,75,112,2,1,1,2,PORTE DE CHARENTON,0.0,0.0
201300056396,7,5,2013,13,1,75,120,2,1,1,4,PORTE DE VINCENNES,0.0,0.0
201300056397,7,5,2013,16,1,75,120,2,1,1,3,PORTE DE BAGNOLET,0.0,0.0
201300056398,8,5,2013,9,1,75,118,2,1,2,6,ECHANGEUR CHAPELLE,0.0,0.0
201300056399,8,5,2013,11,1,75,117,2,1,3,6,ECHANGEUR MAILLOT,0.0,0.0
201300056400,9,5,2013,6,1,75,113,2,1,1,4,QUAI D IVRY,0.0,0.0
201300056401,10,5,2013,14,1,75,120,2,1,1,3,PORTE DE MONTREUIL,0.0,0.0
201300056402,12,5,2013,1,5,75,112,2,4,1,4,ECHANGEUR BERCY,0.0,0.0
201300056403,12,5,2013,16,1,75,112,2,1,1,2,PORTE DE CHARENTON,0.0,0.0
201300056404,13,5,2013,11,1,75,112,2,1,1,4,PORTE DE CHARENTON,0.0,0.0
201300056405,13,5,2013,15,1,75,117,2,1,1,2,PORTE D ASNIERES,0.0,0.0
201300056406,14,5,2013,20,1,75,112,2,1,1,3,PORTE DE VINCENNES,0.0,0.0
201300056407,15,5,2013,9,1,75,117,2,1,1,2,PORTE DE CHAMPERRET,0.0,0.0
201300056408,16,5,2013,18,1,75,119,2,1,1,4,PORTE DU PRE SAINT GERVA,0.0,0.0
201300056409,17,5,2013,9,1,75,116,2,1,1,2,PORTE DAUPHINE,0.0,0.0
201300056410,17,5,2013,12,1,75,116,2,1,1,2,ECHANGEUR MAILLOT,0.0,0.0
201300056411,17,5,2013,17,1,75,114,2,4,1,3,PORTE D ORLEANS,0.0,0.0
201300056412,18,5,2013,7,1,75,118,2,4,1,2,PORTE DE CLIGNANCOURT,0.0,0.0
201300056413,19,5,2013,6,1,75,112,2,1,1,6,PORTE DOREE,0.0,0.0
201300056414,19,5,2013,18,1,75,113,2,1,3,2,PORTE D ITALIE,0.0,0.0
201300056415,20,5,2013,7,1,75,120,2,1,1,6,ECHANGEUR BAGNOLET,0.0,0.0
201300056416,20,5,2013,17,1,75,118,2,1,2,6,ECHANGEUR CHAPELLE,0.0,0.0
201300056417,21,5,2013,17,1,75,115,2,1,1,3,PORTE DE SEVRES,0.0,0.0
201300056418,21,5,2013,18,1,75,116,2,1,1,3,ECHANGEUR MAILLOT,0.0,0.0
201300056419,23,5,2013,13,1,75,116,2,1,1,4,ECHANGEUR MUETTE,0.0,0.0
201300056420,23,5,2013,13,1,75,118,2,1,1,4,PORTE DE LA CHAPELLE,0.0,0.0
201300056421,24,5,2013,9,1,75,116,2,1,1,6,PORTE DAUPHINE,0.0,0.0
201300056422,25,5,2013,21,1,75,118,2,1,1,5,PORTE DE LA CHAPELLE,0.0,0.0
201300056423,27,5,2013,6,2,75,118,2,1,1,7,PORTE DE LA CHAPELLE,0.0,0.0
201300056424,27,5,2013,9,1,75,112,2,1,1,4,PORTE DE CHARENTON,0.0,0.0
201300056425,27,5,2013,18,1,75,120,2,1,1,2,PORTE DE BAGNOLET,0.0,0.0
201300056426,28,5,2013,9,1,75,120,2,1,1,4,PORTE DES LILAS,0.0,0.0
201300056427,28,5,2013,13,1,75,120,2,1,2,7,PORTE DE VINCENNES,0.0,0.0
201300056428,28,5,2013,16,1,75,119,2,1,1,2,PORTE DE LA VILLETTE,0.0,0.0
201300056429,29,5,2013,13,1,75,120,2,1,1,3,PORTE DE MONTREUIL,0.0,0.0
201300056430,29,5,2013,17,1,75,116,2,1,1,2,PORTE DAUPHINE,0.0,0.0
201300056431,29,5,2013,14,1,75,116,2,1,1,2,ECHANGEUR MUETTE,0.0,0.0
201300056432,30,5,2013,8,1,75,113,2,1,2,2,PORTE D ITALIE,0.0,0.0
201300056433,30,5,2013,8,1,75,114,2,1,2,4,PORTE DE CHATILLON,0.0,0.0
201300056434,30,5,2013,10,1,75,119,2,1,2,2,PORTE DES LILAS,0.0,0.0
201300056435,30,5,2013,15,1,75,117,2,1,2,2,PORTE D ASNIERES,0.0,0.0
201300056436,31,5,2013,15,1,75,114,2,1,1,3,PORTE DE MONTROUGE,0.0,0.0
201300056437,31,5,2013,19,1,75,117,1,1,1,6,PORTE D ASNIERES,0.0,0.0
201300056438,2,6,2013,0,5,75,119,2,1,1,6,BOULEVARD PERIPHERIQUE I,0.0,0.0
201300056439,2,6,2013,13,1,75,113,2,1,1,2,QUAI D IVRY,0.0,0.0
201300056440,4,6,2013,15,1,75,116,2,1,1,2,PORTE DAUPHINE,0.0,0.0
201300056441,4,6,2013,18,1,75,113,2,1,1,3,QUAI D IVRY,0.0,0.0
201300056442,5,6,2013,12,1,75,119,2,1,1,6,PORTE DES LILAS,0.0,0.0
201300056443,5,6,2013,13,1,75,116,2,1,1,2,PORTE DE PASSY,0.0,0.0
201300056444,5,6,2013,12,1,75,116,2,1,1,3,PORTE MAILLOT,0.0,0.0
201300056445,5,6,2013,22,5,75,117,2,4,1,3,BOULEVARD PERIPHERIQUE I,0.0,0.0
201300056446,6,6,2013,12,1,75,118,2,1,1,4,PORTE DE CLIGNANCOURT,0.0,0.0
201300056447,6,6,2013,20,1,75,116,2,1,1,6,PORTE DE SAINT CLOUD,0.0,0.0
201300056448,7,6,2013,19,1,75,115,2,1,1,6,PORTE DE SEVRES,0.0,0.0
201300056449,8,6,2013,9,1,75,118,2,4,1,2,ECHANGEUR AUBERVILLIERS,0.0,0.0
201300056450,8,6,2013,15,1,75,116,2,1,1,4,ECHANGEUR MUETTE,0.0,0.0
201300056451,10,6,2013,8,1,75,119,2,1,1,3,PORTE DE PANTIN,0.0,0.0
201300056452,10,6,2013,17,1,75,112,2,1,1,2,PORTE DE CHARENTON,0.0,0.0
201300056453,11,6,2013,17,1,75,117,2,1,1,4,PORTE DE CHAMPERRET,0.0,0.0
201300056454,12,6,2013,15,1,75,119,2,1,1,6,PORTE DE PANTIN,0.0,0.0
201300056455,12,6,2013,17,1,75,116,2,1,1,3,ECHANGEUR MUETTE,0.0,0.0
201300056456,13,6,2013,10,1,75,119,2,1,1,3,PORTE DE PANTIN,0.0,0.0
201300056457,13,6,2013,14,1,75,120,2,1,2,6,PORTE DE VINCENNES,0.0,0.0
201300056458,13,6,2013,15,1,75,114,2,1,2,4,PORTE DE CHATILLON,0.0,0.0
201300056459,13,6,2013,18,1,75,116,2,1,1,4,ECHANGEUR MUETTE,0.0,0.0
201300056460,14,6,2013,11,1,75,120,2,1,1,2,PORTE DE BAGNOLET,0.0,0.0
201300056461,14,6,2013,15,1,75,115,2,1,1,6,PORTE DE SEVRES,0.0,0.0
201300056462,14,6,2013,20,2,75,112,2,1,1,3,PORTE DOREE,0.0,0.0
201300056463,15,6,2013,5,2,75,120,2,1,1,2,PORTE DES LILAS,0.0,0.0
201300056464,15,6,2013,17,1,75,112,2,1,1,4,PORTE DE CHARENTON,0.0,0.0
201300056465,17,6,2013,8,1,75,113,2,1,2,4,PORTE DE GENTILLY,0.0,0.0
201300056466,18,6,2013,8,1,75,115,2,1,1,4,PORTE D ISSY,0.0,0.0
201300056467,18,6,2013,10,1,75,119,2,1,1,2,PORTE D AUBERVILLIERS,0.0,0.0
201300056468,19,6,2013,7,1,75,116,2,1,3,3,PORTE DE PASSY,0.0,0.0
201300056469,19,6,2013,15,1,75,115,2,1,8,2,PORTE D ISSY,0.0,0.0
201300056470,21,6,2013,9,1,75,118,2,1,1,2,PORTE DE LA CHAPELLE,0.0,0.0
201300056471,22,6,2013,14,1,75,120,2,1,1,3,PORTE DE MONTREUIL,0.0,0.0
201300056472,22,6,2013,17,1,75,119,2,1,1,2,PORTE DE LA VILLETTE,0.0,0.0
201300056473,22,6,2013,16,1,75,118,2,1,1,4,PORTE DE LA CHAPELLE,0.0,0.0
201300056474,24,6,2013,9,1,75,114,2,1,1,2,PORTE DE VANVES,0.0,0.0
201300056475,25,6,2013,10,1,75,114,2,1,1,2,PORTE D ORLEANS,0.0,0.0
201300056476,25,6,2013,18,1,75,119,2,1,1,2,PORTE D AUBERVILLIERS,0.0,0.0
201300056477,26,6,2013,8,1,75,119,2,1,1,2,PORTE D AUBERVILLIERS,0.0,0.0
201300056478,26,6,2013,12,1,75,118,2,1,1,2,PORTE DE LA CHAPELLE,0.0,0.0
201300056479,26,6,2013,10,1,75,113,2,1,1,2,PORTE D ITALIE,0.0,0.0
201300056480,27,6,2013,18,1,75,118,2,1,1,4,PORTE D AUBERVILLIERS,0.0,0.0
201300056481,28,6,2013,0,5,75,120,2,1,1,4,BOULEVARD PERIPHERIQUE I,0.0,0.0
201300056482,28,6,2013,7,1,75,113,2,1,2,4,QUAI D IVRY,0.0,0.0
201300056483,28,6,2013,17,1,75,116,2,1,1,2,PORTE DAUPHINE,0.0,0.0
201300056484,28,6,2013,18,1,75,117,2,1,1,4,PORTE D ASNIERES,0.0,0.0
201300056485,29,6,2013,12,1,75,117,2,4,1,5,PORTE MAILLOT,0.0,0.0
201300056486,29,6,2013,14,1,75,114,2,1,1,6,PORTE DE VANVES,0.0,0.0
201300056487,29,6,2013,19,1,75,114,2,1,1,2,ECHANGEUR BRANCION,0.0,0.0
201300056488,29,6,2013,20,2,75,114,2,1,1,7,ECHANGEUR GENTILLY,0.0,0.0
201300056489,29,6,2013,23,5,75,118,2,1,1,7,BOULEVARD PERIPHERIQUE E,0.0,0.0
201300056490,30,6,2013,14,1,75,114,2,1,1,7,PORTE DE GENTILLY,0.0,0.0
201300056491,1,7,2013,8,1,75,115,2,1,1,2,PORTE BRANCION,0.0,0.0
201300056492,1,7,2013,7,1,75,117,2,1,1,2,ECHANGEUR CHAMPERRET,0.0,0.0
201300056493,1,7,2013,18,1,75,115,2,1,1,4,ECHANGEUR SEVRES,0.0,0.0
201300056494,1,7,2013,18,1,75,119,2,1,1,4,PORTE DE PANTIN,0.0,0.0
201300056495,3,7,2013,8,1,75,115,2,1,1,6,PORTE DE VERSAILLES,0.0,0.0
201300056496,4,7,2013,1,5,75,112,2,4,1,2,PORTE DE VINCENNES,0.0,0.0
201300056497,4,7,2013,6,1,75,117,2,1,1,6,PORTE MAILLOT,0.0,0.0
201300056498,4,7,2013,9,1,75,113,2,1,1,3,PORTE DE GENTILLY,0.0,0.0
201300056499,4,7,2013,17,1,75,116,2,1,1,3,PORTE D AUTEUIL,0.0,0.0
201300056500,4,7,2013,23,3,75,119,2,4,1,6,BOULEVARD PERIPHERIQUE I,0.0,0.0
201300056501,5,7,2013,8,1,75,117,2,1,1,3,PORTE DE CLICHY,0.0,0.0
201300056502,7,7,2013,20,1,75,112,2,1,1,3,ECHANGEUR BERCY,0.0,0.0
201300056503,8,7,2013,8,1,75,114,2,1,1,6,PORTE D ORLEANS,0.0,0.0
201300056504,8,7,2013,19,1,75,117,2,1,1,6,PORTE DE CHAMPERRET,0.0,0.0
201300056505,9,7,2013,7,1,75,119,2,1,1,4,PORTE DE LA VILLETTE,0.0,0.0
201300056506,9,7,2013,12,1,75,113,2,1,1,4,PORTE D IVRY,0.0,0.0
201300056507,9,7,2013,17,1,75,118,2,1,1,3,PORTE DE CLIGNANCOURT,0.0,0.0
201300056508,9,7,2013,19,1,75,120,2,1,1,3,PORTE DES LILAS,0.0,0.0
201300056509,10,7,2013,18,1,75,112,2,1,1,2,ECHANGEUR BERCY,0.0,0.0
201300056510,11,7,2013,8,1,75,116,2,1,1,2,PORTE DAUPHINE,0.0,0.0
201300056511,11,7,2013,17,1,75,114,2,1,1,3,PORTE DE GENTILLY,0.0,0.0
201300056512,11,7,2013,17,1,75,116,2,1,1,2,PORTE DE PASSY,0.0,0.0
201300056513,12,7,2013,8,1,75,116,2,1,1,3,PORTE DE SAINT CLOUD,0.0,0.0
201300056514,12,7,2013,17,1,75,113,2,1,1,4,PORTE D ITALIE,0.0,0.0
201300056515,12,7,2013,23,5,75,113,2,1,1,6,BOULEVARD PERIPHERIQUE E,0.0,0.0
201300056516,13,7,2013,8,1,75,116,2,1,1,6,ECHANGEUR MAILLOT,0.0,0.0
201300056517,14,7,2013,2,4,75,120,2,1,1,6,ECHANGEUR BAGNOLET,0.0,0.0
201300056518,14,7,2013,18,1,75,116,2,4,1,4,PORTE D AUTEUIL,0.0,0.0
201300056519,14,7,2013,22,5,75,116,2,1,1,3,PORTE D AUTEUIL,0.0,0.0
201300056520,15,7,2013,8,1,75,114,2,1,1,3,PORTE D ORLEANS,0.0,0.0
201300056521,15,7,2013,10,1,75,119,2,1,1,3,PORTE DE LA VILLETTE,0.0,0.0
201300056522,15,7,2013,10,1,75,113,2,1,1,6,QUAI D IVRY,0.0,0.0
201300056523,15,7,2013,18,1,75,112,2,1,1,7,ECHANGEUR BERCY,0.0,0.0
201300056524,15,7,2013,19,1,75,116,2,1,1,2,PORTE DAUPHINE,0.0,0.0
201300056525,16,7,2013,8,1,75,112,2,1,1,4,ECHANGEUR BERCY,0.0,0.0
201300056526,16,7,2013,16,1,75,120,2,1,1,2,PORTE DE BAGNOLET,0.0,0.0
201300056527,16,7,2013,19,1,75,117,2,1,1,4,PORTE DE CLICHY,0.0,0.0
201300056528,17,7,2013,15,1,75,112,2,1,1,3,PORTE DOREE,0.0,0.0
201300056529,18,7,2013,14,1,75,118,2,1,1,2,PORTE DE CLIGNANCOURT,0.0,0.0
201300056530,18,7,2013,19,1,75,113,2,1,1,2,PONT DE BERCY,0.0,0.0
201300056531,19,7,2013,1,5,75,120,2,1,1,2,PORTE DE BAGNOLET,0.0,0.0
201300056532,19,7,2013,8,1,75,117,2,1,2,6,ECHANGEUR SAINT OUEN,0.0,0.0
201300056533,20,7,2013,19,1,75,116,2,1,1,4,PORTE DAUPHINE,0.0,0.0
201300056534,22,7,2013,9,1,75,118,2,1,1,2,PORTE DE SAINT OUEN,0.0,0.0
201300056535,22,7,2013,17,1,75,116,2,1,1,3,PORTE DE PASSY,0.0,0.0
201300056536,22,7,2013,18,1,75,119,2,1,1,2,PORTE DE LA VILLETTE,0.0,0.0
201300056537,24,7,2013,7,1,75,116,2,1,1,4,PORT D AUTEUIL,0.0,0.0
201300056538,24,7,2013,12,1,75,118,2,1,1,2,PORTE DE LA CHAPELLE,0.0,0.0
201300056539,25,7,2013,8,1,75,112,2,1,1,4,ECHANGEUR BERCY,0.0,0.0
201300056540,26,7,2013,8,1,75,120,2,1,2,2,ECHANGEUR BAGNOLET,0.0,0.0
201300056541,28,7,2013,18,1,75,119,2,1,1,2,PORTE D AUBERVILLIERS,0.0,0.0
201300056542,29,7,2013,11,1,75,116,2,1,1,7,ECHANGEUR DAUPHINE,0.0,0.0
201300056543,30,7,2013,13,1,75,116,2,1,1,7,PORTE DE PASSY,0.0,0.0
201300056544,31,7,2013,9,1,75,118,2,1,1,2,ECHANGEUR CHAPELLE,0.0,0.0
201300056545,31,7,2013,10,1,75,113,2,1,1,2,QUAI D IVRY,0.0,0.0
201300056546,1,8,2013,8,1,75,116,2,1,1,3,PORTE D AUTEUIL,0.0,0.0
201300056547,1,8,2013,15,1,75,118,2,1,1,4,PORTE DE LA CHAPELLE,0.0,0.0
201300056548,1,8,2013,18,1,75,120,2,1,1,6,PORTE DE BAGNOLET,0.0,0.0
201300056549,1,8,2013,18,1,75,116,2,1,1,4,ECHANGEUR MAILLOT,0.0,0.0
201300056550,2,8,2013,8,1,75,119,2,1,1,4,PORTE D AUBERVILLIERS,0.0,0.0
201300056551,3,8,2013,20,1,75,118,2,4,1,7,PORTE DE LA CHAPELLE,0.0,0.0
201300056552,4,8,2013,12,1,75,119,2,4,1,2,PORTE DE PANTIN,0.0,0.0
201300056553,5,8,2013,13,1,75,119,2,1,1,4,PORTE D AUBERVILLIERS,0.0,0.0
201300056554,6,8,2013,17,1,75,115,2,1,1,3,PORTE DE SEVRES,0.0,0.0
201300056555,6,8,2013,16,1,75,118,2,1,1,4,PORTE DE CLIGNANCOURT,0.0,0.0
201300056556,7,8,2013,15,1,75,120,2,4,1,3,PORTE DE MONTREUIL,0.0,0.0
201300056557,8,8,2013,6,2,75,116,2,1,1,3,ECHANGEUR MUETTE,0.0,0.0
201300056558,8,8,2013,13,1,75,118,2,1,1,7,PORTE DE LA CHAPELLE,0.0,0.0
201300056559,8,8,2013,18,1,75,117,2,1,1,3,PORTE DE SAINT OUEN,0.0,0.0
201300056560,8,8,2013,16,1,75,116,2,1,1,6,ECHANGEUR MUETTE,0.0,0.0
201300056561,9,8,2013,18,1,75,115,2,1,1,2,PORTE DE SEVRES,0.0,0.0
201300056562,12,8,2013,18,1,75,117,2,1,1,4,PORTE DE SAINT OUEN,0.0,0.0
201300056563,13,8,2013,15,1,75,120,2,1,1,4,PORTE DE MONTREUIL,0.0,0.0
201300056564,15,8,2013,13,1,75,118,2,1,1,6,PORTE DE LA CHAPELLE,0.0,0.0
201300056565,15,8,2013,21,2,75,120,2,1,1,4,PORTE DE BAGNOLET,0.0,0.0
201300056566,16,8,2013,21,5,75,114,1,4,1,6,PORTE DE CHATILLON,0.0,0.0
201300056567,16,8,2013,21,5,75,119,2,1,1,7,PORTE DE PANTIN,0.0,0.0
201300056568,17,8,2013,10,1,75,118,2,4,1,6,PORTE D AUBERVILLIERS,0.0,0.0
201300056569,20,8,2013,11,1,75,119,2,1,1,3,PORTE DE LA VILLETTE,0.0,0.0
201300056570,20,8,2013,18,2,75,118,2,1,1,2,PORTE DE LA CHAPELLE,0.0,0.0
201300056571,21,8,2013,18,1,75,117,2,1,1,2,PORTE DE CHAMPERRET,0.0,0.0
201300056572,22,8,2013,6,1,75,118,2,1,1,4,PORTE DE SAINT OUEN,0.0,0.0
201300056573,23,8,2013,9,1,75,117,2,1,1,4,ECHANGEUR MAILLOT,0.0,0.0
201300056574,23,8,2013,16,1,75,112,2,1,1,4,PORTE DE SAINT MANDE,0.0,0.0
201300056575,23,8,2013,22,5,75,114,2,4,1,4,PORTE D ORLEANS,0.0,0.0
201300056576,26,8,2013,6,5,75,119,2,1,1,7,PORTE DE LA VILLETTE,0.0,0.0
201300056577,26,8,2013,9,1,75,119,2,1,1,7,PORTE DE PANTIN,0.0,0.0
201300056578,26,8,2013,10,1,75,120,2,1,1,5,PORTE DE MONTREUIL,0.0,0.0
201300056579,28,8,2013,17,1,75,114,2,1,1,3,PORTE DE GENTILLY,0.0,0.0
201300056580,29,8,2013,9,1,75,116,2,1,1,4,PORTE DAUPHINE,0.0,0.0
201300056581,30,8,2013,19,1,75,113,2,1,1,4,QUAI D IVRY,0.0,0.0
201300056582,31,8,2013,11,1,75,114,2,1,1,3,PORTE DE CHATILLON,0.0,0.0
201300056583,31,8,2013,11,1,75,115,2,1,1,4,PORTE DE LA PLAINE,0.0,0.0
201300056584,31,8,2013,12,1,75,117,2,1,1,2,PORTE DE SAINT OUEN,0.0,0.0
201300056585,31,8,2013,17,1,75,120,2,1,1,2,PORTE DES LILAS,0.0,0.0
201300056586,1,9,2013,1,5,75,117,2,1,1,6,PORTE MAILLOT,0.0,0.0
201300056587,1,9,2013,6,5,75,114,2,1,1,7,PORTE D ORLEANS,0.0,0.0
201300056588,1,9,2013,16,1,75,116,2,1,1,4,PORTE DE PASSY,0.0,0.0
201300056589,1,9,2013,19,1,75,118,2,1,1,2,PORTE DE CLIGNANCOURT,0.0,0.0
201300056590,2,9,2013,8,1,75,116,2,1,1,7,PORTE DE SAINT CLOUD,0.0,0.0
201300056591,2,9,2013,9,1,75,119,2,1,1,6,PORTE DE PANTIN,0.0,0.0
201300056592,2,9,2013,14,1,75,113,2,1,1,3,PORTE D ITALIE,0.0,0.0
201300056593,2,9,2013,14,1,75,116,2,4,1,2,PORTE D AUTEUIL,0.0,0.0
201300056594,3,9,2013,12,1,75,117,2,1,1,3,PORTE DE CLICHY,0.0,0.0
201300056595,4,9,2013,8,1,75,119,2,1,1,4,PORTE D AUBERVILLIERS,0.0,0.0
201300056596,4,9,2013,8,1,75,114,2,1,1,2,PORTE D ORLEANS,0.0,0.0
201300056597,4,9,2013,14,1,75,119,2,1,1,6,PORTE DU PRE SAINT GERVA,0.0,0.0
201300056598,4,9,2013,14,1,75,113,2,1,1,3,PORTE D ITALIE,0.0,0.0
201300056599,4,9,2013,20,1,75,113,2,1,1,2,PORTE D ITALIE,0.0,0.0
201300056600,4,9,2013,21,4,75,114,2,1,1,4,ECHANGEUR CHATILLON,0.0,0.0
201300056601,5,9,2013,16,1,75,112,2,1,1,7,ECHANGEUR BERCY,0.0,0.0
201300056602,5,9,2013,18,1,75,113,2,1,1,2,PORTE D IVRY,0.0,0.0
201300056603,6,9,2013,9,1,75,113,2,1,3,7,PORTE D ITALIE,0.0,0.0
201300056604,8,9,2013,6,2,75,119,2,1,1,6,PORTE DE PANTIN,0.0,0.0
201300056605,9,9,2013,11,1,75,117,2,1,1,2,PORTE DE SAINT OUEN,0.0,0.0
201300056606,10,9,2013,8,1,75,113,2,1,1,2,QUAI D IVRY,0.0,0.0
201300056607,10,9,2013,9,1,75,116,2,1,1,3,PORTE DE SAINT CLOUD,0.0,0.0
201300056608,10,9,2013,17,1,75,116,1,1,1,4,PORTE DAUPHINE,0.0,0.0
201300056609,12,9,2013,17,1,75,114,2,1,1,3,PORTE DE GENTILLY,0.0,0.0
201300056610,13,9,2013,0,5,75,120,2,1,1,4,BOULEVARD PERIPHERIQUE E,0.0,0.0
201300056611,13,9,2013,13,1,75,116,2,1,1,3,PORTE DAUPHINE,0.0,0.0