Num_Acc,jour,mois,an,hr,condition_eclairage,departement,commune,condition_agglomeration,intersection,condition_atmosphere,type_collision,adresse,lattitude,longitude
201300056612,13,9,2013,17,1,75,113,2,1,1,3,QUAI D IVRY,0.0,0.0
201300056613,13,9,2013,17,1,75,116,2,1,1,3,ECHANGEUR SAINT CLOUD,0.0,0.0
201300056614,14,9,2013,21,5,75,117,2,1,2,6,PORTE DE CLICHY,0.0,0.0
201300056615,14,9,2013,22,5,75,120,2,1,3,2,PORTE DE BAGNOLET,0.0,0.0
201300056616,16,9,2013,15,1,75,117,2,1,1,3,PORTE DE CHAMPERRET,0.0,0.0
201300056617,16,9,2013,15,1,75,115,2,1,1,4,PORTE BRANCION,0.0,0.0
201300056618,16,9,2013,16,1,75,118,2,1,1,2,PORTE DE CLIGNANCOURT,0.0,0.0
201300056619,17,9,2013,10,1,75,116,2,4,1,5,PORTE DE PASSY,0.0,0.0
201300056620,17,9,2013,14,1,75,113,2,1,1,4,QUAI D IVRY,0.0,0.0
201300056621,18,9,2013,7,1,75,112,2,1,1,2,PORTE DE CHARENTON,0.0,0.0
201300056622,18,9,2013,9,1,75,116,2,1,1,2,ECHANGEUR MUETTE,0.0,0.0
201300056623,19,9,2013,13,1,75,120,2,1,1,3,PORTE DE MONTREUIL,0.0,0.0
201300056624,19,9,2013,16,1,75,114,2,1,1,2,PORTE DE VANVES,0.0,0.0
201300056625,20,9,2013,8,1,75,120,2,1,1,6,PORTE DE MONTREUIL,0.0,0.0
201300056626,20,9,2013,15,1,75,117,2,1,1,2,PORTE MAILLOT,0.0,0.0
201300056627,20,9,2013,14,1,75,115,2,1,1,3,PORTE DE SEVRES,0.0,0.0
201300056628,21,9,2013,15,1,75,116,2,1,1,2,ECHANGEUR MUETTE,0.0,0.0
201300056629,21,9,2013,14,1,75,117,2,1,1,2,ECHANGEUR SAINT OUEN,0.0,0.0
201300056630,23,9,2013,8,1,75,115,2,4,1,4,PORTE DE SEVRES,0.0,0.0
201300056631,23,9,2013,20,5,75,120,2,1,1,2,PORTE DE BAGNOLET,0.0,0.0
201300056632,24,9,2013,0,5,75,112,2,1,1,6,BOULEVARD PERIPHERIQUE I,0.0,0.0
201300056633,24,9,2013,8,1,75,117,2,1,1,7,PORTE DE CHAMPERRET,0.0,0.0
201300056634,25,9,2013,7,1,75,120,2,1,1,3,PORTE DE VINCENNES,0.0,0.0
201300056635,25,9,2013,12,1,75,120,2,1,1,2,PORTE DE BAGNOLET,0.0,0.0
201300056636,25,9,2013,14,1,75,114,2,1,1,2,PORTE DE GENTILLY,0.0,0.0
201300056637,25,9,2013,14,1,75,118,2,2,1,2,ECHANGEUR AUBERVILLIERS,0.0,0.0
201300056638,25,9,2013,15,1,75,118,2,1,1,4,PORTE DE CLIGNANCOURT,0.0,0.0
201300056639,25,9,2013,18,1,75,112,2,1,1,2,ECHANGEUR BERCY,0.0,0.0
201300056640,26,9,2013,21,5,75,120,2,4,1,2,PORTE DES LILAS,0.0,0.0
201300056641,27,9,2013,17,1,75,114,2,1,1,3,PORTE DE CHATILLON,0.0,0.0
201300056642,28,9,2013,1,3,75,120,2,1,1,2,PORTE DE BAGNOLET,0.0,0.0
201300056643,29,9,2013,13,1,75,112,2,4,1,2,ECHANGEUR BERCY,0.0,0.0
201300056644,29,9,2013,18,4,75,112,2,1,2,4,PORTE DE CHARENTON,0.0,0.0
201300056645,30,9,2013,8,1,75,115,2,1,1,3,PORTE DE SEVRES,0.0,0.0
201300056646,30,9,2013,9,1,75,114,2,1,1,2,PORTE DE VANVES,0.0,0.0
201300056647,30,9,2013,7,1,75,116,2,1,1,2,PORTE DE SAINT CLOUD,0.0,0.0
201300056648,30,9,2013,18,1,75,120,2,4,1,4,PORTE DE VINCENNES,0.0,0.0
201300056649,1,10,2013,18,1,75,116,2,1,1,2,PORTE DAUPHINE,0.0,0.0
201300056650,2,10,2013,17,1,75,113,2,1,1,3,QUAI D IVRY,0.0,0.0
201300056651,3,10,2013,8,1,75,116,2,1,1,5,PORTE D AUTEUIL,0.0,0.0
201300056652,3,10,2013,13,1,75,112,2,1,1,2,ECHANGEUR BERCY,0.0,0.0
201300056653,4,10,2013,10,1,75,114,2,1,1,4,PORTE DE VANVES,0.0,0.0
201300056654,4,10,2013,13,1,75,117,2,1,1,4,PORTE DE CHAMPERRET,0.0,0.0
201300056655,6,10,2013,12,1,75,113,2,4,1,3,PORTE D ITALIE,0.0,0.0
201300056656,6,10,2013,16,1,75,116,2,1,1,2,PORTE DE PASSY,0.0,0.0
201300056657,7,10,2013,19,5,75,120,2,1,1,4,ECHANGEUR BAGNOLET,0.0,0.0
201300056658,8,10,2013,8,1,75,117,2,1,1,3,PORTE DE CHAMPERRET,0.0,0.0
201300056659,8,10,2013,19,5,75,114,2,1,1,3,PORTE DE GENTILLY,0.0,0.0
201300056660,8,10,2013,13,1,75,117,2,1,1,7,ECHANGEUR MAILLOT,0.0,0.0
201300056661,9,10,2013,18,2,75,115,2,1,2,4,PORTE DE SEVRES,0.0,0.0
201300056662,9,10,2013,23,5,75,116,2,1,1,2,BOULEVARD PERIPHERIQUE E,0.0,0.0
201300056663,10,10,2013,8,1,75,116,2,4,1,3,ECHANGEUR MAILLOT,0.0,0.0
201300056664,11,10,2013,18,2,75,116,2,1,2,6,ECHANGEUR MAILLOT,0.0,0.0
201300056665,13,10,2013,6,5,75,112,2,4,1,6,ECHANGEUR BERCY,0.0,0.0
201300056666,14,10,2013,13,1,75,115,2,1,1,3,QUAI D ISSY LES MOULINEA,0.0,0.0
201300056667,14,10,2013,15,1,75,118,2,1,1,2,PORTE DE LA CHAPELLE,0.0,0.0
201300056668,14,10,2013,21,4,75,115,2,4,1,6,PORTE DE LA PLAINE,0.0,0.0
201300056669,16,10,2013,16,1,75,119,2,1,2,6,PORTE DE PANTIN,0.0,0.0
201300056670,16,10,2013,18,1,75,116,2,1,2,7,ECHANGEUR MUETTE,0.0,0.0
201300056671,16,10,2013,19,5,75,114,2,1,2,2,PORTE DE GENTILLY,0.0,0.0
201300056672,17,10,2013,2,5,75,116,2,1,1,2,PORTE DAUPHINE,0.0,0.0
201300056673,17,10,2013,16,1,75,115,2,1,1,6,PORTE DE LA PLAINE,0.0,0.0
201300056674,18,10,2013,8,1,75,120,2,1,5,2,PORTE DE MONTREUIL,0.0,0.0
201300056675,18,10,2013,18,5,75,117,2,1,1,4,PORTE DE CHAMPERRET,0.0,0.0
201300056676,19,10,2013,18,2,75,116,2,1,1,4,ECHANGEUR MUETTE,0.0,0.0
201300056677,20,10,2013,9,1,75,120,2,1,2,6,ECHANGEUR BAGNOLET,0.0,0.0
201300056678,20,10,2013,10,1,75,117,2,1,2,6,ECHANGEUR MAILLOT,0.0,0.0
201300056679,20,10,2013,18,5,75,116,2,1,2,3,PORTE DAUPHINE,0.0,0.0
201300056680,21,10,2013,15,1,75,116,2,1,1,3,PORTE DAUPHINE,0.0,0.0
201300056681,22,10,2013,6,5,75,120,2,4,1,2,PORTE DE BAGNOLET,0.0,0.0
201300056682,23,10,2013,14,5,75,116,2,1,1,2,PORTE D AUTEUIL,0.0,0.0
201300056683,24,10,2013,10,1,75,115,2,1,1,3,PORTE DE SEVRES,0.0,0.0
201300056684,24,10,2013,22,5,75,116,2,1,1,3,PORTE DE PASSY,0.0,0.0
201300056685,25,10,2013,14,1,75,116,2,1,1,4,PORTE D AUTEUIL,0.0,0.0
201300056686,25,10,2013,19,5,75,113,2,1,1,2,QUAI D IVRY,0.0,0.0
201300056687,26,10,2013,19,5,75,120,2,1,1,2,PORTE DE BAGNOLET,0.0,0.0
201300056688,27,10,2013,14,1,75,116,2,1,1,4,PORTE DE PASSY,0.0,0.0
201300056689,28,10,2013,1,5,75,120,2,1,2,7,BOULEVARD PERIPHERIQUE E,0.0,0.0
201300056690,28,10,2013,9,1,75,117,2,1,2,2,PORTE MAILLOT,0.0,0.0
201300056691,28,10,2013,10,1,75,120,2,1,1,2,PORTE DE BAGNOLET,0.0,0.0
201300056692,28,10,2013,6,1,75,117,2,1,2,2,PORTE DES TERNES,0.0,0.0
201300056693,28,10,2013,13,1,75,112,2,1,1,2,PORTE DE VINCENNES,0.0,0.0
201300056694,28,10,2013,19,5,75,118,2,1,1,4,PORTE DE LA CHAPELLE,0.0,0.0
201300056695,29,10,2013,13,1,75,120,2,1,1,2,PORTE DE BAGNOLET,0.0,0.0
201300056696,29,10,2013,18,5,75,115,2,4,1,4,ECHANGEUR ISSY,0.0,0.0
201300056697,29,10,2013,14,1,75,119,2,1,1,2,PORTE DE LA VILLETTE,0.0,0.0
201300056698,29,10,2013,16,1,75,118,2,1,1,3,AVENUE DE LA PORTE DE LA,0.0,0.0
201300056699,30,10,2013,14,1,75,117,2,1,1,2,PORTE MAILLOT,0.0,0.0
201300056700,30,10,2013,19,5,75,117,2,1,1,2,ECHANGEUR CLICHY,0.0,0.0
201300056701,30,10,2013,18,1,75,117,2,1,1,3,PORTE DE CLICHY,0.0,0.0
201300056702,31,10,2013,0,5,75,116,2,2,1,2,PORTE DE SAINT CLOUD,0.0,0.0
201300056703,31,10,2013,8,1,75,120,2,4,1,7,PORTE DE MONTREUIL,0.0,0.0
201300056704,31,10,2013,20,5,75,113,2,1,1,3,PORTE D ITALIE,0.0,0.0
201300056705,1,11,2013,13,1,75,117,2,1,2,6,ECHANGEUR MAILLOT,0.0,0.0
201300056706,2,11,2013,13,1,75,116,2,1,2,7,ECHANGEUR MAILLOT,0.0,0.0
201300056707,2,11,2013,18,5,75,119,2,1,1,2,PORTE D AUBERVILLIERS,0.0,0.0
201300056708,2,11,2013,22,5,75,117,2,1,2,6,BOULEVARD PERIPHERIQUE E,0.0,0.0
201300056709,3,11,2013,5,3,75,113,2,4,2,3,BOULEVARD PERIPHERIQUE E,0.0,0.0
201300056710,3,11,2013,12,1,75,112,2,1,1,3,ECHANGEUR BERCY,0.0,0.0
201300056711,5,11,2013,15,1,75,120,2,1,2,4,PORTE DE BAGNOLET,0.0,0.0
201300056712,5,11,2013,23,5,75,115,2,1,1,6,PORTE DE SEVRES,0.0,0.0
201300056713,6,11,2013,8,1,75,112,2,1,1,4,PORTE DOREE,0.0,0.0
201300056714,6,11,2013,10,1,75,114,2,1,2,4,PORTE DE CHATILLON,0.0,0.0
201300056715,6,11,2013,17,5,75,120,2,1,1,2,PORTE DE BAGNOLET,0.0,0.0
201300056716,6,11,2013,19,5,75,113,2,1,1,7,PORTE D ITALIE,0.0,0.0
201300056717,7,11,2013,7,1,75,117,2,1,2,7,PORTE DE CLICHY,0.0,0.0
201300056718,7,11,2013,18,5,75,118,2,1,2,4,PORTE DE LA CHAPELLE,0.0,0.0
201300056719,8,11,2013,5,3,75,112,2,4,2,3,ECHANGEUR BERCY,0.0,0.0
201300056720,8,11,2013,10,1,75,113,2,1,2,4,QUAI D IVRY,0.0,0.0
201300056721,8,11,2013,13,1,75,115,2,1,2,4,ECHANGEUR BRANCION,0.0,0.0
201300056722,8,11,2013,16,2,75,113,2,1,2,2,QUAI D IVRY,0.0,0.0
201300056723,8,11,2013,17,2,75,112,2,1,2,3,PORTE DOREE,0.0,0.0
201300056724,8,11,2013,21,5,75,116,2,1,1,3,ECHANGEUR MUETTE,0.0,0.0
201300056725,9,11,2013,6,5,75,114,2,1,1,6,PORTE D ORLEANS,0.0,0.0
201300056726,10,11,2013,3,5,75,117,2,1,3,6,ECHANGEUR MAILLOT,0.0,0.0
201300056727,10,11,2013,16,1,75,117,2,1,1,2,PORTE DE CLICHY,0.0,0.0
201300056728,11,11,2013,18,4,75,120,2,1,1,2,PORTE DE BAGNOLET,0.0,0.0
201300056729,12,11,2013,0,5,75,117,2,4,1,6,BOULEVARD PERIPHERIQUE E,0.0,0.0
201300056730,12,11,2013,6,5,75,112,2,4,1,6,ECHANGEUR BERCY,0.0,0.0
201300056731,12,11,2013,17,2,75,117,2,1,2,3,PORTE DE CHAMPERRET,0.0,0.0
201300056732,12,11,2013,20,5,75,120,2,1,3,6,PORTE DE BAGNOLET,0.0,0.0
201300056733,13,11,2013,6,5,75,120,2,4,1,3,PORTE DE BAGNOLET,0.0,0.0
201300056734,13,11,2013,8,1,75,113,2,1,1,2,PORTE D ITALIE,0.0,0.0
201300056735,14,11,2013,12,1,75,113,2,1,2,3,PORTE D IVRY,0.0,0.0
201300056736,14,11,2013,16,5,75,112,2,1,1,2,PORTE DE CHARENTON,0.0,0.0
201300056737,14,11,2013,21,5,75,112,2,4,1,2,PORTE DE VINCENNES,0.0,0.0
201300056738,15,11,2013,19,5,75,116,2,1,1,7,ECHANGEUR MUETTE,0.0,0.0
201300056739,17,11,2013,19,5,75,120,2,1,1,2,PORTE DE VINCENNES,0.0,0.0
201300056740,18,11,2013,8,1,75,120,2,1,1,6,PORTE DES LILAS,0.0,0.0
201300056741,19,11,2013,16,1,75,119,2,1,1,2,PORTE D AUBERVILLIERS,0.0,0.0
201300056742,20,11,2013,16,5,75,113,2,1,2,4,PORTE D ITALIE,0.0,0.0
201300056743,21,11,2013,7,5,75,120,2,1,2,7,PORTE DE BAGNOLET,0.0,0.0
201300056744,21,11,2013,7,2,75,112,2,1,3,2,PORTE DE VINCENNES,0.0,0.0
201300056745,22,11,2013,5,5,75,113,2,1,1,6,BOULEVARD PERIPHERIQUE I,0.0,0.0
201300056746,21,11,2013,18,5,75,118,2,1,2,6,ECHANGEUR CHAPELLE,0.0,0.0
201300056747,21,11,2013,18,5,75,113,2,1,2,7,QUAI D IVRY,0.0,0.0
201300056748,22,11,2013,17,2,75,120,2,1,1,3,PORTE DE BAGNOLET,0.0,0.0
201300056749,23,11,2013,20,5,75,113,2,1,1,6,PORTE D IVRY,0.0,0.0
201300056750,24,11,2013,21,5,75,114,2,1,1,6,PORTE D ORLEANS,0.0,0.0
201300056751,25,11,2013,4,5,75,119,2,1,1,2,PORTE DE LA VILLETTE,0.0,0.0
201300056752,25,11,2013,9,1,75,113,2,1,1,4,PORTE D ITALIE,0.0,0.0
201300056753,25,11,2013,13,1,75,118,2,1,1,2,PORTE D AUBERVILLIERS,0.0,0.0
201300056754,26,11,2013,8,1,75,116,2,1,1,2,PORTE MAILLOT,0.0,0.0
201300056755,26,11,2013,8,1,75,113,2,1,1,4,PORTE DE GENTILLY,0.0,0.0
201300056756,26,11,2013,16,1,75,118,2,1,1,3,PORTE D AUBERVILLIERS,0.0,0.0
201300056757,26,11,2013,17,5,75,113,2,1,1,2,PORTE D ITALIE,0.0,0.0
201300056758,27,11,2013,9,1,75,117,2,1,1,2,PORTE MAILLOT,0.0,0.0
201300056759,28,11,2013,15,1,75,120,2,1,1,3,PORTE DE VINCENNES,0.0,0.0
201300056760,28,11,2013,15,1,75,112,2,4,1,3,ECHANGEUR BERCY,0.0,0.0
201300056761,29,11,2013,12,1,75,118,2,1,1,7,PORTE DE CLIGNANCOURT,0.0,0.0
201300056762,29,11,2013,17,5,75,116,2,1,1,4,PORTE DAUPHINE,0.0,0.0
201300056763,30,11,2013,0,5,75,120,2,4,1,6,ECHANGEUR BAGNOLET,0.0,0.0
201300056764,30,11,2013,7,5,75,114,2,4,1,6,ECHANGEUR ORLEANS,0.0,0.0
201300056765,30,11,2013,15,1,75,117,2,1,1,4,PORTE DE CLICHY,0.0,0.0
201300056766,1,12,2013,12,1,75,120,2,1,1,2,PORTE DE MONTREUIL,0.0,0.0
201300056767,1,12,2013,14,1,75,116,2,1,1,4,PORTE DE SAINT CLOUD,0.0,0.0
201300056768,1,12,2013,19,5,75,117,2,1,1,3,PORTE DE CLICHY,0.0,0.0
201300056769,3,12,2013,9,1,75,118,2,1,1,7,PORTE DE CLIGNANCOURT,0.0,0.0
201300056770,3,12,2013,10,1,75,112,2,4,7,4,PORTE DE VINCENNES,0.0,0.0
201300056771,3,12,2013,8,1,75,118,2,1,1,7,PORTE DE LA CHAPELLE,0.0,0.0
201300056772,3,12,2013,17,5,75,113,2,1,1,6,PORTE D ITALIE,0.0,0.0
201300056773,4,12,2013,11,1,75,115,2,4,1,6,PORTE DE SEVRES,0.0,0.0
201300056774,5,12,2013,8,1,75,117,2,1,1,4,PORTE D ASNIERES,0.0,0.0
201300056775,5,12,2013,13,1,75,113,2,1,1,7,PORTE D IVRY,0.0,0.0
201300056776,5,12,2013,16,5,75,118,2,1,1,2,PORTE DE LA CHAPELLE,0.0,0.0
201300056777,5,12,2013,18,5,75,117,2,1,1,2,ECHANGEUR CLICHY,0.0,0.0
201300056778,6,12,2013,9,1,75,118,2,1,1,4,PORTE DE SAINT OUEN,0.0,0.0
201300056779,6,12,2013,21,5,75,116,2,4,1,3,PORT D AUTEUIL,0.0,0.0
201300056780,7,12,2013,7,1,75,120,2,1,2,6,PORTE DE BAGNOLET,0.0,0.0
201300056781,7,12,2013,11,5,75,116,2,1,2,3,PORTE DE PASSY,0.0,0.0
201300056782,7,12,2013,18,5,75,116,2,1,1,3,ECHANGEUR DAUPHINE,0.0,0.0
201300056783,7,12,2013,20,5,75,112,2,1,1,2,PORTE DE CHARENTON,0.0,0.0
201300056784,9,12,2013,8,1,75,116,2,1,1,6,ECHANGEUR DAUPHINE,0.0,0.0
201300056785,9,12,2013,10,1,75,120,2,4,1,3,PORTE DE BAGNOLET,0.0,0.0
201300056786,9,12,2013,15,1,75,117,2,1,1,4,PORTE D ASNIERES,0.0,0.0
201300056787,9,12,2013,19,5,75,117,2,1,1,4,PORTE DE CHAMPERRET,0.0,0.0
201300056788,10,12,2013,8,1,75,116,2,1,1,2,ECHANGEUR AUTEUIL,0.0,0.0
201300056789,10,12,2013,16,1,75,119,2,1,1,3,PORTE D AUBERVILLIERS,0.0,0.0
201300056790,11,12,2013,9,1,75,113,2,1,1,4,PORTE D IVRY,0.0,0.0
201300056791,8,12,2013,12,1,75,113,2,1,1,4,PORTE D ITALIE,0.0,0.0
201300056792,12,12,2013,11,1,75,117,2,1,1,3,PORTE MAILLOT,0.0,0.0
201300056793,13,12,2013,0,5,75,113,2,1,1,6,BOULEVARD PERIPHERIQUE E,0.0,0.0
201300056794,13,12,2013,22,5,75,114,2,1,2,7,BOULEVARD PERIPHERIQUE I,0.0,0.0
201300056795,14,12,2013,5,5,75,117,2,1,1,6,BOULEVARD PERIPHERIQUE E,0.0,0.0
201300056796,14,12,2013,20,3,75,117,2,1,1,4,PORTE DE CHAMPERRET,0.0,0.0
201300056797,15,12,2013,15,1,75,112,2,1,1,4,PORTE DE VINCENNES,0.0,0.0
201300056798,16,12,2013,10,1,75,118,2,1,1,4,PORTE D AUBERVILLIERS,0.0,0.0
201300056799,17,12,2013,7,2,75,118,2,1,1,2,PORTE DE LA CHAPELLE,0.0,0.0
201300056800,18,12,2013,6,5,75,112,2,1,1,2,PORTE DE VINCENNES,0.0,0.0
201300056801,18,12,2013,15,1,75,112,2,1,1,4,ECHANGEUR BERCY,0.0,0.0
201300056802,20,12,2013,8,2,75,112,2,1,1,4,PORTE DOREE,0.0,0.0
201300056803,20,12,2013,10,1,75,117,2,4,1,2,PORTE DE CHAMPERRET,0.0,0.0
201300056804,20,12,2013,13,1,75,116,2,1,7,6,PORTE DE PASSY,0.0,0.0
201300056805,20,12,2013,17,2,75,118,2,1,1,3,PORTE DE LA CHAPELLE,0.0,0.0
201300056806,21,12,2013,7,5,75,115,2,1,1,3,PORTE DE SEVRES,0.0,0.0
201300056807,22,12,2013,7,5,75,119,2,4,1,6,PORTE DU PRE SAINT GERVA,0.0,0.0
201300056808,23,12,2013,6,5,75,112,2,1,1,6,PORTE DE CHARENTON,0.0,0.0
201300056809,23,12,2013,15,1,75,114,2,1,1,4,PORTE DE VANVES,0.0,0.0
201300056810,26,12,2013,18,5,75,114,2,1,1,3,PORTE DE GENTILLY,0.0,0.0
201300056811,28,12,2013,19,5,75,117,2,4,1,7,PORTE DES TERNES,0.0,0.0
201300056812,30,12,2013,19,3,75,112,2,1,1,2,PONT DE BERCY,0.0,0.0
201300056813,18,3,2013,14,1,972,5,1,1,1,1,,0.0,0.0
201300056814,26,4,2013,15,1,972,34,1,1,1,6,,0.0,0.0
201300056815,4,5,2013,17,1,972,29,1,1,2,1,x,0.0,0.0
201300056816,3,8,2013,16,1,972,34,1,1,1,7,,0.0,0.0
201300056817,17,8,2013,2,3,972,5,1,1,1,1,,0.0,0.0
201300056818,5,12,2013,8,1,972,5,1,1,9,6,,0.0,0.0
201300056819,1,3,2013,18,1,972,24,2,1,1,6,7 CHEMIN SALUBRE,0.0,0.0
201300056820,12,6,2013,14,1,972,24,1,1,1,7,,0.0,0.0
201300056821,30,7,2013,5,3,972,24,1,1,1,1,,0.0,0.0
201300056822,3,2,2013,19,5,972,18,2,1,1,6,41 rue Andr? Aliker,0.0,0.0
201300056823,17,4,2013,9,1,972,25,2,1,1,2,rue alfred lacroix,0.0,0.0
201300056824,19,4,2013,21,5,972,19,2,1,1,6,La Charmeuse,0.0,0.0
201300056825,27,4,2013,1,5,972,25,2,1,1,7,18 rue alfred lacroix,0.0,0.0
201300056826,8,5,2013,18,3,972,4,1,1,1,1,,0.0,0.0
201300056827,3,6,2013,12,1,972,4,1,1,2,6,,0.0,0.0
201300056828,1,10,2013,7,1,972,4,2,1,1,3,,0.0,0.0
201300056829,29,10,2013,16,1,972,8,2,1,1,7,Quartier Lacroix,0.0,0.0
201300056830,9,11,2013,21,3,972,4,1,1,3,1,,0.0,0.0
201300056831,19,12,2013,16,1,972,33,2,1,1,6,le bourg,0.0,0.0
201300056832,20,1,2013,21,5,972,10,1,1,1,7,,0.0,0.0
201300056833,17,3,2013,1,3,972,10,1,1,1,1,,0.0,0.0
201300056834,23,3,2013,11,1,972,10,1,1,1,3,,0.0,0.0
201300056835,25,3,2013,6,1,972,10,1,1,1,1,,0.0,0.0
201300056836,14,4,2013,3,3,972,10,1,1,1,1,,0.0,0.0
201300056837,21,7,2013,15,1,972,10,1,6,2,3,,0.0,0.0
201300056838,28,8,2013,16,1,972,32,2,1,9,7,Quartierr plaisance,0.0,0.0
201300056839,14,9,2013,1,3,972,10,2,1,1,7,"RD 29, morne Pitault",0.0,0.0
201300056840,28,9,2013,14,1,972,10,1,1,1,6,,0.0,0.0
201300056841,9,4,2013,11,1,972,20,2,1,1,2,Avenue  frantz FANON,0.0,0.0
201300056842,13,7,2013,19,2,972,20,1,1,1,7,,0.0,0.0
201300056843,20,7,2013,21,3,972,27,1,1,1,7,,0.0,0.0
201300056844,9,9,2013,17,1,972,27,2,1,1,3,les moubins,0.0,0.0
201300056845,27,9,2013,18,4,972,27,1,1,1,6,,0.0,0.0
201300056846,22,1,2013,12,1,972,21,1,1,1,1,,0.0,0.0
201300056847,11,3,2013,18,3,972,30,1,1,1,3,,0.0,0.0
201300056848,7,5,2013,18,1,972,30,2,1,1,3,Avenue des raisiniers,0.0,0.0
201300056849,9,6,2013,14,1,972,30,1,1,1,6,,0.0,0.0
201300056850,23,9,2013,17,1,972,30,1,1,1,3,,0.0,0.0
201300056851,19,2,2013,19,3,972,22,1,1,1,6,,0.0,0.0
201300056852,4,6,2013,21,3,972,12,1,1,2,1,,0.0,0.0
201300056853,7,6,2013,23,5,972,12,1,1,1,2,,0.0,0.0
201300056854,26,6,2013,15,1,972,12,1,1,1,3,,0.0,0.0
201300056855,29,7,2013,22,3,972,22,1,1,1,2,,0.0,0.0
201300056856,16,8,2013,9,1,972,12,1,1,1,5,,0.0,0.0
201300056857,27,8,2013,16,1,972,22,2,1,1,7,quartier lestrade,0.0,0.0
201300056858,19,10,2013,16,1,972,22,2,1,1,5,RN1,0.0,0.0
201300056859,15,2,2013,15,1,972,28,1,1,1,6,,0.0,0.0
201300056860,31,3,2013,21,3,972,28,2,1,1,6,Rue source Marie D?au,0.0,0.0
201300056861,21,4,2013,10,1,972,28,1,1,3,6,,0.0,0.0
201300056862,22,4,2013,9,1,972,28,2,1,2,6,11 rue de Beaufort,0.0,0.0
201300056863,6,10,2013,17,1,972,28,1,1,1,1,,0.0,0.0
201300056864,2,2,2013,19,5,972,1,2,1,1,6,rue principale,0.0,0.0
201300056865,9,6,2013,16,1,972,16,2,2,1,3,CARREFOUR RD15 ET RN1,0.0,0.0
201300056866,13,10,2013,0,3,972,14,1,1,2,1,,0.0,0.0
201300056867,11,1,2013,19,5,971,4,2,1,1,6,AVENUE DU PERE LABAT,0.0,0.0
201300056868,6,2,2013,18,1,971,24,2,1,1,5,"RN3, premeir plateau",0.0,0.0
201300056869,1,3,2013,20,4,971,24,2,1,1,3,RN3,0.0,0.0
201300056870,14,4,2013,7,2,971,24,1,1,1,1,,0.0,0.0
201300056871,5,5,2013,21,3,971,24,2,1,-1,7,0,0.0,0.0
201300056872,27,5,2013,20,5,971,4,2,1,2,1,route nationale 2,0.0,0.0
201300056873,30,6,2013,14,1,971,4,2,1,1,3,,0.0,0.0
201300056874,9,7,2013,14,1,971,4,1,1,2,1,,0.0,0.0
201300056875,11,7,2013,8,1,971,24,2,1,1,3,,0.0,0.0
201300056876,26,9,2013,11,1,971,4,2,1,1,5,RN2 Avenue Peres Blancs,0.0,0.0
201300056877,3,6,2013,7,1,971,6,1,3,2,3,,0.0,0.0
201300056878,9,6,2013,16,1,971,34,1,1,1,1,,0.0,0.0
201300056879,9,9,2013,1,3,971,34,1,1,1,7,,0.0,0.0
201300056880,28,10,2013,8,1,971,34,1,1,1,6,,0.0,0.0
201300056881,27,11,2013,16,1,971,34,2,1,1,6,chemin du tuf,0.0,0.0
201300056882,5,12,2013,18,3,971,6,1,1,1,3,,0.0,0.0
201300056883,14,9,2013,13,1,971,6,1,1,1,1,,0.0,0.0
201300056884,22,3,2013,15,1,971,21,1,1,1,1,,0.0,0.0
201300056885,22,5,2013,9,1,971,21,1,1,3,3,,0.0,0.0
201300056886,4,10,2013,18,3,971,21,1,1,1,3,,0.0,0.0
201300056887,27,7,2013,14,1,971,11,1,1,1,1,,0.0,0.0
201300056888,9,2,2013,6,2,971,32,1,1,1,6,,0.0,0.0
201300056889,15,3,2013,19,5,971,9,2,1,1,2,Avenue G?n?ral DE GAULLE,0.0,0.0
201300056890,17,4,2013,9,1,971,9,1,1,8,2,,0.0,0.0
201300056891,3,5,2013,22,3,971,32,1,1,2,2,,0.0,0.0
201300056892,9,5,2013,5,2,971,33,1,1,1,6,,0.0,0.0
201300056893,17,7,2013,11,1,971,33,1,1,1,6,,0.0,0.0
201300056894,31,12,2013,7,5,971,32,2,1,1,6,Route du bord de mer- D6,0.0,0.0
201300056895,6,2,2013,13,1,971,7,1,1,1,6,,0.0,0.0
201300056896,2,3,2013,21,3,971,7,1,1,1,6,,0.0,0.0
201300056897,5,3,2013,16,1,971,7,1,1,1,1,,0.0,0.0
201300056898,8,3,2013,23,3,971,7,1,1,1,1,,0.0,0.0
201300056899,1,4,2013,5,3,971,7,1,1,1,6,,0.0,0.0
201300056900,11,4,2013,18,2,971,7,1,1,1,1,,0.0,0.0
201300056901,30,4,2013,12,1,971,7,1,1,1,5,,0.0,0.0
201300056902,12,5,2013,4,3,971,7,1,1,1,7,,0.0,0.0
201300056903,27,5,2013,3,3,971,7,1,1,1,7,,0.0,0.0
201300056904,9,6,2013,16,1,971,7,1,1,1,6,,0.0,0.0
201300056905,30,7,2013,6,1,971,14,1,1,1,1,,0.0,0.0
201300056906,12,8,2013,13,1,971,14,2,1,1,6,lotissement de l'aiguill,0.0,0.0
201300056907,14,8,2013,7,1,971,7,1,1,1,7,,0.0,0.0
201300056908,16,8,2013,18,5,971,14,1,1,2,6,,0.0,0.0
201300056909,3,9,2013,8,1,971,7,1,1,2,7,,0.0,0.0
201300056910,13,9,2013,9,1,971,7,1,1,1,3,,0.0,0.0
201300056911,20,9,2013,23,4,971,7,1,6,1,1,,0.0,0.0
201300056912,16,11,2013,18,4,971,7,2,1,1,3,Rue de la Sarde,0.0,0.0
201300056913,13,12,2013,12,1,971,7,1,1,1,6,,0.0,0.0
201300056914,24,12,2013,11,1,971,7,1,1,1,5,,0.0,0.0
201300056915,3,1,2013,11,1,971,31,1,1,1,7,,0.0,0.0
201300056916,12,11,2013,7,1,971,30,2,1,1,6,rue des ?coles,0.0,0.0
201300056917,27,2,2013,0,5,971,15,1,1,1,7,,0.0,0.0
201300056918,9,3,2013,19,5,971,15,1,1,1,3,,0.0,0.0
201300056919,15,6,2013,8,5,971,15,1,1,1,1,,0.0,0.0
201300056920,14,7,2013,7,1,971,15,1,1,1,1,,0.0,0.0