Num_Acc,jour,mois,an,hr,condition_eclairage,departement,commune,condition_agglomeration,intersection,condition_atmosphere,type_collision,adresse,lattitude,longitude
201300056921,29,9,2013,13,1,971,15,1,1,1,2,,0.0,0.0
201300056922,4,10,2013,16,1,971,15,2,1,1,2,,0.0,0.0
201300056923,30,10,2013,10,1,971,15,1,1,1,1,,0.0,0.0
201300056924,13,11,2013,15,1,971,15,1,1,1,6,,0.0,0.0
201300056925,30,11,2013,5,2,971,15,1,1,1,1,,0.0,0.0
201300056926,5,12,2013,18,3,971,15,1,1,1,2,,0.0,0.0
201300056927,16,12,2013,14,1,971,15,1,1,2,3,,0.0,0.0
201300056928,1,1,2013,6,2,971,18,1,1,1,7,,0.0,0.0
201300056929,6,3,2013,5,3,971,18,1,1,1,1,,0.0,0.0
201300056930,8,3,2013,12,1,971,18,1,1,1,1,,0.0,0.0
201300056931,30,4,2013,6,1,971,18,2,1,1,6,chemin de carr?re,0.0,0.0
201300056932,30,5,2013,6,1,971,18,1,1,1,1,,0.0,0.0
201300056933,23,6,2013,13,1,971,18,1,1,1,1,,0.0,0.0
201300056934,11,7,2013,14,1,971,18,1,2,1,3,,0.0,0.0
201300056935,23,7,2013,18,1,971,18,2,1,1,6,Section BOVIS,0.0,0.0
201300056936,27,10,2013,14,1,971,18,1,1,1,1,,0.0,0.0
201300056937,14,11,2013,22,3,971,18,1,1,1,3,,0.0,0.0
201300056938,9,2,2013,21,3,971,29,2,1,1,3,"RD18, DEsbonnes",0.0,0.0
201300056939,12,2,2013,20,3,971,29,1,1,1,6,,0.0,0.0
201300056940,5,3,2013,17,1,971,29,2,1,1,3,nolivier,0.0,0.0
201300056941,11,3,2013,14,1,971,29,1,1,1,6,,0.0,0.0
201300056942,23,3,2013,14,1,971,29,2,1,1,6,doublon bebel,0.0,0.0
201300056943,22,3,2013,19,5,971,29,2,1,1,1,la boucan,0.0,0.0
201300056944,26,3,2013,12,1,971,29,1,1,1,1,,0.0,0.0
201300056945,25,4,2013,20,3,971,29,2,1,2,6,Section desbonnes,0.0,0.0
201300056946,11,5,2013,13,1,971,29,1,1,1,1,,0.0,0.0
201300056947,18,5,2013,18,2,971,29,2,1,1,3,le bourg,0.0,0.0
201300056948,12,6,2013,6,1,971,29,2,3,1,1,route de Lima,0.0,0.0
201300056949,14,6,2013,14,1,971,29,1,1,2,6,,0.0,0.0
201300056950,15,6,2013,21,3,971,29,1,3,1,2,,0.0,0.0
201300056951,28,6,2013,21,3,971,29,2,1,1,3,Section Bone,0.0,0.0
201300056952,11,7,2013,19,4,971,29,1,1,1,1,,0.0,0.0
201300056953,21,7,2013,12,1,971,29,1,1,3,1,,0.0,0.0
201300056954,24,8,2013,8,1,971,29,1,1,1,1,,0.0,0.0
201300056955,22,9,2013,9,1,971,29,1,1,1,6,,0.0,0.0
201300056956,21,9,2013,19,5,971,29,2,1,1,6,La Boucan,0.0,0.0
201300056957,11,10,2013,16,1,971,29,1,1,1,1,,0.0,0.0
201300056958,12,12,2013,13,1,971,29,2,1,1,6,,0.0,0.0
201300056959,23,1,2013,6,1,971,8,1,1,1,1,,0.0,0.0
201300056960,25,3,2013,9,1,971,12,2,1,1,6,RUE BEAURENON,0.0,0.0
201300056961,28,7,2013,21,5,971,26,1,1,1,1,,0.0,0.0
201300056962,12,11,2013,19,5,971,12,2,1,1,3,section bonneval,0.0,0.0
201300056963,6,4,2013,9,1,971,10,1,1,1,3,,0.0,0.0
201300056964,9,10,2013,12,1,971,10,2,1,1,1,SECTION SOUFFLEUR,0.0,0.0
201300056965,12,1,2013,10,1,971,17,2,1,1,1,RN 5 LA BAIE,0.0,0.0
201300056966,7,4,2013,0,5,971,17,1,1,2,3,,0.0,0.0
201300056967,30,5,2013,16,1,971,17,1,1,1,2,,0.0,0.0
201300056968,15,6,2013,22,5,971,17,2,1,1,3,rue Duchassaing,0.0,0.0
201300056969,30,7,2013,15,1,971,17,1,1,1,6,,0.0,0.0
201300056970,11,8,2013,10,1,971,17,1,1,2,6,,0.0,0.0
201300056971,17,8,2013,4,2,971,17,1,1,2,6,,0.0,0.0
201300056972,4,9,2013,17,2,971,17,1,1,2,1,,0.0,0.0
201300056973,10,10,2013,19,3,971,17,1,1,1,1,,0.0,0.0
201300056974,14,10,2013,20,5,971,17,1,1,1,3,,0.0,0.0
201300056975,15,10,2013,8,5,971,17,1,1,1,1,,0.0,0.0
201300056976,8,2,2013,19,3,971,19,1,1,1,2,,0.0,0.0
201300056977,25,3,2013,18,1,971,19,2,1,1,1,Les Mangles,0.0,0.0
201300056978,26,3,2013,11,1,971,19,2,1,1,6,Rue F?lix Ebou?,0.0,0.0
201300056979,5,5,2013,12,1,971,19,1,1,1,3,,0.0,0.0
201300056980,10,6,2013,9,1,971,19,1,1,1,1,,0.0,0.0
201300056981,15,6,2013,13,1,971,2,1,1,1,1,,0.0,0.0
201300056982,18,8,2013,14,1,971,19,1,1,1,3,,0.0,0.0
201300056983,26,8,2013,0,5,971,22,1,1,3,7,,0.0,0.0
201300056984,22,9,2013,19,5,971,22,1,1,1,2,,0.0,0.0
201300056985,29,10,2013,13,1,971,19,1,1,1,1,,0.0,0.0
201300056986,30,10,2013,19,3,971,19,1,1,1,1,,0.0,0.0
201300056987,19,11,2013,11,2,971,19,1,1,1,6,,0.0,0.0
201300056988,19,12,2013,8,1,971,22,2,1,1,1,rue R?my -Nainsouta,0.0,0.0
201300056989,18,12,2013,9,3,971,19,1,1,1,6,,0.0,0.0
201300056990,21,12,2013,8,3,971,2,1,1,2,6,,0.0,0.0
201300056991,25,12,2013,1,5,971,22,2,1,1,6,47 rue Remy Nainsouta,0.0,0.0
201300056992,30,1,2013,20,3,971,25,1,1,1,1,,0.0,0.0
201300056993,17,3,2013,16,1,971,25,2,1,1,3,Av. du g?n?ral de Gaulle,0.0,0.0
201300056994,28,3,2013,15,1,971,25,1,1,1,6,,0.0,0.0
201300056995,27,8,2013,17,1,971,25,1,1,1,3,,0.0,0.0
201300056996,13,9,2013,19,3,971,25,2,1,1,6,chemin de Bragelogne,0.0,0.0
201300056997,3,11,2013,0,5,971,25,1,1,1,6,,0.0,0.0
201300056998,17,11,2013,1,5,971,25,1,1,1,6,,0.0,0.0
201300056999,1,12,2013,4,2,971,25,1,1,3,4,,0.0,0.0
201300057000,5,1,2013,5,2,971,28,1,1,1,6,,0.0,0.0
201300057001,14,1,2013,14,1,971,28,1,1,1,1,,0.0,0.0
201300057002,2,2,2013,5,3,971,28,1,1,1,6,,0.0,0.0
201300057003,4,2,2013,15,1,971,28,1,1,1,6,,0.0,0.0
201300057004,22,3,2013,12,1,971,28,2,1,1,6,section calvaire,0.0,0.0
201300057005,14,4,2013,15,3,971,28,1,1,1,3,,0.0,0.0
201300057006,17,4,2013,20,5,971,25,2,1,1,7,Section BOIS DE VIPART,0.0,0.0
201300057007,29,5,2013,13,1,971,28,1,1,1,2,,0.0,0.0
201300057008,21,6,2013,2,3,971,28,1,1,1,6,,0.0,0.0
201300057009,2,8,2013,23,5,971,28,2,1,1,6,RN4 - PORT DE GALBAS,0.0,0.0
201300057010,9,8,2013,6,2,971,28,1,1,1,1,,0.0,0.0
201300057011,16,8,2013,9,1,971,28,2,1,1,6,rue Bastaraud,0.0,0.0
201300057012,21,8,2013,15,1,971,28,2,1,1,2,Section Ffrench,0.0,0.0
201300057013,3,10,2013,7,1,971,28,1,1,1,6,,0.0,0.0
201300057014,4,10,2013,22,3,971,28,1,1,1,6,,0.0,0.0
201300057015,17,10,2013,16,1,971,28,2,1,1,3,Rue de l'habitation,0.0,0.0
201300057016,29,10,2013,15,1,971,28,1,1,1,6,,0.0,0.0
201300057017,24,11,2013,20,3,971,28,1,1,1,6,,0.0,0.0
201300057018,16,12,2013,13,1,971,28,1,1,1,6,,0.0,0.0
201300057019,12,3,2013,19,3,971,16,1,1,1,6,,0.0,0.0
201300057020,16,3,2013,0,3,971,16,1,1,1,4,,0.0,0.0
201300057021,29,4,2013,6,1,971,16,1,1,1,1,,0.0,0.0
201300057022,24,5,2013,19,1,971,16,2,1,1,1,,0.0,0.0
201300057023,9,5,2013,6,1,971,16,2,1,1,6,,0.0,0.0
201300057024,15,6,2013,0,5,971,16,2,1,1,6,section marieulle,0.0,0.0
201300057025,24,6,2013,11,1,971,16,2,1,1,3,RN5 rue du cimeti?re,0.0,0.0
201300057026,14,7,2013,21,5,971,16,2,1,1,1,Section RICHEVAL,0.0,0.0
201300057027,30,7,2013,18,1,971,16,1,1,1,2,,0.0,0.0
201300057028,13,8,2013,18,1,971,16,1,1,1,2,,0.0,0.0
201300057029,7,9,2013,13,1,971,16,2,1,1,3,richeval,0.0,0.0
201300057030,24,10,2013,8,1,971,16,1,1,2,1,,0.0,0.0
201300057031,27,1,2013,5,3,973,5,1,1,1,7,,0.0,0.0
201300057032,13,2,2013,19,3,973,13,1,1,3,7,,0.0,0.0
201300057033,27,3,2013,10,1,973,5,1,1,1,5,,0.0,0.0
201300057034,5,6,2013,13,1,973,5,1,1,1,6,,0.0,0.0
201300057035,6,7,2013,11,1,973,5,1,1,1,3,,0.0,0.0
201300057036,9,7,2013,11,1,973,5,1,1,1,6,,0.0,0.0
201300057037,25,8,2013,5,2,973,5,1,1,1,2,,0.0,0.0
201300057038,4,9,2013,20,5,973,5,1,1,1,3,,0.0,0.0
201300057039,10,10,2013,9,1,973,5,1,1,1,1,,0.0,0.0
201300057040,5,10,2013,7,1,973,5,1,1,1,1,,0.0,0.0
201300057041,9,10,2013,21,3,973,5,1,1,1,1,,0.0,0.0
201300057042,16,11,2013,10,1,973,5,1,1,1,6,,0.0,0.0
201300057043,17,11,2013,11,1,973,5,1,1,1,2,,0.0,0.0
201300057044,20,12,2013,10,3,973,5,1,1,3,5,,0.0,0.0
201300057045,9,1,2013,10,1,973,4,1,1,8,3,,0.0,0.0
201300057046,27,3,2013,11,1,973,4,1,1,1,1,,0.0,0.0
201300057047,21,6,2013,6,2,973,4,1,1,2,6,,0.0,0.0
201300057048,20,7,2013,4,3,973,4,1,1,1,1,,0.0,0.0
201300057049,10,8,2013,9,1,973,4,1,1,1,3,,0.0,0.0
201300057050,20,10,2013,9,1,973,4,2,1,1,3,,0.0,0.0
201300057051,18,3,2013,9,1,973,12,2,1,1,3,Rue du calvaire,0.0,0.0
201300057052,11,9,2013,18,5,973,12,2,1,1,3,"42, rue du Calvaire",0.0,0.0
201300057053,4,11,2013,15,1,973,12,1,1,1,7,,0.0,0.0
201300057054,5,7,2013,1,3,973,3,1,1,1,1,,0.0,0.0
201300057055,19,7,2013,16,1,973,3,1,1,1,7,,0.0,0.0
201300057056,19,12,2013,16,2,973,3,1,1,1,6,,0.0,0.0
201300057057,30,8,2013,10,1,973,1,1,1,1,6,,0.0,0.0
201300057058,16,8,2013,21,3,973,8,1,1,1,1,,0.0,0.0
201300057059,10,5,2013,9,1,973,10,1,1,8,7,,0.0,0.0
201300057060,16,5,2013,13,1,973,10,1,1,2,1,,0.0,0.0
201300057061,17,8,2013,11,1,973,10,2,1,1,7,"rte des champs, Cacao",0.0,0.0
201300057062,1,1,2013,18,1,973,11,2,1,1,6,all?e du lac bleu,0.0,0.0
201300057063,4,1,2013,22,5,973,11,2,1,1,1,rue Joseph Symphorien,0.0,0.0
201300057064,17,1,2013,16,1,973,11,2,1,1,3,Avenue Christophe Colomb,0.0,0.0
201300057065,13,2,2013,2,5,973,11,2,1,1,3,rue Hector Rivierez,0.0,0.0
201300057066,15,3,2013,13,1,973,11,2,1,1,2,Route de St Maurice,0.0,0.0
201300057067,30,3,2013,8,1,973,11,2,1,1,6,AVENUE GASTON MONNERVILL,0.0,0.0
201300057068,25,4,2013,12,1,973,11,2,1,1,1,18 rue Emmanuel TOLINGA,0.0,0.0
201300057069,10,8,2013,9,5,973,11,1,1,1,1,,0.0,0.0
201300057070,25,8,2013,14,1,973,11,1,1,1,1,,0.0,0.0
201300057071,29,8,2013,7,1,973,11,2,1,1,3,avenue Christophe Colomb,0.0,0.0
201300057072,18,9,2013,23,1,973,11,2,1,1,1,route de SAINT MAURICE,0.0,0.0
201300057073,20,9,2013,13,1,973,11,2,1,1,6,Rue Joseph Symphorien,0.0,0.0
201300057074,13,10,2013,6,2,973,11,1,1,7,6,,0.0,0.0
201300057075,23,11,2013,11,1,973,11,1,1,1,1,,0.0,0.0
201300057076,1,12,2013,4,3,973,11,2,1,1,7,Crique Balate -RD11,0.0,0.0
201300057077,17,12,2013,7,1,973,11,2,1,1,1,avenue paul castaing,0.0,0.0
201300057078,23,2,2013,9,1,973,6,2,1,2,6,rue de l'?glise,0.0,0.0
201300057079,3,3,2013,14,1,973,6,1,1,1,6,,0.0,0.0
201300057080,7,5,2013,20,4,973,6,2,1,1,6,Avenue Jean ELIE,0.0,0.0
201300057081,6,6,2013,16,2,973,6,1,1,1,6,,0.0,0.0
201300057082,17,7,2013,7,1,973,6,1,1,1,1,,0.0,0.0
201300057083,3,10,2013,16,1,973,6,1,1,1,7,,0.0,0.0
201300057084,13,10,2013,21,3,973,6,1,1,1,7,,0.0,0.0
201300057085,8,11,2013,18,3,973,6,1,1,1,1,,0.0,0.0
201300057086,15,1,2013,10,1,973,53,2,1,1,7,32 avenue L?onard Domerg,0.0,0.0
201300057087,15,1,2013,18,1,973,53,2,1,1,6,rue difou passi,0.0,0.0
201300057088,15,4,2013,11,1,973,53,2,1,1,6,rue difou passi,0.0,0.0
201300057089,3,4,2013,12,1,974,8,2,1,1,6,rue sarda Garriga,0.0,0.0
201300057090,1,10,2013,14,1,974,8,2,1,1,2,RUE DES ORANGERS,0.0,0.0
201300057091,16,1,2013,20,5,974,18,1,1,1,6,,0.0,0.0
201300057092,14,1,2013,18,1,974,18,1,1,1,3,,0.0,0.0
201300057093,19,1,2013,6,1,974,18,1,1,1,2,,0.0,0.0
201300057094,31,3,2013,6,2,974,18,1,1,1,6,,0.0,0.0
201300057095,16,4,2013,22,3,974,20,1,1,1,6,,0.0,0.0
201300057096,21,4,2013,17,1,974,18,2,1,7,6,Bd de la Fraternit?,0.0,0.0
201300057097,6,6,2013,20,3,974,18,2,1,1,6,rue luc donnat,0.0,0.0
201300057098,9,6,2013,11,1,974,20,2,1,1,3,13 chemin mont rose,0.0,0.0
201300057099,13,7,2013,0,5,974,18,1,1,1,3,,0.0,0.0
201300057100,16,8,2013,22,5,974,18,1,1,1,7,,0.0,0.0
201300057101,31,8,2013,18,2,974,20,2,1,2,6,,0.0,0.0
201300057102,12,10,2013,21,3,974,20,1,1,1,6,,0.0,0.0
201300057103,23,10,2013,10,1,974,18,1,1,1,6,,0.0,0.0
201300057104,27,10,2013,15,1,974,20,2,1,1,1,rue jacques bel air,0.0,0.0
201300057105,29,10,2013,23,3,974,18,1,1,1,1,,0.0,0.0
201300057106,15,11,2013,20,3,974,20,1,1,1,6,,0.0,0.0
201300057107,16,12,2013,10,1,974,18,1,1,1,7,,0.0,0.0
201300057108,7,7,2013,21,5,974,10,2,1,1,6,RUE DES POINSETIAS,0.0,0.0
201300057109,15,8,2013,20,5,974,10,2,1,1,6,,0.0,0.0
201300057110,11,12,2013,18,1,974,10,2,1,1,1,RUE DES DAHLIAS,0.0,0.0
201300057111,26,12,2013,7,2,974,10,2,1,2,6,rn 2002 la cabane,0.0,0.0
201300057112,22,2,2013,23,3,974,2,1,1,2,6,,0.0,0.0
201300057113,10,4,2013,5,3,974,2,1,1,1,6,,0.0,0.0
201300057114,1,5,2013,23,3,974,2,1,1,1,1,,0.0,0.0
201300057115,20,9,2013,18,3,974,2,1,1,1,1,,0.0,0.0
201300057116,20,11,2013,7,1,974,2,2,1,1,6,chemin Bras Panon,0.0,0.0
201300057117,11,3,2013,10,1,974,19,1,1,8,4,,0.0,0.0
201300057118,6,4,2013,20,5,974,19,2,1,2,1,route nationale 2,0.0,0.0
201300057119,30,5,2013,14,1,974,19,2,1,1,1,chemin Isnard - Piton,0.0,0.0
201300057120,6,6,2013,10,1,974,19,1,1,1,2,,0.0,0.0
201300057121,23,12,2013,8,1,974,19,1,1,1,3,,0.0,0.0
201300057122,18,8,2013,18,3,974,21,2,1,1,7,RUE DES EPICES,0.0,0.0
201300057123,14,9,2013,18,5,974,21,2,1,1,6,Rue du p?re Castagnan,0.0,0.0
201300057124,7,1,2013,18,1,974,6,2,1,1,2,327 RUE DE LA REPUBLIQUE,0.0,0.0
201300057125,2,6,2013,10,1,974,6,1,1,1,1,,0.0,0.0
201300057126,7,12,2013,17,1,974,6,2,1,2,2,rue des eucalyptus,0.0,0.0
201300057127,12,1,2013,23,3,974,15,1,1,1,6,ROUTE DIGUE,0.0,0.0
201300057128,31,1,2013,11,1,974,15,2,1,8,6,RN 1A CIMETIERE MARIN,0.0,0.0
201300057129,22,2,2013,9,1,974,15,1,1,3,3,,0.0,0.0
201300057130,4,5,2013,15,1,974,15,1,1,1,6,,0.0,0.0
201300057131,3,6,2013,9,1,974,15,1,1,1,2,,0.0,0.0
201300057132,15,6,2013,13,1,974,15,2,3,1,1,Route de la Poudri?re,0.0,0.0
201300057133,25,6,2013,8,1,974,15,1,1,1,6,,0.0,0.0
201300057134,3,8,2013,20,5,974,15,2,1,1,3,rue saint louis,0.0,0.0
201300057135,11,10,2013,18,5,974,15,1,1,1,2,,0.0,0.0
201300057136,24,11,2013,3,5,974,15,2,1,1,2,RN1 A,0.0,0.0
201300057137,3,2,2013,0,3,974,15,1,1,1,1,,0.0,0.0
201300057138,13,4,2013,5,3,974,55,1,1,1,1,,0.0,0.0
201300057139,1,7,2013,2,3,974,55,1,1,1,7,,0.0,0.0
201300057140,25,8,2013,7,1,974,15,1,1,1,2,,0.0,0.0
201300057141,6,11,2013,2,3,974,55,1,1,2,1,,0.0,0.0
201300057142,24,11,2013,5,2,974,55,2,1,1,1,rue du g?n?ral de gaulle,0.0,0.0
201300057143,11,12,2013,19,2,974,15,1,1,2,3,,0.0,0.0
201300057144,12,2,2013,11,1,974,23,1,3,1,3,,0.0,0.0
201300057145,18,8,2013,13,1,974,15,1,1,1,2,,0.0,0.0
201300057146,3,12,2013,20,3,974,15,1,2,1,1,,0.0,0.0
201300057147,5,1,2013,22,4,974,14,2,1,1,6,RUE DES OLIVIERS,0.0,0.0
201300057148,17,1,2013,17,1,974,14,2,1,1,1,RUE PENTE NICOLE,0.0,0.0
201300057149,28,1,2013,16,1,974,14,2,1,1,3,,0.0,0.0
201300057150,5,3,2013,18,2,974,14,1,1,1,1,,0.0,0.0
201300057151,6,7,2013,2,3,974,14,1,1,1,2,,0.0,0.0
201300057152,28,7,2013,19,3,974,14,1,1,1,1,,0.0,0.0
201300057153,12,8,2013,18,2,974,14,2,1,1,1,96 rue de la p?pini?re,0.0,0.0
201300057154,30,9,2013,19,4,974,14,2,1,1,3,33 rue des ecoliers,0.0,0.0
201300057155,14,10,2013,14,1,974,14,2,1,1,1,Rue Julia Sin?dia,0.0,0.0
201300057156,3,11,2013,15,1,974,14,1,1,1,6,,0.0,0.0
201300057157,23,12,2013,18,2,974,14,2,1,1,3,Avenue de Toulouse,0.0,0.0
201300057158,26,12,2013,8,1,974,14,2,1,1,3,,0.0,0.0
201300057159,2,7,2013,16,1,974,3,1,1,1,3,,0.0,0.0
201300057160,21,12,2013,15,1,974,3,1,1,1,1,,0.0,0.0
201300057161,10,3,2013,15,1,974,6,2,1,1,1,RN 3 PK 23,0.0,0.0
201300057162,17,3,2013,11,1,974,49,2,1,1,6,IMPASSE DE MEXICO,0.0,0.0
201300057163,19,8,2013,17,1,974,22,2,1,1,1,CHEMIN DE L'ECOLE,0.0,0.0
201300057164,26,11,2013,17,1,974,49,2,1,2,1,RN3 - PK 19,0.0,0.0
201300057165,1,1,2013,9,1,974,5,2,1,1,1,55 MAHE LABOURDONNAIS,0.0,0.0
201300057166,16,1,2013,15,1,974,5,1,1,1,4,,0.0,0.0
201300057167,23,1,2013,15,1,974,5,1,1,1,3,,0.0,0.0
201300057168,25,1,2013,17,1,974,12,1,1,1,5,,0.0,0.0
201300057169,16,2,2013,2,3,974,12,1,1,2,6,,0.0,0.0
201300057170,20,4,2013,11,1,974,5,2,1,1,1,rue Mah? de Labourdonnai,0.0,0.0
201300057171,22,4,2013,17,2,974,12,2,1,7,6,RN 2 rue Marcel Pagnol,0.0,0.0
201300057172,22,4,2013,11,2,974,12,1,1,1,6,,0.0,0.0
201300057173,5,5,2013,19,3,974,5,1,1,1,1,,0.0,0.0
201300057174,23,5,2013,20,5,974,5,1,1,1,6,,0.0,0.0
201300057175,7,6,2013,18,3,974,12,1,1,1,1,manapany les bains,0.0,0.0
201300057176,17,6,2013,8,1,974,5,1,1,1,6,,0.0,0.0
201300057177,1,8,2013,16,1,974,12,1,1,2,3,,0.0,0.0
201300057178,2,10,2013,7,1,974,12,2,1,2,6,rue hippolyte foucque,0.0,0.0
201300057179,15,10,2013,20,3,974,12,1,1,1,5,,0.0,0.0
201300057180,25,11,2013,20,3,974,5,1,1,8,1,,0.0,0.0
201300057181,5,12,2013,17,1,974,12,2,1,1,6,173 rue Albert Lougnon,0.0,0.0
201300057182,13,12,2013,23,3,974,12,2,1,1,7,route de la passerelle,0.0,0.0
201300057183,25,8,2013,19,3,974,17,1,1,1,6,,0.0,0.0
201300057184,8,9,2013,6,1,974,17,2,1,1,2,RN2 - Le Baril,0.0,0.0
201300057185,10,2,2013,13,1,974,22,2,1,1,6,314 rue emile Zola,0.0,0.0
201300057186,11,4,2013,0,5,974,22,2,1,1,7,rue du G?n?ral Ailleret,0.0,0.0
201300057187,20,4,2013,10,1,974,22,1,3,1,3,,0.0,0.0
201300057188,24,6,2013,17,1,974,22,1,1,1,5,,0.0,0.0
201300057189,27,6,2013,20,3,974,22,1,1,1,1,,0.0,0.0
201300057190,28,7,2013,12,1,974,22,2,1,1,6,Rue Edgar AVRIL,0.0,0.0
201300057191,3,8,2013,23,5,974,22,2,1,1,6,RN3 PK53+430,0.0,0.0
201300057192,19,8,2013,22,3,974,22,1,1,1,6,,0.0,0.0
201300057193,8,9,2013,6,1,974,22,2,1,1,1,RN 3 - 128 Rue LEBLOND,0.0,0.0
201300057194,19,10,2013,21,5,974,22,2,1,1,1,Rue Georges POMPIDOU,0.0,0.0
201300057195,17,12,2013,17,1,974,22,2,1,1,1,,0.0,0.0
201300057196,25,1,2013,11,1,976,11,1,1,1,3,,0.0,0.0
201300057197,18,2,2013,18,3,976,11,1,1,1,1,,0.0,0.0
201300057198,23,5,2013,18,3,976,11,1,1,1,3,,0.0,0.0
201300057199,12,6,2013,15,1,976,11,2,1,1,2,Route nationale 1,0.0,0.0
201300057200,22,6,2013,20,5,976,11,2,1,1,6,RN1 Longoni,0.0,0.0
201300057201,25,7,2013,6,1,976,11,1,1,1,1,,0.0,0.0
201300057202,1,9,2013,18,3,976,11,1,1,1,6,,0.0,0.0
201300057203,5,10,2013,5,3,976,11,1,1,1,3,,0.0,0.0
201300057204,23,11,2013,10,1,976,11,1,1,1,1,,0.0,0.0
201300057205,7,1,2013,22,3,976,15,2,1,1,6,ruelle Batsana quartier,0.0,0.0
201300057206,14,8,2013,11,1,976,15,2,1,1,6,8 RUE DU SMIAM,0.0,0.0
201300057207,13,9,2013,20,3,976,15,2,1,1,3,20 route nationale 4,0.0,0.0
201300057208,14,10,2013,21,5,976,15,2,1,1,6,rue du commerce,0.0,0.0
201300057209,9,11,2013,11,1,976,15,2,1,1,6,"9, rue mosquee",0.0,0.0
201300057210,16,11,2013,1,5,976,15,2,1,1,1,rue de la mairie,0.0,0.0
201300057211,16,12,2013,10,1,976,15,2,1,1,1,CARREFOUR DU SMIAM,0.0,0.0
201300057212,16,12,2013,17,1,976,15,2,1,1,6,rue de la ferme,0.0,0.0
201300057213,3,1,2013,8,1,976,16,2,1,1,6,CCD3 quartier Badjoni,0.0,0.0
201300057214,5,1,2013,23,3,976,17,2,1,1,7,CCT 1 - M'roalé,0.0,0.0
201300057215,9,11,2013,19,3,976,16,2,1,1,6,Rue du commerce,0.0,0.0
201300057216,23,11,2013,16,1,976,16,2,1,1,6,rue du stade,0.0,0.0
201300057217,31,12,2013,17,5,971,3,1,1,1,7,,0.0,0.0
201300057218,15,1,2013,6,3,971,3,1,1,1,6,,0.0,0.0
201300057219,29,1,2013,5,3,971,3,1,1,1,5,,0.0,0.0
201300057220,29,1,2013,19,3,971,3,1,1,1,6,,0.0,0.0
201300057221,2,2,2013,12,1,971,3,2,1,1,1,route du camp dugommier,0.0,0.0
201300057222,10,2,2013,6,2,971,3,1,1,1,6,,0.0,0.0
201300057223,24,2,2013,6,2,971,3,2,1,1,6,ZI JARRY  VOIE PRINCIPAL,0.0,0.0
201300057224,5,5,2013,8,1,971,3,2,1,1,1,Boulevard du Lamentin,0.0,0.0
201300057225,30,5,2013,21,5,971,3,1,1,1,3,,0.0,0.0
201300057226,3,7,2013,13,1,971,3,1,1,1,7,,0.0,0.0
201300057227,15,7,2013,5,5,971,3,1,1,1,1,,0.0,0.0
201300057228,23,7,2013,7,1,971,3,1,1,1,1,,0.0,0.0
201300057229,20,8,2013,9,1,971,3,2,1,1,1,Rue de la r?publique,0.0,0.0
201300057230,26,10,2013,3,5,971,3,1,1,1,6,,0.0,0.0
201300057231,2,11,2013,19,4,971,3,1,1,1,6,,0.0,0.0
201300057232,9,11,2013,5,2,971,3,2,1,1,5,Route de Bellecourt,0.0,0.0
201300057233,18,11,2013,4,5,971,3,1,1,1,3,,0.0,0.0
201300057234,2,12,2013,17,2,971,3,2,1,1,3,belcourt,0.0,0.0
201300057235,15,3,2013,5,3,973,60,2,1,1,6,,0.0,0.0
201300057236,24,4,2013,20,3,973,60,1,1,3,6,,0.0,0.0
201300057237,8,4,2013,11,1,973,62,1,1,1,1,,0.0,0.0
201300057238,4,7,2013,6,1,976,12,2,1,1,3,RN1 - Dzoumogn? -,0.0,0.0
201300057239,15,7,2013,7,1,976,12,1,1,1,6,,0.0,0.0
201300057240,5,11,2013,16,1,976,12,1,1,1,6,,0.0,0.0
201300057241,29,5,2013,19,3,976,4,1,1,1,1,,0.0,0.0
201300057242,5,9,2013,22,3,976,4,1,1,1,7,,0.0,0.0
201300057243,2,12,2013,15,1,976,4,2,1,1,3,Tsimkoura,0.0,0.0
201300057244,29,12,2013,5,2,976,4,1,1,1,1,,0.0,0.0
201300057245,6,1,2013,19,5,973,9,2,1,1,3,,0.0,0.0
201300057246,16,1,2013,19,4,973,9,2,1,1,3,169 rue des Flamboyant,0.0,0.0
201300057247,30,1,2013,17,1,973,9,2,1,1,1,chemin morne coco,0.0,0.0
201300057248,4,2,2013,18,1,973,9,1,1,2,1,,0.0,0.0
201300057249,8,2,2013,18,1,973,9,1,1,2,1,,0.0,0.0
201300057250,9,2,2013,14,1,973,9,2,1,1,1,Route de R?mire,0.0,0.0
201300057251,22,2,2013,8,1,973,9,1,1,1,2,,0.0,0.0
201300057252,12,3,2013,15,1,973,9,1,1,1,3,,0.0,0.0
201300057253,22,3,2013,17,1,973,9,2,1,1,3,,0.0,0.0
201300057254,25,3,2013,19,5,973,9,2,1,1,6,route de r?mire,0.0,0.0
201300057255,19,4,2013,17,1,973,9,1,1,1,1,,0.0,0.0
201300057256,5,5,2013,8,1,973,9,2,1,1,6,RUE ROBERT SAMPSON,0.0,0.0
201300057257,12,5,2013,17,2,973,9,2,1,2,3,avenue gaston monnervill,0.0,0.0
201300057258,18,5,2013,22,5,973,9,2,1,1,1,710 ROUTE DE rEMIRE,0.0,0.0
201300057259,12,7,2013,19,3,973,9,1,1,1,6,,0.0,0.0
201300057260,14,7,2013,18,2,973,9,1,1,1,2,,0.0,0.0
201300057261,27,7,2013,19,3,973,9,2,1,1,1,Av Gaston MONNERVILLE,0.0,0.0
201300057262,30,7,2013,17,2,973,9,2,1,1,4,RD 2,0.0,0.0
201300057263,1,8,2013,17,1,973,9,2,1,1,1,rue gaston monnerville,0.0,0.0
201300057264,14,8,2013,17,1,973,9,1,1,1,7,,0.0,0.0