Num_Acc,jour,mois,an,hr,condition_eclairage,departement,commune,condition_agglomeration,intersection,condition_atmosphere,type_collision,adresse,lattitude,longitude
201300057265,15,9,2013,19,5,973,9,1,1,1,3,,0.0,0.0
201300057266,16,10,2013,15,1,973,9,1,1,1,5,,0.0,0.0
201300057267,16,10,2013,21,5,973,9,2,1,1,2,Route de Montjoly,0.0,0.0
201300057268,20,10,2013,11,1,973,9,2,1,1,3,341 rte de r?mire,0.0,0.0
201300057269,20,10,2013,1,5,973,9,2,1,2,6,route des palges,0.0,0.0
201300057270,14,11,2013,19,5,973,9,2,1,1,3,rte remire/av just augus,0.0,0.0
201300057271,30,11,2013,8,5,973,9,2,1,1,5,Route de Montjoly,0.0,0.0
201300057272,9,12,2013,5,3,973,9,2,1,1,6,RN2 / carrefour BP 134,0.0,0.0
201300057273,1,5,2013,18,3,974,15,2,1,1,1,rue louis desjardins,0.0,0.0
201300057274,16,11,2013,21,3,974,40,2,1,1,5,Rue Etienne REGNAULT,0.0,0.0
201300057275,30,7,2013,7,1,974,13,1,1,1,3,,0.0,0.0
201300057276,30,8,2013,13,1,974,13,2,1,1,3,CD11 - STELLA,0.0,0.0
201300057277,7,9,2013,15,1,974,13,2,1,1,3,CD 11  - STELLA,0.0,0.0
201300057278,30,9,2013,8,1,974,13,2,1,1,3,6 RUE DU GENERAL LAMBERT,0.0,0.0
201300057279,23,12,2013,13,1,974,48,2,1,1,1,rue Canne Bambous,0.0,0.0
201300057280,18,2,2013,12,1,973,4,1,1,2,3,,0.0,0.0
201300057281,24,5,2013,5,2,973,4,1,1,1,6,,0.0,0.0
201300057282,7,12,2013,23,5,973,4,2,1,1,1,RUE BEAUDELAIRE,0.0,0.0
201300057283,12,1,2013,21,5,973,7,1,1,1,3,,0.0,0.0
201300057284,1,2,2013,15,1,973,7,1,1,1,3,,0.0,0.0
201300057285,25,2,2013,5,4,973,7,2,1,1,1,RN 2 PK 2+400,0.0,0.0
201300057286,25,3,2013,19,5,973,7,2,1,1,6,RN2  PK 0+700,0.0,0.0
201300057287,7,4,2013,20,5,973,7,2,1,1,6,Chemin Morthium,0.0,0.0
201300057288,12,5,2013,8,1,973,7,2,1,2,1,RN1 PK6+630,0.0,0.0
201300057289,21,5,2013,21,5,973,7,2,1,1,3,rue du champs de canne,0.0,0.0
201300057290,31,5,2013,19,5,973,7,1,1,1,3,,0.0,0.0
201300057291,25,6,2013,19,3,973,7,1,1,1,6,,0.0,0.0
201300057292,29,6,2013,19,2,973,7,1,1,1,1,,0.0,0.0
201300057293,29,6,2013,23,5,973,7,1,1,1,3,,0.0,0.0
201300057294,2,8,2013,8,1,973,7,2,2,1,3,rue Kalina,0.0,0.0
201300057295,6,8,2013,10,1,973,7,1,1,1,1,,0.0,0.0
201300057296,6,10,2013,1,3,973,7,2,1,1,6,RN 04 La Matourienne,0.0,0.0
201300057297,13,10,2013,19,5,973,7,1,1,1,1,,0.0,0.0
201300057298,26,10,2013,0,5,973,7,1,1,1,2,,0.0,0.0
201300057299,18,11,2013,8,2,973,7,2,1,1,7,PK 6 RN 2,0.0,0.0
201300057300,21,11,2013,6,1,973,7,1,1,1,3,,0.0,0.0
201300057301,23,11,2013,12,1,973,7,1,1,1,3,,0.0,0.0
201300057302,16,12,2013,11,1,973,7,1,1,3,1,,0.0,0.0
201300057303,21,12,2013,21,3,973,7,2,1,2,3,RN2,0.0,0.0
201300057304,12,11,2013,9,1,972,22,1,1,1,3,,0.0,0.0
201300057305,23,2,2013,21,3,974,15,1,1,1,6,,0.0,0.0
201300057306,28,2,2013,7,1,974,36,2,1,1,1,Avenue Auguste VINSON,0.0,0.0
201300057307,29,3,2013,22,5,974,57,2,1,1,7,Rue de l'Eglise,0.0,0.0
201300057308,8,6,2013,18,5,974,15,2,1,1,6,EPERON,0.0,0.0
201300057309,20,9,2013,16,2,974,56,2,1,7,6,Chemin Lacaille,0.0,0.0
201300057310,11,1,2013,20,3,974,13,2,1,1,1,,0.0,0.0
201300057311,20,3,2013,16,1,974,13,1,3,1,3,,0.0,0.0
201300057312,11,11,2013,8,1,974,13,2,1,1,3,CD 11 rue du mus?e,0.0,0.0
201300057313,22,12,2013,8,1,974,13,2,1,1,2,,0.0,0.0
201300057314,5,1,2013,5,5,971,32,1,1,8,6,,0.0,0.0
201300057315,25,1,2013,4,3,971,32,1,1,2,3,,0.0,0.0
201300057316,28,10,2013,16,1,971,9,1,1,1,6,,0.0,0.0
201300057317,27,11,2013,15,1,971,9,1,1,1,3,,0.0,0.0
201300057318,15,1,2013,8,1,974,14,2,1,1,3,Avenue principale,0.0,0.0
201300057319,17,1,2013,8,1,974,14,2,1,1,2,RN5-Route de CILAOS,0.0,0.0
201300057320,25,1,2013,17,1,974,14,1,1,1,6,,0.0,0.0
201300057321,9,3,2013,21,3,974,14,2,1,1,3,,0.0,0.0
201300057322,10,3,2013,13,1,974,14,2,1,1,1,route de Cilaos - RN 5 -,0.0,0.0
201300057323,9,6,2013,9,1,974,14,1,1,7,2,,0.0,0.0
201300057324,16,12,2013,6,1,974,14,2,1,1,6,rue Hubert Delisle,0.0,0.0
201300057325,20,12,2013,11,1,974,14,2,2,1,1,rue de Paris et Pr?toria,0.0,0.0
201300057326,13,2,2013,8,1,974,10,1,1,3,1,,0.0,0.0
201300057327,2,5,2013,16,1,974,10,1,1,1,1,,0.0,0.0
201300057328,7,5,2013,7,1,974,10,1,1,8,3,,0.0,0.0
201300057329,4,6,2013,7,1,974,10,1,1,7,6,,0.0,0.0
201300057330,28,7,2013,6,1,974,10,1,1,2,7,,0.0,0.0
201300057331,18,1,2013,19,5,972,29,2,1,1,5,,0.0,0.0
201300057332,9,5,2013,15,1,972,5,1,1,1,1,,0.0,0.0
201300057333,15,6,2013,17,1,972,34,1,1,1,1,,0.0,0.0
201300057334,15,2,2013,12,1,972,25,1,1,1,1,,0.0,0.0
201300057335,13,4,2013,21,3,972,4,1,1,1,1,,0.0,0.0
201300057336,16,6,2013,10,1,972,18,2,1,1,3,,0.0,0.0
201300057337,1,11,2013,20,5,972,25,1,1,1,7,,0.0,0.0
201300057338,21,1,2013,3,3,972,17,1,1,1,6,,0.0,0.0
201300057339,12,2,2013,12,1,972,17,2,1,1,1,avenue Aim? C?zaire,0.0,0.0
201300057340,9,3,2013,19,3,972,27,1,1,1,5,,0.0,0.0
201300057341,13,3,2013,18,1,972,20,2,1,1,1,rue frantz fanon,0.0,0.0
201300057342,7,4,2013,16,1,972,27,1,1,1,6,,0.0,0.0
201300057343,24,4,2013,11,1,972,27,2,1,1,6,,0.0,0.0
201300057344,6,5,2013,9,1,972,17,1,1,1,6,,0.0,0.0
201300057345,14,5,2013,15,1,972,26,1,1,1,1,,0.0,0.0
201300057346,2,6,2013,16,1,972,17,1,1,8,1,,0.0,0.0
201300057347,17,7,2013,12,1,972,27,1,1,1,1,,0.0,0.0
201300057348,17,7,2013,15,1,972,17,1,1,1,3,,0.0,0.0
201300057349,28,7,2013,21,3,972,27,1,1,1,4,,0.0,0.0
201300057350,11,9,2013,6,1,972,27,1,1,1,1,,0.0,0.0
201300057351,17,12,2013,23,3,972,20,1,1,1,6,,0.0,0.0
201300057352,23,12,2013,19,3,972,17,2,1,1,1,RN5 quartier La duprey,0.0,0.0
201300057353,27,1,2013,9,2,972,10,1,1,3,5,,0.0,0.0
201300057354,22,9,2013,18,5,972,10,2,1,1,3,RUE DE TRIANON,0.0,0.0
201300057355,14,1,2013,16,1,972,6,2,1,1,6,Rue de la Cannelle,0.0,0.0
201300057356,20,1,2013,8,1,972,21,2,1,1,6,RUE SCHOELCHER,0.0,0.0
201300057357,13,2,2013,21,5,972,2,2,1,1,1,Rue des Aliz?s,0.0,0.0
201300057358,26,2,2013,15,1,972,97,1,1,1,3,,0.0,0.0
201300057359,20,3,2013,20,5,972,21,2,1,2,6,D8a,0.0,0.0
201300057360,22,3,2013,17,1,972,21,1,1,1,1,,0.0,0.0
201300057361,26,5,2013,20,3,972,31,1,1,1,1,,0.0,0.0
201300057362,23,6,2013,0,3,972,31,1,1,1,6,,0.0,0.0
201300057363,17,8,2013,5,2,972,21,1,1,1,1,,0.0,0.0
201300057364,19,8,2013,1,3,972,21,1,1,3,2,,0.0,0.0
201300057365,17,10,2013,12,1,972,21,1,1,1,3,,0.0,0.0
201300057366,26,10,2013,5,2,972,21,1,1,1,6,,0.0,0.0
201300057367,31,10,2013,10,1,972,31,2,1,1,6,Rue Imp?ratice Jos?phine,0.0,0.0
201300057368,17,11,2013,13,1,972,21,1,1,1,5,,0.0,0.0
201300057369,29,12,2013,22,3,972,21,1,1,2,6,,0.0,0.0
201300057370,9,1,2013,6,1,972,7,1,1,1,3,,0.0,0.0
201300057371,9,3,2013,18,5,972,23,2,1,1,1,RD6 inter J. FERRY,0.0,0.0
201300057372,11,3,2013,17,1,972,7,1,1,1,7,,0.0,0.0
201300057373,26,3,2013,12,1,972,7,2,1,1,6,AVENUE FRANTZ FANON,0.0,0.0
201300057374,12,4,2013,15,1,972,7,2,1,1,6,Rue Edgar DUMAUZE,0.0,0.0
201300057375,5,5,2013,8,1,972,7,2,1,1,1,D4 quartier Morne Vert,0.0,0.0
201300057376,11,5,2013,5,2,972,7,2,1,1,6,RN5,0.0,0.0
201300057377,23,11,2013,22,3,972,7,1,1,1,5,,0.0,0.0
201300057378,15,3,2013,19,5,972,14,2,1,1,3,14 RUE DES RAMIERS,0.0,0.0
201300057379,17,3,2013,19,5,972,16,2,1,1,6,RN1 bourg,0.0,0.0
201300057380,14,2,2013,13,1,972,22,1,1,1,7,,0.0,0.0
201300057381,21,2,2013,6,1,972,12,1,1,1,3,,0.0,0.0
201300057382,25,2,2013,6,2,972,12,2,1,1,6,RD 15 - Flamboyant,0.0,0.0
201300057383,28,2,2013,19,5,972,22,2,6,1,6,boulevard Edouard Pid?ry,0.0,0.0
201300057384,9,3,2013,15,1,972,12,1,1,1,1,,0.0,0.0
201300057385,17,3,2013,21,5,972,22,1,1,1,3,,0.0,0.0
201300057386,2,5,2013,19,5,972,12,1,1,1,3,xx,0.0,0.0
201300057387,23,6,2013,3,3,972,22,1,1,1,7,,0.0,0.0
201300057388,15,9,2013,5,2,972,22,1,1,2,7,,0.0,0.0
201300057389,18,10,2013,20,5,972,22,2,1,1,3,Route de Pointe Fort,0.0,0.0
201300057390,7,11,2013,17,3,972,22,2,1,1,6,RN 1,0.0,0.0
201300057391,11,11,2013,21,5,972,12,1,1,1,1,,0.0,0.0
201300057392,1,1,2013,3,3,974,4,2,1,1,3,CD Rue raymond Barre,0.0,0.0
201300057393,16,3,2013,16,1,974,1,2,1,1,6,chemin Kerbel,0.0,0.0
201300057394,19,3,2013,10,1,974,4,2,1,1,3,re du casier rd 11,0.0,0.0
201300057395,14,5,2013,12,1,974,4,1,3,1,1,,0.0,0.0
201300057396,16,5,2013,17,1,974,1,2,1,1,3,rue de l'?glise,0.0,0.0
201300057397,29,9,2013,16,1,974,4,2,1,1,6,avenue Raymond barre,0.0,0.0
201300057398,8,10,2013,15,1,974,4,1,1,1,2,,0.0,0.0
201300057399,10,12,2013,14,1,974,1,1,1,1,2,,0.0,0.0
201300057400,3,5,2013,16,1,974,5,1,1,3,7,RUE MEZINO,0.0,0.0
201300057401,10,2,2013,3,3,974,22,1,1,2,1,,0.0,0.0
201300057402,17,2,2013,1,3,974,22,1,1,1,6,,0.0,0.0
201300057403,17,5,2013,9,1,974,22,2,1,1,3,54 rue du G?n?ral De Gau,0.0,0.0
201300057404,5,2,2013,9,1,971,5,2,1,1,6,Z.A.  CALBASSIER,0.0,0.0
201300057405,7,2,2013,15,1,971,5,2,2,1,3,FELIX EBOUE (BOULVARD G.,0.0,0.0
201300057406,1,3,2013,17,1,971,5,2,6,1,1,"00, CHARLES DE GAULLE (B",0.0,0.0
201300057407,5,3,2013,12,1,971,5,2,1,1,3,PERES DOMINICAINS(AVENUE,0.0,0.0
201300057408,9,3,2013,22,5,971,5,2,1,1,3,RN2,0.0,0.0
201300057409,23,3,2013,23,5,971,5,2,1,1,1,CHARLES DE GAULLE (BD DU,0.0,0.0
201300057410,3,4,2013,20,5,971,5,2,1,1,7,R.N.3,0.0,0.0
201300057411,10,4,2013,10,1,971,5,1,1,1,3,R.N.3,0.0,0.0
201300057412,17,4,2013,17,1,971,5,2,1,1,1,CHARLES DE GAULLE (BOULE,0.0,0.0
201300057413,28,4,2013,7,1,971,5,2,1,1,6,CHARLES DE GAULLE (BD DU,0.0,0.0
201300057414,17,5,2013,14,1,971,5,2,1,1,1,ABBE GREGOIRE (AV),0.0,0.0
201300057415,1,6,2013,8,1,971,5,2,6,1,3,GOUVERNEUR DU LYON (AVE),0.0,0.0
201300057416,26,7,2013,13,1,971,21,2,1,-1,3,ARLES DE GAULLE (BD DU,0.0,0.0
201300057417,13,8,2013,13,1,971,21,1,1,-1,3,LOGNE (ROUTE DE),0.0,0.0
201300057418,6,9,2013,13,1,971,20,2,1,-1,3,LOGNE (ROUTE DE),0.0,0.0
201300057419,27,9,2013,18,5,971,22,1,3,1,3,LOGNE (ROUTE DE),0.0,0.0
201300057420,29,9,2013,9,1,971,5,2,1,1,6,MAUCHANAL (RUE),0.0,0.0
201300057421,29,10,2013,12,1,971,5,2,1,1,6,"05, VICTOR HUGUES (RUE)",0.0,0.0
201300057422,8,11,2013,15,1,971,5,2,1,1,2,"55, FELIX EBOUE (BOULVAR",0.0,0.0
201300057423,12,11,2013,17,1,971,5,2,1,1,6,LARDENOY (RUE DE ),0.0,0.0
201300057424,17,11,2013,10,1,971,5,2,2,1,3,CABRE (RUE DU DOCTEUR),0.0,0.0
201300057425,22,11,2013,19,5,971,29,1,1,-1,3,UL LACAVE (AVENUE ),0.0,0.0
201300057426,7,12,2013,22,5,971,5,1,1,3,6,SIDAMBAROM(AVENUE),0.0,0.0
201300057427,10,12,2013,16,1,971,5,2,1,1,6,GASTON FEUILLARD(AVENUE),0.0,0.0
201300057428,14,1,2013,11,1,971,7,2,1,1,3,DUMANOIR ( ALLEE ),0.0,0.0
201300057429,22,12,2013,23,5,971,7,2,1,1,6,6SAINT RUFF (AVENUE),0.0,0.0
201300057430,13,1,2013,11,1,971,7,2,1,3,3,GERMAIN ST RUF (AVENUE ),0.0,0.0
201300057431,17,1,2013,18,5,971,7,2,3,1,6,DELGRES ( BOULEVARD ),0.0,0.0
201300057432,15,3,2013,20,5,971,7,2,1,1,3,FLAMBOYANTS ( ALLEE DES),0.0,0.0
201300057433,3,5,2013,19,5,971,7,2,9,1,3,DELGRES ( BOULEVARD ),0.0,0.0
201300057434,16,5,2013,19,5,971,7,2,3,1,6,FLAMBOYANTS ( ALLEE DES,0.0,0.0
201300057435,17,5,2013,15,1,971,7,2,2,1,1,GERARD MARIANNE,0.0,0.0
201300057436,17,5,2013,18,4,971,7,2,1,1,3,PAUL LACAVE ( AVENUE ),0.0,0.0
201300057437,21,5,2013,19,5,971,7,2,1,1,1,"2, MARQUISAT ( ROUTE DE",0.0,0.0
201300057438,6,7,2013,15,1,971,7,1,1,1,2,MARQUISAT ( ROUTE DE ),0.0,0.0
201300057439,8,8,2013,15,1,971,7,2,1,1,3,PAUL LACAVE ( AVENUE ),0.0,0.0
201300057440,17,8,2013,23,5,971,7,2,1,1,6,7MARQUISAT ( ROUTE DE ),0.0,0.0
201300057441,18,8,2013,23,5,971,7,2,1,1,6,MARQUISAT ( ROUTE DE ),0.0,0.0
201300057442,17,8,2013,17,2,971,7,2,1,1,6,DELGRES ( BOULEVARD ),0.0,0.0
201300057443,8,8,2013,11,1,971,7,2,1,1,3,MARQUISAT ( ROUTE DE ),0.0,0.0
201300057444,17,11,2013,13,1,971,7,2,2,1,1,3GERMAIN ST RUF (AVENUE,0.0,0.0
201300057445,25,7,2013,21,5,971,7,2,1,1,6,7SAINT RUFF (AVENUE),0.0,0.0
201300057446,10,12,2013,16,1,971,7,2,2,3,5,1SAINT RUFF (AVENUE),0.0,0.0
201300057447,2,1,2013,16,1,971,13,1,3,1,3,"RN4, Morne Salines",0.0,0.0
201300057448,3,1,2013,13,1,971,13,2,2,1,3,"RD 119, GENERAL DE GAULL",0.0,0.0
201300057449,21,2,2013,8,1,971,7,2,1,1,1,3ELIE CHAUFFREIN ( RUE ),0.0,0.0
201300057450,6,1,2013,3,5,971,13,1,1,1,6,"RN 4, RN4-ROND POINT SAI",0.0,0.0
201300057451,6,1,2013,19,5,971,20,2,1,8,3,"RD 103, HOPITAL (BOULEVA",0.0,0.0
201300057452,9,1,2013,10,1,971,1,1,1,1,2,"RN 4, CHAUVEL",0.0,0.0
201300057453,25,3,2013,18,1,971,7,2,1,-1,1,3GALBAS (CHEMIN DES ),0.0,0.0
201300057454,13,1,2013,18,2,971,1,2,6,1,6,"RD129, DUGAZON",0.0,0.0
201300057455,13,1,2013,21,5,971,1,2,2,1,3,"00, MARECHAL LECLERC",0.0,0.0
201300057456,20,1,2013,5,2,971,1,1,1,1,1,"00, ROUTE DE BOULIQUI",0.0,0.0
201300057457,20,1,2013,16,1,971,13,2,1,1,3,"RD 119, ROUTE DE PERINET",0.0,0.0
201300057458,20,1,2013,22,5,971,20,2,8,1,6,"00, BD LEGITIMUS",0.0,0.0
201300057459,27,1,2013,16,1,971,1,2,2,2,6,"00, MAIRIE",0.0,0.0
201300057460,1,2,2013,17,1,971,1,1,3,1,3,"00, DUGAZON DE BOURGOGNE",0.0,0.0
201300057461,6,2,2013,18,2,971,13,1,1,1,4,"RN 4, BAS DU FORT",0.0,0.0
201300057462,4,2,2013,8,1,971,13,2,1,1,5,"RN 4, RN4 - SECTION RIVI",0.0,0.0
201300057463,8,2,2013,12,1,971,1,2,1,1,6,"RD 125, GRAND CAMP(SECTI",0.0,0.0
201300057464,10,2,2013,2,5,971,13,1,1,1,7,"RD 103, SECTION COCOYER",0.0,0.0
201300057465,13,2,2013,5,5,971,13,2,1,1,6,"RD 103, SECTION COCOYER",0.0,0.0
201300057466,14,2,2013,20,3,971,1,1,1,1,6,"RN 11, RN11",0.0,0.0
201300057467,23,2,2013,9,1,971,13,2,1,1,6,"RN 4, SECTION MARE-GAILL",0.0,0.0
201300057468,28,2,2013,13,1,971,1,2,1,1,2,"RD 103, BESSON",0.0,0.0
201300057469,29,10,2013,12,1,971,20,1,6,1,6,", VICTOR HUGUES (RUE)",0.0,0.0
201300057470,16,2,2013,19,3,971,1,2,1,1,6,"RN 5, RN05",0.0,0.0
201300057471,8,11,2013,15,1,971,5,1,1,5,6,", FELIX EBOUE (BOULVAR",0.0,0.0
201300057472,12,11,2013,17,1,971,5,1,6,-1,6,RDENOY (RUE DE ),0.0,0.0
201300057473,7,3,2013,0,3,971,1,1,1,1,2,"RD 126, PALAIS ROYAL",0.0,0.0
201300057474,5,3,2013,16,1,971,13,2,1,1,3,"8, GENERAL DE GAULLE (A",0.0,0.0
201300057475,17,11,2013,10,1,971,5,1,3,-1,3,CABRE (RUE DU DOCTEUR),0.0,0.0
201300057476,10,3,2013,19,5,971,1,1,1,1,3,"RD 101, CHAZEAU",0.0,0.0
201300057477,15,3,2013,13,1,971,1,1,3,1,6,"00, PETIT PEROU",0.0,0.0
201300057478,15,3,2013,17,5,971,1,2,1,1,6,"00, POINTE D'OR",0.0,0.0
201300057479,15,3,2013,20,5,971,20,2,3,1,3,"RD 103, HOPITAL (BOULEVA",0.0,0.0
201300057480,21,3,2013,6,1,971,13,2,1,1,2,"RN 4, SECTION PLIANE",0.0,0.0
201300057481,23,3,2013,22,5,971,20,2,1,1,6,"00, RAPHAEL CIPOLIN",0.0,0.0
201300057482,1,4,2013,18,1,971,1,2,1,1,6,"RD 129, LACROIX",0.0,0.0
201300057483,6,4,2013,12,1,971,1,1,1,1,6,"RN 5, HIBISCUS",0.0,0.0
201300057484,7,4,2013,18,1,971,1,2,1,1,6,"00, POINTE D'OR",0.0,0.0
201300057485,8,4,2013,8,1,971,13,1,1,1,1,"00, Section Port Blanc",0.0,0.0
201300057486,8,4,2013,20,4,971,1,1,1,1,6,"RN 5, DOTHEMARE",0.0,0.0
201300057487,9,4,2013,13,1,971,13,2,1,1,2,"RD 127, MONTAUBAN (SECTE",0.0,0.0
201300057488,10,4,2013,18,5,971,13,2,1,1,6,"12, MONTAUBAN (SECTEUR)",0.0,0.0
201300057489,12,4,2013,8,1,971,1,1,3,1,3,"RD 129, LOTISSEMENT FARR",0.0,0.0
201300057490,14,4,2013,12,1,971,1,2,2,1,3,"RD 125, LE RAIZET(SECTEU",0.0,0.0
201300057491,13,4,2013,20,3,971,20,2,1,1,1,"RD 126, GERTY ARCHIMEDE",0.0,0.0
201300057492,14,4,2013,18,2,971,1,2,3,1,3,"RD 126, Fr?d?ric JALTON",0.0,0.0
201300057493,28,3,2013,19,4,971,1,1,1,1,1,"00, BOZON",0.0,0.0
201300057494,17,4,2013,16,1,971,1,2,3,1,3,"RD 126, Fr?d?ric JALTON",0.0,0.0
201300057495,20,4,2013,1,5,971,1,1,1,3,2,"RN4, RN1 ROCADE DE CHAUV",0.0,0.0
201300057496,21,4,2013,21,5,971,1,1,1,1,1,"RN 1, RN1-  HAUTEUR DE S",0.0,0.0
201300057497,26,4,2013,22,4,971,13,1,1,8,2,"RN 4, RN4 - SECTION RIVI",0.0,0.0
201300057498,27,4,2013,16,1,971,13,1,1,1,1,"RD 103, Section Port Bla",0.0,0.0
201300057499,3,5,2013,17,1,971,13,2,1,1,3,"RN 4, RN4 - SECTION RIVI",0.0,0.0
201300057500,4,5,2013,21,5,971,20,2,2,1,3,"00, FREBAULT",0.0,0.0
201300057501,6,5,2013,15,1,971,13,2,1,1,1,"187, SECTION PLIANE",0.0,0.0
201300057502,7,5,2013,10,1,971,20,2,1,1,3,"00, RASPAIL",0.0,0.0
201300057503,7,5,2013,22,5,971,1,2,1,1,3,"RD 103, CHAUVEL",0.0,0.0
201300057504,8,5,2013,4,2,971,1,1,1,1,7,"RN1, BAIMBRIDGE",0.0,0.0
201300057505,18,5,2013,6,2,971,13,2,1,1,6,"RN 4, SECTION MARE-GAILL",0.0,0.0
201300057506,18,5,2013,16,1,971,1,2,2,1,3,"00, MARECHAL LECLERC",0.0,0.0
201300057507,25,5,2013,8,1,971,13,1,1,1,3,"RD 103, SECTION LEROUX",0.0,0.0
201300057508,25,5,2013,21,5,971,1,1,1,1,6,"RD, PERRIN",0.0,0.0
201300057509,30,5,2013,8,1,971,1,1,1,1,6,"RD 126, VIEUX BOURG",0.0,0.0
201300057510,8,6,2013,6,1,971,1,1,1,1,1,"00, Fr?d?ric JALTON",0.0,0.0
201300057511,9,6,2013,2,5,971,20,1,1,1,6,"RN 4, BLANCHARD",0.0,0.0
201300057512,14,6,2013,10,1,971,20,2,1,1,6,"00, RUE EUVREMONT GENE",0.0,0.0
201300057513,15,6,2013,17,1,971,1,2,1,1,2,"RN 5, ROUTE DES ABYMES",0.0,0.0
201300057514,18,6,2013,17,1,971,1,2,1,1,4,"RN 5, MORNE VERGAIN",0.0,0.0
201300057515,22,6,2013,16,1,971,1,2,6,1,3,"RN 5, HIBISCUS",0.0,0.0
201300057516,1,7,2013,19,3,971,1,1,3,1,6,"RD 102, ROUTE DE BOISVIN",0.0,0.0
201300057517,7,7,2013,0,5,971,13,1,1,1,6,"RN 4, GRAND BAIE ( RN4)",0.0,0.0
201300057518,13,7,2013,5,1,971,13,1,1,1,6,"1404, RN4 - SECTION RIVI",0.0,0.0
201300057519,16,7,2013,7,1,971,13,1,1,2,5,"RN 4, Morne Salines",0.0,0.0
201300057520,17,7,2013,13,1,971,1,1,1,2,2,"00, RUE JEAN  IGNACE",0.0,0.0
201300057521,20,7,2013,1,4,971,1,1,1,1,5,"RN 11, AEROPORT POLE CAR",0.0,0.0
201300057522,24,7,2013,1,5,971,13,1,1,1,6,"RN 4, RN4 - SECTION RIVI",0.0,0.0
201300057523,24,7,2013,13,1,971,13,1,1,1,6,"RN 4, RN4 - SECTION RIVI",0.0,0.0
201300057524,24,7,2013,17,1,971,20,2,1,1,3,"00, ANACAONA (RESIDENCE)",0.0,0.0
201300057525,31,7,2013,12,1,971,20,2,1,1,5,"RD 103, HOPITAL (BOULEVA",0.0,0.0
201300057526,5,8,2013,15,1,971,1,1,4,1,5,"2142, COCOYER",0.0,0.0
201300057527,6,8,2013,12,1,971,1,2,1,1,5,"RN 5, RN5-BOISRIPEAUX",0.0,0.0
201300057528,11,8,2013,3,4,971,1,2,1,1,6,"RN 5, MORNE VERGAIN",0.0,0.0
201300057529,24,8,2013,6,1,971,1,1,1,1,6,"RN 4, BLANCHARD",0.0,0.0
201300057530,31,8,2013,5,2,971,13,1,4,1,6,"00, BAS DU FORT",0.0,0.0
201300057531,31,8,2013,8,1,971,13,1,1,2,5,"RN 4, RN4 - SECTION RIVI",0.0,0.0
201300057532,8,9,2013,21,5,971,13,1,1,1,1,"RD 103, SECTION BESSON",0.0,0.0
201300057533,16,9,2013,8,1,971,1,2,8,1,6,"RD 125, GRAND CAMP(SECTI",0.0,0.0
201300057534,16,9,2013,10,1,971,1,1,1,1,5,"RN 1, RN1-  HAUTEUR DE S",0.0,0.0
201300057535,20,9,2013,17,1,971,1,2,2,1,5,"RD 125, GRAND CAMP(SECTI",0.0,0.0
201300057536,21,9,2013,4,5,971,1,1,1,1,2,"RN 1, RN1 ROCADE DE CHAU",0.0,0.0
201300057537,24,9,2013,14,1,971,1,2,3,1,3,"00, CHAUVEL",0.0,0.0
201300057538,7,10,2013,23,5,971,13,1,1,2,1,"RN 4, RN4 - SECTION RIVI",0.0,0.0
201300057539,7,10,2013,7,1,971,1,1,1,2,3,"RN 5, RN05",0.0,0.0
201300057540,10,10,2013,14,1,971,13,1,3,1,3,"RN 4, SECTION GRANDE RAV",0.0,0.0
201300057541,10,10,2013,10,1,971,1,2,1,1,3,"RN 5, PETIT PEROU",0.0,0.0
201300057542,20,10,2013,16,1,971,13,1,1,8,6,"00, SECTION PLIANE",0.0,0.0
201300057543,20,10,2013,9,1,971,1,2,2,2,3,"00, Fr?d?ric JALTON",0.0,0.0
201300057544,19,10,2013,6,1,971,1,2,1,1,6,"RN 05, RN05",0.0,0.0
201300057545,24,10,2013,9,1,971,13,1,1,2,1,"00, SECTION LEROUX",0.0,0.0
201300057546,26,10,2013,18,4,971,20,2,1,1,6,"00, RUE EUVREMONT GENE",0.0,0.0
201300057547,30,10,2013,6,1,971,1,1,3,1,2,"RD 103, BESSON",0.0,0.0
201300057548,4,11,2013,8,1,971,1,1,2,1,3,"RD 126, Fr?d?ric JALTON",0.0,0.0
201300057549,18,10,2013,19,5,971,1,2,3,1,3,"RD 101, CHAZEAU",0.0,0.0
201300057550,6,11,2013,13,1,971,13,1,1,1,3,"RN 4, SECTEUR DAMPIERRE",0.0,0.0
201300057551,10,11,2013,22,3,971,13,1,1,1,3,"RN 4, SECTION MARE-GAILL",0.0,0.0
201300057552,11,11,2013,10,1,971,1,1,6,1,3,"RN 5, PERRIN",0.0,0.0
201300057553,25,10,2013,21,3,971,1,1,1,2,6,"00, BORICAUD  (SECTION)",0.0,0.0
201300057554,13,11,2013,8,1,971,13,1,1,1,1,"RD 103, SECTION COCOYER",0.0,0.0
201300057555,14,11,2013,7,1,971,1,2,1,1,6,"2, MORNE CARUEL",0.0,0.0
201300057556,14,11,2013,10,1,971,1,2,1,1,3,"RD 101, ROUTE DE CHAZEAU",0.0,0.0
201300057557,25,11,2013,6,1,971,32,2,3,3,3,"D 127, MONTAUBAN (SECTE",0.0,0.0
201300057558,25,11,2013,23,3,971,1,2,3,1,3,"RD 129, BAIMBRIDGE",0.0,0.0
201300057559,26,11,2013,7,1,971,31,2,3,3,3,"D 103, SECTION COCOYER",0.0,0.0
201300057560,26,11,2013,19,3,971,1,1,1,1,3,"RN 11, AEROPORT POLE CAR",0.0,0.0
201300057561,28,11,2013,12,1,971,1,1,1,1,3,"RD 126, AUTO GUADELOUPE",0.0,0.0
201300057562,2,12,2013,7,1,971,13,1,1,1,1,"RD 103, SECTION COCOYER",0.0,0.0
201300057563,11,10,2013,21,3,971,1,1,1,1,6,"00, POINTE D'OR",0.0,0.0
201300057564,3,12,2013,8,1,971,13,1,1,2,3,"RN 4, RN4 - SECTION RIVI",0.0,0.0
201300057565,8,12,2013,6,2,971,1,1,1,9,7,"RD 126, PERRIN",0.0,0.0
201300057566,7,12,2013,8,1,971,13,2,1,2,1,"00, BAS DU FORT",0.0,0.0