Num_Acc,jour,mois,an,hr,condition_eclairage,departement,commune,condition_agglomeration,intersection,condition_atmosphere,type_collision,adresse,lattitude,longitude
201300057567,9,12,2013,20,5,971,1,2,1,1,1,"00, BLD DES FRITES- LE R",0.0,0.0
201300057568,5,1,2013,13,1,972,9,2,1,1,7,"Comm, MONTESQUIEU (RUE)",0.0,0.0
201300057569,6,1,2013,14,1,972,9,1,1,1,3,"RD13A, JAMBETTE (ROUTE D",0.0,0.0
201300057570,7,1,2013,1,5,972,9,2,1,1,6,"Comm, LIBERTE (RUE DE LA",0.0,0.0
201300057571,7,1,2013,3,5,972,9,2,1,8,7,"RD41, RD 41",0.0,0.0
201300057572,7,1,2013,13,1,972,9,2,1,1,6,"Comm, DILLON (AVENUE DE)",0.0,0.0
201300057573,11,1,2013,18,2,972,9,2,2,1,6,"Comm, ISAMBERT (RUE)",0.0,0.0
201300057574,12,1,2013,11,1,972,9,1,1,1,6,"Comm, GODISSARD (BOULEVA",0.0,0.0
201300057575,18,1,2013,20,5,972,9,1,3,1,3,"0, RAVINE VILAINE (CHEMI",0.0,0.0
201300057576,20,1,2013,19,5,972,9,2,1,1,6,"RD40, SOLEIL LEVANT (BOU",0.0,0.0
201300057577,20,1,2013,21,5,972,9,2,1,1,6,"RN1, GENERAL DE GAULLE (",0.0,0.0
201300057578,20,1,2013,23,5,972,9,2,1,1,6,"Comm, RAVINE MOREAU (RUE",0.0,0.0
201300057579,24,1,2013,15,1,972,9,2,3,1,3,"RD, Bretelle sortie A1",0.0,0.0
201300057580,25,1,2013,13,1,972,9,2,1,1,6,"RN01, GENERAL DE GAULLE",0.0,0.0
201300057581,26,1,2013,6,5,972,9,2,1,8,7,"Rn01, AUTOROUTE (A1)",0.0,0.0
201300057582,26,1,2013,22,5,972,9,2,1,1,7,"RN01, GENERAL DE GAULLE",0.0,0.0
201300057583,2,2,2013,20,5,972,9,2,1,1,1,"Comm, ERNEST DEPROGE (RU",0.0,0.0
201300057584,4,2,2013,18,5,972,9,2,1,1,6,"RN01, GENERAL DE GAULLE",0.0,0.0
201300057585,6,2,2013,6,2,972,9,1,2,1,3,"A1, Bretelle sortie A1",0.0,0.0
201300057586,8,2,2013,3,5,972,9,1,1,1,7,"RN3, REDOUTE (ROUTE DE L",0.0,0.0
201300057587,9,2,2013,9,1,972,9,2,1,1,2,"RN 03, MAURICE BISHOP (A",0.0,0.0
201300057588,11,2,2013,4,5,972,9,2,1,3,6,"139, RELIGIEUSES (ROUTE",0.0,0.0
201300057589,11,2,2013,20,5,972,9,1,1,1,6,"RN 01, MAURICE BISHOP (A",0.0,0.0
201300057590,12,2,2013,22,5,972,9,2,1,1,6,"Comm, ERNEST DEPROGE (RU",0.0,0.0
201300057591,16,2,2013,21,5,972,9,2,2,1,6,"6Comm, TOURELLES (AVENUE",0.0,0.0
201300057592,18,2,2013,19,5,972,9,2,1,1,6,"6RN4, REDOUTE (ROUTE DE",0.0,0.0
201300057593,19,2,2013,8,1,972,9,2,2,1,6,"6Comm, CIMENTERIE (RUE D",0.0,0.0
201300057594,22,2,2013,7,1,972,9,2,2,1,6,"6RD48, RELIGIEUSES (ROUT",0.0,0.0
201300057595,24,2,2013,5,2,972,9,2,1,1,6,"6RD13, JAMBETTE (ROUTE D",0.0,0.0
201300057596,24,2,2013,21,3,972,9,2,1,1,6,"7RN9, RN9",0.0,0.0
201300057597,1,3,2013,18,1,972,9,2,1,1,5,"6RD13A, JAMBETTE (ROUTE",0.0,0.0
201300057598,1,3,2013,23,5,972,9,2,2,1,6,"7124, RAVINE VILAINE (CH",0.0,0.0
201300057599,2,3,2013,18,1,972,9,2,1,1,6,"6Comm, PATCHOULI (RUE DU",0.0,0.0
201300057600,4,3,2013,16,1,972,9,2,1,1,1,"1RN3, BALATA (ROUTE DE)",0.0,0.0
201300057601,8,3,2013,22,5,972,9,2,2,4,5,"6RN1, MAURICE BISHOP (AV",0.0,0.0
201300057602,9,3,2013,2,5,972,9,2,1,1,6,"7RN4, REDOUTE (ROUTE DE",0.0,0.0
201300057603,13,3,2013,19,5,972,9,2,2,2,6,"6RD51, ABBE LAVIGNE (AVE",0.0,0.0
201300057604,14,3,2013,22,5,972,9,2,1,1,6,"7RN4, REDOUTE (ROUTE DE",0.0,0.0
201300057605,14,3,2013,22,3,972,9,2,1,1,6,"6RN09, RN9",0.0,0.0
201300057606,16,3,2013,17,1,972,9,2,1,1,1,"3RN3, BALATA (ROUTE DE)",0.0,0.0
201300057607,16,3,2013,18,2,972,9,2,1,1,6,"6Comm, SOWETO (BOULEVARD",0.0,0.0
201300057608,22,3,2013,13,1,972,9,2,1,1,1,"1RD45, DIDIER (ROUTE DE)",0.0,0.0
201300057609,29,3,2013,11,1,972,9,2,1,1,1,"1RN3, BALATA (ROUTE DE)",0.0,0.0
201300057610,30,3,2013,20,5,972,9,2,1,1,6,"6Comm, PIERRE ET MARIE C",0.0,0.0
201300057611,30,3,2013,21,5,972,9,2,1,1,1,"3RD 13A, JAMBETTE (ROUTE",0.0,0.0
201300057612,31,3,2013,5,3,972,9,2,1,1,1,"6RD41, RD 41",0.0,0.0
201300057613,1,4,2013,1,3,972,9,2,1,1,6,"RD41, RD 41 (ROCADE)",0.0,0.0
201300057614,5,4,2013,9,1,972,9,1,6,1,3,rd13,0.0,0.0
201300057615,6,4,2013,0,5,972,9,2,1,1,3,CHEVALIER SAINTE-MARTHE,0.0,0.0
201300057616,9,4,2013,9,5,972,9,2,1,1,6,"RD 59, VICTOR LAMON (AVE",0.0,0.0
201300057617,10,4,2013,18,5,972,9,2,1,1,6,"RD 13, CHATEAUBOEUF (ROU",0.0,0.0
201300057618,14,4,2013,11,1,972,9,2,1,1,6,"Comm, MONTESQUIEU (RUE)",0.0,0.0
201300057619,15,4,2013,17,1,972,9,1,1,1,6,"Rn 3, BALATA (ROUTE DE)",0.0,0.0
201300057620,18,4,2013,18,5,972,9,2,1,1,3,"Rocade, RD 41",0.0,0.0
201300057621,24,4,2013,14,1,972,9,1,1,8,7,"Rocade, RD 41",0.0,0.0
201300057622,27,4,2013,17,1,972,9,1,1,1,7,"RN  09, RN9",0.0,0.0
201300057623,28,4,2013,20,3,972,9,2,1,1,6,"Rocade, RD 41",0.0,0.0
201300057624,5,5,2013,2,5,972,9,2,1,1,6,"Rocade, RD 41",0.0,0.0
201300057625,6,5,2013,14,1,972,9,2,1,1,6,"rd 42, ALFASSA (BOULEVAR",0.0,0.0
201300057626,7,5,2013,16,1,972,9,2,1,1,6,"RD 52, PASTEUR (AVENUE)",0.0,0.0
201300057627,9,5,2013,10,1,972,9,1,3,1,3,"Comm, BOIS THIBAULT (CHE",0.0,0.0
201300057628,10,5,2013,12,1,972,9,2,1,1,6,"RD 44, REVEREND PERE PIN",0.0,0.0
201300057629,10,5,2013,13,1,972,9,2,1,1,3,"Comm, BOUILLE (RUE)",0.0,0.0
201300057630,11,5,2013,3,3,972,9,1,1,1,1,"RN03, BALATA (ROUTE DE)",0.0,0.0
201300057631,16,5,2013,16,1,972,9,2,1,1,7,"RN1, MAURICE BISHOP (AVE",0.0,0.0
201300057632,18,5,2013,4,5,972,9,2,1,8,7,"Comm, JUVENAL LINVAL (RU",0.0,0.0
201300057633,19,5,2013,21,5,972,9,1,3,1,3,"A1, Chateauboeuf  (Pont",0.0,0.0
201300057634,21,5,2013,7,1,972,9,2,1,2,6,"RD 13, CHATEAUBOEUF (ROU",0.0,0.0
201300057635,24,5,2013,9,1,972,9,2,1,1,6,"RD13, CHATEAUBOEUF (ROUT",0.0,0.0
201300057636,30,5,2013,10,1,972,9,2,1,1,6,"RN1, GENERAL DE GAULLE (",0.0,0.0
201300057637,31,5,2013,19,5,972,9,2,1,1,6,"RD41, RD 41",0.0,0.0
201300057638,4,6,2013,13,1,972,9,2,1,1,2,"RN1, MAURICE BISHOP (AVE",0.0,0.0
201300057639,6,6,2013,12,1,972,9,2,1,1,1,"Comm, PATRICE LUMUMBA (R",0.0,0.0
201300057640,7,6,2013,11,1,972,9,1,1,1,3,"RD 45, PROFESSEUR RAYMON",0.0,0.0
201300057641,14,6,2013,21,5,972,9,1,1,1,1,"RD13 A, JAMBETTE (ROUTE",0.0,0.0
201300057642,15,6,2013,17,1,972,9,2,1,1,6,"RD 13, CHATEAUBOEUF (ROU",0.0,0.0
201300057643,16,6,2013,11,1,972,9,1,1,1,7,PARADISIERS (AVENUE DES),0.0,0.0
201300057644,19,6,2013,21,5,972,9,2,2,1,3,"Comm, ROBESPIERRE (RUE)",0.0,0.0
201300057645,21,6,2013,2,3,972,9,1,1,1,1,"Comm, GEORGES GRATIANT (",0.0,0.0
201300057646,22,6,2013,11,1,972,9,2,1,1,6,"RN1, MAURICE BISHOP (AVE",0.0,0.0
201300057647,24,6,2013,11,1,972,9,2,1,1,6,"RN1, MAURICE BISHOP (AVE",0.0,0.0
201300057648,24,6,2013,17,1,972,9,2,1,1,6,"Comm, VICTOR SCHOELCHER",0.0,0.0
201300057649,25,6,2013,9,1,972,9,1,1,1,1,"Comm, BATTERIE (RUE DE L",0.0,0.0
201300057650,2,7,2013,10,1,972,9,2,1,1,6,"Comm, VICTOR SCHOELCHER",0.0,0.0
201300057651,4,7,2013,23,5,972,9,2,2,1,3,"RN1, GENERAL DE GAULLE (",0.0,0.0
201300057652,5,7,2013,20,5,972,9,2,1,1,6,"RN1, MAURICE BISHOP (AVE",0.0,0.0
201300057653,7,7,2013,0,5,972,9,2,3,1,3,"RN 1, GENERAL DE GAULLE",0.0,0.0
201300057654,12,7,2013,1,3,972,9,1,1,1,1,"RD40, SOLEIL LEVANT (BOU",0.0,0.0
201300057655,12,7,2013,18,2,972,9,2,1,1,3,REDOUTE (ROUTE DE LA),0.0,0.0
201300057656,14,7,2013,10,1,972,9,1,1,1,6,"RD 49, ENTRAIDE (ROUTE D",0.0,0.0
201300057657,14,7,2013,18,1,972,9,2,1,1,6,"RN9, RN9",0.0,0.0
201300057658,15,7,2013,16,1,972,9,1,1,1,1,"Comm, TIVOLI (ROUTE DE )",0.0,0.0
201300057659,26,7,2013,17,1,972,9,1,1,1,6,"Comm, AMOURS (RUES DES)",0.0,0.0
201300057660,27,7,2013,5,1,972,9,1,1,1,6,"RD 13 A, JAMBETTE (ROUTE",0.0,0.0
201300057661,27,7,2013,15,1,972,9,1,1,1,7,"RN3, BALATA (ROUTE DE)",0.0,0.0
201300057662,28,7,2013,0,5,972,9,2,2,1,2,"Comm, ERNEST DEPROGE (RU",0.0,0.0
201300057663,6,8,2013,12,1,972,9,2,1,1,3,"RN1, GENERAL DE GAULLE (",0.0,0.0
201300057664,7,8,2013,16,1,972,9,2,1,1,2,"RN1, MAURICE BISHOP (AVE",0.0,0.0
201300057665,10,8,2013,23,5,972,9,1,1,1,1,"RN3, BALATA (ROUTE DE)",0.0,0.0
201300057666,11,8,2013,2,5,972,9,2,1,1,6,"RD 41, RD 41",0.0,0.0
201300057667,23,8,2013,19,5,972,9,2,1,1,2,"RN1, MAURICE BISHOP (AVE",0.0,0.0
201300057668,24,8,2013,16,1,972,9,1,1,1,4,"A1, AUTOROUTE (A1)",0.0,0.0
201300057669,25,8,2013,15,1,972,9,2,1,1,1,"Comm, LOUIS DOMERGUE (AV",0.0,0.0
201300057670,26,8,2013,0,5,972,9,2,1,1,2,"RD13, CHATEAUBOEUF (ROUT",0.0,0.0
201300057671,26,8,2013,18,5,972,9,2,1,1,6,"Comm, Route du port",0.0,0.0
201300057672,2,9,2013,7,1,972,9,2,3,1,3,"RN1, MAURICE BISHOP (AVE",0.0,0.0
201300057673,2,9,2013,16,1,972,9,2,1,1,1,"Comm, LONIS (Emile)",0.0,0.0
201300057674,4,9,2013,8,1,972,9,2,1,1,6,"RD 43, CONDORCET (AVENUE",0.0,0.0
201300057675,4,9,2013,12,1,972,9,2,1,1,6,"Comm, FELIX EBOUE (RUE)",0.0,0.0
201300057676,6,9,2013,7,1,972,9,2,1,1,2,"RD 41, RD 41",0.0,0.0
201300057677,10,9,2013,7,1,972,9,1,1,1,3,"RN2, MARNE (BOULEVARD DE",0.0,0.0
201300057678,10,9,2013,12,1,972,9,2,1,1,1,"RN4, REDOUTE (ROUTE DE L",0.0,0.0
201300057679,14,9,2013,12,1,972,9,2,1,1,6,"RN4, FOLIE (ROUTE DE LA)",0.0,0.0
201300057680,15,9,2013,12,1,972,9,2,1,1,6,"RD 48, RELIGIEUSES (ROUT",0.0,0.0
201300057681,15,9,2013,17,1,972,9,2,1,1,3,"Comm, PAVE (RUE DU)",0.0,0.0
201300057682,17,9,2013,11,1,972,9,2,1,1,6,"RN1, MAURICE BISHOP (AVE",0.0,0.0
201300057683,26,9,2013,12,1,972,9,2,1,1,6,"RN8, MAURICE BISHOP (AVE",0.0,0.0
201300057684,28,9,2013,9,1,972,9,2,1,1,6,"RN1, GENERAL DE GAULLE (",0.0,0.0
201300057685,1,10,2013,16,1,972,9,2,1,1,6,"RD40, SOLEIL LEVANT (BOU",0.0,0.0
201300057686,9,10,2013,19,1,972,9,2,1,1,1,"RD 40, SOLEIL LEVANT (BO",0.0,0.0
201300057687,11,10,2013,13,1,972,9,2,2,8,3,"RD 42, BOUILLE (RUE)",0.0,0.0
201300057688,15,10,2013,20,5,972,9,2,1,1,6,"RD 40, SOLEIL LEVANT (BO",0.0,0.0
201300057689,20,10,2013,7,1,972,9,2,1,1,6,"Comm, EAUX DECOUPEES (CH",0.0,0.0
201300057690,27,10,2013,3,5,972,9,2,1,1,6,"RN2, MARNE (BOULEVARD DE",0.0,0.0
201300057691,30,10,2013,12,1,972,9,2,1,1,7,"Comm, LEONTINE POULET (R",0.0,0.0
201300057692,31,10,2013,16,1,972,9,2,1,1,7,"RD 48, RELIGIEUSES (ROUT",0.0,0.0
201300057693,2,11,2013,10,1,972,9,2,1,1,2,ABBE LAVIGNE (AVENUE),0.0,0.0
201300057694,6,11,2013,20,5,972,9,2,1,1,6,"RN1, MAURICE BISHOP (AVE",0.0,0.0
201300057695,7,11,2013,22,3,972,9,2,1,1,6,"RD 41, RD 41",0.0,0.0
201300057696,7,11,2013,0,5,972,9,1,1,1,1,"RN4, BALATA (ROUTE DE)",0.0,0.0
201300057697,9,11,2013,12,1,972,9,2,1,1,6,"Comm, VICTOR HUGO (RUE)",0.0,0.0
201300057698,14,11,2013,5,2,972,9,1,1,1,6,"RN3, BALATA (ROUTE DE)",0.0,0.0
201300057699,15,11,2013,9,1,972,9,1,1,8,6,"RD 58, GEIRGES PLISSONEA",0.0,0.0
201300057700,15,11,2013,13,1,972,9,2,1,1,6,"Comm, ERNEST LASSUS (RUE",0.0,0.0
201300057701,16,11,2013,11,1,972,9,2,1,1,2,"Rocade, RD 41",0.0,0.0
201300057702,17,11,2013,21,3,972,9,2,3,1,3,"13, BOUILLE (RUE)",0.0,0.0
201300057703,19,11,2013,13,1,972,9,2,1,8,6,"RN1, MAURICE BISHOP (AVE",0.0,0.0
201300057704,21,11,2013,13,1,972,9,1,1,1,6,"RD 40, SOLEIL LEVANT (BO",0.0,0.0
201300057705,30,11,2013,12,1,972,9,2,1,1,7,"RN01, GENERAL DE GAULLE",0.0,0.0
201300057706,2,12,2013,22,5,972,9,2,1,1,1,"1RD45, PROFESSEUR RAYMON",0.0,0.0
201300057707,9,12,2013,13,1,972,9,2,1,1,6,"6RD 45, DIDIER (CHEMIN D",0.0,0.0
201300057708,18,12,2013,11,1,972,9,2,1,1,6,"RN2, MARNE (BOULEVARD DE",0.0,0.0
201300057709,21,12,2013,16,1,972,9,2,1,1,6,"RN1, GENERAL DE GAULLE (",0.0,0.0
201300057710,22,12,2013,17,1,972,9,1,1,8,7,"RN4, REDOUTE (ROUTE DE L",0.0,0.0
201300057711,23,12,2013,8,1,972,9,2,1,1,6,"RN1, MAURICE BISHOP (AVE",0.0,0.0
201300057712,28,12,2013,21,5,972,9,1,1,1,7,"RD13, JAMBETTE (ROUTE DE",0.0,0.0
201300057713,31,12,2013,9,1,972,9,2,1,1,6,"RN1, MAURICE BISHOP (AVE",0.0,0.0
201300057714,7,1,2013,22,3,972,13,2,1,1,1,3ROUTE DEPARTEMENTALE 14,0.0,0.0
201300057715,8,1,2013,7,1,972,13,2,2,3,6,"632, LEOPOLD BISSOL (RUE",0.0,0.0
201300057716,8,1,2013,17,1,972,13,2,1,1,1,3ROUTE DEPARTEMENTALE 14,0.0,0.0
201300057717,9,1,2013,7,1,972,13,2,1,1,1,6PAYS MELES,0.0,0.0
201300057718,9,1,2013,17,1,972,13,2,9,2,1,3ROUTE DEPARTEMENTALE 3,0.0,0.0
201300057719,14,1,2013,0,5,972,13,2,1,1,1,2ROUTE NATIONALE 5,0.0,0.0
201300057720,14,1,2013,1,5,972,13,1,1,1,1,2AUTOROUTE A1,0.0,0.0
201300057721,19,1,2013,15,1,972,13,2,1,1,1,1MORNE PITAULT (ROUTE DE,0.0,0.0
201300057722,19,1,2013,22,3,972,13,2,1,1,6,6ROUTE DEPARTEMENTALE 3,0.0,0.0
201300057723,20,1,2013,1,3,972,13,1,1,1,1,3AUTOROUTE A1,0.0,0.0
201300057724,21,1,2013,0,3,972,13,2,1,1,1,1ROUTE DEPARTEMENTALE 3,0.0,0.0
201300057725,26,1,2013,18,2,972,13,1,1,1,1,2AUTOROUTE A1,0.0,0.0
201300057726,28,1,2013,20,3,972,13,2,1,1,1,2ROUTE DEPARTEMENTALE 15,0.0,0.0
201300057727,1,2,2013,6,1,972,13,1,1,1,1,BASSE GONDEAU (CHEMIN RU,0.0,0.0
201300057728,5,2,2013,7,1,972,13,1,1,1,2,AUTOROUTE A1,0.0,0.0
201300057729,6,2,2013,1,5,972,13,2,1,1,6,GEORGES GRATIANT,0.0,0.0
201300057730,7,2,2013,7,1,972,13,1,1,1,3,AUTOROUTE A1,0.0,0.0
201300057731,8,2,2013,19,3,972,13,1,1,1,1,ROUTE DEPARTEMENTALE 15,0.0,0.0
201300057732,8,2,2013,23,3,972,13,2,1,1,1,ROUTE DEPARTEMENTALE 15,0.0,0.0
201300057733,11,2,2013,6,2,972,13,1,1,1,1,3Z I LA LEZARDE,0.0,0.0
201300057734,11,2,2013,9,1,972,13,1,1,1,6,ROUTE NATIONALE 5,0.0,0.0
201300057735,16,2,2013,11,1,972,13,1,1,1,1,ROUTE DEPARTEMENTALE 15,0.0,0.0
201300057736,18,2,2013,6,1,972,13,1,1,1,2,AUTOROUTE A1,0.0,0.0
201300057737,24,2,2013,18,1,972,13,1,1,1,4,3ROUTE NATIONALE 5,0.0,0.0
201300057738,28,2,2013,7,1,972,13,1,1,1,2,ROUTE DEPARTEMENTALE 3,0.0,0.0
201300057739,2,3,2013,19,4,972,13,1,1,1,2,ROUTE DEPARTEMENTALE 14,0.0,0.0
201300057740,2,3,2013,20,5,972,13,1,1,1,2,AUTOROUTE A1,0.0,0.0
201300057741,2,3,2013,21,4,972,13,1,1,1,1,ROUTE DEPARTEMENTALE 14,0.0,0.0
201300057742,2,3,2013,22,3,972,13,1,1,1,6,ROUTE DEPARTEMENTALE 15,0.0,0.0
201300057743,4,3,2013,13,1,972,13,1,1,1,2,AUTOROUTE A1,0.0,0.0
201300057744,5,3,2013,7,1,972,13,1,1,1,4,ROUTE DEPARTEMENTALE 15,0.0,0.0
201300057745,6,3,2013,15,1,972,13,1,1,1,2,ROUTE NATIONALE 1,0.0,0.0
201300057746,9,3,2013,22,1,972,13,1,1,1,6,ROUTE DEPARTEMENTALE 3,0.0,0.0
201300057747,16,3,2013,12,1,972,13,1,1,1,6,ROUTE DEPARTEMENTALE 3 B,0.0,0.0
201300057748,17,3,2013,18,5,972,13,1,1,1,3,AUTOROUTE A1,0.0,0.0
201300057749,19,3,2013,11,1,972,13,2,1,1,6,"21, SCHOELCHER (RUE)",0.0,0.0
201300057750,21,3,2013,9,1,972,13,1,1,1,4,AUTOROUTE A1,0.0,0.0
201300057751,22,3,2013,9,1,972,13,1,1,1,6,ROUTE DEPARTEMENTALE 14,0.0,0.0
201300057752,22,3,2013,15,1,972,13,1,1,1,3,AUTOROUTE A1,0.0,0.0
201300057753,24,3,2013,1,5,972,13,1,1,1,3,ROUTE NATIONALE 1,0.0,0.0
201300057754,2,4,2013,19,5,972,13,1,3,1,6,ROUTE DEPARTEMENTALE 15,0.0,0.0
201300057755,10,4,2013,7,1,972,13,1,1,1,4,AUTOROUTE A1,0.0,0.0
201300057756,24,4,2013,13,1,972,13,1,3,1,3,ROUTE DEPARTEMENTALE 15,0.0,0.0
201300057757,5,5,2013,21,3,972,13,1,1,1,6,AUTOROUTE A1,0.0,0.0
201300057758,6,5,2013,10,1,972,13,1,1,1,6,Z I LES MANGLES,0.0,0.0
201300057759,7,5,2013,5,2,972,13,1,1,1,1,ROUTE DEPARTEMENTALE 14,0.0,0.0
201300057760,7,5,2013,9,1,972,13,1,1,1,6,ROUTE NATIONALE 1,0.0,0.0
201300057761,25,5,2013,11,1,972,13,1,1,1,6,VICTOR LAMON,0.0,0.0
201300057762,2,6,2013,10,1,972,13,1,1,1,2,AUTOROUTE A1,0.0,0.0
201300057763,7,6,2013,13,1,972,13,1,1,1,6,Z I LA LEZARDE,0.0,0.0
201300057764,15,6,2013,11,1,972,13,1,1,1,2,AUTOROUTE A1,0.0,0.0
201300057765,15,6,2013,13,1,972,13,1,1,1,2,AUTOROUTE A1,0.0,0.0
201300057766,19,6,2013,17,1,972,13,1,1,1,6,"3, LA PLAINE PETIT MANOI",0.0,0.0
201300057767,25,6,2013,3,3,972,13,1,1,1,6,ROUTE NATIONALE 5,0.0,0.0
201300057768,7,7,2013,6,2,972,13,2,2,1,3,ROUTE DEPARTEMENTALE 3,0.0,0.0
201300057769,19,7,2013,0,3,972,13,1,1,1,6,AUTOROUTE A1,0.0,0.0
201300057770,27,7,2013,11,1,972,13,1,1,1,6,ROUTE DEPARTEMENTALE 15,0.0,0.0
201300057771,29,7,2013,8,1,972,13,2,1,2,6,"4, GEORGES GRATIANT",0.0,0.0
201300057772,4,8,2013,20,3,972,13,1,1,1,3,ROUTE DEPARTEMENTALE 3,0.0,0.0
201300057773,10,8,2013,23,3,972,13,1,1,1,6,"1, DUCHESNES 1",0.0,0.0
201300057774,11,8,2013,19,3,972,13,1,1,1,2,ROUTE NATIONALE 1,0.0,0.0
201300057775,16,8,2013,16,1,972,13,1,1,2,4,ROUTE NATIONALE 1,0.0,0.0
201300057776,22,8,2013,9,1,972,13,1,1,1,1,ROUTE DEPARTEMENTALE 3,0.0,0.0
201300057777,4,9,2013,18,3,972,13,1,1,1,3,ROUTE NATIONALE 1,0.0,0.0
201300057778,9,9,2013,17,2,972,13,1,1,1,6,MORNE PITAULT (ROUTE DE),0.0,0.0
201300057779,4,10,2013,16,1,972,13,2,1,1,3,ROUTE DEPARTEMENTALE 3,0.0,0.0
201300057780,8,10,2013,6,2,972,13,1,1,1,6,ROUTE DEPARTEMENTALE 15,0.0,0.0
201300057781,8,10,2013,18,5,972,13,1,1,1,6,ROUTE DEPARTEMENTALE 15,0.0,0.0
201300057782,20,10,2013,22,3,972,13,1,1,1,5,AUTOROUTE A1,0.0,0.0
201300057783,24,10,2013,6,1,972,13,1,1,1,3,ROUTE DEPARTEMENTALE 3,0.0,0.0
201300057784,11,11,2013,4,3,972,13,1,1,1,2,AUTOROUTE A1,0.0,0.0
201300057785,24,11,2013,16,1,972,13,1,1,1,2,AUTOROUTE A1,0.0,0.0
201300057786,5,12,2013,6,1,972,13,1,1,1,3,ROUTE DEPARTEMENTALE 15,0.0,0.0
201300057787,12,12,2013,15,1,972,13,2,1,1,6,"X, ACAJOU PROLONGEE",0.0,0.0
201300057788,13,12,2013,6,1,972,13,1,3,1,1,MORNE PITAULT (ROUTE DE),0.0,0.0
201300057789,18,12,2013,18,3,972,13,1,1,1,1,ROUTE DEPARTEMENTALE 3,0.0,0.0
201300057790,27,12,2013,9,1,972,13,1,3,1,3,ROUTE DEPARTEMENTALE 15,0.0,0.0
201300057791,30,12,2013,12,1,972,13,1,1,1,6,ROUTE DEPARTEMENTALE 15,0.0,0.0
201300057792,2,1,2013,7,1,973,2,2,1,1,6,"23, RABAN (ROUTE DE)",0.0,0.0
201300057793,3,1,2013,1,3,973,2,1,1,1,6,ROUTE NATIONALE 3,0.0,0.0
201300057794,5,1,2013,22,5,973,2,2,1,1,5,CATAYEE (JUSTIN),0.0,0.0
201300057795,6,1,2013,12,1,973,2,2,1,1,3,"471, BADUEL (ROUTE DE)",0.0,0.0
201300057796,8,1,2013,8,1,973,2,2,1,1,1,"1369, RABAN (ROUTE DE)",0.0,0.0
201300057797,11,1,2013,15,1,973,2,2,1,1,3,"58, FLAMBOYANTS (RUE DES",0.0,0.0
201300057798,13,1,2013,7,1,973,2,1,1,1,6,"16, MADELEINE (ROUTE DE",0.0,0.0
201300057799,15,1,2013,10,1,973,2,1,1,1,7,TIGRE (ROUTE DU),0.0,0.0
201300057800,15,1,2013,20,5,973,2,2,1,1,3,"150, MONTABO (ROUTE DE)",0.0,0.0
201300057801,18,1,2013,23,5,973,2,2,2,1,1,3MONTABO (ROUTE DE) 1,0.0,0.0
201300057802,20,1,2013,11,1,973,2,1,6,6,1,1MARINGOUINS (ROND-POINT,0.0,0.0
201300057803,22,1,2013,11,1,973,2,2,1,-1,1,"112, SOURCE DE BADUEL (C",0.0,0.0
201300057804,24,1,2013,13,1,973,2,2,3,3,1,"3150, MONTABO (ROUTE DE)",0.0,0.0
201300057805,24,1,2013,21,5,973,2,2,1,1,1,"314, CESAIRE (CITE)",0.0,0.0
201300057806,29,1,2013,19,5,973,2,2,3,3,1,"38, RABAN (ROUTE DE)",0.0,0.0
201300057807,4,2,2013,7,1,973,2,2,1,2,2,"30, BADUEL (ROUTE DE)",0.0,0.0
201300057808,6,2,2013,7,1,973,2,1,3,1,3,"3106, HILAIRE(CHEMIN)",0.0,0.0
201300057809,5,2,2013,13,1,973,2,2,1,2,6,"2, MANGO (ROUTE)",0.0,0.0
201300057810,6,2,2013,12,1,973,2,1,1,1,6,SAINT MARTIN (RESIDENCE),0.0,0.0
201300057811,16,2,2013,23,4,973,2,2,1,1,2,"121, REPUBLIQUE (BD DE L",0.0,0.0
201300057812,25,2,2013,16,1,973,2,2,1,1,2,"147, ARAGO (FRANCOIS)",0.0,0.0
201300057813,26,2,2013,19,3,973,2,2,1,1,1,"32, KATOURY (LOTISSEMENT",0.0,0.0
201300057814,27,2,2013,11,1,973,2,1,2,3,1,"1212, MADELEINE (ROUTE D",0.0,0.0
201300057815,7,3,2013,0,5,973,2,2,1,1,1,"353, LALOUETTE(RUE)",0.0,0.0
201300057816,10,3,2013,0,5,973,2,2,1,1,3,"60, HEDER (AVENUE LEOPOL",0.0,0.0
201300057817,13,3,2013,14,1,973,2,2,2,1,1,"31354, BADUEL (ROUTE DE)",0.0,0.0
201300057818,19,3,2013,16,1,973,2,2,3,1,3,CABASSOU (ROUTE DE),0.0,0.0
201300057819,21,3,2013,2,5,973,2,1,1,1,1,VOLTAIRE(AVENUE),0.0,0.0
201300057820,21,3,2013,14,1,973,2,2,3,1,6,"64, JUBELIN (BOULEVARD)",0.0,0.0
201300057821,22,3,2013,20,5,973,2,1,1,2,6,ROUTE NATIONALE 1,0.0,0.0
201300057822,24,3,2013,9,1,973,2,2,1,1,2,ROUTE NATIONALE 1,0.0,0.0
201300057823,24,3,2013,18,5,973,2,1,2,1,3,"1815, EBOUE (ROCADE FELI",0.0,0.0
201300057824,3,4,2013,18,2,973,2,2,1,1,3,"9001, FLAMBOYANTS (RUE D",0.0,0.0
201300057825,6,4,2013,16,1,973,2,1,1,1,4,"0000, ZEPHIR (ROCADE)",0.0,0.0
201300057826,6,4,2013,20,4,973,2,2,1,1,1,"42, DIGUE RONJON",0.0,0.0
201300057827,8,4,2013,4,5,973,2,2,1,1,6,LIBERTE (AVENUE DE LA),0.0,0.0
201300057828,10,4,2013,19,5,973,2,2,3,1,1,"33, 14 ET 22 JUIN 1962",0.0,0.0
201300057829,15,4,2013,21,5,973,2,2,2,1,3,"1816, MANGO (ROUTE)",0.0,0.0
201300057830,20,4,2013,11,1,973,2,2,1,2,6,"1357, MADELEINE (ROUTE D",0.0,0.0
201300057831,28,4,2013,6,1,973,2,2,1,2,6,"3948, MONTABO (ROUTE DE)",0.0,0.0
201300057832,28,4,2013,21,5,973,2,1,1,2,6,ROUTE NATIONALE 1,0.0,0.0
201300057833,3,5,2013,13,1,973,2,2,1,1,3,"471, BADUEL (ROUTE DE)",0.0,0.0
201300057834,4,5,2013,21,3,973,2,2,1,1,6,"7, JASMIN(LOTISSEMENT)",0.0,0.0
201300057835,5,5,2013,6,1,973,2,2,1,1,6,"1095, BADUEL (ROUTE DE)",0.0,0.0
201300057836,12,4,2013,19,4,973,2,1,1,1,3,TROUBIRAN (CHEMIN DE),0.0,0.0
201300057837,27,5,2013,20,5,973,2,2,1,1,3,GALMOT (ROND-POINT),0.0,0.0
201300057838,1,6,2013,17,1,973,2,1,1,1,7,TIGRE (ROUTE DU),0.0,0.0
201300057839,3,6,2013,16,1,973,2,2,1,1,1,"46, FLAMBOYANTS (RUE DES",0.0,0.0