Num_Acc,jour,mois,an,hr,condition_eclairage,departement,commune,condition_agglomeration,intersection,condition_atmosphere,type_collision,adresse,lattitude,longitude
201300057840,18,5,2013,4,3,973,2,1,1,1,1,"0, RABAN (ROUTE DE)",0.0,0.0
201300057841,30,4,2013,15,1,973,2,2,3,1,6,MANGO (ROUTE),0.0,0.0
201300057842,31,3,2013,14,1,973,2,2,1,1,6,REPUBLIQUE (BD DE LA),0.0,0.0
201300057843,6,6,2013,21,5,973,2,1,3,1,3,"1, ZEPHIR (CITE)",0.0,0.0
201300057844,8,6,2013,4,5,973,2,2,2,2,3,MONTABO (ROUTE DE) 1,0.0,0.0
201300057845,10,6,2013,20,5,973,2,2,2,1,3,"12, BARTHELEMY (RENE)",0.0,0.0
201300057846,10,6,2013,21,5,973,2,2,1,3,3,"3191, MONTABO (ROUTE DE)",0.0,0.0
201300057847,11,6,2013,9,1,973,2,2,1,1,3,"2788, MADELEINE (ROUTE D",0.0,0.0
201300057848,14,6,2013,14,1,973,2,2,1,1,2,"9001, FLAMBOYANTS (RUE D",0.0,0.0
201300057849,14,6,2013,15,1,973,2,2,2,1,3,"28, VOLTAIRE(AVENUE)",0.0,0.0
201300057850,20,6,2013,16,1,973,2,2,1,1,3,"599, MADELEINE (ROUTE DE",0.0,0.0
201300057851,21,6,2013,0,5,973,2,2,3,1,2,MONTABO (ROUTE DE) 1,0.0,0.0
201300057852,22,6,2013,19,5,973,2,2,1,2,3,"18, BADUEL (ROUTE DE)",0.0,0.0
201300057853,24,6,2013,9,1,973,2,2,1,1,3,"61, LIBERTE (AVENUE DE L",0.0,0.0
201300057854,11,6,2013,20,5,973,2,2,3,1,3,TIGRE (ROUTE DU),0.0,0.0
201300057855,28,6,2013,4,5,973,2,2,1,1,6,FELIX EBOUE(ROCADE),0.0,0.0
201300057856,28,6,2013,21,4,973,2,2,1,8,6,BADUEL (ROUTE DE),0.0,0.0
201300057857,29,6,2013,4,5,973,2,1,2,8,3,"27, HEDER (AVENUE LEOPOL",0.0,0.0
201300057858,29,6,2013,6,1,973,2,1,1,1,1,FLAMBOYANTS (RUE DES),0.0,0.0
201300057859,30,6,2013,19,5,973,2,2,1,1,2,"2059, MADELEINE (ROUTE D",0.0,0.0
201300057860,2,7,2013,14,1,973,2,1,1,1,1,"2571, MONTABO (ROUTE DE)",0.0,0.0
201300057861,4,7,2013,15,1,973,2,2,1,1,3,TIGRE (ROUTE DU),0.0,0.0
201300057862,9,7,2013,14,1,973,2,2,1,1,5,"2788, MADELEINE (ROUTE D",0.0,0.0
201300057863,16,7,2013,22,4,973,2,1,1,1,2,ROUTE NATIONALE 3,0.0,0.0
201300057864,17,7,2013,12,1,973,2,2,1,1,2,"3312, BADUEL (ROUTE DE)",0.0,0.0
201300057865,21,7,2013,0,3,973,2,2,1,1,6,"933, BADUEL (ROUTE DE)",0.0,0.0
201300057866,23,7,2013,9,1,973,2,2,1,1,4,"1696, BADUEL (ROUTE DE)",0.0,0.0
201300057867,25,7,2013,10,1,973,2,2,1,1,2,"913, BADUEL (ROUTE DE)",0.0,0.0
201300057868,26,7,2013,17,1,973,2,1,4,1,3,ROUTE NATIONALE 1,0.0,0.0
201300057869,28,7,2013,1,5,973,2,1,1,2,7,CABASSOU (ROUTE DE),0.0,0.0
201300057870,29,7,2013,21,5,973,2,1,3,1,3,"41, CESAIRE (CITE)",0.0,0.0
201300057871,31,7,2013,22,5,973,2,2,2,1,3,FELIX EBOUE(ROCADE),0.0,0.0
201300057872,28,7,2013,20,5,973,2,1,1,1,6,"1, TIGRE (ROUTE DU)",0.0,0.0
201300057873,4,8,2013,3,5,973,2,2,1,1,1,BADUEL (ROUTE DE),0.0,0.0
201300057874,11,8,2013,6,1,973,2,1,6,1,2,MARINGOUINS (ROND-POINT),0.0,0.0
201300057875,11,8,2013,12,1,973,2,2,1,1,6,"383, MANGO (ROUTE)",0.0,0.0
201300057876,26,8,2013,12,1,973,2,2,1,1,5,"7, REPUBLIQUE (BD DE LA)",0.0,0.0
201300057877,26,8,2013,19,5,973,2,2,1,1,6,"5, FAUBOURG L'ABRI (CITE",0.0,0.0
201300057878,28,8,2013,16,1,973,2,2,1,1,3,"15, ESTREES (AVENUE D')",0.0,0.0
201300057879,2,9,2013,14,1,973,2,2,1,1,3,"1296, MADELEINE (ROUTE D",0.0,0.0
201300057880,3,9,2013,12,1,973,2,1,3,1,3,"127, CABASSOU (ROUTE DE)",0.0,0.0
201300057881,5,9,2013,13,1,973,2,2,1,1,2,"1413, FELIX EBOUE(ROCADE",0.0,0.0
201300057882,7,9,2013,16,1,973,2,2,1,1,1,"127, CABASSOU (ROUTE DE)",0.0,0.0
201300057883,9,9,2013,1,5,973,2,2,1,1,6,CABASSOU (ROUTE DE),0.0,0.0
201300057884,9,9,2013,9,1,973,2,2,1,1,3,"2955, BADUEL (ROUTE DE)",0.0,0.0
201300057885,13,9,2013,21,5,973,2,2,1,1,3,"1, FLAMBOYANTS (RUE DES)",0.0,0.0
201300057886,20,9,2013,8,1,973,2,1,1,1,3,MIRZA (CITE),0.0,0.0
201300057887,21,9,2013,19,2,973,2,2,1,1,1,ESTREES (AVENUE D'),0.0,0.0
201300057888,21,9,2013,23,4,973,2,1,3,1,3,"2407, EBOUE (ROCADE FELI",0.0,0.0
201300057889,23,9,2013,20,5,973,2,2,2,1,3,"2, BLANC (LOUIS)",0.0,0.0
201300057890,25,9,2013,8,1,973,2,2,1,1,5,"2358, BADUEL (ROUTE DE)",0.0,0.0
201300057891,25,9,2013,15,1,973,2,2,3,1,3,"1613, RABAN (ROUTE DE)",0.0,0.0
201300057892,26,9,2013,15,1,973,2,1,6,1,6,MARINGOUINS (ROND-POINT),0.0,0.0
201300057893,29,9,2013,8,1,973,2,1,1,1,2,"3945, MONTABO (ROUTE DE)",0.0,0.0
201300057894,30,9,2013,19,5,973,2,1,1,1,5,"1789, MADELEINE (ROUTE D",0.0,0.0
201300057895,6,10,2013,19,5,973,2,2,1,1,1,"237, MANGO (ROUTE)",0.0,0.0
201300057896,16,10,2013,12,1,973,2,2,1,1,3,"599, MADELEINE (ROUTE DE",0.0,0.0
201300057897,18,10,2013,7,1,973,2,2,3,1,3,"0, LIBERTE (AVENUE DE LA",0.0,0.0
201300057898,19,10,2013,15,1,973,2,1,3,1,3,RABAN (ROUTE DE),0.0,0.0
201300057899,19,10,2013,21,5,973,2,1,1,1,3,"1850, MADELEINE (ROUTE D",0.0,0.0
201300057900,20,10,2013,20,5,973,2,2,1,1,1,MADELEINE (ROUTE DE LA),0.0,0.0
201300057901,21,10,2013,2,5,973,2,2,1,1,6,"2, BRADIN (GONTRAN) CITE",0.0,0.0
201300057902,26,10,2013,14,1,973,2,2,1,1,3,"127, CABASSOU (ROUTE DE)",0.0,0.0
201300057903,27,10,2013,15,1,973,2,2,1,1,3,"2548, BADUEL (ROUTE DE)",0.0,0.0
201300057904,31,10,2013,9,1,973,2,1,1,1,3,ZONE COLLERY I OU II,0.0,0.0
201300057905,11,11,2013,3,5,973,2,2,1,1,7,"49, LIBERTE (AVENUE DE L",0.0,0.0
201300057906,13,11,2013,18,1,973,2,2,1,1,2,"0.5, ZEPHIR (ROCADE)",0.0,0.0
201300057907,15,11,2013,2,5,973,2,2,1,1,7,"08, FLAMBOYANTS (RUE DES",0.0,0.0
201300057908,15,11,2013,10,1,973,2,1,1,1,3,"1361, BADUEL (ROUTE DE)",0.0,0.0
201300057909,24,11,2013,23,5,973,2,2,1,1,7,"0, MOLE",0.0,0.0
201300057910,26,11,2013,9,1,973,2,2,4,1,3,MANGO (ROUTE),0.0,0.0
201300057911,30,11,2013,14,1,973,2,2,1,1,3,"537, BADUEL (ROUTE DE)",0.0,0.0
201300057912,7,12,2013,7,1,973,2,2,1,9,6,"62, BOUDINOT (AUGUSTE) C",0.0,0.0
201300057913,7,12,2013,18,2,973,2,2,1,1,1,"3650, BADUEL (ROUTE DE)",0.0,0.0
201300057914,12,12,2013,6,1,973,2,1,1,2,3,"556, MONTABO (ROUTE DE)",0.0,0.0
201300057915,14,12,2013,12,1,973,2,1,1,1,3,"31, LA ROSERAIE(CITE)",0.0,0.0
201300057916,17,12,2013,16,1,973,2,1,3,3,1,"21332, MONTABO (ROUTE DE",0.0,0.0
201300057917,5,10,2013,7,3,973,2,2,1,1,7,BADUEL (ROUTE DE),0.0,0.0
201300057918,21,12,2013,10,1,973,2,2,2,2,2,3PREVOT (ERNEST),0.0,0.0
201300057919,25,12,2013,7,1,973,2,1,1,1,3,"238, FLAMBOYANTS (RUE DE",0.0,0.0
201300057920,29,12,2013,15,1,973,2,2,1,1,3,ZEPHIR (ROCADE),0.0,0.0
201300057921,1,1,2013,3,3,974,7,2,1,1,6,ROUTE DU SACRE COEUR,0.0,0.0
201300057922,1,1,2013,6,1,974,7,1,1,1,7,"4, SECTEUR DU PORT",0.0,0.0
201300057923,14,1,2013,16,1,974,7,2,1,1,2,RUE JACQUES PREVERT,0.0,0.0
201300057924,14,1,2013,20,4,974,7,2,1,1,6,VERGES(AVENUE),0.0,0.0
201300057925,25,1,2013,21,3,974,7,1,6,1,7,ROND POINT SACRE COEUR,0.0,0.0
201300057926,10,2,2013,8,1,974,7,2,1,1,7,ROND POINT DE CAMBAIE,0.0,0.0
201300057927,12,2,2013,19,2,974,7,1,1,1,3,RUE JACQUES PREVERT,0.0,0.0
201300057928,1,3,2013,0,5,974,7,2,1,1,7,COMMUNE DE PARIS (AVENUE,0.0,0.0
201300057929,1,3,2013,12,1,974,7,2,1,1,3,rue jesse owens,0.0,0.0
201300057930,2,3,2013,22,5,974,7,2,1,1,3,COMMUNE DE PARIS (AV),0.0,0.0
201300057931,4,3,2013,13,1,974,7,2,1,1,6,BANVILLE(RUELLE),0.0,0.0
201300057932,4,3,2013,17,1,974,7,2,3,1,6,SPENCER HERBERT(RUE),0.0,0.0
201300057933,5,3,2013,13,1,974,7,2,1,1,2,BD DE LA COMPAGNIE DES I,0.0,0.0
201300057934,9,3,2013,10,1,974,7,2,1,1,6,MICHEL RENE(RUE),0.0,0.0
201300057935,12,3,2013,8,1,974,7,2,2,1,6,SAINT PAUL(RUE),0.0,0.0
201300057936,14,3,2013,21,3,974,7,2,1,1,7,ROUTE DU SACRE COEUR,0.0,0.0
201300057937,15,3,2013,13,1,974,7,2,1,1,6,19 MARS 1946(AVENUE DU),0.0,0.0
201300057938,22,3,2013,23,3,974,7,2,1,1,3,ROND POINT SACRE COEUR,0.0,0.0
201300057939,3,4,2013,19,3,974,7,1,1,1,6,CHEMIN DES ANGLAIS,0.0,0.0
201300057940,4,4,2013,6,2,974,7,1,1,1,6,OWENS JAMES,0.0,0.0
201300057941,5,4,2013,21,5,974,7,2,1,1,7,ABATTOIR(PLACE),0.0,0.0
201300057942,9,4,2013,16,1,974,7,2,1,1,3,ROND POINT DES DANSEUSES,0.0,0.0
201300057943,11,4,2013,12,1,974,7,2,1,1,3,MONDON (AVENUE),0.0,0.0
201300057944,12,4,2013,22,5,974,7,2,1,1,3,PARIS (AVENUE),0.0,0.0
201300057945,13,4,2013,20,3,974,7,1,2,1,3,RUE JEAN MOULIN,0.0,0.0
201300057946,15,4,2013,15,1,974,7,1,1,1,2,VOIE PORTUAIRE,0.0,0.0
201300057947,17,4,2013,16,1,974,7,2,1,1,3,BD DE LA COMPAGNIE DES I,0.0,0.0
201300057948,19,4,2013,20,3,974,7,2,1,1,6,SUAREZ ANDRE(RUE),0.0,0.0
201300057949,20,4,2013,21,3,974,7,2,1,1,2,MASCAREIGNES(BOULEVARD),0.0,0.0
201300057950,22,4,2013,8,1,974,7,2,1,1,6,ROND POINT TITAN,0.0,0.0
201300057951,24,4,2013,9,1,974,7,2,1,1,6,BOSSE (RUE),0.0,0.0
201300057952,3,5,2013,16,1,974,7,2,1,1,2,ROUTE DU SACRE COEUR,0.0,0.0
201300057953,9,5,2013,21,5,974,7,2,1,1,3,PARIS (AVENUE),0.0,0.0
201300057954,12,5,2013,15,1,974,7,2,1,1,6,SUAREZ ANDRE(RUE),0.0,0.0
201300057955,17,5,2013,18,2,974,7,1,1,1,3,ROUTE NATIONALE N? 1,0.0,0.0
201300057956,21,5,2013,16,1,974,7,1,1,1,7,ROUTE NATIONALE N? 1,0.0,0.0
201300057957,25,5,2013,16,1,974,7,2,1,1,6,RUE JACQUES DUCLOS,0.0,0.0
201300057958,25,5,2013,20,3,974,7,2,1,1,3,TAMATAVE (BOULEVARD),0.0,0.0
201300057959,27,5,2013,13,1,974,7,2,2,1,2,SANS SOUCIS(RUE),0.0,0.0
201300057960,6,6,2013,15,1,974,7,2,1,1,6,ROND POINT DE CAMBAIE,0.0,0.0
201300057961,7,6,2013,20,5,974,7,2,1,1,6,RUE SULLY PRUD'HOMME,0.0,0.0
201300057962,10,6,2013,16,1,974,7,2,1,1,2,MONDON (AVENUE),0.0,0.0
201300057963,12,6,2013,15,1,974,7,2,1,1,3,RUE SULLY PRUD'HOMME,0.0,0.0
201300057964,14,6,2013,16,1,974,7,2,1,1,6,08 MARS(RUE DU),0.0,0.0
201300057965,17,6,2013,17,1,974,7,2,1,1,2,ROND POINT SACRE COEUR,0.0,0.0
201300057966,20,6,2013,18,3,974,7,1,1,1,2,ROUTE NATIONALE N? 1,0.0,0.0
201300057967,25,6,2013,19,5,974,7,2,1,1,3,SIMON (RUE PERNIC),0.0,0.0
201300057968,6,7,2013,22,5,974,7,2,1,1,2,CARPAYE(AVENUE),0.0,0.0
201300057969,10,7,2013,9,1,974,7,2,1,1,2,COMPAGNIE DES INDES,0.0,0.0
201300057970,11,7,2013,6,2,974,7,2,1,1,7,RUE CHARLES DARWIN,0.0,0.0
201300057971,15,7,2013,8,1,974,7,2,1,1,6,LYON(RUE),2093729.0,529534.0
201300057972,15,7,2013,16,1,974,7,2,1,1,5,VERDUN(BOULEVARD),0.0,0.0
201300057973,23,7,2013,22,3,974,7,1,1,1,3,ROUTE NATIONALE 1,0.0,0.0
201300057974,30,7,2013,6,2,974,7,2,1,1,5,DESMOULINS(RUE),0.0,0.0
201300057975,30,7,2013,18,2,974,7,2,1,1,6,14 JUILLET 1789(AVENUE D,0.0,0.0
201300057976,6,8,2013,11,1,974,7,2,1,1,6,CABRAL(RUE),0.0,0.0
201300057977,9,8,2013,9,1,974,7,2,1,1,6,DOXILE(RUE),0.0,0.0
201300057978,10,8,2013,0,5,974,7,2,1,1,7,OWENS JAMES,0.0,0.0
201300057979,10,8,2013,19,5,974,7,2,1,1,3,TOULOUSE(BOULEVARD),0.0,0.0
201300057980,19,8,2013,20,5,974,7,2,6,1,3,ROND POINT DE L'OASIS,0.0,0.0
201300057981,26,8,2013,7,1,974,7,2,1,1,7,DE GAULLE(RUE),0.0,0.0
201300057982,28,8,2013,22,5,974,7,2,3,1,1,19 MARS 1946 (AVENUE),0.0,0.0
201300057983,29,8,2013,16,1,974,7,2,1,1,6,VERGES(AVENUE),0.0,0.0
201300057984,30,8,2013,15,1,974,7,2,1,1,3,RUE THEODORE DROUET,0.0,0.0
201300057985,10,9,2013,6,1,974,7,2,1,1,6,RUE JACQUES PREVERT,0.0,0.0
201300057986,23,9,2013,7,1,974,7,2,1,1,6,OWENS JAMES,0.0,0.0
201300057987,29,9,2013,8,1,974,7,2,6,1,2,RD PT SACRE COEUR,0.0,0.0
201300057988,6,10,2013,2,3,974,7,1,1,1,6,ROUTE DU SACRE COEUR,0.0,0.0
201300057989,6,10,2013,20,3,974,7,2,1,1,6,"20, CARPAYE(AVENUE)",0.0,0.0
201300057990,7,10,2013,7,1,974,7,1,1,1,3,ROUTE NATIONALE N? 1,0.0,0.0
201300057991,10,10,2013,14,1,974,7,2,1,1,3,RUE JACQUES PREVERT,0.0,0.0
201300057992,12,10,2013,14,1,974,7,2,2,1,3,LILLE (RUE),0.0,0.0
201300057993,21,10,2013,19,3,974,7,2,1,1,1,OWENS JAMES,0.0,0.0
201300057994,23,10,2013,14,1,974,7,2,1,1,2,"33, RUE JACQUES PREVERT",0.0,0.0
201300057995,27,10,2013,10,1,974,7,2,1,1,3,CIMENDEF(RUE),0.0,0.0
201300057996,31,10,2013,9,1,974,7,2,1,1,3,"34, MONDON (AVENUE)",0.0,0.0
201300057997,6,11,2013,13,1,974,7,2,1,1,6,ARAGON LOUIS(AVENUE),0.0,0.0
201300057998,8,11,2013,18,3,974,7,1,1,1,4,ROUTE NATIONALE N? 1,0.0,0.0
201300057999,10,11,2013,17,1,974,7,2,1,1,3,RUE JEAN MOULIN,0.0,0.0
201300058000,12,11,2013,16,1,974,7,2,1,1,6,VINCY LEONARD (RUELLE),0.0,0.0
201300058001,18,11,2013,8,1,974,7,2,2,1,3,LONDRES (RUE),0.0,0.0
201300058002,18,11,2013,15,1,974,7,2,1,1,6,"3, VILLON FRANCOIS(ALLEE",0.0,0.0
201300058003,24,11,2013,19,5,974,7,2,1,1,3,RUE JACQUES DUCLOS,0.0,0.0
201300058004,26,11,2013,18,2,974,7,2,3,1,6,"70, DE GAULLE(RUE)",0.0,0.0
201300058005,29,11,2013,12,1,974,7,2,1,1,6,RUE JACQUES DUCLOS,0.0,0.0
201300058006,2,12,2013,8,1,974,7,1,1,1,2,ROUTE NATIONALE N? 1,0.0,0.0
201300058007,3,12,2013,18,1,974,7,2,1,1,6,RUE VERLAINE,0.0,0.0
201300058008,9,12,2013,15,1,974,7,2,1,1,3,ROUTE DU SACRE COEUR,0.0,0.0
201300058009,10,12,2013,12,1,974,7,2,6,1,3,RUE BORIS VIAN,0.0,0.0
201300058010,10,12,2013,17,1,974,7,2,2,1,3,COMMUNE DE PARIS (AVENUE,0.0,0.0
201300058011,14,12,2013,11,1,974,7,2,1,1,6,CARPAYE(AVENUE),0.0,0.0
201300058012,20,12,2013,5,2,974,7,2,1,1,7,FERRY (RUE),0.0,0.0
201300058013,20,12,2013,16,1,974,7,2,1,1,7,OWENS JAMES,0.0,0.0
201300058014,22,12,2013,13,1,974,7,2,6,1,3,ROUTE DU SACRE COEUR,0.0,0.0
201300058015,25,12,2013,2,5,974,7,2,1,1,6,CARPAYE(AVENUE),0.0,0.0
201300058016,25,12,2013,3,5,974,7,2,1,1,6,"48, LENINE (AVENUE)",0.0,0.0
201300058017,25,12,2013,21,2,974,7,2,1,1,6,ROND POINT BUTTE CITRONN,0.0,0.0
201300058018,4,2,2013,16,1,974,9,1,1,1,2,RN2 SENS STE SUZANNE ST,0.0,0.0
201300058019,11,2,2013,12,1,974,9,1,1,1,6,AGENOR (chemin),0.0,0.0
201300058020,12,2,2013,19,3,974,9,2,1,1,6,LACOARET(RUE),0.0,0.0
201300058021,16,2,2013,10,1,974,9,2,1,1,6,Lefaguyes (chemin),0.0,0.0
201300058022,18,2,2013,7,1,974,9,2,1,2,6,LACOARET(RUE),0.0,0.0
201300058023,18,2,2013,17,1,974,9,2,3,2,3,ROCADE SUD(RUE),0.0,0.0
201300058024,4,1,2013,21,5,974,9,2,1,1,6,"5419, ROCADE SUD(RUE)",0.0,0.0
201300058025,6,1,2013,15,1,974,9,2,1,1,6,RN2,0.0,0.0
201300058026,19,2,2013,12,1,974,9,1,1,1,6,"453, Salazie (route de)",0.0,0.0
201300058027,27,2,2013,16,1,974,9,2,1,1,2,"936, MASCAREIGNES (Avenu",0.0,0.0
201300058028,8,3,2013,14,1,974,9,1,1,1,6,"0, DIORE(CHEMIN)",0.0,0.0
201300058029,30,3,2013,18,2,974,9,1,1,1,2,CRESSONNIERE (RUE DE LA),0.0,0.0
201300058030,4,4,2013,5,3,974,9,2,1,2,2,"0000, Ravine creuse (che",0.0,0.0
201300058031,5,4,2013,13,1,974,9,1,1,1,2,DE BOURBON(AVENUE),0.0,0.0
201300058032,13,4,2013,12,1,974,9,2,1,1,3,Lefaguyes (chemin),0.0,0.0
201300058033,16,4,2013,16,1,974,9,2,1,1,4,DE BOURBON(AVENUE),5564823.0,296761.0
201300058034,21,4,2013,15,1,974,9,2,1,1,1,"001, BRAS DES CHEVRETTES",0.0,0.0
201300058035,23,4,2013,19,5,974,9,2,1,1,3,ILE DE FRANCE(AVENUE),0.0,0.0
201300058036,28,4,2013,7,1,974,9,1,1,1,6,Salazie (route de),0.0,0.0
201300058037,5,4,2013,18,5,974,9,2,1,2,6,"001, DE LA GARE(RUE)",0.0,0.0
201300058038,29,4,2013,18,5,974,9,1,1,1,3,"001, DU PERE REPOND(RUE)",0.0,0.0
201300058039,13,3,2013,17,2,974,9,1,1,1,1,"001, PARC DU COLOSSE (ru",0.0,0.0
201300058040,10,4,2013,18,3,974,9,1,1,1,2,"001, MAUNIER(RUE)",0.0,0.0
201300058041,3,5,2013,10,1,974,9,2,1,1,6,"2005, MINGARD(RUE)",0.0,0.0
201300058042,7,5,2013,19,5,974,9,2,1,2,6,LETCHIS (RUE),0.0,0.0
201300058043,8,5,2013,7,1,974,9,2,1,1,6,CAMBUSTON (rue de),0.0,0.0
201300058044,21,5,2013,16,1,974,9,2,3,1,3,"0, LAGOURGUE(CHEMIN)",0.0,0.0
201300058045,6,6,2013,17,2,974,9,1,1,1,3,", RN2 SENS STE SUZANNE S",0.0,0.0
201300058046,6,6,2013,18,5,974,9,2,1,1,5,"1932, ILE DE FRANCE (AV)",0.0,0.0
201300058047,9,3,2013,13,1,974,9,2,1,1,7,"00, RN2 DIRECTION ST BEN",0.0,0.0
201300058048,15,3,2013,10,1,974,9,2,2,1,3,"00, Rio (chemin)",0.0,0.0
201300058049,11,6,2013,7,1,974,9,2,1,1,3,ILE DE FRANCE(AVENUE),0.0,0.0
201300058050,14,6,2013,20,5,974,9,2,1,1,2,DE LA GARE(RUE),0.0,0.0
201300058051,21,6,2013,17,2,974,9,2,1,1,2,", BEL OMBRE (chemin)",0.0,0.0
201300058052,23,4,2013,17,2,974,9,2,1,1,6,"1590, ILE DE FRANCE(AVEN",0.0,0.0
201300058053,22,7,2013,15,1,974,9,2,1,7,5,LAGOURGUE(CHEMIN),0.0,0.0
201300058054,12,6,2013,19,5,974,9,2,1,1,7,DE LA GARE(RUE),0.0,0.0
201300058055,8,6,2013,14,1,974,9,2,1,1,5,DE BOURBON(AVENUE),0.0,0.0
201300058056,21,6,2013,9,1,974,9,2,1,1,5,DE BOURBON(AVENUE),0.0,0.0
201300058057,22,6,2013,11,1,974,9,2,1,1,6,DE LA GARE(RUE),0.0,0.0
201300058058,28,6,2013,14,1,974,9,2,1,1,2,DE LA GARE(RUE),0.0,0.0
201300058059,28,7,2013,10,1,974,9,2,1,1,3,BRAS DES CHEVRETTES (che,0.0,0.0
201300058060,1,7,2013,8,1,974,9,2,1,1,6,PATELIN (chemin),0.0,0.0
201300058061,6,7,2013,12,1,974,9,2,1,1,7,MAUNIER(RUE),0.0,0.0
201300058062,6,7,2013,18,2,974,9,2,1,1,6,LAGOURGUE(CHEMIN),0.0,0.0
201300058063,9,7,2013,18,5,974,9,2,1,1,2,MASCAREIGNES (Avenue des,0.0,0.0
201300058064,10,7,2013,21,5,974,9,2,1,1,7,"IGNORE, ILE DE FRANCE(AV",0.0,0.0
201300058065,2,10,2013,18,5,974,9,2,1,1,2,DU CENTRE(CHEMIN),0.0,0.0
201300058066,29,9,2013,16,1,974,9,2,1,1,7,LETCHIS(RUE),0.0,0.0
201300058067,15,10,2013,19,5,974,9,1,1,1,1,"30, Grand Canal ( chemin",0.0,0.0
201300058068,20,10,2013,7,1,974,9,2,1,1,3,"3115, LAGOURGUE(RUE)",0.0,0.0
201300058069,20,10,2013,20,5,974,9,2,3,1,3,"Ignor?, DE LA GARE(RUE)",0.0,0.0
201300058070,29,10,2013,17,1,974,9,1,1,2,6,DIORE(CHEMIN),0.0,0.0
201300058071,29,10,2013,17,1,974,9,1,1,2,2,RN2 SENS ST BENOIT ST DE,0.0,0.0
201300058072,2,11,2013,7,1,974,9,2,1,1,6,MASCAREIGNES (Avenue des,0.0,0.0
201300058073,5,11,2013,12,1,974,9,2,1,9,3,MASCAREIGNES (Avenue des,0.0,0.0
201300058074,6,11,2013,15,1,974,9,1,1,2,1,"516, CRESSONNIERE (rue d",0.0,0.0
201300058075,29,11,2013,9,1,974,9,1,1,1,3,"1500, BEL OMBRE (chemin)",0.0,0.0
201300058076,16,12,2013,7,1,974,9,1,1,9,2,"IGNORE, Salazie (route d",0.0,0.0
201300058077,20,12,2013,17,1,974,9,2,3,1,6,"330, MASCAREIGNES (Avenu",0.0,0.0
201300058078,20,12,2013,20,2,974,9,2,3,9,3,"IGNORE, BRUNET (CHEMIN)",0.0,0.0
201300058079,30,12,2013,12,1,974,9,2,1,9,3,"158, MASCAREIGNES Avenue",0.0,0.0
201300058080,1,2,2013,6,2,974,9,2,1,2,2,"491, DE BOURBON(AVENUE)",0.0,0.0
201300058081,7,2,2013,14,1,974,9,2,1,1,1,MASCAREIGNES (AVENUE),0.0,0.0
201300058082,7,1,2013,14,1,974,11,2,1,1,2,"78, BOIS DE NEFLES (RUE",0.0,0.0
201300058083,14,1,2013,22,5,974,11,2,5,3,3,LABOURDONNAIS (RUE),0.0,0.0
201300058084,29,1,2013,22,5,974,11,2,1,1,1,JAURES (BLD 1 JEAN),0.0,0.0
201300058085,31,1,2013,17,1,974,11,2,1,9,6,"31, MONTHYON (RUE)",0.0,0.0
201300058086,7,2,2013,1,5,974,11,2,1,1,6,"6, SAINT-BERNARD (CH DE)",0.0,0.0
201300058087,1,2,2013,15,1,974,11,2,2,2,2,"32, GAULLE (DU GENERAL D",0.0,0.0
201300058088,4,2,2013,8,1,974,11,2,1,1,1,2LANCASTEL (BOULEVARD),0.0,0.0
201300058089,9,2,2013,1,5,974,11,2,1,1,5,5 POMPIDOU (AV. GEORGES),0.0,0.0
201300058090,9,2,2013,14,1,974,11,2,1,9,6,3 MARCADET (RUELLE),0.0,0.0
201300058091,10,2,2013,3,3,974,11,2,1,1,2,LITTORAL (ROUTE 1 DU),0.0,0.0
201300058092,12,2,2013,17,1,974,11,2,1,1,1,2  RAMBAUD (LEOPOLD),0.0,0.0
201300058093,8,2,2013,8,1,974,11,2,1,1,1,NOTRE DAME DE LA TRINITE,0.0,0.0
201300058094,14,2,2013,8,1,974,11,2,1,1,1,1BOYER (ROUTE ANTIDE),0.0,0.0
201300058095,10,1,2013,8,1,974,11,2,2,1,3,JAURES (BLD 1 JEAN),0.0,0.0
201300058096,19,2,2013,16,1,974,11,2,1,2,6,RUISSEAU DES NOIRS (RUE),0.0,0.0
201300058097,28,2,2013,7,1,974,11,2,1,1,6,"3, AGATES (ALLEE DES)",0.0,0.0
201300058098,28,2,2013,13,1,974,11,2,1,1,6,3 LECONTE DE LISLE (AV),0.0,0.0
201300058099,28,2,2013,19,5,974,11,2,1,1,5,2 JAURES (BLD 1 JEAN),0.0,0.0
201300058100,2,3,2013,23,5,974,11,2,5,1,3,LECONTE DE LISLE (AV),0.0,0.0
201300058101,10,3,2013,2,5,974,11,2,2,1,3,DODU 1 (RUE JULIETTE),0.0,0.0
201300058102,6,3,2013,14,1,974,11,2,1,1,3,CHAUDRON  (BLD 1 DU),0.0,0.0
201300058103,12,3,2013,17,1,974,11,2,1,1,6,LAGRANGE (RUE LEO),0.0,0.0
201300058104,3,3,2013,16,1,974,11,2,2,1,6,"1, VICTOIRE (AVENUE DE L",0.0,0.0
201300058105,19,3,2013,11,1,974,11,2,2,1,3,ANNE (SAINTE-),0.0,0.0
201300058106,25,3,2013,16,1,974,11,2,1,1,6,COCOTIERS (AVENUE DES),0.0,0.0
201300058107,2,4,2013,8,1,974,11,2,1,7,6,BOIS DE NEFLES (RUE DU),0.0,0.0
201300058108,3,4,2013,17,1,974,11,2,1,2,6,MONTHYON (RUE),0.0,0.0
201300058109,8,4,2013,16,1,974,11,2,1,1,3,JAURES (BLD 1 JEAN),0.0,0.0
201300058110,18,4,2013,17,1,974,11,2,2,1,6,"2, MONTHYON (RUE)",0.0,0.0
201300058111,18,5,2013,22,5,974,11,2,1,1,6,JAURES (BOULEVARD JEAN),0.0,0.0
201300058112,22,4,2013,7,1,974,11,1,1,7,6,NEUF (CHEMIN),0.0,0.0
201300058113,24,4,2013,8,1,974,11,2,2,1,6,JAURES (BD JEAN),0.0,0.0
201300058114,22,4,2013,11,1,974,11,2,1,1,3,MAZAGRAN (RUE),0.0,0.0
201300058115,8,5,2013,14,1,974,11,2,2,1,6,MALRAUX (AVENUE ANDRE),0.0,0.0
201300058116,11,5,2013,5,5,974,11,2,1,1,3,JAURES (BOULEVARD JEAN),0.0,0.0
201300058117,13,4,2013,5,4,974,11,2,1,1,3,RUISSEAU DES NOIRS (RUE),0.0,0.0
201300058118,21,5,2013,0,5,974,11,2,1,1,6,JAURES (BOULEVARD JEAN),0.0,0.0
201300058119,25,5,2013,5,5,974,11,2,1,1,6,LANCASTEL (BOULEVARD),0.0,0.0
201300058120,17,5,2013,16,1,974,11,2,9,1,3,BUREAUX (ALLEE DES),0.0,0.0