Num_Acc,jour,mois,an,hr,condition_eclairage,departement,commune,condition_agglomeration,intersection,condition_atmosphere,type_collision,adresse,lattitude,longitude
201300058121,3,6,2013,18,2,974,11,2,1,1,6,LATTRE DE TASSIGNY (AVEN,0.0,0.0
201300058122,8,6,2013,0,5,974,11,1,1,1,2,RN2/043,0.0,0.0
201300058123,11,6,2013,1,5,974,11,2,3,1,3,POMPIDOU (AV GEORGES),0.0,0.0
201300058124,13,6,2013,6,2,974,11,2,2,1,6,JAURES (BD JEAN),0.0,0.0
201300058125,15,6,2013,2,5,974,11,1,2,1,3,RN2/092,0.0,0.0
201300058126,16,6,2013,19,2,974,11,2,1,1,3,LATTRE DE TASSIGNY (AV),0.0,0.0
201300058127,17,6,2013,21,5,974,11,1,1,1,6,RN2/043,0.0,0.0
201300058128,19,6,2013,15,1,974,11,2,1,1,2,RAMBAUD (LEOPOLD),0.0,0.0
201300058129,22,6,2013,2,5,974,11,2,2,1,3,DODU 1 (RUE JULIETTE),0.0,0.0
201300058130,23,6,2013,18,5,974,11,2,1,1,2,JAURES (BOULEVARD JEAN),0.0,0.0
201300058131,27,6,2013,22,5,974,11,2,1,1,6,BAUHINIAS (CHEMIN DES),0.0,0.0
201300058132,28,6,2013,19,3,974,11,2,1,1,6,PICARDIE (RUE DE LA),0.0,0.0
201300058133,2,7,2013,16,1,974,11,2,1,1,2,PROVIDENCE (BOULEVARD DE,0.0,0.0
201300058134,7,7,2013,1,5,974,11,2,2,1,3,PARIS (RUE DE),0.0,0.0
201300058135,7,7,2013,12,1,974,11,2,2,1,3,JAURES (BOULEVARD JEAN),0.0,0.0
201300058136,20,7,2013,13,1,974,11,1,4,1,1,EUCALYPTUS (ROUTE DES),0.0,0.0
201300058137,17,7,2013,1,5,974,11,2,1,1,2,JAURES (BOULEVARD JEAN),0.0,0.0
201300058138,25,7,2013,8,1,974,11,2,1,1,6,BOULANGERIE (RUE DE LA),0.0,0.0
201300058139,25,7,2013,15,1,974,11,1,6,8,6,JAURES (BOULEVARD JEAN),0.0,0.0
201300058140,24,7,2013,19,4,974,11,2,1,1,3,PALMIERS (ROUTE DES),0.0,0.0
201300058141,2,8,2013,0,5,974,11,2,6,1,3,JAURES (BD JEAN),0.0,0.0
201300058142,2,8,2013,20,3,974,11,2,1,1,6,TOPAZES(ALLEE DES),0.0,0.0
201300058143,2,8,2013,23,5,974,11,2,1,1,6,MILIEU (CHEMIN DU),0.0,0.0
201300058144,2,8,2013,23,5,974,11,2,1,1,3,RN2/111,0.0,0.0
201300058145,5,8,2013,11,1,974,11,2,1,1,6,CHAUDRON (BLD 2 DU),0.0,0.0
201300058146,7,8,2013,19,5,974,11,2,9,1,3,MACE (BOULEVARD GABRIEL),0.0,0.0
201300058147,13,8,2013,11,1,974,11,2,2,1,6,MONTHYON (RUE),0.0,0.0
201300058148,15,8,2013,20,5,974,11,2,9,1,3,JAURES (BD JEAN),0.0,0.0
201300058149,18,8,2013,21,5,974,11,2,1,1,3,MACE (BOULEVARD GABRIEL),0.0,0.0
201300058150,16,8,2013,16,1,974,11,2,1,1,4,JAURES (BOULEVARD JEAN),0.0,0.0
201300058151,20,8,2013,19,2,974,11,2,1,1,6,METZ (PLACE DE),0.0,0.0
201300058152,2,9,2013,22,5,974,11,2,1,1,6,AMARYLLIS (DES),0.0,0.0
201300058153,3,9,2013,19,2,974,11,2,1,1,1,DEBASSYNS (AVENUE),0.0,0.0
201300058154,4,9,2013,17,2,974,11,1,1,1,6,BAILLY (CHEMIN),0.0,0.0
201300058155,6,9,2013,5,5,974,11,2,1,1,3,JAURES (BOULEVARD JEAN),0.0,0.0
201300058156,8,9,2013,22,5,974,11,2,2,1,3,DODU 1 (RUE JULIETTE),0.0,0.0
201300058157,8,9,2013,0,3,974,11,2,2,1,1,GAULLE (DU GENERAL DE),0.0,0.0
201300058158,13,9,2013,18,5,974,11,2,1,1,6,GAULLE (DU GENERAL DE),0.0,0.0
201300058159,9,9,2013,17,1,974,11,2,1,1,6,BANCOUL (CHEMIN),0.0,0.0
201300058160,11,9,2013,17,1,974,11,2,1,1,6,GAULLE (DU GENERAL DE),0.0,0.0
201300058161,17,9,2013,19,1,974,11,2,1,1,3,PAGNOL (RUE MARCEL),0.0,0.0
201300058162,4,10,2013,14,1,974,11,1,1,1,3,"26, BRULE (ROUTE DU)",0.0,0.0
201300058163,5,10,2013,21,5,974,11,2,1,1,6,PITON (RTE DU BOIS DE NE,0.0,0.0
201300058164,7,10,2013,8,1,974,11,2,1,1,3,TOPAZES(ALLEE DES),0.0,0.0
201300058165,7,10,2013,10,1,974,11,2,1,1,3,RAMBAUD (LEOPOLD),0.0,0.0
201300058166,27,11,2013,12,1,974,11,2,4,1,5,MAZAGRAN (RUE),0.0,0.0
201300058167,7,10,2013,20,5,974,11,2,2,1,3,CANAL (CHEMIN DU GRAND),0.0,0.0
201300058168,15,10,2013,20,5,974,11,2,2,1,6,BRASSENS (AVENUE GEORGES,0.0,0.0
201300058169,21,10,2013,12,1,974,11,2,1,1,1,MONNERVILLE (BOULEVARD G,0.0,0.0
201300058170,26,9,2013,6,1,974,11,2,2,1,3,AUBER (RUE JULES),0.0,0.0
201300058171,9,11,2013,23,5,974,11,2,2,1,3,LORY LES HAUTS (RUE),0.0,0.0
201300058172,12,11,2013,7,1,974,11,2,1,1,3,NOTRE DAME DE LA TRINITE,0.0,0.0
201300058173,15,11,2013,8,1,974,11,2,1,1,4,JAURES (BLD 1 JEAN),0.0,0.0
201300058174,22,11,2013,16,1,974,11,2,1,1,6,GASPARIN (LUCIEN),0.0,0.0
201300058175,23,11,2013,8,1,974,11,2,1,1,3,LANCASTEL (BOULEVARD),0.0,0.0
201300058176,25,11,2013,18,5,974,11,1,1,2,7,RN2/043,0.0,0.0
201300058177,8,12,2013,22,5,974,11,2,4,1,3,LANCASTEL (BOULEVARD),0.0,0.0
201300058178,7,12,2013,21,4,974,11,2,1,1,6,PARIS (RUE DE),0.0,0.0
201300058179,12,12,2013,11,1,974,11,2,1,1,6,BUTOR (RUE DU),0.0,0.0
201300058180,23,11,2013,3,5,974,11,2,1,1,3,RAMBAUD (LEOPOLD),0.0,0.0
201300058181,25,12,2013,5,2,974,11,2,1,1,1,GUICHARD (RUE ROGER),0.0,0.0
201300058182,26,11,2013,16,1,974,11,2,4,1,3,MOUFIA (ROUTE DE),0.0,0.0
201300058183,12,12,2013,15,1,974,11,1,1,1,2,MONTAGNE (ROUTE DE LA),0.0,0.0
201300058184,14,12,2013,14,1,974,11,2,1,1,6,RN2/043,0.0,0.0
201300058185,13,12,2013,22,5,974,11,2,1,1,6,CANAL (CHEMIN DU GRAND),0.0,0.0
201300058186,18,12,2013,2,5,974,11,2,9,1,3,JAURES (BLD 2 JEAN),0.0,0.0
201300058187,22,12,2013,13,1,974,11,1,1,1,4,LITTORAL (ROUTE 1 DU),0.0,0.0
201300058188,22,12,2013,8,1,974,11,2,2,1,3,PARIS (RUE DE),0.0,0.0
201300058189,25,12,2013,21,5,974,11,2,9,1,6,LECONTE DE LISLE (AVENUE,0.0,0.0
201300058190,30,12,2013,2,3,974,11,1,1,1,6,LITTORAL (ROUTE 1 DU),0.0,0.0
201300058191,1,1,2013,11,1,974,16,2,1,1,6,"SANS, LORION (RUE LUC)",0.0,0.0
201300058192,2,1,2013,14,1,974,16,2,1,1,7,"SANS, RN1 (ROUTE NATIONA",0.0,0.0
201300058193,5,1,2013,18,2,974,16,2,1,1,7,"SANS, GENERAL DE GAULLE",0.0,0.0
201300058194,9,1,2013,1,3,974,16,1,1,1,7,RN1,0.0,0.0
201300058195,9,1,2013,6,2,974,16,2,1,1,1,"SANS, MORIN (CHEMIN)",0.0,0.0
201300058196,10,1,2013,17,1,974,16,2,1,1,2,"SANS, BANK (BOULEVARD)",0.0,0.0
201300058197,12,1,2013,5,3,974,16,1,1,1,3,"SANS, DIAGONAL (CHEMIN)",0.0,0.0
201300058198,13,1,2013,11,1,974,16,2,1,1,7,"SANS, LORION (RUE LUC)",0.0,0.0
201300058199,15,1,2013,6,2,974,16,2,1,2,7,"SANS, DONAT (AVENUE LUC)",0.0,0.0
201300058200,16,1,2013,13,1,974,16,2,1,1,6,"28, SUFFREN (RUE)",0.0,0.0
201300058201,19,1,2013,14,1,974,16,2,1,2,7,"SANS, PARADIS (LIGNE) (1",0.0,0.0
201300058202,20,1,2013,11,1,974,16,2,1,1,6,"66, LEBLOND 1 (RUE MARIU",0.0,0.0
201300058203,29,1,2013,15,1,974,16,2,1,1,6,"SANS, LORION (RUE LUC)",0.0,0.0
201300058204,30,1,2013,9,1,974,16,2,1,1,6,"SANS, BOEUF (CHEMIN) (1)",0.0,0.0
201300058205,3,2,2013,21,3,974,16,1,1,1,3,RN2 (2),0.0,0.0
201300058206,6,2,2013,14,1,974,16,1,1,1,2,RN1,0.0,0.0
201300058207,7,2,2013,1,3,974,16,1,1,1,6,RN3 (3),0.0,0.0
201300058208,7,2,2013,17,1,974,16,2,3,1,6,"NEANT, LACAZE (RUE AMIRA",0.0,0.0
201300058209,9,2,2013,3,3,974,16,2,1,1,6,"SANS, CHATEAU D'EAU (CHE",0.0,0.0
201300058210,10,2,2013,4,3,974,16,1,1,1,6,"SANS, ENTRE DEUX (CHEMIN",0.0,0.0
201300058211,11,2,2013,15,1,974,16,1,1,1,2,"SANS, ARCHAMBAUD 400 (CH",0.0,0.0
201300058212,12,2,2013,20,5,974,16,2,1,1,2,"SANS, ARCHAMBAUD (RUE)",0.0,0.0
201300058213,13,2,2013,6,1,974,16,1,1,1,3,"SANS, MITTERAND (AVENUE",0.0,0.0
201300058214,13,2,2013,11,1,974,16,1,1,1,3,ABEMONTI (IMPASSE),0.0,0.0
201300058215,22,2,2013,10,1,974,16,1,1,1,3,"SANS, MAITRE (RUE DU PER",0.0,0.0
201300058216,23,2,2013,19,3,974,16,1,1,1,6,"3, PASTEUR (RUE)",0.0,0.0
201300058217,24,2,2013,16,1,974,16,1,1,2,3,"SANS, CIMETIERE (CHEMIN",0.0,0.0
201300058218,25,2,2013,6,1,974,16,1,1,1,6,"60, TROIS MARRE (CHEMIN)",0.0,0.0
201300058219,26,2,2013,7,1,974,16,1,1,2,7,RN3 (3),0.0,0.0
201300058220,27,2,2013,10,1,974,16,1,1,1,7,RN3 (3),0.0,0.0
201300058221,27,2,2013,16,1,974,16,1,1,1,7,RN3 (3),0.0,0.0
201300058222,28,2,2013,18,2,974,16,1,1,1,1,"687, PICARD (CHEMIN)",0.0,0.0
201300058223,1,3,2013,8,1,974,16,2,1,1,6,"SANS, LEBLOND 1 (RUE MAR",0.0,0.0
201300058224,3,3,2013,15,1,974,16,2,1,1,7,"SANS, GAGARINE (RUE YOUR",0.0,0.0
201300058225,5,3,2013,12,1,974,16,2,1,1,6,"SANS, PRESBYTERE (RUE DU",0.0,0.0
201300058226,7,3,2013,23,5,974,16,2,3,1,3,"SANS, PRESBYTERE (RUE DU",0.0,0.0
201300058227,10,3,2013,8,1,974,16,1,1,1,7,"SANS, RN3 (1)",0.0,0.0
201300058228,11,3,2013,21,3,974,16,1,1,1,6,"116, RECHERCHANT (RUE AD",0.0,0.0
201300058229,15,3,2013,3,3,974,16,1,1,1,6,"78, PARADIS (LIGNE) (1)",0.0,0.0
201300058230,15,3,2013,14,1,974,16,1,1,1,6,"15, CHARETTE (CHEMIN)",0.0,0.0
201300058231,20,3,2013,10,1,974,16,1,1,1,6,"SANS, IRFA (CHEMIN DE L'",0.0,0.0
201300058232,20,3,2013,17,1,974,16,1,1,1,2,"530, BADAMIER (CHEMIN)",0.0,0.0
201300058233,22,3,2013,6,2,974,16,1,1,1,6,"sans, BAMBOUS (LIGNE DES",0.0,0.0
201300058234,23,3,2013,8,1,974,16,1,1,1,6,RN1,0.0,0.0
201300058235,26,3,2013,16,1,974,16,2,1,1,6,"48, FRERE DENIS (RUE DU)",0.0,0.0
201300058236,28,3,2013,10,1,974,16,1,1,1,6,"SANS, ANCIENNE NATIONALE",0.0,0.0
201300058237,29,3,2013,19,3,974,16,1,1,3,6,"SANS, BAMBOUS (LIGNE DES",0.0,0.0
201300058238,31,3,2013,4,3,974,16,2,2,1,3,"SANS, FOUR A CHAUX(RUE D",0.0,0.0
201300058239,31,3,2013,19,2,974,16,2,1,1,6,LORION(RUE LUC),0.0,0.0
201300058240,1,4,2013,5,2,974,16,1,1,1,7,RN1 (ROUTE NATIONALE),0.0,0.0
201300058241,4,4,2013,23,5,974,16,2,1,1,3,", ROBINET DE LA SERVE (R",0.0,0.0
201300058242,5,4,2013,8,1,974,16,2,1,1,4,CHAINE (IMPASSE DE LA),0.0,0.0
201300058243,7,4,2013,16,1,974,16,2,1,1,6,SOIE (ROUTE DE LA),0.0,0.0
201300058244,13,4,2013,16,1,974,16,2,1,1,6,ARCHAMBAUD (RUE),0.0,0.0
201300058245,14,4,2013,5,2,974,16,1,1,1,6,RN1 (ROUTE NATIONALE),0.0,0.0
201300058246,18,4,2013,18,2,974,16,2,1,1,6,HUBERT DE LISLE(BOULEVAR,0.0,0.0
201300058247,22,4,2013,8,1,974,16,2,1,1,2,BANK(BOULEVARD),0.0,0.0
201300058248,22,4,2013,16,1,974,16,2,1,1,6,ASSISES (CHEMIN DES),0.0,0.0
201300058249,25,4,2013,8,1,974,16,2,3,1,6,CHARITE (RUE DE LA),0.0,0.0
201300058250,25,4,2013,10,1,974,16,1,1,1,6,CD 29,0.0,0.0
201300058251,28,4,2013,5,2,974,16,2,3,1,2,"sans, FOUR A CHAUX(RUE D",0.0,0.0
201300058252,28,4,2013,14,1,974,16,1,1,1,6,"sans, DIAGONAL (CHEMIN)",0.0,0.0
201300058253,29,4,2013,10,1,974,16,2,1,1,6,"sans, KING (ALLEE MARTIN",0.0,0.0
201300058254,29,4,2013,14,1,974,16,2,1,1,6,LEBLOND 1 (RUE MARIUS ET,0.0,0.0
201300058255,2,5,2013,19,3,974,16,2,1,1,6,ANCIENNE RN2,0.0,0.0
201300058256,4,5,2013,12,1,974,16,2,3,1,6,"SANS, LEBLOND 1 (RUE MAR",0.0,0.0
201300058257,4,5,2013,23,3,974,16,2,1,1,6,"19, BECS ROSES (ALLEE DE",0.0,0.0
201300058258,5,5,2013,18,2,974,16,2,3,1,6,ARCHAMBAUD (RUE),0.0,0.0
201300058259,5,5,2013,20,5,974,16,2,1,1,6,LEBLOND 1 (RUE MARIUS ET,0.0,0.0
201300058260,8,5,2013,8,1,974,16,1,1,1,6,BASSIN PLAT(CHEMIN),0.0,0.0
201300058261,10,5,2013,13,1,974,16,2,1,1,6,"31, PRESIDENT MITTERAND(",0.0,0.0
201300058262,13,5,2013,11,2,974,16,2,1,1,6,BANK (BOULEVARD),0.0,0.0
201300058263,16,5,2013,7,1,974,16,2,1,1,6,BORDIER (CHEMIN),0.0,0.0
201300058264,16,5,2013,14,1,974,16,2,1,1,2,HUBERT DE LISLE(BOULEVAR,0.0,0.0
201300058265,18,5,2013,12,1,974,16,1,1,1,7,RN3 (2),0.0,0.0
201300058266,20,5,2013,17,1,974,16,2,1,1,6,PIOR (RUE HYPOLITTE),0.0,0.0
201300058267,20,5,2013,21,3,974,16,1,1,1,3,RN2 (1),0.0,0.0
201300058268,22,5,2013,9,1,974,16,1,1,1,3,BOISSY (CHEMIN DE),0.0,0.0
201300058269,22,5,2013,17,1,974,16,2,1,1,6,"06, SALETTE (CHEMIN DE L",0.0,0.0
201300058270,22,5,2013,20,3,974,16,1,1,1,2,RN1 (ROUTE NATIONALE),0.0,0.0
201300058271,25,5,2013,6,2,974,16,1,1,1,5,ANCIENNE RN 1,0.0,0.0
201300058272,28,5,2013,8,1,974,16,2,3,1,6,FOUR A CHAUX 1 (RUE DU),0.0,0.0
201300058273,31,5,2013,16,1,974,16,2,1,1,6,BONS ENFANTS (RUE DES),0.0,0.0
201300058274,31,5,2013,18,2,974,16,2,1,1,6,HUBERT DE LISLE(BOULEVAR,0.0,0.0
201300058275,1,6,2013,17,2,974,16,1,1,1,6,"SANS, DIAMANTS (ALLEE DE",0.0,0.0
201300058276,1,6,2013,19,5,974,16,2,1,1,5,"SANS, AUGUSTIN ARCHAMBAU",0.0,0.0
201300058277,3,6,2013,18,5,974,16,1,1,1,7,"SANS, ECHANGEUR (MONT CA",0.0,0.0
201300058278,4,6,2013,16,1,974,16,2,2,1,3,ARCHAMBAUD (RUE),0.0,0.0
201300058279,4,6,2013,16,1,974,16,2,1,1,6,"SANS, BAILLIF (CHEMIN ER",0.0,0.0
201300058280,7,6,2013,7,1,974,16,2,3,1,7,9 BONS ENFANTS (RUE DES),0.0,0.0
201300058281,7,6,2013,19,3,974,16,1,1,1,6,"10, BENOITE BOULARD (RUE",0.0,0.0
201300058282,8,6,2013,17,1,974,16,1,1,1,6,ANCIENNE RN2,0.0,0.0
201300058283,12,6,2013,10,1,974,16,2,1,1,7,"43, LAURET (RUE BERTIN)",0.0,0.0
201300058284,12,6,2013,16,1,974,16,2,1,1,3,"SANS, CHEMINEE (ALLEE  D",0.0,0.0
201300058285,14,6,2013,16,1,974,16,1,1,1,7,"SANS, FALAISE (CHEMIN)",0.0,0.0
201300058286,14,6,2013,18,2,974,16,1,1,1,5,RN3 (1),0.0,0.0
201300058287,16,6,2013,18,2,974,16,1,1,1,3,"SANS, SALETTE (CHEMIN DE",0.0,0.0
201300058288,24,6,2013,16,1,974,16,1,1,1,4,RN1 (ROUTE NATIONALE),0.0,0.0
201300058289,27,6,2013,9,1,974,16,2,8,1,6,"SANS, ASSISES (CHEMIN DE",0.0,0.0
201300058290,29,6,2013,10,1,974,16,2,3,1,3,"SANS, RIFOSTA (CHEMIN)",0.0,0.0
201300058291,29,6,2013,18,2,974,16,2,1,1,7,"69, RODIER (RUE)",0.0,0.0
201300058292,1,7,2013,2,5,974,16,2,1,1,3,"SANS, CLAIN (CHEMIN)",0.0,0.0
201300058293,1,7,2013,10,1,974,16,2,1,1,6,"3, CHATEAU D'EAU (CHEMIN",0.0,0.0
201300058294,5,7,2013,19,3,974,16,1,1,1,7,RN1 (ROUTE NATIONALE),0.0,0.0
201300058295,6,7,2013,19,5,974,16,2,1,1,6,"SANS, JEAN XXIII (RUE)",0.0,0.0
201300058296,9,7,2013,5,3,974,16,1,1,1,6,RN1 (ROUTE NATIONALE),0.0,0.0
201300058297,11,7,2013,9,1,974,16,2,1,1,3,"SANS, HUBERT DE LISLE(BO",0.0,0.0
201300058298,12,7,2013,16,1,974,16,2,3,1,3,"SANS, BABET (RUE AUGUSTE",0.0,0.0
201300058299,12,7,2013,16,1,974,16,1,1,1,3,"10, KM3 (CHEMIN)",0.0,0.0
201300058300,13,7,2013,12,1,974,16,2,1,1,7,"200, LEBLOND 2 (RUE MARI",0.0,0.0
201300058301,13,7,2013,16,1,974,16,2,3,1,3,"SANS, EGLISE  (RUE DE L'",2128884.0,547171.0
201300058302,16,7,2013,19,5,974,16,1,1,1,5,RN2 (1),0.0,0.0
201300058303,16,7,2013,20,5,974,16,1,1,1,6,RN2 (2),0.0,0.0
201300058304,18,7,2013,7,1,974,16,1,1,2,7,RN3 (1),0.0,0.0
201300058305,22,7,2013,17,2,974,16,1,1,1,6,"SANS, ENTRE DEUX(route d",0.0,0.0
201300058306,27,7,2013,5,3,974,16,1,1,1,7,RN1(BRETELLE ACCES),0.0,0.0
201300058307,2,8,2013,18,5,974,16,2,2,1,5,"SANS, MAHY (RUE FRANCOIS",0.0,0.0
201300058308,5,8,2013,10,1,974,16,1,1,1,3,"SANS, HOARAU (IMPASSE DE",0.0,0.0
201300058309,5,8,2013,10,1,974,16,1,1,1,6,RN1 (ROUTE NATIONALE),0.0,0.0
201300058310,7,8,2013,19,2,974,5,1,1,1,2,RN2 (1),0.0,0.0
201300058311,8,8,2013,13,1,974,16,2,2,1,2,"SANS, FOUR A CHAUX 1 (RU",0.0,0.0
201300058312,9,8,2013,14,1,974,16,1,3,1,3,"SANS, RN3 (ANCIENNE ROUT",0.0,0.0
201300058313,10,8,2013,3,3,974,16,1,1,1,6,"SANS, RN1 (ROUTE NATIONA",0.0,0.0
201300058314,10,8,2013,13,1,974,16,1,1,1,7,"SANS, MAURICE THOREZ(CHE",0.0,0.0
201300058315,15,8,2013,0,3,974,16,1,1,1,7,"SANS, CD 26",0.0,0.0
201300058316,16,8,2013,9,1,974,16,1,1,1,5,RN2/PDT F.MITTERAND,0.0,0.0
201300058317,17,8,2013,7,1,974,16,1,6,1,2,ROND POINT LA CAFRINE,0.0,0.0
201300058318,19,8,2013,11,1,974,16,1,1,1,7,RN1 (ROUTE NATIONALE),0.0,0.0
201300058319,21,8,2013,19,3,974,16,1,1,1,7,"SANS, CIMETIERE (CHEMIN",0.0,0.0
201300058320,22,8,2013,4,5,974,16,1,6,1,7,GENERAL DE GAULLE (RN2),0.0,0.0
201300058321,22,8,2013,7,1,974,16,1,1,1,7,"SANS, PRESIDENT MITTERAN",0.0,0.0
201300058322,23,8,2013,16,1,974,16,2,1,1,6,"SANS, LIGNE DES BAMBOUS(",0.0,0.0
201300058323,24,8,2013,8,1,974,16,2,1,1,6,"146, BONS ENFANTS (RUE D",0.0,0.0
201300058324,24,8,2013,16,1,974,16,2,3,1,5,"SANS, HIPPOLYTE  PIOT (R",0.0,0.0
201300058325,24,8,2013,19,3,974,16,2,1,1,1,RN2 (1),0.0,0.0
201300058326,26,8,2013,13,1,974,16,1,1,1,5,RN3 (3),0.0,0.0
201300058327,26,8,2013,18,3,974,16,1,1,1,6,"85, BAMBOUS (LIGNE DES)",0.0,0.0
201300058328,28,8,2013,16,1,974,16,2,1,1,6,"SANS, LEBLOND 1 (RUE MAR",0.0,0.0
201300058329,29,8,2013,20,3,974,16,1,1,1,7,RN3 (1),0.0,0.0
201300058330,30,8,2013,21,3,974,16,1,1,1,6,"SANS, POUDRIERE (RUE DE",0.0,0.0
201300058331,4,9,2013,20,5,974,16,1,1,1,6,RN1 (ROUTE NATIONALE),0.0,0.0
201300058332,5,9,2013,6,2,974,16,1,3,1,3,"34, LUCIEN (CHEMIN)",0.0,0.0
201300058333,8,9,2013,0,3,974,16,1,1,1,1,"SANS, ANCIENNE RN2",0.0,0.0
201300058334,8,9,2013,17,1,974,16,2,3,1,3,"SANS, LEBLOND(RUE M. ET",0.0,0.0
201300058335,11,9,2013,8,1,974,16,1,3,1,3,"SANS, ENTRE DEUX (CHEMIN",0.0,0.0
201300058336,11,9,2013,8,1,974,16,1,1,1,2,RN3 (1),0.0,0.0
201300058337,13,9,2013,17,1,974,16,1,1,1,7,"88, BOIS D'OLIVE (CHEMIN",0.0,0.0
201300058338,13,9,2013,23,5,974,16,1,1,1,7,"199, AUBEPINES (CHEMINS",0.0,0.0
201300058339,15,9,2013,0,4,974,16,2,1,1,6,"SANS, HIPPOLYTE  PIOT (R",0.0,0.0
201300058340,15,9,2013,20,3,974,16,1,1,1,6,RN1,0.0,0.0
201300058341,15,9,2013,21,3,974,16,1,1,1,3,"sans, PARADIS (LIGNE) (2",0.0,0.0
201300058342,15,9,2013,1,5,974,16,2,2,1,3,"SANS, LEBLOND 1 (RUE MAR",0.0,0.0
201300058343,16,9,2013,12,1,974,16,2,1,1,4,"SANS, CROIX DE JUBILE (C",0.0,0.0
201300058344,17,9,2013,11,1,974,16,2,2,2,6,"sans, ISAUTIER (RUE FRAN",0.0,0.0
201300058345,22,9,2013,10,1,974,16,1,1,1,3,"SANS, CLAIN (CHEMIN)",0.0,0.0
201300058346,23,9,2013,8,1,974,16,1,2,1,3,"SANS, EQUERRE (LIGNE D')",0.0,0.0
201300058347,26,9,2013,17,2,974,16,1,1,1,3,"SANS, BOIS NOIRS (ALLEE",0.0,0.0
201300058348,26,9,2013,7,1,974,16,1,1,1,2,RN3 (3),0.0,0.0
201300058349,28,9,2013,18,2,974,16,1,1,1,7,RN1 (ROUTE NATIONALE),0.0,0.0
201300058350,30,9,2013,6,2,974,16,1,1,1,7,"SANS, ISAUTIER (AVENUE C",0.0,0.0
201300058351,30,9,2013,7,1,974,16,1,1,1,7,"SANS, ISAUTIER (AVENUE C",0.0,0.0
201300058352,2,10,2013,14,1,974,16,2,1,1,3,GENERAL DE GAULLE (RN2),0.0,0.0
201300058353,3,10,2013,11,1,974,16,1,1,1,7,"SANS, BASSIN MARTIN (CHE",0.0,0.0
201300058354,5,10,2013,22,3,974,16,1,1,1,7,RN1,0.0,0.0
201300058355,11,10,2013,8,1,974,16,2,2,1,3,"SANS, GUIGNARD(RUE MEZIA",0.0,0.0
201300058356,11,10,2013,16,1,974,16,1,1,1,3,"SANS, DU LYCEE(RUE)",0.0,0.0
201300058357,18,10,2013,4,3,974,16,1,1,1,7,RN1,0.0,0.0
201300058358,23,10,2013,11,1,974,16,1,2,1,3,"SANS, RECHERCHANT (RUE A",0.0,0.0
201300058359,26,10,2013,12,1,974,16,1,1,1,6,"SANS, DELISLES (ROUTE HU",0.0,0.0
201300058360,29,10,2013,10,1,974,16,1,1,1,7,RN3 (1),0.0,0.0
201300058361,4,11,2013,18,1,974,16,1,1,1,3,RN1,0.0,0.0
201300058362,6,11,2013,16,1,974,16,1,2,1,3,"SANS, CD 26",0.0,0.0
201300058363,7,11,2013,8,1,974,16,1,1,1,4,RN3 (1),0.0,0.0
201300058364,8,11,2013,1,3,974,16,1,1,1,2,"sans, ANCIENNE RN 1",0.0,0.0
201300058365,8,11,2013,9,1,974,16,1,1,1,4,"SANS, CD 26",0.0,0.0
201300058366,10,11,2013,12,1,974,16,1,1,1,7,"245, GAULLE (RUE DU GENE",0.0,0.0
201300058367,13,11,2013,12,1,974,16,2,3,1,3,"SANS, POUDRIERE (RUE DE",0.0,0.0
201300058368,15,11,2013,8,1,974,16,2,2,1,7,"SANS, LORION (RUE LUC)",0.0,0.0
201300058369,17,11,2013,11,1,974,16,2,1,1,7,"123, GENERAL DE GAULLE(A",0.0,0.0
201300058370,19,11,2013,8,1,974,16,2,1,1,6,"SANS, PARADIS (LIGNE) (1",0.0,0.0
201300058371,19,11,2013,20,3,974,16,2,1,1,7,"39, ALIZEES (PROMENADE D",0.0,0.0
201300058372,22,11,2013,17,1,974,16,2,1,1,6,"36, SAVANE (CHEMIN DE LA",0.0,0.0
201300058373,3,12,2013,15,1,974,16,1,1,1,7,RN1,0.0,0.0
201300058374,3,12,2013,20,3,974,16,1,1,1,4,RN1,0.0,0.0
201300058375,5,12,2013,18,1,974,16,2,1,1,7,"SANS, BANK(BOULEVARD)",0.0,0.0
201300058376,6,12,2013,15,1,974,16,1,1,1,3,"SANS, EQUERRE (LIGNE D')",0.0,0.0
201300058377,10,12,2013,8,1,974,16,2,1,1,6,"95, ALBANY (RUE JEAN)",0.0,0.0
201300058378,10,12,2013,11,1,974,16,1,1,1,1,"24, CHATEAU D'EAU (CHEMI",0.0,0.0
201300058379,10,12,2013,15,1,974,16,2,1,1,6,"144, LYCEE (CHEMIN DU)",0.0,0.0
201300058380,12,12,2013,13,1,974,16,1,1,1,3,RN2 (2),0.0,0.0
201300058381,13,12,2013,13,1,974,16,2,3,1,6,"SANS, REBECCA (CHEMIN ST",0.0,0.0
201300058382,14,12,2013,13,1,974,16,1,1,1,3,"SANS, ANCIENNE RN 1",0.0,0.0
201300058383,14,12,2013,17,1,974,16,2,1,1,6,"52, VIGOUREUX(RUE VICTOR",0.0,0.0
201300058384,16,12,2013,13,1,974,16,2,1,1,2,RN02,0.0,0.0
201300058385,16,12,2013,16,1,974,16,2,3,1,6,"SANS, STEPHANE(CHEMIN)",0.0,0.0
201300058386,16,12,2013,19,3,974,16,2,3,1,3,"SANS, PAVE(RUE)",0.0,0.0
201300058387,18,12,2013,17,1,974,16,1,1,1,7,"SANS, BADAMIER (CHEMIN)",0.0,0.0
201300058388,20,12,2013,10,1,974,16,2,1,1,5,"SANS, AUGUSTIN ARCHAMBAU",0.0,0.0
201300058389,21,12,2013,12,1,974,16,2,1,1,4,"SANS, AUGUSTIN ARCHAMBAU",0.0,0.0
201300058390,27,12,2013,7,1,974,16,2,1,1,3,"155, AUBEPINES (CHEMINS",0.0,0.0
201300058391,27,12,2013,10,1,974,16,2,6,1,3,"SANS, LEBLOND(RUE M. ET",0.0,0.0
201300058392,27,12,2013,11,1,974,16,2,1,1,7,"149, ASSISES (CHEMIN DES",0.0,0.0
201300058393,27,12,2013,18,2,974,16,1,1,1,3,"SANS, ZONE (ALLEE DE LA)",0.0,0.0
201300058394,29,12,2013,7,1,974,16,2,1,1,6,"22, BANCOULE (CHEMIN)",0.0,0.0
201300058395,30,12,2013,9,1,974,16,1,1,1,5,RN1,0.0,0.0
201300058396,30,12,2013,15,1,974,16,2,3,1,3,"SANS, HUBERT DE LISLE(BO",0.0,0.0
201300058397,30,12,2013,16,1,974,16,1,1,1,2,RN3 (1),0.0,0.0